Name,Age
Filename , Cap V1 , Cap MM , Cap V2 , #Parking , #MM , Case , Total Distance , Execution time 
Diana,28
Edward,34
Paul,27
Paul,27
C101-10,600,600,100,16,10,objective_value,1.764923417
C101-10,600,600,100,16,10,252.11169410586584,1.76848625
C101-10,10000,600,100,16,10,f,252.11169410586584,1.810424458
C101-10,10000,600,100,16,10,f,252.11169410586584,1.774921416
C101-10,10000,600,100,16,10,f,252.11169410586584,1.825277
C101-10,10000,600,100,16,10,f,252.11169410586515,191.596586562
C101-10,10000,600,100,16,10,f,252.11169410586515,198.728242265
C101-10,10000,600,100,16,10,f,252.11169410586515,5.646580048
C101-10,10000,600,100,16,10,f,252.11169410586515,191.059961277
C101_50,10000,600,50,16,10,f,1094.486317491145,470.528729794
