Name,Age
Filename , Cap V1 , Cap MM , Cap V2 , #Parking , #MM , Case , Total Distance , Execution time 
Diana,28
Edward,34
Paul,27
Paul,27
C101-10,600,600,100,16,10,objective_value,1.764923417
C101-10,600,600,100,16,10,252.11169410586584,1.76848625
C101-10,10000,600,100,16,10,f,252.11169410586584,1.810424458
C101-10,10000,600,100,16,10,f,252.11169410586584,1.774921416
C101-10,10000,600,100,16,10,f,252.11169410586584,1.825277
