Version identifier: 22.1.1.0 | 2022-11-28 | 9160aff4d
CPXPARAM_TimeLimit                               3600
Tried aggregator 1 time.
MIP Presolve eliminated 268 rows and 128 columns.
MIP Presolve modified 4304 coefficients.
Reduced MIP has 4428 rows, 3042 columns, and 17092 nonzeros.
Reduced MIP has 1494 binaries, 1513 generals, 0 SOSs, and 0 indicators.
Presolve time = 0.00 sec. (11.24 ticks)
Probing time = 0.01 sec. (5.07 ticks)
Cover probing fixed 0 vars, tightened 35 bounds.
Tried aggregator 1 time.
Detecting symmetries...
Reduced MIP has 4428 rows, 3042 columns, and 17092 nonzeros.
Reduced MIP has 1494 binaries, 1513 generals, 0 SOSs, and 0 indicators.
Presolve time = 0.00 sec. (9.92 ticks)
Probing time = 0.00 sec. (4.90 ticks)
Cover probing fixed 0 vars, tightened 27 bounds.
Clique table members: 689.
MIP emphasis: balance optimality and feasibility.
MIP search method: dynamic search.
Parallel mode: deterministic, using up to 12 threads.
Root relaxation solution time = 0.04 sec. (87.37 ticks)

        Nodes                                         Cuts/
   Node  Left     Objective  IInf  Best Integer    Best Bound    ItCnt     Gap

      0     0      283.9587   158                    283.9587     1606         
      0     0      298.7421   223                   Cuts: 253     2055         
      0     0      305.7005   239                   Cuts: 156     2548         
      0     0      308.2020   250                   Cuts: 114     2820         
      0     0      310.6338   259                   Cuts: 100     2996         
      0     0      311.1349   262                    Cuts: 90     3133         
Detecting symmetries...
      0     0      311.7474   261                    Cuts: 49     3192         
      0     0      312.2106   258                    Cuts: 42     3258         
      0     0      312.7607   264                    Cuts: 50     3324         
      0     0      312.9393   266                    Cuts: 36     3367         
      0     0      313.0174   269                    Cuts: 23     3411         
      0     0      313.1295   263                    Cuts: 38     3463         
      0     0      313.1573   263                    Cuts: 18     3494         
      0     0      313.2484   266                    Cuts: 15     3519         
      0     0      313.3083   264                     Cuts: 8     3564         
      0     0      313.3857   263                     Cuts: 8     3622         
      0     0      313.4179   259                    Cuts: 31     3670         
*     0+    0                          629.1872      313.4179            50.19%
*     0+    0                          452.7404      313.4179            30.77%
      0     0  -1.00000e+75     0      452.7404      313.4179     3670   30.77%
Detecting symmetries...
      0     2      313.4179   259      452.7404      313.4179     3670   30.77%
Elapsed time = 1.03 sec. (2674.45 ticks, tree = 0.02 MB, solutions = 2)
      6     6      406.6872   219      452.7404      313.4231     5839   30.77%
*    25+    8                          450.4095      325.0502            27.83%
    124    99      408.8163   182      450.4095      361.9440    24260   19.64%
    239   189      418.3783   147      450.4095      361.9440    35797   19.64%
    442   330      431.7633   117      450.4095      361.9440    49871   19.64%
    609   462      414.9638   182      450.4095      361.9440    70492   19.64%
    784   587      385.6057   177      450.4095      362.6351    90595   19.49%
   1054   711      435.0769   162      450.4095      362.6351   100231   19.49%
   1457   955      437.9477   134      450.4095      362.8089   120678   19.45%
   1724  1381      395.2671   177      450.4095      362.8089   144289   19.45%
   3061  2506      403.9820   233      450.4095      370.2614   212152   17.79%
Elapsed time = 2.46 sec. (5808.62 ticks, tree = 14.94 MB, solutions = 4)

Performing restart 1

Repeating presolve.
Tried aggregator 1 time.
Reduced MIP has 4428 rows, 3042 columns, and 17092 nonzeros.
Reduced MIP has 1494 binaries, 1513 generals, 0 SOSs, and 0 indicators.
Presolve time = 0.00 sec. (7.22 ticks)
Tried aggregator 1 time.
Reduced MIP has 4428 rows, 3042 columns, and 17092 nonzeros.
Reduced MIP has 1494 binaries, 1513 generals, 0 SOSs, and 0 indicators.
Presolve time = 0.00 sec. (10.15 ticks)
Represolve time = 0.03 sec. (49.30 ticks)
   3920     0      323.4238   320      450.4095     Cuts: 183   275222   17.71%
   3920     0      326.2284   319      450.4095     Cuts: 156   275533   17.71%
   3920     0      328.1443   303      450.4095     Cuts: 148   275820   17.71%
*  3920+    0                          446.6446      370.6323            17.02%
   3920     0  -1.00000e+75     0      446.6446      370.6323   275820   17.02%
   3920     0      328.7926   317      446.6446      Cuts: 89   275985   17.02%
   3920     0      329.2383   330      446.6446      Cuts: 65   276156   17.02%
   3920     0      329.5927   330      446.6446     Cuts: 107   276271   17.02%
   3920     2      329.5927   330      446.6446      370.6323   276271   17.02%
   3925     5      395.1317   241      446.6446      370.6323   279709   17.02%
*  3942+    9                          446.3703      370.6323            16.97%
   3979    12      442.4438   193      446.3703      370.6323   287700   16.97%
   4285   180      434.4809   195      446.3703      371.1929   318814   16.84%
   4899   663      422.4842   144      446.3703      375.3832   349825   15.90%
   5863  1323      419.2009   133      446.3703      375.8235   377812   15.80%
   7097  2619      421.1091   149      446.3703      401.7793   412173    9.99%
   8357  3672      408.4021   174      446.3703      401.7793   434089    9.99%
   9749  5021      425.3656   137      446.3703      403.1668   471876    9.68%
  10969  6235      442.3857   115      446.3703      403.1668   508641    9.68%
Elapsed time = 8.54 sec. (21022.70 ticks, tree = 145.40 MB, solutions = 6)
  12095  7262      417.2600   175      446.3703      403.5823   543723    9.59%
  13118  8356      418.4869   172      446.3703      403.7999   589774    9.54%
  14279  9461      434.1247   146      446.3703      404.2994   632853    9.43%
  15632 10452      414.6336   161      446.3703      404.4737   664361    9.39%
  16718 11814      428.8160    99      446.3703      404.6823   702735    9.34%
  17939 12921      421.3470   174      446.3703      404.8843   738519    9.29%
  19112 13946      413.3368   182      446.3703      404.9221   771217    9.29%
  19504 14684      428.5864   180      446.3703      405.0656   805965    9.25%
  20312 15213      439.5217   178      446.3703      405.0752   832282    9.25%
  20952 15830      430.0379   192      446.3703      405.1811   874171    9.23%
Elapsed time = 12.42 sec. (30571.70 ticks, tree = 386.35 MB, solutions = 6)
  21862 16731      437.8611    98      446.3703      405.3334   920218    9.19%
  22472 17187      425.0111   178      446.3703      405.4421   942246    9.17%
  23299 17737      442.6513   160      446.3703      405.5032   970340    9.16%
  24559 19053      425.0544   169      446.3703      405.5121  1018102    9.15%
  25310 19647      441.1447   133      446.3703      405.6524  1044189    9.12%
  26180 20387      435.6856   161      446.3703      405.6780  1073903    9.12%
* 26437+20842                          442.8554      405.6780             8.39%
  27114 20886      429.3646   141      442.8554      405.7674  1115773    8.37%
  27700 21523      420.4192   213      442.8554      405.7674  1139095    8.37%
* 27766+20942                          439.9130      405.7674             7.76%
  28258 21892      427.0249   157      439.9130      405.8289  1159059    7.75%
* 28787+21377                          435.4167      405.9070             6.78%
  28876 21502      413.0990   188      435.4167      405.9853  1198469    6.76%
Elapsed time = 16.22 sec. (40133.69 ticks, tree = 477.60 MB, solutions = 9)
* 29264+19639                          434.5789      405.9955             6.58%
  29376 19610      422.8109   193      434.5789      405.9955  1236031    6.58%
  30198 19919      419.2878   196      434.5789      405.9957  1253130    6.58%
  31018 20592      427.6218   164      434.5789      406.0615  1286021    6.56%
  31728 21179      416.9892   223      434.5789      406.0979  1316212    6.55%
  32413 22118      429.6781   171      434.5789      406.1052  1361890    6.55%
  33209 22463      418.0446   217      434.5789      406.1596  1382516    6.54%
  34105 23830      430.6442   168      434.5789      406.2146  1447708    6.53%
  34991 24392      427.1774   162      434.5789      406.3084  1477169    6.51%
  35954 24879      423.1355   150      434.5789      406.3768  1508159    6.49%
  36859 26020      420.6160   173      434.5789      406.4246  1555828    6.48%
Elapsed time = 20.04 sec. (49680.79 ticks, tree = 588.93 MB, solutions = 10)
  37407 26592      431.8841   203      434.5789      406.4786  1581568    6.47%
  37812 27299      420.5357   196      434.5789      406.4969  1622674    6.46%
  38674 27437        cutoff            434.5789      406.5660  1635566    6.45%
  39710 28807      425.4821   132      434.5789      406.6675  1694628    6.42%
* 40016+28320                          434.3046      406.6935             6.36%
  40275 28846      426.5215   174      434.3046      406.6935  1698661    6.36%
  41163 29904      416.7812   185      434.3046      406.7617  1756625    6.34%
* 41738+30265                          433.8248      406.7617             6.24%
  41833 30555      418.6254   148      433.8248      406.7617  1784099    6.24%
* 41906+30265                          433.6593      406.7617             6.20%
  42317 30583        cutoff            433.6593      406.8295  1804055    6.19%
  43178 31297      417.5034   207      433.6593      406.8295  1845347    6.19%
  43697 31742      426.3114   208      433.6593      407.0100  1867441    6.15%
Elapsed time = 24.12 sec. (59233.92 ticks, tree = 752.11 MB, solutions = 13)
  44467 32226      413.1437   242      433.6593      407.0932  1895740    6.13%
  45371 32706      423.5663   156      433.6593      407.2180  1918386    6.10%
  46216 33679      420.5609   192      433.6593      407.2180  1970555    6.10%
  47110 34792      419.3956   191      433.6593      407.2753  2022491    6.08%
* 47495+34763                          432.6900      407.2753             5.87%
  47777 34481      428.5619   182      432.6900      407.2826  2055421    5.87%
  48411 34747      421.8652   211      432.6900      407.3649  2070858    5.85%
  49133 35344      424.7606   181      432.6900      407.3649  2111270    5.85%
  49934 35953      429.5167   192      432.6900      407.4320  2158332    5.84%
  50508 36465      418.3563   217      432.6900      407.4785  2182780    5.83%
  50901 37817      425.6463   183      432.6900      407.5498  2263752    5.81%
Elapsed time = 27.97 sec. (68782.46 ticks, tree = 934.99 MB, solutions = 14)
  51370 37850      425.4973   169      432.6900      407.5552  2268090    5.81%
* 51401+37708                          432.4474      407.5552             5.76%
  51985 37791      421.2525   191      432.4474      407.5853  2284210    5.75%
  52630 38249      421.0828   177      432.4474      407.6602  2311511    5.73%
  53571 38970      417.6844   193      432.4474      407.7104  2365865    5.72%
  54374 39186      427.8445   137      432.4474      407.7244  2374229    5.72%
  55167 40497      421.2645   166      432.4474      407.7325  2437713    5.72%
  55968 41688      418.2259   210      432.4474      407.7934  2498522    5.70%
  56787 42096      419.3040   204      432.4474      407.8063  2519353    5.70%
  57446 42142      422.3714   179      432.4474      407.8132  2522070    5.70%
  58174 43390      428.1315   215      432.4474      407.8531  2589715    5.69%
Elapsed time = 31.91 sec. (78334.84 ticks, tree = 1077.66 MB, solutions = 15)
  58984 44093      428.6199   148      432.4474      407.9226  2619195    5.67%
  59877 44422      420.8598   230      432.4474      407.9582  2638088    5.66%
  60713 44988      419.3395   202      432.4474      407.9582  2666361    5.66%
  61423 46272      418.2664   241      432.4474      407.9877  2723706    5.66%
  62259 46431      424.1240   165      432.4474      408.0465  2730826    5.64%
  62943 47389      423.4568   202      432.4474      408.0937  2782375    5.63%
* 63224+47419                          432.1740      408.1735             5.55%
  63477 47977      428.0396   170      432.1740      408.1735  2843271    5.55%
  63975 48287      428.4268   177      432.1740      408.2007  2861948    5.55%
  64504 48704      424.4258   190      432.1740      408.2183  2885896    5.54%
  65337 49495      428.1672   188      432.1740      408.2756  2951724    5.53%
Elapsed time = 36.04 sec. (87888.64 ticks, tree = 1245.39 MB, solutions = 16)
  65902 49811      424.9036   181      432.1740      408.2789  2972334    5.53%
  66332 50236      418.6055   213      432.1740      408.3470  2995860    5.51%
  66668 50373      431.8864   146      432.1740      408.3470  3002879    5.51%
  66968 51390      429.2494   184      432.1740      408.3796  3083593    5.51%
  67541 51424      416.7277   206      432.1740      408.3920  3083461    5.50%
  68111 51735      429.6483   151      432.1740      408.4645  3108354    5.49%
  68688 52712      430.0420   176      432.1740      408.5318  3187645    5.47%
  69213 53009      429.5495   159      432.1740      408.5533  3212915    5.47%
  69724 53262      425.9265   243      432.1740      408.6029  3227097    5.45%
  71921 55373      430.6438   155      432.1740      408.7463  3426645    5.42%
Elapsed time = 41.52 sec. (100300.90 ticks, tree = 1424.70 MB, solutions = 16)
  74486 57478      427.5586   181      432.1740      408.8929  3586227    5.39%
* 76379+58270                          431.1817      409.0540             5.13%
  76741 57010      426.3891   188      431.1817      409.0705  3717822    5.13%
  78516 58590      428.4893   187      431.1817      409.1868  3850188    5.10%
  81040 60064      423.7263   209      431.1817      409.3237  3958171    5.07%
  83723 62725      422.6209   233      431.1817      409.4705  4153676    5.04%
  86257 64629      422.3518   175      431.1817      409.6553  4276092    4.99%
  88270 67252      424.3803   179      431.1817      409.7889  4467652    4.96%
* 89699+67607                          431.0786      409.8404             4.93%
* 90454+68308                          430.9900      409.8580             4.90%
  90682 68522      427.9500   194      430.9900      409.8580  4626085    4.90%
* 91008+68663                          430.9605      409.8690             4.89%
* 91262+67915                          429.8358      409.8690             4.65%
  92867 65959      427.1405   149      429.8358      410.0171  4774879    4.61%
  94847 67120      421.1677   214      429.8358      410.1870  4876567    4.57%
Elapsed time = 58.63 sec. (138463.69 ticks, tree = 1862.04 MB, solutions = 21)
  96750 68875      423.0182   200      429.8358      410.2487  5048030    4.56%
  98824 70123      415.4991   215      429.8358      410.4026  5162189    4.52%
 101280 72233      427.8234   187      429.8358      410.5529  5358830    4.49%
 103250 74103      420.4821   172      429.8358      410.6466  5511895    4.46%
 105457 75717      426.2723   165      429.8358      410.7399  5667265    4.44%
 107109 77771      427.0900   190      429.8358      410.8633  5843587    4.41%
 109208 78730      423.0763   223      429.8358      410.9416  5943114    4.40%
 111385 81095        cutoff            429.8358      411.0968  6155488    4.36%
 113399 82562        cutoff            429.8358      411.2027  6299997    4.33%
 115245 83811      421.4681   211      429.8358      411.2902  6424079    4.31%
Elapsed time = 76.58 sec. (176629.93 ticks, tree = 2318.93 MB, solutions = 21)
Nodefile size = 264.04 MB (208.33 MB after compression)
 117012 85150      424.3693   184      429.8358      411.3499  6543666    4.30%
 119304 86730      427.4677   191      429.8358      411.4890  6709956    4.27%
 121013 89223      428.5459   197      429.8358      411.5980  6925910    4.24%
 122932 90059      428.8066   162      429.8358      411.6704  7018561    4.23%
*123635+90114                          429.7623      411.6955             4.20%
 125045 91767      420.7266   208      429.7623      411.7437  7193523    4.19%
 126702 93043      425.2127   206      429.7623      411.8715  7329471    4.16%
 128343 94504      424.8130   227      429.7623      411.9576  7500533    4.14%
 130234 95610      428.7506   209      429.7623      412.0386  7613136    4.12%
 132015 97565      425.2941   227      429.7623      412.1440  7839334    4.10%
 133679 98073      423.3936   209      429.7623      412.1967  7905287    4.09%
Elapsed time = 95.48 sec. (214790.85 ticks, tree = 2748.65 MB, solutions = 22)
Nodefile size = 696.16 MB (550.31 MB after compression)
 135394 99608      428.1422   234      429.7623      412.3001  8063152    4.06%
 137151 100980        cutoff            429.7623      412.3673  8221066    4.05%
 138891 102960      429.6847   118      429.7623      412.4551  8422469    4.03%
 140454 104263      426.0703   164      429.7623      412.5159  8593870    4.01%
 142388 104849      421.0201   213      429.7623      412.5748  8654815    4.00%
 144416 106765      428.2039   138      429.7623      412.6734  8853592    3.98%
 146473 107786        cutoff            429.7623      412.7430  8958191    3.96%
 148340 109743      428.0604   165      429.7623      412.8322  9143958    3.94%
 150047 111331      426.9437   177      429.7623      412.9069  9284405    3.92%
 151680 112745      427.9838   167      429.7623      412.9685  9439621    3.91%
Elapsed time = 114.60 sec. (252950.31 ticks, tree = 3172.76 MB, solutions = 22)
Nodefile size = 1118.80 MB (884.46 MB after compression)
 153575 113693      425.3532   208      429.7623      413.0314  9546402    3.89%
 155357 115966      426.0335   190      429.7623      413.1082  9770747    3.88%
 157061 117262      427.9820   161      429.7623      413.1740  9930303    3.86%
 158944 117909      426.3178   170      429.7623      413.2244 10000891    3.85%
 160605 119802      421.9751   220      429.7623      413.2960 10186992    3.83%
 162302 120828      425.1274   166      429.7623      413.3561 10329166    3.82%
 164139 122253      428.3036   153      429.7623      413.3998 10475624    3.81%
 165623 123566      425.4597   183      429.7623      413.4501 10600605    3.80%
 167363 125266        cutoff            429.7623      413.5026 10813833    3.78%
 169220 126513      422.5864   174      429.7623      413.5496 10954519    3.77%
Elapsed time = 134.06 sec. (291111.98 ticks, tree = 3613.38 MB, solutions = 22)
Nodefile size = 1560.91 MB (1235.45 MB after compression)
 170950 127875        cutoff            429.7623      413.5858 11097056    3.76%
 172659 129490      419.0782   199      429.7623      413.6730 11272296    3.74%
 174498 130096      428.7080   139      429.7623      413.7321 11341466    3.73%
 176371 132267      423.6734   174      429.7623      413.7751 11551156    3.72%
 178263 133722      428.2493   154      429.7623      413.8194 11702400    3.71%
 180134 134793      425.7158   205      429.7623      413.8645 11801850    3.70%
 181656 136725      424.6836   219      429.7623      413.9410 12014307    3.68%
 183351 137468      425.1043   192      429.7623      413.9814 12111945    3.67%
 185305 139498      428.9372   207      429.7623      414.0150 12302493    3.66%
 186968 140400      424.3174   186      429.7623      414.0707 12399493    3.65%
Elapsed time = 153.41 sec. (329287.57 ticks, tree = 4028.40 MB, solutions = 22)
Nodefile size = 1976.75 MB (1565.34 MB after compression)
 189199 141675      419.4724   207      429.7623      414.1482 12546257    3.63%
 191241 143736      424.5152   211      429.7623      414.1879 12712905    3.62%
 193082 145396      421.2302   223      429.7623      414.2425 12848175    3.61%
 195125 146465      424.2014   229      429.7623      414.2971 12973958    3.60%
 196995 148858      424.5196   185      429.7623      414.3382 13201547    3.59%
 198697 150219      422.0360   213      429.7623      414.3802 13324785    3.58%
 200649 151083      420.4272   187      429.7623      414.4303 13425440    3.57%
 202609 152958      421.0087   215      429.7623      414.4655 13588448    3.56%
 204297 154677      428.8365   167      429.7623      414.4932 13742902    3.55%
 205985 156101      427.1876   163      429.7623      414.5312 13897410    3.54%
Elapsed time = 172.88 sec. (367454.70 ticks, tree = 4555.11 MB, solutions = 22)
Nodefile size = 2503.77 MB (1985.19 MB after compression)
 207886 157265      427.9361   188      429.7623      414.5660 14025600    3.54%
 209631 158530      426.8059   172      429.7623      414.6219 14141072    3.52%
 211276 159765      426.2567   187      429.7623      414.6596 14260580    3.51%
 212951 161170      428.9241   180      429.7623      414.7113 14433178    3.50%
 214681 162583        cutoff            429.7623      414.7654 14590991    3.49%
 216228 163483      428.4494   149      429.7623      414.7994 14685523    3.48%
 218049 165222      424.6140   220      429.7623      414.8438 14881438    3.47%
 219802 165964      422.4641   172      429.7623      414.8675 14956190    3.47%
 221221 167577      425.4782   196      429.7623      414.9183 15117879    3.45%
 222942 168610      424.4603   162      429.7623      414.9618 15253565    3.44%
Elapsed time = 192.67 sec. (405625.89 ticks, tree = 4918.79 MB, solutions = 22)
Nodefile size = 2861.63 MB (2269.05 MB after compression)
 224877 169928      428.0790   199      429.7623      414.9985 15382459    3.44%
 226533 171335      427.6855   141      429.7623      415.0281 15501780    3.43%
 228080 173260      419.7115   238      429.7623      415.0438 15714945    3.42%
 229742 174745      425.3007   135      429.7623      415.0972 15871065    3.41%
*229946+174095                          429.1227      415.0988             3.27%
 231344 172262      424.1533   181      429.1227      415.1289 15978957    3.26%
 233300 172784      428.8136   143      429.1227      415.1660 16052896    3.25%
 235418 174238      427.7483   137      429.1227      415.1951 16209002    3.25%
 237228 176907      419.7819   163      429.1227      415.2355 16438736    3.24%
 238918 178138      427.1684   218      429.1227      415.2700 16567428    3.23%
*239182+178397                          429.0574      415.2789             3.21%
 240602 178749      426.3707   204      429.0574      415.3021 16684725    3.21%
Elapsed time = 212.80 sec. (443793.92 ticks, tree = 5255.74 MB, solutions = 24)
Nodefile size = 3200.56 MB (2540.42 MB after compression)
 242240 180154      427.5709   163      429.0574      415.3334 16843391    3.20%
 243571 181295        cutoff            429.0574      415.3672 16968453    3.19%
 245152 182558      427.7130   243      429.0574      415.4015 17114982    3.18%
 247041 183542      425.4156   190      429.0574      415.4284 17211385    3.18%
 248474 184756      422.9536   206      429.0574      415.4552 17335453    3.17%
 249952 185605      422.4542   242      429.0574      415.4876 17441156    3.16%
 251590 187653      427.1576   142      429.0574      415.5214 17692145    3.15%
 252894 188306        cutoff            429.0574      415.5597 17771088    3.15%
 254186 189549        cutoff            429.0574      415.5908 17955492    3.14%
 255825 190200      424.1131   220      429.0574      415.6229 18048658    3.13%
Elapsed time = 233.20 sec. (481966.58 ticks, tree = 5588.29 MB, solutions = 24)
Nodefile size = 3534.00 MB (2806.22 MB after compression)
 257210 191230      422.2331   195      429.0574      415.6528 18162876    3.12%
 258602 192088      426.6716   208      429.0574      415.6934 18270694    3.11%
 260120 193558      427.7985   207      429.0574      415.7465 18494531    3.10%
 261601 194432      422.0925   203      429.0574      415.7820 18615567    3.09%
 262892 195997      423.9747   190      429.0574      415.8197 18799622    3.09%
 264244 196782      422.2675   201      429.0574      415.8603 18916771    3.08%
 265855 197994      428.0046   212      429.0574      415.8870 19075883    3.07%
 267411 198986      427.9054   176      429.0574      415.9132 19216065    3.06%
 268664 199643      424.0230   164      429.0574      415.9483 19300101    3.06%
 270110 200990      419.7309   213      429.0574      415.9903 19515017    3.05%
Elapsed time = 253.64 sec. (520151.44 ticks, tree = 5934.98 MB, solutions = 24)
Nodefile size = 3882.98 MB (3086.70 MB after compression)
 271642 202344      425.9532   202      429.0574      416.0404 19669951    3.03%
 273024 202928      425.1240   195      429.0574      416.0678 19778552    3.03%
 274436 203822      426.4042   209      429.0574      416.0961 19890594    3.02%
 276013 204572      422.9077   168      429.0574      416.1295 19988532    3.01%
 277593 206277      420.1625   221      429.0574      416.1676 20175003    3.00%
 279061 206868      426.2600   165      429.0574      416.1967 20263168    3.00%
 280935 208175      421.6478   216      429.0574      416.2287 20438556    2.99%
 282162 209904      425.4754   192      429.0574      416.2605 20602288    2.98%
 283524 210987      428.9794   204      429.0574      416.2856 20740813    2.98%
 284818 211197      424.9926   167      429.0574      416.3246 20778946    2.97%
Elapsed time = 274.02 sec. (558327.17 ticks, tree = 6302.44 MB, solutions = 24)
Nodefile size = 4250.09 MB (3383.81 MB after compression)
 286351 212487      425.6434   181      429.0574      416.3528 21001221    2.96%
 288192 213307      423.7511   177      429.0574      416.3856 21088879    2.95%
 289754 215629      425.4984   188      429.0574      416.4145 21342985    2.95%
 291391 216235      424.2954   219      429.0574      416.4507 21426241    2.94%
 292911 217537      427.8020   209      429.0574      416.4769 21571621    2.93%
 294497 218556      428.5994   139      429.0574      416.5013 21695538    2.93%
 295961 219334      425.2468   195      429.0574      416.5245 21797684    2.92%
 297525 220750      428.9258   189      429.0574      416.5626 22025952    2.91%
 299231 221668      426.3243   147      429.0574      416.5890 22119547    2.91%
 300917 223370      428.4237   162      429.0574      416.6247 22309448    2.90%
Elapsed time = 294.52 sec. (596493.64 ticks, tree = 6713.89 MB, solutions = 24)
Nodefile size = 4661.27 MB (3715.20 MB after compression)
 302163 224128      424.9376   181      429.0574      416.6502 22399489    2.89%
 303388 224713      427.4435   200      429.0574      416.6851 22473804    2.88%
 304521 225667      425.0970   214      429.0574      416.7212 22639396    2.88%
 305923 226969      422.0038   196      429.0574      416.7411 22805077    2.87%
 307252 227887      428.6247   180      429.0574      416.7693 22939611    2.86%
 308683 228830      422.9146   193      429.0574      416.7947 23076766    2.86%
 310181 229740      426.8487   152      429.0574      416.8194 23178763    2.85%
 311515 230940      426.3572   216      429.0574      416.8449 23329088    2.85%
 312842 231606      428.9376   197      429.0574      416.8698 23403779    2.84%
 314389 232537      424.4292   200      429.0574      416.8929 23544872    2.84%
Elapsed time = 314.78 sec. (634665.26 ticks, tree = 7008.91 MB, solutions = 24)
Nodefile size = 4953.60 MB (3951.88 MB after compression)
 315739 234056      427.4216   190      429.0574      416.9246 23737355    2.83%
 317107 234742      421.7943   183      429.0574      416.9452 23853333    2.82%
 318374 235277      422.6943   182      429.0574      416.9742 23939401    2.82%
 319668 236478      424.1226   231      429.0574      417.0137 24134370    2.81%
 321212 237491      421.3780   238      429.0574      417.0436 24242406    2.80%
 322528 238281      428.2333   154      429.0574      417.0691 24343330    2.79%
 323939 239347      428.0256   165      429.0574      417.0801 24505146    2.79%
 325301 240328      428.7600   172      429.0574      417.1174 24658209    2.78%
 326669 241269      425.3814   190      429.0574      417.1374 24807122    2.78%
 327812 242290      425.2334   198      429.0574      417.1589 24934189    2.77%
Elapsed time = 335.34 sec. (672829.36 ticks, tree = 7322.86 MB, solutions = 24)
Nodefile size = 5270.01 MB (4206.73 MB after compression)
 328921 243175      421.7824   191      429.0574      417.1805 25072879    2.77%
 330621 243346      426.9086   208      429.0574      417.1978 25108977    2.76%
 332141 244617        cutoff            429.0574      417.2181 25294696    2.76%
 333612 245612      429.0486   184      429.0574      417.2382 25429210    2.75%
 334971 246781      421.6322   196      429.0574      417.2636 25581652    2.75%
 336265 247870      428.2281   200      429.0574      417.2954 25736989    2.74%
 337769 249400      424.4892   195      429.0574      417.3192 25915635    2.74%
 339329 250432      422.4738   183      429.0574      417.3382 26056760    2.73%
 340726 250944      423.7239   214      429.0574      417.3637 26110833    2.73%
 342285 251990      428.2331   199      429.0574      417.3837 26269378    2.72%
Elapsed time = 355.77 sec. (710994.99 ticks, tree = 7639.09 MB, solutions = 24)
Nodefile size = 5581.75 MB (4459.84 MB after compression)
 343928 253155      425.6688   175      429.0574      417.4069 26446287    2.72%
 345375 254144      427.2550   214      429.0574      417.4271 26553739    2.71%
 346484 255071      425.0142   210      429.0574      417.4488 26661158    2.71%
 347916 255740      426.5264   176      429.0574      417.4784 26781928    2.70%
 349229 257170      428.9076   160      429.0574      417.4963 27002507    2.69%
 350628 257641      423.8689   194      429.0574      417.5176 27067541    2.69%
 352050 258500      425.5275   136      429.0574      417.5398 27164573    2.68%
 353428 259753      425.7923   179      429.0574      417.5651 27326526    2.68%
 354832 260806      420.4235   216      429.0574      417.5860 27481771    2.67%
 356337 261659      425.8085   159      429.0574      417.6036 27607720    2.67%
Elapsed time = 376.09 sec. (749174.93 ticks, tree = 7956.90 MB, solutions = 24)
Nodefile size = 5902.11 MB (4717.76 MB after compression)
 357775 263029      426.9392   204      429.0574      417.6229 27778977    2.67%
 359041 263829      425.8252   186      429.0574      417.6409 27896884    2.66%
 360446 264676      426.1233   188      429.0574      417.6627 28039449    2.66%
 361823 265530      426.7981   216      429.0574      417.6845 28161543    2.65%
 363541 266069      428.3576   190      429.0574      417.7135 28240829    2.64%
 364806 267645      424.7530   153      429.0574      417.7267 28435837    2.64%
 366158 268677      428.4408   200      429.0574      417.7474 28610718    2.64%
 367623 269355      428.2203   202      429.0574      417.7697 28715765    2.63%
 369065 270300        cutoff            429.0574      417.7923 28831973    2.63%
 370470 271616        cutoff            429.0574      417.8141 29017538    2.62%
Elapsed time = 396.47 sec. (787341.29 ticks, tree = 8315.98 MB, solutions = 24)
Nodefile size = 6263.14 MB (5012.20 MB after compression)
 371645 272359      423.7680   212      429.0574      417.8349 29112692    2.62%
 372814 273360      423.2108   210      429.0574      417.8540 29249823    2.61%
 374342 273903      425.9978   218      429.0574      417.8680 29338692    2.61%
 375857 275241      427.0361   191      429.0574      417.8874 29495008    2.60%
 377077 275654      425.4303   203      429.0574      417.9010 29553852    2.60%
 378227 276910      428.6246   185      429.0574      417.9139 29755935    2.60%
 379438 277738      427.5309   213      429.0574      417.9308 29901643    2.59%
 380760 278517      421.4179   249      429.0574      417.9442 30012939    2.59%
 381975 278938      426.7691   200      429.0574      417.9574 30072131    2.59%
 383320 280349      427.1036   230      429.0574      417.9738 30310536    2.58%
Elapsed time = 416.50 sec. (825524.58 ticks, tree = 8573.54 MB, solutions = 24)
Nodefile size = 6520.41 MB (5219.67 MB after compression)
 384889 281591      424.7458   212      429.0574      417.9913 30473086    2.58%
 386416 282631      428.5555   213      429.0574      418.0034 30590787    2.58%
 387764 282921        cutoff            429.0574      418.0217 30637804    2.57%
 388729 283784      424.4850   214      429.0574      418.0339 30756709    2.57%
 390153 284772        cutoff            429.0574      418.0567 30948489    2.56%
 391661 285115      427.5432   198      429.0574      418.0714 31006250    2.56%
 393172 286533      424.3476   214      429.0574      418.0913 31181674    2.56%
 394351 288173      423.6509   242      429.0574      418.1086 31389222    2.55%
 395446 288818      424.1144   228      429.0574      418.1278 31511482    2.55%
 396709 289697      423.1479   183      429.0574      418.1455 31659551    2.54%
Elapsed time = 437.12 sec. (863693.12 ticks, tree = 8911.47 MB, solutions = 24)
Nodefile size = 6857.94 MB (5496.11 MB after compression)
 398081 289972        cutoff            429.0574      418.1552 31694473    2.54%
 399293 291236      425.0216   226      429.0574      418.1692 31871550    2.54%
 400332 291748      423.9844   200      429.0574      418.1822 31951954    2.53%
 401451 292233      427.3824   177      429.0574      418.2014 32039544    2.53%
 402852 293659        cutoff            429.0574      418.2210 32283615    2.53%
 404225 294719      422.2413   184      429.0574      418.2422 32419806    2.52%
 405799 294798      424.6458   226      429.0574      418.2569 32428757    2.52%
 406926 296288      427.5056   215      429.0574      418.2687 32608728    2.51%
 408220 297043        cutoff            429.0574      418.2845 32757410    2.51%
 409737 297896      427.2944   212      429.0574      418.3097 32874938    2.50%
Elapsed time = 457.55 sec. (901878.77 ticks, tree = 9203.98 MB, solutions = 24)
Nodefile size = 7148.20 MB (5734.88 MB after compression)
 411266 299108      422.6471   205      429.0574      418.3244 33023311    2.50%
 412676 300417      422.7867   198      429.0574      418.3404 33177682    2.50%
 413882 300888      425.4594   188      429.0574      418.3535 33248783    2.49%
 415217 301622      423.5866   222      429.0574      418.3668 33384166    2.49%
 416527 302276        cutoff            429.0574      418.3907 33492191    2.49%
 417841 303984      425.5957   219      429.0574      418.4090 33753463    2.48%
 419031 304882      422.8797   202      429.0574      418.4286 33879703    2.48%
 420183 305040      423.3417   233      429.0574      418.4436 33902703    2.47%
 421433 305988      428.5541   173      429.0574      418.4623 34044645    2.47%
 422908 306377      426.7903   137      429.0574      418.4809 34124979    2.47%
Elapsed time = 477.95 sec. (940052.17 ticks, tree = 9476.15 MB, solutions = 24)
Nodefile size = 7417.11 MB (5952.34 MB after compression)
 424279 308211      424.8330   188      429.0574      418.4891 34385794    2.46%
 425509 308717      428.5402   205      429.0574      418.5050 34443753    2.46%
 426740 309981      427.1806   210      429.0574      418.5219 34667368    2.46%
 428050 310691      424.9959   220      429.0574      418.5395 34797287    2.45%
 429675 310945      426.7220   222      429.0574      418.5505 34822624    2.45%
 431113 312526      424.5462   186      429.0574      418.5629 35015040    2.45%
 432280 313238      423.2955   218      429.0574      418.5795 35105051    2.44%
 433473 314846      427.7323   210      429.0574      418.5960 35354106    2.44%
 434865 315054        cutoff            429.0574      418.6101 35402232    2.43%
 436419 315840        cutoff            429.0574      418.6267 35518592    2.43%
Elapsed time = 498.54 sec. (978232.83 ticks, tree = 9815.37 MB, solutions = 24)
Nodefile size = 7759.09 MB (6230.21 MB after compression)
 437985 316674      427.1266   202      429.0574      418.6384 35634492    2.43%
 439392 317794      424.9434   178      429.0574      418.6605 35766259    2.42%
 440766 319602      423.2537   162      429.0574      418.6796 36022408    2.42%
 442200 320063      425.1373   212      429.0574      418.6931 36081431    2.42%
 443682 321282      425.9197   232      429.0574      418.7089 36237680    2.41%
 445066 321970      426.4353   187      429.0574      418.7236 36333961    2.41%
 446125 322780      427.0375   188      429.0574      418.7422 36432012    2.40%
 447299 324210      426.3949   207      429.0574      418.7559 36663889    2.40%
 448577 324571      428.3693   126      429.0574      418.7734 36741072    2.40%
 449852 325704      426.4365   214      429.0574      418.7886 36889739    2.39%
Elapsed time = 519.08 sec. (1016403.64 ticks, tree = 10171.92 MB, solutions = 24)
Nodefile size = 8118.45 MB (6523.77 MB after compression)
 451363 326290      428.9862   184      429.0574      418.8018 36965353    2.39%
 452716 327307      426.6629   226      429.0574      418.8173 37085342    2.39%
 454013 327743      425.2570   183      429.0574      418.8337 37134585    2.38%
 455173 328556      422.9929   208      429.0574      418.8489 37267784    2.38%
 456509 329849      428.7152   142      429.0574      418.8630 37472089    2.38%
 457729 330496        cutoff            429.0574      418.8822 37555303    2.37%
 459033 331595      428.5828   222      429.0574      418.8975 37709586    2.37%
 460341 332059      428.1192   176      429.0574      418.9066 37776479    2.37%
 461641 333160      428.5559   165      429.0574      418.9146 37973615    2.36%
 463076 334395      428.3570   224      429.0574      418.9299 38167937    2.36%
Elapsed time = 539.86 sec. (1054582.23 ticks, tree = 10461.58 MB, solutions = 24)
Nodefile size = 8407.50 MB (6759.33 MB after compression)
 464356 335052      428.0767   200      429.0574      418.9463 38252741    2.36%
 465519 336010      425.1525   221      429.0574      418.9575 38379384    2.35%
 466777 336701      428.4660   168      429.0574      418.9696 38497530    2.35%
 467932 337561      427.5479   224      429.0574      418.9840 38646468    2.35%
 469096 338610      426.0178   158      429.0574      419.0003 38861088    2.34%
 470169 338511      421.6455   242      429.0574      419.0144 38846961    2.34%
 471082 339405      427.5396   188      429.0574      419.0264 38998040    2.34%
 472110 340281      427.6145   193      429.0574      419.0428 39146380    2.33%
 472977 340856      426.3896   121      429.0574      419.0655 39307996    2.33%
 473965 341376        cutoff            429.0574      419.0788 39438156    2.33%
Elapsed time = 560.26 sec. (1092774.42 ticks, tree = 10710.52 MB, solutions = 24)
Nodefile size = 8656.75 MB (6964.24 MB after compression)
 475075 341266      427.9531   177      429.0574      419.0906 39406557    2.32%
 476197 342122        cutoff            429.0574      419.1002 39581736    2.32%
 477146 342741      427.2821   178      429.0574      419.1136 39676728    2.32%
 478069 343610      427.1680   221      429.0574      419.1276 39889663    2.31%
 479487 344261      427.3983   205      429.0574      419.1427 40018544    2.31%
 480585 344712      427.6149   187      429.0574      419.1548 40091556    2.31%
 481755 345550      425.3236   216      429.0574      419.1677 40207733    2.30%
 482757 346334        cutoff            429.0574      419.1795 40348321    2.30%
 483766 346530      428.5140   167      429.0574      419.1915 40385309    2.30%
 484891 347027        cutoff            429.0574      419.2056 40499872    2.30%
Elapsed time = 580.92 sec. (1130979.75 ticks, tree = 10932.97 MB, solutions = 24)
Nodefile size = 8879.89 MB (7148.58 MB after compression)
 486195 348542        cutoff            429.0574      419.2180 40779675    2.29%
 487460 348952      423.1773   200      429.0574      419.2277 40850452    2.29%
 488610 349662      428.2760   197      429.0574      419.2382 40964008    2.29%
 489592 349989      425.3213   231      429.0574      419.2531 41006502    2.29%
 490735 351115      425.6915   215      429.0574      419.2598 41224352    2.28%
 491877 351661      424.2397   211      429.0574      419.2797 41314304    2.28%
 493104 352010      428.6640   183      429.0574      419.2896 41387676    2.28%
 494282 353557      421.8415   257      429.0574      419.3022 41624579    2.27%
 495259 353777      426.0280   177      429.0574      419.3113 41662809    2.27%
 496079 354332      426.8134   223      429.0574      419.3225 41785597    2.27%
Elapsed time = 601.58 sec. (1169154.09 ticks, tree = 11209.48 MB, solutions = 24)
Nodefile size = 9156.54 MB (7376.23 MB after compression)
 497083 355014      425.9732   147      429.0574      419.3330 41931840    2.27%
 498385 355433      425.9340   215      429.0574      419.3455 42046978    2.26%
 499496 356491      428.3785   235      429.0574      419.3597 42188584    2.26%
 500608 356940      425.9724   224      429.0574      419.3655 42263493    2.26%
 501419 357958      422.7997   180      429.0574      419.3811 42473699    2.26%
 502252 357999      424.2433   253      429.0574      419.3865 42485150    2.25%
 503348 358427        cutoff            429.0574      419.3979 42600259    2.25%
 504345 359309        cutoff            429.0574      419.4160 42780845    2.25%
 505471 359419        cutoff            429.0574      419.4248 42807500    2.25%
 506383 360403      427.3391   206      429.0574      419.4345 42984593    2.24%
Elapsed time = 622.29 sec. (1207326.17 ticks, tree = 11434.78 MB, solutions = 24)
Nodefile size = 9381.27 MB (7560.84 MB after compression)
 507320 360885      426.2476   220      429.0574      419.4437 43074759    2.24%
 508453 361837      425.4128   220      429.0574      419.4588 43286376    2.24%
 509579 362278        cutoff            429.0574      419.4661 43385320    2.24%
 510711 362902      426.7409   160      429.0574      419.4758 43492859    2.23%
 511847 363261        cutoff            429.0574      419.4855 43547698    2.23%
 512861 363591      427.9978   247      429.0574      419.4913 43607243    2.23%
 513684 364812      424.6248   249      429.0574      419.5016 43827097    2.23%
 514692 365094      422.6057   197      429.0574      419.5146 43900414    2.22%
 516017 366036      421.4547   219      429.0574      419.5261 44084144    2.22%
 517146 367068      426.5093   245      429.0574      419.5366 44249523    2.22%
Elapsed time = 643.06 sec. (1245548.23 ticks, tree = 11669.27 MB, solutions = 24)
Nodefile size = 9616.03 MB (7753.65 MB after compression)
 518344 367431      420.9093   219      429.0574      419.5438 44307952    2.22%
 519378 368344      428.2494   195      429.0574      419.5527 44451377    2.22%
 520397 368939      428.9246   136      429.0574      419.5603 44566591    2.21%
 521388 369110      428.3158   138      429.0574      419.5726 44590916    2.21%
 522348 369925        cutoff            429.0574      419.5911 44772619    2.21%
 523306 370631        cutoff            429.0574      419.5957 44912800    2.21%
 524346 370648      425.8879   176      429.0574      419.6028 44904530    2.20%
 525343 371671      424.3555   249      429.0574      419.6174 45092519    2.20%
 526359 372400        cutoff            429.0574      419.6247 45263366    2.20%
 527448 372294      428.7109   182      429.0574      419.6348 45228143    2.20%
Elapsed time = 663.41 sec. (1283736.43 ticks, tree = 11852.90 MB, solutions = 24)
Nodefile size = 9798.94 MB (7904.83 MB after compression)
 528460 373371        cutoff            429.0574      419.6457 45449967    2.19%
 529579 373962        cutoff            429.0574      419.6530 45531711    2.19%
 530707 374869      427.1830   177      429.0574      419.6608 45706189    2.19%
 531841 375357        cutoff            429.0574      419.6737 45782088    2.19%
 532821 375435      426.2542   215      429.0574      419.6813 45793243    2.19%
 533891 376070      427.0692   184      429.0574      419.6882 45927128    2.18%
 535045 377547      427.0293   201      429.0574      419.7003 46210040    2.18%
 536185 377890      423.8691   201      429.0574      419.7088 46292536    2.18%
 537253 377908      428.7707   154      429.0574      419.7199 46288998    2.18%
 538261 379375      426.2016   117      429.0574      419.7335 46550530    2.17%
Elapsed time = 684.33 sec. (1321905.49 ticks, tree = 12118.61 MB, solutions = 24)
Nodefile size = 10064.90 MB (8124.73 MB after compression)
 539222 379796        cutoff            429.0574      419.7428 46675999    2.17%
 540367 379879      425.2703   185      429.0574      419.7530 46684591    2.17%
 541331 380936      426.6223   258      429.0574      419.7687 46869265    2.16%
 542397 381105      428.7790   166      429.0574      419.7764 46916495    2.16%
 543376 382068      423.8545   189      429.0574      419.7859 47073749    2.16%
 544343 383120      426.0078   165      429.0574      419.8018 47270704    2.16%
 545279 383360      427.4290   242      429.0574      419.8106 47368798    2.16%
 546226 383680      426.8752   226      429.0574      419.8205 47438353    2.15%
 547238 383981      423.3200   246      429.0574      419.8349 47515831    2.15%
 548224 385034        cutoff            429.0574      419.8421 47683853    2.15%
Elapsed time = 705.15 sec. (1360106.29 ticks, tree = 12312.60 MB, solutions = 24)
Nodefile size = 10258.15 MB (8283.90 MB after compression)
 549155 385630      425.8063   212      429.0574      419.8529 47801886    2.15%
 549984 386215      425.4181   221      429.0574      419.8661 47928306    2.14%
 550868 386135      426.3791   157      429.0574      419.8733 47888362    2.14%
 551680 387234      425.4610   234      429.0574      419.8832 48127273    2.14%
 552726 387290      425.9630   191      429.0574      419.9012 48160095    2.13%
 553722 387700      423.4013   185      429.0574      419.9075 48218496    2.13%
 554586 388510      426.6715   172      429.0574      419.9164 48401531    2.13%
 555417 388890      427.0063   203      429.0574      419.9234 48483193    2.13%
 556307 389366      428.4818   135      429.0574      419.9297 48610842    2.13%
 557353 389674      428.9911   148      429.0574      419.9418 48691072    2.12%
Elapsed time = 726.10 sec. (1398285.56 ticks, tree = 12471.88 MB, solutions = 24)
Nodefile size = 10414.57 MB (8413.86 MB after compression)
 558372 390117      425.7854   223      429.0574      419.9513 48813583    2.12%
 559313 391261        cutoff            429.0574      419.9635 49046792    2.12%
 560239 391508      421.3303   213      429.0574      419.9778 49097246    2.12%
 561296 391895      423.5949   216      429.0574      419.9830 49186126    2.11%
 562321 392945      427.2111   186      429.0574      419.9910 49399791    2.11%
 563393 393170        cutoff            429.0574      420.0066 49453136    2.11%
 564439 393850      423.8588   211      429.0574      420.0124 49590838    2.11%
 565449 394473      427.5528   232      429.0574      420.0213 49667687    2.11%
 566425 395125      425.2186   181      429.0574      420.0315 49801370    2.10%
 567288 395360        cutoff            429.0574      420.0370 49838640    2.10%
Elapsed time = 747.70 sec. (1436480.96 ticks, tree = 12683.42 MB, solutions = 24)
Nodefile size = 10629.88 MB (8592.05 MB after compression)
 568114 396497      428.3564   210      429.0574      420.0492 50102807    2.10%
 569035 396549      427.8801   211      429.0574      420.0573 50111561    2.10%
 569933 397236        cutoff            429.0574      420.0660 50270084    2.10%
 570945 397892      425.6675   182      429.0574      420.0783 50385016    2.09%
 571955 398221      428.5040   198      429.0574      420.0842 50450494    2.09%
 572941 398638      426.1107   230      429.0574      420.0930 50532038    2.09%
 573690 399449        cutoff            429.0574      420.1006 50706823    2.09%
 574525 399895      428.2114   206      429.0574      420.1071 50808911    2.09%
 575554 400336      428.1863   126      429.0574      420.1204 50951097    2.08%
 576626 400999      428.1600   126      429.0574      420.1251 51062854    2.08%
Elapsed time = 769.37 sec. (1474650.13 ticks, tree = 12883.46 MB, solutions = 24)
Nodefile size = 10827.91 MB (8756.70 MB after compression)
 577630 401542        cutoff            429.0574      420.1339 51149189    2.08%
 578505 401821      424.2143   218      429.0574      420.1421 51207887    2.08%
 579420 402595      428.4266   166      429.0574      420.1477 51326614    2.08%
 580213 403213      428.2525   184      429.0574      420.1593 51490052    2.07%
 581088 403623      427.6260   177      429.0574      420.1694 51621466    2.07%
 582011 403645      422.9573   243      429.0574      420.1744 51629425    2.07%
 582922 404892      428.2654   197      429.0574      420.1887 51877364    2.07%
 583923 404431      425.6419   185      429.0574      420.1920 51779299    2.07%
 584767 405814      426.4481   212      429.0574      420.2019 52059606    2.06%
 585683 406195      424.1882   251      429.0574      420.2109 52144357    2.06%
Elapsed time = 790.77 sec. (1512833.73 ticks, tree = 13109.70 MB, solutions = 24)
Nodefile size = 11055.85 MB (8948.16 MB after compression)
 586505 406584      428.1716   251      429.0574      420.2174 52234923    2.06%
 587369 406895        cutoff            429.0574      420.2321 52303277    2.06%
 588392 407448      428.2253   195      429.0574      420.2372 52430537    2.06%
 589390 407982      425.7049   254      429.0574      420.2461 52520719    2.05%
 590485 408503      425.6281   213      429.0574      420.2545 52610773    2.05%
 591471 408715      424.9854   238      429.0574      420.2584 52644759    2.05%
 592354 409760        cutoff            429.0574      420.2661 52842375    2.05%
 593321 410678      427.4423   198      429.0574      420.2698 53050278    2.05%
 594325 410660      425.6332   207      429.0574      420.2788 53042131    2.05%
 595190 411614      423.9671   195      429.0574      420.2891 53222090    2.04%
Elapsed time = 812.19 sec. (1551017.76 ticks, tree = 13278.60 MB, solutions = 24)
Nodefile size = 11222.95 MB (9085.02 MB after compression)
 596324 411849      424.7032   241      429.0574      420.2940 53260445    2.04%
 597258 412886      428.6627   138      429.0574      420.3022 53482140    2.04%
 598018 413315        cutoff            429.0574      420.3057 53556361    2.04%
 599047 413601      427.7257   211      429.0574      420.3162 53626996    2.04%
 600000 414459      426.7867   245      429.0574      420.3256 53842566    2.04%
 601035 414366      427.7679   201      429.0574      420.3302 53837920    2.03%
 602001 415526      428.9642   215      429.0574      420.3404 54026638    2.03%
 602871 416296      425.1698   214      429.0574      420.3434 54165048    2.03%
 603675 416931      427.6344   220      429.0574      420.3535 54315054    2.03%
 604499 416982      422.8658   192      429.0574      420.3579 54324312    2.03%
Elapsed time = 833.86 sec. (1589230.48 ticks, tree = 13521.07 MB, solutions = 24)
Nodefile size = 11467.31 MB (9290.12 MB after compression)
 605299 417190      427.4694   218      429.0574      420.3655 54377044    2.03%
 606128 418413      426.7102   210      429.0574      420.3769 54649580    2.02%
 606997 418440      428.1862   210      429.0574      420.3807 54658798    2.02%
 607893 419032      426.8313   116      429.0574      420.3922 54733089    2.02%
 608796 419813      426.2486   162      429.0574      420.3985 54903112    2.02%
 609580 419849      425.4656   259      429.0574      420.4046 54912952    2.02%
 610373 420327        cutoff            429.0574      420.4112 55006733    2.02%
 611273 420663      424.9814   238      429.0574      420.4144 55101658    2.01%
 612302 421694      428.2681   196      429.0574      420.4220 55339408    2.01%
 613342 421644      428.9470   145      429.0574      420.4259 55332731    2.01%
Elapsed time = 855.22 sec. (1627427.01 ticks, tree = 13642.33 MB, solutions = 24)
Nodefile size = 11583.33 MB (9385.32 MB after compression)
 614316 422841      426.7283   211      429.0574      420.4349 55531596    2.01%
 615224 423455      423.0172   234      429.0574      420.4428 55649531    2.01%
 616081 423872        cutoff            429.0574      420.4467 55732724    2.01%
 616789 424450      422.4566   261      429.0574      420.4562 55913711    2.00%
 617525 424233      421.3979   238      429.0574      420.4593 55854120    2.00%
 618390 424845        cutoff            429.0574      420.4696 56024384    2.00%
 619200 425026      426.8751   214      429.0574      420.4733 56079348    2.00%
 619983 425647        cutoff            429.0574      420.4851 56191959    2.00%
 620786 426409        cutoff            429.0574      420.4969 56375872    2.00%
 621541 426738      426.7764   194      429.0574      420.5019 56438756    1.99%
Elapsed time = 877.39 sec. (1665601.58 ticks, tree = 13891.56 MB, solutions = 24)
Nodefile size = 11838.14 MB (9599.30 MB after compression)
 622211 426988      428.8761   231      429.0574      420.5117 56513851    1.99%
 622970 427636        cutoff            429.0574      420.5148 56688383    1.99%
 623798 428079      425.9106   164      429.0574      420.5235 56789923    1.99%
 624768 428112      428.8205   169      429.0574      420.5278 56782113    1.99%
 625588 429142        cutoff            429.0574      420.5408 57025184    1.98%
 626411 429597      427.9985   235      429.0574      420.5457 57119496    1.98%
 627144 429689        cutoff            429.0574      420.5519 57142638    1.98%
 627931 430165        cutoff            429.0574      420.5573 57275826    1.98%
 628651 430162      425.1675   202      429.0574      420.5635 57269394    1.98%
 629432 431330      424.9996   219      429.0574      420.5726 57572248    1.98%
Elapsed time = 900.10 sec. (1703814.04 ticks, tree = 14028.77 MB, solutions = 24)
Nodefile size = 11972.48 MB (9710.00 MB after compression)
 630206 431383      426.8069   201      429.0574      420.5760 57580890    1.98%
 630961 431770      422.0398   242      429.0574      420.5897 57683040    1.97%
 631697 432238      429.0133   216      429.0574      420.5914 57775253    1.97%
 632367 432644        cutoff            429.0574      420.5999 57891050    1.97%
 632963 432660      426.4835   198      429.0574      420.6043 57887372    1.97%
 633492 433283        cutoff            429.0574      420.6137 58084447    1.97%
 634297 433794      425.8706   229      429.0574      420.6213 58232939    1.97%
 635228 433699      425.7641   197      429.0574      420.6274 58199767    1.96%
 636073 434158      423.5438   236      429.0574      420.6359 58322113    1.96%
 636690 434773      426.6726   232      429.0574      420.6378 58423905    1.96%
Elapsed time = 922.43 sec. (1742006.53 ticks, tree = 14190.69 MB, solutions = 24)
Nodefile size = 12136.70 MB (9848.50 MB after compression)
 637364 435205      426.8637   233      429.0574      420.6449 58510133    1.96%
 638019 435327      425.8371   228      429.0574      420.6477 58565588    1.96%
 638755 436188        cutoff            429.0574      420.6555 58838962    1.96%
 639585 436411      428.9259   136      429.0574      420.6607 58886578    1.96%
 640342 436643      426.9116   166      429.0574      420.6692 58946235    1.96%
 641057 437561      427.3064   158      429.0574      420.6745 59124785    1.95%
 641749 437582      427.8198   200      429.0574      420.6795 59133180    1.95%
 642298 437862      427.0081   233      429.0574      420.6853 59216436    1.95%
 643044 438239      422.3444   219      429.0574      420.6895 59288895    1.95%
 643772 438575      426.2490   233      429.0574      420.6965 59437070    1.95%
Elapsed time = 944.62 sec. (1780209.04 ticks, tree = 14348.53 MB, solutions = 24)
Nodefile size = 12292.18 MB (9979.96 MB after compression)
 644569 438661        cutoff            429.0574      420.7017 59457901    1.95%
 645283 439147      426.7159   199      429.0574      420.7090 59590451    1.95%
 646015 439901        cutoff            429.0574      420.7126 59753287    1.94%
 646730 440117        cutoff            429.0574      420.7200 59807771    1.94%
 647420 440461      425.8342   239      429.0574      420.7234 59897419    1.94%
 648067 441162      426.5691   236      429.0574      420.7312 60093548    1.94%
 648775 441022      426.7962   211      429.0574      420.7361 60040548    1.94%
 649472 441763        cutoff            429.0574      420.7428 60283544    1.94%
 650292 441742      426.5484   161      429.0574      420.7463 60257411    1.94%
 651186 442315      426.7665   228      429.0574      420.7539 60440890    1.94%
Elapsed time = 968.08 sec. (1818430.97 ticks, tree = 14494.61 MB, solutions = 24)
Nodefile size = 12440.11 MB (10103.94 MB after compression)
 651892 442476      424.1406   220      429.0574      420.7611 60477597    1.93%
 652568 443340        cutoff            429.0574      420.7659 60661926    1.93%
 653273 443600      425.0785   249      429.0574      420.7713 60766329    1.93%
 653974 443800      424.5117   239      429.0574      420.7761 60824984    1.93%
 654850 444201      425.6355   192      429.0574      420.7839 60967125    1.93%
 655633 444364      421.7538   184      429.0574      420.7885 61008905    1.93%
 656397 444849      424.0809   178      429.0574      420.7898 61143118    1.93%
 657089 445080        cutoff            429.0574      420.8016 61177094    1.92%
 657720 445996      427.5724   198      429.0574      420.8090 61407598    1.92%
 658284 445804      428.7572   178      429.0574      420.8119 61361538    1.92%
Elapsed time = 990.78 sec. (1856627.10 ticks, tree = 14666.74 MB, solutions = 24)
Nodefile size = 12612.69 MB (10250.74 MB after compression)
 658838 446340      427.8323   212      429.0574      420.8198 61531721    1.92%
 659566 446706      428.5512   246      429.0574      420.8241 61707425    1.92%
 660243 446791      425.8209   235      429.0574      420.8327 61768012    1.92%
 661031 447346      427.5859   201      429.0574      420.8379 61899264    1.92%
 661777 447877        cutoff            429.0574      420.8459 61998385    1.91%
 662531 447998      423.9633   197      429.0574      420.8508 62017109    1.91%
 663188 448486      423.8809   218      429.0574      420.8568 62140683    1.91%
 663737 448526      427.7520   188      429.0574      420.8623 62150252    1.91%
 664308 449184      425.6942   239      429.0574      420.8696 62336798    1.91%
 664975 449355      427.9148   200      429.0574      420.8762 62441417    1.91%
Elapsed time = 1013.22 sec. (1894816.47 ticks, tree = 14813.10 MB, solutions = 24)
Nodefile size = 12759.68 MB (10375.71 MB after compression)
 665696 449451      422.2233   232      429.0574      420.8806 62466471    1.91%
 666440 449932        cutoff            429.0574      420.8853 62600184    1.90%
 667230 449949      427.0039   240      429.0574      420.8902 62624006    1.90%
 667900 450630      428.0972   209      429.0574      420.8947 62778406    1.90%
 668556 450933      428.6796   206      429.0574      420.8988 62859362    1.90%
 669137 451601      426.0630   228      429.0574      420.9027 63032772    1.90%
 669712 452007      426.0768   205      429.0574      420.9092 63152420    1.90%
 670395 452148      427.3295   199      429.0574      420.9166 63204243    1.90%
 671096 452510      425.6362   189      429.0574      420.9218 63351639    1.90%
 671861 452817      426.7670   132      429.0574      420.9272 63450969    1.89%
Elapsed time = 1037.07 sec. (1933010.41 ticks, tree = 14959.71 MB, solutions = 24)
Nodefile size = 12904.73 MB (10497.41 MB after compression)
 672653 452852        cutoff            429.0574      420.9317 63458645    1.89%
 673346 453535      427.3731   175      429.0574      420.9369 63599745    1.89%
 673979 453966      426.0766   251      429.0574      420.9398 63726358    1.89%
 674726 454436        cutoff            429.0574      420.9447 63854009    1.89%
 675437 454167        cutoff            429.0574      420.9506 63777724    1.89%
 676206 455085      426.0649   202      429.0574      420.9594 64027709    1.89%
 677011 455032      428.8013   171      429.0574      420.9639 63992229    1.89%
 677747 455853        cutoff            429.0574      420.9703 64190199    1.88%
 678426 456126      428.3813   195      429.0574      420.9735 64238983    1.88%
 679139 456718      427.8595   144      429.0574      420.9809 64390083    1.88%
Elapsed time = 1060.19 sec. (1971197.41 ticks, tree = 15143.88 MB, solutions = 24)
Nodefile size = 13089.27 MB (10654.68 MB after compression)
 679718 456934        cutoff            429.0574      420.9858 64469730    1.88%
 680246 457237        cutoff            429.0574      420.9914 64608489    1.88%
 680748 457239      426.8741   226      429.0574      420.9967 64599804    1.88%
 681544 457784      426.8634   238      429.0574      421.0033 64807731    1.88%
 682199 458033      427.3140   225      429.0574      421.0080 64870084    1.88%
 682841 458409      425.7072   176      429.0574      421.0152 64995548    1.87%
 683573 458207      424.4386   201      429.0574      421.0198 64923181    1.87%
 684197 459065      427.7262   249      429.0574      421.0251 65163250    1.87%
 684810 458909      424.1777   215      429.0574      421.0288 65119571    1.87%
 685426 459193        cutoff            429.0574      421.0337 65203326    1.87%
Elapsed time = 1083.04 sec. (2009395.85 ticks, tree = 15259.03 MB, solutions = 24)
Nodefile size = 13204.72 MB (10752.66 MB after compression)
 686005 459829      426.6243   132      429.0574      421.0385 65398186    1.87%
 686705 459781      428.7198   169      429.0574      421.0452 65390636    1.87%
 687427 460605      426.7985   186      429.0574      421.0499 65626157    1.87%
 688129 460535      428.4524   190      429.0574      421.0567 65597302    1.86%
 688831 460747      427.7278   213      429.0574      421.0597 65649970    1.86%
 689502 461466        cutoff            429.0574      421.0652 65807230    1.86%
 689994 461800      426.5541   207      429.0574      421.0676 65877923    1.86%
 690613 462035      427.4894   206      429.0574      421.0733 65962384    1.86%
 691234 462620        cutoff            429.0574      421.0765 66160517    1.86%
 691904 462914      424.0408   149      429.0574      421.0826 66268877    1.86%
Elapsed time = 1106.41 sec. (2047604.04 ticks, tree = 15378.38 MB, solutions = 24)
Nodefile size = 13327.00 MB (10856.46 MB after compression)
 692499 462952      424.2309   187      429.0574      421.0859 66276664    1.86%
 693130 463683        cutoff            429.0574      421.0923 66455590    1.86%
 693908 463601      429.0436   176      429.0574      421.0961 66424112    1.86%
 694581 464231      426.5411   255      429.0574      421.1028 66616127    1.85%
 695179 463996      426.6947   129      429.0574      421.1057 66566372    1.85%
 695790 464593      427.4578   230      429.0574      421.1086 66700280    1.85%
 696441 464793      424.2451   170      429.0574      421.1168 66734856    1.85%
 696995 464945      428.0082   190      429.0574      421.1184 66808044    1.85%
 697726 465747      428.7650   130      429.0574      421.1263 67075279    1.85%
 698382 465516      428.9974   162      429.0574      421.1286 67007075    1.85%
Elapsed time = 1129.24 sec. (2085794.28 ticks, tree = 15503.64 MB, solutions = 24)
Nodefile size = 13444.95 MB (10956.81 MB after compression)
 698975 466396      428.8047   220      429.0574      421.1377 67251756    1.85%
 699595 466024      428.1245   207      429.0574      421.1404 67156597    1.85%
 700208 466672      426.2631   195      429.0574      421.1448 67325166    1.84%
 700845 467118        cutoff            429.0574      421.1472 67450759    1.84%
 701471 467115      427.0445   246      429.0574      421.1542 67458829    1.84%
 702028 467669      424.9338   196      429.0574      421.1578 67635796    1.84%
 702722 468268        cutoff            429.0574      421.1658 67819195    1.84%
 703346 468017      427.6083   207      429.0574      421.1710 67731328    1.84%
 703942 468857      425.9752   247      429.0574      421.1779 67991053    1.84%
 704661 468931        cutoff            429.0574      421.1811 68022875    1.84%
Elapsed time = 1152.91 sec. (2124038.03 ticks, tree = 15664.27 MB, solutions = 24)
Nodefile size = 13609.69 MB (11096.10 MB after compression)
 705303 469510        cutoff            429.0574      421.1870 68164169    1.83%
 705814 469667      423.8222   180      429.0574      421.1900 68221350    1.83%
 706414 470007      428.3154   179      429.0574      421.1961 68344070    1.83%
 707144 469990        cutoff            429.0574      421.1987 68335519    1.83%
 707788 470680      427.1057   169      429.0574      421.2043 68538064    1.83%
 708423 470547      425.7679   260      429.0574      421.2081 68514658    1.83%
 709118 470891      424.1635   192      429.0574      421.2123 68605047    1.83%
 709722 471171      427.1010   255      429.0574      421.2170 68691703    1.83%
 710290 471884        cutoff            429.0574      421.2203 68821892    1.83%
 710820 471780        cutoff            429.0574      421.2247 68816262    1.83%
Elapsed time = 1176.35 sec. (2162214.04 ticks, tree = 15786.90 MB, solutions = 24)
Nodefile size = 13732.05 MB (11200.52 MB after compression)
 711349 472449      428.8618   209      429.0574      421.2278 68997748    1.82%
 711874 472458      427.8277   237      429.0574      421.2326 69005781    1.82%
 712562 472944      425.2654   244      429.0574      421.2351 69171782    1.82%
 713116 473301      426.4128   186      429.0574      421.2420 69309513    1.82%
 713709 473650      427.1399   228      429.0574      421.2454 69398062    1.82%
 714326 473844      426.5020   167      429.0574      421.2524 69443546    1.82%
 714849 474210        cutoff            429.0574      421.2558 69557374    1.82%
 715298 474281        cutoff            429.0574      421.2585 69590463    1.82%
 715734 474316      426.0034   194      429.0574      421.2628 69599010    1.82%
 716141 474671      426.9916   225      429.0574      421.2669 69771577    1.82%
Elapsed time = 1199.21 sec. (2200425.56 ticks, tree = 15920.85 MB, solutions = 24)
Nodefile size = 13866.74 MB (11315.85 MB after compression)
 716602 474847        cutoff            429.0574      421.2717 69858100    1.81%
 717169 474858      424.8965   239      429.0574      421.2744 69864188    1.81%
 717725 474883      428.9296   186      429.0574      421.2800 69971086    1.81%
 718229 475240        cutoff            429.0574      421.2828 70133090    1.81%
 718756 475315        cutoff            429.0574      421.2897 70167369    1.81%
 719218 475340      428.0014   188      429.0574      421.2923 70189269    1.81%
 719680 475558      424.2505   229      429.0574      421.2990 70336604    1.81%
 720165 475633      425.6234   216      429.0574      421.3018 70392175    1.81%
 720695 475812        cutoff            429.0574      421.3050 70540111    1.81%
 721196 476115      425.0402   200      429.0574      421.3126 70748858    1.81%
Elapsed time = 1222.09 sec. (2238652.31 ticks, tree = 15972.68 MB, solutions = 24)
Nodefile size = 13927.38 MB (11368.09 MB after compression)
 721814 476293      426.5492   183      429.0574      421.3190 70797492    1.80%
 722368 476451        cutoff            429.0574      421.3274 70906578    1.80%
 722890 476619      427.6773   213      429.0574      421.3293 70958785    1.80%
 723355 476748      428.1054   194      429.0574      421.3381 71002197    1.80%
 723782 476930      426.8818   189      429.0574      421.3411 71114243    1.80%
 724229 476962      424.6788   244      429.0574      421.3478 71122522    1.80%
 724663 477045      426.6579   207      429.0574      421.3519 71213672    1.80%
 725183 477312      428.2402   199      429.0574      421.3591 71447841    1.79%
 725670 477386      428.0079   201      429.0574      421.3642 71546365    1.79%
 726224 477427      426.8673   201      429.0574      421.3684 71581057    1.79%
Elapsed time = 1244.75 sec. (2276857.57 ticks, tree = 16048.53 MB, solutions = 24)
Nodefile size = 13991.40 MB (11422.47 MB after compression)
 726805 477573      429.0100   189      429.0574      421.3750 71692275    1.79%
 727318 477785      428.7016   236      429.0574      421.3790 71810982    1.79%
 727792 477726      428.1940   225      429.0574      421.3862 71768823    1.79%
 728181 478118        cutoff            429.0574      421.3884 71975445    1.79%
 728670 478149        cutoff            429.0574      421.3966 72016327    1.79%
 729182 478160      427.1537   253      429.0574      421.4003 72062198    1.78%
 729659 478344      424.6586   209      429.0574      421.4077 72209041    1.78%
 730129 478366      424.9438   186      429.0574      421.4136 72233244    1.78%
 730677 478740      426.0523   246      429.0574      421.4174 72411725    1.78%
 731149 478744      428.1192   212      429.0574      421.4253 72472993    1.78%
Elapsed time = 1267.42 sec. (2315057.84 ticks, tree = 16123.09 MB, solutions = 24)
Nodefile size = 14066.76 MB (11486.57 MB after compression)
 731609 478740      428.0556   229      429.0574      421.4294 72480060    1.78%
 732073 479086      426.5224   262      429.0574      421.4356 72648034    1.78%
 732516 479129      425.6297   232      429.0574      421.4384 72690327    1.78%
 733002 479390        cutoff            429.0574      421.4474 72899418    1.77%
 733541 479300        cutoff            429.0574      421.4526 72866716    1.77%
 734036 479412        cutoff            429.0574      421.4586 72929481    1.77%
 734604 479865      426.0097   182      429.0574      421.4643 73181819    1.77%
 735110 479975      426.9475   204      429.0574      421.4685 73257452    1.77%
 735641 479871      428.3527   208      429.0574      421.4742 73219901    1.77%
 736058 479989      428.3705   212      429.0574      421.4803 73271517    1.77%
Elapsed time = 1291.33 sec. (2353321.41 ticks, tree = 16189.65 MB, solutions = 24)
Nodefile size = 14132.81 MB (11543.16 MB after compression)
 736530 480357      426.3860   208      429.0574      421.4853 73560072    1.76%
 736972 480375        cutoff            429.0574      421.4880 73600876    1.76%
 737399 480402      426.2859   220      429.0574      421.4940 73575186    1.76%
 737955 480500      424.7745   227      429.0574      421.4971 73684816    1.76%
 738500 480763      426.5672   241      429.0574      421.5029 73916593    1.76%
 739092 480662        cutoff            429.0574      421.5087 73861793    1.76%
 739617 480977      428.1762   225      429.0574      421.5150 74033914    1.76%
 740161 481319      428.9774   232      429.0574      421.5226 74194491    1.76%
 740643 481367      426.8650   197      429.0574      421.5255 74229559    1.76%
 741114 481366      428.6532   230      429.0574      421.5331 74238307    1.75%
Elapsed time = 1314.37 sec. (2391549.94 ticks, tree = 16269.00 MB, solutions = 24)
Nodefile size = 14214.43 MB (11613.57 MB after compression)
 741607 481613      428.7366   197      429.0574      421.5358 74379905    1.75%
 742020 481843        cutoff            429.0574      421.5431 74588053    1.75%
 742517 481836      428.3388   153      429.0574      421.5466 74559819    1.75%
 743035 481906      428.6020   188      429.0574      421.5532 74602541    1.75%
 743606 482109      424.1105   204      429.0574      421.5612 74771922    1.75%
 744216 482276      428.8862   167      429.0574      421.5646 74879792    1.75%
 744705 482501        cutoff            429.0574      421.5710 75011080    1.74%
 745171 482499      425.7968   206      429.0574      421.5749 75019385    1.74%
 745660 482713      427.7716   233      429.0574      421.5809 75159441    1.74%
 746143 482775      428.9150   169      429.0574      421.5846 75224969    1.74%
Elapsed time = 1337.37 sec. (2429776.67 ticks, tree = 16342.17 MB, solutions = 24)
Nodefile size = 14288.75 MB (11677.45 MB after compression)
 746577 482788        cutoff            429.0574      421.5901 75251100    1.74%
 747059 483079      426.3535   228      429.0574      421.5974 75422981    1.74%
 747591 483156        cutoff            429.0574      421.6006 75504027    1.74%
 748118 483333        cutoff            429.0574      421.6092 75657491    1.74%
 748648 483421        cutoff            429.0574      421.6120 75707860    1.74%
 749147 483372        cutoff            429.0574      421.6195 75703123    1.73%
 749567 483469        cutoff            429.0574      421.6226 75740696    1.73%
 749976 483595      426.4495   250      429.0574      421.6267 75805390    1.73%
 750367 483992      427.4433   194      429.0574      421.6338 76130893    1.73%
 750819 483999        cutoff            429.0574      421.6376 76120022    1.73%
Elapsed time = 1360.01 sec. (2468027.50 ticks, tree = 16393.55 MB, solutions = 24)
Nodefile size = 14341.51 MB (11722.42 MB after compression)
 751394 484057        cutoff            429.0574      421.6442 76256927    1.73%
 751963 484083        cutoff            429.0574      421.6487 76212256    1.73%
 752476 484420      427.5332   216      429.0574      421.6567 76447287    1.72%
 752975 484420      427.2007   172      429.0574      421.6616 76439402    1.72%
 753441 484422      424.9596   221      429.0574      421.6673 76445399    1.72%
 753933 484616      428.4681   214      429.0574      421.6727 76602175    1.72%
 754387 484678      426.3564   217      429.0574      421.6750 76680839    1.72%
 754885 484925      426.4102   217      429.0574      421.6792 76879688    1.72%
 755424 484960      426.9711   171      429.0574      421.6826 76888572    1.72%
 755949 485031      426.8651   200      429.0574      421.6871 76968258    1.72%
Elapsed time = 1382.73 sec. (2506263.59 ticks, tree = 16451.63 MB, solutions = 24)
Nodefile size = 14400.95 MB (11773.36 MB after compression)
 756396 485118      428.0783   211      429.0574      421.6956 77105720    1.72%
 756974 485302        cutoff            429.0574      421.6987 77177652    1.72%
 757610 485354      427.6232   186      429.0574      421.7072 77215472    1.71%
 758091 485785      428.6153   176      429.0574      421.7104 77407353    1.71%
 758499 485874      427.4955   228      429.0574      421.7160 77510209    1.71%
 758931 485825      427.8345   248      429.0574      421.7218 77448140    1.71%
 759352 486030      426.1227   200      429.0574      421.7261 77656656    1.71%
 759866 486090      426.9041   225      429.0574      421.7315 77724902    1.71%
 760467 486068        cutoff            429.0574      421.7333 77711156    1.71%
 761029 486301        cutoff            429.0574      421.7398 77946538    1.71%
Elapsed time = 1405.38 sec. (2544502.35 ticks, tree = 16504.12 MB, solutions = 24)
Nodefile size = 14460.40 MB (11824.09 MB after compression)
 761579 486357      427.3267   207      429.0574      421.7459 77988126    1.70%
 762172 486578      428.5725   202      429.0574      421.7516 78057828    1.70%
 762752 486651      427.5013   203      429.0574      421.7563 78117879    1.70%
 763259 487008      425.7329   246      429.0574      421.7602 78296261    1.70%
 763750 486964        cutoff            429.0574      421.7660 78293277    1.70%
 764133 487010      428.6324   227      429.0574      421.7712 78322936    1.70%
 764521 487320      426.1307   202      429.0574      421.7775 78638643    1.70%
 765051 487267        cutoff            429.0574      421.7830 78531831    1.70%
 765575 487480      427.6699   186      429.0574      421.7862 78812612    1.69%
 766082 487585      426.7444   240      429.0574      421.7928 78871146    1.69%
Elapsed time = 1428.36 sec. (2582834.59 ticks, tree = 16584.87 MB, solutions = 24)
Nodefile size = 14532.88 MB (11886.71 MB after compression)
 766618 487656      424.1485   244      429.0574      421.7978 78893186    1.69%
 767111 487931      428.3734   192      429.0574      421.8035 79088185    1.69%
 767624 487849      428.0147   183      429.0574      421.8087 79062826    1.69%
 768068 487927        cutoff            429.0574      421.8105 79132359    1.69%
 768508 488183        cutoff            429.0574      421.8187 79286419    1.69%
 768987 488151      427.5871   166      429.0574      421.8214 79249925    1.69%
 769418 488306      428.3406   154      429.0574      421.8273 79453421    1.69%
 769839 488399        cutoff            429.0574      421.8324 79562942    1.68%
 770356 488438      427.7967   220      429.0574      421.8374 79687960    1.68%
 770908 488598      427.9678   233      429.0574      421.8410 79770937    1.68%
Elapsed time = 1450.83 sec. (2621038.17 ticks, tree = 16637.27 MB, solutions = 24)
Nodefile size = 14592.90 MB (11938.02 MB after compression)
 771406 488633        cutoff            429.0574      421.8455 79797229    1.68%
 771849 488960      428.0078   230      429.0574      421.8535 79947129    1.68%
 772367 488855        cutoff            429.0574      421.8577 79911090    1.68%
 772922 489177        cutoff            429.0574      421.8631 80082296    1.68%
 773385 489353      428.4924   203      429.0574      421.8670 80153818    1.68%
 773791 489393        cutoff            429.0574      421.8710 80181585    1.67%
 774200 489519      427.6349   231      429.0574      421.8763 80320407    1.67%
 774716 489564        cutoff            429.0574      421.8792 80350582    1.67%
 775248 489571      428.6851   158      429.0574      421.8831 80440425    1.67%
 775902 489879        cutoff            429.0574      421.8888 80692655    1.67%
Elapsed time = 1473.31 sec. (2659268.31 ticks, tree = 16709.30 MB, solutions = 24)
Nodefile size = 14660.21 MB (11995.30 MB after compression)
 776456 489808        cutoff            429.0574      421.8925 80666599    1.67%
 776943 490184        cutoff            429.0574      421.8983 80833007    1.67%
 777541 490190        cutoff            429.0574      421.9030 80823907    1.67%
 778006 490334        cutoff            429.0574      421.9054 80926603    1.67%
 778529 490485      427.0814   233      429.0574      421.9111 81041762    1.67%
 778962 490407      427.9218   196      429.0574      421.9138 80988936    1.66%
 779335 490640        cutoff            429.0574      421.9196 81183875    1.66%
 779745 490687        cutoff            429.0574      421.9257 81250748    1.66%
 780195 490817      427.3295   227      429.0574      421.9295 81373080    1.66%
 780729 490840      426.0121   225      429.0574      421.9364 81543941    1.66%
Elapsed time = 1496.44 sec. (2697498.76 ticks, tree = 16766.11 MB, solutions = 24)
Nodefile size = 14726.29 MB (12052.01 MB after compression)
 781288 490858      428.4431   194      429.0574      421.9400 81530431    1.66%
 781802 491083      425.7326   170      429.0574      421.9456 81704843    1.66%
 782252 491097        cutoff            429.0574      421.9508 81711820    1.66%
 782714 491152      428.9153   205      429.0574      421.9557 81751946    1.66%
 783221 491377        cutoff            429.0574      421.9605 81926506    1.65%
 783654 491583      424.9448   204      429.0574      421.9646 82089851    1.65%
 784096 491707        cutoff            429.0574      421.9676 82152676    1.65%
 784512 491731      427.4990   168      429.0574      421.9740 82242459    1.65%
 784970 491728      427.7164   232      429.0574      421.9759 82170780    1.65%
 785471 491916        cutoff            429.0574      421.9848 82372105    1.65%
Elapsed time = 1519.21 sec. (2735756.36 ticks, tree = 16828.85 MB, solutions = 24)
Nodefile size = 14780.00 MB (12097.96 MB after compression)
 786019 491983      427.3356   223      429.0574      421.9893 82563478    1.65%
 786563 491989      424.7383   247      429.0574      421.9931 82570561    1.65%
 787029 492205        cutoff            429.0574      422.0017 82686655    1.64%
 787485 492264      428.0776   226      429.0574      422.0050 82746596    1.64%
 787989 492315        cutoff            429.0574      422.0097 82772927    1.64%
 788492 492419      427.6621   161      429.0574      422.0140 82950079    1.64%
 788939 492426        cutoff            429.0574      422.0185 82878082    1.64%
 789346 492497        cutoff            429.0574      422.0248 83046447    1.64%
 789904 492809        cutoff            429.0574      422.0269 83259548    1.64%
 790475 492787      428.8704   173      429.0574      422.0331 83246897    1.64%
Elapsed time = 1542.10 sec. (2773984.07 ticks, tree = 16876.34 MB, solutions = 24)
Nodefile size = 14824.56 MB (12135.87 MB after compression)
 791087 492838      428.9052   216      429.0574      422.0393 83292567    1.64%
 791620 493010      428.7074   195      429.0574      422.0437 83381181    1.63%
 792121 493389        cutoff            429.0574      422.0479 83567689    1.63%
 792583 493400      423.2354   228      429.0574      422.0529 83605341    1.63%
 793049 493465      427.5123   221      429.0574      422.0588 83674477    1.63%
 793491 493635        cutoff            429.0574      422.0639 83836652    1.63%
 793874 493741      428.2445   147      429.0574      422.0663 83938079    1.63%
 794267 493660      427.1033   193      429.0574      422.0709 83883247    1.63%
 794736 493716        cutoff            429.0574      422.0756 83993274    1.63%
 795304 493856        cutoff            429.0574      422.0788 84100585    1.63%
Elapsed time = 1564.94 sec. (2812225.85 ticks, tree = 16931.43 MB, solutions = 24)
Nodefile size = 14879.98 MB (12183.08 MB after compression)
 795931 494066      428.5759   200      429.0574      422.0842 84331158    1.63%
 796517 494078      426.9591   201      429.0574      422.0872 84338010    1.62%
 797000 494360      427.3600   163      429.0574      422.0940 84475561    1.62%
 797532 494563        cutoff            429.0574      422.1004 84615082    1.62%
 797964 494376        cutoff            429.0574      422.1024 84488948    1.62%
 798428 494579      428.4722   246      429.0574      422.1070 84670628    1.62%
 798921 494673        cutoff            429.0574      422.1136 84774959    1.62%
 799378 494624      428.3580   203      429.0574      422.1185 84741758    1.62%
 799873 494716        cutoff            429.0574      422.1243 84895545    1.62%
 800361 494955      428.3684   172      429.0574      422.1269 85074069    1.62%
Elapsed time = 1588.21 sec. (2850422.04 ticks, tree = 16982.97 MB, solutions = 24)
Nodefile size = 14933.46 MB (12228.89 MB after compression)
 800962 495179      428.7811   182      429.0574      422.1307 85235247    1.61%
 801486 495237      427.8277   212      429.0574      422.1364 85341448    1.61%
 802024 495225      428.0483   166      429.0574      422.1379 85248129    1.61%
 802543 495318        cutoff            429.0574      422.1464 85400701    1.61%
 802967 495569      427.2747   206      429.0574      422.1495 85552400    1.61%
 803464 495617      428.2590   262      429.0574      422.1537 85591656    1.61%
 803893 495777      428.3886   233      429.0574      422.1598 85797468    1.61%
 804318 495827      427.7805   199      429.0574      422.1625 85847785    1.61%
 804742 495826      428.5980   182      429.0574      422.1668 85854294    1.61%
 805371 495991      427.7512   189      429.0574      422.1727 86026624    1.60%
Elapsed time = 1611.47 sec. (2888609.47 ticks, tree = 17030.36 MB, solutions = 24)
Nodefile size = 14986.57 MB (12274.04 MB after compression)
 805936 495898        cutoff            429.0574      422.1747 85925877    1.60%
 806416 496163      426.7378   177      429.0574      422.1798 86169116    1.60%
 806941 496064      425.1042   233      429.0574      422.1864 86145653    1.60%
 807503 496317        cutoff            429.0574      422.1895 86326580    1.60%
 807934 496458      426.0791   237      429.0574      422.1964 86414170    1.60%
 808487 496539      427.5601   210      429.0574      422.1993 86456485    1.60%
 808910 496550        cutoff            429.0574      422.2037 86496501    1.60%
 809350 496767      427.3847   204      429.0574      422.2094 86721455    1.60%
 809757 496816        cutoff            429.0574      422.2104 86817107    1.60%
 810250 496804      428.6953   161      429.0574      422.2147 86761132    1.59%
Elapsed time = 1635.51 sec. (2926796.32 ticks, tree = 17086.91 MB, solutions = 24)
Nodefile size = 15038.35 MB (12318.37 MB after compression)
 810791 496867      427.2641   204      429.0574      422.2190 86937261    1.59%
 811367 497004      428.6506   156      429.0574      422.2225 87074834    1.59%
 811876 497050        cutoff            429.0574      422.2286 87111275    1.59%
 812409 497132      426.4690   169      429.0574      422.2331 87183579    1.59%
 812901 497245        cutoff            429.0574      422.2381 87353039    1.59%
 813431 497354      428.9971   195      429.0574      422.2452 87395534    1.59%
 813960 497249        cutoff            429.0574      422.2479 87369518    1.59%
 814400 497578      428.5398   228      429.0574      422.2540 87581199    1.59%
 814860 497685      426.8826   218      429.0574      422.2594 87674944    1.58%
 815403 497588      428.2619   193      429.0574      422.2612 87639826    1.58%
Elapsed time = 1658.87 sec. (2965010.48 ticks, tree = 17139.10 MB, solutions = 24)
Nodefile size = 15088.54 MB (12360.99 MB after compression)
 815888 497711      426.5208   195      429.0574      422.2655 87735754    1.58%
 816354 497980        cutoff            429.0574      422.2708 87999816    1.58%
 816831 497995      428.9633   190      429.0574      422.2748 88007077    1.58%
 817352 498295      428.0452   203      429.0574      422.2816 88197689    1.58%
 817842 498313      428.2274   218      429.0574      422.2861 88204418    1.58%
 818348 498548      428.1723   236      429.0574      422.2907 88344614    1.58%
 818823 498563      427.5724   206      429.0574      422.2962 88368736    1.58%
 819234 498574      428.1759   204      429.0574      422.2987 88393436    1.58%
 819725 498599      427.7025   205      429.0574      422.3037 88476999    1.57%
 820194 498678        cutoff            429.0574      422.3092 88588145    1.57%
Elapsed time = 1682.86 sec. (3003262.09 ticks, tree = 17184.42 MB, solutions = 24)
Nodefile size = 15136.04 MB (12401.17 MB after compression)
 820723 498674        cutoff            429.0574      422.3113 88596772    1.57%
 821302 498894        cutoff            429.0574      422.3165 88843018    1.57%
 821803 499019        cutoff            429.0574      422.3210 88999999    1.57%
 822342 498926        cutoff            429.0574      422.3231 88901675    1.57%
 822819 499112      428.1076   190      429.0574      422.3286 89075962    1.57%
 823291 499255      427.6594   232      429.0574      422.3321 89190271    1.57%
 823799 499302      425.4338   248      429.0574      422.3337 89249887    1.57%
 824278 499276      426.1371   255      429.0574      422.3412 89224434    1.57%
 824791 499615      428.4232   186      429.0574      422.3462 89526709    1.56%
 825242 499618        cutoff            429.0574      422.3506 89535333    1.56%
Elapsed time = 1706.23 sec. (3041487.89 ticks, tree = 17225.63 MB, solutions = 24)
Nodefile size = 15176.07 MB (12435.06 MB after compression)
 825736 499756        cutoff            429.0574      422.3568 89743867    1.56%
 826208 499763        cutoff            429.0574      422.3589 89774280    1.56%
 826753 499624      427.4021   235      429.0574      422.3641 89709889    1.56%
 827319 499821        cutoff            429.0574      422.3700 89905113    1.56%
 827878 499881      425.5169   223      429.0574      422.3727 89980059    1.56%
 828432 499906      425.5616   265      429.0574      422.3786 90002422    1.56%
 828990 500025        cutoff            429.0574      422.3843 90125935    1.56%
 829456 500052        cutoff            429.0574      422.3863 90100644    1.55%
 829862 500303      428.4113   206      429.0574      422.3906 90291901    1.55%
 830306 500439      426.7697   180      429.0574      422.3960 90442024    1.55%
Elapsed time = 1729.36 sec. (3079739.15 ticks, tree = 17280.94 MB, solutions = 24)
Nodefile size = 15229.40 MB (12480.44 MB after compression)
 830809 500359      427.9097   188      429.0574      422.3995 90341886    1.55%
 831333 500545      427.7341   207      429.0574      422.4062 90659600    1.55%
 831845 500693      425.5613   181      429.0574      422.4103 90785599    1.55%
 832406 500744      427.2329   223      429.0574      422.4140 90867725    1.55%
 832860 500789      428.1504   203      429.0574      422.4201 90907783    1.55%
 833436 500813        cutoff            429.0574      422.4240 90934844    1.55%
 834023 500991        cutoff            429.0574      422.4301 91092461    1.54%
 834521 501044        cutoff            429.0574      422.4353 91150425    1.54%
 834961 501014      428.4353   235      429.0574      422.4389 91108142    1.54%
 835436 501079        cutoff            429.0574      422.4439 91231782    1.54%
Elapsed time = 1752.47 sec. (3117927.37 ticks, tree = 17316.62 MB, solutions = 24)
Nodefile size = 15260.99 MB (12507.13 MB after compression)
 835967 501325        cutoff            429.0574      422.4499 91395998    1.54%
 836433 501410        cutoff            429.0574      422.4522 91542780    1.54%
 836953 501489        cutoff            429.0574      422.4549 91590279    1.54%
 837526 501489        cutoff            429.0574      422.4606 91576125    1.54%
 838102 501787        cutoff            429.0574      422.4626 91817761    1.54%
 838576 501693      428.9154   207      429.0574      422.4679 91752627    1.54%
 839163 501848      428.8299   225      429.0574      422.4754 91871053    1.53%
 839685 502007      428.1371   208      429.0574      422.4782 91992950    1.53%
 840193 502161      428.2302   183      429.0574      422.4829 92170679    1.53%
 840676 502187      428.1626   163      429.0574      422.4906 92144962    1.53%
Elapsed time = 1775.29 sec. (3156129.27 ticks, tree = 17365.24 MB, solutions = 24)
Nodefile size = 15310.10 MB (12548.95 MB after compression)
 841099 502145      428.0163   186      429.0574      422.4921 92188722    1.53%
 841521 502329      426.3961   214      429.0574      422.4964 92388376    1.53%
 841952 502395      426.4994   232      429.0574      422.5012 92538915    1.53%
 842448 502465      428.7108   195      429.0574      422.5039 92569743    1.53%
 842915 502495      428.0029   225      429.0574      422.5079 92638475    1.53%
 843422 502535      427.1333   223      429.0574      422.5123 92668024    1.53%
 844050 502618      427.4574   211      429.0574      422.5188 92759549    1.52%
 844613 502667        cutoff            429.0574      422.5241 92848012    1.52%
 845170 502695        cutoff            429.0574      422.5274 92880516    1.52%
 845668 503049        cutoff            429.0574      422.5325 93110311    1.52%
Elapsed time = 1797.94 sec. (3194340.62 ticks, tree = 17417.80 MB, solutions = 24)
Nodefile size = 15362.33 MB (12593.43 MB after compression)
 846127 503225      427.7690   234      429.0574      422.5371 93220149    1.52%
 846587 503303        cutoff            429.0574      422.5418 93312651    1.52%
 847031 503297        cutoff            429.0574      422.5458 93321152    1.52%
 847476 503430        cutoff            429.0574      422.5501 93512743    1.52%
 847972 503492        cutoff            429.0574      422.5526 93569315    1.52%
 848449 503545        cutoff            429.0574      422.5559 93662094    1.52%
 849004 503560      426.0514   221      429.0574      422.5599 93743536    1.51%
 849514 503724      427.6729   203      429.0574      422.5629 93905032    1.51%
 850066 503702      425.7432   208      429.0574      422.5669 93924189    1.51%
 850654 503820        cutoff            429.0574      422.5727 94018279    1.51%
Elapsed time = 1820.73 sec. (3232546.13 ticks, tree = 17454.49 MB, solutions = 24)
Nodefile size = 15398.60 MB (12624.38 MB after compression)
 851194 503877      427.4045   191      429.0574      422.5757 94125541    1.51%
 851707 504002      428.8461   192      429.0574      422.5801 94186673    1.51%
 852150 503983        cutoff            429.0574      422.5851 94172568    1.51%
 852590 503925      427.1145   213      429.0574      422.5886 94165998    1.51%
 853107 504236        cutoff            429.0574      422.5926 94421168    1.51%
 853613 504435      428.9013   222      429.0574      422.5979 94634971    1.51%
 854154 504293      427.7394   229      429.0574      422.5995 94481584    1.51%
 854645 504473        cutoff            429.0574      422.6031 94671951    1.50%
 855164 504730      428.4185   197      429.0574      422.6099 94851883    1.50%
 855709 504744      425.8979   233      429.0574      422.6127 94858023    1.50%
Elapsed time = 1843.53 sec. (3270810.00 ticks, tree = 17493.14 MB, solutions = 24)
Nodefile size = 15434.25 MB (12655.11 MB after compression)
 856228 504750        cutoff            429.0574      422.6169 94914725    1.50%
 856762 504889      428.3639   186      429.0574      422.6240 95116062    1.50%
 857294 504969        cutoff            429.0574      422.6263 95175101    1.50%
 857736 504879      427.0376   203      429.0574      422.6323 95099913    1.50%
 858218 505005        cutoff            429.0574      422.6373 95228827    1.50%
 858713 505157        cutoff            429.0574      422.6401 95420105    1.50%
 859216 505244      427.3536   242      429.0574      422.6433 95542196    1.49%
 859794 505397      427.7392   216      429.0574      422.6493 95694632    1.49%
 860366 505489      428.3218   201      429.0574      422.6511 95747690    1.49%
 860894 505479      424.9585   247      429.0574      422.6561 95796775    1.49%
Elapsed time = 1866.18 sec. (3309031.86 ticks, tree = 17520.82 MB, solutions = 24)
Nodefile size = 15483.28 MB (12696.72 MB after compression)
 861460 505609        cutoff            429.0574      422.6609 95895997    1.49%
 861977 505598        cutoff            429.0574      422.6640 95900883    1.49%
 862529 505732      427.5109   236      429.0574      422.6683 95967496    1.49%
 862985 505791      428.4826   223      429.0574      422.6736 96027674    1.49%
 863429 505946      426.9202   220      429.0574      422.6771 96123155    1.49%
 863882 506015      428.6687   161      429.0574      422.6809 96258734    1.49%
 864385 506075      427.9625   190      429.0574      422.6844 96365127    1.49%
 864824 506119      426.0762   241      429.0574      422.6871 96444323    1.48%
 865265 506169      426.5053   197      429.0574      422.6897 96542254    1.48%
 865742 506236      425.9158   207      429.0574      422.6940 96621351    1.48%
Elapsed time = 1888.59 sec. (3347254.13 ticks, tree = 17576.42 MB, solutions = 24)
Nodefile size = 15532.04 MB (12738.07 MB after compression)
 866295 506308      425.7379   189      429.0574      422.6987 96696803    1.48%
 866936 506399        cutoff            429.0574      422.7017 96855630    1.48%
 867461 506622        cutoff            429.0574      422.7067 96955428    1.48%
 868044 506749        cutoff            429.0574      422.7104 97027454    1.48%
 868559 506585        cutoff            429.0574      422.7156 96948038    1.48%
 868963 506924      426.4966   216      429.0574      422.7206 97129257    1.48%
 869433 507025      428.8128   170      429.0574      422.7242 97187307    1.48%
 869848 507130        cutoff            429.0574      422.7288 97344130    1.47%
 870274 507089        cutoff            429.0574      422.7326 97309001    1.47%
 870685 507162        cutoff            429.0574      422.7350 97571668    1.47%
Elapsed time = 1911.20 sec. (3385439.23 ticks, tree = 17632.95 MB, solutions = 24)
Nodefile size = 15587.11 MB (12784.82 MB after compression)
 871161 507193      428.9720   197      429.0574      422.7381 97487981    1.47%
 871688 507240      427.2740   171      429.0574      422.7437 97762733    1.47%
 872197 507231      428.9620   194      429.0574      422.7468 97846784    1.47%
 872714 507381        cutoff            429.0574      422.7508 97978896    1.47%
 873336 507418      426.0074   223      429.0574      422.7550 98002190    1.47%
 873907 507430      425.9664   230      429.0574      422.7577 98008844    1.47%
 874356 507444        cutoff            429.0574      422.7606 98050904    1.47%
 874870 507479        cutoff            429.0574      422.7664 98128551    1.47%
 875362 507512      426.7896   220      429.0574      422.7690 98190597    1.47%
 875785 507587        cutoff            429.0574      422.7740 98254624    1.46%
Elapsed time = 1934.07 sec. (3423677.52 ticks, tree = 17654.45 MB, solutions = 24)
Nodefile size = 15600.50 MB (12796.91 MB after compression)
 876269 507680      425.4291   215      429.0574      422.7793 98359291    1.46%
 876694 507746      422.9675   215      429.0574      422.7830 98434677    1.46%
 877224 507796      428.8039   154      429.0574      422.7857 98638623    1.46%
 877808 507970        cutoff            429.0574      422.7914 98892396    1.46%
 878317 507912      428.2039   232      429.0574      422.7950 98773206    1.46%
 878851 508121      426.1704   220      429.0574      422.7988 99002542    1.46%
 879404 508074        cutoff            429.0574      422.8066 98988667    1.46%
 879931 508223        cutoff            429.0574      422.8090 99128822    1.46%
 880481 508295      427.2177   225      429.0574      422.8143 99242133    1.46%
 880958 508352      426.9949   169      429.0574      422.8209 99321032    1.45%
Elapsed time = 1956.78 sec. (3461915.61 ticks, tree = 17629.29 MB, solutions = 24)
Nodefile size = 15575.68 MB (12778.95 MB after compression)
 881433 508359      428.7861   181      429.0574      422.8234 99329927    1.45%
 881881 508361      424.6472   213      429.0574      422.8274 99321741    1.45%
 882355 508642      426.2118   220      429.0574      422.8328 99580510    1.45%
 882804 508774      426.9950   235      429.0574      422.8345 99713218    1.45%
 883300 508790      427.7057   232      429.0574      422.8380 99697317    1.45%
 883827 508787        cutoff            429.0574      422.8414 99972500    1.45%
 884394 508803      427.1053   201      429.0574      422.8457 1.00e+08    1.45%
 884937 508817      428.4096   193      429.0574      422.8499 1.00e+08    1.45%
 885462 508812      426.3543   155      429.0574      422.8536 1.00e+08    1.45%
 885995 508930        cutoff            429.0574      422.8605 1.00e+08    1.44%
Elapsed time = 1979.41 sec. (3500171.87 ticks, tree = 17600.76 MB, solutions = 24)
Nodefile size = 15545.17 MB (12754.76 MB after compression)
 886520 509073        cutoff            429.0574      422.8624 1.00e+08    1.44%
 886956 509057        cutoff            429.0574      422.8678 1.00e+08    1.44%
 887434 509241        cutoff            429.0574      422.8733 1.01e+08    1.44%
 887869 509242      428.8673   188      429.0574      422.8771 1.00e+08    1.44%
 888365 509260      427.2252   194      429.0574      422.8808 1.00e+08    1.44%
 888765 509251        cutoff            429.0574      422.8852 1.01e+08    1.44%
 889285 509251        cutoff            429.0574      422.8887 1.01e+08    1.44%
 889760 509521        cutoff            429.0574      422.8926 1.01e+08    1.44%
 890300 509485      428.1323   215      429.0574      422.8976 1.01e+08    1.44%
 892115 509863        cutoff            429.0574      422.9131 1.01e+08    1.43%
Elapsed time = 2008.67 sec. (3549829.45 ticks, tree = 17605.44 MB, solutions = 24)
Nodefile size = 15554.03 MB (12765.73 MB after compression)
 893808 509964      426.7928   170      429.0574      422.9304 1.02e+08    1.43%
 895518 510117      428.0351   197      429.0574      422.9453 1.02e+08    1.42%
 897444 510297      428.5505   191      429.0574      422.9622 1.02e+08    1.42%
 899027 510586      428.8453   260      429.0574      422.9763 1.03e+08    1.42%
 900868 510674      428.7240   169      429.0574      422.9869 1.03e+08    1.41%
 902873 510895      427.9364   265      429.0574      423.0017 1.04e+08    1.41%
 904546 511069      428.6784   200      429.0574      423.0173 1.04e+08    1.41%
 906228 511334      428.1983   185      429.0574      423.0293 1.04e+08    1.40%
 908158 511362        cutoff            429.0574      423.0428 1.04e+08    1.40%
 909908 511612      428.8507   184      429.0574      423.0578 1.05e+08    1.40%
Elapsed time = 2099.95 sec. (3702540.17 ticks, tree = 17621.08 MB, solutions = 24)
Nodefile size = 15570.43 MB (12787.19 MB after compression)
 911527 511821      425.8160   201      429.0574      423.0687 1.05e+08    1.40%
 913308 511945      427.5442   170      429.0574      423.0849 1.06e+08    1.39%
 915086 512023      428.2128   185      429.0574      423.1003 1.06e+08    1.39%
 916691 512050        cutoff            429.0574      423.1126 1.06e+08    1.39%
 918410 512137      428.2284   215      429.0574      423.1262 1.07e+08    1.38%
 920363 512176      427.3083   235      429.0574      423.1421 1.07e+08    1.38%
 921987 512282      424.3860   244      429.0574      423.1553 1.07e+08    1.38%
 923834 512440      427.6536   237      429.0574      423.1677 1.08e+08    1.37%
 925797 512490        cutoff            429.0574      423.1814 1.08e+08    1.37%
 927480 512842      427.0062   246      429.0574      423.1977 1.09e+08    1.37%
Elapsed time = 2191.78 sec. (3855221.41 ticks, tree = 17591.94 MB, solutions = 24)
Nodefile size = 15541.07 MB (12769.62 MB after compression)
 929267 512913      427.9391   229      429.0574      423.2107 1.09e+08    1.36%
 931286 513196      427.8143   225      429.0574      423.2252 1.09e+08    1.36%
 932904 513407      427.5089   228      429.0574      423.2384 1.09e+08    1.36%
 934504 513472        cutoff            429.0574      423.2519 1.10e+08    1.35%
 936303 513498      427.5448   219      429.0574      423.2641 1.10e+08    1.35%
 938049 513596      428.0728   239      429.0574      423.2806 1.10e+08    1.35%
 939694 513756        cutoff            429.0574      423.2947 1.11e+08    1.34%
 941583 513947      425.6862   256      429.0574      423.3082 1.11e+08    1.34%
 943293 513854        cutoff            429.0574      423.3214 1.11e+08    1.34%
 944893 513920        cutoff            429.0574      423.3329 1.12e+08    1.33%
Elapsed time = 2284.21 sec. (4007966.45 ticks, tree = 17606.47 MB, solutions = 24)
Nodefile size = 15557.19 MB (12789.50 MB after compression)
 946792 513999        cutoff            429.0574      423.3434 1.12e+08    1.33%
 948588 514186        cutoff            429.0574      423.3569 1.13e+08    1.33%
 950365 514180        cutoff            429.0574      423.3731 1.13e+08    1.32%
 951999 514402      425.8946   170      429.0574      423.3839 1.13e+08    1.32%
 953956 514435        cutoff            429.0574      423.3987 1.14e+08    1.32%
 955687 514480      426.6389   182      429.0574      423.4128 1.14e+08    1.32%
 957112 514397        cutoff            429.0574      423.4234 1.14e+08    1.31%
 958907 514443      428.2597   168      429.0574      423.4378 1.15e+08    1.31%
 960851 514555        cutoff            429.0574      423.4505 1.15e+08    1.31%
 962563 514535      425.2578   205      429.0574      423.4653 1.15e+08    1.30%
Elapsed time = 2378.51 sec. (4160630.77 ticks, tree = 17593.06 MB, solutions = 24)
Nodefile size = 15543.45 MB (12784.64 MB after compression)
 964224 514772        cutoff            429.0574      423.4773 1.16e+08    1.30%
 966112 514774        cutoff            429.0574      423.4894 1.16e+08    1.30%
 967772 514813        cutoff            429.0574      423.5051 1.16e+08    1.29%
 969369 514909      428.9715   193      429.0574      423.5172 1.17e+08    1.29%
 971125 514821        cutoff            429.0574      423.5296 1.17e+08    1.29%
 972909 514853      428.3020   204      429.0574      423.5418 1.18e+08    1.29%
 974428 514676      427.7074   219      429.0574      423.5554 1.18e+08    1.28%
 976116 514674        cutoff            429.0574      423.5671 1.18e+08    1.28%
 977936 514637      427.8042   227      429.0574      423.5792 1.19e+08    1.28%
 979520 514655        cutoff            429.0574      423.5951 1.19e+08    1.27%
Elapsed time = 2475.15 sec. (4313287.33 ticks, tree = 17532.25 MB, solutions = 24)
Nodefile size = 15481.24 MB (12739.22 MB after compression)
 981111 514584      427.2202   262      429.0574      423.6102 1.19e+08    1.27%
 983057 514637        cutoff            429.0574      423.6229 1.20e+08    1.27%
 984864 514619      424.6446   256      429.0574      423.6377 1.20e+08    1.26%
 986590 514656      427.1346   150      429.0574      423.6506 1.20e+08    1.26%
 988313 514689        cutoff            429.0574      423.6616 1.21e+08    1.26%
 990228 514640      427.2997   193      429.0574      423.6739 1.21e+08    1.25%
 991954 514696        cutoff            429.0574      423.6892 1.21e+08    1.25%
 993578 514598        cutoff            429.0574      423.7021 1.22e+08    1.25%
 995508 514523      427.2146   205      429.0574      423.7129 1.22e+08    1.25%
 997351 514655      424.1097   200      429.0574      423.7263 1.22e+08    1.24%
Elapsed time = 2570.47 sec. (4465913.21 ticks, tree = 17510.51 MB, solutions = 24)
Nodefile size = 15454.86 MB (12722.55 MB after compression)
 998976 514543      426.1154   226      429.0574      423.7405 1.23e+08    1.24%
 1000569 514549        cutoff            429.0574      423.7539 1.23e+08    1.24%
 1002233 514574        cutoff            429.0574      423.7682 1.23e+08    1.23%
 1004218 514565        cutoff            429.0574      423.7810 1.24e+08    1.23%
 1006107 514744        cutoff            429.0574      423.7950 1.24e+08    1.23%
 1007829 514822        cutoff            429.0574      423.8076 1.24e+08    1.22%
 1009765 514892        cutoff            429.0574      423.8197 1.25e+08    1.22%
 1011686 514994        cutoff            429.0574      423.8326 1.25e+08    1.22%
 1013302 514956      428.5382   176      429.0574      423.8458 1.26e+08    1.21%
 1015017 514881        cutoff            429.0574      423.8565 1.26e+08    1.21%
Elapsed time = 2665.14 sec. (4618562.90 ticks, tree = 17506.24 MB, solutions = 24)
Nodefile size = 15458.06 MB (12733.65 MB after compression)
 1016999 514844      427.0470   177      429.0574      423.8676 1.26e+08    1.21%
 1018730 514806      428.9177   164      429.0574      423.8806 1.27e+08    1.21%
 1020466 514735      427.7895   227      429.0574      423.8937 1.27e+08    1.20%
 1022268 514666        cutoff            429.0574      423.9062 1.27e+08    1.20%
 1024164 514700        cutoff            429.0574      423.9216 1.28e+08    1.20%
 1025783 514667        cutoff            429.0574      423.9334 1.28e+08    1.19%
 1027517 514600        cutoff            429.0574      423.9464 1.28e+08    1.19%
 1029359 514671      428.5208   208      429.0574      423.9577 1.29e+08    1.19%
 1031320 514607        cutoff            429.0574      423.9705 1.29e+08    1.19%
 1033055 514626      428.3168   227      429.0574      423.9852 1.29e+08    1.18%
Elapsed time = 2757.24 sec. (4771257.32 ticks, tree = 17476.97 MB, solutions = 24)
Nodefile size = 15426.39 MB (12713.29 MB after compression)
 1034791 514563      428.1378   196      429.0574      423.9971 1.30e+08    1.18%
 1036586 514541        cutoff            429.0574      424.0082 1.30e+08    1.18%
 1038448 514559      428.1415   256      429.0574      424.0208 1.30e+08    1.17%
 1040115 514292      427.7269   192      429.0574      424.0342 1.31e+08    1.17%
 1041818 514160      426.4850   213      429.0574      424.0459 1.31e+08    1.17%
 1043694 514016        cutoff            429.0574      424.0595 1.31e+08    1.16%
 1045663 514053      425.9802   187      429.0574      424.0714 1.32e+08    1.16%
 1047407 514090      428.3259   157      429.0574      424.0853 1.32e+08    1.16%
 1049131 514070        cutoff            429.0574      424.0972 1.32e+08    1.16%
 1050904 513850        cutoff            429.0574      424.1093 1.33e+08    1.15%
Elapsed time = 2850.08 sec. (4923930.92 ticks, tree = 17376.68 MB, solutions = 24)
Nodefile size = 15324.53 MB (12633.06 MB after compression)
 1052725 513943        cutoff            429.0574      424.1237 1.33e+08    1.15%
 1054603 513801      426.7734   235      429.0574      424.1364 1.33e+08    1.15%
 1056284 513871        cutoff            429.0574      424.1473 1.34e+08    1.14%
 1058132 513752      427.3194   204      429.0574      424.1593 1.34e+08    1.14%
 1059931 513565      428.5454   139      429.0574      424.1711 1.35e+08    1.14%
 1061579 513538        cutoff            429.0574      424.1856 1.35e+08    1.14%
 1063356 513432        cutoff            429.0574      424.1975 1.35e+08    1.13%
 1065108 513381      428.4586   177      429.0574      424.2087 1.35e+08    1.13%
 1067141 513187        cutoff            429.0574      424.2228 1.36e+08    1.13%
 1068827 513187        cutoff            429.0574      424.2365 1.36e+08    1.12%
Elapsed time = 2944.95 sec. (5076609.94 ticks, tree = 17319.40 MB, solutions = 24)
Nodefile size = 15268.70 MB (12592.46 MB after compression)
 1070583 513108      428.5032   156      429.0574      424.2479 1.37e+08    1.12%
 1072536 513063      427.4394   169      429.0574      424.2605 1.37e+08    1.12%
 1074401 512990        cutoff            429.0574      424.2745 1.37e+08    1.11%
 1076101 513005        cutoff            429.0574      424.2872 1.38e+08    1.11%
 1077811 512912      426.8695   230      429.0574      424.2972 1.38e+08    1.11%
 1079696 512878      427.7572   200      429.0574      424.3080 1.38e+08    1.11%
 1081588 512860      424.8321   224      429.0574      424.3192 1.39e+08    1.10%
 1083201 512693        cutoff            429.0574      424.3305 1.39e+08    1.10%
 1084808 512390        cutoff            429.0574      424.3411 1.39e+08    1.10%
 1086698 512193      428.9870   263      429.0574      424.3527 1.40e+08    1.10%
Elapsed time = 3041.68 sec. (5229262.29 ticks, tree = 17218.77 MB, solutions = 24)
Nodefile size = 15167.74 MB (12513.07 MB after compression)
 1088564 511959        cutoff            429.0574      424.3635 1.40e+08    1.09%
 1090340 511886        cutoff            429.0574      424.3754 1.40e+08    1.09%
 1092083 511802      428.1459   227      429.0574      424.3895 1.41e+08    1.09%
 1093939 511722        cutoff            429.0574      424.4028 1.41e+08    1.08%
 1095896 511704        cutoff            429.0574      424.4146 1.41e+08    1.08%
 1097702 511588        cutoff            429.0574      424.4261 1.42e+08    1.08%
 1099411 511447        cutoff            429.0574      424.4397 1.42e+08    1.08%
 1101177 511325      428.3017   165      429.0574      424.4523 1.43e+08    1.07%
 1103206 511353        cutoff            429.0574      424.4603 1.43e+08    1.07%
 1105092 511430      428.9107   197      429.0574      424.4728 1.43e+08    1.07%
Elapsed time = 3140.53 sec. (5381893.51 ticks, tree = 17139.71 MB, solutions = 24)
Nodefile size = 15089.80 MB (12452.19 MB after compression)
 1106856 511322      428.1156   191      429.0574      424.4846 1.43e+08    1.07%
 1108668 511182      424.9078   223      429.0574      424.4962 1.44e+08    1.06%
 1110489 511083        cutoff            429.0574      424.5066 1.44e+08    1.06%
 1112304 510688        cutoff            429.0574      424.5171 1.45e+08    1.06%
 1114109 510691        cutoff            429.0574      424.5286 1.45e+08    1.06%
 1115764 510510        cutoff            429.0574      424.5415 1.45e+08    1.05%
 1117596 510345      426.7992   224      429.0574      424.5536 1.46e+08    1.05%
 1119578 510203        cutoff            429.0574      424.5646 1.46e+08    1.05%
 1121357 510280        cutoff            429.0574      424.5751 1.46e+08    1.04%
 1123153 510169      429.0544   216      429.0574      424.5867 1.46e+08    1.04%
Elapsed time = 3236.47 sec. (5534560.58 ticks, tree = 17095.73 MB, solutions = 24)
Nodefile size = 15045.12 MB (12420.70 MB after compression)
Starting limited solution polishing.
 1125007 510039      427.8865   211      429.0574      424.5969 1.47e+08    1.04%
 1127124 509908        cutoff            429.0574      424.6069 1.47e+08    1.04%
 1128971 509889        cutoff            429.0574      424.6185 1.48e+08    1.03%
 1130629 509782      428.9141   271      429.0574      424.6308 1.48e+08    1.03%
 1132354 509652      428.1527   201      429.0574      424.6418 1.49e+08    1.03%
 1134160 509439        cutoff            429.0574      424.6541 1.49e+08    1.03%
 1135973 509455        cutoff            429.0574      424.6640 1.49e+08    1.02%
 1137691 509347        cutoff            429.0574      424.6734 1.49e+08    1.02%
 1139417 509132        cutoff            429.0574      424.6833 1.49e+08    1.02%
 1141093 508965      428.5976   147      429.0574      424.6940 1.50e+08    1.02%
Elapsed time = 3332.35 sec. (5687214.97 ticks, tree = 16969.75 MB, solutions = 24)
Nodefile size = 14919.12 MB (12320.90 MB after compression)
 1142882 508781      427.8309   250      429.0574      424.7053 1.51e+08    1.01%
 1144564 508792      428.5508   169      429.0574      424.7175 1.51e+08    1.01%
 1146146 508522      428.8406   204      429.0574      424.7285 1.51e+08    1.01%
 1147796 508397        cutoff            429.0574      424.7387 1.51e+08    1.01%
 1149518 508353      427.9098   181      429.0574      424.7459 1.51e+08    1.00%
 1151303 508033      426.6840   223      429.0574      424.7566 1.52e+08    1.00%
 1152959 508090      428.6557   193      429.0574      424.7652 1.52e+08    1.00%
 1154718 507775        cutoff            429.0574      424.7764 1.52e+08    1.00%
 1156356 507676      427.2636   209      429.0574      424.7862 1.53e+08    1.00%
 1158166 507296      429.0107   171      429.0574      424.7948 1.53e+08    0.99%
Elapsed time = 3429.14 sec. (5839893.01 ticks, tree = 16871.96 MB, solutions = 24)
Nodefile size = 14823.39 MB (12243.78 MB after compression)
 1159820 507264      428.2544   198      429.0574      424.8034 1.53e+08    0.99%
 1161490 506979      426.8222   213      429.0574      424.8141 1.54e+08    0.99%
 1163133 506739      428.3511   176      429.0574      424.8216 1.54e+08    0.99%
 1164831 506639        cutoff            429.0574      424.8338 1.54e+08    0.98%
 1166687 506439      428.9970   181      429.0574      424.8435 1.55e+08    0.98%
 1168423 506325        cutoff            429.0574      424.8548 1.55e+08    0.98%
 1170081 506126      428.4768   244      429.0574      424.8646 1.55e+08    0.98%
 1171665 505595      429.0053   205      429.0574      424.8759 1.56e+08    0.97%
 1173414 505524      428.2902   210      429.0574      424.8835 1.56e+08    0.97%
 1175107 505363      428.5618   171      429.0574      424.8930 1.56e+08    0.97%
Elapsed time = 3525.01 sec. (5992530.29 ticks, tree = 16760.74 MB, solutions = 24)
Nodefile size = 14707.75 MB (12148.47 MB after compression)
 1176676 505029      426.8777   238      429.0574      424.9041 1.57e+08    0.97%
 1178249 504873      428.3055   206      429.0574      424.9157 1.57e+08    0.97%
 1179755 504809        cutoff            429.0574      424.9233 1.57e+08    0.96%
 1181467 504805        cutoff            429.0574      424.9324 1.57e+08    0.96%
 1183125 504654      426.6900   194      429.0574      424.9418 1.58e+08    0.96%
 1184728 504573      428.3696   174      429.0574      424.9488 1.58e+08    0.96%
 1186103 504420        cutoff            429.0574      424.9604 1.58e+08    0.95%
 1187478 504390        cutoff            429.0574      424.9654 1.59e+08    0.95%

Total execution time: 3600.945730291 seconds
Total distance traveled: 429.0573862262094
File name: randomSeed
Capacity of FEV: 290
Capacity of Microhub: 500
Capacity of SEV: 50
Number of customers: 35
Number of parkings: 4
Number of microhubs: 2
Number of robots/MM: 5
Parking generation rule: random
Feasible solution found within the time limit!

2 -> 6 -> 32 -> 37 -> 25 -> 16 -> 11 -> 15 -> 3 is : 79.32
2 -> 7 -> 35 -> 9 -> 14 -> 38 -> 12 -> 13 -> 2 is : 49.01
2 -> 39 -> 26 -> 18 -> 23 -> 2 is : 43.74
3 -> 24 -> 29 -> 10 -> 19 -> 30 -> 34 -> 2 is : 54.24
3 -> 33 -> 27 -> 22 -> 17 -> 36 -> 3 is : 45.26
3 -> 40 -> 31 -> 28 -> 8 -> 21 -> 20 -> 3 is : 34.07
/Users/jiahua/Library/CloudStorage/OneDrive-EcoledeManagementdeNormandie/2EVRPMM/Code/Code/TEST/Result/Fig/randomSeed-random-F-01-10-2025-14-02-result.svg
