Minimum 2e routes required: 4
parking availability[1] = 0
parking availability[2] = 1
parking availability[3] = 0
parking availability[4] = 1
parking availability[5] = 0
Lower bound= 203.44   [1, 2, 5, 1]    parkings: Set([5])
Lower bound= 215.37   [1, 2, 3, 1]    parkings: Set([3])
Lower bound= 217.75   [1, 2, 1]    parkings: Set([2])
Lower bound= 230.03   [1, 2, 4, 5, 1]    parkings: Set([5, 2])
Lower bound= 231.07   [1, 4, 2, 5, 1]    parkings: Set([5, 4])
Lower bound= 238.47   [1, 4, 1]    parkings: Set([4])
Lower bound= 241.97   [1, 2, 4, 3, 1]    parkings: Set([2, 3])
Lower bound= 242.98   [1, 4, 2, 3, 1]    parkings: Set([4, 3])
Lower bound= 244.3   [1, 2, 4, 1]    parkings: Set([4, 2])
Lower bound= 267.77   [1, 4, 3, 2, 5, 1]    parkings: Set([5, 3])


================Iteration 0 of B&P for SP1 [1, 2, 5, 1] parkings[5]================
-------------Iter CG 1-------------
LP Objective Value = 1082.93,   sum y = 1.0
x[1, 2, 5, 1],  82.93
y[5, 6, 7, 8, 9, 10, 11, 12, 13, 14, 15, 16, 17, 18, 19, 20, 21, 22, 23, 24, 25, 5] = 1.0  1000.0
true  2095
-------------Iter CG 2-------------
LP Objective Value = 853.66,   sum y = 5.0
x[1, 2, 5, 1],  82.93
y[5, 18, 5] = 0.5  37.36
y[5, 23, 5] = 0.5  14.0
y[5, 14, 5] = 0.5  24.08
y[5, 20, 7, 19, 11, 6, 10, 12, 16, 17, 5] = 0.5  129.66
y[5, 8, 5] = 0.5  64.12
y[5, 25, 5] = 0.5  68.12
y[5, 21, 5] = 0.5  30.59
y[5, 13, 5] = 0.5  49.48
y[5, 6, 7, 8, 9, 10, 11, 12, 13, 14, 15, 16, 17, 18, 19, 20, 21, 22, 23, 24, 25, 5] = 0.5  1000.0
y[5, 11, 9, 19, 7, 24, 22, 15, 5] = 0.5  124.03
true  1309
-------------Iter CG 3-------------
LP Objective Value = 402.92,   sum y = 5.0
x[1, 2, 5, 1],  82.93
y[5, 20, 7, 19, 9, 11, 24, 6, 10, 18, 5] = 1.0  100.76
y[5, 16, 17, 5] = 1.0  43.91
y[5, 23, 5] = 1.0  14.0
y[5, 8, 22, 15, 12, 21, 5] = 1.0  91.74
y[5, 14, 8, 25, 13, 5] = 1.0  69.58
true  703
-------------Iter CG 4-------------
LP Objective Value = 362.97,   sum y = 4.33
x[1, 2, 5, 1],  82.93
y[5, 20, 7, 19, 9, 11, 24, 6, 10, 12, 14, 5] = 0.33  101.71
y[5, 21, 13, 18, 12, 5] = 0.33  56.42
y[5, 21, 15, 17, 16, 5] = 0.33  68.8
y[5, 12, 8, 25, 22, 15, 5] = 0.33  85.66
y[5, 18, 15, 17, 16, 5] = 0.33  63.69
y[5, 23, 5] = 1.0  14.0
y[5, 20, 7, 19, 9, 11, 24, 6, 22, 10, 5] = 0.67  109.22
y[5, 14, 8, 25, 13, 5] = 0.67  69.58
y[5, 21, 18, 17, 16, 5] = 0.33  64.24
true  226
-------------Iter CG 5-------------
LP Objective Value = 360.71,   sum y = 4.1
x[1, 2, 5, 1],  82.93
y[5, 21, 13, 18, 12, 5] = 0.19  56.42
y[5, 23, 21, 12, 17, 16, 5] = 0.29  69.76
y[5, 12, 8, 25, 22, 15, 5] = 0.19  85.66
y[5, 12, 18, 21, 14, 5] = 0.19  43.3
y[5, 16, 17, 15, 10, 12, 21, 5] = 0.14  72.31
y[5, 20, 7, 19, 9, 11, 24, 6, 10, 18, 5] = 0.05  100.76
y[5, 18, 15, 17, 16, 5] = 0.38  63.69
y[5, 23, 5] = 0.71  14.0
y[5, 17, 15, 18, 21, 5] = 0.14  68.02
y[5, 20, 7, 19, 9, 11, 24, 6, 22, 10, 5] = 0.81  109.22
y[5, 20, 7, 19, 9, 11, 24, 6, 15, 16, 5] = 0.14  109.4
y[5, 14, 8, 25, 13, 5] = 0.81  69.58
y[5, 21, 18, 17, 16, 5] = 0.05  64.24
true  257
-------------Iter CG 6-------------
LP Objective Value = 355.35,   sum y = 4.0
x[1, 2, 5, 1],  82.93
y[5, 8, 25, 22, 24, 5] = 0.5  85.75
y[5, 15, 6, 11, 9, 7, 19, 17, 16, 5] = 0.5  101.34
y[5, 14, 21, 23, 5] = 0.5  38.17
y[5, 16, 17, 20, 15, 18, 12, 5] = 0.5  64.23
y[5, 23, 5] = 0.5  14.0
y[5, 20, 7, 19, 9, 11, 24, 6, 22, 10, 5] = 0.5  109.22
y[5, 21, 12, 18, 10, 13, 5] = 0.5  62.55
y[5, 14, 8, 25, 13, 5] = 0.5  69.58
true  138
-------------Iter CG 7-------------
LP Objective Value = 352.82,   sum y = 4.0
x[1, 2, 5, 1],  82.93
y[5, 8, 25, 22, 24, 5] = 0.5  85.75
y[5, 15, 6, 11, 9, 7, 19, 17, 16, 5] = 0.5  101.34
y[5, 14, 21, 23, 5] = 0.5  38.17
y[5, 16, 17, 20, 15, 18, 12, 5] = 0.5  64.23
y[5, 21, 13, 10, 18, 12, 5] = 0.5  57.49
y[5, 23, 5] = 0.5  14.0
y[5, 20, 7, 19, 9, 11, 24, 6, 22, 10, 5] = 0.5  109.22
y[5, 14, 8, 25, 13, 5] = 0.5  69.58
true  80
-------------Iter CG 8-------------
LP Objective Value = 352.3,   sum y = 4.14
x[1, 2, 5, 1],  82.93
y[5, 21, 10, 22, 24, 6, 15, 5] = 0.14  83.22
y[5, 15, 6, 22, 8, 25, 5] = 0.29  87.51
y[5, 15, 7, 19, 9, 11, 24, 22, 10, 5] = 0.14  108.85
y[5, 12, 18, 21, 14, 5] = 0.14  43.3
y[5, 15, 6, 11, 9, 7, 19, 17, 16, 5] = 0.14  101.34
y[5, 14, 21, 23, 5] = 0.14  38.17
y[5, 16, 17, 20, 15, 18, 12, 5] = 0.29  64.23
y[5, 21, 13, 10, 18, 12, 5] = 0.29  57.49
y[5, 16, 17, 19, 7, 9, 11, 24, 12, 5] = 0.29  100.2
y[5, 23, 5] = 0.86  14.0
y[5, 20, 7, 19, 9, 11, 24, 6, 22, 10, 5] = 0.43  109.22
y[5, 14, 8, 25, 13, 5] = 0.71  69.58
y[5, 21, 18, 20, 17, 16, 5] = 0.29  66.14
true  30
-------------Iter CG 9-------------
LP Objective Value = 351.26,   sum y = 4.0
x[1, 2, 5, 1],  82.93
y[5, 22, 6, 24, 11, 9, 7, 19, 16, 5] = 0.17  109.64
y[5, 15, 24, 11, 9, 7, 19, 17, 5] = 0.17  100.09
y[5, 17, 19, 7, 9, 11, 24, 6, 10, 5] = 0.08  99.92
y[5, 15, 6, 22, 8, 25, 5] = 0.42  87.51
y[5, 16, 19, 7, 9, 11, 24, 22, 10, 12, 5] = 0.08  107.15
y[5, 14, 21, 23, 5] = 0.42  38.17
y[5, 10, 22, 6, 24, 11, 9, 7, 19, 20, 5] = 0.33  108.37
y[5, 16, 17, 20, 15, 18, 12, 5] = 0.42  64.23
y[5, 21, 13, 10, 18, 12, 5] = 0.42  57.49
y[5, 16, 17, 19, 7, 9, 11, 24, 12, 5] = 0.08  100.2
y[5, 23, 5] = 0.58  14.0
y[5, 16, 17, 20, 19, 7, 9, 11, 24, 10, 5] = 0.08  105.33
y[5, 14, 8, 25, 13, 5] = 0.58  69.58
y[5, 21, 18, 20, 17, 16, 5] = 0.17  66.14
true  9
-------------Iter CG 10-------------
LP Objective Value = 350.26,   sum y = 4.0
x[1, 2, 5, 1],  82.93
y[5, 22, 6, 24, 11, 9, 7, 19, 16, 5] = 0.14  109.64
y[5, 15, 24, 11, 9, 7, 19, 17, 5] = 0.14  100.09
y[5, 16, 17, 19, 7, 9, 11, 24, 10, 5] = 0.14  100.75
y[5, 14, 21, 23, 5] = 0.43  38.17
y[5, 10, 22, 6, 24, 11, 9, 7, 19, 20, 5] = 0.43  108.37
y[5, 16, 17, 20, 15, 18, 12, 5] = 0.43  64.23
y[5, 21, 13, 10, 18, 12, 5] = 0.43  57.49
y[5, 16, 17, 19, 7, 9, 11, 24, 12, 5] = 0.14  100.2
y[5, 23, 5] = 0.57  14.0
y[5, 8, 25, 22, 6, 15, 5] = 0.43  85.13
y[5, 14, 8, 25, 13, 5] = 0.57  69.58
y[5, 21, 18, 20, 17, 16, 5] = 0.14  66.14
true  2
-------------Iter CG 11-------------
LP Objective Value = 350.26,   sum y = 4.0
x[1, 2, 5, 1],  82.93
y[5, 22, 6, 24, 11, 9, 7, 19, 16, 5] = 0.14  109.64
y[5, 15, 24, 11, 9, 7, 19, 17, 5] = 0.14  100.09
y[5, 16, 17, 19, 7, 9, 11, 24, 10, 5] = 0.14  100.75
y[5, 14, 21, 23, 5] = 0.43  38.17
y[5, 10, 22, 6, 24, 11, 9, 7, 19, 20, 5] = 0.43  108.37
y[5, 16, 17, 20, 15, 18, 12, 5] = 0.43  64.23
y[5, 21, 13, 10, 18, 12, 5] = 0.43  57.49
y[5, 16, 17, 19, 7, 9, 11, 24, 12, 5] = 0.14  100.2
y[5, 23, 5] = 0.57  14.0
y[5, 8, 25, 22, 6, 15, 5] = 0.43  85.13
y[5, 14, 8, 25, 13, 5] = 0.57  69.58
y[5, 21, 18, 20, 17, 16, 5] = 0.14  66.14
false  0
MILP Result:
362.81
[1, 2, 5, 1]    82.93
[5, 14, 8, 25, 13, 5]   69.58
[5, 21, 23, 5]   37.82
[5, 16, 17, 15, 18, 12, 5]   64.11
[5, 10, 22, 6, 24, 11, 9, 7, 19, 20, 5]   108.37
Branching stack contains now 1 nodes, current upper bound is 362.81

================Iteration 1 of B&P for SP1 [1, 2, 5, 1] parkings[5]================
Display selected node 0, parent node 0: from 1 nodes
- Branching node in depth: 0

  Branching node with fractional score: 3.71
  Branching node with cg lower bound: 350.26
  Branching node with LB reduction: Inf
  Branching node with FS reduction: Inf
  Total reduction: -0.0

Solve a child node 1
   + Customers MUST      served together:  (16, 24)  

-------------Iter CG 1-------------
LP Objective Value = 353.43,   sum y = 4.05
x[1, 2, 5, 1],  82.93
y[5, 22, 6, 24, 11, 9, 7, 19, 16, 5] = 0.1  109.64
y[5, 17, 19, 9, 11, 6, 22, 5] = 0.05  106.37
y[5, 16, 20, 19, 7, 9, 11, 24, 6, 15, 5] = 0.1  104.54
y[5, 16, 17, 20, 19, 7, 9, 11, 24, 5] = 0.2  104.02
y[5, 14, 21, 23, 5] = 0.3  38.17
y[5, 21, 13, 10, 18, 12, 5] = 0.6  57.49
y[5, 17, 20, 15, 18, 14, 5] = 0.3  64.82
y[5, 16, 17, 19, 7, 9, 11, 24, 12, 5] = 0.2  100.2
y[5, 16, 20, 19, 7, 9, 11, 24, 22, 10, 5] = 0.25  109.74
y[5, 16, 17, 19, 7, 9, 24, 6, 10, 12, 5] = 0.05  99.63
y[5, 23, 5] = 0.7  14.0
y[5, 16, 17, 7, 9, 11, 24, 6, 10, 5] = 0.05  91.37
y[5, 16, 17, 20, 19, 7, 11, 24, 6, 10, 12, 5] = 0.05  105.22
y[5, 8, 25, 22, 6, 15, 5] = 0.6  85.13
y[5, 14, 8, 25, 13, 5] = 0.4  69.58
y[5, 21, 12, 18, 20, 17, 5] = 0.1  65.67
true  21
-------------Iter CG 2-------------
LP Objective Value = 352.86,   sum y = 4.11
x[1, 2, 5, 1],  82.93
y[5, 22, 6, 24, 11, 9, 7, 19, 16, 5] = 0.11  109.64
y[5, 16, 20, 19, 7, 9, 11, 24, 6, 15, 5] = 0.06  104.54
y[5, 16, 17, 20, 19, 7, 9, 11, 24, 5] = 0.22  104.02
y[5, 14, 21, 23, 5] = 0.22  38.17
y[5, 15, 6, 22, 8, 13, 5] = 0.11  85.14
y[5, 21, 13, 10, 18, 12, 5] = 0.5  57.49
y[5, 12, 6, 22, 25, 13, 5] = 0.11  84.88
y[5, 17, 20, 15, 18, 14, 5] = 0.22  64.82
y[5, 16, 17, 19, 7, 9, 11, 24, 12, 5] = 0.11  100.2
y[5, 16, 20, 19, 7, 9, 11, 24, 22, 10, 5] = 0.06  109.74
y[5, 23, 5] = 0.78  14.0
y[5, 16, 17, 20, 19, 7, 9, 11, 24, 10, 5] = 0.44  105.33
y[5, 8, 25, 22, 6, 15, 5] = 0.61  85.13
y[5, 14, 8, 25, 13, 5] = 0.28  69.58
y[5, 18, 12, 21, 14, 5] = 0.28  43.24
true  1
-------------Iter CG 3-------------
LP Objective Value = 352.86,   sum y = 4.11
x[1, 2, 5, 1],  82.93
y[5, 22, 6, 24, 11, 9, 7, 19, 16, 5] = 0.11  109.64
y[5, 16, 20, 19, 7, 9, 11, 24, 6, 15, 5] = 0.06  104.54
y[5, 16, 17, 20, 19, 7, 9, 11, 24, 5] = 0.22  104.02
y[5, 14, 21, 23, 5] = 0.22  38.17
y[5, 15, 6, 22, 8, 13, 5] = 0.11  85.14
y[5, 21, 13, 10, 18, 12, 5] = 0.5  57.49
y[5, 12, 6, 22, 25, 13, 5] = 0.11  84.88
y[5, 17, 20, 15, 18, 14, 5] = 0.22  64.82
y[5, 16, 17, 19, 7, 9, 11, 24, 12, 5] = 0.11  100.2
y[5, 16, 20, 19, 7, 9, 11, 24, 22, 10, 5] = 0.06  109.74
y[5, 23, 5] = 0.78  14.0
y[5, 16, 17, 20, 19, 7, 9, 11, 24, 10, 5] = 0.44  105.33
y[5, 8, 25, 22, 6, 15, 5] = 0.61  85.13
y[5, 14, 8, 25, 13, 5] = 0.28  69.58
y[5, 18, 12, 21, 14, 5] = 0.28  43.24
false  0

Solve a child node 2
   + Customers FORBIDDEN served together:  (16, 24)  

-------------Iter CG 1-------------
LP Objective Value = 352.15,   sum y = 4.11
x[1, 2, 5, 1],  82.93
y[5, 21, 10, 22, 24, 6, 15, 5] = 0.11  83.22
y[5, 15, 7, 19, 9, 11, 24, 22, 10, 5] = 0.16  108.85
y[5, 15, 22, 24, 11, 9, 7, 19, 20, 5] = 0.11  110.48
y[5, 15, 6, 11, 9, 7, 19, 17, 16, 5] = 0.16  101.34
y[5, 14, 21, 23, 5] = 0.13  38.17
y[5, 10, 22, 6, 24, 11, 9, 7, 19, 20, 5] = 0.47  108.37
y[5, 15, 6, 24, 22, 8, 10, 12, 5] = 0.02  88.5
y[5, 16, 17, 20, 15, 18, 12, 5] = 0.31  64.23
y[5, 21, 13, 10, 18, 12, 5] = 0.13  57.49
y[5, 15, 6, 24, 22, 25, 5] = 0.02  88.26
y[5, 23, 5] = 0.87  14.0
y[5, 16, 17, 18, 12, 21, 5] = 0.53  64.6
y[5, 20, 7, 19, 9, 11, 24, 6, 10, 21, 5] = 0.09  103.43
y[5, 8, 25, 22, 6, 15, 5] = 0.11  85.13
y[5, 14, 8, 25, 13, 5] = 0.87  69.58
y[5, 18, 10, 6, 24, 11, 9, 7, 19, 20, 5] = 0.02  99.91
true  2
-------------Iter CG 2-------------
LP Objective Value = 352.15,   sum y = 4.11
x[1, 2, 5, 1],  82.93
y[5, 21, 10, 22, 24, 6, 15, 5] = 0.11  83.22
y[5, 15, 7, 19, 9, 11, 24, 22, 10, 5] = 0.16  108.85
y[5, 15, 22, 24, 11, 9, 7, 19, 20, 5] = 0.11  110.48
y[5, 15, 6, 11, 9, 7, 19, 17, 16, 5] = 0.16  101.34
y[5, 14, 21, 23, 5] = 0.13  38.17
y[5, 10, 22, 6, 24, 11, 9, 7, 19, 20, 5] = 0.47  108.37
y[5, 15, 6, 24, 22, 8, 10, 12, 5] = 0.02  88.5
y[5, 16, 17, 20, 15, 18, 12, 5] = 0.31  64.23
y[5, 21, 13, 10, 18, 12, 5] = 0.13  57.49
y[5, 15, 6, 24, 22, 25, 5] = 0.02  88.26
y[5, 23, 5] = 0.87  14.0
y[5, 16, 17, 18, 12, 21, 5] = 0.53  64.6
y[5, 20, 7, 19, 9, 11, 24, 6, 10, 21, 5] = 0.09  103.43
y[5, 8, 25, 22, 6, 15, 5] = 0.11  85.13
y[5, 14, 8, 25, 13, 5] = 0.87  69.58
y[5, 18, 10, 6, 24, 11, 9, 7, 19, 20, 5] = 0.02  99.91
false  0

================Iteration 2 of B&P for SP1 [1, 2, 5, 1] parkings[5]================
Display selected node 2, parent node 0: from 2 nodes
- Branching node in depth: 1
   + Customers FORBIDDEN served together:  (16, 24)  

  Branching node with fractional score: 2.58
  Branching node with cg lower bound: 352.15
  Branching node with LB reduction: 1.89
  Branching node with FS reduction: -1.14
  Total reduction: 0.75
Branch on total number of 2e routes:  4.0, 5.0

Solve a child node 3
   + Customers FORBIDDEN served together:  (16, 24)  
   # Total number of 2e routes cannot UNDER:   5  

-------------Iter CG 1-------------
LP Objective Value = 362.78,   sum y = 5.0
x[1, 2, 5, 1],  82.93
y[5, 8, 25, 22, 24, 5] = 0.5  85.75
y[5, 15, 6, 11, 9, 7, 19, 17, 16, 5] = 0.5  101.34
y[5, 10, 22, 6, 24, 11, 9, 7, 19, 20, 5] = 0.5  108.37
y[5, 16, 17, 20, 15, 18, 12, 5] = 0.5  64.23
y[5, 21, 13, 10, 18, 12, 5] = 0.5  57.49
y[5, 23, 5] = 1.5  14.0
y[5, 21, 14, 5] = 0.5  30.94
y[5, 14, 8, 25, 13, 5] = 0.5  69.58
false  0

Solve a child node 4
   + Customers FORBIDDEN served together:  (16, 24)  
   # Total number of 2e routes cannot EXCEED:   4  

-------------Iter CG 1-------------
LP Objective Value = 352.31,   sum y = 4.0
x[1, 2, 5, 1],  82.93
y[5, 15, 24, 11, 9, 7, 19, 17, 5] = 0.15  100.09
y[5, 18, 10, 22, 24, 6, 15, 5] = 0.03  80.55
y[5, 15, 7, 19, 9, 11, 24, 22, 10, 5] = 0.08  108.85
y[5, 16, 15, 8, 25, 13, 5] = 0.15  89.84
y[5, 15, 6, 11, 9, 7, 19, 17, 16, 5] = 0.08  101.34
y[5, 14, 21, 23, 5] = 0.33  38.17
y[5, 10, 22, 6, 24, 11, 9, 7, 19, 20, 5] = 0.69  108.37
y[5, 15, 6, 24, 22, 8, 10, 12, 5] = 0.03  88.5
y[5, 16, 17, 20, 15, 18, 12, 5] = 0.31  64.23
y[5, 21, 13, 10, 18, 12, 5] = 0.18  57.49
y[5, 15, 6, 24, 22, 25, 5] = 0.03  88.26
y[5, 23, 5] = 0.64  14.0
y[5, 16, 17, 18, 12, 21, 5] = 0.46  64.6
y[5, 8, 25, 22, 6, 15, 5] = 0.15  85.13
y[5, 12, 18, 21, 23, 5] = 0.03  50.18
y[5, 14, 8, 25, 13, 5] = 0.67  69.58
true  17
-------------Iter CG 2-------------
LP Objective Value = 352.22,   sum y = 4.0
x[1, 2, 5, 1],  82.93
y[5, 15, 24, 11, 9, 7, 19, 17, 5] = 0.15  100.09
y[5, 23, 21, 12, 18, 5] = 0.03  50.12
y[5, 18, 10, 22, 24, 6, 15, 5] = 0.03  80.55
y[5, 15, 7, 19, 9, 11, 24, 22, 10, 5] = 0.08  108.85
y[5, 15, 6, 11, 9, 7, 19, 17, 16, 5] = 0.08  101.34
y[5, 14, 21, 23, 5] = 0.33  38.17
y[5, 10, 22, 6, 24, 11, 9, 7, 19, 20, 5] = 0.69  108.37
y[5, 15, 6, 24, 22, 8, 10, 12, 5] = 0.03  88.5
y[5, 16, 17, 20, 15, 18, 12, 5] = 0.31  64.23
y[5, 21, 13, 10, 18, 12, 5] = 0.18  57.49
y[5, 15, 6, 24, 22, 25, 5] = 0.03  88.26
y[5, 23, 5] = 0.64  14.0
y[5, 16, 15, 25, 8, 13, 5] = 0.15  89.27
y[5, 16, 17, 18, 12, 21, 5] = 0.46  64.6
y[5, 8, 25, 22, 6, 15, 5] = 0.15  85.13
y[5, 14, 8, 25, 13, 5] = 0.67  69.58
true  2
-------------Iter CG 3-------------
LP Objective Value = 352.22,   sum y = 4.0
x[1, 2, 5, 1],  82.93
y[5, 15, 24, 11, 9, 7, 19, 17, 5] = 0.15  100.09
y[5, 23, 21, 12, 18, 5] = 0.03  50.12
y[5, 18, 10, 22, 24, 6, 15, 5] = 0.03  80.55
y[5, 15, 7, 19, 9, 11, 24, 22, 10, 5] = 0.08  108.85
y[5, 15, 6, 11, 9, 7, 19, 17, 16, 5] = 0.08  101.34
y[5, 14, 21, 23, 5] = 0.33  38.17
y[5, 10, 22, 6, 24, 11, 9, 7, 19, 20, 5] = 0.69  108.37
y[5, 15, 6, 24, 22, 8, 10, 12, 5] = 0.03  88.5
y[5, 16, 17, 20, 15, 18, 12, 5] = 0.31  64.23
y[5, 21, 13, 10, 18, 12, 5] = 0.18  57.49
y[5, 15, 6, 24, 22, 25, 5] = 0.03  88.26
y[5, 23, 5] = 0.64  14.0
y[5, 16, 15, 25, 8, 13, 5] = 0.15  89.27
y[5, 16, 17, 18, 12, 21, 5] = 0.46  64.6
y[5, 8, 25, 22, 6, 15, 5] = 0.15  85.13
y[5, 14, 8, 25, 13, 5] = 0.67  69.58
false  0

================Iteration 3 of B&P for SP1 [1, 2, 5, 1] parkings[5]================
Display selected node 4, parent node 2: from 3 nodes
- Branching node in depth: 2
   + Customers FORBIDDEN served together:  (16, 24)  
   # Total number of 2e routes cannot EXCEED:   4  

  Branching node with fractional score: 3.0
  Branching node with cg lower bound: 352.22
  Branching node with LB reduction: 0.03
  Branching node with FS reduction: 0.21
  Total reduction: 0.29

Solve a child node 5
   + Customers MUST      served together:  (15, 24)  
   + Customers FORBIDDEN served together:  (16, 24)  
   # Total number of 2e routes cannot EXCEED:   4  

-------------Iter CG 1-------------
LP Objective Value = 358.12,   sum y = 4.0
x[1, 2, 5, 1],  82.93
y[5, 20, 7, 19, 9, 11, 24, 6, 15, 10, 12, 5] = 0.5  108.5
y[5, 23, 21, 12, 18, 5] = 0.17  50.12
y[5, 16, 17, 19, 7, 9, 11, 22, 5] = 0.5  106.75
y[5, 18, 10, 22, 24, 6, 15, 5] = 0.17  80.55
y[5, 14, 21, 23, 5] = 0.17  38.17
y[5, 15, 6, 24, 22, 8, 10, 12, 5] = 0.17  88.5
y[5, 21, 13, 10, 18, 12, 5] = 0.17  57.49
y[5, 15, 6, 24, 22, 25, 5] = 0.17  88.26
y[5, 23, 5] = 0.67  14.0
y[5, 14, 8, 25, 13, 5] = 0.83  69.58
y[5, 21, 18, 20, 17, 16, 5] = 0.5  66.14
true  58
-------------Iter CG 2-------------
LP Objective Value = 355.4,   sum y = 4.0
x[1, 2, 5, 1],  82.93
y[5, 15, 24, 11, 9, 7, 19, 17, 5] = 0.1  100.09
y[5, 23, 21, 12, 18, 5] = 0.1  50.12
y[5, 20, 19, 7, 9, 11, 24, 22, 15, 5] = 0.3  110.48
y[5, 18, 10, 22, 24, 6, 15, 5] = 0.2  80.55
y[5, 15, 7, 19, 9, 11, 24, 22, 10, 5] = 0.1  108.85
y[5, 14, 21, 23, 5] = 0.2  38.17
y[5, 15, 6, 24, 22, 8, 10, 12, 5] = 0.1  88.5
y[5, 21, 13, 10, 18, 12, 5] = 0.2  57.49
y[5, 15, 6, 24, 22, 25, 5] = 0.2  88.26
y[5, 23, 5] = 0.7  14.0
y[5, 16, 17, 18, 12, 21, 5] = 0.2  64.6
y[5, 16, 17, 20, 19, 7, 9, 11, 6, 10, 12, 5] = 0.4  104.73
y[5, 14, 8, 25, 13, 5] = 0.8  69.58
y[5, 16, 19, 7, 9, 11, 6, 22, 8, 5] = 0.1  115.63
y[5, 21, 18, 20, 17, 16, 5] = 0.3  66.14
true  13
-------------Iter CG 3-------------
LP Objective Value = 355.4,   sum y = 4.0
x[1, 2, 5, 1],  82.93
y[5, 15, 24, 11, 9, 7, 19, 17, 5] = 0.1  100.09
y[5, 23, 21, 12, 18, 5] = 0.1  50.12
y[5, 20, 19, 7, 9, 11, 24, 22, 15, 5] = 0.3  110.48
y[5, 18, 10, 22, 24, 6, 15, 5] = 0.2  80.55
y[5, 15, 7, 19, 9, 11, 24, 22, 10, 5] = 0.1  108.85
y[5, 14, 21, 23, 5] = 0.2  38.17
y[5, 15, 6, 24, 22, 8, 10, 12, 5] = 0.1  88.5
y[5, 21, 13, 10, 18, 12, 5] = 0.2  57.49
y[5, 15, 6, 24, 22, 25, 5] = 0.2  88.26
y[5, 23, 5] = 0.7  14.0
y[5, 16, 17, 18, 12, 21, 5] = 0.2  64.6
y[5, 16, 17, 20, 19, 7, 9, 11, 6, 10, 12, 5] = 0.4  104.73
y[5, 14, 8, 25, 13, 5] = 0.8  69.58
y[5, 16, 19, 7, 9, 11, 6, 22, 8, 5] = 0.1  115.63
y[5, 21, 18, 20, 17, 16, 5] = 0.3  66.14
false  0

Solve a child node 6
   + Customers FORBIDDEN served together:  (16, 24)  (15, 24)  
   # Total number of 2e routes cannot EXCEED:   4  

-------------Iter CG 1-------------
LP Objective Value = 352.4,   sum y = 4.0
x[1, 2, 5, 1],  82.93
y[5, 8, 25, 22, 24, 5] = 0.5  85.75
y[5, 15, 6, 11, 9, 7, 19, 17, 16, 5] = 0.5  101.34
y[5, 14, 21, 23, 5] = 0.5  38.17
y[5, 10, 22, 6, 24, 11, 9, 7, 19, 20, 5] = 0.5  108.37
y[5, 16, 17, 20, 15, 18, 12, 5] = 0.5  64.23
y[5, 21, 13, 10, 18, 12, 5] = 0.5  57.49
y[5, 23, 5] = 0.5  14.0
y[5, 14, 8, 25, 13, 5] = 0.5  69.58
true  5
-------------Iter CG 2-------------
LP Objective Value = 352.4,   sum y = 4.0
x[1, 2, 5, 1],  82.93
y[5, 8, 25, 22, 24, 5] = 0.5  85.75
y[5, 15, 6, 11, 9, 7, 19, 17, 16, 5] = 0.5  101.34
y[5, 14, 21, 23, 5] = 0.5  38.17
y[5, 10, 22, 6, 24, 11, 9, 7, 19, 20, 5] = 0.5  108.37
y[5, 16, 17, 20, 15, 18, 12, 5] = 0.5  64.23
y[5, 21, 13, 10, 18, 12, 5] = 0.5  57.49
y[5, 23, 5] = 0.5  14.0
y[5, 14, 8, 25, 13, 5] = 0.5  69.58
false  0

================Iteration 4 of B&P for SP1 [1, 2, 5, 1] parkings[5]================
Display selected node 6, parent node 4: from 4 nodes
- Branching node in depth: 3
   + Customers FORBIDDEN served together:  (16, 24)  (15, 24)  
   # Total number of 2e routes cannot EXCEED:   4  

  Branching node with fractional score: 4.0
  Branching node with cg lower bound: 352.4
  Branching node with LB reduction: 0.06
  Branching node with FS reduction: 0.33
  Total reduction: 0.56

Solve a child node 7
   + Customers MUST      served together:  (16, 20)  
   + Customers FORBIDDEN served together:  (16, 24)  (15, 24)  
   # Total number of 2e routes cannot EXCEED:   4  

-------------Iter CG 1-------------
LP Objective Value = 360.06,   sum y = 4.0
x[1, 2, 5, 1],  82.93
y[5, 17, 19, 7, 9, 11, 24, 6, 10, 5] = 0.5  99.92
y[5, 8, 25, 22, 24, 5] = 0.5  85.75
y[5, 14, 21, 23, 5] = 0.5  38.17
y[5, 16, 17, 20, 15, 18, 12, 5] = 0.5  64.23
y[5, 23, 5] = 0.5  14.0
y[5, 21, 13, 18, 15, 5] = 0.5  70.95
y[5, 16, 20, 19, 7, 9, 11, 6, 22, 10, 12, 5] = 0.5  111.66
y[5, 14, 8, 25, 13, 5] = 0.5  69.58
true  10
-------------Iter CG 2-------------
LP Objective Value = 359.44,   sum y = 4.0
x[1, 2, 5, 1],  82.93
y[5, 17, 19, 7, 9, 11, 24, 6, 10, 5] = 0.5  99.92
y[5, 21, 18, 15, 20, 16, 5] = 0.14  66.97
y[5, 8, 25, 22, 24, 5] = 0.29  85.75
y[5, 16, 20, 19, 7, 9, 11, 6, 18, 5] = 0.07  101.89
y[5, 14, 21, 23, 5] = 0.57  38.17
y[5, 15, 22, 25, 13, 5] = 0.21  86.13
y[5, 16, 17, 20, 15, 18, 12, 5] = 0.36  64.23
y[5, 21, 13, 10, 18, 12, 5] = 0.21  57.49
y[5, 16, 20, 19, 7, 9, 11, 6, 10, 18, 5] = 0.14  103.2
y[5, 23, 5] = 0.43  14.0
y[5, 13, 8, 22, 24, 12, 5] = 0.21  86.53
y[5, 16, 20, 19, 7, 9, 11, 6, 22, 10, 12, 5] = 0.14  111.66
y[5, 16, 17, 20, 19, 7, 9, 11, 15, 5] = 0.14  100.4
y[5, 8, 25, 22, 6, 15, 5] = 0.14  85.13
y[5, 14, 8, 25, 13, 5] = 0.36  69.58
y[5, 18, 12, 21, 14, 5] = 0.07  43.24
true  5
-------------Iter CG 3-------------
LP Objective Value = 359.44,   sum y = 4.0
x[1, 2, 5, 1],  82.93
y[5, 17, 19, 7, 9, 11, 24, 6, 10, 5] = 0.5  99.92
y[5, 21, 18, 15, 20, 16, 5] = 0.14  66.97
y[5, 8, 25, 22, 24, 5] = 0.29  85.75
y[5, 16, 20, 19, 7, 9, 11, 6, 18, 5] = 0.07  101.89
y[5, 14, 21, 23, 5] = 0.57  38.17
y[5, 15, 22, 25, 13, 5] = 0.21  86.13
y[5, 16, 17, 20, 15, 18, 12, 5] = 0.36  64.23
y[5, 21, 13, 10, 18, 12, 5] = 0.21  57.49
y[5, 16, 20, 19, 7, 9, 11, 6, 10, 18, 5] = 0.14  103.2
y[5, 23, 5] = 0.43  14.0
y[5, 13, 8, 22, 24, 12, 5] = 0.21  86.53
y[5, 16, 20, 19, 7, 9, 11, 6, 22, 10, 12, 5] = 0.14  111.66
y[5, 16, 17, 20, 19, 7, 9, 11, 15, 5] = 0.14  100.4
y[5, 8, 25, 22, 6, 15, 5] = 0.14  85.13
y[5, 14, 8, 25, 13, 5] = 0.36  69.58
y[5, 18, 12, 21, 14, 5] = 0.07  43.24
false  0

Solve a child node 8
   + Customers FORBIDDEN served together:  (16, 24)  (15, 24)  (16, 20)  
   # Total number of 2e routes cannot EXCEED:   4  

-------------Iter CG 1-------------
LP Objective Value = 356.3,   sum y = 4.0
x[1, 2, 5, 1],  82.93
y[5, 17, 19, 7, 9, 11, 24, 6, 10, 5] = 0.08  99.92
y[5, 8, 25, 22, 24, 5] = 0.04  85.75
y[5, 14, 21, 23, 5] = 0.37  38.17
y[5, 10, 22, 6, 24, 11, 9, 7, 19, 20, 5] = 0.62  108.37
y[5, 15, 22, 25, 13, 5] = 0.08  86.13
y[5, 21, 13, 10, 18, 12, 5] = 0.12  57.49
y[5, 17, 20, 15, 18, 14, 5] = 0.17  64.82
y[5, 23, 5] = 0.63  14.0
y[5, 16, 17, 15, 18, 12, 5] = 0.21  64.11
y[5, 16, 17, 19, 7, 9, 11, 15, 12, 5] = 0.12  99.38
y[5, 16, 15, 25, 8, 13, 5] = 0.25  89.27
y[5, 16, 17, 18, 12, 21, 5] = 0.42  64.6
y[5, 12, 8, 25, 22, 15, 20, 5] = 0.04  91.26
y[5, 13, 8, 22, 24, 12, 5] = 0.08  86.53
y[5, 20, 7, 19, 9, 11, 24, 6, 10, 21, 5] = 0.08  103.43
y[5, 8, 25, 22, 6, 15, 5] = 0.13  85.13
y[5, 14, 8, 25, 13, 5] = 0.46  69.58
y[5, 18, 10, 6, 24, 11, 9, 7, 19, 20, 5] = 0.08  99.91
true  1
-------------Iter CG 2-------------
LP Objective Value = 356.3,   sum y = 4.0
x[1, 2, 5, 1],  82.93
y[5, 17, 19, 7, 9, 11, 24, 6, 10, 5] = 0.08  99.92
y[5, 8, 25, 22, 24, 5] = 0.04  85.75
y[5, 14, 21, 23, 5] = 0.38  38.17
y[5, 10, 22, 6, 24, 11, 9, 7, 19, 20, 5] = 0.62  108.37
y[5, 15, 22, 25, 13, 5] = 0.08  86.13
y[5, 21, 13, 10, 18, 12, 5] = 0.12  57.49
y[5, 17, 20, 15, 18, 14, 5] = 0.17  64.82
y[5, 23, 5] = 0.62  14.0
y[5, 16, 17, 15, 18, 12, 5] = 0.21  64.11
y[5, 16, 17, 19, 7, 9, 11, 15, 12, 5] = 0.12  99.38
y[5, 16, 15, 25, 8, 13, 5] = 0.25  89.27
y[5, 16, 17, 18, 12, 21, 5] = 0.42  64.6
y[5, 12, 8, 25, 22, 15, 20, 5] = 0.04  91.26
y[5, 13, 8, 22, 24, 12, 5] = 0.08  86.53
y[5, 20, 7, 19, 9, 11, 24, 6, 10, 21, 5] = 0.08  103.43
y[5, 8, 25, 22, 6, 15, 5] = 0.12  85.13
y[5, 14, 8, 25, 13, 5] = 0.46  69.58
y[5, 18, 10, 6, 24, 11, 9, 7, 19, 20, 5] = 0.08  99.91
false  0

================Iteration 5 of B&P for SP1 [1, 2, 5, 1] parkings[5]================
Display selected node 8, parent node 6: from 5 nodes
- Branching node in depth: 4
   + Customers FORBIDDEN served together:  (16, 24)  (15, 24)  (16, 20)  
   # Total number of 2e routes cannot EXCEED:   4  

  Branching node with fractional score: 3.5
  Branching node with cg lower bound: 356.3
  Branching node with LB reduction: 0.98
  Branching node with FS reduction: -0.12
  Total reduction: 1.43

Solve a child node 9
   + Customers MUST      served together:  (12, 15)  
   + Customers FORBIDDEN served together:  (16, 24)  (15, 24)  (16, 20)  
   # Total number of 2e routes cannot EXCEED:   4  

-------------Iter CG 1-------------
LP Objective Value = 358.3,   sum y = 4.0
x[1, 2, 5, 1],  82.93
y[5, 23, 13, 21, 5] = 0.25  55.8
y[5, 12, 8, 25, 22, 15, 5] = 0.25  85.66
y[5, 14, 21, 23, 5] = 0.25  38.17
y[5, 10, 22, 6, 24, 11, 9, 7, 19, 20, 5] = 0.75  108.37
y[5, 23, 5] = 0.5  14.0
y[5, 16, 17, 15, 18, 12, 5] = 0.75  64.11
y[5, 20, 7, 19, 9, 11, 24, 6, 10, 21, 5] = 0.25  103.43
y[5, 14, 8, 25, 13, 5] = 0.75  69.58
y[5, 21, 18, 17, 16, 5] = 0.25  64.24
true  3
-------------Iter CG 2-------------
LP Objective Value = 358.3,   sum y = 4.0
x[1, 2, 5, 1],  82.93
y[5, 23, 13, 21, 5] = 0.25  55.8
y[5, 12, 8, 25, 22, 15, 5] = 0.25  85.66
y[5, 14, 21, 23, 5] = 0.25  38.17
y[5, 10, 22, 6, 24, 11, 9, 7, 19, 20, 5] = 0.75  108.37
y[5, 23, 5] = 0.5  14.0
y[5, 16, 17, 15, 18, 12, 5] = 0.75  64.11
y[5, 20, 7, 19, 9, 11, 24, 6, 10, 21, 5] = 0.25  103.43
y[5, 14, 8, 25, 13, 5] = 0.75  69.58
y[5, 21, 18, 17, 16, 5] = 0.25  64.24
false  0

Solve a child node 10
   + Customers FORBIDDEN served together:  (12, 15)  (16, 24)  (15, 24)  (16, 20)  
   # Total number of 2e routes cannot EXCEED:   4  

-------------Iter CG 1-------------
LP Objective Value = 357.18,   sum y = 4.0
x[1, 2, 5, 1],  82.93
y[5, 20, 7, 19, 9, 11, 24, 6, 10, 12, 14, 5] = 0.16  101.71
y[5, 23, 21, 12, 18, 5] = 0.11  50.12
y[5, 8, 25, 22, 24, 5] = 0.05  85.75
y[5, 15, 6, 11, 9, 7, 19, 17, 16, 5] = 0.16  101.34
y[5, 14, 21, 23, 5] = 0.21  38.17
y[5, 10, 22, 6, 24, 11, 9, 7, 19, 20, 5] = 0.53  108.37
y[5, 15, 22, 25, 13, 5] = 0.11  86.13
y[5, 21, 13, 10, 18, 12, 5] = 0.16  57.49
y[5, 15, 11, 9, 7, 19, 17, 16, 5] = 0.11  95.81
y[5, 17, 20, 15, 18, 14, 5] = 0.26  64.82
y[5, 23, 5] = 0.68  14.0
y[5, 16, 15, 25, 8, 13, 5] = 0.26  89.27
y[5, 16, 17, 18, 12, 21, 5] = 0.47  64.6
y[5, 13, 8, 22, 24, 12, 5] = 0.11  86.53
y[5, 20, 7, 19, 9, 11, 24, 6, 10, 21, 5] = 0.05  103.43
y[5, 8, 25, 22, 6, 15, 5] = 0.11  85.13
y[5, 24, 22, 25, 8, 10, 5] = 0.11  87.59
y[5, 14, 8, 25, 13, 5] = 0.37  69.58
false  0

================Iteration 6 of B&P for SP1 [1, 2, 5, 1] parkings[5]================
Display selected node 10, parent node 8: from 6 nodes
- Branching node in depth: 5
   + Customers FORBIDDEN served together:  (12, 15)  (16, 24)  (15, 24)  (16, 20)  
   # Total number of 2e routes cannot EXCEED:   4  

  Branching node with fractional score: 3.58
  Branching node with cg lower bound: 357.18
  Branching node with LB reduction: 0.18
  Branching node with FS reduction: 0.02
  Total reduction: 0.37

Solve a child node 11
   + Customers MUST      served together:  (8, 24)  
   + Customers FORBIDDEN served together:  (12, 15)  (16, 24)  (15, 24)  (16, 20)  
   # Total number of 2e routes cannot EXCEED:   4  

-------------Iter CG 1-------------
LP Objective Value = 367.62,   sum y = 4.0
x[1, 2, 5, 1],  82.93
y[5, 21, 13, 25, 10, 5] = 0.07  71.25
y[5, 23, 13, 21, 5] = 0.11  55.8
y[5, 21, 13, 10, 18, 12, 16, 5] = 0.36  74.2
y[5, 14, 21, 13, 5] = 0.07  49.87
y[5, 8, 25, 22, 24, 5] = 0.5  85.75
y[5, 16, 17, 19, 7, 9, 15, 10, 14, 5] = 0.11  99.01
y[5, 15, 6, 11, 9, 7, 19, 17, 16, 5] = 0.36  101.34
y[5, 14, 21, 23, 5] = 0.29  38.17
y[5, 21, 13, 10, 18, 12, 5] = 0.11  57.49
y[5, 8, 22, 6, 24, 11, 7, 19, 20, 5] = 0.04  114.82
y[5, 12, 6, 22, 25, 13, 5] = 0.21  84.88
y[5, 17, 20, 15, 18, 14, 5] = 0.54  64.82
y[5, 20, 7, 9, 11, 24, 22, 8, 5] = 0.11  100.53
y[5, 16, 19, 7, 11, 6, 25, 13, 5] = 0.07  116.68
y[5, 23, 5] = 0.61  14.0
y[5, 20, 7, 19, 9, 11, 24, 6, 8, 10, 12, 5] = 0.32  114.93
y[5, 24, 22, 25, 8, 10, 5] = 0.04  87.59
y[5, 16, 19, 9, 11, 22, 25, 5] = 0.11  113.12
true  25
-------------Iter CG 2-------------
LP Objective Value = 366.96,   sum y = 4.0
x[1, 2, 5, 1],  82.93
y[5, 23, 13, 21, 5] = 0.2  55.8
y[5, 21, 13, 10, 18, 12, 16, 5] = 0.4  74.2
y[5, 8, 25, 22, 24, 5] = 0.4  85.75
y[5, 15, 6, 11, 9, 7, 19, 17, 16, 5] = 0.4  101.34
y[5, 14, 21, 23, 5] = 0.2  38.17
y[5, 12, 6, 22, 25, 13, 5] = 0.2  84.88
y[5, 17, 20, 15, 18, 14, 5] = 0.6  64.82
y[5, 23, 5] = 0.6  14.0
y[5, 20, 7, 19, 9, 11, 24, 6, 8, 10, 12, 5] = 0.4  114.93
y[5, 14, 13, 21, 5] = 0.2  49.83
y[5, 16, 19, 7, 9, 11, 22, 25, 5] = 0.2  114.95
y[5, 24, 22, 25, 8, 10, 5] = 0.2  87.59
true  1
-------------Iter CG 3-------------
LP Objective Value = 366.96,   sum y = 4.0
x[1, 2, 5, 1],  82.93
y[5, 23, 13, 21, 5] = 0.2  55.8
y[5, 21, 13, 10, 18, 12, 16, 5] = 0.4  74.2
y[5, 8, 25, 22, 24, 5] = 0.4  85.75
y[5, 15, 6, 11, 9, 7, 19, 17, 16, 5] = 0.4  101.34
y[5, 14, 21, 23, 5] = 0.2  38.17
y[5, 12, 6, 22, 25, 13, 5] = 0.2  84.88
y[5, 17, 20, 15, 18, 14, 5] = 0.6  64.82
y[5, 23, 5] = 0.6  14.0
y[5, 20, 7, 19, 9, 11, 24, 6, 8, 10, 12, 5] = 0.4  114.93
y[5, 14, 13, 21, 5] = 0.2  49.83
y[5, 16, 19, 7, 9, 11, 22, 25, 5] = 0.2  114.95
y[5, 24, 22, 25, 8, 10, 5] = 0.2  87.59
false  0
Exceed Upper Bound, prune

Solve a child node 12
   + Customers FORBIDDEN served together:  (8, 24)  (12, 15)  (16, 24)  (15, 24)  (16, 20)  
   # Total number of 2e routes cannot EXCEED:   4  

-------------Iter CG 1-------------
LP Objective Value = 358.97,   sum y = 4.0
x[1, 2, 5, 1],  82.93
y[5, 21, 10, 22, 24, 9, 19, 5] = 0.02  105.74
y[5, 17, 19, 7, 9, 11, 24, 6, 10, 5] = 0.21  99.92
y[5, 23, 21, 12, 18, 5] = 0.12  50.12
y[5, 17, 7, 9, 11, 24, 6, 10, 12, 5] = 0.02  90.54
y[5, 8, 25, 22, 15, 16, 5] = 0.1  92.59
y[5, 10, 22, 6, 24, 11, 9, 7, 19, 20, 5] = 0.67  108.37
y[5, 15, 6, 22, 8, 13, 5] = 0.1  85.14
y[5, 15, 22, 25, 13, 5] = 0.1  86.13
y[5, 15, 11, 9, 7, 19, 17, 16, 5] = 0.02  95.81
y[5, 17, 20, 15, 18, 14, 5] = 0.27  64.82
y[5, 13, 25, 8, 14, 5] = 0.38  69.58
y[5, 23, 5] = 0.69  14.0
y[5, 20, 7, 19, 9, 11, 24, 10, 12, 21, 5] = 0.06  105.39
y[5, 16, 15, 25, 8, 13, 5] = 0.42  89.27
y[5, 16, 17, 18, 12, 21, 5] = 0.46  64.6
y[5, 23, 14, 21, 12, 5] = 0.19  46.38
y[5, 17, 19, 7, 11, 24, 22, 10, 5] = 0.02  106.21
y[5, 18, 12, 21, 14, 5] = 0.15  43.24
true  4
-------------Iter CG 2-------------
LP Objective Value = 358.93,   sum y = 4.0
x[1, 2, 5, 1],  82.93
y[5, 17, 19, 7, 9, 11, 24, 6, 10, 5] = 0.22  99.92
y[5, 23, 21, 12, 18, 5] = 0.11  50.12
y[5, 17, 7, 9, 11, 24, 6, 10, 12, 5] = 0.02  90.54
y[5, 8, 25, 22, 15, 16, 5] = 0.11  92.59
y[5, 14, 21, 23, 5] = 0.02  38.17
y[5, 10, 22, 6, 24, 11, 9, 7, 19, 20, 5] = 0.67  108.37
y[5, 15, 6, 22, 8, 13, 5] = 0.09  85.14
y[5, 15, 22, 25, 13, 5] = 0.09  86.13
y[5, 21, 13, 10, 18, 12, 5] = 0.02  57.49
y[5, 15, 11, 9, 7, 19, 17, 16, 5] = 0.02  95.81
y[5, 17, 20, 15, 18, 14, 5] = 0.27  64.82
y[5, 13, 25, 8, 14, 5] = 0.38  69.58
y[5, 23, 5] = 0.69  14.0
y[5, 20, 7, 19, 9, 11, 24, 10, 12, 21, 5] = 0.06  105.39
y[5, 16, 15, 25, 8, 13, 5] = 0.42  89.27
y[5, 16, 17, 18, 12, 21, 5] = 0.45  64.6
y[5, 17, 19, 7, 11, 24, 22, 10, 5] = 0.02  106.21
y[5, 24, 22, 9, 19, 17, 5] = 0.02  109.03
y[5, 18, 12, 21, 14, 5] = 0.16  43.24
y[5, 23, 21, 12, 14, 5] = 0.19  46.31
false  0

================Iteration 7 of B&P for SP1 [1, 2, 5, 1] parkings[5]================
Display selected node 9, parent node 8: from 6 nodes
- Branching node in depth: 5
   + Customers MUST      served together:  (12, 15)  
   + Customers FORBIDDEN served together:  (16, 24)  (15, 24)  (16, 20)  
   # Total number of 2e routes cannot EXCEED:   4  

  Branching node with fractional score: 2.5
  Branching node with cg lower bound: 358.3
  Branching node with LB reduction: 0.4
  Branching node with FS reduction: -0.2
  Total reduction: 0.38

Solve a child node 13
   + Customers MUST      served together:  (12, 15)  (21, 23)  
   + Customers FORBIDDEN served together:  (16, 24)  (15, 24)  (16, 20)  
   # Total number of 2e routes cannot EXCEED:   4  

-------------Iter CG 1-------------
LP Objective Value = 362.81,   sum y = 4.0
x[1, 2, 5, 1],  82.93
y[5, 10, 22, 6, 24, 11, 9, 7, 19, 20, 5] = 1.0  108.37
y[5, 13, 25, 8, 14, 5] = 1.0  69.58
y[5, 16, 17, 15, 18, 12, 5] = 1.0  64.11
y[5, 21, 23, 5] = 1.0  37.82
false  0
Integer solution found

Solve a child node 14
   + Customers MUST      served together:  (12, 15)  
   + Customers FORBIDDEN served together:  (16, 24)  (15, 24)  (16, 20)  (21, 23)  
   # Total number of 2e routes cannot EXCEED:   4  

-------------Iter CG 1-------------
LP Objective Value = 362.21,   sum y = 4.0
x[1, 2, 5, 1],  82.93
y[5, 21, 13, 18, 5] = 0.2  56.0
y[5, 16, 17, 15, 12, 23, 5] = 0.4  73.36
y[5, 15, 18, 12, 21, 14, 5] = 0.2  58.19
y[5, 12, 8, 25, 22, 15, 5] = 0.2  85.66
y[5, 10, 22, 6, 24, 11, 9, 7, 19, 20, 5] = 0.8  108.37
y[5, 13, 25, 8, 14, 5] = 0.8  69.58
y[5, 23, 5] = 0.6  14.0
y[5, 16, 17, 15, 18, 12, 5] = 0.2  64.11
y[5, 20, 7, 19, 9, 11, 24, 6, 10, 21, 5] = 0.2  103.43
y[5, 21, 18, 17, 16, 5] = 0.4  64.24
true  130
-------------Iter CG 2-------------
LP Objective Value = 362.21,   sum y = 4.0
x[1, 2, 5, 1],  82.93
y[5, 21, 13, 18, 5] = 0.2  56.0
y[5, 16, 17, 15, 12, 23, 5] = 0.4  73.36
y[5, 15, 18, 12, 21, 14, 5] = 0.2  58.19
y[5, 12, 8, 25, 22, 15, 5] = 0.2  85.66
y[5, 10, 22, 6, 24, 11, 9, 7, 19, 20, 5] = 0.8  108.37
y[5, 13, 25, 8, 14, 5] = 0.8  69.58
y[5, 23, 5] = 0.6  14.0
y[5, 16, 17, 15, 18, 12, 5] = 0.2  64.11
y[5, 20, 7, 19, 9, 11, 24, 6, 10, 21, 5] = 0.2  103.43
y[5, 21, 18, 17, 16, 5] = 0.4  64.24
true  21
-------------Iter CG 3-------------
LP Objective Value = 362.21,   sum y = 4.0
x[1, 2, 5, 1],  82.93
y[5, 21, 13, 18, 5] = 0.2  56.0
y[5, 16, 17, 15, 12, 23, 5] = 0.4  73.36
y[5, 15, 18, 12, 21, 14, 5] = 0.2  58.19
y[5, 12, 8, 25, 22, 15, 5] = 0.2  85.66
y[5, 10, 22, 6, 24, 11, 9, 7, 19, 20, 5] = 0.8  108.37
y[5, 13, 25, 8, 14, 5] = 0.8  69.58
y[5, 23, 5] = 0.6  14.0
y[5, 16, 17, 15, 18, 12, 5] = 0.2  64.11
y[5, 20, 7, 19, 9, 11, 24, 6, 10, 21, 5] = 0.2  103.43
y[5, 21, 18, 17, 16, 5] = 0.4  64.24
false  0

================Iteration 8 of B&P for SP1 [1, 2, 5, 1] parkings[5]================
Display selected node 12, parent node 10: from 6 nodes
- Branching node in depth: 6
   + Customers FORBIDDEN served together:  (8, 24)  (12, 15)  (16, 24)  (15, 24)  (16, 20)  
   # Total number of 2e routes cannot EXCEED:   4  

  Branching node with fractional score: 3.28
  Branching node with cg lower bound: 358.93
  Branching node with LB reduction: 0.29
  Branching node with FS reduction: -0.05
  Total reduction: 0.52

Solve a child node 15
   + Customers MUST      served together:  (12, 17)  
   + Customers FORBIDDEN served together:  (8, 24)  (12, 15)  (16, 24)  (15, 24)  (16, 20)  
   # Total number of 2e routes cannot EXCEED:   4  

-------------Iter CG 1-------------
LP Objective Value = 365.03,   sum y = 4.0
x[1, 2, 5, 1],  82.93
y[5, 25, 8, 22, 15, 20, 5] = 0.25  92.67
y[5, 20, 7, 19, 9, 11, 24, 6, 10, 14, 5] = 0.25  101.25
y[5, 23, 21, 14, 5] = 0.37  38.17
y[5, 10, 22, 6, 24, 11, 9, 7, 19, 20, 5] = 0.12  108.37
y[5, 15, 6, 22, 8, 13, 5] = 0.25  85.14
y[5, 15, 22, 25, 13, 5] = 0.25  86.13
y[5, 12, 10, 6, 24, 9, 7, 19, 17, 5] = 0.13  98.81
y[5, 13, 25, 8, 14, 5] = 0.25  69.58
y[5, 23, 5] = 0.63  14.0
y[5, 12, 10, 6, 24, 11, 9, 7, 17, 5] = 0.13  90.54
y[5, 16, 17, 19, 9, 11, 12, 14, 5] = 0.13  97.45
y[5, 16, 15, 25, 8, 13, 5] = 0.25  89.27
y[5, 16, 17, 18, 12, 21, 5] = 0.63  64.6
y[5, 18, 10, 22, 24, 11, 7, 19, 20, 5] = 0.13  106.2
y[5, 18, 10, 6, 24, 11, 9, 7, 19, 20, 5] = 0.25  99.91
true  3
-------------Iter CG 2-------------
LP Objective Value = 363.52,   sum y = 4.0
x[1, 2, 5, 1],  82.93
y[5, 17, 19, 7, 11, 24, 6, 10, 12, 5] = 0.06  99.81
y[5, 23, 14, 18, 15, 20, 5] = 0.16  68.14
y[5, 25, 8, 22, 15, 20, 5] = 0.09  92.67
y[5, 17, 7, 9, 11, 24, 6, 10, 12, 5] = 0.06  90.54
y[5, 15, 25, 8, 13, 5] = 0.06  81.36
y[5, 14, 21, 23, 5] = 0.16  38.17
y[5, 10, 22, 6, 24, 11, 9, 7, 19, 20, 5] = 0.72  108.37
y[5, 15, 22, 25, 13, 5] = 0.09  86.13
y[5, 12, 10, 6, 24, 9, 7, 19, 17, 5] = 0.16  98.81
y[5, 15, 11, 22, 8, 13, 5] = 0.09  95.77
y[5, 13, 25, 8, 14, 5] = 0.44  69.58
y[5, 23, 5] = 0.69  14.0
y[5, 16, 17, 19, 9, 11, 12, 14, 5] = 0.06  97.45
y[5, 16, 15, 25, 8, 13, 5] = 0.31  89.27
y[5, 16, 17, 18, 12, 21, 5] = 0.63  64.6
y[5, 15, 18, 14, 21, 5] = 0.19  61.02
y[5, 21, 12, 18, 20, 17, 5] = 0.03  65.67
true  2
-------------Iter CG 3-------------
LP Objective Value = 363.52,   sum y = 4.0
x[1, 2, 5, 1],  82.93
y[5, 17, 19, 7, 11, 24, 6, 10, 12, 5] = 0.06  99.81
y[5, 23, 14, 18, 15, 20, 5] = 0.16  68.14
y[5, 25, 8, 22, 15, 20, 5] = 0.09  92.67
y[5, 17, 7, 9, 11, 24, 6, 10, 12, 5] = 0.06  90.54
y[5, 15, 25, 8, 13, 5] = 0.06  81.36
y[5, 14, 21, 23, 5] = 0.16  38.17
y[5, 10, 22, 6, 24, 11, 9, 7, 19, 20, 5] = 0.72  108.37
y[5, 15, 22, 25, 13, 5] = 0.09  86.13
y[5, 12, 10, 6, 24, 9, 7, 19, 17, 5] = 0.16  98.81
y[5, 15, 11, 22, 8, 13, 5] = 0.09  95.77
y[5, 13, 25, 8, 14, 5] = 0.44  69.58
y[5, 23, 5] = 0.69  14.0
y[5, 16, 17, 19, 9, 11, 12, 14, 5] = 0.06  97.45
y[5, 16, 15, 25, 8, 13, 5] = 0.31  89.27
y[5, 16, 17, 18, 12, 21, 5] = 0.62  64.6
y[5, 15, 18, 14, 21, 5] = 0.19  61.02
y[5, 21, 12, 18, 20, 17, 5] = 0.03  65.67
false  0
Exceed Upper Bound, prune

Solve a child node 16
   + Customers FORBIDDEN served together:  (8, 24)  (12, 15)  (12, 17)  (16, 24)  (15, 24)  (16, 20)  
   # Total number of 2e routes cannot EXCEED:   4  

-------------Iter CG 1-------------
LP Objective Value = 361.71,   sum y = 4.0
x[1, 2, 5, 1],  82.93
y[5, 17, 19, 7, 9, 11, 24, 6, 10, 5] = 0.14  99.92
y[5, 21, 13, 18, 12, 5] = 0.14  56.42
y[5, 23, 21, 12, 18, 5] = 0.14  50.12
y[5, 8, 25, 22, 15, 16, 5] = 0.14  92.59
y[5, 12, 10, 6, 24, 22, 25, 5] = 0.14  87.06
y[5, 13, 25, 8, 12, 5] = 0.14  70.55
y[5, 10, 22, 6, 24, 11, 9, 7, 19, 20, 5] = 0.71  108.37
y[5, 15, 11, 9, 7, 19, 17, 16, 5] = 0.14  95.81
y[5, 17, 20, 15, 18, 14, 5] = 0.29  64.82
y[5, 23, 5] = 0.57  14.0
y[5, 16, 15, 25, 8, 13, 5] = 0.29  89.27
y[5, 14, 8, 25, 13, 5] = 0.29  69.58
y[5, 21, 18, 17, 16, 5] = 0.29  64.24
y[5, 18, 12, 21, 14, 5] = 0.14  43.24
y[5, 23, 21, 12, 14, 5] = 0.29  46.31
y[5, 16, 17, 15, 8, 13, 5] = 0.14  89.47
false  0

================Iteration 9 of B&P for SP1 [1, 2, 5, 1] parkings[5]================
Display selected node 16, parent node 12: from 6 nodes
- Branching node in depth: 7
   + Customers FORBIDDEN served together:  (8, 24)  (12, 15)  (12, 17)  (16, 24)  (15, 24)  (16, 20)  
   # Total number of 2e routes cannot EXCEED:   4  

  Branching node with fractional score: 3.43
  Branching node with cg lower bound: 361.71
  Branching node with LB reduction: 0.4
  Branching node with FS reduction: 0.02
  Total reduction: 0.99

Solve a child node 17
   + Customers MUST      served together:  (8, 12)  
   + Customers FORBIDDEN served together:  (8, 24)  (12, 15)  (12, 17)  (16, 24)  (15, 24)  (16, 20)  
   # Total number of 2e routes cannot EXCEED:   4  

-------------Iter CG 1-------------
LP Objective Value = 363.71,   sum y = 4.0
x[1, 2, 5, 1],  82.93
y[5, 13, 25, 8, 12, 5] = 1.0  70.55
y[5, 14, 21, 23, 5] = 1.0  38.17
y[5, 10, 22, 6, 24, 11, 9, 7, 19, 20, 5] = 1.0  108.37
y[5, 18, 15, 17, 16, 5] = 1.0  63.69
true  1
-------------Iter CG 2-------------
LP Objective Value = 363.71,   sum y = 4.0
x[1, 2, 5, 1],  82.93
y[5, 13, 25, 8, 12, 5] = 1.0  70.55
y[5, 14, 21, 23, 5] = 1.0  38.17
y[5, 10, 22, 6, 24, 11, 9, 7, 19, 20, 5] = 1.0  108.37
y[5, 18, 15, 17, 16, 5] = 1.0  63.69
false  0
Exceed Upper Bound, prune

Solve a child node 18
   + Customers FORBIDDEN served together:  (8, 24)  (12, 15)  (8, 12)  (12, 17)  (16, 24)  (15, 24)  (16, 20)  
   # Total number of 2e routes cannot EXCEED:   4  

-------------Iter CG 1-------------
LP Objective Value = 361.93,   sum y = 4.0
x[1, 2, 5, 1],  82.93
y[5, 21, 13, 18, 12, 5] = 0.13  56.42
y[5, 23, 21, 12, 18, 5] = 0.25  50.12
y[5, 14, 21, 12, 18, 5] = 0.13  43.24
y[5, 8, 25, 22, 15, 16, 5] = 0.13  92.59
y[5, 12, 10, 6, 24, 22, 25, 5] = 0.25  87.06
y[5, 15, 6, 11, 9, 7, 19, 17, 16, 5] = 0.12  101.34
y[5, 10, 22, 6, 24, 11, 9, 7, 19, 20, 5] = 0.62  108.37
y[5, 15, 11, 9, 7, 19, 17, 16, 5] = 0.12  95.81
y[5, 17, 20, 15, 18, 14, 5] = 0.25  64.82
y[5, 13, 25, 8, 14, 5] = 0.5  69.58
y[5, 23, 5] = 0.63  14.0
y[5, 20, 7, 19, 9, 11, 24, 10, 12, 21, 5] = 0.13  105.39
y[5, 16, 15, 25, 8, 13, 5] = 0.13  89.27
y[5, 21, 18, 17, 16, 5] = 0.25  64.24
y[5, 23, 21, 12, 14, 5] = 0.12  46.31
y[5, 16, 17, 15, 8, 13, 5] = 0.25  89.47
false  0

================Iteration 10 of B&P for SP1 [1, 2, 5, 1] parkings[5]================
Display selected node 18, parent node 16: from 6 nodes
- Branching node in depth: 8
   + Customers FORBIDDEN served together:  (8, 24)  (12, 15)  (8, 12)  (12, 17)  (16, 24)  (15, 24)  (16, 20)  
   # Total number of 2e routes cannot EXCEED:   4  

  Branching node with fractional score: 3.5
  Branching node with cg lower bound: 361.93
  Branching node with LB reduction: 0.03
  Branching node with FS reduction: 0.01
  Total reduction: 0.09

Solve a child node 19
   + Customers MUST      served together:  (15, 16)  
   + Customers FORBIDDEN served together:  (8, 24)  (12, 15)  (8, 12)  (12, 17)  (16, 24)  (15, 24)  (16, 20)  
   # Total number of 2e routes cannot EXCEED:   4  

-------------Iter CG 1-------------
LP Objective Value = 363.57,   sum y = 4.0
x[1, 2, 5, 1],  82.93
y[5, 23, 21, 12, 18, 5] = 0.25  50.12
y[5, 12, 10, 6, 24, 22, 25, 5] = 0.25  87.06
y[5, 10, 22, 6, 24, 11, 9, 7, 19, 20, 5] = 0.75  108.37
y[5, 15, 11, 9, 7, 19, 17, 16, 5] = 0.25  95.81
y[5, 18, 15, 17, 16, 5] = 0.25  63.69
y[5, 13, 25, 8, 14, 5] = 0.5  69.58
y[5, 23, 5] = 0.5  14.0
y[5, 16, 15, 25, 8, 13, 5] = 0.25  89.27
y[5, 18, 12, 21, 14, 5] = 0.25  43.24
y[5, 17, 20, 18, 21, 5] = 0.25  65.31
y[5, 23, 21, 12, 14, 5] = 0.25  46.31
y[5, 16, 17, 15, 8, 13, 5] = 0.25  89.47
false  0
Exceed Upper Bound, prune

Solve a child node 20
   + Customers FORBIDDEN served together:  (8, 24)  (12, 15)  (8, 12)  (12, 17)  (16, 24)  (15, 24)  (16, 20)  (15, 16)  
   # Total number of 2e routes cannot EXCEED:   4  

-------------Iter CG 1-------------
LP Objective Value = 366.35,   sum y = 4.0
x[1, 2, 5, 1],  82.93
y[5, 17, 19, 7, 9, 11, 24, 6, 10, 5] = 0.11  99.92
y[5, 20, 7, 19, 9, 11, 24, 6, 10, 12, 14, 5] = 0.11  101.71
y[5, 16, 17, 19, 7, 9, 11, 22, 5] = 0.22  106.75
y[5, 23, 21, 12, 18, 16, 5] = 0.33  64.76
y[5, 12, 10, 6, 24, 22, 25, 5] = 0.22  87.06
y[5, 15, 25, 8, 13, 5] = 0.44  81.36
y[5, 10, 22, 6, 24, 11, 9, 7, 19, 20, 5] = 0.33  108.37
y[5, 15, 6, 22, 8, 13, 5] = 0.22  85.14
y[5, 14, 21, 12, 18, 16, 5] = 0.11  57.88
y[5, 17, 20, 15, 18, 14, 5] = 0.33  64.82
y[5, 13, 25, 8, 14, 5] = 0.33  69.58
y[5, 23, 5] = 0.67  14.0
y[5, 20, 7, 19, 9, 11, 24, 10, 12, 21, 5] = 0.22  105.39
y[5, 14, 21, 17, 16, 5] = 0.11  62.06
y[5, 21, 18, 17, 16, 5] = 0.22  64.24
false  0
Exceed Upper Bound, prune

================Iteration 11 of B&P for SP1 [1, 2, 5, 1] parkings[5]================
Display selected node 14, parent node 9: from 5 nodes
- Branching node in depth: 6
   + Customers MUST      served together:  (12, 15)  
   + Customers FORBIDDEN served together:  (16, 24)  (15, 24)  (16, 20)  (21, 23)  
   # Total number of 2e routes cannot EXCEED:   4  

  Branching node with fractional score: 2.6
  Branching node with cg lower bound: 362.21
  Branching node with LB reduction: 0.65
  Branching node with FS reduction: 0.02
  Total reduction: 1.43

Solve a child node 21
   + Customers MUST      served together:  (12, 15)  (12, 21)  
   + Customers FORBIDDEN served together:  (16, 24)  (15, 24)  (16, 20)  (21, 23)  
   # Total number of 2e routes cannot EXCEED:   4  

-------------Iter CG 1-------------
LP Objective Value = 366.57,   sum y = 4.0
x[1, 2, 5, 1],  82.93
y[5, 15, 18, 12, 21, 14, 5] = 0.25  58.19
y[5, 8, 25, 22, 24, 5] = 0.06  85.75
y[5, 10, 22, 6, 24, 11, 9, 7, 19, 20, 5] = 0.56  108.37
y[5, 13, 25, 8, 14, 5] = 0.69  69.58
y[5, 23, 5] = 0.56  14.0
y[5, 14, 18, 17, 16, 5] = 0.06  60.92
y[5, 13, 25, 22, 6, 10, 5] = 0.06  85.38
y[5, 16, 19, 7, 9, 11, 22, 25, 5] = 0.06  114.95
y[5, 24, 22, 25, 8, 10, 5] = 0.13  87.59
y[5, 16, 17, 15, 12, 21, 5] = 0.75  68.87
y[5, 16, 19, 7, 9, 11, 6, 22, 8, 5] = 0.13  115.63
y[5, 17, 20, 18, 23, 5] = 0.19  70.1
y[5, 23, 13, 18, 5] = 0.25  62.23
y[5, 18, 10, 6, 24, 11, 9, 7, 19, 20, 5] = 0.25  99.91
true  96
-------------Iter CG 2-------------
LP Objective Value = 364.97,   sum y = 4.0
x[1, 2, 5, 1],  82.93
y[5, 17, 19, 9, 11, 6, 22, 5] = 0.04  106.37
y[5, 20, 6, 22, 25, 8, 10, 5] = 0.02  92.25
y[5, 16, 17, 18, 23, 5] = 0.21  69.03
y[5, 16, 17, 19, 7, 15, 12, 21, 5] = 0.1  90.88
y[5, 15, 18, 12, 21, 14, 5] = 0.31  58.19
y[5, 10, 22, 6, 24, 11, 9, 7, 19, 20, 5] = 0.44  108.37
y[5, 20, 7, 9, 11, 24, 22, 8, 5] = 0.1  100.53
y[5, 13, 25, 8, 14, 5] = 0.69  69.58
y[5, 23, 5] = 0.63  14.0
y[5, 16, 17, 19, 9, 11, 22, 10, 5] = 0.06  104.95
y[5, 13, 25, 22, 6, 10, 5] = 0.02  85.38
y[5, 24, 22, 25, 8, 10, 5] = 0.15  87.59
y[5, 16, 17, 15, 12, 21, 5] = 0.58  68.87
y[5, 16, 19, 7, 9, 11, 6, 22, 8, 5] = 0.04  115.63
y[5, 23, 13, 18, 5] = 0.17  62.23
y[5, 18, 10, 6, 24, 11, 9, 7, 19, 20, 5] = 0.31  99.91
y[5, 20, 6, 22, 25, 13, 5] = 0.13  91.85
true  70
-------------Iter CG 3-------------
LP Objective Value = 364.88,   sum y = 4.0
x[1, 2, 5, 1],  82.93
y[5, 16, 17, 18, 23, 5] = 0.25  69.03
y[5, 16, 17, 19, 7, 15, 12, 21, 5] = 0.06  90.88
y[5, 8, 25, 22, 11, 7, 19, 20, 5] = 0.06  113.54
y[5, 15, 18, 12, 21, 14, 5] = 0.31  58.19
y[5, 8, 25, 22, 24, 5] = 0.06  85.75
y[5, 10, 22, 6, 24, 11, 9, 7, 19, 20, 5] = 0.5  108.37
y[5, 20, 7, 9, 11, 24, 22, 8, 5] = 0.06  100.53
y[5, 13, 25, 8, 14, 5] = 0.69  69.58
y[5, 23, 5] = 0.62  14.0
y[5, 16, 17, 19, 9, 11, 22, 10, 5] = 0.06  104.95
y[5, 13, 25, 22, 6, 10, 5] = 0.06  85.38
y[5, 24, 22, 25, 8, 10, 5] = 0.06  87.59
y[5, 16, 17, 15, 12, 21, 5] = 0.63  68.87
y[5, 13, 8, 22, 6, 9, 5] = 0.06  98.59
y[5, 23, 13, 18, 5] = 0.13  62.23
y[5, 18, 10, 6, 24, 11, 9, 7, 19, 20, 5] = 0.31  99.91
y[5, 20, 6, 22, 25, 13, 5] = 0.06  91.85
true  4
-------------Iter CG 4-------------
LP Objective Value = 364.88,   sum y = 4.0
x[1, 2, 5, 1],  82.93
y[5, 16, 17, 18, 23, 5] = 0.25  69.03
y[5, 16, 17, 19, 7, 15, 12, 21, 5] = 0.06  90.88
y[5, 8, 25, 22, 11, 7, 19, 20, 5] = 0.06  113.54
y[5, 15, 18, 12, 21, 14, 5] = 0.31  58.19
y[5, 8, 25, 22, 24, 5] = 0.06  85.75
y[5, 10, 22, 6, 24, 11, 9, 7, 19, 20, 5] = 0.5  108.37
y[5, 20, 7, 9, 11, 24, 22, 8, 5] = 0.06  100.53
y[5, 13, 25, 8, 14, 5] = 0.69  69.58
y[5, 23, 5] = 0.62  14.0
y[5, 16, 17, 19, 9, 11, 22, 10, 5] = 0.06  104.95
y[5, 13, 25, 22, 6, 10, 5] = 0.06  85.38
y[5, 24, 22, 25, 8, 10, 5] = 0.06  87.59
y[5, 16, 17, 15, 12, 21, 5] = 0.63  68.87
y[5, 13, 8, 22, 6, 9, 5] = 0.06  98.59
y[5, 23, 13, 18, 5] = 0.13  62.23
y[5, 18, 10, 6, 24, 11, 9, 7, 19, 20, 5] = 0.31  99.91
y[5, 20, 6, 22, 25, 13, 5] = 0.06  91.85
false  0
Exceed Upper Bound, prune

Solve a child node 22
   + Customers MUST      served together:  (12, 15)  
   + Customers FORBIDDEN served together:  (16, 24)  (15, 24)  (16, 20)  (21, 23)  (12, 21)  
   # Total number of 2e routes cannot EXCEED:   4  

-------------Iter CG 1-------------
LP Objective Value = 364.02,   sum y = 4.0
x[1, 2, 5, 1],  82.93
y[5, 21, 13, 18, 5] = 0.5  56.0
y[5, 16, 17, 15, 12, 23, 5] = 0.5  73.36
y[5, 10, 22, 6, 24, 11, 9, 7, 19, 20, 5] = 1.0  108.37
y[5, 23, 5] = 0.5  14.0
y[5, 16, 17, 15, 18, 12, 5] = 0.5  64.11
y[5, 21, 25, 8, 14, 5] = 0.5  68.39
y[5, 14, 8, 25, 13, 5] = 0.5  69.58
true  64
-------------Iter CG 2-------------
LP Objective Value = 364.02,   sum y = 4.0
x[1, 2, 5, 1],  82.93
y[5, 21, 13, 18, 5] = 0.5  56.0
y[5, 16, 17, 15, 12, 23, 5] = 0.5  73.36
y[5, 10, 22, 6, 24, 11, 9, 7, 19, 20, 5] = 1.0  108.37
y[5, 23, 5] = 0.5  14.0
y[5, 16, 17, 15, 18, 12, 5] = 0.5  64.11
y[5, 21, 25, 8, 14, 5] = 0.5  68.39
y[5, 14, 8, 25, 13, 5] = 0.5  69.58
true  9
-------------Iter CG 3-------------
LP Objective Value = 364.02,   sum y = 4.0
x[1, 2, 5, 1],  82.93
y[5, 21, 13, 18, 5] = 0.5  56.0
y[5, 16, 17, 15, 12, 23, 5] = 0.5  73.36
y[5, 10, 22, 6, 24, 11, 9, 7, 19, 20, 5] = 1.0  108.37
y[5, 23, 5] = 0.5  14.0
y[5, 16, 17, 15, 18, 12, 5] = 0.5  64.11
y[5, 21, 25, 8, 14, 5] = 0.5  68.39
y[5, 14, 8, 25, 13, 5] = 0.5  69.58
false  0
Exceed Upper Bound, prune

================Iteration 12 of B&P for SP1 [1, 2, 5, 1] parkings[5]================
Display selected node 5, parent node 4: from 4 nodes
- Branching node in depth: 3
   + Customers MUST      served together:  (15, 24)  
   + Customers FORBIDDEN served together:  (16, 24)  
   # Total number of 2e routes cannot EXCEED:   4  

  Branching node with fractional score: 3.0
  Branching node with cg lower bound: 355.4
  Branching node with LB reduction: 1.06
  Branching node with FS reduction: 0.0
  Total reduction: 1.52

Solve a child node 23
   + Customers MUST      served together:  (22, 24)  (15, 24)  
   + Customers FORBIDDEN served together:  (16, 24)  
   # Total number of 2e routes cannot EXCEED:   4  

-------------Iter CG 1-------------
LP Objective Value = 355.62,   sum y = 4.0
x[1, 2, 5, 1],  82.93
y[5, 21, 10, 22, 24, 6, 15, 5] = 0.25  83.22
y[5, 23, 21, 12, 18, 5] = 0.25  50.12
y[5, 18, 10, 22, 24, 6, 15, 5] = 0.25  80.55
y[5, 15, 22, 24, 11, 9, 7, 19, 20, 5] = 0.5  110.48
y[5, 16, 17, 19, 7, 9, 11, 6, 10, 12, 5] = 0.25  100.14
y[5, 23, 5] = 0.75  14.0
y[5, 16, 17, 18, 12, 21, 5] = 0.25  64.6
y[5, 16, 17, 20, 19, 7, 9, 11, 6, 10, 12, 5] = 0.25  104.73
y[5, 14, 8, 25, 13, 5] = 1.0  69.58
y[5, 21, 18, 20, 17, 16, 5] = 0.25  66.14
true  1
-------------Iter CG 2-------------
LP Objective Value = 355.62,   sum y = 4.0
x[1, 2, 5, 1],  82.93
y[5, 21, 10, 22, 24, 6, 15, 5] = 0.25  83.22
y[5, 23, 21, 12, 18, 5] = 0.25  50.12
y[5, 18, 10, 22, 24, 6, 15, 5] = 0.25  80.55
y[5, 15, 22, 24, 11, 9, 7, 19, 20, 5] = 0.5  110.48
y[5, 16, 17, 19, 7, 9, 11, 6, 10, 12, 5] = 0.25  100.14
y[5, 23, 5] = 0.75  14.0
y[5, 16, 17, 18, 12, 21, 5] = 0.25  64.6
y[5, 16, 17, 20, 19, 7, 9, 11, 6, 10, 12, 5] = 0.25  104.73
y[5, 14, 8, 25, 13, 5] = 1.0  69.58
y[5, 21, 18, 20, 17, 16, 5] = 0.25  66.14
false  0

Solve a child node 24
   + Customers MUST      served together:  (15, 24)  
   + Customers FORBIDDEN served together:  (22, 24)  (16, 24)  
   # Total number of 2e routes cannot EXCEED:   4  

-------------Iter CG 1-------------
LP Objective Value = 364.65,   sum y = 4.0
x[1, 2, 5, 1],  82.93
y[5, 15, 24, 11, 9, 7, 19, 17, 5] = 0.67  100.09
y[5, 20, 7, 19, 9, 11, 24, 6, 15, 10, 12, 5] = 0.33  108.5
y[5, 21, 13, 10, 18, 12, 16, 5] = 0.33  74.2
y[5, 18, 10, 8, 13, 14, 5] = 0.33  68.36
y[5, 14, 21, 23, 5] = 0.33  38.17
y[5, 12, 6, 22, 25, 13, 5] = 0.33  84.88
y[5, 23, 5] = 0.67  14.0
y[5, 14, 8, 25, 22, 5] = 0.33  80.02
y[5, 16, 20, 6, 22, 8, 25, 5] = 0.33  96.69
y[5, 21, 18, 20, 17, 16, 5] = 0.33  66.14
true  181
-------------Iter CG 2-------------
LP Objective Value = 361.15,   sum y = 4.0
x[1, 2, 5, 1],  82.93
y[5, 15, 24, 11, 9, 7, 19, 17, 5] = 0.71  100.09
y[5, 16, 20, 19, 7, 22, 25, 8, 10, 5] = 0.14  116.57
y[5, 16, 17, 20, 18, 12, 14, 5] = 0.29  62.82
y[5, 14, 21, 23, 5] = 0.43  38.17
y[5, 12, 18, 10, 13, 21, 5] = 0.57  57.49
y[5, 13, 25, 8, 14, 5] = 0.14  69.58
y[5, 23, 5] = 0.57  14.0
y[5, 15, 9, 11, 24, 6, 18, 5] = 0.14  83.15
y[5, 16, 20, 6, 22, 8, 25, 5] = 0.43  96.69
y[5, 13, 25, 22, 6, 12, 5] = 0.14  84.88
y[5, 14, 13, 8, 22, 10, 5] = 0.14  80.36
y[5, 20, 7, 19, 9, 11, 24, 6, 15, 5] = 0.14  101.49
y[5, 16, 6, 22, 25, 8, 10, 5] = 0.14  94.82
true  6
-------------Iter CG 3-------------
LP Objective Value = 359.91,   sum y = 4.0
x[1, 2, 5, 1],  82.93
y[5, 13, 8, 22, 6, 20, 16, 5] = 0.2  94.31
y[5, 15, 24, 11, 9, 7, 19, 17, 5] = 0.8  100.09
y[5, 16, 20, 19, 7, 22, 25, 8, 10, 5] = 0.2  116.57
y[5, 16, 17, 20, 18, 12, 14, 5] = 0.2  62.82
y[5, 14, 21, 23, 5] = 0.4  38.17
y[5, 12, 18, 10, 13, 21, 5] = 0.4  57.49
y[5, 13, 25, 8, 14, 5] = 0.2  69.58
y[5, 23, 5] = 0.6  14.0
y[5, 15, 9, 11, 24, 6, 18, 5] = 0.2  83.15
y[5, 13, 25, 22, 6, 12, 5] = 0.2  84.88
y[5, 16, 20, 6, 22, 8, 25, 10, 5] = 0.4  98.33
y[5, 18, 12, 21, 14, 5] = 0.2  43.24
true  7
-------------Iter CG 4-------------
LP Objective Value = 359.91,   sum y = 4.0
x[1, 2, 5, 1],  82.93
y[5, 13, 8, 22, 6, 20, 16, 5] = 0.2  94.31
y[5, 15, 24, 11, 9, 7, 19, 17, 5] = 0.8  100.09
y[5, 16, 20, 19, 7, 22, 25, 8, 10, 5] = 0.2  116.57
y[5, 16, 17, 20, 18, 12, 14, 5] = 0.2  62.82
y[5, 14, 21, 12, 18, 5] = 0.2  43.24
y[5, 14, 21, 23, 5] = 0.4  38.17
y[5, 12, 6, 22, 25, 13, 5] = 0.2  84.88
y[5, 12, 18, 10, 13, 21, 5] = 0.4  57.49
y[5, 13, 25, 8, 14, 5] = 0.2  69.58
y[5, 23, 5] = 0.6  14.0
y[5, 15, 9, 11, 24, 6, 18, 5] = 0.2  83.15
y[5, 16, 20, 6, 22, 8, 25, 10, 5] = 0.4  98.33
true  4
-------------Iter CG 5-------------
LP Objective Value = 358.63,   sum y = 4.0
x[1, 2, 5, 1],  82.93
y[5, 13, 8, 22, 6, 20, 16, 5] = 0.2  94.31
y[5, 15, 24, 11, 9, 7, 19, 17, 5] = 0.8  100.09
y[5, 16, 17, 20, 18, 12, 14, 5] = 0.2  62.82
y[5, 10, 8, 25, 22, 6, 20, 16, 5] = 0.6  96.15
y[5, 14, 21, 23, 5] = 0.4  38.17
y[5, 12, 6, 22, 25, 13, 5] = 0.2  84.88
y[5, 12, 18, 10, 13, 21, 5] = 0.4  57.49
y[5, 13, 25, 8, 14, 5] = 0.2  69.58
y[5, 23, 5] = 0.6  14.0
y[5, 15, 7, 19, 9, 11, 24, 18, 5] = 0.2  101.53
y[5, 18, 12, 21, 14, 5] = 0.2  43.24
true  1
-------------Iter CG 6-------------
LP Objective Value = 358.63,   sum y = 4.0
x[1, 2, 5, 1],  82.93
y[5, 13, 8, 22, 6, 20, 16, 5] = 0.2  94.31
y[5, 15, 24, 11, 9, 7, 19, 17, 5] = 0.8  100.09
y[5, 16, 17, 20, 18, 12, 14, 5] = 0.2  62.82
y[5, 10, 8, 25, 22, 6, 20, 16, 5] = 0.6  96.15
y[5, 14, 21, 23, 5] = 0.4  38.17
y[5, 12, 6, 22, 25, 13, 5] = 0.2  84.88
y[5, 12, 18, 10, 13, 21, 5] = 0.4  57.49
y[5, 13, 25, 8, 14, 5] = 0.2  69.58
y[5, 23, 5] = 0.6  14.0
y[5, 15, 7, 19, 9, 11, 24, 18, 5] = 0.2  101.53
y[5, 18, 12, 21, 14, 5] = 0.2  43.24
false  0

================Iteration 13 of B&P for SP1 [1, 2, 5, 1] parkings[5]================
Display selected node 23, parent node 5: from 5 nodes
- Branching node in depth: 4
   + Customers MUST      served together:  (22, 24)  (15, 24)  
   + Customers FORBIDDEN served together:  (16, 24)  
   # Total number of 2e routes cannot EXCEED:   4  

  Branching node with fractional score: 2.5
  Branching node with cg lower bound: 355.62
  Branching node with LB reduction: 0.06
  Branching node with FS reduction: -0.13
  Total reduction: -0.12

Solve a child node 25
   + Customers MUST      served together:  (12, 16)  (22, 24)  (15, 24)  
   + Customers FORBIDDEN served together:  (16, 24)  
   # Total number of 2e routes cannot EXCEED:   4  

-------------Iter CG 1-------------
LP Objective Value = 356.3,   sum y = 4.0
x[1, 2, 5, 1],  82.93
y[5, 21, 10, 22, 24, 6, 15, 5] = 0.25  83.22
y[5, 18, 10, 22, 24, 6, 15, 5] = 0.25  80.55
y[5, 15, 22, 24, 11, 9, 7, 19, 20, 5] = 0.5  110.48
y[5, 13, 25, 8, 14, 5] = 1.0  69.58
y[5, 23, 5] = 0.75  14.0
y[5, 18, 21, 23, 5] = 0.25  49.75
y[5, 16, 17, 18, 12, 21, 5] = 0.5  64.6
y[5, 16, 17, 20, 19, 7, 9, 11, 6, 10, 12, 5] = 0.5  104.73
true  78
-------------Iter CG 2-------------
LP Objective Value = 356.3,   sum y = 4.0
x[1, 2, 5, 1],  82.93
y[5, 21, 10, 22, 24, 6, 15, 5] = 0.25  83.22
y[5, 18, 10, 22, 24, 6, 15, 5] = 0.25  80.55
y[5, 15, 22, 24, 11, 9, 7, 19, 20, 5] = 0.5  110.48
y[5, 23, 5] = 0.75  14.0
y[5, 18, 21, 23, 5] = 0.25  49.75
y[5, 16, 17, 18, 12, 21, 5] = 0.5  64.6
y[5, 16, 17, 20, 19, 7, 9, 11, 6, 10, 12, 5] = 0.5  104.73
y[5, 14, 8, 25, 13, 5] = 1.0  69.58
true  26
-------------Iter CG 3-------------
LP Objective Value = 356.3,   sum y = 4.0
x[1, 2, 5, 1],  82.93
y[5, 21, 10, 22, 24, 6, 15, 5] = 0.25  83.22
y[5, 18, 10, 22, 24, 6, 15, 5] = 0.25  80.55
y[5, 15, 22, 24, 11, 9, 7, 19, 20, 5] = 0.5  110.48
y[5, 23, 5] = 0.75  14.0
y[5, 18, 21, 23, 5] = 0.25  49.75
y[5, 16, 17, 18, 12, 21, 5] = 0.5  64.6
y[5, 16, 17, 20, 19, 7, 9, 11, 6, 10, 12, 5] = 0.5  104.73
y[5, 14, 8, 25, 13, 5] = 1.0  69.58
true  4
-------------Iter CG 4-------------
LP Objective Value = 356.3,   sum y = 4.0
x[1, 2, 5, 1],  82.93
y[5, 21, 10, 22, 24, 6, 15, 5] = 0.25  83.22
y[5, 18, 10, 22, 24, 6, 15, 5] = 0.25  80.55
y[5, 15, 22, 24, 11, 9, 7, 19, 20, 5] = 0.5  110.48
y[5, 23, 5] = 0.75  14.0
y[5, 18, 21, 23, 5] = 0.25  49.75
y[5, 16, 17, 18, 12, 21, 5] = 0.5  64.6
y[5, 16, 17, 20, 19, 7, 9, 11, 6, 10, 12, 5] = 0.5  104.73
y[5, 14, 8, 25, 13, 5] = 1.0  69.58
false  0

Solve a child node 26
   + Customers MUST      served together:  (22, 24)  (15, 24)  
   + Customers FORBIDDEN served together:  (12, 16)  (16, 24)  
   # Total number of 2e routes cannot EXCEED:   4  

-------------Iter CG 1-------------
LP Objective Value = 359.78,   sum y = 4.0
x[1, 2, 5, 1],  82.93
y[5, 15, 7, 9, 11, 24, 22, 10, 12, 5] = 0.1  96.13
y[5, 16, 17, 19, 9, 11, 18, 5] = 0.1  95.61
y[5, 16, 17, 19, 7, 9, 11, 6, 10, 5] = 0.1  100.14
y[5, 23, 21, 12, 18, 5] = 0.05  50.12
y[5, 16, 17, 19, 7, 11, 6, 10, 18, 5] = 0.05  100.49
y[5, 15, 22, 24, 11, 9, 7, 19, 20, 5] = 0.4  110.48
y[5, 15, 6, 24, 22, 8, 10, 12, 5] = 0.25  88.5
y[5, 21, 13, 10, 18, 12, 5] = 0.25  57.49
y[5, 15, 6, 24, 22, 25, 5] = 0.25  88.26
y[5, 12, 10, 25, 8, 13, 5] = 0.05  71.38
y[5, 23, 5] = 0.65  14.0
y[5, 16, 17, 20, 19, 7, 9, 11, 6, 10, 5] = 0.2  104.73
y[5, 16, 17, 19, 7, 9, 6, 18, 5] = 0.1  97.52
y[5, 16, 17, 19, 7, 11, 6, 18, 5] = 0.05  99.18
y[5, 14, 8, 25, 13, 5] = 0.7  69.58
y[5, 23, 21, 12, 14, 5] = 0.3  46.31
y[5, 21, 18, 20, 17, 16, 5] = 0.4  66.14
true  8
-------------Iter CG 2-------------
LP Objective Value = 359.78,   sum y = 4.0
x[1, 2, 5, 1],  82.93
y[5, 15, 7, 9, 11, 24, 22, 10, 12, 5] = 0.1  96.13
y[5, 16, 17, 19, 9, 11, 18, 5] = 0.1  95.61
y[5, 16, 17, 19, 7, 9, 11, 6, 10, 5] = 0.1  100.14
y[5, 23, 21, 12, 18, 5] = 0.05  50.12
y[5, 16, 17, 19, 7, 11, 6, 10, 18, 5] = 0.05  100.49
y[5, 15, 22, 24, 11, 9, 7, 19, 20, 5] = 0.4  110.48
y[5, 15, 6, 24, 22, 8, 10, 12, 5] = 0.25  88.5
y[5, 21, 13, 10, 18, 12, 5] = 0.25  57.49
y[5, 15, 6, 24, 22, 25, 5] = 0.25  88.26
y[5, 12, 10, 25, 8, 13, 5] = 0.05  71.38
y[5, 23, 5] = 0.65  14.0
y[5, 16, 17, 20, 19, 7, 9, 11, 6, 10, 5] = 0.2  104.73
y[5, 16, 17, 19, 7, 9, 6, 18, 5] = 0.1  97.52
y[5, 16, 17, 19, 7, 11, 6, 18, 5] = 0.05  99.18
y[5, 14, 8, 25, 13, 5] = 0.7  69.58
y[5, 23, 21, 12, 14, 5] = 0.3  46.31
y[5, 21, 18, 20, 17, 16, 5] = 0.4  66.14
false  0

================Iteration 14 of B&P for SP1 [1, 2, 5, 1] parkings[5]================
Display selected node 25, parent node 23: from 6 nodes
- Branching node in depth: 5
   + Customers MUST      served together:  (12, 16)  (22, 24)  (15, 24)  
   + Customers FORBIDDEN served together:  (16, 24)  
   # Total number of 2e routes cannot EXCEED:   4  

  Branching node with fractional score: 2.5
  Branching node with cg lower bound: 356.3
  Branching node with LB reduction: 0.13
  Branching node with FS reduction: 0.0
  Total reduction: 0.26

Solve a child node 27
   + Customers MUST      served together:  (12, 16)  (22, 24)  (15, 24)  (6, 24)  
   + Customers FORBIDDEN served together:  (16, 24)  
   # Total number of 2e routes cannot EXCEED:   4  

-------------Iter CG 1-------------
LP Objective Value = 372.4,   sum y = 4.0
x[1, 2, 5, 1],  82.93
y[5, 15, 9, 11, 24, 6, 22, 10, 5] = 0.6  92.92
y[5, 18, 10, 22, 24, 6, 15, 5] = 0.2  80.55
y[5, 16, 17, 20, 10, 18, 12, 14, 5] = 0.2  68.03
y[5, 14, 21, 23, 5] = 0.4  38.17
y[5, 23, 5] = 0.6  14.0
y[5, 16, 17, 19, 9, 11, 12, 14, 5] = 0.2  97.45
y[5, 16, 17, 18, 12, 21, 5] = 0.6  64.6
y[5, 13, 8, 25, 7, 19, 20, 5] = 0.8  110.54
y[5, 14, 8, 25, 13, 5] = 0.2  69.58
y[5, 15, 7, 9, 11, 24, 6, 22, 5] = 0.2  98.61
true  46
-------------Iter CG 2-------------
LP Objective Value = 371.24,   sum y = 4.0
x[1, 2, 5, 1],  82.93
y[5, 21, 10, 22, 24, 6, 15, 5] = 0.25  83.22
y[5, 16, 17, 20, 18, 12, 14, 5] = 0.25  62.82
y[5, 15, 9, 11, 24, 6, 22, 10, 5] = 0.25  92.92
y[5, 18, 10, 22, 24, 6, 15, 5] = 0.25  80.55
y[5, 23, 21, 12, 18, 16, 5] = 0.25  64.76
y[5, 23, 5] = 0.75  14.0
y[5, 16, 17, 19, 9, 11, 12, 14, 5] = 0.25  97.45
y[5, 16, 17, 18, 12, 21, 5] = 0.25  64.6
y[5, 13, 8, 25, 7, 19, 20, 5] = 0.5  110.54
y[5, 14, 8, 25, 13, 5] = 0.5  69.58
y[5, 17, 20, 19, 7, 9, 11, 10, 21, 5] = 0.25  106.03
y[5, 15, 7, 9, 11, 24, 6, 22, 5] = 0.25  98.61
true  10
-------------Iter CG 3-------------
LP Objective Value = 370.84,   sum y = 4.0
x[1, 2, 5, 1],  82.93
y[5, 21, 10, 22, 24, 6, 15, 5] = 0.25  83.22
y[5, 16, 17, 20, 18, 12, 14, 5] = 0.25  62.82
y[5, 18, 10, 22, 24, 6, 15, 5] = 0.25  80.55
y[5, 23, 21, 12, 18, 16, 5] = 0.25  64.76
y[5, 20, 19, 7, 9, 11, 25, 8, 10, 5] = 0.25  115.2
y[5, 23, 5] = 0.75  14.0
y[5, 16, 17, 19, 9, 11, 12, 14, 5] = 0.25  97.45
y[5, 16, 17, 18, 12, 21, 5] = 0.25  64.6
y[5, 15, 6, 24, 22, 13, 5] = 0.25  86.69
y[5, 13, 8, 25, 7, 19, 20, 5] = 0.25  110.54
y[5, 14, 8, 25, 13, 5] = 0.5  69.58
y[5, 17, 20, 19, 7, 9, 11, 10, 21, 5] = 0.25  106.03
y[5, 15, 7, 9, 11, 24, 6, 22, 5] = 0.25  98.61
true  5
-------------Iter CG 4-------------
LP Objective Value = 370.84,   sum y = 4.0
x[1, 2, 5, 1],  82.93
y[5, 21, 10, 22, 24, 6, 15, 5] = 0.5  83.22
y[5, 17, 20, 19, 7, 9, 11, 10, 18, 5] = 0.25  103.35
y[5, 16, 17, 20, 18, 12, 14, 5] = 0.25  62.82
y[5, 23, 21, 12, 18, 16, 5] = 0.25  64.76
y[5, 20, 19, 7, 9, 11, 25, 8, 10, 5] = 0.25  115.2
y[5, 23, 5] = 0.75  14.0
y[5, 16, 17, 19, 9, 11, 12, 14, 5] = 0.25  97.45
y[5, 16, 17, 18, 12, 21, 5] = 0.25  64.6
y[5, 15, 6, 24, 22, 13, 5] = 0.25  86.69
y[5, 13, 8, 25, 7, 19, 20, 5] = 0.25  110.54
y[5, 14, 8, 25, 13, 5] = 0.5  69.58
y[5, 15, 7, 9, 11, 24, 6, 22, 5] = 0.25  98.61
true  1
-------------Iter CG 5-------------
LP Objective Value = 370.84,   sum y = 4.0
x[1, 2, 5, 1],  82.93
y[5, 21, 10, 22, 24, 6, 15, 5] = 0.5  83.22
y[5, 17, 20, 19, 7, 9, 11, 10, 18, 5] = 0.25  103.35
y[5, 16, 17, 20, 18, 12, 14, 5] = 0.25  62.82
y[5, 23, 21, 12, 18, 16, 5] = 0.25  64.76
y[5, 20, 19, 7, 9, 11, 25, 8, 10, 5] = 0.25  115.2
y[5, 23, 5] = 0.75  14.0
y[5, 16, 17, 19, 9, 11, 12, 14, 5] = 0.25  97.45
y[5, 16, 17, 18, 12, 21, 5] = 0.25  64.6
y[5, 15, 6, 24, 22, 13, 5] = 0.25  86.69
y[5, 13, 8, 25, 7, 19, 20, 5] = 0.25  110.54
y[5, 14, 8, 25, 13, 5] = 0.5  69.58
y[5, 15, 7, 9, 11, 24, 6, 22, 5] = 0.25  98.61
false  0
Exceed Upper Bound, prune

Solve a child node 28
   + Customers MUST      served together:  (12, 16)  (22, 24)  (15, 24)  
   + Customers FORBIDDEN served together:  (16, 24)  (6, 24)  
   # Total number of 2e routes cannot EXCEED:   4  

-------------Iter CG 1-------------
LP Objective Value = 367.56,   sum y = 4.0
x[1, 2, 5, 1],  82.93
y[5, 16, 17, 20, 10, 18, 12, 14, 5] = 0.5  68.03
y[5, 15, 7, 19, 9, 11, 24, 22, 10, 5] = 0.5  108.85
y[5, 15, 22, 24, 11, 9, 7, 19, 20, 5] = 0.5  110.48
y[5, 14, 21, 23, 5] = 0.5  38.17
y[5, 23, 5] = 0.5  14.0
y[5, 16, 17, 18, 12, 21, 5] = 0.5  64.6
y[5, 13, 8, 25, 6, 5] = 1.0  82.55
true  8
-------------Iter CG 2-------------
LP Objective Value = 365.5,   sum y = 4.0
x[1, 2, 5, 1],  82.93
y[5, 16, 17, 20, 18, 12, 14, 5] = 0.5  62.82
y[5, 15, 7, 19, 9, 11, 24, 22, 10, 5] = 0.5  108.85
y[5, 15, 22, 24, 11, 9, 7, 19, 20, 5] = 0.5  110.48
y[5, 14, 21, 23, 5] = 0.5  38.17
y[5, 13, 8, 25, 6, 10, 5] = 0.5  83.66
y[5, 23, 5] = 0.5  14.0
y[5, 16, 17, 18, 12, 21, 5] = 0.5  64.6
y[5, 13, 8, 25, 6, 5] = 0.5  82.55
false  0
Exceed Upper Bound, prune

================Iteration 15 of B&P for SP1 [1, 2, 5, 1] parkings[5]================
Display selected node 24, parent node 5: from 5 nodes
- Branching node in depth: 4
   + Customers MUST      served together:  (15, 24)  
   + Customers FORBIDDEN served together:  (22, 24)  (16, 24)  
   # Total number of 2e routes cannot EXCEED:   4  

  Branching node with fractional score: 3.0
  Branching node with cg lower bound: 358.63
  Branching node with LB reduction: 0.81
  Branching node with FS reduction: -0.0
  Total reduction: 1.35

Solve a child node 29
   + Customers MUST      served together:  (15, 24)  (12, 14)  
   + Customers FORBIDDEN served together:  (22, 24)  (16, 24)  
   # Total number of 2e routes cannot EXCEED:   4  

-------------Iter CG 1-------------
LP Objective Value = 363.74,   sum y = 4.0
x[1, 2, 5, 1],  82.93
y[5, 13, 8, 22, 6, 20, 16, 5] = 0.17  94.31
y[5, 15, 24, 11, 9, 7, 19, 17, 5] = 0.83  100.09
y[5, 14, 21, 13, 12, 5] = 0.17  53.45
y[5, 16, 17, 20, 18, 12, 14, 5] = 0.17  62.82
y[5, 10, 8, 25, 22, 6, 20, 16, 5] = 0.67  96.15
y[5, 21, 13, 23, 5] = 0.33  55.8
y[5, 23, 14, 12, 18, 5] = 0.17  47.58
y[5, 13, 8, 25, 10, 5] = 0.17  71.38
y[5, 23, 5] = 0.5  14.0
y[5, 15, 7, 19, 9, 11, 24, 18, 5] = 0.17  101.53
y[5, 13, 25, 22, 6, 10, 5] = 0.17  85.38
y[5, 18, 12, 21, 14, 5] = 0.5  43.24
true  23
-------------Iter CG 2-------------
LP Objective Value = 363.74,   sum y = 4.0
x[1, 2, 5, 1],  82.93
y[5, 13, 8, 22, 6, 20, 16, 5] = 0.17  94.31
y[5, 15, 24, 11, 9, 7, 19, 17, 5] = 0.83  100.09
y[5, 14, 21, 13, 12, 5] = 0.17  53.45
y[5, 16, 17, 20, 18, 12, 14, 5] = 0.17  62.82
y[5, 10, 8, 25, 22, 6, 20, 16, 5] = 0.67  96.15
y[5, 21, 13, 23, 5] = 0.33  55.8
y[5, 23, 14, 12, 18, 5] = 0.17  47.58
y[5, 13, 8, 25, 10, 5] = 0.17  71.38
y[5, 23, 5] = 0.5  14.0
y[5, 15, 7, 19, 9, 11, 24, 18, 5] = 0.17  101.53
y[5, 13, 25, 22, 6, 10, 5] = 0.17  85.38
y[5, 18, 12, 21, 14, 5] = 0.5  43.24
true  5
-------------Iter CG 3-------------
LP Objective Value = 363.74,   sum y = 4.0
x[1, 2, 5, 1],  82.93
y[5, 13, 8, 22, 6, 20, 16, 5] = 0.17  94.31
y[5, 15, 24, 11, 9, 7, 19, 17, 5] = 0.83  100.09
y[5, 14, 21, 13, 12, 5] = 0.17  53.45
y[5, 16, 17, 20, 18, 12, 14, 5] = 0.17  62.82
y[5, 14, 21, 12, 18, 5] = 0.5  43.24
y[5, 10, 8, 25, 22, 6, 20, 16, 5] = 0.67  96.15
y[5, 21, 13, 23, 5] = 0.33  55.8
y[5, 23, 14, 12, 18, 5] = 0.17  47.58
y[5, 13, 8, 25, 10, 5] = 0.17  71.38
y[5, 23, 5] = 0.5  14.0
y[5, 15, 7, 19, 9, 11, 24, 18, 5] = 0.17  101.53
y[5, 13, 25, 22, 6, 10, 5] = 0.17  85.38
true  1
-------------Iter CG 4-------------
LP Objective Value = 363.74,   sum y = 4.0
x[1, 2, 5, 1],  82.93
y[5, 13, 8, 22, 6, 20, 16, 5] = 0.17  94.31
y[5, 15, 24, 11, 9, 7, 19, 17, 5] = 0.83  100.09
y[5, 14, 21, 13, 12, 5] = 0.17  53.45
y[5, 16, 17, 20, 18, 12, 14, 5] = 0.17  62.82
y[5, 14, 21, 12, 18, 5] = 0.5  43.24
y[5, 10, 8, 25, 22, 6, 20, 16, 5] = 0.67  96.15
y[5, 21, 13, 23, 5] = 0.33  55.8
y[5, 23, 14, 12, 18, 5] = 0.17  47.58
y[5, 13, 8, 25, 10, 5] = 0.17  71.38
y[5, 23, 5] = 0.5  14.0
y[5, 15, 7, 19, 9, 11, 24, 18, 5] = 0.17  101.53
y[5, 13, 25, 22, 6, 10, 5] = 0.17  85.38
false  0
Exceed Upper Bound, prune

Solve a child node 30
   + Customers MUST      served together:  (15, 24)  
   + Customers FORBIDDEN served together:  (22, 24)  (16, 24)  (12, 14)  
   # Total number of 2e routes cannot EXCEED:   4  

-------------Iter CG 1-------------
LP Objective Value = 360.42,   sum y = 4.0
x[1, 2, 5, 1],  82.93
y[5, 15, 24, 11, 9, 7, 19, 17, 5] = 0.71  100.09
y[5, 14, 8, 25, 22, 10, 5] = 0.14  80.05
y[5, 10, 8, 25, 22, 6, 20, 16, 5] = 0.14  96.15
y[5, 14, 21, 23, 5] = 0.43  38.17
y[5, 12, 6, 22, 25, 13, 5] = 0.14  84.88
y[5, 16, 20, 22, 25, 8, 10, 12, 5] = 0.14  95.92
y[5, 12, 18, 10, 13, 21, 5] = 0.57  57.49
y[5, 13, 25, 8, 14, 5] = 0.14  69.58
y[5, 23, 5] = 0.57  14.0
y[5, 8, 25, 22, 6, 20, 16, 5] = 0.29  94.3
y[5, 16, 17, 20, 18, 14, 5] = 0.29  62.82
y[5, 15, 9, 11, 24, 6, 18, 5] = 0.14  83.15
y[5, 13, 8, 22, 6, 7, 19, 16, 5] = 0.14  112.41
y[5, 20, 7, 19, 9, 11, 24, 6, 15, 12, 5] = 0.14  105.06
true  7
-------------Iter CG 2-------------
LP Objective Value = 360.42,   sum y = 4.0
x[1, 2, 5, 1],  82.93
y[5, 15, 24, 11, 9, 7, 19, 17, 5] = 0.71  100.09
y[5, 14, 8, 25, 22, 10, 5] = 0.14  80.05
y[5, 10, 8, 25, 22, 6, 20, 16, 5] = 0.14  96.15
y[5, 14, 21, 23, 5] = 0.43  38.17
y[5, 12, 6, 22, 25, 13, 5] = 0.14  84.88
y[5, 16, 20, 22, 25, 8, 10, 12, 5] = 0.14  95.92
y[5, 12, 18, 10, 13, 21, 5] = 0.57  57.49
y[5, 13, 25, 8, 14, 5] = 0.14  69.58
y[5, 23, 5] = 0.57  14.0
y[5, 8, 25, 22, 6, 20, 16, 5] = 0.29  94.3
y[5, 16, 17, 20, 18, 14, 5] = 0.29  62.82
y[5, 15, 9, 11, 24, 6, 18, 5] = 0.14  83.15
y[5, 13, 8, 22, 6, 7, 19, 16, 5] = 0.14  112.41
y[5, 20, 7, 19, 9, 11, 24, 6, 15, 12, 5] = 0.14  105.06
true  3
-------------Iter CG 3-------------
LP Objective Value = 360.42,   sum y = 4.0
x[1, 2, 5, 1],  82.93
y[5, 15, 24, 11, 9, 7, 19, 17, 5] = 0.71  100.09
y[5, 14, 8, 25, 22, 10, 5] = 0.14  80.05
y[5, 10, 8, 25, 22, 6, 20, 16, 5] = 0.14  96.15
y[5, 14, 21, 23, 5] = 0.43  38.17
y[5, 12, 6, 22, 25, 13, 5] = 0.14  84.88
y[5, 16, 20, 22, 25, 8, 10, 12, 5] = 0.14  95.92
y[5, 12, 18, 10, 13, 21, 5] = 0.57  57.49
y[5, 13, 25, 8, 14, 5] = 0.14  69.58
y[5, 23, 5] = 0.57  14.0
y[5, 8, 25, 22, 6, 20, 16, 5] = 0.29  94.3
y[5, 16, 17, 20, 18, 14, 5] = 0.29  62.82
y[5, 15, 9, 11, 24, 6, 18, 5] = 0.14  83.15
y[5, 13, 8, 22, 6, 7, 19, 16, 5] = 0.14  112.41
y[5, 20, 7, 19, 9, 11, 24, 6, 15, 12, 5] = 0.14  105.06
false  0

================Iteration 16 of B&P for SP1 [1, 2, 5, 1] parkings[5]================
Display selected node 30, parent node 24: from 5 nodes
- Branching node in depth: 5
   + Customers MUST      served together:  (15, 24)  
   + Customers FORBIDDEN served together:  (22, 24)  (16, 24)  (12, 14)  
   # Total number of 2e routes cannot EXCEED:   4  

  Branching node with fractional score: 3.29
  Branching node with cg lower bound: 360.42
  Branching node with LB reduction: 0.36
  Branching node with FS reduction: 0.06
  Total reduction: 0.79

Solve a child node 31
   + Customers MUST      served together:  (15, 24)  (8, 22)  
   + Customers FORBIDDEN served together:  (22, 24)  (16, 24)  (12, 14)  
   # Total number of 2e routes cannot EXCEED:   4  

-------------Iter CG 1-------------
LP Objective Value = 363.37,   sum y = 4.0
x[1, 2, 5, 1],  82.93
y[5, 13, 8, 22, 6, 20, 16, 5] = 0.04  94.31
y[5, 15, 24, 11, 9, 7, 19, 17, 5] = 0.7  100.09
y[5, 21, 13, 10, 18, 12, 16, 5] = 0.07  74.2
y[5, 23, 13, 25, 12, 5] = 0.15  76.75
y[5, 14, 8, 25, 22, 10, 5] = 0.3  80.05
y[5, 10, 8, 25, 22, 6, 20, 16, 5] = 0.04  96.15
y[5, 14, 21, 23, 5] = 0.3  38.17
y[5, 12, 18, 10, 13, 21, 5] = 0.52  57.49
y[5, 23, 5] = 0.56  14.0
y[5, 8, 25, 22, 6, 20, 16, 5] = 0.44  94.3
y[5, 16, 17, 20, 18, 14, 5] = 0.3  62.82
y[5, 12, 10, 6, 22, 25, 8, 5] = 0.07  83.93
y[5, 15, 9, 11, 24, 6, 18, 5] = 0.11  83.15
y[5, 13, 8, 22, 6, 7, 19, 16, 5] = 0.11  112.41
y[5, 20, 7, 19, 9, 11, 24, 6, 15, 12, 5] = 0.19  105.06
y[5, 14, 13, 21, 5] = 0.11  49.83
true  10
-------------Iter CG 2-------------
LP Objective Value = 363.17,   sum y = 4.0
x[1, 2, 5, 1],  82.93
y[5, 13, 8, 22, 6, 20, 16, 5] = 0.1  94.31
y[5, 15, 24, 11, 9, 7, 19, 17, 5] = 0.67  100.09
y[5, 21, 13, 18, 12, 5] = 0.1  56.42
y[5, 14, 8, 25, 22, 10, 5] = 0.33  80.05
y[5, 23, 13, 12, 18, 16, 5] = 0.05  79.22
y[5, 14, 21, 23, 5] = 0.33  38.17
y[5, 12, 18, 10, 13, 21, 5] = 0.33  57.49
y[5, 23, 5] = 0.57  14.0
y[5, 12, 18, 10, 13, 23, 5] = 0.05  63.73
y[5, 8, 25, 22, 6, 20, 16, 5] = 0.38  94.3
y[5, 16, 17, 20, 18, 14, 5] = 0.33  62.82
y[5, 12, 10, 6, 22, 25, 8, 5] = 0.05  83.93
y[5, 15, 9, 11, 24, 6, 18, 5] = 0.14  83.15
y[5, 13, 8, 22, 6, 7, 19, 16, 5] = 0.14  112.41
y[5, 20, 7, 19, 9, 11, 24, 6, 15, 12, 5] = 0.19  105.06
y[5, 12, 10, 25, 13, 21, 5] = 0.24  71.25
true  2
-------------Iter CG 3-------------
LP Objective Value = 363.17,   sum y = 4.0
x[1, 2, 5, 1],  82.93
y[5, 13, 8, 22, 6, 20, 16, 5] = 0.1  94.31
y[5, 15, 24, 11, 9, 7, 19, 17, 5] = 0.67  100.09
y[5, 21, 13, 18, 12, 5] = 0.1  56.42
y[5, 14, 8, 25, 22, 10, 5] = 0.33  80.05
y[5, 23, 13, 12, 18, 16, 5] = 0.05  79.22
y[5, 14, 21, 23, 5] = 0.33  38.17
y[5, 12, 18, 10, 13, 21, 5] = 0.33  57.49
y[5, 23, 5] = 0.57  14.0
y[5, 12, 18, 10, 13, 23, 5] = 0.05  63.73
y[5, 8, 25, 22, 6, 20, 16, 5] = 0.38  94.3
y[5, 16, 17, 20, 18, 14, 5] = 0.33  62.82
y[5, 12, 10, 6, 22, 25, 8, 5] = 0.05  83.93
y[5, 15, 9, 11, 24, 6, 18, 5] = 0.14  83.15
y[5, 13, 8, 22, 6, 7, 19, 16, 5] = 0.14  112.41
y[5, 20, 7, 19, 9, 11, 24, 6, 15, 12, 5] = 0.19  105.06
y[5, 12, 10, 25, 13, 21, 5] = 0.24  71.25
false  0
Exceed Upper Bound, prune

Solve a child node 32
   + Customers MUST      served together:  (15, 24)  
   + Customers FORBIDDEN served together:  (22, 24)  (16, 24)  (12, 14)  (8, 22)  
   # Total number of 2e routes cannot EXCEED:   4  

-------------Iter CG 1-------------
LP Objective Value = 369.3,   sum y = 4.0
x[1, 2, 5, 1],  82.93
y[5, 15, 24, 11, 9, 7, 19, 17, 5] = 0.31  100.09
y[5, 16, 20, 22, 25, 13, 5] = 0.12  95.52
y[5, 16, 20, 19, 7, 9, 6, 22, 18, 5] = 0.12  109.88
y[5, 12, 10, 22, 25, 13, 5] = 0.13  81.5
y[5, 16, 17, 19, 7, 9, 6, 22, 10, 5] = 0.06  107.29
y[5, 17, 19, 7, 11, 24, 6, 15, 12, 5] = 0.19  104.57
y[5, 23, 21, 12, 18, 16, 5] = 0.25  64.76
y[5, 14, 21, 13, 8, 10, 5] = 0.38  67.99
y[5, 23, 5] = 0.75  14.0
y[5, 16, 17, 20, 22, 10, 18, 5] = 0.44  88.36
y[5, 15, 9, 11, 24, 6, 18, 5] = 0.19  83.15
y[5, 20, 7, 19, 9, 11, 24, 6, 15, 12, 5] = 0.31  105.06
y[5, 13, 25, 22, 6, 12, 5] = 0.13  84.88
y[5, 21, 25, 8, 14, 5] = 0.37  68.39
y[5, 14, 8, 25, 13, 5] = 0.25  69.58
false  0
Exceed Upper Bound, prune

================Iteration 17 of B&P for SP1 [1, 2, 5, 1] parkings[5]================
Display selected node 26, parent node 23: from 4 nodes
- Branching node in depth: 5
   + Customers MUST      served together:  (22, 24)  (15, 24)  
   + Customers FORBIDDEN served together:  (12, 16)  (16, 24)  
   # Total number of 2e routes cannot EXCEED:   4  

  Branching node with fractional score: 3.3
  Branching node with cg lower bound: 359.78
  Branching node with LB reduction: 0.83
  Branching node with FS reduction: 0.16
  Total reduction: 1.9

Solve a child node 33
   + Customers MUST      served together:  (22, 24)  (16, 19)  (15, 24)  
   + Customers FORBIDDEN served together:  (12, 16)  (16, 24)  
   # Total number of 2e routes cannot EXCEED:   4  

-------------Iter CG 1-------------
LP Objective Value = 368.2,   sum y = 4.0
x[1, 2, 5, 1],  82.93
y[5, 16, 17, 19, 9, 11, 18, 5] = 0.07  95.61
y[5, 23, 21, 12, 18, 5] = 0.36  50.12
y[5, 16, 17, 19, 20, 5] = 0.07  77.37
y[5, 21, 18, 19, 17, 16, 5] = 0.21  90.25
y[5, 15, 6, 24, 22, 8, 10, 12, 5] = 0.14  88.5
y[5, 23, 14, 12, 18, 5] = 0.07  47.58
y[5, 15, 6, 24, 22, 25, 5] = 0.14  88.26
y[5, 15, 22, 24, 11, 9, 7, 20, 5] = 0.36  98.6
y[5, 12, 18, 10, 13, 21, 5] = 0.07  57.49
y[5, 23, 5] = 0.57  14.0
y[5, 21, 12, 10, 22, 24, 15, 5] = 0.29  84.16
y[5, 16, 17, 20, 19, 7, 9, 11, 6, 10, 5] = 0.5  104.73
y[5, 16, 17, 19, 7, 9, 6, 18, 5] = 0.07  97.52
y[5, 15, 6, 24, 22, 13, 5] = 0.07  86.69
y[5, 14, 8, 25, 13, 5] = 0.86  69.58
y[5, 18, 12, 21, 14, 5] = 0.07  43.24
y[5, 16, 17, 20, 19, 7, 11, 6, 18, 5] = 0.07  103.77
true  8
-------------Iter CG 2-------------
LP Objective Value = 368.16,   sum y = 4.0
x[1, 2, 5, 1],  82.93
y[5, 16, 17, 19, 9, 11, 18, 5] = 0.12  95.61
y[5, 23, 21, 12, 18, 5] = 0.25  50.12
y[5, 21, 18, 19, 17, 16, 5] = 0.25  90.25
y[5, 14, 21, 23, 5] = 0.12  38.17
y[5, 15, 6, 24, 22, 8, 10, 12, 5] = 0.25  88.5
y[5, 15, 6, 24, 22, 25, 5] = 0.12  88.26
y[5, 15, 22, 24, 11, 9, 7, 20, 5] = 0.38  98.6
y[5, 12, 18, 10, 13, 21, 5] = 0.12  57.49
y[5, 23, 5] = 0.62  14.0
y[5, 21, 12, 10, 22, 24, 15, 5] = 0.25  84.16
y[5, 16, 17, 20, 19, 7, 9, 11, 6, 10, 5] = 0.38  104.73
y[5, 16, 17, 19, 7, 9, 6, 18, 5] = 0.12  97.52
y[5, 16, 20, 19, 7, 11, 6, 25, 13, 5] = 0.12  119.27
y[5, 14, 12, 18, 20, 17, 5] = 0.12  61.99
y[5, 14, 8, 25, 13, 5] = 0.75  69.58
true  2
-------------Iter CG 3-------------
LP Objective Value = 368.16,   sum y = 4.0
x[1, 2, 5, 1],  82.93
y[5, 16, 17, 19, 9, 11, 18, 5] = 0.12  95.61
y[5, 23, 21, 12, 18, 5] = 0.25  50.12
y[5, 21, 18, 19, 17, 16, 5] = 0.25  90.25
y[5, 14, 21, 23, 5] = 0.12  38.17
y[5, 15, 6, 24, 22, 8, 10, 12, 5] = 0.25  88.5
y[5, 15, 6, 24, 22, 25, 5] = 0.12  88.26
y[5, 15, 22, 24, 11, 9, 7, 20, 5] = 0.38  98.6
y[5, 12, 18, 10, 13, 21, 5] = 0.12  57.49
y[5, 23, 5] = 0.62  14.0
y[5, 21, 12, 10, 22, 24, 15, 5] = 0.25  84.16
y[5, 16, 17, 20, 19, 7, 9, 11, 6, 10, 5] = 0.38  104.73
y[5, 16, 17, 19, 7, 9, 6, 18, 5] = 0.12  97.52
y[5, 16, 20, 19, 7, 11, 6, 25, 13, 5] = 0.12  119.27
y[5, 14, 12, 18, 20, 17, 5] = 0.12  61.99
y[5, 14, 8, 25, 13, 5] = 0.75  69.58
false  0
Exceed Upper Bound, prune

Solve a child node 34
   + Customers MUST      served together:  (22, 24)  (15, 24)  
   + Customers FORBIDDEN served together:  (12, 16)  (16, 19)  (16, 24)  
   # Total number of 2e routes cannot EXCEED:   4  

-------------Iter CG 1-------------
LP Objective Value = 364.7,   sum y = 4.0
x[1, 2, 5, 1],  82.93
y[5, 21, 13, 18, 12, 5] = 0.17  56.42
y[5, 23, 21, 12, 18, 5] = 0.17  50.12
y[5, 15, 7, 19, 9, 11, 24, 22, 10, 5] = 0.5  108.85
y[5, 15, 22, 24, 11, 9, 7, 19, 20, 5] = 0.17  110.48
y[5, 13, 25, 8, 12, 5] = 0.28  70.55
y[5, 15, 6, 24, 22, 8, 10, 12, 5] = 0.17  88.5
y[5, 15, 6, 24, 22, 25, 5] = 0.17  88.26
y[5, 23, 5] = 0.61  14.0
y[5, 16, 17, 20, 18, 14, 5] = 0.06  62.82
y[5, 14, 18, 17, 16, 5] = 0.17  60.92
y[5, 13, 8, 25, 6, 20, 16, 5] = 0.33  94.03
y[5, 14, 8, 25, 13, 5] = 0.22  69.58
y[5, 17, 19, 7, 9, 11, 6, 10, 14, 5] = 0.33  100.28
y[5, 23, 21, 12, 14, 5] = 0.22  46.31
y[5, 21, 18, 20, 17, 16, 5] = 0.44  66.14
true  3
-------------Iter CG 2-------------
LP Objective Value = 364.57,   sum y = 4.0
x[1, 2, 5, 1],  82.93
y[5, 14, 18, 20, 17, 16, 5] = 0.27  62.82
y[5, 21, 13, 18, 12, 5] = 0.09  56.42
y[5, 23, 21, 12, 18, 5] = 0.09  50.12
y[5, 15, 7, 19, 9, 11, 24, 22, 10, 5] = 0.73  108.85
y[5, 15, 22, 24, 11, 9, 7, 19, 20, 5] = 0.09  110.48
y[5, 15, 6, 24, 22, 8, 10, 12, 5] = 0.09  88.5
y[5, 15, 6, 24, 22, 25, 5] = 0.09  88.26
y[5, 23, 5] = 0.64  14.0
y[5, 13, 8, 25, 6, 20, 16, 5] = 0.18  94.03
y[5, 12, 6, 25, 8, 13, 5] = 0.45  83.17
y[5, 14, 8, 25, 13, 5] = 0.27  69.58
y[5, 21, 18, 17, 16, 5] = 0.09  64.24
y[5, 17, 19, 7, 9, 11, 6, 10, 14, 5] = 0.18  100.28
y[5, 23, 21, 12, 14, 5] = 0.27  46.31
y[5, 21, 18, 20, 17, 16, 5] = 0.45  66.14
true  2
-------------Iter CG 3-------------
LP Objective Value = 364.57,   sum y = 4.0
x[1, 2, 5, 1],  82.93
y[5, 14, 18, 20, 17, 16, 5] = 0.27  62.82
y[5, 21, 13, 18, 12, 5] = 0.09  56.42
y[5, 23, 21, 12, 18, 5] = 0.09  50.12
y[5, 15, 7, 19, 9, 11, 24, 22, 10, 5] = 0.73  108.85
y[5, 15, 22, 24, 11, 9, 7, 19, 20, 5] = 0.09  110.48
y[5, 15, 6, 24, 22, 8, 10, 12, 5] = 0.09  88.5
y[5, 15, 6, 24, 22, 25, 5] = 0.09  88.26
y[5, 23, 5] = 0.64  14.0
y[5, 13, 8, 25, 6, 20, 16, 5] = 0.18  94.03
y[5, 12, 6, 25, 8, 13, 5] = 0.45  83.17
y[5, 14, 8, 25, 13, 5] = 0.27  69.58
y[5, 21, 18, 17, 16, 5] = 0.09  64.24
y[5, 17, 19, 7, 9, 11, 6, 10, 14, 5] = 0.18  100.28
y[5, 23, 21, 12, 14, 5] = 0.27  46.31
y[5, 21, 18, 20, 17, 16, 5] = 0.45  66.14
false  0
Exceed Upper Bound, prune

================Iteration 18 of B&P for SP1 [1, 2, 5, 1] parkings[5]================
Display selected node 1, parent node 0: from 3 nodes
- Branching node in depth: 1
   + Customers MUST      served together:  (16, 24)  

  Branching node with fractional score: 3.33
  Branching node with cg lower bound: 352.86
  Branching node with LB reduction: 2.6
  Branching node with FS reduction: -0.38
  Total reduction: 2.22
Branch on total number of 2e routes:  4.0, 5.0

Solve a child node 35
   + Customers MUST      served together:  (16, 24)  
   # Total number of 2e routes cannot UNDER:   5  

-------------Iter CG 1-------------
LP Objective Value = 367.66,   sum y = 5.0
x[1, 2, 5, 1],  82.93
y[5, 14, 5] = 1.0  24.08
y[5, 16, 17, 20, 19, 7, 9, 11, 24, 5] = 1.0  104.02
y[5, 21, 13, 10, 18, 12, 5] = 1.0  57.49
y[5, 23, 5] = 1.0  14.0
y[5, 8, 25, 22, 6, 15, 5] = 1.0  85.13
false  0
Exceed Upper Bound, prune

Solve a child node 36
   + Customers MUST      served together:  (16, 24)  
   # Total number of 2e routes cannot EXCEED:   4  

-------------Iter CG 1-------------
LP Objective Value = 353.13,   sum y = 4.0
x[1, 2, 5, 1],  82.93
y[5, 23, 21, 12, 18, 5] = 0.12  50.12
y[5, 14, 21, 12, 18, 5] = 0.19  43.24
y[5, 16, 20, 19, 7, 9, 11, 24, 6, 15, 5] = 0.06  104.54
y[5, 16, 17, 20, 19, 7, 9, 11, 24, 5] = 0.12  104.02
y[5, 14, 21, 23, 5] = 0.25  38.17
y[5, 15, 6, 22, 8, 13, 5] = 0.13  85.14
y[5, 16, 19, 7, 9, 11, 24, 6, 22, 5] = 0.12  109.64
y[5, 21, 13, 10, 18, 12, 5] = 0.44  57.49
y[5, 12, 6, 22, 25, 13, 5] = 0.13  84.88
y[5, 17, 20, 15, 18, 14, 5] = 0.25  64.82
y[5, 16, 17, 19, 7, 9, 11, 24, 12, 5] = 0.12  100.2
y[5, 16, 20, 19, 7, 9, 11, 24, 22, 10, 5] = 0.06  109.74
y[5, 23, 5] = 0.62  14.0
y[5, 16, 17, 20, 19, 7, 9, 11, 24, 10, 5] = 0.5  105.33
y[5, 8, 25, 22, 6, 15, 5] = 0.56  85.13
y[5, 14, 8, 25, 13, 5] = 0.31  69.58
true  2
-------------Iter CG 2-------------
LP Objective Value = 353.13,   sum y = 4.0
x[1, 2, 5, 1],  82.93
y[5, 23, 21, 12, 18, 5] = 0.12  50.12
y[5, 14, 21, 12, 18, 5] = 0.19  43.24
y[5, 16, 20, 19, 7, 9, 11, 24, 6, 15, 5] = 0.06  104.54
y[5, 16, 17, 20, 19, 7, 9, 11, 24, 5] = 0.13  104.02
y[5, 14, 21, 23, 5] = 0.25  38.17
y[5, 15, 6, 22, 8, 13, 5] = 0.12  85.14
y[5, 16, 19, 7, 9, 11, 24, 6, 22, 5] = 0.13  109.64
y[5, 21, 13, 10, 18, 12, 5] = 0.44  57.49
y[5, 12, 6, 22, 25, 13, 5] = 0.12  84.88
y[5, 17, 20, 15, 18, 14, 5] = 0.25  64.82
y[5, 16, 17, 19, 7, 9, 11, 24, 12, 5] = 0.13  100.2
y[5, 16, 20, 19, 7, 9, 11, 24, 22, 10, 5] = 0.06  109.74
y[5, 23, 5] = 0.62  14.0
y[5, 16, 17, 20, 19, 7, 9, 11, 24, 10, 5] = 0.5  105.33
y[5, 8, 25, 22, 6, 15, 5] = 0.56  85.13
y[5, 14, 8, 25, 13, 5] = 0.31  69.58
false  0

================Iteration 19 of B&P for SP1 [1, 2, 5, 1] parkings[5]================
Display selected node 36, parent node 1: from 3 nodes
- Branching node in depth: 2
   + Customers MUST      served together:  (16, 24)  
   # Total number of 2e routes cannot EXCEED:   4  

  Branching node with fractional score: 3.62
  Branching node with cg lower bound: 353.13
  Branching node with LB reduction: 0.14
  Branching node with FS reduction: 0.15
  Total reduction: 0.33

Solve a child node 37
   + Customers MUST      served together:  (16, 24)  (16, 20)  
   # Total number of 2e routes cannot EXCEED:   4  

-------------Iter CG 1-------------
LP Objective Value = 354.67,   sum y = 4.0
x[1, 2, 5, 1],  82.93
y[5, 14, 21, 12, 18, 5] = 0.2  43.24
y[5, 17, 15, 18, 12, 14, 5] = 0.2  64.7
y[5, 16, 17, 20, 19, 7, 9, 11, 24, 5] = 0.2  104.02
y[5, 14, 21, 23, 5] = 0.4  38.17
y[5, 15, 6, 22, 8, 13, 5] = 0.2  85.14
y[5, 21, 13, 10, 18, 12, 5] = 0.4  57.49
y[5, 12, 6, 22, 25, 13, 5] = 0.2  84.88
y[5, 23, 5] = 0.6  14.0
y[5, 18, 24, 11, 9, 7, 19, 20, 16, 5] = 0.2  102.42
y[5, 16, 17, 20, 19, 7, 9, 11, 24, 10, 5] = 0.6  105.33
y[5, 8, 25, 22, 6, 15, 5] = 0.6  85.13
y[5, 14, 8, 25, 13, 5] = 0.2  69.58
true  20
-------------Iter CG 2-------------
LP Objective Value = 354.63,   sum y = 4.0
x[1, 2, 5, 1],  82.93
y[5, 17, 15, 18, 12, 14, 5] = 0.2  64.7
y[5, 16, 20, 19, 7, 9, 11, 24, 6, 15, 5] = 0.1  104.54
y[5, 16, 17, 20, 19, 7, 9, 11, 24, 5] = 0.6  104.02
y[5, 14, 21, 23, 5] = 0.4  38.17
y[5, 21, 13, 10, 18, 12, 5] = 0.5  57.49
y[5, 16, 20, 19, 7, 9, 11, 24, 22, 10, 5] = 0.1  109.74
y[5, 23, 5] = 0.6  14.0
y[5, 12, 18, 10, 6, 22, 13, 5] = 0.2  83.26
y[5, 16, 17, 20, 19, 7, 9, 11, 24, 10, 5] = 0.2  105.33
y[5, 8, 25, 22, 6, 15, 5] = 0.7  85.13
y[5, 14, 8, 25, 13, 5] = 0.3  69.58
y[5, 18, 12, 21, 14, 5] = 0.1  43.24
true  1
-------------Iter CG 3-------------
LP Objective Value = 354.63,   sum y = 4.0
x[1, 2, 5, 1],  82.93
y[5, 17, 15, 18, 12, 14, 5] = 0.2  64.7
y[5, 16, 20, 19, 7, 9, 11, 24, 6, 15, 5] = 0.1  104.54
y[5, 16, 17, 20, 19, 7, 9, 11, 24, 5] = 0.6  104.02
y[5, 14, 21, 23, 5] = 0.4  38.17
y[5, 21, 13, 10, 18, 12, 5] = 0.5  57.49
y[5, 16, 20, 19, 7, 9, 11, 24, 22, 10, 5] = 0.1  109.74
y[5, 23, 5] = 0.6  14.0
y[5, 12, 18, 10, 6, 22, 13, 5] = 0.2  83.26
y[5, 16, 17, 20, 19, 7, 9, 11, 24, 10, 5] = 0.2  105.33
y[5, 8, 25, 22, 6, 15, 5] = 0.7  85.13
y[5, 14, 8, 25, 13, 5] = 0.3  69.58
y[5, 18, 12, 21, 14, 5] = 0.1  43.24
false  0

Solve a child node 38
   + Customers MUST      served together:  (16, 24)  
   + Customers FORBIDDEN served together:  (16, 20)  
   # Total number of 2e routes cannot EXCEED:   4  

-------------Iter CG 1-------------
LP Objective Value = 357.81,   sum y = 4.0
x[1, 2, 5, 1],  82.93
y[5, 23, 13, 21, 5] = 0.09  55.8
y[5, 13, 8, 25, 6, 7, 19, 20, 5] = 0.02  110.82
y[5, 16, 17, 19, 7, 9, 11, 24, 10, 5] = 0.23  100.75
y[5, 21, 13, 10, 18, 5] = 0.14  57.07
y[5, 14, 21, 23, 5] = 0.28  38.17
y[5, 16, 19, 7, 9, 11, 24, 6, 22, 5] = 0.47  109.64
y[5, 21, 13, 10, 18, 12, 5] = 0.4  57.49
y[5, 20, 19, 7, 9, 11, 6, 8, 25, 5] = 0.07  115.62
y[5, 17, 20, 15, 18, 14, 5] = 0.37  64.82
y[5, 16, 17, 19, 11, 24, 6, 15, 5] = 0.09  100.06
y[5, 16, 17, 19, 7, 9, 24, 6, 10, 12, 5] = 0.09  99.63
y[5, 23, 5] = 0.63  14.0
y[5, 16, 17, 7, 9, 11, 24, 6, 10, 5] = 0.12  91.37
y[5, 12, 8, 25, 22, 15, 20, 5] = 0.42  91.26
y[5, 20, 19, 9, 11, 6, 8, 25, 10, 5] = 0.02  115.43
y[5, 8, 25, 22, 6, 15, 5] = 0.12  85.13
y[5, 14, 8, 25, 13, 5] = 0.35  69.58
y[5, 21, 12, 18, 20, 17, 5] = 0.09  65.67
true  24
-------------Iter CG 2-------------
LP Objective Value = 357.04,   sum y = 4.0
x[1, 2, 5, 1],  82.93
y[5, 13, 25, 8, 10, 15, 20, 5] = 0.23  90.1
y[5, 23, 21, 12, 18, 5] = 0.02  50.12
y[5, 16, 17, 19, 7, 9, 11, 24, 10, 5] = 0.18  100.75
y[5, 8, 25, 22, 11, 7, 19, 20, 5] = 0.03  113.54
y[5, 14, 21, 23, 5] = 0.34  38.17
y[5, 16, 19, 7, 9, 11, 24, 6, 22, 5] = 0.54  109.64
y[5, 21, 13, 10, 18, 12, 5] = 0.44  57.49
y[5, 17, 20, 15, 18, 14, 5] = 0.34  64.82
y[5, 16, 17, 19, 7, 9, 11, 24, 12, 5] = 0.11  100.2
y[5, 16, 17, 19, 11, 24, 6, 15, 5] = 0.03  100.06
y[5, 16, 17, 19, 7, 9, 24, 6, 10, 12, 5] = 0.07  99.63
y[5, 23, 5] = 0.64  14.0
y[5, 16, 17, 7, 9, 11, 24, 6, 10, 5] = 0.07  91.37
y[5, 20, 19, 9, 11, 6, 22, 8, 12, 5] = 0.02  113.47
y[5, 12, 8, 25, 22, 15, 20, 5] = 0.15  91.26
y[5, 20, 19, 9, 11, 6, 8, 25, 10, 5] = 0.02  115.43
y[5, 8, 25, 22, 6, 15, 5] = 0.25  85.13
y[5, 14, 8, 25, 13, 5] = 0.31  69.58
y[5, 21, 12, 18, 20, 17, 5] = 0.2  65.67
y[5, 20, 6, 22, 25, 13, 5] = 0.02  91.85
true  14
-------------Iter CG 3-------------
LP Objective Value = 356.85,   sum y = 4.0
x[1, 2, 5, 1],  82.93
y[5, 16, 17, 19, 7, 9, 11, 24, 10, 5] = 0.16  100.75
y[5, 14, 21, 23, 5] = 0.37  38.17
y[5, 16, 19, 7, 9, 11, 24, 6, 22, 5] = 0.58  109.64
y[5, 21, 13, 10, 18, 12, 5] = 0.42  57.49
y[5, 17, 20, 15, 18, 14, 5] = 0.37  64.82
y[5, 12, 10, 8, 25, 22, 6, 20, 5] = 0.11  92.25
y[5, 16, 17, 19, 7, 9, 11, 24, 12, 5] = 0.26  100.2
y[5, 23, 5] = 0.63  14.0
y[5, 20, 15, 10, 25, 8, 13, 5] = 0.32  90.07
y[5, 8, 25, 22, 6, 15, 5] = 0.32  85.13
y[5, 14, 8, 25, 13, 5] = 0.26  69.58
y[5, 21, 12, 18, 20, 17, 5] = 0.21  65.67
true  3
-------------Iter CG 4-------------
LP Objective Value = 356.85,   sum y = 4.0
x[1, 2, 5, 1],  82.93
y[5, 16, 17, 19, 7, 9, 11, 24, 10, 5] = 0.16  100.75
y[5, 14, 21, 23, 5] = 0.37  38.17
y[5, 16, 19, 7, 9, 11, 24, 6, 22, 5] = 0.58  109.64
y[5, 21, 13, 10, 18, 12, 5] = 0.42  57.49
y[5, 17, 20, 15, 18, 14, 5] = 0.37  64.82
y[5, 12, 10, 8, 25, 22, 6, 20, 5] = 0.11  92.25
y[5, 16, 17, 19, 7, 9, 11, 24, 12, 5] = 0.26  100.2
y[5, 23, 5] = 0.63  14.0
y[5, 20, 15, 10, 25, 8, 13, 5] = 0.32  90.07
y[5, 8, 25, 22, 6, 15, 5] = 0.32  85.13
y[5, 14, 8, 25, 13, 5] = 0.26  69.58
y[5, 21, 12, 18, 20, 17, 5] = 0.21  65.67
false  0

================Iteration 20 of B&P for SP1 [1, 2, 5, 1] parkings[5]================
Display selected node 37, parent node 36: from 4 nodes
- Branching node in depth: 3
   + Customers MUST      served together:  (16, 24)  (16, 20)  
   # Total number of 2e routes cannot EXCEED:   4  

  Branching node with fractional score: 3.2
  Branching node with cg lower bound: 354.63
  Branching node with LB reduction: 0.5
  Branching node with FS reduction: -0.14
  Total reduction: 0.51

Solve a child node 39
   + Customers MUST      served together:  (16, 24)  (16, 20)  (10, 16)  
   # Total number of 2e routes cannot EXCEED:   4  

-------------Iter CG 1-------------
LP Objective Value = 355.55,   sum y = 4.0
x[1, 2, 5, 1],  82.93
y[5, 13, 25, 22, 6, 5] = 0.2  84.27
y[5, 21, 13, 18, 12, 5] = 0.4  56.42
y[5, 15, 18, 12, 21, 14, 5] = 0.2  58.19
y[5, 14, 21, 23, 5] = 0.2  38.17
y[5, 15, 6, 22, 8, 13, 5] = 0.2  85.14
y[5, 23, 14, 12, 18, 5] = 0.2  47.58
y[5, 23, 5] = 0.6  14.0
y[5, 16, 17, 20, 19, 7, 9, 11, 24, 10, 5] = 1.0  105.33
y[5, 8, 25, 22, 6, 15, 5] = 0.6  85.13
y[5, 14, 8, 25, 13, 5] = 0.2  69.58
y[5, 18, 12, 21, 14, 5] = 0.2  43.24
true  16
-------------Iter CG 2-------------
LP Objective Value = 355.4,   sum y = 4.0
x[1, 2, 5, 1],  82.93
y[5, 21, 13, 18, 12, 5] = 0.5  56.42
y[5, 15, 18, 12, 21, 14, 5] = 0.12  58.19
y[5, 14, 21, 23, 5] = 0.25  38.17
y[5, 15, 6, 22, 8, 13, 5] = 0.12  85.14
y[5, 23, 14, 12, 18, 5] = 0.12  47.58
y[5, 12, 6, 22, 25, 13, 5] = 0.12  84.88
y[5, 23, 5] = 0.62  14.0
y[5, 16, 17, 20, 19, 7, 9, 11, 24, 10, 5] = 1.0  105.33
y[5, 8, 25, 22, 6, 15, 5] = 0.62  85.13
y[5, 14, 8, 25, 13, 5] = 0.25  69.58
y[5, 18, 12, 21, 14, 5] = 0.12  43.24
y[5, 18, 15, 6, 22, 14, 5] = 0.13  81.24
false  0

Solve a child node 40
   + Customers MUST      served together:  (16, 24)  (16, 20)  
   + Customers FORBIDDEN served together:  (10, 16)  
   # Total number of 2e routes cannot EXCEED:   4  

-------------Iter CG 1-------------
LP Objective Value = 355.81,   sum y = 4.0
x[1, 2, 5, 1],  82.93
y[5, 17, 15, 18, 12, 14, 5] = 0.2  64.7
y[5, 16, 20, 19, 7, 9, 11, 24, 6, 15, 5] = 0.2  104.54
y[5, 14, 8, 25, 22, 10, 5] = 0.2  80.05
y[5, 16, 17, 20, 19, 7, 9, 11, 24, 5] = 0.8  104.02
y[5, 14, 21, 23, 5] = 0.4  38.17
y[5, 21, 13, 10, 18, 12, 5] = 0.6  57.49
y[5, 23, 5] = 0.6  14.0
y[5, 12, 18, 10, 6, 22, 13, 5] = 0.2  83.26
y[5, 8, 25, 22, 6, 15, 5] = 0.6  85.13
y[5, 14, 8, 25, 13, 5] = 0.2  69.58
true  8
-------------Iter CG 2-------------
LP Objective Value = 355.79,   sum y = 4.0
x[1, 2, 5, 1],  82.93
y[5, 16, 17, 20, 19, 7, 9, 11, 24, 5] = 1.0  104.02
y[5, 14, 21, 23, 5] = 0.5  38.17
y[5, 21, 13, 10, 18, 12, 5] = 0.5  57.49
y[5, 23, 5] = 0.5  14.0
y[5, 8, 25, 22, 6, 15, 5] = 1.0  85.13
y[5, 12, 18, 10, 13, 14, 5] = 0.5  57.75
false  0

================Iteration 21 of B&P for SP1 [1, 2, 5, 1] parkings[5]================
Display selected node 40, parent node 37: from 5 nodes
- Branching node in depth: 4
   + Customers MUST      served together:  (16, 24)  (16, 20)  
   + Customers FORBIDDEN served together:  (10, 16)  
   # Total number of 2e routes cannot EXCEED:   4  

  Branching node with fractional score: 2.0
  Branching node with cg lower bound: 355.79
  Branching node with LB reduction: 0.29
  Branching node with FS reduction: -0.3
  Total reduction: -0.02

Solve a child node 41
   + Customers MUST      served together:  (16, 24)  (12, 14)  (16, 20)  
   + Customers FORBIDDEN served together:  (10, 16)  
   # Total number of 2e routes cannot EXCEED:   4  

-------------Iter CG 1-------------
LP Objective Value = 359.42,   sum y = 4.0
x[1, 2, 5, 1],  82.93
y[5, 23, 13, 21, 5] = 0.5  55.8
y[5, 16, 17, 20, 19, 7, 9, 11, 24, 5] = 1.0  104.02
y[5, 23, 5] = 0.5  14.0
y[5, 12, 18, 10, 21, 14, 5] = 0.5  47.14
y[5, 8, 25, 22, 6, 15, 5] = 1.0  85.13
y[5, 12, 18, 10, 13, 14, 5] = 0.5  57.75
true  11
-------------Iter CG 2-------------
LP Objective Value = 359.42,   sum y = 4.0
x[1, 2, 5, 1],  82.93
y[5, 23, 13, 21, 5] = 0.5  55.8
y[5, 16, 17, 20, 19, 7, 9, 11, 24, 5] = 1.0  104.02
y[5, 23, 5] = 0.5  14.0
y[5, 12, 18, 10, 21, 14, 5] = 0.5  47.14
y[5, 8, 25, 22, 6, 15, 5] = 1.0  85.13
y[5, 12, 18, 10, 13, 14, 5] = 0.5  57.75
false  0

Solve a child node 42
   + Customers MUST      served together:  (16, 24)  (16, 20)  
   + Customers FORBIDDEN served together:  (12, 14)  (10, 16)  
   # Total number of 2e routes cannot EXCEED:   4  

-------------Iter CG 1-------------
LP Objective Value = 357.66,   sum y = 4.0
x[1, 2, 5, 1],  82.93
y[5, 16, 20, 19, 7, 9, 11, 24, 6, 15, 5] = 0.22  104.54
y[5, 14, 8, 25, 22, 10, 5] = 0.11  80.05
y[5, 12, 8, 25, 22, 15, 5] = 0.11  85.66
y[5, 16, 17, 20, 19, 7, 9, 11, 24, 5] = 0.78  104.02
y[5, 14, 21, 23, 5] = 0.44  38.17
y[5, 21, 13, 10, 18, 12, 5] = 0.56  57.49
y[5, 13, 25, 8, 14, 5] = 0.22  69.58
y[5, 23, 5] = 0.56  14.0
y[5, 17, 15, 18, 14, 5] = 0.22  64.7
y[5, 12, 10, 6, 22, 25, 8, 5] = 0.11  83.93
y[5, 12, 18, 10, 6, 22, 13, 5] = 0.22  83.26
y[5, 8, 25, 22, 6, 15, 5] = 0.44  85.13
true  1
-------------Iter CG 2-------------
LP Objective Value = 357.49,   sum y = 4.0
x[1, 2, 5, 1],  82.93
y[5, 12, 10, 8, 25, 22, 15, 5] = 0.09  86.53
y[5, 16, 20, 19, 7, 9, 11, 24, 6, 15, 5] = 0.18  104.54
y[5, 16, 17, 20, 19, 7, 9, 11, 24, 5] = 0.73  104.02
y[5, 14, 21, 23, 5] = 0.45  38.17
y[5, 21, 13, 10, 18, 12, 5] = 0.55  57.49
y[5, 23, 5] = 0.55  14.0
y[5, 17, 15, 18, 14, 5] = 0.27  64.7
y[5, 12, 10, 6, 22, 25, 8, 5] = 0.18  83.93
y[5, 12, 18, 10, 6, 22, 13, 5] = 0.18  83.26
y[5, 8, 25, 22, 6, 15, 5] = 0.45  85.13
y[5, 14, 8, 25, 13, 5] = 0.27  69.58
y[5, 16, 20, 19, 7, 9, 11, 24, 22, 5] = 0.09  109.71
false  0

================Iteration 22 of B&P for SP1 [1, 2, 5, 1] parkings[5]================
Display selected node 39, parent node 37: from 6 nodes
- Branching node in depth: 4
   + Customers MUST      served together:  (16, 24)  (16, 20)  (10, 16)  
   # Total number of 2e routes cannot EXCEED:   4  

  Branching node with fractional score: 2.5
  Branching node with cg lower bound: 355.4
  Branching node with LB reduction: 0.19
  Branching node with FS reduction: -0.18
  Total reduction: 0.03

Solve a child node 43
   + Customers MUST      served together:  (16, 24)  (12, 14)  (16, 20)  (10, 16)  
   # Total number of 2e routes cannot EXCEED:   4  

-------------Iter CG 1-------------
LP Objective Value = 358.8,   sum y = 4.0
x[1, 2, 5, 1],  82.93
y[5, 13, 25, 22, 6, 5] = 0.25  84.27
y[5, 23, 13, 21, 5] = 0.25  55.8
y[5, 15, 25, 8, 13, 5] = 0.25  81.36
y[5, 15, 6, 22, 8, 13, 5] = 0.25  85.14
y[5, 23, 14, 12, 18, 5] = 0.25  47.58
y[5, 23, 5] = 0.5  14.0
y[5, 16, 17, 20, 19, 7, 9, 11, 24, 10, 5] = 1.0  105.33
y[5, 8, 25, 22, 6, 15, 5] = 0.5  85.13
y[5, 18, 12, 21, 14, 5] = 0.75  43.24
true  17
-------------Iter CG 2-------------
LP Objective Value = 358.8,   sum y = 4.0
x[1, 2, 5, 1],  82.93
y[5, 23, 13, 21, 5] = 0.25  55.8
y[5, 6, 22, 25, 13, 5] = 0.25  84.27
y[5, 15, 25, 8, 13, 5] = 0.25  81.36
y[5, 15, 6, 22, 8, 13, 5] = 0.25  85.14
y[5, 23, 14, 12, 18, 5] = 0.25  47.58
y[5, 23, 5] = 0.5  14.0
y[5, 16, 17, 20, 19, 7, 9, 11, 24, 10, 5] = 1.0  105.33
y[5, 8, 25, 22, 6, 15, 5] = 0.5  85.13
y[5, 18, 12, 21, 14, 5] = 0.75  43.24
false  0

Solve a child node 44
   + Customers MUST      served together:  (16, 24)  (16, 20)  (10, 16)  
   + Customers FORBIDDEN served together:  (12, 14)  
   # Total number of 2e routes cannot EXCEED:   4  

-------------Iter CG 1-------------
LP Objective Value = 359.02,   sum y = 4.0
x[1, 2, 5, 1],  82.93
y[5, 21, 13, 18, 12, 5] = 0.57  56.42
y[5, 12, 18, 6, 22, 13, 5] = 0.14  81.95
y[5, 14, 21, 23, 5] = 0.43  38.17
y[5, 16, 20, 19, 7, 9, 11, 24, 22, 10, 5] = 0.14  109.74
y[5, 13, 25, 8, 14, 5] = 0.29  69.58
y[5, 23, 5] = 0.57  14.0
y[5, 17, 15, 18, 14, 5] = 0.29  64.7
y[5, 16, 17, 20, 19, 7, 9, 11, 24, 10, 5] = 0.71  105.33
y[5, 12, 8, 25, 22, 6, 5] = 0.14  83.81
y[5, 20, 7, 19, 9, 11, 24, 6, 15, 10, 12, 16, 5] = 0.14  125.21
y[5, 8, 25, 22, 6, 15, 5] = 0.57  85.13
true  24
-------------Iter CG 2-------------
LP Objective Value = 356.69,   sum y = 4.0
x[1, 2, 5, 1],  82.93
y[5, 21, 13, 18, 12, 5] = 0.6  56.42
y[5, 14, 21, 23, 5] = 0.4  38.17
y[5, 16, 20, 19, 7, 9, 11, 24, 22, 10, 5] = 0.2  109.74
y[5, 13, 25, 8, 14, 5] = 0.4  69.58
y[5, 23, 5] = 0.6  14.0
y[5, 16, 17, 20, 19, 7, 11, 24, 6, 10, 12, 5] = 0.2  105.22
y[5, 17, 15, 18, 14, 5] = 0.2  64.7
y[5, 12, 18, 22, 6, 9, 15, 5] = 0.2  90.96
y[5, 16, 17, 20, 19, 7, 9, 11, 24, 10, 5] = 0.6  105.33
y[5, 8, 25, 22, 6, 15, 5] = 0.6  85.13
true  3
-------------Iter CG 3-------------
LP Objective Value = 356.69,   sum y = 4.0
x[1, 2, 5, 1],  82.93
y[5, 21, 13, 18, 12, 5] = 0.6  56.42
y[5, 23, 21, 14, 5] = 0.4  38.17
y[5, 16, 20, 19, 7, 9, 11, 24, 22, 10, 5] = 0.2  109.74
y[5, 13, 25, 8, 14, 5] = 0.4  69.58
y[5, 23, 5] = 0.6  14.0
y[5, 16, 17, 20, 19, 7, 11, 24, 6, 10, 12, 5] = 0.2  105.22
y[5, 17, 15, 18, 14, 5] = 0.2  64.7
y[5, 12, 18, 22, 6, 9, 15, 5] = 0.2  90.96
y[5, 16, 17, 20, 19, 7, 9, 11, 24, 10, 5] = 0.6  105.33
y[5, 8, 25, 22, 6, 15, 5] = 0.6  85.13
false  0

================Iteration 23 of B&P for SP1 [1, 2, 5, 1] parkings[5]================
Display selected node 44, parent node 39: from 7 nodes
- Branching node in depth: 5
   + Customers MUST      served together:  (16, 24)  (16, 20)  (10, 16)  
   + Customers FORBIDDEN served together:  (12, 14)  
   # Total number of 2e routes cannot EXCEED:   4  

  Branching node with fractional score: 3.2
  Branching node with cg lower bound: 356.69
  Branching node with LB reduction: 0.26
  Branching node with FS reduction: 0.14
  Total reduction: 0.76

Solve a child node 45
   + Customers MUST      served together:  (12, 16)  (16, 24)  (16, 20)  (10, 16)  
   + Customers FORBIDDEN served together:  (12, 14)  
   # Total number of 2e routes cannot EXCEED:   4  

-------------Iter CG 1-------------
LP Objective Value = 377.33,   sum y = 4.0
x[1, 2, 5, 1],  82.93
y[5, 13, 8, 22, 9, 5] = 0.25  97.29
y[5, 18, 21, 14, 5] = 0.25  42.87
y[5, 8, 25, 22, 15, 5] = 0.25  84.68
y[5, 14, 21, 23, 5] = 0.25  38.17
y[5, 13, 25, 8, 14, 5] = 0.5  69.58
y[5, 23, 5] = 0.5  14.0
y[5, 18, 21, 23, 5] = 0.25  49.75
y[5, 16, 17, 20, 19, 7, 11, 24, 6, 10, 12, 5] = 0.75  105.22
y[5, 17, 15, 18, 21, 5] = 0.25  68.02
y[5, 13, 25, 22, 9, 5] = 0.25  98.73
y[5, 20, 7, 19, 9, 11, 24, 6, 15, 10, 12, 16, 5] = 0.25  125.21
y[5, 18, 22, 11, 9, 15, 5] = 0.25  90.03
true  13
-------------Iter CG 2-------------
LP Objective Value = 376.41,   sum y = 4.0
x[1, 2, 5, 1],  82.93
y[5, 21, 13, 18, 5] = 0.2  56.0
y[5, 15, 9, 22, 8, 14, 5] = 0.4  95.8
y[5, 18, 21, 14, 5] = 0.2  42.87
y[5, 8, 25, 22, 15, 5] = 0.2  84.68
y[5, 13, 25, 8, 14, 5] = 0.4  69.58
y[5, 23, 5] = 0.6  14.0
y[5, 18, 21, 23, 5] = 0.4  49.75
y[5, 16, 17, 20, 19, 7, 11, 24, 6, 10, 12, 5] = 0.8  105.22
y[5, 17, 15, 18, 21, 5] = 0.2  68.02
y[5, 13, 25, 22, 9, 5] = 0.4  98.73
y[5, 20, 7, 19, 9, 11, 24, 6, 15, 10, 12, 16, 5] = 0.2  125.21
false  0
Exceed Upper Bound, prune

Solve a child node 46
   + Customers MUST      served together:  (16, 24)  (16, 20)  (10, 16)  
   + Customers FORBIDDEN served together:  (12, 16)  (12, 14)  
   # Total number of 2e routes cannot EXCEED:   4  

-------------Iter CG 1-------------
LP Objective Value = 360.02,   sum y = 4.0
x[1, 2, 5, 1],  82.93
y[5, 21, 13, 18, 12, 5] = 0.6  56.42
y[5, 12, 8, 25, 22, 15, 5] = 0.2  85.66
y[5, 23, 21, 14, 5] = 0.4  38.17
y[5, 13, 25, 8, 14, 5] = 0.2  69.58
y[5, 23, 5] = 0.6  14.0
y[5, 16, 17, 20, 19, 7, 9, 11, 24, 10, 5] = 1.0  105.33
y[5, 8, 25, 22, 6, 15, 5] = 0.4  85.13
y[5, 12, 6, 25, 8, 13, 5] = 0.2  83.17
y[5, 18, 15, 6, 22, 14, 5] = 0.4  81.24
true  7
-------------Iter CG 2-------------
LP Objective Value = 360.02,   sum y = 4.0
x[1, 2, 5, 1],  82.93
y[5, 21, 13, 18, 12, 5] = 0.6  56.42
y[5, 12, 8, 25, 22, 15, 5] = 0.2  85.66
y[5, 14, 21, 23, 5] = 0.4  38.17
y[5, 23, 5] = 0.6  14.0
y[5, 16, 17, 20, 19, 7, 9, 11, 24, 10, 5] = 1.0  105.33
y[5, 8, 25, 22, 6, 15, 5] = 0.4  85.13
y[5, 12, 6, 25, 8, 13, 5] = 0.2  83.17
y[5, 14, 8, 25, 13, 5] = 0.2  69.58
y[5, 18, 15, 6, 22, 14, 5] = 0.4  81.24
false  0

================Iteration 24 of B&P for SP1 [1, 2, 5, 1] parkings[5]================
Display selected node 46, parent node 44: from 7 nodes
- Branching node in depth: 6
   + Customers MUST      served together:  (16, 24)  (16, 20)  (10, 16)  
   + Customers FORBIDDEN served together:  (12, 16)  (12, 14)  
   # Total number of 2e routes cannot EXCEED:   4  

  Branching node with fractional score: 2.6
  Branching node with cg lower bound: 360.02
  Branching node with LB reduction: 0.55
  Branching node with FS reduction: -0.1
  Total reduction: 0.98

Solve a child node 47
   + Customers MUST      served together:  (8, 12)  (16, 24)  (16, 20)  (10, 16)  
   + Customers FORBIDDEN served together:  (12, 16)  (12, 14)  
   # Total number of 2e routes cannot EXCEED:   4  

-------------Iter CG 1-------------
LP Objective Value = 367.38,   sum y = 4.0
x[1, 2, 5, 1],  82.93
y[5, 21, 13, 18, 5] = 0.5  56.0
y[5, 12, 8, 25, 22, 15, 5] = 0.5  85.66
y[5, 14, 21, 23, 5] = 0.5  38.17
y[5, 23, 5] = 0.5  14.0
y[5, 16, 17, 20, 19, 7, 9, 11, 24, 10, 5] = 1.0  105.33
y[5, 12, 6, 25, 8, 13, 5] = 0.5  83.17
y[5, 18, 15, 6, 22, 14, 5] = 0.5  81.24
true  12
-------------Iter CG 2-------------
LP Objective Value = 367.38,   sum y = 4.0
x[1, 2, 5, 1],  82.93
y[5, 21, 13, 18, 5] = 0.5  56.0
y[5, 12, 8, 25, 22, 15, 5] = 0.5  85.66
y[5, 14, 21, 23, 5] = 0.5  38.17
y[5, 23, 5] = 0.5  14.0
y[5, 16, 17, 20, 19, 7, 9, 11, 24, 10, 5] = 1.0  105.33
y[5, 12, 6, 25, 8, 13, 5] = 0.5  83.17
y[5, 18, 15, 6, 22, 14, 5] = 0.5  81.24
true  5
-------------Iter CG 3-------------
LP Objective Value = 367.38,   sum y = 4.0
x[1, 2, 5, 1],  82.93
y[5, 21, 13, 18, 5] = 0.5  56.0
y[5, 12, 8, 25, 22, 15, 5] = 0.5  85.66
y[5, 14, 21, 23, 5] = 0.5  38.17
y[5, 23, 5] = 0.5  14.0
y[5, 16, 17, 20, 19, 7, 9, 11, 24, 10, 5] = 1.0  105.33
y[5, 12, 6, 25, 8, 13, 5] = 0.5  83.17
y[5, 18, 15, 6, 22, 14, 5] = 0.5  81.24
false  0
Exceed Upper Bound, prune

Solve a child node 48
   + Customers MUST      served together:  (16, 24)  (16, 20)  (10, 16)  
   + Customers FORBIDDEN served together:  (12, 16)  (8, 12)  (12, 14)  
   # Total number of 2e routes cannot EXCEED:   4  

-------------Iter CG 1-------------
LP Objective Value = 361.18,   sum y = 4.0
x[1, 2, 5, 1],  82.93
y[5, 14, 5] = 0.12  24.08
y[5, 21, 13, 18, 12, 5] = 0.38  56.42
y[5, 23, 21, 12, 18, 5] = 0.12  50.12
y[5, 12, 18, 6, 22, 13, 5] = 0.25  81.95
y[5, 14, 21, 23, 5] = 0.5  38.17
y[5, 16, 20, 19, 7, 9, 11, 24, 22, 10, 5] = 0.12  109.74
y[5, 23, 5] = 0.38  14.0
y[5, 16, 17, 20, 19, 7, 9, 11, 24, 10, 5] = 0.75  105.33
y[5, 15, 6, 22, 25, 8, 5] = 0.62  85.13
y[5, 20, 7, 19, 9, 11, 24, 6, 10, 15, 16, 5] = 0.12  121.29
y[5, 17, 15, 18, 12, 5] = 0.25  63.28
y[5, 14, 8, 25, 13, 5] = 0.38  69.58
false  0

================Iteration 25 of B&P for SP1 [1, 2, 5, 1] parkings[5]================
Display selected node 48, parent node 46: from 7 nodes
- Branching node in depth: 7
   + Customers MUST      served together:  (16, 24)  (16, 20)  (10, 16)  
   + Customers FORBIDDEN served together:  (12, 16)  (8, 12)  (12, 14)  
   # Total number of 2e routes cannot EXCEED:   4  

  Branching node with fractional score: 3.25
  Branching node with cg lower bound: 361.18
  Branching node with LB reduction: 0.17
  Branching node with FS reduction: 0.09
  Total reduction: 0.62

Solve a child node 49
   + Customers MUST      served together:  (16, 24)  (16, 20)  (12, 23)  (10, 16)  
   + Customers FORBIDDEN served together:  (12, 16)  (8, 12)  (12, 14)  
   # Total number of 2e routes cannot EXCEED:   4  

-------------Iter CG 1-------------
LP Objective Value = 366.74,   sum y = 4.0
x[1, 2, 5, 1],  82.93
y[5, 14, 5] = 0.5  24.08
y[5, 23, 21, 12, 18, 5] = 0.5  50.12
y[5, 12, 18, 13, 23, 5] = 0.5  62.66
y[5, 16, 17, 20, 19, 7, 9, 11, 24, 10, 5] = 1.0  105.33
y[5, 15, 6, 22, 25, 8, 5] = 1.0  85.13
y[5, 14, 13, 21, 5] = 0.5  49.83
false  0
Exceed Upper Bound, prune

Solve a child node 50
   + Customers MUST      served together:  (16, 24)  (16, 20)  (10, 16)  
   + Customers FORBIDDEN served together:  (12, 16)  (8, 12)  (12, 14)  (12, 23)  
   # Total number of 2e routes cannot EXCEED:   4  

-------------Iter CG 1-------------
LP Objective Value = 361.19,   sum y = 4.0
x[1, 2, 5, 1],  82.93
y[5, 21, 13, 18, 12, 5] = 0.29  56.42
y[5, 12, 18, 6, 22, 13, 5] = 0.29  81.95
y[5, 14, 21, 23, 5] = 0.57  38.17
y[5, 16, 20, 19, 7, 9, 11, 24, 22, 10, 5] = 0.14  109.74
y[5, 23, 5] = 0.43  14.0
y[5, 16, 17, 20, 19, 7, 9, 11, 24, 10, 5] = 0.71  105.33
y[5, 21, 12, 18, 5] = 0.14  42.89
y[5, 15, 6, 22, 25, 8, 5] = 0.57  85.13
y[5, 20, 7, 19, 9, 11, 24, 6, 10, 15, 16, 5] = 0.14  121.29
y[5, 17, 15, 18, 12, 5] = 0.29  63.28
y[5, 14, 8, 25, 13, 5] = 0.43  69.58
false  0

================Iteration 26 of B&P for SP1 [1, 2, 5, 1] parkings[5]================
Display selected node 50, parent node 48: from 7 nodes
- Branching node in depth: 8
   + Customers MUST      served together:  (16, 24)  (16, 20)  (10, 16)  
   + Customers FORBIDDEN served together:  (12, 16)  (8, 12)  (12, 14)  (12, 23)  
   # Total number of 2e routes cannot EXCEED:   4  

  Branching node with fractional score: 3.29
  Branching node with cg lower bound: 361.19
  Branching node with LB reduction: 0.0
  Branching node with FS reduction: 0.0
  Total reduction: 0.01

Solve a child node 51
   + Customers MUST      served together:  (16, 24)  (12, 22)  (16, 20)  (10, 16)  
   + Customers FORBIDDEN served together:  (12, 16)  (8, 12)  (12, 14)  (12, 23)  
   # Total number of 2e routes cannot EXCEED:   4  

-------------Iter CG 1-------------
LP Objective Value = 375.68,   sum y = 4.0
x[1, 2, 5, 1],  82.93
y[5, 12, 18, 6, 22, 13, 5] = 0.5  81.95
y[5, 15, 25, 8, 13, 5] = 0.5  81.36
y[5, 14, 21, 23, 5] = 0.5  38.17
y[5, 23, 5] = 0.5  14.0
y[5, 12, 18, 22, 6, 9, 15, 5] = 0.5  90.96
y[5, 16, 17, 20, 19, 7, 9, 11, 24, 10, 5] = 1.0  105.33
y[5, 21, 25, 8, 14, 5] = 0.5  68.39
true  35
-------------Iter CG 2-------------
LP Objective Value = 375.59,   sum y = 4.0
x[1, 2, 5, 1],  82.93
y[5, 12, 18, 6, 22, 13, 5] = 0.5  81.95
y[5, 14, 21, 23, 5] = 0.5  38.17
y[5, 23, 5] = 0.5  14.0
y[5, 12, 18, 22, 6, 9, 15, 5] = 0.5  90.96
y[5, 15, 25, 8, 21, 5] = 0.5  80.0
y[5, 16, 17, 20, 19, 7, 9, 11, 24, 10, 5] = 1.0  105.33
y[5, 14, 8, 25, 13, 5] = 0.5  69.58
true  26
-------------Iter CG 3-------------
LP Objective Value = 375.59,   sum y = 4.0
x[1, 2, 5, 1],  82.93
y[5, 12, 18, 6, 22, 13, 5] = 0.5  81.95
y[5, 14, 21, 23, 5] = 0.5  38.17
y[5, 23, 5] = 0.5  14.0
y[5, 12, 18, 22, 6, 9, 15, 5] = 0.5  90.96
y[5, 15, 25, 8, 21, 5] = 0.5  80.0
y[5, 16, 17, 20, 19, 7, 9, 11, 24, 10, 5] = 1.0  105.33
y[5, 14, 8, 25, 13, 5] = 0.5  69.58
false  0
Exceed Upper Bound, prune

Solve a child node 52
   + Customers MUST      served together:  (16, 24)  (16, 20)  (10, 16)  
   + Customers FORBIDDEN served together:  (12, 16)  (8, 12)  (12, 14)  (12, 22)  (12, 23)  
   # Total number of 2e routes cannot EXCEED:   4  

-------------Iter CG 1-------------
LP Objective Value = 362.27,   sum y = 4.0
x[1, 2, 5, 1],  82.93
y[5, 23, 14, 5] = 1.0  32.46
y[5, 16, 17, 20, 19, 7, 9, 11, 24, 10, 5] = 1.0  105.33
y[5, 12, 18, 13, 21, 5] = 1.0  56.42
y[5, 8, 25, 22, 6, 15, 5] = 1.0  85.13
true  1
-------------Iter CG 2-------------
LP Objective Value = 361.2,   sum y = 4.0
x[1, 2, 5, 1],  82.93
y[5, 12, 18, 6, 15, 17, 5] = 0.5  78.15
y[5, 14, 21, 23, 5] = 0.5  38.17
y[5, 16, 20, 19, 7, 9, 11, 24, 22, 10, 5] = 0.5  109.74
y[5, 23, 5] = 0.5  14.0
y[5, 16, 17, 20, 19, 7, 9, 11, 24, 10, 5] = 0.5  105.33
y[5, 12, 18, 13, 21, 5] = 0.5  56.42
y[5, 8, 25, 22, 6, 15, 5] = 0.5  85.13
y[5, 14, 8, 25, 13, 5] = 0.5  69.58
true  1
-------------Iter CG 3-------------
LP Objective Value = 361.2,   sum y = 4.0
x[1, 2, 5, 1],  82.93
y[5, 12, 18, 6, 15, 17, 5] = 0.5  78.15
y[5, 14, 21, 23, 5] = 0.5  38.17
y[5, 16, 20, 19, 7, 9, 11, 24, 22, 10, 5] = 0.5  109.74
y[5, 23, 5] = 0.5  14.0
y[5, 16, 17, 20, 19, 7, 9, 11, 24, 10, 5] = 0.5  105.33
y[5, 12, 18, 13, 21, 5] = 0.5  56.42
y[5, 8, 25, 22, 6, 15, 5] = 0.5  85.13
y[5, 14, 8, 25, 13, 5] = 0.5  69.58
true  5
-------------Iter CG 4-------------
LP Objective Value = 361.2,   sum y = 4.0
x[1, 2, 5, 1],  82.93
y[5, 21, 13, 18, 12, 5] = 0.5  56.42
y[5, 12, 18, 6, 15, 17, 5] = 0.5  78.15
y[5, 14, 21, 23, 5] = 0.5  38.17
y[5, 16, 20, 19, 7, 9, 11, 24, 22, 10, 5] = 0.5  109.74
y[5, 23, 5] = 0.5  14.0
y[5, 16, 17, 20, 19, 7, 9, 11, 24, 10, 5] = 0.5  105.33
y[5, 8, 25, 22, 6, 15, 5] = 0.5  85.13
y[5, 14, 8, 25, 13, 5] = 0.5  69.58
true  3
-------------Iter CG 5-------------
LP Objective Value = 361.2,   sum y = 4.0
x[1, 2, 5, 1],  82.93
y[5, 21, 13, 18, 12, 5] = 0.5  56.42
y[5, 12, 18, 6, 15, 17, 5] = 0.5  78.15
y[5, 14, 21, 23, 5] = 0.5  38.17
y[5, 16, 20, 19, 7, 9, 11, 24, 22, 10, 5] = 0.5  109.74
y[5, 23, 5] = 0.5  14.0
y[5, 16, 17, 20, 19, 7, 9, 11, 24, 10, 5] = 0.5  105.33
y[5, 8, 25, 22, 6, 15, 5] = 0.5  85.13
y[5, 14, 8, 25, 13, 5] = 0.5  69.58
true  7
-------------Iter CG 6-------------
LP Objective Value = 361.2,   sum y = 4.0
x[1, 2, 5, 1],  82.93
y[5, 21, 13, 18, 12, 5] = 0.5  56.42
y[5, 12, 18, 6, 15, 17, 5] = 0.5  78.15
y[5, 14, 21, 23, 5] = 0.5  38.17
y[5, 16, 20, 19, 7, 9, 11, 24, 22, 10, 5] = 0.5  109.74
y[5, 23, 5] = 0.5  14.0
y[5, 16, 17, 20, 19, 7, 9, 11, 24, 10, 5] = 0.5  105.33
y[5, 8, 25, 22, 6, 15, 5] = 0.5  85.13
y[5, 14, 8, 25, 13, 5] = 0.5  69.58
false  0

================Iteration 27 of B&P for SP1 [1, 2, 5, 1] parkings[5]================
Display selected node 52, parent node 50: from 7 nodes
- Branching node in depth: 9
   + Customers MUST      served together:  (16, 24)  (16, 20)  (10, 16)  
   + Customers FORBIDDEN served together:  (12, 16)  (8, 12)  (12, 14)  (12, 22)  (12, 23)  
   # Total number of 2e routes cannot EXCEED:   4  

  Branching node with fractional score: 4.0
  Branching node with cg lower bound: 361.2
  Branching node with LB reduction: 0.0
  Branching node with FS reduction: 0.08
  Total reduction: 0.22

Solve a child node 53
   + Customers MUST      served together:  (16, 24)  (16, 20)  (16, 17)  (10, 16)  
   + Customers FORBIDDEN served together:  (12, 16)  (8, 12)  (12, 14)  (12, 22)  (12, 23)  
   # Total number of 2e routes cannot EXCEED:   4  

-------------Iter CG 1-------------
LP Objective Value = 362.27,   sum y = 4.0
x[1, 2, 5, 1],  82.93
y[5, 21, 13, 18, 12, 5] = 1.0  56.42
y[5, 23, 14, 5] = 1.0  32.46
y[5, 16, 17, 20, 19, 7, 9, 11, 24, 10, 5] = 1.0  105.33
y[5, 8, 25, 22, 6, 15, 5] = 1.0  85.13
true  3
-------------Iter CG 2-------------
LP Objective Value = 362.27,   sum y = 4.0
x[1, 2, 5, 1],  82.93
y[5, 21, 13, 18, 12, 5] = 1.0  56.42
y[5, 23, 14, 5] = 1.0  32.46
y[5, 16, 17, 20, 19, 7, 9, 11, 24, 10, 5] = 1.0  105.33
y[5, 8, 25, 22, 6, 15, 5] = 1.0  85.13
false  0
Integer solution found
Update upper bound
[5, 21, 13, 18, 12, 5]   56.42
[5, 16, 17, 20, 19, 7, 9, 11, 24, 10, 5]   105.33
[5, 8, 25, 22, 6, 15, 5]   85.13
[5, 23, 14, 5]   32.46

Solve a child node 54
   + Customers MUST      served together:  (16, 24)  (16, 20)  (10, 16)  
   + Customers FORBIDDEN served together:  (12, 16)  (8, 12)  (12, 14)  (12, 22)  (12, 23)  (16, 17)  
   # Total number of 2e routes cannot EXCEED:   4  

-------------Iter CG 1-------------
LP Objective Value = 370.38,   sum y = 4.0
x[1, 2, 5, 1],  82.93
y[5, 23, 13, 21, 5] = 0.25  55.8
y[5, 17, 18, 12, 21, 5] = 0.25  63.78
y[5, 12, 18, 6, 15, 17, 5] = 0.75  78.15
y[5, 14, 21, 23, 5] = 0.25  38.17
y[5, 16, 20, 19, 7, 9, 11, 24, 22, 10, 5] = 0.75  109.74
y[5, 23, 5] = 0.5  14.0
y[5, 21, 10, 24, 11, 9, 7, 19, 20, 16, 5] = 0.25  106.48
y[5, 8, 25, 22, 6, 15, 5] = 0.25  85.13
y[5, 14, 8, 25, 13, 5] = 0.75  69.58
true  37
-------------Iter CG 2-------------
LP Objective Value = 370.38,   sum y = 4.0
x[1, 2, 5, 1],  82.93
y[5, 23, 13, 21, 5] = 0.25  55.8
y[5, 17, 18, 12, 21, 5] = 0.25  63.78
y[5, 12, 18, 6, 15, 17, 5] = 0.75  78.15
y[5, 14, 21, 23, 5] = 0.25  38.17
y[5, 16, 20, 19, 7, 9, 11, 24, 22, 10, 5] = 0.75  109.74
y[5, 23, 5] = 0.5  14.0
y[5, 21, 10, 24, 11, 9, 7, 19, 20, 16, 5] = 0.25  106.48
y[5, 8, 25, 22, 6, 15, 5] = 0.25  85.13
y[5, 14, 8, 25, 13, 5] = 0.75  69.58
true  3
-------------Iter CG 3-------------
LP Objective Value = 370.38,   sum y = 4.0
x[1, 2, 5, 1],  82.93
y[5, 23, 13, 21, 5] = 0.25  55.8
y[5, 17, 18, 12, 21, 5] = 0.25  63.78
y[5, 12, 18, 6, 15, 17, 5] = 0.75  78.15
y[5, 14, 21, 23, 5] = 0.25  38.17
y[5, 16, 20, 19, 7, 9, 11, 24, 22, 10, 5] = 0.75  109.74
y[5, 23, 5] = 0.5  14.0
y[5, 21, 10, 24, 11, 9, 7, 19, 20, 16, 5] = 0.25  106.48
y[5, 8, 25, 22, 6, 15, 5] = 0.25  85.13
y[5, 14, 8, 25, 13, 5] = 0.75  69.58
false  0
Exceed Upper Bound, prune

================Iteration 28 of B&P for SP1 [1, 2, 5, 1] parkings[5]================
Display selected node 42, parent node 40: from 6 nodes
- Branching node in depth: 5
   + Customers MUST      served together:  (16, 24)  (16, 20)  
   + Customers FORBIDDEN served together:  (12, 14)  (10, 16)  
   # Total number of 2e routes cannot EXCEED:   4  

  Branching node with fractional score: 3.36
  Branching node with cg lower bound: 357.49
  Branching node with LB reduction: 0.34
  Branching node with FS reduction: 0.27
  Total reduction: 1.18

Solve a child node 55
   + Customers MUST      served together:  (16, 24)  (12, 22)  (16, 20)  
   + Customers FORBIDDEN served together:  (12, 14)  (10, 16)  
   # Total number of 2e routes cannot EXCEED:   4  

-------------Iter CG 1-------------
LP Objective Value = 360.92,   sum y = 4.0
x[1, 2, 5, 1],  82.93
y[5, 21, 13, 10, 18, 5] = 0.11  57.07
y[5, 12, 10, 8, 25, 22, 15, 5] = 0.33  86.53
y[5, 18, 21, 14, 5] = 0.11  42.87
y[5, 16, 20, 19, 7, 9, 11, 24, 6, 15, 5] = 0.33  104.54
y[5, 12, 18, 6, 22, 13, 5] = 0.11  81.95
y[5, 16, 17, 20, 19, 7, 9, 11, 24, 5] = 0.67  104.02
y[5, 14, 21, 23, 5] = 0.44  38.17
y[5, 23, 5] = 0.56  14.0
y[5, 17, 15, 18, 21, 5] = 0.33  68.02
y[5, 12, 10, 6, 22, 25, 8, 5] = 0.22  83.93
y[5, 12, 18, 10, 6, 22, 13, 5] = 0.33  83.26
y[5, 14, 8, 25, 13, 5] = 0.44  69.58
true  6
-------------Iter CG 2-------------
LP Objective Value = 360.92,   sum y = 4.0
x[1, 2, 5, 1],  82.93
y[5, 21, 13, 10, 18, 5] = 0.11  57.07
y[5, 12, 10, 8, 25, 22, 15, 5] = 0.33  86.53
y[5, 18, 21, 14, 5] = 0.11  42.87
y[5, 16, 20, 19, 7, 9, 11, 24, 6, 15, 5] = 0.33  104.54
y[5, 12, 18, 6, 22, 13, 5] = 0.11  81.95
y[5, 16, 17, 20, 19, 7, 9, 11, 24, 5] = 0.67  104.02
y[5, 14, 21, 23, 5] = 0.44  38.17
y[5, 13, 25, 8, 14, 5] = 0.44  69.58
y[5, 23, 5] = 0.56  14.0
y[5, 12, 10, 6, 22, 25, 8, 5] = 0.22  83.93
y[5, 12, 18, 10, 6, 22, 13, 5] = 0.33  83.26
y[5, 21, 18, 15, 17, 5] = 0.33  68.02
true  1
-------------Iter CG 3-------------
LP Objective Value = 360.92,   sum y = 4.0
x[1, 2, 5, 1],  82.93
y[5, 21, 13, 10, 18, 5] = 0.11  57.07
y[5, 12, 10, 8, 25, 22, 15, 5] = 0.33  86.53
y[5, 18, 21, 14, 5] = 0.11  42.87
y[5, 16, 20, 19, 7, 9, 11, 24, 6, 15, 5] = 0.33  104.54
y[5, 12, 18, 6, 22, 13, 5] = 0.11  81.95
y[5, 16, 17, 20, 19, 7, 9, 11, 24, 5] = 0.67  104.02
y[5, 14, 21, 23, 5] = 0.44  38.17
y[5, 13, 25, 8, 14, 5] = 0.44  69.58
y[5, 23, 5] = 0.56  14.0
y[5, 12, 10, 6, 22, 25, 8, 5] = 0.22  83.93
y[5, 12, 18, 10, 6, 22, 13, 5] = 0.33  83.26
y[5, 21, 18, 15, 17, 5] = 0.33  68.02
false  0

Solve a child node 56
   + Customers MUST      served together:  (16, 24)  (16, 20)  
   + Customers FORBIDDEN served together:  (12, 14)  (12, 22)  (10, 16)  
   # Total number of 2e routes cannot EXCEED:   4  

-------------Iter CG 1-------------
LP Objective Value = 359.44,   sum y = 4.0
x[1, 2, 5, 1],  82.93
y[5, 14, 18, 22, 6, 15, 5] = 0.5  78.8
y[5, 16, 17, 20, 19, 7, 9, 11, 24, 5] = 1.0  104.02
y[5, 14, 21, 23, 5] = 0.5  38.17
y[5, 12, 10, 25, 8, 13, 5] = 0.5  71.38
y[5, 12, 18, 10, 13, 21, 5] = 0.5  57.49
y[5, 23, 5] = 0.5  14.0
y[5, 15, 6, 22, 25, 8, 5] = 0.5  85.13
true  13
-------------Iter CG 2-------------
LP Objective Value = 359.44,   sum y = 4.0
x[1, 2, 5, 1],  82.93
y[5, 14, 18, 22, 6, 15, 5] = 0.5  78.8
y[5, 16, 17, 20, 19, 7, 9, 11, 24, 5] = 1.0  104.02
y[5, 14, 21, 23, 5] = 0.5  38.17
y[5, 12, 10, 25, 8, 13, 5] = 0.5  71.38
y[5, 12, 18, 10, 13, 21, 5] = 0.5  57.49
y[5, 23, 5] = 0.5  14.0
y[5, 15, 6, 22, 25, 8, 5] = 0.5  85.13
true  1
-------------Iter CG 3-------------
LP Objective Value = 359.44,   sum y = 4.0
x[1, 2, 5, 1],  82.93
y[5, 14, 18, 22, 6, 15, 5] = 0.5  78.8
y[5, 16, 17, 20, 19, 7, 9, 11, 24, 5] = 1.0  104.02
y[5, 14, 21, 23, 5] = 0.5  38.17
y[5, 12, 10, 25, 8, 13, 5] = 0.5  71.38
y[5, 12, 18, 10, 13, 21, 5] = 0.5  57.49
y[5, 23, 5] = 0.5  14.0
y[5, 15, 6, 22, 25, 8, 5] = 0.5  85.13
true  3
-------------Iter CG 4-------------
LP Objective Value = 359.4,   sum y = 4.0
x[1, 2, 5, 1],  82.93
y[5, 14, 18, 22, 6, 15, 5] = 0.23  78.8
y[5, 10, 22, 25, 8, 14, 5] = 0.23  80.05
y[5, 23, 21, 12, 18, 5] = 0.08  50.12
y[5, 12, 18, 15, 9, 19, 17, 5] = 0.08  92.29
y[5, 16, 17, 20, 19, 7, 9, 11, 24, 5] = 0.85  104.02
y[5, 14, 21, 23, 5] = 0.31  38.17
y[5, 21, 13, 10, 18, 12, 5] = 0.62  57.49
y[5, 16, 20, 19, 7, 9, 11, 24, 15, 12, 5] = 0.08  107.08
y[5, 23, 5] = 0.62  14.0
y[5, 14, 13, 22, 6, 15, 5] = 0.08  83.86
y[5, 16, 17, 7, 11, 24, 6, 15, 20, 5] = 0.08  98.05
y[5, 12, 10, 6, 25, 8, 13, 5] = 0.15  83.66
y[5, 8, 25, 22, 6, 15, 5] = 0.46  85.13
y[5, 14, 8, 25, 13, 5] = 0.15  69.58
false  0

================Iteration 29 of B&P for SP1 [1, 2, 5, 1] parkings[5]================
Display selected node 56, parent node 42: from 7 nodes
- Branching node in depth: 6
   + Customers MUST      served together:  (16, 24)  (16, 20)  
   + Customers FORBIDDEN served together:  (12, 14)  (12, 22)  (10, 16)  
   # Total number of 2e routes cannot EXCEED:   4  

  Branching node with fractional score: 2.85
  Branching node with cg lower bound: 359.4
  Branching node with LB reduction: 0.32
  Branching node with FS reduction: -0.09
  Total reduction: 0.5

Solve a child node 57
   + Customers MUST      served together:  (12, 15)  (16, 24)  (16, 20)  
   + Customers FORBIDDEN served together:  (12, 14)  (12, 22)  (10, 16)  
   # Total number of 2e routes cannot EXCEED:   4  

-------------Iter CG 1-------------
LP Objective Value = 372.41,   sum y = 4.0
x[1, 2, 5, 1],  82.93
y[5, 13, 8, 22, 6, 10, 5] = 0.25  83.95
y[5, 21, 12, 18, 15, 5] = 0.25  57.84
y[5, 16, 17, 20, 19, 7, 9, 11, 24, 5] = 0.5  104.02
y[5, 14, 21, 23, 5] = 0.5  38.17
y[5, 12, 18, 10, 6, 15, 17, 5] = 0.25  79.47
y[5, 16, 20, 19, 7, 9, 11, 24, 15, 12, 5] = 0.25  107.08
y[5, 23, 5] = 0.25  14.0
y[5, 18, 21, 23, 5] = 0.25  49.75
y[5, 8, 25, 22, 6, 10, 5] = 0.25  83.93
y[5, 13, 25, 22, 6, 10, 5] = 0.25  85.38
y[5, 17, 15, 18, 12, 5] = 0.25  63.28
y[5, 14, 8, 25, 13, 5] = 0.5  69.58
y[5, 16, 20, 19, 7, 9, 11, 24, 22, 5] = 0.25  109.71
true  7
-------------Iter CG 2-------------
LP Objective Value = 372.41,   sum y = 4.0
x[1, 2, 5, 1],  82.93
y[5, 13, 8, 22, 6, 10, 5] = 0.25  83.95
y[5, 21, 12, 18, 15, 5] = 0.25  57.84
y[5, 16, 17, 20, 19, 7, 9, 11, 24, 5] = 0.5  104.02
y[5, 14, 21, 23, 5] = 0.5  38.17
y[5, 12, 18, 10, 6, 15, 17, 5] = 0.25  79.47
y[5, 16, 20, 19, 7, 9, 11, 24, 15, 12, 5] = 0.25  107.08
y[5, 23, 5] = 0.25  14.0
y[5, 18, 21, 23, 5] = 0.25  49.75
y[5, 8, 25, 22, 6, 10, 5] = 0.25  83.93
y[5, 13, 25, 22, 6, 10, 5] = 0.25  85.38
y[5, 17, 15, 18, 12, 5] = 0.25  63.28
y[5, 14, 8, 25, 13, 5] = 0.5  69.58
y[5, 16, 20, 19, 7, 9, 11, 24, 22, 5] = 0.25  109.71
false  0
Exceed Upper Bound, prune

Solve a child node 58
   + Customers MUST      served together:  (16, 24)  (16, 20)  
   + Customers FORBIDDEN served together:  (12, 15)  (12, 14)  (12, 22)  (10, 16)  
   # Total number of 2e routes cannot EXCEED:   4  

-------------Iter CG 1-------------
LP Objective Value = 359.44,   sum y = 4.0
x[1, 2, 5, 1],  82.93
y[5, 14, 18, 22, 6, 15, 5] = 0.5  78.8
y[5, 16, 17, 20, 19, 7, 9, 11, 24, 5] = 1.0  104.02
y[5, 14, 21, 23, 5] = 0.5  38.17
y[5, 21, 13, 10, 18, 12, 5] = 0.5  57.49
y[5, 12, 10, 25, 8, 13, 5] = 0.5  71.38
y[5, 23, 5] = 0.5  14.0
y[5, 15, 6, 22, 25, 8, 5] = 0.5  85.13
false  0

================Iteration 30 of B&P for SP1 [1, 2, 5, 1] parkings[5]================
Display selected node 58, parent node 56: from 7 nodes
- Branching node in depth: 7
   + Customers MUST      served together:  (16, 24)  (16, 20)  
   + Customers FORBIDDEN served together:  (12, 15)  (12, 14)  (12, 22)  (10, 16)  
   # Total number of 2e routes cannot EXCEED:   4  

  Branching node with fractional score: 3.0
  Branching node with cg lower bound: 359.44
  Branching node with LB reduction: 0.01
  Branching node with FS reduction: 0.02
  Total reduction: 0.07

Solve a child node 59
   + Customers MUST      served together:  (8, 12)  (16, 24)  (16, 20)  
   + Customers FORBIDDEN served together:  (12, 15)  (12, 14)  (12, 22)  (10, 16)  
   # Total number of 2e routes cannot EXCEED:   4  

-------------Iter CG 1-------------
LP Objective Value = 366.81,   sum y = 4.0
x[1, 2, 5, 1],  82.93
y[5, 14, 18, 22, 6, 15, 5] = 0.5  78.8
y[5, 16, 17, 20, 19, 7, 9, 11, 24, 5] = 0.5  104.02
y[5, 14, 21, 23, 5] = 0.5  38.17
y[5, 12, 10, 25, 8, 13, 5] = 0.5  71.38
y[5, 23, 5] = 0.5  14.0
y[5, 17, 15, 18, 21, 5] = 0.5  68.02
y[5, 12, 10, 6, 25, 8, 13, 5] = 0.5  83.66
y[5, 16, 20, 19, 7, 9, 11, 24, 22, 5] = 0.5  109.71
true  1
-------------Iter CG 2-------------
LP Objective Value = 366.81,   sum y = 4.0
x[1, 2, 5, 1],  82.93
y[5, 14, 18, 22, 6, 15, 5] = 0.5  78.8
y[5, 16, 17, 20, 19, 7, 9, 11, 24, 5] = 0.5  104.02
y[5, 14, 21, 23, 5] = 0.5  38.17
y[5, 12, 10, 25, 8, 13, 5] = 0.5  71.38
y[5, 23, 5] = 0.5  14.0
y[5, 17, 15, 18, 21, 5] = 0.5  68.02
y[5, 12, 10, 6, 25, 8, 13, 5] = 0.5  83.66
y[5, 16, 20, 19, 7, 9, 11, 24, 22, 5] = 0.5  109.71
true  4
-------------Iter CG 3-------------
LP Objective Value = 366.81,   sum y = 4.0
x[1, 2, 5, 1],  82.93
y[5, 14, 18, 22, 6, 15, 5] = 0.5  78.8
y[5, 16, 17, 20, 19, 7, 9, 11, 24, 5] = 0.5  104.02
y[5, 14, 21, 23, 5] = 0.5  38.17
y[5, 12, 10, 25, 8, 13, 5] = 0.5  71.38
y[5, 23, 5] = 0.5  14.0
y[5, 17, 15, 18, 21, 5] = 0.5  68.02
y[5, 12, 10, 6, 25, 8, 13, 5] = 0.5  83.66
y[5, 16, 20, 19, 7, 9, 11, 24, 22, 5] = 0.5  109.71
false  0
Exceed Upper Bound, prune

Solve a child node 60
   + Customers MUST      served together:  (16, 24)  (16, 20)  
   + Customers FORBIDDEN served together:  (12, 15)  (8, 12)  (12, 14)  (12, 22)  (10, 16)  
   # Total number of 2e routes cannot EXCEED:   4  

-------------Iter CG 1-------------
LP Objective Value = 360.06,   sum y = 4.0
x[1, 2, 5, 1],  82.93
y[5, 21, 13, 18, 12, 5] = 0.19  56.42
y[5, 23, 21, 12, 18, 5] = 0.25  50.12
y[5, 17, 19, 9, 11, 6, 10, 12, 5] = 0.06  97.48
y[5, 16, 17, 19, 9, 24, 15, 20, 5] = 0.06  103.57
y[5, 16, 20, 19, 7, 9, 11, 24, 6, 15, 5] = 0.19  104.54
y[5, 14, 8, 25, 22, 10, 5] = 0.44  80.05
y[5, 16, 17, 20, 19, 7, 9, 11, 24, 5] = 0.62  104.02
y[5, 14, 21, 23, 5] = 0.12  38.17
y[5, 21, 13, 10, 18, 12, 5] = 0.44  57.49
y[5, 23, 5] = 0.62  14.0
y[5, 14, 13, 22, 6, 15, 5] = 0.19  83.86
y[5, 16, 17, 7, 11, 24, 6, 15, 20, 5] = 0.12  98.05
y[5, 17, 15, 18, 14, 5] = 0.06  64.7
y[5, 15, 6, 22, 25, 8, 5] = 0.38  85.13
y[5, 12, 18, 10, 6, 9, 7, 19, 17, 5] = 0.06  98.43
y[5, 14, 8, 25, 13, 5] = 0.19  69.58
false  0

================Iteration 31 of B&P for SP1 [1, 2, 5, 1] parkings[5]================
Display selected node 60, parent node 58: from 7 nodes
- Branching node in depth: 8
   + Customers MUST      served together:  (16, 24)  (16, 20)  
   + Customers FORBIDDEN served together:  (12, 15)  (8, 12)  (12, 14)  (12, 22)  (10, 16)  
   # Total number of 2e routes cannot EXCEED:   4  

  Branching node with fractional score: 3.5
  Branching node with cg lower bound: 360.06
  Branching node with LB reduction: 0.08
  Branching node with FS reduction: 0.06
  Total reduction: 0.36

Solve a child node 61
   + Customers MUST      served together:  (16, 24)  (16, 20)  (6, 17)  
   + Customers FORBIDDEN served together:  (12, 15)  (8, 12)  (12, 14)  (12, 22)  (10, 16)  
   # Total number of 2e routes cannot EXCEED:   4  

-------------Iter CG 1-------------
LP Objective Value = 366.4,   sum y = 4.0
x[1, 2, 5, 1],  82.93
y[5, 23, 21, 12, 18, 5] = 0.33  50.12
y[5, 14, 8, 25, 22, 10, 5] = 0.33  80.05
y[5, 12, 18, 10, 6, 9, 19, 17, 5] = 0.33  96.6
y[5, 21, 13, 10, 18, 12, 5] = 0.33  57.49
y[5, 23, 5] = 0.67  14.0
y[5, 16, 17, 7, 11, 24, 6, 15, 20, 5] = 0.33  98.05
y[5, 15, 6, 11, 9, 7, 19, 17, 5] = 0.33  100.51
y[5, 14, 8, 25, 13, 5] = 0.67  69.58
y[5, 16, 20, 19, 7, 9, 11, 24, 22, 5] = 0.33  109.71
y[5, 21, 22, 24, 15, 20, 16, 5] = 0.33  90.74
false  0
Exceed Upper Bound, prune

Solve a child node 62
   + Customers MUST      served together:  (16, 24)  (16, 20)  
   + Customers FORBIDDEN served together:  (12, 15)  (8, 12)  (12, 14)  (12, 22)  (6, 17)  (10, 16)  
   # Total number of 2e routes cannot EXCEED:   4  

-------------Iter CG 1-------------
LP Objective Value = 360.86,   sum y = 4.0
x[1, 2, 5, 1],  82.93
y[5, 17, 18, 12, 23, 5] = 0.2  68.26
y[5, 16, 20, 19, 7, 9, 11, 24, 6, 15, 5] = 0.4  104.54
y[5, 14, 8, 25, 22, 10, 5] = 0.4  80.05
y[5, 17, 18, 12, 21, 5] = 0.2  63.78
y[5, 16, 17, 20, 19, 7, 9, 11, 24, 5] = 0.6  104.02
y[5, 14, 21, 23, 5] = 0.2  38.17
y[5, 21, 13, 10, 18, 12, 5] = 0.6  57.49
y[5, 23, 5] = 0.6  14.0
y[5, 14, 13, 22, 6, 15, 5] = 0.2  83.86
y[5, 8, 25, 22, 6, 15, 5] = 0.4  85.13
y[5, 14, 8, 25, 13, 5] = 0.2  69.58
false  0

================Iteration 32 of B&P for SP1 [1, 2, 5, 1] parkings[5]================
Display selected node 62, parent node 60: from 7 nodes
- Branching node in depth: 9
   + Customers MUST      served together:  (16, 24)  (16, 20)  
   + Customers FORBIDDEN served together:  (12, 15)  (8, 12)  (12, 14)  (12, 22)  (6, 17)  (10, 16)  
   # Total number of 2e routes cannot EXCEED:   4  

  Branching node with fractional score: 3.4
  Branching node with cg lower bound: 360.86
  Branching node with LB reduction: 0.09
  Branching node with FS reduction: -0.01
  Total reduction: 0.22

Solve a child node 63
   + Customers MUST      served together:  (16, 24)  (16, 20)  (8, 14)  
   + Customers FORBIDDEN served together:  (12, 15)  (8, 12)  (12, 14)  (12, 22)  (6, 17)  (10, 16)  
   # Total number of 2e routes cannot EXCEED:   4  

-------------Iter CG 1-------------
LP Objective Value = 365.67,   sum y = 4.0
x[1, 2, 5, 1],  82.93
y[5, 17, 18, 12, 23, 5] = 0.1  68.26
y[5, 23, 21, 12, 18, 5] = 0.2  50.12
y[5, 16, 20, 19, 7, 9, 11, 24, 6, 15, 5] = 0.5  104.54
y[5, 14, 8, 25, 22, 10, 5] = 0.4  80.05
y[5, 17, 18, 12, 21, 5] = 0.3  63.78
y[5, 16, 17, 20, 19, 7, 9, 11, 24, 5] = 0.5  104.02
y[5, 15, 22, 25, 13, 5] = 0.1  86.13
y[5, 23, 21, 13, 10, 12, 5] = 0.1  63.83
y[5, 21, 13, 10, 18, 12, 5] = 0.3  57.49
y[5, 23, 5] = 0.6  14.0
y[5, 17, 15, 18, 21, 5] = 0.1  68.02
y[5, 13, 25, 22, 6, 10, 5] = 0.2  85.38
y[5, 14, 8, 25, 13, 5] = 0.3  69.58
y[5, 14, 8, 22, 6, 15, 5] = 0.3  83.52
true  15
-------------Iter CG 2-------------
LP Objective Value = 365.51,   sum y = 4.0
x[1, 2, 5, 1],  82.93
y[5, 23, 21, 12, 18, 5] = 0.2  50.12
y[5, 16, 20, 19, 7, 9, 11, 24, 6, 15, 5] = 0.4  104.54
y[5, 14, 8, 25, 22, 10, 5] = 0.2  80.05
y[5, 17, 18, 12, 21, 5] = 0.2  63.78
y[5, 16, 17, 20, 19, 7, 9, 11, 24, 5] = 0.6  104.02
y[5, 21, 13, 10, 18, 12, 5] = 0.4  57.49
y[5, 23, 21, 10, 18, 12, 5] = 0.2  54.01
y[5, 23, 5] = 0.6  14.0
y[5, 13, 25, 22, 6, 10, 5] = 0.2  85.38
y[5, 17, 15, 22, 25, 5] = 0.2  95.22
y[5, 14, 8, 25, 13, 5] = 0.4  69.58
y[5, 14, 8, 22, 6, 15, 5] = 0.4  83.52
true  2
-------------Iter CG 3-------------
LP Objective Value = 365.51,   sum y = 4.0
x[1, 2, 5, 1],  82.93
y[5, 23, 21, 12, 18, 5] = 0.2  50.12
y[5, 16, 20, 19, 7, 9, 11, 24, 6, 15, 5] = 0.4  104.54
y[5, 14, 8, 25, 22, 10, 5] = 0.2  80.05
y[5, 17, 18, 12, 21, 5] = 0.2  63.78
y[5, 16, 17, 20, 19, 7, 9, 11, 24, 5] = 0.6  104.02
y[5, 21, 13, 10, 18, 12, 5] = 0.4  57.49
y[5, 23, 21, 10, 18, 12, 5] = 0.2  54.01
y[5, 23, 5] = 0.6  14.0
y[5, 13, 25, 22, 6, 10, 5] = 0.2  85.38
y[5, 17, 15, 22, 25, 5] = 0.2  95.22
y[5, 14, 8, 25, 13, 5] = 0.4  69.58
y[5, 14, 8, 22, 6, 15, 5] = 0.4  83.52
false  0
Exceed Upper Bound, prune

Solve a child node 64
   + Customers MUST      served together:  (16, 24)  (16, 20)  
   + Customers FORBIDDEN served together:  (12, 15)  (8, 12)  (12, 14)  (12, 22)  (8, 14)  (6, 17)  (10, 16)  
   # Total number of 2e routes cannot EXCEED:   4  

-------------Iter CG 1-------------
LP Objective Value = 362.03,   sum y = 4.0
x[1, 2, 5, 1],  82.93
y[5, 16, 17, 20, 19, 7, 9, 11, 24, 5] = 1.0  104.02
y[5, 21, 13, 10, 18, 12, 5] = 1.0  57.49
y[5, 23, 14, 5] = 1.0  32.46
y[5, 15, 6, 22, 25, 8, 5] = 1.0  85.13
false  0
Integer solution found
Update upper bound
[5, 21, 13, 10, 18, 12, 5]   57.49
[5, 16, 17, 20, 19, 7, 9, 11, 24, 5]   104.02
[5, 23, 14, 5]   32.46
[5, 15, 6, 22, 25, 8, 5]   85.13

================Iteration 33 of B&P for SP1 [1, 2, 5, 1] parkings[5]================
Display selected node 55, parent node 42: from 6 nodes
- Branching node in depth: 6
   + Customers MUST      served together:  (16, 24)  (12, 22)  (16, 20)  
   + Customers FORBIDDEN served together:  (12, 14)  (10, 16)  
   # Total number of 2e routes cannot EXCEED:   4  

  Branching node with fractional score: 3.56
  Branching node with cg lower bound: 360.92
  Branching node with LB reduction: 0.57
  Branching node with FS reduction: 0.03
  Total reduction: 1.3

Solve a child node 65
   + Customers MUST      served together:  (12, 18)  (16, 24)  (12, 22)  (16, 20)  
   + Customers FORBIDDEN served together:  (12, 14)  (10, 16)  
   # Total number of 2e routes cannot EXCEED:   4  

-------------Iter CG 1-------------
LP Objective Value = 370.67,   sum y = 4.0
x[1, 2, 5, 1],  82.93
y[5, 16, 20, 19, 7, 9, 11, 24, 6, 15, 5] = 0.12  104.54
y[5, 16, 17, 20, 19, 7, 9, 11, 24, 5] = 0.62  104.02
y[5, 16, 17, 19, 7, 9, 24, 15, 20, 5] = 0.13  105.4
y[5, 23, 21, 14, 5] = 0.38  38.17
y[5, 23, 5] = 0.62  14.0
y[5, 16, 17, 7, 11, 24, 6, 15, 20, 5] = 0.12  98.05
y[5, 12, 18, 10, 6, 22, 13, 5] = 0.75  83.26
y[5, 8, 22, 15, 12, 18, 5] = 0.12  91.87
y[5, 17, 19, 9, 11, 15, 14, 5] = 0.12  97.78
y[5, 15, 25, 8, 21, 5] = 0.25  80.0
y[5, 13, 8, 25, 10, 15, 5] = 0.12  84.46
y[5, 12, 18, 10, 22, 25, 5] = 0.12  80.94
y[5, 21, 25, 8, 14, 5] = 0.38  68.39
y[5, 14, 8, 25, 13, 5] = 0.12  69.58
false  0
Exceed Upper Bound, prune

Solve a child node 66
   + Customers MUST      served together:  (16, 24)  (12, 22)  (16, 20)  
   + Customers FORBIDDEN served together:  (12, 18)  (12, 14)  (10, 16)  
   # Total number of 2e routes cannot EXCEED:   4  

-------------Iter CG 1-------------
LP Objective Value = 361.13,   sum y = 4.0
x[1, 2, 5, 1],  82.93
y[5, 21, 13, 18, 5] = 0.11  56.0
y[5, 12, 10, 8, 25, 22, 15, 5] = 0.33  86.53
y[5, 18, 10, 8, 13, 14, 5] = 0.44  68.36
y[5, 18, 21, 14, 5] = 0.11  42.87
y[5, 16, 20, 19, 7, 9, 11, 24, 6, 15, 5] = 0.33  104.54
y[5, 16, 17, 20, 19, 7, 9, 11, 24, 5] = 0.67  104.02
y[5, 23, 21, 14, 5] = 0.44  38.17
y[5, 12, 6, 22, 25, 13, 5] = 0.44  84.88
y[5, 23, 5] = 0.56  14.0
y[5, 17, 15, 18, 21, 5] = 0.33  68.02
y[5, 12, 10, 6, 22, 25, 8, 5] = 0.22  83.93
false  0

================Iteration 34 of B&P for SP1 [1, 2, 5, 1] parkings[5]================
Display selected node 66, parent node 55: from 6 nodes
- Branching node in depth: 7
   + Customers MUST      served together:  (16, 24)  (12, 22)  (16, 20)  
   + Customers FORBIDDEN served together:  (12, 18)  (12, 14)  (10, 16)  
   # Total number of 2e routes cannot EXCEED:   4  

  Branching node with fractional score: 3.56
  Branching node with cg lower bound: 361.13
  Branching node with LB reduction: 0.03
  Branching node with FS reduction: -0.0
  Total reduction: 0.07

Solve a child node 67
   + Customers MUST      served together:  (16, 24)  (12, 22)  (16, 20)  (18, 21)  
   + Customers FORBIDDEN served together:  (12, 18)  (12, 14)  (10, 16)  
   # Total number of 2e routes cannot EXCEED:   4  

-------------Iter CG 1-------------
LP Objective Value = 365.7,   sum y = 4.0
x[1, 2, 5, 1],  82.93
y[5, 23, 21, 10, 18, 5] = 0.5  53.59
y[5, 12, 10, 8, 25, 22, 15, 5] = 0.25  86.53
y[5, 18, 21, 14, 5] = 0.5  42.87
y[5, 16, 20, 19, 7, 9, 11, 24, 6, 15, 5] = 0.25  104.54
y[5, 17, 19, 9, 11, 22, 10, 12, 5] = 0.25  104.12
y[5, 16, 17, 20, 19, 7, 9, 11, 24, 5] = 0.25  104.02
y[5, 16, 17, 19, 7, 9, 24, 15, 20, 5] = 0.25  105.4
y[5, 12, 6, 22, 25, 13, 5] = 0.25  84.88
y[5, 12, 6, 22, 8, 13, 5] = 0.25  83.45
y[5, 13, 25, 8, 14, 5] = 0.5  69.58
y[5, 23, 5] = 0.5  14.0
y[5, 16, 17, 7, 11, 24, 6, 15, 20, 5] = 0.25  98.05
true  9
-------------Iter CG 2-------------
LP Objective Value = 365.7,   sum y = 4.0
x[1, 2, 5, 1],  82.93
y[5, 23, 21, 10, 18, 5] = 0.5  53.59
y[5, 12, 10, 8, 25, 22, 15, 5] = 0.25  86.53
y[5, 18, 21, 14, 5] = 0.5  42.87
y[5, 16, 20, 19, 7, 9, 11, 24, 6, 15, 5] = 0.25  104.54
y[5, 17, 19, 9, 11, 22, 10, 12, 5] = 0.25  104.12
y[5, 16, 17, 20, 19, 7, 9, 11, 24, 5] = 0.25  104.02
y[5, 16, 17, 19, 7, 9, 24, 15, 20, 5] = 0.25  105.4
y[5, 12, 6, 22, 25, 13, 5] = 0.25  84.88
y[5, 12, 6, 22, 8, 13, 5] = 0.25  83.45
y[5, 13, 25, 8, 14, 5] = 0.5  69.58
y[5, 23, 5] = 0.5  14.0
y[5, 16, 17, 7, 11, 24, 6, 15, 20, 5] = 0.25  98.05
false  0
Exceed Upper Bound, prune

Solve a child node 68
   + Customers MUST      served together:  (16, 24)  (12, 22)  (16, 20)  
   + Customers FORBIDDEN served together:  (12, 18)  (12, 14)  (18, 21)  (10, 16)  
   # Total number of 2e routes cannot EXCEED:   4  

-------------Iter CG 1-------------
LP Objective Value = 367.67,   sum y = 4.0
x[1, 2, 5, 1],  82.93
y[5, 15, 6, 8, 13, 21, 5] = 0.25  82.48
y[5, 14, 18, 10, 15, 17, 5] = 0.25  68.7
y[5, 12, 10, 8, 25, 22, 15, 5] = 0.25  86.53
y[5, 16, 17, 20, 19, 7, 9, 11, 24, 5] = 0.5  104.02
y[5, 23, 21, 14, 5] = 0.5  38.17
y[5, 12, 6, 22, 25, 13, 5] = 0.25  84.88
y[5, 23, 5] = 0.5  14.0
y[5, 12, 10, 6, 22, 25, 8, 5] = 0.5  83.93
y[5, 18, 24, 11, 9, 7, 19, 20, 16, 5] = 0.5  102.42
y[5, 17, 15, 18, 13, 5] = 0.25  81.45
y[5, 14, 13, 21, 5] = 0.25  49.83
false  0
Exceed Upper Bound, prune

================Iteration 35 of B&P for SP1 [1, 2, 5, 1] parkings[5]================
Display selected node 43, parent node 39: from 5 nodes
- Branching node in depth: 5
   + Customers MUST      served together:  (16, 24)  (12, 14)  (16, 20)  (10, 16)  
   # Total number of 2e routes cannot EXCEED:   4  

  Branching node with fractional score: 2.5
  Branching node with cg lower bound: 358.8
  Branching node with LB reduction: 0.68
  Branching node with FS reduction: 0.0
  Total reduction: 1.3

Solve a child node 69
   + Customers MUST      served together:  (16, 24)  (12, 14)  (16, 20)  (8, 13)  (10, 16)  
   # Total number of 2e routes cannot EXCEED:   4  

-------------Iter CG 1-------------
LP Objective Value = 364.83,   sum y = 4.0
x[1, 2, 5, 1],  82.93
y[5, 15, 25, 8, 13, 5] = 0.5  81.36
y[5, 13, 8, 22, 6, 15, 5] = 0.5  85.14
y[5, 23, 5] = 0.5  14.0
y[5, 18, 6, 22, 25, 5] = 0.5  83.09
y[5, 16, 17, 20, 19, 7, 9, 11, 24, 10, 5] = 1.0  105.33
y[5, 18, 12, 21, 14, 5] = 0.5  43.24
y[5, 23, 21, 12, 14, 5] = 0.5  46.31
true  14
-------------Iter CG 2-------------
LP Objective Value = 364.83,   sum y = 4.0
x[1, 2, 5, 1],  82.93
y[5, 15, 25, 8, 13, 5] = 0.5  81.36
y[5, 13, 8, 22, 6, 15, 5] = 0.5  85.14
y[5, 23, 5] = 0.5  14.0
y[5, 18, 6, 22, 25, 5] = 0.5  83.09
y[5, 16, 17, 20, 19, 7, 9, 11, 24, 10, 5] = 1.0  105.33
y[5, 18, 12, 21, 14, 5] = 0.5  43.24
y[5, 23, 21, 12, 14, 5] = 0.5  46.31
false  0
Exceed Upper Bound, prune

Solve a child node 70
   + Customers MUST      served together:  (16, 24)  (12, 14)  (16, 20)  (10, 16)  
   + Customers FORBIDDEN served together:  (8, 13)  
   # Total number of 2e routes cannot EXCEED:   4  

-------------Iter CG 1-------------
LP Objective Value = 358.81,   sum y = 4.0
x[1, 2, 5, 1],  82.93
y[5, 14, 12, 18, 13, 5] = 0.5  57.8
y[5, 23, 13, 21, 5] = 0.5  55.8
y[5, 23, 5] = 0.5  14.0
y[5, 16, 17, 20, 19, 7, 9, 11, 24, 10, 5] = 1.0  105.33
y[5, 15, 6, 22, 25, 8, 5] = 1.0  85.13
y[5, 18, 12, 21, 14, 5] = 0.5  43.24
true  9
-------------Iter CG 2-------------
LP Objective Value = 358.81,   sum y = 4.0
x[1, 2, 5, 1],  82.93
y[5, 14, 12, 18, 13, 5] = 0.5  57.8
y[5, 23, 13, 21, 5] = 0.5  55.8
y[5, 23, 5] = 0.5  14.0
y[5, 16, 17, 20, 19, 7, 9, 11, 24, 10, 5] = 1.0  105.33
y[5, 8, 25, 22, 6, 15, 5] = 1.0  85.13
y[5, 18, 12, 21, 14, 5] = 0.5  43.24
false  0

================Iteration 36 of B&P for SP1 [1, 2, 5, 1] parkings[5]================
Display selected node 70, parent node 43: from 5 nodes
- Branching node in depth: 6
   + Customers MUST      served together:  (16, 24)  (12, 14)  (16, 20)  (10, 16)  
   + Customers FORBIDDEN served together:  (8, 13)  
   # Total number of 2e routes cannot EXCEED:   4  

  Branching node with fractional score: 2.0
  Branching node with cg lower bound: 358.81
  Branching node with LB reduction: 0.0
  Branching node with FS reduction: -0.08
  Total reduction: -0.17

Solve a child node 71
   + Customers MUST      served together:  (12, 13)  (16, 24)  (12, 14)  (16, 20)  (10, 16)  
   + Customers FORBIDDEN served together:  (8, 13)  
   # Total number of 2e routes cannot EXCEED:   4  

-------------Iter CG 1-------------
LP Objective Value = 360.89,   sum y = 4.0
x[1, 2, 5, 1],  82.93
y[5, 14, 12, 18, 13, 5] = 0.5  57.8
y[5, 14, 21, 13, 12, 5] = 0.5  53.45
y[5, 23, 5] = 0.5  14.0
y[5, 18, 21, 23, 5] = 0.5  49.75
y[5, 16, 17, 20, 19, 7, 9, 11, 24, 10, 5] = 1.0  105.33
y[5, 8, 25, 22, 6, 15, 5] = 1.0  85.13
true  24
-------------Iter CG 2-------------
LP Objective Value = 360.89,   sum y = 4.0
x[1, 2, 5, 1],  82.93
y[5, 14, 12, 18, 13, 5] = 0.5  57.8
y[5, 14, 21, 13, 12, 5] = 0.5  53.45
y[5, 23, 5] = 0.5  14.0
y[5, 18, 21, 23, 5] = 0.5  49.75
y[5, 16, 17, 20, 19, 7, 9, 11, 24, 10, 5] = 1.0  105.33
y[5, 8, 25, 22, 6, 15, 5] = 1.0  85.13
true  21
-------------Iter CG 3-------------
LP Objective Value = 360.89,   sum y = 4.0
x[1, 2, 5, 1],  82.93
y[5, 14, 12, 18, 13, 5] = 0.5  57.8
y[5, 14, 21, 13, 12, 5] = 0.5  53.45
y[5, 23, 5] = 0.5  14.0
y[5, 18, 21, 23, 5] = 0.5  49.75
y[5, 16, 17, 20, 19, 7, 9, 11, 24, 10, 5] = 1.0  105.33
y[5, 8, 25, 22, 6, 15, 5] = 1.0  85.13
false  0

Solve a child node 72
   + Customers MUST      served together:  (16, 24)  (12, 14)  (16, 20)  (10, 16)  
   + Customers FORBIDDEN served together:  (12, 13)  (8, 13)  
   # Total number of 2e routes cannot EXCEED:   4  

-------------Iter CG 1-------------
LP Objective Value = 369.89,   sum y = 4.0
x[1, 2, 5, 1],  82.93
y[5, 13, 25, 22, 6, 5] = 0.14  84.27
y[5, 18, 6, 22, 13, 5] = 0.14  81.52
y[5, 23, 13, 21, 5] = 0.43  55.8
y[5, 17, 15, 18, 12, 14, 5] = 0.14  64.7
y[5, 21, 13, 18, 5] = 0.29  56.0
y[5, 8, 22, 15, 12, 14, 5] = 0.14  88.06
y[5, 23, 14, 12, 18, 5] = 0.14  47.58
y[5, 23, 5] = 0.43  14.0
y[5, 16, 17, 20, 19, 7, 9, 11, 24, 10, 5] = 0.86  105.33
y[5, 20, 7, 19, 9, 11, 24, 6, 10, 15, 16, 5] = 0.14  121.29
y[5, 8, 25, 12, 14, 5] = 0.29  70.44
y[5, 8, 25, 22, 6, 15, 5] = 0.57  85.13
y[5, 18, 12, 21, 14, 5] = 0.29  43.24
false  0
Exceed Upper Bound, prune

================Iteration 37 of B&P for SP1 [1, 2, 5, 1] parkings[5]================
Display selected node 71, parent node 70: from 5 nodes
- Branching node in depth: 7
   + Customers MUST      served together:  (12, 13)  (16, 24)  (12, 14)  (16, 20)  (10, 16)  
   + Customers FORBIDDEN served together:  (8, 13)  
   # Total number of 2e routes cannot EXCEED:   4  

  Branching node with fractional score: 2.0
  Branching node with cg lower bound: 360.89
  Branching node with LB reduction: 0.3
  Branching node with FS reduction: 0.0
  Total reduction: 0.71

Solve a child node 73
   + Customers MUST      served together:  (12, 21)  (12, 13)  (16, 24)  (12, 14)  (16, 20)  (10, 16)  
   + Customers FORBIDDEN served together:  (8, 13)  
   # Total number of 2e routes cannot EXCEED:   4  

-------------Iter CG 1-------------
LP Objective Value = 370.49,   sum y = 4.0
x[1, 2, 5, 1],  82.93
y[5, 12, 13, 21, 14, 5] = 1.0  53.45
y[5, 17, 15, 18, 23, 5] = 0.5  72.81
y[5, 16, 20, 19, 7, 9, 11, 24, 22, 10, 5] = 0.5  109.74
y[5, 23, 5] = 0.5  14.0
y[5, 16, 17, 20, 19, 7, 9, 11, 24, 10, 5] = 0.5  105.33
y[5, 8, 25, 22, 6, 15, 5] = 0.5  85.13
y[5, 18, 6, 25, 8, 5] = 0.5  81.2
true  4
-------------Iter CG 2-------------
LP Objective Value = 370.49,   sum y = 4.0
x[1, 2, 5, 1],  82.93
y[5, 12, 13, 21, 14, 5] = 1.0  53.45
y[5, 17, 15, 18, 23, 5] = 0.5  72.81
y[5, 16, 20, 19, 7, 9, 11, 24, 22, 10, 5] = 0.5  109.74
y[5, 23, 5] = 0.5  14.0
y[5, 16, 17, 20, 19, 7, 9, 11, 24, 10, 5] = 0.5  105.33
y[5, 8, 25, 22, 6, 15, 5] = 0.5  85.13
y[5, 18, 6, 25, 8, 5] = 0.5  81.2
true  27
-------------Iter CG 3-------------
LP Objective Value = 370.49,   sum y = 4.0
x[1, 2, 5, 1],  82.93
y[5, 12, 13, 21, 14, 5] = 1.0  53.45
y[5, 17, 15, 18, 23, 5] = 0.5  72.81
y[5, 16, 20, 19, 7, 9, 11, 24, 22, 10, 5] = 0.5  109.74
y[5, 23, 5] = 0.5  14.0
y[5, 16, 17, 20, 19, 7, 9, 11, 24, 10, 5] = 0.5  105.33
y[5, 8, 25, 22, 6, 15, 5] = 0.5  85.13
y[5, 18, 6, 25, 8, 5] = 0.5  81.2
true  3
-------------Iter CG 4-------------
LP Objective Value = 370.49,   sum y = 4.0
x[1, 2, 5, 1],  82.93
y[5, 12, 13, 21, 14, 5] = 1.0  53.45
y[5, 17, 15, 18, 23, 5] = 0.5  72.81
y[5, 16, 20, 19, 7, 9, 11, 24, 22, 10, 5] = 0.5  109.74
y[5, 23, 5] = 0.5  14.0
y[5, 16, 17, 20, 19, 7, 9, 11, 24, 10, 5] = 0.5  105.33
y[5, 8, 25, 22, 6, 15, 5] = 0.5  85.13
y[5, 18, 6, 25, 8, 5] = 0.5  81.2
false  0
Exceed Upper Bound, prune

Solve a child node 74
   + Customers MUST      served together:  (12, 13)  (16, 24)  (12, 14)  (16, 20)  (10, 16)  
   + Customers FORBIDDEN served together:  (8, 13)  (12, 21)  
   # Total number of 2e routes cannot EXCEED:   4  

-------------Iter CG 1-------------
LP Objective Value = 369.01,   sum y = 4.0
x[1, 2, 5, 1],  82.93
y[5, 14, 12, 18, 13, 5] = 1.0  57.8
y[5, 21, 23, 5] = 1.0  37.82
y[5, 16, 17, 20, 19, 7, 9, 11, 24, 10, 5] = 1.0  105.33
y[5, 15, 6, 22, 25, 8, 5] = 1.0  85.13
true  18
-------------Iter CG 2-------------
LP Objective Value = 369.01,   sum y = 4.0
x[1, 2, 5, 1],  82.93
y[5, 14, 12, 18, 13, 5] = 1.0  57.8
y[5, 21, 23, 5] = 1.0  37.82
y[5, 16, 17, 20, 19, 7, 9, 11, 24, 10, 5] = 1.0  105.33
y[5, 15, 6, 22, 25, 8, 5] = 1.0  85.13
true  2
-------------Iter CG 3-------------
LP Objective Value = 369.01,   sum y = 4.0
x[1, 2, 5, 1],  82.93
y[5, 14, 12, 18, 13, 5] = 1.0  57.8
y[5, 21, 23, 5] = 1.0  37.82
y[5, 16, 17, 20, 19, 7, 9, 11, 24, 10, 5] = 1.0  105.33
y[5, 15, 6, 22, 25, 8, 5] = 1.0  85.13
true  1
-------------Iter CG 4-------------
LP Objective Value = 369.01,   sum y = 4.0
x[1, 2, 5, 1],  82.93
y[5, 14, 12, 18, 13, 5] = 1.0  57.8
y[5, 21, 23, 5] = 1.0  37.82
y[5, 16, 17, 20, 19, 7, 9, 11, 24, 10, 5] = 1.0  105.33
y[5, 15, 6, 22, 25, 8, 5] = 1.0  85.13
false  0
Exceed Upper Bound, prune

================Iteration 38 of B&P for SP1 [1, 2, 5, 1] parkings[5]================
Display selected node 41, parent node 40: from 4 nodes
- Branching node in depth: 5
   + Customers MUST      served together:  (16, 24)  (12, 14)  (16, 20)  
   + Customers FORBIDDEN served together:  (10, 16)  
   # Total number of 2e routes cannot EXCEED:   4  

  Branching node with fractional score: 2.0
  Branching node with cg lower bound: 359.42
  Branching node with LB reduction: 0.73
  Branching node with FS reduction: 0.0
  Total reduction: 1.39

Solve a child node 75
   + Customers MUST      served together:  (12, 13)  (16, 24)  (12, 14)  (16, 20)  
   + Customers FORBIDDEN served together:  (10, 16)  
   # Total number of 2e routes cannot EXCEED:   4  

-------------Iter CG 1-------------
LP Objective Value = 361.47,   sum y = 4.0
x[1, 2, 5, 1],  82.93
y[5, 23, 21, 10, 18, 5] = 0.5  53.59
y[5, 12, 13, 21, 14, 5] = 0.5  53.45
y[5, 16, 17, 20, 19, 7, 9, 11, 24, 5] = 1.0  104.02
y[5, 23, 5] = 0.5  14.0
y[5, 15, 6, 22, 25, 8, 5] = 1.0  85.13
y[5, 12, 18, 10, 13, 14, 5] = 0.5  57.75
true  6
-------------Iter CG 2-------------
LP Objective Value = 361.47,   sum y = 4.0
x[1, 2, 5, 1],  82.93
y[5, 23, 21, 10, 18, 5] = 0.5  53.59
y[5, 14, 21, 13, 12, 5] = 0.5  53.45
y[5, 16, 17, 20, 19, 7, 9, 11, 24, 5] = 1.0  104.02
y[5, 23, 5] = 0.5  14.0
y[5, 15, 6, 22, 25, 8, 5] = 1.0  85.13
y[5, 12, 18, 10, 13, 14, 5] = 0.5  57.75
false  0

Solve a child node 76
   + Customers MUST      served together:  (16, 24)  (12, 14)  (16, 20)  
   + Customers FORBIDDEN served together:  (12, 13)  (10, 16)  
   # Total number of 2e routes cannot EXCEED:   4  

-------------Iter CG 1-------------
LP Objective Value = 360.49,   sum y = 4.0
x[1, 2, 5, 1],  82.93
y[5, 23, 13, 21, 5] = 0.25  55.8
y[5, 16, 17, 20, 19, 7, 9, 11, 24, 5] = 1.0  104.02
y[5, 15, 6, 22, 8, 13, 5] = 0.25  85.14
y[5, 23, 14, 12, 18, 5] = 0.25  47.58
y[5, 23, 5] = 0.5  14.0
y[5, 12, 18, 10, 21, 14, 5] = 0.5  47.14
y[5, 13, 8, 25, 10, 15, 5] = 0.25  84.46
y[5, 15, 6, 22, 25, 8, 5] = 0.5  85.13
y[5, 13, 25, 22, 6, 10, 5] = 0.25  85.38
y[5, 18, 12, 21, 14, 5] = 0.25  43.24
true  8
-------------Iter CG 2-------------
LP Objective Value = 360.49,   sum y = 4.0
x[1, 2, 5, 1],  82.93
y[5, 23, 13, 21, 5] = 0.25  55.8
y[5, 16, 17, 20, 19, 7, 9, 11, 24, 5] = 1.0  104.02
y[5, 15, 6, 22, 8, 13, 5] = 0.25  85.14
y[5, 23, 14, 12, 18, 5] = 0.25  47.58
y[5, 23, 5] = 0.5  14.0
y[5, 12, 18, 10, 21, 14, 5] = 0.5  47.14
y[5, 13, 8, 25, 10, 15, 5] = 0.25  84.46
y[5, 15, 6, 22, 25, 8, 5] = 0.5  85.13
y[5, 13, 25, 22, 6, 10, 5] = 0.25  85.38
y[5, 18, 12, 21, 14, 5] = 0.25  43.24
false  0

================Iteration 39 of B&P for SP1 [1, 2, 5, 1] parkings[5]================
Display selected node 75, parent node 41: from 5 nodes
- Branching node in depth: 6
   + Customers MUST      served together:  (12, 13)  (16, 24)  (12, 14)  (16, 20)  
   + Customers FORBIDDEN served together:  (10, 16)  
   # Total number of 2e routes cannot EXCEED:   4  

  Branching node with fractional score: 2.0
  Branching node with cg lower bound: 361.47
  Branching node with LB reduction: 0.34
  Branching node with FS reduction: 0.0
  Total reduction: 0.73

Solve a child node 77
   + Customers MUST      served together:  (12, 13)  (16, 24)  (12, 14)  (16, 20)  (12, 21)  
   + Customers FORBIDDEN served together:  (10, 16)  
   # Total number of 2e routes cannot EXCEED:   4  

-------------Iter CG 1-------------
LP Objective Value = 374.64,   sum y = 4.0
x[1, 2, 5, 1],  82.93
y[5, 23, 25, 22, 6, 10, 5] = 0.1  91.24
y[5, 12, 13, 21, 14, 5] = 1.0  53.45
y[5, 16, 20, 19, 7, 9, 11, 24, 6, 15, 5] = 0.2  104.54
y[5, 16, 17, 20, 19, 7, 9, 11, 24, 5] = 0.4  104.02
y[5, 16, 17, 19, 7, 9, 24, 15, 20, 5] = 0.1  105.4
y[5, 17, 15, 18, 23, 5] = 0.5  72.81
y[5, 16, 20, 19, 7, 11, 24, 22, 8, 5] = 0.1  116.19
y[5, 23, 5] = 0.4  14.0
y[5, 18, 24, 11, 9, 7, 19, 20, 16, 5] = 0.2  102.42
y[5, 18, 10, 25, 8, 5] = 0.2  70.22
y[5, 8, 25, 22, 6, 10, 5] = 0.6  83.93
y[5, 15, 6, 22, 25, 8, 5] = 0.1  85.13
y[5, 18, 10, 22, 11, 9, 15, 5] = 0.1  90.49
true  88
-------------Iter CG 2-------------
LP Objective Value = 371.65,   sum y = 4.0
x[1, 2, 5, 1],  82.93
y[5, 18, 10, 8, 22, 6, 15, 5] = 0.5  85.83
y[5, 12, 13, 21, 14, 5] = 1.0  53.45
y[5, 16, 17, 20, 19, 7, 9, 11, 24, 5] = 1.0  104.02
y[5, 23, 5] = 0.5  14.0
y[5, 18, 10, 25, 23, 5] = 0.5  77.53
y[5, 15, 6, 22, 25, 8, 5] = 0.5  85.13
true  56
-------------Iter CG 3-------------
LP Objective Value = 371.65,   sum y = 4.0
x[1, 2, 5, 1],  82.93
y[5, 18, 10, 8, 22, 6, 15, 5] = 0.5  85.83
y[5, 12, 13, 21, 14, 5] = 1.0  53.45
y[5, 16, 17, 20, 19, 7, 9, 11, 24, 5] = 1.0  104.02
y[5, 23, 5] = 0.5  14.0
y[5, 18, 10, 25, 23, 5] = 0.5  77.53
y[5, 15, 6, 22, 25, 8, 5] = 0.5  85.13
true  5
-------------Iter CG 4-------------
LP Objective Value = 371.65,   sum y = 4.0
x[1, 2, 5, 1],  82.93
y[5, 18, 10, 8, 22, 6, 15, 5] = 0.5  85.83
y[5, 12, 13, 21, 14, 5] = 1.0  53.45
y[5, 16, 17, 20, 19, 7, 9, 11, 24, 5] = 1.0  104.02
y[5, 23, 5] = 0.5  14.0
y[5, 18, 10, 25, 23, 5] = 0.5  77.53
y[5, 15, 6, 22, 25, 8, 5] = 0.5  85.13
false  0
Exceed Upper Bound, prune

Solve a child node 78
   + Customers MUST      served together:  (12, 13)  (16, 24)  (12, 14)  (16, 20)  
   + Customers FORBIDDEN served together:  (12, 21)  (10, 16)  
   # Total number of 2e routes cannot EXCEED:   4  

-------------Iter CG 1-------------
LP Objective Value = 367.65,   sum y = 4.0
x[1, 2, 5, 1],  82.93
y[5, 16, 17, 20, 19, 7, 9, 11, 24, 5] = 1.0  104.02
y[5, 21, 23, 5] = 1.0  37.82
y[5, 15, 6, 22, 25, 8, 5] = 1.0  85.13
y[5, 12, 18, 10, 13, 14, 5] = 1.0  57.75
true  24
-------------Iter CG 2-------------
LP Objective Value = 367.65,   sum y = 4.0
x[1, 2, 5, 1],  82.93
y[5, 16, 17, 20, 19, 7, 9, 11, 24, 5] = 1.0  104.02
y[5, 21, 23, 5] = 1.0  37.82
y[5, 8, 25, 22, 6, 15, 5] = 1.0  85.13
y[5, 12, 18, 10, 13, 14, 5] = 1.0  57.75
true  4
-------------Iter CG 3-------------
LP Objective Value = 367.65,   sum y = 4.0
x[1, 2, 5, 1],  82.93
y[5, 16, 17, 20, 19, 7, 9, 11, 24, 5] = 1.0  104.02
y[5, 21, 23, 5] = 1.0  37.82
y[5, 8, 25, 22, 6, 15, 5] = 1.0  85.13
y[5, 12, 18, 10, 13, 14, 5] = 1.0  57.75
false  0
Exceed Upper Bound, prune

================Iteration 40 of B&P for SP1 [1, 2, 5, 1] parkings[5]================
Display selected node 76, parent node 41: from 4 nodes
- Branching node in depth: 6
   + Customers MUST      served together:  (16, 24)  (12, 14)  (16, 20)  
   + Customers FORBIDDEN served together:  (12, 13)  (10, 16)  
   # Total number of 2e routes cannot EXCEED:   4  

  Branching node with fractional score: 3.0
  Branching node with cg lower bound: 360.49
  Branching node with LB reduction: 0.18
  Branching node with FS reduction: 0.17
  Total reduction: 0.74

Solve a child node 79
   + Customers MUST      served together:  (16, 24)  (12, 14)  (16, 20)  (8, 13)  
   + Customers FORBIDDEN served together:  (12, 13)  (10, 16)  
   # Total number of 2e routes cannot EXCEED:   4  

-------------Iter CG 1-------------
LP Objective Value = 365.72,   sum y = 4.0
x[1, 2, 5, 1],  82.93
y[5, 18, 10, 6, 22, 25, 5] = 0.5  84.4
y[5, 14, 21, 12, 18, 5] = 0.5  43.24
y[5, 16, 17, 20, 19, 7, 9, 11, 24, 5] = 1.0  104.02
y[5, 15, 6, 22, 8, 13, 5] = 0.5  85.14
y[5, 23, 5] = 0.5  14.0
y[5, 13, 8, 25, 10, 15, 5] = 0.5  84.46
y[5, 23, 21, 12, 14, 5] = 0.5  46.31
true  14
-------------Iter CG 2-------------
LP Objective Value = 365.72,   sum y = 4.0
x[1, 2, 5, 1],  82.93
y[5, 18, 10, 6, 22, 25, 5] = 0.5  84.4
y[5, 14, 21, 12, 18, 5] = 0.5  43.24
y[5, 16, 17, 20, 19, 7, 9, 11, 24, 5] = 1.0  104.02
y[5, 15, 6, 22, 8, 13, 5] = 0.5  85.14
y[5, 23, 5] = 0.5  14.0
y[5, 13, 8, 25, 10, 15, 5] = 0.5  84.46
y[5, 23, 21, 12, 14, 5] = 0.5  46.31
false  0
Exceed Upper Bound, prune

Solve a child node 80
   + Customers MUST      served together:  (16, 24)  (12, 14)  (16, 20)  
   + Customers FORBIDDEN served together:  (12, 13)  (8, 13)  (10, 16)  
   # Total number of 2e routes cannot EXCEED:   4  

-------------Iter CG 1-------------
LP Objective Value = 368.6,   sum y = 4.0
x[1, 2, 5, 1],  82.93
y[5, 23, 13, 21, 5] = 0.43  55.8
y[5, 17, 15, 18, 12, 14, 5] = 0.14  64.7
y[5, 21, 13, 10, 18, 5] = 0.29  57.07
y[5, 18, 10, 8, 22, 6, 15, 5] = 0.14  85.83
y[5, 8, 22, 15, 12, 14, 5] = 0.14  88.06
y[5, 16, 20, 19, 7, 9, 11, 24, 6, 15, 5] = 0.14  104.54
y[5, 16, 17, 20, 19, 7, 9, 11, 24, 5] = 0.86  104.02
y[5, 23, 14, 12, 18, 5] = 0.14  47.58
y[5, 23, 5] = 0.43  14.0
y[5, 12, 18, 10, 21, 14, 5] = 0.29  47.14
y[5, 15, 6, 22, 25, 8, 5] = 0.43  85.13
y[5, 13, 25, 22, 6, 10, 5] = 0.29  85.38
y[5, 8, 25, 12, 14, 5] = 0.29  70.44
false  0
Exceed Upper Bound, prune

================Iteration 41 of B&P for SP1 [1, 2, 5, 1] parkings[5]================
Display selected node 38, parent node 36: from 3 nodes
- Branching node in depth: 3
   + Customers MUST      served together:  (16, 24)  
   + Customers FORBIDDEN served together:  (16, 20)  
   # Total number of 2e routes cannot EXCEED:   4  

  Branching node with fractional score: 3.58
  Branching node with cg lower bound: 356.85
  Branching node with LB reduction: 1.24
  Branching node with FS reduction: -0.02
  Total reduction: 1.75

Solve a child node 81
   + Customers MUST      served together:  (16, 24)  (12, 20)  
   + Customers FORBIDDEN served together:  (16, 20)  
   # Total number of 2e routes cannot EXCEED:   4  

-------------Iter CG 1-------------
LP Objective Value = 360.1,   sum y = 4.0
x[1, 2, 5, 1],  82.93
y[5, 12, 18, 10, 22, 6, 9, 7, 19, 20, 5] = 0.18  106.87
y[5, 23, 13, 21, 5] = 0.05  55.8
y[5, 15, 6, 24, 11, 9, 7, 19, 16, 5] = 0.05  101.94
y[5, 16, 17, 19, 7, 9, 11, 24, 10, 5] = 0.23  100.75
y[5, 14, 21, 23, 5] = 0.45  38.17
y[5, 16, 19, 7, 9, 11, 24, 6, 22, 5] = 0.36  109.64
y[5, 17, 20, 15, 18, 12, 5] = 0.32  63.4
y[5, 16, 17, 19, 11, 24, 6, 15, 5] = 0.18  100.06
y[5, 23, 5] = 0.5  14.0
y[5, 16, 17, 7, 9, 11, 24, 6, 10, 5] = 0.18  91.37
y[5, 12, 8, 25, 22, 15, 20, 5] = 0.41  91.26
y[5, 18, 10, 13, 21, 5] = 0.41  57.07
y[5, 8, 25, 22, 6, 15, 5] = 0.05  85.13
y[5, 14, 8, 25, 13, 5] = 0.55  69.58
y[5, 21, 12, 18, 20, 17, 5] = 0.09  65.67
true  2
-------------Iter CG 2-------------
LP Objective Value = 360.1,   sum y = 4.0
x[1, 2, 5, 1],  82.93
y[5, 12, 18, 10, 22, 6, 9, 7, 19, 20, 5] = 0.18  106.87
y[5, 23, 13, 21, 5] = 0.05  55.8
y[5, 15, 6, 24, 11, 9, 7, 19, 16, 5] = 0.05  101.94
y[5, 16, 17, 19, 7, 9, 11, 24, 10, 5] = 0.23  100.75
y[5, 14, 21, 23, 5] = 0.45  38.17
y[5, 16, 19, 7, 9, 11, 24, 6, 22, 5] = 0.36  109.64
y[5, 17, 20, 15, 18, 12, 5] = 0.32  63.4
y[5, 16, 17, 19, 11, 24, 6, 15, 5] = 0.18  100.06
y[5, 23, 5] = 0.5  14.0
y[5, 16, 17, 7, 9, 11, 24, 6, 10, 5] = 0.18  91.37
y[5, 12, 8, 25, 22, 15, 20, 5] = 0.41  91.26
y[5, 18, 10, 13, 21, 5] = 0.41  57.07
y[5, 8, 25, 22, 6, 15, 5] = 0.05  85.13
y[5, 14, 8, 25, 13, 5] = 0.55  69.58
y[5, 21, 12, 18, 20, 17, 5] = 0.09  65.67
false  0

Solve a child node 82
   + Customers MUST      served together:  (16, 24)  
   + Customers FORBIDDEN served together:  (16, 20)  (12, 20)  
   # Total number of 2e routes cannot EXCEED:   4  

-------------Iter CG 1-------------
LP Objective Value = 357.58,   sum y = 4.0
x[1, 2, 5, 1],  82.93
y[5, 22, 6, 24, 11, 9, 7, 19, 16, 5] = 0.44  109.64
y[5, 20, 6, 22, 25, 8, 10, 5] = 0.09  92.25
y[5, 23, 21, 12, 18, 5] = 0.02  50.12
y[5, 13, 8, 25, 15, 20, 5] = 0.19  86.96
y[5, 8, 25, 22, 11, 7, 19, 20, 5] = 0.02  113.54
y[5, 14, 21, 23, 5] = 0.37  38.17
y[5, 17, 20, 15, 18, 14, 5] = 0.37  64.82
y[5, 16, 17, 19, 7, 9, 11, 24, 12, 5] = 0.37  100.2
y[5, 16, 17, 19, 11, 24, 6, 15, 5] = 0.05  100.06
y[5, 12, 18, 10, 13, 21, 5] = 0.53  57.49
y[5, 16, 17, 19, 7, 9, 24, 6, 10, 12, 5] = 0.07  99.63
y[5, 23, 5] = 0.6  14.0
y[5, 16, 17, 7, 9, 11, 24, 6, 10, 5] = 0.07  91.37
y[5, 20, 19, 9, 11, 6, 8, 25, 10, 5] = 0.02  115.43
y[5, 20, 15, 22, 25, 8, 10, 5] = 0.19  92.13
y[5, 8, 25, 22, 6, 15, 5] = 0.21  85.13
y[5, 14, 8, 25, 13, 5] = 0.26  69.58
y[5, 17, 20, 18, 21, 5] = 0.07  65.31
y[5, 20, 19, 7, 9, 11, 6, 22, 8, 10, 5] = 0.02  116.17
y[5, 20, 6, 22, 25, 13, 5] = 0.02  91.85
false  0

================Iteration 42 of B&P for SP1 [1, 2, 5, 1] parkings[5]================
Display selected node 82, parent node 38: from 4 nodes
- Branching node in depth: 4
   + Customers MUST      served together:  (16, 24)  
   + Customers FORBIDDEN served together:  (16, 20)  (12, 20)  
   # Total number of 2e routes cannot EXCEED:   4  

  Branching node with fractional score: 3.72
  Branching node with cg lower bound: 357.58
  Branching node with LB reduction: 0.18
  Branching node with FS reduction: 0.04
  Total reduction: 0.37

Solve a child node 83
   + Customers MUST      served together:  (16, 24)  (6, 20)  
   + Customers FORBIDDEN served together:  (16, 20)  (12, 20)  
   # Total number of 2e routes cannot EXCEED:   4  

-------------Iter CG 1-------------
LP Objective Value = 366.18,   sum y = 4.0
x[1, 2, 5, 1],  82.93
y[5, 20, 6, 22, 25, 8, 10, 5] = 0.41  92.25
y[5, 23, 21, 12, 18, 5] = 0.33  50.12
y[5, 20, 11, 6, 22, 8, 13, 5] = 0.11  100.8
y[5, 16, 17, 19, 7, 9, 11, 24, 10, 5] = 0.07  100.75
y[5, 18, 10, 8, 13, 14, 5] = 0.15  68.36
y[5, 14, 21, 23, 5] = 0.15  38.17
y[5, 16, 17, 19, 7, 9, 24, 15, 5] = 0.33  99.8
y[5, 15, 24, 11, 7, 19, 17, 16, 5] = 0.22  100.8
y[5, 16, 17, 19, 7, 9, 11, 24, 12, 5] = 0.15  100.2
y[5, 12, 18, 10, 13, 21, 5] = 0.15  57.49
y[5, 23, 5] = 0.52  14.0
y[5, 14, 8, 25, 13, 5] = 0.33  69.58
y[5, 16, 15, 9, 11, 24, 22, 10, 5] = 0.22  98.31
y[5, 18, 12, 21, 14, 5] = 0.37  43.24
y[5, 17, 20, 19, 7, 9, 11, 6, 15, 5] = 0.22  105.09
y[5, 20, 6, 22, 25, 13, 5] = 0.26  91.85
true  1
-------------Iter CG 2-------------
LP Objective Value = 366.18,   sum y = 4.0
x[1, 2, 5, 1],  82.93
y[5, 20, 6, 22, 25, 8, 10, 5] = 0.41  92.25
y[5, 23, 21, 12, 18, 5] = 0.33  50.12
y[5, 20, 11, 6, 22, 8, 13, 5] = 0.11  100.8
y[5, 16, 17, 19, 7, 9, 11, 24, 10, 5] = 0.07  100.75
y[5, 18, 10, 8, 13, 14, 5] = 0.15  68.36
y[5, 14, 21, 23, 5] = 0.15  38.17
y[5, 16, 17, 19, 7, 9, 24, 15, 5] = 0.33  99.8
y[5, 15, 24, 11, 7, 19, 17, 16, 5] = 0.22  100.8
y[5, 16, 17, 19, 7, 9, 11, 24, 12, 5] = 0.15  100.2
y[5, 12, 18, 10, 13, 21, 5] = 0.15  57.49
y[5, 23, 5] = 0.52  14.0
y[5, 14, 8, 25, 13, 5] = 0.33  69.58
y[5, 16, 15, 9, 11, 24, 22, 10, 5] = 0.22  98.31
y[5, 18, 12, 21, 14, 5] = 0.37  43.24
y[5, 17, 20, 19, 7, 9, 11, 6, 15, 5] = 0.22  105.09
y[5, 20, 6, 22, 25, 13, 5] = 0.26  91.85
false  0
Exceed Upper Bound, prune

Solve a child node 84
   + Customers MUST      served together:  (16, 24)  
   + Customers FORBIDDEN served together:  (16, 20)  (6, 20)  (12, 20)  
   # Total number of 2e routes cannot EXCEED:   4  

-------------Iter CG 1-------------
LP Objective Value = 357.8,   sum y = 4.0
x[1, 2, 5, 1],  82.93
y[5, 22, 6, 24, 11, 9, 7, 19, 16, 5] = 0.47  109.64
y[5, 8, 25, 22, 11, 7, 19, 20, 5] = 0.13  113.54
y[5, 14, 21, 23, 5] = 0.4  38.17
y[5, 17, 20, 15, 18, 14, 5] = 0.4  64.82
y[5, 16, 17, 19, 7, 9, 11, 24, 12, 5] = 0.27  100.2
y[5, 12, 18, 10, 13, 21, 5] = 0.53  57.49
y[5, 23, 5] = 0.6  14.0
y[5, 16, 17, 7, 9, 11, 24, 6, 10, 5] = 0.13  91.37
y[5, 16, 17, 19, 9, 24, 6, 10, 12, 5] = 0.13  97.8
y[5, 12, 10, 6, 22, 25, 8, 5] = 0.07  83.93
y[5, 20, 15, 25, 8, 13, 5] = 0.27  86.96
y[5, 20, 15, 22, 25, 8, 10, 5] = 0.13  92.13
y[5, 8, 25, 22, 6, 15, 5] = 0.2  85.13
y[5, 14, 8, 25, 13, 5] = 0.2  69.58
y[5, 17, 20, 18, 21, 5] = 0.07  65.31
false  0

================Iteration 43 of B&P for SP1 [1, 2, 5, 1] parkings[5]================
Display selected node 84, parent node 82: from 4 nodes
- Branching node in depth: 5
   + Customers MUST      served together:  (16, 24)  
   + Customers FORBIDDEN served together:  (16, 20)  (6, 20)  (12, 20)  
   # Total number of 2e routes cannot EXCEED:   4  

  Branching node with fractional score: 3.73
  Branching node with cg lower bound: 357.8
  Branching node with LB reduction: 0.04
  Branching node with FS reduction: 0.0
  Total reduction: 0.09

Solve a child node 85
   + Customers MUST      served together:  (8, 20)  (16, 24)  
   + Customers FORBIDDEN served together:  (16, 20)  (6, 20)  (12, 20)  
   # Total number of 2e routes cannot EXCEED:   4  

-------------Iter CG 1-------------
LP Objective Value = 364.11,   sum y = 4.0
x[1, 2, 5, 1],  82.93
y[5, 18, 10, 6, 22, 25, 5] = 0.08  84.4
y[5, 22, 6, 24, 11, 9, 7, 19, 16, 5] = 0.25  109.64
y[5, 23, 21, 12, 18, 5] = 0.04  50.12
y[5, 17, 15, 18, 12, 14, 5] = 0.25  64.7
y[5, 16, 17, 19, 7, 9, 11, 24, 10, 5] = 0.17  100.75
y[5, 8, 25, 22, 11, 7, 19, 20, 5] = 0.17  113.54
y[5, 14, 21, 23, 5] = 0.38  38.17
y[5, 20, 15, 22, 25, 8, 5] = 0.17  90.28
y[5, 23, 14, 12, 18, 5] = 0.04  47.58
y[5, 16, 17, 19, 11, 24, 6, 15, 5] = 0.08  100.06
y[5, 12, 18, 10, 13, 21, 5] = 0.25  57.49
y[5, 16, 17, 19, 7, 9, 24, 6, 10, 12, 5] = 0.08  99.63
y[5, 23, 5] = 0.54  14.0
y[5, 16, 17, 7, 9, 11, 24, 6, 10, 5] = 0.33  91.37
y[5, 20, 15, 25, 8, 13, 5] = 0.5  86.96
y[5, 13, 25, 22, 6, 10, 5] = 0.08  85.38
y[5, 16, 17, 19, 24, 6, 22, 5] = 0.08  106.11
y[5, 13, 8, 22, 9, 19, 20, 5] = 0.17  111.04
y[5, 18, 12, 21, 14, 5] = 0.33  43.24
true  2
-------------Iter CG 2-------------
LP Objective Value = 364.11,   sum y = 4.0
x[1, 2, 5, 1],  82.93
y[5, 18, 10, 6, 22, 25, 5] = 0.08  84.4
y[5, 22, 6, 24, 11, 9, 7, 19, 16, 5] = 0.25  109.64
y[5, 23, 21, 12, 18, 5] = 0.04  50.12
y[5, 17, 15, 18, 12, 14, 5] = 0.25  64.7
y[5, 16, 17, 19, 7, 9, 11, 24, 10, 5] = 0.17  100.75
y[5, 8, 25, 22, 11, 7, 19, 20, 5] = 0.17  113.54
y[5, 14, 21, 23, 5] = 0.38  38.17
y[5, 20, 15, 22, 25, 8, 5] = 0.17  90.28
y[5, 23, 14, 12, 18, 5] = 0.04  47.58
y[5, 16, 17, 19, 11, 24, 6, 15, 5] = 0.08  100.06
y[5, 12, 18, 10, 13, 21, 5] = 0.25  57.49
y[5, 16, 17, 19, 7, 9, 24, 6, 10, 12, 5] = 0.08  99.63
y[5, 23, 5] = 0.54  14.0
y[5, 16, 17, 7, 9, 11, 24, 6, 10, 5] = 0.33  91.37
y[5, 20, 15, 25, 8, 13, 5] = 0.5  86.96
y[5, 13, 25, 22, 6, 10, 5] = 0.08  85.38
y[5, 16, 17, 19, 24, 6, 22, 5] = 0.08  106.11
y[5, 13, 8, 22, 9, 19, 20, 5] = 0.17  111.04
y[5, 18, 12, 21, 14, 5] = 0.33  43.24
false  0
Exceed Upper Bound, prune

Solve a child node 86
   + Customers MUST      served together:  (16, 24)  
   + Customers FORBIDDEN served together:  (8, 20)  (16, 20)  (6, 20)  (12, 20)  
   # Total number of 2e routes cannot EXCEED:   4  

-------------Iter CG 1-------------
LP Objective Value = 360.99,   sum y = 4.0
x[1, 2, 5, 1],  82.93
y[5, 22, 6, 24, 11, 9, 7, 19, 16, 5] = 0.54  109.64
y[5, 23, 13, 21, 5] = 0.23  55.8
y[5, 23, 21, 12, 18, 5] = 0.08  50.12
y[5, 16, 19, 7, 9, 11, 24, 22, 10, 12, 5] = 0.15  107.15
y[5, 14, 21, 23, 5] = 0.15  38.17
y[5, 17, 20, 15, 18, 14, 5] = 0.38  64.82
y[5, 16, 17, 19, 7, 9, 11, 24, 12, 5] = 0.08  100.2
y[5, 12, 10, 25, 8, 13, 5] = 0.62  71.38
y[5, 16, 17, 19, 11, 24, 6, 15, 5] = 0.08  100.06
y[5, 16, 17, 19, 7, 9, 24, 6, 10, 12, 5] = 0.08  99.63
y[5, 13, 25, 8, 14, 5] = 0.15  69.58
y[5, 23, 5] = 0.54  14.0
y[5, 16, 17, 7, 9, 11, 24, 6, 10, 5] = 0.08  91.37
y[5, 17, 20, 19, 7, 9, 11, 22, 10, 5] = 0.08  110.54
y[5, 20, 15, 18, 21, 14, 5] = 0.31  63.43
y[5, 8, 25, 22, 6, 15, 5] = 0.23  85.13
y[5, 17, 20, 18, 21, 5] = 0.23  65.31
true  7
-------------Iter CG 2-------------
LP Objective Value = 360.67,   sum y = 4.0
x[1, 2, 5, 1],  82.93
y[5, 22, 6, 24, 11, 9, 7, 19, 16, 5] = 0.53  109.64
y[5, 23, 21, 12, 18, 5] = 0.35  50.12
y[5, 16, 17, 19, 7, 9, 11, 24, 10, 5] = 0.06  100.75
y[5, 20, 15, 10, 13, 21, 14, 5] = 0.29  75.64
y[5, 16, 19, 7, 9, 11, 24, 22, 10, 12, 5] = 0.12  107.15
y[5, 17, 20, 15, 18, 14, 5] = 0.35  64.82
y[5, 16, 17, 19, 7, 9, 11, 24, 12, 5] = 0.12  100.2
y[5, 12, 10, 25, 8, 13, 5] = 0.35  71.38
y[5, 16, 17, 19, 11, 24, 6, 15, 5] = 0.06  100.06
y[5, 16, 17, 19, 7, 9, 24, 6, 10, 12, 5] = 0.06  99.63
y[5, 13, 25, 8, 14, 5] = 0.35  69.58
y[5, 23, 5] = 0.65  14.0
y[5, 16, 17, 7, 9, 11, 24, 6, 10, 5] = 0.06  91.37
y[5, 20, 19, 7, 9, 11, 22, 10, 21, 5] = 0.06  108.62
y[5, 8, 25, 22, 6, 15, 5] = 0.29  85.13
y[5, 17, 20, 18, 21, 5] = 0.29  65.31
false  0

================Iteration 44 of B&P for SP1 [1, 2, 5, 1] parkings[5]================
Display selected node 86, parent node 84: from 4 nodes
- Branching node in depth: 6
   + Customers MUST      served together:  (16, 24)  
   + Customers FORBIDDEN served together:  (8, 20)  (16, 20)  (6, 20)  (12, 20)  
   # Total number of 2e routes cannot EXCEED:   4  

  Branching node with fractional score: 3.65
  Branching node with cg lower bound: 360.67
  Branching node with LB reduction: 0.48
  Branching node with FS reduction: -0.01
  Total reduction: 1.0

Solve a child node 87
   + Customers MUST      served together:  (16, 24)  (16, 17)  
   + Customers FORBIDDEN served together:  (8, 20)  (16, 20)  (6, 20)  (12, 20)  
   # Total number of 2e routes cannot EXCEED:   4  

-------------Iter CG 1-------------
LP Objective Value = 363.27,   sum y = 4.0
x[1, 2, 5, 1],  82.93
y[5, 16, 17, 19, 7, 24, 22, 10, 12, 5] = 0.09  104.13
y[5, 23, 21, 12, 18, 5] = 0.15  50.12
y[5, 16, 17, 19, 7, 9, 11, 24, 10, 5] = 0.04  100.75
y[5, 20, 11, 22, 25, 13, 5] = 0.26  99.95
y[5, 18, 10, 8, 13, 14, 5] = 0.15  68.36
y[5, 15, 6, 22, 8, 13, 5] = 0.11  85.14
y[5, 16, 17, 19, 7, 9, 11, 24, 12, 5] = 0.35  100.2
y[5, 16, 17, 19, 11, 24, 6, 15, 5] = 0.04  100.06
y[5, 12, 18, 10, 13, 21, 5] = 0.11  57.49
y[5, 16, 17, 19, 7, 9, 24, 6, 10, 12, 5] = 0.22  99.63
y[5, 13, 25, 8, 14, 5] = 0.37  69.58
y[5, 23, 5] = 0.74  14.0
y[5, 16, 17, 7, 9, 11, 24, 6, 10, 5] = 0.15  91.37
y[5, 16, 17, 19, 9, 24, 6, 10, 12, 5] = 0.09  97.8
y[5, 20, 19, 7, 9, 11, 22, 10, 21, 5] = 0.15  108.62
y[5, 16, 17, 19, 24, 6, 22, 5] = 0.02  106.11
y[5, 23, 21, 18, 20, 5] = 0.11  67.47
y[5, 20, 15, 18, 21, 14, 5] = 0.48  63.43
y[5, 8, 25, 22, 6, 15, 5] = 0.37  85.13
true  6
-------------Iter CG 2-------------
LP Objective Value = 362.78,   sum y = 4.0
x[1, 2, 5, 1],  82.93
y[5, 16, 17, 19, 7, 24, 22, 10, 12, 5] = 0.13  104.13
y[5, 23, 21, 12, 18, 5] = 0.13  50.12
y[5, 20, 11, 22, 25, 13, 5] = 0.2  99.95
y[5, 14, 21, 13, 8, 10, 5] = 0.07  67.99
y[5, 15, 6, 22, 8, 13, 5] = 0.13  85.14
y[5, 16, 17, 19, 7, 9, 11, 24, 12, 5] = 0.33  100.2
y[5, 16, 17, 19, 11, 24, 6, 15, 5] = 0.07  100.06
y[5, 12, 18, 10, 13, 21, 5] = 0.13  57.49
y[5, 16, 17, 19, 7, 9, 24, 6, 10, 12, 5] = 0.27  99.63
y[5, 13, 25, 8, 14, 5] = 0.47  69.58
y[5, 23, 5] = 0.73  14.0
y[5, 16, 17, 7, 9, 11, 24, 6, 10, 5] = 0.2  91.37
y[5, 20, 19, 7, 9, 11, 22, 10, 21, 5] = 0.07  108.62
y[5, 20, 19, 9, 11, 22, 10, 18, 5] = 0.13  104.11
y[5, 23, 21, 18, 20, 5] = 0.13  67.47
y[5, 20, 15, 18, 21, 14, 5] = 0.47  63.43
y[5, 8, 25, 22, 6, 15, 5] = 0.33  85.13
false  0
Exceed Upper Bound, prune

Solve a child node 88
   + Customers MUST      served together:  (16, 24)  
   + Customers FORBIDDEN served together:  (8, 20)  (16, 20)  (6, 20)  (16, 17)  (12, 20)  
   # Total number of 2e routes cannot EXCEED:   4  

-------------Iter CG 1-------------
LP Objective Value = 361.71,   sum y = 4.0
x[1, 2, 5, 1],  82.93
y[5, 23, 13, 21, 5] = 0.2  55.8
y[5, 15, 6, 24, 11, 9, 7, 19, 16, 5] = 0.2  101.94
y[5, 16, 19, 7, 9, 11, 24, 22, 10, 12, 5] = 0.2  107.15
y[5, 14, 21, 23, 5] = 0.4  38.17
y[5, 16, 19, 7, 9, 11, 24, 6, 22, 5] = 0.6  109.64
y[5, 17, 20, 15, 18, 14, 5] = 0.6  64.82
y[5, 12, 10, 25, 8, 13, 5] = 0.8  71.38
y[5, 23, 5] = 0.4  14.0
y[5, 8, 25, 22, 6, 15, 5] = 0.2  85.13
y[5, 17, 20, 18, 21, 5] = 0.4  65.31
false  0

================Iteration 45 of B&P for SP1 [1, 2, 5, 1] parkings[5]================
Display selected node 88, parent node 86: from 4 nodes
- Branching node in depth: 7
   + Customers MUST      served together:  (16, 24)  
   + Customers FORBIDDEN served together:  (8, 20)  (16, 20)  (6, 20)  (16, 17)  (12, 20)  
   # Total number of 2e routes cannot EXCEED:   4  

  Branching node with fractional score: 3.0
  Branching node with cg lower bound: 361.71
  Branching node with LB reduction: 0.15
  Branching node with FS reduction: -0.09
  Total reduction: 0.13

Solve a child node 89
   + Customers MUST      served together:  (16, 22)  (16, 24)  
   + Customers FORBIDDEN served together:  (8, 20)  (16, 20)  (6, 20)  (16, 17)  (12, 20)  
   # Total number of 2e routes cannot EXCEED:   4  

-------------Iter CG 1-------------
LP Objective Value = 363.02,   sum y = 4.0
x[1, 2, 5, 1],  82.93
y[5, 17, 20, 15, 21, 5] = 0.14  68.09
y[5, 23, 13, 21, 5] = 0.14  55.8
y[5, 23, 21, 12, 18, 5] = 0.14  50.12
y[5, 21, 8, 25, 10, 15, 5] = 0.14  83.11
y[5, 14, 21, 23, 5] = 0.29  38.17
y[5, 16, 19, 7, 9, 11, 24, 6, 22, 5] = 1.0  109.64
y[5, 17, 20, 15, 18, 14, 5] = 0.71  64.82
y[5, 12, 10, 25, 8, 13, 5] = 0.86  71.38
y[5, 23, 5] = 0.43  14.0
y[5, 17, 20, 18, 21, 5] = 0.14  65.31
true  1
-------------Iter CG 2-------------
LP Objective Value = 363.02,   sum y = 4.0
x[1, 2, 5, 1],  82.93
y[5, 17, 20, 15, 21, 5] = 0.14  68.09
y[5, 23, 13, 21, 5] = 0.14  55.8
y[5, 23, 21, 12, 18, 5] = 0.14  50.12
y[5, 21, 8, 25, 10, 15, 5] = 0.14  83.11
y[5, 14, 21, 23, 5] = 0.29  38.17
y[5, 16, 19, 7, 9, 11, 24, 6, 22, 5] = 1.0  109.64
y[5, 17, 20, 15, 18, 14, 5] = 0.71  64.82
y[5, 12, 10, 25, 8, 13, 5] = 0.86  71.38
y[5, 23, 5] = 0.43  14.0
y[5, 17, 20, 18, 21, 5] = 0.14  65.31
false  0
Exceed Upper Bound, prune

Solve a child node 90
   + Customers MUST      served together:  (16, 24)  
   + Customers FORBIDDEN served together:  (8, 20)  (16, 22)  (16, 20)  (6, 20)  (16, 17)  (12, 20)  
   # Total number of 2e routes cannot EXCEED:   4  

-------------Iter CG 1-------------
LP Objective Value = 371.07,   sum y = 4.0
x[1, 2, 5, 1],  82.93
y[5, 15, 6, 24, 11, 9, 7, 19, 16, 5] = 0.29  101.94
y[5, 12, 10, 22, 25, 13, 5] = 0.06  81.5
y[5, 12, 10, 8, 25, 22, 15, 5] = 0.24  86.53
y[5, 14, 21, 23, 5] = 0.47  38.17
y[5, 21, 13, 10, 18, 12, 5] = 0.29  57.49
y[5, 12, 6, 22, 25, 13, 5] = 0.29  84.88
y[5, 17, 20, 15, 18, 14, 5] = 0.47  64.82
y[5, 16, 19, 9, 24, 8, 25, 5] = 0.35  113.61
y[5, 23, 5] = 0.53  14.0
y[5, 12, 10, 6, 22, 25, 8, 5] = 0.06  83.93
y[5, 17, 20, 19, 7, 9, 11, 22, 10, 5] = 0.35  110.54
y[5, 16, 7, 11, 24, 6, 8, 13, 5] = 0.35  105.19
y[5, 18, 12, 21, 14, 5] = 0.06  43.24
y[5, 17, 20, 18, 21, 5] = 0.18  65.31
false  0
Exceed Upper Bound, prune

================Iteration 46 of B&P for SP1 [1, 2, 5, 1] parkings[5]================
Display selected node 81, parent node 38: from 3 nodes
- Branching node in depth: 4
   + Customers MUST      served together:  (16, 24)  (12, 20)  
   + Customers FORBIDDEN served together:  (16, 20)  
   # Total number of 2e routes cannot EXCEED:   4  

  Branching node with fractional score: 3.91
  Branching node with cg lower bound: 360.1
  Branching node with LB reduction: 0.81
  Branching node with FS reduction: 0.08
  Total reduction: 1.5

Solve a child node 91
   + Customers MUST      served together:  (16, 24)  (6, 16)  (12, 20)  
   + Customers FORBIDDEN served together:  (16, 20)  
   # Total number of 2e routes cannot EXCEED:   4  

-------------Iter CG 1-------------
LP Objective Value = 360.47,   sum y = 4.0
x[1, 2, 5, 1],  82.93
y[5, 22, 6, 24, 11, 9, 7, 19, 16, 5] = 0.25  109.64
y[5, 12, 18, 22, 11, 9, 7, 19, 20, 5] = 0.25  105.91
y[5, 21, 13, 10, 18, 5] = 0.5  57.07
y[5, 20, 15, 22, 25, 8, 12, 5] = 0.5  91.26
y[5, 14, 21, 23, 5] = 0.5  38.17
y[5, 17, 20, 15, 18, 12, 5] = 0.25  63.4
y[5, 16, 17, 19, 11, 24, 6, 15, 5] = 0.25  100.06
y[5, 23, 5] = 0.5  14.0
y[5, 16, 17, 7, 9, 11, 24, 6, 10, 5] = 0.25  91.37
y[5, 16, 17, 19, 7, 9, 24, 6, 10, 5] = 0.25  99.63
y[5, 14, 8, 25, 13, 5] = 0.5  69.58
true  1
-------------Iter CG 2-------------
LP Objective Value = 360.47,   sum y = 4.0
x[1, 2, 5, 1],  82.93
y[5, 22, 6, 24, 11, 9, 7, 19, 16, 5] = 0.25  109.64
y[5, 12, 18, 22, 11, 9, 7, 19, 20, 5] = 0.25  105.91
y[5, 21, 13, 10, 18, 5] = 0.5  57.07
y[5, 20, 15, 22, 25, 8, 12, 5] = 0.5  91.26
y[5, 14, 21, 23, 5] = 0.5  38.17
y[5, 17, 20, 15, 18, 12, 5] = 0.25  63.4
y[5, 16, 17, 19, 11, 24, 6, 15, 5] = 0.25  100.06
y[5, 23, 5] = 0.5  14.0
y[5, 16, 17, 7, 9, 11, 24, 6, 10, 5] = 0.25  91.37
y[5, 16, 17, 19, 7, 9, 24, 6, 10, 5] = 0.25  99.63
y[5, 14, 8, 25, 13, 5] = 0.5  69.58
true  1
-------------Iter CG 3-------------
LP Objective Value = 360.47,   sum y = 4.0
x[1, 2, 5, 1],  82.93
y[5, 22, 6, 24, 11, 9, 7, 19, 16, 5] = 0.25  109.64
y[5, 12, 18, 22, 11, 9, 7, 19, 20, 5] = 0.25  105.91
y[5, 21, 13, 10, 18, 5] = 0.5  57.07
y[5, 20, 15, 22, 25, 8, 12, 5] = 0.5  91.26
y[5, 14, 21, 23, 5] = 0.5  38.17
y[5, 17, 20, 15, 18, 12, 5] = 0.25  63.4
y[5, 16, 17, 19, 11, 24, 6, 15, 5] = 0.25  100.06
y[5, 23, 5] = 0.5  14.0
y[5, 16, 17, 7, 9, 11, 24, 6, 10, 5] = 0.25  91.37
y[5, 16, 17, 19, 7, 9, 24, 6, 10, 5] = 0.25  99.63
y[5, 14, 8, 25, 13, 5] = 0.5  69.58
false  0

Solve a child node 92
   + Customers MUST      served together:  (16, 24)  (12, 20)  
   + Customers FORBIDDEN served together:  (16, 20)  (6, 16)  
   # Total number of 2e routes cannot EXCEED:   4  

-------------Iter CG 1-------------
LP Objective Value = 367.12,   sum y = 4.0
x[1, 2, 5, 1],  82.93
y[5, 16, 17, 19, 9, 11, 24, 5] = 0.15  97.6
y[5, 13, 25, 22, 6, 5] = 0.13  84.27
y[5, 16, 17, 19, 7, 9, 11, 24, 5] = 0.28  99.43
y[5, 12, 18, 10, 22, 6, 9, 7, 19, 20, 5] = 0.21  106.87
y[5, 16, 17, 19, 9, 24, 15, 5] = 0.05  97.97
y[5, 21, 13, 10, 18, 5] = 0.21  57.07
y[5, 21, 13, 18, 5] = 0.13  56.0
y[5, 14, 21, 23, 5] = 0.59  38.17
y[5, 15, 6, 22, 8, 13, 5] = 0.13  85.14
y[5, 15, 24, 11, 7, 19, 17, 16, 5] = 0.26  100.8
y[5, 17, 20, 15, 18, 12, 5] = 0.26  63.4
y[5, 18, 15, 24, 11, 9, 7, 16, 5] = 0.21  94.55
y[5, 12, 10, 8, 25, 22, 6, 20, 5] = 0.49  92.25
y[5, 23, 5] = 0.41  14.0
y[5, 20, 7, 19, 9, 11, 6, 15, 10, 12, 21, 5] = 0.05  112.99
y[5, 14, 13, 21, 5] = 0.03  49.83
y[5, 14, 8, 25, 13, 5] = 0.38  69.58
y[5, 16, 15, 9, 11, 24, 22, 10, 5] = 0.05  98.31
false  0
Exceed Upper Bound, prune

================Iteration 47 of B&P for SP1 [1, 2, 5, 1] parkings[5]================
Display selected node 91, parent node 81: from 3 nodes
- Branching node in depth: 5
   + Customers MUST      served together:  (16, 24)  (6, 16)  (12, 20)  
   + Customers FORBIDDEN served together:  (16, 20)  
   # Total number of 2e routes cannot EXCEED:   4  

  Branching node with fractional score: 4.0
  Branching node with cg lower bound: 360.47
  Branching node with LB reduction: 0.07
  Branching node with FS reduction: 0.02
  Total reduction: 0.18

Solve a child node 93
   + Customers MUST      served together:  (16, 24)  (6, 16)  (16, 17)  (12, 20)  
   + Customers FORBIDDEN served together:  (16, 20)  
   # Total number of 2e routes cannot EXCEED:   4  

-------------Iter CG 1-------------
LP Objective Value = 362.95,   sum y = 4.0
x[1, 2, 5, 1],  82.93
y[5, 12, 18, 22, 11, 9, 7, 19, 20, 5] = 0.33  105.91
y[5, 18, 10, 8, 13, 14, 5] = 0.11  68.36
y[5, 20, 15, 22, 25, 8, 12, 5] = 0.56  91.26
y[5, 14, 21, 23, 5] = 0.44  38.17
y[5, 14, 21, 12, 18, 20, 5] = 0.11  60.96
y[5, 15, 22, 25, 13, 5] = 0.11  86.13
y[5, 15, 6, 24, 11, 19, 17, 16, 5] = 0.33  100.06
y[5, 23, 5] = 0.56  14.0
y[5, 16, 17, 7, 9, 11, 24, 6, 10, 5] = 0.11  91.37
y[5, 16, 17, 7, 9, 11, 24, 6, 5] = 0.22  90.26
y[5, 18, 10, 13, 21, 5] = 0.44  57.07
y[5, 16, 17, 19, 7, 9, 24, 6, 10, 5] = 0.33  99.63
y[5, 14, 8, 25, 13, 5] = 0.33  69.58
false  0
Exceed Upper Bound, prune

Solve a child node 94
   + Customers MUST      served together:  (16, 24)  (6, 16)  (12, 20)  
   + Customers FORBIDDEN served together:  (16, 20)  (16, 17)  
   # Total number of 2e routes cannot EXCEED:   4  

-------------Iter CG 1-------------
LP Objective Value = 365.52,   sum y = 4.0
x[1, 2, 5, 1],  82.93
y[5, 22, 6, 24, 11, 9, 7, 19, 16, 5] = 1.0  109.64
y[5, 14, 21, 23, 5] = 1.0  38.17
y[5, 17, 20, 15, 18, 12, 5] = 1.0  63.4
y[5, 13, 8, 25, 10, 5] = 1.0  71.38
true  35
-------------Iter CG 2-------------
LP Objective Value = 365.52,   sum y = 4.0
x[1, 2, 5, 1],  82.93
y[5, 22, 6, 24, 11, 9, 7, 19, 16, 5] = 1.0  109.64
y[5, 14, 21, 23, 5] = 1.0  38.17
y[5, 17, 20, 15, 18, 12, 5] = 1.0  63.4
y[5, 13, 8, 25, 10, 5] = 1.0  71.38
true  1
-------------Iter CG 3-------------
LP Objective Value = 365.52,   sum y = 4.0
x[1, 2, 5, 1],  82.93
y[5, 22, 6, 24, 11, 9, 7, 19, 16, 5] = 1.0  109.64
y[5, 14, 21, 23, 5] = 1.0  38.17
y[5, 17, 20, 15, 18, 12, 5] = 1.0  63.4
y[5, 13, 8, 25, 10, 5] = 1.0  71.38
false  0
Exceed Upper Bound, prune

================Iteration 48 of B&P for SP1 [1, 2, 5, 1] parkings[5]================
Display selected node 7, parent node 6: from 2 nodes
- Branching node in depth: 4
   + Customers MUST      served together:  (16, 20)  
   + Customers FORBIDDEN served together:  (16, 24)  (15, 24)  
   # Total number of 2e routes cannot EXCEED:   4  

  Branching node with fractional score: 3.86
  Branching node with cg lower bound: 359.44
  Branching node with LB reduction: 1.76
  Branching node with FS reduction: -0.04
  Total reduction: 2.89

Solve a child node 95
   + Customers MUST      served together:  (16, 18)  (16, 20)  
   + Customers FORBIDDEN served together:  (16, 24)  (15, 24)  
   # Total number of 2e routes cannot EXCEED:   4  

-------------Iter CG 1-------------
LP Objective Value = 361.49,   sum y = 4.0
x[1, 2, 5, 1],  82.93
y[5, 17, 19, 7, 9, 11, 24, 6, 10, 5] = 0.55  99.92
y[5, 14, 21, 13, 12, 5] = 0.05  53.45
y[5, 16, 20, 19, 7, 11, 6, 22, 10, 18, 5] = 0.08  112.01
y[5, 21, 18, 15, 20, 16, 5] = 0.19  66.97
y[5, 18, 22, 11, 9, 19, 20, 16, 5] = 0.1  107.55
y[5, 8, 25, 22, 24, 5] = 0.05  85.75
y[5, 16, 20, 19, 7, 9, 11, 6, 18, 5] = 0.04  101.89
y[5, 14, 21, 23, 5] = 0.51  38.17
y[5, 15, 22, 25, 13, 5] = 0.15  86.13
y[5, 16, 17, 20, 15, 18, 12, 5] = 0.45  64.23
y[5, 23, 5] = 0.49  14.0
y[5, 13, 8, 22, 24, 12, 5] = 0.21  86.53
y[5, 21, 10, 22, 24, 9, 19, 7, 5] = 0.1  108.58
y[5, 16, 20, 19, 7, 9, 11, 6, 10, 12, 18, 5] = 0.12  107.97
y[5, 12, 10, 25, 13, 21, 5] = 0.15  71.25
y[5, 7, 9, 11, 24, 22, 8, 5] = 0.1  100.4
y[5, 12, 18, 22, 11, 7, 19, 20, 16, 5] = 0.01  109.69
y[5, 8, 25, 22, 6, 15, 5] = 0.21  85.13
y[5, 14, 8, 25, 13, 5] = 0.44  69.58
false  0

Solve a child node 96
   + Customers MUST      served together:  (16, 20)  
   + Customers FORBIDDEN served together:  (16, 18)  (16, 24)  (15, 24)  
   # Total number of 2e routes cannot EXCEED:   4  

-------------Iter CG 1-------------
LP Objective Value = 362.66,   sum y = 4.0
x[1, 2, 5, 1],  82.93
y[5, 14, 18, 22, 6, 15, 5] = 0.25  78.8
y[5, 17, 19, 7, 9, 11, 24, 6, 10, 5] = 0.31  99.92
y[5, 15, 18, 12, 21, 14, 5] = 0.06  58.19
y[5, 8, 25, 22, 24, 5] = 0.38  85.75
y[5, 12, 10, 6, 24, 22, 25, 5] = 0.12  87.06
y[5, 14, 21, 23, 5] = 0.38  38.17
y[5, 23, 14, 12, 18, 5] = 0.13  47.58
y[5, 12, 18, 10, 13, 21, 5] = 0.5  57.49
y[5, 23, 5] = 0.5  14.0
y[5, 8, 25, 22, 6, 20, 16, 5] = 0.06  94.3
y[5, 13, 8, 22, 24, 12, 5] = 0.13  86.53
y[5, 13, 8, 25, 6, 20, 16, 5] = 0.25  94.03
y[5, 16, 17, 20, 19, 7, 9, 11, 15, 5] = 0.69  100.4
y[5, 24, 22, 25, 8, 10, 5] = 0.06  87.59
y[5, 14, 8, 25, 13, 5] = 0.12  69.58
y[5, 18, 12, 21, 14, 5] = 0.06  43.24
true  4
-------------Iter CG 2-------------
LP Objective Value = 362.58,   sum y = 4.0
x[1, 2, 5, 1],  82.93
y[5, 17, 19, 7, 9, 11, 24, 6, 10, 5] = 0.37  99.92
y[5, 21, 13, 18, 12, 5] = 0.03  56.42
y[5, 23, 14, 12, 18, 15, 5] = 0.11  62.53
y[5, 15, 18, 12, 21, 14, 5] = 0.11  58.19
y[5, 8, 25, 22, 24, 5] = 0.17  85.75
y[5, 12, 10, 6, 24, 22, 25, 5] = 0.11  87.06
y[5, 14, 21, 23, 5] = 0.34  38.17
y[5, 15, 11, 9, 7, 19, 20, 17, 16, 5] = 0.63  100.4
y[5, 12, 18, 10, 13, 21, 5] = 0.51  57.49
y[5, 13, 25, 8, 14, 5] = 0.2  69.58
y[5, 23, 5] = 0.54  14.0
y[5, 8, 25, 22, 6, 20, 16, 5] = 0.23  94.3
y[5, 13, 8, 22, 24, 12, 5] = 0.11  86.53
y[5, 13, 8, 25, 6, 20, 16, 5] = 0.14  94.03
y[5, 8, 25, 22, 6, 15, 5] = 0.14  85.13
y[5, 24, 22, 18, 14, 5] = 0.23  79.43
true  1
-------------Iter CG 3-------------
LP Objective Value = 362.58,   sum y = 4.0
x[1, 2, 5, 1],  82.93
y[5, 17, 19, 7, 9, 11, 24, 6, 10, 5] = 0.37  99.92
y[5, 21, 13, 18, 12, 5] = 0.03  56.42
y[5, 23, 14, 12, 18, 15, 5] = 0.11  62.53
y[5, 15, 18, 12, 21, 14, 5] = 0.11  58.19
y[5, 8, 25, 22, 24, 5] = 0.17  85.75
y[5, 12, 10, 6, 24, 22, 25, 5] = 0.11  87.06
y[5, 14, 21, 23, 5] = 0.34  38.17
y[5, 15, 11, 9, 7, 19, 20, 17, 16, 5] = 0.63  100.4
y[5, 12, 18, 10, 13, 21, 5] = 0.51  57.49
y[5, 13, 25, 8, 14, 5] = 0.2  69.58
y[5, 23, 5] = 0.54  14.0
y[5, 8, 25, 22, 6, 20, 16, 5] = 0.23  94.3
y[5, 13, 8, 22, 24, 12, 5] = 0.11  86.53
y[5, 13, 8, 25, 6, 20, 16, 5] = 0.14  94.03
y[5, 8, 25, 22, 6, 15, 5] = 0.14  85.13
y[5, 24, 22, 18, 14, 5] = 0.23  79.43
false  0
Exceed Upper Bound, prune

================Iteration 49 of B&P for SP1 [1, 2, 5, 1] parkings[5]================
Display selected node 95, parent node 7: from 2 nodes
- Branching node in depth: 5
   + Customers MUST      served together:  (16, 18)  (16, 20)  
   + Customers FORBIDDEN served together:  (16, 24)  (15, 24)  
   # Total number of 2e routes cannot EXCEED:   4  

  Branching node with fractional score: 3.89
  Branching node with cg lower bound: 361.49
  Branching node with LB reduction: 0.41
  Branching node with FS reduction: 0.01
  Total reduction: 0.8

Solve a child node 97
   + Customers MUST      served together:  (16, 18)  (16, 22)  (16, 20)  
   + Customers FORBIDDEN served together:  (16, 24)  (15, 24)  
   # Total number of 2e routes cannot EXCEED:   4  

-------------Iter CG 1-------------
LP Objective Value = 382.67,   sum y = 4.0
x[1, 2, 5, 1],  82.93
y[5, 15, 6, 8, 13, 21, 5] = 0.25  82.48
y[5, 21, 13, 25, 15, 5] = 0.25  81.23
y[5, 17, 19, 7, 9, 11, 24, 6, 10, 5] = 0.25  99.92
y[5, 17, 7, 9, 11, 24, 6, 10, 12, 5] = 0.25  90.54
y[5, 18, 22, 11, 9, 19, 20, 16, 5] = 0.25  107.55
y[5, 15, 25, 8, 13, 5] = 0.5  81.36
y[5, 14, 21, 23, 5] = 0.5  38.17
y[5, 12, 10, 6, 24, 9, 7, 19, 17, 5] = 0.25  98.81
y[5, 14, 12, 18, 10, 22, 20, 16, 5] = 0.25  88.21
y[5, 23, 5] = 0.5  14.0
y[5, 16, 17, 20, 22, 10, 18, 5] = 0.25  88.36
y[5, 14, 8, 25, 24, 5] = 0.25  85.12
y[5, 12, 18, 22, 11, 7, 19, 20, 16, 5] = 0.25  109.69
true  6
-------------Iter CG 2-------------
LP Objective Value = 378.92,   sum y = 4.0
x[1, 2, 5, 1],  82.93
y[5, 15, 6, 8, 13, 21, 5] = 0.08  82.48
y[5, 21, 13, 25, 15, 5] = 0.08  81.23
y[5, 17, 19, 7, 9, 11, 24, 6, 10, 5] = 0.54  99.92
y[5, 17, 15, 10, 21, 14, 5] = 0.38  69.87
y[5, 12, 18, 22, 6, 9, 7, 20, 16, 5] = 0.23  98.43
y[5, 24, 25, 8, 13, 5] = 0.38  86.74
y[5, 18, 22, 11, 9, 19, 20, 16, 5] = 0.23  107.55
y[5, 14, 21, 23, 5] = 0.38  38.17
y[5, 14, 12, 18, 10, 22, 20, 16, 5] = 0.23  88.21
y[5, 23, 5] = 0.62  14.0
y[5, 16, 17, 20, 22, 10, 18, 5] = 0.08  88.36
y[5, 16, 20, 19, 7, 11, 6, 22, 18, 5] = 0.15  111.55
y[5, 15, 25, 8, 13, 12, 5] = 0.46  84.94
y[5, 12, 18, 22, 11, 7, 19, 20, 16, 5] = 0.08  109.69
y[5, 24, 25, 8, 21, 5] = 0.08  85.38
false  0
Exceed Upper Bound, prune

Solve a child node 98
   + Customers MUST      served together:  (16, 18)  (16, 20)  
   + Customers FORBIDDEN served together:  (16, 22)  (16, 24)  (15, 24)  
   # Total number of 2e routes cannot EXCEED:   4  

-------------Iter CG 1-------------
LP Objective Value = 361.93,   sum y = 4.0
x[1, 2, 5, 1],  82.93
y[5, 17, 19, 7, 9, 11, 24, 6, 10, 5] = 0.46  99.92
y[5, 21, 18, 15, 20, 16, 5] = 0.15  66.97
y[5, 8, 25, 22, 24, 5] = 0.23  85.75
y[5, 14, 21, 23, 5] = 0.54  38.17
y[5, 16, 17, 20, 15, 18, 12, 5] = 0.54  64.23
y[5, 16, 20, 19, 7, 9, 11, 6, 10, 18, 5] = 0.31  103.2
y[5, 23, 5] = 0.46  14.0
y[5, 21, 22, 6, 11, 9, 7, 19, 5] = 0.15  109.65
y[5, 13, 8, 22, 24, 12, 5] = 0.31  86.53
y[5, 12, 10, 25, 13, 21, 5] = 0.15  71.25
y[5, 13, 25, 22, 15, 5] = 0.15  86.13
y[5, 8, 25, 22, 6, 15, 5] = 0.08  85.13
y[5, 14, 8, 25, 13, 5] = 0.38  69.58
y[5, 15, 7, 19, 9, 11, 22, 10, 14, 5] = 0.08  109.45
true  9
-------------Iter CG 2-------------
LP Objective Value = 361.78,   sum y = 4.0
x[1, 2, 5, 1],  82.93
y[5, 17, 19, 7, 9, 11, 24, 6, 10, 5] = 0.5  99.92
y[5, 21, 18, 15, 20, 16, 5] = 0.22  66.97
y[5, 8, 25, 22, 24, 5] = 0.11  85.75
y[5, 14, 21, 23, 5] = 0.56  38.17
y[5, 16, 17, 20, 15, 18, 12, 5] = 0.5  64.23
y[5, 16, 20, 19, 7, 9, 11, 6, 10, 18, 5] = 0.28  103.2
y[5, 23, 5] = 0.44  14.0
y[5, 21, 22, 6, 11, 9, 7, 19, 5] = 0.11  109.65
y[5, 19, 7, 9, 11, 22, 25, 10, 12, 5] = 0.11  114.99
y[5, 13, 8, 22, 24, 12, 5] = 0.33  86.53
y[5, 12, 10, 25, 13, 21, 5] = 0.06  71.25
y[5, 14, 13, 21, 5] = 0.06  49.83
y[5, 13, 25, 22, 15, 5] = 0.17  86.13
y[5, 8, 25, 22, 6, 15, 5] = 0.11  85.13
y[5, 24, 22, 25, 8, 10, 5] = 0.06  87.59
y[5, 14, 8, 25, 13, 5] = 0.39  69.58
false  0

================Iteration 50 of B&P for SP1 [1, 2, 5, 1] parkings[5]================
Display selected node 98, parent node 95: from 2 nodes
- Branching node in depth: 6
   + Customers MUST      served together:  (16, 18)  (16, 20)  
   + Customers FORBIDDEN served together:  (16, 22)  (16, 24)  (15, 24)  
   # Total number of 2e routes cannot EXCEED:   4  

  Branching node with fractional score: 3.89
  Branching node with cg lower bound: 361.78
  Branching node with LB reduction: 0.05
  Branching node with FS reduction: -0.0
  Total reduction: 0.1

Solve a child node 99
   + Customers MUST      served together:  (16, 18)  (22, 25)  (16, 20)  
   + Customers FORBIDDEN served together:  (16, 22)  (16, 24)  (15, 24)  
   # Total number of 2e routes cannot EXCEED:   4  

-------------Iter CG 1-------------
LP Objective Value = 363.92,   sum y = 4.0
x[1, 2, 5, 1],  82.93
y[5, 17, 19, 7, 9, 11, 24, 6, 10, 5] = 0.5  99.92
y[5, 8, 25, 22, 24, 5] = 0.5  85.75
y[5, 14, 21, 23, 5] = 0.5  38.17
y[5, 16, 17, 20, 15, 18, 12, 5] = 0.5  64.23
y[5, 23, 5] = 0.5  14.0
y[5, 21, 13, 8, 14, 5] = 0.5  65.79
y[5, 16, 20, 19, 7, 9, 11, 6, 10, 12, 18, 5] = 0.5  107.97
y[5, 13, 25, 22, 15, 5] = 0.5  86.13
false  0
Exceed Upper Bound, prune

Solve a child node 100
   + Customers MUST      served together:  (16, 18)  (16, 20)  
   + Customers FORBIDDEN served together:  (16, 22)  (22, 25)  (16, 24)  (15, 24)  
   # Total number of 2e routes cannot EXCEED:   4  

-------------Iter CG 1-------------
LP Objective Value = 366.75,   sum y = 4.0
x[1, 2, 5, 1],  82.93
y[5, 16, 17, 20, 18, 10, 21, 5] = 0.5  69.97
y[5, 24, 25, 8, 13, 5] = 0.5  86.74
y[5, 14, 21, 23, 5] = 0.5  38.17
y[5, 16, 17, 20, 15, 18, 12, 5] = 0.5  64.23
y[5, 13, 25, 8, 14, 5] = 0.5  69.58
y[5, 23, 5] = 0.5  14.0
y[5, 24, 22, 6, 11, 9, 19, 7, 5] = 0.5  114.17
y[5, 15, 7, 19, 9, 11, 6, 22, 10, 12, 5] = 0.5  110.77
true  13
-------------Iter CG 2-------------
LP Objective Value = 366.75,   sum y = 4.0
x[1, 2, 5, 1],  82.93
y[5, 16, 17, 20, 18, 10, 21, 5] = 0.5  69.97
y[5, 24, 25, 8, 13, 5] = 0.5  86.74
y[5, 14, 21, 23, 5] = 0.5  38.17
y[5, 16, 17, 20, 15, 18, 12, 5] = 0.5  64.23
y[5, 13, 25, 8, 14, 5] = 0.5  69.58
y[5, 23, 5] = 0.5  14.0
y[5, 24, 22, 6, 11, 9, 19, 7, 5] = 0.5  114.17
y[5, 15, 7, 19, 9, 11, 6, 22, 10, 12, 5] = 0.5  110.77
false  0
Exceed Upper Bound, prune

================Iteration 51 of B&P for SP1 [1, 2, 5, 1] parkings[5]================
Display selected node 3, parent node 2: from 1 nodes
- Branching node in depth: 2
   + Customers FORBIDDEN served together:  (16, 24)  
   # Total number of 2e routes cannot UNDER:   5  

  Branching node with fractional score: 3.0
  Branching node with cg lower bound: 362.78
  Branching node with LB reduction: 5.32
  Branching node with FS reduction: 0.21
  Total reduction: 6.53
362.78, Exceed Upper Bound, prune


================Iteration 0 of B&P for SP2 [1, 2, 3, 1] parkings[3]================
-------------Iter CG 1-------------
LP Objective Value = 1010.17,   sum y = 5.0
x[1, 2, 3, 1],  81.28
y[3, 12, 3] = 0.21  8.94
y[3, 18, 3] = 0.21  12.0
y[3, 21, 3] = 0.21  17.09
y[3, 16, 3] = 0.21  26.91
y[3, 6, 7, 8, 9, 10, 11, 12, 13, 14, 15, 16, 17, 18, 19, 20, 21, 22, 23, 24, 25, 3] = 0.79  1000.0
y[3, 7, 3] = 0.21  44.72
y[3, 17, 3] = 0.21  31.05
y[3, 11, 3] = 0.21  51.22
y[3, 19, 3] = 0.21  56.32
y[3, 24, 3] = 0.21  43.86
y[3, 25, 3] = 0.21  46.17
y[3, 13, 3] = 0.21  32.56
y[3, 10, 3] = 0.21  18.11
y[3, 14, 3] = 0.21  12.0
y[3, 8, 3] = 0.21  42.38
y[3, 22, 3] = 0.21  46.39
y[3, 6, 3] = 0.21  38.63
y[3, 20, 3] = 0.21  26.31
y[3, 15, 3] = 0.21  24.08
y[3, 23, 3] = 0.21  33.94
y[3, 9, 3] = 0.21  49.52
true  1976
-------------Iter CG 2-------------
LP Objective Value = 780.46,   sum y = 5.0
x[1, 2, 3, 1],  81.28
y[3, 18, 3] = 0.5  12.0
y[3, 21, 3] = 0.5  17.09
y[3, 19, 7, 9, 11, 24, 22, 15, 3] = 0.5  88.23
y[3, 6, 7, 8, 9, 10, 11, 12, 13, 14, 15, 16, 17, 18, 19, 20, 21, 22, 23, 24, 25, 3] = 0.5  1000.0
y[3, 25, 3] = 0.5  46.17
y[3, 20, 7, 19, 11, 6, 10, 12, 16, 17, 3] = 0.5  113.99
y[3, 13, 3] = 0.5  32.56
y[3, 14, 3] = 0.5  12.0
y[3, 8, 3] = 0.5  42.38
y[3, 23, 3] = 0.5  33.94
true  1314
-------------Iter CG 3-------------
LP Objective Value = 334.42,   sum y = 5.0
x[1, 2, 3, 1],  81.28
y[3, 20, 7, 19, 9, 11, 24, 6, 10, 18, 3] = 1.0  78.43
y[3, 15, 25, 8, 13, 3] = 0.5  60.52
y[3, 22, 25, 21, 3] = 0.5  60.82
y[3, 16, 17, 3] = 1.0  36.05
y[3, 14, 23, 3] = 1.0  36.39
y[3, 12, 21, 3] = 0.5  19.1
y[3, 15, 22, 8, 13, 12, 3] = 0.5  64.1
true  560
-------------Iter CG 4-------------
LP Objective Value = 314.25,   sum y = 3.67
x[1, 2, 3, 1],  81.28
y[3, 23, 16, 17, 20, 18, 3] = 0.33  72.17
y[3, 19, 7, 9, 11, 24, 6, 22, 10, 12, 3] = 0.33  86.69
y[3, 17, 16, 23, 14, 3] = 0.33  64.22
y[3, 12, 18, 21, 14, 3] = 0.67  25.45
y[3, 15, 25, 8, 13, 3] = 1.0  60.52
y[3, 21, 23, 16, 17, 3] = 0.33  68.87
y[3, 20, 7, 19, 9, 11, 24, 6, 22, 10, 3] = 0.67  87.24
true  154
-------------Iter CG 5-------------
LP Objective Value = 314.25,   sum y = 3.78
x[1, 2, 3, 1],  81.28
y[3, 18, 17, 16, 3] = 0.22  44.55
y[3, 12, 18, 21, 14, 3] = 0.56  25.45
y[3, 17, 16, 23, 14, 3] = 0.44  64.22
y[3, 21, 23, 16, 17, 3] = 0.22  68.87
y[3, 20, 7, 19, 9, 11, 24, 6, 22, 10, 3] = 0.89  87.24
y[3, 12, 8, 25, 13, 3] = 0.11  50.28
y[3, 23, 21, 12, 18, 3] = 0.22  47.41
y[3, 23, 16, 17, 20, 15, 3] = 0.11  71.82
y[3, 19, 7, 9, 11, 24, 6, 22, 10, 12, 3] = 0.11  86.69
y[3, 15, 25, 8, 13, 3] = 0.89  60.52
true  183
-------------Iter CG 6-------------
LP Objective Value = 309.12,   sum y = 4.0
x[1, 2, 3, 1],  81.28
y[3, 16, 17, 20, 15, 18, 3] = 1.0  49.28
y[3, 12, 8, 25, 13, 3] = 1.0  50.28
y[3, 23, 21, 14, 3] = 1.0  42.1
y[3, 19, 7, 9, 11, 24, 6, 22, 10, 3] = 1.0  86.17
true  82
-------------Iter CG 7-------------
LP Objective Value = 308.34,   sum y = 3.79
x[1, 2, 3, 1],  81.28
y[3, 16, 17, 7, 9, 11, 24, 6, 3] = 0.14  75.42
y[3, 13, 25, 22, 6, 3] = 0.07  62.82
y[3, 8, 25, 13, 14, 3] = 0.34  52.96
y[3, 18, 22, 24, 6, 15, 3] = 0.03  55.04
y[3, 15, 11, 9, 19, 17, 16, 3] = 0.17  79.76
y[3, 18, 13, 21, 3] = 0.07  36.56
y[3, 15, 7, 9, 11, 24, 22, 6, 3] = 0.03  73.53
y[3, 20, 7, 19, 9, 11, 24, 6, 22, 10, 3] = 0.48  87.24
y[3, 16, 17, 20, 15, 18, 3] = 0.52  49.28
y[3, 15, 6, 22, 8, 13, 3] = 0.07  64.31
y[3, 12, 8, 25, 13, 3] = 0.1  50.28
y[3, 12, 10, 25, 8, 13, 3] = 0.34  51.11
y[3, 23, 21, 12, 18, 3] = 0.28  47.41
y[3, 15, 7, 19, 17, 16, 23, 3] = 0.17  93.72
y[3, 8, 25, 22, 24, 3] = 0.14  61.88
y[3, 23, 21, 14, 3] = 0.55  42.1
y[3, 19, 7, 9, 11, 24, 6, 22, 10, 12, 3] = 0.17  86.69
y[3, 18, 12, 21, 14, 3] = 0.1  24.52
true  30
-------------Iter CG 8-------------
LP Objective Value = 305.69,   sum y = 3.77
x[1, 2, 3, 1],  81.28
y[3, 15, 19, 7, 9, 11, 24, 22, 3] = 0.04  85.11
y[3, 13, 25, 22, 6, 3] = 0.08  62.82
y[3, 8, 25, 13, 14, 3] = 0.31  52.96
y[3, 18, 22, 24, 6, 15, 3] = 0.17  55.04
y[3, 15, 6, 22, 8, 25, 3] = 0.08  64.17
y[3, 20, 7, 19, 9, 11, 24, 6, 22, 10, 3] = 0.48  87.24
y[3, 16, 17, 20, 15, 18, 3] = 0.35  49.28
y[3, 15, 6, 22, 8, 13, 3] = 0.08  64.31
y[3, 12, 13, 8, 25, 10, 3] = 0.52  50.83
y[3, 16, 17, 19, 7, 9, 11, 22, 3] = 0.06  92.2
y[3, 16, 17, 20, 15, 18, 12, 3] = 0.17  50.58
y[3, 23, 21, 12, 18, 3] = 0.31  47.41
y[3, 16, 17, 19, 7, 9, 11, 24, 3] = 0.31  84.59
y[3, 23, 21, 14, 3] = 0.69  42.1
y[3, 16, 17, 19, 7, 9, 11, 6, 15, 3] = 0.1  87.12
true  14
-------------Iter CG 9-------------
LP Objective Value = 305.1,   sum y = 3.74
x[1, 2, 3, 1],  81.28
y[3, 8, 25, 13, 14, 3] = 0.38  52.96
y[3, 12, 13, 25, 22, 6, 3] = 0.12  63.05
y[3, 20, 7, 19, 9, 11, 24, 6, 22, 10, 3] = 0.47  87.24
y[3, 8, 25, 22, 6, 15, 3] = 0.12  61.88
y[3, 18, 10, 22, 24, 6, 15, 3] = 0.09  55.5
y[3, 16, 17, 20, 15, 18, 3] = 0.41  49.28
y[3, 15, 6, 22, 8, 13, 3] = 0.12  64.31
y[3, 12, 13, 8, 25, 10, 3] = 0.38  50.83
y[3, 16, 17, 19, 7, 9, 11, 22, 3] = 0.02  92.2
y[3, 16, 17, 20, 15, 18, 12, 3] = 0.12  50.58
y[3, 23, 21, 12, 18, 3] = 0.38  47.41
y[3, 15, 7, 19, 9, 11, 24, 22, 10, 3] = 0.06  84.16
y[3, 16, 17, 19, 7, 9, 11, 24, 3] = 0.38  84.59
y[3, 23, 21, 14, 3] = 0.62  42.1
y[3, 16, 17, 19, 7, 9, 11, 6, 15, 3] = 0.08  87.12
true  2
-------------Iter CG 10-------------
LP Objective Value = 304.7,   sum y = 3.74
x[1, 2, 3, 1],  81.28
y[3, 8, 25, 13, 14, 3] = 0.38  52.96
y[3, 12, 13, 25, 22, 6, 3] = 0.12  63.05
y[3, 8, 25, 22, 6, 15, 3] = 0.12  61.88
y[3, 18, 10, 22, 24, 6, 15, 3] = 0.09  55.5
y[3, 10, 22, 6, 24, 11, 9, 7, 19, 20, 3] = 0.47  86.4
y[3, 16, 17, 20, 15, 18, 3] = 0.41  49.28
y[3, 15, 6, 22, 8, 13, 3] = 0.12  64.31
y[3, 12, 13, 8, 25, 10, 3] = 0.38  50.83
y[3, 16, 17, 19, 7, 9, 11, 22, 3] = 0.02  92.2
y[3, 16, 17, 20, 15, 18, 12, 3] = 0.12  50.58
y[3, 23, 21, 12, 18, 3] = 0.38  47.41
y[3, 15, 7, 19, 9, 11, 24, 22, 10, 3] = 0.06  84.16
y[3, 16, 17, 19, 7, 9, 11, 24, 3] = 0.38  84.59
y[3, 23, 21, 14, 3] = 0.62  42.1
y[3, 16, 17, 19, 7, 9, 11, 6, 15, 3] = 0.08  87.12
false  0
MILP Result:
309.12
[1, 2, 3, 1]    81.28
[3, 19, 7, 9, 11, 24, 6, 22, 10, 3]   86.17
[3, 12, 8, 25, 13, 3]   50.28
[3, 23, 21, 14, 3]   42.1
[3, 16, 17, 20, 15, 18, 3]   49.28
Branching stack contains now 1 nodes, current upper bound is 309.12

================Iteration 1 of B&P for SP2 [1, 2, 3, 1] parkings[3]================
Display selected node 0, parent node 0: from 1 nodes
- Branching node in depth: 0

  Branching node with fractional score: 3.5
  Branching node with cg lower bound: 304.7
  Branching node with LB reduction: Inf
  Branching node with FS reduction: Inf
  Total reduction: -0.0
Branch on total number of 2e routes:  3.0, 4.0

Solve a child node 1
   # Total number of 2e routes cannot UNDER:   4  

-------------Iter CG 1-------------
LP Objective Value = 305.71,   sum y = 4.0
x[1, 2, 3, 1],  81.28
y[3, 18, 3] = 0.27  12.0
y[3, 8, 25, 13, 14, 3] = 0.13  52.96
y[3, 12, 13, 25, 22, 6, 3] = 0.13  63.05
y[3, 8, 25, 22, 6, 15, 3] = 0.13  61.88
y[3, 18, 10, 22, 24, 6, 15, 3] = 0.07  55.5
y[3, 10, 22, 6, 24, 11, 9, 7, 19, 20, 3] = 0.47  86.4
y[3, 16, 17, 20, 15, 18, 3] = 0.4  49.28
y[3, 15, 6, 22, 8, 13, 3] = 0.13  64.31
y[3, 12, 13, 8, 25, 10, 3] = 0.4  50.83
y[3, 12, 8, 25, 13, 3] = 0.2  50.28
y[3, 16, 17, 20, 15, 18, 12, 3] = 0.13  50.58
y[3, 23, 21, 12, 18, 3] = 0.13  47.41
y[3, 15, 7, 19, 9, 11, 24, 22, 10, 3] = 0.07  84.16
y[3, 16, 17, 19, 7, 9, 11, 24, 3] = 0.4  84.59
y[3, 23, 21, 14, 3] = 0.87  42.1
y[3, 16, 17, 19, 7, 9, 11, 6, 15, 3] = 0.07  87.12
false  0

Solve a child node 2
   # Total number of 2e routes cannot EXCEED:   3  

-------------Iter CG 1-------------
No feasible solution for LMP

================Iteration 2 of B&P for SP2 [1, 2, 3, 1] parkings[3]================
Display selected node 1, parent node 0: from 1 nodes
- Branching node in depth: 1
   # Total number of 2e routes cannot UNDER:   4  

  Branching node with fractional score: 3.27
  Branching node with cg lower bound: 305.71
  Branching node with LB reduction: 1.0
  Branching node with FS reduction: -0.23
  Total reduction: 0.77

Solve a child node 3
   + Customers MUST      served together:  (15, 22)  
   # Total number of 2e routes cannot UNDER:   4  

-------------Iter CG 1-------------
LP Objective Value = 309.85,   sum y = 4.0
x[1, 2, 3, 1],  81.28
y[3, 16, 17, 20, 3] = 0.14  40.0
y[3, 16, 17, 20, 18, 12, 3] = 0.43  47.75
y[3, 8, 25, 22, 6, 15, 3] = 0.29  61.88
y[3, 15, 6, 22, 8, 13, 3] = 0.29  64.31
y[3, 12, 13, 8, 25, 10, 3] = 0.43  50.83
y[3, 13, 25, 22, 15, 3] = 0.29  65.3
y[3, 20, 7, 19, 9, 11, 24, 6, 10, 18, 3] = 0.43  78.43
y[3, 15, 7, 19, 9, 11, 24, 22, 10, 3] = 0.14  84.16
y[3, 16, 17, 19, 7, 9, 11, 24, 3] = 0.43  84.59
y[3, 23, 21, 14, 3] = 1.0  42.1
y[3, 12, 18, 3] = 0.14  13.3
false  0
Exceed Upper Bound, prune

Solve a child node 4
   + Customers FORBIDDEN served together:  (15, 22)  
   # Total number of 2e routes cannot UNDER:   4  

-------------Iter CG 1-------------
LP Objective Value = 307.14,   sum y = 4.0
x[1, 2, 3, 1],  81.28
y[3, 14, 23, 3] = 0.5  36.39
y[3, 18, 13, 21, 3] = 0.5  36.56
y[3, 10, 22, 6, 24, 11, 9, 7, 19, 20, 3] = 0.5  86.4
y[3, 12, 8, 25, 13, 3] = 0.5  50.28
y[3, 16, 17, 20, 15, 18, 12, 3] = 0.5  50.58
y[3, 10, 8, 25, 22, 24, 3] = 0.5  62.28
y[3, 23, 21, 14, 3] = 0.5  42.1
y[3, 16, 17, 19, 7, 9, 11, 6, 15, 3] = 0.5  87.12
true  2
-------------Iter CG 2-------------
LP Objective Value = 307.06,   sum y = 4.0
x[1, 2, 3, 1],  81.28
y[3, 18, 3] = 0.3  12.0
y[3, 8, 25, 13, 14, 3] = 0.2  52.96
y[3, 12, 13, 25, 22, 6, 3] = 0.2  63.05
y[3, 10, 22, 6, 24, 11, 9, 7, 19, 20, 3] = 0.4  86.4
y[3, 16, 17, 20, 15, 18, 3] = 0.3  49.28
y[3, 12, 13, 8, 25, 10, 3] = 0.4  50.83
y[3, 16, 17, 20, 15, 18, 12, 3] = 0.2  50.58
y[3, 10, 8, 25, 22, 24, 3] = 0.2  62.28
y[3, 23, 21, 12, 18, 3] = 0.2  47.41
y[3, 13, 8, 22, 24, 3] = 0.2  64.3
y[3, 16, 17, 19, 7, 9, 11, 24, 3] = 0.1  84.59
y[3, 23, 21, 14, 3] = 0.8  42.1
y[3, 16, 17, 19, 7, 9, 11, 6, 15, 3] = 0.3  87.12
y[3, 16, 17, 19, 7, 9, 11, 15, 3] = 0.1  81.6
y[3, 20, 7, 19, 9, 11, 24, 6, 15, 3] = 0.1  79.46
true  2
-------------Iter CG 3-------------
LP Objective Value = 307.06,   sum y = 4.0
x[1, 2, 3, 1],  81.28
y[3, 18, 3] = 0.1  12.0
y[3, 8, 25, 13, 14, 3] = 0.2  52.96
y[3, 12, 13, 25, 22, 6, 3] = 0.2  63.05
y[3, 10, 22, 6, 24, 11, 9, 7, 19, 20, 3] = 0.4  86.4
y[3, 16, 17, 20, 15, 18, 3] = 0.5  49.28
y[3, 12, 13, 8, 25, 10, 3] = 0.4  50.83
y[3, 10, 8, 25, 22, 24, 3] = 0.2  62.28
y[3, 23, 21, 12, 18, 3] = 0.2  47.41
y[3, 13, 8, 22, 24, 3] = 0.2  64.3
y[3, 16, 17, 19, 7, 9, 11, 24, 3] = 0.1  84.59
y[3, 23, 21, 14, 3] = 0.8  42.1
y[3, 16, 17, 19, 7, 9, 11, 6, 15, 3] = 0.3  87.12
y[3, 16, 17, 19, 7, 9, 11, 15, 3] = 0.1  81.6
y[3, 20, 7, 19, 9, 11, 24, 6, 15, 3] = 0.1  79.46
y[3, 12, 18, 3] = 0.2  13.3
false  0

================Iteration 3 of B&P for SP2 [1, 2, 3, 1] parkings[3]================
Display selected node 4, parent node 1: from 1 nodes
- Branching node in depth: 2
   + Customers FORBIDDEN served together:  (15, 22)  
   # Total number of 2e routes cannot UNDER:   4  

  Branching node with fractional score: 3.4
  Branching node with cg lower bound: 307.06
  Branching node with LB reduction: 0.68
  Branching node with FS reduction: 0.07
  Total reduction: 0.88

Solve a child node 5
   + Customers MUST      served together:  (19, 24)  
   + Customers FORBIDDEN served together:  (15, 22)  
   # Total number of 2e routes cannot UNDER:   4  

-------------Iter CG 1-------------
LP Objective Value = 309.12,   sum y = 4.0
x[1, 2, 3, 1],  81.28
y[3, 16, 17, 20, 15, 18, 3] = 1.0  49.28
y[3, 12, 8, 25, 13, 3] = 1.0  50.28
y[3, 23, 21, 14, 3] = 1.0  42.1
y[3, 19, 7, 9, 11, 24, 6, 22, 10, 3] = 1.0  86.17
false  0
Integer solution found

Solve a child node 6
   + Customers FORBIDDEN served together:  (15, 22)  (19, 24)  
   # Total number of 2e routes cannot UNDER:   4  

-------------Iter CG 1-------------
LP Objective Value = 315.79,   sum y = 4.0
x[1, 2, 3, 1],  81.28
y[3, 14, 21, 13, 3] = 0.5  35.37
y[3, 14, 23, 3] = 0.5  36.39
y[3, 23, 21, 13, 12, 3] = 0.5  58.5
y[3, 20, 7, 19, 9, 11, 6, 18, 3] = 0.5  76.51
y[3, 16, 17, 20, 15, 18, 12, 3] = 0.5  50.58
y[3, 10, 8, 25, 22, 24, 3] = 1.0  62.28
y[3, 16, 17, 19, 7, 9, 11, 6, 15, 3] = 0.5  87.12
true  13
-------------Iter CG 2-------------
LP Objective Value = 315.79,   sum y = 4.0
x[1, 2, 3, 1],  81.28
y[3, 14, 21, 13, 3] = 0.5  35.37
y[3, 14, 23, 3] = 0.5  36.39
y[3, 23, 21, 13, 12, 3] = 0.5  58.5
y[3, 20, 7, 19, 9, 11, 6, 18, 3] = 0.5  76.51
y[3, 16, 17, 20, 15, 18, 12, 3] = 0.5  50.58
y[3, 10, 8, 25, 22, 24, 3] = 1.0  62.28
y[3, 16, 17, 19, 7, 9, 11, 6, 15, 3] = 0.5  87.12
true  1
-------------Iter CG 3-------------
LP Objective Value = 315.79,   sum y = 4.0
x[1, 2, 3, 1],  81.28
y[3, 14, 21, 13, 3] = 0.5  35.37
y[3, 14, 23, 3] = 0.5  36.39
y[3, 23, 21, 13, 12, 3] = 0.5  58.5
y[3, 20, 7, 19, 9, 11, 6, 18, 3] = 0.5  76.51
y[3, 16, 17, 20, 15, 18, 12, 3] = 0.5  50.58
y[3, 10, 8, 25, 22, 24, 3] = 1.0  62.28
y[3, 16, 17, 19, 7, 9, 11, 6, 15, 3] = 0.5  87.12
false  0
Exceed Upper Bound, prune


================Iteration 0 of B&P for SP3 [1, 2, 1] parkings[2]================
-------------Iter CG 1-------------
LP Objective Value = 1014.22,   sum y = 5.0
x[1, 2, 1],  81.22
y[2, 14, 2] = 0.21  49.19
y[2, 24, 2] = 0.21  22.8
y[2, 25, 2] = 0.21  50.99
y[2, 18, 2] = 0.21  33.53
y[2, 6, 2] = 0.21  22.8
y[2, 13, 2] = 0.21  54.04
y[2, 20, 2] = 0.21  18.97
y[2, 10, 2] = 0.21  34.23
y[2, 11, 2] = 0.21  18.0
y[2, 23, 2] = 0.21  72.47
y[2, 21, 2] = 0.21  50.6
y[2, 8, 2] = 0.21  49.4
y[2, 17, 2] = 0.21  30.07
y[2, 12, 2] = 0.21  38.63
y[2, 22, 2] = 0.21  35.38
y[2, 19, 2] = 0.21  22.8
y[2, 7, 2] = 0.21  8.25
y[2, 15, 2] = 0.21  15.23
y[2, 9, 2] = 0.21  12.65
y[2, 16, 2] = 0.21  41.76
y[2, 6, 7, 8, 9, 10, 11, 12, 13, 14, 15, 16, 17, 18, 19, 20, 21, 22, 23, 24, 25, 2] = 0.79  1000.0
true  3414
-------------Iter CG 2-------------
LP Objective Value = 489.24,   sum y = 5.0
x[1, 2, 1],  81.22
y[2, 7, 10, 12, 20, 15, 16, 17, 2] = 1.0  91.72
y[2, 13, 10, 18, 2] = 1.0  57.38
y[2, 10, 12, 16, 20, 19, 7, 9, 11, 6, 22, 2] = 1.0  118.02
y[2, 23, 14, 21, 24, 2] = 1.0  88.7
y[2, 8, 25, 2] = 1.0  52.19
true  853
-------------Iter CG 3-------------
LP Objective Value = 373.85,   sum y = 4.5
x[1, 2, 1],  81.22
y[2, 9, 22, 25, 13, 2] = 0.25  70.32
y[2, 24, 22, 25, 8, 2] = 0.25  54.86
y[2, 23, 14, 21, 12, 10, 20, 19, 7, 2] = 0.5  106.73
y[2, 15, 18, 17, 16, 2] = 0.75  62.81
y[2, 23, 14, 21, 12, 10, 6, 2] = 0.25  87.88
y[2, 9, 22, 25, 8, 2] = 0.5  59.23
y[2, 21, 13, 2] = 0.25  61.8
y[2, 7, 19, 2] = 0.25  22.8
y[2, 13, 10, 12, 16, 20, 19, 7, 11, 9, 2] = 0.25  114.86
y[2, 23, 14, 13, 8, 2] = 0.25  96.29
y[2, 11, 24, 6, 2] = 0.75  30.23
y[2, 15, 18, 17, 20, 2] = 0.25  50.67
true  728
-------------Iter CG 4-------------
LP Objective Value = 338.58,   sum y = 4.18
x[1, 2, 1],  81.22
y[2, 9, 22, 25, 13, 2] = 0.18  70.32
y[2, 23, 14, 12, 18, 2] = 0.27  74.9
y[2, 20, 17, 19, 7, 2] = 0.09  44.19
y[2, 20, 17, 16, 18, 15, 2] = 0.45  57.75
y[2, 24, 22, 25, 8, 2] = 0.24  54.86
y[2, 13, 21, 23, 16, 20, 2] = 0.09  95.12
y[2, 9, 24, 22, 6, 2] = 0.03  40.32
y[2, 11, 9, 19, 7, 2] = 0.06  36.74
y[2, 7, 19, 9, 11, 24, 6, 2] = 0.39  48.97
y[2, 8, 13, 21, 14, 2] = 0.18  71.33
y[2, 18, 12, 21, 13, 10, 2] = 0.18  62.72
y[2, 20, 16, 17, 19, 7, 2] = 0.36  56.33
y[2, 23, 14, 21, 12, 15, 2] = 0.09  78.66
y[2, 22, 24, 11, 9, 2] = 0.33  41.33
y[2, 19, 17, 16, 23, 18, 2] = 0.09  96.04
y[2, 11, 6, 8, 25, 22, 2] = 0.21  62.1
y[2, 6, 25, 8, 13, 10, 2] = 0.36  64.46
y[2, 7, 2] = 0.09  8.25
y[2, 23, 14, 21, 12, 10, 15, 2] = 0.45  82.1
true  149
-------------Iter CG 5-------------
LP Objective Value = 328.42,   sum y = 3.9
x[1, 2, 1],  81.22
y[2, 9, 11, 24, 6, 22, 15, 2] = 0.5  49.93
y[2, 7, 19, 17, 16, 23, 14, 20, 2] = 0.19  99.66
y[2, 18, 12, 14, 21, 10, 2] = 0.23  55.19
y[2, 24, 22, 25, 8, 2] = 0.5  54.86
y[2, 20, 17, 16, 23, 14, 12, 2] = 0.38  83.47
y[2, 11, 9, 19, 7, 2] = 0.5  36.74
y[2, 18, 12, 14, 23, 16, 20, 2] = 0.13  81.76
y[2, 18, 12, 21, 13, 10, 2] = 0.21  62.72
y[2, 7, 19, 17, 16, 20, 15, 2] = 0.04  61.67
y[2, 6, 25, 8, 13, 10, 2] = 0.5  64.46
y[2, 7, 19, 17, 16, 23, 14, 10, 2] = 0.02  98.48
y[2, 7, 20, 17, 16, 23, 21, 2] = 0.12  91.17
y[2, 13, 21, 18, 15, 2] = 0.29  61.88
y[2, 19, 17, 16, 23, 21, 2] = 0.12  98.47
y[2, 23, 14, 21, 12, 10, 15, 2] = 0.04  82.1
y[2, 7, 19, 17, 20, 18, 15, 2] = 0.13  65.14
true  83
-------------Iter CG 6-------------
LP Objective Value = 323.28,   sum y = 3.8
x[1, 2, 1],  81.22
y[2, 24, 22, 25, 8, 2] = 0.4  54.86
y[2, 15, 18, 21, 13, 10, 2] = 0.4  62.42
y[2, 15, 18, 10, 8, 25, 2] = 0.2  60.02
y[2, 20, 17, 16, 23, 14, 12, 2] = 0.8  83.47
y[2, 11, 9, 19, 7, 2] = 0.4  36.74
y[2, 7, 19, 9, 11, 24, 22, 6, 2] = 0.6  59.25
y[2, 20, 17, 16, 23, 21, 2] = 0.2  85.91
y[2, 18, 12, 21, 14, 15, 2] = 0.2  53.9
y[2, 6, 25, 8, 13, 10, 2] = 0.4  64.46
y[2, 13, 21, 18, 15, 2] = 0.2  61.88
true  17
-------------Iter CG 7-------------
LP Objective Value = 322.58,   sum y = 3.67
x[1, 2, 1],  81.22
y[2, 7, 19, 9, 22, 8, 25, 2] = 0.11  78.22
y[2, 20, 17, 16, 23, 18, 2] = 0.22  83.48
y[2, 24, 22, 25, 8, 2] = 0.22  54.86
y[2, 15, 18, 21, 13, 10, 2] = 0.33  62.42
y[2, 20, 17, 16, 23, 14, 12, 2] = 0.56  83.47
y[2, 11, 9, 19, 7, 2] = 0.22  36.74
y[2, 7, 19, 9, 11, 24, 22, 6, 2] = 0.67  59.25
y[2, 13, 8, 25, 24, 2] = 0.11  65.49
y[2, 13, 8, 25, 6, 11, 2] = 0.11  70.74
y[2, 18, 12, 21, 14, 15, 2] = 0.44  53.9
y[2, 25, 8, 13, 10, 15, 2] = 0.22  64.55
y[2, 20, 17, 16, 23, 21, 10, 2] = 0.22  86.95
y[2, 6, 25, 8, 13, 10, 2] = 0.22  64.46
true  9
-------------Iter CG 8-------------
LP Objective Value = 322.55,   sum y = 3.67
x[1, 2, 1],  81.22
y[2, 7, 19, 9, 22, 8, 25, 2] = 0.11  78.22
y[2, 20, 17, 16, 23, 18, 2] = 0.22  83.48
y[2, 24, 22, 25, 8, 2] = 0.11  54.86
y[2, 15, 18, 21, 13, 10, 2] = 0.33  62.42
y[2, 20, 17, 16, 23, 14, 12, 2] = 0.56  83.47
y[2, 11, 9, 19, 7, 2] = 0.22  36.74
y[2, 7, 19, 9, 11, 24, 22, 6, 2] = 0.67  59.25
y[2, 11, 22, 25, 8, 6, 2] = 0.11  59.94
y[2, 13, 8, 25, 24, 2] = 0.22  65.49
y[2, 18, 21, 14, 12, 15, 2] = 0.44  53.89
y[2, 25, 8, 13, 10, 15, 2] = 0.22  64.55
y[2, 20, 17, 16, 23, 21, 10, 2] = 0.22  86.95
y[2, 6, 25, 8, 13, 10, 2] = 0.22  64.46
true  2
-------------Iter CG 9-------------
LP Objective Value = 322.39,   sum y = 3.62
x[1, 2, 1],  81.22
y[2, 7, 19, 9, 22, 8, 25, 2] = 0.15  78.22
y[2, 20, 17, 16, 23, 18, 2] = 0.23  83.48
y[2, 15, 18, 21, 13, 10, 2] = 0.31  62.42
y[2, 20, 17, 16, 23, 14, 12, 2] = 0.54  83.47
y[2, 24, 25, 8, 13, 10, 2] = 0.31  66.03
y[2, 11, 9, 19, 7, 2] = 0.15  36.74
y[2, 7, 19, 9, 11, 24, 22, 6, 2] = 0.69  59.25
y[2, 11, 22, 25, 8, 6, 2] = 0.15  59.94
y[2, 20, 17, 16, 23, 21, 2] = 0.23  85.91
y[2, 18, 21, 14, 12, 15, 2] = 0.46  53.89
y[2, 25, 8, 13, 10, 15, 2] = 0.23  64.55
y[2, 6, 25, 8, 13, 10, 2] = 0.15  64.46
true  1
-------------Iter CG 10-------------
LP Objective Value = 322.39,   sum y = 3.62
x[1, 2, 1],  81.22
y[2, 7, 19, 9, 22, 8, 25, 2] = 0.15  78.22
y[2, 20, 17, 16, 23, 18, 2] = 0.23  83.48
y[2, 15, 18, 21, 13, 10, 2] = 0.31  62.42
y[2, 20, 17, 16, 23, 14, 12, 2] = 0.54  83.47
y[2, 24, 25, 8, 13, 10, 2] = 0.31  66.03
y[2, 11, 9, 19, 7, 2] = 0.15  36.74
y[2, 7, 19, 9, 11, 24, 22, 6, 2] = 0.69  59.25
y[2, 11, 22, 25, 8, 6, 2] = 0.15  59.94
y[2, 20, 17, 16, 23, 21, 2] = 0.23  85.91
y[2, 18, 21, 14, 12, 15, 2] = 0.46  53.89
y[2, 25, 8, 13, 10, 15, 2] = 0.23  64.55
y[2, 6, 25, 8, 13, 10, 2] = 0.15  64.46
true  1
-------------Iter CG 11-------------
LP Objective Value = 322.14,   sum y = 3.5
x[1, 2, 1],  81.22
y[2, 20, 17, 16, 23, 18, 2] = 0.25  83.48
y[2, 15, 18, 21, 13, 10, 2] = 0.25  62.42
y[2, 20, 17, 16, 23, 14, 12, 2] = 0.5  83.47
y[2, 8, 25, 22, 9, 19, 7, 2] = 0.25  77.03
y[2, 24, 25, 8, 13, 10, 2] = 0.25  66.03
y[2, 7, 19, 9, 11, 24, 22, 6, 2] = 0.75  59.25
y[2, 18, 21, 14, 12, 15, 2] = 0.5  53.89
y[2, 13, 8, 25, 6, 11, 2] = 0.25  70.74
y[2, 25, 8, 13, 10, 15, 2] = 0.25  64.55
y[2, 20, 17, 16, 23, 21, 10, 2] = 0.25  86.95
false  0
Exceed Upper Bound, prune


================Iteration 0 of B&P for SP4 [1, 2, 4, 5, 1] parkings[5, 2]================
-------------Iter CG 1-------------
LP Objective Value = 320.4,   sum y = 4.09
x[1, 2, 4, 5, 1],  102.72
y[5, 16, 17, 20, 18, 10, 21, 5] = 0.09  69.97
y[5, 16, 17, 20, 18, 12, 14, 5] = 0.5  62.82
y[2, 6, 25, 8, 13, 12, 20, 2] = 0.09  73.57
y[2, 9, 11, 24, 22, 6, 2] = 0.18  41.44
y[5, 23, 5] = 0.41  14.0
y[2, 24, 22, 25, 8, 2] = 0.05  54.86
y[5, 18, 12, 21, 23, 5] = 0.09  50.12
y[5, 21, 13, 10, 18, 12, 5] = 0.23  57.49
y[2, 9, 22, 25, 8, 2] = 0.05  59.23
y[2, 7, 19, 9, 11, 24, 22, 6, 2] = 0.68  59.25
y[2, 11, 22, 25, 8, 6, 2] = 0.05  59.94
y[2, 7, 19, 17, 16, 20, 15, 2] = 0.32  61.67
y[5, 16, 17, 18, 12, 21, 5] = 0.09  64.6
y[2, 25, 8, 13, 10, 15, 2] = 0.68  64.55
y[5, 14, 21, 23, 5] = 0.5  38.17
y[2, 9, 11, 24, 25, 8, 2] = 0.09  59.75
true  49
-------------Iter CG 2-------------
LP Objective Value = 317.19,   sum y = 4.25
x[1, 2, 4, 5, 1],  102.72
y[5, 16, 17, 20, 18, 12, 14, 5] = 0.25  62.82
y[2, 9, 11, 24, 22, 6, 2] = 0.5  41.44
y[5, 23, 5] = 0.5  14.0
y[2, 9, 7, 19, 20, 17, 16, 23, 5] = 0.25  78.72
y[5, 21, 13, 10, 18, 12, 5] = 0.25  57.49
y[2, 24, 25, 8, 13, 10, 2] = 0.25  66.03
y[5, 14, 21, 12, 18, 15, 2] = 0.38  41.39
y[2, 7, 19, 9, 11, 24, 22, 6, 2] = 0.25  59.25
y[2, 11, 22, 25, 8, 6, 2] = 0.25  59.94
y[2, 15, 18, 12, 21, 14, 5] = 0.12  41.39
y[2, 20, 16, 17, 19, 7, 2] = 0.5  56.33
y[2, 25, 8, 13, 10, 15, 2] = 0.5  64.55
y[5, 14, 21, 23, 5] = 0.25  38.17
true  51
-------------Iter CG 3-------------
LP Objective Value = 314.86,   sum y = 4.28
x[1, 2, 4, 5, 1],  102.72
y[2, 11, 9, 7, 19, 20, 17, 16, 5] = 0.32  71.09
y[5, 23, 5] = 0.88  14.0
y[2, 24, 22, 25, 8, 2] = 0.32  54.86
y[5, 21, 13, 10, 18, 15, 2] = 0.28  55.22
y[5, 16, 17, 20, 10, 18, 12, 14, 5] = 0.04  68.03
y[5, 21, 13, 10, 18, 12, 5] = 0.04  57.49
y[2, 20, 17, 16, 12, 21, 14, 5] = 0.28  62.3
y[5, 14, 21, 12, 18, 15, 2] = 0.4  41.39
y[2, 7, 19, 9, 11, 24, 22, 6, 2] = 0.68  59.25
y[2, 20, 17, 16, 18, 12, 14, 5] = 0.24  61.44
y[5, 23, 16, 17, 20, 2] = 0.12  52.09
y[2, 25, 8, 13, 10, 15, 2] = 0.32  64.55
y[2, 6, 25, 8, 13, 10, 2] = 0.32  64.46
y[5, 14, 13, 8, 25, 2] = 0.04  61.48
true  29
-------------Iter CG 4-------------
LP Objective Value = 313.89,   sum y = 4.0
x[1, 2, 4, 5, 1],  102.72
y[2, 9, 11, 24, 22, 6, 2] = 0.67  41.44
y[2, 7, 19, 20, 17, 16, 23, 5] = 0.67  69.23
y[2, 11, 9, 7, 19, 20, 17, 16, 5] = 0.33  71.09
y[5, 23, 5] = 0.33  14.0
y[2, 24, 22, 25, 8, 2] = 0.33  54.86
y[5, 21, 13, 10, 18, 15, 2] = 0.33  55.22
y[5, 14, 21, 12, 18, 15, 2] = 0.33  41.39
y[2, 15, 10, 18, 12, 21, 14, 5] = 0.33  45.39
y[5, 14, 13, 8, 25, 2] = 0.33  61.48
y[5, 12, 10, 13, 8, 25, 6, 2] = 0.33  68.72
true  4
-------------Iter CG 5-------------
LP Objective Value = 313.89,   sum y = 4.0
x[1, 2, 4, 5, 1],  102.72
y[2, 9, 11, 24, 22, 6, 2] = 0.67  41.44
y[2, 7, 19, 20, 17, 16, 23, 5] = 0.67  69.23
y[2, 11, 9, 7, 19, 20, 17, 16, 5] = 0.33  71.09
y[5, 23, 5] = 0.33  14.0
y[2, 24, 22, 25, 8, 2] = 0.33  54.86
y[5, 21, 13, 10, 18, 15, 2] = 0.33  55.22
y[5, 14, 21, 12, 18, 15, 2] = 0.33  41.39
y[2, 15, 10, 18, 12, 21, 14, 5] = 0.33  45.39
y[5, 14, 13, 8, 25, 2] = 0.33  61.48
y[5, 12, 10, 13, 8, 25, 6, 2] = 0.33  68.72
true  1
-------------Iter CG 6-------------
LP Objective Value = 313.89,   sum y = 4.0
x[1, 2, 4, 5, 1],  102.72
y[2, 9, 11, 24, 22, 6, 2] = 0.67  41.44
y[2, 7, 19, 20, 17, 16, 23, 5] = 0.67  69.23
y[2, 11, 9, 7, 19, 20, 17, 16, 5] = 0.33  71.09
y[5, 23, 5] = 0.33  14.0
y[2, 24, 22, 25, 8, 2] = 0.33  54.86
y[5, 21, 13, 10, 18, 15, 2] = 0.33  55.22
y[5, 14, 21, 12, 18, 15, 2] = 0.33  41.39
y[2, 15, 10, 18, 12, 21, 14, 5] = 0.33  45.39
y[5, 14, 13, 8, 25, 2] = 0.33  61.48
y[5, 12, 10, 13, 8, 25, 6, 2] = 0.33  68.72
false  0
Exceed Upper Bound, prune


================Iteration 0 of B&P for SP5 [1, 4, 2, 5, 1] parkings[5, 4]================
-------------Iter CG 1-------------
LP Objective Value = 369.92,   sum y = 4.21
x[1, 4, 2, 5, 1],  102.67
y[5, 23, 5] = 0.58  14.0
y[5, 8, 25, 22, 6, 15, 5] = 0.42  85.13
y[5, 16, 19, 7, 9, 11, 24, 22, 10, 12, 5] = 0.05  107.15
y[5, 10, 22, 6, 24, 11, 9, 7, 19, 20, 5] = 0.21  108.37
y[5, 16, 17, 20, 15, 18, 12, 5] = 0.37  64.23
y[5, 16, 19, 7, 9, 11, 24, 6, 22, 5] = 0.21  109.64
y[5, 21, 13, 10, 18, 12, 5] = 0.42  57.49
y[5, 16, 17, 20, 19, 7, 11, 24, 6, 10, 12, 5] = 0.16  105.22
y[5, 16, 17, 20, 19, 7, 9, 11, 24, 10, 5] = 0.05  105.33
y[5, 17, 19, 7, 11, 24, 22, 10, 5] = 0.05  106.21
y[5, 18, 10, 22, 24, 11, 7, 19, 20, 5] = 0.05  106.2
y[5, 15, 24, 11, 9, 7, 19, 17, 5] = 0.21  100.09
y[4, 9, 4] = 0.26  10.2
y[5, 14, 21, 23, 5] = 0.42  38.17
y[5, 16, 17, 20, 18, 21, 5] = 0.16  66.14
y[5, 14, 8, 25, 13, 5] = 0.58  69.58
true  806
-------------Iter CG 2-------------
LP Objective Value = 334.5,   sum y = 3.77
x[1, 4, 2, 5, 1],  102.67
y[5, 16, 17, 20, 18, 10, 21, 5] = 0.33  69.97
y[4, 9, 11, 24, 22, 6, 7, 19, 4] = 0.37  62.13
y[5, 21, 13, 8, 24, 4] = 0.05  63.87
y[4, 11, 24, 6, 15, 20, 17, 16, 5] = 0.05  63.21
y[5, 16, 17, 20, 15, 18, 12, 5] = 0.33  64.23
y[5, 21, 13, 10, 18, 12, 5] = 0.02  57.49
y[4, 11, 22, 25, 8, 10, 12, 5] = 0.04  66.58
y[4, 11, 24, 22, 6, 9, 4] = 0.53  43.54
y[5, 21, 18, 15, 7, 19, 9, 4] = 0.08  69.35
y[4, 19, 7, 15, 20, 17, 16, 23, 5] = 0.3  79.04
y[4, 11, 22, 25, 8, 6, 4] = 0.05  62.81
y[5, 14, 21, 23, 5] = 0.46  38.17
y[5, 12, 10, 25, 8, 13, 5] = 0.57  71.38
y[5, 21, 13, 22, 9, 4] = 0.01  63.84
y[5, 12, 10, 25, 13, 21, 5] = 0.05  71.25
y[5, 14, 8, 25, 13, 5] = 0.3  69.58
y[5, 23, 14, 18, 15, 7, 19, 4] = 0.24  67.35
true  166
-------------Iter CG 3-------------
LP Objective Value = 329.55,   sum y = 4.0
x[1, 4, 2, 5, 1],  102.67
y[5, 21, 13, 8, 6, 11, 4] = 0.17  64.37
y[4, 9, 11, 24, 22, 6, 7, 19, 4] = 0.42  62.13
y[5, 16, 17, 20, 18, 12, 14, 5] = 0.58  62.82
y[4, 9, 25, 8, 13, 5] = 0.08  66.28
y[4, 19, 7, 15, 10, 8, 25, 22, 4] = 0.25  84.48
y[4, 11, 9, 19, 7, 15, 20, 17, 16, 5] = 0.17  77.98
y[5, 23, 5] = 0.58  14.0
y[4, 11, 24, 6, 15, 20, 17, 16, 5] = 0.25  63.21
y[5, 21, 13, 25, 6, 4] = 0.17  66.11
y[5, 21, 13, 10, 18, 12, 5] = 0.25  57.49
y[4, 24, 25, 8, 13, 5] = 0.17  65.95
y[4, 9, 22, 25, 8, 10, 12, 5] = 0.17  67.21
y[5, 21, 13, 10, 15, 9, 4] = 0.17  63.1
y[5, 14, 21, 23, 5] = 0.25  38.17
y[5, 10, 8, 25, 22, 24, 4] = 0.17  66.81
y[5, 23, 14, 18, 15, 7, 19, 4] = 0.17  67.35
true  55
-------------Iter CG 4-------------
LP Objective Value = 325.23,   sum y = 4.15
x[1, 4, 2, 5, 1],  102.67
y[5, 16, 17, 20, 15, 6, 24, 11, 4] = 0.14  63.21
y[4, 9, 11, 24, 22, 6, 7, 19, 4] = 0.45  62.13
y[5, 16, 17, 20, 18, 12, 14, 5] = 0.26  62.82
y[4, 9, 22, 25, 13, 5] = 0.02  66.81
y[5, 23, 5] = 0.94  14.0
y[4, 11, 24, 6, 15, 20, 17, 16, 5] = 0.29  63.21
y[5, 16, 17, 20, 10, 13, 21, 5] = 0.26  79.57
y[5, 23, 16, 17, 20, 15, 9, 4] = 0.02  67.64
y[5, 21, 13, 10, 18, 12, 5] = 0.23  57.49
y[4, 24, 25, 8, 13, 5] = 0.13  65.95
y[4, 19, 7, 15, 20, 17, 16, 23, 5] = 0.04  79.04
y[4, 11, 6, 22, 8, 13, 5] = 0.02  67.03
y[4, 9, 22, 25, 8, 10, 12, 5] = 0.51  67.21
y[5, 14, 21, 18, 15, 7, 19, 4] = 0.51  62.64
y[5, 14, 13, 8, 25, 4] = 0.23  66.25
y[5, 13, 8, 25, 6, 11, 4] = 0.11  66.74
true  9
-------------Iter CG 5-------------
LP Objective Value = 325.12,   sum y = 4.15
x[1, 4, 2, 5, 1],  102.67
y[4, 9, 11, 24, 22, 6, 7, 19, 4] = 0.41  62.13
y[5, 16, 17, 20, 18, 12, 14, 5] = 0.22  62.82
y[4, 9, 22, 25, 13, 5] = 0.04  66.81
y[5, 23, 5] = 0.93  14.0
y[4, 11, 24, 6, 15, 20, 17, 16, 5] = 0.48  63.21
y[5, 23, 16, 17, 20, 19, 7, 9, 4] = 0.04  77.49
y[5, 13, 8, 25, 24, 4] = 0.11  65.95
y[5, 16, 17, 20, 10, 13, 21, 5] = 0.22  79.57
y[5, 23, 16, 17, 20, 7, 19, 4] = 0.02  71.28
y[5, 21, 13, 10, 18, 12, 5] = 0.26  57.49
y[4, 19, 7, 20, 17, 16, 23, 5] = 0.02  71.28
y[5, 14, 13, 8, 22, 4] = 0.04  65.04
y[4, 9, 22, 25, 8, 10, 12, 5] = 0.52  67.21
y[5, 14, 21, 18, 15, 7, 19, 4] = 0.52  62.64
y[5, 14, 13, 8, 25, 4] = 0.22  66.25
y[5, 13, 8, 25, 6, 11, 4] = 0.11  66.74
false  0
Exceed Upper Bound, prune


================Iteration 0 of B&P for SP6 [1, 4, 1] parkings[4]================
-------------Iter CG 1-------------
LP Objective Value = 722.0,   sum y = 5.0
x[1, 4, 1],  100.9
y[4, 11, 24, 6, 22, 10, 21, 4] = 0.76  81.73
y[4, 11, 22, 8, 18, 4] = 0.38  72.66
y[4, 23, 4] = 0.76  92.2
y[4, 11, 24, 22, 18, 12, 4] = 0.38  69.73
y[4, 14, 4] = 0.76  68.26
y[4, 11, 9, 19, 7, 15, 20, 17, 16, 4] = 0.76  92.65
y[4, 11, 22, 25, 8, 12, 4] = 0.19  78.09
y[4, 11, 22, 25, 13, 4] = 0.57  75.97
y[4, 6, 7, 8, 9, 10, 11, 12, 13, 14, 15, 16, 17, 18, 19, 20, 21, 22, 23, 24, 25, 4] = 0.24  1000.0
y[4, 11, 22, 8, 13, 12, 4] = 0.19  80.7
true  1184
-------------Iter CG 2-------------
LP Objective Value = 409.71,   sum y = 3.67
x[1, 4, 1],  100.9
y[4, 11, 24, 6, 22, 13, 4] = 0.33  75.84
y[4, 9, 24, 25, 8, 6, 4] = 0.67  62.85
y[4, 11, 22, 8, 13, 4] = 0.33  74.53
y[4, 9, 19, 17, 20, 15, 10, 18, 4] = 1.0  87.49
y[4, 7, 16, 23, 14, 21, 12, 4] = 1.0  103.98
y[4, 11, 22, 25, 13, 4] = 0.33  75.97
true  292
-------------Iter CG 3-------------
LP Objective Value = 388.93,   sum y = 3.65
x[1, 4, 1],  100.9
y[4, 19, 17, 20, 15, 6, 24, 11, 4] = 0.24  68.58
y[4, 13, 21, 18, 9, 4] = 0.24  78.75
y[4, 9, 19, 17, 20, 15, 10, 18, 4] = 0.06  87.49
y[4, 24, 8, 25, 22, 4] = 0.24  62.81
y[4, 19, 17, 20, 15, 6, 24, 9, 4] = 0.35  68.89
y[4, 7, 16, 23, 14, 21, 12, 10, 4] = 0.29  106.05
y[4, 13, 21, 12, 18, 10, 4] = 0.24  81.72
y[4, 7, 16, 23, 14, 21, 10, 4] = 0.24  104.09
y[4, 11, 22, 25, 13, 4] = 0.18  75.97
y[4, 11, 22, 25, 8, 6, 4] = 0.41  62.81
y[4, 11, 22, 8, 13, 10, 4] = 0.18  76.08
y[4, 7, 16, 23, 14, 12, 18, 4] = 0.47  100.06
y[4, 19, 17, 20, 15, 9, 4] = 0.35  59.1
y[4, 24, 13, 8, 25, 4] = 0.18  76.89
true  218
-------------Iter CG 4-------------
LP Objective Value = 379.29,   sum y = 3.5
x[1, 4, 1],  100.9
y[4, 10, 13, 8, 25, 24, 4] = 0.5  77.28
y[4, 19, 17, 20, 18, 10, 15, 9, 4] = 0.5  78.71
y[4, 11, 24, 22, 6, 9, 4] = 0.5  43.54
y[4, 7, 20, 17, 16, 23, 14, 12, 4] = 0.5  102.5
y[4, 12, 14, 21, 23, 16, 19, 4] = 0.5  110.46
y[4, 11, 22, 25, 8, 6, 4] = 0.5  62.81
y[4, 13, 21, 18, 15, 7, 4] = 0.5  81.5
true  251
-------------Iter CG 5-------------
LP Objective Value = 378.37,   sum y = 3.52
x[1, 4, 1],  100.9
y[4, 19, 7, 15, 10, 8, 25, 22, 4] = 0.04  84.48
y[4, 10, 13, 8, 25, 24, 4] = 0.46  77.28
y[4, 19, 20, 16, 23, 14, 21, 10, 4] = 0.28  111.48
y[4, 9, 8, 25, 22, 4] = 0.01  62.94
y[4, 11, 24, 22, 6, 9, 4] = 0.46  43.54
y[4, 9, 15, 18, 12, 10, 24, 11, 4] = 0.03  64.12
y[4, 7, 20, 17, 16, 23, 14, 12, 4] = 0.41  102.5
y[4, 13, 21, 12, 18, 7, 19, 4] = 0.08  91.37
y[4, 19, 17, 20, 15, 6, 24, 9, 4] = 0.05  68.89
y[4, 19, 17, 20, 18, 15, 9, 4] = 0.24  74.71
y[4, 9, 15, 18, 12, 21, 10, 4] = 0.18  70.81
y[4, 10, 18, 14, 23, 16, 20, 7, 19, 4] = 0.01  112.98
y[4, 11, 22, 25, 8, 6, 4] = 0.49  62.81
y[4, 15, 12, 10, 13, 8, 25, 4] = 0.0  85.66
y[4, 13, 21, 18, 15, 7, 4] = 0.46  81.5
y[4, 11, 9, 4] = 0.02  15.98
y[4, 19, 17, 16, 23, 14, 12, 4] = 0.29  104.74
true  32
-------------Iter CG 6-------------
LP Objective Value = 377.37,   sum y = 3.5
x[1, 4, 1],  100.9
y[4, 10, 13, 8, 25, 24, 4] = 0.5  77.28
y[4, 11, 24, 22, 6, 9, 4] = 0.5  43.54
y[4, 7, 20, 18, 12, 21, 13, 10, 4] = 0.25  87.25
y[4, 19, 17, 20, 18, 15, 9, 4] = 0.25  74.71
y[4, 11, 22, 25, 8, 6, 4] = 0.5  62.81
y[4, 15, 18, 12, 14, 21, 10, 4] = 0.25  73.37
y[4, 13, 21, 18, 15, 7, 4] = 0.25  81.5
y[4, 19, 17, 16, 23, 14, 20, 7, 4] = 0.25  108.71
y[4, 19, 17, 16, 23, 21, 4] = 0.25  106.98
y[4, 19, 17, 16, 23, 14, 12, 4] = 0.25  104.74
y[4, 9, 15, 12, 14, 23, 16, 20, 7, 4] = 0.25  101.38
true  24
-------------Iter CG 7-------------
LP Objective Value = 376.96,   sum y = 3.5
x[1, 4, 1],  100.9
y[4, 10, 13, 8, 25, 24, 4] = 0.5  77.28
y[4, 7, 20, 16, 23, 21, 13, 10, 4] = 0.5  113.86
y[4, 11, 24, 22, 6, 9, 4] = 0.5  43.54
y[4, 19, 17, 20, 18, 15, 9, 4] = 0.5  74.71
y[4, 11, 22, 25, 8, 6, 4] = 0.5  62.81
y[4, 19, 17, 16, 23, 14, 12, 4] = 0.5  104.74
y[4, 7, 15, 12, 14, 21, 18, 4] = 0.5  75.18
true  9
-------------Iter CG 8-------------
LP Objective Value = 376.5,   sum y = 3.5
x[1, 4, 1],  100.9
y[4, 10, 13, 8, 25, 24, 4] = 0.5  77.28
y[4, 7, 20, 16, 23, 14, 21, 12, 10, 4] = 0.5  106.62
y[4, 11, 24, 22, 6, 9, 4] = 0.5  43.54
y[4, 19, 17, 20, 18, 15, 9, 4] = 0.5  74.71
y[4, 11, 22, 25, 8, 6, 4] = 0.5  62.81
y[4, 13, 21, 18, 15, 7, 4] = 0.5  81.5
y[4, 19, 17, 16, 23, 14, 12, 4] = 0.5  104.74
true  1
-------------Iter CG 9-------------
LP Objective Value = 376.5,   sum y = 3.5
x[1, 4, 1],  100.9
y[4, 10, 13, 8, 25, 24, 4] = 0.5  77.28
y[4, 7, 20, 16, 23, 14, 21, 12, 10, 4] = 0.5  106.62
y[4, 11, 24, 22, 6, 9, 4] = 0.5  43.54
y[4, 19, 17, 20, 18, 15, 9, 4] = 0.5  74.71
y[4, 11, 22, 25, 8, 6, 4] = 0.5  62.81
y[4, 13, 21, 18, 15, 7, 4] = 0.5  81.5
y[4, 19, 17, 16, 23, 14, 12, 4] = 0.5  104.74
false  0
Exceed Upper Bound, prune


================Iteration 0 of B&P for SP7 [1, 2, 4, 3, 1] parkings[2, 3]================
-------------Iter CG 1-------------
LP Objective Value = 302.43,   sum y = 4.0
x[1, 2, 4, 3, 1],  100.97
y[2, 7, 19, 9, 11, 24, 22, 6, 2] = 1.0  59.25
y[3, 16, 17, 20, 15, 18, 3] = 1.0  49.28
y[3, 12, 13, 8, 25, 10, 3] = 1.0  50.83
y[3, 14, 21, 23, 3] = 1.0  42.1
true  81
-------------Iter CG 2-------------
LP Objective Value = 302.43,   sum y = 4.0
x[1, 2, 4, 3, 1],  100.97
y[2, 7, 19, 9, 11, 24, 22, 6, 2] = 1.0  59.25
y[3, 16, 17, 20, 15, 18, 3] = 1.0  49.28
y[3, 12, 13, 8, 25, 10, 3] = 1.0  50.83
y[3, 23, 21, 14, 3] = 1.0  42.1
true  28
-------------Iter CG 3-------------
LP Objective Value = 302.43,   sum y = 4.0
x[1, 2, 4, 3, 1],  100.97
y[2, 7, 19, 9, 11, 24, 22, 6, 2] = 1.0  59.25
y[3, 16, 17, 20, 15, 18, 3] = 1.0  49.28
y[3, 12, 13, 8, 25, 10, 3] = 1.0  50.83
y[3, 23, 21, 14, 3] = 1.0  42.1
true  12
-------------Iter CG 4-------------
LP Objective Value = 302.43,   sum y = 4.0
x[1, 2, 4, 3, 1],  100.97
y[2, 7, 19, 9, 11, 24, 22, 6, 2] = 1.0  59.25
y[3, 16, 17, 20, 15, 18, 3] = 1.0  49.28
y[3, 12, 13, 8, 25, 10, 3] = 1.0  50.83
y[3, 23, 21, 14, 3] = 1.0  42.1
true  7
-------------Iter CG 5-------------
LP Objective Value = 301.05,   sum y = 3.65
x[1, 2, 4, 3, 1],  100.97
y[3, 21, 23, 16, 17, 20, 2] = 0.14  69.15
y[3, 23, 16, 17, 20, 15, 2] = 0.08  67.4
y[2, 9, 11, 24, 22, 6, 15, 2] = 0.53  47.86
y[2, 7, 19, 20, 17, 16, 23, 14, 3] = 0.65  81.65
y[3, 10, 8, 25, 22, 9, 2] = 0.06  56.12
y[2, 7, 19, 9, 11, 6, 25, 8, 10, 3] = 0.1  75.1
y[2, 7, 19, 9, 11, 24, 22, 6, 2] = 0.25  59.25
y[3, 13, 8, 25, 6, 11, 2] = 0.06  60.0
y[3, 13, 8, 25, 6, 2] = 0.06  53.19
y[3, 16, 17, 20, 15, 18, 3] = 0.14  49.28
y[3, 12, 13, 8, 25, 10, 3] = 0.25  50.83
y[3, 23, 21, 12, 18, 3] = 0.14  47.41
y[3, 18, 10, 13, 21, 3] = 0.37  37.63
y[3, 12, 13, 8, 25, 15, 2] = 0.25  56.33
y[2, 9, 11, 24, 25, 8, 10, 3] = 0.06  56.64
y[3, 10, 8, 25, 22, 24, 2] = 0.16  51.75
y[3, 18, 12, 21, 14, 3] = 0.35  24.52
true  10
-------------Iter CG 6-------------
LP Objective Value = 300.93,   sum y = 3.57
x[1, 2, 4, 3, 1],  100.97
y[3, 21, 23, 16, 17, 20, 2] = 0.26  69.15
y[2, 9, 11, 24, 22, 6, 15, 2] = 0.51  47.86
y[2, 7, 19, 20, 17, 16, 23, 14, 3] = 0.69  81.65
y[3, 10, 8, 25, 22, 9, 2] = 0.01  56.12
y[2, 7, 19, 9, 11, 24, 22, 6, 2] = 0.11  59.25
y[3, 13, 8, 25, 6, 11, 2] = 0.15  60.0
y[3, 16, 17, 20, 15, 18, 3] = 0.05  49.28
y[3, 12, 13, 8, 25, 10, 3] = 0.04  50.83
y[3, 23, 21, 12, 18, 3] = 0.05  47.41
y[2, 7, 19, 9, 11, 24, 6, 10, 18, 3] = 0.2  58.77
y[3, 18, 10, 13, 21, 3] = 0.38  37.63
y[3, 12, 13, 8, 25, 15, 2] = 0.43  56.33
y[3, 10, 8, 25, 22, 6, 11, 2] = 0.03  58.26
y[2, 9, 22, 25, 8, 10, 12, 3] = 0.16  56.63
y[3, 10, 8, 25, 22, 24, 2] = 0.18  51.75
y[3, 18, 12, 21, 14, 3] = 0.31  24.52
false  0
MILP Result:
302.43
[1, 2, 4, 3, 1]    100.97
[3, 23, 21, 14, 3]   42.1
[3, 16, 17, 20, 15, 18, 3]   49.28
[3, 12, 13, 8, 25, 10, 3]   50.83
[2, 7, 19, 9, 11, 24, 22, 6, 2]   59.25
Branching stack contains now 1 nodes, current upper bound is 302.43

================Iteration 1 of B&P for SP7 [1, 2, 4, 3, 1] parkings[2, 3]================
Display selected node 0, parent node 0: from 1 nodes
- Branching node in depth: 0

  Branching node with fractional score: 3.16
  Branching node with cg lower bound: 300.93
  Branching node with LB reduction: Inf
  Branching node with FS reduction: Inf
  Total reduction: -0.0
Branch on total number of 2e routes:  3.0, 4.0

Solve a child node 1
   # Total number of 2e routes cannot UNDER:   4  

-------------Iter CG 1-------------
LP Objective Value = 301.91,   sum y = 4.0
x[1, 2, 4, 3, 1],  100.97
y[3, 23, 16, 17, 20, 15, 2] = 0.14  67.4
y[2, 20, 17, 16, 23, 21, 3] = 0.14  69.15
y[2, 9, 11, 24, 22, 6, 15, 2] = 0.71  47.86
y[2, 7, 19, 20, 17, 16, 23, 14, 3] = 0.57  81.65
y[2, 11, 9, 19, 7, 2] = 0.29  36.74
y[3, 13, 8, 25, 6, 2] = 0.29  53.19
y[3, 16, 17, 20, 15, 18, 3] = 0.14  49.28
y[2, 7, 19, 2] = 0.14  22.8
y[3, 12, 13, 8, 25, 10, 3] = 0.43  50.83
y[3, 23, 21, 12, 18, 3] = 0.14  47.41
y[3, 18, 10, 13, 21, 3] = 0.29  37.63
y[3, 10, 8, 25, 22, 24, 2] = 0.29  51.75
y[3, 18, 12, 21, 14, 3] = 0.43  24.52
false  0

Solve a child node 2
   # Total number of 2e routes cannot EXCEED:   3  

-------------Iter CG 1-------------
No feasible solution for LMP

================Iteration 2 of B&P for SP7 [1, 2, 4, 3, 1] parkings[2, 3]================
Display selected node 1, parent node 0: from 1 nodes
- Branching node in depth: 1
   # Total number of 2e routes cannot UNDER:   4  

  Branching node with fractional score: 3.43
  Branching node with cg lower bound: 301.91
  Branching node with LB reduction: 0.98
  Branching node with FS reduction: 0.27
  Total reduction: 1.25

Solve a child node 3
   - MUST      combination:  (3, 16)  
   # Total number of 2e routes cannot UNDER:   4  

-------------Iter CG 1-------------
LP Objective Value = 302.43,   sum y = 4.0
x[1, 2, 4, 3, 1],  100.97
y[2, 7, 19, 9, 11, 24, 22, 6, 2] = 1.0  59.25
y[3, 16, 17, 20, 15, 18, 3] = 1.0  49.28
y[3, 12, 13, 8, 25, 10, 3] = 1.0  50.83
y[3, 23, 21, 14, 3] = 1.0  42.1
false  0
Integer solution found

Solve a child node 4
   - FORBIDDEN combination:  (3, 16)  
   # Total number of 2e routes cannot UNDER:   4  

-------------Iter CG 1-------------
LP Objective Value = 302.62,   sum y = 4.0
x[1, 2, 4, 3, 1],  100.97
y[2, 9, 11, 24, 22, 6, 15, 2] = 0.67  47.86
y[2, 7, 19, 20, 17, 16, 23, 14, 3] = 0.67  81.65
y[2, 9, 11, 2] = 0.33  18.93
y[3, 13, 8, 25, 6, 2] = 0.33  53.19
y[2, 7, 19, 17, 16, 20, 15, 2] = 0.33  61.67
y[3, 12, 13, 8, 25, 10, 3] = 0.33  50.83
y[3, 23, 21, 12, 18, 3] = 0.33  47.41
y[3, 18, 10, 13, 21, 3] = 0.33  37.63
y[3, 10, 8, 25, 22, 24, 2] = 0.33  51.75
y[3, 18, 12, 21, 14, 3] = 0.33  24.52
false  0
Exceed Upper Bound, prune


================Iteration 0 of B&P for SP8 [1, 4, 2, 3, 1] parkings[4, 3]================
-------------Iter CG 1-------------
LP Objective Value = 305.37,   sum y = 4.0
x[1, 4, 2, 3, 1],  101.02
y[4, 9, 11, 24, 22, 6, 7, 19, 4] = 1.0  62.13
y[3, 16, 17, 20, 15, 18, 3] = 1.0  49.28
y[3, 10, 25, 8, 13, 12, 3] = 1.0  50.83
y[3, 14, 21, 23, 3] = 1.0  42.1
true  159
-------------Iter CG 2-------------
LP Objective Value = 305.37,   sum y = 4.0
x[1, 4, 2, 3, 1],  101.02
y[4, 9, 11, 24, 22, 6, 7, 19, 4] = 1.0  62.13
y[3, 16, 17, 20, 15, 18, 3] = 1.0  49.28
y[3, 12, 13, 8, 25, 10, 3] = 1.0  50.83
y[3, 23, 21, 14, 3] = 1.0  42.1
true  56
-------------Iter CG 3-------------
LP Objective Value = 305.37,   sum y = 4.0
x[1, 4, 2, 3, 1],  101.02
y[4, 9, 11, 24, 22, 6, 7, 19, 4] = 1.0  62.13
y[3, 16, 17, 20, 15, 18, 3] = 1.0  49.28
y[3, 12, 13, 8, 25, 10, 3] = 1.0  50.83
y[3, 23, 21, 14, 3] = 1.0  42.1
true  11
-------------Iter CG 4-------------
LP Objective Value = 305.37,   sum y = 4.0
x[1, 4, 2, 3, 1],  101.02
y[4, 9, 11, 24, 22, 6, 7, 19, 4] = 1.0  62.13
y[3, 16, 17, 20, 15, 18, 3] = 1.0  49.28
y[3, 12, 13, 8, 25, 10, 3] = 1.0  50.83
y[3, 23, 21, 14, 3] = 1.0  42.1
true  14
-------------Iter CG 5-------------
LP Objective Value = 305.37,   sum y = 4.0
x[1, 4, 2, 3, 1],  101.02
y[4, 9, 11, 24, 22, 6, 7, 19, 4] = 1.0  62.13
y[3, 16, 17, 20, 15, 18, 3] = 1.0  49.28
y[3, 12, 13, 8, 25, 10, 3] = 1.0  50.83
y[3, 23, 21, 14, 3] = 1.0  42.1
true  6
-------------Iter CG 6-------------
LP Objective Value = 305.09,   sum y = 3.74
x[1, 4, 2, 3, 1],  101.02
y[4, 9, 11, 24, 22, 6, 7, 19, 4] = 0.32  62.13
y[3, 13, 8, 25, 15, 7, 19, 4] = 0.11  77.71
y[3, 10, 8, 25, 22, 6, 11, 4] = 0.05  56.54
y[4, 11, 6, 25, 8, 13, 3] = 0.21  58.28
y[4, 9, 11, 24, 22, 6, 15, 3] = 0.37  51.06
y[3, 23, 16, 17, 20, 19, 7, 9, 4] = 0.21  87.46
y[3, 16, 17, 20, 15, 7, 19, 9, 4] = 0.05  70.35
y[3, 12, 13, 8, 25, 10, 3] = 0.37  50.83
y[3, 16, 17, 20, 15, 18, 12, 3] = 0.42  50.58
y[3, 18, 10, 13, 21, 3] = 0.32  37.63
y[3, 14, 23, 16, 17, 20, 7, 19, 4] = 0.32  83.7
y[4, 24, 22, 25, 8, 10, 3] = 0.18  54.49
y[4, 9, 11, 24, 6, 15, 18, 3] = 0.05  43.95
y[3, 23, 21, 14, 3] = 0.47  42.1
y[3, 10, 8, 25, 22, 24, 4] = 0.08  54.49
y[3, 18, 12, 21, 14, 3] = 0.21  24.52
true  2
-------------Iter CG 7-------------
LP Objective Value = 304.9,   sum y = 3.62
x[1, 4, 2, 3, 1],  101.02
y[4, 9, 11, 24, 22, 6, 7, 19, 4] = 0.13  62.13
y[3, 13, 8, 25, 15, 7, 19, 4] = 0.12  77.71
y[4, 11, 6, 25, 8, 13, 3] = 0.38  58.28
y[4, 9, 11, 24, 22, 6, 15, 3] = 0.38  51.06
y[3, 23, 16, 17, 20, 19, 7, 9, 4] = 0.12  87.46
y[3, 16, 17, 20, 15, 7, 19, 9, 4] = 0.12  70.35
y[4, 9, 22, 25, 8, 10, 12, 3] = 0.12  55.41
y[3, 21, 13, 10, 18, 12, 3] = 0.5  38.93
y[3, 16, 17, 20, 15, 18, 12, 3] = 0.25  50.58
y[3, 14, 23, 16, 17, 20, 7, 19, 4] = 0.5  83.7
y[4, 24, 22, 25, 8, 10, 3] = 0.12  54.49
y[4, 9, 11, 24, 6, 15, 18, 3] = 0.13  43.95
y[3, 23, 21, 14, 3] = 0.38  42.1
y[3, 10, 8, 25, 22, 24, 4] = 0.25  54.49
y[3, 18, 12, 21, 14, 3] = 0.12  24.52
true  1
-------------Iter CG 8-------------
LP Objective Value = 304.89,   sum y = 3.64
x[1, 4, 2, 3, 1],  101.02
y[4, 9, 11, 24, 22, 6, 7, 19, 4] = 0.18  62.13
y[3, 13, 8, 25, 15, 7, 19, 4] = 0.09  77.71
y[4, 11, 6, 25, 8, 13, 3] = 0.36  58.28
y[4, 9, 11, 24, 22, 6, 15, 3] = 0.27  51.06
y[3, 16, 17, 20, 15, 7, 19, 9, 4] = 0.18  70.35
y[4, 9, 22, 25, 8, 10, 12, 3] = 0.18  55.41
y[3, 21, 13, 10, 18, 12, 3] = 0.45  38.93
y[3, 16, 17, 20, 15, 18, 12, 3] = 0.27  50.58
y[3, 14, 23, 16, 17, 20, 7, 19, 4] = 0.55  83.7
y[4, 24, 22, 25, 8, 10, 3] = 0.09  54.49
y[4, 9, 11, 24, 6, 15, 18, 3] = 0.18  43.95
y[3, 23, 21, 14, 3] = 0.45  42.1
y[3, 10, 8, 25, 22, 24, 4] = 0.27  54.49
y[3, 21, 13, 18, 12, 3] = 0.09  37.86
true  1
-------------Iter CG 9-------------
LP Objective Value = 304.89,   sum y = 3.64
x[1, 4, 2, 3, 1],  101.02
y[4, 9, 11, 24, 22, 6, 7, 19, 4] = 0.18  62.13
y[3, 13, 8, 25, 15, 7, 19, 4] = 0.09  77.71
y[4, 11, 6, 25, 8, 13, 3] = 0.36  58.28
y[4, 9, 11, 24, 22, 6, 15, 3] = 0.27  51.06
y[3, 16, 17, 20, 15, 7, 19, 9, 4] = 0.18  70.35
y[4, 9, 22, 25, 8, 10, 12, 3] = 0.18  55.41
y[3, 21, 13, 10, 18, 12, 3] = 0.45  38.93
y[3, 16, 17, 20, 15, 18, 12, 3] = 0.27  50.58
y[3, 14, 23, 16, 17, 20, 7, 19, 4] = 0.55  83.7
y[4, 24, 22, 25, 8, 10, 3] = 0.09  54.49
y[4, 9, 11, 24, 6, 15, 18, 3] = 0.18  43.95
y[3, 23, 21, 14, 3] = 0.45  42.1
y[3, 10, 8, 25, 22, 24, 4] = 0.27  54.49
y[3, 21, 13, 18, 12, 3] = 0.09  37.86
false  0
Exceed Upper Bound, prune


================Iteration 0 of B&P for SP9 [1, 2, 4, 1] parkings[4, 2]================
-------------Iter CG 1-------------
LP Objective Value = 341.86,   sum y = 3.62
x[1, 2, 4, 1],  100.96
y[2, 20, 17, 16, 23, 18, 2] = 0.23  83.48
y[2, 6, 8, 25, 22, 11, 2] = 0.15  59.94
y[4, 11, 9, 7, 19, 4] = 0.15  36.22
y[2, 15, 18, 21, 13, 10, 2] = 0.31  62.42
y[2, 20, 17, 16, 23, 14, 12, 2] = 0.54  83.47
y[2, 8, 25, 22, 9, 19, 7, 2] = 0.15  77.03
y[2, 24, 25, 8, 13, 10, 2] = 0.31  66.03
y[2, 7, 19, 9, 11, 24, 22, 6, 2] = 0.69  59.25
y[2, 20, 17, 16, 23, 21, 2] = 0.23  85.91
y[2, 18, 21, 14, 12, 15, 2] = 0.46  53.89
y[2, 25, 8, 13, 10, 15, 2] = 0.23  64.55
y[2, 6, 25, 8, 13, 10, 2] = 0.15  64.46
true  5
-------------Iter CG 2-------------
LP Objective Value = 341.32,   sum y = 3.6
x[1, 2, 4, 1],  100.96
y[2, 20, 17, 16, 23, 18, 2] = 0.2  83.48
y[2, 15, 18, 21, 13, 10, 2] = 0.4  62.42
y[2, 20, 17, 16, 23, 14, 12, 2] = 0.6  83.47
y[2, 8, 25, 22, 9, 19, 7, 2] = 0.2  77.03
y[2, 24, 25, 8, 13, 10, 2] = 0.4  66.03
y[2, 7, 19, 9, 11, 24, 22, 6, 2] = 0.6  59.25
y[2, 18, 21, 14, 12, 15, 2] = 0.4  53.89
y[2, 20, 17, 16, 23, 21, 10, 2] = 0.2  86.95
y[2, 15, 8, 25, 22, 6, 2] = 0.2  57.47
y[4, 11, 6, 25, 8, 13, 2] = 0.2  69.02
y[2, 7, 19, 9, 11, 4] = 0.2  35.02
true  4
-------------Iter CG 3-------------
LP Objective Value = 341.26,   sum y = 3.78
x[1, 2, 4, 1],  100.96
y[2, 20, 17, 16, 23, 18, 2] = 0.15  83.48
y[2, 18, 21, 23, 16, 19, 7, 2] = 0.04  98.48
y[2, 7, 19, 9, 4] = 0.26  29.23
y[4, 9, 7, 19, 17, 20, 15, 2] = 0.04  57.78
y[2, 15, 18, 21, 13, 10, 2] = 0.48  62.42
y[2, 20, 17, 16, 23, 14, 12, 2] = 0.67  83.47
y[2, 24, 25, 8, 13, 10, 2] = 0.48  66.03
y[2, 7, 19, 9, 11, 24, 22, 6, 2] = 0.52  59.25
y[4, 11, 22, 25, 8, 6, 2] = 0.33  58.22
y[2, 20, 17, 16, 23, 21, 2] = 0.15  85.91
y[2, 18, 21, 14, 12, 15, 2] = 0.33  53.89
y[4, 9, 25, 8, 13, 10, 2] = 0.04  69.1
y[2, 15, 8, 25, 22, 6, 2] = 0.15  57.47
y[2, 7, 19, 9, 11, 4] = 0.15  35.02
false  0
Exceed Upper Bound, prune


================Iteration 0 of B&P for SP10 [1, 4, 3, 2, 5, 1] parkings[5, 3]================
-------------Iter CG 1-------------
LP Objective Value = 351.83,   sum y = 4.5
x[1, 4, 3, 2, 5, 1],  141.4
y[3, 14, 21, 13, 3] = 0.5  35.37
y[5, 23, 5] = 1.0  14.0
y[3, 8, 25, 22, 6, 15, 3] = 0.5  61.88
y[3, 10, 22, 6, 24, 11, 9, 7, 19, 20, 3] = 0.5  86.4
y[3, 16, 17, 20, 15, 18, 3] = 0.5  49.28
y[3, 16, 17, 19, 7, 9, 11, 24, 3] = 0.5  84.59
y[3, 10, 25, 8, 13, 12, 3] = 0.5  50.83
y[3, 18, 12, 21, 14, 3] = 0.5  24.52
true  130
-------------Iter CG 2-------------
LP Objective Value = 351.83,   sum y = 4.5
x[1, 4, 3, 2, 5, 1],  141.4
y[3, 14, 21, 13, 3] = 0.5  35.37
y[5, 23, 5] = 1.0  14.0
y[3, 8, 25, 22, 6, 15, 3] = 0.5  61.88
y[3, 10, 22, 6, 24, 11, 9, 7, 19, 20, 3] = 0.5  86.4
y[3, 16, 17, 20, 15, 18, 3] = 0.5  49.28
y[3, 12, 13, 8, 25, 10, 3] = 0.5  50.83
y[3, 16, 17, 19, 7, 9, 11, 24, 3] = 0.5  84.59
y[3, 18, 12, 21, 14, 3] = 0.5  24.52
true  26
-------------Iter CG 3-------------
LP Objective Value = 351.39,   sum y = 4.4
x[1, 4, 3, 2, 5, 1],  141.4
y[3, 8, 25, 13, 14, 3] = 0.2  52.96
y[3, 16, 17, 20, 19, 7, 9, 11, 24, 3] = 0.2  89.18
y[5, 23, 5] = 1.0  14.0
y[3, 14, 21, 13, 12, 3] = 0.4  35.61
y[3, 8, 25, 22, 6, 15, 3] = 0.4  61.88
y[3, 10, 22, 6, 24, 11, 9, 7, 19, 20, 3] = 0.4  86.4
y[3, 16, 17, 20, 15, 18, 3] = 0.4  49.28
y[3, 12, 13, 8, 25, 10, 3] = 0.2  50.83
y[3, 10, 8, 25, 22, 24, 3] = 0.2  62.28
y[3, 18, 10, 13, 21, 3] = 0.2  37.63
y[3, 16, 17, 19, 7, 9, 11, 24, 3] = 0.2  84.59
y[3, 16, 17, 19, 7, 9, 11, 6, 15, 3] = 0.2  87.12
y[3, 18, 12, 21, 14, 3] = 0.4  24.52
true  2
-------------Iter CG 4-------------
LP Objective Value = 351.14,   sum y = 4.33
x[1, 4, 3, 2, 5, 1],  141.4
y[3, 8, 25, 13, 14, 3] = 0.33  52.96
y[3, 16, 17, 20, 19, 7, 9, 11, 24, 3] = 0.33  89.18
y[5, 23, 5] = 1.0  14.0
y[3, 14, 21, 13, 12, 3] = 0.33  35.61
y[3, 21, 13, 10, 18, 12, 3] = 0.33  38.93
y[3, 8, 25, 22, 6, 15, 3] = 0.67  61.88
y[3, 10, 22, 6, 24, 11, 9, 7, 19, 20, 3] = 0.33  86.4
y[3, 16, 17, 19, 7, 9, 11, 24, 10, 3] = 0.33  86.58
y[3, 16, 17, 20, 15, 18, 3] = 0.33  49.28
y[3, 18, 12, 21, 14, 3] = 0.33  24.52
true  4
-------------Iter CG 5-------------
LP Objective Value = 351.14,   sum y = 4.33
x[1, 4, 3, 2, 5, 1],  141.4
y[3, 8, 25, 13, 14, 3] = 0.33  52.96
y[5, 23, 5] = 1.0  14.0
y[3, 14, 21, 13, 12, 3] = 0.33  35.61
y[3, 8, 25, 22, 6, 15, 3] = 0.67  61.88
y[3, 16, 17, 20, 19, 7, 9, 11, 24, 10, 3] = 0.33  91.17
y[3, 10, 22, 6, 24, 11, 9, 7, 19, 20, 3] = 0.33  86.4
y[3, 16, 17, 20, 15, 18, 12, 3] = 0.33  50.58
y[3, 18, 10, 13, 21, 3] = 0.33  37.63
y[3, 16, 17, 19, 7, 9, 11, 24, 3] = 0.33  84.59
y[3, 18, 12, 21, 14, 3] = 0.33  24.52
true  1
-------------Iter CG 6-------------
LP Objective Value = 351.14,   sum y = 4.33
x[1, 4, 3, 2, 5, 1],  141.4
y[3, 8, 25, 13, 14, 3] = 0.33  52.96
y[5, 23, 5] = 1.0  14.0
y[3, 14, 21, 13, 12, 3] = 0.33  35.61
y[3, 8, 25, 22, 6, 15, 3] = 0.67  61.88
y[3, 16, 17, 20, 19, 7, 9, 11, 24, 10, 3] = 0.33  91.17
y[3, 10, 22, 6, 24, 11, 9, 7, 19, 20, 3] = 0.33  86.4
y[3, 16, 17, 20, 15, 18, 12, 3] = 0.33  50.58
y[3, 18, 10, 13, 21, 3] = 0.33  37.63
y[3, 16, 17, 19, 7, 9, 11, 24, 3] = 0.33  84.59
y[3, 18, 12, 21, 14, 3] = 0.33  24.52
false  0
Exceed Upper Bound, prune

Total Execution time = 22.79
Current optimal solution 302.43 found in interation 0 in level 0:
[1, 2, 4, 3, 1]  100.97
[3, 23, 21, 14, 3]  42.1
[3, 16, 17, 20, 15, 18, 3]  49.28
[3, 12, 13, 8, 25, 10, 3]  50.83
[2, 7, 19, 9, 11, 24, 22, 6, 2]  59.25
