Minimum 2e routes required: 5
parking availability[1] = 0
parking availability[2] = 1
parking availability[3] = 0
parking availability[4] = 1
parking availability[5] = 0
Lower bound= 258.15   [1, 2, 5, 1]    parkings: Set([5])
Lower bound= 264.18   [1, 2, 1]    parkings: Set([2])
Lower bound= 268.33   [1, 2, 3, 1]    parkings: Set([3])
Lower bound= 285.29   [1, 2, 4, 5, 1]    parkings: Set([5, 2])
Lower bound= 295.22   [1, 2, 4, 3, 1]    parkings: Set([2, 3])
Lower bound= 303.91   [1, 4, 2, 5, 1]    parkings: Set([5, 4])
Lower bound= 309.54   [1, 4, 1]    parkings: Set([4])
Lower bound= 311.49   [1, 2, 4, 1]    parkings: Set([4, 2])
Lower bound= 314.09   [1, 4, 2, 3, 1]    parkings: Set([4, 3])
Lower bound= 332.26   [1, 4, 3, 2, 5, 1]    parkings: Set([5, 3])


================Iteration 0 of B&P for SP1 [1, 2, 5, 1] parkings[5]================
-------------Iter CG 1-------------
LP Objective Value = 1093.16,   sum y = 1.0
x[1, 2, 5, 1],  93.16
y[5, 6, 7, 8, 9, 10, 11, 12, 13, 14, 15, 16, 17, 18, 19, 20, 21, 22, 23, 24, 25, 26, 27, 28, 29, 30, 5] = 1.0  1000.0
true  2790
-------------Iter CG 2-------------
LP Objective Value = 1039.69,   sum y = 5.0
x[1, 2, 5, 1],  93.16
y[5, 14, 5] = 0.33  24.33
y[5, 20, 7, 19, 9, 11, 24, 6, 10, 12, 15, 28, 5] = 0.11  161.06
y[5, 21, 5] = 0.33  31.05
y[5, 20, 7, 19, 9, 11, 24, 6, 8, 27, 5] = 0.11  130.35
y[5, 18, 5] = 0.33  36.88
y[5, 16, 5] = 0.33  28.64
y[5, 11, 9, 19, 7, 24, 22, 10, 26, 5] = 0.11  135.06
y[5, 17, 5] = 0.33  41.23
y[5, 11, 9, 19, 7, 20, 15, 6, 10, 8, 27, 5] = 0.22  164.07
y[5, 23, 5] = 0.33  16.0
y[5, 25, 5] = 0.33  68.26
y[5, 28, 5] = 0.22  80.32
y[5, 29, 5] = 0.33  59.36
y[5, 11, 9, 19, 7, 20, 12, 10, 22, 6, 26, 5] = 0.22  146.0
y[5, 30, 5] = 0.33  81.41
y[5, 13, 5] = 0.33  50.0
y[5, 6, 7, 8, 9, 10, 11, 12, 13, 14, 15, 16, 17, 18, 19, 20, 21, 22, 23, 24, 25, 26, 27, 28, 29, 30, 5] = 0.67  1000.0
true  3245
-------------Iter CG 3-------------
LP Objective Value = 797.22,   sum y = 5.0
x[1, 2, 5, 1],  93.16
y[5, 14, 5] = 0.57  24.33
y[5, 21, 5] = 0.57  31.05
y[5, 17, 5] = 0.57  41.23
y[5, 23, 5] = 0.57  16.0
y[5, 30, 27, 8, 25, 5] = 0.57  108.4
y[5, 12, 18, 5] = 0.57  37.39
y[5, 20, 7, 19, 9, 11, 24, 6, 22, 10, 5] = 0.57  108.27
y[5, 6, 7, 8, 9, 10, 11, 12, 13, 14, 15, 16, 17, 18, 19, 20, 21, 22, 23, 24, 25, 26, 27, 28, 29, 30, 5] = 0.43  1000.0
y[5, 16, 28, 29, 15, 26, 13, 5] = 0.57  115.43
true  1242
-------------Iter CG 4-------------
LP Objective Value = 515.03,   sum y = 5.0
x[1, 2, 5, 1],  93.16
y[5, 21, 13, 22, 26, 5] = 0.5  81.73
y[5, 13, 27, 25, 8, 5] = 0.5  83.6
y[5, 16, 28, 29, 30, 26, 15, 5] = 0.5  116.53
y[5, 25, 27, 22, 30, 5] = 0.5  105.54
y[5, 20, 7, 19, 9, 11, 24, 6, 8, 10, 12, 5] = 0.5  113.99
y[5, 23, 5] = 0.5  16.0
y[5, 14, 18, 17, 5] = 1.0  59.29
y[5, 16, 28, 29, 15, 12, 23, 5] = 0.5  104.88
y[5, 20, 7, 19, 9, 11, 24, 6, 10, 21, 5] = 0.5  102.88
true  1045
-------------Iter CG 5-------------
LP Objective Value = 490.44,   sum y = 4.46
x[1, 2, 5, 1],  93.16
y[5, 16, 28, 29, 26, 15, 17, 5] = 0.23  108.6
y[5, 20, 7, 19, 9, 11, 24, 6, 18, 5] = 0.08  98.43
y[5, 23, 21, 14, 5] = 0.46  39.3
y[5, 13, 27, 25, 8, 5] = 0.08  83.6
y[5, 23, 21, 12, 17, 16, 5] = 0.38  69.78
y[5, 16, 28, 29, 30, 26, 15, 5] = 0.23  116.53
y[5, 23, 21, 12, 18, 5] = 0.15  50.87
y[5, 29, 7, 9, 30, 6, 26, 5] = 0.08  93.49
y[5, 13, 25, 27, 22, 10, 5] = 0.46  90.21
y[5, 14, 18, 20, 17, 5] = 0.08  61.19
y[5, 20, 7, 19, 9, 11, 24, 6, 15, 26, 5] = 0.31  109.12
y[5, 17, 29, 7, 15, 18, 5] = 0.15  75.54
y[5, 14, 13, 25, 8, 5] = 0.46  70.08
y[5, 28, 30, 22, 27, 8, 12, 5] = 0.46  135.59
y[5, 16, 29, 7, 30, 24, 26, 5] = 0.08  94.31
y[5, 17, 29, 7, 30, 19, 5] = 0.08  108.46
y[5, 16, 28, 29, 15, 26, 18, 5] = 0.08  100.48
y[5, 17, 29, 7, 30, 11, 5] = 0.08  93.42
y[5, 20, 7, 19, 9, 11, 24, 6, 22, 10, 5] = 0.08  108.27
y[5, 20, 7, 19, 9, 11, 24, 6, 10, 18, 5] = 0.46  99.74
true  684
-------------Iter CG 6-------------
LP Objective Value = 470.12,   sum y = 4.75
x[1, 2, 5, 1],  93.16
y[5, 20, 7, 19, 9, 11, 24, 6, 18, 5] = 0.14  98.43
y[5, 20, 28, 19, 11, 30, 6, 26, 15, 5] = 0.14  117.4
y[5, 23, 21, 14, 5] = 0.27  39.3
y[5, 16, 17, 20, 15, 26, 5] = 0.02  67.75
y[5, 16, 28, 19, 11, 30, 26, 15, 20, 5] = 0.32  117.99
y[5, 20, 29, 19, 28, 17, 16, 5] = 0.27  88.42
y[5, 16, 28, 19, 11, 30, 24, 6, 10, 5] = 0.18  113.91
y[5, 23, 21, 12, 18, 5] = 0.5  50.87
y[5, 17, 28, 19, 29, 20, 18, 5] = 0.07  97.66
y[5, 13, 25, 27, 22, 10, 5] = 0.5  90.21
y[5, 23, 5] = 0.23  16.0
y[5, 14, 13, 25, 8, 5] = 0.5  70.08
y[5, 17, 29, 7, 9, 24, 10, 12, 5] = 0.27  89.55
y[5, 14, 21, 12, 18, 5] = 0.23  43.12
y[5, 16, 28, 29, 15, 26, 18, 5] = 0.02  100.48
y[5, 15, 26, 6, 22, 27, 8, 5] = 0.5  93.26
y[5, 17, 29, 7, 9, 11, 5] = 0.18  85.32
y[5, 16, 29, 7, 9, 30, 24, 5] = 0.18  94.08
y[5, 17, 7, 9, 30, 24, 5] = 0.18  92.13
y[5, 20, 7, 19, 9, 11, 24, 6, 10, 18, 5] = 0.05  99.74
true  672
-------------Iter CG 7-------------
LP Objective Value = 459.0,   sum y = 4.75
x[1, 2, 5, 1],  93.16
y[5, 23, 21, 14, 5] = 0.25  39.3
y[5, 16, 17, 20, 15, 18, 12, 5] = 0.25  63.1
y[5, 20, 29, 19, 28, 17, 16, 5] = 0.25  88.42
y[5, 16, 28, 19, 11, 30, 24, 6, 10, 5] = 0.25  113.91
y[5, 23, 21, 12, 18, 5] = 0.5  50.87
y[5, 13, 25, 27, 22, 10, 5] = 0.5  90.21
y[5, 17, 28, 19, 29, 26, 15, 5] = 0.25  102.14
y[5, 23, 5] = 0.25  16.0
y[5, 26, 24, 30, 11, 9, 7, 20, 5] = 0.25  89.67
y[5, 14, 13, 25, 8, 5] = 0.5  70.08
y[5, 17, 29, 7, 11, 9, 19, 28, 5] = 0.25  113.86
y[5, 14, 21, 12, 18, 5] = 0.25  43.12
y[5, 20, 7, 9, 11, 30, 24, 6, 10, 5] = 0.25  90.96
y[5, 15, 26, 6, 22, 27, 8, 5] = 0.5  93.26
y[5, 16, 29, 7, 9, 30, 24, 5] = 0.25  94.08
true  144
-------------Iter CG 8-------------
LP Objective Value = 455.79,   sum y = 4.69
x[1, 2, 5, 1],  93.16
y[5, 14, 8, 25, 13, 5] = 0.17  69.96
y[5, 23, 21, 14, 5] = 0.62  39.3
y[5, 8, 25, 27, 22, 10, 12, 5] = 0.25  88.59
y[5, 20, 29, 19, 28, 17, 16, 5] = 0.05  88.42
y[5, 16, 28, 19, 9, 11, 30, 24, 5] = 0.05  112.42
y[5, 16, 28, 19, 11, 30, 24, 6, 10, 5] = 0.29  113.91
y[5, 26, 6, 22, 8, 13, 5] = 0.21  83.62
y[5, 23, 21, 12, 18, 5] = 0.17  50.87
y[5, 16, 17, 20, 15, 26, 18, 5] = 0.36  69.09
y[5, 17, 29, 7, 11, 24, 6, 5] = 0.06  89.25
y[5, 16, 20, 9, 11, 24, 6, 26, 15, 5] = 0.1  89.02
y[5, 13, 25, 27, 22, 10, 5] = 0.26  90.21
y[5, 23, 5] = 0.21  16.0
y[5, 12, 6, 22, 27, 8, 13, 5] = 0.16  93.78
y[5, 26, 24, 30, 11, 9, 7, 20, 5] = 0.24  89.67
y[5, 17, 29, 20, 15, 18, 5] = 0.25  73.73
y[5, 25, 27, 22, 6, 24, 5] = 0.12  96.57
y[5, 16, 29, 7, 30, 24, 26, 5] = 0.09  94.31
y[5, 29, 28, 19, 7, 9, 11, 30, 5] = 0.27  115.92
y[5, 16, 28, 19, 7, 9, 30, 24, 6, 5] = 0.07  114.39
y[5, 14, 21, 12, 18, 5] = 0.21  43.12
y[5, 17, 29, 28, 19, 7, 9, 15, 5] = 0.28  105.0
y[5, 15, 26, 6, 22, 27, 8, 5] = 0.01  93.26
y[5, 13, 8, 25, 27, 10, 12, 5] = 0.21  85.05
true  80
-------------Iter CG 9-------------
LP Objective Value = 452.45,   sum y = 4.53
x[1, 2, 5, 1],  93.16
y[5, 6, 24, 30, 11, 29, 20, 5] = 0.06  93.15
y[5, 14, 8, 25, 13, 5] = 0.09  69.96
y[5, 23, 21, 14, 5] = 0.91  39.3
y[5, 8, 25, 27, 22, 10, 12, 5] = 0.25  88.59
y[5, 16, 28, 19, 9, 11, 30, 24, 5] = 0.22  112.42
y[5, 13, 25, 27, 22, 12, 5] = 0.34  90.2
y[5, 26, 6, 22, 8, 13, 5] = 0.25  83.62
y[5, 23, 21, 12, 18, 5] = 0.09  50.87
y[5, 16, 17, 20, 15, 26, 18, 5] = 0.67  69.09
y[5, 17, 28, 19, 29, 20, 18, 5] = 0.11  97.66
y[5, 29, 7, 11, 30, 24, 6, 10, 5] = 0.22  93.95
y[5, 26, 24, 30, 11, 9, 7, 20, 5] = 0.03  89.67
y[5, 18, 22, 24, 6, 26, 5] = 0.06  78.07
y[5, 15, 6, 24, 22, 10, 18, 5] = 0.02  79.75
y[5, 17, 29, 20, 15, 18, 5] = 0.05  73.73
y[5, 15, 6, 24, 22, 27, 8, 5] = 0.09  96.39
y[5, 29, 28, 19, 7, 9, 11, 24, 6, 10, 5] = 0.11  114.17
y[5, 29, 28, 19, 7, 9, 11, 30, 5] = 0.28  115.92
y[5, 16, 28, 19, 7, 9, 30, 24, 6, 5] = 0.11  114.39
y[5, 17, 29, 28, 19, 7, 9, 15, 5] = 0.17  105.0
y[5, 20, 7, 9, 11, 30, 24, 6, 10, 5] = 0.08  90.96
y[5, 13, 8, 25, 27, 10, 12, 5] = 0.32  85.05
true  34
-------------Iter CG 10-------------
LP Objective Value = 451.05,   sum y = 4.72
x[1, 2, 5, 1],  93.16
y[5, 6, 24, 30, 11, 9, 20, 16, 5] = 0.06  91.25
y[5, 14, 8, 25, 13, 5] = 0.06  69.96
y[5, 23, 21, 14, 5] = 0.67  39.3
y[5, 16, 28, 19, 9, 11, 30, 24, 5] = 0.28  112.42
y[5, 13, 25, 27, 22, 12, 5] = 0.22  90.2
y[5, 26, 6, 22, 8, 13, 5] = 0.22  83.62
y[5, 23, 21, 12, 18, 5] = 0.06  50.87
y[5, 16, 17, 20, 15, 26, 18, 5] = 0.39  69.09
y[5, 17, 28, 19, 29, 20, 18, 5] = 0.06  97.66
y[5, 29, 7, 11, 30, 24, 6, 10, 5] = 0.22  93.95
y[5, 13, 25, 27, 22, 10, 5] = 0.06  90.21
y[5, 23, 5] = 0.28  16.0
y[5, 12, 6, 22, 27, 8, 13, 5] = 0.06  93.78
y[5, 26, 24, 30, 11, 9, 7, 20, 5] = 0.28  89.67
y[5, 8, 25, 27, 22, 6, 10, 5] = 0.28  92.46
y[5, 18, 22, 24, 6, 26, 5] = 0.11  78.07
y[5, 15, 6, 24, 22, 10, 18, 5] = 0.06  79.75
y[5, 17, 29, 20, 15, 18, 5] = 0.06  73.73
y[5, 16, 17, 29, 28, 19, 7, 15, 5] = 0.28  96.94
y[5, 20, 29, 28, 19, 9, 11, 30, 5] = 0.17  114.67
y[5, 14, 21, 12, 18, 5] = 0.28  43.12
y[5, 17, 29, 28, 19, 7, 9, 15, 5] = 0.22  105.0
y[5, 13, 8, 25, 27, 10, 12, 5] = 0.39  85.05
true  5
-------------Iter CG 11-------------
LP Objective Value = 450.89,   sum y = 4.78
x[1, 2, 5, 1],  93.16
y[5, 14, 8, 25, 13, 5] = 0.08  69.96
y[5, 23, 21, 14, 5] = 0.65  39.3
y[5, 16, 28, 19, 9, 11, 30, 24, 5] = 0.29  112.42
y[5, 13, 25, 27, 22, 12, 5] = 0.16  90.2
y[5, 26, 6, 22, 8, 13, 5] = 0.16  83.62
y[5, 16, 17, 20, 15, 26, 18, 5] = 0.37  69.09
y[5, 29, 7, 11, 30, 24, 6, 10, 5] = 0.18  93.95
y[5, 13, 25, 27, 22, 10, 5] = 0.08  90.21
y[5, 23, 5] = 0.35  16.0
y[5, 12, 6, 22, 27, 8, 13, 5] = 0.08  93.78
y[5, 26, 24, 30, 11, 9, 7, 20, 5] = 0.29  89.67
y[5, 8, 25, 27, 22, 6, 10, 5] = 0.33  92.46
y[5, 18, 22, 24, 6, 26, 5] = 0.18  78.07
y[5, 12, 10, 6, 24, 30, 11, 9, 20, 5] = 0.06  88.87
y[5, 17, 29, 20, 15, 18, 5] = 0.1  73.73
y[5, 16, 17, 29, 28, 19, 7, 15, 5] = 0.35  96.94
y[5, 20, 29, 28, 19, 9, 11, 30, 5] = 0.18  114.67
y[5, 14, 21, 12, 18, 5] = 0.27  43.12
y[5, 17, 29, 28, 19, 7, 9, 15, 5] = 0.18  105.0
y[5, 21, 13, 18, 12, 5] = 0.08  56.49
y[5, 13, 8, 25, 27, 10, 12, 5] = 0.35  85.05
true  5
-------------Iter CG 12-------------
LP Objective Value = 450.61,   sum y = 4.75
x[1, 2, 5, 1],  93.16
y[5, 14, 8, 25, 13, 5] = 0.22  69.96
y[5, 23, 21, 14, 5] = 0.65  39.3
y[5, 16, 28, 19, 9, 11, 30, 24, 5] = 0.26  112.42
y[5, 13, 25, 27, 22, 12, 5] = 0.22  90.2
y[5, 16, 17, 29, 20, 18, 12, 5] = 0.08  72.19
y[5, 13, 8, 27, 22, 26, 5] = 0.03  93.52
y[5, 16, 17, 20, 15, 26, 18, 5] = 0.39  69.09
y[5, 29, 7, 11, 30, 24, 6, 10, 5] = 0.18  93.95
y[5, 23, 5] = 0.35  16.0
y[5, 12, 6, 22, 27, 8, 13, 5] = 0.14  93.78
y[5, 26, 24, 30, 11, 9, 7, 20, 5] = 0.29  89.67
y[5, 8, 25, 27, 22, 6, 10, 5] = 0.38  92.46
y[5, 18, 22, 24, 6, 26, 5] = 0.19  78.07
y[5, 12, 10, 6, 24, 30, 11, 9, 20, 5] = 0.04  88.87
y[5, 15, 6, 24, 22, 27, 8, 5] = 0.05  96.39
y[5, 12, 18, 10, 13, 21, 5] = 0.22  57.57
y[5, 16, 17, 29, 28, 19, 7, 15, 5] = 0.27  96.94
y[5, 20, 29, 28, 19, 9, 11, 30, 5] = 0.21  114.67
y[5, 14, 21, 12, 18, 5] = 0.13  43.12
y[5, 15, 9, 11, 30, 6, 26, 5] = 0.03  87.14
y[5, 17, 29, 28, 19, 7, 9, 15, 5] = 0.18  105.0
y[5, 13, 8, 25, 27, 10, 12, 5] = 0.19  85.05
y[5, 17, 29, 28, 19, 7, 26, 15, 5] = 0.08  102.46
true  2
-------------Iter CG 13-------------
LP Objective Value = 450.56,   sum y = 4.74
x[1, 2, 5, 1],  93.16
y[5, 14, 8, 25, 13, 5] = 0.23  69.96
y[5, 23, 21, 14, 5] = 0.67  39.3
y[5, 16, 28, 19, 9, 11, 30, 24, 5] = 0.24  112.42
y[5, 13, 25, 27, 22, 12, 5] = 0.23  90.2
y[5, 16, 17, 20, 15, 26, 18, 5] = 0.39  69.09
y[5, 17, 28, 19, 29, 20, 18, 5] = 0.1  97.66
y[5, 29, 7, 11, 30, 24, 6, 10, 5] = 0.1  93.95
y[5, 23, 5] = 0.33  16.0
y[5, 12, 6, 22, 27, 8, 13, 5] = 0.13  93.78
y[5, 26, 24, 30, 11, 9, 7, 20, 5] = 0.24  89.67
y[5, 8, 25, 27, 22, 6, 10, 5] = 0.36  92.46
y[5, 18, 22, 24, 6, 26, 5] = 0.19  78.07
y[5, 12, 10, 6, 24, 30, 11, 9, 20, 5] = 0.13  88.87
y[5, 15, 6, 24, 22, 27, 8, 5] = 0.1  96.39
y[5, 12, 18, 10, 13, 21, 5] = 0.23  57.57
y[5, 29, 7, 9, 11, 30, 26, 5] = 0.14  91.54
y[5, 16, 17, 29, 28, 19, 7, 15, 5] = 0.37  96.94
y[5, 20, 29, 28, 19, 9, 11, 30, 5] = 0.14  114.67
y[5, 14, 21, 12, 18, 5] = 0.1  43.12
y[5, 17, 29, 28, 19, 7, 9, 15, 5] = 0.1  105.0
y[5, 13, 8, 25, 27, 10, 12, 5] = 0.19  85.05
y[5, 17, 29, 28, 19, 7, 26, 15, 5] = 0.04  102.46
true  4
-------------Iter CG 14-------------
LP Objective Value = 450.56,   sum y = 4.74
x[1, 2, 5, 1],  93.16
y[5, 14, 8, 25, 13, 5] = 0.23  69.96
y[5, 23, 21, 14, 5] = 0.67  39.3
y[5, 16, 28, 19, 9, 11, 30, 24, 5] = 0.24  112.42
y[5, 13, 25, 27, 22, 12, 5] = 0.23  90.2
y[5, 16, 17, 20, 15, 26, 18, 5] = 0.39  69.09
y[5, 17, 28, 19, 29, 20, 18, 5] = 0.1  97.66
y[5, 29, 7, 11, 30, 24, 6, 10, 5] = 0.1  93.95
y[5, 23, 5] = 0.33  16.0
y[5, 12, 6, 22, 27, 8, 13, 5] = 0.13  93.78
y[5, 26, 24, 30, 11, 9, 7, 20, 5] = 0.24  89.67
y[5, 8, 25, 27, 22, 6, 10, 5] = 0.36  92.46
y[5, 18, 22, 24, 6, 26, 5] = 0.19  78.07
y[5, 12, 10, 6, 24, 30, 11, 9, 20, 5] = 0.13  88.87
y[5, 15, 6, 24, 22, 27, 8, 5] = 0.1  96.39
y[5, 12, 18, 10, 13, 21, 5] = 0.23  57.57
y[5, 29, 7, 9, 11, 30, 26, 5] = 0.14  91.54
y[5, 16, 17, 29, 28, 19, 7, 15, 5] = 0.37  96.94
y[5, 20, 29, 28, 19, 9, 11, 30, 5] = 0.14  114.67
y[5, 14, 21, 12, 18, 5] = 0.1  43.12
y[5, 17, 29, 28, 19, 7, 9, 15, 5] = 0.1  105.0
y[5, 13, 8, 25, 27, 10, 12, 5] = 0.19  85.05
y[5, 17, 29, 28, 19, 7, 26, 15, 5] = 0.04  102.46
false  0
MILP Result:
459.98
[1, 2, 5, 1]    93.16
[5, 14, 23, 5]   33.58
[5, 26, 24, 30, 11, 9, 20, 5]   87.58
[5, 16, 17, 29, 28, 19, 7, 15, 5]   96.94
[5, 8, 25, 27, 22, 6, 5]   91.16
[5, 12, 18, 10, 13, 21, 5]   57.57
Branching stack contains now 1 nodes, current upper bound is 459.98

================Iteration 1 of B&P for SP1 [1, 2, 5, 1] parkings[5]================
Display selected node 0, parent node 0: from 1 nodes
- Branching node in depth: 0

  Branching node with fractional score: 4.4
  Branching node with cg lower bound: 450.56
  Branching node with LB reduction: Inf
  Branching node with FS reduction: Inf
  Total reduction: -0.0
Route(36.4049790107182, [2, 6, 4], 19, 5, Int64[], [0, 0, 0, 0, 0, 1, 0, 0, 0, 0, 0, 0, 0, 0, 0, 0, 0, 0, 0, 0, 0, 0, 0, 0, 0, 0, 0, 0, 0, 0], [0, 0, 0, 1, 0], [0, 1, 0, 0, 0])  0.3285714285714285
Route(72.63712634521085, [5, 14, 22, 10, 5], 7378, 25, Int64[], [0, 0, 0, 0, 0, 0, 0, 0, 0, 1, 0, 0, 0, 1, 0, 0, 0, 0, 0, 0, 0, 1, 0, 0, 0, 0, 0, 0, 0, 0], [0, 0, 0, 0, 1], [0, 0, 0, 0, 1])  0.6714285714285715
Route(98.93283735751305, [5, 16, 29, 7, 9, 24, 11, 5], 8591, 41, Int64[], [0, 0, 0, 0, 0, 0, 1, 0, 1, 0, 1, 0, 0, 0, 0, 1, 0, 0, 0, 0, 0, 0, 0, 1, 0, 0, 0, 0, 1, 0], [0, 0, 0, 0, 1], [0, 0, 0, 0, 1])  0.1
Route(89.06903086128682, [5, 12, 29, 7, 9, 15, 5], 8700, 31, Int64[], [0, 0, 0, 0, 0, 0, 1, 0, 1, 0, 0, 1, 0, 0, 1, 0, 0, 0, 0, 0, 0, 0, 0, 0, 0, 0, 0, 0, 1, 0], [0, 0, 0, 0, 1], [0, 0, 0, 0, 1])  0.09999999999999995
Route(113.41670378347719, [5, 17, 28, 19, 30, 6, 10, 5], 8992, 43, Int64[], [0, 0, 0, 0, 0, 1, 0, 0, 0, 1, 0, 0, 0, 0, 0, 0, 1, 0, 1, 0, 0, 0, 0, 0, 0, 0, 0, 1, 0, 1], [0, 0, 0, 0, 1], [0, 0, 0, 0, 1])  0.12857142857142853
Route(113.44911098292226, [5, 16, 28, 19, 11, 30, 6, 26, 5], 9314, 45, Int64[], [0, 0, 0, 0, 0, 1, 0, 0, 0, 0, 1, 0, 0, 0, 0, 1, 0, 0, 1, 0, 0, 0, 0, 0, 0, 1, 0, 1, 0, 1], [0, 0, 0, 0, 1], [0, 0, 0, 0, 1])  0.38571428571428573
Route(113.53406801629585, [5, 17, 28, 9, 11, 26, 16, 5], 9527, 45, Int64[], [0, 0, 0, 0, 0, 0, 0, 0, 1, 0, 1, 0, 0, 0, 0, 1, 1, 0, 0, 0, 0, 0, 0, 0, 0, 1, 0, 1, 0, 0], [0, 0, 0, 0, 1], [0, 0, 0, 0, 1])  0.24285714285714283
Route(92.31885493046613, [5, 16, 17, 20, 7, 9, 11, 24, 10, 12, 5], 9759, 50, Int64[], [0, 0, 0, 0, 0, 0, 1, 0, 1, 1, 1, 1, 0, 0, 0, 1, 1, 0, 0, 1, 0, 0, 0, 1, 0, 0, 0, 0, 0, 0], [0, 0, 0, 0, 1], [0, 0, 0, 0, 1])  0.10000000000000003
Route(108.35270639629944, [5, 16, 28, 9, 11, 24, 26, 5], 9767, 40, Int64[], [0, 0, 0, 0, 0, 0, 0, 0, 1, 0, 1, 0, 0, 0, 0, 1, 0, 0, 0, 0, 0, 0, 0, 1, 0, 1, 0, 1, 0, 0], [0, 0, 0, 0, 1], [0, 0, 0, 0, 1])  0.2285714285714285
Route(115.58399749418864, [5, 16, 28, 9, 11, 24, 6, 26, 20, 5], 9771, 47, Int64[], [0, 0, 0, 0, 0, 1, 0, 0, 1, 0, 1, 0, 0, 0, 0, 1, 0, 0, 0, 1, 0, 0, 0, 1, 0, 1, 0, 1, 0, 0], [0, 0, 0, 0, 1], [0, 0, 0, 0, 1])  0.18571428571428578
Route(91.19662853986421, [5, 17, 7, 9, 11, 30, 5], 9780, 45, Int64[], [0, 0, 0, 0, 0, 0, 1, 0, 1, 0, 1, 0, 0, 0, 0, 0, 1, 0, 0, 0, 0, 0, 0, 0, 0, 0, 0, 0, 0, 1], [0, 0, 0, 0, 1], [0, 0, 0, 0, 1])  0.24285714285714288
Route(87.21892078225264, [5, 16, 20, 9, 11, 24, 18, 5], 9849, 44, Int64[], [0, 0, 0, 0, 0, 0, 0, 0, 1, 0, 1, 0, 0, 0, 0, 1, 0, 1, 0, 1, 0, 0, 0, 1, 0, 0, 0, 0, 0, 0], [0, 0, 0, 0, 1], [0, 0, 0, 0, 1])  0.18571428571428572
Route(91.70232014717625, [5, 16, 20, 9, 11, 24, 6, 21, 5], 9853, 49, Int64[], [0, 0, 0, 0, 0, 1, 0, 0, 1, 0, 1, 0, 0, 0, 0, 1, 0, 0, 0, 1, 1, 0, 0, 1, 0, 0, 0, 0, 0, 0], [0, 0, 0, 0, 1], [0, 0, 0, 0, 1])  0.042857142857142844
Route(90.47808093757833, [5, 16, 20, 9, 11, 24, 26, 14, 5], 9855, 49, Int64[], [0, 0, 0, 0, 0, 0, 0, 0, 1, 0, 1, 0, 0, 1, 0, 1, 0, 0, 0, 1, 0, 0, 0, 1, 0, 1, 0, 0, 0, 0], [0, 0, 0, 0, 1], [0, 0, 0, 0, 1])  0.2285714285714286
Route(88.160323099785, [5, 15, 26, 24, 11, 9, 20, 16, 5], 9878, 45, Int64[], [0, 0, 0, 0, 0, 0, 0, 0, 1, 0, 1, 0, 0, 0, 1, 1, 0, 0, 0, 1, 0, 0, 0, 1, 0, 1, 0, 0, 0, 0], [0, 0, 0, 0, 1], [0, 0, 0, 0, 1])  0.10000000000000009
Route(89.69820099081613, [5, 15, 26, 24, 11, 9, 7, 16, 5], 9880, 44, Int64[], [0, 0, 0, 0, 0, 0, 1, 0, 1, 0, 1, 0, 0, 0, 1, 1, 0, 0, 0, 0, 0, 0, 0, 1, 0, 1, 0, 0, 0, 0], [0, 0, 0, 0, 1], [0, 0, 0, 0, 1])  0.3714285714285714
Route(89.6746477591596, [5, 26, 24, 30, 11, 9, 7, 20, 5], 9917, 50, Int64[], [0, 0, 0, 0, 0, 0, 1, 0, 1, 0, 1, 0, 0, 0, 0, 0, 0, 0, 0, 1, 0, 0, 0, 1, 0, 1, 0, 0, 0, 1], [0, 0, 0, 0, 1], [0, 0, 0, 0, 1])  0.1
Route(99.36334196580621, [5, 26, 9, 11, 24, 25, 5], 9949, 47, Int64[], [0, 0, 0, 0, 0, 0, 0, 0, 1, 0, 1, 0, 0, 0, 0, 0, 0, 0, 0, 0, 0, 0, 0, 1, 1, 1, 0, 0, 0, 0], [0, 0, 0, 0, 1], [0, 0, 0, 0, 1])  0.3571428571428571
Route(84.18913602913611, [5, 26, 9, 11, 24, 18, 5], 9953, 46, Int64[], [0, 0, 0, 0, 0, 0, 0, 0, 1, 0, 1, 0, 0, 0, 0, 0, 0, 1, 0, 0, 0, 0, 0, 1, 0, 1, 0, 0, 0, 0], [0, 0, 0, 0, 1], [0, 0, 0, 0, 1])  0.14285714285714282
Route(114.79904495141139, [5, 20, 15, 26, 24, 11, 9, 28, 5], 9967, 45, Int64[], [0, 0, 0, 0, 0, 0, 0, 0, 1, 0, 1, 0, 0, 0, 1, 0, 0, 0, 0, 1, 0, 0, 0, 1, 0, 1, 0, 1, 0, 0], [0, 0, 0, 0, 1], [0, 0, 0, 0, 1])  0.1285714285714285
Route(122.72411199177432, [5, 20, 15, 26, 24, 11, 9, 7, 28, 19, 5], 9971, 49, Int64[], [0, 0, 0, 0, 0, 0, 1, 0, 1, 0, 1, 0, 0, 0, 1, 0, 0, 0, 1, 1, 0, 0, 0, 1, 0, 1, 0, 1, 0, 0], [0, 0, 0, 0, 1], [0, 0, 0, 0, 1])  0.2285714285714285
Route(114.95469475864134, [5, 20, 15, 26, 24, 11, 9, 28, 16, 5], 9973, 49, Int64[], [0, 0, 0, 0, 0, 0, 0, 0, 1, 0, 1, 0, 0, 0, 1, 1, 0, 0, 0, 1, 0, 0, 0, 1, 0, 1, 0, 1, 0, 0], [0, 0, 0, 0, 1], [0, 0, 0, 0, 1])  0.1428571428571429
Branch on total number of 2e routes:  4.0, 5.0

Solve a child node 1
   # Total number of 2e routes cannot UNDER:   5  

-------------Iter CG 1-------------
LP Objective Value = 450.99,   sum y = 5.0
x[1, 2, 5, 1],  93.16
y[5, 6, 24, 30, 11, 9, 20, 16, 5] = 0.11  91.25
y[5, 6, 24, 30, 11, 29, 20, 5] = 0.19  93.15
y[5, 14, 8, 25, 13, 5] = 0.25  69.96
y[5, 23, 21, 14, 5] = 0.28  39.3
y[5, 16, 28, 19, 9, 11, 30, 24, 5] = 0.25  112.42
y[5, 13, 25, 27, 22, 12, 5] = 0.14  90.2
y[5, 13, 8, 27, 22, 26, 5] = 0.25  93.52
y[5, 16, 17, 20, 15, 26, 18, 5] = 0.28  69.09
y[5, 29, 9, 30, 24, 6, 5] = 0.03  92.63
y[5, 13, 25, 27, 22, 10, 5] = 0.11  90.21
y[5, 23, 5] = 0.72  16.0
y[5, 26, 24, 30, 11, 9, 7, 20, 5] = 0.25  89.67
y[5, 8, 25, 27, 22, 6, 10, 5] = 0.5  92.46
y[5, 12, 10, 6, 24, 30, 11, 9, 20, 5] = 0.14  88.87
y[5, 12, 18, 10, 13, 21, 5] = 0.25  57.57
y[5, 29, 7, 9, 11, 30, 26, 5] = 0.03  91.54
y[5, 20, 29, 28, 19, 9, 11, 24, 6, 5] = 0.03  111.63
y[5, 16, 17, 29, 28, 19, 7, 15, 5] = 0.36  96.94
y[5, 14, 21, 12, 18, 5] = 0.47  43.12
y[5, 17, 29, 28, 19, 7, 9, 15, 5] = 0.17  105.0
y[5, 17, 29, 28, 19, 7, 26, 15, 5] = 0.19  102.46
false  0

Solve a child node 2
   # Total number of 2e routes cannot EXCEED:   4  

-------------Iter CG 1-------------
No feasible solution for LMP

================Iteration 2 of B&P for SP1 [1, 2, 5, 1] parkings[5]================
Display selected node 1, parent node 0: from 1 nodes
- Branching node in depth: 1
   # Total number of 2e routes cannot UNDER:   5  

  Branching node with fractional score: 4.56
  Branching node with cg lower bound: 450.99
  Branching node with LB reduction: 0.43
  Branching node with FS reduction: 0.16
  Total reduction: 0.58
Route(36.4049790107182, [2, 6, 4], 19, 5, Int64[], [0, 0, 0, 0, 0, 1, 0, 0, 0, 0, 0, 0, 0, 0, 0, 0, 0, 0, 0, 0, 0, 0, 0, 0, 0, 0, 0, 0, 0, 0], [0, 0, 0, 1, 0], [0, 1, 0, 0, 0])  0.7222222222222223
Route(93.6503072867382, [5, 25, 22, 13, 10, 12, 5], 6464, 46, Int64[], [0, 0, 0, 0, 0, 0, 0, 0, 0, 1, 0, 1, 1, 0, 0, 0, 0, 0, 0, 0, 0, 1, 0, 0, 1, 0, 0, 0, 0, 0], [0, 0, 0, 0, 1], [0, 0, 0, 0, 1])  0.11111111111111116
Route(72.63712634521085, [5, 14, 22, 10, 5], 7378, 25, Int64[], [0, 0, 0, 0, 0, 0, 0, 0, 0, 1, 0, 0, 0, 1, 0, 0, 0, 0, 0, 0, 0, 1, 0, 0, 0, 0, 0, 0, 0, 0], [0, 0, 0, 0, 1], [0, 0, 0, 0, 1])  0.2777777777777777
Route(89.06903086128682, [5, 12, 29, 7, 9, 15, 5], 8700, 31, Int64[], [0, 0, 0, 0, 0, 0, 1, 0, 1, 0, 0, 1, 0, 0, 1, 0, 0, 0, 0, 0, 0, 0, 0, 0, 0, 0, 0, 0, 1, 0], [0, 0, 0, 0, 1], [0, 0, 0, 0, 1])  0.4722222222222223
Route(113.44911098292226, [5, 16, 28, 19, 11, 30, 6, 26, 5], 9314, 45, Int64[], [0, 0, 0, 0, 0, 1, 0, 0, 0, 0, 1, 0, 0, 0, 0, 1, 0, 0, 1, 0, 0, 0, 0, 0, 0, 1, 0, 1, 0, 1], [0, 0, 0, 0, 1], [0, 0, 0, 0, 1])  0.27777777777777773
Route(113.53406801629585, [5, 17, 28, 9, 11, 26, 16, 5], 9527, 45, Int64[], [0, 0, 0, 0, 0, 0, 0, 0, 1, 0, 1, 0, 0, 0, 0, 1, 1, 0, 0, 0, 0, 0, 0, 0, 0, 1, 0, 1, 0, 0], [0, 0, 0, 0, 1], [0, 0, 0, 0, 1])  0.25
Route(92.31885493046613, [5, 16, 17, 20, 7, 9, 11, 24, 10, 12, 5], 9759, 50, Int64[], [0, 0, 0, 0, 0, 0, 1, 0, 1, 1, 1, 1, 0, 0, 0, 1, 1, 0, 0, 1, 0, 0, 0, 1, 0, 0, 0, 0, 0, 0], [0, 0, 0, 0, 1], [0, 0, 0, 0, 1])  0.16666666666666669
Route(108.35270639629944, [5, 16, 28, 9, 11, 24, 26, 5], 9767, 40, Int64[], [0, 0, 0, 0, 0, 0, 0, 0, 1, 0, 1, 0, 0, 0, 0, 1, 0, 0, 0, 0, 0, 0, 0, 1, 0, 1, 0, 1, 0, 0], [0, 0, 0, 0, 1], [0, 0, 0, 0, 1])  0.25
Route(91.19662853986421, [5, 17, 7, 9, 11, 30, 5], 9780, 45, Int64[], [0, 0, 0, 0, 0, 0, 1, 0, 1, 0, 1, 0, 0, 0, 0, 0, 1, 0, 0, 0, 0, 0, 0, 0, 0, 0, 0, 0, 0, 1], [0, 0, 0, 0, 1], [0, 0, 0, 0, 1])  0.25
Route(91.70232014717625, [5, 16, 20, 9, 11, 24, 6, 21, 5], 9853, 49, Int64[], [0, 0, 0, 0, 0, 1, 0, 0, 1, 0, 1, 0, 0, 0, 0, 1, 0, 0, 0, 1, 1, 0, 0, 1, 0, 0, 0, 0, 0, 0], [0, 0, 0, 0, 1], [0, 0, 0, 0, 1])  0.19444444444444453
Route(90.47808093757833, [5, 16, 20, 9, 11, 24, 26, 14, 5], 9855, 49, Int64[], [0, 0, 0, 0, 0, 0, 0, 0, 1, 0, 1, 0, 0, 1, 0, 1, 0, 0, 0, 1, 0, 0, 0, 1, 0, 1, 0, 0, 0, 0], [0, 0, 0, 0, 1], [0, 0, 0, 0, 1])  0.13888888888888884
Route(89.69820099081613, [5, 15, 26, 24, 11, 9, 7, 16, 5], 9880, 44, Int64[], [0, 0, 0, 0, 0, 0, 1, 0, 1, 0, 1, 0, 0, 0, 1, 1, 0, 0, 0, 0, 0, 0, 0, 1, 0, 1, 0, 0, 0, 0], [0, 0, 0, 0, 1], [0, 0, 0, 0, 1])  0.36111111111111105
Route(112.27417607480504, [5, 26, 24, 11, 9, 7, 29, 28, 5], 9928, 49, Int64[], [0, 0, 0, 0, 0, 0, 1, 0, 1, 0, 1, 0, 0, 0, 0, 0, 0, 0, 0, 0, 0, 0, 0, 1, 0, 1, 0, 1, 1, 0], [0, 0, 0, 0, 1], [0, 0, 0, 0, 1])  0.1944444444444443
Route(99.36334196580621, [5, 26, 9, 11, 24, 25, 5], 9949, 47, Int64[], [0, 0, 0, 0, 0, 0, 0, 0, 1, 0, 1, 0, 0, 0, 0, 0, 0, 0, 0, 0, 0, 0, 0, 1, 1, 1, 0, 0, 0, 0], [0, 0, 0, 0, 1], [0, 0, 0, 0, 1])  0.5
Route(112.09211844361683, [5, 24, 11, 9, 7, 28, 29, 5], 9962, 41, Int64[], [0, 0, 0, 0, 0, 0, 1, 0, 1, 0, 1, 0, 0, 0, 0, 0, 0, 0, 0, 0, 0, 0, 0, 1, 0, 0, 0, 1, 1, 0], [0, 0, 0, 0, 1], [0, 0, 0, 0, 1])  0.11111111111111127
Route(84.64636244043723, [5, 20, 29, 28, 17, 16, 5], 9964, 37, Int64[], [0, 0, 0, 0, 0, 0, 0, 0, 0, 0, 0, 0, 0, 0, 0, 1, 1, 0, 0, 1, 0, 0, 0, 0, 0, 0, 0, 1, 1, 0], [0, 0, 0, 0, 1], [0, 0, 0, 0, 1])  0.027777777777777762
Route(114.79904495141139, [5, 20, 15, 26, 24, 11, 9, 28, 5], 9967, 45, Int64[], [0, 0, 0, 0, 0, 0, 0, 0, 1, 0, 1, 0, 0, 0, 1, 0, 0, 0, 0, 1, 0, 0, 0, 1, 0, 1, 0, 1, 0, 0], [0, 0, 0, 0, 1], [0, 0, 0, 0, 1])  0.13888888888888887
Route(91.8472077788754, [5, 20, 15, 26, 24, 11, 9, 7, 5], 9969, 42, Int64[], [0, 0, 0, 0, 0, 0, 1, 0, 1, 0, 1, 0, 0, 0, 1, 0, 0, 0, 0, 1, 0, 0, 0, 1, 0, 1, 0, 0, 0, 0], [0, 0, 0, 0, 1], [0, 0, 0, 0, 1])  0.25
Route(122.72411199177432, [5, 20, 15, 26, 24, 11, 9, 7, 28, 19, 5], 9971, 49, Int64[], [0, 0, 0, 0, 0, 0, 1, 0, 1, 0, 1, 0, 0, 0, 1, 0, 0, 0, 1, 1, 0, 0, 0, 1, 0, 1, 0, 1, 0, 0], [0, 0, 0, 0, 1], [0, 0, 0, 0, 1])  0.25
Route(114.95469475864134, [5, 20, 15, 26, 24, 11, 9, 28, 16, 5], 9973, 49, Int64[], [0, 0, 0, 0, 0, 0, 0, 0, 1, 0, 1, 0, 0, 0, 1, 1, 0, 0, 0, 1, 0, 0, 0, 1, 0, 1, 0, 1, 0, 0], [0, 0, 0, 0, 1], [0, 0, 0, 0, 1])  0.027777777777777735
Route(87.36920849288464, [5, 20, 15, 9, 11, 24, 26, 5], 9976, 41, Int64[], [0, 0, 0, 0, 0, 0, 0, 0, 1, 0, 1, 0, 0, 0, 1, 0, 0, 0, 0, 1, 0, 0, 0, 1, 0, 1, 0, 0, 0, 0], [0, 0, 0, 0, 1], [0, 0, 0, 0, 1])  0.02777777777777779

Solve a child node 3
   + Customers MUST      served together:  (9, 11)  
   # Total number of 2e routes cannot UNDER:   5  

-------------Iter CG 1-------------
LP Objective Value = 451.1,   sum y = 5.0
x[1, 2, 5, 1],  93.16
y[5, 6, 24, 30, 11, 9, 20, 16, 5] = 0.36  91.25
y[5, 14, 8, 25, 13, 5] = 0.24  69.96
y[5, 23, 21, 14, 5] = 0.29  39.3
y[5, 16, 28, 19, 9, 11, 30, 24, 5] = 0.21  112.42
y[5, 13, 25, 27, 22, 12, 5] = 0.12  90.2
y[5, 13, 8, 27, 22, 26, 5] = 0.24  93.52
y[5, 16, 17, 20, 15, 26, 18, 5] = 0.05  69.09
y[5, 13, 25, 27, 22, 10, 5] = 0.12  90.21
y[5, 23, 5] = 0.71  16.0
y[5, 26, 24, 30, 11, 9, 7, 20, 5] = 0.21  89.67
y[5, 8, 25, 27, 22, 6, 10, 5] = 0.48  92.46
y[5, 18, 22, 24, 6, 26, 5] = 0.05  78.07
y[5, 12, 10, 6, 24, 30, 11, 9, 20, 5] = 0.12  88.87
y[5, 17, 29, 20, 15, 18, 5] = 0.19  73.73
y[5, 26, 24, 30, 11, 9, 20, 5] = 0.05  87.58
y[5, 12, 18, 10, 13, 21, 5] = 0.24  57.57
y[5, 29, 7, 9, 11, 30, 26, 5] = 0.02  91.54
y[5, 16, 17, 29, 28, 19, 7, 15, 5] = 0.38  96.94
y[5, 20, 29, 28, 19, 9, 11, 30, 5] = 0.02  114.67
y[5, 14, 21, 12, 18, 5] = 0.48  43.12
y[5, 13, 8, 25, 27, 10, 12, 5] = 0.05  85.05
y[5, 17, 29, 28, 19, 7, 26, 15, 5] = 0.38  102.46
false  0

Solve a child node 4
   + Customers FORBIDDEN served together:  (9, 11)  
   # Total number of 2e routes cannot UNDER:   5  

-------------Iter CG 1-------------
LP Objective Value = 461.31,   sum y = 5.0
x[1, 2, 5, 1],  93.16
y[5, 16, 29, 7, 9, 30, 26, 5] = 0.24  93.1
y[5, 6, 24, 30, 11, 29, 20, 5] = 0.21  93.15
y[5, 14, 8, 25, 13, 5] = 0.22  69.96
y[5, 20, 28, 19, 11, 30, 6, 26, 15, 5] = 0.07  117.4
y[5, 23, 21, 14, 5] = 0.27  39.3
y[5, 15, 26, 6, 24, 11, 29, 20, 5] = 0.05  90.91
y[5, 16, 28, 19, 11, 30, 26, 15, 20, 5] = 0.17  117.99
y[5, 16, 20, 11, 24, 22, 27, 8, 5] = 0.08  110.48
y[5, 13, 25, 27, 22, 12, 5] = 0.09  90.2
y[5, 18, 6, 24, 30, 11, 5] = 0.13  84.23
y[5, 16, 17, 20, 11, 24, 22, 5] = 0.18  95.36
y[5, 13, 8, 27, 22, 26, 5] = 0.15  93.52
y[5, 16, 17, 20, 15, 26, 18, 5] = 0.13  69.09
y[5, 13, 25, 27, 22, 10, 5] = 0.14  90.21
y[5, 16, 28, 19, 9, 30, 24, 6, 10, 5] = 0.09  113.86
y[5, 23, 5] = 0.73  16.0
y[5, 8, 25, 27, 22, 6, 10, 5] = 0.37  92.46
y[5, 17, 28, 19, 7, 9, 24, 26, 5] = 0.17  109.01
y[5, 12, 18, 10, 13, 21, 5] = 0.22  57.57
y[5, 16, 17, 20, 11, 26, 18, 5] = 0.02  85.66
y[5, 14, 21, 12, 18, 5] = 0.5  43.12
y[5, 17, 29, 28, 19, 7, 9, 15, 5] = 0.5  105.0
y[5, 13, 8, 25, 27, 10, 12, 5] = 0.18  85.05
y[5, 15, 6, 24, 30, 11, 7, 20, 16, 5] = 0.09  95.33
false  0
Exceed Upper Bound, prune

================Iteration 3 of B&P for SP1 [1, 2, 5, 1] parkings[5]================
Display selected node 3, parent node 1: from 1 nodes
- Branching node in depth: 2
   + Customers MUST      served together:  (9, 11)  
   # Total number of 2e routes cannot UNDER:   5  

  Branching node with fractional score: 4.57
  Branching node with cg lower bound: 451.1
  Branching node with LB reduction: 0.06
  Branching node with FS reduction: 0.01
  Total reduction: 0.08
Route(36.4049790107182, [2, 6, 4], 19, 5, Int64[], [0, 0, 0, 0, 0, 1, 0, 0, 0, 0, 0, 0, 0, 0, 0, 0, 0, 0, 0, 0, 0, 0, 0, 0, 0, 0, 0, 0, 0, 0], [0, 0, 0, 1, 0], [0, 1, 0, 0, 0])  0.7142857142857144
Route(93.6503072867382, [5, 25, 22, 13, 10, 12, 5], 6464, 46, Int64[], [0, 0, 0, 0, 0, 0, 0, 0, 0, 1, 0, 1, 1, 0, 0, 0, 0, 0, 0, 0, 0, 1, 0, 0, 1, 0, 0, 0, 0, 0], [0, 0, 0, 0, 1], [0, 0, 0, 0, 1])  0.1190476190476191
Route(72.63712634521085, [5, 14, 22, 10, 5], 7378, 25, Int64[], [0, 0, 0, 0, 0, 0, 0, 0, 0, 1, 0, 0, 0, 1, 0, 0, 0, 0, 0, 0, 0, 1, 0, 0, 0, 0, 0, 0, 0, 0], [0, 0, 0, 0, 1], [0, 0, 0, 0, 1])  0.28571428571428564
Route(89.06903086128682, [5, 12, 29, 7, 9, 15, 5], 8700, 31, Int64[], [0, 0, 0, 0, 0, 0, 1, 0, 1, 0, 0, 1, 0, 0, 1, 0, 0, 0, 0, 0, 0, 0, 0, 0, 0, 0, 0, 0, 1, 0], [0, 0, 0, 0, 1], [0, 0, 0, 0, 1])  0.47619047619047633
Route(59.294090940243265, [5, 14, 12, 18, 17, 5], 9094, 43, Int64[], [0, 0, 0, 0, 0, 0, 0, 0, 0, 0, 0, 1, 0, 1, 0, 0, 1, 1, 0, 0, 0, 0, 0, 0, 0, 0, 0, 0, 0, 0], [0, 0, 0, 0, 1], [0, 0, 0, 0, 1])  0.19047619047619052
Route(113.44911098292226, [5, 16, 28, 19, 11, 30, 6, 26, 5], 9314, 45, Int64[], [0, 0, 0, 0, 0, 1, 0, 0, 0, 0, 1, 0, 0, 0, 0, 1, 0, 0, 1, 0, 0, 0, 0, 0, 0, 1, 0, 1, 0, 1], [0, 0, 0, 0, 1], [0, 0, 0, 0, 1])  0.047619047619047505
Route(113.53406801629585, [5, 17, 28, 9, 11, 26, 16, 5], 9527, 45, Int64[], [0, 0, 0, 0, 0, 0, 0, 0, 1, 0, 1, 0, 0, 0, 0, 1, 1, 0, 0, 0, 0, 0, 0, 0, 0, 1, 0, 1, 0, 0], [0, 0, 0, 0, 1], [0, 0, 0, 0, 1])  0.2142857142857142
Route(111.73503052456287, [5, 17, 28, 9, 11, 15, 16, 5], 9528, 44, Int64[], [0, 0, 0, 0, 0, 0, 0, 0, 1, 0, 1, 0, 0, 0, 1, 1, 1, 0, 0, 0, 0, 0, 0, 0, 0, 0, 0, 1, 0, 0], [0, 0, 0, 0, 1], [0, 0, 0, 0, 1])  0.04761904761904777
Route(108.35270639629944, [5, 16, 28, 9, 11, 24, 26, 5], 9767, 40, Int64[], [0, 0, 0, 0, 0, 0, 0, 0, 1, 0, 1, 0, 0, 0, 0, 1, 0, 0, 0, 0, 0, 0, 0, 1, 0, 1, 0, 1, 0, 0], [0, 0, 0, 0, 1], [0, 0, 0, 0, 1])  0.23809523809523808
Route(115.58399749418864, [5, 16, 28, 9, 11, 24, 6, 26, 20, 5], 9771, 47, Int64[], [0, 0, 0, 0, 0, 1, 0, 0, 1, 0, 1, 0, 0, 0, 0, 1, 0, 0, 0, 1, 0, 0, 0, 1, 0, 1, 0, 1, 0, 0], [0, 0, 0, 0, 1], [0, 0, 0, 0, 1])  0.047619047619047575
Route(91.19662853986421, [5, 17, 7, 9, 11, 30, 5], 9780, 45, Int64[], [0, 0, 0, 0, 0, 0, 1, 0, 1, 0, 1, 0, 0, 0, 0, 0, 1, 0, 0, 0, 0, 0, 0, 0, 0, 0, 0, 0, 0, 1], [0, 0, 0, 0, 1], [0, 0, 0, 0, 1])  0.21428571428571425
Route(87.21892078225264, [5, 16, 20, 9, 11, 24, 18, 5], 9849, 44, Int64[], [0, 0, 0, 0, 0, 0, 0, 0, 1, 0, 1, 0, 0, 0, 0, 1, 0, 1, 0, 1, 0, 0, 0, 1, 0, 0, 0, 0, 0, 0], [0, 0, 0, 0, 1], [0, 0, 0, 0, 1])  0.047619047619047575
Route(91.70232014717625, [5, 16, 20, 9, 11, 24, 6, 21, 5], 9853, 49, Int64[], [0, 0, 0, 0, 0, 1, 0, 0, 1, 0, 1, 0, 0, 0, 0, 1, 0, 0, 0, 1, 1, 0, 0, 1, 0, 0, 0, 0, 0, 0], [0, 0, 0, 0, 1], [0, 0, 0, 0, 1])  0.38095238095238093
Route(90.47808093757833, [5, 16, 20, 9, 11, 24, 26, 14, 5], 9855, 49, Int64[], [0, 0, 0, 0, 0, 0, 0, 0, 1, 0, 1, 0, 0, 1, 0, 1, 0, 0, 0, 1, 0, 0, 0, 1, 0, 1, 0, 0, 0, 0], [0, 0, 0, 0, 1], [0, 0, 0, 0, 1])  0.11904761904761901
Route(89.69820099081613, [5, 15, 26, 24, 11, 9, 7, 16, 5], 9880, 44, Int64[], [0, 0, 0, 0, 0, 0, 1, 0, 1, 0, 1, 0, 0, 0, 1, 1, 0, 0, 0, 0, 0, 0, 0, 1, 0, 1, 0, 0, 0, 0], [0, 0, 0, 0, 1], [0, 0, 0, 0, 1])  0.38095238095238104
Route(99.36334196580621, [5, 26, 9, 11, 24, 25, 5], 9949, 47, Int64[], [0, 0, 0, 0, 0, 0, 0, 0, 1, 0, 1, 0, 0, 0, 0, 0, 0, 0, 0, 0, 0, 0, 0, 1, 1, 1, 0, 0, 0, 0], [0, 0, 0, 0, 1], [0, 0, 0, 0, 1])  0.4761904761904762
Route(84.18913602913611, [5, 26, 9, 11, 24, 18, 5], 9953, 46, Int64[], [0, 0, 0, 0, 0, 0, 0, 0, 1, 0, 1, 0, 0, 0, 0, 0, 0, 1, 0, 0, 0, 0, 0, 1, 0, 1, 0, 0, 0, 0], [0, 0, 0, 0, 1], [0, 0, 0, 0, 1])  0.02380952380952376
Route(112.09211844361683, [5, 24, 11, 9, 7, 28, 29, 5], 9962, 41, Int64[], [0, 0, 0, 0, 0, 0, 1, 0, 1, 0, 1, 0, 0, 0, 0, 0, 0, 0, 0, 0, 0, 0, 0, 1, 0, 0, 0, 1, 1, 0], [0, 0, 0, 0, 1], [0, 0, 0, 0, 1])  0.35714285714285726
Route(114.79904495141139, [5, 20, 15, 26, 24, 11, 9, 28, 5], 9967, 45, Int64[], [0, 0, 0, 0, 0, 0, 0, 0, 1, 0, 1, 0, 0, 0, 1, 0, 0, 0, 0, 1, 0, 0, 0, 1, 0, 1, 0, 1, 0, 0], [0, 0, 0, 0, 1], [0, 0, 0, 0, 1])  0.11904761904761901
Route(91.8472077788754, [5, 20, 15, 26, 24, 11, 9, 7, 5], 9969, 42, Int64[], [0, 0, 0, 0, 0, 0, 1, 0, 1, 0, 1, 0, 0, 0, 1, 0, 0, 0, 0, 1, 0, 0, 0, 1, 0, 1, 0, 0, 0, 0], [0, 0, 0, 0, 1], [0, 0, 0, 0, 1])  0.2380952380952381
Route(122.72411199177432, [5, 20, 15, 26, 24, 11, 9, 7, 28, 19, 5], 9971, 49, Int64[], [0, 0, 0, 0, 0, 0, 1, 0, 1, 0, 1, 0, 0, 0, 1, 0, 0, 0, 1, 1, 0, 0, 0, 1, 0, 1, 0, 1, 0, 0], [0, 0, 0, 0, 1], [0, 0, 0, 0, 1])  0.23809523809523808
Route(114.95469475864134, [5, 20, 15, 26, 24, 11, 9, 28, 16, 5], 9973, 49, Int64[], [0, 0, 0, 0, 0, 0, 0, 0, 1, 0, 1, 0, 0, 0, 1, 1, 0, 0, 0, 1, 0, 0, 0, 1, 0, 1, 0, 1, 0, 0], [0, 0, 0, 0, 1], [0, 0, 0, 0, 1])  0.023809523809523836

Solve a child node 5
   + Customers MUST      served together:  (9, 11)  (11, 15)  
   # Total number of 2e routes cannot UNDER:   5  

-------------Iter CG 1-------------
LP Objective Value = 459.48,   sum y = 5.0
x[1, 2, 5, 1],  93.16
y[5, 14, 8, 25, 13, 5] = 0.24  69.96
y[5, 23, 21, 14, 5] = 0.41  39.3
y[5, 20, 29, 19, 28, 17, 16, 5] = 0.38  88.42
y[5, 13, 25, 27, 22, 12, 5] = 0.03  90.2
y[5, 13, 8, 27, 22, 26, 5] = 0.12  93.52
y[5, 16, 28, 19, 7, 24, 22, 27, 8, 5] = 0.03  131.87
y[5, 17, 28, 19, 29, 20, 18, 5] = 0.03  97.66
y[5, 8, 25, 27, 22, 6, 5] = 0.24  91.16
y[5, 13, 25, 27, 22, 10, 5] = 0.21  90.21
y[5, 23, 5] = 0.59  16.0
y[5, 12, 6, 22, 27, 8, 13, 5] = 0.09  93.78
y[5, 20, 7, 9, 11, 24, 6, 26, 15, 5] = 0.38  87.42
y[5, 17, 29, 28, 19, 7, 18, 5] = 0.38  99.97
y[5, 16, 29, 7, 30, 24, 26, 5] = 0.21  94.31
y[5, 15, 9, 11, 30, 22, 10, 5] = 0.29  92.13
y[5, 16, 17, 20, 18, 21, 5] = 0.21  65.38
y[5, 14, 21, 12, 18, 5] = 0.35  43.12
y[5, 15, 9, 11, 30, 6, 26, 5] = 0.12  87.14
y[5, 21, 13, 18, 12, 5] = 0.03  56.49
y[5, 16, 28, 19, 30, 24, 6, 26, 5] = 0.18  113.09
y[5, 15, 9, 11, 30, 24, 10, 12, 5] = 0.21  87.61
y[5, 13, 8, 25, 27, 10, 12, 5] = 0.29  85.05
true  21
-------------Iter CG 2-------------
LP Objective Value = 457.33,   sum y = 5.0
x[1, 2, 5, 1],  93.16
y[5, 14, 8, 25, 13, 5] = 0.33  69.96
y[5, 23, 21, 14, 5] = 0.31  39.3
y[5, 20, 29, 19, 28, 17, 16, 5] = 0.06  88.42
y[5, 16, 28, 19, 7, 30, 24, 6, 26, 5] = 0.27  115.23
y[5, 16, 17, 29, 20, 18, 12, 5] = 0.14  72.19
y[5, 13, 8, 27, 22, 26, 5] = 0.33  93.52
y[5, 17, 29, 7, 9, 11, 15, 5] = 0.12  85.33
y[5, 20, 7, 19, 28, 29, 17, 16, 5] = 0.2  94.56
y[5, 17, 28, 19, 29, 20, 18, 5] = 0.16  97.66
y[5, 8, 25, 27, 22, 6, 5] = 0.16  91.16
y[5, 16, 20, 9, 11, 24, 6, 26, 15, 5] = 0.02  89.02
y[5, 13, 25, 27, 22, 10, 5] = 0.33  90.21
y[5, 23, 5] = 0.69  16.0
y[5, 8, 25, 27, 22, 6, 10, 5] = 0.18  92.46
y[5, 20, 7, 9, 11, 24, 6, 26, 15, 5] = 0.1  87.42
y[5, 29, 28, 19, 7, 30, 24, 6, 5] = 0.14  117.06
y[5, 12, 18, 10, 13, 21, 5] = 0.02  57.57
y[5, 16, 17, 20, 18, 21, 5] = 0.31  65.38
y[5, 14, 21, 12, 18, 5] = 0.37  43.12
y[5, 15, 9, 11, 30, 6, 26, 5] = 0.12  87.14
y[5, 29, 28, 19, 7, 9, 11, 26, 15, 5] = 0.16  110.67
y[5, 15, 9, 11, 30, 24, 10, 12, 5] = 0.47  87.61
false  0

Solve a child node 6
   + Customers MUST      served together:  (9, 11)  
   + Customers FORBIDDEN served together:  (11, 15)  
   # Total number of 2e routes cannot UNDER:   5  

-------------Iter CG 1-------------
LP Objective Value = 451.1,   sum y = 5.0
x[1, 2, 5, 1],  93.16
y[5, 6, 24, 30, 11, 9, 20, 16, 5] = 0.36  91.25
y[5, 14, 8, 25, 13, 5] = 0.24  69.96
y[5, 23, 21, 14, 5] = 0.29  39.3
y[5, 20, 7, 9, 11, 30, 24, 26, 5] = 0.21  89.67
y[5, 16, 28, 19, 9, 11, 30, 24, 5] = 0.21  112.42
y[5, 13, 25, 27, 22, 12, 5] = 0.12  90.2
y[5, 13, 8, 27, 22, 26, 5] = 0.24  93.52
y[5, 16, 17, 20, 15, 26, 18, 5] = 0.05  69.09
y[5, 13, 25, 27, 22, 10, 5] = 0.12  90.21
y[5, 23, 5] = 0.71  16.0
y[5, 8, 25, 27, 22, 6, 10, 5] = 0.48  92.46
y[5, 18, 22, 24, 6, 26, 5] = 0.05  78.07
y[5, 12, 10, 6, 24, 30, 11, 9, 20, 5] = 0.12  88.87
y[5, 17, 29, 20, 15, 18, 5] = 0.19  73.73
y[5, 26, 24, 30, 11, 9, 20, 5] = 0.05  87.58
y[5, 12, 18, 10, 13, 21, 5] = 0.24  57.57
y[5, 29, 7, 9, 11, 30, 26, 5] = 0.02  91.54
y[5, 16, 17, 29, 28, 19, 7, 15, 5] = 0.38  96.94
y[5, 20, 29, 28, 19, 9, 11, 30, 5] = 0.02  114.67
y[5, 14, 21, 12, 18, 5] = 0.48  43.12
y[5, 13, 8, 25, 27, 10, 12, 5] = 0.05  85.05
y[5, 17, 29, 28, 19, 7, 26, 15, 5] = 0.38  102.46
false  0

================Iteration 4 of B&P for SP1 [1, 2, 5, 1] parkings[5]================
Display selected node 6, parent node 3: from 2 nodes
- Branching node in depth: 3
   + Customers MUST      served together:  (9, 11)  
   + Customers FORBIDDEN served together:  (11, 15)  
   # Total number of 2e routes cannot UNDER:   5  

  Branching node with fractional score: 4.57
  Branching node with cg lower bound: 451.1
  Branching node with LB reduction: 0.0
  Branching node with FS reduction: -0.0
  Total reduction: -0.0
Route(36.4049790107182, [2, 6, 4], 19, 5, Int64[], [0, 0, 0, 0, 0, 1, 0, 0, 0, 0, 0, 0, 0, 0, 0, 0, 0, 0, 0, 0, 0, 0, 0, 0, 0, 0, 0, 0, 0, 0], [0, 0, 0, 1, 0], [0, 1, 0, 0, 0])  0.7142857142857153
Route(93.6503072867382, [5, 25, 22, 13, 10, 12, 5], 6464, 46, Int64[], [0, 0, 0, 0, 0, 0, 0, 0, 0, 1, 0, 1, 1, 0, 0, 0, 0, 0, 0, 0, 0, 1, 0, 0, 1, 0, 0, 0, 0, 0], [0, 0, 0, 0, 1], [0, 0, 0, 0, 1])  0.11904761904761932
Route(72.63712634521085, [5, 14, 22, 10, 5], 7378, 25, Int64[], [0, 0, 0, 0, 0, 0, 0, 0, 0, 1, 0, 0, 0, 1, 0, 0, 0, 0, 0, 0, 0, 1, 0, 0, 0, 0, 0, 0, 0, 0], [0, 0, 0, 0, 1], [0, 0, 0, 0, 1])  0.28571428571428475
Route(89.06903086128682, [5, 12, 29, 7, 9, 15, 5], 8700, 31, Int64[], [0, 0, 0, 0, 0, 0, 1, 0, 1, 0, 0, 1, 0, 0, 1, 0, 0, 0, 0, 0, 0, 0, 0, 0, 0, 0, 0, 0, 1, 0], [0, 0, 0, 0, 1], [0, 0, 0, 0, 1])  0.4761904761904769
Route(59.294090940243265, [5, 14, 12, 18, 17, 5], 9094, 43, Int64[], [0, 0, 0, 0, 0, 0, 0, 0, 0, 0, 0, 1, 0, 1, 0, 0, 1, 1, 0, 0, 0, 0, 0, 0, 0, 0, 0, 0, 0, 0], [0, 0, 0, 0, 1], [0, 0, 0, 0, 1])  0.19047619047619052
Route(113.44911098292226, [5, 16, 28, 19, 11, 30, 6, 26, 5], 9314, 45, Int64[], [0, 0, 0, 0, 0, 1, 0, 0, 0, 0, 1, 0, 0, 0, 0, 1, 0, 0, 1, 0, 0, 0, 0, 0, 0, 1, 0, 1, 0, 1], [0, 0, 0, 0, 1], [0, 0, 0, 0, 1])  0.047619047619047394
Route(111.73503052456287, [5, 17, 28, 9, 11, 15, 16, 5], 9528, 44, Int64[], [0, 0, 0, 0, 0, 0, 0, 0, 1, 0, 1, 0, 0, 0, 1, 1, 1, 0, 0, 0, 0, 0, 0, 0, 0, 0, 0, 1, 0, 0], [0, 0, 0, 0, 1], [0, 0, 0, 0, 1])  0.047619047619047665
Route(83.52206101353013, [5, 18, 24, 11, 9, 20, 5], 9664, 40, Int64[], [0, 0, 0, 0, 0, 0, 0, 0, 1, 0, 1, 0, 0, 0, 0, 0, 0, 1, 0, 1, 0, 0, 0, 1, 0, 0, 0, 0, 0, 0], [0, 0, 0, 0, 1], [0, 0, 0, 0, 1])  0.21428571428571433
Route(108.35270639629944, [5, 16, 28, 9, 11, 24, 26, 5], 9767, 40, Int64[], [0, 0, 0, 0, 0, 0, 0, 0, 1, 0, 1, 0, 0, 0, 0, 1, 0, 0, 0, 0, 0, 0, 0, 1, 0, 1, 0, 1, 0, 0], [0, 0, 0, 0, 1], [0, 0, 0, 0, 1])  0.2380952380952383
Route(115.58399749418864, [5, 16, 28, 9, 11, 24, 6, 26, 20, 5], 9771, 47, Int64[], [0, 0, 0, 0, 0, 1, 0, 0, 1, 0, 1, 0, 0, 0, 0, 1, 0, 0, 0, 1, 0, 0, 0, 1, 0, 1, 0, 1, 0, 0], [0, 0, 0, 0, 1], [0, 0, 0, 0, 1])  0.047619047619046895
Route(91.19662853986421, [5, 17, 7, 9, 11, 30, 5], 9780, 45, Int64[], [0, 0, 0, 0, 0, 0, 1, 0, 1, 0, 1, 0, 0, 0, 0, 0, 1, 0, 0, 0, 0, 0, 0, 0, 0, 0, 0, 0, 0, 1], [0, 0, 0, 0, 1], [0, 0, 0, 0, 1])  0.2142857142857141
Route(87.21892078225264, [5, 16, 20, 9, 11, 24, 18, 5], 9849, 44, Int64[], [0, 0, 0, 0, 0, 0, 0, 0, 1, 0, 1, 0, 0, 0, 0, 1, 0, 1, 0, 1, 0, 0, 0, 1, 0, 0, 0, 0, 0, 0], [0, 0, 0, 0, 1], [0, 0, 0, 0, 1])  0.047619047619046895
Route(91.70232014717625, [5, 16, 20, 9, 11, 24, 6, 21, 5], 9853, 49, Int64[], [0, 0, 0, 0, 0, 1, 0, 0, 1, 0, 1, 0, 0, 0, 0, 1, 0, 0, 0, 1, 1, 0, 0, 1, 0, 0, 0, 0, 0, 0], [0, 0, 0, 0, 1], [0, 0, 0, 0, 1])  0.3809523809523811
Route(90.47808093757833, [5, 16, 20, 9, 11, 24, 26, 14, 5], 9855, 49, Int64[], [0, 0, 0, 0, 0, 0, 0, 0, 1, 0, 1, 0, 0, 1, 0, 1, 0, 0, 0, 1, 0, 0, 0, 1, 0, 1, 0, 0, 0, 0], [0, 0, 0, 0, 1], [0, 0, 0, 0, 1])  0.11904761904761896
Route(89.69820099081613, [5, 15, 26, 24, 11, 9, 7, 16, 5], 9880, 44, Int64[], [0, 0, 0, 0, 0, 0, 1, 0, 1, 0, 1, 0, 0, 0, 1, 1, 0, 0, 0, 0, 0, 0, 0, 1, 0, 1, 0, 0, 0, 0], [0, 0, 0, 0, 1], [0, 0, 0, 0, 1])  0.38095238095238093
Route(99.36334196580621, [5, 26, 9, 11, 24, 25, 5], 9949, 47, Int64[], [0, 0, 0, 0, 0, 0, 0, 0, 1, 0, 1, 0, 0, 0, 0, 0, 0, 0, 0, 0, 0, 0, 0, 1, 1, 1, 0, 0, 0, 0], [0, 0, 0, 0, 1], [0, 0, 0, 0, 1])  0.47619047619047655
Route(84.18913602913611, [5, 26, 9, 11, 24, 18, 5], 9953, 46, Int64[], [0, 0, 0, 0, 0, 0, 0, 0, 1, 0, 1, 0, 0, 0, 0, 0, 0, 1, 0, 0, 0, 0, 0, 1, 0, 1, 0, 0, 0, 0], [0, 0, 0, 0, 1], [0, 0, 0, 0, 1])  0.023809523809524114
Route(112.09211844361683, [5, 24, 11, 9, 7, 28, 29, 5], 9962, 41, Int64[], [0, 0, 0, 0, 0, 0, 1, 0, 1, 0, 1, 0, 0, 0, 0, 0, 0, 0, 0, 0, 0, 0, 0, 1, 0, 0, 0, 1, 1, 0], [0, 0, 0, 0, 1], [0, 0, 0, 0, 1])  0.3571428571428576
Route(114.79904495141139, [5, 20, 15, 26, 24, 11, 9, 28, 5], 9967, 45, Int64[], [0, 0, 0, 0, 0, 0, 0, 0, 1, 0, 1, 0, 0, 0, 1, 0, 0, 0, 0, 1, 0, 0, 0, 1, 0, 1, 0, 1, 0, 0], [0, 0, 0, 0, 1], [0, 0, 0, 0, 1])  0.11904761904761896
Route(91.8472077788754, [5, 20, 15, 26, 24, 11, 9, 7, 5], 9969, 42, Int64[], [0, 0, 0, 0, 0, 0, 1, 0, 1, 0, 1, 0, 0, 0, 1, 0, 0, 0, 0, 1, 0, 0, 0, 1, 0, 1, 0, 0, 0, 0], [0, 0, 0, 0, 1], [0, 0, 0, 0, 1])  0.23809523809523828
Route(122.72411199177432, [5, 20, 15, 26, 24, 11, 9, 7, 28, 19, 5], 9971, 49, Int64[], [0, 0, 0, 0, 0, 0, 1, 0, 1, 0, 1, 0, 0, 0, 1, 0, 0, 0, 1, 1, 0, 0, 0, 1, 0, 1, 0, 1, 0, 0], [0, 0, 0, 0, 1], [0, 0, 0, 0, 1])  0.2380952380952383
Route(114.95469475864134, [5, 20, 15, 26, 24, 11, 9, 28, 16, 5], 9973, 49, Int64[], [0, 0, 0, 0, 0, 0, 0, 0, 1, 0, 1, 0, 0, 0, 1, 1, 0, 0, 0, 1, 0, 0, 0, 1, 0, 1, 0, 1, 0, 0], [0, 0, 0, 0, 1], [0, 0, 0, 0, 1])  0.02380952380952367

Solve a child node 7
   + Customers MUST      served together:  (7, 11)  (9, 11)  
   + Customers FORBIDDEN served together:  (11, 15)  
   # Total number of 2e routes cannot UNDER:   5  

-------------Iter CG 1-------------
LP Objective Value = 453.42,   sum y = 5.0
x[1, 2, 5, 1],  93.16
y[5, 14, 8, 25, 13, 5] = 0.25  69.96
y[5, 23, 21, 14, 5] = 0.38  39.3
y[5, 20, 7, 9, 11, 30, 24, 26, 5] = 0.75  89.67
y[5, 16, 17, 20, 15, 26, 18, 5] = 0.13  69.09
y[5, 13, 25, 27, 22, 10, 5] = 0.12  90.21
y[5, 23, 5] = 0.62  16.0
y[5, 12, 6, 22, 27, 8, 13, 5] = 0.25  93.78
y[5, 8, 25, 27, 22, 6, 10, 5] = 0.5  92.46
y[5, 18, 22, 24, 6, 26, 5] = 0.13  78.07
y[5, 18, 10, 27, 25, 13, 5] = 0.13  85.25
y[5, 12, 6, 24, 30, 11, 9, 7, 20, 5] = 0.12  90.47
y[5, 12, 18, 10, 13, 21, 5] = 0.25  57.57
y[5, 29, 28, 19, 7, 9, 11, 30, 5] = 0.13  115.92
y[5, 14, 21, 12, 18, 5] = 0.38  43.12
y[5, 16, 17, 29, 28, 19, 15, 5] = 0.88  96.48
true  1
-------------Iter CG 2-------------
LP Objective Value = 451.82,   sum y = 5.0
x[1, 2, 5, 1],  93.16
y[5, 14, 8, 25, 13, 5] = 0.25  69.96
y[5, 23, 21, 14, 5] = 0.38  39.3
y[5, 20, 7, 9, 11, 30, 24, 26, 5] = 0.75  89.67
y[5, 16, 17, 20, 15, 26, 18, 5] = 0.13  69.09
y[5, 13, 25, 27, 22, 10, 5] = 0.12  90.21
y[5, 23, 5] = 0.62  16.0
y[5, 12, 6, 22, 27, 8, 13, 5] = 0.25  93.78
y[5, 8, 25, 27, 22, 6, 10, 5] = 0.5  92.46
y[5, 18, 22, 24, 6, 26, 5] = 0.13  78.07
y[5, 16, 17, 28, 19, 29, 15, 5] = 0.87  94.65
y[5, 18, 10, 27, 25, 13, 5] = 0.13  85.25
y[5, 12, 6, 24, 30, 11, 9, 7, 20, 5] = 0.12  90.47
y[5, 12, 18, 10, 13, 21, 5] = 0.25  57.57
y[5, 29, 28, 19, 7, 9, 11, 30, 5] = 0.13  115.92
y[5, 14, 21, 12, 18, 5] = 0.38  43.12
false  0

Solve a child node 8
   + Customers MUST      served together:  (9, 11)  
   + Customers FORBIDDEN served together:  (7, 11)  (11, 15)  
   # Total number of 2e routes cannot UNDER:   5  

-------------Iter CG 1-------------
LP Objective Value = 452.09,   sum y = 5.0
x[1, 2, 5, 1],  93.16
y[5, 6, 24, 30, 11, 9, 20, 16, 5] = 0.33  91.25
y[5, 23, 21, 14, 5] = 0.33  39.3
y[5, 13, 25, 27, 22, 12, 5] = 0.33  90.2
y[5, 8, 25, 27, 22, 6, 5] = 0.33  91.16
y[5, 18, 10, 8, 13, 14, 5] = 0.33  68.24
y[5, 23, 5] = 0.67  16.0
y[5, 8, 25, 27, 22, 6, 10, 5] = 0.33  92.46
y[5, 26, 24, 30, 11, 9, 20, 5] = 0.67  87.58
y[5, 12, 18, 10, 13, 21, 5] = 0.33  57.57
y[5, 16, 17, 29, 28, 19, 7, 15, 5] = 0.67  96.94
y[5, 14, 21, 12, 18, 5] = 0.33  43.12
y[5, 17, 29, 28, 19, 7, 26, 15, 5] = 0.33  102.46
true  1
-------------Iter CG 2-------------
LP Objective Value = 452.08,   sum y = 5.0
x[1, 2, 5, 1],  93.16
y[5, 6, 24, 30, 11, 9, 20, 16, 5] = 0.25  91.25
y[5, 14, 8, 25, 13, 5] = 0.25  69.96
y[5, 23, 21, 14, 5] = 0.33  39.3
y[5, 13, 25, 27, 22, 12, 5] = 0.17  90.2
y[5, 13, 8, 27, 22, 26, 5] = 0.25  93.52
y[5, 23, 5] = 0.67  16.0
y[5, 17, 29, 7, 15, 18, 5] = 0.08  75.54
y[5, 8, 25, 27, 22, 6, 10, 5] = 0.5  92.46
y[5, 18, 22, 24, 6, 26, 5] = 0.08  78.07
y[5, 12, 10, 6, 24, 30, 11, 9, 20, 5] = 0.17  88.87
y[5, 26, 24, 30, 11, 9, 20, 5] = 0.5  87.58
y[5, 18, 10, 27, 25, 13, 5] = 0.08  85.25
y[5, 18, 15, 7, 19, 28, 17, 16, 5] = 0.08  97.05
y[5, 12, 18, 10, 13, 21, 5] = 0.25  57.57
y[5, 16, 17, 29, 28, 19, 7, 15, 5] = 0.67  96.94
y[5, 20, 29, 28, 19, 9, 11, 30, 5] = 0.08  114.67
y[5, 14, 21, 12, 18, 5] = 0.42  43.12
y[5, 17, 29, 28, 19, 7, 26, 15, 5] = 0.17  102.46
true  1
-------------Iter CG 3-------------
LP Objective Value = 452.05,   sum y = 5.0
x[1, 2, 5, 1],  93.16
y[5, 6, 24, 30, 11, 9, 20, 16, 5] = 0.43  91.25
y[5, 14, 8, 25, 13, 5] = 0.14  69.96
y[5, 23, 21, 14, 5] = 0.29  39.3
y[5, 16, 28, 19, 9, 11, 30, 24, 5] = 0.14  112.42
y[5, 13, 25, 27, 22, 12, 5] = 0.29  90.2
y[5, 15, 7, 19, 28, 29, 20, 17, 16, 5] = 0.14  101.51
y[5, 13, 8, 27, 22, 26, 5] = 0.14  93.52
y[5, 18, 10, 8, 13, 14, 5] = 0.14  68.24
y[5, 23, 5] = 0.71  16.0
y[5, 17, 29, 7, 15, 18, 5] = 0.14  75.54
y[5, 8, 25, 27, 22, 6, 10, 5] = 0.57  92.46
y[5, 26, 24, 30, 11, 9, 20, 5] = 0.43  87.58
y[5, 12, 18, 10, 13, 21, 5] = 0.29  57.57
y[5, 16, 17, 29, 28, 19, 7, 15, 5] = 0.29  96.94
y[5, 14, 21, 12, 18, 5] = 0.43  43.12
y[5, 17, 29, 28, 19, 7, 26, 15, 5] = 0.43  102.46
true  2
-------------Iter CG 4-------------
LP Objective Value = 452.05,   sum y = 5.0
x[1, 2, 5, 1],  93.16
y[5, 6, 24, 30, 11, 9, 20, 16, 5] = 0.43  91.25
y[5, 14, 8, 25, 13, 5] = 0.14  69.96
y[5, 23, 21, 14, 5] = 0.29  39.3
y[5, 16, 28, 19, 9, 11, 30, 24, 5] = 0.14  112.42
y[5, 13, 25, 27, 22, 12, 5] = 0.29  90.2
y[5, 15, 7, 19, 28, 29, 20, 17, 16, 5] = 0.14  101.51
y[5, 13, 8, 27, 22, 26, 5] = 0.14  93.52
y[5, 18, 10, 8, 13, 14, 5] = 0.14  68.24
y[5, 23, 5] = 0.71  16.0
y[5, 17, 29, 7, 15, 18, 5] = 0.14  75.54
y[5, 8, 25, 27, 22, 6, 10, 5] = 0.57  92.46
y[5, 26, 24, 30, 11, 9, 20, 5] = 0.43  87.58
y[5, 12, 18, 10, 13, 21, 5] = 0.29  57.57
y[5, 16, 17, 29, 28, 19, 7, 15, 5] = 0.29  96.94
y[5, 14, 21, 12, 18, 5] = 0.43  43.12
y[5, 17, 29, 28, 19, 7, 26, 15, 5] = 0.43  102.46
false  0

================Iteration 5 of B&P for SP1 [1, 2, 5, 1] parkings[5]================
Display selected node 7, parent node 6: from 3 nodes
- Branching node in depth: 4
   + Customers MUST      served together:  (7, 11)  (9, 11)  
   + Customers FORBIDDEN served together:  (11, 15)  
   # Total number of 2e routes cannot UNDER:   5  

  Branching node with fractional score: 3.5
  Branching node with cg lower bound: 451.82
  Branching node with LB reduction: 0.18
  Branching node with FS reduction: -0.27
  Total reduction: -0.15
Route(36.4049790107182, [2, 6, 4], 19, 5, Int64[], [0, 0, 0, 0, 0, 1, 0, 0, 0, 0, 0, 0, 0, 0, 0, 0, 0, 0, 0, 0, 0, 0, 0, 0, 0, 0, 0, 0, 0, 0], [0, 0, 0, 1, 0], [0, 1, 0, 0, 0])  0.625
Route(93.6503072867382, [5, 25, 22, 13, 10, 12, 5], 6464, 46, Int64[], [0, 0, 0, 0, 0, 0, 0, 0, 0, 1, 0, 1, 1, 0, 0, 0, 0, 0, 0, 0, 0, 1, 0, 0, 1, 0, 0, 0, 0, 0], [0, 0, 0, 0, 1], [0, 0, 0, 0, 1])  0.12499999999999911
Route(72.63712634521085, [5, 14, 22, 10, 5], 7378, 25, Int64[], [0, 0, 0, 0, 0, 0, 0, 0, 0, 1, 0, 0, 0, 1, 0, 0, 0, 0, 0, 0, 0, 1, 0, 0, 0, 0, 0, 0, 0, 0], [0, 0, 0, 0, 1], [0, 0, 0, 0, 1])  0.375
Route(89.06903086128682, [5, 12, 29, 7, 9, 15, 5], 8700, 31, Int64[], [0, 0, 0, 0, 0, 0, 1, 0, 1, 0, 0, 1, 0, 0, 1, 0, 0, 0, 0, 0, 0, 0, 0, 0, 0, 0, 0, 0, 1, 0], [0, 0, 0, 0, 1], [0, 0, 0, 0, 1])  0.375
Route(113.41670378347719, [5, 17, 28, 19, 30, 6, 10, 5], 8992, 43, Int64[], [0, 0, 0, 0, 0, 1, 0, 0, 0, 1, 0, 0, 0, 0, 0, 0, 1, 0, 1, 0, 0, 0, 0, 0, 0, 0, 0, 1, 0, 1], [0, 0, 0, 0, 1], [0, 0, 0, 0, 1])  0.25
Route(112.37017685087446, [5, 16, 28, 19, 11, 30, 24, 5], 9306, 42, Int64[], [0, 0, 0, 0, 0, 0, 0, 0, 0, 0, 1, 0, 0, 0, 0, 1, 0, 0, 1, 0, 0, 0, 0, 1, 0, 0, 0, 1, 0, 1], [0, 0, 0, 0, 1], [0, 0, 0, 0, 1])  0.12500000000000022
Route(113.44911098292226, [5, 16, 28, 19, 11, 30, 6, 26, 5], 9314, 45, Int64[], [0, 0, 0, 0, 0, 1, 0, 0, 0, 0, 1, 0, 0, 0, 0, 1, 0, 0, 1, 0, 0, 0, 0, 0, 0, 1, 0, 1, 0, 1], [0, 0, 0, 0, 1], [0, 0, 0, 0, 1])  0.12500000000000044
Route(83.52206101353013, [5, 18, 24, 11, 9, 20, 5], 9664, 40, Int64[], [0, 0, 0, 0, 0, 0, 0, 0, 1, 0, 1, 0, 0, 0, 0, 0, 0, 1, 0, 1, 0, 0, 0, 1, 0, 0, 0, 0, 0, 0], [0, 0, 0, 0, 1], [0, 0, 0, 0, 1])  0.75
Route(108.35270639629944, [5, 16, 28, 9, 11, 24, 26, 5], 9767, 40, Int64[], [0, 0, 0, 0, 0, 0, 0, 0, 1, 0, 1, 0, 0, 0, 0, 1, 0, 0, 0, 0, 0, 0, 0, 1, 0, 1, 0, 1, 0, 0], [0, 0, 0, 0, 1], [0, 0, 0, 0, 1])  0.25
Route(111.61623219495252, [5, 16, 20, 9, 11, 24, 22, 27, 5], 9832, 48, Int64[], [0, 0, 0, 0, 0, 0, 0, 0, 1, 0, 1, 0, 0, 0, 0, 1, 0, 0, 0, 1, 0, 1, 0, 1, 0, 0, 1, 0, 0, 0], [0, 0, 0, 0, 1], [0, 0, 0, 0, 1])  0.12500000000000044
Route(87.21892078225264, [5, 16, 20, 9, 11, 24, 18, 5], 9849, 44, Int64[], [0, 0, 0, 0, 0, 0, 0, 0, 1, 0, 1, 0, 0, 0, 0, 1, 0, 1, 0, 1, 0, 0, 0, 1, 0, 0, 0, 0, 0, 0], [0, 0, 0, 0, 1], [0, 0, 0, 0, 1])  0.12500000000000022
Route(99.36334196580621, [5, 26, 9, 11, 24, 25, 5], 9949, 47, Int64[], [0, 0, 0, 0, 0, 0, 0, 0, 1, 0, 1, 0, 0, 0, 0, 0, 0, 0, 0, 0, 0, 0, 0, 1, 1, 1, 0, 0, 0, 0], [0, 0, 0, 0, 1], [0, 0, 0, 0, 1])  0.5
Route(122.72411199177432, [5, 20, 15, 26, 24, 11, 9, 7, 28, 19, 5], 9971, 49, Int64[], [0, 0, 0, 0, 0, 0, 1, 0, 1, 0, 1, 0, 0, 0, 1, 0, 0, 0, 1, 1, 0, 0, 0, 1, 0, 1, 0, 1, 0, 0], [0, 0, 0, 0, 1], [0, 0, 0, 0, 1])  0.25
Route(102.82390326164418, [5, 20, 15, 9, 11, 24, 25, 5], 9977, 48, Int64[], [0, 0, 0, 0, 0, 0, 0, 0, 1, 0, 1, 0, 0, 0, 1, 0, 0, 0, 0, 1, 0, 0, 0, 1, 1, 0, 0, 0, 0, 0], [0, 0, 0, 0, 1], [0, 0, 0, 0, 1])  0.125
Route(112.24103263127151, [5, 20, 9, 11, 30, 24, 27, 5], 10000, 46, Int64[], [0, 0, 0, 0, 0, 0, 0, 0, 1, 0, 1, 0, 0, 0, 0, 0, 0, 0, 0, 1, 0, 0, 0, 1, 0, 0, 1, 0, 0, 1], [0, 0, 0, 0, 1], [0, 0, 0, 0, 1])  0.8749999999999996

Solve a child node 9
   + Customers MUST      served together:  (11, 28)  (7, 11)  (9, 11)  
   + Customers FORBIDDEN served together:  (11, 15)  
   # Total number of 2e routes cannot UNDER:   5  

-------------Iter CG 1-------------
LP Objective Value = 457.39,   sum y = 5.0
x[1, 2, 5, 1],  93.16
y[5, 14, 8, 25, 13, 5] = 0.31  69.96
y[5, 23, 21, 14, 5] = 0.25  39.3
y[5, 16, 17, 29, 20, 18, 12, 5] = 0.25  72.19
y[5, 16, 17, 20, 15, 26, 18, 5] = 0.44  69.09
y[5, 23, 5] = 0.75  16.0
y[5, 28, 19, 7, 9, 11, 30, 24, 10, 5] = 0.25  115.64
y[5, 12, 6, 22, 27, 8, 13, 5] = 0.12  93.78
y[5, 8, 25, 27, 22, 6, 10, 5] = 0.13  92.46
y[5, 15, 6, 24, 22, 27, 8, 5] = 0.19  96.39
y[5, 29, 28, 19, 7, 9, 11, 30, 5] = 0.75  115.92
y[5, 14, 21, 12, 18, 5] = 0.31  43.12
y[5, 16, 17, 20, 15, 26, 21, 5] = 0.31  74.42
y[5, 15, 26, 6, 24, 22, 10, 12, 5] = 0.06  79.37
y[5, 14, 13, 21, 5] = 0.13  50.18
y[5, 26, 6, 24, 22, 13, 5] = 0.19  85.17
y[5, 13, 8, 25, 27, 10, 12, 5] = 0.25  85.05
y[5, 25, 27, 22, 24, 6, 10, 5] = 0.31  95.59
false  0

Solve a child node 10
   + Customers MUST      served together:  (7, 11)  (9, 11)  
   + Customers FORBIDDEN served together:  (11, 28)  (11, 15)  
   # Total number of 2e routes cannot UNDER:   5  

-------------Iter CG 1-------------
LP Objective Value = 452.4,   sum y = 5.0
x[1, 2, 5, 1],  93.16
y[5, 23, 21, 14, 5] = 0.4  39.3
y[5, 13, 25, 27, 22, 12, 5] = 0.2  90.2
y[5, 26, 6, 22, 8, 13, 5] = 0.2  83.62
y[5, 8, 25, 27, 22, 6, 5] = 0.2  91.16
y[5, 18, 10, 8, 13, 14, 5] = 0.2  68.24
y[5, 23, 5] = 0.6  16.0
y[5, 26, 24, 30, 11, 9, 7, 20, 5] = 0.8  89.67
y[5, 8, 25, 27, 22, 6, 10, 5] = 0.4  92.46
y[5, 16, 17, 28, 19, 29, 15, 5] = 1.0  94.65
y[5, 18, 10, 27, 25, 13, 5] = 0.2  85.25
y[5, 12, 6, 24, 30, 11, 9, 7, 20, 5] = 0.2  90.47
y[5, 12, 18, 10, 13, 21, 5] = 0.2  57.57
y[5, 14, 21, 12, 18, 5] = 0.4  43.12
false  0

================Iteration 6 of B&P for SP1 [1, 2, 5, 1] parkings[5]================
Display selected node 10, parent node 7: from 4 nodes
- Branching node in depth: 5
   + Customers MUST      served together:  (7, 11)  (9, 11)  
   + Customers FORBIDDEN served together:  (11, 28)  (11, 15)  
   # Total number of 2e routes cannot UNDER:   5  

  Branching node with fractional score: 3.2
  Branching node with cg lower bound: 452.4
  Branching node with LB reduction: 0.12
  Branching node with FS reduction: -0.06
  Total reduction: 0.11
Route(36.4049790107182, [2, 6, 4], 19, 5, Int64[], [0, 0, 0, 0, 0, 1, 0, 0, 0, 0, 0, 0, 0, 0, 0, 0, 0, 0, 0, 0, 0, 0, 0, 0, 0, 0, 0, 0, 0, 0], [0, 0, 0, 1, 0], [0, 1, 0, 0, 0])  0.5999999999999999
Route(72.63712634521085, [5, 14, 22, 10, 5], 7378, 25, Int64[], [0, 0, 0, 0, 0, 0, 0, 0, 0, 1, 0, 0, 0, 1, 0, 0, 0, 0, 0, 0, 0, 1, 0, 0, 0, 0, 0, 0, 0, 0], [0, 0, 0, 0, 1], [0, 0, 0, 0, 1])  0.40000000000000013
Route(89.06903086128682, [5, 12, 29, 7, 9, 15, 5], 8700, 31, Int64[], [0, 0, 0, 0, 0, 0, 1, 0, 1, 0, 0, 1, 0, 0, 1, 0, 0, 0, 0, 0, 0, 0, 0, 0, 0, 0, 0, 0, 1, 0], [0, 0, 0, 0, 1], [0, 0, 0, 0, 1])  0.3999999999999998
Route(100.65953752949646, [5, 17, 28, 19, 29, 20, 15, 12, 5], 8987, 46, Int64[], [0, 0, 0, 0, 0, 0, 0, 0, 0, 0, 0, 1, 0, 0, 1, 0, 1, 0, 1, 1, 0, 0, 0, 0, 0, 0, 0, 1, 1, 0], [0, 0, 0, 0, 1], [0, 0, 0, 0, 1])  0.20000000000000004
Route(112.37017685087446, [5, 16, 28, 19, 11, 30, 24, 5], 9306, 42, Int64[], [0, 0, 0, 0, 0, 0, 0, 0, 0, 0, 1, 0, 0, 0, 0, 1, 0, 0, 1, 0, 0, 0, 0, 1, 0, 0, 0, 1, 0, 1], [0, 0, 0, 0, 1], [0, 0, 0, 0, 1])  0.2
Route(113.53406801629585, [5, 17, 28, 9, 11, 26, 16, 5], 9527, 45, Int64[], [0, 0, 0, 0, 0, 0, 0, 0, 1, 0, 1, 0, 0, 0, 0, 1, 1, 0, 0, 0, 0, 0, 0, 0, 0, 1, 0, 1, 0, 0], [0, 0, 0, 0, 1], [0, 0, 0, 0, 1])  0.7999999999999999
Route(90.47808093757833, [5, 16, 20, 9, 11, 24, 26, 14, 5], 9855, 49, Int64[], [0, 0, 0, 0, 0, 0, 0, 0, 1, 0, 1, 0, 0, 1, 0, 1, 0, 0, 0, 1, 0, 0, 0, 1, 0, 1, 0, 0, 0, 0], [0, 0, 0, 0, 1], [0, 0, 0, 0, 1])  0.2000000000000001
Route(108.58644744183599, [5, 26, 9, 11, 24, 22, 27, 5], 9948, 50, Int64[], [0, 0, 0, 0, 0, 0, 0, 0, 1, 0, 1, 0, 0, 0, 0, 0, 0, 0, 0, 0, 0, 1, 0, 1, 0, 1, 1, 0, 0, 0], [0, 0, 0, 0, 1], [0, 0, 0, 0, 1])  0.19999999999999987
Route(99.36334196580621, [5, 26, 9, 11, 24, 25, 5], 9949, 47, Int64[], [0, 0, 0, 0, 0, 0, 0, 0, 1, 0, 1, 0, 0, 0, 0, 0, 0, 0, 0, 0, 0, 0, 0, 1, 1, 1, 0, 0, 0, 0], [0, 0, 0, 0, 1], [0, 0, 0, 0, 1])  0.4
Route(121.42810212337008, [5, 20, 15, 26, 24, 11, 9, 28, 19, 5], 9968, 48, Int64[], [0, 0, 0, 0, 0, 0, 0, 0, 1, 0, 1, 0, 0, 0, 1, 0, 0, 0, 1, 1, 0, 0, 0, 1, 0, 1, 0, 1, 0, 0], [0, 0, 0, 0, 1], [0, 0, 0, 0, 1])  0.20000000000000007
Route(122.72411199177432, [5, 20, 15, 26, 24, 11, 9, 7, 28, 19, 5], 9971, 49, Int64[], [0, 0, 0, 0, 0, 0, 1, 0, 1, 0, 1, 0, 0, 0, 1, 0, 0, 0, 1, 1, 0, 0, 0, 1, 0, 1, 0, 1, 0, 0], [0, 0, 0, 0, 1], [0, 0, 0, 0, 1])  0.20000000000000007
Route(102.82390326164418, [5, 20, 15, 9, 11, 24, 25, 5], 9977, 48, Int64[], [0, 0, 0, 0, 0, 0, 0, 0, 1, 0, 1, 0, 0, 0, 1, 0, 0, 0, 0, 1, 0, 0, 0, 1, 1, 0, 0, 0, 0, 0], [0, 0, 0, 0, 1], [0, 0, 0, 0, 1])  0.20000000000000004
Route(112.24103263127151, [5, 20, 9, 11, 30, 24, 27, 5], 10000, 46, Int64[], [0, 0, 0, 0, 0, 0, 0, 0, 1, 0, 1, 0, 0, 0, 0, 0, 0, 0, 0, 1, 0, 0, 0, 1, 0, 0, 1, 0, 0, 1], [0, 0, 0, 0, 1], [0, 0, 0, 0, 1])  1.0

Solve a child node 11
   + Customers MUST      served together:  (7, 11)  (9, 11)  (11, 20)  
   + Customers FORBIDDEN served together:  (11, 28)  (11, 15)  
   # Total number of 2e routes cannot UNDER:   5  

-------------Iter CG 1-------------
LP Objective Value = 452.4,   sum y = 5.0
x[1, 2, 5, 1],  93.16
y[5, 23, 21, 14, 5] = 0.4  39.3
y[5, 13, 25, 27, 22, 12, 5] = 0.2  90.2
y[5, 26, 6, 22, 8, 13, 5] = 0.2  83.62
y[5, 8, 25, 27, 22, 6, 5] = 0.2  91.16
y[5, 18, 10, 8, 13, 14, 5] = 0.2  68.24
y[5, 23, 5] = 0.6  16.0
y[5, 26, 24, 30, 11, 9, 7, 20, 5] = 0.8  89.67
y[5, 8, 25, 27, 22, 6, 10, 5] = 0.4  92.46
y[5, 16, 17, 28, 19, 29, 15, 5] = 1.0  94.65
y[5, 18, 10, 27, 25, 13, 5] = 0.2  85.25
y[5, 12, 6, 24, 30, 11, 9, 7, 20, 5] = 0.2  90.47
y[5, 12, 18, 10, 13, 21, 5] = 0.2  57.57
y[5, 14, 21, 12, 18, 5] = 0.4  43.12
false  0

Solve a child node 12
   + Customers MUST      served together:  (7, 11)  (9, 11)  
   + Customers FORBIDDEN served together:  (11, 28)  (11, 20)  (11, 15)  
   # Total number of 2e routes cannot UNDER:   5  

-------------Iter CG 1-------------
LP Objective Value = 459.16,   sum y = 5.0
x[1, 2, 5, 1],  93.16
y[5, 14, 8, 25, 13, 5] = 0.18  69.96
y[5, 23, 21, 14, 5] = 0.47  39.3
y[5, 26, 24, 30, 11, 9, 7, 5] = 0.88  89.58
y[5, 20, 29, 19, 28, 17, 16, 5] = 0.29  88.42
y[5, 13, 25, 27, 22, 12, 5] = 0.18  90.2
y[5, 17, 28, 19, 29, 20, 15, 5] = 0.06  96.68
y[5, 16, 17, 20, 19, 28, 29, 15, 5] = 0.12  102.69
y[5, 16, 17, 20, 15, 26, 18, 5] = 0.06  69.09
y[5, 16, 28, 19, 29, 20, 15, 18, 5] = 0.24  100.54
y[5, 23, 5] = 0.53  16.0
y[5, 12, 6, 22, 27, 8, 13, 5] = 0.18  93.78
y[5, 8, 25, 27, 22, 6, 10, 5] = 0.59  92.46
y[5, 16, 17, 28, 19, 29, 15, 5] = 0.24  94.65
y[5, 15, 6, 24, 22, 13, 5] = 0.06  86.39
y[5, 29, 7, 9, 11, 30, 6, 12, 5] = 0.06  93.54
y[5, 17, 7, 9, 11, 24, 6, 5] = 0.06  88.15
y[5, 17, 20, 15, 18, 14, 5] = 0.18  64.02
y[5, 12, 18, 10, 13, 21, 5] = 0.35  57.57
y[5, 16, 28, 19, 30, 6, 26, 15, 20, 5] = 0.06  119.65
y[5, 14, 21, 12, 18, 5] = 0.18  43.12
y[5, 13, 8, 25, 27, 10, 12, 5] = 0.06  85.05
true  3
-------------Iter CG 2-------------
LP Objective Value = 455.29,   sum y = 5.0
x[1, 2, 5, 1],  93.16
y[5, 16, 17, 28, 19, 20, 15, 18, 5] = 0.12  101.04
y[5, 14, 8, 25, 13, 5] = 0.25  69.96
y[5, 23, 21, 14, 5] = 0.38  39.3
y[5, 26, 24, 30, 11, 9, 7, 5] = 0.88  89.58
y[5, 13, 25, 27, 22, 10, 5] = 0.12  90.21
y[5, 23, 5] = 0.62  16.0
y[5, 12, 6, 22, 27, 8, 13, 5] = 0.25  93.78
y[5, 8, 25, 27, 22, 6, 10, 5] = 0.5  92.46
y[5, 18, 22, 24, 6, 26, 5] = 0.13  78.07
y[5, 29, 7, 9, 11, 30, 6, 12, 5] = 0.13  93.54
y[5, 18, 10, 27, 25, 13, 5] = 0.13  85.25
y[5, 12, 18, 10, 13, 21, 5] = 0.25  57.57
y[5, 14, 21, 12, 18, 5] = 0.38  43.12
y[5, 16, 17, 28, 19, 29, 20, 15, 5] = 0.88  97.46
true  3
-------------Iter CG 3-------------
LP Objective Value = 455.29,   sum y = 5.0
x[1, 2, 5, 1],  93.16
y[5, 16, 17, 28, 19, 20, 15, 18, 5] = 0.13  101.04
y[5, 14, 8, 25, 13, 5] = 0.25  69.96
y[5, 23, 21, 14, 5] = 0.38  39.3
y[5, 26, 24, 30, 11, 9, 7, 5] = 0.88  89.58
y[5, 13, 25, 27, 22, 10, 5] = 0.12  90.21
y[5, 23, 5] = 0.62  16.0
y[5, 12, 6, 22, 27, 8, 13, 5] = 0.25  93.78
y[5, 8, 25, 27, 22, 6, 10, 5] = 0.5  92.46
y[5, 18, 22, 24, 6, 26, 5] = 0.12  78.07
y[5, 29, 7, 9, 11, 30, 6, 12, 5] = 0.12  93.54
y[5, 18, 10, 27, 25, 13, 5] = 0.12  85.25
y[5, 12, 18, 10, 13, 21, 5] = 0.25  57.57
y[5, 14, 21, 12, 18, 5] = 0.38  43.12
y[5, 16, 17, 28, 19, 29, 20, 15, 5] = 0.87  97.46
true  1
-------------Iter CG 4-------------
LP Objective Value = 455.29,   sum y = 5.0
x[1, 2, 5, 1],  93.16
y[5, 16, 17, 28, 19, 20, 15, 18, 5] = 0.12  101.04
y[5, 14, 8, 25, 13, 5] = 0.25  69.96
y[5, 23, 21, 14, 5] = 0.38  39.3
y[5, 26, 24, 30, 11, 9, 7, 5] = 0.88  89.58
y[5, 13, 25, 27, 22, 10, 5] = 0.12  90.21
y[5, 23, 5] = 0.62  16.0
y[5, 12, 6, 22, 27, 8, 13, 5] = 0.25  93.78
y[5, 8, 25, 27, 22, 6, 10, 5] = 0.5  92.46
y[5, 18, 22, 24, 6, 26, 5] = 0.12  78.07
y[5, 29, 7, 9, 11, 30, 6, 12, 5] = 0.12  93.54
y[5, 18, 10, 27, 25, 13, 5] = 0.13  85.25
y[5, 12, 18, 10, 13, 21, 5] = 0.25  57.57
y[5, 14, 21, 12, 18, 5] = 0.38  43.12
y[5, 16, 17, 28, 19, 29, 20, 15, 5] = 0.88  97.46
false  0

================Iteration 7 of B&P for SP1 [1, 2, 5, 1] parkings[5]================
Display selected node 11, parent node 10: from 5 nodes
- Branching node in depth: 6
   + Customers MUST      served together:  (7, 11)  (9, 11)  (11, 20)  
   + Customers FORBIDDEN served together:  (11, 28)  (11, 15)  
   # Total number of 2e routes cannot UNDER:   5  

  Branching node with fractional score: 3.2
  Branching node with cg lower bound: 452.4
  Branching node with LB reduction: 0.0
  Branching node with FS reduction: 0.0
  Total reduction: 0.0
Route(36.4049790107182, [2, 6, 4], 19, 5, Int64[], [0, 0, 0, 0, 0, 1, 0, 0, 0, 0, 0, 0, 0, 0, 0, 0, 0, 0, 0, 0, 0, 0, 0, 0, 0, 0, 0, 0, 0, 0], [0, 0, 0, 1, 0], [0, 1, 0, 0, 0])  0.5999999999999999
Route(72.63712634521085, [5, 14, 22, 10, 5], 7378, 25, Int64[], [0, 0, 0, 0, 0, 0, 0, 0, 0, 1, 0, 0, 0, 1, 0, 0, 0, 0, 0, 0, 0, 1, 0, 0, 0, 0, 0, 0, 0, 0], [0, 0, 0, 0, 1], [0, 0, 0, 0, 1])  0.40000000000000013
Route(89.06903086128682, [5, 12, 29, 7, 9, 15, 5], 8700, 31, Int64[], [0, 0, 0, 0, 0, 0, 1, 0, 1, 0, 0, 1, 0, 0, 1, 0, 0, 0, 0, 0, 0, 0, 0, 0, 0, 0, 0, 0, 1, 0], [0, 0, 0, 0, 1], [0, 0, 0, 0, 1])  0.3999999999999998
Route(100.65953752949646, [5, 17, 28, 19, 29, 20, 15, 12, 5], 8987, 46, Int64[], [0, 0, 0, 0, 0, 0, 0, 0, 0, 0, 0, 1, 0, 0, 1, 0, 1, 0, 1, 1, 0, 0, 0, 0, 0, 0, 0, 1, 1, 0], [0, 0, 0, 0, 1], [0, 0, 0, 0, 1])  0.20000000000000004
Route(112.37017685087446, [5, 16, 28, 19, 11, 30, 24, 5], 9306, 42, Int64[], [0, 0, 0, 0, 0, 0, 0, 0, 0, 0, 1, 0, 0, 0, 0, 1, 0, 0, 1, 0, 0, 0, 0, 1, 0, 0, 0, 1, 0, 1], [0, 0, 0, 0, 1], [0, 0, 0, 0, 1])  0.2
Route(113.53406801629585, [5, 17, 28, 9, 11, 26, 16, 5], 9527, 45, Int64[], [0, 0, 0, 0, 0, 0, 0, 0, 1, 0, 1, 0, 0, 0, 0, 1, 1, 0, 0, 0, 0, 0, 0, 0, 0, 1, 0, 1, 0, 0], [0, 0, 0, 0, 1], [0, 0, 0, 0, 1])  0.7999999999999999
Route(90.47808093757833, [5, 16, 20, 9, 11, 24, 26, 14, 5], 9855, 49, Int64[], [0, 0, 0, 0, 0, 0, 0, 0, 1, 0, 1, 0, 0, 1, 0, 1, 0, 0, 0, 1, 0, 0, 0, 1, 0, 1, 0, 0, 0, 0], [0, 0, 0, 0, 1], [0, 0, 0, 0, 1])  0.2000000000000001
Route(108.58644744183599, [5, 26, 9, 11, 24, 22, 27, 5], 9948, 50, Int64[], [0, 0, 0, 0, 0, 0, 0, 0, 1, 0, 1, 0, 0, 0, 0, 0, 0, 0, 0, 0, 0, 1, 0, 1, 0, 1, 1, 0, 0, 0], [0, 0, 0, 0, 1], [0, 0, 0, 0, 1])  0.19999999999999987
Route(99.36334196580621, [5, 26, 9, 11, 24, 25, 5], 9949, 47, Int64[], [0, 0, 0, 0, 0, 0, 0, 0, 1, 0, 1, 0, 0, 0, 0, 0, 0, 0, 0, 0, 0, 0, 0, 1, 1, 1, 0, 0, 0, 0], [0, 0, 0, 0, 1], [0, 0, 0, 0, 1])  0.4
Route(121.42810212337008, [5, 20, 15, 26, 24, 11, 9, 28, 19, 5], 9968, 48, Int64[], [0, 0, 0, 0, 0, 0, 0, 0, 1, 0, 1, 0, 0, 0, 1, 0, 0, 0, 1, 1, 0, 0, 0, 1, 0, 1, 0, 1, 0, 0], [0, 0, 0, 0, 1], [0, 0, 0, 0, 1])  0.20000000000000007
Route(122.72411199177432, [5, 20, 15, 26, 24, 11, 9, 7, 28, 19, 5], 9971, 49, Int64[], [0, 0, 0, 0, 0, 0, 1, 0, 1, 0, 1, 0, 0, 0, 1, 0, 0, 0, 1, 1, 0, 0, 0, 1, 0, 1, 0, 1, 0, 0], [0, 0, 0, 0, 1], [0, 0, 0, 0, 1])  0.20000000000000007
Route(102.82390326164418, [5, 20, 15, 9, 11, 24, 25, 5], 9977, 48, Int64[], [0, 0, 0, 0, 0, 0, 0, 0, 1, 0, 1, 0, 0, 0, 1, 0, 0, 0, 0, 1, 0, 0, 0, 1, 1, 0, 0, 0, 0, 0], [0, 0, 0, 0, 1], [0, 0, 0, 0, 1])  0.20000000000000004
Route(112.24103263127151, [5, 20, 9, 11, 30, 24, 27, 5], 10000, 46, Int64[], [0, 0, 0, 0, 0, 0, 0, 0, 1, 0, 1, 0, 0, 0, 0, 0, 0, 0, 0, 1, 0, 0, 0, 1, 0, 0, 1, 0, 0, 1], [0, 0, 0, 0, 1], [0, 0, 0, 0, 1])  1.0

Solve a child node 13
   + Customers MUST      served together:  (7, 11)  (11, 19)  (9, 11)  (11, 20)  
   + Customers FORBIDDEN served together:  (11, 28)  (11, 15)  
   # Total number of 2e routes cannot UNDER:   5  

-------------Iter CG 1-------------
LP Objective Value = 469.01,   sum y = 5.0
x[1, 2, 5, 1],  93.16
y[5, 16, 28, 29, 26, 15, 17, 5] = 0.5  108.6
y[5, 14, 8, 25, 13, 5] = 0.2  69.96
y[5, 23, 21, 14, 5] = 0.33  39.3
y[5, 8, 25, 27, 22, 10, 12, 5] = 0.47  88.59
y[5, 16, 17, 18, 21, 5] = 0.2  63.48
y[5, 13, 25, 27, 22, 12, 5] = 0.07  90.2
y[5, 13, 8, 27, 22, 26, 5] = 0.1  93.52
y[5, 15, 22, 27, 8, 13, 5] = 0.1  94.62
y[5, 13, 25, 27, 22, 10, 5] = 0.27  90.21
y[5, 18, 10, 8, 13, 14, 5] = 0.13  68.24
y[5, 23, 5] = 0.67  16.0
y[5, 16, 28, 29, 17, 5] = 0.1  84.28
y[5, 6, 24, 30, 11, 9, 7, 19, 20, 5] = 1.0  101.54
y[5, 17, 28, 29, 26, 15, 5] = 0.2  98.37
y[5, 12, 18, 10, 13, 21, 5] = 0.13  57.57
y[5, 14, 21, 12, 18, 5] = 0.33  43.12
y[5, 16, 28, 29, 15, 26, 18, 5] = 0.2  100.48
true  44
-------------Iter CG 2-------------
LP Objective Value = 460.85,   sum y = 5.0
x[1, 2, 5, 1],  93.16
y[5, 14, 8, 25, 13, 5] = 0.18  69.96
y[5, 16, 17, 28, 29, 18, 5] = 0.18  93.91
y[5, 23, 21, 14, 5] = 0.27  39.3
y[5, 8, 25, 27, 22, 10, 12, 5] = 0.36  88.59
y[5, 16, 17, 28, 29, 26, 15, 5] = 0.82  99.14
y[5, 14, 21, 18, 5] = 0.09  42.75
y[5, 13, 8, 27, 22, 26, 5] = 0.18  93.52
y[5, 15, 22, 27, 8, 25, 5] = 0.18  96.8
y[5, 13, 25, 27, 22, 10, 5] = 0.27  90.21
y[5, 18, 10, 8, 13, 14, 5] = 0.09  68.24
y[5, 23, 5] = 0.73  16.0
y[5, 6, 24, 30, 11, 9, 7, 19, 20, 5] = 1.0  101.54
y[5, 12, 18, 10, 13, 21, 5] = 0.27  57.57
y[5, 14, 21, 12, 18, 5] = 0.36  43.12
true  12
-------------Iter CG 3-------------
LP Objective Value = 460.12,   sum y = 5.0
x[1, 2, 5, 1],  93.16
y[5, 14, 8, 25, 13, 5] = 0.18  69.96
y[5, 16, 17, 28, 29, 18, 5] = 0.18  93.91
y[5, 23, 21, 14, 5] = 0.27  39.3
y[5, 8, 25, 27, 22, 10, 12, 5] = 0.36  88.59
y[5, 16, 17, 28, 29, 26, 15, 5] = 0.82  99.14
y[5, 14, 21, 18, 5] = 0.09  42.75
y[5, 13, 8, 27, 22, 26, 5] = 0.18  93.52
y[5, 13, 25, 27, 22, 10, 5] = 0.27  90.21
y[5, 18, 10, 8, 13, 14, 5] = 0.09  68.24
y[5, 23, 5] = 0.73  16.0
y[5, 6, 24, 30, 11, 9, 7, 19, 20, 5] = 1.0  101.54
y[5, 12, 18, 10, 13, 21, 5] = 0.27  57.57
y[5, 14, 21, 12, 18, 5] = 0.36  43.12
y[5, 8, 25, 27, 22, 15, 5] = 0.18  92.81
false  0
Exceed Upper Bound, prune

Solve a child node 14
   + Customers MUST      served together:  (7, 11)  (9, 11)  (11, 20)  
   + Customers FORBIDDEN served together:  (11, 28)  (11, 19)  (11, 15)  
   # Total number of 2e routes cannot UNDER:   5  

-------------Iter CG 1-------------
LP Objective Value = 452.4,   sum y = 5.0
x[1, 2, 5, 1],  93.16
y[5, 23, 21, 14, 5] = 0.4  39.3
y[5, 20, 7, 9, 11, 30, 24, 26, 5] = 0.8  89.67
y[5, 13, 25, 27, 22, 12, 5] = 0.2  90.2
y[5, 26, 6, 22, 8, 13, 5] = 0.2  83.62
y[5, 8, 25, 27, 22, 6, 5] = 0.2  91.16
y[5, 18, 10, 8, 13, 14, 5] = 0.2  68.24
y[5, 23, 5] = 0.6  16.0
y[5, 8, 25, 27, 22, 6, 10, 5] = 0.4  92.46
y[5, 16, 17, 28, 19, 29, 15, 5] = 1.0  94.65
y[5, 18, 10, 27, 25, 13, 5] = 0.2  85.25
y[5, 12, 6, 24, 30, 11, 9, 7, 20, 5] = 0.2  90.47
y[5, 12, 18, 10, 13, 21, 5] = 0.2  57.57
y[5, 14, 21, 12, 18, 5] = 0.4  43.12
true  5
-------------Iter CG 2-------------
LP Objective Value = 452.4,   sum y = 5.0
x[1, 2, 5, 1],  93.16
y[5, 14, 8, 25, 13, 5] = 0.25  69.96
y[5, 23, 21, 14, 5] = 0.38  39.3
y[5, 16, 17, 28, 19, 15, 18, 12, 5] = 0.12  97.11
y[5, 20, 7, 9, 11, 30, 24, 26, 5] = 0.88  89.67
y[5, 13, 25, 27, 22, 10, 5] = 0.12  90.21
y[5, 23, 5] = 0.62  16.0
y[5, 12, 6, 22, 27, 8, 13, 5] = 0.25  93.78
y[5, 8, 25, 27, 22, 6, 10, 5] = 0.5  92.46
y[5, 18, 22, 24, 6, 26, 5] = 0.13  78.07
y[5, 16, 17, 28, 19, 29, 15, 5] = 0.88  94.65
y[5, 18, 10, 27, 25, 13, 5] = 0.12  85.25
y[5, 12, 18, 10, 13, 21, 5] = 0.25  57.57
y[5, 14, 21, 12, 18, 5] = 0.38  43.12
y[5, 20, 29, 7, 9, 11, 30, 6, 5] = 0.12  93.31
false  0

================Iteration 8 of B&P for SP1 [1, 2, 5, 1] parkings[5]================
Display selected node 14, parent node 11: from 5 nodes
- Branching node in depth: 7
   + Customers MUST      served together:  (7, 11)  (9, 11)  (11, 20)  
   + Customers FORBIDDEN served together:  (11, 28)  (11, 19)  (11, 15)  
   # Total number of 2e routes cannot UNDER:   5  

  Branching node with fractional score: 3.25
  Branching node with cg lower bound: 452.4
  Branching node with LB reduction: -0.0
  Branching node with FS reduction: 0.01
  Total reduction: 0.02
Route(36.4049790107182, [2, 6, 4], 19, 5, Int64[], [0, 0, 0, 0, 0, 1, 0, 0, 0, 0, 0, 0, 0, 0, 0, 0, 0, 0, 0, 0, 0, 0, 0, 0, 0, 0, 0, 0, 0, 0], [0, 0, 0, 1, 0], [0, 1, 0, 0, 0])  0.625
Route(93.6503072867382, [5, 25, 22, 13, 10, 12, 5], 6464, 46, Int64[], [0, 0, 0, 0, 0, 0, 0, 0, 0, 1, 0, 1, 1, 0, 0, 0, 0, 0, 0, 0, 0, 1, 0, 0, 1, 0, 0, 0, 0, 0], [0, 0, 0, 0, 1], [0, 0, 0, 0, 1])  0.12499999999999997
Route(72.63712634521085, [5, 14, 22, 10, 5], 7378, 25, Int64[], [0, 0, 0, 0, 0, 0, 0, 0, 0, 1, 0, 0, 0, 1, 0, 0, 0, 0, 0, 0, 0, 1, 0, 0, 0, 0, 0, 0, 0, 0], [0, 0, 0, 0, 1], [0, 0, 0, 0, 1])  0.375
Route(89.06903086128682, [5, 12, 29, 7, 9, 15, 5], 8700, 31, Int64[], [0, 0, 0, 0, 0, 0, 1, 0, 1, 0, 0, 1, 0, 0, 1, 0, 0, 0, 0, 0, 0, 0, 0, 0, 0, 0, 0, 0, 1, 0], [0, 0, 0, 0, 1], [0, 0, 0, 0, 1])  0.375
Route(113.41670378347719, [5, 17, 28, 19, 30, 6, 10, 5], 8992, 43, Int64[], [0, 0, 0, 0, 0, 1, 0, 0, 0, 1, 0, 0, 0, 0, 0, 0, 1, 0, 1, 0, 0, 0, 0, 0, 0, 0, 0, 1, 0, 1], [0, 0, 0, 0, 1], [0, 0, 0, 0, 1])  0.24999999999999992
Route(112.37017685087446, [5, 16, 28, 19, 11, 30, 24, 5], 9306, 42, Int64[], [0, 0, 0, 0, 0, 0, 0, 0, 0, 0, 1, 0, 0, 0, 0, 1, 0, 0, 1, 0, 0, 0, 0, 1, 0, 0, 0, 1, 0, 1], [0, 0, 0, 0, 1], [0, 0, 0, 0, 1])  0.12499999999999999
Route(83.52206101353013, [5, 18, 24, 11, 9, 20, 5], 9664, 40, Int64[], [0, 0, 0, 0, 0, 0, 0, 0, 1, 0, 1, 0, 0, 0, 0, 0, 0, 1, 0, 1, 0, 0, 0, 1, 0, 0, 0, 0, 0, 0], [0, 0, 0, 0, 1], [0, 0, 0, 0, 1])  0.875
Route(108.35270639629944, [5, 16, 28, 9, 11, 24, 26, 5], 9767, 40, Int64[], [0, 0, 0, 0, 0, 0, 0, 0, 1, 0, 1, 0, 0, 0, 0, 1, 0, 0, 0, 0, 0, 0, 0, 1, 0, 1, 0, 1, 0, 0], [0, 0, 0, 0, 1], [0, 0, 0, 0, 1])  0.25000000000000006
Route(87.21892078225264, [5, 16, 20, 9, 11, 24, 18, 5], 9849, 44, Int64[], [0, 0, 0, 0, 0, 0, 0, 0, 1, 0, 1, 0, 0, 0, 0, 1, 0, 1, 0, 1, 0, 0, 0, 1, 0, 0, 0, 0, 0, 0], [0, 0, 0, 0, 1], [0, 0, 0, 0, 1])  0.12500000000000006
Route(99.36334196580621, [5, 26, 9, 11, 24, 25, 5], 9949, 47, Int64[], [0, 0, 0, 0, 0, 0, 0, 0, 1, 0, 1, 0, 0, 0, 0, 0, 0, 0, 0, 0, 0, 0, 0, 1, 1, 1, 0, 0, 0, 0], [0, 0, 0, 0, 1], [0, 0, 0, 0, 1])  0.5
Route(93.23327592164438, [5, 20, 15, 26, 24, 11, 30, 5], 9965, 48, Int64[], [0, 0, 0, 0, 0, 0, 0, 0, 0, 0, 1, 0, 0, 0, 1, 0, 0, 0, 0, 1, 0, 0, 0, 1, 0, 1, 0, 0, 0, 1], [0, 0, 0, 0, 1], [0, 0, 0, 0, 1])  0.125
Route(122.72411199177432, [5, 20, 15, 26, 24, 11, 9, 7, 28, 19, 5], 9971, 49, Int64[], [0, 0, 0, 0, 0, 0, 1, 0, 1, 0, 1, 0, 0, 0, 1, 0, 0, 0, 1, 1, 0, 0, 0, 1, 0, 1, 0, 1, 0, 0], [0, 0, 0, 0, 1], [0, 0, 0, 0, 1])  0.25000000000000006
Route(112.24103263127151, [5, 20, 9, 11, 30, 24, 27, 5], 10000, 46, Int64[], [0, 0, 0, 0, 0, 0, 0, 0, 1, 0, 1, 0, 0, 0, 0, 0, 0, 0, 0, 1, 0, 0, 0, 1, 0, 0, 1, 0, 0, 1], [0, 0, 0, 0, 1], [0, 0, 0, 0, 1])  0.875
Route(87.41870955870928, [5, 20, 7, 9, 11, 24, 6, 26, 15, 5], 10071, 47, Int64[], [0, 0, 0, 0, 0, 1, 1, 0, 1, 0, 1, 0, 0, 0, 1, 0, 0, 0, 0, 1, 0, 0, 0, 1, 0, 1, 0, 0, 0, 0], [0, 0, 0, 0, 1], [0, 0, 0, 0, 1])  0.125

Solve a child node 15
   + Customers MUST      served together:  (7, 11)  (9, 11)  (11, 20)  (9, 24)  
   + Customers FORBIDDEN served together:  (11, 28)  (11, 19)  (11, 15)  
   # Total number of 2e routes cannot UNDER:   5  

-------------Iter CG 1-------------
LP Objective Value = 452.4,   sum y = 5.0
x[1, 2, 5, 1],  93.16
y[5, 23, 21, 14, 5] = 0.4  39.3
y[5, 20, 7, 9, 11, 30, 24, 26, 5] = 0.8  89.67
y[5, 13, 25, 27, 22, 12, 5] = 0.2  90.2
y[5, 26, 6, 22, 8, 13, 5] = 0.2  83.62
y[5, 8, 25, 27, 22, 6, 5] = 0.2  91.16
y[5, 18, 10, 8, 13, 14, 5] = 0.2  68.24
y[5, 23, 5] = 0.6  16.0
y[5, 8, 25, 27, 22, 6, 10, 5] = 0.4  92.46
y[5, 16, 17, 28, 19, 29, 15, 5] = 1.0  94.65
y[5, 18, 10, 27, 25, 13, 5] = 0.2  85.25
y[5, 12, 6, 24, 30, 11, 9, 7, 20, 5] = 0.2  90.47
y[5, 12, 18, 10, 13, 21, 5] = 0.2  57.57
y[5, 14, 21, 12, 18, 5] = 0.4  43.12
false  0

Solve a child node 16
   + Customers MUST      served together:  (7, 11)  (9, 11)  (11, 20)  
   + Customers FORBIDDEN served together:  (11, 28)  (11, 19)  (9, 24)  (11, 15)  
   # Total number of 2e routes cannot UNDER:   5  

-------------Iter CG 1-------------
LP Objective Value = 466.55,   sum y = 5.0
x[1, 2, 5, 1],  93.16
y[5, 20, 29, 7, 9, 11, 30, 6, 10, 5] = 0.39  94.62
y[5, 14, 8, 25, 13, 5] = 0.33  69.96
y[5, 23, 21, 14, 5] = 0.42  39.3
y[5, 16, 17, 28, 19, 15, 18, 12, 5] = 0.09  97.11
y[5, 13, 25, 27, 22, 12, 5] = 0.33  90.2
y[5, 17, 28, 19, 30, 24, 5] = 0.06  111.91
y[5, 18, 26, 11, 9, 7, 20, 5] = 0.24  83.24
y[5, 17, 20, 7, 9, 11, 30, 5] = 0.18  93.29
y[5, 17, 28, 19, 29, 26, 15, 5] = 0.06  102.14
y[5, 23, 5] = 0.58  16.0
y[5, 16, 17, 28, 19, 29, 15, 5] = 0.48  94.65
y[5, 15, 6, 24, 22, 10, 18, 5] = 0.09  79.75
y[5, 15, 6, 24, 22, 27, 8, 5] = 0.15  96.39
y[5, 12, 18, 10, 13, 21, 5] = 0.33  57.57
y[5, 26, 24, 27, 25, 8, 5] = 0.21  94.3
y[5, 14, 21, 12, 18, 5] = 0.24  43.12
y[5, 10, 8, 27, 22, 24, 26, 5] = 0.18  95.92
y[5, 8, 25, 27, 22, 15, 5] = 0.12  92.81
y[5, 16, 28, 19, 30, 24, 6, 26, 5] = 0.3  113.09
y[5, 20, 29, 7, 9, 11, 30, 6, 5] = 0.06  93.31
y[5, 16, 17, 20, 7, 9, 11, 22, 5] = 0.12  98.26
true  6
-------------Iter CG 2-------------
LP Objective Value = 463.87,   sum y = 5.0
x[1, 2, 5, 1],  93.16
y[5, 20, 29, 7, 9, 11, 30, 6, 10, 5] = 0.5  94.62
y[5, 14, 8, 25, 13, 5] = 0.39  69.96
y[5, 23, 21, 14, 5] = 0.32  39.3
y[5, 16, 17, 20, 7, 9, 11, 26, 5] = 0.11  87.59
y[5, 16, 17, 28, 19, 15, 18, 12, 5] = 0.21  97.11
y[5, 17, 20, 7, 9, 11, 30, 5] = 0.18  93.29
y[5, 28, 19, 24, 22, 27, 25, 5] = 0.18  131.2
y[5, 17, 28, 19, 29, 26, 15, 5] = 0.04  102.14
y[5, 23, 5] = 0.68  16.0
y[5, 16, 17, 20, 7, 9, 11, 26, 12, 5] = 0.11  89.44
y[5, 26, 24, 22, 27, 13, 5] = 0.21  95.64
y[5, 18, 22, 24, 6, 26, 5] = 0.11  78.07
y[5, 16, 17, 28, 19, 29, 15, 5] = 0.36  94.65
y[5, 15, 6, 24, 22, 27, 8, 5] = 0.07  96.39
y[5, 12, 18, 10, 13, 21, 5] = 0.39  57.57
y[5, 26, 24, 27, 25, 8, 5] = 0.11  94.3
y[5, 14, 21, 12, 18, 5] = 0.29  43.12
y[5, 10, 8, 27, 22, 24, 26, 5] = 0.11  95.92
y[5, 8, 25, 27, 22, 15, 5] = 0.32  92.81
y[5, 16, 28, 19, 30, 24, 6, 26, 5] = 0.21  113.09
y[5, 20, 29, 7, 9, 11, 30, 6, 5] = 0.11  93.31
false  0
Exceed Upper Bound, prune

================Iteration 9 of B&P for SP1 [1, 2, 5, 1] parkings[5]================
Display selected node 15, parent node 14: from 5 nodes
- Branching node in depth: 8
   + Customers MUST      served together:  (7, 11)  (9, 11)  (11, 20)  (9, 24)  
   + Customers FORBIDDEN served together:  (11, 28)  (11, 19)  (11, 15)  
   # Total number of 2e routes cannot UNDER:   5  

  Branching node with fractional score: 3.2
  Branching node with cg lower bound: 452.4
  Branching node with LB reduction: 0.0
  Branching node with FS reduction: -0.01
  Total reduction: -0.02
Route(36.4049790107182, [2, 6, 4], 19, 5, Int64[], [0, 0, 0, 0, 0, 1, 0, 0, 0, 0, 0, 0, 0, 0, 0, 0, 0, 0, 0, 0, 0, 0, 0, 0, 0, 0, 0, 0, 0, 0], [0, 0, 0, 1, 0], [0, 1, 0, 0, 0])  0.6
Route(72.63712634521085, [5, 14, 22, 10, 5], 7378, 25, Int64[], [0, 0, 0, 0, 0, 0, 0, 0, 0, 1, 0, 0, 0, 1, 0, 0, 0, 0, 0, 0, 0, 1, 0, 0, 0, 0, 0, 0, 0, 0], [0, 0, 0, 0, 1], [0, 0, 0, 0, 1])  0.4
Route(89.06903086128682, [5, 12, 29, 7, 9, 15, 5], 8700, 31, Int64[], [0, 0, 0, 0, 0, 0, 1, 0, 1, 0, 0, 1, 0, 0, 1, 0, 0, 0, 0, 0, 0, 0, 0, 0, 0, 0, 0, 0, 1, 0], [0, 0, 0, 0, 1], [0, 0, 0, 0, 1])  0.4
Route(100.65953752949646, [5, 17, 28, 19, 29, 20, 15, 12, 5], 8987, 46, Int64[], [0, 0, 0, 0, 0, 0, 0, 0, 0, 0, 0, 1, 0, 0, 1, 0, 1, 0, 1, 1, 0, 0, 0, 0, 0, 0, 0, 1, 1, 0], [0, 0, 0, 0, 1], [0, 0, 0, 0, 1])  0.20000000000000007
Route(112.37017685087446, [5, 16, 28, 19, 11, 30, 24, 5], 9306, 42, Int64[], [0, 0, 0, 0, 0, 0, 0, 0, 0, 0, 1, 0, 0, 0, 0, 1, 0, 0, 1, 0, 0, 0, 0, 1, 0, 0, 0, 1, 0, 1], [0, 0, 0, 0, 1], [0, 0, 0, 0, 1])  0.2
Route(83.52206101353013, [5, 18, 24, 11, 9, 20, 5], 9664, 40, Int64[], [0, 0, 0, 0, 0, 0, 0, 0, 1, 0, 1, 0, 0, 0, 0, 0, 0, 1, 0, 1, 0, 0, 0, 1, 0, 0, 0, 0, 0, 0], [0, 0, 0, 0, 1], [0, 0, 0, 0, 1])  0.7999999999999999
Route(90.47808093757833, [5, 16, 20, 9, 11, 24, 26, 14, 5], 9855, 49, Int64[], [0, 0, 0, 0, 0, 0, 0, 0, 1, 0, 1, 0, 0, 1, 0, 1, 0, 0, 0, 1, 0, 0, 0, 1, 0, 1, 0, 0, 0, 0], [0, 0, 0, 0, 1], [0, 0, 0, 0, 1])  0.1999999999999999
Route(108.58644744183599, [5, 26, 9, 11, 24, 22, 27, 5], 9948, 50, Int64[], [0, 0, 0, 0, 0, 0, 0, 0, 1, 0, 1, 0, 0, 0, 0, 0, 0, 0, 0, 0, 0, 1, 0, 1, 0, 1, 1, 0, 0, 0], [0, 0, 0, 0, 1], [0, 0, 0, 0, 1])  0.1999999999999999
Route(99.36334196580621, [5, 26, 9, 11, 24, 25, 5], 9949, 47, Int64[], [0, 0, 0, 0, 0, 0, 0, 0, 1, 0, 1, 0, 0, 0, 0, 0, 0, 0, 0, 0, 0, 0, 0, 1, 1, 1, 0, 0, 0, 0], [0, 0, 0, 0, 1], [0, 0, 0, 0, 1])  0.4000000000000001
Route(121.42810212337008, [5, 20, 15, 26, 24, 11, 9, 28, 19, 5], 9968, 48, Int64[], [0, 0, 0, 0, 0, 0, 0, 0, 1, 0, 1, 0, 0, 0, 1, 0, 0, 0, 1, 1, 0, 0, 0, 1, 0, 1, 0, 1, 0, 0], [0, 0, 0, 0, 1], [0, 0, 0, 0, 1])  0.19999999999999996
Route(122.72411199177432, [5, 20, 15, 26, 24, 11, 9, 7, 28, 19, 5], 9971, 49, Int64[], [0, 0, 0, 0, 0, 0, 1, 0, 1, 0, 1, 0, 0, 0, 1, 0, 0, 0, 1, 1, 0, 0, 0, 1, 0, 1, 0, 1, 0, 0], [0, 0, 0, 0, 1], [0, 0, 0, 0, 1])  0.1999999999999999
Route(102.82390326164418, [5, 20, 15, 9, 11, 24, 25, 5], 9977, 48, Int64[], [0, 0, 0, 0, 0, 0, 0, 0, 1, 0, 1, 0, 0, 0, 1, 0, 0, 0, 0, 1, 0, 0, 0, 1, 1, 0, 0, 0, 0, 0], [0, 0, 0, 0, 1], [0, 0, 0, 0, 1])  0.20000000000000007
Route(112.24103263127151, [5, 20, 9, 11, 30, 24, 27, 5], 10000, 46, Int64[], [0, 0, 0, 0, 0, 0, 0, 0, 1, 0, 1, 0, 0, 0, 0, 0, 0, 0, 0, 1, 0, 0, 0, 1, 0, 0, 1, 0, 0, 1], [0, 0, 0, 0, 1], [0, 0, 0, 0, 1])  1.0

Solve a child node 17
   + Customers MUST      served together:  (7, 11)  (20, 24)  (9, 11)  (11, 20)  (9, 24)  
   + Customers FORBIDDEN served together:  (11, 28)  (11, 19)  (11, 15)  
   # Total number of 2e routes cannot UNDER:   5  

-------------Iter CG 1-------------
LP Objective Value = 452.4,   sum y = 5.0
x[1, 2, 5, 1],  93.16
y[5, 23, 21, 14, 5] = 0.4  39.3
y[5, 20, 7, 9, 11, 30, 24, 26, 5] = 0.8  89.67
y[5, 13, 25, 27, 22, 12, 5] = 0.2  90.2
y[5, 26, 6, 22, 8, 13, 5] = 0.2  83.62
y[5, 8, 25, 27, 22, 6, 5] = 0.2  91.16
y[5, 18, 10, 8, 13, 14, 5] = 0.2  68.24
y[5, 23, 5] = 0.6  16.0
y[5, 8, 25, 27, 22, 6, 10, 5] = 0.4  92.46
y[5, 16, 17, 28, 19, 29, 15, 5] = 1.0  94.65
y[5, 18, 10, 27, 25, 13, 5] = 0.2  85.25
y[5, 12, 6, 24, 30, 11, 9, 7, 20, 5] = 0.2  90.47
y[5, 12, 18, 10, 13, 21, 5] = 0.2  57.57
y[5, 14, 21, 12, 18, 5] = 0.4  43.12
true  4
-------------Iter CG 2-------------
LP Objective Value = 452.4,   sum y = 5.0
x[1, 2, 5, 1],  93.16
y[5, 23, 21, 14, 5] = 0.4  39.3
y[5, 20, 7, 9, 11, 30, 24, 26, 5] = 0.8  89.67
y[5, 13, 25, 27, 22, 12, 5] = 0.2  90.2
y[5, 26, 6, 22, 8, 13, 5] = 0.2  83.62
y[5, 8, 25, 27, 22, 6, 5] = 0.2  91.16
y[5, 18, 10, 8, 13, 14, 5] = 0.2  68.24
y[5, 23, 5] = 0.6  16.0
y[5, 8, 25, 27, 22, 6, 10, 5] = 0.4  92.46
y[5, 16, 17, 28, 19, 29, 15, 5] = 1.0  94.65
y[5, 18, 10, 27, 25, 13, 5] = 0.2  85.25
y[5, 12, 6, 24, 30, 11, 9, 7, 20, 5] = 0.2  90.47
y[5, 12, 18, 10, 13, 21, 5] = 0.2  57.57
y[5, 14, 21, 12, 18, 5] = 0.4  43.12
false  0

Solve a child node 18
   + Customers MUST      served together:  (7, 11)  (9, 11)  (11, 20)  (9, 24)  
   + Customers FORBIDDEN served together:  (11, 28)  (11, 19)  (20, 24)  (11, 15)  
   # Total number of 2e routes cannot UNDER:   5  

-------------Iter CG 1-------------
No feasible solution for LMP

================Iteration 10 of B&P for SP1 [1, 2, 5, 1] parkings[5]================
Display selected node 17, parent node 15: from 5 nodes
- Branching node in depth: 9
   + Customers MUST      served together:  (7, 11)  (20, 24)  (9, 11)  (11, 20)  (9, 24)  
   + Customers FORBIDDEN served together:  (11, 28)  (11, 19)  (11, 15)  
   # Total number of 2e routes cannot UNDER:   5  

  Branching node with fractional score: 3.2
  Branching node with cg lower bound: 452.4
  Branching node with LB reduction: -0.0
  Branching node with FS reduction: 0.0
  Total reduction: -0.0
Route(36.4049790107182, [2, 6, 4], 19, 5, Int64[], [0, 0, 0, 0, 0, 1, 0, 0, 0, 0, 0, 0, 0, 0, 0, 0, 0, 0, 0, 0, 0, 0, 0, 0, 0, 0, 0, 0, 0, 0], [0, 0, 0, 1, 0], [0, 1, 0, 0, 0])  0.6000000000000001
Route(72.63712634521085, [5, 14, 22, 10, 5], 7378, 25, Int64[], [0, 0, 0, 0, 0, 0, 0, 0, 0, 1, 0, 0, 0, 1, 0, 0, 0, 0, 0, 0, 0, 1, 0, 0, 0, 0, 0, 0, 0, 0], [0, 0, 0, 0, 1], [0, 0, 0, 0, 1])  0.39999999999999997
Route(89.06903086128682, [5, 12, 29, 7, 9, 15, 5], 8700, 31, Int64[], [0, 0, 0, 0, 0, 0, 1, 0, 1, 0, 0, 1, 0, 0, 1, 0, 0, 0, 0, 0, 0, 0, 0, 0, 0, 0, 0, 0, 1, 0], [0, 0, 0, 0, 1], [0, 0, 0, 0, 1])  0.4000000000000001
Route(100.65953752949646, [5, 17, 28, 19, 29, 20, 15, 12, 5], 8987, 46, Int64[], [0, 0, 0, 0, 0, 0, 0, 0, 0, 0, 0, 1, 0, 0, 1, 0, 1, 0, 1, 1, 0, 0, 0, 0, 0, 0, 0, 1, 1, 0], [0, 0, 0, 0, 1], [0, 0, 0, 0, 1])  0.2
Route(112.37017685087446, [5, 16, 28, 19, 11, 30, 24, 5], 9306, 42, Int64[], [0, 0, 0, 0, 0, 0, 0, 0, 0, 0, 1, 0, 0, 0, 0, 1, 0, 0, 1, 0, 0, 0, 0, 1, 0, 0, 0, 1, 0, 1], [0, 0, 0, 0, 1], [0, 0, 0, 0, 1])  0.2
Route(83.52206101353013, [5, 18, 24, 11, 9, 20, 5], 9664, 40, Int64[], [0, 0, 0, 0, 0, 0, 0, 0, 1, 0, 1, 0, 0, 0, 0, 0, 0, 1, 0, 1, 0, 0, 0, 1, 0, 0, 0, 0, 0, 0], [0, 0, 0, 0, 1], [0, 0, 0, 0, 1])  0.8
Route(90.47808093757833, [5, 16, 20, 9, 11, 24, 26, 14, 5], 9855, 49, Int64[], [0, 0, 0, 0, 0, 0, 0, 0, 1, 0, 1, 0, 0, 1, 0, 1, 0, 0, 0, 1, 0, 0, 0, 1, 0, 1, 0, 0, 0, 0], [0, 0, 0, 0, 1], [0, 0, 0, 0, 1])  0.2
Route(108.58644744183599, [5, 26, 9, 11, 24, 22, 27, 5], 9948, 50, Int64[], [0, 0, 0, 0, 0, 0, 0, 0, 1, 0, 1, 0, 0, 0, 0, 0, 0, 0, 0, 0, 0, 1, 0, 1, 0, 1, 1, 0, 0, 0], [0, 0, 0, 0, 1], [0, 0, 0, 0, 1])  0.19999999999999996
Route(99.36334196580621, [5, 26, 9, 11, 24, 25, 5], 9949, 47, Int64[], [0, 0, 0, 0, 0, 0, 0, 0, 1, 0, 1, 0, 0, 0, 0, 0, 0, 0, 0, 0, 0, 0, 0, 1, 1, 1, 0, 0, 0, 0], [0, 0, 0, 0, 1], [0, 0, 0, 0, 1])  0.4
Route(121.42810212337008, [5, 20, 15, 26, 24, 11, 9, 28, 19, 5], 9968, 48, Int64[], [0, 0, 0, 0, 0, 0, 0, 0, 1, 0, 1, 0, 0, 0, 1, 0, 0, 0, 1, 1, 0, 0, 0, 1, 0, 1, 0, 1, 0, 0], [0, 0, 0, 0, 1], [0, 0, 0, 0, 1])  0.2
Route(122.72411199177432, [5, 20, 15, 26, 24, 11, 9, 7, 28, 19, 5], 9971, 49, Int64[], [0, 0, 0, 0, 0, 0, 1, 0, 1, 0, 1, 0, 0, 0, 1, 0, 0, 0, 1, 1, 0, 0, 0, 1, 0, 1, 0, 1, 0, 0], [0, 0, 0, 0, 1], [0, 0, 0, 0, 1])  0.2
Route(102.82390326164418, [5, 20, 15, 9, 11, 24, 25, 5], 9977, 48, Int64[], [0, 0, 0, 0, 0, 0, 0, 0, 1, 0, 1, 0, 0, 0, 1, 0, 0, 0, 0, 1, 0, 0, 0, 1, 1, 0, 0, 0, 0, 0], [0, 0, 0, 0, 1], [0, 0, 0, 0, 1])  0.2
Route(112.24103263127151, [5, 20, 9, 11, 30, 24, 27, 5], 10000, 46, Int64[], [0, 0, 0, 0, 0, 0, 0, 0, 1, 0, 1, 0, 0, 0, 0, 0, 0, 0, 0, 1, 0, 0, 0, 1, 0, 0, 1, 0, 0, 1], [0, 0, 0, 0, 1], [0, 0, 0, 0, 1])  1.0

Solve a child node 19
   + Customers MUST      served together:  (7, 11)  (20, 24)  (15, 24)  (9, 11)  (11, 20)  (9, 24)  
   + Customers FORBIDDEN served together:  (11, 28)  (11, 19)  (11, 15)  
   # Total number of 2e routes cannot UNDER:   5  

-------------Iter CG 1-------------
No feasible solution for LMP

Solve a child node 20
   + Customers MUST      served together:  (7, 11)  (20, 24)  (9, 11)  (11, 20)  (9, 24)  
   + Customers FORBIDDEN served together:  (11, 28)  (11, 19)  (15, 24)  (11, 15)  
   # Total number of 2e routes cannot UNDER:   5  

-------------Iter CG 1-------------
LP Objective Value = 452.4,   sum y = 5.0
x[1, 2, 5, 1],  93.16
y[5, 23, 21, 14, 5] = 0.4  39.3
y[5, 20, 7, 9, 11, 30, 24, 26, 5] = 0.8  89.67
y[5, 13, 25, 27, 22, 12, 5] = 0.2  90.2
y[5, 26, 6, 22, 8, 13, 5] = 0.2  83.62
y[5, 8, 25, 27, 22, 6, 5] = 0.2  91.16
y[5, 18, 10, 8, 13, 14, 5] = 0.2  68.24
y[5, 23, 5] = 0.6  16.0
y[5, 8, 25, 27, 22, 6, 10, 5] = 0.4  92.46
y[5, 16, 17, 28, 19, 29, 15, 5] = 1.0  94.65
y[5, 18, 10, 27, 25, 13, 5] = 0.2  85.25
y[5, 12, 6, 24, 30, 11, 9, 7, 20, 5] = 0.2  90.47
y[5, 12, 18, 10, 13, 21, 5] = 0.2  57.57
y[5, 14, 21, 12, 18, 5] = 0.4  43.12
true  35
-------------Iter CG 2-------------
LP Objective Value = 452.4,   sum y = 5.0
x[1, 2, 5, 1],  93.16
y[5, 23, 21, 14, 5] = 0.4  39.3
y[5, 13, 25, 27, 22, 12, 5] = 0.2  90.2
y[5, 26, 6, 22, 8, 13, 5] = 0.2  83.62
y[5, 8, 25, 27, 22, 6, 5] = 0.2  91.16
y[5, 18, 10, 8, 13, 14, 5] = 0.2  68.24
y[5, 23, 5] = 0.6  16.0
y[5, 26, 24, 30, 11, 9, 7, 20, 5] = 0.8  89.67
y[5, 8, 25, 27, 22, 6, 10, 5] = 0.4  92.46
y[5, 16, 17, 28, 19, 29, 15, 5] = 1.0  94.65
y[5, 18, 10, 27, 25, 13, 5] = 0.2  85.25
y[5, 12, 6, 24, 30, 11, 9, 7, 20, 5] = 0.2  90.47
y[5, 12, 18, 10, 13, 21, 5] = 0.2  57.57
y[5, 14, 21, 12, 18, 5] = 0.4  43.12
true  1
-------------Iter CG 3-------------
LP Objective Value = 452.4,   sum y = 5.0
x[1, 2, 5, 1],  93.16
y[5, 23, 21, 14, 5] = 0.4  39.3
y[5, 13, 25, 27, 22, 12, 5] = 0.2  90.2
y[5, 26, 6, 22, 8, 13, 5] = 0.2  83.62
y[5, 8, 25, 27, 22, 6, 5] = 0.2  91.16
y[5, 18, 10, 8, 13, 14, 5] = 0.2  68.24
y[5, 23, 5] = 0.6  16.0
y[5, 26, 24, 30, 11, 9, 7, 20, 5] = 0.8  89.67
y[5, 8, 25, 27, 22, 6, 10, 5] = 0.4  92.46
y[5, 16, 17, 28, 19, 29, 15, 5] = 1.0  94.65
y[5, 18, 10, 27, 25, 13, 5] = 0.2  85.25
y[5, 12, 6, 24, 30, 11, 9, 7, 20, 5] = 0.2  90.47
y[5, 12, 18, 10, 13, 21, 5] = 0.2  57.57
y[5, 14, 21, 12, 18, 5] = 0.4  43.12
false  0

================Iteration 11 of B&P for SP1 [1, 2, 5, 1] parkings[5]================
Display selected node 20, parent node 17: from 5 nodes
- Branching node in depth: 10
   + Customers MUST      served together:  (7, 11)  (20, 24)  (9, 11)  (11, 20)  (9, 24)  
   + Customers FORBIDDEN served together:  (11, 28)  (11, 19)  (15, 24)  (11, 15)  
   # Total number of 2e routes cannot UNDER:   5  

  Branching node with fractional score: 3.2
  Branching node with cg lower bound: 452.4
  Branching node with LB reduction: -0.0
  Branching node with FS reduction: 0.0
  Total reduction: -0.0
Route(36.4049790107182, [2, 6, 4], 19, 5, Int64[], [0, 0, 0, 0, 0, 1, 0, 0, 0, 0, 0, 0, 0, 0, 0, 0, 0, 0, 0, 0, 0, 0, 0, 0, 0, 0, 0, 0, 0, 0], [0, 0, 0, 1, 0], [0, 1, 0, 0, 0])  0.6000000000000001
Route(72.63712634521085, [5, 14, 22, 10, 5], 7378, 25, Int64[], [0, 0, 0, 0, 0, 0, 0, 0, 0, 1, 0, 0, 0, 1, 0, 0, 0, 0, 0, 0, 0, 1, 0, 0, 0, 0, 0, 0, 0, 0], [0, 0, 0, 0, 1], [0, 0, 0, 0, 1])  0.39999999999999997
Route(89.06903086128682, [5, 12, 29, 7, 9, 15, 5], 8700, 31, Int64[], [0, 0, 0, 0, 0, 0, 1, 0, 1, 0, 0, 1, 0, 0, 1, 0, 0, 0, 0, 0, 0, 0, 0, 0, 0, 0, 0, 0, 1, 0], [0, 0, 0, 0, 1], [0, 0, 0, 0, 1])  0.4000000000000001
Route(100.65953752949646, [5, 17, 28, 19, 29, 20, 15, 12, 5], 8987, 46, Int64[], [0, 0, 0, 0, 0, 0, 0, 0, 0, 0, 0, 1, 0, 0, 1, 0, 1, 0, 1, 1, 0, 0, 0, 0, 0, 0, 0, 1, 1, 0], [0, 0, 0, 0, 1], [0, 0, 0, 0, 1])  0.2
Route(112.37017685087446, [5, 16, 28, 19, 11, 30, 24, 5], 9306, 42, Int64[], [0, 0, 0, 0, 0, 0, 0, 0, 0, 0, 1, 0, 0, 0, 0, 1, 0, 0, 1, 0, 0, 0, 0, 1, 0, 0, 0, 1, 0, 1], [0, 0, 0, 0, 1], [0, 0, 0, 0, 1])  0.2
Route(113.53406801629585, [5, 17, 28, 9, 11, 26, 16, 5], 9527, 45, Int64[], [0, 0, 0, 0, 0, 0, 0, 0, 1, 0, 1, 0, 0, 0, 0, 1, 1, 0, 0, 0, 0, 0, 0, 0, 0, 1, 0, 1, 0, 0], [0, 0, 0, 0, 1], [0, 0, 0, 0, 1])  0.8
Route(90.47808093757833, [5, 16, 20, 9, 11, 24, 26, 14, 5], 9855, 49, Int64[], [0, 0, 0, 0, 0, 0, 0, 0, 1, 0, 1, 0, 0, 1, 0, 1, 0, 0, 0, 1, 0, 0, 0, 1, 0, 1, 0, 0, 0, 0], [0, 0, 0, 0, 1], [0, 0, 0, 0, 1])  0.2
Route(108.58644744183599, [5, 26, 9, 11, 24, 22, 27, 5], 9948, 50, Int64[], [0, 0, 0, 0, 0, 0, 0, 0, 1, 0, 1, 0, 0, 0, 0, 0, 0, 0, 0, 0, 0, 1, 0, 1, 0, 1, 1, 0, 0, 0], [0, 0, 0, 0, 1], [0, 0, 0, 0, 1])  0.19999999999999996
Route(99.36334196580621, [5, 26, 9, 11, 24, 25, 5], 9949, 47, Int64[], [0, 0, 0, 0, 0, 0, 0, 0, 1, 0, 1, 0, 0, 0, 0, 0, 0, 0, 0, 0, 0, 0, 0, 1, 1, 1, 0, 0, 0, 0], [0, 0, 0, 0, 1], [0, 0, 0, 0, 1])  0.4
Route(121.42810212337008, [5, 20, 15, 26, 24, 11, 9, 28, 19, 5], 9968, 48, Int64[], [0, 0, 0, 0, 0, 0, 0, 0, 1, 0, 1, 0, 0, 0, 1, 0, 0, 0, 1, 1, 0, 0, 0, 1, 0, 1, 0, 1, 0, 0], [0, 0, 0, 0, 1], [0, 0, 0, 0, 1])  0.2
Route(122.72411199177432, [5, 20, 15, 26, 24, 11, 9, 7, 28, 19, 5], 9971, 49, Int64[], [0, 0, 0, 0, 0, 0, 1, 0, 1, 0, 1, 0, 0, 0, 1, 0, 0, 0, 1, 1, 0, 0, 0, 1, 0, 1, 0, 1, 0, 0], [0, 0, 0, 0, 1], [0, 0, 0, 0, 1])  0.2
Route(102.82390326164418, [5, 20, 15, 9, 11, 24, 25, 5], 9977, 48, Int64[], [0, 0, 0, 0, 0, 0, 0, 0, 1, 0, 1, 0, 0, 0, 1, 0, 0, 0, 0, 1, 0, 0, 0, 1, 1, 0, 0, 0, 0, 0], [0, 0, 0, 0, 1], [0, 0, 0, 0, 1])  0.2
Route(112.24103263127151, [5, 20, 9, 11, 30, 24, 27, 5], 10000, 46, Int64[], [0, 0, 0, 0, 0, 0, 0, 0, 1, 0, 1, 0, 0, 0, 0, 0, 0, 0, 0, 1, 0, 0, 0, 1, 0, 0, 1, 0, 0, 1], [0, 0, 0, 0, 1], [0, 0, 0, 0, 1])  1.0

Solve a child node 21
   + Customers MUST      served together:  (11, 17)  (7, 11)  (20, 24)  (9, 11)  (11, 20)  (9, 24)  
   + Customers FORBIDDEN served together:  (11, 28)  (11, 19)  (15, 24)  (11, 15)  
   # Total number of 2e routes cannot UNDER:   5  

-------------Iter CG 1-------------
LP Objective Value = 472.94,   sum y = 5.0
x[1, 2, 5, 1],  93.16
y[5, 14, 8, 25, 13, 5] = 0.27  69.96
y[5, 23, 21, 14, 5] = 0.38  39.3
y[5, 16, 17, 20, 7, 9, 11, 24, 5] = 0.14  90.77
y[5, 17, 20, 7, 9, 11, 24, 6, 5] = 0.14  90.24
y[5, 16, 17, 20, 7, 9, 11, 24, 10, 12, 5] = 0.46  92.32
y[5, 16, 28, 19, 29, 15, 18, 5] = 0.19  97.74
y[5, 14, 21, 18, 5] = 0.08  42.75
y[5, 15, 30, 22, 27, 8, 5] = 0.08  105.79
y[5, 16, 28, 19, 30, 6, 18, 5] = 0.08  112.55
y[5, 8, 25, 27, 22, 6, 5] = 0.46  91.16
y[5, 13, 25, 27, 22, 10, 5] = 0.27  90.21
y[5, 16, 28, 19, 30, 6, 26, 15, 5] = 0.03  114.27
y[5, 23, 5] = 0.62  16.0
y[5, 18, 6, 30, 29, 16, 5] = 0.11  94.56
y[5, 6, 22, 27, 8, 13, 5] = 0.19  92.96
y[5, 12, 18, 10, 13, 21, 5] = 0.27  57.57
y[5, 14, 21, 12, 18, 5] = 0.27  43.12
y[5, 17, 20, 7, 9, 11, 24, 26, 5] = 0.27  90.26
y[5, 29, 28, 19, 30, 26, 15, 5] = 0.7  114.91
true  1
-------------Iter CG 2-------------
LP Objective Value = 469.04,   sum y = 5.0
x[1, 2, 5, 1],  93.16
y[5, 16, 29, 28, 19, 30, 6, 15, 5] = 0.75  118.64
y[5, 14, 8, 25, 13, 5] = 0.25  69.96
y[5, 23, 21, 14, 5] = 0.25  39.3
y[5, 16, 17, 20, 7, 9, 11, 24, 10, 12, 5] = 0.25  92.32
y[5, 13, 8, 27, 22, 26, 5] = 0.25  93.52
y[5, 26, 24, 11, 9, 7, 20, 17, 5] = 0.75  90.26
y[5, 8, 25, 27, 22, 6, 5] = 0.25  91.16
y[5, 29, 28, 19, 30, 22, 10, 5] = 0.25  120.74
y[5, 23, 5] = 0.75  16.0
y[5, 18, 10, 27, 25, 13, 5] = 0.25  85.25
y[5, 12, 18, 10, 13, 21, 5] = 0.25  57.57
y[5, 14, 21, 12, 18, 5] = 0.5  43.12
y[5, 8, 25, 27, 22, 15, 5] = 0.25  92.81
true  8
-------------Iter CG 3-------------
LP Objective Value = 469.04,   sum y = 5.0
x[1, 2, 5, 1],  93.16
y[5, 16, 29, 28, 19, 30, 6, 15, 5] = 0.75  118.64
y[5, 14, 8, 25, 13, 5] = 0.25  69.96
y[5, 23, 21, 14, 5] = 0.25  39.3
y[5, 16, 17, 20, 7, 9, 11, 24, 10, 12, 5] = 0.25  92.32
y[5, 13, 8, 27, 22, 26, 5] = 0.25  93.52
y[5, 26, 24, 11, 9, 7, 20, 17, 5] = 0.75  90.26
y[5, 8, 25, 27, 22, 6, 5] = 0.25  91.16
y[5, 29, 28, 19, 30, 22, 10, 5] = 0.25  120.74
y[5, 23, 5] = 0.75  16.0
y[5, 18, 10, 27, 25, 13, 5] = 0.25  85.25
y[5, 12, 18, 10, 13, 21, 5] = 0.25  57.57
y[5, 14, 21, 12, 18, 5] = 0.5  43.12
y[5, 8, 25, 27, 22, 15, 5] = 0.25  92.81
true  4
-------------Iter CG 4-------------
LP Objective Value = 469.04,   sum y = 5.0
x[1, 2, 5, 1],  93.16
y[5, 16, 29, 28, 19, 30, 6, 15, 5] = 0.75  118.64
y[5, 14, 8, 25, 13, 5] = 0.25  69.96
y[5, 23, 21, 14, 5] = 0.25  39.3
y[5, 16, 17, 20, 7, 9, 11, 24, 10, 12, 5] = 0.25  92.32
y[5, 13, 8, 27, 22, 26, 5] = 0.25  93.52
y[5, 26, 24, 11, 9, 7, 20, 17, 5] = 0.75  90.26
y[5, 8, 25, 27, 22, 6, 5] = 0.25  91.16
y[5, 29, 28, 19, 30, 22, 10, 5] = 0.25  120.74
y[5, 23, 5] = 0.75  16.0
y[5, 18, 10, 27, 25, 13, 5] = 0.25  85.25
y[5, 12, 18, 10, 13, 21, 5] = 0.25  57.57
y[5, 14, 21, 12, 18, 5] = 0.5  43.12
y[5, 8, 25, 27, 22, 15, 5] = 0.25  92.81
true  2
-------------Iter CG 5-------------
LP Objective Value = 469.04,   sum y = 5.0
x[1, 2, 5, 1],  93.16
y[5, 16, 29, 28, 19, 30, 6, 15, 5] = 0.75  118.64
y[5, 14, 8, 25, 13, 5] = 0.25  69.96
y[5, 23, 21, 14, 5] = 0.25  39.3
y[5, 16, 17, 20, 7, 9, 11, 24, 10, 12, 5] = 0.25  92.32
y[5, 13, 8, 27, 22, 26, 5] = 0.25  93.52
y[5, 26, 24, 11, 9, 7, 20, 17, 5] = 0.75  90.26
y[5, 8, 25, 27, 22, 6, 5] = 0.25  91.16
y[5, 29, 28, 19, 30, 22, 10, 5] = 0.25  120.74
y[5, 23, 5] = 0.75  16.0
y[5, 18, 10, 27, 25, 13, 5] = 0.25  85.25
y[5, 12, 18, 10, 13, 21, 5] = 0.25  57.57
y[5, 14, 21, 12, 18, 5] = 0.5  43.12
y[5, 8, 25, 27, 22, 15, 5] = 0.25  92.81
false  0
Exceed Upper Bound, prune

Solve a child node 22
   + Customers MUST      served together:  (7, 11)  (20, 24)  (9, 11)  (11, 20)  (9, 24)  
   + Customers FORBIDDEN served together:  (11, 17)  (11, 28)  (11, 19)  (15, 24)  (11, 15)  
   # Total number of 2e routes cannot UNDER:   5  

-------------Iter CG 1-------------
LP Objective Value = 452.4,   sum y = 5.0
x[1, 2, 5, 1],  93.16
y[5, 23, 21, 14, 5] = 0.4  39.3
y[5, 20, 7, 9, 11, 30, 24, 26, 5] = 0.8  89.67
y[5, 13, 25, 27, 22, 12, 5] = 0.2  90.2
y[5, 26, 6, 22, 8, 13, 5] = 0.2  83.62
y[5, 8, 25, 27, 22, 6, 5] = 0.2  91.16
y[5, 18, 10, 8, 13, 14, 5] = 0.2  68.24
y[5, 23, 5] = 0.6  16.0
y[5, 8, 25, 27, 22, 6, 10, 5] = 0.4  92.46
y[5, 16, 17, 28, 19, 29, 15, 5] = 1.0  94.65
y[5, 18, 10, 27, 25, 13, 5] = 0.2  85.25
y[5, 12, 6, 24, 30, 11, 9, 7, 20, 5] = 0.2  90.47
y[5, 12, 18, 10, 13, 21, 5] = 0.2  57.57
y[5, 14, 21, 12, 18, 5] = 0.4  43.12
false  0

================Iteration 12 of B&P for SP1 [1, 2, 5, 1] parkings[5]================
Display selected node 22, parent node 20: from 5 nodes
- Branching node in depth: 11
   + Customers MUST      served together:  (7, 11)  (20, 24)  (9, 11)  (11, 20)  (9, 24)  
   + Customers FORBIDDEN served together:  (11, 17)  (11, 28)  (11, 19)  (15, 24)  (11, 15)  
   # Total number of 2e routes cannot UNDER:   5  

  Branching node with fractional score: 3.2
  Branching node with cg lower bound: 452.4
  Branching node with LB reduction: 0.0
  Branching node with FS reduction: 0.0
  Total reduction: 0.0
Route(36.4049790107182, [2, 6, 4], 19, 5, Int64[], [0, 0, 0, 0, 0, 1, 0, 0, 0, 0, 0, 0, 0, 0, 0, 0, 0, 0, 0, 0, 0, 0, 0, 0, 0, 0, 0, 0, 0, 0], [0, 0, 0, 1, 0], [0, 1, 0, 0, 0])  0.6000000000000001
Route(72.63712634521085, [5, 14, 22, 10, 5], 7378, 25, Int64[], [0, 0, 0, 0, 0, 0, 0, 0, 0, 1, 0, 0, 0, 1, 0, 0, 0, 0, 0, 0, 0, 1, 0, 0, 0, 0, 0, 0, 0, 0], [0, 0, 0, 0, 1], [0, 0, 0, 0, 1])  0.39999999999999997
Route(89.06903086128682, [5, 12, 29, 7, 9, 15, 5], 8700, 31, Int64[], [0, 0, 0, 0, 0, 0, 1, 0, 1, 0, 0, 1, 0, 0, 1, 0, 0, 0, 0, 0, 0, 0, 0, 0, 0, 0, 0, 0, 1, 0], [0, 0, 0, 0, 1], [0, 0, 0, 0, 1])  0.4000000000000001
Route(100.65953752949646, [5, 17, 28, 19, 29, 20, 15, 12, 5], 8987, 46, Int64[], [0, 0, 0, 0, 0, 0, 0, 0, 0, 0, 0, 1, 0, 0, 1, 0, 1, 0, 1, 1, 0, 0, 0, 0, 0, 0, 0, 1, 1, 0], [0, 0, 0, 0, 1], [0, 0, 0, 0, 1])  0.19999999999999996
Route(112.37017685087446, [5, 16, 28, 19, 11, 30, 24, 5], 9306, 42, Int64[], [0, 0, 0, 0, 0, 0, 0, 0, 0, 0, 1, 0, 0, 0, 0, 1, 0, 0, 1, 0, 0, 0, 0, 1, 0, 0, 0, 1, 0, 1], [0, 0, 0, 0, 1], [0, 0, 0, 0, 1])  0.19999999999999996
Route(83.52206101353013, [5, 18, 24, 11, 9, 20, 5], 9664, 40, Int64[], [0, 0, 0, 0, 0, 0, 0, 0, 1, 0, 1, 0, 0, 0, 0, 0, 0, 1, 0, 1, 0, 0, 0, 1, 0, 0, 0, 0, 0, 0], [0, 0, 0, 0, 1], [0, 0, 0, 0, 1])  0.8
Route(90.47808093757833, [5, 16, 20, 9, 11, 24, 26, 14, 5], 9855, 49, Int64[], [0, 0, 0, 0, 0, 0, 0, 0, 1, 0, 1, 0, 0, 1, 0, 1, 0, 0, 0, 1, 0, 0, 0, 1, 0, 1, 0, 0, 0, 0], [0, 0, 0, 0, 1], [0, 0, 0, 0, 1])  0.2
Route(108.58644744183599, [5, 26, 9, 11, 24, 22, 27, 5], 9948, 50, Int64[], [0, 0, 0, 0, 0, 0, 0, 0, 1, 0, 1, 0, 0, 0, 0, 0, 0, 0, 0, 0, 0, 1, 0, 1, 0, 1, 1, 0, 0, 0], [0, 0, 0, 0, 1], [0, 0, 0, 0, 1])  0.2000000000000001
Route(99.36334196580621, [5, 26, 9, 11, 24, 25, 5], 9949, 47, Int64[], [0, 0, 0, 0, 0, 0, 0, 0, 1, 0, 1, 0, 0, 0, 0, 0, 0, 0, 0, 0, 0, 0, 0, 1, 1, 1, 0, 0, 0, 0], [0, 0, 0, 0, 1], [0, 0, 0, 0, 1])  0.4
Route(121.42810212337008, [5, 20, 15, 26, 24, 11, 9, 28, 19, 5], 9968, 48, Int64[], [0, 0, 0, 0, 0, 0, 0, 0, 1, 0, 1, 0, 0, 0, 1, 0, 0, 0, 1, 1, 0, 0, 0, 1, 0, 1, 0, 1, 0, 0], [0, 0, 0, 0, 1], [0, 0, 0, 0, 1])  0.2
Route(122.72411199177432, [5, 20, 15, 26, 24, 11, 9, 7, 28, 19, 5], 9971, 49, Int64[], [0, 0, 0, 0, 0, 0, 1, 0, 1, 0, 1, 0, 0, 0, 1, 0, 0, 0, 1, 1, 0, 0, 0, 1, 0, 1, 0, 1, 0, 0], [0, 0, 0, 0, 1], [0, 0, 0, 0, 1])  0.2
Route(102.82390326164418, [5, 20, 15, 9, 11, 24, 25, 5], 9977, 48, Int64[], [0, 0, 0, 0, 0, 0, 0, 0, 1, 0, 1, 0, 0, 0, 1, 0, 0, 0, 0, 1, 0, 0, 0, 1, 1, 0, 0, 0, 0, 0], [0, 0, 0, 0, 1], [0, 0, 0, 0, 1])  0.19999999999999996
Route(112.24103263127151, [5, 20, 9, 11, 30, 24, 27, 5], 10000, 46, Int64[], [0, 0, 0, 0, 0, 0, 0, 0, 1, 0, 1, 0, 0, 0, 0, 0, 0, 0, 0, 1, 0, 0, 0, 1, 0, 0, 1, 0, 0, 1], [0, 0, 0, 0, 1], [0, 0, 0, 0, 1])  1.0

Solve a child node 23
   + Customers MUST      served together:  (7, 11)  (20, 24)  (9, 11)  (11, 20)  (9, 24)  (24, 28)  
   + Customers FORBIDDEN served together:  (11, 17)  (11, 28)  (11, 19)  (15, 24)  (11, 15)  
   # Total number of 2e routes cannot UNDER:   5  

-------------Iter CG 1-------------
No feasible solution for LMP

Solve a child node 24
   + Customers MUST      served together:  (7, 11)  (20, 24)  (9, 11)  (11, 20)  (9, 24)  
   + Customers FORBIDDEN served together:  (11, 17)  (11, 28)  (11, 19)  (15, 24)  (24, 28)  (11, 15)  
   # Total number of 2e routes cannot UNDER:   5  

-------------Iter CG 1-------------
LP Objective Value = 452.4,   sum y = 5.0
x[1, 2, 5, 1],  93.16
y[5, 23, 21, 14, 5] = 0.4  39.3
y[5, 20, 7, 9, 11, 30, 24, 26, 5] = 0.8  89.67
y[5, 13, 25, 27, 22, 12, 5] = 0.2  90.2
y[5, 26, 6, 22, 8, 13, 5] = 0.2  83.62
y[5, 8, 25, 27, 22, 6, 5] = 0.2  91.16
y[5, 18, 10, 8, 13, 14, 5] = 0.2  68.24
y[5, 23, 5] = 0.6  16.0
y[5, 8, 25, 27, 22, 6, 10, 5] = 0.4  92.46
y[5, 16, 17, 28, 19, 29, 15, 5] = 1.0  94.65
y[5, 18, 10, 27, 25, 13, 5] = 0.2  85.25
y[5, 12, 6, 24, 30, 11, 9, 7, 20, 5] = 0.2  90.47
y[5, 12, 18, 10, 13, 21, 5] = 0.2  57.57
y[5, 14, 21, 12, 18, 5] = 0.4  43.12
false  0

================Iteration 13 of B&P for SP1 [1, 2, 5, 1] parkings[5]================
Display selected node 24, parent node 22: from 5 nodes
- Branching node in depth: 12
   + Customers MUST      served together:  (7, 11)  (20, 24)  (9, 11)  (11, 20)  (9, 24)  
   + Customers FORBIDDEN served together:  (11, 17)  (11, 28)  (11, 19)  (15, 24)  (24, 28)  (11, 15)  
   # Total number of 2e routes cannot UNDER:   5  

  Branching node with fractional score: 3.2
  Branching node with cg lower bound: 452.4
  Branching node with LB reduction: 0.0
  Branching node with FS reduction: 0.0
  Total reduction: 0.0
Route(36.4049790107182, [2, 6, 4], 19, 5, Int64[], [0, 0, 0, 0, 0, 1, 0, 0, 0, 0, 0, 0, 0, 0, 0, 0, 0, 0, 0, 0, 0, 0, 0, 0, 0, 0, 0, 0, 0, 0], [0, 0, 0, 1, 0], [0, 1, 0, 0, 0])  0.6000000000000001
Route(72.63712634521085, [5, 14, 22, 10, 5], 7378, 25, Int64[], [0, 0, 0, 0, 0, 0, 0, 0, 0, 1, 0, 0, 0, 1, 0, 0, 0, 0, 0, 0, 0, 1, 0, 0, 0, 0, 0, 0, 0, 0], [0, 0, 0, 0, 1], [0, 0, 0, 0, 1])  0.3999999999999999
Route(89.06903086128682, [5, 12, 29, 7, 9, 15, 5], 8700, 31, Int64[], [0, 0, 0, 0, 0, 0, 1, 0, 1, 0, 0, 1, 0, 0, 1, 0, 0, 0, 0, 0, 0, 0, 0, 0, 0, 0, 0, 0, 1, 0], [0, 0, 0, 0, 1], [0, 0, 0, 0, 1])  0.40000000000000013
Route(100.65953752949646, [5, 17, 28, 19, 29, 20, 15, 12, 5], 8987, 46, Int64[], [0, 0, 0, 0, 0, 0, 0, 0, 0, 0, 0, 1, 0, 0, 1, 0, 1, 0, 1, 1, 0, 0, 0, 0, 0, 0, 0, 1, 1, 0], [0, 0, 0, 0, 1], [0, 0, 0, 0, 1])  0.2
Route(112.37017685087446, [5, 16, 28, 19, 11, 30, 24, 5], 9306, 42, Int64[], [0, 0, 0, 0, 0, 0, 0, 0, 0, 0, 1, 0, 0, 0, 0, 1, 0, 0, 1, 0, 0, 0, 0, 1, 0, 0, 0, 1, 0, 1], [0, 0, 0, 0, 1], [0, 0, 0, 0, 1])  0.20000000000000007
Route(83.52206101353013, [5, 18, 24, 11, 9, 20, 5], 9664, 40, Int64[], [0, 0, 0, 0, 0, 0, 0, 0, 1, 0, 1, 0, 0, 0, 0, 0, 0, 1, 0, 1, 0, 0, 0, 1, 0, 0, 0, 0, 0, 0], [0, 0, 0, 0, 1], [0, 0, 0, 0, 1])  0.8
Route(90.47808093757833, [5, 16, 20, 9, 11, 24, 26, 14, 5], 9855, 49, Int64[], [0, 0, 0, 0, 0, 0, 0, 0, 1, 0, 1, 0, 0, 1, 0, 1, 0, 0, 0, 1, 0, 0, 0, 1, 0, 1, 0, 0, 0, 0], [0, 0, 0, 0, 1], [0, 0, 0, 0, 1])  0.19999999999999993
Route(108.58644744183599, [5, 26, 9, 11, 24, 22, 27, 5], 9948, 50, Int64[], [0, 0, 0, 0, 0, 0, 0, 0, 1, 0, 1, 0, 0, 0, 0, 0, 0, 0, 0, 0, 0, 1, 0, 1, 0, 1, 1, 0, 0, 0], [0, 0, 0, 0, 1], [0, 0, 0, 0, 1])  0.19999999999999996
Route(99.36334196580621, [5, 26, 9, 11, 24, 25, 5], 9949, 47, Int64[], [0, 0, 0, 0, 0, 0, 0, 0, 1, 0, 1, 0, 0, 0, 0, 0, 0, 0, 0, 0, 0, 0, 0, 1, 1, 1, 0, 0, 0, 0], [0, 0, 0, 0, 1], [0, 0, 0, 0, 1])  0.4
Route(121.42810212337008, [5, 20, 15, 26, 24, 11, 9, 28, 19, 5], 9968, 48, Int64[], [0, 0, 0, 0, 0, 0, 0, 0, 1, 0, 1, 0, 0, 0, 1, 0, 0, 0, 1, 1, 0, 0, 0, 1, 0, 1, 0, 1, 0, 0], [0, 0, 0, 0, 1], [0, 0, 0, 0, 1])  0.19999999999999984
Route(122.72411199177432, [5, 20, 15, 26, 24, 11, 9, 7, 28, 19, 5], 9971, 49, Int64[], [0, 0, 0, 0, 0, 0, 1, 0, 1, 0, 1, 0, 0, 0, 1, 0, 0, 0, 1, 1, 0, 0, 0, 1, 0, 1, 0, 1, 0, 0], [0, 0, 0, 0, 1], [0, 0, 0, 0, 1])  0.19999999999999996
Route(102.82390326164418, [5, 20, 15, 9, 11, 24, 25, 5], 9977, 48, Int64[], [0, 0, 0, 0, 0, 0, 0, 0, 1, 0, 1, 0, 0, 0, 1, 0, 0, 0, 0, 1, 0, 0, 0, 1, 1, 0, 0, 0, 0, 0], [0, 0, 0, 0, 1], [0, 0, 0, 0, 1])  0.2
Route(112.24103263127151, [5, 20, 9, 11, 30, 24, 27, 5], 10000, 46, Int64[], [0, 0, 0, 0, 0, 0, 0, 0, 1, 0, 1, 0, 0, 0, 0, 0, 0, 0, 0, 1, 0, 0, 0, 1, 0, 0, 1, 0, 0, 1], [0, 0, 0, 0, 1], [0, 0, 0, 0, 1])  1.0

Solve a child node 25
   + Customers MUST      served together:  (19, 24)  (7, 11)  (20, 24)  (9, 11)  (11, 20)  (9, 24)  
   + Customers FORBIDDEN served together:  (11, 17)  (11, 28)  (11, 19)  (15, 24)  (24, 28)  (11, 15)  
   # Total number of 2e routes cannot UNDER:   5  

-------------Iter CG 1-------------
No feasible solution for LMP

Solve a child node 26
   + Customers MUST      served together:  (7, 11)  (20, 24)  (9, 11)  (11, 20)  (9, 24)  
   + Customers FORBIDDEN served together:  (11, 17)  (19, 24)  (11, 28)  (11, 19)  (15, 24)  (24, 28)  (11, 15)  
   # Total number of 2e routes cannot UNDER:   5  

-------------Iter CG 1-------------
LP Objective Value = 452.4,   sum y = 5.0
x[1, 2, 5, 1],  93.16
y[5, 23, 21, 14, 5] = 0.4  39.3
y[5, 20, 7, 9, 11, 30, 24, 26, 5] = 0.8  89.67
y[5, 13, 25, 27, 22, 12, 5] = 0.2  90.2
y[5, 26, 6, 22, 8, 13, 5] = 0.2  83.62
y[5, 8, 25, 27, 22, 6, 5] = 0.2  91.16
y[5, 18, 10, 8, 13, 14, 5] = 0.2  68.24
y[5, 23, 5] = 0.6  16.0
y[5, 8, 25, 27, 22, 6, 10, 5] = 0.4  92.46
y[5, 16, 17, 28, 19, 29, 15, 5] = 1.0  94.65
y[5, 18, 10, 27, 25, 13, 5] = 0.2  85.25
y[5, 12, 6, 24, 30, 11, 9, 7, 20, 5] = 0.2  90.47
y[5, 12, 18, 10, 13, 21, 5] = 0.2  57.57
y[5, 14, 21, 12, 18, 5] = 0.4  43.12
false  0

================Iteration 14 of B&P for SP1 [1, 2, 5, 1] parkings[5]================
Display selected node 26, parent node 24: from 5 nodes
- Branching node in depth: 13
   + Customers MUST      served together:  (7, 11)  (20, 24)  (9, 11)  (11, 20)  (9, 24)  
   + Customers FORBIDDEN served together:  (11, 17)  (19, 24)  (11, 28)  (11, 19)  (15, 24)  (24, 28)  (11, 15)  
   # Total number of 2e routes cannot UNDER:   5  

  Branching node with fractional score: 3.2
  Branching node with cg lower bound: 452.4
  Branching node with LB reduction: 0.0
  Branching node with FS reduction: 0.0
  Total reduction: 0.0
Route(36.4049790107182, [2, 6, 4], 19, 5, Int64[], [0, 0, 0, 0, 0, 1, 0, 0, 0, 0, 0, 0, 0, 0, 0, 0, 0, 0, 0, 0, 0, 0, 0, 0, 0, 0, 0, 0, 0, 0], [0, 0, 0, 1, 0], [0, 1, 0, 0, 0])  0.5999999999999999
Route(72.63712634521085, [5, 14, 22, 10, 5], 7378, 25, Int64[], [0, 0, 0, 0, 0, 0, 0, 0, 0, 1, 0, 0, 0, 1, 0, 0, 0, 0, 0, 0, 0, 1, 0, 0, 0, 0, 0, 0, 0, 0], [0, 0, 0, 0, 1], [0, 0, 0, 0, 1])  0.40000000000000013
Route(89.06903086128682, [5, 12, 29, 7, 9, 15, 5], 8700, 31, Int64[], [0, 0, 0, 0, 0, 0, 1, 0, 1, 0, 0, 1, 0, 0, 1, 0, 0, 0, 0, 0, 0, 0, 0, 0, 0, 0, 0, 0, 1, 0], [0, 0, 0, 0, 1], [0, 0, 0, 0, 1])  0.3999999999999999
Route(100.65953752949646, [5, 17, 28, 19, 29, 20, 15, 12, 5], 8987, 46, Int64[], [0, 0, 0, 0, 0, 0, 0, 0, 0, 0, 0, 1, 0, 0, 1, 0, 1, 0, 1, 1, 0, 0, 0, 0, 0, 0, 0, 1, 1, 0], [0, 0, 0, 0, 1], [0, 0, 0, 0, 1])  0.20000000000000007
Route(112.37017685087446, [5, 16, 28, 19, 11, 30, 24, 5], 9306, 42, Int64[], [0, 0, 0, 0, 0, 0, 0, 0, 0, 0, 1, 0, 0, 0, 0, 1, 0, 0, 1, 0, 0, 0, 0, 1, 0, 0, 0, 1, 0, 1], [0, 0, 0, 0, 1], [0, 0, 0, 0, 1])  0.19999999999999998
Route(83.52206101353013, [5, 18, 24, 11, 9, 20, 5], 9664, 40, Int64[], [0, 0, 0, 0, 0, 0, 0, 0, 1, 0, 1, 0, 0, 0, 0, 0, 0, 1, 0, 1, 0, 0, 0, 1, 0, 0, 0, 0, 0, 0], [0, 0, 0, 0, 1], [0, 0, 0, 0, 1])  0.7999999999999999
Route(90.47808093757833, [5, 16, 20, 9, 11, 24, 26, 14, 5], 9855, 49, Int64[], [0, 0, 0, 0, 0, 0, 0, 0, 1, 0, 1, 0, 0, 1, 0, 1, 0, 0, 0, 1, 0, 0, 0, 1, 0, 1, 0, 0, 0, 0], [0, 0, 0, 0, 1], [0, 0, 0, 0, 1])  0.2000000000000001
Route(108.58644744183599, [5, 26, 9, 11, 24, 22, 27, 5], 9948, 50, Int64[], [0, 0, 0, 0, 0, 0, 0, 0, 1, 0, 1, 0, 0, 0, 0, 0, 0, 0, 0, 0, 0, 1, 0, 1, 0, 1, 1, 0, 0, 0], [0, 0, 0, 0, 1], [0, 0, 0, 0, 1])  0.19999999999999998
Route(99.36334196580621, [5, 26, 9, 11, 24, 25, 5], 9949, 47, Int64[], [0, 0, 0, 0, 0, 0, 0, 0, 1, 0, 1, 0, 0, 0, 0, 0, 0, 0, 0, 0, 0, 0, 0, 1, 1, 1, 0, 0, 0, 0], [0, 0, 0, 0, 1], [0, 0, 0, 0, 1])  0.39999999999999997
Route(121.42810212337008, [5, 20, 15, 26, 24, 11, 9, 28, 19, 5], 9968, 48, Int64[], [0, 0, 0, 0, 0, 0, 0, 0, 1, 0, 1, 0, 0, 0, 1, 0, 0, 0, 1, 1, 0, 0, 0, 1, 0, 1, 0, 1, 0, 0], [0, 0, 0, 0, 1], [0, 0, 0, 0, 1])  0.20000000000000018
Route(122.72411199177432, [5, 20, 15, 26, 24, 11, 9, 7, 28, 19, 5], 9971, 49, Int64[], [0, 0, 0, 0, 0, 0, 1, 0, 1, 0, 1, 0, 0, 0, 1, 0, 0, 0, 1, 1, 0, 0, 0, 1, 0, 1, 0, 1, 0, 0], [0, 0, 0, 0, 1], [0, 0, 0, 0, 1])  0.19999999999999996
Route(102.82390326164418, [5, 20, 15, 9, 11, 24, 25, 5], 9977, 48, Int64[], [0, 0, 0, 0, 0, 0, 0, 0, 1, 0, 1, 0, 0, 0, 1, 0, 0, 0, 0, 1, 0, 0, 0, 1, 1, 0, 0, 0, 0, 0], [0, 0, 0, 0, 1], [0, 0, 0, 0, 1])  0.20000000000000007
Route(112.24103263127151, [5, 20, 9, 11, 30, 24, 27, 5], 10000, 46, Int64[], [0, 0, 0, 0, 0, 0, 0, 0, 1, 0, 1, 0, 0, 0, 0, 0, 0, 0, 0, 1, 0, 0, 0, 1, 0, 0, 1, 0, 0, 1], [0, 0, 0, 0, 1], [0, 0, 0, 0, 1])  1.0

Solve a child node 27
   + Customers MUST      served together:  (22, 24)  (7, 11)  (20, 24)  (9, 11)  (11, 20)  (9, 24)  
   + Customers FORBIDDEN served together:  (11, 17)  (19, 24)  (11, 28)  (11, 19)  (15, 24)  (24, 28)  (11, 15)  
   # Total number of 2e routes cannot UNDER:   5  

-------------Iter CG 1-------------
LP Objective Value = 472.3,   sum y = 5.0
x[1, 2, 5, 1],  93.16
y[5, 14, 8, 25, 13, 5] = 0.17  69.96
y[5, 23, 21, 14, 5] = 0.33  39.3
y[5, 17, 29, 15, 18, 5] = 0.17  70.92
y[5, 18, 10, 26, 15, 17, 16, 5] = 0.33  71.35
y[5, 14, 21, 18, 5] = 0.17  42.75
y[5, 17, 28, 19, 30, 6, 26, 5] = 0.17  112.99
y[5, 17, 29, 28, 19, 30, 5] = 0.33  114.56
y[5, 20, 7, 9, 11, 24, 6, 22, 27, 5] = 0.17  112.54
y[5, 23, 5] = 0.67  16.0
y[5, 25, 27, 13, 21, 5] = 0.17  83.61
y[5, 16, 20, 7, 9, 11, 24, 6, 22, 5] = 0.67  99.16
y[5, 14, 21, 12, 18, 5] = 0.33  43.12
y[5, 13, 8, 25, 27, 10, 12, 5] = 0.67  85.05
y[5, 20, 7, 9, 11, 24, 22, 8, 5] = 0.17  99.83
y[5, 29, 28, 19, 30, 26, 15, 5] = 0.5  114.91
false  0
Exceed Upper Bound, prune

Solve a child node 28
   + Customers MUST      served together:  (7, 11)  (20, 24)  (9, 11)  (11, 20)  (9, 24)  
   + Customers FORBIDDEN served together:  (11, 17)  (19, 24)  (22, 24)  (11, 28)  (11, 19)  (15, 24)  (24, 28)  (11, 15)  
   # Total number of 2e routes cannot UNDER:   5  

-------------Iter CG 1-------------
LP Objective Value = 452.4,   sum y = 5.0
x[1, 2, 5, 1],  93.16
y[5, 23, 21, 14, 5] = 0.4  39.3
y[5, 20, 7, 9, 11, 30, 24, 26, 5] = 0.8  89.67
y[5, 13, 25, 27, 22, 12, 5] = 0.2  90.2
y[5, 26, 6, 22, 8, 13, 5] = 0.2  83.62
y[5, 8, 25, 27, 22, 6, 5] = 0.2  91.16
y[5, 18, 10, 8, 13, 14, 5] = 0.2  68.24
y[5, 23, 5] = 0.6  16.0
y[5, 8, 25, 27, 22, 6, 10, 5] = 0.4  92.46
y[5, 16, 17, 28, 19, 29, 15, 5] = 1.0  94.65
y[5, 18, 10, 27, 25, 13, 5] = 0.2  85.25
y[5, 12, 6, 24, 30, 11, 9, 7, 20, 5] = 0.2  90.47
y[5, 12, 18, 10, 13, 21, 5] = 0.2  57.57
y[5, 14, 21, 12, 18, 5] = 0.4  43.12
false  0

================Iteration 15 of B&P for SP1 [1, 2, 5, 1] parkings[5]================
Display selected node 28, parent node 26: from 5 nodes
- Branching node in depth: 14
   + Customers MUST      served together:  (7, 11)  (20, 24)  (9, 11)  (11, 20)  (9, 24)  
   + Customers FORBIDDEN served together:  (11, 17)  (19, 24)  (22, 24)  (11, 28)  (11, 19)  (15, 24)  (24, 28)  (11, 15)  
   # Total number of 2e routes cannot UNDER:   5  

  Branching node with fractional score: 3.2
  Branching node with cg lower bound: 452.4
  Branching node with LB reduction: -0.0
  Branching node with FS reduction: 0.0
  Total reduction: -0.0
Route(36.4049790107182, [2, 6, 4], 19, 5, Int64[], [0, 0, 0, 0, 0, 1, 0, 0, 0, 0, 0, 0, 0, 0, 0, 0, 0, 0, 0, 0, 0, 0, 0, 0, 0, 0, 0, 0, 0, 0], [0, 0, 0, 1, 0], [0, 1, 0, 0, 0])  0.5999999999999999
Route(72.63712634521085, [5, 14, 22, 10, 5], 7378, 25, Int64[], [0, 0, 0, 0, 0, 0, 0, 0, 0, 1, 0, 0, 0, 1, 0, 0, 0, 0, 0, 0, 0, 1, 0, 0, 0, 0, 0, 0, 0, 0], [0, 0, 0, 0, 1], [0, 0, 0, 0, 1])  0.40000000000000013
Route(89.06903086128682, [5, 12, 29, 7, 9, 15, 5], 8700, 31, Int64[], [0, 0, 0, 0, 0, 0, 1, 0, 1, 0, 0, 1, 0, 0, 1, 0, 0, 0, 0, 0, 0, 0, 0, 0, 0, 0, 0, 0, 1, 0], [0, 0, 0, 0, 1], [0, 0, 0, 0, 1])  0.3999999999999999
Route(100.65953752949646, [5, 17, 28, 19, 29, 20, 15, 12, 5], 8987, 46, Int64[], [0, 0, 0, 0, 0, 0, 0, 0, 0, 0, 0, 1, 0, 0, 1, 0, 1, 0, 1, 1, 0, 0, 0, 0, 0, 0, 0, 1, 1, 0], [0, 0, 0, 0, 1], [0, 0, 0, 0, 1])  0.20000000000000007
Route(112.37017685087446, [5, 16, 28, 19, 11, 30, 24, 5], 9306, 42, Int64[], [0, 0, 0, 0, 0, 0, 0, 0, 0, 0, 1, 0, 0, 0, 0, 1, 0, 0, 1, 0, 0, 0, 0, 1, 0, 0, 0, 1, 0, 1], [0, 0, 0, 0, 1], [0, 0, 0, 0, 1])  0.19999999999999998
Route(83.52206101353013, [5, 18, 24, 11, 9, 20, 5], 9664, 40, Int64[], [0, 0, 0, 0, 0, 0, 0, 0, 1, 0, 1, 0, 0, 0, 0, 0, 0, 1, 0, 1, 0, 0, 0, 1, 0, 0, 0, 0, 0, 0], [0, 0, 0, 0, 1], [0, 0, 0, 0, 1])  0.7999999999999999
Route(90.47808093757833, [5, 16, 20, 9, 11, 24, 26, 14, 5], 9855, 49, Int64[], [0, 0, 0, 0, 0, 0, 0, 0, 1, 0, 1, 0, 0, 1, 0, 1, 0, 0, 0, 1, 0, 0, 0, 1, 0, 1, 0, 0, 0, 0], [0, 0, 0, 0, 1], [0, 0, 0, 0, 1])  0.20000000000000007
Route(108.58644744183599, [5, 26, 9, 11, 24, 22, 27, 5], 9948, 50, Int64[], [0, 0, 0, 0, 0, 0, 0, 0, 1, 0, 1, 0, 0, 0, 0, 0, 0, 0, 0, 0, 0, 1, 0, 1, 0, 1, 1, 0, 0, 0], [0, 0, 0, 0, 1], [0, 0, 0, 0, 1])  0.19999999999999998
Route(99.36334196580621, [5, 26, 9, 11, 24, 25, 5], 9949, 47, Int64[], [0, 0, 0, 0, 0, 0, 0, 0, 1, 0, 1, 0, 0, 0, 0, 0, 0, 0, 0, 0, 0, 0, 0, 1, 1, 1, 0, 0, 0, 0], [0, 0, 0, 0, 1], [0, 0, 0, 0, 1])  0.39999999999999997
Route(121.42810212337008, [5, 20, 15, 26, 24, 11, 9, 28, 19, 5], 9968, 48, Int64[], [0, 0, 0, 0, 0, 0, 0, 0, 1, 0, 1, 0, 0, 0, 1, 0, 0, 0, 1, 1, 0, 0, 0, 1, 0, 1, 0, 1, 0, 0], [0, 0, 0, 0, 1], [0, 0, 0, 0, 1])  0.20000000000000018
Route(122.72411199177432, [5, 20, 15, 26, 24, 11, 9, 7, 28, 19, 5], 9971, 49, Int64[], [0, 0, 0, 0, 0, 0, 1, 0, 1, 0, 1, 0, 0, 0, 1, 0, 0, 0, 1, 1, 0, 0, 0, 1, 0, 1, 0, 1, 0, 0], [0, 0, 0, 0, 1], [0, 0, 0, 0, 1])  0.19999999999999996
Route(102.82390326164418, [5, 20, 15, 9, 11, 24, 25, 5], 9977, 48, Int64[], [0, 0, 0, 0, 0, 0, 0, 0, 1, 0, 1, 0, 0, 0, 1, 0, 0, 0, 0, 1, 0, 0, 0, 1, 1, 0, 0, 0, 0, 0], [0, 0, 0, 0, 1], [0, 0, 0, 0, 1])  0.20000000000000007
Route(112.24103263127151, [5, 20, 9, 11, 30, 24, 27, 5], 10000, 46, Int64[], [0, 0, 0, 0, 0, 0, 0, 0, 1, 0, 1, 0, 0, 0, 0, 0, 0, 0, 0, 1, 0, 0, 0, 1, 0, 0, 1, 0, 0, 1], [0, 0, 0, 0, 1], [0, 0, 0, 0, 1])  1.0

Solve a child node 29
   + Customers MUST      served together:  (14, 24)  (7, 11)  (20, 24)  (9, 11)  (11, 20)  (9, 24)  
   + Customers FORBIDDEN served together:  (11, 17)  (19, 24)  (22, 24)  (11, 28)  (11, 19)  (15, 24)  (24, 28)  (11, 15)  
   # Total number of 2e routes cannot UNDER:   5  

-------------Iter CG 1-------------
LP Objective Value = 478.86,   sum y = 5.0
x[1, 2, 5, 1],  93.16
y[5, 17, 29, 15, 18, 5] = 0.13  70.92
y[5, 16, 20, 7, 9, 11, 24, 6, 14, 5] = 0.62  91.43
y[5, 20, 7, 9, 11, 24, 26, 10, 14, 5] = 0.38  89.92
y[5, 26, 6, 22, 8, 13, 5] = 0.13  83.62
y[5, 23, 21, 12, 18, 5] = 0.25  50.87
y[5, 17, 29, 28, 19, 30, 5] = 0.5  114.56
y[5, 16, 17, 28, 19, 30, 26, 5] = 0.12  111.7
y[5, 8, 25, 27, 22, 6, 5] = 0.25  91.16
y[5, 23, 5] = 0.75  16.0
y[5, 25, 27, 13, 21, 5] = 0.13  83.61
y[5, 16, 17, 28, 19, 29, 15, 5] = 0.12  94.65
y[5, 16, 17, 18, 12, 21, 5] = 0.12  63.85
y[5, 12, 18, 10, 13, 21, 5] = 0.5  57.57
y[5, 8, 25, 27, 22, 15, 5] = 0.5  92.81
y[5, 26, 30, 22, 13, 5] = 0.12  95.62
y[5, 13, 8, 25, 27, 10, 12, 5] = 0.13  85.05
y[5, 29, 28, 19, 30, 26, 15, 5] = 0.25  114.91
true  4
-------------Iter CG 2-------------
LP Objective Value = 478.26,   sum y = 5.0
x[1, 2, 5, 1],  93.16
y[5, 16, 20, 7, 9, 11, 24, 6, 14, 5] = 0.67  91.43
y[5, 20, 7, 9, 11, 24, 26, 10, 14, 5] = 0.33  89.92
y[5, 26, 6, 22, 8, 13, 5] = 0.1  83.62
y[5, 17, 28, 19, 30, 6, 26, 5] = 0.05  112.99
y[5, 23, 21, 12, 18, 5] = 0.29  50.87
y[5, 17, 29, 28, 19, 30, 5] = 0.43  114.56
y[5, 16, 17, 28, 19, 30, 26, 5] = 0.14  111.7
y[5, 8, 25, 27, 22, 6, 5] = 0.19  91.16
y[5, 17, 29, 30, 26, 5] = 0.19  92.27
y[5, 13, 25, 27, 22, 10, 5] = 0.1  90.21
y[5, 23, 5] = 0.71  16.0
y[5, 16, 17, 28, 19, 29, 15, 5] = 0.19  94.65
y[5, 12, 18, 10, 13, 21, 5] = 0.48  57.57
y[5, 18, 13, 21, 5] = 0.1  55.98
y[5, 8, 25, 27, 22, 15, 5] = 0.62  92.81
y[5, 21, 13, 18, 12, 5] = 0.14  56.49
y[5, 13, 8, 25, 27, 10, 12, 5] = 0.1  85.05
y[5, 29, 28, 19, 30, 26, 15, 5] = 0.19  114.91
false  0
Exceed Upper Bound, prune

Solve a child node 30
   + Customers MUST      served together:  (7, 11)  (20, 24)  (9, 11)  (11, 20)  (9, 24)  
   + Customers FORBIDDEN served together:  (11, 17)  (14, 24)  (19, 24)  (22, 24)  (11, 28)  (11, 19)  (15, 24)  (24, 28)  (11, 15)  
   # Total number of 2e routes cannot UNDER:   5  

-------------Iter CG 1-------------
LP Objective Value = 452.4,   sum y = 5.0
x[1, 2, 5, 1],  93.16
y[5, 23, 21, 14, 5] = 0.4  39.3
y[5, 20, 7, 9, 11, 30, 24, 26, 5] = 0.8  89.67
y[5, 13, 25, 27, 22, 12, 5] = 0.2  90.2
y[5, 26, 6, 22, 8, 13, 5] = 0.2  83.62
y[5, 8, 25, 27, 22, 6, 5] = 0.2  91.16
y[5, 18, 10, 8, 13, 14, 5] = 0.2  68.24
y[5, 23, 5] = 0.6  16.0
y[5, 8, 25, 27, 22, 6, 10, 5] = 0.4  92.46
y[5, 16, 17, 28, 19, 29, 15, 5] = 1.0  94.65
y[5, 18, 10, 27, 25, 13, 5] = 0.2  85.25
y[5, 12, 6, 24, 30, 11, 9, 7, 20, 5] = 0.2  90.47
y[5, 12, 18, 10, 13, 21, 5] = 0.2  57.57
y[5, 14, 21, 12, 18, 5] = 0.4  43.12
false  0

================Iteration 16 of B&P for SP1 [1, 2, 5, 1] parkings[5]================
Display selected node 30, parent node 28: from 5 nodes
- Branching node in depth: 15
   + Customers MUST      served together:  (7, 11)  (20, 24)  (9, 11)  (11, 20)  (9, 24)  
   + Customers FORBIDDEN served together:  (11, 17)  (14, 24)  (19, 24)  (22, 24)  (11, 28)  (11, 19)  (15, 24)  (24, 28)  (11, 15)  
   # Total number of 2e routes cannot UNDER:   5  

  Branching node with fractional score: 3.2
  Branching node with cg lower bound: 452.4
  Branching node with LB reduction: -0.0
  Branching node with FS reduction: 0.0
  Total reduction: -0.0
Route(36.4049790107182, [2, 6, 4], 19, 5, Int64[], [0, 0, 0, 0, 0, 1, 0, 0, 0, 0, 0, 0, 0, 0, 0, 0, 0, 0, 0, 0, 0, 0, 0, 0, 0, 0, 0, 0, 0, 0], [0, 0, 0, 1, 0], [0, 1, 0, 0, 0])  0.6000000000000001
Route(72.63712634521085, [5, 14, 22, 10, 5], 7378, 25, Int64[], [0, 0, 0, 0, 0, 0, 0, 0, 0, 1, 0, 0, 0, 1, 0, 0, 0, 0, 0, 0, 0, 1, 0, 0, 0, 0, 0, 0, 0, 0], [0, 0, 0, 0, 1], [0, 0, 0, 0, 1])  0.3999999999999999
Route(89.06903086128682, [5, 12, 29, 7, 9, 15, 5], 8700, 31, Int64[], [0, 0, 0, 0, 0, 0, 1, 0, 1, 0, 0, 1, 0, 0, 1, 0, 0, 0, 0, 0, 0, 0, 0, 0, 0, 0, 0, 0, 1, 0], [0, 0, 0, 0, 1], [0, 0, 0, 0, 1])  0.40000000000000013
Route(100.65953752949646, [5, 17, 28, 19, 29, 20, 15, 12, 5], 8987, 46, Int64[], [0, 0, 0, 0, 0, 0, 0, 0, 0, 0, 0, 1, 0, 0, 1, 0, 1, 0, 1, 1, 0, 0, 0, 0, 0, 0, 0, 1, 1, 0], [0, 0, 0, 0, 1], [0, 0, 0, 0, 1])  0.19999999999999996
Route(112.37017685087446, [5, 16, 28, 19, 11, 30, 24, 5], 9306, 42, Int64[], [0, 0, 0, 0, 0, 0, 0, 0, 0, 0, 1, 0, 0, 0, 0, 1, 0, 0, 1, 0, 0, 0, 0, 1, 0, 0, 0, 1, 0, 1], [0, 0, 0, 0, 1], [0, 0, 0, 0, 1])  0.19999999999999973
Route(83.52206101353013, [5, 18, 24, 11, 9, 20, 5], 9664, 40, Int64[], [0, 0, 0, 0, 0, 0, 0, 0, 1, 0, 1, 0, 0, 0, 0, 0, 0, 1, 0, 1, 0, 0, 0, 1, 0, 0, 0, 0, 0, 0], [0, 0, 0, 0, 1], [0, 0, 0, 0, 1])  0.8
Route(90.47808093757833, [5, 16, 20, 9, 11, 24, 26, 14, 5], 9855, 49, Int64[], [0, 0, 0, 0, 0, 0, 0, 0, 1, 0, 1, 0, 0, 1, 0, 1, 0, 0, 0, 1, 0, 0, 0, 1, 0, 1, 0, 0, 0, 0], [0, 0, 0, 0, 1], [0, 0, 0, 0, 1])  0.2000000000000004
Route(108.58644744183599, [5, 26, 9, 11, 24, 22, 27, 5], 9948, 50, Int64[], [0, 0, 0, 0, 0, 0, 0, 0, 1, 0, 1, 0, 0, 0, 0, 0, 0, 0, 0, 0, 0, 1, 0, 1, 0, 1, 1, 0, 0, 0], [0, 0, 0, 0, 1], [0, 0, 0, 0, 1])  0.19999999999999996
Route(99.36334196580621, [5, 26, 9, 11, 24, 25, 5], 9949, 47, Int64[], [0, 0, 0, 0, 0, 0, 0, 0, 1, 0, 1, 0, 0, 0, 0, 0, 0, 0, 0, 0, 0, 0, 0, 1, 1, 1, 0, 0, 0, 0], [0, 0, 0, 0, 1], [0, 0, 0, 0, 1])  0.40000000000000013
Route(121.42810212337008, [5, 20, 15, 26, 24, 11, 9, 28, 19, 5], 9968, 48, Int64[], [0, 0, 0, 0, 0, 0, 0, 0, 1, 0, 1, 0, 0, 0, 1, 0, 0, 0, 1, 1, 0, 0, 0, 1, 0, 1, 0, 1, 0, 0], [0, 0, 0, 0, 1], [0, 0, 0, 0, 1])  0.20000000000000018
Route(122.72411199177432, [5, 20, 15, 26, 24, 11, 9, 7, 28, 19, 5], 9971, 49, Int64[], [0, 0, 0, 0, 0, 0, 1, 0, 1, 0, 1, 0, 0, 0, 1, 0, 0, 0, 1, 1, 0, 0, 0, 1, 0, 1, 0, 1, 0, 0], [0, 0, 0, 0, 1], [0, 0, 0, 0, 1])  0.19999999999999996
Route(102.82390326164418, [5, 20, 15, 9, 11, 24, 25, 5], 9977, 48, Int64[], [0, 0, 0, 0, 0, 0, 0, 0, 1, 0, 1, 0, 0, 0, 1, 0, 0, 0, 0, 1, 0, 0, 0, 1, 1, 0, 0, 0, 0, 0], [0, 0, 0, 0, 1], [0, 0, 0, 0, 1])  0.19999999999999996
Route(112.24103263127151, [5, 20, 9, 11, 30, 24, 27, 5], 10000, 46, Int64[], [0, 0, 0, 0, 0, 0, 0, 0, 1, 0, 1, 0, 0, 0, 0, 0, 0, 0, 0, 1, 0, 0, 0, 1, 0, 0, 1, 0, 0, 1], [0, 0, 0, 0, 1], [0, 0, 0, 0, 1])  1.0

Solve a child node 31
   + Customers MUST      served together:  (7, 11)  (20, 24)  (7, 24)  (9, 11)  (11, 20)  (9, 24)  
   + Customers FORBIDDEN served together:  (11, 17)  (14, 24)  (19, 24)  (22, 24)  (11, 28)  (11, 19)  (15, 24)  (24, 28)  (11, 15)  
   # Total number of 2e routes cannot UNDER:   5  

-------------Iter CG 1-------------
LP Objective Value = 452.4,   sum y = 5.0
x[1, 2, 5, 1],  93.16
y[5, 23, 21, 14, 5] = 0.4  39.3
y[5, 20, 7, 9, 11, 30, 24, 26, 5] = 0.8  89.67
y[5, 13, 25, 27, 22, 12, 5] = 0.2  90.2
y[5, 26, 6, 22, 8, 13, 5] = 0.2  83.62
y[5, 8, 25, 27, 22, 6, 5] = 0.2  91.16
y[5, 18, 10, 8, 13, 14, 5] = 0.2  68.24
y[5, 23, 5] = 0.6  16.0
y[5, 8, 25, 27, 22, 6, 10, 5] = 0.4  92.46
y[5, 16, 17, 28, 19, 29, 15, 5] = 1.0  94.65
y[5, 18, 10, 27, 25, 13, 5] = 0.2  85.25
y[5, 12, 6, 24, 30, 11, 9, 7, 20, 5] = 0.2  90.47
y[5, 12, 18, 10, 13, 21, 5] = 0.2  57.57
y[5, 14, 21, 12, 18, 5] = 0.4  43.12
false  0

Solve a child node 32
   + Customers MUST      served together:  (7, 11)  (20, 24)  (9, 11)  (11, 20)  (9, 24)  
   + Customers FORBIDDEN served together:  (11, 17)  (14, 24)  (19, 24)  (22, 24)  (11, 28)  (11, 19)  (15, 24)  (7, 24)  (24, 28)  (11, 15)  
   # Total number of 2e routes cannot UNDER:   5  

-------------Iter CG 1-------------
No feasible solution for LMP

================Iteration 17 of B&P for SP1 [1, 2, 5, 1] parkings[5]================
Display selected node 31, parent node 30: from 5 nodes
- Branching node in depth: 16
   + Customers MUST      served together:  (7, 11)  (20, 24)  (7, 24)  (9, 11)  (11, 20)  (9, 24)  
   + Customers FORBIDDEN served together:  (11, 17)  (14, 24)  (19, 24)  (22, 24)  (11, 28)  (11, 19)  (15, 24)  (24, 28)  (11, 15)  
   # Total number of 2e routes cannot UNDER:   5  

  Branching node with fractional score: 3.2
  Branching node with cg lower bound: 452.4
  Branching node with LB reduction: -0.0
  Branching node with FS reduction: -0.0
  Total reduction: -0.0
Route(36.4049790107182, [2, 6, 4], 19, 5, Int64[], [0, 0, 0, 0, 0, 1, 0, 0, 0, 0, 0, 0, 0, 0, 0, 0, 0, 0, 0, 0, 0, 0, 0, 0, 0, 0, 0, 0, 0, 0], [0, 0, 0, 1, 0], [0, 1, 0, 0, 0])  0.6
Route(72.63712634521085, [5, 14, 22, 10, 5], 7378, 25, Int64[], [0, 0, 0, 0, 0, 0, 0, 0, 0, 1, 0, 0, 0, 1, 0, 0, 0, 0, 0, 0, 0, 1, 0, 0, 0, 0, 0, 0, 0, 0], [0, 0, 0, 0, 1], [0, 0, 0, 0, 1])  0.4
Route(89.06903086128682, [5, 12, 29, 7, 9, 15, 5], 8700, 31, Int64[], [0, 0, 0, 0, 0, 0, 1, 0, 1, 0, 0, 1, 0, 0, 1, 0, 0, 0, 0, 0, 0, 0, 0, 0, 0, 0, 0, 0, 1, 0], [0, 0, 0, 0, 1], [0, 0, 0, 0, 1])  0.4
Route(100.65953752949646, [5, 17, 28, 19, 29, 20, 15, 12, 5], 8987, 46, Int64[], [0, 0, 0, 0, 0, 0, 0, 0, 0, 0, 0, 1, 0, 0, 1, 0, 1, 0, 1, 1, 0, 0, 0, 0, 0, 0, 0, 1, 1, 0], [0, 0, 0, 0, 1], [0, 0, 0, 0, 1])  0.2
Route(112.37017685087446, [5, 16, 28, 19, 11, 30, 24, 5], 9306, 42, Int64[], [0, 0, 0, 0, 0, 0, 0, 0, 0, 0, 1, 0, 0, 0, 0, 1, 0, 0, 1, 0, 0, 0, 0, 1, 0, 0, 0, 1, 0, 1], [0, 0, 0, 0, 1], [0, 0, 0, 0, 1])  0.1999999999999999
Route(83.52206101353013, [5, 18, 24, 11, 9, 20, 5], 9664, 40, Int64[], [0, 0, 0, 0, 0, 0, 0, 0, 1, 0, 1, 0, 0, 0, 0, 0, 0, 1, 0, 1, 0, 0, 0, 1, 0, 0, 0, 0, 0, 0], [0, 0, 0, 0, 1], [0, 0, 0, 0, 1])  0.8
Route(90.47808093757833, [5, 16, 20, 9, 11, 24, 26, 14, 5], 9855, 49, Int64[], [0, 0, 0, 0, 0, 0, 0, 0, 1, 0, 1, 0, 0, 1, 0, 1, 0, 0, 0, 1, 0, 0, 0, 1, 0, 1, 0, 0, 0, 0], [0, 0, 0, 0, 1], [0, 0, 0, 0, 1])  0.20000000000000018
Route(108.58644744183599, [5, 26, 9, 11, 24, 22, 27, 5], 9948, 50, Int64[], [0, 0, 0, 0, 0, 0, 0, 0, 1, 0, 1, 0, 0, 0, 0, 0, 0, 0, 0, 0, 0, 1, 0, 1, 0, 1, 1, 0, 0, 0], [0, 0, 0, 0, 1], [0, 0, 0, 0, 1])  0.19999999999999998
Route(99.36334196580621, [5, 26, 9, 11, 24, 25, 5], 9949, 47, Int64[], [0, 0, 0, 0, 0, 0, 0, 0, 1, 0, 1, 0, 0, 0, 0, 0, 0, 0, 0, 0, 0, 0, 0, 1, 1, 1, 0, 0, 0, 0], [0, 0, 0, 0, 1], [0, 0, 0, 0, 1])  0.4
Route(121.42810212337008, [5, 20, 15, 26, 24, 11, 9, 28, 19, 5], 9968, 48, Int64[], [0, 0, 0, 0, 0, 0, 0, 0, 1, 0, 1, 0, 0, 0, 1, 0, 0, 0, 1, 1, 0, 0, 0, 1, 0, 1, 0, 1, 0, 0], [0, 0, 0, 0, 1], [0, 0, 0, 0, 1])  0.20000000000000007
Route(122.72411199177432, [5, 20, 15, 26, 24, 11, 9, 7, 28, 19, 5], 9971, 49, Int64[], [0, 0, 0, 0, 0, 0, 1, 0, 1, 0, 1, 0, 0, 0, 1, 0, 0, 0, 1, 1, 0, 0, 0, 1, 0, 1, 0, 1, 0, 0], [0, 0, 0, 0, 1], [0, 0, 0, 0, 1])  0.2
Route(102.82390326164418, [5, 20, 15, 9, 11, 24, 25, 5], 9977, 48, Int64[], [0, 0, 0, 0, 0, 0, 0, 0, 1, 0, 1, 0, 0, 0, 1, 0, 0, 0, 0, 1, 0, 0, 0, 1, 1, 0, 0, 0, 0, 0], [0, 0, 0, 0, 1], [0, 0, 0, 0, 1])  0.2
Route(112.24103263127151, [5, 20, 9, 11, 30, 24, 27, 5], 10000, 46, Int64[], [0, 0, 0, 0, 0, 0, 0, 0, 1, 0, 1, 0, 0, 0, 0, 0, 0, 0, 0, 1, 0, 0, 0, 1, 0, 0, 1, 0, 0, 1], [0, 0, 0, 0, 1], [0, 0, 0, 0, 1])  1.0

Solve a child node 33
   + Customers MUST      served together:  (11, 22)  (7, 11)  (20, 24)  (7, 24)  (9, 11)  (11, 20)  (9, 24)  
   + Customers FORBIDDEN served together:  (11, 17)  (14, 24)  (19, 24)  (22, 24)  (11, 28)  (11, 19)  (15, 24)  (24, 28)  (11, 15)  
   # Total number of 2e routes cannot UNDER:   5  

-------------Iter CG 1-------------
No feasible solution for LMP

Solve a child node 34
   + Customers MUST      served together:  (7, 11)  (20, 24)  (7, 24)  (9, 11)  (11, 20)  (9, 24)  
   + Customers FORBIDDEN served together:  (11, 17)  (14, 24)  (19, 24)  (22, 24)  (11, 28)  (11, 19)  (15, 24)  (11, 22)  (24, 28)  (11, 15)  
   # Total number of 2e routes cannot UNDER:   5  

-------------Iter CG 1-------------
LP Objective Value = 452.4,   sum y = 5.0
x[1, 2, 5, 1],  93.16
y[5, 23, 21, 14, 5] = 0.4  39.3
y[5, 20, 7, 9, 11, 30, 24, 26, 5] = 0.8  89.67
y[5, 13, 25, 27, 22, 12, 5] = 0.2  90.2
y[5, 26, 6, 22, 8, 13, 5] = 0.2  83.62
y[5, 8, 25, 27, 22, 6, 5] = 0.2  91.16
y[5, 18, 10, 8, 13, 14, 5] = 0.2  68.24
y[5, 23, 5] = 0.6  16.0
y[5, 8, 25, 27, 22, 6, 10, 5] = 0.4  92.46
y[5, 16, 17, 28, 19, 29, 15, 5] = 1.0  94.65
y[5, 18, 10, 27, 25, 13, 5] = 0.2  85.25
y[5, 12, 6, 24, 30, 11, 9, 7, 20, 5] = 0.2  90.47
y[5, 12, 18, 10, 13, 21, 5] = 0.2  57.57
y[5, 14, 21, 12, 18, 5] = 0.4  43.12
false  0

================Iteration 18 of B&P for SP1 [1, 2, 5, 1] parkings[5]================
Display selected node 34, parent node 31: from 5 nodes
- Branching node in depth: 17
   + Customers MUST      served together:  (7, 11)  (20, 24)  (7, 24)  (9, 11)  (11, 20)  (9, 24)  
   + Customers FORBIDDEN served together:  (11, 17)  (14, 24)  (19, 24)  (22, 24)  (11, 28)  (11, 19)  (15, 24)  (11, 22)  (24, 28)  (11, 15)  
   # Total number of 2e routes cannot UNDER:   5  

  Branching node with fractional score: 3.2
  Branching node with cg lower bound: 452.4
  Branching node with LB reduction: 0.0
  Branching node with FS reduction: 0.0
  Total reduction: 0.0
Route(36.4049790107182, [2, 6, 4], 19, 5, Int64[], [0, 0, 0, 0, 0, 1, 0, 0, 0, 0, 0, 0, 0, 0, 0, 0, 0, 0, 0, 0, 0, 0, 0, 0, 0, 0, 0, 0, 0, 0], [0, 0, 0, 1, 0], [0, 1, 0, 0, 0])  0.6
Route(72.63712634521085, [5, 14, 22, 10, 5], 7378, 25, Int64[], [0, 0, 0, 0, 0, 0, 0, 0, 0, 1, 0, 0, 0, 1, 0, 0, 0, 0, 0, 0, 0, 1, 0, 0, 0, 0, 0, 0, 0, 0], [0, 0, 0, 0, 1], [0, 0, 0, 0, 1])  0.4
Route(89.06903086128682, [5, 12, 29, 7, 9, 15, 5], 8700, 31, Int64[], [0, 0, 0, 0, 0, 0, 1, 0, 1, 0, 0, 1, 0, 0, 1, 0, 0, 0, 0, 0, 0, 0, 0, 0, 0, 0, 0, 0, 1, 0], [0, 0, 0, 0, 1], [0, 0, 0, 0, 1])  0.4
Route(100.65953752949646, [5, 17, 28, 19, 29, 20, 15, 12, 5], 8987, 46, Int64[], [0, 0, 0, 0, 0, 0, 0, 0, 0, 0, 0, 1, 0, 0, 1, 0, 1, 0, 1, 1, 0, 0, 0, 0, 0, 0, 0, 1, 1, 0], [0, 0, 0, 0, 1], [0, 0, 0, 0, 1])  0.2
Route(112.37017685087446, [5, 16, 28, 19, 11, 30, 24, 5], 9306, 42, Int64[], [0, 0, 0, 0, 0, 0, 0, 0, 0, 0, 1, 0, 0, 0, 0, 1, 0, 0, 1, 0, 0, 0, 0, 1, 0, 0, 0, 1, 0, 1], [0, 0, 0, 0, 1], [0, 0, 0, 0, 1])  0.1999999999999999
Route(83.52206101353013, [5, 18, 24, 11, 9, 20, 5], 9664, 40, Int64[], [0, 0, 0, 0, 0, 0, 0, 0, 1, 0, 1, 0, 0, 0, 0, 0, 0, 1, 0, 1, 0, 0, 0, 1, 0, 0, 0, 0, 0, 0], [0, 0, 0, 0, 1], [0, 0, 0, 0, 1])  0.8
Route(90.47808093757833, [5, 16, 20, 9, 11, 24, 26, 14, 5], 9855, 49, Int64[], [0, 0, 0, 0, 0, 0, 0, 0, 1, 0, 1, 0, 0, 1, 0, 1, 0, 0, 0, 1, 0, 0, 0, 1, 0, 1, 0, 0, 0, 0], [0, 0, 0, 0, 1], [0, 0, 0, 0, 1])  0.20000000000000018
Route(108.58644744183599, [5, 26, 9, 11, 24, 22, 27, 5], 9948, 50, Int64[], [0, 0, 0, 0, 0, 0, 0, 0, 1, 0, 1, 0, 0, 0, 0, 0, 0, 0, 0, 0, 0, 1, 0, 1, 0, 1, 1, 0, 0, 0], [0, 0, 0, 0, 1], [0, 0, 0, 0, 1])  0.19999999999999998
Route(99.36334196580621, [5, 26, 9, 11, 24, 25, 5], 9949, 47, Int64[], [0, 0, 0, 0, 0, 0, 0, 0, 1, 0, 1, 0, 0, 0, 0, 0, 0, 0, 0, 0, 0, 0, 0, 1, 1, 1, 0, 0, 0, 0], [0, 0, 0, 0, 1], [0, 0, 0, 0, 1])  0.4
Route(121.42810212337008, [5, 20, 15, 26, 24, 11, 9, 28, 19, 5], 9968, 48, Int64[], [0, 0, 0, 0, 0, 0, 0, 0, 1, 0, 1, 0, 0, 0, 1, 0, 0, 0, 1, 1, 0, 0, 0, 1, 0, 1, 0, 1, 0, 0], [0, 0, 0, 0, 1], [0, 0, 0, 0, 1])  0.20000000000000007
Route(122.72411199177432, [5, 20, 15, 26, 24, 11, 9, 7, 28, 19, 5], 9971, 49, Int64[], [0, 0, 0, 0, 0, 0, 1, 0, 1, 0, 1, 0, 0, 0, 1, 0, 0, 0, 1, 1, 0, 0, 0, 1, 0, 1, 0, 1, 0, 0], [0, 0, 0, 0, 1], [0, 0, 0, 0, 1])  0.2
Route(102.82390326164418, [5, 20, 15, 9, 11, 24, 25, 5], 9977, 48, Int64[], [0, 0, 0, 0, 0, 0, 0, 0, 1, 0, 1, 0, 0, 0, 1, 0, 0, 0, 0, 1, 0, 0, 0, 1, 1, 0, 0, 0, 0, 0], [0, 0, 0, 0, 1], [0, 0, 0, 0, 1])  0.2
Route(112.24103263127151, [5, 20, 9, 11, 30, 24, 27, 5], 10000, 46, Int64[], [0, 0, 0, 0, 0, 0, 0, 0, 1, 0, 1, 0, 0, 0, 0, 0, 0, 0, 0, 1, 0, 0, 0, 1, 0, 0, 1, 0, 0, 1], [0, 0, 0, 0, 1], [0, 0, 0, 0, 1])  1.0

Solve a child node 35
   + Customers MUST      served together:  (11, 14)  (7, 11)  (20, 24)  (7, 24)  (9, 11)  (11, 20)  (9, 24)  
   + Customers FORBIDDEN served together:  (11, 17)  (14, 24)  (19, 24)  (22, 24)  (11, 28)  (11, 19)  (15, 24)  (11, 22)  (24, 28)  (11, 15)  
   # Total number of 2e routes cannot UNDER:   5  

-------------Iter CG 1-------------
No feasible solution for LMP

Solve a child node 36
   + Customers MUST      served together:  (7, 11)  (20, 24)  (7, 24)  (9, 11)  (11, 20)  (9, 24)  
   + Customers FORBIDDEN served together:  (11, 17)  (19, 24)  (22, 24)  (11, 28)  (11, 15)  (14, 24)  (11, 14)  (15, 24)  (11, 22)  (11, 19)  (24, 28)  
   # Total number of 2e routes cannot UNDER:   5  

-------------Iter CG 1-------------
LP Objective Value = 452.4,   sum y = 5.0
x[1, 2, 5, 1],  93.16
y[5, 23, 21, 14, 5] = 0.4  39.3
y[5, 20, 7, 9, 11, 30, 24, 26, 5] = 0.8  89.67
y[5, 13, 25, 27, 22, 12, 5] = 0.2  90.2
y[5, 26, 6, 22, 8, 13, 5] = 0.2  83.62
y[5, 8, 25, 27, 22, 6, 5] = 0.2  91.16
y[5, 18, 10, 8, 13, 14, 5] = 0.2  68.24
y[5, 23, 5] = 0.6  16.0
y[5, 8, 25, 27, 22, 6, 10, 5] = 0.4  92.46
y[5, 16, 17, 28, 19, 29, 15, 5] = 1.0  94.65
y[5, 18, 10, 27, 25, 13, 5] = 0.2  85.25
y[5, 12, 6, 24, 30, 11, 9, 7, 20, 5] = 0.2  90.47
y[5, 12, 18, 10, 13, 21, 5] = 0.2  57.57
y[5, 14, 21, 12, 18, 5] = 0.4  43.12
false  0

================Iteration 19 of B&P for SP1 [1, 2, 5, 1] parkings[5]================
Display selected node 36, parent node 34: from 5 nodes
- Branching node in depth: 18
   + Customers MUST      served together:  (7, 11)  (20, 24)  (7, 24)  (9, 11)  (11, 20)  (9, 24)  
   + Customers FORBIDDEN served together:  (11, 17)  (19, 24)  (22, 24)  (11, 28)  (11, 15)  (14, 24)  (11, 14)  (15, 24)  (11, 22)  (11, 19)  (24, 28)  
   # Total number of 2e routes cannot UNDER:   5  

  Branching node with fractional score: 3.2
  Branching node with cg lower bound: 452.4
  Branching node with LB reduction: 0.0
  Branching node with FS reduction: 0.0
  Total reduction: 0.0
Route(36.4049790107182, [2, 6, 4], 19, 5, Int64[], [0, 0, 0, 0, 0, 1, 0, 0, 0, 0, 0, 0, 0, 0, 0, 0, 0, 0, 0, 0, 0, 0, 0, 0, 0, 0, 0, 0, 0, 0], [0, 0, 0, 1, 0], [0, 1, 0, 0, 0])  0.6
Route(72.63712634521085, [5, 14, 22, 10, 5], 7378, 25, Int64[], [0, 0, 0, 0, 0, 0, 0, 0, 0, 1, 0, 0, 0, 1, 0, 0, 0, 0, 0, 0, 0, 1, 0, 0, 0, 0, 0, 0, 0, 0], [0, 0, 0, 0, 1], [0, 0, 0, 0, 1])  0.4
Route(89.06903086128682, [5, 12, 29, 7, 9, 15, 5], 8700, 31, Int64[], [0, 0, 0, 0, 0, 0, 1, 0, 1, 0, 0, 1, 0, 0, 1, 0, 0, 0, 0, 0, 0, 0, 0, 0, 0, 0, 0, 0, 1, 0], [0, 0, 0, 0, 1], [0, 0, 0, 0, 1])  0.4
Route(100.65953752949646, [5, 17, 28, 19, 29, 20, 15, 12, 5], 8987, 46, Int64[], [0, 0, 0, 0, 0, 0, 0, 0, 0, 0, 0, 1, 0, 0, 1, 0, 1, 0, 1, 1, 0, 0, 0, 0, 0, 0, 0, 1, 1, 0], [0, 0, 0, 0, 1], [0, 0, 0, 0, 1])  0.2
Route(112.37017685087446, [5, 16, 28, 19, 11, 30, 24, 5], 9306, 42, Int64[], [0, 0, 0, 0, 0, 0, 0, 0, 0, 0, 1, 0, 0, 0, 0, 1, 0, 0, 1, 0, 0, 0, 0, 1, 0, 0, 0, 1, 0, 1], [0, 0, 0, 0, 1], [0, 0, 0, 0, 1])  0.1999999999999999
Route(83.52206101353013, [5, 18, 24, 11, 9, 20, 5], 9664, 40, Int64[], [0, 0, 0, 0, 0, 0, 0, 0, 1, 0, 1, 0, 0, 0, 0, 0, 0, 1, 0, 1, 0, 0, 0, 1, 0, 0, 0, 0, 0, 0], [0, 0, 0, 0, 1], [0, 0, 0, 0, 1])  0.8
Route(90.47808093757833, [5, 16, 20, 9, 11, 24, 26, 14, 5], 9855, 49, Int64[], [0, 0, 0, 0, 0, 0, 0, 0, 1, 0, 1, 0, 0, 1, 0, 1, 0, 0, 0, 1, 0, 0, 0, 1, 0, 1, 0, 0, 0, 0], [0, 0, 0, 0, 1], [0, 0, 0, 0, 1])  0.20000000000000018
Route(108.58644744183599, [5, 26, 9, 11, 24, 22, 27, 5], 9948, 50, Int64[], [0, 0, 0, 0, 0, 0, 0, 0, 1, 0, 1, 0, 0, 0, 0, 0, 0, 0, 0, 0, 0, 1, 0, 1, 0, 1, 1, 0, 0, 0], [0, 0, 0, 0, 1], [0, 0, 0, 0, 1])  0.19999999999999998
Route(99.36334196580621, [5, 26, 9, 11, 24, 25, 5], 9949, 47, Int64[], [0, 0, 0, 0, 0, 0, 0, 0, 1, 0, 1, 0, 0, 0, 0, 0, 0, 0, 0, 0, 0, 0, 0, 1, 1, 1, 0, 0, 0, 0], [0, 0, 0, 0, 1], [0, 0, 0, 0, 1])  0.4
Route(121.42810212337008, [5, 20, 15, 26, 24, 11, 9, 28, 19, 5], 9968, 48, Int64[], [0, 0, 0, 0, 0, 0, 0, 0, 1, 0, 1, 0, 0, 0, 1, 0, 0, 0, 1, 1, 0, 0, 0, 1, 0, 1, 0, 1, 0, 0], [0, 0, 0, 0, 1], [0, 0, 0, 0, 1])  0.20000000000000007
Route(122.72411199177432, [5, 20, 15, 26, 24, 11, 9, 7, 28, 19, 5], 9971, 49, Int64[], [0, 0, 0, 0, 0, 0, 1, 0, 1, 0, 1, 0, 0, 0, 1, 0, 0, 0, 1, 1, 0, 0, 0, 1, 0, 1, 0, 1, 0, 0], [0, 0, 0, 0, 1], [0, 0, 0, 0, 1])  0.2
Route(102.82390326164418, [5, 20, 15, 9, 11, 24, 25, 5], 9977, 48, Int64[], [0, 0, 0, 0, 0, 0, 0, 0, 1, 0, 1, 0, 0, 0, 1, 0, 0, 0, 0, 1, 0, 0, 0, 1, 1, 0, 0, 0, 0, 0], [0, 0, 0, 0, 1], [0, 0, 0, 0, 1])  0.2
Route(112.24103263127151, [5, 20, 9, 11, 30, 24, 27, 5], 10000, 46, Int64[], [0, 0, 0, 0, 0, 0, 0, 0, 1, 0, 1, 0, 0, 0, 0, 0, 0, 0, 0, 1, 0, 0, 0, 1, 0, 0, 1, 0, 0, 1], [0, 0, 0, 0, 1], [0, 0, 0, 0, 1])  1.0

Solve a child node 37
   + Customers MUST      served together:  (7, 11)  (20, 24)  (7, 24)  (9, 11)  (11, 20)  (9, 24)  (9, 20)  
   + Customers FORBIDDEN served together:  (11, 17)  (19, 24)  (22, 24)  (11, 28)  (11, 15)  (14, 24)  (11, 14)  (15, 24)  (11, 22)  (11, 19)  (24, 28)  
   # Total number of 2e routes cannot UNDER:   5  

-------------Iter CG 1-------------
LP Objective Value = 452.4,   sum y = 5.0
x[1, 2, 5, 1],  93.16
y[5, 23, 21, 14, 5] = 0.4  39.3
y[5, 20, 7, 9, 11, 30, 24, 26, 5] = 0.8  89.67
y[5, 13, 25, 27, 22, 12, 5] = 0.2  90.2
y[5, 26, 6, 22, 8, 13, 5] = 0.2  83.62
y[5, 8, 25, 27, 22, 6, 5] = 0.2  91.16
y[5, 18, 10, 8, 13, 14, 5] = 0.2  68.24
y[5, 23, 5] = 0.6  16.0
y[5, 8, 25, 27, 22, 6, 10, 5] = 0.4  92.46
y[5, 16, 17, 28, 19, 29, 15, 5] = 1.0  94.65
y[5, 18, 10, 27, 25, 13, 5] = 0.2  85.25
y[5, 12, 6, 24, 30, 11, 9, 7, 20, 5] = 0.2  90.47
y[5, 12, 18, 10, 13, 21, 5] = 0.2  57.57
y[5, 14, 21, 12, 18, 5] = 0.4  43.12
false  0

Solve a child node 38
   + Customers MUST      served together:  (7, 11)  (20, 24)  (7, 24)  (9, 11)  (11, 20)  (9, 24)  
   + Customers FORBIDDEN served together:  (11, 17)  (19, 24)  (22, 24)  (11, 28)  (11, 15)  (14, 24)  (11, 14)  (9, 20)  (15, 24)  (11, 22)  (11, 19)  (24, 28)  
   # Total number of 2e routes cannot UNDER:   5  

-------------Iter CG 1-------------
No feasible solution for LMP

================Iteration 20 of B&P for SP1 [1, 2, 5, 1] parkings[5]================
Display selected node 37, parent node 36: from 5 nodes
- Branching node in depth: 19
   + Customers MUST      served together:  (7, 11)  (20, 24)  (7, 24)  (9, 11)  (11, 20)  (9, 24)  (9, 20)  
   + Customers FORBIDDEN served together:  (11, 17)  (19, 24)  (22, 24)  (11, 28)  (11, 15)  (14, 24)  (11, 14)  (15, 24)  (11, 22)  (11, 19)  (24, 28)  
   # Total number of 2e routes cannot UNDER:   5  

  Branching node with fractional score: 3.2
  Branching node with cg lower bound: 452.4
  Branching node with LB reduction: 0.0
  Branching node with FS reduction: 0.0
  Total reduction: 0.0
Route(36.4049790107182, [2, 6, 4], 19, 5, Int64[], [0, 0, 0, 0, 0, 1, 0, 0, 0, 0, 0, 0, 0, 0, 0, 0, 0, 0, 0, 0, 0, 0, 0, 0, 0, 0, 0, 0, 0, 0], [0, 0, 0, 1, 0], [0, 1, 0, 0, 0])  0.6
Route(72.63712634521085, [5, 14, 22, 10, 5], 7378, 25, Int64[], [0, 0, 0, 0, 0, 0, 0, 0, 0, 1, 0, 0, 0, 1, 0, 0, 0, 0, 0, 0, 0, 1, 0, 0, 0, 0, 0, 0, 0, 0], [0, 0, 0, 0, 1], [0, 0, 0, 0, 1])  0.4
Route(89.06903086128682, [5, 12, 29, 7, 9, 15, 5], 8700, 31, Int64[], [0, 0, 0, 0, 0, 0, 1, 0, 1, 0, 0, 1, 0, 0, 1, 0, 0, 0, 0, 0, 0, 0, 0, 0, 0, 0, 0, 0, 1, 0], [0, 0, 0, 0, 1], [0, 0, 0, 0, 1])  0.4
Route(100.65953752949646, [5, 17, 28, 19, 29, 20, 15, 12, 5], 8987, 46, Int64[], [0, 0, 0, 0, 0, 0, 0, 0, 0, 0, 0, 1, 0, 0, 1, 0, 1, 0, 1, 1, 0, 0, 0, 0, 0, 0, 0, 1, 1, 0], [0, 0, 0, 0, 1], [0, 0, 0, 0, 1])  0.2
Route(112.37017685087446, [5, 16, 28, 19, 11, 30, 24, 5], 9306, 42, Int64[], [0, 0, 0, 0, 0, 0, 0, 0, 0, 0, 1, 0, 0, 0, 0, 1, 0, 0, 1, 0, 0, 0, 0, 1, 0, 0, 0, 1, 0, 1], [0, 0, 0, 0, 1], [0, 0, 0, 0, 1])  0.1999999999999999
Route(83.52206101353013, [5, 18, 24, 11, 9, 20, 5], 9664, 40, Int64[], [0, 0, 0, 0, 0, 0, 0, 0, 1, 0, 1, 0, 0, 0, 0, 0, 0, 1, 0, 1, 0, 0, 0, 1, 0, 0, 0, 0, 0, 0], [0, 0, 0, 0, 1], [0, 0, 0, 0, 1])  0.8
Route(90.47808093757833, [5, 16, 20, 9, 11, 24, 26, 14, 5], 9855, 49, Int64[], [0, 0, 0, 0, 0, 0, 0, 0, 1, 0, 1, 0, 0, 1, 0, 1, 0, 0, 0, 1, 0, 0, 0, 1, 0, 1, 0, 0, 0, 0], [0, 0, 0, 0, 1], [0, 0, 0, 0, 1])  0.20000000000000018
Route(108.58644744183599, [5, 26, 9, 11, 24, 22, 27, 5], 9948, 50, Int64[], [0, 0, 0, 0, 0, 0, 0, 0, 1, 0, 1, 0, 0, 0, 0, 0, 0, 0, 0, 0, 0, 1, 0, 1, 0, 1, 1, 0, 0, 0], [0, 0, 0, 0, 1], [0, 0, 0, 0, 1])  0.19999999999999998
Route(99.36334196580621, [5, 26, 9, 11, 24, 25, 5], 9949, 47, Int64[], [0, 0, 0, 0, 0, 0, 0, 0, 1, 0, 1, 0, 0, 0, 0, 0, 0, 0, 0, 0, 0, 0, 0, 1, 1, 1, 0, 0, 0, 0], [0, 0, 0, 0, 1], [0, 0, 0, 0, 1])  0.4
Route(121.42810212337008, [5, 20, 15, 26, 24, 11, 9, 28, 19, 5], 9968, 48, Int64[], [0, 0, 0, 0, 0, 0, 0, 0, 1, 0, 1, 0, 0, 0, 1, 0, 0, 0, 1, 1, 0, 0, 0, 1, 0, 1, 0, 1, 0, 0], [0, 0, 0, 0, 1], [0, 0, 0, 0, 1])  0.20000000000000007
Route(122.72411199177432, [5, 20, 15, 26, 24, 11, 9, 7, 28, 19, 5], 9971, 49, Int64[], [0, 0, 0, 0, 0, 0, 1, 0, 1, 0, 1, 0, 0, 0, 1, 0, 0, 0, 1, 1, 0, 0, 0, 1, 0, 1, 0, 1, 0, 0], [0, 0, 0, 0, 1], [0, 0, 0, 0, 1])  0.2
Route(102.82390326164418, [5, 20, 15, 9, 11, 24, 25, 5], 9977, 48, Int64[], [0, 0, 0, 0, 0, 0, 0, 0, 1, 0, 1, 0, 0, 0, 1, 0, 0, 0, 0, 1, 0, 0, 0, 1, 1, 0, 0, 0, 0, 0], [0, 0, 0, 0, 1], [0, 0, 0, 0, 1])  0.2
Route(112.24103263127151, [5, 20, 9, 11, 30, 24, 27, 5], 10000, 46, Int64[], [0, 0, 0, 0, 0, 0, 0, 0, 1, 0, 1, 0, 0, 0, 0, 0, 0, 0, 0, 1, 0, 0, 0, 1, 0, 0, 1, 0, 0, 1], [0, 0, 0, 0, 1], [0, 0, 0, 0, 1])  1.0

Solve a child node 39
   + Customers MUST      served together:  (9, 15)  (7, 11)  (20, 24)  (7, 24)  (9, 11)  (11, 20)  (9, 24)  (9, 20)  
   + Customers FORBIDDEN served together:  (11, 17)  (19, 24)  (22, 24)  (11, 28)  (11, 15)  (14, 24)  (11, 14)  (15, 24)  (11, 22)  (11, 19)  (24, 28)  
   # Total number of 2e routes cannot UNDER:   5  

-------------Iter CG 1-------------
No feasible solution for LMP

Solve a child node 40
   + Customers MUST      served together:  (7, 11)  (20, 24)  (7, 24)  (9, 11)  (11, 20)  (9, 24)  (9, 20)  
   + Customers FORBIDDEN served together:  (11, 17)  (19, 24)  (22, 24)  (11, 28)  (11, 15)  (14, 24)  (9, 15)  (11, 14)  (15, 24)  (11, 22)  (11, 19)  (24, 28)  
   # Total number of 2e routes cannot UNDER:   5  

-------------Iter CG 1-------------
LP Objective Value = 452.4,   sum y = 5.0
x[1, 2, 5, 1],  93.16
y[5, 23, 21, 14, 5] = 0.4  39.3
y[5, 20, 7, 9, 11, 30, 24, 26, 5] = 0.8  89.67
y[5, 13, 25, 27, 22, 12, 5] = 0.2  90.2
y[5, 26, 6, 22, 8, 13, 5] = 0.2  83.62
y[5, 8, 25, 27, 22, 6, 5] = 0.2  91.16
y[5, 18, 10, 8, 13, 14, 5] = 0.2  68.24
y[5, 23, 5] = 0.6  16.0
y[5, 8, 25, 27, 22, 6, 10, 5] = 0.4  92.46
y[5, 16, 17, 28, 19, 29, 15, 5] = 1.0  94.65
y[5, 18, 10, 27, 25, 13, 5] = 0.2  85.25
y[5, 12, 6, 24, 30, 11, 9, 7, 20, 5] = 0.2  90.47
y[5, 12, 18, 10, 13, 21, 5] = 0.2  57.57
y[5, 14, 21, 12, 18, 5] = 0.4  43.12
false  0

================Iteration 21 of B&P for SP1 [1, 2, 5, 1] parkings[5]================
Display selected node 40, parent node 37: from 5 nodes
- Branching node in depth: 20
   + Customers MUST      served together:  (7, 11)  (20, 24)  (7, 24)  (9, 11)  (11, 20)  (9, 24)  (9, 20)  
   + Customers FORBIDDEN served together:  (11, 17)  (19, 24)  (22, 24)  (11, 28)  (11, 15)  (14, 24)  (9, 15)  (11, 14)  (15, 24)  (11, 22)  (11, 19)  (24, 28)  
   # Total number of 2e routes cannot UNDER:   5  

  Branching node with fractional score: 3.2
  Branching node with cg lower bound: 452.4
  Branching node with LB reduction: 0.0
  Branching node with FS reduction: 0.0
  Total reduction: 0.0
Route(36.4049790107182, [2, 6, 4], 19, 5, Int64[], [0, 0, 0, 0, 0, 1, 0, 0, 0, 0, 0, 0, 0, 0, 0, 0, 0, 0, 0, 0, 0, 0, 0, 0, 0, 0, 0, 0, 0, 0], [0, 0, 0, 1, 0], [0, 1, 0, 0, 0])  0.6
Route(72.63712634521085, [5, 14, 22, 10, 5], 7378, 25, Int64[], [0, 0, 0, 0, 0, 0, 0, 0, 0, 1, 0, 0, 0, 1, 0, 0, 0, 0, 0, 0, 0, 1, 0, 0, 0, 0, 0, 0, 0, 0], [0, 0, 0, 0, 1], [0, 0, 0, 0, 1])  0.4
Route(89.06903086128682, [5, 12, 29, 7, 9, 15, 5], 8700, 31, Int64[], [0, 0, 0, 0, 0, 0, 1, 0, 1, 0, 0, 1, 0, 0, 1, 0, 0, 0, 0, 0, 0, 0, 0, 0, 0, 0, 0, 0, 1, 0], [0, 0, 0, 0, 1], [0, 0, 0, 0, 1])  0.4
Route(100.65953752949646, [5, 17, 28, 19, 29, 20, 15, 12, 5], 8987, 46, Int64[], [0, 0, 0, 0, 0, 0, 0, 0, 0, 0, 0, 1, 0, 0, 1, 0, 1, 0, 1, 1, 0, 0, 0, 0, 0, 0, 0, 1, 1, 0], [0, 0, 0, 0, 1], [0, 0, 0, 0, 1])  0.2
Route(112.37017685087446, [5, 16, 28, 19, 11, 30, 24, 5], 9306, 42, Int64[], [0, 0, 0, 0, 0, 0, 0, 0, 0, 0, 1, 0, 0, 0, 0, 1, 0, 0, 1, 0, 0, 0, 0, 1, 0, 0, 0, 1, 0, 1], [0, 0, 0, 0, 1], [0, 0, 0, 0, 1])  0.1999999999999999
Route(83.52206101353013, [5, 18, 24, 11, 9, 20, 5], 9664, 40, Int64[], [0, 0, 0, 0, 0, 0, 0, 0, 1, 0, 1, 0, 0, 0, 0, 0, 0, 1, 0, 1, 0, 0, 0, 1, 0, 0, 0, 0, 0, 0], [0, 0, 0, 0, 1], [0, 0, 0, 0, 1])  0.8
Route(90.47808093757833, [5, 16, 20, 9, 11, 24, 26, 14, 5], 9855, 49, Int64[], [0, 0, 0, 0, 0, 0, 0, 0, 1, 0, 1, 0, 0, 1, 0, 1, 0, 0, 0, 1, 0, 0, 0, 1, 0, 1, 0, 0, 0, 0], [0, 0, 0, 0, 1], [0, 0, 0, 0, 1])  0.20000000000000018
Route(108.58644744183599, [5, 26, 9, 11, 24, 22, 27, 5], 9948, 50, Int64[], [0, 0, 0, 0, 0, 0, 0, 0, 1, 0, 1, 0, 0, 0, 0, 0, 0, 0, 0, 0, 0, 1, 0, 1, 0, 1, 1, 0, 0, 0], [0, 0, 0, 0, 1], [0, 0, 0, 0, 1])  0.19999999999999998
Route(99.36334196580621, [5, 26, 9, 11, 24, 25, 5], 9949, 47, Int64[], [0, 0, 0, 0, 0, 0, 0, 0, 1, 0, 1, 0, 0, 0, 0, 0, 0, 0, 0, 0, 0, 0, 0, 1, 1, 1, 0, 0, 0, 0], [0, 0, 0, 0, 1], [0, 0, 0, 0, 1])  0.4
Route(121.42810212337008, [5, 20, 15, 26, 24, 11, 9, 28, 19, 5], 9968, 48, Int64[], [0, 0, 0, 0, 0, 0, 0, 0, 1, 0, 1, 0, 0, 0, 1, 0, 0, 0, 1, 1, 0, 0, 0, 1, 0, 1, 0, 1, 0, 0], [0, 0, 0, 0, 1], [0, 0, 0, 0, 1])  0.20000000000000007
Route(122.72411199177432, [5, 20, 15, 26, 24, 11, 9, 7, 28, 19, 5], 9971, 49, Int64[], [0, 0, 0, 0, 0, 0, 1, 0, 1, 0, 1, 0, 0, 0, 1, 0, 0, 0, 1, 1, 0, 0, 0, 1, 0, 1, 0, 1, 0, 0], [0, 0, 0, 0, 1], [0, 0, 0, 0, 1])  0.2
Route(102.82390326164418, [5, 20, 15, 9, 11, 24, 25, 5], 9977, 48, Int64[], [0, 0, 0, 0, 0, 0, 0, 0, 1, 0, 1, 0, 0, 0, 1, 0, 0, 0, 0, 1, 0, 0, 0, 1, 1, 0, 0, 0, 0, 0], [0, 0, 0, 0, 1], [0, 0, 0, 0, 1])  0.2
Route(112.24103263127151, [5, 20, 9, 11, 30, 24, 27, 5], 10000, 46, Int64[], [0, 0, 0, 0, 0, 0, 0, 0, 1, 0, 1, 0, 0, 0, 0, 0, 0, 0, 0, 1, 0, 0, 0, 1, 0, 0, 1, 0, 0, 1], [0, 0, 0, 0, 1], [0, 0, 0, 0, 1])  1.0

Solve a child node 41
   + Customers MUST      served together:  (7, 11)  (20, 24)  (7, 24)  (9, 28)  (9, 11)  (11, 20)  (9, 24)  (9, 20)  
   + Customers FORBIDDEN served together:  (11, 17)  (19, 24)  (22, 24)  (11, 28)  (11, 15)  (14, 24)  (9, 15)  (11, 14)  (15, 24)  (11, 22)  (11, 19)  (24, 28)  
   # Total number of 2e routes cannot UNDER:   5  

-------------Iter CG 1-------------
No feasible solution for LMP

Solve a child node 42
   + Customers MUST      served together:  (7, 11)  (20, 24)  (7, 24)  (9, 11)  (11, 20)  (9, 24)  (9, 20)  
   + Customers FORBIDDEN served together:  (11, 17)  (19, 24)  (22, 24)  (11, 28)  (9, 28)  (11, 15)  (14, 24)  (9, 15)  (11, 14)  (15, 24)  (11, 22)  (11, 19)  (24, 28)  
   # Total number of 2e routes cannot UNDER:   5  

-------------Iter CG 1-------------
LP Objective Value = 452.4,   sum y = 5.0
x[1, 2, 5, 1],  93.16
y[5, 23, 21, 14, 5] = 0.4  39.3
y[5, 20, 7, 9, 11, 30, 24, 26, 5] = 0.8  89.67
y[5, 13, 25, 27, 22, 12, 5] = 0.2  90.2
y[5, 26, 6, 22, 8, 13, 5] = 0.2  83.62
y[5, 8, 25, 27, 22, 6, 5] = 0.2  91.16
y[5, 18, 10, 8, 13, 14, 5] = 0.2  68.24
y[5, 23, 5] = 0.6  16.0
y[5, 8, 25, 27, 22, 6, 10, 5] = 0.4  92.46
y[5, 16, 17, 28, 19, 29, 15, 5] = 1.0  94.65
y[5, 18, 10, 27, 25, 13, 5] = 0.2  85.25
y[5, 12, 6, 24, 30, 11, 9, 7, 20, 5] = 0.2  90.47
y[5, 12, 18, 10, 13, 21, 5] = 0.2  57.57
y[5, 14, 21, 12, 18, 5] = 0.4  43.12
false  0

================Iteration 22 of B&P for SP1 [1, 2, 5, 1] parkings[5]================
Display selected node 42, parent node 40: from 5 nodes
- Branching node in depth: 21
   + Customers MUST      served together:  (7, 11)  (20, 24)  (7, 24)  (9, 11)  (11, 20)  (9, 24)  (9, 20)  
   + Customers FORBIDDEN served together:  (11, 17)  (19, 24)  (22, 24)  (11, 28)  (9, 28)  (11, 15)  (14, 24)  (9, 15)  (11, 14)  (15, 24)  (11, 22)  (11, 19)  (24, 28)  
   # Total number of 2e routes cannot UNDER:   5  

  Branching node with fractional score: 3.2
  Branching node with cg lower bound: 452.4
  Branching node with LB reduction: 0.0
  Branching node with FS reduction: -0.0
  Total reduction: 0.0
Route(36.4049790107182, [2, 6, 4], 19, 5, Int64[], [0, 0, 0, 0, 0, 1, 0, 0, 0, 0, 0, 0, 0, 0, 0, 0, 0, 0, 0, 0, 0, 0, 0, 0, 0, 0, 0, 0, 0, 0], [0, 0, 0, 1, 0], [0, 1, 0, 0, 0])  0.5999999999999999
Route(72.63712634521085, [5, 14, 22, 10, 5], 7378, 25, Int64[], [0, 0, 0, 0, 0, 0, 0, 0, 0, 1, 0, 0, 0, 1, 0, 0, 0, 0, 0, 0, 0, 1, 0, 0, 0, 0, 0, 0, 0, 0], [0, 0, 0, 0, 1], [0, 0, 0, 0, 1])  0.4000000000000001
Route(89.06903086128682, [5, 12, 29, 7, 9, 15, 5], 8700, 31, Int64[], [0, 0, 0, 0, 0, 0, 1, 0, 1, 0, 0, 1, 0, 0, 1, 0, 0, 0, 0, 0, 0, 0, 0, 0, 0, 0, 0, 0, 1, 0], [0, 0, 0, 0, 1], [0, 0, 0, 0, 1])  0.39999999999999986
Route(100.65953752949646, [5, 17, 28, 19, 29, 20, 15, 12, 5], 8987, 46, Int64[], [0, 0, 0, 0, 0, 0, 0, 0, 0, 0, 0, 1, 0, 0, 1, 0, 1, 0, 1, 1, 0, 0, 0, 0, 0, 0, 0, 1, 1, 0], [0, 0, 0, 0, 1], [0, 0, 0, 0, 1])  0.1999999999999999
Route(112.37017685087446, [5, 16, 28, 19, 11, 30, 24, 5], 9306, 42, Int64[], [0, 0, 0, 0, 0, 0, 0, 0, 0, 0, 1, 0, 0, 0, 0, 1, 0, 0, 1, 0, 0, 0, 0, 1, 0, 0, 0, 1, 0, 1], [0, 0, 0, 0, 1], [0, 0, 0, 0, 1])  0.1999999999999999
Route(83.52206101353013, [5, 18, 24, 11, 9, 20, 5], 9664, 40, Int64[], [0, 0, 0, 0, 0, 0, 0, 0, 1, 0, 1, 0, 0, 0, 0, 0, 0, 1, 0, 1, 0, 0, 0, 1, 0, 0, 0, 0, 0, 0], [0, 0, 0, 0, 1], [0, 0, 0, 0, 1])  0.8
Route(90.47808093757833, [5, 16, 20, 9, 11, 24, 26, 14, 5], 9855, 49, Int64[], [0, 0, 0, 0, 0, 0, 0, 0, 1, 0, 1, 0, 0, 1, 0, 1, 0, 0, 0, 1, 0, 0, 0, 1, 0, 1, 0, 0, 0, 0], [0, 0, 0, 0, 1], [0, 0, 0, 0, 1])  0.20000000000000012
Route(108.58644744183599, [5, 26, 9, 11, 24, 22, 27, 5], 9948, 50, Int64[], [0, 0, 0, 0, 0, 0, 0, 0, 1, 0, 1, 0, 0, 0, 0, 0, 0, 0, 0, 0, 0, 1, 0, 1, 0, 1, 1, 0, 0, 0], [0, 0, 0, 0, 1], [0, 0, 0, 0, 1])  0.2000000000000003
Route(99.36334196580621, [5, 26, 9, 11, 24, 25, 5], 9949, 47, Int64[], [0, 0, 0, 0, 0, 0, 0, 0, 1, 0, 1, 0, 0, 0, 0, 0, 0, 0, 0, 0, 0, 0, 0, 1, 1, 1, 0, 0, 0, 0], [0, 0, 0, 0, 1], [0, 0, 0, 0, 1])  0.39999999999999974
Route(121.42810212337008, [5, 20, 15, 26, 24, 11, 9, 28, 19, 5], 9968, 48, Int64[], [0, 0, 0, 0, 0, 0, 0, 0, 1, 0, 1, 0, 0, 0, 1, 0, 0, 0, 1, 1, 0, 0, 0, 1, 0, 1, 0, 1, 0, 0], [0, 0, 0, 0, 1], [0, 0, 0, 0, 1])  0.20000000000000034
Route(122.72411199177432, [5, 20, 15, 26, 24, 11, 9, 7, 28, 19, 5], 9971, 49, Int64[], [0, 0, 0, 0, 0, 0, 1, 0, 1, 0, 1, 0, 0, 0, 1, 0, 0, 0, 1, 1, 0, 0, 0, 1, 0, 1, 0, 1, 0, 0], [0, 0, 0, 0, 1], [0, 0, 0, 0, 1])  0.20000000000000007
Route(102.82390326164418, [5, 20, 15, 9, 11, 24, 25, 5], 9977, 48, Int64[], [0, 0, 0, 0, 0, 0, 0, 0, 1, 0, 1, 0, 0, 0, 1, 0, 0, 0, 0, 1, 0, 0, 0, 1, 1, 0, 0, 0, 0, 0], [0, 0, 0, 0, 1], [0, 0, 0, 0, 1])  0.1999999999999999
Route(112.24103263127151, [5, 20, 9, 11, 30, 24, 27, 5], 10000, 46, Int64[], [0, 0, 0, 0, 0, 0, 0, 0, 1, 0, 1, 0, 0, 0, 0, 0, 0, 0, 0, 1, 0, 0, 0, 1, 0, 0, 1, 0, 0, 1], [0, 0, 0, 0, 1], [0, 0, 0, 0, 1])  1.0

Solve a child node 43
   + Customers MUST      served together:  (7, 11)  (20, 24)  (7, 24)  (9, 19)  (9, 11)  (11, 20)  (9, 24)  (9, 20)  
   + Customers FORBIDDEN served together:  (11, 17)  (19, 24)  (22, 24)  (11, 28)  (9, 28)  (11, 15)  (14, 24)  (9, 15)  (11, 14)  (15, 24)  (11, 22)  (11, 19)  (24, 28)  
   # Total number of 2e routes cannot UNDER:   5  

-------------Iter CG 1-------------
No feasible solution for LMP

Solve a child node 44
   + Customers MUST      served together:  (7, 11)  (20, 24)  (7, 24)  (9, 11)  (11, 20)  (9, 24)  (9, 20)  
   + Customers FORBIDDEN served together:  (11, 17)  (19, 24)  (22, 24)  (11, 28)  (9, 28)  (11, 15)  (14, 24)  (9, 15)  (11, 14)  (15, 24)  (11, 22)  (11, 19)  (9, 19)  (24, 28)  
   # Total number of 2e routes cannot UNDER:   5  

-------------Iter CG 1-------------
LP Objective Value = 452.4,   sum y = 5.0
x[1, 2, 5, 1],  93.16
y[5, 23, 21, 14, 5] = 0.4  39.3
y[5, 20, 7, 9, 11, 30, 24, 26, 5] = 0.8  89.67
y[5, 13, 25, 27, 22, 12, 5] = 0.2  90.2
y[5, 26, 6, 22, 8, 13, 5] = 0.2  83.62
y[5, 8, 25, 27, 22, 6, 5] = 0.2  91.16
y[5, 18, 10, 8, 13, 14, 5] = 0.2  68.24
y[5, 23, 5] = 0.6  16.0
y[5, 8, 25, 27, 22, 6, 10, 5] = 0.4  92.46
y[5, 16, 17, 28, 19, 29, 15, 5] = 1.0  94.65
y[5, 18, 10, 27, 25, 13, 5] = 0.2  85.25
y[5, 12, 6, 24, 30, 11, 9, 7, 20, 5] = 0.2  90.47
y[5, 12, 18, 10, 13, 21, 5] = 0.2  57.57
y[5, 14, 21, 12, 18, 5] = 0.4  43.12
false  0

================Iteration 23 of B&P for SP1 [1, 2, 5, 1] parkings[5]================
Display selected node 44, parent node 42: from 5 nodes
- Branching node in depth: 22
   + Customers MUST      served together:  (7, 11)  (20, 24)  (7, 24)  (9, 11)  (11, 20)  (9, 24)  (9, 20)  
   + Customers FORBIDDEN served together:  (11, 17)  (19, 24)  (22, 24)  (11, 28)  (9, 28)  (11, 15)  (14, 24)  (9, 15)  (11, 14)  (15, 24)  (11, 22)  (11, 19)  (9, 19)  (24, 28)  
   # Total number of 2e routes cannot UNDER:   5  

  Branching node with fractional score: 3.2
  Branching node with cg lower bound: 452.4
  Branching node with LB reduction: -0.0
  Branching node with FS reduction: 0.0
  Total reduction: -0.0
Route(36.4049790107182, [2, 6, 4], 19, 5, Int64[], [0, 0, 0, 0, 0, 1, 0, 0, 0, 0, 0, 0, 0, 0, 0, 0, 0, 0, 0, 0, 0, 0, 0, 0, 0, 0, 0, 0, 0, 0], [0, 0, 0, 1, 0], [0, 1, 0, 0, 0])  0.6
Route(72.63712634521085, [5, 14, 22, 10, 5], 7378, 25, Int64[], [0, 0, 0, 0, 0, 0, 0, 0, 0, 1, 0, 0, 0, 1, 0, 0, 0, 0, 0, 0, 0, 1, 0, 0, 0, 0, 0, 0, 0, 0], [0, 0, 0, 0, 1], [0, 0, 0, 0, 1])  0.4
Route(89.06903086128682, [5, 12, 29, 7, 9, 15, 5], 8700, 31, Int64[], [0, 0, 0, 0, 0, 0, 1, 0, 1, 0, 0, 1, 0, 0, 1, 0, 0, 0, 0, 0, 0, 0, 0, 0, 0, 0, 0, 0, 1, 0], [0, 0, 0, 0, 1], [0, 0, 0, 0, 1])  0.4
Route(100.65953752949646, [5, 17, 28, 19, 29, 20, 15, 12, 5], 8987, 46, Int64[], [0, 0, 0, 0, 0, 0, 0, 0, 0, 0, 0, 1, 0, 0, 1, 0, 1, 0, 1, 1, 0, 0, 0, 0, 0, 0, 0, 1, 1, 0], [0, 0, 0, 0, 1], [0, 0, 0, 0, 1])  0.19999999999999993
Route(112.37017685087446, [5, 16, 28, 19, 11, 30, 24, 5], 9306, 42, Int64[], [0, 0, 0, 0, 0, 0, 0, 0, 0, 0, 1, 0, 0, 0, 0, 1, 0, 0, 1, 0, 0, 0, 0, 1, 0, 0, 0, 1, 0, 1], [0, 0, 0, 0, 1], [0, 0, 0, 0, 1])  0.19999999999999993
Route(83.52206101353013, [5, 18, 24, 11, 9, 20, 5], 9664, 40, Int64[], [0, 0, 0, 0, 0, 0, 0, 0, 1, 0, 1, 0, 0, 0, 0, 0, 0, 1, 0, 1, 0, 0, 0, 1, 0, 0, 0, 0, 0, 0], [0, 0, 0, 0, 1], [0, 0, 0, 0, 1])  0.8
Route(90.47808093757833, [5, 16, 20, 9, 11, 24, 26, 14, 5], 9855, 49, Int64[], [0, 0, 0, 0, 0, 0, 0, 0, 1, 0, 1, 0, 0, 1, 0, 1, 0, 0, 0, 1, 0, 0, 0, 1, 0, 1, 0, 0, 0, 0], [0, 0, 0, 0, 1], [0, 0, 0, 0, 1])  0.20000000000000004
Route(108.58644744183599, [5, 26, 9, 11, 24, 22, 27, 5], 9948, 50, Int64[], [0, 0, 0, 0, 0, 0, 0, 0, 1, 0, 1, 0, 0, 0, 0, 0, 0, 0, 0, 0, 0, 1, 0, 1, 0, 1, 1, 0, 0, 0], [0, 0, 0, 0, 1], [0, 0, 0, 0, 1])  0.19999999999999987
Route(99.36334196580621, [5, 26, 9, 11, 24, 25, 5], 9949, 47, Int64[], [0, 0, 0, 0, 0, 0, 0, 0, 1, 0, 1, 0, 0, 0, 0, 0, 0, 0, 0, 0, 0, 0, 0, 1, 1, 1, 0, 0, 0, 0], [0, 0, 0, 0, 1], [0, 0, 0, 0, 1])  0.4000000000000001
Route(121.42810212337008, [5, 20, 15, 26, 24, 11, 9, 28, 19, 5], 9968, 48, Int64[], [0, 0, 0, 0, 0, 0, 0, 0, 1, 0, 1, 0, 0, 0, 1, 0, 0, 0, 1, 1, 0, 0, 0, 1, 0, 1, 0, 1, 0, 0], [0, 0, 0, 0, 1], [0, 0, 0, 0, 1])  0.19999999999999998
Route(122.72411199177432, [5, 20, 15, 26, 24, 11, 9, 7, 28, 19, 5], 9971, 49, Int64[], [0, 0, 0, 0, 0, 0, 1, 0, 1, 0, 1, 0, 0, 0, 1, 0, 0, 0, 1, 1, 0, 0, 0, 1, 0, 1, 0, 1, 0, 0], [0, 0, 0, 0, 1], [0, 0, 0, 0, 1])  0.19999999999999998
Route(102.82390326164418, [5, 20, 15, 9, 11, 24, 25, 5], 9977, 48, Int64[], [0, 0, 0, 0, 0, 0, 0, 0, 1, 0, 1, 0, 0, 0, 1, 0, 0, 0, 0, 1, 0, 0, 0, 1, 1, 0, 0, 0, 0, 0], [0, 0, 0, 0, 1], [0, 0, 0, 0, 1])  0.19999999999999996
Route(112.24103263127151, [5, 20, 9, 11, 30, 24, 27, 5], 10000, 46, Int64[], [0, 0, 0, 0, 0, 0, 0, 0, 1, 0, 1, 0, 0, 0, 0, 0, 0, 0, 0, 1, 0, 0, 0, 1, 0, 0, 1, 0, 0, 1], [0, 0, 0, 0, 1], [0, 0, 0, 0, 1])  1.0

Solve a child node 45
   + Customers MUST      served together:  (9, 16)  (7, 11)  (20, 24)  (7, 24)  (9, 11)  (11, 20)  (9, 24)  (9, 20)  
   + Customers FORBIDDEN served together:  (11, 17)  (19, 24)  (22, 24)  (11, 28)  (9, 28)  (11, 15)  (14, 24)  (9, 15)  (11, 14)  (15, 24)  (11, 22)  (11, 19)  (9, 19)  (24, 28)  
   # Total number of 2e routes cannot UNDER:   5  

-------------Iter CG 1-------------
LP Objective Value = 471.95,   sum y = 5.0
x[1, 2, 5, 1],  93.16
y[5, 14, 8, 25, 13, 5] = 0.33  69.96
y[5, 23, 21, 14, 5] = 0.33  39.3
y[5, 16, 20, 7, 9, 11, 24, 6, 26, 10, 5] = 0.33  93.22
y[5, 15, 30, 22, 27, 8, 5] = 0.33  105.79
y[5, 17, 29, 28, 19, 30, 5] = 0.67  114.56
y[5, 13, 25, 27, 22, 10, 5] = 0.33  90.21
y[5, 17, 28, 19, 29, 26, 15, 5] = 0.33  102.14
y[5, 23, 5] = 0.67  16.0
y[5, 16, 20, 7, 9, 11, 24, 6, 18, 5] = 0.33  89.4
y[5, 12, 18, 10, 13, 21, 5] = 0.33  57.57
y[5, 16, 20, 7, 9, 11, 24, 6, 26, 12, 5] = 0.33  91.74
y[5, 14, 21, 12, 18, 5] = 0.33  43.12
y[5, 8, 25, 27, 22, 15, 5] = 0.33  92.81
false  0
Exceed Upper Bound, prune

Solve a child node 46
   + Customers MUST      served together:  (7, 11)  (20, 24)  (7, 24)  (9, 11)  (11, 20)  (9, 24)  (9, 20)  
   + Customers FORBIDDEN served together:  (11, 17)  (19, 24)  (22, 24)  (11, 28)  (9, 28)  (11, 15)  (14, 24)  (9, 15)  (11, 14)  (9, 16)  (15, 24)  (11, 22)  (11, 19)  (9, 19)  (24, 28)  
   # Total number of 2e routes cannot UNDER:   5  

-------------Iter CG 1-------------
LP Objective Value = 452.4,   sum y = 5.0
x[1, 2, 5, 1],  93.16
y[5, 23, 21, 14, 5] = 0.4  39.3
y[5, 20, 7, 9, 11, 30, 24, 26, 5] = 0.8  89.67
y[5, 13, 25, 27, 22, 12, 5] = 0.2  90.2
y[5, 26, 6, 22, 8, 13, 5] = 0.2  83.62
y[5, 8, 25, 27, 22, 6, 5] = 0.2  91.16
y[5, 18, 10, 8, 13, 14, 5] = 0.2  68.24
y[5, 23, 5] = 0.6  16.0
y[5, 8, 25, 27, 22, 6, 10, 5] = 0.4  92.46
y[5, 16, 17, 28, 19, 29, 15, 5] = 1.0  94.65
y[5, 18, 10, 27, 25, 13, 5] = 0.2  85.25
y[5, 12, 6, 24, 30, 11, 9, 7, 20, 5] = 0.2  90.47
y[5, 12, 18, 10, 13, 21, 5] = 0.2  57.57
y[5, 14, 21, 12, 18, 5] = 0.4  43.12
false  0

================Iteration 24 of B&P for SP1 [1, 2, 5, 1] parkings[5]================
Display selected node 46, parent node 44: from 5 nodes
- Branching node in depth: 23
   + Customers MUST      served together:  (7, 11)  (20, 24)  (7, 24)  (9, 11)  (11, 20)  (9, 24)  (9, 20)  
   + Customers FORBIDDEN served together:  (11, 17)  (19, 24)  (22, 24)  (11, 28)  (9, 28)  (11, 15)  (14, 24)  (9, 15)  (11, 14)  (9, 16)  (15, 24)  (11, 22)  (11, 19)  (9, 19)  (24, 28)  
   # Total number of 2e routes cannot UNDER:   5  

  Branching node with fractional score: 3.2
  Branching node with cg lower bound: 452.4
  Branching node with LB reduction: 0.0
  Branching node with FS reduction: 0.0
  Total reduction: 0.0
Route(36.4049790107182, [2, 6, 4], 19, 5, Int64[], [0, 0, 0, 0, 0, 1, 0, 0, 0, 0, 0, 0, 0, 0, 0, 0, 0, 0, 0, 0, 0, 0, 0, 0, 0, 0, 0, 0, 0, 0], [0, 0, 0, 1, 0], [0, 1, 0, 0, 0])  0.6000000000000001
Route(72.63712634521085, [5, 14, 22, 10, 5], 7378, 25, Int64[], [0, 0, 0, 0, 0, 0, 0, 0, 0, 1, 0, 0, 0, 1, 0, 0, 0, 0, 0, 0, 0, 1, 0, 0, 0, 0, 0, 0, 0, 0], [0, 0, 0, 0, 1], [0, 0, 0, 0, 1])  0.3999999999999999
Route(89.06903086128682, [5, 12, 29, 7, 9, 15, 5], 8700, 31, Int64[], [0, 0, 0, 0, 0, 0, 1, 0, 1, 0, 0, 1, 0, 0, 1, 0, 0, 0, 0, 0, 0, 0, 0, 0, 0, 0, 0, 0, 1, 0], [0, 0, 0, 0, 1], [0, 0, 0, 0, 1])  0.4
Route(100.65953752949646, [5, 17, 28, 19, 29, 20, 15, 12, 5], 8987, 46, Int64[], [0, 0, 0, 0, 0, 0, 0, 0, 0, 0, 0, 1, 0, 0, 1, 0, 1, 0, 1, 1, 0, 0, 0, 0, 0, 0, 0, 1, 1, 0], [0, 0, 0, 0, 1], [0, 0, 0, 0, 1])  0.19999999999999996
Route(112.37017685087446, [5, 16, 28, 19, 11, 30, 24, 5], 9306, 42, Int64[], [0, 0, 0, 0, 0, 0, 0, 0, 0, 0, 1, 0, 0, 0, 0, 1, 0, 0, 1, 0, 0, 0, 0, 1, 0, 0, 0, 1, 0, 1], [0, 0, 0, 0, 1], [0, 0, 0, 0, 1])  0.19999999999999996
Route(83.52206101353013, [5, 18, 24, 11, 9, 20, 5], 9664, 40, Int64[], [0, 0, 0, 0, 0, 0, 0, 0, 1, 0, 1, 0, 0, 0, 0, 0, 0, 1, 0, 1, 0, 0, 0, 1, 0, 0, 0, 0, 0, 0], [0, 0, 0, 0, 1], [0, 0, 0, 0, 1])  0.8
Route(90.47808093757833, [5, 16, 20, 9, 11, 24, 26, 14, 5], 9855, 49, Int64[], [0, 0, 0, 0, 0, 0, 0, 0, 1, 0, 1, 0, 0, 1, 0, 1, 0, 0, 0, 1, 0, 0, 0, 1, 0, 1, 0, 0, 0, 0], [0, 0, 0, 0, 1], [0, 0, 0, 0, 1])  0.19999999999999996
Route(108.58644744183599, [5, 26, 9, 11, 24, 22, 27, 5], 9948, 50, Int64[], [0, 0, 0, 0, 0, 0, 0, 0, 1, 0, 1, 0, 0, 0, 0, 0, 0, 0, 0, 0, 0, 1, 0, 1, 0, 1, 1, 0, 0, 0], [0, 0, 0, 0, 1], [0, 0, 0, 0, 1])  0.20000000000000007
Route(99.36334196580621, [5, 26, 9, 11, 24, 25, 5], 9949, 47, Int64[], [0, 0, 0, 0, 0, 0, 0, 0, 1, 0, 1, 0, 0, 0, 0, 0, 0, 0, 0, 0, 0, 0, 0, 1, 1, 1, 0, 0, 0, 0], [0, 0, 0, 0, 1], [0, 0, 0, 0, 1])  0.4
Route(121.42810212337008, [5, 20, 15, 26, 24, 11, 9, 28, 19, 5], 9968, 48, Int64[], [0, 0, 0, 0, 0, 0, 0, 0, 1, 0, 1, 0, 0, 0, 1, 0, 0, 0, 1, 1, 0, 0, 0, 1, 0, 1, 0, 1, 0, 0], [0, 0, 0, 0, 1], [0, 0, 0, 0, 1])  0.19999999999999996
Route(122.72411199177432, [5, 20, 15, 26, 24, 11, 9, 7, 28, 19, 5], 9971, 49, Int64[], [0, 0, 0, 0, 0, 0, 1, 0, 1, 0, 1, 0, 0, 0, 1, 0, 0, 0, 1, 1, 0, 0, 0, 1, 0, 1, 0, 1, 0, 0], [0, 0, 0, 0, 1], [0, 0, 0, 0, 1])  0.20000000000000004
Route(102.82390326164418, [5, 20, 15, 9, 11, 24, 25, 5], 9977, 48, Int64[], [0, 0, 0, 0, 0, 0, 0, 0, 1, 0, 1, 0, 0, 0, 1, 0, 0, 0, 0, 1, 0, 0, 0, 1, 1, 0, 0, 0, 0, 0], [0, 0, 0, 0, 1], [0, 0, 0, 0, 1])  0.19999999999999996
Route(112.24103263127151, [5, 20, 9, 11, 30, 24, 27, 5], 10000, 46, Int64[], [0, 0, 0, 0, 0, 0, 0, 0, 1, 0, 1, 0, 0, 0, 0, 0, 0, 0, 0, 1, 0, 0, 0, 1, 0, 0, 1, 0, 0, 1], [0, 0, 0, 0, 1], [0, 0, 0, 0, 1])  1.0

Solve a child node 47
   + Customers MUST      served together:  (7, 11)  (20, 24)  (7, 24)  (9, 11)  (11, 20)  (9, 24)  (9, 20)  (9, 12)  
   + Customers FORBIDDEN served together:  (11, 17)  (19, 24)  (22, 24)  (11, 28)  (9, 28)  (11, 15)  (14, 24)  (9, 15)  (11, 14)  (9, 16)  (15, 24)  (11, 22)  (11, 19)  (9, 19)  (24, 28)  
   # Total number of 2e routes cannot UNDER:   5  

-------------Iter CG 1-------------
LP Objective Value = 459.94,   sum y = 5.0
x[1, 2, 5, 1],  93.16
y[5, 14, 8, 25, 13, 5] = 0.25  69.96
y[5, 23, 21, 14, 5] = 0.5  39.3
y[5, 18, 10, 26, 15, 17, 16, 5] = 0.25  71.35
y[5, 14, 21, 18, 5] = 0.25  42.75
y[5, 8, 25, 27, 22, 10, 5] = 0.5  88.58
y[5, 13, 8, 27, 22, 26, 5] = 0.25  93.52
y[5, 13, 25, 27, 22, 10, 5] = 0.25  90.21
y[5, 17, 28, 19, 29, 26, 15, 5] = 0.25  102.14
y[5, 23, 5] = 0.5  16.0
y[5, 16, 17, 28, 19, 29, 15, 5] = 0.5  94.65
y[5, 12, 6, 24, 30, 11, 9, 7, 20, 5] = 1.0  90.47
y[5, 18, 13, 21, 5] = 0.25  55.98
y[5, 16, 28, 19, 29, 26, 18, 5] = 0.25  102.31
true  3
-------------Iter CG 2-------------
LP Objective Value = 459.04,   sum y = 5.0
x[1, 2, 5, 1],  93.16
y[5, 23, 21, 14, 5] = 0.5  39.3
y[5, 14, 21, 18, 5] = 0.5  42.75
y[5, 13, 8, 27, 22, 26, 5] = 0.5  93.52
y[5, 23, 5] = 0.5  16.0
y[5, 16, 17, 28, 19, 29, 15, 5] = 1.0  94.65
y[5, 18, 10, 27, 25, 13, 5] = 0.5  85.25
y[5, 12, 6, 24, 30, 11, 9, 7, 20, 5] = 1.0  90.47
y[5, 10, 8, 25, 22, 26, 5] = 0.5  84.7
false  0

Solve a child node 48
   + Customers MUST      served together:  (7, 11)  (20, 24)  (7, 24)  (9, 11)  (11, 20)  (9, 24)  (9, 20)  
   + Customers FORBIDDEN served together:  (11, 17)  (19, 24)  (22, 24)  (11, 28)  (9, 28)  (11, 15)  (9, 12)  (14, 24)  (9, 15)  (11, 14)  (9, 16)  (15, 24)  (11, 22)  (11, 19)  (9, 19)  (24, 28)  
   # Total number of 2e routes cannot UNDER:   5  

-------------Iter CG 1-------------
LP Objective Value = 452.64,   sum y = 5.0
x[1, 2, 5, 1],  93.16
y[5, 14, 8, 25, 13, 5] = 0.1  69.96
y[5, 23, 21, 14, 5] = 0.3  39.3
y[5, 20, 7, 9, 11, 30, 24, 26, 5] = 0.8  89.67
y[5, 13, 25, 27, 22, 12, 5] = 0.2  90.2
y[5, 26, 6, 22, 8, 13, 5] = 0.2  83.62
y[5, 23, 21, 12, 18, 5] = 0.1  50.87
y[5, 20, 7, 9, 11, 30, 24, 6, 5] = 0.1  89.65
y[5, 18, 10, 8, 13, 14, 5] = 0.1  68.24
y[5, 23, 5] = 0.6  16.0
y[5, 12, 6, 22, 27, 8, 13, 5] = 0.1  93.78
y[5, 8, 25, 27, 22, 6, 10, 5] = 0.5  92.46
y[5, 16, 17, 28, 19, 29, 15, 5] = 1.0  94.65
y[5, 18, 10, 27, 25, 13, 5] = 0.2  85.25
y[5, 12, 18, 10, 13, 21, 5] = 0.1  57.57
y[5, 14, 21, 12, 18, 5] = 0.5  43.12
y[5, 20, 7, 9, 11, 30, 24, 6, 10, 5] = 0.1  90.96
true  1
-------------Iter CG 2-------------
LP Objective Value = 452.63,   sum y = 5.0
x[1, 2, 5, 1],  93.16
y[5, 14, 8, 25, 13, 5] = 0.08  69.96
y[5, 23, 21, 14, 5] = 0.33  39.3
y[5, 20, 7, 9, 11, 30, 24, 26, 5] = 0.83  89.67
y[5, 13, 25, 27, 22, 12, 5] = 0.17  90.2
y[5, 26, 6, 22, 8, 13, 5] = 0.17  83.62
y[5, 8, 25, 27, 22, 6, 5] = 0.08  91.16
y[5, 20, 7, 9, 11, 30, 24, 6, 5] = 0.17  89.65
y[5, 18, 10, 8, 13, 14, 5] = 0.08  68.24
y[5, 23, 5] = 0.58  16.0
y[5, 12, 6, 22, 27, 8, 13, 5] = 0.08  93.78
y[5, 8, 25, 27, 22, 6, 10, 5] = 0.5  92.46
y[5, 16, 17, 28, 19, 29, 15, 5] = 1.0  94.65
y[5, 18, 10, 27, 25, 13, 5] = 0.17  85.25
y[5, 12, 18, 10, 13, 21, 5] = 0.25  57.57
y[5, 23, 14, 12, 18, 5] = 0.08  48.34
y[5, 14, 21, 12, 18, 5] = 0.42  43.12
false  0

================Iteration 25 of B&P for SP1 [1, 2, 5, 1] parkings[5]================
Display selected node 48, parent node 46: from 6 nodes
- Branching node in depth: 24
   + Customers MUST      served together:  (7, 11)  (20, 24)  (7, 24)  (9, 11)  (11, 20)  (9, 24)  (9, 20)  
   + Customers FORBIDDEN served together:  (11, 17)  (19, 24)  (22, 24)  (11, 28)  (9, 28)  (11, 15)  (9, 12)  (14, 24)  (9, 15)  (11, 14)  (9, 16)  (15, 24)  (11, 22)  (11, 19)  (9, 19)  (24, 28)  
   # Total number of 2e routes cannot UNDER:   5  

  Branching node with fractional score: 3.17
  Branching node with cg lower bound: 452.63
  Branching node with LB reduction: 0.01
  Branching node with FS reduction: -0.0
  Total reduction: 0.05
Route(36.4049790107182, [2, 6, 4], 19, 5, Int64[], [0, 0, 0, 0, 0, 1, 0, 0, 0, 0, 0, 0, 0, 0, 0, 0, 0, 0, 0, 0, 0, 0, 0, 0, 0, 0, 0, 0, 0, 0], [0, 0, 0, 1, 0], [0, 1, 0, 0, 0])  0.5833333333333333
Route(72.63712634521085, [5, 14, 22, 10, 5], 7378, 25, Int64[], [0, 0, 0, 0, 0, 0, 0, 0, 0, 1, 0, 0, 0, 1, 0, 0, 0, 0, 0, 0, 0, 1, 0, 0, 0, 0, 0, 0, 0, 0], [0, 0, 0, 0, 1], [0, 0, 0, 0, 1])  0.3333333333333334
Route(89.06903086128682, [5, 12, 29, 7, 9, 15, 5], 8700, 31, Int64[], [0, 0, 0, 0, 0, 0, 1, 0, 1, 0, 0, 1, 0, 0, 1, 0, 0, 0, 0, 0, 0, 0, 0, 0, 0, 0, 0, 0, 1, 0], [0, 0, 0, 0, 1], [0, 0, 0, 0, 1])  0.4166666666666667
Route(100.65953752949646, [5, 17, 28, 19, 29, 20, 15, 12, 5], 8987, 46, Int64[], [0, 0, 0, 0, 0, 0, 0, 0, 0, 0, 0, 1, 0, 0, 1, 0, 1, 0, 1, 1, 0, 0, 0, 0, 0, 0, 0, 1, 1, 0], [0, 0, 0, 0, 1], [0, 0, 0, 0, 1])  0.16666666666666674
Route(113.41670378347719, [5, 17, 28, 19, 30, 6, 10, 5], 8992, 43, Int64[], [0, 0, 0, 0, 0, 1, 0, 0, 0, 1, 0, 0, 0, 0, 0, 0, 1, 0, 1, 0, 0, 0, 0, 0, 0, 0, 0, 1, 0, 1], [0, 0, 0, 0, 1], [0, 0, 0, 0, 1])  0.08333333333333331
Route(112.37017685087446, [5, 16, 28, 19, 11, 30, 24, 5], 9306, 42, Int64[], [0, 0, 0, 0, 0, 0, 0, 0, 0, 0, 1, 0, 0, 0, 0, 1, 0, 0, 1, 0, 0, 0, 0, 1, 0, 0, 0, 1, 0, 1], [0, 0, 0, 0, 1], [0, 0, 0, 0, 1])  0.1666666666666667
Route(83.52206101353013, [5, 18, 24, 11, 9, 20, 5], 9664, 40, Int64[], [0, 0, 0, 0, 0, 0, 0, 0, 1, 0, 1, 0, 0, 0, 0, 0, 0, 1, 0, 1, 0, 0, 0, 1, 0, 0, 0, 0, 0, 0], [0, 0, 0, 0, 1], [0, 0, 0, 0, 1])  0.8333333333333333
Route(89.3177881834259, [5, 18, 24, 11, 9, 7, 20, 16, 5], 9665, 45, Int64[], [0, 0, 0, 0, 0, 0, 1, 0, 1, 0, 1, 0, 0, 0, 0, 1, 0, 1, 0, 1, 0, 0, 0, 1, 0, 0, 0, 0, 0, 0], [0, 0, 0, 0, 1], [0, 0, 0, 0, 1])  0.16666666666666674
Route(108.35270639629944, [5, 16, 28, 9, 11, 24, 26, 5], 9767, 40, Int64[], [0, 0, 0, 0, 0, 0, 0, 0, 1, 0, 1, 0, 0, 0, 0, 1, 0, 0, 0, 0, 0, 0, 0, 1, 0, 1, 0, 1, 0, 0], [0, 0, 0, 0, 1], [0, 0, 0, 0, 1])  0.08333333333333323
Route(90.47808093757833, [5, 16, 20, 9, 11, 24, 26, 14, 5], 9855, 49, Int64[], [0, 0, 0, 0, 0, 0, 0, 0, 1, 0, 1, 0, 0, 1, 0, 1, 0, 0, 0, 1, 0, 0, 0, 1, 0, 1, 0, 0, 0, 0], [0, 0, 0, 0, 1], [0, 0, 0, 0, 1])  0.16666666666666677
Route(108.58644744183599, [5, 26, 9, 11, 24, 22, 27, 5], 9948, 50, Int64[], [0, 0, 0, 0, 0, 0, 0, 0, 1, 0, 1, 0, 0, 0, 0, 0, 0, 0, 0, 0, 0, 1, 0, 1, 0, 1, 1, 0, 0, 0], [0, 0, 0, 0, 1], [0, 0, 0, 0, 1])  0.08333333333333326
Route(99.36334196580621, [5, 26, 9, 11, 24, 25, 5], 9949, 47, Int64[], [0, 0, 0, 0, 0, 0, 0, 0, 1, 0, 1, 0, 0, 0, 0, 0, 0, 0, 0, 0, 0, 0, 0, 1, 1, 1, 0, 0, 0, 0], [0, 0, 0, 0, 1], [0, 0, 0, 0, 1])  0.5
Route(121.42810212337008, [5, 20, 15, 26, 24, 11, 9, 28, 19, 5], 9968, 48, Int64[], [0, 0, 0, 0, 0, 0, 0, 0, 1, 0, 1, 0, 0, 0, 1, 0, 0, 0, 1, 1, 0, 0, 0, 1, 0, 1, 0, 1, 0, 0], [0, 0, 0, 0, 1], [0, 0, 0, 0, 1])  0.08333333333333334
Route(122.72411199177432, [5, 20, 15, 26, 24, 11, 9, 7, 28, 19, 5], 9971, 49, Int64[], [0, 0, 0, 0, 0, 0, 1, 0, 1, 0, 1, 0, 0, 0, 1, 0, 0, 0, 1, 1, 0, 0, 0, 1, 0, 1, 0, 1, 0, 0], [0, 0, 0, 0, 1], [0, 0, 0, 0, 1])  0.24999999999999992
Route(112.24103263127151, [5, 20, 9, 11, 30, 24, 27, 5], 10000, 46, Int64[], [0, 0, 0, 0, 0, 0, 0, 0, 1, 0, 1, 0, 0, 0, 0, 0, 0, 0, 0, 1, 0, 0, 0, 1, 0, 0, 1, 0, 0, 1], [0, 0, 0, 0, 1], [0, 0, 0, 0, 1])  1.0
Route(109.74996186369935, [5, 17, 28, 19, 7, 9, 24, 12, 5], 10141, 44, Int64[], [0, 0, 0, 0, 0, 0, 1, 0, 1, 0, 0, 1, 0, 0, 0, 0, 1, 0, 1, 0, 0, 0, 0, 1, 0, 0, 0, 1, 0, 0], [0, 0, 0, 0, 1], [0, 0, 0, 0, 1])  0.08333333333333334

Solve a child node 49
   + Customers MUST      served together:  (7, 11)  (20, 24)  (7, 24)  (9, 11)  (11, 20)  (9, 24)  (9, 20)  (12, 24)  
   + Customers FORBIDDEN served together:  (11, 17)  (19, 24)  (22, 24)  (11, 28)  (9, 28)  (11, 15)  (9, 12)  (14, 24)  (9, 15)  (11, 14)  (9, 16)  (15, 24)  (11, 22)  (11, 19)  (9, 19)  (24, 28)  
   # Total number of 2e routes cannot UNDER:   5  

-------------Iter CG 1-------------
No feasible solution for LMP

Solve a child node 50
   + Customers MUST      served together:  (7, 11)  (20, 24)  (7, 24)  (9, 11)  (11, 20)  (9, 24)  (9, 20)  
   + Customers FORBIDDEN served together:  (11, 17)  (19, 24)  (22, 24)  (11, 28)  (9, 28)  (11, 15)  (9, 12)  (14, 24)  (9, 15)  (11, 14)  (9, 16)  (15, 24)  (11, 22)  (11, 19)  (9, 19)  (24, 28)  (12, 24)  
   # Total number of 2e routes cannot UNDER:   5  

-------------Iter CG 1-------------
LP Objective Value = 452.63,   sum y = 5.0
x[1, 2, 5, 1],  93.16
y[5, 14, 8, 25, 13, 5] = 0.08  69.96
y[5, 23, 21, 14, 5] = 0.33  39.3
y[5, 20, 7, 9, 11, 30, 24, 26, 5] = 0.83  89.67
y[5, 13, 25, 27, 22, 12, 5] = 0.17  90.2
y[5, 26, 6, 22, 8, 13, 5] = 0.17  83.62
y[5, 8, 25, 27, 22, 6, 5] = 0.25  91.16
y[5, 18, 10, 8, 13, 14, 5] = 0.08  68.24
y[5, 23, 5] = 0.58  16.0
y[5, 12, 6, 22, 27, 8, 13, 5] = 0.08  93.78
y[5, 8, 25, 27, 22, 6, 10, 5] = 0.33  92.46
y[5, 16, 17, 28, 19, 29, 15, 5] = 1.0  94.65
y[5, 18, 10, 27, 25, 13, 5] = 0.17  85.25
y[5, 12, 18, 10, 13, 21, 5] = 0.25  57.57
y[5, 23, 14, 12, 18, 5] = 0.08  48.34
y[5, 14, 21, 12, 18, 5] = 0.42  43.12
y[5, 20, 7, 9, 11, 30, 24, 6, 10, 5] = 0.17  90.96
false  0

================Iteration 26 of B&P for SP1 [1, 2, 5, 1] parkings[5]================
Display selected node 50, parent node 48: from 6 nodes
- Branching node in depth: 25
   + Customers MUST      served together:  (7, 11)  (20, 24)  (7, 24)  (9, 11)  (11, 20)  (9, 24)  (9, 20)  
   + Customers FORBIDDEN served together:  (11, 17)  (19, 24)  (22, 24)  (11, 28)  (9, 28)  (11, 15)  (9, 12)  (14, 24)  (9, 15)  (11, 14)  (9, 16)  (15, 24)  (11, 22)  (11, 19)  (9, 19)  (24, 28)  (12, 24)  
   # Total number of 2e routes cannot UNDER:   5  

  Branching node with fractional score: 3.17
  Branching node with cg lower bound: 452.63
  Branching node with LB reduction: -0.0
  Branching node with FS reduction: -0.0
  Total reduction: -0.0
Route(36.4049790107182, [2, 6, 4], 19, 5, Int64[], [0, 0, 0, 0, 0, 1, 0, 0, 0, 0, 0, 0, 0, 0, 0, 0, 0, 0, 0, 0, 0, 0, 0, 0, 0, 0, 0, 0, 0, 0], [0, 0, 0, 1, 0], [0, 1, 0, 0, 0])  0.5833333333333333
Route(72.63712634521085, [5, 14, 22, 10, 5], 7378, 25, Int64[], [0, 0, 0, 0, 0, 0, 0, 0, 0, 1, 0, 0, 0, 1, 0, 0, 0, 0, 0, 0, 0, 1, 0, 0, 0, 0, 0, 0, 0, 0], [0, 0, 0, 0, 1], [0, 0, 0, 0, 1])  0.3333333333333333
Route(89.06903086128682, [5, 12, 29, 7, 9, 15, 5], 8700, 31, Int64[], [0, 0, 0, 0, 0, 0, 1, 0, 1, 0, 0, 1, 0, 0, 1, 0, 0, 0, 0, 0, 0, 0, 0, 0, 0, 0, 0, 0, 1, 0], [0, 0, 0, 0, 1], [0, 0, 0, 0, 1])  0.4166666666666667
Route(100.65953752949646, [5, 17, 28, 19, 29, 20, 15, 12, 5], 8987, 46, Int64[], [0, 0, 0, 0, 0, 0, 0, 0, 0, 0, 0, 1, 0, 0, 1, 0, 1, 0, 1, 1, 0, 0, 0, 0, 0, 0, 0, 1, 1, 0], [0, 0, 0, 0, 1], [0, 0, 0, 0, 1])  0.16666666666666666
Route(113.41670378347719, [5, 17, 28, 19, 30, 6, 10, 5], 8992, 43, Int64[], [0, 0, 0, 0, 0, 1, 0, 0, 0, 1, 0, 0, 0, 0, 0, 0, 1, 0, 1, 0, 0, 0, 0, 0, 0, 0, 0, 1, 0, 1], [0, 0, 0, 0, 1], [0, 0, 0, 0, 1])  0.08333333333333338
Route(112.37017685087446, [5, 16, 28, 19, 11, 30, 24, 5], 9306, 42, Int64[], [0, 0, 0, 0, 0, 0, 0, 0, 0, 0, 1, 0, 0, 0, 0, 1, 0, 0, 1, 0, 0, 0, 0, 1, 0, 0, 0, 1, 0, 1], [0, 0, 0, 0, 1], [0, 0, 0, 0, 1])  0.16666666666666669
Route(83.52206101353013, [5, 18, 24, 11, 9, 20, 5], 9664, 40, Int64[], [0, 0, 0, 0, 0, 0, 0, 0, 1, 0, 1, 0, 0, 0, 0, 0, 0, 1, 0, 1, 0, 0, 0, 1, 0, 0, 0, 0, 0, 0], [0, 0, 0, 0, 1], [0, 0, 0, 0, 1])  0.8333333333333334
Route(88.75679867328377, [5, 18, 24, 11, 9, 7, 16, 5], 9667, 43, Int64[], [0, 0, 0, 0, 0, 0, 1, 0, 1, 0, 1, 0, 0, 0, 0, 1, 0, 1, 0, 0, 0, 0, 0, 1, 0, 0, 0, 0, 0, 0], [0, 0, 0, 0, 1], [0, 0, 0, 0, 1])  0.16666666666666666
Route(108.35270639629944, [5, 16, 28, 9, 11, 24, 26, 5], 9767, 40, Int64[], [0, 0, 0, 0, 0, 0, 0, 0, 1, 0, 1, 0, 0, 0, 0, 1, 0, 0, 0, 0, 0, 0, 0, 1, 0, 1, 0, 1, 0, 0], [0, 0, 0, 0, 1], [0, 0, 0, 0, 1])  0.08333333333333336
Route(90.47808093757833, [5, 16, 20, 9, 11, 24, 26, 14, 5], 9855, 49, Int64[], [0, 0, 0, 0, 0, 0, 0, 0, 1, 0, 1, 0, 0, 1, 0, 1, 0, 0, 0, 1, 0, 0, 0, 1, 0, 1, 0, 0, 0, 0], [0, 0, 0, 0, 1], [0, 0, 0, 0, 1])  0.16666666666666663
Route(108.58644744183599, [5, 26, 9, 11, 24, 22, 27, 5], 9948, 50, Int64[], [0, 0, 0, 0, 0, 0, 0, 0, 1, 0, 1, 0, 0, 0, 0, 0, 0, 0, 0, 0, 0, 1, 0, 1, 0, 1, 1, 0, 0, 0], [0, 0, 0, 0, 1], [0, 0, 0, 0, 1])  0.24999999999999994
Route(99.36334196580621, [5, 26, 9, 11, 24, 25, 5], 9949, 47, Int64[], [0, 0, 0, 0, 0, 0, 0, 0, 1, 0, 1, 0, 0, 0, 0, 0, 0, 0, 0, 0, 0, 0, 0, 1, 1, 1, 0, 0, 0, 0], [0, 0, 0, 0, 1], [0, 0, 0, 0, 1])  0.33333333333333337
Route(121.42810212337008, [5, 20, 15, 26, 24, 11, 9, 28, 19, 5], 9968, 48, Int64[], [0, 0, 0, 0, 0, 0, 0, 0, 1, 0, 1, 0, 0, 0, 1, 0, 0, 0, 1, 1, 0, 0, 0, 1, 0, 1, 0, 1, 0, 0], [0, 0, 0, 0, 1], [0, 0, 0, 0, 1])  0.08333333333333333
Route(122.72411199177432, [5, 20, 15, 26, 24, 11, 9, 7, 28, 19, 5], 9971, 49, Int64[], [0, 0, 0, 0, 0, 0, 1, 0, 1, 0, 1, 0, 0, 0, 1, 0, 0, 0, 1, 1, 0, 0, 0, 1, 0, 1, 0, 1, 0, 0], [0, 0, 0, 0, 1], [0, 0, 0, 0, 1])  0.25
Route(112.24103263127151, [5, 20, 9, 11, 30, 24, 27, 5], 10000, 46, Int64[], [0, 0, 0, 0, 0, 0, 0, 0, 1, 0, 1, 0, 0, 0, 0, 0, 0, 0, 0, 1, 0, 0, 0, 1, 0, 0, 1, 0, 0, 1], [0, 0, 0, 0, 1], [0, 0, 0, 0, 1])  1.0
Route(109.74996186369935, [5, 17, 28, 19, 7, 9, 24, 12, 5], 10141, 44, Int64[], [0, 0, 0, 0, 0, 0, 1, 0, 1, 0, 0, 1, 0, 0, 0, 0, 1, 0, 1, 0, 0, 0, 0, 1, 0, 0, 0, 1, 0, 0], [0, 0, 0, 0, 1], [0, 0, 0, 0, 1])  0.08333333333333333

Solve a child node 51
   + Customers MUST      served together:  (17, 24)  (7, 11)  (20, 24)  (7, 24)  (9, 11)  (11, 20)  (9, 24)  (9, 20)  
   + Customers FORBIDDEN served together:  (11, 17)  (19, 24)  (22, 24)  (11, 28)  (9, 28)  (11, 15)  (9, 12)  (14, 24)  (9, 15)  (11, 14)  (9, 16)  (15, 24)  (11, 22)  (11, 19)  (9, 19)  (24, 28)  (12, 24)  
   # Total number of 2e routes cannot UNDER:   5  

-------------Iter CG 1-------------
No feasible solution for LMP

Solve a child node 52
   + Customers MUST      served together:  (7, 11)  (20, 24)  (7, 24)  (9, 11)  (11, 20)  (9, 24)  (9, 20)  
   + Customers FORBIDDEN served together:  (11, 17)  (17, 24)  (19, 24)  (22, 24)  (11, 28)  (9, 28)  (11, 15)  (9, 12)  (14, 24)  (9, 15)  (11, 14)  (9, 16)  (15, 24)  (11, 22)  (11, 19)  (9, 19)  (24, 28)  (12, 24)  
   # Total number of 2e routes cannot UNDER:   5  

-------------Iter CG 1-------------
LP Objective Value = 452.63,   sum y = 5.0
x[1, 2, 5, 1],  93.16
y[5, 14, 8, 25, 13, 5] = 0.08  69.96
y[5, 23, 21, 14, 5] = 0.33  39.3
y[5, 20, 7, 9, 11, 30, 24, 26, 5] = 0.83  89.67
y[5, 13, 25, 27, 22, 12, 5] = 0.17  90.2
y[5, 26, 6, 22, 8, 13, 5] = 0.17  83.62
y[5, 8, 25, 27, 22, 6, 5] = 0.08  91.16
y[5, 20, 7, 9, 11, 30, 24, 6, 5] = 0.17  89.65
y[5, 18, 10, 8, 13, 14, 5] = 0.08  68.24
y[5, 23, 5] = 0.58  16.0
y[5, 12, 6, 22, 27, 8, 13, 5] = 0.08  93.78
y[5, 8, 25, 27, 22, 6, 10, 5] = 0.5  92.46
y[5, 16, 17, 28, 19, 29, 15, 5] = 1.0  94.65
y[5, 18, 10, 27, 25, 13, 5] = 0.17  85.25
y[5, 12, 18, 10, 13, 21, 5] = 0.25  57.57
y[5, 23, 14, 12, 18, 5] = 0.08  48.34
y[5, 14, 21, 12, 18, 5] = 0.42  43.12
true  3
-------------Iter CG 2-------------
LP Objective Value = 452.63,   sum y = 5.0
x[1, 2, 5, 1],  93.16
y[5, 14, 8, 25, 13, 5] = 0.08  69.96
y[5, 23, 21, 14, 5] = 0.33  39.3
y[5, 20, 7, 9, 11, 30, 24, 26, 5] = 0.83  89.67
y[5, 13, 25, 27, 22, 12, 5] = 0.17  90.2
y[5, 26, 6, 22, 8, 13, 5] = 0.17  83.62
y[5, 8, 25, 27, 22, 6, 5] = 0.25  91.16
y[5, 18, 10, 8, 13, 14, 5] = 0.08  68.24
y[5, 23, 5] = 0.58  16.0
y[5, 12, 6, 22, 27, 8, 13, 5] = 0.08  93.78
y[5, 8, 25, 27, 22, 6, 10, 5] = 0.33  92.46
y[5, 16, 17, 28, 19, 29, 15, 5] = 1.0  94.65
y[5, 18, 10, 27, 25, 13, 5] = 0.17  85.25
y[5, 12, 18, 10, 13, 21, 5] = 0.25  57.57
y[5, 23, 14, 12, 18, 5] = 0.08  48.34
y[5, 14, 21, 12, 18, 5] = 0.42  43.12
y[5, 20, 7, 9, 11, 30, 24, 6, 10, 5] = 0.17  90.96
false  0

================Iteration 27 of B&P for SP1 [1, 2, 5, 1] parkings[5]================
Display selected node 52, parent node 50: from 6 nodes
- Branching node in depth: 26
   + Customers MUST      served together:  (7, 11)  (20, 24)  (7, 24)  (9, 11)  (11, 20)  (9, 24)  (9, 20)  
   + Customers FORBIDDEN served together:  (11, 17)  (17, 24)  (19, 24)  (22, 24)  (11, 28)  (9, 28)  (11, 15)  (9, 12)  (14, 24)  (9, 15)  (11, 14)  (9, 16)  (15, 24)  (11, 22)  (11, 19)  (9, 19)  (24, 28)  (12, 24)  
   # Total number of 2e routes cannot UNDER:   5  

  Branching node with fractional score: 3.17
  Branching node with cg lower bound: 452.63
  Branching node with LB reduction: 0.0
  Branching node with FS reduction: -0.0
  Total reduction: 0.0
Route(36.4049790107182, [2, 6, 4], 19, 5, Int64[], [0, 0, 0, 0, 0, 1, 0, 0, 0, 0, 0, 0, 0, 0, 0, 0, 0, 0, 0, 0, 0, 0, 0, 0, 0, 0, 0, 0, 0, 0], [0, 0, 0, 1, 0], [0, 1, 0, 0, 0])  0.5833333333333335
Route(72.63712634521085, [5, 14, 22, 10, 5], 7378, 25, Int64[], [0, 0, 0, 0, 0, 0, 0, 0, 0, 1, 0, 0, 0, 1, 0, 0, 0, 0, 0, 0, 0, 1, 0, 0, 0, 0, 0, 0, 0, 0], [0, 0, 0, 0, 1], [0, 0, 0, 0, 1])  0.3333333333333333
Route(89.06903086128682, [5, 12, 29, 7, 9, 15, 5], 8700, 31, Int64[], [0, 0, 0, 0, 0, 0, 1, 0, 1, 0, 0, 1, 0, 0, 1, 0, 0, 0, 0, 0, 0, 0, 0, 0, 0, 0, 0, 0, 1, 0], [0, 0, 0, 0, 1], [0, 0, 0, 0, 1])  0.4166666666666667
Route(100.65953752949646, [5, 17, 28, 19, 29, 20, 15, 12, 5], 8987, 46, Int64[], [0, 0, 0, 0, 0, 0, 0, 0, 0, 0, 0, 1, 0, 0, 1, 0, 1, 0, 1, 1, 0, 0, 0, 0, 0, 0, 0, 1, 1, 0], [0, 0, 0, 0, 1], [0, 0, 0, 0, 1])  0.16666666666666666
Route(113.41670378347719, [5, 17, 28, 19, 30, 6, 10, 5], 8992, 43, Int64[], [0, 0, 0, 0, 0, 1, 0, 0, 0, 1, 0, 0, 0, 0, 0, 0, 1, 0, 1, 0, 0, 0, 0, 0, 0, 0, 0, 1, 0, 1], [0, 0, 0, 0, 1], [0, 0, 0, 0, 1])  0.08333333333333333
Route(112.37017685087446, [5, 16, 28, 19, 11, 30, 24, 5], 9306, 42, Int64[], [0, 0, 0, 0, 0, 0, 0, 0, 0, 0, 1, 0, 0, 0, 0, 1, 0, 0, 1, 0, 0, 0, 0, 1, 0, 0, 0, 1, 0, 1], [0, 0, 0, 0, 1], [0, 0, 0, 0, 1])  0.16666666666666669
Route(83.52206101353013, [5, 18, 24, 11, 9, 20, 5], 9664, 40, Int64[], [0, 0, 0, 0, 0, 0, 0, 0, 1, 0, 1, 0, 0, 0, 0, 0, 0, 1, 0, 1, 0, 0, 0, 1, 0, 0, 0, 0, 0, 0], [0, 0, 0, 0, 1], [0, 0, 0, 0, 1])  0.8333333333333334
Route(88.75679867328377, [5, 18, 24, 11, 9, 7, 16, 5], 9667, 43, Int64[], [0, 0, 0, 0, 0, 0, 1, 0, 1, 0, 1, 0, 0, 0, 0, 1, 0, 1, 0, 0, 0, 0, 0, 1, 0, 0, 0, 0, 0, 0], [0, 0, 0, 0, 1], [0, 0, 0, 0, 1])  0.16666666666666666
Route(108.35270639629944, [5, 16, 28, 9, 11, 24, 26, 5], 9767, 40, Int64[], [0, 0, 0, 0, 0, 0, 0, 0, 1, 0, 1, 0, 0, 0, 0, 1, 0, 0, 0, 0, 0, 0, 0, 1, 0, 1, 0, 1, 0, 0], [0, 0, 0, 0, 1], [0, 0, 0, 0, 1])  0.08333333333333336
Route(90.47808093757833, [5, 16, 20, 9, 11, 24, 26, 14, 5], 9855, 49, Int64[], [0, 0, 0, 0, 0, 0, 0, 0, 1, 0, 1, 0, 0, 1, 0, 1, 0, 0, 0, 1, 0, 0, 0, 1, 0, 1, 0, 0, 0, 0], [0, 0, 0, 0, 1], [0, 0, 0, 0, 1])  0.16666666666666663
Route(108.58644744183599, [5, 26, 9, 11, 24, 22, 27, 5], 9948, 50, Int64[], [0, 0, 0, 0, 0, 0, 0, 0, 1, 0, 1, 0, 0, 0, 0, 0, 0, 0, 0, 0, 0, 1, 0, 1, 0, 1, 1, 0, 0, 0], [0, 0, 0, 0, 1], [0, 0, 0, 0, 1])  0.24999999999999994
Route(99.36334196580621, [5, 26, 9, 11, 24, 25, 5], 9949, 47, Int64[], [0, 0, 0, 0, 0, 0, 0, 0, 1, 0, 1, 0, 0, 0, 0, 0, 0, 0, 0, 0, 0, 0, 0, 1, 1, 1, 0, 0, 0, 0], [0, 0, 0, 0, 1], [0, 0, 0, 0, 1])  0.3333333333333333
Route(121.42810212337008, [5, 20, 15, 26, 24, 11, 9, 28, 19, 5], 9968, 48, Int64[], [0, 0, 0, 0, 0, 0, 0, 0, 1, 0, 1, 0, 0, 0, 1, 0, 0, 0, 1, 1, 0, 0, 0, 1, 0, 1, 0, 1, 0, 0], [0, 0, 0, 0, 1], [0, 0, 0, 0, 1])  0.08333333333333331
Route(122.72411199177432, [5, 20, 15, 26, 24, 11, 9, 7, 28, 19, 5], 9971, 49, Int64[], [0, 0, 0, 0, 0, 0, 1, 0, 1, 0, 1, 0, 0, 0, 1, 0, 0, 0, 1, 1, 0, 0, 0, 1, 0, 1, 0, 1, 0, 0], [0, 0, 0, 0, 1], [0, 0, 0, 0, 1])  0.24999999999999997
Route(112.24103263127151, [5, 20, 9, 11, 30, 24, 27, 5], 10000, 46, Int64[], [0, 0, 0, 0, 0, 0, 0, 0, 1, 0, 1, 0, 0, 0, 0, 0, 0, 0, 0, 1, 0, 0, 0, 1, 0, 0, 1, 0, 0, 1], [0, 0, 0, 0, 1], [0, 0, 0, 0, 1])  1.0
Route(109.74996186369935, [5, 17, 28, 19, 7, 9, 24, 12, 5], 10141, 44, Int64[], [0, 0, 0, 0, 0, 0, 1, 0, 1, 0, 0, 1, 0, 0, 0, 0, 1, 0, 1, 0, 0, 0, 0, 1, 0, 0, 0, 1, 0, 0], [0, 0, 0, 0, 1], [0, 0, 0, 0, 1])  0.0833333333333333

Solve a child node 53
   + Customers MUST      served together:  (7, 11)  (20, 24)  (7, 24)  (9, 11)  (11, 20)  (9, 24)  (9, 20)  (24, 30)  
   + Customers FORBIDDEN served together:  (11, 17)  (17, 24)  (19, 24)  (22, 24)  (11, 28)  (9, 28)  (11, 15)  (9, 12)  (14, 24)  (9, 15)  (11, 14)  (9, 16)  (15, 24)  (11, 22)  (11, 19)  (9, 19)  (24, 28)  (12, 24)  
   # Total number of 2e routes cannot UNDER:   5  

-------------Iter CG 1-------------
LP Objective Value = 452.63,   sum y = 5.0
x[1, 2, 5, 1],  93.16
y[5, 14, 8, 25, 13, 5] = 0.08  69.96
y[5, 23, 21, 14, 5] = 0.33  39.3
y[5, 20, 7, 9, 11, 30, 24, 26, 5] = 0.83  89.67
y[5, 13, 25, 27, 22, 12, 5] = 0.17  90.2
y[5, 26, 6, 22, 8, 13, 5] = 0.17  83.62
y[5, 8, 25, 27, 22, 6, 5] = 0.25  91.16
y[5, 18, 10, 8, 13, 14, 5] = 0.08  68.24
y[5, 23, 5] = 0.58  16.0
y[5, 12, 6, 22, 27, 8, 13, 5] = 0.08  93.78
y[5, 8, 25, 27, 22, 6, 10, 5] = 0.33  92.46
y[5, 16, 17, 28, 19, 29, 15, 5] = 1.0  94.65
y[5, 18, 10, 27, 25, 13, 5] = 0.17  85.25
y[5, 12, 18, 10, 13, 21, 5] = 0.25  57.57
y[5, 23, 14, 12, 18, 5] = 0.08  48.34
y[5, 14, 21, 12, 18, 5] = 0.42  43.12
y[5, 20, 7, 9, 11, 30, 24, 6, 10, 5] = 0.17  90.96
false  0

Solve a child node 54
   + Customers MUST      served together:  (7, 11)  (20, 24)  (7, 24)  (9, 11)  (11, 20)  (9, 24)  (9, 20)  
   + Customers FORBIDDEN served together:  (11, 17)  (17, 24)  (19, 24)  (22, 24)  (11, 28)  (9, 28)  (11, 15)  (9, 12)  (14, 24)  (9, 15)  (11, 14)  (9, 16)  (15, 24)  (11, 22)  (11, 19)  (9, 19)  (24, 28)  (12, 24)  (24, 30)  
   # Total number of 2e routes cannot UNDER:   5  

-------------Iter CG 1-------------
LP Objective Value = 468.09,   sum y = 5.0
x[1, 2, 5, 1],  93.16
y[5, 16, 29, 28, 19, 30, 6, 15, 5] = 0.09  118.64
y[5, 14, 8, 25, 13, 5] = 0.31  69.96
y[5, 23, 21, 14, 5] = 0.38  39.3
y[5, 18, 26, 15, 17, 16, 5] = 0.06  68.97
y[5, 13, 25, 27, 22, 12, 5] = 0.31  90.2
y[5, 15, 30, 22, 27, 8, 5] = 0.31  105.79
y[5, 16, 17, 28, 19, 30, 26, 5] = 0.34  111.7
y[5, 16, 17, 28, 19, 30, 6, 10, 12, 5] = 0.16  114.2
y[5, 23, 5] = 0.62  16.0
y[5, 8, 25, 27, 22, 6, 10, 5] = 0.25  92.46
y[5, 16, 17, 28, 19, 29, 15, 5] = 0.31  94.65
y[5, 20, 7, 9, 11, 24, 6, 18, 5] = 0.09  85.7
y[5, 17, 28, 19, 30, 6, 15, 5] = 0.09  114.21
y[5, 16, 17, 18, 12, 21, 5] = 0.03  63.85
y[5, 12, 18, 10, 13, 21, 5] = 0.28  57.57
y[5, 14, 21, 12, 18, 5] = 0.22  43.12
y[5, 26, 24, 11, 9, 7, 29, 20, 5] = 0.59  89.04
y[5, 14, 13, 21, 5] = 0.09  50.18
y[5, 8, 25, 27, 22, 15, 5] = 0.13  92.81
y[5, 20, 7, 9, 11, 24, 6, 10, 18, 5] = 0.31  87.01
false  0
Exceed Upper Bound, prune

================Iteration 28 of B&P for SP1 [1, 2, 5, 1] parkings[5]================
Display selected node 53, parent node 52: from 6 nodes
- Branching node in depth: 27
   + Customers MUST      served together:  (7, 11)  (20, 24)  (7, 24)  (9, 11)  (11, 20)  (9, 24)  (9, 20)  (24, 30)  
   + Customers FORBIDDEN served together:  (11, 17)  (17, 24)  (19, 24)  (22, 24)  (11, 28)  (9, 28)  (11, 15)  (9, 12)  (14, 24)  (9, 15)  (11, 14)  (9, 16)  (15, 24)  (11, 22)  (11, 19)  (9, 19)  (24, 28)  (12, 24)  
   # Total number of 2e routes cannot UNDER:   5  

  Branching node with fractional score: 3.17
  Branching node with cg lower bound: 452.63
  Branching node with LB reduction: -0.0
  Branching node with FS reduction: -0.0
  Total reduction: -0.0
Route(36.4049790107182, [2, 6, 4], 19, 5, Int64[], [0, 0, 0, 0, 0, 1, 0, 0, 0, 0, 0, 0, 0, 0, 0, 0, 0, 0, 0, 0, 0, 0, 0, 0, 0, 0, 0, 0, 0, 0], [0, 0, 0, 1, 0], [0, 1, 0, 0, 0])  0.5833333333333335
Route(72.63712634521085, [5, 14, 22, 10, 5], 7378, 25, Int64[], [0, 0, 0, 0, 0, 0, 0, 0, 0, 1, 0, 0, 0, 1, 0, 0, 0, 0, 0, 0, 0, 1, 0, 0, 0, 0, 0, 0, 0, 0], [0, 0, 0, 0, 1], [0, 0, 0, 0, 1])  0.33333333333333326
Route(89.06903086128682, [5, 12, 29, 7, 9, 15, 5], 8700, 31, Int64[], [0, 0, 0, 0, 0, 0, 1, 0, 1, 0, 0, 1, 0, 0, 1, 0, 0, 0, 0, 0, 0, 0, 0, 0, 0, 0, 0, 0, 1, 0], [0, 0, 0, 0, 1], [0, 0, 0, 0, 1])  0.41666666666666674
Route(100.65953752949646, [5, 17, 28, 19, 29, 20, 15, 12, 5], 8987, 46, Int64[], [0, 0, 0, 0, 0, 0, 0, 0, 0, 0, 0, 1, 0, 0, 1, 0, 1, 0, 1, 1, 0, 0, 0, 0, 0, 0, 0, 1, 1, 0], [0, 0, 0, 0, 1], [0, 0, 0, 0, 1])  0.16666666666666663
Route(113.41670378347719, [5, 17, 28, 19, 30, 6, 10, 5], 8992, 43, Int64[], [0, 0, 0, 0, 0, 1, 0, 0, 0, 1, 0, 0, 0, 0, 0, 0, 1, 0, 1, 0, 0, 0, 0, 0, 0, 0, 0, 1, 0, 1], [0, 0, 0, 0, 1], [0, 0, 0, 0, 1])  0.08333333333333336
Route(112.37017685087446, [5, 16, 28, 19, 11, 30, 24, 5], 9306, 42, Int64[], [0, 0, 0, 0, 0, 0, 0, 0, 0, 0, 1, 0, 0, 0, 0, 1, 0, 0, 1, 0, 0, 0, 0, 1, 0, 0, 0, 1, 0, 1], [0, 0, 0, 0, 1], [0, 0, 0, 0, 1])  0.16666666666666666
Route(83.52206101353013, [5, 18, 24, 11, 9, 20, 5], 9664, 40, Int64[], [0, 0, 0, 0, 0, 0, 0, 0, 1, 0, 1, 0, 0, 0, 0, 0, 0, 1, 0, 1, 0, 0, 0, 1, 0, 0, 0, 0, 0, 0], [0, 0, 0, 0, 1], [0, 0, 0, 0, 1])  0.8333333333333334
Route(88.75679867328377, [5, 18, 24, 11, 9, 7, 16, 5], 9667, 43, Int64[], [0, 0, 0, 0, 0, 0, 1, 0, 1, 0, 1, 0, 0, 0, 0, 1, 0, 1, 0, 0, 0, 0, 0, 1, 0, 0, 0, 0, 0, 0], [0, 0, 0, 0, 1], [0, 0, 0, 0, 1])  0.16666666666666663
Route(108.35270639629944, [5, 16, 28, 9, 11, 24, 26, 5], 9767, 40, Int64[], [0, 0, 0, 0, 0, 0, 0, 0, 1, 0, 1, 0, 0, 0, 0, 1, 0, 0, 0, 0, 0, 0, 0, 1, 0, 1, 0, 1, 0, 0], [0, 0, 0, 0, 1], [0, 0, 0, 0, 1])  0.08333333333333337
Route(90.47808093757833, [5, 16, 20, 9, 11, 24, 26, 14, 5], 9855, 49, Int64[], [0, 0, 0, 0, 0, 0, 0, 0, 1, 0, 1, 0, 0, 1, 0, 1, 0, 0, 0, 1, 0, 0, 0, 1, 0, 1, 0, 0, 0, 0], [0, 0, 0, 0, 1], [0, 0, 0, 0, 1])  0.16666666666666663
Route(108.58644744183599, [5, 26, 9, 11, 24, 22, 27, 5], 9948, 50, Int64[], [0, 0, 0, 0, 0, 0, 0, 0, 1, 0, 1, 0, 0, 0, 0, 0, 0, 0, 0, 0, 0, 1, 0, 1, 0, 1, 1, 0, 0, 0], [0, 0, 0, 0, 1], [0, 0, 0, 0, 1])  0.25
Route(99.36334196580621, [5, 26, 9, 11, 24, 25, 5], 9949, 47, Int64[], [0, 0, 0, 0, 0, 0, 0, 0, 1, 0, 1, 0, 0, 0, 0, 0, 0, 0, 0, 0, 0, 0, 0, 1, 1, 1, 0, 0, 0, 0], [0, 0, 0, 0, 1], [0, 0, 0, 0, 1])  0.3333333333333333
Route(121.42810212337008, [5, 20, 15, 26, 24, 11, 9, 28, 19, 5], 9968, 48, Int64[], [0, 0, 0, 0, 0, 0, 0, 0, 1, 0, 1, 0, 0, 0, 1, 0, 0, 0, 1, 1, 0, 0, 0, 1, 0, 1, 0, 1, 0, 0], [0, 0, 0, 0, 1], [0, 0, 0, 0, 1])  0.08333333333333338
Route(122.72411199177432, [5, 20, 15, 26, 24, 11, 9, 7, 28, 19, 5], 9971, 49, Int64[], [0, 0, 0, 0, 0, 0, 1, 0, 1, 0, 1, 0, 0, 0, 1, 0, 0, 0, 1, 1, 0, 0, 0, 1, 0, 1, 0, 1, 0, 0], [0, 0, 0, 0, 1], [0, 0, 0, 0, 1])  0.25
Route(112.24103263127151, [5, 20, 9, 11, 30, 24, 27, 5], 10000, 46, Int64[], [0, 0, 0, 0, 0, 0, 0, 0, 1, 0, 1, 0, 0, 0, 0, 0, 0, 0, 0, 1, 0, 0, 0, 1, 0, 0, 1, 0, 0, 1], [0, 0, 0, 0, 1], [0, 0, 0, 0, 1])  1.0
Route(109.74996186369935, [5, 17, 28, 19, 7, 9, 24, 12, 5], 10141, 44, Int64[], [0, 0, 0, 0, 0, 0, 1, 0, 1, 0, 0, 1, 0, 0, 0, 0, 1, 0, 1, 0, 0, 0, 0, 1, 0, 0, 0, 1, 0, 0], [0, 0, 0, 0, 1], [0, 0, 0, 0, 1])  0.08333333333333326

Solve a child node 55
   + Customers MUST      served together:  (9, 17)  (7, 11)  (20, 24)  (7, 24)  (9, 11)  (11, 20)  (9, 24)  (9, 20)  (24, 30)  
   + Customers FORBIDDEN served together:  (11, 17)  (17, 24)  (19, 24)  (22, 24)  (11, 28)  (9, 28)  (11, 15)  (9, 12)  (14, 24)  (9, 15)  (11, 14)  (9, 16)  (15, 24)  (11, 22)  (11, 19)  (9, 19)  (24, 28)  (12, 24)  
   # Total number of 2e routes cannot UNDER:   5  

-------------Iter CG 1-------------
No feasible solution for LMP

Solve a child node 56
   + Customers MUST      served together:  (7, 11)  (20, 24)  (7, 24)  (9, 11)  (11, 20)  (9, 24)  (9, 20)  (24, 30)  
   + Customers FORBIDDEN served together:  (11, 17)  (17, 24)  (9, 17)  (19, 24)  (22, 24)  (11, 28)  (9, 28)  (11, 15)  (9, 12)  (14, 24)  (9, 15)  (11, 14)  (9, 16)  (15, 24)  (11, 22)  (11, 19)  (9, 19)  (24, 28)  (12, 24)  
   # Total number of 2e routes cannot UNDER:   5  

-------------Iter CG 1-------------
LP Objective Value = 452.63,   sum y = 5.0
x[1, 2, 5, 1],  93.16
y[5, 14, 8, 25, 13, 5] = 0.08  69.96
y[5, 23, 21, 14, 5] = 0.33  39.3
y[5, 13, 25, 27, 22, 12, 5] = 0.17  90.2
y[5, 26, 6, 22, 8, 13, 5] = 0.17  83.62
y[5, 8, 25, 27, 22, 6, 5] = 0.08  91.16
y[5, 20, 7, 9, 11, 30, 24, 6, 5] = 0.17  89.65
y[5, 18, 10, 8, 13, 14, 5] = 0.08  68.24
y[5, 23, 5] = 0.58  16.0
y[5, 12, 6, 22, 27, 8, 13, 5] = 0.08  93.78
y[5, 26, 24, 30, 11, 9, 7, 20, 5] = 0.83  89.67
y[5, 8, 25, 27, 22, 6, 10, 5] = 0.5  92.46
y[5, 16, 17, 28, 19, 29, 15, 5] = 1.0  94.65
y[5, 18, 10, 27, 25, 13, 5] = 0.17  85.25
y[5, 12, 18, 10, 13, 21, 5] = 0.25  57.57
y[5, 23, 14, 12, 18, 5] = 0.08  48.34
y[5, 14, 21, 12, 18, 5] = 0.42  43.12
false  0

================Iteration 29 of B&P for SP1 [1, 2, 5, 1] parkings[5]================
Display selected node 56, parent node 53: from 6 nodes
- Branching node in depth: 28
   + Customers MUST      served together:  (7, 11)  (20, 24)  (7, 24)  (9, 11)  (11, 20)  (9, 24)  (9, 20)  (24, 30)  
   + Customers FORBIDDEN served together:  (11, 17)  (17, 24)  (9, 17)  (19, 24)  (22, 24)  (11, 28)  (9, 28)  (11, 15)  (9, 12)  (14, 24)  (9, 15)  (11, 14)  (9, 16)  (15, 24)  (11, 22)  (11, 19)  (9, 19)  (24, 28)  (12, 24)  
   # Total number of 2e routes cannot UNDER:   5  

  Branching node with fractional score: 3.17
  Branching node with cg lower bound: 452.63
  Branching node with LB reduction: 0.0
  Branching node with FS reduction: 0.0
  Total reduction: 0.0
Route(36.4049790107182, [2, 6, 4], 19, 5, Int64[], [0, 0, 0, 0, 0, 1, 0, 0, 0, 0, 0, 0, 0, 0, 0, 0, 0, 0, 0, 0, 0, 0, 0, 0, 0, 0, 0, 0, 0, 0], [0, 0, 0, 1, 0], [0, 1, 0, 0, 0])  0.583333333333333
Route(72.63712634521085, [5, 14, 22, 10, 5], 7378, 25, Int64[], [0, 0, 0, 0, 0, 0, 0, 0, 0, 1, 0, 0, 0, 1, 0, 0, 0, 0, 0, 0, 0, 1, 0, 0, 0, 0, 0, 0, 0, 0], [0, 0, 0, 0, 1], [0, 0, 0, 0, 1])  0.3333333333333335
Route(89.06903086128682, [5, 12, 29, 7, 9, 15, 5], 8700, 31, Int64[], [0, 0, 0, 0, 0, 0, 1, 0, 1, 0, 0, 1, 0, 0, 1, 0, 0, 0, 0, 0, 0, 0, 0, 0, 0, 0, 0, 0, 1, 0], [0, 0, 0, 0, 1], [0, 0, 0, 0, 1])  0.4166666666666665
Route(100.65953752949646, [5, 17, 28, 19, 29, 20, 15, 12, 5], 8987, 46, Int64[], [0, 0, 0, 0, 0, 0, 0, 0, 0, 0, 0, 1, 0, 0, 1, 0, 1, 0, 1, 1, 0, 0, 0, 0, 0, 0, 0, 1, 1, 0], [0, 0, 0, 0, 1], [0, 0, 0, 0, 1])  0.16666666666666674
Route(113.41670378347719, [5, 17, 28, 19, 30, 6, 10, 5], 8992, 43, Int64[], [0, 0, 0, 0, 0, 1, 0, 0, 0, 1, 0, 0, 0, 0, 0, 0, 1, 0, 1, 0, 0, 0, 0, 0, 0, 0, 0, 1, 0, 1], [0, 0, 0, 0, 1], [0, 0, 0, 0, 1])  0.08333333333333331
Route(112.37017685087446, [5, 16, 28, 19, 11, 30, 24, 5], 9306, 42, Int64[], [0, 0, 0, 0, 0, 0, 0, 0, 0, 0, 1, 0, 0, 0, 0, 1, 0, 0, 1, 0, 0, 0, 0, 1, 0, 0, 0, 1, 0, 1], [0, 0, 0, 0, 1], [0, 0, 0, 0, 1])  0.16666666666666666
Route(113.53406801629585, [5, 17, 28, 9, 11, 26, 16, 5], 9527, 45, Int64[], [0, 0, 0, 0, 0, 0, 0, 0, 1, 0, 1, 0, 0, 0, 0, 1, 1, 0, 0, 0, 0, 0, 0, 0, 0, 1, 0, 1, 0, 0], [0, 0, 0, 0, 1], [0, 0, 0, 0, 1])  0.8333333333333333
Route(89.3177881834259, [5, 18, 24, 11, 9, 7, 20, 16, 5], 9665, 45, Int64[], [0, 0, 0, 0, 0, 0, 1, 0, 1, 0, 1, 0, 0, 0, 0, 1, 0, 1, 0, 1, 0, 0, 0, 1, 0, 0, 0, 0, 0, 0], [0, 0, 0, 0, 1], [0, 0, 0, 0, 1])  0.16666666666666674
Route(108.35270639629944, [5, 16, 28, 9, 11, 24, 26, 5], 9767, 40, Int64[], [0, 0, 0, 0, 0, 0, 0, 0, 1, 0, 1, 0, 0, 0, 0, 1, 0, 0, 0, 0, 0, 0, 0, 1, 0, 1, 0, 1, 0, 0], [0, 0, 0, 0, 1], [0, 0, 0, 0, 1])  0.08333333333333329
Route(90.47808093757833, [5, 16, 20, 9, 11, 24, 26, 14, 5], 9855, 49, Int64[], [0, 0, 0, 0, 0, 0, 0, 0, 1, 0, 1, 0, 0, 1, 0, 1, 0, 0, 0, 1, 0, 0, 0, 1, 0, 1, 0, 0, 0, 0], [0, 0, 0, 0, 1], [0, 0, 0, 0, 1])  0.16666666666666682
Route(108.58644744183599, [5, 26, 9, 11, 24, 22, 27, 5], 9948, 50, Int64[], [0, 0, 0, 0, 0, 0, 0, 0, 1, 0, 1, 0, 0, 0, 0, 0, 0, 0, 0, 0, 0, 1, 0, 1, 0, 1, 1, 0, 0, 0], [0, 0, 0, 0, 1], [0, 0, 0, 0, 1])  0.08333333333333329
Route(99.36334196580621, [5, 26, 9, 11, 24, 25, 5], 9949, 47, Int64[], [0, 0, 0, 0, 0, 0, 0, 0, 1, 0, 1, 0, 0, 0, 0, 0, 0, 0, 0, 0, 0, 0, 0, 1, 1, 1, 0, 0, 0, 0], [0, 0, 0, 0, 1], [0, 0, 0, 0, 1])  0.5
Route(121.42810212337008, [5, 20, 15, 26, 24, 11, 9, 28, 19, 5], 9968, 48, Int64[], [0, 0, 0, 0, 0, 0, 0, 0, 1, 0, 1, 0, 0, 0, 1, 0, 0, 0, 1, 1, 0, 0, 0, 1, 0, 1, 0, 1, 0, 0], [0, 0, 0, 0, 1], [0, 0, 0, 0, 1])  0.08333333333333331
Route(122.72411199177432, [5, 20, 15, 26, 24, 11, 9, 7, 28, 19, 5], 9971, 49, Int64[], [0, 0, 0, 0, 0, 0, 1, 0, 1, 0, 1, 0, 0, 0, 1, 0, 0, 0, 1, 1, 0, 0, 0, 1, 0, 1, 0, 1, 0, 0], [0, 0, 0, 0, 1], [0, 0, 0, 0, 1])  0.25000000000000006
Route(112.24103263127151, [5, 20, 9, 11, 30, 24, 27, 5], 10000, 46, Int64[], [0, 0, 0, 0, 0, 0, 0, 0, 1, 0, 1, 0, 0, 0, 0, 0, 0, 0, 0, 1, 0, 0, 0, 1, 0, 0, 1, 0, 0, 1], [0, 0, 0, 0, 1], [0, 0, 0, 0, 1])  1.0
Route(109.74996186369935, [5, 17, 28, 19, 7, 9, 24, 12, 5], 10141, 44, Int64[], [0, 0, 0, 0, 0, 0, 1, 0, 1, 0, 0, 1, 0, 0, 0, 0, 1, 0, 1, 0, 0, 0, 0, 1, 0, 0, 0, 1, 0, 0], [0, 0, 0, 0, 1], [0, 0, 0, 0, 1])  0.08333333333333345

Solve a child node 57
   + Customers MUST      served together:  (9, 30)  (7, 11)  (20, 24)  (7, 24)  (9, 11)  (11, 20)  (9, 24)  (9, 20)  (24, 30)  
   + Customers FORBIDDEN served together:  (11, 17)  (17, 24)  (9, 17)  (19, 24)  (22, 24)  (11, 28)  (9, 28)  (11, 15)  (9, 12)  (14, 24)  (9, 15)  (11, 14)  (9, 16)  (15, 24)  (11, 22)  (11, 19)  (9, 19)  (24, 28)  (12, 24)  
   # Total number of 2e routes cannot UNDER:   5  

-------------Iter CG 1-------------
LP Objective Value = 452.63,   sum y = 5.0
x[1, 2, 5, 1],  93.16
y[5, 14, 8, 25, 13, 5] = 0.08  69.96
y[5, 23, 21, 14, 5] = 0.33  39.3
y[5, 13, 25, 27, 22, 12, 5] = 0.17  90.2
y[5, 26, 6, 22, 8, 13, 5] = 0.17  83.62
y[5, 8, 25, 27, 22, 6, 5] = 0.08  91.16
y[5, 20, 7, 9, 11, 30, 24, 6, 5] = 0.17  89.65
y[5, 18, 10, 8, 13, 14, 5] = 0.08  68.24
y[5, 23, 5] = 0.58  16.0
y[5, 12, 6, 22, 27, 8, 13, 5] = 0.08  93.78
y[5, 26, 24, 30, 11, 9, 7, 20, 5] = 0.83  89.67
y[5, 8, 25, 27, 22, 6, 10, 5] = 0.5  92.46
y[5, 16, 17, 28, 19, 29, 15, 5] = 1.0  94.65
y[5, 18, 10, 27, 25, 13, 5] = 0.17  85.25
y[5, 12, 18, 10, 13, 21, 5] = 0.25  57.57
y[5, 23, 14, 12, 18, 5] = 0.08  48.34
y[5, 14, 21, 12, 18, 5] = 0.42  43.12
false  0

Solve a child node 58
   + Customers MUST      served together:  (7, 11)  (20, 24)  (7, 24)  (9, 11)  (11, 20)  (9, 24)  (9, 20)  (24, 30)  
   + Customers FORBIDDEN served together:  (11, 17)  (17, 24)  (9, 17)  (19, 24)  (22, 24)  (11, 28)  (9, 28)  (9, 30)  (11, 15)  (9, 12)  (14, 24)  (9, 15)  (11, 14)  (9, 16)  (15, 24)  (11, 22)  (11, 19)  (9, 19)  (24, 28)  (12, 24)  
   # Total number of 2e routes cannot UNDER:   5  

-------------Iter CG 1-------------
No feasible solution for LMP

================Iteration 30 of B&P for SP1 [1, 2, 5, 1] parkings[5]================
Display selected node 57, parent node 56: from 6 nodes
- Branching node in depth: 29
   + Customers MUST      served together:  (9, 30)  (7, 11)  (20, 24)  (7, 24)  (9, 11)  (11, 20)  (9, 24)  (9, 20)  (24, 30)  
   + Customers FORBIDDEN served together:  (11, 17)  (17, 24)  (9, 17)  (19, 24)  (22, 24)  (11, 28)  (9, 28)  (11, 15)  (9, 12)  (14, 24)  (9, 15)  (11, 14)  (9, 16)  (15, 24)  (11, 22)  (11, 19)  (9, 19)  (24, 28)  (12, 24)  
   # Total number of 2e routes cannot UNDER:   5  

  Branching node with fractional score: 3.17
  Branching node with cg lower bound: 452.63
  Branching node with LB reduction: -0.0
  Branching node with FS reduction: -0.0
  Total reduction: -0.0
Route(36.4049790107182, [2, 6, 4], 19, 5, Int64[], [0, 0, 0, 0, 0, 1, 0, 0, 0, 0, 0, 0, 0, 0, 0, 0, 0, 0, 0, 0, 0, 0, 0, 0, 0, 0, 0, 0, 0, 0], [0, 0, 0, 1, 0], [0, 1, 0, 0, 0])  0.5833333333333335
Route(72.63712634521085, [5, 14, 22, 10, 5], 7378, 25, Int64[], [0, 0, 0, 0, 0, 0, 0, 0, 0, 1, 0, 0, 0, 1, 0, 0, 0, 0, 0, 0, 0, 1, 0, 0, 0, 0, 0, 0, 0, 0], [0, 0, 0, 0, 1], [0, 0, 0, 0, 1])  0.33333333333333326
Route(89.06903086128682, [5, 12, 29, 7, 9, 15, 5], 8700, 31, Int64[], [0, 0, 0, 0, 0, 0, 1, 0, 1, 0, 0, 1, 0, 0, 1, 0, 0, 0, 0, 0, 0, 0, 0, 0, 0, 0, 0, 0, 1, 0], [0, 0, 0, 0, 1], [0, 0, 0, 0, 1])  0.41666666666666674
Route(100.65953752949646, [5, 17, 28, 19, 29, 20, 15, 12, 5], 8987, 46, Int64[], [0, 0, 0, 0, 0, 0, 0, 0, 0, 0, 0, 1, 0, 0, 1, 0, 1, 0, 1, 1, 0, 0, 0, 0, 0, 0, 0, 1, 1, 0], [0, 0, 0, 0, 1], [0, 0, 0, 0, 1])  0.16666666666666666
Route(113.41670378347719, [5, 17, 28, 19, 30, 6, 10, 5], 8992, 43, Int64[], [0, 0, 0, 0, 0, 1, 0, 0, 0, 1, 0, 0, 0, 0, 0, 0, 1, 0, 1, 0, 0, 0, 0, 0, 0, 0, 0, 1, 0, 1], [0, 0, 0, 0, 1], [0, 0, 0, 0, 1])  0.08333333333333331
Route(112.37017685087446, [5, 16, 28, 19, 11, 30, 24, 5], 9306, 42, Int64[], [0, 0, 0, 0, 0, 0, 0, 0, 0, 0, 1, 0, 0, 0, 0, 1, 0, 0, 1, 0, 0, 0, 0, 1, 0, 0, 0, 1, 0, 1], [0, 0, 0, 0, 1], [0, 0, 0, 0, 1])  0.16666666666666666
Route(113.53406801629585, [5, 17, 28, 9, 11, 26, 16, 5], 9527, 45, Int64[], [0, 0, 0, 0, 0, 0, 0, 0, 1, 0, 1, 0, 0, 0, 0, 1, 1, 0, 0, 0, 0, 0, 0, 0, 0, 1, 0, 1, 0, 0], [0, 0, 0, 0, 1], [0, 0, 0, 0, 1])  0.8333333333333334
Route(89.3177881834259, [5, 18, 24, 11, 9, 7, 20, 16, 5], 9665, 45, Int64[], [0, 0, 0, 0, 0, 0, 1, 0, 1, 0, 1, 0, 0, 0, 0, 1, 0, 1, 0, 1, 0, 0, 0, 1, 0, 0, 0, 0, 0, 0], [0, 0, 0, 0, 1], [0, 0, 0, 0, 1])  0.16666666666666666
Route(108.35270639629944, [5, 16, 28, 9, 11, 24, 26, 5], 9767, 40, Int64[], [0, 0, 0, 0, 0, 0, 0, 0, 1, 0, 1, 0, 0, 0, 0, 1, 0, 0, 0, 0, 0, 0, 0, 1, 0, 1, 0, 1, 0, 0], [0, 0, 0, 0, 1], [0, 0, 0, 0, 1])  0.08333333333333326
Route(90.47808093757833, [5, 16, 20, 9, 11, 24, 26, 14, 5], 9855, 49, Int64[], [0, 0, 0, 0, 0, 0, 0, 0, 1, 0, 1, 0, 0, 1, 0, 1, 0, 0, 0, 1, 0, 0, 0, 1, 0, 1, 0, 0, 0, 0], [0, 0, 0, 0, 1], [0, 0, 0, 0, 1])  0.16666666666666669
Route(108.58644744183599, [5, 26, 9, 11, 24, 22, 27, 5], 9948, 50, Int64[], [0, 0, 0, 0, 0, 0, 0, 0, 1, 0, 1, 0, 0, 0, 0, 0, 0, 0, 0, 0, 0, 1, 0, 1, 0, 1, 1, 0, 0, 0], [0, 0, 0, 0, 1], [0, 0, 0, 0, 1])  0.08333333333333343
Route(99.36334196580621, [5, 26, 9, 11, 24, 25, 5], 9949, 47, Int64[], [0, 0, 0, 0, 0, 0, 0, 0, 1, 0, 1, 0, 0, 0, 0, 0, 0, 0, 0, 0, 0, 0, 0, 1, 1, 1, 0, 0, 0, 0], [0, 0, 0, 0, 1], [0, 0, 0, 0, 1])  0.5
Route(121.42810212337008, [5, 20, 15, 26, 24, 11, 9, 28, 19, 5], 9968, 48, Int64[], [0, 0, 0, 0, 0, 0, 0, 0, 1, 0, 1, 0, 0, 0, 1, 0, 0, 0, 1, 1, 0, 0, 0, 1, 0, 1, 0, 1, 0, 0], [0, 0, 0, 0, 1], [0, 0, 0, 0, 1])  0.08333333333333343
Route(122.72411199177432, [5, 20, 15, 26, 24, 11, 9, 7, 28, 19, 5], 9971, 49, Int64[], [0, 0, 0, 0, 0, 0, 1, 0, 1, 0, 1, 0, 0, 0, 1, 0, 0, 0, 1, 1, 0, 0, 0, 1, 0, 1, 0, 1, 0, 0], [0, 0, 0, 0, 1], [0, 0, 0, 0, 1])  0.24999999999999994
Route(112.24103263127151, [5, 20, 9, 11, 30, 24, 27, 5], 10000, 46, Int64[], [0, 0, 0, 0, 0, 0, 0, 0, 1, 0, 1, 0, 0, 0, 0, 0, 0, 0, 0, 1, 0, 0, 0, 1, 0, 0, 1, 0, 0, 1], [0, 0, 0, 0, 1], [0, 0, 0, 0, 1])  1.0
Route(109.74996186369935, [5, 17, 28, 19, 7, 9, 24, 12, 5], 10141, 44, Int64[], [0, 0, 0, 0, 0, 0, 1, 0, 1, 0, 0, 1, 0, 0, 0, 0, 1, 0, 1, 0, 0, 0, 0, 1, 0, 0, 0, 1, 0, 0], [0, 0, 0, 0, 1], [0, 0, 0, 0, 1])  0.08333333333333326

Solve a child node 59
   + Customers MUST      served together:  (9, 30)  (7, 11)  (20, 24)  (7, 24)  (9, 22)  (9, 11)  (11, 20)  (9, 24)  (9, 20)  (24, 30)  
   + Customers FORBIDDEN served together:  (11, 17)  (17, 24)  (9, 17)  (19, 24)  (22, 24)  (11, 28)  (9, 28)  (11, 15)  (9, 12)  (14, 24)  (9, 15)  (11, 14)  (9, 16)  (15, 24)  (11, 22)  (11, 19)  (9, 19)  (24, 28)  (12, 24)  
   # Total number of 2e routes cannot UNDER:   5  

-------------Iter CG 1-------------
No feasible solution for LMP

Solve a child node 60
   + Customers MUST      served together:  (9, 30)  (7, 11)  (20, 24)  (7, 24)  (9, 11)  (11, 20)  (9, 24)  (9, 20)  (24, 30)  
   + Customers FORBIDDEN served together:  (11, 17)  (17, 24)  (9, 17)  (19, 24)  (22, 24)  (11, 28)  (9, 28)  (11, 15)  (9, 12)  (14, 24)  (9, 15)  (11, 14)  (9, 16)  (15, 24)  (11, 22)  (11, 19)  (9, 22)  (9, 19)  (24, 28)  (12, 24)  
   # Total number of 2e routes cannot UNDER:   5  

-------------Iter CG 1-------------
LP Objective Value = 452.63,   sum y = 5.0
x[1, 2, 5, 1],  93.16
y[5, 14, 8, 25, 13, 5] = 0.08  69.96
y[5, 23, 21, 14, 5] = 0.33  39.3
y[5, 20, 7, 9, 11, 30, 24, 26, 5] = 0.83  89.67
y[5, 13, 25, 27, 22, 12, 5] = 0.17  90.2
y[5, 26, 6, 22, 8, 13, 5] = 0.17  83.62
y[5, 8, 25, 27, 22, 6, 5] = 0.08  91.16
y[5, 20, 7, 9, 11, 30, 24, 6, 5] = 0.17  89.65
y[5, 18, 10, 8, 13, 14, 5] = 0.08  68.24
y[5, 23, 5] = 0.58  16.0
y[5, 12, 6, 22, 27, 8, 13, 5] = 0.08  93.78
y[5, 8, 25, 27, 22, 6, 10, 5] = 0.5  92.46
y[5, 16, 17, 28, 19, 29, 15, 5] = 1.0  94.65
y[5, 18, 10, 27, 25, 13, 5] = 0.17  85.25
y[5, 12, 18, 10, 13, 21, 5] = 0.25  57.57
y[5, 23, 14, 12, 18, 5] = 0.08  48.34
y[5, 14, 21, 12, 18, 5] = 0.42  43.12
false  0

================Iteration 31 of B&P for SP1 [1, 2, 5, 1] parkings[5]================
Display selected node 60, parent node 57: from 6 nodes
- Branching node in depth: 30
   + Customers MUST      served together:  (9, 30)  (7, 11)  (20, 24)  (7, 24)  (9, 11)  (11, 20)  (9, 24)  (9, 20)  (24, 30)  
   + Customers FORBIDDEN served together:  (11, 17)  (17, 24)  (9, 17)  (19, 24)  (22, 24)  (11, 28)  (9, 28)  (11, 15)  (9, 12)  (14, 24)  (9, 15)  (11, 14)  (9, 16)  (15, 24)  (11, 22)  (11, 19)  (9, 22)  (9, 19)  (24, 28)  (12, 24)  
   # Total number of 2e routes cannot UNDER:   5  

  Branching node with fractional score: 3.17
  Branching node with cg lower bound: 452.63
  Branching node with LB reduction: 0.0
  Branching node with FS reduction: 0.0
  Total reduction: 0.0
Route(36.4049790107182, [2, 6, 4], 19, 5, Int64[], [0, 0, 0, 0, 0, 1, 0, 0, 0, 0, 0, 0, 0, 0, 0, 0, 0, 0, 0, 0, 0, 0, 0, 0, 0, 0, 0, 0, 0, 0], [0, 0, 0, 1, 0], [0, 1, 0, 0, 0])  0.5833333333333335
Route(72.63712634521085, [5, 14, 22, 10, 5], 7378, 25, Int64[], [0, 0, 0, 0, 0, 0, 0, 0, 0, 1, 0, 0, 0, 1, 0, 0, 0, 0, 0, 0, 0, 1, 0, 0, 0, 0, 0, 0, 0, 0], [0, 0, 0, 0, 1], [0, 0, 0, 0, 1])  0.33333333333333326
Route(89.06903086128682, [5, 12, 29, 7, 9, 15, 5], 8700, 31, Int64[], [0, 0, 0, 0, 0, 0, 1, 0, 1, 0, 0, 1, 0, 0, 1, 0, 0, 0, 0, 0, 0, 0, 0, 0, 0, 0, 0, 0, 1, 0], [0, 0, 0, 0, 1], [0, 0, 0, 0, 1])  0.41666666666666674
Route(100.65953752949646, [5, 17, 28, 19, 29, 20, 15, 12, 5], 8987, 46, Int64[], [0, 0, 0, 0, 0, 0, 0, 0, 0, 0, 0, 1, 0, 0, 1, 0, 1, 0, 1, 1, 0, 0, 0, 0, 0, 0, 0, 1, 1, 0], [0, 0, 0, 0, 1], [0, 0, 0, 0, 1])  0.16666666666666666
Route(113.41670378347719, [5, 17, 28, 19, 30, 6, 10, 5], 8992, 43, Int64[], [0, 0, 0, 0, 0, 1, 0, 0, 0, 1, 0, 0, 0, 0, 0, 0, 1, 0, 1, 0, 0, 0, 0, 0, 0, 0, 0, 1, 0, 1], [0, 0, 0, 0, 1], [0, 0, 0, 0, 1])  0.08333333333333331
Route(112.37017685087446, [5, 16, 28, 19, 11, 30, 24, 5], 9306, 42, Int64[], [0, 0, 0, 0, 0, 0, 0, 0, 0, 0, 1, 0, 0, 0, 0, 1, 0, 0, 1, 0, 0, 0, 0, 1, 0, 0, 0, 1, 0, 1], [0, 0, 0, 0, 1], [0, 0, 0, 0, 1])  0.16666666666666666
Route(83.52206101353013, [5, 18, 24, 11, 9, 20, 5], 9664, 40, Int64[], [0, 0, 0, 0, 0, 0, 0, 0, 1, 0, 1, 0, 0, 0, 0, 0, 0, 1, 0, 1, 0, 0, 0, 1, 0, 0, 0, 0, 0, 0], [0, 0, 0, 0, 1], [0, 0, 0, 0, 1])  0.8333333333333334
Route(89.3177881834259, [5, 18, 24, 11, 9, 7, 20, 16, 5], 9665, 45, Int64[], [0, 0, 0, 0, 0, 0, 1, 0, 1, 0, 1, 0, 0, 0, 0, 1, 0, 1, 0, 1, 0, 0, 0, 1, 0, 0, 0, 0, 0, 0], [0, 0, 0, 0, 1], [0, 0, 0, 0, 1])  0.16666666666666663
Route(108.35270639629944, [5, 16, 28, 9, 11, 24, 26, 5], 9767, 40, Int64[], [0, 0, 0, 0, 0, 0, 0, 0, 1, 0, 1, 0, 0, 0, 0, 1, 0, 0, 0, 0, 0, 0, 0, 1, 0, 1, 0, 1, 0, 0], [0, 0, 0, 0, 1], [0, 0, 0, 0, 1])  0.08333333333333326
Route(90.47808093757833, [5, 16, 20, 9, 11, 24, 26, 14, 5], 9855, 49, Int64[], [0, 0, 0, 0, 0, 0, 0, 0, 1, 0, 1, 0, 0, 1, 0, 1, 0, 0, 0, 1, 0, 0, 0, 1, 0, 1, 0, 0, 0, 0], [0, 0, 0, 0, 1], [0, 0, 0, 0, 1])  0.16666666666666669
Route(108.58644744183599, [5, 26, 9, 11, 24, 22, 27, 5], 9948, 50, Int64[], [0, 0, 0, 0, 0, 0, 0, 0, 1, 0, 1, 0, 0, 0, 0, 0, 0, 0, 0, 0, 0, 1, 0, 1, 0, 1, 1, 0, 0, 0], [0, 0, 0, 0, 1], [0, 0, 0, 0, 1])  0.08333333333333343
Route(99.36334196580621, [5, 26, 9, 11, 24, 25, 5], 9949, 47, Int64[], [0, 0, 0, 0, 0, 0, 0, 0, 1, 0, 1, 0, 0, 0, 0, 0, 0, 0, 0, 0, 0, 0, 0, 1, 1, 1, 0, 0, 0, 0], [0, 0, 0, 0, 1], [0, 0, 0, 0, 1])  0.5
Route(121.42810212337008, [5, 20, 15, 26, 24, 11, 9, 28, 19, 5], 9968, 48, Int64[], [0, 0, 0, 0, 0, 0, 0, 0, 1, 0, 1, 0, 0, 0, 1, 0, 0, 0, 1, 1, 0, 0, 0, 1, 0, 1, 0, 1, 0, 0], [0, 0, 0, 0, 1], [0, 0, 0, 0, 1])  0.08333333333333343
Route(122.72411199177432, [5, 20, 15, 26, 24, 11, 9, 7, 28, 19, 5], 9971, 49, Int64[], [0, 0, 0, 0, 0, 0, 1, 0, 1, 0, 1, 0, 0, 0, 1, 0, 0, 0, 1, 1, 0, 0, 0, 1, 0, 1, 0, 1, 0, 0], [0, 0, 0, 0, 1], [0, 0, 0, 0, 1])  0.24999999999999994
Route(112.24103263127151, [5, 20, 9, 11, 30, 24, 27, 5], 10000, 46, Int64[], [0, 0, 0, 0, 0, 0, 0, 0, 1, 0, 1, 0, 0, 0, 0, 0, 0, 0, 0, 1, 0, 0, 0, 1, 0, 0, 1, 0, 0, 1], [0, 0, 0, 0, 1], [0, 0, 0, 0, 1])  1.0
Route(109.74996186369935, [5, 17, 28, 19, 7, 9, 24, 12, 5], 10141, 44, Int64[], [0, 0, 0, 0, 0, 0, 1, 0, 1, 0, 0, 1, 0, 0, 0, 0, 1, 0, 1, 0, 0, 0, 0, 1, 0, 0, 0, 1, 0, 0], [0, 0, 0, 0, 1], [0, 0, 0, 0, 1])  0.08333333333333326

Solve a child node 61
   + Customers MUST      served together:  (9, 30)  (9, 14)  (7, 11)  (20, 24)  (7, 24)  (9, 11)  (11, 20)  (9, 24)  (9, 20)  (24, 30)  
   + Customers FORBIDDEN served together:  (11, 17)  (17, 24)  (9, 17)  (19, 24)  (22, 24)  (11, 28)  (9, 28)  (11, 15)  (9, 12)  (14, 24)  (9, 15)  (11, 14)  (9, 16)  (15, 24)  (11, 22)  (11, 19)  (9, 22)  (9, 19)  (24, 28)  (12, 24)  
   # Total number of 2e routes cannot UNDER:   5  

-------------Iter CG 1-------------
No feasible solution for LMP

Solve a child node 62
   + Customers MUST      served together:  (9, 30)  (7, 11)  (20, 24)  (7, 24)  (9, 11)  (11, 20)  (9, 24)  (9, 20)  (24, 30)  
   + Customers FORBIDDEN served together:  (11, 17)  (17, 24)  (9, 17)  (19, 24)  (22, 24)  (11, 28)  (9, 28)  (11, 15)  (9, 12)  (14, 24)  (9, 15)  (11, 14)  (9, 14)  (9, 16)  (15, 24)  (11, 22)  (11, 19)  (9, 22)  (9, 19)  (24, 28)  (12, 24)  
   # Total number of 2e routes cannot UNDER:   5  

-------------Iter CG 1-------------
LP Objective Value = 452.63,   sum y = 5.0
x[1, 2, 5, 1],  93.16
y[5, 14, 8, 25, 13, 5] = 0.08  69.96
y[5, 23, 21, 14, 5] = 0.33  39.3
y[5, 20, 7, 9, 11, 30, 24, 26, 5] = 0.83  89.67
y[5, 13, 25, 27, 22, 12, 5] = 0.17  90.2
y[5, 26, 6, 22, 8, 13, 5] = 0.17  83.62
y[5, 8, 25, 27, 22, 6, 5] = 0.25  91.16
y[5, 18, 10, 8, 13, 14, 5] = 0.08  68.24
y[5, 23, 5] = 0.58  16.0
y[5, 12, 6, 22, 27, 8, 13, 5] = 0.08  93.78
y[5, 8, 25, 27, 22, 6, 10, 5] = 0.33  92.46
y[5, 16, 17, 28, 19, 29, 15, 5] = 1.0  94.65
y[5, 18, 10, 27, 25, 13, 5] = 0.17  85.25
y[5, 12, 18, 10, 13, 21, 5] = 0.25  57.57
y[5, 23, 14, 12, 18, 5] = 0.08  48.34
y[5, 14, 21, 12, 18, 5] = 0.42  43.12
y[5, 20, 7, 9, 11, 30, 24, 6, 10, 5] = 0.17  90.96
false  0

================Iteration 32 of B&P for SP1 [1, 2, 5, 1] parkings[5]================
Display selected node 62, parent node 60: from 6 nodes
- Branching node in depth: 31
   + Customers MUST      served together:  (9, 30)  (7, 11)  (20, 24)  (7, 24)  (9, 11)  (11, 20)  (9, 24)  (9, 20)  (24, 30)  
   + Customers FORBIDDEN served together:  (11, 17)  (17, 24)  (9, 17)  (19, 24)  (22, 24)  (11, 28)  (9, 28)  (11, 15)  (9, 12)  (14, 24)  (9, 15)  (11, 14)  (9, 14)  (9, 16)  (15, 24)  (11, 22)  (11, 19)  (9, 22)  (9, 19)  (24, 28)  (12, 24)  
   # Total number of 2e routes cannot UNDER:   5  

  Branching node with fractional score: 3.17
  Branching node with cg lower bound: 452.63
  Branching node with LB reduction: -0.0
  Branching node with FS reduction: -0.0
  Total reduction: -0.0
Route(36.4049790107182, [2, 6, 4], 19, 5, Int64[], [0, 0, 0, 0, 0, 1, 0, 0, 0, 0, 0, 0, 0, 0, 0, 0, 0, 0, 0, 0, 0, 0, 0, 0, 0, 0, 0, 0, 0, 0], [0, 0, 0, 1, 0], [0, 1, 0, 0, 0])  0.5833333333333335
Route(72.63712634521085, [5, 14, 22, 10, 5], 7378, 25, Int64[], [0, 0, 0, 0, 0, 0, 0, 0, 0, 1, 0, 0, 0, 1, 0, 0, 0, 0, 0, 0, 0, 1, 0, 0, 0, 0, 0, 0, 0, 0], [0, 0, 0, 0, 1], [0, 0, 0, 0, 1])  0.33333333333333326
Route(89.06903086128682, [5, 12, 29, 7, 9, 15, 5], 8700, 31, Int64[], [0, 0, 0, 0, 0, 0, 1, 0, 1, 0, 0, 1, 0, 0, 1, 0, 0, 0, 0, 0, 0, 0, 0, 0, 0, 0, 0, 0, 1, 0], [0, 0, 0, 0, 1], [0, 0, 0, 0, 1])  0.41666666666666674
Route(100.65953752949646, [5, 17, 28, 19, 29, 20, 15, 12, 5], 8987, 46, Int64[], [0, 0, 0, 0, 0, 0, 0, 0, 0, 0, 0, 1, 0, 0, 1, 0, 1, 0, 1, 1, 0, 0, 0, 0, 0, 0, 0, 1, 1, 0], [0, 0, 0, 0, 1], [0, 0, 0, 0, 1])  0.16666666666666663
Route(113.41670378347719, [5, 17, 28, 19, 30, 6, 10, 5], 8992, 43, Int64[], [0, 0, 0, 0, 0, 1, 0, 0, 0, 1, 0, 0, 0, 0, 0, 0, 1, 0, 1, 0, 0, 0, 0, 0, 0, 0, 0, 1, 0, 1], [0, 0, 0, 0, 1], [0, 0, 0, 0, 1])  0.08333333333333333
Route(112.37017685087446, [5, 16, 28, 19, 11, 30, 24, 5], 9306, 42, Int64[], [0, 0, 0, 0, 0, 0, 0, 0, 0, 0, 1, 0, 0, 0, 0, 1, 0, 0, 1, 0, 0, 0, 0, 1, 0, 0, 0, 1, 0, 1], [0, 0, 0, 0, 1], [0, 0, 0, 0, 1])  0.16666666666666663
Route(83.52206101353013, [5, 18, 24, 11, 9, 20, 5], 9664, 40, Int64[], [0, 0, 0, 0, 0, 0, 0, 0, 1, 0, 1, 0, 0, 0, 0, 0, 0, 1, 0, 1, 0, 0, 0, 1, 0, 0, 0, 0, 0, 0], [0, 0, 0, 0, 1], [0, 0, 0, 0, 1])  0.8333333333333334
Route(88.75679867328377, [5, 18, 24, 11, 9, 7, 16, 5], 9667, 43, Int64[], [0, 0, 0, 0, 0, 0, 1, 0, 1, 0, 1, 0, 0, 0, 0, 1, 0, 1, 0, 0, 0, 0, 0, 1, 0, 0, 0, 0, 0, 0], [0, 0, 0, 0, 1], [0, 0, 0, 0, 1])  0.16666666666666663
Route(108.35270639629944, [5, 16, 28, 9, 11, 24, 26, 5], 9767, 40, Int64[], [0, 0, 0, 0, 0, 0, 0, 0, 1, 0, 1, 0, 0, 0, 0, 1, 0, 0, 0, 0, 0, 0, 0, 1, 0, 1, 0, 1, 0, 0], [0, 0, 0, 0, 1], [0, 0, 0, 0, 1])  0.08333333333333343
Route(90.47808093757833, [5, 16, 20, 9, 11, 24, 26, 14, 5], 9855, 49, Int64[], [0, 0, 0, 0, 0, 0, 0, 0, 1, 0, 1, 0, 0, 1, 0, 1, 0, 0, 0, 1, 0, 0, 0, 1, 0, 1, 0, 0, 0, 0], [0, 0, 0, 0, 1], [0, 0, 0, 0, 1])  0.16666666666666663
Route(108.58644744183599, [5, 26, 9, 11, 24, 22, 27, 5], 9948, 50, Int64[], [0, 0, 0, 0, 0, 0, 0, 0, 1, 0, 1, 0, 0, 0, 0, 0, 0, 0, 0, 0, 0, 1, 0, 1, 0, 1, 1, 0, 0, 0], [0, 0, 0, 0, 1], [0, 0, 0, 0, 1])  0.25
Route(99.36334196580621, [5, 26, 9, 11, 24, 25, 5], 9949, 47, Int64[], [0, 0, 0, 0, 0, 0, 0, 0, 1, 0, 1, 0, 0, 0, 0, 0, 0, 0, 0, 0, 0, 0, 0, 1, 1, 1, 0, 0, 0, 0], [0, 0, 0, 0, 1], [0, 0, 0, 0, 1])  0.33333333333333337
Route(121.42810212337008, [5, 20, 15, 26, 24, 11, 9, 28, 19, 5], 9968, 48, Int64[], [0, 0, 0, 0, 0, 0, 0, 0, 1, 0, 1, 0, 0, 0, 1, 0, 0, 0, 1, 1, 0, 0, 0, 1, 0, 1, 0, 1, 0, 0], [0, 0, 0, 0, 1], [0, 0, 0, 0, 1])  0.08333333333333333
Route(122.72411199177432, [5, 20, 15, 26, 24, 11, 9, 7, 28, 19, 5], 9971, 49, Int64[], [0, 0, 0, 0, 0, 0, 1, 0, 1, 0, 1, 0, 0, 0, 1, 0, 0, 0, 1, 1, 0, 0, 0, 1, 0, 1, 0, 1, 0, 0], [0, 0, 0, 0, 1], [0, 0, 0, 0, 1])  0.25
Route(112.24103263127151, [5, 20, 9, 11, 30, 24, 27, 5], 10000, 46, Int64[], [0, 0, 0, 0, 0, 0, 0, 0, 1, 0, 1, 0, 0, 0, 0, 0, 0, 0, 0, 1, 0, 0, 0, 1, 0, 0, 1, 0, 0, 1], [0, 0, 0, 0, 1], [0, 0, 0, 0, 1])  1.0
Route(109.74996186369935, [5, 17, 28, 19, 7, 9, 24, 12, 5], 10141, 44, Int64[], [0, 0, 0, 0, 0, 0, 1, 0, 1, 0, 0, 1, 0, 0, 0, 0, 1, 0, 1, 0, 0, 0, 0, 1, 0, 0, 0, 1, 0, 0], [0, 0, 0, 0, 1], [0, 0, 0, 0, 1])  0.08333333333333325

Solve a child node 63
   + Customers MUST      served together:  (9, 30)  (9, 29)  (7, 11)  (20, 24)  (7, 24)  (9, 11)  (11, 20)  (9, 24)  (9, 20)  (24, 30)  
   + Customers FORBIDDEN served together:  (11, 17)  (17, 24)  (9, 17)  (19, 24)  (22, 24)  (11, 28)  (9, 28)  (11, 15)  (9, 12)  (14, 24)  (9, 15)  (11, 14)  (9, 14)  (9, 16)  (15, 24)  (11, 22)  (11, 19)  (9, 22)  (9, 19)  (24, 28)  (12, 24)  
   # Total number of 2e routes cannot UNDER:   5  

-------------Iter CG 1-------------
No feasible solution for LMP

Solve a child node 64
   + Customers MUST      served together:  (9, 30)  (7, 11)  (20, 24)  (7, 24)  (9, 11)  (11, 20)  (9, 24)  (9, 20)  (24, 30)  
   + Customers FORBIDDEN served together:  (11, 17)  (17, 24)  (9, 29)  (9, 17)  (19, 24)  (22, 24)  (11, 28)  (9, 28)  (11, 15)  (9, 12)  (14, 24)  (9, 15)  (11, 14)  (9, 14)  (9, 16)  (15, 24)  (11, 22)  (11, 19)  (9, 22)  (9, 19)  (24, 28)  (12, 24)  
   # Total number of 2e routes cannot UNDER:   5  

-------------Iter CG 1-------------
LP Objective Value = 452.63,   sum y = 5.0
x[1, 2, 5, 1],  93.16
y[5, 14, 8, 25, 13, 5] = 0.08  69.96
y[5, 23, 21, 14, 5] = 0.33  39.3
y[5, 13, 25, 27, 22, 12, 5] = 0.17  90.2
y[5, 26, 6, 22, 8, 13, 5] = 0.17  83.62
y[5, 8, 25, 27, 22, 6, 5] = 0.25  91.16
y[5, 18, 10, 8, 13, 14, 5] = 0.08  68.24
y[5, 23, 5] = 0.58  16.0
y[5, 12, 6, 22, 27, 8, 13, 5] = 0.08  93.78
y[5, 26, 24, 30, 11, 9, 7, 20, 5] = 0.83  89.67
y[5, 8, 25, 27, 22, 6, 10, 5] = 0.33  92.46
y[5, 16, 17, 28, 19, 29, 15, 5] = 1.0  94.65
y[5, 18, 10, 27, 25, 13, 5] = 0.17  85.25
y[5, 12, 18, 10, 13, 21, 5] = 0.25  57.57
y[5, 23, 14, 12, 18, 5] = 0.08  48.34
y[5, 14, 21, 12, 18, 5] = 0.42  43.12
y[5, 20, 7, 9, 11, 30, 24, 6, 10, 5] = 0.17  90.96
false  0

================Iteration 33 of B&P for SP1 [1, 2, 5, 1] parkings[5]================
Display selected node 64, parent node 62: from 6 nodes
- Branching node in depth: 32
   + Customers MUST      served together:  (9, 30)  (7, 11)  (20, 24)  (7, 24)  (9, 11)  (11, 20)  (9, 24)  (9, 20)  (24, 30)  
   + Customers FORBIDDEN served together:  (11, 17)  (17, 24)  (9, 29)  (9, 17)  (19, 24)  (22, 24)  (11, 28)  (9, 28)  (11, 15)  (9, 12)  (14, 24)  (9, 15)  (11, 14)  (9, 14)  (9, 16)  (15, 24)  (11, 22)  (11, 19)  (9, 22)  (9, 19)  (24, 28)  (12, 24)  
   # Total number of 2e routes cannot UNDER:   5  

  Branching node with fractional score: 3.17
  Branching node with cg lower bound: 452.63
  Branching node with LB reduction: 0.0
  Branching node with FS reduction: 0.0
  Total reduction: 0.0
Route(36.4049790107182, [2, 6, 4], 19, 5, Int64[], [0, 0, 0, 0, 0, 1, 0, 0, 0, 0, 0, 0, 0, 0, 0, 0, 0, 0, 0, 0, 0, 0, 0, 0, 0, 0, 0, 0, 0, 0], [0, 0, 0, 1, 0], [0, 1, 0, 0, 0])  0.5833333333333336
Route(72.63712634521085, [5, 14, 22, 10, 5], 7378, 25, Int64[], [0, 0, 0, 0, 0, 0, 0, 0, 0, 1, 0, 0, 0, 1, 0, 0, 0, 0, 0, 0, 0, 1, 0, 0, 0, 0, 0, 0, 0, 0], [0, 0, 0, 0, 1], [0, 0, 0, 0, 1])  0.33333333333333315
Route(89.06903086128682, [5, 12, 29, 7, 9, 15, 5], 8700, 31, Int64[], [0, 0, 0, 0, 0, 0, 1, 0, 1, 0, 0, 1, 0, 0, 1, 0, 0, 0, 0, 0, 0, 0, 0, 0, 0, 0, 0, 0, 1, 0], [0, 0, 0, 0, 1], [0, 0, 0, 0, 1])  0.41666666666666685
Route(100.65953752949646, [5, 17, 28, 19, 29, 20, 15, 12, 5], 8987, 46, Int64[], [0, 0, 0, 0, 0, 0, 0, 0, 0, 0, 0, 1, 0, 0, 1, 0, 1, 0, 1, 1, 0, 0, 0, 0, 0, 0, 0, 1, 1, 0], [0, 0, 0, 0, 1], [0, 0, 0, 0, 1])  0.16666666666666674
Route(113.41670378347719, [5, 17, 28, 19, 30, 6, 10, 5], 8992, 43, Int64[], [0, 0, 0, 0, 0, 1, 0, 0, 0, 1, 0, 0, 0, 0, 0, 0, 1, 0, 1, 0, 0, 0, 0, 0, 0, 0, 0, 1, 0, 1], [0, 0, 0, 0, 1], [0, 0, 0, 0, 1])  0.08333333333333323
Route(112.37017685087446, [5, 16, 28, 19, 11, 30, 24, 5], 9306, 42, Int64[], [0, 0, 0, 0, 0, 0, 0, 0, 0, 0, 1, 0, 0, 0, 0, 1, 0, 0, 1, 0, 0, 0, 0, 1, 0, 0, 0, 1, 0, 1], [0, 0, 0, 0, 1], [0, 0, 0, 0, 1])  0.16666666666666669
Route(113.53406801629585, [5, 17, 28, 9, 11, 26, 16, 5], 9527, 45, Int64[], [0, 0, 0, 0, 0, 0, 0, 0, 1, 0, 1, 0, 0, 0, 0, 1, 1, 0, 0, 0, 0, 0, 0, 0, 0, 1, 0, 1, 0, 0], [0, 0, 0, 0, 1], [0, 0, 0, 0, 1])  0.8333333333333333
Route(88.75679867328377, [5, 18, 24, 11, 9, 7, 16, 5], 9667, 43, Int64[], [0, 0, 0, 0, 0, 0, 1, 0, 1, 0, 1, 0, 0, 0, 0, 1, 0, 1, 0, 0, 0, 0, 0, 1, 0, 0, 0, 0, 0, 0], [0, 0, 0, 0, 1], [0, 0, 0, 0, 1])  0.16666666666666674
Route(108.35270639629944, [5, 16, 28, 9, 11, 24, 26, 5], 9767, 40, Int64[], [0, 0, 0, 0, 0, 0, 0, 0, 1, 0, 1, 0, 0, 0, 0, 1, 0, 0, 0, 0, 0, 0, 0, 1, 0, 1, 0, 1, 0, 0], [0, 0, 0, 0, 1], [0, 0, 0, 0, 1])  0.08333333333333343
Route(90.47808093757833, [5, 16, 20, 9, 11, 24, 26, 14, 5], 9855, 49, Int64[], [0, 0, 0, 0, 0, 0, 0, 0, 1, 0, 1, 0, 0, 1, 0, 1, 0, 0, 0, 1, 0, 0, 0, 1, 0, 1, 0, 0, 0, 0], [0, 0, 0, 0, 1], [0, 0, 0, 0, 1])  0.16666666666666666
Route(108.58644744183599, [5, 26, 9, 11, 24, 22, 27, 5], 9948, 50, Int64[], [0, 0, 0, 0, 0, 0, 0, 0, 1, 0, 1, 0, 0, 0, 0, 0, 0, 0, 0, 0, 0, 1, 0, 1, 0, 1, 1, 0, 0, 0], [0, 0, 0, 0, 1], [0, 0, 0, 0, 1])  0.25
Route(99.36334196580621, [5, 26, 9, 11, 24, 25, 5], 9949, 47, Int64[], [0, 0, 0, 0, 0, 0, 0, 0, 1, 0, 1, 0, 0, 0, 0, 0, 0, 0, 0, 0, 0, 0, 0, 1, 1, 1, 0, 0, 0, 0], [0, 0, 0, 0, 1], [0, 0, 0, 0, 1])  0.3333333333333332
Route(121.42810212337008, [5, 20, 15, 26, 24, 11, 9, 28, 19, 5], 9968, 48, Int64[], [0, 0, 0, 0, 0, 0, 0, 0, 1, 0, 1, 0, 0, 0, 1, 0, 0, 0, 1, 1, 0, 0, 0, 1, 0, 1, 0, 1, 0, 0], [0, 0, 0, 0, 1], [0, 0, 0, 0, 1])  0.08333333333333331
Route(122.72411199177432, [5, 20, 15, 26, 24, 11, 9, 7, 28, 19, 5], 9971, 49, Int64[], [0, 0, 0, 0, 0, 0, 1, 0, 1, 0, 1, 0, 0, 0, 1, 0, 0, 0, 1, 1, 0, 0, 0, 1, 0, 1, 0, 1, 0, 0], [0, 0, 0, 0, 1], [0, 0, 0, 0, 1])  0.24999999999999994
Route(112.24103263127151, [5, 20, 9, 11, 30, 24, 27, 5], 10000, 46, Int64[], [0, 0, 0, 0, 0, 0, 0, 0, 1, 0, 1, 0, 0, 0, 0, 0, 0, 0, 0, 1, 0, 0, 0, 1, 0, 0, 1, 0, 0, 1], [0, 0, 0, 0, 1], [0, 0, 0, 0, 1])  1.0
Route(109.74996186369935, [5, 17, 28, 19, 7, 9, 24, 12, 5], 10141, 44, Int64[], [0, 0, 0, 0, 0, 0, 1, 0, 1, 0, 0, 1, 0, 0, 0, 0, 1, 0, 1, 0, 0, 0, 0, 1, 0, 0, 0, 1, 0, 0], [0, 0, 0, 0, 1], [0, 0, 0, 0, 1])  0.0833333333333332

Solve a child node 65
   + Customers MUST      served together:  (9, 30)  (7, 11)  (20, 24)  (7, 24)  (11, 24)  (9, 11)  (11, 20)  (9, 24)  (9, 20)  (24, 30)  
   + Customers FORBIDDEN served together:  (11, 17)  (17, 24)  (9, 29)  (9, 17)  (19, 24)  (22, 24)  (11, 28)  (9, 28)  (11, 15)  (9, 12)  (14, 24)  (9, 15)  (11, 14)  (9, 14)  (9, 16)  (15, 24)  (11, 22)  (11, 19)  (9, 22)  (9, 19)  (24, 28)  (12, 24)  
   # Total number of 2e routes cannot UNDER:   5  

-------------Iter CG 1-------------
LP Objective Value = 452.63,   sum y = 5.0
x[1, 2, 5, 1],  93.16
y[5, 14, 8, 25, 13, 5] = 0.08  69.96
y[5, 23, 21, 14, 5] = 0.33  39.3
y[5, 13, 25, 27, 22, 12, 5] = 0.17  90.2
y[5, 26, 6, 22, 8, 13, 5] = 0.17  83.62
y[5, 8, 25, 27, 22, 6, 5] = 0.25  91.16
y[5, 18, 10, 8, 13, 14, 5] = 0.08  68.24
y[5, 23, 5] = 0.58  16.0
y[5, 12, 6, 22, 27, 8, 13, 5] = 0.08  93.78
y[5, 26, 24, 30, 11, 9, 7, 20, 5] = 0.83  89.67
y[5, 8, 25, 27, 22, 6, 10, 5] = 0.33  92.46
y[5, 16, 17, 28, 19, 29, 15, 5] = 1.0  94.65
y[5, 18, 10, 27, 25, 13, 5] = 0.17  85.25
y[5, 12, 18, 10, 13, 21, 5] = 0.25  57.57
y[5, 23, 14, 12, 18, 5] = 0.08  48.34
y[5, 14, 21, 12, 18, 5] = 0.42  43.12
y[5, 20, 7, 9, 11, 30, 24, 6, 10, 5] = 0.17  90.96
false  0

Solve a child node 66
   + Customers MUST      served together:  (9, 30)  (7, 11)  (20, 24)  (7, 24)  (9, 11)  (11, 20)  (9, 24)  (9, 20)  (24, 30)  
   + Customers FORBIDDEN served together:  (11, 17)  (17, 24)  (9, 29)  (9, 17)  (19, 24)  (22, 24)  (11, 28)  (9, 28)  (11, 24)  (11, 15)  (9, 12)  (14, 24)  (9, 15)  (11, 14)  (9, 14)  (9, 16)  (15, 24)  (11, 22)  (11, 19)  (9, 22)  (9, 19)  (24, 28)  (12, 24)  
   # Total number of 2e routes cannot UNDER:   5  

-------------Iter CG 1-------------
No feasible solution for LMP

================Iteration 34 of B&P for SP1 [1, 2, 5, 1] parkings[5]================
Display selected node 65, parent node 64: from 6 nodes
- Branching node in depth: 33
   + Customers MUST      served together:  (9, 30)  (7, 11)  (20, 24)  (7, 24)  (11, 24)  (9, 11)  (11, 20)  (9, 24)  (9, 20)  (24, 30)  
   + Customers FORBIDDEN served together:  (11, 17)  (17, 24)  (9, 29)  (9, 17)  (19, 24)  (22, 24)  (11, 28)  (9, 28)  (11, 15)  (9, 12)  (14, 24)  (9, 15)  (11, 14)  (9, 14)  (9, 16)  (15, 24)  (11, 22)  (11, 19)  (9, 22)  (9, 19)  (24, 28)  (12, 24)  
   # Total number of 2e routes cannot UNDER:   5  

  Branching node with fractional score: 3.17
  Branching node with cg lower bound: 452.63
  Branching node with LB reduction: 0.0
  Branching node with FS reduction: 0.0
  Total reduction: 0.0
Route(36.4049790107182, [2, 6, 4], 19, 5, Int64[], [0, 0, 0, 0, 0, 1, 0, 0, 0, 0, 0, 0, 0, 0, 0, 0, 0, 0, 0, 0, 0, 0, 0, 0, 0, 0, 0, 0, 0, 0], [0, 0, 0, 1, 0], [0, 1, 0, 0, 0])  0.5833333333333336
Route(72.63712634521085, [5, 14, 22, 10, 5], 7378, 25, Int64[], [0, 0, 0, 0, 0, 0, 0, 0, 0, 1, 0, 0, 0, 1, 0, 0, 0, 0, 0, 0, 0, 1, 0, 0, 0, 0, 0, 0, 0, 0], [0, 0, 0, 0, 1], [0, 0, 0, 0, 1])  0.33333333333333315
Route(89.06903086128682, [5, 12, 29, 7, 9, 15, 5], 8700, 31, Int64[], [0, 0, 0, 0, 0, 0, 1, 0, 1, 0, 0, 1, 0, 0, 1, 0, 0, 0, 0, 0, 0, 0, 0, 0, 0, 0, 0, 0, 1, 0], [0, 0, 0, 0, 1], [0, 0, 0, 0, 1])  0.41666666666666696
Route(100.65953752949646, [5, 17, 28, 19, 29, 20, 15, 12, 5], 8987, 46, Int64[], [0, 0, 0, 0, 0, 0, 0, 0, 0, 0, 0, 1, 0, 0, 1, 0, 1, 0, 1, 1, 0, 0, 0, 0, 0, 0, 0, 1, 1, 0], [0, 0, 0, 0, 1], [0, 0, 0, 0, 1])  0.16666666666666663
Route(113.41670378347719, [5, 17, 28, 19, 30, 6, 10, 5], 8992, 43, Int64[], [0, 0, 0, 0, 0, 1, 0, 0, 0, 1, 0, 0, 0, 0, 0, 0, 1, 0, 1, 0, 0, 0, 0, 0, 0, 0, 0, 1, 0, 1], [0, 0, 0, 0, 1], [0, 0, 0, 0, 1])  0.08333333333333323
Route(112.37017685087446, [5, 16, 28, 19, 11, 30, 24, 5], 9306, 42, Int64[], [0, 0, 0, 0, 0, 0, 0, 0, 0, 0, 1, 0, 0, 0, 0, 1, 0, 0, 1, 0, 0, 0, 0, 1, 0, 0, 0, 1, 0, 1], [0, 0, 0, 0, 1], [0, 0, 0, 0, 1])  0.16666666666666666
Route(113.53406801629585, [5, 17, 28, 9, 11, 26, 16, 5], 9527, 45, Int64[], [0, 0, 0, 0, 0, 0, 0, 0, 1, 0, 1, 0, 0, 0, 0, 1, 1, 0, 0, 0, 0, 0, 0, 0, 0, 1, 0, 1, 0, 0], [0, 0, 0, 0, 1], [0, 0, 0, 0, 1])  0.8333333333333334
Route(88.75679867328377, [5, 18, 24, 11, 9, 7, 16, 5], 9667, 43, Int64[], [0, 0, 0, 0, 0, 0, 1, 0, 1, 0, 1, 0, 0, 0, 0, 1, 0, 1, 0, 0, 0, 0, 0, 1, 0, 0, 0, 0, 0, 0], [0, 0, 0, 0, 1], [0, 0, 0, 0, 1])  0.16666666666666663
Route(108.35270639629944, [5, 16, 28, 9, 11, 24, 26, 5], 9767, 40, Int64[], [0, 0, 0, 0, 0, 0, 0, 0, 1, 0, 1, 0, 0, 0, 0, 1, 0, 0, 0, 0, 0, 0, 0, 1, 0, 1, 0, 1, 0, 0], [0, 0, 0, 0, 1], [0, 0, 0, 0, 1])  0.08333333333333323
Route(90.47808093757833, [5, 16, 20, 9, 11, 24, 26, 14, 5], 9855, 49, Int64[], [0, 0, 0, 0, 0, 0, 0, 0, 1, 0, 1, 0, 0, 1, 0, 1, 0, 0, 0, 1, 0, 0, 0, 1, 0, 1, 0, 0, 0, 0], [0, 0, 0, 0, 1], [0, 0, 0, 0, 1])  0.16666666666666663
Route(108.58644744183599, [5, 26, 9, 11, 24, 22, 27, 5], 9948, 50, Int64[], [0, 0, 0, 0, 0, 0, 0, 0, 1, 0, 1, 0, 0, 0, 0, 0, 0, 0, 0, 0, 0, 1, 0, 1, 0, 1, 1, 0, 0, 0], [0, 0, 0, 0, 1], [0, 0, 0, 0, 1])  0.25
Route(99.36334196580621, [5, 26, 9, 11, 24, 25, 5], 9949, 47, Int64[], [0, 0, 0, 0, 0, 0, 0, 0, 1, 0, 1, 0, 0, 0, 0, 0, 0, 0, 0, 0, 0, 0, 0, 1, 1, 1, 0, 0, 0, 0], [0, 0, 0, 0, 1], [0, 0, 0, 0, 1])  0.3333333333333334
Route(121.42810212337008, [5, 20, 15, 26, 24, 11, 9, 28, 19, 5], 9968, 48, Int64[], [0, 0, 0, 0, 0, 0, 0, 0, 1, 0, 1, 0, 0, 0, 1, 0, 0, 0, 1, 1, 0, 0, 0, 1, 0, 1, 0, 1, 0, 0], [0, 0, 0, 0, 1], [0, 0, 0, 0, 1])  0.08333333333333337
Route(122.72411199177432, [5, 20, 15, 26, 24, 11, 9, 7, 28, 19, 5], 9971, 49, Int64[], [0, 0, 0, 0, 0, 0, 1, 0, 1, 0, 1, 0, 0, 0, 1, 0, 0, 0, 1, 1, 0, 0, 0, 1, 0, 1, 0, 1, 0, 0], [0, 0, 0, 0, 1], [0, 0, 0, 0, 1])  0.2499999999999999
Route(112.24103263127151, [5, 20, 9, 11, 30, 24, 27, 5], 10000, 46, Int64[], [0, 0, 0, 0, 0, 0, 0, 0, 1, 0, 1, 0, 0, 0, 0, 0, 0, 0, 0, 1, 0, 0, 0, 1, 0, 0, 1, 0, 0, 1], [0, 0, 0, 0, 1], [0, 0, 0, 0, 1])  1.0
Route(109.74996186369935, [5, 17, 28, 19, 7, 9, 24, 12, 5], 10141, 44, Int64[], [0, 0, 0, 0, 0, 0, 1, 0, 1, 0, 0, 1, 0, 0, 0, 0, 1, 0, 1, 0, 0, 0, 0, 1, 0, 0, 0, 1, 0, 0], [0, 0, 0, 0, 1], [0, 0, 0, 0, 1])  0.08333333333333329

Solve a child node 67
   + Customers MUST      served together:  (11, 24)  (9, 30)  (9, 24)  (7, 24)  (11, 20)  (9, 20)  (9, 11)  (24, 26)  (7, 11)  (20, 24)  (24, 30)  
   + Customers FORBIDDEN served together:  (11, 17)  (17, 24)  (9, 29)  (9, 17)  (19, 24)  (22, 24)  (11, 28)  (9, 28)  (11, 15)  (9, 12)  (14, 24)  (9, 15)  (11, 14)  (9, 14)  (9, 16)  (15, 24)  (11, 22)  (11, 19)  (9, 22)  (9, 19)  (24, 28)  (12, 24)  
   # Total number of 2e routes cannot UNDER:   5  

-------------Iter CG 1-------------
LP Objective Value = 453.32,   sum y = 5.0
x[1, 2, 5, 1],  93.16
y[5, 14, 8, 25, 13, 5] = 0.08  69.96
y[5, 23, 21, 14, 5] = 0.33  39.3
y[5, 13, 25, 22, 6, 5] = 0.17  84.18
y[5, 20, 7, 9, 11, 30, 24, 26, 5] = 1.0  89.67
y[5, 8, 25, 27, 22, 6, 5] = 0.08  91.16
y[5, 18, 10, 8, 13, 14, 5] = 0.08  68.24
y[5, 23, 5] = 0.58  16.0
y[5, 12, 6, 22, 27, 8, 13, 5] = 0.25  93.78
y[5, 8, 25, 27, 22, 6, 10, 5] = 0.5  92.46
y[5, 16, 17, 28, 19, 29, 15, 5] = 1.0  94.65
y[5, 18, 10, 27, 25, 13, 5] = 0.17  85.25
y[5, 12, 18, 10, 13, 21, 5] = 0.25  57.57
y[5, 23, 14, 12, 18, 5] = 0.08  48.34
y[5, 14, 21, 12, 18, 5] = 0.42  43.12
true  2
-------------Iter CG 2-------------
LP Objective Value = 453.23,   sum y = 5.0
x[1, 2, 5, 1],  93.16
y[5, 23, 21, 14, 5] = 0.4  39.3
y[5, 20, 7, 9, 11, 30, 24, 26, 5] = 1.0  89.67
y[5, 8, 25, 27, 22, 6, 5] = 0.2  91.16
y[5, 18, 10, 8, 13, 14, 5] = 0.2  68.24
y[5, 23, 5] = 0.6  16.0
y[5, 12, 6, 22, 27, 8, 13, 5] = 0.2  93.78
y[5, 8, 25, 27, 22, 6, 10, 5] = 0.4  92.46
y[5, 16, 17, 28, 19, 29, 15, 5] = 1.0  94.65
y[5, 18, 10, 27, 25, 13, 5] = 0.2  85.25
y[5, 13, 25, 22, 6, 12, 5] = 0.2  84.99
y[5, 12, 18, 10, 13, 21, 5] = 0.2  57.57
y[5, 14, 21, 12, 18, 5] = 0.4  43.12
false  0

Solve a child node 68
   + Customers MUST      served together:  (9, 30)  (7, 11)  (20, 24)  (7, 24)  (11, 24)  (9, 11)  (11, 20)  (9, 24)  (9, 20)  (24, 30)  
   + Customers FORBIDDEN served together:  (11, 17)  (17, 24)  (9, 29)  (9, 17)  (19, 24)  (22, 24)  (11, 28)  (9, 28)  (11, 15)  (9, 12)  (14, 24)  (9, 15)  (11, 14)  (9, 14)  (9, 16)  (15, 24)  (11, 22)  (24, 26)  (11, 19)  (9, 22)  (9, 19)  (24, 28)  (12, 24)  
   # Total number of 2e routes cannot UNDER:   5  

-------------Iter CG 1-------------
LP Objective Value = 458.46,   sum y = 5.0
x[1, 2, 5, 1],  93.16
y[5, 14, 8, 25, 13, 5] = 0.13  69.96
y[5, 23, 21, 14, 5] = 0.38  39.3
y[5, 18, 26, 15, 17, 16, 5] = 0.12  68.97
y[5, 8, 25, 27, 22, 10, 12, 5] = 0.25  88.59
y[5, 29, 19, 28, 17, 16, 5] = 0.12  87.83
y[5, 23, 21, 12, 18, 5] = 0.13  50.87
y[5, 13, 8, 27, 22, 26, 5] = 0.38  93.52
y[5, 20, 7, 9, 11, 30, 24, 6, 5] = 0.5  89.65
y[5, 17, 28, 19, 29, 26, 15, 5] = 0.12  102.14
y[5, 23, 5] = 0.5  16.0
y[5, 16, 17, 28, 19, 29, 15, 5] = 0.63  94.65
y[5, 13, 25, 22, 26, 5] = 0.25  84.73
y[5, 18, 10, 27, 25, 13, 5] = 0.13  85.25
y[5, 14, 21, 12, 18, 5] = 0.5  43.12
y[5, 8, 25, 27, 22, 15, 5] = 0.12  92.81
y[5, 20, 7, 9, 11, 30, 24, 6, 10, 5] = 0.5  90.96
y[5, 13, 8, 25, 27, 10, 12, 5] = 0.12  85.05
y[5, 16, 28, 19, 29, 26, 18, 5] = 0.12  102.31
true  3
-------------Iter CG 2-------------
LP Objective Value = 457.66,   sum y = 5.0
x[1, 2, 5, 1],  93.16
y[5, 14, 8, 25, 13, 5] = 0.3  69.96
y[5, 23, 21, 14, 5] = 0.1  39.3
y[5, 13, 25, 27, 22, 12, 5] = 0.1  90.2
y[5, 15, 26, 22, 27, 25, 5] = 0.1  92.93
y[5, 23, 21, 12, 18, 5] = 0.3  50.87
y[5, 13, 8, 27, 22, 26, 5] = 0.4  93.52
y[5, 16, 17, 28, 19, 29, 26, 5] = 0.4  101.69
y[5, 20, 7, 9, 11, 30, 24, 6, 5] = 0.1  89.65
y[5, 23, 5] = 0.6  16.0
y[5, 16, 17, 28, 19, 29, 15, 5] = 0.6  94.65
y[5, 13, 25, 22, 26, 5] = 0.1  84.73
y[5, 18, 10, 27, 25, 13, 5] = 0.1  85.25
y[5, 14, 21, 12, 18, 5] = 0.6  43.12
y[5, 8, 25, 27, 22, 15, 5] = 0.3  92.81
y[5, 20, 7, 9, 11, 30, 24, 6, 10, 5] = 0.9  90.96
false  0

================Iteration 35 of B&P for SP1 [1, 2, 5, 1] parkings[5]================
Display selected node 67, parent node 65: from 7 nodes
- Branching node in depth: 34
   + Customers MUST      served together:  (11, 24)  (9, 30)  (9, 24)  (7, 24)  (11, 20)  (9, 20)  (9, 11)  (24, 26)  (7, 11)  (20, 24)  (24, 30)  
   + Customers FORBIDDEN served together:  (11, 17)  (17, 24)  (9, 29)  (9, 17)  (19, 24)  (22, 24)  (11, 28)  (9, 28)  (11, 15)  (9, 12)  (14, 24)  (9, 15)  (11, 14)  (9, 14)  (9, 16)  (15, 24)  (11, 22)  (11, 19)  (9, 22)  (9, 19)  (24, 28)  (12, 24)  
   # Total number of 2e routes cannot UNDER:   5  

  Branching node with fractional score: 2.8
  Branching node with cg lower bound: 453.23
  Branching node with LB reduction: 0.02
  Branching node with FS reduction: -0.01
  Total reduction: 0.05
Route(36.4049790107182, [2, 6, 4], 19, 5, Int64[], [0, 0, 0, 0, 0, 1, 0, 0, 0, 0, 0, 0, 0, 0, 0, 0, 0, 0, 0, 0, 0, 0, 0, 0, 0, 0, 0, 0, 0, 0], [0, 0, 0, 1, 0], [0, 1, 0, 0, 0])  0.5999999999999999
Route(72.63712634521085, [5, 14, 22, 10, 5], 7378, 25, Int64[], [0, 0, 0, 0, 0, 0, 0, 0, 0, 1, 0, 0, 0, 1, 0, 0, 0, 0, 0, 0, 0, 1, 0, 0, 0, 0, 0, 0, 0, 0], [0, 0, 0, 0, 1], [0, 0, 0, 0, 1])  0.40000000000000013
Route(89.06903086128682, [5, 12, 29, 7, 9, 15, 5], 8700, 31, Int64[], [0, 0, 0, 0, 0, 0, 1, 0, 1, 0, 0, 1, 0, 0, 1, 0, 0, 0, 0, 0, 0, 0, 0, 0, 0, 0, 0, 0, 1, 0], [0, 0, 0, 0, 1], [0, 0, 0, 0, 1])  0.3999999999999999
Route(113.41670378347719, [5, 17, 28, 19, 30, 6, 10, 5], 8992, 43, Int64[], [0, 0, 0, 0, 0, 1, 0, 0, 0, 1, 0, 0, 0, 0, 0, 0, 1, 0, 1, 0, 0, 0, 0, 0, 0, 0, 0, 1, 0, 1], [0, 0, 0, 0, 1], [0, 0, 0, 0, 1])  0.20000000000000012
Route(112.37017685087446, [5, 16, 28, 19, 11, 30, 24, 5], 9306, 42, Int64[], [0, 0, 0, 0, 0, 0, 0, 0, 0, 0, 1, 0, 0, 0, 0, 1, 0, 0, 1, 0, 0, 0, 0, 1, 0, 0, 0, 1, 0, 1], [0, 0, 0, 0, 1], [0, 0, 0, 0, 1])  0.19999999999999998
Route(83.52206101353013, [5, 18, 24, 11, 9, 20, 5], 9664, 40, Int64[], [0, 0, 0, 0, 0, 0, 0, 0, 1, 0, 1, 0, 0, 0, 0, 0, 0, 1, 0, 1, 0, 0, 0, 1, 0, 0, 0, 0, 0, 0], [0, 0, 0, 0, 1], [0, 0, 0, 0, 1])  1.0
Route(108.58644744183599, [5, 26, 9, 11, 24, 22, 27, 5], 9948, 50, Int64[], [0, 0, 0, 0, 0, 0, 0, 0, 1, 0, 1, 0, 0, 0, 0, 0, 0, 0, 0, 0, 0, 1, 0, 1, 0, 1, 1, 0, 0, 0], [0, 0, 0, 0, 1], [0, 0, 0, 0, 1])  0.2
Route(99.36334196580621, [5, 26, 9, 11, 24, 25, 5], 9949, 47, Int64[], [0, 0, 0, 0, 0, 0, 0, 0, 1, 0, 1, 0, 0, 0, 0, 0, 0, 0, 0, 0, 0, 0, 0, 1, 1, 1, 0, 0, 0, 0], [0, 0, 0, 0, 1], [0, 0, 0, 0, 1])  0.39999999999999997
Route(121.42810212337008, [5, 20, 15, 26, 24, 11, 9, 28, 19, 5], 9968, 48, Int64[], [0, 0, 0, 0, 0, 0, 0, 0, 1, 0, 1, 0, 0, 0, 1, 0, 0, 0, 1, 1, 0, 0, 0, 1, 0, 1, 0, 1, 0, 0], [0, 0, 0, 0, 1], [0, 0, 0, 0, 1])  0.20000000000000012
Route(122.72411199177432, [5, 20, 15, 26, 24, 11, 9, 7, 28, 19, 5], 9971, 49, Int64[], [0, 0, 0, 0, 0, 0, 1, 0, 1, 0, 1, 0, 0, 0, 1, 0, 0, 0, 1, 1, 0, 0, 0, 1, 0, 1, 0, 1, 0, 0], [0, 0, 0, 0, 1], [0, 0, 0, 0, 1])  0.2
Route(112.24103263127151, [5, 20, 9, 11, 30, 24, 27, 5], 10000, 46, Int64[], [0, 0, 0, 0, 0, 0, 0, 0, 1, 0, 1, 0, 0, 0, 0, 0, 0, 0, 0, 1, 0, 0, 0, 1, 0, 0, 1, 0, 0, 1], [0, 0, 0, 0, 1], [0, 0, 0, 0, 1])  1.0
Route(96.7948426245041, [5, 17, 28, 19, 7, 15, 18, 12, 5], 10145, 47, Int64[], [0, 0, 0, 0, 0, 0, 1, 0, 0, 0, 0, 1, 0, 0, 1, 0, 1, 1, 1, 0, 0, 0, 0, 0, 0, 0, 0, 1, 0, 0], [0, 0, 0, 0, 1], [0, 0, 0, 0, 1])  0.19999999999999996

Solve a child node 69
   + Customers MUST      served together:  (11, 24)  (9, 30)  (9, 24)  (7, 24)  (11, 20)  (9, 20)  (9, 11)  (18, 24)  (24, 26)  (7, 11)  (20, 24)  (24, 30)  
   + Customers FORBIDDEN served together:  (11, 17)  (17, 24)  (9, 29)  (9, 17)  (19, 24)  (22, 24)  (11, 28)  (9, 28)  (11, 15)  (9, 12)  (14, 24)  (9, 15)  (11, 14)  (9, 14)  (9, 16)  (15, 24)  (11, 22)  (11, 19)  (9, 22)  (9, 19)  (24, 28)  (12, 24)  
   # Total number of 2e routes cannot UNDER:   5  

-------------Iter CG 1-------------
No feasible solution for LMP

Solve a child node 70
   + Customers MUST      served together:  (11, 24)  (9, 30)  (9, 24)  (7, 24)  (11, 20)  (9, 20)  (9, 11)  (24, 26)  (7, 11)  (20, 24)  (24, 30)  
   + Customers FORBIDDEN served together:  (11, 17)  (17, 24)  (9, 29)  (9, 17)  (19, 24)  (22, 24)  (11, 28)  (9, 28)  (11, 15)  (9, 12)  (14, 24)  (9, 15)  (11, 14)  (9, 14)  (9, 16)  (15, 24)  (18, 24)  (11, 22)  (11, 19)  (9, 22)  (9, 19)  (24, 28)  (12, 24)  
   # Total number of 2e routes cannot UNDER:   5  

-------------Iter CG 1-------------
LP Objective Value = 453.23,   sum y = 5.0
x[1, 2, 5, 1],  93.16
y[5, 23, 21, 14, 5] = 0.4  39.3
y[5, 20, 7, 9, 11, 30, 24, 26, 5] = 1.0  89.67
y[5, 8, 25, 27, 22, 6, 5] = 0.2  91.16
y[5, 18, 10, 8, 13, 14, 5] = 0.2  68.24
y[5, 23, 5] = 0.6  16.0
y[5, 12, 6, 22, 27, 8, 13, 5] = 0.2  93.78
y[5, 8, 25, 27, 22, 6, 10, 5] = 0.4  92.46
y[5, 16, 17, 28, 19, 29, 15, 5] = 1.0  94.65
y[5, 18, 10, 27, 25, 13, 5] = 0.2  85.25
y[5, 13, 25, 22, 6, 12, 5] = 0.2  84.99
y[5, 12, 18, 10, 13, 21, 5] = 0.2  57.57
y[5, 14, 21, 12, 18, 5] = 0.4  43.12
false  0

================Iteration 36 of B&P for SP1 [1, 2, 5, 1] parkings[5]================
Display selected node 70, parent node 67: from 7 nodes
- Branching node in depth: 35
   + Customers MUST      served together:  (11, 24)  (9, 30)  (9, 24)  (7, 24)  (11, 20)  (9, 20)  (9, 11)  (24, 26)  (7, 11)  (20, 24)  (24, 30)  
   + Customers FORBIDDEN served together:  (11, 17)  (17, 24)  (9, 29)  (9, 17)  (19, 24)  (22, 24)  (11, 28)  (9, 28)  (11, 15)  (9, 12)  (14, 24)  (9, 15)  (11, 14)  (9, 14)  (9, 16)  (15, 24)  (18, 24)  (11, 22)  (11, 19)  (9, 22)  (9, 19)  (24, 28)  (12, 24)  
   # Total number of 2e routes cannot UNDER:   5  

  Branching node with fractional score: 2.8
  Branching node with cg lower bound: 453.23
  Branching node with LB reduction: -0.0
  Branching node with FS reduction: 0.0
  Total reduction: -0.0
Route(36.4049790107182, [2, 6, 4], 19, 5, Int64[], [0, 0, 0, 0, 0, 1, 0, 0, 0, 0, 0, 0, 0, 0, 0, 0, 0, 0, 0, 0, 0, 0, 0, 0, 0, 0, 0, 0, 0, 0], [0, 0, 0, 1, 0], [0, 1, 0, 0, 0])  0.5999999999999999
Route(72.63712634521085, [5, 14, 22, 10, 5], 7378, 25, Int64[], [0, 0, 0, 0, 0, 0, 0, 0, 0, 1, 0, 0, 0, 1, 0, 0, 0, 0, 0, 0, 0, 1, 0, 0, 0, 0, 0, 0, 0, 0], [0, 0, 0, 0, 1], [0, 0, 0, 0, 1])  0.40000000000000013
Route(89.06903086128682, [5, 12, 29, 7, 9, 15, 5], 8700, 31, Int64[], [0, 0, 0, 0, 0, 0, 1, 0, 1, 0, 0, 1, 0, 0, 1, 0, 0, 0, 0, 0, 0, 0, 0, 0, 0, 0, 0, 0, 1, 0], [0, 0, 0, 0, 1], [0, 0, 0, 0, 1])  0.3999999999999998
Route(113.41670378347719, [5, 17, 28, 19, 30, 6, 10, 5], 8992, 43, Int64[], [0, 0, 0, 0, 0, 1, 0, 0, 0, 1, 0, 0, 0, 0, 0, 0, 1, 0, 1, 0, 0, 0, 0, 0, 0, 0, 0, 1, 0, 1], [0, 0, 0, 0, 1], [0, 0, 0, 0, 1])  0.20000000000000007
Route(112.37017685087446, [5, 16, 28, 19, 11, 30, 24, 5], 9306, 42, Int64[], [0, 0, 0, 0, 0, 0, 0, 0, 0, 0, 1, 0, 0, 0, 0, 1, 0, 0, 1, 0, 0, 0, 0, 1, 0, 0, 0, 1, 0, 1], [0, 0, 0, 0, 1], [0, 0, 0, 0, 1])  0.2
Route(83.52206101353013, [5, 18, 24, 11, 9, 20, 5], 9664, 40, Int64[], [0, 0, 0, 0, 0, 0, 0, 0, 1, 0, 1, 0, 0, 0, 0, 0, 0, 1, 0, 1, 0, 0, 0, 1, 0, 0, 0, 0, 0, 0], [0, 0, 0, 0, 1], [0, 0, 0, 0, 1])  1.0
Route(108.58644744183599, [5, 26, 9, 11, 24, 22, 27, 5], 9948, 50, Int64[], [0, 0, 0, 0, 0, 0, 0, 0, 1, 0, 1, 0, 0, 0, 0, 0, 0, 0, 0, 0, 0, 1, 0, 1, 0, 1, 1, 0, 0, 0], [0, 0, 0, 0, 1], [0, 0, 0, 0, 1])  0.1999999999999999
Route(99.36334196580621, [5, 26, 9, 11, 24, 25, 5], 9949, 47, Int64[], [0, 0, 0, 0, 0, 0, 0, 0, 1, 0, 1, 0, 0, 0, 0, 0, 0, 0, 0, 0, 0, 0, 0, 1, 1, 1, 0, 0, 0, 0], [0, 0, 0, 0, 1], [0, 0, 0, 0, 1])  0.4
Route(121.42810212337008, [5, 20, 15, 26, 24, 11, 9, 28, 19, 5], 9968, 48, Int64[], [0, 0, 0, 0, 0, 0, 0, 0, 1, 0, 1, 0, 0, 0, 1, 0, 0, 0, 1, 1, 0, 0, 0, 1, 0, 1, 0, 1, 0, 0], [0, 0, 0, 0, 1], [0, 0, 0, 0, 1])  0.20000000000000007
Route(122.72411199177432, [5, 20, 15, 26, 24, 11, 9, 7, 28, 19, 5], 9971, 49, Int64[], [0, 0, 0, 0, 0, 0, 1, 0, 1, 0, 1, 0, 0, 0, 1, 0, 0, 0, 1, 1, 0, 0, 0, 1, 0, 1, 0, 1, 0, 0], [0, 0, 0, 0, 1], [0, 0, 0, 0, 1])  0.20000000000000007
Route(112.24103263127151, [5, 20, 9, 11, 30, 24, 27, 5], 10000, 46, Int64[], [0, 0, 0, 0, 0, 0, 0, 0, 1, 0, 1, 0, 0, 0, 0, 0, 0, 0, 0, 1, 0, 0, 0, 1, 0, 0, 1, 0, 0, 1], [0, 0, 0, 0, 1], [0, 0, 0, 0, 1])  1.0
Route(96.7948426245041, [5, 17, 28, 19, 7, 15, 18, 12, 5], 10145, 47, Int64[], [0, 0, 0, 0, 0, 0, 1, 0, 0, 0, 0, 1, 0, 0, 1, 0, 1, 1, 1, 0, 0, 0, 0, 0, 0, 0, 0, 1, 0, 0], [0, 0, 0, 0, 1], [0, 0, 0, 0, 1])  0.2

Solve a child node 71
   + Customers MUST      served together:  (11, 24)  (11, 30)  (9, 30)  (9, 24)  (7, 24)  (11, 20)  (9, 20)  (9, 11)  (24, 26)  (7, 11)  (20, 24)  (24, 30)  
   + Customers FORBIDDEN served together:  (11, 17)  (17, 24)  (9, 29)  (9, 17)  (19, 24)  (22, 24)  (11, 28)  (9, 28)  (11, 15)  (9, 12)  (14, 24)  (9, 15)  (11, 14)  (9, 14)  (9, 16)  (15, 24)  (18, 24)  (11, 22)  (11, 19)  (9, 22)  (9, 19)  (24, 28)  (12, 24)  
   # Total number of 2e routes cannot UNDER:   5  

-------------Iter CG 1-------------
LP Objective Value = 453.23,   sum y = 5.0
x[1, 2, 5, 1],  93.16
y[5, 23, 21, 14, 5] = 0.4  39.3
y[5, 20, 7, 9, 11, 30, 24, 26, 5] = 1.0  89.67
y[5, 8, 25, 27, 22, 6, 5] = 0.2  91.16
y[5, 18, 10, 8, 13, 14, 5] = 0.2  68.24
y[5, 23, 5] = 0.6  16.0
y[5, 12, 6, 22, 27, 8, 13, 5] = 0.2  93.78
y[5, 8, 25, 27, 22, 6, 10, 5] = 0.4  92.46
y[5, 16, 17, 28, 19, 29, 15, 5] = 1.0  94.65
y[5, 18, 10, 27, 25, 13, 5] = 0.2  85.25
y[5, 13, 25, 22, 6, 12, 5] = 0.2  84.99
y[5, 12, 18, 10, 13, 21, 5] = 0.2  57.57
y[5, 14, 21, 12, 18, 5] = 0.4  43.12
false  0

Solve a child node 72
   + Customers MUST      served together:  (11, 24)  (9, 30)  (9, 24)  (7, 24)  (11, 20)  (9, 20)  (9, 11)  (24, 26)  (7, 11)  (20, 24)  (24, 30)  
   + Customers FORBIDDEN served together:  (11, 17)  (17, 24)  (9, 29)  (9, 17)  (19, 24)  (22, 24)  (11, 28)  (9, 28)  (11, 30)  (11, 15)  (9, 12)  (14, 24)  (9, 15)  (11, 14)  (9, 14)  (9, 16)  (15, 24)  (18, 24)  (11, 22)  (11, 19)  (9, 22)  (9, 19)  (24, 28)  (12, 24)  
   # Total number of 2e routes cannot UNDER:   5  

-------------Iter CG 1-------------
No feasible solution for LMP

================Iteration 37 of B&P for SP1 [1, 2, 5, 1] parkings[5]================
Display selected node 71, parent node 70: from 7 nodes
- Branching node in depth: 36
   + Customers MUST      served together:  (11, 24)  (11, 30)  (9, 30)  (9, 24)  (7, 24)  (11, 20)  (9, 20)  (9, 11)  (24, 26)  (7, 11)  (20, 24)  (24, 30)  
   + Customers FORBIDDEN served together:  (11, 17)  (17, 24)  (9, 29)  (9, 17)  (19, 24)  (22, 24)  (11, 28)  (9, 28)  (11, 15)  (9, 12)  (14, 24)  (9, 15)  (11, 14)  (9, 14)  (9, 16)  (15, 24)  (18, 24)  (11, 22)  (11, 19)  (9, 22)  (9, 19)  (24, 28)  (12, 24)  
   # Total number of 2e routes cannot UNDER:   5  

  Branching node with fractional score: 2.8
  Branching node with cg lower bound: 453.23
  Branching node with LB reduction: 0.0
  Branching node with FS reduction: 0.0
  Total reduction: 0.0
Route(36.4049790107182, [2, 6, 4], 19, 5, Int64[], [0, 0, 0, 0, 0, 1, 0, 0, 0, 0, 0, 0, 0, 0, 0, 0, 0, 0, 0, 0, 0, 0, 0, 0, 0, 0, 0, 0, 0, 0], [0, 0, 0, 1, 0], [0, 1, 0, 0, 0])  0.5999999999999999
Route(72.63712634521085, [5, 14, 22, 10, 5], 7378, 25, Int64[], [0, 0, 0, 0, 0, 0, 0, 0, 0, 1, 0, 0, 0, 1, 0, 0, 0, 0, 0, 0, 0, 1, 0, 0, 0, 0, 0, 0, 0, 0], [0, 0, 0, 0, 1], [0, 0, 0, 0, 1])  0.40000000000000013
Route(89.06903086128682, [5, 12, 29, 7, 9, 15, 5], 8700, 31, Int64[], [0, 0, 0, 0, 0, 0, 1, 0, 1, 0, 0, 1, 0, 0, 1, 0, 0, 0, 0, 0, 0, 0, 0, 0, 0, 0, 0, 0, 1, 0], [0, 0, 0, 0, 1], [0, 0, 0, 0, 1])  0.3999999999999999
Route(113.41670378347719, [5, 17, 28, 19, 30, 6, 10, 5], 8992, 43, Int64[], [0, 0, 0, 0, 0, 1, 0, 0, 0, 1, 0, 0, 0, 0, 0, 0, 1, 0, 1, 0, 0, 0, 0, 0, 0, 0, 0, 1, 0, 1], [0, 0, 0, 0, 1], [0, 0, 0, 0, 1])  0.20000000000000007
Route(112.37017685087446, [5, 16, 28, 19, 11, 30, 24, 5], 9306, 42, Int64[], [0, 0, 0, 0, 0, 0, 0, 0, 0, 0, 1, 0, 0, 0, 0, 1, 0, 0, 1, 0, 0, 0, 0, 1, 0, 0, 0, 1, 0, 1], [0, 0, 0, 0, 1], [0, 0, 0, 0, 1])  0.2
Route(83.52206101353013, [5, 18, 24, 11, 9, 20, 5], 9664, 40, Int64[], [0, 0, 0, 0, 0, 0, 0, 0, 1, 0, 1, 0, 0, 0, 0, 0, 0, 1, 0, 1, 0, 0, 0, 1, 0, 0, 0, 0, 0, 0], [0, 0, 0, 0, 1], [0, 0, 0, 0, 1])  1.0
Route(108.58644744183599, [5, 26, 9, 11, 24, 22, 27, 5], 9948, 50, Int64[], [0, 0, 0, 0, 0, 0, 0, 0, 1, 0, 1, 0, 0, 0, 0, 0, 0, 0, 0, 0, 0, 1, 0, 1, 0, 1, 1, 0, 0, 0], [0, 0, 0, 0, 1], [0, 0, 0, 0, 1])  0.1999999999999999
Route(99.36334196580621, [5, 26, 9, 11, 24, 25, 5], 9949, 47, Int64[], [0, 0, 0, 0, 0, 0, 0, 0, 1, 0, 1, 0, 0, 0, 0, 0, 0, 0, 0, 0, 0, 0, 0, 1, 1, 1, 0, 0, 0, 0], [0, 0, 0, 0, 1], [0, 0, 0, 0, 1])  0.4
Route(121.42810212337008, [5, 20, 15, 26, 24, 11, 9, 28, 19, 5], 9968, 48, Int64[], [0, 0, 0, 0, 0, 0, 0, 0, 1, 0, 1, 0, 0, 0, 1, 0, 0, 0, 1, 1, 0, 0, 0, 1, 0, 1, 0, 1, 0, 0], [0, 0, 0, 0, 1], [0, 0, 0, 0, 1])  0.19999999999999998
Route(122.72411199177432, [5, 20, 15, 26, 24, 11, 9, 7, 28, 19, 5], 9971, 49, Int64[], [0, 0, 0, 0, 0, 0, 1, 0, 1, 0, 1, 0, 0, 0, 1, 0, 0, 0, 1, 1, 0, 0, 0, 1, 0, 1, 0, 1, 0, 0], [0, 0, 0, 0, 1], [0, 0, 0, 0, 1])  0.19999999999999998
Route(112.24103263127151, [5, 20, 9, 11, 30, 24, 27, 5], 10000, 46, Int64[], [0, 0, 0, 0, 0, 0, 0, 0, 1, 0, 1, 0, 0, 0, 0, 0, 0, 0, 0, 1, 0, 0, 0, 1, 0, 0, 1, 0, 0, 1], [0, 0, 0, 0, 1], [0, 0, 0, 0, 1])  1.0
Route(96.7948426245041, [5, 17, 28, 19, 7, 15, 18, 12, 5], 10145, 47, Int64[], [0, 0, 0, 0, 0, 0, 1, 0, 0, 0, 0, 1, 0, 0, 1, 0, 1, 1, 1, 0, 0, 0, 0, 0, 0, 0, 0, 1, 0, 0], [0, 0, 0, 0, 1], [0, 0, 0, 0, 1])  0.2

Solve a child node 73
   + Customers MUST      served together:  (11, 18)  (11, 24)  (11, 30)  (9, 30)  (9, 24)  (7, 24)  (11, 20)  (9, 20)  (9, 11)  (24, 26)  (7, 11)  (20, 24)  (24, 30)  
   + Customers FORBIDDEN served together:  (11, 17)  (17, 24)  (9, 29)  (9, 17)  (19, 24)  (22, 24)  (11, 28)  (9, 28)  (11, 15)  (9, 12)  (14, 24)  (9, 15)  (11, 14)  (9, 14)  (9, 16)  (15, 24)  (18, 24)  (11, 22)  (11, 19)  (9, 22)  (9, 19)  (24, 28)  (12, 24)  
   # Total number of 2e routes cannot UNDER:   5  

-------------Iter CG 1-------------
No feasible solution for LMP

Solve a child node 74
   + Customers MUST      served together:  (11, 24)  (11, 30)  (9, 30)  (9, 24)  (7, 24)  (11, 20)  (9, 20)  (9, 11)  (24, 26)  (7, 11)  (20, 24)  (24, 30)  
   + Customers FORBIDDEN served together:  (11, 17)  (17, 24)  (9, 29)  (9, 17)  (19, 24)  (22, 24)  (11, 28)  (11, 18)  (9, 28)  (11, 15)  (9, 12)  (14, 24)  (9, 15)  (11, 14)  (9, 14)  (9, 16)  (15, 24)  (18, 24)  (11, 22)  (11, 19)  (9, 22)  (9, 19)  (24, 28)  (12, 24)  
   # Total number of 2e routes cannot UNDER:   5  

-------------Iter CG 1-------------
LP Objective Value = 453.23,   sum y = 5.0
x[1, 2, 5, 1],  93.16
y[5, 23, 21, 14, 5] = 0.4  39.3
y[5, 8, 25, 27, 22, 6, 5] = 0.2  91.16
y[5, 18, 10, 8, 13, 14, 5] = 0.2  68.24
y[5, 23, 5] = 0.6  16.0
y[5, 12, 6, 22, 27, 8, 13, 5] = 0.2  93.78
y[5, 26, 24, 30, 11, 9, 7, 20, 5] = 1.0  89.67
y[5, 8, 25, 27, 22, 6, 10, 5] = 0.4  92.46
y[5, 16, 17, 28, 19, 29, 15, 5] = 1.0  94.65
y[5, 18, 10, 27, 25, 13, 5] = 0.2  85.25
y[5, 13, 25, 22, 6, 12, 5] = 0.2  84.99
y[5, 12, 18, 10, 13, 21, 5] = 0.2  57.57
y[5, 14, 21, 12, 18, 5] = 0.4  43.12
false  0

================Iteration 38 of B&P for SP1 [1, 2, 5, 1] parkings[5]================
Display selected node 74, parent node 71: from 7 nodes
- Branching node in depth: 37
   + Customers MUST      served together:  (11, 24)  (11, 30)  (9, 30)  (9, 24)  (7, 24)  (11, 20)  (9, 20)  (9, 11)  (24, 26)  (7, 11)  (20, 24)  (24, 30)  
   + Customers FORBIDDEN served together:  (11, 17)  (17, 24)  (9, 29)  (9, 17)  (19, 24)  (22, 24)  (11, 28)  (11, 18)  (9, 28)  (11, 15)  (9, 12)  (14, 24)  (9, 15)  (11, 14)  (9, 14)  (9, 16)  (15, 24)  (18, 24)  (11, 22)  (11, 19)  (9, 22)  (9, 19)  (24, 28)  (12, 24)  
   # Total number of 2e routes cannot UNDER:   5  

  Branching node with fractional score: 2.8
  Branching node with cg lower bound: 453.23
  Branching node with LB reduction: 0.0
  Branching node with FS reduction: 0.0
  Total reduction: 0.0
Route(36.4049790107182, [2, 6, 4], 19, 5, Int64[], [0, 0, 0, 0, 0, 1, 0, 0, 0, 0, 0, 0, 0, 0, 0, 0, 0, 0, 0, 0, 0, 0, 0, 0, 0, 0, 0, 0, 0, 0], [0, 0, 0, 1, 0], [0, 1, 0, 0, 0])  0.5999999999999999
Route(72.63712634521085, [5, 14, 22, 10, 5], 7378, 25, Int64[], [0, 0, 0, 0, 0, 0, 0, 0, 0, 1, 0, 0, 0, 1, 0, 0, 0, 0, 0, 0, 0, 1, 0, 0, 0, 0, 0, 0, 0, 0], [0, 0, 0, 0, 1], [0, 0, 0, 0, 1])  0.40000000000000013
Route(89.06903086128682, [5, 12, 29, 7, 9, 15, 5], 8700, 31, Int64[], [0, 0, 0, 0, 0, 0, 1, 0, 1, 0, 0, 1, 0, 0, 1, 0, 0, 0, 0, 0, 0, 0, 0, 0, 0, 0, 0, 0, 1, 0], [0, 0, 0, 0, 1], [0, 0, 0, 0, 1])  0.3999999999999999
Route(113.41670378347719, [5, 17, 28, 19, 30, 6, 10, 5], 8992, 43, Int64[], [0, 0, 0, 0, 0, 1, 0, 0, 0, 1, 0, 0, 0, 0, 0, 0, 1, 0, 1, 0, 0, 0, 0, 0, 0, 0, 0, 1, 0, 1], [0, 0, 0, 0, 1], [0, 0, 0, 0, 1])  0.20000000000000007
Route(112.37017685087446, [5, 16, 28, 19, 11, 30, 24, 5], 9306, 42, Int64[], [0, 0, 0, 0, 0, 0, 0, 0, 0, 0, 1, 0, 0, 0, 0, 1, 0, 0, 1, 0, 0, 0, 0, 1, 0, 0, 0, 1, 0, 1], [0, 0, 0, 0, 1], [0, 0, 0, 0, 1])  0.2
Route(113.53406801629585, [5, 17, 28, 9, 11, 26, 16, 5], 9527, 45, Int64[], [0, 0, 0, 0, 0, 0, 0, 0, 1, 0, 1, 0, 0, 0, 0, 1, 1, 0, 0, 0, 0, 0, 0, 0, 0, 1, 0, 1, 0, 0], [0, 0, 0, 0, 1], [0, 0, 0, 0, 1])  1.0
Route(108.58644744183599, [5, 26, 9, 11, 24, 22, 27, 5], 9948, 50, Int64[], [0, 0, 0, 0, 0, 0, 0, 0, 1, 0, 1, 0, 0, 0, 0, 0, 0, 0, 0, 0, 0, 1, 0, 1, 0, 1, 1, 0, 0, 0], [0, 0, 0, 0, 1], [0, 0, 0, 0, 1])  0.1999999999999999
Route(99.36334196580621, [5, 26, 9, 11, 24, 25, 5], 9949, 47, Int64[], [0, 0, 0, 0, 0, 0, 0, 0, 1, 0, 1, 0, 0, 0, 0, 0, 0, 0, 0, 0, 0, 0, 0, 1, 1, 1, 0, 0, 0, 0], [0, 0, 0, 0, 1], [0, 0, 0, 0, 1])  0.4
Route(121.42810212337008, [5, 20, 15, 26, 24, 11, 9, 28, 19, 5], 9968, 48, Int64[], [0, 0, 0, 0, 0, 0, 0, 0, 1, 0, 1, 0, 0, 0, 1, 0, 0, 0, 1, 1, 0, 0, 0, 1, 0, 1, 0, 1, 0, 0], [0, 0, 0, 0, 1], [0, 0, 0, 0, 1])  0.19999999999999998
Route(122.72411199177432, [5, 20, 15, 26, 24, 11, 9, 7, 28, 19, 5], 9971, 49, Int64[], [0, 0, 0, 0, 0, 0, 1, 0, 1, 0, 1, 0, 0, 0, 1, 0, 0, 0, 1, 1, 0, 0, 0, 1, 0, 1, 0, 1, 0, 0], [0, 0, 0, 0, 1], [0, 0, 0, 0, 1])  0.19999999999999998
Route(112.24103263127151, [5, 20, 9, 11, 30, 24, 27, 5], 10000, 46, Int64[], [0, 0, 0, 0, 0, 0, 0, 0, 1, 0, 1, 0, 0, 0, 0, 0, 0, 0, 0, 1, 0, 0, 0, 1, 0, 0, 1, 0, 0, 1], [0, 0, 0, 0, 1], [0, 0, 0, 0, 1])  1.0
Route(96.7948426245041, [5, 17, 28, 19, 7, 15, 18, 12, 5], 10145, 47, Int64[], [0, 0, 0, 0, 0, 0, 1, 0, 0, 0, 0, 1, 0, 0, 1, 0, 1, 1, 1, 0, 0, 0, 0, 0, 0, 0, 0, 1, 0, 0], [0, 0, 0, 0, 1], [0, 0, 0, 0, 1])  0.2

Solve a child node 75
   + Customers MUST      served together:  (11, 24)  (11, 30)  (9, 30)  (9, 24)  (7, 24)  (11, 20)  (9, 20)  (9, 11)  (7, 9)  (24, 26)  (7, 11)  (20, 24)  (24, 30)  
   + Customers FORBIDDEN served together:  (11, 17)  (17, 24)  (9, 29)  (9, 17)  (19, 24)  (22, 24)  (11, 28)  (11, 18)  (9, 28)  (11, 15)  (9, 12)  (14, 24)  (9, 15)  (11, 14)  (9, 14)  (9, 16)  (15, 24)  (18, 24)  (11, 22)  (11, 19)  (9, 22)  (9, 19)  (24, 28)  (12, 24)  
   # Total number of 2e routes cannot UNDER:   5  

-------------Iter CG 1-------------
LP Objective Value = 453.23,   sum y = 5.0
x[1, 2, 5, 1],  93.16
y[5, 23, 21, 14, 5] = 0.4  39.3
y[5, 8, 25, 27, 22, 6, 5] = 0.2  91.16
y[5, 18, 10, 8, 13, 14, 5] = 0.2  68.24
y[5, 23, 5] = 0.6  16.0
y[5, 12, 6, 22, 27, 8, 13, 5] = 0.2  93.78
y[5, 26, 24, 30, 11, 9, 7, 20, 5] = 1.0  89.67
y[5, 8, 25, 27, 22, 6, 10, 5] = 0.4  92.46
y[5, 16, 17, 28, 19, 29, 15, 5] = 1.0  94.65
y[5, 18, 10, 27, 25, 13, 5] = 0.2  85.25
y[5, 13, 25, 22, 6, 12, 5] = 0.2  84.99
y[5, 12, 18, 10, 13, 21, 5] = 0.2  57.57
y[5, 14, 21, 12, 18, 5] = 0.4  43.12
false  0

Solve a child node 76
   + Customers MUST      served together:  (11, 24)  (11, 30)  (9, 30)  (9, 24)  (7, 24)  (11, 20)  (9, 20)  (9, 11)  (24, 26)  (7, 11)  (20, 24)  (24, 30)  
   + Customers FORBIDDEN served together:  (11, 17)  (17, 24)  (9, 29)  (9, 17)  (19, 24)  (22, 24)  (11, 28)  (11, 18)  (9, 28)  (11, 15)  (9, 12)  (14, 24)  (9, 15)  (11, 14)  (9, 14)  (9, 16)  (15, 24)  (18, 24)  (7, 9)  (11, 22)  (11, 19)  (9, 22)  (9, 19)  (24, 28)  (12, 24)  
   # Total number of 2e routes cannot UNDER:   5  

-------------Iter CG 1-------------
No feasible solution for LMP

================Iteration 39 of B&P for SP1 [1, 2, 5, 1] parkings[5]================
Display selected node 75, parent node 74: from 7 nodes
- Branching node in depth: 38
   + Customers MUST      served together:  (11, 24)  (11, 30)  (9, 30)  (9, 24)  (7, 24)  (11, 20)  (9, 20)  (9, 11)  (7, 9)  (24, 26)  (7, 11)  (20, 24)  (24, 30)  
   + Customers FORBIDDEN served together:  (11, 17)  (17, 24)  (9, 29)  (9, 17)  (19, 24)  (22, 24)  (11, 28)  (11, 18)  (9, 28)  (11, 15)  (9, 12)  (14, 24)  (9, 15)  (11, 14)  (9, 14)  (9, 16)  (15, 24)  (18, 24)  (11, 22)  (11, 19)  (9, 22)  (9, 19)  (24, 28)  (12, 24)  
   # Total number of 2e routes cannot UNDER:   5  

  Branching node with fractional score: 2.8
  Branching node with cg lower bound: 453.23
  Branching node with LB reduction: 0.0
  Branching node with FS reduction: 0.0
  Total reduction: 0.0
Route(36.4049790107182, [2, 6, 4], 19, 5, Int64[], [0, 0, 0, 0, 0, 1, 0, 0, 0, 0, 0, 0, 0, 0, 0, 0, 0, 0, 0, 0, 0, 0, 0, 0, 0, 0, 0, 0, 0, 0], [0, 0, 0, 1, 0], [0, 1, 0, 0, 0])  0.5999999999999999
Route(72.63712634521085, [5, 14, 22, 10, 5], 7378, 25, Int64[], [0, 0, 0, 0, 0, 0, 0, 0, 0, 1, 0, 0, 0, 1, 0, 0, 0, 0, 0, 0, 0, 1, 0, 0, 0, 0, 0, 0, 0, 0], [0, 0, 0, 0, 1], [0, 0, 0, 0, 1])  0.40000000000000013
Route(89.06903086128682, [5, 12, 29, 7, 9, 15, 5], 8700, 31, Int64[], [0, 0, 0, 0, 0, 0, 1, 0, 1, 0, 0, 1, 0, 0, 1, 0, 0, 0, 0, 0, 0, 0, 0, 0, 0, 0, 0, 0, 1, 0], [0, 0, 0, 0, 1], [0, 0, 0, 0, 1])  0.3999999999999999
Route(113.41670378347719, [5, 17, 28, 19, 30, 6, 10, 5], 8992, 43, Int64[], [0, 0, 0, 0, 0, 1, 0, 0, 0, 1, 0, 0, 0, 0, 0, 0, 1, 0, 1, 0, 0, 0, 0, 0, 0, 0, 0, 1, 0, 1], [0, 0, 0, 0, 1], [0, 0, 0, 0, 1])  0.20000000000000007
Route(112.37017685087446, [5, 16, 28, 19, 11, 30, 24, 5], 9306, 42, Int64[], [0, 0, 0, 0, 0, 0, 0, 0, 0, 0, 1, 0, 0, 0, 0, 1, 0, 0, 1, 0, 0, 0, 0, 1, 0, 0, 0, 1, 0, 1], [0, 0, 0, 0, 1], [0, 0, 0, 0, 1])  0.2
Route(113.53406801629585, [5, 17, 28, 9, 11, 26, 16, 5], 9527, 45, Int64[], [0, 0, 0, 0, 0, 0, 0, 0, 1, 0, 1, 0, 0, 0, 0, 1, 1, 0, 0, 0, 0, 0, 0, 0, 0, 1, 0, 1, 0, 0], [0, 0, 0, 0, 1], [0, 0, 0, 0, 1])  1.0
Route(108.58644744183599, [5, 26, 9, 11, 24, 22, 27, 5], 9948, 50, Int64[], [0, 0, 0, 0, 0, 0, 0, 0, 1, 0, 1, 0, 0, 0, 0, 0, 0, 0, 0, 0, 0, 1, 0, 1, 0, 1, 1, 0, 0, 0], [0, 0, 0, 0, 1], [0, 0, 0, 0, 1])  0.1999999999999999
Route(99.36334196580621, [5, 26, 9, 11, 24, 25, 5], 9949, 47, Int64[], [0, 0, 0, 0, 0, 0, 0, 0, 1, 0, 1, 0, 0, 0, 0, 0, 0, 0, 0, 0, 0, 0, 0, 1, 1, 1, 0, 0, 0, 0], [0, 0, 0, 0, 1], [0, 0, 0, 0, 1])  0.4
Route(121.42810212337008, [5, 20, 15, 26, 24, 11, 9, 28, 19, 5], 9968, 48, Int64[], [0, 0, 0, 0, 0, 0, 0, 0, 1, 0, 1, 0, 0, 0, 1, 0, 0, 0, 1, 1, 0, 0, 0, 1, 0, 1, 0, 1, 0, 0], [0, 0, 0, 0, 1], [0, 0, 0, 0, 1])  0.19999999999999998
Route(122.72411199177432, [5, 20, 15, 26, 24, 11, 9, 7, 28, 19, 5], 9971, 49, Int64[], [0, 0, 0, 0, 0, 0, 1, 0, 1, 0, 1, 0, 0, 0, 1, 0, 0, 0, 1, 1, 0, 0, 0, 1, 0, 1, 0, 1, 0, 0], [0, 0, 0, 0, 1], [0, 0, 0, 0, 1])  0.19999999999999998
Route(112.24103263127151, [5, 20, 9, 11, 30, 24, 27, 5], 10000, 46, Int64[], [0, 0, 0, 0, 0, 0, 0, 0, 1, 0, 1, 0, 0, 0, 0, 0, 0, 0, 0, 1, 0, 0, 0, 1, 0, 0, 1, 0, 0, 1], [0, 0, 0, 0, 1], [0, 0, 0, 0, 1])  1.0
Route(96.7948426245041, [5, 17, 28, 19, 7, 15, 18, 12, 5], 10145, 47, Int64[], [0, 0, 0, 0, 0, 0, 1, 0, 0, 0, 0, 1, 0, 0, 1, 0, 1, 1, 1, 0, 0, 0, 0, 0, 0, 0, 0, 1, 0, 0], [0, 0, 0, 0, 1], [0, 0, 0, 0, 1])  0.2

Solve a child node 77
   + Customers MUST      served together:  (11, 24)  (11, 30)  (9, 30)  (9, 24)  (7, 24)  (11, 20)  (9, 20)  (9, 11)  (7, 9)  (24, 26)  (7, 11)  (20, 24)  (16, 24)  (24, 30)  
   + Customers FORBIDDEN served together:  (11, 17)  (17, 24)  (9, 29)  (9, 17)  (19, 24)  (22, 24)  (11, 28)  (11, 18)  (9, 28)  (11, 15)  (9, 12)  (14, 24)  (9, 15)  (11, 14)  (9, 14)  (9, 16)  (15, 24)  (18, 24)  (11, 22)  (11, 19)  (9, 22)  (9, 19)  (24, 28)  (12, 24)  
   # Total number of 2e routes cannot UNDER:   5  

-------------Iter CG 1-------------
No feasible solution for LMP

Solve a child node 78
   + Customers MUST      served together:  (11, 24)  (11, 30)  (9, 30)  (9, 24)  (7, 24)  (11, 20)  (9, 20)  (9, 11)  (7, 9)  (24, 26)  (7, 11)  (20, 24)  (24, 30)  
   + Customers FORBIDDEN served together:  (11, 17)  (17, 24)  (9, 29)  (9, 17)  (19, 24)  (22, 24)  (11, 28)  (11, 18)  (9, 28)  (11, 15)  (9, 12)  (14, 24)  (9, 15)  (11, 14)  (9, 14)  (9, 16)  (15, 24)  (18, 24)  (11, 22)  (11, 19)  (9, 22)  (16, 24)  (9, 19)  (24, 28)  (12, 24)  
   # Total number of 2e routes cannot UNDER:   5  

-------------Iter CG 1-------------
LP Objective Value = 453.23,   sum y = 5.0
x[1, 2, 5, 1],  93.16
y[5, 23, 21, 14, 5] = 0.4  39.3
y[5, 8, 25, 27, 22, 6, 5] = 0.2  91.16
y[5, 18, 10, 8, 13, 14, 5] = 0.2  68.24
y[5, 23, 5] = 0.6  16.0
y[5, 12, 6, 22, 27, 8, 13, 5] = 0.2  93.78
y[5, 26, 24, 30, 11, 9, 7, 20, 5] = 1.0  89.67
y[5, 8, 25, 27, 22, 6, 10, 5] = 0.4  92.46
y[5, 16, 17, 28, 19, 29, 15, 5] = 1.0  94.65
y[5, 18, 10, 27, 25, 13, 5] = 0.2  85.25
y[5, 13, 25, 22, 6, 12, 5] = 0.2  84.99
y[5, 12, 18, 10, 13, 21, 5] = 0.2  57.57
y[5, 14, 21, 12, 18, 5] = 0.4  43.12
false  0

================Iteration 40 of B&P for SP1 [1, 2, 5, 1] parkings[5]================
Display selected node 78, parent node 75: from 7 nodes
- Branching node in depth: 39
   + Customers MUST      served together:  (11, 24)  (11, 30)  (9, 30)  (9, 24)  (7, 24)  (11, 20)  (9, 20)  (9, 11)  (7, 9)  (24, 26)  (7, 11)  (20, 24)  (24, 30)  
   + Customers FORBIDDEN served together:  (11, 17)  (17, 24)  (9, 29)  (9, 17)  (19, 24)  (22, 24)  (11, 28)  (11, 18)  (9, 28)  (11, 15)  (9, 12)  (14, 24)  (9, 15)  (11, 14)  (9, 14)  (9, 16)  (15, 24)  (18, 24)  (11, 22)  (11, 19)  (9, 22)  (16, 24)  (9, 19)  (24, 28)  (12, 24)  
   # Total number of 2e routes cannot UNDER:   5  

  Branching node with fractional score: 2.8
  Branching node with cg lower bound: 453.23
  Branching node with LB reduction: 0.0
  Branching node with FS reduction: 0.0
  Total reduction: 0.0
Route(36.4049790107182, [2, 6, 4], 19, 5, Int64[], [0, 0, 0, 0, 0, 1, 0, 0, 0, 0, 0, 0, 0, 0, 0, 0, 0, 0, 0, 0, 0, 0, 0, 0, 0, 0, 0, 0, 0, 0], [0, 0, 0, 1, 0], [0, 1, 0, 0, 0])  0.5999999999999999
Route(72.63712634521085, [5, 14, 22, 10, 5], 7378, 25, Int64[], [0, 0, 0, 0, 0, 0, 0, 0, 0, 1, 0, 0, 0, 1, 0, 0, 0, 0, 0, 0, 0, 1, 0, 0, 0, 0, 0, 0, 0, 0], [0, 0, 0, 0, 1], [0, 0, 0, 0, 1])  0.40000000000000013
Route(89.06903086128682, [5, 12, 29, 7, 9, 15, 5], 8700, 31, Int64[], [0, 0, 0, 0, 0, 0, 1, 0, 1, 0, 0, 1, 0, 0, 1, 0, 0, 0, 0, 0, 0, 0, 0, 0, 0, 0, 0, 0, 1, 0], [0, 0, 0, 0, 1], [0, 0, 0, 0, 1])  0.3999999999999999
Route(113.41670378347719, [5, 17, 28, 19, 30, 6, 10, 5], 8992, 43, Int64[], [0, 0, 0, 0, 0, 1, 0, 0, 0, 1, 0, 0, 0, 0, 0, 0, 1, 0, 1, 0, 0, 0, 0, 0, 0, 0, 0, 1, 0, 1], [0, 0, 0, 0, 1], [0, 0, 0, 0, 1])  0.20000000000000007
Route(112.37017685087446, [5, 16, 28, 19, 11, 30, 24, 5], 9306, 42, Int64[], [0, 0, 0, 0, 0, 0, 0, 0, 0, 0, 1, 0, 0, 0, 0, 1, 0, 0, 1, 0, 0, 0, 0, 1, 0, 0, 0, 1, 0, 1], [0, 0, 0, 0, 1], [0, 0, 0, 0, 1])  0.2
Route(113.53406801629585, [5, 17, 28, 9, 11, 26, 16, 5], 9527, 45, Int64[], [0, 0, 0, 0, 0, 0, 0, 0, 1, 0, 1, 0, 0, 0, 0, 1, 1, 0, 0, 0, 0, 0, 0, 0, 0, 1, 0, 1, 0, 0], [0, 0, 0, 0, 1], [0, 0, 0, 0, 1])  1.0
Route(108.58644744183599, [5, 26, 9, 11, 24, 22, 27, 5], 9948, 50, Int64[], [0, 0, 0, 0, 0, 0, 0, 0, 1, 0, 1, 0, 0, 0, 0, 0, 0, 0, 0, 0, 0, 1, 0, 1, 0, 1, 1, 0, 0, 0], [0, 0, 0, 0, 1], [0, 0, 0, 0, 1])  0.1999999999999999
Route(99.36334196580621, [5, 26, 9, 11, 24, 25, 5], 9949, 47, Int64[], [0, 0, 0, 0, 0, 0, 0, 0, 1, 0, 1, 0, 0, 0, 0, 0, 0, 0, 0, 0, 0, 0, 0, 1, 1, 1, 0, 0, 0, 0], [0, 0, 0, 0, 1], [0, 0, 0, 0, 1])  0.4
Route(121.42810212337008, [5, 20, 15, 26, 24, 11, 9, 28, 19, 5], 9968, 48, Int64[], [0, 0, 0, 0, 0, 0, 0, 0, 1, 0, 1, 0, 0, 0, 1, 0, 0, 0, 1, 1, 0, 0, 0, 1, 0, 1, 0, 1, 0, 0], [0, 0, 0, 0, 1], [0, 0, 0, 0, 1])  0.19999999999999998
Route(122.72411199177432, [5, 20, 15, 26, 24, 11, 9, 7, 28, 19, 5], 9971, 49, Int64[], [0, 0, 0, 0, 0, 0, 1, 0, 1, 0, 1, 0, 0, 0, 1, 0, 0, 0, 1, 1, 0, 0, 0, 1, 0, 1, 0, 1, 0, 0], [0, 0, 0, 0, 1], [0, 0, 0, 0, 1])  0.19999999999999998
Route(112.24103263127151, [5, 20, 9, 11, 30, 24, 27, 5], 10000, 46, Int64[], [0, 0, 0, 0, 0, 0, 0, 0, 1, 0, 1, 0, 0, 0, 0, 0, 0, 0, 0, 1, 0, 0, 0, 1, 0, 0, 1, 0, 0, 1], [0, 0, 0, 0, 1], [0, 0, 0, 0, 1])  1.0
Route(96.7948426245041, [5, 17, 28, 19, 7, 15, 18, 12, 5], 10145, 47, Int64[], [0, 0, 0, 0, 0, 0, 1, 0, 0, 0, 0, 1, 0, 0, 1, 0, 1, 1, 1, 0, 0, 0, 0, 0, 0, 0, 0, 1, 0, 0], [0, 0, 0, 0, 1], [0, 0, 0, 0, 1])  0.2

Solve a child node 79
   + Customers MUST      served together:  (11, 24)  (11, 30)  (9, 30)  (9, 24)  (7, 24)  (11, 20)  (9, 20)  (26, 28)  (9, 11)  (7, 9)  (24, 26)  (7, 11)  (20, 24)  (24, 30)  
   + Customers FORBIDDEN served together:  (11, 17)  (17, 24)  (9, 29)  (9, 17)  (19, 24)  (22, 24)  (11, 28)  (11, 18)  (9, 28)  (11, 15)  (9, 12)  (14, 24)  (9, 15)  (11, 14)  (9, 14)  (9, 16)  (15, 24)  (18, 24)  (11, 22)  (11, 19)  (9, 22)  (16, 24)  (9, 19)  (24, 28)  (12, 24)  
   # Total number of 2e routes cannot UNDER:   5  

-------------Iter CG 1-------------
No feasible solution for LMP

Solve a child node 80
   + Customers MUST      served together:  (11, 24)  (11, 30)  (9, 30)  (9, 24)  (7, 24)  (11, 20)  (9, 20)  (9, 11)  (7, 9)  (24, 26)  (7, 11)  (20, 24)  (24, 30)  
   + Customers FORBIDDEN served together:  (11, 17)  (17, 24)  (9, 29)  (9, 17)  (19, 24)  (22, 24)  (11, 28)  (11, 18)  (9, 28)  (11, 15)  (9, 12)  (14, 24)  (9, 15)  (11, 14)  (9, 14)  (9, 16)  (15, 24)  (26, 28)  (18, 24)  (11, 22)  (11, 19)  (9, 22)  (16, 24)  (9, 19)  (24, 28)  (12, 24)  
   # Total number of 2e routes cannot UNDER:   5  

-------------Iter CG 1-------------
LP Objective Value = 453.23,   sum y = 5.0
x[1, 2, 5, 1],  93.16
y[5, 23, 21, 14, 5] = 0.4  39.3
y[5, 8, 25, 27, 22, 6, 5] = 0.2  91.16
y[5, 18, 10, 8, 13, 14, 5] = 0.2  68.24
y[5, 23, 5] = 0.6  16.0
y[5, 12, 6, 22, 27, 8, 13, 5] = 0.2  93.78
y[5, 26, 24, 30, 11, 9, 7, 20, 5] = 1.0  89.67
y[5, 8, 25, 27, 22, 6, 10, 5] = 0.4  92.46
y[5, 16, 17, 28, 19, 29, 15, 5] = 1.0  94.65
y[5, 18, 10, 27, 25, 13, 5] = 0.2  85.25
y[5, 13, 25, 22, 6, 12, 5] = 0.2  84.99
y[5, 12, 18, 10, 13, 21, 5] = 0.2  57.57
y[5, 14, 21, 12, 18, 5] = 0.4  43.12
false  0

================Iteration 41 of B&P for SP1 [1, 2, 5, 1] parkings[5]================
Display selected node 80, parent node 78: from 7 nodes
- Branching node in depth: 40
   + Customers MUST      served together:  (11, 24)  (11, 30)  (9, 30)  (9, 24)  (7, 24)  (11, 20)  (9, 20)  (9, 11)  (7, 9)  (24, 26)  (7, 11)  (20, 24)  (24, 30)  
   + Customers FORBIDDEN served together:  (11, 17)  (17, 24)  (9, 29)  (9, 17)  (19, 24)  (22, 24)  (11, 28)  (11, 18)  (9, 28)  (11, 15)  (9, 12)  (14, 24)  (9, 15)  (11, 14)  (9, 14)  (9, 16)  (15, 24)  (26, 28)  (18, 24)  (11, 22)  (11, 19)  (9, 22)  (16, 24)  (9, 19)  (24, 28)  (12, 24)  
   # Total number of 2e routes cannot UNDER:   5  

  Branching node with fractional score: 2.8
  Branching node with cg lower bound: 453.23
  Branching node with LB reduction: 0.0
  Branching node with FS reduction: 0.0
  Total reduction: 0.0
Route(36.4049790107182, [2, 6, 4], 19, 5, Int64[], [0, 0, 0, 0, 0, 1, 0, 0, 0, 0, 0, 0, 0, 0, 0, 0, 0, 0, 0, 0, 0, 0, 0, 0, 0, 0, 0, 0, 0, 0], [0, 0, 0, 1, 0], [0, 1, 0, 0, 0])  0.5999999999999999
Route(72.63712634521085, [5, 14, 22, 10, 5], 7378, 25, Int64[], [0, 0, 0, 0, 0, 0, 0, 0, 0, 1, 0, 0, 0, 1, 0, 0, 0, 0, 0, 0, 0, 1, 0, 0, 0, 0, 0, 0, 0, 0], [0, 0, 0, 0, 1], [0, 0, 0, 0, 1])  0.40000000000000013
Route(89.06903086128682, [5, 12, 29, 7, 9, 15, 5], 8700, 31, Int64[], [0, 0, 0, 0, 0, 0, 1, 0, 1, 0, 0, 1, 0, 0, 1, 0, 0, 0, 0, 0, 0, 0, 0, 0, 0, 0, 0, 0, 1, 0], [0, 0, 0, 0, 1], [0, 0, 0, 0, 1])  0.3999999999999999
Route(113.41670378347719, [5, 17, 28, 19, 30, 6, 10, 5], 8992, 43, Int64[], [0, 0, 0, 0, 0, 1, 0, 0, 0, 1, 0, 0, 0, 0, 0, 0, 1, 0, 1, 0, 0, 0, 0, 0, 0, 0, 0, 1, 0, 1], [0, 0, 0, 0, 1], [0, 0, 0, 0, 1])  0.20000000000000007
Route(112.37017685087446, [5, 16, 28, 19, 11, 30, 24, 5], 9306, 42, Int64[], [0, 0, 0, 0, 0, 0, 0, 0, 0, 0, 1, 0, 0, 0, 0, 1, 0, 0, 1, 0, 0, 0, 0, 1, 0, 0, 0, 1, 0, 1], [0, 0, 0, 0, 1], [0, 0, 0, 0, 1])  0.2
Route(113.53406801629585, [5, 17, 28, 9, 11, 26, 16, 5], 9527, 45, Int64[], [0, 0, 0, 0, 0, 0, 0, 0, 1, 0, 1, 0, 0, 0, 0, 1, 1, 0, 0, 0, 0, 0, 0, 0, 0, 1, 0, 1, 0, 0], [0, 0, 0, 0, 1], [0, 0, 0, 0, 1])  1.0
Route(108.58644744183599, [5, 26, 9, 11, 24, 22, 27, 5], 9948, 50, Int64[], [0, 0, 0, 0, 0, 0, 0, 0, 1, 0, 1, 0, 0, 0, 0, 0, 0, 0, 0, 0, 0, 1, 0, 1, 0, 1, 1, 0, 0, 0], [0, 0, 0, 0, 1], [0, 0, 0, 0, 1])  0.1999999999999999
Route(99.36334196580621, [5, 26, 9, 11, 24, 25, 5], 9949, 47, Int64[], [0, 0, 0, 0, 0, 0, 0, 0, 1, 0, 1, 0, 0, 0, 0, 0, 0, 0, 0, 0, 0, 0, 0, 1, 1, 1, 0, 0, 0, 0], [0, 0, 0, 0, 1], [0, 0, 0, 0, 1])  0.4
Route(121.42810212337008, [5, 20, 15, 26, 24, 11, 9, 28, 19, 5], 9968, 48, Int64[], [0, 0, 0, 0, 0, 0, 0, 0, 1, 0, 1, 0, 0, 0, 1, 0, 0, 0, 1, 1, 0, 0, 0, 1, 0, 1, 0, 1, 0, 0], [0, 0, 0, 0, 1], [0, 0, 0, 0, 1])  0.19999999999999998
Route(122.72411199177432, [5, 20, 15, 26, 24, 11, 9, 7, 28, 19, 5], 9971, 49, Int64[], [0, 0, 0, 0, 0, 0, 1, 0, 1, 0, 1, 0, 0, 0, 1, 0, 0, 0, 1, 1, 0, 0, 0, 1, 0, 1, 0, 1, 0, 0], [0, 0, 0, 0, 1], [0, 0, 0, 0, 1])  0.19999999999999998
Route(112.24103263127151, [5, 20, 9, 11, 30, 24, 27, 5], 10000, 46, Int64[], [0, 0, 0, 0, 0, 0, 0, 0, 1, 0, 1, 0, 0, 0, 0, 0, 0, 0, 0, 1, 0, 0, 0, 1, 0, 0, 1, 0, 0, 1], [0, 0, 0, 0, 1], [0, 0, 0, 0, 1])  1.0
Route(96.7948426245041, [5, 17, 28, 19, 7, 15, 18, 12, 5], 10145, 47, Int64[], [0, 0, 0, 0, 0, 0, 1, 0, 0, 0, 0, 1, 0, 0, 1, 0, 1, 1, 1, 0, 0, 0, 0, 0, 0, 0, 0, 1, 0, 0], [0, 0, 0, 0, 1], [0, 0, 0, 0, 1])  0.2

Solve a child node 81
   + Customers MUST      served together:  (11, 24)  (11, 30)  (9, 30)  (9, 24)  (7, 24)  (11, 20)  (9, 20)  (15, 28)  (9, 11)  (7, 9)  (24, 26)  (7, 11)  (20, 24)  (24, 30)  
   + Customers FORBIDDEN served together:  (11, 17)  (17, 24)  (9, 29)  (9, 17)  (19, 24)  (22, 24)  (11, 28)  (11, 18)  (9, 28)  (11, 15)  (9, 12)  (14, 24)  (9, 15)  (11, 14)  (9, 14)  (9, 16)  (15, 24)  (26, 28)  (18, 24)  (11, 22)  (11, 19)  (9, 22)  (16, 24)  (9, 19)  (24, 28)  (12, 24)  
   # Total number of 2e routes cannot UNDER:   5  

-------------Iter CG 1-------------
LP Objective Value = 453.23,   sum y = 5.0
x[1, 2, 5, 1],  93.16
y[5, 23, 21, 14, 5] = 0.4  39.3
y[5, 8, 25, 27, 22, 6, 5] = 0.2  91.16
y[5, 18, 10, 8, 13, 14, 5] = 0.2  68.24
y[5, 23, 5] = 0.6  16.0
y[5, 12, 6, 22, 27, 8, 13, 5] = 0.2  93.78
y[5, 26, 24, 30, 11, 9, 7, 20, 5] = 1.0  89.67
y[5, 8, 25, 27, 22, 6, 10, 5] = 0.4  92.46
y[5, 16, 17, 28, 19, 29, 15, 5] = 1.0  94.65
y[5, 18, 10, 27, 25, 13, 5] = 0.2  85.25
y[5, 13, 25, 22, 6, 12, 5] = 0.2  84.99
y[5, 12, 18, 10, 13, 21, 5] = 0.2  57.57
y[5, 14, 21, 12, 18, 5] = 0.4  43.12
false  0

Solve a child node 82
   + Customers MUST      served together:  (11, 24)  (11, 30)  (9, 30)  (9, 24)  (7, 24)  (11, 20)  (9, 20)  (9, 11)  (7, 9)  (24, 26)  (7, 11)  (20, 24)  (24, 30)  
   + Customers FORBIDDEN served together:  (11, 17)  (17, 24)  (9, 29)  (9, 17)  (19, 24)  (22, 24)  (11, 28)  (11, 18)  (9, 28)  (11, 15)  (9, 12)  (14, 24)  (9, 15)  (11, 14)  (9, 14)  (9, 16)  (15, 28)  (15, 24)  (26, 28)  (18, 24)  (11, 22)  (11, 19)  (9, 22)  (16, 24)  (9, 19)  (24, 28)  (12, 24)  
   # Total number of 2e routes cannot UNDER:   5  

-------------Iter CG 1-------------
LP Objective Value = 469.37,   sum y = 5.0
x[1, 2, 5, 1],  93.16
y[5, 14, 13, 10, 15, 5] = 0.11  69.51
y[5, 29, 19, 28, 17, 16, 5] = 0.67  87.83
y[5, 23, 5] = 0.56  16.0
y[5, 12, 6, 22, 27, 8, 13, 5] = 0.33  93.78
y[5, 26, 24, 30, 11, 9, 7, 20, 5] = 1.0  89.67
y[5, 23, 21, 18, 15, 5] = 0.44  65.14
y[5, 8, 25, 27, 22, 6, 10, 5] = 0.67  92.46
y[5, 12, 18, 10, 13, 21, 5] = 0.22  57.57
y[5, 16, 28, 19, 29, 12, 21, 5] = 0.11  102.04
y[5, 14, 13, 25, 15, 5] = 0.33  81.05
y[5, 14, 21, 12, 18, 5] = 0.22  43.12
y[5, 16, 17, 28, 19, 29, 14, 5] = 0.22  97.61
y[5, 17, 15, 18, 12, 14, 5] = 0.11  63.9
true  69
-------------Iter CG 2-------------
LP Objective Value = 460.48,   sum y = 5.0
x[1, 2, 5, 1],  93.16
y[5, 23, 21, 14, 5] = 0.58  39.3
y[5, 15, 6, 27, 25, 13, 5] = 0.12  94.63
y[5, 16, 28, 19, 29, 18, 14, 5] = 0.15  99.17
y[5, 17, 28, 19, 29, 18, 5] = 0.15  96.91
y[5, 29, 19, 28, 17, 16, 5] = 0.69  87.83
y[5, 18, 10, 8, 13, 14, 5] = 0.04  68.24
y[5, 23, 5] = 0.42  16.0
y[5, 26, 24, 30, 11, 9, 7, 20, 5] = 1.0  89.67
y[5, 8, 25, 27, 22, 6, 10, 5] = 0.27  92.46
y[5, 18, 10, 27, 25, 13, 5] = 0.08  85.25
y[5, 15, 6, 22, 8, 13, 5] = 0.38  84.84
y[5, 12, 18, 10, 13, 21, 5] = 0.19  57.57
y[5, 16, 17, 15, 18, 12, 5] = 0.15  62.98
y[5, 14, 21, 12, 18, 5] = 0.23  43.12
y[5, 15, 6, 22, 27, 25, 10, 12, 5] = 0.23  94.66
y[5, 8, 25, 27, 22, 15, 5] = 0.12  92.81
y[5, 13, 8, 25, 27, 10, 12, 5] = 0.19  85.05
true  8
-------------Iter CG 3-------------
LP Objective Value = 459.67,   sum y = 5.0
x[1, 2, 5, 1],  93.16
y[5, 23, 21, 14, 5] = 0.2  39.3
y[5, 15, 18, 12, 21, 14, 5] = 0.2  57.76
y[5, 29, 19, 28, 17, 16, 5] = 0.6  87.83
y[5, 13, 8, 25, 27, 6, 10, 5] = 0.2  94.0
y[5, 23, 21, 12, 18, 5] = 0.2  50.87
y[5, 23, 5] = 0.6  16.0
y[5, 26, 24, 30, 11, 9, 7, 20, 5] = 1.0  89.67
y[5, 8, 25, 27, 22, 6, 10, 5] = 0.2  92.46
y[5, 18, 10, 27, 25, 13, 5] = 0.2  85.25
y[5, 15, 6, 22, 8, 13, 5] = 0.4  84.84
y[5, 12, 18, 10, 13, 21, 5] = 0.2  57.57
y[5, 14, 21, 12, 18, 5] = 0.2  43.12
y[5, 15, 6, 22, 27, 25, 10, 12, 5] = 0.2  94.66
y[5, 8, 25, 27, 22, 15, 5] = 0.2  92.81
y[5, 16, 17, 28, 19, 29, 14, 5] = 0.4  97.61
false  0

================Iteration 42 of B&P for SP1 [1, 2, 5, 1] parkings[5]================
Display selected node 81, parent node 80: from 8 nodes
- Branching node in depth: 41
   + Customers MUST      served together:  (11, 24)  (11, 30)  (9, 30)  (9, 24)  (7, 24)  (11, 20)  (9, 20)  (15, 28)  (9, 11)  (7, 9)  (24, 26)  (7, 11)  (20, 24)  (24, 30)  
   + Customers FORBIDDEN served together:  (11, 17)  (17, 24)  (9, 29)  (9, 17)  (19, 24)  (22, 24)  (11, 28)  (11, 18)  (9, 28)  (11, 15)  (9, 12)  (14, 24)  (9, 15)  (11, 14)  (9, 14)  (9, 16)  (15, 24)  (26, 28)  (18, 24)  (11, 22)  (11, 19)  (9, 22)  (16, 24)  (9, 19)  (24, 28)  (12, 24)  
   # Total number of 2e routes cannot UNDER:   5  

  Branching node with fractional score: 2.8
  Branching node with cg lower bound: 453.23
  Branching node with LB reduction: 0.0
  Branching node with FS reduction: 0.0
  Total reduction: 0.0
Route(36.4049790107182, [2, 6, 4], 19, 5, Int64[], [0, 0, 0, 0, 0, 1, 0, 0, 0, 0, 0, 0, 0, 0, 0, 0, 0, 0, 0, 0, 0, 0, 0, 0, 0, 0, 0, 0, 0, 0], [0, 0, 0, 1, 0], [0, 1, 0, 0, 0])  0.5999999999999999
Route(72.63712634521085, [5, 14, 22, 10, 5], 7378, 25, Int64[], [0, 0, 0, 0, 0, 0, 0, 0, 0, 1, 0, 0, 0, 1, 0, 0, 0, 0, 0, 0, 0, 1, 0, 0, 0, 0, 0, 0, 0, 0], [0, 0, 0, 0, 1], [0, 0, 0, 0, 1])  0.40000000000000013
Route(89.06903086128682, [5, 12, 29, 7, 9, 15, 5], 8700, 31, Int64[], [0, 0, 0, 0, 0, 0, 1, 0, 1, 0, 0, 1, 0, 0, 1, 0, 0, 0, 0, 0, 0, 0, 0, 0, 0, 0, 0, 0, 1, 0], [0, 0, 0, 0, 1], [0, 0, 0, 0, 1])  0.3999999999999999
Route(113.41670378347719, [5, 17, 28, 19, 30, 6, 10, 5], 8992, 43, Int64[], [0, 0, 0, 0, 0, 1, 0, 0, 0, 1, 0, 0, 0, 0, 0, 0, 1, 0, 1, 0, 0, 0, 0, 0, 0, 0, 0, 1, 0, 1], [0, 0, 0, 0, 1], [0, 0, 0, 0, 1])  0.20000000000000007
Route(112.37017685087446, [5, 16, 28, 19, 11, 30, 24, 5], 9306, 42, Int64[], [0, 0, 0, 0, 0, 0, 0, 0, 0, 0, 1, 0, 0, 0, 0, 1, 0, 0, 1, 0, 0, 0, 0, 1, 0, 0, 0, 1, 0, 1], [0, 0, 0, 0, 1], [0, 0, 0, 0, 1])  0.2
Route(113.53406801629585, [5, 17, 28, 9, 11, 26, 16, 5], 9527, 45, Int64[], [0, 0, 0, 0, 0, 0, 0, 0, 1, 0, 1, 0, 0, 0, 0, 1, 1, 0, 0, 0, 0, 0, 0, 0, 0, 1, 0, 1, 0, 0], [0, 0, 0, 0, 1], [0, 0, 0, 0, 1])  1.0
Route(108.58644744183599, [5, 26, 9, 11, 24, 22, 27, 5], 9948, 50, Int64[], [0, 0, 0, 0, 0, 0, 0, 0, 1, 0, 1, 0, 0, 0, 0, 0, 0, 0, 0, 0, 0, 1, 0, 1, 0, 1, 1, 0, 0, 0], [0, 0, 0, 0, 1], [0, 0, 0, 0, 1])  0.1999999999999999
Route(99.36334196580621, [5, 26, 9, 11, 24, 25, 5], 9949, 47, Int64[], [0, 0, 0, 0, 0, 0, 0, 0, 1, 0, 1, 0, 0, 0, 0, 0, 0, 0, 0, 0, 0, 0, 0, 1, 1, 1, 0, 0, 0, 0], [0, 0, 0, 0, 1], [0, 0, 0, 0, 1])  0.4
Route(121.42810212337008, [5, 20, 15, 26, 24, 11, 9, 28, 19, 5], 9968, 48, Int64[], [0, 0, 0, 0, 0, 0, 0, 0, 1, 0, 1, 0, 0, 0, 1, 0, 0, 0, 1, 1, 0, 0, 0, 1, 0, 1, 0, 1, 0, 0], [0, 0, 0, 0, 1], [0, 0, 0, 0, 1])  0.19999999999999998
Route(122.72411199177432, [5, 20, 15, 26, 24, 11, 9, 7, 28, 19, 5], 9971, 49, Int64[], [0, 0, 0, 0, 0, 0, 1, 0, 1, 0, 1, 0, 0, 0, 1, 0, 0, 0, 1, 1, 0, 0, 0, 1, 0, 1, 0, 1, 0, 0], [0, 0, 0, 0, 1], [0, 0, 0, 0, 1])  0.19999999999999998
Route(112.24103263127151, [5, 20, 9, 11, 30, 24, 27, 5], 10000, 46, Int64[], [0, 0, 0, 0, 0, 0, 0, 0, 1, 0, 1, 0, 0, 0, 0, 0, 0, 0, 0, 1, 0, 0, 0, 1, 0, 0, 1, 0, 0, 1], [0, 0, 0, 0, 1], [0, 0, 0, 0, 1])  1.0
Route(96.7948426245041, [5, 17, 28, 19, 7, 15, 18, 12, 5], 10145, 47, Int64[], [0, 0, 0, 0, 0, 0, 1, 0, 0, 0, 0, 1, 0, 0, 1, 0, 1, 1, 1, 0, 0, 0, 0, 0, 0, 0, 0, 1, 0, 0], [0, 0, 0, 0, 1], [0, 0, 0, 0, 1])  0.2

Solve a child node 83
   + Customers MUST      served together:  (11, 24)  (11, 30)  (9, 30)  (9, 24)  (7, 24)  (11, 20)  (9, 20)  (15, 28)  (9, 11)  (7, 9)  (24, 26)  (20, 28)  (7, 11)  (20, 24)  (24, 30)  
   + Customers FORBIDDEN served together:  (11, 17)  (17, 24)  (9, 29)  (9, 17)  (19, 24)  (22, 24)  (11, 28)  (11, 18)  (9, 28)  (11, 15)  (9, 12)  (14, 24)  (9, 15)  (11, 14)  (9, 14)  (9, 16)  (15, 24)  (26, 28)  (18, 24)  (11, 22)  (11, 19)  (9, 22)  (16, 24)  (9, 19)  (24, 28)  (12, 24)  
   # Total number of 2e routes cannot UNDER:   5  

-------------Iter CG 1-------------
No feasible solution for LMP

Solve a child node 84
   + Customers MUST      served together:  (11, 24)  (11, 30)  (9, 30)  (9, 24)  (7, 24)  (11, 20)  (9, 20)  (15, 28)  (9, 11)  (7, 9)  (24, 26)  (7, 11)  (20, 24)  (24, 30)  
   + Customers FORBIDDEN served together:  (11, 17)  (17, 24)  (9, 29)  (9, 17)  (19, 24)  (22, 24)  (11, 28)  (11, 18)  (9, 28)  (11, 15)  (9, 12)  (14, 24)  (9, 15)  (11, 14)  (9, 14)  (9, 16)  (15, 24)  (26, 28)  (18, 24)  (11, 22)  (20, 28)  (11, 19)  (9, 22)  (16, 24)  (9, 19)  (24, 28)  (12, 24)  
   # Total number of 2e routes cannot UNDER:   5  

-------------Iter CG 1-------------
LP Objective Value = 453.23,   sum y = 5.0
x[1, 2, 5, 1],  93.16
y[5, 23, 21, 14, 5] = 0.4  39.3
y[5, 8, 25, 27, 22, 6, 5] = 0.2  91.16
y[5, 18, 10, 8, 13, 14, 5] = 0.2  68.24
y[5, 23, 5] = 0.6  16.0
y[5, 12, 6, 22, 27, 8, 13, 5] = 0.2  93.78
y[5, 26, 24, 30, 11, 9, 7, 20, 5] = 1.0  89.67
y[5, 8, 25, 27, 22, 6, 10, 5] = 0.4  92.46
y[5, 16, 17, 28, 19, 29, 15, 5] = 1.0  94.65
y[5, 18, 10, 27, 25, 13, 5] = 0.2  85.25
y[5, 13, 25, 22, 6, 12, 5] = 0.2  84.99
y[5, 12, 18, 10, 13, 21, 5] = 0.2  57.57
y[5, 14, 21, 12, 18, 5] = 0.4  43.12
false  0

================Iteration 43 of B&P for SP1 [1, 2, 5, 1] parkings[5]================
Display selected node 84, parent node 81: from 8 nodes
- Branching node in depth: 42
   + Customers MUST      served together:  (11, 24)  (11, 30)  (9, 30)  (9, 24)  (7, 24)  (11, 20)  (9, 20)  (15, 28)  (9, 11)  (7, 9)  (24, 26)  (7, 11)  (20, 24)  (24, 30)  
   + Customers FORBIDDEN served together:  (11, 17)  (17, 24)  (9, 29)  (9, 17)  (19, 24)  (22, 24)  (11, 28)  (11, 18)  (9, 28)  (11, 15)  (9, 12)  (14, 24)  (9, 15)  (11, 14)  (9, 14)  (9, 16)  (15, 24)  (26, 28)  (18, 24)  (11, 22)  (20, 28)  (11, 19)  (9, 22)  (16, 24)  (9, 19)  (24, 28)  (12, 24)  
   # Total number of 2e routes cannot UNDER:   5  

  Branching node with fractional score: 2.8
  Branching node with cg lower bound: 453.23
  Branching node with LB reduction: 0.0
  Branching node with FS reduction: 0.0
  Total reduction: 0.0
Route(36.4049790107182, [2, 6, 4], 19, 5, Int64[], [0, 0, 0, 0, 0, 1, 0, 0, 0, 0, 0, 0, 0, 0, 0, 0, 0, 0, 0, 0, 0, 0, 0, 0, 0, 0, 0, 0, 0, 0], [0, 0, 0, 1, 0], [0, 1, 0, 0, 0])  0.5999999999999999
Route(72.63712634521085, [5, 14, 22, 10, 5], 7378, 25, Int64[], [0, 0, 0, 0, 0, 0, 0, 0, 0, 1, 0, 0, 0, 1, 0, 0, 0, 0, 0, 0, 0, 1, 0, 0, 0, 0, 0, 0, 0, 0], [0, 0, 0, 0, 1], [0, 0, 0, 0, 1])  0.40000000000000013
Route(89.06903086128682, [5, 12, 29, 7, 9, 15, 5], 8700, 31, Int64[], [0, 0, 0, 0, 0, 0, 1, 0, 1, 0, 0, 1, 0, 0, 1, 0, 0, 0, 0, 0, 0, 0, 0, 0, 0, 0, 0, 0, 1, 0], [0, 0, 0, 0, 1], [0, 0, 0, 0, 1])  0.3999999999999999
Route(113.41670378347719, [5, 17, 28, 19, 30, 6, 10, 5], 8992, 43, Int64[], [0, 0, 0, 0, 0, 1, 0, 0, 0, 1, 0, 0, 0, 0, 0, 0, 1, 0, 1, 0, 0, 0, 0, 0, 0, 0, 0, 1, 0, 1], [0, 0, 0, 0, 1], [0, 0, 0, 0, 1])  0.20000000000000004
Route(112.37017685087446, [5, 16, 28, 19, 11, 30, 24, 5], 9306, 42, Int64[], [0, 0, 0, 0, 0, 0, 0, 0, 0, 0, 1, 0, 0, 0, 0, 1, 0, 0, 1, 0, 0, 0, 0, 1, 0, 0, 0, 1, 0, 1], [0, 0, 0, 0, 1], [0, 0, 0, 0, 1])  0.20000000000000004
Route(113.53406801629585, [5, 17, 28, 9, 11, 26, 16, 5], 9527, 45, Int64[], [0, 0, 0, 0, 0, 0, 0, 0, 1, 0, 1, 0, 0, 0, 0, 1, 1, 0, 0, 0, 0, 0, 0, 0, 0, 1, 0, 1, 0, 0], [0, 0, 0, 0, 1], [0, 0, 0, 0, 1])  1.0
Route(108.58644744183599, [5, 26, 9, 11, 24, 22, 27, 5], 9948, 50, Int64[], [0, 0, 0, 0, 0, 0, 0, 0, 1, 0, 1, 0, 0, 0, 0, 0, 0, 0, 0, 0, 0, 1, 0, 1, 0, 1, 1, 0, 0, 0], [0, 0, 0, 0, 1], [0, 0, 0, 0, 1])  0.19999999999999998
Route(99.36334196580621, [5, 26, 9, 11, 24, 25, 5], 9949, 47, Int64[], [0, 0, 0, 0, 0, 0, 0, 0, 1, 0, 1, 0, 0, 0, 0, 0, 0, 0, 0, 0, 0, 0, 0, 1, 1, 1, 0, 0, 0, 0], [0, 0, 0, 0, 1], [0, 0, 0, 0, 1])  0.39999999999999997
Route(121.42810212337008, [5, 20, 15, 26, 24, 11, 9, 28, 19, 5], 9968, 48, Int64[], [0, 0, 0, 0, 0, 0, 0, 0, 1, 0, 1, 0, 0, 0, 1, 0, 0, 0, 1, 1, 0, 0, 0, 1, 0, 1, 0, 1, 0, 0], [0, 0, 0, 0, 1], [0, 0, 0, 0, 1])  0.2
Route(122.72411199177432, [5, 20, 15, 26, 24, 11, 9, 7, 28, 19, 5], 9971, 49, Int64[], [0, 0, 0, 0, 0, 0, 1, 0, 1, 0, 1, 0, 0, 0, 1, 0, 0, 0, 1, 1, 0, 0, 0, 1, 0, 1, 0, 1, 0, 0], [0, 0, 0, 0, 1], [0, 0, 0, 0, 1])  0.2
Route(112.24103263127151, [5, 20, 9, 11, 30, 24, 27, 5], 10000, 46, Int64[], [0, 0, 0, 0, 0, 0, 0, 0, 1, 0, 1, 0, 0, 0, 0, 0, 0, 0, 0, 1, 0, 0, 0, 1, 0, 0, 1, 0, 0, 1], [0, 0, 0, 0, 1], [0, 0, 0, 0, 1])  1.0
Route(96.7948426245041, [5, 17, 28, 19, 7, 15, 18, 12, 5], 10145, 47, Int64[], [0, 0, 0, 0, 0, 0, 1, 0, 0, 0, 0, 1, 0, 0, 1, 0, 1, 1, 1, 0, 0, 0, 0, 0, 0, 0, 0, 1, 0, 0], [0, 0, 0, 0, 1], [0, 0, 0, 0, 1])  0.20000000000000004

Solve a child node 85
   + Customers MUST      served together:  (11, 24)  (11, 30)  (9, 30)  (9, 24)  (7, 24)  (11, 20)  (9, 20)  (15, 28)  (9, 11)  (7, 9)  (24, 26)  (7, 11)  (20, 24)  (24, 30)  (28, 30)  
   + Customers FORBIDDEN served together:  (11, 17)  (17, 24)  (9, 29)  (9, 17)  (19, 24)  (22, 24)  (11, 28)  (11, 18)  (9, 28)  (11, 15)  (9, 12)  (14, 24)  (9, 15)  (11, 14)  (9, 14)  (9, 16)  (15, 24)  (26, 28)  (18, 24)  (11, 22)  (20, 28)  (11, 19)  (9, 22)  (16, 24)  (9, 19)  (24, 28)  (12, 24)  
   # Total number of 2e routes cannot UNDER:   5  

-------------Iter CG 1-------------
No feasible solution for LMP

Solve a child node 86
   + Customers MUST      served together:  (11, 24)  (11, 30)  (9, 30)  (9, 24)  (7, 24)  (11, 20)  (9, 20)  (15, 28)  (9, 11)  (7, 9)  (24, 26)  (7, 11)  (20, 24)  (24, 30)  
   + Customers FORBIDDEN served together:  (11, 17)  (17, 24)  (9, 29)  (9, 17)  (19, 24)  (22, 24)  (11, 28)  (11, 18)  (9, 28)  (11, 15)  (9, 12)  (14, 24)  (9, 15)  (11, 14)  (9, 14)  (9, 16)  (15, 24)  (26, 28)  (18, 24)  (11, 22)  (20, 28)  (11, 19)  (9, 22)  (16, 24)  (9, 19)  (24, 28)  (12, 24)  (28, 30)  
   # Total number of 2e routes cannot UNDER:   5  

-------------Iter CG 1-------------
LP Objective Value = 453.23,   sum y = 5.0
x[1, 2, 5, 1],  93.16
y[5, 23, 21, 14, 5] = 0.4  39.3
y[5, 8, 25, 27, 22, 6, 5] = 0.2  91.16
y[5, 18, 10, 8, 13, 14, 5] = 0.2  68.24
y[5, 23, 5] = 0.6  16.0
y[5, 12, 6, 22, 27, 8, 13, 5] = 0.2  93.78
y[5, 26, 24, 30, 11, 9, 7, 20, 5] = 1.0  89.67
y[5, 8, 25, 27, 22, 6, 10, 5] = 0.4  92.46
y[5, 16, 17, 28, 19, 29, 15, 5] = 1.0  94.65
y[5, 18, 10, 27, 25, 13, 5] = 0.2  85.25
y[5, 13, 25, 22, 6, 12, 5] = 0.2  84.99
y[5, 12, 18, 10, 13, 21, 5] = 0.2  57.57
y[5, 14, 21, 12, 18, 5] = 0.4  43.12
false  0

================Iteration 44 of B&P for SP1 [1, 2, 5, 1] parkings[5]================
Display selected node 86, parent node 84: from 8 nodes
- Branching node in depth: 43
   + Customers MUST      served together:  (11, 24)  (11, 30)  (9, 30)  (9, 24)  (7, 24)  (11, 20)  (9, 20)  (15, 28)  (9, 11)  (7, 9)  (24, 26)  (7, 11)  (20, 24)  (24, 30)  
   + Customers FORBIDDEN served together:  (11, 17)  (17, 24)  (9, 29)  (9, 17)  (19, 24)  (22, 24)  (11, 28)  (11, 18)  (9, 28)  (11, 15)  (9, 12)  (14, 24)  (9, 15)  (11, 14)  (9, 14)  (9, 16)  (15, 24)  (26, 28)  (18, 24)  (11, 22)  (20, 28)  (11, 19)  (9, 22)  (16, 24)  (9, 19)  (24, 28)  (12, 24)  (28, 30)  
   # Total number of 2e routes cannot UNDER:   5  

  Branching node with fractional score: 2.8
  Branching node with cg lower bound: 453.23
  Branching node with LB reduction: -0.0
  Branching node with FS reduction: 0.0
  Total reduction: -0.0
Route(36.4049790107182, [2, 6, 4], 19, 5, Int64[], [0, 0, 0, 0, 0, 1, 0, 0, 0, 0, 0, 0, 0, 0, 0, 0, 0, 0, 0, 0, 0, 0, 0, 0, 0, 0, 0, 0, 0, 0], [0, 0, 0, 1, 0], [0, 1, 0, 0, 0])  0.6
Route(72.63712634521085, [5, 14, 22, 10, 5], 7378, 25, Int64[], [0, 0, 0, 0, 0, 0, 0, 0, 0, 1, 0, 0, 0, 1, 0, 0, 0, 0, 0, 0, 0, 1, 0, 0, 0, 0, 0, 0, 0, 0], [0, 0, 0, 0, 1], [0, 0, 0, 0, 1])  0.4
Route(89.06903086128682, [5, 12, 29, 7, 9, 15, 5], 8700, 31, Int64[], [0, 0, 0, 0, 0, 0, 1, 0, 1, 0, 0, 1, 0, 0, 1, 0, 0, 0, 0, 0, 0, 0, 0, 0, 0, 0, 0, 0, 1, 0], [0, 0, 0, 0, 1], [0, 0, 0, 0, 1])  0.4
Route(113.41670378347719, [5, 17, 28, 19, 30, 6, 10, 5], 8992, 43, Int64[], [0, 0, 0, 0, 0, 1, 0, 0, 0, 1, 0, 0, 0, 0, 0, 0, 1, 0, 1, 0, 0, 0, 0, 0, 0, 0, 0, 1, 0, 1], [0, 0, 0, 0, 1], [0, 0, 0, 0, 1])  0.2
Route(112.37017685087446, [5, 16, 28, 19, 11, 30, 24, 5], 9306, 42, Int64[], [0, 0, 0, 0, 0, 0, 0, 0, 0, 0, 1, 0, 0, 0, 0, 1, 0, 0, 1, 0, 0, 0, 0, 1, 0, 0, 0, 1, 0, 1], [0, 0, 0, 0, 1], [0, 0, 0, 0, 1])  0.2
Route(113.53406801629585, [5, 17, 28, 9, 11, 26, 16, 5], 9527, 45, Int64[], [0, 0, 0, 0, 0, 0, 0, 0, 1, 0, 1, 0, 0, 0, 0, 1, 1, 0, 0, 0, 0, 0, 0, 0, 0, 1, 0, 1, 0, 0], [0, 0, 0, 0, 1], [0, 0, 0, 0, 1])  1.0
Route(108.58644744183599, [5, 26, 9, 11, 24, 22, 27, 5], 9948, 50, Int64[], [0, 0, 0, 0, 0, 0, 0, 0, 1, 0, 1, 0, 0, 0, 0, 0, 0, 0, 0, 0, 0, 1, 0, 1, 0, 1, 1, 0, 0, 0], [0, 0, 0, 0, 1], [0, 0, 0, 0, 1])  0.2
Route(99.36334196580621, [5, 26, 9, 11, 24, 25, 5], 9949, 47, Int64[], [0, 0, 0, 0, 0, 0, 0, 0, 1, 0, 1, 0, 0, 0, 0, 0, 0, 0, 0, 0, 0, 0, 0, 1, 1, 1, 0, 0, 0, 0], [0, 0, 0, 0, 1], [0, 0, 0, 0, 1])  0.4
Route(121.42810212337008, [5, 20, 15, 26, 24, 11, 9, 28, 19, 5], 9968, 48, Int64[], [0, 0, 0, 0, 0, 0, 0, 0, 1, 0, 1, 0, 0, 0, 1, 0, 0, 0, 1, 1, 0, 0, 0, 1, 0, 1, 0, 1, 0, 0], [0, 0, 0, 0, 1], [0, 0, 0, 0, 1])  0.19999999999999996
Route(122.72411199177432, [5, 20, 15, 26, 24, 11, 9, 7, 28, 19, 5], 9971, 49, Int64[], [0, 0, 0, 0, 0, 0, 1, 0, 1, 0, 1, 0, 0, 0, 1, 0, 0, 0, 1, 1, 0, 0, 0, 1, 0, 1, 0, 1, 0, 0], [0, 0, 0, 0, 1], [0, 0, 0, 0, 1])  0.2
Route(112.24103263127151, [5, 20, 9, 11, 30, 24, 27, 5], 10000, 46, Int64[], [0, 0, 0, 0, 0, 0, 0, 0, 1, 0, 1, 0, 0, 0, 0, 0, 0, 0, 0, 1, 0, 0, 0, 1, 0, 0, 1, 0, 0, 1], [0, 0, 0, 0, 1], [0, 0, 0, 0, 1])  1.0
Route(96.7948426245041, [5, 17, 28, 19, 7, 15, 18, 12, 5], 10145, 47, Int64[], [0, 0, 0, 0, 0, 0, 1, 0, 0, 0, 0, 1, 0, 0, 1, 0, 1, 1, 1, 0, 0, 0, 0, 0, 0, 0, 0, 1, 0, 0], [0, 0, 0, 0, 1], [0, 0, 0, 0, 1])  0.2

Solve a child node 87
   + Customers MUST      served together:  (11, 24)  (11, 30)  (9, 30)  (9, 24)  (7, 28)  (7, 24)  (11, 20)  (9, 20)  (15, 28)  (9, 11)  (7, 9)  (24, 26)  (7, 11)  (20, 24)  (24, 30)  
   + Customers FORBIDDEN served together:  (11, 17)  (17, 24)  (9, 29)  (9, 17)  (19, 24)  (22, 24)  (11, 28)  (11, 18)  (9, 28)  (11, 15)  (9, 12)  (14, 24)  (9, 15)  (11, 14)  (9, 14)  (9, 16)  (15, 24)  (26, 28)  (18, 24)  (11, 22)  (20, 28)  (11, 19)  (9, 22)  (16, 24)  (9, 19)  (24, 28)  (12, 24)  (28, 30)  
   # Total number of 2e routes cannot UNDER:   5  

-------------Iter CG 1-------------
No feasible solution for LMP

Solve a child node 88
   + Customers MUST      served together:  (11, 24)  (11, 30)  (9, 30)  (9, 24)  (7, 24)  (11, 20)  (9, 20)  (15, 28)  (9, 11)  (7, 9)  (24, 26)  (7, 11)  (20, 24)  (24, 30)  
   + Customers FORBIDDEN served together:  (11, 17)  (17, 24)  (9, 29)  (9, 17)  (19, 24)  (22, 24)  (11, 28)  (11, 18)  (9, 28)  (11, 15)  (9, 12)  (14, 24)  (9, 15)  (11, 14)  (7, 28)  (9, 14)  (9, 16)  (15, 24)  (26, 28)  (18, 24)  (11, 22)  (20, 28)  (11, 19)  (9, 22)  (16, 24)  (9, 19)  (24, 28)  (12, 24)  (28, 30)  
   # Total number of 2e routes cannot UNDER:   5  

-------------Iter CG 1-------------
LP Objective Value = 453.23,   sum y = 5.0
x[1, 2, 5, 1],  93.16
y[5, 23, 21, 14, 5] = 0.4  39.3
y[5, 8, 25, 27, 22, 6, 5] = 0.2  91.16
y[5, 18, 10, 8, 13, 14, 5] = 0.2  68.24
y[5, 23, 5] = 0.6  16.0
y[5, 12, 6, 22, 27, 8, 13, 5] = 0.2  93.78
y[5, 26, 24, 30, 11, 9, 7, 20, 5] = 1.0  89.67
y[5, 8, 25, 27, 22, 6, 10, 5] = 0.4  92.46
y[5, 16, 17, 28, 19, 29, 15, 5] = 1.0  94.65
y[5, 18, 10, 27, 25, 13, 5] = 0.2  85.25
y[5, 13, 25, 22, 6, 12, 5] = 0.2  84.99
y[5, 12, 18, 10, 13, 21, 5] = 0.2  57.57
y[5, 14, 21, 12, 18, 5] = 0.4  43.12
false  0

================Iteration 45 of B&P for SP1 [1, 2, 5, 1] parkings[5]================
Display selected node 88, parent node 86: from 8 nodes
- Branching node in depth: 44
   + Customers MUST      served together:  (11, 24)  (11, 30)  (9, 30)  (9, 24)  (7, 24)  (11, 20)  (9, 20)  (15, 28)  (9, 11)  (7, 9)  (24, 26)  (7, 11)  (20, 24)  (24, 30)  
   + Customers FORBIDDEN served together:  (11, 17)  (17, 24)  (9, 29)  (9, 17)  (19, 24)  (22, 24)  (11, 28)  (11, 18)  (9, 28)  (11, 15)  (9, 12)  (14, 24)  (9, 15)  (11, 14)  (7, 28)  (9, 14)  (9, 16)  (15, 24)  (26, 28)  (18, 24)  (11, 22)  (20, 28)  (11, 19)  (9, 22)  (16, 24)  (9, 19)  (24, 28)  (12, 24)  (28, 30)  
   # Total number of 2e routes cannot UNDER:   5  

  Branching node with fractional score: 2.8
  Branching node with cg lower bound: 453.23
  Branching node with LB reduction: 0.0
  Branching node with FS reduction: 0.0
  Total reduction: 0.0
Route(36.4049790107182, [2, 6, 4], 19, 5, Int64[], [0, 0, 0, 0, 0, 1, 0, 0, 0, 0, 0, 0, 0, 0, 0, 0, 0, 0, 0, 0, 0, 0, 0, 0, 0, 0, 0, 0, 0, 0], [0, 0, 0, 1, 0], [0, 1, 0, 0, 0])  0.6
Route(72.63712634521085, [5, 14, 22, 10, 5], 7378, 25, Int64[], [0, 0, 0, 0, 0, 0, 0, 0, 0, 1, 0, 0, 0, 1, 0, 0, 0, 0, 0, 0, 0, 1, 0, 0, 0, 0, 0, 0, 0, 0], [0, 0, 0, 0, 1], [0, 0, 0, 0, 1])  0.4
Route(89.06903086128682, [5, 12, 29, 7, 9, 15, 5], 8700, 31, Int64[], [0, 0, 0, 0, 0, 0, 1, 0, 1, 0, 0, 1, 0, 0, 1, 0, 0, 0, 0, 0, 0, 0, 0, 0, 0, 0, 0, 0, 1, 0], [0, 0, 0, 0, 1], [0, 0, 0, 0, 1])  0.4
Route(113.41670378347719, [5, 17, 28, 19, 30, 6, 10, 5], 8992, 43, Int64[], [0, 0, 0, 0, 0, 1, 0, 0, 0, 1, 0, 0, 0, 0, 0, 0, 1, 0, 1, 0, 0, 0, 0, 0, 0, 0, 0, 1, 0, 1], [0, 0, 0, 0, 1], [0, 0, 0, 0, 1])  0.2
Route(112.37017685087446, [5, 16, 28, 19, 11, 30, 24, 5], 9306, 42, Int64[], [0, 0, 0, 0, 0, 0, 0, 0, 0, 0, 1, 0, 0, 0, 0, 1, 0, 0, 1, 0, 0, 0, 0, 1, 0, 0, 0, 1, 0, 1], [0, 0, 0, 0, 1], [0, 0, 0, 0, 1])  0.2
Route(113.53406801629585, [5, 17, 28, 9, 11, 26, 16, 5], 9527, 45, Int64[], [0, 0, 0, 0, 0, 0, 0, 0, 1, 0, 1, 0, 0, 0, 0, 1, 1, 0, 0, 0, 0, 0, 0, 0, 0, 1, 0, 1, 0, 0], [0, 0, 0, 0, 1], [0, 0, 0, 0, 1])  1.0
Route(108.58644744183599, [5, 26, 9, 11, 24, 22, 27, 5], 9948, 50, Int64[], [0, 0, 0, 0, 0, 0, 0, 0, 1, 0, 1, 0, 0, 0, 0, 0, 0, 0, 0, 0, 0, 1, 0, 1, 0, 1, 1, 0, 0, 0], [0, 0, 0, 0, 1], [0, 0, 0, 0, 1])  0.2
Route(99.36334196580621, [5, 26, 9, 11, 24, 25, 5], 9949, 47, Int64[], [0, 0, 0, 0, 0, 0, 0, 0, 1, 0, 1, 0, 0, 0, 0, 0, 0, 0, 0, 0, 0, 0, 0, 1, 1, 1, 0, 0, 0, 0], [0, 0, 0, 0, 1], [0, 0, 0, 0, 1])  0.4
Route(121.42810212337008, [5, 20, 15, 26, 24, 11, 9, 28, 19, 5], 9968, 48, Int64[], [0, 0, 0, 0, 0, 0, 0, 0, 1, 0, 1, 0, 0, 0, 1, 0, 0, 0, 1, 1, 0, 0, 0, 1, 0, 1, 0, 1, 0, 0], [0, 0, 0, 0, 1], [0, 0, 0, 0, 1])  0.19999999999999996
Route(122.72411199177432, [5, 20, 15, 26, 24, 11, 9, 7, 28, 19, 5], 9971, 49, Int64[], [0, 0, 0, 0, 0, 0, 1, 0, 1, 0, 1, 0, 0, 0, 1, 0, 0, 0, 1, 1, 0, 0, 0, 1, 0, 1, 0, 1, 0, 0], [0, 0, 0, 0, 1], [0, 0, 0, 0, 1])  0.2
Route(112.24103263127151, [5, 20, 9, 11, 30, 24, 27, 5], 10000, 46, Int64[], [0, 0, 0, 0, 0, 0, 0, 0, 1, 0, 1, 0, 0, 0, 0, 0, 0, 0, 0, 1, 0, 0, 0, 1, 0, 0, 1, 0, 0, 1], [0, 0, 0, 0, 1], [0, 0, 0, 0, 1])  1.0
Route(96.7948426245041, [5, 17, 28, 19, 7, 15, 18, 12, 5], 10145, 47, Int64[], [0, 0, 0, 0, 0, 0, 1, 0, 0, 0, 0, 1, 0, 0, 1, 0, 1, 1, 1, 0, 0, 0, 0, 0, 0, 0, 0, 1, 0, 0], [0, 0, 0, 0, 1], [0, 0, 0, 0, 1])  0.2

Solve a child node 89
   + Customers MUST      served together:  (11, 24)  (11, 30)  (9, 30)  (9, 24)  (7, 24)  (11, 20)  (9, 20)  (15, 28)  (9, 11)  (7, 9)  (24, 26)  (7, 11)  (20, 24)  (12, 28)  (24, 30)  
   + Customers FORBIDDEN served together:  (11, 17)  (17, 24)  (9, 29)  (9, 17)  (19, 24)  (22, 24)  (11, 28)  (11, 18)  (9, 28)  (11, 15)  (9, 12)  (14, 24)  (9, 15)  (11, 14)  (7, 28)  (9, 14)  (9, 16)  (15, 24)  (26, 28)  (18, 24)  (11, 22)  (20, 28)  (11, 19)  (9, 22)  (16, 24)  (9, 19)  (24, 28)  (12, 24)  (28, 30)  
   # Total number of 2e routes cannot UNDER:   5  

-------------Iter CG 1-------------
LP Objective Value = 458.51,   sum y = 5.0
x[1, 2, 5, 1],  93.16
y[5, 23, 21, 14, 5] = 0.4  39.3
y[5, 13, 25, 22, 6, 5] = 0.2  84.18
y[5, 14, 21, 18, 5] = 0.4  42.75
y[5, 18, 10, 8, 13, 14, 5] = 0.2  68.24
y[5, 23, 5] = 0.6  16.0
y[5, 26, 24, 30, 11, 9, 7, 20, 5] = 1.0  89.67
y[5, 8, 25, 27, 22, 6, 10, 5] = 0.6  92.46
y[5, 16, 17, 29, 28, 19, 15, 12, 5] = 1.0  100.46
y[5, 18, 10, 27, 25, 13, 5] = 0.2  85.25
y[5, 6, 22, 27, 8, 13, 5] = 0.2  92.96
y[5, 18, 13, 21, 5] = 0.2  55.98
false  0

Solve a child node 90
   + Customers MUST      served together:  (11, 24)  (11, 30)  (9, 30)  (9, 24)  (7, 24)  (11, 20)  (9, 20)  (15, 28)  (9, 11)  (7, 9)  (24, 26)  (7, 11)  (20, 24)  (24, 30)  
   + Customers FORBIDDEN served together:  (11, 17)  (17, 24)  (9, 29)  (9, 17)  (19, 24)  (22, 24)  (11, 28)  (11, 18)  (9, 28)  (11, 15)  (9, 12)  (14, 24)  (9, 15)  (11, 14)  (7, 28)  (9, 14)  (9, 16)  (15, 24)  (26, 28)  (18, 24)  (11, 22)  (20, 28)  (11, 19)  (9, 22)  (16, 24)  (9, 19)  (24, 28)  (12, 28)  (12, 24)  (28, 30)  
   # Total number of 2e routes cannot UNDER:   5  

-------------Iter CG 1-------------
LP Objective Value = 453.23,   sum y = 5.0
x[1, 2, 5, 1],  93.16
y[5, 23, 21, 14, 5] = 0.4  39.3
y[5, 8, 25, 27, 22, 6, 5] = 0.2  91.16
y[5, 18, 10, 8, 13, 14, 5] = 0.2  68.24
y[5, 23, 5] = 0.6  16.0
y[5, 12, 6, 22, 27, 8, 13, 5] = 0.2  93.78
y[5, 26, 24, 30, 11, 9, 7, 20, 5] = 1.0  89.67
y[5, 8, 25, 27, 22, 6, 10, 5] = 0.4  92.46
y[5, 16, 17, 28, 19, 29, 15, 5] = 1.0  94.65
y[5, 18, 10, 27, 25, 13, 5] = 0.2  85.25
y[5, 13, 25, 22, 6, 12, 5] = 0.2  84.99
y[5, 12, 18, 10, 13, 21, 5] = 0.2  57.57
y[5, 14, 21, 12, 18, 5] = 0.4  43.12
true  3
-------------Iter CG 2-------------
LP Objective Value = 453.23,   sum y = 5.0
x[1, 2, 5, 1],  93.16
y[5, 23, 21, 14, 5] = 0.4  39.3
y[5, 8, 25, 27, 22, 6, 5] = 0.2  91.16
y[5, 18, 10, 8, 13, 14, 5] = 0.2  68.24
y[5, 23, 5] = 0.6  16.0
y[5, 12, 6, 22, 27, 8, 13, 5] = 0.2  93.78
y[5, 26, 24, 30, 11, 9, 7, 20, 5] = 1.0  89.67
y[5, 8, 25, 27, 22, 6, 10, 5] = 0.4  92.46
y[5, 16, 17, 28, 19, 29, 15, 5] = 1.0  94.65
y[5, 18, 10, 27, 25, 13, 5] = 0.2  85.25
y[5, 13, 25, 22, 6, 12, 5] = 0.2  84.99
y[5, 12, 18, 10, 13, 21, 5] = 0.2  57.57
y[5, 14, 21, 12, 18, 5] = 0.4  43.12
false  0

================Iteration 46 of B&P for SP1 [1, 2, 5, 1] parkings[5]================
Display selected node 90, parent node 88: from 9 nodes
- Branching node in depth: 45
   + Customers MUST      served together:  (11, 24)  (11, 30)  (9, 30)  (9, 24)  (7, 24)  (11, 20)  (9, 20)  (15, 28)  (9, 11)  (7, 9)  (24, 26)  (7, 11)  (20, 24)  (24, 30)  
   + Customers FORBIDDEN served together:  (11, 17)  (17, 24)  (9, 29)  (9, 17)  (19, 24)  (22, 24)  (11, 28)  (11, 18)  (9, 28)  (11, 15)  (9, 12)  (14, 24)  (9, 15)  (11, 14)  (7, 28)  (9, 14)  (9, 16)  (15, 24)  (26, 28)  (18, 24)  (11, 22)  (20, 28)  (11, 19)  (9, 22)  (16, 24)  (9, 19)  (24, 28)  (12, 28)  (12, 24)  (28, 30)  
   # Total number of 2e routes cannot UNDER:   5  

  Branching node with fractional score: 2.8
  Branching node with cg lower bound: 453.23
  Branching node with LB reduction: -0.0
  Branching node with FS reduction: -0.0
  Total reduction: -0.0
Route(36.4049790107182, [2, 6, 4], 19, 5, Int64[], [0, 0, 0, 0, 0, 1, 0, 0, 0, 0, 0, 0, 0, 0, 0, 0, 0, 0, 0, 0, 0, 0, 0, 0, 0, 0, 0, 0, 0, 0], [0, 0, 0, 1, 0], [0, 1, 0, 0, 0])  0.6000000000000001
Route(72.63712634521085, [5, 14, 22, 10, 5], 7378, 25, Int64[], [0, 0, 0, 0, 0, 0, 0, 0, 0, 1, 0, 0, 0, 1, 0, 0, 0, 0, 0, 0, 0, 1, 0, 0, 0, 0, 0, 0, 0, 0], [0, 0, 0, 0, 1], [0, 0, 0, 0, 1])  0.3999999999999999
Route(89.06903086128682, [5, 12, 29, 7, 9, 15, 5], 8700, 31, Int64[], [0, 0, 0, 0, 0, 0, 1, 0, 1, 0, 0, 1, 0, 0, 1, 0, 0, 0, 0, 0, 0, 0, 0, 0, 0, 0, 0, 0, 1, 0], [0, 0, 0, 0, 1], [0, 0, 0, 0, 1])  0.4
Route(113.41670378347719, [5, 17, 28, 19, 30, 6, 10, 5], 8992, 43, Int64[], [0, 0, 0, 0, 0, 1, 0, 0, 0, 1, 0, 0, 0, 0, 0, 0, 1, 0, 1, 0, 0, 0, 0, 0, 0, 0, 0, 1, 0, 1], [0, 0, 0, 0, 1], [0, 0, 0, 0, 1])  0.2
Route(112.37017685087446, [5, 16, 28, 19, 11, 30, 24, 5], 9306, 42, Int64[], [0, 0, 0, 0, 0, 0, 0, 0, 0, 0, 1, 0, 0, 0, 0, 1, 0, 0, 1, 0, 0, 0, 0, 1, 0, 0, 0, 1, 0, 1], [0, 0, 0, 0, 1], [0, 0, 0, 0, 1])  0.19999999999999993
Route(113.53406801629585, [5, 17, 28, 9, 11, 26, 16, 5], 9527, 45, Int64[], [0, 0, 0, 0, 0, 0, 0, 0, 1, 0, 1, 0, 0, 0, 0, 1, 1, 0, 0, 0, 0, 0, 0, 0, 0, 1, 0, 1, 0, 0], [0, 0, 0, 0, 1], [0, 0, 0, 0, 1])  1.0
Route(108.58644744183599, [5, 26, 9, 11, 24, 22, 27, 5], 9948, 50, Int64[], [0, 0, 0, 0, 0, 0, 0, 0, 1, 0, 1, 0, 0, 0, 0, 0, 0, 0, 0, 0, 0, 1, 0, 1, 0, 1, 1, 0, 0, 0], [0, 0, 0, 0, 1], [0, 0, 0, 0, 1])  0.2
Route(99.36334196580621, [5, 26, 9, 11, 24, 25, 5], 9949, 47, Int64[], [0, 0, 0, 0, 0, 0, 0, 0, 1, 0, 1, 0, 0, 0, 0, 0, 0, 0, 0, 0, 0, 0, 0, 1, 1, 1, 0, 0, 0, 0], [0, 0, 0, 0, 1], [0, 0, 0, 0, 1])  0.4
Route(121.42810212337008, [5, 20, 15, 26, 24, 11, 9, 28, 19, 5], 9968, 48, Int64[], [0, 0, 0, 0, 0, 0, 0, 0, 1, 0, 1, 0, 0, 0, 1, 0, 0, 0, 1, 1, 0, 0, 0, 1, 0, 1, 0, 1, 0, 0], [0, 0, 0, 0, 1], [0, 0, 0, 0, 1])  0.2
Route(122.72411199177432, [5, 20, 15, 26, 24, 11, 9, 7, 28, 19, 5], 9971, 49, Int64[], [0, 0, 0, 0, 0, 0, 1, 0, 1, 0, 1, 0, 0, 0, 1, 0, 0, 0, 1, 1, 0, 0, 0, 1, 0, 1, 0, 1, 0, 0], [0, 0, 0, 0, 1], [0, 0, 0, 0, 1])  0.20000000000000004
Route(112.24103263127151, [5, 20, 9, 11, 30, 24, 27, 5], 10000, 46, Int64[], [0, 0, 0, 0, 0, 0, 0, 0, 1, 0, 1, 0, 0, 0, 0, 0, 0, 0, 0, 1, 0, 0, 0, 1, 0, 0, 1, 0, 0, 1], [0, 0, 0, 0, 1], [0, 0, 0, 0, 1])  1.0
Route(96.7948426245041, [5, 17, 28, 19, 7, 15, 18, 12, 5], 10145, 47, Int64[], [0, 0, 0, 0, 0, 0, 1, 0, 0, 0, 0, 1, 0, 0, 1, 0, 1, 1, 1, 0, 0, 0, 0, 0, 0, 0, 0, 1, 0, 0], [0, 0, 0, 0, 1], [0, 0, 0, 0, 1])  0.20000000000000004

Solve a child node 91
   + Customers MUST      served together:  (6, 28)  (11, 24)  (11, 30)  (9, 30)  (9, 24)  (7, 24)  (11, 20)  (9, 20)  (15, 28)  (9, 11)  (7, 9)  (24, 26)  (7, 11)  (20, 24)  (24, 30)  
   + Customers FORBIDDEN served together:  (11, 17)  (17, 24)  (9, 29)  (9, 17)  (19, 24)  (22, 24)  (11, 28)  (11, 18)  (9, 28)  (11, 15)  (9, 12)  (14, 24)  (9, 15)  (11, 14)  (7, 28)  (9, 14)  (9, 16)  (15, 24)  (26, 28)  (18, 24)  (11, 22)  (20, 28)  (11, 19)  (9, 22)  (16, 24)  (9, 19)  (24, 28)  (12, 28)  (12, 24)  (28, 30)  
   # Total number of 2e routes cannot UNDER:   5  

-------------Iter CG 1-------------
LP Objective Value = 520.59,   sum y = 5.0
x[1, 2, 5, 1],  93.16
y[5, 14, 8, 25, 13, 5] = 0.5  69.96
y[5, 23, 21, 14, 5] = 0.5  39.3
y[5, 8, 25, 27, 22, 10, 12, 5] = 0.5  88.59
y[5, 28, 29, 15, 6, 5] = 0.5  108.3
y[5, 23, 21, 12, 18, 10, 5] = 0.5  56.81
y[5, 16, 17, 29, 19, 18, 5] = 0.5  84.11
y[5, 26, 24, 30, 11, 9, 7, 20, 5] = 1.0  89.67
y[5, 17, 19, 22, 27, 13, 5] = 0.5  120.01
y[5, 16, 28, 15, 6, 5] = 0.5  108.43
true  63
-------------Iter CG 2-------------
LP Objective Value = 516.52,   sum y = 5.0
x[1, 2, 5, 1],  93.16
y[5, 14, 8, 25, 13, 5] = 0.4  69.96
y[5, 23, 21, 14, 5] = 0.6  39.3
y[5, 17, 19, 18, 12, 21, 5] = 0.2  89.1
y[5, 28, 29, 15, 6, 5] = 0.2  108.3
y[5, 16, 17, 29, 19, 18, 5] = 0.2  84.11
y[5, 17, 19, 22, 25, 10, 12, 5] = 0.2  111.48
y[5, 17, 19, 22, 10, 18, 12, 5] = 0.4  102.56
y[5, 13, 25, 27, 22, 10, 5] = 0.4  90.21
y[5, 23, 5] = 0.4  16.0
y[5, 26, 24, 30, 11, 9, 7, 20, 5] = 1.0  89.67
y[5, 16, 28, 29, 15, 8, 27, 6, 5] = 0.6  145.07
y[5, 16, 28, 15, 6, 5] = 0.2  108.43
y[5, 21, 13, 18, 12, 5] = 0.2  56.49
true  13
-------------Iter CG 3-------------
LP Objective Value = 514.9,   sum y = 5.0
x[1, 2, 5, 1],  93.16
y[5, 14, 8, 25, 13, 5] = 0.33  69.96
y[5, 23, 21, 14, 5] = 0.67  39.3
y[5, 17, 19, 18, 12, 21, 5] = 0.33  89.1
y[5, 16, 17, 19, 22, 10, 18, 5] = 0.67  102.82
y[5, 13, 25, 27, 22, 12, 5] = 0.33  90.2
y[5, 28, 29, 15, 6, 5] = 0.67  108.3
y[5, 23, 5] = 0.33  16.0
y[5, 26, 24, 30, 11, 9, 7, 20, 5] = 1.0  89.67
y[5, 16, 28, 29, 15, 8, 27, 6, 5] = 0.33  145.07
y[5, 13, 8, 25, 27, 10, 12, 5] = 0.33  85.05
true  1
-------------Iter CG 4-------------
LP Objective Value = 514.83,   sum y = 5.0
x[1, 2, 5, 1],  93.16
y[5, 14, 8, 25, 13, 5] = 0.42  69.96
y[5, 23, 21, 14, 5] = 0.5  39.3
y[5, 17, 19, 18, 12, 21, 5] = 0.33  89.1
y[5, 16, 17, 19, 22, 10, 18, 5] = 0.33  102.82
y[5, 13, 25, 27, 22, 12, 5] = 0.17  90.2
y[5, 28, 29, 15, 6, 5] = 0.42  108.3
y[5, 17, 19, 22, 25, 10, 12, 5] = 0.17  111.48
y[5, 17, 19, 22, 10, 18, 12, 5] = 0.08  102.56
y[5, 13, 25, 27, 22, 10, 5] = 0.25  90.21
y[5, 23, 5] = 0.5  16.0
y[5, 26, 24, 30, 11, 9, 7, 20, 5] = 1.0  89.67
y[5, 16, 17, 19, 18, 12, 14, 5] = 0.08  86.08
y[5, 12, 18, 10, 13, 21, 5] = 0.17  57.57
y[5, 16, 28, 29, 15, 8, 27, 6, 5] = 0.58  145.07
false  0
Exceed Upper Bound, prune

Solve a child node 92
   + Customers MUST      served together:  (11, 24)  (11, 30)  (9, 30)  (9, 24)  (7, 24)  (11, 20)  (9, 20)  (15, 28)  (9, 11)  (7, 9)  (24, 26)  (7, 11)  (20, 24)  (24, 30)  
   + Customers FORBIDDEN served together:  (11, 17)  (17, 24)  (9, 29)  (9, 17)  (19, 24)  (22, 24)  (11, 28)  (11, 18)  (6, 28)  (9, 28)  (11, 15)  (9, 12)  (14, 24)  (9, 15)  (11, 14)  (7, 28)  (9, 14)  (9, 16)  (15, 24)  (26, 28)  (18, 24)  (11, 22)  (20, 28)  (11, 19)  (9, 22)  (16, 24)  (9, 19)  (24, 28)  (12, 28)  (12, 24)  (28, 30)  
   # Total number of 2e routes cannot UNDER:   5  

-------------Iter CG 1-------------
LP Objective Value = 453.23,   sum y = 5.0
x[1, 2, 5, 1],  93.16
y[5, 23, 21, 14, 5] = 0.4  39.3
y[5, 8, 25, 27, 22, 6, 5] = 0.2  91.16
y[5, 18, 10, 8, 13, 14, 5] = 0.2  68.24
y[5, 23, 5] = 0.6  16.0
y[5, 12, 6, 22, 27, 8, 13, 5] = 0.2  93.78
y[5, 26, 24, 30, 11, 9, 7, 20, 5] = 1.0  89.67
y[5, 8, 25, 27, 22, 6, 10, 5] = 0.4  92.46
y[5, 16, 17, 28, 19, 29, 15, 5] = 1.0  94.65
y[5, 18, 10, 27, 25, 13, 5] = 0.2  85.25
y[5, 13, 25, 22, 6, 12, 5] = 0.2  84.99
y[5, 12, 18, 10, 13, 21, 5] = 0.2  57.57
y[5, 14, 21, 12, 18, 5] = 0.4  43.12
true  11
-------------Iter CG 2-------------
LP Objective Value = 453.23,   sum y = 5.0
x[1, 2, 5, 1],  93.16
y[5, 23, 21, 14, 5] = 0.4  39.3
y[5, 8, 25, 27, 22, 6, 5] = 0.2  91.16
y[5, 18, 10, 8, 13, 14, 5] = 0.2  68.24
y[5, 23, 5] = 0.6  16.0
y[5, 12, 6, 22, 27, 8, 13, 5] = 0.2  93.78
y[5, 26, 24, 30, 11, 9, 7, 20, 5] = 1.0  89.67
y[5, 8, 25, 27, 22, 6, 10, 5] = 0.4  92.46
y[5, 16, 17, 28, 19, 29, 15, 5] = 1.0  94.65
y[5, 18, 10, 27, 25, 13, 5] = 0.2  85.25
y[5, 13, 25, 22, 6, 12, 5] = 0.2  84.99
y[5, 12, 18, 10, 13, 21, 5] = 0.2  57.57
y[5, 14, 21, 12, 18, 5] = 0.4  43.12
false  0

================Iteration 47 of B&P for SP1 [1, 2, 5, 1] parkings[5]================
Display selected node 92, parent node 90: from 9 nodes
- Branching node in depth: 46
   + Customers MUST      served together:  (11, 24)  (11, 30)  (9, 30)  (9, 24)  (7, 24)  (11, 20)  (9, 20)  (15, 28)  (9, 11)  (7, 9)  (24, 26)  (7, 11)  (20, 24)  (24, 30)  
   + Customers FORBIDDEN served together:  (11, 17)  (17, 24)  (9, 29)  (9, 17)  (19, 24)  (22, 24)  (11, 28)  (11, 18)  (6, 28)  (9, 28)  (11, 15)  (9, 12)  (14, 24)  (9, 15)  (11, 14)  (7, 28)  (9, 14)  (9, 16)  (15, 24)  (26, 28)  (18, 24)  (11, 22)  (20, 28)  (11, 19)  (9, 22)  (16, 24)  (9, 19)  (24, 28)  (12, 28)  (12, 24)  (28, 30)  
   # Total number of 2e routes cannot UNDER:   5  

  Branching node with fractional score: 2.8
  Branching node with cg lower bound: 453.23
  Branching node with LB reduction: -0.0
  Branching node with FS reduction: 0.0
  Total reduction: -0.0
Route(36.4049790107182, [2, 6, 4], 19, 5, Int64[], [0, 0, 0, 0, 0, 1, 0, 0, 0, 0, 0, 0, 0, 0, 0, 0, 0, 0, 0, 0, 0, 0, 0, 0, 0, 0, 0, 0, 0, 0], [0, 0, 0, 1, 0], [0, 1, 0, 0, 0])  0.6000000000000001
Route(72.63712634521085, [5, 14, 22, 10, 5], 7378, 25, Int64[], [0, 0, 0, 0, 0, 0, 0, 0, 0, 1, 0, 0, 0, 1, 0, 0, 0, 0, 0, 0, 0, 1, 0, 0, 0, 0, 0, 0, 0, 0], [0, 0, 0, 0, 1], [0, 0, 0, 0, 1])  0.3999999999999999
Route(89.06903086128682, [5, 12, 29, 7, 9, 15, 5], 8700, 31, Int64[], [0, 0, 0, 0, 0, 0, 1, 0, 1, 0, 0, 1, 0, 0, 1, 0, 0, 0, 0, 0, 0, 0, 0, 0, 0, 0, 0, 0, 1, 0], [0, 0, 0, 0, 1], [0, 0, 0, 0, 1])  0.4
Route(113.41670378347719, [5, 17, 28, 19, 30, 6, 10, 5], 8992, 43, Int64[], [0, 0, 0, 0, 0, 1, 0, 0, 0, 1, 0, 0, 0, 0, 0, 0, 1, 0, 1, 0, 0, 0, 0, 0, 0, 0, 0, 1, 0, 1], [0, 0, 0, 0, 1], [0, 0, 0, 0, 1])  0.19999999999999996
Route(112.37017685087446, [5, 16, 28, 19, 11, 30, 24, 5], 9306, 42, Int64[], [0, 0, 0, 0, 0, 0, 0, 0, 0, 0, 1, 0, 0, 0, 0, 1, 0, 0, 1, 0, 0, 0, 0, 1, 0, 0, 0, 1, 0, 1], [0, 0, 0, 0, 1], [0, 0, 0, 0, 1])  0.19999999999999996
Route(113.53406801629585, [5, 17, 28, 9, 11, 26, 16, 5], 9527, 45, Int64[], [0, 0, 0, 0, 0, 0, 0, 0, 1, 0, 1, 0, 0, 0, 0, 1, 1, 0, 0, 0, 0, 0, 0, 0, 0, 1, 0, 1, 0, 0], [0, 0, 0, 0, 1], [0, 0, 0, 0, 1])  1.0
Route(108.58644744183599, [5, 26, 9, 11, 24, 22, 27, 5], 9948, 50, Int64[], [0, 0, 0, 0, 0, 0, 0, 0, 1, 0, 1, 0, 0, 0, 0, 0, 0, 0, 0, 0, 0, 1, 0, 1, 0, 1, 1, 0, 0, 0], [0, 0, 0, 0, 1], [0, 0, 0, 0, 1])  0.1999999999999999
Route(99.36334196580621, [5, 26, 9, 11, 24, 25, 5], 9949, 47, Int64[], [0, 0, 0, 0, 0, 0, 0, 0, 1, 0, 1, 0, 0, 0, 0, 0, 0, 0, 0, 0, 0, 0, 0, 1, 1, 1, 0, 0, 0, 0], [0, 0, 0, 0, 1], [0, 0, 0, 0, 1])  0.40000000000000013
Route(121.42810212337008, [5, 20, 15, 26, 24, 11, 9, 28, 19, 5], 9968, 48, Int64[], [0, 0, 0, 0, 0, 0, 0, 0, 1, 0, 1, 0, 0, 0, 1, 0, 0, 0, 1, 1, 0, 0, 0, 1, 0, 1, 0, 1, 0, 0], [0, 0, 0, 0, 1], [0, 0, 0, 0, 1])  0.2
Route(122.72411199177432, [5, 20, 15, 26, 24, 11, 9, 7, 28, 19, 5], 9971, 49, Int64[], [0, 0, 0, 0, 0, 0, 1, 0, 1, 0, 1, 0, 0, 0, 1, 0, 0, 0, 1, 1, 0, 0, 0, 1, 0, 1, 0, 1, 0, 0], [0, 0, 0, 0, 1], [0, 0, 0, 0, 1])  0.20000000000000004
Route(112.24103263127151, [5, 20, 9, 11, 30, 24, 27, 5], 10000, 46, Int64[], [0, 0, 0, 0, 0, 0, 0, 0, 1, 0, 1, 0, 0, 0, 0, 0, 0, 0, 0, 1, 0, 0, 0, 1, 0, 0, 1, 0, 0, 1], [0, 0, 0, 0, 1], [0, 0, 0, 0, 1])  1.0
Route(96.7948426245041, [5, 17, 28, 19, 7, 15, 18, 12, 5], 10145, 47, Int64[], [0, 0, 0, 0, 0, 0, 1, 0, 0, 0, 0, 1, 0, 0, 1, 0, 1, 1, 1, 0, 0, 0, 0, 0, 0, 0, 0, 1, 0, 0], [0, 0, 0, 0, 1], [0, 0, 0, 0, 1])  0.2

Solve a child node 93
   + Customers MUST      served together:  (11, 24)  (11, 30)  (9, 30)  (9, 24)  (7, 24)  (11, 20)  (9, 20)  (15, 28)  (10, 28)  (9, 11)  (7, 9)  (24, 26)  (7, 11)  (20, 24)  (24, 30)  
   + Customers FORBIDDEN served together:  (11, 17)  (17, 24)  (9, 29)  (9, 17)  (19, 24)  (22, 24)  (11, 28)  (11, 18)  (6, 28)  (9, 28)  (11, 15)  (9, 12)  (14, 24)  (9, 15)  (11, 14)  (7, 28)  (9, 14)  (9, 16)  (15, 24)  (26, 28)  (18, 24)  (11, 22)  (20, 28)  (11, 19)  (9, 22)  (16, 24)  (9, 19)  (24, 28)  (12, 28)  (12, 24)  (28, 30)  
   # Total number of 2e routes cannot UNDER:   5  

-------------Iter CG 1-------------
LP Objective Value = 476.65,   sum y = 5.0
x[1, 2, 5, 1],  93.16
y[5, 14, 8, 25, 13, 5] = 0.38  69.96
y[5, 23, 21, 14, 5] = 0.08  39.3
y[5, 13, 25, 22, 6, 5] = 0.08  84.18
y[5, 23, 21, 12, 18, 16, 5] = 0.38  64.78
y[5, 8, 25, 27, 22, 6, 5] = 0.46  91.16
y[5, 23, 5] = 0.54  16.0
y[5, 12, 6, 22, 27, 8, 13, 5] = 0.08  93.78
y[5, 26, 24, 30, 11, 9, 7, 20, 5] = 1.0  89.67
y[5, 16, 19, 6, 22, 27, 13, 5] = 0.31  121.25
y[5, 16, 17, 28, 29, 15, 10, 5] = 0.31  98.29
y[5, 17, 28, 19, 29, 15, 10, 5] = 0.69  101.29
y[5, 18, 27, 25, 13, 5] = 0.08  85.25
y[5, 6, 22, 27, 8, 13, 5] = 0.08  92.96
y[5, 14, 21, 12, 18, 5] = 0.54  43.12
true  14
-------------Iter CG 2-------------
LP Objective Value = 473.14,   sum y = 5.0
x[1, 2, 5, 1],  93.16
y[5, 14, 8, 25, 13, 5] = 0.11  69.96
y[5, 23, 21, 14, 5] = 0.22  39.3
y[5, 13, 25, 22, 6, 5] = 0.11  84.18
y[5, 13, 25, 27, 22, 12, 5] = 0.11  90.2
y[5, 16, 18, 12, 14, 23, 5] = 0.22  62.25
y[5, 8, 25, 27, 22, 6, 5] = 0.56  91.16
y[5, 23, 5] = 0.56  16.0
y[5, 12, 6, 22, 27, 8, 13, 5] = 0.22  93.78
y[5, 26, 24, 30, 11, 9, 7, 20, 5] = 1.0  89.67
y[5, 16, 18, 13, 21, 5] = 0.33  69.89
y[5, 17, 28, 19, 29, 15, 10, 5] = 1.0  101.29
y[5, 13, 8, 25, 27, 6, 5] = 0.11  92.7
y[5, 16, 18, 12, 21, 14, 5] = 0.44  57.03
false  0
Exceed Upper Bound, prune

Solve a child node 94
   + Customers MUST      served together:  (11, 24)  (11, 30)  (9, 30)  (9, 24)  (7, 24)  (11, 20)  (9, 20)  (15, 28)  (9, 11)  (7, 9)  (24, 26)  (7, 11)  (20, 24)  (24, 30)  
   + Customers FORBIDDEN served together:  (11, 17)  (17, 24)  (9, 29)  (9, 17)  (19, 24)  (22, 24)  (11, 28)  (11, 18)  (6, 28)  (9, 28)  (11, 15)  (9, 12)  (14, 24)  (9, 15)  (11, 14)  (7, 28)  (9, 14)  (9, 16)  (15, 24)  (10, 28)  (26, 28)  (18, 24)  (11, 22)  (20, 28)  (11, 19)  (9, 22)  (16, 24)  (9, 19)  (24, 28)  (12, 28)  (12, 24)  (28, 30)  
   # Total number of 2e routes cannot UNDER:   5  

-------------Iter CG 1-------------
LP Objective Value = 453.23,   sum y = 5.0
x[1, 2, 5, 1],  93.16
y[5, 23, 21, 14, 5] = 0.4  39.3
y[5, 8, 25, 27, 22, 6, 5] = 0.2  91.16
y[5, 18, 10, 8, 13, 14, 5] = 0.2  68.24
y[5, 23, 5] = 0.6  16.0
y[5, 12, 6, 22, 27, 8, 13, 5] = 0.2  93.78
y[5, 26, 24, 30, 11, 9, 7, 20, 5] = 1.0  89.67
y[5, 8, 25, 27, 22, 6, 10, 5] = 0.4  92.46
y[5, 16, 17, 28, 19, 29, 15, 5] = 1.0  94.65
y[5, 18, 10, 27, 25, 13, 5] = 0.2  85.25
y[5, 13, 25, 22, 6, 12, 5] = 0.2  84.99
y[5, 12, 18, 10, 13, 21, 5] = 0.2  57.57
y[5, 14, 21, 12, 18, 5] = 0.4  43.12
false  0

================Iteration 48 of B&P for SP1 [1, 2, 5, 1] parkings[5]================
Display selected node 94, parent node 92: from 9 nodes
- Branching node in depth: 47
   + Customers MUST      served together:  (11, 24)  (11, 30)  (9, 30)  (9, 24)  (7, 24)  (11, 20)  (9, 20)  (15, 28)  (9, 11)  (7, 9)  (24, 26)  (7, 11)  (20, 24)  (24, 30)  
   + Customers FORBIDDEN served together:  (11, 17)  (17, 24)  (9, 29)  (9, 17)  (19, 24)  (22, 24)  (11, 28)  (11, 18)  (6, 28)  (9, 28)  (11, 15)  (9, 12)  (14, 24)  (9, 15)  (11, 14)  (7, 28)  (9, 14)  (9, 16)  (15, 24)  (10, 28)  (26, 28)  (18, 24)  (11, 22)  (20, 28)  (11, 19)  (9, 22)  (16, 24)  (9, 19)  (24, 28)  (12, 28)  (12, 24)  (28, 30)  
   # Total number of 2e routes cannot UNDER:   5  

  Branching node with fractional score: 2.8
  Branching node with cg lower bound: 453.23
  Branching node with LB reduction: 0.0
  Branching node with FS reduction: 0.0
  Total reduction: 0.0
Route(36.4049790107182, [2, 6, 4], 19, 5, Int64[], [0, 0, 0, 0, 0, 1, 0, 0, 0, 0, 0, 0, 0, 0, 0, 0, 0, 0, 0, 0, 0, 0, 0, 0, 0, 0, 0, 0, 0, 0], [0, 0, 0, 1, 0], [0, 1, 0, 0, 0])  0.5999999999999999
Route(72.63712634521085, [5, 14, 22, 10, 5], 7378, 25, Int64[], [0, 0, 0, 0, 0, 0, 0, 0, 0, 1, 0, 0, 0, 1, 0, 0, 0, 0, 0, 0, 0, 1, 0, 0, 0, 0, 0, 0, 0, 0], [0, 0, 0, 0, 1], [0, 0, 0, 0, 1])  0.4000000000000002
Route(89.06903086128682, [5, 12, 29, 7, 9, 15, 5], 8700, 31, Int64[], [0, 0, 0, 0, 0, 0, 1, 0, 1, 0, 0, 1, 0, 0, 1, 0, 0, 0, 0, 0, 0, 0, 0, 0, 0, 0, 0, 0, 1, 0], [0, 0, 0, 0, 1], [0, 0, 0, 0, 1])  0.39999999999999986
Route(113.41670378347719, [5, 17, 28, 19, 30, 6, 10, 5], 8992, 43, Int64[], [0, 0, 0, 0, 0, 1, 0, 0, 0, 1, 0, 0, 0, 0, 0, 0, 1, 0, 1, 0, 0, 0, 0, 0, 0, 0, 0, 1, 0, 1], [0, 0, 0, 0, 1], [0, 0, 0, 0, 1])  0.20000000000000007
Route(112.37017685087446, [5, 16, 28, 19, 11, 30, 24, 5], 9306, 42, Int64[], [0, 0, 0, 0, 0, 0, 0, 0, 0, 0, 1, 0, 0, 0, 0, 1, 0, 0, 1, 0, 0, 0, 0, 1, 0, 0, 0, 1, 0, 1], [0, 0, 0, 0, 1], [0, 0, 0, 0, 1])  0.2
Route(113.53406801629585, [5, 17, 28, 9, 11, 26, 16, 5], 9527, 45, Int64[], [0, 0, 0, 0, 0, 0, 0, 0, 1, 0, 1, 0, 0, 0, 0, 1, 1, 0, 0, 0, 0, 0, 0, 0, 0, 1, 0, 1, 0, 0], [0, 0, 0, 0, 1], [0, 0, 0, 0, 1])  1.0
Route(108.58644744183599, [5, 26, 9, 11, 24, 22, 27, 5], 9948, 50, Int64[], [0, 0, 0, 0, 0, 0, 0, 0, 1, 0, 1, 0, 0, 0, 0, 0, 0, 0, 0, 0, 0, 1, 0, 1, 0, 1, 1, 0, 0, 0], [0, 0, 0, 0, 1], [0, 0, 0, 0, 1])  0.1999999999999999
Route(99.36334196580621, [5, 26, 9, 11, 24, 25, 5], 9949, 47, Int64[], [0, 0, 0, 0, 0, 0, 0, 0, 1, 0, 1, 0, 0, 0, 0, 0, 0, 0, 0, 0, 0, 0, 0, 1, 1, 1, 0, 0, 0, 0], [0, 0, 0, 0, 1], [0, 0, 0, 0, 1])  0.4
Route(121.42810212337008, [5, 20, 15, 26, 24, 11, 9, 28, 19, 5], 9968, 48, Int64[], [0, 0, 0, 0, 0, 0, 0, 0, 1, 0, 1, 0, 0, 0, 1, 0, 0, 0, 1, 1, 0, 0, 0, 1, 0, 1, 0, 1, 0, 0], [0, 0, 0, 0, 1], [0, 0, 0, 0, 1])  0.2
Route(122.72411199177432, [5, 20, 15, 26, 24, 11, 9, 7, 28, 19, 5], 9971, 49, Int64[], [0, 0, 0, 0, 0, 0, 1, 0, 1, 0, 1, 0, 0, 0, 1, 0, 0, 0, 1, 1, 0, 0, 0, 1, 0, 1, 0, 1, 0, 0], [0, 0, 0, 0, 1], [0, 0, 0, 0, 1])  0.2
Route(112.24103263127151, [5, 20, 9, 11, 30, 24, 27, 5], 10000, 46, Int64[], [0, 0, 0, 0, 0, 0, 0, 0, 1, 0, 1, 0, 0, 0, 0, 0, 0, 0, 0, 1, 0, 0, 0, 1, 0, 0, 1, 0, 0, 1], [0, 0, 0, 0, 1], [0, 0, 0, 0, 1])  1.0
Route(96.7948426245041, [5, 17, 28, 19, 7, 15, 18, 12, 5], 10145, 47, Int64[], [0, 0, 0, 0, 0, 0, 1, 0, 0, 0, 0, 1, 0, 0, 1, 0, 1, 1, 1, 0, 0, 0, 0, 0, 0, 0, 0, 1, 0, 0], [0, 0, 0, 0, 1], [0, 0, 0, 0, 1])  0.2

Solve a child node 95
   + Customers MUST      served together:  (11, 24)  (11, 30)  (9, 30)  (9, 24)  (7, 24)  (11, 20)  (9, 20)  (15, 28)  (9, 11)  (7, 9)  (24, 26)  (7, 11)  (20, 24)  (19, 26)  (24, 30)  
   + Customers FORBIDDEN served together:  (11, 17)  (17, 24)  (9, 29)  (9, 17)  (19, 24)  (22, 24)  (11, 28)  (11, 18)  (6, 28)  (9, 28)  (11, 15)  (9, 12)  (14, 24)  (9, 15)  (11, 14)  (7, 28)  (9, 14)  (9, 16)  (15, 24)  (10, 28)  (26, 28)  (18, 24)  (11, 22)  (20, 28)  (11, 19)  (9, 22)  (16, 24)  (9, 19)  (24, 28)  (12, 28)  (12, 24)  (28, 30)  
   # Total number of 2e routes cannot UNDER:   5  

-------------Iter CG 1-------------
No feasible solution for LMP

Solve a child node 96
   + Customers MUST      served together:  (11, 24)  (11, 30)  (9, 30)  (9, 24)  (7, 24)  (11, 20)  (9, 20)  (15, 28)  (9, 11)  (7, 9)  (24, 26)  (7, 11)  (20, 24)  (24, 30)  
   + Customers FORBIDDEN served together:  (11, 17)  (17, 24)  (9, 29)  (9, 17)  (19, 24)  (22, 24)  (11, 28)  (11, 18)  (6, 28)  (9, 28)  (11, 15)  (9, 12)  (14, 24)  (9, 15)  (11, 14)  (7, 28)  (9, 14)  (9, 16)  (15, 24)  (10, 28)  (26, 28)  (18, 24)  (11, 22)  (20, 28)  (11, 19)  (9, 22)  (16, 24)  (9, 19)  (24, 28)  (12, 28)  (12, 24)  (19, 26)  (28, 30)  
   # Total number of 2e routes cannot UNDER:   5  

-------------Iter CG 1-------------
LP Objective Value = 453.23,   sum y = 5.0
x[1, 2, 5, 1],  93.16
y[5, 23, 21, 14, 5] = 0.4  39.3
y[5, 8, 25, 27, 22, 6, 5] = 0.2  91.16
y[5, 18, 10, 8, 13, 14, 5] = 0.2  68.24
y[5, 23, 5] = 0.6  16.0
y[5, 12, 6, 22, 27, 8, 13, 5] = 0.2  93.78
y[5, 26, 24, 30, 11, 9, 7, 20, 5] = 1.0  89.67
y[5, 8, 25, 27, 22, 6, 10, 5] = 0.4  92.46
y[5, 16, 17, 28, 19, 29, 15, 5] = 1.0  94.65
y[5, 18, 10, 27, 25, 13, 5] = 0.2  85.25
y[5, 13, 25, 22, 6, 12, 5] = 0.2  84.99
y[5, 12, 18, 10, 13, 21, 5] = 0.2  57.57
y[5, 14, 21, 12, 18, 5] = 0.4  43.12
false  0

================Iteration 49 of B&P for SP1 [1, 2, 5, 1] parkings[5]================
Display selected node 96, parent node 94: from 9 nodes
- Branching node in depth: 48
   + Customers MUST      served together:  (11, 24)  (11, 30)  (9, 30)  (9, 24)  (7, 24)  (11, 20)  (9, 20)  (15, 28)  (9, 11)  (7, 9)  (24, 26)  (7, 11)  (20, 24)  (24, 30)  
   + Customers FORBIDDEN served together:  (11, 17)  (17, 24)  (9, 29)  (9, 17)  (19, 24)  (22, 24)  (11, 28)  (11, 18)  (6, 28)  (9, 28)  (11, 15)  (9, 12)  (14, 24)  (9, 15)  (11, 14)  (7, 28)  (9, 14)  (9, 16)  (15, 24)  (10, 28)  (26, 28)  (18, 24)  (11, 22)  (20, 28)  (11, 19)  (9, 22)  (16, 24)  (9, 19)  (24, 28)  (12, 28)  (12, 24)  (19, 26)  (28, 30)  
   # Total number of 2e routes cannot UNDER:   5  

  Branching node with fractional score: 2.8
  Branching node with cg lower bound: 453.23
  Branching node with LB reduction: -0.0
  Branching node with FS reduction: 0.0
  Total reduction: -0.0
Route(36.4049790107182, [2, 6, 4], 19, 5, Int64[], [0, 0, 0, 0, 0, 1, 0, 0, 0, 0, 0, 0, 0, 0, 0, 0, 0, 0, 0, 0, 0, 0, 0, 0, 0, 0, 0, 0, 0, 0], [0, 0, 0, 1, 0], [0, 1, 0, 0, 0])  0.6
Route(72.63712634521085, [5, 14, 22, 10, 5], 7378, 25, Int64[], [0, 0, 0, 0, 0, 0, 0, 0, 0, 1, 0, 0, 0, 1, 0, 0, 0, 0, 0, 0, 0, 1, 0, 0, 0, 0, 0, 0, 0, 0], [0, 0, 0, 0, 1], [0, 0, 0, 0, 1])  0.4
Route(89.06903086128682, [5, 12, 29, 7, 9, 15, 5], 8700, 31, Int64[], [0, 0, 0, 0, 0, 0, 1, 0, 1, 0, 0, 1, 0, 0, 1, 0, 0, 0, 0, 0, 0, 0, 0, 0, 0, 0, 0, 0, 1, 0], [0, 0, 0, 0, 1], [0, 0, 0, 0, 1])  0.4
Route(113.41670378347719, [5, 17, 28, 19, 30, 6, 10, 5], 8992, 43, Int64[], [0, 0, 0, 0, 0, 1, 0, 0, 0, 1, 0, 0, 0, 0, 0, 0, 1, 0, 1, 0, 0, 0, 0, 0, 0, 0, 0, 1, 0, 1], [0, 0, 0, 0, 1], [0, 0, 0, 0, 1])  0.20000000000000007
Route(112.37017685087446, [5, 16, 28, 19, 11, 30, 24, 5], 9306, 42, Int64[], [0, 0, 0, 0, 0, 0, 0, 0, 0, 0, 1, 0, 0, 0, 0, 1, 0, 0, 1, 0, 0, 0, 0, 1, 0, 0, 0, 1, 0, 1], [0, 0, 0, 0, 1], [0, 0, 0, 0, 1])  0.2
Route(113.53406801629585, [5, 17, 28, 9, 11, 26, 16, 5], 9527, 45, Int64[], [0, 0, 0, 0, 0, 0, 0, 0, 1, 0, 1, 0, 0, 0, 0, 1, 1, 0, 0, 0, 0, 0, 0, 0, 0, 1, 0, 1, 0, 0], [0, 0, 0, 0, 1], [0, 0, 0, 0, 1])  1.0
Route(108.58644744183599, [5, 26, 9, 11, 24, 22, 27, 5], 9948, 50, Int64[], [0, 0, 0, 0, 0, 0, 0, 0, 1, 0, 1, 0, 0, 0, 0, 0, 0, 0, 0, 0, 0, 1, 0, 1, 0, 1, 1, 0, 0, 0], [0, 0, 0, 0, 1], [0, 0, 0, 0, 1])  0.1999999999999999
Route(99.36334196580621, [5, 26, 9, 11, 24, 25, 5], 9949, 47, Int64[], [0, 0, 0, 0, 0, 0, 0, 0, 1, 0, 1, 0, 0, 0, 0, 0, 0, 0, 0, 0, 0, 0, 0, 1, 1, 1, 0, 0, 0, 0], [0, 0, 0, 0, 1], [0, 0, 0, 0, 1])  0.4
Route(121.42810212337008, [5, 20, 15, 26, 24, 11, 9, 28, 19, 5], 9968, 48, Int64[], [0, 0, 0, 0, 0, 0, 0, 0, 1, 0, 1, 0, 0, 0, 1, 0, 0, 0, 1, 1, 0, 0, 0, 1, 0, 1, 0, 1, 0, 0], [0, 0, 0, 0, 1], [0, 0, 0, 0, 1])  0.19999999999999998
Route(122.72411199177432, [5, 20, 15, 26, 24, 11, 9, 7, 28, 19, 5], 9971, 49, Int64[], [0, 0, 0, 0, 0, 0, 1, 0, 1, 0, 1, 0, 0, 0, 1, 0, 0, 0, 1, 1, 0, 0, 0, 1, 0, 1, 0, 1, 0, 0], [0, 0, 0, 0, 1], [0, 0, 0, 0, 1])  0.19999999999999998
Route(112.24103263127151, [5, 20, 9, 11, 30, 24, 27, 5], 10000, 46, Int64[], [0, 0, 0, 0, 0, 0, 0, 0, 1, 0, 1, 0, 0, 0, 0, 0, 0, 0, 0, 1, 0, 0, 0, 1, 0, 0, 1, 0, 0, 1], [0, 0, 0, 0, 1], [0, 0, 0, 0, 1])  1.0
Route(96.7948426245041, [5, 17, 28, 19, 7, 15, 18, 12, 5], 10145, 47, Int64[], [0, 0, 0, 0, 0, 0, 1, 0, 0, 0, 0, 1, 0, 0, 1, 0, 1, 1, 1, 0, 0, 0, 0, 0, 0, 0, 0, 1, 0, 0], [0, 0, 0, 0, 1], [0, 0, 0, 0, 1])  0.19999999999999996

Solve a child node 97
   + Customers MUST      served together:  (11, 24)  (11, 30)  (9, 30)  (9, 24)  (15, 19)  (7, 24)  (11, 20)  (9, 20)  (15, 28)  (9, 11)  (7, 9)  (24, 26)  (7, 11)  (20, 24)  (24, 30)  
   + Customers FORBIDDEN served together:  (11, 17)  (17, 24)  (9, 29)  (9, 17)  (19, 24)  (22, 24)  (11, 28)  (11, 18)  (6, 28)  (9, 28)  (11, 15)  (9, 12)  (14, 24)  (9, 15)  (11, 14)  (7, 28)  (9, 14)  (9, 16)  (15, 24)  (10, 28)  (26, 28)  (18, 24)  (11, 22)  (20, 28)  (11, 19)  (9, 22)  (16, 24)  (9, 19)  (24, 28)  (12, 28)  (12, 24)  (19, 26)  (28, 30)  
   # Total number of 2e routes cannot UNDER:   5  

-------------Iter CG 1-------------
LP Objective Value = 453.23,   sum y = 5.0
x[1, 2, 5, 1],  93.16
y[5, 23, 21, 14, 5] = 0.4  39.3
y[5, 8, 25, 27, 22, 6, 5] = 0.2  91.16
y[5, 18, 10, 8, 13, 14, 5] = 0.2  68.24
y[5, 23, 5] = 0.6  16.0
y[5, 12, 6, 22, 27, 8, 13, 5] = 0.2  93.78
y[5, 26, 24, 30, 11, 9, 7, 20, 5] = 1.0  89.67
y[5, 8, 25, 27, 22, 6, 10, 5] = 0.4  92.46
y[5, 16, 17, 28, 19, 29, 15, 5] = 1.0  94.65
y[5, 18, 10, 27, 25, 13, 5] = 0.2  85.25
y[5, 13, 25, 22, 6, 12, 5] = 0.2  84.99
y[5, 12, 18, 10, 13, 21, 5] = 0.2  57.57
y[5, 14, 21, 12, 18, 5] = 0.4  43.12
false  0

Solve a child node 98
   + Customers MUST      served together:  (11, 24)  (11, 30)  (9, 30)  (9, 24)  (7, 24)  (11, 20)  (9, 20)  (15, 28)  (9, 11)  (7, 9)  (24, 26)  (7, 11)  (20, 24)  (24, 30)  
   + Customers FORBIDDEN served together:  (11, 17)  (17, 24)  (9, 29)  (9, 17)  (19, 24)  (22, 24)  (11, 28)  (11, 18)  (6, 28)  (9, 28)  (11, 15)  (9, 12)  (14, 24)  (9, 15)  (11, 14)  (7, 28)  (9, 14)  (15, 19)  (9, 16)  (15, 24)  (10, 28)  (26, 28)  (18, 24)  (11, 22)  (20, 28)  (11, 19)  (9, 22)  (16, 24)  (9, 19)  (24, 28)  (12, 28)  (12, 24)  (19, 26)  (28, 30)  
   # Total number of 2e routes cannot UNDER:   5  

-------------Iter CG 1-------------
LP Objective Value = 487.19,   sum y = 5.0
x[1, 2, 5, 1],  93.16
y[5, 29, 19, 6, 22, 18, 12, 5] = 0.33  101.87
y[5, 23, 21, 14, 5] = 0.33  39.3
y[5, 13, 8, 25, 27, 6, 10, 5] = 0.33  94.0
y[5, 17, 28, 29, 15, 14, 5] = 0.33  95.42
y[5, 14, 12, 18, 10, 21, 5] = 0.33  48.56
y[5, 16, 17, 28, 29, 15, 5] = 0.33  90.88
y[5, 23, 5] = 0.67  16.0
y[5, 26, 24, 30, 11, 9, 7, 20, 5] = 1.0  89.67
y[5, 16, 19, 22, 27, 8, 13, 5] = 0.33  121.27
y[5, 12, 10, 27, 25, 8, 21, 5] = 0.33  83.66
y[5, 16, 17, 28, 15, 18, 5] = 0.33  94.66
y[5, 13, 25, 22, 6, 19, 5] = 0.33  111.48
true  24
-------------Iter CG 2-------------
LP Objective Value = 481.33,   sum y = 5.0
x[1, 2, 5, 1],  93.16
y[5, 23, 21, 14, 5] = 0.43  39.3
y[5, 16, 28, 29, 15, 18, 5] = 0.14  93.97
y[5, 13, 8, 25, 27, 6, 10, 5] = 0.21  94.0
y[5, 17, 28, 29, 15, 14, 5] = 0.21  95.42
y[5, 16, 17, 28, 29, 15, 5] = 0.5  90.88
y[5, 16, 17, 29, 19, 18, 5] = 0.14  84.11
y[5, 19, 6, 22, 27, 8, 13, 5] = 0.29  120.26
y[5, 23, 5] = 0.57  16.0
y[5, 26, 24, 30, 11, 9, 7, 20, 5] = 1.0  89.67
y[5, 8, 25, 27, 22, 6, 10, 5] = 0.14  92.46
y[5, 12, 18, 10, 13, 21, 5] = 0.21  57.57
y[5, 16, 19, 6, 22, 27, 25, 10, 12, 5] = 0.07  121.33
y[5, 14, 21, 12, 18, 5] = 0.36  43.12
y[5, 19, 6, 22, 25, 8, 10, 12, 5] = 0.29  111.46
y[5, 18, 15, 28, 17, 16, 5] = 0.14  94.66
y[5, 13, 25, 27, 22, 19, 5] = 0.21  119.63
y[5, 13, 8, 25, 27, 10, 12, 5] = 0.07  85.05
true  2
-------------Iter CG 3-------------
LP Objective Value = 481.33,   sum y = 5.0
x[1, 2, 5, 1],  93.16
y[5, 14, 8, 25, 13, 5] = 0.08  69.96
y[5, 23, 21, 14, 5] = 0.46  39.3
y[5, 16, 28, 29, 15, 18, 5] = 0.15  93.97
y[5, 13, 8, 25, 27, 6, 10, 5] = 0.08  94.0
y[5, 17, 28, 29, 15, 14, 5] = 0.08  95.42
y[5, 16, 17, 28, 29, 15, 5] = 0.62  90.88
y[5, 19, 6, 22, 27, 8, 13, 5] = 0.31  120.26
y[5, 23, 5] = 0.54  16.0
y[5, 26, 24, 30, 11, 9, 7, 20, 5] = 1.0  89.67
y[5, 8, 25, 27, 22, 6, 10, 5] = 0.15  92.46
y[5, 18, 10, 6, 19, 29, 17, 5] = 0.15  93.83
y[5, 12, 18, 10, 13, 21, 5] = 0.15  57.57
y[5, 16, 19, 6, 22, 27, 25, 10, 12, 5] = 0.08  121.33
y[5, 14, 21, 12, 18, 5] = 0.38  43.12
y[5, 19, 6, 22, 25, 8, 10, 12, 5] = 0.23  111.46
y[5, 18, 15, 28, 17, 16, 5] = 0.15  94.66
y[5, 13, 25, 27, 22, 19, 5] = 0.23  119.63
y[5, 13, 8, 25, 27, 10, 12, 5] = 0.15  85.05
false  0
Exceed Upper Bound, prune

================Iteration 50 of B&P for SP1 [1, 2, 5, 1] parkings[5]================
Display selected node 97, parent node 96: from 9 nodes
- Branching node in depth: 49
   + Customers MUST      served together:  (11, 24)  (11, 30)  (9, 30)  (9, 24)  (15, 19)  (7, 24)  (11, 20)  (9, 20)  (15, 28)  (9, 11)  (7, 9)  (24, 26)  (7, 11)  (20, 24)  (24, 30)  
   + Customers FORBIDDEN served together:  (11, 17)  (17, 24)  (9, 29)  (9, 17)  (19, 24)  (22, 24)  (11, 28)  (11, 18)  (6, 28)  (9, 28)  (11, 15)  (9, 12)  (14, 24)  (9, 15)  (11, 14)  (7, 28)  (9, 14)  (9, 16)  (15, 24)  (10, 28)  (26, 28)  (18, 24)  (11, 22)  (20, 28)  (11, 19)  (9, 22)  (16, 24)  (9, 19)  (24, 28)  (12, 28)  (12, 24)  (19, 26)  (28, 30)  
   # Total number of 2e routes cannot UNDER:   5  

  Branching node with fractional score: 2.8
  Branching node with cg lower bound: 453.23
  Branching node with LB reduction: 0.0
  Branching node with FS reduction: 0.0
  Total reduction: 0.0
Route(36.4049790107182, [2, 6, 4], 19, 5, Int64[], [0, 0, 0, 0, 0, 1, 0, 0, 0, 0, 0, 0, 0, 0, 0, 0, 0, 0, 0, 0, 0, 0, 0, 0, 0, 0, 0, 0, 0, 0], [0, 0, 0, 1, 0], [0, 1, 0, 0, 0])  0.6
Route(72.63712634521085, [5, 14, 22, 10, 5], 7378, 25, Int64[], [0, 0, 0, 0, 0, 0, 0, 0, 0, 1, 0, 0, 0, 1, 0, 0, 0, 0, 0, 0, 0, 1, 0, 0, 0, 0, 0, 0, 0, 0], [0, 0, 0, 0, 1], [0, 0, 0, 0, 1])  0.4
Route(89.06903086128682, [5, 12, 29, 7, 9, 15, 5], 8700, 31, Int64[], [0, 0, 0, 0, 0, 0, 1, 0, 1, 0, 0, 1, 0, 0, 1, 0, 0, 0, 0, 0, 0, 0, 0, 0, 0, 0, 0, 0, 1, 0], [0, 0, 0, 0, 1], [0, 0, 0, 0, 1])  0.4
Route(113.41670378347719, [5, 17, 28, 19, 30, 6, 10, 5], 8992, 43, Int64[], [0, 0, 0, 0, 0, 1, 0, 0, 0, 1, 0, 0, 0, 0, 0, 0, 1, 0, 1, 0, 0, 0, 0, 0, 0, 0, 0, 1, 0, 1], [0, 0, 0, 0, 1], [0, 0, 0, 0, 1])  0.20000000000000007
Route(112.37017685087446, [5, 16, 28, 19, 11, 30, 24, 5], 9306, 42, Int64[], [0, 0, 0, 0, 0, 0, 0, 0, 0, 0, 1, 0, 0, 0, 0, 1, 0, 0, 1, 0, 0, 0, 0, 1, 0, 0, 0, 1, 0, 1], [0, 0, 0, 0, 1], [0, 0, 0, 0, 1])  0.2
Route(113.53406801629585, [5, 17, 28, 9, 11, 26, 16, 5], 9527, 45, Int64[], [0, 0, 0, 0, 0, 0, 0, 0, 1, 0, 1, 0, 0, 0, 0, 1, 1, 0, 0, 0, 0, 0, 0, 0, 0, 1, 0, 1, 0, 0], [0, 0, 0, 0, 1], [0, 0, 0, 0, 1])  1.0
Route(108.58644744183599, [5, 26, 9, 11, 24, 22, 27, 5], 9948, 50, Int64[], [0, 0, 0, 0, 0, 0, 0, 0, 1, 0, 1, 0, 0, 0, 0, 0, 0, 0, 0, 0, 0, 1, 0, 1, 0, 1, 1, 0, 0, 0], [0, 0, 0, 0, 1], [0, 0, 0, 0, 1])  0.1999999999999999
Route(99.36334196580621, [5, 26, 9, 11, 24, 25, 5], 9949, 47, Int64[], [0, 0, 0, 0, 0, 0, 0, 0, 1, 0, 1, 0, 0, 0, 0, 0, 0, 0, 0, 0, 0, 0, 0, 1, 1, 1, 0, 0, 0, 0], [0, 0, 0, 0, 1], [0, 0, 0, 0, 1])  0.4
Route(121.42810212337008, [5, 20, 15, 26, 24, 11, 9, 28, 19, 5], 9968, 48, Int64[], [0, 0, 0, 0, 0, 0, 0, 0, 1, 0, 1, 0, 0, 0, 1, 0, 0, 0, 1, 1, 0, 0, 0, 1, 0, 1, 0, 1, 0, 0], [0, 0, 0, 0, 1], [0, 0, 0, 0, 1])  0.19999999999999998
Route(122.72411199177432, [5, 20, 15, 26, 24, 11, 9, 7, 28, 19, 5], 9971, 49, Int64[], [0, 0, 0, 0, 0, 0, 1, 0, 1, 0, 1, 0, 0, 0, 1, 0, 0, 0, 1, 1, 0, 0, 0, 1, 0, 1, 0, 1, 0, 0], [0, 0, 0, 0, 1], [0, 0, 0, 0, 1])  0.19999999999999998
Route(112.24103263127151, [5, 20, 9, 11, 30, 24, 27, 5], 10000, 46, Int64[], [0, 0, 0, 0, 0, 0, 0, 0, 1, 0, 1, 0, 0, 0, 0, 0, 0, 0, 0, 1, 0, 0, 0, 1, 0, 0, 1, 0, 0, 1], [0, 0, 0, 0, 1], [0, 0, 0, 0, 1])  1.0
Route(96.7948426245041, [5, 17, 28, 19, 7, 15, 18, 12, 5], 10145, 47, Int64[], [0, 0, 0, 0, 0, 0, 1, 0, 0, 0, 0, 1, 0, 0, 1, 0, 1, 1, 1, 0, 0, 0, 0, 0, 0, 0, 0, 1, 0, 0], [0, 0, 0, 0, 1], [0, 0, 0, 0, 1])  0.19999999999999996

Solve a child node 99
   + Customers MUST      served together:  (11, 24)  (11, 30)  (9, 30)  (9, 24)  (15, 19)  (19, 20)  (7, 24)  (11, 20)  (9, 20)  (15, 28)  (9, 11)  (7, 9)  (24, 26)  (7, 11)  (20, 24)  (24, 30)  
   + Customers FORBIDDEN served together:  (11, 17)  (17, 24)  (9, 29)  (9, 17)  (19, 24)  (22, 24)  (11, 28)  (11, 18)  (6, 28)  (9, 28)  (11, 15)  (9, 12)  (14, 24)  (9, 15)  (11, 14)  (7, 28)  (9, 14)  (9, 16)  (15, 24)  (10, 28)  (26, 28)  (18, 24)  (11, 22)  (20, 28)  (11, 19)  (9, 22)  (16, 24)  (9, 19)  (24, 28)  (12, 28)  (12, 24)  (19, 26)  (28, 30)  
   # Total number of 2e routes cannot UNDER:   5  

-------------Iter CG 1-------------
No feasible solution for LMP

Solve a child node 100
   + Customers MUST      served together:  (11, 24)  (11, 30)  (9, 30)  (9, 24)  (15, 19)  (7, 24)  (11, 20)  (9, 20)  (15, 28)  (9, 11)  (7, 9)  (24, 26)  (7, 11)  (20, 24)  (24, 30)  
   + Customers FORBIDDEN served together:  (11, 17)  (17, 24)  (9, 29)  (9, 17)  (19, 24)  (22, 24)  (11, 28)  (11, 18)  (6, 28)  (9, 28)  (11, 15)  (9, 12)  (14, 24)  (9, 15)  (11, 14)  (7, 28)  (9, 14)  (19, 20)  (9, 16)  (15, 24)  (10, 28)  (26, 28)  (18, 24)  (11, 22)  (20, 28)  (11, 19)  (9, 22)  (16, 24)  (9, 19)  (24, 28)  (12, 28)  (12, 24)  (19, 26)  (28, 30)  
   # Total number of 2e routes cannot UNDER:   5  

-------------Iter CG 1-------------
LP Objective Value = 453.23,   sum y = 5.0
x[1, 2, 5, 1],  93.16
y[5, 23, 21, 14, 5] = 0.4  39.3
y[5, 8, 25, 27, 22, 6, 5] = 0.2  91.16
y[5, 18, 10, 8, 13, 14, 5] = 0.2  68.24
y[5, 23, 5] = 0.6  16.0
y[5, 12, 6, 22, 27, 8, 13, 5] = 0.2  93.78
y[5, 26, 24, 30, 11, 9, 7, 20, 5] = 1.0  89.67
y[5, 8, 25, 27, 22, 6, 10, 5] = 0.4  92.46
y[5, 16, 17, 28, 19, 29, 15, 5] = 1.0  94.65
y[5, 18, 10, 27, 25, 13, 5] = 0.2  85.25
y[5, 13, 25, 22, 6, 12, 5] = 0.2  84.99
y[5, 12, 18, 10, 13, 21, 5] = 0.2  57.57
y[5, 14, 21, 12, 18, 5] = 0.4  43.12
false  0

Total Execution time = 11.21
Current optimal solution 459.98 found in interation 0 in level 0:
[1, 2, 5, 1]  93.16
[5, 14, 23, 5]  33.58
[5, 26, 24, 30, 11, 9, 20, 5]  87.58
[5, 16, 17, 29, 28, 19, 7, 15, 5]  96.94
[5, 8, 25, 27, 22, 6, 5]  91.16
[5, 12, 18, 10, 13, 21, 5]  57.57
