Version identifier: 22.1.1.0 | 2022-11-28 | 9160aff4d
CPXPARAM_TimeLimit                               3600
Tried aggregator 1 time.
MIP Presolve eliminated 293 rows and 138 columns.
MIP Presolve modified 5510 coefficients.
Reduced MIP has 5653 rows, 3872 columns, and 21912 nonzeros.
Reduced MIP has 1904 binaries, 1928 generals, 0 SOSs, and 0 indicators.
Presolve time = 0.00 sec. (14.20 ticks)
Probing time = 0.01 sec. (5.55 ticks)
Cover probing fixed 0 vars, tightened 38 bounds.
Tried aggregator 1 time.
Detecting symmetries...
Reduced MIP has 5653 rows, 3872 columns, and 21912 nonzeros.
Reduced MIP has 1904 binaries, 1928 generals, 0 SOSs, and 0 indicators.
Presolve time = 0.01 sec. (12.66 ticks)
Probing time = 0.01 sec. (5.31 ticks)
Cover probing fixed 0 vars, tightened 31 bounds.
Clique table members: 883.
MIP emphasis: balance optimality and feasibility.
MIP search method: dynamic search.
Parallel mode: deterministic, using up to 12 threads.
Root relaxation solution time = 0.05 sec. (129.36 ticks)

        Nodes                                         Cuts/
   Node  Left     Objective  IInf  Best Integer    Best Bound    ItCnt     Gap

      0     0      313.3357   169                    313.3357     2045         
      0     0      345.3484   234                   Cuts: 295     2810         
      0     0      347.8942   262                   Cuts: 147     3045         
      0     0      350.9355   270                   Cuts: 137     3420         
      0     0      351.4480   277                   Cuts: 104     3536         
      0     0      352.0839   286                    Cuts: 96     3631         
Detecting symmetries...
      0     0      352.1459   287                    Cuts: 72     3838         
      0     0      352.1550   287                    Cuts: 26     3903         
      0     0      352.4589   282                    Cuts: 22     4041         
      0     0      355.0034   281                    Cuts: 65     4332         
      0     0      355.1709   294                    Cuts: 82     4408         
      0     0      355.6418   297                    Cuts: 41     4558         
      0     0      355.8206   306                    Cuts: 62     4672         
      0     0      355.8824   296                    Cuts: 26     4705         
      0     0      355.9167   294                    Cuts: 16     4736         
*     0+    0                          732.1481      355.9167            51.39%
*     0+    0                          721.7338      355.9167            50.69%
*     0+    0                          688.0998      355.9167            48.28%
*     0+    0                          647.8980      355.9167            45.07%
      0     0  -1.00000e+75     0      647.8980      355.9167     4736   45.07%
*     0+    0                          632.2099      355.9167            43.70%
Detecting symmetries...
      0     2      355.9167   294      632.2099      356.6449     4736   43.59%
Elapsed time = 1.80 sec. (4222.51 ticks, tree = 0.02 MB, solutions = 5)
      2     4      376.1515   261      632.2099      356.6449     6366   43.59%
     47    20      436.0491   239      632.2099      382.0619    13033   39.57%
    139    73      425.6608   233      632.2099      406.5374    24659   35.70%
    240   201      518.2454   198      632.2099      406.5374    48459   35.70%
    393   335      430.2658   160      632.2099      406.5374    65584   35.70%
    546   427      589.5951   138      632.2099      406.5374    78195   35.70%
    752   599      527.4601    95      632.2099      406.5374   102690   35.70%
*   993+  703                          623.2625      406.5374            34.77%
*  1015+  703                          608.7062      406.5374            33.21%
   1021   840      602.7129    96      608.7062      406.5374   132326   33.21%
*  1022+  703                          568.5045      406.5374            28.49%
   1179   833      514.3015   126      568.5045      406.9863   143460   28.41%
   1839  1293      533.4837   115      568.5045      407.4496   213343   28.33%
Elapsed time = 3.21 sec. (7384.33 ticks, tree = 5.42 MB, solutions = 8)
   2946  2309      478.3486   171      568.5045      407.4496   301963   28.33%

Performing restart 1

Repeating presolve.
Tried aggregator 1 time.
Reduced MIP has 5653 rows, 3872 columns, and 21912 nonzeros.
Reduced MIP has 1904 binaries, 1928 generals, 0 SOSs, and 0 indicators.
Presolve time = 0.00 sec. (9.14 ticks)
Tried aggregator 1 time.
Reduced MIP has 5653 rows, 3872 columns, and 21912 nonzeros.
Reduced MIP has 1904 binaries, 1928 generals, 0 SOSs, and 0 indicators.
Presolve time = 0.01 sec. (12.97 ticks)
Represolve time = 0.04 sec. (68.18 ticks)
   3910     0      359.2758   330      568.5045     Cuts: 216   367417   28.33%
*  3910+    0                          563.7485      407.4496            27.72%
   3910     0      361.1524   343      563.7485     Cuts: 116   367661   27.72%
*  3910+    0                          559.2734      407.4496            27.15%
   3910     0      362.2375   342      559.2734     Cuts: 171   367969   27.15%
   3910     0      363.2065   348      559.2734     Cuts: 132   368335   27.15%
*  3910+    0                          509.8321      407.4496            20.08%
   3910     2      363.2065   348      509.8321      407.4496   368335   20.08%
   3913     3      408.2243   300      509.8321      407.4496   369280   20.08%
   3922    12      427.2846   224      509.8321      407.4496   375474   20.08%
*  3935+    8                          508.2856      407.4496            19.84%
   3940    20      428.8846   222      508.2856      407.4496   381266   19.84%
   3963    32      434.9923   255      508.2856      407.4496   394047   19.84%
*  3984+   11                          508.0778      407.4496            19.81%
*  3987+   11                          507.1440      407.4496            19.66%
   4004    38      455.0312   226      507.1440      407.4496   412439   19.66%
   4090    80      477.8571   207      507.1440      407.4496   437021   19.66%
   4354   189      467.0391   258      507.1440      411.1873   457100   18.92%
   4645   378      465.6650   186      507.1440      418.9248   488578   17.40%
Elapsed time = 10.09 sec. (23534.28 ticks, tree = 1.03 MB, solutions = 17)
   5033   552      493.4333   184      507.1440      418.9248   513699   17.40%
   5405   965      479.7608   184      507.1440      418.9248   559169   17.40%
   6001  1537      487.5005   200      507.1440      418.9248   612598   17.40%
   6607  1840      472.7546   157      507.1440      418.9248   631995   17.40%
   7010  2317      494.2803   159      507.1440      439.0056   675396   13.44%
   7560  2812      474.3228   182      507.1440      451.0742   736754   11.06%
   7994  3367      462.4361   238      507.1440      451.5074   803578   10.97%
   8536  3793      482.1319   148      507.1440      452.4409   843219   10.79%
   9022  4178      498.9196   179      507.1440      452.6419   885855   10.75%
   9559  4685      494.8401   139      507.1440      452.8481   931489   10.71%
Elapsed time = 14.24 sec. (33084.03 ticks, tree = 24.10 MB, solutions = 17)
  10077  5071      479.7560   209      507.1440      453.3437   977269   10.61%
  10609  5510      494.6377   213      507.1440      453.6409  1025159   10.55%
  11100  6091        cutoff            507.1440      454.0044  1088568   10.48%
  11601  6513      503.6142   184      507.1440      454.5913  1142055   10.36%
  12001  6979      491.9825   151      507.1440      454.6786  1201418   10.35%
  12547  7459      477.6948   212      507.1440      454.8235  1263390   10.32%
  13058  7824      499.6965   175      507.1440      455.1156  1303833   10.26%
  13745  8538      495.8365   135      507.1440      455.2283  1387676   10.24%
  14300  8813      491.1766   174      507.1440      455.5449  1417452   10.17%
  14880  9678      504.1505    83      507.1440      455.8226  1509494   10.12%
Elapsed time = 18.41 sec. (42637.56 ticks, tree = 51.79 MB, solutions = 17)
  15384 10165      501.7545    95      507.1440      456.0257  1566618   10.08%
* 15491+10070                          504.9833      456.0257             9.69%
  15830 10226      479.0844   177      504.9833      456.4928  1599200    9.60%
  16480 10835      470.1902   206      504.9833      456.6756  1671264    9.57%
* 16569+10143                          504.8995      456.6756             9.55%
* 16604+10104                          500.5065      456.6756             8.76%
  16937  9973      492.6474   197      500.5065      456.6756  1709497    8.76%
  17443 10519      477.1190   154      500.5065      456.6756  1779870    8.76%
* 17704+10417                          498.5640      456.6756             8.40%
  17879 10701      487.9653   120      498.5640      456.6756  1800759    8.40%
* 18154+10501                          497.8526      457.5332             8.10%
  18553 10455      476.8529   221      497.8526      457.7528  1847695    8.05%
  19128 10997      478.0292   192      497.8526      458.5744  1931451    7.89%
  19684 11540      494.7198    96      497.8526      458.7420  1996491    7.86%
  20170 12069      479.9098   206      497.8526      458.9851  2072047    7.81%
Elapsed time = 22.57 sec. (52189.07 ticks, tree = 64.42 MB, solutions = 26)
  20659 12276      463.7501   210      497.8526      459.2749  2103233    7.75%
  21218 12921      491.0464   133      497.8526      459.4999  2196782    7.70%
  21907 13190      486.0440   156      497.8526      459.7680  2219577    7.65%
  22431 13916      493.1328   218      497.8526      459.9914  2294500    7.60%
  22961 14212      465.8656   235      497.8526      460.2520  2339031    7.55%
  23541 14936      474.9363   211      497.8526      460.2570  2418205    7.55%
  24111 15303      474.0358   209      497.8526      460.7202  2461842    7.46%
  24652 15964      477.1170   190      497.8526      460.8311  2550844    7.44%
  25181 16365      472.8777   250      497.8526      461.0834  2592926    7.39%
  25604 16639      467.0760   221      497.8526      461.3562  2640352    7.33%
Elapsed time = 26.82 sec. (61743.41 ticks, tree = 89.31 MB, solutions = 26)
  26076 16999      471.0350   186      497.8526      461.6739  2688403    7.27%
  26593 17622        cutoff            497.8526      461.8375  2773825    7.23%
  27068 17888      493.7579    69      497.8526      461.8606  2809792    7.23%
  27606 18137      476.6302   209      497.8526      461.8606  2836561    7.23%
* 27810+18533                          497.0935      461.9081             7.08%
  28028 18587      471.4863   199      497.0935      461.9081  2946371    7.08%
  28467 18775      488.7356   195      497.0935      462.3518  2982734    6.99%
* 28781+18749                          496.6565      462.3584             6.91%
  28922 18970      475.5478   182      496.6565      462.3584  3012194    6.91%
  29360 19013      493.4340   154      496.6565      462.3843  3066642    6.90%
* 29534+18961                          494.8961      462.4102             6.56%
* 29693+18961                          494.5964      462.4239             6.50%
* 29713+19371                          492.9895      462.4239             6.20%
  29801 19500      471.2976   183      492.9895      462.4239  3140036    6.20%
* 29807+19371                          492.7068      462.4239             6.15%
* 29821+19370                          490.7061      462.4239             5.76%
  30233 15527      477.0446   256      490.7061      462.5538  3185539    5.74%
Elapsed time = 31.21 sec. (71297.02 ticks, tree = 82.38 MB, solutions = 34)
  30566 15988      472.4384   268      490.7061      462.7041  3246495    5.71%
  30974 16023      475.9658   203      490.7061      462.8499  3256401    5.68%
  31260 16384      468.4069   168      490.7061      462.8777  3322020    5.67%
  31591 16531      485.1746   102      490.7061      463.0007  3357656    5.65%
  31955 16948      487.0387   213      490.7061      463.0020  3445700    5.65%
  32284 17123      489.5354   183      490.7061      463.1139  3505445    5.62%
  32573 17495      488.4592   222      490.7061      463.2138  3593415    5.60%
  32866 17640      482.4658   213      490.7061      463.2706  3635244    5.59%
  33083 17741      485.7615   180      490.7061      463.3750  3662564    5.57%
  33379 18193      486.7288   194      490.7061      463.4478  3800770    5.55%
Elapsed time = 35.65 sec. (80854.19 ticks, tree = 96.94 MB, solutions = 34)
  33657 18231      486.2895   206      490.7061      463.4754  3806208    5.55%
  33935 18420      484.9639   184      490.7061      463.4754  3869460    5.55%
  34242 18749      478.6688   249      490.7061      463.6547  3959965    5.51%
  34611 18803      484.3404   206      490.7061      463.7693  3982826    5.49%
  34919 19332        cutoff            490.7061      463.7693  4115002    5.49%
  35155 19340      482.5523   243      490.7061      463.9014  4119485    5.46%
  35435 19618      483.4106   123      490.7061      463.9825  4189228    5.45%
  35770 19673      484.0530   144      490.7061      464.0772  4202338    5.43%
  36024 20015      483.6544   237      490.7061      464.0871  4305549    5.42%
  36374 20311      484.2365   167      490.7061      464.1533  4380475    5.41%
Elapsed time = 40.08 sec. (90425.03 ticks, tree = 108.55 MB, solutions = 34)
  36734 20624      473.1951   239      490.7061      464.1909  4458248    5.40%
  37078 20716      489.7781   188      490.7061      464.2631  4483929    5.39%
  37365 20870      480.8583   199      490.7061      464.3898  4523618    5.36%
  37650 21418      488.6668   150      490.7061      464.5123  4652607    5.34%
  37832 21532      489.7362   184      490.7061      464.5466  4710053    5.33%
  38104 21563      480.3491   229      490.7061      464.6129  4712154    5.32%
  38407 21817      480.8808   204      490.7061      464.6587  4816235    5.31%
  38677 21799      486.2679   127      490.7061      464.6949  4814378    5.30%
  39020 22078      485.1718   199      490.7061      464.7759  4913947    5.28%
  40220 22902      486.2888   264      490.7061      464.9846  5129261    5.24%
Elapsed time = 45.89 sec. (102851.31 ticks, tree = 126.53 MB, solutions = 34)
  41048 23583      483.5945   179      490.7061      465.1945  5353264    5.20%
  42289 24064      489.7071   189      490.7061      465.4511  5553999    5.15%
  43693 25159    infeasible            490.7061      465.6806  5840660    5.10%
  45025 26014        cutoff            490.7061      465.8888  6077320    5.06%
  46223 26698      481.3752   228      490.7061      466.0498  6240952    5.02%
  47317 27789      489.5648    99      490.7061      466.2640  6550716    4.98%
  48832 28337      482.4477   255      490.7061      466.4324  6708653    4.95%
  50284 29457      486.9219   197      490.7061      466.6031  7004739    4.91%
  51550 30563      485.2859   223      490.7061      466.8496  7243287    4.86%
  53056 31507      478.1478   222      490.7061      467.0704  7471802    4.82%
Elapsed time = 63.79 sec. (141026.76 ticks, tree = 173.67 MB, solutions = 34)
  54664 32671      481.3269   244      490.7061      467.1782  7718530    4.79%
  55998 33429      489.7120   132      490.7061      467.3367  7895640    4.76%
  57119 34579      482.0637   175      490.7061      467.5612  8202995    4.72%
  58407 35512      480.8732   219      490.7061      467.7234  8451657    4.68%
  59671 36012      487.5281   173      490.7061      467.8616  8575971    4.66%
  60598 36908      488.1700   193      490.7061      468.0294  8854721    4.62%
  61639 37523      485.2188   203      490.7061      468.1643  9099046    4.59%
  62929 37994      482.1228   210      490.7061      468.2693  9268944    4.57%
  63926 38855      485.2205   174      490.7061      468.4005  9525187    4.55%
* 64162+38403                          490.6758      468.4005             4.54%
  65014 39667      487.3584   207      490.6758      468.5786  9795688    4.50%
Elapsed time = 81.69 sec. (179188.95 ticks, tree = 230.55 MB, solutions = 35)
  66072 40070      486.9049   199      490.6758      468.7285  9931469    4.47%
  67225 40584      488.0987   163      490.6758      468.8327 10023807    4.45%
  68555 41493        cutoff            490.6758      469.0135 10297937    4.41%
  69619 42125      485.7777   135      490.6758      469.1251 10406435    4.39%
  70581 42863      485.8373   224      490.6758      469.3154 10642685    4.35%
  71806 43368      485.9404   205      490.6758      469.4741 10754667    4.32%
  72943 43660      482.0347   188      490.6758      469.6845 10883649    4.28%
  74194 44498      481.1419   183      490.6758      469.8173 11112465    4.25%
  75409 45513      486.3548   116      490.6758      470.0221 11397394    4.21%
  76503 46296        cutoff            490.6758      470.2195 11600263    4.17%
Elapsed time = 99.51 sec. (217369.87 ticks, tree = 375.35 MB, solutions = 35)
  77566 46761      486.5372   165      490.6758      470.4638 11758699    4.12%
  78849 47464      489.1842   201      490.6758      470.6614 11982522    4.08%
  80193 48667      485.8578   247      490.6758      470.8648 12237937    4.04%
  81376 48851        cutoff            490.6758      471.0309 12283503    4.00%
  82449 50125      490.1021   132      490.6758      471.2367 12494612    3.96%
  83709 50369      488.2367   178      490.6758      471.4002 12571064    3.93%
  85099 51431        cutoff            490.6758      471.6170 12776977    3.88%
  86331 52632      490.5755   257      490.6758      471.8201 12957267    3.84%
  87469 53055      479.8843   286      490.6758      471.9735 13005038    3.81%
  88585 54032      475.7197   253      490.6758      472.2125 13176087    3.76%
Elapsed time = 117.15 sec. (255528.28 ticks, tree = 581.42 MB, solutions = 35)
  89676 54446      487.7266   175      490.6758      472.3136 13241449    3.74%
  90991 54859      478.7067   269      490.6758      472.5173 13342096    3.70%
  92144 56499      490.4761   113      490.6758      472.6681 13564328    3.67%
  93432 57288      488.7852   151      490.6758      472.8828 13752329    3.63%
  94743 57633      486.5682   257      490.6758      473.0666 13810842    3.59%
  95845 58687      481.9242   226      490.6758      473.2320 13969050    3.56%
  97188 59112      488.7026   245      490.6758      473.3406 14029627    3.53%
  98305 60067      490.5185   199      490.6758      473.5020 14163879    3.50%
  99537 60963      478.1531   242      490.6758      473.6746 14345588    3.46%
 100873 61891      484.8773   227      490.6758      473.8583 14469672    3.43%
Elapsed time = 134.92 sec. (293707.71 ticks, tree = 882.61 MB, solutions = 35)
 102170 62617      477.5831   245      490.6758      474.0473 14580192    3.39%
 103669 63882        cutoff            490.6758      474.2507 14771862    3.35%
 104968 64485      483.0119   250      490.6758      474.3738 14832027    3.32%
 106400 65750      484.3507   110      490.6758      474.5170 14997865    3.29%
 107784 65825      487.2277   176      490.6758      474.6029 15011881    3.28%
 109097 66883      489.1789   118      490.6758      474.7400 15165623    3.25%
 110268 68550        cutoff            490.6758      474.9169 15409085    3.21%
 111701 68911      487.0189   167      490.6758      475.0662 15457894    3.18%
 113057 70668      488.1225   126      490.6758      475.1645 15623883    3.16%
 114181 71129      486.1861   267      490.6758      475.2585 15705895    3.14%
Elapsed time = 152.94 sec. (331895.43 ticks, tree = 1234.52 MB, solutions = 35)
 115107 71529      483.5630   234      490.6758      475.3538 15785450    3.12%
 116323 72319      489.4866   206      490.6758      475.4554 15933444    3.10%
 117579 73258      483.6717   204      490.6758      475.5071 16073598    3.09%
 118635 74319      482.2331   189      490.6758      475.6325 16212277    3.07%
 119802 74781      483.0865   273      490.6758      475.7253 16304932    3.05%
 121155 75773      490.2293   160      490.6758      475.8121 16487423    3.03%
 122474 76580      488.9283   174      490.6758      475.9005 16590917    3.01%
 123499 77453      487.7897   256      490.6758      476.0124 16707375    2.99%
 124463 77951      485.4755   197      490.6758      476.0907 16767342    2.97%
 125434 78613      487.0495   265      490.6758      476.2072 16905700    2.95%
Elapsed time = 171.33 sec. (370075.96 ticks, tree = 1514.37 MB, solutions = 35)
 126555 79145        cutoff            490.6758      476.3497 17020826    2.92%
 127567 80074      488.4503   237      490.6758      476.4685 17166675    2.90%
 128730 80548      487.8880   182      490.6758      476.5388 17251780    2.88%
 129588 81590      489.7979   266      490.6758      476.6396 17424206    2.86%
 130751 82033      484.2153   170      490.6758      476.7223 17543408    2.84%
 132131 82626      486.9018   231      490.6758      476.7828 17625204    2.83%
 133409 83601      489.9812   149      490.6758      476.8683 17750548    2.81%
 134685 84440        cutoff            490.6758      476.9491 17852926    2.80%
 136131 85385        cutoff            490.6758      477.0176 18006853    2.78%
 137282 86876      488.0906   254      490.6758      477.0666 18185756    2.77%
Elapsed time = 190.00 sec. (408277.68 ticks, tree = 1816.25 MB, solutions = 35)
 138345 87463      488.0989   273      490.6758      477.1188 18253313    2.76%
 139424 88403      483.1001   217      490.6758      477.1963 18401695    2.75%
 140584 89302      486.8641   239      490.6758      477.2604 18554010    2.73%
 141761 89948      484.9870   244      490.6758      477.3351 18670129    2.72%
 142986 90358      486.7712   198      490.6758      477.3753 18717541    2.71%
 144133 91775      485.2204   202      490.6758      477.4224 18906396    2.70%
 145201 92393      488.0103   199      490.6758      477.4806 18984989    2.69%
 146292 93378      488.8004   152      490.6758      477.5488 19152679    2.68%
 147488 93893      479.1944   263      490.6758      477.5917 19236772    2.67%
 148875 94721      489.6972   244      490.6758      477.6500 19342190    2.65%
Elapsed time = 208.88 sec. (446469.27 ticks, tree = 2112.86 MB, solutions = 35)
Nodefile size = 54.81 MB (40.39 MB after compression)
 149998 96140      488.5878   171      490.6758      477.6913 19496845    2.65%
 150893 96764      486.4805   168      490.6758      477.7390 19597851    2.64%
 151738 97267      486.2739   219      490.6758      477.7929 19685871    2.63%
 152829 98279      487.6151   183      490.6758      477.8309 19874082    2.62%
 154042 98444        cutoff            490.6758      477.8500 19903456    2.61%
 154977 98979      484.8035   222      490.6758      477.9034 19972558    2.60%
 156040 100519      489.5464   114      490.6758      477.9596 20168110    2.59%
 156971 101001        cutoff            490.6758      478.0149 20278153    2.58%
 157992 101952      487.7092   235      490.6758      478.0590 20443103    2.57%
 158925 102188      480.6735   228      490.6758      478.0801 20491196    2.57%
Elapsed time = 228.98 sec. (484645.73 ticks, tree = 2430.70 MB, solutions = 35)
Nodefile size = 378.44 MB (285.31 MB after compression)
 159921 103116      483.4836   227      490.6758      478.1226 20618746    2.56%
 160771 103444      487.7405   173      490.6758      478.1242 20681099    2.56%
 161804 104288      485.8399   218      490.6758      478.1952 20838499    2.54%
 162797 105166      489.6149   128      490.6758      478.2307 21060140    2.54%
 163846 105647      481.7053   204      490.6758      478.2587 21154702    2.53%
 164836 106876      484.1455   264      490.6758      478.2855 21328419    2.53%
 165907 107523      486.9146   147      490.6758      478.3196 21447573    2.52%
 166781 107886        cutoff            490.6758      478.3419 21517122    2.51%
 168034 108489      489.9671   130      490.6758      478.3864 21624809    2.50%
 168977 109542      490.1479   156      490.6758      478.4113 21773315    2.50%
Elapsed time = 249.18 sec. (522841.84 ticks, tree = 2692.66 MB, solutions = 35)
Nodefile size = 643.09 MB (486.89 MB after compression)
 169842 110465      485.8591   148      490.6758      478.4498 21986733    2.49%
 170590 110919      483.8653   238      490.6758      478.4751 22126188    2.49%
 171432 111371      487.2325   184      490.6758      478.4969 22256760    2.48%
 172398 112205      489.3437   188      490.6758      478.5469 22387644    2.47%
 173528 112714        cutoff            490.6758      478.5802 22464602    2.47%
 174463 113618      489.9234   243      490.6758      478.6144 22614017    2.46%
 175431 114106      488.8909   237      490.6758      478.6487 22704954    2.45%
 176090 114512      490.3535   195      490.6758      478.6848 22802910    2.44%
 176832 115116      488.1560   241      490.6758      478.7023 23031906    2.44%
 177763 115751      484.9132   221      490.6758      478.7475 23170536    2.43%
Elapsed time = 269.25 sec. (561023.85 ticks, tree = 2892.12 MB, solutions = 35)
Nodefile size = 840.90 MB (637.21 MB after compression)
 178669 116100      489.0671   188      490.6758      478.7744 23226422    2.43%
 179487 116807      490.0260   104      490.6758      478.7995 23326040    2.42%
 180482 117111      488.1872   184      490.6758      478.8268 23400066    2.41%
 181523 118175      487.9710   149      490.6758      478.8566 23612928    2.41%
 182440 118798        cutoff            490.6758      478.8905 23709500    2.40%
 183137 119060      486.9567   177      490.6758      478.9237 23755109    2.40%
 183792 120091      488.6372   179      490.6758      478.9276 24036775    2.39%
 184653 120417      481.8712   261      490.6758      478.9651 24149961    2.39%
 185462 120601      487.0922   257      490.6758      478.9940 24188262    2.38%
 186390 121080      489.5534   205      490.6758      479.0229 24305836    2.37%
Elapsed time = 289.57 sec. (599207.15 ticks, tree = 3075.80 MB, solutions = 35)
Nodefile size = 1024.35 MB (778.15 MB after compression)
 187241 121838        cutoff            490.6758      479.0492 24421924    2.37%
 188169 122309      485.7248   205      490.6758      479.0772 24531844    2.36%
 189053 122737        cutoff            490.6758      479.1024 24607444    2.36%
 189801 123513        cutoff            490.6758      479.1477 24747011    2.35%
 190528 124307        cutoff            490.6758      479.1753 24970652    2.34%
 191316 124682      490.1065   181      490.6758      479.2094 25156065    2.34%
 192547 125058      484.6530   141      490.6758      479.2380 25212024    2.33%
 193509 126346      488.3594   235      490.6758      479.2599 25396046    2.33%
 194519 126403      485.8580   175      490.6758      479.2801 25406650    2.32%
 195364 127298      486.9049   136      490.6758      479.3053 25560873    2.32%
Elapsed time = 309.62 sec. (637412.07 ticks, tree = 3342.06 MB, solutions = 35)
Nodefile size = 1292.01 MB (986.27 MB after compression)
 196194 128620      487.4135   213      490.6758      479.3360 25777610    2.31%
 197123 128909      487.8897   196      490.6758      479.3449 25826324    2.31%
 198120 129413      488.9560   257      490.6758      479.3821 25915603    2.30%
 199096 129602      488.6307   232      490.6758      479.4142 25936752    2.30%
 199949 130378      484.5892   212      490.6758      479.4453 26057296    2.29%
 200599 131335        cutoff            490.6758      479.4714 26254169    2.28%
 201570 131971      483.2600   194      490.6758      479.4956 26504242    2.28%
 202638 132125      483.9415   203      490.6758      479.5239 26551602    2.27%
 203728 133492      484.3153   232      490.6758      479.5385 26735059    2.27%
 204569 133757        cutoff            490.6758      479.5614 26788187    2.27%
Elapsed time = 330.21 sec. (675604.93 ticks, tree = 3580.20 MB, solutions = 35)
Nodefile size = 1530.18 MB (1171.13 MB after compression)
 205427 134648      485.5112   155      490.6758      479.5815 26907783    2.26%
 206321 135064      489.1400   226      490.6758      479.5961 27033839    2.26%
 207343 135907      485.6405   184      490.6758      479.6106 27194759    2.26%
 208259 135990        cutoff            490.6758      479.6443 27204913    2.25%
 209041 136957      487.4036   191      490.6758      479.6740 27327413    2.24%
 209859 137723      488.3039   156      490.6758      479.6973 27469548    2.24%
 210479 138009        cutoff            490.6758      479.7191 27529674    2.23%
 211236 138488        cutoff            490.6758      479.7420 27678849    2.23%
 212069 138795      487.5044   230      490.6758      479.7539 27772059    2.23%
 213120 139324      489.2427    84      490.6758      479.7716 27974572    2.22%
Elapsed time = 350.90 sec. (713799.31 ticks, tree = 3768.14 MB, solutions = 35)
Nodefile size = 1711.35 MB (1311.43 MB after compression)
 214054 140180      489.6232   182      490.6758      479.8016 28159229    2.22%
 214824 140586      486.2038   156      490.6758      479.8169 28230445    2.21%
 215540 141398        cutoff            490.6758      479.8334 28360917    2.21%
 216363 142362      487.1865   214      490.6758      479.8646 28600202    2.20%
 217271 142510        cutoff            490.6758      479.8851 28632845    2.20%
 217984 142915      488.0069   117      490.6758      479.9027 28690664    2.20%
 218608 143896      487.2461   224      490.6758      479.9309 28872762    2.19%
 219150 143978      490.4895   193      490.6758      479.9369 28896107    2.19%
 219779 144350      489.4708   153      490.6758      479.9580 29003544    2.18%
 220568 145058      487.1317   201      490.6758      479.9793 29295781    2.18%
Elapsed time = 371.59 sec. (752009.31 ticks, tree = 4011.10 MB, solutions = 35)
Nodefile size = 1960.89 MB (1507.20 MB after compression)
 221380 145438      485.9375   204      490.6758      479.9928 29382287    2.18%
 222239 145981      489.7114   221      490.6758      480.0028 29484543    2.18%
 223056 146408      489.7614   244      490.6758      480.0268 29566190    2.17%
 224043 146484      490.3951   146      490.6758      480.0425 29574699    2.17%
 224855 147645      485.8149   226      490.6758      480.0671 29792103    2.16%
 225563 148202      490.0092   198      490.6758      480.0966 29914115    2.16%
 226186 148250      488.3890   178      490.6758      480.1117 29929224    2.15%
 226858 148906      486.7099   186      490.6758      480.1310 30160507    2.15%
 227698 149423      485.8365   242      490.6758      480.1596 30345795    2.14%
 228526 149698      490.2781   250      490.6758      480.1686 30415246    2.14%
Elapsed time = 392.23 sec. (790192.76 ticks, tree = 4202.10 MB, solutions = 35)
Nodefile size = 2151.56 MB (1656.54 MB after compression)
 229319 150011      485.2510   245      490.6758      480.1874 30464196    2.14%
 230069 151208      489.3684   121      490.6758      480.2111 30713141    2.13%
 230784 151559      487.2243   243      490.6758      480.2201 30803719    2.13%
 231600 152027        cutoff            490.6758      480.2266 30893552    2.13%
 232444 152295      489.4640   207      490.6758      480.2651 30949522    2.12%
 233217 153007      485.8673   215      490.6758      480.2700 31076228    2.12%
 233848 153197      485.9442   192      490.6758      480.2882 31123107    2.12%
 234632 154133      486.0573   204      490.6758      480.3065 31403161    2.11%
 235456 154387      485.5540   232      490.6758      480.3231 31475670    2.11%
 236439 155011      484.9494   250      490.6758      480.3441 31622632    2.11%
Elapsed time = 412.69 sec. (828389.74 ticks, tree = 4361.83 MB, solutions = 35)
Nodefile size = 2307.31 MB (1777.88 MB after compression)
 237453 154804        cutoff            490.6758      480.3549 31583237    2.10%
 238186 156135      487.2223   213      490.6758      480.3707 31811633    2.10%
 238877 156824      489.0113   134      490.6758      480.3887 32040117    2.10%
 239832 156887        cutoff            490.6758      480.4010 32049907    2.09%
 240795 157684        cutoff            490.6758      480.4245 32267604    2.09%
 241588 158330      487.5876   210      490.6758      480.4444 32366579    2.09%
 242362 159006      488.9442   231      490.6758      480.4532 32494956    2.08%
 243110 159037      486.0908   221      490.6758      480.4709 32505864    2.08%
 243847 159881      484.4783   212      490.6758      480.4823 32706255    2.08%
 244641 160221      488.8665   186      490.6758      480.4958 32795099    2.07%
Elapsed time = 433.40 sec. (866599.32 ticks, tree = 4575.65 MB, solutions = 35)
Nodefile size = 2522.31 MB (1946.51 MB after compression)
 245494 160780      485.4490   209      490.6758      480.5160 32900249    2.07%
 246304 161442      490.6229   220      490.6758      480.5226 33024073    2.07%
 246981 161629      490.6501   160      490.6758      480.5431 33052907    2.07%
 247693 162514      489.0764   188      490.6758      480.5700 33225476    2.06%
 248391 162434      489.7171   207      490.6758      480.5781 33207938    2.06%
 249043 162870      489.7332   161      490.6758      480.5932 33346001    2.05%
 249668 163694        cutoff            490.6758      480.6038 33557444    2.05%
 250429 163794      486.9254   229      490.6758      480.6217 33580451    2.05%
 251032 164518      486.4347   190      490.6758      480.6428 33789452    2.04%
 251803 164744      489.4576   253      490.6758      480.6512 33867670    2.04%
Elapsed time = 454.01 sec. (904776.84 ticks, tree = 4740.36 MB, solutions = 35)
Nodefile size = 2685.61 MB (2075.04 MB after compression)
 252531 165444      489.6189   224      490.6758      480.6672 34122000    2.04%
 253204 165725      485.3291   221      490.6758      480.6773 34179706    2.04%
 253960 165947      485.5049   170      490.6758      480.6908 34225184    2.03%
 254627 166729      486.7665   138      490.6758      480.7078 34431239    2.03%
 255275 167174      489.2698   221      490.6758      480.7124 34521747    2.03%
 256061 167301      486.3139   280      490.6758      480.7280 34543668    2.03%
 256923 168183      484.7508   267      490.6758      480.7468 34739097    2.02%
 257759 168150      490.1185   242      490.6758      480.7562 34724387    2.02%
 258395 169104      485.9654   245      490.6758      480.7641 34888390    2.02%
 259050 169063      490.1024   197      490.6758      480.7840 34872593    2.02%
Elapsed time = 475.20 sec. (942984.70 ticks, tree = 4935.41 MB, solutions = 35)
Nodefile size = 2884.16 MB (2233.39 MB after compression)
 259548 170082      488.1753   216      490.6758      480.8038 35133871    2.01%
 260231 170388      489.5937   191      490.6758      480.8178 35307741    2.01%
 261028 170545      488.3664   112      490.6758      480.8321 35362099    2.01%
 261935 171127      489.5314   235      490.6758      480.8481 35524493    2.00%
 262695 171465      490.4166   217      490.6758      480.8546 35587457    2.00%
 263356 172511      489.1172   125      490.6758      480.8661 35773002    2.00%
 263969 172647      488.4386   183      490.6758      480.8755 35827625    2.00%
 264763 172818      485.6069   245      490.6758      480.8883 35896686    1.99%
 265645 173785      484.9420   226      490.6758      480.9025 36109957    1.99%
 266288 174142      486.2435   139      490.6758      480.9127 36182355    1.99%
Elapsed time = 496.29 sec. (981200.98 ticks, tree = 5126.26 MB, solutions = 35)
Nodefile size = 3074.77 MB (2383.39 MB after compression)
 267041 174510      485.7486   210      490.6758      480.9208 36245839    1.99%
 267703 174759      488.3264   233      490.6758      480.9345 36291648    1.99%
 268329 175359      484.1695   226      490.6758      480.9477 36427630    1.98%
 268924 175771      487.3388   188      490.6758      480.9609 36541956    1.98%
 269420 175776      489.1062   195      490.6758      480.9721 36568604    1.98%
 269950 176501        cutoff            490.6758      480.9860 36833741    1.97%
 270815 176627        cutoff            490.6758      481.0006 36842171    1.97%
 271601 176886      488.2213   258      490.6758      481.0100 36975135    1.97%
 272312 177038        cutoff            490.6758      481.0178 37007066    1.97%
 272909 178357      488.0018   157      490.6758      481.0296 37214704    1.97%
Elapsed time = 517.48 sec. (1019401.08 ticks, tree = 5330.48 MB, solutions = 35)
Nodefile size = 3278.87 MB (2547.08 MB after compression)
 273642 178569        cutoff            490.6758      481.0402 37285222    1.96%
 274236 179235        cutoff            490.6758      481.0518 37444663    1.96%
 274900 179253      487.7003   191      490.6758      481.0636 37451341    1.96%
 275456 179757      490.5252   272      490.6758      481.0821 37595755    1.96%
 276029 180230      486.8771   217      490.6758      481.0920 37713652    1.95%
 276444 180256      488.6796   206      490.6758      481.1008 37725795    1.95%
 276985 180535      488.9979   161      490.6758      481.1111 37817168    1.95%
 277482 180839      489.2022   169      490.6758      481.1250 38009867    1.95%
 278014 180967      489.4951   148      490.6758      481.1443 38089812    1.94%
 278608 181596      489.8860   310      490.6758      481.1527 38298951    1.94%
Elapsed time = 538.60 sec. (1057618.16 ticks, tree = 5403.83 MB, solutions = 35)
Nodefile size = 3351.97 MB (2603.07 MB after compression)
 279218 181576      488.1669   268      490.6758      481.1651 38293400    1.94%
 279845 182036      487.8337   221      490.6758      481.1735 38456938    1.94%
 280324 182049      486.6111   227      490.6758      481.1912 38465030    1.93%
 280761 182552      487.5373   145      490.6758      481.1995 38581063    1.93%
 281236 182734      490.0009   174      490.6758      481.2108 38644178    1.93%
 281606 182894      487.3750   194      490.6758      481.2236 38756905    1.93%
 282098 183285        cutoff            490.6758      481.2444 38996086    1.92%
 282663 183374        cutoff            490.6758      481.2568 39062354    1.92%
 283344 183616      489.7743   119      490.6758      481.2777 39179180    1.92%
 283789 183824      488.5226   156      490.6758      481.2936 39244676    1.91%
Elapsed time = 560.08 sec. (1095845.36 ticks, tree = 5515.02 MB, solutions = 35)
Nodefile size = 3459.77 MB (2689.76 MB after compression)
 284318 184298        cutoff            490.6758      481.2996 39353862    1.91%
 284861 184643      489.2412   172      490.6758      481.3178 39503385    1.91%
 285318 184740      484.3767   303      490.6758      481.3289 39542513    1.90%
 285748 185090      490.0363   216      490.6758      481.3519 39689525    1.90%
 286234 185344      488.7444   212      490.6758      481.3579 39811543    1.90%
 286706 185415      489.0122   173      490.6758      481.3772 39858954    1.90%
 287106 185603      487.7148   205      490.6758      481.3919 39958463    1.89%
 287442 185945      487.0755   209      490.6758      481.4071 40187401    1.89%
 287841 185954      487.8844   256      490.6758      481.4071 40221247    1.89%
 288245 186301        cutoff            490.6758      481.4376 40459379    1.88%
Elapsed time = 581.42 sec. (1134111.99 ticks, tree = 5609.16 MB, solutions = 35)
Nodefile size = 3560.86 MB (2771.81 MB after compression)
 288780 186290      489.8028   138      490.6758      481.4572 40450434    1.88%
 289286 186382      490.1516   220      490.6758      481.4650 40533494    1.88%
 289808 186670      490.2182   243      490.6758      481.4775 40626626    1.87%
 290244 186929        cutoff            490.6758      481.4841 40726345    1.87%
 290673 187007        cutoff            490.6758      481.4999 40757116    1.87%
 291081 187244      488.9524   240      490.6758      481.5082 40870591    1.87%
 291592 187594      488.6941   268      490.6758      481.5247 41087939    1.86%
 291989 187630      488.7779   234      490.6758      481.5357 41142296    1.86%
 292332 187696      489.5440   201      490.6758      481.5488 41174180    1.86%
 292663 187887        cutoff            490.6758      481.5725 41253326    1.86%
Elapsed time = 602.80 sec. (1172356.60 ticks, tree = 5697.56 MB, solutions = 35)
Nodefile size = 3646.06 MB (2840.08 MB after compression)
 293087 188065      489.5725   175      490.6758      481.5882 41362355    1.85%
 293547 188150      488.5972   246      490.6758      481.5921 41494526    1.85%
 293932 188565      488.4116   158      490.6758      481.6066 41703584    1.85%
 294397 188520      489.4616   192      490.6758      481.6227 41702688    1.85%
 294815 188631      487.5627   218      490.6758      481.6342 41773995    1.84%
 295182 188902      489.0627   252      490.6758      481.6446 41901224    1.84%
 295610 189133        cutoff            490.6758      481.6545 42001872    1.84%
 296089 189132      489.1944   232      490.6758      481.6630 42024746    1.84%
 296494 189393        cutoff            490.6758      481.6821 42212999    1.83%
 296825 189547        cutoff            490.6758      481.6915 42308959    1.83%
Elapsed time = 624.39 sec. (1210636.43 ticks, tree = 5776.31 MB, solutions = 35)
Nodefile size = 3725.71 MB (2904.42 MB after compression)
 297216 189687        cutoff            490.6758      481.7060 42455169    1.83%
 297610 189759        cutoff            490.6758      481.7118 42552267    1.83%
 298066 189882      489.5313   149      490.6758      481.7245 42671749    1.82%
 298427 189954        cutoff            490.6758      481.7303 42744585    1.82%
 298928 190345      488.9809   145      490.6758      481.7509 42908372    1.82%
 299465 190524      487.8544   233      490.6758      481.7629 43034300    1.82%
 299992 190557      488.8963   281      490.6758      481.7787 43054219    1.81%
 300532 190881        cutoff            490.6758      481.7846 43164006    1.81%
 301069 191036      489.2925   201      490.6758      481.8057 43198851    1.81%
 301461 191478      489.7020   263      490.6758      481.8094 43335559    1.81%
Elapsed time = 646.36 sec. (1248848.15 ticks, tree = 5878.85 MB, solutions = 35)
Nodefile size = 3827.71 MB (2987.88 MB after compression)
 301925 191671      490.3567   156      490.6758      481.8268 43407960    1.80%
 302415 191773      488.4962   231      490.6758      481.8341 43471477    1.80%
 302799 192052      489.9715   127      490.6758      481.8488 43632583    1.80%
 303217 192358        cutoff            490.6758      481.8542 43769372    1.80%
 303727 192531      488.9290   204      490.6758      481.8668 43992113    1.80%
 304166 192470      487.5311   159      490.6758      481.8744 43902405    1.79%
 304676 192769      489.0421   229      490.6758      481.8906 44100408    1.79%
 305070 192993        cutoff            490.6758      481.8980 44200253    1.79%
 305424 193076      488.4507   166      490.6758      481.9046 44231325    1.79%
 305852 193184        cutoff            490.6758      481.9150 44262744    1.79%
Elapsed time = 668.09 sec. (1287130.61 ticks, tree = 5946.25 MB, solutions = 35)
Nodefile size = 3895.28 MB (3041.96 MB after compression)
 306319 193585      487.5365   213      490.6758      481.9281 44536153    1.78%
 306783 193509      489.9145   281      490.6758      481.9401 44449607    1.78%
 307245 193839        cutoff            490.6758      481.9534 44658008    1.78%
 307666 194024      489.8428   183      490.6758      481.9627 44769120    1.78%
 307987 194164      490.4558   289      490.6758      481.9659 44836575    1.78%
 308303 194344        cutoff            490.6758      481.9827 44914909    1.77%
 308649 194461      490.2554   245      490.6758      481.9928 45058043    1.77%
 309060 194565      490.1058   258      490.6758      482.0035 45248427    1.77%
 309433 194563      485.6798   217      490.6758      482.0171 45215058    1.76%
 309838 194724      490.3285   187      490.6758      482.0315 45345904    1.76%
Elapsed time = 689.95 sec. (1325381.33 ticks, tree = 6000.78 MB, solutions = 35)
Nodefile size = 3953.06 MB (3088.67 MB after compression)
 310274 194948      488.8938   174      490.6758      482.0423 45498464    1.76%
 310781 195016      488.9682   166      490.6758      482.0566 45489239    1.76%
 311210 195154      490.0462   153      490.6758      482.0632 45633859    1.76%
 311625 195543      489.4493   220      490.6758      482.0737 45790742    1.75%
 312018 195575        cutoff            490.6758      482.0834 45823902    1.75%
 312443 195684        cutoff            490.6758      482.0953 45925609    1.75%
 312772 195726      489.6760   168      490.6758      482.1046 45935734    1.75%
 313099 195844        cutoff            490.6758      482.1143 46075571    1.74%
 313378 195929      486.6805   201      490.6758      482.1238 46185730    1.74%
 313735 196017      487.0778   242      490.6758      482.1350 46407206    1.74%
Elapsed time = 712.93 sec. (1363717.38 ticks, tree = 6061.88 MB, solutions = 35)
Nodefile size = 4016.82 MB (3140.43 MB after compression)
 314208 196123      488.5022   300      490.6758      482.1503 46551114    1.74%
 314721 196109        cutoff            490.6758      482.1640 46514710    1.73%
 315153 196336        cutoff            490.6758      482.1759 46672387    1.73%
 315560 196398      490.2183    67      490.6758      482.1847 46730093    1.73%
 315921 196606      488.8097   174      490.6758      482.1961 46790351    1.73%
 316282 196666        cutoff            490.6758      482.2042 46880426    1.73%
 316657 196923        cutoff            490.6758      482.2194 47012263    1.72%
 317112 196983      488.2004   183      490.6758      482.2295 47136732    1.72%
 317614 197015        cutoff            490.6758      482.2397 47167577    1.72%
 318089 197063      489.4716   156      490.6758      482.2497 47215012    1.72%
Elapsed time = 735.34 sec. (1401957.28 ticks, tree = 6117.44 MB, solutions = 35)
Nodefile size = 4063.85 MB (3178.17 MB after compression)
 318455 197356      490.0146   245      490.6758      482.2620 47369358    1.71%
 318824 197433        cutoff            490.6758      482.2724 47443115    1.71%
 319212 197637      487.9606   206      490.6758      482.2803 47645650    1.71%
 319575 197519        cutoff            490.6758      482.2911 47576688    1.71%
 319889 197764        cutoff            490.6758      482.2993 47910022    1.71%
 320277 197814      490.2062   255      490.6758      482.3167 47954531    1.70%
 320711 197874      488.3395   232      490.6758      482.3283 47996999    1.70%
 321240 198017        cutoff            490.6758      482.3382 48204031    1.70%
 321695 198290      485.7632   223      490.6758      482.3477 48320839    1.70%
 322201 198378      486.5276   197      490.6758      482.3549 48391402    1.70%
Elapsed time = 757.46 sec. (1440186.10 ticks, tree = 6195.78 MB, solutions = 35)
Nodefile size = 4144.72 MB (3243.94 MB after compression)
 322615 198404      490.4692   119      490.6758      482.3645 48385569    1.69%
 323019 198396      489.1058   211      490.6758      482.3742 48407668    1.69%
 323403 198735        cutoff            490.6758      482.3859 48566280    1.69%
 323683 198723      486.5951   185      490.6758      482.3976 48608484    1.69%
 323974 198932        cutoff            490.6758      482.4021 48882800    1.69%
 324267 198960      489.6899   181      490.6758      482.4193 48983503    1.68%
 324658 198910        cutoff            490.6758      482.4280 48881519    1.68%
 325112 199060      490.3442   190      490.6758      482.4461 49286177    1.68%
 325546 199057      489.2970   150      490.6758      482.4572 49265542    1.67%
 325899 199172        cutoff            490.6758      482.4697 49404986    1.67%
Elapsed time = 780.10 sec. (1478437.48 ticks, tree = 6243.86 MB, solutions = 35)
Nodefile size = 4192.26 MB (3283.17 MB after compression)
 326342 199249      487.4432   247      490.6758      482.4786 49390280    1.67%
 326733 199247      486.8111   235      490.6758      482.4917 49487302    1.67%
 327180 199401      490.4402   135      490.6758      482.5032 49638592    1.67%
 327521 199630      489.1038   247      490.6758      482.5124 49807220    1.66%
 328018 199547      490.6363   178      490.6758      482.5239 49759853    1.66%
 328547 199796      489.3251   256      490.6758      482.5353 49898564    1.66%
 329081 199887      490.6463   205      490.6758      482.5465 50032630    1.66%
 329457 200190      486.5090   240      490.6758      482.5630 50153377    1.65%
 329824 200277      488.9026   251      490.6758      482.5721 50179817    1.65%
 330132 200438      489.1224   172      490.6758      482.5865 50273423    1.65%
Elapsed time = 802.58 sec. (1516656.30 ticks, tree = 6319.64 MB, solutions = 35)
Nodefile size = 4267.90 MB (3344.83 MB after compression)
 330455 200565        cutoff            490.6758      482.5977 50394139    1.65%
 330800 200606      489.9807   234      490.6758      482.6060 50509547    1.64%
 331228 200666      490.1800   204      490.6758      482.6184 50712491    1.64%
 331517 200663      489.8085   216      490.6758      482.6296 50721047    1.64%
 331937 200754        cutoff            490.6758      482.6437 50851067    1.64%
 332278 200857        cutoff            490.6758      482.6564 50970051    1.63%
 332762 200962        cutoff            490.6758      482.6645 51148520    1.63%
 333135 201114      488.9109   234      490.6758      482.6701 51297811    1.63%
 333419 201174      489.1817   209      490.6758      482.6788 51346499    1.63%
 333776 201195      486.8179   175      490.6758      482.6873 51358678    1.63%
Elapsed time = 825.03 sec. (1554899.12 ticks, tree = 6336.70 MB, solutions = 35)
Nodefile size = 4284.47 MB (3357.84 MB after compression)
 334249 201354      489.4811   225      490.6758      482.6990 51737748    1.63%
 334690 201368      489.7629   184      490.6758      482.7072 51715740    1.62%
 335167 201386      489.1465   209      490.6758      482.7179 51768947    1.62%
 335655 201582      490.4530   121      490.6758      482.7284 51876172    1.62%
 336025 201604      487.8378   205      490.6758      482.7382 51912736    1.62%
 336502 201785        cutoff            490.6758      482.7537 51991096    1.61%
*336849 202034      integral     0      490.6333      482.7595 52091606    1.60%
 336936 202127        cutoff            490.6333      482.7625 52238129    1.60%
 337289 202155      489.5211   150      490.6333      482.7707 52209285    1.60%
 337754 202160        cutoff            490.6333      482.7764 52341710    1.60%
 338204 202311      490.5037   120      490.6333      482.7852 52504270    1.60%
Elapsed time = 847.58 sec. (1593109.01 ticks, tree = 6387.78 MB, solutions = 36)
Nodefile size = 4332.58 MB (3396.28 MB after compression)
 338712 202389        cutoff            490.6333      482.7999 52607873    1.60%
 339102 202329      488.3963   217      490.6333      482.8114 52574418    1.59%
 339458 202694        cutoff            490.6333      482.8205 52735709    1.59%
 339856 202732      489.6645   222      490.6333      482.8283 52823036    1.59%
 340129 202762        cutoff            490.6333      482.8351 52801586    1.59%
 340458 202775      487.5482   229      490.6333      482.8446 52938950    1.59%
 340799 202969      486.6925   228      490.6333      482.8566 53219470    1.59%
 341278 202987      489.7901   179      490.6333      482.8730 53308970    1.58%
 341658 203118      490.5864   176      490.6333      482.8798 53484958    1.58%
 342084 203305      488.7949    91      490.6333      482.8918 53614855    1.58%
Elapsed time = 870.56 sec. (1631412.44 ticks, tree = 6453.83 MB, solutions = 36)
Nodefile size = 4402.59 MB (3453.37 MB after compression)
 342408 203337      487.9100   176      490.6333      482.8994 53609533    1.58%
 342865 203363      489.4695   254      490.6333      482.9109 53693562    1.57%
 343249 203368        cutoff            490.6333      482.9237 53722084    1.57%
 343695 203443        cutoff            490.6333      482.9357 53841641    1.57%
 344207 203536        cutoff            490.6333      482.9432 54040206    1.57%
 344580 203697      489.6166   240      490.6333      482.9517 54115130    1.57%
 345031 203727        cutoff            490.6333      482.9588 54221439    1.56%
 345465 203802      488.0367   227      490.6333      482.9717 54286748    1.56%
 345837 203953      489.6598   238      490.6333      482.9846 54406152    1.56%
 346213 203935        cutoff            490.6333      482.9960 54431509    1.56%
Elapsed time = 893.61 sec. (1669642.33 ticks, tree = 6504.51 MB, solutions = 36)
Nodefile size = 4453.54 MB (3494.94 MB after compression)
 346577 203973      490.6260   201      490.6333      483.0039 54542430    1.56%
 346952 204058      488.4014   250      490.6333      483.0185 54666791    1.55%
 347292 204064      489.1521   260      490.6333      483.0288 54640192    1.55%
 347644 204125        cutoff            490.6333      483.0392 54748464    1.55%
 348067 204288        cutoff            490.6333      483.0520 54936664    1.55%
 348495 204334      488.2945   213      490.6333      483.0623 55006327    1.54%
 348898 204478      487.3607   187      490.6333      483.0803 55279553    1.54%
 349366 204503        cutoff            490.6333      483.0868 55331189    1.54%
 349722 204670      487.9380   170      490.6333      483.0981 55422287    1.54%
 350200 204738      488.5885   181      490.6333      483.1094 55502499    1.53%
Elapsed time = 916.18 sec. (1707904.50 ticks, tree = 6533.64 MB, solutions = 36)
Nodefile size = 4482.81 MB (3518.19 MB after compression)
 350645 204892      489.3264   197      490.6333      483.1158 55647724    1.53%
 351098 204815        cutoff            490.6333      483.1231 55580751    1.53%
 351507 205103      488.5608   216      490.6333      483.1276 55737490    1.53%
 351978 205192      488.9730   151      490.6333      483.1344 55861940    1.53%
 352360 205204      489.2464   257      490.6333      483.1470 55887773    1.53%
 352811 205331        cutoff            490.6333      483.1583 55982125    1.52%
 353293 205495        cutoff            490.6333      483.1717 56170797    1.52%
 353694 205519      490.4388   184      490.6333      483.1796 56228188    1.52%
 354029 205697        cutoff            490.6333      483.1907 56332640    1.52%
 354355 205900        cutoff            490.6333      483.1999 56516148    1.52%
Elapsed time = 938.70 sec. (1746166.51 ticks, tree = 6583.48 MB, solutions = 36)
Nodefile size = 4535.22 MB (3560.92 MB after compression)
 354703 205886      487.2110   233      490.6333      483.2069 56499889    1.51%
 355196 205906      488.2814   162      490.6333      483.2145 56627258    1.51%
 355555 205918        cutoff            490.6333      483.2230 56657776    1.51%
 355966 206000      487.9447   235      490.6333      483.2381 56889848    1.51%
 356405 206186      488.3660   143      490.6333      483.2469 57100406    1.51%
 356882 206185        cutoff            490.6333      483.2569 56985357    1.50%
 357288 206318      489.6681    90      490.6333      483.2684 57219473    1.50%
 357741 206373        cutoff            490.6333      483.2759 57329390    1.50%
 358146 206499      490.3953   126      490.6333      483.2846 57365943    1.50%
 358535 206366      486.2411   199      490.6333      483.2931 57328217    1.50%
Elapsed time = 961.32 sec. (1784440.59 ticks, tree = 6602.86 MB, solutions = 36)
Nodefile size = 4549.26 MB (3571.72 MB after compression)
 359001 206512        cutoff            490.6333      483.3023 57498711    1.49%
 359328 206655        cutoff            490.6333      483.3150 57651443    1.49%
 359674 206701        cutoff            490.6333      483.3232 57744351    1.49%
 360042 206673      488.9600   272      490.6333      483.3314 57717995    1.49%
 360491 206676        cutoff            490.6333      483.3448 57804697    1.49%
 360893 206776        cutoff            490.6333      483.3523 58054378    1.48%
 361368 206912      489.1435   208      490.6333      483.3692 58267485    1.48%
 361837 206950        cutoff            490.6333      483.3789 58355790    1.48%
 362272 206998        cutoff            490.6333      483.3869 58432801    1.48%
 362606 207268      490.5492   191      490.6333      483.3993 58563259    1.47%
Elapsed time = 983.48 sec. (1822752.71 ticks, tree = 6659.25 MB, solutions = 36)
Nodefile size = 4607.19 MB (3619.02 MB after compression)
 363004 207246      490.4369   239      490.6333      483.4061 58590144    1.47%
 363346 207338        cutoff            490.6333      483.4216 58781094    1.47%
 363735 207312      488.4574   232      490.6333      483.4269 58831529    1.47%
 364252 207305        cutoff            490.6333      483.4371 58944920    1.47%
 364805 207283        cutoff            490.6333      483.4514 58907364    1.46%
 365288 207383        cutoff            490.6333      483.4595 59039914    1.46%
 365698 207371        cutoff            490.6333      483.4737 59060370    1.46%
 366172 207579      490.4236   112      490.6333      483.4845 59200224    1.46%
 366540 207692        cutoff            490.6333      483.4917 59299489    1.46%
 366914 207768      490.2592   229      490.6333      483.5026 59371160    1.45%
Elapsed time = 1005.84 sec. (1860998.88 ticks, tree = 6713.00 MB, solutions = 36)
Nodefile size = 4661.09 MB (3663.15 MB after compression)
 367287 207911        cutoff            490.6333      483.5100 59418433    1.45%
 367631 207889        cutoff            490.6333      483.5167 59521085    1.45%
 367996 207995        cutoff            490.6333      483.5337 59773230    1.45%
 368322 207987      487.1057   248      490.6333      483.5385 59639447    1.45%
 368698 208133        cutoff            490.6333      483.5552 60028032    1.44%
 369103 208137      490.5208   250      490.6333      483.5642 60034853    1.44%
 369582 208203        cutoff            490.6333      483.5734 60105941    1.44%
 370002 208127      490.3182   237      490.6333      483.5880 60294658    1.44%
 370359 208170      490.4535   231      490.6333      483.5946 60333232    1.43%
 370759 208321      486.9175   239      490.6333      483.6039 60511521    1.43%
Elapsed time = 1027.91 sec. (1899233.78 ticks, tree = 6728.26 MB, solutions = 36)
Nodefile size = 4676.74 MB (3675.53 MB after compression)
 371192 208299        cutoff            490.6333      483.6140 60459065    1.43%
 371566 208267        cutoff            490.6333      483.6180 60571996    1.43%
 372005 208289      489.6144   186      490.6333      483.6328 60669305    1.43%
 372430 208444      488.1073   198      490.6333      483.6401 60864486    1.43%
 372880 208478      490.3598   208      490.6333      483.6464 61011207    1.42%
 373332 208593      489.9924   162      490.6333      483.6590 61083781    1.42%
 373764 208612      489.1572   263      490.6333      483.6636 61135762    1.42%
 374215 208629        cutoff            490.6333      483.6758 61171447    1.42%
 374563 208643      489.8763   226      490.6333      483.6903 61265593    1.42%
 375002 208624      487.9906   252      490.6333      483.6935 61231868    1.41%
Elapsed time = 1050.33 sec. (1937452.15 ticks, tree = 6755.19 MB, solutions = 36)
Nodefile size = 4703.34 MB (3696.87 MB after compression)
 375429 208904      490.1611   177      490.6333      483.7110 61592528    1.41%
 375806 208926      488.6437   165      490.6333      483.7201 61605786    1.41%
 376185 208917      489.1071   133      490.6333      483.7275 61571345    1.41%
 376538 209105        cutoff            490.6333      483.7395 61885848    1.41%
 376937 209185      489.0313   176      490.6333      483.7476 61992517    1.40%
 377302 209198        cutoff            490.6333      483.7597 62033403    1.40%
 377830 209184        cutoff            490.6333      483.7708 62187712    1.40%
 378302 209258      488.5485   156      490.6333      483.7761 62307444    1.40%
 378737 209307        cutoff            490.6333      483.7905 62336655    1.39%
 379220 209342        cutoff            490.6333      483.8019 62559788    1.39%
Elapsed time = 1072.56 sec. (1975668.00 ticks, tree = 6772.90 MB, solutions = 36)
Nodefile size = 4720.29 MB (3710.87 MB after compression)
 379664 209386        cutoff            490.6333      483.8054 62618602    1.39%
 380115 209401        cutoff            490.6333      483.8147 62602859    1.39%
 380561 209509        cutoff            490.6333      483.8206 62730970    1.39%
 380988 209627      489.7911   204      490.6333      483.8281 62850534    1.39%
 381419 209720      488.5845   231      490.6333      483.8379 62931127    1.39%
 381925 209820        cutoff            490.6333      483.8425 63031198    1.38%
 382360 210037      487.3757   167      490.6333      483.8569 63239532    1.38%
 382847 210009        cutoff            490.6333      483.8654 63177453    1.38%
 383343 210081      487.4952   179      490.6333      483.8694 63323325    1.38%
 383799 210039        cutoff            490.6333      483.8910 63362810    1.37%
Elapsed time = 1095.17 sec. (2013886.01 ticks, tree = 6795.57 MB, solutions = 36)
Nodefile size = 4753.88 MB (3737.48 MB after compression)
 384229 210170        cutoff            490.6333      483.8991 63440382    1.37%
 384659 210216      486.6527   171      490.6333      483.9073 63490126    1.37%
 385058 210411        cutoff            490.6333      483.9179 63772509    1.37%
 385426 210302      489.9444   193      490.6333      483.9231 63637660    1.37%
 385790 210395      489.7541   240      490.6333      483.9325 63790215    1.37%
 386209 210539      488.4154   218      490.6333      483.9423 64096001    1.36%
 386638 210539      490.0546   203      490.6333      483.9460 64201861    1.36%
 387027 210508      488.0991   175      490.6333      483.9602 64295004    1.36%
 387486 210587        cutoff            490.6333      483.9702 64521847    1.36%
 387945 210564        cutoff            490.6333      483.9748 64398443    1.36%
Elapsed time = 1117.26 sec. (2052151.68 ticks, tree = 6824.98 MB, solutions = 36)
Nodefile size = 4788.52 MB (3765.09 MB after compression)
 388388 210596      490.1468   161      490.6333      483.9958 64681278    1.35%
 388796 210634        cutoff            490.6333      484.0026 64722019    1.35%
 389239 210605      490.4498   249      490.6333      484.0049 64587216    1.35%
 389558 210725      490.0426   204      490.6333      484.0225 64916037    1.35%
 389996 210743      487.8922   198      490.6333      484.0279 64946790    1.35%
 390412 210710      489.9265   189      490.6333      484.0354 65014623    1.34%
 390888 210668        cutoff            490.6333      484.0491 65006741    1.34%
 391312 210736        cutoff            490.6333      484.0551 65219526    1.34%
 391741 210721        cutoff            490.6333      484.0669 65153129    1.34%
 392176 210803        cutoff            490.6333      484.0782 65486321    1.34%
Elapsed time = 1139.70 sec. (2090391.86 ticks, tree = 6852.33 MB, solutions = 36)
Nodefile size = 4809.61 MB (3782.04 MB after compression)
 392570 210809        cutoff            490.6333      484.0826 65517755    1.34%
 393008 210787      489.4236   159      490.6333      484.0974 65450583    1.33%
 393485 210860        cutoff            490.6333      484.1152 65618156    1.33%
 393859 210902        cutoff            490.6333      484.1184 65714854    1.33%
 394344 211008        cutoff            490.6333      484.1348 66074793    1.32%
 394764 210939      488.8992   205      490.6333      484.1471 65956681    1.32%
 395193 211057        cutoff            490.6333      484.1571 66202991    1.32%
 395583 211041        cutoff            490.6333      484.1682 66223075    1.32%
 395945 211068        cutoff            490.6333      484.1767 66249415    1.32%
 396399 211128      488.9870   147      490.6333      484.1834 66421407    1.31%
Elapsed time = 1161.87 sec. (2128669.08 ticks, tree = 6884.67 MB, solutions = 36)
Nodefile size = 4834.46 MB (3801.83 MB after compression)
 396797 211047        cutoff            490.6333      484.1998 66630947    1.31%
 397260 211051        cutoff            490.6333      484.2093 66636490    1.31%
 397789 211109      490.1459   222      490.6333      484.2180 66871955    1.31%
 398392 211125        cutoff            490.6333      484.2266 66878028    1.31%
 398909 211173      488.7957   261      490.6333      484.2314 66843429    1.30%
 399446 211402      490.3501    89      490.6333      484.2437 67010234    1.30%
 399871 211530      489.4151   195      490.6333      484.2567 67099417    1.30%
 400280 211557      490.2908   124      490.6333      484.2638 67107615    1.30%
 400697 211646      489.2377   231      490.6333      484.2765 67276812    1.30%
 401040 211681        cutoff            490.6333      484.2894 67297040    1.29%
Elapsed time = 1184.27 sec. (2166893.69 ticks, tree = 6950.30 MB, solutions = 36)
Nodefile size = 4897.99 MB (3853.29 MB after compression)
 401404 211674      487.4873   270      490.6333      484.2926 67351020    1.29%
 401757 211810        cutoff            490.6333      484.3022 67648512    1.29%
 402163 211787      486.6197   213      490.6333      484.3148 67572824    1.29%
 402524 211888      487.8852   171      490.6333      484.3203 67886119    1.29%
 402886 211837      489.2146   252      490.6333      484.3325 67824337    1.28%
 403379 211849        cutoff            490.6333      484.3445 67932212    1.28%
 403780 211917      488.7629   142      490.6333      484.3491 68140369    1.28%
 404277 211857      490.2400   108      490.6333      484.3640 68267691    1.28%
 404723 211907      488.8204   211      490.6333      484.3696 68383531    1.28%
 405165 211765      490.5444   195      490.6333      484.3765 68351750    1.28%
Elapsed time = 1206.40 sec. (2205156.55 ticks, tree = 6935.86 MB, solutions = 36)
Nodefile size = 4897.99 MB (3853.29 MB after compression)
 405641 211892      486.8760   165      490.6333      484.3926 68458643    1.27%
 406089 211920      488.9078   203      490.6333      484.3994 68577264    1.27%
 406535 211867      488.7322   212      490.6333      484.4058 68567289    1.27%
 406958 211991        cutoff            490.6333      484.4199 68797201    1.27%
 407398 212012      487.9580   180      490.6333      484.4245 68855221    1.27%
 407801 212049      489.2143   274      490.6333      484.4329 68912628    1.26%
 408302 212072      490.3855   186      490.6333      484.4440 69154215    1.26%
 408850 212068        cutoff            490.6333      484.4510 69228658    1.26%
 409342 212076        cutoff            490.6333      484.4632 69234717    1.26%
 409729 212123      490.3794    86      490.6333      484.4721 69385037    1.26%
Elapsed time = 1228.78 sec. (2243389.45 ticks, tree = 6968.93 MB, solutions = 36)
Nodefile size = 4919.00 MB (3870.12 MB after compression)
 410136 212067        cutoff            490.6333      484.4790 69368652    1.25%
 410581 212165        cutoff            490.6333      484.4924 69538020    1.25%
 410985 212209      490.3260   191      490.6333      484.5065 69576507    1.25%
 411361 212151      489.5753   247      490.6333      484.5107 69613025    1.25%
 411815 212327      489.6915   220      490.6333      484.5226 70018045    1.25%
 412211 212281      489.0222   203      490.6333      484.5336 70172919    1.24%
 412705 212323      488.9335   134      490.6333      484.5361 70085365    1.24%
 413052 212279      489.7717   251      490.6333      484.5474 70209374    1.24%
 413502 212344      488.4331   249      490.6333      484.5638 70471983    1.24%
 413983 212371      490.1616    98      490.6333      484.5659 70368485    1.24%
Elapsed time = 1251.09 sec. (2281576.62 ticks, tree = 6969.25 MB, solutions = 36)
Nodefile size = 4935.20 MB (3882.93 MB after compression)
 414384 212341      489.4529   215      490.6333      484.5805 70442331    1.23%
 414860 212247        cutoff            490.6333      484.5941 70578423    1.23%
 415291 212275        cutoff            490.6333      484.5967 70720580    1.23%
 415696 212225        cutoff            490.6333      484.6072 70642159    1.23%
 416112 212233      490.3139    92      490.6333      484.6176 70815355    1.23%
 416437 212164      490.1141   193      490.6333      484.6201 70950971    1.23%
 416868 212161        cutoff            490.6333      484.6296 70935831    1.22%
 417249 212100        cutoff            490.6333      484.6439 71011786    1.22%
 417665 212101        cutoff            490.6333      484.6492 71295325    1.22%
 418074 212062      489.2569   213      490.6333      484.6613 71444748    1.22%
Elapsed time = 1273.26 sec. (2319790.73 ticks, tree = 6978.53 MB, solutions = 36)
Nodefile size = 4949.27 MB (3894.18 MB after compression)
 418532 212122      490.1736   129      490.6333      484.6742 71368197    1.21%
 418995 212042        cutoff            490.6333      484.6765 71638211    1.21%
 419394 212069      489.4211   180      490.6333      484.6914 71572858    1.21%
 419838 212108      489.5528   144      490.6333      484.7085 71958186    1.21%
 420287 212084      490.0392   214      490.6333      484.7127 72010216    1.21%
 420671 212086        cutoff            490.6333      484.7241 71982009    1.20%
 421105 212036        cutoff            490.6333      484.7398 72072861    1.20%
 421538 212002        cutoff            490.6333      484.7426 72114224    1.20%
 422068 211871        cutoff            490.6333      484.7535 72245399    1.20%
 422542 211890      489.6275   132      490.6333      484.7661 72279377    1.20%
Elapsed time = 1295.60 sec. (2358015.98 ticks, tree = 6993.63 MB, solutions = 36)
Nodefile size = 4949.27 MB (3894.18 MB after compression)
 423013 212031      489.5167   158      490.6333      484.7677 72489461    1.20%
 423449 212059      487.3219   225      490.6333      484.7803 72395829    1.19%
 423962 212053        cutoff            490.6333      484.7935 72553839    1.19%
 424491 212133        cutoff            490.6333      484.7955 72827641    1.19%
 425044 212144      488.3447   159      490.6333      484.8066 72833644    1.19%
 425523 212280      490.1892   211      490.6333      484.8195 73031783    1.18%
 425934 212258      490.1308   204      490.6333      484.8249 73083493    1.18%
 426352 212253        cutoff            490.6333      484.8363 73059497    1.18%
 426843 212327      489.5442   191      490.6333      484.8521 73193127    1.18%
 427232 212349        cutoff            490.6333      484.8589 73184732    1.18%
Elapsed time = 1318.05 sec. (2396261.84 ticks, tree = 7014.22 MB, solutions = 36)
Nodefile size = 4961.41 MB (3903.77 MB after compression)
 427652 212174      490.0867   197      490.6333      484.8702 73351972    1.17%
 428041 212210        cutoff            490.6333      484.8816 73335845    1.17%
 428497 212165        cutoff            490.6333      484.8865 73642601    1.17%
 428975 212156        cutoff            490.6333      484.8952 73712869    1.17%
 429369 212164        cutoff            490.6333      484.9084 73665647    1.17%
 429833 212134      490.0906   245      490.6333      484.9104 73731001    1.17%
 430349 212154        cutoff            490.6333      484.9212 74163739    1.16%
 430826 212195      488.3153   222      490.6333      484.9348 74070989    1.16%
 431357 212091      488.4980   246      490.6333      484.9376 74251186    1.16%
 431815 212380      488.2732   234      490.6333      484.9506 74463298    1.16%
Elapsed time = 1340.08 sec. (2434517.22 ticks, tree = 6995.86 MB, solutions = 36)
Nodefile size = 4972.85 MB (3913.00 MB after compression)
 432243 212272      490.1196   116      490.6333      484.9648 74566573    1.16%
 432713 212317      488.4134   130      490.6333      484.9694 74522196    1.15%
 433184 212216      489.2040   188      490.6333      484.9814 74688214    1.15%
 433612 212213      489.1712   209      490.6333      484.9950 74665715    1.15%
 434031 212274        cutoff            490.6333      485.0003 74643289    1.15%
 434460 212214        cutoff            490.6333      485.0127 74765640    1.15%
 434922 212282      488.5384   241      490.6333      485.0243 74923304    1.14%
 435314 212262        cutoff            490.6333      485.0293 74981697    1.14%
 435748 212269      489.2444   100      490.6333      485.0365 75206298    1.14%
 436209 212268        cutoff            490.6333      485.0488 75264939    1.14%
Elapsed time = 1362.47 sec. (2472758.90 ticks, tree = 7008.81 MB, solutions = 36)
Nodefile size = 4972.85 MB (3913.00 MB after compression)
 436702 212252        cutoff            490.6333      485.0579 75299036    1.14%
 437169 212245        cutoff            490.6333      485.0619 75329922    1.14%
 437523 212310        cutoff            490.6333      485.0742 75606039    1.13%
 437948 212334        cutoff            490.6333      485.0855 75603278    1.13%
 438368 212333        cutoff            490.6333      485.0923 75616151    1.13%
 438939 212126        cutoff            490.6333      485.1047 76019776    1.13%
 439407 212255      485.4731   231      490.6333      485.1167 75874072    1.12%
 439955 212191      489.8241   131      490.6333      485.1211 75956039    1.12%
 440396 212084      488.4582   257      490.6333      485.1285 76070181    1.12%
 440850 212231      489.4805   180      490.6333      485.1411 76243191    1.12%
Elapsed time = 1384.85 sec. (2511046.10 ticks, tree = 7014.79 MB, solutions = 36)
Nodefile size = 4972.85 MB (3913.00 MB after compression)
 441282 212348        cutoff            490.6333      485.1432 76303966    1.12%
 441655 212308        cutoff            490.6333      485.1525 76503622    1.12%
 442104 212288        cutoff            490.6333      485.1695 76512364    1.11%
 442500 212157        cutoff            490.6333      485.1721 76774683    1.11%
 442954 212093        cutoff            490.6333      485.1810 76831671    1.11%
 443398 212048        cutoff            490.6333      485.2009 76861411    1.11%
 443906 212031        cutoff            490.6333      485.2037 77069130    1.11%
 444409 212001        cutoff            490.6333      485.2138 76952149    1.10%
 444955 211917      490.1796   237      490.6333      485.2241 77192235    1.10%
 445395 211890        cutoff            490.6333      485.2298 77199185    1.10%
Elapsed time = 1407.12 sec. (2549338.68 ticks, tree = 7032.30 MB, solutions = 36)
Nodefile size = 4990.62 MB (3926.97 MB after compression)
 445925 211951        cutoff            490.6333      485.2388 77299558    1.10%
 446363 211925      489.5056   235      490.6333      485.2521 77467618    1.10%
 446798 211839      490.1616   167      490.6333      485.2569 77363343    1.10%
 447209 211902        cutoff            490.6333      485.2624 77485500    1.09%
 447716 211894        cutoff            490.6333      485.2777 77467286    1.09%
 448127 211920        cutoff            490.6333      485.2866 77736887    1.09%
 448570 211933      488.2065   121      490.6333      485.2912 77750577    1.09%
 449052 211916        cutoff            490.6333      485.3048 77842102    1.09%
 449537 211917        cutoff            490.6333      485.3155 78262579    1.08%
 449942 211890      489.1875   154      490.6333      485.3174 77956142    1.08%
Elapsed time = 1429.42 sec. (2587530.91 ticks, tree = 7034.22 MB, solutions = 36)
Nodefile size = 5005.25 MB (3938.65 MB after compression)
 450410 211970        cutoff            490.6333      485.3295 78467848    1.08%
 450837 211797      490.0263    89      490.6333      485.3476 78622371    1.08%
 451323 211952      490.3181   195      490.6333      485.3502 78399640    1.08%
 451783 211865        cutoff            490.6333      485.3609 78588282    1.07%
 452244 211822      488.9010   101      490.6333      485.3762 78706096    1.07%
 452692 211675      489.3975   182      490.6333      485.3787 78884455    1.07%
 453165 211712        cutoff            490.6333      485.3876 78874540    1.07%
 453615 211643      488.4692   192      490.6333      485.3997 79030064    1.07%
 454102 211687        cutoff            490.6333      485.4040 78986709    1.07%
 454571 211480      489.6360   158      490.6333      485.4081 79256117    1.06%
Elapsed time = 1451.79 sec. (2625757.88 ticks, tree = 7023.55 MB, solutions = 36)
Nodefile size = 5005.25 MB (3938.65 MB after compression)
 455026 211573      489.9742   225      490.6333      485.4216 79137347    1.06%
 455498 211486        cutoff            490.6333      485.4292 79376367    1.06%
 456001 211470        cutoff            490.6333      485.4333 79408597    1.06%
 456441 211477        cutoff            490.6333      485.4473 79525319    1.06%
 456924 211335      487.5802   166      490.6333      485.4576 79647384    1.05%
 457448 211293      490.5251   157      490.6333      485.4600 79617155    1.05%
 457936 211271      489.2930   329      490.6333      485.4694 79805019    1.05%
 458485 211272      490.1611   149      490.6333      485.4863 79939798    1.05%
 458988 211275        cutoff            490.6333      485.4890 79923367    1.05%
 459488 211278      488.1376   235      490.6333      485.4981 79958363    1.05%
Elapsed time = 1473.98 sec. (2663948.11 ticks, tree = 7047.41 MB, solutions = 36)
Nodefile size = 5005.25 MB (3938.65 MB after compression)
 459931 211257        cutoff            490.6333      485.5111 80100129    1.04%
 460363 211289      487.3061   228      490.6333      485.5185 80248356    1.04%
 460867 211367      487.3169   149      490.6333      485.5205 80315166    1.04%
 461358 211322        cutoff            490.6333      485.5342 80637861    1.04%
 461840 211312        cutoff            490.6333      485.5428 80646331    1.04%
 462297 211361        cutoff            490.6333      485.5472 80613288    1.04%
 462765 211325      490.1749   116      490.6333      485.5599 81042902    1.03%
 463287 211457        cutoff            490.6333      485.5742 80936038    1.03%
 463773 211303      490.2181   126      490.6333      485.5766 81080464    1.03%
 464239 211303      490.5598   150      490.6333      485.5878 81228955    1.03%
Elapsed time = 1495.94 sec. (2702190.83 ticks, tree = 7009.82 MB, solutions = 36)
Nodefile size = 5005.25 MB (3938.65 MB after compression)
 464704 211282        cutoff            490.6333      485.6056 81289148    1.02%
 465152 211270      488.6867   191      490.6333      485.6081 81278004    1.02%
 465632 211113        cutoff            490.6333      485.6174 81481845    1.02%
 466092 211077        cutoff            490.6333      485.6277 81634746    1.02%
 466614 211132      489.3650   117      490.6333      485.6316 81479039    1.02%
 467036 211134      490.4791   111      490.6333      485.6359 81488489    1.02%
 467529 211126        cutoff            490.6333      485.6479 81662127    1.02%
 468042 210913        cutoff            490.6333      485.6571 81950280    1.01%
 468581 210958      489.6498   189      490.6333      485.6616 81880031    1.01%
 469129 210990        cutoff            490.6333      485.6720 82124835    1.01%
Elapsed time = 1518.33 sec. (2740428.27 ticks, tree = 7001.64 MB, solutions = 36)
Nodefile size = 5005.25 MB (3938.65 MB after compression)
 469640 211008        cutoff            490.6333      485.6866 82214454    1.01%
 470209 211062      487.6137   109      490.6333      485.6887 82114663    1.01%
 470667 211069      490.0188   192      490.6333      485.6973 82355597    1.01%
 471235 210992      489.8997   134      490.6333      485.7092 82468191    1.00%
 471649 211001      489.3002   211      490.6333      485.7177 82495418    1.00%
 472104 210982      488.3651   216      490.6333      485.7233 82487088    1.00%
 472545 210959      490.4091   158      490.6333      485.7367 82525375    1.00%
 472986 210946      489.8397   221      490.6333      485.7478 82606773    1.00%
 473436 210933      489.2064   115      490.6333      485.7518 82691601    0.99%
 473919 210823        cutoff            490.6333      485.7611 82952080    0.99%
Elapsed time = 1540.33 sec. (2778633.07 ticks, tree = 7031.68 MB, solutions = 36)
Nodefile size = 5005.25 MB (3938.65 MB after compression)
 474386 210655      489.5345   161      490.6333      485.7753 83152836    0.99%
 474850 210790        cutoff            490.6333      485.7766 83030497    0.99%
 475343 210629        cutoff            490.6333      485.7848 83407734    0.99%
 475837 210606        cutoff            490.6333      485.8021 83372006    0.98%
 476387 210628      490.4080   253      490.6333      485.8049 83340209    0.98%
 476846 210663      489.0472   288      490.6333      485.8146 83782687    0.98%
 477380 210686      489.5266   158      490.6333      485.8230 83814185    0.98%
 477913 210540      490.4498   209      490.6333      485.8315 83907056    0.98%
 478417 210726      490.5361   194      490.6333      485.8368 83862753    0.98%
 478896 210526        cutoff            490.6333      485.8490 83959527    0.98%
Elapsed time = 1562.19 sec. (2816852.29 ticks, tree = 7007.41 MB, solutions = 36)
Nodefile size = 5005.25 MB (3938.65 MB after compression)
 479402 210718        cutoff            490.6333      485.8641 84052197    0.97%
 479915 210646        cutoff            490.6333      485.8665 84075912    0.97%
 480358 210523      489.9282   223      490.6333      485.8748 84382937    0.97%
 480884 210535        cutoff            490.6333      485.8906 84447039    0.97%
 481373 210506        cutoff            490.6333      485.8966 84371732    0.97%
 481824 210485      490.3457   244      490.6333      485.9034 84542115    0.96%
 482305 210372        cutoff            490.6333      485.9111 84744571    0.96%
 482791 210356        cutoff            490.6333      485.9229 84837968    0.96%
 483341 210243      487.8424   175      490.6333      485.9263 84931796    0.96%
 483840 210323        cutoff            490.6333      485.9351 84848697    0.96%
Elapsed time = 1584.43 sec. (2855067.67 ticks, tree = 7010.71 MB, solutions = 36)
Nodefile size = 5005.25 MB (3938.65 MB after compression)
 484389 210162        cutoff            490.6333      485.9489 84986209    0.95%
 485019 209973      489.7204   164      490.6333      485.9516 85132228    0.95%
 485518 209986        cutoff            490.6333      485.9580 85086289    0.95%
 486004 209983        cutoff            490.6333      485.9715 85324926    0.95%
 486444 209958      488.0298   153      490.6333      485.9753 85217179    0.95%
 486894 209943        cutoff            490.6333      485.9803 85428830    0.95%
 487398 209936        cutoff            490.6333      485.9916 85408450    0.95%
 487904 209754        cutoff            490.6333      486.0104 85664189    0.94%
 488397 209847        cutoff            490.6333      486.0133 85600214    0.94%
 488883 209718      490.2906   123      490.6333      486.0198 85778532    0.94%
Elapsed time = 1606.74 sec. (2893296.29 ticks, tree = 6999.98 MB, solutions = 36)
Nodefile size = 5005.25 MB (3938.65 MB after compression)
 489396 209605      489.2876   151      490.6333      486.0391 86082657    0.94%
 489860 209664        cutoff            490.6333      486.0423 86175907    0.94%
 490380 209625        cutoff            490.6333      486.0502 86389452    0.93%
 490917 209655        cutoff            490.6333      486.0601 86187530    0.93%
 491484 209515      489.8294   242      490.6333      486.0719 86548949    0.93%
 492002 209519        cutoff            490.6333      486.0778 86535976    0.93%
 492584 209562      488.4648   138      490.6333      486.0882 86466269    0.93%
 493192 209414      490.1923   126      490.6333      486.1049 86600136    0.92%
 493729 209406        cutoff            490.6333      486.1069 86688434    0.92%
 494200 209411      489.4403   215      490.6333      486.1146 86777544    0.92%
Elapsed time = 1628.99 sec. (2931556.78 ticks, tree = 7012.02 MB, solutions = 36)
Nodefile size = 5005.25 MB (3938.65 MB after compression)
 494735 209381      489.1568   132      490.6333      486.1277 86890414    0.92%
 495271 209416      488.9801   151      490.6333      486.1360 86899815    0.92%
 495740 209418        cutoff            490.6333      486.1402 87101205    0.92%
 496260 209403        cutoff            490.6333      486.1469 87110367    0.91%
 496792 209403        cutoff            490.6333      486.1635 87218353    0.91%
 497260 209275      490.5821   152      490.6333      486.1683 87570973    0.91%
 497751 209294      487.8371   172      490.6333      486.1751 87372801    0.91%
 498205 209117      488.8975   192      490.6333      486.1885 87680202    0.91%
 498730 209133        cutoff            490.6333      486.1937 87688236    0.90%
 499345 209182      490.2847    82      490.6333      486.2014 87641682    0.90%
Elapsed time = 1651.54 sec. (2969741.65 ticks, tree = 6937.82 MB, solutions = 36)
Nodefile size = 4934.43 MB (3882.14 MB after compression)
 499884 209034        cutoff            490.6333      486.2068 87742956    0.90%
 500387 208929      487.2669   207      490.6333      486.2267 87841859    0.90%
 500866 208908      489.6545   182      490.6333      486.2318 87867178    0.90%
 501368 208905        cutoff            490.6333      486.2389 87933485    0.90%
 501830 208676        cutoff            490.6333      486.2528 88279237    0.89%
 502358 208623      490.1816   160      490.6333      486.2551 88354035    0.89%
 502878 208568      489.7632   131      490.6333      486.2651 88505363    0.89%
 503427 208592      489.3475   283      490.6333      486.2709 88379064    0.89%
 504017 208532      489.8776   215      490.6333      486.2812 88683509    0.89%
 504493 208514        cutoff            490.6333      486.2852 88687293    0.89%
Elapsed time = 1674.00 sec. (3007943.70 ticks, tree = 6855.51 MB, solutions = 36)
Nodefile size = 4829.47 MB (3798.28 MB after compression)
 504934 208386        cutoff            490.6333      486.2915 88957477    0.88%
 505371 208346      489.6711   177      490.6333      486.3072 89197047    0.88%
 505855 208279        cutoff            490.6333      486.3129 89219349    0.88%
 506299 208296      488.2529   110      490.6333      486.3213 89150610    0.88%
 506847 208305      488.7014   203      490.6333      486.3303 89336840    0.88%
 507344 208242        cutoff            490.6333      486.3426 89360568    0.87%
 507742 208224        cutoff            490.6333      486.3469 89459685    0.87%
 508242 208315        cutoff            490.6333      486.3540 89365203    0.87%
 508787 208239        cutoff            490.6333      486.3668 89682345    0.87%
 509319 208183      489.5527   147      490.6333      486.3721 89937056    0.87%
Elapsed time = 1696.35 sec. (3046237.02 ticks, tree = 6779.79 MB, solutions = 36)
Nodefile size = 4728.77 MB (3717.77 MB after compression)
 509776 208143      489.1228   222      490.6333      486.3802 89791597    0.87%
 510265 208097        cutoff            490.6333      486.3826 89915269    0.87%
 510675 208150      489.5046   184      490.6333      486.3984 89948138    0.86%
 511074 208110        cutoff            490.6333      486.4025 90140710    0.86%
 511592 208083      489.8151   229      490.6333      486.4094 90231235    0.86%
 512100 208064        cutoff            490.6333      486.4267 90258407    0.86%
 512586 207964        cutoff            490.6333      486.4299 90412776    0.86%
 513078 207975      488.9101   157      490.6333      486.4360 90459732    0.86%
 513626 207998      488.5158   205      490.6333      486.4398 90430590    0.85%
 514112 207962        cutoff            490.6333      486.4518 90478860    0.85%
Elapsed time = 1718.65 sec. (3084468.83 ticks, tree = 6772.29 MB, solutions = 36)
Nodefile size = 4723.45 MB (3712.94 MB after compression)
 514615 207886        cutoff            490.6333      486.4568 90788746    0.85%
 515116 207961      489.0379   125      490.6333      486.4634 90674976    0.85%
 515537 207978        cutoff            490.6333      486.4757 91021297    0.85%
 516025 207853        cutoff            490.6333      486.4803 91189784    0.85%
 516541 208004        cutoff            490.6333      486.4846 91032488    0.85%
 517065 207834      488.9059   170      490.6333      486.4895 91323632    0.84%
 517602 207807      489.6044   205      490.6333      486.5053 91346064    0.84%
 518079 207831      488.7961   147      490.6333      486.5095 91270089    0.84%
 518590 207756        cutoff            490.6333      486.5150 91385909    0.84%
 519161 207763        cutoff            490.6333      486.5216 91414393    0.84%
Elapsed time = 1740.36 sec. (3122715.45 ticks, tree = 6715.66 MB, solutions = 36)
Nodefile size = 4662.36 MB (3664.09 MB after compression)
 519690 207784        cutoff            490.6333      486.5299 91552872    0.84%
 520246 207825      487.9994   246      490.6333      486.5348 91560771    0.84%
 520772 207656      489.3205   219      490.6333      486.5381 91949923    0.83%
 521249 207590        cutoff            490.6333      486.5495 91869229    0.83%
 521692 207599      490.6230   153      490.6333      486.5533 91925280    0.83%
 522160 207695      490.5439   197      490.6333      486.5591 92192636    0.83%
 522583 207612        cutoff            490.6333      486.5656 92295265    0.83%
 523051 207602        cutoff            490.6333      486.5742 92419616    0.83%
 523489 207583        cutoff            490.6333      486.5780 92613961    0.83%
 523924 207554        cutoff            490.6333      486.5838 92447948    0.83%
Elapsed time = 1762.10 sec. (3160922.25 ticks, tree = 6681.11 MB, solutions = 36)
Nodefile size = 4628.27 MB (3637.20 MB after compression)
 524490 207533      488.4161   184      490.6333      486.5950 92686569    0.82%
 525020 207355        cutoff            490.6333      486.6010 92835496    0.82%
 525448 207381        cutoff            490.6333      486.6051 92828401    0.82%
 525965 207373        cutoff            490.6333      486.6118 92992338    0.82%
 526419 207382      488.4087   149      490.6333      486.6217 93073316    0.82%
 526850 207370        cutoff            490.6333      486.6252 93082886    0.82%
 527445 207358        cutoff            490.6333      486.6315 93021459    0.82%
 527932 207417        cutoff            490.6333      486.6439 93223524    0.81%
 528436 207428        cutoff            490.6333      486.6469 93200848    0.81%
 528991 207322        cutoff            490.6333      486.6534 93551015    0.81%
Elapsed time = 1784.39 sec. (3199182.23 ticks, tree = 6653.26 MB, solutions = 36)
Nodefile size = 4605.56 MB (3618.66 MB after compression)
 529578 207298      487.9429   153      490.6333      486.6558 93470667    0.81%
 530089 207425      489.8026   130      490.6333      486.6727 93787081    0.81%
 530680 207418        cutoff            490.6333      486.6766 93889754    0.81%
 531162 207435        cutoff            490.6333      486.6824 93858491    0.81%
 531664 207495        cutoff            490.6333      486.6879 94016678    0.80%
 532209 207622        cutoff            490.6333      486.6959 94254414    0.80%
 532656 207553        cutoff            490.6333      486.7005 94178119    0.80%
 533154 207554      488.5057   181      490.6333      486.7059 94342629    0.80%
 533620 207541        cutoff            490.6333      486.7181 94352422    0.80%
 534129 207556        cutoff            490.6333      486.7244 94369554    0.80%
Elapsed time = 1805.93 sec. (3237398.37 ticks, tree = 6633.71 MB, solutions = 36)
Nodefile size = 4584.17 MB (3601.23 MB after compression)
 534574 207577        cutoff            490.6333      486.7284 94472596    0.80%
 535085 207578        cutoff            490.6333      486.7303 94494454    0.80%
 535648 207616      488.9414   179      490.6333      486.7433 94593291    0.79%
 536124 207574      489.6507   190      490.6333      486.7471 94692419    0.79%
 536742 207472        cutoff            490.6333      486.7531 94925697    0.79%
 537315 207359      487.6061   208      490.6333      486.7619 95057790    0.79%
 537904 207368        cutoff            490.6333      486.7695 95037155    0.79%
 538506 207415      490.2948   209      490.6333      486.7726 95179636    0.79%
 539165 207397      490.2335   223      490.6333      486.7764 95123296    0.79%
 539715 207473        cutoff            490.6333      486.7860 95429695    0.78%
Elapsed time = 1827.37 sec. (3275591.78 ticks, tree = 6606.61 MB, solutions = 36)
Nodefile size = 4553.73 MB (3577.66 MB after compression)
 540192 207462        cutoff            490.6333      486.7912 95433977    0.78%
 540790 207478        cutoff            490.6333      486.7963 95625722    0.78%
 541324 207520        cutoff            490.6333      486.8008 95721964    0.78%
 541929 207505      486.9274   177      490.6333      486.8091 95898638    0.78%
 542462 207568        cutoff            490.6333      486.8137 95937550    0.78%
 542981 207705      488.4410   231      490.6333      486.8187 96096259    0.78%
 543491 207829      490.5676   159      490.6333      486.8290 96222837    0.78%
 544029 207818        cutoff            490.6333      486.8307 96231526    0.78%
 544534 207785      489.6511   225      490.6333      486.8379 96180359    0.77%
 545096 207826        cutoff            490.6333      486.8397 96345896    0.77%
Elapsed time = 1848.74 sec. (3313780.89 ticks, tree = 6626.73 MB, solutions = 36)
Nodefile size = 4578.14 MB (3596.84 MB after compression)
 545587 207934        cutoff            490.6333      486.8512 96444093    0.77%
 546148 207868        cutoff            490.6333      486.8577 96805464    0.77%
 546680 207879      490.4965    97      490.6333      486.8643 96810103    0.77%
 547176 207876        cutoff            490.6333      486.8681 96654296    0.77%
 547781 207910      490.4192   148      490.6333      486.8762 96978819    0.77%
 548306 207935      487.8435   200      490.6333      486.8793 97032648    0.77%
 548853 207895      487.0158   266      490.6333      486.8854 96984858    0.76%
 549428 208091      487.1311   227      490.6333      486.8942 97231500    0.76%
 549934 207999      489.1037   151      490.6333      486.8999 97160733    0.76%
 550494 208108        cutoff            490.6333      486.9046 97294331    0.76%
Elapsed time = 1870.49 sec. (3351979.32 ticks, tree = 6630.31 MB, solutions = 36)
Nodefile size = 4579.78 MB (3598.38 MB after compression)
 550992 208081      489.6526   174      490.6333      486.9086 97247472    0.76%
 551578 208127        cutoff            490.6333      486.9183 97319382    0.76%
 552163 208187        cutoff            490.6333      486.9214 97573154    0.76%
 552751 208324        cutoff            490.6333      486.9275 97640174    0.76%
 553253 208162        cutoff            490.6333      486.9275 97491981    0.76%
 553893 208260        cutoff            490.6333      486.9386 97944198    0.75%
 554471 208254      488.6295   204      490.6333      486.9420 97895136    0.75%
 555054 208297      489.6391   164      490.6333      486.9478 97941360    0.75%
 555639 208221      488.6678   212      490.6333      486.9538 98046277    0.75%
 556226 208211        cutoff            490.6333      486.9608 98155928    0.75%
Elapsed time = 1891.91 sec. (3390216.15 ticks, tree = 6595.10 MB, solutions = 36)
Nodefile size = 4547.06 MB (3572.80 MB after compression)
 556786 208378      488.6949   227      490.6333      486.9642 98295098    0.75%
 557364 208330        cutoff            490.6333      486.9687 98255471    0.75%
 558021 208421      488.5637   154      490.6333      486.9793 98510010    0.74%
 558596 208474      487.2015   236      490.6333      486.9825 98655628    0.74%
 559129 208540      488.5000   129      490.6333      486.9873 98721267    0.74%
 559720 208568        cutoff            490.6333      486.9885 98730675    0.74%
 560309 208701      489.1759   179      490.6333      487.0007 98958575    0.74%
 560909 208667      489.2698   123      490.6333      487.0039 98934761    0.74%
 561486 208651        cutoff            490.6333      487.0090 98944331    0.74%
 562096 208772      488.5818   208      490.6333      487.0151 99149932    0.74%
Elapsed time = 1913.36 sec. (3428514.10 ticks, tree = 6620.75 MB, solutions = 36)
Nodefile size = 4571.63 MB (3592.16 MB after compression)
 562657 208738      487.7237   215      490.6333      487.0228 99349634    0.74%
 563235 208797      490.2210   122      490.6333      487.0266 99518697    0.74%
 563812 208727        cutoff            490.6333      487.0330 99333261    0.73%
 564319 208888      488.0335   134      490.6333      487.0399 99598035    0.73%
 564855 208894        cutoff            490.6333      487.0455 99735637    0.73%
 565350 208867        cutoff            490.6333      487.0510 99701217    0.73%
 565993 208934      489.3076   136      490.6333      487.0535 99935742    0.73%
 566650 208917        cutoff            490.6333      487.0624 99987233    0.73%
 567260 208923        cutoff            490.6333      487.0659 99997005    0.73%
 567918 208976      489.4298   125      490.6333      487.0708 99951337    0.73%
Elapsed time = 1935.41 sec. (3466741.58 ticks, tree = 6617.05 MB, solutions = 36)
Nodefile size = 4557.64 MB (3580.74 MB after compression)
 568475 209011      489.5638   153      490.6333      487.0731 1.00e+08    0.73%
 568995 209114        cutoff            490.6333      487.0853 1.00e+08    0.72%
 569582 209296      489.7155   224      490.6333      487.0906 1.00e+08    0.72%
 570167 209218        cutoff            490.6333      487.0961 1.00e+08    0.72%
 570749 209146      488.8252   137      490.6333      487.1015 1.00e+08    0.72%
 571304 209323        cutoff            490.6333      487.1089 1.01e+08    0.72%
 571905 209322        cutoff            490.6333      487.1127 1.01e+08    0.72%
 572482 209389      488.9383   155      490.6333      487.1185 1.01e+08    0.72%
 573096 209325      490.3661   228      490.6333      487.1245 1.01e+08    0.72%
 573711 209367      490.5099    95      490.6333      487.1291 1.01e+08    0.71%
Elapsed time = 1956.98 sec. (3504954.08 ticks, tree = 6628.47 MB, solutions = 36)
Nodefile size = 4576.09 MB (3596.01 MB after compression)
 574299 209373      488.7567    93      490.6333      487.1338 1.01e+08    0.71%
 574904 209363        cutoff            490.6333      487.1374 1.01e+08    0.71%
 575486 209481        cutoff            490.6333      487.1475 1.01e+08    0.71%
 576068 209391      489.3089   168      490.6333      487.1521 1.01e+08    0.71%
 576741 209587      490.2391   219      490.6333      487.1599 1.01e+08    0.71%
 577293 209578      487.2546   266      490.6333      487.1617 1.01e+08    0.71%
 577922 209568        cutoff            490.6333      487.1716 1.01e+08    0.71%
 578598 209597      488.5705   237      490.6333      487.1771 1.02e+08    0.70%
 579240 209757      490.2374    76      490.6333      487.1821 1.02e+08    0.70%
 581778 210113        cutoff            490.6333      487.2013 1.02e+08    0.70%
Elapsed time = 1985.56 sec. (3554653.17 ticks, tree = 6634.96 MB, solutions = 36)
Nodefile size = 4588.08 MB (3607.66 MB after compression)
 584146 210252        cutoff            490.6333      487.2227 1.02e+08    0.70%
 586791 210479      489.0948   151      490.6333      487.2437 1.03e+08    0.69%
 589394 210684        cutoff            490.6333      487.2649 1.03e+08    0.69%
 592067 210916        cutoff            490.6333      487.2855 1.03e+08    0.68%
 594511 211244        cutoff            490.6333      487.3033 1.04e+08    0.68%
 597262 211483      489.5773   282      490.6333      487.3272 1.04e+08    0.67%
 599924 212123      490.3249   211      490.6333      487.3449 1.05e+08    0.67%
 602577 212207        cutoff            490.6333      487.3633 1.05e+08    0.67%
 605265 212927      489.2116   126      490.6333      487.3828 1.05e+08    0.66%
 608077 213295        cutoff            490.6333      487.4034 1.06e+08    0.66%
Elapsed time = 2075.48 sec. (3707267.84 ticks, tree = 6741.21 MB, solutions = 36)
Nodefile size = 4691.29 MB (3689.40 MB after compression)
 610790 213494        cutoff            490.6333      487.4221 1.06e+08    0.65%
 613468 213755        cutoff            490.6333      487.4403 1.07e+08    0.65%
 616056 214042      489.7847   149      490.6333      487.4601 1.07e+08    0.65%
 618646 214024      488.3528   171      490.6333      487.4776 1.07e+08    0.64%
 621488 214297        cutoff            490.6333      487.4982 1.07e+08    0.64%
 624318 214700      489.3869   171      490.6333      487.5161 1.08e+08    0.64%
 627072 215140        cutoff            490.6333      487.5360 1.08e+08    0.63%
 629945 215661      489.1050   103      490.6333      487.5538 1.09e+08    0.63%
 632805 216222        cutoff            490.6333      487.5718 1.09e+08    0.62%
 635551 216647        cutoff            490.6333      487.5899 1.10e+08    0.62%
Elapsed time = 2166.35 sec. (3859917.54 ticks, tree = 6729.35 MB, solutions = 36)
Nodefile size = 4681.01 MB (3680.67 MB after compression)
 638381 216820        cutoff            490.6333      487.6065 1.10e+08    0.62%
 641173 217131      488.8249   155      490.6333      487.6219 1.10e+08    0.61%
 643937 217521        cutoff            490.6333      487.6388 1.11e+08    0.61%
 646717 217586        cutoff            490.6333      487.6550 1.11e+08    0.61%
 649500 217850      489.1561   140      490.6333      487.6732 1.11e+08    0.60%
 652289 218140      489.5669   116      490.6333      487.6914 1.11e+08    0.60%
