Minimum 2e routes required: 5
parking availability[1] = 0
parking availability[2] = 1
parking availability[3] = 0
parking availability[4] = 1
parking availability[5] = 0
Lower bound= 258.15   [1, 2, 5, 1]    parkings: Set([5])
Lower bound= 264.18   [1, 2, 1]    parkings: Set([2])
Lower bound= 268.33   [1, 2, 3, 1]    parkings: Set([3])
Lower bound= 285.29   [1, 2, 4, 5, 1]    parkings: Set([5, 2])
Lower bound= 295.22   [1, 2, 4, 3, 1]    parkings: Set([2, 3])
Lower bound= 303.91   [1, 4, 2, 5, 1]    parkings: Set([5, 4])
Lower bound= 309.54   [1, 4, 1]    parkings: Set([4])
Lower bound= 311.49   [1, 2, 4, 1]    parkings: Set([4, 2])
Lower bound= 314.09   [1, 4, 2, 3, 1]    parkings: Set([4, 3])
Lower bound= 332.26   [1, 4, 3, 2, 5, 1]    parkings: Set([5, 3])


================Iteration 0 of B&P for SP1 [1, 2, 5, 1] parkings[5]================
-------------Iter CG 1-------------
LP Objective Value = 1093.16,   sum y = 1.0
x[1, 2, 5, 1],  93.16
y[5, 6, 7, 8, 9, 10, 11, 12, 13, 14, 15, 16, 17, 18, 19, 20, 21, 22, 23, 24, 25, 26, 27, 28, 29, 30, 5] = 1.0  1000.0
true  2790
-------------Iter CG 2-------------
LP Objective Value = 1039.69,   sum y = 5.0
x[1, 2, 5, 1],  93.16
y[5, 14, 5] = 0.33  24.33
y[5, 20, 7, 19, 9, 11, 24, 6, 10, 12, 15, 28, 5] = 0.11  161.06
y[5, 21, 5] = 0.33  31.05
y[5, 20, 7, 19, 9, 11, 24, 6, 8, 27, 5] = 0.11  130.35
y[5, 18, 5] = 0.33  36.88
y[5, 16, 5] = 0.33  28.64
y[5, 11, 9, 19, 7, 24, 22, 10, 26, 5] = 0.11  135.06
y[5, 17, 5] = 0.33  41.23
y[5, 11, 9, 19, 7, 20, 15, 6, 10, 8, 27, 5] = 0.22  164.07
y[5, 23, 5] = 0.33  16.0
y[5, 25, 5] = 0.33  68.26
y[5, 28, 5] = 0.22  80.32
y[5, 29, 5] = 0.33  59.36
y[5, 11, 9, 19, 7, 20, 12, 10, 22, 6, 26, 5] = 0.22  146.0
y[5, 30, 5] = 0.33  81.41
y[5, 13, 5] = 0.33  50.0
y[5, 6, 7, 8, 9, 10, 11, 12, 13, 14, 15, 16, 17, 18, 19, 20, 21, 22, 23, 24, 25, 26, 27, 28, 29, 30, 5] = 0.67  1000.0
true  3409
-------------Iter CG 3-------------
LP Objective Value = 763.58,   sum y = 5.0
x[1, 2, 5, 1],  93.16
y[5, 30, 28, 22, 25, 5] = 0.33  152.73
y[5, 14, 5] = 0.67  24.33
y[5, 21, 5] = 0.33  31.05
y[5, 28, 22, 27, 8, 13, 5] = 0.33  132.78
y[5, 23, 5] = 0.67  16.0
y[5, 20, 7, 19, 9, 11, 24, 6, 10, 13, 5] = 0.33  113.58
y[5, 12, 21, 5] = 0.33  37.73
y[5, 16, 28, 29, 26, 15, 17, 5] = 0.67  108.6
y[5, 12, 18, 5] = 0.33  37.39
y[5, 30, 27, 8, 25, 5] = 0.33  108.4
y[5, 6, 7, 8, 9, 10, 11, 12, 13, 14, 15, 16, 17, 18, 19, 20, 21, 22, 23, 24, 25, 26, 27, 28, 29, 30, 5] = 0.33  1000.0
y[5, 20, 7, 19, 9, 11, 24, 6, 10, 18, 5] = 0.33  99.74
true  1808
-------------Iter CG 4-------------
LP Objective Value = 499.52,   sum y = 5.0
x[1, 2, 5, 1],  93.16
y[5, 21, 13, 18, 12, 5] = 0.2  56.49
y[5, 20, 7, 19, 9, 11, 24, 6, 18, 5] = 0.2  98.43
y[5, 12, 10, 18, 17, 29, 5] = 0.2  82.1
y[5, 28, 30, 22, 27, 8, 12, 5] = 0.4  135.59
y[5, 16, 17, 10, 18, 12, 14, 5] = 0.2  65.82
y[5, 14, 13, 25, 8, 5] = 0.4  70.08
y[5, 16, 17, 29, 5] = 0.2  61.07
y[5, 23, 5] = 0.6  16.0
y[5, 20, 7, 19, 9, 11, 24, 6, 15, 26, 5] = 0.2  109.12
y[5, 14, 21, 23, 5] = 0.4  39.3
y[5, 16, 28, 29, 26, 15, 17, 5] = 0.2  108.6
y[5, 21, 13, 25, 27, 5] = 0.4  83.89
y[5, 17, 18, 26, 15, 5] = 0.2  78.23
y[5, 20, 7, 19, 9, 11, 24, 6, 22, 10, 5] = 0.6  108.27
y[5, 16, 28, 29, 30, 26, 15, 5] = 0.4  116.53
y[5, 30, 27, 8, 25, 5] = 0.2  108.4
true  1060
-------------Iter CG 5-------------
LP Objective Value = 495.61,   sum y = 4.94
x[1, 2, 5, 1],  93.16
y[5, 21, 13, 18, 12, 5] = 0.06  56.49
y[5, 20, 7, 19, 9, 11, 24, 6, 8, 27, 5] = 0.03  130.35
y[5, 28, 30, 22, 27, 8, 12, 5] = 0.47  135.59
y[5, 16, 17, 10, 18, 12, 14, 5] = 0.42  65.82
y[5, 14, 13, 25, 8, 5] = 0.44  70.08
y[5, 16, 17, 29, 5] = 0.06  61.07
y[5, 23, 5] = 0.61  16.0
y[5, 20, 7, 19, 9, 11, 24, 6, 15, 26, 5] = 0.06  109.12
y[5, 17, 29, 7, 30, 15, 5] = 0.11  92.51
y[5, 14, 21, 23, 5] = 0.14  39.3
y[5, 20, 7, 19, 9, 11, 24, 6, 26, 5] = 0.39  98.92
y[5, 23, 21, 18, 5] = 0.25  50.51
y[5, 16, 28, 29, 26, 15, 17, 5] = 0.11  108.6
y[5, 21, 13, 25, 27, 5] = 0.5  83.89
y[5, 21, 12, 10, 25, 8, 5] = 0.06  75.16
y[5, 17, 29, 7, 26, 15, 5] = 0.03  78.02
y[5, 20, 7, 19, 9, 11, 24, 6, 22, 10, 5] = 0.53  108.27
y[5, 16, 28, 29, 30, 26, 15, 5] = 0.42  116.53
y[5, 17, 29, 7, 15, 18, 5] = 0.28  75.54
true  558
-------------Iter CG 6-------------
LP Objective Value = 484.54,   sum y = 4.98
x[1, 2, 5, 1],  93.16
y[5, 17, 29, 7, 30, 11, 5] = 0.17  93.42
y[5, 20, 29, 7, 24, 22, 6, 15, 5] = 0.06  98.38
y[5, 21, 8, 27, 22, 5] = 0.23  88.91
y[5, 21, 13, 10, 18, 12, 5] = 0.09  57.57
y[5, 21, 12, 10, 8, 27, 25, 5] = 0.17  89.37
y[5, 20, 7, 24, 6, 22, 27, 13, 5] = 0.19  110.88
y[5, 16, 28, 19, 9, 30, 26, 15, 5] = 0.21  112.55
y[5, 20, 7, 30, 24, 6, 26, 15, 5] = 0.43  91.61
y[5, 28, 30, 22, 27, 8, 12, 5] = 0.09  135.59
y[5, 16, 17, 10, 18, 12, 14, 5] = 0.43  65.82
y[5, 14, 13, 25, 8, 5] = 0.51  70.08
y[5, 17, 29, 28, 19, 9, 11, 5] = 0.4  107.93
y[5, 16, 29, 19, 9, 11, 30, 5] = 0.06  99.72
y[5, 23, 5] = 0.7  16.0
y[5, 14, 21, 23, 5] = 0.06  39.3
y[5, 26, 22, 27, 25, 5] = 0.11  91.71
y[5, 23, 21, 12, 18, 5] = 0.23  50.87
y[5, 16, 28, 29, 15, 30, 11, 5] = 0.04  125.26
y[5, 21, 13, 25, 27, 5] = 0.21  83.89
y[5, 16, 28, 29, 15, 26, 18, 5] = 0.26  100.48
y[5, 20, 7, 19, 9, 11, 24, 6, 22, 10, 5] = 0.32  108.27
true  985
-------------Iter CG 7-------------
LP Objective Value = 469.19,   sum y = 4.89
x[1, 2, 5, 1],  93.16
y[5, 17, 28, 30, 11, 9, 7, 5] = 0.06  117.66
y[5, 21, 13, 27, 25, 5] = 0.22  83.61
y[5, 18, 12, 21, 14, 5] = 0.11  43.12
y[5, 17, 29, 28, 19, 9, 11, 5] = 0.06  107.93
y[5, 23, 5] = 0.33  16.0
y[5, 14, 21, 23, 5] = 0.5  39.3
y[5, 17, 29, 19, 28, 16, 5] = 0.44  88.04
y[5, 20, 29, 7, 30, 24, 6, 10, 12, 5] = 0.44  94.52
y[5, 23, 21, 12, 18, 5] = 0.17  50.87
y[5, 22, 27, 25, 13, 5] = 0.11  90.13
y[5, 20, 29, 7, 30, 24, 26, 5] = 0.06  93.23
y[5, 16, 17, 20, 15, 26, 18, 5] = 0.44  69.09
y[5, 16, 15, 26, 6, 24, 11, 9, 7, 5] = 0.11  94.82
y[5, 20, 7, 19, 9, 11, 24, 6, 10, 18, 5] = 0.06  99.74
y[5, 15, 26, 6, 22, 27, 8, 5] = 0.11  93.26
y[5, 18, 10, 8, 25, 27, 5] = 0.22  84.24
y[5, 15, 26, 6, 24, 11, 9, 7, 5] = 0.28  87.32
y[5, 14, 13, 25, 8, 5] = 0.39  70.08
y[5, 15, 24, 22, 27, 25, 5] = 0.06  95.36
y[5, 12, 10, 22, 27, 8, 13, 5] = 0.28  90.39
y[5, 22, 30, 11, 9, 19, 28, 5] = 0.44  118.25
true  391
-------------Iter CG 8-------------
LP Objective Value = 456.66,   sum y = 4.5
x[1, 2, 5, 1],  93.16
y[5, 14, 21, 23, 5] = 0.5  39.3
y[5, 16, 20, 9, 11, 30, 24, 6, 5] = 1.0  91.25
y[5, 23, 21, 12, 18, 5] = 0.5  50.87
y[5, 18, 10, 22, 27, 25, 5] = 0.5  88.96
y[5, 14, 13, 25, 8, 5] = 0.5  70.08
y[5, 12, 10, 22, 27, 8, 13, 5] = 0.5  90.39
y[5, 17, 29, 28, 19, 7, 26, 15, 5] = 1.0  102.46
true  103
-------------Iter CG 9-------------
LP Objective Value = 453.07,   sum y = 4.86
x[1, 2, 5, 1],  93.16
y[5, 16, 28, 19, 7, 11, 30, 24, 15, 5] = 0.14  115.46
y[5, 18, 12, 21, 14, 5] = 0.32  43.12
y[5, 23, 5] = 0.55  16.0
y[5, 29, 7, 9, 30, 22, 10, 5] = 0.09  98.48
y[5, 14, 21, 23, 5] = 0.45  39.3
y[5, 16, 20, 9, 11, 30, 24, 6, 5] = 0.55  91.25
y[5, 15, 9, 11, 30, 24, 10, 12, 5] = 0.14  87.61
y[5, 8, 25, 27, 22, 6, 10, 5] = 0.45  92.46
y[5, 13, 25, 8, 14, 5] = 0.23  69.96
y[5, 17, 29, 28, 19, 9, 15, 5] = 0.05  103.17
y[5, 16, 17, 20, 15, 26, 18, 5] = 0.18  69.09
y[5, 17, 29, 28, 19, 7, 18, 5] = 0.09  99.97
y[5, 16, 29, 28, 19, 7, 9, 11, 24, 5] = 0.09  114.29
y[5, 26, 22, 27, 8, 13, 5] = 0.23  93.52
y[5, 17, 28, 19, 29, 20, 18, 5] = 0.14  97.66
y[5, 21, 13, 10, 18, 12, 5] = 0.23  57.57
y[5, 12, 10, 27, 25, 8, 13, 5] = 0.09  85.05
y[5, 26, 24, 30, 11, 9, 7, 20, 5] = 0.09  89.67
y[5, 16, 17, 29, 20, 18, 5] = 0.05  71.68
y[5, 12, 22, 27, 25, 13, 5] = 0.23  90.2
y[5, 17, 29, 28, 19, 7, 26, 15, 5] = 0.5  102.46
true  38
-------------Iter CG 10-------------
LP Objective Value = 451.83,   sum y = 5.0
x[1, 2, 5, 1],  93.16
y[5, 18, 12, 21, 14, 5] = 0.4  43.12
y[5, 23, 5] = 0.67  16.0
y[5, 14, 21, 23, 5] = 0.33  39.3
y[5, 16, 20, 9, 11, 30, 24, 6, 5] = 0.2  91.25
y[5, 17, 29, 7, 15, 18, 5] = 0.07  75.54
y[5, 8, 25, 27, 22, 6, 10, 5] = 0.53  92.46
y[5, 13, 25, 8, 14, 5] = 0.2  69.96
y[5, 16, 28, 19, 7, 11, 30, 24, 6, 10, 5] = 0.07  115.69
y[5, 17, 29, 28, 19, 7, 9, 15, 5] = 0.07  105.0
y[5, 18, 10, 27, 25, 13, 5] = 0.07  85.25
y[5, 16, 17, 20, 15, 26, 18, 5] = 0.07  69.09
y[5, 14, 13, 8, 10, 18, 5] = 0.07  68.24
y[5, 26, 22, 27, 8, 13, 5] = 0.07  93.52
y[5, 16, 17, 28, 19, 29, 15, 5] = 0.67  94.65
y[5, 18, 22, 24, 6, 26, 5] = 0.07  78.07
y[5, 21, 13, 10, 18, 12, 5] = 0.27  57.57
y[5, 20, 29, 28, 19, 9, 11, 30, 5] = 0.07  114.67
y[5, 13, 8, 27, 22, 6, 12, 5] = 0.13  93.78
y[5, 26, 24, 30, 11, 9, 7, 20, 5] = 0.67  89.67
y[5, 12, 22, 27, 25, 13, 5] = 0.2  90.2
y[5, 17, 29, 28, 19, 7, 26, 15, 5] = 0.13  102.46
true  18
-------------Iter CG 11-------------
LP Objective Value = 451.04,   sum y = 4.75
x[1, 2, 5, 1],  93.16
y[5, 18, 12, 21, 14, 5] = 0.15  43.12
y[5, 23, 5] = 0.38  16.0
y[5, 14, 21, 23, 5] = 0.62  39.3
y[5, 16, 17, 28, 19, 29, 7, 15, 5] = 0.03  99.26
y[5, 16, 20, 9, 11, 30, 24, 6, 5] = 0.06  91.25
y[5, 16, 28, 19, 9, 11, 30, 24, 5] = 0.32  112.42
y[5, 8, 25, 27, 22, 6, 10, 5] = 0.41  92.46
y[5, 13, 25, 8, 14, 5] = 0.23  69.96
y[5, 18, 10, 22, 24, 6, 15, 5] = 0.06  79.75
y[5, 8, 25, 27, 22, 15, 5] = 0.06  92.81
y[5, 17, 29, 28, 19, 7, 9, 15, 5] = 0.1  105.0
y[5, 16, 17, 29, 20, 18, 12, 5] = 0.09  72.19
y[5, 16, 17, 20, 15, 26, 18, 5] = 0.43  69.09
y[5, 17, 28, 19, 29, 20, 18, 5] = 0.04  97.66
y[5, 21, 13, 10, 18, 12, 5] = 0.23  57.57
y[5, 12, 10, 27, 25, 8, 13, 5] = 0.06  85.05
y[5, 20, 29, 28, 19, 9, 11, 30, 5] = 0.13  114.67
y[5, 16, 29, 7, 9, 30, 24, 5] = 0.07  94.08
y[5, 13, 8, 27, 22, 6, 12, 5] = 0.23  93.78
y[5, 29, 28, 19, 7, 9, 11, 24, 6, 10, 5] = 0.07  114.17
y[5, 26, 24, 30, 11, 9, 7, 20, 5] = 0.25  89.67
y[5, 29, 7, 11, 30, 24, 6, 10, 5] = 0.17  93.95
y[5, 12, 22, 27, 25, 13, 5] = 0.23  90.2
y[5, 17, 29, 28, 19, 7, 26, 15, 5] = 0.31  102.46
true  7
-------------Iter CG 12-------------
LP Objective Value = 450.71,   sum y = 4.85
x[1, 2, 5, 1],  93.16
y[5, 18, 12, 21, 14, 5] = 0.27  43.12
y[5, 23, 5] = 0.51  16.0
y[5, 14, 21, 23, 5] = 0.49  39.3
y[5, 16, 28, 19, 9, 11, 30, 24, 5] = 0.32  112.42
y[5, 8, 25, 27, 22, 6, 10, 5] = 0.45  92.46
y[5, 13, 25, 8, 14, 5] = 0.25  69.96
y[5, 15, 6, 24, 22, 27, 8, 5] = 0.04  96.39
y[5, 17, 29, 28, 19, 7, 9, 15, 5] = 0.2  105.0
y[5, 16, 17, 20, 15, 26, 18, 5] = 0.38  69.09
y[5, 16, 28, 19, 7, 9, 30, 24, 6, 5] = 0.02  114.39
y[5, 16, 17, 28, 19, 29, 20, 15, 5] = 0.27  97.46
y[5, 26, 22, 27, 8, 13, 5] = 0.02  93.52
y[5, 29, 7, 9, 11, 30, 26, 5] = 0.13  91.54
y[5, 17, 28, 19, 29, 20, 18, 5] = 0.04  97.66
y[5, 18, 22, 24, 6, 26, 5] = 0.06  78.07
y[5, 21, 13, 10, 18, 12, 5] = 0.25  57.57
y[5, 12, 10, 27, 25, 8, 13, 5] = 0.06  85.05
y[5, 20, 29, 28, 19, 9, 11, 30, 5] = 0.0  114.67
y[5, 13, 8, 27, 22, 6, 12, 5] = 0.18  93.78
y[5, 29, 28, 19, 7, 9, 11, 24, 6, 10, 5] = 0.02  114.17
y[5, 26, 24, 30, 11, 9, 7, 20, 5] = 0.3  89.67
y[5, 29, 7, 11, 30, 24, 6, 10, 5] = 0.22  93.95
y[5, 12, 22, 27, 25, 13, 5] = 0.25  90.2
y[5, 17, 29, 28, 19, 7, 26, 15, 5] = 0.11  102.46
true  1
-------------Iter CG 13-------------
LP Objective Value = 450.71,   sum y = 4.85
x[1, 2, 5, 1],  93.16
y[5, 18, 12, 21, 14, 5] = 0.27  43.12
y[5, 23, 5] = 0.51  16.0
y[5, 14, 21, 23, 5] = 0.49  39.3
y[5, 16, 28, 19, 9, 11, 30, 24, 5] = 0.32  112.42
y[5, 8, 25, 27, 22, 6, 10, 5] = 0.45  92.46
y[5, 13, 25, 8, 14, 5] = 0.25  69.96
y[5, 15, 6, 24, 22, 27, 8, 5] = 0.04  96.39
y[5, 17, 29, 28, 19, 7, 9, 15, 5] = 0.2  105.0
y[5, 16, 17, 20, 15, 26, 18, 5] = 0.38  69.09
y[5, 16, 28, 19, 7, 9, 30, 24, 6, 5] = 0.02  114.39
y[5, 16, 17, 28, 19, 29, 20, 15, 5] = 0.27  97.46
y[5, 26, 22, 27, 8, 13, 5] = 0.02  93.52
y[5, 29, 7, 9, 11, 30, 26, 5] = 0.13  91.54
y[5, 17, 28, 19, 29, 20, 18, 5] = 0.04  97.66
y[5, 18, 22, 24, 6, 26, 5] = 0.06  78.07
y[5, 21, 13, 10, 18, 12, 5] = 0.25  57.57
y[5, 12, 10, 27, 25, 8, 13, 5] = 0.06  85.05
y[5, 20, 29, 28, 19, 9, 11, 30, 5] = 0.0  114.67
y[5, 13, 8, 27, 22, 6, 12, 5] = 0.18  93.78
y[5, 29, 28, 19, 7, 9, 11, 24, 6, 10, 5] = 0.02  114.17
y[5, 26, 24, 30, 11, 9, 7, 20, 5] = 0.3  89.67
y[5, 29, 7, 11, 30, 24, 6, 10, 5] = 0.22  93.95
y[5, 12, 22, 27, 25, 13, 5] = 0.25  90.2
y[5, 17, 29, 28, 19, 7, 26, 15, 5] = 0.11  102.46
true  1
-------------Iter CG 14-------------
LP Objective Value = 450.69,   sum y = 4.86
x[1, 2, 5, 1],  93.16
y[5, 18, 12, 21, 14, 5] = 0.3  43.12
y[5, 23, 5] = 0.54  16.0
y[5, 14, 21, 23, 5] = 0.46  39.3
y[5, 16, 28, 19, 9, 11, 30, 24, 5] = 0.32  112.42
y[5, 8, 25, 27, 22, 6, 10, 5] = 0.46  92.46
y[5, 13, 25, 8, 14, 5] = 0.24  69.96
y[5, 15, 6, 24, 22, 27, 8, 5] = 0.03  96.39
y[5, 20, 29, 28, 19, 9, 11, 24, 6, 5] = 0.03  111.63
y[5, 17, 29, 28, 19, 7, 9, 15, 5] = 0.22  105.0
y[5, 16, 17, 20, 15, 26, 18, 5] = 0.38  69.09
y[5, 16, 28, 19, 7, 9, 30, 24, 6, 5] = 0.03  114.39
y[5, 16, 17, 28, 19, 29, 20, 15, 5] = 0.27  97.46
y[5, 26, 22, 27, 8, 13, 5] = 0.05  93.52
y[5, 29, 7, 9, 11, 30, 26, 5] = 0.11  91.54
y[5, 17, 28, 19, 29, 20, 18, 5] = 0.03  97.66
y[5, 18, 22, 24, 6, 26, 5] = 0.05  78.07
y[5, 21, 13, 10, 18, 12, 5] = 0.24  57.57
y[5, 12, 10, 27, 25, 8, 13, 5] = 0.05  85.05
y[5, 13, 8, 27, 22, 6, 12, 5] = 0.16  93.78
y[5, 26, 24, 30, 11, 9, 7, 20, 5] = 0.3  89.67
y[5, 29, 7, 11, 30, 24, 6, 10, 5] = 0.24  93.95
y[5, 12, 22, 27, 25, 13, 5] = 0.24  90.2
y[5, 17, 29, 28, 19, 7, 26, 15, 5] = 0.11  102.46
false  0
MILP Result:
459.79
[1, 2, 5, 1]    93.16
[5, 21, 13, 10, 18, 12, 5]   57.57
[5, 14, 23, 5]   33.58
[5, 8, 25, 27, 22, 6, 5]   91.16
[5, 20, 7, 9, 11, 30, 24, 26, 5]   89.67
[5, 16, 17, 28, 19, 29, 15, 5]   94.65
Branching stack contains now 1 nodes, current upper bound is 459.79

================Iteration 1 of B&P for SP1 [1, 2, 5, 1] parkings[5]================
Display selected node 0, parent node 0: from 1 nodes
- Branching node in depth: 0

  Branching node with fractional score: 4.78
  Branching node with cg lower bound: 450.69
  Branching node with LB reduction: Inf
  Branching node with FS reduction: Inf
  Total reduction: -0.0
Branch on total number of 2e routes:  4.0, 5.0

Solve a child node 1
   # Total number of 2e routes cannot UNDER:   5  

-------------Iter CG 1-------------
LP Objective Value = 450.91,   sum y = 5.0
x[1, 2, 5, 1],  93.16
y[5, 18, 12, 21, 14, 5] = 0.5  43.12
y[5, 23, 5] = 0.75  16.0
y[5, 14, 21, 23, 5] = 0.25  39.3
y[5, 16, 20, 9, 11, 30, 24, 6, 5] = 0.25  91.25
y[5, 16, 28, 19, 9, 11, 30, 24, 5] = 0.25  112.42
y[5, 8, 25, 27, 22, 6, 10, 5] = 0.5  92.46
y[5, 13, 25, 8, 14, 5] = 0.25  69.96
y[5, 17, 29, 28, 19, 7, 9, 15, 5] = 0.25  105.0
y[5, 16, 17, 20, 15, 26, 18, 5] = 0.25  69.09
y[5, 16, 17, 28, 19, 29, 20, 15, 5] = 0.25  97.46
y[5, 26, 22, 27, 8, 13, 5] = 0.25  93.52
y[5, 21, 13, 10, 18, 12, 5] = 0.25  57.57
y[5, 26, 24, 30, 11, 9, 7, 20, 5] = 0.25  89.67
y[5, 29, 7, 11, 30, 24, 6, 10, 5] = 0.25  93.95
y[5, 12, 22, 27, 25, 13, 5] = 0.25  90.2
y[5, 17, 29, 28, 19, 7, 26, 15, 5] = 0.25  102.46
false  0

Solve a child node 2
   # Total number of 2e routes cannot EXCEED:   4  

-------------Iter CG 1-------------
No feasible solution for LMP

================Iteration 2 of B&P for SP1 [1, 2, 5, 1] parkings[5]================
Display selected node 1, parent node 0: from 1 nodes
- Branching node in depth: 1
   # Total number of 2e routes cannot UNDER:   5  

  Branching node with fractional score: 4.5
  Branching node with cg lower bound: 450.91
  Branching node with LB reduction: 0.22
  Branching node with FS reduction: -0.28
  Total reduction: -0.06

Solve a child node 3
   + Customers MUST      served together:  (16, 20)  
   # Total number of 2e routes cannot UNDER:   5  

-------------Iter CG 1-------------
LP Objective Value = 452.88,   sum y = 5.0
x[1, 2, 5, 1],  93.16
y[5, 18, 12, 21, 14, 5] = 0.47  43.12
y[5, 26, 24, 30, 11, 9, 7, 5] = 0.32  89.58
y[5, 22, 30, 11, 9, 7, 19, 28, 5] = 0.05  120.09
y[5, 23, 5] = 0.68  16.0
y[5, 14, 21, 23, 5] = 0.32  39.3
y[5, 28, 19, 7, 9, 11, 30, 24, 5] = 0.11  114.1
y[5, 16, 20, 9, 11, 30, 24, 6, 5] = 0.32  91.25
y[5, 8, 25, 27, 22, 6, 10, 5] = 0.42  92.46
y[5, 13, 25, 8, 14, 5] = 0.21  69.96
y[5, 17, 29, 28, 19, 7, 9, 15, 5] = 0.16  105.0
y[5, 16, 17, 20, 15, 26, 18, 5] = 0.21  69.09
y[5, 29, 28, 19, 7, 9, 11, 30, 5] = 0.05  115.92
y[5, 16, 17, 28, 19, 29, 20, 15, 5] = 0.47  97.46
y[5, 26, 22, 27, 8, 13, 5] = 0.21  93.52
y[5, 18, 22, 24, 6, 26, 5] = 0.11  78.07
y[5, 21, 13, 10, 18, 12, 5] = 0.21  57.57
y[5, 12, 10, 27, 25, 8, 13, 5] = 0.16  85.05
y[5, 13, 25, 27, 22, 10, 5] = 0.05  90.21
y[5, 29, 7, 11, 30, 24, 6, 10, 5] = 0.16  93.95
y[5, 12, 22, 27, 25, 13, 5] = 0.16  90.2
y[5, 17, 29, 28, 19, 7, 26, 15, 5] = 0.16  102.46
true  5
-------------Iter CG 2-------------
LP Objective Value = 452.61,   sum y = 5.0
x[1, 2, 5, 1],  93.16
y[5, 18, 12, 21, 14, 5] = 0.46  43.12
y[5, 26, 24, 30, 11, 9, 7, 5] = 0.08  89.58
y[5, 23, 5] = 0.69  16.0
y[5, 14, 21, 23, 5] = 0.31  39.3
y[5, 16, 20, 9, 11, 30, 24, 6, 5] = 0.46  91.25
y[5, 8, 25, 27, 22, 6, 10, 5] = 0.31  92.46
y[5, 13, 25, 8, 14, 5] = 0.23  69.96
y[5, 8, 25, 27, 22, 15, 5] = 0.15  92.81
y[5, 17, 29, 28, 19, 7, 9, 15, 5] = 0.15  105.0
y[5, 16, 17, 20, 15, 26, 18, 5] = 0.23  69.09
y[5, 16, 17, 28, 19, 29, 20, 5] = 0.15  88.42
y[5, 28, 19, 7, 9, 11, 30, 24, 12, 5] = 0.23  115.1
y[5, 16, 17, 28, 19, 29, 20, 15, 5] = 0.15  97.46
y[5, 26, 22, 27, 8, 13, 5] = 0.23  93.52
y[5, 29, 7, 9, 11, 30, 26, 5] = 0.08  91.54
y[5, 18, 22, 24, 6, 26, 5] = 0.08  78.07
y[5, 21, 13, 10, 18, 12, 5] = 0.23  57.57
y[5, 12, 10, 27, 25, 8, 13, 5] = 0.08  85.05
y[5, 13, 25, 27, 22, 10, 5] = 0.23  90.21
y[5, 29, 7, 11, 30, 24, 6, 10, 5] = 0.15  93.95
y[5, 17, 29, 28, 19, 7, 26, 15, 5] = 0.31  102.46
false  0

Solve a child node 4
   + Customers FORBIDDEN served together:  (16, 20)  
   # Total number of 2e routes cannot UNDER:   5  

-------------Iter CG 1-------------
LP Objective Value = 452.03,   sum y = 5.0
x[1, 2, 5, 1],  93.16
y[5, 16, 28, 19, 7, 11, 30, 24, 15, 5] = 0.02  115.46
y[5, 18, 12, 21, 14, 5] = 0.36  43.12
y[5, 8, 25, 27, 22, 6, 5] = 0.05  91.16
y[5, 23, 5] = 0.64  16.0
y[5, 14, 21, 23, 5] = 0.36  39.3
y[5, 16, 28, 19, 7, 9, 11, 24, 6, 26, 5] = 0.02  111.04
y[5, 16, 28, 19, 9, 11, 30, 24, 5] = 0.05  112.42
y[5, 8, 25, 27, 22, 6, 10, 5] = 0.48  92.46
y[5, 13, 25, 8, 14, 5] = 0.24  69.96
y[5, 18, 10, 22, 24, 6, 15, 5] = 0.02  79.75
y[5, 18, 10, 27, 25, 13, 5] = 0.1  85.25
y[5, 16, 28, 19, 7, 9, 30, 24, 6, 5] = 0.02  114.39
y[5, 26, 22, 27, 8, 13, 5] = 0.02  93.52
y[5, 16, 17, 28, 19, 29, 15, 5] = 0.81  94.65
y[5, 17, 28, 19, 29, 20, 18, 5] = 0.05  97.66
y[5, 20, 29, 7, 9, 11, 30, 6, 10, 5] = 0.12  94.62
y[5, 18, 22, 24, 6, 26, 5] = 0.07  78.07
y[5, 21, 13, 10, 18, 12, 5] = 0.29  57.57
y[5, 17, 20, 15, 18, 14, 5] = 0.05  64.02
y[5, 16, 17, 15, 26, 18, 5] = 0.07  68.97
y[5, 13, 8, 27, 22, 6, 12, 5] = 0.21  93.78
y[5, 26, 24, 30, 11, 9, 7, 20, 5] = 0.79  89.67
y[5, 12, 22, 27, 25, 13, 5] = 0.14  90.2
y[5, 17, 29, 28, 19, 7, 26, 15, 5] = 0.02  102.46
true  1
-------------Iter CG 2-------------
LP Objective Value = 452.03,   sum y = 5.0
x[1, 2, 5, 1],  93.16
y[5, 16, 28, 19, 7, 11, 30, 24, 15, 5] = 0.02  115.46
y[5, 18, 12, 21, 14, 5] = 0.36  43.12
y[5, 8, 25, 27, 22, 6, 5] = 0.05  91.16
y[5, 23, 5] = 0.64  16.0
y[5, 14, 21, 23, 5] = 0.36  39.3
y[5, 16, 28, 19, 7, 9, 11, 24, 6, 26, 5] = 0.02  111.04
y[5, 16, 28, 19, 9, 11, 30, 24, 5] = 0.05  112.42
y[5, 8, 25, 27, 22, 6, 10, 5] = 0.48  92.46
y[5, 13, 25, 8, 14, 5] = 0.24  69.96
y[5, 18, 10, 22, 24, 6, 15, 5] = 0.02  79.75
y[5, 18, 10, 27, 25, 13, 5] = 0.1  85.25
y[5, 16, 28, 19, 7, 9, 30, 24, 6, 5] = 0.02  114.39
y[5, 26, 22, 27, 8, 13, 5] = 0.02  93.52
y[5, 16, 17, 28, 19, 29, 15, 5] = 0.81  94.65
y[5, 17, 28, 19, 29, 20, 18, 5] = 0.05  97.66
y[5, 20, 29, 7, 9, 11, 30, 6, 10, 5] = 0.12  94.62
y[5, 18, 22, 24, 6, 26, 5] = 0.07  78.07
y[5, 21, 13, 10, 18, 12, 5] = 0.29  57.57
y[5, 17, 20, 15, 18, 14, 5] = 0.05  64.02
y[5, 16, 17, 15, 26, 18, 5] = 0.07  68.97
y[5, 13, 8, 27, 22, 6, 12, 5] = 0.21  93.78
y[5, 26, 24, 30, 11, 9, 7, 20, 5] = 0.79  89.67
y[5, 12, 22, 27, 25, 13, 5] = 0.14  90.2
y[5, 17, 29, 28, 19, 7, 26, 15, 5] = 0.02  102.46
false  0

================Iteration 3 of B&P for SP1 [1, 2, 5, 1] parkings[5]================
Display selected node 4, parent node 1: from 2 nodes
- Branching node in depth: 2
   + Customers FORBIDDEN served together:  (16, 20)  
   # Total number of 2e routes cannot UNDER:   5  

  Branching node with fractional score: 3.52
  Branching node with cg lower bound: 452.03
  Branching node with LB reduction: 0.56
  Branching node with FS reduction: -0.49
  Total reduction: 0.09

Solve a child node 5
   + Customers MUST      served together:  (6, 18)  
   + Customers FORBIDDEN served together:  (16, 20)  
   # Total number of 2e routes cannot UNDER:   5  

-------------Iter CG 1-------------
LP Objective Value = 462.48,   sum y = 5.0
x[1, 2, 5, 1],  93.16
y[5, 23, 5] = 0.57  16.0
y[5, 14, 21, 23, 5] = 0.43  39.3
y[5, 15, 9, 11, 24, 6, 18, 5] = 0.14  82.35
y[5, 16, 17, 28, 19, 29, 7, 15, 5] = 0.14  99.26
y[5, 20, 29, 7, 30, 6, 18, 5] = 0.14  93.55
y[5, 18, 10, 22, 24, 6, 15, 5] = 0.29  79.75
y[5, 17, 20, 29, 28, 19, 7, 15, 5] = 0.14  100.74
y[5, 16, 28, 19, 7, 9, 11, 30, 26, 5] = 0.14  113.28
y[5, 18, 26, 6, 22, 8, 5] = 0.29  83.15
y[5, 16, 17, 28, 19, 29, 15, 5] = 0.29  94.65
y[5, 18, 22, 24, 6, 26, 5] = 0.14  78.07
y[5, 12, 10, 27, 25, 8, 13, 5] = 0.71  85.05
y[5, 21, 14, 5] = 0.14  31.3
y[5, 20, 29, 28, 19, 9, 11, 30, 5] = 0.29  114.67
y[5, 26, 24, 30, 11, 9, 7, 20, 5] = 0.43  89.67
y[5, 21, 14, 17, 16, 5] = 0.43  61.9
y[5, 12, 22, 27, 25, 13, 5] = 0.29  90.2
false  0
Exceed Upper Bound, prune

Solve a child node 6
   + Customers FORBIDDEN served together:  (6, 18)  (16, 20)  
   # Total number of 2e routes cannot UNDER:   5  

-------------Iter CG 1-------------
LP Objective Value = 452.08,   sum y = 5.0
x[1, 2, 5, 1],  93.16
y[5, 18, 12, 21, 14, 5] = 0.39  43.12
y[5, 23, 5] = 0.67  16.0
y[5, 14, 21, 23, 5] = 0.33  39.3
y[5, 16, 28, 19, 9, 11, 30, 24, 5] = 0.06  112.42
y[5, 8, 25, 27, 22, 6, 10, 5] = 0.44  92.46
y[5, 13, 25, 8, 14, 5] = 0.28  69.96
y[5, 15, 6, 24, 22, 27, 8, 5] = 0.11  96.39
y[5, 16, 28, 19, 7, 11, 30, 24, 6, 10, 5] = 0.06  115.69
y[5, 20, 29, 28, 19, 9, 11, 24, 6, 5] = 0.06  111.63
y[5, 16, 28, 19, 7, 9, 30, 24, 6, 5] = 0.06  114.39
y[5, 26, 22, 27, 8, 13, 5] = 0.06  93.52
y[5, 16, 17, 28, 19, 29, 15, 5] = 0.61  94.65
y[5, 17, 28, 19, 29, 20, 18, 5] = 0.11  97.66
y[5, 20, 29, 7, 9, 11, 30, 6, 10, 5] = 0.17  94.62
y[5, 21, 13, 10, 18, 12, 5] = 0.28  57.57
y[5, 16, 17, 15, 26, 18, 5] = 0.22  68.97
y[5, 13, 25, 27, 22, 10, 5] = 0.06  90.21
y[5, 13, 8, 27, 22, 6, 12, 5] = 0.11  93.78
y[5, 26, 24, 30, 11, 9, 7, 20, 5] = 0.67  89.67
y[5, 12, 22, 27, 25, 13, 5] = 0.22  90.2
y[5, 17, 29, 28, 19, 7, 26, 15, 5] = 0.06  102.46
false  0

================Iteration 4 of B&P for SP1 [1, 2, 5, 1] parkings[5]================
Display selected node 6, parent node 4: from 2 nodes
- Branching node in depth: 3
   + Customers FORBIDDEN served together:  (6, 18)  (16, 20)  
   # Total number of 2e routes cannot UNDER:   5  

  Branching node with fractional score: 4.11
  Branching node with cg lower bound: 452.08
  Branching node with LB reduction: 0.02
  Branching node with FS reduction: 0.2
  Total reduction: 0.3

Solve a child node 7
   + Customers MUST      served together:  (6, 28)  
   + Customers FORBIDDEN served together:  (6, 18)  (16, 20)  
   # Total number of 2e routes cannot UNDER:   5  

-------------Iter CG 1-------------
LP Objective Value = 458.3,   sum y = 5.0
x[1, 2, 5, 1],  93.16
y[5, 18, 12, 21, 14, 5] = 0.21  43.12
y[5, 17, 29, 15, 18, 5] = 0.1  70.92
y[5, 8, 25, 27, 22, 10, 12, 5] = 0.29  88.59
y[5, 23, 5] = 0.81  16.0
y[5, 14, 21, 23, 5] = 0.19  39.3
y[5, 13, 25, 8, 14, 5] = 0.26  69.96
y[5, 20, 29, 28, 19, 9, 11, 24, 6, 5] = 0.34  111.63
y[5, 16, 17, 15, 26, 10, 21, 5] = 0.36  74.5
y[5, 8, 25, 27, 22, 15, 5] = 0.19  92.81
y[5, 29, 28, 19, 7, 30, 24, 6, 5] = 0.1  117.06
y[5, 16, 17, 29, 18, 12, 5] = 0.12  71.44
y[5, 16, 28, 19, 7, 9, 30, 24, 6, 5] = 0.24  114.39
y[5, 17, 29, 7, 9, 11, 26, 5] = 0.04  85.94
y[5, 26, 22, 27, 8, 13, 5] = 0.26  93.52
y[5, 29, 7, 9, 11, 30, 26, 5] = 0.02  91.54
y[5, 21, 13, 10, 18, 12, 5] = 0.23  57.57
y[5, 17, 20, 15, 18, 14, 5] = 0.34  64.02
y[5, 17, 28, 19, 9, 30, 6, 5] = 0.04  112.46
y[5, 13, 25, 27, 22, 10, 5] = 0.11  90.21
y[5, 26, 24, 30, 11, 9, 7, 20, 5] = 0.32  89.67
y[5, 16, 29, 28, 19, 7, 11, 30, 6, 5] = 0.28  118.72
y[5, 12, 22, 27, 25, 13, 5] = 0.15  90.2
false  0

Solve a child node 8
   + Customers FORBIDDEN served together:  (6, 18)  (6, 28)  (16, 20)  
   # Total number of 2e routes cannot UNDER:   5  

-------------Iter CG 1-------------
LP Objective Value = 452.28,   sum y = 5.0
x[1, 2, 5, 1],  93.16
y[5, 18, 12, 21, 14, 5] = 0.44  43.12
y[5, 12, 6, 24, 30, 11, 9, 7, 20, 5] = 0.12  90.47
y[5, 23, 5] = 0.62  16.0
y[5, 14, 21, 23, 5] = 0.38  39.3
y[5, 26, 6, 22, 8, 13, 5] = 0.19  83.62
y[5, 16, 17, 28, 19, 29, 7, 15, 5] = 0.06  99.26
y[5, 16, 28, 19, 9, 11, 30, 24, 5] = 0.06  112.42
y[5, 8, 25, 27, 22, 6, 10, 5] = 0.5  92.46
y[5, 13, 25, 8, 14, 5] = 0.13  69.96
y[5, 15, 6, 24, 22, 27, 8, 5] = 0.06  96.39
y[5, 18, 10, 27, 25, 13, 5] = 0.19  85.25
y[5, 14, 13, 8, 10, 18, 5] = 0.06  68.24
y[5, 16, 17, 28, 19, 29, 15, 5] = 0.81  94.65
y[5, 20, 7, 9, 11, 30, 24, 26, 5] = 0.75  89.67
y[5, 17, 28, 19, 29, 20, 18, 5] = 0.06  97.66
y[5, 20, 29, 7, 9, 11, 30, 6, 10, 5] = 0.06  94.62
y[5, 21, 13, 10, 18, 12, 5] = 0.19  57.57
y[5, 16, 17, 15, 26, 18, 5] = 0.06  68.97
y[5, 13, 8, 27, 22, 6, 12, 5] = 0.06  93.78
y[5, 12, 22, 27, 25, 13, 5] = 0.19  90.2
true  1
-------------Iter CG 2-------------
LP Objective Value = 452.28,   sum y = 5.0
x[1, 2, 5, 1],  93.16
y[5, 18, 12, 21, 14, 5] = 0.44  43.12
y[5, 12, 6, 24, 30, 11, 9, 7, 20, 5] = 0.13  90.47
y[5, 23, 5] = 0.62  16.0
y[5, 14, 21, 23, 5] = 0.38  39.3
y[5, 26, 6, 22, 8, 13, 5] = 0.19  83.62
y[5, 16, 17, 28, 19, 29, 7, 15, 5] = 0.06  99.26
y[5, 16, 28, 19, 9, 11, 30, 24, 5] = 0.06  112.42
y[5, 8, 25, 27, 22, 6, 10, 5] = 0.5  92.46
y[5, 13, 25, 8, 14, 5] = 0.13  69.96
y[5, 15, 6, 24, 22, 27, 8, 5] = 0.06  96.39
y[5, 18, 10, 27, 25, 13, 5] = 0.19  85.25
y[5, 14, 13, 8, 10, 18, 5] = 0.06  68.24
y[5, 16, 17, 28, 19, 29, 15, 5] = 0.81  94.65
y[5, 17, 28, 19, 29, 20, 18, 5] = 0.06  97.66
y[5, 20, 29, 7, 9, 11, 30, 6, 10, 5] = 0.06  94.62
y[5, 21, 13, 10, 18, 12, 5] = 0.19  57.57
y[5, 16, 17, 15, 26, 18, 5] = 0.06  68.97
y[5, 13, 8, 27, 22, 6, 12, 5] = 0.06  93.78
y[5, 26, 24, 30, 11, 9, 7, 20, 5] = 0.75  89.67
y[5, 12, 22, 27, 25, 13, 5] = 0.19  90.2
false  0

================Iteration 5 of B&P for SP1 [1, 2, 5, 1] parkings[5]================
Display selected node 8, parent node 6: from 3 nodes
- Branching node in depth: 4
   + Customers FORBIDDEN served together:  (6, 18)  (6, 28)  (16, 20)  
   # Total number of 2e routes cannot UNDER:   5  

  Branching node with fractional score: 3.62
  Branching node with cg lower bound: 452.28
  Branching node with LB reduction: 0.05
  Branching node with FS reduction: -0.12
  Total reduction: -0.12

Solve a child node 9
   + Customers MUST      served together:  (8, 13)  
   + Customers FORBIDDEN served together:  (6, 18)  (6, 28)  (16, 20)  
   # Total number of 2e routes cannot UNDER:   5  

-------------Iter CG 1-------------
LP Objective Value = 455.49,   sum y = 5.0
x[1, 2, 5, 1],  93.16
y[5, 18, 12, 21, 14, 5] = 0.5  43.12
y[5, 23, 5] = 0.5  16.0
y[5, 14, 21, 23, 5] = 0.5  39.3
y[5, 26, 6, 22, 8, 13, 5] = 0.5  83.62
y[5, 20, 7, 9, 11, 30, 24, 6, 5] = 0.5  89.65
y[5, 18, 10, 22, 27, 25, 5] = 0.5  88.96
y[5, 16, 17, 28, 19, 29, 15, 5] = 1.0  94.65
y[5, 12, 10, 27, 25, 8, 13, 5] = 0.5  85.05
y[5, 26, 24, 30, 11, 9, 7, 20, 5] = 0.5  89.67
false  0

Solve a child node 10
   + Customers FORBIDDEN served together:  (6, 18)  (6, 28)  (8, 13)  (16, 20)  
   # Total number of 2e routes cannot UNDER:   5  

-------------Iter CG 1-------------
LP Objective Value = 453.93,   sum y = 5.0
x[1, 2, 5, 1],  93.16
y[5, 8, 25, 27, 22, 6, 5] = 1.0  91.16
y[5, 23, 5] = 0.5  16.0
y[5, 14, 21, 23, 5] = 0.5  39.3
y[5, 14, 13, 10, 18, 12, 5] = 0.5  57.72
y[5, 16, 17, 28, 19, 29, 15, 5] = 1.0  94.65
y[5, 20, 7, 9, 11, 30, 24, 26, 5] = 1.0  89.67
y[5, 21, 13, 10, 18, 12, 5] = 0.5  57.57
true  3
-------------Iter CG 2-------------
LP Objective Value = 453.93,   sum y = 5.0
x[1, 2, 5, 1],  93.16
y[5, 8, 25, 27, 22, 6, 5] = 1.0  91.16
y[5, 23, 5] = 0.5  16.0
y[5, 14, 21, 23, 5] = 0.5  39.3
y[5, 14, 13, 10, 18, 12, 5] = 0.5  57.72
y[5, 16, 17, 28, 19, 29, 15, 5] = 1.0  94.65
y[5, 20, 7, 9, 11, 30, 24, 26, 5] = 1.0  89.67
y[5, 21, 13, 10, 18, 12, 5] = 0.5  57.57
false  0

================Iteration 6 of B&P for SP1 [1, 2, 5, 1] parkings[5]================
Display selected node 10, parent node 8: from 4 nodes
- Branching node in depth: 5
   + Customers FORBIDDEN served together:  (6, 18)  (6, 28)  (8, 13)  (16, 20)  
   # Total number of 2e routes cannot UNDER:   5  

  Branching node with fractional score: 2.0
  Branching node with cg lower bound: 453.93
  Branching node with LB reduction: 0.33
  Branching node with FS reduction: -0.32
  Total reduction: 0.01

Solve a child node 11
   + Customers MUST      served together:  (12, 14)  
   + Customers FORBIDDEN served together:  (6, 18)  (6, 28)  (8, 13)  (16, 20)  
   # Total number of 2e routes cannot UNDER:   5  

-------------Iter CG 1-------------
LP Objective Value = 456.23,   sum y = 5.0
x[1, 2, 5, 1],  93.16
y[5, 18, 12, 21, 14, 5] = 0.5  43.12
y[5, 8, 25, 27, 22, 6, 5] = 0.5  91.16
y[5, 23, 5] = 0.5  16.0
y[5, 8, 25, 27, 22, 6, 10, 5] = 0.5  92.46
y[5, 14, 13, 10, 18, 12, 5] = 0.5  57.72
y[5, 21, 13, 23, 5] = 0.5  57.03
y[5, 16, 17, 28, 19, 29, 15, 5] = 1.0  94.65
y[5, 20, 7, 9, 11, 30, 24, 26, 5] = 1.0  89.67
false  0

Solve a child node 12
   + Customers FORBIDDEN served together:  (6, 18)  (6, 28)  (12, 14)  (8, 13)  (16, 20)  
   # Total number of 2e routes cannot UNDER:   5  

-------------Iter CG 1-------------
LP Objective Value = 455.66,   sum y = 5.0
x[1, 2, 5, 1],  93.16
y[5, 12, 18, 10, 13, 21, 5] = 0.5  57.57
y[5, 8, 25, 27, 22, 6, 5] = 1.0  91.16
y[5, 18, 10, 13, 14, 5] = 0.5  57.21
y[5, 23, 5] = 0.5  16.0
y[5, 14, 21, 23, 5] = 0.5  39.3
y[5, 16, 17, 28, 19, 29, 15, 12, 5] = 0.5  98.62
y[5, 16, 17, 28, 19, 29, 15, 5] = 0.5  94.65
y[5, 20, 7, 9, 11, 30, 24, 26, 5] = 1.0  89.67
false  0

================Iteration 7 of B&P for SP1 [1, 2, 5, 1] parkings[5]================
Display selected node 3, parent node 1: from 5 nodes
- Branching node in depth: 2
   + Customers MUST      served together:  (16, 20)  
   # Total number of 2e routes cannot UNDER:   5  

  Branching node with fractional score: 4.62
  Branching node with cg lower bound: 452.61
  Branching node with LB reduction: 0.85
  Branching node with FS reduction: 0.06
  Total reduction: 1.07

Solve a child node 13
   + Customers MUST      served together:  (16, 20)  (7, 29)  
   # Total number of 2e routes cannot UNDER:   5  

-------------Iter CG 1-------------
LP Objective Value = 453.43,   sum y = 5.0
x[1, 2, 5, 1],  93.16
y[5, 18, 12, 21, 14, 5] = 0.43  43.12
y[5, 8, 25, 27, 22, 10, 12, 5] = 0.14  88.59
y[5, 23, 5] = 0.71  16.0
y[5, 14, 21, 23, 5] = 0.29  39.3
y[5, 16, 20, 9, 11, 30, 24, 6, 5] = 0.71  91.25
y[5, 15, 9, 11, 30, 24, 10, 12, 5] = 0.14  87.61
y[5, 8, 25, 27, 22, 6, 10, 5] = 0.29  92.46
y[5, 20, 7, 19, 28, 29, 17, 16, 5] = 0.14  94.56
y[5, 8, 25, 27, 22, 15, 5] = 0.14  92.81
y[5, 16, 17, 20, 15, 26, 18, 5] = 0.14  69.09
y[5, 29, 28, 19, 7, 9, 11, 30, 5] = 0.14  115.92
y[5, 17, 29, 28, 19, 7, 18, 5] = 0.14  99.97
y[5, 14, 8, 25, 13, 5] = 0.29  69.96
y[5, 13, 27, 22, 24, 26, 5] = 0.14  95.64
y[5, 26, 22, 27, 8, 13, 5] = 0.14  93.52
y[5, 21, 13, 10, 18, 12, 5] = 0.29  57.57
y[5, 13, 25, 27, 22, 10, 5] = 0.14  90.21
y[5, 17, 29, 28, 19, 7, 26, 15, 5] = 0.57  102.46
true  1
-------------Iter CG 2-------------
LP Objective Value = 453.25,   sum y = 5.0
x[1, 2, 5, 1],  93.16
y[5, 18, 12, 21, 14, 5] = 0.45  43.12
y[5, 8, 25, 27, 22, 10, 12, 5] = 0.18  88.59
y[5, 23, 5] = 0.73  16.0
y[5, 14, 21, 23, 5] = 0.27  39.3
y[5, 16, 20, 9, 11, 30, 24, 6, 5] = 0.73  91.25
y[5, 8, 25, 27, 22, 6, 10, 5] = 0.18  92.46
y[5, 20, 7, 19, 28, 29, 17, 16, 5] = 0.09  94.56
y[5, 8, 25, 27, 22, 15, 5] = 0.18  92.81
y[5, 17, 29, 28, 19, 7, 9, 15, 5] = 0.09  105.0
y[5, 16, 17, 20, 15, 26, 18, 5] = 0.18  69.09
y[5, 29, 28, 19, 7, 9, 11, 30, 5] = 0.09  115.92
y[5, 12, 10, 24, 30, 11, 9, 19, 28, 5] = 0.09  113.82
y[5, 17, 29, 28, 19, 7, 18, 5] = 0.09  99.97
y[5, 14, 8, 25, 13, 5] = 0.27  69.96
y[5, 13, 27, 22, 24, 26, 5] = 0.09  95.64
y[5, 26, 22, 27, 8, 13, 5] = 0.18  93.52
y[5, 21, 13, 10, 18, 12, 5] = 0.27  57.57
y[5, 13, 25, 27, 22, 10, 5] = 0.18  90.21
y[5, 29, 7, 11, 30, 24, 6, 10, 5] = 0.09  93.95
y[5, 17, 29, 28, 19, 7, 26, 15, 5] = 0.55  102.46
false  0

Solve a child node 14
   + Customers MUST      served together:  (16, 20)  
   + Customers FORBIDDEN served together:  (7, 29)  
   # Total number of 2e routes cannot UNDER:   5  

-------------Iter CG 1-------------
LP Objective Value = 455.58,   sum y = 5.0
x[1, 2, 5, 1],  93.16
y[5, 17, 28, 19, 7, 11, 30, 6, 10, 5] = 0.01  115.59
y[5, 18, 12, 21, 14, 5] = 0.42  43.12
y[5, 16, 28, 19, 7, 11, 30, 24, 6, 20, 5] = 0.06  121.54
y[5, 15, 30, 11, 9, 29, 5] = 0.06  91.69
y[5, 17, 28, 19, 7, 9, 11, 6, 26, 5] = 0.05  110.38
y[5, 26, 24, 30, 11, 9, 7, 5] = 0.79  89.58
y[5, 17, 29, 15, 18, 5] = 0.03  70.92
y[5, 23, 5] = 0.63  16.0
y[5, 14, 21, 23, 5] = 0.37  39.3
y[5, 26, 6, 22, 8, 13, 5] = 0.09  83.62
y[5, 16, 20, 9, 11, 30, 24, 6, 5] = 0.01  91.25
y[5, 8, 25, 27, 22, 6, 10, 5] = 0.5  92.46
y[5, 18, 10, 22, 24, 6, 15, 5] = 0.07  79.75
y[5, 18, 10, 27, 25, 13, 5] = 0.18  85.25
y[5, 26, 24, 30, 9, 7, 19, 28, 5] = 0.06  114.25
y[5, 16, 17, 29, 20, 18, 12, 5] = 0.09  72.19
y[5, 22, 30, 11, 9, 7, 20, 16, 5] = 0.02  99.09
y[5, 14, 8, 25, 13, 5] = 0.21  69.96
y[5, 16, 17, 28, 19, 29, 20, 15, 5] = 0.83  97.46
y[5, 21, 13, 10, 18, 12, 5] = 0.21  57.57
y[5, 13, 25, 27, 22, 10, 5] = 0.03  90.21
y[5, 15, 26, 6, 24, 11, 9, 7, 5] = 0.02  87.32
y[5, 13, 8, 27, 22, 6, 12, 5] = 0.21  93.78
y[5, 12, 22, 27, 25, 13, 5] = 0.08  90.2
true  47
-------------Iter CG 2-------------
LP Objective Value = 454.51,   sum y = 5.0
x[1, 2, 5, 1],  93.16
y[5, 18, 12, 21, 14, 5] = 0.38  43.12
y[5, 26, 24, 30, 11, 9, 7, 5] = 0.75  89.58
y[5, 23, 5] = 0.62  16.0
y[5, 14, 21, 23, 5] = 0.38  39.3
y[5, 28, 19, 7, 9, 11, 30, 24, 5] = 0.12  114.1
y[5, 8, 25, 27, 22, 6, 10, 5] = 0.5  92.46
y[5, 13, 25, 8, 14, 5] = 0.25  69.96
y[5, 7, 9, 11, 30, 6, 26, 15, 5] = 0.12  91.62
y[5, 18, 10, 27, 25, 13, 5] = 0.12  85.25
y[5, 16, 17, 29, 20, 18, 12, 5] = 0.12  72.19
y[5, 16, 17, 28, 19, 29, 20, 15, 5] = 0.88  97.46
y[5, 18, 22, 24, 6, 26, 5] = 0.12  78.07
y[5, 21, 13, 10, 18, 12, 5] = 0.25  57.57
y[5, 13, 8, 27, 22, 6, 12, 5] = 0.25  93.78
y[5, 10, 22, 27, 25, 13, 5] = 0.12  90.21
true  10
-------------Iter CG 3-------------
LP Objective Value = 454.51,   sum y = 5.0
x[1, 2, 5, 1],  93.16
y[5, 18, 12, 21, 14, 5] = 0.38  43.12
y[5, 26, 24, 30, 11, 9, 7, 5] = 0.75  89.58
y[5, 23, 5] = 0.62  16.0
y[5, 14, 21, 23, 5] = 0.38  39.3
y[5, 28, 19, 7, 9, 11, 30, 24, 5] = 0.13  114.1
y[5, 8, 25, 27, 22, 6, 10, 5] = 0.5  92.46
y[5, 13, 25, 8, 14, 5] = 0.25  69.96
y[5, 7, 9, 11, 30, 6, 26, 15, 5] = 0.13  91.62
y[5, 18, 10, 27, 25, 13, 5] = 0.12  85.25
y[5, 16, 17, 29, 20, 18, 12, 5] = 0.12  72.19
y[5, 16, 17, 28, 19, 29, 20, 15, 5] = 0.88  97.46
y[5, 18, 22, 24, 6, 26, 5] = 0.13  78.07
y[5, 21, 13, 10, 18, 12, 5] = 0.25  57.57
y[5, 13, 8, 27, 22, 6, 12, 5] = 0.25  93.78
y[5, 10, 22, 27, 25, 13, 5] = 0.13  90.21
false  0

================Iteration 8 of B&P for SP1 [1, 2, 5, 1] parkings[5]================
Display selected node 13, parent node 3: from 6 nodes
- Branching node in depth: 3
   + Customers MUST      served together:  (16, 20)  (7, 29)  
   # Total number of 2e routes cannot UNDER:   5  

  Branching node with fractional score: 4.0
  Branching node with cg lower bound: 453.25
  Branching node with LB reduction: 0.21
  Branching node with FS reduction: -0.21
  Total reduction: 0.01

Solve a child node 15
   + Customers MUST      served together:  (28, 29)  (16, 20)  (7, 29)  
   # Total number of 2e routes cannot UNDER:   5  

-------------Iter CG 1-------------
LP Objective Value = 453.43,   sum y = 5.0
x[1, 2, 5, 1],  93.16
y[5, 18, 12, 21, 14, 5] = 0.43  43.12
y[5, 8, 25, 27, 22, 10, 12, 5] = 0.14  88.59
y[5, 23, 5] = 0.71  16.0
y[5, 14, 21, 23, 5] = 0.29  39.3
y[5, 16, 20, 9, 11, 30, 24, 6, 5] = 0.71  91.25
y[5, 15, 9, 11, 30, 24, 10, 12, 5] = 0.14  87.61
y[5, 8, 25, 27, 22, 6, 10, 5] = 0.29  92.46
y[5, 13, 25, 8, 14, 5] = 0.29  69.96
y[5, 20, 7, 19, 28, 29, 17, 16, 5] = 0.14  94.56
y[5, 8, 25, 27, 22, 15, 5] = 0.14  92.81
y[5, 16, 17, 20, 15, 26, 18, 5] = 0.14  69.09
y[5, 29, 28, 19, 7, 9, 11, 30, 5] = 0.14  115.92
y[5, 17, 29, 28, 19, 7, 18, 5] = 0.14  99.97
y[5, 13, 27, 22, 24, 26, 5] = 0.14  95.64
y[5, 26, 22, 27, 8, 13, 5] = 0.14  93.52
y[5, 21, 13, 10, 18, 12, 5] = 0.29  57.57
y[5, 10, 22, 27, 25, 13, 5] = 0.14  90.21
y[5, 17, 29, 28, 19, 7, 26, 15, 5] = 0.57  102.46
false  0

Solve a child node 16
   + Customers MUST      served together:  (16, 20)  (7, 29)  
   + Customers FORBIDDEN served together:  (28, 29)  
   # Total number of 2e routes cannot UNDER:   5  

-------------Iter CG 1-------------
LP Objective Value = 465.67,   sum y = 5.0
x[1, 2, 5, 1],  93.16
y[5, 8, 25, 27, 22, 6, 5] = 0.6  91.16
y[5, 23, 5] = 0.6  16.0
y[5, 14, 21, 23, 5] = 0.4  39.3
y[5, 17, 29, 7, 15, 18, 5] = 0.2  75.54
y[5, 21, 13, 14, 5] = 0.6  50.18
y[5, 16, 17, 20, 15, 26, 18, 5] = 0.4  69.09
y[5, 12, 10, 24, 30, 11, 9, 19, 28, 5] = 0.6  113.82
y[5, 17, 29, 7, 26, 18, 5] = 0.2  78.14
y[5, 18, 7, 29, 20, 17, 16, 5] = 0.2  80.88
y[5, 12, 10, 27, 25, 8, 13, 5] = 0.4  85.05
y[5, 20, 29, 7, 24, 6, 26, 15, 16, 5] = 0.4  95.59
y[5, 22, 30, 11, 9, 19, 28, 5] = 0.4  118.25
false  0
Exceed Upper Bound, prune

================Iteration 9 of B&P for SP1 [1, 2, 5, 1] parkings[5]================
Display selected node 15, parent node 13: from 6 nodes
- Branching node in depth: 4
   + Customers MUST      served together:  (28, 29)  (16, 20)  (7, 29)  
   # Total number of 2e routes cannot UNDER:   5  

  Branching node with fractional score: 4.0
  Branching node with cg lower bound: 453.43
  Branching node with LB reduction: 0.05
  Branching node with FS reduction: -0.0
  Total reduction: 0.08

Solve a child node 17
   + Customers MUST      served together:  (28, 29)  (16, 20)  (8, 22)  (7, 29)  
   # Total number of 2e routes cannot UNDER:   5  

-------------Iter CG 1-------------
LP Objective Value = 456.58,   sum y = 5.0
x[1, 2, 5, 1],  93.16
y[5, 18, 12, 21, 14, 5] = 0.17  43.12
y[5, 8, 25, 27, 22, 10, 12, 5] = 0.33  88.59
y[5, 8, 25, 27, 22, 6, 5] = 0.17  91.16
y[5, 23, 5] = 0.67  16.0
y[5, 14, 21, 23, 5] = 0.33  39.3
y[5, 16, 20, 9, 11, 30, 24, 6, 5] = 0.83  91.25
y[5, 21, 13, 14, 5] = 0.17  50.18
y[5, 8, 25, 27, 22, 15, 5] = 0.17  92.81
y[5, 18, 10, 27, 25, 13, 5] = 0.17  85.25
y[5, 8, 25, 22, 24, 5] = 0.17  85.44
y[5, 14, 13, 10, 18, 12, 5] = 0.17  57.72
y[5, 29, 28, 19, 7, 9, 11, 30, 5] = 0.17  115.92
y[5, 26, 22, 27, 8, 13, 5] = 0.17  93.52
y[5, 16, 17, 20, 18, 14, 5] = 0.17  61.97
y[5, 21, 13, 10, 18, 12, 5] = 0.33  57.57
y[5, 17, 29, 28, 19, 7, 26, 15, 5] = 0.83  102.46
false  0

Solve a child node 18
   + Customers MUST      served together:  (28, 29)  (16, 20)  (7, 29)  
   + Customers FORBIDDEN served together:  (8, 22)  
   # Total number of 2e routes cannot UNDER:   5  

-------------Iter CG 1-------------
LP Objective Value = 455.92,   sum y = 5.0
x[1, 2, 5, 1],  93.16
y[5, 18, 12, 21, 14, 5] = 0.5  43.12
y[5, 23, 5] = 0.5  16.0
y[5, 14, 21, 23, 5] = 0.5  39.3
y[5, 16, 20, 9, 11, 30, 24, 6, 5] = 0.5  91.25
y[5, 20, 7, 19, 28, 29, 17, 16, 5] = 0.5  94.56
y[5, 13, 27, 25, 8, 5] = 0.5  83.6
y[5, 15, 9, 11, 30, 22, 10, 5] = 0.5  92.13
y[5, 18, 22, 24, 6, 26, 5] = 0.5  78.07
y[5, 12, 10, 27, 25, 8, 13, 5] = 0.5  85.05
y[5, 17, 29, 28, 19, 7, 26, 15, 5] = 0.5  102.46
false  0

================Iteration 10 of B&P for SP1 [1, 2, 5, 1] parkings[5]================
Display selected node 14, parent node 3: from 7 nodes
- Branching node in depth: 3
   + Customers MUST      served together:  (16, 20)  
   + Customers FORBIDDEN served together:  (7, 29)  
   # Total number of 2e routes cannot UNDER:   5  

  Branching node with fractional score: 3.5
  Branching node with cg lower bound: 454.51
  Branching node with LB reduction: 0.63
  Branching node with FS reduction: -0.37
  Total reduction: 0.37

Solve a child node 19
   + Customers MUST      served together:  (16, 20)  (13, 18)  
   + Customers FORBIDDEN served together:  (7, 29)  
   # Total number of 2e routes cannot UNDER:   5  

-------------Iter CG 1-------------
LP Objective Value = 456.64,   sum y = 5.0
x[1, 2, 5, 1],  93.16
y[5, 12, 18, 10, 13, 21, 5] = 0.5  57.57
y[5, 26, 24, 30, 11, 9, 7, 5] = 1.0  89.58
y[5, 8, 25, 27, 22, 6, 5] = 1.0  91.16
y[5, 23, 5] = 0.5  16.0
y[5, 14, 21, 23, 5] = 0.5  39.3
y[5, 14, 13, 10, 18, 12, 5] = 0.5  57.72
y[5, 16, 17, 28, 19, 29, 20, 15, 5] = 1.0  97.46
false  0

Solve a child node 20
   + Customers MUST      served together:  (16, 20)  
   + Customers FORBIDDEN served together:  (7, 29)  (13, 18)  
   # Total number of 2e routes cannot UNDER:   5  

-------------Iter CG 1-------------
LP Objective Value = 455.58,   sum y = 5.0
x[1, 2, 5, 1],  93.16
y[5, 18, 12, 21, 14, 5] = 0.5  43.12
y[5, 26, 24, 30, 11, 9, 7, 5] = 0.67  89.58
y[5, 23, 5] = 0.67  16.0
y[5, 13, 8, 27, 22, 6, 10, 5] = 0.33  94.26
y[5, 14, 21, 23, 5] = 0.17  39.3
y[5, 8, 25, 27, 22, 6, 10, 5] = 0.33  92.46
y[5, 7, 9, 11, 30, 6, 26, 15, 5] = 0.17  91.62
y[5, 23, 21, 12, 18, 5] = 0.17  50.87
y[5, 16, 17, 29, 20, 18, 12, 5] = 0.17  72.19
y[5, 28, 19, 7, 9, 11, 30, 24, 12, 5] = 0.17  115.1
y[5, 14, 8, 25, 13, 5] = 0.33  69.96
y[5, 16, 17, 28, 19, 29, 20, 15, 5] = 0.83  97.46
y[5, 18, 22, 24, 6, 26, 5] = 0.17  78.07
y[5, 13, 25, 27, 22, 10, 5] = 0.17  90.21
y[5, 21, 13, 25, 27, 10, 5] = 0.17  84.88
true  2
-------------Iter CG 2-------------
LP Objective Value = 455.44,   sum y = 5.0
x[1, 2, 5, 1],  93.16
y[5, 18, 12, 21, 14, 5] = 0.5  43.12
y[5, 26, 24, 30, 11, 9, 7, 5] = 0.5  89.58
y[5, 23, 5] = 0.67  16.0
y[5, 14, 21, 23, 5] = 0.17  39.3
y[5, 8, 25, 27, 22, 6, 10, 5] = 0.33  92.46
y[5, 23, 21, 12, 18, 5] = 0.17  50.87
y[5, 14, 8, 25, 13, 5] = 0.33  69.96
y[5, 16, 17, 28, 19, 29, 20, 15, 5] = 1.0  97.46
y[5, 7, 9, 11, 30, 24, 6, 10, 12, 5] = 0.33  90.87
y[5, 26, 22, 27, 8, 13, 5] = 0.33  93.52
y[5, 7, 9, 11, 30, 6, 18, 5] = 0.17  89.9
y[5, 18, 22, 24, 6, 26, 5] = 0.17  78.07
y[5, 13, 25, 27, 22, 10, 5] = 0.17  90.21
y[5, 21, 13, 25, 27, 10, 5] = 0.17  84.88
false  0

================Iteration 11 of B&P for SP1 [1, 2, 5, 1] parkings[5]================
Display selected node 19, parent node 14: from 8 nodes
- Branching node in depth: 4
   + Customers MUST      served together:  (16, 20)  (13, 18)  
   + Customers FORBIDDEN served together:  (7, 29)  
   # Total number of 2e routes cannot UNDER:   5  

  Branching node with fractional score: 2.0
  Branching node with cg lower bound: 456.64
  Branching node with LB reduction: 0.53
  Branching node with FS reduction: -0.38
  Total reduction: 0.27

Solve a child node 21
   + Customers MUST      served together:  (12, 14)  (16, 20)  (13, 18)  
   + Customers FORBIDDEN served together:  (7, 29)  
   # Total number of 2e routes cannot UNDER:   5  

-------------Iter CG 1-------------
LP Objective Value = 468.12,   sum y = 5.0
x[1, 2, 5, 1],  93.16
y[5, 26, 24, 30, 11, 9, 7, 5] = 1.0  89.58
y[5, 8, 25, 27, 22, 6, 5] = 1.0  91.16
y[5, 14, 13, 10, 18, 12, 5] = 1.0  57.72
y[5, 16, 17, 28, 19, 29, 20, 15, 5] = 1.0  97.46
y[5, 21, 23, 5] = 1.0  39.05
true  16
-------------Iter CG 2-------------
LP Objective Value = 468.12,   sum y = 5.0
x[1, 2, 5, 1],  93.16
y[5, 26, 24, 30, 11, 9, 7, 5] = 1.0  89.58
y[5, 8, 25, 27, 22, 6, 5] = 1.0  91.16
y[5, 14, 13, 10, 18, 12, 5] = 1.0  57.72
y[5, 16, 17, 28, 19, 29, 20, 15, 5] = 1.0  97.46
y[5, 21, 23, 5] = 1.0  39.05
true  11
-------------Iter CG 3-------------
LP Objective Value = 468.12,   sum y = 5.0
x[1, 2, 5, 1],  93.16
y[5, 26, 24, 30, 11, 9, 7, 5] = 1.0  89.58
y[5, 8, 25, 27, 22, 6, 5] = 1.0  91.16
y[5, 14, 13, 10, 18, 12, 5] = 1.0  57.72
y[5, 16, 17, 28, 19, 29, 20, 15, 5] = 1.0  97.46
y[5, 21, 23, 5] = 1.0  39.05
true  1
-------------Iter CG 4-------------
LP Objective Value = 468.12,   sum y = 5.0
x[1, 2, 5, 1],  93.16
y[5, 26, 24, 30, 11, 9, 7, 5] = 1.0  89.58
y[5, 8, 25, 27, 22, 6, 5] = 1.0  91.16
y[5, 14, 13, 10, 18, 12, 5] = 1.0  57.72
y[5, 16, 17, 28, 19, 29, 20, 15, 5] = 1.0  97.46
y[5, 21, 23, 5] = 1.0  39.05
false  0
Exceed Upper Bound, prune

Solve a child node 22
   + Customers MUST      served together:  (16, 20)  (13, 18)  
   + Customers FORBIDDEN served together:  (12, 14)  (7, 29)  
   # Total number of 2e routes cannot UNDER:   5  

-------------Iter CG 1-------------
LP Objective Value = 458.05,   sum y = 5.0
x[1, 2, 5, 1],  93.16
y[5, 26, 24, 30, 11, 9, 7, 5] = 0.5  89.58
y[5, 8, 25, 27, 22, 10, 12, 5] = 0.25  88.59
y[5, 8, 25, 27, 22, 6, 5] = 0.25  91.16
y[5, 23, 5] = 0.5  16.0
y[5, 14, 21, 23, 5] = 0.5  39.3
y[5, 7, 9, 11, 30, 6, 26, 15, 5] = 0.5  91.62
y[5, 20, 29, 19, 28, 17, 16, 5] = 0.75  88.42
y[5, 14, 13, 8, 10, 18, 5] = 0.5  68.24
y[5, 16, 17, 28, 19, 29, 20, 15, 12, 5] = 0.25  101.43
y[5, 25, 27, 22, 24, 6, 5] = 0.25  94.28
y[5, 21, 13, 18, 12, 5] = 0.25  56.49
y[5, 21, 13, 10, 18, 12, 5] = 0.25  57.57
y[5, 15, 24, 22, 27, 25, 5] = 0.25  95.36
false  0

================Iteration 12 of B&P for SP1 [1, 2, 5, 1] parkings[5]================
Display selected node 20, parent node 14: from 8 nodes
- Branching node in depth: 4
   + Customers MUST      served together:  (16, 20)  
   + Customers FORBIDDEN served together:  (7, 29)  (13, 18)  
   # Total number of 2e routes cannot UNDER:   5  

  Branching node with fractional score: 3.67
  Branching node with cg lower bound: 455.44
  Branching node with LB reduction: 0.23
  Branching node with FS reduction: 0.04
  Total reduction: 0.46

Solve a child node 23
   + Customers MUST      served together:  (6, 22)  (16, 20)  
   + Customers FORBIDDEN served together:  (7, 29)  (13, 18)  
   # Total number of 2e routes cannot UNDER:   5  

-------------Iter CG 1-------------
LP Objective Value = 458.01,   sum y = 5.0
x[1, 2, 5, 1],  93.16
y[5, 16, 28, 19, 7, 30, 11, 26, 15, 20, 5] = 0.08  121.45
y[5, 18, 12, 21, 14, 5] = 0.42  43.12
y[5, 15, 30, 11, 9, 29, 5] = 0.08  91.69
y[5, 26, 24, 30, 11, 9, 7, 5] = 0.5  89.58
y[5, 17, 29, 15, 18, 5] = 0.08  70.92
y[5, 23, 5] = 0.67  16.0
y[5, 13, 8, 27, 22, 6, 10, 5] = 0.25  94.26
y[5, 14, 21, 23, 5] = 0.33  39.3
y[5, 8, 25, 27, 22, 6, 10, 5] = 0.25  92.46
y[5, 7, 9, 30, 22, 6, 26, 5] = 0.08  98.73
y[5, 13, 25, 8, 14, 5] = 0.25  69.96
y[5, 7, 9, 11, 30, 6, 22, 5] = 0.08  99.66
y[5, 16, 17, 29, 20, 18, 12, 5] = 0.17  72.19
y[5, 16, 17, 20, 15, 26, 18, 5] = 0.08  69.09
y[5, 28, 19, 7, 9, 11, 30, 24, 12, 5] = 0.17  115.1
y[5, 22, 6, 24, 11, 9, 7, 19, 28, 5] = 0.08  120.15
y[5, 16, 17, 28, 19, 29, 20, 15, 5] = 0.67  97.46
y[5, 18, 22, 24, 6, 26, 5] = 0.25  78.07
y[5, 12, 10, 27, 25, 8, 13, 5] = 0.25  85.05
y[5, 21, 13, 25, 27, 10, 5] = 0.25  84.88
true  12
-------------Iter CG 2-------------
LP Objective Value = 457.82,   sum y = 5.0
x[1, 2, 5, 1],  93.16
y[5, 18, 12, 21, 14, 5] = 0.5  43.12
y[5, 28, 19, 7, 9, 11, 30, 24, 10, 5] = 0.13  115.64
y[5, 26, 24, 30, 11, 9, 7, 5] = 0.62  89.58
y[5, 23, 5] = 0.62  16.0
y[5, 13, 8, 27, 22, 6, 10, 5] = 0.25  94.26
y[5, 14, 21, 23, 5] = 0.25  39.3
y[5, 8, 25, 27, 22, 6, 10, 5] = 0.25  92.46
y[5, 13, 25, 8, 14, 5] = 0.25  69.96
y[5, 23, 21, 12, 18, 5] = 0.13  50.87
y[5, 13, 25, 27, 26, 15, 5] = 0.13  93.65
y[5, 7, 9, 11, 30, 6, 22, 5] = 0.25  99.66
y[5, 16, 17, 29, 20, 18, 12, 5] = 0.12  72.19
y[5, 16, 17, 28, 19, 29, 20, 15, 5] = 0.88  97.46
y[5, 18, 22, 24, 6, 26, 5] = 0.25  78.07
y[5, 12, 10, 27, 25, 8, 13, 5] = 0.25  85.05
y[5, 21, 13, 25, 27, 10, 5] = 0.12  84.88
true  1
-------------Iter CG 3-------------
LP Objective Value = 457.82,   sum y = 5.0
x[1, 2, 5, 1],  93.16
y[5, 18, 12, 21, 14, 5] = 0.5  43.12
y[5, 28, 19, 7, 9, 11, 30, 24, 10, 5] = 0.12  115.64
y[5, 26, 24, 30, 11, 9, 7, 5] = 0.62  89.58
y[5, 23, 5] = 0.63  16.0
y[5, 13, 8, 27, 22, 6, 10, 5] = 0.25  94.26
y[5, 14, 21, 23, 5] = 0.25  39.3
y[5, 8, 25, 27, 22, 6, 10, 5] = 0.25  92.46
y[5, 13, 25, 8, 14, 5] = 0.25  69.96
y[5, 23, 21, 12, 18, 5] = 0.12  50.87
y[5, 13, 25, 27, 26, 15, 5] = 0.12  93.65
y[5, 7, 9, 11, 30, 6, 22, 5] = 0.25  99.66
y[5, 16, 17, 29, 20, 18, 12, 5] = 0.12  72.19
y[5, 16, 17, 28, 19, 29, 20, 15, 5] = 0.88  97.46
y[5, 18, 22, 24, 6, 26, 5] = 0.25  78.07
y[5, 12, 10, 27, 25, 8, 13, 5] = 0.25  85.05
y[5, 21, 13, 25, 27, 10, 5] = 0.13  84.88
false  0

Solve a child node 24
   + Customers MUST      served together:  (16, 20)  
   + Customers FORBIDDEN served together:  (6, 22)  (7, 29)  (13, 18)  
   # Total number of 2e routes cannot UNDER:   5  

-------------Iter CG 1-------------
LP Objective Value = 457.46,   sum y = 5.0
x[1, 2, 5, 1],  93.16
y[5, 17, 28, 19, 7, 11, 30, 6, 10, 5] = 0.09  115.59
y[5, 18, 12, 21, 14, 5] = 0.55  43.12
y[5, 16, 28, 19, 7, 11, 30, 24, 6, 20, 5] = 0.09  121.54
y[5, 26, 24, 30, 11, 9, 7, 5] = 0.18  89.58
y[5, 23, 5] = 0.64  16.0
y[5, 14, 21, 23, 5] = 0.18  39.3
y[5, 13, 25, 8, 14, 5] = 0.27  69.96
y[5, 7, 9, 11, 30, 6, 26, 15, 5] = 0.18  91.62
y[5, 8, 25, 27, 22, 15, 5] = 0.27  92.81
y[5, 23, 21, 18, 5] = 0.18  50.51
y[5, 16, 17, 20, 15, 26, 18, 5] = 0.09  69.09
y[5, 16, 17, 28, 19, 29, 20, 5] = 0.18  88.42
y[5, 16, 17, 28, 19, 29, 20, 15, 5] = 0.45  97.46
y[5, 7, 9, 11, 30, 24, 6, 10, 12, 5] = 0.45  90.87
y[5, 26, 22, 27, 8, 13, 5] = 0.36  93.52
y[5, 29, 28, 19, 9, 24, 6, 26, 5] = 0.18  110.8
y[5, 10, 8, 25, 22, 24, 5] = 0.09  87.04
y[5, 13, 25, 27, 22, 10, 5] = 0.27  90.21
y[5, 21, 13, 25, 27, 10, 5] = 0.09  84.88
y[5, 16, 17, 29, 20, 18, 5] = 0.18  71.68
false  0

================Iteration 13 of B&P for SP1 [1, 2, 5, 1] parkings[5]================
Display selected node 23, parent node 20: from 9 nodes
- Branching node in depth: 5
   + Customers MUST      served together:  (6, 22)  (16, 20)  
   + Customers FORBIDDEN served together:  (7, 29)  (13, 18)  
   # Total number of 2e routes cannot UNDER:   5  

  Branching node with fractional score: 3.75
  Branching node with cg lower bound: 457.82
  Branching node with LB reduction: 0.48
  Branching node with FS reduction: 0.02
  Total reduction: 0.95

Solve a child node 25
   + Customers MUST      served together:  (6, 22)  (13, 25)  (16, 20)  
   + Customers FORBIDDEN served together:  (7, 29)  (13, 18)  
   # Total number of 2e routes cannot UNDER:   5  

-------------Iter CG 1-------------
LP Objective Value = 458.52,   sum y = 5.0
x[1, 2, 5, 1],  93.16
y[5, 18, 12, 21, 14, 5] = 0.5  43.12
y[5, 26, 24, 30, 11, 9, 7, 5] = 0.5  89.58
y[5, 23, 5] = 0.5  16.0
y[5, 14, 21, 23, 5] = 0.5  39.3
y[5, 7, 9, 11, 30, 6, 22, 5] = 0.5  99.66
y[5, 16, 17, 28, 19, 29, 20, 15, 5] = 1.0  97.46
y[5, 18, 22, 24, 6, 26, 5] = 0.5  78.07
y[5, 12, 10, 27, 25, 8, 13, 5] = 0.5  85.05
y[5, 10, 27, 25, 8, 13, 5] = 0.5  85.04
false  0

Solve a child node 26
   + Customers MUST      served together:  (6, 22)  (16, 20)  
   + Customers FORBIDDEN served together:  (13, 25)  (7, 29)  (13, 18)  
   # Total number of 2e routes cannot UNDER:   5  

-------------Iter CG 1-------------
LP Objective Value = 462.4,   sum y = 5.0
x[1, 2, 5, 1],  93.16
y[5, 16, 28, 19, 7, 30, 11, 26, 15, 20, 5] = 0.11  121.45
y[5, 26, 24, 30, 11, 9, 7, 5] = 0.56  89.58
y[5, 17, 29, 15, 18, 5] = 0.11  70.92
y[5, 8, 25, 27, 22, 6, 5] = 0.11  91.16
y[5, 23, 5] = 0.56  16.0
y[5, 23, 18, 12, 14, 5] = 0.22  50.28
y[5, 8, 25, 27, 22, 6, 10, 5] = 0.78  92.46
y[5, 21, 13, 14, 5] = 0.56  50.18
y[5, 18, 10, 22, 24, 6, 15, 5] = 0.11  79.75
y[5, 26, 24, 30, 9, 7, 19, 28, 5] = 0.11  114.25
y[5, 16, 17, 29, 20, 18, 12, 5] = 0.33  72.19
y[5, 16, 17, 20, 15, 26, 18, 5] = 0.11  69.09
y[5, 21, 13, 23, 5] = 0.22  57.03
y[5, 28, 19, 7, 9, 11, 30, 24, 12, 5] = 0.22  115.1
y[5, 16, 17, 28, 19, 29, 20, 15, 5] = 0.44  97.46
y[5, 14, 21, 13, 12, 5] = 0.22  53.42
y[5, 29, 28, 19, 9, 11, 26, 15, 5] = 0.11  108.84
y[5, 18, 10, 27, 25, 8, 5] = 0.11  83.62
true  11
-------------Iter CG 2-------------
LP Objective Value = 461.68,   sum y = 5.0
x[1, 2, 5, 1],  93.16
y[5, 16, 28, 19, 7, 30, 11, 26, 15, 20, 5] = 0.09  121.45
y[5, 18, 12, 21, 14, 5] = 0.02  43.12
y[5, 26, 24, 30, 11, 9, 7, 5] = 0.4  89.58
y[5, 17, 29, 15, 18, 5] = 0.09  70.92
y[5, 18, 12, 14, 23, 5] = 0.22  48.34
y[5, 23, 5] = 0.56  16.0
y[5, 26, 6, 22, 8, 13, 5] = 0.02  83.62
y[5, 8, 25, 27, 22, 6, 10, 5] = 0.89  92.46
y[5, 21, 13, 14, 5] = 0.76  50.18
y[5, 18, 10, 22, 24, 6, 15, 5] = 0.02  79.75
y[5, 16, 17, 29, 20, 18, 12, 5] = 0.38  72.19
y[5, 16, 17, 20, 15, 26, 18, 5] = 0.13  69.09
y[5, 21, 13, 23, 5] = 0.22  57.03
y[5, 28, 19, 7, 9, 11, 30, 24, 12, 5] = 0.33  115.1
y[5, 25, 27, 22, 24, 6, 5] = 0.02  94.28
y[5, 16, 17, 28, 19, 29, 20, 15, 5] = 0.4  97.46
y[5, 18, 22, 24, 6, 26, 5] = 0.04  78.07
y[5, 7, 9, 30, 24, 26, 15, 5] = 0.13  90.69
y[5, 29, 28, 19, 9, 11, 26, 15, 5] = 0.13  108.84
y[5, 28, 19, 7, 11, 30, 24, 26, 12, 5] = 0.04  116.1
y[5, 18, 10, 27, 25, 8, 5] = 0.09  83.62
true  1
-------------Iter CG 3-------------
LP Objective Value = 461.67,   sum y = 5.0
x[1, 2, 5, 1],  93.16
y[5, 16, 28, 19, 7, 30, 11, 26, 15, 20, 5] = 0.1  121.45
y[5, 29, 28, 19, 9, 11, 24, 15, 5] = 0.02  112.11
y[5, 26, 24, 30, 11, 9, 7, 5] = 0.37  89.58
y[5, 17, 29, 15, 18, 5] = 0.1  70.92
y[5, 18, 12, 14, 23, 5] = 0.22  48.34
y[5, 23, 5] = 0.56  16.0
y[5, 8, 25, 27, 22, 6, 10, 5] = 0.93  92.46
y[5, 21, 13, 14, 5] = 0.78  50.18
y[5, 16, 17, 29, 20, 18, 12, 5] = 0.39  72.19
y[5, 16, 17, 20, 15, 26, 18, 5] = 0.15  69.09
y[5, 21, 13, 23, 5] = 0.22  57.03
y[5, 28, 19, 7, 9, 11, 30, 24, 12, 5] = 0.34  115.1
y[5, 16, 17, 28, 19, 29, 20, 15, 5] = 0.37  97.46
y[5, 18, 22, 24, 6, 26, 5] = 0.07  78.07
y[5, 7, 9, 30, 24, 26, 15, 5] = 0.15  90.69
y[5, 29, 28, 19, 9, 11, 26, 15, 5] = 0.12  108.84
y[5, 28, 19, 7, 11, 30, 24, 26, 12, 5] = 0.05  116.1
y[5, 18, 10, 27, 25, 8, 5] = 0.07  83.62
false  0
Exceed Upper Bound, prune

================Iteration 14 of B&P for SP1 [1, 2, 5, 1] parkings[5]================
Display selected node 25, parent node 23: from 9 nodes
- Branching node in depth: 6
   + Customers MUST      served together:  (6, 22)  (13, 25)  (16, 20)  
   + Customers FORBIDDEN served together:  (7, 29)  (13, 18)  
   # Total number of 2e routes cannot UNDER:   5  

  Branching node with fractional score: 4.0
  Branching node with cg lower bound: 458.52
  Branching node with LB reduction: 0.12
  Branching node with FS reduction: 0.04
  Total reduction: 0.34

Solve a child node 27
   + Customers MUST      served together:  (6, 22)  (8, 12)  (13, 25)  (16, 20)  
   + Customers FORBIDDEN served together:  (7, 29)  (13, 18)  
   # Total number of 2e routes cannot UNDER:   5  

-------------Iter CG 1-------------
LP Objective Value = 459.99,   sum y = 5.0
x[1, 2, 5, 1],  93.16
y[5, 26, 24, 30, 11, 9, 7, 5] = 0.5  89.58
y[5, 23, 5] = 0.5  16.0
y[5, 14, 21, 23, 5] = 0.5  39.3
y[5, 21, 14, 18, 5] = 0.5  46.05
y[5, 7, 9, 11, 30, 6, 22, 5] = 0.5  99.66
y[5, 16, 17, 28, 19, 29, 20, 15, 5] = 1.0  97.46
y[5, 18, 22, 24, 6, 26, 5] = 0.5  78.07
y[5, 12, 10, 27, 25, 8, 13, 5] = 1.0  85.05
false  0
Exceed Upper Bound, prune

Solve a child node 28
   + Customers MUST      served together:  (6, 22)  (13, 25)  (16, 20)  
   + Customers FORBIDDEN served together:  (8, 12)  (7, 29)  (13, 18)  
   # Total number of 2e routes cannot UNDER:   5  

-------------Iter CG 1-------------
LP Objective Value = 460.17,   sum y = 5.0
x[1, 2, 5, 1],  93.16
y[5, 16, 28, 19, 7, 30, 11, 26, 15, 20, 5] = 0.01  121.45
y[5, 18, 12, 21, 14, 5] = 0.24  43.12
y[5, 29, 28, 19, 9, 11, 30, 10, 5] = 0.01  116.52
y[5, 28, 19, 7, 9, 11, 30, 24, 10, 5] = 0.41  115.64
y[5, 26, 24, 30, 11, 9, 7, 5] = 0.2  89.58
y[5, 23, 5] = 0.74  16.0
y[5, 14, 21, 23, 5] = 0.26  39.3
y[5, 7, 9, 30, 22, 6, 26, 5] = 0.01  98.73
y[5, 13, 25, 8, 14, 5] = 0.5  69.96
y[5, 17, 28, 19, 7, 9, 11, 26, 10, 12, 5] = 0.01  110.03
y[5, 7, 9, 11, 30, 6, 22, 5] = 0.22  99.66
y[5, 16, 17, 29, 20, 18, 12, 5] = 0.56  72.19
y[5, 12, 10, 22, 24, 6, 26, 15, 5] = 0.06  79.37
y[5, 28, 19, 7, 9, 11, 30, 24, 12, 5] = 0.13  115.1
y[5, 16, 17, 28, 19, 29, 20, 15, 5] = 0.42  97.46
y[5, 18, 22, 24, 6, 26, 5] = 0.2  78.07
y[5, 15, 26, 6, 22, 27, 8, 5] = 0.5  93.26
y[5, 21, 13, 25, 27, 10, 5] = 0.5  84.88
true  4
-------------Iter CG 2-------------
LP Objective Value = 459.95,   sum y = 5.0
x[1, 2, 5, 1],  93.16
y[5, 18, 12, 21, 14, 5] = 0.33  43.12
y[5, 23, 5] = 0.67  16.0
y[5, 14, 21, 23, 5] = 0.33  39.3
y[5, 13, 25, 8, 14, 5] = 0.33  69.96
y[5, 7, 9, 11, 30, 6, 22, 5] = 0.33  99.66
y[5, 16, 17, 29, 20, 18, 12, 5] = 0.33  72.19
y[5, 28, 19, 7, 9, 11, 30, 24, 12, 5] = 0.33  115.1
y[5, 16, 17, 28, 19, 29, 20, 15, 5] = 0.67  97.46
y[5, 18, 22, 24, 6, 26, 5] = 0.33  78.07
y[5, 10, 27, 25, 8, 13, 5] = 0.33  85.04
y[5, 15, 26, 6, 22, 27, 8, 5] = 0.33  93.26
y[5, 7, 9, 11, 30, 24, 26, 10, 5] = 0.33  92.91
y[5, 21, 13, 25, 27, 10, 5] = 0.33  84.88
false  0
Exceed Upper Bound, prune

================Iteration 15 of B&P for SP1 [1, 2, 5, 1] parkings[5]================
Display selected node 17, parent node 15: from 8 nodes
- Branching node in depth: 5
   + Customers MUST      served together:  (28, 29)  (16, 20)  (8, 22)  (7, 29)  
   # Total number of 2e routes cannot UNDER:   5  

  Branching node with fractional score: 3.33
  Branching node with cg lower bound: 456.58
  Branching node with LB reduction: 0.63
  Branching node with FS reduction: -0.13
  Total reduction: 0.95

Solve a child node 29
   + Customers MUST      served together:  (28, 29)  (16, 20)  (8, 22)  (7, 29)  (8, 25)  
   # Total number of 2e routes cannot UNDER:   5  

-------------Iter CG 1-------------
LP Objective Value = 459.16,   sum y = 5.0
x[1, 2, 5, 1],  93.16
y[5, 8, 25, 27, 22, 10, 12, 5] = 1.0  88.59
y[5, 23, 5] = 0.5  16.0
y[5, 14, 21, 23, 5] = 0.5  39.3
y[5, 16, 20, 9, 11, 30, 24, 6, 5] = 1.0  91.25
y[5, 21, 13, 18, 5] = 0.5  55.98
y[5, 14, 13, 18, 5] = 0.5  56.13
y[5, 17, 29, 28, 19, 7, 26, 15, 5] = 1.0  102.46
true  45
-------------Iter CG 2-------------
LP Objective Value = 457.64,   sum y = 5.0
x[1, 2, 5, 1],  93.16
y[5, 12, 18, 10, 13, 21, 5] = 0.5  57.57
y[5, 8, 25, 27, 22, 6, 5] = 0.5  91.16
y[5, 23, 5] = 0.5  16.0
y[5, 14, 21, 23, 5] = 0.5  39.3
y[5, 16, 20, 9, 11, 30, 24, 6, 5] = 0.5  91.25
y[5, 20, 7, 19, 28, 29, 17, 16, 5] = 0.5  94.56
y[5, 8, 25, 27, 22, 15, 5] = 0.5  92.81
y[5, 14, 13, 10, 18, 12, 5] = 0.5  57.72
y[5, 26, 24, 30, 11, 9, 5] = 0.5  86.14
y[5, 17, 29, 28, 19, 7, 26, 15, 5] = 0.5  102.46
false  0

Solve a child node 30
   + Customers MUST      served together:  (28, 29)  (16, 20)  (8, 22)  (7, 29)  
   + Customers FORBIDDEN served together:  (8, 25)  
   # Total number of 2e routes cannot UNDER:   5  

-------------Iter CG 1-------------
LP Objective Value = 465.61,   sum y = 5.0
x[1, 2, 5, 1],  93.16
y[5, 23, 5] = 0.75  16.0
y[5, 14, 21, 23, 5] = 0.25  39.3
y[5, 14, 13, 25, 10, 12, 5] = 0.25  71.48
y[5, 15, 6, 24, 22, 27, 8, 5] = 0.5  96.39
y[5, 12, 8, 22, 24, 6, 26, 5] = 0.5  85.69
y[5, 16, 17, 20, 15, 26, 18, 5] = 0.5  69.09
y[5, 29, 28, 19, 7, 9, 11, 30, 5] = 1.0  115.92
y[5, 21, 13, 25, 10, 12, 5] = 0.25  71.32
y[5, 16, 17, 20, 18, 14, 5] = 0.5  61.97
y[5, 21, 13, 25, 27, 10, 5] = 0.5  84.88
false  0
Exceed Upper Bound, prune

================Iteration 16 of B&P for SP1 [1, 2, 5, 1] parkings[5]================
Display selected node 29, parent node 17: from 8 nodes
- Branching node in depth: 6
   + Customers MUST      served together:  (28, 29)  (16, 20)  (8, 22)  (7, 29)  (8, 25)  
   # Total number of 2e routes cannot UNDER:   5  

  Branching node with fractional score: 5.0
  Branching node with cg lower bound: 457.64
  Branching node with LB reduction: 0.18
  Branching node with FS reduction: 0.28
  Total reduction: 0.98

Solve a child node 31
   + Customers MUST      served together:  (28, 29)  (16, 24)  (16, 20)  (8, 22)  (7, 29)  (8, 25)  
   # Total number of 2e routes cannot UNDER:   5  

-------------Iter CG 1-------------
LP Objective Value = 459.16,   sum y = 5.0
x[1, 2, 5, 1],  93.16
y[5, 8, 25, 27, 22, 10, 12, 5] = 1.0  88.59
y[5, 23, 5] = 0.5  16.0
y[5, 14, 21, 23, 5] = 0.5  39.3
y[5, 16, 20, 9, 11, 30, 24, 6, 5] = 1.0  91.25
y[5, 21, 13, 18, 5] = 0.5  55.98
y[5, 14, 13, 18, 5] = 0.5  56.13
y[5, 17, 29, 28, 19, 7, 26, 15, 5] = 1.0  102.46
true  12
-------------Iter CG 2-------------
LP Objective Value = 459.16,   sum y = 5.0
x[1, 2, 5, 1],  93.16
y[5, 8, 25, 27, 22, 10, 12, 5] = 1.0  88.59
y[5, 23, 5] = 0.5  16.0
y[5, 14, 21, 23, 5] = 0.5  39.3
y[5, 16, 20, 9, 11, 30, 24, 6, 5] = 1.0  91.25
y[5, 21, 13, 18, 5] = 0.5  55.98
y[5, 14, 13, 18, 5] = 0.5  56.13
y[5, 17, 29, 28, 19, 7, 26, 15, 5] = 1.0  102.46
false  0

Solve a child node 32
   + Customers MUST      served together:  (28, 29)  (16, 20)  (8, 22)  (7, 29)  (8, 25)  
   + Customers FORBIDDEN served together:  (16, 24)  
   # Total number of 2e routes cannot UNDER:   5  

-------------Iter CG 1-------------
LP Objective Value = 459.69,   sum y = 5.0
x[1, 2, 5, 1],  93.16
y[5, 8, 25, 27, 22, 6, 5] = 0.5  91.16
y[5, 23, 5] = 0.5  16.0
y[5, 14, 21, 23, 5] = 0.33  39.3
y[5, 15, 9, 11, 30, 24, 10, 12, 5] = 0.17  87.61
y[5, 8, 25, 27, 22, 6, 10, 5] = 0.17  92.46
y[5, 20, 7, 19, 28, 29, 17, 16, 5] = 0.5  94.56
y[5, 8, 25, 27, 22, 15, 5] = 0.33  92.81
y[5, 29, 28, 19, 7, 30, 24, 6, 5] = 0.17  117.06
y[5, 14, 13, 10, 18, 12, 5] = 0.33  57.72
y[5, 16, 17, 20, 15, 26, 18, 5] = 0.5  69.09
y[5, 29, 28, 19, 7, 9, 11, 30, 5] = 0.17  115.92
y[5, 21, 13, 23, 5] = 0.17  57.03
y[5, 14, 21, 13, 12, 5] = 0.33  53.42
y[5, 21, 13, 10, 18, 12, 5] = 0.17  57.57
y[5, 26, 24, 30, 11, 9, 5] = 0.5  86.14
y[5, 29, 28, 19, 7, 9, 11, 24, 6, 10, 5] = 0.17  114.17
true  5
-------------Iter CG 2-------------
LP Objective Value = 459.22,   sum y = 5.0
x[1, 2, 5, 1],  93.16
y[5, 8, 25, 27, 22, 6, 5] = 0.5  91.16
y[5, 23, 5] = 0.5  16.0
y[5, 14, 21, 23, 5] = 0.33  39.3
y[5, 12, 26, 24, 30, 11, 9, 5] = 0.33  87.99
y[5, 15, 9, 11, 30, 24, 10, 12, 5] = 0.17  87.61
y[5, 8, 25, 27, 22, 6, 10, 5] = 0.17  92.46
y[5, 21, 13, 14, 5] = 0.33  50.18
y[5, 20, 7, 19, 28, 29, 17, 16, 5] = 0.5  94.56
y[5, 8, 25, 27, 22, 15, 5] = 0.33  92.81
y[5, 29, 28, 19, 7, 30, 24, 6, 5] = 0.17  117.06
y[5, 14, 13, 10, 18, 12, 5] = 0.33  57.72
y[5, 16, 17, 20, 15, 26, 18, 5] = 0.5  69.09
y[5, 29, 28, 19, 7, 9, 11, 30, 5] = 0.17  115.92
y[5, 21, 13, 23, 5] = 0.17  57.03
y[5, 21, 13, 10, 18, 12, 5] = 0.17  57.57
y[5, 26, 24, 30, 11, 9, 5] = 0.17  86.14
y[5, 29, 28, 19, 7, 9, 11, 24, 6, 10, 5] = 0.17  114.17
false  0

================Iteration 17 of B&P for SP1 [1, 2, 5, 1] parkings[5]================
Display selected node 31, parent node 29: from 9 nodes
- Branching node in depth: 7
   + Customers MUST      served together:  (28, 29)  (16, 24)  (16, 20)  (8, 22)  (7, 29)  (8, 25)  
   # Total number of 2e routes cannot UNDER:   5  

  Branching node with fractional score: 2.0
  Branching node with cg lower bound: 459.16
  Branching node with LB reduction: 0.22
  Branching node with FS reduction: -0.43
  Total reduction: -0.5

Solve a child node 33
   + Customers MUST      served together:  (14, 23)  (28, 29)  (16, 24)  (16, 20)  (8, 22)  (7, 29)  (8, 25)  
   # Total number of 2e routes cannot UNDER:   5  

-------------Iter CG 1-------------
LP Objective Value = 465.02,   sum y = 5.0
x[1, 2, 5, 1],  93.16
y[5, 8, 25, 27, 22, 10, 12, 5] = 1.0  88.59
y[5, 16, 20, 9, 11, 30, 24, 6, 5] = 1.0  91.25
y[5, 14, 23, 5] = 1.0  33.58
y[5, 21, 13, 18, 5] = 1.0  55.98
y[5, 17, 29, 28, 19, 7, 26, 15, 5] = 1.0  102.46
false  0
Exceed Upper Bound, prune

Solve a child node 34
   + Customers MUST      served together:  (28, 29)  (16, 24)  (16, 20)  (8, 22)  (7, 29)  (8, 25)  
   + Customers FORBIDDEN served together:  (14, 23)  
   # Total number of 2e routes cannot UNDER:   5  

-------------Iter CG 1-------------
LP Objective Value = 461.59,   sum y = 5.0
x[1, 2, 5, 1],  93.16
y[5, 18, 12, 21, 14, 5] = 0.5  43.12
y[5, 8, 25, 27, 22, 10, 12, 5] = 0.5  88.59
y[5, 23, 5] = 0.5  16.0
y[5, 16, 20, 9, 11, 30, 24, 6, 5] = 1.0  91.25
y[5, 8, 25, 27, 22, 10, 5] = 0.5  88.58
y[5, 21, 13, 23, 5] = 0.5  57.03
y[5, 14, 13, 18, 5] = 0.5  56.13
y[5, 17, 29, 28, 19, 7, 26, 15, 5] = 1.0  102.46
true  6
-------------Iter CG 2-------------
LP Objective Value = 461.41,   sum y = 5.0
x[1, 2, 5, 1],  93.16
y[5, 8, 25, 27, 22, 10, 12, 5] = 1.0  88.59
y[5, 23, 5] = 0.5  16.0
y[5, 16, 20, 9, 11, 30, 24, 6, 5] = 1.0  91.25
y[5, 21, 13, 23, 5] = 0.5  57.03
y[5, 14, 21, 18, 5] = 0.5  42.75
y[5, 14, 13, 18, 5] = 0.5  56.13
y[5, 17, 29, 28, 19, 7, 26, 15, 5] = 1.0  102.46
false  0
Exceed Upper Bound, prune

================Iteration 18 of B&P for SP1 [1, 2, 5, 1] parkings[5]================
Display selected node 32, parent node 29: from 8 nodes
- Branching node in depth: 7
   + Customers MUST      served together:  (28, 29)  (16, 20)  (8, 22)  (7, 29)  (8, 25)  
   + Customers FORBIDDEN served together:  (16, 24)  
   # Total number of 2e routes cannot UNDER:   5  

  Branching node with fractional score: 5.0
  Branching node with cg lower bound: 459.22
  Branching node with LB reduction: 0.23
  Branching node with FS reduction: 0.0
  Total reduction: 0.54

Solve a child node 35
   + Customers MUST      served together:  (28, 29)  (16, 20)  (8, 22)  (7, 29)  (24, 30)  (8, 25)  
   + Customers FORBIDDEN served together:  (16, 24)  
   # Total number of 2e routes cannot UNDER:   5  

-------------Iter CG 1-------------
LP Objective Value = 460.66,   sum y = 5.0
x[1, 2, 5, 1],  93.16
y[5, 8, 25, 27, 22, 6, 5] = 0.5  91.16
y[5, 23, 5] = 0.5  16.0
y[5, 14, 21, 23, 5] = 0.5  39.3
y[5, 12, 26, 24, 30, 11, 9, 5] = 0.17  87.99
y[5, 15, 9, 11, 30, 24, 10, 12, 5] = 0.17  87.61
y[5, 8, 25, 27, 22, 6, 10, 5] = 0.17  92.46
y[5, 21, 13, 14, 5] = 0.17  50.18
y[5, 13, 6, 24, 30, 11, 5] = 0.17  95.87
y[5, 20, 7, 19, 28, 29, 17, 16, 5] = 0.5  94.56
y[5, 8, 25, 27, 22, 15, 5] = 0.33  92.81
y[5, 17, 29, 28, 19, 7, 9, 15, 5] = 0.17  105.0
y[5, 29, 28, 19, 7, 30, 24, 6, 5] = 0.17  117.06
y[5, 14, 13, 10, 18, 12, 5] = 0.33  57.72
y[5, 16, 17, 20, 15, 26, 18, 5] = 0.33  69.09
y[5, 21, 13, 10, 18, 12, 5] = 0.33  57.57
y[5, 26, 24, 30, 11, 9, 5] = 0.33  86.14
y[5, 16, 28, 19, 29, 7, 9, 11, 26, 20, 5] = 0.17  119.13
false  0
Exceed Upper Bound, prune

Solve a child node 36
   + Customers MUST      served together:  (28, 29)  (16, 20)  (8, 22)  (7, 29)  (8, 25)  
   + Customers FORBIDDEN served together:  (16, 24)  (24, 30)  
   # Total number of 2e routes cannot UNDER:   5  

-------------Iter CG 1-------------
LP Objective Value = 464.49,   sum y = 5.0
x[1, 2, 5, 1],  93.16
y[5, 18, 12, 21, 14, 5] = 0.17  43.12
y[5, 23, 5] = 0.67  16.0
y[5, 14, 21, 23, 5] = 0.33  39.3
y[5, 8, 25, 27, 22, 6, 10, 5] = 0.5  92.46
y[5, 20, 7, 19, 28, 29, 17, 16, 5] = 0.17  94.56
y[5, 16, 17, 20, 15, 26, 12, 14, 5] = 0.33  71.3
y[5, 8, 25, 22, 24, 5] = 0.5  85.44
y[5, 16, 17, 20, 15, 26, 18, 5] = 0.17  69.09
y[5, 29, 28, 19, 7, 9, 11, 30, 5] = 0.83  115.92
y[5, 16, 17, 20, 18, 14, 5] = 0.17  61.97
y[5, 21, 13, 10, 18, 12, 5] = 0.5  57.57
y[5, 16, 17, 30, 11, 9, 20, 5] = 0.17  94.95
y[5, 13, 27, 24, 6, 26, 15, 5] = 0.5  97.7
false  0
Exceed Upper Bound, prune

================Iteration 19 of B&P for SP1 [1, 2, 5, 1] parkings[5]================
Display selected node 12, parent node 10: from 7 nodes
- Branching node in depth: 6
   + Customers FORBIDDEN served together:  (6, 18)  (6, 28)  (12, 14)  (8, 13)  (16, 20)  
   # Total number of 2e routes cannot UNDER:   5  

  Branching node with fractional score: 3.0
  Branching node with cg lower bound: 455.66
  Branching node with LB reduction: 0.29
  Branching node with FS reduction: 0.17
  Total reduction: 0.98

Solve a child node 37
   + Customers MUST      served together:  (12, 16)  
   + Customers FORBIDDEN served together:  (6, 18)  (6, 28)  (12, 14)  (8, 13)  (16, 20)  
   # Total number of 2e routes cannot UNDER:   5  

-------------Iter CG 1-------------
LP Objective Value = 457.39,   sum y = 5.0
x[1, 2, 5, 1],  93.16
y[5, 8, 25, 27, 22, 6, 5] = 1.0  91.16
y[5, 18, 10, 13, 14, 5] = 0.5  57.21
y[5, 23, 5] = 0.5  16.0
y[5, 14, 21, 23, 5] = 0.5  39.3
y[5, 16, 17, 28, 19, 29, 15, 12, 5] = 1.0  98.62
y[5, 21, 13, 10, 18, 5] = 0.5  57.05
y[5, 26, 24, 30, 11, 9, 7, 20, 5] = 1.0  89.67
true  5
-------------Iter CG 2-------------
LP Objective Value = 457.39,   sum y = 5.0
x[1, 2, 5, 1],  93.16
y[5, 8, 25, 27, 22, 6, 5] = 1.0  91.16
y[5, 18, 10, 13, 14, 5] = 0.5  57.21
y[5, 23, 5] = 0.5  16.0
y[5, 14, 21, 23, 5] = 0.5  39.3
y[5, 16, 17, 28, 19, 29, 15, 12, 5] = 1.0  98.62
y[5, 21, 13, 10, 18, 5] = 0.5  57.05
y[5, 26, 24, 30, 11, 9, 7, 20, 5] = 1.0  89.67
false  0

Solve a child node 38
   + Customers FORBIDDEN served together:  (6, 18)  (12, 16)  (6, 28)  (12, 14)  (8, 13)  (16, 20)  
   # Total number of 2e routes cannot UNDER:   5  

-------------Iter CG 1-------------
LP Objective Value = 457.05,   sum y = 5.0
x[1, 2, 5, 1],  93.16
y[5, 12, 6, 24, 30, 11, 9, 7, 20, 5] = 0.19  90.47
y[5, 20, 29, 7, 9, 11, 24, 26, 12, 5] = 0.03  90.89
y[5, 8, 25, 27, 22, 10, 12, 5] = 0.22  88.59
y[5, 8, 25, 27, 22, 6, 5] = 0.72  91.16
y[5, 23, 5] = 0.47  16.0
y[5, 14, 21, 23, 5] = 0.5  39.3
y[5, 12, 18, 10, 13, 23, 5] = 0.03  64.58
y[5, 14, 13, 25, 27, 5] = 0.06  84.05
y[5, 12, 8, 22, 24, 6, 26, 5] = 0.06  85.69
y[5, 21, 13, 14, 5] = 0.03  50.18
y[5, 14, 13, 10, 18, 5] = 0.28  57.21
y[5, 16, 28, 19, 7, 9, 11, 30, 26, 5] = 0.06  113.28
y[5, 20, 29, 7, 30, 6, 26, 15, 5] = 0.03  95.27
y[5, 26, 24, 30, 11, 9, 20, 5] = 0.06  87.58
y[5, 16, 17, 28, 19, 29, 15, 5] = 0.88  94.65
y[5, 17, 28, 19, 29, 20, 18, 5] = 0.03  97.66
y[5, 21, 13, 10, 18, 12, 5] = 0.47  57.57
y[5, 16, 17, 15, 26, 18, 5] = 0.06  68.97
y[5, 14, 13, 18, 5] = 0.13  56.13
y[5, 26, 24, 30, 11, 9, 7, 20, 5] = 0.66  89.67
y[5, 17, 29, 28, 19, 7, 26, 15, 5] = 0.03  102.46
true  2
-------------Iter CG 2-------------
LP Objective Value = 456.84,   sum y = 5.0
x[1, 2, 5, 1],  93.16
y[5, 12, 6, 24, 30, 11, 9, 7, 20, 5] = 0.2  90.47
y[5, 8, 25, 27, 22, 10, 12, 5] = 0.1  88.59
y[5, 8, 25, 27, 22, 6, 5] = 0.6  91.16
y[5, 23, 5] = 0.5  16.0
y[5, 14, 21, 23, 5] = 0.5  39.3
y[5, 12, 8, 22, 24, 6, 26, 5] = 0.1  85.69
y[5, 14, 13, 10, 18, 5] = 0.4  57.21
y[5, 16, 28, 19, 7, 9, 11, 30, 26, 5] = 0.1  113.28
y[5, 16, 17, 28, 19, 29, 15, 5] = 0.9  94.65
y[5, 29, 7, 9, 11, 30, 26, 5] = 0.1  91.54
y[5, 8, 25, 27, 22, 6, 20, 5] = 0.1  98.32
y[5, 21, 13, 10, 18, 12, 5] = 0.5  57.57
y[5, 17, 20, 15, 18, 14, 5] = 0.1  64.02
y[5, 26, 24, 30, 11, 9, 7, 20, 5] = 0.6  89.67
y[5, 8, 25, 27, 24, 26, 5] = 0.1  94.3
y[5, 12, 22, 27, 25, 13, 5] = 0.1  90.2
false  0

================Iteration 20 of B&P for SP1 [1, 2, 5, 1] parkings[5]================
Display selected node 37, parent node 12: from 8 nodes
- Branching node in depth: 7
   + Customers MUST      served together:  (12, 16)  
   + Customers FORBIDDEN served together:  (6, 18)  (6, 28)  (12, 14)  (8, 13)  (16, 20)  
   # Total number of 2e routes cannot UNDER:   5  

  Branching node with fractional score: 2.0
  Branching node with cg lower bound: 457.39
  Branching node with LB reduction: 0.25
  Branching node with FS reduction: -0.14
  Total reduction: 0.25

Solve a child node 39
   + Customers MUST      served together:  (14, 23)  (12, 16)  
   + Customers FORBIDDEN served together:  (6, 18)  (6, 28)  (12, 14)  (8, 13)  (16, 20)  
   # Total number of 2e routes cannot UNDER:   5  

-------------Iter CG 1-------------
LP Objective Value = 463.25,   sum y = 5.0
x[1, 2, 5, 1],  93.16
y[5, 8, 25, 27, 22, 6, 5] = 1.0  91.16
y[5, 16, 17, 28, 19, 29, 15, 12, 5] = 1.0  98.62
y[5, 14, 23, 5] = 1.0  33.58
y[5, 20, 7, 9, 11, 30, 24, 26, 5] = 1.0  89.67
y[5, 21, 13, 10, 18, 5] = 1.0  57.05
false  0
Exceed Upper Bound, prune

Solve a child node 40
   + Customers MUST      served together:  (12, 16)  
   + Customers FORBIDDEN served together:  (6, 18)  (14, 23)  (6, 28)  (12, 14)  (8, 13)  (16, 20)  
   # Total number of 2e routes cannot UNDER:   5  

-------------Iter CG 1-------------
LP Objective Value = 459.76,   sum y = 5.0
x[1, 2, 5, 1],  93.16
y[5, 8, 25, 27, 22, 6, 5] = 0.5  91.16
y[5, 18, 10, 13, 14, 5] = 0.5  57.21
y[5, 23, 5] = 0.5  16.0
y[5, 8, 25, 27, 22, 6, 10, 5] = 0.5  92.46
y[5, 16, 17, 28, 19, 29, 15, 12, 5] = 1.0  98.62
y[5, 21, 13, 23, 5] = 0.5  57.03
y[5, 14, 21, 18, 5] = 0.5  42.75
y[5, 20, 7, 9, 11, 30, 24, 26, 5] = 1.0  89.67
true  2
-------------Iter CG 2-------------
LP Objective Value = 459.76,   sum y = 5.0
x[1, 2, 5, 1],  93.16
y[5, 8, 25, 27, 22, 6, 5] = 0.5  91.16
y[5, 18, 10, 13, 14, 5] = 0.5  57.21
y[5, 23, 5] = 0.5  16.0
y[5, 8, 25, 27, 22, 6, 10, 5] = 0.5  92.46
y[5, 16, 17, 28, 19, 29, 15, 12, 5] = 1.0  98.62
y[5, 21, 13, 23, 5] = 0.5  57.03
y[5, 14, 21, 18, 5] = 0.5  42.75
y[5, 20, 7, 9, 11, 30, 24, 26, 5] = 1.0  89.67
true  2
-------------Iter CG 3-------------
LP Objective Value = 459.76,   sum y = 5.0
x[1, 2, 5, 1],  93.16
y[5, 8, 25, 27, 22, 6, 5] = 0.5  91.16
y[5, 18, 10, 13, 14, 5] = 0.5  57.21
y[5, 23, 5] = 0.5  16.0
y[5, 8, 25, 27, 22, 6, 10, 5] = 0.5  92.46
y[5, 16, 17, 28, 19, 29, 15, 12, 5] = 1.0  98.62
y[5, 21, 13, 23, 5] = 0.5  57.03
y[5, 14, 21, 18, 5] = 0.5  42.75
y[5, 20, 7, 9, 11, 30, 24, 26, 5] = 1.0  89.67
false  0

================Iteration 21 of B&P for SP1 [1, 2, 5, 1] parkings[5]================
Display selected node 38, parent node 12: from 8 nodes
- Branching node in depth: 7
   + Customers FORBIDDEN served together:  (6, 18)  (12, 16)  (6, 28)  (12, 14)  (8, 13)  (16, 20)  
   # Total number of 2e routes cannot UNDER:   5  

  Branching node with fractional score: 3.8
  Branching node with cg lower bound: 456.84
  Branching node with LB reduction: 0.17
  Branching node with FS reduction: 0.11
  Total reduction: 0.67

Solve a child node 41
   + Customers MUST      served together:  (8, 12)  
   + Customers FORBIDDEN served together:  (6, 18)  (12, 16)  (6, 28)  (12, 14)  (8, 13)  (16, 20)  
   # Total number of 2e routes cannot UNDER:   5  

-------------Iter CG 1-------------
LP Objective Value = 460.9,   sum y = 5.0
x[1, 2, 5, 1],  93.16
y[5, 23, 5] = 0.5  16.0
y[5, 14, 21, 23, 5] = 0.5  39.3
y[5, 12, 8, 22, 24, 6, 26, 5] = 0.5  85.69
y[5, 21, 13, 14, 5] = 0.25  50.18
y[5, 12, 22, 27, 25, 8, 5] = 0.25  88.57
y[5, 12, 10, 22, 27, 25, 8, 5] = 0.25  88.59
y[5, 18, 10, 27, 25, 13, 5] = 0.5  85.25
y[5, 20, 7, 9, 11, 30, 24, 6, 5] = 0.25  89.65
y[5, 16, 28, 19, 7, 9, 11, 30, 26, 5] = 0.25  113.28
y[5, 21, 13, 18, 5] = 0.25  55.98
y[5, 16, 17, 28, 19, 29, 15, 5] = 0.75  94.65
y[5, 20, 29, 7, 9, 11, 30, 6, 10, 5] = 0.25  94.62
y[5, 17, 20, 15, 18, 14, 5] = 0.25  64.02
y[5, 26, 24, 30, 11, 9, 7, 20, 5] = 0.25  89.67
false  0
Exceed Upper Bound, prune

Solve a child node 42
   + Customers FORBIDDEN served together:  (6, 18)  (12, 16)  (8, 12)  (6, 28)  (12, 14)  (8, 13)  (16, 20)  
   # Total number of 2e routes cannot UNDER:   5  

-------------Iter CG 1-------------
LP Objective Value = 458.1,   sum y = 5.0
x[1, 2, 5, 1],  93.16
y[5, 12, 18, 10, 13, 21, 5] = 0.51  57.57
y[5, 8, 22, 24, 6, 26, 20, 5] = 0.02  91.32
y[5, 12, 6, 24, 30, 11, 9, 7, 20, 5] = 0.16  90.47
y[5, 20, 29, 7, 9, 11, 24, 26, 12, 5] = 0.07  90.89
y[5, 17, 29, 28, 19, 7, 26, 12, 5] = 0.02  103.08
y[5, 8, 25, 27, 22, 6, 5] = 0.67  91.16
y[5, 23, 5] = 0.53  16.0
y[5, 14, 21, 23, 5] = 0.47  39.3
y[5, 12, 26, 24, 30, 11, 9, 5] = 0.11  87.99
y[5, 8, 25, 27, 22, 6, 10, 5] = 0.16  92.46
y[5, 21, 13, 14, 5] = 0.02  50.18
y[5, 8, 27, 22, 24, 26, 20, 5] = 0.02  100.69
y[5, 14, 13, 10, 18, 5] = 0.33  57.21
y[5, 16, 28, 19, 7, 9, 11, 30, 26, 5] = 0.16  113.28
y[5, 20, 29, 7, 30, 24, 8, 5] = 0.07  106.57
y[5, 16, 17, 29, 19, 7, 26, 15, 5] = 0.02  87.2
y[5, 16, 17, 28, 19, 29, 15, 5] = 0.8  94.65
y[5, 8, 25, 24, 26, 15, 5] = 0.02  86.29
y[5, 17, 20, 15, 18, 14, 5] = 0.16  64.02
y[5, 26, 24, 30, 11, 9, 7, 20, 5] = 0.51  89.67
y[5, 8, 25, 27, 24, 26, 5] = 0.02  94.3
y[5, 16, 28, 29, 26, 8, 14, 5] = 0.02  118.21
y[5, 12, 22, 27, 25, 13, 5] = 0.13  90.2
true  5
-------------Iter CG 2-------------
LP Objective Value = 457.59,   sum y = 5.0
x[1, 2, 5, 1],  93.16
y[5, 12, 6, 24, 30, 11, 9, 7, 20, 5] = 0.33  90.47
y[5, 18, 26, 22, 27, 8, 5] = 0.05  93.05
y[5, 8, 25, 22, 10, 14, 5] = 0.14  81.21
y[5, 8, 25, 27, 22, 6, 5] = 0.52  91.16
y[5, 18, 10, 13, 14, 5] = 0.33  57.21
y[5, 23, 5] = 0.52  16.0
y[5, 16, 17, 29, 26, 15, 5] = 0.05  76.15
y[5, 14, 21, 23, 5] = 0.48  39.3
y[5, 17, 29, 19, 28, 16, 5] = 0.05  88.04
y[5, 16, 28, 19, 7, 9, 11, 30, 26, 5] = 0.1  113.28
y[5, 16, 17, 28, 19, 29, 15, 5] = 0.81  94.65
y[5, 29, 7, 9, 11, 30, 26, 5] = 0.05  91.54
y[5, 20, 7, 9, 11, 30, 24, 26, 5] = 0.52  89.67
y[5, 17, 28, 19, 29, 20, 18, 5] = 0.05  97.66
y[5, 8, 25, 27, 22, 6, 20, 5] = 0.05  98.32
y[5, 21, 13, 10, 18, 12, 5] = 0.52  57.57
y[5, 17, 20, 15, 18, 14, 5] = 0.05  64.02
y[5, 15, 26, 6, 22, 27, 8, 5] = 0.1  93.26
y[5, 8, 25, 27, 24, 26, 5] = 0.14  94.3
y[5, 12, 22, 27, 25, 13, 5] = 0.14  90.2
true  3
-------------Iter CG 3-------------
LP Objective Value = 457.04,   sum y = 5.0
x[1, 2, 5, 1],  93.16
y[5, 12, 6, 24, 30, 11, 9, 7, 20, 5] = 0.29  90.47
y[5, 8, 25, 22, 10, 14, 5] = 0.14  81.21
y[5, 8, 25, 27, 22, 6, 5] = 0.57  91.16
y[5, 18, 10, 13, 14, 5] = 0.29  57.21
y[5, 23, 5] = 0.57  16.0
y[5, 14, 21, 23, 5] = 0.43  39.3
y[5, 16, 17, 29, 15, 14, 5] = 0.14  73.2
y[5, 16, 28, 19, 7, 9, 11, 30, 26, 5] = 0.14  113.28
y[5, 16, 17, 28, 19, 29, 15, 5] = 0.71  94.65
y[5, 17, 28, 19, 29, 20, 18, 5] = 0.14  97.66
y[5, 21, 13, 10, 18, 12, 5] = 0.57  57.57
y[5, 15, 26, 6, 22, 27, 8, 5] = 0.14  93.26
y[5, 26, 24, 30, 11, 9, 7, 20, 5] = 0.57  89.67
y[5, 8, 25, 27, 24, 26, 5] = 0.14  94.3
y[5, 12, 22, 27, 25, 13, 5] = 0.14  90.2
false  0

================Iteration 22 of B&P for SP1 [1, 2, 5, 1] parkings[5]================
Display selected node 42, parent node 38: from 8 nodes
- Branching node in depth: 8
   + Customers FORBIDDEN served together:  (6, 18)  (12, 16)  (8, 12)  (6, 28)  (12, 14)  (8, 13)  (16, 20)  
   # Total number of 2e routes cannot UNDER:   5  

  Branching node with fractional score: 4.0
  Branching node with cg lower bound: 457.04
  Branching node with LB reduction: 0.02
  Branching node with FS reduction: 0.02
  Total reduction: 0.13

Solve a child node 43
   + Customers MUST      served together:  (8, 22)  
   + Customers FORBIDDEN served together:  (6, 18)  (12, 16)  (8, 12)  (6, 28)  (12, 14)  (8, 13)  (16, 20)  
   # Total number of 2e routes cannot UNDER:   5  

-------------Iter CG 1-------------
LP Objective Value = 457.85,   sum y = 5.0
x[1, 2, 5, 1],  93.16
y[5, 12, 6, 24, 30, 11, 9, 7, 20, 5] = 0.33  90.47
y[5, 8, 25, 27, 22, 6, 5] = 0.33  91.16
y[5, 18, 10, 13, 14, 5] = 0.33  57.21
y[5, 23, 5] = 0.67  16.0
y[5, 14, 21, 23, 5] = 0.33  39.3
y[5, 16, 28, 19, 9, 11, 30, 24, 5] = 0.33  112.42
y[5, 8, 25, 27, 22, 15, 5] = 0.33  92.81
y[5, 16, 17, 29, 26, 14, 5] = 0.33  78.47
y[5, 16, 17, 28, 19, 29, 15, 5] = 0.33  94.65
y[5, 8, 25, 27, 22, 6, 20, 5] = 0.33  98.32
y[5, 21, 13, 10, 18, 12, 5] = 0.67  57.57
y[5, 26, 24, 30, 11, 9, 7, 20, 5] = 0.33  89.67
y[5, 17, 29, 28, 19, 7, 26, 15, 5] = 0.33  102.46
false  0

Solve a child node 44
   + Customers FORBIDDEN served together:  (6, 18)  (12, 16)  (8, 12)  (6, 28)  (12, 14)  (8, 13)  (16, 20)  (8, 22)  
   # Total number of 2e routes cannot UNDER:   5  

-------------Iter CG 1-------------
LP Objective Value = 469.36,   sum y = 5.0
x[1, 2, 5, 1],  93.16
y[5, 16, 28, 19, 7, 9, 11, 24, 22, 5] = 0.08  117.78
y[5, 12, 6, 24, 30, 11, 9, 7, 20, 5] = 0.33  90.47
y[5, 23, 5] = 0.61  16.0
y[5, 14, 21, 23, 5] = 0.1  39.3
y[5, 16, 17, 29, 7, 9, 26, 5] = 0.11  83.25
y[5, 22, 30, 11, 9, 28, 16, 5] = 0.02  118.41
y[5, 21, 13, 14, 5] = 0.61  50.18
y[5, 20, 29, 7, 11, 30, 22, 5] = 0.12  98.98
y[5, 23, 8, 25, 14, 5] = 0.29  76.58
y[5, 16, 28, 19, 7, 9, 11, 30, 26, 5] = 0.06  113.28
y[5, 16, 28, 19, 7, 11, 30, 27, 8, 5] = 0.1  136.09
y[5, 12, 10, 22, 24, 6, 26, 15, 5] = 0.39  79.37
y[5, 15, 9, 11, 30, 22, 10, 5] = 0.09  92.13
y[5, 13, 27, 22, 24, 26, 5] = 0.1  95.64
y[5, 16, 17, 28, 19, 29, 15, 5] = 0.3  94.65
y[5, 16, 17, 29, 19, 9, 26, 5] = 0.02  89.83
y[5, 17, 28, 19, 29, 20, 18, 5] = 0.35  97.66
y[5, 20, 29, 7, 9, 11, 30, 6, 10, 5] = 0.09  94.62
y[5, 21, 13, 10, 18, 12, 5] = 0.1  57.57
y[5, 16, 17, 15, 26, 18, 5] = 0.22  68.97
y[5, 21, 8, 25, 27, 6, 5] = 0.19  91.31
y[5, 20, 29, 28, 19, 7, 9, 11, 22, 5] = 0.01  120.71
y[5, 26, 24, 30, 11, 9, 7, 20, 5] = 0.1  89.67
y[5, 16, 28, 19, 9, 30, 27, 8, 5] = 0.09  134.26
y[5, 12, 22, 27, 25, 13, 5] = 0.19  90.2
y[5, 18, 10, 27, 25, 8, 5] = 0.33  83.62
true  2
-------------Iter CG 2-------------
LP Objective Value = 464.49,   sum y = 5.0
x[1, 2, 5, 1],  93.16
y[5, 12, 18, 10, 13, 21, 5] = 0.22  57.57
y[5, 16, 28, 19, 7, 9, 11, 24, 22, 5] = 0.07  117.78
y[5, 12, 6, 24, 30, 11, 9, 7, 20, 5] = 0.32  90.47
y[5, 8, 25, 21, 14, 5] = 0.64  68.94
y[5, 23, 5] = 0.82  16.0
y[5, 14, 21, 23, 5] = 0.14  39.3
y[5, 16, 17, 29, 15, 14, 5] = 0.05  73.2
y[5, 12, 18, 10, 13, 23, 5] = 0.04  64.58
y[5, 14, 13, 22, 6, 15, 5] = 0.1  83.42
y[5, 16, 17, 15, 26, 10, 18, 5] = 0.03  71.35
y[5, 7, 9, 11, 30, 6, 27, 8, 5] = 0.08  116.51
y[5, 16, 28, 19, 7, 9, 11, 30, 26, 5] = 0.14  113.28
y[5, 16, 28, 19, 7, 11, 30, 27, 8, 5] = 0.08  136.09
y[5, 12, 10, 22, 24, 6, 26, 15, 5] = 0.19  79.37
y[5, 13, 27, 22, 24, 26, 5] = 0.42  95.64
y[5, 16, 17, 28, 19, 29, 15, 5] = 0.34  94.65
y[5, 20, 29, 7, 9, 11, 6, 26, 15, 5] = 0.01  90.51
y[5, 17, 28, 19, 29, 20, 18, 5] = 0.29  97.66
y[5, 20, 29, 7, 9, 11, 30, 6, 10, 5] = 0.31  94.62
y[5, 17, 20, 15, 18, 14, 5] = 0.07  64.02
y[5, 16, 17, 15, 26, 18, 5] = 0.21  68.97
y[5, 16, 28, 19, 9, 30, 27, 8, 10, 5] = 0.08  135.87
y[5, 12, 22, 27, 25, 13, 5] = 0.23  90.2
y[5, 18, 10, 27, 25, 8, 5] = 0.13  83.62
false  0
Exceed Upper Bound, prune

================Iteration 23 of B&P for SP1 [1, 2, 5, 1] parkings[5]================
Display selected node 43, parent node 42: from 8 nodes
- Branching node in depth: 9
   + Customers MUST      served together:  (8, 22)  
   + Customers FORBIDDEN served together:  (6, 18)  (12, 16)  (8, 12)  (6, 28)  (12, 14)  (8, 13)  (16, 20)  
   # Total number of 2e routes cannot UNDER:   5  

  Branching node with fractional score: 4.33
  Branching node with cg lower bound: 457.85
  Branching node with LB reduction: 0.09
  Branching node with FS reduction: 0.04
  Total reduction: 0.36

Solve a child node 45
   + Customers MUST      served together:  (16, 24)  (8, 22)  
   + Customers FORBIDDEN served together:  (6, 18)  (12, 16)  (8, 12)  (6, 28)  (12, 14)  (8, 13)  (16, 20)  
   # Total number of 2e routes cannot UNDER:   5  

-------------Iter CG 1-------------
LP Objective Value = 462.57,   sum y = 5.0
x[1, 2, 5, 1],  93.16
y[5, 16, 29, 7, 9, 11, 24, 26, 5] = 0.14  90.12
y[5, 12, 18, 10, 13, 21, 5] = 0.49  57.57
y[5, 16, 15, 11, 30, 24, 26, 5] = 0.1  91.38
y[5, 17, 29, 28, 19, 7, 26, 12, 5] = 0.18  103.08
y[5, 23, 5] = 0.73  16.0
y[5, 14, 21, 23, 5] = 0.08  39.3
y[5, 16, 29, 7, 30, 24, 26, 5] = 0.2  94.31
y[5, 16, 28, 19, 9, 11, 30, 24, 5] = 0.51  112.42
y[5, 29, 7, 9, 11, 30, 6, 12, 5] = 0.16  93.54
y[5, 8, 25, 27, 22, 6, 10, 5] = 0.35  92.46
y[5, 21, 13, 14, 5] = 0.33  50.18
y[5, 8, 25, 27, 22, 15, 5] = 0.16  92.81
y[5, 17, 28, 19, 7, 9, 11, 26, 10, 12, 5] = 0.06  110.03
y[5, 16, 29, 7, 9, 24, 26, 15, 5] = 0.04  90.22
y[5, 12, 10, 13, 21, 23, 5] = 0.1  64.67
y[5, 17, 29, 28, 19, 9, 26, 5] = 0.06  105.09
y[5, 29, 7, 9, 11, 30, 26, 5] = 0.02  91.54
y[5, 8, 25, 27, 22, 6, 20, 5] = 0.49  98.32
y[5, 17, 20, 15, 18, 14, 5] = 0.51  64.02
y[5, 23, 13, 14, 5] = 0.08  57.19
y[5, 17, 29, 28, 19, 7, 26, 15, 5] = 0.18  102.46
true  16
-------------Iter CG 2-------------
LP Objective Value = 461.68,   sum y = 5.0
x[1, 2, 5, 1],  93.16
y[5, 16, 29, 7, 9, 11, 24, 26, 5] = 0.23  90.12
y[5, 12, 18, 10, 13, 21, 5] = 0.4  57.57
y[5, 16, 15, 11, 30, 24, 26, 5] = 0.1  91.38
y[5, 17, 29, 28, 19, 7, 26, 12, 5] = 0.18  103.08
y[5, 8, 25, 27, 22, 6, 5] = 0.02  91.16
y[5, 23, 5] = 0.72  16.0
y[5, 14, 21, 23, 5] = 0.07  39.3
y[5, 16, 29, 7, 30, 24, 26, 5] = 0.1  94.31
y[5, 12, 18, 10, 13, 23, 5] = 0.07  64.58
y[5, 16, 28, 19, 9, 11, 30, 24, 5] = 0.55  112.42
y[5, 29, 7, 9, 11, 30, 6, 12, 5] = 0.1  93.54
y[5, 8, 25, 27, 22, 6, 10, 5] = 0.53  92.46
y[5, 21, 13, 14, 5] = 0.4  50.18
y[5, 8, 25, 27, 22, 15, 5] = 0.1  92.81
y[5, 16, 17, 11, 30, 24, 5] = 0.02  91.28
y[5, 12, 26, 30, 9, 7, 29, 20, 5] = 0.12  93.86
y[5, 8, 25, 27, 22, 6, 20, 5] = 0.35  98.32
y[5, 17, 20, 15, 18, 14, 5] = 0.53  64.02
y[5, 12, 13, 21, 23, 5] = 0.13  61.18
y[5, 17, 29, 28, 19, 7, 26, 15, 5] = 0.27  102.46
true  3
-------------Iter CG 3-------------
LP Objective Value = 461.49,   sum y = 5.0
x[1, 2, 5, 1],  93.16
y[5, 16, 29, 7, 9, 11, 24, 26, 5] = 0.22  90.12
y[5, 12, 18, 10, 13, 21, 5] = 0.56  57.57
y[5, 16, 15, 11, 30, 24, 26, 5] = 0.1  91.38
y[5, 17, 29, 28, 19, 7, 26, 12, 5] = 0.2  103.08
y[5, 8, 25, 27, 22, 6, 5] = 0.34  91.16
y[5, 23, 5] = 0.73  16.0
y[5, 14, 21, 23, 5] = 0.22  39.3
y[5, 16, 29, 7, 30, 24, 26, 5] = 0.12  94.31
y[5, 12, 18, 10, 13, 23, 5] = 0.05  64.58
y[5, 16, 28, 19, 9, 11, 30, 24, 5] = 0.56  112.42
y[5, 29, 7, 9, 11, 30, 6, 12, 5] = 0.1  93.54
y[5, 8, 25, 27, 22, 6, 10, 5] = 0.22  92.46
y[5, 21, 13, 14, 5] = 0.22  50.18
y[5, 8, 25, 27, 22, 15, 5] = 0.1  92.81
y[5, 14, 13, 10, 15, 20, 17, 5] = 0.17  79.81
y[5, 29, 7, 9, 11, 30, 26, 5] = 0.02  91.54
y[5, 12, 26, 30, 9, 7, 29, 20, 5] = 0.1  93.86
y[5, 8, 25, 27, 22, 6, 20, 5] = 0.34  98.32
y[5, 17, 20, 15, 18, 14, 5] = 0.39  64.02
y[5, 17, 29, 28, 19, 7, 26, 15, 5] = 0.24  102.46
true  1
-------------Iter CG 4-------------
LP Objective Value = 461.46,   sum y = 5.0
x[1, 2, 5, 1],  93.16
y[5, 16, 29, 7, 9, 11, 24, 26, 5] = 0.22  90.12
y[5, 12, 18, 10, 13, 21, 5] = 0.57  57.57
y[5, 16, 15, 11, 30, 24, 26, 5] = 0.09  91.38
y[5, 17, 29, 28, 19, 7, 26, 12, 5] = 0.17  103.08
y[5, 8, 25, 27, 22, 6, 5] = 0.26  91.16
y[5, 23, 5] = 0.74  16.0
y[5, 14, 21, 23, 5] = 0.22  39.3
y[5, 16, 29, 7, 30, 24, 26, 5] = 0.13  94.31
y[5, 12, 18, 10, 13, 23, 5] = 0.04  64.58
y[5, 16, 28, 19, 9, 11, 30, 24, 5] = 0.57  112.42
y[5, 14, 13, 26, 20, 17, 5] = 0.04  83.21
y[5, 29, 7, 9, 11, 30, 6, 12, 5] = 0.13  93.54
y[5, 8, 25, 27, 22, 6, 10, 5] = 0.26  92.46
y[5, 21, 13, 14, 5] = 0.22  50.18
y[5, 8, 25, 27, 22, 15, 5] = 0.13  92.81
y[5, 14, 13, 10, 15, 20, 17, 5] = 0.13  79.81
y[5, 12, 26, 30, 9, 7, 29, 20, 5] = 0.09  93.86
y[5, 8, 25, 27, 22, 6, 20, 5] = 0.35  98.32
y[5, 17, 20, 15, 18, 14, 5] = 0.39  64.02
y[5, 17, 29, 28, 19, 7, 26, 15, 5] = 0.26  102.46
false  0
Exceed Upper Bound, prune

Solve a child node 46
   + Customers MUST      served together:  (8, 22)  
   + Customers FORBIDDEN served together:  (6, 18)  (12, 16)  (8, 12)  (6, 28)  (12, 14)  (8, 13)  (16, 20)  (16, 24)  
   # Total number of 2e routes cannot UNDER:   5  

-------------Iter CG 1-------------
LP Objective Value = 457.89,   sum y = 5.0
x[1, 2, 5, 1],  93.16
y[5, 12, 18, 10, 13, 21, 5] = 0.56  57.57
y[5, 12, 6, 24, 30, 11, 9, 7, 20, 5] = 0.22  90.47
y[5, 20, 29, 7, 9, 11, 24, 26, 12, 5] = 0.03  90.89
y[5, 8, 25, 22, 10, 14, 5] = 0.06  81.21
y[5, 8, 25, 27, 22, 6, 5] = 0.78  91.16
y[5, 18, 10, 13, 14, 5] = 0.31  57.21
y[5, 23, 5] = 0.53  16.0
y[5, 14, 21, 23, 5] = 0.44  39.3
y[5, 12, 26, 24, 30, 11, 9, 5] = 0.06  87.99
y[5, 12, 18, 10, 13, 23, 5] = 0.03  64.58
y[5, 14, 13, 25, 27, 5] = 0.06  84.05
y[5, 8, 25, 27, 22, 15, 5] = 0.06  92.81
y[5, 8, 27, 22, 24, 26, 20, 5] = 0.09  100.69
y[5, 16, 28, 19, 7, 9, 11, 30, 26, 5] = 0.09  113.28
y[5, 16, 17, 29, 26, 14, 5] = 0.06  78.47
y[5, 16, 17, 28, 19, 29, 15, 5] = 0.84  94.65
y[5, 12, 26, 30, 9, 7, 29, 20, 5] = 0.03  93.86
y[5, 20, 7, 9, 11, 30, 24, 26, 5] = 0.56  89.67
y[5, 13, 25, 10, 18, 12, 5] = 0.03  72.2
y[5, 17, 20, 15, 18, 14, 5] = 0.06  64.02
y[5, 28, 19, 7, 11, 30, 24, 26, 12, 5] = 0.03  116.1
y[5, 17, 29, 28, 19, 7, 26, 15, 5] = 0.03  102.46
false  0

================Iteration 24 of B&P for SP1 [1, 2, 5, 1] parkings[5]================
Display selected node 46, parent node 43: from 8 nodes
- Branching node in depth: 10
   + Customers MUST      served together:  (8, 22)  
   + Customers FORBIDDEN served together:  (6, 18)  (12, 16)  (8, 12)  (6, 28)  (12, 14)  (8, 13)  (16, 20)  (16, 24)  
   # Total number of 2e routes cannot UNDER:   5  

  Branching node with fractional score: 3.44
  Branching node with cg lower bound: 457.89
  Branching node with LB reduction: 0.0
  Branching node with FS reduction: -0.09
  Total reduction: -0.26

Solve a child node 47
   + Customers MUST      served together:  (12, 26)  (8, 22)  
   + Customers FORBIDDEN served together:  (6, 18)  (12, 16)  (8, 12)  (6, 28)  (12, 14)  (8, 13)  (16, 20)  (16, 24)  
   # Total number of 2e routes cannot UNDER:   5  

-------------Iter CG 1-------------
LP Objective Value = 463.5,   sum y = 5.0
x[1, 2, 5, 1],  93.16
y[5, 18, 10, 13, 14, 5] = 0.5  57.21
y[5, 23, 5] = 0.5  16.0
y[5, 14, 21, 23, 5] = 0.5  39.3
y[5, 12, 26, 24, 30, 11, 9, 5] = 1.0  87.99
y[5, 16, 17, 28, 19, 29, 7, 15, 5] = 1.0  99.26
y[5, 8, 25, 27, 22, 6, 20, 5] = 1.0  98.32
y[5, 21, 13, 10, 18, 5] = 0.5  57.05
false  0
Exceed Upper Bound, prune

Solve a child node 48
   + Customers MUST      served together:  (8, 22)  
   + Customers FORBIDDEN served together:  (6, 18)  (12, 16)  (8, 12)  (6, 28)  (12, 26)  (12, 14)  (8, 13)  (16, 20)  (16, 24)  
   # Total number of 2e routes cannot UNDER:   5  

-------------Iter CG 1-------------
LP Objective Value = 458.01,   sum y = 5.0
x[1, 2, 5, 1],  93.16
y[5, 12, 6, 24, 30, 11, 9, 7, 20, 5] = 0.33  90.47
y[5, 8, 25, 22, 10, 14, 5] = 0.03  81.21
y[5, 8, 25, 27, 22, 6, 5] = 0.67  91.16
y[5, 18, 10, 13, 14, 5] = 0.33  57.21
y[5, 23, 5] = 0.55  16.0
y[5, 14, 21, 23, 5] = 0.45  39.3
y[5, 14, 13, 25, 27, 5] = 0.03  84.05
y[5, 8, 25, 27, 22, 15, 5] = 0.18  92.81
y[5, 8, 27, 22, 24, 26, 20, 5] = 0.12  100.69
y[5, 16, 28, 19, 7, 9, 11, 30, 26, 5] = 0.12  113.28
y[5, 12, 10, 24, 30, 11, 9, 19, 28, 5] = 0.03  113.82
y[5, 16, 17, 29, 26, 14, 5] = 0.15  78.47
y[5, 26, 24, 30, 11, 9, 20, 5] = 0.06  87.58
y[5, 16, 17, 28, 19, 29, 15, 5] = 0.73  94.65
y[5, 17, 28, 19, 29, 20, 18, 5] = 0.03  97.66
y[5, 13, 25, 10, 18, 12, 5] = 0.09  72.2
y[5, 21, 13, 18, 12, 5] = 0.03  56.49
y[5, 21, 13, 10, 18, 12, 5] = 0.52  57.57
y[5, 26, 24, 30, 11, 9, 7, 20, 5] = 0.45  89.67
y[5, 17, 29, 28, 19, 7, 26, 15, 5] = 0.09  102.46
false  0

================Iteration 25 of B&P for SP1 [1, 2, 5, 1] parkings[5]================
Display selected node 48, parent node 46: from 8 nodes
- Branching node in depth: 11
   + Customers MUST      served together:  (8, 22)  
   + Customers FORBIDDEN served together:  (6, 18)  (12, 16)  (8, 12)  (6, 28)  (12, 26)  (12, 14)  (8, 13)  (16, 20)  (16, 24)  
   # Total number of 2e routes cannot UNDER:   5  

  Branching node with fractional score: 4.09
  Branching node with cg lower bound: 458.01
  Branching node with LB reduction: 0.01
  Branching node with FS reduction: 0.06
  Total reduction: 0.23

Solve a child node 49
   + Customers MUST      served together:  (8, 22)  (20, 26)  
   + Customers FORBIDDEN served together:  (6, 18)  (12, 16)  (8, 12)  (6, 28)  (12, 26)  (12, 14)  (8, 13)  (16, 20)  (16, 24)  
   # Total number of 2e routes cannot UNDER:   5  

-------------Iter CG 1-------------
LP Objective Value = 459.79,   sum y = 5.0
x[1, 2, 5, 1],  93.16
y[5, 8, 25, 27, 22, 6, 5] = 1.0  91.16
y[5, 14, 23, 5] = 1.0  33.58
y[5, 16, 17, 28, 19, 29, 15, 5] = 1.0  94.65
y[5, 21, 13, 10, 18, 12, 5] = 1.0  57.57
y[5, 26, 24, 30, 11, 9, 7, 20, 5] = 1.0  89.67
false  0
Integer solution found
Update upper bound
[5, 21, 13, 10, 18, 12, 5]   57.57
[5, 14, 23, 5]   33.58
[5, 8, 25, 27, 22, 6, 5]   91.16
[5, 26, 24, 30, 11, 9, 7, 20, 5]   89.67
[5, 16, 17, 28, 19, 29, 15, 5]   94.65

Solve a child node 50
   + Customers MUST      served together:  (8, 22)  
   + Customers FORBIDDEN served together:  (6, 18)  (12, 16)  (8, 12)  (6, 28)  (12, 26)  (12, 14)  (8, 13)  (16, 20)  (16, 24)  (20, 26)  
   # Total number of 2e routes cannot UNDER:   5  

-------------Iter CG 1-------------
LP Objective Value = 460.37,   sum y = 5.0
x[1, 2, 5, 1],  93.16
y[5, 12, 6, 24, 30, 11, 9, 7, 20, 5] = 0.63  90.47
y[5, 8, 27, 22, 24, 26, 5] = 0.12  94.31
y[5, 23, 5] = 0.62  16.0
y[5, 14, 21, 23, 5] = 0.38  39.3
y[5, 8, 25, 27, 22, 6, 10, 5] = 0.12  92.46
y[5, 21, 13, 14, 5] = 0.25  50.18
y[5, 8, 25, 27, 22, 15, 5] = 0.38  92.81
y[5, 18, 10, 27, 25, 13, 5] = 0.25  85.25
y[5, 14, 13, 10, 18, 5] = 0.12  57.21
y[5, 16, 28, 19, 7, 9, 11, 30, 26, 5] = 0.25  113.28
y[5, 8, 22, 24, 6, 26, 5] = 0.12  84.95
y[5, 16, 17, 29, 26, 14, 5] = 0.25  78.47
y[5, 16, 17, 28, 19, 29, 15, 5] = 0.38  94.65
y[5, 17, 28, 19, 29, 20, 18, 5] = 0.12  97.66
y[5, 8, 25, 27, 22, 6, 20, 5] = 0.12  98.32
y[5, 21, 13, 10, 18, 12, 5] = 0.37  57.57
y[5, 16, 17, 15, 26, 18, 5] = 0.13  68.97
y[5, 10, 8, 25, 22, 24, 5] = 0.12  87.04
y[5, 20, 29, 28, 19, 9, 11, 30, 5] = 0.12  114.67
y[5, 17, 29, 28, 19, 7, 26, 15, 5] = 0.13  102.46
false  0
Exceed Upper Bound, prune

================Iteration 26 of B&P for SP1 [1, 2, 5, 1] parkings[5]================
Display selected node 40, parent node 37: from 7 nodes
- Branching node in depth: 8
   + Customers MUST      served together:  (12, 16)  
   + Customers FORBIDDEN served together:  (6, 18)  (14, 23)  (6, 28)  (12, 14)  (8, 13)  (16, 20)  
   # Total number of 2e routes cannot UNDER:   5  

  Branching node with fractional score: 3.0
  Branching node with cg lower bound: 459.76
  Branching node with LB reduction: 0.3
  Branching node with FS reduction: 0.12
  Total reduction: 1.09

Solve a child node 51
   + Customers MUST      served together:  (12, 16)  (8, 10)  
   + Customers FORBIDDEN served together:  (6, 18)  (14, 23)  (6, 28)  (12, 14)  (8, 13)  (16, 20)  
   # Total number of 2e routes cannot UNDER:   5  

-------------Iter CG 1-------------
LP Objective Value = 459.88,   sum y = 5.0
x[1, 2, 5, 1],  93.16
y[5, 23, 5] = 0.5  16.0
y[5, 8, 25, 27, 22, 6, 10, 5] = 1.0  92.46
y[5, 16, 17, 28, 19, 29, 15, 12, 5] = 1.0  98.62
y[5, 21, 13, 23, 5] = 0.5  57.03
y[5, 14, 21, 18, 5] = 0.5  42.75
y[5, 20, 7, 9, 11, 30, 24, 26, 5] = 1.0  89.67
y[5, 14, 13, 18, 5] = 0.5  56.13
true  6
-------------Iter CG 2-------------
LP Objective Value = 459.88,   sum y = 5.0
x[1, 2, 5, 1],  93.16
y[5, 23, 5] = 0.5  16.0
y[5, 8, 25, 27, 22, 6, 10, 5] = 1.0  92.46
y[5, 16, 17, 28, 19, 29, 15, 12, 5] = 1.0  98.62
y[5, 21, 13, 23, 5] = 0.5  57.03
y[5, 14, 21, 18, 5] = 0.5  42.75
y[5, 20, 7, 9, 11, 30, 24, 26, 5] = 1.0  89.67
y[5, 14, 13, 18, 5] = 0.5  56.13
true  4
-------------Iter CG 3-------------
LP Objective Value = 459.88,   sum y = 5.0
x[1, 2, 5, 1],  93.16
y[5, 23, 5] = 0.5  16.0
y[5, 8, 25, 27, 22, 6, 10, 5] = 1.0  92.46
y[5, 16, 17, 28, 19, 29, 15, 12, 5] = 1.0  98.62
y[5, 21, 13, 23, 5] = 0.5  57.03
y[5, 14, 21, 18, 5] = 0.5  42.75
y[5, 20, 7, 9, 11, 30, 24, 26, 5] = 1.0  89.67
y[5, 14, 13, 18, 5] = 0.5  56.13
false  0
Exceed Upper Bound, prune

Solve a child node 52
   + Customers MUST      served together:  (12, 16)  
   + Customers FORBIDDEN served together:  (6, 18)  (14, 23)  (6, 28)  (12, 14)  (8, 13)  (16, 20)  (8, 10)  
   # Total number of 2e routes cannot UNDER:   5  

-------------Iter CG 1-------------
LP Objective Value = 462.48,   sum y = 5.0
x[1, 2, 5, 1],  93.16
y[5, 8, 25, 27, 22, 6, 5] = 1.0  91.16
y[5, 23, 5] = 0.5  16.0
y[5, 18, 10, 13, 23, 5] = 0.5  64.06
y[5, 16, 17, 28, 19, 29, 15, 12, 5] = 1.0  98.62
y[5, 14, 21, 18, 5] = 0.5  42.75
y[5, 14, 21, 13, 10, 5] = 0.5  56.91
y[5, 26, 24, 30, 11, 9, 7, 20, 5] = 1.0  89.67
true  1
-------------Iter CG 2-------------
LP Objective Value = 462.03,   sum y = 5.0
x[1, 2, 5, 1],  93.16
y[5, 8, 25, 27, 22, 6, 5] = 1.0  91.16
y[5, 23, 5] = 0.5  16.0
y[5, 18, 10, 13, 23, 5] = 0.5  64.06
y[5, 16, 17, 28, 19, 29, 7, 15, 12, 5] = 0.5  103.24
y[5, 21, 13, 14, 5] = 0.5  50.18
y[5, 10, 26, 24, 30, 11, 9, 20, 5] = 0.5  90.91
y[5, 16, 17, 28, 19, 29, 15, 12, 5] = 0.5  98.62
y[5, 14, 21, 18, 5] = 0.5  42.75
y[5, 26, 24, 30, 11, 9, 7, 20, 5] = 0.5  89.67
true  1
-------------Iter CG 3-------------
LP Objective Value = 462.03,   sum y = 5.0
x[1, 2, 5, 1],  93.16
y[5, 8, 25, 27, 22, 6, 5] = 1.0  91.16
y[5, 23, 5] = 0.5  16.0
y[5, 18, 10, 13, 23, 5] = 0.5  64.06
y[5, 16, 17, 28, 19, 29, 7, 15, 12, 5] = 0.5  103.24
y[5, 21, 13, 14, 5] = 0.5  50.18
y[5, 10, 26, 24, 30, 11, 9, 20, 5] = 0.5  90.91
y[5, 16, 17, 28, 19, 29, 15, 12, 5] = 0.5  98.62
y[5, 14, 21, 18, 5] = 0.5  42.75
y[5, 26, 24, 30, 11, 9, 7, 20, 5] = 0.5  89.67
false  0
Exceed Upper Bound, prune

================Iteration 27 of B&P for SP1 [1, 2, 5, 1] parkings[5]================
Display selected node 24, parent node 20: from 6 nodes
- Branching node in depth: 5
   + Customers MUST      served together:  (16, 20)  
   + Customers FORBIDDEN served together:  (6, 22)  (7, 29)  (13, 18)  
   # Total number of 2e routes cannot UNDER:   5  

  Branching node with fractional score: 4.64
  Branching node with cg lower bound: 457.46
  Branching node with LB reduction: 0.4
  Branching node with FS reduction: 0.19
  Total reduction: 1.15

Solve a child node 53
   + Customers MUST      served together:  (16, 24)  (16, 20)  
   + Customers FORBIDDEN served together:  (6, 22)  (7, 29)  (13, 18)  
   # Total number of 2e routes cannot UNDER:   5  

-------------Iter CG 1-------------
LP Objective Value = 466.45,   sum y = 5.0
x[1, 2, 5, 1],  93.16
y[5, 18, 12, 21, 14, 5] = 0.31  43.12
y[5, 16, 28, 19, 7, 11, 30, 24, 6, 20, 5] = 0.4  121.54
y[5, 14, 21, 13, 8, 5] = 0.17  66.34
y[5, 17, 29, 15, 18, 5] = 0.6  70.92
y[5, 8, 25, 27, 22, 10, 12, 5] = 0.43  88.59
y[5, 23, 5] = 0.66  16.0
y[5, 14, 21, 23, 5] = 0.31  39.3
y[5, 16, 20, 9, 11, 30, 24, 6, 5] = 0.2  91.25
y[5, 13, 25, 8, 14, 5] = 0.14  69.96
y[5, 12, 18, 10, 21, 14, 5] = 0.06  47.11
y[5, 7, 9, 11, 30, 6, 26, 15, 5] = 0.2  91.62
y[5, 17, 29, 28, 19, 9, 26, 5] = 0.4  105.09
y[5, 21, 13, 25, 10, 12, 5] = 0.11  71.32
y[5, 12, 18, 10, 21, 23, 5] = 0.03  54.86
y[5, 26, 22, 27, 8, 13, 5] = 0.2  93.52
y[5, 16, 28, 19, 7, 9, 11, 24, 26, 20, 5] = 0.2  116.56
y[5, 13, 25, 27, 22, 10, 5] = 0.31  90.21
y[5, 20, 7, 30, 24, 6, 15, 16, 5] = 0.2  99.1
y[5, 12, 10, 22, 27, 8, 13, 5] = 0.06  90.39
false  0
Exceed Upper Bound, prune

Solve a child node 54
   + Customers MUST      served together:  (16, 20)  
   + Customers FORBIDDEN served together:  (6, 22)  (16, 24)  (7, 29)  (13, 18)  
   # Total number of 2e routes cannot UNDER:   5  

-------------Iter CG 1-------------
LP Objective Value = 457.59,   sum y = 5.0
x[1, 2, 5, 1],  93.16
y[5, 18, 12, 21, 14, 5] = 0.36  43.12
y[5, 23, 5] = 0.57  16.0
y[5, 14, 21, 23, 5] = 0.21  39.3
y[5, 13, 25, 8, 14, 5] = 0.29  69.96
y[5, 7, 9, 11, 30, 6, 26, 15, 5] = 0.21  91.62
y[5, 8, 25, 27, 22, 15, 5] = 0.29  92.81
y[5, 28, 19, 7, 11, 30, 24, 26, 5] = 0.14  114.25
y[5, 23, 21, 18, 5] = 0.21  50.51
y[5, 8, 25, 22, 24, 5] = 0.07  85.44
y[5, 16, 17, 20, 15, 26, 18, 5] = 0.14  69.09
y[5, 16, 17, 28, 19, 29, 20, 5] = 0.36  88.42
y[5, 16, 17, 28, 19, 29, 20, 15, 5] = 0.36  97.46
y[5, 7, 9, 11, 30, 24, 6, 10, 12, 5] = 0.64  90.87
y[5, 26, 22, 27, 8, 13, 5] = 0.36  93.52
y[5, 14, 21, 18, 5] = 0.14  42.75
y[5, 29, 28, 19, 9, 24, 6, 26, 5] = 0.14  110.8
y[5, 13, 25, 27, 22, 10, 5] = 0.29  90.21
y[5, 21, 13, 25, 27, 10, 5] = 0.07  84.88
y[5, 16, 17, 29, 20, 18, 5] = 0.14  71.68
false  0

================Iteration 28 of B&P for SP1 [1, 2, 5, 1] parkings[5]================
Display selected node 54, parent node 24: from 6 nodes
- Branching node in depth: 6
   + Customers MUST      served together:  (16, 20)  
   + Customers FORBIDDEN served together:  (6, 22)  (16, 24)  (7, 29)  (13, 18)  
   # Total number of 2e routes cannot UNDER:   5  

  Branching node with fractional score: 4.57
  Branching node with cg lower bound: 457.59
  Branching node with LB reduction: 0.02
  Branching node with FS reduction: -0.01
  Total reduction: 0.02

Solve a child node 55
   + Customers MUST      served together:  (21, 25)  (16, 20)  
   + Customers FORBIDDEN served together:  (6, 22)  (16, 24)  (7, 29)  (13, 18)  
   # Total number of 2e routes cannot UNDER:   5  

-------------Iter CG 1-------------
LP Objective Value = 465.13,   sum y = 5.0
x[1, 2, 5, 1],  93.16
y[5, 21, 13, 27, 25, 5] = 0.42  83.61
y[5, 8, 25, 21, 14, 5] = 0.5  68.94
y[5, 12, 18, 10, 22, 24, 26, 5] = 0.17  78.19
y[5, 18, 12, 14, 23, 5] = 0.17  48.34
y[5, 22, 30, 11, 9, 7, 19, 28, 5] = 0.08  120.09
y[5, 23, 5] = 0.83  16.0
y[5, 14, 10, 22, 24, 26, 15, 5] = 0.25  79.75
y[5, 16, 17, 29, 20, 18, 12, 5] = 0.17  72.19
y[5, 16, 17, 28, 19, 29, 20, 15, 5] = 0.75  97.46
y[5, 7, 9, 11, 30, 24, 6, 10, 12, 5] = 0.42  90.87
y[5, 26, 22, 27, 8, 13, 5] = 0.5  93.52
y[5, 7, 9, 11, 30, 6, 18, 5] = 0.42  89.9
y[5, 29, 28, 19, 9, 24, 6, 26, 5] = 0.08  110.8
y[5, 28, 19, 7, 11, 30, 24, 6, 10, 12, 5] = 0.08  115.54
y[5, 16, 17, 20, 18, 14, 5] = 0.08  61.97
y[5, 21, 13, 25, 27, 10, 5] = 0.08  84.88
false  0
Exceed Upper Bound, prune

Solve a child node 56
   + Customers MUST      served together:  (16, 20)  
   + Customers FORBIDDEN served together:  (6, 22)  (16, 24)  (21, 25)  (7, 29)  (13, 18)  
   # Total number of 2e routes cannot UNDER:   5  

-------------Iter CG 1-------------
LP Objective Value = 457.73,   sum y = 5.0
x[1, 2, 5, 1],  93.16
y[5, 18, 12, 21, 14, 5] = 0.05  43.12
y[5, 23, 5] = 0.52  16.0
y[5, 14, 21, 23, 5] = 0.19  39.3
y[5, 13, 25, 8, 14, 5] = 0.29  69.96
y[5, 7, 9, 11, 30, 6, 26, 15, 5] = 0.33  91.62
y[5, 8, 25, 27, 22, 15, 5] = 0.29  92.81
y[5, 28, 19, 7, 11, 30, 24, 26, 5] = 0.1  114.25
y[5, 23, 21, 12, 18, 5] = 0.29  50.87
y[5, 16, 17, 20, 15, 26, 18, 5] = 0.1  69.09
y[5, 16, 17, 28, 19, 29, 20, 5] = 0.52  88.42
y[5, 16, 17, 28, 19, 29, 20, 15, 5] = 0.29  97.46
y[5, 13, 27, 22, 24, 26, 5] = 0.14  95.64
y[5, 7, 9, 11, 30, 24, 6, 10, 12, 5] = 0.57  90.87
y[5, 26, 22, 27, 8, 13, 5] = 0.24  93.52
y[5, 14, 21, 18, 5] = 0.48  42.75
y[5, 29, 28, 19, 9, 24, 6, 26, 5] = 0.1  110.8
y[5, 12, 10, 27, 25, 8, 13, 5] = 0.1  85.05
y[5, 10, 8, 25, 22, 24, 5] = 0.1  87.04
y[5, 13, 25, 27, 22, 10, 5] = 0.24  90.21
y[5, 16, 17, 29, 20, 18, 5] = 0.1  71.68
false  0

================Iteration 29 of B&P for SP1 [1, 2, 5, 1] parkings[5]================
Display selected node 56, parent node 54: from 6 nodes
- Branching node in depth: 7
   + Customers MUST      served together:  (16, 20)  
   + Customers FORBIDDEN served together:  (6, 22)  (16, 24)  (21, 25)  (7, 29)  (13, 18)  
   # Total number of 2e routes cannot UNDER:   5  

  Branching node with fractional score: 4.76
  Branching node with cg lower bound: 457.73
  Branching node with LB reduction: 0.02
  Branching node with FS reduction: 0.03
  Total reduction: 0.12

Solve a child node 57
   + Customers MUST      served together:  (24, 26)  (16, 20)  
   + Customers FORBIDDEN served together:  (6, 22)  (16, 24)  (21, 25)  (7, 29)  (13, 18)  
   # Total number of 2e routes cannot UNDER:   5  

-------------Iter CG 1-------------
LP Objective Value = 461.44,   sum y = 5.0
x[1, 2, 5, 1],  93.16
y[5, 17, 28, 19, 7, 11, 30, 6, 10, 5] = 0.24  115.59
y[5, 18, 12, 21, 14, 5] = 0.37  43.12
y[5, 14, 21, 13, 8, 5] = 0.32  66.34
y[5, 26, 24, 30, 11, 9, 7, 5] = 0.22  89.58
y[5, 12, 18, 10, 22, 24, 26, 5] = 0.06  78.19
y[5, 23, 5] = 0.68  16.0
y[5, 14, 21, 23, 5] = 0.29  39.3
y[5, 13, 25, 8, 14, 5] = 0.03  69.96
y[5, 8, 25, 27, 22, 15, 5] = 0.35  92.81
y[5, 23, 21, 12, 18, 5] = 0.03  50.87
y[5, 7, 9, 11, 30, 6, 10, 18, 5] = 0.08  91.21
y[5, 18, 15, 11, 24, 6, 26, 5] = 0.22  84.21
y[5, 16, 17, 29, 20, 18, 12, 5] = 0.24  72.19
y[5, 22, 30, 11, 9, 7, 20, 16, 5] = 0.24  99.09
y[5, 16, 17, 28, 19, 29, 20, 5] = 0.1  88.42
y[5, 16, 17, 28, 19, 29, 20, 15, 5] = 0.43  97.46
y[5, 7, 9, 30, 24, 6, 26, 5] = 0.22  90.32
y[5, 13, 27, 22, 24, 26, 5] = 0.03  95.64
y[5, 29, 28, 19, 9, 24, 6, 26, 5] = 0.24  110.8
y[5, 12, 10, 27, 25, 8, 13, 5] = 0.3  85.05
y[5, 13, 25, 27, 22, 10, 5] = 0.32  90.21
false  0
Exceed Upper Bound, prune

Solve a child node 58
   + Customers MUST      served together:  (16, 20)  
   + Customers FORBIDDEN served together:  (6, 22)  (24, 26)  (16, 24)  (21, 25)  (7, 29)  (13, 18)  
   # Total number of 2e routes cannot UNDER:   5  

-------------Iter CG 1-------------
LP Objective Value = 458.62,   sum y = 5.0
x[1, 2, 5, 1],  93.16
y[5, 18, 12, 21, 14, 5] = 0.42  43.12
y[5, 28, 19, 7, 9, 11, 30, 24, 10, 5] = 0.08  115.64
y[5, 23, 5] = 0.5  16.0
y[5, 14, 21, 23, 5] = 0.25  39.3
y[5, 13, 25, 8, 14, 5] = 0.25  69.96
y[5, 7, 9, 11, 30, 6, 26, 15, 5] = 0.5  91.62
y[5, 29, 28, 19, 9, 24, 6, 15, 5] = 0.08  112.02
y[5, 23, 21, 18, 5] = 0.25  50.51
y[5, 16, 17, 20, 15, 26, 18, 5] = 0.08  69.09
y[5, 16, 17, 28, 19, 29, 20, 5] = 0.67  88.42
y[5, 16, 17, 28, 19, 29, 20, 15, 5] = 0.08  97.46
y[5, 7, 9, 11, 30, 24, 6, 10, 12, 5] = 0.33  90.87
y[5, 26, 22, 27, 8, 13, 5] = 0.42  93.52
y[5, 14, 21, 18, 5] = 0.08  42.75
y[5, 28, 19, 7, 11, 30, 24, 6, 10, 12, 5] = 0.08  115.54
y[5, 12, 10, 27, 25, 8, 13, 5] = 0.17  85.05
y[5, 10, 8, 25, 22, 24, 5] = 0.17  87.04
y[5, 13, 25, 27, 22, 10, 5] = 0.17  90.21
y[5, 15, 24, 22, 27, 25, 5] = 0.25  95.36
y[5, 16, 17, 29, 20, 18, 5] = 0.17  71.68
false  0

================Iteration 30 of B&P for SP1 [1, 2, 5, 1] parkings[5]================
Display selected node 58, parent node 56: from 6 nodes
- Branching node in depth: 8
   + Customers MUST      served together:  (16, 20)  
   + Customers FORBIDDEN served together:  (6, 22)  (24, 26)  (16, 24)  (21, 25)  (7, 29)  (13, 18)  
   # Total number of 2e routes cannot UNDER:   5  

  Branching node with fractional score: 4.67
  Branching node with cg lower bound: 458.62
  Branching node with LB reduction: 0.11
  Branching node with FS reduction: -0.01
  Total reduction: 0.26

Solve a child node 59
   + Customers MUST      served together:  (16, 20)  (10, 24)  
   + Customers FORBIDDEN served together:  (6, 22)  (24, 26)  (16, 24)  (21, 25)  (7, 29)  (13, 18)  
   # Total number of 2e routes cannot UNDER:   5  

-------------Iter CG 1-------------
LP Objective Value = 460.06,   sum y = 5.0
x[1, 2, 5, 1],  93.16
y[5, 18, 12, 21, 14, 5] = 0.09  43.12
y[5, 29, 28, 19, 9, 30, 26, 5] = 0.09  114.04
y[5, 23, 5] = 0.55  16.0
y[5, 14, 21, 23, 5] = 0.36  39.3
y[5, 7, 9, 24, 27, 25, 8, 10, 5] = 0.09  110.43
y[5, 13, 25, 8, 14, 5] = 0.09  69.96
y[5, 7, 9, 11, 30, 6, 26, 15, 5] = 0.09  91.62
y[5, 8, 25, 27, 22, 15, 5] = 0.27  92.81
y[5, 23, 21, 18, 5] = 0.09  50.51
y[5, 16, 17, 20, 15, 26, 18, 5] = 0.18  69.09
y[5, 16, 17, 28, 19, 29, 20, 5] = 0.18  88.42
y[5, 13, 27, 25, 8, 5] = 0.18  83.6
y[5, 16, 17, 28, 19, 29, 20, 15, 5] = 0.45  97.46
y[5, 7, 9, 11, 30, 24, 6, 10, 12, 5] = 0.64  90.87
y[5, 26, 22, 27, 8, 13, 5] = 0.36  93.52
y[5, 14, 21, 18, 5] = 0.45  42.75
y[5, 28, 19, 7, 11, 30, 24, 6, 10, 12, 5] = 0.18  115.54
y[5, 13, 25, 22, 26, 5] = 0.27  84.73
y[5, 29, 28, 19, 9, 11, 24, 6, 10, 5] = 0.09  112.34
y[5, 16, 17, 29, 20, 18, 5] = 0.18  71.68
y[5, 12, 22, 27, 25, 13, 5] = 0.09  90.2
false  0
Exceed Upper Bound, prune

Solve a child node 60
   + Customers MUST      served together:  (16, 20)  
   + Customers FORBIDDEN served together:  (6, 22)  (24, 26)  (16, 24)  (21, 25)  (10, 24)  (7, 29)  (13, 18)  
   # Total number of 2e routes cannot UNDER:   5  

-------------Iter CG 1-------------
LP Objective Value = 460.43,   sum y = 5.0
x[1, 2, 5, 1],  93.16
y[5, 18, 12, 21, 14, 5] = 0.17  43.12
y[5, 23, 5] = 0.5  16.0
y[5, 14, 21, 23, 5] = 0.5  39.3
y[5, 28, 19, 7, 9, 11, 30, 24, 5] = 0.17  114.1
y[5, 12, 18, 10, 21, 14, 5] = 0.33  47.11
y[5, 7, 9, 11, 30, 6, 26, 15, 5] = 0.5  91.62
y[5, 29, 28, 19, 9, 24, 6, 15, 5] = 0.17  112.02
y[5, 8, 25, 22, 24, 5] = 0.33  85.44
y[5, 20, 29, 19, 28, 17, 16, 5] = 0.33  88.42
y[5, 28, 19, 7, 11, 30, 24, 6, 5] = 0.17  114.23
y[5, 7, 9, 11, 30, 24, 6, 5] = 0.17  89.56
y[5, 16, 17, 29, 20, 18, 12, 5] = 0.17  72.19
y[5, 16, 17, 20, 15, 26, 18, 5] = 0.17  69.09
y[5, 16, 17, 28, 19, 29, 20, 15, 5] = 0.17  97.46
y[5, 26, 22, 27, 8, 13, 5] = 0.33  93.52
y[5, 12, 10, 27, 25, 8, 13, 5] = 0.33  85.05
y[5, 13, 25, 27, 22, 10, 5] = 0.33  90.21
y[5, 16, 17, 29, 20, 18, 5] = 0.17  71.68
false  0
Exceed Upper Bound, prune

================Iteration 31 of B&P for SP1 [1, 2, 5, 1] parkings[5]================
Display selected node 11, parent node 10: from 5 nodes
- Branching node in depth: 6
   + Customers MUST      served together:  (12, 14)  
   + Customers FORBIDDEN served together:  (6, 18)  (6, 28)  (8, 13)  (16, 20)  
   # Total number of 2e routes cannot UNDER:   5  

  Branching node with fractional score: 3.0
  Branching node with cg lower bound: 456.23
  Branching node with LB reduction: 0.38
  Branching node with FS reduction: 0.17
  Total reduction: 1.18

Solve a child node 61
   + Customers MUST      served together:  (12, 13)  (12, 14)  
   + Customers FORBIDDEN served together:  (6, 18)  (6, 28)  (8, 13)  (16, 20)  
   # Total number of 2e routes cannot UNDER:   5  

-------------Iter CG 1-------------
LP Objective Value = 458.12,   sum y = 5.0
x[1, 2, 5, 1],  93.16
y[5, 8, 25, 27, 22, 6, 5] = 0.5  91.16
y[5, 23, 5] = 0.5  16.0
y[5, 8, 25, 27, 22, 6, 10, 5] = 0.5  92.46
y[5, 23, 21, 18, 5] = 0.5  50.51
y[5, 14, 13, 10, 18, 12, 5] = 0.5  57.72
y[5, 16, 17, 28, 19, 29, 15, 5] = 1.0  94.65
y[5, 20, 7, 9, 11, 30, 24, 26, 5] = 1.0  89.67
y[5, 14, 21, 13, 12, 5] = 0.5  53.42
true  5
-------------Iter CG 2-------------
LP Objective Value = 458.12,   sum y = 5.0
x[1, 2, 5, 1],  93.16
y[5, 8, 25, 27, 22, 6, 5] = 0.5  91.16
y[5, 23, 5] = 0.5  16.0
y[5, 8, 25, 27, 22, 6, 10, 5] = 0.5  92.46
y[5, 23, 21, 18, 5] = 0.5  50.51
y[5, 14, 13, 10, 18, 12, 5] = 0.5  57.72
y[5, 16, 17, 28, 19, 29, 15, 5] = 1.0  94.65
y[5, 20, 7, 9, 11, 30, 24, 26, 5] = 1.0  89.67
y[5, 14, 21, 13, 12, 5] = 0.5  53.42
true  5
-------------Iter CG 3-------------
LP Objective Value = 458.12,   sum y = 5.0
x[1, 2, 5, 1],  93.16
y[5, 8, 25, 27, 22, 6, 5] = 0.5  91.16
y[5, 23, 5] = 0.5  16.0
y[5, 8, 25, 27, 22, 6, 10, 5] = 0.5  92.46
y[5, 23, 21, 18, 5] = 0.5  50.51
y[5, 14, 13, 10, 18, 12, 5] = 0.5  57.72
y[5, 16, 17, 28, 19, 29, 15, 5] = 1.0  94.65
y[5, 20, 7, 9, 11, 30, 24, 26, 5] = 1.0  89.67
y[5, 14, 21, 13, 12, 5] = 0.5  53.42
true  8
-------------Iter CG 4-------------
LP Objective Value = 458.12,   sum y = 5.0
x[1, 2, 5, 1],  93.16
y[5, 8, 25, 27, 22, 6, 5] = 0.5  91.16
y[5, 23, 5] = 0.5  16.0
y[5, 8, 25, 27, 22, 6, 10, 5] = 0.5  92.46
y[5, 23, 21, 18, 5] = 0.5  50.51
y[5, 14, 13, 10, 18, 12, 5] = 0.5  57.72
y[5, 16, 17, 28, 19, 29, 15, 5] = 1.0  94.65
y[5, 20, 7, 9, 11, 30, 24, 26, 5] = 1.0  89.67
y[5, 14, 21, 13, 12, 5] = 0.5  53.42
false  0

Solve a child node 62
   + Customers MUST      served together:  (12, 14)  
   + Customers FORBIDDEN served together:  (6, 18)  (6, 28)  (12, 13)  (8, 13)  (16, 20)  
   # Total number of 2e routes cannot UNDER:   5  

-------------Iter CG 1-------------
LP Objective Value = 462.86,   sum y = 5.0
x[1, 2, 5, 1],  93.16
y[5, 18, 12, 21, 14, 5] = 0.36  43.12
y[5, 23, 5] = 0.64  16.0
y[5, 16, 17, 28, 19, 29, 7, 15, 5] = 0.36  99.26
y[5, 8, 25, 27, 22, 6, 10, 5] = 0.55  92.46
y[5, 13, 25, 6, 26, 15, 5] = 0.09  84.38
y[5, 15, 6, 24, 22, 27, 8, 5] = 0.18  96.39
y[5, 13, 21, 5] = 0.09  50.01
y[5, 13, 6, 24, 30, 11, 5] = 0.09  95.87
y[5, 17, 29, 28, 19, 7, 9, 15, 5] = 0.09  105.0
y[5, 21, 13, 23, 5] = 0.36  57.03
y[5, 13, 27, 22, 24, 26, 5] = 0.09  95.64
y[5, 16, 17, 18, 12, 14, 5] = 0.45  60.07
y[5, 8, 25, 24, 26, 15, 5] = 0.18  86.29
y[5, 8, 25, 27, 22, 6, 20, 5] = 0.09  98.32
y[5, 21, 13, 10, 18, 5] = 0.18  57.05
y[5, 13, 25, 27, 22, 10, 5] = 0.09  90.21
y[5, 20, 29, 28, 19, 9, 11, 30, 5] = 0.45  114.67
y[5, 26, 24, 30, 11, 9, 7, 20, 5] = 0.45  89.67
y[5, 16, 17, 15, 26, 10, 12, 14, 5] = 0.09  72.67
y[5, 16, 28, 19, 29, 7, 26, 10, 12, 14, 5] = 0.09  108.65
false  0
Exceed Upper Bound, prune

================Iteration 32 of B&P for SP1 [1, 2, 5, 1] parkings[5]================
Display selected node 61, parent node 11: from 5 nodes
- Branching node in depth: 7
   + Customers MUST      served together:  (12, 13)  (12, 14)  
   + Customers FORBIDDEN served together:  (6, 18)  (6, 28)  (8, 13)  (16, 20)  
   # Total number of 2e routes cannot UNDER:   5  

  Branching node with fractional score: 3.0
  Branching node with cg lower bound: 458.12
  Branching node with LB reduction: 0.27
  Branching node with FS reduction: 0.0
  Total reduction: 0.64

Solve a child node 63
   + Customers MUST      served together:  (12, 13)  (12, 14)  (12, 21)  
   + Customers FORBIDDEN served together:  (6, 18)  (6, 28)  (8, 13)  (16, 20)  
   # Total number of 2e routes cannot UNDER:   5  

-------------Iter CG 1-------------
LP Objective Value = 463.03,   sum y = 5.0
x[1, 2, 5, 1],  93.16
y[5, 16, 28, 19, 7, 11, 30, 24, 15, 5] = 0.1  115.46
y[5, 23, 5] = 0.7  16.0
y[5, 16, 28, 19, 9, 11, 30, 24, 5] = 0.3  112.42
y[5, 8, 25, 27, 22, 6, 10, 5] = 0.9  92.46
y[5, 17, 29, 28, 19, 7, 23, 5] = 0.1  107.97
y[5, 20, 9, 30, 24, 26, 15, 5] = 0.1  88.68
y[5, 23, 29, 19, 28, 17, 5] = 0.2  102.05
y[5, 8, 25, 27, 22, 15, 5] = 0.1  92.81
y[5, 16, 28, 19, 7, 9, 11, 26, 18, 5] = 0.1  108.08
y[5, 16, 29, 28, 19, 7, 26, 18, 5] = 0.2  103.31
y[5, 14, 21, 13, 12, 5] = 1.0  53.42
y[5, 16, 17, 15, 26, 18, 5] = 0.2  68.97
y[5, 10, 6, 24, 30, 11, 9, 7, 16, 5] = 0.1  94.09
y[5, 18, 15, 20, 29, 17, 5] = 0.5  73.73
y[5, 26, 24, 30, 11, 9, 7, 20, 5] = 0.4  89.67
true  46
-------------Iter CG 2-------------
LP Objective Value = 461.2,   sum y = 5.0
x[1, 2, 5, 1],  93.16
y[5, 16, 28, 19, 7, 11, 30, 24, 15, 5] = 0.14  115.46
y[5, 16, 29, 7, 9, 11, 24, 26, 5] = 0.09  90.12
y[5, 23, 5] = 0.73  16.0
y[5, 16, 28, 19, 9, 11, 30, 24, 5] = 0.27  112.42
y[5, 8, 25, 27, 22, 6, 10, 5] = 1.0  92.46
y[5, 16, 29, 7, 9, 24, 26, 15, 5] = 0.05  90.22
y[5, 16, 28, 19, 7, 9, 11, 30, 26, 5] = 0.14  113.28
y[5, 23, 18, 15, 17, 5] = 0.14  72.88
y[5, 17, 28, 19, 29, 20, 18, 5] = 0.32  97.66
y[5, 14, 21, 13, 12, 5] = 1.0  53.42
y[5, 16, 17, 15, 26, 18, 5] = 0.23  68.97
y[5, 18, 15, 20, 29, 17, 5] = 0.18  73.73
y[5, 16, 29, 7, 9, 30, 24, 5] = 0.09  94.08
y[5, 23, 18, 15, 29, 20, 5] = 0.14  81.77
y[5, 26, 24, 30, 11, 9, 7, 20, 5] = 0.36  89.67
y[5, 17, 29, 28, 19, 7, 26, 15, 5] = 0.14  102.46
true  6
-------------Iter CG 3-------------
LP Objective Value = 460.82,   sum y = 5.0
x[1, 2, 5, 1],  93.16
y[5, 23, 5] = 0.71  16.0
y[5, 16, 28, 19, 9, 11, 30, 24, 5] = 0.43  112.42
y[5, 23, 18, 15, 7, 29, 20, 5] = 0.14  86.38
y[5, 8, 25, 27, 22, 6, 10, 5] = 0.93  92.46
y[5, 16, 17, 29, 28, 19, 7, 15, 5] = 0.14  96.94
y[5, 8, 25, 27, 22, 15, 5] = 0.07  92.81
y[5, 16, 29, 28, 19, 7, 9, 24, 26, 5] = 0.07  113.44
y[5, 23, 18, 15, 17, 5] = 0.07  72.88
y[5, 29, 7, 9, 11, 30, 26, 5] = 0.07  91.54
y[5, 17, 28, 19, 29, 20, 18, 5] = 0.29  97.66
y[5, 14, 21, 13, 12, 5] = 1.0  53.42
y[5, 16, 17, 15, 26, 18, 5] = 0.36  68.97
y[5, 18, 15, 20, 29, 17, 5] = 0.07  73.73
y[5, 23, 18, 15, 29, 20, 5] = 0.07  81.77
y[5, 26, 24, 30, 11, 9, 7, 20, 5] = 0.43  89.67
y[5, 29, 7, 11, 30, 24, 6, 10, 5] = 0.07  93.95
y[5, 17, 29, 28, 19, 7, 26, 15, 5] = 0.07  102.46
true  1
-------------Iter CG 4-------------
LP Objective Value = 460.82,   sum y = 5.0
x[1, 2, 5, 1],  93.16
y[5, 23, 5] = 0.71  16.0
y[5, 16, 28, 19, 9, 11, 30, 24, 5] = 0.43  112.42
y[5, 23, 18, 15, 7, 29, 20, 5] = 0.14  86.38
y[5, 8, 25, 27, 22, 6, 10, 5] = 0.93  92.46
y[5, 16, 17, 29, 28, 19, 7, 15, 5] = 0.14  96.94
y[5, 8, 25, 27, 22, 15, 5] = 0.07  92.81
y[5, 16, 29, 28, 19, 7, 9, 24, 26, 5] = 0.07  113.44
y[5, 23, 18, 15, 17, 5] = 0.07  72.88
y[5, 29, 7, 9, 11, 30, 26, 5] = 0.07  91.54
y[5, 17, 28, 19, 29, 20, 18, 5] = 0.29  97.66
y[5, 14, 21, 13, 12, 5] = 1.0  53.42
y[5, 16, 17, 15, 26, 18, 5] = 0.36  68.97
y[5, 18, 15, 20, 29, 17, 5] = 0.07  73.73
y[5, 23, 18, 15, 29, 20, 5] = 0.07  81.77
y[5, 26, 24, 30, 11, 9, 7, 20, 5] = 0.43  89.67
y[5, 29, 7, 11, 30, 24, 6, 10, 5] = 0.07  93.95
y[5, 17, 29, 28, 19, 7, 26, 15, 5] = 0.07  102.46
false  0
Exceed Upper Bound, prune

Solve a child node 64
   + Customers MUST      served together:  (12, 13)  (12, 14)  
   + Customers FORBIDDEN served together:  (6, 18)  (6, 28)  (8, 13)  (16, 20)  (12, 21)  
   # Total number of 2e routes cannot UNDER:   5  

-------------Iter CG 1-------------
LP Objective Value = 465.41,   sum y = 5.0
x[1, 2, 5, 1],  93.16
y[5, 8, 25, 27, 22, 6, 5] = 1.0  91.16
y[5, 14, 13, 10, 18, 12, 5] = 1.0  57.72
y[5, 16, 17, 28, 19, 29, 15, 5] = 1.0  94.65
y[5, 21, 23, 5] = 1.0  39.05
y[5, 26, 24, 30, 11, 9, 7, 20, 5] = 1.0  89.67
true  1
-------------Iter CG 2-------------
LP Objective Value = 465.41,   sum y = 5.0
x[1, 2, 5, 1],  93.16
y[5, 8, 25, 27, 22, 6, 5] = 1.0  91.16
y[5, 14, 13, 10, 18, 12, 5] = 1.0  57.72
y[5, 16, 17, 28, 19, 29, 15, 5] = 1.0  94.65
y[5, 21, 23, 5] = 1.0  39.05
y[5, 26, 24, 30, 11, 9, 7, 20, 5] = 1.0  89.67
false  0
Exceed Upper Bound, prune

================Iteration 33 of B&P for SP1 [1, 2, 5, 1] parkings[5]================
Display selected node 18, parent node 15: from 4 nodes
- Branching node in depth: 5
   + Customers MUST      served together:  (28, 29)  (16, 20)  (7, 29)  
   + Customers FORBIDDEN served together:  (8, 22)  
   # Total number of 2e routes cannot UNDER:   5  

  Branching node with fractional score: 5.0
  Branching node with cg lower bound: 455.92
  Branching node with LB reduction: 0.5
  Branching node with FS reduction: 0.2
  Total reduction: 1.34

Solve a child node 65
   + Customers MUST      served together:  (28, 29)  (16, 24)  (16, 20)  (7, 29)  
   + Customers FORBIDDEN served together:  (8, 22)  
   # Total number of 2e routes cannot UNDER:   5  

-------------Iter CG 1-------------
LP Objective Value = 462.17,   sum y = 5.0
x[1, 2, 5, 1],  93.16
y[5, 18, 12, 21, 14, 5] = 0.31  43.12
y[5, 14, 21, 13, 8, 5] = 0.23  66.34
y[5, 23, 5] = 0.85  16.0
y[5, 23, 18, 10, 22, 26, 5] = 0.08  86.27
y[5, 14, 21, 23, 5] = 0.08  39.3
y[5, 16, 20, 9, 11, 30, 24, 6, 5] = 0.77  91.25
y[5, 17, 29, 28, 19, 7, 9, 15, 5] = 0.08  105.0
y[5, 22, 24, 30, 11, 20, 16, 5] = 0.15  97.7
y[5, 14, 13, 8, 10, 18, 5] = 0.38  68.24
y[5, 18, 10, 22, 27, 25, 5] = 0.23  88.96
y[5, 21, 8, 25, 27, 10, 12, 5] = 0.31  83.66
y[5, 21, 8, 25, 27, 6, 5] = 0.08  91.31
y[5, 22, 6, 11, 30, 9, 5] = 0.08  99.46
y[5, 16, 20, 9, 11, 24, 22, 6, 5] = 0.08  97.2
y[5, 12, 22, 27, 25, 13, 5] = 0.38  90.2
y[5, 17, 29, 28, 19, 7, 26, 15, 5] = 0.92  102.46
true  46
-------------Iter CG 2-------------
LP Objective Value = 460.54,   sum y = 5.0
x[1, 2, 5, 1],  93.16
y[5, 18, 12, 21, 14, 5] = 0.29  43.12
y[5, 14, 21, 13, 8, 5] = 0.19  66.34
y[5, 23, 5] = 0.86  16.0
y[5, 14, 21, 23, 5] = 0.1  39.3
y[5, 16, 20, 9, 11, 30, 24, 6, 5] = 0.71  91.25
y[5, 17, 29, 28, 19, 7, 9, 15, 5] = 0.1  105.0
y[5, 22, 24, 30, 11, 20, 16, 5] = 0.19  97.7
y[5, 23, 21, 12, 18, 5] = 0.05  50.87
y[5, 14, 13, 8, 10, 18, 5] = 0.43  68.24
y[5, 18, 10, 22, 27, 25, 5] = 0.24  88.96
y[5, 21, 8, 25, 27, 10, 12, 5] = 0.29  83.66
y[5, 21, 8, 25, 27, 6, 10, 5] = 0.05  92.61
y[5, 21, 8, 25, 27, 6, 5] = 0.05  91.31
y[5, 22, 6, 30, 9, 26, 5] = 0.1  98.21
y[5, 16, 20, 9, 11, 24, 22, 6, 5] = 0.1  97.2
y[5, 12, 22, 27, 25, 13, 5] = 0.38  90.2
y[5, 17, 29, 28, 19, 7, 26, 15, 5] = 0.9  102.46
true  5
-------------Iter CG 3-------------
LP Objective Value = 460.38,   sum y = 5.0
x[1, 2, 5, 1],  93.16
y[5, 18, 12, 21, 14, 5] = 0.21  43.12
y[5, 14, 21, 13, 8, 5] = 0.29  66.34
y[5, 23, 5] = 0.86  16.0
y[5, 14, 21, 23, 5] = 0.14  39.3
y[5, 16, 20, 9, 11, 30, 24, 6, 5] = 0.79  91.25
y[5, 17, 29, 28, 19, 7, 9, 15, 5] = 0.07  105.0
y[5, 22, 24, 30, 11, 20, 16, 5] = 0.14  97.7
y[5, 14, 13, 8, 10, 18, 5] = 0.36  68.24
y[5, 17, 29, 28, 19, 7, 18, 5] = 0.07  99.97
y[5, 22, 6, 26, 15, 18, 12, 5] = 0.07  80.47
y[5, 18, 10, 22, 27, 25, 5] = 0.29  88.96
y[5, 21, 8, 25, 27, 10, 12, 5] = 0.36  83.66
y[5, 22, 6, 30, 9, 26, 5] = 0.07  98.21
y[5, 16, 20, 9, 11, 24, 22, 6, 5] = 0.07  97.2
y[5, 12, 22, 27, 25, 13, 5] = 0.36  90.2
y[5, 17, 29, 28, 19, 7, 26, 15, 5] = 0.86  102.46
false  0
Exceed Upper Bound, prune

Solve a child node 66
   + Customers MUST      served together:  (28, 29)  (16, 20)  (7, 29)  
   + Customers FORBIDDEN served together:  (16, 24)  (8, 22)  
   # Total number of 2e routes cannot UNDER:   5  

-------------Iter CG 1-------------
LP Objective Value = 457.7,   sum y = 5.0
x[1, 2, 5, 1],  93.16
y[5, 18, 12, 21, 14, 5] = 0.25  43.12
y[5, 14, 21, 13, 8, 5] = 0.38  66.34
y[5, 15, 26, 6, 30, 11, 9, 5] = 0.12  88.18
y[5, 23, 5] = 0.62  16.0
y[5, 14, 21, 23, 5] = 0.38  39.3
y[5, 12, 26, 24, 30, 11, 9, 5] = 0.12  87.99
y[5, 20, 7, 19, 28, 29, 17, 16, 5] = 0.5  94.56
y[5, 29, 28, 19, 7, 30, 24, 6, 5] = 0.12  117.06
y[5, 16, 17, 20, 15, 26, 18, 5] = 0.5  69.09
y[5, 29, 28, 19, 7, 9, 11, 30, 5] = 0.25  115.92
y[5, 15, 9, 11, 30, 22, 10, 5] = 0.38  92.13
y[5, 25, 27, 22, 24, 6, 5] = 0.38  94.28
y[5, 29, 28, 19, 7, 9, 11, 24, 6, 5] = 0.12  112.87
y[5, 18, 22, 24, 6, 26, 5] = 0.25  78.07
y[5, 12, 10, 27, 25, 8, 13, 5] = 0.62  85.05
false  0

================Iteration 34 of B&P for SP1 [1, 2, 5, 1] parkings[5]================
Display selected node 66, parent node 18: from 4 nodes
- Branching node in depth: 6
   + Customers MUST      served together:  (28, 29)  (16, 20)  (7, 29)  
   + Customers FORBIDDEN served together:  (16, 24)  (8, 22)  
   # Total number of 2e routes cannot UNDER:   5  

  Branching node with fractional score: 4.5
  Branching node with cg lower bound: 457.7
  Branching node with LB reduction: 0.3
  Branching node with FS reduction: -0.08
  Total reduction: 0.46

Solve a child node 67
   + Customers MUST      served together:  (28, 29)  (16, 20)  (7, 29)  (24, 30)  
   + Customers FORBIDDEN served together:  (16, 24)  (8, 22)  
   # Total number of 2e routes cannot UNDER:   5  

-------------Iter CG 1-------------
LP Objective Value = 463.41,   sum y = 5.0
x[1, 2, 5, 1],  93.16
y[5, 18, 12, 21, 14, 5] = 0.25  43.12
y[5, 14, 21, 13, 8, 5] = 0.5  66.34
y[5, 23, 5] = 0.75  16.0
y[5, 14, 21, 23, 5] = 0.25  39.3
y[5, 6, 24, 11, 30, 22, 10, 5] = 0.5  93.72
y[5, 20, 7, 19, 28, 29, 17, 16, 5] = 0.25  94.56
y[5, 28, 29, 7, 9, 30, 24, 5] = 0.25  116.23
y[5, 17, 29, 28, 19, 7, 9, 15, 5] = 0.25  105.0
y[5, 16, 17, 20, 15, 26, 18, 5] = 0.5  69.09
y[5, 18, 10, 22, 27, 25, 5] = 0.25  88.96
y[5, 12, 10, 27, 25, 8, 13, 5] = 0.25  85.05
y[5, 8, 25, 27, 6, 26, 15, 5] = 0.25  93.0
y[5, 19, 9, 11, 30, 24, 6, 12, 5] = 0.25  100.16
y[5, 16, 28, 19, 29, 7, 9, 11, 26, 20, 5] = 0.25  119.13
y[5, 12, 22, 27, 25, 13, 5] = 0.25  90.2
false  0
Exceed Upper Bound, prune

Solve a child node 68
   + Customers MUST      served together:  (28, 29)  (16, 20)  (7, 29)  
   + Customers FORBIDDEN served together:  (16, 24)  (8, 22)  (24, 30)  
   # Total number of 2e routes cannot UNDER:   5  

-------------Iter CG 1-------------
LP Objective Value = 459.69,   sum y = 5.0
x[1, 2, 5, 1],  93.16
y[5, 18, 12, 21, 14, 5] = 0.1  43.12
y[5, 14, 21, 13, 8, 5] = 0.5  66.34
y[5, 23, 5] = 0.7  16.0
y[5, 14, 21, 23, 5] = 0.3  39.3
y[5, 12, 18, 10, 21, 14, 5] = 0.1  47.11
y[5, 18, 10, 22, 24, 6, 15, 5] = 0.1  79.75
y[5, 20, 7, 19, 28, 29, 17, 16, 5] = 0.2  94.56
y[5, 16, 17, 20, 15, 26, 18, 5] = 0.6  69.09
y[5, 29, 28, 19, 7, 9, 11, 30, 5] = 0.8  115.92
y[5, 12, 10, 22, 24, 6, 26, 15, 5] = 0.3  79.37
y[5, 25, 27, 22, 24, 6, 5] = 0.5  94.28
y[5, 18, 22, 24, 6, 26, 5] = 0.1  78.07
y[5, 12, 10, 27, 25, 8, 13, 5] = 0.5  85.05
y[5, 16, 17, 30, 11, 9, 20, 5] = 0.2  94.95
false  0

================Iteration 35 of B&P for SP1 [1, 2, 5, 1] parkings[5]================
Display selected node 68, parent node 66: from 4 nodes
- Branching node in depth: 7
   + Customers MUST      served together:  (28, 29)  (16, 20)  (7, 29)  
   + Customers FORBIDDEN served together:  (16, 24)  (8, 22)  (24, 30)  
   # Total number of 2e routes cannot UNDER:   5  

  Branching node with fractional score: 3.8
  Branching node with cg lower bound: 459.69
  Branching node with LB reduction: 0.28
  Branching node with FS reduction: -0.1
  Total reduction: 0.44

Solve a child node 69
   + Customers MUST      served together:  (28, 29)  (12, 18)  (16, 20)  (7, 29)  
   + Customers FORBIDDEN served together:  (16, 24)  (8, 22)  (24, 30)  
   # Total number of 2e routes cannot UNDER:   5  

-------------Iter CG 1-------------
LP Objective Value = 463.61,   sum y = 5.0
x[1, 2, 5, 1],  93.16
y[5, 14, 21, 13, 8, 5] = 0.5  66.34
y[5, 12, 18, 10, 22, 24, 26, 5] = 0.5  78.19
y[5, 15, 26, 6, 30, 11, 9, 5] = 0.5  88.18
y[5, 23, 5] = 0.5  16.0
y[5, 14, 21, 23, 5] = 0.5  39.3
y[5, 20, 7, 19, 28, 29, 17, 16, 5] = 0.5  94.56
y[5, 29, 28, 19, 7, 9, 11, 30, 5] = 0.5  115.92
y[5, 16, 17, 20, 15, 18, 12, 5] = 0.5  63.1
y[5, 25, 27, 22, 24, 6, 5] = 0.5  94.28
y[5, 10, 27, 25, 8, 13, 5] = 0.5  85.04
false  0
Exceed Upper Bound, prune

Solve a child node 70
   + Customers MUST      served together:  (28, 29)  (16, 20)  (7, 29)  
   + Customers FORBIDDEN served together:  (12, 18)  (16, 24)  (8, 22)  (24, 30)  
   # Total number of 2e routes cannot UNDER:   5  

-------------Iter CG 1-------------
LP Objective Value = 460.24,   sum y = 5.0
x[1, 2, 5, 1],  93.16
y[5, 14, 21, 13, 8, 5] = 0.38  66.34
y[5, 23, 5] = 0.62  16.0
y[5, 14, 21, 23, 5] = 0.38  39.3
y[5, 18, 10, 22, 24, 6, 15, 5] = 0.12  79.75
y[5, 20, 7, 19, 28, 29, 17, 16, 5] = 0.25  94.56
y[5, 16, 17, 20, 15, 26, 18, 5] = 0.5  69.09
y[5, 29, 28, 19, 7, 9, 11, 30, 5] = 0.75  115.92
y[5, 12, 10, 22, 24, 6, 26, 15, 5] = 0.38  79.37
y[5, 25, 27, 22, 24, 6, 5] = 0.38  94.28
y[5, 14, 21, 18, 5] = 0.25  42.75
y[5, 18, 22, 24, 6, 26, 5] = 0.12  78.07
y[5, 12, 10, 27, 25, 8, 13, 5] = 0.5  85.05
y[5, 16, 17, 30, 11, 9, 20, 5] = 0.25  94.95
y[5, 12, 8, 25, 27, 13, 5] = 0.12  84.35
false  0
Exceed Upper Bound, prune

================Iteration 36 of B&P for SP1 [1, 2, 5, 1] parkings[5]================
Display selected node 9, parent node 8: from 3 nodes
- Branching node in depth: 5
   + Customers MUST      served together:  (8, 13)  
   + Customers FORBIDDEN served together:  (6, 18)  (6, 28)  (16, 20)  
   # Total number of 2e routes cannot UNDER:   5  

  Branching node with fractional score: 4.0
  Branching node with cg lower bound: 455.49
  Branching node with LB reduction: 0.64
  Branching node with FS reduction: 0.08
  Total reduction: 1.37

Solve a child node 71
   + Customers MUST      served together:  (8, 13)  (6, 20)  
   + Customers FORBIDDEN served together:  (6, 18)  (6, 28)  (16, 20)  
   # Total number of 2e routes cannot UNDER:   5  

-------------Iter CG 1-------------
LP Objective Value = 459.44,   sum y = 5.0
x[1, 2, 5, 1],  93.16
y[5, 18, 12, 21, 14, 5] = 0.15  43.12
y[5, 12, 6, 24, 30, 11, 9, 7, 20, 5] = 0.5  90.47
y[5, 23, 5] = 0.7  16.0
y[5, 14, 21, 23, 5] = 0.15  39.3
y[5, 15, 26, 6, 24, 11, 9, 20, 5] = 0.05  85.32
y[5, 16, 28, 19, 9, 11, 30, 24, 5] = 0.05  112.42
y[5, 13, 25, 8, 14, 5] = 0.5  69.96
y[5, 12, 18, 10, 21, 14, 5] = 0.2  47.11
y[5, 16, 17, 15, 26, 10, 18, 5] = 0.15  71.35
y[5, 23, 21, 12, 18, 5] = 0.15  50.87
y[5, 20, 7, 9, 11, 30, 24, 6, 5] = 0.25  89.65
y[5, 21, 18, 10, 26, 7, 19, 28, 16, 5] = 0.1  106.95
y[5, 6, 24, 30, 11, 29, 20, 5] = 0.1  93.15
y[5, 17, 29, 28, 19, 9, 26, 5] = 0.1  105.09
y[5, 20, 7, 30, 24, 6, 26, 15, 5] = 0.05  91.61
y[5, 26, 22, 27, 8, 13, 5] = 0.5  93.52
y[5, 18, 10, 22, 27, 25, 5] = 0.25  88.96
y[5, 16, 17, 28, 19, 29, 15, 5] = 0.7  94.65
y[5, 20, 29, 7, 9, 11, 30, 6, 10, 5] = 0.05  94.62
y[5, 17, 29, 28, 19, 7, 26, 15, 5] = 0.05  102.46
y[5, 21, 25, 27, 22, 10, 5] = 0.25  88.99
true  6
-------------Iter CG 2-------------
LP Objective Value = 458.88,   sum y = 5.0
x[1, 2, 5, 1],  93.16
y[5, 18, 12, 21, 14, 5] = 0.23  43.12
y[5, 12, 6, 24, 30, 11, 9, 7, 20, 5] = 0.27  90.47
y[5, 12, 18, 10, 22, 24, 26, 5] = 0.08  78.19
y[5, 23, 5] = 0.65  16.0
y[5, 14, 21, 23, 5] = 0.15  39.3
y[5, 15, 26, 6, 24, 11, 9, 20, 5] = 0.08  85.32
y[5, 13, 25, 8, 14, 5] = 0.46  69.96
y[5, 12, 18, 10, 21, 14, 5] = 0.15  47.11
y[5, 16, 17, 15, 26, 10, 18, 5] = 0.08  71.35
y[5, 23, 21, 12, 18, 5] = 0.19  50.87
y[5, 16, 28, 19, 11, 30, 24, 26, 5] = 0.08  112.63
y[5, 20, 7, 9, 11, 30, 24, 6, 5] = 0.42  89.65
y[5, 17, 29, 28, 19, 9, 26, 5] = 0.08  105.09
y[5, 20, 7, 30, 24, 6, 26, 15, 5] = 0.08  91.61
y[5, 26, 22, 27, 8, 13, 5] = 0.46  93.52
y[5, 18, 10, 22, 27, 25, 5] = 0.19  88.96
y[5, 16, 17, 28, 19, 29, 15, 5] = 0.77  94.65
y[5, 20, 29, 7, 9, 11, 30, 6, 10, 5] = 0.15  94.62
y[5, 12, 10, 27, 25, 8, 13, 5] = 0.08  85.05
y[5, 16, 17, 28, 19, 7, 26, 18, 5] = 0.08  99.65
y[5, 21, 25, 27, 22, 10, 5] = 0.27  88.99
false  0

Solve a child node 72
   + Customers MUST      served together:  (8, 13)  
   + Customers FORBIDDEN served together:  (6, 18)  (6, 28)  (16, 20)  (6, 20)  
   # Total number of 2e routes cannot UNDER:   5  

-------------Iter CG 1-------------
LP Objective Value = 454.93,   sum y = 5.0
x[1, 2, 5, 1],  93.16
y[5, 18, 12, 21, 14, 5] = 0.5  43.12
y[5, 23, 5] = 0.67  16.0
y[5, 14, 21, 23, 5] = 0.33  39.3
y[5, 26, 6, 22, 8, 13, 5] = 0.5  83.62
y[5, 16, 28, 19, 9, 11, 30, 24, 5] = 0.17  112.42
y[5, 16, 17, 29, 28, 19, 7, 15, 5] = 0.5  96.94
y[5, 16, 17, 15, 26, 10, 18, 5] = 0.17  71.35
y[5, 25, 27, 22, 24, 6, 5] = 0.33  94.28
y[5, 20, 7, 9, 11, 30, 24, 26, 5] = 0.33  89.67
y[5, 12, 10, 27, 25, 8, 13, 5] = 0.5  85.05
y[5, 17, 20, 15, 18, 14, 5] = 0.17  64.02
y[5, 10, 6, 24, 30, 11, 9, 7, 16, 5] = 0.17  94.09
y[5, 18, 15, 20, 29, 17, 5] = 0.17  73.73
y[5, 20, 29, 28, 19, 9, 11, 30, 5] = 0.33  114.67
y[5, 21, 25, 27, 22, 10, 5] = 0.17  88.99
false  0

================Iteration 37 of B&P for SP1 [1, 2, 5, 1] parkings[5]================
Display selected node 72, parent node 9: from 4 nodes
- Branching node in depth: 6
   + Customers MUST      served together:  (8, 13)  
   + Customers FORBIDDEN served together:  (6, 18)  (6, 28)  (16, 20)  (6, 20)  
   # Total number of 2e routes cannot UNDER:   5  

  Branching node with fractional score: 4.67
  Branching node with cg lower bound: 454.93
  Branching node with LB reduction: -0.09
  Branching node with FS reduction: 0.11
  Total reduction: 0.04

Solve a child node 73
   + Customers MUST      served together:  (16, 24)  (8, 13)  
   + Customers FORBIDDEN served together:  (6, 18)  (6, 28)  (16, 20)  (6, 20)  
   # Total number of 2e routes cannot UNDER:   5  

-------------Iter CG 1-------------
LP Objective Value = 460.23,   sum y = 5.0
x[1, 2, 5, 1],  93.16
y[5, 18, 12, 21, 14, 5] = 0.44  43.12
y[5, 17, 20, 22, 27, 25, 5] = 0.12  102.99
y[5, 23, 5] = 0.73  16.0
y[5, 14, 21, 23, 5] = 0.27  39.3
y[5, 26, 6, 22, 8, 13, 5] = 0.42  83.62
y[5, 16, 28, 19, 9, 11, 30, 24, 5] = 0.17  112.42
y[5, 15, 6, 22, 27, 25, 5] = 0.08  93.25
y[5, 13, 25, 8, 14, 5] = 0.06  69.96
y[5, 16, 29, 7, 9, 24, 26, 15, 5] = 0.04  90.22
y[5, 16, 28, 19, 11, 30, 24, 26, 5] = 0.19  112.63
y[5, 17, 20, 29, 28, 19, 7, 15, 5] = 0.13  100.74
y[5, 6, 24, 30, 11, 9, 7, 16, 5] = 0.23  92.79
y[5, 16, 29, 28, 19, 7, 9, 24, 26, 5] = 0.12  113.44
y[5, 16, 28, 19, 7, 9, 11, 24, 22, 10, 5] = 0.04  117.86
y[5, 12, 26, 30, 9, 7, 29, 20, 5] = 0.04  93.86
y[5, 12, 10, 27, 25, 8, 13, 5] = 0.46  85.05
y[5, 17, 20, 15, 18, 14, 5] = 0.23  64.02
y[5, 10, 6, 24, 30, 11, 9, 7, 16, 5] = 0.21  94.09
y[5, 18, 15, 20, 29, 17, 5] = 0.33  73.73
y[5, 20, 29, 28, 19, 9, 11, 30, 5] = 0.15  114.67
y[5, 13, 8, 27, 22, 6, 12, 5] = 0.06  93.78
y[5, 17, 29, 28, 19, 7, 26, 15, 5] = 0.19  102.46
y[5, 21, 25, 27, 22, 10, 5] = 0.29  88.99
true  1
-------------Iter CG 2-------------
LP Objective Value = 457.95,   sum y = 5.0
x[1, 2, 5, 1],  93.16
y[5, 18, 12, 21, 14, 5] = 0.55  43.12
y[5, 17, 20, 22, 27, 25, 5] = 0.03  102.99
y[5, 23, 5] = 0.7  16.0
y[5, 14, 21, 23, 5] = 0.3  39.3
y[5, 26, 6, 22, 8, 13, 5] = 0.33  83.62
y[5, 16, 28, 19, 9, 11, 30, 24, 5] = 0.39  112.42
y[5, 13, 25, 8, 14, 5] = 0.15  69.96
y[5, 20, 29, 7, 11, 30, 22, 5] = 0.03  98.98
y[5, 17, 20, 29, 28, 19, 7, 15, 5] = 0.06  100.74
y[5, 6, 24, 30, 11, 9, 7, 16, 5] = 0.09  92.79
y[5, 17, 28, 19, 29, 20, 5] = 0.12  87.64
y[5, 26, 22, 27, 8, 13, 5] = 0.06  93.52
y[5, 17, 28, 19, 29, 20, 18, 5] = 0.12  97.66
y[5, 12, 10, 27, 25, 8, 13, 5] = 0.36  85.05
y[5, 16, 17, 29, 7, 9, 24, 5] = 0.03  88.78
y[5, 20, 15, 26, 22, 27, 25, 5] = 0.3  98.31
y[5, 10, 6, 24, 30, 11, 9, 7, 16, 5] = 0.48  94.09
y[5, 18, 15, 20, 29, 17, 5] = 0.33  73.73
y[5, 13, 8, 27, 22, 6, 12, 5] = 0.09  93.78
y[5, 17, 29, 28, 19, 7, 26, 15, 5] = 0.3  102.46
y[5, 21, 25, 27, 22, 10, 5] = 0.15  88.99
false  0

Solve a child node 74
   + Customers MUST      served together:  (8, 13)  
   + Customers FORBIDDEN served together:  (6, 18)  (6, 28)  (16, 24)  (16, 20)  (6, 20)  
   # Total number of 2e routes cannot UNDER:   5  

-------------Iter CG 1-------------
LP Objective Value = 455.57,   sum y = 5.0
x[1, 2, 5, 1],  93.16
y[5, 18, 12, 21, 14, 5] = 0.44  43.12
y[5, 15, 26, 6, 30, 11, 9, 5] = 0.01  88.18
y[5, 23, 5] = 0.66  16.0
y[5, 13, 8, 27, 22, 6, 10, 5] = 0.27  94.26
y[5, 14, 21, 23, 5] = 0.27  39.3
y[5, 26, 6, 22, 8, 13, 5] = 0.14  83.62
y[5, 16, 15, 6, 22, 27, 25, 5] = 0.06  100.74
y[5, 16, 17, 29, 28, 19, 7, 15, 5] = 0.51  96.94
y[5, 13, 25, 8, 14, 5] = 0.27  69.96
y[5, 16, 17, 15, 26, 10, 18, 5] = 0.21  71.35
y[5, 23, 21, 12, 18, 5] = 0.07  50.87
y[5, 12, 10, 22, 24, 6, 26, 15, 5] = 0.15  79.37
y[5, 15, 9, 11, 30, 22, 10, 5] = 0.03  92.13
y[5, 25, 27, 22, 24, 6, 5] = 0.35  94.28
y[5, 7, 9, 11, 30, 24, 6, 10, 12, 5] = 0.01  90.87
y[5, 20, 7, 9, 11, 30, 24, 26, 5] = 0.48  89.67
y[5, 17, 28, 19, 29, 20, 18, 5] = 0.03  97.66
y[5, 12, 10, 27, 25, 8, 13, 5] = 0.32  85.05
y[5, 17, 20, 15, 18, 14, 5] = 0.03  64.02
y[5, 20, 29, 28, 19, 9, 11, 30, 5] = 0.46  114.67
y[5, 16, 17, 18, 21, 5] = 0.23  63.48
false  0

================Iteration 38 of B&P for SP1 [1, 2, 5, 1] parkings[5]================
Display selected node 74, parent node 72: from 5 nodes
- Branching node in depth: 7
   + Customers MUST      served together:  (8, 13)  
   + Customers FORBIDDEN served together:  (6, 18)  (6, 28)  (16, 24)  (16, 20)  (6, 20)  
   # Total number of 2e routes cannot UNDER:   5  

  Branching node with fractional score: 4.66
  Branching node with cg lower bound: 455.57
  Branching node with LB reduction: 0.09
  Branching node with FS reduction: -0.0
  Total reduction: 0.21

Solve a child node 75
   + Customers MUST      served together:  (8, 13)  (6, 15)  
   + Customers FORBIDDEN served together:  (6, 18)  (6, 28)  (16, 24)  (16, 20)  (6, 20)  
   # Total number of 2e routes cannot UNDER:   5  

-------------Iter CG 1-------------
LP Objective Value = 461.48,   sum y = 5.0
x[1, 2, 5, 1],  93.16
y[5, 18, 12, 21, 14, 5] = 0.18  43.12
y[5, 14, 21, 13, 8, 5] = 0.06  66.34
y[5, 23, 5] = 0.59  16.0
y[5, 29, 7, 9, 30, 22, 10, 5] = 0.12  98.48
y[5, 14, 21, 23, 5] = 0.41  39.3
y[5, 16, 15, 6, 22, 27, 25, 5] = 0.29  100.74
y[5, 15, 9, 11, 24, 6, 22, 5] = 0.12  92.11
y[5, 16, 29, 7, 11, 30, 6, 15, 5] = 0.12  96.38
y[5, 17, 29, 19, 28, 16, 5] = 0.35  88.04
y[5, 13, 25, 8, 14, 5] = 0.18  69.96
y[5, 7, 9, 11, 30, 6, 26, 15, 5] = 0.18  91.62
y[5, 20, 28, 19, 7, 9, 11, 30, 24, 5] = 0.24  116.99
y[5, 14, 13, 8, 10, 18, 5] = 0.06  68.24
y[5, 12, 10, 22, 24, 6, 26, 15, 5] = 0.29  79.37
y[5, 26, 22, 27, 8, 13, 5] = 0.18  93.52
y[5, 14, 21, 18, 5] = 0.12  42.75
y[5, 20, 7, 9, 11, 30, 24, 26, 5] = 0.35  89.67
y[5, 17, 28, 19, 29, 20, 18, 5] = 0.41  97.66
y[5, 12, 10, 27, 25, 8, 13, 5] = 0.53  85.05
y[5, 16, 17, 18, 21, 5] = 0.24  63.48
false  0
Exceed Upper Bound, prune

Solve a child node 76
   + Customers MUST      served together:  (8, 13)  
   + Customers FORBIDDEN served together:  (6, 18)  (6, 28)  (16, 24)  (16, 20)  (6, 20)  (6, 15)  
   # Total number of 2e routes cannot UNDER:   5  

-------------Iter CG 1-------------
LP Objective Value = 456.15,   sum y = 5.0
x[1, 2, 5, 1],  93.16
y[5, 18, 12, 21, 14, 5] = 0.51  43.12
y[5, 15, 9, 11, 30, 24, 20, 5] = 0.05  91.98
y[5, 23, 5] = 0.66  16.0
y[5, 14, 21, 23, 5] = 0.23  39.3
y[5, 26, 6, 22, 8, 13, 5] = 0.26  83.62
y[5, 16, 17, 29, 28, 19, 7, 15, 5] = 0.62  96.94
y[5, 16, 17, 15, 26, 10, 18, 5] = 0.2  71.35
y[5, 23, 21, 12, 18, 16, 5] = 0.03  64.78
y[5, 23, 21, 12, 18, 5] = 0.08  50.87
y[5, 10, 6, 22, 27, 8, 13, 5] = 0.23  94.26
y[5, 10, 26, 24, 30, 11, 9, 20, 5] = 0.17  90.91
y[5, 15, 9, 11, 30, 22, 10, 5] = 0.02  92.13
y[5, 14, 8, 25, 13, 5] = 0.23  69.96
y[5, 25, 27, 22, 24, 6, 5] = 0.4  94.28
y[5, 7, 9, 11, 30, 24, 6, 10, 12, 5] = 0.11  90.87
y[5, 12, 10, 27, 25, 8, 13, 5] = 0.28  85.05
y[5, 17, 20, 15, 18, 14, 5] = 0.03  64.02
y[5, 20, 15, 26, 22, 27, 25, 5] = 0.09  98.31
y[5, 20, 29, 28, 19, 9, 11, 30, 5] = 0.38  114.67
y[5, 26, 24, 30, 11, 9, 7, 20, 5] = 0.28  89.67
y[5, 16, 17, 18, 21, 5] = 0.15  63.48
false  0

================Iteration 39 of B&P for SP1 [1, 2, 5, 1] parkings[5]================
Display selected node 76, parent node 74: from 5 nodes
- Branching node in depth: 8
   + Customers MUST      served together:  (8, 13)  
   + Customers FORBIDDEN served together:  (6, 18)  (6, 28)  (16, 24)  (16, 20)  (6, 20)  (6, 15)  
   # Total number of 2e routes cannot UNDER:   5  

  Branching node with fractional score: 4.43
  Branching node with cg lower bound: 456.15
  Branching node with LB reduction: 0.07
  Branching node with FS reduction: -0.03
  Total reduction: 0.11

Solve a child node 77
   + Customers MUST      served together:  (8, 13)  (20, 30)  
   + Customers FORBIDDEN served together:  (6, 18)  (6, 28)  (16, 24)  (16, 20)  (6, 20)  (6, 15)  
   # Total number of 2e routes cannot UNDER:   5  

-------------Iter CG 1-------------
LP Objective Value = 456.52,   sum y = 5.0
x[1, 2, 5, 1],  93.16
y[5, 12, 26, 30, 11, 9, 15, 20, 5] = 0.07  92.31
y[5, 18, 12, 21, 14, 5] = 0.21  43.12
y[5, 15, 9, 11, 30, 24, 20, 5] = 0.07  91.98
y[5, 23, 5] = 0.64  16.0
y[5, 14, 21, 23, 5] = 0.29  39.3
y[5, 26, 6, 22, 8, 13, 5] = 0.29  83.62
y[5, 16, 17, 29, 28, 19, 7, 15, 5] = 0.57  96.94
y[5, 12, 18, 10, 21, 14, 5] = 0.29  47.11
y[5, 16, 17, 15, 26, 10, 18, 5] = 0.21  71.35
y[5, 23, 21, 12, 18, 5] = 0.07  50.87
y[5, 10, 6, 22, 27, 8, 13, 5] = 0.21  94.26
y[5, 14, 8, 25, 13, 5] = 0.21  69.96
y[5, 25, 27, 22, 24, 6, 5] = 0.5  94.28
y[5, 16, 17, 15, 18, 12, 5] = 0.07  62.98
y[5, 12, 10, 27, 25, 8, 13, 5] = 0.29  85.05
y[5, 20, 29, 28, 19, 9, 11, 30, 5] = 0.43  114.67
y[5, 26, 24, 30, 11, 9, 7, 20, 5] = 0.43  89.67
y[5, 16, 17, 18, 21, 5] = 0.14  63.48
true  2
-------------Iter CG 2-------------
LP Objective Value = 456.31,   sum y = 5.0
x[1, 2, 5, 1],  93.16
y[5, 18, 12, 21, 14, 5] = 0.29  43.12
y[5, 15, 9, 11, 30, 24, 20, 5] = 0.08  91.98
y[5, 23, 5] = 0.62  16.0
y[5, 13, 8, 27, 22, 6, 10, 5] = 0.21  94.26
y[5, 14, 21, 23, 5] = 0.33  39.3
y[5, 26, 6, 22, 8, 13, 5] = 0.29  83.62
y[5, 16, 17, 29, 28, 19, 7, 15, 5] = 0.54  96.94
y[5, 13, 25, 8, 14, 5] = 0.17  69.96
y[5, 12, 18, 10, 21, 14, 5] = 0.21  47.11
y[5, 16, 17, 15, 26, 10, 18, 5] = 0.25  71.35
y[5, 23, 21, 12, 18, 5] = 0.04  50.87
y[5, 25, 27, 22, 24, 6, 5] = 0.46  94.28
y[5, 6, 22, 25, 21, 5] = 0.04  82.96
y[5, 16, 17, 15, 18, 12, 5] = 0.12  62.98
y[5, 12, 10, 27, 25, 8, 13, 5] = 0.33  85.05
y[5, 20, 29, 28, 19, 9, 11, 30, 5] = 0.46  114.67
y[5, 26, 24, 30, 11, 9, 7, 20, 5] = 0.46  89.67
y[5, 16, 17, 18, 21, 5] = 0.08  63.48
false  0

Solve a child node 78
   + Customers MUST      served together:  (8, 13)  
   + Customers FORBIDDEN served together:  (6, 18)  (6, 28)  (16, 24)  (20, 30)  (16, 20)  (6, 20)  (6, 15)  
   # Total number of 2e routes cannot UNDER:   5  

-------------Iter CG 1-------------
LP Objective Value = 460.37,   sum y = 5.0
x[1, 2, 5, 1],  93.16
y[5, 18, 12, 21, 14, 5] = 0.38  43.12
y[5, 20, 29, 7, 9, 11, 24, 26, 5] = 0.03  89.04
y[5, 23, 5] = 0.62  16.0
y[5, 13, 8, 27, 22, 6, 10, 5] = 0.16  94.26
y[5, 14, 21, 23, 5] = 0.38  39.3
y[5, 20, 29, 28, 19, 7, 9, 11, 24, 5] = 0.05  113.22
y[5, 20, 24, 22, 8, 13, 5] = 0.19  91.55
y[5, 26, 6, 22, 8, 13, 5] = 0.11  83.62
y[5, 6, 24, 11, 30, 22, 10, 5] = 0.08  93.72
y[5, 16, 17, 29, 28, 19, 7, 15, 5] = 0.08  96.94
y[5, 13, 25, 8, 14, 5] = 0.16  69.96
y[5, 16, 17, 15, 26, 10, 21, 5] = 0.14  74.5
y[5, 16, 28, 19, 7, 9, 11, 30, 26, 5] = 0.59  113.28
y[5, 25, 27, 22, 24, 6, 5] = 0.32  94.28
y[5, 7, 9, 11, 30, 24, 6, 10, 12, 5] = 0.24  90.87
y[5, 16, 17, 28, 19, 29, 15, 5] = 0.16  94.65
y[5, 17, 28, 19, 29, 20, 18, 5] = 0.11  97.66
y[5, 12, 10, 27, 25, 8, 13, 5] = 0.38  85.05
y[5, 29, 9, 30, 24, 6, 5] = 0.08  92.63
y[5, 20, 15, 26, 22, 27, 25, 5] = 0.14  98.31
y[5, 21, 14, 5] = 0.08  31.3
y[5, 18, 15, 20, 29, 17, 5] = 0.49  73.73
y[5, 16, 17, 18, 21, 5] = 0.03  63.48
false  0
Exceed Upper Bound, prune

================Iteration 40 of B&P for SP1 [1, 2, 5, 1] parkings[5]================
Display selected node 77, parent node 76: from 5 nodes
- Branching node in depth: 9
   + Customers MUST      served together:  (8, 13)  (20, 30)  
   + Customers FORBIDDEN served together:  (6, 18)  (6, 28)  (16, 24)  (16, 20)  (6, 20)  (6, 15)  
   # Total number of 2e routes cannot UNDER:   5  

  Branching node with fractional score: 4.67
  Branching node with cg lower bound: 456.31
  Branching node with LB reduction: 0.02
  Branching node with FS reduction: 0.03
  Total reduction: 0.12

Solve a child node 79
   + Customers MUST      served together:  (8, 13)  (20, 30)  (18, 21)  
   + Customers FORBIDDEN served together:  (6, 18)  (6, 28)  (16, 24)  (16, 20)  (6, 20)  (6, 15)  
   # Total number of 2e routes cannot UNDER:   5  

-------------Iter CG 1-------------
LP Objective Value = 458.85,   sum y = 5.0
x[1, 2, 5, 1],  93.16
y[5, 12, 26, 30, 11, 9, 15, 20, 5] = 0.17  92.31
y[5, 18, 12, 21, 14, 5] = 0.33  43.12
y[5, 23, 5] = 0.67  16.0
y[5, 13, 8, 27, 22, 6, 10, 5] = 0.33  94.26
y[5, 26, 6, 22, 8, 13, 5] = 0.17  83.62
y[5, 16, 17, 29, 28, 19, 7, 15, 5] = 0.67  96.94
y[5, 13, 25, 8, 14, 5] = 0.33  69.96
y[5, 12, 18, 10, 21, 14, 5] = 0.17  47.11
y[5, 23, 21, 18, 5] = 0.33  50.51
y[5, 10, 26, 24, 30, 11, 9, 20, 5] = 0.17  90.91
y[5, 25, 27, 22, 24, 6, 5] = 0.5  94.28
y[5, 12, 10, 27, 25, 8, 13, 5] = 0.17  85.05
y[5, 20, 29, 28, 19, 9, 11, 30, 5] = 0.33  114.67
y[5, 26, 24, 30, 11, 9, 7, 20, 5] = 0.33  89.67
y[5, 16, 17, 15, 26, 10, 12, 14, 5] = 0.17  72.67
y[5, 16, 17, 18, 21, 5] = 0.17  63.48
true  3
-------------Iter CG 2-------------
LP Objective Value = 457.84,   sum y = 5.0
x[1, 2, 5, 1],  93.16
y[5, 18, 12, 21, 14, 5] = 0.5  43.12
y[5, 15, 9, 11, 30, 24, 20, 5] = 0.04  91.98
y[5, 23, 5] = 0.69  16.0
y[5, 26, 6, 22, 8, 13, 5] = 0.23  83.62
y[5, 16, 17, 29, 28, 19, 7, 15, 5] = 0.73  96.94
y[5, 20, 9, 30, 24, 26, 15, 5] = 0.08  88.68
y[5, 23, 21, 12, 18, 5] = 0.27  50.87
y[5, 23, 21, 18, 5] = 0.04  50.51
y[5, 6, 22, 27, 25, 10, 14, 5] = 0.23  93.8
y[5, 10, 6, 22, 27, 8, 13, 5] = 0.27  94.26
y[5, 10, 26, 24, 30, 11, 9, 20, 5] = 0.27  90.91
y[5, 14, 8, 25, 13, 5] = 0.27  69.96
y[5, 25, 27, 22, 24, 6, 5] = 0.27  94.28
y[5, 16, 17, 9, 11, 26, 15, 5] = 0.08  85.79
y[5, 12, 10, 27, 25, 8, 13, 5] = 0.23  85.05
y[5, 20, 29, 28, 19, 9, 11, 30, 5] = 0.27  114.67
y[5, 26, 24, 30, 11, 9, 7, 20, 5] = 0.27  89.67
y[5, 15, 26, 24, 30, 11, 20, 5] = 0.08  87.63
y[5, 16, 17, 18, 21, 5] = 0.19  63.48
false  0

Solve a child node 80
   + Customers MUST      served together:  (8, 13)  (20, 30)  
   + Customers FORBIDDEN served together:  (6, 18)  (6, 28)  (16, 24)  (16, 20)  (6, 20)  (6, 15)  (18, 21)  
   # Total number of 2e routes cannot UNDER:   5  

-------------Iter CG 1-------------
LP Objective Value = 461.76,   sum y = 5.0
x[1, 2, 5, 1],  93.16
y[5, 16, 29, 28, 19, 7, 15, 18, 5] = 0.09  100.71
y[5, 12, 18, 10, 22, 24, 26, 5] = 0.06  78.19
y[5, 23, 5] = 0.47  16.0
y[5, 14, 21, 23, 5] = 0.53  39.3
y[5, 26, 6, 22, 8, 13, 5] = 0.19  83.62
y[5, 16, 17, 29, 28, 19, 7, 15, 5] = 0.32  96.94
y[5, 16, 17, 15, 26, 10, 18, 5] = 0.28  71.35
y[5, 17, 29, 7, 24, 6, 10, 12, 5] = 0.04  87.66
y[5, 20, 28, 19, 7, 9, 11, 30, 24, 5] = 0.04  116.99
y[5, 14, 13, 8, 10, 18, 5] = 0.21  68.24
y[5, 17, 29, 28, 19, 7, 18, 5] = 0.05  99.97
y[5, 25, 27, 22, 24, 6, 5] = 0.38  94.28
y[5, 6, 22, 25, 21, 5] = 0.18  82.96
y[5, 16, 17, 15, 18, 12, 5] = 0.31  62.98
y[5, 12, 10, 27, 25, 8, 13, 5] = 0.41  85.05
y[5, 21, 25, 27, 24, 6, 5] = 0.03  94.69
y[5, 21, 14, 5] = 0.26  31.3
y[5, 20, 29, 28, 19, 9, 11, 30, 5] = 0.5  114.67
y[5, 13, 8, 27, 22, 6, 12, 5] = 0.18  93.78
y[5, 26, 24, 30, 11, 9, 7, 20, 5] = 0.46  89.67
false  0
Exceed Upper Bound, prune

================Iteration 41 of B&P for SP1 [1, 2, 5, 1] parkings[5]================
Display selected node 79, parent node 77: from 5 nodes
- Branching node in depth: 10
   + Customers MUST      served together:  (8, 13)  (20, 30)  (18, 21)  
   + Customers FORBIDDEN served together:  (6, 18)  (6, 28)  (16, 24)  (16, 20)  (6, 20)  (6, 15)  
   # Total number of 2e routes cannot UNDER:   5  

  Branching node with fractional score: 4.15
  Branching node with cg lower bound: 457.84
  Branching node with LB reduction: 0.15
  Branching node with FS reduction: -0.05
  Total reduction: 0.31

Solve a child node 81
   + Customers MUST      served together:  (8, 13)  (20, 30)  (20, 24)  (18, 21)  
   + Customers FORBIDDEN served together:  (6, 18)  (6, 28)  (16, 24)  (16, 20)  (6, 20)  (6, 15)  
   # Total number of 2e routes cannot UNDER:   5  

-------------Iter CG 1-------------
LP Objective Value = 461.46,   sum y = 5.0
x[1, 2, 5, 1],  93.16
y[5, 18, 12, 21, 14, 5] = 0.5  43.12
y[5, 23, 5] = 0.5  16.0
y[5, 13, 8, 27, 22, 6, 10, 5] = 0.5  94.26
y[5, 23, 21, 12, 18, 5] = 0.5  50.87
y[5, 6, 22, 27, 25, 10, 14, 5] = 0.5  93.8
y[5, 13, 25, 8, 5] = 0.5  69.91
y[5, 16, 17, 28, 19, 29, 15, 5] = 1.0  94.65
y[5, 20, 7, 9, 11, 30, 24, 26, 5] = 1.0  89.67
true  2
-------------Iter CG 2-------------
LP Objective Value = 460.1,   sum y = 5.0
x[1, 2, 5, 1],  93.16
y[5, 18, 12, 21, 14, 5] = 0.5  43.12
y[5, 23, 5] = 0.67  16.0
y[5, 13, 8, 27, 22, 6, 10, 5] = 0.33  94.26
y[5, 26, 6, 22, 8, 13, 5] = 0.17  83.62
y[5, 25, 22, 6, 7, 29, 16, 5] = 0.17  103.28
y[5, 13, 25, 8, 14, 5] = 0.17  69.96
y[5, 20, 28, 19, 7, 9, 11, 30, 24, 5] = 0.17  116.99
y[5, 23, 21, 12, 18, 5] = 0.17  50.87
y[5, 23, 21, 18, 5] = 0.17  50.51
y[5, 6, 22, 27, 25, 10, 14, 5] = 0.33  93.8
y[5, 26, 24, 30, 11, 9, 20, 5] = 0.17  87.58
y[5, 16, 17, 28, 19, 29, 15, 5] = 0.83  94.65
y[5, 20, 7, 9, 11, 30, 24, 26, 5] = 0.67  89.67
y[5, 12, 10, 27, 25, 8, 13, 5] = 0.33  85.05
y[5, 17, 15, 18, 21, 5] = 0.17  67.32
false  0
Exceed Upper Bound, prune

Solve a child node 82
   + Customers MUST      served together:  (8, 13)  (20, 30)  (18, 21)  
   + Customers FORBIDDEN served together:  (6, 18)  (6, 28)  (16, 24)  (20, 24)  (16, 20)  (6, 20)  (6, 15)  
   # Total number of 2e routes cannot UNDER:   5  

-------------Iter CG 1-------------
LP Objective Value = 470.47,   sum y = 5.0
x[1, 2, 5, 1],  93.16
y[5, 12, 26, 30, 11, 9, 15, 20, 5] = 0.09  92.31
y[5, 18, 12, 21, 14, 5] = 0.22  43.12
y[5, 20, 29, 7, 30, 26, 15, 5] = 0.19  93.21
y[5, 23, 5] = 0.74  16.0
y[5, 13, 8, 27, 22, 6, 10, 5] = 0.43  94.26
y[5, 14, 10, 22, 24, 26, 15, 5] = 0.14  79.75
y[5, 16, 17, 29, 28, 19, 7, 15, 5] = 0.22  96.94
y[5, 13, 25, 8, 14, 5] = 0.43  69.96
y[5, 12, 18, 10, 21, 14, 5] = 0.04  47.11
y[5, 17, 19, 9, 24, 6, 26, 5] = 0.03  95.46
y[5, 23, 21, 12, 18, 16, 5] = 0.26  64.78
y[5, 17, 29, 7, 24, 6, 10, 12, 5] = 0.12  87.66
y[5, 17, 28, 11, 30, 15, 20, 5] = 0.03  116.88
y[5, 25, 27, 22, 24, 6, 5] = 0.43  94.28
y[5, 12, 10, 26, 30, 9, 7, 29, 20, 5] = 0.09  95.36
y[5, 14, 26, 30, 11, 9, 20, 5] = 0.13  89.87
y[5, 12, 10, 27, 25, 8, 13, 5] = 0.14  85.05
y[5, 28, 19, 7, 9, 11, 24, 26, 15, 5] = 0.29  111.25
y[5, 20, 29, 28, 19, 9, 11, 30, 5] = 0.38  114.67
y[5, 17, 28, 19, 7, 11, 30, 20, 5] = 0.09  116.45
y[5, 16, 17, 15, 26, 10, 12, 14, 5] = 0.04  72.67
y[5, 16, 17, 18, 21, 5] = 0.48  63.48
true  3
-------------Iter CG 2-------------
LP Objective Value = 469.92,   sum y = 5.0
x[1, 2, 5, 1],  93.16
y[5, 12, 26, 30, 11, 9, 15, 20, 5] = 0.21  92.31
y[5, 18, 12, 21, 14, 5] = 0.28  43.12
y[5, 17, 29, 7, 11, 24, 6, 10, 5] = 0.06  90.55
y[5, 20, 29, 7, 30, 26, 15, 5] = 0.11  93.21
y[5, 23, 5] = 0.74  16.0
y[5, 13, 8, 27, 22, 6, 10, 5] = 0.42  94.26
y[5, 14, 10, 22, 24, 26, 15, 5] = 0.15  79.75
y[5, 14, 13, 24, 8, 5] = 0.01  94.85
y[5, 21, 14, 10, 24, 18, 5] = 0.03  79.37
y[5, 16, 17, 29, 28, 19, 7, 15, 5] = 0.31  96.94
y[5, 13, 25, 8, 14, 5] = 0.42  69.96
y[5, 12, 10, 26, 30, 11, 9, 7, 20, 5] = 0.03  91.77
y[5, 23, 21, 12, 18, 16, 5] = 0.17  64.78
y[5, 23, 14, 24, 6, 26, 5] = 0.1  82.07
y[5, 25, 27, 22, 24, 6, 5] = 0.43  94.28
y[5, 12, 10, 26, 30, 9, 7, 29, 20, 5] = 0.17  95.36
y[5, 14, 26, 30, 11, 9, 20, 5] = 0.01  89.87
y[5, 12, 10, 27, 25, 8, 13, 5] = 0.15  85.05
y[5, 28, 19, 7, 9, 11, 24, 26, 15, 5] = 0.22  111.25
y[5, 20, 29, 28, 19, 9, 11, 30, 5] = 0.36  114.67
y[5, 17, 28, 19, 7, 11, 30, 20, 5] = 0.11  116.45
y[5, 16, 17, 18, 21, 5] = 0.53  63.48
false  0
Exceed Upper Bound, prune

================Iteration 42 of B&P for SP1 [1, 2, 5, 1] parkings[5]================
Display selected node 73, parent node 72: from 4 nodes
- Branching node in depth: 7
   + Customers MUST      served together:  (16, 24)  (8, 13)  
   + Customers FORBIDDEN served together:  (6, 18)  (6, 28)  (16, 20)  (6, 20)  
   # Total number of 2e routes cannot UNDER:   5  

  Branching node with fractional score: 4.52
  Branching node with cg lower bound: 457.95
  Branching node with LB reduction: 0.43
  Branching node with FS reduction: -0.02
  Total reduction: 0.97

Solve a child node 83
   + Customers MUST      served together:  (17, 20)  (16, 24)  (8, 13)  
   + Customers FORBIDDEN served together:  (6, 18)  (6, 28)  (16, 20)  (6, 20)  
   # Total number of 2e routes cannot UNDER:   5  

-------------Iter CG 1-------------
LP Objective Value = 460.75,   sum y = 5.0
x[1, 2, 5, 1],  93.16
y[5, 18, 12, 21, 14, 5] = 0.47  43.12
y[5, 17, 20, 22, 27, 25, 5] = 0.09  102.99
y[5, 23, 5] = 0.66  16.0
y[5, 14, 21, 23, 5] = 0.34  39.3
y[5, 26, 6, 22, 8, 13, 5] = 0.44  83.62
y[5, 6, 22, 27, 25, 14, 5] = 0.18  91.21
y[5, 16, 28, 19, 9, 11, 30, 24, 5] = 0.38  112.42
y[5, 13, 25, 8, 14, 5] = 0.01  69.96
y[5, 16, 28, 19, 11, 30, 24, 26, 5] = 0.07  112.63
y[5, 17, 20, 29, 28, 19, 7, 15, 5] = 0.38  100.74
y[5, 17, 20, 15, 26, 18, 5] = 0.15  68.32
y[5, 6, 24, 30, 11, 9, 7, 16, 5] = 0.19  92.79
y[5, 16, 29, 28, 19, 7, 9, 24, 26, 5] = 0.16  113.44
y[5, 26, 22, 27, 8, 13, 5] = 0.01  93.52
y[5, 29, 7, 9, 11, 30, 26, 5] = 0.07  91.54
y[5, 15, 26, 11, 30, 22, 10, 5] = 0.09  91.52
y[5, 12, 10, 27, 25, 8, 13, 5] = 0.53  85.05
y[5, 10, 6, 24, 30, 11, 9, 7, 16, 5] = 0.19  94.09
y[5, 18, 15, 20, 29, 17, 5] = 0.38  73.73
y[5, 21, 25, 27, 22, 10, 5] = 0.19  88.99
true  1
-------------Iter CG 2-------------
LP Objective Value = 459.59,   sum y = 5.0
x[1, 2, 5, 1],  93.16
y[5, 16, 29, 7, 9, 11, 24, 26, 5] = 0.04  90.12
y[5, 18, 12, 21, 14, 5] = 0.55  43.12
y[5, 17, 20, 22, 27, 25, 5] = 0.09  102.99
y[5, 23, 5] = 0.6  16.0
y[5, 14, 21, 23, 5] = 0.4  39.3
y[5, 26, 6, 22, 8, 13, 5] = 0.45  83.62
y[5, 16, 28, 19, 9, 11, 30, 24, 5] = 0.34  112.42
y[5, 13, 25, 8, 14, 5] = 0.05  69.96
y[5, 16, 28, 19, 11, 30, 24, 26, 5] = 0.04  112.63
y[5, 17, 20, 29, 28, 19, 7, 15, 5] = 0.34  100.74
y[5, 17, 20, 15, 26, 18, 5] = 0.02  68.32
y[5, 6, 24, 30, 11, 9, 7, 16, 5] = 0.05  92.79
y[5, 17, 28, 19, 29, 20, 5] = 0.12  87.64
y[5, 26, 22, 27, 8, 13, 5] = 0.05  93.52
y[5, 29, 7, 9, 11, 30, 26, 5] = 0.04  91.54
y[5, 17, 28, 19, 29, 20, 18, 5] = 0.16  97.66
y[5, 12, 10, 27, 25, 8, 13, 5] = 0.45  85.05
y[5, 10, 6, 24, 30, 11, 9, 7, 16, 5] = 0.5  94.09
y[5, 18, 15, 20, 29, 17, 5] = 0.27  73.73
y[5, 25, 27, 22, 26, 15, 5] = 0.37  92.93
y[5, 16, 29, 7, 9, 30, 24, 5] = 0.04  94.08
y[5, 21, 25, 27, 22, 10, 5] = 0.05  88.99
false  0

Solve a child node 84
   + Customers MUST      served together:  (16, 24)  (8, 13)  
   + Customers FORBIDDEN served together:  (6, 18)  (17, 20)  (6, 28)  (16, 20)  (6, 20)  
   # Total number of 2e routes cannot UNDER:   5  

-------------Iter CG 1-------------
LP Objective Value = 464.22,   sum y = 5.0
x[1, 2, 5, 1],  93.16
y[5, 18, 12, 21, 14, 5] = 0.43  43.12
y[5, 23, 5] = 0.8  16.0
y[5, 14, 21, 23, 5] = 0.19  39.3
y[5, 26, 6, 22, 8, 13, 5] = 0.08  83.62
y[5, 13, 25, 8, 14, 5] = 0.33  69.96
y[5, 16, 17, 29, 7, 24, 26, 5] = 0.13  87.14
y[5, 23, 21, 12, 18, 5] = 0.01  50.87
y[5, 16, 28, 19, 11, 30, 24, 26, 5] = 0.15  112.63
y[5, 16, 17, 9, 11, 24, 6, 10, 5] = 0.17  89.29
y[5, 16, 17, 15, 24, 22, 10, 5] = 0.14  89.29
y[5, 14, 13, 8, 10, 18, 5] = 0.05  68.24
y[5, 17, 29, 28, 19, 7, 18, 5] = 0.14  99.97
y[5, 17, 29, 7, 30, 6, 10, 5] = 0.01  94.82
y[5, 12, 10, 26, 30, 9, 7, 29, 20, 5] = 0.01  95.36
y[5, 12, 10, 27, 25, 8, 13, 5] = 0.22  85.05
y[5, 20, 15, 26, 22, 27, 25, 5] = 0.46  98.31
y[5, 10, 6, 24, 30, 11, 9, 7, 16, 5] = 0.41  94.09
y[5, 20, 29, 28, 19, 9, 11, 30, 5] = 0.41  114.67
y[5, 17, 15, 18, 21, 5] = 0.24  67.32
y[5, 21, 18, 7, 19, 28, 29, 20, 5] = 0.12  105.25
y[5, 13, 8, 27, 22, 6, 12, 5] = 0.33  93.78
y[5, 17, 29, 28, 19, 7, 26, 15, 5] = 0.17  102.46
true  13
-------------Iter CG 2-------------
LP Objective Value = 463.6,   sum y = 5.0
x[1, 2, 5, 1],  93.16
y[5, 18, 12, 21, 14, 5] = 0.44  43.12
y[5, 17, 28, 29, 18, 12, 5] = 0.05  93.65
y[5, 23, 5] = 0.82  16.0
y[5, 13, 8, 27, 22, 6, 10, 5] = 0.17  94.26
y[5, 14, 21, 23, 5] = 0.18  39.3
y[5, 26, 6, 22, 8, 13, 5] = 0.2  83.62
y[5, 16, 17, 29, 19, 7, 24, 6, 5] = 0.11  95.53
y[5, 16, 28, 19, 9, 11, 30, 24, 5] = 0.18  112.42
y[5, 13, 25, 8, 14, 5] = 0.25  69.96
y[5, 16, 17, 29, 7, 24, 26, 5] = 0.12  87.14
y[5, 16, 17, 11, 30, 24, 5] = 0.05  91.28
y[5, 16, 17, 9, 11, 24, 6, 10, 5] = 0.05  89.29
y[5, 17, 28, 9, 30, 26, 5] = 0.05  111.27
y[5, 16, 17, 15, 24, 22, 10, 5] = 0.09  89.29
y[5, 12, 10, 27, 25, 8, 13, 5] = 0.3  85.05
y[5, 20, 15, 26, 22, 27, 25, 5] = 0.45  98.31
y[5, 10, 6, 24, 30, 11, 9, 7, 16, 5] = 0.38  94.09
y[5, 20, 29, 28, 19, 9, 11, 30, 5] = 0.33  114.67
y[5, 17, 15, 18, 12, 14, 5] = 0.13  63.9
y[5, 17, 15, 18, 21, 5] = 0.16  67.32
y[5, 21, 18, 7, 19, 28, 29, 20, 5] = 0.22  105.25
y[5, 13, 8, 27, 22, 6, 12, 5] = 0.08  93.78
y[5, 17, 29, 28, 19, 7, 26, 15, 5] = 0.16  102.46
false  0
Exceed Upper Bound, prune

================Iteration 43 of B&P for SP1 [1, 2, 5, 1] parkings[5]================
Display selected node 83, parent node 73: from 4 nodes
- Branching node in depth: 8
   + Customers MUST      served together:  (17, 20)  (16, 24)  (8, 13)  
   + Customers FORBIDDEN served together:  (6, 18)  (6, 28)  (16, 20)  (6, 20)  
   # Total number of 2e routes cannot UNDER:   5  

  Branching node with fractional score: 4.71
  Branching node with cg lower bound: 459.59
  Branching node with LB reduction: 0.21
  Branching node with FS reduction: 0.02
  Total reduction: 0.6

Solve a child node 85
   + Customers MUST      served together:  (26, 29)  (17, 20)  (16, 24)  (8, 13)  
   + Customers FORBIDDEN served together:  (6, 18)  (6, 28)  (16, 20)  (6, 20)  
   # Total number of 2e routes cannot UNDER:   5  

-------------Iter CG 1-------------
LP Objective Value = 469.43,   sum y = 5.0
x[1, 2, 5, 1],  93.16
y[5, 16, 28, 19, 7, 11, 30, 24, 15, 5] = 0.02  115.46
y[5, 18, 12, 21, 14, 5] = 0.23  43.12
y[5, 23, 5] = 0.72  16.0
y[5, 13, 8, 27, 22, 6, 10, 5] = 0.37  94.26
y[5, 14, 21, 23, 5] = 0.14  39.3
y[5, 16, 29, 7, 30, 24, 26, 5] = 0.09  94.31
y[5, 16, 28, 19, 9, 11, 30, 24, 5] = 0.56  112.42
y[5, 23, 21, 12, 18, 5] = 0.14  50.87
y[5, 16, 29, 28, 19, 7, 9, 24, 26, 5] = 0.21  113.44
y[5, 16, 28, 19, 7, 9, 11, 24, 22, 10, 5] = 0.02  117.86
y[5, 17, 29, 7, 20, 15, 26, 5] = 0.35  87.37
y[5, 6, 22, 25, 21, 5] = 0.49  82.96
y[5, 16, 29, 28, 19, 7, 11, 24, 26, 5] = 0.07  114.44
y[5, 29, 7, 9, 11, 30, 26, 5] = 0.19  91.54
y[5, 12, 10, 27, 25, 8, 13, 5] = 0.51  85.05
y[5, 17, 20, 15, 18, 14, 5] = 0.63  64.02
y[5, 10, 6, 24, 30, 11, 9, 7, 16, 5] = 0.02  94.09
y[5, 29, 28, 19, 11, 30, 26, 10, 5] = 0.09  117.43
y[5, 17, 28, 19, 7, 11, 30, 20, 5] = 0.02  116.45
y[5, 13, 8, 27, 22, 6, 12, 5] = 0.12  93.78
false  0
Exceed Upper Bound, prune

Solve a child node 86
   + Customers MUST      served together:  (17, 20)  (16, 24)  (8, 13)  
   + Customers FORBIDDEN served together:  (6, 18)  (26, 29)  (6, 28)  (16, 20)  (6, 20)  
   # Total number of 2e routes cannot UNDER:   5  

-------------Iter CG 1-------------
LP Objective Value = 459.74,   sum y = 5.0
x[1, 2, 5, 1],  93.16
y[5, 18, 12, 21, 14, 5] = 0.5  43.12
y[5, 23, 5] = 0.56  16.0
y[5, 14, 21, 23, 5] = 0.44  39.3
y[5, 26, 6, 22, 8, 13, 5] = 0.39  83.62
y[5, 16, 28, 19, 9, 11, 30, 24, 5] = 0.22  112.42
y[5, 13, 25, 8, 14, 5] = 0.06  69.96
y[5, 16, 28, 19, 11, 30, 24, 26, 5] = 0.06  112.63
y[5, 17, 20, 29, 28, 19, 7, 15, 5] = 0.28  100.74
y[5, 17, 20, 15, 26, 18, 5] = 0.06  68.32
y[5, 6, 24, 30, 11, 9, 7, 16, 5] = 0.22  92.79
y[5, 17, 28, 19, 29, 20, 5] = 0.22  87.64
y[5, 16, 28, 19, 7, 9, 11, 24, 22, 10, 5] = 0.06  117.86
y[5, 26, 22, 27, 8, 13, 5] = 0.06  93.52
y[5, 17, 28, 19, 29, 20, 18, 5] = 0.17  97.66
y[5, 22, 30, 11, 9, 26, 5] = 0.06  93.96
y[5, 12, 10, 27, 25, 8, 13, 5] = 0.5  85.05
y[5, 10, 6, 24, 30, 11, 9, 7, 16, 5] = 0.39  94.09
y[5, 18, 15, 20, 29, 17, 5] = 0.28  73.73
y[5, 25, 27, 22, 26, 15, 5] = 0.39  92.93
y[5, 16, 29, 7, 9, 30, 24, 5] = 0.06  94.08
y[5, 21, 25, 27, 22, 10, 5] = 0.06  88.99
false  0

================Iteration 44 of B&P for SP1 [1, 2, 5, 1] parkings[5]================
Display selected node 86, parent node 83: from 4 nodes
- Branching node in depth: 9
   + Customers MUST      served together:  (17, 20)  (16, 24)  (8, 13)  
   + Customers FORBIDDEN served together:  (6, 18)  (26, 29)  (6, 28)  (16, 20)  (6, 20)  
   # Total number of 2e routes cannot UNDER:   5  

  Branching node with fractional score: 4.89
  Branching node with cg lower bound: 459.74
  Branching node with LB reduction: 0.02
  Branching node with FS reduction: 0.02
  Total reduction: 0.1

Solve a child node 87
   + Customers MUST      served together:  (17, 20)  (16, 28)  (16, 24)  (8, 13)  
   + Customers FORBIDDEN served together:  (6, 18)  (26, 29)  (6, 28)  (16, 20)  (6, 20)  
   # Total number of 2e routes cannot UNDER:   5  

-------------Iter CG 1-------------
LP Objective Value = 465.97,   sum y = 5.0
x[1, 2, 5, 1],  93.16
y[5, 16, 28, 19, 7, 11, 30, 24, 15, 5] = 0.19  115.46
y[5, 18, 12, 21, 14, 5] = 0.15  43.12
y[5, 23, 5] = 0.62  16.0
y[5, 13, 8, 27, 22, 6, 10, 5] = 0.08  94.26
y[5, 14, 21, 23, 5] = 0.38  39.3
y[5, 26, 6, 22, 8, 13, 5] = 0.27  83.62
y[5, 6, 22, 27, 25, 14, 5] = 0.27  91.21
y[5, 16, 28, 19, 9, 11, 30, 24, 5] = 0.38  112.42
y[5, 7, 9, 30, 22, 6, 26, 5] = 0.31  98.73
y[5, 16, 28, 19, 11, 30, 24, 26, 5] = 0.12  112.63
y[5, 16, 29, 28, 19, 7, 9, 11, 24, 10, 5] = 0.27  115.83
y[5, 17, 20, 15, 26, 18, 5] = 0.31  68.32
y[5, 16, 29, 28, 19, 7, 9, 11, 24, 5] = 0.04  114.29
y[5, 14, 21, 18, 5] = 0.04  42.75
y[5, 6, 22, 25, 21, 5] = 0.08  82.96
y[5, 12, 10, 27, 25, 8, 13, 5] = 0.65  85.05
y[5, 21, 14, 5] = 0.15  31.3
y[5, 18, 15, 20, 29, 17, 5] = 0.5  73.73
y[5, 17, 29, 7, 20, 12, 21, 5] = 0.19  84.07
false  0
Exceed Upper Bound, prune

Solve a child node 88
   + Customers MUST      served together:  (17, 20)  (16, 24)  (8, 13)  
   + Customers FORBIDDEN served together:  (6, 18)  (26, 29)  (6, 28)  (16, 28)  (16, 20)  (6, 20)  
   # Total number of 2e routes cannot UNDER:   5  

-------------Iter CG 1-------------
LP Objective Value = 461.22,   sum y = 5.0
x[1, 2, 5, 1],  93.16
y[5, 18, 12, 21, 14, 5] = 0.53  43.12
y[5, 16, 15, 11, 30, 24, 26, 5] = 0.08  91.38
y[5, 17, 20, 22, 27, 25, 5] = 0.03  102.99
y[5, 22, 30, 11, 9, 7, 19, 28, 5] = 0.03  120.09
y[5, 23, 5] = 0.58  16.0
y[5, 14, 21, 23, 5] = 0.42  39.3
y[5, 26, 6, 22, 8, 13, 5] = 0.42  83.62
y[5, 16, 15, 9, 11, 24, 22, 10, 5] = 0.03  97.16
y[5, 17, 20, 29, 28, 19, 7, 15, 5] = 0.26  100.74
y[5, 6, 24, 30, 11, 9, 7, 16, 5] = 0.13  92.79
y[5, 16, 9, 11, 30, 24, 15, 5] = 0.24  92.31
y[5, 17, 28, 19, 29, 20, 5] = 0.18  87.64
y[5, 14, 8, 25, 13, 5] = 0.05  69.96
y[5, 26, 22, 27, 8, 13, 5] = 0.05  93.52
y[5, 17, 28, 19, 29, 20, 18, 5] = 0.47  97.66
y[5, 12, 10, 27, 25, 8, 13, 5] = 0.47  85.05
y[5, 10, 6, 24, 30, 11, 9, 7, 16, 5] = 0.45  94.09
y[5, 25, 27, 22, 26, 15, 5] = 0.39  92.93
y[5, 16, 29, 7, 9, 30, 24, 5] = 0.08  94.08
y[5, 21, 25, 27, 22, 10, 5] = 0.05  88.99
y[5, 17, 28, 19, 7, 9, 11, 26, 20, 5] = 0.05  113.06
true  2
-------------Iter CG 2-------------
LP Objective Value = 460.71,   sum y = 5.0
x[1, 2, 5, 1],  93.16
y[5, 18, 12, 21, 14, 5] = 0.5  43.12
y[5, 16, 15, 11, 30, 24, 26, 5] = 0.06  91.38
y[5, 23, 5] = 0.61  16.0
y[5, 14, 21, 23, 5] = 0.39  39.3
y[5, 26, 6, 22, 8, 13, 5] = 0.39  83.62
y[5, 17, 20, 29, 28, 19, 7, 15, 5] = 0.28  100.74
y[5, 16, 9, 11, 30, 24, 15, 5] = 0.28  92.31
y[5, 17, 28, 19, 29, 20, 5] = 0.17  87.64
y[5, 21, 25, 27, 22, 12, 5] = 0.11  88.98
y[5, 14, 8, 25, 13, 5] = 0.11  69.96
y[5, 26, 22, 27, 8, 13, 5] = 0.11  93.52
y[5, 17, 28, 19, 29, 20, 18, 5] = 0.5  97.66
y[5, 12, 10, 27, 25, 8, 13, 5] = 0.39  85.05
y[5, 10, 6, 24, 30, 11, 9, 7, 16, 5] = 0.61  94.09
y[5, 25, 27, 22, 26, 15, 5] = 0.39  92.93
y[5, 16, 29, 7, 9, 30, 24, 5] = 0.06  94.08
y[5, 17, 28, 19, 7, 9, 11, 26, 20, 5] = 0.06  113.06
false  0
Exceed Upper Bound, prune

================Iteration 45 of B&P for SP1 [1, 2, 5, 1] parkings[5]================
Display selected node 71, parent node 9: from 3 nodes
- Branching node in depth: 6
   + Customers MUST      served together:  (8, 13)  (6, 20)  
   + Customers FORBIDDEN served together:  (6, 18)  (6, 28)  (16, 20)  
   # Total number of 2e routes cannot UNDER:   5  

  Branching node with fractional score: 4.15
  Branching node with cg lower bound: 458.88
  Branching node with LB reduction: 0.57
  Branching node with FS reduction: 0.03
  Total reduction: 1.27

Solve a child node 89
   + Customers MUST      served together:  (10, 26)  (8, 13)  (6, 20)  
   + Customers FORBIDDEN served together:  (6, 18)  (6, 28)  (16, 20)  
   # Total number of 2e routes cannot UNDER:   5  

-------------Iter CG 1-------------
LP Objective Value = 467.75,   sum y = 5.0
x[1, 2, 5, 1],  93.16
y[5, 16, 17, 28, 19, 7, 26, 18, 10, 5] = 0.23  105.59
y[5, 18, 12, 21, 14, 5] = 0.17  43.12
y[5, 12, 6, 24, 30, 11, 9, 7, 20, 5] = 0.23  90.47
y[5, 12, 18, 10, 22, 24, 26, 5] = 0.06  78.19
y[5, 23, 5] = 0.67  16.0
y[5, 14, 21, 23, 5] = 0.33  39.3
y[5, 17, 29, 19, 28, 16, 5] = 0.23  88.04
y[5, 16, 28, 19, 7, 9, 11, 26, 10, 18, 5] = 0.02  110.46
y[5, 13, 25, 8, 14, 5] = 0.46  69.96
y[5, 15, 22, 27, 8, 13, 5] = 0.46  94.62
y[5, 16, 17, 15, 26, 10, 18, 5] = 0.31  71.35
y[5, 17, 29, 28, 19, 9, 15, 5] = 0.23  103.17
y[5, 20, 7, 9, 11, 30, 24, 6, 5] = 0.52  89.65
y[5, 6, 24, 30, 11, 29, 20, 5] = 0.15  93.15
y[5, 21, 25, 27, 22, 12, 5] = 0.46  88.98
y[5, 16, 28, 19, 29, 7, 26, 10, 18, 5] = 0.21  107.33
y[5, 20, 29, 7, 30, 6, 22, 5] = 0.02  103.31
y[5, 12, 8, 25, 27, 13, 5] = 0.08  84.35
y[5, 20, 29, 7, 24, 6, 26, 10, 14, 5] = 0.04  91.46
y[5, 20, 29, 7, 26, 6, 10, 21, 5] = 0.04  90.61
y[5, 29, 28, 19, 11, 30, 26, 10, 5] = 0.08  117.43
false  0
Exceed Upper Bound, prune

Solve a child node 90
   + Customers MUST      served together:  (8, 13)  (6, 20)  
   + Customers FORBIDDEN served together:  (6, 18)  (10, 26)  (6, 28)  (16, 20)  
   # Total number of 2e routes cannot UNDER:   5  

-------------Iter CG 1-------------
LP Objective Value = 459.13,   sum y = 5.0
x[1, 2, 5, 1],  93.16
y[5, 18, 12, 21, 14, 5] = 0.22  43.12
y[5, 12, 6, 24, 30, 11, 9, 7, 20, 5] = 0.38  90.47
y[5, 23, 5] = 0.68  16.0
y[5, 14, 21, 23, 5] = 0.1  39.3
y[5, 15, 26, 6, 24, 11, 9, 20, 5] = 0.07  85.32
y[5, 13, 25, 8, 14, 5] = 0.5  69.96
y[5, 12, 18, 10, 21, 14, 5] = 0.18  47.11
y[5, 16, 28, 19, 11, 30, 24, 26, 5] = 0.07  112.63
y[5, 20, 7, 9, 11, 30, 24, 6, 5] = 0.34  89.65
y[5, 16, 29, 28, 19, 7, 9, 24, 26, 5] = 0.03  113.44
y[5, 6, 24, 30, 11, 29, 20, 5] = 0.04  93.15
y[5, 17, 29, 28, 19, 9, 26, 5] = 0.08  105.09
y[5, 20, 7, 30, 24, 6, 26, 15, 5] = 0.07  91.61
y[5, 12, 18, 10, 21, 23, 5] = 0.22  54.86
y[5, 26, 22, 27, 8, 13, 5] = 0.5  93.52
y[5, 18, 10, 22, 27, 25, 5] = 0.22  88.96
y[5, 16, 17, 28, 19, 29, 15, 5] = 0.74  94.65
y[5, 20, 29, 7, 9, 11, 30, 6, 10, 5] = 0.1  94.62
y[5, 16, 17, 15, 26, 18, 5] = 0.1  68.97
y[5, 16, 17, 28, 19, 7, 26, 18, 5] = 0.06  99.65
y[5, 17, 29, 28, 19, 7, 26, 15, 5] = 0.02  102.46
y[5, 21, 25, 27, 22, 10, 5] = 0.28  88.99
false  0

================Iteration 46 of B&P for SP1 [1, 2, 5, 1] parkings[5]================
Display selected node 90, parent node 71: from 3 nodes
- Branching node in depth: 7
   + Customers MUST      served together:  (8, 13)  (6, 20)  
   + Customers FORBIDDEN served together:  (6, 18)  (10, 26)  (6, 28)  (16, 20)  
   # Total number of 2e routes cannot UNDER:   5  

  Branching node with fractional score: 4.15
  Branching node with cg lower bound: 459.13
  Branching node with LB reduction: 0.04
  Branching node with FS reduction: -0.0
  Total reduction: 0.08

Solve a child node 91
   + Customers MUST      served together:  (24, 26)  (8, 13)  (6, 20)  
   + Customers FORBIDDEN served together:  (6, 18)  (10, 26)  (6, 28)  (16, 20)  
   # Total number of 2e routes cannot UNDER:   5  

-------------Iter CG 1-------------
LP Objective Value = 465.06,   sum y = 5.0
x[1, 2, 5, 1],  93.16
y[5, 18, 12, 21, 14, 5] = 0.19  43.12
y[5, 23, 5] = 0.64  16.0
y[5, 14, 21, 23, 5] = 0.31  39.3
y[5, 15, 26, 6, 24, 11, 9, 20, 5] = 0.31  85.32
y[5, 17, 29, 19, 28, 16, 5] = 0.03  88.04
y[5, 16, 17, 29, 28, 19, 7, 15, 5] = 0.15  96.94
y[5, 13, 25, 8, 14, 5] = 0.5  69.96
y[5, 15, 22, 27, 8, 13, 5] = 0.03  94.62
y[5, 23, 21, 12, 18, 5] = 0.05  50.87
y[5, 16, 28, 19, 11, 30, 24, 26, 5] = 0.23  112.63
y[5, 26, 24, 30, 9, 7, 19, 28, 5] = 0.23  114.25
y[5, 20, 7, 30, 24, 6, 26, 15, 5] = 0.08  91.61
y[5, 17, 29, 28, 19, 7, 18, 5] = 0.08  99.97
y[5, 12, 18, 22, 24, 26, 5] = 0.15  77.73
y[5, 21, 25, 27, 22, 12, 5] = 0.14  88.98
y[5, 17, 20, 15, 6, 22, 27, 5] = 0.15  103.52
y[5, 18, 10, 22, 27, 25, 5] = 0.22  88.96
y[5, 16, 17, 28, 19, 29, 15, 5] = 0.28  94.65
y[5, 20, 29, 7, 9, 11, 30, 6, 10, 5] = 0.46  94.62
y[5, 12, 8, 25, 27, 13, 5] = 0.15  84.35
y[5, 12, 10, 22, 27, 8, 13, 5] = 0.32  90.39
y[5, 16, 17, 18, 21, 5] = 0.31  63.48
true  4
-------------Iter CG 2-------------
LP Objective Value = 464.78,   sum y = 5.0
x[1, 2, 5, 1],  93.16
y[5, 18, 12, 21, 14, 5] = 0.14  43.12
y[5, 23, 5] = 0.64  16.0
y[5, 14, 21, 23, 5] = 0.36  39.3
y[5, 15, 26, 6, 24, 11, 9, 20, 5] = 0.36  85.32
y[5, 17, 29, 19, 28, 16, 5] = 0.05  88.04
y[5, 13, 25, 8, 14, 5] = 0.5  69.96
y[5, 12, 18, 22, 27, 25, 5] = 0.27  89.01
y[5, 16, 28, 19, 11, 30, 24, 26, 5] = 0.18  112.63
y[5, 26, 24, 30, 9, 7, 19, 28, 5] = 0.18  114.25
y[5, 20, 7, 30, 24, 6, 26, 15, 5] = 0.23  91.61
y[5, 17, 29, 28, 19, 7, 18, 5] = 0.14  99.97
y[5, 21, 25, 27, 22, 12, 5] = 0.09  88.98
y[5, 18, 10, 22, 27, 25, 5] = 0.09  88.96
y[5, 16, 17, 28, 19, 29, 15, 5] = 0.41  94.65
y[5, 21, 27, 22, 24, 26, 5] = 0.05  94.72
y[5, 20, 29, 7, 9, 11, 30, 6, 10, 5] = 0.41  94.62
y[5, 12, 10, 27, 25, 8, 13, 5] = 0.05  85.05
y[5, 17, 28, 19, 7, 9, 11, 22, 5] = 0.05  117.36
y[5, 12, 10, 22, 27, 8, 13, 5] = 0.45  90.39
y[5, 16, 17, 18, 21, 5] = 0.36  63.48
false  0
Exceed Upper Bound, prune

Solve a child node 92
   + Customers MUST      served together:  (8, 13)  (6, 20)  
   + Customers FORBIDDEN served together:  (6, 18)  (10, 26)  (6, 28)  (24, 26)  (16, 20)  
   # Total number of 2e routes cannot UNDER:   5  

-------------Iter CG 1-------------
LP Objective Value = 459.62,   sum y = 5.0
x[1, 2, 5, 1],  93.16
y[5, 18, 12, 21, 14, 5] = 0.04  43.12
y[5, 12, 6, 24, 30, 11, 9, 7, 20, 5] = 0.37  90.47
y[5, 23, 5] = 0.71  16.0
y[5, 14, 21, 23, 5] = 0.08  39.3
y[5, 13, 25, 8, 14, 5] = 0.5  69.96
y[5, 12, 18, 10, 21, 14, 5] = 0.37  47.11
y[5, 20, 7, 9, 11, 30, 24, 6, 5] = 0.38  89.65
y[5, 6, 24, 30, 11, 29, 20, 5] = 0.17  93.15
y[5, 17, 29, 28, 19, 9, 26, 5] = 0.08  105.09
y[5, 16, 28, 19, 9, 30, 26, 15, 5] = 0.08  112.55
y[5, 12, 18, 10, 21, 23, 5] = 0.21  54.86
y[5, 26, 22, 27, 8, 13, 5] = 0.5  93.52
y[5, 18, 10, 22, 27, 25, 5] = 0.13  88.96
y[5, 16, 17, 28, 19, 29, 15, 5] = 0.67  94.65
y[5, 20, 29, 7, 9, 11, 6, 26, 15, 5] = 0.08  90.51
y[5, 16, 17, 15, 26, 18, 5] = 0.08  68.97
y[5, 15, 24, 22, 27, 25, 5] = 0.08  95.36
y[5, 16, 17, 28, 19, 7, 26, 18, 5] = 0.17  99.65
y[5, 21, 25, 27, 22, 10, 5] = 0.29  88.99
false  0

================Iteration 47 of B&P for SP1 [1, 2, 5, 1] parkings[5]================
Display selected node 92, parent node 90: from 3 nodes
- Branching node in depth: 8
   + Customers MUST      served together:  (8, 13)  (6, 20)  
   + Customers FORBIDDEN served together:  (6, 18)  (10, 26)  (6, 28)  (24, 26)  (16, 20)  
   # Total number of 2e routes cannot UNDER:   5  

  Branching node with fractional score: 4.25
  Branching node with cg lower bound: 459.62
  Branching node with LB reduction: 0.06
  Branching node with FS reduction: 0.01
  Total reduction: 0.19

Solve a child node 93
   + Customers MUST      served together:  (18, 26)  (8, 13)  (6, 20)  
   + Customers FORBIDDEN served together:  (6, 18)  (10, 26)  (6, 28)  (24, 26)  (16, 20)  
   # Total number of 2e routes cannot UNDER:   5  

-------------Iter CG 1-------------
LP Objective Value = 466.1,   sum y = 5.0
x[1, 2, 5, 1],  93.16
y[5, 29, 28, 19, 9, 11, 24, 15, 5] = 0.02  112.11
y[5, 12, 6, 24, 30, 11, 9, 7, 20, 5] = 0.48  90.47
y[5, 23, 5] = 0.62  16.0
y[5, 14, 21, 23, 5] = 0.38  39.3
y[5, 6, 24, 30, 11, 9, 19, 20, 5] = 0.19  99.7
y[5, 13, 25, 8, 14, 5] = 0.46  69.96
y[5, 15, 22, 27, 8, 13, 5] = 0.02  94.62
y[5, 17, 29, 28, 19, 9, 15, 5] = 0.29  103.17
y[5, 16, 29, 28, 19, 7, 26, 18, 5] = 0.1  103.31
y[5, 20, 29, 7, 24, 22, 6, 15, 5] = 0.06  98.38
y[5, 6, 24, 30, 11, 29, 20, 5] = 0.25  93.15
y[5, 16, 17, 28, 19, 29, 15, 5] = 0.06  94.65
y[5, 16, 28, 29, 15, 26, 18, 5] = 0.19  100.48
y[5, 20, 29, 7, 9, 11, 30, 6, 10, 5] = 0.02  94.62
y[5, 12, 10, 27, 25, 8, 13, 5] = 0.08  85.05
y[5, 16, 17, 15, 26, 18, 5] = 0.31  68.97
y[5, 21, 14, 5] = 0.17  31.3
y[5, 16, 17, 28, 19, 7, 26, 18, 5] = 0.33  99.65
y[5, 18, 26, 30, 11, 15, 5] = 0.04  83.98
y[5, 22, 30, 26, 18, 5] = 0.02  89.84
y[5, 12, 10, 22, 27, 8, 13, 5] = 0.44  90.39
y[5, 21, 25, 27, 22, 10, 5] = 0.46  88.99
false  0
Exceed Upper Bound, prune

Solve a child node 94
   + Customers MUST      served together:  (8, 13)  (6, 20)  
   + Customers FORBIDDEN served together:  (6, 18)  (10, 26)  (18, 26)  (6, 28)  (24, 26)  (16, 20)  
   # Total number of 2e routes cannot UNDER:   5  

-------------Iter CG 1-------------
LP Objective Value = 460.42,   sum y = 5.0
x[1, 2, 5, 1],  93.16
y[5, 18, 12, 21, 14, 5] = 0.29  43.12
y[5, 12, 6, 24, 30, 11, 9, 7, 20, 5] = 0.29  90.47
y[5, 23, 5] = 0.71  16.0
y[5, 14, 21, 23, 5] = 0.14  39.3
y[5, 6, 24, 30, 11, 9, 19, 20, 5] = 0.29  99.7
y[5, 13, 25, 8, 14, 5] = 0.43  69.96
y[5, 12, 18, 10, 21, 14, 5] = 0.14  47.11
y[5, 20, 7, 9, 11, 30, 24, 6, 5] = 0.29  89.65
y[5, 20, 29, 7, 30, 6, 26, 15, 5] = 0.14  95.27
y[5, 16, 28, 19, 7, 9, 11, 24, 22, 10, 5] = 0.14  117.86
y[5, 12, 18, 10, 21, 23, 5] = 0.14  54.86
y[5, 26, 22, 27, 8, 13, 5] = 0.43  93.52
y[5, 18, 10, 22, 27, 25, 5] = 0.29  88.96
y[5, 16, 17, 28, 19, 29, 15, 5] = 0.43  94.65
y[5, 12, 10, 27, 25, 8, 13, 5] = 0.14  85.05
y[5, 16, 17, 28, 29, 26, 15, 5] = 0.29  99.14
y[5, 17, 29, 28, 19, 7, 26, 15, 5] = 0.14  102.46
y[5, 16, 17, 18, 21, 5] = 0.14  63.48
y[5, 21, 25, 27, 22, 10, 5] = 0.14  88.99
false  0
Exceed Upper Bound, prune

================Iteration 48 of B&P for SP1 [1, 2, 5, 1] parkings[5]================
Display selected node 22, parent node 19: from 2 nodes
- Branching node in depth: 5
   + Customers MUST      served together:  (16, 20)  (13, 18)  
   + Customers FORBIDDEN served together:  (12, 14)  (7, 29)  
   # Total number of 2e routes cannot UNDER:   5  

  Branching node with fractional score: 4.5
  Branching node with cg lower bound: 458.05
  Branching node with LB reduction: 0.28
  Branching node with FS reduction: 0.5
  Total reduction: 1.5

Solve a child node 95
   + Customers MUST      served together:  (12, 22)  (16, 20)  (13, 18)  
   + Customers FORBIDDEN served together:  (12, 14)  (7, 29)  
   # Total number of 2e routes cannot UNDER:   5  

-------------Iter CG 1-------------
LP Objective Value = 461.7,   sum y = 5.0
x[1, 2, 5, 1],  93.16
y[5, 26, 24, 30, 11, 9, 7, 5] = 0.33  89.58
y[5, 23, 5] = 0.33  16.0
y[5, 14, 21, 23, 5] = 0.67  39.3
y[5, 12, 22, 27, 25, 8, 5] = 0.67  88.57
y[5, 7, 9, 11, 30, 6, 26, 15, 5] = 0.33  91.62
y[5, 18, 10, 27, 25, 13, 5] = 0.33  85.25
y[5, 7, 9, 11, 30, 24, 6, 5] = 0.33  89.56
y[5, 14, 13, 8, 10, 18, 5] = 0.33  68.24
y[5, 12, 10, 22, 24, 6, 26, 15, 5] = 0.33  79.37
y[5, 16, 17, 28, 19, 29, 20, 5] = 0.67  88.42
y[5, 21, 13, 18, 5] = 0.33  55.98
y[5, 16, 17, 28, 19, 29, 20, 15, 5] = 0.33  97.46
false  0
Exceed Upper Bound, prune

Solve a child node 96
   + Customers MUST      served together:  (16, 20)  (13, 18)  
   + Customers FORBIDDEN served together:  (12, 14)  (12, 22)  (7, 29)  
   # Total number of 2e routes cannot UNDER:   5  

-------------Iter CG 1-------------
LP Objective Value = 457.58,   sum y = 5.0
x[1, 2, 5, 1],  93.16
y[5, 26, 24, 30, 11, 9, 7, 5] = 1.0  89.58
y[5, 8, 25, 27, 22, 6, 5] = 0.67  91.16
y[5, 23, 5] = 0.67  16.0
y[5, 14, 21, 23, 5] = 0.33  39.3
y[5, 6, 22, 27, 25, 14, 5] = 0.33  91.21
y[5, 14, 13, 8, 10, 18, 5] = 0.33  68.24
y[5, 16, 17, 28, 19, 29, 20, 15, 12, 5] = 0.33  101.43
y[5, 16, 17, 28, 19, 29, 20, 15, 5] = 0.67  97.46
y[5, 21, 13, 10, 18, 12, 5] = 0.67  57.57
false  0

================Iteration 49 of B&P for SP1 [1, 2, 5, 1] parkings[5]================
Display selected node 96, parent node 22: from 2 nodes
- Branching node in depth: 6
   + Customers MUST      served together:  (16, 20)  (13, 18)  
   + Customers FORBIDDEN served together:  (12, 14)  (12, 22)  (7, 29)  
   # Total number of 2e routes cannot UNDER:   5  

  Branching node with fractional score: 2.67
  Branching node with cg lower bound: 457.58
  Branching node with LB reduction: -0.08
  Branching node with FS reduction: -0.31
  Total reduction: -0.83

Solve a child node 97
   + Customers MUST      served together:  (16, 20)  (8, 14)  (13, 18)  
   + Customers FORBIDDEN served together:  (12, 14)  (12, 22)  (7, 29)  
   # Total number of 2e routes cannot UNDER:   5  

-------------Iter CG 1-------------
LP Objective Value = 467.14,   sum y = 5.0
x[1, 2, 5, 1],  93.16
y[5, 17, 28, 19, 7, 9, 11, 6, 26, 5] = 0.03  110.38
y[5, 26, 24, 30, 11, 9, 7, 5] = 0.06  89.58
y[5, 8, 25, 21, 14, 5] = 0.37  68.94
y[5, 23, 5] = 0.86  16.0
y[5, 7, 9, 30, 24, 6, 26, 12, 5] = 0.03  92.17
y[5, 23, 29, 19, 28, 17, 5] = 0.14  102.05
y[5, 7, 9, 11, 30, 6, 26, 15, 5] = 0.43  91.62
y[5, 17, 7, 22, 27, 25, 5] = 0.03  109.68
y[5, 18, 10, 27, 25, 13, 5] = 0.2  85.25
y[5, 22, 30, 11, 9, 7, 20, 16, 5] = 0.2  99.09
y[5, 14, 13, 8, 10, 18, 5] = 0.63  68.24
y[5, 16, 17, 28, 19, 29, 20, 5] = 0.23  88.42
y[5, 16, 17, 28, 19, 29, 20, 15, 12, 5] = 0.57  101.43
y[5, 25, 27, 22, 24, 6, 5] = 0.31  94.28
y[5, 7, 9, 11, 30, 24, 6, 10, 12, 5] = 0.2  90.87
y[5, 21, 27, 22, 24, 26, 5] = 0.37  94.72
y[5, 21, 13, 18, 12, 5] = 0.17  56.49
y[5, 29, 9, 11, 30, 26, 5] = 0.06  91.52
y[5, 28, 19, 7, 11, 30, 24, 26, 12, 5] = 0.03  116.1
y[5, 21, 25, 27, 22, 10, 5] = 0.09  88.99
true  3
-------------Iter CG 2-------------
LP Objective Value = 467.1,   sum y = 5.0
x[1, 2, 5, 1],  93.16
y[5, 12, 26, 6, 27, 25, 21, 5] = 0.08  94.03
y[5, 26, 24, 30, 11, 9, 7, 5] = 0.25  89.58
y[5, 8, 25, 21, 14, 5] = 0.25  68.94
y[5, 22, 27, 25, 21, 5] = 0.25  88.91
y[5, 23, 5] = 0.83  16.0
y[5, 23, 29, 19, 28, 17, 5] = 0.17  102.05
y[5, 7, 9, 11, 30, 6, 26, 15, 5] = 0.42  91.62
y[5, 18, 10, 27, 25, 13, 5] = 0.08  85.25
y[5, 22, 30, 11, 9, 7, 20, 16, 5] = 0.17  99.09
y[5, 14, 13, 8, 10, 18, 5] = 0.75  68.24
y[5, 16, 17, 28, 19, 29, 20, 5] = 0.25  88.42
y[5, 16, 17, 28, 19, 29, 20, 15, 12, 5] = 0.58  101.43
y[5, 25, 27, 22, 24, 6, 5] = 0.33  94.28
y[5, 7, 9, 11, 30, 24, 6, 10, 12, 5] = 0.17  90.87
y[5, 21, 27, 22, 24, 26, 5] = 0.25  94.72
y[5, 21, 13, 18, 12, 5] = 0.17  56.49
false  0
Exceed Upper Bound, prune

Solve a child node 98
   + Customers MUST      served together:  (16, 20)  (13, 18)  
   + Customers FORBIDDEN served together:  (12, 14)  (12, 22)  (8, 14)  (7, 29)  
   # Total number of 2e routes cannot UNDER:   5  

-------------Iter CG 1-------------
LP Objective Value = 458.37,   sum y = 5.0
x[1, 2, 5, 1],  93.16
y[5, 26, 24, 30, 11, 9, 7, 5] = 1.0  89.58
y[5, 8, 25, 27, 22, 6, 5] = 1.0  91.16
y[5, 18, 10, 13, 14, 5] = 0.5  57.21
y[5, 23, 5] = 0.5  16.0
y[5, 14, 21, 23, 5] = 0.5  39.3
y[5, 16, 17, 28, 19, 29, 20, 15, 12, 5] = 0.5  101.43
y[5, 16, 17, 28, 19, 29, 20, 15, 5] = 0.5  97.46
y[5, 21, 13, 10, 18, 12, 5] = 0.5  57.57
false  0

================Iteration 50 of B&P for SP1 [1, 2, 5, 1] parkings[5]================
Display selected node 98, parent node 96: from 2 nodes
- Branching node in depth: 7
   + Customers MUST      served together:  (16, 20)  (13, 18)  
   + Customers FORBIDDEN served together:  (12, 14)  (12, 22)  (8, 14)  (7, 29)  
   # Total number of 2e routes cannot UNDER:   5  

  Branching node with fractional score: 3.0
  Branching node with cg lower bound: 458.37
  Branching node with LB reduction: 0.11
  Branching node with FS reduction: 0.05
  Total reduction: 0.38

Solve a child node 99
   + Customers MUST      served together:  (12, 16)  (16, 20)  (13, 18)  
   + Customers FORBIDDEN served together:  (12, 14)  (12, 22)  (8, 14)  (7, 29)  
   # Total number of 2e routes cannot UNDER:   5  

-------------Iter CG 1-------------
LP Objective Value = 460.1,   sum y = 5.0
x[1, 2, 5, 1],  93.16
y[5, 26, 24, 30, 11, 9, 7, 5] = 1.0  89.58
y[5, 8, 25, 27, 22, 6, 5] = 1.0  91.16
y[5, 18, 10, 13, 14, 5] = 0.5  57.21
y[5, 23, 5] = 0.5  16.0
y[5, 14, 21, 23, 5] = 0.5  39.3
y[5, 16, 17, 28, 19, 29, 20, 15, 12, 5] = 1.0  101.43
y[5, 21, 13, 10, 18, 5] = 0.5  57.05
true  2
-------------Iter CG 2-------------
LP Objective Value = 460.1,   sum y = 5.0
x[1, 2, 5, 1],  93.16
y[5, 26, 24, 30, 11, 9, 7, 5] = 1.0  89.58
y[5, 8, 25, 27, 22, 6, 5] = 1.0  91.16
y[5, 18, 10, 13, 14, 5] = 0.5  57.21
y[5, 23, 5] = 0.5  16.0
y[5, 14, 21, 23, 5] = 0.5  39.3
y[5, 16, 17, 28, 19, 29, 20, 15, 12, 5] = 1.0  101.43
y[5, 21, 13, 10, 18, 5] = 0.5  57.05
false  0
Exceed Upper Bound, prune

Solve a child node 100
   + Customers MUST      served together:  (16, 20)  (13, 18)  
   + Customers FORBIDDEN served together:  (12, 16)  (12, 14)  (12, 22)  (8, 14)  (7, 29)  
   # Total number of 2e routes cannot UNDER:   5  

-------------Iter CG 1-------------
LP Objective Value = 460.5,   sum y = 5.0
x[1, 2, 5, 1],  93.16
y[5, 12, 18, 10, 13, 21, 5] = 0.33  57.57
y[5, 26, 24, 30, 11, 9, 7, 5] = 0.67  89.58
y[5, 8, 25, 27, 22, 6, 5] = 0.33  91.16
y[5, 23, 5] = 0.33  16.0
y[5, 14, 21, 23, 5] = 0.67  39.3
y[5, 8, 25, 27, 22, 15, 5] = 0.33  92.81
y[5, 16, 17, 28, 19, 29, 20, 5] = 0.67  88.42
y[5, 16, 17, 28, 19, 29, 20, 15, 5] = 0.33  97.46
y[5, 7, 9, 11, 30, 24, 6, 10, 12, 5] = 0.33  90.87
y[5, 13, 25, 10, 18, 12, 5] = 0.33  72.2
y[5, 15, 26, 6, 22, 27, 8, 5] = 0.33  93.26
y[5, 14, 13, 18, 5] = 0.33  56.13
false  0
Exceed Upper Bound, prune

================Iteration 51 of B&P for SP1 [1, 2, 5, 1] parkings[5]================
Display selected node 7, parent node 6: from 1 nodes
- Branching node in depth: 4
   + Customers MUST      served together:  (6, 28)  
   + Customers FORBIDDEN served together:  (6, 18)  (16, 20)  
   # Total number of 2e routes cannot UNDER:   5  

  Branching node with fractional score: 4.39
  Branching node with cg lower bound: 458.3
  Branching node with LB reduction: 1.55
  Branching node with FS reduction: 0.07
  Total reduction: 2.72

Solve a child node 101
   + Customers MUST      served together:  (6, 28)  (17, 29)  
   + Customers FORBIDDEN served together:  (6, 18)  (16, 20)  
   # Total number of 2e routes cannot UNDER:   5  

-------------Iter CG 1-------------
LP Objective Value = 459.21,   sum y = 5.0
x[1, 2, 5, 1],  93.16
y[5, 12, 18, 10, 13, 21, 5] = 0.21  57.57
y[5, 18, 12, 21, 14, 5] = 0.08  43.12
y[5, 8, 25, 27, 22, 10, 12, 5] = 0.4  88.59
y[5, 23, 5] = 0.6  16.0
y[5, 16, 17, 29, 26, 15, 5] = 0.09  76.15
y[5, 14, 21, 23, 5] = 0.4  39.3
y[5, 14, 13, 21, 5] = 0.17  50.18
y[5, 16, 28, 19, 7, 9, 11, 24, 6, 26, 5] = 0.19  111.04
y[5, 13, 25, 8, 14, 5] = 0.21  69.96
y[5, 16, 28, 19, 7, 11, 30, 24, 6, 10, 5] = 0.25  115.69
y[5, 8, 25, 27, 22, 15, 5] = 0.19  92.81
y[5, 16, 28, 19, 7, 9, 11, 30, 6, 5] = 0.06  114.46
y[5, 16, 28, 19, 7, 9, 30, 24, 6, 5] = 0.28  114.39
y[5, 17, 29, 7, 9, 11, 26, 5] = 0.09  85.94
y[5, 17, 29, 28, 19, 9, 6, 5] = 0.09  109.58
y[5, 26, 24, 30, 11, 9, 20, 5] = 0.28  87.58
y[5, 26, 22, 27, 8, 13, 5] = 0.21  93.52
y[5, 21, 14, 5] = 0.15  31.3
y[5, 13, 25, 27, 22, 10, 5] = 0.02  90.21
y[5, 16, 28, 19, 7, 11, 30, 6, 26, 10, 12, 5] = 0.13  118.56
y[5, 18, 15, 20, 29, 17, 5] = 0.72  73.73
y[5, 12, 22, 27, 25, 13, 5] = 0.19  90.2
false  0

Solve a child node 102
   + Customers MUST      served together:  (6, 28)  
   + Customers FORBIDDEN served together:  (6, 18)  (17, 29)  (16, 20)  
   # Total number of 2e routes cannot UNDER:   5  

-------------Iter CG 1-------------
LP Objective Value = 458.75,   sum y = 5.0
x[1, 2, 5, 1],  93.16
y[5, 17, 28, 19, 7, 11, 30, 6, 10, 5] = 0.07  115.59
y[5, 18, 12, 21, 14, 5] = 0.16  43.12
y[5, 8, 25, 27, 22, 10, 12, 5] = 0.35  88.59
y[5, 23, 5] = 0.82  16.0
y[5, 14, 21, 23, 5] = 0.18  39.3
y[5, 13, 25, 8, 14, 5] = 0.25  69.96
y[5, 20, 29, 28, 19, 9, 11, 24, 6, 5] = 0.41  111.63
y[5, 16, 17, 15, 26, 10, 18, 5] = 0.01  71.35
y[5, 16, 17, 15, 26, 10, 21, 5] = 0.34  74.5
y[5, 8, 25, 27, 22, 15, 5] = 0.15  92.81
y[5, 29, 28, 19, 7, 30, 24, 6, 5] = 0.14  117.06
y[5, 16, 28, 19, 7, 9, 30, 24, 6, 5] = 0.17  114.39
y[5, 26, 22, 27, 8, 13, 5] = 0.25  93.52
y[5, 29, 7, 9, 11, 30, 26, 5] = 0.14  91.54
y[5, 20, 7, 9, 11, 30, 24, 26, 5] = 0.17  89.67
y[5, 21, 13, 10, 18, 12, 5] = 0.25  57.57
y[5, 17, 20, 15, 18, 14, 5] = 0.41  64.02
y[5, 16, 17, 15, 26, 18, 5] = 0.09  68.97
y[5, 16, 29, 7, 9, 30, 24, 5] = 0.1  94.08
y[5, 16, 29, 28, 19, 7, 11, 30, 6, 5] = 0.21  118.72
y[5, 12, 22, 27, 25, 13, 5] = 0.25  90.2
y[5, 16, 17, 18, 21, 5] = 0.08  63.48
false  0

================Iteration 52 of B&P for SP1 [1, 2, 5, 1] parkings[5]================
Display selected node 102, parent node 7: from 2 nodes
- Branching node in depth: 5
   + Customers MUST      served together:  (6, 28)  
   + Customers FORBIDDEN served together:  (6, 18)  (17, 29)  (16, 20)  
   # Total number of 2e routes cannot UNDER:   5  

  Branching node with fractional score: 4.36
  Branching node with cg lower bound: 458.75
  Branching node with LB reduction: 0.09
  Branching node with FS reduction: -0.01
  Total reduction: 0.16

Solve a child node 103
   + Customers MUST      served together:  (6, 28)  (16, 30)  
   + Customers FORBIDDEN served together:  (6, 18)  (17, 29)  (16, 20)  
   # Total number of 2e routes cannot UNDER:   5  

-------------Iter CG 1-------------
LP Objective Value = 461.27,   sum y = 5.0
x[1, 2, 5, 1],  93.16
y[5, 18, 12, 21, 14, 5] = 0.17  43.12
y[5, 17, 28, 19, 7, 9, 11, 6, 26, 5] = 0.17  110.38
y[5, 8, 25, 27, 22, 10, 12, 5] = 0.33  88.59
y[5, 23, 5] = 0.67  16.0
y[5, 14, 21, 23, 5] = 0.33  39.3
y[5, 13, 25, 8, 14, 5] = 0.17  69.96
y[5, 21, 13, 14, 5] = 0.17  50.18
y[5, 20, 29, 28, 19, 9, 11, 24, 6, 5] = 0.33  111.63
y[5, 8, 25, 27, 22, 15, 5] = 0.33  92.81
y[5, 16, 17, 11, 30, 24, 5] = 0.17  91.28
y[5, 17, 20, 15, 26, 18, 5] = 0.17  68.32
y[5, 16, 28, 19, 7, 9, 30, 24, 6, 5] = 0.17  114.39
y[5, 26, 22, 27, 8, 13, 5] = 0.17  93.52
y[5, 14, 21, 13, 12, 5] = 0.17  53.42
y[5, 21, 13, 10, 18, 12, 5] = 0.17  57.57
y[5, 16, 29, 7, 9, 30, 24, 5] = 0.33  94.08
y[5, 16, 29, 28, 19, 7, 11, 30, 6, 5] = 0.33  118.72
y[5, 17, 20, 15, 26, 10, 18, 5] = 0.5  70.7
y[5, 12, 22, 27, 25, 13, 5] = 0.17  90.2
false  0
Exceed Upper Bound, prune

Solve a child node 104
   + Customers MUST      served together:  (6, 28)  
   + Customers FORBIDDEN served together:  (6, 18)  (17, 29)  (16, 30)  (16, 20)  
   # Total number of 2e routes cannot UNDER:   5  

-------------Iter CG 1-------------
LP Objective Value = 461.33,   sum y = 5.0
x[1, 2, 5, 1],  93.16
y[5, 18, 12, 21, 14, 5] = 0.19  43.12
y[5, 23, 5] = 0.79  16.0
y[5, 14, 21, 23, 5] = 0.21  39.3
y[5, 16, 28, 19, 7, 9, 11, 24, 6, 26, 5] = 0.25  111.04
y[5, 13, 25, 8, 14, 5] = 0.2  69.96
y[5, 15, 22, 27, 8, 13, 5] = 0.07  94.62
y[5, 20, 29, 28, 19, 9, 11, 24, 6, 5] = 0.27  111.63
y[5, 20, 9, 30, 24, 26, 15, 5] = 0.02  88.68
y[5, 16, 17, 15, 26, 10, 18, 5] = 0.09  71.35
y[5, 16, 17, 15, 26, 10, 21, 5] = 0.28  74.5
y[5, 8, 25, 27, 22, 15, 5] = 0.33  92.81
y[5, 20, 29, 7, 11, 30, 22, 5] = 0.27  98.98
y[5, 29, 28, 19, 7, 30, 24, 6, 5] = 0.25  117.06
y[5, 12, 10, 26, 30, 9, 7, 29, 20, 5] = 0.02  95.36
y[5, 26, 22, 27, 8, 13, 5] = 0.13  93.52
y[5, 16, 17, 18, 12, 14, 5] = 0.2  60.07
y[5, 21, 13, 10, 18, 12, 5] = 0.14  57.57
y[5, 12, 10, 27, 25, 8, 13, 5] = 0.27  85.05
y[5, 17, 20, 15, 18, 14, 5] = 0.2  64.02
y[5, 17, 28, 19, 9, 30, 6, 5] = 0.05  112.46
y[5, 13, 25, 27, 22, 10, 5] = 0.2  90.21
y[5, 29, 28, 19, 9, 30, 6, 12, 5] = 0.18  116.03
y[5, 26, 24, 30, 11, 9, 7, 20, 5] = 0.2  89.67
y[5, 16, 17, 18, 21, 5] = 0.18  63.48
false  0
Exceed Upper Bound, prune

================Iteration 53 of B&P for SP1 [1, 2, 5, 1] parkings[5]================
Display selected node 101, parent node 7: from 1 nodes
- Branching node in depth: 5
   + Customers MUST      served together:  (6, 28)  (17, 29)  
   + Customers FORBIDDEN served together:  (6, 18)  (16, 20)  
   # Total number of 2e routes cannot UNDER:   5  

  Branching node with fractional score: 4.36
  Branching node with cg lower bound: 459.21
  Branching node with LB reduction: 0.18
  Branching node with FS reduction: -0.01
  Total reduction: 0.34

Solve a child node 105
   + Customers MUST      served together:  (6, 28)  (16, 28)  (17, 29)  
   + Customers FORBIDDEN served together:  (6, 18)  (16, 20)  
   # Total number of 2e routes cannot UNDER:   5  

-------------Iter CG 1-------------
LP Objective Value = 459.51,   sum y = 5.0
x[1, 2, 5, 1],  93.16
y[5, 8, 25, 27, 22, 10, 12, 5] = 0.4  88.59
y[5, 23, 5] = 0.6  16.0
y[5, 14, 21, 23, 5] = 0.4  39.3
y[5, 16, 28, 19, 7, 9, 11, 24, 6, 26, 5] = 0.2  111.04
y[5, 13, 25, 8, 14, 5] = 0.2  69.96
y[5, 16, 28, 19, 7, 11, 30, 24, 6, 10, 5] = 0.2  115.69
y[5, 21, 13, 14, 5] = 0.2  50.18
y[5, 8, 25, 27, 22, 15, 5] = 0.2  92.81
y[5, 16, 28, 19, 7, 9, 30, 24, 6, 5] = 0.4  114.39
y[5, 26, 24, 30, 11, 9, 20, 5] = 0.2  87.58
y[5, 17, 29, 9, 11, 26, 5] = 0.2  85.92
y[5, 26, 22, 27, 8, 13, 5] = 0.2  93.52
y[5, 21, 13, 10, 18, 12, 5] = 0.2  57.57
y[5, 21, 14, 5] = 0.2  31.3
y[5, 16, 28, 19, 7, 11, 30, 6, 26, 10, 12, 5] = 0.2  118.56
y[5, 18, 15, 20, 29, 17, 5] = 0.8  73.73
y[5, 12, 22, 27, 25, 13, 5] = 0.2  90.2
false  0

Solve a child node 106
   + Customers MUST      served together:  (6, 28)  (17, 29)  
   + Customers FORBIDDEN served together:  (6, 18)  (16, 28)  (16, 20)  
   # Total number of 2e routes cannot UNDER:   5  

-------------Iter CG 1-------------
LP Objective Value = 466.49,   sum y = 5.0
x[1, 2, 5, 1],  93.16
y[5, 18, 12, 21, 14, 5] = 0.33  43.12
y[5, 23, 5] = 0.67  16.0
y[5, 14, 21, 23, 5] = 0.33  39.3
y[5, 16, 17, 29, 7, 9, 26, 5] = 0.33  83.25
y[5, 20, 28, 19, 7, 11, 30, 24, 6, 10, 5] = 0.67  118.41
y[5, 13, 25, 8, 14, 5] = 0.33  69.96
y[5, 8, 25, 27, 22, 15, 5] = 0.33  92.81
y[5, 16, 17, 29, 18, 12, 5] = 0.33  71.44
y[5, 16, 9, 11, 30, 24, 15, 5] = 0.33  92.31
y[5, 17, 29, 28, 19, 9, 6, 5] = 0.33  109.58
y[5, 26, 22, 27, 8, 13, 5] = 0.33  93.52
y[5, 21, 13, 10, 18, 12, 5] = 0.33  57.57
y[5, 20, 15, 26, 22, 27, 25, 5] = 0.33  98.31
true  8
-------------Iter CG 2-------------
LP Objective Value = 466.12,   sum y = 5.0
x[1, 2, 5, 1],  93.16
y[5, 18, 12, 21, 14, 5] = 0.03  43.12
y[5, 23, 5] = 0.69  16.0
y[5, 16, 17, 29, 26, 15, 5] = 0.24  76.15
y[5, 14, 21, 23, 5] = 0.31  39.3
y[5, 20, 28, 19, 7, 11, 30, 24, 6, 10, 5] = 0.52  118.41
y[5, 13, 25, 8, 14, 5] = 0.24  69.96
y[5, 20, 9, 30, 24, 26, 15, 5] = 0.07  88.68
y[5, 8, 25, 27, 22, 15, 5] = 0.48  92.81
y[5, 16, 17, 29, 18, 12, 5] = 0.24  71.44
y[5, 15, 26, 6, 24, 11, 9, 28, 5] = 0.03  110.28
y[5, 16, 7, 9, 11, 30, 26, 15, 5] = 0.07  92.79
y[5, 17, 29, 28, 19, 9, 6, 5] = 0.41  109.58
y[5, 16, 18, 12, 21, 14, 5] = 0.41  57.03
y[5, 22, 6, 24, 11, 9, 7, 19, 28, 5] = 0.03  120.15
y[5, 16, 17, 29, 19, 7, 9, 15, 5] = 0.03  89.74
y[5, 26, 22, 27, 8, 13, 5] = 0.24  93.52
y[5, 21, 13, 10, 18, 12, 5] = 0.24  57.57
y[5, 12, 10, 27, 25, 8, 13, 5] = 0.03  85.05
y[5, 13, 25, 27, 22, 10, 5] = 0.21  90.21
y[5, 18, 15, 20, 29, 17, 5] = 0.07  73.73
y[5, 26, 24, 30, 11, 9, 7, 20, 5] = 0.34  89.67
y[5, 12, 22, 27, 25, 13, 5] = 0.03  90.2
false  0
Exceed Upper Bound, prune

================Iteration 54 of B&P for SP1 [1, 2, 5, 1] parkings[5]================
Display selected node 105, parent node 101: from 1 nodes
- Branching node in depth: 6
   + Customers MUST      served together:  (6, 28)  (16, 28)  (17, 29)  
   + Customers FORBIDDEN served together:  (6, 18)  (16, 20)  
   # Total number of 2e routes cannot UNDER:   5  

  Branching node with fractional score: 4.2
  Branching node with cg lower bound: 459.51
  Branching node with LB reduction: 0.05
  Branching node with FS reduction: -0.03
  Total reduction: 0.05

Solve a child node 107
   + Customers MUST      served together:  (6, 28)  (16, 28)  (17, 29)  (11, 26)  
   + Customers FORBIDDEN served together:  (6, 18)  (16, 20)  
   # Total number of 2e routes cannot UNDER:   5  

-------------Iter CG 1-------------
LP Objective Value = 460.97,   sum y = 5.0
x[1, 2, 5, 1],  93.16
y[5, 18, 12, 21, 14, 5] = 0.14  43.12
y[5, 14, 21, 13, 8, 5] = 0.43  66.34
y[5, 8, 25, 27, 22, 10, 12, 5] = 0.57  88.59
y[5, 23, 5] = 0.71  16.0
y[5, 14, 21, 23, 5] = 0.29  39.3
y[5, 16, 28, 19, 7, 11, 30, 6, 26, 5] = 0.14  115.22
y[5, 16, 28, 19, 7, 9, 11, 24, 6, 26, 5] = 0.29  111.04
y[5, 21, 13, 14, 5] = 0.14  50.18
y[5, 16, 28, 19, 7, 9, 30, 24, 6, 5] = 0.43  114.39
y[5, 26, 24, 30, 11, 9, 20, 5] = 0.14  87.58
y[5, 17, 29, 9, 11, 26, 5] = 0.14  85.92
y[5, 15, 11, 30, 24, 26, 5] = 0.14  83.88
y[5, 13, 25, 27, 22, 10, 5] = 0.29  90.21
y[5, 16, 28, 19, 7, 11, 30, 6, 26, 10, 12, 5] = 0.14  118.56
y[5, 18, 15, 20, 29, 17, 5] = 0.86  73.73
y[5, 12, 22, 27, 25, 13, 5] = 0.14  90.2
false  0
Exceed Upper Bound, prune

Solve a child node 108
   + Customers MUST      served together:  (6, 28)  (16, 28)  (17, 29)  
   + Customers FORBIDDEN served together:  (6, 18)  (16, 20)  (11, 26)  
   # Total number of 2e routes cannot UNDER:   5  

-------------Iter CG 1-------------
LP Objective Value = 462.91,   sum y = 5.0
x[1, 2, 5, 1],  93.16
y[5, 18, 12, 21, 14, 5] = 0.57  43.12
y[5, 8, 25, 27, 22, 10, 12, 5] = 0.14  88.59
y[5, 23, 5] = 0.71  16.0
y[5, 14, 21, 23, 5] = 0.29  39.3
y[5, 26, 22, 27, 8, 21, 5] = 0.14  92.13
y[5, 16, 28, 19, 7, 11, 30, 24, 6, 10, 5] = 0.57  115.69
y[5, 17, 29, 9, 26, 5] = 0.14  82.46
y[5, 16, 28, 19, 7, 9, 30, 24, 6, 5] = 0.43  114.39
y[5, 14, 8, 25, 13, 5] = 0.14  69.96
y[5, 17, 29, 9, 11, 15, 20, 5] = 0.43  90.69
y[5, 26, 22, 27, 8, 13, 5] = 0.29  93.52
y[5, 12, 10, 27, 25, 8, 13, 5] = 0.29  85.05
y[5, 13, 25, 22, 26, 5] = 0.29  84.73
y[5, 20, 15, 26, 22, 27, 25, 5] = 0.14  98.31
y[5, 18, 15, 20, 29, 17, 5] = 0.43  73.73
false  0
Exceed Upper Bound, prune

Total Execution time = 13.06
Current optimal solution 459.79 found in interation 0 in level 0:
[1, 2, 5, 1]  93.16
[5, 21, 13, 10, 18, 12, 5]  57.57
[5, 14, 23, 5]  33.58
[5, 8, 25, 27, 22, 6, 5]  91.16
[5, 26, 24, 30, 11, 9, 7, 20, 5]  89.67
[5, 16, 17, 28, 19, 29, 15, 5]  94.65
