Minimum 2e routes required: 4
parking availability[1] = 0
parking availability[2] = 1
parking availability[3] = 0
parking availability[4] = 1
parking availability[5] = 0
Lower bound= 203.44   [1, 2, 5, 1]    parkings: Set([5])
Lower bound= 215.37   [1, 2, 3, 1]    parkings: Set([3])
Lower bound= 217.75   [1, 2, 1]    parkings: Set([2])
Lower bound= 230.03   [1, 2, 4, 5, 1]    parkings: Set([5, 2])
Lower bound= 231.07   [1, 4, 2, 5, 1]    parkings: Set([5, 4])
Lower bound= 238.47   [1, 4, 1]    parkings: Set([4])
Lower bound= 241.97   [1, 2, 4, 3, 1]    parkings: Set([2, 3])
Lower bound= 242.98   [1, 4, 2, 3, 1]    parkings: Set([4, 3])
Lower bound= 244.3   [1, 2, 4, 1]    parkings: Set([4, 2])
Lower bound= 267.77   [1, 4, 3, 2, 5, 1]    parkings: Set([5, 3])


================Iteration 0 of B&P for SP1 [1, 2, 5, 1] parkings[5]================
-------------Iter CG 1-------------
LP Objective Value = 1087.69,   sum y = 4.0
x[1, 2, 5, 1],  82.93
y[5, 11, 5] = 0.16  76.55
y[5, 18, 5] = 0.16  37.36
y[5, 17, 5] = 0.16  43.08
y[5, 25, 5] = 0.16  68.12
y[5, 22, 5] = 0.16  71.81
y[5, 15, 5] = 0.16  48.83
y[5, 23, 5] = 0.16  14.0
y[5, 19, 5] = 0.16  75.47
y[5, 6, 7, 8, 9, 10, 11, 12, 13, 14, 15, 16, 17, 18, 19, 20, 21, 22, 23, 24, 25, 5] = 0.84  1000.0
y[5, 9, 5] = 0.16  74.03
y[5, 7, 5] = 0.16  66.6
y[5, 21, 5] = 0.16  30.59
y[5, 8, 5] = 0.16  64.12
y[5, 13, 5] = 0.16  49.48
y[5, 6, 5] = 0.16  64.62
y[5, 24, 5] = 0.16  69.86
y[5, 20, 5] = 0.16  45.61
y[5, 14, 5] = 0.16  24.08
y[5, 12, 5] = 0.16  32.56
y[5, 16, 5] = 0.16  30.59
y[5, 10, 5] = 0.16  42.76
true  2080
-------------Iter CG 2-------------
LP Objective Value = 853.66,   sum y = 5.0
x[1, 2, 5, 1],  82.93
y[5, 18, 5] = 0.5  37.36
y[5, 23, 5] = 0.5  14.0
y[5, 14, 5] = 0.5  24.08
y[5, 8, 5] = 0.5  64.12
y[5, 20, 7, 19, 11, 6, 10, 12, 16, 17, 5] = 0.5  129.66
y[5, 25, 5] = 0.5  68.12
y[5, 21, 5] = 0.5  30.59
y[5, 13, 5] = 0.5  49.48
y[5, 6, 7, 8, 9, 10, 11, 12, 13, 14, 15, 16, 17, 18, 19, 20, 21, 22, 23, 24, 25, 5] = 0.5  1000.0
y[5, 11, 9, 19, 7, 24, 22, 15, 5] = 0.5  124.03
true  1372
-------------Iter CG 3-------------
LP Objective Value = 401.77,   sum y = 5.0
x[1, 2, 5, 1],  82.93
y[5, 16, 15, 17, 5] = 1.0  67.28
y[5, 12, 21, 5] = 0.5  37.66
y[5, 22, 25, 12, 21, 5] = 0.5  86.01
y[5, 22, 8, 13, 14, 5] = 0.5  80.33
y[5, 23, 5] = 1.0  14.0
y[5, 20, 7, 19, 9, 11, 24, 6, 10, 18, 5] = 1.0  100.76
y[5, 14, 8, 25, 13, 5] = 0.5  69.58
true  1175
-------------Iter CG 4-------------
LP Objective Value = 359.3,   sum y = 4.11
x[1, 2, 5, 1],  82.93
y[5, 21, 13, 10, 18, 15, 5] = 0.11  72.02
y[5, 20, 7, 19, 9, 11, 24, 6, 15, 5] = 0.11  101.49
y[5, 16, 15, 8, 25, 13, 5] = 0.33  89.84
y[5, 20, 7, 19, 9, 11, 24, 6, 22, 5] = 0.11  109.18
y[5, 12, 8, 25, 22, 15, 5] = 0.11  85.66
y[5, 23, 21, 14, 5] = 0.11  38.17
y[5, 17, 15, 10, 21, 14, 5] = 0.11  69.87
y[5, 23, 5] = 0.89  14.0
y[5, 20, 7, 19, 9, 11, 24, 6, 22, 10, 5] = 0.78  109.22
y[5, 14, 8, 25, 13, 5] = 0.56  69.58
y[5, 17, 15, 18, 12, 14, 5] = 0.22  64.7
y[5, 21, 12, 18, 17, 16, 5] = 0.67  64.6
true  365
-------------Iter CG 5-------------
LP Objective Value = 358.87,   sum y = 4.2
x[1, 2, 5, 1],  82.93
y[5, 16, 17, 20, 15, 21, 5] = 0.2  68.92
y[5, 21, 13, 10, 18, 15, 5] = 0.2  72.02
y[5, 12, 8, 25, 22, 15, 5] = 0.2  85.66
y[5, 23, 5] = 1.0  14.0
y[5, 20, 7, 19, 9, 11, 24, 6, 15, 16, 5] = 0.2  109.4
y[5, 20, 7, 19, 9, 11, 24, 6, 22, 10, 5] = 0.8  109.22
y[5, 14, 8, 25, 13, 5] = 0.8  69.58
y[5, 17, 15, 18, 12, 14, 5] = 0.2  64.7
y[5, 21, 12, 18, 17, 16, 5] = 0.6  64.6
true  205
-------------Iter CG 6-------------
LP Objective Value = 356.22,   sum y = 4.18
x[1, 2, 5, 1],  82.93
y[5, 16, 17, 19, 7, 15, 18, 12, 5] = 0.18  86.13
y[5, 15, 9, 11, 24, 22, 6, 5] = 0.27  93.17
y[5, 12, 8, 25, 22, 15, 5] = 0.09  85.66
y[5, 23, 21, 14, 5] = 0.09  38.17
y[5, 23, 5] = 0.91  14.0
y[5, 21, 12, 10, 15, 17, 16, 5] = 0.09  72.31
y[5, 20, 7, 19, 9, 11, 24, 6, 22, 10, 5] = 0.64  109.22
y[5, 21, 13, 10, 18, 12, 5] = 0.18  57.49
y[5, 14, 8, 25, 13, 5] = 0.82  69.58
y[5, 16, 17, 20, 15, 18, 5] = 0.27  63.8
y[5, 20, 7, 19, 9, 11, 24, 6, 10, 21, 5] = 0.09  103.43
y[5, 21, 12, 18, 17, 16, 5] = 0.36  64.6
y[5, 16, 17, 19, 7, 15, 12, 21, 5] = 0.09  90.88
y[5, 14, 8, 25, 21, 5] = 0.09  68.39
true  62
-------------Iter CG 7-------------
LP Objective Value = 352.82,   sum y = 4.0
x[1, 2, 5, 1],  82.93
y[5, 16, 17, 20, 15, 18, 12, 5] = 0.5  64.23
y[5, 8, 25, 22, 24, 5] = 0.5  85.75
y[5, 16, 17, 19, 7, 9, 11, 6, 15, 5] = 0.5  101.34
y[5, 23, 21, 14, 5] = 0.5  38.17
y[5, 23, 5] = 0.5  14.0
y[5, 20, 7, 19, 9, 11, 24, 6, 22, 10, 5] = 0.5  109.22
y[5, 21, 13, 10, 18, 12, 5] = 0.5  57.49
y[5, 14, 8, 25, 13, 5] = 0.5  69.58
true  1
-------------Iter CG 8-------------
LP Objective Value = 352.82,   sum y = 4.0
x[1, 2, 5, 1],  82.93
y[5, 16, 17, 20, 15, 18, 12, 5] = 0.5  64.23
y[5, 8, 25, 22, 24, 5] = 0.5  85.75
y[5, 16, 17, 19, 7, 9, 11, 6, 15, 5] = 0.5  101.34
y[5, 23, 21, 14, 5] = 0.5  38.17
y[5, 23, 5] = 0.5  14.0
y[5, 20, 7, 19, 9, 11, 24, 6, 22, 10, 5] = 0.5  109.22
y[5, 21, 13, 10, 18, 12, 5] = 0.5  57.49
y[5, 14, 8, 25, 13, 5] = 0.5  69.58
true  1
-------------Iter CG 9-------------
LP Objective Value = 352.82,   sum y = 4.0
x[1, 2, 5, 1],  82.93
y[5, 16, 17, 20, 15, 18, 12, 5] = 0.5  64.23
y[5, 8, 25, 22, 24, 5] = 0.5  85.75
y[5, 16, 17, 19, 7, 9, 11, 6, 15, 5] = 0.5  101.34
y[5, 23, 21, 14, 5] = 0.5  38.17
y[5, 23, 5] = 0.5  14.0
y[5, 20, 7, 19, 9, 11, 24, 6, 22, 10, 5] = 0.5  109.22
y[5, 21, 13, 10, 18, 12, 5] = 0.5  57.49
y[5, 14, 8, 25, 13, 5] = 0.5  69.58
true  13
-------------Iter CG 10-------------
LP Objective Value = 352.4,   sum y = 4.05
x[1, 2, 5, 1],  82.93
y[5, 16, 17, 20, 15, 18, 12, 5] = 0.35  64.23
y[5, 16, 20, 19, 7, 9, 11, 24, 22, 12, 5] = 0.15  109.73
y[5, 21, 13, 10, 18, 5] = 0.1  57.07
y[5, 16, 17, 19, 7, 9, 11, 6, 15, 5] = 0.1  101.34
y[5, 15, 6, 22, 8, 25, 5] = 0.3  87.51
y[5, 23, 21, 14, 5] = 0.3  38.17
y[5, 23, 5] = 0.7  14.0
y[5, 16, 17, 19, 7, 9, 11, 24, 10, 5] = 0.1  100.75
y[5, 20, 7, 19, 9, 11, 24, 6, 10, 18, 5] = 0.05  100.76
y[5, 20, 7, 19, 9, 11, 24, 6, 22, 10, 5] = 0.45  109.22
y[5, 15, 6, 24, 22, 10, 21, 5] = 0.1  83.22
y[5, 21, 13, 10, 18, 12, 5] = 0.2  57.49
y[5, 14, 8, 25, 13, 5] = 0.7  69.58
y[5, 21, 12, 18, 17, 16, 5] = 0.3  64.6
y[5, 17, 19, 7, 9, 11, 24, 15, 5] = 0.15  100.09
true  22
-------------Iter CG 11-------------
LP Objective Value = 351.64,   sum y = 4.0
x[1, 2, 5, 1],  82.93
y[5, 16, 17, 20, 15, 18, 12, 5] = 0.43  64.23
y[5, 16, 20, 19, 7, 9, 11, 24, 22, 12, 5] = 0.14  109.73
y[5, 15, 6, 22, 8, 25, 5] = 0.43  87.51
y[5, 17, 19, 7, 9, 11, 24, 6, 10, 5] = 0.29  99.92
y[5, 23, 21, 14, 5] = 0.43  38.17
y[5, 23, 5] = 0.57  14.0
y[5, 16, 20, 19, 7, 9, 11, 24, 22, 10, 5] = 0.14  109.74
y[5, 16, 19, 7, 9, 11, 24, 6, 22, 5] = 0.14  109.64
y[5, 20, 7, 19, 9, 11, 24, 6, 22, 10, 5] = 0.14  109.22
y[5, 21, 18, 20, 17, 16, 5] = 0.14  66.14
y[5, 21, 13, 10, 18, 12, 5] = 0.43  57.49
y[5, 14, 8, 25, 13, 5] = 0.57  69.58
y[5, 17, 19, 7, 9, 11, 24, 15, 5] = 0.14  100.09
false  0
MILP Result:
363.78
[1, 2, 5, 1]    82.93
[5, 20, 7, 19, 9, 11, 24, 6, 22, 10, 5]   109.22
[5, 14, 8, 25, 13, 5]   69.58
[5, 21, 23, 5]   37.82
[5, 16, 17, 20, 15, 18, 12, 5]   64.23
Branching stack contains now 1 nodes, current upper bound is 363.78

================Iteration 1 of B&P for SP1 [1, 2, 5, 1] parkings[5]================
Display selected node 0, parent node 0: from 1 nodes
- Branching node in depth: 0

  Branching node with fractional score: 3.71
  Branching node with cg lower bound: 351.64
  Branching node with LB reduction: Inf
  Branching node with FS reduction: Inf
  Total reduction: -0.0

Solve child node 1
   + Customers MUST      served together:  (16, 24)  

-------------Iter CG 1-------------
LP Objective Value = 357.6,   sum y = 4.17
x[1, 2, 5, 1],  82.93
y[5, 16, 17, 20, 9, 11, 24, 6, 5] = 0.17  90.25
y[5, 17, 19, 7, 15, 6, 22, 10, 5] = 0.17  109.51
y[5, 15, 6, 22, 8, 25, 5] = 0.58  87.51
y[5, 12, 18, 21, 14, 5] = 0.25  43.3
y[5, 16, 20, 19, 7, 9, 11, 24, 6, 15, 5] = 0.08  104.54
y[5, 23, 21, 14, 5] = 0.17  38.17
y[5, 23, 5] = 0.83  14.0
y[5, 16, 20, 19, 7, 9, 11, 24, 22, 10, 5] = 0.25  109.74
y[5, 16, 17, 20, 19, 7, 9, 11, 24, 5] = 0.5  104.02
y[5, 21, 13, 10, 18, 12, 5] = 0.58  57.49
y[5, 14, 8, 25, 13, 5] = 0.42  69.58
y[5, 17, 15, 18, 12, 14, 5] = 0.17  64.7
true  157
-------------Iter CG 2-------------
LP Objective Value = 354.87,   sum y = 4.04
x[1, 2, 5, 1],  82.93
y[5, 16, 20, 19, 7, 9, 11, 24, 22, 12, 5] = 0.13  109.73
y[5, 16, 17, 20, 9, 11, 24, 6, 5] = 0.04  90.25
y[5, 17, 20, 15, 18, 14, 5] = 0.17  64.82
y[5, 15, 6, 22, 8, 25, 5] = 0.65  87.51
y[5, 12, 18, 21, 14, 5] = 0.04  43.3
y[5, 16, 20, 19, 7, 9, 11, 24, 6, 15, 5] = 0.04  104.54
y[5, 16, 17, 19, 7, 9, 24, 6, 10, 5] = 0.04  99.63
y[5, 23, 21, 14, 5] = 0.3  38.17
y[5, 23, 5] = 0.7  14.0
y[5, 17, 20, 19, 7, 11, 6, 22, 10, 12, 5] = 0.04  112.71
y[5, 16, 17, 20, 19, 7, 9, 11, 24, 5] = 0.3  104.02
y[5, 16, 19, 7, 9, 11, 24, 6, 22, 5] = 0.17  109.64
y[5, 16, 17, 20, 19, 7, 9, 11, 24, 10, 5] = 0.26  105.33
y[5, 21, 13, 10, 18, 12, 5] = 0.65  57.49
y[5, 14, 8, 25, 13, 5] = 0.35  69.58
y[5, 17, 15, 18, 12, 14, 5] = 0.13  64.7
true  7
-------------Iter CG 3-------------
LP Objective Value = 354.51,   sum y = 4.1
x[1, 2, 5, 1],  82.93
y[5, 16, 20, 19, 7, 9, 11, 24, 22, 12, 5] = 0.05  109.73
y[5, 17, 20, 15, 18, 14, 5] = 0.14  64.82
y[5, 15, 6, 22, 8, 25, 5] = 0.62  87.51
y[5, 16, 20, 19, 7, 9, 11, 24, 6, 15, 5] = 0.05  104.54
y[5, 23, 21, 14, 5] = 0.24  38.17
y[5, 23, 5] = 0.76  14.0
y[5, 12, 6, 22, 25, 13, 5] = 0.1  84.88
y[5, 16, 17, 20, 19, 7, 9, 11, 24, 5] = 0.29  104.02
y[5, 16, 19, 7, 9, 11, 24, 6, 22, 5] = 0.14  109.64
y[5, 14, 21, 12, 18, 5] = 0.24  43.24
y[5, 16, 17, 20, 19, 7, 9, 11, 24, 10, 5] = 0.48  105.33
y[5, 21, 13, 10, 18, 12, 5] = 0.52  57.49
y[5, 14, 8, 25, 13, 5] = 0.29  69.58
y[5, 17, 15, 18, 12, 14, 5] = 0.1  64.7
y[5, 15, 6, 22, 8, 13, 5] = 0.1  85.14
true  1
-------------Iter CG 4-------------
LP Objective Value = 353.03,   sum y = 4.1
x[1, 2, 5, 1],  82.93
y[5, 16, 20, 19, 7, 9, 11, 24, 22, 12, 5] = 0.05  109.73
y[5, 17, 20, 15, 18, 14, 5] = 0.14  64.82
y[5, 8, 25, 22, 6, 15, 5] = 0.62  85.13
y[5, 16, 20, 19, 7, 9, 11, 24, 6, 15, 5] = 0.05  104.54
y[5, 23, 21, 14, 5] = 0.24  38.17
y[5, 23, 5] = 0.76  14.0
y[5, 12, 6, 22, 25, 13, 5] = 0.1  84.88
y[5, 16, 17, 20, 19, 7, 9, 11, 24, 5] = 0.29  104.02
y[5, 16, 19, 7, 9, 11, 24, 6, 22, 5] = 0.14  109.64
y[5, 14, 21, 12, 18, 5] = 0.24  43.24
y[5, 16, 17, 20, 19, 7, 9, 11, 24, 10, 5] = 0.48  105.33
y[5, 21, 13, 10, 18, 12, 5] = 0.52  57.49
y[5, 14, 8, 25, 13, 5] = 0.29  69.58
y[5, 17, 15, 18, 12, 14, 5] = 0.1  64.7
y[5, 15, 6, 22, 8, 13, 5] = 0.1  85.14
false  0

Solve child node 2
   + Customers FORBIDDEN served together:  (16, 24)  

-------------Iter CG 1-------------
LP Objective Value = 352.82,   sum y = 4.0
x[1, 2, 5, 1],  82.93
y[5, 16, 17, 20, 15, 18, 12, 5] = 0.5  64.23
y[5, 8, 25, 22, 24, 5] = 0.5  85.75
y[5, 16, 17, 19, 7, 9, 11, 6, 15, 5] = 0.5  101.34
y[5, 23, 21, 14, 5] = 0.5  38.17
y[5, 23, 5] = 0.5  14.0
y[5, 20, 7, 19, 9, 11, 24, 6, 22, 10, 5] = 0.5  109.22
y[5, 21, 13, 10, 18, 12, 5] = 0.5  57.49
y[5, 14, 8, 25, 13, 5] = 0.5  69.58
true  13
-------------Iter CG 2-------------
LP Objective Value = 352.82,   sum y = 4.0
x[1, 2, 5, 1],  82.93
y[5, 16, 17, 20, 15, 18, 12, 5] = 0.5  64.23
y[5, 8, 25, 22, 24, 5] = 0.5  85.75
y[5, 16, 17, 19, 7, 9, 11, 6, 15, 5] = 0.5  101.34
y[5, 23, 21, 14, 5] = 0.5  38.17
y[5, 23, 5] = 0.5  14.0
y[5, 20, 7, 19, 9, 11, 24, 6, 22, 10, 5] = 0.5  109.22
y[5, 21, 13, 10, 18, 12, 5] = 0.5  57.49
y[5, 14, 8, 25, 13, 5] = 0.5  69.58
true  2
-------------Iter CG 3-------------
LP Objective Value = 352.82,   sum y = 4.0
x[1, 2, 5, 1],  82.93
y[5, 16, 17, 20, 15, 18, 12, 5] = 0.5  64.23
y[5, 8, 25, 22, 24, 5] = 0.5  85.75
y[5, 16, 17, 19, 7, 9, 11, 6, 15, 5] = 0.5  101.34
y[5, 23, 21, 14, 5] = 0.5  38.17
y[5, 23, 5] = 0.5  14.0
y[5, 20, 7, 19, 9, 11, 24, 6, 22, 10, 5] = 0.5  109.22
y[5, 21, 13, 10, 18, 12, 5] = 0.5  57.49
y[5, 14, 8, 25, 13, 5] = 0.5  69.58
false  0

================Iteration 2 of B&P for SP1 [1, 2, 5, 1] parkings[5]================
Display selected node 1, parent node 0: from 2 nodes
- Branching node in depth: 1
   + Customers MUST      served together:  (16, 24)  

  Branching node with fractional score: 3.29
  Branching node with cg lower bound: 353.03
  Branching node with LB reduction: 1.4
  Branching node with FS reduction: -0.43
  Total reduction: 0.97
Branch on total number of 2e routes:  4.0, 5.0

Solve child node 3
   + Customers MUST      served together:  (16, 24)  
   # Total number of 2e routes cannot UNDER:   5  

-------------Iter CG 1-------------
LP Objective Value = 363.86,   sum y = 5.0
x[1, 2, 5, 1],  82.93
y[5, 16, 20, 19, 7, 9, 11, 24, 22, 12, 5] = 0.07  109.73
y[5, 21, 14, 5] = 0.2  30.94
y[5, 17, 20, 15, 18, 14, 5] = 0.2  64.82
y[5, 8, 25, 22, 6, 15, 5] = 0.6  85.13
y[5, 16, 20, 19, 7, 9, 11, 24, 6, 15, 5] = 0.07  104.54
y[5, 23, 5] = 1.67  14.0
y[5, 16, 17, 19, 7, 9, 11, 24, 10, 5] = 0.13  100.75
y[5, 12, 6, 22, 25, 13, 5] = 0.13  84.88
y[5, 16, 17, 20, 19, 7, 9, 11, 24, 5] = 0.27  104.02
y[5, 16, 19, 7, 9, 11, 24, 6, 22, 5] = 0.07  109.64
y[5, 14, 21, 12, 18, 5] = 0.33  43.24
y[5, 16, 17, 20, 19, 7, 9, 11, 24, 10, 5] = 0.4  105.33
y[5, 21, 13, 10, 18, 12, 5] = 0.47  57.49
y[5, 14, 8, 25, 13, 5] = 0.27  69.58
y[5, 15, 6, 22, 8, 13, 5] = 0.13  85.14
false  0
Exceed Upper Bound, prune

Solve child node 4
   + Customers MUST      served together:  (16, 24)  
   # Total number of 2e routes cannot EXCEED:   4  

-------------Iter CG 1-------------
LP Objective Value = 353.28,   sum y = 4.0
x[1, 2, 5, 1],  82.93
y[5, 16, 20, 19, 7, 9, 11, 24, 22, 12, 5] = 0.05  109.73
y[5, 23, 21, 12, 18, 5] = 0.11  50.12
y[5, 17, 20, 15, 18, 14, 5] = 0.16  64.82
y[5, 8, 25, 22, 6, 15, 5] = 0.58  85.13
y[5, 16, 20, 19, 7, 9, 11, 24, 6, 15, 5] = 0.05  104.54
y[5, 23, 21, 14, 5] = 0.26  38.17
y[5, 23, 5] = 0.63  14.0
y[5, 12, 6, 22, 25, 13, 5] = 0.11  84.88
y[5, 16, 17, 20, 19, 7, 9, 11, 24, 5] = 0.21  104.02
y[5, 16, 19, 7, 9, 11, 24, 6, 22, 5] = 0.16  109.64
y[5, 14, 21, 12, 18, 5] = 0.16  43.24
y[5, 16, 17, 20, 19, 7, 9, 11, 24, 10, 5] = 0.53  105.33
y[5, 21, 13, 10, 18, 12, 5] = 0.47  57.49
y[5, 14, 8, 25, 13, 5] = 0.32  69.58
y[5, 17, 15, 18, 12, 14, 5] = 0.11  64.7
y[5, 15, 6, 22, 8, 13, 5] = 0.11  85.14
true  12
-------------Iter CG 2-------------
LP Objective Value = 353.28,   sum y = 4.0
x[1, 2, 5, 1],  82.93
y[5, 16, 20, 19, 7, 9, 11, 24, 22, 12, 5] = 0.05  109.73
y[5, 23, 21, 12, 18, 5] = 0.11  50.12
y[5, 17, 20, 15, 18, 14, 5] = 0.16  64.82
y[5, 8, 25, 22, 6, 15, 5] = 0.58  85.13
y[5, 16, 20, 19, 7, 9, 11, 24, 6, 15, 5] = 0.05  104.54
y[5, 23, 21, 14, 5] = 0.26  38.17
y[5, 23, 5] = 0.63  14.0
y[5, 12, 6, 22, 25, 13, 5] = 0.11  84.88
y[5, 16, 17, 20, 19, 7, 9, 11, 24, 5] = 0.21  104.02
y[5, 16, 19, 7, 9, 11, 24, 6, 22, 5] = 0.16  109.64
y[5, 14, 21, 12, 18, 5] = 0.16  43.24
y[5, 16, 17, 20, 19, 7, 9, 11, 24, 10, 5] = 0.53  105.33
y[5, 21, 13, 10, 18, 12, 5] = 0.47  57.49
y[5, 14, 8, 25, 13, 5] = 0.32  69.58
y[5, 17, 15, 18, 12, 14, 5] = 0.11  64.7
y[5, 15, 6, 22, 8, 13, 5] = 0.11  85.14
false  0

================Iteration 3 of B&P for SP1 [1, 2, 5, 1] parkings[5]================
Display selected node 4, parent node 1: from 2 nodes
- Branching node in depth: 2
   + Customers MUST      served together:  (16, 24)  
   # Total number of 2e routes cannot EXCEED:   4  

  Branching node with fractional score: 3.53
  Branching node with cg lower bound: 353.28
  Branching node with LB reduction: 0.12
  Branching node with FS reduction: 0.12
  Total reduction: 0.29

Solve child node 5
   + Customers MUST      served together:  (12, 16)  (16, 24)  
   # Total number of 2e routes cannot EXCEED:   4  

-------------Iter CG 1-------------
LP Objective Value = 364.77,   sum y = 4.0
x[1, 2, 5, 1],  82.93
y[5, 16, 20, 19, 7, 9, 11, 24, 22, 12, 5] = 0.33  109.73
y[5, 21, 13, 10, 18, 5] = 0.33  57.07
y[5, 8, 25, 22, 6, 15, 5] = 0.33  85.13
y[5, 21, 18, 15, 17, 5] = 0.33  68.02
y[5, 23, 21, 14, 5] = 0.33  38.17
y[5, 23, 5] = 0.67  14.0
y[5, 17, 20, 7, 6, 22, 18, 5] = 0.33  96.11
y[5, 16, 17, 19, 9, 11, 24, 10, 12, 5] = 0.33  98.92
y[5, 20, 7, 19, 9, 11, 24, 6, 15, 10, 12, 16, 5] = 0.33  125.21
y[5, 14, 8, 25, 13, 5] = 0.67  69.58
true  61
-------------Iter CG 2-------------
LP Objective Value = 364.14,   sum y = 4.0
x[1, 2, 5, 1],  82.93
y[5, 16, 20, 19, 7, 9, 11, 24, 22, 12, 5] = 0.56  109.73
y[5, 21, 13, 8, 6, 15, 5] = 0.11  82.48
y[5, 21, 13, 10, 18, 5] = 0.33  57.07
y[5, 17, 20, 15, 18, 14, 5] = 0.33  64.82
y[5, 8, 25, 22, 6, 15, 5] = 0.44  85.13
y[5, 23, 21, 18, 5] = 0.11  49.75
y[5, 23, 21, 14, 5] = 0.22  38.17
y[5, 23, 5] = 0.67  14.0
y[5, 17, 7, 6, 10, 18, 21, 5] = 0.22  90.72
y[5, 17, 7, 6, 25, 13, 5] = 0.11  101.74
y[5, 16, 17, 19, 9, 11, 24, 10, 12, 5] = 0.33  98.92
y[5, 20, 7, 19, 9, 11, 24, 6, 15, 10, 12, 16, 5] = 0.11  125.21
y[5, 14, 8, 25, 13, 5] = 0.44  69.58
true  18
-------------Iter CG 3-------------
LP Objective Value = 363.98,   sum y = 4.0
x[1, 2, 5, 1],  82.93
y[5, 17, 20, 7, 15, 18, 14, 5] = 0.25  79.42
y[5, 16, 20, 19, 7, 9, 11, 24, 22, 12, 5] = 0.5  109.73
y[5, 21, 13, 8, 6, 15, 5] = 0.12  82.48
y[5, 21, 13, 10, 18, 5] = 0.38  57.07
y[5, 17, 20, 15, 18, 14, 5] = 0.12  64.82
y[5, 8, 25, 22, 6, 15, 5] = 0.5  85.13
y[5, 23, 21, 14, 5] = 0.38  38.17
y[5, 23, 5] = 0.62  14.0
y[5, 17, 7, 6, 10, 18, 21, 5] = 0.12  90.72
y[5, 16, 17, 19, 9, 11, 24, 10, 12, 5] = 0.5  98.92
y[5, 14, 8, 25, 13, 5] = 0.25  69.58
y[5, 18, 6, 25, 13, 5] = 0.12  82.64
y[5, 13, 8, 25, 6, 7, 20, 5] = 0.13  98.94
true  20
-------------Iter CG 4-------------
LP Objective Value = 363.96,   sum y = 4.0
x[1, 2, 5, 1],  82.93
y[5, 17, 20, 7, 15, 18, 14, 5] = 0.17  79.42
y[5, 16, 20, 19, 7, 9, 11, 24, 22, 12, 5] = 0.58  109.73
y[5, 21, 13, 8, 6, 15, 5] = 0.17  82.48
y[5, 21, 13, 10, 18, 5] = 0.25  57.07
y[5, 17, 20, 15, 18, 14, 5] = 0.17  64.82
y[5, 8, 25, 22, 6, 15, 5] = 0.42  85.13
y[5, 21, 18, 15, 17, 5] = 0.08  68.02
y[5, 18, 10, 6, 25, 13, 5] = 0.17  83.95
y[5, 23, 21, 14, 5] = 0.33  38.17
y[5, 23, 5] = 0.67  14.0
y[5, 17, 7, 6, 10, 18, 21, 5] = 0.17  90.72
y[5, 16, 17, 19, 9, 11, 24, 10, 12, 5] = 0.42  98.92
y[5, 14, 8, 25, 13, 5] = 0.33  69.58
y[5, 13, 8, 25, 6, 7, 20, 5] = 0.08  98.94
true  1
-------------Iter CG 5-------------
LP Objective Value = 363.96,   sum y = 4.0
x[1, 2, 5, 1],  82.93
y[5, 17, 20, 7, 15, 18, 14, 5] = 0.17  79.42
y[5, 16, 20, 19, 7, 9, 11, 24, 22, 12, 5] = 0.58  109.73
y[5, 21, 13, 8, 6, 15, 5] = 0.17  82.48
y[5, 21, 13, 10, 18, 5] = 0.25  57.07
y[5, 17, 20, 15, 18, 14, 5] = 0.17  64.82
y[5, 8, 25, 22, 6, 15, 5] = 0.42  85.13
y[5, 21, 18, 15, 17, 5] = 0.08  68.02
y[5, 18, 10, 6, 25, 13, 5] = 0.17  83.95
y[5, 23, 21, 14, 5] = 0.33  38.17
y[5, 23, 5] = 0.67  14.0
y[5, 17, 7, 6, 10, 18, 21, 5] = 0.17  90.72
y[5, 16, 17, 19, 9, 11, 24, 10, 12, 5] = 0.42  98.92
y[5, 14, 8, 25, 13, 5] = 0.33  69.58
y[5, 13, 8, 25, 6, 7, 20, 5] = 0.08  98.94
false  0
Exceed Upper Bound, prune

Solve child node 6
   + Customers MUST      served together:  (16, 24)  
   + Customers FORBIDDEN served together:  (12, 16)  
   # Total number of 2e routes cannot EXCEED:   4  

-------------Iter CG 1-------------
LP Objective Value = 353.59,   sum y = 4.0
x[1, 2, 5, 1],  82.93
y[5, 23, 21, 12, 18, 5] = 0.13  50.12
y[5, 17, 20, 15, 18, 14, 5] = 0.13  64.82
y[5, 8, 25, 22, 6, 15, 5] = 0.56  85.13
y[5, 16, 20, 19, 7, 9, 11, 24, 6, 15, 5] = 0.06  104.54
y[5, 23, 21, 14, 5] = 0.25  38.17
y[5, 23, 5] = 0.62  14.0
y[5, 12, 6, 22, 25, 13, 5] = 0.13  84.88
y[5, 16, 20, 19, 7, 9, 11, 24, 22, 10, 5] = 0.06  109.74
y[5, 16, 17, 20, 19, 7, 9, 11, 24, 5] = 0.25  104.02
y[5, 16, 19, 7, 9, 11, 24, 6, 22, 5] = 0.12  109.64
y[5, 14, 21, 12, 18, 5] = 0.19  43.24
y[5, 16, 17, 20, 19, 7, 9, 11, 24, 10, 5] = 0.5  105.33
y[5, 21, 13, 10, 18, 12, 5] = 0.44  57.49
y[5, 14, 8, 25, 13, 5] = 0.31  69.58
y[5, 17, 15, 18, 12, 14, 5] = 0.12  64.7
y[5, 15, 6, 22, 8, 13, 5] = 0.13  85.14
true  5
-------------Iter CG 2-------------
LP Objective Value = 353.59,   sum y = 4.0
x[1, 2, 5, 1],  82.93
y[5, 23, 21, 12, 18, 5] = 0.12  50.12
y[5, 17, 20, 15, 18, 14, 5] = 0.12  64.82
y[5, 8, 25, 22, 6, 15, 5] = 0.56  85.13
y[5, 16, 20, 19, 7, 9, 11, 24, 6, 15, 5] = 0.06  104.54
y[5, 23, 21, 14, 5] = 0.25  38.17
y[5, 23, 5] = 0.62  14.0
y[5, 12, 6, 22, 25, 13, 5] = 0.12  84.88
y[5, 16, 20, 19, 7, 9, 11, 24, 22, 10, 5] = 0.06  109.74
y[5, 16, 17, 20, 19, 7, 9, 11, 24, 5] = 0.25  104.02
y[5, 16, 19, 7, 9, 11, 24, 6, 22, 5] = 0.12  109.64
y[5, 14, 21, 12, 18, 5] = 0.19  43.24
y[5, 16, 17, 20, 19, 7, 9, 11, 24, 10, 5] = 0.5  105.33
y[5, 21, 13, 10, 18, 12, 5] = 0.44  57.49
y[5, 14, 8, 25, 13, 5] = 0.31  69.58
y[5, 17, 15, 18, 12, 14, 5] = 0.12  64.7
y[5, 15, 6, 22, 8, 13, 5] = 0.12  85.14
false  0

================Iteration 4 of B&P for SP1 [1, 2, 5, 1] parkings[5]================
Display selected node 6, parent node 4: from 2 nodes
- Branching node in depth: 3
   + Customers MUST      served together:  (16, 24)  
   + Customers FORBIDDEN served together:  (12, 16)  
   # Total number of 2e routes cannot EXCEED:   4  

  Branching node with fractional score: 3.62
  Branching node with cg lower bound: 353.59
  Branching node with LB reduction: 0.1
  Branching node with FS reduction: 0.03
  Total reduction: 0.19

Solve child node 7
   + Customers MUST      served together:  (16, 24)  (16, 20)  
   + Customers FORBIDDEN served together:  (12, 16)  
   # Total number of 2e routes cannot EXCEED:   4  

-------------Iter CG 1-------------
LP Objective Value = 354.72,   sum y = 4.0
x[1, 2, 5, 1],  82.93
y[5, 8, 25, 22, 6, 15, 5] = 0.67  85.13
y[5, 16, 20, 19, 7, 9, 11, 24, 6, 15, 5] = 0.08  104.54
y[5, 18, 10, 6, 22, 13, 5] = 0.08  82.83
y[5, 23, 21, 14, 5] = 0.33  38.17
y[5, 23, 5] = 0.58  14.0
y[5, 12, 6, 22, 25, 13, 5] = 0.08  84.88
y[5, 16, 20, 19, 7, 9, 11, 24, 22, 10, 5] = 0.08  109.74
y[5, 23, 14, 12, 18, 5] = 0.08  47.58
y[5, 16, 17, 20, 19, 7, 9, 11, 24, 5] = 0.5  104.02
y[5, 14, 21, 12, 18, 5] = 0.17  43.24
y[5, 16, 17, 20, 19, 7, 9, 11, 24, 10, 5] = 0.33  105.33
y[5, 21, 13, 10, 18, 12, 5] = 0.5  57.49
y[5, 14, 8, 25, 13, 5] = 0.25  69.58
y[5, 17, 15, 18, 12, 14, 5] = 0.17  64.7
y[5, 15, 6, 22, 8, 13, 5] = 0.08  85.14
true  21
-------------Iter CG 2-------------
LP Objective Value = 354.59,   sum y = 4.0
x[1, 2, 5, 1],  82.93
y[5, 8, 25, 22, 6, 15, 5] = 0.65  85.13
y[5, 16, 20, 19, 7, 9, 11, 24, 6, 15, 5] = 0.05  104.54
y[5, 23, 21, 14, 5] = 0.3  38.17
y[5, 23, 5] = 0.6  14.0
y[5, 12, 6, 22, 25, 13, 5] = 0.1  84.88
y[5, 16, 20, 19, 7, 9, 11, 24, 22, 10, 5] = 0.05  109.74
y[5, 14, 18, 22, 6, 15, 5] = 0.1  78.8
y[5, 23, 14, 12, 18, 5] = 0.1  47.58
y[5, 16, 17, 20, 19, 7, 9, 11, 24, 5] = 0.5  104.02
y[5, 14, 21, 12, 18, 5] = 0.15  43.24
y[5, 16, 17, 20, 19, 7, 9, 11, 24, 10, 5] = 0.4  105.33
y[5, 21, 13, 10, 18, 12, 5] = 0.55  57.49
y[5, 14, 8, 25, 13, 5] = 0.25  69.58
y[5, 17, 15, 18, 12, 14, 5] = 0.1  64.7
y[5, 15, 6, 22, 8, 13, 5] = 0.1  85.14
true  5
-------------Iter CG 3-------------
LP Objective Value = 354.59,   sum y = 4.0
x[1, 2, 5, 1],  82.93
y[5, 8, 25, 22, 6, 15, 5] = 0.65  85.13
y[5, 16, 20, 19, 7, 9, 11, 24, 6, 15, 5] = 0.05  104.54
y[5, 23, 21, 14, 5] = 0.3  38.17
y[5, 23, 5] = 0.6  14.0
y[5, 12, 6, 22, 25, 13, 5] = 0.1  84.88
y[5, 16, 20, 19, 7, 9, 11, 24, 22, 10, 5] = 0.05  109.74
y[5, 14, 18, 22, 6, 15, 5] = 0.1  78.8
y[5, 23, 14, 12, 18, 5] = 0.1  47.58
y[5, 16, 17, 20, 19, 7, 9, 11, 24, 5] = 0.5  104.02
y[5, 14, 21, 12, 18, 5] = 0.15  43.24
y[5, 16, 17, 20, 19, 7, 9, 11, 24, 10, 5] = 0.4  105.33
y[5, 21, 13, 10, 18, 12, 5] = 0.55  57.49
y[5, 14, 8, 25, 13, 5] = 0.25  69.58
y[5, 17, 15, 18, 12, 14, 5] = 0.1  64.7
y[5, 15, 6, 22, 8, 13, 5] = 0.1  85.14
true  1
-------------Iter CG 4-------------
LP Objective Value = 354.59,   sum y = 4.0
x[1, 2, 5, 1],  82.93
y[5, 8, 25, 22, 6, 15, 5] = 0.65  85.13
y[5, 16, 20, 19, 7, 9, 11, 24, 6, 15, 5] = 0.05  104.54
y[5, 23, 21, 14, 5] = 0.3  38.17
y[5, 23, 5] = 0.6  14.0
y[5, 12, 6, 22, 25, 13, 5] = 0.1  84.88
y[5, 16, 20, 19, 7, 9, 11, 24, 22, 10, 5] = 0.05  109.74
y[5, 14, 18, 22, 6, 15, 5] = 0.1  78.8
y[5, 23, 14, 12, 18, 5] = 0.1  47.58
y[5, 16, 17, 20, 19, 7, 9, 11, 24, 5] = 0.5  104.02
y[5, 14, 21, 12, 18, 5] = 0.15  43.24
y[5, 16, 17, 20, 19, 7, 9, 11, 24, 10, 5] = 0.4  105.33
y[5, 21, 13, 10, 18, 12, 5] = 0.55  57.49
y[5, 14, 8, 25, 13, 5] = 0.25  69.58
y[5, 17, 15, 18, 12, 14, 5] = 0.1  64.7
y[5, 15, 6, 22, 8, 13, 5] = 0.1  85.14
false  0

Solve child node 8
   + Customers MUST      served together:  (16, 24)  
   + Customers FORBIDDEN served together:  (12, 16)  (16, 20)  
   # Total number of 2e routes cannot EXCEED:   4  

-------------Iter CG 1-------------
LP Objective Value = 359.09,   sum y = 4.0
x[1, 2, 5, 1],  82.93
y[5, 8, 25, 22, 6, 15, 5] = 0.15  85.13
y[5, 20, 6, 22, 25, 13, 5] = 0.04  91.85
y[5, 16, 17, 19, 7, 9, 24, 6, 10, 5] = 0.06  99.63
y[5, 23, 21, 14, 5] = 0.38  38.17
y[5, 14, 18, 15, 20, 17, 5] = 0.3  64.82
y[5, 23, 5] = 0.6  14.0
y[5, 16, 17, 19, 7, 9, 11, 24, 10, 5] = 0.4  100.75
y[5, 17, 20, 7, 9, 11, 6, 15, 5] = 0.06  93.21
y[5, 16, 19, 9, 11, 24, 6, 18, 5] = 0.09  98.07
y[5, 16, 19, 7, 9, 11, 24, 6, 22, 5] = 0.36  109.64
y[5, 16, 19, 9, 11, 24, 6, 22, 10, 5] = 0.02  107.84
y[5, 12, 8, 25, 22, 15, 20, 5] = 0.38  91.26
y[5, 21, 13, 10, 18, 12, 5] = 0.49  57.49
y[5, 17, 20, 18, 12, 21, 5] = 0.11  65.67
y[5, 14, 8, 25, 13, 5] = 0.32  69.58
y[5, 23, 21, 10, 18, 12, 5] = 0.02  54.01
y[5, 15, 6, 22, 8, 13, 5] = 0.04  85.14
y[5, 13, 8, 25, 6, 7, 20, 5] = 0.11  98.94
y[5, 15, 6, 24, 11, 19, 17, 16, 5] = 0.06  100.06
true  102
-------------Iter CG 2-------------
LP Objective Value = 357.87,   sum y = 4.0
x[1, 2, 5, 1],  82.93
y[5, 17, 20, 15, 7, 9, 11, 6, 10, 12, 5] = 0.07  99.78
y[5, 23, 21, 12, 18, 5] = 0.07  50.12
y[5, 17, 20, 15, 18, 14, 5] = 0.29  64.82
y[5, 8, 25, 22, 6, 15, 5] = 0.18  85.13
y[5, 16, 17, 19, 7, 9, 24, 6, 10, 5] = 0.07  99.63
y[5, 23, 21, 14, 5] = 0.29  38.17
y[5, 23, 5] = 0.64  14.0
y[5, 16, 17, 19, 7, 9, 11, 24, 10, 5] = 0.26  100.75
y[5, 16, 19, 7, 9, 11, 24, 6, 22, 5] = 0.6  109.64
y[5, 13, 8, 25, 10, 15, 20, 5] = 0.18  90.07
y[5, 12, 8, 25, 22, 15, 20, 5] = 0.21  91.26
y[5, 21, 13, 10, 18, 12, 5] = 0.4  57.49
y[5, 17, 20, 18, 12, 21, 5] = 0.24  65.67
y[5, 14, 8, 25, 13, 5] = 0.42  69.58
y[5, 20, 6, 22, 8, 25, 10, 12, 5] = 0.01  94.43
y[5, 15, 6, 24, 11, 19, 17, 16, 5] = 0.07  100.06
true  12
-------------Iter CG 3-------------
LP Objective Value = 357.81,   sum y = 4.0
x[1, 2, 5, 1],  82.93
y[5, 20, 7, 9, 11, 6, 25, 8, 12, 5] = 0.07  103.14
y[5, 17, 20, 15, 18, 14, 5] = 0.36  64.82
y[5, 8, 25, 22, 6, 15, 5] = 0.21  85.13
y[5, 16, 17, 19, 7, 9, 24, 6, 10, 5] = 0.07  99.63
y[5, 23, 21, 14, 5] = 0.29  38.17
y[5, 23, 5] = 0.64  14.0
y[5, 16, 17, 19, 7, 9, 11, 24, 10, 5] = 0.29  100.75
y[5, 16, 19, 7, 9, 11, 24, 6, 22, 5] = 0.57  109.64
y[5, 23, 21, 12, 20, 17, 5] = 0.07  71.6
y[5, 13, 8, 25, 10, 15, 20, 5] = 0.14  90.07
y[5, 12, 8, 25, 22, 15, 20, 5] = 0.21  91.26
y[5, 21, 13, 10, 18, 12, 5] = 0.5  57.49
y[5, 17, 20, 18, 12, 21, 5] = 0.14  65.67
y[5, 14, 8, 25, 13, 5] = 0.36  69.58
y[5, 15, 6, 24, 11, 19, 17, 16, 5] = 0.07  100.06
true  9
-------------Iter CG 4-------------
LP Objective Value = 357.81,   sum y = 4.0
x[1, 2, 5, 1],  82.93
y[5, 20, 7, 9, 11, 6, 25, 8, 12, 5] = 0.07  103.14
y[5, 17, 20, 15, 18, 14, 5] = 0.36  64.82
y[5, 8, 25, 22, 6, 15, 5] = 0.21  85.13
y[5, 16, 17, 19, 7, 9, 24, 6, 10, 5] = 0.07  99.63
y[5, 23, 21, 14, 5] = 0.29  38.17
y[5, 23, 5] = 0.64  14.0
y[5, 16, 17, 19, 7, 9, 11, 24, 10, 5] = 0.29  100.75
y[5, 16, 19, 7, 9, 11, 24, 6, 22, 5] = 0.57  109.64
y[5, 23, 21, 12, 20, 17, 5] = 0.07  71.6
y[5, 13, 8, 25, 10, 15, 20, 5] = 0.14  90.07
y[5, 12, 8, 25, 22, 15, 20, 5] = 0.21  91.26
y[5, 21, 13, 10, 18, 12, 5] = 0.5  57.49
y[5, 17, 20, 18, 12, 21, 5] = 0.14  65.67
y[5, 14, 8, 25, 13, 5] = 0.36  69.58
y[5, 15, 6, 24, 11, 19, 17, 16, 5] = 0.07  100.06
false  0

================Iteration 5 of B&P for SP1 [1, 2, 5, 1] parkings[5]================
Display selected node 7, parent node 6: from 3 nodes
- Branching node in depth: 4
   + Customers MUST      served together:  (16, 24)  (16, 20)  
   + Customers FORBIDDEN served together:  (12, 16)  
   # Total number of 2e routes cannot EXCEED:   4  

  Branching node with fractional score: 3.4
  Branching node with cg lower bound: 354.59
  Branching node with LB reduction: 0.25
  Branching node with FS reduction: -0.06
  Total reduction: 0.32

Solve child node 9
   + Customers MUST      served together:  (16, 24)  (12, 14)  (16, 20)  
   + Customers FORBIDDEN served together:  (12, 16)  
   # Total number of 2e routes cannot EXCEED:   4  

-------------Iter CG 1-------------
LP Objective Value = 358.69,   sum y = 4.0
x[1, 2, 5, 1],  82.93
y[5, 8, 25, 22, 6, 15, 5] = 1.0  85.13
y[5, 23, 5] = 0.5  14.0
y[5, 16, 17, 20, 19, 7, 9, 11, 24, 5] = 0.5  104.02
y[5, 14, 21, 12, 18, 5] = 0.5  43.24
y[5, 16, 17, 20, 19, 7, 9, 11, 24, 10, 5] = 0.5  105.33
y[5, 23, 13, 21, 5] = 0.5  55.8
y[5, 14, 12, 18, 10, 13, 5] = 0.5  58.87
true  41
-------------Iter CG 2-------------
LP Objective Value = 358.69,   sum y = 4.0
x[1, 2, 5, 1],  82.93
y[5, 8, 25, 22, 6, 15, 5] = 1.0  85.13
y[5, 23, 5] = 0.5  14.0
y[5, 16, 17, 20, 19, 7, 9, 11, 24, 5] = 0.5  104.02
y[5, 14, 21, 12, 18, 5] = 0.5  43.24
y[5, 16, 17, 20, 19, 7, 9, 11, 24, 10, 5] = 0.5  105.33
y[5, 23, 13, 21, 5] = 0.5  55.8
y[5, 14, 12, 18, 10, 13, 5] = 0.5  58.87
true  4
-------------Iter CG 3-------------
LP Objective Value = 358.69,   sum y = 4.0
x[1, 2, 5, 1],  82.93
y[5, 8, 25, 22, 6, 15, 5] = 1.0  85.13
y[5, 23, 5] = 0.5  14.0
y[5, 16, 17, 20, 19, 7, 9, 11, 24, 5] = 0.5  104.02
y[5, 14, 21, 12, 18, 5] = 0.5  43.24
y[5, 16, 17, 20, 19, 7, 9, 11, 24, 10, 5] = 0.5  105.33
y[5, 23, 13, 21, 5] = 0.5  55.8
y[5, 14, 12, 18, 10, 13, 5] = 0.5  58.87
true  2
-------------Iter CG 4-------------
LP Objective Value = 358.69,   sum y = 4.0
x[1, 2, 5, 1],  82.93
y[5, 8, 25, 22, 6, 15, 5] = 1.0  85.13
y[5, 23, 5] = 0.5  14.0
y[5, 16, 17, 20, 19, 7, 9, 11, 24, 5] = 0.5  104.02
y[5, 14, 21, 12, 18, 5] = 0.5  43.24
y[5, 16, 17, 20, 19, 7, 9, 11, 24, 10, 5] = 0.5  105.33
y[5, 23, 13, 21, 5] = 0.5  55.8
y[5, 14, 12, 18, 10, 13, 5] = 0.5  58.87
false  0

Solve child node 10
   + Customers MUST      served together:  (16, 24)  (16, 20)  
   + Customers FORBIDDEN served together:  (12, 16)  (12, 14)  
   # Total number of 2e routes cannot EXCEED:   4  

-------------Iter CG 1-------------
LP Objective Value = 357.33,   sum y = 4.0
x[1, 2, 5, 1],  82.93
y[5, 13, 25, 8, 14, 5] = 0.27  69.58
y[5, 23, 21, 12, 18, 5] = 0.09  50.12
y[5, 12, 10, 6, 22, 25, 8, 5] = 0.27  83.93
y[5, 14, 18, 15, 17, 5] = 0.36  64.7
y[5, 8, 25, 22, 6, 15, 5] = 0.36  85.13
y[5, 16, 20, 19, 7, 9, 11, 24, 6, 15, 5] = 0.18  104.54
y[5, 23, 21, 14, 5] = 0.36  38.17
y[5, 23, 5] = 0.55  14.0
y[5, 12, 6, 22, 25, 13, 5] = 0.09  84.88
y[5, 16, 20, 19, 7, 9, 11, 24, 22, 10, 5] = 0.18  109.74
y[5, 16, 17, 20, 19, 7, 9, 11, 24, 5] = 0.64  104.02
y[5, 21, 13, 10, 18, 12, 5] = 0.55  57.49
y[5, 15, 6, 22, 8, 13, 5] = 0.09  85.14
true  20
-------------Iter CG 2-------------
LP Objective Value = 357.33,   sum y = 4.0
x[1, 2, 5, 1],  82.93
y[5, 14, 21, 23, 5] = 0.36  38.17
y[5, 13, 25, 8, 14, 5] = 0.27  69.58
y[5, 23, 21, 12, 18, 5] = 0.09  50.12
y[5, 12, 10, 6, 22, 25, 8, 5] = 0.27  83.93
y[5, 14, 18, 15, 17, 5] = 0.36  64.7
y[5, 8, 25, 22, 6, 15, 5] = 0.36  85.13
y[5, 16, 20, 19, 7, 9, 11, 24, 6, 15, 5] = 0.18  104.54
y[5, 23, 5] = 0.55  14.0
y[5, 12, 6, 22, 25, 13, 5] = 0.09  84.88
y[5, 16, 20, 19, 7, 9, 11, 24, 22, 10, 5] = 0.18  109.74
y[5, 16, 17, 20, 19, 7, 9, 11, 24, 5] = 0.64  104.02
y[5, 21, 13, 10, 18, 12, 5] = 0.55  57.49
y[5, 15, 6, 22, 8, 13, 5] = 0.09  85.14
true  2
-------------Iter CG 3-------------
LP Objective Value = 357.33,   sum y = 4.0
x[1, 2, 5, 1],  82.93
y[5, 14, 21, 23, 5] = 0.36  38.17
y[5, 13, 25, 8, 14, 5] = 0.27  69.58
y[5, 23, 21, 12, 18, 5] = 0.09  50.12
y[5, 12, 10, 6, 22, 25, 8, 5] = 0.27  83.93
y[5, 14, 18, 15, 17, 5] = 0.36  64.7
y[5, 8, 25, 22, 6, 15, 5] = 0.36  85.13
y[5, 16, 20, 19, 7, 9, 11, 24, 6, 15, 5] = 0.18  104.54
y[5, 23, 5] = 0.55  14.0
y[5, 12, 6, 22, 25, 13, 5] = 0.09  84.88
y[5, 16, 20, 19, 7, 9, 11, 24, 22, 10, 5] = 0.18  109.74
y[5, 16, 17, 20, 19, 7, 9, 11, 24, 5] = 0.64  104.02
y[5, 21, 13, 10, 18, 12, 5] = 0.55  57.49
y[5, 15, 6, 22, 8, 13, 5] = 0.09  85.14
false  0

================Iteration 6 of B&P for SP1 [1, 2, 5, 1] parkings[5]================
Display selected node 10, parent node 7: from 4 nodes
- Branching node in depth: 5
   + Customers MUST      served together:  (16, 24)  (16, 20)  
   + Customers FORBIDDEN served together:  (12, 16)  (12, 14)  
   # Total number of 2e routes cannot EXCEED:   4  

  Branching node with fractional score: 3.55
  Branching node with cg lower bound: 357.33
  Branching node with LB reduction: 0.55
  Branching node with FS reduction: 0.03
  Total reduction: 1.11

Solve child node 11
   + Customers MUST      served together:  (6, 22)  (16, 24)  (16, 20)  
   + Customers FORBIDDEN served together:  (12, 16)  (12, 14)  
   # Total number of 2e routes cannot EXCEED:   4  

-------------Iter CG 1-------------
LP Objective Value = 358.14,   sum y = 4.0
x[1, 2, 5, 1],  82.93
y[5, 16, 17, 19, 7, 9, 24, 15, 20, 5] = 0.2  105.4
y[5, 12, 18, 22, 6, 11, 15, 5] = 0.2  90.3
y[5, 14, 21, 23, 5] = 0.4  38.17
y[5, 13, 25, 8, 14, 5] = 0.4  69.58
y[5, 12, 10, 6, 22, 25, 8, 5] = 0.2  83.93
y[5, 8, 25, 22, 6, 15, 5] = 0.4  85.13
y[5, 23, 5] = 0.6  14.0
y[5, 14, 18, 22, 6, 15, 5] = 0.2  78.8
y[5, 16, 17, 20, 19, 7, 9, 11, 24, 5] = 0.6  104.02
y[5, 16, 17, 20, 19, 7, 9, 11, 24, 10, 5] = 0.2  105.33
y[5, 21, 13, 10, 18, 12, 5] = 0.6  57.49
false  0

Solve child node 12
   + Customers MUST      served together:  (16, 24)  (16, 20)  
   + Customers FORBIDDEN served together:  (12, 16)  (6, 22)  (12, 14)  
   # Total number of 2e routes cannot EXCEED:   4  

-------------Iter CG 1-------------
LP Objective Value = 364.28,   sum y = 4.0
x[1, 2, 5, 1],  82.93
y[5, 16, 17, 19, 7, 9, 24, 15, 20, 5] = 0.31  105.4
y[5, 21, 13, 18, 12, 5] = 0.13  56.42
y[5, 13, 25, 22, 15, 5] = 0.19  86.13
y[5, 14, 21, 23, 5] = 0.19  38.17
y[5, 21, 13, 8, 6, 15, 5] = 0.13  82.48
y[5, 13, 25, 8, 14, 5] = 0.19  69.58
y[5, 23, 21, 12, 18, 5] = 0.19  50.12
y[5, 16, 17, 20, 9, 11, 24, 6, 5] = 0.31  90.25
y[5, 22, 8, 13, 14, 5] = 0.06  80.33
y[5, 14, 8, 25, 22, 10, 5] = 0.56  80.05
y[5, 16, 20, 19, 7, 9, 11, 24, 6, 15, 5] = 0.25  104.54
y[5, 21, 18, 15, 17, 5] = 0.06  68.02
y[5, 12, 8, 25, 22, 15, 5] = 0.06  85.66
y[5, 23, 5] = 0.62  14.0
y[5, 16, 20, 19, 7, 9, 11, 24, 22, 10, 5] = 0.12  109.74
y[5, 12, 18, 6, 11, 7, 19, 17, 5] = 0.31  98.78
y[5, 21, 13, 10, 18, 12, 5] = 0.31  57.49
false  0
Exceed Upper Bound, prune

================Iteration 7 of B&P for SP1 [1, 2, 5, 1] parkings[5]================
Display selected node 11, parent node 10: from 4 nodes
- Branching node in depth: 6
   + Customers MUST      served together:  (6, 22)  (16, 24)  (16, 20)  
   + Customers FORBIDDEN served together:  (12, 16)  (12, 14)  
   # Total number of 2e routes cannot EXCEED:   4  

  Branching node with fractional score: 3.4
  Branching node with cg lower bound: 358.14
  Branching node with LB reduction: 0.14
  Branching node with FS reduction: -0.02
  Total reduction: 0.24

Solve child node 13
   + Customers MUST      served together:  (6, 22)  (15, 22)  (16, 24)  (16, 20)  
   + Customers FORBIDDEN served together:  (12, 16)  (12, 14)  
   # Total number of 2e routes cannot EXCEED:   4  

-------------Iter CG 1-------------
LP Objective Value = 359.44,   sum y = 4.0
x[1, 2, 5, 1],  82.93
y[5, 8, 25, 22, 6, 15, 5] = 0.5  85.13
y[5, 23, 21, 14, 5] = 0.5  38.17
y[5, 23, 5] = 0.5  14.0
y[5, 13, 8, 25, 10, 12, 5] = 0.5  71.38
y[5, 14, 18, 22, 6, 15, 5] = 0.5  78.8
y[5, 16, 17, 20, 19, 7, 9, 11, 24, 5] = 1.0  104.02
y[5, 21, 13, 10, 18, 12, 5] = 0.5  57.49
false  0

Solve child node 14
   + Customers MUST      served together:  (6, 22)  (16, 24)  (16, 20)  
   + Customers FORBIDDEN served together:  (12, 16)  (15, 22)  (12, 14)  
   # Total number of 2e routes cannot EXCEED:   4  

-------------Iter CG 1-------------
LP Objective Value = 364.73,   sum y = 4.0
x[1, 2, 5, 1],  82.93
y[5, 16, 17, 19, 7, 9, 24, 15, 20, 5] = 0.36  105.4
y[5, 21, 13, 18, 12, 5] = 0.18  56.42
y[5, 14, 21, 23, 5] = 0.45  38.17
y[5, 13, 25, 8, 14, 5] = 0.45  69.58
y[5, 21, 13, 10, 18, 15, 5] = 0.27  72.02
y[5, 12, 10, 6, 22, 25, 8, 5] = 0.36  83.93
y[5, 23, 5] = 0.55  14.0
y[5, 14, 21, 18, 5] = 0.09  42.87
y[5, 12, 18, 6, 22, 13, 5] = 0.09  81.95
y[5, 16, 17, 20, 19, 7, 9, 11, 24, 5] = 0.27  104.02
y[5, 8, 25, 22, 6, 5] = 0.18  82.83
y[5, 12, 18, 15, 11, 7, 19, 17, 5] = 0.36  98.78
y[5, 16, 20, 9, 11, 24, 6, 22, 10, 5] = 0.36  98.29
true  2
-------------Iter CG 2-------------
LP Objective Value = 364.24,   sum y = 4.0
x[1, 2, 5, 1],  82.93
y[5, 16, 17, 19, 7, 9, 24, 15, 20, 5] = 0.2  105.4
y[5, 14, 21, 18, 15, 5] = 0.2  57.82
y[5, 13, 25, 8, 14, 5] = 0.4  69.58
y[5, 21, 13, 10, 18, 15, 5] = 0.2  72.02
y[5, 12, 10, 6, 22, 25, 8, 5] = 0.6  83.93
y[5, 23, 21, 14, 5] = 0.4  38.17
y[5, 23, 5] = 0.6  14.0
y[5, 12, 18, 6, 22, 13, 5] = 0.2  81.95
y[5, 16, 17, 20, 19, 7, 9, 11, 24, 5] = 0.6  104.02
y[5, 21, 13, 18, 15, 5] = 0.2  70.95
y[5, 12, 18, 15, 11, 7, 19, 17, 5] = 0.2  98.78
y[5, 16, 20, 9, 11, 24, 6, 22, 10, 5] = 0.2  98.29
false  0
Exceed Upper Bound, prune

================Iteration 8 of B&P for SP1 [1, 2, 5, 1] parkings[5]================
Display selected node 13, parent node 11: from 4 nodes
- Branching node in depth: 7
   + Customers MUST      served together:  (6, 22)  (15, 22)  (16, 24)  (16, 20)  
   + Customers FORBIDDEN served together:  (12, 16)  (12, 14)  
   # Total number of 2e routes cannot EXCEED:   4  

  Branching node with fractional score: 3.0
  Branching node with cg lower bound: 359.44
  Branching node with LB reduction: 0.18
  Branching node with FS reduction: -0.06
  Total reduction: 0.3

Solve child node 15
   + Customers MUST      served together:  (6, 22)  (15, 22)  (8, 12)  (16, 24)  (16, 20)  
   + Customers FORBIDDEN served together:  (12, 16)  (12, 14)  
   # Total number of 2e routes cannot EXCEED:   4  

-------------Iter CG 1-------------
LP Objective Value = 374.07,   sum y = 4.0
x[1, 2, 5, 1],  82.93
y[5, 23, 5] = 0.5  14.0
y[5, 8, 25, 12, 21, 5] = 0.5  74.12
y[5, 13, 8, 25, 10, 12, 5] = 0.5  71.38
y[5, 14, 18, 22, 6, 15, 5] = 1.0  78.8
y[5, 16, 17, 20, 19, 7, 9, 11, 24, 5] = 0.5  104.02
y[5, 16, 17, 20, 19, 7, 9, 11, 24, 10, 5] = 0.5  105.33
y[5, 23, 13, 21, 5] = 0.5  55.8
false  0
Exceed Upper Bound, prune

Solve child node 16
   + Customers MUST      served together:  (6, 22)  (15, 22)  (16, 24)  (16, 20)  
   + Customers FORBIDDEN served together:  (12, 16)  (8, 12)  (12, 14)  
   # Total number of 2e routes cannot EXCEED:   4  

-------------Iter CG 1-------------
LP Objective Value = 362.03,   sum y = 4.0
x[1, 2, 5, 1],  82.93
y[5, 8, 25, 22, 6, 15, 5] = 1.0  85.13
y[5, 16, 17, 20, 19, 7, 9, 11, 24, 5] = 1.0  104.02
y[5, 23, 14, 5] = 1.0  32.46
y[5, 21, 13, 10, 18, 12, 5] = 1.0  57.49
false  0
Integer solution found
Update upper bound
[5, 23, 14, 5]   32.46
[5, 21, 13, 10, 18, 12, 5]   57.49
[5, 16, 17, 20, 19, 7, 9, 11, 24, 5]   104.02
[5, 8, 25, 22, 6, 15, 5]   85.13

================Iteration 9 of B&P for SP1 [1, 2, 5, 1] parkings[5]================
Display selected node 9, parent node 7: from 3 nodes
- Branching node in depth: 5
   + Customers MUST      served together:  (16, 24)  (12, 14)  (16, 20)  
   + Customers FORBIDDEN served together:  (12, 16)  
   # Total number of 2e routes cannot EXCEED:   4  

  Branching node with fractional score: 3.0
  Branching node with cg lower bound: 358.69
  Branching node with LB reduction: 0.82
  Branching node with FS reduction: -0.08
  Total reduction: 1.42

Solve child node 17
   + Customers MUST      served together:  (16, 24)  (12, 14)  (16, 20)  (10, 16)  
   + Customers FORBIDDEN served together:  (12, 16)  
   # Total number of 2e routes cannot EXCEED:   4  

-------------Iter CG 1-------------
LP Objective Value = 358.8,   sum y = 4.0
x[1, 2, 5, 1],  82.93
y[5, 6, 22, 25, 13, 5] = 0.25  84.27
y[5, 8, 25, 22, 6, 15, 5] = 0.5  85.13
y[5, 23, 5] = 0.5  14.0
y[5, 23, 14, 12, 18, 5] = 0.25  47.58
y[5, 14, 21, 12, 18, 5] = 0.75  43.24
y[5, 16, 17, 20, 19, 7, 9, 11, 24, 10, 5] = 1.0  105.33
y[5, 23, 13, 21, 5] = 0.25  55.8
y[5, 13, 8, 25, 15, 5] = 0.25  81.36
y[5, 15, 6, 22, 8, 13, 5] = 0.25  85.14
true  3
-------------Iter CG 2-------------
LP Objective Value = 358.8,   sum y = 4.0
x[1, 2, 5, 1],  82.93
y[5, 6, 22, 25, 13, 5] = 0.25  84.27
y[5, 8, 25, 22, 6, 15, 5] = 0.5  85.13
y[5, 23, 5] = 0.5  14.0
y[5, 23, 14, 12, 18, 5] = 0.25  47.58
y[5, 14, 21, 12, 18, 5] = 0.75  43.24
y[5, 16, 17, 20, 19, 7, 9, 11, 24, 10, 5] = 1.0  105.33
y[5, 23, 13, 21, 5] = 0.25  55.8
y[5, 13, 8, 25, 15, 5] = 0.25  81.36
y[5, 15, 6, 22, 8, 13, 5] = 0.25  85.14
false  0

Solve child node 18
   + Customers MUST      served together:  (16, 24)  (12, 14)  (16, 20)  
   + Customers FORBIDDEN served together:  (12, 16)  (10, 16)  
   # Total number of 2e routes cannot EXCEED:   4  

-------------Iter CG 1-------------
LP Objective Value = 359.98,   sum y = 4.0
x[1, 2, 5, 1],  82.93
y[5, 8, 25, 22, 6, 15, 5] = 1.0  85.13
y[5, 14, 21, 10, 18, 12, 5] = 0.5  47.14
y[5, 23, 5] = 0.5  14.0
y[5, 16, 17, 20, 19, 7, 9, 11, 24, 5] = 1.0  104.02
y[5, 23, 13, 21, 5] = 0.5  55.8
y[5, 14, 12, 18, 10, 13, 5] = 0.5  58.87
true  17
-------------Iter CG 2-------------
LP Objective Value = 359.98,   sum y = 4.0
x[1, 2, 5, 1],  82.93
y[5, 8, 25, 22, 6, 15, 5] = 1.0  85.13
y[5, 14, 21, 10, 18, 12, 5] = 0.5  47.14
y[5, 23, 5] = 0.5  14.0
y[5, 16, 17, 20, 19, 7, 9, 11, 24, 5] = 1.0  104.02
y[5, 23, 13, 21, 5] = 0.5  55.8
y[5, 14, 12, 18, 10, 13, 5] = 0.5  58.87
false  0

================Iteration 10 of B&P for SP1 [1, 2, 5, 1] parkings[5]================
Display selected node 17, parent node 9: from 4 nodes
- Branching node in depth: 6
   + Customers MUST      served together:  (16, 24)  (12, 14)  (16, 20)  (10, 16)  
   + Customers FORBIDDEN served together:  (12, 16)  
   # Total number of 2e routes cannot EXCEED:   4  

  Branching node with fractional score: 2.5
  Branching node with cg lower bound: 358.8
  Branching node with LB reduction: 0.02
  Branching node with FS reduction: -0.08
  Total reduction: -0.14

Solve child node 19
   + Customers MUST      served together:  (16, 24)  (12, 14)  (16, 20)  (8, 13)  (10, 16)  
   + Customers FORBIDDEN served together:  (12, 16)  
   # Total number of 2e routes cannot EXCEED:   4  

-------------Iter CG 1-------------
LP Objective Value = 364.83,   sum y = 4.0
x[1, 2, 5, 1],  82.93
y[5, 23, 21, 12, 14, 5] = 0.5  46.31
y[5, 18, 6, 22, 25, 5] = 0.5  83.09
y[5, 23, 5] = 0.5  14.0
y[5, 14, 21, 12, 18, 5] = 0.5  43.24
y[5, 16, 17, 20, 19, 7, 9, 11, 24, 10, 5] = 1.0  105.33
y[5, 13, 8, 25, 15, 5] = 0.5  81.36
y[5, 15, 6, 22, 8, 13, 5] = 0.5  85.14
true  22
-------------Iter CG 2-------------
LP Objective Value = 364.83,   sum y = 4.0
x[1, 2, 5, 1],  82.93
y[5, 23, 21, 12, 14, 5] = 0.5  46.31
y[5, 18, 6, 22, 25, 5] = 0.5  83.09
y[5, 23, 5] = 0.5  14.0
y[5, 14, 21, 12, 18, 5] = 0.5  43.24
y[5, 16, 17, 20, 19, 7, 9, 11, 24, 10, 5] = 1.0  105.33
y[5, 13, 8, 25, 15, 5] = 0.5  81.36
y[5, 15, 6, 22, 8, 13, 5] = 0.5  85.14
true  3
-------------Iter CG 3-------------
LP Objective Value = 364.83,   sum y = 4.0
x[1, 2, 5, 1],  82.93
y[5, 23, 21, 12, 14, 5] = 0.5  46.31
y[5, 18, 6, 22, 25, 5] = 0.5  83.09
y[5, 23, 5] = 0.5  14.0
y[5, 14, 21, 12, 18, 5] = 0.5  43.24
y[5, 16, 17, 20, 19, 7, 9, 11, 24, 10, 5] = 1.0  105.33
y[5, 13, 8, 25, 15, 5] = 0.5  81.36
y[5, 15, 6, 22, 8, 13, 5] = 0.5  85.14
false  0
Exceed Upper Bound, prune

Solve child node 20
   + Customers MUST      served together:  (16, 24)  (12, 14)  (16, 20)  (10, 16)  
   + Customers FORBIDDEN served together:  (12, 16)  (8, 13)  
   # Total number of 2e routes cannot EXCEED:   4  

-------------Iter CG 1-------------
LP Objective Value = 368.47,   sum y = 4.0
x[1, 2, 5, 1],  82.93
y[5, 18, 13, 21, 5] = 0.25  56.0
y[5, 6, 22, 25, 13, 5] = 0.25  84.27
y[5, 21, 13, 23, 5] = 0.5  55.8
y[5, 8, 25, 22, 6, 15, 5] = 0.5  85.13
y[5, 23, 5] = 0.5  14.0
y[5, 16, 20, 19, 7, 9, 11, 24, 22, 10, 5] = 0.25  109.74
y[5, 14, 21, 12, 18, 5] = 0.25  43.24
y[5, 16, 17, 20, 19, 7, 9, 11, 24, 10, 5] = 0.5  105.33
y[5, 17, 15, 18, 12, 14, 5] = 0.5  64.7
y[5, 20, 7, 19, 9, 11, 24, 6, 8, 10, 16, 5] = 0.25  129.94
y[5, 14, 8, 25, 12, 5] = 0.25  69.03
true  1
-------------Iter CG 2-------------
LP Objective Value = 368.47,   sum y = 4.0
x[1, 2, 5, 1],  82.93
y[5, 18, 13, 21, 5] = 0.25  56.0
y[5, 6, 22, 25, 13, 5] = 0.25  84.27
y[5, 8, 25, 22, 6, 15, 5] = 0.5  85.13
y[5, 23, 5] = 0.5  14.0
y[5, 16, 20, 19, 7, 9, 11, 24, 22, 10, 5] = 0.25  109.74
y[5, 14, 21, 12, 18, 5] = 0.25  43.24
y[5, 16, 17, 20, 19, 7, 9, 11, 24, 10, 5] = 0.5  105.33
y[5, 23, 13, 21, 5] = 0.5  55.8
y[5, 17, 15, 18, 12, 14, 5] = 0.5  64.7
y[5, 20, 7, 19, 9, 11, 24, 6, 8, 10, 16, 5] = 0.25  129.94
y[5, 14, 8, 25, 12, 5] = 0.25  69.03
false  0
Exceed Upper Bound, prune

================Iteration 11 of B&P for SP1 [1, 2, 5, 1] parkings[5]================
Display selected node 18, parent node 9: from 3 nodes
- Branching node in depth: 6
   + Customers MUST      served together:  (16, 24)  (12, 14)  (16, 20)  
   + Customers FORBIDDEN served together:  (12, 16)  (10, 16)  
   # Total number of 2e routes cannot EXCEED:   4  

  Branching node with fractional score: 2.0
  Branching node with cg lower bound: 359.98
  Branching node with LB reduction: 0.22
  Branching node with FS reduction: -0.17
  Total reduction: 0.1

Solve child node 21
   + Customers MUST      served together:  (12, 13)  (16, 24)  (12, 14)  (16, 20)  
   + Customers FORBIDDEN served together:  (12, 16)  (10, 16)  
   # Total number of 2e routes cannot EXCEED:   4  

-------------Iter CG 1-------------
LP Objective Value = 362.4,   sum y = 4.0
x[1, 2, 5, 1],  82.93
y[5, 8, 25, 22, 6, 15, 5] = 1.0  85.13
y[5, 23, 21, 18, 5] = 0.5  49.75
y[5, 23, 5] = 0.5  14.0
y[5, 16, 17, 20, 19, 7, 9, 11, 24, 5] = 1.0  104.02
y[5, 21, 13, 10, 12, 14, 5] = 0.5  58.02
y[5, 14, 12, 18, 10, 13, 5] = 0.5  58.87
true  9
-------------Iter CG 2-------------
LP Objective Value = 362.4,   sum y = 4.0
x[1, 2, 5, 1],  82.93
y[5, 8, 25, 22, 6, 15, 5] = 1.0  85.13
y[5, 23, 21, 18, 5] = 0.5  49.75
y[5, 23, 5] = 0.5  14.0
y[5, 16, 17, 20, 19, 7, 9, 11, 24, 5] = 1.0  104.02
y[5, 21, 13, 10, 12, 14, 5] = 0.5  58.02
y[5, 14, 12, 18, 10, 13, 5] = 0.5  58.87
false  0
Exceed Upper Bound, prune

Solve child node 22
   + Customers MUST      served together:  (16, 24)  (12, 14)  (16, 20)  
   + Customers FORBIDDEN served together:  (12, 16)  (12, 13)  (10, 16)  
   # Total number of 2e routes cannot EXCEED:   4  

-------------Iter CG 1-------------
LP Objective Value = 360.49,   sum y = 4.0
x[1, 2, 5, 1],  82.93
y[5, 8, 25, 22, 6, 15, 5] = 0.5  85.13
y[5, 14, 21, 10, 18, 12, 5] = 0.5  47.14
y[5, 23, 5] = 0.5  14.0
y[5, 23, 14, 12, 18, 5] = 0.25  47.58
y[5, 16, 17, 20, 19, 7, 9, 11, 24, 5] = 1.0  104.02
y[5, 15, 10, 25, 8, 13, 5] = 0.25  84.46
y[5, 14, 21, 12, 18, 5] = 0.25  43.24
y[5, 23, 13, 21, 5] = 0.25  55.8
y[5, 15, 6, 22, 8, 13, 5] = 0.25  85.14
y[5, 13, 25, 22, 6, 10, 5] = 0.25  85.38
true  18
-------------Iter CG 2-------------
LP Objective Value = 360.49,   sum y = 4.0
x[1, 2, 5, 1],  82.93
y[5, 8, 25, 22, 6, 15, 5] = 0.5  85.13
y[5, 14, 21, 10, 18, 12, 5] = 0.5  47.14
y[5, 23, 5] = 0.5  14.0
y[5, 23, 14, 12, 18, 5] = 0.25  47.58
y[5, 16, 17, 20, 19, 7, 9, 11, 24, 5] = 1.0  104.02
y[5, 15, 10, 25, 8, 13, 5] = 0.25  84.46
y[5, 14, 21, 12, 18, 5] = 0.25  43.24
y[5, 23, 13, 21, 5] = 0.25  55.8
y[5, 15, 6, 22, 8, 13, 5] = 0.25  85.14
y[5, 13, 25, 22, 6, 10, 5] = 0.25  85.38
true  1
-------------Iter CG 3-------------
LP Objective Value = 360.49,   sum y = 4.0
x[1, 2, 5, 1],  82.93
y[5, 8, 25, 22, 6, 15, 5] = 0.5  85.13
y[5, 14, 21, 10, 18, 12, 5] = 0.5  47.14
y[5, 23, 5] = 0.5  14.0
y[5, 23, 14, 12, 18, 5] = 0.25  47.58
y[5, 16, 17, 20, 19, 7, 9, 11, 24, 5] = 1.0  104.02
y[5, 15, 10, 25, 8, 13, 5] = 0.25  84.46
y[5, 14, 21, 12, 18, 5] = 0.25  43.24
y[5, 23, 13, 21, 5] = 0.25  55.8
y[5, 15, 6, 22, 8, 13, 5] = 0.25  85.14
y[5, 13, 25, 22, 6, 10, 5] = 0.25  85.38
false  0

================Iteration 12 of B&P for SP1 [1, 2, 5, 1] parkings[5]================
Display selected node 22, parent node 18: from 3 nodes
- Branching node in depth: 7
   + Customers MUST      served together:  (16, 24)  (12, 14)  (16, 20)  
   + Customers FORBIDDEN served together:  (12, 16)  (12, 13)  (10, 16)  
   # Total number of 2e routes cannot EXCEED:   4  

  Branching node with fractional score: 3.0
  Branching node with cg lower bound: 360.49
  Branching node with LB reduction: 0.07
  Branching node with FS reduction: 0.14
  Total reduction: 0.51

Solve child node 23
   + Customers MUST      served together:  (16, 24)  (12, 14)  (16, 20)  (8, 13)  
   + Customers FORBIDDEN served together:  (12, 16)  (12, 13)  (10, 16)  
   # Total number of 2e routes cannot EXCEED:   4  

-------------Iter CG 1-------------
LP Objective Value = 365.72,   sum y = 4.0
x[1, 2, 5, 1],  82.93
y[5, 23, 21, 12, 14, 5] = 0.5  46.31
y[5, 23, 5] = 0.5  14.0
y[5, 18, 10, 6, 22, 25, 5] = 0.5  84.4
y[5, 16, 17, 20, 19, 7, 9, 11, 24, 5] = 1.0  104.02
y[5, 15, 10, 25, 8, 13, 5] = 0.5  84.46
y[5, 14, 21, 12, 18, 5] = 0.5  43.24
y[5, 15, 6, 22, 8, 13, 5] = 0.5  85.14
true  14
-------------Iter CG 2-------------
LP Objective Value = 365.72,   sum y = 4.0
x[1, 2, 5, 1],  82.93
y[5, 23, 21, 12, 14, 5] = 0.5  46.31
y[5, 23, 5] = 0.5  14.0
y[5, 18, 10, 6, 22, 25, 5] = 0.5  84.4
y[5, 16, 17, 20, 19, 7, 9, 11, 24, 5] = 1.0  104.02
y[5, 15, 10, 25, 8, 13, 5] = 0.5  84.46
y[5, 14, 21, 12, 18, 5] = 0.5  43.24
y[5, 15, 6, 22, 8, 13, 5] = 0.5  85.14
true  3
-------------Iter CG 3-------------
LP Objective Value = 365.72,   sum y = 4.0
x[1, 2, 5, 1],  82.93
y[5, 23, 21, 12, 14, 5] = 0.5  46.31
y[5, 23, 5] = 0.5  14.0
y[5, 18, 10, 6, 22, 25, 5] = 0.5  84.4
y[5, 16, 17, 20, 19, 7, 9, 11, 24, 5] = 1.0  104.02
y[5, 15, 10, 25, 8, 13, 5] = 0.5  84.46
y[5, 14, 21, 12, 18, 5] = 0.5  43.24
y[5, 15, 6, 22, 8, 13, 5] = 0.5  85.14
true  2
-------------Iter CG 4-------------
LP Objective Value = 365.72,   sum y = 4.0
x[1, 2, 5, 1],  82.93
y[5, 23, 21, 12, 14, 5] = 0.5  46.31
y[5, 23, 5] = 0.5  14.0
y[5, 18, 10, 6, 22, 25, 5] = 0.5  84.4
y[5, 16, 17, 20, 19, 7, 9, 11, 24, 5] = 1.0  104.02
y[5, 15, 10, 25, 8, 13, 5] = 0.5  84.46
y[5, 14, 21, 12, 18, 5] = 0.5  43.24
y[5, 15, 6, 22, 8, 13, 5] = 0.5  85.14
false  0
Exceed Upper Bound, prune

Solve child node 24
   + Customers MUST      served together:  (16, 24)  (12, 14)  (16, 20)  
   + Customers FORBIDDEN served together:  (12, 16)  (12, 13)  (8, 13)  (10, 16)  
   # Total number of 2e routes cannot EXCEED:   4  

-------------Iter CG 1-------------
LP Objective Value = 368.2,   sum y = 4.0
x[1, 2, 5, 1],  82.93
y[5, 8, 22, 15, 12, 14, 5] = 0.14  88.06
y[5, 21, 13, 10, 18, 5] = 0.29  57.07
y[5, 8, 25, 22, 6, 15, 5] = 0.43  85.13
y[5, 16, 20, 19, 7, 9, 11, 24, 6, 15, 5] = 0.14  104.54
y[5, 14, 21, 10, 18, 12, 5] = 0.29  47.14
y[5, 23, 5] = 0.43  14.0
y[5, 23, 14, 12, 18, 5] = 0.14  47.58
y[5, 16, 17, 20, 19, 7, 9, 11, 24, 5] = 0.86  104.02
y[5, 15, 6, 22, 8, 10, 18, 5] = 0.14  85.83
y[5, 23, 13, 21, 5] = 0.43  55.8
y[5, 17, 15, 18, 12, 14, 5] = 0.14  64.7
y[5, 13, 25, 22, 6, 10, 5] = 0.29  85.38
y[5, 14, 8, 25, 12, 5] = 0.29  69.03
true  6
-------------Iter CG 2-------------
LP Objective Value = 368.2,   sum y = 4.0
x[1, 2, 5, 1],  82.93
y[5, 8, 22, 15, 12, 14, 5] = 0.14  88.06
y[5, 21, 13, 10, 18, 5] = 0.29  57.07
y[5, 8, 25, 22, 6, 15, 5] = 0.43  85.13
y[5, 16, 20, 19, 7, 9, 11, 24, 6, 15, 5] = 0.14  104.54
y[5, 14, 21, 10, 18, 12, 5] = 0.29  47.14
y[5, 23, 5] = 0.43  14.0
y[5, 23, 14, 12, 18, 5] = 0.14  47.58
y[5, 16, 17, 20, 19, 7, 9, 11, 24, 5] = 0.86  104.02
y[5, 15, 6, 22, 8, 10, 18, 5] = 0.14  85.83
y[5, 23, 13, 21, 5] = 0.43  55.8
y[5, 17, 15, 18, 12, 14, 5] = 0.14  64.7
y[5, 13, 25, 22, 6, 10, 5] = 0.29  85.38
y[5, 14, 8, 25, 12, 5] = 0.29  69.03
true  1
-------------Iter CG 3-------------
LP Objective Value = 368.2,   sum y = 4.0
x[1, 2, 5, 1],  82.93
y[5, 8, 22, 15, 12, 14, 5] = 0.14  88.06
y[5, 21, 13, 10, 18, 5] = 0.29  57.07
y[5, 8, 25, 22, 6, 15, 5] = 0.43  85.13
y[5, 16, 20, 19, 7, 9, 11, 24, 6, 15, 5] = 0.14  104.54
y[5, 14, 21, 10, 18, 12, 5] = 0.29  47.14
y[5, 23, 5] = 0.43  14.0
y[5, 23, 14, 12, 18, 5] = 0.14  47.58
y[5, 16, 17, 20, 19, 7, 9, 11, 24, 5] = 0.86  104.02
y[5, 15, 6, 22, 8, 10, 18, 5] = 0.14  85.83
y[5, 23, 13, 21, 5] = 0.43  55.8
y[5, 17, 15, 18, 12, 14, 5] = 0.14  64.7
y[5, 13, 25, 22, 6, 10, 5] = 0.29  85.38
y[5, 14, 8, 25, 12, 5] = 0.29  69.03
false  0
Exceed Upper Bound, prune

================Iteration 13 of B&P for SP1 [1, 2, 5, 1] parkings[5]================
Display selected node 2, parent node 0: from 2 nodes
- Branching node in depth: 1
   + Customers FORBIDDEN served together:  (16, 24)  

  Branching node with fractional score: 4.0
  Branching node with cg lower bound: 352.82
  Branching node with LB reduction: 1.18
  Branching node with FS reduction: 0.29
  Total reduction: 1.47

Solve child node 25
   + Customers MUST      served together:  (16, 20)  
   + Customers FORBIDDEN served together:  (16, 24)  

-------------Iter CG 1-------------
LP Objective Value = 359.08,   sum y = 4.0
x[1, 2, 5, 1],  82.93
y[5, 17, 19, 7, 9, 11, 24, 6, 10, 5] = 0.33  99.92
y[5, 23, 21, 14, 5] = 0.33  38.17
y[5, 23, 5] = 0.67  14.0
y[5, 15, 7, 19, 9, 24, 6, 22, 12, 5] = 0.33  110.25
y[5, 15, 6, 24, 22, 10, 18, 5] = 0.33  80.55
y[5, 21, 18, 20, 17, 16, 5] = 0.33  66.14
y[5, 16, 20, 11, 22, 8, 25, 5] = 0.33  104.79
y[5, 21, 13, 10, 18, 12, 5] = 0.33  57.49
y[5, 14, 8, 25, 13, 5] = 0.67  69.58
y[5, 16, 17, 20, 19, 7, 9, 11, 15, 12, 5] = 0.33  103.97
true  111
-------------Iter CG 2-------------
LP Objective Value = 354.04,   sum y = 4.1
x[1, 2, 5, 1],  82.93
y[5, 16, 17, 20, 15, 18, 12, 5] = 0.4  64.23
y[5, 10, 22, 24, 11, 9, 19, 7, 15, 5] = 0.2  108.85
y[5, 16, 17, 19, 7, 9, 11, 15, 20, 5] = 0.1  101.41
y[5, 8, 25, 22, 6, 15, 5] = 0.2  85.13
y[5, 23, 21, 14, 5] = 0.2  38.17
y[5, 23, 5] = 0.8  14.0
y[5, 19, 7, 9, 11, 24, 6, 10, 21, 5] = 0.2  102.29
y[5, 21, 18, 20, 17, 16, 5] = 0.5  66.14
y[5, 21, 13, 10, 18, 12, 5] = 0.1  57.49
y[5, 14, 8, 25, 13, 5] = 0.8  69.58
y[5, 19, 7, 9, 11, 24, 6, 22, 10, 12, 5] = 0.5  108.07
y[5, 15, 6, 24, 22, 13, 5] = 0.1  86.69
true  41
-------------Iter CG 3-------------
LP Objective Value = 354.04,   sum y = 4.1
x[1, 2, 5, 1],  82.93
y[5, 16, 17, 20, 15, 18, 12, 5] = 0.4  64.23
y[5, 10, 22, 24, 11, 9, 19, 7, 15, 5] = 0.2  108.85
y[5, 16, 17, 19, 7, 9, 11, 15, 20, 5] = 0.1  101.41
y[5, 8, 25, 22, 6, 15, 5] = 0.2  85.13
y[5, 23, 21, 14, 5] = 0.2  38.17
y[5, 23, 5] = 0.8  14.0
y[5, 19, 7, 9, 11, 24, 6, 10, 21, 5] = 0.2  102.29
y[5, 21, 18, 20, 17, 16, 5] = 0.5  66.14
y[5, 21, 13, 10, 18, 12, 5] = 0.1  57.49
y[5, 14, 8, 25, 13, 5] = 0.8  69.58
y[5, 19, 7, 9, 11, 24, 6, 22, 10, 12, 5] = 0.5  108.07
y[5, 15, 6, 24, 22, 13, 5] = 0.1  86.69
true  6
-------------Iter CG 4-------------
LP Objective Value = 353.93,   sum y = 4.12
x[1, 2, 5, 1],  82.93
y[5, 16, 17, 20, 15, 18, 12, 5] = 0.25  64.23
y[5, 10, 22, 24, 11, 9, 19, 7, 15, 5] = 0.13  108.85
y[5, 16, 17, 19, 7, 9, 11, 15, 20, 5] = 0.25  101.41
y[5, 8, 25, 22, 6, 15, 5] = 0.13  85.13
y[5, 23, 21, 14, 5] = 0.13  38.17
y[5, 23, 5] = 0.87  14.0
y[5, 19, 7, 9, 11, 24, 6, 18, 12, 5] = 0.12  98.73
y[5, 21, 18, 20, 17, 16, 5] = 0.5  66.14
y[5, 15, 6, 24, 22, 10, 21, 5] = 0.25  83.22
y[5, 21, 13, 10, 18, 12, 5] = 0.13  57.49
y[5, 14, 8, 25, 13, 5] = 0.87  69.58
y[5, 19, 7, 9, 11, 24, 6, 22, 10, 12, 5] = 0.5  108.07
false  0

Solve child node 26
   + Customers FORBIDDEN served together:  (16, 24)  (16, 20)  

-------------Iter CG 1-------------
LP Objective Value = 355.55,   sum y = 4.03
x[1, 2, 5, 1],  82.93
y[5, 15, 6, 24, 22, 8, 10, 12, 5] = 0.03  88.5
y[5, 16, 17, 19, 7, 15, 18, 12, 5] = 0.07  86.13
y[5, 15, 6, 24, 22, 25, 5] = 0.03  88.26
y[5, 20, 7, 19, 9, 11, 24, 6, 15, 12, 5] = 0.03  105.06
y[5, 16, 17, 19, 7, 9, 11, 6, 15, 5] = 0.1  101.34
y[5, 17, 20, 15, 18, 14, 5] = 0.14  64.82
y[5, 23, 21, 14, 5] = 0.26  38.17
y[5, 23, 5] = 0.74  14.0
y[5, 15, 6, 24, 22, 10, 18, 5] = 0.04  80.55
y[5, 15, 9, 11, 24, 6, 22, 10, 5] = 0.07  92.92
y[5, 20, 7, 19, 9, 11, 24, 6, 22, 10, 5] = 0.7  109.22
y[5, 16, 15, 25, 8, 13, 5] = 0.25  89.27
y[5, 12, 8, 25, 22, 15, 20, 5] = 0.13  91.26
y[5, 21, 13, 10, 18, 12, 5] = 0.16  57.49
y[5, 14, 8, 25, 13, 5] = 0.59  69.58
y[5, 21, 12, 18, 17, 16, 5] = 0.58  64.6
y[5, 17, 19, 7, 9, 11, 24, 15, 5] = 0.1  100.09
true  1
-------------Iter CG 2-------------
LP Objective Value = 355.51,   sum y = 4.02
x[1, 2, 5, 1],  82.93
y[5, 15, 6, 24, 22, 8, 10, 12, 5] = 0.02  88.5
y[5, 15, 6, 24, 22, 25, 5] = 0.02  88.26
y[5, 20, 7, 19, 9, 11, 24, 6, 15, 12, 5] = 0.02  105.06
y[5, 16, 17, 15, 18, 12, 5] = 0.11  64.11
y[5, 16, 17, 19, 7, 9, 11, 6, 15, 5] = 0.13  101.34
y[5, 17, 20, 15, 18, 14, 5] = 0.11  64.82
y[5, 23, 21, 14, 5] = 0.3  38.17
y[5, 23, 5] = 0.7  14.0
y[5, 15, 6, 24, 22, 10, 18, 5] = 0.09  80.55
y[5, 20, 7, 19, 9, 11, 24, 6, 22, 10, 5] = 0.72  109.22
y[5, 16, 15, 25, 8, 13, 5] = 0.23  89.27
y[5, 12, 8, 25, 22, 15, 20, 5] = 0.15  91.26
y[5, 21, 13, 10, 18, 12, 5] = 0.17  57.49
y[5, 14, 8, 25, 13, 5] = 0.6  69.58
y[5, 21, 12, 18, 17, 16, 5] = 0.53  64.6
y[5, 17, 19, 7, 9, 11, 24, 15, 5] = 0.13  100.09
false  0

================Iteration 14 of B&P for SP1 [1, 2, 5, 1] parkings[5]================
Display selected node 25, parent node 2: from 3 nodes
- Branching node in depth: 2
   + Customers MUST      served together:  (16, 20)  
   + Customers FORBIDDEN served together:  (16, 24)  

  Branching node with fractional score: 2.62
  Branching node with cg lower bound: 353.93
  Branching node with LB reduction: 0.55
  Branching node with FS reduction: -0.69
  Total reduction: -0.16
Branch on total number of 2e routes:  4.0, 5.0

Solve child node 27
   + Customers MUST      served together:  (16, 20)  
   + Customers FORBIDDEN served together:  (16, 24)  
   # Total number of 2e routes cannot UNDER:   5  

-------------Iter CG 1-------------
LP Objective Value = 365.19,   sum y = 5.0
x[1, 2, 5, 1],  82.93
y[5, 16, 17, 20, 15, 18, 12, 5] = 0.4  64.23
y[5, 10, 22, 24, 11, 9, 19, 7, 15, 5] = 0.2  108.85
y[5, 16, 17, 19, 7, 9, 11, 15, 20, 5] = 0.1  101.41
y[5, 21, 14, 5] = 0.2  30.94
y[5, 8, 25, 22, 6, 15, 5] = 0.2  85.13
y[5, 23, 5] = 1.7  14.0
y[5, 19, 7, 9, 11, 24, 6, 10, 21, 5] = 0.2  102.29
y[5, 21, 18, 20, 17, 16, 5] = 0.5  66.14
y[5, 21, 13, 10, 18, 12, 5] = 0.1  57.49
y[5, 14, 8, 25, 13, 5] = 0.8  69.58
y[5, 19, 7, 9, 11, 24, 6, 22, 10, 12, 5] = 0.5  108.07
y[5, 15, 6, 24, 22, 13, 5] = 0.1  86.69
false  0
Exceed Upper Bound, prune

Solve child node 28
   + Customers MUST      served together:  (16, 20)  
   + Customers FORBIDDEN served together:  (16, 24)  
   # Total number of 2e routes cannot EXCEED:   4  

-------------Iter CG 1-------------
LP Objective Value = 354.47,   sum y = 4.0
x[1, 2, 5, 1],  82.93
y[5, 16, 17, 20, 15, 18, 12, 5] = 0.45  64.23
y[5, 10, 22, 24, 11, 9, 19, 7, 15, 5] = 0.18  108.85
y[5, 16, 17, 19, 7, 9, 11, 15, 20, 5] = 0.09  101.41
y[5, 8, 25, 22, 6, 15, 5] = 0.18  85.13
y[5, 23, 21, 14, 5] = 0.18  38.17
y[5, 23, 5] = 0.64  14.0
y[5, 15, 6, 24, 22, 10, 18, 5] = 0.09  80.55
y[5, 19, 7, 9, 11, 24, 6, 10, 21, 5] = 0.18  102.29
y[5, 21, 18, 20, 17, 16, 5] = 0.45  66.14
y[5, 23, 13, 21, 5] = 0.18  55.8
y[5, 14, 8, 25, 13, 5] = 0.82  69.58
y[5, 19, 7, 9, 11, 24, 6, 22, 10, 12, 5] = 0.55  108.07
true  27
-------------Iter CG 2-------------
LP Objective Value = 354.47,   sum y = 4.0
x[1, 2, 5, 1],  82.93
y[5, 16, 17, 20, 15, 18, 12, 5] = 0.45  64.23
y[5, 10, 22, 24, 11, 9, 19, 7, 15, 5] = 0.18  108.85
y[5, 16, 17, 19, 7, 9, 11, 15, 20, 5] = 0.09  101.41
y[5, 8, 25, 22, 6, 15, 5] = 0.18  85.13
y[5, 23, 21, 14, 5] = 0.18  38.17
y[5, 23, 5] = 0.64  14.0
y[5, 15, 6, 24, 22, 10, 18, 5] = 0.09  80.55
y[5, 19, 7, 9, 11, 24, 6, 10, 21, 5] = 0.18  102.29
y[5, 21, 18, 20, 17, 16, 5] = 0.45  66.14
y[5, 23, 13, 21, 5] = 0.18  55.8
y[5, 14, 8, 25, 13, 5] = 0.82  69.58
y[5, 19, 7, 9, 11, 24, 6, 22, 10, 12, 5] = 0.55  108.07
false  0

================Iteration 15 of B&P for SP1 [1, 2, 5, 1] parkings[5]================
Display selected node 28, parent node 25: from 3 nodes
- Branching node in depth: 3
   + Customers MUST      served together:  (16, 20)  
   + Customers FORBIDDEN served together:  (16, 24)  
   # Total number of 2e routes cannot EXCEED:   4  

  Branching node with fractional score: 3.0
  Branching node with cg lower bound: 354.47
  Branching node with LB reduction: 0.18
  Branching node with FS reduction: 0.12
  Total reduction: 0.44

Solve child node 29
   + Customers MUST      served together:  (15, 24)  (16, 20)  
   + Customers FORBIDDEN served together:  (16, 24)  
   # Total number of 2e routes cannot EXCEED:   4  

-------------Iter CG 1-------------
LP Objective Value = 361.91,   sum y = 4.0
x[1, 2, 5, 1],  82.93
y[5, 10, 22, 24, 11, 9, 19, 7, 15, 5] = 0.4  108.85
y[5, 16, 20, 11, 22, 8, 13, 5] = 0.2  102.41
y[5, 15, 7, 19, 9, 11, 24, 6, 10, 12, 5] = 0.4  102.45
y[5, 12, 10, 6, 22, 25, 8, 5] = 0.2  83.93
y[5, 17, 19, 7, 9, 24, 6, 15, 5] = 0.2  100.0
y[5, 23, 21, 14, 5] = 0.2  38.17
y[5, 23, 5] = 0.6  14.0
y[5, 12, 6, 22, 25, 13, 5] = 0.2  84.88
y[5, 23, 14, 12, 18, 5] = 0.2  47.58
y[5, 21, 18, 20, 17, 16, 5] = 0.8  66.14
y[5, 14, 8, 25, 13, 5] = 0.6  69.58
true  115
-------------Iter CG 2-------------
LP Objective Value = 361.83,   sum y = 4.0
x[1, 2, 5, 1],  82.93
y[5, 12, 10, 22, 11, 9, 7, 19, 17, 5] = 0.14  105.96
y[5, 10, 22, 24, 11, 9, 19, 7, 15, 5] = 0.14  108.85
y[5, 23, 13, 22, 6, 10, 12, 5] = 0.14  88.65
y[5, 15, 7, 19, 9, 11, 24, 6, 10, 12, 5] = 0.29  102.45
y[5, 23, 21, 14, 5] = 0.14  38.17
y[5, 23, 5] = 0.71  14.0
y[5, 15, 7, 19, 9, 24, 6, 22, 12, 5] = 0.29  110.25
y[5, 15, 9, 11, 24, 6, 22, 10, 5] = 0.14  92.92
y[5, 21, 18, 20, 17, 16, 5] = 0.86  66.14
y[5, 16, 20, 11, 22, 8, 25, 5] = 0.14  104.79
y[5, 14, 8, 25, 13, 5] = 0.86  69.58
y[5, 15, 7, 19, 11, 24, 6, 10, 18, 12, 5] = 0.14  103.29
true  28
-------------Iter CG 3-------------
LP Objective Value = 361.8,   sum y = 4.0
x[1, 2, 5, 1],  82.93
y[5, 10, 22, 24, 11, 9, 19, 7, 15, 5] = 0.29  108.85
y[5, 13, 25, 22, 6, 12, 5] = 0.1  84.88
y[5, 16, 20, 11, 22, 8, 13, 5] = 0.1  102.41
y[5, 23, 13, 22, 6, 10, 12, 5] = 0.1  88.65
y[5, 15, 7, 19, 9, 11, 24, 6, 10, 12, 5] = 0.33  102.45
y[5, 12, 10, 6, 22, 25, 8, 5] = 0.14  83.93
y[5, 23, 21, 14, 5] = 0.14  38.17
y[5, 23, 5] = 0.67  14.0
y[5, 15, 7, 19, 9, 24, 6, 22, 12, 5] = 0.19  110.25
y[5, 15, 9, 11, 24, 6, 22, 10, 5] = 0.05  92.92
y[5, 23, 14, 12, 18, 5] = 0.1  47.58
y[5, 21, 18, 20, 17, 16, 5] = 0.86  66.14
y[5, 16, 20, 11, 22, 8, 25, 5] = 0.05  104.79
y[5, 14, 8, 25, 13, 5] = 0.71  69.58
y[5, 17, 19, 7, 9, 11, 6, 10, 14, 5] = 0.05  100.28
y[5, 15, 7, 19, 11, 24, 6, 10, 18, 12, 5] = 0.05  103.29
y[5, 17, 19, 7, 9, 11, 24, 15, 5] = 0.1  100.09
true  1
-------------Iter CG 4-------------
LP Objective Value = 361.8,   sum y = 4.0
x[1, 2, 5, 1],  82.93
y[5, 10, 22, 24, 11, 9, 19, 7, 15, 5] = 0.29  108.85
y[5, 13, 25, 22, 6, 12, 5] = 0.1  84.88
y[5, 16, 20, 11, 22, 8, 13, 5] = 0.1  102.41
y[5, 23, 13, 22, 6, 10, 12, 5] = 0.1  88.65
y[5, 15, 7, 19, 9, 11, 24, 6, 10, 12, 5] = 0.33  102.45
y[5, 12, 10, 6, 22, 25, 8, 5] = 0.14  83.93
y[5, 23, 21, 14, 5] = 0.14  38.17
y[5, 23, 5] = 0.67  14.0
y[5, 15, 7, 19, 9, 24, 6, 22, 12, 5] = 0.19  110.25
y[5, 15, 9, 11, 24, 6, 22, 10, 5] = 0.05  92.92
y[5, 23, 14, 12, 18, 5] = 0.1  47.58
y[5, 21, 18, 20, 17, 16, 5] = 0.86  66.14
y[5, 16, 20, 11, 22, 8, 25, 5] = 0.05  104.79
y[5, 14, 8, 25, 13, 5] = 0.71  69.58
y[5, 17, 19, 7, 9, 11, 6, 10, 14, 5] = 0.05  100.28
y[5, 15, 7, 19, 11, 24, 6, 10, 18, 12, 5] = 0.05  103.29
y[5, 17, 19, 7, 9, 11, 24, 15, 5] = 0.1  100.09
false  0

Solve child node 30
   + Customers MUST      served together:  (16, 20)  
   + Customers FORBIDDEN served together:  (16, 24)  (15, 24)  
   # Total number of 2e routes cannot EXCEED:   4  

-------------Iter CG 1-------------
LP Objective Value = 355.92,   sum y = 4.0
x[1, 2, 5, 1],  82.93
y[5, 16, 17, 20, 15, 18, 12, 5] = 0.2  64.23
y[5, 13, 25, 8, 14, 5] = 0.6  69.58
y[5, 21, 13, 10, 18, 15, 5] = 0.2  72.02
y[5, 16, 17, 19, 7, 9, 11, 15, 20, 5] = 0.2  101.41
y[5, 8, 25, 22, 6, 15, 5] = 0.2  85.13
y[5, 23, 21, 14, 5] = 0.4  38.17
y[5, 23, 5] = 0.6  14.0
y[5, 13, 8, 25, 24, 5] = 0.2  86.74
y[5, 21, 18, 20, 17, 16, 5] = 0.4  66.14
y[5, 16, 17, 20, 15, 18, 5] = 0.2  63.8
y[5, 19, 7, 9, 11, 24, 6, 22, 10, 12, 5] = 0.8  108.07
false  0

================Iteration 16 of B&P for SP1 [1, 2, 5, 1] parkings[5]================
Display selected node 30, parent node 28: from 4 nodes
- Branching node in depth: 4
   + Customers MUST      served together:  (16, 20)  
   + Customers FORBIDDEN served together:  (16, 24)  (15, 24)  
   # Total number of 2e routes cannot EXCEED:   4  

  Branching node with fractional score: 3.0
  Branching node with cg lower bound: 355.92
  Branching node with LB reduction: 0.36
  Branching node with FS reduction: 0.0
  Total reduction: 0.61

Solve child node 31
   + Customers MUST      served together:  (16, 20)  (15, 16)  
   + Customers FORBIDDEN served together:  (16, 24)  (15, 24)  
   # Total number of 2e routes cannot EXCEED:   4  

-------------Iter CG 1-------------
LP Objective Value = 358.56,   sum y = 4.0
x[1, 2, 5, 1],  82.93
y[5, 16, 17, 20, 15, 18, 12, 5] = 0.2  64.23
y[5, 8, 25, 22, 24, 5] = 0.2  85.75
y[5, 13, 25, 8, 14, 5] = 0.6  69.58
y[5, 18, 13, 21, 5] = 0.2  56.0
y[5, 16, 17, 19, 7, 9, 11, 15, 20, 5] = 0.2  101.41
y[5, 12, 10, 6, 22, 25, 8, 5] = 0.2  83.93
y[5, 23, 21, 14, 5] = 0.4  38.17
y[5, 23, 5] = 0.4  14.0
y[5, 19, 7, 9, 11, 24, 6, 10, 21, 5] = 0.2  102.29
y[5, 23, 13, 21, 5] = 0.2  55.8
y[5, 16, 17, 20, 15, 18, 5] = 0.6  63.8
y[5, 19, 7, 9, 11, 24, 6, 22, 10, 12, 5] = 0.6  108.07
true  16
-------------Iter CG 2-------------
LP Objective Value = 358.41,   sum y = 4.0
x[1, 2, 5, 1],  82.93
y[5, 16, 17, 20, 15, 18, 12, 5] = 0.5  64.23
y[5, 13, 25, 8, 14, 5] = 0.75  69.58
y[5, 10, 24, 22, 25, 8, 5] = 0.25  87.06
y[5, 23, 21, 14, 5] = 0.25  38.17
y[5, 23, 5] = 0.5  14.0
y[5, 19, 7, 9, 11, 6, 22, 21, 5] = 0.25  109.65
y[5, 19, 7, 9, 11, 24, 6, 10, 21, 5] = 0.25  102.29
y[5, 23, 13, 21, 5] = 0.25  55.8
y[5, 16, 17, 20, 15, 18, 5] = 0.5  63.8
y[5, 19, 7, 9, 11, 24, 6, 22, 10, 12, 5] = 0.5  108.07
true  2
-------------Iter CG 3-------------
LP Objective Value = 358.41,   sum y = 4.0
x[1, 2, 5, 1],  82.93
y[5, 16, 17, 20, 15, 18, 12, 5] = 0.5  64.23
y[5, 13, 25, 8, 14, 5] = 0.75  69.58
y[5, 10, 24, 22, 25, 8, 5] = 0.25  87.06
y[5, 23, 21, 14, 5] = 0.25  38.17
y[5, 23, 5] = 0.5  14.0
y[5, 19, 7, 9, 11, 6, 22, 21, 5] = 0.25  109.65
y[5, 19, 7, 9, 11, 24, 6, 10, 21, 5] = 0.25  102.29
y[5, 23, 13, 21, 5] = 0.25  55.8
y[5, 16, 17, 20, 15, 18, 5] = 0.5  63.8
y[5, 19, 7, 9, 11, 24, 6, 22, 10, 12, 5] = 0.5  108.07
false  0

Solve child node 32
   + Customers MUST      served together:  (16, 20)  
   + Customers FORBIDDEN served together:  (16, 24)  (15, 24)  (15, 16)  
   # Total number of 2e routes cannot EXCEED:   4  

-------------Iter CG 1-------------
LP Objective Value = 365.89,   sum y = 4.0
x[1, 2, 5, 1],  82.93
y[5, 13, 25, 22, 15, 5] = 0.17  86.13
y[5, 16, 20, 11, 22, 8, 13, 5] = 0.17  102.41
y[5, 13, 25, 8, 14, 5] = 0.17  69.58
y[5, 8, 25, 22, 6, 15, 5] = 0.17  85.13
y[5, 17, 19, 7, 9, 11, 24, 6, 10, 5] = 0.17  99.92
y[5, 23, 21, 14, 5] = 0.17  38.17
y[5, 23, 5] = 0.67  14.0
y[5, 21, 18, 20, 17, 16, 5] = 0.83  66.14
y[5, 19, 7, 9, 11, 24, 6, 22, 10, 12, 5] = 0.33  108.07
y[5, 13, 8, 25, 15, 5] = 0.5  81.36
y[5, 19, 7, 9, 24, 22, 10, 12, 14, 5] = 0.17  105.85
y[5, 23, 14, 12, 18, 15, 5] = 0.17  62.53
y[5, 19, 7, 9, 11, 24, 6, 10, 12, 14, 5] = 0.33  100.57
true  27
-------------Iter CG 2-------------
LP Objective Value = 365.89,   sum y = 4.0
x[1, 2, 5, 1],  82.93
y[5, 13, 25, 22, 15, 5] = 0.17  86.13
y[5, 16, 20, 11, 22, 8, 13, 5] = 0.17  102.41
y[5, 13, 25, 8, 14, 5] = 0.17  69.58
y[5, 8, 25, 22, 6, 15, 5] = 0.17  85.13
y[5, 17, 19, 7, 9, 11, 24, 6, 10, 5] = 0.17  99.92
y[5, 23, 21, 14, 5] = 0.17  38.17
y[5, 23, 5] = 0.67  14.0
y[5, 21, 18, 20, 17, 16, 5] = 0.83  66.14
y[5, 19, 7, 9, 11, 24, 6, 22, 10, 12, 5] = 0.33  108.07
y[5, 13, 8, 25, 15, 5] = 0.5  81.36
y[5, 19, 7, 9, 24, 22, 10, 12, 14, 5] = 0.17  105.85
y[5, 23, 14, 12, 18, 15, 5] = 0.17  62.53
y[5, 19, 7, 9, 11, 24, 6, 10, 12, 14, 5] = 0.33  100.57
true  7
-------------Iter CG 3-------------
LP Objective Value = 365.89,   sum y = 4.0
x[1, 2, 5, 1],  82.93
y[5, 13, 25, 22, 15, 5] = 0.17  86.13
y[5, 16, 20, 11, 22, 8, 13, 5] = 0.17  102.41
y[5, 13, 25, 8, 14, 5] = 0.17  69.58
y[5, 8, 25, 22, 6, 15, 5] = 0.17  85.13
y[5, 17, 19, 7, 9, 11, 24, 6, 10, 5] = 0.17  99.92
y[5, 23, 21, 14, 5] = 0.17  38.17
y[5, 23, 5] = 0.67  14.0
y[5, 21, 18, 20, 17, 16, 5] = 0.83  66.14
y[5, 19, 7, 9, 11, 24, 6, 22, 10, 12, 5] = 0.33  108.07
y[5, 13, 8, 25, 15, 5] = 0.5  81.36
y[5, 19, 7, 9, 24, 22, 10, 12, 14, 5] = 0.17  105.85
y[5, 23, 14, 12, 18, 15, 5] = 0.17  62.53
y[5, 19, 7, 9, 11, 24, 6, 10, 12, 14, 5] = 0.33  100.57
false  0
Exceed Upper Bound, prune

================Iteration 17 of B&P for SP1 [1, 2, 5, 1] parkings[5]================
Display selected node 26, parent node 2: from 4 nodes
- Branching node in depth: 2
   + Customers FORBIDDEN served together:  (16, 24)  (16, 20)  

  Branching node with fractional score: 2.91
  Branching node with cg lower bound: 355.51
  Branching node with LB reduction: 1.34
  Branching node with FS reduction: -0.54
  Total reduction: 0.95
Branch on total number of 2e routes:  4.0, 5.0

Solve child node 33
   + Customers FORBIDDEN served together:  (16, 24)  (16, 20)  
   # Total number of 2e routes cannot UNDER:   5  

-------------Iter CG 1-------------
LP Objective Value = 366.58,   sum y = 5.0
x[1, 2, 5, 1],  82.93
y[5, 16, 17, 15, 18, 12, 5] = 0.43  64.11
y[5, 21, 14, 5] = 0.43  30.94
y[5, 13, 8, 25, 15, 20, 5] = 0.14  86.96
y[5, 8, 25, 22, 6, 15, 5] = 0.14  85.13
y[5, 23, 5] = 1.57  14.0
y[5, 20, 7, 19, 9, 11, 24, 6, 22, 10, 5] = 0.86  109.22
y[5, 16, 15, 25, 8, 13, 5] = 0.14  89.27
y[5, 21, 13, 10, 18, 12, 5] = 0.14  57.49
y[5, 14, 8, 25, 13, 5] = 0.57  69.58
y[5, 21, 12, 18, 17, 16, 5] = 0.43  64.6
y[5, 17, 19, 7, 9, 11, 24, 15, 5] = 0.14  100.09
false  0
Exceed Upper Bound, prune

Solve child node 34
   + Customers FORBIDDEN served together:  (16, 24)  (16, 20)  
   # Total number of 2e routes cannot EXCEED:   4  

-------------Iter CG 1-------------
LP Objective Value = 355.58,   sum y = 4.0
x[1, 2, 5, 1],  82.93
y[5, 16, 17, 15, 18, 12, 5] = 0.17  64.11
y[5, 16, 17, 19, 7, 9, 11, 6, 15, 5] = 0.13  101.34
y[5, 17, 20, 15, 18, 14, 5] = 0.04  64.82
y[5, 23, 21, 14, 5] = 0.35  38.17
y[5, 23, 5] = 0.65  14.0
y[5, 20, 7, 19, 9, 11, 24, 6, 10, 18, 5] = 0.04  100.76
y[5, 15, 6, 24, 22, 10, 18, 5] = 0.09  80.55
y[5, 20, 7, 19, 9, 11, 24, 6, 22, 10, 5] = 0.7  109.22
y[5, 13, 8, 25, 10, 15, 20, 5] = 0.04  90.07
y[5, 16, 15, 25, 8, 13, 5] = 0.17  89.27
y[5, 12, 8, 25, 22, 15, 20, 5] = 0.17  91.26
y[5, 21, 13, 10, 18, 12, 5] = 0.13  57.49
y[5, 14, 8, 25, 13, 5] = 0.61  69.58
y[5, 21, 12, 18, 17, 16, 5] = 0.52  64.6
y[5, 17, 19, 7, 9, 11, 24, 15, 5] = 0.13  100.09
y[5, 15, 6, 24, 22, 13, 5] = 0.04  86.69
true  1
-------------Iter CG 2-------------
LP Objective Value = 355.58,   sum y = 4.0
x[1, 2, 5, 1],  82.93
y[5, 16, 17, 15, 18, 12, 5] = 0.17  64.11
y[5, 16, 17, 19, 7, 9, 11, 6, 15, 5] = 0.13  101.34
y[5, 17, 20, 15, 18, 14, 5] = 0.04  64.82
y[5, 23, 21, 14, 5] = 0.35  38.17
y[5, 23, 5] = 0.65  14.0
y[5, 20, 7, 19, 9, 11, 24, 6, 10, 18, 5] = 0.04  100.76
y[5, 15, 6, 24, 22, 10, 18, 5] = 0.09  80.55
y[5, 20, 7, 19, 9, 11, 24, 6, 22, 10, 5] = 0.7  109.22
y[5, 13, 8, 25, 10, 15, 20, 5] = 0.04  90.07
y[5, 16, 15, 25, 8, 13, 5] = 0.17  89.27
y[5, 12, 8, 25, 22, 15, 20, 5] = 0.17  91.26
y[5, 21, 13, 10, 18, 12, 5] = 0.13  57.49
y[5, 14, 8, 25, 13, 5] = 0.61  69.58
y[5, 21, 12, 18, 17, 16, 5] = 0.52  64.6
y[5, 17, 19, 7, 9, 11, 24, 15, 5] = 0.13  100.09
y[5, 15, 6, 24, 22, 13, 5] = 0.04  86.69
false  0

================Iteration 18 of B&P for SP1 [1, 2, 5, 1] parkings[5]================
Display selected node 34, parent node 26: from 4 nodes
- Branching node in depth: 3
   + Customers FORBIDDEN served together:  (16, 24)  (16, 20)  
   # Total number of 2e routes cannot EXCEED:   4  

  Branching node with fractional score: 3.04
  Branching node with cg lower bound: 355.58
  Branching node with LB reduction: 0.02
  Branching node with FS reduction: 0.04
  Total reduction: 0.1

Solve child node 35
   + Customers MUST      served together:  (15, 18)  
   + Customers FORBIDDEN served together:  (16, 24)  (16, 20)  
   # Total number of 2e routes cannot EXCEED:   4  

-------------Iter CG 1-------------
LP Objective Value = 360.15,   sum y = 4.0
x[1, 2, 5, 1],  82.93
y[5, 16, 17, 15, 18, 12, 5] = 1.0  64.11
y[5, 23, 5] = 0.5  14.0
y[5, 20, 7, 19, 9, 11, 24, 6, 22, 10, 5] = 1.0  109.22
y[5, 23, 13, 21, 5] = 0.5  55.8
y[5, 14, 8, 25, 13, 5] = 0.5  69.58
y[5, 14, 8, 25, 21, 5] = 0.5  68.39
true  22
-------------Iter CG 2-------------
LP Objective Value = 360.15,   sum y = 4.0
x[1, 2, 5, 1],  82.93
y[5, 16, 17, 15, 18, 12, 5] = 1.0  64.11
y[5, 23, 5] = 0.5  14.0
y[5, 20, 7, 19, 9, 11, 24, 6, 22, 10, 5] = 1.0  109.22
y[5, 23, 13, 21, 5] = 0.5  55.8
y[5, 14, 8, 25, 13, 5] = 0.5  69.58
y[5, 14, 8, 25, 21, 5] = 0.5  68.39
true  2
-------------Iter CG 3-------------
LP Objective Value = 360.14,   sum y = 4.0
x[1, 2, 5, 1],  82.93
y[5, 16, 17, 19, 7, 9, 11, 22, 5] = 0.17  106.75
y[5, 8, 25, 22, 24, 5] = 0.17  85.75
y[5, 16, 17, 15, 18, 12, 5] = 0.83  64.11
y[5, 23, 21, 14, 5] = 0.33  38.17
y[5, 23, 5] = 0.5  14.0
y[5, 20, 7, 19, 9, 11, 24, 6, 22, 10, 5] = 0.5  109.22
y[5, 20, 6, 22, 25, 8, 10, 12, 5] = 0.17  92.25
y[5, 23, 13, 21, 5] = 0.17  55.8
y[5, 14, 8, 25, 13, 5] = 0.67  69.58
y[5, 21, 13, 18, 15, 5] = 0.17  70.95
y[5, 20, 7, 19, 9, 11, 24, 6, 10, 21, 5] = 0.33  103.43
true  10
-------------Iter CG 4-------------
LP Objective Value = 360.14,   sum y = 4.0
x[1, 2, 5, 1],  82.93
y[5, 16, 17, 19, 7, 9, 11, 22, 5] = 0.17  106.75
y[5, 8, 25, 22, 24, 5] = 0.17  85.75
y[5, 16, 17, 15, 18, 12, 5] = 0.83  64.11
y[5, 23, 21, 14, 5] = 0.33  38.17
y[5, 23, 5] = 0.5  14.0
y[5, 20, 7, 19, 9, 11, 24, 6, 22, 10, 5] = 0.5  109.22
y[5, 20, 6, 22, 25, 8, 10, 12, 5] = 0.17  92.25
y[5, 23, 13, 21, 5] = 0.17  55.8
y[5, 14, 8, 25, 13, 5] = 0.67  69.58
y[5, 21, 13, 18, 15, 5] = 0.17  70.95
y[5, 20, 7, 19, 9, 11, 24, 6, 10, 21, 5] = 0.33  103.43
true  1
-------------Iter CG 5-------------
LP Objective Value = 360.14,   sum y = 4.0
x[1, 2, 5, 1],  82.93
y[5, 16, 17, 19, 7, 9, 11, 22, 5] = 0.17  106.75
y[5, 8, 25, 22, 24, 5] = 0.17  85.75
y[5, 16, 17, 15, 18, 12, 5] = 0.83  64.11
y[5, 23, 21, 14, 5] = 0.33  38.17
y[5, 23, 5] = 0.5  14.0
y[5, 20, 7, 19, 9, 11, 24, 6, 22, 10, 5] = 0.5  109.22
y[5, 20, 6, 22, 25, 8, 10, 12, 5] = 0.17  92.25
y[5, 23, 13, 21, 5] = 0.17  55.8
y[5, 14, 8, 25, 13, 5] = 0.67  69.58
y[5, 21, 13, 18, 15, 5] = 0.17  70.95
y[5, 20, 7, 19, 9, 11, 24, 6, 10, 21, 5] = 0.33  103.43
false  0

Solve child node 36
   + Customers FORBIDDEN served together:  (15, 18)  (16, 24)  (16, 20)  
   # Total number of 2e routes cannot EXCEED:   4  

-------------Iter CG 1-------------
LP Objective Value = 357.0,   sum y = 4.0
x[1, 2, 5, 1],  82.93
y[5, 16, 17, 19, 7, 9, 11, 15, 10, 12, 5] = 0.17  102.82
y[5, 13, 25, 8, 14, 5] = 0.67  69.58
y[5, 16, 17, 19, 7, 9, 11, 15, 5] = 0.17  95.81
y[5, 23, 21, 14, 5] = 0.33  38.17
y[5, 23, 5] = 0.67  14.0
y[5, 20, 7, 19, 9, 11, 24, 6, 10, 18, 5] = 0.33  100.76
y[5, 20, 15, 22, 25, 8, 10, 5] = 0.17  92.13
y[5, 20, 7, 19, 9, 11, 24, 6, 22, 10, 5] = 0.33  109.22
y[5, 12, 8, 25, 22, 15, 20, 5] = 0.17  91.26
y[5, 21, 12, 18, 17, 16, 5] = 0.67  64.6
y[5, 15, 6, 24, 22, 13, 5] = 0.33  86.69
false  0

================Iteration 19 of B&P for SP1 [1, 2, 5, 1] parkings[5]================
Display selected node 36, parent node 34: from 5 nodes
- Branching node in depth: 4
   + Customers FORBIDDEN served together:  (15, 18)  (16, 24)  (16, 20)  
   # Total number of 2e routes cannot EXCEED:   4  

  Branching node with fractional score: 3.0
  Branching node with cg lower bound: 357.0
  Branching node with LB reduction: 0.36
  Branching node with FS reduction: -0.01
  Total reduction: 0.58

Solve child node 37
   + Customers MUST      served together:  (15, 20)  
   + Customers FORBIDDEN served together:  (15, 18)  (16, 24)  (16, 20)  
   # Total number of 2e routes cannot EXCEED:   4  

-------------Iter CG 1-------------
LP Objective Value = 364.28,   sum y = 4.0
x[1, 2, 5, 1],  82.93
y[5, 16, 17, 19, 7, 9, 11, 22, 5] = 0.5  106.75
y[5, 13, 25, 8, 14, 5] = 0.5  69.58
y[5, 18, 6, 24, 22, 10, 12, 5] = 0.5  78.05
y[5, 20, 7, 19, 9, 11, 24, 6, 15, 5] = 0.5  101.49
y[5, 23, 21, 14, 5] = 0.5  38.17
y[5, 23, 5] = 0.5  14.0
y[5, 13, 8, 25, 10, 15, 20, 5] = 0.5  90.07
y[5, 21, 12, 18, 17, 16, 5] = 0.5  64.6
true  26
-------------Iter CG 2-------------
LP Objective Value = 363.69,   sum y = 4.0
x[1, 2, 5, 1],  82.93
y[5, 16, 17, 19, 7, 9, 11, 22, 5] = 0.21  106.75
y[5, 14, 21, 23, 5] = 0.35  38.17
y[5, 16, 17, 18, 12, 23, 5] = 0.15  69.09
y[5, 18, 6, 24, 22, 10, 12, 5] = 0.12  78.05
y[5, 20, 7, 19, 9, 11, 24, 6, 15, 5] = 0.68  101.49
y[5, 10, 24, 22, 25, 8, 5] = 0.03  87.06
y[5, 16, 17, 19, 9, 11, 22, 10, 5] = 0.03  104.95
y[5, 21, 13, 10, 18, 16, 5] = 0.03  71.71
y[5, 16, 17, 19, 7, 9, 6, 22, 10, 5] = 0.03  107.29
y[5, 23, 5] = 0.5  14.0
y[5, 13, 8, 22, 24, 10, 5] = 0.12  87.08
y[5, 20, 15, 22, 25, 8, 10, 5] = 0.29  92.13
y[5, 16, 17, 18, 12, 14, 5] = 0.09  60.92
y[5, 21, 13, 10, 18, 12, 5] = 0.18  57.49
y[5, 14, 8, 25, 13, 5] = 0.56  69.58
y[5, 19, 7, 9, 11, 24, 6, 22, 10, 12, 5] = 0.03  108.07
y[5, 17, 20, 7, 9, 11, 24, 15, 5] = 0.03  92.79
y[5, 21, 12, 18, 17, 16, 5] = 0.44  64.6
y[5, 16, 17, 19, 7, 11, 6, 22, 10, 5] = 0.03  108.95
y[5, 13, 25, 22, 6, 10, 5] = 0.12  85.38
true  10
-------------Iter CG 3-------------
LP Objective Value = 363.69,   sum y = 4.0
x[1, 2, 5, 1],  82.93
y[5, 16, 17, 19, 7, 9, 11, 22, 5] = 0.21  106.75
y[5, 14, 21, 23, 5] = 0.35  38.17
y[5, 16, 17, 18, 12, 23, 5] = 0.15  69.09
y[5, 18, 6, 24, 22, 10, 12, 5] = 0.12  78.05
y[5, 20, 7, 19, 9, 11, 24, 6, 15, 5] = 0.68  101.49
y[5, 10, 24, 22, 25, 8, 5] = 0.03  87.06
y[5, 16, 17, 19, 9, 11, 22, 10, 5] = 0.03  104.95
y[5, 21, 13, 10, 18, 16, 5] = 0.03  71.71
y[5, 16, 17, 19, 7, 9, 6, 22, 10, 5] = 0.03  107.29
y[5, 23, 5] = 0.5  14.0
y[5, 13, 8, 22, 24, 10, 5] = 0.12  87.08
y[5, 20, 15, 22, 25, 8, 10, 5] = 0.29  92.13
y[5, 16, 17, 18, 12, 14, 5] = 0.09  60.92
y[5, 21, 13, 10, 18, 12, 5] = 0.18  57.49
y[5, 14, 8, 25, 13, 5] = 0.56  69.58
y[5, 19, 7, 9, 11, 24, 6, 22, 10, 12, 5] = 0.03  108.07
y[5, 17, 20, 7, 9, 11, 24, 15, 5] = 0.03  92.79
y[5, 21, 12, 18, 17, 16, 5] = 0.44  64.6
y[5, 16, 17, 19, 7, 11, 6, 22, 10, 5] = 0.03  108.95
y[5, 13, 25, 22, 6, 10, 5] = 0.12  85.38
false  0
Exceed Upper Bound, prune

Solve child node 38
   + Customers FORBIDDEN served together:  (15, 18)  (16, 24)  (16, 20)  (15, 20)  
   # Total number of 2e routes cannot EXCEED:   4  

-------------Iter CG 1-------------
LP Objective Value = 357.96,   sum y = 4.0
x[1, 2, 5, 1],  82.93
y[5, 14, 21, 23, 5] = 0.37  38.17
y[5, 13, 25, 8, 14, 5] = 0.25  69.58
y[5, 8, 25, 22, 6, 15, 5] = 0.25  85.13
y[5, 23, 5] = 0.62  14.0
y[5, 16, 17, 18, 12, 14, 5] = 0.37  60.92
y[5, 20, 7, 19, 9, 11, 24, 6, 22, 10, 5] = 0.75  109.22
y[5, 16, 15, 25, 8, 13, 5] = 0.5  89.27
y[5, 21, 13, 10, 18, 12, 5] = 0.25  57.49
y[5, 17, 20, 18, 12, 21, 5] = 0.25  65.67
y[5, 21, 12, 18, 17, 16, 5] = 0.13  64.6
y[5, 17, 19, 7, 9, 11, 24, 15, 5] = 0.25  100.09
true  2
-------------Iter CG 2-------------
LP Objective Value = 357.96,   sum y = 4.0
x[1, 2, 5, 1],  82.93
y[5, 14, 21, 23, 5] = 0.38  38.17
y[5, 13, 25, 8, 14, 5] = 0.25  69.58
y[5, 8, 25, 22, 6, 15, 5] = 0.25  85.13
y[5, 23, 5] = 0.62  14.0
y[5, 16, 17, 18, 12, 14, 5] = 0.38  60.92
y[5, 20, 7, 19, 9, 11, 24, 6, 22, 10, 5] = 0.75  109.22
y[5, 16, 15, 25, 8, 13, 5] = 0.5  89.27
y[5, 21, 13, 10, 18, 12, 5] = 0.25  57.49
y[5, 17, 20, 18, 12, 21, 5] = 0.25  65.67
y[5, 21, 12, 18, 17, 16, 5] = 0.12  64.6
y[5, 17, 19, 7, 9, 11, 24, 15, 5] = 0.25  100.09
false  0

================Iteration 20 of B&P for SP1 [1, 2, 5, 1] parkings[5]================
Display selected node 38, parent node 36: from 5 nodes
- Branching node in depth: 5
   + Customers FORBIDDEN served together:  (15, 18)  (16, 24)  (16, 20)  (15, 20)  
   # Total number of 2e routes cannot EXCEED:   4  

  Branching node with fractional score: 3.25
  Branching node with cg lower bound: 357.96
  Branching node with LB reduction: 0.19
  Branching node with FS reduction: 0.05
  Total reduction: 0.46

Solve child node 39
   + Customers MUST      served together:  (12, 17)  
   + Customers FORBIDDEN served together:  (15, 18)  (16, 24)  (16, 20)  (15, 20)  
   # Total number of 2e routes cannot EXCEED:   4  

-------------Iter CG 1-------------
LP Objective Value = 358.43,   sum y = 4.0
x[1, 2, 5, 1],  82.93
y[5, 16, 17, 19, 7, 9, 11, 15, 10, 12, 5] = 0.17  102.82
y[5, 10, 22, 24, 11, 9, 19, 7, 15, 5] = 0.17  108.85
y[5, 14, 21, 23, 5] = 0.33  38.17
y[5, 13, 25, 8, 14, 5] = 0.5  69.58
y[5, 8, 25, 22, 6, 15, 5] = 0.17  85.13
y[5, 23, 5] = 0.67  14.0
y[5, 20, 7, 19, 9, 11, 24, 6, 10, 18, 5] = 0.17  100.76
y[5, 16, 17, 18, 12, 14, 5] = 0.17  60.92
y[5, 20, 7, 19, 9, 11, 24, 6, 22, 10, 5] = 0.5  109.22
y[5, 16, 15, 25, 8, 13, 5] = 0.33  89.27
y[5, 17, 20, 18, 12, 21, 5] = 0.33  65.67
y[5, 21, 12, 18, 17, 16, 5] = 0.33  64.6
y[5, 15, 6, 24, 22, 13, 5] = 0.17  86.69
false  0

Solve child node 40
   + Customers FORBIDDEN served together:  (15, 18)  (12, 17)  (16, 24)  (16, 20)  (15, 20)  
   # Total number of 2e routes cannot EXCEED:   4  

-------------Iter CG 1-------------
LP Objective Value = 363.16,   sum y = 4.0
x[1, 2, 5, 1],  82.93
y[5, 16, 17, 19, 7, 9, 11, 22, 5] = 0.08  106.75
y[5, 14, 21, 23, 5] = 0.2  38.17
y[5, 23, 21, 12, 18, 16, 5] = 0.2  64.76
y[5, 13, 25, 8, 14, 5] = 0.32  69.58
y[5, 16, 17, 19, 7, 9, 11, 15, 5] = 0.12  95.81
y[5, 20, 7, 19, 9, 11, 24, 6, 10, 12, 14, 5] = 0.12  101.71
y[5, 17, 20, 18, 14, 5] = 0.2  61.99
y[5, 15, 22, 25, 8, 10, 12, 5] = 0.04  86.53
y[5, 23, 5] = 0.6  14.0
y[5, 14, 21, 12, 18, 5] = 0.16  43.24
y[5, 20, 7, 19, 9, 11, 24, 6, 22, 10, 5] = 0.36  109.22
y[5, 20, 6, 22, 25, 8, 10, 12, 5] = 0.32  92.25
y[5, 16, 15, 25, 8, 13, 5] = 0.32  89.27
y[5, 16, 17, 18, 21, 5] = 0.28  64.24
y[5, 21, 13, 10, 18, 12, 5] = 0.16  57.49
y[5, 17, 19, 7, 9, 11, 24, 15, 5] = 0.32  100.09
y[5, 15, 6, 24, 22, 13, 5] = 0.2  86.69
true  1
-------------Iter CG 2-------------
LP Objective Value = 363.16,   sum y = 4.0
x[1, 2, 5, 1],  82.93
y[5, 16, 17, 19, 7, 9, 11, 22, 5] = 0.08  106.75
y[5, 14, 21, 23, 5] = 0.2  38.17
y[5, 23, 21, 12, 18, 16, 5] = 0.2  64.76
y[5, 13, 25, 8, 14, 5] = 0.32  69.58
y[5, 16, 17, 19, 7, 9, 11, 15, 5] = 0.12  95.81
y[5, 20, 7, 19, 9, 11, 24, 6, 10, 12, 14, 5] = 0.12  101.71
y[5, 17, 20, 18, 14, 5] = 0.2  61.99
y[5, 15, 22, 25, 8, 10, 12, 5] = 0.04  86.53
y[5, 23, 5] = 0.6  14.0
y[5, 14, 21, 12, 18, 5] = 0.16  43.24
y[5, 20, 7, 19, 9, 11, 24, 6, 22, 10, 5] = 0.36  109.22
y[5, 20, 6, 22, 25, 8, 10, 12, 5] = 0.32  92.25
y[5, 16, 15, 25, 8, 13, 5] = 0.32  89.27
y[5, 16, 17, 18, 21, 5] = 0.28  64.24
y[5, 21, 13, 10, 18, 12, 5] = 0.16  57.49
y[5, 17, 19, 7, 9, 11, 24, 15, 5] = 0.32  100.09
y[5, 15, 6, 24, 22, 13, 5] = 0.2  86.69
false  0
Exceed Upper Bound, prune

================Iteration 21 of B&P for SP1 [1, 2, 5, 1] parkings[5]================
Display selected node 39, parent node 38: from 5 nodes
- Branching node in depth: 6
   + Customers MUST      served together:  (12, 17)  
   + Customers FORBIDDEN served together:  (15, 18)  (16, 24)  (16, 20)  (15, 20)  
   # Total number of 2e routes cannot EXCEED:   4  

  Branching node with fractional score: 3.67
  Branching node with cg lower bound: 358.43
  Branching node with LB reduction: 0.08
  Branching node with FS reduction: 0.07
  Total reduction: 0.32

Solve child node 41
   + Customers MUST      served together:  (12, 17)  (15, 16)  
   + Customers FORBIDDEN served together:  (15, 18)  (16, 24)  (16, 20)  (15, 20)  
   # Total number of 2e routes cannot EXCEED:   4  

-------------Iter CG 1-------------
LP Objective Value = 365.37,   sum y = 4.0
x[1, 2, 5, 1],  82.93
y[5, 20, 7, 19, 9, 11, 24, 6, 18, 5] = 0.33  99.45
y[5, 14, 21, 23, 5] = 0.5  38.17
y[5, 23, 5] = 0.5  14.0
y[5, 20, 7, 19, 9, 11, 24, 6, 10, 18, 5] = 0.33  100.76
y[5, 21, 12, 10, 15, 17, 16, 5] = 0.33  72.31
y[5, 8, 25, 22, 15, 16, 5] = 0.33  92.59
y[5, 17, 20, 18, 12, 14, 5] = 0.17  61.99
y[5, 24, 22, 8, 13, 5] = 0.33  85.76
y[5, 17, 20, 18, 12, 21, 5] = 0.17  65.67
y[5, 14, 8, 25, 13, 5] = 0.33  69.58
y[5, 13, 25, 22, 6, 10, 5] = 0.33  85.38
y[5, 16, 17, 19, 7, 9, 11, 15, 12, 5] = 0.33  99.38
true  55
-------------Iter CG 2-------------
LP Objective Value = 364.6,   sum y = 4.0
x[1, 2, 5, 1],  82.93
y[5, 14, 21, 23, 5] = 0.5  38.17
y[5, 13, 25, 8, 14, 5] = 0.5  69.58
y[5, 23, 5] = 0.5  14.0
y[5, 18, 6, 24, 22, 10, 5] = 0.5  78.05
y[5, 20, 7, 19, 9, 11, 24, 6, 22, 10, 5] = 0.5  109.22
y[5, 16, 15, 25, 8, 13, 5] = 0.5  89.27
y[5, 17, 20, 18, 12, 21, 5] = 0.5  65.67
y[5, 16, 17, 19, 7, 9, 11, 15, 12, 5] = 0.5  99.38
true  25
-------------Iter CG 3-------------
LP Objective Value = 364.6,   sum y = 4.0
x[1, 2, 5, 1],  82.93
y[5, 14, 21, 23, 5] = 0.5  38.17
y[5, 23, 5] = 0.5  14.0
y[5, 18, 6, 24, 22, 10, 5] = 0.5  78.05
y[5, 20, 7, 19, 9, 11, 24, 6, 22, 10, 5] = 0.5  109.22
y[5, 16, 15, 25, 8, 13, 5] = 0.5  89.27
y[5, 17, 20, 18, 12, 21, 5] = 0.5  65.67
y[5, 14, 8, 25, 13, 5] = 0.5  69.58
y[5, 16, 17, 19, 7, 9, 11, 15, 12, 5] = 0.5  99.38
true  5
-------------Iter CG 4-------------
LP Objective Value = 364.6,   sum y = 4.0
x[1, 2, 5, 1],  82.93
y[5, 14, 21, 23, 5] = 0.5  38.17
y[5, 23, 5] = 0.5  14.0
y[5, 18, 6, 24, 22, 10, 5] = 0.5  78.05
y[5, 20, 7, 19, 9, 11, 24, 6, 22, 10, 5] = 0.5  109.22
y[5, 16, 15, 25, 8, 13, 5] = 0.5  89.27
y[5, 17, 20, 18, 12, 21, 5] = 0.5  65.67
y[5, 14, 8, 25, 13, 5] = 0.5  69.58
y[5, 16, 17, 19, 7, 9, 11, 15, 12, 5] = 0.5  99.38
true  9
-------------Iter CG 5-------------
LP Objective Value = 364.18,   sum y = 4.0
x[1, 2, 5, 1],  82.93
y[5, 14, 21, 23, 5] = 0.5  38.17
y[5, 10, 22, 6, 24, 11, 9, 7, 19, 20, 5] = 0.5  108.37
y[5, 23, 5] = 0.5  14.0
y[5, 18, 6, 24, 22, 10, 5] = 0.5  78.05
y[5, 16, 15, 25, 8, 13, 5] = 0.5  89.27
y[5, 17, 20, 18, 12, 21, 5] = 0.5  65.67
y[5, 14, 8, 25, 13, 5] = 0.5  69.58
y[5, 16, 17, 19, 7, 9, 11, 15, 12, 5] = 0.5  99.38
false  0
Exceed Upper Bound, prune

Solve child node 42
   + Customers MUST      served together:  (12, 17)  
   + Customers FORBIDDEN served together:  (15, 18)  (16, 24)  (16, 20)  (15, 20)  (15, 16)  
   # Total number of 2e routes cannot EXCEED:   4  

-------------Iter CG 1-------------
LP Objective Value = 361.51,   sum y = 4.0
x[1, 2, 5, 1],  82.93
y[5, 14, 21, 23, 5] = 0.5  38.17
y[5, 16, 17, 18, 12, 21, 5] = 0.5  64.6
y[5, 10, 22, 6, 24, 11, 9, 7, 19, 20, 5] = 1.0  108.37
y[5, 23, 5] = 0.5  14.0
y[5, 16, 17, 18, 12, 14, 5] = 0.5  60.92
y[5, 13, 8, 25, 15, 5] = 1.0  81.36
true  9
-------------Iter CG 2-------------
LP Objective Value = 361.51,   sum y = 4.0
x[1, 2, 5, 1],  82.93
y[5, 14, 21, 23, 5] = 0.5  38.17
y[5, 16, 17, 18, 12, 21, 5] = 0.5  64.6
y[5, 10, 22, 6, 24, 11, 9, 7, 19, 20, 5] = 1.0  108.37
y[5, 23, 5] = 0.5  14.0
y[5, 16, 17, 18, 12, 14, 5] = 0.5  60.92
y[5, 13, 8, 25, 15, 5] = 1.0  81.36
true  2
-------------Iter CG 3-------------
LP Objective Value = 361.51,   sum y = 4.0
x[1, 2, 5, 1],  82.93
y[5, 14, 21, 23, 5] = 0.5  38.17
y[5, 16, 17, 18, 12, 21, 5] = 0.5  64.6
y[5, 10, 22, 6, 24, 11, 9, 7, 19, 20, 5] = 1.0  108.37
y[5, 23, 5] = 0.5  14.0
y[5, 16, 17, 18, 12, 14, 5] = 0.5  60.92
y[5, 13, 8, 25, 15, 5] = 1.0  81.36
false  0

================Iteration 22 of B&P for SP1 [1, 2, 5, 1] parkings[5]================
Display selected node 42, parent node 39: from 5 nodes
- Branching node in depth: 7
   + Customers MUST      served together:  (12, 17)  
   + Customers FORBIDDEN served together:  (15, 18)  (16, 24)  (16, 20)  (15, 20)  (15, 16)  
   # Total number of 2e routes cannot EXCEED:   4  

  Branching node with fractional score: 2.0
  Branching node with cg lower bound: 361.51
  Branching node with LB reduction: 0.44
  Branching node with FS reduction: -0.24
  Total reduction: 0.48

Solve child node 43
   + Customers MUST      served together:  (12, 17)  (14, 16)  
   + Customers FORBIDDEN served together:  (15, 18)  (16, 24)  (16, 20)  (15, 20)  (15, 16)  
   # Total number of 2e routes cannot EXCEED:   4  

-------------Iter CG 1-------------
LP Objective Value = 366.47,   sum y = 4.0
x[1, 2, 5, 1],  82.93
y[5, 13, 8, 22, 24, 20, 5] = 0.2  92.07
y[5, 20, 19, 7, 9, 11, 22, 25, 10, 5] = 0.2  115.29
y[5, 10, 22, 24, 11, 9, 19, 7, 15, 5] = 0.2  108.85
y[5, 8, 25, 22, 6, 15, 5] = 0.4  85.13
y[5, 23, 5] = 0.6  14.0
y[5, 16, 17, 18, 12, 14, 5] = 1.0  60.92
y[5, 23, 13, 21, 5] = 0.4  55.8
y[5, 13, 8, 25, 15, 5] = 0.4  81.36
y[5, 20, 7, 19, 9, 11, 24, 6, 10, 21, 5] = 0.6  103.43
true  41
-------------Iter CG 2-------------
LP Objective Value = 366.46,   sum y = 4.0
x[1, 2, 5, 1],  82.93
y[5, 13, 25, 22, 15, 5] = 0.1  86.13
y[5, 10, 22, 24, 11, 9, 19, 7, 15, 5] = 0.1  108.85
y[5, 10, 22, 6, 24, 11, 9, 7, 19, 20, 5] = 0.2  108.37
y[5, 21, 13, 23, 5] = 0.4  55.8
y[5, 8, 25, 22, 6, 15, 5] = 0.3  85.13
y[5, 23, 5] = 0.6  14.0
y[5, 20, 19, 9, 24, 22, 21, 5] = 0.1  105.08
y[5, 15, 10, 25, 8, 13, 5] = 0.2  84.46
y[5, 16, 17, 18, 12, 14, 5] = 1.0  60.92
y[5, 20, 7, 9, 11, 24, 22, 8, 5] = 0.1  100.53
y[5, 20, 19, 7, 11, 22, 8, 25, 5] = 0.1  115.93
y[5, 13, 8, 25, 15, 5] = 0.3  81.36
y[5, 20, 7, 19, 9, 11, 24, 6, 10, 21, 5] = 0.5  103.43
true  1
-------------Iter CG 3-------------
LP Objective Value = 366.46,   sum y = 4.0
x[1, 2, 5, 1],  82.93
y[5, 13, 25, 22, 15, 5] = 0.1  86.13
y[5, 10, 22, 24, 11, 9, 19, 7, 15, 5] = 0.1  108.85
y[5, 10, 22, 6, 24, 11, 9, 7, 19, 20, 5] = 0.2  108.37
y[5, 21, 13, 23, 5] = 0.4  55.8
y[5, 8, 25, 22, 6, 15, 5] = 0.3  85.13
y[5, 23, 5] = 0.6  14.0
y[5, 20, 19, 9, 24, 22, 21, 5] = 0.1  105.08
y[5, 15, 10, 25, 8, 13, 5] = 0.2  84.46
y[5, 16, 17, 18, 12, 14, 5] = 1.0  60.92
y[5, 20, 7, 9, 11, 24, 22, 8, 5] = 0.1  100.53
y[5, 20, 19, 7, 11, 22, 8, 25, 5] = 0.1  115.93
y[5, 13, 8, 25, 15, 5] = 0.3  81.36
y[5, 20, 7, 19, 9, 11, 24, 6, 10, 21, 5] = 0.5  103.43
true  3
-------------Iter CG 4-------------
LP Objective Value = 366.44,   sum y = 4.0
x[1, 2, 5, 1],  82.93
y[5, 13, 25, 22, 15, 5] = 0.12  86.13
y[5, 10, 22, 24, 11, 9, 19, 7, 15, 5] = 0.12  108.85
y[5, 21, 13, 23, 5] = 0.38  55.8
y[5, 8, 25, 22, 6, 15, 5] = 0.38  85.13
y[5, 20, 19, 9, 22, 8, 13, 5] = 0.12  111.04
y[5, 20, 19, 7, 11, 24, 22, 25, 5] = 0.12  113.9
y[5, 23, 5] = 0.62  14.0
y[5, 15, 10, 25, 8, 13, 5] = 0.25  84.46
y[5, 16, 17, 18, 12, 14, 5] = 1.0  60.92
y[5, 20, 7, 9, 11, 24, 22, 8, 5] = 0.12  100.53
y[5, 13, 8, 25, 15, 5] = 0.12  81.36
y[5, 20, 7, 19, 9, 11, 24, 6, 10, 21, 5] = 0.62  103.43
true  2
-------------Iter CG 5-------------
LP Objective Value = 366.34,   sum y = 4.0
x[1, 2, 5, 1],  82.93
y[5, 13, 25, 22, 15, 5] = 0.15  86.13
y[5, 10, 22, 24, 11, 9, 19, 7, 15, 5] = 0.15  108.85
y[5, 20, 24, 22, 8, 25, 5] = 0.08  94.45
y[5, 10, 22, 6, 24, 11, 9, 7, 19, 20, 5] = 0.08  108.37
y[5, 21, 13, 23, 5] = 0.38  55.8
y[5, 8, 25, 22, 6, 15, 5] = 0.31  85.13
y[5, 20, 19, 9, 22, 8, 13, 5] = 0.08  111.04
y[5, 23, 5] = 0.62  14.0
y[5, 15, 10, 25, 8, 13, 5] = 0.15  84.46
y[5, 16, 17, 18, 12, 14, 5] = 1.0  60.92
y[5, 20, 7, 9, 11, 24, 22, 8, 5] = 0.08  100.53
y[5, 20, 19, 7, 11, 22, 8, 25, 5] = 0.08  115.93
y[5, 13, 8, 25, 15, 5] = 0.23  81.36
y[5, 20, 7, 19, 9, 11, 24, 6, 10, 21, 5] = 0.62  103.43
false  0
Exceed Upper Bound, prune

Solve child node 44
   + Customers MUST      served together:  (12, 17)  
   + Customers FORBIDDEN served together:  (15, 18)  (14, 16)  (16, 24)  (16, 20)  (15, 20)  (15, 16)  
   # Total number of 2e routes cannot EXCEED:   4  

-------------Iter CG 1-------------
LP Objective Value = 365.03,   sum y = 4.0
x[1, 2, 5, 1],  82.93
y[5, 13, 8, 22, 24, 20, 5] = 0.08  92.07
y[5, 16, 19, 7, 9, 11, 22, 25, 5] = 0.08  114.95
y[5, 13, 25, 22, 15, 5] = 0.12  86.13
y[5, 10, 22, 24, 11, 9, 19, 7, 15, 5] = 0.16  108.85
y[5, 16, 17, 18, 12, 21, 5] = 0.72  64.6
y[5, 10, 22, 6, 24, 11, 9, 7, 19, 20, 5] = 0.32  108.37
y[5, 16, 17, 18, 12, 23, 5] = 0.12  69.09
y[5, 13, 25, 8, 14, 5] = 0.12  69.58
y[5, 8, 25, 22, 6, 15, 5] = 0.12  85.13
y[5, 23, 21, 14, 5] = 0.28  38.17
y[5, 23, 5] = 0.6  14.0
y[5, 17, 20, 18, 12, 14, 5] = 0.16  61.99
y[5, 16, 10, 25, 8, 13, 5] = 0.08  86.39
y[5, 20, 7, 19, 9, 11, 24, 6, 10, 14, 5] = 0.44  101.25
y[5, 15, 6, 22, 8, 13, 5] = 0.12  85.14
y[5, 15, 25, 8, 13, 5] = 0.48  81.36
true  2
-------------Iter CG 2-------------
LP Objective Value = 364.89,   sum y = 4.0
x[1, 2, 5, 1],  82.93
y[5, 13, 8, 22, 24, 20, 5] = 0.12  92.07
y[5, 13, 25, 22, 15, 5] = 0.12  86.13
y[5, 10, 22, 24, 11, 9, 19, 7, 15, 5] = 0.13  108.85
y[5, 10, 22, 6, 24, 11, 9, 7, 19, 20, 5] = 0.25  108.37
y[5, 16, 17, 18, 12, 23, 5] = 0.12  69.09
y[5, 13, 25, 8, 14, 5] = 0.12  69.58
y[5, 8, 25, 22, 6, 15, 5] = 0.25  85.13
y[5, 16, 19, 7, 9, 11, 22, 13, 5] = 0.13  113.39
y[5, 23, 21, 14, 5] = 0.25  38.17
y[5, 23, 5] = 0.62  14.0
y[5, 15, 10, 25, 8, 13, 5] = 0.13  84.46
y[5, 17, 20, 18, 12, 14, 5] = 0.13  61.99
y[5, 20, 7, 19, 9, 11, 24, 6, 10, 14, 5] = 0.5  101.25
y[5, 13, 8, 25, 15, 5] = 0.37  81.36
y[5, 21, 12, 18, 17, 16, 5] = 0.75  64.6
false  0
Exceed Upper Bound, prune

================Iteration 23 of B&P for SP1 [1, 2, 5, 1] parkings[5]================
Display selected node 8, parent node 6: from 4 nodes
- Branching node in depth: 4
   + Customers MUST      served together:  (16, 24)  
   + Customers FORBIDDEN served together:  (12, 16)  (16, 20)  
   # Total number of 2e routes cannot EXCEED:   4  

  Branching node with fractional score: 3.57
  Branching node with cg lower bound: 357.81
  Branching node with LB reduction: 1.06
  Branching node with FS reduction: -0.01
  Total reduction: 1.75

Solve child node 45
   + Customers MUST      served together:  (17, 20)  (16, 24)  
   + Customers FORBIDDEN served together:  (12, 16)  (16, 20)  
   # Total number of 2e routes cannot EXCEED:   4  

-------------Iter CG 1-------------
LP Objective Value = 360.28,   sum y = 4.0
x[1, 2, 5, 1],  82.93
y[5, 17, 20, 15, 18, 12, 5] = 0.5  63.4
y[5, 13, 25, 8, 14, 5] = 0.5  69.58
y[5, 12, 18, 10, 13, 21, 5] = 0.5  57.49
y[5, 17, 20, 15, 8, 25, 10, 5] = 0.5  92.77
y[5, 23, 21, 14, 5] = 0.5  38.17
y[5, 23, 5] = 0.5  14.0
y[5, 16, 19, 7, 9, 11, 24, 6, 22, 5] = 1.0  109.64
true  3
-------------Iter CG 2-------------
LP Objective Value = 360.28,   sum y = 4.0
x[1, 2, 5, 1],  82.93
y[5, 17, 20, 15, 18, 12, 5] = 0.5  63.4
y[5, 13, 25, 8, 14, 5] = 0.5  69.58
y[5, 12, 18, 10, 13, 21, 5] = 0.5  57.49
y[5, 17, 20, 15, 8, 25, 10, 5] = 0.5  92.77
y[5, 23, 21, 14, 5] = 0.5  38.17
y[5, 23, 5] = 0.5  14.0
y[5, 16, 19, 7, 9, 11, 24, 6, 22, 5] = 1.0  109.64
false  0

Solve child node 46
   + Customers MUST      served together:  (16, 24)  
   + Customers FORBIDDEN served together:  (12, 16)  (17, 20)  (16, 20)  
   # Total number of 2e routes cannot EXCEED:   4  

-------------Iter CG 1-------------
LP Objective Value = 361.53,   sum y = 4.0
x[1, 2, 5, 1],  82.93
y[5, 21, 13, 18, 12, 5] = 0.11  56.42
y[5, 20, 15, 22, 25, 8, 12, 5] = 0.44  91.26
y[5, 20, 15, 22, 25, 8, 5] = 0.11  90.28
y[5, 12, 18, 10, 13, 21, 5] = 0.33  57.49
y[5, 20, 6, 22, 25, 13, 5] = 0.11  91.85
y[5, 16, 17, 19, 7, 9, 24, 15, 5] = 0.11  99.8
y[5, 23, 21, 14, 5] = 0.44  38.17
y[5, 23, 5] = 0.56  14.0
y[5, 16, 17, 19, 7, 9, 11, 24, 10, 5] = 0.33  100.75
y[5, 16, 17, 19, 7, 9, 24, 6, 5] = 0.22  98.53
y[5, 20, 7, 9, 11, 6, 22, 10, 18, 5] = 0.33  96.35
y[5, 14, 21, 12, 18, 5] = 0.11  43.24
y[5, 14, 8, 25, 13, 5] = 0.33  69.58
y[5, 14, 13, 8, 18, 5] = 0.11  68.32
y[5, 15, 6, 24, 11, 19, 17, 16, 5] = 0.33  100.06
true  7
-------------Iter CG 2-------------
LP Objective Value = 360.99,   sum y = 4.0
x[1, 2, 5, 1],  82.93
y[5, 20, 15, 18, 21, 14, 5] = 0.2  63.43
y[5, 20, 15, 22, 25, 8, 12, 5] = 0.4  91.26
y[5, 13, 25, 8, 14, 5] = 0.4  69.58
y[5, 23, 21, 12, 18, 5] = 0.2  50.12
y[5, 12, 18, 10, 13, 21, 5] = 0.2  57.49
y[5, 20, 6, 22, 25, 13, 5] = 0.2  91.85
y[5, 23, 21, 14, 5] = 0.2  38.17
y[5, 23, 5] = 0.6  14.0
y[5, 16, 17, 19, 7, 9, 11, 24, 10, 5] = 0.6  100.75
y[5, 16, 17, 19, 7, 9, 24, 6, 5] = 0.2  98.53
y[5, 20, 7, 9, 11, 6, 22, 10, 18, 5] = 0.2  96.35
y[5, 14, 21, 12, 18, 5] = 0.2  43.24
y[5, 15, 6, 22, 8, 13, 5] = 0.2  85.14
y[5, 15, 6, 24, 11, 19, 17, 16, 5] = 0.2  100.06
true  2
-------------Iter CG 3-------------
LP Objective Value = 360.99,   sum y = 4.0
x[1, 2, 5, 1],  82.93
y[5, 20, 15, 18, 21, 14, 5] = 0.2  63.43
y[5, 20, 15, 22, 25, 8, 12, 5] = 0.4  91.26
y[5, 13, 25, 8, 14, 5] = 0.4  69.58
y[5, 23, 21, 12, 18, 5] = 0.2  50.12
y[5, 12, 18, 10, 13, 21, 5] = 0.2  57.49
y[5, 20, 6, 22, 25, 13, 5] = 0.2  91.85
y[5, 23, 21, 14, 5] = 0.2  38.17
y[5, 23, 5] = 0.6  14.0
y[5, 16, 17, 19, 7, 9, 11, 24, 10, 5] = 0.6  100.75
y[5, 16, 17, 19, 7, 9, 24, 6, 5] = 0.2  98.53
y[5, 20, 7, 9, 11, 6, 22, 10, 18, 5] = 0.2  96.35
y[5, 14, 21, 12, 18, 5] = 0.2  43.24
y[5, 15, 6, 22, 8, 13, 5] = 0.2  85.14
y[5, 15, 6, 24, 11, 19, 17, 16, 5] = 0.2  100.06
false  0

================Iteration 24 of B&P for SP1 [1, 2, 5, 1] parkings[5]================
Display selected node 45, parent node 8: from 5 nodes
- Branching node in depth: 5
   + Customers MUST      served together:  (17, 20)  (16, 24)  
   + Customers FORBIDDEN served together:  (12, 16)  (16, 20)  
   # Total number of 2e routes cannot EXCEED:   4  

  Branching node with fractional score: 3.0
  Branching node with cg lower bound: 360.28
  Branching node with LB reduction: 0.49
  Branching node with FS reduction: -0.11
  Total reduction: 0.73

Solve child node 47
   + Customers MUST      served together:  (17, 20)  (16, 24)  (12, 20)  
   + Customers FORBIDDEN served together:  (12, 16)  (16, 20)  
   # Total number of 2e routes cannot EXCEED:   4  

-------------Iter CG 1-------------
LP Objective Value = 362.21,   sum y = 4.0
x[1, 2, 5, 1],  82.93
y[5, 13, 25, 8, 14, 5] = 0.5  69.58
y[5, 23, 21, 14, 5] = 0.5  38.17
y[5, 23, 5] = 0.5  14.0
y[5, 16, 19, 7, 9, 11, 24, 6, 22, 5] = 1.0  109.64
y[5, 15, 10, 25, 8, 13, 5] = 0.5  84.46
y[5, 17, 20, 18, 12, 21, 5] = 0.5  65.67
y[5, 17, 20, 15, 10, 18, 12, 5] = 0.5  67.4
true  4
-------------Iter CG 2-------------
LP Objective Value = 362.21,   sum y = 4.0
x[1, 2, 5, 1],  82.93
y[5, 13, 25, 8, 14, 5] = 0.5  69.58
y[5, 23, 21, 14, 5] = 0.5  38.17
y[5, 23, 5] = 0.5  14.0
y[5, 16, 19, 7, 9, 11, 24, 6, 22, 5] = 1.0  109.64
y[5, 15, 10, 25, 8, 13, 5] = 0.5  84.46
y[5, 17, 20, 18, 12, 21, 5] = 0.5  65.67
y[5, 17, 20, 15, 10, 18, 12, 5] = 0.5  67.4
false  0
Exceed Upper Bound, prune

Solve child node 48
   + Customers MUST      served together:  (17, 20)  (16, 24)  
   + Customers FORBIDDEN served together:  (12, 16)  (16, 20)  (12, 20)  
   # Total number of 2e routes cannot EXCEED:   4  

-------------Iter CG 1-------------
LP Objective Value = 360.7,   sum y = 4.0
x[1, 2, 5, 1],  82.93
y[5, 17, 20, 15, 25, 8, 5] = 0.5  90.4
y[5, 23, 21, 14, 5] = 0.5  38.17
y[5, 14, 18, 15, 20, 17, 5] = 0.5  64.82
y[5, 23, 5] = 0.5  14.0
y[5, 13, 8, 25, 10, 12, 5] = 0.5  71.38
y[5, 16, 19, 7, 9, 11, 24, 6, 22, 5] = 1.0  109.64
y[5, 21, 13, 10, 18, 12, 5] = 0.5  57.49
false  0

================Iteration 25 of B&P for SP1 [1, 2, 5, 1] parkings[5]================
Display selected node 48, parent node 45: from 5 nodes
- Branching node in depth: 6
   + Customers MUST      served together:  (17, 20)  (16, 24)  
   + Customers FORBIDDEN served together:  (12, 16)  (16, 20)  (12, 20)  
   # Total number of 2e routes cannot EXCEED:   4  

  Branching node with fractional score: 3.0
  Branching node with cg lower bound: 360.7
  Branching node with LB reduction: 0.07
  Branching node with FS reduction: 0.0
  Total reduction: 0.15

Solve child node 49
   + Customers MUST      served together:  (8, 20)  (17, 20)  (16, 24)  
   + Customers FORBIDDEN served together:  (12, 16)  (16, 20)  (12, 20)  
   # Total number of 2e routes cannot EXCEED:   4  

-------------Iter CG 1-------------
LP Objective Value = 367.24,   sum y = 4.0
x[1, 2, 5, 1],  82.93
y[5, 17, 20, 15, 25, 8, 5] = 1.0  90.4
y[5, 23, 21, 14, 5] = 0.5  38.17
y[5, 23, 5] = 0.5  14.0
y[5, 16, 19, 7, 9, 11, 24, 6, 22, 5] = 1.0  109.64
y[5, 21, 13, 10, 18, 12, 5] = 0.5  57.49
y[5, 14, 12, 18, 10, 13, 5] = 0.5  58.87
true  8
-------------Iter CG 2-------------
LP Objective Value = 367.24,   sum y = 4.0
x[1, 2, 5, 1],  82.93
y[5, 17, 20, 15, 25, 8, 5] = 1.0  90.4
y[5, 23, 21, 14, 5] = 0.5  38.17
y[5, 23, 5] = 0.5  14.0
y[5, 16, 19, 7, 9, 11, 24, 6, 22, 5] = 1.0  109.64
y[5, 21, 13, 10, 18, 12, 5] = 0.5  57.49
y[5, 14, 12, 18, 10, 13, 5] = 0.5  58.87
true  2
-------------Iter CG 3-------------
LP Objective Value = 366.68,   sum y = 4.0
x[1, 2, 5, 1],  82.93
y[5, 17, 20, 15, 25, 8, 5] = 1.0  90.4
y[5, 12, 18, 10, 13, 14, 5] = 0.5  57.75
y[5, 23, 21, 14, 5] = 0.5  38.17
y[5, 23, 5] = 0.5  14.0
y[5, 16, 19, 7, 9, 11, 24, 6, 22, 5] = 1.0  109.64
y[5, 21, 13, 10, 18, 12, 5] = 0.5  57.49
true  1
-------------Iter CG 4-------------
LP Objective Value = 366.68,   sum y = 4.0
x[1, 2, 5, 1],  82.93
y[5, 17, 20, 15, 25, 8, 5] = 1.0  90.4
y[5, 12, 18, 10, 13, 14, 5] = 0.5  57.75
y[5, 23, 21, 14, 5] = 0.5  38.17
y[5, 23, 5] = 0.5  14.0
y[5, 16, 19, 7, 9, 11, 24, 6, 22, 5] = 1.0  109.64
y[5, 21, 13, 10, 18, 12, 5] = 0.5  57.49
false  0
Exceed Upper Bound, prune

Solve child node 50
   + Customers MUST      served together:  (17, 20)  (16, 24)  
   + Customers FORBIDDEN served together:  (12, 16)  (8, 20)  (16, 20)  (12, 20)  
   # Total number of 2e routes cannot EXCEED:   4  

-------------Iter CG 1-------------
LP Objective Value = 362.34,   sum y = 4.0
x[1, 2, 5, 1],  82.93
y[5, 13, 25, 8, 14, 5] = 0.5  69.58
y[5, 23, 21, 12, 18, 5] = 0.5  50.12
y[5, 14, 18, 15, 20, 17, 5] = 0.5  64.82
y[5, 23, 5] = 0.5  14.0
y[5, 13, 8, 25, 10, 12, 5] = 0.5  71.38
y[5, 16, 19, 7, 9, 11, 24, 6, 22, 5] = 1.0  109.64
y[5, 21, 10, 15, 20, 17, 5] = 0.5  69.64
true  6
-------------Iter CG 2-------------
LP Objective Value = 362.34,   sum y = 4.0
x[1, 2, 5, 1],  82.93
y[5, 13, 25, 8, 14, 5] = 0.5  69.58
y[5, 23, 21, 12, 18, 5] = 0.5  50.12
y[5, 14, 18, 15, 20, 17, 5] = 0.5  64.82
y[5, 23, 5] = 0.5  14.0
y[5, 13, 8, 25, 10, 12, 5] = 0.5  71.38
y[5, 16, 19, 7, 9, 11, 24, 6, 22, 5] = 1.0  109.64
y[5, 21, 10, 15, 20, 17, 5] = 0.5  69.64
false  0
Exceed Upper Bound, prune

================Iteration 26 of B&P for SP1 [1, 2, 5, 1] parkings[5]================
Display selected node 31, parent node 30: from 4 nodes
- Branching node in depth: 5
   + Customers MUST      served together:  (16, 20)  (15, 16)  
   + Customers FORBIDDEN served together:  (16, 24)  (15, 24)  
   # Total number of 2e routes cannot EXCEED:   4  

  Branching node with fractional score: 3.5
  Branching node with cg lower bound: 358.41
  Branching node with LB reduction: 0.5
  Branching node with FS reduction: 0.1
  Total reduction: 1.15

Solve child node 51
   + Customers MUST      served together:  (21, 24)  (16, 20)  (15, 16)  
   + Customers FORBIDDEN served together:  (16, 24)  (15, 24)  
   # Total number of 2e routes cannot EXCEED:   4  

-------------Iter CG 1-------------
LP Objective Value = 367.47,   sum y = 4.0
x[1, 2, 5, 1],  82.93
y[5, 16, 17, 20, 15, 18, 12, 5] = 0.5  64.23
y[5, 13, 25, 8, 14, 5] = 0.5  69.58
y[5, 6, 22, 25, 13, 5] = 0.5  84.27
y[5, 16, 17, 19, 7, 9, 11, 15, 20, 5] = 0.5  101.41
y[5, 23, 5] = 0.5  14.0
y[5, 23, 14, 12, 18, 5] = 0.5  47.58
y[5, 19, 7, 9, 11, 24, 6, 10, 21, 5] = 0.5  102.29
y[5, 21, 8, 22, 24, 10, 5] = 0.5  85.72
true  103
-------------Iter CG 2-------------
LP Objective Value = 367.47,   sum y = 4.0
x[1, 2, 5, 1],  82.93
y[5, 16, 17, 20, 15, 18, 12, 5] = 0.5  64.23
y[5, 13, 25, 8, 14, 5] = 0.5  69.58
y[5, 13, 25, 22, 6, 5] = 0.5  84.27
y[5, 16, 17, 19, 7, 9, 11, 15, 20, 5] = 0.5  101.41
y[5, 23, 5] = 0.5  14.0
y[5, 23, 14, 12, 18, 5] = 0.5  47.58
y[5, 19, 7, 9, 11, 24, 6, 10, 21, 5] = 0.5  102.29
y[5, 21, 8, 22, 24, 10, 5] = 0.5  85.72
true  42
-------------Iter CG 3-------------
LP Objective Value = 367.47,   sum y = 4.0
x[1, 2, 5, 1],  82.93
y[5, 16, 17, 20, 15, 18, 12, 5] = 0.5  64.23
y[5, 13, 25, 8, 14, 5] = 0.5  69.58
y[5, 13, 25, 22, 6, 5] = 0.5  84.27
y[5, 16, 17, 19, 7, 9, 11, 15, 20, 5] = 0.5  101.41
y[5, 23, 5] = 0.5  14.0
y[5, 23, 14, 12, 18, 5] = 0.5  47.58
y[5, 19, 7, 9, 11, 24, 6, 10, 21, 5] = 0.5  102.29
y[5, 21, 8, 22, 24, 10, 5] = 0.5  85.72
false  0
Exceed Upper Bound, prune

Solve child node 52
   + Customers MUST      served together:  (16, 20)  (15, 16)  
   + Customers FORBIDDEN served together:  (16, 24)  (15, 24)  (21, 24)  
   # Total number of 2e routes cannot EXCEED:   4  

-------------Iter CG 1-------------
LP Objective Value = 358.69,   sum y = 4.0
x[1, 2, 5, 1],  82.93
y[5, 13, 25, 8, 14, 5] = 0.5  69.58
y[5, 23, 5] = 0.5  14.0
y[5, 23, 13, 21, 5] = 0.5  55.8
y[5, 16, 17, 20, 15, 18, 5] = 1.0  63.8
y[5, 19, 7, 9, 11, 24, 6, 22, 10, 12, 5] = 1.0  108.07
y[5, 14, 8, 25, 21, 5] = 0.5  68.39
true  1
-------------Iter CG 2-------------
LP Objective Value = 358.69,   sum y = 4.0
x[1, 2, 5, 1],  82.93
y[5, 13, 25, 8, 14, 5] = 0.5  69.58
y[5, 23, 5] = 0.5  14.0
y[5, 23, 13, 21, 5] = 0.5  55.8
y[5, 16, 17, 20, 15, 18, 5] = 1.0  63.8
y[5, 19, 7, 9, 11, 24, 6, 22, 10, 12, 5] = 1.0  108.07
y[5, 14, 8, 25, 21, 5] = 0.5  68.39
false  0

================Iteration 27 of B&P for SP1 [1, 2, 5, 1] parkings[5]================
Display selected node 52, parent node 31: from 4 nodes
- Branching node in depth: 6
   + Customers MUST      served together:  (16, 20)  (15, 16)  
   + Customers FORBIDDEN served together:  (16, 24)  (15, 24)  (21, 24)  
   # Total number of 2e routes cannot EXCEED:   4  

  Branching node with fractional score: 2.0
  Branching node with cg lower bound: 358.69
  Branching node with LB reduction: 0.05
  Branching node with FS reduction: -0.25
  Total reduction: -0.44

Solve child node 53
   + Customers MUST      served together:  (8, 13)  (16, 20)  (15, 16)  
   + Customers FORBIDDEN served together:  (16, 24)  (15, 24)  (21, 24)  
   # Total number of 2e routes cannot EXCEED:   4  

-------------Iter CG 1-------------
LP Objective Value = 358.82,   sum y = 4.0
x[1, 2, 5, 1],  82.93
y[5, 16, 17, 20, 15, 21, 5] = 0.5  68.92
y[5, 13, 25, 8, 14, 5] = 1.0  69.58
y[5, 23, 21, 18, 5] = 0.5  49.75
y[5, 23, 5] = 0.5  14.0
y[5, 16, 17, 20, 15, 18, 5] = 0.5  63.8
y[5, 19, 7, 9, 11, 24, 6, 22, 10, 12, 5] = 1.0  108.07
true  1
-------------Iter CG 2-------------
LP Objective Value = 358.82,   sum y = 4.0
x[1, 2, 5, 1],  82.93
y[5, 16, 17, 20, 15, 21, 5] = 0.5  68.92
y[5, 13, 25, 8, 14, 5] = 1.0  69.58
y[5, 23, 21, 18, 5] = 0.5  49.75
y[5, 23, 5] = 0.5  14.0
y[5, 16, 17, 20, 15, 18, 5] = 0.5  63.8
y[5, 19, 7, 9, 11, 24, 6, 22, 10, 12, 5] = 1.0  108.07
false  0

Solve child node 54
   + Customers MUST      served together:  (16, 20)  (15, 16)  
   + Customers FORBIDDEN served together:  (16, 24)  (15, 24)  (21, 24)  (8, 13)  
   # Total number of 2e routes cannot EXCEED:   4  

-------------Iter CG 1-------------
LP Objective Value = 363.55,   sum y = 4.0
x[1, 2, 5, 1],  82.93
y[5, 16, 17, 20, 15, 18, 12, 5] = 0.5  64.23
y[5, 14, 21, 23, 5] = 0.37  38.17
y[5, 10, 24, 22, 25, 8, 5] = 0.38  87.06
y[5, 16, 17, 19, 7, 9, 11, 15, 20, 5] = 0.5  101.41
y[5, 19, 7, 9, 11, 24, 6, 13, 5] = 0.25  109.44
y[5, 23, 5] = 0.5  14.0
y[5, 12, 6, 22, 25, 13, 5] = 0.12  84.88
y[5, 10, 6, 24, 22, 8, 14, 5] = 0.25  85.46
y[5, 19, 7, 9, 11, 24, 6, 18, 12, 5] = 0.12  98.73
y[5, 23, 13, 21, 5] = 0.12  55.8
y[5, 21, 13, 10, 18, 12, 5] = 0.25  57.49
y[5, 14, 8, 25, 18, 5] = 0.12  70.21
y[5, 13, 22, 6, 11, 9, 7, 19, 5] = 0.13  114.07
y[5, 13, 25, 22, 6, 10, 5] = 0.13  85.38
y[5, 14, 8, 25, 21, 5] = 0.25  68.39
false  0
Exceed Upper Bound, prune

================Iteration 28 of B&P for SP1 [1, 2, 5, 1] parkings[5]================
Display selected node 53, parent node 52: from 4 nodes
- Branching node in depth: 7
   + Customers MUST      served together:  (8, 13)  (16, 20)  (15, 16)  
   + Customers FORBIDDEN served together:  (16, 24)  (15, 24)  (21, 24)  
   # Total number of 2e routes cannot EXCEED:   4  

  Branching node with fractional score: 2.0
  Branching node with cg lower bound: 358.82
  Branching node with LB reduction: 0.02
  Branching node with FS reduction: 0.0
  Total reduction: 0.04

Solve child node 55
   + Customers MUST      served together:  (8, 13)  (16, 20)  (16, 21)  (15, 16)  
   + Customers FORBIDDEN served together:  (16, 24)  (15, 24)  (21, 24)  
   # Total number of 2e routes cannot EXCEED:   4  

-------------Iter CG 1-------------
LP Objective Value = 369.23,   sum y = 4.0
x[1, 2, 5, 1],  82.93
y[5, 16, 17, 20, 15, 21, 5] = 1.0  68.92
y[5, 18, 22, 6, 11, 9, 7, 19, 5] = 0.5  107.47
y[5, 23, 5] = 0.5  14.0
y[5, 23, 14, 12, 18, 5] = 0.5  47.58
y[5, 13, 8, 25, 24, 10, 5] = 0.5  88.05
y[5, 14, 8, 25, 13, 5] = 0.5  69.58
y[5, 19, 7, 9, 11, 24, 6, 22, 10, 12, 5] = 0.5  108.07
true  172
-------------Iter CG 2-------------
LP Objective Value = 369.14,   sum y = 4.0
x[1, 2, 5, 1],  82.93
y[5, 16, 17, 20, 15, 21, 5] = 0.6  68.92
y[5, 23, 25, 22, 6, 12, 5] = 0.1  90.74
y[5, 19, 7, 9, 24, 22, 10, 18, 5] = 0.1  104.9
y[5, 18, 22, 6, 11, 9, 7, 19, 5] = 0.2  107.47
y[5, 18, 10, 22, 6, 24, 11, 5] = 0.1  90.91
y[5, 23, 5] = 0.6  14.0
y[5, 13, 8, 22, 24, 10, 5] = 0.1  87.08
y[5, 23, 14, 12, 18, 5] = 0.1  47.58
y[5, 23, 21, 15, 9, 7, 20, 16, 5] = 0.1  97.58
y[5, 19, 7, 9, 11, 24, 6, 18, 12, 5] = 0.3  98.73
y[5, 14, 8, 25, 13, 5] = 0.9  69.58
y[5, 19, 7, 9, 11, 24, 6, 22, 10, 12, 5] = 0.3  108.07
y[5, 12, 18, 10, 22, 24, 11, 19, 5] = 0.1  104.55
y[5, 21, 10, 15, 20, 17, 16, 5] = 0.3  70.47
y[5, 17, 18, 12, 23, 5] = 0.1  68.26
true  42
-------------Iter CG 3-------------
LP Objective Value = 369.14,   sum y = 4.0
x[1, 2, 5, 1],  82.93
y[5, 16, 17, 20, 15, 21, 5] = 0.6  68.92
y[5, 23, 25, 22, 6, 12, 5] = 0.1  90.74
y[5, 19, 7, 9, 24, 22, 10, 18, 5] = 0.1  104.9
y[5, 18, 22, 6, 11, 9, 7, 19, 5] = 0.2  107.47
y[5, 18, 10, 22, 6, 24, 11, 5] = 0.1  90.91
y[5, 23, 5] = 0.6  14.0
y[5, 13, 8, 22, 24, 10, 5] = 0.1  87.08
y[5, 23, 14, 12, 18, 5] = 0.1  47.58
y[5, 23, 21, 15, 9, 7, 20, 16, 5] = 0.1  97.58
y[5, 19, 7, 9, 11, 24, 6, 18, 12, 5] = 0.3  98.73
y[5, 14, 8, 25, 13, 5] = 0.9  69.58
y[5, 19, 7, 9, 11, 24, 6, 22, 10, 12, 5] = 0.3  108.07
y[5, 12, 18, 10, 22, 24, 11, 19, 5] = 0.1  104.55
y[5, 21, 10, 15, 20, 17, 16, 5] = 0.3  70.47
y[5, 17, 18, 12, 23, 5] = 0.1  68.26
false  0
Exceed Upper Bound, prune

Solve child node 56
   + Customers MUST      served together:  (8, 13)  (16, 20)  (15, 16)  
   + Customers FORBIDDEN served together:  (16, 24)  (15, 24)  (21, 24)  (16, 21)  
   # Total number of 2e routes cannot EXCEED:   4  

-------------Iter CG 1-------------
LP Objective Value = 360.23,   sum y = 4.0
x[1, 2, 5, 1],  82.93
y[5, 21, 13, 8, 14, 5] = 0.25  65.79
y[5, 14, 21, 23, 5] = 0.25  38.17
y[5, 21, 25, 22, 6, 10, 5] = 0.25  84.2
y[5, 23, 21, 12, 18, 5] = 0.25  50.12
y[5, 16, 17, 19, 7, 9, 11, 15, 20, 5] = 0.25  101.41
y[5, 23, 5] = 0.5  14.0
y[5, 13, 8, 25, 24, 5] = 0.25  86.74
y[5, 14, 8, 25, 13, 5] = 0.5  69.58
y[5, 16, 17, 20, 15, 18, 5] = 0.75  63.8
y[5, 19, 7, 9, 11, 24, 6, 22, 10, 12, 5] = 0.75  108.07
false  0

================Iteration 29 of B&P for SP1 [1, 2, 5, 1] parkings[5]================
Display selected node 56, parent node 53: from 4 nodes
- Branching node in depth: 8
   + Customers MUST      served together:  (8, 13)  (16, 20)  (15, 16)  
   + Customers FORBIDDEN served together:  (16, 24)  (15, 24)  (21, 24)  (16, 21)  
   # Total number of 2e routes cannot EXCEED:   4  

  Branching node with fractional score: 3.0
  Branching node with cg lower bound: 360.23
  Branching node with LB reduction: 0.18
  Branching node with FS reduction: 0.12
  Total reduction: 0.78

Solve child node 57
   + Customers MUST      served together:  (8, 21)  (8, 13)  (16, 20)  (15, 16)  
   + Customers FORBIDDEN served together:  (16, 24)  (15, 24)  (21, 24)  (16, 21)  
   # Total number of 2e routes cannot EXCEED:   4  

-------------Iter CG 1-------------
LP Objective Value = 369.87,   sum y = 4.0
x[1, 2, 5, 1],  82.93
y[5, 19, 7, 9, 24, 22, 25, 5] = 0.33  112.6
y[5, 16, 17, 20, 15, 18, 12, 5] = 0.67  64.23
y[5, 23, 25, 22, 6, 10, 5] = 0.33  91.24
y[5, 21, 13, 8, 14, 5] = 0.33  65.79
y[5, 16, 17, 19, 7, 9, 11, 15, 20, 5] = 0.33  101.41
y[5, 23, 5] = 0.67  14.0
y[5, 19, 7, 9, 11, 24, 6, 18, 12, 5] = 0.33  98.73
y[5, 11, 24, 6, 22, 25, 5] = 0.33  98.62
y[5, 10, 8, 13, 21, 14, 5] = 0.67  67.99
true  79
-------------Iter CG 2-------------
LP Objective Value = 369.69,   sum y = 4.0
x[1, 2, 5, 1],  82.93
y[5, 19, 7, 9, 24, 22, 25, 5] = 0.33  112.6
y[5, 16, 17, 20, 15, 18, 12, 5] = 0.67  64.23
y[5, 23, 25, 22, 6, 10, 5] = 0.33  91.24
y[5, 21, 13, 8, 14, 5] = 0.67  65.79
y[5, 16, 17, 19, 7, 9, 11, 15, 20, 5] = 0.33  101.41
y[5, 23, 5] = 0.67  14.0
y[5, 19, 7, 9, 11, 24, 6, 18, 12, 5] = 0.33  98.73
y[5, 10, 8, 13, 21, 14, 5] = 0.33  67.99
y[5, 10, 25, 22, 6, 24, 11, 5] = 0.33  100.25
true  25
-------------Iter CG 3-------------
LP Objective Value = 369.69,   sum y = 4.0
x[1, 2, 5, 1],  82.93
y[5, 19, 7, 9, 24, 22, 25, 5] = 0.33  112.6
y[5, 16, 17, 20, 15, 18, 12, 5] = 0.67  64.23
y[5, 23, 25, 22, 6, 10, 5] = 0.33  91.24
y[5, 21, 13, 8, 14, 5] = 0.67  65.79
y[5, 16, 17, 19, 7, 9, 11, 15, 20, 5] = 0.33  101.41
y[5, 23, 5] = 0.67  14.0
y[5, 19, 7, 9, 11, 24, 6, 18, 12, 5] = 0.33  98.73
y[5, 10, 8, 13, 21, 14, 5] = 0.33  67.99
y[5, 10, 25, 22, 6, 24, 11, 5] = 0.33  100.25
false  0
Exceed Upper Bound, prune

Solve child node 58
   + Customers MUST      served together:  (8, 13)  (16, 20)  (15, 16)  
   + Customers FORBIDDEN served together:  (8, 21)  (16, 24)  (15, 24)  (21, 24)  (16, 21)  
   # Total number of 2e routes cannot EXCEED:   4  

-------------Iter CG 1-------------
LP Objective Value = 360.71,   sum y = 4.0
x[1, 2, 5, 1],  82.93
y[5, 16, 17, 20, 15, 18, 12, 5] = 0.5  64.23
y[5, 13, 25, 8, 14, 5] = 0.5  69.58
y[5, 23, 21, 14, 5] = 0.5  38.17
y[5, 23, 5] = 0.5  14.0
y[5, 19, 7, 9, 11, 6, 22, 21, 5] = 0.5  109.65
y[5, 13, 8, 25, 24, 10, 5] = 0.5  88.05
y[5, 16, 17, 20, 15, 18, 5] = 0.5  63.8
y[5, 19, 7, 9, 11, 24, 6, 22, 10, 12, 5] = 0.5  108.07
false  0

================Iteration 30 of B&P for SP1 [1, 2, 5, 1] parkings[5]================
Display selected node 58, parent node 56: from 4 nodes
- Branching node in depth: 9
   + Customers MUST      served together:  (8, 13)  (16, 20)  (15, 16)  
   + Customers FORBIDDEN served together:  (8, 21)  (16, 24)  (15, 24)  (21, 24)  (16, 21)  
   # Total number of 2e routes cannot EXCEED:   4  

  Branching node with fractional score: 4.0
  Branching node with cg lower bound: 360.71
  Branching node with LB reduction: 0.05
  Branching node with FS reduction: 0.11
  Total reduction: 0.46

Solve child node 59
   + Customers MUST      served together:  (12, 16)  (8, 13)  (16, 20)  (15, 16)  
   + Customers FORBIDDEN served together:  (8, 21)  (16, 24)  (15, 24)  (21, 24)  (16, 21)  
   # Total number of 2e routes cannot EXCEED:   4  

-------------Iter CG 1-------------
LP Objective Value = 360.92,   sum y = 4.0
x[1, 2, 5, 1],  82.93
y[5, 16, 17, 20, 15, 18, 12, 5] = 1.0  64.23
y[5, 13, 25, 8, 14, 5] = 0.5  69.58
y[5, 19, 7, 9, 11, 24, 6, 22, 10, 5] = 0.5  108.07
y[5, 23, 21, 14, 5] = 0.5  38.17
y[5, 23, 5] = 0.5  14.0
y[5, 19, 7, 9, 11, 6, 22, 21, 5] = 0.5  109.65
y[5, 13, 8, 25, 24, 10, 5] = 0.5  88.05
false  0

Solve child node 60
   + Customers MUST      served together:  (8, 13)  (16, 20)  (15, 16)  
   + Customers FORBIDDEN served together:  (8, 21)  (12, 16)  (16, 24)  (15, 24)  (21, 24)  (16, 21)  
   # Total number of 2e routes cannot EXCEED:   4  

-------------Iter CG 1-------------
LP Objective Value = 361.35,   sum y = 4.0
x[1, 2, 5, 1],  82.93
y[5, 13, 25, 8, 14, 5] = 0.33  69.58
y[5, 23, 21, 14, 5] = 0.67  38.17
y[5, 23, 5] = 0.33  14.0
y[5, 13, 8, 25, 10, 12, 5] = 0.33  71.38
y[5, 13, 8, 25, 24, 5] = 0.33  86.74
y[5, 19, 7, 9, 11, 6, 22, 21, 5] = 0.33  109.65
y[5, 16, 17, 20, 15, 18, 5] = 1.0  63.8
y[5, 19, 7, 9, 11, 24, 6, 22, 10, 12, 5] = 0.67  108.07
false  0

================Iteration 31 of B&P for SP1 [1, 2, 5, 1] parkings[5]================
Display selected node 60, parent node 58: from 5 nodes
- Branching node in depth: 10
   + Customers MUST      served together:  (8, 13)  (16, 20)  (15, 16)  
   + Customers FORBIDDEN served together:  (8, 21)  (12, 16)  (16, 24)  (15, 24)  (21, 24)  (16, 21)  
   # Total number of 2e routes cannot EXCEED:   4  

  Branching node with fractional score: 2.33
  Branching node with cg lower bound: 361.35
  Branching node with LB reduction: 0.06
  Branching node with FS reduction: -0.17
  Total reduction: -0.31

Solve child node 61
   + Customers MUST      served together:  (8, 12)  (8, 13)  (16, 20)  (15, 16)  
   + Customers FORBIDDEN served together:  (8, 21)  (12, 16)  (16, 24)  (15, 24)  (21, 24)  (16, 21)  
   # Total number of 2e routes cannot EXCEED:   4  

-------------Iter CG 1-------------
LP Objective Value = 363.53,   sum y = 4.0
x[1, 2, 5, 1],  82.93
y[5, 19, 7, 9, 11, 24, 6, 22, 10, 5] = 1.0  108.07
y[5, 12, 8, 25, 13, 5] = 1.0  70.55
y[5, 23, 21, 14, 5] = 1.0  38.17
y[5, 16, 17, 20, 15, 18, 5] = 1.0  63.8
false  0
Exceed Upper Bound, prune

Solve child node 62
   + Customers MUST      served together:  (8, 13)  (16, 20)  (15, 16)  
   + Customers FORBIDDEN served together:  (8, 21)  (12, 16)  (8, 12)  (16, 24)  (15, 24)  (21, 24)  (16, 21)  
   # Total number of 2e routes cannot EXCEED:   4  

-------------Iter CG 1-------------
LP Objective Value = 362.06,   sum y = 4.0
x[1, 2, 5, 1],  82.93
y[5, 21, 25, 22, 6, 10, 5] = 0.2  84.2
y[5, 13, 25, 8, 14, 5] = 0.4  69.58
y[5, 23, 21, 12, 18, 5] = 0.2  50.12
y[5, 16, 17, 19, 7, 9, 11, 15, 20, 5] = 0.4  101.41
y[5, 23, 21, 14, 5] = 0.4  38.17
y[5, 23, 5] = 0.4  14.0
y[5, 14, 21, 12, 18, 5] = 0.2  43.24
y[5, 13, 8, 25, 24, 5] = 0.2  86.74
y[5, 24, 22, 8, 13, 5] = 0.2  85.76
y[5, 16, 17, 20, 15, 18, 5] = 0.6  63.8
y[5, 19, 7, 9, 11, 24, 6, 22, 10, 12, 5] = 0.6  108.07
y[5, 13, 8, 25, 6, 10, 5] = 0.2  83.66
false  0
Exceed Upper Bound, prune

================Iteration 32 of B&P for SP1 [1, 2, 5, 1] parkings[5]================
Display selected node 59, parent node 58: from 4 nodes
- Branching node in depth: 10
   + Customers MUST      served together:  (12, 16)  (8, 13)  (16, 20)  (15, 16)  
   + Customers FORBIDDEN served together:  (8, 21)  (16, 24)  (15, 24)  (21, 24)  (16, 21)  
   # Total number of 2e routes cannot EXCEED:   4  

  Branching node with fractional score: 3.0
  Branching node with cg lower bound: 360.92
  Branching node with LB reduction: 0.02
  Branching node with FS reduction: -0.1
  Total reduction: -0.24

Solve child node 63
   + Customers MUST      served together:  (8, 24)  (12, 16)  (8, 13)  (16, 20)  (15, 16)  
   + Customers FORBIDDEN served together:  (8, 21)  (16, 24)  (15, 24)  (21, 24)  (16, 21)  
   # Total number of 2e routes cannot EXCEED:   4  

-------------Iter CG 1-------------
LP Objective Value = 371.84,   sum y = 4.0
x[1, 2, 5, 1],  82.93
y[5, 16, 17, 20, 15, 18, 12, 5] = 0.79  64.23
y[5, 21, 14, 5] = 0.21  30.94
y[5, 25, 22, 6, 11, 9, 7, 5] = 0.14  103.92
y[5, 13, 8, 6, 24, 11, 7, 19, 5] = 0.14  113.44
y[5, 18, 22, 6, 11, 9, 7, 19, 5] = 0.21  107.47
y[5, 23, 21, 14, 5] = 0.71  38.17
y[5, 23, 5] = 0.29  14.0
y[5, 13, 8, 22, 24, 10, 5] = 0.29  87.08
y[5, 25, 22, 6, 11, 9, 19, 5] = 0.14  113.8
y[5, 19, 7, 9, 11, 6, 22, 21, 5] = 0.07  109.65
y[5, 13, 8, 25, 24, 10, 5] = 0.57  88.05
y[5, 20, 7, 19, 9, 11, 6, 15, 10, 12, 16, 5] = 0.07  124.6
y[5, 16, 17, 20, 19, 7, 9, 11, 15, 12, 5] = 0.14  103.97
y[5, 25, 22, 6, 9, 7, 19, 5] = 0.14  113.85
y[5, 17, 19, 7, 9, 11, 6, 10, 14, 5] = 0.07  100.28
false  0
Exceed Upper Bound, prune

Solve child node 64
   + Customers MUST      served together:  (12, 16)  (8, 13)  (16, 20)  (15, 16)  
   + Customers FORBIDDEN served together:  (8, 24)  (8, 21)  (16, 24)  (15, 24)  (21, 24)  (16, 21)  
   # Total number of 2e routes cannot EXCEED:   4  

-------------Iter CG 1-------------
LP Objective Value = 362.63,   sum y = 4.0
x[1, 2, 5, 1],  82.93
y[5, 16, 17, 20, 15, 18, 12, 5] = 1.0  64.23
y[5, 19, 7, 9, 11, 24, 6, 22, 10, 5] = 1.0  108.07
y[5, 23, 21, 5] = 1.0  37.82
y[5, 14, 8, 25, 13, 5] = 1.0  69.58
true  3
-------------Iter CG 2-------------
LP Objective Value = 362.63,   sum y = 4.0
x[1, 2, 5, 1],  82.93
y[5, 16, 17, 20, 15, 18, 12, 5] = 1.0  64.23
y[5, 19, 7, 9, 11, 24, 6, 22, 10, 5] = 1.0  108.07
y[5, 23, 21, 5] = 1.0  37.82
y[5, 14, 8, 25, 13, 5] = 1.0  69.58
false  0
Exceed Upper Bound, prune

================Iteration 33 of B&P for SP1 [1, 2, 5, 1] parkings[5]================
Display selected node 46, parent node 8: from 3 nodes
- Branching node in depth: 5
   + Customers MUST      served together:  (16, 24)  
   + Customers FORBIDDEN served together:  (12, 16)  (17, 20)  (16, 20)  
   # Total number of 2e routes cannot EXCEED:   4  

  Branching node with fractional score: 3.6
  Branching node with cg lower bound: 360.99
  Branching node with LB reduction: 0.64
  Branching node with FS reduction: 0.01
  Total reduction: 1.23

Solve child node 65
   + Customers MUST      served together:  (6, 18)  (16, 24)  
   + Customers FORBIDDEN served together:  (12, 16)  (17, 20)  (16, 20)  
   # Total number of 2e routes cannot EXCEED:   4  

-------------Iter CG 1-------------
LP Objective Value = 371.51,   sum y = 4.0
x[1, 2, 5, 1],  82.93
y[5, 14, 21, 13, 12, 5] = 0.5  53.45
y[5, 13, 8, 25, 15, 20, 5] = 0.5  86.96
y[5, 18, 10, 22, 6, 7, 17, 5] = 0.5  94.48
y[5, 23, 21, 14, 5] = 0.5  38.17
y[5, 23, 5] = 0.5  14.0
y[5, 16, 17, 19, 7, 9, 11, 24, 10, 5] = 0.5  100.75
y[5, 16, 19, 9, 11, 24, 6, 18, 5] = 0.5  98.07
y[5, 12, 8, 25, 22, 15, 20, 5] = 0.5  91.26
false  0
Exceed Upper Bound, prune

Solve child node 66
   + Customers MUST      served together:  (16, 24)  
   + Customers FORBIDDEN served together:  (6, 18)  (12, 16)  (17, 20)  (16, 20)  
   # Total number of 2e routes cannot EXCEED:   4  

-------------Iter CG 1-------------
LP Objective Value = 361.5,   sum y = 4.0
x[1, 2, 5, 1],  82.93
y[5, 20, 15, 18, 21, 14, 5] = 0.38  63.43
y[5, 21, 13, 18, 12, 5] = 0.21  56.42
y[5, 23, 21, 12, 18, 5] = 0.23  50.12
y[5, 8, 25, 22, 6, 15, 5] = 0.1  85.13
y[5, 20, 6, 22, 25, 13, 5] = 0.23  91.85
y[5, 13, 8, 22, 6, 15, 5] = 0.15  85.14
y[5, 23, 21, 14, 5] = 0.13  38.17
y[5, 23, 5] = 0.64  14.0
y[5, 16, 17, 19, 7, 9, 11, 24, 10, 5] = 0.72  100.75
y[5, 16, 17, 19, 7, 9, 24, 6, 5] = 0.08  98.53
y[5, 16, 19, 7, 9, 11, 24, 6, 22, 5] = 0.13  109.64
y[5, 20, 7, 9, 11, 6, 22, 8, 10, 12, 5] = 0.08  104.29
y[5, 20, 6, 22, 25, 8, 10, 12, 5] = 0.15  92.25
y[5, 12, 8, 25, 22, 15, 20, 5] = 0.15  91.26
y[5, 21, 13, 10, 18, 12, 5] = 0.05  57.49
y[5, 14, 8, 25, 13, 5] = 0.36  69.58
y[5, 17, 15, 18, 12, 14, 5] = 0.13  64.7
y[5, 15, 6, 24, 11, 19, 17, 16, 5] = 0.08  100.06
false  0

================Iteration 34 of B&P for SP1 [1, 2, 5, 1] parkings[5]================
Display selected node 66, parent node 46: from 3 nodes
- Branching node in depth: 6
   + Customers MUST      served together:  (16, 24)  
   + Customers FORBIDDEN served together:  (6, 18)  (12, 16)  (17, 20)  (16, 20)  
   # Total number of 2e routes cannot EXCEED:   4  

  Branching node with fractional score: 3.28
  Branching node with cg lower bound: 361.5
  Branching node with LB reduction: 0.08
  Branching node with FS reduction: -0.05
  Total reduction: 0.07

Solve child node 67
   + Customers MUST      served together:  (16, 24)  (6, 12)  
   + Customers FORBIDDEN served together:  (6, 18)  (12, 16)  (17, 20)  (16, 20)  
   # Total number of 2e routes cannot EXCEED:   4  

-------------Iter CG 1-------------
LP Objective Value = 366.8,   sum y = 4.0
x[1, 2, 5, 1],  82.93
y[5, 20, 15, 18, 21, 14, 5] = 0.67  63.43
y[5, 23, 21, 18, 15, 5] = 0.33  64.7
y[5, 12, 10, 6, 22, 8, 13, 5] = 0.33  83.95
y[5, 23, 5] = 0.67  14.0
y[5, 16, 17, 19, 7, 9, 11, 24, 10, 5] = 1.0  100.75
y[5, 12, 6, 22, 25, 13, 5] = 0.33  84.88
y[5, 14, 8, 25, 13, 5] = 0.33  69.58
y[5, 12, 8, 25, 22, 6, 20, 5] = 0.33  91.39
true  6
-------------Iter CG 2-------------
LP Objective Value = 366.8,   sum y = 4.0
x[1, 2, 5, 1],  82.93
y[5, 20, 15, 18, 21, 14, 5] = 0.67  63.43
y[5, 23, 21, 18, 15, 5] = 0.33  64.7
y[5, 12, 10, 6, 22, 8, 13, 5] = 0.33  83.95
y[5, 23, 5] = 0.67  14.0
y[5, 16, 17, 19, 7, 9, 11, 24, 10, 5] = 1.0  100.75
y[5, 12, 6, 22, 25, 13, 5] = 0.33  84.88
y[5, 14, 8, 25, 13, 5] = 0.33  69.58
y[5, 12, 8, 25, 22, 6, 20, 5] = 0.33  91.39
true  5
-------------Iter CG 3-------------
LP Objective Value = 366.8,   sum y = 4.0
x[1, 2, 5, 1],  82.93
y[5, 20, 15, 18, 21, 14, 5] = 0.67  63.43
y[5, 23, 21, 18, 15, 5] = 0.33  64.7
y[5, 12, 10, 6, 22, 8, 13, 5] = 0.33  83.95
y[5, 23, 5] = 0.67  14.0
y[5, 16, 17, 19, 7, 9, 11, 24, 10, 5] = 1.0  100.75
y[5, 12, 6, 22, 25, 13, 5] = 0.33  84.88
y[5, 14, 8, 25, 13, 5] = 0.33  69.58
y[5, 12, 8, 25, 22, 6, 20, 5] = 0.33  91.39
false  0
Exceed Upper Bound, prune

Solve child node 68
   + Customers MUST      served together:  (16, 24)  
   + Customers FORBIDDEN served together:  (6, 18)  (12, 16)  (17, 20)  (16, 20)  (6, 12)  
   # Total number of 2e routes cannot EXCEED:   4  

-------------Iter CG 1-------------
LP Objective Value = 361.99,   sum y = 4.0
x[1, 2, 5, 1],  82.93
y[5, 20, 15, 18, 21, 14, 5] = 0.29  63.43
y[5, 23, 21, 12, 18, 5] = 0.33  50.12
y[5, 20, 7, 9, 11, 6, 22, 8, 10, 5] = 0.1  104.29
y[5, 12, 18, 10, 13, 21, 5] = 0.1  57.49
y[5, 20, 6, 22, 25, 13, 5] = 0.29  91.85
y[5, 16, 17, 19, 7, 9, 24, 6, 10, 5] = 0.14  99.63
y[5, 23, 21, 14, 5] = 0.05  38.17
y[5, 23, 5] = 0.62  14.0
y[5, 16, 17, 19, 7, 9, 11, 24, 10, 5] = 0.67  100.75
y[5, 16, 19, 7, 9, 11, 24, 6, 22, 5] = 0.05  109.64
y[5, 14, 21, 12, 18, 5] = 0.24  43.24
y[5, 14, 12, 18, 15, 17, 5] = 0.05  64.7
y[5, 12, 8, 25, 22, 15, 20, 5] = 0.29  91.26
y[5, 14, 8, 25, 13, 5] = 0.38  69.58
y[5, 15, 6, 22, 8, 13, 5] = 0.24  85.14
y[5, 20, 7, 9, 11, 6, 22, 25, 5] = 0.05  104.05
y[5, 15, 6, 24, 11, 19, 17, 16, 5] = 0.14  100.06
true  1
-------------Iter CG 2-------------
LP Objective Value = 361.99,   sum y = 4.0
x[1, 2, 5, 1],  82.93
y[5, 20, 15, 18, 21, 14, 5] = 0.29  63.43
y[5, 23, 21, 12, 18, 5] = 0.33  50.12
y[5, 20, 7, 9, 11, 6, 22, 8, 10, 5] = 0.1  104.29
y[5, 12, 18, 10, 13, 21, 5] = 0.1  57.49
y[5, 20, 6, 22, 25, 13, 5] = 0.29  91.85
y[5, 16, 17, 19, 7, 9, 24, 6, 10, 5] = 0.14  99.63
y[5, 23, 21, 14, 5] = 0.05  38.17
y[5, 23, 5] = 0.62  14.0
y[5, 16, 17, 19, 7, 9, 11, 24, 10, 5] = 0.67  100.75
y[5, 16, 19, 7, 9, 11, 24, 6, 22, 5] = 0.05  109.64
y[5, 14, 21, 12, 18, 5] = 0.24  43.24
y[5, 14, 12, 18, 15, 17, 5] = 0.05  64.7
y[5, 12, 8, 25, 22, 15, 20, 5] = 0.29  91.26
y[5, 14, 8, 25, 13, 5] = 0.38  69.58
y[5, 15, 6, 22, 8, 13, 5] = 0.24  85.14
y[5, 20, 7, 9, 11, 6, 22, 25, 5] = 0.05  104.05
y[5, 15, 6, 24, 11, 19, 17, 16, 5] = 0.14  100.06
false  0

================Iteration 35 of B&P for SP1 [1, 2, 5, 1] parkings[5]================
Display selected node 68, parent node 66: from 3 nodes
- Branching node in depth: 7
   + Customers MUST      served together:  (16, 24)  
   + Customers FORBIDDEN served together:  (6, 18)  (12, 16)  (17, 20)  (16, 20)  (6, 12)  
   # Total number of 2e routes cannot EXCEED:   4  

  Branching node with fractional score: 3.43
  Branching node with cg lower bound: 361.99
  Branching node with LB reduction: 0.07
  Branching node with FS reduction: 0.02
  Total reduction: 0.22

Solve child node 69
   + Customers MUST      served together:  (6, 22)  (16, 24)  
   + Customers FORBIDDEN served together:  (6, 18)  (12, 16)  (17, 20)  (16, 20)  (6, 12)  
   # Total number of 2e routes cannot EXCEED:   4  

-------------Iter CG 1-------------
LP Objective Value = 363.88,   sum y = 4.0
x[1, 2, 5, 1],  82.93
y[5, 13, 8, 22, 6, 20, 5] = 0.25  90.42
y[5, 23, 21, 12, 18, 5] = 0.25  50.12
y[5, 13, 8, 25, 15, 20, 5] = 0.25  86.96
y[5, 8, 25, 22, 6, 15, 5] = 0.25  85.13
y[5, 20, 6, 22, 25, 13, 5] = 0.25  91.85
y[5, 23, 21, 14, 5] = 0.25  38.17
y[5, 23, 5] = 0.5  14.0
y[5, 16, 17, 19, 7, 9, 11, 24, 10, 5] = 0.75  100.75
y[5, 16, 19, 7, 9, 11, 24, 6, 22, 5] = 0.25  109.64
y[5, 14, 21, 12, 18, 5] = 0.5  43.24
y[5, 13, 8, 25, 10, 15, 20, 5] = 0.25  90.07
y[5, 14, 12, 18, 15, 17, 5] = 0.25  64.7
true  3
-------------Iter CG 2-------------
LP Objective Value = 363.88,   sum y = 4.0
x[1, 2, 5, 1],  82.93
y[5, 13, 8, 22, 6, 20, 5] = 0.25  90.42
y[5, 23, 21, 12, 18, 5] = 0.25  50.12
y[5, 13, 8, 25, 15, 20, 5] = 0.25  86.96
y[5, 8, 25, 22, 6, 15, 5] = 0.25  85.13
y[5, 20, 6, 22, 25, 13, 5] = 0.25  91.85
y[5, 23, 21, 14, 5] = 0.25  38.17
y[5, 23, 5] = 0.5  14.0
y[5, 16, 17, 19, 7, 9, 11, 24, 10, 5] = 0.75  100.75
y[5, 16, 19, 7, 9, 11, 24, 6, 22, 5] = 0.25  109.64
y[5, 14, 21, 12, 18, 5] = 0.5  43.24
y[5, 13, 8, 25, 10, 15, 20, 5] = 0.25  90.07
y[5, 14, 12, 18, 15, 17, 5] = 0.25  64.7
false  0
Exceed Upper Bound, prune

Solve child node 70
   + Customers MUST      served together:  (16, 24)  
   + Customers FORBIDDEN served together:  (6, 18)  (12, 16)  (17, 20)  (6, 22)  (16, 20)  (6, 12)  
   # Total number of 2e routes cannot EXCEED:   4  

-------------Iter CG 1-------------
LP Objective Value = 365.77,   sum y = 4.0
x[1, 2, 5, 1],  82.93
y[5, 20, 15, 18, 21, 14, 5] = 0.01  63.43
y[5, 13, 25, 22, 15, 5] = 0.03  86.13
y[5, 20, 7, 11, 22, 25, 8, 5] = 0.25  101.66
y[5, 20, 19, 7, 11, 22, 8, 13, 5] = 0.02  113.55
y[5, 12, 18, 10, 13, 21, 5] = 0.45  57.49
y[5, 16, 17, 19, 7, 9, 24, 6, 10, 5] = 0.55  99.63
y[5, 23, 21, 14, 5] = 0.38  38.17
y[5, 23, 5] = 0.54  14.0
y[5, 16, 17, 19, 7, 9, 24, 6, 5] = 0.07  98.53
y[5, 16, 7, 9, 11, 24, 15, 18, 5] = 0.02  94.55
y[5, 23, 14, 12, 18, 5] = 0.09  47.58
y[5, 14, 21, 12, 18, 5] = 0.15  43.24
y[5, 14, 12, 18, 15, 17, 5] = 0.02  64.7
y[5, 21, 13, 6, 11, 9, 7, 20, 5] = 0.02  97.3
y[5, 12, 8, 25, 22, 15, 20, 5] = 0.3  91.26
y[5, 14, 8, 25, 13, 5] = 0.36  69.58
y[5, 20, 11, 22, 25, 13, 5] = 0.06  99.95
y[5, 20, 15, 9, 11, 22, 18, 5] = 0.27  95.63
y[5, 20, 7, 9, 22, 8, 13, 5] = 0.07  100.99
y[5, 15, 6, 24, 11, 19, 17, 16, 5] = 0.36  100.06
true  1
-------------Iter CG 2-------------
LP Objective Value = 365.77,   sum y = 4.0
x[1, 2, 5, 1],  82.93
y[5, 20, 15, 18, 21, 14, 5] = 0.01  63.43
y[5, 13, 25, 22, 15, 5] = 0.03  86.13
y[5, 20, 7, 11, 22, 25, 8, 5] = 0.25  101.66
y[5, 20, 19, 7, 11, 22, 8, 13, 5] = 0.02  113.55
y[5, 12, 18, 10, 13, 21, 5] = 0.45  57.49
y[5, 16, 17, 19, 7, 9, 24, 6, 10, 5] = 0.55  99.63
y[5, 23, 21, 14, 5] = 0.38  38.17
y[5, 23, 5] = 0.54  14.0
y[5, 16, 17, 19, 7, 9, 24, 6, 5] = 0.07  98.53
y[5, 16, 7, 9, 11, 24, 15, 18, 5] = 0.02  94.55
y[5, 23, 14, 12, 18, 5] = 0.09  47.58
y[5, 14, 21, 12, 18, 5] = 0.15  43.24
y[5, 14, 12, 18, 15, 17, 5] = 0.02  64.7
y[5, 21, 13, 6, 11, 9, 7, 20, 5] = 0.02  97.3
y[5, 12, 8, 25, 22, 15, 20, 5] = 0.3  91.26
y[5, 14, 8, 25, 13, 5] = 0.36  69.58
y[5, 20, 11, 22, 25, 13, 5] = 0.06  99.95
y[5, 20, 15, 9, 11, 22, 18, 5] = 0.27  95.63
y[5, 20, 7, 9, 22, 8, 13, 5] = 0.07  100.99
y[5, 15, 6, 24, 11, 19, 17, 16, 5] = 0.36  100.06
false  0
Exceed Upper Bound, prune

================Iteration 36 of B&P for SP1 [1, 2, 5, 1] parkings[5]================
Display selected node 29, parent node 28: from 2 nodes
- Branching node in depth: 4
   + Customers MUST      served together:  (15, 24)  (16, 20)  
   + Customers FORBIDDEN served together:  (16, 24)  
   # Total number of 2e routes cannot EXCEED:   4  

  Branching node with fractional score: 2.52
  Branching node with cg lower bound: 361.8
  Branching node with LB reduction: 1.83
  Branching node with FS reduction: -0.12
  Total reduction: 2.87

Solve child node 71
   + Customers MUST      served together:  (6, 22)  (15, 24)  (16, 20)  
   + Customers FORBIDDEN served together:  (16, 24)  
   # Total number of 2e routes cannot EXCEED:   4  

-------------Iter CG 1-------------
LP Objective Value = 367.47,   sum y = 4.0
x[1, 2, 5, 1],  82.93
y[5, 19, 7, 9, 11, 6, 22, 8, 12, 5] = 0.14  115.01
y[5, 23, 21, 12, 14, 5] = 0.14  46.31
y[5, 11, 9, 7, 19, 20, 16, 5] = 0.14  98.37
y[5, 23, 13, 25, 10, 12, 5] = 0.14  77.49
y[5, 23, 14, 12, 18, 10, 5] = 0.14  53.44
y[5, 23, 5] = 0.57  14.0
y[5, 13, 8, 25, 10, 12, 5] = 0.14  71.38
y[5, 15, 7, 19, 9, 24, 6, 22, 12, 5] = 0.29  110.25
y[5, 15, 9, 11, 24, 6, 22, 10, 5] = 0.29  92.92
y[5, 21, 18, 20, 17, 16, 5] = 0.86  66.14
y[5, 14, 8, 25, 13, 5] = 0.71  69.58
y[5, 15, 7, 19, 11, 24, 6, 22, 10, 5] = 0.29  111.32
y[5, 17, 19, 7, 9, 11, 24, 15, 5] = 0.14  100.09
true  21
-------------Iter CG 2-------------
LP Objective Value = 366.81,   sum y = 4.0
x[1, 2, 5, 1],  82.93
y[5, 19, 7, 9, 11, 6, 22, 8, 12, 5] = 0.06  115.01
y[5, 18, 10, 24, 11, 9, 19, 7, 15, 5] = 0.03  102.92
y[5, 11, 9, 7, 19, 20, 16, 5] = 0.03  98.37
y[5, 23, 13, 25, 10, 12, 5] = 0.06  77.49
y[5, 23, 21, 14, 5] = 0.03  38.17
y[5, 23, 5] = 0.69  14.0
y[5, 13, 8, 25, 10, 12, 5] = 0.2  71.38
y[5, 15, 7, 19, 9, 24, 6, 22, 12, 5] = 0.31  110.25
y[5, 15, 9, 11, 24, 6, 22, 10, 5] = 0.31  92.92
y[5, 23, 14, 12, 10, 11, 9, 7, 19, 5] = 0.23  107.32
y[5, 21, 18, 20, 17, 16, 5] = 0.97  66.14
y[5, 14, 8, 25, 13, 5] = 0.74  69.58
y[5, 15, 7, 19, 11, 24, 6, 22, 10, 5] = 0.17  111.32
y[5, 15, 7, 19, 11, 24, 6, 22, 12, 5] = 0.14  111.31
y[5, 17, 19, 7, 9, 11, 24, 15, 5] = 0.03  100.09
true  3
-------------Iter CG 3-------------
LP Objective Value = 366.81,   sum y = 4.0
x[1, 2, 5, 1],  82.93
y[5, 19, 7, 9, 11, 6, 22, 8, 12, 5] = 0.06  115.01
y[5, 18, 10, 24, 11, 9, 19, 7, 15, 5] = 0.03  102.92
y[5, 11, 9, 7, 19, 20, 16, 5] = 0.03  98.37
y[5, 23, 13, 25, 10, 12, 5] = 0.06  77.49
y[5, 23, 21, 14, 5] = 0.03  38.17
y[5, 23, 5] = 0.69  14.0
y[5, 13, 8, 25, 10, 12, 5] = 0.2  71.38
y[5, 15, 7, 19, 9, 24, 6, 22, 12, 5] = 0.31  110.25
y[5, 15, 9, 11, 24, 6, 22, 10, 5] = 0.31  92.92
y[5, 23, 14, 12, 10, 11, 9, 7, 19, 5] = 0.23  107.32
y[5, 21, 18, 20, 17, 16, 5] = 0.97  66.14
y[5, 14, 8, 25, 13, 5] = 0.74  69.58
y[5, 15, 7, 19, 11, 24, 6, 22, 10, 5] = 0.17  111.32
y[5, 15, 7, 19, 11, 24, 6, 22, 12, 5] = 0.14  111.31
y[5, 17, 19, 7, 9, 11, 24, 15, 5] = 0.03  100.09
false  0
Exceed Upper Bound, prune

Solve child node 72
   + Customers MUST      served together:  (15, 24)  (16, 20)  
   + Customers FORBIDDEN served together:  (6, 22)  (16, 24)  
   # Total number of 2e routes cannot EXCEED:   4  

-------------Iter CG 1-------------
LP Objective Value = 367.36,   sum y = 4.0
x[1, 2, 5, 1],  82.93
y[5, 10, 22, 24, 11, 9, 19, 7, 15, 5] = 0.18  108.85
y[5, 16, 20, 11, 22, 8, 13, 5] = 0.29  102.41
y[5, 14, 8, 25, 22, 10, 5] = 0.25  80.05
y[5, 15, 7, 19, 9, 11, 24, 6, 10, 12, 5] = 0.45  102.45
y[5, 12, 22, 25, 13, 5] = 0.24  81.48
y[5, 17, 19, 7, 9, 24, 6, 15, 5] = 0.29  100.0
y[5, 23, 21, 14, 5] = 0.29  38.17
y[5, 23, 5] = 0.55  14.0
y[5, 23, 14, 12, 18, 5] = 0.16  47.58
y[5, 8, 25, 22, 9, 7, 19, 5] = 0.04  112.56
y[5, 21, 18, 20, 17, 16, 5] = 0.71  66.14
y[5, 18, 6, 24, 11, 9, 15, 5] = 0.04  83.15
y[5, 14, 8, 25, 13, 5] = 0.29  69.58
y[5, 18, 6, 25, 13, 5] = 0.06  82.64
y[5, 13, 8, 25, 6, 10, 12, 5] = 0.12  83.66
y[5, 15, 7, 19, 11, 24, 6, 18, 12, 5] = 0.04  101.98
false  0
Exceed Upper Bound, prune

================Iteration 37 of B&P for SP1 [1, 2, 5, 1] parkings[5]================
Display selected node 35, parent node 34: from 1 nodes
- Branching node in depth: 4
   + Customers MUST      served together:  (15, 18)  
   + Customers FORBIDDEN served together:  (16, 24)  (16, 20)  
   # Total number of 2e routes cannot EXCEED:   4  

  Branching node with fractional score: 3.0
  Branching node with cg lower bound: 360.14
  Branching node with LB reduction: 1.14
  Branching node with FS reduction: -0.01
  Total reduction: 1.89

Solve child node 73
   + Customers MUST      served together:  (15, 18)  (20, 22)  
   + Customers FORBIDDEN served together:  (16, 24)  (16, 20)  
   # Total number of 2e routes cannot EXCEED:   4  

-------------Iter CG 1-------------
LP Objective Value = 359.3,   sum y = 4.0
x[1, 2, 5, 1],  82.93
y[5, 16, 17, 15, 18, 12, 5] = 1.0  64.11
y[5, 23, 5] = 0.5  14.0
y[5, 23, 13, 21, 5] = 0.5  55.8
y[5, 14, 8, 25, 13, 5] = 0.5  69.58
y[5, 20, 19, 7, 9, 11, 24, 6, 22, 10, 5] = 1.0  108.37
y[5, 14, 8, 25, 21, 5] = 0.5  68.39
true  5
-------------Iter CG 2-------------
LP Objective Value = 359.3,   sum y = 4.0
x[1, 2, 5, 1],  82.93
y[5, 10, 22, 6, 24, 11, 9, 7, 19, 20, 5] = 1.0  108.37
y[5, 16, 17, 15, 18, 12, 5] = 1.0  64.11
y[5, 23, 5] = 0.5  14.0
y[5, 23, 13, 21, 5] = 0.5  55.8
y[5, 14, 8, 25, 13, 5] = 0.5  69.58
y[5, 14, 8, 25, 21, 5] = 0.5  68.39
false  0

Solve child node 74
   + Customers MUST      served together:  (15, 18)  
   + Customers FORBIDDEN served together:  (20, 22)  (16, 24)  (16, 20)  
   # Total number of 2e routes cannot EXCEED:   4  

-------------Iter CG 1-------------
LP Objective Value = 362.39,   sum y = 4.0
x[1, 2, 5, 1],  82.93
y[5, 17, 20, 15, 18, 12, 5] = 0.04  63.4
y[5, 20, 15, 18, 21, 14, 5] = 0.12  63.43
y[5, 16, 17, 19, 7, 9, 11, 22, 5] = 0.32  106.75
y[5, 16, 17, 15, 18, 12, 5] = 0.4  64.11
y[5, 16, 6, 22, 25, 8, 12, 5] = 0.2  93.96
y[5, 20, 7, 19, 9, 11, 24, 6, 10, 12, 14, 5] = 0.04  101.71
y[5, 10, 24, 22, 25, 8, 5] = 0.2  87.06
y[5, 23, 21, 13, 12, 5] = 0.32  60.33
y[5, 17, 20, 15, 18, 14, 5] = 0.24  64.82
y[5, 16, 19, 7, 9, 11, 22, 13, 5] = 0.08  113.39
y[5, 23, 5] = 0.68  14.0
y[5, 15, 6, 24, 22, 10, 18, 5] = 0.2  80.55
y[5, 14, 8, 25, 13, 5] = 0.6  69.58
y[5, 20, 7, 19, 9, 11, 24, 6, 10, 21, 5] = 0.56  103.43
true  1
-------------Iter CG 2-------------
LP Objective Value = 362.39,   sum y = 4.0
x[1, 2, 5, 1],  82.93
y[5, 17, 20, 15, 18, 12, 5] = 0.04  63.4
y[5, 20, 15, 18, 21, 14, 5] = 0.12  63.43
y[5, 16, 17, 19, 7, 9, 11, 22, 5] = 0.32  106.75
y[5, 16, 17, 15, 18, 12, 5] = 0.4  64.11
y[5, 16, 6, 22, 25, 8, 12, 5] = 0.2  93.96
y[5, 20, 7, 19, 9, 11, 24, 6, 10, 12, 14, 5] = 0.04  101.71
y[5, 10, 24, 22, 25, 8, 5] = 0.2  87.06
y[5, 23, 21, 13, 12, 5] = 0.32  60.33
y[5, 17, 20, 15, 18, 14, 5] = 0.24  64.82
y[5, 16, 19, 7, 9, 11, 22, 13, 5] = 0.08  113.39
y[5, 23, 5] = 0.68  14.0
y[5, 15, 6, 24, 22, 10, 18, 5] = 0.2  80.55
y[5, 14, 8, 25, 13, 5] = 0.6  69.58
y[5, 20, 7, 19, 9, 11, 24, 6, 10, 21, 5] = 0.56  103.43
false  0
Exceed Upper Bound, prune

================Iteration 38 of B&P for SP1 [1, 2, 5, 1] parkings[5]================
Display selected node 73, parent node 35: from 1 nodes
- Branching node in depth: 5
   + Customers MUST      served together:  (15, 18)  (20, 22)  
   + Customers FORBIDDEN served together:  (16, 24)  (16, 20)  
   # Total number of 2e routes cannot EXCEED:   4  

  Branching node with fractional score: 2.0
  Branching node with cg lower bound: 359.3
  Branching node with LB reduction: -0.17
  Branching node with FS reduction: -0.2
  Total reduction: -0.7

Solve child node 75
   + Customers MUST      served together:  (15, 18)  (20, 22)  (8, 13)  
   + Customers FORBIDDEN served together:  (16, 24)  (16, 20)  
   # Total number of 2e routes cannot EXCEED:   4  

-------------Iter CG 1-------------
LP Objective Value = 361.87,   sum y = 4.0
x[1, 2, 5, 1],  82.93
y[5, 16, 12, 8, 25, 13, 5] = 0.5  87.26
y[5, 13, 25, 8, 14, 5] = 0.5  69.58
y[5, 16, 17, 15, 18, 12, 5] = 0.5  64.11
y[5, 21, 18, 15, 17, 5] = 0.5  68.02
y[5, 23, 21, 14, 5] = 0.5  38.17
y[5, 23, 5] = 0.5  14.0
y[5, 20, 19, 7, 9, 11, 24, 6, 22, 10, 5] = 1.0  108.37
true  5
-------------Iter CG 2-------------
LP Objective Value = 360.75,   sum y = 4.0
x[1, 2, 5, 1],  82.93
y[5, 13, 25, 8, 14, 5] = 1.0  69.58
y[5, 16, 17, 15, 18, 12, 5] = 0.33  64.11
y[5, 23, 21, 12, 17, 16, 5] = 0.33  69.76
y[5, 21, 18, 15, 17, 5] = 0.33  68.02
y[5, 23, 5] = 0.67  14.0
y[5, 20, 19, 7, 9, 11, 24, 6, 22, 5] = 0.33  108.34
y[5, 21, 12, 18, 10, 15, 16, 5] = 0.33  69.75
y[5, 20, 19, 7, 9, 11, 24, 6, 22, 10, 5] = 0.67  108.37
false  0

Solve child node 76
   + Customers MUST      served together:  (15, 18)  (20, 22)  
   + Customers FORBIDDEN served together:  (16, 24)  (8, 13)  (16, 20)  
   # Total number of 2e routes cannot EXCEED:   4  

-------------Iter CG 1-------------
LP Objective Value = 369.28,   sum y = 4.0
x[1, 2, 5, 1],  82.93
y[5, 20, 19, 11, 22, 8, 25, 10, 5] = 0.05  115.79
y[5, 23, 13, 14, 5] = 0.36  56.06
y[5, 16, 17, 19, 7, 15, 18, 12, 5] = 0.09  86.13
y[5, 10, 22, 6, 24, 11, 9, 7, 19, 20, 5] = 0.59  108.37
y[5, 16, 17, 15, 18, 12, 5] = 0.68  64.11
y[5, 21, 13, 10, 18, 15, 5] = 0.11  72.02
y[5, 16, 17, 19, 7, 9, 6, 13, 5] = 0.11  108.66
y[5, 20, 6, 22, 25, 13, 5] = 0.01  91.85
y[5, 17, 19, 7, 9, 11, 24, 6, 10, 5] = 0.07  99.92
y[5, 16, 15, 8, 25, 18, 5] = 0.11  90.47
y[5, 21, 13, 25, 10, 12, 5] = 0.13  71.25
y[5, 20, 19, 9, 24, 22, 13, 5] = 0.05  109.5
y[5, 23, 5] = 0.53  14.0
y[5, 13, 22, 6, 24, 11, 20, 5] = 0.11  99.83
y[5, 17, 19, 9, 11, 24, 6, 12, 5] = 0.05  97.6
y[5, 20, 6, 22, 25, 8, 10, 12, 5] = 0.06  92.25
y[5, 23, 13, 21, 5] = 0.11  55.8
y[5, 20, 7, 9, 11, 24, 22, 8, 5] = 0.14  100.53
y[5, 14, 8, 25, 21, 5] = 0.64  68.39
true  3
-------------Iter CG 2-------------
LP Objective Value = 369.28,   sum y = 4.0
x[1, 2, 5, 1],  82.93
y[5, 20, 19, 11, 22, 8, 25, 10, 5] = 0.05  115.79
y[5, 23, 13, 14, 5] = 0.32  56.06
y[5, 16, 17, 19, 7, 15, 18, 12, 5] = 0.1  86.13
y[5, 10, 22, 6, 24, 11, 9, 7, 19, 20, 5] = 0.56  108.37
y[5, 16, 17, 15, 18, 12, 5] = 0.66  64.11
y[5, 20, 6, 22, 25, 13, 5] = 0.07  91.85
y[5, 17, 19, 7, 9, 11, 24, 6, 10, 5] = 0.2  99.92
y[5, 16, 15, 8, 25, 18, 5] = 0.24  90.47
y[5, 21, 13, 25, 10, 12, 5] = 0.07  71.25
y[5, 13, 21, 14, 5] = 0.24  49.87
y[5, 20, 19, 9, 24, 22, 13, 5] = 0.05  109.5
y[5, 23, 5] = 0.44  14.0
y[5, 17, 19, 9, 11, 24, 6, 12, 5] = 0.05  97.6
y[5, 20, 6, 22, 25, 8, 10, 12, 5] = 0.12  92.25
y[5, 23, 13, 21, 5] = 0.24  55.8
y[5, 20, 7, 9, 11, 24, 22, 8, 5] = 0.15  100.53
y[5, 14, 8, 25, 21, 5] = 0.44  68.39
false  0
Exceed Upper Bound, prune

================Iteration 39 of B&P for SP1 [1, 2, 5, 1] parkings[5]================
Display selected node 75, parent node 73: from 1 nodes
- Branching node in depth: 6
   + Customers MUST      served together:  (15, 18)  (20, 22)  (8, 13)  
   + Customers FORBIDDEN served together:  (16, 24)  (16, 20)  
   # Total number of 2e routes cannot EXCEED:   4  

  Branching node with fractional score: 2.33
  Branching node with cg lower bound: 360.75
  Branching node with LB reduction: 0.24
  Branching node with FS reduction: 0.06
  Total reduction: 0.64

Solve child node 77
   + Customers MUST      served together:  (15, 18)  (20, 22)  (8, 13)  (16, 17)  
   + Customers FORBIDDEN served together:  (16, 24)  (16, 20)  
   # Total number of 2e routes cannot EXCEED:   4  

-------------Iter CG 1-------------
LP Objective Value = 362.59,   sum y = 4.0
x[1, 2, 5, 1],  82.93
y[5, 21, 13, 8, 14, 5] = 0.17  65.79
y[5, 13, 25, 8, 14, 5] = 0.5  69.58
y[5, 16, 17, 15, 18, 12, 5] = 0.83  64.11
y[5, 23, 21, 18, 15, 5] = 0.17  64.7
y[5, 20, 7, 6, 22, 25, 21, 5] = 0.17  99.47
y[5, 16, 17, 19, 9, 11, 21, 5] = 0.17  100.38
y[5, 23, 21, 14, 5] = 0.33  38.17
y[5, 23, 5] = 0.5  14.0
y[5, 13, 8, 25, 10, 12, 5] = 0.17  71.38
y[5, 13, 8, 25, 24, 5] = 0.17  86.74
y[5, 20, 19, 7, 9, 11, 24, 6, 22, 10, 5] = 0.83  108.37
false  0
Exceed Upper Bound, prune

Solve child node 78
   + Customers MUST      served together:  (15, 18)  (20, 22)  (8, 13)  
   + Customers FORBIDDEN served together:  (16, 24)  (16, 20)  (16, 17)  
   # Total number of 2e routes cannot EXCEED:   4  

-------------Iter CG 1-------------
LP Objective Value = 368.84,   sum y = 4.0
x[1, 2, 5, 1],  82.93
y[5, 16, 12, 8, 25, 13, 5] = 0.67  87.26
y[5, 13, 25, 8, 14, 5] = 0.33  69.58
y[5, 17, 15, 18, 21, 5] = 0.67  68.02
y[5, 23, 5] = 0.67  14.0
y[5, 17, 15, 18, 12, 14, 5] = 0.33  64.7
y[5, 23, 21, 14, 16, 5] = 0.33  59.78
y[5, 20, 19, 7, 9, 11, 24, 6, 22, 10, 5] = 1.0  108.37
false  0
Exceed Upper Bound, prune


================Iteration 0 of B&P for SP2 [1, 2, 3, 1] parkings[3]================
-------------Iter CG 1-------------
LP Objective Value = 1010.17,   sum y = 5.0
x[1, 2, 3, 1],  81.28
y[3, 12, 3] = 0.21  8.94
y[3, 18, 3] = 0.21  12.0
y[3, 21, 3] = 0.21  17.09
y[3, 16, 3] = 0.21  26.91
y[3, 6, 7, 8, 9, 10, 11, 12, 13, 14, 15, 16, 17, 18, 19, 20, 21, 22, 23, 24, 25, 3] = 0.79  1000.0
y[3, 7, 3] = 0.21  44.72
y[3, 17, 3] = 0.21  31.05
y[3, 11, 3] = 0.21  51.22
y[3, 19, 3] = 0.21  56.32
y[3, 24, 3] = 0.21  43.86
y[3, 25, 3] = 0.21  46.17
y[3, 13, 3] = 0.21  32.56
y[3, 10, 3] = 0.21  18.11
y[3, 14, 3] = 0.21  12.0
y[3, 8, 3] = 0.21  42.38
y[3, 22, 3] = 0.21  46.39
y[3, 6, 3] = 0.21  38.63
y[3, 20, 3] = 0.21  26.31
y[3, 15, 3] = 0.21  24.08
y[3, 23, 3] = 0.21  33.94
y[3, 9, 3] = 0.21  49.52
true  1976
-------------Iter CG 2-------------
LP Objective Value = 780.46,   sum y = 5.0
x[1, 2, 3, 1],  81.28
y[3, 20, 7, 19, 11, 6, 10, 12, 16, 17, 3] = 0.5  113.99
y[3, 18, 3] = 0.5  12.0
y[3, 21, 3] = 0.5  17.09
y[3, 6, 7, 8, 9, 10, 11, 12, 13, 14, 15, 16, 17, 18, 19, 20, 21, 22, 23, 24, 25, 3] = 0.5  1000.0
y[3, 25, 3] = 0.5  46.17
y[3, 13, 3] = 0.5  32.56
y[3, 14, 3] = 0.5  12.0
y[3, 8, 3] = 0.5  42.38
y[3, 19, 7, 9, 11, 24, 22, 15, 3] = 0.5  88.23
y[3, 23, 3] = 0.5  33.94
true  1314
-------------Iter CG 3-------------
LP Objective Value = 334.42,   sum y = 5.0
x[1, 2, 3, 1],  81.28
y[3, 22, 25, 21, 3] = 0.5  60.82
y[3, 20, 7, 19, 9, 11, 24, 6, 10, 18, 3] = 1.0  78.43
y[3, 12, 21, 3] = 0.5  19.1
y[3, 15, 22, 8, 13, 12, 3] = 0.5  64.1
y[3, 14, 23, 3] = 1.0  36.39
y[3, 16, 17, 3] = 1.0  36.05
y[3, 15, 25, 8, 13, 3] = 0.5  60.52
true  560
-------------Iter CG 4-------------
LP Objective Value = 314.55,   sum y = 4.0
x[1, 2, 3, 1],  81.28
y[3, 18, 3] = 0.33  12.0
y[3, 21, 23, 16, 17, 3] = 0.33  68.87
y[3, 23, 16, 17, 20, 15, 3] = 0.33  71.82
y[3, 20, 7, 19, 9, 11, 24, 6, 22, 10, 3] = 0.67  87.24
y[3, 12, 18, 21, 14, 3] = 0.67  25.45
y[3, 15, 25, 8, 13, 3] = 0.67  60.52
y[3, 19, 7, 9, 11, 24, 6, 22, 10, 3] = 0.33  86.17
y[3, 12, 8, 25, 13, 3] = 0.33  50.28
y[3, 17, 16, 23, 14, 3] = 0.33  64.22
true  127
-------------Iter CG 5-------------
LP Objective Value = 314.55,   sum y = 4.0
x[1, 2, 3, 1],  81.28
y[3, 18, 3] = 0.33  12.0
y[3, 21, 23, 16, 17, 3] = 0.33  68.87
y[3, 23, 16, 17, 20, 15, 3] = 0.33  71.82
y[3, 20, 7, 19, 9, 11, 24, 6, 22, 10, 3] = 0.67  87.24
y[3, 12, 18, 21, 14, 3] = 0.67  25.45
y[3, 15, 25, 8, 13, 3] = 0.67  60.52
y[3, 19, 7, 9, 11, 24, 6, 22, 10, 3] = 0.33  86.17
y[3, 12, 8, 25, 13, 3] = 0.33  50.28
y[3, 17, 16, 23, 14, 3] = 0.33  64.22
true  60
-------------Iter CG 6-------------
LP Objective Value = 310.07,   sum y = 4.0
x[1, 2, 3, 1],  81.28
y[3, 20, 7, 19, 9, 11, 24, 6, 22, 10, 3] = 1.0  87.24
y[3, 18, 15, 17, 16, 3] = 1.0  49.16
y[3, 23, 21, 14, 3] = 1.0  42.1
y[3, 12, 8, 25, 13, 3] = 1.0  50.28
true  8
-------------Iter CG 7-------------
LP Objective Value = 310.07,   sum y = 4.0
x[1, 2, 3, 1],  81.28
y[3, 20, 7, 19, 9, 11, 24, 6, 22, 10, 3] = 1.0  87.24
y[3, 18, 15, 17, 16, 3] = 1.0  49.16
y[3, 23, 21, 14, 3] = 1.0  42.1
y[3, 12, 8, 25, 13, 3] = 1.0  50.28
true  19
-------------Iter CG 8-------------
LP Objective Value = 307.39,   sum y = 4.0
x[1, 2, 3, 1],  81.28
y[3, 18, 3] = 0.14  12.0
y[3, 12, 8, 25, 22, 6, 3] = 0.14  59.0
y[3, 18, 10, 13, 21, 3] = 0.14  37.63
y[3, 20, 7, 19, 9, 11, 24, 6, 22, 10, 3] = 0.57  87.24
y[3, 18, 15, 20, 17, 16, 3] = 0.43  49.28
y[3, 16, 17, 19, 7, 9, 11, 15, 3] = 0.29  81.6
y[3, 18, 10, 22, 24, 6, 15, 3] = 0.29  55.5
y[3, 23, 21, 14, 3] = 0.86  42.1
y[3, 12, 8, 25, 13, 3] = 0.86  50.28
y[3, 16, 17, 19, 7, 9, 11, 24, 3] = 0.14  84.59
y[3, 17, 16, 23, 14, 3] = 0.14  64.22
false  0
MILP Result:
309.12
[1, 2, 3, 1]    81.28
[3, 19, 7, 9, 11, 24, 6, 22, 10, 3]   86.17
[3, 12, 8, 25, 13, 3]   50.28
[3, 14, 21, 23, 3]   42.1
[3, 16, 17, 20, 15, 18, 3]   49.28
Branching stack contains now 1 nodes, current upper bound is 309.12

================Iteration 1 of B&P for SP2 [1, 2, 3, 1] parkings[3]================
Display selected node 0, parent node 0: from 1 nodes
- Branching node in depth: 0

  Branching node with fractional score: 2.43
  Branching node with cg lower bound: 307.39
  Branching node with LB reduction: Inf
  Branching node with FS reduction: Inf
  Total reduction: -0.0

Solve child node 1
   + Customers MUST      served together:  (16, 18)  

-------------Iter CG 1-------------
LP Objective Value = 309.12,   sum y = 4.0
x[1, 2, 3, 1],  81.28
y[3, 18, 15, 20, 17, 16, 3] = 1.0  49.28
y[3, 23, 21, 14, 3] = 1.0  42.1
y[3, 19, 7, 9, 11, 24, 6, 22, 10, 3] = 1.0  86.17
y[3, 12, 8, 25, 13, 3] = 1.0  50.28
true  13
-------------Iter CG 2-------------
LP Objective Value = 309.12,   sum y = 4.0
x[1, 2, 3, 1],  81.28
y[3, 18, 15, 20, 17, 16, 3] = 1.0  49.28
y[3, 23, 21, 14, 3] = 1.0  42.1
y[3, 19, 7, 9, 11, 24, 6, 22, 10, 3] = 1.0  86.17
y[3, 12, 8, 25, 13, 3] = 1.0  50.28
false  0
Exceed Upper Bound, prune

Solve child node 2
   + Customers FORBIDDEN served together:  (16, 18)  

-------------Iter CG 1-------------
LP Objective Value = 309.24,   sum y = 4.0
x[1, 2, 3, 1],  81.28
y[3, 18, 3] = 0.32  12.0
y[3, 15, 6, 22, 8, 13, 3] = 0.09  64.31
y[3, 10, 25, 8, 13, 12, 3] = 0.41  50.83
y[3, 23, 16, 17, 20, 15, 3] = 0.5  71.82
y[3, 15, 6, 22, 8, 25, 3] = 0.23  64.17
y[3, 20, 7, 19, 9, 11, 24, 6, 22, 10, 3] = 0.5  87.24
y[3, 23, 21, 12, 18, 3] = 0.09  47.41
y[3, 12, 18, 21, 14, 3] = 0.36  25.45
y[3, 16, 17, 19, 7, 9, 11, 15, 3] = 0.09  81.6
y[3, 14, 8, 25, 13, 3] = 0.23  55.07
y[3, 12, 13, 25, 22, 6, 3] = 0.09  63.05
y[3, 18, 10, 22, 24, 6, 15, 3] = 0.09  55.5
y[3, 18, 13, 21, 3] = 0.14  36.56
y[3, 23, 21, 14, 3] = 0.41  42.1
y[3, 12, 8, 25, 13, 3] = 0.05  50.28
y[3, 16, 17, 19, 7, 9, 11, 24, 3] = 0.41  84.59
true  3
-------------Iter CG 2-------------
LP Objective Value = 307.7,   sum y = 4.0
x[1, 2, 3, 1],  81.28
y[3, 8, 25, 22, 6, 15, 3] = 0.5  61.88
y[3, 8, 25, 13, 14, 3] = 0.5  52.96
y[3, 12, 18, 3] = 0.5  13.3
y[3, 23, 16, 17, 20, 15, 3] = 0.5  71.82
y[3, 21, 13, 10, 18, 12, 3] = 0.5  38.93
y[3, 20, 7, 19, 9, 11, 24, 6, 22, 10, 3] = 0.5  87.24
y[3, 23, 21, 14, 3] = 0.5  42.1
y[3, 16, 17, 19, 7, 9, 11, 24, 3] = 0.5  84.59
false  0

================Iteration 2 of B&P for SP2 [1, 2, 3, 1] parkings[3]================
Display selected node 2, parent node 0: from 1 nodes
- Branching node in depth: 1
   + Customers FORBIDDEN served together:  (16, 18)  

  Branching node with fractional score: 4.0
  Branching node with cg lower bound: 307.7
  Branching node with LB reduction: 0.31
  Branching node with FS reduction: 1.57
  Total reduction: 1.88

Solve child node 3
   + Customers MUST      served together:  (16, 20)  
   + Customers FORBIDDEN served together:  (16, 18)  

-------------Iter CG 1-------------
LP Objective Value = 312.35,   sum y = 4.0
x[1, 2, 3, 1],  81.28
y[3, 18, 3] = 0.25  12.0
y[3, 15, 7, 19, 9, 11, 24, 22, 10, 3] = 0.25  84.16
y[3, 8, 25, 22, 6, 15, 3] = 0.25  61.88
y[3, 8, 25, 13, 14, 3] = 0.75  52.96
y[3, 12, 18, 3] = 0.25  13.3
y[3, 23, 16, 17, 20, 15, 3] = 0.25  71.82
y[3, 21, 13, 10, 18, 12, 3] = 0.25  38.93
y[3, 19, 7, 9, 11, 24, 6, 18, 3] = 0.25  76.05
y[3, 21, 23, 16, 17, 20, 3] = 0.5  72.82
y[3, 23, 21, 14, 3] = 0.25  42.1
y[3, 19, 7, 9, 11, 24, 6, 22, 10, 12, 3] = 0.5  86.69
y[3, 16, 17, 20, 15, 3] = 0.25  46.1
false  0
Exceed Upper Bound, prune

Solve child node 4
   + Customers FORBIDDEN served together:  (16, 18)  (16, 20)  

-------------Iter CG 1-------------
LP Objective Value = 311.9,   sum y = 4.0
x[1, 2, 3, 1],  81.28
y[3, 18, 3] = 0.33  12.0
y[3, 8, 25, 22, 6, 15, 3] = 0.33  61.88
y[3, 10, 25, 8, 13, 12, 3] = 0.33  50.83
y[3, 21, 13, 10, 18, 12, 3] = 0.33  38.93
y[3, 20, 7, 19, 9, 11, 24, 6, 22, 10, 3] = 0.33  87.24
y[3, 12, 8, 25, 22, 15, 20, 3] = 0.33  69.8
y[3, 20, 7, 19, 9, 11, 24, 6, 15, 3] = 0.33  79.46
y[3, 18, 13, 21, 3] = 0.33  36.56
y[3, 23, 21, 14, 3] = 0.33  42.1
y[3, 16, 17, 19, 7, 9, 11, 24, 3] = 0.33  84.59
y[3, 17, 16, 23, 14, 3] = 0.67  64.22
true  3
-------------Iter CG 2-------------
LP Objective Value = 311.9,   sum y = 4.0
x[1, 2, 3, 1],  81.28
y[3, 8, 25, 22, 6, 15, 3] = 0.33  61.88
y[3, 10, 25, 8, 13, 12, 3] = 0.33  50.83
y[3, 12, 18, 3] = 0.33  13.3
y[3, 18, 10, 13, 21, 3] = 0.33  37.63
y[3, 20, 7, 19, 9, 11, 24, 6, 22, 10, 3] = 0.33  87.24
y[3, 12, 8, 25, 22, 15, 20, 3] = 0.33  69.8
y[3, 20, 7, 19, 9, 11, 24, 6, 15, 3] = 0.33  79.46
y[3, 18, 13, 21, 3] = 0.33  36.56
y[3, 23, 21, 14, 3] = 0.33  42.1
y[3, 16, 17, 19, 7, 9, 11, 24, 3] = 0.33  84.59
y[3, 17, 16, 23, 14, 3] = 0.67  64.22
false  0
Exceed Upper Bound, prune


================Iteration 0 of B&P for SP3 [1, 2, 1] parkings[2]================
-------------Iter CG 1-------------
LP Objective Value = 1014.22,   sum y = 5.0
x[1, 2, 1],  81.22
y[2, 14, 2] = 0.21  49.19
y[2, 24, 2] = 0.21  22.8
y[2, 25, 2] = 0.21  50.99
y[2, 18, 2] = 0.21  33.53
y[2, 6, 2] = 0.21  22.8
y[2, 13, 2] = 0.21  54.04
y[2, 20, 2] = 0.21  18.97
y[2, 10, 2] = 0.21  34.23
y[2, 11, 2] = 0.21  18.0
y[2, 23, 2] = 0.21  72.47
y[2, 21, 2] = 0.21  50.6
y[2, 8, 2] = 0.21  49.4
y[2, 17, 2] = 0.21  30.07
y[2, 12, 2] = 0.21  38.63
y[2, 22, 2] = 0.21  35.38
y[2, 19, 2] = 0.21  22.8
y[2, 7, 2] = 0.21  8.25
y[2, 15, 2] = 0.21  15.23
y[2, 9, 2] = 0.21  12.65
y[2, 16, 2] = 0.21  41.76
y[2, 6, 7, 8, 9, 10, 11, 12, 13, 14, 15, 16, 17, 18, 19, 20, 21, 22, 23, 24, 25, 2] = 0.79  1000.0
true  3414
-------------Iter CG 2-------------
LP Objective Value = 489.24,   sum y = 5.0
x[1, 2, 1],  81.22
y[2, 13, 10, 18, 2] = 1.0  57.38
y[2, 23, 14, 21, 24, 2] = 1.0  88.7
y[2, 8, 25, 2] = 1.0  52.19
y[2, 10, 12, 16, 20, 19, 7, 9, 11, 6, 22, 2] = 1.0  118.02
y[2, 7, 10, 12, 20, 15, 16, 17, 2] = 1.0  91.72
true  853
-------------Iter CG 3-------------
LP Objective Value = 373.85,   sum y = 4.5
x[1, 2, 1],  81.22
y[2, 9, 22, 25, 13, 2] = 0.25  70.32
y[2, 15, 18, 17, 16, 2] = 0.75  62.81
y[2, 23, 14, 21, 12, 10, 20, 19, 7, 2] = 0.5  106.73
y[2, 24, 22, 25, 8, 2] = 0.25  54.86
y[2, 9, 22, 25, 8, 2] = 0.5  59.23
y[2, 23, 14, 13, 8, 2] = 0.25  96.29
y[2, 23, 14, 21, 12, 10, 6, 2] = 0.25  87.88
y[2, 21, 13, 2] = 0.25  61.8
y[2, 15, 18, 17, 20, 2] = 0.25  50.67
y[2, 7, 19, 2] = 0.25  22.8
y[2, 13, 10, 12, 16, 20, 19, 7, 11, 9, 2] = 0.25  114.86
y[2, 11, 24, 6, 2] = 0.75  30.23
true  728
-------------Iter CG 4-------------
LP Objective Value = 338.58,   sum y = 4.18
x[1, 2, 1],  81.22
y[2, 9, 22, 25, 13, 2] = 0.18  70.32
y[2, 7, 19, 9, 11, 24, 6, 2] = 0.39  48.97
y[2, 11, 6, 8, 25, 22, 2] = 0.21  62.1
y[2, 19, 17, 16, 23, 18, 2] = 0.09  96.04
y[2, 11, 9, 19, 7, 2] = 0.06  36.74
y[2, 20, 16, 17, 19, 7, 2] = 0.36  56.33
y[2, 24, 22, 25, 8, 2] = 0.24  54.86
y[2, 13, 21, 23, 16, 20, 2] = 0.09  95.12
y[2, 23, 14, 21, 12, 15, 2] = 0.09  78.66
y[2, 23, 14, 12, 18, 2] = 0.27  74.9
y[2, 20, 17, 19, 7, 2] = 0.09  44.19
y[2, 8, 13, 21, 14, 2] = 0.18  71.33
y[2, 6, 25, 8, 13, 10, 2] = 0.36  64.46
y[2, 7, 2] = 0.09  8.25
y[2, 22, 24, 11, 9, 2] = 0.33  41.33
y[2, 9, 24, 22, 6, 2] = 0.03  40.32
y[2, 18, 12, 21, 13, 10, 2] = 0.18  62.72
y[2, 20, 17, 16, 18, 15, 2] = 0.45  57.75
y[2, 23, 14, 21, 12, 10, 15, 2] = 0.45  82.1
true  155
-------------Iter CG 5-------------
LP Objective Value = 328.82,   sum y = 4.0
x[1, 2, 1],  81.22
y[2, 19, 17, 16, 23, 21, 2] = 0.22  98.47
y[2, 7, 19, 20, 17, 16, 18, 15, 2] = 0.06  74.89
y[2, 11, 9, 19, 7, 2] = 0.39  36.74
y[2, 7, 19, 20, 16, 23, 14, 18, 10, 2] = 0.11  102.42
y[2, 9, 11, 24, 6, 22, 15, 2] = 0.28  49.93
y[2, 24, 22, 25, 8, 2] = 0.5  54.86
y[2, 7, 9, 11, 24, 22, 6, 15, 2] = 0.22  52.93
y[2, 18, 12, 14, 21, 10, 2] = 0.22  55.19
y[2, 20, 17, 19, 7, 2] = 0.22  44.19
y[2, 13, 21, 18, 15, 2] = 0.39  61.88
y[2, 6, 25, 8, 13, 10, 2] = 0.5  64.46
y[2, 18, 12, 14, 23, 16, 20, 2] = 0.11  81.76
y[2, 18, 12, 21, 13, 10, 2] = 0.11  62.72
y[2, 23, 14, 21, 12, 10, 15, 2] = 0.06  82.1
y[2, 9, 11, 2] = 0.11  18.93
y[2, 20, 17, 16, 23, 14, 12, 2] = 0.5  83.47
true  25
-------------Iter CG 6-------------
LP Objective Value = 326.22,   sum y = 4.0
x[1, 2, 1],  81.22
y[2, 19, 17, 16, 23, 18, 2] = 0.09  96.04
y[2, 11, 9, 19, 7, 2] = 0.55  36.74
y[2, 9, 11, 24, 6, 22, 15, 2] = 0.36  49.93
y[2, 7, 19, 17, 16, 23, 14, 20, 2] = 0.18  99.66
y[2, 7, 9, 11, 24, 22, 6, 2] = 0.09  46.52
y[2, 24, 22, 25, 8, 2] = 0.55  54.86
y[2, 15, 18, 12, 14, 21, 10, 2] = 0.27  55.26
y[2, 6, 13, 21, 12, 18, 2] = 0.09  65.54
y[2, 20, 17, 16, 23, 21, 10, 2] = 0.18  86.95
y[2, 20, 17, 19, 7, 2] = 0.09  44.19
y[2, 7, 19, 2] = 0.09  22.8
y[2, 13, 21, 18, 15, 2] = 0.36  61.88
y[2, 6, 25, 8, 13, 10, 2] = 0.45  64.46
y[2, 18, 12, 14, 23, 16, 20, 2] = 0.09  81.76
y[2, 18, 12, 21, 13, 10, 2] = 0.09  62.72
y[2, 20, 17, 16, 23, 14, 12, 2] = 0.45  83.47
true  12
-------------Iter CG 7-------------
LP Objective Value = 324.44,   sum y = 4.0
x[1, 2, 1],  81.22
y[2, 19, 17, 16, 23, 18, 2] = 0.07  96.04
y[2, 15, 18, 21, 13, 10, 2] = 0.21  62.42
y[2, 11, 9, 19, 7, 2] = 0.43  36.74
y[2, 24, 22, 25, 8, 2] = 0.5  54.86
y[2, 15, 18, 12, 14, 21, 10, 2] = 0.29  55.26
y[2, 9, 11, 24, 22, 6, 15, 2] = 0.14  47.86
y[2, 7, 19, 2] = 0.07  22.8
y[2, 7, 19, 17, 20, 18, 15, 2] = 0.07  65.14
y[2, 13, 21, 18, 15, 2] = 0.29  61.88
y[2, 7, 19, 9, 11, 24, 22, 6, 2] = 0.36  59.25
y[2, 6, 25, 8, 13, 10, 2] = 0.5  64.46
y[2, 7, 2] = 0.07  8.25
y[2, 20, 17, 16, 23, 21, 2] = 0.14  85.91
y[2, 18, 21, 23, 16, 20, 2] = 0.07  83.92
y[2, 9, 11, 2] = 0.07  18.93
y[2, 20, 17, 16, 23, 14, 12, 2] = 0.71  83.47
false  0
Exceed Upper Bound, prune


================Iteration 0 of B&P for SP4 [1, 2, 4, 5, 1] parkings[5, 2]================
-------------Iter CG 1-------------
LP Objective Value = 324.54,   sum y = 4.75
x[1, 2, 4, 5, 1],  102.72
y[2, 7, 19, 20, 17, 16, 18, 15, 2] = 0.13  74.89
y[5, 12, 18, 10, 13, 21, 5] = 0.38  57.49
y[5, 12, 18, 10, 21, 14, 5] = 0.38  47.14
y[5, 23, 21, 14, 5] = 0.25  38.17
y[5, 23, 5] = 0.75  14.0
y[2, 11, 9, 19, 7, 2] = 0.12  36.74
y[2, 7, 19, 17, 16, 20, 15, 2] = 0.75  61.67
y[5, 16, 17, 18, 12, 14, 5] = 0.12  60.92
y[2, 24, 22, 25, 8, 2] = 0.38  54.86
y[2, 9, 11, 24, 22, 6, 15, 2] = 0.12  47.86
y[2, 6, 25, 8, 13, 12, 20, 2] = 0.12  73.57
y[2, 9, 11, 24, 22, 6, 2] = 0.5  41.44
y[2, 6, 25, 8, 13, 10, 2] = 0.25  64.46
y[2, 11, 9, 2] = 0.25  18.93
y[5, 13, 25, 8, 14, 5] = 0.25  69.58
true  84
-------------Iter CG 2-------------
LP Objective Value = 315.86,   sum y = 4.62
x[1, 2, 4, 5, 1],  102.72
y[5, 23, 5] = 1.0  14.0
y[2, 20, 17, 16, 14, 21, 5] = 0.13  60.14
y[5, 14, 21, 12, 18, 10, 15, 2] = 0.13  45.39
y[2, 20, 16, 17, 19, 7, 2] = 0.5  56.33
y[2, 15, 18, 12, 21, 14, 5] = 0.5  41.39
y[2, 15, 10, 13, 8, 25, 2] = 0.38  64.55
y[2, 24, 22, 25, 8, 2] = 0.25  54.86
y[5, 21, 13, 10, 18, 12, 5] = 0.25  57.49
y[5, 16, 17, 20, 19, 7, 9, 11, 2] = 0.25  71.09
y[5, 14, 12, 18, 16, 17, 20, 2] = 0.12  61.44
y[2, 9, 11, 24, 22, 6, 2] = 0.5  41.44
y[2, 7, 19, 9, 11, 24, 22, 6, 2] = 0.25  59.25
y[2, 6, 25, 8, 13, 10, 2] = 0.25  64.46
y[5, 14, 13, 8, 25, 2] = 0.12  61.48
true  32
-------------Iter CG 3-------------
LP Objective Value = 314.63,   sum y = 4.19
x[1, 2, 4, 5, 1],  102.72
y[2, 6, 25, 8, 13, 12, 5] = 0.05  65.23
y[5, 23, 5] = 0.71  14.0
y[2, 15, 18, 12, 21, 14, 5] = 0.48  41.39
y[2, 15, 10, 13, 8, 25, 2] = 0.19  64.55
y[2, 24, 22, 25, 8, 2] = 0.33  54.86
y[5, 16, 17, 20, 19, 7, 9, 11, 2] = 0.33  71.09
y[5, 12, 10, 13, 8, 25, 6, 2] = 0.1  68.72
y[5, 14, 21, 12, 16, 17, 20, 2] = 0.19  62.3
y[2, 20, 17, 16, 18, 10, 12, 14, 5] = 0.19  66.87
y[5, 23, 16, 17, 20, 19, 7, 2] = 0.29  69.23
y[2, 9, 11, 24, 22, 6, 2] = 0.29  41.44
y[2, 7, 19, 9, 11, 24, 22, 6, 2] = 0.38  59.25
y[2, 6, 25, 8, 13, 10, 2] = 0.19  64.46
y[2, 15, 18, 10, 13, 21, 5] = 0.33  55.22
y[5, 14, 13, 8, 25, 2] = 0.14  61.48
true  4
-------------Iter CG 4-------------
LP Objective Value = 314.49,   sum y = 4.0
x[1, 2, 4, 5, 1],  102.72
y[2, 11, 22, 25, 8, 6, 2] = 0.15  59.94
y[5, 23, 5] = 0.48  14.0
y[5, 14, 21, 12, 18, 10, 15, 2] = 0.04  45.39
y[2, 15, 18, 12, 21, 14, 5] = 0.48  41.39
y[2, 15, 10, 13, 8, 25, 2] = 0.15  64.55
y[2, 24, 22, 25, 8, 2] = 0.19  54.86
y[5, 16, 17, 20, 19, 7, 9, 11, 2] = 0.19  71.09
y[5, 12, 10, 13, 8, 25, 6, 2] = 0.19  68.72
y[5, 14, 21, 12, 16, 17, 20, 2] = 0.15  62.3
y[2, 20, 17, 16, 18, 10, 12, 14, 5] = 0.15  66.87
y[5, 23, 16, 17, 20, 19, 7, 2] = 0.37  69.23
y[2, 9, 11, 24, 22, 6, 2] = 0.37  41.44
y[2, 7, 19, 9, 11, 24, 22, 6, 2] = 0.3  59.25
y[2, 15, 18, 10, 13, 21, 5] = 0.33  55.22
y[2, 10, 13, 8, 25, 24, 2] = 0.15  66.03
y[2, 9, 7, 19, 20, 17, 16, 23, 5] = 0.15  78.72
y[5, 14, 13, 8, 25, 2] = 0.19  61.48
false  0
Exceed Upper Bound, prune


================Iteration 0 of B&P for SP5 [1, 4, 2, 5, 1] parkings[5, 4]================
-------------Iter CG 1-------------
LP Objective Value = 370.11,   sum y = 4.0
x[1, 4, 2, 5, 1],  102.67
y[5, 16, 17, 20, 15, 18, 12, 5] = 0.4  64.23
y[5, 8, 25, 22, 6, 15, 5] = 0.4  85.13
y[5, 23, 21, 14, 5] = 0.4  38.17
y[5, 23, 5] = 0.6  14.0
y[5, 21, 13, 10, 18, 12, 5] = 0.4  57.49
y[5, 15, 24, 11, 9, 7, 19, 17, 5] = 0.2  100.09
y[5, 20, 19, 7, 9, 11, 24, 6, 22, 10, 5] = 0.4  108.37
y[5, 16, 17, 18, 12, 21, 5] = 0.2  64.6
y[5, 16, 19, 7, 9, 11, 24, 6, 22, 5] = 0.2  109.64
y[5, 16, 17, 20, 19, 7, 9, 11, 24, 10, 5] = 0.2  105.33
y[5, 14, 8, 25, 13, 5] = 0.6  69.58
true  824
-------------Iter CG 2-------------
LP Objective Value = 332.34,   sum y = 4.06
x[1, 4, 2, 5, 1],  102.67
y[5, 21, 8, 25, 24, 4] = 0.2  64.59
y[4, 19, 7, 15, 20, 17, 16, 23, 5] = 0.24  79.04
y[5, 16, 17, 20, 18, 10, 21, 5] = 0.01  69.97
y[5, 23, 21, 14, 5] = 0.39  38.17
y[5, 23, 5] = 0.37  14.0
y[5, 16, 17, 20, 18, 12, 14, 5] = 0.01  62.82
y[5, 21, 13, 25, 10, 12, 5] = 0.02  71.25
y[4, 11, 24, 6, 15, 20, 17, 16, 5] = 0.06  63.21
y[5, 21, 13, 10, 18, 12, 5] = 0.29  57.49
y[5, 21, 13, 8, 6, 11, 4] = 0.02  64.37
y[4, 11, 6, 22, 8, 25, 4] = 0.18  65.61
y[4, 9, 11, 24, 22, 6, 7, 19, 4] = 0.75  62.13
y[5, 16, 17, 20, 15, 10, 18, 12, 5] = 0.69  68.22
y[5, 14, 8, 25, 13, 5] = 0.6  69.58
y[4, 9, 4] = 0.17  10.2
y[5, 21, 13, 22, 9, 4] = 0.07  63.84
y[5, 21, 18, 15, 7, 19, 9, 4] = 0.01  69.35
true  79
-------------Iter CG 3-------------
LP Objective Value = 328.08,   sum y = 4.23
x[1, 4, 2, 5, 1],  102.67
y[5, 21, 8, 25, 24, 4] = 0.15  64.59
y[5, 23, 21, 14, 5] = 0.23  38.17
y[5, 23, 5] = 0.77  14.0
y[5, 16, 17, 20, 18, 12, 14, 5] = 0.38  62.82
y[4, 11, 6, 25, 8, 13, 5] = 0.15  66.74
y[4, 11, 24, 6, 15, 20, 17, 16, 5] = 0.23  63.21
y[4, 19, 7, 15, 10, 8, 25, 22, 4] = 0.38  84.48
y[5, 21, 13, 10, 18, 12, 5] = 0.54  57.49
y[4, 25, 8, 13, 14, 5] = 0.15  66.25
y[5, 16, 17, 20, 15, 9, 4] = 0.38  53.73
y[4, 9, 11, 24, 22, 6, 7, 19, 4] = 0.62  62.13
y[5, 14, 21, 10, 18, 12, 5] = 0.08  47.14
y[5, 14, 8, 25, 13, 5] = 0.15  69.58
true  34
-------------Iter CG 4-------------
LP Objective Value = 326.46,   sum y = 4.09
x[1, 4, 2, 5, 1],  102.67
y[5, 23, 21, 14, 5] = 0.45  38.17
y[5, 23, 5] = 0.55  14.0
y[5, 16, 17, 20, 10, 18, 12, 14, 5] = 0.09  68.03
y[5, 16, 17, 20, 18, 12, 14, 5] = 0.36  62.82
y[4, 9, 22, 25, 8, 10, 12, 5] = 0.09  67.21
y[4, 19, 7, 15, 18, 21, 14, 5] = 0.09  62.64
y[4, 11, 6, 25, 8, 13, 5] = 0.27  66.74
y[4, 11, 24, 6, 15, 20, 17, 16, 5] = 0.18  63.21
y[4, 19, 7, 15, 10, 8, 25, 22, 4] = 0.36  84.48
y[5, 21, 13, 10, 18, 12, 5] = 0.45  57.49
y[5, 16, 17, 20, 15, 9, 4] = 0.36  53.73
y[4, 9, 11, 24, 22, 6, 7, 19, 4] = 0.55  62.13
y[5, 13, 8, 25, 24, 4] = 0.27  65.95
true  11
-------------Iter CG 5-------------
LP Objective Value = 326.41,   sum y = 4.09
x[1, 4, 2, 5, 1],  102.67
y[5, 23, 21, 14, 5] = 0.45  38.17
y[5, 23, 5] = 0.55  14.0
y[5, 16, 17, 20, 10, 18, 12, 14, 5] = 0.09  68.03
y[5, 16, 17, 20, 18, 12, 14, 5] = 0.36  62.82
y[4, 9, 22, 25, 8, 10, 12, 5] = 0.09  67.21
y[4, 19, 7, 15, 18, 21, 14, 5] = 0.09  62.64
y[4, 11, 6, 25, 8, 13, 5] = 0.27  66.74
y[4, 11, 24, 6, 15, 20, 17, 16, 5] = 0.18  63.21
y[4, 19, 7, 15, 10, 8, 25, 22, 4] = 0.36  84.48
y[5, 21, 13, 10, 18, 12, 5] = 0.45  57.49
y[4, 9, 11, 24, 22, 6, 7, 19, 4] = 0.18  62.13
y[4, 11, 24, 22, 6, 9, 4] = 0.36  43.54
y[5, 13, 8, 25, 24, 4] = 0.27  65.95
y[5, 16, 17, 20, 15, 7, 19, 9, 4] = 0.36  72.19
false  0
Exceed Upper Bound, prune


================Iteration 0 of B&P for SP6 [1, 4, 1] parkings[4]================
-------------Iter CG 1-------------
LP Objective Value = 682.97,   sum y = 5.0
x[1, 4, 1],  100.9
y[4, 19, 7, 24, 22, 10, 18, 12, 4] = 0.8  88.83
y[4, 9, 25, 8, 13, 10, 7, 4] = 0.8  81.55
y[4, 23, 4] = 0.8  92.2
y[4, 14, 4] = 0.8  68.26
y[4, 11, 24, 6, 15, 20, 17, 16, 4] = 0.8  77.88
y[4, 21, 4] = 0.8  68.88
y[4, 6, 7, 8, 9, 10, 11, 12, 13, 14, 15, 16, 17, 18, 19, 20, 21, 22, 23, 24, 25, 4] = 0.2  1000.0
true  781
-------------Iter CG 2-------------
LP Objective Value = 406.13,   sum y = 4.0
x[1, 4, 1],  100.9
y[4, 9, 25, 8, 13, 10, 7, 4] = 0.8  81.55
y[4, 19, 4] = 0.07  21.54
y[4, 11, 24, 6, 22, 10, 18, 4] = 0.4  67.18
y[4, 19, 17, 20, 15, 7, 4] = 0.07  61.0
y[4, 19, 17, 20, 15, 6, 22, 4] = 0.07  78.49
y[4, 16, 23, 14, 12, 18, 4] = 0.4  100.01
y[4, 14, 21, 13, 4] = 0.2  81.75
y[4, 19, 17, 20, 15, 22, 11, 4] = 0.07  78.05
y[4, 16, 23, 14, 21, 12, 20, 4] = 0.2  109.28
y[4, 21, 12, 18, 4] = 0.2  69.29
y[4, 19, 17, 20, 15, 22, 24, 4] = 0.27  78.28
y[4, 21, 12, 23, 16, 17, 4] = 0.2  112.07
y[4, 19, 17, 20, 15, 6, 24, 11, 4] = 0.33  68.58
y[4, 19, 7, 4] = 0.13  26.59
y[4, 9, 4] = 0.2  10.2
y[4, 6, 8, 25, 22, 11, 4] = 0.2  62.81
y[4, 16, 23, 14, 21, 15, 4] = 0.2  104.12
true  264
-------------Iter CG 3-------------
LP Objective Value = 392.95,   sum y = 4.0
x[1, 4, 1],  100.9
y[4, 9, 25, 8, 13, 10, 7, 4] = 0.38  81.55
y[4, 19, 7, 20, 18, 21, 13, 10, 4] = 0.12  96.39
y[4, 13, 21, 12, 18, 20, 7, 4] = 0.12  85.7
y[4, 14, 23, 16, 17, 4] = 0.25  100.23
y[4, 16, 23, 14, 12, 18, 4] = 0.38  100.01
y[4, 19, 7, 18, 12, 21, 13, 10, 4] = 0.12  92.92
y[4, 11, 24, 6, 8, 25, 4] = 0.17  63.52
y[4, 16, 23, 14, 21, 12, 10, 4] = 0.38  106.01
y[4, 11, 24, 22, 6, 9, 4] = 0.08  43.54
y[4, 19, 17, 20, 15, 22, 24, 4] = 0.46  78.28
y[4, 19, 17, 20, 15, 6, 24, 11, 4] = 0.29  68.58
y[4, 13, 21, 18, 15, 7, 4] = 0.25  81.5
y[4, 9, 4] = 0.54  10.2
y[4, 6, 8, 25, 22, 11, 4] = 0.46  62.81
true  15
-------------Iter CG 4-------------
LP Objective Value = 383.53,   sum y = 4.0
x[1, 4, 1],  100.9
y[4, 7, 20, 14, 23, 16, 17, 19, 4] = 0.29  108.71
y[4, 11, 24, 6, 22, 10, 18, 4] = 0.1  67.18
y[4, 7, 20, 17, 16, 23, 14, 12, 4] = 0.35  102.5
y[4, 16, 23, 14, 12, 18, 4] = 0.13  100.01
y[4, 19, 7, 18, 12, 21, 13, 10, 4] = 0.19  92.92
y[4, 19, 7, 15, 10, 8, 25, 22, 4] = 0.16  84.48
y[4, 11, 9, 4] = 0.23  15.98
y[4, 24, 25, 8, 13, 10, 4] = 0.23  77.28
y[4, 24, 8, 25, 22, 4] = 0.19  62.81
y[4, 18, 12, 21, 13, 10, 4] = 0.32  80.41
y[4, 19, 17, 20, 15, 6, 24, 9, 4] = 0.23  68.89
y[4, 11, 24, 22, 6, 9, 4] = 0.13  43.54
y[4, 19, 17, 20, 15, 6, 24, 11, 4] = 0.13  68.58
y[4, 13, 21, 18, 15, 4] = 0.26  78.98
y[4, 9, 4] = 0.42  10.2
y[4, 6, 8, 25, 22, 11, 4] = 0.42  62.81
y[4, 16, 23, 14, 21, 15, 4] = 0.23  104.12
true  90
-------------Iter CG 5-------------
LP Objective Value = 380.67,   sum y = 4.0
x[1, 4, 1],  100.9
y[4, 7, 20, 14, 23, 16, 17, 19, 4] = 0.37  108.71
y[4, 19, 17, 20, 15, 11, 9, 4] = 0.03  63.87
y[4, 18, 12, 21, 23, 16, 4] = 0.11  102.55
y[4, 15, 18, 12, 14, 21, 10, 4] = 0.21  73.37
y[4, 18, 12, 23, 16, 17, 4] = 0.05  100.32
y[4, 7, 20, 17, 16, 23, 14, 12, 4] = 0.32  102.5
y[4, 19, 7, 18, 12, 21, 13, 10, 4] = 0.26  92.92
y[4, 19, 7, 15, 10, 8, 25, 22, 4] = 0.05  84.48
y[4, 24, 25, 8, 13, 10, 4] = 0.42  77.28
y[4, 24, 8, 25, 22, 4] = 0.01  62.81
y[4, 19, 17, 20, 15, 6, 24, 9, 4] = 0.03  68.89
y[4, 15, 10, 18, 12, 23, 16, 20, 19, 4] = 0.05  111.72
y[4, 11, 24, 22, 6, 9, 4] = 0.33  43.54
y[4, 19, 17, 20, 15, 22, 24, 4] = 0.09  78.28
y[4, 19, 17, 20, 15, 6, 24, 11, 4] = 0.12  68.58
y[4, 13, 21, 18, 15, 4] = 0.32  78.98
y[4, 9, 4] = 0.61  10.2
y[4, 6, 8, 25, 22, 11, 4] = 0.52  62.81
y[4, 16, 23, 14, 21, 15, 4] = 0.11  104.12
true  25
-------------Iter CG 6-------------
LP Objective Value = 378.82,   sum y = 4.0
x[1, 4, 1],  100.9
y[4, 7, 20, 14, 23, 16, 17, 19, 4] = 0.11  108.71
y[4, 15, 18, 12, 14, 21, 10, 4] = 0.24  73.37
y[4, 10, 18, 12, 14, 23, 16, 20, 7, 4] = 0.13  103.48
y[4, 10, 13, 8, 25, 24, 4] = 0.26  77.28
y[4, 7, 20, 17, 16, 23, 14, 12, 4] = 0.33  102.5
y[4, 19, 7, 18, 12, 21, 13, 10, 4] = 0.04  92.92
y[4, 19, 17, 16, 23, 21, 4] = 0.02  106.98
y[4, 24, 8, 25, 22, 4] = 0.24  62.81
y[4, 19, 17, 16, 23, 14, 12, 4] = 0.19  104.74
y[4, 11, 24, 22, 6, 9, 4] = 0.26  43.54
y[4, 19, 17, 20, 18, 10, 15, 9, 4] = 0.11  78.71
y[4, 19, 17, 20, 15, 6, 24, 11, 4] = 0.24  68.58
y[4, 19, 16, 23, 21, 13, 10, 4] = 0.22  118.1
y[4, 13, 21, 18, 15, 7, 4] = 0.39  81.5
y[4, 13, 21, 18, 15, 4] = 0.02  78.98
y[4, 9, 4] = 0.63  10.2
y[4, 13, 21, 12, 18, 20, 19, 4] = 0.07  92.53
y[4, 6, 8, 25, 22, 11, 4] = 0.5  62.81
false  0
Exceed Upper Bound, prune


================Iteration 0 of B&P for SP7 [1, 2, 4, 3, 1] parkings[2, 3]================
-------------Iter CG 1-------------
LP Objective Value = 302.43,   sum y = 4.0
x[1, 2, 4, 3, 1],  100.97
y[3, 10, 25, 8, 13, 12, 3] = 1.0  50.83
y[3, 18, 15, 20, 17, 16, 3] = 1.0  49.28
y[3, 23, 21, 14, 3] = 1.0  42.1
y[2, 7, 19, 9, 11, 24, 22, 6, 2] = 1.0  59.25
true  12
-------------Iter CG 2-------------
LP Objective Value = 302.43,   sum y = 4.0
x[1, 2, 4, 3, 1],  100.97
y[3, 10, 25, 8, 13, 12, 3] = 1.0  50.83
y[3, 18, 15, 20, 17, 16, 3] = 1.0  49.28
y[3, 23, 21, 14, 3] = 1.0  42.1
y[2, 7, 19, 9, 11, 24, 22, 6, 2] = 1.0  59.25
true  19
-------------Iter CG 3-------------
LP Objective Value = 302.43,   sum y = 4.0
x[1, 2, 4, 3, 1],  100.97
y[3, 10, 25, 8, 13, 12, 3] = 1.0  50.83
y[3, 18, 15, 20, 17, 16, 3] = 1.0  49.28
y[3, 23, 21, 14, 3] = 1.0  42.1
y[2, 7, 19, 9, 11, 24, 22, 6, 2] = 1.0  59.25
false  0
Integer solution found
Update upper bound
[3, 23, 21, 14, 3]   42.1
[3, 18, 15, 20, 17, 16, 3]   49.28
[3, 10, 25, 8, 13, 12, 3]   50.83
[2, 7, 19, 9, 11, 24, 22, 6, 2]   59.25


================Iteration 0 of B&P for SP8 [1, 4, 2, 3, 1] parkings[4, 3]================
-------------Iter CG 1-------------
LP Objective Value = 305.37,   sum y = 4.0
x[1, 4, 2, 3, 1],  101.02
y[3, 16, 17, 20, 15, 18, 3] = 1.0  49.28
y[3, 10, 25, 8, 13, 12, 3] = 1.0  50.83
y[3, 14, 21, 23, 3] = 1.0  42.1
y[4, 9, 11, 24, 22, 6, 7, 19, 4] = 1.0  62.13
true  37
-------------Iter CG 2-------------
LP Objective Value = 305.37,   sum y = 4.0
x[1, 4, 2, 3, 1],  101.02
y[3, 10, 25, 8, 13, 12, 3] = 1.0  50.83
y[3, 18, 15, 20, 17, 16, 3] = 1.0  49.28
y[3, 14, 21, 23, 3] = 1.0  42.1
y[4, 9, 11, 24, 22, 6, 7, 19, 4] = 1.0  62.13
true  6
-------------Iter CG 3-------------
LP Objective Value = 305.37,   sum y = 4.0
x[1, 4, 2, 3, 1],  101.02
y[3, 10, 25, 8, 13, 12, 3] = 1.0  50.83
y[3, 18, 15, 20, 17, 16, 3] = 1.0  49.28
y[3, 14, 21, 23, 3] = 1.0  42.1
y[4, 9, 11, 24, 22, 6, 7, 19, 4] = 1.0  62.13
true  9
-------------Iter CG 4-------------
LP Objective Value = 305.37,   sum y = 4.0
x[1, 4, 2, 3, 1],  101.02
y[3, 10, 25, 8, 13, 12, 3] = 1.0  50.83
y[3, 18, 15, 20, 17, 16, 3] = 1.0  49.28
y[3, 14, 21, 23, 3] = 1.0  42.1
y[4, 9, 11, 24, 22, 6, 7, 19, 4] = 1.0  62.13
true  21
-------------Iter CG 5-------------
LP Objective Value = 305.37,   sum y = 4.0
x[1, 4, 2, 3, 1],  101.02
y[3, 10, 25, 8, 13, 12, 3] = 1.0  50.83
y[3, 18, 15, 20, 17, 16, 3] = 1.0  49.28
y[3, 14, 21, 23, 3] = 1.0  42.1
y[4, 9, 11, 24, 22, 6, 7, 19, 4] = 1.0  62.13
false  0
Exceed Upper Bound, prune


================Iteration 0 of B&P for SP9 [1, 2, 4, 1] parkings[4, 2]================
-------------Iter CG 1-------------
LP Objective Value = 343.13,   sum y = 4.0
x[1, 2, 4, 1],  100.96
y[2, 15, 18, 21, 13, 10, 2] = 0.14  62.42
y[2, 7, 19, 17, 16, 23, 14, 2] = 0.14  95.66
y[2, 15, 10, 13, 8, 25, 2] = 0.29  64.55
y[2, 24, 22, 25, 8, 2] = 0.43  54.86
y[2, 15, 18, 12, 14, 21, 10, 2] = 0.29  55.26
y[4, 11, 9, 4] = 0.43  15.98
y[2, 6, 13, 21, 12, 18, 2] = 0.14  65.54
y[2, 7, 19, 2] = 0.14  22.8
y[2, 7, 19, 17, 20, 18, 15, 2] = 0.14  65.14
y[2, 13, 21, 18, 15, 2] = 0.14  61.88
y[2, 7, 19, 9, 11, 24, 22, 6, 2] = 0.57  59.25
y[2, 6, 25, 8, 13, 10, 2] = 0.29  64.46
y[2, 20, 16, 23, 21, 18, 2] = 0.14  83.92
y[2, 20, 17, 16, 23, 21, 2] = 0.14  85.91
y[2, 20, 17, 16, 23, 14, 12, 2] = 0.57  83.47
true  2
-------------Iter CG 2-------------
LP Objective Value = 343.13,   sum y = 4.0
x[1, 2, 4, 1],  100.96
y[2, 15, 18, 21, 13, 10, 2] = 0.14  62.42
y[2, 7, 19, 17, 16, 23, 14, 2] = 0.14  95.66
y[2, 15, 10, 13, 8, 25, 2] = 0.29  64.55
y[2, 24, 22, 25, 8, 2] = 0.43  54.86
y[2, 15, 18, 12, 14, 21, 10, 2] = 0.29  55.26
y[4, 11, 9, 4] = 0.43  15.98
y[2, 6, 13, 21, 12, 18, 2] = 0.14  65.54
y[2, 7, 19, 2] = 0.14  22.8
y[2, 7, 19, 17, 20, 18, 15, 2] = 0.14  65.14
y[2, 13, 21, 18, 15, 2] = 0.14  61.88
y[2, 7, 19, 9, 11, 24, 22, 6, 2] = 0.57  59.25
y[2, 6, 25, 8, 13, 10, 2] = 0.29  64.46
y[2, 20, 16, 23, 21, 18, 2] = 0.14  83.92
y[2, 20, 17, 16, 23, 21, 2] = 0.14  85.91
y[2, 20, 17, 16, 23, 14, 12, 2] = 0.57  83.47
false  0
Exceed Upper Bound, prune


================Iteration 0 of B&P for SP10 [1, 4, 3, 2, 5, 1] parkings[5, 3]================
-------------Iter CG 1-------------
LP Objective Value = 352.25,   sum y = 4.5
x[1, 4, 3, 2, 5, 1],  141.4
y[5, 23, 5] = 1.0  14.0
y[3, 8, 25, 22, 6, 15, 3] = 0.5  61.88
y[3, 10, 25, 8, 13, 12, 3] = 0.5  50.83
y[3, 18, 12, 21, 14, 3] = 0.5  24.52
y[3, 20, 7, 19, 9, 11, 24, 6, 22, 10, 3] = 0.5  87.24
y[3, 18, 15, 20, 17, 16, 3] = 0.5  49.28
y[3, 16, 17, 19, 7, 9, 11, 24, 3] = 0.5  84.59
y[3, 14, 21, 13, 3] = 0.5  35.37
true  259
-------------Iter CG 2-------------
LP Objective Value = 352.25,   sum y = 4.5
x[1, 4, 3, 2, 5, 1],  141.4
y[5, 23, 5] = 1.0  14.0
y[3, 8, 25, 22, 6, 15, 3] = 0.5  61.88
y[3, 10, 25, 8, 13, 12, 3] = 0.5  50.83
y[3, 18, 12, 21, 14, 3] = 0.5  24.52
y[3, 20, 7, 19, 9, 11, 24, 6, 22, 10, 3] = 0.5  87.24
y[3, 18, 15, 20, 17, 16, 3] = 0.5  49.28
y[3, 16, 17, 19, 7, 9, 11, 24, 3] = 0.5  84.59
y[3, 14, 21, 13, 3] = 0.5  35.37
true  21
-------------Iter CG 3-------------
LP Objective Value = 351.42,   sum y = 4.33
x[1, 4, 3, 2, 5, 1],  141.4
y[5, 23, 5] = 1.0  14.0
y[3, 8, 25, 22, 6, 15, 3] = 0.67  61.88
y[3, 8, 25, 13, 14, 3] = 0.33  52.96
y[3, 16, 17, 19, 7, 9, 11, 24, 10, 3] = 0.33  86.58
y[3, 18, 12, 21, 14, 3] = 0.33  24.52
y[3, 21, 13, 10, 18, 12, 3] = 0.33  38.93
y[3, 20, 7, 19, 9, 11, 24, 6, 22, 10, 3] = 0.33  87.24
y[3, 18, 15, 20, 17, 16, 3] = 0.33  49.28
y[3, 16, 17, 20, 19, 7, 9, 11, 24, 3] = 0.33  89.18
y[3, 14, 21, 13, 12, 3] = 0.33  35.61
true  10
-------------Iter CG 4-------------
LP Objective Value = 351.14,   sum y = 4.33
x[1, 4, 3, 2, 5, 1],  141.4
y[5, 23, 5] = 1.0  14.0
y[3, 8, 25, 22, 6, 15, 3] = 0.67  61.88
y[3, 8, 25, 13, 14, 3] = 0.33  52.96
y[3, 16, 17, 19, 7, 9, 11, 24, 10, 3] = 0.33  86.58
y[3, 18, 12, 21, 14, 3] = 0.33  24.52
y[3, 21, 13, 10, 18, 12, 3] = 0.33  38.93
y[3, 18, 15, 20, 17, 16, 3] = 0.33  49.28
y[3, 16, 17, 20, 19, 7, 9, 11, 24, 3] = 0.33  89.18
y[3, 14, 21, 13, 12, 3] = 0.33  35.61
y[3, 20, 19, 7, 9, 11, 24, 6, 22, 10, 3] = 0.33  86.4
true  4
-------------Iter CG 5-------------
LP Objective Value = 351.14,   sum y = 4.33
x[1, 4, 3, 2, 5, 1],  141.4
y[5, 23, 5] = 1.0  14.0
y[3, 8, 25, 22, 6, 15, 3] = 0.67  61.88
y[3, 8, 25, 13, 14, 3] = 0.33  52.96
y[3, 16, 17, 19, 7, 9, 11, 24, 10, 3] = 0.33  86.58
y[3, 18, 12, 21, 14, 3] = 0.33  24.52
y[3, 21, 13, 10, 18, 12, 3] = 0.33  38.93
y[3, 18, 15, 20, 17, 16, 3] = 0.33  49.28
y[3, 16, 17, 20, 19, 7, 9, 11, 24, 3] = 0.33  89.18
y[3, 14, 21, 13, 12, 3] = 0.33  35.61
y[3, 20, 19, 7, 9, 11, 24, 6, 22, 10, 3] = 0.33  86.4
true  2
-------------Iter CG 6-------------
LP Objective Value = 351.14,   sum y = 4.33
x[1, 4, 3, 2, 5, 1],  141.4
y[5, 23, 5] = 1.0  14.0
y[3, 8, 25, 22, 6, 15, 3] = 0.67  61.88
y[3, 8, 25, 13, 14, 3] = 0.33  52.96
y[3, 16, 17, 19, 7, 9, 11, 24, 10, 3] = 0.33  86.58
y[3, 18, 12, 21, 14, 3] = 0.33  24.52
y[3, 21, 13, 10, 18, 12, 3] = 0.33  38.93
y[3, 18, 15, 20, 17, 16, 3] = 0.33  49.28
y[3, 16, 17, 20, 19, 7, 9, 11, 24, 3] = 0.33  89.18
y[3, 14, 21, 13, 12, 3] = 0.33  35.61
y[3, 20, 19, 7, 9, 11, 24, 6, 22, 10, 3] = 0.33  86.4
false  0
Exceed Upper Bound, prune

Total Execution time = 25.3

time spent in soving root node = 19.28, takes percentage of 76.0%
time spent in branching decision = 0.05, takes percentage of 0.0%
time spent in solving child node = 5.66, takes percentage of 22.0%

time spent in filtering = 0.33, takes percentage of 1.0%
time spent in solving column generation = 21.13, takes percentage of 84.0%
   - time spent in solving pricing = 18.06, takes percentage of 85.0%
   - time spent in building model = 3.11, takes percentage of 15.0%
       - time spent in setting bound = 0.44, takes percentage of 2.0%
       - time spent in adding columns = 2.87, takes percentage of 14.000000000000002%
   - time spent in solving RMP = 0.95, takes percentage of 5.0%
Current optimal solution 302.43 found in interation 0 in level 0:
[1, 2, 4, 3, 1]  100.97
[3, 23, 21, 14, 3]  42.1
[3, 18, 15, 20, 17, 16, 3]  49.28
[3, 10, 25, 8, 13, 12, 3]  50.83
[2, 7, 19, 9, 11, 24, 22, 6, 2]  59.25
