id,parent,Depth,cgLowerBound,FS,rdtCG,rdtFS,Child,Child,,,,,,,,,,,,,,,,,,,,,,,,,,,,,,,,,,,,,,,,,,,,,,,,,
1,0,729.758,8.056,-3.191,-1.287,3,4,4-22-4 = 1.0,8-33-8 = 0.028,5-38-5 = 0.417,8-39-8 = 0.083,5-42-5 = 1.0,7-31-52-29-19-8 = 0.5,7-48-24-30-7 = 1.0,7-21-26-36-7 = 0.5,7-52-29-37-7 = 0.5,7-31-21-26-36-7 = 0.5,8-33-23-39-8 = 0.222,8-33-39-8 = 0.694,8-33-40-11-8 = 0.056,8-12-47-11-8 = 0.944,8-12-9-58-43-4 = 0.056,8-40-44-51-43-4 = 0.167,8-10-49-19-37-7 = 0.5,8-45-20-40-23-8 = 0.056,5-35-56-14-5 = 0.417,5-18-54-34-13-5 = 0.833,5-32-55-14-5 = 0.417,5-35-38-5 = 0.583,5-25-51-43-4 = 0.056,5-56-55-32-5 = 0.583,5-18-54-13-14-5 = 0.167,5-25-9-10-58-5 = 0.167,5-25-9-51-44-4 = 0.611,5-25-9-58-46-4 = 0.167,5-34-58-46-43-4 = 0.167,8-49-10-46-47-4 = 0.056,8-49-10-58-46-4 = 0.278,8-49-58-46-43-4 = 0.167,4-15-28-4 = 1.0,4-17-57-4 = 1.0,4-45-20-44-43-4 = 0.222,4-51-46-43-4 = 0.167,4-45-20-40-23-8 = 0.722,4-41-50-16-5 = 1.0,8-27-53-8 = 1.0,,,,,,,,,,,
4,1,729.892,8.595,0.134,0.539,5,6,4-22-4 = 1.0,8-33-8 = 0.414,8-39-8 = 0.414,5-42-5 = 1.0,7-31-52-29-19-8 = 0.491,7-48-24-30-7 = 1.0,7-21-26-36-7 = 0.491,7-52-29-37-7 = 0.509,7-31-21-26-36-7 = 0.509,8-33-23-39-8 = 0.302,8-33-39-8 = 0.284,8-12-47-11-8 = 0.991,8-40-44-51-43-4 = 0.302,8-12-9-58-49-19-8 = 0.009,8-10-49-19-37-7 = 0.491,5-35-56-14-5 = 0.181,5-18-54-34-13-5 = 0.629,5-32-55-14-5 = 0.181,5-38-50-16-5 = 0.091,5-38-41-57-4 = 0.091,5-35-38-5 = 0.819,5-25-51-43-4 = 0.06,5-25-58-10-49-8 = 0.043,5-56-55-32-5 = 0.819,5-18-54-13-14-5 = 0.009,5-54-34-13-14-5 = 0.362,5-25-9-10-58-5 = 0.017,5-18-25-9-58-14-5 = 0.267,5-25-9-51-44-4 = 0.397,5-25-9-58-46-4 = 0.216,8-49-10-46-47-4 = 0.009,8-49-10-58-46-4 = 0.44,4-28-15-4 = 0.909,4-17-57-4 = 0.909,4-17-15-28-4 = 0.091,5-34-58-49-19-11-8 = 0.009,5-18-9-46-43-4 = 0.095,4-45-20-44-43-4 = 0.302,4-51-46-43-4 = 0.241,4-45-20-40-23-8 = 0.698,4-41-50-16-5 = 0.909,8-27-53-8 = 1.0,,,,,,,,
6,4,729.964,8.638,0.072,0.043,7,8,4-22-4 = 1.0,8-33-8 = 0.45,8-39-8 = 0.462,5-42-5 = 1.0,7-31-52-29-19-8 = 0.475,7-48-24-30-7 = 1.0,7-21-26-36-7 = 0.475,7-52-29-37-7 = 0.525,7-31-21-26-36-7 = 0.525,8-33-23-39-8 = 0.338,8-33-39-8 = 0.2,8-33-40-11-8 = 0.012,8-12-47-11-8 = 0.938,8-12-9-10-49-8 = 0.063,8-40-44-51-43-4 = 0.325,8-10-49-19-37-7 = 0.475,5-35-56-14-5 = 0.238,5-18-54-34-13-5 = 0.712,5-32-55-14-5 = 0.238,5-38-50-16-5 = 0.119,5-38-41-57-4 = 0.119,5-35-38-5 = 0.762,5-25-51-43-4 = 0.05,5-25-58-10-49-8 = 0.013,5-56-55-32-5 = 0.762,5-18-54-13-14-5 = 0.05,5-54-34-13-14-5 = 0.237,5-25-9-10-58-5 = 0.05,5-18-25-9-58-14-5 = 0.237,5-25-9-58-46-4 = 0.65,8-49-10-46-47-4 = 0.063,8-49-10-51-44-4 = 0.337,4-28-15-4 = 0.881,4-17-57-4 = 0.881,4-17-15-28-4 = 0.119,5-34-58-49-19-11-8 = 0.05,4-45-20-44-43-4 = 0.338,4-51-46-43-4 = 0.288,4-45-20-40-23-8 = 0.662,4-41-50-16-5 = 0.881,8-27-53-8 = 1.0,,,,,,,,,
7,6,731.111,7.274,1.147,-1.364,9,10,4-22-4 = 1.0,8-33-8 = 0.28,8-39-8 = 0.28,5-42-5 = 1.0,7-31-52-29-19-8 = 0.5,7-48-24-30-7 = 1.0,7-21-26-36-7 = 0.5,7-52-29-37-7 = 0.5,7-31-21-26-36-7 = 0.5,8-33-23-39-8 = 0.089,8-33-39-8 = 0.631,8-12-47-11-8 = 1.0,8-40-44-51-43-4 = 0.089,8-45-20-40-23-8 = 0.179,5-18-54-34-13-5 = 0.333,5-35-38-5 = 1.0,5-25-51-43-4 = 0.298,5-56-55-32-5 = 1.0,5-18-54-13-14-5 = 0.179,5-54-34-13-14-5 = 0.488,5-18-25-9-58-14-5 = 0.333,5-18-58-49-19-37-7 = 0.149,5-25-9-58-46-4 = 0.339,5-34-58-10-46-4 = 0.179,8-49-10-51-44-4 = 0.458,8-49-10-44-43-4 = 0.363,4-28-15-4 = 1.0,4-17-57-4 = 1.0,5-18-9-46-43-4 = 0.006,5-25-49-19-37-7 = 0.03,4-45-20-44-43-4 = 0.089,4-51-46-43-4 = 0.155,8-9-46-19-37-7 = 0.321,4-45-20-40-23-8 = 0.732,4-41-50-16-5 = 1.0,8-27-53-8 = 1.0,,,,,,,,,,,,,,
10,7,731.113,7.306,0.002,0.032,11,12,4-22-4 = 1.0,8-33-8 = 0.281,8-39-8 = 0.281,5-42-5 = 1.0,7-31-52-29-19-8 = 0.5,7-48-24-30-7 = 1.0,7-21-26-36-7 = 0.5,7-52-29-37-7 = 0.5,7-31-21-26-36-7 = 0.5,8-33-23-39-8 = 0.088,8-33-39-8 = 0.631,8-12-47-11-8 = 1.0,8-40-44-51-43-4 = 0.088,8-45-20-40-23-8 = 0.175,5-35-56-14-5 = 0.006,5-18-54-34-13-5 = 0.344,5-32-55-14-5 = 0.006,5-38-50-16-5 = 0.003,5-38-41-57-4 = 0.003,5-35-38-5 = 0.994,5-25-51-43-4 = 0.3,5-56-55-32-5 = 0.994,5-18-54-13-14-5 = 0.175,5-54-34-13-14-5 = 0.481,5-18-25-9-58-14-5 = 0.331,5-18-58-49-19-37-7 = 0.15,5-25-9-58-46-4 = 0.344,5-34-58-10-46-4 = 0.175,8-49-10-51-44-4 = 0.456,8-49-10-44-43-4 = 0.369,4-28-15-4 = 0.997,4-17-57-4 = 0.997,4-17-15-28-4 = 0.003,5-25-49-19-37-7 = 0.025,4-45-20-44-43-4 = 0.088,4-51-46-43-4 = 0.156,8-9-46-19-37-7 = 0.325,4-45-20-40-23-8 = 0.737,4-41-50-16-5 = 0.997,8-27-53-8 = 1.0,,,,,,,,,,
12,10,731.312,7.444,0.199,0.138,13,14,4-22-4 = 1.0,8-33-8 = 0.333,8-39-8 = 0.333,5-42-5 = 1.0,7-31-52-29-19-8 = 0.444,7-48-24-30-7 = 1.0,7-21-26-36-7 = 0.444,7-52-29-37-7 = 0.556,7-31-21-26-36-7 = 0.556,8-33-23-39-8 = 0.222,8-33-39-8 = 0.444,8-12-47-11-8 = 0.889,8-40-44-51-43-4 = 0.222,8-45-20-44-43-4 = 0.111,5-18-54-34-13-5 = 0.333,5-35-38-5 = 1.0,5-25-51-43-4 = 0.389,5-56-55-32-5 = 1.0,5-18-54-13-14-5 = 0.278,5-54-34-13-14-5 = 0.389,5-18-25-9-58-14-5 = 0.333,5-18-58-49-19-37-7 = 0.056,5-25-9-51-44-4 = 0.056,5-25-9-58-46-4 = 0.222,5-34-58-10-46-4 = 0.278,8-49-10-46-47-4 = 0.111,8-49-10-51-44-4 = 0.333,8-49-10-44-43-4 = 0.278,4-28-15-4 = 1.0,4-17-57-4 = 1.0,8-49-46-19-37-7 = 0.111,8-9-46-19-37-7 = 0.278,4-45-20-40-23-8 = 0.778,4-41-50-16-5 = 1.0,4-12-9-58-49-19-8 = 0.111,4-45-20-11-8 = 0.111,8-27-53-8 = 1.0,,,,,,,,,,,,,
13,12,731.721,6.25,0.409,-1.194,15,16,4-22-4 = 1.0,8-33-8 = 0.125,5-38-5 = 0.125,8-39-8 = 0.125,5-42-5 = 1.0,7-31-52-29-19-8 = 0.5,7-31-52-37-7 = 0.25,7-48-24-30-7 = 1.0,7-21-26-36-7 = 0.75,7-52-29-37-7 = 0.25,7-31-21-26-36-7 = 0.25,8-33-39-8 = 0.875,8-12-47-11-8 = 1.0,8-51-46-43-4 = 0.25,5-35-56-14-5 = 0.125,5-18-54-34-13-5 = 0.5,5-32-55-14-5 = 0.125,5-35-38-5 = 0.875,5-25-51-43-4 = 0.25,5-56-55-32-5 = 0.875,5-18-54-13-14-5 = 0.25,5-54-34-13-14-5 = 0.25,5-18-25-9-58-14-5 = 0.25,5-25-9-58-46-4 = 0.5,8-49-10-51-44-4 = 0.5,8-49-10-44-43-4 = 0.5,4-28-15-4 = 1.0,4-17-57-4 = 1.0,5-34-58-29-19-37-7 = 0.25,8-9-46-19-37-7 = 0.25,4-45-20-40-23-8 = 1.0,4-41-50-16-5 = 1.0,8-27-53-8 = 1.0,,,,,,,,,,,,,,,,,
16,13,732.462,7.36,0.741,1.11,17,18,4-22-4 = 1.0,5-38-5 = 0.42,5-42-5 = 1.0,7-31-52-29-19-8 = 0.5,7-31-52-37-7 = 0.12,7-48-24-30-7 = 1.0,7-21-26-36-7 = 0.62,7-52-29-37-7 = 0.38,7-31-21-26-36-7 = 0.38,8-33-23-39-8 = 0.1,8-33-39-8 = 0.9,8-12-47-11-8 = 0.9,8-40-44-51-43-4 = 0.1,5-35-56-14-5 = 0.42,5-35-56-38-5 = 0.04,5-18-54-34-13-5 = 0.88,5-32-55-14-5 = 0.46,5-35-38-5 = 0.54,5-25-51-43-4 = 0.34,5-56-55-32-5 = 0.54,5-18-54-58-13-5 = 0.12,5-25-58-51-14-5 = 0.12,5-25-9-58-46-4 = 0.54,8-49-10-46-47-4 = 0.1,8-49-10-51-44-4 = 0.34,8-49-10-44-43-4 = 0.56,4-28-15-4 = 0.96,4-15-57-4 = 0.02,4-17-57-4 = 0.98,4-17-15-28-4 = 0.02,5-34-58-29-19-37-7 = 0.12,4-45-20-28-4 = 0.02,4-12-9-58-51-4 = 0.1,8-9-46-19-37-7 = 0.36,4-45-20-40-23-8 = 0.9,4-41-50-16-5 = 1.0,4-45-20-11-8 = 0.08,8-27-53-8 = 1.0,8-11-19-37-7 = 0.02,,,,,,,,,,,
17,16,732.556,6.724,0.094,-0.636,19,20,4-22-4 = 1.0,5-38-5 = 0.391,5-42-5 = 1.0,7-31-52-29-19-8 = 0.5,7-31-52-37-7 = 0.115,7-48-24-30-7 = 1.0,7-21-26-36-7 = 0.615,7-52-29-37-7 = 0.385,7-31-21-26-36-7 = 0.385,8-33-23-39-8 = 0.023,8-33-39-8 = 0.977,8-12-47-11-8 = 1.0,8-10-51-43-4 = 0.011,8-40-44-51-43-4 = 0.011,8-51-46-43-4 = 0.069,8-40-49-46-43-4 = 0.011,5-35-56-14-5 = 0.391,5-35-56-38-5 = 0.023,5-18-54-34-13-5 = 0.845,5-32-55-14-5 = 0.414,5-35-38-5 = 0.586,5-25-51-43-4 = 0.27,5-54-9-58-51-4 = 0.04,5-56-55-32-5 = 0.586,5-18-54-58-13-5 = 0.115,5-25-58-51-14-5 = 0.155,5-18-25-9-58-14-5 = 0.04,5-25-9-58-46-4 = 0.534,5-34-13-51-43-4 = 0.04,8-49-10-51-44-4 = 0.402,8-49-10-44-43-4 = 0.586,4-28-15-4 = 0.954,4-15-57-4 = 0.023,4-17-57-4 = 0.977,4-17-15-28-4 = 0.023,5-34-58-29-19-37-7 = 0.115,4-45-20-28-4 = 0.023,8-9-46-19-37-7 = 0.385,4-45-20-40-23-8 = 0.977,4-41-50-16-5 = 1.0,8-27-53-8 = 1.0,,,,,,,,,
19,17,732.743,7.333,0.187,0.609,21,22,4-22-4 = 1.0,5-42-5 = 1.0,7-36-26-7 = 0.083,7-31-52-29-19-7 = 0.083,7-31-52-29-19-8 = 0.417,7-31-52-37-7 = 0.167,7-48-24-30-7 = 1.0,7-21-54-14-5 = 0.083,7-21-26-36-7 = 0.583,7-52-29-37-7 = 0.333,7-31-21-26-36-7 = 0.333,8-33-39-8 = 1.0,8-12-47-11-8 = 1.0,8-51-46-43-4 = 0.083,5-35-56-14-5 = 0.333,5-35-56-38-5 = 0.167,5-18-54-34-13-5 = 0.75,5-32-55-14-5 = 0.5,5-35-38-5 = 0.5,5-25-51-43-4 = 0.333,5-56-55-32-5 = 0.5,5-18-54-58-13-5 = 0.167,5-18-25-9-58-14-5 = 0.083,5-25-9-58-46-4 = 0.5,5-34-13-51-43-4 = 0.083,8-49-10-51-44-4 = 0.5,8-49-10-44-43-4 = 0.5,4-15-28-4 = 1.0,4-17-57-4 = 1.0,5-34-58-29-19-37-7 = 0.167,8-9-46-19-37-7 = 0.333,4-45-20-40-23-8 = 1.0,4-41-50-16-5 = 1.0,5-42-38-5 = 0.333,8-27-53-8 = 1.0,5-25-9-58-46-5 = 0.083,,,,,,,,,,,,,,
8,6,730.311,9.458,0.347,0.821,23,24,4-22-4 = 1.0,8-33-8 = 0.5,5-38-5 = 0.051,8-39-8 = 0.5,5-42-5 = 1.0,7-31-52-29-19-8 = 0.444,7-48-24-30-7 = 1.0,7-21-26-36-7 = 0.444,7-52-29-37-7 = 0.556,7-31-21-26-36-7 = 0.556,8-33-23-39-8 = 0.5,8-12-47-11-8 = 0.889,8-12-9-10-49-8 = 0.111,8-40-44-51-43-4 = 0.5,8-10-49-19-37-7 = 0.444,5-35-56-14-5 = 0.194,5-18-54-34-13-5 = 0.625,5-32-55-14-5 = 0.194,5-38-50-16-5 = 0.072,5-38-41-57-4 = 0.072,5-35-38-5 = 0.806,5-25-58-10-49-8 = 0.111,5-56-55-32-5 = 0.806,5-18-54-13-14-5 = 0.282,5-54-34-13-14-5 = 0.093,5-25-9-46-47-4 = 0.111,5-25-9-10-58-5 = 0.19,5-18-25-9-58-14-5 = 0.093,5-25-9-51-44-4 = 0.171,5-25-9-58-46-4 = 0.324,5-34-58-46-15-4 = 0.171,8-49-51-44-15-4 = 0.079,4-28-15-4 = 0.678,4-17-57-4 = 0.928,4-17-15-28-4 = 0.072,5-34-58-49-19-11-8 = 0.111,4-45-20-28-4 = 0.25,4-45-20-44-43-4 = 0.25,4-51-46-43-4 = 0.25,4-45-20-40-23-8 = 0.5,4-41-50-16-5 = 0.928,8-49-10-46-14-5 = 0.144,8-27-53-8 = 1.0,,,,,,,
23,8,730.437,9.312,0.126,-0.146,25,26,4-22-4 = 1.0,8-33-8 = 0.359,5-38-5 = 0.234,8-39-8 = 0.359,5-42-5 = 1.0,7-31-52-29-19-8 = 0.5,7-48-24-30-7 = 1.0,7-21-26-36-7 = 0.5,7-52-29-37-7 = 0.5,7-31-21-26-36-7 = 0.5,8-33-23-39-8 = 0.562,8-33-39-8 = 0.078,8-12-47-11-8 = 0.875,8-12-9-10-49-8 = 0.125,8-40-44-51-43-4 = 0.562,8-10-49-19-37-7 = 0.5,5-35-56-14-5 = 0.359,5-18-54-34-13-5 = 0.812,5-32-55-14-5 = 0.359,5-38-50-16-5 = 0.062,5-38-41-57-4 = 0.062,5-35-38-5 = 0.641,5-25-58-10-49-8 = 0.125,5-56-55-32-5 = 0.641,5-18-54-13-14-5 = 0.094,5-54-34-13-14-5 = 0.094,5-25-9-10-58-5 = 0.125,5-18-25-9-58-14-5 = 0.094,5-25-9-58-46-4 = 0.656,5-34-51-44-15-4 = 0.094,8-49-10-46-47-8 = 0.125,8-49-51-44-15-4 = 0.125,4-28-15-4 = 0.719,4-17-57-4 = 0.938,4-17-15-28-4 = 0.062,4-45-20-28-4 = 0.219,4-45-20-44-43-4 = 0.219,4-51-46-43-4 = 0.219,4-45-20-40-23-8 = 0.438,4-41-50-16-5 = 0.938,4-45-20-11-8 = 0.125,8-27-53-8 = 1.0,,,,,,,,
26,23,731.245,9.125,0.808,-0.188,27,28,4-22-4 = 1.0,8-33-8 = 0.452,8-39-8 = 0.606,5-42-5 = 1.0,7-31-52-29-19-8 = 0.5,7-48-24-30-7 = 1.0,7-21-26-36-7 = 0.5,7-52-29-37-7 = 0.5,7-31-21-26-36-7 = 0.5,8-33-23-11-8 = 0.154,8-33-23-39-8 = 0.394,8-12-47-11-8 = 0.75,8-12-9-10-49-8 = 0.25,8-40-44-51-43-4 = 0.548,8-10-49-19-37-7 = 0.5,5-35-56-14-5 = 0.24,5-18-54-34-13-5 = 0.817,5-32-55-14-5 = 0.24,5-38-50-16-5 = 0.12,5-38-41-57-4 = 0.12,5-35-38-5 = 0.76,5-56-55-32-5 = 0.76,5-18-54-13-14-5 = 0.096,5-54-34-13-14-5 = 0.087,5-25-58-51-14-5 = 0.25,5-18-25-9-58-14-5 = 0.087,5-25-9-58-46-4 = 0.654,5-25-9-58-51-4 = 0.01,5-34-51-44-15-4 = 0.096,8-49-10-46-47-8 = 0.25,4-15-28-4 = 0.784,4-17-57-4 = 0.88,4-17-15-28-4 = 0.12,4-45-20-28-4 = 0.096,4-45-20-44-43-4 = 0.356,4-51-46-43-4 = 0.096,4-45-20-40-23-8 = 0.452,4-41-50-16-5 = 0.88,4-45-20-11-8 = 0.096,8-27-53-8 = 1.0,,,,,,,,,,
27,26,731.254,9.375,0.009,0.25,29,30,4-22-4 = 1.0,8-33-8 = 0.481,8-39-8 = 0.567,5-42-5 = 1.0,7-31-52-29-19-8 = 0.5,7-48-24-30-7 = 1.0,7-21-26-36-7 = 0.5,7-52-29-37-7 = 0.5,7-31-21-26-36-7 = 0.5,8-33-23-11-8 = 0.087,8-33-23-39-8 = 0.433,8-12-47-11-8 = 0.875,8-12-9-10-49-8 = 0.125,8-40-44-51-43-4 = 0.519,8-10-49-19-37-7 = 0.5,5-35-56-14-5 = 0.221,5-18-54-34-13-5 = 0.702,5-32-55-14-5 = 0.221,5-38-50-16-5 = 0.111,5-38-41-57-4 = 0.111,5-35-38-5 = 0.779,5-56-55-32-5 = 0.779,5-18-54-13-14-5 = 0.163,5-54-34-13-14-5 = 0.135,5-18-25-9-58-14-5 = 0.135,5-25-9-58-46-4 = 0.587,5-25-9-58-51-4 = 0.154,5-34-51-44-15-4 = 0.163,8-49-10-46-47-8 = 0.125,4-15-28-4 = 0.726,4-17-57-4 = 0.889,4-17-15-28-4 = 0.111,4-45-20-28-4 = 0.163,4-45-20-44-43-4 = 0.317,4-51-46-43-4 = 0.163,4-45-20-40-23-8 = 0.481,4-41-50-16-5 = 0.889,4-25-58-10-49-8 = 0.125,4-45-20-11-8 = 0.038,8-49-10-46-14-5 = 0.125,8-27-53-8 = 1.0,,,,,,,,,
30,27,731.276,9.208,0.022,-0.167,31,32,4-22-4 = 1.0,8-33-8 = 0.333,5-38-5 = 0.333,8-39-8 = 0.333,5-42-5 = 1.0,7-31-52-29-19-8 = 0.5,7-48-24-30-7 = 1.0,7-21-26-36-7 = 0.5,7-52-29-37-7 = 0.5,7-31-21-26-36-7 = 0.5,8-33-23-39-8 = 0.667,8-12-47-11-8 = 0.833,8-12-9-10-49-8 = 0.167,8-40-44-51-43-4 = 0.667,8-10-49-19-37-7 = 0.5,5-35-56-14-5 = 0.375,5-18-54-34-13-5 = 0.792,5-32-55-14-5 = 0.375,5-38-50-16-5 = 0.021,5-38-41-57-4 = 0.021,5-35-38-5 = 0.625,5-56-55-32-5 = 0.625,5-18-54-13-14-5 = 0.167,5-54-34-13-14-5 = 0.042,5-18-25-9-58-14-5 = 0.042,5-25-9-58-46-4 = 0.667,5-25-9-58-15-4 = 0.125,5-34-51-44-15-4 = 0.167,8-49-10-46-47-8 = 0.167,4-15-28-4 = 0.604,4-15-57-4 = 0.042,4-17-57-4 = 0.938,4-17-15-28-4 = 0.062,4-45-20-28-4 = 0.333,4-45-20-44-43-4 = 0.167,4-51-46-43-4 = 0.167,4-45-20-40-23-8 = 0.333,4-41-50-16-5 = 0.979,4-25-58-10-49-8 = 0.167,4-45-20-11-8 = 0.167,8-27-53-8 = 1.0,,,,,,,,,
32,30,731.41,9.659,0.134,0.451,33,34,4-22-4 = 1.0,8-33-8 = 0.386,5-38-5 = 0.205,8-39-8 = 0.386,5-42-5 = 1.0,7-31-52-29-19-8 = 0.5,7-48-24-30-7 = 1.0,7-21-26-36-7 = 0.5,7-52-29-37-7 = 0.5,7-31-21-26-36-7 = 0.5,8-33-23-39-8 = 0.614,8-12-44-15-4 = 0.136,8-12-44-28-4 = 0.023,8-12-47-11-8 = 0.727,8-12-9-10-49-8 = 0.114,8-40-44-51-43-4 = 0.614,8-10-49-19-37-7 = 0.5,5-35-56-14-5 = 0.409,5-18-54-34-13-5 = 0.909,5-32-55-14-5 = 0.409,5-38-50-16-5 = 0.102,5-38-41-57-4 = 0.102,5-35-38-5 = 0.591,5-56-55-32-5 = 0.591,5-54-34-13-14-5 = 0.091,5-18-25-9-58-14-5 = 0.091,5-25-9-58-46-4 = 0.568,5-25-9-58-51-4 = 0.227,8-49-10-46-47-8 = 0.273,4-15-28-4 = 0.761,4-17-57-4 = 0.898,4-17-15-28-4 = 0.102,4-45-20-28-4 = 0.114,4-45-20-44-43-4 = 0.227,4-51-46-43-4 = 0.159,4-45-20-40-23-8 = 0.386,4-41-50-16-5 = 0.898,4-25-58-10-49-8 = 0.114,4-45-20-11-8 = 0.273,8-27-53-8 = 1.0,,,,,,,,,,
34,32,731.94,9.853,0.531,0.194,35,36,4-22-4 = 1.0,8-33-8 = 0.426,8-39-8 = 0.426,5-42-5 = 1.0,7-31-52-29-19-8 = 0.5,7-48-24-30-7 = 1.0,7-21-26-36-7 = 0.5,7-52-29-37-7 = 0.5,7-31-21-26-36-7 = 0.5,8-33-23-39-8 = 0.5,8-33-39-8 = 0.074,8-12-44-15-4 = 0.074,8-12-44-43-4 = 0.176,8-12-44-28-4 = 0.074,8-12-47-11-8 = 0.5,8-12-9-10-49-8 = 0.176,8-40-44-51-43-4 = 0.5,8-10-49-19-37-7 = 0.5,8-45-20-11-8 = 0.176,5-35-56-14-5 = 0.118,5-18-54-34-13-5 = 0.529,5-32-55-14-5 = 0.118,5-38-50-16-5 = 0.059,5-38-41-57-4 = 0.059,5-35-38-5 = 0.882,5-25-58-51-47-4 = 0.176,5-56-55-32-5 = 0.882,5-18-54-13-14-5 = 0.176,5-54-34-13-14-5 = 0.294,5-18-25-9-58-14-5 = 0.294,5-25-9-58-46-4 = 0.529,5-34-51-44-43-4 = 0.176,8-49-10-46-47-8 = 0.324,4-28-15-4 = 0.868,4-17-57-4 = 0.941,4-17-15-28-4 = 0.059,4-51-46-43-4 = 0.147,4-45-20-40-23-8 = 0.5,4-41-50-16-5 = 0.941,4-45-20-11-8 = 0.324,8-27-53-8 = 1.0,,,,,,,,,
36,34,732.886,8.574,0.946,-1.279,37,38,4-22-4 = 1.0,8-33-8 = 0.326,8-39-8 = 0.326,5-42-5 = 1.0,7-31-52-29-19-8 = 0.5,7-48-24-30-7 = 1.0,7-21-26-36-7 = 0.5,7-52-29-37-7 = 0.5,7-31-21-26-36-7 = 0.5,8-33-23-39-8 = 0.343,8-33-39-8 = 0.33,8-12-47-11-8 = 0.73,8-12-9-10-49-8 = 0.27,8-40-44-51-43-4 = 0.343,8-10-49-19-37-7 = 0.5,8-45-20-11-8 = 0.27,8-45-20-44-43-5 = 0.074,8-45-20-40-23-8 = 0.222,5-18-54-34-13-5 = 0.226,5-35-38-5 = 1.0,5-25-58-51-47-4 = 0.039,5-56-55-32-5 = 1.0,5-18-54-13-14-5 = 0.3,5-18-25-58-44-4 = 0.248,5-54-34-13-14-5 = 0.474,5-18-25-9-58-14-5 = 0.226,5-25-9-58-46-4 = 0.487,5-34-51-44-43-4 = 0.3,8-49-10-46-47-8 = 0.23,4-28-15-4 = 0.983,4-17-57-4 = 1.0,4-51-46-43-4 = 0.283,4-44-51-28-4 = 0.017,4-45-20-40-23-8 = 0.435,4-41-50-16-5 = 1.0,8-27-53-8 = 1.0,8-9-51-44-15-4 = 0.017,,,,,,,,,,,,,
37,36,734.123,6.273,1.237,-2.301,39,40,4-22-4 = 1.0,8-33-8 = 0.091,8-39-8 = 0.091,5-42-5 = 1.0,7-36-26-7 = 0.318,7-31-52-29-19-8 = 0.091,7-21-52-29-7 = 0.227,7-48-24-30-7 = 1.0,7-21-54-14-5 = 0.091,7-31-52-54-5 = 0.136,7-21-26-36-7 = 0.364,7-52-29-37-7 = 0.227,8-12-46-13-5 = 0.045,7-31-29-19-11-8 = 0.136,7-31-21-26-36-7 = 0.318,8-33-39-8 = 0.909,8-12-47-11-8 = 0.864,8-12-9-10-49-8 = 0.091,8-10-49-19-37-7 = 0.773,7-31-52-29-14-5 = 0.318,8-45-20-40-23-8 = 0.409,5-18-54-34-13-5 = 0.364,5-35-38-5 = 1.0,5-56-55-32-5 = 1.0,5-18-54-13-14-5 = 0.409,5-18-25-58-44-4 = 0.227,5-25-9-58-46-4 = 0.591,5-34-51-44-43-4 = 0.636,8-49-10-46-47-8 = 0.136,4-28-15-4 = 1.0,4-17-57-4 = 1.0,4-51-46-43-4 = 0.227,5-25-9-58-13-14-5 = 0.182,4-45-20-40-23-8 = 0.591,4-41-50-16-5 = 1.0,8-27-53-8 = 1.0,5-9-51-44-43-4 = 0.136,,,,,,,,,,,,,
40,37,735.152,4.72,1.029,-1.553,41,42,4-22-4 = 1.0,8-33-8 = 0.1,8-39-8 = 0.12,5-42-5 = 1.0,7-36-26-7 = 0.44,7-31-52-29-19-8 = 0.08,7-21-52-29-5 = 0.44,7-48-24-30-7 = 1.0,7-52-29-46-4 = 0.12,7-31-52-54-5 = 0.08,7-31-21-26-36-7 = 0.56,8-33-23-39-8 = 0.02,8-33-39-8 = 0.86,8-33-40-11-8 = 0.02,8-12-47-11-8 = 0.96,8-12-9-10-49-8 = 0.04,8-10-49-19-37-7 = 0.92,8-45-20-11-8 = 0.02,7-31-52-29-14-5 = 0.28,8-45-20-40-23-8 = 0.14,5-18-54-34-13-5 = 0.26,5-35-38-5 = 1.0,5-56-55-32-5 = 1.0,5-18-54-13-14-5 = 0.58,5-18-25-58-44-4 = 0.16,5-25-9-58-46-4 = 0.7,5-34-51-44-43-4 = 0.72,5-34-13-51-43-4 = 0.02,8-49-10-46-47-8 = 0.04,4-28-15-4 = 1.0,4-17-57-4 = 1.0,4-51-46-43-4 = 0.14,5-54-29-37-7 = 0.08,5-25-9-58-13-14-5 = 0.14,4-45-20-40-23-8 = 0.84,4-41-50-16-5 = 1.0,8-27-53-8 = 1.0,5-9-51-44-43-4 = 0.12,,,,,,,,,,,,
41,40,735.483,4.444,0.331,-0.276,43,44,4-22-4 = 1.0,8-33-8 = 0.056,8-39-8 = 0.056,5-42-5 = 1.0,7-36-26-7 = 0.5,7-21-52-29-5 = 0.5,7-48-24-30-7 = 1.0,7-31-21-26-36-7 = 0.5,8-33-39-8 = 0.944,8-12-47-11-8 = 1.0,8-10-49-19-37-7 = 1.0,7-31-52-29-14-5 = 0.5,5-18-54-34-13-5 = 0.333,5-35-38-5 = 1.0,5-54-51-44-4 = 0.111,5-54-44-43-4 = 0.056,5-56-55-32-5 = 1.0,5-18-54-13-14-5 = 0.5,5-18-25-58-44-4 = 0.167,5-25-9-58-46-4 = 0.833,5-34-51-44-43-4 = 0.5,5-34-13-46-43-4 = 0.056,5-34-13-51-43-4 = 0.111,4-28-15-4 = 1.0,4-17-57-4 = 1.0,4-51-46-43-4 = 0.111,4-45-20-40-23-8 = 1.0,4-41-50-16-5 = 1.0,8-27-53-8 = 1.0,5-9-51-44-43-4 = 0.167,,,,,,,,,,,,,,,,,,,,
44,41,738.241,0,2.758,-4.444,Integer,,4-22-4 = 1.0,5-42-5 = 1.0,7-48-24-30-7 = 1.0,7-21-26-36-7 = 1.0,8-33-39-8 = 1.0,8-12-47-11-8 = 1.0,8-10-49-19-37-7 = 1.0,7-31-52-29-14-5 = 1.0,5-41-50-16-5 = 1.0,5-18-54-34-13-5 = 1.0,5-35-38-5 = 1.0,5-56-55-32-5 = 1.0,5-25-9-58-44-4 = 1.0,4-15-28-4 = 1.0,4-17-57-4 = 1.0,4-51-46-43-4 = 1.0,4-45-20-40-23-8 = 1.0,8-27-53-8 = 1.0,,,,,,,,,,,,,,,,,,,,,,,,,,,,,,,,
43,41,735.717,4.222,0.234,-0.222,45,46,4-22-4 = 1.0,8-33-8 = 0.056,8-39-8 = 0.056,5-42-5 = 1.0,7-36-26-7 = 0.5,7-31-52-29-19-8 = 0.056,7-21-52-29-5 = 0.5,7-48-24-30-7 = 1.0,7-31-21-26-36-7 = 0.5,8-33-39-8 = 0.944,8-12-47-11-8 = 1.0,8-10-46-13-5 = 0.056,8-10-49-19-37-7 = 0.944,7-31-52-29-14-5 = 0.444,8-45-20-40-23-8 = 0.056,5-18-54-34-13-5 = 0.333,5-35-38-5 = 1.0,5-54-51-44-4 = 0.056,5-54-44-43-4 = 0.056,5-56-55-32-5 = 1.0,5-18-54-13-14-5 = 0.556,5-18-25-58-44-4 = 0.056,5-18-25-58-13-5 = 0.056,5-25-9-58-46-4 = 0.833,5-51-46-43-4 = 0.111,5-34-51-44-43-4 = 0.667,4-28-15-4 = 1.0,4-17-57-4 = 1.0,5-25-58-49-37-7 = 0.056,4-45-20-40-23-8 = 0.944,4-41-50-16-5 = 1.0,8-27-53-8 = 1.0,5-9-51-44-43-4 = 0.167,,,,,,,,,,,,,,,,,
45,43,741.03,0,5.312,0,Prune by CG,,4-22-4 = 1.0,8-33-8 = 0.056,8-39-8 = 0.056,5-42-5 = 1.0,7-36-26-7 = 0.5,7-21-52-29-5 = 0.5,7-48-24-30-7 = 1.0,7-31-21-26-36-7 = 0.5,8-33-39-8 = 0.944,8-12-47-11-8 = 1.0,8-10-49-19-37-7 = 1.0,7-31-52-29-14-5 = 0.5,5-18-54-46-4 = 0.056,5-18-54-34-13-4 = 0.056,5-35-38-5 = 1.0,5-54-51-44-4 = 0.667,5-56-55-32-5 = 1.0,5-18-54-43-4 = 0.056,5-18-54-9-44-4 = 0.167,5-18-25-58-13-5 = 0.167,5-18-25-9-58-14-5 = 0.5,5-25-9-58-46-4 = 0.056,5-34-51-44-43-4 = 0.167,5-34-13-46-43-4 = 0.611,5-34-13-51-43-4 = 0.167,4-28-15-4 = 1.0,4-17-57-4 = 1.0,4-45-20-40-23-8 = 1.0,4-41-50-16-5 = 1.0,8-27-53-8 = 1.0,5-25-9-58-46-5 = 0.278,,,,,,,,,,,,,,,,,,,
46,43,735.968,4.5,0.251,0.278,47,48,4-22-4 = 1.0,8-33-8 = 0.107,8-39-8 = 0.107,5-42-5 = 1.0,7-36-26-7 = 0.429,7-31-52-29-19-8 = 0.107,7-21-52-29-5 = 0.429,7-48-24-30-7 = 1.0,7-52-29-46-4 = 0.143,7-31-21-26-36-7 = 0.571,8-33-39-8 = 0.893,8-12-47-11-8 = 1.0,8-10-49-19-37-7 = 0.893,7-31-52-29-14-5 = 0.321,8-45-20-40-23-8 = 0.214,5-18-54-34-13-5 = 0.286,5-35-38-5 = 1.0,5-56-55-32-5 = 1.0,5-18-54-13-14-5 = 0.679,5-18-25-58-44-4 = 0.036,5-25-9-58-46-4 = 0.714,5-51-46-43-4 = 0.107,5-34-51-44-43-4 = 0.714,4-28-15-4 = 1.0,4-17-57-4 = 1.0,5-25-58-49-37-7 = 0.107,4-45-20-40-23-8 = 0.786,4-41-50-16-5 = 1.0,8-27-53-8 = 1.0,4-25-9-10-58-5 = 0.107,5-9-51-44-43-4 = 0.179,5-25-58-44-13-5 = 0.036,5-54-44-46-5 = 0.036,,,,,,,,,,,,,,,,,
47,46,739.807,0,3.839,0,Prune by CG,,4-22-4 = 1.0,5-42-5 = 1.0,7-48-24-30-7 = 1.0,7-21-26-36-7 = 1.0,8-33-39-8 = 1.0,8-12-47-11-8 = 1.0,8-10-49-19-37-7 = 1.0,7-31-52-29-14-5 = 1.0,5-18-54-34-13-5 = 1.0,5-35-38-5 = 1.0,5-56-55-32-5 = 1.0,5-25-9-58-44-4 = 1.0,5-51-46-43-4 = 1.0,4-28-15-4 = 1.0,4-17-57-4 = 1.0,4-45-20-40-23-8 = 1.0,4-41-50-16-5 = 1.0,8-27-53-8 = 1.0,,,,,,,,,,,,,,,,,,,,,,,,,,,,,,,,
48,46,735.999,4.722,0.03,0.222,49,50,4-22-4 = 1.0,8-33-8 = 0.139,8-39-8 = 0.139,5-42-5 = 1.0,7-36-26-7 = 0.389,7-31-52-29-19-8 = 0.167,7-21-52-29-5 = 0.389,7-48-24-30-7 = 1.0,7-52-29-46-4 = 0.222,8-12-46-13-5 = 0.056,7-31-21-26-36-7 = 0.611,8-33-39-8 = 0.861,8-12-47-11-8 = 0.944,8-10-49-19-37-7 = 0.778,7-31-52-29-14-5 = 0.222,8-45-20-40-23-8 = 0.278,5-35-56-38-5 = 0.028,5-18-54-55-5 = 0.028,5-18-54-32-5 = 0.028,5-18-54-34-13-5 = 0.167,5-35-38-5 = 0.972,5-56-55-32-5 = 0.972,5-18-54-13-14-5 = 0.778,5-25-9-58-46-4 = 0.667,5-34-51-44-43-4 = 0.833,8-49-10-46-47-8 = 0.056,4-28-15-4 = 1.0,4-17-57-4 = 1.0,5-25-58-49-37-7 = 0.167,4-45-20-40-23-8 = 0.722,4-41-50-16-5 = 1.0,8-27-53-8 = 1.0,8-11-19-37-7 = 0.056,4-25-9-10-58-5 = 0.167,5-9-51-44-43-4 = 0.167,,,,,,,,,,,,,,,
49,48,739.006,0,3.007,0,Prune by CG,,4-22-4 = 1.0,8-33-8 = 0.045,8-39-8 = 0.273,5-42-5 = 1.0,7-36-26-7 = 0.182,7-31-52-29-19-8 = 0.727,7-48-37-7 = 0.091,7-24-30-7 = 0.091,7-21-52-29-5 = 0.091,7-48-24-30-7 = 0.909,7-21-26-36-7 = 0.727,8-12-46-13-5 = 0.182,7-31-21-26-36-7 = 0.091,8-33-23-39-8 = 0.227,8-33-39-8 = 0.5,8-33-40-11-8 = 0.227,8-12-47-11-8 = 0.545,8-12-9-46-4 = 0.273,8-10-49-19-37-7 = 0.182,8-45-20-11-8 = 0.227,7-31-52-29-14-5 = 0.182,8-45-20-40-23-8 = 0.773,5-35-56-21-7 = 0.091,5-18-54-55-5 = 0.091,5-18-54-32-5 = 0.091,5-38-50-16-5 = 0.045,5-38-41-57-4 = 0.045,5-35-38-5 = 0.909,5-56-55-32-5 = 0.909,5-18-54-13-14-5 = 0.818,5-34-51-44-43-4 = 1.0,8-49-10-46-47-8 = 0.182,4-28-15-4 = 0.955,4-17-57-4 = 0.955,4-17-15-28-4 = 0.045,5-25-58-49-37-7 = 0.636,8-9-46-19-37-7 = 0.091,4-41-50-16-5 = 0.955,8-27-53-8 = 1.0,8-9-10-46-47-8 = 0.273,4-25-9-10-58-5 = 0.364,,,,,,,,,
50,48,736.008,4.667,0.009,-0.056,51,52,4-22-4 = 1.0,8-33-8 = 0.167,8-39-8 = 0.167,5-42-5 = 1.0,7-36-26-7 = 0.333,7-31-52-29-19-8 = 0.167,7-21-52-29-5 = 0.333,7-48-24-30-7 = 1.0,7-52-29-46-4 = 0.333,7-31-21-26-36-7 = 0.667,8-33-39-8 = 0.833,8-12-47-11-8 = 1.0,8-10-49-19-37-7 = 0.833,7-31-52-29-14-5 = 0.167,8-45-20-40-23-8 = 0.333,5-18-54-34-13-5 = 0.167,5-35-38-5 = 1.0,5-56-55-32-5 = 1.0,5-18-54-13-14-5 = 0.833,5-25-9-58-46-4 = 0.5,5-34-51-44-43-4 = 0.833,4-28-15-4 = 1.0,4-17-57-4 = 1.0,5-25-58-49-37-7 = 0.167,4-45-20-40-23-8 = 0.667,4-41-50-16-5 = 1.0,8-27-53-8 = 1.0,5-25-9-58-46-5 = 0.167,4-25-9-10-58-5 = 0.167,5-9-51-44-43-4 = 0.167,,,,,,,,,,,,,,,,,,,,
51,50,738.466,0,2.458,0,Prune by CG,,4-22-4 = 1.0,8-33-8 = 0.167,8-39-8 = 0.167,5-42-5 = 1.0,7-36-26-7 = 0.333,7-31-52-29-19-8 = 0.167,7-21-52-29-5 = 0.333,7-48-24-30-7 = 1.0,7-52-29-46-4 = 0.333,7-31-21-26-36-7 = 0.667,8-33-39-8 = 0.833,8-12-47-11-8 = 1.0,8-10-49-19-37-7 = 0.833,7-31-52-29-14-5 = 0.167,8-45-20-40-23-8 = 0.333,5-41-50-16-5 = 0.5,5-35-38-5 = 1.0,5-56-55-32-5 = 1.0,5-18-54-13-14-5 = 0.833,5-18-25-58-13-5 = 0.167,5-34-51-44-43-4 = 1.0,4-28-15-4 = 1.0,4-17-57-4 = 1.0,5-54-9-49-37-7 = 0.167,4-45-20-40-23-8 = 0.667,4-41-50-16-5 = 0.5,8-27-53-8 = 1.0,5-25-9-58-46-5 = 0.667,4-25-9-10-58-5 = 0.167,,,,,,,,,,,,,,,,,,,,,
52,50,736.096,5,0.087,0.333,53,54,4-22-4 = 1.0,5-42-5 = 1.0,7-36-26-7 = 0.5,7-21-52-29-5 = 0.5,7-48-24-30-7 = 1.0,7-31-21-26-36-7 = 0.5,8-33-39-8 = 1.0,8-12-47-11-8 = 1.0,8-10-49-19-37-7 = 1.0,7-31-52-29-14-5 = 0.5,5-18-54-34-13-5 = 0.5,5-35-38-5 = 1.0,5-25-58-46-4 = 0.5,5-56-55-32-5 = 1.0,5-18-54-13-14-5 = 0.5,5-25-9-58-46-4 = 0.5,5-34-51-44-43-4 = 0.5,4-28-15-4 = 1.0,4-17-57-4 = 1.0,4-45-20-40-23-8 = 1.0,4-41-50-16-5 = 1.0,8-27-53-8 = 1.0,5-9-51-44-43-4 = 0.5,,,,,,,,,,,,,,,,,,,,,,,,,,,
53,52,737.346,0,1.25,-5,Integer,,4-22-4 = 1.0,5-42-5 = 1.0,7-48-24-30-7 = 1.0,7-21-26-36-7 = 1.0,8-33-39-8 = 1.0,8-12-47-11-8 = 1.0,8-10-49-19-37-7 = 1.0,7-31-52-29-14-5 = 1.0,5-18-54-34-13-5 = 1.0,5-35-38-5 = 1.0,5-25-58-46-4 = 1.0,5-56-55-32-5 = 1.0,4-28-15-4 = 1.0,4-17-57-4 = 1.0,4-45-20-40-23-8 = 1.0,4-41-50-16-5 = 1.0,8-27-53-8 = 1.0,5-9-51-44-43-4 = 1.0,,,,,,,,,,,,,,,,,,,,,,,,,,,,,,,,
54,52,736.62,3,0.524,-2,55,56,4-22-4 = 1.0,5-42-5 = 1.0,7-36-26-7 = 0.5,7-21-52-29-5 = 0.5,7-48-24-30-7 = 1.0,7-31-21-26-36-7 = 0.5,8-33-39-8 = 1.0,8-12-47-11-8 = 1.0,8-10-49-19-37-7 = 1.0,7-31-52-29-14-5 = 0.5,5-35-38-5 = 1.0,5-56-55-32-5 = 1.0,5-18-54-13-14-5 = 0.5,5-25-9-58-46-4 = 1.0,5-34-51-44-43-4 = 1.0,4-28-15-4 = 1.0,4-17-57-4 = 1.0,4-45-20-40-23-8 = 1.0,4-41-50-16-5 = 1.0,8-27-53-8 = 1.0,5-18-54-13-5 = 0.5,,,,,,,,,,,,,,,,,,,,,,,,,,,,,
55,54,738.394,0,1.774,0,Prune by CG,,4-22-4 = 1.0,5-42-5 = 1.0,7-48-24-30-7 = 1.0,7-21-26-36-7 = 1.0,8-33-39-8 = 1.0,8-12-47-11-8 = 1.0,8-10-49-19-37-7 = 1.0,7-31-52-29-14-5 = 1.0,5-35-38-5 = 1.0,5-56-55-32-5 = 1.0,5-25-9-58-46-4 = 1.0,5-34-51-44-43-4 = 1.0,4-28-15-4 = 1.0,4-17-57-4 = 1.0,4-45-20-40-23-8 = 1.0,4-41-50-16-5 = 1.0,8-27-53-8 = 1.0,5-18-54-13-5 = 1.0,,,,,,,,,,,,,,,,,,,,,,,,,,,,,,,,
56,54,736.704,2,0.085,-1,57,58,4-22-4 = 1.0,5-42-5 = 1.0,7-36-26-7 = 0.5,7-31-52-29-5 = 0.5,7-21-52-29-5 = 0.5,7-48-24-30-7 = 1.0,7-31-21-26-36-7 = 0.5,8-33-39-8 = 1.0,8-12-47-11-8 = 1.0,8-10-49-19-37-7 = 1.0,5-35-38-5 = 1.0,5-56-55-32-5 = 1.0,5-18-54-13-14-5 = 1.0,5-25-9-58-46-4 = 1.0,5-34-51-44-43-4 = 1.0,4-28-15-4 = 1.0,4-17-57-4 = 1.0,4-45-20-40-23-8 = 1.0,4-41-50-16-5 = 1.0,8-27-53-8 = 1.0,,,,,,,,,,,,,,,,,,,,,,,,,,,,,,
57,56,738.563,0,1.859,0,Prune by CG,,4-22-4 = 1.0,5-42-5 = 1.0,7-31-52-29-5 = 1.0,7-48-24-30-7 = 1.0,7-21-26-36-7 = 1.0,8-33-39-8 = 1.0,8-12-47-11-8 = 1.0,8-10-49-19-37-7 = 1.0,5-35-38-5 = 1.0,5-56-55-32-5 = 1.0,5-18-54-13-14-5 = 1.0,5-25-9-58-46-4 = 1.0,5-34-51-44-43-4 = 1.0,4-28-15-4 = 1.0,4-17-57-4 = 1.0,4-45-20-40-23-8 = 1.0,4-41-50-16-5 = 1.0,8-27-53-8 = 1.0,,,,,,,,,,,,,,,,,,,,,,,,,,,,,,,,
58,56,737.686,0,0.981,0,Prune by CG,,4-22-4 = 1.0,5-42-5 = 1.0,7-36-26-7 = 0.4,7-31-52-29-19-8 = 0.4,7-48-37-7 = 0.2,7-24-30-7 = 0.2,7-21-52-29-5 = 0.4,7-48-24-30-7 = 0.8,7-52-29-46-5 = 0.2,7-31-21-26-36-7 = 0.6,8-33-39-8 = 1.0,8-12-47-11-8 = 1.0,8-10-49-19-37-7 = 0.6,8-45-20-40-23-8 = 0.6,5-35-38-5 = 1.0,5-56-55-32-5 = 1.0,5-18-54-13-14-5 = 1.0,5-25-9-58-46-4 = 0.6,5-34-51-44-43-4 = 1.0,4-28-15-4 = 1.0,4-17-57-4 = 1.0,4-45-20-40-23-8 = 0.4,4-41-50-16-5 = 1.0,4-25-9-58-46-4 = 0.2,4-25-58-10-49-7 = 0.2,8-27-53-8 = 1.0,8-9-10-49-37-7 = 0.2,,,,,,,,,,,,,,,,,,,,,,,
5,4,730.873,6.962,0.981,-1.633,59,60,4-22-4 = 1.0,5-42-5 = 1.0,7-31-52-29-19-8 = 0.5,7-31-52-37-7 = 0.192,7-48-24-30-7 = 1.0,7-21-26-36-7 = 0.692,7-52-29-37-7 = 0.308,7-31-21-26-36-7 = 0.308,8-33-23-39-8 = 0.154,8-33-39-8 = 0.846,8-12-47-11-8 = 1.0,8-40-44-51-43-4 = 0.154,8-10-49-19-37-7 = 0.192,5-35-56-14-5 = 0.462,5-18-54-34-13-5 = 0.962,5-32-55-14-5 = 0.462,5-38-50-16-5 = 0.019,5-38-41-57-4 = 0.019,5-35-38-5 = 0.538,5-25-51-43-4 = 0.192,5-56-55-32-5 = 0.538,5-18-54-34-14-5 = 0.038,5-25-9-51-44-4 = 0.423,5-25-9-44-43-4 = 0.269,8-49-10-58-46-4 = 0.654,4-28-15-4 = 0.981,4-17-57-4 = 0.981,4-17-15-28-4 = 0.019,5-25-49-19-37-7 = 0.115,4-45-20-44-43-4 = 0.154,4-51-46-43-4 = 0.231,4-45-20-40-23-8 = 0.846,4-41-50-16-5 = 0.981,5-42-38-5 = 0.423,8-9-58-10-46-4 = 0.115,8-27-53-8 = 1.0,8-49-10-58-13-14-5 = 0.038,8-9-58-29-19-37-7 = 0.192,,,,,,,,,,,,
21,19,733.575,7.95,0.832,0.617,61,62,4-22-4 = 1.0,5-38-5 = 0.3,5-42-5 = 1.0,7-36-26-7 = 0.133,7-31-52-29-19-7 = 0.383,7-31-52-29-19-8 = 0.117,7-31-52-37-7 = 0.25,7-48-24-30-7 = 1.0,7-21-54-14-5 = 0.133,7-21-26-36-7 = 0.867,7-52-29-37-7 = 0.25,8-33-23-39-8 = 0.175,8-33-39-8 = 0.825,8-12-44-43-4 = 0.025,8-12-47-11-8 = 0.758,8-10-51-43-4 = 0.133,8-40-44-51-43-4 = 0.175,7-31-29-19-37-7 = 0.25,5-35-56-14-5 = 0.3,5-18-54-34-13-5 = 0.733,5-32-55-14-5 = 0.3,5-35-38-5 = 0.7,5-25-58-51-47-4 = 0.025,5-56-55-32-5 = 0.7,5-18-54-14-5 = 0.133,5-25-58-10-49-4 = 0.067,5-18-25-9-58-14-5 = 0.133,5-25-9-58-46-4 = 0.642,5-34-13-51-43-4 = 0.267,8-49-10-51-44-4 = 0.4,5-25-58-49-46-4 = 0.133,8-49-10-44-43-4 = 0.4,4-15-28-4 = 0.65,4-15-57-4 = 0.175,4-17-57-4 = 0.825,4-17-15-28-4 = 0.175,4-45-20-28-4 = 0.175,4-45-20-40-23-8 = 0.825,4-41-50-16-5 = 1.0,4-12-47-11-8 = 0.217,4-9-46-19-37-7 = 0.225,8-27-53-8 = 1.0,8-11-19-37-7 = 0.025,,,,,,,
61,21,733.606,8.5,0.031,0.55,63,64,4-22-4 = 1.0,5-38-5 = 0.5,5-42-5 = 1.0,7-31-52-29-19-7 = 0.25,7-31-52-29-19-8 = 0.25,7-31-52-37-7 = 0.25,7-48-24-30-7 = 1.0,7-21-26-36-7 = 1.0,7-52-29-37-7 = 0.25,8-33-23-39-8 = 0.25,8-33-39-8 = 0.75,8-12-47-11-8 = 0.75,8-10-51-43-4 = 0.25,8-40-44-51-43-4 = 0.25,7-31-29-19-37-7 = 0.25,5-35-56-14-5 = 0.5,5-18-54-34-13-5 = 1.0,5-32-55-14-5 = 0.5,5-35-38-5 = 0.5,5-56-55-32-5 = 0.5,5-25-58-10-49-4 = 0.25,5-25-9-58-46-4 = 0.75,8-49-10-51-44-4 = 0.25,8-49-10-44-43-4 = 0.25,8-49-51-44-43-4 = 0.25,4-15-28-4 = 0.5,4-15-57-4 = 0.25,4-17-57-4 = 0.75,4-17-15-28-4 = 0.25,4-45-20-28-4 = 0.25,4-45-20-40-23-8 = 0.75,4-41-50-16-5 = 1.0,4-12-47-11-8 = 0.25,4-9-46-19-37-7 = 0.25,8-27-53-8 = 1.0,,,,,,,,,,,,,,,
11,10,731.915,8.63,0.802,1.323,65,66,4-22-4 = 1.0,8-33-8 = 0.343,8-39-8 = 0.611,5-42-5 = 1.0,7-31-52-29-19-8 = 0.5,7-48-24-30-7 = 1.0,7-21-26-36-7 = 0.5,8-40-28-15-4 = 0.12,7-52-29-37-7 = 0.5,7-31-21-26-36-7 = 0.5,8-33-23-39-8 = 0.389,8-33-40-11-8 = 0.269,8-12-44-28-4 = 0.194,8-12-47-11-8 = 0.731,8-12-9-10-49-4 = 0.074,8-45-20-40-23-8 = 0.083,5-18-54-34-13-5 = 0.333,5-35-38-5 = 1.0,5-56-55-32-5 = 1.0,5-18-54-13-14-5 = 0.134,5-54-34-13-14-5 = 0.532,5-25-9-10-58-4 = 0.139,5-18-25-9-58-14-5 = 0.333,5-18-58-49-19-37-7 = 0.199,5-25-9-51-44-4 = 0.032,5-25-9-58-15-4 = 0.194,5-34-58-10-46-4 = 0.134,8-49-10-46-47-4 = 0.269,8-49-10-51-44-4 = 0.37,4-28-15-4 = 0.685,4-17-57-4 = 1.0,5-25-9-19-37-7 = 0.213,5-25-49-19-37-7 = 0.088,4-45-20-44-43-4 = 0.389,4-51-46-43-4 = 0.597,4-45-20-40-23-8 = 0.528,4-41-50-16-5 = 1.0,8-27-53-8 = 1.0,4-9-10-44-43-4 = 0.014,,,,,,,,,,,
66,11,732.197,8.375,0.282,-0.255,67,68,4-22-4 = 1.0,8-33-8 = 0.438,8-39-8 = 0.562,5-42-5 = 1.0,7-31-52-29-19-8 = 0.406,7-48-24-30-7 = 1.0,7-21-26-36-7 = 0.406,8-40-28-15-4 = 0.312,7-52-29-37-7 = 0.594,7-31-21-26-36-7 = 0.594,8-33-23-39-8 = 0.438,8-33-40-11-8 = 0.125,8-12-44-15-4 = 0.031,8-12-44-28-4 = 0.031,8-12-47-11-8 = 0.875,8-45-20-40-23-8 = 0.188,5-18-54-34-13-5 = 0.344,5-35-38-5 = 1.0,5-54-9-58-49-19-8 = 0.125,5-56-55-32-5 = 1.0,5-18-54-13-14-5 = 0.219,5-54-34-13-14-5 = 0.312,5-25-58-10-49-4 = 0.063,5-18-25-9-49-19-8 = 0.094,5-18-25-9-58-14-5 = 0.344,5-34-58-10-46-4 = 0.344,8-49-10-46-47-4 = 0.125,8-49-10-51-44-4 = 0.469,4-28-15-4 = 0.656,4-17-57-4 = 1.0,4-12-44-43-4 = 0.031,5-25-9-19-37-7 = 0.281,5-25-49-19-37-7 = 0.094,4-45-20-44-43-4 = 0.438,4-51-46-43-4 = 0.531,5-25-9-58-13-14-5 = 0.125,4-45-20-40-23-8 = 0.375,4-41-50-16-5 = 1.0,8-27-53-8 = 1.0,8-12-9-49-37-7 = 0.031,,,,,,,,,,
68,66,732.501,8.839,0.304,0.464,69,70,4-22-4 = 1.0,8-33-8 = 0.355,8-39-8 = 0.556,5-42-5 = 1.0,7-31-52-29-19-8 = 0.605,7-48-24-30-7 = 1.0,7-21-26-36-7 = 0.605,8-40-28-15-4 = 0.242,7-52-29-37-7 = 0.395,7-31-21-26-36-7 = 0.395,8-33-23-39-8 = 0.444,8-33-40-11-8 = 0.202,8-12-47-11-8 = 0.798,8-45-20-40-23-8 = 0.073,5-41-50-16-5 = 0.242,5-18-54-34-13-5 = 0.484,5-35-38-5 = 1.0,5-54-58-49-37-7 = 0.065,5-56-55-32-5 = 1.0,5-18-54-13-14-5 = 0.089,5-54-34-13-14-5 = 0.218,5-18-25-9-58-14-5 = 0.339,5-18-58-49-19-37-7 = 0.089,5-34-58-10-46-4 = 0.298,8-49-10-46-47-4 = 0.202,8-49-10-51-44-4 = 0.5,4-28-15-4 = 0.758,4-17-57-4 = 1.0,4-12-44-43-4 = 0.056,5-25-9-19-37-7 = 0.306,4-45-20-44-43-4 = 0.444,4-51-46-43-4 = 0.5,5-25-9-58-13-14-5 = 0.21,5-25-54-14-5 = 0.145,4-45-20-40-23-8 = 0.484,4-41-50-16-5 = 0.758,8-27-53-8 = 1.0,8-12-9-49-37-7 = 0.145,,,,,,,,,,,,
69,68,732.936,8.364,0.434,-0.475,71,72,4-22-4 = 1.0,8-33-8 = 0.273,8-39-8 = 0.545,5-42-5 = 1.0,7-31-52-29-19-8 = 0.636,7-31-52-37-7 = 0.227,7-48-24-30-7 = 1.0,7-21-26-36-7 = 0.864,8-40-28-15-4 = 0.182,7-52-29-37-7 = 0.136,7-31-21-26-36-7 = 0.136,8-33-23-39-8 = 0.455,8-33-40-11-8 = 0.273,8-12-47-11-8 = 0.727,5-41-50-16-5 = 0.364,5-18-54-34-13-5 = 0.545,5-35-38-5 = 1.0,5-56-55-32-5 = 1.0,5-18-54-13-14-5 = 0.136,5-54-34-13-14-5 = 0.045,5-18-25-9-58-14-5 = 0.318,5-34-58-10-46-4 = 0.227,8-49-10-46-47-4 = 0.273,8-49-10-51-44-4 = 0.5,4-28-15-4 = 0.818,4-17-57-4 = 1.0,5-34-58-29-19-37-7 = 0.182,4-12-44-43-4 = 0.045,5-25-9-19-37-7 = 0.182,4-45-20-44-43-4 = 0.455,4-51-46-43-4 = 0.5,5-54-29-37-7 = 0.045,5-25-9-58-13-14-5 = 0.273,5-25-54-14-5 = 0.227,4-45-20-40-23-8 = 0.545,4-41-50-16-5 = 0.636,8-27-53-8 = 1.0,8-12-9-49-37-7 = 0.227,,,,,,,,,,,,
72,69,738.014,0,5.078,0,Prune by CG,,4-22-4 = 1.0,8-33-8 = 0.233,8-39-8 = 0.488,5-42-5 = 1.0,7-31-52-29-19-8 = 0.453,7-31-52-37-7 = 0.547,7-48-24-30-7 = 1.0,7-21-26-36-7 = 1.0,8-33-23-39-8 = 0.477,8-33-39-8 = 0.035,8-33-40-11-8 = 0.256,8-12-44-28-4 = 0.116,8-12-47-11-8 = 0.663,8-12-9-34-13-14-5 = 0.221,5-18-54-34-13-4 = 0.256,5-35-38-5 = 1.0,5-56-55-32-5 = 1.0,5-18-25-9-58-14-5 = 0.36,5-34-58-10-46-4 = 0.221,8-49-10-46-47-4 = 0.337,8-49-10-51-44-4 = 0.442,4-28-15-4 = 0.802,4-17-57-4 = 1.0,4-45-20-28-4 = 0.081,4-45-20-44-43-4 = 0.395,4-51-46-43-4 = 0.442,5-54-29-37-7 = 0.267,5-25-9-58-13-14-5 = 0.419,5-18-54-29-19-8 = 0.279,5-54-34-15-4 = 0.198,8-40-49-19-11-8 = 0.081,4-45-20-40-23-8 = 0.523,4-41-50-16-5 = 1.0,4-44-43-19-37-7 = 0.047,4-25-51-43-4 = 0.116,8-27-53-8 = 1.0,8-40-49-19-37-7 = 0.14,5-18-25-34-13-5 = 0.105,,,,,,,,,,,,
71,69,732.96,8.423,0.024,0.059,73,74,4-22-4 = 1.0,8-33-8 = 0.192,8-39-8 = 0.577,5-42-5 = 1.0,7-31-52-29-19-8 = 0.615,7-31-52-37-7 = 0.173,7-48-24-30-7 = 1.0,7-31-52-54-5 = 0.019,7-21-26-36-7 = 0.808,8-40-28-15-4 = 0.115,7-52-29-37-7 = 0.192,7-31-21-26-36-7 = 0.192,8-33-23-39-8 = 0.365,8-33-39-8 = 0.058,8-33-40-11-8 = 0.25,8-12-47-11-8 = 0.75,5-41-50-16-5 = 0.385,5-18-54-34-13-5 = 0.538,5-35-38-5 = 1.0,5-56-55-32-5 = 1.0,5-18-54-13-14-5 = 0.173,5-54-34-13-14-5 = 0.019,5-18-25-9-58-14-5 = 0.288,5-34-58-10-46-4 = 0.25,8-49-10-46-47-4 = 0.25,8-49-10-51-44-4 = 0.5,4-28-15-4 = 0.885,4-17-57-4 = 1.0,5-34-58-29-19-37-7 = 0.192,5-25-9-19-37-7 = 0.192,4-45-20-44-43-4 = 0.5,4-51-46-43-4 = 0.5,5-25-9-58-13-14-5 = 0.269,5-25-54-14-5 = 0.25,4-45-20-40-23-8 = 0.5,4-41-50-16-5 = 0.615,8-27-53-8 = 1.0,8-33-40-23-8 = 0.135,8-12-9-49-37-7 = 0.25,,,,,,,,,,,
59,5,731.243,8,0.37,1.038,75,76,4-22-4 = 1.0,5-38-5 = 0.5,5-42-5 = 1.0,7-31-52-29-19-8 = 0.5,7-48-24-30-7 = 1.0,7-21-26-36-7 = 0.5,7-52-29-37-7 = 0.5,7-31-21-26-36-7 = 0.5,8-33-23-39-8 = 0.25,8-33-39-8 = 0.75,8-12-47-11-8 = 0.75,8-12-9-58-51-4 = 0.25,8-40-44-51-43-4 = 0.25,8-10-49-19-37-7 = 0.25,5-35-56-14-5 = 0.5,5-18-54-34-13-5 = 1.0,5-32-55-14-5 = 0.5,5-35-38-5 = 0.5,5-25-51-43-4 = 0.25,5-56-55-32-5 = 0.5,5-25-9-46-47-4 = 0.25,5-25-9-51-44-4 = 0.25,5-25-9-44-43-4 = 0.25,8-49-10-58-46-4 = 0.75,4-15-28-4 = 1.0,4-17-57-4 = 1.0,4-45-20-40-23-8 = 0.75,4-41-50-16-5 = 1.0,4-45-20-11-8 = 0.25,4-44-43-19-37-7 = 0.25,8-27-53-8 = 1.0,,,,,,,,,,,,,,,,,,,
39,37,734.657,7.444,0.534,1.172,77,78,4-22-4 = 1.0,8-39-8 = 0.056,5-42-5 = 1.0,7-36-26-7 = 0.5,7-31-52-29-19-7 = 0.333,7-31-52-37-7 = 0.167,7-21-52-29-7 = 0.167,7-48-24-30-7 = 1.0,7-21-54-14-5 = 0.333,7-21-26-36-7 = 0.167,7-52-29-37-7 = 0.333,7-31-29-19-11-8 = 0.167,7-31-21-26-36-7 = 0.333,8-33-23-39-8 = 0.056,8-33-39-8 = 0.889,8-33-40-11-8 = 0.056,8-12-47-11-8 = 0.722,8-12-9-10-49-8 = 0.222,8-12-9-34-13-14-5 = 0.056,8-10-49-19-37-7 = 0.5,8-45-20-11-8 = 0.056,8-45-20-40-23-8 = 0.556,5-18-54-34-13-5 = 0.333,5-35-38-5 = 1.0,5-56-55-32-5 = 1.0,5-18-54-13-14-5 = 0.333,5-18-25-58-44-4 = 0.333,5-25-9-58-46-4 = 0.389,5-34-51-44-43-4 = 0.611,8-49-10-46-47-8 = 0.278,4-28-15-4 = 1.0,4-17-57-4 = 1.0,4-51-46-43-4 = 0.333,5-25-9-58-13-14-5 = 0.278,4-45-20-40-23-8 = 0.389,4-41-50-16-5 = 1.0,8-27-53-8 = 1.0,5-9-51-44-43-4 = 0.056,,,,,,,,,,,,
77,39,738.8,0,4.142,0,Prune by CG,,4-22-4 = 1.0,8-33-8 = 0.156,8-39-8 = 0.156,5-42-5 = 1.0,7-36-26-7 = 0.5,7-31-52-37-7 = 0.438,7-21-52-29-7 = 0.5,7-48-24-30-7 = 1.0,7-21-26-36-7 = 0.438,7-31-49-46-43-4 = 0.063,7-52-29-37-7 = 0.062,7-31-29-19-11-8 = 0.438,7-31-21-26-36-7 = 0.062,8-33-39-8 = 0.844,8-12-10-19-8 = 0.062,8-12-47-11-8 = 0.562,8-12-9-34-13-14-5 = 0.375,8-10-49-19-37-7 = 0.5,8-45-20-40-23-8 = 0.562,5-35-56-38-5 = 0.219,5-18-54-55-5 = 0.406,5-18-54-32-5 = 0.406,5-38-50-16-5 = 0.094,5-38-41-57-4 = 0.094,5-35-38-5 = 0.594,5-54-51-44-4 = 0.063,5-25-58-46-4 = 0.188,5-54-44-28-4 = 0.125,5-56-55-32-5 = 0.594,5-18-25-58-44-4 = 0.188,5-34-51-44-43-4 = 0.625,8-49-10-46-47-8 = 0.438,4-15-28-4 = 0.656,4-15-57-4 = 0.125,4-17-57-4 = 0.781,4-17-15-28-4 = 0.219,4-51-46-43-4 = 0.312,5-25-9-58-13-14-5 = 0.625,4-45-20-40-23-8 = 0.438,4-41-50-16-5 = 0.906,5-35-56-42-5 = 0.188,8-27-53-8 = 1.0,,,,,,,,
78,39,735.146,5.852,0.488,-1.593,79,80,4-22-4 = 1.0,8-33-8 = 0.111,8-39-8 = 0.111,5-42-5 = 1.0,7-36-26-7 = 0.259,7-31-52-29-19-7 = 0.185,7-31-52-37-7 = 0.259,7-21-52-29-7 = 0.185,7-48-24-30-7 = 1.0,7-21-54-14-5 = 0.074,7-21-26-36-7 = 0.481,7-31-25-9-58-14-5 = 0.037,7-52-29-37-7 = 0.37,8-12-46-13-5 = 0.074,7-31-29-19-11-8 = 0.259,7-31-21-26-36-7 = 0.259,8-33-39-8 = 0.889,8-12-47-11-8 = 0.741,8-12-9-10-49-8 = 0.185,8-10-49-19-37-7 = 0.37,8-45-20-40-23-8 = 1.0,5-18-54-34-13-5 = 0.204,5-35-38-5 = 1.0,5-56-55-32-5 = 1.0,5-18-54-13-14-5 = 0.685,5-54-34-13-14-5 = 0.037,5-18-25-9-58-14-5 = 0.111,5-25-9-58-46-4 = 0.426,5-34-51-44-43-4 = 0.759,8-49-10-46-47-8 = 0.259,4-15-28-4 = 1.0,4-17-57-4 = 1.0,4-51-46-43-4 = 0.241,5-25-58-44-49-19-8 = 0.185,4-41-50-16-5 = 1.0,8-27-53-8 = 1.0,5-25-9-44-58-14-5 = 0.056,4-25-9-10-58-5 = 0.185,,,,,,,,,,,,
79,78,735.452,6.5,0.307,0.648,81,82,4-22-4 = 1.0,5-42-5 = 1.0,7-36-26-7 = 0.5,7-31-52-29-19-7 = 0.25,7-31-52-37-7 = 0.25,7-21-52-29-7 = 0.25,7-48-24-30-7 = 1.0,7-21-54-14-5 = 0.25,7-21-26-36-7 = 0.25,7-52-29-37-7 = 0.25,7-31-29-19-11-8 = 0.25,7-31-21-26-36-7 = 0.25,8-33-39-8 = 1.0,8-12-47-11-8 = 0.75,8-12-9-10-49-8 = 0.25,8-10-49-19-37-7 = 0.5,8-45-20-40-23-8 = 0.75,5-18-54-34-13-5 = 0.25,5-35-38-5 = 1.0,5-56-55-32-5 = 1.0,5-18-54-13-14-5 = 0.5,5-18-25-58-13-5 = 0.25,5-25-9-58-46-4 = 0.5,5-34-51-44-43-4 = 0.75,8-49-10-46-47-8 = 0.25,4-15-28-4 = 1.0,4-17-57-4 = 1.0,4-51-46-43-4 = 0.25,4-45-20-40-23-8 = 0.25,4-41-50-16-5 = 1.0,8-27-53-8 = 1.0,5-25-9-44-58-14-5 = 0.25,,,,,,,,,,,,,,,,,,
82,79,739.525,0,4.073,0,Prune by CG,,4-22-4 = 1.0,5-42-5 = 1.0,7-36-26-7 = 1.0,7-21-52-29-7 = 1.0,7-48-24-30-7 = 1.0,7-31-55-32-5 = 0.25,7-31-9-46-43-4 = 0.5,7-31-9-51-46-4 = 0.25,8-33-39-8 = 1.0,8-12-47-11-8 = 1.0,8-10-49-19-37-7 = 1.0,5-35-56-38-5 = 0.25,5-35-38-5 = 0.75,5-56-55-32-5 = 0.75,5-18-54-13-14-5 = 0.25,5-18-25-58-44-4 = 0.75,5-54-34-13-14-5 = 0.75,5-25-9-58-51-4 = 0.25,5-34-51-44-43-4 = 0.25,4-15-28-4 = 1.0,4-17-57-4 = 1.0,4-51-46-43-4 = 0.25,4-45-20-40-23-8 = 1.0,4-41-50-16-5 = 1.0,8-27-53-8 = 1.0,,,,,,,,,,,,,,,,,,,,,,,,,
31,30,732.688,9.567,1.411,0.359,83,84,4-22-4 = 1.0,8-33-8 = 0.157,5-38-5 = 0.403,8-39-8 = 0.627,5-42-5 = 1.0,7-31-52-29-19-8 = 0.5,7-48-24-30-7 = 1.0,7-21-26-36-7 = 0.5,7-52-29-37-7 = 0.5,7-31-21-26-36-7 = 0.5,8-33-23-11-8 = 0.246,8-33-23-39-8 = 0.373,8-33-40-11-8 = 0.224,8-12-47-11-8 = 0.53,8-12-9-10-49-8 = 0.015,8-40-44-51-43-4 = 0.396,8-10-49-19-37-7 = 0.5,5-35-56-14-5 = 0.403,5-18-54-34-13-5 = 0.866,5-32-55-14-5 = 0.403,5-35-38-5 = 0.597,5-56-55-32-5 = 0.597,5-18-54-13-14-5 = 0.075,5-54-34-13-14-5 = 0.06,5-18-25-9-58-14-5 = 0.06,5-25-9-58-15-4 = 0.925,5-34-51-44-15-4 = 0.075,8-49-10-46-47-8 = 0.47,4-17-57-4 = 1.0,4-12-44-28-4 = 0.455,4-45-20-28-4 = 0.545,4-45-20-44-43-4 = 0.075,4-51-46-43-4 = 0.53,4-45-20-40-23-8 = 0.381,4-41-50-16-5 = 1.0,4-25-58-10-49-8 = 0.015,8-27-53-8 = 1.0,,,,,,,,,,,,,
63,61,734.037,8.767,0.431,0.267,85,86,4-22-4 = 1.0,5-38-5 = 0.488,5-42-5 = 1.0,7-37-19-11-8 = 0.047,7-31-52-29-19-7 = 0.395,7-31-52-37-7 = 0.302,7-48-24-30-7 = 1.0,7-21-26-36-7 = 1.0,7-52-29-37-7 = 0.302,8-33-23-39-8 = 0.256,8-33-39-8 = 0.744,8-12-44-43-4 = 0.047,8-12-47-11-8 = 0.326,8-10-51-43-4 = 0.256,8-40-44-51-43-4 = 0.256,7-31-29-19-37-7 = 0.302,8-51-46-43-4 = 0.116,5-35-56-14-5 = 0.488,5-35-56-38-5 = 0.023,5-18-54-34-13-5 = 1.0,5-32-55-14-5 = 0.512,5-35-38-5 = 0.488,5-56-55-32-5 = 0.488,5-25-9-58-46-4 = 0.744,5-25-9-58-49-19-4 = 0.209,8-49-10-46-47-4 = 0.047,8-49-10-51-44-4 = 0.372,5-25-58-49-46-4 = 0.047,8-49-10-44-43-4 = 0.326,4-15-28-4 = 0.488,4-15-57-4 = 0.256,4-17-57-4 = 0.744,4-17-15-28-4 = 0.256,4-45-20-28-4 = 0.256,4-45-20-40-23-8 = 0.744,4-41-50-16-5 = 1.0,4-12-47-11-8 = 0.628,4-9-46-19-37-7 = 0.047,8-27-53-8 = 1.0,,,,,,,,,,,
86,63,734.618,7.333,0.581,-1.434,87,88,4-22-4 = 1.0,5-38-5 = 0.333,5-42-5 = 1.0,7-31-52-29-19-7 = 0.333,7-31-52-37-7 = 0.333,7-48-24-30-7 = 1.0,7-21-26-36-7 = 1.0,7-52-29-37-7 = 0.333,8-33-23-39-8 = 0.333,8-33-39-8 = 0.667,8-12-44-43-4 = 0.333,8-10-51-43-4 = 0.333,8-40-44-51-43-4 = 0.333,7-31-29-19-37-7 = 0.333,5-35-56-14-5 = 0.333,5-35-56-38-5 = 0.333,5-18-54-34-13-5 = 1.0,5-32-55-14-5 = 0.667,5-35-38-5 = 0.333,5-56-55-32-5 = 0.333,5-25-9-58-46-4 = 0.667,5-25-9-58-49-19-4 = 0.333,8-49-10-46-47-4 = 0.333,8-49-10-51-44-4 = 0.333,4-28-15-4 = 1.0,4-17-57-4 = 1.0,4-45-20-40-23-8 = 0.667,4-41-50-16-5 = 1.0,4-12-47-11-8 = 0.667,4-45-20-11-8 = 0.333,8-27-53-8 = 1.0,,,,,,,,,,,,,,,,,,,
87,86,737.476,0,2.858,0,Prune by CG,,4-22-4 = 1.0,5-38-5 = 0.252,5-42-5 = 1.0,7-36-26-7 = 0.448,7-31-52-37-7 = 0.448,7-21-52-29-7 = 0.224,7-48-24-30-7 = 1.0,7-21-54-34-14-5 = 0.112,7-21-9-46-13-5 = 0.112,7-52-29-37-7 = 0.329,7-31-21-26-36-7 = 0.552,8-33-23-39-8 = 0.343,8-33-39-8 = 0.657,8-12-44-43-4 = 0.315,8-12-47-11-8 = 0.434,8-12-9-43-14-5 = 0.028,8-10-51-43-4 = 0.245,8-40-44-51-43-4 = 0.343,8-51-46-43-4 = 0.07,5-35-56-14-5 = 0.252,5-35-56-38-5 = 0.315,5-18-54-34-13-5 = 0.888,5-32-55-14-5 = 0.566,5-35-38-5 = 0.434,5-56-55-32-5 = 0.434,5-18-25-9-58-14-5 = 0.042,5-25-9-58-46-4 = 0.252,5-25-9-58-49-19-4 = 0.259,5-18-9-10-49-19-4 = 0.07,8-49-10-46-47-4 = 0.343,8-49-10-51-44-4 = 0.329,4-28-15-4 = 1.0,4-17-57-4 = 1.0,5-9-46-19-37-7 = 0.224,4-9-10-51-44-4 = 0.014,5-25-58-29-19-8 = 0.448,4-45-20-40-23-8 = 0.657,4-41-50-16-5 = 1.0,4-12-47-11-8 = 0.224,4-45-20-11-8 = 0.343,8-27-53-8 = 1.0,,,,,,,,,
25,23,731.511,9.938,1.074,0.625,89,90,4-22-4 = 1.0,8-33-8 = 0.5,5-38-5 = 0.062,8-39-8 = 0.5,5-42-5 = 1.0,7-31-52-29-19-8 = 0.5,7-48-24-30-7 = 1.0,7-21-26-36-7 = 0.5,7-52-29-37-7 = 0.5,7-31-21-26-36-7 = 0.5,8-33-23-39-8 = 0.5,8-12-47-11-8 = 1.0,8-40-44-51-43-4 = 0.5,8-45-20-40-23-8 = 0.125,5-35-56-14-5 = 0.25,5-18-54-34-13-5 = 0.562,5-32-55-14-5 = 0.25,5-38-50-16-5 = 0.094,5-38-41-57-4 = 0.094,5-35-38-5 = 0.75,5-25-58-10-49-8 = 0.312,5-56-55-32-5 = 0.75,5-18-54-13-14-5 = 0.188,5-54-34-13-14-5 = 0.25,5-25-9-10-58-5 = 0.625,5-25-9-58-46-4 = 0.063,5-34-51-44-15-4 = 0.188,8-49-51-44-15-4 = 0.188,4-15-28-4 = 0.531,4-17-57-4 = 0.906,4-17-15-28-4 = 0.094,5-18-9-46-43-4 = 0.25,8-49-46-19-37-7 = 0.5,4-45-20-28-4 = 0.375,4-45-20-44-43-4 = 0.125,4-51-46-43-4 = 0.125,4-45-20-40-23-8 = 0.375,4-41-50-16-5 = 0.906,8-27-53-8 = 1.0,5-9-10-46-14-5 = 0.062,,,,,,,,,,
15,13,733.652,7.184,1.931,0.934,91,92,4-22-4 = 1.0,8-33-8 = 0.276,8-39-8 = 0.276,5-42-5 = 1.0,7-31-52-29-19-8 = 0.5,7-31-52-37-7 = 0.368,7-48-24-30-7 = 1.0,7-21-26-36-7 = 0.868,7-52-29-37-7 = 0.132,7-31-21-26-36-7 = 0.132,8-33-23-39-8 = 0.263,8-33-39-8 = 0.461,8-12-47-11-8 = 0.737,8-40-44-51-43-4 = 0.263,8-12-9-34-13-14-5 = 0.237,5-35-38-5 = 1.0,5-25-51-43-4 = 0.158,5-56-55-32-5 = 1.0,5-18-54-13-14-5 = 0.566,5-18-25-54-5 = 0.237,5-18-25-9-51-4 = 0.197,5-54-34-13-14-5 = 0.197,5-25-9-58-46-4 = 0.316,5-34-58-10-46-4 = 0.197,8-49-10-46-47-4 = 0.263,8-49-10-51-44-4 = 0.158,8-49-10-44-43-4 = 0.382,8-49-51-44-43-4 = 0.197,4-28-15-4 = 1.0,4-17-57-4 = 1.0,5-34-58-29-19-37-7 = 0.368,4-12-9-58-51-4 = 0.026,4-45-20-40-23-8 = 0.737,4-41-50-16-5 = 1.0,4-45-20-11-8 = 0.263,4-9-46-19-37-7 = 0.132,8-27-53-8 = 1.0,5-25-9-58-46-5 = 0.092,,,,,,,,,,,,
92,15,733.788,7,0.136,-0.184,93,94,4-22-4 = 1.0,8-33-8 = 0.25,8-39-8 = 0.25,5-42-5 = 1.0,7-31-52-29-19-8 = 0.5,7-31-52-37-7 = 0.5,7-48-24-30-7 = 1.0,7-21-26-36-7 = 1.0,8-33-23-39-8 = 0.25,8-33-39-8 = 0.5,8-12-47-11-8 = 0.75,8-40-44-51-43-4 = 0.25,8-51-46-43-4 = 0.25,5-35-38-5 = 1.0,5-56-55-32-5 = 1.0,5-18-54-13-14-5 = 0.5,5-18-25-54-5 = 0.25,5-18-25-9-51-4 = 0.25,5-54-34-13-14-5 = 0.25,5-25-9-58-46-4 = 0.5,8-49-10-46-47-4 = 0.25,8-49-10-51-44-4 = 0.25,8-49-10-44-43-4 = 0.5,4-28-15-4 = 1.0,4-17-57-4 = 1.0,5-34-58-29-19-37-7 = 0.5,4-45-20-40-23-8 = 0.75,4-41-50-16-5 = 1.0,4-45-20-11-8 = 0.25,8-27-53-8 = 1.0,4-12-9-34-13-14-5 = 0.25,,,,,,,,,,,,,,,,,,,
38,36,733.341,10,0.455,1.426,95,96,4-22-4 = 1.0,8-33-8 = 0.375,5-38-5 = 0.25,8-39-8 = 0.375,5-42-5 = 1.0,7-31-52-29-19-8 = 0.5,7-48-24-30-7 = 1.0,7-21-26-36-7 = 0.5,7-52-29-37-7 = 0.5,7-31-21-26-36-7 = 0.5,8-33-23-39-8 = 0.625,8-12-47-11-8 = 0.625,8-12-9-10-49-8 = 0.375,8-40-44-51-43-4 = 0.625,8-10-49-19-37-7 = 0.5,8-45-20-44-43-5 = 0.125,5-35-56-14-5 = 0.5,5-18-54-34-13-5 = 1.0,5-32-55-14-5 = 0.5,5-38-50-16-5 = 0.125,5-38-41-57-4 = 0.125,5-35-38-5 = 0.5,5-25-58-46-4 = 0.125,5-25-58-51-47-4 = 0.25,5-56-55-32-5 = 0.5,5-25-9-58-46-4 = 0.625,8-49-10-46-47-8 = 0.125,4-28-15-4 = 0.75,4-17-57-4 = 0.875,4-17-15-28-4 = 0.125,4-51-46-43-4 = 0.125,4-45-20-40-23-8 = 0.375,4-41-50-16-5 = 0.875,4-45-20-11-8 = 0.375,8-27-53-8 = 1.0,4-45-20-44-43-5 = 0.125,4-44-28-15-4 = 0.125,,,,,,,,,,,,,
96,38,739.56,0,6.219,0,Prune by CG,,4-22-4 = 1.0,8-33-8 = 0.083,5-38-5 = 0.5,8-39-8 = 0.167,5-42-5 = 1.0,7-31-52-29-19-8 = 0.667,7-48-24-30-7 = 1.0,7-21-26-36-7 = 0.667,7-52-29-37-7 = 0.333,7-31-21-26-36-7 = 0.333,8-33-23-11-8 = 0.083,8-33-23-39-8 = 0.833,8-12-47-11-8 = 0.667,8-40-44-51-43-4 = 0.667,8-10-49-19-37-7 = 0.333,5-41-50-16-5 = 0.667,5-35-56-14-5 = 0.5,5-18-54-34-13-5 = 1.0,5-32-55-14-5 = 0.5,5-35-38-5 = 0.5,5-25-58-51-4 = 0.333,5-56-55-32-5 = 0.5,5-25-9-58-46-4 = 0.667,8-49-10-46-47-8 = 0.333,4-15-28-4 = 1.0,4-17-57-4 = 1.0,4-20-40-11-8 = 0.25,4-41-50-16-5 = 0.333,4-45-12-49-37-7 = 0.333,4-20-40-23-8 = 0.083,8-27-53-8 = 1.0,4-45-20-44-43-5 = 0.333,4-45-20-9-10-5 = 0.333,,,,,,,,,,,,,,,,,
75,59,732.513,7.111,1.27,-0.889,97,98,4-22-4 = 1.0,5-38-5 = 0.472,8-39-8 = 0.028,5-42-5 = 1.0,7-31-52-29-19-8 = 0.5,7-48-24-30-7 = 1.0,7-21-26-36-7 = 0.5,7-52-29-37-7 = 0.5,7-31-21-26-36-7 = 0.5,8-33-23-39-8 = 0.028,8-33-39-8 = 0.944,8-33-40-11-8 = 0.028,8-12-44-28-4 = 0.028,8-12-47-11-8 = 0.972,8-10-49-19-37-7 = 0.139,5-35-56-14-5 = 0.472,5-35-56-38-5 = 0.056,5-18-54-34-13-5 = 1.0,5-32-55-14-5 = 0.528,5-35-38-5 = 0.472,5-25-51-43-4 = 0.444,5-56-55-32-5 = 0.472,5-25-9-44-43-4 = 0.556,8-49-10-46-47-4 = 0.028,8-49-10-51-44-4 = 0.167,8-49-10-58-46-4 = 0.667,4-15-28-4 = 0.806,4-17-57-4 = 1.0,4-45-20-28-4 = 0.028,8-9-46-19-37-7 = 0.111,4-45-20-40-23-8 = 0.972,4-41-50-16-5 = 1.0,8-27-53-8 = 1.0,4-44-51-19-37-7 = 0.25,8-9-58-46-15-4 = 0.194,8-9-58-51-28-4 = 0.139,,,,,,,,,,,,,,
98,75,732.659,7.375,0.146,0.264,99,100,4-22-4 = 1.0,5-38-5 = 0.438,8-39-8 = 0.125,5-42-5 = 1.0,7-31-52-29-19-8 = 0.5,7-48-24-30-7 = 1.0,7-21-26-36-7 = 0.5,7-52-29-37-7 = 0.5,7-31-21-26-36-7 = 0.5,8-33-23-39-8 = 0.125,8-33-39-8 = 0.75,8-33-40-11-8 = 0.125,8-12-47-11-8 = 0.875,8-12-9-58-51-4 = 0.125,8-10-49-19-37-7 = 0.062,5-35-56-14-5 = 0.438,5-35-56-38-5 = 0.125,5-18-54-34-13-5 = 1.0,5-32-55-14-5 = 0.562,5-35-38-5 = 0.438,5-25-51-43-4 = 0.375,5-56-55-32-5 = 0.438,5-25-9-44-43-4 = 0.625,8-49-10-46-47-4 = 0.125,8-49-10-51-44-4 = 0.062,8-49-10-58-46-4 = 0.75,4-15-28-4 = 0.875,4-17-57-4 = 1.0,4-45-20-28-4 = 0.125,8-9-46-19-37-7 = 0.125,4-45-20-40-23-8 = 0.875,4-41-50-16-5 = 1.0,8-27-53-8 = 1.0,4-44-51-19-37-7 = 0.312,8-9-58-51-15-4 = 0.125,,,,,,,,,,,,,,,
83,31,735.629,4.6,2.942,-4.967,101,102,4-22-4 = 1.0,8-39-8 = 0.8,5-42-5 = 1.0,7-31-52-29-19-8 = 0.6,7-48-24-30-7 = 1.0,7-21-26-36-7 = 1.0,8-33-23-39-8 = 0.2,8-12-47-11-8 = 1.0,8-40-44-51-43-4 = 0.2,8-10-49-19-37-7 = 0.4,7-31-52-29-14-5 = 0.4,5-18-54-34-13-5 = 0.4,5-35-38-5 = 1.0,5-56-55-32-5 = 1.0,5-18-54-13-14-5 = 0.4,5-18-54-34-14-5 = 0.2,5-25-9-58-46-4 = 0.2,5-25-9-58-15-4 = 0.8,5-34-51-44-15-4 = 0.2,5-34-13-46-43-4 = 0.2,4-17-57-4 = 1.0,4-45-20-28-4 = 1.0,4-51-46-43-4 = 0.6,4-41-50-16-5 = 1.0,8-27-53-8 = 1.0,4-44-10-49-37-7 = 0.6,8-33-40-23-8 = 0.8,,,,,,,,,,,,,,,,,,,,,,,
102,83,737.73,0,2.1,0,Prune by CG,,4-22-4 = 1.0,8-33-8 = 0.13,8-39-8 = 0.478,5-42-5 = 1.0,7-36-26-7 = 0.696,7-31-52-29-19-8 = 0.348,7-21-52-29-7 = 0.391,7-48-24-30-7 = 1.0,7-21-54-34-14-5 = 0.304,7-31-52-54-5 = 0.13,7-31-9-46-43-4 = 0.087,7-52-29-37-7 = 0.13,7-31-21-26-36-7 = 0.304,7-31-9-10-49-29-7 = 0.13,8-33-23-39-8 = 0.217,8-33-39-8 = 0.304,8-33-40-11-8 = 0.087,8-12-44-28-4 = 0.261,8-12-47-11-8 = 0.739,8-40-44-51-43-4 = 0.13,8-10-49-19-37-7 = 0.652,5-35-38-5 = 1.0,5-56-55-32-5 = 1.0,5-18-54-13-14-5 = 0.565,5-18-25-58-13-5 = 0.217,5-18-34-46-43-4 = 0.217,5-25-9-58-46-4 = 0.13,5-25-9-58-15-4 = 0.522,5-34-51-44-15-4 = 0.391,5-13-15-28-4 = 0.087,5-34-46-47-43-4 = 0.087,4-17-57-4 = 1.0,4-45-20-28-4 = 0.478,4-51-46-43-4 = 0.478,5-25-9-58-13-14-5 = 0.13,4-45-20-40-23-8 = 0.522,4-41-50-16-5 = 1.0,4-28-47-11-8 = 0.174,8-27-53-8 = 1.0,4-44-10-49-37-7 = 0.217,8-33-40-23-8 = 0.261,,,,,,,,,
62,21,735.773,5.35,2.198,-2.6,103,104,4-22-4 = 1.0,8-33-8 = 0.05,8-39-8 = 0.05,5-42-5 = 1.0,7-36-26-7 = 0.35,7-31-52-29-19-7 = 0.525,7-31-52-37-7 = 0.175,7-48-24-30-7 = 1.0,7-21-54-14-5 = 0.35,7-31-52-54-5 = 0.125,7-21-26-36-7 = 0.65,7-31-49-46-43-4 = 0.05,7-52-29-37-7 = 0.175,8-33-39-8 = 0.95,8-12-44-15-4 = 0.05,8-12-44-28-4 = 0.05,8-12-47-11-8 = 0.9,7-31-29-19-37-7 = 0.125,5-18-54-34-13-5 = 0.35,5-35-38-5 = 1.0,5-56-55-32-5 = 1.0,5-25-58-10-49-4 = 0.15,5-18-25-9-58-14-5 = 0.65,5-25-9-58-46-4 = 0.2,5-51-46-43-4 = 0.1,5-34-13-46-43-4 = 0.45,5-34-13-51-43-4 = 0.2,8-49-10-46-47-4 = 0.1,8-49-10-51-44-4 = 0.7,4-15-28-4 = 0.95,4-17-57-4 = 1.0,5-9-10-44-43-4 = 0.05,5-54-29-37-7 = 0.175,4-45-20-40-23-8 = 1.0,4-41-50-16-5 = 1.0,4-9-46-19-37-7 = 0.1,8-27-53-8 = 1.0,8-11-19-37-7 = 0.1,5-44-43-19-37-7 = 0.15,,,,,,,,,,,
104,62,738.581,0,2.809,0,Prune by CG,,4-22-4 = 1.0,8-33-8 = 0.167,8-39-8 = 0.167,5-42-5 = 1.0,7-31-52-29-19-7 = 0.167,7-31-52-29-19-8 = 0.333,7-31-52-37-7 = 0.167,7-48-24-30-7 = 1.0,7-21-26-36-7 = 0.833,7-52-29-37-7 = 0.333,7-31-21-26-36-7 = 0.167,8-33-39-8 = 0.833,8-12-47-11-8 = 1.0,7-31-29-19-37-7 = 0.167,8-45-20-40-23-8 = 0.333,5-18-54-34-13-5 = 0.667,5-35-38-5 = 1.0,5-56-55-32-5 = 1.0,5-18-25-58-14-5 = 0.333,5-25-9-58-46-4 = 0.667,8-49-10-51-44-4 = 1.0,4-15-28-4 = 1.0,4-17-57-4 = 1.0,4-45-20-40-23-8 = 0.667,4-41-50-16-5 = 1.0,5-34-13-46-43-5 = 0.333,8-27-53-8 = 1.0,5-54-9-43-14-5 = 0.333,5-14-43-19-37-7 = 0.333,,,,,,,,,,,,,,,,,,,,,
103,62,735.856,5.2,0.083,-0.15,105,106,4-22-4 = 1.0,8-33-8 = 0.05,8-39-8 = 0.05,5-42-5 = 1.0,7-36-26-7 = 0.3,7-31-52-29-19-7 = 0.5,7-31-52-37-7 = 0.2,7-48-24-30-7 = 1.0,7-21-54-14-5 = 0.3,7-31-52-54-5 = 0.1,7-21-26-36-7 = 0.7,7-52-29-37-7 = 0.2,8-33-39-8 = 0.95,8-12-44-15-4 = 0.05,8-12-44-28-4 = 0.05,8-12-47-11-8 = 0.9,7-31-29-19-37-7 = 0.2,5-18-54-34-13-5 = 0.3,5-35-38-5 = 1.0,5-54-44-43-4 = 0.2,5-56-55-32-5 = 1.0,5-25-58-10-49-4 = 0.2,5-18-25-9-58-14-5 = 0.7,5-25-9-58-46-4 = 0.1,5-51-46-43-4 = 0.1,5-34-13-46-43-4 = 0.5,5-34-13-51-43-4 = 0.2,8-49-10-46-47-4 = 0.1,8-49-10-51-44-4 = 0.7,4-15-28-4 = 0.95,4-17-57-4 = 1.0,5-54-29-37-7 = 0.1,4-45-20-40-23-8 = 1.0,4-41-50-16-5 = 1.0,4-9-46-19-37-7 = 0.2,8-27-53-8 = 1.0,8-11-19-37-7 = 0.1,,,,,,,,,,,,,
105,103,742.057,0,6.201,0,Prune by CG,,4-22-4 = 1.0,5-42-5 = 1.0,7-36-26-7 = 0.5,7-31-52-29-19-7 = 0.5,7-21-52-34-14-5 = 0.5,7-48-24-30-7 = 1.0,7-21-26-36-7 = 0.5,7-31-9-46-43-4 = 0.5,8-33-39-8 = 1.0,8-12-47-11-8 = 1.0,5-35-38-5 = 1.0,5-56-55-32-5 = 1.0,5-18-25-58-13-5 = 0.5,5-18-25-9-58-14-5 = 0.5,5-34-13-46-43-4 = 0.5,8-49-10-51-44-4 = 1.0,4-28-15-4 = 1.0,4-17-57-4 = 1.0,5-54-29-37-7 = 0.5,4-45-20-40-23-8 = 1.0,4-41-50-16-5 = 1.0,8-27-53-8 = 1.0,5-54-19-37-7 = 0.5,,,,,,,,,,,,,,,,,,,,,,,,,,,
106,103,735.963,4.583,0.107,-0.617,107,108,4-22-4 = 1.0,8-33-8 = 0.063,8-39-8 = 0.063,5-42-5 = 1.0,7-36-26-7 = 0.167,7-31-52-29-19-7 = 0.313,7-31-52-37-7 = 0.146,7-48-24-30-7 = 1.0,7-21-54-14-5 = 0.167,7-31-52-54-5 = 0.25,7-21-26-36-7 = 0.813,7-52-29-37-7 = 0.292,7-31-21-26-36-7 = 0.021,8-33-39-8 = 0.937,8-12-44-15-4 = 0.042,8-12-44-28-4 = 0.042,8-12-47-11-8 = 0.917,7-31-29-19-37-7 = 0.271,5-18-54-34-13-5 = 0.167,5-35-38-5 = 1.0,5-54-44-43-4 = 0.083,5-56-55-32-5 = 1.0,5-18-54-14-5 = 0.25,5-25-58-10-49-4 = 0.167,5-18-25-9-58-14-5 = 0.583,5-25-9-58-46-4 = 0.125,5-34-13-46-43-4 = 0.667,5-34-13-51-43-4 = 0.167,8-49-10-51-44-4 = 0.833,4-28-15-4 = 0.958,4-17-57-4 = 1.0,5-54-9-47-43-4 = 0.083,4-45-20-40-23-8 = 1.0,4-41-50-16-5 = 1.0,4-9-46-19-37-7 = 0.208,8-27-53-8 = 1.0,8-11-19-37-7 = 0.083,5-25-58-29-19-7 = 0.125,,,,,,,,,,,,
107,106,738.49,0,2.527,0,Prune by CG,,4-22-4 = 1.0,5-38-5 = 0.103,5-42-5 = 1.0,7-36-26-7 = 0.784,7-31-52-29-19-7 = 0.181,7-48-24-30-7 = 1.0,7-21-54-34-14-5 = 0.147,7-21-54-14-5 = 0.319,7-31-52-54-5 = 0.534,7-21-26-36-7 = 0.216,7-52-29-37-7 = 0.284,8-33-39-8 = 1.0,8-12-44-28-4 = 0.095,8-12-47-11-8 = 0.905,7-31-29-19-37-7 = 0.284,5-35-56-21-7 = 0.319,5-32-55-14-5 = 0.147,5-38-50-16-5 = 0.108,5-38-41-57-4 = 0.108,5-35-38-5 = 0.681,5-56-55-32-5 = 0.681,5-18-25-58-13-5 = 0.147,5-25-58-10-49-4 = 0.043,5-18-55-32-5 = 0.172,5-18-25-58-29-7 = 0.25,5-18-25-58-49-47-4 = 0.043,5-18-25-9-58-14-5 = 0.388,5-25-9-58-15-4 = 0.026,5-25-9-58-49-19-4 = 0.103,5-34-13-46-43-4 = 0.612,5-34-13-51-43-4 = 0.241,8-49-10-46-47-4 = 0.052,8-49-10-51-44-4 = 0.759,4-15-28-4 = 0.728,4-15-57-4 = 0.069,4-17-57-4 = 0.823,4-17-15-28-4 = 0.177,5-9-10-44-43-4 = 0.147,4-45-20-40-23-8 = 1.0,4-41-50-16-5 = 0.892,4-9-46-19-37-7 = 0.336,8-27-53-8 = 1.0,8-11-19-37-7 = 0.095,,,,,,,
29,27,734.728,5.333,3.474,-4.042,109,110,4-22-4 = 1.0,8-33-8 = 0.333,8-39-8 = 0.333,5-42-5 = 1.0,7-31-52-29-19-8 = 0.667,7-48-24-30-7 = 1.0,7-21-26-36-7 = 0.667,7-52-29-37-7 = 0.333,7-31-21-26-36-7 = 0.333,8-33-23-39-8 = 0.333,8-33-39-8 = 0.333,8-12-47-11-8 = 1.0,8-40-44-51-43-4 = 0.333,5-41-50-16-5 = 1.0,5-18-54-34-13-5 = 1.0,5-35-38-5 = 1.0,5-56-55-32-5 = 1.0,5-25-9-58-51-4 = 0.667,4-15-28-4 = 1.0,4-17-57-4 = 1.0,5-25-58-49-37-7 = 0.333,4-45-20-44-43-4 = 0.333,4-45-20-40-23-8 = 0.667,4-44-43-19-37-7 = 0.333,8-49-10-46-14-5 = 0.667,8-27-53-8 = 1.0,8-9-10-46-14-5 = 0.333,,,,,,,,,,,,,,,,,,,,,,,
95,38,733.609,10.2,0.268,0.2,111,112,4-22-4 = 1.0,8-33-8 = 0.45,5-38-5 = 0.1,8-39-8 = 0.45,5-42-5 = 1.0,7-31-52-29-19-8 = 0.5,7-48-24-30-7 = 1.0,7-21-26-36-7 = 0.5,7-52-29-37-7 = 0.5,7-31-21-26-36-7 = 0.5,8-33-23-39-8 = 0.55,8-12-47-11-8 = 0.65,8-12-9-10-49-8 = 0.35,8-40-44-51-43-4 = 0.55,8-10-49-19-37-7 = 0.5,8-45-20-11-8 = 0.25,8-45-20-44-43-8 = 0.2,5-35-56-14-5 = 0.3,5-18-54-34-13-5 = 0.8,5-32-55-14-5 = 0.3,5-38-50-16-5 = 0.1,5-38-41-57-4 = 0.1,5-35-38-5 = 0.7,5-25-58-46-4 = 0.15,5-25-58-51-47-4 = 0.2,5-56-55-32-5 = 0.7,5-54-34-13-14-5 = 0.2,5-18-25-9-58-14-5 = 0.2,5-25-9-58-46-4 = 0.45,8-49-10-46-47-8 = 0.15,4-15-28-4 = 0.65,4-17-57-4 = 0.9,4-17-15-28-4 = 0.1,4-51-46-43-4 = 0.25,4-45-20-40-23-8 = 0.45,4-41-50-16-5 = 0.9,4-45-20-11-8 = 0.1,8-27-53-8 = 1.0,4-44-28-15-4 = 0.25,,,,,,,,,,,
111,95,741.341,0,7.732,0,Prune by CG,,4-22-4 = 1.0,8-39-8 = 0.714,5-42-5 = 1.0,7-31-52-29-19-8 = 0.286,7-48-24-30-7 = 1.0,7-21-26-36-7 = 0.714,8-40-28-15-4 = 0.429,7-52-29-37-7 = 0.286,7-31-21-26-36-7 = 0.286,8-33-23-11-8 = 0.143,8-33-23-39-8 = 0.286,8-12-47-11-8 = 0.857,8-12-9-10-49-8 = 0.143,8-10-49-19-37-7 = 0.714,8-45-20-44-43-8 = 0.143,7-31-52-29-14-5 = 0.429,5-18-54-34-13-5 = 0.429,5-35-38-5 = 1.0,5-25-58-51-4 = 0.143,5-56-55-32-5 = 1.0,5-18-54-13-14-5 = 0.143,5-18-54-14-5 = 0.286,5-18-54-34-14-5 = 0.143,5-25-9-58-46-4 = 0.429,5-25-9-58-51-4 = 0.429,5-34-13-51-46-4 = 0.429,8-49-10-46-47-8 = 0.143,4-15-28-4 = 0.571,4-17-57-4 = 1.0,4-41-50-16-5 = 1.0,8-27-53-8 = 1.0,8-33-40-23-8 = 0.571,4-45-20-44-43-8 = 0.857,,,,,,,,,,,,,,,,,
22,19,734.101,8.333,1.358,1,113,114,4-22-4 = 1.0,8-33-8 = 0.333,5-38-5 = 0.167,8-39-8 = 0.333,5-42-5 = 1.0,7-31-52-29-19-8 = 0.5,7-31-52-37-7 = 0.5,7-48-24-30-7 = 1.0,7-21-26-36-7 = 1.0,8-33-23-39-8 = 0.333,8-33-39-8 = 0.333,8-12-47-11-8 = 1.0,8-40-44-51-43-4 = 0.167,8-40-49-46-43-4 = 0.167,5-35-56-14-5 = 0.167,5-18-54-34-13-5 = 0.667,5-32-55-14-5 = 0.167,5-35-38-5 = 0.833,5-25-51-43-4 = 0.333,5-56-55-32-5 = 0.833,5-18-54-58-13-5 = 0.333,5-25-9-46-14-5 = 0.667,8-49-10-51-44-4 = 0.5,8-49-10-44-43-4 = 0.333,4-15-28-4 = 0.333,4-15-57-4 = 0.333,4-17-57-4 = 0.667,4-17-15-28-4 = 0.333,5-34-58-29-19-37-7 = 0.333,4-45-20-28-4 = 0.333,4-45-20-40-23-8 = 0.667,4-41-50-16-5 = 1.0,8-27-53-8 = 1.0,5-9-58-10-46-4 = 0.167,5-9-58-29-19-37-7 = 0.167,,,,,,,,,,,,,,,
114,22,735.129,5.9,1.028,-2.433,115,116,4-22-4 = 1.0,5-38-5 = 0.25,5-42-5 = 1.0,7-31-52-29-19-7 = 0.2,7-31-52-29-19-8 = 0.1,7-31-52-37-7 = 0.2,7-48-24-30-7 = 1.0,7-21-26-36-7 = 1.0,7-31-49-46-43-4 = 0.2,7-52-29-37-7 = 0.2,8-33-39-8 = 1.0,8-12-47-11-8 = 0.95,8-12-9-10-49-4 = 0.05,7-31-52-29-14-5 = 0.3,5-35-56-14-5 = 0.25,5-18-54-34-13-5 = 0.5,5-32-55-14-5 = 0.25,5-35-38-5 = 0.75,5-25-51-43-4 = 0.4,5-56-55-32-5 = 0.75,5-18-54-58-13-5 = 0.5,5-25-9-46-14-5 = 0.2,5-25-9-44-43-4 = 0.4,5-34-58-10-46-4 = 0.2,5-34-58-10-49-19-4 = 0.1,8-49-10-46-47-4 = 0.05,8-49-10-51-44-4 = 0.6,4-28-15-4 = 1.0,4-17-57-4 = 1.0,5-34-58-29-19-37-7 = 0.2,8-9-46-19-37-7 = 0.35,4-45-20-40-23-8 = 1.0,4-41-50-16-5 = 1.0,8-27-53-8 = 1.0,8-11-19-37-7 = 0.05,,,,,,,,,,,,,,,
116,114,740.121,0,4.991,0,Prune by CG,,4-22-4 = 1.0,8-33-8 = 0.167,5-38-5 = 0.167,8-39-8 = 0.167,5-42-5 = 1.0,7-31-52-29-19-8 = 0.333,7-48-24-30-7 = 1.0,7-21-26-36-7 = 0.333,8-40-11-37-7 = 0.167,7-52-29-37-7 = 0.667,8-12-46-19-8 = 0.333,7-31-21-26-36-7 = 0.667,8-33-39-8 = 0.833,8-12-47-11-8 = 0.667,5-35-56-14-5 = 0.167,5-18-54-34-13-5 = 0.333,5-32-55-14-5 = 0.167,5-35-38-5 = 0.833,5-25-51-43-4 = 0.167,5-56-55-32-5 = 0.833,5-18-54-58-13-5 = 0.333,5-18-54-58-14-5 = 0.333,5-25-9-44-43-4 = 0.5,5-34-13-51-43-4 = 0.333,5-34-58-10-49-19-4 = 0.333,8-49-10-46-47-4 = 0.333,8-49-10-51-44-4 = 0.333,4-28-15-4 = 0.833,4-17-57-4 = 1.0,4-45-20-28-4 = 0.167,4-45-20-40-23-8 = 0.833,4-41-50-16-5 = 1.0,8-27-53-8 = 1.0,8-9-51-44-15-4 = 0.167,8-23-11-37-7 = 0.167,4-25-9-46-14-5 = 0.333,,,,,,,,,,,,,,
115,114,735.573,6.087,0.443,0.187,117,118,4-22-4 = 1.0,5-38-5 = 0.228,5-42-5 = 1.0,7-21-55-14-5 = 0.033,7-36-26-7 = 0.087,7-31-52-29-19-7 = 0.348,7-31-52-37-7 = 0.13,7-21-32-14-5 = 0.033,7-48-24-30-7 = 1.0,7-21-54-34-14-5 = 0.022,7-21-26-36-7 = 0.913,7-52-49-47-43-4 = 0.043,7-31-49-46-43-4 = 0.261,7-52-29-37-7 = 0.217,8-33-39-8 = 1.0,8-12-47-11-8 = 0.957,8-12-9-10-49-4 = 0.043,7-31-52-29-14-5 = 0.261,5-35-56-14-5 = 0.228,5-35-56-38-5 = 0.054,5-18-54-34-13-5 = 0.478,5-32-55-14-5 = 0.25,5-35-38-5 = 0.717,5-25-51-43-4 = 0.326,5-56-55-32-5 = 0.717,5-18-54-58-13-5 = 0.5,5-25-9-46-14-5 = 0.174,5-25-9-44-43-4 = 0.348,5-34-13-51-43-4 = 0.022,5-34-58-10-46-4 = 0.304,8-49-10-51-44-4 = 0.652,4-28-15-4 = 1.0,4-17-57-4 = 1.0,5-34-58-29-19-37-7 = 0.174,5-25-9-19-37-7 = 0.152,8-9-46-19-37-7 = 0.261,4-45-20-40-23-8 = 1.0,4-41-50-16-5 = 1.0,8-27-53-8 = 1.0,8-11-19-37-7 = 0.043,5-18-9-58-19-37-7 = 0.022,,,,,,,,,
118,115,738.689,0,3.116,0,Prune by CG,,4-22-4 = 1.0,8-39-8 = 0.167,5-42-5 = 1.0,7-31-52-29-19-7 = 0.833,7-48-37-7 = 0.833,7-24-30-7 = 0.833,7-48-24-30-7 = 0.167,7-21-26-36-7 = 1.0,7-31-49-46-43-4 = 0.167,7-52-29-37-7 = 0.167,8-33-23-39-8 = 0.167,8-33-39-8 = 0.667,8-33-40-11-8 = 0.167,8-12-47-11-8 = 0.833,5-35-56-38-5 = 0.417,5-18-54-34-13-5 = 0.333,5-32-55-14-5 = 0.417,5-35-38-5 = 0.583,5-25-51-43-4 = 0.167,5-56-55-32-5 = 0.583,5-18-54-58-13-5 = 0.417,5-18-54-58-14-5 = 0.25,5-25-9-46-14-5 = 0.333,5-25-9-44-43-4 = 0.333,5-34-13-46-43-4 = 0.042,5-34-13-51-43-4 = 0.125,5-34-58-46-15-4 = 0.125,5-34-58-10-46-4 = 0.167,5-34-58-51-28-4 = 0.042,8-49-10-46-47-4 = 0.167,8-49-10-51-44-4 = 0.667,4-28-15-4 = 0.875,4-17-57-4 = 1.0,4-45-20-28-4 = 0.083,4-45-20-40-23-8 = 0.833,4-41-50-16-5 = 1.0,8-27-53-8 = 1.0,4-45-12-9-34-13-5 = 0.083,4-20-12-9-34-5 = 0.083,5-25-9-43-19-7 = 0.167,,,,,,,,,,
90,25,732.11,10,0.599,0.063,119,120,4-22-4 = 1.0,8-33-8 = 0.071,5-38-5 = 0.5,8-39-8 = 0.214,5-42-5 = 1.0,7-31-52-29-19-8 = 0.5,7-48-24-30-7 = 1.0,7-21-26-36-7 = 0.5,7-52-29-37-7 = 0.5,7-31-21-26-36-7 = 0.5,8-33-23-39-8 = 0.429,8-33-39-8 = 0.357,8-33-40-11-8 = 0.143,8-12-44-28-4 = 0.143,8-12-47-11-8 = 0.857,8-40-44-51-43-4 = 0.286,8-45-20-40-23-8 = 0.143,5-35-56-14-5 = 0.5,5-18-54-34-13-5 = 1.0,5-32-55-14-5 = 0.5,5-35-38-5 = 0.5,5-56-55-32-5 = 0.5,5-25-9-10-58-5 = 0.5,5-25-9-58-46-4 = 0.5,8-49-46-47-43-4 = 0.143,8-49-51-44-15-4 = 0.357,4-28-15-4 = 0.643,4-17-57-4 = 1.0,4-45-20-28-4 = 0.214,4-45-20-44-43-4 = 0.214,4-51-46-43-4 = 0.357,4-45-20-40-23-8 = 0.429,4-41-50-16-5 = 1.0,5-10-49-19-37-7 = 0.5,8-27-53-8 = 1.0,,,,,,,,,,,,,,,
99,98,733.123,8,0.464,0.625,121,122,4-22-4 = 1.0,5-38-5 = 0.5,5-42-5 = 1.0,7-31-52-29-19-8 = 0.5,7-48-24-30-7 = 1.0,7-21-26-36-7 = 0.5,7-52-29-37-7 = 0.5,7-31-21-26-36-7 = 0.5,8-33-39-8 = 1.0,8-12-47-11-8 = 1.0,8-10-49-19-37-7 = 0.5,5-35-56-14-5 = 0.5,5-18-54-34-13-5 = 1.0,5-32-55-14-5 = 0.5,5-35-38-5 = 0.5,5-25-51-43-4 = 0.5,5-56-55-32-5 = 0.5,5-25-9-44-43-4 = 0.5,8-49-10-58-46-4 = 0.5,4-15-28-4 = 0.5,4-17-57-4 = 1.0,4-44-51-28-4 = 0.5,4-45-20-40-23-8 = 1.0,4-41-50-16-5 = 1.0,8-27-53-8 = 1.0,8-9-58-46-15-4 = 0.5,,,,,,,,,,,,,,,,,,,,,,,,
121,99,733.717,4.364,0.595,-3.636,123,124,4-22-4 = 1.0,8-33-8 = 0.318,8-39-8 = 0.318,5-42-5 = 1.0,7-31-52-29-19-7 = 0.227,7-31-52-29-19-8 = 0.273,7-31-52-37-7 = 0.227,7-48-24-30-7 = 1.0,7-21-26-36-7 = 0.955,7-52-29-37-7 = 0.273,7-31-21-26-36-7 = 0.045,8-33-39-8 = 0.682,8-12-47-11-8 = 0.909,8-12-9-58-51-4 = 0.091,7-31-29-19-37-7 = 0.227,5-35-56-38-5 = 1.0,5-18-54-34-13-5 = 1.0,5-32-55-14-5 = 1.0,5-25-51-43-4 = 0.455,5-25-9-44-43-4 = 0.545,8-49-10-51-44-4 = 0.182,8-49-10-58-46-4 = 0.818,4-15-28-4 = 0.909,4-17-57-4 = 1.0,4-44-51-28-4 = 0.091,4-45-20-40-23-8 = 1.0,4-41-50-16-5 = 1.0,4-9-46-19-37-7 = 0.182,8-27-53-8 = 1.0,8-11-19-37-7 = 0.091,8-9-58-51-44-47-4 = 0.091,4-9-51-44-15-4 = 0.091,,,,,,,,,,,,,,,,,,
124,121,733.814,7,0.097,2.636,125,126,4-22-4 = 1.0,8-33-8 = 0.5,8-39-8 = 0.5,5-42-5 = 1.0,7-31-52-29-19-8 = 0.5,7-48-24-30-7 = 1.0,7-21-26-36-7 = 0.5,7-52-29-37-7 = 0.5,7-31-21-26-36-7 = 0.5,8-33-39-8 = 0.5,8-12-47-11-8 = 1.0,8-10-49-19-37-7 = 0.5,5-35-56-38-5 = 1.0,5-18-54-34-13-5 = 1.0,5-32-55-14-5 = 1.0,5-25-51-43-4 = 0.5,5-25-9-44-43-4 = 0.5,8-49-10-58-46-4 = 0.5,4-28-15-4 = 0.5,4-17-57-4 = 1.0,4-44-51-28-4 = 0.5,4-45-20-40-23-8 = 1.0,4-41-50-16-5 = 1.0,8-27-53-8 = 1.0,8-9-58-46-15-4 = 0.5,,,,,,,,,,,,,,,,,,,,,,,,,
125,124,734.118,5,0.303,-2,127,128,4-22-4 = 1.0,8-33-8 = 0.25,8-39-8 = 0.25,5-42-5 = 1.0,7-36-26-7 = 0.25,7-31-52-29-19-7 = 0.5,7-31-52-37-7 = 0.25,7-48-24-30-7 = 1.0,7-21-26-36-7 = 0.75,7-21-49-19-37-7 = 0.25,7-52-29-37-7 = 0.25,8-33-39-8 = 0.75,8-12-47-11-8 = 1.0,7-31-29-19-37-7 = 0.25,5-35-56-38-5 = 1.0,5-18-54-34-13-5 = 1.0,5-32-55-14-5 = 1.0,5-25-51-43-4 = 0.5,5-25-9-44-43-4 = 0.5,8-49-10-58-46-4 = 0.75,4-28-15-4 = 0.75,4-17-57-4 = 1.0,4-44-51-28-4 = 0.25,4-45-20-40-23-8 = 1.0,4-41-50-16-5 = 1.0,8-9-58-10-46-4 = 0.25,8-27-53-8 = 1.0,4-9-51-44-15-4 = 0.25,,,,,,,,,,,,,,,,,,,,,,
128,125,735.311,5,1.193,0,129,130,4-22-4 = 1.0,5-42-5 = 1.0,7-36-26-7 = 0.25,7-31-52-29-19-7 = 0.75,7-48-37-7 = 0.75,7-24-30-7 = 0.5,7-21-52-29-7 = 0.25,7-30-24-26-36-7 = 0.25,7-48-24-30-7 = 0.25,7-21-26-36-7 = 0.25,7-21-49-19-37-7 = 0.25,7-31-21-26-36-7 = 0.25,8-33-39-8 = 1.0,8-12-47-11-8 = 1.0,5-35-56-38-5 = 1.0,5-18-54-34-13-5 = 1.0,5-32-55-14-5 = 1.0,5-25-51-43-4 = 0.5,5-25-9-44-43-4 = 0.5,8-49-10-58-46-4 = 0.75,4-28-15-4 = 0.75,4-17-57-4 = 1.0,4-44-51-28-4 = 0.25,4-45-20-40-23-8 = 1.0,4-41-50-16-5 = 1.0,8-9-58-10-46-4 = 0.25,8-27-53-8 = 1.0,4-9-51-44-15-4 = 0.25,,,,,,,,,,,,,,,,,,,,,,
129,128,737.91,0,2.6,0,Prune by CG,,4-22-4 = 1.0,5-42-5 = 1.0,7-36-26-7 = 0.25,7-31-52-29-19-7 = 0.75,7-48-37-7 = 0.75,7-24-30-7 = 0.5,7-21-52-29-7 = 0.25,7-30-24-26-36-7 = 0.25,7-48-24-30-7 = 0.25,7-21-26-36-7 = 0.25,7-21-49-19-37-7 = 0.25,7-31-21-26-36-7 = 0.25,8-33-39-8 = 1.0,8-12-47-11-8 = 1.0,5-35-56-38-5 = 1.0,5-18-54-34-13-5 = 1.0,5-32-55-14-5 = 1.0,5-25-9-44-43-4 = 0.5,5-51-44-28-4 = 0.25,8-49-10-58-46-4 = 0.75,4-28-15-4 = 0.75,4-17-57-4 = 1.0,4-45-20-40-23-8 = 1.0,4-41-50-16-5 = 1.0,4-25-51-43-4 = 0.5,8-9-58-10-46-4 = 0.25,8-27-53-8 = 1.0,5-9-51-44-15-4 = 0.25,,,,,,,,,,,,,,,,,,,,,,
122,99,734.157,6.5,1.034,-1.5,131,132,4-22-4 = 1.0,8-33-8 = 0.25,8-39-8 = 0.25,5-42-5 = 1.0,7-31-52-29-19-8 = 0.5,7-48-24-30-7 = 1.0,7-21-26-36-7 = 0.5,7-52-29-37-7 = 0.5,7-31-21-26-36-7 = 0.5,8-33-39-8 = 0.75,8-12-47-11-8 = 0.833,8-12-9-34-13-14-5 = 0.167,8-10-49-19-37-7 = 0.167,5-18-54-34-13-5 = 0.25,5-35-38-5 = 1.0,5-25-51-43-4 = 0.5,5-56-55-32-5 = 1.0,5-18-54-13-14-5 = 0.417,5-54-34-13-14-5 = 0.083,5-18-54-34-14-5 = 0.25,5-25-9-44-43-4 = 0.5,5-34-51-44-15-4 = 0.167,8-49-10-58-46-4 = 0.833,4-15-28-4 = 0.833,4-17-57-4 = 1.0,4-44-51-28-4 = 0.167,4-45-20-40-23-8 = 1.0,4-41-50-16-5 = 1.0,4-9-46-19-37-7 = 0.167,8-27-53-8 = 1.0,8-11-19-37-7 = 0.167,8-9-58-51-44-47-4 = 0.167,5-18-34-13-14-5 = 0.083,,,,,,,,,,,,,,,,,
131,122,743.212,0,9.056,0,Prune by CG,,4-22-4 = 1.0,8-33-8 = 0.25,8-39-8 = 0.3,5-42-5 = 1.0,7-31-52-29-19-8 = 0.3,7-31-52-37-7 = 0.4,7-48-24-30-7 = 1.0,7-21-26-36-7 = 0.7,7-52-29-37-7 = 0.3,7-31-21-26-36-7 = 0.3,8-33-23-39-8 = 0.05,8-33-39-8 = 0.65,8-33-40-11-8 = 0.05,8-12-47-11-8 = 0.4,8-12-9-34-13-14-5 = 0.4,5-41-50-16-5 = 0.2,5-35-38-5 = 1.0,5-25-51-43-4 = 0.6,5-56-55-32-5 = 1.0,5-18-54-13-14-5 = 0.6,5-25-9-44-43-4 = 0.2,8-49-10-46-47-8 = 0.4,8-49-10-58-46-4 = 0.6,4-28-15-4 = 0.8,4-17-57-4 = 1.0,5-18-54-29-19-8 = 0.4,4-45-20-40-23-8 = 0.95,4-41-50-16-5 = 0.8,4-12-47-11-8 = 0.2,4-45-20-11-8 = 0.05,8-27-53-8 = 1.0,8-11-19-37-7 = 0.3,4-44-28-15-4 = 0.2,8-9-34-58-51-44-4 = 0.4,8-25-34-44-43-4 = 0.2,,,,,,,,,,,,,,,
132,122,734.223,6,0.066,-0.5,133,134,4-22-4 = 1.0,8-33-8 = 0.194,8-39-8 = 0.194,5-42-5 = 1.0,7-31-52-29-19-7 = 0.028,7-31-52-29-19-8 = 0.389,7-31-52-37-7 = 0.028,7-48-24-30-7 = 1.0,7-21-26-36-7 = 0.639,7-52-29-37-7 = 0.389,7-31-21-26-36-7 = 0.361,8-33-39-8 = 0.806,8-12-47-11-8 = 0.889,8-12-9-58-51-4 = 0.111,7-31-29-19-37-7 = 0.028,8-10-49-19-37-7 = 0.222,7-31-52-29-14-5 = 0.167,5-18-54-34-13-5 = 0.333,5-35-38-5 = 1.0,5-25-51-43-4 = 0.444,5-56-55-32-5 = 1.0,5-18-54-13-14-5 = 0.333,5-54-34-13-14-5 = 0.167,5-18-54-34-14-5 = 0.167,5-25-9-44-43-4 = 0.556,5-34-51-44-15-4 = 0.167,8-49-10-58-46-4 = 0.778,4-15-28-4 = 0.833,4-17-57-4 = 1.0,8-9-46-19-37-7 = 0.056,4-44-51-28-4 = 0.167,4-45-20-40-23-8 = 1.0,4-41-50-16-5 = 1.0,4-9-46-19-37-7 = 0.167,8-27-53-8 = 1.0,8-11-19-37-7 = 0.111,8-9-58-51-44-47-4 = 0.111,5-18-34-13-14-5 = 0.167,,,,,,,,,,,,
134,132,738.011,0,3.788,0,Prune by CG,,4-22-4 = 1.0,8-33-8 = 0.434,8-39-8 = 0.434,5-42-5 = 1.0,7-31-52-29-19-8 = 0.302,7-31-52-37-7 = 0.113,7-48-24-30-7 = 1.0,7-21-26-36-7 = 0.415,7-52-29-37-7 = 0.585,7-31-21-26-36-7 = 0.585,8-33-23-39-8 = 0.396,8-33-39-8 = 0.17,8-12-47-11-8 = 0.604,8-12-9-58-49-19-4 = 0.189,5-18-54-34-13-5 = 0.264,5-35-38-5 = 1.0,5-25-51-43-4 = 0.736,5-56-55-32-5 = 1.0,5-18-54-13-14-5 = 0.472,5-18-54-34-14-5 = 0.264,5-25-9-44-43-4 = 0.264,5-34-51-44-15-4 = 0.264,8-49-10-46-47-4 = 0.019,8-49-10-58-46-4 = 0.472,4-15-28-4 = 0.604,4-17-57-4 = 1.0,4-45-20-28-4 = 0.396,8-40-49-19-11-8 = 0.019,4-45-20-40-23-8 = 0.604,4-41-50-16-5 = 1.0,8-9-58-10-46-4 = 0.208,8-27-53-8 = 1.0,4-44-10-49-37-7 = 0.302,8-9-58-46-15-4 = 0.132,4-12-9-34-13-14-5 = 0.208,8-40-47-19-11-8 = 0.377,4-44-46-29-19-8 = 0.113,4-44-46-13-14-5 = 0.057,,,,,,,,,,,,
133,132,734.511,5.909,0.288,-0.091,135,136,4-22-4 = 1.0,8-33-8 = 0.099,8-39-8 = 0.099,5-42-5 = 1.0,7-36-26-7 = 0.183,7-31-52-29-19-7 = 0.366,7-31-52-37-7 = 0.183,7-48-24-30-7 = 1.0,7-21-26-36-7 = 0.817,7-21-49-19-37-7 = 0.183,7-52-29-37-7 = 0.183,8-33-39-8 = 0.901,8-12-47-11-8 = 0.849,8-12-9-58-51-4 = 0.118,7-31-29-19-37-7 = 0.183,8-10-49-19-37-7 = 0.129,7-31-52-29-14-5 = 0.269,5-18-54-34-13-5 = 0.384,5-35-38-5 = 1.0,5-25-51-43-4 = 0.441,5-56-55-32-5 = 1.0,5-18-54-13-14-5 = 0.384,5-54-34-13-14-5 = 0.116,5-18-54-34-14-5 = 0.116,5-25-9-44-43-4 = 0.559,5-34-51-44-15-4 = 0.269,8-49-10-58-46-4 = 0.688,4-15-28-4 = 0.731,4-17-57-4 = 1.0,4-44-51-28-4 = 0.161,4-45-20-40-23-8 = 1.0,4-41-50-16-5 = 1.0,4-12-47-11-8 = 0.032,4-28-47-11-8 = 0.108,4-9-46-19-37-7 = 0.129,8-9-58-10-46-4 = 0.183,8-27-53-8 = 1.0,8-11-19-37-7 = 0.011,8-9-58-51-44-47-4 = 0.011,5-18-34-13-14-5 = 0.116,,,,,,,,,,
14,12,733.183,8,1.871,0.556,137,138,4-22-4 = 1.0,8-33-8 = 0.375,8-39-8 = 0.375,5-42-5 = 1.0,7-31-52-29-19-8 = 0.125,7-48-24-30-7 = 1.0,7-21-26-36-7 = 0.5,7-52-29-37-7 = 0.5,7-31-21-26-36-7 = 0.5,8-33-23-39-8 = 0.375,8-33-39-8 = 0.25,8-12-47-11-8 = 0.875,8-10-51-43-4 = 0.25,8-40-44-51-43-4 = 0.375,8-45-20-44-43-4 = 0.25,7-31-52-29-14-5 = 0.375,5-18-54-34-13-5 = 0.5,5-35-38-5 = 1.0,5-56-55-32-5 = 1.0,5-18-54-13-14-5 = 0.5,5-25-9-51-44-4 = 0.375,5-34-58-10-46-4 = 0.5,4-28-15-4 = 1.0,4-17-57-4 = 1.0,5-25-49-19-37-7 = 0.375,8-49-46-19-37-7 = 0.125,8-9-10-46-47-4 = 0.125,5-25-9-58-49-19-8 = 0.25,4-45-20-40-23-8 = 0.625,4-41-50-16-5 = 1.0,4-12-9-58-49-19-8 = 0.125,4-45-20-11-8 = 0.125,4-9-58-10-46-4 = 0.125,8-27-53-8 = 1.0,8-49-46-43-14-5 = 0.125,,,,,,,,,,,,,,,
138,14,733.946,6.444,0.762,-1.556,139,140,4-22-4 = 1.0,8-33-8 = 0.222,5-38-5 = 0.111,8-39-8 = 0.222,5-42-5 = 1.0,7-31-52-29-19-8 = 0.889,7-48-24-30-7 = 1.0,7-21-26-36-7 = 0.889,7-52-29-37-7 = 0.111,7-31-21-26-36-7 = 0.111,8-33-23-39-8 = 0.333,8-33-39-8 = 0.444,8-12-47-11-8 = 0.833,8-10-51-43-4 = 0.222,8-40-44-51-43-4 = 0.333,8-45-20-44-43-4 = 0.222,5-35-56-14-5 = 0.111,5-18-54-34-13-5 = 0.611,5-32-55-14-5 = 0.111,5-35-38-5 = 0.889,5-56-55-32-5 = 0.889,5-18-54-13-14-5 = 0.389,5-25-9-51-44-4 = 0.222,5-25-9-46-14-5 = 0.167,5-34-58-10-46-4 = 0.389,4-15-28-4 = 1.0,4-17-57-4 = 1.0,5-25-58-49-37-7 = 0.611,8-9-46-19-37-7 = 0.056,8-9-10-46-47-4 = 0.167,4-45-20-40-23-8 = 0.667,4-41-50-16-5 = 1.0,4-45-20-11-8 = 0.111,8-27-53-8 = 1.0,8-11-19-37-7 = 0.056,8-49-46-43-14-5 = 0.222,8-12-9-49-37-7 = 0.167,8-9-10-51-44-4 = 0.222,,,,,,,,,,,,
137,14,733.236,8.5,0.053,0.5,141,142,4-22-4 = 1.0,8-33-8 = 0.25,8-39-8 = 0.25,5-42-5 = 1.0,7-36-26-7 = 0.5,7-21-52-29-7 = 0.25,7-48-24-30-7 = 1.0,7-21-49-19-37-7 = 0.25,7-52-29-37-7 = 0.25,7-31-21-26-36-7 = 0.5,8-33-23-39-8 = 0.5,8-33-39-8 = 0.25,8-12-47-11-8 = 0.75,8-40-44-51-43-4 = 0.5,8-45-20-44-43-4 = 0.25,7-31-52-29-14-5 = 0.5,5-18-54-34-13-5 = 0.5,5-35-38-5 = 1.0,5-25-51-43-4 = 0.25,5-56-55-32-5 = 1.0,5-18-54-13-14-5 = 0.5,5-25-9-51-44-4 = 0.25,5-34-58-10-46-4 = 0.5,4-15-28-4 = 1.0,4-17-57-4 = 1.0,5-25-49-19-37-7 = 0.5,8-9-10-46-47-4 = 0.25,4-45-20-40-23-8 = 0.5,4-41-50-16-5 = 1.0,4-12-9-58-49-19-8 = 0.25,4-45-20-11-8 = 0.25,4-9-58-10-46-4 = 0.25,8-27-53-8 = 1.0,,,,,,,,,,,,,,,,,
142,137,733.305,7.818,0.069,-0.682,143,144,4-22-4 = 1.0,8-33-8 = 0.227,8-39-8 = 0.227,5-42-5 = 1.0,7-36-26-7 = 0.455,7-21-52-29-7 = 0.227,7-48-24-30-7 = 1.0,7-21-49-19-37-7 = 0.227,7-52-29-37-7 = 0.318,7-31-21-26-36-7 = 0.545,8-33-23-39-8 = 0.364,8-33-39-8 = 0.409,8-12-47-11-8 = 0.909,8-10-51-43-4 = 0.227,8-40-44-51-43-4 = 0.364,8-45-20-44-43-4 = 0.273,7-31-52-29-14-5 = 0.455,5-18-54-34-13-5 = 0.5,5-35-38-5 = 1.0,5-25-51-43-4 = 0.091,5-56-55-32-5 = 1.0,5-18-54-13-14-5 = 0.5,5-25-9-51-44-4 = 0.318,5-25-9-46-14-5 = 0.045,5-25-9-44-43-4 = 0.045,5-34-58-10-46-4 = 0.5,4-28-15-4 = 1.0,4-17-57-4 = 1.0,5-25-49-19-37-7 = 0.273,8-49-46-19-37-7 = 0.182,5-25-9-58-49-19-8 = 0.227,4-45-20-40-23-8 = 0.636,4-41-50-16-5 = 1.0,4-12-9-58-49-19-8 = 0.091,4-45-20-11-8 = 0.091,4-9-58-10-46-4 = 0.182,4-9-10-46-47-4 = 0.091,8-27-53-8 = 1.0,,,,,,,,,,,,
143,142,733.742,6.66,0.437,-1.158,145,146,4-22-4 = 1.0,8-33-8 = 0.057,8-39-8 = 0.057,5-42-5 = 1.0,7-36-26-7 = 0.717,7-21-52-29-7 = 0.478,7-48-24-30-7 = 1.0,7-21-49-19-37-7 = 0.239,7-31-25-58-49-19-8 = 0.044,7-31-9-46-43-4 = 0.195,7-52-29-37-7 = 0.044,7-31-21-26-36-7 = 0.283,8-33-23-39-8 = 0.245,8-33-39-8 = 0.698,8-12-47-11-8 = 1.0,8-10-51-43-4 = 0.252,8-40-44-51-43-4 = 0.245,8-45-20-44-43-4 = 0.245,7-31-52-29-14-5 = 0.478,5-18-54-34-13-5 = 0.478,5-35-38-5 = 1.0,5-25-51-43-4 = 0.063,5-56-55-32-5 = 1.0,5-18-54-13-14-5 = 0.384,5-54-34-13-14-5 = 0.138,5-18-58-49-19-37-7 = 0.138,5-25-9-51-44-4 = 0.44,5-34-58-10-46-4 = 0.384,4-28-15-4 = 1.0,4-17-57-4 = 1.0,5-25-49-19-37-7 = 0.453,8-49-46-19-37-7 = 0.057,4-45-20-40-23-8 = 0.755,4-41-50-16-5 = 1.0,4-44-58-49-19-37-7 = 0.069,4-9-58-10-46-4 = 0.365,8-27-53-8 = 1.0,,,,,,,,,,,,,
145,143,733.787,6.547,0.045,-0.114,147,148,4-22-4 = 1.0,8-33-8 = 0.039,8-39-8 = 0.039,5-42-5 = 1.0,7-36-26-7 = 0.75,7-21-52-29-7 = 0.5,7-48-24-30-7 = 1.0,7-21-49-19-37-7 = 0.25,7-31-9-46-43-4 = 0.195,7-31-21-26-36-7 = 0.25,8-33-23-39-8 = 0.242,8-33-39-8 = 0.719,8-12-47-11-8 = 1.0,8-10-51-43-4 = 0.234,8-40-44-51-43-4 = 0.242,8-45-20-44-43-4 = 0.242,7-31-52-29-14-5 = 0.5,5-18-54-34-13-5 = 0.5,5-35-38-5 = 1.0,5-25-51-43-4 = 0.086,5-56-55-32-5 = 1.0,5-18-54-13-14-5 = 0.398,5-54-34-13-14-5 = 0.102,5-18-58-49-19-37-7 = 0.102,5-25-9-51-44-4 = 0.438,5-34-58-10-46-4 = 0.398,4-15-28-4 = 1.0,4-17-57-4 = 1.0,5-25-49-19-37-7 = 0.477,8-49-46-19-37-7 = 0.039,4-45-20-40-23-8 = 0.758,4-41-50-16-5 = 1.0,4-44-58-49-19-37-7 = 0.078,4-9-58-10-46-4 = 0.367,8-27-53-8 = 1.0,7-31-58-49-19-37-7 = 0.055,,,,,,,,,,,,,,
147,145,737.717,0,3.93,0,Prune by CG,,4-22-4 = 1.0,5-38-5 = 0.167,5-42-5 = 1.0,7-21-52-29-7 = 0.833,7-48-24-30-7 = 1.0,7-21-49-19-37-7 = 0.139,7-31-21-26-36-7 = 0.028,8-33-23-39-8 = 0.5,8-33-39-8 = 0.5,8-12-44-28-4 = 0.167,8-12-47-11-8 = 0.833,8-40-44-51-43-4 = 0.5,7-31-52-29-14-5 = 0.111,5-35-56-14-5 = 0.167,5-18-54-34-13-5 = 0.556,5-32-55-14-5 = 0.167,5-35-38-5 = 0.833,5-25-51-43-4 = 0.333,5-56-55-32-5 = 0.833,5-18-54-13-14-5 = 0.333,5-18-25-58-29-7 = 0.056,5-25-9-51-44-4 = 0.167,5-25-9-44-43-4 = 0.167,5-34-58-10-46-4 = 0.333,4-15-57-4 = 0.5,4-17-57-4 = 0.5,4-17-15-28-4 = 0.5,4-45-20-28-4 = 0.333,5-25-54-14-5 = 0.111,4-45-20-40-23-8 = 0.5,4-41-50-16-5 = 1.0,7-26-36-7 = 0.972,4-45-20-11-8 = 0.167,4-9-58-10-46-4 = 0.5,4-9-10-46-47-4 = 0.167,8-27-53-8 = 1.0,7-31-58-49-19-37-7 = 0.111,5-25-34-13-14-5 = 0.111,5-18-25-52-7 = 0.056,7-31-49-19-37-7 = 0.75,,,,,,,,,,
148,145,734.405,8,0.618,1.453,149,150,4-22-4 = 1.0,8-33-8 = 0.333,8-39-8 = 0.333,5-42-5 = 1.0,7-36-26-7 = 0.333,7-21-52-29-7 = 0.333,7-48-24-30-7 = 1.0,7-21-26-36-7 = 0.667,7-31-9-46-43-4 = 0.333,8-33-23-39-8 = 0.333,8-33-39-8 = 0.333,8-12-47-11-8 = 1.0,8-10-51-43-4 = 0.333,8-40-44-51-43-4 = 0.333,7-31-52-29-14-5 = 0.667,5-18-54-34-13-5 = 0.667,5-35-38-5 = 1.0,5-56-55-32-5 = 1.0,5-18-54-13-14-5 = 0.333,5-25-9-51-44-4 = 0.333,5-34-58-10-46-4 = 0.333,4-15-28-4 = 0.333,4-15-57-4 = 0.333,4-17-57-4 = 0.667,4-17-15-28-4 = 0.333,5-25-49-19-37-7 = 0.667,4-45-20-28-4 = 0.333,4-45-20-40-23-8 = 0.667,4-41-50-16-5 = 1.0,4-44-58-49-19-37-7 = 0.333,8-27-53-8 = 1.0,5-9-58-10-46-4 = 0.333,,,,,,,,,,,,,,,,,,
149,148,737.597,0,3.192,0,Prune by CG,,4-22-4 = 1.0,8-33-8 = 0.125,8-39-8 = 0.438,5-42-5 = 1.0,7-36-26-7 = 0.25,7-21-52-29-7 = 0.25,7-48-24-30-7 = 1.0,7-52-29-46-4 = 0.125,7-31-52-54-5 = 0.125,7-21-26-36-7 = 0.5,7-31-9-46-43-4 = 0.125,7-29-46-11-8 = 0.125,8-12-46-13-5 = 0.125,7-31-21-26-36-7 = 0.25,8-33-23-39-8 = 0.312,8-33-39-8 = 0.25,8-33-40-11-8 = 0.312,8-12-44-15-4 = 0.312,8-12-44-28-4 = 0.312,8-12-47-11-8 = 0.25,8-10-51-43-4 = 0.375,7-31-52-29-14-5 = 0.5,5-18-54-34-13-5 = 0.375,5-35-38-5 = 1.0,5-25-51-43-4 = 0.5,5-56-55-32-5 = 1.0,5-54-34-13-14-5 = 0.5,5-25-9-46-47-4 = 0.125,5-25-9-10-47-4 = 0.25,5-18-58-49-19-37-7 = 0.625,5-25-9-51-44-4 = 0.125,4-15-28-4 = 0.688,4-17-57-4 = 1.0,5-34-58-49-19-37-7 = 0.125,4-45-20-40-23-8 = 0.688,4-41-50-16-5 = 1.0,4-45-20-11-8 = 0.312,4-44-58-49-19-37-7 = 0.25,4-9-10-46-47-4 = 0.375,8-27-53-8 = 1.0,,,,,,,,,,
150,148,734.953,6.529,0.548,-1.471,151,152,4-22-4 = 1.0,8-33-8 = 0.147,8-39-8 = 0.147,5-42-5 = 1.0,7-21-52-29-7 = 0.412,7-48-24-30-7 = 1.0,7-21-58-51-44-4 = 0.044,7-21-26-36-7 = 0.5,7-31-9-46-43-4 = 0.265,7-31-9-58-51-44-4 = 0.103,7-31-21-26-36-7 = 0.044,8-33-23-39-8 = 0.324,8-33-39-8 = 0.529,8-12-47-11-8 = 1.0,8-10-51-43-4 = 0.118,8-40-44-51-43-4 = 0.324,8-45-20-44-43-4 = 0.235,7-31-52-29-14-5 = 0.588,5-18-54-34-13-5 = 0.529,5-35-38-5 = 1.0,5-54-9-58-51-4 = 0.059,5-56-55-32-5 = 1.0,5-18-54-13-14-5 = 0.412,5-25-9-51-44-4 = 0.044,5-34-13-51-43-4 = 0.059,5-34-58-10-46-4 = 0.412,4-15-28-4 = 0.956,4-17-57-4 = 1.0,5-25-49-19-37-7 = 0.956,4-45-20-28-4 = 0.044,4-45-44-51-15-4 = 0.044,4-9-10-51-44-4 = 0.147,4-45-20-40-23-8 = 0.676,4-41-50-16-5 = 1.0,7-26-36-7 = 0.456,4-20-49-19-37-7 = 0.044,4-9-58-10-46-4 = 0.324,8-27-53-8 = 1.0,5-18-9-58-51-44-4 = 0.059,,,,,,,,,,,
151,150,735.094,7.25,0.141,0.721,153,154,4-22-4 = 1.0,8-33-8 = 0.125,8-39-8 = 0.125,5-42-5 = 1.0,7-21-52-29-7 = 0.5,7-48-24-30-7 = 1.0,7-21-58-51-44-4 = 0.125,7-21-26-36-7 = 0.25,7-31-9-46-43-4 = 0.25,7-31-9-10-43-4 = 0.125,7-31-21-26-36-7 = 0.125,8-33-23-39-8 = 0.375,8-33-39-8 = 0.5,8-12-47-11-8 = 1.0,8-40-44-51-43-4 = 0.375,7-31-52-29-14-5 = 0.5,8-45-44-51-43-4 = 0.25,5-18-54-34-13-5 = 0.5,5-35-38-5 = 1.0,5-56-55-32-5 = 1.0,5-18-54-13-14-5 = 0.5,5-25-9-51-44-4 = 0.25,5-34-58-10-46-4 = 0.5,4-15-28-4 = 0.875,4-17-57-4 = 1.0,5-25-49-19-37-7 = 0.75,4-45-20-28-4 = 0.125,4-45-20-40-23-8 = 0.625,4-41-50-16-5 = 1.0,7-26-36-7 = 0.625,4-20-49-19-37-7 = 0.25,4-9-58-10-46-4 = 0.25,8-27-53-8 = 1.0,4-9-10-58-15-4 = 0.125,,,,,,,,,,,,,,,,
153,151,738.287,0,3.193,0,Prune by CG,,4-22-4 = 1.0,5-42-5 = 1.0,7-21-52-29-7 = 0.884,7-48-24-30-7 = 1.0,7-31-9-46-43-4 = 0.261,7-31-9-10-43-4 = 0.348,7-31-9-58-51-44-4 = 0.217,7-31-21-26-36-7 = 0.116,8-33-23-39-8 = 0.391,8-33-39-8 = 0.609,8-12-47-11-8 = 1.0,8-40-44-51-43-4 = 0.391,7-31-52-29-14-5 = 0.058,5-18-54-34-13-5 = 0.362,5-35-38-5 = 1.0,5-56-55-32-5 = 1.0,5-18-54-13-14-5 = 0.406,5-54-34-13-14-5 = 0.159,5-18-25-58-14-5 = 0.232,5-34-58-10-46-4 = 0.478,4-15-28-4 = 0.826,4-17-57-4 = 1.0,5-25-49-19-37-7 = 0.565,8-49-46-19-37-7 = 0.217,4-45-20-28-4 = 0.174,4-45-44-51-15-4 = 0.174,5-25-54-14-5 = 0.072,4-45-20-40-23-8 = 0.609,4-41-50-16-5 = 1.0,7-26-36-7 = 0.884,4-20-49-19-37-7 = 0.217,8-27-53-8 = 1.0,5-25-58-13-14-5 = 0.072,5-25-52-29-7 = 0.058,4-45-44-51-46-5 = 0.043,7-9-10-51-44-4 = 0.174,,,,,,,,,,,,,,
120,90,732.296,10.5,0.186,0.5,155,156,4-22-4 = 1.0,8-33-8 = 0.25,5-38-5 = 0.5,8-39-8 = 0.25,5-42-5 = 1.0,7-31-52-29-19-8 = 0.5,7-48-24-30-7 = 1.0,7-21-26-36-7 = 0.5,7-52-29-37-7 = 0.5,7-31-21-26-36-7 = 0.5,8-33-23-39-8 = 0.5,8-33-39-8 = 0.25,8-12-47-11-8 = 1.0,8-40-44-51-43-4 = 0.5,5-35-56-14-5 = 0.5,5-18-54-34-13-5 = 1.0,5-32-55-14-5 = 0.5,5-35-38-5 = 0.5,5-56-55-32-5 = 0.5,5-25-9-10-58-5 = 0.5,5-25-9-58-46-4 = 0.5,8-49-51-44-15-4 = 0.25,4-15-28-4 = 0.25,4-15-57-4 = 0.25,4-17-57-4 = 0.75,4-17-15-28-4 = 0.25,8-49-44-46-43-4 = 0.25,4-45-20-28-4 = 0.5,4-51-46-43-4 = 0.25,4-45-20-40-23-8 = 0.5,4-41-50-16-5 = 1.0,5-10-49-19-37-7 = 0.5,8-27-53-8 = 1.0,,,,,,,,,,,,,,,,,
156,120,732.778,9.911,0.482,-0.589,157,158,4-22-4 = 1.0,8-33-8 = 0.244,5-38-5 = 0.378,8-39-8 = 0.244,5-42-5 = 1.0,7-36-26-7 = 0.4,7-31-52-29-19-8 = 0.4,7-21-52-29-7 = 0.2,7-48-24-30-7 = 1.0,7-21-49-19-37-7 = 0.2,7-52-29-37-7 = 0.4,7-31-21-26-36-7 = 0.6,8-33-23-39-8 = 0.556,8-33-39-8 = 0.2,8-12-47-11-8 = 1.0,8-40-44-51-43-4 = 0.444,8-40-49-46-43-4 = 0.111,5-35-56-14-5 = 0.378,5-18-54-34-13-5 = 0.756,5-32-55-14-5 = 0.378,5-35-38-5 = 0.622,5-56-55-32-5 = 0.622,5-18-54-13-14-5 = 0.244,5-25-9-10-58-5 = 0.622,5-25-9-58-46-4 = 0.378,5-34-51-44-15-4 = 0.244,8-49-44-51-46-4 = 0.067,4-28-15-4 = 0.2,4-15-57-4 = 0.267,4-17-57-4 = 0.733,4-17-15-28-4 = 0.267,8-49-44-46-43-4 = 0.222,4-45-20-28-4 = 0.533,4-51-46-43-4 = 0.222,4-45-44-51-15-4 = 0.022,4-45-20-40-23-8 = 0.444,4-41-50-16-5 = 1.0,4-20-49-19-37-7 = 0.022,5-10-49-19-37-7 = 0.378,8-27-53-8 = 1.0,,,,,,,,,,
85,63,736.173,5.783,2.136,-2.985,159,160,4-22-4 = 1.0,5-38-5 = 0.022,5-42-5 = 1.0,7-36-26-7 = 0.217,7-31-52-29-19-7 = 0.478,7-31-52-37-7 = 0.261,7-48-24-30-7 = 1.0,7-21-54-14-5 = 0.217,7-21-26-36-7 = 0.783,7-52-29-37-7 = 0.261,8-12-46-19-8 = 0.043,8-33-39-8 = 1.0,8-12-46-14-5 = 0.065,8-12-47-11-8 = 0.717,7-31-29-19-37-7 = 0.261,5-35-56-14-5 = 0.022,5-35-56-38-5 = 0.174,5-18-54-34-13-5 = 0.5,5-32-55-14-5 = 0.196,5-35-38-5 = 0.804,5-25-58-51-47-4 = 0.109,5-56-55-32-5 = 0.804,5-18-54-14-5 = 0.283,5-18-25-9-58-14-5 = 0.217,5-25-9-58-46-4 = 0.283,5-25-9-58-51-4 = 0.391,5-34-13-51-46-4 = 0.5,8-49-10-44-43-4 = 1.0,4-28-15-4 = 1.0,4-17-57-4 = 1.0,4-45-20-40-23-8 = 1.0,4-41-50-16-5 = 1.0,4-12-47-11-8 = 0.174,4-9-46-19-37-7 = 0.109,8-27-53-8 = 1.0,8-11-19-37-7 = 0.109,,,,,,,,,,,,,,
159,85,739.972,0,3.799,0,Prune by CG,,4-22-4 = 1.0,5-42-5 = 1.0,7-21-55-14-5 = 0.25,7-36-26-7 = 1.0,7-31-52-29-19-7 = 0.5,7-31-52-37-7 = 0.5,7-21-32-14-5 = 0.25,7-48-24-30-7 = 1.0,7-21-54-14-5 = 0.5,8-33-39-8 = 1.0,8-12-47-11-8 = 1.0,5-35-56-38-5 = 0.25,5-18-54-34-13-5 = 0.5,5-35-38-5 = 0.75,5-56-55-32-5 = 0.75,5-18-25-58-29-7 = 0.5,5-25-9-58-51-4 = 0.5,5-34-13-51-46-4 = 0.5,8-49-10-44-43-4 = 1.0,4-15-28-4 = 1.0,4-17-57-4 = 1.0,5-9-46-19-37-7 = 0.5,4-45-20-40-23-8 = 1.0,4-41-50-16-5 = 1.0,8-27-53-8 = 1.0,,,,,,,,,,,,,,,,,,,,,,,,,
160,85,736.354,5.556,0.181,-0.227,161,162,4-22-4 = 1.0,5-38-5 = 0.167,5-42-5 = 1.0,7-31-52-29-19-7 = 0.333,7-31-52-37-7 = 0.333,7-48-24-30-7 = 1.0,7-21-26-36-7 = 1.0,7-52-29-37-7 = 0.333,8-12-46-19-8 = 0.056,7-31-29-19-11-8 = 0.278,8-33-39-8 = 1.0,8-12-46-14-5 = 0.222,8-12-47-11-8 = 0.722,7-31-29-19-37-7 = 0.056,5-35-56-14-5 = 0.167,5-35-56-38-5 = 0.222,5-18-54-34-13-5 = 0.778,5-32-55-14-5 = 0.389,5-35-38-5 = 0.611,5-25-58-51-47-4 = 0.278,5-56-55-32-5 = 0.611,5-18-54-14-5 = 0.222,5-25-9-58-46-4 = 0.222,5-25-9-58-51-4 = 0.5,5-34-13-51-46-4 = 0.222,8-49-10-44-43-4 = 1.0,4-15-28-4 = 1.0,4-17-57-4 = 1.0,8-9-46-19-37-7 = 0.056,4-45-20-40-23-8 = 1.0,4-41-50-16-5 = 1.0,4-9-46-19-37-7 = 0.222,8-27-53-8 = 1.0,,,,,,,,,,,,,,,,,
162,160,739.018,0,2.664,0,Prune by CG,,4-22-4 = 1.0,5-38-5 = 0.333,5-42-5 = 1.0,7-36-26-7 = 0.333,7-31-52-37-7 = 0.333,7-48-24-30-7 = 1.0,7-21-26-36-7 = 0.333,7-52-29-37-7 = 0.667,8-12-46-19-8 = 0.333,7-31-29-19-11-8 = 0.333,7-31-21-26-36-7 = 0.333,8-33-39-8 = 1.0,8-12-47-11-8 = 0.333,5-35-56-21-7 = 0.333,5-35-56-38-5 = 0.667,5-18-54-34-13-5 = 1.0,5-32-55-14-5 = 1.0,5-25-58-51-47-4 = 0.333,5-25-9-58-51-4 = 0.333,8-49-10-44-43-4 = 0.667,8-49-51-44-43-4 = 0.333,4-15-28-4 = 1.0,4-17-57-4 = 1.0,8-9-10-46-47-4 = 0.333,4-45-20-40-23-8 = 1.0,4-41-50-16-5 = 1.0,8-27-53-8 = 1.0,5-25-9-58-46-5 = 0.333,8-12-19-11-8 = 0.333,,,,,,,,,,,,,,,,,,,,,
112,95,733.7,10.786,0.09,0.586,163,164,4-22-4 = 1.0,8-33-8 = 0.536,5-38-5 = 0.036,8-39-8 = 0.536,5-42-5 = 1.0,7-31-52-29-19-8 = 0.5,7-48-24-30-7 = 1.0,7-21-26-36-7 = 0.5,7-52-29-37-7 = 0.5,7-31-21-26-36-7 = 0.5,8-33-23-39-8 = 0.464,8-12-47-43-4 = 0.179,8-12-47-11-8 = 0.536,8-12-9-10-49-8 = 0.286,8-40-44-51-43-4 = 0.464,8-10-49-19-37-7 = 0.5,8-45-20-11-8 = 0.464,5-35-56-14-5 = 0.321,5-18-54-34-13-5 = 0.821,5-32-55-14-5 = 0.321,5-38-50-16-5 = 0.143,5-38-41-57-4 = 0.143,5-35-38-5 = 0.679,5-25-58-51-47-4 = 0.179,5-56-55-32-5 = 0.679,5-54-34-13-14-5 = 0.179,5-18-25-9-58-14-5 = 0.179,5-25-9-58-46-4 = 0.536,8-49-10-46-47-8 = 0.107,4-15-28-4 = 0.321,4-17-57-4 = 0.857,4-17-15-28-4 = 0.143,4-51-46-43-4 = 0.357,4-45-20-40-23-8 = 0.536,4-41-50-16-5 = 0.857,4-25-58-10-49-8 = 0.107,8-27-53-8 = 1.0,4-44-28-15-4 = 0.536,,,,,,,,,,,,
164,112,736.203,4,2.504,-6.786,165,166,4-22-4 = 1.0,5-42-5 = 1.0,7-36-26-7 = 1.0,7-21-52-29-7 = 1.0,7-48-24-30-7 = 1.0,7-31-25-9-58-44-4 = 1.0,8-53-27-8 = 1.0,8-33-39-8 = 1.0,8-12-47-11-8 = 1.0,8-10-49-19-37-7 = 1.0,5-41-50-16-5 = 0.5,5-35-56-14-5 = 0.5,5-18-54-34-13-5 = 1.0,5-32-55-14-5 = 0.5,5-38-50-16-5 = 0.25,5-38-41-57-4 = 0.25,5-35-38-5 = 0.5,5-56-55-32-5 = 0.5,4-28-15-4 = 0.75,4-17-57-4 = 0.75,4-17-15-28-4 = 0.25,4-51-46-43-4 = 1.0,4-45-20-40-23-8 = 1.0,4-41-50-16-5 = 0.25,,,,,,,,,,,,,,,,,,,,,,,,,,
166,164,738.64,0,2.437,0,Prune by CG,,4-22-4 = 1.0,5-42-5 = 1.0,7-36-26-7 = 1.0,7-21-52-29-7 = 1.0,7-48-24-30-7 = 1.0,7-31-25-9-58-44-4 = 1.0,8-53-27-8 = 1.0,8-33-39-8 = 1.0,8-12-47-11-8 = 1.0,8-10-49-19-37-7 = 1.0,5-35-56-5 = 1.0,5-18-54-34-13-5 = 1.0,5-32-55-14-5 = 1.0,5-38-50-16-5 = 1.0,4-28-15-4 = 1.0,4-51-46-43-4 = 1.0,4-17-41-57-4 = 1.0,4-45-20-40-23-8 = 1.0,,,,,,,,,,,,,,,,,,,,,,,,,,,,,,,,
163,112,733.7,10.7,0,-0.086,167,168,4-22-4 = 1.0,8-33-8 = 0.45,5-38-5 = 0.1,8-39-8 = 0.45,5-42-5 = 1.0,7-31-52-29-19-8 = 0.5,7-48-24-30-7 = 1.0,7-21-26-36-7 = 0.5,8-53-27-8 = 1.0,7-52-29-37-7 = 0.5,7-31-21-26-36-7 = 0.5,8-33-23-39-8 = 0.55,8-12-47-43-4 = 0.2,8-12-47-11-8 = 0.45,8-12-9-10-49-8 = 0.35,8-40-44-51-43-4 = 0.55,8-10-49-19-37-7 = 0.5,8-45-20-40-23-8 = 0.25,5-35-56-14-5 = 0.3,5-18-54-34-13-5 = 0.8,5-32-55-14-5 = 0.3,5-38-50-16-5 = 0.1,5-38-41-57-4 = 0.1,5-35-38-5 = 0.7,5-25-58-46-4 = 0.15,5-25-58-51-47-4 = 0.2,5-56-55-32-5 = 0.7,5-54-34-13-14-5 = 0.2,5-18-25-9-58-14-5 = 0.2,5-25-9-58-46-4 = 0.45,8-49-10-46-47-8 = 0.15,4-28-15-4 = 0.45,4-17-57-4 = 0.9,4-17-15-28-4 = 0.1,4-51-46-43-4 = 0.25,4-45-20-40-23-8 = 0.2,4-41-50-16-5 = 0.9,4-45-20-11-8 = 0.55,4-44-28-15-4 = 0.45,,,,,,,,,,,
167,163,733.748,10,0.049,-0.7,169,170,4-22-4 = 1.0,8-33-8 = 0.125,5-38-5 = 0.5,8-39-8 = 0.125,5-42-5 = 1.0,7-31-52-29-19-8 = 0.5,7-48-24-30-7 = 1.0,7-21-26-36-7 = 0.5,8-53-27-8 = 1.0,7-52-29-37-7 = 0.5,7-31-21-26-36-7 = 0.5,8-33-23-39-8 = 0.625,8-33-39-8 = 0.25,8-12-47-43-4 = 0.25,8-12-47-11-8 = 0.375,8-12-9-10-49-8 = 0.375,8-40-44-51-43-4 = 0.625,8-10-49-19-37-7 = 0.5,8-45-20-11-8 = 0.125,5-35-56-14-5 = 0.5,5-18-54-34-13-5 = 1.0,5-32-55-14-5 = 0.5,5-35-38-5 = 0.5,5-25-58-46-4 = 0.125,5-25-58-51-47-4 = 0.25,5-56-55-32-5 = 0.5,5-25-9-58-46-4 = 0.625,8-49-10-46-47-8 = 0.125,4-28-15-4 = 0.625,4-17-57-4 = 1.0,4-51-46-43-4 = 0.125,4-45-20-40-23-8 = 0.375,4-41-50-16-5 = 1.0,4-45-20-11-8 = 0.5,4-44-28-15-4 = 0.375,,,,,,,,,,,,,,,
169,167,739.056,0,5.308,0,Prune by CG,,4-22-4 = 1.0,8-33-8 = 0.167,5-38-5 = 0.5,8-39-8 = 0.5,5-42-5 = 1.0,7-31-52-29-19-8 = 0.5,7-48-24-30-7 = 1.0,7-21-26-36-7 = 0.5,8-53-27-8 = 1.0,7-52-29-37-7 = 0.5,8-12-46-47-4 = 0.5,7-31-21-26-36-7 = 0.5,8-33-23-11-8 = 0.167,8-33-23-39-8 = 0.5,8-33-40-11-8 = 0.167,8-12-9-10-49-8 = 0.5,8-40-44-51-43-4 = 0.5,8-45-20-11-8 = 0.167,8-45-20-40-23-8 = 0.333,5-35-56-14-5 = 0.5,5-18-54-34-13-5 = 1.0,5-32-55-14-5 = 0.5,5-35-38-5 = 0.5,5-25-58-28-4 = 0.5,5-56-55-32-5 = 0.5,5-25-9-58-51-4 = 0.5,8-49-10-46-47-8 = 0.5,4-15-57-4 = 0.5,4-17-57-4 = 0.5,4-17-15-28-4 = 0.5,4-41-50-16-5 = 1.0,4-45-20-11-8 = 0.5,4-44-43-19-37-7 = 0.5,,,,,,,,,,,,,,,,,
170,167,733.892,9.5,0.144,-0.5,171,172,4-22-4 = 1.0,8-33-8 = 0.5,8-39-8 = 0.5,5-42-5 = 1.0,7-31-52-29-19-8 = 0.25,7-48-24-30-7 = 1.0,7-21-26-36-7 = 0.583,8-53-27-8 = 1.0,7-52-29-37-7 = 0.417,7-31-21-26-36-7 = 0.417,8-33-23-39-8 = 0.5,8-12-47-43-4 = 0.083,8-12-47-11-8 = 0.667,8-12-9-10-49-8 = 0.25,8-40-44-51-43-4 = 0.5,8-10-49-19-37-7 = 0.583,8-45-20-11-8 = 0.083,7-31-52-29-14-5 = 0.333,5-35-56-14-5 = 0.333,5-18-54-34-13-5 = 1.0,5-32-55-14-5 = 0.333,5-38-50-16-5 = 0.167,5-38-41-57-4 = 0.167,5-35-38-5 = 0.667,5-25-58-51-47-4 = 0.25,5-56-55-32-5 = 0.667,5-25-9-58-46-4 = 0.75,4-28-15-4 = 0.667,4-17-57-4 = 0.833,4-17-15-28-4 = 0.167,4-20-44-43-4 = 0.167,4-51-46-43-4 = 0.25,4-45-20-40-23-8 = 0.5,4-41-50-16-5 = 0.833,4-45-20-11-8 = 0.25,4-45-44-10-49-19-8 = 0.167,4-44-28-15-4 = 0.167,,,,,,,,,,,,,
171,170,733.899,9.818,0.007,0.318,173,174,4-22-4 = 1.0,8-33-8 = 0.545,8-39-8 = 0.545,5-42-5 = 1.0,7-31-52-29-19-8 = 0.364,7-48-24-30-7 = 1.0,7-21-26-36-7 = 0.636,8-53-27-8 = 1.0,7-52-29-37-7 = 0.364,7-31-21-26-36-7 = 0.364,8-33-23-39-8 = 0.455,8-12-47-43-4 = 0.182,8-12-47-11-8 = 0.545,8-12-9-10-49-8 = 0.273,8-40-44-51-43-4 = 0.455,8-10-49-19-37-7 = 0.636,7-31-52-29-14-5 = 0.273,5-35-56-14-5 = 0.364,5-18-54-34-13-5 = 1.0,5-32-55-14-5 = 0.364,5-38-50-16-5 = 0.182,5-38-41-57-4 = 0.182,5-35-38-5 = 0.636,5-25-58-51-47-4 = 0.273,5-56-55-32-5 = 0.636,5-25-9-58-46-4 = 0.727,4-28-15-4 = 0.364,4-17-57-4 = 0.818,4-17-15-28-4 = 0.182,4-51-46-43-4 = 0.273,4-45-20-40-23-8 = 0.545,4-41-50-16-5 = 0.818,4-45-20-11-8 = 0.455,4-44-28-15-4 = 0.455,8-49-10-44-43-5 = 0.091,,,,,,,,,,,,,,,
174,171,738.874,0,4.974,0,Prune by CG,,4-22-4 = 1.0,8-33-8 = 0.3,8-39-8 = 0.3,5-42-5 = 1.0,7-31-52-29-19-8 = 0.5,7-48-24-30-7 = 1.0,7-21-26-36-7 = 0.5,8-53-27-8 = 1.0,8-40-28-15-4 = 0.1,7-52-29-37-7 = 0.5,7-31-21-26-36-7 = 0.5,8-33-23-39-8 = 0.1,8-33-39-8 = 0.6,8-12-43-14-5 = 0.05,8-12-47-11-8 = 0.9,8-12-9-43-14-5 = 0.05,8-10-49-19-37-7 = 0.3,8-51-44-28-4 = 0.05,5-41-50-16-5 = 0.35,5-18-54-34-13-5 = 0.1,5-35-38-5 = 1.0,5-25-58-51-47-4 = 0.1,5-56-55-32-5 = 1.0,5-18-54-13-14-5 = 0.45,5-18-54-34-14-5 = 0.45,5-25-9-58-46-4 = 0.55,5-25-9-58-51-4 = 0.35,5-34-13-51-46-4 = 0.45,4-15-28-4 = 0.85,4-17-57-4 = 1.0,4-45-20-40-23-8 = 0.9,4-41-50-16-5 = 0.65,4-45-20-11-8 = 0.1,8-44-43-19-37-7 = 0.2,8-9-51-44-15-4 = 0.05,8-49-10-44-43-5 = 0.7,,,,,,,,,,,,,,
173,171,733.919,9.562,0.02,-0.256,175,176,4-22-4 = 1.0,8-33-8 = 0.5,8-39-8 = 0.5,5-42-5 = 1.0,7-31-52-29-19-8 = 0.25,7-48-24-30-7 = 1.0,7-21-26-36-7 = 0.625,8-53-27-8 = 1.0,7-52-29-37-7 = 0.375,7-31-21-26-36-7 = 0.375,8-33-23-39-8 = 0.5,8-12-47-43-4 = 0.125,8-12-47-11-8 = 0.625,8-12-9-10-49-8 = 0.25,8-40-44-51-43-4 = 0.5,8-10-49-19-37-7 = 0.625,7-31-52-29-14-5 = 0.375,5-41-50-16-5 = 0.062,5-35-56-14-5 = 0.312,5-18-54-34-13-5 = 1.0,5-32-55-14-5 = 0.312,5-38-50-16-5 = 0.156,5-38-41-57-4 = 0.156,5-35-38-5 = 0.688,5-25-58-51-47-4 = 0.25,5-56-55-32-5 = 0.688,5-25-9-58-46-4 = 0.75,4-15-28-4 = 0.594,4-17-57-4 = 0.844,4-17-15-28-4 = 0.156,4-20-44-43-4 = 0.125,4-51-46-43-4 = 0.25,4-45-20-40-23-8 = 0.5,4-41-50-16-5 = 0.781,4-45-20-11-8 = 0.375,4-45-44-10-49-19-8 = 0.125,4-44-28-15-4 = 0.25,,,,,,,,,,,,,
175,173,734.606,8.778,0.687,-0.785,177,178,4-22-4 = 1.0,8-33-8 = 0.444,8-39-8 = 0.444,5-42-5 = 1.0,7-31-52-29-19-8 = 0.333,7-48-24-30-7 = 1.0,7-21-26-36-7 = 0.667,8-53-27-8 = 1.0,7-52-29-37-7 = 0.333,7-31-21-26-36-7 = 0.333,8-33-23-39-8 = 0.556,8-12-47-11-8 = 0.444,8-12-9-10-49-8 = 0.333,8-40-44-51-43-4 = 0.667,8-10-49-19-37-7 = 0.667,7-31-52-29-14-5 = 0.333,5-35-56-14-5 = 0.333,5-18-54-34-13-5 = 1.0,5-32-55-14-5 = 0.333,5-38-50-16-5 = 0.167,5-38-41-57-4 = 0.167,5-35-38-5 = 0.667,5-25-58-51-47-4 = 0.333,5-56-55-32-5 = 0.667,5-25-9-58-46-4 = 0.667,4-28-15-4 = 0.833,4-17-57-4 = 0.833,4-17-15-28-4 = 0.167,4-20-12-47-4 = 0.111,4-45-20-40-23-8 = 0.333,4-41-50-16-5 = 0.833,4-45-20-11-8 = 0.556,4-44-46-43-4 = 0.333,4-45-12-47-23-8 = 0.111,,,,,,,,,,,,,,,,
172,170,734.725,8.2,0.833,-1.3,179,180,4-22-4 = 1.0,5-38-5 = 0.5,5-42-5 = 1.0,7-31-52-29-19-8 = 0.6,7-48-24-30-7 = 1.0,7-21-26-36-7 = 0.6,8-53-27-8 = 1.0,7-52-29-37-7 = 0.4,7-31-21-26-36-7 = 0.4,8-33-23-39-8 = 0.35,8-33-39-8 = 0.65,8-12-47-11-8 = 0.7,8-12-9-10-49-8 = 0.3,8-40-44-51-43-4 = 0.35,8-10-49-19-37-7 = 0.25,8-45-20-11-8 = 0.3,8-45-20-40-23-8 = 0.65,5-35-56-14-5 = 0.5,5-18-54-34-13-5 = 1.0,5-32-55-14-5 = 0.5,5-35-38-5 = 0.5,5-25-58-51-47-4 = 0.3,5-56-55-32-5 = 0.5,5-25-9-58-46-4 = 0.7,4-15-28-4 = 1.0,4-17-57-4 = 1.0,4-20-44-43-4 = 0.05,4-51-46-43-4 = 0.3,4-44-51-43-4 = 0.05,4-41-50-16-5 = 1.0,4-44-43-19-37-7 = 0.1,4-44-10-49-37-7 = 0.25,8-49-10-44-43-8 = 0.15,8-45-44-10-49-19-8 = 0.05,,,,,,,,,,,,,,,,
179,172,737.742,0,3.017,0,Prune by CG,,4-22-4 = 1.0,8-33-8 = 0.333,8-39-8 = 0.333,5-42-5 = 1.0,7-31-52-29-19-8 = 0.667,7-48-24-30-7 = 1.0,7-21-26-36-7 = 1.0,8-53-27-8 = 1.0,8-40-28-15-4 = 0.333,8-33-23-39-8 = 0.333,8-33-39-8 = 0.333,8-12-47-11-8 = 0.667,8-12-9-10-49-8 = 0.333,8-45-20-11-8 = 0.333,7-31-52-29-14-5 = 0.333,8-51-46-43-4 = 0.333,8-45-20-40-23-8 = 0.667,5-18-54-34-13-5 = 0.333,5-35-38-5 = 1.0,5-25-58-51-47-4 = 0.333,5-56-55-32-5 = 1.0,5-18-54-13-14-5 = 0.333,5-18-54-34-14-5 = 0.333,5-25-9-58-46-4 = 0.667,5-34-13-51-43-4 = 0.333,4-15-28-4 = 0.667,4-17-57-4 = 1.0,4-41-50-16-5 = 1.0,4-44-43-19-37-7 = 0.333,4-44-10-49-37-7 = 0.667,,,,,,,,,,,,,,,,,,,,
177,175,736.14,6.231,1.534,-2.547,181,182,4-22-4 = 1.0,8-33-8 = 0.385,8-39-8 = 0.385,5-42-5 = 1.0,7-31-52-29-19-8 = 0.154,7-48-24-30-7 = 1.0,7-21-26-36-7 = 0.846,8-53-27-8 = 1.0,7-52-29-37-7 = 0.154,7-31-21-26-36-7 = 0.154,8-33-23-39-8 = 0.615,8-40-44-51-43-4 = 0.846,8-10-49-19-37-7 = 0.846,7-31-52-29-14-5 = 0.692,5-41-50-16-5 = 0.538,5-35-56-14-5 = 0.154,5-18-54-34-13-5 = 1.0,5-32-55-14-5 = 0.154,5-38-50-16-5 = 0.077,5-38-41-57-4 = 0.077,5-35-38-5 = 0.846,5-25-58-51-47-4 = 0.154,5-56-55-32-5 = 0.846,5-25-9-58-46-4 = 0.846,4-15-28-4 = 0.923,4-17-57-4 = 0.923,4-17-15-28-4 = 0.077,4-20-12-47-4 = 0.231,4-45-20-40-23-8 = 0.154,4-41-50-16-5 = 0.385,4-12-47-11-8 = 0.385,4-12-9-10-49-8 = 0.154,4-45-20-11-8 = 0.615,4-44-46-43-4 = 0.154,4-45-12-47-23-8 = 0.231,,,,,,,,,,,,,,,
182,177,739.968,0,3.828,0,Prune by CG,,4-22-4 = 1.0,8-33-8 = 0.436,8-39-8 = 0.436,5-42-5 = 1.0,7-36-26-7 = 0.132,7-31-52-29-19-8 = 0.444,7-31-52-37-7 = 0.141,7-48-24-30-7 = 1.0,7-21-54-34-14-5 = 0.132,7-21-26-36-7 = 0.573,8-53-27-8 = 1.0,7-52-29-37-7 = 0.303,7-31-21-26-36-7 = 0.295,8-33-23-39-8 = 0.564,8-40-44-51-43-4 = 0.598,8-10-49-19-37-7 = 0.556,7-31-52-29-14-5 = 0.111,5-35-56-14-5 = 0.376,5-18-54-34-13-5 = 0.863,5-32-55-14-5 = 0.376,5-38-50-16-5 = 0.188,5-38-41-57-4 = 0.188,5-35-38-5 = 0.624,5-25-58-51-47-4 = 0.026,5-56-55-32-5 = 0.624,5-54-34-13-14-5 = 0.004,5-18-25-58-49-47-4 = 0.137,5-25-9-58-46-4 = 0.838,8-49-51-44-43-4 = 0.299,4-28-15-4 = 0.812,4-17-57-4 = 0.812,4-17-15-28-4 = 0.188,4-20-12-47-4 = 0.162,4-45-20-40-23-8 = 0.402,4-41-50-16-5 = 0.812,4-45-20-11-8 = 0.436,4-12-47-11-4 = 0.564,4-12-10-29-7 = 0.141,4-44-46-43-4 = 0.026,4-44-51-47-43-4 = 0.077,4-12-10-13-5 = 0.132,7-31-49-10-47-23-8 = 0.009,4-45-9-10-46-8 = 0.137,4-45-9-10-47-23-8 = 0.026,,,,,,
181,177,736.543,4.636,0.402,-1.594,183,184,4-22-4 = 1.0,8-33-8 = 0.364,8-39-8 = 0.364,5-42-5 = 1.0,7-31-52-29-19-8 = 0.091,7-48-24-30-7 = 1.0,7-21-26-36-7 = 0.909,8-53-27-8 = 1.0,7-52-29-37-7 = 0.091,7-31-21-26-36-7 = 0.091,8-33-23-39-8 = 0.636,8-40-44-51-43-4 = 0.909,8-10-49-19-37-7 = 0.909,7-31-52-29-14-5 = 0.818,5-41-50-16-5 = 0.727,5-35-56-14-5 = 0.091,5-18-54-34-13-5 = 1.0,5-32-55-14-5 = 0.091,5-38-50-16-5 = 0.045,5-38-41-57-4 = 0.045,5-35-38-5 = 0.909,5-25-58-51-47-4 = 0.091,5-56-55-32-5 = 0.909,5-25-9-58-46-4 = 0.909,4-28-15-4 = 0.955,4-17-57-4 = 0.955,4-17-15-28-4 = 0.045,4-45-20-40-23-8 = 0.091,4-41-50-16-5 = 0.227,4-12-47-11-8 = 0.364,4-12-9-10-49-8 = 0.091,4-45-20-11-8 = 0.636,4-20-12-47-8 = 0.273,4-44-46-43-4 = 0.091,4-45-12-47-23-8 = 0.273,,,,,,,,,,,,,,,
184,181,740.329,0,3.786,0,Prune by CG,,4-22-4 = 1.0,5-42-5 = 1.0,7-31-52-29-47-4 = 0.75,7-31-52-29-19-8 = 0.125,7-48-24-30-7 = 1.0,7-21-26-36-7 = 0.875,8-53-27-8 = 1.0,7-52-29-37-7 = 0.125,7-31-21-26-36-7 = 0.125,8-33-23-39-8 = 0.5,8-33-39-8 = 0.5,8-40-44-51-43-4 = 0.875,8-10-49-19-37-7 = 0.875,5-35-56-14-5 = 0.5,5-18-54-34-13-5 = 1.0,5-32-55-14-5 = 0.5,5-35-38-5 = 0.5,5-25-58-51-47-4 = 0.125,5-56-55-32-5 = 0.5,5-25-9-58-46-4 = 0.875,4-28-15-4 = 1.0,4-17-57-4 = 1.0,4-45-20-40-23-8 = 0.125,4-41-50-16-5 = 1.0,4-12-9-10-49-8 = 0.125,4-45-20-11-8 = 0.375,4-20-47-11-8 = 0.125,5-42-38-5 = 0.5,4-45-12-11-8 = 0.5,4-44-46-43-4 = 0.125,4-20-12-23-8 = 0.375,,,,,,,,,,,,,,,,,,,
183,181,736.716,3.5,0.174,-1.136,185,186,4-22-4 = 1.0,8-33-8 = 0.25,8-39-8 = 0.25,5-42-5 = 1.0,7-48-24-30-7 = 1.0,7-21-26-36-7 = 1.0,8-53-27-8 = 1.0,8-33-23-39-8 = 0.5,8-33-39-8 = 0.25,8-40-44-51-43-4 = 0.75,8-10-49-19-37-7 = 1.0,7-31-52-29-14-5 = 1.0,5-41-50-16-5 = 1.0,5-18-54-34-13-5 = 1.0,5-35-38-5 = 1.0,5-56-55-32-5 = 1.0,5-25-9-58-46-4 = 1.0,4-28-15-4 = 1.0,4-17-57-4 = 1.0,4-44-51-43-4 = 0.25,4-45-20-40-23-8 = 0.25,4-12-47-11-8 = 0.5,4-45-20-11-8 = 0.5,4-20-12-47-8 = 0.25,4-45-12-47-23-8 = 0.25,,,,,,,,,,,,,,,,,,,,,,,,,
185,183,738.727,0,2.011,0,Prune by CG,,4-22-4 = 1.0,5-42-5 = 1.0,7-48-24-30-7 = 1.0,7-21-26-36-7 = 1.0,8-53-27-8 = 1.0,8-33-39-8 = 1.0,8-10-49-19-37-7 = 1.0,7-31-52-29-14-5 = 1.0,5-41-50-16-5 = 1.0,5-18-54-34-13-5 = 1.0,5-35-38-5 = 1.0,5-25-58-46-4 = 1.0,5-56-55-32-5 = 1.0,4-28-15-4 = 1.0,4-17-57-4 = 1.0,4-45-20-40-23-8 = 1.0,4-12-47-11-8 = 1.0,8-9-51-44-43-4 = 1.0,,,,,,,,,,,,,,,,,,,,,,,,,,,,,,,,
186,183,738.771,0,2.055,0,Prune by CG,,4-22-4 = 1.0,7-30-7 = 0.143,5-38-5 = 0.286,5-42-5 = 1.0,7-36-26-7 = 0.143,7-31-52-29-19-8 = 0.143,7-48-24-30-7 = 0.857,7-21-26-36-7 = 0.714,8-53-27-8 = 1.0,7-52-29-37-7 = 0.143,7-31-21-26-36-7 = 0.143,8-33-23-39-8 = 1.0,8-40-44-51-43-4 = 1.0,8-10-49-19-37-7 = 0.857,7-31-52-29-14-5 = 0.714,5-41-50-16-5 = 0.714,5-35-56-5 = 0.286,5-18-54-34-13-5 = 1.0,5-32-55-14-5 = 0.286,5-35-38-5 = 0.714,5-56-55-32-5 = 0.714,5-25-9-58-46-4 = 1.0,4-28-15-4 = 1.0,4-17-57-4 = 1.0,4-41-50-16-5 = 0.286,4-12-47-11-8 = 0.429,4-45-20-11-8 = 0.571,4-20-12-47-8 = 0.286,7-21-48-24-7 = 0.143,4-45-12-47-8 = 0.286,4-45-20-10-49-8 = 0.143,,,,,,,,,,,,,,,,,,,
178,175,734.98,9.062,0.373,0.285,187,188,4-22-4 = 1.0,8-33-8 = 0.375,8-39-8 = 0.375,5-42-5 = 1.0,7-31-52-29-19-8 = 0.25,7-48-24-30-7 = 1.0,7-21-26-36-7 = 0.625,8-53-27-8 = 1.0,7-52-29-37-7 = 0.375,7-31-21-26-36-7 = 0.375,8-33-23-39-8 = 0.375,8-33-39-8 = 0.25,8-12-10-19-8 = 0.125,8-12-47-11-8 = 0.625,8-12-9-10-49-8 = 0.25,8-40-44-51-43-4 = 0.375,8-10-49-19-37-7 = 0.625,7-31-52-29-14-5 = 0.375,5-41-50-16-5 = 0.062,5-35-56-14-5 = 0.312,5-18-54-34-13-5 = 1.0,5-32-55-14-5 = 0.312,5-38-50-16-5 = 0.156,5-38-41-57-4 = 0.156,5-35-38-5 = 0.688,5-25-58-51-47-4 = 0.375,5-56-55-32-5 = 0.688,5-25-9-58-46-4 = 0.625,8-49-51-44-43-4 = 0.125,4-15-28-4 = 0.844,4-17-57-4 = 0.844,4-17-15-28-4 = 0.156,4-45-20-40-23-8 = 0.625,4-41-50-16-5 = 0.781,4-45-20-11-8 = 0.375,8-9-51-44-43-4 = 0.125,4-44-46-43-4 = 0.375,,,,,,,,,,,,,
188,178,734.996,0,0.016,-9.062,Integer,,4-22-4 = 1.0,5-42-5 = 1.0,7-48-24-30-7 = 1.0,7-21-26-36-7 = 1.0,8-53-27-8 = 1.0,8-33-39-8 = 1.0,8-12-47-11-8 = 1.0,8-10-49-19-37-7 = 1.0,7-31-52-29-14-5 = 1.0,5-41-50-16-5 = 1.0,5-18-54-34-13-5 = 1.0,5-35-38-5 = 1.0,5-56-55-32-5 = 1.0,5-25-9-58-46-4 = 1.0,4-28-15-4 = 1.0,4-17-57-4 = 1.0,4-44-51-43-4 = 1.0,4-45-20-40-23-8 = 1.0,,,,,,,,,,,,,,,,,,,,,,,,,,,,,,,,
180,172,734.905,9,0.18,0.8,189,190,4-22-4 = 1.0,5-38-5 = 0.5,5-42-5 = 1.0,7-31-52-29-19-8 = 0.5,7-48-24-30-7 = 1.0,7-21-26-36-7 = 0.5,8-53-27-8 = 1.0,7-52-29-37-7 = 0.5,7-31-21-26-36-7 = 0.5,8-33-23-39-8 = 0.25,8-33-39-8 = 0.75,8-12-47-11-8 = 0.5,8-12-9-10-49-8 = 0.25,8-40-44-51-43-4 = 0.25,8-10-49-19-37-7 = 0.5,8-45-20-11-8 = 0.25,8-45-20-40-23-8 = 0.75,5-35-56-14-5 = 0.5,5-18-54-34-13-5 = 1.0,5-32-55-14-5 = 0.5,5-35-38-5 = 0.5,5-25-58-51-47-4 = 0.25,5-56-55-32-5 = 0.5,5-25-9-58-46-4 = 0.75,4-28-15-4 = 0.75,4-17-57-4 = 1.0,4-51-46-43-4 = 0.25,4-44-51-43-4 = 0.25,4-41-50-16-5 = 1.0,4-12-47-11-8 = 0.25,4-44-28-15-4 = 0.25,8-49-10-44-43-8 = 0.25,,,,,,,,,,,,,,,,,,
189,180,735.432,0,0.527,0,Prune by CG,,4-22-4 = 1.0,5-38-5 = 0.5,5-42-5 = 1.0,7-31-52-29-19-8 = 0.5,7-48-24-30-7 = 1.0,7-21-26-36-7 = 0.5,8-53-27-8 = 1.0,7-52-29-37-7 = 0.5,7-31-21-26-36-7 = 0.5,8-33-23-39-8 = 0.5,8-33-39-8 = 0.5,8-12-9-10-49-8 = 0.5,8-40-44-51-43-4 = 0.5,8-10-49-19-37-7 = 0.5,8-45-20-11-8 = 0.5,8-45-20-40-23-8 = 0.5,5-35-56-14-5 = 0.5,5-18-54-34-13-5 = 1.0,5-32-55-14-5 = 0.5,5-35-38-5 = 0.5,5-25-58-51-47-4 = 0.5,5-56-55-32-5 = 0.5,5-25-9-58-46-4 = 0.5,4-28-15-4 = 1.0,4-17-57-4 = 1.0,4-41-50-16-5 = 1.0,4-12-47-11-8 = 0.5,4-44-46-43-4 = 0.5,,,,,,,,,,,,,,,,,,,,,,
190,180,737.332,0,2.427,0,Prune by CG,,4-22-4 = 1.0,8-33-8 = 0.286,8-39-8 = 0.286,5-42-5 = 1.0,7-36-26-7 = 0.286,7-31-52-29-19-8 = 0.286,7-21-52-29-7 = 0.286,7-48-24-30-7 = 1.0,7-21-26-36-7 = 0.429,7-31-49-10-43-5 = 0.286,8-53-27-8 = 1.0,7-52-29-37-7 = 0.286,7-31-21-26-36-7 = 0.286,8-33-39-8 = 0.714,8-12-47-11-8 = 0.571,8-10-49-19-37-7 = 0.714,7-31-52-29-14-5 = 0.143,8-45-20-40-23-8 = 1.0,5-18-54-34-13-5 = 0.143,5-35-38-5 = 1.0,5-56-55-32-5 = 1.0,5-18-54-13-14-5 = 0.429,5-18-54-34-14-5 = 0.429,5-25-9-58-46-4 = 0.714,5-25-9-58-51-4 = 0.286,5-34-13-51-43-4 = 0.429,4-17-57-4 = 1.0,4-51-46-43-4 = 0.286,4-41-50-16-5 = 1.0,4-12-47-11-8 = 0.429,4-44-28-15-4 = 1.0,,,,,,,,,,,,,,,,,,,
176,173,736.503,6.833,2.584,-2.729,Prune by UB,,4-22-4 = 1.0,8-33-8 = 0.25,8-39-8 = 0.5,5-42-5 = 1.0,7-31-52-29-19-8 = 0.167,7-48-24-30-7 = 1.0,7-21-26-36-7 = 0.833,8-53-27-8 = 1.0,7-52-29-37-7 = 0.167,7-31-21-26-36-7 = 0.167,8-33-23-39-8 = 0.25,8-33-39-8 = 0.25,8-33-40-11-8 = 0.25,8-12-47-43-4 = 0.333,8-12-47-11-8 = 0.5,8-12-9-10-49-8 = 0.167,8-10-49-19-37-7 = 0.833,7-31-52-29-14-5 = 0.667,5-41-50-16-5 = 0.333,5-18-54-34-13-5 = 0.667,5-35-38-5 = 1.0,5-25-58-51-47-4 = 0.167,5-56-55-32-5 = 1.0,5-18-54-14-5 = 0.333,5-25-9-58-46-4 = 0.667,5-25-9-58-51-4 = 0.167,5-34-13-51-43-4 = 0.333,4-17-57-4 = 1.0,4-51-46-43-4 = 0.333,4-45-20-40-23-8 = 0.75,4-41-50-16-5 = 0.667,4-45-20-11-8 = 0.25,4-44-28-15-4 = 1.0,,,,,,,,,,,,,,,,,
139,138,734.295,7.243,0.35,0.799,191,192,4-22-4 = 1.0,8-33-8 = 0.243,5-38-5 = 0.122,8-39-8 = 0.243,5-42-5 = 1.0,7-31-52-29-19-8 = 0.892,7-48-24-30-7 = 1.0,7-21-26-36-7 = 0.892,7-52-29-37-7 = 0.108,7-31-21-26-36-7 = 0.108,8-33-23-39-8 = 0.405,8-33-39-8 = 0.351,8-12-44-15-4 = 0.095,8-12-44-28-4 = 0.122,8-12-47-11-8 = 0.622,8-40-44-51-43-4 = 0.405,8-12-9-34-13-14-5 = 0.081,8-45-20-44-43-4 = 0.027,5-35-56-14-5 = 0.122,5-18-54-34-13-5 = 0.541,5-32-55-14-5 = 0.122,5-35-38-5 = 0.878,5-25-51-43-4 = 0.297,5-56-55-32-5 = 0.878,5-18-54-13-14-5 = 0.378,5-18-54-34-14-5 = 0.081,5-34-58-10-46-4 = 0.297,4-15-28-4 = 0.878,4-17-57-4 = 1.0,5-25-58-49-37-7 = 0.703,8-9-46-19-37-7 = 0.108,8-9-10-46-47-4 = 0.378,4-45-20-40-23-8 = 0.595,4-41-50-16-5 = 1.0,4-45-20-11-8 = 0.378,8-27-53-8 = 1.0,8-49-46-43-14-5 = 0.216,8-9-51-44-15-4 = 0.027,8-12-9-49-37-7 = 0.081,8-9-10-51-44-4 = 0.27,8-9-10-44-43-4 = 0.054,,,,,,,,,
191,139,738.765,0,4.47,0,Prune by CG,,4-22-4 = 1.0,8-33-8 = 0.333,8-39-8 = 0.333,5-42-5 = 1.0,7-31-52-29-19-8 = 0.5,7-48-24-30-7 = 1.0,7-21-26-36-7 = 1.0,8-53-27-8 = 1.0,8-33-23-39-8 = 0.167,8-33-39-8 = 0.5,8-12-47-11-8 = 0.5,8-10-51-43-4 = 0.167,8-40-44-51-43-4 = 0.667,7-31-52-29-14-5 = 0.5,5-18-54-34-13-5 = 0.5,5-35-38-5 = 1.0,5-25-10-44-4 = 0.333,5-25-51-43-4 = 0.167,5-56-55-32-5 = 1.0,5-18-54-13-14-5 = 0.5,5-34-58-10-46-4 = 0.5,4-28-15-4 = 0.667,4-15-57-4 = 0.167,4-17-57-4 = 0.833,4-17-15-28-4 = 0.167,4-45-20-28-4 = 0.167,8-9-46-19-37-7 = 0.5,5-25-58-49-47-23-8 = 0.5,4-45-20-40-23-8 = 0.333,4-41-50-16-5 = 1.0,4-45-20-11-8 = 0.5,8-12-9-49-37-7 = 0.5,,,,,,,,,,,,,,,,,,
192,139,734.818,6.309,0.522,-0.934,193,194,4-22-4 = 1.0,8-33-8 = 0.255,8-39-8 = 0.255,5-42-5 = 1.0,7-31-52-29-19-7 = 0.045,7-31-52-29-19-8 = 0.864,7-31-52-37-7 = 0.045,7-48-24-30-7 = 1.0,7-21-26-36-7 = 1.0,8-53-27-8 = 1.0,7-52-29-37-7 = 0.045,8-33-23-39-8 = 0.364,8-33-39-8 = 0.382,8-12-44-15-4 = 0.064,8-12-44-43-4 = 0.1,8-12-44-28-4 = 0.064,8-12-47-11-8 = 0.591,8-12-9-46-4 = 0.055,8-40-44-51-43-4 = 0.364,7-31-29-19-37-7 = 0.045,8-12-9-34-13-14-5 = 0.127,8-51-46-43-4 = 0.045,5-18-54-34-13-5 = 0.309,5-35-38-5 = 1.0,5-25-51-43-4 = 0.182,5-56-55-32-5 = 1.0,5-18-54-13-14-5 = 0.436,5-18-54-34-14-5 = 0.255,5-34-13-46-43-4 = 0.127,5-34-58-10-46-4 = 0.182,4-15-28-4 = 0.936,4-17-57-4 = 1.0,5-25-58-49-37-7 = 0.818,8-9-10-46-47-4 = 0.409,4-45-20-40-23-8 = 0.636,4-41-50-16-5 = 1.0,4-45-20-11-8 = 0.364,8-11-19-37-7 = 0.045,8-49-46-43-14-5 = 0.182,8-9-10-51-44-4 = 0.409,,,,,,,,,,
193,192,738.911,0,4.093,0,Prune by CG,,4-22-4 = 1.0,8-39-8 = 0.5,5-42-5 = 1.0,7-31-52-29-19-8 = 0.924,7-48-24-30-7 = 1.0,7-21-26-36-7 = 0.924,8-53-27-8 = 1.0,7-52-29-37-7 = 0.076,7-31-21-26-36-7 = 0.076,8-33-23-39-8 = 0.5,8-33-40-11-8 = 0.5,8-12-44-43-4 = 0.545,8-12-47-43-4 = 0.348,8-12-9-43-14-5 = 0.106,5-35-56-14-5 = 0.045,5-18-54-34-13-5 = 0.364,5-32-55-14-5 = 0.045,5-35-38-5 = 0.955,5-56-55-32-5 = 0.955,5-18-54-13-14-5 = 0.303,5-54-34-13-14-5 = 0.106,5-25-58-51-14-5 = 0.167,5-18-54-34-14-5 = 0.227,5-34-13-51-46-4 = 0.197,5-34-58-10-46-4 = 0.106,4-15-28-4 = 1.0,4-17-57-4 = 1.0,5-25-58-49-37-7 = 0.727,8-9-10-46-47-4 = 0.515,4-45-20-40-23-8 = 0.5,4-41-50-16-5 = 1.0,4-45-20-11-8 = 0.5,5-42-38-5 = 0.045,4-44-51-19-37-7 = 0.076,4-51-46-37-7 = 0.015,8-9-10-51-44-4 = 0.379,8-49-51-46-13-5 = 0.03,5-18-25-49-37-7 = 0.106,8-49-51-46-47-8 = 0.136,,,,,,,,,,,
194,192,734.825,6.224,0.007,-0.085,195,196,4-22-4 = 1.0,8-33-8 = 0.266,8-39-8 = 0.266,5-42-5 = 1.0,7-31-52-29-19-7 = 0.042,7-31-52-29-19-8 = 0.874,7-31-52-37-7 = 0.042,7-48-24-30-7 = 1.0,7-21-26-36-7 = 1.0,8-53-27-8 = 1.0,7-52-29-37-7 = 0.042,8-33-23-39-8 = 0.336,8-33-39-8 = 0.399,8-12-44-15-4 = 0.105,8-12-44-28-4 = 0.105,8-12-47-11-8 = 0.622,8-12-9-46-4 = 0.035,8-40-44-51-43-4 = 0.336,7-31-29-19-37-7 = 0.042,8-12-9-34-13-14-5 = 0.133,8-51-46-43-4 = 0.119,5-18-54-34-13-5 = 0.301,5-35-38-5 = 1.0,5-25-51-43-4 = 0.168,5-56-55-32-5 = 1.0,5-18-54-13-14-5 = 0.434,5-18-54-34-14-5 = 0.266,5-34-13-46-43-4 = 0.133,5-34-58-10-46-4 = 0.168,4-15-28-4 = 0.895,4-17-57-4 = 1.0,5-25-58-49-37-7 = 0.832,8-9-10-46-47-4 = 0.378,4-45-20-40-23-8 = 0.664,4-41-50-16-5 = 1.0,4-45-20-11-8 = 0.336,8-11-19-37-7 = 0.042,8-49-46-43-14-5 = 0.168,8-9-10-51-44-4 = 0.378,8-9-10-44-43-4 = 0.077,,,,,,,,,,
195,194,737.221,0,2.396,0,Prune by CG,,4-22-4 = 1.0,8-33-8 = 0.167,8-39-8 = 0.241,5-42-5 = 1.0,7-36-26-7 = 0.259,7-31-52-29-19-8 = 0.667,7-31-52-37-7 = 0.037,7-48-24-30-7 = 1.0,7-21-52-49-58-5 = 0.259,7-21-26-36-7 = 0.481,8-53-27-8 = 1.0,7-31-21-26-36-7 = 0.259,8-33-23-39-8 = 0.074,8-33-39-8 = 0.685,8-33-40-11-8 = 0.074,8-12-44-15-4 = 0.167,8-12-44-28-4 = 0.167,8-12-47-11-8 = 0.481,8-12-9-34-13-14-5 = 0.074,7-31-52-29-14-5 = 0.037,5-18-54-34-13-5 = 0.111,5-35-38-5 = 1.0,5-25-51-43-4 = 0.667,5-56-55-32-5 = 1.0,5-18-54-13-14-5 = 0.519,5-18-54-34-14-5 = 0.37,5-34-10-44-43-4 = 0.037,5-34-13-46-43-4 = 0.296,5-34-58-10-46-4 = 0.111,4-15-28-4 = 0.833,4-17-57-4 = 1.0,5-25-58-49-37-7 = 0.333,8-9-10-46-47-4 = 0.519,4-45-20-40-23-8 = 0.926,4-41-50-16-5 = 1.0,4-45-20-11-8 = 0.074,8-11-19-37-7 = 0.333,8-9-10-51-44-4 = 0.333,8-12-49-11-8 = 0.037,8-12-9-49-46-5 = 0.074,4-44-58-49-29-37-7 = 0.296,,,,,,,,,
196,194,735.178,0,0.353,0,Prune by CG,,4-22-4 = 1.0,5-38-5 = 0.5,8-39-8 = 0.167,5-42-5 = 1.0,7-31-52-29-19-8 = 1.0,7-48-24-30-7 = 1.0,7-21-26-36-7 = 1.0,8-53-27-8 = 1.0,8-33-23-39-8 = 0.167,8-33-39-8 = 0.667,8-33-40-11-8 = 0.167,8-12-44-28-4 = 0.333,8-12-47-11-8 = 0.667,8-51-46-43-4 = 0.667,5-35-56-14-5 = 0.5,5-18-54-34-13-5 = 1.0,5-32-55-14-5 = 0.5,5-35-38-5 = 0.5,5-56-55-32-5 = 0.5,4-15-28-4 = 0.333,4-15-57-4 = 0.333,4-17-57-4 = 0.667,4-17-15-28-4 = 0.333,5-25-58-49-37-7 = 1.0,8-9-10-46-47-4 = 0.333,4-45-20-40-23-8 = 0.833,4-41-50-16-5 = 1.0,4-45-20-11-8 = 0.167,8-9-10-51-44-4 = 0.333,8-9-10-44-43-4 = 0.333,,,,,,,,,,,,,,,,,,,,
81,79,735.808,7.341,0.356,0.841,Prune by UB,,4-22-4 = 1.0,8-33-8 = 0.011,8-39-8 = 0.159,5-42-5 = 1.0,7-21-55-14-5 = 0.045,7-36-26-7 = 0.5,7-31-52-29-19-7 = 0.5,7-21-32-14-5 = 0.045,7-48-24-30-7 = 1.0,7-21-54-14-5 = 0.409,7-52-29-37-7 = 0.5,8-12-46-13-5 = 0.091,7-31-21-26-36-7 = 0.5,8-33-23-39-8 = 0.148,8-33-39-8 = 0.693,8-33-40-11-8 = 0.148,8-12-47-11-8 = 0.705,8-12-9-10-49-8 = 0.205,8-10-49-19-37-7 = 0.5,8-45-20-11-8 = 0.148,8-45-20-40-23-8 = 0.261,5-35-56-38-5 = 0.045,5-18-54-34-13-5 = 0.159,5-35-38-5 = 0.955,5-56-55-32-5 = 0.955,5-18-54-13-14-5 = 0.432,5-18-25-58-44-4 = 0.023,5-18-25-58-13-5 = 0.318,5-18-25-9-58-14-5 = 0.068,5-25-9-58-46-4 = 0.591,5-34-51-44-43-4 = 0.841,8-49-10-46-47-8 = 0.295,4-15-28-4 = 1.0,4-17-57-4 = 1.0,4-51-46-43-4 = 0.023,4-45-20-40-23-8 = 0.591,4-41-50-16-5 = 1.0,8-27-53-8 = 1.0,5-9-51-44-43-4 = 0.136,,,,,,,,,,,
74,71,733.567,9.907,0.607,1.484,197,198,4-22-4 = 1.0,8-33-8 = 0.337,8-39-8 = 0.593,5-42-5 = 1.0,7-36-26-7 = 0.058,7-31-52-29-19-8 = 0.477,7-48-24-30-7 = 1.0,7-31-52-54-5 = 0.209,7-21-26-36-7 = 0.686,8-40-28-15-4 = 0.07,7-52-29-37-7 = 0.314,7-31-21-26-36-7 = 0.256,8-33-23-39-8 = 0.407,8-33-40-11-8 = 0.256,8-12-47-11-8 = 0.744,7-31-29-19-37-7 = 0.058,5-41-50-16-5 = 0.291,5-35-56-21-7 = 0.058,5-35-56-14-5 = 0.174,5-18-54-55-5 = 0.012,5-18-54-32-5 = 0.012,5-18-54-34-13-5 = 0.605,5-32-55-14-5 = 0.221,5-38-50-16-5 = 0.116,5-38-41-57-4 = 0.116,5-35-38-5 = 0.767,5-56-55-32-5 = 0.767,5-18-25-54-5 = 0.163,5-18-25-9-58-14-5 = 0.209,5-34-58-10-46-4 = 0.244,8-49-10-46-47-4 = 0.256,8-49-10-51-44-4 = 0.5,4-15-28-4 = 0.814,4-17-57-4 = 0.884,4-17-15-28-4 = 0.116,5-34-58-29-19-37-7 = 0.151,4-12-44-43-4 = 0.093,5-25-9-19-37-7 = 0.233,4-45-20-44-43-4 = 0.407,4-51-46-43-4 = 0.5,5-25-9-58-13-14-5 = 0.395,4-45-20-40-23-8 = 0.593,4-41-50-16-5 = 0.593,8-27-53-8 = 1.0,8-12-9-49-37-7 = 0.163,8-40-49-19-37-7 = 0.081,,,,
197,74,736.499,0,2.932,0,Prune by CG,,4-22-4 = 1.0,8-33-8 = 0.172,8-39-8 = 0.422,5-42-5 = 1.0,7-31-52-29-19-8 = 0.203,7-48-24-30-7 = 1.0,7-31-52-54-5 = 0.359,7-21-26-36-7 = 1.0,8-53-27-8 = 1.0,8-33-23-39-8 = 0.25,8-33-39-8 = 0.328,8-33-40-11-8 = 0.25,8-12-47-11-8 = 0.625,7-31-52-29-14-5 = 0.438,8-45-20-40-23-8 = 0.078,5-41-50-16-5 = 0.609,5-35-56-14-5 = 0.062,5-18-54-34-13-5 = 0.641,5-32-55-14-5 = 0.062,5-38-50-16-5 = 0.031,5-38-41-57-4 = 0.031,5-35-38-5 = 0.938,5-56-55-32-5 = 0.938,5-18-25-9-58-14-5 = 0.078,5-34-58-10-46-4 = 0.125,8-49-10-46-47-4 = 0.375,8-49-10-51-44-4 = 0.5,4-15-28-4 = 0.969,4-17-57-4 = 0.969,4-17-15-28-4 = 0.031,5-34-58-29-19-37-7 = 0.156,4-12-44-43-4 = 0.25,5-25-9-19-37-7 = 0.563,4-45-20-44-43-4 = 0.25,4-51-46-43-4 = 0.5,5-25-9-58-13-14-5 = 0.359,4-45-20-40-23-8 = 0.672,4-41-50-16-5 = 0.359,5-18-58-29-37-7 = 0.203,5-18-34-58-19-37-7 = 0.078,8-12-49-11-8 = 0.125,,,,,,,,,
28,26,734.051,6.5,2.806,-2.625,199,200,4-22-4 = 1.0,8-33-8 = 0.25,8-39-8 = 0.5,5-42-5 = 1.0,7-31-52-29-19-8 = 0.5,7-48-24-30-7 = 1.0,7-21-26-36-7 = 0.5,7-52-29-37-7 = 0.5,7-31-21-26-36-7 = 0.5,8-33-23-39-8 = 0.25,8-33-39-8 = 0.25,8-33-40-11-8 = 0.25,8-12-47-11-8 = 0.75,8-12-9-10-49-8 = 0.25,8-10-49-19-37-7 = 0.5,8-45-20-44-43-4 = 0.25,8-45-20-40-23-8 = 0.5,5-41-50-16-5 = 1.0,5-18-54-34-13-5 = 1.0,5-35-38-5 = 1.0,5-56-55-32-5 = 1.0,5-25-58-51-14-5 = 0.25,5-25-9-58-46-4 = 0.75,8-49-10-46-47-8 = 0.25,4-15-28-4 = 1.0,4-17-57-4 = 1.0,4-45-20-40-23-8 = 0.25,8-27-53-8 = 1.0,4-44-51-43-14-5 = 0.75,,,,,,,,,,,,,,,,,,,,,
199,28,735.703,0,1.652,0,Prune by CG,,4-22-4 = 1.0,8-39-8 = 1.0,5-42-5 = 1.0,7-31-52-29-19-8 = 0.5,7-48-24-30-7 = 1.0,7-21-26-36-7 = 0.5,8-53-27-8 = 1.0,7-52-29-37-7 = 0.5,7-31-21-26-36-7 = 0.5,8-12-47-11-8 = 0.75,8-12-9-10-49-8 = 0.25,8-10-49-19-37-7 = 0.5,8-45-20-11-8 = 0.25,5-41-50-16-5 = 1.0,5-18-54-34-13-5 = 1.0,5-35-38-5 = 1.0,5-56-55-32-5 = 1.0,5-25-58-51-14-5 = 0.25,5-25-9-58-46-4 = 0.75,8-49-10-46-47-8 = 0.25,4-15-57-4 = 0.5,4-17-57-4 = 0.5,4-17-15-28-4 = 0.5,4-45-20-28-4 = 0.5,4-45-20-44-43-4 = 0.25,8-33-40-23-8 = 1.0,4-44-51-43-14-5 = 0.75,,,,,,,,,,,,,,,,,,,,,,,
158,156,733.415,9.717,0.637,-0.194,201,202,4-22-4 = 1.0,8-33-8 = 0.352,5-38-5 = 0.264,8-39-8 = 0.352,5-42-5 = 1.0,7-31-52-29-19-7 = 0.311,7-31-52-29-19-8 = 0.066,7-31-52-37-7 = 0.311,7-48-24-30-7 = 1.0,7-21-26-36-7 = 1.0,7-52-29-37-7 = 0.311,8-33-23-39-8 = 0.547,8-33-39-8 = 0.101,8-12-44-28-4 = 0.066,8-12-47-11-8 = 0.934,8-40-44-51-43-4 = 0.406,7-31-29-19-37-7 = 0.311,8-40-49-46-43-4 = 0.142,5-35-56-14-5 = 0.264,5-18-54-34-13-5 = 0.528,5-32-55-14-5 = 0.264,5-35-38-5 = 0.736,5-25-58-10-49-8 = 0.258,5-56-55-32-5 = 0.736,5-18-54-13-14-5 = 0.226,5-54-34-13-14-5 = 0.245,5-25-9-10-58-5 = 0.484,5-25-9-58-46-4 = 0.258,5-34-51-44-15-4 = 0.226,8-49-46-47-43-4 = 0.053,8-49-44-51-46-4 = 0.135,4-15-57-4 = 0.387,4-17-57-4 = 0.613,4-17-15-28-4 = 0.387,8-49-44-46-43-4 = 0.167,4-45-20-28-4 = 0.547,4-51-46-43-4 = 0.233,5-18-9-10-49-19-8 = 0.245,4-45-20-40-23-8 = 0.453,4-41-50-16-5 = 1.0,8-27-53-8 = 1.0,8-11-19-37-7 = 0.066,5-9-10-46-47-8 = 0.013,,,,,,,
202,158,734.024,8,0.609,-1.717,203,204,4-22-4 = 1.0,5-38-5 = 0.333,5-42-5 = 1.0,7-31-52-29-19-7 = 0.333,7-31-52-37-7 = 0.333,7-48-24-30-7 = 1.0,7-21-26-36-7 = 1.0,8-53-27-8 = 1.0,7-52-29-37-7 = 0.333,8-33-23-39-8 = 0.333,8-33-39-8 = 0.667,8-12-47-11-8 = 1.0,8-40-44-51-43-4 = 0.333,7-31-29-19-37-7 = 0.333,8-45-20-40-23-8 = 0.667,5-35-56-14-5 = 0.333,5-18-54-34-13-5 = 0.667,5-32-55-14-5 = 0.333,5-35-38-5 = 0.667,5-25-58-10-49-8 = 0.333,5-56-55-32-5 = 0.667,5-54-34-13-14-5 = 0.333,5-25-9-10-58-5 = 0.333,5-25-9-58-46-4 = 0.333,8-49-51-44-43-4 = 0.333,4-28-15-4 = 0.667,4-17-57-4 = 1.0,4-45-20-28-4 = 0.333,4-51-46-43-4 = 0.333,5-18-9-10-49-19-8 = 0.333,4-41-50-16-5 = 1.0,4-44-46-15-4 = 0.333,,,,,,,,,,,,,,,,,,
204,202,735.088,0,1.064,0,Prune by CG,,4-22-4 = 1.0,8-33-8 = 0.273,5-38-5 = 0.247,8-39-8 = 0.273,5-42-5 = 1.0,7-36-26-7 = 0.26,7-31-52-29-19-7 = 0.13,7-48-24-30-7 = 1.0,7-21-52-49-47-4 = 0.26,8-53-27-8 = 1.0,7-52-29-37-7 = 0.61,7-31-21-26-36-7 = 0.74,8-33-23-39-8 = 0.169,8-33-39-8 = 0.558,8-45-20-28-4 = 0.156,8-12-44-28-4 = 0.299,8-12-47-11-8 = 0.701,7-31-29-19-37-7 = 0.13,8-45-20-40-23-8 = 0.831,8-45-44-51-46-4 = 0.013,5-35-56-14-5 = 0.247,5-18-54-34-13-5 = 0.494,5-32-55-14-5 = 0.247,5-35-38-5 = 0.753,5-25-58-10-49-8 = 0.26,5-56-55-32-5 = 0.753,5-18-54-13-14-5 = 0.286,5-54-34-13-14-5 = 0.221,5-25-9-10-58-5 = 0.532,5-25-9-58-46-4 = 0.208,5-34-51-44-15-4 = 0.286,4-28-15-4 = 0.234,4-15-57-4 = 0.169,4-17-57-4 = 0.831,4-17-15-28-4 = 0.169,5-18-9-46-43-4 = 0.039,4-51-46-43-4 = 0.701,5-18-9-10-49-19-8 = 0.182,8-40-49-19-11-8 = 0.169,4-41-50-16-5 = 1.0,4-44-43-19-37-7 = 0.26,8-49-29-19-11-8 = 0.13,4-44-28-15-4 = 0.143,5-9-10-46-47-8 = 0.026,4-20-9-46-47-4 = 0.013,,,,,
201,158,734.582,7.5,1.167,-2.217,205,206,4-22-4 = 1.0,8-33-8 = 0.25,5-38-5 = 0.375,8-39-8 = 0.25,5-42-5 = 1.0,7-36-26-7 = 0.375,7-31-52-29-19-8 = 0.5,7-31-52-37-7 = 0.125,7-48-24-30-7 = 1.0,7-21-26-36-7 = 0.625,7-31-49-46-43-4 = 0.25,8-53-27-8 = 1.0,7-52-29-37-7 = 0.375,8-33-23-39-8 = 0.75,8-12-47-11-8 = 1.0,7-31-29-19-37-7 = 0.125,8-40-49-46-43-4 = 0.75,5-35-56-21-7 = 0.375,5-18-54-34-13-5 = 0.375,5-32-55-14-5 = 0.375,5-35-38-5 = 0.625,5-56-55-32-5 = 0.625,5-18-54-13-14-5 = 0.625,5-25-9-10-58-5 = 1.0,5-34-51-44-15-4 = 0.625,4-28-15-4 = 0.125,4-15-57-4 = 0.125,4-17-57-4 = 0.875,4-17-15-28-4 = 0.125,4-45-20-28-4 = 0.75,4-45-20-40-23-8 = 0.25,4-41-50-16-5 = 1.0,4-44-51-19-37-7 = 0.375,,,,,,,,,,,,,,,,,
205,201,735.166,0,0.583,0,Prune by CG,,4-22-4 = 1.0,8-33-8 = 0.167,5-38-5 = 0.333,8-39-8 = 0.167,5-42-5 = 1.0,7-36-26-7 = 0.333,7-31-52-29-19-8 = 0.333,7-31-52-37-7 = 0.333,7-48-24-30-7 = 1.0,7-21-26-36-7 = 0.667,8-53-27-8 = 1.0,7-52-29-37-7 = 0.333,8-33-23-39-8 = 0.667,8-33-39-8 = 0.167,8-12-47-11-8 = 1.0,7-31-29-19-37-7 = 0.333,8-40-49-46-43-4 = 0.667,5-35-56-21-7 = 0.333,5-18-54-34-13-5 = 0.333,5-32-55-14-5 = 0.333,5-35-38-5 = 0.667,5-56-55-32-5 = 0.667,5-18-54-13-14-5 = 0.667,5-25-9-10-58-5 = 1.0,5-34-51-44-15-4 = 0.667,4-28-15-4 = 0.333,4-17-57-4 = 1.0,8-49-44-46-43-4 = 0.167,4-45-20-28-4 = 0.667,4-45-20-40-23-8 = 0.333,4-41-50-16-5 = 1.0,4-44-51-43-19-8 = 0.167,8-49-51-46-19-8 = 0.167,,,,,,,,,,,,,,,,,
206,201,737.347,0,2.765,0,Prune by CG,,4-22-4 = 1.0,5-42-5 = 1.0,7-36-26-7 = 1.0,7-21-52-29-7 = 1.0,7-48-24-30-7 = 1.0,7-31-49-46-43-4 = 1.0,8-53-27-8 = 1.0,8-33-39-8 = 1.0,8-12-47-11-8 = 1.0,8-45-20-40-23-8 = 1.0,5-41-50-16-5 = 0.5,5-35-56-14-5 = 0.5,5-18-54-34-13-5 = 1.0,5-32-55-14-5 = 0.5,5-38-50-16-5 = 0.25,5-38-41-57-4 = 0.25,5-35-38-5 = 0.5,5-56-55-32-5 = 0.5,5-25-9-10-58-5 = 1.0,4-28-15-4 = 0.75,4-17-57-4 = 0.75,4-17-15-28-4 = 0.25,4-41-50-16-5 = 0.25,4-44-51-19-37-7 = 1.0,,,,,,,,,,,,,,,,,,,,,,,,,,
24,8,732.024,8.787,1.713,-0.671,207,208,4-22-4 = 1.0,8-33-8 = 0.471,8-39-8 = 0.535,5-42-5 = 1.0,7-31-52-29-19-8 = 0.523,7-48-24-30-7 = 1.0,7-21-26-36-7 = 0.523,7-52-29-37-7 = 0.477,7-31-21-26-36-7 = 0.477,8-33-23-39-8 = 0.465,8-33-40-11-8 = 0.065,8-12-44-28-4 = 0.006,8-12-47-11-8 = 0.884,8-12-9-10-49-8 = 0.026,8-40-44-51-43-4 = 0.4,8-10-49-19-37-7 = 0.316,5-18-54-34-13-5 = 0.471,5-35-38-5 = 1.0,5-54-58-49-37-7 = 0.103,5-25-51-43-4 = 0.29,5-56-55-32-5 = 1.0,5-18-54-13-14-5 = 0.426,5-25-9-46-47-4 = 0.116,5-18-58-49-19-37-7 = 0.103,5-25-9-51-44-4 = 0.297,5-25-9-44-43-4 = 0.297,5-34-58-46-15-4 = 0.394,5-34-58-10-46-5 = 0.084,4-28-15-4 = 0.606,4-17-57-4 = 1.0,5-34-58-49-19-11-8 = 0.052,4-45-20-28-4 = 0.387,4-51-46-43-4 = 0.013,4-45-20-40-23-8 = 0.535,4-41-50-16-5 = 1.0,4-12-9-58-49-19-8 = 0.006,8-49-10-46-14-5 = 0.394,4-45-12-9-58-14-5 = 0.077,8-27-53-8 = 1.0,4-20-9-10-58-5 = 0.077,4-9-10-58-13-14-5 = 0.103,,,,,,,,,
208,24,732.162,8.68,0.138,-0.107,209,210,4-22-4 = 1.0,8-33-8 = 0.338,8-39-8 = 0.376,5-42-5 = 1.0,7-36-26-7 = 0.289,7-31-52-29-19-8 = 0.385,7-21-52-29-7 = 0.289,7-48-24-30-7 = 1.0,7-21-26-36-7 = 0.385,7-31-49-10-58-14-5 = 0.289,8-53-27-8 = 1.0,7-52-29-37-7 = 0.326,7-31-21-26-36-7 = 0.326,8-33-23-39-8 = 0.432,8-33-39-8 = 0.191,8-33-40-11-8 = 0.038,8-12-44-28-4 = 0.001,8-12-47-11-8 = 0.962,8-12-9-10-49-8 = 0.037,8-40-44-51-43-4 = 0.394,8-10-49-19-37-7 = 0.557,5-18-54-34-13-5 = 0.508,5-35-38-5 = 1.0,5-54-58-49-37-7 = 0.059,5-25-51-43-4 = 0.096,5-56-55-32-5 = 1.0,5-18-54-58-13-5 = 0.043,5-18-54-13-14-5 = 0.391,5-25-9-46-47-4 = 0.038,5-18-58-49-19-37-7 = 0.059,5-25-9-51-44-4 = 0.302,5-25-9-46-14-5 = 0.262,5-25-9-44-43-4 = 0.302,5-34-58-46-15-4 = 0.434,5-34-58-10-46-5 = 0.059,4-28-15-4 = 0.566,4-17-57-4 = 1.0,4-45-20-28-4 = 0.432,4-51-46-43-4 = 0.208,4-45-20-40-23-8 = 0.568,4-41-50-16-5 = 1.0,5-9-10-58-13-14-5 = 0.059,,,,,,,,
210,208,732.553,7.952,0.39,-0.727,211,212,4-22-4 = 1.0,8-33-8 = 0.405,8-39-8 = 0.405,5-42-5 = 1.0,7-31-52-29-19-8 = 0.524,7-48-24-30-7 = 1.0,7-21-26-36-7 = 0.524,8-53-27-8 = 1.0,7-52-29-37-7 = 0.476,7-31-21-26-36-7 = 0.476,8-33-23-39-8 = 0.333,8-33-39-8 = 0.262,8-12-47-11-8 = 0.881,8-12-9-10-49-8 = 0.119,8-40-44-51-43-4 = 0.333,8-10-49-19-37-7 = 0.143,8-45-20-40-23-8 = 0.595,5-18-54-34-13-5 = 0.5,5-35-38-5 = 1.0,5-54-58-49-37-7 = 0.167,5-25-51-43-4 = 0.286,5-56-55-32-5 = 1.0,5-18-54-13-14-5 = 0.286,5-54-34-13-14-5 = 0.048,5-25-9-46-47-4 = 0.119,5-18-58-49-19-37-7 = 0.214,5-25-9-51-44-4 = 0.333,5-25-9-46-14-5 = 0.262,5-34-58-10-46-5 = 0.333,4-28-15-4 = 1.0,4-17-57-4 = 1.0,5-34-58-49-19-11-8 = 0.119,4-45-20-44-43-4 = 0.333,4-51-46-43-4 = 0.048,4-45-20-40-23-8 = 0.071,4-41-50-16-5 = 1.0,8-49-10-46-14-5 = 0.238,5-9-10-58-13-14-5 = 0.167,,,,,,,,,,,,
211,210,733.322,8.022,0.769,0.07,213,214,4-22-4 = 1.0,8-33-8 = 0.244,8-39-8 = 0.556,5-42-5 = 1.0,7-31-52-29-19-7 = 0.311,7-48-24-30-7 = 1.0,7-21-26-36-7 = 0.644,7-31-49-10-58-14-5 = 0.333,8-53-27-8 = 1.0,7-52-29-37-7 = 0.689,7-31-21-26-36-7 = 0.356,8-33-23-39-8 = 0.333,8-33-39-8 = 0.111,8-33-40-11-8 = 0.311,8-12-44-15-4 = 0.156,8-12-44-28-4 = 0.156,8-12-47-11-8 = 0.689,8-40-44-51-43-4 = 0.022,8-45-20-40-23-8 = 0.533,5-18-54-34-13-5 = 0.533,5-35-38-5 = 1.0,5-54-58-49-37-7 = 0.067,5-25-51-43-4 = 0.156,5-56-55-32-5 = 1.0,5-18-54-13-14-5 = 0.378,5-54-34-13-14-5 = 0.022,5-25-9-46-47-4 = 0.311,5-18-58-49-19-37-7 = 0.089,5-25-9-51-44-4 = 0.333,5-25-9-46-14-5 = 0.2,5-34-58-10-49-19-8 = 0.356,4-28-15-4 = 0.844,4-17-57-4 = 1.0,5-34-58-10-49-19-7 = 0.089,4-45-20-44-43-4 = 0.333,4-51-46-43-4 = 0.489,4-45-20-40-23-8 = 0.133,4-41-50-16-5 = 1.0,8-9-10-19-37-7 = 0.156,7-49-10-58-13-14-5 = 0.067,,,,,,,,,,
212,210,733.542,8.231,0.989,0.278,215,216,4-22-4 = 1.0,8-33-8 = 0.385,8-39-8 = 0.487,5-42-5 = 1.0,7-36-26-7 = 0.231,7-31-52-29-19-8 = 0.385,7-48-24-30-7 = 1.0,7-21-52-9-58-5 = 0.231,7-21-26-36-7 = 0.154,8-53-27-8 = 1.0,7-52-29-37-7 = 0.385,7-31-21-26-36-7 = 0.615,8-33-23-39-8 = 0.436,8-33-39-8 = 0.077,8-33-40-11-8 = 0.103,8-12-47-11-8 = 0.897,8-12-9-10-49-8 = 0.103,8-10-49-19-37-7 = 0.385,8-45-20-40-23-8 = 0.051,8-40-49-46-43-4 = 0.333,5-35-56-14-5 = 0.077,5-18-54-34-13-5 = 0.282,5-32-55-14-5 = 0.077,5-38-50-16-5 = 0.038,5-38-41-57-4 = 0.038,5-35-38-5 = 0.923,5-25-51-43-4 = 0.333,5-56-55-32-5 = 0.923,5-18-54-13-14-5 = 0.667,5-25-9-46-47-4 = 0.103,5-18-54-58-14-5 = 0.051,5-25-9-51-44-4 = 0.564,5-34-58-10-46-5 = 0.436,5-34-58-46-13-14-5 = 0.051,8-49-51-44-15-4 = 0.103,4-28-15-4 = 0.859,4-17-57-4 = 0.962,4-17-15-28-4 = 0.038,5-34-58-29-19-37-7 = 0.231,4-45-20-28-4 = 0.103,4-45-20-44-43-4 = 0.333,4-45-20-40-23-8 = 0.513,4-41-50-16-5 = 0.962,8-49-10-46-14-5 = 0.077,,,,,,
215,212,733.583,8.333,0.041,0.103,217,218,4-22-4 = 1.0,8-33-8 = 0.3,5-38-5 = 0.1,8-39-8 = 0.433,5-42-5 = 1.0,7-36-26-7 = 0.2,7-31-52-29-19-8 = 0.4,7-48-24-30-7 = 1.0,7-21-52-9-58-5 = 0.2,7-21-26-36-7 = 0.2,8-53-27-8 = 1.0,7-52-29-37-7 = 0.4,7-31-21-26-36-7 = 0.6,8-33-23-39-8 = 0.467,8-33-39-8 = 0.1,8-33-40-11-8 = 0.133,8-12-47-11-8 = 0.867,8-12-9-10-49-8 = 0.133,8-10-49-19-37-7 = 0.4,8-45-20-40-23-8 = 0.067,8-40-49-46-43-4 = 0.333,5-35-56-14-5 = 0.1,5-18-54-34-13-5 = 0.267,5-32-55-14-5 = 0.1,5-35-38-5 = 0.9,5-25-51-43-4 = 0.333,5-56-55-32-5 = 0.9,5-18-54-13-14-5 = 0.667,5-25-9-46-47-4 = 0.133,5-18-54-58-14-5 = 0.067,5-25-9-51-44-4 = 0.533,5-34-58-10-46-5 = 0.467,5-34-58-46-13-14-5 = 0.067,8-49-51-44-15-4 = 0.133,4-15-28-4 = 0.867,4-17-57-4 = 1.0,5-34-58-29-19-37-7 = 0.2,4-45-20-28-4 = 0.133,4-45-20-44-43-4 = 0.333,4-45-20-40-23-8 = 0.467,4-41-50-16-5 = 1.0,,,,,,,,,
217,215,736.701,0,3.118,0,Prune by CG,,4-22-4 = 1.0,5-38-5 = 0.167,8-39-8 = 0.433,5-42-5 = 1.0,7-36-26-7 = 0.333,7-31-52-29-19-8 = 0.333,7-31-52-37-7 = 0.333,7-48-24-30-7 = 1.0,7-21-58-19-37-7 = 0.333,7-21-26-36-7 = 0.667,8-53-27-8 = 1.0,8-33-23-11-8 = 0.067,8-33-23-39-8 = 0.567,8-45-20-28-4 = 0.2,8-33-40-11-8 = 0.367,8-12-44-15-4 = 0.2,8-12-47-11-8 = 0.4,8-12-9-10-49-8 = 0.4,8-40-44-51-43-4 = 0.267,8-45-20-11-8 = 0.167,8-45-20-40-23-8 = 0.033,5-35-56-14-5 = 0.167,5-18-54-34-13-5 = 0.667,5-32-55-14-5 = 0.167,5-35-38-5 = 0.833,5-25-51-43-4 = 0.4,5-56-55-32-5 = 0.833,5-18-54-13-14-5 = 0.333,5-25-9-51-44-4 = 0.267,5-25-9-46-14-5 = 0.333,8-49-10-46-47-8 = 0.6,4-15-28-4 = 0.8,4-17-57-4 = 1.0,5-34-58-29-19-37-7 = 0.333,4-45-20-44-43-4 = 0.267,4-51-46-43-4 = 0.067,4-45-20-40-23-8 = 0.333,4-41-50-16-5 = 1.0,7-31-52-58-29-7 = 0.333,,,,,,,,,,,
218,215,733.63,8.636,0.047,0.303,219,220,4-22-4 = 1.0,8-33-8 = 0.455,8-39-8 = 0.53,5-42-5 = 1.0,7-31-52-29-19-8 = 0.5,7-48-24-30-7 = 1.0,7-21-26-36-7 = 0.5,8-53-27-8 = 1.0,7-52-29-37-7 = 0.5,7-31-21-26-36-7 = 0.5,8-33-23-39-8 = 0.47,8-33-40-11-8 = 0.076,8-12-47-11-8 = 0.924,8-12-9-10-49-8 = 0.076,8-10-49-19-37-7 = 0.5,8-45-20-40-23-8 = 0.106,8-40-49-46-43-4 = 0.394,5-18-54-34-13-5 = 0.424,5-35-38-5 = 1.0,5-25-51-43-4 = 0.258,5-56-55-32-5 = 1.0,5-18-54-13-14-5 = 0.152,5-54-34-13-14-5 = 0.091,5-25-9-46-47-4 = 0.076,5-18-54-58-14-5 = 0.333,5-25-9-51-44-4 = 0.667,5-34-58-10-46-5 = 0.242,5-34-58-46-13-14-5 = 0.242,8-49-51-44-15-4 = 0.03,4-28-15-4 = 0.697,4-15-57-4 = 0.136,4-17-57-4 = 0.864,4-17-15-28-4 = 0.136,4-45-20-28-4 = 0.167,4-45-20-44-43-4 = 0.303,4-51-46-43-4 = 0.045,4-45-20-40-23-8 = 0.424,4-41-50-16-5 = 1.0,5-18-9-10-58-14-5 = 0.091,5-9-10-58-13-14-5 = 0.091,,,,,,,,,,
219,218,734.264,7.6,0.634,-1.036,221,222,4-22-4 = 1.0,8-33-8 = 0.526,8-39-8 = 0.526,5-42-5 = 1.0,7-36-26-7 = 0.084,7-31-52-29-19-8 = 0.177,7-21-52-29-7 = 0.042,7-48-24-30-7 = 1.0,7-21-52-9-58-5 = 0.042,7-21-26-36-7 = 0.135,8-53-27-8 = 1.0,7-52-29-37-7 = 0.74,7-31-29-19-11-8 = 0.042,7-31-21-26-36-7 = 0.781,8-33-23-39-8 = 0.474,8-12-47-11-8 = 0.958,8-12-9-10-49-8 = 0.042,8-40-44-51-43-4 = 0.372,8-10-49-19-37-7 = 0.26,8-45-20-40-23-8 = 0.456,8-40-49-46-43-4 = 0.102,5-35-38-5 = 1.0,5-54-58-13-14-5 = 0.26,5-25-51-43-4 = 0.126,5-56-55-32-5 = 1.0,5-18-54-13-14-5 = 0.437,5-54-34-13-14-5 = 0.302,5-25-9-46-47-4 = 0.042,5-18-25-9-49-19-8 = 0.521,5-25-9-51-44-4 = 0.312,5-34-58-10-46-5 = 0.698,8-49-51-44-15-4 = 0.074,4-28-15-4 = 0.609,4-15-57-4 = 0.158,4-17-57-4 = 0.842,4-17-15-28-4 = 0.158,5-18-9-46-43-4 = 0.042,4-45-20-28-4 = 0.233,4-45-20-44-43-4 = 0.242,4-51-46-43-4 = 0.116,4-45-20-40-23-8 = 0.07,4-41-50-16-5 = 1.0,,,,,,,,
221,219,734.774,7.2,0.51,-0.4,223,224,4-22-4 = 1.0,8-33-8 = 0.55,8-39-8 = 0.55,5-42-5 = 1.0,7-31-52-29-19-8 = 0.2,7-48-24-30-7 = 1.0,7-21-26-36-7 = 0.2,8-53-27-8 = 1.0,7-52-29-37-7 = 0.8,7-31-21-26-36-7 = 0.8,8-33-23-39-8 = 0.45,8-12-47-11-8 = 1.0,8-40-44-51-43-4 = 0.4,8-10-49-19-37-7 = 0.2,8-45-20-44-43-4 = 0.25,8-51-46-43-4 = 0.25,8-45-20-40-23-8 = 0.25,8-40-49-46-43-4 = 0.05,5-35-38-5 = 1.0,5-54-58-13-14-5 = 0.3,5-56-55-32-5 = 1.0,5-18-54-13-14-5 = 0.4,5-54-34-13-14-5 = 0.3,5-25-9-10-49-8 = 0.1,5-18-25-9-49-19-8 = 0.6,5-25-9-51-44-4 = 0.3,5-34-58-10-46-5 = 0.7,8-49-51-44-43-4 = 0.05,4-15-28-4 = 0.6,4-15-57-4 = 0.2,4-17-57-4 = 0.8,4-17-15-28-4 = 0.2,4-45-20-28-4 = 0.2,4-45-20-40-23-8 = 0.3,4-41-50-16-5 = 1.0,,,,,,,,,,,,,,,
223,221,735.784,0,1.01,0,Prune by CG,,4-22-4 = 1.0,8-33-8 = 0.49,8-39-8 = 0.49,5-42-5 = 1.0,7-31-52-29-19-7 = 0.159,7-31-52-37-7 = 0.248,7-48-24-30-7 = 1.0,7-21-26-36-7 = 0.566,8-53-27-8 = 1.0,7-52-29-37-7 = 0.593,7-31-21-26-36-7 = 0.434,8-33-23-39-8 = 0.51,8-12-44-15-4 = 0.048,8-12-47-11-8 = 0.91,8-12-9-10-49-8 = 0.041,8-40-44-51-43-4 = 0.51,7-31-29-19-37-7 = 0.159,8-25-51-43-4 = 0.041,8-45-20-44-43-4 = 0.221,8-51-46-43-4 = 0.228,8-45-20-40-23-8 = 0.221,5-35-38-5 = 1.0,5-54-58-13-14-5 = 0.317,5-56-55-32-5 = 1.0,5-18-54-13-14-5 = 0.407,5-54-34-13-14-5 = 0.276,5-25-9-10-49-8 = 0.186,5-18-25-9-49-19-8 = 0.593,5-25-9-51-44-4 = 0.179,5-34-51-44-15-4 = 0.041,5-34-58-10-46-5 = 0.683,8-49-10-46-47-8 = 0.09,4-15-28-4 = 0.51,4-15-57-4 = 0.2,4-17-57-4 = 0.8,4-17-15-28-4 = 0.2,4-45-20-28-4 = 0.29,4-45-20-40-23-8 = 0.269,4-41-50-16-5 = 1.0,8-49-29-19-11-8 = 0.09,,,,,,,,,,
224,221,735.211,0,0.437,0,Prune by CG,,4-22-4 = 1.0,8-33-8 = 0.387,8-39-8 = 0.387,5-42-5 = 1.0,7-36-26-7 = 0.032,7-31-52-29-19-8 = 0.452,7-48-24-30-7 = 1.0,7-21-52-9-58-5 = 0.032,7-21-26-36-7 = 0.452,8-53-27-8 = 1.0,7-52-29-37-7 = 0.516,7-31-29-19-11-8 = 0.032,7-31-21-26-36-7 = 0.516,8-33-23-39-8 = 0.387,8-33-39-8 = 0.226,8-12-47-11-8 = 0.968,8-40-44-51-43-4 = 0.129,8-10-49-19-37-7 = 0.161,8-45-20-44-43-4 = 0.387,8-40-49-46-43-4 = 0.258,5-35-38-5 = 1.0,5-54-9-58-51-5 = 0.065,5-56-55-32-5 = 1.0,5-18-54-13-14-5 = 0.581,5-18-25-9-51-4 = 0.323,5-54-34-13-14-5 = 0.29,5-25-9-46-47-8 = 0.032,5-25-9-51-44-4 = 0.29,5-34-58-10-46-5 = 0.677,5-34-58-10-46-8 = 0.032,8-12-9-49-43-4 = 0.032,8-49-51-44-43-4 = 0.194,4-15-28-4 = 1.0,4-17-57-4 = 1.0,5-25-49-19-37-7 = 0.323,5-18-25-9-49-19-7 = 0.032,4-45-20-40-23-8 = 0.613,4-41-50-16-5 = 1.0,5-9-10-58-13-14-5 = 0.129,5-18-54-9-58-5 = 0.065,,,,,,,,,,
200,28,734.705,6,0.654,-0.5,225,226,4-22-4 = 1.0,8-33-8 = 0.25,8-39-8 = 0.25,5-42-5 = 1.0,7-31-52-29-19-8 = 0.5,7-48-24-30-7 = 1.0,7-21-26-36-7 = 0.5,8-53-27-8 = 1.0,7-52-29-37-7 = 0.5,7-31-21-26-36-7 = 0.5,8-33-39-8 = 0.5,8-23-39-8 = 0.25,8-33-40-11-8 = 0.25,8-12-47-11-8 = 0.75,8-12-9-10-49-8 = 0.25,8-10-49-19-37-7 = 0.5,8-45-20-40-23-8 = 0.75,5-41-50-16-5 = 1.0,5-18-54-34-13-5 = 1.0,5-35-38-5 = 1.0,5-56-55-32-5 = 1.0,5-25-58-51-14-5 = 0.25,5-25-9-58-46-4 = 0.75,8-49-10-46-47-8 = 0.25,4-28-15-4 = 1.0,4-17-57-4 = 1.0,4-45-20-44-43-4 = 0.25,4-44-51-43-14-5 = 0.75,,,,,,,,,,,,,,,,,,,,,,
225,200,735.562,0,0.857,0,Prune by CG,,4-22-4 = 1.0,8-33-8 = 0.286,8-39-8 = 0.143,5-42-5 = 1.0,7-36-26-7 = 0.286,7-31-52-29-19-8 = 0.429,7-21-52-29-7 = 0.143,7-48-24-30-7 = 1.0,7-21-54-34-14-5 = 0.143,7-21-26-36-7 = 0.143,8-53-27-8 = 1.0,8-40-28-15-4 = 0.143,7-52-29-37-7 = 0.429,7-31-21-26-36-7 = 0.571,8-33-39-8 = 0.571,8-23-39-8 = 0.286,8-33-40-11-8 = 0.143,8-12-44-28-4 = 0.143,8-12-47-11-8 = 0.857,8-10-49-19-37-7 = 0.571,5-41-50-16-5 = 1.0,5-18-54-34-13-5 = 0.857,5-35-38-5 = 1.0,5-56-55-32-5 = 1.0,5-25-58-51-14-5 = 0.143,5-25-9-58-46-4 = 0.714,5-25-9-58-15-4 = 0.143,8-49-10-46-47-8 = 0.143,4-28-15-4 = 0.714,4-17-57-4 = 1.0,5-18-9-46-43-4 = 0.143,4-45-20-44-43-4 = 0.286,4-45-20-40-23-8 = 0.714,8-49-10-51-13-5 = 0.143,4-44-51-43-14-5 = 0.571,8-49-10-51-14-5 = 0.143,,,,,,,,,,,,,,
226,200,734.883,5.219,0.179,-0.781,227,228,4-22-4 = 1.0,8-33-8 = 0.187,8-39-8 = 0.297,5-42-5 = 1.0,7-36-26-7 = 0.031,7-31-52-29-19-8 = 0.484,7-31-52-37-7 = 0.031,7-48-24-30-7 = 1.0,7-21-26-36-7 = 0.516,8-53-27-8 = 1.0,7-52-29-37-7 = 0.484,7-31-29-19-11-8 = 0.031,7-31-21-26-36-7 = 0.453,8-33-39-8 = 0.703,8-23-11-8 = 0.109,8-33-40-11-8 = 0.109,8-12-44-43-4 = 0.031,8-12-47-11-8 = 0.75,8-12-9-10-49-8 = 0.219,8-10-49-19-37-7 = 0.484,8-45-20-44-43-4 = 0.109,8-45-20-40-23-8 = 0.891,5-41-50-16-5 = 0.984,5-35-56-21-7 = 0.031,5-18-54-34-13-5 = 1.0,5-32-55-14-5 = 0.031,5-38-50-16-5 = 0.016,5-38-41-57-4 = 0.016,5-35-38-5 = 0.969,5-25-58-51-47-8 = 0.031,5-56-55-32-5 = 0.969,5-25-58-51-14-5 = 0.109,5-25-9-58-46-4 = 0.781,8-49-10-46-47-8 = 0.219,4-28-15-4 = 0.984,4-17-57-4 = 0.984,4-17-15-28-4 = 0.016,4-25-58-10-49-8 = 0.078,4-44-51-43-14-5 = 0.859,,,,,,,,,,,
227,226,737.637,0,2.754,0,Prune by CG,,4-22-4 = 1.0,8-33-8 = 0.137,8-39-8 = 0.345,5-42-5 = 1.0,7-31-52-29-19-8 = 0.579,7-31-52-37-7 = 0.158,7-48-24-30-7 = 1.0,7-21-26-36-7 = 0.737,8-53-27-8 = 1.0,7-52-29-37-7 = 0.263,7-31-21-26-36-7 = 0.263,8-33-39-8 = 0.655,8-23-11-8 = 0.111,8-33-40-11-8 = 0.208,8-12-44-15-4 = 0.061,8-12-44-43-4 = 0.013,8-12-44-28-4 = 0.061,8-12-47-11-8 = 0.595,8-12-9-10-49-8 = 0.271,8-10-49-19-37-7 = 0.421,8-45-20-44-43-4 = 0.208,8-45-20-40-23-8 = 0.792,5-41-50-16-5 = 1.0,5-18-54-34-13-5 = 0.842,5-35-38-5 = 1.0,5-56-55-32-5 = 1.0,5-25-58-51-14-5 = 0.429,5-34-13-46-43-4 = 0.061,8-49-10-46-47-8 = 0.308,4-28-15-4 = 0.939,4-17-57-4 = 1.0,5-18-9-46-43-4 = 0.158,5-54-29-37-7 = 0.158,5-25-9-58-13-14-5 = 0.097,5-25-9-58-46-5 = 0.474,4-44-51-43-14-5 = 0.474,5-34-51-44-47-23-8 = 0.097,4-44-43-11-8 = 0.087,,,,,,,,,,,,
228,226,734.998,0,0.115,0,Prune by CG,,4-22-4 = 1.0,8-33-8 = 0.238,8-39-8 = 0.357,5-42-5 = 1.0,7-31-52-29-19-8 = 0.5,7-48-24-30-7 = 1.0,7-21-26-36-7 = 0.5,8-53-27-8 = 1.0,7-52-29-37-7 = 0.5,7-31-21-26-36-7 = 0.5,8-33-39-8 = 0.643,8-23-11-8 = 0.024,8-33-40-11-8 = 0.119,8-12-47-11-8 = 0.857,8-12-9-10-49-8 = 0.143,8-10-49-19-37-7 = 0.5,8-45-20-44-43-4 = 0.119,8-45-20-40-23-8 = 0.881,5-41-50-16-5 = 0.976,5-35-56-14-5 = 0.048,5-18-54-34-13-5 = 1.0,5-32-55-14-5 = 0.048,5-38-50-16-5 = 0.024,5-38-41-57-4 = 0.024,5-35-38-5 = 0.952,5-25-58-51-47-8 = 0.024,5-56-55-32-5 = 0.952,5-25-9-58-46-4 = 0.857,8-49-10-46-47-8 = 0.119,4-28-15-4 = 0.976,4-17-57-4 = 0.976,4-17-15-28-4 = 0.024,4-25-58-10-49-8 = 0.119,8-49-10-46-14-5 = 0.024,4-44-51-43-14-5 = 0.881,8-49-10-51-23-8 = 0.095,,,,,,,,,,,,,,
88,86,735.249,8.364,0.632,1.03,Prune by UB,,4-22-4 = 1.0,5-38-5 = 0.455,5-42-5 = 1.0,7-31-52-29-19-7 = 0.333,7-31-52-37-7 = 0.333,7-48-24-30-7 = 1.0,7-21-26-36-7 = 1.0,7-52-29-37-7 = 0.333,7-31-29-19-11-8 = 0.212,8-33-23-39-8 = 0.424,8-33-39-8 = 0.576,8-20-51-43-4 = 0.121,8-12-44-43-4 = 0.061,8-12-47-11-8 = 0.061,8-12-9-43-14-5 = 0.03,8-10-51-43-4 = 0.152,8-40-44-51-43-4 = 0.424,7-31-29-19-37-7 = 0.121,8-45-20-44-43-4 = 0.212,5-35-56-14-5 = 0.485,5-18-54-34-13-5 = 1.0,5-32-55-14-5 = 0.485,5-38-50-16-5 = 0.015,5-38-41-57-4 = 0.015,5-35-38-5 = 0.515,5-56-55-32-5 = 0.515,5-25-58-10-49-4 = 0.333,5-25-9-58-46-4 = 0.545,5-25-9-58-15-4 = 0.091,8-49-10-46-47-4 = 0.212,8-49-10-51-44-4 = 0.303,5-25-58-49-46-4 = 0.03,4-28-15-4 = 0.894,4-17-57-4 = 0.985,4-17-15-28-4 = 0.015,4-45-20-28-4 = 0.091,4-45-20-40-23-8 = 0.576,4-41-50-16-5 = 0.985,4-12-47-11-8 = 0.727,4-9-46-19-37-7 = 0.212,4-45-12-9-49-19-4 = 0.121,8-27-53-8 = 1.0,,,,,,,,
144,142,734.224,8.224,0.919,0.406,229,230,4-22-4 = 1.0,8-33-8 = 0.405,8-39-8 = 0.405,5-42-5 = 1.0,7-36-26-7 = 0.259,7-21-52-29-7 = 0.129,7-48-24-30-7 = 1.0,7-31-52-54-5 = 0.147,7-21-49-19-37-7 = 0.129,7-52-29-37-7 = 0.612,7-31-21-26-36-7 = 0.741,8-33-23-39-8 = 0.5,8-33-39-8 = 0.095,8-12-44-15-4 = 0.233,8-12-47-11-8 = 0.767,8-10-51-43-4 = 0.44,8-40-44-51-43-4 = 0.5,8-45-20-44-43-4 = 0.06,7-31-52-29-14-5 = 0.112,5-18-54-34-13-5 = 0.267,5-35-38-5 = 1.0,5-56-55-32-5 = 1.0,5-18-54-13-14-5 = 0.414,5-54-34-13-14-5 = 0.172,5-25-9-46-47-8 = 0.233,5-18-25-9-49-19-8 = 0.319,5-25-9-46-14-5 = 0.155,5-34-58-10-46-4 = 0.56,4-15-28-4 = 0.707,4-17-57-4 = 1.0,8-49-46-19-37-7 = 0.052,4-45-20-28-4 = 0.293,4-45-44-51-15-4 = 0.06,5-25-9-58-49-19-8 = 0.147,5-25-9-58-13-14-5 = 0.147,4-45-20-40-23-8 = 0.5,4-41-50-16-5 = 1.0,4-45-20-11-8 = 0.086,4-20-49-19-37-7 = 0.06,4-44-58-49-19-37-7 = 0.147,8-49-29-19-11-8 = 0.147,8-27-53-8 = 1.0,,,,,,,,
229,144,735.566,0,1.341,0,Prune by CG,,4-22-4 = 1.0,8-33-8 = 0.474,8-39-8 = 0.474,5-42-5 = 1.0,7-36-26-7 = 0.197,7-21-52-29-7 = 0.039,7-48-24-30-7 = 1.0,7-21-54-14-5 = 0.158,7-31-52-54-5 = 0.013,8-53-27-8 = 1.0,7-52-29-37-7 = 0.763,7-31-21-26-36-7 = 0.803,8-33-23-39-8 = 0.526,8-12-47-11-8 = 1.0,8-10-51-43-4 = 0.237,8-40-44-51-43-4 = 0.526,8-45-20-44-43-4 = 0.237,7-31-52-29-14-5 = 0.184,8-45-20-40-23-8 = 0.053,8-45-44-51-15-4 = 0.066,5-18-54-34-13-5 = 0.237,5-35-38-5 = 1.0,5-56-55-32-5 = 1.0,5-18-54-13-14-5 = 0.421,5-54-34-13-14-5 = 0.171,5-18-25-9-49-19-8 = 0.342,5-34-58-10-46-4 = 0.592,4-28-15-4 = 0.618,4-15-57-4 = 0.158,4-17-57-4 = 0.842,4-17-15-28-4 = 0.158,5-25-49-19-37-7 = 0.237,4-45-20-28-4 = 0.224,5-25-9-58-49-19-7 = 0.118,5-25-9-58-49-19-8 = 0.289,5-25-9-49-29-19-8 = 0.013,4-45-20-40-23-8 = 0.421,4-41-50-16-5 = 1.0,4-20-9-46-14-5 = 0.066,4-44-10-46-4 = 0.171,4-9-51-46-13-5 = 0.171,,,,,,,,,
230,144,734.996,0,0.772,0,Prune by CG,,4-22-4 = 1.0,8-33-8 = 0.378,8-39-8 = 0.378,5-42-5 = 1.0,7-21-52-29-7 = 0.139,7-48-24-30-7 = 1.0,7-31-52-9-49-19-8 = 0.278,7-21-49-19-37-7 = 0.139,8-53-27-8 = 1.0,7-52-29-37-7 = 0.582,7-31-21-26-36-7 = 0.722,8-33-23-39-8 = 0.324,8-33-39-8 = 0.298,8-12-44-15-4 = 0.078,8-12-44-28-4 = 0.235,8-12-47-11-8 = 0.687,8-10-51-43-4 = 0.429,8-40-44-51-43-4 = 0.324,8-45-20-44-43-4 = 0.158,5-18-54-34-13-5 = 0.408,5-35-38-5 = 1.0,5-25-10-44-4 = 0.005,5-25-51-43-4 = 0.09,5-56-55-32-5 = 1.0,5-18-54-13-14-5 = 0.408,5-25-9-46-47-8 = 0.313,5-18-25-9-58-14-5 = 0.183,5-25-9-46-14-5 = 0.042,5-34-58-10-46-4 = 0.566,4-28-15-4 = 0.765,4-17-57-4 = 1.0,5-34-58-49-19-11-8 = 0.026,8-49-46-19-37-7 = 0.079,4-45-44-51-15-4 = 0.158,5-25-9-58-13-14-5 = 0.183,5-25-54-14-5 = 0.183,4-45-20-40-23-8 = 0.676,4-41-50-16-5 = 1.0,7-26-36-7 = 0.278,4-45-20-11-8 = 0.009,4-20-49-19-37-7 = 0.158,4-44-58-49-19-37-7 = 0.042,8-49-29-19-11-8 = 0.278,,,,,,,
109,29,735.557,5,0.83,-0.333,Prune by UB,,4-22-4 = 1.0,8-39-8 = 0.5,5-42-5 = 1.0,7-31-52-29-19-8 = 0.5,7-48-24-30-7 = 1.0,7-21-26-36-7 = 0.5,7-52-29-37-7 = 0.5,7-31-21-26-36-7 = 0.5,8-33-39-8 = 0.5,8-12-47-11-8 = 1.0,5-41-50-16-5 = 1.0,5-18-54-34-13-5 = 1.0,5-35-38-5 = 1.0,5-56-55-32-5 = 1.0,5-25-9-58-51-4 = 1.0,4-15-28-4 = 1.0,4-17-57-4 = 1.0,4-45-20-44-43-4 = 0.5,4-45-20-40-23-8 = 0.5,4-44-43-19-37-7 = 0.5,8-49-10-46-14-5 = 1.0,8-27-53-8 = 1.0,8-33-40-23-8 = 0.5,,,,,,,,,,,,,,,,,,,,,,,,,,,
157,156,733.736,9.231,0.958,-0.68,231,232,4-22-4 = 1.0,8-33-8 = 0.341,5-38-5 = 0.176,8-39-8 = 0.341,5-42-5 = 1.0,7-31-52-29-19-8 = 0.22,7-21-52-29-7 = 0.187,7-48-24-30-7 = 1.0,7-21-49-19-37-7 = 0.407,7-52-29-37-7 = 0.22,7-31-21-26-36-7 = 0.407,8-33-23-39-8 = 0.648,8-33-39-8 = 0.011,8-12-44-28-4 = 0.077,8-12-47-11-8 = 0.923,8-40-44-51-43-4 = 0.648,7-31-52-29-14-5 = 0.374,5-35-56-14-5 = 0.176,5-18-54-34-13-5 = 0.725,5-32-55-14-5 = 0.176,5-35-38-5 = 0.824,5-25-58-10-49-7 = 0.22,5-56-55-32-5 = 0.824,5-18-54-13-14-5 = 0.132,5-54-34-13-14-5 = 0.143,5-25-9-10-58-5 = 0.341,5-25-9-58-46-4 = 0.44,5-34-51-44-15-4 = 0.132,4-15-57-4 = 0.363,4-17-57-4 = 0.637,4-17-15-28-4 = 0.363,5-18-9-46-43-4 = 0.143,4-45-20-28-4 = 0.56,4-51-46-43-4 = 0.209,4-45-44-51-15-4 = 0.011,4-45-20-40-23-8 = 0.352,4-41-50-16-5 = 1.0,7-26-36-7 = 0.593,4-45-20-11-8 = 0.077,4-20-49-19-37-7 = 0.011,5-10-49-19-37-7 = 0.363,8-27-53-8 = 1.0,5-9-10-46-47-8 = 0.077,4-44-46-15-4 = 0.132,,,,,,
231,157,737.906,0,4.17,0,Prune by CG,,4-22-4 = 1.0,8-39-8 = 0.217,5-42-5 = 1.0,7-36-26-7 = 0.524,7-31-52-29-19-8 = 0.299,7-21-52-29-7 = 0.048,7-48-24-30-7 = 1.0,7-31-52-9-49-19-7 = 0.086,7-21-49-19-37-7 = 0.476,8-53-27-8 = 1.0,7-52-29-37-7 = 0.428,7-31-21-26-36-7 = 0.476,8-33-23-39-8 = 0.097,8-33-39-8 = 0.667,8-40-23-39-8 = 0.019,8-12-47-11-8 = 1.0,7-31-52-29-14-5 = 0.139,8-45-20-40-23-8 = 0.649,8-45-44-51-46-4 = 0.203,5-18-54-34-13-5 = 0.097,5-35-38-5 = 1.0,5-25-58-10-49-7 = 0.171,5-56-55-32-5 = 1.0,5-18-54-13-14-5 = 0.755,5-25-9-10-58-5 = 0.743,5-18-54-34-14-5 = 0.106,5-34-51-44-46-4 = 0.149,5-34-13-51-43-4 = 0.149,5-34-44-46-43-4 = 0.5,4-28-15-4 = 1.0,4-17-57-4 = 1.0,4-20-51-43-4 = 0.351,4-45-44-51-46-4 = 0.149,5-25-9-58-49-29-7 = 0.086,4-41-50-16-5 = 1.0,5-54-9-10-49-7 = 0.043,5-18-9-10-49-19-7 = 0.043,8-33-40-23-8 = 0.236,8-40-49-19-37-7 = 0.097,,,,,,,,,,,
232,157,733.769,9.314,0.033,0.084,233,234,4-22-4 = 1.0,8-33-8 = 0.3,5-38-5 = 0.271,8-39-8 = 0.3,5-42-5 = 1.0,7-36-26-7 = 0.6,7-31-52-29-19-8 = 0.2,7-21-52-29-7 = 0.2,7-48-24-30-7 = 1.0,7-21-49-19-37-7 = 0.4,8-53-27-8 = 1.0,7-52-29-37-7 = 0.2,7-31-21-26-36-7 = 0.4,8-33-23-39-8 = 0.686,8-33-39-8 = 0.014,8-12-44-43-4 = 0.057,8-12-44-28-4 = 0.114,8-12-47-11-8 = 0.829,8-40-44-51-43-4 = 0.686,7-31-52-29-14-5 = 0.4,5-35-56-14-5 = 0.271,5-18-54-34-13-5 = 0.943,5-32-55-14-5 = 0.271,5-35-38-5 = 0.729,5-25-58-10-49-7 = 0.2,5-56-55-32-5 = 0.729,5-18-54-13-14-5 = 0.029,5-54-34-13-14-5 = 0.029,5-25-9-10-58-5 = 0.229,5-25-9-58-46-4 = 0.571,5-34-51-44-15-4 = 0.029,4-15-57-4 = 0.429,4-17-57-4 = 0.571,4-17-15-28-4 = 0.429,4-20-44-15-4 = 0.057,5-18-9-46-43-4 = 0.029,4-45-20-28-4 = 0.457,4-51-46-43-4 = 0.229,4-45-44-51-15-4 = 0.057,4-45-20-40-23-8 = 0.314,4-41-50-16-5 = 1.0,4-45-20-11-8 = 0.171,5-10-49-19-37-7 = 0.4,5-9-10-46-47-8 = 0.171,,,,,,
233,232,736.776,0,3.007,0,Prune by CG,,4-22-4 = 1.0,8-39-8 = 0.111,5-42-5 = 1.0,7-36-26-7 = 0.639,7-31-52-29-19-8 = 0.139,7-31-52-37-7 = 0.139,7-21-52-29-7 = 0.139,7-48-24-30-7 = 1.0,7-21-49-19-37-7 = 0.5,7-31-9-46-43-4 = 0.139,8-53-27-8 = 1.0,7-52-29-37-7 = 0.361,8-12-46-13-5 = 0.028,8-12-46-47-4 = 0.028,7-31-21-26-36-7 = 0.361,8-33-23-39-8 = 0.056,8-33-39-8 = 0.833,8-45-20-28-4 = 0.111,8-33-40-11-8 = 0.056,8-12-47-11-8 = 0.944,7-31-52-29-14-5 = 0.222,8-45-20-40-23-8 = 0.889,5-18-54-34-13-5 = 0.194,5-35-38-5 = 1.0,5-54-44-28-4 = 0.028,5-56-55-32-5 = 1.0,5-18-54-13-14-5 = 0.778,5-18-25-58-44-4 = 0.028,5-25-9-10-58-5 = 0.611,5-25-9-58-46-4 = 0.222,5-34-51-44-15-4 = 0.139,5-34-51-44-43-4 = 0.306,4-15-28-4 = 0.861,4-17-57-4 = 1.0,4-51-46-43-4 = 0.556,5-25-58-44-49-19-7 = 0.139,4-41-50-16-5 = 1.0,8-33-40-23-8 = 0.056,5-9-10-46-47-8 = 0.028,5-34-44-10-49-19-7 = 0.222,5-34-44-10-49-29-7 = 0.139,,,,,,,,,
234,232,733.771,9.412,0.002,0.097,235,236,4-22-4 = 1.0,8-33-8 = 0.294,5-38-5 = 0.294,8-39-8 = 0.294,5-42-5 = 1.0,7-31-52-29-19-8 = 0.235,7-21-52-29-7 = 0.176,7-48-24-30-7 = 1.0,7-21-49-19-37-7 = 0.412,8-53-27-8 = 1.0,7-52-29-37-7 = 0.235,7-31-21-26-36-7 = 0.412,8-33-23-39-8 = 0.706,8-12-44-28-4 = 0.176,8-12-47-11-8 = 0.824,8-40-44-51-43-4 = 0.706,7-31-52-29-14-5 = 0.353,5-35-56-14-5 = 0.294,5-18-54-34-13-5 = 0.941,5-32-55-14-5 = 0.294,5-35-38-5 = 0.706,5-25-58-10-49-7 = 0.235,5-56-55-32-5 = 0.706,5-54-34-13-14-5 = 0.059,5-25-9-10-58-5 = 0.235,5-25-9-58-46-4 = 0.529,4-15-57-4 = 0.412,4-17-57-4 = 0.588,4-17-15-28-4 = 0.412,4-20-44-15-4 = 0.059,5-18-9-46-43-4 = 0.059,4-45-20-28-4 = 0.412,4-51-46-43-4 = 0.235,4-45-44-51-15-4 = 0.059,4-45-20-40-23-8 = 0.294,4-41-50-16-5 = 1.0,7-26-36-7 = 0.588,4-45-20-11-8 = 0.176,5-10-49-19-37-7 = 0.353,4-45-20-15-4 = 0.059,5-9-10-46-47-8 = 0.176,,,,,,,,,
236,234,734.998,0,1.227,0,Prune by CG,,4-22-4 = 1.0,5-38-5 = 0.357,8-39-8 = 0.44,5-42-5 = 1.0,7-31-52-29-19-8 = 0.429,7-21-52-29-7 = 0.048,7-48-24-30-7 = 1.0,7-21-49-19-37-7 = 0.476,8-53-27-8 = 1.0,7-52-29-37-7 = 0.429,7-31-21-26-36-7 = 0.476,8-33-23-11-8 = 0.194,8-33-23-39-8 = 0.516,8-33-40-11-8 = 0.044,8-40-23-39-8 = 0.044,8-12-47-11-8 = 0.762,8-40-44-51-43-4 = 0.667,7-31-52-29-14-5 = 0.095,5-35-56-14-5 = 0.357,5-18-54-34-13-5 = 0.905,5-32-55-14-5 = 0.357,5-35-38-5 = 0.643,5-25-58-10-49-7 = 0.429,5-56-55-32-5 = 0.643,5-54-34-13-14-5 = 0.095,5-25-9-10-58-5 = 0.238,5-25-9-58-46-4 = 0.333,4-15-57-4 = 0.254,4-17-57-4 = 0.746,4-17-15-28-4 = 0.254,5-18-9-46-43-4 = 0.095,4-12-44-15-4 = 0.238,4-45-20-28-4 = 0.746,4-51-46-43-4 = 0.238,4-45-44-51-15-4 = 0.095,4-41-50-16-5 = 1.0,7-26-36-7 = 0.524,4-20-49-19-37-7 = 0.095,4-45-20-15-4 = 0.159,5-9-10-46-14-5 = 0.095,8-33-40-23-8 = 0.246,5-9-10-46-47-8 = 0.238,,,,,,,,
136,133,736.421,4.5,1.91,-1.409,Prune by UB,,4-22-4 = 1.0,8-39-8 = 0.056,5-42-5 = 1.0,7-31-52-29-19-7 = 1.0,7-48-37-7 = 1.0,7-24-30-7 = 1.0,7-21-26-36-7 = 1.0,8-33-23-39-8 = 0.056,8-33-39-8 = 0.889,8-33-40-11-8 = 0.056,8-12-47-11-8 = 0.667,8-12-9-58-51-4 = 0.111,5-18-54-34-13-5 = 0.278,5-35-38-5 = 1.0,5-25-51-43-4 = 0.444,5-56-55-32-5 = 1.0,5-18-54-13-14-5 = 0.5,5-18-54-34-14-5 = 0.222,5-25-9-44-43-4 = 0.556,5-34-51-44-15-4 = 0.278,8-49-10-46-47-4 = 0.056,8-49-10-51-44-4 = 0.111,8-49-10-58-46-4 = 0.778,4-15-28-4 = 0.611,4-17-57-4 = 1.0,4-45-20-28-4 = 0.056,4-44-51-28-4 = 0.056,4-45-20-40-23-8 = 0.944,4-41-50-16-5 = 1.0,4-28-47-11-8 = 0.278,8-49-10-46-14-5 = 0.056,8-27-53-8 = 1.0,8-9-58-46-15-4 = 0.111,4-12-9-34-13-14-5 = 0.222,,,,,,,,,,,,,,,,
130,128,737.019,3.8,1.708,-1.2,Prune by UB,,4-22-4 = 1.0,5-42-5 = 1.0,7-36-26-7 = 0.8,7-48-37-7 = 0.4,7-30-24-7 = 0.4,7-21-52-29-7 = 0.6,7-48-24-30-7 = 0.6,7-31-52-9-49-19-7 = 0.4,7-21-49-19-37-7 = 0.2,7-31-21-26-36-7 = 0.2,8-33-39-8 = 1.0,8-12-47-11-8 = 1.0,7-31-29-19-37-7 = 0.4,5-35-56-38-5 = 1.0,5-18-54-34-13-5 = 1.0,5-32-55-14-5 = 1.0,5-25-51-43-4 = 1.0,8-49-10-58-46-4 = 0.4,4-17-57-4 = 1.0,4-45-20-40-23-8 = 1.0,4-41-50-16-5 = 1.0,8-9-58-10-46-4 = 0.6,8-27-53-8 = 1.0,4-44-28-15-4 = 1.0,,,,,,,,,,,,,,,,,,,,,,,,,,
214,211,734.819,6.611,1.497,-1.411,237,238,4-22-4 = 1.0,8-33-8 = 0.306,8-39-8 = 0.472,5-42-5 = 1.0,7-48-24-30-7 = 1.0,7-21-26-36-7 = 1.0,7-31-58-10-49-19-7 = 1.0,8-53-27-8 = 1.0,7-52-29-37-7 = 1.0,8-33-23-39-8 = 0.306,8-33-39-8 = 0.222,8-33-40-11-8 = 0.167,8-12-44-15-4 = 0.083,8-12-44-28-4 = 0.083,8-12-47-11-8 = 0.833,8-40-44-51-43-4 = 0.139,8-45-20-40-23-8 = 0.389,5-35-56-14-5 = 0.278,5-18-54-34-13-5 = 0.917,5-32-55-14-5 = 0.278,5-38-50-16-5 = 0.139,5-38-41-57-4 = 0.139,5-35-38-5 = 0.722,5-25-51-43-4 = 0.083,5-56-55-32-5 = 0.722,5-54-34-13-14-5 = 0.083,5-25-9-46-47-4 = 0.167,5-25-9-51-44-4 = 0.389,5-25-9-46-14-5 = 0.361,4-15-28-4 = 0.778,4-17-57-4 = 0.861,4-17-15-28-4 = 0.139,5-18-9-46-43-4 = 0.083,4-45-20-44-43-4 = 0.306,4-51-46-43-4 = 0.389,4-45-20-40-23-8 = 0.306,4-41-50-16-5 = 0.861,,,,,,,,,,,,,
238,214,735.969,0,1.15,0,Prune by CG,,4-22-4 = 1.0,8-33-8 = 0.364,8-39-8 = 0.364,5-42-5 = 1.0,7-36-26-7 = 0.364,7-21-52-29-7 = 0.273,7-48-24-30-7 = 1.0,7-21-26-36-7 = 0.636,7-31-58-10-49-19-7 = 0.636,7-31-58-10-49-19-8 = 0.091,7-31-49-10-58-14-5 = 0.273,8-53-27-8 = 1.0,7-52-29-37-7 = 0.727,8-33-23-39-8 = 0.636,8-12-44-15-4 = 0.182,8-12-47-11-8 = 0.818,8-40-44-51-43-4 = 0.636,5-41-50-16-5 = 0.545,5-35-56-21-7 = 0.091,5-18-54-34-13-5 = 0.909,5-32-55-14-5 = 0.091,5-38-50-16-5 = 0.045,5-38-41-57-4 = 0.045,5-35-38-5 = 0.909,5-56-55-32-5 = 0.909,5-18-54-13-14-5 = 0.091,5-25-9-46-47-8 = 0.182,5-25-9-46-14-5 = 0.545,5-34-51-44-15-4 = 0.091,4-28-15-4 = 0.5,4-15-57-4 = 0.091,4-17-57-4 = 0.864,4-17-15-28-4 = 0.136,5-25-9-19-37-7 = 0.273,4-45-20-28-4 = 0.364,4-45-20-44-43-4 = 0.091,4-51-46-43-4 = 0.273,4-45-20-40-23-8 = 0.364,4-41-50-16-5 = 0.409,4-45-20-11-8 = 0.182,,,,,,,,,,
76,59,731.762,9.5,0.519,1.5,239,240,4-22-4 = 1.0,5-38-5 = 0.5,8-39-8 = 0.25,5-42-5 = 1.0,7-31-52-29-19-8 = 0.5,7-48-24-30-7 = 1.0,7-21-26-36-7 = 0.5,7-52-29-37-7 = 0.5,7-31-21-26-36-7 = 0.5,8-33-23-39-8 = 0.5,8-33-39-8 = 0.25,8-33-40-11-8 = 0.25,8-12-47-11-8 = 0.75,8-12-9-58-51-4 = 0.25,8-40-44-51-43-4 = 0.25,5-35-56-14-5 = 0.5,5-18-54-34-13-5 = 1.0,5-32-55-14-5 = 0.5,5-35-38-5 = 0.5,5-56-55-32-5 = 0.5,5-25-9-10-47-8 = 0.25,5-25-9-51-44-4 = 0.25,8-49-10-58-46-4 = 0.5,4-28-15-4 = 1.0,4-17-57-4 = 1.0,5-25-49-19-37-7 = 0.5,4-45-20-44-43-4 = 0.5,4-51-46-43-4 = 0.25,4-45-20-40-23-8 = 0.5,4-41-50-16-5 = 1.0,8-9-58-10-46-4 = 0.25,8-27-53-8 = 1.0,,,,,,,,,,,,,,,,,,
240,76,732.235,8.447,0.473,-1.053,241,242,4-22-4 = 1.0,8-33-8 = 0.145,5-38-5 = 0.382,8-39-8 = 0.145,5-42-5 = 1.0,7-31-52-29-19-8 = 0.5,7-48-24-30-7 = 1.0,7-21-26-36-7 = 0.5,8-53-27-8 = 1.0,7-52-29-37-7 = 0.5,7-31-21-26-36-7 = 0.5,8-33-23-39-8 = 0.342,8-33-39-8 = 0.513,8-12-47-11-8 = 0.816,8-40-44-51-43-4 = 0.342,5-35-56-14-5 = 0.382,5-18-54-34-13-5 = 0.868,5-32-55-14-5 = 0.382,5-35-38-5 = 0.618,5-56-55-32-5 = 0.618,5-18-54-13-14-5 = 0.026,5-18-54-34-14-5 = 0.026,5-25-9-51-44-4 = 0.316,5-34-13-51-43-4 = 0.105,8-49-10-58-46-4 = 0.789,8-49-10-58-15-4 = 0.105,8-49-58-51-28-4 = 0.105,4-15-28-4 = 0.895,4-17-57-4 = 1.0,5-18-9-46-43-4 = 0.079,5-25-9-19-37-7 = 0.5,4-45-20-44-43-4 = 0.342,4-51-46-43-4 = 0.132,5-25-54-14-5 = 0.079,4-45-20-40-23-8 = 0.658,4-41-50-16-5 = 1.0,4-12-47-11-8 = 0.184,5-25-9-10-14-5 = 0.105,,,,,,,,,,,,
242,240,732.425,9,0.19,0.553,243,244,4-22-4 = 1.0,5-38-5 = 0.5,8-39-8 = 0.167,5-42-5 = 1.0,7-31-52-29-19-8 = 0.5,7-48-24-30-7 = 1.0,7-21-26-36-7 = 0.5,8-53-27-8 = 1.0,7-52-29-37-7 = 0.5,7-31-21-26-36-7 = 0.5,8-33-23-39-8 = 0.333,8-33-39-8 = 0.5,8-33-40-11-8 = 0.167,8-12-44-43-4 = 0.167,8-12-47-11-8 = 0.833,8-40-44-51-43-4 = 0.167,5-35-56-14-5 = 0.5,5-18-54-34-13-5 = 1.0,5-32-55-14-5 = 0.5,5-35-38-5 = 0.5,5-56-55-32-5 = 0.5,5-25-9-10-47-8 = 0.167,5-25-9-51-44-4 = 0.333,8-49-10-58-46-4 = 0.667,8-49-10-58-15-4 = 0.167,8-49-58-51-28-4 = 0.167,4-15-28-4 = 0.833,4-17-57-4 = 1.0,5-25-9-19-37-7 = 0.5,4-45-20-44-43-4 = 0.333,4-51-46-43-4 = 0.333,4-45-20-40-23-8 = 0.667,4-41-50-16-5 = 1.0,,,,,,,,,,,,,,,,,
243,242,732.652,9,0.228,0,245,246,4-22-4 = 1.0,8-33-8 = 0.25,5-38-5 = 0.25,8-39-8 = 0.25,5-42-5 = 1.0,7-31-52-29-19-8 = 0.5,7-48-24-30-7 = 1.0,7-21-26-36-7 = 0.5,8-53-27-8 = 1.0,7-52-29-37-7 = 0.5,7-31-21-26-36-7 = 0.5,8-33-23-39-8 = 0.5,8-33-39-8 = 0.25,8-12-47-11-8 = 0.5,8-40-44-51-43-4 = 0.5,5-35-56-14-5 = 0.25,5-18-54-34-13-5 = 0.5,5-32-55-14-5 = 0.25,5-35-38-5 = 0.75,5-56-55-32-5 = 0.75,5-18-25-9-51-4 = 0.5,5-54-34-13-14-5 = 0.5,8-49-10-58-46-4 = 1.0,4-15-28-4 = 1.0,4-17-57-4 = 1.0,5-25-9-19-37-7 = 0.5,4-45-20-44-43-4 = 0.5,4-45-20-40-23-8 = 0.5,4-41-50-16-5 = 1.0,4-12-47-11-8 = 0.5,,,,,,,,,,,,,,,,,,,,
245,243,733.062,7.526,0.41,-1.474,247,248,4-22-4 = 1.0,8-33-8 = 0.237,5-38-5 = 0.158,8-39-8 = 0.237,5-42-5 = 1.0,7-31-52-29-19-8 = 0.5,7-48-24-30-7 = 1.0,7-21-26-36-7 = 0.5,8-53-27-8 = 1.0,7-52-29-37-7 = 0.5,7-31-21-26-36-7 = 0.5,8-33-23-39-8 = 0.289,8-33-39-8 = 0.474,8-12-44-43-4 = 0.079,8-12-47-11-8 = 0.921,8-40-44-51-43-4 = 0.289,5-35-56-14-5 = 0.158,5-18-54-34-13-5 = 0.447,5-32-55-14-5 = 0.158,5-35-38-5 = 0.842,5-56-55-32-5 = 0.842,5-18-54-13-14-5 = 0.132,5-18-25-9-51-4 = 0.421,5-54-34-13-14-5 = 0.421,5-25-9-46-47-8 = 0.053,5-25-9-10-47-8 = 0.026,5-34-51-44-43-4 = 0.132,8-49-10-58-46-4 = 0.947,8-49-10-58-15-4 = 0.026,8-49-58-51-28-4 = 0.026,4-15-28-4 = 0.974,4-17-57-4 = 1.0,5-25-9-19-37-7 = 0.5,4-45-20-44-43-4 = 0.289,4-45-20-40-23-8 = 0.711,4-41-50-16-5 = 1.0,4-44-51-43-14-5 = 0.132,4-44-43-11-8 = 0.079,,,,,,,,,,,,
248,245,735.892,0,2.829,0,Prune by CG,,4-22-4 = 1.0,8-33-8 = 0.25,8-39-8 = 0.5,5-42-5 = 1.0,7-31-52-29-19-8 = 0.5,7-48-24-30-7 = 1.0,7-21-26-36-7 = 0.5,8-53-27-8 = 1.0,7-52-29-37-7 = 0.5,7-31-21-26-36-7 = 0.5,8-33-23-39-8 = 0.25,8-33-39-8 = 0.25,8-33-40-11-8 = 0.25,8-12-44-43-5 = 0.25,8-12-47-11-8 = 0.75,5-41-50-16-5 = 0.5,5-18-54-34-13-5 = 0.25,5-35-38-5 = 1.0,5-56-55-32-5 = 1.0,5-18-25-9-51-4 = 0.75,5-54-34-13-14-5 = 0.75,5-25-9-46-47-4 = 0.25,8-49-10-58-46-4 = 0.75,8-49-10-58-15-4 = 0.25,4-28-15-4 = 0.75,4-17-57-4 = 1.0,4-45-20-28-4 = 0.25,4-45-20-40-23-8 = 0.75,4-41-50-16-5 = 0.5,4-44-43-19-37-7 = 0.5,4-44-51-43-14-5 = 0.25,,,,,,,,,,,,,,,,,,,
246,243,733.624,8,0.971,-1,249,250,4-22-4 = 1.0,8-33-8 = 0.25,5-38-5 = 0.25,8-39-8 = 0.25,5-42-5 = 1.0,7-31-52-29-19-8 = 0.5,7-48-24-30-7 = 1.0,7-21-26-36-7 = 0.5,8-53-27-8 = 1.0,7-52-29-37-7 = 0.5,7-31-21-26-36-7 = 0.5,8-33-23-39-8 = 0.5,8-33-39-8 = 0.25,8-40-44-51-43-4 = 0.5,8-45-20-40-23-8 = 0.5,5-35-56-14-5 = 0.25,5-18-54-34-13-5 = 0.5,5-32-55-14-5 = 0.25,5-35-38-5 = 0.75,5-56-55-32-5 = 0.75,5-18-25-9-51-4 = 0.5,5-54-34-13-14-5 = 0.5,8-49-10-58-46-4 = 1.0,4-15-28-4 = 1.0,4-17-57-4 = 1.0,5-25-9-19-37-7 = 0.5,4-45-20-44-43-4 = 0.5,4-41-50-16-5 = 1.0,4-12-47-11-8 = 1.0,,,,,,,,,,,,,,,,,,,,,
216,212,734.401,7.521,0.859,-0.709,251,252,4-22-4 = 1.0,8-33-8 = 0.227,8-39-8 = 0.351,5-42-5 = 1.0,7-36-26-7 = 0.109,7-31-52-29-19-8 = 0.408,7-31-52-37-7 = 0.408,7-21-52-29-7 = 0.024,7-48-24-30-7 = 1.0,7-21-52-9-58-5 = 0.062,7-21-54-14-5 = 0.024,7-21-26-36-7 = 0.806,8-53-27-8 = 1.0,7-31-21-26-36-7 = 0.085,8-33-23-39-8 = 0.303,8-33-39-8 = 0.346,8-33-40-11-8 = 0.123,8-12-47-11-8 = 0.877,8-12-9-10-49-8 = 0.024,8-40-44-51-43-4 = 0.18,8-12-9-34-13-14-5 = 0.1,8-10-49-19-37-7 = 0.123,7-31-52-29-14-5 = 0.1,5-41-50-16-5 = 0.417,5-18-54-34-13-5 = 0.431,5-35-38-5 = 1.0,5-25-51-43-4 = 0.36,5-54-9-10-49-8 = 0.076,5-56-55-32-5 = 1.0,5-18-54-58-13-5 = 0.469,5-25-9-46-47-4 = 0.123,5-25-9-51-44-4 = 0.46,5-25-9-44-43-4 = 0.057,4-15-28-4 = 1.0,4-17-57-4 = 1.0,5-34-58-29-19-37-7 = 0.469,5-18-9-46-43-4 = 0.1,4-45-20-44-43-4 = 0.303,4-45-20-40-23-8 = 0.697,4-41-50-16-5 = 0.583,8-49-10-46-14-5 = 0.777,,,,,,,,,
251,216,737.101,0,2.7,0,Prune by CG,,4-22-4 = 1.0,8-33-8 = 0.187,8-39-8 = 0.387,5-42-5 = 1.0,7-36-26-7 = 0.52,7-31-52-29-19-8 = 0.293,7-21-52-29-7 = 0.28,7-48-24-30-7 = 1.0,7-21-52-9-58-5 = 0.133,7-21-9-58-13-14-5 = 0.107,7-21-26-36-7 = 0.053,7-31-9-10-58-14-5 = 0.28,8-53-27-8 = 1.0,7-52-29-37-7 = 0.293,7-31-21-26-36-7 = 0.427,8-33-23-39-8 = 0.4,8-33-39-8 = 0.213,8-33-40-11-8 = 0.2,8-12-44-28-4 = 0.2,8-12-47-11-8 = 0.8,8-40-44-51-43-4 = 0.2,5-41-50-16-5 = 0.68,5-18-54-34-13-5 = 0.853,5-35-38-5 = 1.0,5-25-51-43-4 = 0.32,5-56-55-32-5 = 1.0,5-18-54-58-13-5 = 0.04,5-34-51-44-15-4 = 0.12,5-58-51-46-47-8 = 0.2,8-49-51-44-15-4 = 0.08,4-28-15-4 = 0.8,4-17-57-4 = 1.0,5-34-58-29-19-37-7 = 0.027,5-25-49-19-37-7 = 0.68,4-45-20-44-43-4 = 0.4,4-51-46-43-4 = 0.08,4-45-20-40-23-8 = 0.6,4-41-50-16-5 = 0.32,8-49-10-46-14-5 = 0.24,8-9-10-46-14-5 = 0.373,5-18-54-58-29-7 = 0.107,5-9-58-10-46-5 = 0.107,,,,,,,,
252,216,734.55,7,0.15,-0.521,253,254,4-22-4 = 1.0,8-33-8 = 0.188,8-39-8 = 0.312,5-42-5 = 1.0,7-36-26-7 = 0.125,7-31-52-29-19-7 = 0.125,7-31-52-29-19-8 = 0.312,7-31-52-37-7 = 0.438,7-48-24-30-7 = 1.0,7-21-54-34-14-5 = 0.125,7-21-26-36-7 = 0.875,8-53-27-8 = 1.0,8-33-23-39-8 = 0.25,8-33-39-8 = 0.438,8-33-40-11-8 = 0.125,8-12-47-11-8 = 0.875,8-12-9-10-49-8 = 0.125,8-40-44-51-43-4 = 0.125,8-10-49-19-37-7 = 0.125,8-45-20-44-43-4 = 0.062,7-31-52-29-14-5 = 0.125,5-41-50-16-5 = 0.312,5-18-54-34-13-5 = 0.312,5-35-38-5 = 1.0,5-25-51-43-4 = 0.25,5-56-55-32-5 = 1.0,5-18-54-58-13-5 = 0.562,5-25-9-46-47-4 = 0.125,5-25-9-51-44-4 = 0.5,5-25-9-44-43-4 = 0.125,5-34-13-51-43-4 = 0.125,4-28-15-4 = 1.0,4-17-57-4 = 1.0,5-34-58-29-19-37-7 = 0.438,5-18-9-46-43-4 = 0.125,4-45-20-44-43-4 = 0.188,4-45-20-40-23-8 = 0.75,4-41-50-16-5 = 0.688,8-49-10-46-14-5 = 0.75,,,,,,,,,,,
253,252,735.898,0,1.348,0,Prune by CG,,4-22-4 = 1.0,8-33-8 = 0.315,8-39-8 = 0.315,5-42-5 = 1.0,7-36-26-7 = 0.191,7-31-52-29-19-8 = 0.494,7-31-52-37-7 = 0.483,7-21-52-29-7 = 0.011,7-48-24-30-7 = 1.0,7-21-54-14-5 = 0.18,7-21-26-36-7 = 0.787,8-53-27-8 = 1.0,7-52-29-37-7 = 0.011,7-31-21-26-36-7 = 0.022,8-33-23-39-8 = 0.449,8-33-39-8 = 0.236,8-12-47-11-8 = 0.899,8-12-9-10-49-8 = 0.101,8-40-44-51-43-4 = 0.449,5-41-50-16-5 = 0.067,5-18-54-34-13-5 = 0.236,5-35-38-5 = 1.0,5-56-55-32-5 = 1.0,5-18-54-58-13-5 = 0.416,5-18-25-9-51-4 = 0.18,5-25-9-46-47-4 = 0.101,5-25-9-44-43-4 = 0.528,5-34-13-51-15-4 = 0.348,5-34-58-10-46-8 = 0.101,4-28-15-4 = 0.652,4-17-57-4 = 1.0,5-34-58-29-19-37-7 = 0.315,5-25-9-19-37-7 = 0.09,5-25-49-19-37-7 = 0.101,4-45-20-28-4 = 0.348,4-45-20-40-23-8 = 0.551,4-41-50-16-5 = 0.933,4-45-20-11-8 = 0.101,8-49-10-46-14-5 = 0.798,4-44-51-43-14-5 = 0.022,5-18-54-58-29-7 = 0.169,,,,,,,,,
254,252,736.119,0,1.568,0,Prune by CG,,4-22-4 = 1.0,8-33-8 = 0.083,8-39-8 = 0.208,5-42-5 = 1.0,7-36-26-7 = 0.667,7-31-52-29-19-8 = 0.083,7-31-52-37-7 = 0.083,7-21-52-29-7 = 0.333,7-48-24-30-7 = 1.0,7-21-54-34-14-5 = 0.333,7-31-52-58-14-5 = 0.167,8-53-27-8 = 1.0,7-31-21-26-36-7 = 0.333,8-33-23-39-8 = 0.125,8-33-39-8 = 0.667,8-33-40-11-8 = 0.125,8-12-44-15-4 = 0.125,8-12-44-28-4 = 0.042,8-12-47-11-8 = 0.833,8-10-49-19-37-7 = 0.667,7-31-52-29-14-5 = 0.333,5-41-50-16-5 = 0.083,5-18-54-34-13-5 = 0.083,5-35-38-5 = 1.0,5-25-51-43-4 = 0.333,5-56-55-32-5 = 1.0,5-18-54-58-13-5 = 0.583,5-25-9-51-44-4 = 0.667,5-34-13-46-43-4 = 0.333,8-49-10-46-47-8 = 0.167,4-28-15-4 = 0.708,4-17-57-4 = 1.0,5-34-58-29-19-37-7 = 0.25,5-18-9-46-43-4 = 0.333,4-45-20-28-4 = 0.083,4-45-20-40-23-8 = 0.875,4-41-50-16-5 = 0.917,4-45-20-11-8 = 0.042,8-49-10-46-14-5 = 0.167,4-44-28-15-4 = 0.167,,,,,,,,,,
113,22,734.947,8.1,0.846,-0.233,255,256,4-22-4 = 1.0,8-33-8 = 0.15,5-38-5 = 0.25,8-39-8 = 0.15,5-42-5 = 1.0,7-31-52-29-19-8 = 0.5,7-31-52-37-7 = 0.2,7-48-24-30-7 = 1.0,7-21-26-36-7 = 0.7,7-52-29-37-7 = 0.3,7-31-21-26-36-7 = 0.3,8-33-23-39-8 = 0.2,8-33-39-8 = 0.65,8-12-47-11-8 = 1.0,8-10-51-43-4 = 0.1,8-51-46-43-4 = 0.2,8-40-49-46-43-4 = 0.2,5-35-56-14-5 = 0.25,5-18-54-34-13-5 = 0.5,5-32-55-14-5 = 0.25,5-35-38-5 = 0.75,5-56-55-32-5 = 0.75,5-18-54-58-13-5 = 0.5,5-25-9-51-44-4 = 0.2,5-25-9-46-14-5 = 0.5,5-34-58-10-46-4 = 0.1,5-34-58-51-15-4 = 0.2,8-49-10-51-44-4 = 0.3,8-49-10-44-43-4 = 0.5,4-28-15-4 = 0.8,4-17-57-4 = 1.0,5-34-58-29-19-37-7 = 0.2,5-25-9-19-37-7 = 0.3,4-45-20-28-4 = 0.2,4-45-20-40-23-8 = 0.8,4-41-50-16-5 = 1.0,8-27-53-8 = 1.0,,,,,,,,,,,,,
255,113,737.71,0,2.763,0,Prune by CG,,4-22-4 = 1.0,8-33-8 = 0.091,5-38-5 = 0.216,8-39-8 = 0.091,5-42-5 = 1.0,7-31-52-29-19-7 = 0.25,7-31-52-29-19-8 = 0.25,7-31-52-37-7 = 0.25,7-48-24-30-7 = 1.0,7-21-26-36-7 = 1.0,8-53-27-8 = 1.0,7-52-29-37-7 = 0.25,8-12-46-13-5 = 0.25,8-33-23-39-8 = 0.25,8-33-39-8 = 0.659,8-12-47-11-8 = 0.75,8-40-44-51-43-4 = 0.25,7-31-29-19-37-7 = 0.25,8-25-51-43-4 = 0.114,5-35-56-14-5 = 0.216,5-18-54-34-13-5 = 0.682,5-32-55-14-5 = 0.216,5-35-38-5 = 0.784,5-54-9-58-51-4 = 0.159,5-56-55-32-5 = 0.784,5-18-58-10-49-47-4 = 0.136,5-25-9-46-14-5 = 0.409,5-34-58-51-28-4 = 0.125,5-34-58-51-15-4 = 0.125,5-58-51-46-47-4 = 0.114,8-49-10-44-43-4 = 0.636,4-15-28-4 = 0.875,4-17-57-4 = 1.0,5-25-9-19-37-7 = 0.25,5-25-54-14-5 = 0.159,4-45-20-40-23-8 = 0.75,4-41-50-16-5 = 1.0,4-45-20-11-8 = 0.25,5-58-49-10-46-4 = 0.227,5-18-25-9-34-13-5 = 0.068,5-18-9-58-51-44-4 = 0.114,,,,,,,,,
256,113,735.143,0,0.196,0,Prune by CG,,4-22-4 = 1.0,8-33-8 = 0.346,8-39-8 = 0.346,5-42-5 = 1.0,7-31-52-29-19-8 = 0.5,7-31-52-37-7 = 0.5,7-48-24-30-7 = 1.0,7-21-26-36-7 = 1.0,8-53-27-8 = 1.0,8-33-23-39-8 = 0.192,8-33-39-8 = 0.462,8-12-47-11-8 = 0.962,8-10-51-43-4 = 0.231,8-51-46-43-4 = 0.115,8-40-49-46-43-4 = 0.192,5-35-56-14-5 = 0.154,5-18-54-34-13-5 = 0.462,5-32-55-14-5 = 0.154,5-38-50-16-5 = 0.077,5-38-41-57-4 = 0.077,5-35-38-5 = 0.846,5-56-55-32-5 = 0.846,5-18-54-58-13-5 = 0.5,5-18-25-9-51-4 = 0.038,5-25-9-51-44-4 = 0.269,5-25-9-46-14-5 = 0.654,5-34-13-51-15-4 = 0.038,8-49-10-46-47-4 = 0.038,8-49-10-51-44-4 = 0.308,8-12-9-49-43-4 = 0.038,8-49-10-44-43-4 = 0.423,4-28-15-4 = 0.654,4-15-57-4 = 0.115,4-17-57-4 = 0.808,4-17-15-28-4 = 0.192,5-34-58-29-19-37-7 = 0.5,4-45-20-28-4 = 0.154,5-25-54-14-5 = 0.038,4-45-20-40-23-8 = 0.808,4-41-50-16-5 = 0.923,4-45-20-11-8 = 0.038,,,,,,,,,
65,11,732.748,9.5,0.833,0.87,257,258,4-22-4 = 1.0,8-39-8 = 0.312,5-42-5 = 1.0,7-31-52-29-19-7 = 0.125,7-31-52-29-19-8 = 0.375,7-31-52-37-7 = 0.125,7-48-24-30-7 = 1.0,7-21-26-36-7 = 0.75,8-40-28-15-4 = 0.188,7-52-29-37-7 = 0.375,7-31-21-26-36-7 = 0.25,8-33-23-39-8 = 0.5,8-33-39-8 = 0.188,8-33-40-11-8 = 0.312,8-12-44-28-4 = 0.062,8-12-47-11-8 = 0.688,7-31-29-19-37-7 = 0.125,5-35-56-14-5 = 0.438,5-18-54-34-13-5 = 0.938,5-32-55-14-5 = 0.438,5-35-38-5 = 0.562,5-56-55-32-5 = 0.562,5-54-34-13-14-5 = 0.063,5-25-9-10-58-4 = 0.312,5-18-58-49-19-37-7 = 0.063,5-25-9-58-46-4 = 0.312,5-25-9-58-15-4 = 0.062,8-49-10-46-47-4 = 0.312,8-49-10-51-44-4 = 0.312,4-28-15-4 = 0.75,4-17-57-4 = 1.0,5-25-49-19-37-7 = 0.312,4-45-20-44-43-4 = 0.5,4-12-9-58-51-4 = 0.25,4-51-46-43-4 = 0.375,4-45-20-40-23-8 = 0.5,4-41-50-16-5 = 1.0,5-42-38-5 = 0.438,8-27-53-8 = 1.0,4-9-10-44-43-4 = 0.062,4-44-51-43-14-5 = 0.062,,,,,,,,,
257,65,735.32,0,2.572,0,Prune by CG,,4-22-4 = 1.0,8-33-8 = 0.267,8-39-8 = 0.633,5-42-5 = 1.0,7-31-52-37-7 = 0.067,7-48-24-30-7 = 1.0,7-21-26-36-7 = 0.733,7-31-25-58-49-19-7 = 0.333,8-53-27-8 = 1.0,7-52-29-37-7 = 0.6,7-31-21-26-36-7 = 0.267,8-33-23-39-8 = 0.367,8-33-40-11-8 = 0.367,8-12-44-15-4 = 0.433,8-12-44-28-4 = 0.3,8-12-47-11-8 = 0.2,8-12-9-10-49-4 = 0.067,7-31-52-29-14-5 = 0.333,5-18-54-34-13-5 = 0.333,5-35-38-5 = 1.0,5-56-55-32-5 = 1.0,5-18-54-13-14-5 = 0.4,5-54-34-13-14-5 = 0.267,5-25-9-10-47-4 = 0.667,5-18-58-49-19-37-7 = 0.267,4-28-15-4 = 0.567,4-17-57-4 = 1.0,5-34-58-49-19-11-8 = 0.333,5-34-58-29-19-37-7 = 0.067,4-45-20-28-4 = 0.133,4-45-20-44-43-4 = 0.133,4-51-46-43-4 = 0.867,8-9-10-46-47-4 = 0.133,4-45-20-40-23-8 = 0.633,4-41-50-16-5 = 1.0,4-45-20-11-8 = 0.1,8-9-10-51-44-4 = 0.133,,,,,,,,,,,,,
258,65,732.765,9.667,0.017,0.167,259,260,4-22-4 = 1.0,5-38-5 = 0.5,8-39-8 = 0.333,5-42-5 = 1.0,7-31-52-29-19-7 = 0.056,7-31-52-29-19-8 = 0.444,7-31-52-37-7 = 0.056,7-48-24-30-7 = 1.0,7-21-26-36-7 = 0.611,8-53-27-8 = 1.0,8-40-28-15-4 = 0.222,7-52-29-37-7 = 0.444,7-31-21-26-36-7 = 0.389,8-33-23-39-8 = 0.556,8-33-39-8 = 0.111,8-33-40-11-8 = 0.333,8-12-47-11-8 = 0.667,7-31-29-19-37-7 = 0.056,5-35-56-14-5 = 0.5,5-18-54-34-13-5 = 1.0,5-32-55-14-5 = 0.5,5-35-38-5 = 0.5,5-56-55-32-5 = 0.5,5-25-9-10-58-4 = 0.333,5-25-9-58-46-4 = 0.333,8-49-10-46-47-4 = 0.333,8-49-10-51-44-4 = 0.333,4-28-15-4 = 0.778,4-17-57-4 = 1.0,5-25-49-19-37-7 = 0.333,4-45-20-44-43-4 = 0.556,4-12-9-58-51-4 = 0.333,4-51-46-43-4 = 0.333,4-45-20-40-23-8 = 0.444,4-41-50-16-5 = 1.0,4-44-43-19-37-7 = 0.111,,,,,,,,,,,,,,
259,258,736.551,0,3.786,0,Prune by CG,,4-22-4 = 1.0,8-33-8 = 0.2,8-39-8 = 0.4,5-42-5 = 1.0,7-48-24-30-7 = 1.0,7-21-26-36-7 = 0.8,8-53-27-8 = 1.0,7-52-29-37-7 = 0.2,7-31-21-26-36-7 = 0.2,8-33-23-39-8 = 0.2,8-33-39-8 = 0.4,8-33-40-11-8 = 0.2,8-12-47-11-8 = 0.8,7-31-52-29-14-5 = 0.8,8-45-20-40-23-8 = 0.4,5-41-50-16-5 = 0.6,5-18-54-34-13-5 = 0.8,5-35-38-5 = 1.0,5-56-55-32-5 = 1.0,5-18-54-13-14-5 = 0.2,5-25-58-10-49-4 = 0.2,5-25-9-10-58-4 = 0.2,5-25-9-51-44-4 = 0.2,5-25-9-58-46-4 = 0.2,5-25-9-58-51-4 = 0.2,5-34-58-10-46-4 = 0.2,8-49-10-46-47-4 = 0.2,8-49-10-51-44-4 = 0.2,4-28-15-4 = 1.0,4-17-57-4 = 1.0,4-51-46-43-4 = 0.4,4-45-20-40-23-8 = 0.4,4-41-50-16-5 = 0.4,4-20-49-19-37-7 = 0.2,4-44-43-19-37-7 = 0.6,4-45-12-9-49-19-4 = 0.2,,,,,,,,,,,,,,
260,258,732.896,9.265,0.131,-0.402,261,262,4-22-4 = 1.0,5-38-5 = 0.452,8-39-8 = 0.289,5-42-5 = 1.0,7-31-52-29-19-7 = 0.139,7-31-52-29-19-8 = 0.386,7-31-52-37-7 = 0.139,7-48-24-30-7 = 1.0,7-21-26-36-7 = 0.801,8-53-27-8 = 1.0,8-40-28-15-4 = 0.241,7-52-29-37-7 = 0.337,7-31-21-26-36-7 = 0.199,8-33-23-39-8 = 0.53,8-33-39-8 = 0.181,8-33-40-11-8 = 0.289,8-12-47-11-8 = 0.711,7-31-29-19-37-7 = 0.139,5-35-56-14-5 = 0.452,5-18-54-34-13-5 = 0.952,5-32-55-14-5 = 0.452,5-35-38-5 = 0.548,5-56-55-32-5 = 0.548,5-18-54-13-14-5 = 0.048,5-25-9-10-58-4 = 0.253,5-25-9-58-46-4 = 0.349,5-25-9-58-15-4 = 0.012,5-34-58-10-46-4 = 0.036,5-34-58-51-28-4 = 0.012,8-49-10-46-47-4 = 0.289,8-49-10-51-44-4 = 0.325,4-28-15-4 = 0.747,4-17-57-4 = 1.0,5-25-58-49-37-7 = 0.048,5-25-49-19-37-7 = 0.337,4-45-20-44-43-4 = 0.53,4-12-9-58-51-4 = 0.289,4-51-46-43-4 = 0.325,4-45-20-40-23-8 = 0.47,4-41-50-16-5 = 1.0,4-9-10-44-43-4 = 0.096,4-44-51-43-14-5 = 0.048,,,,,,,,
262,260,732.904,9.316,0.008,0.051,263,264,4-22-4 = 1.0,5-38-5 = 0.43,8-39-8 = 0.351,5-42-5 = 1.0,7-31-52-29-19-7 = 0.114,7-31-52-29-19-8 = 0.386,7-31-52-37-7 = 0.114,7-48-24-30-7 = 1.0,7-21-26-36-7 = 0.728,8-53-27-8 = 1.0,8-40-28-15-4 = 0.211,7-52-29-37-7 = 0.386,7-31-21-26-36-7 = 0.272,8-33-23-39-8 = 0.526,8-33-39-8 = 0.123,8-33-40-11-8 = 0.316,8-12-47-11-8 = 0.684,7-31-29-19-37-7 = 0.114,5-35-56-14-5 = 0.43,5-18-54-34-13-5 = 0.93,5-32-55-14-5 = 0.43,5-35-38-5 = 0.57,5-56-55-32-5 = 0.57,5-18-54-13-14-5 = 0.07,5-25-9-10-58-4 = 0.263,5-25-9-58-46-4 = 0.333,5-25-9-58-15-4 = 0.018,5-34-58-10-46-4 = 0.053,5-34-58-51-28-4 = 0.018,8-49-10-46-47-4 = 0.316,8-49-10-51-44-4 = 0.298,4-28-15-4 = 0.772,4-17-57-4 = 1.0,5-25-49-19-37-7 = 0.386,4-45-20-44-43-4 = 0.561,4-12-9-58-51-4 = 0.316,4-51-46-43-4 = 0.298,4-45-20-40-23-8 = 0.439,4-41-50-16-5 = 1.0,8-33-40-23-8 = 0.035,4-9-10-44-43-4 = 0.07,4-44-51-43-14-5 = 0.07,,,,,,,,
264,262,733.469,9.472,0.565,0.156,265,266,4-22-4 = 1.0,5-38-5 = 0.361,8-39-8 = 0.389,5-42-5 = 1.0,7-31-52-29-19-7 = 0.167,7-31-52-29-19-8 = 0.333,7-31-52-37-7 = 0.167,7-48-24-30-7 = 1.0,7-21-26-36-7 = 0.833,8-53-27-8 = 1.0,8-40-28-15-4 = 0.083,7-52-29-37-7 = 0.333,7-31-21-26-36-7 = 0.167,8-33-23-39-8 = 0.472,8-33-39-8 = 0.139,8-33-40-11-8 = 0.389,8-12-44-28-4 = 0.111,8-12-47-11-8 = 0.611,7-31-29-19-37-7 = 0.167,5-35-56-14-5 = 0.389,5-18-54-34-13-5 = 0.861,5-32-55-14-5 = 0.389,5-38-50-16-5 = 0.014,5-38-41-57-4 = 0.014,5-35-38-5 = 0.611,5-56-55-32-5 = 0.611,5-18-54-13-14-5 = 0.056,5-54-34-13-14-5 = 0.083,5-18-25-58-14-5 = 0.083,5-25-9-58-46-4 = 0.417,5-25-9-58-15-4 = 0.167,5-34-58-51-28-4 = 0.056,8-49-10-46-47-4 = 0.389,8-49-10-51-44-4 = 0.278,4-28-15-4 = 0.736,4-17-57-4 = 0.986,4-17-15-28-4 = 0.014,5-25-49-19-37-7 = 0.333,4-45-20-44-43-4 = 0.472,4-12-9-58-51-4 = 0.278,4-51-46-43-4 = 0.194,4-10-51-43-4 = 0.194,4-45-20-40-23-8 = 0.528,4-41-50-16-5 = 0.986,4-9-10-44-43-4 = 0.139,,,,,
266,264,736.31,0,2.841,0,Prune by CG,,4-22-4 = 1.0,5-38-5 = 0.312,8-39-8 = 0.625,5-42-5 = 1.0,7-36-26-7 = 0.25,7-31-52-29-19-8 = 0.5,7-48-24-30-7 = 1.0,7-21-58-51-44-4 = 0.125,7-21-26-36-7 = 0.25,8-53-27-8 = 1.0,7-52-29-37-7 = 0.5,7-31-21-26-36-7 = 0.5,8-33-23-11-8 = 0.062,8-33-23-39-8 = 0.375,8-33-40-11-8 = 0.438,8-12-44-28-4 = 0.187,8-12-47-11-8 = 0.5,8-45-20-40-23-8 = 0.25,5-35-56-21-7 = 0.125,5-35-56-14-5 = 0.438,5-18-54-34-13-5 = 1.0,5-32-55-14-5 = 0.562,5-38-50-16-5 = 0.125,5-38-41-57-4 = 0.125,5-35-38-5 = 0.438,5-56-55-32-5 = 0.438,5-25-9-10-47-4 = 0.125,8-49-10-46-47-4 = 0.375,8-49-10-51-44-4 = 0.125,4-28-15-4 = 0.688,4-17-57-4 = 0.875,4-17-15-28-4 = 0.125,5-25-49-19-37-7 = 0.5,4-45-20-44-43-4 = 0.562,4-12-9-58-51-4 = 0.313,4-51-46-43-4 = 0.063,4-10-51-43-4 = 0.375,4-45-20-40-23-8 = 0.187,4-41-50-16-5 = 0.875,4-25-9-58-46-4 = 0.375,8-33-40-23-8 = 0.125,4-9-58-46-15-4 = 0.187,,,,,,,,
265,264,733.75,8.857,0.282,-0.615,267,268,4-22-4 = 1.0,5-38-5 = 0.243,8-39-8 = 0.286,5-42-5 = 1.0,7-36-26-7 = 0.114,7-31-52-29-19-7 = 0.329,7-31-52-29-19-8 = 0.171,7-31-52-37-7 = 0.214,7-48-24-30-7 = 1.0,7-21-26-36-7 = 0.814,7-21-49-19-37-7 = 0.114,8-53-27-8 = 1.0,7-52-29-37-7 = 0.286,7-31-21-26-36-7 = 0.071,8-33-23-39-8 = 0.286,8-33-39-8 = 0.429,8-33-40-11-8 = 0.286,8-12-44-28-4 = 0.171,8-12-47-11-8 = 0.714,8-12-9-10-49-4 = 0.086,7-31-29-19-37-7 = 0.214,5-35-56-14-5 = 0.243,5-18-54-34-13-5 = 0.657,5-32-55-14-5 = 0.243,5-35-38-5 = 0.757,5-56-55-32-5 = 0.757,5-18-54-13-14-5 = 0.171,5-54-34-13-14-5 = 0.171,5-18-25-58-14-5 = 0.171,5-25-9-58-46-4 = 0.314,5-25-9-58-15-4 = 0.343,5-34-58-51-28-4 = 0.171,8-49-10-46-47-4 = 0.286,8-49-10-51-44-4 = 0.343,4-28-15-4 = 0.657,4-17-57-4 = 1.0,4-20-51-43-4 = 0.029,5-25-49-19-37-7 = 0.171,4-45-20-44-43-4 = 0.257,4-51-46-43-4 = 0.4,4-10-51-43-4 = 0.057,4-45-20-40-23-8 = 0.714,4-41-50-16-5 = 1.0,4-45-12-9-43-4 = 0.029,4-9-10-44-43-4 = 0.229,,,,,
268,265,736.656,0,2.906,0,Prune by CG,,4-22-4 = 1.0,5-38-5 = 0.312,5-42-5 = 1.0,7-36-26-7 = 0.312,7-31-52-29-19-8 = 0.312,7-48-37-7 = 0.312,7-24-30-7 = 0.312,7-48-24-30-7 = 0.688,8-53-27-8 = 1.0,7-52-29-37-7 = 0.688,7-31-21-26-36-7 = 0.688,8-33-23-39-8 = 0.375,8-33-39-8 = 0.625,8-12-44-28-4 = 0.375,8-12-47-11-8 = 0.5,5-35-56-21-7 = 0.312,5-18-54-34-13-5 = 0.812,5-32-55-14-5 = 0.312,5-35-38-5 = 0.688,5-56-55-32-5 = 0.688,5-54-34-13-14-5 = 0.188,5-25-58-51-14-5 = 0.5,5-25-9-58-46-4 = 0.125,5-25-9-58-15-4 = 0.375,5-18-9-10-49-19-4 = 0.188,8-49-10-46-47-4 = 0.375,8-49-10-51-44-4 = 0.063,4-15-28-4 = 0.625,4-17-57-4 = 1.0,4-45-20-44-43-4 = 0.375,4-51-46-43-4 = 0.375,8-9-10-46-47-4 = 0.125,4-10-51-43-4 = 0.062,8-40-49-19-11-8 = 0.375,4-45-20-40-23-8 = 0.625,4-41-50-16-5 = 1.0,4-9-10-44-43-4 = 0.188,8-12-19-11-8 = 0.125,,,,,,,,,,,,
267,265,733.932,9.471,0.182,0.613,269,270,4-22-4 = 1.0,5-38-5 = 0.216,8-39-8 = 0.235,5-42-5 = 1.0,7-36-26-7 = 0.461,7-31-52-29-19-7 = 0.5,7-31-52-37-7 = 0.039,7-48-24-30-7 = 1.0,7-21-26-36-7 = 0.118,7-21-49-19-37-7 = 0.461,8-53-27-8 = 1.0,7-52-29-37-7 = 0.461,7-31-21-26-36-7 = 0.422,8-33-23-39-8 = 0.235,8-33-39-8 = 0.529,8-33-40-11-8 = 0.235,8-12-44-28-4 = 0.235,8-12-47-11-8 = 0.765,7-31-29-19-37-7 = 0.039,5-35-56-14-5 = 0.314,5-18-54-34-13-5 = 0.784,5-32-55-14-5 = 0.314,5-38-50-16-5 = 0.049,5-38-41-57-4 = 0.049,5-35-38-5 = 0.686,5-56-55-32-5 = 0.686,5-18-54-13-14-5 = 0.059,5-54-34-13-14-5 = 0.157,5-25-9-10-47-4 = 0.059,5-18-25-58-14-5 = 0.157,5-25-9-58-46-4 = 0.48,5-25-9-58-15-4 = 0.294,5-34-58-51-28-4 = 0.059,8-49-10-46-47-4 = 0.176,8-49-10-51-44-4 = 0.353,4-15-28-4 = 0.657,4-17-57-4 = 0.951,4-17-15-28-4 = 0.049,4-45-20-44-43-4 = 0.245,4-51-46-43-4 = 0.343,4-10-51-43-4 = 0.245,5-25-58-49-40-23-8 = 0.01,4-45-20-40-23-8 = 0.755,4-41-50-16-5 = 0.951,4-9-10-44-43-4 = 0.167,,,,,
270,267,736.367,0,2.435,0,Prune by CG,,4-22-4 = 1.0,8-33-8 = 0.168,8-39-8 = 0.567,5-42-5 = 1.0,7-36-26-7 = 0.142,7-31-52-29-19-7 = 0.284,7-31-52-37-7 = 0.142,7-48-24-30-7 = 1.0,7-21-26-36-7 = 0.858,7-21-49-19-37-7 = 0.142,8-53-27-8 = 1.0,7-52-29-37-7 = 0.142,8-33-23-39-8 = 0.399,8-33-39-8 = 0.034,8-33-40-11-8 = 0.399,8-12-44-28-4 = 0.142,8-12-47-11-8 = 0.601,8-12-9-10-49-4 = 0.257,7-31-29-19-37-7 = 0.142,7-31-52-29-14-5 = 0.433,5-18-54-34-13-5 = 0.392,5-35-38-5 = 1.0,5-56-55-32-5 = 1.0,5-18-54-58-13-5 = 0.216,5-18-54-13-14-5 = 0.216,5-25-9-10-47-4 = 0.399,5-18-54-58-14-5 = 0.175,5-25-9-51-44-4 = 0.168,5-34-58-46-15-4 = 0.313,5-34-58-51-28-4 = 0.119,5-34-58-46-13-14-5 = 0.175,8-49-10-51-44-4 = 0.168,4-28-15-4 = 0.687,4-17-57-4 = 1.0,5-25-49-19-37-7 = 0.433,4-45-20-28-4 = 0.052,4-45-20-44-43-4 = 0.347,4-51-46-43-4 = 0.511,4-45-20-40-23-8 = 0.601,4-41-50-16-5 = 1.0,4-9-10-44-43-4 = 0.142,8-9-10-51-44-4 = 0.034,,,,,,,,
269,267,733.966,8.083,0.034,-1.387,271,272,4-22-4 = 1.0,5-38-5 = 0.333,5-42-5 = 1.0,7-36-26-7 = 0.417,7-31-52-29-19-7 = 0.5,7-31-52-37-7 = 0.083,7-48-24-30-7 = 1.0,7-21-26-36-7 = 0.25,7-21-49-19-37-7 = 0.417,8-53-27-8 = 1.0,8-40-28-15-4 = 0.25,7-52-29-37-7 = 0.417,7-31-21-26-36-7 = 0.333,8-33-23-39-8 = 0.25,8-33-39-8 = 0.75,8-12-47-11-8 = 1.0,7-31-29-19-37-7 = 0.083,5-35-56-14-5 = 0.417,5-18-54-34-13-5 = 0.917,5-32-55-14-5 = 0.417,5-38-50-16-5 = 0.042,5-38-41-57-4 = 0.042,5-35-38-5 = 0.583,5-56-55-32-5 = 0.583,5-54-34-13-14-5 = 0.083,5-18-25-58-14-5 = 0.083,5-25-9-58-46-4 = 0.833,8-49-10-51-44-4 = 0.5,4-28-15-4 = 0.708,4-17-57-4 = 0.958,4-17-15-28-4 = 0.042,4-45-20-44-43-4 = 0.333,4-51-46-43-4 = 0.167,4-10-51-43-4 = 0.333,5-25-58-49-40-23-8 = 0.083,4-45-20-40-23-8 = 0.667,4-41-50-16-5 = 0.958,4-9-10-44-43-4 = 0.167,,,,,,,,,,,,
272,269,735.95,0,1.984,0,Prune by CG,,4-22-4 = 1.0,5-38-5 = 0.5,5-42-5 = 1.0,7-36-26-7 = 0.333,7-31-52-29-19-7 = 0.5,7-31-52-37-7 = 0.167,7-48-24-30-7 = 1.0,7-21-26-36-7 = 0.5,7-21-49-19-37-7 = 0.333,8-53-27-8 = 1.0,8-40-28-15-4 = 0.333,7-52-29-37-7 = 0.333,7-31-21-26-36-7 = 0.167,8-33-23-39-8 = 0.333,8-33-39-8 = 0.667,8-12-44-28-4 = 0.333,8-12-47-11-8 = 0.333,7-31-29-19-37-7 = 0.167,5-35-56-14-5 = 0.5,5-18-54-34-13-5 = 1.0,5-32-55-14-5 = 0.5,5-35-38-5 = 0.5,5-25-58-28-4 = 0.333,5-56-55-32-5 = 0.5,5-25-9-58-15-4 = 0.667,8-49-10-46-47-4 = 0.333,8-49-10-51-44-4 = 0.333,4-17-57-4 = 1.0,4-51-46-43-4 = 0.667,4-45-20-40-23-8 = 0.667,4-41-50-16-5 = 1.0,4-12-47-11-8 = 0.333,4-45-20-11-8 = 0.333,4-9-10-44-43-4 = 0.333,,,,,,,,,,,,,,,,
271,269,734.198,8.417,0.231,0.333,273,274,4-22-4 = 1.0,8-39-8 = 0.292,5-42-5 = 1.0,7-36-26-7 = 0.375,7-31-52-29-19-7 = 0.5,7-31-52-37-7 = 0.125,7-48-24-30-7 = 1.0,7-21-26-36-7 = 0.375,7-21-49-19-37-7 = 0.375,8-53-27-8 = 1.0,7-52-29-37-7 = 0.375,7-31-21-26-36-7 = 0.25,8-33-23-39-8 = 0.083,8-33-39-8 = 0.583,8-33-40-11-8 = 0.083,8-40-23-39-8 = 0.042,8-12-47-11-8 = 0.917,7-31-29-19-37-7 = 0.125,5-35-56-14-5 = 0.25,5-18-54-34-13-5 = 0.75,5-32-55-14-5 = 0.25,5-38-50-16-5 = 0.125,5-38-41-57-4 = 0.125,5-35-38-5 = 0.75,5-56-55-32-5 = 0.75,5-54-34-13-14-5 = 0.25,5-18-25-58-14-5 = 0.25,5-25-9-58-46-4 = 0.75,8-49-10-46-47-4 = 0.083,8-49-10-51-44-4 = 0.542,4-28-15-4 = 0.875,4-17-57-4 = 0.875,4-17-15-28-4 = 0.125,4-20-51-43-4 = 0.083,4-45-20-44-43-4 = 0.292,4-51-46-43-4 = 0.167,4-10-51-43-4 = 0.208,4-45-20-40-23-8 = 0.625,4-41-50-16-5 = 0.875,4-45-12-9-43-4 = 0.083,8-33-40-23-8 = 0.25,4-9-10-44-43-4 = 0.167,,,,,,,,
273,271,736.1,0,1.903,0,Prune by CG,,4-22-4 = 1.0,5-38-5 = 0.5,5-42-5 = 1.0,7-36-26-7 = 0.25,7-31-52-29-19-7 = 0.5,7-31-52-37-7 = 0.25,7-48-24-30-7 = 1.0,7-21-26-36-7 = 0.75,7-21-49-19-37-7 = 0.25,8-53-27-8 = 1.0,7-52-29-37-7 = 0.25,8-33-23-39-8 = 0.062,8-33-39-8 = 0.5,8-33-40-11-8 = 0.062,8-40-23-39-8 = 0.438,8-12-47-11-8 = 0.5,7-31-29-19-37-7 = 0.25,5-35-56-14-5 = 0.5,5-18-54-34-13-5 = 1.0,5-32-55-14-5 = 0.5,5-35-38-5 = 0.5,5-56-55-32-5 = 0.5,5-25-9-58-46-4 = 0.75,5-25-9-58-15-4 = 0.125,8-49-10-46-47-4 = 0.062,8-49-10-51-44-4 = 0.5,4-15-57-4 = 0.438,4-17-57-4 = 0.562,4-17-15-28-4 = 0.438,4-45-20-28-4 = 0.562,4-45-20-44-43-4 = 0.438,4-51-46-43-4 = 0.188,4-10-51-43-4 = 0.312,5-25-58-49-40-23-8 = 0.125,4-41-50-16-5 = 1.0,4-12-47-11-8 = 0.438,4-12-9-10-49-4 = 0.062,8-33-40-23-8 = 0.375,4-9-10-44-43-4 = 0.062,,,,,,,,,,,
274,271,734.776,8.643,0.579,0.226,275,276,4-22-4 = 1.0,8-33-8 = 0.071,8-39-8 = 0.143,5-42-5 = 1.0,7-36-26-7 = 0.357,7-31-52-29-19-7 = 0.5,7-31-52-37-7 = 0.143,7-48-24-30-7 = 1.0,7-21-26-36-7 = 0.429,7-21-49-19-37-7 = 0.357,8-53-27-8 = 1.0,7-52-29-37-7 = 0.357,7-31-21-26-36-7 = 0.214,8-33-23-39-8 = 0.071,8-33-39-8 = 0.786,8-33-40-11-8 = 0.071,8-12-47-11-8 = 0.857,7-31-29-19-37-7 = 0.143,8-45-20-11-8 = 0.071,8-45-20-40-23-8 = 0.429,5-35-56-14-5 = 0.214,5-18-54-34-13-5 = 0.643,5-32-55-14-5 = 0.214,5-38-50-16-5 = 0.107,5-38-41-57-4 = 0.107,5-35-38-5 = 0.786,5-56-55-32-5 = 0.786,5-54-34-13-14-5 = 0.357,5-18-25-58-49-47-4 = 0.143,5-18-25-58-14-5 = 0.214,5-25-9-58-46-4 = 0.643,8-49-10-51-44-4 = 0.5,4-15-28-4 = 0.893,4-17-57-4 = 0.893,4-17-15-28-4 = 0.107,4-12-44-43-4 = 0.143,4-51-46-43-4 = 0.357,4-10-51-43-4 = 0.143,4-45-20-40-23-8 = 0.5,4-41-50-16-5 = 0.893,4-9-10-44-43-4 = 0.357,,,,,,,,,
275,274,737.842,0,3.066,0,Prune by CG,,4-22-4 = 1.0,5-38-5 = 0.227,5-42-5 = 1.0,7-36-26-7 = 0.227,7-31-52-29-19-7 = 0.455,7-31-52-37-7 = 0.227,7-48-24-30-7 = 1.0,7-21-26-36-7 = 0.773,7-21-49-19-37-7 = 0.227,8-53-27-8 = 1.0,7-52-29-37-7 = 0.227,8-33-39-8 = 1.0,8-12-47-11-8 = 1.0,7-31-29-19-37-7 = 0.227,7-31-52-29-14-5 = 0.091,8-45-20-40-23-8 = 0.682,5-35-56-14-5 = 0.409,5-18-54-34-13-5 = 1.0,5-32-55-14-5 = 0.409,5-38-50-16-5 = 0.091,5-38-41-57-4 = 0.091,5-35-38-5 = 0.591,5-56-55-32-5 = 0.591,5-25-58-51-14-5 = 0.091,5-25-9-58-46-4 = 0.455,5-25-58-49-46-4 = 0.455,8-49-51-44-15-4 = 0.227,4-15-28-4 = 0.682,4-17-57-4 = 0.909,4-17-15-28-4 = 0.091,8-49-46-19-37-7 = 0.091,4-10-51-43-4 = 0.455,4-44-51-28-4 = 0.227,4-45-20-40-23-8 = 0.318,4-41-50-16-5 = 0.909,4-9-10-44-43-4 = 0.545,,,,,,,,,,,,,,
276,274,736.769,0,1.993,0,Prune by CG,,4-22-4 = 1.0,8-39-8 = 0.438,5-42-5 = 1.0,7-36-26-7 = 0.25,7-31-52-29-19-7 = 0.5,7-31-52-37-7 = 0.25,7-48-24-30-7 = 1.0,7-21-26-36-7 = 0.75,7-21-49-19-37-7 = 0.25,8-53-27-8 = 1.0,7-52-29-37-7 = 0.25,8-33-23-39-8 = 0.438,8-33-39-8 = 0.125,8-33-40-11-8 = 0.438,8-12-47-11-8 = 0.125,7-31-29-19-37-7 = 0.25,5-35-56-14-5 = 0.25,5-18-54-34-13-5 = 0.75,5-32-55-14-5 = 0.25,5-38-50-16-5 = 0.125,5-38-41-57-4 = 0.125,5-35-38-5 = 0.75,5-56-55-32-5 = 0.75,5-54-34-13-14-5 = 0.25,5-18-25-58-14-5 = 0.25,5-25-9-58-51-4 = 0.75,8-49-10-46-47-4 = 0.625,8-49-10-51-44-4 = 0.125,4-15-28-4 = 0.875,4-17-57-4 = 0.875,4-17-15-28-4 = 0.125,4-12-44-43-4 = 0.875,4-51-46-43-4 = 0.125,8-9-10-46-47-4 = 0.25,4-45-20-40-23-8 = 0.562,4-41-50-16-5 = 0.875,4-45-20-11-8 = 0.438,,,,,,,,,,,,,
247,245,733.511,10,0.449,2.474,277,278,4-22-4 = 1.0,5-38-5 = 0.5,5-42-5 = 1.0,7-31-52-29-19-8 = 0.5,7-48-24-30-7 = 1.0,7-21-26-36-7 = 0.5,8-53-27-8 = 1.0,7-52-29-37-7 = 0.5,7-31-21-26-36-7 = 0.5,8-33-23-39-8 = 0.5,8-33-39-8 = 0.5,8-12-44-43-4 = 0.5,8-12-47-11-8 = 0.5,8-40-44-51-43-4 = 0.5,5-35-56-14-5 = 0.5,5-18-54-34-13-5 = 1.0,5-32-55-14-5 = 0.5,5-35-38-5 = 0.5,5-56-55-32-5 = 0.5,5-25-9-46-47-8 = 0.5,8-49-10-58-46-4 = 0.5,8-49-10-58-51-4 = 0.5,4-28-15-4 = 1.0,4-17-57-4 = 1.0,5-25-9-19-37-7 = 0.5,4-45-20-40-23-8 = 0.5,4-41-50-16-5 = 1.0,4-45-20-11-8 = 0.5,,,,,,,,,,,,,,,,,,,,,,
278,247,734.089,5.8,0.578,-4.2,279,280,4-22-4 = 1.0,8-33-8 = 0.225,8-39-8 = 0.275,5-42-5 = 1.0,7-31-52-29-19-8 = 0.313,7-48-24-30-7 = 1.0,7-21-26-36-7 = 0.688,8-53-27-8 = 1.0,7-52-29-37-7 = 0.312,7-31-21-26-36-7 = 0.312,8-33-23-39-8 = 0.187,8-33-39-8 = 0.538,8-33-40-11-8 = 0.05,8-12-44-43-4 = 0.05,8-12-47-11-8 = 0.95,8-40-44-51-43-4 = 0.137,8-25-58-28-4 = 0.012,7-31-52-29-14-5 = 0.375,5-18-54-34-13-5 = 0.375,5-35-38-5 = 1.0,5-56-55-32-5 = 1.0,5-18-54-13-14-5 = 0.388,5-18-25-9-51-4 = 0.238,5-54-34-13-14-5 = 0.238,5-25-9-46-47-8 = 0.05,5-25-9-10-49-8 = 0.012,5-34-51-44-43-4 = 0.388,8-49-10-58-46-4 = 0.95,8-49-10-58-15-4 = 0.025,8-49-58-51-28-4 = 0.013,4-15-28-4 = 0.975,4-17-57-4 = 1.0,5-25-9-19-37-7 = 0.688,4-45-20-44-43-4 = 0.187,4-44-51-43-4 = 0.225,4-45-20-40-23-8 = 0.813,4-41-50-16-5 = 1.0,4-9-10-44-43-4 = 0.013,,,,,,,,,,,,
279,278,735.165,0,1.077,0,Prune by CG,,4-22-4 = 1.0,8-39-8 = 0.25,5-42-5 = 1.0,7-31-52-29-19-8 = 0.5,7-48-24-30-7 = 1.0,7-21-26-36-7 = 0.5,8-53-27-8 = 1.0,7-52-29-37-7 = 0.5,7-31-21-26-36-7 = 0.5,8-33-39-8 = 0.625,8-40-23-39-8 = 0.125,8-12-47-11-8 = 1.0,5-18-54-34-13-5 = 0.125,5-35-38-5 = 1.0,5-56-55-32-5 = 1.0,5-18-54-13-14-5 = 0.125,5-18-25-9-51-4 = 0.5,5-54-34-13-14-5 = 0.625,5-18-54-34-14-5 = 0.125,8-49-10-58-46-4 = 1.0,4-15-28-4 = 1.0,4-17-57-4 = 1.0,5-25-9-19-37-7 = 0.5,4-45-20-44-43-4 = 0.5,4-44-51-43-4 = 0.5,4-45-20-40-23-8 = 0.5,4-41-50-16-5 = 1.0,8-33-40-23-8 = 0.375,5-18-34-13-14-5 = 0.125,,,,,,,,,,,,,,,,,,,,,
280,278,734.255,6.5,0.167,0.7,281,282,4-22-4 = 1.0,8-33-8 = 0.25,8-39-8 = 0.25,5-42-5 = 1.0,7-31-52-29-19-8 = 0.25,7-48-24-30-7 = 1.0,7-21-26-36-7 = 0.75,8-53-27-8 = 1.0,7-52-29-37-7 = 0.25,7-31-21-26-36-7 = 0.25,8-33-23-39-8 = 0.25,8-33-39-8 = 0.5,8-12-44-43-4 = 0.25,8-12-47-11-8 = 0.75,8-40-44-51-43-4 = 0.25,7-31-52-29-14-5 = 0.5,5-18-54-34-13-5 = 0.5,5-35-38-5 = 1.0,5-56-55-32-5 = 1.0,5-18-54-13-14-5 = 0.5,5-25-9-46-47-8 = 0.25,5-34-51-44-43-4 = 0.5,8-49-10-58-46-4 = 0.75,8-49-10-58-51-4 = 0.25,4-15-28-4 = 1.0,4-17-57-4 = 1.0,5-25-9-19-37-7 = 0.75,4-45-20-40-23-8 = 0.75,4-41-50-16-5 = 1.0,4-45-20-11-8 = 0.25,,,,,,,,,,,,,,,,,,,,
281,280,735.712,0,1.456,0,Prune by CG,,4-22-4 = 1.0,8-33-8 = 0.083,8-39-8 = 0.083,5-42-5 = 1.0,7-31-52-29-19-7 = 0.333,7-31-52-37-7 = 0.333,7-48-24-30-7 = 1.0,7-21-26-36-7 = 1.0,8-53-27-8 = 1.0,7-52-29-37-7 = 0.333,7-31-29-19-11-8 = 0.333,8-33-23-39-8 = 0.333,8-33-39-8 = 0.583,8-12-44-43-4 = 0.667,8-12-47-11-8 = 0.333,8-40-44-51-43-4 = 0.333,5-18-54-34-13-5 = 0.25,5-35-38-5 = 1.0,5-56-55-32-5 = 1.0,5-18-54-13-14-5 = 0.25,5-54-34-13-14-5 = 0.25,5-25-9-46-47-8 = 0.667,5-18-54-34-14-5 = 0.25,8-49-10-58-46-4 = 0.333,8-49-10-58-51-4 = 0.667,4-15-28-4 = 1.0,4-17-57-4 = 1.0,5-25-9-19-37-7 = 0.333,4-45-20-40-23-8 = 0.667,4-41-50-16-5 = 1.0,4-45-20-11-8 = 0.333,5-18-34-13-14-5 = 0.25,,,,,,,,,,,,,,,,,,
282,280,736.591,0,2.336,0,Prune by CG,,4-22-4 = 1.0,5-38-5 = 0.25,5-42-5 = 1.0,7-31-52-29-19-8 = 0.25,7-48-37-7 = 0.25,7-24-30-7 = 0.25,7-21-52-29-5 = 0.25,7-48-24-30-7 = 0.75,7-21-26-36-7 = 0.5,8-53-27-8 = 1.0,7-31-21-26-36-7 = 0.25,8-33-23-39-8 = 0.25,8-33-39-8 = 0.75,8-12-44-43-4 = 0.25,8-12-47-11-8 = 0.75,8-40-44-51-43-4 = 0.25,7-31-52-29-14-5 = 0.5,5-18-54-34-13-5 = 0.5,5-35-38-5 = 0.75,5-56-55-32-5 = 1.0,5-18-54-13-14-5 = 0.5,5-25-9-46-47-8 = 0.25,5-34-51-44-43-4 = 0.5,8-49-10-58-46-4 = 0.75,8-49-10-58-51-4 = 0.25,4-15-28-4 = 1.0,4-17-57-4 = 1.0,5-25-9-19-37-7 = 0.75,4-45-20-40-23-8 = 0.75,4-41-50-16-5 = 1.0,4-45-20-11-8 = 0.25,5-35-36-26-7 = 0.25,,,,,,,,,,,,,,,,,,
277,247,734.203,8,0.692,-2,283,284,4-22-4 = 1.0,8-33-8 = 0.5,8-39-8 = 0.5,5-42-5 = 1.0,7-31-52-29-19-8 = 0.5,7-48-24-30-7 = 1.0,7-21-26-36-7 = 0.5,8-53-27-8 = 1.0,7-52-29-37-7 = 0.5,7-31-21-26-36-7 = 0.5,8-33-23-39-8 = 0.5,8-12-44-43-4 = 0.5,8-12-47-11-8 = 0.5,8-40-44-51-43-4 = 0.5,5-35-56-38-5 = 1.0,5-18-54-34-13-5 = 1.0,5-32-55-14-5 = 1.0,5-25-9-46-47-8 = 0.5,8-49-10-58-46-4 = 0.5,8-49-10-58-51-4 = 0.5,4-15-28-4 = 1.0,4-17-57-4 = 1.0,5-25-9-19-37-7 = 0.5,4-45-20-40-23-8 = 0.5,4-41-50-16-5 = 1.0,4-45-20-11-8 = 0.5,,,,,,,,,,,,,,,,,,,,,,,,
283,277,736.509,0,2.306,0,Prune by CG,,4-22-4 = 1.0,8-33-8 = 0.5,8-39-8 = 0.5,5-42-5 = 1.0,7-31-52-29-19-8 = 0.5,7-48-24-30-7 = 1.0,7-21-26-36-7 = 0.5,8-53-27-8 = 1.0,7-52-29-37-7 = 0.5,7-31-21-26-36-7 = 0.5,8-33-23-39-8 = 0.5,8-12-44-43-4 = 0.5,8-12-47-11-8 = 0.5,8-45-20-40-23-8 = 0.5,5-35-56-38-5 = 1.0,5-18-54-34-13-5 = 1.0,5-32-55-14-5 = 1.0,5-25-9-46-47-8 = 0.5,8-49-10-58-46-4 = 0.5,8-49-10-58-51-4 = 0.5,4-15-28-4 = 1.0,4-17-57-4 = 1.0,5-25-9-19-37-7 = 0.5,4-45-44-51-43-4 = 0.5,4-20-40-11-8 = 0.5,4-41-50-16-5 = 1.0,,,,,,,,,,,,,,,,,,,,,,,,
284,277,735.476,0,1.273,0,Prune by CG,,4-22-4 = 1.0,8-33-8 = 0.5,8-39-8 = 0.5,5-42-5 = 1.0,7-31-52-29-19-8 = 0.5,7-48-24-30-7 = 1.0,7-21-26-36-7 = 0.5,8-53-27-8 = 1.0,7-52-29-37-7 = 0.5,7-31-21-26-36-7 = 0.5,8-33-39-8 = 0.5,8-12-47-11-8 = 1.0,8-40-44-51-43-4 = 0.5,5-35-56-38-5 = 1.0,5-18-54-34-13-5 = 1.0,5-32-55-14-5 = 1.0,8-49-10-58-46-4 = 1.0,4-15-28-4 = 1.0,4-17-57-4 = 1.0,5-25-9-19-37-7 = 0.5,4-45-20-44-43-4 = 0.5,4-45-20-40-23-8 = 0.5,4-41-50-16-5 = 1.0,5-25-9-51-23-8 = 0.5,,,,,,,,,,,,,,,,,,,,,,,,,,
222,219,734.971,8.118,0.707,0.518,285,286,4-22-4 = 1.0,8-33-8 = 0.147,8-39-8 = 0.324,5-42-5 = 1.0,8-53-8 = 0.206,7-36-26-7 = 0.412,7-31-52-29-19-8 = 0.265,7-21-52-29-7 = 0.147,7-48-24-30-7 = 1.0,7-21-52-9-58-5 = 0.265,7-31-49-46-43-4 = 0.088,8-53-27-8 = 0.794,7-52-29-37-7 = 0.324,7-31-29-19-11-8 = 0.059,7-31-21-26-36-7 = 0.588,8-33-39-8 = 0.676,8-33-40-11-8 = 0.176,8-12-44-28-4 = 0.235,8-12-47-11-8 = 0.765,8-10-49-19-37-7 = 0.471,8-45-20-40-23-8 = 0.176,5-35-38-5 = 1.0,5-54-58-13-14-5 = 0.029,5-25-51-43-4 = 0.353,5-56-55-32-5 = 1.0,5-18-54-13-14-5 = 0.676,5-18-25-9-43-4 = 0.235,5-54-34-13-14-5 = 0.294,5-25-9-46-47-4 = 0.059,5-25-9-51-44-4 = 0.353,5-34-58-10-46-5 = 0.529,5-34-58-46-47-23-8 = 0.176,8-49-51-44-15-4 = 0.235,4-15-28-4 = 0.765,4-17-57-4 = 1.0,5-18-9-46-43-4 = 0.088,4-45-20-44-43-4 = 0.176,4-51-46-43-4 = 0.059,4-45-20-40-23-8 = 0.647,4-41-50-16-5 = 1.0,8-27-49-29-19-37-7 = 0.206,,,,,,,,,
285,222,737.498,0,2.527,0,Prune by CG,,4-22-4 = 1.0,8-33-8 = 0.108,8-39-8 = 0.789,5-42-5 = 1.0,7-36-26-7 = 0.329,7-31-52-29-19-8 = 0.204,7-21-52-29-7 = 0.125,7-48-24-30-7 = 1.0,7-21-52-9-58-5 = 0.204,7-31-49-46-43-4 = 0.097,7-52-29-37-7 = 0.466,7-31-29-19-11-8 = 0.028,7-31-21-26-36-7 = 0.671,8-33-23-11-8 = 0.235,8-33-23-39-8 = 0.211,8-33-40-11-8 = 0.446,8-12-44-15-4 = 0.431,8-12-44-28-4 = 0.277,8-12-47-11-8 = 0.292,8-10-49-19-37-7 = 0.5,5-35-38-5 = 1.0,5-25-51-43-4 = 0.228,5-56-55-32-5 = 1.0,5-18-54-13-14-5 = 0.147,5-18-25-54-5 = 0.119,5-54-34-13-14-5 = 0.557,5-25-9-46-47-4 = 0.385,5-18-25-9-49-19-8 = 0.234,8-49-51-44-15-4 = 0.135,4-15-28-4 = 0.434,4-17-57-4 = 1.0,5-25-49-19-37-7 = 0.034,4-45-20-28-4 = 0.289,4-45-20-44-43-4 = 0.157,4-51-46-43-4 = 0.518,4-45-20-40-23-8 = 0.554,4-41-50-16-5 = 1.0,8-27-53-8 = 1.0,5-9-10-58-13-14-5 = 0.176,5-18-54-58-29-5 = 0.177,5-18-34-58-10-47-8 = 0.323,5-34-58-51-13-14-5 = 0.119,,,,,,,,
286,222,735.25,0,0.279,0,Prune by CG,,4-22-4 = 1.0,8-33-8 = 0.323,8-39-8 = 0.552,5-42-5 = 1.0,8-53-8 = 0.223,7-36-26-7 = 0.223,7-31-52-29-19-8 = 0.389,7-48-24-30-7 = 1.0,7-21-52-9-58-5 = 0.223,7-21-26-36-7 = 0.166,8-40-28-15-4 = 0.267,7-52-29-37-7 = 0.389,7-31-21-26-36-7 = 0.611,8-33-23-39-8 = 0.3,8-33-39-8 = 0.148,8-33-40-11-8 = 0.228,8-12-44-28-4 = 0.042,8-12-47-11-8 = 0.772,8-12-9-10-49-8 = 0.187,8-10-49-19-37-7 = 0.199,5-35-38-5 = 1.0,5-25-51-43-4 = 0.409,5-56-55-32-5 = 1.0,5-18-54-13-14-5 = 0.804,5-18-25-9-43-4 = 0.196,5-54-34-13-14-5 = 0.196,5-25-9-51-44-4 = 0.395,5-34-51-44-43-4 = 0.027,5-34-58-10-46-5 = 0.582,5-34-58-46-47-23-8 = 0.196,8-49-10-46-47-8 = 0.033,8-49-51-44-15-4 = 0.169,4-28-15-4 = 0.564,4-17-57-4 = 1.0,8-49-46-19-37-7 = 0.19,4-45-20-28-4 = 0.128,4-45-20-44-43-4 = 0.368,4-45-20-40-23-8 = 0.504,4-41-50-16-5 = 1.0,8-27-53-8 = 0.777,8-27-49-29-19-37-7 = 0.223,,,,,,,,,
141,137,734.733,7,1.497,-1.5,287,288,4-22-4 = 1.0,8-33-8 = 0.25,8-39-8 = 0.25,5-42-5 = 1.0,7-36-26-7 = 0.25,7-21-52-29-7 = 0.25,7-48-24-30-7 = 1.0,7-21-26-36-7 = 0.25,7-31-25-58-49-19-8 = 0.25,7-52-29-37-7 = 0.5,7-31-21-26-36-7 = 0.5,8-33-39-8 = 0.75,8-12-44-28-4 = 0.25,8-12-47-11-8 = 0.75,7-31-52-29-14-5 = 0.25,5-18-54-34-13-5 = 0.375,5-35-38-5 = 1.0,5-25-51-43-4 = 0.625,5-56-55-32-5 = 1.0,5-18-54-13-14-5 = 0.625,5-34-58-10-46-4 = 0.375,4-28-15-4 = 0.75,4-17-57-4 = 1.0,5-34-58-49-19-11-8 = 0.25,5-25-49-19-37-7 = 0.125,8-49-46-19-37-7 = 0.25,8-9-10-46-47-4 = 0.25,4-45-20-40-23-8 = 1.0,4-41-50-16-5 = 1.0,4-44-58-49-19-37-7 = 0.125,8-27-53-8 = 1.0,8-9-51-44-15-4 = 0.25,8-9-10-51-44-4 = 0.125,8-9-10-44-43-4 = 0.25,8-9-46-43-14-5 = 0.125,,,,,,,,,,,,,,,
287,141,735.738,0,1.005,0,Prune by CG,,4-22-4 = 1.0,8-33-8 = 0.024,8-39-8 = 0.122,5-42-5 = 1.0,7-36-26-7 = 0.659,7-21-52-29-7 = 0.341,7-48-24-30-7 = 1.0,7-31-52-54-5 = 0.024,7-21-49-19-37-7 = 0.317,7-31-25-58-49-19-7 = 0.244,7-29-46-11-8 = 0.024,7-52-29-37-7 = 0.244,7-31-21-26-36-7 = 0.341,8-33-23-39-8 = 0.098,8-33-39-8 = 0.78,8-33-40-11-8 = 0.098,8-12-44-28-4 = 0.049,8-12-47-11-8 = 0.756,8-12-9-46-4 = 0.073,7-31-52-29-14-5 = 0.39,5-18-54-34-13-5 = 0.366,5-35-38-5 = 1.0,5-25-51-43-4 = 0.463,5-56-55-32-5 = 1.0,5-18-54-13-14-5 = 0.61,5-18-58-49-19-37-7 = 0.024,5-34-13-46-43-4 = 0.024,5-34-58-10-46-4 = 0.61,4-28-15-4 = 0.829,4-17-57-4 = 1.0,4-12-44-28-4 = 0.122,5-25-49-19-37-7 = 0.293,8-9-10-46-47-4 = 0.244,4-45-20-40-23-8 = 0.902,4-41-50-16-5 = 1.0,4-45-20-11-8 = 0.098,4-44-58-49-19-37-7 = 0.122,4-44-46-11-8 = 0.024,8-27-53-8 = 1.0,8-9-51-44-15-4 = 0.171,8-9-10-44-43-4 = 0.146,8-9-51-44-43-4 = 0.366,,,,,,,,
288,141,736.625,0,1.892,0,Prune by CG,,4-22-4 = 1.0,8-33-8 = 0.429,8-39-8 = 0.429,5-42-5 = 1.0,7-31-52-37-7 = 0.143,7-48-24-30-7 = 1.0,7-21-26-36-7 = 0.143,7-52-29-37-7 = 0.857,7-31-21-26-36-7 = 0.857,8-33-23-39-8 = 0.143,8-33-39-8 = 0.429,8-12-44-15-4 = 0.143,8-12-44-43-4 = 0.143,8-12-44-28-4 = 0.143,8-12-47-11-8 = 0.286,8-10-51-43-4 = 0.143,8-40-44-51-43-4 = 0.143,8-12-9-34-13-14-5 = 0.286,5-35-38-5 = 1.0,5-25-51-43-4 = 0.571,5-56-55-32-5 = 1.0,5-18-54-13-14-5 = 0.714,5-18-25-54-5 = 0.286,5-34-58-10-46-4 = 0.143,4-28-15-4 = 0.857,4-17-57-4 = 1.0,5-34-58-49-19-11-8 = 0.571,8-9-10-46-47-4 = 0.714,5-25-58-44-49-19-8 = 0.143,4-45-20-40-23-8 = 0.857,4-41-50-16-5 = 1.0,8-49-29-19-11-8 = 0.143,4-20-44-58-49-19-8 = 0.143,8-27-53-8 = 1.0,4-45-44-51-46-5 = 0.143,,,,,,,,,,,,,,,
209,208,733.899,7.277,1.737,-1.403,289,290,4-22-4 = 1.0,8-33-8 = 0.234,8-39-8 = 0.287,5-42-5 = 1.0,7-36-26-7 = 0.457,7-31-52-29-19-7 = 0.202,7-31-52-29-19-8 = 0.213,7-21-52-29-7 = 0.128,7-48-24-30-7 = 1.0,7-21-58-46-47-4 = 0.053,7-21-58-51-44-4 = 0.277,8-53-27-8 = 1.0,7-52-29-37-7 = 0.415,7-31-21-26-36-7 = 0.543,8-33-23-39-8 = 0.106,8-33-39-8 = 0.606,8-33-40-11-8 = 0.053,8-12-44-28-4 = 0.053,8-12-47-11-8 = 0.947,8-40-44-51-43-4 = 0.053,8-10-49-19-37-7 = 0.585,7-31-52-29-14-5 = 0.043,5-18-54-34-13-5 = 0.33,5-35-38-5 = 1.0,5-25-51-43-4 = 0.17,5-54-9-58-51-4 = 0.17,5-56-55-32-5 = 1.0,5-18-54-13-14-5 = 0.5,5-25-9-46-14-5 = 0.043,5-25-9-44-43-4 = 0.617,5-34-58-46-15-4 = 0.33,5-34-58-51-28-4 = 0.17,4-28-15-4 = 0.67,4-17-57-4 = 1.0,4-45-20-28-4 = 0.106,4-51-46-43-4 = 0.16,4-45-20-40-23-8 = 0.894,4-41-50-16-5 = 1.0,8-49-10-46-14-5 = 0.415,5-18-25-9-34-13-5 = 0.17,,,,,,,,,,
289,209,735.17,0,1.271,0,Prune by CG,,4-22-4 = 1.0,8-33-8 = 0.25,8-39-8 = 0.469,5-42-5 = 1.0,7-31-52-29-19-8 = 0.437,7-21-52-29-7 = 0.125,7-48-24-30-7 = 1.0,7-21-58-51-44-4 = 0.125,7-21-26-36-7 = 0.187,7-52-29-37-7 = 0.438,8-12-46-13-5 = 0.188,7-31-21-26-36-7 = 0.563,8-33-23-39-8 = 0.219,8-33-39-8 = 0.312,8-33-40-11-8 = 0.219,8-12-44-43-4 = 0.031,8-12-47-11-8 = 0.781,8-10-49-19-37-7 = 0.562,5-18-54-34-13-5 = 0.438,5-35-38-5 = 1.0,5-54-9-58-51-4 = 0.094,5-56-55-32-5 = 1.0,5-18-54-13-14-5 = 0.375,5-18-25-54-5 = 0.062,5-18-25-9-43-4 = 0.125,5-25-9-46-14-5 = 0.156,5-25-9-44-43-4 = 0.625,5-34-58-51-28-4 = 0.281,5-34-58-51-15-4 = 0.281,5-58-51-46-47-4 = 0.219,4-15-28-4 = 0.719,4-17-57-4 = 1.0,4-45-20-44-43-4 = 0.219,5-25-54-14-5 = 0.031,4-45-20-40-23-8 = 0.781,4-41-50-16-5 = 1.0,7-26-36-7 = 0.25,8-49-10-46-14-5 = 0.437,8-27-53-8 = 1.0,,,,,,,,,,,
155,120,733.32,9.85,1.024,-0.65,291,292,4-22-4 = 1.0,8-33-8 = 0.271,5-38-5 = 0.425,8-39-8 = 0.4,5-42-5 = 1.0,7-31-52-29-19-8 = 0.5,7-48-24-30-7 = 1.0,7-21-26-36-7 = 0.5,8-40-28-15-4 = 0.387,7-52-29-37-7 = 0.5,7-31-21-26-36-7 = 0.5,8-33-23-11-8 = 0.021,8-33-23-39-8 = 0.6,8-33-40-11-8 = 0.108,8-12-44-15-4 = 0.138,8-12-47-11-8 = 0.862,8-40-44-51-43-4 = 0.125,5-35-56-14-5 = 0.425,5-18-54-34-13-5 = 0.85,5-32-55-14-5 = 0.425,5-35-38-5 = 0.575,5-25-58-10-49-8 = 0.225,5-56-55-32-5 = 0.575,5-54-34-13-14-5 = 0.15,5-25-9-10-58-5 = 0.462,5-25-9-58-46-4 = 0.312,8-49-46-47-43-4 = 0.062,8-49-51-44-15-4 = 0.475,4-17-57-4 = 1.0,5-18-9-46-43-4 = 0.15,4-45-20-28-4 = 0.612,4-51-46-43-4 = 0.4,4-45-20-40-23-8 = 0.379,4-41-50-16-5 = 1.0,4-45-20-11-8 = 0.008,4-44-43-19-37-7 = 0.262,5-10-49-19-37-7 = 0.238,8-27-53-8 = 1.0,5-9-10-46-47-8 = 0.075,,,,,,,,,,,
291,155,740.803,0,7.484,0,Prune by CG,,4-22-4 = 1.0,8-33-8 = 0.509,8-39-8 = 0.509,5-42-5 = 1.0,7-31-52-29-19-8 = 0.105,7-48-24-30-7 = 1.0,7-52-29-46-4 = 0.053,7-21-26-36-7 = 0.947,8-40-28-15-4 = 0.596,7-31-21-26-36-7 = 0.053,8-33-23-39-8 = 0.491,8-12-47-11-8 = 1.0,8-45-20-15-4 = 0.193,7-31-52-29-14-5 = 0.842,8-45-20-40-23-8 = 0.193,5-41-50-16-5 = 0.105,5-18-54-34-13-5 = 0.579,5-35-38-5 = 1.0,5-25-58-10-49-8 = 0.526,5-54-9-10-49-8 = 0.263,5-56-55-32-5 = 1.0,5-18-54-14-5 = 0.158,5-25-9-10-58-5 = 0.211,5-25-9-58-46-4 = 0.263,5-34-13-51-46-4 = 0.421,8-49-51-44-15-4 = 0.211,4-17-57-4 = 1.0,4-45-20-28-4 = 0.404,4-45-20-40-23-8 = 0.211,4-41-50-16-5 = 0.895,4-44-43-19-37-7 = 0.789,8-27-53-8 = 1.0,8-23-43-19-37-7 = 0.105,4-51-43-37-7 = 0.105,5-18-9-51-46-4 = 0.263,,,,,,,,,,,,,,,
261,260,734.722,7.667,1.825,-1.598,293,294,4-22-4 = 1.0,5-38-5 = 0.5,8-39-8 = 0.333,5-42-5 = 1.0,7-31-52-29-19-8 = 1.0,7-48-24-30-7 = 1.0,7-21-26-36-7 = 1.0,8-53-27-8 = 1.0,8-33-23-39-8 = 0.333,8-33-39-8 = 0.333,8-33-40-11-8 = 0.333,8-12-44-15-4 = 0.167,8-12-44-28-4 = 0.167,8-12-47-11-8 = 0.667,8-45-20-40-23-8 = 0.667,5-35-56-14-5 = 0.5,5-18-54-34-13-5 = 1.0,5-32-55-14-5 = 0.5,5-35-38-5 = 0.5,5-56-55-32-5 = 0.5,4-28-15-4 = 0.167,4-15-57-4 = 0.333,4-17-57-4 = 0.667,4-17-15-28-4 = 0.333,5-25-58-49-37-7 = 1.0,4-45-20-28-4 = 0.333,4-51-46-43-4 = 0.667,8-9-10-46-47-4 = 0.333,4-41-50-16-5 = 1.0,4-9-10-44-43-4 = 0.333,8-9-10-51-44-4 = 0.333,,,,,,,,,,,,,,,,,,,
293,261,738.795,0,4.073,0,Prune by CG,,4-22-4 = 1.0,5-38-5 = 0.409,8-39-8 = 0.5,5-42-5 = 1.0,7-31-52-29-19-8 = 0.909,7-48-24-30-7 = 1.0,7-21-54-34-14-5 = 0.091,7-21-26-36-7 = 0.909,8-33-23-39-8 = 0.5,8-33-40-11-8 = 0.5,8-12-44-28-4 = 0.364,8-12-47-11-8 = 0.364,8-12-9-10-49-4 = 0.091,8-45-20-11-8 = 0.045,8-45-20-40-23-8 = 0.227,5-35-56-14-5 = 0.409,5-18-54-34-13-5 = 0.818,5-32-55-14-5 = 0.409,5-35-38-5 = 0.591,5-56-55-32-5 = 0.591,5-18-54-13-14-5 = 0.091,5-18-25-9-51-4 = 0.091,5-34-13-51-15-4 = 0.091,4-17-57-4 = 1.0,4-20-51-43-4 = 0.182,5-25-58-49-37-7 = 0.909,4-51-46-43-4 = 0.364,8-9-10-46-47-4 = 0.636,4-10-51-43-4 = 0.273,4-45-20-40-23-8 = 0.273,4-41-50-16-5 = 1.0,7-26-36-7 = 0.091,4-45-12-9-43-4 = 0.182,4-45-20-15-4 = 0.273,8-27-53-8 = 1.0,8-11-19-37-7 = 0.091,4-44-28-15-4 = 0.636,7-31-52-58-29-7 = 0.091,,,,,,,,,,,,
294,261,734.853,7.667,0.131,0,295,296,4-22-4 = 1.0,5-38-5 = 0.5,8-39-8 = 0.333,5-42-5 = 1.0,7-31-52-29-19-8 = 1.0,7-48-24-30-7 = 1.0,7-21-26-36-7 = 1.0,8-40-28-15-4 = 0.167,8-33-23-39-8 = 0.5,8-33-39-8 = 0.167,8-33-40-11-8 = 0.333,8-12-44-15-4 = 0.333,8-12-47-11-8 = 0.667,8-45-20-40-23-8 = 0.333,5-35-56-14-5 = 0.5,5-18-54-34-13-5 = 1.0,5-32-55-14-5 = 0.5,5-35-38-5 = 0.5,5-56-55-32-5 = 0.5,4-28-15-4 = 0.167,4-15-57-4 = 0.167,4-17-57-4 = 0.833,4-17-15-28-4 = 0.167,5-25-58-49-37-7 = 1.0,4-45-20-28-4 = 0.5,4-51-46-43-4 = 0.667,8-9-10-46-47-4 = 0.333,4-45-20-40-23-8 = 0.167,4-41-50-16-5 = 1.0,8-27-53-8 = 1.0,4-9-10-44-43-4 = 0.333,8-9-10-51-44-4 = 0.333,,,,,,,,,,,,,,,,,,
295,294,735.287,0,0.434,0,Prune by CG,,4-22-4 = 1.0,5-38-5 = 0.286,8-39-8 = 0.286,5-42-5 = 1.0,7-31-52-29-19-8 = 1.0,7-48-24-30-7 = 1.0,7-21-26-36-7 = 1.0,8-33-23-39-8 = 0.286,8-33-39-8 = 0.429,8-33-40-11-8 = 0.286,8-12-10-44-4 = 0.143,8-12-47-11-8 = 0.714,8-12-9-46-4 = 0.143,8-45-20-40-23-8 = 0.714,5-35-56-14-5 = 0.286,5-35-56-38-5 = 0.429,5-18-54-34-13-5 = 1.0,5-32-55-14-5 = 0.714,5-35-38-5 = 0.286,5-56-55-32-5 = 0.286,4-28-15-4 = 1.0,4-17-57-4 = 1.0,5-25-58-49-37-7 = 1.0,4-45-20-44-43-4 = 0.286,4-51-46-43-4 = 0.571,8-9-10-46-47-4 = 0.286,4-41-50-16-5 = 1.0,8-27-53-8 = 1.0,4-9-10-44-43-4 = 0.143,8-9-10-51-44-4 = 0.429,,,,,,,,,,,,,,,,,,,,
296,294,735.468,0,0.615,0,Prune by CG,,4-22-4 = 1.0,8-33-8 = 0.167,5-38-5 = 0.5,8-39-8 = 0.167,5-42-5 = 1.0,7-31-52-29-19-8 = 1.0,7-48-24-30-7 = 1.0,7-21-26-36-7 = 1.0,8-40-28-15-4 = 0.667,8-33-23-39-8 = 0.667,8-33-39-8 = 0.167,8-12-44-15-4 = 0.333,8-12-47-11-8 = 0.667,5-35-56-14-5 = 0.5,5-18-54-34-13-5 = 1.0,5-32-55-14-5 = 0.5,5-35-38-5 = 0.5,5-56-55-32-5 = 0.5,4-17-57-4 = 1.0,5-25-58-49-37-7 = 1.0,4-45-20-28-4 = 0.333,4-51-46-43-4 = 0.667,8-9-10-46-47-4 = 0.333,4-45-20-40-23-8 = 0.333,4-41-50-16-5 = 1.0,4-45-20-11-8 = 0.333,8-27-53-8 = 1.0,4-9-10-44-43-4 = 0.333,8-9-10-51-44-4 = 0.333,,,,,,,,,,,,,,,,,,,,,
33,32,733.192,10.733,1.782,1.074,297,298,4-22-4 = 1.0,8-33-8 = 0.033,5-38-5 = 0.5,8-39-8 = 0.433,5-42-5 = 1.0,7-31-52-29-19-8 = 0.5,7-48-24-30-7 = 1.0,7-21-26-36-7 = 0.5,7-52-29-37-7 = 0.5,7-31-21-26-36-7 = 0.5,8-33-23-39-8 = 0.567,8-33-40-11-8 = 0.167,8-12-47-11-8 = 0.8,8-12-9-10-49-8 = 0.167,8-40-44-51-43-4 = 0.4,8-10-49-19-37-7 = 0.5,5-41-50-16-5 = 0.167,5-35-56-14-5 = 0.5,5-18-54-34-13-5 = 1.0,5-32-55-14-5 = 0.5,5-35-38-5 = 0.5,5-56-55-32-5 = 0.5,5-25-9-58-46-4 = 0.633,5-25-9-58-51-4 = 0.2,8-49-10-46-47-8 = 0.167,4-28-15-4 = 0.4,4-15-57-4 = 0.2,4-17-57-4 = 0.8,4-17-15-28-4 = 0.2,4-45-20-28-4 = 0.4,4-45-20-44-43-4 = 0.4,4-51-46-43-4 = 0.2,4-45-44-51-15-4 = 0.2,4-41-50-16-5 = 0.833,4-12-47-11-8 = 0.033,4-25-58-10-49-8 = 0.167,4-20-40-23-8 = 0.2,8-27-53-8 = 1.0,8-33-40-23-8 = 0.233,,,,,,,,,,,
297,33,738.063,0,4.871,0,Prune by CG,,4-22-4 = 1.0,5-38-5 = 0.406,8-39-8 = 0.562,5-42-5 = 1.0,7-31-52-29-19-8 = 0.5,7-48-24-30-7 = 1.0,7-21-26-36-7 = 0.5,7-52-29-37-7 = 0.5,7-31-21-26-36-7 = 0.5,8-33-23-11-8 = 0.062,8-33-23-39-8 = 0.438,8-12-44-15-4 = 0.062,8-12-47-11-8 = 0.938,8-40-44-51-43-4 = 0.5,5-41-50-16-5 = 1.0,5-35-56-14-5 = 0.406,5-18-54-34-13-5 = 0.812,5-32-55-14-5 = 0.406,5-35-38-5 = 0.594,5-56-55-32-5 = 0.594,5-54-34-13-14-5 = 0.188,4-28-15-4 = 0.156,4-15-57-4 = 0.188,4-17-57-4 = 0.812,4-17-15-28-4 = 0.188,5-18-9-46-43-4 = 0.188,8-49-46-19-37-7 = 0.344,5-9-46-19-37-7 = 0.156,4-45-20-28-4 = 0.656,4-45-20-44-43-4 = 0.125,4-51-46-43-4 = 0.188,4-45-44-51-46-4 = 0.062,4-25-58-10-49-8 = 0.656,4-45-20-15-4 = 0.156,8-27-53-8 = 1.0,8-33-40-23-8 = 0.5,8-9-51-44-15-4 = 0.25,4-25-9-10-58-5 = 0.344,4-20-9-46-47-4 = 0.062,,,,,,,,,,,
80,78,737.233,4.933,2.088,-0.919,Prune by UB,,4-22-4 = 1.0,8-33-8 = 0.133,8-39-8 = 0.133,5-42-5 = 1.0,7-36-26-7 = 0.2,7-31-52-29-19-7 = 0.2,7-31-52-37-7 = 0.2,7-21-52-29-7 = 0.2,7-48-24-30-7 = 1.0,7-21-26-36-7 = 0.6,7-31-25-58-49-19-8 = 0.2,7-52-29-37-7 = 0.4,7-31-29-19-11-8 = 0.2,7-31-21-26-36-7 = 0.2,8-33-39-8 = 0.867,8-12-47-11-8 = 0.8,8-12-9-10-49-8 = 0.2,8-10-49-19-37-7 = 0.4,8-45-20-40-23-8 = 1.0,5-41-50-16-5 = 0.2,5-35-38-5 = 1.0,5-56-55-32-5 = 1.0,5-18-54-13-14-5 = 1.0,5-34-51-44-46-4 = 0.067,5-34-51-44-43-4 = 0.867,5-34-44-46-43-4 = 0.067,8-49-10-46-47-8 = 0.2,4-15-28-4 = 1.0,4-17-57-4 = 1.0,4-51-46-43-4 = 0.067,4-41-50-16-5 = 0.8,4-25-9-58-46-4 = 0.6,8-27-53-8 = 1.0,4-25-9-10-58-5 = 0.2,,,,,,,,,,,,,,,,
203,202,734.252,9.667,0.228,1.667,299,300,4-22-4 = 1.0,8-33-8 = 0.306,5-38-5 = 0.306,8-39-8 = 0.306,5-42-5 = 1.0,7-31-52-29-19-7 = 0.278,7-31-52-29-19-8 = 0.167,7-31-52-37-7 = 0.278,7-48-24-30-7 = 1.0,7-21-26-36-7 = 1.0,8-53-27-8 = 1.0,7-52-29-37-7 = 0.278,8-12-46-47-4 = 0.056,8-33-23-39-8 = 0.444,8-33-39-8 = 0.25,8-12-44-28-4 = 0.111,8-12-47-11-8 = 0.833,8-40-44-51-43-4 = 0.444,7-31-29-19-37-7 = 0.278,8-51-46-43-4 = 0.111,5-35-56-14-5 = 0.306,5-18-54-34-13-5 = 0.889,5-32-55-14-5 = 0.306,5-35-38-5 = 0.694,5-25-58-10-49-8 = 0.5,5-56-55-32-5 = 0.694,5-54-34-13-14-5 = 0.111,5-25-9-10-58-5 = 0.111,5-25-9-58-46-4 = 0.389,8-49-51-44-43-4 = 0.389,4-15-57-4 = 0.5,4-17-57-4 = 0.5,4-17-15-28-4 = 0.5,4-45-20-28-4 = 0.389,4-45-44-51-46-4 = 0.056,5-18-9-10-49-19-8 = 0.111,4-45-20-40-23-8 = 0.556,4-41-50-16-5 = 1.0,5-9-10-46-14-5 = 0.278,8-11-19-37-7 = 0.167,4-20-9-46-47-4 = 0.056,8-9-46-47-43-4 = 0.056,,,,,,,,
300,203,735.533,0,1.282,0,Prune by CG,,4-22-4 = 1.0,8-33-8 = 0.4,5-38-5 = 0.206,8-39-8 = 0.4,5-42-5 = 1.0,7-36-26-7 = 0.138,7-31-52-29-19-7 = 0.162,7-31-52-29-19-8 = 0.238,7-31-52-37-7 = 0.3,7-48-24-30-7 = 1.0,7-21-26-36-7 = 0.862,7-52-29-37-7 = 0.3,8-12-46-19-8 = 0.1,8-33-23-39-8 = 0.6,8-12-47-11-8 = 0.9,8-40-44-51-43-4 = 0.6,7-31-29-19-37-7 = 0.3,8-45-20-40-23-8 = 0.237,5-35-56-21-7 = 0.138,5-35-56-14-5 = 0.231,5-18-54-34-13-5 = 1.0,5-32-55-14-5 = 0.369,5-38-50-16-5 = 0.081,5-38-41-57-4 = 0.081,5-35-38-5 = 0.631,5-25-58-10-49-8 = 0.5,5-56-55-32-5 = 0.631,8-49-51-44-43-4 = 0.4,4-15-57-4 = 0.412,4-17-57-4 = 0.506,4-17-15-28-4 = 0.494,4-45-20-28-4 = 0.506,5-25-9-58-49-19-8 = 0.1,4-45-20-40-23-8 = 0.162,4-41-50-16-5 = 0.919,4-45-20-15-4 = 0.094,8-27-53-8 = 1.0,5-25-9-58-46-5 = 0.4,5-9-10-46-14-5 = 0.4,8-11-19-37-7 = 0.1,5-9-10-46-47-8 = 0.1,,,,,,,,,
299,203,734.452,8.333,0.2,-1.333,301,302,4-22-4 = 1.0,5-38-5 = 0.333,5-42-5 = 1.0,7-31-52-29-19-7 = 0.333,7-31-52-37-7 = 0.333,7-48-24-30-7 = 1.0,7-21-26-36-7 = 1.0,7-52-29-37-7 = 0.333,8-33-23-39-8 = 0.333,8-33-39-8 = 0.667,8-12-47-11-8 = 1.0,8-40-44-51-43-4 = 0.333,7-31-29-19-37-7 = 0.333,8-51-46-43-4 = 0.333,8-45-20-40-23-8 = 0.333,5-35-56-14-5 = 0.333,5-18-54-34-13-5 = 0.667,5-32-55-14-5 = 0.333,5-35-38-5 = 0.667,5-25-58-10-49-8 = 0.333,5-56-55-32-5 = 0.667,5-54-34-13-14-5 = 0.333,5-25-9-10-58-5 = 0.333,5-25-9-58-46-4 = 0.333,8-49-51-44-43-4 = 0.333,4-28-15-4 = 0.667,4-17-57-4 = 1.0,4-45-20-28-4 = 0.333,5-18-9-10-49-19-8 = 0.333,4-45-20-40-23-8 = 0.333,4-41-50-16-5 = 1.0,8-27-53-8 = 1.0,4-44-46-15-4 = 0.333,,,,,,,,,,,,,,,,,
301,299,735.015,0,0.563,0,Prune by CG,,4-22-4 = 1.0,5-38-5 = 0.3,5-42-5 = 1.0,7-31-52-29-19-7 = 0.2,7-31-52-29-19-8 = 0.2,7-31-52-37-7 = 0.2,7-48-24-30-7 = 1.0,7-21-26-36-7 = 0.8,7-52-29-37-7 = 0.4,7-31-21-26-36-7 = 0.2,8-33-39-8 = 1.0,8-12-44-28-4 = 0.2,8-12-47-11-8 = 0.8,7-31-29-19-37-7 = 0.2,8-51-46-43-4 = 0.4,8-45-20-40-23-8 = 0.4,5-35-56-14-5 = 0.3,5-18-54-34-13-5 = 0.6,5-32-55-14-5 = 0.3,5-35-38-5 = 0.7,5-25-58-10-49-8 = 0.4,5-56-55-32-5 = 0.7,5-18-54-13-14-5 = 0.2,5-54-34-13-14-5 = 0.2,5-25-9-10-58-5 = 0.4,5-25-9-58-46-4 = 0.2,5-34-51-44-15-4 = 0.2,8-49-51-44-43-4 = 0.4,4-28-15-4 = 0.7,4-17-57-4 = 1.0,5-18-9-10-49-19-8 = 0.2,4-45-20-40-23-8 = 0.6,4-41-50-16-5 = 1.0,8-27-53-8 = 1.0,8-11-19-37-7 = 0.2,4-44-46-28-4 = 0.1,4-44-46-15-4 = 0.1,8-9-46-47-43-4 = 0.2,,,,,,,,,,,,
302,299,735.508,0,1.055,0,Prune by CG,,4-22-4 = 1.0,5-38-5 = 0.412,8-39-8 = 0.204,5-42-5 = 1.0,7-31-52-29-19-7 = 0.333,7-31-52-37-7 = 0.333,7-48-24-30-7 = 1.0,7-21-26-36-7 = 1.0,7-52-29-37-7 = 0.333,8-33-23-39-8 = 0.796,8-12-47-11-8 = 0.806,8-12-9-46-4 = 0.083,8-40-44-51-43-4 = 0.75,7-31-29-19-37-7 = 0.333,8-51-46-43-4 = 0.231,5-35-56-14-5 = 0.412,5-18-54-34-13-5 = 0.824,5-32-55-14-5 = 0.412,5-35-38-5 = 0.588,5-25-58-10-49-8 = 0.648,5-56-55-32-5 = 0.588,5-54-34-13-14-5 = 0.176,5-25-9-10-58-5 = 0.176,5-25-9-58-46-4 = 0.176,8-49-51-44-43-4 = 0.019,4-15-28-4 = 0.514,4-17-57-4 = 1.0,4-45-20-28-4 = 0.486,5-18-9-10-49-19-8 = 0.176,8-40-49-19-11-8 = 0.046,4-41-50-16-5 = 1.0,4-45-20-11-8 = 0.148,4-45-20-15-4 = 0.171,4-45-12-9-49-19-8 = 0.111,8-27-53-8 = 1.0,8-33-40-23-8 = 0.204,4-44-46-15-4 = 0.231,4-20-9-46-47-4 = 0.194,4-45-9-46-15-4 = 0.083,,,,,,,,,,,
73,71,735.324,7.103,2.364,-1.321,Prune by UB,,4-22-4 = 1.0,8-33-8 = 0.003,8-39-8 = 0.749,5-42-5 = 1.0,7-36-26-7 = 0.026,7-31-52-29-19-8 = 0.718,7-48-24-30-7 = 1.0,7-21-52-9-58-5 = 0.026,7-21-26-36-7 = 0.692,7-52-29-37-7 = 0.256,7-31-21-26-36-7 = 0.282,8-33-23-11-8 = 0.105,8-33-23-39-8 = 0.251,8-33-40-11-8 = 0.356,8-12-47-11-8 = 0.538,8-45-20-40-23-8 = 0.077,5-35-38-5 = 1.0,5-25-58-51-47-4 = 0.282,5-56-55-32-5 = 1.0,5-18-54-13-14-5 = 0.61,5-18-25-58-13-5 = 0.072,5-54-34-13-14-5 = 0.195,5-18-54-34-14-5 = 0.195,5-34-58-10-46-4 = 0.462,8-49-10-46-47-4 = 0.179,8-49-10-51-44-4 = 0.359,4-15-28-4 = 1.0,4-17-57-4 = 1.0,5-34-58-29-19-37-7 = 0.026,5-25-9-19-37-7 = 0.256,4-45-20-44-43-4 = 0.641,4-51-46-43-4 = 0.226,4-45-20-40-23-8 = 0.282,4-41-50-16-5 = 1.0,4-25-51-43-4 = 0.133,8-27-53-8 = 1.0,5-25-9-58-46-5 = 0.133,8-33-40-23-8 = 0.285,5-18-25-9-34-13-5 = 0.123,8-12-9-49-37-7 = 0.462,,,,,,,,,,
140,138,734.83,7.056,0.885,0.611,303,304,4-22-4 = 1.0,8-33-8 = 0.25,5-38-5 = 0.028,8-39-8 = 0.25,5-42-5 = 1.0,7-31-52-29-19-8 = 0.833,7-48-24-30-7 = 1.0,7-21-26-36-7 = 0.833,7-52-29-37-7 = 0.167,7-31-21-26-36-7 = 0.167,8-33-23-39-8 = 0.222,8-33-39-8 = 0.528,8-12-47-11-8 = 0.833,8-10-51-43-4 = 0.222,8-40-44-51-43-4 = 0.222,8-45-20-44-43-4 = 0.222,8-45-20-40-23-8 = 0.444,5-35-56-14-5 = 0.028,5-18-54-34-13-5 = 0.5,5-32-55-14-5 = 0.028,5-35-38-5 = 0.972,5-56-55-32-5 = 0.972,5-18-54-13-14-5 = 0.444,5-54-34-13-14-5 = 0.056,5-18-25-9-58-14-5 = 0.056,5-25-9-51-44-4 = 0.389,5-25-9-46-14-5 = 0.056,5-34-58-10-46-4 = 0.444,4-15-28-4 = 1.0,4-17-57-4 = 1.0,5-25-58-49-37-7 = 0.5,4-9-10-51-44-4 = 0.167,4-45-20-40-23-8 = 0.333,4-41-50-16-5 = 1.0,4-9-10-46-47-4 = 0.167,4-12-9-49-37-7 = 0.167,8-27-53-8 = 1.0,8-11-19-37-7 = 0.167,8-49-46-43-14-5 = 0.333,,,,,,,,,,,
303,140,736.939,0,2.108,0,Prune by CG,,4-22-4 = 1.0,8-33-8 = 0.264,8-39-8 = 0.264,5-42-5 = 1.0,7-21-55-14-5 = 0.007,7-36-26-7 = 0.171,7-31-52-29-19-8 = 0.6,7-21-32-14-5 = 0.007,7-48-24-30-7 = 1.0,7-21-54-14-5 = 0.043,7-21-52-49-58-5 = 0.114,7-21-26-36-7 = 0.743,7-31-21-26-36-7 = 0.086,8-33-23-39-8 = 0.4,8-33-39-8 = 0.336,8-12-47-11-8 = 1.0,8-10-51-43-4 = 0.3,8-40-44-51-43-4 = 0.4,7-31-29-19-37-7 = 0.029,8-45-20-44-43-4 = 0.3,7-31-52-29-14-5 = 0.286,5-35-56-38-5 = 0.007,5-18-54-34-13-5 = 0.3,5-35-38-5 = 0.993,5-56-55-32-5 = 0.993,5-18-54-13-14-5 = 0.657,5-18-25-58-13-5 = 0.043,5-34-58-10-46-4 = 0.7,4-15-28-4 = 1.0,4-17-57-4 = 1.0,5-25-58-49-37-7 = 0.057,5-25-9-19-37-7 = 0.271,4-45-20-44-51-4 = 0.1,5-25-9-58-49-29-7 = 0.086,5-25-9-49-37-7 = 0.543,4-45-20-40-23-8 = 0.6,4-41-50-16-5 = 1.0,4-9-46-19-37-7 = 0.1,8-27-53-8 = 1.0,8-49-44-51-46-5 = 0.2,,,,,,,,,,
304,140,735.078,0,0.248,0,Prune by CG,,4-22-4 = 1.0,8-33-8 = 0.222,8-39-8 = 0.333,5-42-5 = 1.0,7-31-52-29-19-7 = 0.111,7-31-52-29-19-8 = 0.667,7-31-52-37-7 = 0.111,7-48-24-30-7 = 1.0,7-21-26-36-7 = 1.0,7-52-29-37-7 = 0.111,8-33-23-39-8 = 0.333,8-33-39-8 = 0.333,8-33-40-11-8 = 0.111,8-12-47-11-8 = 0.778,8-10-51-43-4 = 0.222,8-40-44-51-43-4 = 0.222,7-31-29-19-37-7 = 0.111,8-45-20-44-43-4 = 0.222,8-45-20-40-23-8 = 0.333,5-18-54-34-13-5 = 0.444,5-35-38-5 = 1.0,5-56-55-32-5 = 1.0,5-18-54-13-14-5 = 0.444,5-54-34-13-14-5 = 0.111,5-18-25-9-58-14-5 = 0.111,5-25-9-51-44-4 = 0.444,5-34-58-10-46-4 = 0.444,4-15-28-4 = 1.0,4-17-57-4 = 1.0,5-25-58-49-37-7 = 0.444,4-9-10-51-44-4 = 0.111,4-45-20-40-23-8 = 0.333,4-41-50-16-5 = 1.0,4-9-10-46-47-4 = 0.222,4-45-12-49-37-7 = 0.111,4-20-12-9-49-8 = 0.111,8-27-53-8 = 1.0,8-11-19-37-7 = 0.111,8-49-46-43-14-5 = 0.333,,,,,,,,,,,
168,163,735.477,9.04,1.777,-1.66,Prune by UB,,4-22-4 = 1.0,8-33-8 = 0.4,8-39-8 = 0.4,5-42-5 = 1.0,7-36-26-7 = 0.12,7-31-52-29-19-8 = 0.48,7-31-52-37-7 = 0.12,7-48-24-30-7 = 1.0,7-21-54-34-14-5 = 0.12,7-21-26-36-7 = 0.48,8-53-27-8 = 1.0,7-52-29-37-7 = 0.4,7-31-21-26-36-7 = 0.4,8-33-23-39-8 = 0.4,8-33-39-8 = 0.2,8-12-47-11-8 = 0.76,8-12-9-10-49-8 = 0.12,8-40-44-51-43-4 = 0.4,8-10-49-19-37-7 = 0.36,8-45-20-40-23-8 = 0.6,5-41-50-16-5 = 1.0,5-18-54-34-13-5 = 0.56,5-35-38-5 = 1.0,5-56-55-32-5 = 1.0,5-54-34-13-14-5 = 0.32,5-18-25-9-58-14-5 = 0.44,8-49-10-46-47-8 = 0.24,4-15-28-4 = 0.56,4-17-57-4 = 1.0,4-20-51-43-4 = 0.16,5-25-58-49-37-7 = 0.12,4-51-46-43-4 = 0.44,5-25-9-58-13-14-5 = 0.12,4-45-20-11-8 = 0.24,4-45-44-10-49-19-8 = 0.16,5-25-9-58-46-5 = 0.32,8-12-10-29-7 = 0.12,4-44-28-15-4 = 0.44,,,,,,,,,,,,
154,151,735.905,7.818,0.811,0.568,Prune by UB,,4-22-4 = 1.0,8-33-8 = 0.364,8-39-8 = 0.364,5-42-5 = 1.0,7-36-26-7 = 0.545,7-21-52-29-7 = 0.273,7-48-24-30-7 = 1.0,7-21-46-43-4 = 0.091,7-21-10-43-4 = 0.091,7-21-58-51-44-4 = 0.091,7-21-26-36-7 = 0.182,7-31-21-26-36-7 = 0.273,8-33-23-39-8 = 0.455,8-33-39-8 = 0.182,8-12-47-11-8 = 1.0,8-40-44-51-43-4 = 0.455,7-31-52-29-14-5 = 0.727,8-45-44-51-43-4 = 0.091,5-18-54-34-13-5 = 0.727,5-35-38-5 = 1.0,5-56-55-32-5 = 1.0,5-18-54-13-14-5 = 0.273,5-25-9-51-44-4 = 0.091,5-34-58-10-46-4 = 0.273,4-28-15-4 = 0.273,4-15-57-4 = 0.364,4-17-57-4 = 0.636,4-17-15-28-4 = 0.364,5-25-49-19-37-7 = 0.909,4-45-20-28-4 = 0.364,4-45-20-40-23-8 = 0.545,4-41-50-16-5 = 1.0,4-20-49-19-37-7 = 0.091,4-9-58-10-46-4 = 0.455,8-27-53-8 = 1.0,5-9-58-10-46-4 = 0.182,5-9-51-44-43-4 = 0.273,,,,,,,,,,,,,
220,218,734.159,9.556,0.528,0.919,305,306,4-22-4 = 1.0,8-33-8 = 0.056,5-38-5 = 0.417,8-39-8 = 0.056,5-42-5 = 1.0,7-36-26-7 = 0.222,7-31-52-29-19-8 = 0.333,7-21-52-29-7 = 0.111,7-48-24-30-7 = 1.0,7-21-52-9-58-5 = 0.111,7-21-26-36-7 = 0.222,8-53-27-8 = 1.0,7-52-29-37-7 = 0.444,7-31-29-19-11-8 = 0.111,7-31-21-26-36-7 = 0.556,8-33-23-39-8 = 0.333,8-33-39-8 = 0.611,8-12-47-11-8 = 0.889,8-12-9-10-49-8 = 0.111,8-10-49-19-37-7 = 0.472,8-45-20-40-23-8 = 0.306,8-40-49-46-43-4 = 0.333,5-35-56-14-5 = 0.472,5-18-54-34-13-5 = 0.528,5-32-55-14-5 = 0.472,5-38-50-16-5 = 0.028,5-38-41-57-4 = 0.028,5-35-38-5 = 0.528,5-25-51-43-4 = 0.139,5-56-55-32-5 = 0.528,5-18-54-58-13-5 = 0.417,5-25-9-46-47-4 = 0.111,5-18-54-58-14-5 = 0.056,5-25-9-51-44-4 = 0.667,5-34-13-51-43-4 = 0.056,5-34-58-10-46-5 = 0.417,4-28-15-4 = 0.972,4-17-57-4 = 0.972,4-17-15-28-4 = 0.028,5-25-49-19-37-7 = 0.083,4-45-20-44-43-4 = 0.333,4-51-46-43-4 = 0.139,4-45-20-40-23-8 = 0.361,4-41-50-16-5 = 0.972,,,,,,
292,155,734.042,9.25,0.723,-0.6,307,308,4-22-4 = 1.0,8-33-8 = 0.188,5-38-5 = 0.438,8-39-8 = 0.188,5-42-5 = 1.0,7-31-52-29-19-7 = 0.125,7-31-52-29-19-8 = 0.375,7-31-52-37-7 = 0.25,7-48-24-30-7 = 1.0,7-21-26-36-7 = 0.875,8-40-28-15-4 = 0.5,7-52-29-37-7 = 0.25,8-33-23-39-8 = 0.75,8-33-39-8 = 0.062,8-12-44-15-4 = 0.125,8-12-47-11-8 = 0.875,8-40-44-51-43-4 = 0.25,7-31-29-19-37-7 = 0.25,5-35-56-21-7 = 0.125,5-35-56-14-5 = 0.312,5-18-54-34-13-5 = 0.75,5-32-55-14-5 = 0.438,5-35-38-5 = 0.562,5-25-58-10-49-8 = 0.375,5-56-55-32-5 = 0.562,5-54-34-13-14-5 = 0.25,5-25-9-10-58-5 = 0.5,5-25-9-58-46-4 = 0.125,8-49-51-44-15-4 = 0.375,4-17-57-4 = 1.0,5-18-9-46-43-4 = 0.25,4-45-20-28-4 = 0.5,4-51-46-43-4 = 0.375,4-45-20-40-23-8 = 0.25,4-41-50-16-5 = 1.0,7-26-36-7 = 0.125,4-45-20-11-8 = 0.125,4-20-49-19-37-7 = 0.125,8-27-53-8 = 1.0,4-45-44-49-19-37-7 = 0.125,5-9-10-46-47-8 = 0.125,4-44-46-43-4 = 0.125,,,,,,,,
307,292,738.435,0,4.393,0,Prune by CG,,4-22-4 = 1.0,8-33-8 = 0.167,5-38-5 = 0.5,8-39-8 = 0.167,5-42-5 = 1.0,7-36-26-7 = 0.5,7-21-52-29-7 = 0.5,7-48-24-30-7 = 1.0,7-31-9-46-43-4 = 0.5,8-40-28-15-4 = 0.833,7-52-29-37-7 = 0.5,7-31-21-26-36-7 = 0.5,8-33-23-39-8 = 0.833,8-12-47-11-8 = 1.0,8-45-20-15-4 = 0.167,8-45-20-40-23-8 = 0.167,5-41-50-16-5 = 0.5,5-35-56-14-5 = 0.5,5-18-54-34-13-5 = 1.0,5-32-55-14-5 = 0.5,5-35-38-5 = 0.5,5-25-58-10-49-8 = 0.5,5-56-55-32-5 = 0.5,5-25-9-10-58-5 = 0.5,4-17-57-4 = 1.0,4-45-20-28-4 = 0.167,4-51-46-43-4 = 0.5,4-41-50-16-5 = 0.5,8-27-53-8 = 1.0,4-44-51-19-37-7 = 0.5,4-45-20-44-49-19-8 = 0.5,,,,,,,,,,,,,,,,,,,
308,292,734.104,9.292,0.062,0.042,309,310,4-22-4 = 1.0,8-33-8 = 0.115,5-38-5 = 0.406,8-39-8 = 0.115,5-42-5 = 1.0,7-36-26-7 = 0.229,7-31-52-29-19-7 = 0.021,7-31-52-29-19-8 = 0.479,7-31-52-37-7 = 0.25,7-48-24-30-7 = 1.0,7-21-26-36-7 = 0.771,8-40-28-15-4 = 0.438,7-52-29-37-7 = 0.25,8-33-23-39-8 = 0.562,8-33-39-8 = 0.323,8-12-47-11-8 = 1.0,8-40-44-51-43-4 = 0.125,7-31-29-19-37-7 = 0.25,8-45-28-15-4 = 0.021,5-35-56-21-7 = 0.229,5-35-56-14-5 = 0.177,5-18-54-34-13-5 = 0.688,5-32-55-14-5 = 0.406,5-35-38-5 = 0.594,5-25-58-10-49-8 = 0.208,5-56-55-32-5 = 0.594,5-54-34-13-14-5 = 0.312,5-25-9-10-58-5 = 0.562,5-18-25-9-58-14-5 = 0.104,5-25-9-58-46-4 = 0.125,8-49-51-44-15-4 = 0.542,4-17-57-4 = 1.0,5-18-9-46-43-4 = 0.208,4-45-20-28-4 = 0.542,4-51-46-43-4 = 0.333,4-45-20-40-23-8 = 0.438,4-41-50-16-5 = 1.0,4-20-49-19-37-7 = 0.021,5-10-49-19-37-7 = 0.229,8-27-53-8 = 1.0,4-44-46-43-4 = 0.333,,,,,,,,,
309,308,738.927,0,4.823,0,Prune by CG,,4-22-4 = 1.0,8-33-8 = 0.429,5-38-5 = 0.143,8-39-8 = 0.429,5-42-5 = 1.0,7-36-26-7 = 0.143,7-21-52-29-7 = 0.143,7-48-24-30-7 = 1.0,7-21-26-36-7 = 0.429,7-31-9-46-43-4 = 0.143,8-40-28-15-4 = 0.143,7-52-29-37-7 = 0.429,7-31-21-26-36-7 = 0.429,8-33-23-39-8 = 0.571,8-12-44-15-4 = 0.143,8-12-47-11-8 = 0.857,8-40-44-51-43-4 = 0.429,7-31-52-29-14-5 = 0.429,8-45-28-15-4 = 0.571,5-41-50-16-5 = 0.429,5-35-56-14-5 = 0.143,5-18-54-34-13-5 = 0.714,5-32-55-14-5 = 0.143,5-35-38-5 = 0.857,5-25-58-10-49-8 = 0.429,5-56-55-32-5 = 0.857,5-18-54-13-14-5 = 0.286,5-25-9-10-58-5 = 0.429,5-25-9-58-46-4 = 0.143,5-34-51-44-43-4 = 0.286,4-17-57-4 = 1.0,4-51-46-43-4 = 0.143,4-45-20-40-23-8 = 0.429,4-41-50-16-5 = 0.571,4-20-49-19-37-7 = 0.571,8-27-53-8 = 1.0,8-9-51-44-15-4 = 0.143,5-9-10-46-47-8 = 0.143,4-28-46-19-8 = 0.286,4-46-19-11-8 = 0.143,,,,,,,,,,
310,308,734.11,9.295,0.007,0.004,311,312,4-22-4 = 1.0,8-33-8 = 0.119,5-38-5 = 0.392,8-39-8 = 0.119,5-42-5 = 1.0,7-31-52-29-19-7 = 0.011,7-31-52-29-19-8 = 0.489,7-31-52-37-7 = 0.25,7-48-24-30-7 = 1.0,7-21-26-36-7 = 0.761,8-40-28-15-4 = 0.443,7-52-29-37-7 = 0.25,8-33-23-39-8 = 0.557,8-33-39-8 = 0.324,8-12-44-15-4 = 0.011,8-12-47-11-8 = 0.989,8-40-44-51-43-4 = 0.114,7-31-29-19-37-7 = 0.25,5-35-56-21-7 = 0.239,5-35-56-14-5 = 0.153,5-18-54-34-13-5 = 0.67,5-32-55-14-5 = 0.392,5-35-38-5 = 0.608,5-25-58-10-49-8 = 0.205,5-56-55-32-5 = 0.608,5-54-34-13-14-5 = 0.33,5-25-9-10-58-5 = 0.557,5-18-25-9-58-14-5 = 0.125,5-25-9-58-46-4 = 0.114,8-49-46-47-43-4 = 0.011,8-49-51-44-15-4 = 0.545,4-17-57-4 = 1.0,5-18-9-46-43-4 = 0.205,4-45-20-28-4 = 0.557,4-51-46-43-4 = 0.341,4-45-20-40-23-8 = 0.443,4-41-50-16-5 = 1.0,7-26-36-7 = 0.239,5-10-49-19-37-7 = 0.239,8-27-53-8 = 1.0,8-11-19-37-7 = 0.011,4-44-46-43-4 = 0.33,,,,,,,,
312,310,735.324,0,1.214,0,Prune by CG,,4-22-4 = 1.0,5-38-5 = 0.585,5-42-5 = 1.0,7-31-52-29-19-8 = 0.415,7-31-52-37-7 = 0.293,7-48-37-7 = 0.041,7-30-24-7 = 0.041,7-48-24-30-7 = 0.959,7-21-26-36-7 = 0.667,8-40-28-15-4 = 0.306,7-52-29-37-7 = 0.293,7-31-29-19-11-8 = 0.293,8-33-23-39-8 = 0.66,8-33-39-8 = 0.34,8-12-44-15-4 = 0.503,8-12-47-11-8 = 0.497,8-40-44-51-43-4 = 0.211,5-35-56-21-7 = 0.333,5-35-56-14-5 = 0.252,5-18-54-34-13-5 = 0.918,5-32-55-14-5 = 0.585,5-35-38-5 = 0.415,5-56-55-32-5 = 0.415,5-54-34-13-14-5 = 0.082,5-25-9-10-58-5 = 0.626,8-49-46-47-43-4 = 0.177,8-49-51-44-15-4 = 0.19,4-17-57-4 = 1.0,5-25-58-49-37-7 = 0.374,4-45-20-28-4 = 0.694,4-51-46-43-4 = 0.517,5-18-9-10-49-19-8 = 0.082,8-40-49-19-11-8 = 0.177,4-45-20-40-23-8 = 0.306,4-41-50-16-5 = 1.0,7-26-36-7 = 0.333,8-27-53-8 = 1.0,4-44-51-43-14-5 = 0.082,8-23-47-19-11-8 = 0.034,5-9-10-46-47-8 = 0.293,4-44-46-43-4 = 0.014,,,,,,,,,
311,310,734.227,9.25,0.117,-0.045,313,314,4-22-4 = 1.0,8-33-8 = 0.094,5-38-5 = 0.406,8-39-8 = 0.094,5-42-5 = 1.0,7-31-52-29-19-7 = 0.5,7-31-52-37-7 = 0.25,7-48-24-30-7 = 1.0,7-21-26-36-7 = 0.75,7-21-49-19-37-7 = 0.25,8-40-28-15-4 = 0.438,7-52-29-37-7 = 0.25,8-33-23-39-8 = 0.625,8-33-39-8 = 0.281,8-12-44-15-4 = 0.125,8-12-47-11-8 = 0.875,8-40-44-51-43-4 = 0.188,7-31-29-19-37-7 = 0.25,5-35-56-14-5 = 0.406,5-18-54-34-13-5 = 0.812,5-32-55-14-5 = 0.406,5-35-38-5 = 0.594,5-25-58-10-49-8 = 0.562,5-56-55-32-5 = 0.594,5-54-34-13-14-5 = 0.187,5-25-9-10-58-5 = 0.313,5-25-9-58-46-4 = 0.125,8-49-51-44-15-4 = 0.188,4-17-57-4 = 1.0,5-18-9-46-43-4 = 0.187,4-45-20-28-4 = 0.562,4-51-46-43-4 = 0.375,4-45-20-40-23-8 = 0.375,4-41-50-16-5 = 1.0,7-26-36-7 = 0.25,4-45-20-11-8 = 0.063,8-27-53-8 = 1.0,8-9-51-44-15-4 = 0.25,5-9-10-46-47-8 = 0.125,4-44-46-43-4 = 0.188,4-44-43-11-8 = 0.062,,,,,,,,,
313,311,737.184,0,2.957,0,Prune by CG,,4-22-4 = 1.0,8-33-8 = 0.333,8-39-8 = 0.333,5-42-5 = 1.0,8-53-8 = 0.5,7-36-26-7 = 0.25,7-31-52-29-19-7 = 0.5,7-31-52-37-7 = 0.25,7-48-24-30-7 = 1.0,7-21-26-36-7 = 0.75,7-21-49-19-37-7 = 0.25,8-40-28-15-4 = 0.417,7-52-29-37-7 = 0.25,8-33-23-39-8 = 0.667,8-12-47-11-8 = 0.333,8-40-44-51-43-4 = 0.25,7-31-29-19-37-7 = 0.25,8-45-20-15-4 = 0.083,5-18-54-34-13-5 = 0.375,5-35-38-5 = 1.0,5-25-58-10-49-8 = 0.25,5-56-55-32-5 = 1.0,5-18-54-13-14-5 = 0.625,5-25-9-10-58-5 = 0.5,5-25-9-58-46-4 = 0.25,5-34-51-44-43-4 = 0.625,8-27-49-46-15-4 = 0.5,4-17-57-4 = 1.0,4-45-20-28-4 = 0.583,4-45-20-40-23-8 = 0.333,4-41-50-16-5 = 1.0,4-12-47-11-8 = 0.667,8-27-53-8 = 0.5,5-9-10-46-14-5 = 0.25,4-44-51-43-14-5 = 0.125,,,,,,,,,,,,,,,
314,311,734.826,9.5,0.599,0.25,315,316,4-22-4 = 1.0,8-33-8 = 0.188,5-38-5 = 0.25,8-39-8 = 0.188,5-42-5 = 1.0,7-36-26-7 = 0.25,7-31-52-29-19-7 = 0.5,7-31-52-37-7 = 0.25,7-48-24-30-7 = 1.0,7-21-26-36-7 = 0.75,7-21-49-19-37-7 = 0.25,8-40-28-15-4 = 0.375,7-52-29-37-7 = 0.25,8-33-23-39-8 = 0.438,8-33-39-8 = 0.375,8-12-44-28-4 = 0.062,8-12-47-11-8 = 0.938,7-31-29-19-37-7 = 0.25,8-45-44-51-15-4 = 0.25,5-35-56-14-5 = 0.25,5-18-54-34-13-5 = 0.5,5-32-55-14-5 = 0.25,5-35-38-5 = 0.75,5-25-58-10-49-8 = 0.5,5-56-55-32-5 = 0.75,5-54-34-13-14-5 = 0.5,5-25-9-10-58-5 = 0.5,8-49-51-44-15-4 = 0.25,4-17-57-4 = 1.0,4-20-44-28-4 = 0.25,5-18-9-46-43-4 = 0.5,4-45-20-28-4 = 0.188,4-51-46-43-4 = 0.5,4-45-20-40-23-8 = 0.562,4-41-50-16-5 = 1.0,8-27-53-8 = 1.0,8-44-28-15-4 = 0.125,8-40-44-47-11-8 = 0.062,,,,,,,,,,,,
316,314,737.298,0,2.472,0,Prune by CG,,4-22-4 = 1.0,8-33-8 = 0.231,5-38-5 = 0.353,8-39-8 = 0.231,5-42-5 = 1.0,7-36-26-7 = 0.5,7-31-52-29-19-7 = 0.5,7-48-24-30-7 = 1.0,7-21-49-19-37-7 = 0.5,8-40-28-15-4 = 0.774,7-52-29-37-7 = 0.5,7-31-21-26-36-7 = 0.5,8-33-23-39-8 = 0.769,8-12-47-11-8 = 0.761,8-45-20-15-4 = 0.226,5-35-56-14-5 = 0.353,5-18-54-34-13-5 = 0.634,5-32-55-14-5 = 0.353,5-35-38-5 = 0.647,5-25-58-10-49-8 = 0.438,5-54-9-10-49-8 = 0.051,5-56-55-32-5 = 0.647,5-54-34-13-14-5 = 0.293,5-25-9-10-58-5 = 0.511,5-34-13-51-43-4 = 0.072,8-49-46-47-43-4 = 0.011,4-17-57-4 = 1.0,4-20-12-44-4 = 0.081,4-20-44-28-4 = 0.069,5-54-9-47-43-4 = 0.021,5-18-9-46-43-4 = 0.366,4-12-44-28-4 = 0.157,4-45-20-44-51-4 = 0.398,4-51-46-43-4 = 0.53,5-25-9-58-44-47-8 = 0.051,4-45-20-40-23-8 = 0.226,4-41-50-16-5 = 1.0,4-44-46-11-8 = 0.088,8-27-53-8 = 1.0,4-45-44-47-11-8 = 0.15,4-44-46-47-23-8 = 0.005,,,,,,,,,
315,314,734.901,9,0.076,-0.5,317,318,4-22-4 = 1.0,8-33-8 = 0.25,5-38-5 = 0.125,8-39-8 = 0.25,5-42-5 = 1.0,7-36-26-7 = 0.25,7-31-52-29-19-7 = 0.5,7-31-52-37-7 = 0.25,7-48-24-30-7 = 1.0,7-21-26-36-7 = 0.75,7-21-49-19-37-7 = 0.25,8-40-28-15-4 = 0.25,7-52-29-37-7 = 0.25,8-33-23-39-8 = 0.375,8-33-39-8 = 0.375,8-12-44-28-4 = 0.125,8-12-47-11-8 = 0.875,7-31-29-19-37-7 = 0.25,5-35-56-14-5 = 0.125,5-18-54-34-13-5 = 0.25,5-32-55-14-5 = 0.125,5-35-38-5 = 0.875,5-25-58-10-49-8 = 0.5,5-56-55-32-5 = 0.875,5-18-54-13-14-5 = 0.25,5-54-34-13-14-5 = 0.25,5-25-9-10-58-5 = 0.5,5-18-54-34-14-5 = 0.25,5-34-13-46-43-4 = 0.25,8-49-51-44-15-4 = 0.25,4-17-57-4 = 1.0,5-18-9-46-43-4 = 0.25,4-45-20-28-4 = 0.375,4-51-46-43-4 = 0.5,4-45-20-40-23-8 = 0.625,4-41-50-16-5 = 1.0,8-27-53-8 = 1.0,8-9-51-44-15-4 = 0.25,8-44-28-15-4 = 0.25,8-40-44-47-11-8 = 0.125,,,,,,,,,,
318,315,739.737,0,4.835,0,Prune by CG,,4-22-4 = 1.0,8-33-8 = 0.074,5-38-5 = 0.333,8-39-8 = 0.074,5-42-5 = 1.0,7-36-26-7 = 0.25,7-31-52-29-19-7 = 0.5,7-31-52-37-7 = 0.25,7-48-24-30-7 = 1.0,7-21-26-36-7 = 0.75,7-21-49-19-37-7 = 0.25,8-40-28-15-4 = 0.62,7-52-29-37-7 = 0.25,8-33-23-39-8 = 0.204,8-33-39-8 = 0.722,8-12-44-11-8 = 0.472,8-12-47-11-8 = 0.463,7-31-29-19-37-7 = 0.25,8-45-20-15-4 = 0.296,8-45-28-15-4 = 0.083,5-35-56-14-5 = 0.333,5-18-54-34-13-5 = 0.667,5-32-55-14-5 = 0.333,5-35-38-5 = 0.667,5-25-58-10-49-8 = 0.667,5-56-55-32-5 = 0.667,5-54-34-13-14-5 = 0.333,5-25-9-10-58-5 = 0.333,4-17-57-4 = 1.0,4-20-51-43-4 = 0.083,5-18-9-46-43-4 = 0.333,4-45-20-28-4 = 0.296,4-51-46-43-4 = 0.583,4-45-20-40-23-8 = 0.324,4-41-50-16-5 = 1.0,4-12-47-11-8 = 0.009,8-27-53-8 = 1.0,8-40-44-47-11-8 = 0.056,8-12-44-47-23-8 = 0.056,8-9-51-44-47-23-8 = 0.333,8-49-44-46-47-23-8 = 0.083,,,,,,,,,
317,315,734.957,8.786,0.056,-0.214,319,320,4-22-4 = 1.0,8-33-8 = 0.179,5-38-5 = 0.143,8-39-8 = 0.321,5-42-5 = 1.0,7-36-26-7 = 0.25,7-31-52-29-19-7 = 0.5,7-31-52-37-7 = 0.25,7-48-24-30-7 = 1.0,7-21-26-36-7 = 0.75,7-21-49-19-37-7 = 0.25,8-40-28-15-4 = 0.179,7-52-29-37-7 = 0.25,8-33-23-39-8 = 0.321,8-33-39-8 = 0.357,8-33-40-11-8 = 0.143,8-12-44-28-4 = 0.179,8-12-47-11-8 = 0.821,7-31-29-19-37-7 = 0.25,5-35-56-14-5 = 0.143,5-18-54-34-13-5 = 0.286,5-32-55-14-5 = 0.143,5-35-38-5 = 0.857,5-25-58-10-49-8 = 0.607,5-56-55-32-5 = 0.857,5-18-54-13-14-5 = 0.321,5-54-34-13-14-5 = 0.071,5-25-9-10-58-5 = 0.393,5-18-54-34-14-5 = 0.321,5-34-13-46-43-4 = 0.321,8-49-46-47-43-4 = 0.143,4-17-57-4 = 1.0,5-18-9-46-43-4 = 0.071,4-45-20-28-4 = 0.321,4-51-46-43-4 = 0.464,4-45-20-40-23-8 = 0.679,4-41-50-16-5 = 1.0,4-28-47-11-8 = 0.036,8-27-53-8 = 1.0,8-9-51-44-15-4 = 0.536,8-44-28-15-4 = 0.286,,,,,,,,,
319,317,738.762,0,3.804,0,Prune by CG,,4-22-4 = 0.985,5-38-5 = 0.418,5-42-5 = 1.0,7-36-26-7 = 0.448,7-31-52-29-19-7 = 0.552,7-48-24-30-7 = 1.0,7-21-26-36-7 = 0.209,7-21-49-19-37-7 = 0.448,7-31-49-46-43-4 = 0.104,7-52-29-37-7 = 0.448,7-31-21-26-36-7 = 0.343,8-33-23-39-8 = 0.015,8-33-39-8 = 0.985,8-12-44-15-4 = 0.851,8-12-9-34-13-14-5 = 0.045,8-45-20-40-23-8 = 0.985,8-45-20-22-4 = 0.015,5-41-50-16-5 = 0.836,8-40-49-46-43-4 = 0.015,5-35-56-14-5 = 0.418,5-18-54-34-13-5 = 0.881,5-32-55-14-5 = 0.418,5-35-38-5 = 0.582,5-25-58-10-49-8 = 0.179,5-56-55-32-5 = 0.582,5-18-54-13-14-5 = 0.045,5-54-34-13-14-5 = 0.03,5-25-9-10-58-5 = 0.821,5-18-54-34-14-5 = 0.045,8-49-51-44-15-4 = 0.149,4-17-57-4 = 1.0,5-18-9-46-43-4 = 0.03,4-51-46-43-4 = 0.851,4-41-50-16-5 = 0.164,4-28-47-11-8 = 1.0,8-27-53-8 = 1.0,8-12-9-49-37-7 = 0.104,,,,,,,,,,,,,
320,317,734.958,9.083,0.001,0.298,321,322,4-22-4 = 1.0,8-33-8 = 0.125,5-38-5 = 0.208,8-39-8 = 0.292,5-42-5 = 1.0,7-36-26-7 = 0.25,7-31-52-29-19-7 = 0.5,7-31-52-37-7 = 0.25,7-48-24-30-7 = 1.0,7-21-26-36-7 = 0.75,7-21-49-19-37-7 = 0.25,8-40-28-15-4 = 0.167,7-52-29-37-7 = 0.25,8-33-23-39-8 = 0.333,8-33-39-8 = 0.375,8-33-40-11-8 = 0.167,8-12-44-28-4 = 0.167,8-12-47-11-8 = 0.833,7-31-29-19-37-7 = 0.25,5-35-56-14-5 = 0.208,5-18-54-34-13-5 = 0.417,5-32-55-14-5 = 0.208,5-35-38-5 = 0.792,5-25-58-10-49-8 = 0.625,5-56-55-32-5 = 0.792,5-18-54-13-14-5 = 0.25,5-54-34-13-14-5 = 0.083,5-25-9-10-58-5 = 0.375,5-18-54-34-14-5 = 0.25,5-34-13-46-43-4 = 0.25,8-49-46-47-43-4 = 0.125,4-17-57-4 = 1.0,5-18-9-46-43-4 = 0.083,5-9-46-47-43-4 = 0.042,4-45-20-28-4 = 0.333,4-51-46-43-4 = 0.5,4-45-20-40-23-8 = 0.667,4-41-50-16-5 = 1.0,8-27-53-8 = 1.0,8-9-51-44-15-4 = 0.5,8-44-28-15-4 = 0.333,,,,,,,,,
321,320,736.715,0,1.756,0,Prune by CG,,4-22-4 = 1.0,8-33-8 = 0.25,8-39-8 = 0.5,5-42-5 = 1.0,7-36-26-7 = 0.25,7-31-52-29-19-7 = 0.5,7-31-52-37-7 = 0.25,7-48-24-30-7 = 1.0,7-21-26-36-7 = 0.75,7-21-49-19-37-7 = 0.25,8-40-28-15-4 = 0.25,7-52-29-37-7 = 0.25,8-33-23-39-8 = 0.5,8-33-40-11-8 = 0.25,8-12-44-28-4 = 0.25,7-31-29-19-37-7 = 0.25,5-35-38-5 = 1.0,5-56-55-32-5 = 1.0,5-18-54-13-14-5 = 0.5,5-18-54-14-5 = 0.25,5-25-9-10-58-5 = 1.0,5-18-54-34-14-5 = 0.25,5-51-46-43-4 = 0.25,5-34-46-47-43-4 = 0.25,5-34-13-46-43-4 = 0.5,8-49-51-44-15-4 = 0.75,4-17-57-4 = 1.0,4-45-20-28-4 = 0.5,4-45-20-40-23-8 = 0.5,4-41-50-16-5 = 1.0,4-12-47-11-8 = 0.75,8-27-53-8 = 1.0,,,,,,,,,,,,,,,,,,
322,320,735.483,0,0.524,0,Prune by CG,,4-22-4 = 1.0,5-38-5 = 0.385,8-39-8 = 0.231,5-42-5 = 1.0,7-36-26-7 = 0.192,7-31-52-29-19-7 = 0.5,7-31-52-37-7 = 0.192,7-48-24-30-7 = 1.0,7-21-26-36-7 = 0.808,7-21-49-19-37-7 = 0.192,7-31-9-46-43-4 = 0.115,8-40-28-15-4 = 0.115,7-52-29-37-7 = 0.308,8-33-23-39-8 = 0.346,8-33-39-8 = 0.423,8-33-40-11-8 = 0.231,8-12-44-15-4 = 0.115,8-12-44-28-4 = 0.115,8-12-47-11-8 = 0.769,7-31-29-19-37-7 = 0.192,5-41-50-16-5 = 0.192,5-35-56-14-5 = 0.385,5-18-54-34-13-5 = 0.885,5-32-55-14-5 = 0.385,5-35-38-5 = 0.615,5-25-58-10-49-8 = 0.692,5-56-55-32-5 = 0.615,5-54-34-13-14-5 = 0.115,5-25-9-10-58-5 = 0.192,5-18-25-9-58-14-5 = 0.115,4-17-57-4 = 1.0,4-45-20-28-4 = 0.346,4-51-46-43-4 = 0.654,4-45-20-40-23-8 = 0.654,4-41-50-16-5 = 0.808,5-10-49-19-37-7 = 0.115,8-27-53-8 = 1.0,8-9-51-44-15-4 = 0.346,8-9-46-47-43-4 = 0.231,8-44-28-15-4 = 0.423,,,,,,,,,,
93,92,734.161,9.057,0.374,2.057,323,324,4-22-4 = 1.0,8-33-8 = 0.379,8-39-8 = 0.379,5-42-5 = 1.0,7-31-52-29-19-8 = 0.421,7-31-52-37-7 = 0.207,7-48-24-30-7 = 1.0,7-31-52-54-5 = 0.157,7-21-26-36-7 = 0.786,7-52-29-37-7 = 0.214,7-31-21-26-36-7 = 0.214,8-33-23-39-8 = 0.2,8-33-39-8 = 0.421,8-12-47-11-8 = 0.771,8-40-44-51-43-4 = 0.179,8-45-44-51-43-4 = 0.071,8-40-49-46-43-4 = 0.021,5-35-56-38-5 = 0.5,5-35-38-5 = 0.5,5-25-51-43-4 = 0.343,5-56-55-32-5 = 0.5,5-18-54-13-14-5 = 0.457,5-18-25-9-51-4 = 0.043,5-54-34-13-14-5 = 0.386,5-18-55-32-5 = 0.5,5-25-9-58-46-4 = 0.614,5-34-58-10-46-4 = 0.021,8-49-10-46-47-4 = 0.229,8-49-10-51-44-4 = 0.364,8-49-10-44-43-4 = 0.386,4-28-15-4 = 1.0,4-17-57-4 = 1.0,5-34-58-29-19-37-7 = 0.364,4-45-20-40-23-8 = 0.8,4-41-50-16-5 = 1.0,4-45-20-11-8 = 0.129,4-9-46-19-37-7 = 0.114,8-27-53-8 = 1.0,8-11-19-37-7 = 0.1,4-20-12-9-34-5 = 0.071,4-12-9-34-13-14-5 = 0.157,,,,,,,,,
323,93,737.541,0,3.38,0,Prune by CG,,4-22-4 = 1.0,8-33-8 = 0.333,8-39-8 = 0.333,5-42-5 = 1.0,7-31-52-29-19-8 = 0.5,7-31-52-37-7 = 0.5,7-48-24-30-7 = 1.0,7-21-26-36-7 = 1.0,8-33-23-39-8 = 0.458,8-33-39-8 = 0.208,8-12-47-11-8 = 0.646,8-51-46-43-4 = 0.312,8-45-44-46-43-4 = 0.229,8-40-49-46-43-4 = 0.458,5-35-56-38-5 = 0.167,5-35-38-5 = 0.833,5-56-55-32-5 = 0.833,5-18-54-13-14-5 = 0.729,5-18-25-58-44-4 = 0.083,5-54-34-13-14-5 = 0.271,5-25-58-10-49-4 = 0.125,5-25-9-10-58-4 = 0.271,5-25-9-10-47-4 = 0.208,5-18-55-32-5 = 0.167,5-18-25-58-49-47-4 = 0.021,5-25-9-51-44-4 = 0.021,8-49-10-51-44-4 = 0.396,4-28-15-4 = 1.0,4-17-57-4 = 1.0,5-34-58-29-19-37-7 = 0.5,4-25-9-51-44-4 = 0.271,4-45-20-40-23-8 = 0.542,4-41-50-16-5 = 1.0,4-12-47-11-8 = 0.125,4-45-20-11-8 = 0.229,8-27-53-8 = 1.0,4-20-12-9-34-5 = 0.229,,,,,,,,,,,,,
324,93,734.172,9.364,0.011,0.306,325,326,4-22-4 = 1.0,8-33-8 = 0.409,8-39-8 = 0.409,5-42-5 = 1.0,7-31-52-29-19-8 = 0.455,7-31-52-37-7 = 0.273,7-48-24-30-7 = 1.0,7-31-52-54-5 = 0.091,7-21-26-36-7 = 0.818,7-52-29-37-7 = 0.182,7-31-21-26-36-7 = 0.182,8-33-23-39-8 = 0.273,8-33-39-8 = 0.318,8-12-47-11-8 = 0.727,8-40-44-51-43-4 = 0.273,5-35-56-38-5 = 0.5,5-18-54-55-5 = 0.045,5-18-54-32-5 = 0.045,5-35-38-5 = 0.5,5-25-51-43-4 = 0.364,5-56-55-32-5 = 0.5,5-18-54-13-14-5 = 0.455,5-54-34-13-14-5 = 0.364,5-18-55-32-5 = 0.455,5-25-9-58-46-4 = 0.636,8-49-10-46-47-4 = 0.273,8-49-10-51-44-4 = 0.364,8-49-10-44-43-4 = 0.364,4-28-15-4 = 0.909,4-17-57-4 = 1.0,5-34-58-29-19-37-7 = 0.364,4-45-20-40-23-8 = 0.727,4-41-50-16-5 = 1.0,4-45-20-11-8 = 0.182,4-9-46-19-37-7 = 0.091,4-45-28-15-4 = 0.091,8-27-53-8 = 1.0,8-11-19-37-7 = 0.091,4-20-12-9-34-5 = 0.091,4-12-9-34-13-14-5 = 0.182,,,,,,,,,,
326,324,742.377,0,8.205,0,Prune by CG,,4-22-4 = 1.0,5-38-5 = 0.212,5-42-5 = 1.0,7-36-26-7 = 0.542,7-31-52-29-19-8 = 0.085,7-48-24-30-7 = 1.0,7-31-54-13-14-5 = 0.085,7-31-52-54-5 = 0.644,7-21-26-36-7 = 0.458,7-54-34-13-14-5 = 0.271,7-52-29-37-7 = 0.271,7-31-29-19-11-8 = 0.186,8-33-39-8 = 1.0,8-12-44-15-4 = 0.11,8-12-44-28-4 = 0.11,8-12-47-11-8 = 0.763,5-35-56-21-7 = 0.542,5-38-50-16-5 = 0.165,5-38-41-57-4 = 0.165,5-35-38-5 = 0.458,5-25-51-43-4 = 0.61,5-56-55-32-5 = 0.458,5-18-55-32-5 = 0.542,5-25-9-51-44-4 = 0.017,5-25-9-58-46-4 = 0.373,5-34-58-46-13-14-5 = 0.169,8-49-10-46-47-4 = 0.237,8-49-10-51-44-4 = 0.373,8-49-10-44-43-4 = 0.39,4-28-15-4 = 0.725,4-17-57-4 = 0.835,4-17-15-28-4 = 0.165,5-34-58-29-19-37-7 = 0.085,4-45-20-40-23-8 = 1.0,4-41-50-16-5 = 0.835,4-9-46-19-37-7 = 0.22,8-27-53-8 = 1.0,8-11-19-37-7 = 0.051,4-9-58-29-19-37-7 = 0.314,5-9-58-29-19-37-7 = 0.059,4-12-9-34-13-14-5 = 0.017,5-18-34-13-14-5 = 0.458,,,,,,,,
325,324,734.216,8.871,0.044,-0.493,327,328,4-22-4 = 1.0,8-33-8 = 0.355,8-39-8 = 0.355,5-42-5 = 1.0,7-31-52-29-19-7 = 0.081,7-31-52-29-19-8 = 0.419,7-31-52-37-7 = 0.419,7-48-24-30-7 = 1.0,7-21-26-36-7 = 1.0,7-52-29-37-7 = 0.081,8-33-23-39-8 = 0.29,8-33-39-8 = 0.355,8-12-47-11-8 = 0.677,8-40-44-51-43-4 = 0.29,7-31-29-19-37-7 = 0.081,8-45-44-51-43-4 = 0.032,5-35-56-38-5 = 0.484,5-18-54-55-5 = 0.145,5-18-54-32-5 = 0.145,5-35-38-5 = 0.516,5-25-51-43-4 = 0.339,5-56-55-32-5 = 0.516,5-18-54-13-14-5 = 0.371,5-54-34-13-14-5 = 0.339,5-18-55-32-5 = 0.339,5-25-9-58-46-4 = 0.645,8-49-10-46-47-4 = 0.323,8-49-10-51-44-4 = 0.339,8-49-10-44-43-4 = 0.339,4-28-15-4 = 1.0,4-17-57-4 = 1.0,5-34-58-29-19-37-7 = 0.339,4-45-20-40-23-8 = 0.71,4-41-50-16-5 = 1.0,4-25-9-58-46-4 = 0.016,4-45-20-11-8 = 0.258,4-9-46-19-37-7 = 0.016,8-27-53-8 = 1.0,8-11-19-37-7 = 0.065,4-20-12-9-34-5 = 0.032,4-12-9-34-13-14-5 = 0.29,,,,,,,,,
328,325,736.98,0,2.764,0,Prune by CG,,4-22-4 = 1.0,8-33-8 = 0.458,8-39-8 = 0.458,5-42-5 = 1.0,7-31-52-29-19-8 = 0.136,7-31-52-37-7 = 0.136,7-48-24-30-7 = 1.0,7-21-26-36-7 = 0.271,7-52-29-37-7 = 0.729,8-12-46-19-8 = 0.068,7-31-21-26-36-7 = 0.729,8-33-23-39-8 = 0.542,8-12-47-11-8 = 0.678,8-40-44-51-43-4 = 0.542,8-45-20-44-43-4 = 0.068,5-35-38-5 = 1.0,5-25-51-43-4 = 0.39,5-56-55-32-5 = 1.0,5-18-54-13-14-5 = 0.576,5-54-34-13-14-5 = 0.424,5-25-9-46-47-4 = 0.068,5-18-25-9-49-19-4 = 0.424,5-25-9-58-46-4 = 0.017,5-34-58-10-46-4 = 0.373,8-49-10-46-47-4 = 0.254,4-28-15-4 = 1.0,4-17-57-4 = 1.0,4-45-20-40-23-8 = 0.458,4-41-50-16-5 = 1.0,4-25-9-58-46-4 = 0.102,4-45-20-11-8 = 0.271,4-9-58-10-46-4 = 0.051,4-44-58-10-49-19-4 = 0.322,8-27-53-8 = 1.0,4-20-12-9-34-5 = 0.203,4-45-44-51-46-5 = 0.068,8-12-19-11-8 = 0.051,4-45-9-58-29-37-7 = 0.136,,,,,,,,,,,,
327,325,734.726,5.8,0.51,-3.071,329,330,4-22-4 = 1.0,8-33-8 = 0.2,8-39-8 = 0.2,5-42-5 = 1.0,7-36-26-7 = 0.2,7-31-52-29-19-7 = 0.4,7-31-52-37-7 = 0.2,7-48-24-30-7 = 1.0,7-21-52-9-58-5 = 0.2,7-21-26-36-7 = 0.8,7-52-29-37-7 = 0.2,8-33-39-8 = 0.8,8-12-47-11-8 = 1.0,7-31-29-19-37-7 = 0.4,5-35-56-38-5 = 0.8,5-35-38-5 = 0.2,5-25-51-43-4 = 0.4,5-56-55-32-5 = 0.2,5-18-54-13-14-5 = 0.2,5-54-34-13-14-5 = 0.8,5-18-55-32-5 = 0.8,5-25-9-58-46-4 = 0.6,5-34-58-10-46-4 = 0.2,8-49-10-51-44-4 = 0.4,8-49-10-44-43-4 = 0.4,8-49-51-44-43-4 = 0.2,4-28-15-4 = 1.0,4-17-57-4 = 1.0,4-45-20-40-23-8 = 1.0,4-41-50-16-5 = 1.0,4-9-46-19-37-7 = 0.2,8-27-53-8 = 1.0,,,,,,,,,,,,,,,,,,
329,327,742.263,0,7.537,0,Prune by CG,,4-22-4 = 1.0,8-33-8 = 0.114,8-39-8 = 0.409,5-42-5 = 1.0,7-36-26-7 = 0.545,7-31-52-37-7 = 0.091,7-48-24-30-7 = 1.0,7-21-9-46-19-7 = 0.545,7-31-25-9-58-44-4 = 0.182,7-31-49-10-58-44-4 = 0.273,7-52-29-37-7 = 0.909,7-31-21-26-36-7 = 0.455,8-33-23-39-8 = 0.295,8-33-39-8 = 0.295,8-33-40-11-8 = 0.295,8-12-47-11-8 = 0.636,8-45-20-44-43-4 = 0.045,5-35-56-38-5 = 0.364,5-35-38-5 = 0.636,5-25-51-43-4 = 0.727,5-56-55-32-5 = 0.636,5-18-54-13-14-5 = 0.455,5-54-34-13-14-5 = 0.545,5-18-55-32-5 = 0.364,5-18-25-58-49-47-4 = 0.091,5-34-58-10-46-4 = 0.091,8-49-10-46-47-4 = 0.136,8-49-10-51-44-4 = 0.273,8-49-10-44-43-4 = 0.227,4-28-15-4 = 0.909,4-15-57-4 = 0.045,4-17-57-4 = 0.955,4-17-15-28-4 = 0.045,4-45-20-28-4 = 0.045,4-45-20-40-23-8 = 0.705,4-41-50-16-5 = 1.0,4-45-20-11-8 = 0.068,8-27-53-8 = 1.0,4-20-12-9-34-5 = 0.136,8-12-46-19-7 = 0.091,5-34-58-46-47-19-7 = 0.136,4-45-12-9-58-19-7 = 0.136,5-18-34-58-29-19-7 = 0.091,,,,,,,
330,327,735.68,0,0.954,0,Prune by CG,,4-22-4 = 1.0,5-42-5 = 1.0,7-31-52-29-19-7 = 0.6,7-48-37-7 = 0.6,7-24-30-7 = 0.4,7-21-52-29-7 = 0.2,7-30-24-26-36-7 = 0.2,7-48-24-30-7 = 0.4,7-21-52-9-58-5 = 0.2,7-21-26-36-7 = 0.4,7-31-21-26-36-7 = 0.2,8-33-39-8 = 1.0,8-12-47-11-8 = 1.0,7-31-29-19-37-7 = 0.2,5-35-56-38-5 = 0.8,5-35-38-5 = 0.2,5-25-51-43-4 = 0.4,5-56-55-32-5 = 0.2,5-18-54-13-14-5 = 0.2,5-54-34-13-14-5 = 0.8,5-18-55-32-5 = 0.8,5-25-9-58-46-4 = 0.6,5-34-58-10-46-4 = 0.2,8-49-10-51-44-4 = 0.4,8-49-10-44-43-4 = 0.4,8-49-51-44-43-4 = 0.2,4-28-15-4 = 1.0,4-17-57-4 = 1.0,4-45-20-40-23-8 = 1.0,4-41-50-16-5 = 1.0,7-26-36-7 = 0.2,4-9-46-19-37-7 = 0.2,8-27-53-8 = 1.0,,,,,,,,,,,,,,,,,
198,74,734.096,10.242,0.53,0.335,331,332,4-22-4 = 1.0,8-33-8 = 0.281,8-39-8 = 0.469,5-42-5 = 1.0,7-36-26-7 = 0.234,7-31-52-29-19-8 = 0.531,7-31-52-37-7 = 0.109,7-48-24-30-7 = 1.0,7-31-52-54-5 = 0.125,7-21-26-36-7 = 0.766,8-53-27-8 = 1.0,8-40-28-15-4 = 0.078,7-52-29-37-7 = 0.234,8-33-23-39-8 = 0.391,8-33-39-8 = 0.141,8-33-40-11-8 = 0.188,8-12-47-11-8 = 0.812,7-31-29-19-37-7 = 0.234,8-45-20-40-23-8 = 0.062,5-41-50-16-5 = 0.305,5-35-56-21-7 = 0.234,5-35-56-14-5 = 0.039,5-18-54-34-13-5 = 0.562,5-32-55-14-5 = 0.273,5-38-50-16-5 = 0.137,5-38-41-57-4 = 0.137,5-35-38-5 = 0.727,5-56-55-32-5 = 0.727,5-18-25-54-5 = 0.188,5-18-25-9-58-14-5 = 0.25,5-34-58-10-46-4 = 0.312,8-49-10-46-47-4 = 0.188,8-49-10-51-44-4 = 0.5,4-28-15-4 = 0.785,4-17-57-4 = 0.863,4-17-15-28-4 = 0.137,4-45-20-44-43-4 = 0.391,4-51-46-43-4 = 0.5,5-25-9-58-13-14-5 = 0.438,5-25-9-54-34-5 = 0.125,4-45-20-40-23-8 = 0.547,4-41-50-16-5 = 0.559,4-44-43-19-37-7 = 0.109,8-12-9-49-37-7 = 0.188,8-40-49-19-37-7 = 0.125,,,,,
332,198,736.853,0,2.757,0,Prune by CG,,4-22-4 = 1.0,5-38-5 = 0.462,5-42-5 = 1.0,7-31-52-29-19-8 = 0.769,7-48-37-7 = 0.359,7-24-30-7 = 0.359,7-48-24-30-7 = 0.641,7-21-26-36-7 = 0.41,8-40-28-15-4 = 0.564,7-52-29-37-7 = 0.231,7-31-21-26-36-7 = 0.231,8-33-23-39-8 = 1.0,8-12-47-11-8 = 0.538,8-40-49-10-51-4 = 0.205,5-35-56-21-7 = 0.359,5-35-56-14-5 = 0.103,5-18-54-55-5 = 0.077,5-18-54-32-5 = 0.077,5-18-54-34-13-5 = 0.59,5-32-55-14-5 = 0.385,5-35-38-5 = 0.538,5-25-58-51-47-8 = 0.026,5-56-55-32-5 = 0.538,5-18-25-54-5 = 0.256,5-25-9-46-47-8 = 0.256,5-25-9-58-46-8 = 0.051,5-34-58-10-46-4 = 0.41,8-49-10-51-44-4 = 0.385,4-28-15-4 = 0.436,4-17-57-4 = 1.0,4-20-51-43-4 = 0.103,4-45-20-44-43-4 = 0.615,4-51-46-43-4 = 0.282,5-25-9-58-13-14-5 = 0.41,4-41-50-16-5 = 1.0,7-26-36-7 = 0.359,4-12-47-11-8 = 0.179,4-45-20-11-8 = 0.282,4-45-12-9-58-14-5 = 0.103,8-27-53-8 = 1.0,8-12-9-49-37-7 = 0.179,8-40-49-19-37-7 = 0.231,,,,,,,,
331,198,734.274,10.234,0.178,-0.008,333,334,4-22-4 = 1.0,8-33-8 = 0.141,8-39-8 = 0.469,5-42-5 = 1.0,8-53-8 = 0.125,7-31-52-29-19-8 = 0.531,7-31-52-37-7 = 0.172,7-48-24-30-7 = 1.0,7-31-52-54-5 = 0.125,7-21-26-36-7 = 0.828,7-52-29-37-7 = 0.172,8-33-23-39-8 = 0.188,8-33-39-8 = 0.344,8-33-40-11-8 = 0.188,8-12-47-11-8 = 0.812,7-31-29-19-37-7 = 0.172,8-45-20-40-23-8 = 0.203,5-41-50-16-5 = 0.398,5-35-56-21-7 = 0.172,5-35-56-14-5 = 0.07,5-18-54-34-13-5 = 0.562,5-32-55-14-5 = 0.242,5-38-50-16-5 = 0.121,5-38-41-57-4 = 0.121,5-35-38-5 = 0.758,5-56-55-32-5 = 0.758,5-18-25-54-5 = 0.188,5-18-25-9-58-14-5 = 0.25,5-34-58-10-46-4 = 0.312,8-49-10-46-47-4 = 0.187,8-49-10-51-44-4 = 0.5,4-28-15-4 = 0.879,4-17-57-4 = 0.879,4-17-15-28-4 = 0.121,4-45-20-44-43-4 = 0.328,4-51-46-43-4 = 0.5,5-25-9-58-13-14-5 = 0.438,5-25-9-54-34-5 = 0.125,4-45-20-40-23-8 = 0.469,4-41-50-16-5 = 0.48,7-26-36-7 = 0.172,4-44-43-19-37-7 = 0.172,8-27-53-8 = 0.875,8-27-49-29-19-37-7 = 0.125,8-33-40-23-8 = 0.141,8-12-9-49-37-7 = 0.187,,,,
333,331,736.774,0,2.499,0,Prune by CG,,4-22-4 = 1.0,8-39-8 = 0.571,5-42-5 = 1.0,7-31-52-37-7 = 0.552,7-48-24-30-7 = 1.0,7-21-26-36-7 = 0.771,7-52-29-37-7 = 0.448,7-31-29-19-11-8 = 0.448,8-33-23-39-8 = 0.029,8-33-39-8 = 0.4,8-12-44-15-4 = 0.086,8-12-44-28-4 = 0.133,8-12-47-11-8 = 0.524,5-35-56-21-7 = 0.229,5-35-56-14-5 = 0.114,5-18-54-34-13-5 = 0.619,5-32-55-14-5 = 0.343,5-38-50-16-5 = 0.171,5-38-41-57-4 = 0.171,5-35-38-5 = 0.657,5-54-9-58-51-5 = 0.067,5-56-55-32-5 = 0.657,5-18-25-54-5 = 0.219,5-25-9-46-47-8 = 0.038,5-18-25-9-58-14-5 = 0.162,5-34-58-10-46-4 = 0.286,8-49-10-46-47-4 = 0.438,8-49-10-51-44-4 = 0.276,4-28-15-4 = 0.648,4-15-57-4 = 0.048,4-17-57-4 = 0.781,4-17-15-28-4 = 0.219,4-20-51-43-4 = 0.257,4-45-20-44-43-4 = 0.343,4-51-46-43-4 = 0.238,5-25-9-58-13-14-5 = 0.381,5-25-58-29-19-8 = 0.048,5-25-9-54-34-5 = 0.095,8-40-49-19-11-8 = 0.029,4-45-20-40-23-8 = 0.4,4-41-50-16-5 = 0.829,7-26-36-7 = 0.229,8-27-53-8 = 1.0,8-33-40-23-8 = 0.571,5-25-58-29-19-7 = 0.057,8-45-12-9-49-19-8 = 0.257,4-44-51-43-19-7 = 0.162,,,
152,150,736.7,6,1.747,-0.529,Prune by UB,,4-22-4 = 1.0,8-33-8 = 0.094,8-39-8 = 0.094,5-42-5 = 1.0,7-21-52-29-7 = 0.438,7-48-24-30-7 = 1.0,7-21-26-36-7 = 0.562,7-31-9-10-58-44-4 = 0.438,8-33-39-8 = 0.906,8-12-47-11-8 = 1.0,8-10-51-43-4 = 0.25,7-31-52-29-14-5 = 0.562,5-18-54-34-13-5 = 0.5,5-35-38-5 = 1.0,5-25-51-43-4 = 0.312,5-54-9-58-51-4 = 0.062,5-56-55-32-5 = 1.0,5-18-54-13-14-5 = 0.438,5-18-25-9-51-4 = 0.062,5-25-9-44-43-4 = 0.375,5-34-13-51-43-4 = 0.062,5-34-58-10-46-4 = 0.25,5-34-58-51-28-4 = 0.094,5-34-58-51-15-4 = 0.094,4-15-28-4 = 0.719,4-17-57-4 = 1.0,5-25-49-19-37-7 = 0.25,8-49-46-19-37-7 = 0.75,4-45-20-40-23-8 = 1.0,4-41-50-16-5 = 1.0,7-26-36-7 = 0.438,8-27-53-8 = 1.0,4-44-28-15-4 = 0.188,4-9-10-58-51-4 = 0.062,,,,,,,,,,,,,,,,
35,34,734.483,9.063,2.543,-0.79,335,336,4-22-4 = 1.0,8-33-8 = 0.187,8-39-8 = 0.781,5-42-5 = 1.0,7-31-52-29-19-8 = 0.5,7-48-24-30-7 = 1.0,7-21-26-36-7 = 0.5,7-52-29-37-7 = 0.5,7-31-21-26-36-7 = 0.5,8-33-23-11-8 = 0.187,8-33-23-39-8 = 0.219,8-33-40-11-8 = 0.406,8-12-44-15-4 = 0.469,8-12-44-43-4 = 0.063,8-12-44-28-4 = 0.469,8-10-49-19-37-7 = 0.5,5-18-54-34-13-5 = 0.313,5-35-38-5 = 1.0,5-25-58-51-47-4 = 0.25,5-56-55-32-5 = 1.0,5-18-54-13-14-5 = 0.063,5-54-34-13-14-5 = 0.313,5-18-54-34-14-5 = 0.063,5-18-25-9-58-14-5 = 0.562,5-25-9-58-46-4 = 0.125,5-25-9-58-51-4 = 0.063,5-34-13-51-43-4 = 0.312,8-49-10-46-47-8 = 0.5,4-28-15-4 = 0.531,4-17-57-4 = 1.0,5-54-9-47-43-4 = 0.25,4-51-46-43-4 = 0.375,4-45-20-40-23-8 = 0.594,4-41-50-16-5 = 1.0,4-45-20-11-8 = 0.406,8-27-53-8 = 1.0,,,,,,,,,,,,,,
335,35,735.977,0,1.494,0,Prune by CG,,4-22-4 = 1.0,8-33-8 = 0.167,8-39-8 = 0.75,5-42-5 = 1.0,7-31-52-29-19-8 = 0.5,7-48-24-30-7 = 1.0,7-21-26-36-7 = 0.5,7-52-29-37-7 = 0.5,7-31-21-26-36-7 = 0.5,8-33-23-11-8 = 0.167,8-33-23-39-8 = 0.25,8-33-40-11-8 = 0.417,8-12-44-15-4 = 0.25,8-12-44-28-4 = 0.25,8-10-49-19-37-7 = 0.5,8-45-20-11-8 = 0.417,8-45-20-40-23-8 = 0.083,5-35-56-14-5 = 0.25,5-18-54-34-13-5 = 0.75,5-32-55-14-5 = 0.25,5-38-50-16-5 = 0.125,5-38-41-57-4 = 0.125,5-35-38-5 = 0.75,5-25-58-51-47-4 = 0.25,5-56-55-32-5 = 0.75,5-54-34-13-14-5 = 0.25,5-18-25-9-58-14-5 = 0.25,5-25-9-58-51-4 = 0.5,8-49-10-46-47-8 = 0.5,4-28-15-4 = 0.625,4-17-57-4 = 0.875,4-17-15-28-4 = 0.125,4-12-44-43-4 = 0.5,4-51-46-43-4 = 0.25,4-45-20-40-23-8 = 0.5,4-41-50-16-5 = 0.875,8-27-53-8 = 1.0,4-9-46-47-43-4 = 0.25,,,,,,,,,,,,
336,35,735.101,0,0.618,0,Prune by CG,,4-22-4 = 1.0,8-33-8 = 0.083,8-39-8 = 0.625,5-42-5 = 1.0,7-31-52-29-19-8 = 0.5,7-48-24-30-7 = 1.0,7-21-26-36-7 = 0.5,7-52-29-37-7 = 0.5,7-31-21-26-36-7 = 0.5,8-33-23-11-8 = 0.083,8-33-23-39-8 = 0.375,8-33-40-11-8 = 0.458,8-12-44-15-4 = 0.125,8-12-44-43-4 = 0.75,8-12-44-28-4 = 0.125,8-10-49-19-37-7 = 0.25,5-18-54-34-13-5 = 0.25,5-35-38-5 = 1.0,5-25-58-51-47-4 = 0.25,5-56-55-32-5 = 1.0,5-18-54-13-14-5 = 0.25,5-54-34-13-14-5 = 0.25,5-18-54-34-14-5 = 0.25,5-18-25-9-58-14-5 = 0.25,5-25-9-58-51-4 = 0.5,5-34-13-51-43-4 = 0.25,8-49-10-46-47-8 = 0.75,4-28-15-4 = 0.875,4-17-57-4 = 1.0,8-9-46-19-37-7 = 0.25,4-45-20-40-23-8 = 0.542,4-41-50-16-5 = 1.0,4-45-20-11-8 = 0.458,8-27-53-8 = 1.0,,,,,,,,,,,,,,,,
241,240,734.884,5.75,2.649,-2.697,337,338,4-22-4 = 1.0,8-33-8 = 0.375,8-39-8 = 0.375,5-42-5 = 1.0,7-31-52-29-19-8 = 0.5,7-48-24-30-7 = 1.0,7-21-26-36-7 = 0.5,8-53-27-8 = 1.0,7-52-29-37-7 = 0.5,7-31-21-26-36-7 = 0.5,8-33-23-39-8 = 0.25,8-33-39-8 = 0.375,8-12-47-11-8 = 1.0,8-40-44-51-43-4 = 0.25,5-41-50-16-5 = 1.0,5-18-54-34-13-5 = 1.0,5-35-38-5 = 1.0,5-56-55-32-5 = 1.0,5-25-9-46-14-5 = 0.875,8-49-10-58-46-4 = 0.125,8-49-10-58-51-4 = 0.625,8-49-10-58-15-4 = 0.125,8-49-58-51-28-4 = 0.125,4-15-28-4 = 0.875,4-17-57-4 = 1.0,4-45-20-44-43-4 = 0.25,4-45-20-40-23-8 = 0.75,4-44-43-19-37-7 = 0.5,5-25-9-10-14-5 = 0.125,,,,,,,,,,,,,,,,,,,,,
337,241,735.037,0,0.153,0,Prune by CG,,4-22-4 = 1.0,8-33-8 = 0.25,8-39-8 = 0.25,5-42-5 = 1.0,7-36-26-7 = 0.25,7-31-52-29-19-8 = 0.5,7-31-52-37-7 = 0.25,7-48-24-30-7 = 1.0,7-21-26-36-7 = 0.75,7-52-29-37-7 = 0.25,8-33-23-39-8 = 0.25,8-33-39-8 = 0.5,8-12-47-11-8 = 1.0,8-40-44-51-43-4 = 0.25,7-31-29-19-37-7 = 0.25,5-41-50-16-5 = 0.25,5-35-56-21-7 = 0.25,5-18-54-34-13-5 = 0.75,5-32-55-14-5 = 0.25,5-38-50-16-5 = 0.125,5-38-41-57-4 = 0.125,5-35-38-5 = 0.75,5-56-55-32-5 = 0.75,5-25-9-46-14-5 = 0.5,8-49-10-58-46-4 = 0.5,8-49-10-58-51-4 = 0.5,4-28-15-4 = 0.875,4-17-57-4 = 0.875,4-17-15-28-4 = 0.125,4-45-20-44-43-4 = 0.25,5-25-54-14-5 = 0.25,4-45-20-40-23-8 = 0.75,4-41-50-16-5 = 0.625,4-44-43-19-37-7 = 0.25,8-27-53-8 = 1.0,5-18-25-9-34-13-5 = 0.25,5-9-51-44-43-4 = 0.25,,,,,,,,,,,,,
338,241,736.936,0,2.052,0,Prune by CG,,4-22-4 = 1.0,8-33-8 = 0.5,8-39-8 = 0.5,5-42-5 = 1.0,7-31-52-29-19-8 = 0.5,7-48-24-30-7 = 1.0,7-21-26-36-7 = 0.5,7-52-29-37-7 = 0.5,7-31-21-26-36-7 = 0.5,8-33-23-39-8 = 0.25,8-33-39-8 = 0.25,8-12-47-11-8 = 1.0,8-40-44-51-43-4 = 0.25,5-41-50-16-5 = 0.625,5-18-54-34-13-5 = 0.75,5-35-38-5 = 1.0,5-56-55-32-5 = 1.0,5-18-54-13-14-5 = 0.125,5-18-25-54-5 = 0.125,5-25-9-46-14-5 = 0.125,5-34-10-51-44-4 = 0.125,5-34-13-46-43-4 = 0.125,8-49-58-46-15-4 = 0.625,8-49-58-51-28-4 = 0.375,4-28-15-4 = 0.375,4-17-57-4 = 1.0,5-9-10-51-44-4 = 0.125,4-45-20-28-4 = 0.25,4-51-46-43-4 = 0.125,4-45-20-40-23-8 = 0.75,4-41-50-16-5 = 0.375,4-44-43-19-37-7 = 0.5,8-27-53-8 = 1.0,5-25-9-10-14-5 = 0.75,,,,,,,,,,,,,,,,
117,115,736.553,6.438,0.981,0.351,Prune by UB,,4-22-4 = 1.0,5-38-5 = 0.178,5-42-5 = 1.0,7-36-26-7 = 0.301,7-21-52-29-7 = 0.301,7-48-24-30-7 = 1.0,7-31-52-54-5 = 0.137,7-21-26-36-7 = 0.699,7-31-49-46-43-4 = 0.274,8-33-39-8 = 1.0,8-12-44-28-4 = 0.041,8-12-47-11-8 = 0.959,7-31-29-19-37-7 = 0.027,7-31-52-29-14-5 = 0.562,5-35-56-14-5 = 0.219,5-18-54-34-13-5 = 0.384,5-32-55-14-5 = 0.219,5-38-50-16-5 = 0.021,5-38-41-57-4 = 0.021,5-35-38-5 = 0.781,5-25-51-43-4 = 0.315,5-56-55-32-5 = 0.781,5-18-54-58-13-5 = 0.479,5-25-9-44-43-4 = 0.274,5-34-13-46-43-4 = 0.137,5-34-58-10-46-4 = 0.274,8-49-10-46-47-4 = 0.041,8-49-10-51-44-4 = 0.685,4-28-15-4 = 0.897,4-15-57-4 = 0.041,4-17-57-4 = 0.938,4-17-15-28-4 = 0.062,5-34-58-29-19-37-7 = 0.11,5-25-9-19-37-7 = 0.411,8-9-46-19-37-7 = 0.192,4-45-20-40-23-8 = 1.0,4-41-50-16-5 = 0.979,4-9-46-19-37-7 = 0.082,8-27-53-8 = 1.0,8-11-19-37-7 = 0.041,5-18-9-58-19-37-7 = 0.041,5-18-34-58-19-37-7 = 0.096,,,,,,,,
108,106,736.575,6.833,0.612,2.25,Prune by UB,,4-22-4 = 1.0,5-38-5 = 0.194,5-42-5 = 1.0,7-31-52-29-19-7 = 0.5,7-31-52-37-7 = 0.25,7-48-24-30-7 = 1.0,7-21-26-36-7 = 1.0,7-52-29-37-7 = 0.25,8-33-39-8 = 1.0,8-12-44-15-4 = 0.028,8-12-44-28-4 = 0.167,8-12-47-11-8 = 0.806,7-31-29-19-37-7 = 0.25,5-35-56-14-5 = 0.194,5-18-54-34-13-5 = 0.389,5-32-55-14-5 = 0.194,5-35-38-5 = 0.806,5-54-44-43-4 = 0.056,5-56-55-32-5 = 0.806,5-18-54-14-5 = 0.472,5-25-58-10-49-4 = 0.139,5-18-25-9-58-14-5 = 0.139,5-25-9-58-46-4 = 0.111,5-34-13-46-43-4 = 0.111,5-34-13-51-43-4 = 0.5,8-49-10-46-47-4 = 0.111,8-49-10-51-44-4 = 0.5,4-15-28-4 = 0.694,4-15-57-4 = 0.139,4-17-57-4 = 0.861,4-17-15-28-4 = 0.139,5-54-9-47-43-4 = 0.083,7-49-10-44-43-4 = 0.25,4-45-20-40-23-8 = 1.0,4-41-50-16-5 = 1.0,4-9-46-19-37-7 = 0.056,8-27-53-8 = 1.0,5-25-9-58-46-5 = 0.611,8-11-19-37-7 = 0.194,,,,,,,,,,,
161,160,736.964,6.5,0.611,0.944,Prune by UB,,4-22-4 = 1.0,5-38-5 = 0.125,5-42-5 = 1.0,7-36-26-7 = 0.25,7-31-52-29-19-7 = 0.5,7-31-52-37-7 = 0.25,7-48-24-30-7 = 1.0,7-21-10-51-4 = 0.25,7-21-26-36-7 = 0.75,7-52-29-37-7 = 0.25,8-33-39-8 = 1.0,8-12-46-14-5 = 0.125,8-12-47-11-8 = 0.625,7-31-29-19-37-7 = 0.25,5-35-56-14-5 = 0.125,5-35-56-38-5 = 0.5,5-18-54-34-13-5 = 0.875,5-32-55-14-5 = 0.625,5-35-38-5 = 0.375,5-25-58-51-47-4 = 0.125,5-56-55-32-5 = 0.375,5-18-54-14-5 = 0.125,5-25-9-58-46-4 = 0.625,5-25-9-58-51-4 = 0.25,5-34-13-51-46-4 = 0.125,8-49-10-44-43-4 = 0.75,8-49-51-44-43-4 = 0.25,4-15-28-4 = 1.0,4-17-57-4 = 1.0,4-45-20-40-23-8 = 1.0,4-41-50-16-5 = 1.0,4-12-47-11-8 = 0.25,4-9-46-19-37-7 = 0.125,8-27-53-8 = 1.0,8-11-19-37-7 = 0.125,,,,,,,,,,,,,,,
213,211,734.195,8.707,0.873,0.685,339,340,4-22-4 = 1.0,8-33-8 = 0.512,8-39-8 = 0.512,5-42-5 = 1.0,7-36-26-7 = 0.122,7-21-52-29-7 = 0.122,7-48-24-30-7 = 1.0,7-31-52-54-5 = 0.171,7-21-26-36-7 = 0.22,8-53-27-8 = 1.0,7-52-29-37-7 = 0.707,8-12-46-13-5 = 0.171,7-31-29-19-11-8 = 0.171,7-31-21-26-36-7 = 0.659,8-33-23-39-8 = 0.488,8-12-47-11-8 = 0.829,8-40-44-51-43-4 = 0.488,8-45-20-44-43-4 = 0.268,8-45-20-40-23-8 = 0.122,5-18-54-34-13-5 = 0.366,5-35-38-5 = 1.0,5-54-58-49-37-7 = 0.024,5-25-51-43-4 = 0.22,5-56-55-32-5 = 1.0,5-18-54-13-14-5 = 0.439,5-25-9-46-47-4 = 0.171,5-18-58-49-19-37-7 = 0.195,5-25-9-51-44-4 = 0.244,5-25-9-46-14-5 = 0.341,5-34-58-10-49-19-8 = 0.585,4-15-28-4 = 0.561,4-15-57-4 = 0.22,4-17-57-4 = 0.78,4-17-15-28-4 = 0.22,5-34-58-10-49-19-7 = 0.049,4-45-20-28-4 = 0.22,4-51-46-43-4 = 0.024,4-45-20-40-23-8 = 0.39,4-41-50-16-5 = 1.0,5-25-9-51-13-5 = 0.024,5-58-49-10-46-5 = 0.073,8-9-10-46-14-5 = 0.22,5-58-10-49-37-7 = 0.073,,,,,,,
339,213,734.428,6.025,0.233,-2.683,341,342,4-22-4 = 1.0,8-33-8 = 0.469,8-39-8 = 0.469,5-42-5 = 1.0,7-36-26-7 = 0.037,7-31-52-29-19-8 = 0.815,7-31-52-37-7 = 0.012,7-48-24-30-7 = 1.0,7-21-54-14-5 = 0.037,7-31-52-54-5 = 0.012,7-21-26-36-7 = 0.963,7-52-29-37-7 = 0.025,8-33-23-39-8 = 0.531,8-45-20-28-4 = 0.185,8-12-47-11-8 = 1.0,8-10-46-13-5 = 0.049,8-40-44-51-43-4 = 0.531,7-31-29-19-37-7 = 0.025,7-31-52-29-14-5 = 0.136,8-45-20-40-23-8 = 0.469,5-18-54-34-13-5 = 0.889,5-35-38-5 = 1.0,5-25-51-43-4 = 0.049,5-56-55-32-5 = 1.0,5-18-54-13-14-5 = 0.012,5-54-34-13-14-5 = 0.049,5-18-58-49-19-37-7 = 0.099,5-25-9-51-44-4 = 0.235,5-25-9-46-14-5 = 0.716,4-28-15-4 = 0.407,4-15-57-4 = 0.296,4-17-57-4 = 0.704,4-17-15-28-4 = 0.296,5-34-58-10-49-19-7 = 0.062,4-45-20-28-4 = 0.111,4-45-20-44-43-4 = 0.235,4-51-46-43-4 = 0.185,4-41-50-16-5 = 1.0,8-27-53-8 = 1.0,8-9-10-46-14-5 = 0.049,5-58-10-49-37-7 = 0.84,,,,,,,,,
341,339,735.764,0,1.336,0,Prune by CG,,4-22-4 = 1.0,8-33-8 = 0.143,8-39-8 = 0.429,5-42-5 = 1.0,7-36-26-7 = 0.571,7-31-52-29-19-8 = 0.286,7-31-52-37-7 = 0.143,7-21-52-29-5 = 0.143,7-48-24-30-7 = 1.0,7-21-54-14-5 = 0.429,7-52-29-37-7 = 0.429,7-31-29-19-11-8 = 0.143,7-31-21-26-36-7 = 0.429,8-33-23-39-8 = 0.571,8-33-40-11-8 = 0.286,8-12-44-15-4 = 0.429,8-12-47-11-8 = 0.571,8-40-44-51-43-4 = 0.286,8-45-20-40-23-8 = 0.143,5-35-38-5 = 1.0,5-56-55-32-5 = 1.0,5-18-54-13-14-5 = 0.571,5-25-9-46-47-4 = 0.429,5-25-9-51-44-4 = 0.143,4-28-15-4 = 0.571,4-17-57-4 = 1.0,5-34-58-10-49-19-7 = 0.571,4-45-20-28-4 = 0.429,4-45-20-44-43-4 = 0.143,4-51-46-43-4 = 0.571,4-45-20-40-23-8 = 0.286,4-41-50-16-5 = 1.0,8-27-53-8 = 1.0,5-18-25-9-34-13-5 = 0.429,5-58-10-49-37-7 = 0.429,,,,,,,,,,,,,,,
342,339,734.581,6.083,0.153,0.058,343,344,4-22-4 = 1.0,8-33-8 = 0.452,5-38-5 = 0.058,8-39-8 = 0.452,5-42-5 = 1.0,7-21-55-14-5 = 0.017,7-36-26-7 = 0.033,7-31-52-29-19-8 = 0.835,7-21-32-14-5 = 0.017,7-48-24-30-7 = 1.0,7-31-52-54-5 = 0.033,7-21-26-36-7 = 0.967,7-52-29-37-7 = 0.033,8-33-23-39-8 = 0.548,8-12-47-11-8 = 1.0,8-10-46-13-5 = 0.055,8-40-44-51-43-4 = 0.548,7-31-29-19-37-7 = 0.033,8-45-20-44-43-4 = 0.187,7-31-52-29-14-5 = 0.099,8-45-20-40-23-8 = 0.452,5-35-56-14-5 = 0.058,5-18-54-34-13-5 = 0.934,5-32-55-14-5 = 0.041,5-35-38-5 = 0.942,5-54-58-49-37-7 = 0.033,5-25-51-43-4 = 0.044,5-56-55-32-5 = 0.942,5-18-58-49-19-37-7 = 0.066,5-25-9-51-44-4 = 0.22,5-25-9-46-14-5 = 0.725,4-15-28-4 = 0.366,4-15-57-4 = 0.317,4-17-57-4 = 0.683,4-17-15-28-4 = 0.317,5-34-58-10-49-19-7 = 0.066,4-45-20-28-4 = 0.317,4-45-20-44-43-4 = 0.044,4-51-46-43-4 = 0.176,4-41-50-16-5 = 1.0,8-27-53-8 = 1.0,5-25-9-51-13-5 = 0.011,8-9-10-46-14-5 = 0.044,5-58-10-49-37-7 = 0.835,,,,,,
344,342,735.377,0,0.796,0,Prune by CG,,4-22-4 = 1.0,8-33-8 = 0.244,8-39-8 = 0.538,5-42-5 = 1.0,7-31-52-29-19-8 = 0.654,7-48-24-30-7 = 1.0,7-21-26-36-7 = 1.0,8-12-46-13-5 = 0.038,8-33-23-11-8 = 0.051,8-33-23-39-8 = 0.462,8-33-40-11-8 = 0.244,8-12-44-15-4 = 0.269,8-12-47-11-8 = 0.692,8-40-44-51-43-4 = 0.269,8-45-20-11-8 = 0.013,7-31-52-29-14-5 = 0.346,8-45-20-40-23-8 = 0.026,5-18-54-34-13-5 = 0.808,5-35-38-5 = 1.0,5-54-58-49-37-7 = 0.192,5-25-51-43-4 = 0.538,5-56-55-32-5 = 1.0,5-25-9-46-47-4 = 0.308,5-18-58-49-19-37-7 = 0.192,5-25-9-51-44-4 = 0.154,5-34-13-51-15-4 = 0.038,4-15-28-4 = 0.692,4-17-57-4 = 1.0,5-34-58-49-19-37-7 = 0.154,4-45-20-28-4 = 0.308,4-45-20-44-43-4 = 0.192,4-45-20-40-23-8 = 0.462,4-41-50-16-5 = 1.0,8-27-53-8 = 1.0,8-9-10-46-14-5 = 0.538,4-44-46-13-14-5 = 0.115,5-58-10-49-37-7 = 0.462,,,,,,,,,,,,,
343,342,734.751,5.538,0.171,-0.544,345,346,4-22-4 = 1.0,8-33-8 = 0.423,5-38-5 = 0.077,8-39-8 = 0.423,5-42-5 = 1.0,7-36-26-7 = 0.077,7-31-52-29-19-8 = 0.885,7-21-52-29-5 = 0.077,7-48-24-30-7 = 1.0,7-31-52-54-5 = 0.038,7-21-26-36-7 = 0.885,7-31-21-26-36-7 = 0.038,8-33-23-39-8 = 0.577,8-45-20-28-4 = 0.038,8-12-47-11-8 = 1.0,8-40-44-51-43-4 = 0.577,7-31-29-19-37-7 = 0.038,8-45-20-44-43-4 = 0.231,8-45-20-40-23-8 = 0.423,5-35-56-14-5 = 0.077,5-18-54-34-13-5 = 0.962,5-32-55-14-5 = 0.077,5-35-38-5 = 0.923,5-25-51-43-4 = 0.038,5-56-55-32-5 = 0.923,5-18-58-49-19-37-7 = 0.038,5-25-9-51-44-4 = 0.115,5-25-9-46-14-5 = 0.846,4-15-28-4 = 0.462,4-15-57-4 = 0.269,4-17-57-4 = 0.731,4-17-15-28-4 = 0.269,5-34-58-10-49-19-7 = 0.038,4-45-20-28-4 = 0.231,4-45-20-44-51-4 = 0.077,4-51-46-43-4 = 0.154,4-41-50-16-5 = 1.0,8-27-53-8 = 1.0,5-58-10-49-37-7 = 0.923,8-9-10-51-13-5 = 0.038,,,,,,,,,,
346,343,739.25,0,4.499,0,Prune by CG,,4-22-4 = 1.0,5-38-5 = 0.393,8-39-8 = 0.464,5-42-5 = 1.0,7-31-52-29-19-8 = 0.714,7-48-24-30-7 = 1.0,7-31-52-54-5 = 0.107,7-21-26-36-7 = 1.0,7-31-9-46-43-4 = 0.071,7-52-29-37-7 = 0.179,7-31-29-19-11-8 = 0.107,8-33-23-11-8 = 0.036,8-33-23-39-8 = 0.536,8-45-20-28-4 = 0.036,8-33-40-11-8 = 0.429,8-12-44-15-4 = 0.429,8-12-44-28-4 = 0.143,8-12-47-11-8 = 0.429,8-10-51-43-5 = 0.071,8-40-44-51-43-5 = 0.143,8-45-20-40-23-8 = 0.429,5-35-56-14-5 = 0.5,5-18-54-34-13-5 = 0.821,5-32-55-14-5 = 0.5,5-38-50-16-5 = 0.054,5-38-41-57-4 = 0.054,5-35-38-5 = 0.5,5-54-58-49-37-7 = 0.071,5-25-51-43-5 = 0.071,5-56-55-32-5 = 0.5,5-18-25-9-51-5 = 0.179,5-25-9-46-47-4 = 0.571,4-15-28-4 = 0.518,4-17-57-4 = 0.946,4-17-15-28-4 = 0.054,5-34-58-10-49-19-7 = 0.179,4-45-20-28-4 = 0.25,4-45-20-44-43-4 = 0.286,4-41-50-16-5 = 0.946,8-27-53-8 = 1.0,5-25-9-51-13-5 = 0.179,5-58-10-49-37-7 = 0.75,4-51-46-43-5 = 0.357,,,,,,,
345,343,734.806,6.44,0.055,0.902,347,348,4-22-4 = 1.0,8-33-8 = 0.428,5-38-5 = 0.107,8-39-8 = 0.428,5-42-5 = 1.0,7-36-26-7 = 0.126,7-31-52-29-19-7 = 0.013,7-31-52-29-19-8 = 0.824,7-21-52-29-5 = 0.113,7-48-24-30-7 = 1.0,7-21-54-13-5 = 0.013,7-31-52-54-5 = 0.05,7-21-26-36-7 = 0.811,7-31-21-26-36-7 = 0.063,8-33-23-39-8 = 0.572,8-45-20-28-4 = 0.214,8-12-47-11-8 = 1.0,8-10-46-13-5 = 0.038,8-40-44-51-43-4 = 0.572,7-31-29-19-37-7 = 0.05,8-45-20-40-23-8 = 0.428,5-35-56-14-5 = 0.107,5-18-54-34-13-5 = 0.937,5-32-55-14-5 = 0.107,5-35-38-5 = 0.893,5-56-55-32-5 = 0.893,5-18-58-49-19-37-7 = 0.063,5-25-9-51-44-4 = 0.214,5-25-9-46-14-5 = 0.748,4-15-28-4 = 0.283,4-15-57-4 = 0.358,4-17-57-4 = 0.642,4-17-15-28-4 = 0.358,5-34-58-10-49-19-7 = 0.05,4-45-20-28-4 = 0.145,4-45-20-44-43-4 = 0.214,4-51-46-43-4 = 0.214,4-41-50-16-5 = 1.0,8-27-53-8 = 1.0,5-25-9-10-14-5 = 0.025,5-58-10-49-37-7 = 0.887,5-25-9-34-13-14-5 = 0.013,,,,,,,,
348,345,738.488,0,3.682,0,Prune by CG,,4-22-4 = 1.0,8-33-8 = 0.08,5-38-5 = 0.25,8-39-8 = 0.239,5-42-5 = 1.0,7-36-26-7 = 0.324,7-21-52-29-7 = 0.011,7-48-24-30-7 = 1.0,7-21-54-13-5 = 0.313,7-52-29-46-4 = 0.364,7-31-52-54-5 = 0.125,7-31-9-46-43-4 = 0.074,7-52-29-37-7 = 0.5,8-12-46-13-5 = 0.125,7-31-29-46-47-4 = 0.125,7-31-21-26-36-7 = 0.676,8-33-23-39-8 = 0.415,8-33-39-8 = 0.347,8-33-40-11-8 = 0.159,8-12-44-15-4 = 0.034,8-12-47-11-8 = 0.841,8-40-44-51-43-4 = 0.256,8-45-20-40-23-8 = 0.17,5-35-56-14-5 = 0.25,5-54-13-15-4 = 0.062,5-18-54-34-13-5 = 0.5,5-32-55-14-5 = 0.25,5-35-38-5 = 0.75,5-25-51-43-4 = 0.074,5-56-55-32-5 = 0.75,5-25-9-46-47-4 = 0.034,5-18-58-49-19-37-7 = 0.5,5-25-9-51-44-4 = 0.392,4-28-15-4 = 0.903,4-17-57-4 = 1.0,5-34-58-10-49-19-7 = 0.5,4-45-20-28-4 = 0.097,4-45-20-44-43-4 = 0.318,4-51-46-43-4 = 0.278,4-45-20-40-23-8 = 0.415,4-41-50-16-5 = 1.0,8-27-53-8 = 1.0,5-25-9-10-14-5 = 0.5,,,,,,,
347,345,734.86,5.778,0.054,-0.662,349,350,4-22-4 = 1.0,8-33-8 = 0.444,5-38-5 = 0.111,8-39-8 = 0.444,5-42-5 = 1.0,7-31-52-29-19-5 = 0.222,7-31-52-29-19-8 = 0.778,7-48-24-30-7 = 1.0,7-21-26-36-7 = 1.0,8-33-23-39-8 = 0.556,8-45-20-28-4 = 0.222,8-12-47-11-8 = 1.0,8-40-44-51-43-4 = 0.556,8-45-20-40-23-8 = 0.444,5-35-56-14-5 = 0.111,5-18-54-34-13-5 = 1.0,5-32-55-14-5 = 0.111,5-35-38-5 = 0.889,5-56-55-32-5 = 0.889,5-25-9-51-44-4 = 0.222,5-25-9-46-14-5 = 0.778,4-28-15-4 = 0.333,4-15-57-4 = 0.333,4-17-57-4 = 0.667,4-17-15-28-4 = 0.333,4-45-20-28-4 = 0.111,4-45-20-44-43-4 = 0.222,4-51-46-43-4 = 0.222,4-41-50-16-5 = 1.0,8-27-53-8 = 1.0,5-58-10-49-37-7 = 1.0,,,,,,,,,,,,,,,,,,,
349,347,735.54,0,0.68,0,Prune by CG,,4-22-4 = 1.0,8-33-8 = 0.274,5-38-5 = 0.113,8-39-8 = 0.419,5-42-5 = 1.0,7-31-52-29-19-5 = 0.226,7-31-52-29-19-8 = 0.774,7-48-24-30-7 = 1.0,7-21-26-36-7 = 1.0,8-33-23-11-8 = 0.145,8-33-23-39-8 = 0.581,8-12-44-15-4 = 0.129,8-12-47-11-8 = 0.855,8-40-44-51-43-4 = 0.726,8-51-46-43-4 = 0.097,5-35-56-14-5 = 0.113,8-12-9-47-43-4 = 0.016,5-18-54-34-13-5 = 1.0,5-32-55-14-5 = 0.113,5-35-38-5 = 0.887,5-25-51-43-4 = 0.097,5-56-55-32-5 = 0.887,5-25-9-46-47-4 = 0.129,5-25-9-46-14-5 = 0.774,4-15-28-4 = 0.565,4-17-57-4 = 1.0,4-45-20-28-4 = 0.435,4-45-20-44-43-4 = 0.065,4-45-20-40-23-8 = 0.274,4-41-50-16-5 = 1.0,4-45-20-15-4 = 0.226,8-27-53-8 = 1.0,8-9-51-44-15-4 = 0.081,5-58-10-49-37-7 = 1.0,,,,,,,,,,,,,,,,
350,347,735.08,0,0.22,0,Prune by CG,,4-22-4 = 1.0,8-33-8 = 0.312,5-38-5 = 0.062,8-39-8 = 0.312,5-42-5 = 1.0,7-31-52-29-19-8 = 1.0,7-48-24-30-7 = 1.0,7-21-26-36-7 = 1.0,8-33-23-39-8 = 0.5,8-33-39-8 = 0.188,8-45-20-28-4 = 0.125,8-12-47-11-8 = 1.0,8-40-44-51-43-4 = 0.5,8-45-20-44-43-4 = 0.25,8-45-20-40-23-8 = 0.5,8-45-44-51-15-4 = 0.125,5-35-56-14-5 = 0.062,5-18-54-34-13-5 = 1.0,5-32-55-14-5 = 0.062,5-35-38-5 = 0.938,5-56-55-32-5 = 0.938,5-25-9-46-14-5 = 0.875,4-15-28-4 = 0.875,4-17-57-4 = 1.0,4-20-51-43-4 = 0.125,4-51-46-43-4 = 0.125,4-25-9-51-44-4 = 0.125,4-41-50-16-5 = 1.0,8-27-53-8 = 1.0,5-58-10-49-37-7 = 1.0,,,,,,,,,,,,,,,,,,,,
340,213,734.498,6.638,0.303,-2.069,351,352,4-22-4 = 1.0,8-33-8 = 0.543,8-39-8 = 0.543,5-42-5 = 1.0,7-31-52-29-19-8 = 0.112,7-48-24-30-7 = 1.0,7-21-26-36-7 = 0.112,7-52-29-37-7 = 0.888,8-12-46-13-5 = 0.06,7-31-21-26-36-7 = 0.888,8-33-23-39-8 = 0.457,8-12-47-11-8 = 0.94,8-40-44-51-43-4 = 0.457,8-45-20-44-43-4 = 0.259,8-45-20-40-23-8 = 0.543,5-18-54-34-13-5 = 0.224,5-35-38-5 = 1.0,5-54-9-58-49-19-8 = 0.043,5-56-55-32-5 = 1.0,5-18-54-13-14-5 = 0.578,5-18-25-54-5 = 0.155,5-25-9-46-47-4 = 0.06,5-25-9-51-44-4 = 0.224,5-25-9-46-14-5 = 0.422,5-34-58-10-49-19-8 = 0.672,4-28-15-4 = 0.724,4-15-57-4 = 0.138,4-17-57-4 = 0.862,4-17-15-28-4 = 0.138,5-34-58-49-19-11-8 = 0.06,4-45-20-28-4 = 0.138,4-45-20-44-43-4 = 0.06,4-51-46-43-4 = 0.224,8-9-46-19-37-7 = 0.009,4-41-50-16-5 = 1.0,8-9-10-19-37-7 = 0.103,8-27-53-8 = 1.0,5-25-9-51-13-5 = 0.095,5-58-49-10-46-5 = 0.224,5-18-25-9-34-13-5 = 0.043,,,,,,,,,,
352,340,736.915,0,2.417,0,Prune by CG,,4-22-4 = 1.0,8-33-8 = 0.533,8-39-8 = 0.533,5-42-5 = 1.0,7-48-24-30-7 = 1.0,7-21-26-36-7 = 0.133,7-52-29-37-7 = 0.867,7-31-21-26-36-7 = 0.867,8-33-23-39-8 = 0.467,8-12-44-15-4 = 0.367,8-12-44-28-4 = 0.033,8-12-47-11-8 = 0.5,8-40-44-51-43-4 = 0.467,8-12-9-34-13-14-5 = 0.1,8-45-20-44-43-4 = 0.067,7-31-52-29-14-5 = 0.133,8-45-20-40-23-8 = 0.067,5-35-38-5 = 1.0,5-25-46-13-5 = 0.133,5-25-51-43-4 = 0.467,5-54-9-58-49-19-8 = 0.1,5-56-55-32-5 = 1.0,5-18-54-13-14-5 = 0.633,5-18-25-54-5 = 0.233,5-34-58-10-49-19-8 = 0.267,4-15-28-4 = 0.567,4-17-57-4 = 1.0,5-34-58-49-19-11-8 = 0.5,4-45-20-28-4 = 0.4,8-9-46-19-37-7 = 0.133,5-25-54-14-5 = 0.033,4-45-20-40-23-8 = 0.467,4-41-50-16-5 = 1.0,8-27-53-8 = 1.0,8-9-10-46-47-8 = 0.5,5-58-49-10-46-5 = 0.133,8-9-10-46-14-5 = 0.1,8-9-51-44-15-4 = 0.067,5-18-25-34-13-5 = 0.133,,,,,,,,,,,
351,340,734.755,8,0.256,1.362,353,354,4-22-4 = 1.0,8-33-8 = 0.5,8-39-8 = 0.5,5-42-5 = 1.0,7-31-52-29-19-7 = 0.136,7-31-52-37-7 = 0.045,7-48-24-30-7 = 1.0,7-31-52-54-5 = 0.091,7-21-26-36-7 = 0.409,7-52-29-37-7 = 0.727,7-31-21-26-36-7 = 0.591,8-33-23-39-8 = 0.455,8-33-39-8 = 0.045,8-45-20-28-4 = 0.182,8-12-47-11-8 = 1.0,8-40-44-51-43-4 = 0.455,7-31-29-19-37-7 = 0.136,8-45-20-40-23-8 = 0.545,5-18-54-34-13-5 = 0.364,5-35-38-5 = 1.0,5-56-55-32-5 = 1.0,5-18-54-13-14-5 = 0.545,5-18-25-9-43-4 = 0.091,5-25-9-51-44-4 = 0.273,5-25-9-46-14-5 = 0.455,5-34-58-10-49-19-8 = 0.636,4-15-28-4 = 0.636,4-15-57-4 = 0.182,4-17-57-4 = 0.818,4-17-15-28-4 = 0.182,5-25-9-19-37-7 = 0.091,4-45-20-44-43-4 = 0.273,4-51-46-43-4 = 0.182,4-41-50-16-5 = 1.0,8-27-53-8 = 1.0,5-25-9-51-13-5 = 0.091,5-58-49-10-46-5 = 0.364,,,,,,,,,,,,,
353,351,735.584,0,0.829,0,Prune by CG,,4-22-4 = 1.0,8-33-8 = 0.5,8-39-8 = 0.5,5-42-5 = 1.0,7-36-26-7 = 0.125,7-21-52-29-7 = 0.125,7-48-24-30-7 = 1.0,7-31-52-54-5 = 0.125,7-21-26-36-7 = 0.125,8-40-28-15-4 = 0.5,7-52-29-37-7 = 0.75,7-31-21-26-36-7 = 0.75,8-33-23-39-8 = 0.5,8-12-47-11-8 = 1.0,7-31-29-19-37-7 = 0.125,8-45-20-40-23-8 = 0.5,5-18-54-34-13-5 = 0.125,5-35-38-5 = 1.0,5-56-55-32-5 = 1.0,5-18-54-13-14-5 = 0.75,5-25-9-51-44-4 = 0.5,5-25-9-46-14-5 = 0.25,5-34-58-10-49-19-8 = 0.5,4-28-15-4 = 0.5,4-17-57-4 = 1.0,5-25-9-19-37-7 = 0.125,4-45-20-44-43-4 = 0.5,4-51-46-43-4 = 0.5,4-41-50-16-5 = 1.0,5-34-58-10-49-19-5 = 0.25,8-27-53-8 = 1.0,5-58-49-10-46-5 = 0.25,5-18-25-9-34-13-5 = 0.125,,,,,,,,,,,,,,,,,
354,351,734.976,8.108,0.221,0.108,355,356,4-22-4 = 1.0,8-33-8 = 0.527,8-39-8 = 0.527,5-42-5 = 1.0,7-31-52-29-19-7 = 0.129,7-31-52-37-7 = 0.032,7-48-24-30-7 = 1.0,7-31-52-54-5 = 0.097,7-21-26-36-7 = 0.387,7-52-29-37-7 = 0.742,8-12-46-13-5 = 0.011,7-31-21-26-36-7 = 0.613,8-33-23-39-8 = 0.473,8-12-47-11-8 = 0.989,8-40-44-51-43-4 = 0.473,7-31-29-19-37-7 = 0.129,8-45-20-44-43-4 = 0.258,8-51-46-43-4 = 0.172,8-45-20-40-23-8 = 0.247,5-18-54-34-13-5 = 0.355,5-35-38-5 = 1.0,5-56-55-32-5 = 1.0,5-18-54-13-14-5 = 0.548,5-18-25-9-43-4 = 0.097,5-25-9-46-47-4 = 0.011,5-25-9-51-44-4 = 0.269,5-25-9-46-14-5 = 0.452,5-34-58-10-49-19-8 = 0.645,4-28-15-4 = 0.57,4-15-57-4 = 0.215,4-17-57-4 = 0.785,4-17-15-28-4 = 0.215,5-25-9-19-37-7 = 0.086,4-45-20-28-4 = 0.215,4-45-20-40-23-8 = 0.28,4-41-50-16-5 = 1.0,8-27-53-8 = 1.0,5-25-9-51-13-5 = 0.086,5-58-49-10-46-5 = 0.355,8-11-19-37-7 = 0.011,,,,,,,,,,
355,354,741.276,0,6.3,0,Prune by CG,,4-22-4 = 1.0,8-33-8 = 0.35,8-39-8 = 0.35,5-42-5 = 1.0,7-36-26-7 = 0.1,7-31-52-29-19-8 = 0.2,7-48-24-30-7 = 1.0,7-21-54-14-5 = 0.1,7-31-52-54-5 = 0.1,7-21-26-36-7 = 0.8,7-52-29-37-7 = 0.1,7-31-21-26-36-7 = 0.1,8-33-23-39-8 = 0.45,8-33-39-8 = 0.2,8-12-47-11-8 = 1.0,8-40-44-51-43-4 = 0.5,8-45-20-44-43-4 = 0.25,7-31-52-29-14-5 = 0.6,5-41-50-16-5 = 0.25,5-18-54-34-13-5 = 0.5,5-35-38-5 = 1.0,5-56-55-32-5 = 1.0,5-18-54-13-14-5 = 0.3,5-51-46-43-4 = 0.05,5-34-51-44-15-4 = 0.25,5-34-13-51-43-4 = 0.2,4-28-15-4 = 0.75,4-17-57-4 = 1.0,5-25-9-19-37-7 = 0.8,4-45-20-28-4 = 0.25,5-34-58-10-49-23-8 = 0.05,4-45-20-40-23-8 = 0.5,4-41-50-16-5 = 0.75,8-27-53-8 = 1.0,5-58-49-10-46-5 = 0.95,5-18-25-9-37-7 = 0.1,5-18-25-9-29-7 = 0.1,,,,,,,,,,,,,
356,354,735.095,0,0.119,0,Prune by CG,,4-22-4 = 1.0,8-33-8 = 0.525,8-39-8 = 0.525,5-42-5 = 1.0,7-31-52-29-19-7 = 0.088,7-48-24-30-7 = 1.0,7-31-52-54-5 = 0.113,7-21-26-36-7 = 0.303,7-52-29-37-7 = 0.798,7-31-21-26-36-7 = 0.697,8-33-23-39-8 = 0.475,8-12-44-15-4 = 0.088,8-12-47-11-8 = 0.899,8-40-44-51-43-4 = 0.475,7-31-29-19-37-7 = 0.101,8-45-20-44-43-4 = 0.218,8-51-46-43-4 = 0.181,8-45-20-40-23-8 = 0.118,5-18-54-34-13-5 = 0.303,5-35-38-5 = 1.0,5-56-55-32-5 = 1.0,5-18-54-13-14-5 = 0.571,5-18-25-9-43-4 = 0.126,5-25-9-46-47-4 = 0.101,5-25-9-51-44-4 = 0.218,5-25-9-46-14-5 = 0.429,5-34-58-10-49-19-8 = 0.655,4-28-15-4 = 0.576,4-15-57-4 = 0.168,4-17-57-4 = 0.832,4-17-15-28-4 = 0.168,4-45-20-28-4 = 0.256,5-54-58-49-19-8 = 0.013,4-45-20-40-23-8 = 0.408,4-41-50-16-5 = 1.0,5-34-58-10-49-19-5 = 0.042,8-27-53-8 = 1.0,5-25-9-51-13-5 = 0.126,5-58-49-10-46-5 = 0.29,8-11-19-37-7 = 0.101,8-12-10-29-7 = 0.013,,,,,,,,,
123,121,736.002,5.098,2.285,0.734,Prune by UB,,4-22-4 = 1.0,5-42-5 = 1.0,7-36-26-7 = 0.268,7-31-52-29-19-8 = 0.512,7-31-52-37-7 = 0.244,7-48-37-7 = 0.024,7-24-30-7 = 0.024,7-48-24-30-7 = 0.976,7-21-26-36-7 = 0.732,7-52-29-37-7 = 0.244,8-33-39-8 = 1.0,8-12-51-44-4 = 0.049,8-12-47-11-8 = 0.683,8-12-9-58-51-4 = 0.049,8-10-58-51-47-4 = 0.098,7-31-29-19-37-7 = 0.244,8-25-51-43-4 = 0.317,5-35-56-21-7 = 0.268,5-35-56-38-5 = 0.732,5-18-54-34-13-5 = 1.0,5-32-55-14-5 = 1.0,5-25-9-44-43-4 = 0.683,8-49-10-51-44-4 = 0.268,8-49-10-58-46-4 = 0.634,8-49-58-51-46-4 = 0.098,4-15-28-4 = 1.0,4-17-57-4 = 1.0,5-9-46-19-37-7 = 0.049,4-45-20-40-23-8 = 1.0,4-41-50-16-5 = 1.0,4-12-47-11-8 = 0.22,4-9-46-19-37-7 = 0.098,5-42-38-5 = 0.268,8-27-53-8 = 1.0,8-11-19-37-7 = 0.098,8-9-58-51-46-4 = 0.122,,,,,,,,,,,,,,
20,17,735.26,7.333,2.703,0.609,Prune by UB,,4-22-4 = 1.0,8-33-8 = 0.25,8-39-8 = 0.333,5-42-5 = 1.0,7-36-26-7 = 0.167,7-31-52-29-19-8 = 0.5,7-48-24-30-7 = 1.0,7-21-26-36-7 = 0.5,7-31-9-46-43-4 = 0.167,7-52-29-37-7 = 0.5,7-31-21-26-36-7 = 0.333,8-33-23-39-8 = 0.083,8-33-39-8 = 0.583,8-33-40-11-8 = 0.083,8-12-47-11-8 = 0.833,5-41-50-16-5 = 0.5,5-35-56-21-7 = 0.167,5-18-54-34-13-5 = 1.0,5-32-55-14-5 = 0.167,5-38-50-16-5 = 0.083,5-38-41-57-4 = 0.083,5-35-38-5 = 0.833,5-56-55-32-5 = 0.833,5-25-58-51-14-5 = 0.667,5-25-9-58-46-4 = 0.333,8-49-10-46-47-4 = 0.167,8-49-10-44-43-4 = 0.833,4-15-28-4 = 0.917,4-17-57-4 = 0.917,4-17-15-28-4 = 0.083,8-9-46-19-37-7 = 0.333,4-45-20-40-23-8 = 0.917,4-41-50-16-5 = 0.417,4-45-20-11-8 = 0.083,8-27-53-8 = 1.0,8-12-9-51-14-5 = 0.167,4-44-51-19-37-7 = 0.167,,,,,,,,,,,,,
94,92,734.698,8.493,0.91,1.493,357,358,4-22-4 = 1.0,8-33-8 = 0.442,8-39-8 = 0.442,5-42-5 = 1.0,7-31-52-29-19-8 = 0.5,7-31-52-37-7 = 0.174,7-48-24-30-7 = 1.0,7-21-26-36-7 = 0.674,7-52-29-37-7 = 0.326,7-31-21-26-36-7 = 0.326,8-33-23-39-8 = 0.558,8-12-47-11-8 = 0.652,8-40-44-51-43-4 = 0.341,8-40-49-46-43-4 = 0.217,5-35-38-5 = 1.0,5-56-55-32-5 = 1.0,5-18-54-13-14-5 = 0.58,5-18-25-54-5 = 0.348,5-18-25-9-51-5 = 0.072,5-54-34-13-14-5 = 0.072,5-25-9-46-47-8 = 0.051,5-34-51-44-43-4 = 0.174,5-34-58-46-15-4 = 0.21,5-34-58-10-46-4 = 0.217,8-49-10-46-47-4 = 0.297,8-49-10-51-44-4 = 0.217,8-49-10-44-43-4 = 0.268,4-15-28-4 = 0.79,4-17-57-4 = 1.0,5-34-58-29-19-37-7 = 0.174,5-25-9-19-37-7 = 0.326,4-45-20-28-4 = 0.21,4-12-9-58-51-4 = 0.196,5-25-9-58-13-14-5 = 0.196,4-45-20-40-23-8 = 0.442,4-41-50-16-5 = 1.0,4-45-20-11-8 = 0.348,8-27-53-8 = 1.0,5-25-9-58-46-5 = 0.007,4-12-9-34-13-14-5 = 0.152,,,,,,,,,,
357,94,736.181,0,1.484,0,Prune by CG,,4-22-4 = 1.0,8-33-8 = 0.3,8-39-8 = 0.3,5-42-5 = 1.0,7-31-52-29-19-7 = 0.1,7-31-52-29-19-8 = 0.4,7-31-52-37-7 = 0.1,7-48-24-30-7 = 1.0,7-21-26-36-7 = 0.7,7-52-29-37-7 = 0.4,7-31-21-26-36-7 = 0.3,8-33-23-39-8 = 0.2,8-33-39-8 = 0.5,8-12-47-11-8 = 0.8,7-31-29-19-37-7 = 0.1,8-40-49-46-43-4 = 0.2,5-35-38-5 = 1.0,5-56-55-32-5 = 1.0,5-18-54-13-14-5 = 0.4,5-18-25-54-5 = 0.4,5-54-34-13-14-5 = 0.2,5-18-34-51-15-4 = 0.2,5-34-51-44-43-4 = 0.4,8-49-10-46-47-4 = 0.2,8-49-10-51-44-4 = 0.2,8-49-10-44-43-4 = 0.4,4-28-15-4 = 0.8,4-17-57-4 = 1.0,5-34-46-19-37-7 = 0.2,4-45-20-28-4 = 0.2,4-12-9-58-51-4 = 0.2,5-25-9-58-13-14-5 = 0.4,4-45-20-40-23-8 = 0.8,4-41-50-16-5 = 1.0,8-27-53-8 = 1.0,5-25-9-58-46-5 = 0.2,8-11-19-37-7 = 0.2,5-9-58-10-46-4 = 0.2,,,,,,,,,,,,
358,94,735.926,0,1.229,0,Prune by CG,,4-22-4 = 1.0,8-33-8 = 0.351,8-39-8 = 0.351,5-42-5 = 1.0,7-36-26-7 = 0.105,7-31-52-29-19-8 = 0.342,7-21-52-29-7 = 0.105,7-48-24-30-7 = 1.0,7-31-52-54-5 = 0.211,7-21-26-36-7 = 0.553,7-31-9-46-43-4 = 0.105,7-52-29-37-7 = 0.342,7-31-21-26-36-7 = 0.342,8-33-23-39-8 = 0.36,8-33-39-8 = 0.289,8-12-47-11-8 = 0.842,8-40-44-51-43-4 = 0.219,8-40-49-46-43-4 = 0.14,5-35-38-5 = 1.0,5-56-55-32-5 = 1.0,5-18-54-13-14-5 = 0.684,5-18-25-54-5 = 0.105,5-18-25-9-51-5 = 0.211,5-25-9-46-47-8 = 0.079,5-34-58-46-15-4 = 0.167,5-34-58-10-46-4 = 0.43,5-34-58-51-15-4 = 0.035,8-49-10-46-47-4 = 0.079,8-49-10-51-44-4 = 0.246,8-49-10-44-43-4 = 0.246,8-49-51-44-43-4 = 0.289,4-28-15-4 = 0.798,4-17-57-4 = 1.0,5-34-58-29-19-37-7 = 0.211,5-25-9-19-37-7 = 0.447,4-45-20-28-4 = 0.202,4-45-20-40-23-8 = 0.64,4-41-50-16-5 = 1.0,4-45-20-11-8 = 0.158,8-27-53-8 = 1.0,5-25-58-13-14-5 = 0.158,4-12-9-34-13-14-5 = 0.158,,,,,,,,
249,246,734.696,8.5,1.073,0.5,359,360,4-22-4 = 1.0,5-38-5 = 0.25,8-39-8 = 0.5,5-42-5 = 1.0,7-31-52-29-19-8 = 0.5,7-48-24-30-7 = 1.0,7-21-26-36-7 = 0.5,8-53-27-8 = 1.0,7-52-29-37-7 = 0.5,7-31-21-26-36-7 = 0.5,8-33-23-39-8 = 0.5,8-40-44-51-43-4 = 0.5,5-35-56-14-5 = 0.25,5-18-54-34-13-5 = 0.5,5-32-55-14-5 = 0.25,5-35-38-5 = 0.75,5-56-55-32-5 = 0.75,5-18-25-9-51-4 = 0.5,5-54-34-13-14-5 = 0.5,8-49-10-58-46-4 = 1.0,4-15-28-4 = 0.75,4-17-57-4 = 1.0,5-25-9-19-37-7 = 0.5,4-45-20-28-4 = 0.25,4-45-20-44-43-4 = 0.5,4-41-50-16-5 = 1.0,4-12-47-11-8 = 1.0,4-45-20-15-4 = 0.25,8-33-40-23-8 = 0.5,,,,,,,,,,,,,,,,,,,,,
359,249,736.958,0,2.262,0,Prune by CG,,4-22-4 = 1.0,8-33-8 = 0.265,5-38-5 = 0.353,8-39-8 = 0.529,5-42-5 = 1.0,7-31-52-29-19-8 = 0.5,7-48-24-30-7 = 1.0,7-21-26-36-7 = 0.5,7-52-29-37-7 = 0.5,7-31-21-26-36-7 = 0.5,8-33-23-11-8 = 0.265,8-33-23-39-8 = 0.471,8-40-44-51-43-4 = 0.882,5-35-56-14-5 = 0.353,5-18-54-34-13-5 = 0.765,5-32-55-14-5 = 0.353,5-35-38-5 = 0.647,5-56-55-32-5 = 0.647,5-18-54-13-14-5 = 0.059,5-18-25-9-51-4 = 0.059,5-54-34-13-14-5 = 0.118,5-25-9-46-47-8 = 0.382,5-18-54-34-14-5 = 0.059,5-34-13-51-15-4 = 0.059,8-49-10-58-46-4 = 0.5,8-49-10-58-15-4 = 0.441,8-49-58-46-15-4 = 0.059,4-17-57-4 = 1.0,4-12-44-43-4 = 0.118,5-25-9-19-37-7 = 0.5,4-45-20-28-4 = 0.618,4-20-40-11-8 = 0.118,4-41-50-16-5 = 1.0,4-12-47-11-8 = 0.618,4-45-28-15-4 = 0.382,8-27-53-8 = 1.0,4-20-12-23-8 = 0.265,4-9-10-46-14-5 = 0.059,5-18-25-15-4 = 0.059,,,,,,,,,,,
360,249,735.581,0,0.885,0,Prune by CG,,4-22-4 = 0.667,5-38-5 = 0.167,8-39-8 = 0.667,5-42-5 = 1.0,7-31-52-29-19-7 = 0.167,7-31-52-29-19-8 = 0.333,7-31-52-37-7 = 0.167,7-48-24-30-7 = 1.0,7-21-26-36-7 = 0.833,7-52-29-37-7 = 0.333,7-31-21-26-36-7 = 0.167,8-33-23-39-8 = 0.333,8-40-44-51-43-4 = 0.333,7-31-29-19-37-7 = 0.167,5-35-56-14-5 = 0.167,5-18-54-34-13-5 = 0.333,5-32-55-14-5 = 0.167,5-35-38-5 = 0.833,5-56-55-32-5 = 0.833,5-18-25-9-51-4 = 0.667,5-54-34-13-14-5 = 0.667,8-49-10-58-46-4 = 1.0,4-15-28-4 = 1.0,4-17-57-4 = 1.0,5-25-9-19-37-7 = 0.333,4-45-20-44-43-4 = 0.667,4-41-50-16-5 = 1.0,4-12-47-11-8 = 1.0,4-45-20-22-4 = 0.333,8-27-53-8 = 1.0,8-33-40-23-8 = 0.667,,,,,,,,,,,,,,,,,,,
3,1,730.995,6.5,1.237,-1.556,361,362,4-22-4 = 1.0,8-33-8 = 0.25,8-39-8 = 0.25,5-42-5 = 1.0,7-31-52-29-19-8 = 0.5,7-48-24-30-7 = 1.0,7-21-26-36-7 = 0.5,7-52-29-37-7 = 0.5,7-31-21-26-36-7 = 0.5,8-33-39-8 = 0.75,8-12-47-11-8 = 1.0,8-10-49-19-37-7 = 0.5,8-45-20-40-23-8 = 0.25,5-18-54-34-13-5 = 0.5,5-35-38-5 = 1.0,5-56-55-32-5 = 1.0,5-18-54-13-14-5 = 0.5,5-25-9-51-44-4 = 0.75,5-34-58-46-43-4 = 0.5,8-49-10-51-44-4 = 0.25,4-28-15-4 = 1.0,4-17-57-4 = 1.0,4-45-20-40-23-8 = 0.75,4-41-50-16-5 = 1.0,8-49-10-46-14-5 = 0.25,8-27-53-8 = 1.0,8-9-58-46-43-4 = 0.25,5-25-58-43-14-5 = 0.25,,,,,,,,,,,,,,,,,,,,,,
362,3,731.15,7,0.154,0.5,363,364,4-22-4 = 1.0,8-33-8 = 0.25,8-39-8 = 0.25,5-42-5 = 1.0,7-31-52-29-19-8 = 0.5,7-48-24-30-7 = 1.0,7-21-26-36-7 = 0.5,7-52-29-37-7 = 0.5,7-31-21-26-36-7 = 0.5,8-33-39-8 = 0.75,8-12-47-11-8 = 1.0,8-10-49-19-37-7 = 0.5,8-45-20-40-23-8 = 0.5,5-18-54-34-13-5 = 0.5,5-35-38-5 = 1.0,5-56-55-32-5 = 1.0,5-18-54-13-14-5 = 0.5,5-25-9-51-44-4 = 0.75,5-25-9-58-43-4 = 0.25,5-34-58-46-43-4 = 0.5,4-28-15-4 = 1.0,4-17-57-4 = 1.0,4-44-58-51-43-4 = 0.25,4-45-20-40-23-8 = 0.5,4-41-50-16-5 = 1.0,8-49-10-46-14-5 = 0.5,8-27-53-8 = 1.0,,,,,,,,,,,,,,,,,,,,,,,
363,362,731.856,5.522,0.706,-1.478,365,366,4-22-4 = 1.0,8-33-8 = 0.087,5-38-5 = 0.043,8-39-8 = 0.087,5-42-5 = 1.0,7-21-55-14-5 = 0.043,7-36-26-7 = 0.087,7-31-52-29-19-7 = 0.435,7-31-52-37-7 = 0.217,7-21-32-14-5 = 0.043,7-48-24-30-7 = 1.0,7-21-26-36-7 = 0.913,7-31-58-51-43-4 = 0.13,7-52-29-37-7 = 0.348,7-31-29-19-11-8 = 0.13,8-33-39-8 = 0.913,8-12-44-15-4 = 0.065,8-12-44-28-4 = 0.065,8-12-47-11-8 = 0.87,7-31-29-19-37-7 = 0.087,8-10-49-19-37-7 = 0.348,5-35-56-14-5 = 0.043,5-18-54-34-13-5 = 0.522,5-35-38-5 = 0.957,5-56-55-32-5 = 0.957,5-18-54-13-14-5 = 0.478,5-25-9-51-44-4 = 0.674,5-25-9-58-43-4 = 0.326,5-34-58-46-43-4 = 0.478,8-49-10-46-47-4 = 0.13,8-49-10-51-44-4 = 0.13,4-28-15-4 = 0.935,4-17-57-4 = 1.0,4-44-58-51-43-4 = 0.065,4-45-20-40-23-8 = 1.0,4-41-50-16-5 = 1.0,8-49-10-46-14-5 = 0.391,8-27-53-8 = 1.0,,,,,,,,,,,,
366,363,731.91,5.522,0.054,0,367,368,4-22-4 = 1.0,8-33-8 = 0.087,5-38-5 = 0.043,8-39-8 = 0.087,5-42-5 = 1.0,7-21-55-14-5 = 0.043,7-36-26-7 = 0.087,7-31-52-29-19-7 = 0.435,7-31-52-37-7 = 0.217,7-21-32-14-5 = 0.043,7-48-24-30-7 = 1.0,7-21-26-36-7 = 0.913,7-31-58-51-43-4 = 0.13,7-52-29-37-7 = 0.348,7-31-29-19-11-8 = 0.13,8-33-39-8 = 0.913,8-12-44-15-4 = 0.065,8-12-44-28-4 = 0.065,8-12-47-11-8 = 0.87,7-31-29-19-37-7 = 0.087,8-10-49-19-37-7 = 0.348,5-35-56-14-5 = 0.043,5-18-54-34-13-5 = 0.522,5-35-38-5 = 0.957,5-56-55-32-5 = 0.957,5-18-54-13-14-5 = 0.478,5-25-9-51-44-4 = 0.674,5-25-9-58-43-4 = 0.261,5-34-58-46-43-4 = 0.478,8-49-10-46-47-4 = 0.13,8-49-10-51-44-4 = 0.196,4-28-15-4 = 0.935,4-17-57-4 = 1.0,4-9-58-46-43-4 = 0.065,4-45-20-40-23-8 = 1.0,4-41-50-16-5 = 1.0,8-49-10-46-14-5 = 0.326,8-27-53-8 = 1.0,5-25-58-43-14-5 = 0.065,,,,,,,,,,,
368,366,732.028,5.826,0.118,0.304,369,370,4-22-4 = 1.0,8-33-8 = 0.087,5-38-5 = 0.043,8-39-8 = 0.087,5-42-5 = 1.0,7-21-55-14-5 = 0.043,7-36-26-7 = 0.087,7-31-52-29-19-7 = 0.435,7-31-52-37-7 = 0.217,7-21-32-14-5 = 0.043,7-48-24-30-7 = 1.0,7-21-26-36-7 = 0.913,7-31-58-51-43-4 = 0.13,7-52-29-37-7 = 0.348,7-31-29-19-11-8 = 0.13,8-33-39-8 = 0.913,8-12-44-15-4 = 0.065,8-12-44-28-4 = 0.065,8-12-47-11-8 = 0.87,7-31-29-19-37-7 = 0.087,8-10-49-19-37-7 = 0.348,5-35-56-14-5 = 0.043,5-18-54-34-13-5 = 0.522,5-35-38-5 = 0.957,5-56-55-32-5 = 0.957,5-18-54-13-14-5 = 0.478,5-25-9-51-44-4 = 0.348,5-25-9-46-14-5 = 0.326,5-25-9-58-43-4 = 0.261,5-34-58-46-43-4 = 0.478,8-49-10-46-47-4 = 0.13,8-49-10-51-44-4 = 0.522,4-28-15-4 = 0.935,4-17-57-4 = 1.0,4-9-58-46-43-4 = 0.065,4-45-20-40-23-8 = 1.0,4-41-50-16-5 = 1.0,8-27-53-8 = 1.0,5-25-58-43-14-5 = 0.065,,,,,,,,,,,
370,368,732.105,5.778,0.077,-0.048,371,372,4-22-4 = 1.0,8-33-8 = 0.111,8-39-8 = 0.111,5-42-5 = 1.0,7-21-55-14-5 = 0.056,7-36-26-7 = 0.111,7-31-52-29-19-7 = 0.444,7-31-52-37-7 = 0.222,7-21-32-14-5 = 0.056,7-48-24-30-7 = 1.0,7-21-26-36-7 = 0.889,7-31-58-51-43-4 = 0.111,7-52-29-37-7 = 0.333,7-31-29-19-11-8 = 0.111,8-33-39-8 = 0.889,8-12-44-15-4 = 0.056,8-12-44-28-4 = 0.056,8-12-47-11-8 = 0.889,7-31-29-19-37-7 = 0.111,8-10-49-19-37-7 = 0.333,5-35-56-38-5 = 0.056,5-18-54-34-13-5 = 0.5,5-35-38-5 = 0.944,5-56-55-32-5 = 0.944,5-18-54-13-14-5 = 0.5,5-25-9-51-44-4 = 0.278,5-25-9-46-14-5 = 0.389,5-25-9-58-43-4 = 0.278,5-34-58-46-43-4 = 0.5,8-49-10-46-47-4 = 0.056,8-49-10-51-44-4 = 0.611,4-28-15-4 = 0.944,4-17-57-4 = 1.0,5-25-58-47-43-4 = 0.056,4-9-58-46-43-4 = 0.056,4-45-20-40-23-8 = 1.0,4-41-50-16-5 = 1.0,8-27-53-8 = 1.0,,,,,,,,,,,,
371,370,736.768,0,4.663,0,Prune by CG,,4-22-4 = 1.0,5-38-5 = 0.071,8-39-8 = 0.357,5-42-5 = 1.0,7-36-26-7 = 1.0,7-21-52-29-7 = 1.0,7-48-24-30-7 = 1.0,7-31-58-51-43-4 = 1.0,8-33-23-39-8 = 0.357,8-33-39-8 = 0.286,8-33-40-11-8 = 0.357,8-12-44-15-4 = 0.286,8-12-44-28-4 = 0.429,8-12-47-11-8 = 0.286,8-10-49-19-37-7 = 1.0,5-35-56-14-5 = 0.357,5-18-54-34-13-5 = 1.0,5-32-55-14-5 = 0.357,5-38-50-16-5 = 0.143,5-38-41-57-4 = 0.143,5-35-38-5 = 0.643,5-56-55-32-5 = 0.643,5-25-9-46-47-8 = 0.714,5-25-9-46-14-5 = 0.286,4-15-57-4 = 0.143,4-17-57-4 = 0.714,4-17-15-28-4 = 0.286,4-45-20-40-23-8 = 0.643,4-41-50-16-5 = 0.857,4-45-20-11-8 = 0.357,8-27-53-8 = 1.0,4-44-28-15-4 = 0.286,,,,,,,,,,,,,,,,,,
372,370,732.158,5.591,0.053,-0.187,373,374,4-22-4 = 1.0,8-33-8 = 0.068,8-39-8 = 0.068,5-42-5 = 1.0,7-21-55-14-5 = 0.068,7-36-26-7 = 0.182,7-31-52-29-19-7 = 0.455,7-31-52-37-7 = 0.273,7-21-32-14-5 = 0.068,7-48-24-30-7 = 1.0,7-21-54-14-5 = 0.045,7-21-26-36-7 = 0.818,7-52-29-37-7 = 0.273,8-12-46-13-5 = 0.045,7-31-29-19-11-8 = 0.091,8-33-39-8 = 0.932,8-12-44-15-4 = 0.023,8-12-44-28-4 = 0.023,8-12-47-11-8 = 0.909,7-31-29-19-37-7 = 0.182,8-10-49-19-37-7 = 0.273,5-35-56-38-5 = 0.068,5-18-54-34-13-5 = 0.477,5-35-38-5 = 0.932,5-56-55-32-5 = 0.932,5-18-54-13-14-5 = 0.477,5-18-58-51-43-4 = 0.045,5-25-9-51-44-4 = 0.273,5-25-9-46-14-5 = 0.341,5-25-9-58-43-4 = 0.341,5-34-58-46-43-4 = 0.523,8-49-10-46-47-4 = 0.045,8-49-10-51-44-4 = 0.682,4-28-15-4 = 0.977,4-17-57-4 = 1.0,5-25-58-47-43-4 = 0.045,4-9-58-46-43-4 = 0.045,4-45-20-40-23-8 = 1.0,4-41-50-16-5 = 1.0,8-27-53-8 = 1.0,,,,,,,,,,
374,372,736.1,0,3.941,0,Prune by CG,,4-22-4 = 1.0,8-33-8 = 0.167,8-39-8 = 0.167,5-42-5 = 1.0,7-31-52-29-19-7 = 0.333,7-31-52-37-7 = 0.333,7-48-24-30-7 = 1.0,7-21-26-36-7 = 1.0,7-52-29-37-7 = 0.333,7-31-29-19-11-8 = 0.333,8-33-39-8 = 0.833,8-12-44-28-4 = 0.333,8-12-47-11-8 = 0.667,8-10-49-19-37-7 = 0.333,5-35-56-14-5 = 0.5,5-18-54-34-13-5 = 0.667,5-32-55-14-5 = 0.5,5-38-50-16-5 = 0.167,5-38-41-57-4 = 0.167,5-35-38-5 = 0.5,5-56-55-32-5 = 0.5,5-18-25-54-5 = 0.333,5-25-9-51-44-4 = 0.333,5-34-13-51-15-4 = 0.333,8-49-10-46-47-4 = 0.333,8-49-10-51-44-4 = 0.333,4-28-15-4 = 0.5,4-17-57-4 = 0.833,4-17-15-28-4 = 0.167,4-9-58-46-43-4 = 0.667,4-45-20-40-23-8 = 1.0,4-41-50-16-5 = 0.833,5-42-38-5 = 0.167,8-27-53-8 = 1.0,4-25-58-43-4 = 0.333,,,,,,,,,,,,,,,
373,372,732.223,5.591,0.065,0,375,376,4-22-4 = 1.0,8-33-8 = 0.068,8-39-8 = 0.068,5-42-5 = 1.0,7-21-55-14-5 = 0.068,7-36-26-7 = 0.182,7-31-52-29-19-7 = 0.455,7-31-52-37-7 = 0.273,7-21-32-14-5 = 0.068,7-48-24-30-7 = 1.0,7-21-54-14-5 = 0.045,7-21-26-36-7 = 0.818,7-52-29-37-7 = 0.273,8-12-46-13-5 = 0.045,7-31-29-19-11-8 = 0.091,8-33-39-8 = 0.932,8-12-44-15-4 = 0.023,8-12-44-28-4 = 0.023,8-12-47-11-8 = 0.909,7-31-29-19-37-7 = 0.182,8-10-49-19-37-7 = 0.227,5-35-56-38-5 = 0.068,5-18-54-34-13-5 = 0.477,5-35-38-5 = 0.932,5-56-55-32-5 = 0.932,5-18-54-13-14-5 = 0.477,5-18-58-51-43-4 = 0.045,5-25-9-51-44-4 = 0.227,5-25-9-46-14-5 = 0.341,5-25-9-58-43-4 = 0.432,5-34-58-46-43-4 = 0.523,8-49-10-46-47-4 = 0.091,8-49-10-51-44-4 = 0.682,4-28-15-4 = 0.977,4-17-57-4 = 1.0,4-45-20-40-23-8 = 1.0,4-41-50-16-5 = 1.0,8-27-53-8 = 1.0,4-44-51-19-37-7 = 0.045,,,,,,,,,,,
376,373,737.755,0,5.532,0,Prune by CG,,4-22-4 = 1.0,8-33-8 = 0.346,8-39-8 = 0.346,5-42-5 = 1.0,7-48-24-30-7 = 1.0,7-52-29-37-7 = 1.0,8-12-46-19-8 = 0.231,7-31-21-26-36-7 = 1.0,8-33-39-8 = 0.654,8-12-10-19-8 = 0.077,8-12-47-11-8 = 0.538,5-18-54-34-13-5 = 0.269,5-35-38-5 = 1.0,5-56-55-32-5 = 1.0,5-18-54-13-14-5 = 0.5,5-54-34-13-14-5 = 0.231,5-18-25-9-49-19-8 = 0.077,5-25-9-46-14-5 = 0.269,5-25-9-58-43-4 = 0.346,5-34-58-46-43-4 = 0.5,8-49-10-51-44-4 = 0.769,4-28-15-4 = 0.846,4-15-57-4 = 0.077,4-17-57-4 = 0.923,4-17-15-28-4 = 0.077,5-25-58-47-43-4 = 0.154,4-45-20-28-4 = 0.077,4-45-20-40-23-8 = 0.846,4-41-50-16-5 = 1.0,8-27-53-8 = 1.0,5-18-25-9-49-19-5 = 0.154,8-9-10-51-44-4 = 0.154,8-23-47-19-11-8 = 0.154,8-40-47-19-11-8 = 0.154,4-45-20-44-51-5 = 0.077,8-12-19-11-8 = 0.154,,,,,,,,,,,,,,
375,373,732.409,5.083,0.186,-0.508,377,378,4-22-4 = 1.0,8-33-8 = 0.042,8-39-8 = 0.042,5-42-5 = 1.0,7-21-55-14-5 = 0.083,7-36-26-7 = 0.25,7-31-52-29-19-7 = 0.5,7-31-52-37-7 = 0.25,7-21-32-14-5 = 0.083,7-48-24-30-7 = 1.0,7-21-9-46-13-5 = 0.083,7-21-26-36-7 = 0.75,7-52-29-37-7 = 0.25,8-33-39-8 = 0.958,8-12-47-11-8 = 1.0,7-31-29-19-37-7 = 0.25,8-10-49-19-37-7 = 0.25,5-35-56-38-5 = 0.083,5-18-54-34-13-5 = 0.375,5-35-38-5 = 0.917,5-56-55-32-5 = 0.917,5-18-54-13-14-5 = 0.542,5-18-25-54-5 = 0.083,5-25-9-51-44-4 = 0.25,5-25-9-46-14-5 = 0.292,5-25-9-58-43-4 = 0.375,5-34-58-46-43-4 = 0.625,8-49-10-51-44-4 = 0.75,4-28-15-4 = 1.0,4-17-57-4 = 1.0,4-45-20-40-23-8 = 1.0,4-41-50-16-5 = 1.0,8-27-53-8 = 1.0,,,,,,,,,,,,,,,,,
378,375,735.722,0,3.313,0,Prune by CG,,4-22-4 = 1.0,8-33-8 = 0.042,8-39-8 = 0.042,5-42-5 = 1.0,7-21-55-14-5 = 0.208,7-36-26-7 = 0.5,7-31-52-29-19-7 = 0.5,7-21-32-14-5 = 0.208,7-48-24-30-7 = 1.0,7-21-9-46-13-5 = 0.083,7-52-29-37-7 = 0.5,7-31-21-26-36-7 = 0.5,8-33-39-8 = 0.958,8-12-47-11-8 = 1.0,5-35-56-38-5 = 0.208,5-18-54-34-13-5 = 0.333,5-35-38-5 = 0.792,5-25-58-43-4 = 0.083,5-56-55-32-5 = 0.792,5-18-54-13-14-5 = 0.417,5-18-25-54-5 = 0.083,5-34-58-46-43-4 = 0.5,8-49-10-51-44-4 = 0.5,4-15-28-4 = 1.0,4-17-57-4 = 1.0,5-25-49-19-37-7 = 0.5,5-25-54-14-5 = 0.167,4-45-20-40-23-8 = 1.0,4-41-50-16-5 = 1.0,8-27-53-8 = 1.0,5-18-25-34-13-5 = 0.167,8-9-10-51-44-4 = 0.5,5-9-58-46-43-4 = 0.417,,,,,,,,,,,,,,,,,
377,375,732.461,6.312,0.053,1.229,379,380,4-22-4 = 1.0,8-33-8 = 0.031,8-39-8 = 0.094,5-42-5 = 1.0,7-21-55-14-5 = 0.094,7-36-26-7 = 0.25,7-31-52-29-19-7 = 0.5,7-31-52-37-7 = 0.25,7-21-32-14-5 = 0.094,7-48-24-30-7 = 1.0,7-21-54-14-5 = 0.062,7-21-26-36-7 = 0.75,7-52-29-37-7 = 0.25,8-12-46-13-5 = 0.063,8-33-23-39-8 = 0.062,8-33-39-8 = 0.844,8-33-40-11-8 = 0.062,8-12-44-15-4 = 0.031,8-12-44-28-4 = 0.031,8-12-47-11-8 = 0.875,7-31-29-19-37-7 = 0.25,8-10-49-19-37-7 = 0.25,5-35-56-38-5 = 0.094,5-18-54-34-13-5 = 0.469,5-35-38-5 = 0.906,5-56-55-32-5 = 0.906,5-18-54-13-14-5 = 0.469,5-18-58-51-43-4 = 0.063,5-25-9-51-44-4 = 0.312,5-25-9-46-14-5 = 0.281,5-25-9-58-43-4 = 0.406,5-34-58-46-43-4 = 0.531,8-49-10-51-44-4 = 0.625,8-49-10-46-47-8 = 0.125,4-15-28-4 = 0.969,4-17-57-4 = 1.0,4-45-20-40-23-8 = 0.938,4-41-50-16-5 = 1.0,4-45-20-11-8 = 0.062,8-27-53-8 = 1.0,,,,,,,,,,
379,377,738.081,0,5.619,0,Prune by CG,,4-22-4 = 1.0,8-39-8 = 0.143,5-42-5 = 1.0,7-21-55-14-5 = 0.286,7-36-26-7 = 0.714,7-31-52-29-19-7 = 0.571,7-31-52-37-7 = 0.286,7-21-32-14-5 = 0.286,7-30-24-26-36-7 = 0.143,7-48-21-26-7 = 0.143,7-48-24-30-7 = 0.857,7-21-54-14-5 = 0.143,7-52-29-37-7 = 0.143,8-12-46-13-5 = 0.143,8-33-23-39-8 = 0.143,8-33-39-8 = 0.714,8-33-40-11-8 = 0.143,8-12-47-11-8 = 0.714,8-10-49-19-37-7 = 0.429,7-31-29-46-14-5 = 0.143,5-35-56-21-7 = 0.143,5-35-56-36-7 = 0.143,5-18-54-34-13-5 = 0.857,5-38-50-16-5 = 0.143,5-38-41-57-4 = 0.143,5-35-38-5 = 0.714,5-56-55-32-5 = 0.714,5-18-58-51-43-4 = 0.143,5-25-9-51-44-4 = 0.571,5-25-9-58-43-4 = 0.429,5-34-58-46-43-4 = 0.143,8-49-10-51-44-4 = 0.286,4-15-28-4 = 0.857,4-17-57-4 = 0.857,4-17-15-28-4 = 0.143,4-45-20-40-23-8 = 0.857,4-41-50-16-5 = 0.857,4-45-20-11-8 = 0.143,8-27-53-8 = 1.0,8-12-46-29-7 = 0.143,7-49-10-46-14-5 = 0.143,4-44-10-49-37-7 = 0.143,5-58-46-47-43-4 = 0.286,,,,,,,
380,377,732.831,4.25,0.369,-2.062,381,382,4-22-4 = 1.0,8-33-8 = 0.125,8-39-8 = 0.125,5-42-5 = 1.0,7-31-52-29-19-7 = 0.5,7-31-52-37-7 = 0.25,7-48-24-30-7 = 1.0,7-21-26-36-7 = 1.0,7-25-9-51-44-4 = 0.25,7-52-29-37-7 = 0.25,8-33-39-8 = 0.875,8-12-47-11-8 = 1.0,7-31-29-19-37-7 = 0.25,8-10-49-19-37-7 = 0.25,5-18-54-34-13-5 = 0.375,5-35-38-5 = 1.0,5-56-55-32-5 = 1.0,5-18-54-13-14-5 = 0.625,5-25-9-46-14-5 = 0.375,5-25-9-58-43-4 = 0.375,5-34-58-46-43-4 = 0.625,8-49-10-51-44-4 = 0.75,4-15-28-4 = 1.0,4-17-57-4 = 1.0,4-45-20-40-23-8 = 1.0,4-41-50-16-5 = 1.0,8-27-53-8 = 1.0,,,,,,,,,,,,,,,,,,,,,,,
381,380,735.532,0,2.701,0,Prune by CG,,4-22-4 = 1.0,8-33-8 = 0.062,8-39-8 = 0.188,5-42-5 = 1.0,7-36-26-7 = 0.25,7-31-52-29-19-7 = 0.5,7-31-52-37-7 = 0.25,7-48-24-30-7 = 1.0,7-21-26-36-7 = 0.75,7-21-49-19-37-7 = 0.25,7-52-29-37-7 = 0.25,8-33-23-39-8 = 0.125,8-33-39-8 = 0.688,8-33-40-11-8 = 0.125,8-12-44-15-4 = 0.125,8-12-47-11-8 = 0.875,7-31-29-19-37-7 = 0.25,5-18-54-34-13-5 = 0.375,5-35-38-5 = 1.0,5-54-58-43-4 = 0.312,5-56-55-32-5 = 1.0,5-18-54-13-14-5 = 0.313,5-18-58-51-43-4 = 0.125,5-25-9-46-14-5 = 0.437,5-34-58-46-43-4 = 0.438,8-49-10-51-44-4 = 0.75,4-15-28-4 = 0.75,4-17-57-4 = 1.0,4-45-20-28-4 = 0.125,4-45-20-40-23-8 = 0.875,4-41-50-16-5 = 1.0,8-27-53-8 = 1.0,5-25-9-51-13-5 = 0.125,5-18-25-9-34-13-5 = 0.188,4-44-28-15-4 = 0.125,5-25-9-10-14-5 = 0.25,5-58-46-47-43-4 = 0.125,,,,,,,,,,,,,
382,380,734.432,6.75,1.602,2.5,383,384,4-22-4 = 1.0,5-38-5 = 0.125,8-39-8 = 0.125,5-42-5 = 1.0,7-31-52-29-19-7 = 0.5,7-31-52-37-7 = 0.25,7-48-24-30-7 = 1.0,7-21-26-36-7 = 1.0,7-25-9-51-44-4 = 0.25,7-52-29-37-7 = 0.25,8-12-46-13-5 = 0.25,8-33-23-39-8 = 0.125,8-33-39-8 = 0.75,8-33-40-11-8 = 0.125,8-12-47-11-8 = 0.75,7-31-29-19-37-7 = 0.25,8-10-49-19-37-7 = 0.25,5-35-56-14-5 = 0.125,5-18-54-34-13-5 = 0.25,5-32-55-14-5 = 0.125,5-35-38-5 = 0.875,5-56-55-32-5 = 0.875,5-18-54-13-14-5 = 0.5,5-18-54-34-14-5 = 0.25,5-25-9-51-44-4 = 0.25,5-25-9-58-43-4 = 0.5,5-34-58-46-43-4 = 0.5,8-49-10-51-44-4 = 0.5,8-49-10-46-47-8 = 0.25,4-15-28-4 = 1.0,4-17-57-4 = 1.0,4-45-20-40-23-8 = 0.875,4-41-50-16-5 = 1.0,4-45-20-11-8 = 0.125,8-27-53-8 = 1.0,,,,,,,,,,,,,,,
383,382,739.041,0,4.609,0,Prune by CG,,4-22-4 = 1.0,5-38-5 = 0.227,8-39-8 = 0.045,5-42-5 = 1.0,7-48-24-30-7 = 1.0,7-21-26-36-7 = 0.545,7-52-29-37-7 = 0.545,8-12-46-13-5 = 0.091,7-31-25-9-49-19-7 = 0.091,7-31-21-26-36-7 = 0.455,8-33-23-39-8 = 0.045,8-33-39-8 = 0.909,8-33-40-11-8 = 0.045,8-12-47-11-8 = 0.909,5-35-56-14-5 = 0.227,5-18-54-34-13-5 = 0.545,5-32-55-14-5 = 0.227,5-35-38-5 = 0.773,5-56-55-32-5 = 0.773,5-18-54-13-14-5 = 0.364,5-18-54-34-14-5 = 0.091,5-25-9-51-44-4 = 0.091,5-25-9-58-43-4 = 0.727,5-34-58-46-43-4 = 0.273,8-49-10-46-47-4 = 0.091,8-49-10-51-44-4 = 0.818,4-15-28-4 = 1.0,4-17-57-4 = 1.0,4-25-9-51-44-4 = 0.091,4-45-20-40-23-8 = 0.955,4-41-50-16-5 = 1.0,4-45-20-11-8 = 0.045,8-27-53-8 = 1.0,5-34-10-46-14-5 = 0.091,7-52-19-37-7 = 0.455,7-31-29-46-19-7 = 0.455,,,,,,,,,,,,,,
384,382,735.908,0,1.476,0,Prune by CG,,4-22-4 = 1.0,5-38-5 = 0.1,8-39-8 = 0.1,5-42-5 = 1.0,7-31-52-29-19-7 = 0.6,7-48-37-7 = 0.6,7-24-30-7 = 0.2,7-21-52-29-7 = 0.4,7-30-24-26-36-7 = 0.4,7-48-24-30-7 = 0.4,7-21-26-36-7 = 0.2,7-25-9-51-44-4 = 0.4,8-12-46-13-5 = 0.2,7-31-21-26-36-7 = 0.4,8-33-23-39-8 = 0.1,8-33-39-8 = 0.8,8-33-40-11-8 = 0.1,8-12-47-11-8 = 0.8,8-10-49-19-37-7 = 0.4,5-35-56-14-5 = 0.1,5-18-54-34-13-5 = 0.2,5-32-55-14-5 = 0.1,5-35-38-5 = 0.9,5-56-55-32-5 = 0.9,5-18-54-13-14-5 = 0.6,5-18-54-34-14-5 = 0.2,5-25-9-51-44-4 = 0.2,5-25-9-58-43-4 = 0.4,5-34-58-46-43-4 = 0.6,8-49-10-51-44-4 = 0.4,8-49-10-46-47-8 = 0.2,4-15-28-4 = 1.0,4-17-57-4 = 1.0,4-45-20-40-23-8 = 0.9,4-41-50-16-5 = 1.0,4-45-20-11-8 = 0.1,8-27-53-8 = 1.0,,,,,,,,,,,,,
364,362,732.959,4.46,1.809,-2.54,385,386,4-22-4 = 1.0,8-33-8 = 0.063,8-39-8 = 0.119,5-42-5 = 1.0,7-36-26-7 = 0.46,7-31-52-29-19-8 = 0.079,7-48-37-7 = 0.048,7-24-30-7 = 0.048,7-21-52-29-5 = 0.46,7-48-24-30-7 = 0.952,7-52-29-46-4 = 0.079,7-31-52-54-5 = 0.048,8-12-46-13-5 = 0.048,7-31-21-26-36-7 = 0.54,8-33-23-39-8 = 0.056,8-33-39-8 = 0.825,8-33-40-11-8 = 0.056,8-12-44-15-4 = 0.008,8-12-44-28-4 = 0.008,8-12-47-11-8 = 0.889,8-10-49-19-37-7 = 0.921,7-31-52-29-14-5 = 0.333,5-18-54-34-13-5 = 0.286,5-35-38-5 = 1.0,5-56-55-32-5 = 1.0,5-18-54-13-14-5 = 0.667,5-25-9-46-47-4 = 0.063,5-18-58-51-43-4 = 0.048,5-25-9-51-44-4 = 0.825,5-25-9-58-43-4 = 0.111,5-34-58-46-43-4 = 0.714,5-58-51-44-43-4 = 0.127,8-49-10-46-47-4 = 0.048,4-28-15-4 = 0.992,4-17-57-4 = 1.0,4-45-20-40-23-8 = 0.944,4-41-50-16-5 = 1.0,4-45-20-11-8 = 0.056,8-27-53-8 = 1.0,8-12-46-29-7 = 0.048,4-44-10-49-37-7 = 0.032,,,,,,,,,
385,364,736.075,0,3.116,0,Prune by CG,,4-22-4 = 1.0,5-38-5 = 0.5,5-42-5 = 1.0,7-48-24-30-7 = 1.0,7-52-29-46-4 = 1.0,7-31-21-26-36-7 = 1.0,8-33-39-8 = 1.0,8-12-47-11-8 = 1.0,8-10-49-19-37-7 = 1.0,5-35-56-14-5 = 0.5,5-18-54-34-13-5 = 1.0,5-32-55-14-5 = 0.5,5-35-38-5 = 0.5,5-56-55-32-5 = 0.5,5-25-9-51-44-4 = 0.5,5-25-9-58-43-4 = 0.5,4-28-15-4 = 1.0,4-17-57-4 = 1.0,4-44-58-51-43-4 = 0.5,4-45-20-40-23-8 = 1.0,4-41-50-16-5 = 1.0,8-27-53-8 = 1.0,,,,,,,,,,,,,,,,,,,,,,,,,,,,
386,364,733.001,4.774,0.042,0.314,387,388,4-22-4 = 1.0,8-33-8 = 0.069,8-39-8 = 0.143,5-42-5 = 1.0,7-36-26-7 = 0.507,7-31-52-29-19-8 = 0.106,7-48-37-7 = 0.014,7-24-30-7 = 0.014,7-21-52-29-5 = 0.493,7-48-24-30-7 = 0.986,7-31-52-54-5 = 0.051,8-12-46-13-5 = 0.101,7-31-21-26-36-7 = 0.493,8-33-23-39-8 = 0.074,8-33-39-8 = 0.783,8-33-40-11-8 = 0.074,8-12-44-15-4 = 0.023,8-12-44-28-4 = 0.023,8-12-47-11-8 = 0.853,8-10-49-19-37-7 = 0.894,7-31-52-29-14-5 = 0.35,5-35-56-21-7 = 0.014,5-18-54-34-13-5 = 0.249,5-38-50-16-5 = 0.007,5-38-41-57-4 = 0.007,5-35-38-5 = 0.986,5-56-55-32-5 = 0.986,5-18-54-13-14-5 = 0.65,5-25-9-46-47-4 = 0.083,5-18-55-32-5 = 0.014,5-18-58-51-43-4 = 0.088,5-25-9-51-44-4 = 0.834,5-25-9-58-43-4 = 0.083,5-34-58-46-43-4 = 0.751,5-58-51-44-43-4 = 0.078,8-49-10-46-47-4 = 0.065,4-28-15-4 = 0.97,4-17-57-4 = 0.993,4-17-15-28-4 = 0.007,5-54-29-37-7 = 0.051,4-45-20-40-23-8 = 0.926,4-41-50-16-5 = 0.993,4-45-20-11-8 = 0.074,8-27-53-8 = 1.0,4-44-10-49-37-7 = 0.041,,,,,
388,386,733.025,4.961,0.024,0.187,389,390,4-22-4 = 1.0,5-38-5 = 0.026,8-39-8 = 0.078,5-42-5 = 1.0,7-36-26-7 = 0.519,7-31-52-29-19-8 = 0.13,7-48-37-7 = 0.104,7-24-30-7 = 0.104,7-21-52-29-5 = 0.481,7-48-24-30-7 = 0.896,7-31-52-54-5 = 0.065,8-12-46-13-5 = 0.065,7-31-21-26-36-7 = 0.481,8-33-23-39-8 = 0.078,8-33-39-8 = 0.844,8-33-40-11-8 = 0.078,8-12-47-11-8 = 0.87,8-10-49-19-37-7 = 0.87,7-31-52-29-14-5 = 0.325,5-35-56-21-7 = 0.039,5-18-54-34-13-5 = 0.26,5-38-50-16-5 = 0.006,5-38-41-57-4 = 0.006,5-35-38-5 = 0.961,5-56-55-32-5 = 0.961,5-18-54-13-14-5 = 0.675,5-25-9-46-47-4 = 0.026,5-18-55-32-5 = 0.039,5-18-58-51-43-4 = 0.026,5-25-9-51-44-4 = 0.857,5-25-9-58-43-4 = 0.117,5-34-58-46-43-4 = 0.74,5-58-51-44-43-4 = 0.117,8-49-10-46-47-4 = 0.104,4-28-15-4 = 0.942,4-15-57-4 = 0.026,4-17-57-4 = 0.968,4-17-15-28-4 = 0.032,4-45-20-28-4 = 0.026,4-45-20-40-23-8 = 0.922,4-41-50-16-5 = 0.994,4-45-20-11-8 = 0.052,8-27-53-8 = 1.0,8-12-46-29-7 = 0.065,4-44-10-49-37-7 = 0.026,,,,,
390,388,735.213,0,2.188,0,Prune by CG,,4-22-4 = 1.0,8-33-8 = 0.125,8-39-8 = 0.375,5-42-5 = 1.0,7-36-26-7 = 0.125,7-31-52-29-19-8 = 0.25,7-48-37-7 = 0.25,7-24-30-7 = 0.25,7-48-24-30-7 = 0.75,7-31-52-54-5 = 0.125,7-21-26-36-7 = 0.875,8-12-46-13-5 = 0.125,8-33-23-39-8 = 0.25,8-33-39-8 = 0.375,8-33-40-11-8 = 0.25,8-12-47-11-8 = 0.75,8-10-49-19-37-7 = 0.625,7-31-52-29-14-5 = 0.625,5-41-50-16-5 = 0.25,5-35-56-21-7 = 0.125,5-18-54-34-13-5 = 0.875,5-38-50-16-5 = 0.062,5-38-41-57-4 = 0.062,5-35-38-5 = 0.875,5-56-55-32-5 = 0.875,5-18-55-32-5 = 0.125,5-25-9-51-44-4 = 0.375,5-25-9-46-14-5 = 0.375,5-25-9-58-43-4 = 0.25,5-34-58-10-43-4 = 0.125,5-58-51-44-43-4 = 0.625,8-49-10-46-47-8 = 0.25,4-28-15-4 = 0.438,4-15-57-4 = 0.25,4-17-57-4 = 0.688,4-17-15-28-4 = 0.312,8-49-46-19-37-7 = 0.125,4-45-20-28-4 = 0.25,4-45-20-40-23-8 = 0.75,4-41-50-16-5 = 0.688,8-27-53-8 = 1.0,8-12-46-29-7 = 0.125,,,,,,,,
389,388,733.415,5.619,0.39,0.658,391,392,4-22-4 = 1.0,8-33-8 = 0.089,8-39-8 = 0.246,5-42-5 = 1.0,7-36-26-7 = 0.5,7-31-52-29-19-8 = 0.136,7-48-37-7 = 0.017,7-24-30-7 = 0.017,7-21-52-29-5 = 0.5,7-48-24-30-7 = 0.983,7-31-52-54-5 = 0.081,7-31-21-26-36-7 = 0.5,8-33-23-39-8 = 0.157,8-33-39-8 = 0.597,8-33-40-11-8 = 0.157,8-12-47-11-8 = 0.843,8-10-49-19-37-7 = 0.864,7-31-52-29-14-5 = 0.284,5-18-54-34-13-5 = 0.203,5-35-38-5 = 1.0,5-56-55-32-5 = 1.0,5-18-54-13-14-5 = 0.716,5-25-9-46-47-4 = 0.076,5-18-58-51-43-4 = 0.081,5-25-9-51-44-4 = 0.771,5-25-9-58-43-4 = 0.008,5-34-58-46-43-4 = 0.797,5-58-51-44-43-4 = 0.068,8-49-10-46-47-4 = 0.081,4-28-15-4 = 0.809,4-15-57-4 = 0.034,4-17-57-4 = 0.966,4-17-15-28-4 = 0.034,4-12-44-15-4 = 0.123,4-45-20-28-4 = 0.157,4-9-58-46-43-4 = 0.047,4-45-20-40-23-8 = 0.843,4-41-50-16-5 = 1.0,8-27-53-8 = 1.0,5-25-9-51-13-5 = 0.081,4-44-10-49-37-7 = 0.038,8-12-10-29-7 = 0.017,8-12-9-49-37-7 = 0.017,5-25-29-37-7 = 0.064,,,,,,
391,389,737.276,0,3.862,0,Prune by CG,,4-22-4 = 1.0,5-38-5 = 0.077,8-39-8 = 0.231,5-42-5 = 1.0,7-36-26-7 = 0.154,7-31-52-29-19-8 = 0.231,7-48-37-7 = 0.154,7-24-30-7 = 0.154,7-48-24-30-7 = 0.846,7-31-52-54-5 = 0.077,7-21-26-36-7 = 0.846,8-33-23-39-8 = 0.231,8-33-39-8 = 0.538,8-33-40-11-8 = 0.231,8-12-47-11-8 = 0.769,8-10-49-19-37-7 = 0.769,7-31-52-29-14-5 = 0.692,5-35-56-21-7 = 0.154,5-18-54-34-13-5 = 0.462,5-38-50-16-5 = 0.038,5-38-41-57-4 = 0.038,5-35-38-5 = 0.846,5-56-55-32-5 = 0.846,5-18-54-13-14-5 = 0.308,5-18-25-54-5 = 0.077,5-18-55-32-5 = 0.154,5-34-51-44-15-4 = 0.308,5-25-9-58-43-4 = 0.923,5-34-13-51-46-4 = 0.231,8-49-10-46-47-4 = 0.231,4-28-15-4 = 0.654,4-17-57-4 = 0.962,4-17-15-28-4 = 0.038,4-20-12-44-4 = 0.077,4-12-44-28-4 = 0.154,4-45-20-28-4 = 0.154,4-45-44-51-46-4 = 0.077,4-9-58-46-43-4 = 0.077,5-54-29-37-7 = 0.077,4-45-20-40-23-8 = 0.769,4-41-50-16-5 = 0.962,8-27-53-8 = 1.0,4-44-51-46-4 = 0.385,,,,,,,
392,389,733.492,5.774,0.077,0.156,393,394,4-22-4 = 1.0,8-33-8 = 0.048,8-39-8 = 0.202,5-42-5 = 1.0,7-36-26-7 = 0.5,7-31-52-29-19-8 = 0.113,7-48-37-7 = 0.048,7-24-30-7 = 0.048,7-21-52-29-5 = 0.5,7-48-24-30-7 = 0.952,7-31-52-54-5 = 0.065,7-31-21-26-36-7 = 0.5,8-33-23-39-8 = 0.153,8-33-39-8 = 0.645,8-33-40-11-8 = 0.153,8-12-47-11-8 = 0.758,8-10-49-19-37-7 = 0.887,7-31-52-29-14-5 = 0.323,5-18-54-34-13-5 = 0.242,5-35-38-5 = 1.0,5-25-58-43-4 = 0.016,5-56-55-32-5 = 1.0,5-18-54-13-14-5 = 0.677,5-18-25-54-5 = 0.016,5-25-9-46-47-4 = 0.177,5-18-58-51-43-4 = 0.065,5-25-9-51-44-4 = 0.694,5-34-58-46-43-4 = 0.758,5-58-51-44-43-4 = 0.161,8-49-10-46-47-4 = 0.065,4-28-15-4 = 0.895,4-17-57-4 = 1.0,4-12-44-28-4 = 0.04,4-12-44-15-4 = 0.105,4-45-20-28-4 = 0.065,4-45-20-40-23-8 = 0.847,4-41-50-16-5 = 1.0,4-45-20-11-8 = 0.089,8-27-53-8 = 1.0,5-25-9-51-13-5 = 0.081,8-12-10-29-7 = 0.048,8-12-9-49-37-7 = 0.048,5-25-29-37-7 = 0.016,,,,,,,
394,392,735.019,0,1.527,0,Prune by CG,,4-22-4 = 1.0,8-33-8 = 0.094,8-39-8 = 0.344,5-42-5 = 1.0,7-36-26-7 = 0.5,7-31-52-29-19-8 = 0.062,7-21-52-29-5 = 0.5,7-48-24-30-7 = 1.0,7-31-52-54-5 = 0.062,7-31-21-26-36-7 = 0.5,8-33-23-39-8 = 0.25,8-33-39-8 = 0.406,8-33-40-11-8 = 0.25,8-10-49-19-37-7 = 0.938,7-31-52-29-14-5 = 0.375,8-45-20-40-23-8 = 0.625,5-18-54-34-13-5 = 0.25,5-35-38-5 = 1.0,5-56-55-32-5 = 1.0,5-18-54-13-14-5 = 0.625,5-25-9-46-47-4 = 0.219,5-25-9-10-49-8 = 0.031,5-18-58-51-43-4 = 0.125,5-25-9-51-44-4 = 0.625,5-34-58-46-43-4 = 0.75,5-58-51-44-43-4 = 0.125,8-49-10-46-47-4 = 0.031,4-28-15-4 = 0.75,4-17-57-4 = 1.0,4-12-44-15-4 = 0.25,4-45-20-28-4 = 0.25,5-54-29-37-7 = 0.062,4-45-20-40-23-8 = 0.125,4-41-50-16-5 = 1.0,4-12-47-11-8 = 0.75,8-27-53-8 = 1.0,5-25-9-51-13-5 = 0.125,,,,,,,,,,,,,
393,392,733.605,5.083,0.113,-0.691,395,396,4-22-4 = 1.0,8-33-8 = 0.063,8-39-8 = 0.167,5-42-5 = 1.0,7-36-26-7 = 0.5,7-31-52-29-19-8 = 0.125,7-21-52-29-5 = 0.5,7-48-24-30-7 = 1.0,7-31-52-54-5 = 0.042,7-31-21-26-36-7 = 0.5,8-33-23-39-8 = 0.104,8-33-39-8 = 0.729,8-33-40-11-8 = 0.104,8-12-10-13-5 = 0.083,8-12-47-11-8 = 0.792,8-12-9-46-4 = 0.042,8-10-49-19-37-7 = 0.875,7-31-52-29-14-5 = 0.333,5-18-54-34-13-5 = 0.25,5-35-38-5 = 1.0,5-56-55-32-5 = 1.0,5-18-54-13-14-5 = 0.667,5-18-25-54-5 = 0.042,5-25-9-46-47-4 = 0.167,5-25-9-51-44-4 = 0.75,5-34-58-46-43-4 = 0.75,5-58-51-44-43-4 = 0.25,8-49-10-46-47-4 = 0.042,4-28-15-4 = 1.0,4-17-57-4 = 1.0,4-45-20-40-23-8 = 0.896,4-41-50-16-5 = 1.0,4-45-20-11-8 = 0.104,8-27-53-8 = 1.0,8-12-9-49-37-7 = 0.042,5-18-25-49-37-7 = 0.042,8-12-29-37-7 = 0.042,,,,,,,,,,,,,
395,393,738.589,0,4.984,0,Prune by CG,,4-22-4 = 1.0,8-39-8 = 0.5,5-42-5 = 1.0,7-48-24-30-7 = 1.0,7-21-26-36-7 = 1.0,8-12-46-47-4 = 0.5,8-33-23-39-8 = 0.5,8-33-40-11-8 = 0.5,8-12-9-46-4 = 0.5,8-10-49-19-37-7 = 0.5,7-31-52-29-14-5 = 1.0,5-18-54-34-13-5 = 1.0,5-35-38-5 = 1.0,5-56-55-32-5 = 1.0,5-25-9-10-47-8 = 0.5,5-58-51-44-43-4 = 1.0,4-28-15-4 = 1.0,4-17-57-4 = 1.0,5-25-49-19-37-7 = 0.5,4-45-20-40-23-8 = 0.5,4-41-50-16-5 = 1.0,4-45-20-11-8 = 0.5,8-27-53-8 = 1.0,,,,,,,,,,,,,,,,,,,,,,,,,,,
396,393,733.607,5.091,0.002,0.008,397,398,4-22-4 = 1.0,8-33-8 = 0.068,8-39-8 = 0.182,5-42-5 = 1.0,7-36-26-7 = 0.5,7-31-52-29-19-8 = 0.136,7-21-52-29-5 = 0.5,7-48-24-30-7 = 1.0,7-31-52-54-5 = 0.045,7-31-21-26-36-7 = 0.5,8-33-23-39-8 = 0.114,8-33-39-8 = 0.705,8-33-40-11-8 = 0.114,8-12-10-13-5 = 0.091,8-12-47-11-8 = 0.795,8-10-49-19-37-7 = 0.864,7-31-52-29-14-5 = 0.318,5-18-54-34-13-5 = 0.227,5-35-38-5 = 1.0,5-56-55-32-5 = 1.0,5-18-54-13-14-5 = 0.682,5-18-25-54-5 = 0.045,5-25-9-46-47-4 = 0.159,5-18-58-51-43-4 = 0.023,5-25-9-51-44-4 = 0.773,5-34-58-46-43-4 = 0.773,5-58-51-44-43-4 = 0.205,8-49-10-46-47-4 = 0.045,4-28-15-4 = 0.977,4-17-57-4 = 1.0,4-45-20-28-4 = 0.023,4-45-20-40-23-8 = 0.886,4-41-50-16-5 = 1.0,4-45-20-11-8 = 0.091,8-27-53-8 = 1.0,8-12-9-49-37-7 = 0.068,4-44-46-15-4 = 0.023,5-18-25-49-37-7 = 0.023,8-12-29-37-7 = 0.045,,,,,,,,,,,
398,396,738.264,0,4.658,0,Prune by CG,,4-22-4 = 1.0,8-33-8 = 0.25,8-39-8 = 0.417,5-42-5 = 1.0,7-31-52-29-19-8 = 0.167,7-48-24-30-7 = 1.0,7-31-52-54-5 = 0.167,7-21-26-36-7 = 1.0,8-33-23-39-8 = 0.167,8-33-39-8 = 0.417,8-33-40-11-8 = 0.167,8-12-47-11-8 = 0.833,8-12-9-10-49-8 = 0.167,8-10-49-19-37-7 = 0.833,7-31-52-29-14-5 = 0.667,8-45-20-40-23-8 = 0.167,5-35-56-38-5 = 0.167,5-54-13-15-4 = 0.167,5-35-38-5 = 0.833,5-56-55-32-5 = 0.833,5-54-34-13-14-5 = 0.333,5-25-9-46-47-4 = 0.167,5-18-55-32-5 = 0.167,5-18-58-51-43-4 = 0.5,5-25-9-51-44-4 = 0.333,5-34-58-46-43-4 = 0.333,5-58-51-44-43-4 = 0.167,4-28-15-4 = 0.583,4-17-57-4 = 1.0,4-45-20-28-4 = 0.167,5-54-29-37-7 = 0.167,5-25-54-13-5 = 0.167,4-45-20-40-23-8 = 0.667,4-41-50-16-5 = 1.0,8-27-53-8 = 1.0,5-18-25-9-34-13-5 = 0.333,4-44-46-28-4 = 0.25,4-44-46-15-4 = 0.25,,,,,,,,,,,,
397,396,733.723,4.762,0.116,-0.329,399,400,4-22-4 = 1.0,8-33-8 = 0.05,5-38-5 = 0.004,8-39-8 = 0.123,5-42-5 = 1.0,7-36-26-7 = 0.502,7-31-52-29-19-8 = 0.19,7-31-52-32-5 = 0.004,7-48-37-7 = 0.013,7-24-30-7 = 0.013,7-21-52-29-5 = 0.498,7-48-24-30-7 = 0.987,7-31-52-55-5 = 0.004,7-31-21-26-36-7 = 0.498,8-33-39-8 = 0.877,8-33-40-11-8 = 0.074,8-12-10-13-5 = 0.089,8-12-51-13-5 = 0.009,8-12-47-11-8 = 0.797,8-10-49-19-37-7 = 0.81,7-31-52-29-14-5 = 0.303,5-35-56-21-7 = 0.004,5-18-54-34-13-5 = 0.206,5-35-38-5 = 0.996,5-56-55-32-5 = 0.996,5-18-54-13-14-5 = 0.697,5-18-25-54-5 = 0.097,5-25-9-46-47-4 = 0.117,5-25-9-51-44-4 = 0.786,5-34-58-46-43-4 = 0.794,5-58-51-44-43-4 = 0.206,8-49-10-46-47-4 = 0.087,4-28-15-4 = 0.968,4-15-57-4 = 0.015,4-17-57-4 = 0.985,4-17-15-28-4 = 0.015,4-45-20-28-4 = 0.017,4-45-20-40-23-8 = 0.926,4-41-50-16-5 = 1.0,4-45-20-11-8 = 0.056,8-27-53-8 = 1.0,4-44-10-49-37-7 = 0.006,8-12-10-29-7 = 0.009,8-12-9-49-37-7 = 0.097,8-23-11-37-7 = 0.074,4-44-46-15-4 = 0.002,,,,
400,397,736.059,0,2.336,0,Prune by CG,,4-22-4 = 1.0,8-33-8 = 0.119,8-39-8 = 0.238,5-42-5 = 1.0,7-36-26-7 = 0.5,7-31-52-29-19-8 = 0.238,7-48-37-7 = 0.024,7-24-30-7 = 0.024,7-21-52-29-5 = 0.5,7-48-24-30-7 = 0.976,7-31-21-26-36-7 = 0.5,8-33-23-39-8 = 0.119,8-33-39-8 = 0.643,8-45-20-28-4 = 0.119,8-33-40-11-8 = 0.119,8-12-51-13-5 = 0.048,8-12-47-11-8 = 0.881,7-31-52-29-14-5 = 0.262,8-45-20-40-23-8 = 0.881,5-18-54-34-13-5 = 0.119,5-35-38-5 = 1.0,5-56-55-32-5 = 1.0,5-18-54-13-14-5 = 0.738,5-18-25-54-5 = 0.143,5-25-9-46-47-4 = 0.048,5-25-9-51-44-4 = 0.714,5-34-13-51-46-4 = 0.024,5-34-58-46-43-4 = 0.857,5-58-51-44-43-4 = 0.143,4-28-15-4 = 0.762,4-15-57-4 = 0.119,4-17-57-4 = 0.881,4-17-15-28-4 = 0.119,5-25-9-10-49-7 = 0.024,4-41-50-16-5 = 1.0,4-9-10-46-47-4 = 0.071,4-10-49-19-37-7 = 0.762,8-27-53-8 = 1.0,5-25-9-51-13-5 = 0.071,4-44-10-49-37-7 = 0.143,8-12-9-49-37-7 = 0.071,,,,,,,,,
399,397,733.726,4.713,0.003,-0.049,401,402,4-22-4 = 1.0,8-33-8 = 0.043,5-38-5 = 0.005,8-39-8 = 0.114,5-42-5 = 1.0,7-36-26-7 = 0.503,7-31-52-29-19-8 = 0.186,7-31-52-32-5 = 0.005,7-48-37-7 = 0.016,7-24-30-7 = 0.016,7-21-52-29-5 = 0.497,7-48-24-30-7 = 0.984,7-31-52-55-5 = 0.005,7-31-21-26-36-7 = 0.497,8-33-39-8 = 0.886,8-33-40-11-8 = 0.072,8-12-10-13-5 = 0.09,8-12-51-13-5 = 0.005,8-12-47-11-8 = 0.795,8-10-49-19-37-7 = 0.811,7-31-52-29-14-5 = 0.306,5-35-56-21-7 = 0.005,5-18-54-34-13-5 = 0.21,5-35-38-5 = 0.995,5-56-55-32-5 = 0.995,5-18-54-13-14-5 = 0.694,5-18-25-54-5 = 0.096,5-25-9-46-47-4 = 0.117,5-25-9-51-44-4 = 0.785,5-34-58-46-43-4 = 0.79,5-58-51-44-43-4 = 0.21,8-49-10-46-47-4 = 0.088,4-28-15-4 = 0.984,4-15-57-4 = 0.005,4-17-57-4 = 0.995,4-17-15-28-4 = 0.005,5-25-49-19-37-7 = 0.003,4-45-20-28-4 = 0.011,4-45-20-40-23-8 = 0.928,4-41-50-16-5 = 1.0,4-45-20-11-8 = 0.061,8-27-53-8 = 1.0,8-12-10-29-7 = 0.011,8-12-9-49-37-7 = 0.098,8-23-11-37-7 = 0.072,4-44-46-15-4 = 0.005,,,,
402,399,737.819,0,4.093,0,Prune by CG,,4-22-4 = 1.0,5-38-5 = 0.144,5-42-5 = 1.0,7-36-26-7 = 0.056,7-31-52-29-19-8 = 0.767,7-48-37-7 = 0.289,7-24-30-7 = 0.289,7-48-24-30-7 = 0.711,7-21-26-36-7 = 0.789,7-31-52-11-8 = 0.078,7-52-49-58-43-4 = 0.156,8-40-11-37-7 = 0.2,7-31-21-26-36-7 = 0.156,8-33-39-8 = 1.0,8-12-47-11-8 = 0.467,8-12-9-34-13-14-5 = 0.222,8-10-49-19-37-7 = 0.233,5-35-56-21-7 = 0.056,5-35-56-14-5 = 0.089,5-18-54-34-13-5 = 0.311,5-32-55-14-5 = 0.144,5-35-38-5 = 0.856,5-56-55-32-5 = 0.856,5-18-54-13-14-5 = 0.467,5-18-25-54-5 = 0.222,5-25-9-51-44-4 = 0.7,5-34-58-46-43-4 = 0.467,8-49-10-46-47-4 = 0.533,4-28-15-4 = 0.711,4-15-57-4 = 0.144,4-17-57-4 = 0.856,4-17-15-28-4 = 0.144,4-45-20-28-4 = 0.144,4-44-58-51-43-4 = 0.3,4-45-20-40-23-8 = 0.8,4-41-50-16-5 = 1.0,4-45-20-11-8 = 0.056,8-27-53-8 = 1.0,5-25-58-43-14-5 = 0.078,8-12-10-29-7 = 0.233,8-12-9-49-37-7 = 0.078,8-23-11-37-7 = 0.2,,,,,,,,
401,399,734.076,4,0.35,-0.713,403,404,4-22-4 = 1.0,5-42-5 = 1.0,7-36-26-7 = 0.5,7-21-52-29-5 = 0.5,7-48-24-30-7 = 1.0,7-31-21-26-36-7 = 0.5,8-33-39-8 = 1.0,8-12-47-11-8 = 1.0,8-10-49-19-37-7 = 1.0,7-31-52-29-14-5 = 0.5,5-18-54-34-13-5 = 0.5,5-35-38-5 = 1.0,5-56-55-32-5 = 1.0,5-18-54-13-14-5 = 0.5,5-25-9-51-44-4 = 1.0,5-34-58-46-43-4 = 0.5,5-58-46-43-4 = 0.5,4-28-15-4 = 1.0,4-17-57-4 = 1.0,4-45-20-40-23-8 = 1.0,4-41-50-16-5 = 1.0,8-27-53-8 = 1.0,,,,,,,,,,,,,,,,,,,,,,,,,,,,
403,401,735.447,0,1.37,0,Prune by CG,,4-22-4 = 1.0,5-42-5 = 1.0,7-48-24-30-7 = 1.0,7-21-26-36-7 = 1.0,8-33-39-8 = 1.0,8-12-47-11-8 = 1.0,8-10-49-19-37-7 = 1.0,7-31-52-29-14-5 = 1.0,5-18-54-34-13-5 = 1.0,5-35-38-5 = 1.0,5-56-55-32-5 = 1.0,5-25-9-51-44-4 = 1.0,5-58-46-43-4 = 1.0,4-15-28-4 = 1.0,4-17-57-4 = 1.0,4-45-20-40-23-8 = 1.0,4-41-50-16-5 = 1.0,8-27-53-8 = 1.0,,,,,,,,,,,,,,,,,,,,,,,,,,,,,,,,
404,401,734.481,3,0.404,-1,405,406,4-22-4 = 1.0,5-42-5 = 1.0,7-36-26-7 = 0.5,7-21-52-29-5 = 0.5,7-48-24-30-7 = 1.0,7-31-21-26-36-7 = 0.5,8-33-39-8 = 1.0,8-12-47-11-8 = 1.0,8-10-49-19-37-7 = 1.0,7-31-52-29-14-5 = 0.5,5-35-38-5 = 1.0,5-56-55-32-5 = 1.0,5-18-54-13-14-5 = 0.5,5-25-9-51-44-4 = 1.0,5-34-58-46-43-4 = 1.0,4-15-28-4 = 1.0,4-17-57-4 = 1.0,4-45-20-40-23-8 = 1.0,4-41-50-16-5 = 1.0,8-27-53-8 = 1.0,5-18-54-13-5 = 0.5,,,,,,,,,,,,,,,,,,,,,,,,,,,,,
405,404,736.255,0,1.774,0,Prune by CG,,4-22-4 = 1.0,5-42-5 = 1.0,7-48-24-30-7 = 1.0,7-21-26-36-7 = 1.0,8-33-39-8 = 1.0,8-12-47-11-8 = 1.0,8-10-49-19-37-7 = 1.0,7-31-52-29-14-5 = 1.0,5-35-38-5 = 1.0,5-56-55-32-5 = 1.0,5-25-9-51-44-4 = 1.0,5-34-58-46-43-4 = 1.0,4-15-28-4 = 1.0,4-17-57-4 = 1.0,4-45-20-40-23-8 = 1.0,4-41-50-16-5 = 1.0,8-27-53-8 = 1.0,5-18-54-13-5 = 1.0,,,,,,,,,,,,,,,,,,,,,,,,,,,,,,,,
406,404,734.565,2,0.085,-1,407,408,4-22-4 = 1.0,5-42-5 = 1.0,7-36-26-7 = 0.5,7-31-52-29-5 = 0.5,7-21-52-29-5 = 0.5,7-48-24-30-7 = 1.0,7-31-21-26-36-7 = 0.5,8-33-39-8 = 1.0,8-12-47-11-8 = 1.0,8-10-49-19-37-7 = 1.0,5-35-38-5 = 1.0,5-56-55-32-5 = 1.0,5-18-54-13-14-5 = 1.0,5-25-9-51-44-4 = 1.0,5-34-58-46-43-4 = 1.0,4-15-28-4 = 1.0,4-17-57-4 = 1.0,4-45-20-40-23-8 = 1.0,4-41-50-16-5 = 1.0,8-27-53-8 = 1.0,,,,,,,,,,,,,,,,,,,,,,,,,,,,,,
407,406,736.424,0,1.859,0,Prune by CG,,4-22-4 = 1.0,5-42-5 = 1.0,7-31-52-29-5 = 1.0,7-48-24-30-7 = 1.0,7-21-26-36-7 = 1.0,8-33-39-8 = 1.0,8-12-47-11-8 = 1.0,8-10-49-19-37-7 = 1.0,5-35-38-5 = 1.0,5-56-55-32-5 = 1.0,5-18-54-13-14-5 = 1.0,5-25-9-51-44-4 = 1.0,5-34-58-46-43-4 = 1.0,4-15-28-4 = 1.0,4-17-57-4 = 1.0,4-45-20-40-23-8 = 1.0,4-41-50-16-5 = 1.0,8-27-53-8 = 1.0,,,,,,,,,,,,,,,,,,,,,,,,,,,,,,,,
408,406,739.256,0,4.691,0,Prune by CG,,4-22-4 = 1.0,8-33-8 = 0.023,5-38-5 = 0.068,8-39-8 = 0.114,5-42-5 = 1.0,7-36-26-7 = 0.455,7-24-30-7 = 0.091,7-21-52-29-5 = 0.455,7-48-52-34-5 = 0.091,7-48-24-30-7 = 0.909,7-52-9-44-13-5 = 0.091,7-31-58-51-43-4 = 0.136,7-31-21-26-36-7 = 0.545,8-33-23-39-8 = 0.091,8-33-39-8 = 0.795,8-33-40-11-8 = 0.091,8-12-47-11-8 = 0.864,8-12-9-10-49-8 = 0.045,7-31-29-19-37-7 = 0.318,8-10-49-19-37-7 = 0.682,5-35-56-14-5 = 0.068,5-32-55-14-5 = 0.068,5-35-38-5 = 0.932,5-56-55-32-5 = 0.932,5-18-54-13-14-5 = 0.864,5-25-9-51-44-4 = 0.773,5-34-51-44-15-4 = 0.045,5-34-58-46-43-4 = 0.864,8-49-10-46-47-4 = 0.136,4-15-28-4 = 0.864,4-17-57-4 = 1.0,4-45-20-28-4 = 0.045,5-25-52-29-5 = 0.227,4-45-20-40-23-8 = 0.909,4-41-50-16-5 = 1.0,4-45-20-11-8 = 0.045,8-27-53-8 = 1.0,5-18-54-52-5 = 0.136,8-49-10-51-13-5 = 0.045,4-44-28-15-4 = 0.091,8-12-9-10-49-7 = 0.091,,,,,,,,,
365,363,733.587,4.556,1.731,-0.966,409,410,4-22-4 = 1.0,8-33-8 = 0.127,5-38-5 = 0.016,8-39-8 = 0.127,5-42-5 = 1.0,7-21-55-14-5 = 0.016,7-36-26-7 = 0.048,7-31-52-29-19-7 = 0.365,7-31-52-37-7 = 0.317,7-21-32-14-5 = 0.016,7-48-24-30-7 = 1.0,7-21-54-34-14-5 = 0.016,7-21-26-36-7 = 0.952,7-52-29-37-7 = 0.317,8-12-46-13-5 = 0.016,7-31-29-19-11-8 = 0.27,8-33-39-8 = 0.873,8-12-47-11-8 = 0.73,8-12-9-10-49-8 = 0.238,7-31-29-19-37-7 = 0.048,8-10-49-19-37-7 = 0.095,8-45-20-40-23-8 = 0.714,5-35-56-14-5 = 0.016,5-18-54-34-13-5 = 0.984,5-35-38-5 = 0.984,5-56-55-32-5 = 0.984,5-18-25-12-4 = 0.016,5-25-9-46-47-4 = 0.27,5-25-9-46-14-5 = 0.27,5-58-51-44-43-4 = 1.0,4-28-15-4 = 1.0,4-17-57-4 = 1.0,5-25-49-19-37-7 = 0.222,4-45-20-40-23-8 = 0.286,4-41-50-16-5 = 1.0,8-49-10-46-14-5 = 0.444,8-27-53-8 = 1.0,5-25-9-10-14-5 = 0.222,,,,,,,,,,,,
409,365,737.992,0,4.405,0,Prune by CG,,4-22-4 = 1.0,8-39-8 = 0.5,5-42-5 = 1.0,7-21-55-14-5 = 0.5,7-31-52-29-19-7 = 0.5,7-31-52-37-7 = 0.5,7-21-32-14-5 = 0.5,7-48-24-30-7 = 1.0,8-33-23-39-8 = 0.5,8-33-40-11-8 = 0.5,8-12-47-11-8 = 0.5,8-10-49-19-37-7 = 0.5,5-35-56-38-5 = 0.5,5-18-54-34-13-5 = 1.0,5-35-38-5 = 0.5,5-56-55-32-5 = 0.5,5-25-9-46-47-4 = 0.5,5-25-9-10-49-8 = 0.5,5-58-51-44-43-4 = 1.0,4-15-57-4 = 0.5,4-17-57-4 = 0.5,4-17-15-28-4 = 0.5,4-45-20-28-4 = 0.5,4-45-20-40-23-8 = 0.5,4-41-50-16-5 = 1.0,7-26-36-7 = 1.0,8-27-53-8 = 1.0,8-12-46-29-7 = 0.5,,,,,,,,,,,,,,,,,,,,,,
410,365,733.619,4.722,0.032,0.167,411,412,4-22-4 = 1.0,8-33-8 = 0.139,5-38-5 = 0.028,8-39-8 = 0.139,5-42-5 = 1.0,7-31-52-29-19-7 = 0.333,7-31-52-37-7 = 0.333,7-48-24-30-7 = 1.0,7-21-26-36-7 = 1.0,7-52-29-37-7 = 0.333,7-31-29-19-11-8 = 0.306,8-33-39-8 = 0.861,8-12-10-19-8 = 0.028,8-12-47-11-8 = 0.694,8-12-9-10-49-8 = 0.222,7-31-29-19-37-7 = 0.028,8-12-9-34-13-14-5 = 0.056,8-10-49-19-37-7 = 0.083,8-45-20-40-23-8 = 0.694,5-35-56-14-5 = 0.028,5-18-54-34-13-5 = 0.944,5-32-55-14-5 = 0.028,5-35-38-5 = 0.972,5-56-55-32-5 = 0.972,5-18-25-54-5 = 0.056,5-25-9-46-47-4 = 0.306,5-25-9-46-14-5 = 0.222,5-58-51-44-43-4 = 1.0,4-28-15-4 = 1.0,4-17-57-4 = 1.0,5-25-49-19-37-7 = 0.222,4-45-20-40-23-8 = 0.306,4-41-50-16-5 = 1.0,8-49-10-46-14-5 = 0.472,8-27-53-8 = 1.0,5-25-9-10-14-5 = 0.194,,,,,,,,,,,,,,
412,410,736.854,0,3.236,0,Prune by CG,,4-22-4 = 1.0,8-33-8 = 0.333,8-39-8 = 0.333,5-42-5 = 1.0,7-48-24-30-7 = 1.0,7-52-29-37-7 = 1.0,7-31-21-26-36-7 = 1.0,8-33-39-8 = 0.667,8-12-47-11-8 = 0.333,8-45-20-40-23-8 = 0.667,5-18-54-34-13-5 = 0.667,5-35-38-5 = 1.0,5-56-55-32-5 = 1.0,5-54-34-13-14-5 = 0.333,5-18-25-9-49-19-8 = 0.333,5-25-9-46-14-5 = 0.333,5-58-51-44-43-4 = 0.667,8-49-10-46-47-4 = 0.667,4-28-15-4 = 1.0,4-17-57-4 = 1.0,4-44-58-51-43-4 = 0.333,4-45-20-40-23-8 = 0.333,4-41-50-16-5 = 1.0,8-27-53-8 = 1.0,5-25-9-10-14-5 = 0.333,8-12-19-11-8 = 0.667,,,,,,,,,,,,,,,,,,,,,,,,
411,410,734.523,4,0.904,-0.722,413,414,4-22-4 = 1.0,8-33-8 = 0.042,8-39-8 = 0.042,5-42-5 = 1.0,7-36-26-7 = 0.25,7-31-52-29-19-7 = 0.5,7-31-52-37-7 = 0.25,7-48-24-30-7 = 1.0,7-21-10-51-4 = 0.083,7-21-58-44-43-4 = 0.083,7-21-26-36-7 = 0.75,7-21-49-19-37-7 = 0.083,7-52-29-37-7 = 0.25,8-33-39-8 = 0.958,8-12-47-11-8 = 1.0,7-31-29-19-37-7 = 0.25,8-10-49-19-37-7 = 0.167,8-45-20-40-23-8 = 0.833,5-41-50-16-5 = 0.083,5-18-54-34-13-5 = 1.0,5-35-38-5 = 1.0,5-56-55-32-5 = 1.0,5-25-9-10-49-8 = 0.375,5-25-9-46-14-5 = 0.625,5-58-51-44-43-4 = 0.917,4-28-15-4 = 1.0,4-17-57-4 = 1.0,4-45-20-40-23-8 = 0.167,4-41-50-16-5 = 0.917,8-49-10-46-14-5 = 0.375,8-27-53-8 = 1.0,,,,,,,,,,,,,,,,,,,
413,411,738.811,0,4.288,0,Prune by CG,,4-22-4 = 1.0,5-42-5 = 1.0,7-36-26-7 = 0.5,7-31-52-29-7 = 0.5,7-21-52-29-7 = 0.5,7-48-24-30-7 = 1.0,7-10-49-19-37-7 = 1.0,7-31-21-26-36-7 = 0.5,8-33-39-8 = 1.0,8-12-47-11-8 = 1.0,8-45-20-40-23-8 = 1.0,5-18-54-34-13-5 = 1.0,5-35-38-5 = 1.0,5-56-55-32-5 = 1.0,5-25-9-46-14-5 = 1.0,5-58-51-44-43-4 = 1.0,4-28-15-4 = 1.0,4-17-57-4 = 1.0,4-41-50-16-5 = 1.0,8-27-53-8 = 1.0,,,,,,,,,,,,,,,,,,,,,,,,,,,,,,
414,411,734.677,5.4,0.154,1.4,415,416,4-22-4 = 1.0,8-33-8 = 0.1,8-39-8 = 0.2,5-42-5 = 1.0,7-31-52-29-19-7 = 0.5,7-31-52-37-7 = 0.2,7-48-24-30-7 = 1.0,7-21-26-36-7 = 0.8,7-21-49-19-37-7 = 0.2,7-31-10-46-4 = 0.1,7-52-29-37-7 = 0.3,8-33-23-39-8 = 0.1,8-33-39-8 = 0.7,8-33-40-11-8 = 0.1,8-12-47-11-8 = 0.9,8-12-9-10-49-8 = 0.1,7-31-29-19-37-7 = 0.2,8-45-20-40-23-8 = 0.7,5-18-54-34-13-5 = 1.0,5-35-38-5 = 1.0,5-56-55-32-5 = 1.0,5-25-9-10-49-8 = 0.2,5-25-9-46-14-5 = 0.5,5-58-51-44-43-4 = 1.0,8-49-10-46-47-4 = 0.1,4-28-15-4 = 0.8,4-15-57-4 = 0.1,4-17-57-4 = 0.9,4-17-15-28-4 = 0.1,5-25-49-19-37-7 = 0.1,4-45-20-28-4 = 0.1,4-45-20-40-23-8 = 0.2,4-41-50-16-5 = 1.0,7-26-36-7 = 0.2,8-49-10-46-14-5 = 0.3,8-27-53-8 = 1.0,5-25-9-10-14-5 = 0.2,,,,,,,,,,,,,
415,414,737.803,0,3.126,0,Prune by CG,,4-22-4 = 1.0,8-33-8 = 0.083,8-39-8 = 0.083,5-42-5 = 1.0,7-31-52-29-19-7 = 0.5,7-48-24-30-7 = 1.0,7-21-58-44-43-4 = 0.167,7-21-49-19-37-7 = 0.333,7-52-29-37-7 = 0.5,7-31-21-26-36-7 = 0.5,8-33-39-8 = 0.917,8-12-47-11-8 = 1.0,8-45-20-40-23-8 = 1.0,5-18-54-34-13-5 = 0.75,5-35-38-5 = 1.0,5-56-55-32-5 = 1.0,5-18-54-13-14-5 = 0.083,5-18-25-54-5 = 0.167,5-25-9-10-49-8 = 0.333,5-25-9-46-14-5 = 0.25,5-58-51-44-43-4 = 0.833,4-28-15-4 = 1.0,4-17-57-4 = 1.0,8-49-46-19-37-7 = 0.167,4-41-50-16-5 = 1.0,7-26-36-7 = 0.5,8-27-53-8 = 1.0,5-9-10-46-14-5 = 0.167,5-25-9-10-14-5 = 0.25,8-49-51-46-13-5 = 0.167,5-34-10-46-14-5 = 0.25,,,,,,,,,,,,,,,,,,,
416,414,735.475,0,0.798,0,Prune by CG,,4-22-4 = 1.0,8-33-8 = 0.25,8-39-8 = 0.583,5-42-5 = 1.0,7-31-52-29-19-7 = 0.5,7-31-52-37-7 = 0.25,7-48-24-30-7 = 1.0,7-21-10-51-4 = 0.083,7-21-58-44-43-4 = 0.083,7-21-26-36-7 = 0.833,7-52-29-37-7 = 0.25,7-25-9-10-47-4 = 0.083,8-33-23-39-8 = 0.333,8-33-39-8 = 0.083,8-33-40-11-8 = 0.333,8-12-47-11-8 = 0.667,8-12-9-10-49-8 = 0.333,7-31-29-19-37-7 = 0.25,8-45-20-40-23-8 = 0.167,5-35-56-14-5 = 0.083,5-18-54-34-13-5 = 0.917,5-32-55-14-5 = 0.083,5-38-50-16-5 = 0.042,5-38-41-57-4 = 0.042,5-35-38-5 = 0.917,5-56-55-32-5 = 0.917,5-25-9-46-14-5 = 0.5,5-58-51-44-43-4 = 0.917,8-49-10-46-47-4 = 0.25,4-28-15-4 = 0.292,4-15-57-4 = 0.333,4-17-57-4 = 0.625,4-17-15-28-4 = 0.375,5-25-9-19-37-7 = 0.083,5-25-49-19-37-7 = 0.167,4-45-20-28-4 = 0.333,5-25-54-14-5 = 0.083,4-45-20-40-23-8 = 0.5,4-41-50-16-5 = 0.958,7-26-36-7 = 0.167,8-49-10-46-14-5 = 0.25,8-27-53-8 = 1.0,5-18-25-34-13-5 = 0.083,,,,,,,
367,366,734.736,4.8,2.826,-0.722,417,418,4-22-4 = 1.0,8-33-8 = 0.15,8-39-8 = 0.15,5-42-5 = 1.0,7-37-19-11-8 = 0.05,7-31-52-29-19-7 = 0.4,7-31-52-37-7 = 0.3,7-48-24-30-7 = 1.0,7-21-26-36-7 = 1.0,7-52-29-37-7 = 0.3,7-31-29-19-11-8 = 0.2,8-33-39-8 = 0.85,8-12-44-13-14-5 = 0.25,8-12-47-11-8 = 0.75,7-31-29-19-37-7 = 0.1,8-10-49-19-37-7 = 0.25,5-41-50-16-5 = 0.25,5-18-54-34-13-5 = 0.75,5-35-38-5 = 1.0,5-54-9-58-43-4 = 0.25,5-56-55-32-5 = 1.0,5-18-58-51-43-4 = 0.25,5-25-9-51-44-4 = 0.75,5-34-58-46-43-4 = 0.25,4-28-15-4 = 1.0,4-17-57-4 = 1.0,5-25-58-47-43-4 = 0.25,4-45-20-40-23-8 = 1.0,4-41-50-16-5 = 0.75,8-49-10-46-14-5 = 0.75,8-27-53-8 = 1.0,,,,,,,,,,,,,,,,,,,
417,367,735.592,0,0.856,0,Prune by CG,,4-22-4 = 1.0,8-33-8 = 0.02,8-39-8 = 0.12,5-42-5 = 1.0,7-36-26-7 = 0.2,7-31-52-29-19-7 = 0.48,7-31-52-37-7 = 0.24,7-48-24-30-7 = 1.0,7-21-26-36-7 = 0.8,7-21-49-19-37-7 = 0.2,7-52-29-37-7 = 0.24,8-33-23-39-8 = 0.1,8-33-39-8 = 0.78,8-33-40-11-8 = 0.1,8-12-44-13-14-5 = 0.2,8-12-47-11-8 = 0.8,7-31-29-19-37-7 = 0.28,5-41-50-16-5 = 0.2,5-18-54-34-13-5 = 0.8,5-35-38-5 = 1.0,5-54-58-43-4 = 0.2,5-56-55-32-5 = 1.0,5-18-58-51-43-4 = 0.2,5-25-9-51-44-4 = 0.8,5-25-9-58-43-4 = 0.2,5-34-58-46-43-4 = 0.2,4-28-15-4 = 1.0,4-17-57-4 = 1.0,5-58-10-47-43-4 = 0.2,4-45-20-40-23-8 = 0.9,4-41-50-16-5 = 0.8,4-45-20-11-8 = 0.1,8-49-10-46-14-5 = 0.8,8-27-53-8 = 1.0,7-52-19-37-7 = 0.04,,,,,,,,,,,,,,,
418,367,739.254,0,4.518,0,Prune by CG,,4-22-4 = 1.0,8-33-8 = 0.075,8-39-8 = 0.075,5-42-5 = 1.0,7-36-26-7 = 0.35,7-31-52-37-7 = 0.65,7-21-52-29-7 = 0.35,7-48-24-30-7 = 1.0,7-21-26-36-7 = 0.65,7-31-29-19-11-8 = 0.35,8-33-23-39-8 = 0.1,8-33-39-8 = 0.825,8-12-10-19-8 = 0.15,8-12-44-15-4 = 0.175,8-12-44-28-4 = 0.025,8-12-47-11-8 = 0.2,8-12-9-34-13-14-5 = 0.3,5-18-54-34-13-5 = 0.7,5-35-38-5 = 1.0,5-56-55-32-5 = 1.0,5-18-58-51-43-4 = 0.3,5-25-9-51-44-4 = 0.7,4-28-15-4 = 0.825,4-17-57-4 = 1.0,5-25-58-47-43-4 = 0.3,4-45-20-28-4 = 0.15,5-58-10-47-43-4 = 0.1,5-54-29-37-7 = 0.3,8-40-49-19-11-8 = 0.2,4-45-20-40-23-8 = 0.8,4-41-50-16-5 = 1.0,8-49-10-46-14-5 = 0.7,8-27-53-8 = 1.0,4-44-10-49-37-7 = 0.05,8-23-47-19-11-8 = 0.1,8-12-19-11-8 = 0.15,4-45-20-44-49-19-8 = 0.05,5-58-46-47-43-4 = 0.3,,,,,,,,,,,,
369,368,734.984,5.5,2.956,-0.326,419,420,4-22-4 = 1.0,8-33-8 = 0.148,8-39-8 = 0.148,5-42-5 = 1.0,7-36-26-7 = 0.045,7-31-52-29-19-7 = 0.364,7-31-52-37-7 = 0.318,7-48-24-30-7 = 1.0,7-21-54-14-5 = 0.023,7-21-26-36-7 = 0.955,7-21-49-19-37-7 = 0.023,7-52-29-37-7 = 0.318,7-31-29-19-11-8 = 0.273,8-33-39-8 = 0.852,8-12-44-15-4 = 0.011,8-12-44-28-4 = 0.034,8-12-47-11-8 = 0.727,8-12-9-10-49-8 = 0.227,7-31-29-19-37-7 = 0.045,8-10-49-19-37-7 = 0.295,8-45-20-40-23-8 = 0.455,5-41-50-16-5 = 0.25,5-18-54-34-13-5 = 0.977,5-35-38-5 = 1.0,5-56-55-32-5 = 1.0,5-18-58-51-43-5 = 0.023,5-25-9-51-44-4 = 0.75,5-34-13-51-15-4 = 0.023,8-49-10-46-47-4 = 0.25,8-49-10-51-44-4 = 0.205,5-58-46-43-14-5 = 0.727,4-28-15-4 = 0.966,4-17-57-4 = 1.0,8-9-10-46-47-4 = 0.023,4-45-20-40-23-8 = 0.545,4-41-50-16-5 = 0.75,8-27-53-8 = 1.0,5-25-58-43-14-5 = 0.25,,,,,,,,,,,,
419,369,738.225,0,3.241,0,Prune by CG,,4-22-4 = 1.0,8-39-8 = 0.182,5-42-5 = 1.0,7-36-26-7 = 0.727,7-31-52-37-7 = 0.182,7-21-52-29-7 = 0.636,7-48-24-30-7 = 1.0,7-21-10-49-19-8 = 0.091,7-31-58-51-43-5 = 0.091,7-31-9-10-49-19-8 = 0.273,7-52-29-37-7 = 0.182,7-31-29-46-47-4 = 0.182,7-31-21-26-36-7 = 0.273,8-33-23-39-8 = 0.182,8-33-39-8 = 0.636,8-33-40-11-8 = 0.182,8-12-44-15-4 = 0.091,8-12-44-28-4 = 0.091,8-12-47-11-8 = 0.818,8-10-49-19-37-7 = 0.636,8-45-20-40-23-8 = 0.364,5-41-50-16-5 = 0.182,5-18-54-34-13-5 = 0.818,5-35-38-5 = 1.0,5-56-55-32-5 = 1.0,5-18-54-13-14-5 = 0.091,5-18-25-54-5 = 0.091,5-25-9-51-44-4 = 0.727,5-34-51-44-15-4 = 0.091,5-34-13-51-46-4 = 0.091,5-58-46-43-14-5 = 0.727,4-28-15-4 = 0.636,4-15-57-4 = 0.091,4-17-57-4 = 0.909,4-17-15-28-4 = 0.091,4-45-20-28-4 = 0.182,4-45-20-40-23-8 = 0.455,4-41-50-16-5 = 0.818,8-27-53-8 = 1.0,5-25-58-43-14-5 = 0.182,,,,,,,,,,
420,369,735.66,0,0.676,0,Prune by CG,,4-22-4 = 1.0,8-33-8 = 0.15,8-39-8 = 0.15,5-42-5 = 1.0,7-37-19-11-8 = 0.05,7-31-52-29-19-7 = 0.4,7-31-52-37-7 = 0.3,7-48-24-30-7 = 1.0,7-21-26-36-7 = 1.0,7-52-29-37-7 = 0.3,7-31-29-19-11-8 = 0.2,8-33-39-8 = 0.85,8-12-47-11-8 = 0.75,8-12-9-10-49-8 = 0.25,7-31-29-19-37-7 = 0.1,8-45-20-40-23-8 = 0.25,5-41-50-16-5 = 0.5,5-18-54-34-13-5 = 1.0,5-35-38-5 = 1.0,5-56-55-32-5 = 1.0,5-25-9-51-44-4 = 0.5,8-49-10-46-47-4 = 0.25,8-49-10-51-44-4 = 0.5,5-58-46-43-14-5 = 0.5,4-28-15-4 = 1.0,4-17-57-4 = 1.0,8-9-46-19-37-7 = 0.25,4-45-20-40-23-8 = 0.75,4-41-50-16-5 = 0.5,8-27-53-8 = 1.0,5-25-58-43-14-5 = 0.5,,,,,,,,,,,,,,,,,,,
263,262,734.267,10,1.363,0.684,421,422,4-22-4 = 1.0,5-38-5 = 0.5,5-42-5 = 1.0,7-36-26-7 = 0.5,7-31-52-29-19-7 = 0.5,7-48-24-30-7 = 1.0,7-21-49-19-37-7 = 0.5,8-53-27-8 = 1.0,8-40-28-15-4 = 0.5,7-52-29-37-7 = 0.5,7-31-21-26-36-7 = 0.5,8-33-23-39-8 = 0.5,8-33-39-8 = 0.5,8-12-47-11-8 = 1.0,5-35-56-14-5 = 0.5,5-18-54-34-13-5 = 1.0,5-32-55-14-5 = 0.5,5-35-38-5 = 0.5,5-56-55-32-5 = 0.5,5-25-58-10-49-4 = 0.5,5-25-9-51-44-4 = 0.5,4-28-15-4 = 0.5,4-17-57-4 = 1.0,4-45-20-44-43-4 = 0.5,4-51-46-43-4 = 0.5,4-45-20-40-23-8 = 0.5,4-41-50-16-5 = 1.0,4-9-58-10-46-4 = 0.5,,,,,,,,,,,,,,,,,,,,,,
422,263,735.034,0,0.766,0,Prune by CG,,4-22-4 = 1.0,8-33-8 = 0.167,8-39-8 = 0.167,5-42-5 = 1.0,7-36-26-7 = 0.333,7-31-52-29-19-8 = 0.333,7-21-52-29-7 = 0.333,7-48-24-30-7 = 1.0,7-21-26-36-7 = 0.333,7-31-49-10-58-44-4 = 0.333,8-40-28-15-4 = 0.667,7-52-29-37-7 = 0.333,7-31-21-26-36-7 = 0.333,8-33-23-39-8 = 0.667,8-33-39-8 = 0.167,8-12-47-11-8 = 1.0,5-35-56-14-5 = 0.5,5-18-54-34-13-5 = 1.0,5-32-55-14-5 = 0.5,5-35-38-5 = 0.5,5-56-55-32-5 = 0.5,5-25-9-51-44-4 = 0.333,4-17-57-4 = 1.0,5-25-49-19-37-7 = 0.667,4-45-20-28-4 = 0.333,4-45-20-44-43-4 = 0.333,4-51-46-43-4 = 0.667,4-45-20-40-23-8 = 0.333,4-41-50-16-5 = 1.0,4-9-58-10-46-4 = 0.333,5-42-38-5 = 0.5,8-27-53-8 = 1.0,4-9-10-58-15-4 = 0.333,,,,,,,,,,,,,,,,,
421,263,734.62,7.75,0.353,-2.25,423,424,4-22-4 = 1.0,8-33-8 = 0.062,8-39-8 = 0.062,5-42-5 = 1.0,7-36-26-7 = 0.625,7-31-52-29-19-7 = 0.125,7-21-52-29-7 = 0.25,7-48-24-30-7 = 1.0,7-21-49-19-37-7 = 0.375,7-52-29-37-7 = 0.125,7-31-21-26-36-7 = 0.375,8-33-23-39-8 = 0.5,8-33-39-8 = 0.438,8-12-47-11-8 = 1.0,7-31-52-29-14-5 = 0.5,5-35-56-14-5 = 0.063,5-18-54-34-13-5 = 0.625,5-32-55-14-5 = 0.063,5-35-38-5 = 0.937,5-56-55-32-5 = 0.937,5-18-54-13-14-5 = 0.375,5-25-58-10-49-4 = 0.125,5-25-9-10-58-4 = 0.375,5-25-9-51-44-4 = 0.5,5-34-58-10-46-4 = 0.375,4-28-15-4 = 1.0,4-17-57-4 = 1.0,4-45-20-44-43-4 = 0.5,4-51-46-43-4 = 0.5,4-45-20-40-23-8 = 0.5,4-41-50-16-5 = 1.0,5-42-38-5 = 0.063,8-27-53-8 = 1.0,5-9-58-10-46-4 = 0.125,8-40-49-19-37-7 = 0.5,,,,,,,,,,,,,,,
424,421,736.304,0,1.684,0,Prune by CG,,4-22-4 = 1.0,8-33-8 = 0.067,5-38-5 = 0.1,8-39-8 = 0.133,5-42-5 = 1.0,7-36-26-7 = 0.367,7-31-52-29-19-8 = 0.133,7-48-37-7 = 0.1,7-24-30-7 = 0.1,7-21-52-29-5 = 0.233,7-48-24-30-7 = 0.9,7-21-52-49-47-4 = 0.033,7-21-26-36-7 = 0.367,7-31-21-26-36-7 = 0.267,8-33-23-39-8 = 0.533,8-33-39-8 = 0.333,8-33-40-11-8 = 0.067,8-12-44-28-4 = 0.067,8-12-47-11-8 = 0.933,7-31-52-29-14-5 = 0.6,5-35-56-21-7 = 0.1,5-18-54-34-13-5 = 0.7,5-32-55-14-5 = 0.1,5-35-38-5 = 0.9,5-56-55-32-5 = 0.9,5-18-54-13-14-5 = 0.3,5-25-9-10-58-4 = 0.267,5-25-9-51-44-4 = 0.3,5-34-58-10-46-4 = 0.3,8-49-51-44-15-4 = 0.067,4-28-15-4 = 0.933,4-17-57-4 = 1.0,5-25-49-19-37-7 = 0.433,4-45-20-44-43-4 = 0.533,4-51-46-43-4 = 0.433,4-45-20-40-23-8 = 0.467,4-41-50-16-5 = 1.0,8-27-53-8 = 1.0,5-9-58-10-46-4 = 0.267,8-40-49-19-37-7 = 0.433,8-40-49-29-37-7 = 0.033,4-44-51-47-43-4 = 0.033,5-9-10-58-51-4 = 0.167,,,,,,,
423,421,734.822,9.24,0.202,1.49,425,426,4-22-4 = 1.0,8-39-8 = 0.2,5-42-5 = 1.0,7-36-26-7 = 0.48,7-31-52-29-19-7 = 0.48,7-48-24-30-7 = 1.0,7-21-49-19-37-7 = 0.48,8-40-28-15-4 = 0.12,7-52-29-37-7 = 0.52,7-31-21-26-36-7 = 0.52,8-33-23-39-8 = 0.36,8-33-39-8 = 0.44,8-33-40-11-8 = 0.2,8-12-44-28-4 = 0.2,8-12-47-11-8 = 0.76,5-35-56-14-5 = 0.32,5-18-54-34-13-5 = 0.88,5-32-55-14-5 = 0.32,5-35-38-5 = 0.68,5-56-55-32-5 = 0.68,5-18-54-13-14-5 = 0.12,5-25-58-10-49-4 = 0.16,5-25-9-46-47-4 = 0.24,5-25-9-10-58-4 = 0.6,5-34-58-10-46-4 = 0.12,8-12-9-49-46-4 = 0.04,8-49-51-44-15-4 = 0.28,4-28-15-4 = 0.6,4-17-57-4 = 1.0,4-45-20-28-4 = 0.08,4-45-20-44-43-4 = 0.28,4-51-46-43-4 = 0.48,8-40-49-19-11-8 = 0.04,4-45-20-40-23-8 = 0.64,4-41-50-16-5 = 1.0,5-42-38-5 = 0.32,8-27-53-8 = 1.0,5-9-58-10-46-4 = 0.12,4-44-51-43-14-5 = 0.24,,,,,,,,,,,
425,423,737.63,0,2.808,0,Prune by CG,,4-22-4 = 1.0,5-38-5 = 0.342,8-39-8 = 0.089,5-42-5 = 1.0,7-21-55-14-5 = 0.097,7-36-26-7 = 0.194,7-31-52-29-19-7 = 0.425,7-31-52-37-7 = 0.15,7-21-32-14-5 = 0.097,7-48-24-30-7 = 1.0,7-21-26-36-7 = 0.611,7-31-49-46-47-23-8 = 0.081,8-40-28-15-4 = 0.358,7-52-29-37-7 = 0.425,7-31-29-19-11-8 = 0.15,7-31-21-26-36-7 = 0.194,8-33-23-39-8 = 0.278,8-33-39-8 = 0.633,8-12-47-11-8 = 0.85,5-35-56-14-5 = 0.342,5-18-54-34-13-5 = 1.0,5-32-55-14-5 = 0.244,5-35-38-5 = 0.658,5-56-55-32-5 = 0.658,5-25-9-10-58-4 = 0.506,5-25-9-51-44-4 = 0.414,4-28-15-4 = 0.642,4-17-57-4 = 1.0,4-20-51-43-4 = 0.183,8-49-46-19-37-7 = 0.425,4-45-20-44-43-4 = 0.264,4-45-44-51-43-4 = 0.103,4-45-20-40-23-8 = 0.553,4-41-50-16-5 = 1.0,4-12-47-43-4 = 0.069,4-45-12-9-43-4 = 0.081,4-25-51-43-4 = 0.081,5-58-49-10-46-4 = 0.494,8-27-53-8 = 1.0,8-33-40-23-8 = 0.089,4-44-51-43-14-5 = 0.219,,,,,,,,,
426,423,734.906,8.667,0.084,-0.573,427,428,4-22-4 = 1.0,5-38-5 = 0.333,8-39-8 = 0.083,5-42-5 = 1.0,7-36-26-7 = 0.417,7-31-52-29-19-7 = 0.417,7-48-24-30-7 = 1.0,7-21-49-19-37-7 = 0.417,7-52-29-37-7 = 0.583,7-31-21-26-36-7 = 0.583,8-33-23-39-8 = 0.25,8-33-39-8 = 0.667,8-33-40-11-8 = 0.083,8-12-44-28-4 = 0.25,8-12-47-11-8 = 0.75,8-45-20-40-23-8 = 0.25,5-35-56-14-5 = 0.333,5-18-54-34-13-5 = 0.917,5-32-55-14-5 = 0.333,5-35-38-5 = 0.667,5-56-55-32-5 = 0.667,5-18-54-13-14-5 = 0.083,5-25-58-10-49-4 = 0.167,5-25-9-46-47-4 = 0.25,5-25-9-10-58-4 = 0.583,5-34-58-10-46-4 = 0.083,8-49-51-44-15-4 = 0.25,4-28-15-4 = 0.75,4-17-57-4 = 1.0,4-45-20-44-43-4 = 0.25,4-51-46-43-4 = 0.5,8-40-49-19-11-8 = 0.167,4-45-20-40-23-8 = 0.5,4-41-50-16-5 = 1.0,8-27-53-8 = 1.0,5-9-58-10-46-4 = 0.167,4-44-51-43-14-5 = 0.25,,,,,,,,,,,,,
427,426,735.804,0,0.898,0,Prune by CG,,4-22-4 = 1.0,5-38-5 = 0.1,8-39-8 = 0.2,5-42-5 = 1.0,7-36-26-7 = 0.667,7-31-52-29-19-7 = 0.333,7-48-24-30-7 = 1.0,7-21-49-19-37-7 = 0.667,7-52-29-37-7 = 0.333,7-31-21-26-36-7 = 0.333,8-33-23-39-8 = 0.2,8-33-39-8 = 0.6,8-33-40-11-8 = 0.2,8-12-44-15-4 = 0.033,8-12-44-28-4 = 0.167,8-12-47-11-8 = 0.8,8-45-20-40-23-8 = 0.6,5-35-56-14-5 = 0.1,5-18-54-34-13-5 = 0.6,5-32-55-14-5 = 0.1,5-35-38-5 = 0.9,5-56-55-32-5 = 0.9,5-18-54-13-14-5 = 0.4,5-25-9-46-47-4 = 0.2,5-25-9-10-58-4 = 0.6,5-25-9-51-44-4 = 0.2,5-34-58-10-46-4 = 0.4,4-28-15-4 = 0.7,4-15-57-4 = 0.133,4-17-57-4 = 0.867,4-17-15-28-4 = 0.133,4-45-20-44-43-4 = 0.2,4-51-46-43-4 = 0.4,4-45-20-40-23-8 = 0.2,4-41-50-16-5 = 1.0,8-27-53-8 = 1.0,4-44-51-43-14-5 = 0.4,7-31-52-49-29-7 = 0.333,,,,,,,,,,,,
428,426,735.813,0,0.907,0,Prune by CG,,4-22-4 = 1.0,8-33-8 = 0.043,5-38-5 = 0.336,8-39-8 = 0.043,5-42-5 = 1.0,7-21-55-14-5 = 0.121,7-36-26-7 = 0.241,7-31-52-29-19-7 = 0.362,7-31-52-37-7 = 0.121,7-21-32-14-5 = 0.121,7-48-24-30-7 = 1.0,7-21-26-36-7 = 0.362,7-52-29-37-7 = 0.517,7-31-21-26-36-7 = 0.397,8-33-23-39-8 = 0.345,8-33-39-8 = 0.612,8-12-44-28-4 = 0.276,8-12-47-11-8 = 0.724,7-31-29-19-37-7 = 0.121,5-35-56-14-5 = 0.336,5-18-54-34-13-5 = 0.897,5-32-55-14-5 = 0.216,5-35-38-5 = 0.664,5-56-55-32-5 = 0.664,5-54-34-13-14-5 = 0.103,5-25-58-10-49-4 = 0.069,5-25-9-46-47-4 = 0.172,5-25-9-10-58-4 = 0.586,5-18-58-10-49-47-4 = 0.103,8-49-51-44-15-4 = 0.31,4-28-15-4 = 0.69,4-17-57-4 = 1.0,5-25-49-19-37-7 = 0.172,4-45-20-28-4 = 0.034,4-45-20-44-43-4 = 0.31,4-51-46-43-4 = 0.586,8-40-49-19-11-8 = 0.276,4-45-20-40-23-8 = 0.655,4-41-50-16-5 = 1.0,8-27-53-8 = 1.0,5-9-58-10-46-4 = 0.241,4-44-51-43-14-5 = 0.103,8-40-49-19-37-7 = 0.069,,,,,,,
298,33,733.646,11.25,0.454,0.517,429,430,4-22-4 = 1.0,5-38-5 = 0.5,8-39-8 = 0.625,5-42-5 = 1.0,7-31-52-29-19-8 = 0.5,7-48-24-30-7 = 1.0,7-21-26-36-7 = 0.5,7-52-29-37-7 = 0.5,7-31-21-26-36-7 = 0.5,8-33-23-11-8 = 0.25,8-33-23-39-8 = 0.375,8-33-40-11-8 = 0.125,8-12-47-11-8 = 0.25,8-12-9-10-49-8 = 0.375,8-40-44-51-43-4 = 0.5,8-10-49-19-37-7 = 0.5,5-35-56-14-5 = 0.5,5-18-54-34-13-5 = 1.0,5-32-55-14-5 = 0.5,5-35-38-5 = 0.5,5-25-58-46-4 = 0.125,5-25-58-51-47-4 = 0.25,5-56-55-32-5 = 0.5,5-25-9-58-46-4 = 0.625,8-49-10-46-47-8 = 0.125,4-28-15-4 = 0.125,4-15-57-4 = 0.375,4-17-57-4 = 0.625,4-17-15-28-4 = 0.375,4-45-20-28-4 = 0.5,4-45-20-44-43-4 = 0.375,4-51-46-43-4 = 0.125,4-45-44-51-15-4 = 0.125,4-41-50-16-5 = 1.0,4-12-47-11-8 = 0.375,4-20-40-23-8 = 0.125,8-27-53-8 = 1.0,8-33-40-23-8 = 0.25,,,,,,,,,,,,
429,298,737.614,0,3.969,0,Prune by CG,,4-22-4 = 1.0,5-42-5 = 1.0,7-48-24-30-7 = 1.0,7-21-26-36-7 = 1.0,8-33-39-8 = 1.0,8-12-47-11-8 = 1.0,8-10-49-19-37-7 = 1.0,7-31-52-29-14-5 = 1.0,5-41-50-16-5 = 1.0,5-18-54-34-13-5 = 1.0,5-35-38-5 = 1.0,5-56-55-32-5 = 1.0,5-25-9-58-46-4 = 1.0,4-15-28-4 = 1.0,4-17-57-4 = 1.0,4-45-44-51-43-4 = 1.0,4-20-40-23-8 = 1.0,8-27-53-8 = 1.0,,,,,,,,,,,,,,,,,,,,,,,,,,,,,,,,
430,298,733.646,11.25,0,0,431,432,4-22-4 = 1.0,5-38-5 = 0.5,8-39-8 = 0.625,5-42-5 = 1.0,7-31-52-29-19-8 = 0.5,7-48-24-30-7 = 1.0,7-21-26-36-7 = 0.5,7-52-29-37-7 = 0.5,7-31-21-26-36-7 = 0.5,8-33-23-11-8 = 0.25,8-33-23-39-8 = 0.375,8-12-47-11-8 = 0.25,8-12-9-10-49-8 = 0.375,8-40-44-51-43-4 = 0.5,8-10-49-19-37-7 = 0.5,5-35-56-14-5 = 0.5,5-18-54-34-13-5 = 1.0,5-32-55-14-5 = 0.5,5-35-38-5 = 0.5,5-25-58-46-4 = 0.125,5-25-58-51-47-4 = 0.25,5-56-55-32-5 = 0.5,5-25-9-58-46-4 = 0.625,8-49-10-46-47-8 = 0.125,4-28-15-4 = 0.125,4-15-57-4 = 0.375,4-17-57-4 = 0.625,4-17-15-28-4 = 0.375,4-45-20-28-4 = 0.5,4-45-20-44-43-4 = 0.375,4-51-46-43-4 = 0.125,4-45-44-51-15-4 = 0.125,4-20-40-11-8 = 0.125,4-41-50-16-5 = 1.0,4-12-47-11-8 = 0.375,8-27-53-8 = 1.0,8-33-40-23-8 = 0.375,,,,,,,,,,,,,
431,430,734.026,10.741,0.381,-0.509,433,434,4-22-4 = 1.0,5-38-5 = 0.5,8-39-8 = 0.481,5-42-5 = 1.0,7-31-52-29-19-8 = 0.5,7-21-52-29-7 = 0.074,7-48-24-30-7 = 1.0,7-21-26-36-7 = 0.5,7-52-29-37-7 = 0.426,7-31-21-26-36-7 = 0.426,8-33-23-39-8 = 0.519,8-33-40-11-8 = 0.111,8-12-47-11-8 = 0.685,8-12-9-10-49-8 = 0.315,8-40-44-51-43-4 = 0.315,8-10-49-19-37-7 = 0.5,5-35-56-14-5 = 0.5,5-18-54-34-13-5 = 1.0,5-32-55-14-5 = 0.5,5-35-38-5 = 0.5,5-25-58-46-4 = 0.037,5-25-58-51-47-4 = 0.241,5-56-55-32-5 = 0.5,5-25-9-58-46-4 = 0.685,4-28-15-4 = 0.315,4-15-57-4 = 0.259,4-17-57-4 = 0.741,4-17-15-28-4 = 0.259,4-45-20-28-4 = 0.426,4-45-20-44-43-4 = 0.407,4-51-46-43-4 = 0.278,4-45-44-51-15-4 = 0.167,5-25-58-49-40-23-8 = 0.037,4-20-40-11-8 = 0.167,4-41-50-16-5 = 1.0,7-26-36-7 = 0.074,8-27-53-8 = 1.0,4-44-10-49-37-7 = 0.074,8-33-40-23-8 = 0.37,4-44-10-11-8 = 0.037,7-31-49-10-47-23-8 = 0.074,,,,,,,,,
434,431,738.365,0,4.338,0,Prune by CG,,4-22-4 = 1.0,8-33-8 = 0.167,5-38-5 = 0.5,8-39-8 = 0.5,5-42-5 = 1.0,7-31-52-29-19-8 = 0.5,7-31-52-37-7 = 0.167,7-48-24-30-7 = 1.0,7-21-26-36-7 = 0.833,7-52-29-37-7 = 0.333,7-31-21-26-36-7 = 0.167,8-33-23-39-8 = 0.5,8-33-40-11-8 = 0.333,8-12-47-11-8 = 0.667,8-40-44-51-43-4 = 0.333,5-35-56-14-5 = 0.5,5-18-54-34-13-5 = 1.0,5-32-55-14-5 = 0.5,5-35-38-5 = 0.5,5-56-55-32-5 = 0.5,5-25-9-58-46-4 = 0.333,5-25-58-49-46-4 = 0.333,8-49-51-44-15-4 = 0.333,4-15-57-4 = 0.333,4-17-57-4 = 0.667,4-17-15-28-4 = 0.333,4-45-20-28-4 = 0.667,4-45-20-44-43-4 = 0.333,4-51-46-43-4 = 0.333,5-25-58-49-40-23-8 = 0.333,4-41-50-16-5 = 1.0,4-9-10-19-37-7 = 0.333,8-9-10-19-37-7 = 0.167,8-27-53-8 = 1.0,8-12-10-29-7 = 0.167,8-12-10-47-8 = 0.167,7-31-9-10-47-23-8 = 0.167,,,,,,,,,,,,,
433,431,734.036,10.706,0.01,-0.035,435,436,4-22-4 = 1.0,5-38-5 = 0.5,8-39-8 = 0.412,5-42-5 = 1.0,7-36-26-7 = 0.118,7-31-52-29-19-8 = 0.441,7-21-52-29-7 = 0.118,7-48-24-30-7 = 1.0,7-21-26-36-7 = 0.441,7-52-29-37-7 = 0.441,7-31-21-26-36-7 = 0.441,8-33-23-39-8 = 0.588,8-33-40-11-8 = 0.118,8-12-47-11-8 = 0.5,8-12-9-10-49-8 = 0.324,8-40-44-51-43-4 = 0.382,8-10-49-19-37-7 = 0.559,5-35-56-14-5 = 0.5,5-18-54-34-13-5 = 1.0,5-32-55-14-5 = 0.5,5-35-38-5 = 0.5,5-25-58-46-4 = 0.118,5-25-58-51-47-4 = 0.206,5-56-55-32-5 = 0.5,5-25-9-58-46-4 = 0.676,4-28-15-4 = 0.441,4-15-57-4 = 0.176,4-17-57-4 = 0.824,4-17-15-28-4 = 0.176,4-45-20-28-4 = 0.382,4-45-20-44-43-4 = 0.412,4-51-46-43-4 = 0.206,4-45-44-51-15-4 = 0.206,4-20-40-11-8 = 0.206,4-41-50-16-5 = 1.0,4-12-47-11-8 = 0.176,8-27-53-8 = 1.0,8-33-40-23-8 = 0.294,7-31-49-10-47-23-8 = 0.118,,,,,,,,,,,
436,433,734.543,9.233,0.507,-1.473,437,438,4-22-4 = 1.0,8-33-8 = 0.167,5-38-5 = 0.45,8-39-8 = 0.3,5-42-5 = 1.0,7-36-26-7 = 0.333,7-31-52-29-19-8 = 0.233,7-31-52-37-7 = 0.167,7-21-52-29-7 = 0.333,7-48-24-30-7 = 1.0,7-21-26-36-7 = 0.433,7-52-29-37-7 = 0.233,7-31-29-19-11-8 = 0.167,7-31-21-26-36-7 = 0.233,8-33-23-39-8 = 0.7,8-12-9-10-49-8 = 0.233,8-40-44-51-43-4 = 0.8,8-10-49-19-37-7 = 0.6,7-31-52-29-14-5 = 0.033,5-35-56-14-5 = 0.483,5-18-54-34-13-5 = 1.0,5-32-55-14-5 = 0.483,5-38-50-16-5 = 0.017,5-38-41-57-4 = 0.017,5-35-38-5 = 0.517,5-25-58-46-4 = 0.167,5-25-58-51-47-4 = 0.067,5-56-55-32-5 = 0.517,5-25-9-58-46-4 = 0.767,4-15-57-4 = 0.367,4-17-57-4 = 0.617,4-17-15-28-4 = 0.383,4-45-20-28-4 = 0.617,4-45-20-44-43-4 = 0.133,4-51-46-43-4 = 0.067,4-45-44-51-15-4 = 0.067,4-20-40-11-8 = 0.067,4-41-50-16-5 = 0.983,4-12-47-11-8 = 0.767,4-45-20-15-4 = 0.183,8-27-53-8 = 1.0,8-33-40-23-8 = 0.133,7-31-49-10-47-23-8 = 0.167,,,,,,,
437,436,736.294,0,1.751,0,Prune by CG,,4-22-4 = 1.0,8-33-8 = 0.093,5-38-5 = 0.547,8-39-8 = 0.093,5-42-5 = 1.0,7-36-26-7 = 0.333,7-31-52-29-19-7 = 0.333,7-21-52-29-7 = 0.053,7-48-24-30-7 = 1.0,7-21-10-49-19-8 = 0.28,7-52-29-37-7 = 0.613,7-31-21-26-36-7 = 0.667,8-33-23-39-8 = 0.907,8-12-9-10-49-8 = 0.133,8-40-44-51-43-4 = 0.893,8-10-49-19-37-7 = 0.387,5-35-56-5 = 0.093,5-35-56-14-5 = 0.453,5-18-54-34-13-5 = 1.0,5-32-55-14-5 = 0.547,5-35-38-5 = 0.453,5-25-58-46-4 = 0.093,5-25-58-51-47-4 = 0.04,5-56-55-32-5 = 0.453,5-25-9-58-46-4 = 0.867,4-28-15-4 = 0.533,4-17-57-4 = 1.0,4-45-20-28-4 = 0.467,4-45-20-44-43-4 = 0.067,4-51-46-43-4 = 0.04,4-45-44-51-15-4 = 0.027,4-20-40-11-8 = 0.027,4-41-50-16-5 = 1.0,4-12-47-11-8 = 0.867,4-45-20-15-4 = 0.44,8-27-53-8 = 1.0,8-49-10-44-47-23-8 = 0.013,8-40-49-10-47-23-8 = 0.08,7-49-10-11-8 = 0.107,,,,,,,,,,,
438,436,735.561,0,1.018,0,Prune by CG,,4-22-4 = 1.0,5-38-5 = 0.2,8-39-8 = 0.4,5-42-5 = 1.0,7-36-26-7 = 0.2,7-31-52-29-19-8 = 0.2,7-48-37-7 = 0.2,7-24-30-7 = 0.2,7-48-24-30-7 = 0.8,7-21-26-36-7 = 0.8,8-33-23-39-8 = 0.6,8-12-9-10-49-8 = 0.2,8-40-44-51-43-4 = 0.4,8-10-49-19-37-7 = 0.8,7-31-52-29-14-5 = 0.8,5-41-50-16-5 = 0.6,5-35-56-21-7 = 0.2,5-18-54-34-13-5 = 1.0,5-32-55-14-5 = 0.2,5-35-38-5 = 0.8,5-25-58-51-47-4 = 0.2,5-56-55-32-5 = 0.8,5-25-9-58-46-4 = 0.8,4-28-15-4 = 0.4,4-15-57-4 = 0.2,4-17-57-4 = 0.8,4-17-15-28-4 = 0.2,4-45-20-28-4 = 0.4,4-45-20-44-43-4 = 0.4,4-51-46-43-4 = 0.2,4-45-44-51-15-4 = 0.2,4-20-40-11-8 = 0.2,4-41-50-16-5 = 0.4,4-12-47-11-8 = 0.8,8-27-53-8 = 1.0,8-33-40-23-8 = 0.4,,,,,,,,,,,,,,
435,433,734.213,10.717,0.177,0.011,439,440,4-22-4 = 1.0,5-38-5 = 0.5,8-39-8 = 0.608,5-42-5 = 1.0,7-36-26-7 = 0.017,7-31-52-29-19-8 = 0.617,7-21-52-29-7 = 0.017,7-48-24-30-7 = 1.0,7-21-26-36-7 = 0.617,7-52-29-37-7 = 0.367,7-31-21-26-36-7 = 0.367,8-33-23-11-8 = 0.175,8-33-23-39-8 = 0.233,8-33-40-11-8 = 0.175,8-40-23-39-8 = 0.158,8-12-47-11-8 = 0.65,8-12-9-10-49-8 = 0.35,8-40-44-51-43-4 = 0.25,8-10-49-19-37-7 = 0.383,5-35-56-14-5 = 0.5,5-18-54-34-13-5 = 1.0,5-32-55-14-5 = 0.5,5-35-38-5 = 0.5,5-25-58-46-4 = 0.017,5-25-58-51-47-4 = 0.333,5-56-55-32-5 = 0.5,5-25-9-58-46-4 = 0.65,4-15-57-4 = 0.5,4-17-57-4 = 0.5,4-17-15-28-4 = 0.5,4-45-20-28-4 = 0.5,4-45-20-44-43-4 = 0.417,4-45-20-44-51-4 = 0.083,4-51-46-43-4 = 0.333,4-41-50-16-5 = 1.0,8-27-53-8 = 1.0,4-44-10-49-37-7 = 0.25,8-33-40-23-8 = 0.417,7-31-49-10-47-23-8 = 0.017,,,,,,,,,,,
439,435,737.345,0,3.132,0,Prune by CG,,4-22-4 = 1.0,5-38-5 = 0.5,8-39-8 = 0.583,5-42-5 = 1.0,7-31-52-29-19-7 = 0.083,7-31-52-29-19-8 = 0.292,7-31-52-37-7 = 0.083,7-48-24-30-7 = 1.0,7-21-26-36-7 = 0.542,7-52-29-37-7 = 0.542,7-31-21-26-36-7 = 0.458,8-33-23-11-8 = 0.042,8-33-23-39-8 = 0.417,8-33-40-11-8 = 0.208,8-12-47-11-8 = 0.458,8-12-9-10-49-8 = 0.542,8-40-44-51-43-4 = 0.25,7-31-29-19-37-7 = 0.083,5-35-56-14-5 = 0.5,5-18-54-34-13-5 = 1.0,5-32-55-14-5 = 0.5,5-35-38-5 = 0.5,5-25-58-46-4 = 0.208,5-25-58-51-47-4 = 0.333,5-56-55-32-5 = 0.5,5-25-9-58-46-4 = 0.458,4-15-57-4 = 0.5,4-17-57-4 = 0.5,4-17-15-28-4 = 0.5,4-45-20-28-4 = 0.5,4-45-20-44-43-4 = 0.417,4-45-20-44-51-4 = 0.083,4-51-46-43-4 = 0.333,4-41-50-16-5 = 1.0,8-27-53-8 = 1.0,8-11-19-37-7 = 0.292,8-33-40-23-8 = 0.333,8-40-49-10-47-23-8 = 0.208,4-44-10-49-19-8 = 0.25,,,,,,,,,,,
440,435,735.536,0,1.323,0,Prune by CG,,4-22-4 = 1.0,5-38-5 = 0.031,8-39-8 = 0.875,5-42-5 = 1.0,7-36-26-7 = 0.125,7-31-52-29-19-8 = 0.562,7-21-52-29-7 = 0.125,7-48-24-30-7 = 1.0,7-21-26-36-7 = 0.875,8-33-23-39-8 = 0.125,8-12-47-11-8 = 1.0,8-40-44-51-43-4 = 0.125,8-10-49-19-37-7 = 0.438,7-31-52-29-14-5 = 0.313,5-35-56-14-5 = 0.344,5-18-54-34-13-5 = 1.0,5-32-55-14-5 = 0.344,5-38-50-16-5 = 0.156,5-38-41-57-4 = 0.156,5-35-38-5 = 0.656,5-56-55-32-5 = 0.656,5-25-9-58-46-4 = 0.562,5-25-9-58-51-4 = 0.438,4-15-57-4 = 0.375,4-17-57-4 = 0.469,4-17-15-28-4 = 0.531,4-45-20-28-4 = 0.469,4-45-20-44-43-4 = 0.438,4-51-46-43-4 = 0.438,4-41-50-16-5 = 0.844,4-45-20-15-4 = 0.094,8-27-53-8 = 1.0,4-44-10-49-37-7 = 0.438,8-33-40-23-8 = 0.875,7-31-10-49-37-7 = 0.125,,,,,,,,,,,,,,,
237,214,734.915,8.286,0.096,1.675,441,442,4-22-4 = 1.0,5-38-5 = 0.214,8-39-8 = 0.357,5-42-5 = 1.0,7-36-26-7 = 0.214,7-21-52-29-7 = 0.214,7-48-24-30-7 = 1.0,7-21-26-36-7 = 0.786,7-31-58-10-49-19-7 = 0.786,7-31-49-10-58-14-5 = 0.214,8-53-27-8 = 1.0,7-52-29-37-7 = 0.786,8-33-23-39-8 = 0.357,8-33-39-8 = 0.286,8-33-40-11-8 = 0.357,8-12-44-15-4 = 0.214,8-12-44-28-4 = 0.143,8-12-47-11-8 = 0.643,8-45-20-40-23-8 = 0.071,5-35-56-14-5 = 0.357,5-18-54-34-13-5 = 0.929,5-32-55-14-5 = 0.357,5-38-50-16-5 = 0.071,5-38-41-57-4 = 0.071,5-35-38-5 = 0.643,5-25-51-43-4 = 0.286,5-56-55-32-5 = 0.643,5-54-34-13-14-5 = 0.071,5-25-9-46-47-4 = 0.357,5-25-9-51-44-4 = 0.357,4-28-15-4 = 0.714,4-17-57-4 = 0.929,4-17-15-28-4 = 0.071,5-18-9-46-43-4 = 0.071,4-45-20-28-4 = 0.071,4-45-20-44-43-4 = 0.286,4-51-46-43-4 = 0.357,8-9-46-19-37-7 = 0.214,4-45-20-40-23-8 = 0.571,4-41-50-16-5 = 0.929,,,,,,,,,,
441,237,738.165,0,3.251,0,Prune by CG,,4-22-4 = 1.0,8-39-8 = 0.368,5-42-5 = 1.0,7-48-24-30-7 = 1.0,7-21-26-36-7 = 1.0,7-31-58-10-49-19-7 = 1.0,7-52-29-37-7 = 1.0,8-33-23-39-8 = 0.632,8-12-44-15-4 = 0.316,8-12-47-11-8 = 0.526,8-40-44-51-43-4 = 0.158,5-35-56-14-5 = 0.421,5-18-54-34-13-5 = 0.842,5-32-55-14-5 = 0.421,5-35-38-5 = 0.579,5-25-51-43-4 = 0.053,5-56-55-32-5 = 0.579,5-18-25-9-43-4 = 0.158,5-54-34-13-14-5 = 0.158,5-25-9-46-47-4 = 0.474,5-25-9-51-44-4 = 0.211,5-25-9-44-43-4 = 0.105,4-17-57-4 = 1.0,4-12-44-15-4 = 0.158,4-45-20-28-4 = 0.526,4-51-46-43-4 = 0.526,4-20-40-11-8 = 0.474,4-41-50-16-5 = 1.0,5-42-38-5 = 0.421,4-45-28-15-4 = 0.474,8-27-53-8 = 1.0,8-33-40-23-8 = 0.368,4-9-51-44-15-4 = 0.053,,,,,,,,,,,,,,,,,
442,237,734.932,8.214,0.018,-0.071,443,444,4-22-4 = 1.0,8-39-8 = 0.321,5-42-5 = 1.0,7-36-26-7 = 0.214,7-21-52-29-7 = 0.214,7-48-24-30-7 = 1.0,7-21-26-36-7 = 0.786,7-31-58-10-49-19-7 = 0.786,7-31-49-10-58-14-5 = 0.214,7-52-29-37-7 = 0.786,8-33-23-39-8 = 0.321,8-33-39-8 = 0.357,8-33-40-11-8 = 0.321,8-12-44-15-4 = 0.179,8-12-44-28-4 = 0.179,8-12-47-11-8 = 0.643,8-45-20-11-8 = 0.036,8-45-20-40-23-8 = 0.107,5-35-56-14-5 = 0.357,5-18-54-34-13-5 = 0.929,5-32-55-14-5 = 0.357,5-38-50-16-5 = 0.071,5-38-41-57-4 = 0.071,5-35-38-5 = 0.643,5-25-51-43-4 = 0.286,5-56-55-32-5 = 0.643,5-54-34-13-14-5 = 0.071,5-25-9-46-47-4 = 0.357,5-25-9-51-44-4 = 0.357,4-28-15-4 = 0.75,4-17-57-4 = 0.929,4-17-15-28-4 = 0.071,5-18-9-46-43-4 = 0.071,4-45-20-44-43-4 = 0.286,4-51-46-43-4 = 0.357,8-9-46-19-37-7 = 0.214,4-45-20-40-23-8 = 0.571,4-41-50-16-5 = 0.929,5-42-38-5 = 0.214,8-27-53-8 = 1.0,,,,,,,,,,
444,442,735.731,0,0.799,0,Prune by CG,,4-22-4 = 1.0,8-39-8 = 0.167,5-42-5 = 1.0,7-48-24-30-7 = 1.0,7-21-26-36-7 = 1.0,7-31-58-10-49-19-7 = 1.0,7-52-29-37-7 = 1.0,8-33-23-39-8 = 0.167,8-33-39-8 = 0.667,8-33-40-11-8 = 0.167,8-12-47-11-8 = 0.667,8-45-20-11-8 = 0.167,8-45-20-40-23-8 = 0.833,5-35-56-14-5 = 0.5,5-18-54-34-13-5 = 1.0,5-32-55-14-5 = 0.5,5-35-38-5 = 0.5,5-56-55-32-5 = 0.5,5-25-9-46-47-4 = 0.333,5-25-9-51-44-4 = 0.333,5-25-9-44-43-4 = 0.333,4-28-15-4 = 0.333,4-15-57-4 = 0.333,4-17-57-4 = 0.667,4-17-15-28-4 = 0.333,4-12-44-28-4 = 0.333,4-51-46-43-4 = 0.667,4-41-50-16-5 = 1.0,5-42-38-5 = 0.5,8-27-53-8 = 1.0,,,,,,,,,,,,,,,,,,,,
443,442,734.954,9,0.022,0.786,445,446,4-22-4 = 1.0,8-33-8 = 0.167,8-39-8 = 0.5,5-42-5 = 1.0,7-36-26-7 = 0.333,7-21-52-29-7 = 0.333,7-48-24-30-7 = 1.0,7-21-26-36-7 = 0.667,7-31-58-10-49-19-7 = 0.667,7-31-49-10-58-14-5 = 0.333,7-52-29-37-7 = 0.667,8-33-23-39-8 = 0.333,8-33-39-8 = 0.167,8-33-40-11-8 = 0.333,8-12-44-15-4 = 0.167,8-12-44-28-4 = 0.167,8-12-47-11-8 = 0.667,5-35-56-14-5 = 0.333,5-18-54-34-13-5 = 1.0,5-32-55-14-5 = 0.333,5-38-50-16-5 = 0.167,5-38-41-57-4 = 0.167,5-35-38-5 = 0.667,5-25-51-43-4 = 0.333,5-56-55-32-5 = 0.667,5-25-9-46-47-4 = 0.333,5-25-9-51-44-4 = 0.333,4-28-15-4 = 0.667,4-17-57-4 = 0.833,4-17-15-28-4 = 0.167,4-45-20-44-43-4 = 0.333,4-51-46-43-4 = 0.333,8-9-46-19-37-7 = 0.333,4-45-20-40-23-8 = 0.667,4-41-50-16-5 = 0.833,8-27-53-8 = 1.0,,,,,,,,,,,,,,
445,443,736.908,0,1.954,0,Prune by CG,,4-22-4 = 1.0,8-39-8 = 0.5,5-42-5 = 1.0,7-48-24-30-7 = 1.0,7-21-26-36-7 = 1.0,7-31-58-10-49-19-7 = 1.0,7-52-29-37-7 = 1.0,8-33-23-39-8 = 0.5,8-33-40-11-8 = 0.5,8-12-44-28-4 = 0.5,8-12-47-43-4 = 0.5,5-35-56-14-5 = 0.5,5-18-54-34-13-5 = 1.0,5-32-55-14-5 = 0.5,5-35-38-5 = 0.5,5-56-55-32-5 = 0.5,5-25-9-46-47-4 = 0.5,5-25-9-51-44-4 = 0.5,4-15-57-4 = 0.5,4-17-57-4 = 0.5,4-17-15-28-4 = 0.5,4-51-46-43-4 = 0.5,4-45-20-40-23-8 = 0.5,4-41-50-16-5 = 1.0,4-45-20-11-8 = 0.5,5-42-38-5 = 0.5,8-27-53-8 = 1.0,,,,,,,,,,,,,,,,,,,,,,,
446,443,736.086,0,1.131,0,Prune by CG,,4-22-4 = 1.0,8-33-8 = 0.273,8-39-8 = 0.545,5-42-5 = 1.0,7-21-52-29-7 = 0.091,7-48-24-30-7 = 1.0,7-21-26-36-7 = 0.909,7-31-58-10-49-19-7 = 0.636,7-31-49-10-58-14-5 = 0.364,8-40-28-15-4 = 0.182,7-52-29-37-7 = 0.909,8-33-23-39-8 = 0.455,8-33-40-11-8 = 0.273,8-12-47-11-8 = 0.727,5-35-56-14-5 = 0.273,5-18-54-34-13-5 = 0.909,5-32-55-14-5 = 0.273,5-38-50-16-5 = 0.136,5-38-41-57-4 = 0.136,5-35-38-5 = 0.727,5-25-51-43-4 = 0.182,5-56-55-32-5 = 0.727,5-54-34-13-14-5 = 0.091,5-25-9-46-47-4 = 0.273,5-25-9-51-44-4 = 0.545,4-28-15-4 = 0.682,4-17-57-4 = 0.864,4-17-15-28-4 = 0.136,5-18-9-46-43-4 = 0.091,4-45-20-44-43-4 = 0.455,4-51-46-43-4 = 0.273,8-9-46-19-37-7 = 0.091,4-45-20-40-23-8 = 0.545,4-41-50-16-5 = 0.864,7-26-36-7 = 0.091,8-27-53-8 = 1.0,8-12-46-19-7 = 0.273,,,,,,,,,,,,,
207,24,733.12,8.897,1.096,0.11,447,448,4-22-4 = 1.0,8-33-8 = 0.41,5-38-5 = 0.169,8-39-8 = 0.615,5-42-5 = 1.0,7-31-52-29-19-8 = 0.287,7-48-24-30-7 = 1.0,7-21-26-36-7 = 0.287,8-53-27-8 = 1.0,7-52-29-37-7 = 0.713,7-31-21-26-36-7 = 0.713,8-33-23-11-8 = 0.051,8-33-23-39-8 = 0.385,8-33-40-11-8 = 0.154,8-12-44-28-4 = 0.138,8-12-47-11-8 = 0.795,8-12-9-10-49-8 = 0.067,8-40-44-51-43-4 = 0.282,8-10-49-19-37-7 = 0.287,8-45-20-40-23-8 = 0.349,5-35-56-14-5 = 0.39,5-18-54-34-13-5 = 1.0,5-32-55-14-5 = 0.39,5-38-50-16-5 = 0.11,5-38-41-57-4 = 0.11,5-35-38-5 = 0.61,5-25-51-43-4 = 0.641,5-56-55-32-5 = 0.61,5-25-9-46-47-4 = 0.205,5-25-9-51-44-4 = 0.077,5-25-9-44-43-4 = 0.077,4-28-15-4 = 0.315,4-17-57-4 = 0.89,4-17-15-28-4 = 0.11,4-45-20-28-4 = 0.436,4-44-58-10-49-19-8 = 0.426,4-45-20-40-23-8 = 0.215,4-41-50-16-5 = 0.89,8-49-10-46-14-5 = 0.221,4-9-58-46-15-4 = 0.574,,,,,,,,,,
187,178,736.015,10.875,1.036,1.812,Prune by UB,,4-22-4 = 1.0,8-33-8 = 0.25,8-39-8 = 0.25,5-42-5 = 1.0,7-21-55-14-5 = 0.25,7-36-26-7 = 0.5,7-31-52-29-19-7 = 0.5,7-21-32-14-5 = 0.25,7-48-24-30-7 = 1.0,8-53-27-8 = 1.0,7-52-29-37-7 = 0.5,7-31-21-26-36-7 = 0.5,8-33-23-39-8 = 0.5,8-33-39-8 = 0.25,8-12-47-11-8 = 0.5,8-12-9-10-49-8 = 0.5,8-40-44-51-43-4 = 0.5,8-10-49-19-37-7 = 0.5,5-41-50-16-5 = 0.125,5-35-56-14-5 = 0.375,5-18-54-34-13-5 = 1.0,5-32-55-14-5 = 0.125,5-38-50-16-5 = 0.188,5-38-41-57-4 = 0.188,5-35-38-5 = 0.625,5-25-58-51-47-4 = 0.5,5-56-55-32-5 = 0.625,5-25-9-58-46-4 = 0.5,4-28-15-4 = 0.812,4-17-57-4 = 0.812,4-17-15-28-4 = 0.188,4-45-20-40-23-8 = 0.5,4-41-50-16-5 = 0.688,4-45-20-11-8 = 0.5,4-44-46-43-4 = 0.5,,,,,,,,,,,,,,,
84,31,734.474,9.4,1.786,-0.167,449,450,4-22-4 = 1.0,8-33-8 = 0.2,5-38-5 = 0.3,8-39-8 = 0.6,5-42-5 = 1.0,7-31-52-29-19-7 = 0.1,7-31-52-29-19-8 = 0.4,7-31-52-37-7 = 0.1,7-48-24-30-7 = 1.0,7-21-26-36-7 = 0.7,7-52-29-37-7 = 0.4,7-31-21-26-36-7 = 0.3,8-33-23-11-8 = 0.2,8-33-23-39-8 = 0.4,8-33-40-11-8 = 0.2,8-12-44-28-4 = 0.4,8-12-47-11-8 = 0.4,8-12-9-10-49-8 = 0.2,8-40-44-51-43-4 = 0.4,7-31-29-19-37-7 = 0.1,5-35-56-14-5 = 0.3,5-18-54-34-13-5 = 0.6,5-32-55-14-5 = 0.3,5-35-38-5 = 0.7,5-56-55-32-5 = 0.7,5-18-54-13-14-5 = 0.2,5-18-54-34-14-5 = 0.2,5-25-9-58-15-4 = 0.8,5-34-13-51-15-4 = 0.2,8-49-10-46-47-8 = 0.6,4-17-57-4 = 1.0,4-45-20-28-4 = 0.6,4-51-46-43-4 = 0.4,4-45-20-40-23-8 = 0.4,4-41-50-16-5 = 1.0,4-25-58-10-49-8 = 0.2,4-44-43-19-37-7 = 0.2,8-27-53-8 = 1.0,8-11-19-37-7 = 0.2,,,,,,,,,,,
449,84,736.837,0,2.363,0,Prune by CG,,4-22-4 = 1.0,8-39-8 = 0.36,5-42-5 = 1.0,7-31-52-29-19-7 = 0.88,7-31-52-29-19-8 = 0.12,7-48-37-7 = 0.88,7-24-30-7 = 0.88,7-48-24-30-7 = 0.12,7-21-26-36-7 = 1.0,8-33-23-39-8 = 0.64,8-33-40-11-8 = 0.36,8-12-44-28-4 = 0.4,8-12-47-11-8 = 0.4,8-12-9-10-49-8 = 0.2,8-40-44-51-43-4 = 0.32,5-35-56-38-5 = 0.44,5-18-54-34-13-5 = 0.44,5-32-55-14-5 = 0.44,5-35-38-5 = 0.56,5-56-55-32-5 = 0.56,5-18-54-13-14-5 = 0.28,5-18-54-34-14-5 = 0.28,5-25-9-58-15-4 = 0.72,5-34-13-51-15-4 = 0.28,8-49-10-46-47-8 = 0.6,4-17-57-4 = 1.0,5-25-58-49-37-7 = 0.08,4-45-20-28-4 = 0.6,4-45-20-44-43-4 = 0.08,4-51-46-43-4 = 0.4,4-45-20-40-23-8 = 0.32,4-41-50-16-5 = 1.0,4-25-58-10-49-8 = 0.12,8-27-53-8 = 1.0,4-25-9-10-58-5 = 0.08,8-23-11-37-7 = 0.04,4-44-43-11-8 = 0.2,,,,,,,,,,,,,
450,84,736.633,0,2.159,0,Prune by CG,,4-22-4 = 1.0,8-33-8 = 0.153,5-38-5 = 0.261,8-39-8 = 0.441,5-42-5 = 1.0,7-36-26-7 = 0.472,7-31-52-37-7 = 0.328,7-21-52-29-7 = 0.236,7-48-24-30-7 = 1.0,7-21-10-49-19-8 = 0.236,7-52-29-37-7 = 0.292,7-31-21-26-36-7 = 0.528,8-33-23-39-8 = 0.559,8-33-40-11-8 = 0.288,8-12-10-19-8 = 0.036,8-12-44-28-4 = 0.441,8-12-47-11-8 = 0.523,8-40-44-51-43-4 = 0.27,7-31-52-29-14-5 = 0.144,5-35-56-14-5 = 0.261,5-18-54-34-13-5 = 0.667,5-32-55-14-5 = 0.261,5-35-38-5 = 0.739,5-56-55-32-5 = 0.739,5-18-54-13-14-5 = 0.207,5-18-54-34-14-5 = 0.126,5-25-9-58-15-4 = 0.793,5-34-51-44-15-4 = 0.081,5-34-13-51-15-4 = 0.126,8-49-10-46-47-8 = 0.477,4-17-57-4 = 1.0,4-45-20-28-4 = 0.559,4-51-46-43-4 = 0.523,5-25-9-58-49-19-8 = 0.02,5-25-58-29-19-8 = 0.124,4-45-20-40-23-8 = 0.441,4-41-50-16-5 = 1.0,4-25-58-10-49-8 = 0.063,4-44-43-19-37-7 = 0.207,8-49-29-19-11-8 = 0.016,8-27-53-8 = 1.0,8-11-19-37-7 = 0.173,8-9-10-49-29-19-8 = 0.187,,,,,,,
91,15,735.201,7.63,1.549,0.445,Prune by UB,,4-22-4 = 1.0,8-33-8 = 0.231,8-39-8 = 0.333,5-42-5 = 1.0,7-31-52-29-19-8 = 0.5,7-31-52-37-7 = 0.148,7-48-24-30-7 = 1.0,7-21-26-36-7 = 0.648,7-52-29-37-7 = 0.352,7-31-21-26-36-7 = 0.352,8-33-23-39-8 = 0.139,8-33-39-8 = 0.528,8-33-40-11-8 = 0.102,8-12-47-11-8 = 0.63,8-40-44-51-43-4 = 0.037,8-12-9-34-13-14-5 = 0.241,5-35-38-5 = 1.0,5-25-51-43-4 = 0.278,5-56-55-32-5 = 1.0,5-18-54-13-14-5 = 0.519,5-18-25-54-5 = 0.278,5-54-34-13-14-5 = 0.204,5-18-25-58-49-47-4 = 0.204,5-34-58-10-46-4 = 0.407,8-49-10-46-47-4 = 0.037,8-49-10-51-44-4 = 0.278,5-25-58-49-46-4 = 0.204,8-49-10-44-43-4 = 0.278,4-28-15-4 = 1.0,4-17-57-4 = 1.0,5-34-58-29-19-37-7 = 0.148,8-9-46-19-37-7 = 0.352,4-45-20-40-23-8 = 0.861,4-41-50-16-5 = 1.0,4-12-47-11-8 = 0.13,4-45-20-11-8 = 0.139,8-27-53-8 = 1.0,5-25-58-13-14-5 = 0.037,8-9-51-44-43-4 = 0.407,,,,,,,,,,,
432,430,734.915,10.5,1.269,-0.75,451,452,4-22-4 = 1.0,5-38-5 = 0.5,8-39-8 = 0.5,5-42-5 = 1.0,7-31-52-29-19-8 = 0.5,7-48-24-30-7 = 1.0,7-21-26-36-7 = 0.5,7-52-29-37-7 = 0.5,7-31-21-26-36-7 = 0.5,8-33-23-11-8 = 0.25,8-33-23-39-8 = 0.5,8-12-47-11-8 = 0.75,8-12-9-10-49-8 = 0.25,8-40-44-51-43-4 = 0.75,8-10-49-19-37-7 = 0.5,5-35-56-14-5 = 0.5,5-18-54-34-13-5 = 1.0,5-32-55-14-5 = 0.5,5-35-38-5 = 0.5,5-25-58-46-8 = 0.25,5-56-55-32-5 = 0.5,5-25-9-58-46-8 = 0.5,5-25-9-58-51-4 = 0.25,8-49-10-46-47-8 = 0.25,4-28-15-4 = 0.25,4-15-57-4 = 0.25,4-17-57-4 = 0.75,4-17-15-28-4 = 0.25,4-45-20-28-4 = 0.5,4-45-20-44-43-4 = 0.25,4-41-50-16-5 = 1.0,4-45-20-15-4 = 0.25,8-27-53-8 = 1.0,8-33-40-23-8 = 0.25,,,,,,,,,,,,,,,,
451,432,737.085,0,2.17,0,Prune by CG,,4-22-4 = 1.0,8-39-8 = 1.0,5-42-5 = 1.0,7-31-52-29-19-8 = 0.5,7-48-24-30-7 = 1.0,7-21-26-36-7 = 0.5,7-52-29-37-7 = 0.5,7-31-21-26-36-7 = 0.5,8-33-23-11-8 = 0.5,8-12-47-11-8 = 0.5,8-40-44-51-43-4 = 0.5,8-10-49-19-37-7 = 0.5,5-41-50-16-5 = 0.5,5-18-54-34-13-5 = 0.5,5-35-38-5 = 1.0,5-56-55-32-5 = 1.0,5-54-34-13-14-5 = 0.5,5-18-25-9-58-14-5 = 0.5,5-25-9-58-46-8 = 0.5,8-49-10-46-47-8 = 0.5,4-17-57-4 = 1.0,4-20-51-43-4 = 0.5,4-12-44-28-4 = 0.5,4-41-50-16-5 = 0.5,4-45-28-15-4 = 0.5,4-45-20-15-4 = 0.5,8-27-53-8 = 1.0,8-33-40-23-8 = 0.5,,,,,,,,,,,,,,,,,,,,,,
452,432,735.177,0,0.263,0,Prune by CG,,4-22-4 = 1.0,5-38-5 = 0.5,8-39-8 = 0.667,5-42-5 = 1.0,7-31-52-29-19-8 = 0.5,7-48-24-30-7 = 1.0,7-21-26-36-7 = 0.5,7-52-29-37-7 = 0.5,7-31-21-26-36-7 = 0.5,8-33-23-11-8 = 0.333,8-33-23-39-8 = 0.333,8-12-47-11-8 = 0.667,8-12-9-10-49-8 = 0.167,8-40-44-51-43-4 = 0.667,8-10-49-19-37-7 = 0.5,5-35-56-14-5 = 0.5,5-18-54-34-13-5 = 1.0,5-32-55-14-5 = 0.5,5-35-38-5 = 0.5,5-25-58-46-8 = 0.167,5-56-55-32-5 = 0.5,5-25-9-58-46-8 = 0.5,5-25-9-58-51-4 = 0.333,8-49-10-46-47-8 = 0.333,4-15-57-4 = 0.5,4-17-57-4 = 0.5,4-17-15-28-4 = 0.5,4-45-20-28-4 = 0.5,4-45-20-44-43-4 = 0.333,4-41-50-16-5 = 1.0,4-45-20-12-4 = 0.167,8-27-53-8 = 1.0,8-33-40-23-8 = 0.333,,,,,,,,,,,,,,,,,
89,25,734.755,7.071,3.244,-2.866,453,454,4-22-4 = 1.0,8-33-8 = 0.429,8-39-8 = 0.429,5-42-5 = 1.0,7-36-26-7 = 0.071,7-31-52-29-19-8 = 0.071,7-21-52-29-7 = 0.071,7-48-24-30-7 = 1.0,7-21-26-36-7 = 0.929,7-31-9-51-43-4 = 0.071,8-33-23-39-8 = 0.571,8-12-47-11-8 = 1.0,8-40-44-51-43-4 = 0.571,7-31-52-29-14-5 = 0.857,5-41-50-16-5 = 0.714,5-18-54-34-13-5 = 0.857,5-35-38-5 = 1.0,5-25-58-10-49-8 = 0.536,5-56-55-32-5 = 1.0,5-18-54-13-14-5 = 0.143,5-25-9-10-58-5 = 0.464,5-34-51-44-15-4 = 0.143,4-28-15-4 = 0.571,4-15-57-4 = 0.143,4-17-57-4 = 0.857,4-17-15-28-4 = 0.143,4-20-51-43-4 = 0.071,8-49-46-19-37-7 = 0.464,5-9-46-19-37-7 = 0.464,4-45-20-28-4 = 0.286,4-45-20-44-43-4 = 0.214,4-45-44-51-43-4 = 0.071,4-45-20-40-23-8 = 0.429,4-41-50-16-5 = 0.286,8-27-53-8 = 1.0,4-51-46-37-7 = 0.071,,,,,,,,,,,,,,
453,89,735.302,0,0.547,0,Prune by CG,,4-22-4 = 1.0,8-33-8 = 0.429,8-39-8 = 0.429,5-42-5 = 1.0,7-48-24-30-7 = 1.0,7-21-26-36-7 = 1.0,8-33-23-39-8 = 0.571,8-12-47-11-8 = 1.0,8-40-44-51-43-4 = 0.571,7-31-52-29-14-5 = 1.0,5-41-50-16-5 = 0.857,5-18-54-34-13-5 = 1.0,5-35-38-5 = 1.0,5-25-58-10-49-8 = 0.571,5-56-55-32-5 = 1.0,5-25-9-10-58-5 = 0.429,4-15-28-4 = 0.571,4-15-57-4 = 0.143,4-17-57-4 = 0.857,4-17-15-28-4 = 0.143,4-20-51-43-4 = 0.143,4-20-44-15-4 = 0.143,8-49-46-19-37-7 = 0.429,5-9-46-19-37-7 = 0.571,4-45-20-28-4 = 0.286,4-45-44-51-43-4 = 0.286,4-45-20-40-23-8 = 0.429,4-41-50-16-5 = 0.143,8-27-53-8 = 1.0,,,,,,,,,,,,,,,,,,,,,
454,89,738.614,0,3.859,0,Prune by CG,,4-22-4 = 1.0,8-39-8 = 0.722,5-42-5 = 1.0,7-31-52-29-19-8 = 0.333,7-48-24-30-7 = 1.0,7-21-26-36-7 = 1.0,8-33-23-39-8 = 0.278,8-33-40-11-8 = 0.278,8-12-47-43-4 = 0.278,8-12-47-11-8 = 0.722,7-31-52-29-14-5 = 0.667,5-41-50-16-5 = 0.833,5-35-56-14-5 = 0.111,5-18-54-34-13-5 = 0.778,5-32-55-14-5 = 0.111,5-38-50-16-5 = 0.056,5-38-41-57-4 = 0.056,5-35-38-5 = 0.889,5-25-58-10-49-8 = 0.222,5-54-9-10-49-8 = 0.111,5-56-55-32-5 = 0.889,5-18-54-13-14-5 = 0.056,5-25-9-10-58-5 = 0.667,5-18-54-34-14-5 = 0.056,5-25-9-58-51-4 = 0.111,5-34-13-51-15-4 = 0.167,4-15-28-4 = 0.667,4-17-57-4 = 0.944,4-17-15-28-4 = 0.056,8-49-46-19-37-7 = 0.667,4-45-20-44-43-4 = 0.722,4-44-51-28-4 = 0.278,4-45-20-40-23-8 = 0.278,4-41-50-16-5 = 0.111,8-27-53-8 = 1.0,8-33-40-23-8 = 0.444,4-51-46-37-7 = 0.333,5-18-9-51-15-4 = 0.111,,,,,,,,,,,,
334,331,734.852,11.182,0.577,0.947,455,456,4-22-4 = 1.0,8-39-8 = 0.364,5-42-5 = 1.0,7-36-26-7 = 0.455,7-31-52-29-19-8 = 0.636,7-48-37-7 = 0.273,7-24-30-7 = 0.273,7-21-52-29-7 = 0.182,7-48-24-30-7 = 0.727,7-31-52-54-5 = 0.182,7-21-26-36-7 = 0.545,8-33-23-39-8 = 0.364,8-33-39-8 = 0.273,8-33-40-11-8 = 0.364,8-12-47-11-8 = 0.636,7-31-29-19-37-7 = 0.182,8-45-20-40-23-8 = 0.364,5-35-56-21-7 = 0.273,5-35-56-14-5 = 0.091,5-18-54-34-13-5 = 0.636,5-32-55-14-5 = 0.364,5-38-50-16-5 = 0.182,5-38-41-57-4 = 0.182,5-35-38-5 = 0.636,5-25-58-51-47-4 = 0.091,5-56-55-32-5 = 0.636,5-18-25-54-5 = 0.182,5-25-9-46-47-8 = 0.091,5-18-25-9-58-14-5 = 0.182,5-34-58-10-46-4 = 0.364,8-49-10-46-47-4 = 0.182,8-49-10-51-44-4 = 0.455,4-28-15-4 = 0.818,4-17-57-4 = 0.818,4-17-15-28-4 = 0.182,4-45-20-44-43-4 = 0.364,4-51-46-43-4 = 0.364,5-25-9-58-13-14-5 = 0.364,4-45-20-40-23-8 = 0.273,4-41-50-16-5 = 0.818,4-44-43-19-37-7 = 0.182,4-25-51-43-4 = 0.091,8-27-53-8 = 1.0,8-12-9-49-37-7 = 0.364,,,,,,
456,334,738.567,0,3.716,0,Prune by CG,,4-22-4 = 1.0,8-39-8 = 0.273,5-42-5 = 1.0,7-36-26-7 = 0.727,7-31-52-29-19-8 = 0.545,7-48-37-7 = 0.364,7-24-30-7 = 0.273,7-21-52-29-7 = 0.455,7-30-24-26-36-7 = 0.091,7-48-24-30-7 = 0.636,7-21-26-36-7 = 0.182,7-31-25-9-58-14-5 = 0.455,8-33-23-39-8 = 0.273,8-33-39-8 = 0.455,8-33-40-11-8 = 0.273,8-12-44-28-4 = 0.091,8-12-47-11-8 = 0.727,5-41-50-16-5 = 0.591,5-35-56-21-7 = 0.364,5-35-56-14-5 = 0.045,5-18-54-55-5 = 0.091,5-18-54-32-5 = 0.091,5-18-54-34-13-5 = 0.727,5-32-55-14-5 = 0.318,5-38-50-16-5 = 0.205,5-38-41-57-4 = 0.205,5-35-38-5 = 0.591,5-56-55-32-5 = 0.591,5-18-54-58-13-5 = 0.091,5-34-58-10-46-4 = 0.273,8-49-10-46-47-4 = 0.273,8-49-10-51-44-4 = 0.455,4-28-15-4 = 0.614,4-15-57-4 = 0.091,4-17-57-4 = 0.705,4-17-15-28-4 = 0.295,8-49-46-19-37-7 = 0.091,4-45-20-44-43-4 = 0.273,4-51-46-43-4 = 0.182,8-9-46-19-37-7 = 0.182,4-45-20-40-23-8 = 0.727,4-41-50-16-5 = 0.205,4-44-43-19-37-7 = 0.182,4-25-51-43-4 = 0.364,8-27-53-8 = 1.0,8-12-9-49-37-7 = 0.182,4-25-9-58-13-14-5 = 0.182,,,
455,334,734.899,11.318,0.047,0.136,457,458,4-22-4 = 1.0,8-39-8 = 0.318,5-42-5 = 1.0,7-36-26-7 = 0.409,7-31-52-29-19-8 = 0.682,7-48-37-7 = 0.364,7-24-30-7 = 0.318,7-21-52-29-7 = 0.227,7-30-24-26-36-7 = 0.045,7-48-24-30-7 = 0.636,7-31-52-54-5 = 0.091,7-21-26-36-7 = 0.409,7-31-21-26-36-7 = 0.136,8-33-23-39-8 = 0.318,8-33-39-8 = 0.364,8-33-40-11-8 = 0.318,8-12-47-11-8 = 0.682,7-31-29-19-37-7 = 0.091,8-45-20-40-23-8 = 0.364,5-41-50-16-5 = 0.136,5-35-56-21-7 = 0.227,5-35-56-14-5 = 0.091,5-18-54-34-13-5 = 0.591,5-32-55-14-5 = 0.318,5-38-50-16-5 = 0.159,5-38-41-57-4 = 0.159,5-35-38-5 = 0.682,5-25-58-51-47-4 = 0.091,5-56-55-32-5 = 0.682,5-18-25-54-5 = 0.227,5-18-25-9-58-14-5 = 0.182,5-34-58-10-46-4 = 0.318,8-49-10-46-47-4 = 0.227,8-49-10-51-44-4 = 0.455,4-28-15-4 = 0.841,4-17-57-4 = 0.841,4-17-15-28-4 = 0.159,4-45-20-44-43-4 = 0.318,4-51-46-43-4 = 0.455,5-25-9-58-13-14-5 = 0.409,5-25-9-54-34-5 = 0.091,4-45-20-40-23-8 = 0.318,4-41-50-16-5 = 0.705,4-44-43-19-37-7 = 0.227,8-27-53-8 = 1.0,8-12-9-49-37-7 = 0.318,,,,
458,455,737.511,0,2.612,0,Prune by CG,,4-22-4 = 1.0,5-38-5 = 0.286,8-39-8 = 0.5,5-42-5 = 1.0,7-31-52-29-19-8 = 0.679,7-48-37-7 = 0.268,7-21-52-29-7 = 0.268,7-30-24-26-36-7 = 0.268,7-48-24-30-7 = 0.732,7-21-26-36-7 = 0.464,7-31-21-26-36-7 = 0.268,8-33-23-39-8 = 0.5,8-33-40-11-8 = 0.5,8-12-47-11-8 = 0.5,7-31-52-29-14-5 = 0.054,8-45-20-40-23-8 = 0.429,5-35-56-14-5 = 0.429,5-18-54-34-13-5 = 1.0,5-32-55-14-5 = 0.429,5-38-50-16-5 = 0.071,5-38-41-57-4 = 0.071,5-35-38-5 = 0.571,5-25-58-10-4 = 0.411,5-25-58-51-47-4 = 0.214,5-56-55-32-5 = 0.571,5-25-9-46-47-8 = 0.089,5-25-9-58-46-8 = 0.286,8-49-10-46-47-4 = 0.196,8-49-10-51-44-4 = 0.393,4-15-28-4 = 0.929,4-17-57-4 = 0.929,4-17-15-28-4 = 0.071,4-20-51-43-4 = 0.089,4-45-20-44-43-4 = 0.411,4-51-46-43-4 = 0.304,8-9-46-19-37-7 = 0.125,4-45-20-40-23-8 = 0.071,4-41-50-16-5 = 0.929,4-44-43-19-37-7 = 0.196,4-45-12-9-58-14-5 = 0.089,8-27-53-8 = 1.0,8-12-9-49-37-7 = 0.411,,,,,,,,
457,455,734.97,11.455,0.072,0.136,459,460,4-22-4 = 1.0,8-39-8 = 0.273,5-42-5 = 1.0,7-36-26-7 = 0.409,7-31-52-29-19-8 = 0.636,7-48-37-7 = 0.364,7-24-30-7 = 0.318,7-21-52-29-7 = 0.273,7-30-24-26-36-7 = 0.045,7-48-24-30-7 = 0.636,7-31-52-54-5 = 0.091,7-21-26-36-7 = 0.364,7-31-21-26-36-7 = 0.182,8-33-23-39-8 = 0.273,8-33-39-8 = 0.455,8-33-40-11-8 = 0.273,8-12-47-11-8 = 0.727,7-31-29-19-37-7 = 0.091,8-45-20-40-23-8 = 0.364,5-41-50-16-5 = 0.273,5-35-56-21-7 = 0.182,5-35-56-14-5 = 0.091,5-18-54-34-13-5 = 0.545,5-32-55-14-5 = 0.273,5-38-50-16-5 = 0.136,5-38-41-57-4 = 0.136,5-35-38-5 = 0.727,5-56-55-32-5 = 0.727,5-18-25-54-5 = 0.273,5-18-25-9-58-14-5 = 0.182,5-34-58-10-46-4 = 0.273,5-34-58-51-28-4 = 0.045,5-34-58-51-15-4 = 0.045,8-49-10-46-47-4 = 0.273,8-49-10-51-44-4 = 0.455,4-15-28-4 = 0.818,4-17-57-4 = 0.864,4-17-15-28-4 = 0.136,4-45-20-44-43-4 = 0.273,4-51-46-43-4 = 0.455,5-25-9-58-13-14-5 = 0.455,5-25-9-54-34-5 = 0.091,4-45-20-40-23-8 = 0.364,4-41-50-16-5 = 0.591,4-44-43-19-37-7 = 0.273,8-27-53-8 = 1.0,8-12-9-49-37-7 = 0.273,,,
459,457,741.232,0,6.261,0,Prune by CG,,4-22-4 = 1.0,5-38-5 = 0.25,8-39-8 = 0.333,5-42-5 = 1.0,7-31-52-29-19-8 = 0.667,7-48-37-7 = 0.167,7-24-30-7 = 0.167,7-21-52-29-7 = 0.167,7-48-24-30-7 = 0.833,7-21-26-36-7 = 0.667,7-31-21-26-36-7 = 0.167,8-33-23-39-8 = 0.5,8-33-40-11-8 = 0.5,8-40-23-39-8 = 0.167,8-12-47-11-8 = 0.5,7-31-52-29-14-5 = 0.167,5-35-56-14-5 = 0.417,5-32-55-14-5 = 0.417,5-38-50-16-5 = 0.083,5-38-41-57-4 = 0.083,5-35-38-5 = 0.583,5-56-55-32-5 = 0.583,5-18-25-54-5 = 0.5,5-34-58-10-46-4 = 0.5,5-34-58-51-28-4 = 0.25,5-34-58-51-15-4 = 0.25,8-49-10-46-47-4 = 0.5,4-15-28-4 = 0.667,4-17-57-4 = 0.917,4-17-15-28-4 = 0.083,4-45-20-44-43-4 = 0.667,4-45-20-40-23-8 = 0.333,4-41-50-16-5 = 0.917,7-26-36-7 = 0.167,4-44-43-19-37-7 = 0.333,8-27-53-8 = 1.0,5-25-9-51-13-5 = 0.5,5-18-54-13-5 = 0.5,8-12-9-49-37-7 = 0.5,,,,,,,,,,,
460,457,736.767,0,1.796,0,Prune by CG,,4-22-4 = 1.0,8-39-8 = 0.444,5-42-5 = 1.0,7-36-26-7 = 0.444,7-31-52-29-19-8 = 0.778,7-48-37-7 = 0.444,7-24-30-7 = 0.444,7-21-52-29-7 = 0.222,7-48-24-30-7 = 0.556,7-21-26-36-7 = 0.333,7-31-21-26-36-7 = 0.222,8-33-23-39-8 = 0.444,8-33-39-8 = 0.111,8-33-40-11-8 = 0.444,8-12-44-28-4 = 0.222,8-12-47-11-8 = 0.444,5-41-50-16-5 = 0.444,5-35-56-21-7 = 0.222,5-18-54-34-13-5 = 0.778,5-32-55-14-5 = 0.222,5-38-50-16-5 = 0.111,5-38-41-57-4 = 0.111,5-35-38-5 = 0.778,5-56-55-32-5 = 0.778,5-25-58-51-14-5 = 0.333,5-18-25-9-58-14-5 = 0.222,5-58-10-46-4 = 0.111,8-49-10-46-47-4 = 0.556,8-49-10-51-44-4 = 0.222,4-28-15-4 = 0.444,4-15-57-4 = 0.222,4-17-57-4 = 0.667,4-17-15-28-4 = 0.333,4-45-20-44-43-4 = 0.444,4-51-46-43-4 = 0.333,4-10-51-43-4 = 0.111,5-25-9-58-13-14-5 = 0.222,5-25-9-54-34-5 = 0.222,4-45-20-40-23-8 = 0.556,4-41-50-16-5 = 0.444,4-44-43-19-37-7 = 0.111,8-27-53-8 = 1.0,8-11-19-37-7 = 0.111,8-12-9-49-37-7 = 0.222,4-12-9-58-37-7 = 0.111,,,,,
18,16,734.405,9.4,1.943,2.04,461,462,4-22-4 = 1.0,5-38-5 = 0.5,8-39-8 = 0.3,5-42-5 = 1.0,7-31-52-29-19-8 = 0.4,7-31-52-37-7 = 0.2,7-48-24-30-7 = 1.0,7-21-26-36-7 = 0.6,7-52-29-37-7 = 0.4,7-31-21-26-36-7 = 0.4,8-33-23-39-8 = 0.3,8-33-39-8 = 0.4,8-33-40-11-8 = 0.3,8-12-44-28-4 = 0.4,8-12-47-11-8 = 0.6,5-35-56-14-5 = 0.5,5-18-54-34-13-5 = 1.0,5-32-55-14-5 = 0.5,5-35-38-5 = 0.5,5-25-51-43-4 = 0.8,5-56-55-32-5 = 0.5,8-49-10-46-47-4 = 0.4,8-49-10-51-44-4 = 0.2,8-49-10-44-43-4 = 0.2,4-15-28-4 = 0.4,4-17-57-4 = 1.0,5-25-9-19-37-7 = 0.2,4-45-20-28-4 = 0.2,4-45-20-40-23-8 = 0.7,4-41-50-16-5 = 1.0,4-45-20-11-8 = 0.1,4-44-58-10-49-19-4 = 0.2,8-27-53-8 = 1.0,4-9-58-29-19-37-7 = 0.2,4-9-58-46-15-4 = 0.6,,,,,,,,,,,,,,,
462,18,735.316,0,0.911,0,Prune by CG,,4-22-4 = 1.0,5-38-5 = 0.5,5-42-5 = 1.0,7-36-26-7 = 0.333,7-31-52-37-7 = 0.333,7-48-24-30-7 = 1.0,7-21-26-36-7 = 0.333,7-52-29-37-7 = 0.667,7-31-29-19-11-8 = 0.333,7-31-21-26-36-7 = 0.333,8-33-23-39-8 = 0.333,8-33-39-8 = 0.667,8-12-44-15-4 = 0.083,8-12-47-11-8 = 0.667,8-40-44-51-43-4 = 0.333,8-45-20-44-43-4 = 0.083,8-45-20-40-23-8 = 0.167,5-35-56-21-7 = 0.333,5-35-56-14-5 = 0.167,5-18-54-34-13-5 = 1.0,5-32-55-14-5 = 0.5,5-35-38-5 = 0.5,5-25-51-43-4 = 0.583,5-56-55-32-5 = 0.5,5-25-9-51-44-4 = 0.083,5-25-9-46-14-5 = 0.333,8-49-10-46-47-4 = 0.333,4-28-15-4 = 0.667,4-15-57-4 = 0.083,4-17-57-4 = 0.917,4-17-15-28-4 = 0.083,4-45-20-28-4 = 0.25,4-45-20-40-23-8 = 0.5,4-41-50-16-5 = 1.0,4-9-58-10-46-4 = 0.25,4-44-58-10-49-19-4 = 0.417,4-12-9-58-49-19-4 = 0.25,8-27-53-8 = 1.0,4-9-58-46-15-4 = 0.083,,,,,,,,,,,
461,18,734.893,7.5,0.488,-1.9,463,464,4-22-4 = 1.0,5-38-5 = 0.375,8-39-8 = 0.042,5-42-5 = 1.0,7-31-52-29-19-7 = 0.5,7-31-52-37-7 = 0.417,7-48-24-30-7 = 1.0,7-21-26-36-7 = 1.0,7-52-29-37-7 = 0.083,8-33-23-39-8 = 0.125,8-33-39-8 = 0.833,8-33-40-11-8 = 0.042,8-12-44-28-4 = 0.25,8-12-47-11-8 = 0.75,8-40-44-51-43-4 = 0.083,7-31-29-19-37-7 = 0.083,5-35-56-14-5 = 0.458,5-18-54-34-13-5 = 1.0,5-32-55-14-5 = 0.458,5-38-50-16-5 = 0.042,5-38-41-57-4 = 0.042,5-35-38-5 = 0.542,5-25-51-43-4 = 0.583,5-56-55-32-5 = 0.542,5-25-9-51-44-4 = 0.333,5-25-9-46-14-5 = 0.083,8-49-10-46-47-4 = 0.25,8-49-10-44-43-4 = 0.333,4-28-15-4 = 0.708,4-17-57-4 = 0.958,4-17-15-28-4 = 0.042,7-49-10-58-46-4 = 0.417,4-45-20-40-23-8 = 0.875,4-41-50-16-5 = 0.958,4-45-20-11-8 = 0.125,8-27-53-8 = 1.0,8-11-19-37-7 = 0.083,4-9-58-29-19-37-7 = 0.333,4-9-58-46-15-4 = 0.25,,,,,,,,,,,
463,461,738.98,0,4.087,0,Prune by CG,,4-22-4 = 1.0,5-42-5 = 1.0,7-36-26-7 = 0.833,7-21-52-29-7 = 0.667,7-48-24-30-7 = 1.0,7-21-58-46-47-8 = 0.167,7-31-49-10-58-44-4 = 0.333,7-31-49-10-43-4 = 0.167,7-31-21-26-36-7 = 0.167,8-33-39-8 = 1.0,8-12-44-43-4 = 0.167,7-31-52-29-14-5 = 0.333,5-35-56-14-5 = 0.333,5-18-54-34-13-5 = 1.0,5-32-55-14-5 = 0.333,5-38-50-16-5 = 0.167,5-38-41-57-4 = 0.167,5-35-38-5 = 0.667,5-25-51-43-4 = 0.5,5-56-55-32-5 = 0.667,5-25-9-46-47-8 = 0.5,8-49-10-46-47-4 = 0.333,8-49-10-44-43-4 = 0.167,4-15-28-4 = 0.667,4-17-57-4 = 0.833,4-17-15-28-4 = 0.167,4-12-44-28-4 = 0.167,4-12-44-15-4 = 0.167,4-12-9-58-51-4 = 0.5,4-45-20-40-23-8 = 1.0,4-41-50-16-5 = 0.833,8-27-53-8 = 1.0,8-11-19-37-7 = 1.0,,,,,,,,,,,,,,,,,
464,461,734.932,8,0.039,0.5,465,466,4-22-4 = 1.0,8-39-8 = 0.06,5-42-5 = 1.0,7-31-52-29-19-7 = 0.5,7-31-52-37-7 = 0.4,7-48-24-30-7 = 1.0,7-21-26-36-7 = 1.0,7-52-29-37-7 = 0.1,8-33-23-39-8 = 0.2,8-33-39-8 = 0.74,8-33-40-11-8 = 0.06,8-12-44-28-4 = 0.26,8-12-47-11-8 = 0.74,8-40-44-51-43-4 = 0.14,7-31-29-19-37-7 = 0.1,5-35-56-14-5 = 0.48,5-18-54-34-13-5 = 1.0,5-32-55-14-5 = 0.48,5-38-50-16-5 = 0.04,5-38-41-57-4 = 0.04,5-35-38-5 = 0.52,5-25-51-43-4 = 0.56,5-56-55-32-5 = 0.52,5-25-9-51-44-4 = 0.26,5-25-9-46-14-5 = 0.04,8-49-10-46-47-4 = 0.26,8-49-10-51-44-4 = 0.04,8-49-10-44-43-4 = 0.3,4-15-28-4 = 0.7,4-17-57-4 = 0.96,4-17-15-28-4 = 0.04,7-49-10-58-46-4 = 0.4,5-25-9-19-37-7 = 0.1,4-45-20-40-23-8 = 0.8,4-41-50-16-5 = 0.96,4-25-9-58-46-4 = 0.04,4-45-20-11-8 = 0.2,5-42-38-5 = 0.4,8-27-53-8 = 1.0,4-9-58-29-19-37-7 = 0.3,4-9-58-46-15-4 = 0.26,,,,,,,,,
465,464,735.742,0,0.811,0,Prune by CG,,4-22-4 = 1.0,8-33-8 = 0.259,8-39-8 = 0.35,5-42-5 = 1.0,7-36-26-7 = 0.189,7-31-52-29-19-7 = 0.469,7-31-52-37-7 = 0.262,7-48-24-30-7 = 1.0,7-21-52-49-47-4 = 0.063,7-21-58-51-44-4 = 0.119,7-21-58-19-37-7 = 0.007,7-21-26-36-7 = 0.811,7-52-29-37-7 = 0.206,8-33-23-39-8 = 0.091,8-33-39-8 = 0.559,8-33-40-11-8 = 0.091,8-12-44-28-4 = 0.045,8-12-47-11-8 = 0.909,7-31-29-19-37-7 = 0.269,5-35-56-14-5 = 0.5,5-18-54-34-13-5 = 1.0,5-32-55-14-5 = 0.5,5-38-50-16-5 = 0.25,5-38-41-57-4 = 0.25,5-35-38-5 = 0.5,5-25-51-43-4 = 0.5,5-56-55-32-5 = 0.5,8-49-10-46-47-4 = 0.028,8-49-10-51-44-4 = 0.336,8-49-10-44-43-4 = 0.5,4-15-28-4 = 0.614,4-17-57-4 = 0.75,4-17-15-28-4 = 0.25,7-49-10-58-46-4 = 0.073,4-45-20-28-4 = 0.091,4-12-9-58-51-4 = 0.045,4-45-20-40-23-8 = 0.909,4-41-50-16-5 = 0.75,4-25-9-58-46-4 = 0.5,4-9-46-19-37-7 = 0.199,4-9-58-10-46-4 = 0.063,8-27-53-8 = 1.0,4-9-58-29-19-37-7 = 0.056,4-9-58-46-15-4 = 0.136,,,,,,
466,464,736.437,0,1.505,0,Prune by CG,,4-22-4 = 1.0,5-42-5 = 1.0,7-36-26-7 = 0.25,7-31-52-29-19-7 = 0.5,7-48-24-30-7 = 1.0,7-21-52-9-58-5 = 0.083,7-21-26-36-7 = 0.333,7-52-29-37-7 = 0.417,7-31-21-26-36-7 = 0.417,7-31-9-58-29-37-7 = 0.083,8-33-23-39-8 = 0.167,8-33-39-8 = 0.833,8-12-47-11-8 = 1.0,8-40-44-51-43-4 = 0.167,5-35-56-21-7 = 0.167,5-35-56-14-5 = 0.333,5-18-54-34-13-5 = 1.0,5-32-55-14-5 = 0.5,5-38-50-16-5 = 0.042,5-38-41-57-4 = 0.042,5-35-38-5 = 0.5,5-25-51-43-4 = 0.5,5-56-55-32-5 = 0.5,5-25-9-51-44-4 = 0.333,8-49-10-44-43-4 = 0.333,4-15-28-4 = 0.958,4-17-57-4 = 0.958,4-17-15-28-4 = 0.042,7-49-10-58-46-4 = 0.583,5-25-9-19-37-7 = 0.167,8-9-46-19-37-7 = 0.333,4-45-20-40-23-8 = 0.833,4-41-50-16-5 = 0.958,5-42-38-5 = 0.417,8-27-53-8 = 1.0,4-49-10-58-46-4 = 0.083,4-45-20-44-58-14-5 = 0.167,,,,,,,,,,,,,
235,234,734.598,11.3,0.826,1.888,467,468,4-22-4 = 1.0,8-33-8 = 0.05,5-38-5 = 0.5,8-39-8 = 0.05,5-42-5 = 1.0,7-31-52-29-19-8 = 0.5,7-48-24-30-7 = 1.0,7-21-49-19-37-7 = 0.5,8-53-27-8 = 1.0,7-52-29-37-7 = 0.5,7-31-21-26-36-7 = 0.5,8-33-23-39-8 = 0.4,8-33-39-8 = 0.55,8-12-44-28-4 = 0.4,8-12-47-11-8 = 0.6,8-40-44-51-43-4 = 0.4,8-45-20-11-8 = 0.4,8-45-20-40-23-8 = 0.4,5-35-56-14-5 = 0.5,5-18-54-34-13-5 = 1.0,5-32-55-14-5 = 0.5,5-35-38-5 = 0.5,5-25-58-10-49-7 = 0.5,5-56-55-32-5 = 0.5,5-25-9-10-58-5 = 0.25,5-25-9-58-46-4 = 0.25,4-28-15-4 = 0.3,4-15-57-4 = 0.3,4-17-57-4 = 0.7,4-17-15-28-4 = 0.3,4-51-46-43-4 = 0.4,4-45-20-40-23-8 = 0.2,4-41-50-16-5 = 1.0,7-26-36-7 = 0.5,8-9-51-44-43-4 = 0.05,4-9-51-44-15-4 = 0.1,5-9-10-46-47-8 = 0.25,4-44-51-47-43-4 = 0.05,8-9-46-47-43-4 = 0.1,,,,,,,,,,,
467,235,738.531,0,3.934,0,Prune by CG,,4-22-4 = 1.0,5-42-5 = 1.0,7-36-26-7 = 0.5,7-31-52-29-19-8 = 0.5,7-48-24-30-7 = 1.0,7-21-49-19-37-7 = 0.5,7-52-29-37-7 = 0.5,7-31-21-26-36-7 = 0.5,8-33-39-8 = 1.0,8-12-47-11-8 = 1.0,8-45-20-40-23-8 = 0.5,5-18-54-34-13-5 = 0.5,5-35-38-5 = 1.0,5-25-58-46-4 = 0.5,5-25-58-10-49-7 = 0.5,5-56-55-32-5 = 1.0,5-18-54-13-14-5 = 0.5,4-28-15-4 = 1.0,4-17-57-4 = 1.0,4-45-20-40-23-8 = 0.5,4-41-50-16-5 = 1.0,8-27-53-8 = 1.0,8-9-51-44-43-4 = 1.0,5-34-10-46-14-5 = 0.5,,,,,,,,,,,,,,,,,,,,,,,,,,
468,235,734.611,11.75,0.013,0.45,469,470,4-22-4 = 1.0,8-33-8 = 0.125,8-39-8 = 0.125,5-42-5 = 1.0,7-36-26-7 = 0.5,7-31-52-29-19-8 = 0.438,7-48-24-30-7 = 1.0,7-31-52-9-49-19-7 = 0.063,7-21-49-19-37-7 = 0.5,7-52-29-37-7 = 0.5,7-31-21-26-36-7 = 0.5,8-33-23-39-8 = 0.438,8-33-39-8 = 0.438,8-12-44-28-4 = 0.438,8-12-47-11-8 = 0.562,8-40-44-51-43-4 = 0.438,8-45-20-11-8 = 0.438,8-45-20-40-23-8 = 0.438,5-35-56-14-5 = 0.5,5-18-54-34-13-5 = 1.0,5-32-55-14-5 = 0.5,5-35-38-5 = 0.5,5-25-58-10-49-7 = 0.375,5-56-55-32-5 = 0.5,5-25-9-10-58-5 = 0.312,5-25-9-58-46-4 = 0.25,4-28-15-4 = 0.125,4-15-57-4 = 0.438,4-17-57-4 = 0.562,4-17-15-28-4 = 0.438,4-51-46-43-4 = 0.438,5-25-9-58-49-29-7 = 0.063,4-45-20-40-23-8 = 0.125,4-41-50-16-5 = 1.0,5-42-38-5 = 0.5,8-27-53-8 = 1.0,5-9-10-46-47-8 = 0.312,4-44-51-47-43-4 = 0.125,,,,,,,,,,,,
469,468,738.556,0,3.945,0,Prune by CG,,4-22-4 = 1.0,5-42-5 = 1.0,7-36-26-7 = 0.8,7-31-52-29-19-7 = 0.2,7-21-52-29-7 = 0.6,7-48-24-30-7 = 1.0,7-21-9-46-47-4 = 0.2,7-21-26-36-7 = 0.2,7-31-25-9-58-44-4 = 0.6,7-31-25-9-58-14-5 = 0.2,7-52-29-37-7 = 0.2,8-33-23-39-8 = 0.2,8-33-39-8 = 0.8,8-12-44-28-4 = 0.2,8-12-47-11-8 = 0.8,8-40-44-51-43-4 = 0.2,8-45-20-11-8 = 0.2,8-45-20-40-23-8 = 0.4,5-35-56-14-5 = 0.4,5-18-54-34-13-5 = 1.0,5-32-55-14-5 = 0.4,5-38-50-16-5 = 0.1,5-38-41-57-4 = 0.1,5-35-38-5 = 0.6,5-25-58-10-49-7 = 0.2,5-56-55-32-5 = 0.6,4-28-15-4 = 0.5,4-15-57-4 = 0.2,4-17-57-4 = 0.7,4-17-15-28-4 = 0.3,4-51-46-43-4 = 0.8,4-45-20-40-23-8 = 0.4,4-41-50-16-5 = 0.9,5-42-38-5 = 0.2,5-10-49-19-37-7 = 0.8,8-27-53-8 = 1.0,,,,,,,,,,,,,,
470,468,734.624,11.421,0.013,-0.329,471,472,4-22-4 = 1.0,8-33-8 = 0.092,5-38-5 = 0.487,8-39-8 = 0.092,5-42-5 = 1.0,7-36-26-7 = 0.579,7-31-52-29-19-8 = 0.447,7-31-52-37-7 = 0.105,7-21-52-29-7 = 0.053,7-48-24-30-7 = 1.0,7-21-49-19-37-7 = 0.526,7-52-29-37-7 = 0.368,7-31-21-26-36-7 = 0.421,8-33-23-39-8 = 0.447,8-33-39-8 = 0.461,8-12-44-28-4 = 0.447,8-12-47-11-8 = 0.553,8-40-44-51-43-4 = 0.447,8-45-20-11-8 = 0.342,7-31-52-29-14-5 = 0.026,8-45-20-40-23-8 = 0.553,5-35-56-14-5 = 0.487,5-18-54-34-13-5 = 1.0,5-32-55-14-5 = 0.487,5-35-38-5 = 0.513,5-25-58-10-49-7 = 0.342,5-56-55-32-5 = 0.513,5-25-9-10-58-5 = 0.316,5-25-9-58-46-4 = 0.211,4-28-15-4 = 0.105,4-15-57-4 = 0.447,4-17-57-4 = 0.553,4-17-15-28-4 = 0.447,4-51-46-43-4 = 0.447,5-25-9-58-49-19-7 = 0.026,5-25-9-58-49-29-7 = 0.105,4-41-50-16-5 = 1.0,4-45-20-11-8 = 0.105,8-27-53-8 = 1.0,5-9-10-46-47-8 = 0.342,4-44-51-47-43-4 = 0.105,,,,,,,,,
471,470,737.093,0,2.469,0,Prune by CG,,4-22-4 = 1.0,8-33-8 = 0.143,5-38-5 = 0.143,8-39-8 = 0.143,5-42-5 = 1.0,7-21-55-14-5 = 0.143,7-36-26-7 = 0.286,7-31-52-29-19-8 = 0.571,7-31-52-37-7 = 0.143,7-48-37-7 = 0.286,7-24-30-7 = 0.286,7-21-32-14-5 = 0.143,7-48-24-30-7 = 0.714,7-21-26-36-7 = 0.714,7-52-29-37-7 = 0.143,8-33-23-39-8 = 0.571,8-33-39-8 = 0.286,8-12-44-28-4 = 0.429,8-12-47-11-8 = 0.429,8-40-44-51-43-4 = 0.571,7-31-29-19-37-7 = 0.143,8-12-9-34-13-14-5 = 0.143,8-45-20-11-8 = 0.571,7-31-52-29-14-5 = 0.143,8-45-20-40-23-8 = 0.429,5-35-56-14-5 = 0.143,5-18-54-34-13-5 = 0.714,5-35-38-5 = 0.857,5-25-58-10-49-7 = 0.429,5-56-55-32-5 = 0.857,5-18-54-13-14-5 = 0.143,5-18-54-34-14-5 = 0.143,4-28-15-4 = 0.143,4-15-57-4 = 0.429,4-17-57-4 = 0.571,4-17-15-28-4 = 0.429,5-25-58-49-37-7 = 0.286,4-51-46-43-4 = 0.429,5-25-9-58-49-19-7 = 0.286,4-41-50-16-5 = 1.0,8-27-53-8 = 1.0,5-9-10-46-47-8 = 0.571,,,,,,,,
472,470,735.028,0,0.405,0,Prune by CG,,4-22-4 = 1.0,8-33-8 = 0.333,8-39-8 = 0.333,5-42-5 = 1.0,7-36-26-7 = 0.667,7-21-52-29-7 = 0.333,7-48-24-30-7 = 1.0,7-21-49-19-37-7 = 0.333,7-31-21-26-36-7 = 0.333,8-33-23-39-8 = 0.333,8-33-39-8 = 0.333,8-12-44-28-4 = 0.333,8-12-47-11-8 = 0.667,8-40-44-51-43-4 = 0.333,7-31-52-29-14-5 = 0.667,8-45-20-40-23-8 = 0.333,5-41-50-16-5 = 0.167,5-35-56-14-5 = 0.167,5-18-54-34-13-5 = 1.0,5-32-55-14-5 = 0.167,5-38-50-16-5 = 0.083,5-38-41-57-4 = 0.083,5-35-38-5 = 0.833,5-56-55-32-5 = 0.833,5-25-9-10-58-5 = 0.333,5-25-9-58-46-4 = 0.667,4-28-15-4 = 0.25,4-15-57-4 = 0.333,4-17-57-4 = 0.583,4-17-15-28-4 = 0.417,4-51-46-43-4 = 0.333,4-45-20-40-23-8 = 0.333,4-41-50-16-5 = 0.75,4-45-20-11-8 = 0.333,5-10-49-19-37-7 = 0.667,8-27-53-8 = 1.0,4-44-51-47-43-4 = 0.333,,,,,,,,,,,,,
305,220,734.638,11.154,0.479,1.598,473,474,4-22-4 = 1.0,8-33-8 = 0.269,5-38-5 = 0.481,8-39-8 = 0.269,5-42-5 = 1.0,7-36-26-7 = 0.077,7-31-52-29-19-8 = 0.442,7-21-52-29-7 = 0.038,7-48-24-30-7 = 1.0,7-21-52-9-58-5 = 0.038,7-21-26-36-7 = 0.404,7-52-29-37-7 = 0.481,7-31-29-19-11-8 = 0.038,7-31-21-26-36-7 = 0.519,8-33-23-39-8 = 0.731,8-12-47-11-8 = 0.635,8-12-9-10-49-8 = 0.365,8-40-44-51-43-4 = 0.673,8-10-49-19-37-7 = 0.115,8-45-20-11-8 = 0.019,8-45-20-44-43-4 = 0.154,8-51-46-43-4 = 0.115,8-40-49-46-43-4 = 0.058,5-35-56-14-5 = 0.481,5-18-54-34-13-5 = 0.5,5-32-55-14-5 = 0.481,5-35-38-5 = 0.519,5-56-55-32-5 = 0.519,5-18-54-58-13-5 = 0.462,5-25-9-46-47-4 = 0.365,5-25-9-10-49-8 = 0.058,5-18-54-58-14-5 = 0.038,5-25-9-51-44-4 = 0.173,5-34-13-51-15-4 = 0.038,5-34-58-10-46-5 = 0.462,4-28-15-4 = 0.538,4-15-57-4 = 0.212,4-17-57-4 = 0.788,4-17-15-28-4 = 0.212,5-25-49-19-37-7 = 0.404,4-45-20-28-4 = 0.25,4-45-20-40-23-8 = 0.269,4-41-50-16-5 = 1.0,4-45-20-11-8 = 0.308,8-27-53-8 = 1.0,,,,,
473,305,735.782,0,1.145,0,Prune by CG,,4-22-4 = 1.0,5-38-5 = 0.5,8-39-8 = 0.5,5-42-5 = 1.0,7-31-52-29-19-8 = 0.5,7-48-24-30-7 = 1.0,7-21-26-36-7 = 0.5,7-52-29-37-7 = 0.5,7-31-21-26-36-7 = 0.5,8-33-23-11-8 = 0.5,8-33-23-39-8 = 0.5,8-12-47-11-8 = 0.5,8-12-9-10-49-8 = 0.5,8-40-44-51-43-4 = 1.0,5-35-56-14-5 = 0.5,5-18-54-34-13-5 = 0.5,5-32-55-14-5 = 0.5,5-35-38-5 = 0.5,5-56-55-32-5 = 0.5,5-18-54-58-13-5 = 0.5,5-25-9-46-47-8 = 0.5,5-34-58-10-46-5 = 0.5,4-28-15-4 = 0.5,4-17-57-4 = 1.0,5-25-49-19-37-7 = 0.5,4-45-20-28-4 = 0.5,4-41-50-16-5 = 1.0,4-45-20-15-4 = 0.5,8-27-53-8 = 1.0,,,,,,,,,,,,,,,,,,,,,
474,305,735.261,0,0.623,0,Prune by CG,,4-22-4 = 1.0,8-33-8 = 0.071,5-38-5 = 0.5,8-39-8 = 0.071,5-42-5 = 1.0,7-31-52-29-19-8 = 0.5,7-48-24-30-7 = 1.0,7-21-26-36-7 = 0.5,7-52-29-37-7 = 0.5,7-31-21-26-36-7 = 0.5,8-33-23-39-8 = 0.571,8-33-39-8 = 0.357,8-12-44-43-4 = 0.071,8-12-47-43-4 = 0.143,8-12-47-11-8 = 0.429,8-12-9-10-49-8 = 0.357,8-40-44-51-43-4 = 0.571,8-10-49-19-37-7 = 0.143,8-45-20-11-8 = 0.357,8-51-46-43-4 = 0.071,5-35-56-14-5 = 0.5,5-18-54-34-13-5 = 0.5,5-32-55-14-5 = 0.5,5-35-38-5 = 0.5,5-56-55-32-5 = 0.5,5-18-54-58-13-5 = 0.5,5-25-9-46-47-4 = 0.429,5-25-9-51-44-4 = 0.214,5-34-58-10-46-5 = 0.5,8-49-51-44-43-4 = 0.143,4-28-15-4 = 1.0,4-17-57-4 = 1.0,5-25-49-19-37-7 = 0.357,4-45-20-40-23-8 = 0.429,4-41-50-16-5 = 1.0,4-45-20-11-8 = 0.214,8-27-53-8 = 1.0,,,,,,,,,,,,,
101,83,736.187,7.556,0.557,2.956,Prune by UB,,4-22-4 = 1.0,8-33-8 = 0.056,5-38-5 = 0.278,8-39-8 = 0.5,5-42-5 = 1.0,7-31-52-29-19-8 = 0.556,7-48-24-30-7 = 1.0,7-21-26-36-7 = 1.0,8-33-23-39-8 = 0.333,8-33-39-8 = 0.167,8-12-44-28-4 = 0.111,8-12-47-11-8 = 0.889,8-40-44-51-43-4 = 0.333,8-10-49-19-37-7 = 0.444,7-31-52-29-14-5 = 0.444,5-35-56-14-5 = 0.278,5-18-54-15-4 = 0.222,5-18-54-34-13-5 = 0.778,5-32-55-14-5 = 0.278,5-35-38-5 = 0.722,5-56-55-32-5 = 0.722,5-25-9-58-46-4 = 0.333,5-25-9-58-15-4 = 0.667,5-34-13-46-43-4 = 0.111,5-34-13-51-15-4 = 0.111,4-17-57-4 = 1.0,4-45-20-28-4 = 0.778,4-51-46-43-4 = 0.556,4-45-20-40-23-8 = 0.222,4-41-50-16-5 = 1.0,4-28-47-11-8 = 0.111,8-27-53-8 = 1.0,4-44-10-49-37-7 = 0.556,8-33-40-23-8 = 0.444,,,,,,,,,,,,,,,,
165,164,737.186,8,0.982,4,Prune by UB,,4-22-4 = 1.0,5-38-5 = 0.143,5-42-5 = 1.0,7-36-26-7 = 0.571,7-31-52-29-19-8 = 0.214,7-21-52-29-7 = 0.571,7-48-24-30-7 = 1.0,7-21-26-36-7 = 0.214,7-31-25-9-58-44-4 = 0.571,8-53-27-8 = 1.0,7-52-29-37-7 = 0.214,7-31-21-26-36-7 = 0.214,8-33-23-39-8 = 0.071,8-33-39-8 = 0.929,8-12-47-11-8 = 0.929,8-12-9-10-49-8 = 0.071,8-40-44-51-43-4 = 0.071,8-10-49-19-37-7 = 0.786,8-45-20-11-8 = 0.071,8-45-20-40-23-8 = 0.357,5-41-50-16-5 = 0.643,5-35-56-14-5 = 0.143,5-18-54-34-13-5 = 0.286,5-32-55-14-5 = 0.143,5-35-38-5 = 0.857,5-56-55-32-5 = 0.857,5-18-54-13-14-5 = 0.357,5-18-54-34-14-5 = 0.357,5-34-13-51-43-4 = 0.357,8-49-10-46-47-8 = 0.071,4-28-15-4 = 0.643,4-17-57-4 = 1.0,4-51-46-43-4 = 0.571,4-45-20-40-23-8 = 0.571,4-41-50-16-5 = 0.357,4-25-58-10-49-8 = 0.071,4-25-9-58-46-4 = 0.357,4-44-28-15-4 = 0.357,,,,,,,,,,,,
306,220,734.637,11.3,0.478,1.744,475,476,4-22-4 = 1.0,8-39-8 = 0.4,5-42-5 = 1.0,8-53-8 = 0.125,7-36-26-7 = 0.175,7-31-52-29-19-8 = 0.4,7-21-52-29-7 = 0.025,7-48-24-30-7 = 1.0,7-21-52-9-58-5 = 0.15,7-21-26-36-7 = 0.25,7-52-29-37-7 = 0.425,7-31-29-19-11-8 = 0.025,7-31-21-26-36-7 = 0.575,8-33-23-39-8 = 0.4,8-33-39-8 = 0.2,8-33-40-11-8 = 0.4,8-12-44-28-4 = 0.2,8-12-47-11-8 = 0.575,8-12-9-10-49-8 = 0.225,8-10-49-19-37-7 = 0.394,8-45-20-40-23-8 = 0.106,5-35-56-14-5 = 0.456,5-18-54-34-13-5 = 0.531,5-32-55-14-5 = 0.456,5-38-50-16-5 = 0.031,5-38-41-57-4 = 0.031,5-35-38-5 = 0.544,5-25-51-43-4 = 0.319,5-56-55-32-5 = 0.544,5-18-54-58-13-5 = 0.381,5-25-9-46-47-4 = 0.425,5-18-54-58-14-5 = 0.088,5-25-9-51-44-4 = 0.2,5-34-13-51-43-4 = 0.088,5-34-58-10-46-5 = 0.381,8-49-51-44-15-4 = 0.2,4-28-15-4 = 0.769,4-17-57-4 = 0.969,4-17-15-28-4 = 0.031,5-25-49-19-37-7 = 0.056,4-45-20-44-43-4 = 0.4,4-51-46-43-4 = 0.194,4-45-20-40-23-8 = 0.494,4-41-50-16-5 = 0.969,5-42-38-5 = 0.394,8-27-53-8 = 0.875,8-27-49-29-19-37-7 = 0.125,,,
475,306,737.441,0,2.805,0,Prune by CG,,4-22-4 = 1.0,8-33-8 = 0.042,5-38-5 = 0.5,8-39-8 = 0.042,5-42-5 = 1.0,7-31-52-29-19-8 = 0.708,7-48-24-30-7 = 1.0,7-21-26-36-7 = 0.708,8-40-28-15-4 = 0.132,7-52-29-37-7 = 0.292,7-31-21-26-36-7 = 0.292,8-33-23-39-8 = 0.403,8-33-39-8 = 0.556,8-45-20-28-4 = 0.083,8-12-44-15-4 = 0.062,8-12-47-11-8 = 0.729,8-45-20-40-23-8 = 0.597,5-35-56-14-5 = 0.5,5-18-54-34-13-5 = 0.5,5-32-55-14-5 = 0.5,5-35-38-5 = 0.5,5-25-51-43-4 = 0.431,5-56-55-32-5 = 0.5,5-18-54-58-13-5 = 0.5,5-25-9-46-47-4 = 0.271,5-25-9-51-44-4 = 0.299,5-34-58-10-46-5 = 0.5,8-49-51-44-15-4 = 0.021,4-28-15-4 = 0.785,4-17-57-4 = 1.0,4-45-20-44-43-4 = 0.319,4-51-46-43-4 = 0.229,8-40-49-19-11-8 = 0.271,4-41-50-16-5 = 1.0,8-27-53-8 = 1.0,4-44-10-49-37-7 = 0.278,8-12-9-49-37-7 = 0.208,8-9-10-49-37-7 = 0.222,4-44-51-43-19-8 = 0.021,,,,,,,,,,,
476,306,734.907,9.467,0.271,-1.833,477,478,4-22-4 = 1.0,5-38-5 = 0.367,8-39-8 = 0.067,5-42-5 = 1.0,8-53-8 = 0.033,7-36-26-7 = 0.267,7-31-52-29-19-7 = 0.367,7-21-52-29-7 = 0.133,7-48-24-30-7 = 1.0,7-21-52-9-58-5 = 0.133,7-21-26-36-7 = 0.6,7-31-49-46-43-4 = 0.4,8-40-28-15-4 = 0.2,7-52-29-37-7 = 0.367,7-31-21-26-36-7 = 0.133,8-33-23-39-8 = 0.267,8-33-39-8 = 0.667,8-33-40-11-8 = 0.067,8-12-47-11-8 = 0.933,8-12-9-10-49-8 = 0.067,7-31-29-19-37-7 = 0.1,8-10-49-19-37-7 = 0.5,5-35-56-14-5 = 0.5,5-18-54-34-13-5 = 0.567,5-32-55-14-5 = 0.5,5-38-50-16-5 = 0.067,5-38-41-57-4 = 0.067,5-35-38-5 = 0.5,5-25-51-43-4 = 0.2,5-56-55-32-5 = 0.5,5-18-54-58-13-5 = 0.433,5-25-9-46-47-4 = 0.067,5-25-9-51-44-4 = 0.7,5-25-9-44-43-4 = 0.033,5-34-58-10-46-5 = 0.433,4-28-15-4 = 0.733,4-17-57-4 = 0.933,4-17-15-28-4 = 0.067,4-45-20-44-43-4 = 0.267,4-51-46-43-4 = 0.1,4-45-20-40-23-8 = 0.733,4-41-50-16-5 = 0.933,8-27-53-8 = 0.967,8-27-49-29-19-37-7 = 0.033,,,,,,
477,476,737.808,0,2.9,0,Prune by CG,,4-22-4 = 1.0,8-33-8 = 0.292,8-39-8 = 0.458,5-42-5 = 1.0,7-31-52-29-19-4 = 0.25,7-31-52-29-19-7 = 0.25,7-48-24-30-7 = 1.0,7-21-26-36-7 = 0.75,7-31-9-46-43-4 = 0.25,7-52-29-37-7 = 0.5,7-31-21-26-36-7 = 0.25,8-33-23-39-8 = 0.167,8-33-39-8 = 0.375,8-33-40-11-8 = 0.167,8-12-44-28-4 = 0.167,8-12-47-11-8 = 0.833,8-10-49-19-37-7 = 0.333,5-35-56-14-5 = 0.083,5-18-54-34-13-5 = 0.625,5-32-55-14-5 = 0.083,5-38-50-16-5 = 0.042,5-38-41-57-4 = 0.042,5-35-38-5 = 0.917,5-56-55-32-5 = 0.917,5-18-54-58-13-5 = 0.042,5-18-25-9-43-4 = 0.083,5-18-54-58-14-5 = 0.25,5-25-9-44-43-4 = 0.667,5-34-13-51-15-4 = 0.167,5-34-58-10-46-5 = 0.208,8-49-10-46-47-8 = 0.167,8-49-51-44-15-4 = 0.167,4-28-15-4 = 0.625,4-17-57-4 = 0.958,4-17-15-28-4 = 0.042,5-25-49-19-37-7 = 0.167,4-45-20-28-4 = 0.167,5-58-51-46-14-5 = 0.375,5-25-54-14-5 = 0.083,4-45-20-40-23-8 = 0.833,4-41-50-16-5 = 0.958,8-27-53-8 = 1.0,5-58-10-51-14-5 = 0.125,8-49-10-51-13-5 = 0.167,,,,,,
478,476,734.918,9.27,0.01,-0.197,479,480,4-22-4 = 1.0,8-39-8 = 0.104,5-42-5 = 1.0,8-53-8 = 0.043,7-36-26-7 = 0.113,7-31-52-29-19-7 = 0.443,7-21-52-29-7 = 0.009,7-48-24-30-7 = 1.0,7-21-52-9-58-5 = 0.104,7-21-26-36-7 = 0.783,7-31-49-46-43-4 = 0.391,8-40-28-15-4 = 0.2,7-52-29-37-7 = 0.443,7-31-21-26-36-7 = 0.104,8-33-23-39-8 = 0.304,8-33-39-8 = 0.591,8-33-40-11-8 = 0.104,8-12-47-11-8 = 0.896,8-12-9-10-49-8 = 0.104,7-31-29-19-37-7 = 0.061,8-10-49-19-37-7 = 0.452,5-35-56-14-5 = 0.487,5-18-54-34-13-5 = 0.539,5-32-55-14-5 = 0.487,5-38-50-16-5 = 0.039,5-38-41-57-4 = 0.039,5-35-38-5 = 0.513,5-25-51-43-4 = 0.209,5-56-55-32-5 = 0.513,5-18-54-58-13-5 = 0.435,5-25-9-46-47-4 = 0.096,5-18-54-58-14-5 = 0.026,5-25-9-51-44-4 = 0.696,5-34-13-51-43-4 = 0.026,5-34-58-10-46-5 = 0.435,8-49-10-46-47-8 = 0.009,4-28-15-4 = 0.761,4-17-57-4 = 0.961,4-17-15-28-4 = 0.039,4-45-20-44-43-4 = 0.304,4-51-46-43-4 = 0.07,4-45-20-40-23-8 = 0.696,4-41-50-16-5 = 0.961,5-42-38-5 = 0.409,8-27-53-8 = 0.957,8-27-49-29-19-37-7 = 0.043,,,,
479,478,735.966,0,1.048,0,Prune by CG,,4-22-4 = 1.0,5-42-5 = 1.0,7-36-26-7 = 0.5,7-31-52-29-19-7 = 0.5,7-48-24-30-7 = 1.0,7-21-49-19-37-7 = 0.5,8-40-28-15-4 = 0.5,7-52-29-37-7 = 0.5,7-31-21-26-36-7 = 0.5,8-33-23-39-8 = 0.5,8-33-39-8 = 0.5,8-12-47-11-8 = 1.0,8-45-20-40-23-8 = 0.5,5-35-56-14-5 = 0.5,5-18-54-34-13-5 = 0.5,5-32-55-14-5 = 0.5,5-35-38-5 = 0.5,5-56-55-32-5 = 0.5,5-18-54-58-13-5 = 0.5,5-25-9-10-49-8 = 0.5,5-25-9-51-44-4 = 0.5,5-34-58-10-46-5 = 0.5,4-28-15-4 = 0.5,4-17-57-4 = 1.0,4-45-20-44-43-4 = 0.5,4-51-46-43-4 = 0.5,4-41-50-16-5 = 1.0,5-42-38-5 = 0.5,8-27-53-8 = 1.0,,,,,,,,,,,,,,,,,,,,,
480,478,736.04,0,1.122,0,Prune by CG,,4-22-4 = 1.0,8-39-8 = 0.186,5-42-5 = 1.0,7-36-26-7 = 0.68,7-31-52-29-19-7 = 0.206,7-21-52-29-7 = 0.36,7-48-24-30-7 = 1.0,7-21-52-9-58-5 = 0.229,7-21-9-10-58-5 = 0.091,7-31-49-46-43-4 = 0.253,7-52-29-37-7 = 0.206,7-31-21-26-36-7 = 0.32,8-33-23-39-8 = 0.186,8-33-39-8 = 0.628,8-33-40-11-8 = 0.186,8-12-44-28-4 = 0.186,8-12-47-11-8 = 0.814,7-31-29-19-37-7 = 0.221,8-10-49-19-37-7 = 0.573,5-35-56-14-5 = 0.292,5-18-54-34-13-5 = 0.482,5-32-55-14-5 = 0.292,5-35-38-5 = 0.708,5-25-51-43-4 = 0.383,5-56-55-32-5 = 0.708,5-18-54-58-13-5 = 0.154,5-25-9-46-47-4 = 0.012,5-18-54-58-14-5 = 0.356,5-25-9-51-44-4 = 0.561,5-25-9-46-14-5 = 0.043,5-34-13-46-43-4 = 0.364,5-34-58-10-46-5 = 0.154,8-49-10-46-47-8 = 0.174,4-28-15-4 = 0.115,4-15-57-4 = 0.316,4-17-57-4 = 0.684,4-17-15-28-4 = 0.316,4-45-20-28-4 = 0.186,4-45-20-40-23-8 = 0.814,4-41-50-16-5 = 1.0,5-42-38-5 = 0.292,8-27-53-8 = 1.0,5-18-9-10-58-14-5 = 0.008,8-9-51-44-15-4 = 0.055,4-44-28-15-4 = 0.198,5-54-58-29-14-5 = 0.008,,,,
250,246,734.731,10,1.108,2,481,482,4-22-4 = 1.0,5-38-5 = 0.5,5-42-5 = 1.0,7-31-52-29-19-8 = 0.5,7-48-24-30-7 = 1.0,7-21-26-36-7 = 0.5,8-53-27-8 = 1.0,7-52-29-37-7 = 0.5,7-31-21-26-36-7 = 0.5,8-33-23-39-8 = 0.5,8-33-39-8 = 0.5,8-40-44-51-43-4 = 0.5,8-45-20-40-23-8 = 0.5,5-35-56-14-5 = 0.5,5-18-54-34-13-5 = 1.0,5-32-55-14-5 = 0.5,5-35-38-5 = 0.5,5-56-55-32-5 = 0.5,5-25-9-46-47-4 = 0.5,8-49-10-58-46-4 = 0.5,8-49-10-58-51-4 = 0.5,4-15-28-4 = 1.0,4-17-57-4 = 1.0,4-12-44-43-4 = 0.5,5-25-9-19-37-7 = 0.5,4-41-50-16-5 = 1.0,4-12-47-11-8 = 0.5,4-45-20-11-8 = 0.5,,,,,,,,,,,,,,,,,,,,,,
481,250,735.423,0,0.692,0,Prune by CG,,4-22-4 = 1.0,8-33-8 = 0.5,8-39-8 = 0.5,5-42-5 = 1.0,7-31-52-29-19-8 = 0.5,7-48-24-30-7 = 1.0,7-21-26-36-7 = 0.5,7-52-29-37-7 = 0.5,7-31-21-26-36-7 = 0.5,8-33-23-39-8 = 0.5,8-40-44-51-43-4 = 0.5,8-45-20-11-8 = 0.5,5-35-56-38-5 = 1.0,5-18-54-34-13-5 = 1.0,5-32-55-14-5 = 1.0,5-25-9-46-47-4 = 0.5,8-49-10-58-46-4 = 0.5,8-49-10-58-51-4 = 0.5,4-28-15-4 = 1.0,4-17-57-4 = 1.0,4-12-44-43-4 = 0.5,5-25-9-19-37-7 = 0.5,4-45-20-40-23-8 = 0.5,4-41-50-16-5 = 1.0,4-12-47-11-8 = 0.5,8-27-53-8 = 1.0,,,,,,,,,,,,,,,,,,,,,,,,
482,250,735.672,0,0.941,0,Prune by CG,,4-22-4 = 1.0,8-33-8 = 0.368,8-39-8 = 0.368,5-42-5 = 1.0,7-31-52-29-19-8 = 0.5,7-48-24-30-7 = 1.0,7-21-26-36-7 = 0.5,7-52-29-37-7 = 0.5,7-31-21-26-36-7 = 0.5,8-33-23-39-8 = 0.447,8-33-39-8 = 0.184,8-40-44-51-43-4 = 0.447,8-25-58-51-47-4 = 0.105,8-45-20-11-8 = 0.053,8-45-20-40-23-8 = 0.553,5-18-54-34-13-5 = 0.211,5-35-38-5 = 1.0,5-56-55-32-5 = 1.0,5-18-54-13-14-5 = 0.526,5-18-25-9-51-4 = 0.053,5-54-34-13-14-5 = 0.053,5-25-9-46-47-4 = 0.211,5-25-9-10-47-4 = 0.132,5-18-54-34-14-5 = 0.211,5-34-51-44-43-4 = 0.316,8-49-10-58-46-4 = 0.789,8-49-10-58-51-4 = 0.053,8-49-10-58-15-4 = 0.026,8-49-58-51-28-4 = 0.026,4-28-15-4 = 0.974,4-17-57-4 = 1.0,4-12-44-43-4 = 0.237,5-25-9-19-37-7 = 0.395,5-25-49-19-37-7 = 0.105,4-41-50-16-5 = 1.0,4-12-47-11-8 = 0.553,4-45-20-11-8 = 0.395,8-27-53-8 = 1.0,4-12-9-34-13-14-5 = 0.211,,,,,,,,,,,
135,133,736.455,7.273,1.944,1.364,Prune by UB,,4-22-4 = 1.0,8-33-8 = 0.061,8-39-8 = 0.061,5-42-5 = 1.0,7-36-26-7 = 0.667,7-21-52-29-7 = 0.333,7-48-24-30-7 = 1.0,7-21-52-49-47-8 = 0.167,7-21-49-19-37-7 = 0.167,7-31-21-26-36-7 = 0.333,8-33-39-8 = 0.939,8-12-47-11-8 = 0.485,8-12-9-58-51-4 = 0.152,7-31-29-19-37-7 = 0.167,8-10-49-19-37-7 = 0.197,7-31-52-29-14-5 = 0.5,5-18-54-34-13-5 = 0.5,5-35-38-5 = 1.0,5-25-51-43-4 = 0.53,5-56-55-32-5 = 1.0,5-18-54-13-14-5 = 0.5,5-25-9-44-43-4 = 0.47,5-34-51-44-15-4 = 0.273,8-49-10-58-46-4 = 0.439,4-15-28-4 = 0.727,4-17-57-4 = 1.0,8-49-10-58-44-47-4 = 0.03,4-12-44-28-4 = 0.182,5-34-46-19-37-7 = 0.227,4-45-20-40-23-8 = 1.0,4-41-50-16-5 = 1.0,4-12-47-11-8 = 0.182,4-28-47-11-8 = 0.091,8-9-58-10-46-4 = 0.333,8-27-53-8 = 1.0,8-11-19-37-7 = 0.242,8-9-58-51-44-47-4 = 0.045,,,,,,,,,,,,,
127,125,737.296,5.714,3.178,0.714,Prune by UB,,4-22-4 = 1.0,8-33-8 = 0.371,8-39-8 = 0.371,5-42-5 = 1.0,7-31-52-37-7 = 0.457,7-48-24-30-7 = 1.0,7-21-26-36-7 = 0.714,7-52-29-37-7 = 0.543,7-31-29-19-11-8 = 0.257,7-31-21-26-36-7 = 0.286,8-33-23-39-8 = 0.029,8-33-39-8 = 0.6,8-12-47-11-8 = 0.714,8-12-9-58-49-19-4 = 0.286,8-44-58-10-49-19-4 = 0.171,5-35-56-38-5 = 1.0,5-18-54-34-13-5 = 1.0,5-32-55-14-5 = 1.0,5-25-51-43-4 = 0.714,5-25-9-44-43-4 = 0.286,8-49-10-46-47-4 = 0.229,8-49-10-58-46-4 = 0.286,4-28-15-4 = 0.886,4-17-57-4 = 1.0,4-44-51-28-4 = 0.114,4-9-10-51-44-4 = 0.057,4-45-20-40-23-8 = 0.971,4-41-50-16-5 = 1.0,8-9-58-10-46-4 = 0.257,8-27-53-8 = 1.0,4-44-46-47-19-7 = 0.029,8-40-47-19-11-8 = 0.029,4-9-51-44-15-4 = 0.114,4-44-46-29-19-7 = 0.2,4-45-20-44-49-19-7 = 0.029,,,,,,,,,,,,,,,
146,143,735.93,8.625,2.188,1.965,Prune by UB,,4-22-4 = 1.0,8-33-8 = 0.125,5-38-5 = 0.312,8-39-8 = 0.125,5-42-5 = 1.0,7-31-52-37-7 = 0.25,7-48-24-30-7 = 1.0,7-21-26-36-7 = 0.625,7-31-25-58-49-19-7 = 0.375,7-52-29-37-7 = 0.75,7-31-21-26-36-7 = 0.375,8-33-23-39-8 = 0.125,8-33-39-8 = 0.75,8-12-44-15-4 = 0.312,8-12-44-28-4 = 0.312,8-12-47-11-8 = 0.375,8-10-51-43-4 = 0.25,8-40-44-51-43-4 = 0.125,8-45-20-44-43-4 = 0.125,8-51-46-43-4 = 0.125,5-35-56-14-5 = 0.312,5-18-54-34-13-5 = 0.625,5-32-55-14-5 = 0.312,5-35-38-5 = 0.688,5-25-51-43-4 = 0.375,5-56-55-32-5 = 0.688,5-18-54-13-14-5 = 0.375,5-25-9-46-47-4 = 0.125,5-25-9-51-44-4 = 0.125,4-15-28-4 = 0.688,4-17-57-4 = 1.0,5-34-58-49-19-11-8 = 0.375,4-45-20-40-23-8 = 0.875,4-41-50-16-5 = 1.0,4-9-58-10-46-4 = 0.25,4-9-10-46-47-4 = 0.5,8-49-29-19-11-8 = 0.25,8-27-53-8 = 1.0,,,,,,,,,,,,
290,209,734.87,8.754,0.97,1.477,483,484,4-22-4 = 1.0,8-33-8 = 0.292,8-39-8 = 0.523,5-42-5 = 1.0,7-36-26-7 = 0.431,7-31-52-29-19-8 = 0.369,7-21-52-29-7 = 0.231,7-48-24-30-7 = 1.0,7-21-58-46-47-4 = 0.2,7-31-9-58-46-47-4 = 0.031,7-52-29-37-7 = 0.369,7-31-21-26-36-7 = 0.569,8-33-23-39-8 = 0.415,8-33-39-8 = 0.062,8-33-40-11-8 = 0.231,8-12-47-11-8 = 0.769,8-12-9-10-49-8 = 0.231,8-40-44-51-43-4 = 0.185,8-10-49-19-37-7 = 0.631,7-31-52-29-14-5 = 0.031,5-18-54-34-13-5 = 0.323,5-35-38-5 = 1.0,5-54-58-28-4 = 0.131,5-25-51-43-4 = 0.262,5-56-55-32-5 = 1.0,5-18-54-58-44-4 = 0.092,5-18-54-13-14-5 = 0.454,5-25-9-51-44-4 = 0.169,5-25-9-46-14-5 = 0.085,5-25-9-44-43-4 = 0.262,5-34-58-46-15-4 = 0.546,4-15-28-4 = 0.454,4-17-57-4 = 1.0,4-45-20-28-4 = 0.415,4-45-20-40-23-8 = 0.585,4-41-50-16-5 = 1.0,8-49-10-46-14-5 = 0.138,8-27-53-8 = 1.0,5-25-9-51-13-5 = 0.092,5-18-25-9-34-13-5 = 0.131,4-44-51-43-14-5 = 0.292,,,,,,,,,
483,290,735,0,0.131,0,Prune by CG,,4-22-4 = 1.0,8-33-8 = 0.368,8-39-8 = 0.526,5-42-5 = 1.0,7-36-26-7 = 0.316,7-31-52-29-19-8 = 0.316,7-21-52-29-7 = 0.158,7-48-24-30-7 = 1.0,7-21-58-46-47-4 = 0.158,7-21-26-36-7 = 0.211,7-52-29-37-7 = 0.316,7-31-21-26-36-7 = 0.474,8-33-23-39-8 = 0.474,8-33-40-11-8 = 0.158,8-12-44-28-4 = 0.158,8-12-47-11-8 = 0.842,8-40-44-51-43-4 = 0.316,8-10-49-19-37-7 = 0.684,7-31-52-29-14-5 = 0.211,5-18-54-34-13-5 = 0.526,5-35-38-5 = 1.0,5-54-58-28-4 = 0.053,5-25-51-43-4 = 0.263,5-56-55-32-5 = 1.0,5-18-54-58-44-4 = 0.105,5-18-54-13-14-5 = 0.316,5-25-9-10-49-8 = 0.316,5-25-9-46-14-5 = 0.158,5-25-9-44-43-4 = 0.105,5-34-58-46-15-4 = 0.421,4-28-15-4 = 0.316,4-17-57-4 = 1.0,4-45-20-28-4 = 0.474,4-45-20-40-23-8 = 0.526,4-41-50-16-5 = 1.0,8-27-53-8 = 1.0,5-25-9-51-13-5 = 0.105,5-18-25-9-34-13-5 = 0.053,5-9-58-46-15-4 = 0.263,4-44-51-43-14-5 = 0.316,,,,,,,,,,
484,290,735.777,0,0.908,0,Prune by CG,,4-22-4 = 1.0,8-33-8 = 0.292,5-38-5 = 0.042,8-39-8 = 0.562,5-42-5 = 1.0,7-36-26-7 = 0.417,7-31-52-29-19-8 = 0.354,7-21-52-29-7 = 0.25,7-48-24-30-7 = 1.0,7-21-9-58-28-4 = 0.167,7-21-26-36-7 = 0.062,7-31-9-58-46-47-4 = 0.083,7-52-29-37-7 = 0.354,7-31-21-26-36-7 = 0.521,8-33-23-39-8 = 0.438,8-33-40-11-8 = 0.271,8-12-44-28-4 = 0.104,8-12-47-11-8 = 0.729,8-12-9-10-49-8 = 0.167,8-40-44-51-43-4 = 0.167,8-10-49-19-37-7 = 0.646,7-31-52-29-14-5 = 0.042,5-35-56-14-5 = 0.042,5-18-54-34-13-5 = 0.25,5-32-55-14-5 = 0.042,5-35-38-5 = 0.958,5-25-51-43-4 = 0.417,5-56-55-32-5 = 0.958,5-18-54-13-14-5 = 0.729,5-54-34-13-14-5 = 0.021,5-18-58-44-28-4 = 0.021,5-34-58-46-15-4 = 0.729,8-49-10-46-47-8 = 0.188,4-28-15-4 = 0.271,4-17-57-4 = 1.0,4-45-20-28-4 = 0.438,4-25-9-51-44-4 = 0.292,4-45-20-40-23-8 = 0.562,4-41-50-16-5 = 1.0,4-25-9-44-43-4 = 0.292,8-27-53-8 = 1.0,4-44-51-43-14-5 = 0.125,,,,,,,,
64,61,735.959,10,2.353,1.5,Prune by UB,,4-22-4 = 1.0,5-38-5 = 0.5,5-42-5 = 1.0,7-36-26-7 = 0.167,7-31-52-29-19-8 = 0.667,7-48-37-7 = 0.333,7-24-30-7 = 0.167,7-30-24-26-36-7 = 0.167,7-48-24-30-7 = 0.667,7-21-26-36-7 = 0.667,8-33-23-39-8 = 0.333,8-33-39-8 = 0.667,8-12-47-11-8 = 1.0,8-10-51-43-4 = 0.333,8-40-44-51-43-4 = 0.333,7-31-52-29-14-5 = 0.333,5-35-56-21-7 = 0.333,5-35-56-14-5 = 0.167,5-18-54-34-13-5 = 1.0,5-32-55-14-5 = 0.5,5-35-38-5 = 0.5,5-56-55-32-5 = 0.5,5-25-9-58-46-4 = 0.333,8-49-10-51-44-4 = 0.333,5-25-58-49-46-4 = 0.333,8-49-10-44-43-4 = 0.333,4-15-28-4 = 0.333,4-15-57-4 = 0.333,4-17-57-4 = 0.667,4-17-15-28-4 = 0.333,4-45-20-28-4 = 0.333,4-45-20-40-23-8 = 0.667,4-41-50-16-5 = 1.0,4-9-46-19-37-7 = 0.333,8-27-53-8 = 1.0,5-25-9-58-37-7 = 0.333,,,,,,,,,,,,,,
110,29,736.257,7.032,1.53,1.699,Prune by UB,,4-22-4 = 1.0,8-33-8 = 0.323,8-39-8 = 0.323,5-42-5 = 1.0,7-36-26-7 = 0.065,7-31-52-29-19-8 = 0.806,7-31-52-37-7 = 0.129,7-48-24-30-7 = 1.0,7-21-26-36-7 = 0.935,7-52-29-37-7 = 0.065,8-33-23-39-8 = 0.452,8-33-39-8 = 0.226,8-12-47-11-8 = 0.355,8-40-44-51-43-4 = 0.452,7-31-29-19-37-7 = 0.065,8-45-20-44-43-4 = 0.419,5-41-50-16-5 = 0.742,5-35-56-21-7 = 0.065,5-18-54-34-13-5 = 0.935,5-38-50-16-5 = 0.032,5-38-41-57-4 = 0.032,5-35-38-5 = 0.935,5-25-58-51-47-4 = 0.032,5-56-55-32-5 = 0.935,5-18-55-32-5 = 0.065,5-25-9-58-51-4 = 0.419,5-34-13-51-43-4 = 0.065,4-28-15-4 = 0.935,4-17-57-4 = 0.968,4-17-15-28-4 = 0.032,4-12-44-28-4 = 0.032,5-25-58-49-37-7 = 0.548,4-45-44-51-15-4 = 0.032,5-54-29-37-7 = 0.065,4-45-20-40-23-8 = 0.548,4-41-50-16-5 = 0.226,4-12-47-11-8 = 0.613,4-20-49-19-37-7 = 0.032,8-49-10-46-14-5 = 0.419,8-44-43-19-37-7 = 0.065,8-27-53-8 = 1.0,8-11-19-37-7 = 0.032,8-9-10-46-14-5 = 0.581,,,,,,,
60,5,732.523,9.206,1.65,2.244,485,486,4-22-4 = 1.0,8-33-8 = 0.279,8-39-8 = 0.603,5-42-5 = 1.0,7-31-52-29-19-8 = 0.471,7-31-52-37-7 = 0.206,7-48-24-30-7 = 1.0,7-21-26-36-7 = 0.676,7-52-29-37-7 = 0.324,7-31-21-26-36-7 = 0.324,8-33-23-39-8 = 0.353,8-33-39-8 = 0.044,8-33-40-11-8 = 0.324,8-12-44-15-4 = 0.132,8-12-44-28-4 = 0.132,8-12-47-11-8 = 0.676,8-40-44-51-43-4 = 0.029,8-12-9-58-49-19-8 = 0.059,8-10-49-19-37-7 = 0.265,5-41-50-16-5 = 0.206,5-35-56-14-5 = 0.147,5-18-54-34-13-5 = 0.647,5-32-55-14-5 = 0.147,5-38-50-16-5 = 0.074,5-38-41-57-4 = 0.074,5-35-38-5 = 0.853,5-25-51-43-4 = 0.324,5-56-55-32-5 = 0.853,5-25-9-46-47-4 = 0.324,5-18-54-34-14-5 = 0.353,5-25-9-51-44-4 = 0.353,4-15-28-4 = 0.794,4-17-57-4 = 0.926,4-17-15-28-4 = 0.074,4-45-20-44-43-4 = 0.353,4-51-46-43-4 = 0.294,4-45-20-40-23-8 = 0.647,4-41-50-16-5 = 0.721,8-27-53-8 = 1.0,8-49-10-58-46-8 = 0.324,8-9-58-10-46-8 = 0.059,8-49-10-58-13-14-5 = 0.353,8-9-58-29-19-37-7 = 0.206,,,,,,,
486,60,733.007,8.738,0.484,-0.467,487,488,4-22-4 = 1.0,8-33-8 = 0.208,8-39-8 = 0.515,5-42-5 = 1.0,7-36-26-7 = 0.015,7-31-52-29-19-8 = 0.492,7-31-52-37-7 = 0.262,7-48-24-30-7 = 1.0,7-21-26-36-7 = 0.754,7-52-29-37-7 = 0.246,7-31-29-19-11-8 = 0.015,7-31-21-26-36-7 = 0.231,8-33-23-39-8 = 0.308,8-33-39-8 = 0.177,8-33-40-11-8 = 0.308,8-12-44-15-4 = 0.162,8-12-44-28-4 = 0.162,8-12-47-11-8 = 0.677,5-41-50-16-5 = 0.292,5-35-56-21-7 = 0.015,5-18-54-34-13-5 = 0.477,5-32-55-14-5 = 0.015,5-38-50-16-5 = 0.008,5-38-41-57-4 = 0.008,5-35-38-5 = 0.985,5-25-51-43-4 = 0.308,5-56-55-32-5 = 0.985,5-54-34-13-14-5 = 0.062,5-25-9-46-47-4 = 0.323,5-18-54-34-14-5 = 0.462,5-25-9-51-44-4 = 0.369,4-28-15-4 = 0.831,4-17-57-4 = 0.992,4-17-15-28-4 = 0.008,5-18-9-46-43-4 = 0.062,4-45-20-44-43-4 = 0.308,4-51-46-43-4 = 0.323,4-45-20-40-23-8 = 0.692,4-41-50-16-5 = 0.7,8-9-10-19-37-7 = 0.169,8-27-53-8 = 1.0,8-49-10-58-46-8 = 0.292,8-49-10-58-13-14-5 = 0.462,8-49-58-29-19-37-7 = 0.246,5-9-10-19-37-7 = 0.077,,,,,
487,486,736.713,0,3.706,0,Prune by CG,,4-22-4 = 1.0,8-33-8 = 0.214,8-39-8 = 0.5,5-42-5 = 1.0,7-31-52-37-7 = 0.286,7-21-52-29-7 = 0.214,7-48-24-30-7 = 1.0,7-21-54-34-14-5 = 0.214,7-52-29-37-7 = 0.357,7-31-21-26-36-7 = 0.571,8-33-23-39-8 = 0.5,8-33-40-11-8 = 0.286,8-12-10-58-5 = 0.214,8-12-44-28-4 = 0.071,8-12-47-11-8 = 0.714,8-40-44-51-43-4 = 0.214,7-31-52-29-14-5 = 0.143,5-41-50-16-5 = 0.643,5-18-54-34-13-5 = 0.429,5-35-38-5 = 1.0,5-56-55-32-5 = 1.0,5-25-9-46-47-4 = 0.286,5-18-54-34-14-5 = 0.071,5-18-25-9-49-19-8 = 0.214,5-25-9-51-44-4 = 0.143,5-34-51-46-19-8 = 0.143,5-34-51-44-15-4 = 0.143,4-28-15-4 = 0.857,4-17-57-4 = 1.0,5-25-9-19-37-7 = 0.357,4-45-20-28-4 = 0.071,4-45-20-44-43-4 = 0.429,4-51-46-43-4 = 0.357,5-18-54-29-19-8 = 0.286,4-45-20-40-23-8 = 0.5,4-41-50-16-5 = 0.357,7-26-36-7 = 0.429,8-27-53-8 = 1.0,8-49-10-58-46-8 = 0.143,8-49-10-58-13-14-5 = 0.571,8-49-10-58-46-5 = 0.071,,,,,,,,,
488,486,733.008,8.92,0.001,0.182,489,490,4-22-4 = 1.0,8-33-8 = 0.207,8-39-8 = 0.473,5-42-5 = 1.0,7-36-26-7 = 0.04,7-31-52-29-19-8 = 0.48,7-31-52-37-7 = 0.28,7-48-24-30-7 = 1.0,7-21-26-36-7 = 0.76,7-52-29-37-7 = 0.24,7-31-29-19-11-8 = 0.04,7-31-21-26-36-7 = 0.2,8-33-23-39-8 = 0.267,8-33-39-8 = 0.26,8-33-40-11-8 = 0.267,8-12-44-15-4 = 0.153,8-12-44-28-4 = 0.153,8-12-47-11-8 = 0.693,5-41-50-16-5 = 0.36,5-35-56-21-7 = 0.04,5-18-54-34-13-5 = 0.507,5-32-55-14-5 = 0.04,5-38-50-16-5 = 0.02,5-38-41-57-4 = 0.02,5-35-38-5 = 0.96,5-25-51-43-4 = 0.267,5-56-55-32-5 = 0.96,5-54-34-13-14-5 = 0.027,5-25-9-46-47-4 = 0.307,5-18-54-34-14-5 = 0.467,5-25-9-51-44-4 = 0.36,5-25-9-44-43-4 = 0.067,4-28-15-4 = 0.827,4-17-57-4 = 0.98,4-17-15-28-4 = 0.02,5-18-9-46-43-4 = 0.027,4-45-20-44-43-4 = 0.267,4-51-46-43-4 = 0.373,4-45-20-40-23-8 = 0.733,4-41-50-16-5 = 0.62,8-9-10-19-37-7 = 0.24,8-27-53-8 = 1.0,8-49-10-58-46-8 = 0.293,8-49-10-58-13-14-5 = 0.467,8-49-58-29-19-37-7 = 0.24,,,,,
489,488,733.011,9.308,0.003,0.388,491,492,4-22-4 = 1.0,8-33-8 = 0.167,8-39-8 = 0.449,5-42-5 = 1.0,7-36-26-7 = 0.077,7-31-52-29-19-8 = 0.462,7-31-52-37-7 = 0.308,7-48-24-30-7 = 1.0,7-21-26-36-7 = 0.769,7-52-29-37-7 = 0.231,7-31-29-19-11-8 = 0.077,7-31-21-26-36-7 = 0.154,8-33-23-39-8 = 0.282,8-33-39-8 = 0.269,8-33-40-11-8 = 0.282,8-12-10-58-5 = 0.231,8-12-44-15-4 = 0.064,8-12-44-28-4 = 0.064,8-12-47-11-8 = 0.641,8-10-49-19-37-7 = 0.231,5-41-50-16-5 = 0.462,5-35-56-21-7 = 0.077,5-18-54-34-13-5 = 0.513,5-32-55-14-5 = 0.077,5-38-50-16-5 = 0.038,5-38-41-57-4 = 0.038,5-35-38-5 = 0.923,5-25-51-43-4 = 0.051,5-56-55-32-5 = 0.923,5-54-34-13-14-5 = 0.051,5-25-9-46-47-4 = 0.359,5-18-54-34-14-5 = 0.436,5-25-9-51-44-4 = 0.462,5-25-9-44-43-4 = 0.128,4-28-15-4 = 0.897,4-17-57-4 = 0.962,4-17-15-28-4 = 0.038,5-18-9-46-43-4 = 0.051,4-45-20-44-43-4 = 0.282,4-51-46-43-4 = 0.487,4-45-20-40-23-8 = 0.718,4-41-50-16-5 = 0.5,8-27-53-8 = 1.0,8-49-10-58-46-8 = 0.103,8-49-10-58-13-14-5 = 0.436,8-49-58-29-19-37-7 = 0.231,,,,
492,489,733.832,8.941,0.821,-0.367,493,494,4-22-4 = 1.0,8-33-8 = 0.221,8-39-8 = 0.441,5-42-5 = 1.0,7-36-26-7 = 0.029,7-31-52-29-19-8 = 0.324,7-31-52-37-7 = 0.294,7-48-24-30-7 = 1.0,7-21-26-36-7 = 0.618,7-52-29-37-7 = 0.382,7-31-29-19-11-8 = 0.029,7-31-21-26-36-7 = 0.353,8-33-23-39-8 = 0.221,8-33-39-8 = 0.338,8-33-40-11-8 = 0.221,8-12-10-58-5 = 0.059,8-12-44-15-4 = 0.206,8-12-44-28-4 = 0.206,8-12-47-11-8 = 0.529,8-10-49-19-37-7 = 0.059,8-44-58-10-49-19-8 = 0.324,5-41-50-16-5 = 0.088,5-35-56-21-7 = 0.029,5-18-54-34-13-5 = 0.382,5-32-55-14-5 = 0.029,5-38-50-16-5 = 0.015,5-38-41-57-4 = 0.015,5-35-38-5 = 0.971,5-25-51-43-4 = 0.471,5-56-55-32-5 = 0.971,5-54-34-13-14-5 = 0.265,5-25-9-46-47-4 = 0.265,5-18-54-34-14-5 = 0.353,5-25-9-51-44-4 = 0.265,4-28-15-4 = 0.779,4-17-57-4 = 0.985,4-17-15-28-4 = 0.015,5-18-9-46-43-4 = 0.265,4-51-46-43-4 = 0.265,8-9-10-46-47-4 = 0.206,4-45-20-40-23-8 = 0.779,4-41-50-16-5 = 0.897,4-45-20-11-8 = 0.221,8-27-53-8 = 1.0,8-49-10-58-13-14-5 = 0.353,8-49-58-29-19-37-7 = 0.265,,,,
493,492,735.66,0,1.829,0,Prune by CG,,4-22-4 = 1.0,8-33-8 = 0.101,8-39-8 = 0.269,5-42-5 = 1.0,7-37-19-11-8 = 0.066,7-36-26-7 = 0.167,7-31-52-29-19-7 = 0.533,7-31-52-37-7 = 0.233,7-48-24-30-7 = 1.0,7-21-26-36-7 = 0.833,7-21-49-19-37-7 = 0.167,7-52-29-37-7 = 0.233,8-33-23-39-8 = 0.167,8-33-39-8 = 0.564,8-33-40-11-8 = 0.167,8-12-44-15-4 = 0.137,8-12-44-28-4 = 0.097,8-12-47-11-8 = 0.767,7-31-29-19-37-7 = 0.233,5-18-54-34-13-5 = 0.392,5-35-38-5 = 1.0,5-25-51-43-4 = 0.511,5-56-55-32-5 = 1.0,5-54-34-13-14-5 = 0.295,5-25-9-46-47-4 = 0.106,5-18-54-34-14-5 = 0.225,5-25-9-51-44-4 = 0.383,5-34-51-44-15-4 = 0.088,4-28-15-4 = 0.775,4-17-57-4 = 1.0,4-20-44-28-4 = 0.128,5-54-9-47-43-4 = 0.088,5-18-9-46-43-4 = 0.383,4-51-46-43-4 = 0.018,8-9-10-46-47-4 = 0.04,4-45-20-40-23-8 = 0.833,4-41-50-16-5 = 1.0,8-27-53-8 = 1.0,8-49-10-58-46-8 = 0.374,8-49-10-58-13-14-5 = 0.313,8-49-10-58-46-5 = 0.079,8-45-44-10-58-14-5 = 0.128,8-45-20-44-58-14-5 = 0.04,8-49-10-58-37-7 = 0.066,,,,,,
494,492,735.388,0,1.556,0,Prune by CG,,4-22-4 = 1.0,8-33-8 = 0.2,8-39-8 = 0.4,5-42-5 = 1.0,7-36-26-7 = 0.4,7-31-52-37-7 = 0.2,7-21-52-29-7 = 0.333,7-48-24-30-7 = 1.0,7-21-54-34-14-5 = 0.067,7-21-26-36-7 = 0.2,7-31-9-46-43-4 = 0.267,7-52-29-37-7 = 0.333,7-31-21-26-36-7 = 0.4,8-33-23-39-8 = 0.2,8-33-39-8 = 0.4,8-33-40-11-8 = 0.2,8-12-10-58-5 = 0.2,8-12-44-15-4 = 0.133,8-12-47-11-8 = 0.667,8-10-49-19-37-7 = 0.2,7-31-52-29-14-5 = 0.133,8-44-58-10-49-19-8 = 0.533,5-41-50-16-5 = 0.033,5-35-56-14-5 = 0.367,5-18-54-34-13-5 = 0.933,5-32-55-14-5 = 0.367,5-38-50-16-5 = 0.183,5-38-41-57-4 = 0.183,5-35-38-5 = 0.633,5-25-51-43-4 = 0.333,5-56-55-32-5 = 0.633,5-25-9-46-47-4 = 0.333,5-25-9-51-44-4 = 0.333,4-28-15-4 = 0.683,4-17-57-4 = 0.817,4-17-15-28-4 = 0.183,5-18-9-46-43-4 = 0.067,4-45-20-28-4 = 0.133,4-51-46-43-4 = 0.333,4-45-20-40-23-8 = 0.8,4-41-50-16-5 = 0.783,4-45-20-11-8 = 0.067,8-27-53-8 = 1.0,8-49-10-58-13-14-5 = 0.067,8-11-19-37-7 = 0.067,8-49-58-29-19-37-7 = 0.2,,,,
490,488,734.322,8.63,1.314,-0.29,495,496,4-22-4 = 1.0,8-33-8 = 0.37,8-39-8 = 0.407,5-42-5 = 1.0,7-31-52-29-19-8 = 0.5,7-31-52-37-7 = 0.296,7-48-24-30-7 = 1.0,7-21-26-36-7 = 0.796,7-52-29-37-7 = 0.204,7-31-21-26-36-7 = 0.204,8-33-23-39-8 = 0.593,8-33-40-11-8 = 0.037,8-12-10-58-5 = 0.093,8-12-44-15-4 = 0.222,8-12-44-28-4 = 0.222,8-12-47-11-8 = 0.37,8-12-9-10-49-8 = 0.093,8-40-44-51-43-4 = 0.556,5-41-50-16-5 = 0.704,5-18-54-34-13-5 = 0.537,5-35-38-5 = 1.0,5-25-51-43-4 = 0.296,5-56-55-32-5 = 1.0,5-25-9-46-47-8 = 0.63,5-18-54-34-14-5 = 0.463,5-25-9-46-14-5 = 0.074,4-28-15-4 = 0.778,4-17-57-4 = 1.0,4-51-46-43-4 = 0.148,4-45-20-40-23-8 = 0.407,4-41-50-16-5 = 0.296,4-45-20-11-8 = 0.593,8-9-10-19-37-7 = 0.204,8-27-53-8 = 1.0,8-49-10-58-46-8 = 0.074,8-49-10-58-13-14-5 = 0.463,8-49-58-29-19-37-7 = 0.296,8-49-10-58-46-5 = 0.074,,,,,,,,,,,,
495,490,735.091,0,0.769,0,Prune by CG,,4-22-4 = 1.0,8-33-8 = 0.411,8-39-8 = 0.411,5-42-5 = 1.0,7-31-52-29-19-8 = 0.464,7-48-24-30-7 = 1.0,7-21-26-36-7 = 0.464,7-52-29-37-7 = 0.536,7-31-21-26-36-7 = 0.536,8-33-23-39-8 = 0.536,8-33-39-8 = 0.054,8-12-10-58-5 = 0.143,8-12-44-15-4 = 0.125,8-12-44-28-4 = 0.125,8-12-47-11-8 = 0.464,8-40-44-51-43-4 = 0.536,8-44-58-10-49-19-8 = 0.214,5-41-50-16-5 = 0.75,5-18-54-34-13-5 = 0.5,5-35-38-5 = 1.0,5-25-51-43-4 = 0.464,5-56-55-32-5 = 1.0,5-25-9-46-47-8 = 0.536,5-18-54-34-14-5 = 0.5,4-15-28-4 = 0.875,4-17-57-4 = 1.0,8-9-46-19-37-7 = 0.321,4-45-20-40-23-8 = 0.464,4-41-50-16-5 = 0.25,4-45-20-11-8 = 0.536,8-27-53-8 = 1.0,8-49-10-58-46-8 = 0.036,8-49-10-58-13-14-5 = 0.5,8-12-9-49-37-7 = 0.143,8-49-10-58-46-5 = 0.107,,,,,,,,,,,,,,,
496,490,736.936,0,2.614,0,Prune by CG,,4-22-4 = 1.0,8-33-8 = 0.167,8-39-8 = 0.667,5-42-5 = 1.0,7-31-52-29-19-8 = 0.5,7-31-52-37-7 = 0.5,7-48-24-30-7 = 1.0,7-21-26-36-7 = 1.0,8-33-23-39-8 = 0.333,8-33-40-11-8 = 0.5,8-12-44-15-4 = 0.167,8-12-44-28-4 = 0.167,8-12-47-11-8 = 0.5,8-12-9-10-49-8 = 0.167,5-41-50-16-5 = 0.583,5-35-56-14-5 = 0.083,5-18-54-34-13-5 = 1.0,5-32-55-14-5 = 0.083,5-38-50-16-5 = 0.042,5-38-41-57-4 = 0.042,5-35-38-5 = 0.917,5-25-51-43-4 = 0.333,5-56-55-32-5 = 0.917,5-25-9-46-47-8 = 0.167,8-49-10-51-44-4 = 0.167,4-15-28-4 = 0.792,4-17-57-4 = 0.958,4-17-15-28-4 = 0.042,4-45-20-44-43-4 = 0.167,4-51-46-43-4 = 0.5,4-45-20-40-23-8 = 0.5,4-41-50-16-5 = 0.375,8-27-53-8 = 1.0,5-25-9-10-14-5 = 0.5,5-9-10-46-47-8 = 0.167,8-49-58-29-19-37-7 = 0.5,8-45-20-44-58-14-5 = 0.333,8-49-58-46-47-23-8 = 0.167,,,,,,,,,,,,
448,207,734.758,8.478,1.637,-0.42,497,498,4-22-4 = 1.0,8-33-8 = 0.42,5-38-5 = 0.207,8-39-8 = 0.723,5-42-5 = 1.0,7-31-52-29-19-8 = 0.111,7-48-24-30-7 = 1.0,7-21-26-36-7 = 0.111,8-40-28-15-4 = 0.21,7-52-29-37-7 = 0.889,7-31-21-26-36-7 = 0.889,8-33-23-11-8 = 0.118,8-33-23-39-8 = 0.277,8-45-20-28-4 = 0.395,8-33-40-11-8 = 0.185,8-12-44-11-8 = 0.172,8-12-47-11-8 = 0.525,8-12-9-10-49-8 = 0.01,8-12-9-34-13-14-5 = 0.07,8-10-49-19-37-7 = 0.111,8-45-20-40-23-8 = 0.605,5-35-56-14-5 = 0.207,5-18-54-34-13-5 = 0.637,5-32-55-14-5 = 0.207,5-35-38-5 = 0.793,5-25-51-43-4 = 0.525,5-56-55-32-5 = 0.793,5-18-54-13-14-5 = 0.07,5-54-34-13-14-5 = 0.223,5-25-9-46-47-4 = 0.475,5-18-54-34-14-5 = 0.07,4-15-57-4 = 0.395,4-17-57-4 = 0.605,4-17-15-28-4 = 0.395,5-18-9-46-43-4 = 0.223,4-12-9-58-51-4 = 0.223,4-51-46-43-4 = 0.201,4-44-58-10-49-19-8 = 0.777,4-41-50-16-5 = 1.0,8-49-10-46-14-5 = 0.102,8-27-53-8 = 1.0,4-44-51-43-14-5 = 0.051,,,,,,,,
497,448,739.72,0,4.962,0,Prune by CG,,4-22-4 = 1.0,8-33-8 = 0.067,8-39-8 = 1.0,5-42-5 = 1.0,7-31-52-29-19-8 = 0.333,7-48-24-30-7 = 1.0,7-21-26-36-7 = 0.333,7-52-29-37-7 = 0.667,7-31-21-26-36-7 = 0.667,8-33-23-11-8 = 0.467,8-45-20-28-4 = 0.2,8-33-40-11-8 = 0.467,8-12-9-43-14-5 = 0.067,8-10-49-19-37-7 = 0.133,8-45-20-11-8 = 0.067,8-45-20-40-23-8 = 0.533,5-41-50-16-5 = 1.0,5-18-54-34-13-5 = 1.0,5-35-38-5 = 1.0,5-25-51-43-4 = 0.533,5-56-55-32-5 = 1.0,5-25-9-46-47-4 = 0.467,8-49-10-46-47-8 = 0.533,4-28-15-4 = 0.6,4-15-57-4 = 0.2,4-17-57-4 = 0.8,4-17-15-28-4 = 0.2,4-20-51-43-4 = 0.2,4-44-58-10-49-19-8 = 0.333,4-44-43-19-37-7 = 0.2,4-45-12-9-58-14-5 = 0.2,8-27-53-8 = 1.0,8-12-9-51-14-5 = 0.267,4-12-44-58-14-5 = 0.467,,,,,,,,,,,,,,,,
498,448,734.762,8.581,0.005,0.103,499,500,4-22-4 = 1.0,8-33-8 = 0.417,5-38-5 = 0.24,8-39-8 = 0.677,5-42-5 = 1.0,7-31-52-29-19-8 = 0.131,7-48-24-30-7 = 1.0,7-21-26-36-7 = 0.131,8-40-28-15-4 = 0.21,7-52-29-37-7 = 0.869,7-31-21-26-36-7 = 0.869,8-33-23-11-8 = 0.074,8-33-23-39-8 = 0.323,8-45-20-28-4 = 0.396,8-33-40-11-8 = 0.187,8-12-44-11-8 = 0.175,8-12-47-11-8 = 0.565,8-10-49-19-37-7 = 0.131,8-45-20-40-23-8 = 0.604,5-35-56-14-5 = 0.24,5-18-54-34-13-5 = 0.74,5-32-55-14-5 = 0.24,5-35-38-5 = 0.76,5-25-51-43-4 = 0.523,5-56-55-32-5 = 0.76,5-54-34-13-14-5 = 0.26,5-25-9-46-47-4 = 0.435,5-25-9-46-14-5 = 0.041,4-15-57-4 = 0.394,4-17-57-4 = 0.606,4-17-15-28-4 = 0.394,5-18-9-46-43-4 = 0.26,4-12-9-58-51-4 = 0.26,4-51-46-43-4 = 0.129,4-44-58-10-49-19-8 = 0.737,4-41-50-16-5 = 1.0,8-49-10-46-14-5 = 0.131,8-27-53-8 = 1.0,4-9-58-46-15-4 = 0.002,4-44-51-43-14-5 = 0.088,,,,,,,,,,
499,498,736.55,0,1.788,0,Prune by CG,,4-22-4 = 1.0,8-33-8 = 0.5,8-39-8 = 0.75,5-42-5 = 1.0,7-48-24-30-7 = 1.0,7-52-29-37-7 = 1.0,7-31-21-26-36-7 = 1.0,8-33-23-39-8 = 0.25,8-33-40-11-8 = 0.25,8-12-47-11-8 = 0.75,8-12-9-46-4 = 0.25,8-25-9-46-47-4 = 0.25,8-51-46-43-4 = 0.5,8-45-20-40-23-8 = 0.75,5-35-56-14-5 = 0.25,5-18-54-34-13-5 = 0.5,5-32-55-14-5 = 0.25,5-38-50-16-5 = 0.125,5-38-41-57-4 = 0.125,5-35-38-5 = 0.75,5-25-51-43-4 = 0.25,5-56-55-32-5 = 0.75,5-18-25-9-43-4 = 0.25,5-18-25-9-51-4 = 0.25,5-54-34-13-14-5 = 0.5,4-28-15-4 = 0.375,4-15-57-4 = 0.25,4-17-57-4 = 0.625,4-17-15-28-4 = 0.375,4-45-20-28-4 = 0.25,4-44-58-10-49-19-8 = 1.0,4-41-50-16-5 = 0.875,8-27-53-8 = 1.0,,,,,,,,,,,,,,,,,
500,498,734.784,9.07,0.021,0.49,501,502,4-22-4 = 1.0,8-33-8 = 0.327,8-39-8 = 0.58,5-42-5 = 1.0,7-31-52-29-19-8 = 0.143,7-48-24-30-7 = 1.0,7-21-26-36-7 = 0.143,8-40-28-15-4 = 0.251,7-52-29-37-7 = 0.857,7-31-21-26-36-7 = 0.857,8-33-23-11-8 = 0.043,8-33-23-39-8 = 0.42,8-45-20-28-4 = 0.462,8-33-40-11-8 = 0.211,8-12-44-11-8 = 0.191,8-12-47-11-8 = 0.555,8-12-9-10-49-8 = 0.143,8-10-49-19-37-7 = 0.143,8-45-20-40-23-8 = 0.538,5-35-56-14-5 = 0.389,5-18-54-34-13-5 = 0.889,5-32-55-14-5 = 0.389,5-35-38-5 = 0.611,5-25-51-43-4 = 0.54,5-56-55-32-5 = 0.611,5-54-34-13-14-5 = 0.111,5-25-9-46-47-4 = 0.445,5-25-9-46-14-5 = 0.015,4-15-57-4 = 0.286,4-17-57-4 = 0.714,4-17-15-28-4 = 0.286,5-18-9-46-43-4 = 0.111,4-12-9-58-51-4 = 0.111,4-51-46-43-4 = 0.254,4-44-58-10-49-19-8 = 0.714,4-41-50-16-5 = 1.0,5-42-38-5 = 0.389,8-27-53-8 = 1.0,4-9-58-46-15-4 = 0.176,4-44-51-43-14-5 = 0.095,,,,,,,,,,
502,500,736.128,0,1.345,0,Prune by CG,,4-22-4 = 1.0,8-33-8 = 0.519,5-38-5 = 0.037,8-39-8 = 0.704,5-42-5 = 1.0,7-31-52-29-19-8 = 0.185,7-48-24-30-7 = 1.0,7-21-26-36-7 = 0.185,8-40-28-15-4 = 0.481,7-52-29-37-7 = 0.815,7-31-21-26-36-7 = 0.815,8-33-23-11-8 = 0.185,8-33-23-39-8 = 0.296,8-45-20-28-4 = 0.333,8-12-47-11-8 = 0.815,8-12-9-10-49-8 = 0.185,8-45-20-15-4 = 0.148,8-45-20-40-23-8 = 0.519,5-41-50-16-5 = 0.778,5-35-56-14-5 = 0.037,5-18-54-34-13-5 = 0.815,5-32-55-14-5 = 0.037,5-35-38-5 = 0.963,5-25-51-43-4 = 0.407,5-56-55-32-5 = 0.963,5-25-9-46-47-8 = 0.185,5-18-54-34-14-5 = 0.185,5-25-9-46-14-5 = 0.407,4-15-57-4 = 0.185,4-17-57-4 = 0.815,4-17-15-28-4 = 0.185,4-51-46-43-4 = 0.407,4-44-58-10-49-19-8 = 0.63,4-41-50-16-5 = 0.222,4-44-58-49-19-37-7 = 0.185,8-27-53-8 = 1.0,4-9-10-58-13-14-5 = 0.185,4-44-51-43-14-5 = 0.148,8-9-51-44-43-5 = 0.037,,,,,,,,,,,
501,500,734.846,9.25,0.062,0.18,503,504,4-22-4 = 1.0,8-33-8 = 0.375,8-39-8 = 0.625,5-42-5 = 1.0,7-48-24-30-7 = 1.0,7-21-26-36-7 = 0.25,8-40-28-15-4 = 0.125,7-52-29-37-7 = 0.75,7-31-21-26-36-7 = 0.75,8-33-23-39-8 = 0.375,8-45-20-28-4 = 0.375,8-33-40-11-8 = 0.25,8-12-44-11-8 = 0.25,8-12-47-11-8 = 0.5,8-10-49-19-37-7 = 0.25,7-31-52-29-14-5 = 0.25,8-45-20-40-23-8 = 0.625,5-35-56-14-5 = 0.25,5-18-54-34-13-5 = 0.75,5-32-55-14-5 = 0.25,5-35-38-5 = 0.75,5-25-51-43-4 = 0.5,5-56-55-32-5 = 0.75,5-54-34-13-14-5 = 0.25,5-25-9-46-47-4 = 0.5,4-28-15-4 = 0.125,4-15-57-4 = 0.375,4-17-57-4 = 0.625,4-17-15-28-4 = 0.375,5-18-9-46-43-4 = 0.25,4-12-9-58-51-4 = 0.25,4-51-46-43-4 = 0.25,4-44-58-10-49-19-8 = 0.75,4-41-50-16-5 = 1.0,5-42-38-5 = 0.25,8-27-53-8 = 1.0,,,,,,,,,,,,,,
503,501,735.379,0,0.534,0,Prune by CG,,4-22-4 = 1.0,8-33-8 = 0.5,8-39-8 = 0.5,5-42-5 = 1.0,7-48-24-30-7 = 1.0,7-21-26-36-7 = 0.333,8-40-28-15-4 = 0.333,7-52-29-37-7 = 0.667,7-31-21-26-36-7 = 0.667,8-33-23-39-8 = 0.333,8-33-39-8 = 0.167,8-12-44-11-8 = 0.25,8-12-47-11-8 = 0.5,8-10-49-19-37-7 = 0.333,8-45-20-11-8 = 0.25,7-31-52-29-14-5 = 0.333,8-45-20-40-23-8 = 0.667,5-35-56-14-5 = 0.167,5-18-54-34-13-5 = 0.75,5-32-55-14-5 = 0.167,5-38-50-16-5 = 0.083,5-38-41-57-4 = 0.083,5-35-38-5 = 0.833,5-25-51-43-4 = 0.5,5-56-55-32-5 = 0.833,5-54-34-13-14-5 = 0.25,5-25-9-46-47-4 = 0.5,4-15-28-4 = 0.583,4-17-57-4 = 0.917,4-17-15-28-4 = 0.083,5-18-9-46-43-4 = 0.25,4-12-9-58-51-4 = 0.25,4-51-46-43-4 = 0.25,4-44-58-10-49-19-8 = 0.667,4-41-50-16-5 = 0.917,8-27-53-8 = 1.0,4-45-20-44-58-14-5 = 0.083,,,,,,,,,,,,,
504,501,738.145,0,3.299,0,Prune by CG,,4-22-4 = 1.0,8-39-8 = 0.833,5-42-5 = 1.0,7-31-52-29-19-8 = 0.333,7-48-24-30-7 = 1.0,7-21-26-36-7 = 0.333,7-52-29-37-7 = 0.667,7-31-21-26-36-7 = 0.667,8-33-23-39-8 = 0.167,8-33-40-11-8 = 0.167,8-12-44-11-8 = 0.167,8-12-47-11-8 = 0.667,8-10-49-19-37-7 = 0.333,5-35-56-14-5 = 0.167,5-18-54-34-13-5 = 0.333,5-32-55-14-5 = 0.167,5-35-38-5 = 0.833,5-25-51-43-4 = 0.667,5-56-55-32-5 = 0.833,5-18-54-13-14-5 = 0.333,5-25-9-46-47-4 = 0.333,5-18-54-34-14-5 = 0.333,5-34-13-51-15-4 = 0.333,4-17-57-4 = 1.0,4-45-20-28-4 = 1.0,4-44-58-10-49-19-8 = 0.333,4-41-50-16-5 = 1.0,5-42-38-5 = 0.167,8-27-53-8 = 1.0,8-33-40-23-8 = 0.667,4-9-58-46-15-4 = 0.667,8-49-10-44-43-5 = 0.333,8-12-44-40-23-8 = 0.167,,,,,,,,,,,,,,,,,
387,386,734.696,7.667,1.695,2.892,505,506,4-22-4 = 1.0,5-38-5 = 0.167,8-39-8 = 0.083,5-42-5 = 1.0,7-36-26-7 = 0.167,7-31-52-29-19-8 = 0.5,7-48-37-7 = 0.167,7-24-30-7 = 0.167,7-48-24-30-7 = 0.833,7-21-26-36-7 = 0.833,8-33-23-39-8 = 0.083,8-33-39-8 = 0.833,8-33-40-11-8 = 0.083,8-12-44-15-4 = 0.083,8-12-44-28-4 = 0.25,8-12-47-11-8 = 0.667,8-10-49-19-37-7 = 0.333,7-31-52-29-14-5 = 0.5,5-35-56-21-7 = 0.167,5-18-54-34-13-5 = 0.667,5-32-55-14-5 = 0.167,5-35-38-5 = 0.833,5-56-55-32-5 = 0.833,5-18-54-13-14-5 = 0.333,5-25-9-46-47-4 = 0.333,5-25-9-58-43-4 = 0.667,5-34-58-46-43-4 = 0.333,8-49-10-51-44-4 = 0.667,4-28-15-4 = 0.583,4-15-57-4 = 0.167,4-17-57-4 = 0.833,4-17-15-28-4 = 0.167,4-45-20-40-23-8 = 0.917,4-41-50-16-5 = 1.0,4-45-20-11-8 = 0.083,8-27-53-8 = 1.0,8-11-19-37-7 = 0.167,4-51-46-37-7 = 0.333,,,,,,,,,,,,
505,387,738.977,0,4.281,0,Prune by CG,,4-22-4 = 1.0,8-33-8 = 0.25,8-39-8 = 0.25,5-42-5 = 1.0,7-31-52-29-19-8 = 0.5,7-48-24-30-7 = 1.0,7-21-26-36-7 = 1.0,8-40-11-37-7 = 0.25,8-33-39-8 = 0.75,8-12-44-15-4 = 0.25,8-12-44-28-4 = 0.25,7-31-52-29-14-5 = 0.5,5-18-54-34-13-5 = 0.5,5-35-38-5 = 1.0,5-56-55-32-5 = 1.0,5-18-54-13-14-5 = 0.25,5-25-9-46-47-8 = 0.5,5-18-58-51-43-4 = 0.25,5-34-13-51-15-4 = 0.25,5-34-58-46-43-4 = 0.25,8-49-10-51-44-4 = 0.5,8-49-10-46-47-8 = 0.25,4-15-28-4 = 0.5,4-17-57-4 = 1.0,5-25-58-47-43-4 = 0.25,4-12-9-58-43-4 = 0.25,4-45-20-28-4 = 0.25,5-25-54-14-5 = 0.25,4-45-20-40-23-8 = 0.75,4-41-50-16-5 = 1.0,4-12-9-10-49-8 = 0.25,8-27-53-8 = 1.0,8-11-19-37-7 = 0.5,8-23-11-37-7 = 0.25,,,,,,,,,,,,,,,,
506,387,734.87,7.923,0.174,0.256,507,508,4-22-4 = 1.0,8-33-8 = 0.013,5-38-5 = 0.115,8-39-8 = 0.205,5-42-5 = 1.0,7-36-26-7 = 0.115,7-31-52-29-19-8 = 0.462,7-48-37-7 = 0.115,7-24-30-7 = 0.115,7-48-24-30-7 = 0.885,7-31-52-54-5 = 0.013,7-21-26-36-7 = 0.885,8-33-23-39-8 = 0.192,8-33-39-8 = 0.603,8-33-40-11-8 = 0.192,8-12-44-15-4 = 0.141,8-12-44-28-4 = 0.244,8-12-47-11-8 = 0.615,8-10-49-19-37-7 = 0.462,7-31-52-29-14-5 = 0.526,5-35-56-21-7 = 0.115,5-18-54-34-13-5 = 0.615,5-32-55-14-5 = 0.115,5-35-38-5 = 0.885,5-56-55-32-5 = 0.885,5-18-54-13-14-5 = 0.359,5-25-9-46-47-4 = 0.308,5-18-58-51-43-4 = 0.026,5-25-9-58-43-4 = 0.538,5-34-13-51-15-4 = 0.026,5-34-58-46-43-4 = 0.359,8-49-10-51-44-4 = 0.538,4-15-28-4 = 0.756,4-17-57-4 = 1.0,5-25-58-47-43-4 = 0.077,5-25-9-19-37-7 = 0.077,5-54-29-37-7 = 0.013,4-45-20-40-23-8 = 0.808,4-41-50-16-5 = 1.0,4-45-20-11-8 = 0.192,8-27-53-8 = 1.0,8-9-51-44-15-4 = 0.077,4-51-46-37-7 = 0.333,,,,,,,
507,506,740.029,0,5.159,0,Prune by CG,,4-22-4 = 1.0,8-33-8 = 0.188,8-39-8 = 0.563,5-42-5 = 1.0,7-31-52-29-19-8 = 0.375,7-48-24-30-7 = 1.0,7-21-26-36-7 = 0.938,7-52-49-58-43-4 = 0.063,7-31-21-26-36-7 = 0.062,8-33-23-39-8 = 0.375,8-33-39-8 = 0.062,8-33-40-11-8 = 0.375,8-12-44-15-4 = 0.375,8-12-47-11-8 = 0.625,7-31-52-29-14-5 = 0.562,8-45-20-40-23-8 = 0.062,5-41-50-16-5 = 0.125,5-18-54-34-13-5 = 0.563,5-35-38-5 = 1.0,5-56-55-32-5 = 1.0,5-18-54-13-14-5 = 0.437,5-25-9-10-49-8 = 0.5,5-25-9-58-43-4 = 0.5,5-34-58-46-43-4 = 0.312,5-34-58-10-43-4 = 0.125,8-49-10-46-47-4 = 0.375,4-28-15-4 = 0.625,4-17-57-4 = 1.0,4-45-20-28-4 = 0.375,4-45-20-40-23-8 = 0.563,4-41-50-16-5 = 0.875,8-27-53-8 = 1.0,4-51-46-37-7 = 0.313,8-44-51-19-37-7 = 0.625,8-49-51-29-37-7 = 0.063,,,,,,,,,,,,,,,
508,506,735.099,0,0.228,0,Prune by CG,,4-22-4 = 1.0,5-38-5 = 0.125,8-39-8 = 0.25,5-42-5 = 1.0,7-36-26-7 = 0.125,7-31-52-29-19-8 = 0.25,7-48-37-7 = 0.125,7-24-30-7 = 0.125,7-48-24-30-7 = 0.875,7-31-52-54-5 = 0.125,7-21-26-36-7 = 0.875,8-33-23-39-8 = 0.25,8-33-39-8 = 0.5,8-33-40-11-8 = 0.25,8-12-44-15-4 = 0.25,8-12-44-28-4 = 0.25,8-12-47-11-8 = 0.5,8-10-49-19-37-7 = 0.5,7-31-52-29-14-5 = 0.625,5-35-56-21-7 = 0.125,5-18-54-34-13-5 = 0.5,5-32-55-14-5 = 0.125,5-35-38-5 = 0.875,5-56-55-32-5 = 0.875,5-18-54-13-14-5 = 0.25,5-25-9-46-47-4 = 0.125,5-25-9-46-47-8 = 0.25,5-18-58-51-43-4 = 0.25,5-34-58-46-43-4 = 0.5,8-49-10-51-44-4 = 0.5,4-28-15-4 = 0.75,4-17-57-4 = 1.0,5-25-58-47-43-4 = 0.125,5-25-9-19-37-7 = 0.25,4-9-58-46-43-4 = 0.125,5-54-29-37-7 = 0.125,4-45-20-40-23-8 = 0.75,4-41-50-16-5 = 1.0,4-45-20-11-8 = 0.25,8-27-53-8 = 1.0,5-25-9-51-13-5 = 0.25,,,,,,,,,
9,7,735.509,5.034,4.398,-2.24,Prune by UB,,4-22-4 = 1.0,8-33-8 = 0.116,8-39-8 = 0.116,5-42-5 = 1.0,7-36-26-7 = 0.095,7-31-52-29-19-7 = 0.313,7-31-52-29-19-8 = 0.088,7-48-24-30-7 = 1.0,7-21-58-51-44-4 = 0.095,7-31-52-54-5 = 0.197,7-21-26-36-7 = 0.721,7-31-25-58-13-5 = 0.02,7-52-29-37-7 = 0.401,8-12-46-13-5 = 0.163,7-31-21-26-36-7 = 0.184,8-33-39-8 = 0.884,8-12-47-11-8 = 0.837,7-31-29-19-37-7 = 0.197,5-35-38-5 = 1.0,5-54-58-13-14-5 = 0.041,5-25-58-46-4 = 0.102,5-25-58-51-47-4 = 0.054,5-56-55-32-5 = 1.0,5-18-25-9-43-4 = 0.626,5-54-34-13-14-5 = 0.762,5-25-58-51-14-5 = 0.197,5-34-58-10-46-4 = 0.238,8-49-10-46-47-4 = 0.109,8-49-10-51-44-4 = 0.653,4-15-28-4 = 1.0,4-17-57-4 = 1.0,5-18-9-46-43-4 = 0.374,4-45-20-40-23-8 = 1.0,4-41-50-16-5 = 1.0,4-44-58-49-19-37-7 = 0.238,8-27-53-8 = 1.0,8-11-19-37-7 = 0.163,4-44-58-46-13-5 = 0.014,,,,,,,,,,,,
491,489,734.909,9.458,1.898,0.151,509,510,4-22-4 = 1.0,8-33-8 = 0.187,5-38-5 = 0.188,8-39-8 = 0.187,5-42-5 = 1.0,7-36-26-7 = 0.083,7-31-52-29-19-8 = 0.5,7-31-52-37-7 = 0.292,7-48-24-30-7 = 1.0,7-21-26-36-7 = 0.792,7-52-29-37-7 = 0.208,7-31-21-26-36-7 = 0.125,8-33-23-39-8 = 0.542,8-33-39-8 = 0.271,8-12-10-58-5 = 0.208,8-12-44-43-4 = 0.208,8-12-47-11-8 = 0.583,8-40-44-51-43-4 = 0.542,7-31-29-19-37-7 = 0.083,8-10-49-19-37-7 = 0.208,5-35-56-21-7 = 0.083,5-35-56-14-5 = 0.229,5-18-54-34-13-5 = 0.542,5-32-55-14-5 = 0.312,5-38-50-16-5 = 0.062,5-38-41-57-4 = 0.062,5-35-38-5 = 0.688,5-56-55-32-5 = 0.688,5-18-25-9-51-4 = 0.458,5-54-34-13-14-5 = 0.458,5-25-9-46-47-4 = 0.417,5-25-9-44-43-4 = 0.125,4-28-15-4 = 0.938,4-17-57-4 = 0.938,4-17-15-28-4 = 0.062,4-45-20-44-43-4 = 0.125,4-45-20-40-23-8 = 0.458,4-41-50-16-5 = 0.938,4-45-20-11-8 = 0.417,8-27-53-8 = 1.0,8-49-10-58-46-8 = 0.583,8-49-58-29-19-37-7 = 0.208,,,,,,,,
509,491,735.662,0,0.753,0,Prune by CG,,4-22-4 = 1.0,8-33-8 = 0.205,8-39-8 = 0.205,5-42-5 = 1.0,7-36-26-7 = 0.409,7-31-52-29-19-7 = 0.284,7-31-52-29-19-8 = 0.193,7-31-52-37-7 = 0.261,7-48-24-30-7 = 1.0,7-21-26-36-7 = 0.591,7-21-49-19-37-7 = 0.216,7-52-29-37-7 = 0.261,8-12-46-19-8 = 0.045,8-33-23-39-8 = 0.534,8-33-39-8 = 0.261,8-12-10-58-5 = 0.216,8-12-44-43-4 = 0.08,8-12-47-11-8 = 0.659,8-40-44-51-43-4 = 0.534,7-31-29-19-37-7 = 0.261,5-35-56-21-7 = 0.193,5-18-54-34-13-5 = 0.364,5-32-55-14-5 = 0.193,5-38-50-16-5 = 0.097,5-38-41-57-4 = 0.097,5-35-38-5 = 0.807,5-56-55-32-5 = 0.807,5-18-25-9-51-4 = 0.466,5-54-34-13-14-5 = 0.466,5-25-9-46-47-4 = 0.341,5-18-54-34-14-5 = 0.17,5-25-9-44-43-4 = 0.193,4-15-28-4 = 0.903,4-17-57-4 = 0.903,4-17-15-28-4 = 0.097,4-45-20-44-43-4 = 0.193,4-45-20-40-23-8 = 0.466,4-41-50-16-5 = 0.903,4-45-20-11-8 = 0.341,8-27-53-8 = 1.0,8-49-10-58-46-8 = 0.614,8-49-10-58-13-14-5 = 0.17,,,,,,,,
510,491,737.302,0,2.393,0,Prune by CG,,4-22-4 = 1.0,8-33-8 = 0.418,8-39-8 = 0.433,5-42-5 = 1.0,7-31-52-29-19-8 = 0.701,7-48-24-30-7 = 1.0,7-31-52-54-5 = 0.045,7-21-26-36-7 = 1.0,8-33-23-11-8 = 0.015,8-33-23-39-8 = 0.567,8-12-10-58-5 = 0.299,8-12-47-11-8 = 0.403,8-40-44-51-43-4 = 0.582,8-10-49-19-37-7 = 0.299,7-31-52-29-14-5 = 0.254,5-41-50-16-5 = 0.037,5-35-56-14-5 = 0.321,5-18-54-34-13-5 = 0.806,5-32-55-14-5 = 0.321,5-38-50-16-5 = 0.16,5-38-41-57-4 = 0.16,5-35-38-5 = 0.679,5-56-55-32-5 = 0.679,5-18-54-13-14-5 = 0.104,5-18-25-9-51-4 = 0.09,5-25-9-46-47-4 = 0.597,5-25-9-44-43-4 = 0.313,5-34-51-44-43-4 = 0.104,5-34-13-51-46-4 = 0.09,4-15-28-4 = 0.84,4-17-57-4 = 0.84,4-17-15-28-4 = 0.16,5-54-29-37-7 = 0.045,4-45-20-40-23-8 = 0.418,4-41-50-16-5 = 0.802,4-45-20-11-8 = 0.582,8-27-53-8 = 1.0,8-49-10-58-46-8 = 0.179,4-51-46-37-7 = 0.134,8-12-58-49-37-7 = 0.299,8-49-10-58-37-7 = 0.224,,,,,,,,,
70,68,735.769,8.857,3.268,0.018,Prune by UB,,4-22-4 = 1.0,8-33-8 = 0.31,8-39-8 = 0.357,5-42-5 = 1.0,7-36-26-7 = 0.571,7-31-52-29-19-7 = 0.381,7-21-52-29-7 = 0.381,7-48-24-30-7 = 1.0,7-21-49-19-37-7 = 0.19,7-31-49-10-51-4 = 0.19,8-40-28-15-4 = 0.476,7-52-29-37-7 = 0.238,7-31-21-26-36-7 = 0.429,8-33-23-39-8 = 0.524,8-33-39-8 = 0.119,8-33-40-11-8 = 0.048,8-12-44-15-4 = 0.024,8-12-44-28-4 = 0.024,8-12-47-11-8 = 0.952,5-18-54-34-13-5 = 0.429,5-35-38-5 = 1.0,5-54-58-49-37-7 = 0.143,5-56-55-32-5 = 1.0,5-18-54-13-14-5 = 0.238,5-54-34-13-14-5 = 0.19,5-25-9-46-47-8 = 0.048,5-18-25-9-58-14-5 = 0.286,5-18-58-49-19-37-7 = 0.048,5-25-9-46-14-5 = 0.143,5-34-58-10-46-4 = 0.381,4-28-15-4 = 0.5,4-17-57-4 = 1.0,7-49-10-51-44-4 = 0.381,5-25-9-19-37-7 = 0.381,4-45-20-44-43-4 = 0.524,4-51-46-43-4 = 0.429,5-25-9-58-13-14-5 = 0.143,4-45-20-40-23-8 = 0.476,4-41-50-16-5 = 1.0,8-27-53-8 = 1.0,4-44-49-10-43-4 = 0.048,,,,,,,,,
447,207,734.567,9.826,1.447,0.929,511,512,4-22-4 = 1.0,8-33-8 = 0.413,8-39-8 = 0.783,5-42-5 = 1.0,7-31-52-29-19-8 = 0.457,7-48-24-30-7 = 1.0,7-21-26-36-7 = 0.457,7-52-29-37-7 = 0.543,7-31-21-26-36-7 = 0.543,8-33-23-11-8 = 0.13,8-33-23-39-8 = 0.217,8-33-40-11-8 = 0.239,8-12-44-28-4 = 0.457,8-12-47-11-8 = 0.543,8-40-44-51-43-4 = 0.109,8-10-49-19-37-7 = 0.348,8-45-20-40-23-8 = 0.283,5-35-56-14-5 = 0.304,5-18-54-34-13-5 = 0.804,5-32-55-14-5 = 0.304,5-38-50-16-5 = 0.141,5-38-41-57-4 = 0.141,5-35-38-5 = 0.696,5-25-51-43-4 = 0.717,5-56-55-32-5 = 0.696,5-18-54-34-14-5 = 0.196,5-25-9-51-44-4 = 0.174,8-49-10-46-47-8 = 0.37,4-28-15-4 = 0.315,4-17-57-4 = 0.859,4-17-15-28-4 = 0.141,5-25-49-19-37-7 = 0.109,4-45-20-28-4 = 0.087,4-45-20-44-43-4 = 0.174,4-45-20-40-23-8 = 0.37,4-41-50-16-5 = 0.859,4-9-58-49-19-11-8 = 0.087,5-42-38-5 = 0.022,8-27-53-8 = 1.0,4-9-58-46-15-4 = 0.543,4-9-10-58-13-14-5 = 0.196,4-45-44-58-46-47-4 = 0.087,4-20-49-10-58-5 = 0.087,,,,,,,
511,447,738.707,0,4.14,0,Prune by CG,,4-22-4 = 1.0,8-33-8 = 0.125,5-38-5 = 0.125,8-39-8 = 0.688,5-42-5 = 1.0,7-31-52-29-19-8 = 0.5,7-48-24-30-7 = 1.0,7-21-26-36-7 = 0.5,8-40-28-15-4 = 0.125,7-52-29-37-7 = 0.5,7-31-21-26-36-7 = 0.5,8-33-23-11-8 = 0.562,8-33-23-39-8 = 0.312,8-40-44-51-43-4 = 0.312,8-10-49-19-37-7 = 0.5,5-41-50-16-5 = 0.75,5-35-56-14-5 = 0.125,5-18-54-34-13-5 = 1.0,5-32-55-14-5 = 0.125,5-35-38-5 = 0.875,5-25-51-43-4 = 0.688,5-56-55-32-5 = 0.875,5-25-9-46-47-4 = 0.312,8-49-10-46-47-8 = 0.375,4-15-28-4 = 0.875,4-17-57-4 = 1.0,4-20-12-44-4 = 0.312,4-20-40-11-8 = 0.438,4-41-50-16-5 = 0.25,8-49-10-46-14-5 = 0.125,4-45-12-9-58-14-5 = 0.625,4-20-40-23-8 = 0.125,8-27-53-8 = 1.0,4-45-12-9-58-44-4 = 0.062,4-45-44-58-46-47-4 = 0.188,4-45-20-44-58-47-4 = 0.125,,,,,,,,,,,,,,
512,447,734.679,9.526,0.112,-0.3,513,514,4-22-4 = 1.0,8-33-8 = 0.386,8-39-8 = 0.789,5-42-5 = 1.0,7-31-52-29-19-8 = 0.561,7-48-24-30-7 = 1.0,7-21-26-36-7 = 0.561,7-52-29-37-7 = 0.439,7-31-21-26-36-7 = 0.439,8-33-23-11-8 = 0.193,8-33-23-39-8 = 0.211,8-33-40-11-8 = 0.211,8-12-44-28-4 = 0.421,8-12-47-11-8 = 0.579,8-40-44-51-43-4 = 0.193,8-10-49-19-37-7 = 0.175,8-45-20-40-23-8 = 0.386,5-35-56-14-5 = 0.211,5-18-54-34-13-5 = 0.684,5-32-55-14-5 = 0.211,5-38-50-16-5 = 0.105,5-38-41-57-4 = 0.105,5-35-38-5 = 0.789,5-25-51-43-4 = 0.614,5-56-55-32-5 = 0.789,5-18-54-13-14-5 = 0.053,5-18-54-34-14-5 = 0.263,5-25-9-51-44-4 = 0.14,5-34-51-44-15-4 = 0.053,8-49-10-46-47-8 = 0.421,4-28-15-4 = 0.263,4-17-57-4 = 0.895,4-17-15-28-4 = 0.105,5-25-49-19-37-7 = 0.246,4-45-20-28-4 = 0.211,4-45-20-44-43-4 = 0.193,4-45-20-40-23-8 = 0.211,4-41-50-16-5 = 0.895,4-9-58-49-19-11-8 = 0.018,8-27-53-8 = 1.0,4-9-58-46-15-4 = 0.579,4-9-10-58-13-14-5 = 0.263,4-58-10-49-37-7 = 0.14,,,,,,,
513,512,735.467,0,0.788,0,Prune by CG,,4-22-4 = 1.0,8-33-8 = 0.413,8-39-8 = 0.762,5-42-5 = 1.0,7-31-52-29-19-8 = 0.46,7-48-24-30-7 = 1.0,7-21-26-36-7 = 0.46,7-52-29-37-7 = 0.54,7-31-21-26-36-7 = 0.54,8-33-23-11-8 = 0.095,8-33-23-39-8 = 0.238,8-33-40-11-8 = 0.254,8-12-44-28-4 = 0.429,8-12-47-11-8 = 0.571,8-10-49-19-37-7 = 0.46,8-45-20-40-23-8 = 0.048,5-41-50-16-5 = 0.04,5-35-56-14-5 = 0.23,5-18-54-34-13-5 = 0.73,5-32-55-14-5 = 0.23,5-38-50-16-5 = 0.115,5-38-41-57-4 = 0.115,5-35-38-5 = 0.77,5-25-51-43-4 = 0.81,5-56-55-32-5 = 0.77,5-18-54-34-14-5 = 0.27,5-25-9-44-43-4 = 0.159,5-25-44-28-4 = 0.032,8-49-10-46-47-8 = 0.27,8-49-51-44-15-4 = 0.19,4-28-15-4 = 0.123,4-17-57-4 = 0.885,4-17-15-28-4 = 0.115,4-45-20-28-4 = 0.302,4-45-20-44-43-4 = 0.032,8-40-49-19-11-8 = 0.079,4-45-20-40-23-8 = 0.619,4-41-50-16-5 = 0.845,8-27-53-8 = 1.0,4-9-58-46-15-4 = 0.571,4-9-10-58-13-14-5 = 0.27,4-44-58-46-47-4 = 0.159,,,,,,,,
514,512,736.535,0,1.857,0,Prune by CG,,4-22-4 = 1.0,8-33-8 = 0.444,8-39-8 = 0.667,5-42-5 = 1.0,7-36-26-7 = 0.222,7-31-52-29-19-8 = 0.333,7-21-52-29-7 = 0.222,7-48-24-30-7 = 1.0,7-21-26-36-7 = 0.111,7-52-29-37-7 = 0.444,7-31-21-26-36-7 = 0.667,8-33-23-11-8 = 0.111,8-33-23-39-8 = 0.333,8-45-20-28-4 = 0.111,8-33-40-11-8 = 0.111,8-12-44-28-4 = 0.222,8-12-47-11-8 = 0.778,8-40-44-51-43-4 = 0.333,8-45-20-40-23-8 = 0.556,5-35-56-14-5 = 0.333,5-18-54-34-13-5 = 0.778,5-32-55-14-5 = 0.333,5-38-50-16-5 = 0.167,5-38-41-57-4 = 0.167,5-35-38-5 = 0.667,5-25-51-43-4 = 0.444,5-56-55-32-5 = 0.667,5-18-54-13-14-5 = 0.222,5-25-9-46-47-4 = 0.111,5-34-51-44-15-4 = 0.222,4-28-15-4 = 0.389,4-17-57-4 = 0.833,4-17-15-28-4 = 0.167,5-25-49-19-37-7 = 0.444,4-45-20-28-4 = 0.111,4-45-20-44-43-4 = 0.222,4-41-50-16-5 = 0.833,4-9-58-10-49-19-8 = 0.222,8-27-53-8 = 1.0,7-49-10-46-14-5 = 0.111,4-9-58-46-15-4 = 0.222,4-58-10-49-37-7 = 0.111,4-9-58-10-46-5 = 0.444,7-49-10-46-47-8 = 0.111,,,,,,
126,124,737.134,7.583,3.319,0.583,Prune by UB,,4-22-4 = 1.0,5-42-5 = 1.0,7-36-26-7 = 0.458,7-31-52-29-47-4 = 0.042,7-31-52-29-19-8 = 0.583,7-48-37-7 = 0.375,7-24-30-7 = 0.146,7-21-52-29-5 = 0.312,7-30-24-26-36-7 = 0.229,7-48-24-30-7 = 0.625,7-31-52-54-5 = 0.021,7-31-52-34-13-5 = 0.021,8-40-11-37-7 = 0.042,7-31-21-26-36-7 = 0.312,8-33-23-39-8 = 0.083,8-33-39-8 = 0.917,8-12-47-11-8 = 0.958,8-10-49-19-37-7 = 0.417,7-31-52-29-14-5 = 0.021,5-35-56-21-7 = 0.375,5-35-56-38-5 = 0.625,5-18-54-34-13-5 = 0.979,5-32-55-14-5 = 0.979,5-25-51-43-4 = 0.583,5-18-55-32-5 = 0.021,5-25-9-44-43-4 = 0.417,8-49-10-58-46-4 = 0.417,4-28-15-4 = 0.458,4-17-57-4 = 1.0,4-12-44-28-4 = 0.042,4-45-20-28-4 = 0.083,4-44-51-28-4 = 0.417,4-45-20-40-23-8 = 0.917,4-41-50-16-5 = 1.0,5-42-38-5 = 0.375,8-9-58-10-46-4 = 0.042,8-27-53-8 = 1.0,4-44-10-49-37-7 = 0.125,8-9-58-46-15-4 = 0.542,8-40-49-29-37-7 = 0.042,,,,,,,,,,
67,66,736.573,7.314,4.376,-1.061,Prune by UB,,4-22-4 = 1.0,8-33-8 = 0.289,8-39-8 = 0.603,5-42-5 = 1.0,7-36-26-7 = 0.127,7-31-52-29-19-8 = 0.176,7-21-52-29-7 = 0.064,7-48-24-30-7 = 1.0,7-21-54-14-5 = 0.064,7-21-26-36-7 = 0.049,8-40-28-15-4 = 0.083,7-52-29-37-7 = 0.76,7-31-21-26-36-7 = 0.824,8-33-23-39-8 = 0.397,8-33-40-11-8 = 0.314,8-12-44-15-4 = 0.069,8-12-44-28-4 = 0.069,8-12-47-11-8 = 0.686,8-10-51-44-4 = 0.083,8-12-9-34-13-14-5 = 0.064,8-45-20-44-51-4 = 0.039,8-45-20-40-23-8 = 0.603,5-18-54-34-13-5 = 0.436,5-35-38-5 = 1.0,5-56-55-32-5 = 1.0,5-18-54-13-14-5 = 0.5,5-25-58-10-49-4 = 0.103,5-18-25-9-49-19-8 = 0.064,5-34-10-51-44-4 = 0.123,5-34-58-10-46-4 = 0.377,4-28-15-4 = 0.848,4-17-57-4 = 1.0,4-45-20-44-43-4 = 0.358,4-51-46-43-4 = 0.382,8-9-46-19-37-7 = 0.24,5-25-10-49-47-4 = 0.314,5-25-9-58-49-19-8 = 0.52,4-41-50-16-5 = 1.0,8-27-53-8 = 1.0,8-12-9-51-14-5 = 0.113,4-44-51-43-14-5 = 0.26,,,,,,,,,
119,90,736.161,8.16,4.051,-1.84,Prune by UB,,4-22-4 = 1.0,5-38-5 = 0.18,8-39-8 = 0.58,5-42-5 = 1.0,7-31-52-29-19-8 = 0.48,7-48-24-30-7 = 1.0,7-21-26-36-7 = 0.48,8-40-28-15-4 = 0.06,7-52-29-37-7 = 0.52,7-31-21-26-36-7 = 0.52,8-33-23-39-8 = 0.42,8-12-47-11-8 = 1.0,8-45-20-44-43-4 = 0.22,5-35-56-14-5 = 0.18,5-18-54-34-13-5 = 0.32,5-32-55-14-5 = 0.18,5-35-38-5 = 0.82,5-25-58-10-49-8 = 0.08,5-54-9-10-49-8 = 0.04,5-56-55-32-5 = 0.82,5-18-54-13-14-5 = 0.32,5-25-9-10-58-5 = 0.64,5-18-54-34-14-5 = 0.32,5-25-9-58-46-4 = 0.28,5-34-13-51-46-4 = 0.36,8-40-49-51-46-4 = 0.36,4-15-28-4 = 0.94,4-17-57-4 = 1.0,4-45-20-44-43-4 = 0.5,4-45-44-51-43-4 = 0.28,5-18-9-10-49-19-8 = 0.04,4-41-50-16-5 = 1.0,4-20-49-19-37-7 = 0.28,5-10-49-19-37-7 = 0.2,8-27-53-8 = 1.0,8-33-40-23-8 = 0.58,,,,,,,,,,,,,,
244,242,734.851,11,2.427,2,515,516,4-22-4 = 1.0,5-38-5 = 0.5,8-39-8 = 0.5,5-42-5 = 1.0,7-31-52-29-19-8 = 0.5,7-48-24-30-7 = 1.0,7-21-26-36-7 = 0.5,8-53-27-8 = 1.0,7-52-29-37-7 = 0.5,7-31-21-26-36-7 = 0.5,8-33-23-39-8 = 0.5,8-33-40-11-8 = 0.5,8-12-44-28-4 = 0.5,5-35-56-14-5 = 0.5,5-18-54-34-13-5 = 1.0,5-32-55-14-5 = 0.5,5-35-38-5 = 0.5,5-56-55-32-5 = 0.5,5-25-9-51-44-4 = 0.5,8-49-10-58-46-4 = 0.5,8-49-10-58-15-4 = 0.5,4-15-28-4 = 0.5,4-17-57-4 = 1.0,5-25-9-19-37-7 = 0.5,4-51-46-43-4 = 0.5,4-45-20-40-23-8 = 0.5,4-41-50-16-5 = 1.0,4-12-47-11-8 = 0.5,4-45-20-47-43-4 = 0.5,,,,,,,,,,,,,,,,,,,,,
515,244,735.124,0,0.273,0,Prune by CG,,4-22-4 = 1.0,8-33-8 = 0.219,5-38-5 = 0.219,8-39-8 = 0.469,5-42-5 = 1.0,7-31-52-29-19-8 = 0.5,7-48-24-30-7 = 1.0,7-21-26-36-7 = 0.5,7-52-29-37-7 = 0.5,7-31-21-26-36-7 = 0.5,8-33-23-39-8 = 0.25,8-33-39-8 = 0.281,8-33-40-11-8 = 0.25,8-12-44-28-4 = 0.25,8-12-47-11-8 = 0.75,5-35-56-14-5 = 0.219,5-18-54-34-13-5 = 0.625,5-32-55-14-5 = 0.219,5-35-38-5 = 0.781,5-56-55-32-5 = 0.781,5-18-54-13-14-5 = 0.188,5-18-54-34-14-5 = 0.188,5-25-9-51-44-4 = 0.5,5-34-13-46-43-4 = 0.062,5-34-13-51-43-4 = 0.125,8-49-10-58-46-4 = 0.562,8-49-10-58-15-4 = 0.438,4-28-15-4 = 0.312,4-17-57-4 = 1.0,5-25-9-19-37-7 = 0.5,4-51-46-43-4 = 0.375,4-45-20-40-23-8 = 0.75,4-41-50-16-5 = 1.0,8-27-53-8 = 1.0,4-44-28-15-4 = 0.25,4-28-43-14-5 = 0.188,4-45-20-47-43-4 = 0.25,,,,,,,,,,,,,
516,244,735.818,0,0.966,0,Prune by CG,,4-22-4 = 1.0,5-38-5 = 0.5,8-39-8 = 0.5,5-42-5 = 1.0,7-31-52-29-19-8 = 0.5,7-48-24-30-7 = 1.0,7-21-26-36-7 = 0.5,7-52-29-37-7 = 0.5,7-31-21-26-36-7 = 0.5,8-33-23-39-8 = 0.5,8-33-40-11-8 = 0.5,5-35-56-14-5 = 0.5,5-18-54-34-13-5 = 1.0,5-32-55-14-5 = 0.5,5-35-38-5 = 0.5,5-56-55-32-5 = 0.5,5-25-9-46-47-4 = 0.25,5-25-9-51-44-4 = 0.5,8-49-10-58-46-4 = 0.25,8-49-10-58-15-4 = 0.75,4-28-15-4 = 0.25,4-17-57-4 = 1.0,4-12-44-28-4 = 0.5,5-25-9-19-37-7 = 0.25,4-45-20-28-4 = 0.25,4-51-46-43-4 = 0.5,4-45-20-40-23-8 = 0.5,4-41-50-16-5 = 1.0,4-12-47-11-8 = 0.25,4-12-47-43-4 = 0.25,8-27-53-8 = 1.0,8-11-19-37-7 = 0.25,4-45-20-47-43-4 = 0.25,,,,,,,,,,,,,,,,,
485,60,734.172,9.16,1.649,-0.046,517,518,4-22-4 = 1.0,8-33-8 = 0.18,5-38-5 = 0.26,8-39-8 = 0.46,5-42-5 = 1.0,7-31-52-29-19-8 = 0.36,7-48-24-30-7 = 1.0,7-21-26-36-7 = 0.36,7-52-29-37-7 = 0.64,7-31-21-26-36-7 = 0.64,8-33-23-39-8 = 0.24,8-33-39-8 = 0.3,8-33-40-11-8 = 0.28,8-12-44-28-4 = 0.32,8-12-47-11-8 = 0.56,8-40-44-51-43-4 = 0.04,8-12-9-58-49-19-8 = 0.12,5-35-56-14-5 = 0.26,5-18-54-34-13-5 = 0.6,5-32-55-14-5 = 0.26,5-35-38-5 = 0.74,5-25-51-43-4 = 0.64,5-56-55-32-5 = 0.74,5-18-54-13-14-5 = 0.32,5-18-54-34-14-5 = 0.08,5-34-51-44-15-4 = 0.32,8-49-10-46-47-4 = 0.36,4-28-15-4 = 0.68,4-17-57-4 = 1.0,5-25-49-19-37-7 = 0.36,4-45-20-44-43-4 = 0.32,4-45-20-40-23-8 = 0.68,4-41-50-16-5 = 1.0,8-9-58-49-19-11-8 = 0.16,8-27-53-8 = 1.0,8-9-58-10-46-8 = 0.32,8-9-58-46-47-23-8 = 0.08,8-9-58-10-46-5 = 0.24,8-9-10-58-13-14-5 = 0.08,,,,,,,,,,,
517,485,736.772,0,2.6,0,Prune by CG,,4-22-4 = 1.0,8-33-8 = 0.286,8-39-8 = 0.429,5-42-5 = 1.0,7-31-52-29-19-8 = 0.429,7-31-52-37-7 = 0.286,7-48-24-30-7 = 1.0,7-21-26-36-7 = 0.714,7-52-29-37-7 = 0.286,7-31-21-26-36-7 = 0.286,8-33-39-8 = 0.571,8-33-40-11-8 = 0.143,8-12-47-11-8 = 0.429,8-40-44-51-43-4 = 0.143,5-41-50-16-5 = 1.0,5-18-54-34-13-5 = 0.714,5-35-38-5 = 1.0,5-25-51-43-4 = 0.571,5-56-55-32-5 = 1.0,5-18-25-54-5 = 0.286,5-34-51-44-15-4 = 0.286,4-28-15-4 = 0.714,4-17-57-4 = 1.0,4-12-44-28-4 = 0.286,5-25-49-19-37-7 = 0.143,4-45-20-44-43-4 = 0.286,4-45-20-40-23-8 = 0.714,4-12-47-11-8 = 0.286,8-9-58-49-19-11-8 = 0.143,8-49-10-46-14-5 = 0.714,8-27-53-8 = 1.0,8-9-58-29-19-37-7 = 0.286,8-9-58-46-47-23-8 = 0.286,8-9-10-58-13-14-5 = 0.286,,,,,,,,,,,,,,,,
518,485,734.188,9.364,0.016,0.204,519,520,4-22-4 = 1.0,8-33-8 = 0.136,8-39-8 = 0.383,5-42-5 = 1.0,7-31-52-29-19-8 = 0.351,7-31-52-37-7 = 0.026,7-48-24-30-7 = 1.0,7-21-26-36-7 = 0.377,7-52-29-37-7 = 0.623,7-31-21-26-36-7 = 0.623,8-33-23-39-8 = 0.26,8-33-39-8 = 0.357,8-33-40-11-8 = 0.247,8-12-44-28-4 = 0.312,8-12-47-11-8 = 0.571,8-40-44-51-43-4 = 0.065,8-12-9-58-49-19-8 = 0.117,8-25-9-10-58-5 = 0.052,5-35-56-14-5 = 0.344,5-18-54-34-13-5 = 0.688,5-32-55-14-5 = 0.344,5-35-38-5 = 0.656,5-25-51-43-4 = 0.623,5-56-55-32-5 = 0.656,5-18-54-13-14-5 = 0.312,5-34-51-44-15-4 = 0.312,8-49-10-46-47-4 = 0.377,4-15-28-4 = 0.688,4-17-57-4 = 1.0,5-25-49-19-37-7 = 0.325,4-45-20-44-43-4 = 0.312,4-45-20-40-23-8 = 0.688,4-41-50-16-5 = 1.0,8-9-58-49-19-11-8 = 0.182,5-42-38-5 = 0.344,8-27-53-8 = 1.0,8-9-58-10-46-8 = 0.364,8-9-58-29-19-37-7 = 0.026,8-9-58-46-47-23-8 = 0.052,8-9-58-10-46-5 = 0.208,,,,,,,,,,
520,518,735.217,0,1.029,0,Prune by CG,,4-22-4 = 1.0,8-33-8 = 0.411,8-39-8 = 0.679,5-42-5 = 1.0,7-31-52-29-19-8 = 0.464,7-48-24-30-7 = 1.0,7-21-26-36-7 = 0.536,7-31-49-46-43-4 = 0.071,7-52-29-37-7 = 0.536,7-31-21-26-36-7 = 0.464,8-33-23-39-8 = 0.268,8-33-39-8 = 0.054,8-33-40-11-8 = 0.268,8-12-44-28-4 = 0.321,8-12-47-11-8 = 0.607,8-25-9-10-58-5 = 0.179,5-41-50-16-5 = 0.125,5-35-56-14-5 = 0.339,5-18-54-34-13-5 = 0.679,5-32-55-14-5 = 0.339,5-38-50-16-5 = 0.17,5-38-41-57-4 = 0.17,5-35-38-5 = 0.661,5-25-51-43-4 = 0.679,5-56-55-32-5 = 0.661,5-18-54-13-14-5 = 0.321,5-34-51-44-15-4 = 0.321,8-49-10-46-47-8 = 0.393,4-28-15-4 = 0.509,4-17-57-4 = 0.83,4-17-15-28-4 = 0.17,5-25-49-19-37-7 = 0.143,4-45-20-44-43-4 = 0.25,4-45-20-40-23-8 = 0.732,4-41-50-16-5 = 0.705,4-45-20-11-8 = 0.018,4-44-46-11-8 = 0.107,8-27-53-8 = 1.0,8-12-9-58-49-19-7 = 0.071,8-9-58-10-46-5 = 0.429,8-9-58-49-19-37-7 = 0.321,,,,,,,,,
519,518,734.697,9,0.509,-0.364,521,522,4-22-4 = 1.0,8-33-8 = 0.208,8-39-8 = 0.208,5-42-5 = 1.0,7-31-52-29-19-8 = 0.333,7-48-24-30-7 = 1.0,7-21-26-36-7 = 0.333,7-52-29-37-7 = 0.667,7-31-21-26-36-7 = 0.667,8-33-23-39-8 = 0.333,8-33-39-8 = 0.458,8-12-44-15-4 = 0.167,8-12-44-28-4 = 0.167,8-12-47-11-8 = 0.667,8-40-44-51-43-4 = 0.333,5-35-56-14-5 = 0.375,5-18-54-34-13-5 = 0.75,5-32-55-14-5 = 0.375,5-35-38-5 = 0.625,5-25-51-43-4 = 0.5,5-56-55-32-5 = 0.625,5-18-54-13-14-5 = 0.167,5-34-51-44-15-4 = 0.167,8-49-10-46-47-4 = 0.333,4-15-28-4 = 0.667,4-17-57-4 = 1.0,5-25-49-19-37-7 = 0.333,4-45-20-28-4 = 0.167,4-45-20-44-43-4 = 0.167,5-25-54-14-5 = 0.083,4-45-20-40-23-8 = 0.667,4-41-50-16-5 = 1.0,8-9-58-49-19-11-8 = 0.333,5-42-38-5 = 0.375,8-27-53-8 = 1.0,8-9-58-10-46-8 = 0.667,5-18-25-34-13-5 = 0.083,,,,,,,,,,,,,
521,519,736.817,0,2.12,0,Prune by CG,,4-22-4 = 1.0,8-39-8 = 0.521,5-42-5 = 1.0,7-31-52-29-19-8 = 0.333,7-48-24-30-7 = 1.0,7-21-26-36-7 = 0.333,7-52-29-37-7 = 0.667,7-31-21-26-36-7 = 0.667,8-33-23-11-8 = 0.062,8-33-23-39-8 = 0.208,8-33-40-11-8 = 0.271,8-40-23-39-8 = 0.271,8-12-47-11-8 = 0.667,8-12-9-58-49-19-8 = 0.333,5-35-56-14-5 = 0.458,5-18-54-34-13-5 = 0.917,5-32-55-14-5 = 0.458,5-38-50-16-5 = 0.083,5-38-41-57-4 = 0.083,5-35-38-5 = 0.542,5-25-51-43-4 = 0.5,5-56-55-32-5 = 0.542,8-49-10-46-47-4 = 0.333,4-15-28-4 = 0.917,4-17-57-4 = 0.917,4-17-15-28-4 = 0.083,5-25-49-19-37-7 = 0.333,4-45-20-44-43-4 = 0.5,4-45-20-44-51-4 = 0.5,5-25-54-14-5 = 0.083,4-41-50-16-5 = 0.917,5-42-38-5 = 0.292,8-27-53-8 = 1.0,8-9-58-10-46-8 = 0.667,8-33-40-23-8 = 0.458,5-18-25-34-13-5 = 0.083,,,,,,,,,,,,,,
522,519,734.806,9,0.109,0,523,524,4-22-4 = 1.0,8-33-8 = 0.167,8-39-8 = 0.167,5-42-5 = 1.0,7-31-52-29-19-8 = 0.333,7-48-24-30-7 = 1.0,7-21-26-36-7 = 0.333,7-52-29-37-7 = 0.667,7-31-21-26-36-7 = 0.667,8-33-23-39-8 = 0.333,8-33-39-8 = 0.5,8-12-44-15-4 = 0.333,8-12-47-11-8 = 0.667,8-40-44-51-43-4 = 0.333,5-35-56-14-5 = 0.5,5-18-54-34-13-5 = 1.0,5-32-55-14-5 = 0.5,5-35-38-5 = 0.5,5-25-51-43-4 = 0.667,5-56-55-32-5 = 0.5,8-49-10-46-47-4 = 0.333,4-15-28-4 = 0.333,4-17-57-4 = 1.0,5-25-49-19-37-7 = 0.333,4-45-20-28-4 = 0.333,4-45-20-40-23-8 = 0.667,4-41-50-16-5 = 1.0,8-9-58-49-19-11-8 = 0.333,5-42-38-5 = 0.5,8-27-53-8 = 1.0,8-9-58-10-46-8 = 0.667,4-44-28-15-4 = 0.333,,,,,,,,,,,,,,,,,,
523,522,736.369,0,1.563,0,Prune by CG,,4-22-4 = 1.0,8-33-8 = 0.273,8-39-8 = 0.273,5-42-5 = 1.0,7-48-24-30-7 = 1.0,7-21-26-36-7 = 0.182,7-52-29-37-7 = 0.818,7-31-21-26-36-7 = 0.818,8-33-39-8 = 0.727,8-12-44-15-4 = 0.227,8-12-44-28-4 = 0.227,8-12-47-11-8 = 0.545,7-31-52-29-14-5 = 0.182,5-35-56-14-5 = 0.409,5-18-54-34-13-5 = 1.0,5-32-55-14-5 = 0.409,5-38-50-16-5 = 0.091,5-38-41-57-4 = 0.091,5-35-38-5 = 0.591,5-25-51-43-4 = 1.0,5-56-55-32-5 = 0.591,8-49-10-46-47-4 = 0.455,4-28-15-4 = 0.5,4-17-57-4 = 0.909,4-17-15-28-4 = 0.091,4-45-20-40-23-8 = 1.0,4-41-50-16-5 = 0.909,8-9-58-49-19-11-8 = 0.182,5-42-38-5 = 0.227,4-44-46-11-8 = 0.091,8-27-53-8 = 1.0,8-9-58-10-46-8 = 0.182,8-11-19-37-7 = 0.182,4-44-28-15-4 = 0.182,8-9-58-10-49-19-8 = 0.364,8-9-58-44-46-19-8 = 0.273,,,,,,,,,,,,,,
524,522,735.607,0,0.801,0,Prune by CG,,4-22-4 = 1.0,8-33-8 = 0.125,5-38-5 = 0.5,8-39-8 = 0.125,5-42-5 = 1.0,7-31-52-29-19-8 = 0.5,7-48-24-30-7 = 1.0,7-21-26-36-7 = 0.5,7-52-29-37-7 = 0.5,7-31-21-26-36-7 = 0.5,8-33-23-39-8 = 0.5,8-33-39-8 = 0.375,8-12-44-15-4 = 0.375,8-12-44-28-4 = 0.125,8-12-47-11-8 = 0.5,8-40-44-51-43-4 = 0.5,5-35-56-14-5 = 0.5,5-18-54-34-13-5 = 1.0,5-32-55-14-5 = 0.5,5-35-38-5 = 0.5,5-25-51-43-4 = 0.5,5-56-55-32-5 = 0.5,8-49-10-46-47-4 = 0.25,4-28-15-4 = 0.625,4-17-57-4 = 1.0,5-25-49-19-37-7 = 0.5,4-45-20-28-4 = 0.25,4-45-20-40-23-8 = 0.5,4-41-50-16-5 = 1.0,4-45-20-11-8 = 0.25,8-27-53-8 = 1.0,8-9-58-10-46-8 = 0.75,8-9-58-49-47-11-8 = 0.25,,,,,,,,,,,,,,,,,
239,76,734.385,10.719,2.623,1.219,525,526,4-22-4 = 1.0,8-33-8 = 0.375,5-38-5 = 0.219,8-39-8 = 0.375,5-42-5 = 1.0,7-31-52-29-19-8 = 0.5,7-48-24-30-7 = 1.0,7-21-26-36-7 = 0.5,8-53-27-8 = 1.0,7-52-29-37-7 = 0.5,7-31-21-26-36-7 = 0.5,8-33-23-39-8 = 0.531,8-33-39-8 = 0.094,8-12-47-11-8 = 0.5,8-12-9-10-49-8 = 0.063,8-12-9-58-51-4 = 0.156,8-40-44-51-43-4 = 0.531,8-25-9-51-44-4 = 0.156,8-25-9-58-46-4 = 0.125,5-35-56-14-5 = 0.5,5-18-54-34-13-5 = 1.0,5-32-55-14-5 = 0.5,5-38-50-16-5 = 0.141,5-38-41-57-4 = 0.141,5-35-38-5 = 0.5,5-56-55-32-5 = 0.5,8-49-10-58-46-4 = 0.219,4-15-28-4 = 0.859,4-17-57-4 = 0.859,4-17-15-28-4 = 0.141,5-25-49-19-37-7 = 0.5,4-45-20-44-43-4 = 0.313,4-51-46-43-4 = 0.156,5-25-10-49-47-8 = 0.219,4-45-20-40-23-8 = 0.469,4-41-50-16-5 = 0.859,4-12-47-11-8 = 0.281,4-45-20-11-8 = 0.219,8-9-58-10-46-4 = 0.5,,,,,,,,,,,
526,239,738.642,0,4.257,0,Prune by CG,,4-22-4 = 1.0,8-33-8 = 0.316,8-39-8 = 0.596,5-42-5 = 1.0,7-36-26-7 = 0.099,7-31-52-29-19-8 = 0.45,7-31-52-37-7 = 0.099,7-48-24-30-7 = 1.0,7-21-26-36-7 = 0.55,7-52-29-37-7 = 0.45,7-31-29-19-11-8 = 0.099,7-31-21-26-36-7 = 0.351,8-33-23-39-8 = 0.363,8-33-39-8 = 0.041,8-33-40-11-8 = 0.281,8-40-44-51-43-4 = 0.082,8-12-9-34-13-14-5 = 0.38,8-25-58-51-47-4 = 0.105,8-25-9-46-47-8 = 0.275,5-41-50-16-5 = 0.421,5-35-56-21-7 = 0.099,5-32-55-14-5 = 0.099,5-38-50-16-5 = 0.05,5-38-41-57-4 = 0.05,5-35-38-5 = 0.901,5-25-51-44-4 = 0.035,5-56-55-32-5 = 0.901,5-18-54-13-14-5 = 0.52,5-18-25-54-5 = 0.48,5-34-51-44-15-4 = 0.064,5-34-51-44-43-4 = 0.456,5-34-13-51-43-4 = 0.099,8-49-10-58-46-4 = 0.643,8-49-10-58-15-4 = 0.094,8-49-58-51-28-4 = 0.158,4-15-28-4 = 0.792,4-17-57-4 = 0.95,4-17-15-28-4 = 0.05,5-25-49-19-37-7 = 0.105,4-45-20-44-43-4 = 0.363,8-9-46-19-37-7 = 0.082,4-45-20-40-23-8 = 0.637,4-41-50-16-5 = 0.529,4-12-47-11-8 = 0.62,8-9-10-19-37-7 = 0.263,8-27-53-8 = 1.0,,,,
525,239,734.411,10.75,0.026,0.031,527,528,4-22-4 = 1.0,8-33-8 = 0.25,5-38-5 = 0.25,8-39-8 = 0.5,5-42-5 = 1.0,7-31-52-29-19-8 = 0.5,7-48-24-30-7 = 1.0,7-21-26-36-7 = 0.5,7-52-29-37-7 = 0.5,7-31-21-26-36-7 = 0.5,8-33-23-39-8 = 0.5,8-33-40-11-8 = 0.25,8-12-47-11-8 = 0.5,8-12-9-58-51-4 = 0.25,8-40-44-51-43-4 = 0.25,8-25-9-51-44-4 = 0.25,5-35-56-14-5 = 0.5,5-18-54-34-13-5 = 1.0,5-32-55-14-5 = 0.5,5-38-50-16-5 = 0.125,5-38-41-57-4 = 0.125,5-35-38-5 = 0.5,5-56-55-32-5 = 0.5,8-49-10-58-46-4 = 0.25,4-15-28-4 = 0.875,4-17-57-4 = 0.875,4-17-15-28-4 = 0.125,5-25-49-19-37-7 = 0.5,4-45-20-44-43-4 = 0.5,4-51-46-43-4 = 0.25,5-25-10-49-47-8 = 0.25,4-45-20-40-23-8 = 0.5,4-41-50-16-5 = 0.875,4-12-47-11-8 = 0.25,8-9-58-10-46-4 = 0.5,8-27-53-8 = 1.0,,,,,,,,,,,,,,
528,525,735.55,0,1.138,0,Prune by CG,,4-22-4 = 1.0,5-38-5 = 0.688,5-42-5 = 1.0,7-31-52-29-19-8 = 0.5,7-48-24-30-7 = 1.0,7-21-26-36-7 = 0.5,7-52-29-37-7 = 0.5,7-31-21-26-36-7 = 0.5,8-33-23-39-8 = 0.438,8-33-39-8 = 0.562,8-12-47-11-8 = 0.5,8-12-9-58-51-4 = 0.188,8-40-44-51-43-4 = 0.438,8-25-9-51-44-4 = 0.187,8-25-9-58-46-4 = 0.125,5-35-56-5 = 1.0,5-18-54-34-13-5 = 1.0,5-32-55-14-5 = 1.0,5-38-50-16-5 = 0.156,5-38-41-57-4 = 0.156,8-49-10-58-46-4 = 0.187,8-49-10-44-43-4 = 0.125,4-15-28-4 = 0.844,4-17-57-4 = 0.844,4-17-15-28-4 = 0.156,5-25-49-19-37-7 = 0.5,4-45-20-44-43-4 = 0.25,4-51-46-43-4 = 0.188,5-25-10-49-47-8 = 0.188,4-45-20-40-23-8 = 0.562,4-41-50-16-5 = 0.844,4-12-47-11-8 = 0.312,4-45-20-11-8 = 0.188,8-9-58-10-46-4 = 0.5,8-27-53-8 = 1.0,,,,,,,,,,,,,,,
527,525,734.638,6,0.227,-4.75,529,530,4-22-4 = 1.0,8-33-8 = 0.235,8-39-8 = 0.353,5-42-5 = 1.0,7-31-52-29-19-8 = 0.294,7-48-24-30-7 = 1.0,7-21-26-36-7 = 0.706,7-52-29-37-7 = 0.294,7-31-21-26-36-7 = 0.294,8-33-23-39-8 = 0.176,8-33-39-8 = 0.471,8-33-40-11-8 = 0.118,8-12-47-11-8 = 0.882,8-12-9-58-51-4 = 0.118,8-40-44-51-43-4 = 0.059,7-31-52-29-14-5 = 0.412,8-25-9-51-44-4 = 0.118,8-25-9-58-46-4 = 0.059,5-18-54-34-13-5 = 0.412,5-35-38-5 = 1.0,5-56-55-32-5 = 1.0,5-18-54-13-14-5 = 0.588,5-34-51-44-43-4 = 0.588,8-49-10-58-46-4 = 0.118,8-49-10-44-43-4 = 0.059,4-15-28-4 = 1.0,4-17-57-4 = 1.0,5-25-49-19-37-7 = 0.706,4-45-20-44-43-4 = 0.176,4-51-46-43-4 = 0.118,5-25-10-49-47-8 = 0.118,4-45-20-40-23-8 = 0.824,4-41-50-16-5 = 1.0,8-9-58-10-46-4 = 0.706,8-27-53-8 = 1.0,,,,,,,,,,,,,,,
529,527,735.906,0,1.268,0,Prune by CG,,4-22-4 = 1.0,8-33-8 = 0.19,8-39-8 = 0.714,5-42-5 = 1.0,7-31-52-29-19-8 = 0.333,7-48-24-30-7 = 1.0,7-21-26-36-7 = 0.667,7-52-29-37-7 = 0.333,7-31-21-26-36-7 = 0.333,8-33-23-39-8 = 0.286,8-33-40-11-8 = 0.286,8-12-47-11-8 = 0.714,8-12-9-58-51-4 = 0.286,7-31-52-29-14-5 = 0.333,5-41-50-16-5 = 0.381,5-35-56-38-5 = 0.333,5-18-54-34-13-5 = 0.857,5-32-55-14-5 = 0.333,5-35-38-5 = 0.667,5-56-55-32-5 = 0.667,5-18-54-13-14-5 = 0.143,5-34-51-44-15-4 = 0.143,5-25-44-28-4 = 0.095,8-49-10-51-44-4 = 0.048,8-49-10-46-47-8 = 0.048,4-15-28-4 = 0.857,4-17-57-4 = 1.0,5-25-49-19-37-7 = 0.667,4-45-20-44-43-4 = 0.524,4-51-46-43-4 = 0.286,5-25-10-49-47-8 = 0.238,4-45-20-40-23-8 = 0.476,4-41-50-16-5 = 0.619,8-9-58-10-46-4 = 0.667,8-27-53-8 = 1.0,8-33-40-23-8 = 0.238,4-44-51-43-14-5 = 0.19,8-9-58-51-28-4 = 0.048,,,,,,,,,,,,
530,527,734.749,6.273,0.111,0.273,531,532,4-22-4 = 1.0,8-33-8 = 0.273,8-39-8 = 0.273,5-42-5 = 1.0,7-31-52-29-19-8 = 0.364,7-48-24-30-7 = 1.0,7-21-26-36-7 = 0.636,7-52-29-37-7 = 0.364,7-31-21-26-36-7 = 0.364,8-33-23-39-8 = 0.182,8-33-39-8 = 0.545,8-12-47-11-8 = 0.818,8-12-9-58-51-4 = 0.182,8-40-44-51-43-4 = 0.182,7-31-52-29-14-5 = 0.273,8-25-9-58-46-4 = 0.182,5-18-54-34-13-5 = 0.273,5-35-38-5 = 1.0,5-56-55-32-5 = 1.0,5-18-54-13-14-5 = 0.636,5-34-51-44-43-4 = 0.636,8-49-10-46-47-8 = 0.182,8-49-10-44-43-4 = 0.182,4-15-28-4 = 1.0,4-17-57-4 = 1.0,5-25-49-19-37-7 = 0.636,5-25-54-14-5 = 0.091,4-45-20-40-23-8 = 0.818,4-41-50-16-5 = 1.0,4-45-20-11-8 = 0.182,8-9-58-10-46-4 = 0.636,8-27-53-8 = 1.0,5-18-25-34-13-5 = 0.091,,,,,,,,,,,,,,,,,
531,530,738.042,0,3.293,0,Prune by CG,,4-22-4 = 1.0,8-33-8 = 0.242,8-39-8 = 0.258,5-42-5 = 1.0,7-31-52-29-19-8 = 0.484,7-48-24-30-7 = 1.0,7-21-26-36-7 = 0.484,7-52-29-37-7 = 0.516,7-31-21-26-36-7 = 0.516,8-33-23-39-8 = 0.016,8-33-39-8 = 0.726,8-33-40-11-8 = 0.016,8-12-47-11-8 = 0.613,8-12-9-58-49-19-4 = 0.032,8-10-49-19-37-7 = 0.387,5-41-50-16-5 = 0.355,5-35-38-5 = 1.0,5-56-55-32-5 = 1.0,5-18-54-13-14-5 = 0.452,5-18-25-54-5 = 0.097,5-34-51-44-43-4 = 0.548,5-34-13-46-43-4 = 0.097,8-49-10-46-47-8 = 0.032,8-49-10-58-46-4 = 0.355,4-15-28-4 = 0.806,4-17-57-4 = 1.0,8-49-46-19-37-7 = 0.097,5-25-54-14-5 = 0.452,4-45-20-40-23-8 = 0.984,4-41-50-16-5 = 0.645,4-12-47-11-8 = 0.355,4-45-20-11-8 = 0.016,8-9-58-10-46-4 = 0.226,8-27-53-8 = 1.0,8-9-58-46-15-4 = 0.194,5-18-25-34-13-5 = 0.355,8-9-58-51-28-4 = 0.097,8-9-51-44-43-4 = 0.355,5-18-25-13-14-5 = 0.097,8-9-58-49-44-28-4 = 0.097,,,,,,,,,,
532,530,734.924,5.667,0.175,-0.606,533,534,4-22-4 = 1.0,8-33-8 = 0.25,8-39-8 = 0.25,5-42-5 = 1.0,7-31-52-29-19-8 = 0.333,7-48-24-30-7 = 1.0,7-21-26-36-7 = 0.667,7-52-29-37-7 = 0.333,7-31-21-26-36-7 = 0.333,8-33-23-39-8 = 0.083,8-33-39-8 = 0.667,8-12-47-11-8 = 0.833,8-12-9-58-51-4 = 0.083,8-10-51-43-4 = 0.083,8-40-44-51-43-4 = 0.083,7-31-52-29-14-5 = 0.333,8-25-9-51-44-4 = 0.083,8-25-9-58-46-4 = 0.25,5-18-54-34-13-5 = 0.333,5-35-38-5 = 1.0,5-56-55-32-5 = 1.0,5-18-54-13-14-5 = 0.667,5-34-51-44-43-4 = 0.667,8-49-10-46-47-8 = 0.083,8-49-10-58-46-4 = 0.083,8-49-10-44-43-4 = 0.167,4-15-28-4 = 1.0,4-17-57-4 = 1.0,5-25-49-19-37-7 = 0.667,4-45-20-40-23-8 = 0.917,4-41-50-16-5 = 1.0,4-12-47-11-8 = 0.083,4-45-20-11-8 = 0.083,8-9-58-10-46-4 = 0.583,8-27-53-8 = 1.0,,,,,,,,,,,,,,,
533,532,737.866,0,2.942,0,Prune by CG,,4-22-4 = 1.0,8-33-8 = 0.25,8-39-8 = 0.417,5-42-5 = 1.0,7-31-52-29-19-8 = 0.5,7-48-24-30-7 = 1.0,7-21-26-36-7 = 0.5,7-52-29-37-7 = 0.5,7-31-21-26-36-7 = 0.5,8-33-23-39-8 = 0.167,8-33-39-8 = 0.417,8-33-40-11-8 = 0.167,8-12-44-43-4 = 0.167,8-12-47-11-8 = 0.25,8-10-51-43-4 = 0.083,8-45-20-44-43-4 = 0.167,8-25-9-58-46-4 = 0.417,5-35-38-5 = 1.0,5-56-55-32-5 = 1.0,5-18-54-13-14-5 = 0.5,5-18-54-34-14-5 = 0.5,5-34-13-46-43-4 = 0.5,8-49-10-58-51-4 = 0.5,4-15-28-4 = 0.833,4-17-57-4 = 1.0,5-25-49-19-37-7 = 0.5,8-25-9-58-44-47-4 = 0.083,4-45-20-40-23-8 = 0.833,4-41-50-16-5 = 1.0,4-12-47-11-8 = 0.583,8-27-53-8 = 1.0,4-44-28-15-4 = 0.167,8-9-10-51-44-4 = 0.417,8-9-46-47-43-4 = 0.083,,,,,,,,,,,,,,,,
534,532,734.956,7.429,0.031,1.762,535,536,4-22-4 = 1.0,8-33-8 = 0.286,8-39-8 = 0.286,5-42-5 = 1.0,7-31-52-29-19-8 = 0.429,7-48-24-30-7 = 1.0,7-21-26-36-7 = 0.571,7-52-29-37-7 = 0.429,7-31-21-26-36-7 = 0.429,8-33-23-39-8 = 0.143,8-33-39-8 = 0.571,8-12-47-11-8 = 0.571,8-40-44-51-43-4 = 0.143,8-45-20-44-43-4 = 0.143,7-31-52-29-14-5 = 0.143,8-25-9-51-44-4 = 0.286,8-25-9-58-46-4 = 0.143,5-18-54-34-13-5 = 0.143,5-35-38-5 = 1.0,5-56-55-32-5 = 1.0,5-18-54-13-14-5 = 0.571,5-18-54-34-14-5 = 0.286,5-34-51-44-43-4 = 0.286,5-34-13-51-43-4 = 0.286,8-49-10-58-46-4 = 0.286,8-49-10-44-43-4 = 0.143,4-15-28-4 = 1.0,4-17-57-4 = 1.0,5-25-49-19-37-7 = 0.571,4-45-20-40-23-8 = 0.857,4-41-50-16-5 = 1.0,4-12-47-11-8 = 0.429,8-9-58-10-46-4 = 0.571,8-27-53-8 = 1.0,,,,,,,,,,,,,,,,
535,534,736.118,0,1.162,0,Prune by CG,,4-22-4 = 1.0,8-33-8 = 0.5,8-39-8 = 0.5,5-42-5 = 1.0,7-31-52-29-19-8 = 0.5,7-48-24-30-7 = 1.0,7-21-26-36-7 = 0.5,7-52-29-37-7 = 0.5,7-31-21-26-36-7 = 0.5,8-33-23-39-8 = 0.5,8-40-44-51-43-4 = 0.5,8-25-9-58-46-4 = 0.5,5-35-38-5 = 1.0,5-56-55-32-5 = 1.0,5-18-54-13-14-5 = 0.5,5-18-54-34-14-5 = 0.5,5-34-13-51-15-4 = 0.5,8-49-10-44-43-4 = 0.5,4-15-28-4 = 0.5,4-17-57-4 = 1.0,5-25-49-19-37-7 = 0.5,4-45-20-28-4 = 0.5,4-45-20-40-23-8 = 0.5,4-41-50-16-5 = 1.0,4-12-47-11-8 = 1.0,8-9-58-10-46-4 = 0.5,8-27-53-8 = 1.0,,,,,,,,,,,,,,,,,,,,,,,
536,534,736.308,0,1.353,0,Prune by CG,,4-22-4 = 1.0,8-33-8 = 0.167,8-39-8 = 0.167,5-42-5 = 1.0,7-36-26-7 = 0.167,7-31-52-29-19-8 = 0.333,7-21-52-29-7 = 0.167,7-48-24-30-7 = 1.0,7-21-26-36-7 = 0.5,7-31-49-10-43-4 = 0.167,7-52-29-37-7 = 0.333,7-31-21-26-36-7 = 0.333,8-33-39-8 = 0.833,8-12-47-11-8 = 1.0,8-10-49-19-37-7 = 0.167,7-31-52-29-14-5 = 0.167,8-25-9-51-44-4 = 0.167,8-25-9-58-46-4 = 0.333,5-18-54-34-13-5 = 0.167,5-35-38-5 = 1.0,5-56-55-32-5 = 1.0,5-18-54-13-14-5 = 0.833,5-34-51-44-43-4 = 0.833,8-49-10-58-46-4 = 0.167,4-15-28-4 = 1.0,4-17-57-4 = 1.0,5-25-49-19-37-7 = 0.333,4-45-20-40-23-8 = 1.0,4-41-50-16-5 = 1.0,8-9-58-10-46-4 = 0.5,8-27-53-8 = 1.0,4-25-49-19-37-7 = 0.167,,,,,,,,,,,,,,,,,,
100,98,735.602,9.55,2.943,2.175,Prune by UB,,4-22-4 = 1.0,8-33-8 = 0.4,8-39-8 = 0.6,5-42-5 = 1.0,7-31-52-29-19-8 = 0.5,7-48-24-30-7 = 1.0,7-21-26-36-7 = 0.5,7-52-29-37-7 = 0.5,7-31-21-26-36-7 = 0.5,8-33-23-39-8 = 0.2,8-33-39-8 = 0.2,8-33-40-11-8 = 0.2,8-12-47-11-8 = 0.8,8-12-9-51-47-8 = 0.1,8-45-20-40-23-8 = 0.1,5-41-50-16-5 = 0.05,5-35-56-14-5 = 0.35,5-18-54-34-13-5 = 0.8,5-32-55-14-5 = 0.35,5-38-50-16-5 = 0.175,5-38-41-57-4 = 0.175,5-35-38-5 = 0.65,5-25-51-43-5 = 0.3,5-56-55-32-5 = 0.65,5-18-25-9-43-4 = 0.2,5-54-34-13-14-5 = 0.2,5-25-9-44-43-4 = 0.5,8-49-10-46-47-4 = 0.1,8-49-10-58-46-4 = 0.8,8-49-10-58-15-4 = 0.1,4-28-15-4 = 0.625,4-17-57-4 = 0.825,4-17-15-28-4 = 0.175,4-45-20-28-4 = 0.2,4-45-20-40-23-8 = 0.7,4-41-50-16-5 = 0.775,8-27-53-8 = 1.0,8-12-9-51-14-5 = 0.1,4-44-51-19-37-7 = 0.5,8-9-58-46-15-4 = 0.1,,,,,,,,,,
361,3,733.942,6.667,2.947,0.167,537,538,4-22-4 = 1.0,5-38-5 = 0.333,5-42-5 = 1.0,7-31-52-29-19-8 = 0.5,7-48-24-30-7 = 1.0,7-21-26-36-7 = 0.5,7-52-29-37-7 = 0.5,7-31-21-26-36-7 = 0.5,8-33-39-8 = 1.0,8-12-47-11-8 = 1.0,8-10-49-19-37-7 = 0.5,5-35-56-14-5 = 0.333,5-18-54-34-13-5 = 0.667,5-32-55-14-5 = 0.333,5-35-38-5 = 0.667,5-25-10-44-4 = 0.167,5-56-55-32-5 = 0.667,5-18-54-13-14-5 = 0.167,5-18-25-54-5 = 0.167,5-25-9-51-44-4 = 0.667,5-34-13-51-46-4 = 0.167,8-49-10-58-43-4 = 0.167,8-49-58-46-43-4 = 0.333,4-15-28-4 = 1.0,4-17-57-4 = 1.0,4-45-20-40-23-8 = 1.0,4-41-50-16-5 = 1.0,8-27-53-8 = 1.0,8-9-58-46-43-4 = 0.333,8-58-51-44-43-4 = 0.167,5-34-10-46-14-5 = 0.167,,,,,,,,,,,,,,,,,,,
537,361,735.779,0,1.837,0,Prune by CG,,4-22-4 = 1.0,8-33-8 = 0.167,8-39-8 = 0.167,5-42-5 = 1.0,7-31-52-29-19-7 = 0.167,7-31-52-29-19-8 = 0.333,7-31-52-37-7 = 0.167,7-48-24-30-7 = 1.0,7-21-26-36-7 = 0.833,7-52-29-37-7 = 0.333,7-31-21-26-36-7 = 0.167,8-33-39-8 = 0.833,8-12-47-11-8 = 1.0,7-31-29-19-37-7 = 0.167,5-41-50-16-5 = 1.0,5-18-54-34-13-5 = 1.0,5-35-38-5 = 1.0,5-56-55-32-5 = 1.0,5-25-9-51-44-4 = 0.333,8-49-58-46-43-4 = 0.667,4-15-28-4 = 1.0,4-17-57-4 = 1.0,4-45-20-40-23-8 = 1.0,8-49-10-46-14-5 = 0.333,8-27-53-8 = 1.0,4-44-51-19-37-7 = 0.333,5-25-9-10-14-5 = 0.667,8-58-51-44-43-4 = 0.333,,,,,,,,,,,,,,,,,,,,,,
538,361,733.97,7.75,0.028,1.083,539,540,4-22-4 = 1.0,8-33-8 = 0.188,5-38-5 = 0.125,8-39-8 = 0.25,5-42-5 = 1.0,7-31-52-29-19-8 = 0.5,7-48-24-30-7 = 1.0,7-21-26-36-7 = 0.5,7-52-29-37-7 = 0.5,7-31-21-26-36-7 = 0.5,8-33-23-39-8 = 0.062,8-33-39-8 = 0.688,8-33-40-11-8 = 0.062,8-12-44-28-4 = 0.125,8-12-47-11-8 = 0.875,8-10-49-19-37-7 = 0.375,5-35-56-14-5 = 0.125,5-18-54-34-13-5 = 0.5,5-32-55-14-5 = 0.125,5-35-38-5 = 0.875,5-56-55-32-5 = 0.875,5-18-54-13-14-5 = 0.375,5-18-25-54-5 = 0.125,5-25-9-51-44-4 = 0.5,5-25-9-46-14-5 = 0.375,5-34-51-44-15-4 = 0.125,5-34-10-46-47-4 = 0.125,5-34-13-51-46-4 = 0.125,8-49-10-58-43-4 = 0.375,8-49-58-46-43-4 = 0.25,4-15-28-4 = 0.875,4-17-57-4 = 1.0,4-45-20-40-23-8 = 0.938,4-41-50-16-5 = 1.0,4-45-20-11-8 = 0.062,8-27-53-8 = 1.0,8-9-58-46-43-4 = 0.125,5-34-10-19-37-7 = 0.125,8-58-51-44-43-4 = 0.25,,,,,,,,,,,
539,538,738.383,0,4.412,0,Prune by CG,,4-22-4 = 1.0,8-33-8 = 0.286,8-39-8 = 0.321,5-42-5 = 1.0,7-31-52-29-19-7 = 0.143,7-48-24-30-7 = 1.0,7-31-52-54-5 = 0.143,7-21-26-36-7 = 0.75,7-52-29-37-7 = 0.393,7-31-29-19-11-8 = 0.107,7-31-21-26-36-7 = 0.25,8-33-23-39-8 = 0.036,8-33-39-8 = 0.643,8-33-40-11-8 = 0.036,8-12-47-11-8 = 0.857,8-12-9-58-43-4 = 0.143,7-31-29-19-37-7 = 0.036,8-10-49-19-37-7 = 0.036,7-31-52-29-14-5 = 0.321,8-45-20-40-23-8 = 0.143,8-25-9-58-43-4 = 0.036,5-35-38-5 = 1.0,5-56-55-32-5 = 1.0,5-18-54-13-14-5 = 0.679,5-18-25-54-5 = 0.179,5-18-25-9-49-19-8 = 0.143,5-25-9-51-44-4 = 0.643,5-34-10-46-47-4 = 0.143,8-49-10-58-43-4 = 0.821,4-15-28-4 = 0.643,4-17-57-4 = 1.0,5-34-46-19-37-7 = 0.536,4-45-20-28-4 = 0.036,4-45-20-40-23-8 = 0.821,4-41-50-16-5 = 1.0,8-27-53-8 = 1.0,5-34-13-51-46-5 = 0.321,8-9-51-44-15-4 = 0.036,4-44-28-15-4 = 0.321,,,,,,,,,,,
540,538,734.067,7.375,0.097,-0.375,541,542,4-22-4 = 1.0,8-33-8 = 0.219,5-38-5 = 0.063,8-39-8 = 0.281,5-42-5 = 1.0,7-31-52-29-19-8 = 0.5,7-48-24-30-7 = 1.0,7-21-26-36-7 = 0.5,7-52-29-37-7 = 0.5,7-31-21-26-36-7 = 0.5,8-33-23-39-8 = 0.062,8-33-39-8 = 0.656,8-33-40-11-8 = 0.062,8-12-44-28-4 = 0.062,8-12-47-11-8 = 0.938,8-10-49-19-37-7 = 0.375,5-35-56-14-5 = 0.063,5-18-54-34-13-5 = 0.531,5-32-55-14-5 = 0.063,5-35-38-5 = 0.937,5-56-55-32-5 = 0.937,5-18-54-13-14-5 = 0.406,5-18-25-46-4 = 0.063,5-25-9-46-47-4 = 0.063,5-25-9-51-44-4 = 0.406,5-25-9-46-14-5 = 0.406,5-34-51-44-15-4 = 0.062,5-34-10-51-44-4 = 0.219,5-34-13-51-15-4 = 0.063,8-49-10-58-43-4 = 0.281,8-49-58-46-43-4 = 0.344,4-15-28-4 = 0.875,4-17-57-4 = 1.0,4-45-20-28-4 = 0.062,5-25-54-14-5 = 0.063,4-45-20-40-23-8 = 0.938,4-41-50-16-5 = 1.0,8-27-53-8 = 1.0,8-9-58-46-43-4 = 0.125,5-34-10-19-37-7 = 0.125,8-58-51-44-43-4 = 0.25,,,,,,,,,
541,540,734.217,5.375,0.15,-2,543,544,4-22-4 = 1.0,8-33-8 = 0.062,5-38-5 = 0.062,8-39-8 = 0.062,5-42-5 = 1.0,7-31-52-29-19-7 = 0.25,7-31-52-29-19-8 = 0.25,7-31-52-37-7 = 0.25,7-48-24-30-7 = 1.0,7-21-26-36-7 = 1.0,7-52-29-37-7 = 0.25,8-33-39-8 = 0.938,8-12-47-11-8 = 1.0,7-31-29-19-37-7 = 0.25,8-10-49-19-37-7 = 0.25,5-35-56-14-5 = 0.062,5-18-54-34-13-5 = 0.375,5-32-55-14-5 = 0.062,5-35-38-5 = 0.938,5-56-55-32-5 = 0.938,5-18-54-13-14-5 = 0.5,5-25-9-51-44-4 = 0.5,5-25-9-46-14-5 = 0.25,5-34-10-51-44-4 = 0.5,8-49-10-58-43-4 = 0.25,8-49-58-46-43-4 = 0.5,4-15-28-4 = 1.0,4-17-57-4 = 1.0,5-25-54-14-5 = 0.125,4-45-20-40-23-8 = 1.0,4-41-50-16-5 = 1.0,8-27-53-8 = 1.0,8-9-58-46-43-4 = 0.25,5-18-25-34-13-5 = 0.125,,,,,,,,,,,,,,,,
544,541,736.431,0,2.213,0,Prune by CG,,4-22-4 = 1.0,5-42-5 = 1.0,7-36-26-7 = 0.2,7-31-52-29-19-8 = 0.4,7-48-37-7 = 0.2,7-24-30-7 = 0.2,7-48-24-30-7 = 0.8,7-21-26-36-7 = 0.8,8-33-39-8 = 1.0,8-12-47-11-8 = 1.0,8-10-49-19-37-7 = 0.4,7-31-52-29-14-5 = 0.6,5-35-56-21-7 = 0.2,5-18-54-34-13-5 = 0.8,5-32-55-14-5 = 0.2,5-38-50-16-5 = 0.1,5-38-41-57-4 = 0.1,5-35-38-5 = 0.8,5-25-10-44-4 = 0.2,5-25-51-44-4 = 0.2,5-56-55-32-5 = 0.8,5-18-54-13-14-5 = 0.2,5-25-9-51-44-4 = 0.6,8-49-10-58-43-4 = 0.2,8-49-58-46-43-4 = 0.4,4-15-28-4 = 0.9,4-17-57-4 = 0.9,4-17-15-28-4 = 0.1,4-45-20-40-23-8 = 1.0,4-41-50-16-5 = 0.9,8-27-53-8 = 1.0,8-9-58-46-43-4 = 0.4,4-51-46-37-7 = 0.2,5-34-10-19-37-7 = 0.2,,,,,,,,,,,,,,,,
543,541,734.807,5.24,0.59,-0.135,545,546,4-22-4 = 1.0,5-38-5 = 0.1,5-42-5 = 1.0,7-37-19-11-8 = 0.04,7-21-55-14-5 = 0.04,7-31-52-29-19-7 = 0.44,7-31-52-37-7 = 0.28,7-21-32-14-5 = 0.04,7-48-24-30-7 = 1.0,7-21-26-36-7 = 0.92,7-52-29-37-7 = 0.28,8-33-39-8 = 1.0,8-12-10-19-8 = 0.04,8-12-47-11-8 = 0.96,7-31-29-19-37-7 = 0.28,8-10-49-19-37-7 = 0.12,5-35-56-14-5 = 0.1,5-18-54-34-13-5 = 0.58,5-32-55-14-5 = 0.06,5-35-38-5 = 0.9,5-56-55-32-5 = 0.9,5-18-54-13-14-5 = 0.42,5-25-9-51-44-4 = 0.58,5-25-9-46-14-5 = 0.34,5-34-10-51-44-4 = 0.42,8-49-10-58-43-4 = 0.34,8-49-58-46-43-4 = 0.54,4-15-28-4 = 1.0,4-17-57-4 = 1.0,5-25-10-19-8 = 0.08,4-45-20-40-23-8 = 1.0,4-41-50-16-5 = 1.0,7-26-36-7 = 0.08,8-27-53-8 = 1.0,8-9-58-46-43-4 = 0.08,8-58-46-47-43-4 = 0.04,,,,,,,,,,,,,,
545,543,738.75,0,3.943,0,Prune by CG,,4-22-4 = 1.0,5-38-5 = 0.167,8-39-8 = 0.111,5-42-5 = 1.0,7-21-55-14-5 = 0.056,7-36-26-7 = 0.444,7-31-52-37-7 = 0.222,7-21-32-14-5 = 0.056,7-21-52-29-7 = 0.333,7-48-24-30-7 = 1.0,7-52-29-37-7 = 0.444,7-31-21-26-36-7 = 0.556,8-33-23-39-8 = 0.111,8-33-39-8 = 0.778,8-33-40-11-8 = 0.111,8-12-10-19-8 = 0.444,8-12-47-11-8 = 0.556,7-31-29-47-11-8 = 0.222,8-10-49-19-37-7 = 0.333,5-35-56-14-5 = 0.167,5-35-56-38-5 = 0.5,5-18-54-34-13-5 = 0.889,5-32-55-14-5 = 0.611,5-35-38-5 = 0.333,5-56-55-32-5 = 0.333,5-18-54-13-14-5 = 0.111,5-25-9-51-44-4 = 0.889,5-34-51-44-15-4 = 0.111,8-49-58-46-43-4 = 0.667,4-15-28-4 = 0.889,4-17-57-4 = 1.0,4-45-20-28-4 = 0.111,5-25-10-19-8 = 0.111,4-45-20-40-23-8 = 0.889,4-41-50-16-5 = 1.0,8-27-53-8 = 1.0,8-9-58-46-43-4 = 0.111,8-58-46-47-43-4 = 0.222,4-10-19-11-8 = 0.111,,,,,,,,,,,
546,543,734.981,5.143,0.174,-0.097,547,548,4-22-4 = 1.0,5-38-5 = 0.143,5-42-5 = 1.0,7-37-19-11-8 = 0.071,7-31-52-29-19-7 = 0.429,7-31-52-37-7 = 0.286,7-48-24-30-7 = 1.0,7-21-26-36-7 = 1.0,7-52-29-37-7 = 0.286,8-12-46-19-8 = 0.143,8-33-39-8 = 1.0,8-12-47-11-8 = 0.857,7-31-29-19-37-7 = 0.286,5-35-56-14-5 = 0.143,5-18-54-34-13-5 = 0.643,5-32-55-14-5 = 0.143,5-35-38-5 = 0.857,5-56-55-32-5 = 0.857,5-18-54-13-14-5 = 0.357,5-25-9-51-44-4 = 0.643,5-25-9-46-14-5 = 0.357,5-34-10-51-44-4 = 0.357,8-49-10-46-47-8 = 0.071,8-49-10-58-43-4 = 0.571,8-49-58-46-43-4 = 0.357,4-15-28-4 = 1.0,4-17-57-4 = 1.0,4-45-20-40-23-8 = 1.0,4-41-50-16-5 = 1.0,8-27-53-8 = 1.0,8-11-19-37-7 = 0.071,8-58-46-47-43-4 = 0.071,,,,,,,,,,,,,,,,,,
547,546,738.559,0,3.578,0,Prune by CG,,4-22-4 = 1.0,5-38-5 = 0.429,5-42-5 = 1.0,7-48-24-30-7 = 1.0,7-52-29-37-7 = 1.0,8-12-46-19-8 = 0.571,7-31-21-26-36-7 = 1.0,8-33-39-8 = 1.0,8-46-19-11-8 = 0.143,8-12-47-11-8 = 0.429,5-35-56-14-5 = 0.429,5-35-56-38-5 = 0.143,5-18-54-34-13-5 = 1.0,5-32-55-14-5 = 0.571,5-35-38-5 = 0.429,5-56-55-32-5 = 0.429,5-25-9-51-44-4 = 1.0,8-49-10-46-47-8 = 0.143,8-49-10-58-43-4 = 0.857,4-15-28-4 = 1.0,4-17-57-4 = 1.0,4-45-20-40-23-8 = 0.857,4-41-50-16-5 = 1.0,4-45-20-11-8 = 0.143,8-27-53-8 = 1.0,8-23-47-19-11-8 = 0.143,8-40-47-19-11-8 = 0.143,8-58-46-47-43-4 = 0.143,,,,,,,,,,,,,,,,,,,,,,
548,546,735.079,0,0.098,0,Prune by CG,,4-22-4 = 1.0,8-33-8 = 0.1,8-39-8 = 0.1,5-42-5 = 1.0,7-31-52-29-19-7 = 0.4,7-31-52-37-7 = 0.2,7-48-24-30-7 = 1.0,7-21-26-36-7 = 1.0,7-52-29-37-7 = 0.2,8-33-39-8 = 0.9,8-12-47-11-8 = 1.0,7-31-29-19-37-7 = 0.4,5-18-54-34-13-5 = 0.5,5-35-38-5 = 1.0,5-56-55-32-5 = 1.0,5-18-54-13-14-5 = 0.5,5-25-9-51-44-4 = 0.5,5-25-9-46-14-5 = 0.5,5-34-10-51-44-4 = 0.5,8-49-10-58-43-4 = 0.5,8-49-58-46-43-4 = 0.5,4-15-28-4 = 1.0,4-17-57-4 = 1.0,4-45-20-40-23-8 = 1.0,4-41-50-16-5 = 1.0,8-27-53-8 = 1.0,7-52-19-37-7 = 0.2,,,,,,,,,,,,,,,,,,,,,,,
542,540,734.882,7.875,0.815,0.5,549,550,4-22-4 = 1.0,8-33-8 = 0.281,8-39-8 = 0.281,5-42-5 = 1.0,7-31-52-29-19-8 = 0.437,7-31-52-37-7 = 0.125,7-48-24-30-7 = 1.0,7-21-26-36-7 = 0.562,7-52-29-37-7 = 0.438,7-31-29-19-11-8 = 0.125,7-31-21-26-36-7 = 0.312,8-33-39-8 = 0.719,8-12-44-28-4 = 0.125,8-12-47-11-8 = 0.875,5-35-56-21-7 = 0.125,5-35-56-14-5 = 0.062,5-18-54-34-13-5 = 0.656,5-32-55-14-5 = 0.188,5-38-50-16-5 = 0.094,5-38-41-57-4 = 0.094,5-35-38-5 = 0.812,5-56-55-32-5 = 0.812,5-18-54-13-14-5 = 0.219,5-18-25-54-5 = 0.125,5-25-9-46-47-4 = 0.063,5-25-9-46-47-8 = 0.062,5-25-9-46-14-5 = 0.531,5-34-13-51-15-4 = 0.125,8-49-10-51-44-4 = 0.5,8-49-10-58-43-4 = 0.281,4-15-28-4 = 0.781,4-17-57-4 = 0.906,4-17-15-28-4 = 0.094,5-25-49-19-37-7 = 0.219,4-45-20-40-23-8 = 1.0,4-41-50-16-5 = 0.906,7-26-36-7 = 0.125,8-27-53-8 = 1.0,8-9-58-46-43-4 = 0.344,5-34-10-19-37-7 = 0.219,8-58-51-44-43-4 = 0.375,,,,,,,,,
549,542,736.122,0,1.24,0,Prune by CG,,4-22-4 = 1.0,8-33-8 = 0.083,5-38-5 = 0.167,8-39-8 = 0.25,5-42-5 = 1.0,7-31-52-29-19-8 = 0.5,7-48-24-30-7 = 1.0,7-21-26-36-7 = 0.5,7-52-29-37-7 = 0.5,7-31-21-26-36-7 = 0.5,8-33-23-39-8 = 0.167,8-33-39-8 = 0.583,8-33-40-11-8 = 0.167,8-12-44-15-4 = 0.167,8-12-44-28-4 = 0.167,8-12-47-11-8 = 0.667,8-10-49-19-37-7 = 0.167,5-35-56-14-5 = 0.167,5-18-54-34-13-5 = 0.333,5-32-55-14-5 = 0.167,5-35-38-5 = 0.833,5-56-55-32-5 = 0.833,5-18-25-46-4 = 0.083,5-18-25-9-51-4 = 0.583,5-54-34-13-14-5 = 0.667,5-25-9-46-47-4 = 0.333,8-49-10-58-43-4 = 0.583,8-49-58-46-43-4 = 0.25,4-15-28-4 = 0.833,4-17-57-4 = 1.0,4-45-20-40-23-8 = 0.833,4-41-50-16-5 = 1.0,4-45-20-11-8 = 0.167,8-27-53-8 = 1.0,8-9-58-46-43-4 = 0.083,4-44-51-19-37-7 = 0.333,4-44-10-46-4 = 0.25,8-58-51-44-43-4 = 0.083,,,,,,,,,,,,
550,542,734.889,8.333,0.007,0.458,551,552,4-22-4 = 1.0,8-33-8 = 0.292,8-39-8 = 0.292,5-42-5 = 1.0,7-36-26-7 = 0.167,7-31-52-29-19-8 = 0.417,7-31-52-37-7 = 0.167,7-48-24-30-7 = 1.0,7-21-26-36-7 = 0.583,7-52-29-37-7 = 0.417,7-31-29-19-11-8 = 0.167,7-31-21-26-36-7 = 0.25,8-33-39-8 = 0.708,8-12-44-28-4 = 0.167,8-12-47-11-8 = 0.833,8-10-49-19-37-7 = 0.167,5-35-56-21-7 = 0.167,5-35-56-14-5 = 0.083,5-18-54-34-13-5 = 0.708,5-32-55-14-5 = 0.25,5-38-50-16-5 = 0.125,5-38-41-57-4 = 0.125,5-35-38-5 = 0.75,5-56-55-32-5 = 0.75,5-18-54-13-14-5 = 0.125,5-18-25-54-5 = 0.167,5-25-9-46-47-8 = 0.167,5-25-9-46-14-5 = 0.542,5-34-13-51-15-4 = 0.167,8-49-10-51-44-4 = 0.417,8-49-10-58-43-4 = 0.292,4-15-28-4 = 0.708,4-17-57-4 = 0.875,4-17-15-28-4 = 0.125,5-25-49-19-37-7 = 0.125,4-45-20-40-23-8 = 1.0,4-41-50-16-5 = 0.875,8-27-53-8 = 1.0,8-9-58-46-43-4 = 0.292,5-34-10-19-37-7 = 0.125,8-58-51-44-43-4 = 0.417,,,,,,,,,
551,550,737.867,0,2.978,0,Prune by CG,,4-22-4 = 1.0,8-33-8 = 0.125,8-39-8 = 0.25,5-42-5 = 1.0,7-37-19-11-8 = 0.25,7-36-26-7 = 0.5,7-21-52-29-7 = 0.5,7-48-24-30-7 = 1.0,7-31-21-26-36-7 = 0.5,8-33-23-39-8 = 0.125,8-33-39-8 = 0.625,8-33-40-11-8 = 0.125,8-12-44-28-4 = 0.25,8-12-47-11-8 = 0.5,8-12-9-58-43-4 = 0.25,7-31-52-29-14-5 = 0.5,5-18-54-34-13-5 = 0.25,5-35-38-5 = 1.0,5-56-55-32-5 = 1.0,5-18-54-13-14-5 = 0.5,5-18-25-54-5 = 0.25,5-25-9-46-47-8 = 0.5,5-34-13-51-15-4 = 0.25,8-49-10-51-44-4 = 0.5,8-49-58-46-43-4 = 0.25,4-15-28-4 = 0.75,4-17-57-4 = 1.0,5-25-49-19-37-7 = 0.25,4-45-20-40-23-8 = 0.875,4-41-50-16-5 = 1.0,4-45-20-11-8 = 0.125,8-27-53-8 = 1.0,8-9-58-46-43-4 = 0.25,5-34-10-19-37-7 = 0.5,8-58-51-44-43-4 = 0.25,,,,,,,,,,,,,,,
552,550,736.378,0,1.489,0,Prune by CG,,4-22-4 = 1.0,5-42-5 = 1.0,7-36-26-7 = 0.061,7-31-52-29-19-7 = 0.531,7-31-52-29-19-8 = 0.184,7-31-52-37-7 = 0.143,7-48-37-7 = 0.714,7-24-30-7 = 0.449,7-30-24-26-36-7 = 0.265,7-48-24-30-7 = 0.286,7-21-26-36-7 = 0.673,7-52-29-37-7 = 0.143,7-31-29-19-11-8 = 0.143,8-33-39-8 = 1.0,8-12-44-28-4 = 0.061,8-12-47-11-8 = 0.857,8-12-9-58-43-4 = 0.082,5-35-56-21-7 = 0.327,5-18-54-34-13-5 = 0.939,5-32-55-14-5 = 0.327,5-38-50-16-5 = 0.163,5-38-41-57-4 = 0.163,5-35-38-5 = 0.673,5-56-55-32-5 = 0.673,5-18-25-54-5 = 0.041,5-25-9-46-47-8 = 0.143,5-18-25-9-49-19-8 = 0.02,5-25-9-46-14-5 = 0.653,5-34-13-51-15-4 = 0.061,8-49-10-51-44-4 = 0.551,8-49-10-58-43-4 = 0.327,8-49-58-46-43-4 = 0.102,4-15-28-4 = 0.776,4-17-57-4 = 0.837,4-17-15-28-4 = 0.163,5-25-10-19-8 = 0.122,5-25-54-14-5 = 0.02,4-45-20-40-23-8 = 1.0,4-41-50-16-5 = 0.837,8-27-53-8 = 1.0,8-9-58-46-43-4 = 0.102,8-58-51-44-43-4 = 0.388,,,,,,,,
42,40,740.011,7,4.859,2.28,Prune by UB,,4-22-4 = 1.0,8-33-8 = 0.115,8-39-8 = 0.192,5-42-5 = 1.0,7-36-26-7 = 0.154,7-48-24-30-7 = 1.0,7-52-9-10-49-8 = 0.192,7-31-52-54-5 = 0.654,7-21-26-36-7 = 0.846,7-52-19-11-8 = 0.154,8-33-23-39-8 = 0.077,8-33-39-8 = 0.731,8-33-40-11-8 = 0.077,8-12-47-11-8 = 0.692,7-31-29-19-37-7 = 0.346,8-10-49-19-37-7 = 0.5,8-45-20-11-8 = 0.077,8-45-20-40-23-8 = 0.462,5-35-56-14-5 = 0.077,5-38-50-16-5 = 0.038,5-38-41-57-4 = 0.038,5-35-38-5 = 0.923,5-56-55-32-5 = 0.923,5-18-54-13-14-5 = 0.346,5-18-25-58-44-4 = 0.154,5-18-55-32-5 = 0.077,5-18-25-58-29-7 = 0.192,5-18-25-9-58-14-5 = 0.077,5-25-9-58-46-4 = 0.077,5-34-51-44-43-4 = 0.846,5-34-13-51-46-4 = 0.154,8-49-10-46-47-8 = 0.308,4-28-15-4 = 0.962,4-17-57-4 = 0.962,4-17-15-28-4 = 0.038,5-18-9-46-43-4 = 0.154,5-25-9-58-13-14-5 = 0.5,4-45-20-40-23-8 = 0.462,4-41-50-16-5 = 0.962,8-27-53-8 = 1.0,8-12-46-29-7 = 0.308,7-21-29-37-7 = 0.154,,,,,,,,
97,75,735.156,10.333,2.643,3.222,Prune by UB,,4-22-4 = 1.0,8-33-8 = 0.25,5-38-5 = 0.5,8-39-8 = 0.25,5-42-5 = 1.0,7-31-52-29-19-8 = 0.5,7-48-24-30-7 = 1.0,7-21-26-36-7 = 0.5,8-40-28-15-4 = 0.417,7-52-29-37-7 = 0.5,7-31-21-26-36-7 = 0.5,8-33-23-39-8 = 0.417,8-33-39-8 = 0.333,8-45-20-28-4 = 0.083,8-12-44-28-4 = 0.333,8-10-49-19-37-7 = 0.25,5-35-56-14-5 = 0.5,5-18-54-34-13-5 = 1.0,5-32-55-14-5 = 0.5,5-35-38-5 = 0.5,5-25-51-43-4 = 0.583,5-56-55-32-5 = 0.5,5-25-9-44-43-4 = 0.417,8-49-10-46-47-8 = 0.333,8-49-10-58-46-4 = 0.25,8-49-10-58-15-4 = 0.167,4-17-57-4 = 1.0,4-45-20-40-23-8 = 0.583,4-41-50-16-5 = 1.0,4-12-47-11-8 = 0.667,4-45-20-11-8 = 0.333,8-27-53-8 = 1.0,4-44-51-19-37-7 = 0.25,8-9-58-46-15-4 = 0.417,8-9-58-51-28-4 = 0.167,,,,,,,,,,,,,,,
2,0,729.28,10.265,-3.67,0.923,553,554,4-22-4 = 1.0,5-42-5 = 0.729,7-31-52-29-19-8 = 0.343,7-48-24-30-7 = 1.0,7-21-26-36-7 = 0.343,7-52-29-37-7 = 0.657,7-31-21-26-36-7 = 0.657,8-33-23-39-8 = 0.415,8-33-39-8 = 0.585,8-12-44-28-4 = 0.198,8-12-47-11-8 = 0.744,8-40-44-51-43-4 = 0.415,8-12-9-58-49-19-8 = 0.058,8-10-49-19-37-7 = 0.343,5-35-56-14-5 = 0.049,5-18-54-34-13-5 = 0.631,5-32-55-14-5 = 0.32,5-38-50-16-5 = 0.16,5-38-41-57-4 = 0.16,5-35-38-5 = 0.68,5-25-58-10-49-8 = 0.058,5-56-55-32-5 = 0.68,5-18-54-13-14-5 = 0.256,5-54-34-13-14-5 = 0.113,5-25-9-10-58-5 = 0.314,5-18-25-9-58-14-5 = 0.113,5-25-9-51-44-4 = 0.193,5-25-9-46-14-5 = 0.12,5-25-9-58-46-4 = 0.202,8-49-10-46-47-4 = 0.256,4-15-57-4 = 0.42,4-17-57-4 = 0.42,4-17-15-28-4 = 0.58,5-34-58-49-19-11-8 = 0.256,4-45-20-28-4 = 0.222,4-45-20-44-43-4 = 0.193,4-51-46-43-4 = 0.392,4-45-20-40-23-8 = 0.585,4-41-50-16-5 = 0.84,8-49-10-46-14-5 = 0.029,5-35-56-42-5 = 0.271,8-27-53-8 = 1.0,,,,,,,,
554,2,729.337,10.545,0.058,0.28,555,556,4-22-4 = 1.0,5-42-5 = 0.794,7-31-52-29-19-8 = 0.332,7-48-24-30-7 = 1.0,7-21-26-36-7 = 0.332,7-52-29-37-7 = 0.668,7-31-21-26-36-7 = 0.668,8-33-23-39-8 = 0.458,8-33-39-8 = 0.542,8-12-44-28-4 = 0.17,8-12-47-11-8 = 0.747,8-40-44-51-43-4 = 0.458,8-12-9-58-49-19-8 = 0.083,8-10-49-19-37-7 = 0.332,5-35-56-14-5 = 0.024,5-35-56-38-5 = 0.348,5-18-54-34-13-5 = 0.747,5-32-55-14-5 = 0.577,5-38-50-16-5 = 0.115,5-38-41-57-4 = 0.115,5-35-38-5 = 0.423,5-25-58-10-49-8 = 0.083,5-56-55-32-5 = 0.423,5-18-54-13-14-5 = 0.253,5-25-9-46-47-4 = 0.15,5-25-9-10-58-5 = 0.336,5-25-9-51-44-4 = 0.186,5-25-9-58-46-4 = 0.245,8-49-10-46-47-4 = 0.103,4-15-57-4 = 0.443,4-17-57-4 = 0.443,4-17-15-28-4 = 0.557,5-34-58-49-19-11-8 = 0.253,4-45-20-28-4 = 0.273,4-45-20-44-43-4 = 0.186,4-51-46-43-4 = 0.356,4-45-20-40-23-8 = 0.542,4-41-50-16-5 = 0.885,8-49-10-46-14-5 = 0.146,5-35-56-42-5 = 0.206,8-27-53-8 = 1.0,,,,,,,,,
555,554,729.66,9,0.323,-1.545,557,558,4-22-4 = 0.5,5-42-5 = 1.0,7-31-52-29-19-8 = 0.5,7-48-24-30-7 = 1.0,7-21-26-36-7 = 0.5,7-52-29-37-7 = 0.5,7-31-21-26-36-7 = 0.5,8-33-23-39-8 = 0.25,8-33-39-8 = 0.75,8-12-47-11-8 = 1.0,8-40-44-51-43-4 = 0.25,8-10-49-19-37-7 = 0.5,5-35-56-38-5 = 0.25,5-18-54-34-13-5 = 0.5,5-32-55-14-5 = 0.25,5-35-38-5 = 0.75,5-56-55-32-5 = 0.75,5-18-54-13-14-5 = 0.5,5-25-9-10-58-5 = 0.25,5-25-9-51-44-4 = 0.75,5-34-58-46-43-4 = 0.5,8-49-58-46-43-4 = 0.25,4-15-57-4 = 0.25,4-22-57-4 = 0.5,4-17-57-4 = 0.25,4-17-15-28-4 = 0.75,4-45-20-28-4 = 0.25,4-45-20-40-23-8 = 0.75,4-41-50-16-5 = 1.0,8-49-10-46-14-5 = 0.25,8-27-53-8 = 1.0,,,,,,,,,,,,,,,,,,,
558,555,730.377,9,0.717,0,559,560,4-22-4 = 0.5,5-42-5 = 1.0,7-31-52-29-19-8 = 0.5,7-48-24-30-7 = 1.0,7-21-26-36-7 = 0.5,7-52-29-37-7 = 0.5,7-31-21-26-36-7 = 0.5,8-33-23-39-8 = 0.25,8-33-39-8 = 0.75,8-12-47-11-8 = 1.0,8-40-44-51-43-4 = 0.25,8-10-49-19-37-7 = 0.5,5-35-56-38-5 = 0.25,5-18-54-34-13-5 = 0.625,5-32-55-14-5 = 0.25,5-35-38-5 = 0.75,5-56-55-32-5 = 0.75,5-18-54-13-14-5 = 0.375,5-25-9-51-44-4 = 0.625,5-25-9-58-46-4 = 0.375,5-34-58-46-43-4 = 0.375,8-49-10-58-43-4 = 0.25,4-15-57-4 = 0.25,4-22-57-4 = 0.5,4-17-57-4 = 0.25,4-17-15-28-4 = 0.75,4-45-20-28-4 = 0.25,4-45-20-40-23-8 = 0.75,4-41-50-16-5 = 1.0,8-49-10-46-14-5 = 0.25,8-27-53-8 = 1.0,4-44-51-43-14-5 = 0.125,,,,,,,,,,,,,,,,,,
556,554,730.691,8.192,1.353,-2.353,561,562,4-22-4 = 0.663,5-42-5 = 1.0,7-31-52-29-19-8 = 0.442,7-48-24-30-7 = 1.0,7-21-26-36-7 = 0.442,7-52-29-37-7 = 0.558,7-31-21-26-36-7 = 0.558,8-33-23-39-8 = 0.885,8-33-39-8 = 0.115,8-12-47-11-8 = 0.885,8-40-44-51-43-4 = 0.885,5-35-56-14-5 = 0.038,5-18-54-34-13-5 = 0.558,5-32-55-14-5 = 0.038,5-38-50-16-5 = 0.019,5-38-41-57-4 = 0.019,5-35-38-5 = 0.962,5-25-58-10-49-8 = 0.327,5-56-55-32-5 = 0.962,5-18-54-13-14-5 = 0.231,5-54-34-13-14-5 = 0.212,5-25-9-46-47-4 = 0.115,5-18-58-49-19-37-7 = 0.212,5-25-9-51-44-4 = 0.058,5-25-9-46-14-5 = 0.481,5-34-58-10-46-4 = 0.115,4-15-57-4 = 0.49,4-17-57-4 = 0.49,4-17-15-28-4 = 0.51,5-34-58-49-19-11-8 = 0.115,5-25-49-19-37-7 = 0.019,4-45-20-28-4 = 0.49,4-45-20-44-43-4 = 0.058,4-51-46-43-4 = 0.058,4-45-20-40-23-8 = 0.115,4-41-50-16-5 = 0.981,4-12-9-10-49-8 = 0.115,4-10-49-19-37-7 = 0.212,4-45-20-22-4 = 0.337,8-9-58-10-46-4 = 0.231,8-27-53-8 = 1.0,,,,,,,,,
562,556,730.856,7.118,0.165,-1.075,563,564,4-22-4 = 0.676,5-42-5 = 1.0,7-31-52-29-19-8 = 0.235,7-48-24-30-7 = 1.0,7-21-26-36-7 = 0.235,7-52-29-37-7 = 0.765,7-31-21-26-36-7 = 0.765,8-33-23-39-8 = 0.882,8-33-39-8 = 0.118,8-12-44-15-4 = 0.118,8-12-47-11-8 = 0.824,8-40-44-51-43-4 = 0.882,5-18-54-34-13-5 = 0.471,5-35-38-5 = 1.0,5-25-58-10-49-8 = 0.412,5-56-55-32-5 = 1.0,5-18-54-13-14-5 = 0.529,5-25-9-46-47-4 = 0.059,5-25-9-10-58-5 = 0.059,5-25-9-46-14-5 = 0.471,5-34-58-10-49-19-8 = 0.353,4-15-57-4 = 0.441,4-17-57-4 = 0.559,4-17-15-28-4 = 0.441,5-34-58-49-19-11-8 = 0.176,4-45-20-28-4 = 0.559,4-51-46-43-4 = 0.118,8-9-46-19-37-7 = 0.235,8-9-10-46-47-4 = 0.118,4-45-20-40-23-8 = 0.118,4-41-50-16-5 = 1.0,4-12-9-10-49-8 = 0.059,4-45-20-22-4 = 0.324,8-27-53-8 = 1.0,,,,,,,,,,,,,,,,
564,562,731.162,7.078,0.307,-0.04,565,566,4-22-4 = 0.727,5-42-5 = 1.0,7-31-52-29-19-8 = 0.234,7-21-52-29-7 = 0.062,7-30-24-26-36-7 = 0.031,7-48-24-30-7 = 0.969,7-21-26-36-7 = 0.172,7-48-26-36-7 = 0.031,7-52-29-37-7 = 0.703,7-31-21-26-36-7 = 0.766,8-33-23-39-8 = 0.906,8-33-39-8 = 0.094,8-12-47-11-8 = 0.937,8-40-44-51-43-4 = 0.906,8-12-9-34-13-14-5 = 0.063,8-45-20-11-8 = 0.016,5-18-54-34-13-5 = 0.469,5-35-38-5 = 1.0,5-25-58-10-49-8 = 0.469,5-54-9-58-49-19-8 = 0.063,5-56-55-32-5 = 1.0,5-18-54-13-14-5 = 0.469,5-25-9-46-47-4 = 0.063,5-18-25-9-49-19-8 = 0.063,5-25-9-46-14-5 = 0.406,5-34-58-10-46-4 = 0.125,5-34-58-10-49-19-8 = 0.344,4-15-57-4 = 0.477,4-17-57-4 = 0.523,4-17-15-28-4 = 0.477,4-45-20-28-4 = 0.523,4-45-20-44-43-4 = 0.047,4-51-46-43-4 = 0.047,8-9-46-19-37-7 = 0.297,4-45-20-40-23-8 = 0.094,4-41-50-16-5 = 1.0,4-45-20-11-8 = 0.047,4-45-20-22-4 = 0.273,8-27-53-8 = 1.0,7-49-10-46-14-5 = 0.063,8-9-51-44-15-4 = 0.047,,,,,,,,,
566,564,731.584,6.923,0.422,-0.155,567,568,4-22-4 = 0.731,5-42-5 = 1.0,7-31-52-29-19-7 = 0.038,7-31-52-29-19-8 = 0.192,7-48-24-30-7 = 1.0,7-21-26-36-7 = 0.231,7-52-29-37-7 = 0.769,7-31-21-26-36-7 = 0.769,8-33-23-39-8 = 0.962,8-33-39-8 = 0.038,8-12-47-11-8 = 0.846,8-10-51-43-4 = 0.038,8-40-44-51-43-4 = 0.962,8-45-20-11-8 = 0.154,8-45-20-40-23-8 = 0.038,8-45-20-22-4 = 0.154,5-18-54-34-13-5 = 0.5,5-35-38-5 = 1.0,5-25-58-10-49-8 = 0.385,5-56-55-32-5 = 1.0,5-18-54-13-14-5 = 0.5,5-25-9-46-47-4 = 0.154,5-25-9-46-14-5 = 0.462,5-34-58-10-46-4 = 0.115,5-34-58-10-49-19-8 = 0.385,4-15-57-4 = 0.5,4-17-57-4 = 0.5,4-17-15-28-4 = 0.5,4-45-20-28-4 = 0.5,4-44-58-10-49-19-8 = 0.038,4-41-50-16-5 = 1.0,4-12-9-58-49-19-8 = 0.077,4-9-46-19-37-7 = 0.231,4-45-20-22-4 = 0.115,4-45-12-9-49-19-8 = 0.038,4-20-12-9-49-8 = 0.038,8-27-53-8 = 1.0,7-49-10-46-14-5 = 0.038,,,,,,,,,,,,
567,566,732.176,7.5,0.592,0.577,569,570,4-22-4 = 0.562,8-39-8 = 0.125,5-42-5 = 1.0,7-48-24-30-7 = 1.0,8-40-28-15-4 = 0.125,7-52-29-37-7 = 1.0,7-31-21-26-36-7 = 1.0,8-33-23-39-8 = 0.75,8-33-39-8 = 0.125,8-33-40-11-8 = 0.125,8-12-44-28-4 = 0.125,8-12-47-11-8 = 0.875,8-10-51-43-4 = 0.25,8-40-44-51-43-4 = 0.5,8-45-20-40-23-8 = 0.25,5-18-54-34-13-5 = 0.375,5-35-38-5 = 1.0,5-56-55-32-5 = 1.0,5-18-54-13-14-5 = 0.375,5-54-34-13-14-5 = 0.25,5-25-9-46-47-4 = 0.125,5-18-25-9-49-19-8 = 0.25,5-25-9-46-14-5 = 0.375,5-25-9-58-46-4 = 0.25,5-34-58-10-49-19-8 = 0.375,4-15-57-4 = 0.438,4-17-57-4 = 0.562,4-17-15-28-4 = 0.438,4-45-20-28-4 = 0.312,4-51-46-43-4 = 0.25,4-44-58-10-49-19-8 = 0.375,4-41-50-16-5 = 1.0,4-45-20-22-4 = 0.438,8-27-53-8 = 1.0,,,,,,,,,,,,,,,,
569,567,733.292,4.958,1.115,-2.542,571,572,4-22-4 = 0.417,5-42-5 = 1.0,7-48-24-30-7 = 1.0,8-40-28-15-4 = 1.0,7-52-29-37-7 = 1.0,7-31-21-26-36-7 = 1.0,8-33-23-39-8 = 1.0,8-12-47-11-8 = 0.875,8-10-51-43-4 = 0.125,5-18-54-34-13-5 = 0.5,5-35-38-5 = 1.0,5-25-51-43-4 = 0.125,5-56-55-32-5 = 1.0,5-18-54-13-14-5 = 0.5,5-25-9-46-47-4 = 0.125,5-25-9-51-44-4 = 0.292,5-25-9-46-14-5 = 0.458,5-34-58-10-49-19-8 = 0.5,4-17-57-4 = 1.0,4-45-20-44-43-4 = 0.292,4-51-46-43-4 = 0.417,4-44-58-10-49-19-8 = 0.375,4-41-50-16-5 = 1.0,4-12-9-58-49-19-8 = 0.125,4-45-20-11-8 = 0.125,4-45-20-22-4 = 0.583,8-27-53-8 = 1.0,4-44-51-43-14-5 = 0.042,,,,,,,,,,,,,,,,,,,,,,
572,569,735.971,0,2.679,0,Prune by CG,,4-22-4 = 0.125,7-48-24-30-7 = 1.0,8-40-28-15-4 = 1.0,7-52-29-37-7 = 1.0,7-31-21-26-36-7 = 1.0,8-33-23-39-8 = 1.0,8-12-47-11-8 = 0.875,8-10-51-43-4 = 0.25,5-18-54-34-13-5 = 0.875,5-32-55-14-5 = 0.625,5-38-50-16-5 = 0.25,5-35-38-5 = 0.375,5-25-51-43-4 = 0.125,5-56-55-32-5 = 0.375,5-54-34-13-14-5 = 0.125,5-25-9-46-47-8 = 0.125,5-18-25-9-49-19-8 = 0.125,5-25-9-51-44-4 = 0.125,5-25-9-46-14-5 = 0.25,5-25-9-58-46-4 = 0.125,5-25-9-44-43-4 = 0.125,4-17-57-4 = 0.75,4-51-46-43-4 = 0.5,4-17-41-57-4 = 0.25,4-44-58-10-49-19-8 = 0.75,4-41-50-16-5 = 0.75,4-12-9-58-49-19-8 = 0.125,4-45-20-11-8 = 0.125,5-42-38-5 = 0.375,4-45-20-22-4 = 0.875,5-35-56-42-5 = 0.625,8-27-53-8 = 1.0,,,,,,,,,,,,,,,,,,
571,569,733.43,5,0.138,0.042,573,574,4-22-4 = 0.667,5-42-5 = 1.0,7-48-24-30-7 = 1.0,8-40-28-15-4 = 1.0,7-52-29-37-7 = 1.0,7-31-21-26-36-7 = 1.0,8-33-23-39-8 = 1.0,8-12-47-11-8 = 0.833,8-10-51-43-4 = 0.167,5-18-54-34-13-5 = 0.5,5-35-38-5 = 1.0,5-25-51-43-4 = 0.167,5-56-55-32-5 = 1.0,5-18-54-13-14-5 = 0.5,5-25-9-46-47-4 = 0.167,5-25-9-51-44-4 = 0.167,5-25-9-46-14-5 = 0.5,5-34-58-10-49-19-8 = 0.5,4-17-57-4 = 1.0,4-45-20-44-43-4 = 0.333,4-45-20-44-51-4 = 0.167,4-51-46-43-4 = 0.333,4-44-58-10-49-19-8 = 0.333,4-41-50-16-5 = 1.0,4-12-9-58-49-19-8 = 0.167,4-45-20-11-8 = 0.167,4-45-20-22-4 = 0.333,8-27-53-8 = 1.0,,,,,,,,,,,,,,,,,,,,,,
573,571,735.864,0,2.434,0,Prune by CG,,4-22-4 = 0.667,5-42-5 = 1.0,7-48-24-30-7 = 1.0,8-40-28-15-4 = 1.0,7-52-29-37-7 = 1.0,7-31-21-26-36-7 = 1.0,8-33-23-39-8 = 1.0,8-12-51-44-4 = 0.333,8-12-47-11-8 = 0.333,8-10-51-43-4 = 0.333,8-51-46-43-4 = 0.333,5-35-56-38-5 = 0.333,5-18-54-34-13-5 = 0.667,5-32-55-14-5 = 0.333,5-35-38-5 = 0.667,5-56-55-32-5 = 0.667,5-18-54-13-14-5 = 0.333,5-25-9-46-47-8 = 0.333,5-25-9-46-14-5 = 0.333,5-34-58-10-49-19-8 = 0.333,4-17-57-4 = 1.0,4-45-20-44-43-4 = 0.333,5-25-9-58-49-19-8 = 0.333,4-44-58-10-49-19-8 = 0.333,4-41-50-16-5 = 1.0,4-12-47-11-8 = 0.333,4-45-20-11-8 = 0.333,4-45-20-22-4 = 0.333,8-27-53-8 = 1.0,,,,,,,,,,,,,,,,,,,,,
574,571,733.722,4.909,0.292,-0.091,575,576,4-22-4 = 0.636,5-42-5 = 1.0,7-48-24-30-7 = 1.0,8-40-28-15-4 = 1.0,7-52-29-37-7 = 1.0,7-31-21-26-36-7 = 1.0,8-33-23-39-8 = 1.0,8-12-10-58-5 = 0.091,8-12-47-11-8 = 0.818,8-45-20-11-8 = 0.091,5-18-54-34-13-5 = 0.455,5-35-38-5 = 1.0,5-25-51-43-4 = 0.091,5-56-55-32-5 = 1.0,5-18-54-13-14-5 = 0.545,5-25-9-46-47-4 = 0.182,5-25-9-51-44-4 = 0.273,5-25-9-46-14-5 = 0.455,5-34-58-10-49-19-8 = 0.545,4-17-57-4 = 1.0,4-20-51-43-4 = 0.182,4-45-20-44-43-4 = 0.273,4-51-46-43-4 = 0.364,4-45-44-51-43-4 = 0.091,4-44-58-10-49-19-8 = 0.364,4-41-50-16-5 = 1.0,4-45-20-11-8 = 0.091,4-45-20-22-4 = 0.364,4-45-12-9-49-19-8 = 0.091,8-27-53-8 = 1.0,,,,,,,,,,,,,,,,,,,,
575,574,735.886,0,2.165,0,Prune by CG,,4-22-4 = 1.0,5-42-5 = 0.778,7-48-24-30-7 = 1.0,8-40-28-15-4 = 1.0,7-52-29-37-7 = 1.0,7-31-21-26-36-7 = 1.0,8-33-23-39-8 = 1.0,8-12-10-58-5 = 0.111,8-12-44-43-4 = 0.111,8-12-47-11-8 = 0.333,8-45-20-11-8 = 0.444,5-35-56-38-5 = 0.556,5-18-54-34-13-5 = 0.778,5-32-55-14-5 = 0.667,5-35-38-5 = 0.333,5-25-51-43-4 = 0.333,5-56-55-32-5 = 0.333,5-18-54-13-14-5 = 0.222,5-25-9-46-47-4 = 0.556,5-25-9-51-44-4 = 0.111,5-34-58-10-46-4 = 0.222,4-17-57-4 = 1.0,4-20-12-47-4 = 0.111,4-20-51-43-4 = 0.222,4-51-46-43-4 = 0.222,4-44-58-10-49-19-8 = 0.667,4-41-50-16-5 = 1.0,4-45-20-11-8 = 0.222,5-42-38-5 = 0.111,5-35-56-42-5 = 0.111,4-45-12-9-49-19-8 = 0.333,8-27-53-8 = 1.0,4-44-51-43-14-5 = 0.111,,,,,,,,,,,,,,,,,
570,567,732.177,7.75,0,0.25,577,578,4-22-4 = 0.563,8-39-8 = 0.125,5-42-5 = 1.0,7-48-24-30-7 = 1.0,7-52-29-37-7 = 1.0,7-31-21-26-36-7 = 1.0,8-33-23-39-8 = 0.625,8-33-39-8 = 0.25,8-45-20-28-4 = 0.125,8-33-40-11-8 = 0.125,8-12-44-28-4 = 0.125,8-12-47-11-8 = 0.875,8-10-51-43-4 = 0.25,8-40-44-51-43-4 = 0.5,8-45-20-40-23-8 = 0.375,5-18-54-34-13-5 = 0.375,5-35-38-5 = 1.0,5-56-55-32-5 = 1.0,5-18-54-13-14-5 = 0.375,5-54-34-13-14-5 = 0.25,5-25-9-46-47-4 = 0.125,5-18-25-9-49-19-8 = 0.25,5-25-9-46-14-5 = 0.375,5-25-9-58-46-4 = 0.25,5-34-58-10-49-19-8 = 0.375,4-15-57-4 = 0.438,4-22-57-4 = 0.125,4-17-57-4 = 0.437,4-17-15-28-4 = 0.562,4-45-20-28-4 = 0.187,4-51-46-43-4 = 0.25,4-44-58-10-49-19-8 = 0.375,4-41-50-16-5 = 1.0,4-45-20-22-4 = 0.312,8-27-53-8 = 1.0,,,,,,,,,,,,,,,
577,570,732.421,6.625,0.244,-1.125,579,580,4-22-4 = 0.646,8-39-8 = 0.125,5-42-5 = 1.0,7-48-24-30-7 = 1.0,7-52-29-37-7 = 1.0,8-12-46-13-5 = 0.083,7-31-21-26-36-7 = 1.0,8-33-23-39-8 = 0.875,8-33-40-11-8 = 0.125,8-12-44-15-4 = 0.042,8-12-47-11-8 = 0.792,8-10-51-43-4 = 0.167,8-40-44-51-43-4 = 0.75,8-51-46-43-4 = 0.083,5-18-54-34-13-5 = 0.458,5-35-38-5 = 1.0,5-25-58-10-49-8 = 0.083,5-54-9-58-49-19-8 = 0.083,5-56-55-32-5 = 1.0,5-18-54-13-14-5 = 0.458,5-25-9-46-47-4 = 0.208,5-18-25-9-49-19-8 = 0.083,5-25-9-46-14-5 = 0.542,5-25-9-58-46-4 = 0.083,5-34-58-10-49-19-8 = 0.542,4-15-57-4 = 0.479,4-17-57-4 = 0.521,4-17-15-28-4 = 0.479,4-45-20-28-4 = 0.521,4-44-58-10-49-19-8 = 0.208,4-45-20-40-23-8 = 0.125,4-41-50-16-5 = 1.0,4-45-20-22-4 = 0.354,8-27-53-8 = 1.0,8-12-19-11-8 = 0.083,,,,,,,,,,,,,,,
578,570,732.324,7.077,0.148,-0.673,581,582,4-22-4 = 0.615,5-42-5 = 1.0,7-48-24-30-7 = 1.0,7-52-29-37-7 = 1.0,7-31-21-26-36-7 = 1.0,8-33-23-39-8 = 0.385,8-33-39-8 = 0.615,8-45-20-28-4 = 0.231,8-12-44-28-4 = 0.077,8-12-47-11-8 = 0.923,8-10-51-43-4 = 0.231,8-40-44-51-43-4 = 0.385,8-45-20-11-8 = 0.077,8-45-20-44-43-4 = 0.077,8-45-20-40-23-8 = 0.615,5-18-54-34-13-5 = 0.385,5-35-38-5 = 1.0,5-56-55-32-5 = 1.0,5-18-54-13-14-5 = 0.385,5-54-34-13-14-5 = 0.231,5-25-9-46-47-4 = 0.077,5-18-25-9-49-19-8 = 0.231,5-25-9-51-44-4 = 0.077,5-25-9-46-14-5 = 0.385,5-25-9-58-46-4 = 0.231,5-34-58-10-49-19-8 = 0.385,4-15-57-4 = 0.308,4-22-57-4 = 0.385,4-17-57-4 = 0.308,4-17-15-28-4 = 0.692,4-51-46-43-4 = 0.308,4-44-58-10-49-19-8 = 0.385,4-41-50-16-5 = 1.0,8-27-53-8 = 1.0,,,,,,,,,,,,,,,,
579,577,732.551,7.1,0.13,0.475,583,584,4-22-4 = 0.65,8-39-8 = 0.1,5-42-5 = 1.0,7-48-24-30-7 = 1.0,7-52-29-37-7 = 1.0,7-31-21-26-36-7 = 1.0,8-33-23-39-8 = 0.85,8-33-40-11-8 = 0.15,8-12-44-15-4 = 0.1,8-40-23-39-8 = 0.05,8-12-47-11-8 = 0.65,8-10-51-43-4 = 0.15,8-40-44-51-43-4 = 0.7,8-51-46-43-4 = 0.15,5-18-54-34-13-5 = 0.5,5-35-38-5 = 1.0,5-25-58-10-49-8 = 0.15,5-56-55-32-5 = 1.0,5-18-54-13-14-5 = 0.5,5-25-9-46-47-4 = 0.35,5-25-9-46-14-5 = 0.5,5-34-58-10-49-19-8 = 0.5,4-15-57-4 = 0.45,4-17-57-4 = 0.55,4-17-15-28-4 = 0.45,4-45-20-28-4 = 0.55,4-44-58-10-49-19-8 = 0.2,4-45-20-40-23-8 = 0.1,4-41-50-16-5 = 1.0,4-12-9-58-49-19-8 = 0.1,4-9-58-49-19-11-8 = 0.05,4-45-20-22-4 = 0.35,8-27-53-8 = 1.0,8-12-19-11-8 = 0.15,,,,,,,,,,,,,,,,
584,579,738.246,0,5.695,0,Prune by CG,,4-22-4 = 0.929,5-42-5 = 1.0,7-48-24-30-7 = 1.0,7-52-29-37-7 = 1.0,7-31-21-26-36-7 = 1.0,8-33-23-39-8 = 0.857,8-33-39-8 = 0.143,8-12-44-15-4 = 0.286,8-12-47-11-8 = 0.143,8-10-51-43-4 = 0.143,8-40-44-51-43-4 = 0.714,8-51-46-43-4 = 0.143,5-35-56-38-5 = 0.714,5-18-54-34-13-5 = 0.857,5-32-55-14-5 = 0.714,5-35-38-5 = 0.286,5-25-58-10-49-8 = 0.714,5-56-55-32-5 = 0.286,5-18-54-13-14-5 = 0.143,5-25-9-46-47-4 = 0.143,5-25-9-46-14-5 = 0.143,5-34-58-10-46-8 = 0.143,4-15-57-4 = 0.357,4-17-57-4 = 0.643,4-17-15-28-4 = 0.357,4-45-20-28-4 = 0.643,4-41-50-16-5 = 1.0,4-45-20-22-4 = 0.071,4-45-12-9-49-19-8 = 0.143,4-45-9-49-19-11-8 = 0.143,8-27-53-8 = 1.0,8-40-47-19-11-8 = 0.286,8-12-19-11-8 = 0.429,4-20-9-46-47-4 = 0.286,4-9-58-46-47-23-8 = 0.143,,,,,,,,,,,,,,,
583,579,732.572,7.25,0.021,0.15,585,586,4-22-4 = 0.625,5-42-5 = 1.0,7-48-24-30-7 = 1.0,7-52-29-37-7 = 1.0,7-31-21-26-36-7 = 1.0,8-33-23-39-8 = 0.75,8-33-40-11-8 = 0.25,8-12-44-15-4 = 0.25,8-40-23-39-8 = 0.25,8-12-47-11-8 = 0.75,8-10-51-43-4 = 0.25,8-40-44-51-43-4 = 0.5,5-18-54-34-13-5 = 0.5,5-35-38-5 = 1.0,5-56-55-32-5 = 1.0,5-18-54-13-14-5 = 0.5,5-25-9-46-47-4 = 0.25,5-25-9-46-14-5 = 0.5,5-34-58-10-49-19-8 = 0.5,4-15-57-4 = 0.375,4-17-57-4 = 0.625,4-17-15-28-4 = 0.375,4-45-20-28-4 = 0.625,4-51-46-43-4 = 0.25,5-25-9-58-49-19-8 = 0.25,4-44-58-10-49-19-8 = 0.25,4-41-50-16-5 = 1.0,4-45-20-22-4 = 0.375,8-27-53-8 = 1.0,,,,,,,,,,,,,,,,,,,,,
560,558,730.383,10.333,0.006,1.333,587,588,4-22-4 = 0.667,5-42-5 = 1.0,7-31-52-29-19-8 = 0.5,7-48-24-30-7 = 1.0,7-21-26-36-7 = 0.5,7-52-29-37-7 = 0.5,7-31-21-26-36-7 = 0.5,8-33-23-39-8 = 0.417,8-33-39-8 = 0.583,8-12-47-11-8 = 0.667,8-40-44-51-43-4 = 0.417,8-10-49-19-37-7 = 0.5,5-35-56-38-5 = 0.667,5-18-54-34-13-5 = 0.833,5-32-55-14-5 = 0.667,5-35-38-5 = 0.333,5-56-55-32-5 = 0.333,5-18-54-13-14-5 = 0.167,5-25-9-51-44-4 = 0.5,5-25-9-58-46-4 = 0.25,5-25-9-58-43-4 = 0.25,5-34-58-46-43-4 = 0.167,8-49-10-58-46-4 = 0.333,4-15-57-4 = 0.333,4-22-57-4 = 0.333,4-17-57-4 = 0.333,4-17-15-28-4 = 0.667,4-45-20-28-4 = 0.333,4-45-20-44-43-4 = 0.083,4-51-46-43-4 = 0.083,4-45-20-40-23-8 = 0.583,4-41-50-16-5 = 1.0,4-12-47-11-8 = 0.333,8-49-10-46-14-5 = 0.167,8-27-53-8 = 1.0,,,,,,,,,,,,,,,
588,560,730.529,9,0.145,-1.333,589,590,4-22-4 = 0.5,5-42-5 = 1.0,7-31-52-29-19-8 = 0.5,7-48-24-30-7 = 1.0,7-21-26-36-7 = 0.5,7-52-29-37-7 = 0.5,7-31-21-26-36-7 = 0.5,8-33-23-39-8 = 0.25,8-33-39-8 = 0.75,8-12-47-11-8 = 1.0,8-40-44-51-43-4 = 0.25,8-10-49-19-37-7 = 0.5,5-35-56-38-5 = 0.25,5-18-54-34-13-5 = 0.75,5-32-55-14-5 = 0.25,5-35-38-5 = 0.75,5-56-55-32-5 = 0.75,5-18-54-13-14-5 = 0.25,5-25-9-51-44-4 = 0.5,5-25-9-58-46-4 = 0.25,5-25-9-58-43-4 = 0.25,5-34-58-46-43-4 = 0.25,5-58-51-44-43-4 = 0.25,4-15-57-4 = 0.25,4-22-57-4 = 0.5,4-17-57-4 = 0.25,4-17-15-28-4 = 0.75,4-45-20-28-4 = 0.25,4-45-20-40-23-8 = 0.75,4-41-50-16-5 = 1.0,8-49-10-46-14-5 = 0.5,8-27-53-8 = 1.0,,,,,,,,,,,,,,,,,,
590,588,730.577,8.455,0.048,-0.545,591,592,4-22-4 = 0.818,5-42-5 = 1.0,7-31-52-29-19-8 = 0.5,7-48-24-30-7 = 1.0,7-21-26-36-7 = 0.5,7-52-29-37-7 = 0.5,7-31-21-26-36-7 = 0.5,8-33-23-39-8 = 0.591,8-33-39-8 = 0.409,8-12-47-11-8 = 0.273,8-12-9-58-43-4 = 0.136,8-40-44-51-43-4 = 0.591,8-10-49-19-37-7 = 0.5,8-45-20-44-43-4 = 0.045,5-35-56-38-5 = 1.0,5-18-54-34-13-5 = 1.0,5-32-55-14-5 = 1.0,5-25-51-43-4 = 0.136,5-25-9-51-44-4 = 0.273,5-25-9-58-46-4 = 0.591,8-49-10-46-47-8 = 0.136,8-49-10-58-46-4 = 0.273,8-49-10-44-43-4 = 0.091,4-15-57-4 = 0.409,4-22-57-4 = 0.182,4-17-57-4 = 0.409,4-17-15-28-4 = 0.591,4-45-20-28-4 = 0.409,4-45-20-40-23-8 = 0.409,4-41-50-16-5 = 1.0,4-12-47-11-8 = 0.591,4-45-20-11-8 = 0.136,8-27-53-8 = 1.0,,,,,,,,,,,,,,,,,
591,590,736.368,0,5.791,0,Prune by CG,,4-22-4 = 0.75,5-42-5 = 1.0,7-31-52-29-19-8 = 0.5,7-48-24-30-7 = 1.0,7-21-26-36-7 = 0.5,8-53-27-40-23-8 = 0.536,7-52-29-37-7 = 0.5,7-31-21-26-36-7 = 0.5,8-33-23-39-8 = 0.464,8-33-39-8 = 0.536,8-12-9-10-49-8 = 0.036,8-10-49-19-37-7 = 0.5,8-45-20-44-43-4 = 0.536,8-45-44-51-43-4 = 0.464,5-35-56-38-5 = 0.643,5-18-54-34-13-5 = 0.643,5-32-55-14-5 = 0.643,5-35-38-5 = 0.357,5-25-58-51-47-8 = 0.107,5-56-55-32-5 = 0.357,5-18-25-9-51-4 = 0.357,5-54-34-13-14-5 = 0.357,5-25-9-58-46-4 = 0.536,8-49-10-46-47-8 = 0.179,8-49-10-58-46-4 = 0.286,4-28-15-4 = 0.75,4-22-57-4 = 0.25,4-17-57-4 = 0.75,4-17-15-28-4 = 0.25,4-12-9-58-51-4 = 0.071,4-20-40-11-8 = 0.286,4-41-50-16-5 = 1.0,4-12-47-11-8 = 0.714,4-20-12-40-8 = 0.179,8-27-53-8 = 0.464,,,,,,,,,,,,,,,
592,590,730.582,8.75,0.005,0.295,593,594,4-22-4 = 1.0,5-42-5 = 0.75,7-31-52-29-19-8 = 0.5,7-48-24-30-7 = 1.0,7-21-26-36-7 = 0.5,7-52-29-37-7 = 0.5,7-31-21-26-36-7 = 0.5,8-33-23-39-8 = 0.625,8-33-39-8 = 0.375,8-12-47-11-8 = 0.25,8-12-9-58-43-4 = 0.125,8-40-44-51-43-4 = 0.625,8-10-49-19-37-7 = 0.5,5-35-56-38-5 = 0.875,5-18-54-34-13-5 = 1.0,5-32-55-14-5 = 1.0,5-25-51-43-4 = 0.125,5-25-9-51-44-4 = 0.25,5-25-9-58-46-4 = 0.625,8-49-10-46-47-8 = 0.125,8-49-10-58-46-4 = 0.25,8-49-10-44-43-4 = 0.125,4-15-57-4 = 0.5,4-17-57-4 = 0.5,4-17-15-28-4 = 0.5,4-45-20-28-4 = 0.5,4-45-20-40-23-8 = 0.375,4-41-50-16-5 = 1.0,4-12-47-11-8 = 0.625,4-45-20-11-8 = 0.125,5-42-38-5 = 0.125,5-35-56-42-5 = 0.125,8-27-53-8 = 1.0,,,,,,,,,,,,,,,,,
594,592,731.719,5.4,1.137,-3.35,595,596,4-22-4 = 0.2,5-42-5 = 1.0,7-31-52-29-19-8 = 0.2,7-48-24-30-7 = 1.0,7-21-26-36-7 = 0.8,7-52-29-37-7 = 0.2,7-31-21-26-36-7 = 0.2,8-33-39-8 = 1.0,8-12-47-11-8 = 1.0,8-10-49-19-37-7 = 0.6,7-31-52-29-14-5 = 0.6,5-18-54-34-13-5 = 0.6,5-35-38-5 = 1.0,5-25-51-43-4 = 0.2,5-56-55-32-5 = 1.0,5-18-54-13-14-5 = 0.4,5-25-9-51-44-4 = 0.6,5-25-9-44-43-4 = 0.2,5-34-58-46-43-4 = 0.4,5-58-51-44-43-4 = 0.2,8-49-10-58-46-4 = 0.4,4-28-15-4 = 0.2,4-22-57-4 = 0.8,4-17-57-4 = 0.2,4-17-15-28-4 = 0.8,8-9-46-19-37-7 = 0.2,4-45-20-40-23-8 = 1.0,4-41-50-16-5 = 1.0,8-27-53-8 = 1.0,,,,,,,,,,,,,,,,,,,,,
596,594,732.742,4.22,1.024,-1.18,597,598,4-22-4 = 0.237,8-39-8 = 0.042,5-42-5 = 1.0,7-31-52-29-19-8 = 0.076,7-48-24-30-7 = 1.0,7-31-52-54-5 = 0.068,7-21-26-36-7 = 1.0,8-33-23-39-8 = 0.042,8-33-39-8 = 0.915,8-33-40-11-8 = 0.042,8-12-44-28-4 = 0.119,8-12-47-11-8 = 0.881,8-10-49-19-37-7 = 0.915,7-31-52-29-14-5 = 0.856,5-18-54-34-13-5 = 0.72,5-35-38-5 = 1.0,5-25-51-43-4 = 0.144,5-56-55-32-5 = 1.0,5-18-54-13-14-5 = 0.144,5-25-9-46-47-4 = 0.017,5-25-9-46-47-8 = 0.017,5-25-9-51-44-4 = 0.407,5-25-9-58-46-4 = 0.415,5-34-13-46-43-4 = 0.136,5-34-58-46-43-4 = 0.144,5-58-51-44-43-4 = 0.441,8-49-10-46-47-4 = 0.085,4-15-57-4 = 0.119,4-22-57-4 = 0.763,4-17-57-4 = 0.119,4-17-15-28-4 = 0.881,5-18-9-46-43-4 = 0.136,8-9-46-19-37-7 = 0.008,5-54-29-37-7 = 0.068,4-45-20-40-23-8 = 0.958,4-41-50-16-5 = 1.0,4-45-20-11-8 = 0.042,4-44-46-11-8 = 0.034,8-27-53-8 = 1.0,4-51-46-37-7 = 0.008,,,,,,,,,,
598,596,733.411,6.134,0.669,1.913,599,600,4-22-4 = 0.368,8-39-8 = 0.022,5-42-5 = 1.0,7-31-52-29-19-8 = 0.106,7-48-37-7 = 0.047,7-21-52-29-5 = 0.49,7-30-24-26-36-7 = 0.279,7-48-21-26-7 = 0.019,7-48-24-30-7 = 0.721,7-31-52-54-5 = 0.089,7-48-26-36-7 = 0.212,7-31-21-26-36-7 = 0.49,8-33-23-39-8 = 0.022,8-33-39-8 = 0.955,8-33-40-11-8 = 0.022,8-12-44-28-4 = 0.022,8-12-47-11-8 = 0.978,8-10-49-19-37-7 = 0.833,7-31-52-29-14-5 = 0.315,5-35-56-36-7 = 0.019,5-18-54-34-13-5 = 0.226,5-38-50-16-5 = 0.01,5-38-41-57-4 = 0.01,5-35-38-5 = 0.981,5-25-51-43-4 = 0.033,5-56-55-32-5 = 0.981,5-18-54-13-14-5 = 0.685,5-18-55-32-5 = 0.019,5-18-25-58-29-7 = 0.028,5-18-58-51-43-4 = 0.042,5-25-9-51-44-4 = 0.827,5-25-9-44-43-4 = 0.111,5-34-13-46-43-4 = 0.089,5-34-58-46-43-4 = 0.685,5-58-51-44-43-4 = 0.039,8-49-10-46-47-4 = 0.022,8-49-10-58-46-4 = 0.145,4-28-15-4 = 0.269,4-15-57-4 = 0.045,4-22-57-4 = 0.632,4-17-57-4 = 0.313,4-17-15-28-4 = 0.687,4-45-20-28-4 = 0.022,4-45-20-40-23-8 = 0.978,4-41-50-16-5 = 0.99,8-27-53-8 = 1.0,8-9-58-29-19-37-7 = 0.061,4-51-46-37-7 = 0.058,,
589,588,731.966,8,1.437,-1,601,602,4-22-4 = 0.375,5-42-5 = 1.0,7-31-52-29-19-8 = 0.5,7-48-24-30-7 = 1.0,7-21-26-36-7 = 0.5,7-52-29-37-7 = 0.5,7-31-21-26-36-7 = 0.5,8-33-23-39-8 = 0.25,8-33-39-8 = 0.75,8-12-47-11-8 = 1.0,8-40-44-51-43-4 = 0.25,8-10-49-19-37-7 = 0.5,5-41-50-16-5 = 0.375,5-18-54-34-13-5 = 1.0,5-35-38-5 = 1.0,5-56-55-32-5 = 1.0,5-25-9-51-44-4 = 0.125,5-25-9-46-14-5 = 0.5,5-25-9-58-15-4 = 0.25,5-25-9-58-43-4 = 0.125,5-58-51-44-43-4 = 0.625,4-28-15-4 = 0.125,4-22-57-4 = 0.625,4-17-57-4 = 0.375,4-17-15-28-4 = 0.625,4-45-20-28-4 = 0.25,4-45-20-40-23-8 = 0.75,4-41-50-16-5 = 0.625,8-49-10-46-14-5 = 0.5,8-27-53-8 = 1.0,,,,,,,,,,,,,,,,,,,,
601,589,735.061,0,3.095,0,Prune by CG,,4-22-4 = 0.5,5-42-5 = 1.0,7-31-52-29-19-8 = 0.5,7-48-24-30-7 = 1.0,7-21-26-36-7 = 0.5,7-52-29-37-7 = 0.5,7-31-21-26-36-7 = 0.5,8-33-23-39-8 = 0.5,8-33-39-8 = 0.5,8-12-47-11-8 = 0.5,8-40-44-51-43-4 = 0.5,5-41-50-16-5 = 1.0,5-18-54-34-13-5 = 1.0,5-35-38-5 = 1.0,5-56-55-32-5 = 1.0,5-25-9-58-15-4 = 0.5,5-25-9-58-43-4 = 0.5,4-22-57-4 = 0.5,4-17-57-4 = 0.5,4-17-15-28-4 = 0.5,4-45-20-28-4 = 0.5,4-45-20-40-23-8 = 0.5,4-12-47-11-8 = 0.5,8-49-10-46-14-5 = 1.0,8-27-53-8 = 1.0,4-44-51-19-37-7 = 0.5,,,,,,,,,,,,,,,,,,,,,,,,
602,589,732.03,7.167,0.065,-0.833,603,604,4-22-4 = 0.417,5-42-5 = 1.0,7-31-52-29-19-8 = 0.5,7-48-24-30-7 = 1.0,7-21-26-36-7 = 0.5,8-40-28-15-4 = 0.083,7-52-29-37-7 = 0.5,7-31-21-26-36-7 = 0.5,8-33-23-39-8 = 0.25,8-33-39-8 = 0.75,8-12-47-11-8 = 1.0,8-40-44-51-43-4 = 0.167,8-10-49-19-37-7 = 0.5,5-41-50-16-5 = 0.333,5-18-54-34-13-5 = 1.0,5-35-38-5 = 1.0,5-56-55-32-5 = 1.0,5-25-9-51-44-4 = 0.167,5-25-9-46-14-5 = 0.833,5-58-51-44-43-4 = 0.667,8-49-10-58-43-4 = 0.167,8-49-10-58-15-4 = 0.167,4-15-57-4 = 0.083,4-22-57-4 = 0.583,4-17-57-4 = 0.333,4-17-15-28-4 = 0.667,4-45-20-28-4 = 0.25,4-45-20-40-23-8 = 0.75,4-41-50-16-5 = 0.667,8-49-10-46-14-5 = 0.167,8-27-53-8 = 1.0,,,,,,,,,,,,,,,,,,,
604,602,732.395,7.5,0.365,0.333,605,606,4-22-4 = 0.5,5-42-5 = 1.0,7-31-52-29-19-8 = 0.5,7-48-24-30-7 = 1.0,7-21-26-36-7 = 0.5,8-53-27-40-23-8 = 0.25,7-52-29-37-7 = 0.5,7-31-21-26-36-7 = 0.5,8-33-39-8 = 1.0,8-12-47-11-8 = 1.0,8-10-49-19-37-7 = 0.5,8-45-20-40-23-8 = 0.25,5-41-50-16-5 = 0.25,5-18-54-34-13-5 = 1.0,5-35-38-5 = 1.0,5-56-55-32-5 = 1.0,5-25-9-51-44-4 = 0.25,5-25-9-46-14-5 = 0.75,5-58-51-44-43-4 = 0.75,8-49-10-58-43-4 = 0.25,4-15-57-4 = 0.25,4-22-57-4 = 0.5,4-17-57-4 = 0.25,4-17-15-28-4 = 0.75,4-45-20-28-4 = 0.25,4-45-20-40-23-8 = 0.5,4-41-50-16-5 = 0.75,8-49-10-46-14-5 = 0.25,8-27-53-8 = 0.75,,,,,,,,,,,,,,,,,,,,,
605,604,732.511,6.5,0.115,-1,607,608,4-22-4 = 0.25,5-42-5 = 1.0,7-31-52-29-19-8 = 0.5,7-48-24-30-7 = 1.0,7-21-26-36-7 = 0.5,7-52-29-37-7 = 0.5,7-31-21-26-36-7 = 0.5,8-33-39-8 = 1.0,8-12-47-11-8 = 1.0,8-10-49-19-37-7 = 0.5,8-45-20-40-23-8 = 0.5,5-41-50-16-5 = 0.25,5-18-54-34-13-5 = 1.0,5-35-38-5 = 1.0,5-56-55-32-5 = 1.0,5-25-9-51-44-4 = 0.25,5-25-9-46-14-5 = 0.75,5-58-51-44-43-4 = 0.75,8-49-10-58-43-4 = 0.25,4-28-15-4 = 0.25,4-22-57-4 = 0.75,4-17-57-4 = 0.25,4-17-15-28-4 = 0.75,4-45-20-40-23-8 = 0.5,4-41-50-16-5 = 0.75,8-49-10-46-14-5 = 0.25,8-27-53-8 = 1.0,,,,,,,,,,,,,,,,,,,,,,,
607,605,736.149,0,3.638,0,Prune by CG,,4-22-4 = 0.486,5-42-5 = 0.964,7-31-52-29-19-8 = 0.5,7-31-52-37-7 = 0.027,7-30-24-26-36-7 = 0.014,7-48-21-26-7 = 0.014,7-48-24-30-7 = 0.986,7-21-26-36-7 = 0.527,7-52-29-37-7 = 0.473,7-31-21-26-36-7 = 0.445,8-33-23-39-8 = 0.227,8-33-39-8 = 0.773,8-12-44-28-4 = 0.227,8-12-47-11-8 = 0.773,8-40-44-51-43-4 = 0.227,7-31-29-19-37-7 = 0.027,5-41-50-16-5 = 0.845,5-35-56-21-7 = 0.014,5-35-56-36-7 = 0.014,5-18-54-34-13-5 = 1.0,5-32-55-14-5 = 0.064,5-38-50-16-5 = 0.032,5-38-41-57-4 = 0.032,5-35-38-5 = 0.936,5-56-55-32-5 = 0.936,5-25-9-51-44-4 = 0.064,5-25-9-46-14-5 = 0.936,8-49-10-58-51-4 = 0.282,8-49-10-58-43-4 = 0.6,4-15-57-4 = 0.227,4-22-57-4 = 0.514,4-17-57-4 = 0.227,4-17-15-28-4 = 0.773,8-49-10-58-44-47-4 = 0.055,5-58-10-47-43-4 = 0.064,4-45-20-40-23-8 = 0.773,4-41-50-16-5 = 0.123,4-45-20-11-8 = 0.227,5-35-56-42-5 = 0.036,8-27-53-8 = 1.0,4-44-51-19-37-7 = 0.427,8-47-43-19-37-7 = 0.045,8-49-46-47-43-5 = 0.064,,,,,,,
608,605,732.729,6.6,0.218,0.1,609,610,4-22-4 = 0.4,5-42-5 = 1.0,7-31-52-29-19-8 = 0.4,7-48-24-30-7 = 1.0,7-21-26-36-7 = 0.4,7-52-29-37-7 = 0.6,7-31-21-26-36-7 = 0.6,8-33-39-8 = 1.0,8-12-44-28-4 = 0.2,8-12-47-11-8 = 0.8,8-10-49-19-37-7 = 0.4,8-45-20-40-23-8 = 0.4,5-41-50-16-5 = 0.2,5-18-54-34-13-5 = 1.0,5-35-38-5 = 1.0,5-25-51-43-4 = 0.2,5-56-55-32-5 = 1.0,5-25-9-10-47-4 = 0.2,5-25-9-46-14-5 = 0.6,5-58-51-44-43-4 = 0.8,4-15-57-4 = 0.2,4-22-57-4 = 0.6,4-17-57-4 = 0.2,4-17-15-28-4 = 0.8,4-45-20-40-23-8 = 0.6,4-41-50-16-5 = 0.8,8-9-58-49-19-11-8 = 0.2,8-49-10-46-14-5 = 0.4,8-27-53-8 = 1.0,,,,,,,,,,,,,,,,,,,,,
610,608,737.815,0,5.087,0,Prune by CG,,4-22-4 = 1.0,5-42-5 = 0.564,7-31-52-29-19-8 = 0.373,7-31-52-37-7 = 0.373,7-48-24-30-7 = 1.0,7-31-52-54-5 = 0.1,7-21-26-36-7 = 0.845,7-52-29-37-7 = 0.155,7-31-21-26-36-7 = 0.155,8-33-23-39-8 = 0.336,8-33-39-8 = 0.655,8-33-40-11-8 = 0.009,8-53-39-8 = 0.009,8-12-44-28-4 = 0.391,8-12-47-11-8 = 0.555,8-40-44-51-43-4 = 0.136,8-12-9-58-49-19-8 = 0.055,8-40-49-46-43-5 = 0.091,5-18-54-34-13-5 = 0.873,5-32-55-14-5 = 0.336,5-38-50-16-5 = 0.218,5-38-41-57-4 = 0.218,5-35-38-5 = 0.564,5-25-51-43-4 = 0.3,5-56-55-32-5 = 0.564,5-18-54-13-14-5 = 0.027,5-25-9-10-47-4 = 0.445,5-18-55-32-5 = 0.1,5-25-9-46-14-5 = 0.255,5-58-51-44-43-4 = 0.291,8-49-58-51-43-4 = 0.182,4-15-57-4 = 0.391,4-17-57-4 = 0.391,4-17-15-28-4 = 0.609,8-40-49-19-11-8 = 0.1,4-45-20-40-23-8 = 0.664,4-41-50-16-5 = 0.782,4-45-20-11-8 = 0.336,5-35-56-42-5 = 0.436,8-27-53-8 = 0.991,5-9-10-46-14-5 = 0.245,8-27-49-46-13-14-5 = 0.009,4-44-10-46-5 = 0.182,8-49-51-46-13-5 = 0.091,5-34-10-46-14-5 = 0.127,8-49-58-29-19-37-7 = 0.473,,,,
597,596,733.457,6.058,0.715,1.837,611,612,4-22-4 = 0.327,8-39-8 = 0.163,5-42-5 = 0.904,7-31-52-29-19-8 = 0.058,7-48-24-30-7 = 1.0,7-31-52-54-5 = 0.058,7-21-26-36-7 = 1.0,8-33-23-39-8 = 0.163,8-33-39-8 = 0.673,8-33-40-11-8 = 0.163,8-12-44-15-4 = 0.125,8-12-44-28-4 = 0.202,8-12-47-11-8 = 0.673,8-10-49-19-37-7 = 0.865,7-31-52-29-14-5 = 0.885,5-18-54-34-13-5 = 0.865,5-32-55-14-5 = 0.096,5-38-50-16-5 = 0.048,5-38-41-57-4 = 0.048,5-35-38-5 = 0.904,5-25-51-43-4 = 0.212,5-56-55-32-5 = 0.904,5-54-34-13-14-5 = 0.019,5-25-9-46-47-8 = 0.327,5-25-9-58-46-4 = 0.462,5-34-13-51-43-4 = 0.115,5-58-51-44-43-4 = 0.538,8-49-10-51-44-4 = 0.135,4-15-57-4 = 0.077,4-22-57-4 = 0.673,4-17-57-4 = 0.202,4-17-15-28-4 = 0.798,5-18-9-46-43-4 = 0.135,8-9-46-19-37-7 = 0.058,5-54-29-37-7 = 0.058,4-45-20-40-23-8 = 0.837,4-41-50-16-5 = 0.952,4-45-20-11-8 = 0.163,4-9-46-19-37-7 = 0.019,5-35-56-42-5 = 0.096,8-27-53-8 = 1.0,,,,,,,,,
611,597,737.885,0,4.428,0,Prune by CG,,4-22-4 = 0.567,8-39-8 = 0.056,5-42-5 = 1.0,7-31-52-29-19-8 = 0.333,7-48-37-7 = 0.333,7-30-24-26-36-7 = 0.333,7-48-24-30-7 = 0.667,7-21-26-36-7 = 0.667,8-53-27-8 = 0.8,8-33-23-39-8 = 0.256,8-33-39-8 = 0.489,8-33-40-11-8 = 0.256,8-53-39-8 = 0.2,8-12-47-11-8 = 0.422,8-25-9-46-47-8 = 0.378,8-10-49-19-37-7 = 0.667,7-31-52-29-14-5 = 0.667,5-35-56-21-7 = 0.333,5-18-54-34-13-5 = 1.0,5-32-55-14-5 = 0.333,5-38-50-16-5 = 0.167,5-38-41-57-4 = 0.167,5-35-38-5 = 0.667,5-25-51-43-4 = 0.6,5-56-55-32-5 = 0.667,5-58-51-44-43-4 = 0.378,8-49-10-51-44-4 = 0.022,8-12-9-49-46-4 = 0.111,4-22-57-4 = 0.433,4-17-57-4 = 0.4,4-17-15-28-4 = 0.6,5-25-58-47-43-4 = 0.022,4-12-44-28-4 = 0.4,8-27-49-10-58-44-4 = 0.2,4-45-20-40-23-8 = 0.744,4-41-50-16-5 = 0.833,4-12-47-11-8 = 0.067,4-45-20-11-8 = 0.256,8-9-10-46-47-8 = 0.111,8-9-58-46-15-4 = 0.4,,,,,,,,,,
612,597,733.457,6.058,0,0,613,614,4-22-4 = 0.327,8-39-8 = 0.163,5-42-5 = 0.904,7-31-52-29-19-8 = 0.058,7-48-24-30-7 = 1.0,7-31-52-54-5 = 0.058,7-21-26-36-7 = 1.0,8-53-27-8 = 1.0,8-33-23-39-8 = 0.163,8-33-39-8 = 0.673,8-33-40-11-8 = 0.163,8-12-44-15-4 = 0.125,8-12-44-28-4 = 0.202,8-12-47-11-8 = 0.673,8-10-49-19-37-7 = 0.865,7-31-52-29-14-5 = 0.885,5-18-54-34-13-5 = 0.865,5-32-55-14-5 = 0.096,5-38-50-16-5 = 0.048,5-38-41-57-4 = 0.048,5-35-38-5 = 0.904,5-25-51-43-4 = 0.212,5-56-55-32-5 = 0.904,5-54-34-13-14-5 = 0.019,5-25-9-46-47-4 = 0.058,5-25-9-46-47-8 = 0.269,5-25-9-58-46-4 = 0.462,5-34-13-51-43-4 = 0.115,5-58-51-44-43-4 = 0.538,8-49-10-51-44-4 = 0.135,4-15-57-4 = 0.077,4-22-57-4 = 0.673,4-17-57-4 = 0.202,4-17-15-28-4 = 0.798,5-18-9-46-43-4 = 0.135,5-54-29-37-7 = 0.058,4-45-20-40-23-8 = 0.837,4-41-50-16-5 = 0.952,4-45-20-11-8 = 0.163,4-9-46-19-37-7 = 0.077,5-35-56-42-5 = 0.096,,,,,,,,,
613,612,735.685,0,2.228,0,Prune by CG,,4-22-4 = 0.6,8-39-8 = 0.3,5-42-5 = 0.8,7-48-24-30-7 = 1.0,7-31-52-54-5 = 0.2,7-21-26-36-7 = 1.0,8-53-27-8 = 0.8,8-33-23-39-8 = 0.5,8-33-40-11-8 = 0.5,8-53-39-8 = 0.2,8-12-44-15-4 = 0.1,8-12-44-28-4 = 0.5,8-12-47-11-8 = 0.4,8-10-49-19-37-7 = 0.8,7-31-52-29-14-5 = 0.8,5-18-54-34-13-5 = 0.8,5-32-55-14-5 = 0.2,5-38-50-16-5 = 0.1,5-38-41-57-4 = 0.1,5-35-38-5 = 0.8,5-25-51-43-4 = 0.2,5-56-55-32-5 = 0.8,5-25-9-46-47-8 = 0.6,5-18-58-51-43-4 = 0.2,5-25-9-58-46-8 = 0.2,5-34-13-51-43-4 = 0.2,5-58-51-44-43-4 = 0.4,4-15-57-4 = 0.4,4-17-57-4 = 0.5,4-17-15-28-4 = 0.5,4-45-20-40-23-8 = 0.5,4-41-50-16-5 = 0.9,4-45-20-11-8 = 0.1,4-9-58-10-46-8 = 0.2,4-45-20-22-4 = 0.4,5-35-56-42-5 = 0.2,8-27-49-29-19-37-7 = 0.2,,,,,,,,,,,,,
614,612,733.569,5.545,0.112,-0.513,615,616,4-22-4 = 0.208,8-39-8 = 0.153,5-42-5 = 1.0,7-31-52-29-19-8 = 0.089,7-48-37-7 = 0.05,7-30-24-26-36-7 = 0.05,7-48-24-30-7 = 0.95,7-31-52-54-5 = 0.04,7-21-26-36-7 = 0.95,8-53-27-8 = 1.0,8-33-23-39-8 = 0.153,8-33-39-8 = 0.693,8-33-40-11-8 = 0.153,8-12-44-15-4 = 0.089,8-12-47-11-8 = 0.693,8-10-49-19-37-7 = 0.842,7-31-52-29-14-5 = 0.871,5-35-56-21-7 = 0.05,5-18-54-34-13-5 = 0.842,5-32-55-14-5 = 0.05,5-38-50-16-5 = 0.025,5-38-41-57-4 = 0.025,5-35-38-5 = 0.95,5-25-51-43-4 = 0.228,5-56-55-32-5 = 0.95,5-54-34-13-14-5 = 0.079,5-25-9-46-47-4 = 0.307,5-25-9-58-46-4 = 0.465,5-34-13-51-43-4 = 0.079,5-58-51-44-43-4 = 0.535,8-49-10-51-44-4 = 0.158,4-15-57-4 = 0.02,4-22-57-4 = 0.792,4-17-57-4 = 0.163,4-17-15-28-4 = 0.837,5-18-9-46-43-4 = 0.158,4-12-44-28-4 = 0.163,4-12-44-15-4 = 0.054,5-54-29-37-7 = 0.04,4-45-20-40-23-8 = 0.847,4-41-50-16-5 = 0.975,4-45-20-11-8 = 0.153,4-9-46-19-37-7 = 0.069,,,,,,,
615,614,737.125,0,3.556,0,Prune by CG,,4-22-4 = 0.5,8-39-8 = 0.072,5-42-5 = 1.0,7-31-52-29-19-8 = 0.174,7-48-24-30-7 = 1.0,7-31-52-54-5 = 0.217,7-21-26-36-7 = 1.0,8-53-27-8 = 0.725,8-33-23-39-8 = 0.449,8-33-39-8 = 0.101,8-33-40-11-8 = 0.449,8-53-39-8 = 0.275,8-12-44-15-4 = 0.217,8-10-49-19-37-7 = 0.783,7-31-52-29-14-5 = 0.609,5-18-54-34-13-5 = 0.391,5-35-38-5 = 1.0,5-25-51-43-4 = 0.13,5-25-58-51-47-8 = 0.043,5-56-55-32-5 = 1.0,5-54-34-13-14-5 = 0.391,5-25-9-46-47-4 = 0.783,5-18-58-51-43-4 = 0.609,5-34-13-51-43-4 = 0.217,4-22-57-4 = 0.5,4-17-57-4 = 0.5,4-17-15-28-4 = 0.5,5-25-58-47-43-4 = 0.043,4-12-44-28-4 = 0.5,4-12-44-15-4 = 0.283,4-45-20-40-23-8 = 0.449,4-41-50-16-5 = 1.0,4-45-20-11-8 = 0.551,4-9-58-10-46-4 = 0.087,4-9-10-46-47-4 = 0.13,8-27-40-23-39-8 = 0.101,8-49-58-29-19-37-7 = 0.043,8-27-49-58-29-37-7 = 0.174,,,,,,,,,,,,
582,578,732.437,8,0.112,0.923,617,618,4-22-4 = 0.667,5-42-5 = 1.0,7-48-24-30-7 = 1.0,7-52-29-37-7 = 1.0,7-31-21-26-36-7 = 1.0,8-33-23-39-8 = 0.5,8-33-39-8 = 0.5,8-45-20-28-4 = 0.167,8-12-44-28-4 = 0.167,8-12-47-11-8 = 0.667,8-10-51-43-4 = 0.167,8-40-44-51-43-4 = 0.5,8-45-20-11-8 = 0.333,8-45-20-40-23-8 = 0.5,5-18-54-34-13-5 = 0.5,5-35-38-5 = 1.0,5-25-51-43-4 = 0.167,5-56-55-32-5 = 1.0,5-18-54-13-14-5 = 0.5,5-25-9-46-47-4 = 0.333,5-25-9-46-14-5 = 0.5,5-34-58-10-49-19-8 = 0.5,4-15-57-4 = 0.333,4-22-57-4 = 0.333,4-17-57-4 = 0.333,4-17-15-28-4 = 0.667,4-51-46-43-4 = 0.167,4-44-58-10-49-19-8 = 0.333,4-41-50-16-5 = 1.0,4-12-9-58-49-19-8 = 0.167,8-27-53-8 = 1.0,,,,,,,,,,,,,,,,,,,
617,582,737.89,0,5.453,0,Prune by CG,,4-22-4 = 0.857,5-42-5 = 1.0,7-48-24-30-7 = 1.0,8-53-27-40-23-8 = 0.429,7-52-29-37-7 = 1.0,7-31-21-26-36-7 = 1.0,8-33-23-39-8 = 0.286,8-33-39-8 = 0.571,8-45-20-28-4 = 0.429,8-33-40-11-8 = 0.143,8-40-10-46-4 = 0.143,8-40-23-39-8 = 0.143,8-12-47-11-8 = 0.857,8-45-20-40-23-8 = 0.143,8-45-44-51-46-4 = 0.429,5-18-54-34-13-5 = 0.286,5-35-38-5 = 1.0,5-25-51-43-4 = 0.571,5-56-55-32-5 = 1.0,5-18-54-13-14-5 = 0.286,5-18-25-9-43-4 = 0.429,5-54-34-13-14-5 = 0.429,5-34-58-10-49-19-8 = 0.286,4-15-57-4 = 0.429,4-22-57-4 = 0.143,4-17-57-4 = 0.429,4-17-15-28-4 = 0.571,4-44-58-10-49-19-8 = 0.571,4-41-50-16-5 = 1.0,4-12-9-58-49-19-8 = 0.143,8-27-53-8 = 0.571,4-20-9-46-14-5 = 0.286,4-20-9-46-47-4 = 0.143,,,,,,,,,,,,,,,,,
585,583,733.317,6.7,0.745,-0.55,619,620,4-22-4 = 0.675,8-39-8 = 0.05,5-42-5 = 1.0,7-48-24-30-7 = 1.0,7-52-29-37-7 = 1.0,7-31-21-26-36-7 = 1.0,8-33-23-39-8 = 0.85,8-33-39-8 = 0.1,8-33-40-11-8 = 0.05,8-12-44-15-4 = 0.05,8-12-44-28-4 = 0.15,8-12-47-11-8 = 0.8,8-10-46-13-5 = 0.2,8-10-51-43-4 = 0.1,8-40-44-51-43-4 = 0.8,5-35-56-38-5 = 0.1,5-18-54-55-5 = 0.1,5-18-54-32-5 = 0.1,5-18-54-34-13-5 = 0.3,5-35-38-5 = 0.9,5-56-55-32-5 = 0.9,5-18-54-13-14-5 = 0.5,5-25-9-46-47-4 = 0.2,5-25-9-46-14-5 = 0.5,5-34-58-10-49-19-8 = 0.7,4-15-57-4 = 0.475,4-17-57-4 = 0.525,4-17-15-28-4 = 0.475,4-45-20-28-4 = 0.375,4-51-46-43-4 = 0.1,5-25-9-58-49-19-8 = 0.3,4-45-20-40-23-8 = 0.15,4-41-50-16-5 = 1.0,4-45-20-11-8 = 0.15,4-45-20-22-4 = 0.325,8-27-53-8 = 1.0,,,,,,,,,,,,,,
619,585,736.226,0,2.91,0,Prune by CG,,4-22-4 = 0.667,5-42-5 = 1.0,7-48-24-30-7 = 1.0,7-52-29-37-7 = 1.0,8-12-46-47-4 = 0.333,7-31-21-26-36-7 = 1.0,8-33-23-39-8 = 0.667,8-33-39-8 = 0.333,8-12-44-28-4 = 0.333,8-12-47-11-8 = 0.333,8-10-46-14-5 = 0.333,8-10-51-43-4 = 0.333,8-40-44-51-43-4 = 0.667,5-35-56-38-5 = 0.333,5-18-54-34-13-5 = 0.667,5-32-55-14-5 = 0.333,5-35-38-5 = 0.667,5-56-55-32-5 = 0.667,5-18-54-13-14-5 = 0.333,5-25-9-46-47-4 = 0.333,5-34-58-10-49-19-8 = 0.333,4-15-57-4 = 0.333,4-22-57-4 = 0.333,4-17-57-4 = 0.333,4-17-15-28-4 = 0.667,5-25-9-58-49-19-8 = 0.667,4-45-20-40-23-8 = 0.333,4-41-50-16-5 = 1.0,4-45-20-11-8 = 0.667,8-27-53-8 = 1.0,,,,,,,,,,,,,,,,,,,,
618,582,732.883,7.562,0.446,-0.438,621,622,4-22-4 = 0.601,8-39-8 = 0.124,5-42-5 = 1.0,7-48-24-30-7 = 1.0,7-52-29-37-7 = 1.0,7-31-21-26-36-7 = 1.0,8-33-23-39-8 = 0.477,8-33-39-8 = 0.399,8-45-20-28-4 = 0.301,8-33-40-11-8 = 0.124,8-12-47-11-8 = 0.83,8-10-51-43-4 = 0.124,8-40-44-51-43-4 = 0.353,8-45-20-44-43-4 = 0.176,8-45-20-40-23-8 = 0.523,5-18-54-34-13-5 = 0.405,5-35-38-5 = 1.0,5-56-55-32-5 = 1.0,5-18-54-13-14-5 = 0.516,5-18-25-54-5 = 0.078,5-25-58-10-49-4 = 0.046,5-25-9-46-47-4 = 0.17,5-25-9-51-44-4 = 0.19,5-25-9-46-14-5 = 0.484,5-34-13-46-43-4 = 0.046,5-34-58-10-49-19-8 = 0.549,4-15-57-4 = 0.301,4-22-57-4 = 0.399,4-17-57-4 = 0.301,4-17-15-28-4 = 0.699,4-51-46-43-4 = 0.301,4-44-58-10-49-19-8 = 0.281,4-41-50-16-5 = 1.0,4-12-9-58-49-19-8 = 0.124,8-27-53-8 = 1.0,5-25-9-51-13-5 = 0.033,8-12-19-11-8 = 0.046,,,,,,,,,,,,,
621,618,737.468,0,4.585,0,Prune by CG,,4-22-4 = 0.786,5-42-5 = 1.0,7-48-24-30-7 = 1.0,8-53-27-40-23-8 = 0.524,7-52-29-37-7 = 1.0,7-31-21-26-36-7 = 1.0,8-33-23-39-8 = 0.095,8-33-39-8 = 0.81,8-45-20-28-4 = 0.5,8-33-40-11-8 = 0.095,8-40-23-39-8 = 0.095,8-12-47-11-8 = 0.905,8-25-54-14-5 = 0.286,8-45-20-40-23-8 = 0.286,8-45-20-22-4 = 0.214,5-18-54-34-13-5 = 0.429,5-35-38-5 = 1.0,5-56-55-32-5 = 1.0,5-18-54-13-14-5 = 0.143,5-18-25-9-51-4 = 0.095,5-25-9-46-47-4 = 0.095,5-18-54-34-14-5 = 0.143,5-25-9-51-44-4 = 0.095,5-25-9-46-14-5 = 0.429,5-51-46-43-4 = 0.286,5-34-13-51-43-4 = 0.429,5-10-51-43-4 = 0.095,4-15-57-4 = 0.5,4-17-57-4 = 0.5,4-17-15-28-4 = 0.5,5-18-9-46-43-4 = 0.19,4-44-58-10-49-19-8 = 0.905,4-41-50-16-5 = 1.0,4-12-9-58-49-19-8 = 0.095,8-27-53-8 = 0.476,,,,,,,,,,,,,,,
622,618,732.907,7.491,0.024,-0.071,623,624,4-22-4 = 0.589,8-39-8 = 0.153,5-42-5 = 1.0,7-48-24-30-7 = 1.0,7-52-29-37-7 = 1.0,7-31-21-26-36-7 = 1.0,8-33-23-39-8 = 0.479,8-33-39-8 = 0.368,8-45-20-28-4 = 0.252,8-33-40-11-8 = 0.153,8-12-44-28-4 = 0.043,8-12-47-11-8 = 0.804,8-10-51-43-4 = 0.11,8-40-44-51-43-4 = 0.325,8-45-20-44-43-4 = 0.227,8-45-20-40-23-8 = 0.521,5-18-54-34-13-5 = 0.399,5-35-38-5 = 1.0,5-56-55-32-5 = 1.0,5-18-54-13-14-5 = 0.534,5-18-25-54-5 = 0.067,5-25-58-10-49-4 = 0.043,5-25-9-46-47-4 = 0.196,5-25-9-51-44-4 = 0.16,5-25-9-46-14-5 = 0.466,5-34-58-10-49-19-8 = 0.601,4-15-57-4 = 0.294,4-22-57-4 = 0.411,4-17-57-4 = 0.294,4-17-15-28-4 = 0.706,4-51-46-43-4 = 0.337,4-44-58-10-49-19-8 = 0.245,4-41-50-16-5 = 1.0,4-12-9-58-49-19-8 = 0.11,8-27-53-8 = 1.0,5-25-9-51-13-5 = 0.067,8-12-19-11-8 = 0.043,,,,,,,,,,,,,
595,594,732.781,7.567,1.062,2.167,625,626,4-22-4 = 0.35,5-42-5 = 1.0,7-31-52-29-19-7 = 0.433,7-31-52-37-7 = 0.133,7-30-24-26-36-7 = 0.15,7-48-24-30-7 = 0.85,7-21-54-34-14-5 = 0.3,7-21-26-36-7 = 0.4,7-48-26-36-7 = 0.15,7-52-29-37-7 = 0.433,7-31-29-19-11-8 = 0.133,7-31-21-26-36-7 = 0.3,8-33-39-8 = 1.0,8-12-44-28-4 = 0.067,8-12-47-11-8 = 0.867,8-12-9-34-13-14-5 = 0.067,8-10-49-19-37-7 = 0.3,5-18-54-34-13-5 = 0.067,5-35-38-5 = 1.0,5-25-51-43-4 = 0.2,5-56-55-32-5 = 1.0,5-18-54-13-14-5 = 0.633,5-18-58-51-43-4 = 0.067,5-25-9-51-44-4 = 0.367,5-25-9-44-43-4 = 0.2,5-34-58-46-43-4 = 0.333,5-58-51-44-43-4 = 0.2,8-49-10-51-44-4 = 0.167,8-49-10-46-47-8 = 0.133,8-49-10-58-46-4 = 0.4,4-28-15-4 = 0.217,4-15-57-4 = 0.067,4-22-57-4 = 0.65,4-17-57-4 = 0.283,4-17-15-28-4 = 0.717,8-9-46-19-37-7 = 0.133,4-45-20-40-23-8 = 1.0,4-41-50-16-5 = 1.0,8-27-53-8 = 1.0,5-18-25-9-34-13-5 = 0.233,,,,,,,,,,
576,574,734.055,5.429,0.334,0.519,627,628,4-22-4 = 0.571,8-39-8 = 0.071,5-42-5 = 1.0,7-31-52-29-19-8 = 0.071,7-48-24-30-7 = 1.0,7-21-26-36-7 = 0.071,8-40-28-15-4 = 1.0,7-52-29-37-7 = 0.929,7-31-21-26-36-7 = 0.929,8-33-23-11-8 = 0.071,8-33-23-39-8 = 0.929,8-12-47-11-8 = 0.929,8-45-20-22-4 = 0.071,5-18-54-34-13-5 = 0.5,5-35-38-5 = 1.0,5-25-58-10-49-8 = 0.071,5-56-55-32-5 = 1.0,5-18-54-13-14-5 = 0.5,5-25-9-46-47-4 = 0.071,5-25-9-51-44-4 = 0.214,5-25-9-46-14-5 = 0.5,5-34-58-10-49-19-8 = 0.5,4-17-57-4 = 1.0,4-20-51-43-4 = 0.071,4-45-20-44-43-4 = 0.429,4-45-20-44-51-4 = 0.071,4-51-46-43-4 = 0.429,4-45-12-9-51-4 = 0.071,4-10-51-43-4 = 0.071,5-25-9-58-49-19-8 = 0.143,4-44-58-10-49-19-8 = 0.286,4-41-50-16-5 = 1.0,4-45-20-22-4 = 0.357,8-27-53-8 = 1.0,4-51-10-37-7 = 0.071,,,,,,,,,,,,,,,
627,576,739.78,0,5.724,0,Prune by CG,,4-22-4 = 1.0,5-42-5 = 0.673,7-48-24-30-7 = 1.0,8-40-28-15-4 = 1.0,7-52-29-37-7 = 1.0,7-31-21-26-36-7 = 1.0,8-33-23-39-8 = 1.0,8-12-10-19-8 = 0.143,8-12-47-11-8 = 0.857,5-18-54-34-13-5 = 0.388,5-32-55-14-5 = 0.163,5-35-38-5 = 0.837,5-25-58-10-49-8 = 0.286,5-56-55-32-5 = 0.837,5-18-54-13-14-5 = 0.327,5-18-25-9-49-19-8 = 0.286,5-25-9-46-14-5 = 0.143,5-34-13-46-43-4 = 0.286,5-34-58-10-49-19-8 = 0.327,4-17-57-4 = 1.0,4-45-20-44-51-4 = 0.694,4-45-44-51-43-4 = 0.306,4-9-58-46-43-4 = 0.286,5-25-54-14-5 = 0.286,4-41-50-16-5 = 1.0,5-42-38-5 = 0.163,5-35-56-42-5 = 0.163,8-27-53-8 = 1.0,4-20-9-46-14-5 = 0.061,4-20-9-46-47-4 = 0.122,4-9-46-43-19-8 = 0.102,4-20-49-10-58-5 = 0.102,8-10-19-11-8 = 0.143,4-20-47-43-14-5 = 0.02,,,,,,,,,,,,,,,,
616,614,734.084,6,0.515,0.455,629,630,4-22-4 = 0.44,5-42-5 = 0.84,7-31-52-29-19-8 = 0.08,7-48-24-30-7 = 1.0,7-31-52-54-5 = 0.08,7-21-26-36-7 = 1.0,8-53-27-8 = 0.92,8-53-27-40-23-8 = 0.08,8-33-39-8 = 1.0,8-12-47-11-8 = 1.0,8-10-49-19-37-7 = 0.8,7-31-52-29-14-5 = 0.84,5-18-54-34-13-5 = 0.84,5-32-55-14-5 = 0.16,5-38-50-16-5 = 0.08,5-38-41-57-4 = 0.08,5-35-38-5 = 0.84,5-25-51-43-4 = 0.32,5-56-55-32-5 = 0.84,5-25-9-58-46-4 = 0.68,5-34-13-51-43-4 = 0.16,5-58-51-44-43-4 = 0.32,8-49-10-51-44-4 = 0.2,4-22-57-4 = 0.48,4-17-57-4 = 0.44,4-17-15-28-4 = 0.56,5-18-9-46-43-4 = 0.16,5-54-29-37-7 = 0.08,4-45-20-40-23-8 = 0.92,4-41-50-16-5 = 0.92,4-9-46-19-37-7 = 0.12,4-45-20-22-4 = 0.08,5-35-56-42-5 = 0.16,5-9-44-46-43-4 = 0.04,4-44-28-15-4 = 0.44,,,,,,,,,,,,,,,
629,616,735.33,0,1.246,0,Prune by CG,,4-22-4 = 0.216,5-42-5 = 1.0,7-31-52-29-19-8 = 0.03,7-21-52-29-5 = 0.045,7-30-24-26-36-7 = 0.022,7-48-24-30-7 = 0.978,7-31-52-54-5 = 0.03,7-21-26-36-7 = 0.91,7-48-26-36-7 = 0.022,8-40-28-15-4 = 0.015,7-31-21-26-36-7 = 0.045,8-33-23-39-8 = 0.015,8-33-39-8 = 0.985,8-12-47-11-8 = 1.0,8-10-49-19-37-7 = 0.97,7-31-52-29-14-5 = 0.896,5-18-54-34-13-5 = 0.836,5-35-38-5 = 1.0,5-25-51-43-4 = 0.284,5-56-55-32-5 = 1.0,5-18-54-13-14-5 = 0.104,5-25-9-58-46-4 = 0.597,5-34-51-44-15-4 = 0.134,5-34-13-51-43-4 = 0.03,5-25-44-28-4 = 0.119,5-58-51-44-43-4 = 0.403,4-28-15-4 = 0.067,4-22-57-4 = 0.784,4-17-57-4 = 0.216,4-17-15-28-4 = 0.784,5-18-9-46-43-4 = 0.06,4-45-20-28-4 = 0.015,5-54-29-37-7 = 0.03,4-45-20-40-23-8 = 0.985,4-41-50-16-5 = 1.0,8-27-53-8 = 1.0,8-49-10-51-13-5 = 0.03,5-9-44-46-43-4 = 0.224,5-9-51-44-46-4 = 0.119,,,,,,,,,,,
620,585,733.723,6.6,0.406,-0.1,631,632,4-22-4 = 0.6,5-42-5 = 1.0,7-48-24-30-7 = 1.0,7-52-29-37-7 = 1.0,7-31-21-26-36-7 = 1.0,8-33-23-39-8 = 0.8,8-33-40-11-8 = 0.2,8-12-44-15-4 = 0.2,8-40-23-39-8 = 0.2,8-12-47-11-8 = 0.8,8-10-51-43-4 = 0.2,8-40-44-51-43-4 = 0.6,5-18-54-34-13-5 = 0.4,5-35-38-5 = 1.0,5-56-55-32-5 = 1.0,5-18-54-13-14-5 = 0.6,5-25-9-46-47-4 = 0.2,5-25-9-46-14-5 = 0.4,5-34-58-10-49-19-8 = 0.6,4-15-57-4 = 0.4,4-17-57-4 = 0.6,4-17-15-28-4 = 0.4,4-45-20-28-4 = 0.6,4-51-46-43-4 = 0.2,5-25-9-58-49-19-8 = 0.4,4-41-50-16-5 = 1.0,4-45-20-22-4 = 0.4,8-27-53-8 = 1.0,4-44-10-46-5 = 0.2,,,,,,,,,,,,,,,,,,,,,
631,620,738.706,0,4.983,0,Prune by CG,,4-22-4 = 0.5,5-42-5 = 1.0,7-48-24-30-7 = 1.0,7-52-29-37-7 = 1.0,7-31-21-26-36-7 = 1.0,8-33-23-39-8 = 0.571,8-33-40-11-8 = 0.429,8-12-44-15-4 = 0.286,8-12-44-28-4 = 0.143,8-46-47-43-14-5 = 0.143,8-40-23-39-8 = 0.429,8-12-47-11-8 = 0.571,8-40-44-10-13-5 = 0.143,8-25-54-14-5 = 0.143,8-51-46-43-4 = 0.143,5-35-38-5 = 1.0,5-56-55-32-5 = 1.0,5-18-54-13-14-5 = 0.714,5-18-25-54-5 = 0.143,5-25-9-51-44-4 = 0.429,5-34-58-10-49-19-8 = 0.857,4-15-57-4 = 0.357,4-17-57-4 = 0.643,4-17-15-28-4 = 0.357,4-45-20-28-4 = 0.5,4-51-46-43-4 = 0.429,5-25-9-58-49-19-8 = 0.143,4-41-50-16-5 = 1.0,4-45-20-22-4 = 0.5,8-27-53-8 = 1.0,5-18-25-9-34-13-5 = 0.143,4-9-46-47-43-4 = 0.286,,,,,,,,,,,,,,,,,,
632,620,733.909,5.286,0.186,-1.314,633,634,4-22-4 = 0.714,5-42-5 = 1.0,7-48-24-30-7 = 1.0,8-53-27-8 = 1.0,7-52-29-37-7 = 1.0,8-12-46-13-5 = 0.143,7-31-21-26-36-7 = 1.0,8-33-23-39-8 = 1.0,8-12-47-11-8 = 0.857,8-10-51-43-4 = 0.143,8-40-44-51-43-4 = 0.857,5-18-54-34-13-5 = 0.286,5-35-38-5 = 1.0,5-56-55-32-5 = 1.0,5-18-54-13-14-5 = 0.571,5-18-25-54-5 = 0.143,5-25-9-46-47-4 = 0.143,5-25-9-46-14-5 = 0.429,5-34-58-10-49-19-8 = 0.714,4-15-57-4 = 0.429,4-17-57-4 = 0.571,4-17-15-28-4 = 0.429,4-45-20-28-4 = 0.571,5-25-9-58-49-19-8 = 0.286,4-20-40-11-8 = 0.143,4-41-50-16-5 = 1.0,4-45-20-22-4 = 0.286,4-44-10-46-4 = 0.143,4-45-9-46-15-4 = 0.143,,,,,,,,,,,,,,,,,,,,,
633,632,736.176,0,2.267,0,Prune by CG,,4-22-4 = 0.69,5-42-5 = 1.0,7-48-24-30-7 = 1.0,8-53-27-8 = 1.0,7-52-29-37-7 = 1.0,7-31-21-26-36-7 = 1.0,8-33-23-39-8 = 0.8,8-33-40-11-8 = 0.2,8-12-44-15-4 = 0.1,8-12-44-28-4 = 0.16,8-40-23-39-8 = 0.2,8-12-47-11-8 = 0.7,8-10-51-43-4 = 0.14,8-40-44-51-43-4 = 0.6,5-18-54-34-13-5 = 0.18,5-35-38-5 = 1.0,5-25-51-43-4 = 0.26,5-56-55-32-5 = 1.0,5-18-54-13-14-5 = 0.78,5-18-25-54-5 = 0.04,5-34-58-10-49-19-8 = 0.72,4-15-57-4 = 0.45,4-17-57-4 = 0.55,4-17-15-28-4 = 0.45,5-34-58-49-19-11-8 = 0.1,4-45-20-28-4 = 0.39,5-25-9-58-49-19-8 = 0.18,4-41-50-16-5 = 1.0,4-25-9-46-47-4 = 0.3,4-45-20-22-4 = 0.31,4-12-46-13-5 = 0.04,4-25-9-46-14-5 = 0.22,4-44-10-46-4 = 0.14,4-45-20-9-46-4 = 0.3,,,,,,,,,,,,,,,,
600,598,733.584,6.686,0.173,0.552,635,636,4-22-4 = 0.448,8-39-8 = 0.126,5-42-5 = 1.0,7-31-52-29-19-8 = 0.086,7-48-37-7 = 0.057,7-21-52-29-5 = 0.5,7-30-24-26-36-7 = 0.279,7-48-24-30-7 = 0.721,7-31-52-54-5 = 0.129,7-48-26-36-7 = 0.221,7-31-21-26-36-7 = 0.5,8-33-23-39-8 = 0.126,8-33-39-8 = 0.748,8-33-40-11-8 = 0.126,8-12-44-28-4 = 0.129,8-12-47-11-8 = 0.843,8-10-49-19-37-7 = 0.843,7-31-52-29-14-5 = 0.286,5-18-54-34-13-5 = 0.157,5-35-38-5 = 1.0,5-25-51-43-4 = 0.043,5-56-55-32-5 = 1.0,5-18-54-13-14-5 = 0.714,5-18-25-58-29-7 = 0.057,5-18-58-51-43-4 = 0.071,5-25-9-51-44-4 = 0.857,5-25-9-58-43-4 = 0.029,5-34-13-46-43-4 = 0.114,5-34-58-46-43-4 = 0.729,5-58-51-44-43-4 = 0.014,8-49-10-46-47-4 = 0.019,8-49-10-46-47-8 = 0.138,4-15-57-4 = 0.224,4-22-57-4 = 0.552,4-17-57-4 = 0.224,4-17-15-28-4 = 0.776,4-45-20-28-4 = 0.095,4-45-20-40-23-8 = 0.874,4-41-50-16-5 = 1.0,4-45-20-11-8 = 0.031,8-27-53-8 = 1.0,5-25-9-51-13-5 = 0.014,4-9-58-29-19-37-7 = 0.071,4-12-9-58-37-7 = 0.029,,,,,,
635,600,737.286,0,3.701,0,Prune by CG,,4-22-4 = 0.452,8-39-8 = 0.148,5-42-5 = 1.0,7-31-52-29-19-8 = 0.278,7-48-24-30-7 = 1.0,7-31-52-54-5 = 0.383,7-21-26-36-7 = 1.0,8-53-27-8 = 0.87,8-33-23-39-8 = 0.278,8-33-39-8 = 0.443,8-33-40-11-8 = 0.278,8-53-39-8 = 0.13,8-12-44-28-4 = 0.226,8-12-47-11-8 = 0.417,8-12-9-34-13-14-5 = 0.078,7-31-52-29-14-5 = 0.339,5-18-54-34-13-5 = 0.035,5-35-38-5 = 1.0,5-25-51-43-4 = 0.496,5-56-55-32-5 = 1.0,5-18-54-13-14-5 = 0.583,5-25-9-51-44-4 = 0.217,5-25-9-44-43-4 = 0.243,5-34-13-46-43-4 = 0.261,8-27-49-10-46-4 = 0.13,8-49-10-46-47-4 = 0.583,8-49-10-51-44-4 = 0.287,4-15-57-4 = 0.226,4-22-57-4 = 0.548,4-17-57-4 = 0.226,4-17-15-28-4 = 0.774,5-34-58-29-19-37-7 = 0.243,4-45-20-40-23-8 = 0.722,4-41-50-16-5 = 1.0,4-45-20-11-8 = 0.278,4-44-46-11-8 = 0.026,4-9-58-29-19-37-7 = 0.139,5-18-25-9-34-13-5 = 0.043,5-18-34-58-19-37-7 = 0.339,4-12-9-58-37-7 = 0.278,,,,,,,,,,
636,600,733.601,6.556,0.017,-0.13,637,638,4-22-4 = 0.444,8-39-8 = 0.111,5-42-5 = 1.0,7-31-52-29-19-8 = 0.111,7-21-52-29-5 = 0.444,7-30-24-26-36-7 = 0.222,7-48-24-30-7 = 0.778,7-52-29-46-4 = 0.111,7-48-26-36-7 = 0.222,8-53-27-8 = 1.0,7-31-21-26-36-7 = 0.556,8-33-23-39-8 = 0.111,8-33-39-8 = 0.778,8-33-40-11-8 = 0.111,8-12-44-28-4 = 0.111,8-12-47-11-8 = 0.889,8-10-49-19-37-7 = 0.889,7-31-52-29-14-5 = 0.333,5-18-54-34-13-5 = 0.333,5-35-38-5 = 1.0,5-56-55-32-5 = 1.0,5-18-54-13-14-5 = 0.667,5-25-9-51-44-4 = 0.778,5-25-9-58-43-4 = 0.222,5-34-58-46-43-4 = 0.667,5-58-51-44-43-4 = 0.111,8-49-10-46-47-8 = 0.111,4-15-57-4 = 0.222,4-22-57-4 = 0.556,4-17-57-4 = 0.222,4-17-15-28-4 = 0.778,4-45-20-28-4 = 0.111,4-45-20-40-23-8 = 0.889,4-41-50-16-5 = 1.0,4-51-46-37-7 = 0.111,,,,,,,,,,,,,,,
637,636,737.584,0,3.983,0,Prune by CG,,4-22-4 = 0.5,5-42-5 = 1.0,7-48-24-30-7 = 1.0,7-52-29-46-4 = 1.0,8-53-27-8 = 1.0,7-31-21-26-36-7 = 1.0,8-33-39-8 = 1.0,8-12-47-11-8 = 1.0,8-10-49-19-37-7 = 1.0,5-35-56-38-5 = 1.0,5-18-54-34-13-5 = 1.0,5-32-55-14-5 = 1.0,5-25-9-58-43-4 = 0.5,5-58-51-44-43-4 = 0.5,4-28-15-4 = 0.5,4-22-57-4 = 0.5,4-17-57-4 = 0.5,4-17-15-28-4 = 0.5,4-25-9-51-44-4 = 0.5,4-45-20-40-23-8 = 1.0,4-41-50-16-5 = 1.0,,,,,,,,,,,,,,,,,,,,,,,,,,,,,
638,636,733.654,7.048,0.053,0.493,639,640,4-22-4 = 0.448,8-39-8 = 0.116,5-42-5 = 1.0,7-31-52-29-19-8 = 0.169,7-48-37-7 = 0.012,7-21-52-29-5 = 0.494,7-30-24-26-36-7 = 0.259,7-48-21-26-7 = 0.012,7-48-24-30-7 = 0.741,7-31-52-54-5 = 0.012,7-48-26-36-7 = 0.235,8-53-27-8 = 1.0,7-31-21-26-36-7 = 0.494,8-33-23-39-8 = 0.116,8-33-39-8 = 0.767,8-33-40-11-8 = 0.116,8-12-44-28-4 = 0.145,8-12-47-11-8 = 0.843,8-10-49-19-37-7 = 0.831,7-31-52-29-14-5 = 0.325,5-35-56-36-7 = 0.012,5-18-54-34-13-5 = 0.301,5-38-50-16-5 = 0.006,5-38-41-57-4 = 0.006,5-35-38-5 = 0.988,5-25-58-46-4 = 0.012,5-56-55-32-5 = 0.988,5-18-54-13-14-5 = 0.675,5-18-55-32-5 = 0.012,5-18-58-51-43-4 = 0.012,5-25-9-51-44-4 = 0.771,5-25-9-58-43-4 = 0.217,5-34-13-46-43-4 = 0.024,5-34-58-46-43-4 = 0.663,5-34-58-10-46-4 = 0.012,5-58-51-44-43-4 = 0.084,8-49-10-46-47-4 = 0.104,8-49-10-46-47-8 = 0.052,4-15-57-4 = 0.221,4-22-57-4 = 0.552,4-17-57-4 = 0.221,4-17-15-28-4 = 0.779,4-45-20-28-4 = 0.076,5-54-29-37-7 = 0.012,4-45-20-40-23-8 = 0.884,4-41-50-16-5 = 0.994,4-45-20-11-8 = 0.04,8-12-9-49-37-7 = 0.012,4-51-46-37-7 = 0.133,
640,638,735.498,0,1.843,0,Prune by CG,,4-22-4 = 0.67,5-42-5 = 0.807,7-31-52-29-19-8 = 0.25,7-48-37-7 = 0.057,7-30-24-26-36-7 = 0.057,7-48-24-30-7 = 0.943,7-21-26-36-7 = 0.943,8-33-23-39-8 = 0.136,8-33-39-8 = 0.727,8-33-40-11-8 = 0.136,8-53-39-8 = 0.136,8-12-44-28-4 = 0.273,8-12-47-11-8 = 0.727,8-10-49-19-37-7 = 0.193,7-31-52-29-14-5 = 0.75,5-35-56-21-7 = 0.057,5-18-54-34-13-5 = 1.0,5-32-55-14-5 = 0.25,5-38-50-16-5 = 0.125,5-38-41-57-4 = 0.125,5-35-38-5 = 0.75,5-25-51-43-4 = 0.159,5-56-55-32-5 = 0.75,5-25-9-10-58-4 = 0.239,5-25-9-51-44-4 = 0.205,5-25-9-44-43-4 = 0.08,5-25-9-58-43-4 = 0.318,5-58-51-44-43-4 = 0.443,8-27-49-10-46-4 = 0.136,8-49-10-46-47-4 = 0.091,8-49-10-46-47-8 = 0.182,4-15-57-4 = 0.273,4-22-57-4 = 0.33,4-17-57-4 = 0.273,4-17-15-28-4 = 0.727,8-49-46-19-37-7 = 0.398,4-45-20-40-23-8 = 0.864,4-41-50-16-5 = 0.875,4-45-20-11-8 = 0.136,8-9-10-19-37-7 = 0.159,5-35-56-42-5 = 0.193,8-27-53-8 = 0.864,4-51-46-37-7 = 0.193,,,,,,,
634,632,734.062,6.478,0.153,1.193,641,642,4-22-4 = 0.783,5-42-5 = 1.0,7-48-24-30-7 = 1.0,8-53-27-8 = 1.0,7-52-29-37-7 = 1.0,8-12-46-13-5 = 0.217,7-31-21-26-36-7 = 1.0,8-33-23-39-8 = 0.891,8-33-40-11-8 = 0.109,8-40-23-39-8 = 0.109,8-12-47-11-8 = 0.783,8-10-46-13-5 = 0.065,8-10-51-43-4 = 0.152,8-40-44-51-43-4 = 0.696,5-35-56-38-5 = 0.13,5-18-54-55-5 = 0.13,5-18-54-32-5 = 0.13,5-18-54-34-13-5 = 0.217,5-35-38-5 = 0.87,5-56-55-32-5 = 0.87,5-18-54-13-14-5 = 0.5,5-18-25-54-5 = 0.022,5-25-9-46-47-4 = 0.174,5-25-9-46-47-8 = 0.043,5-25-9-51-44-4 = 0.065,5-25-9-46-14-5 = 0.5,5-34-58-10-49-19-8 = 0.783,4-15-57-4 = 0.457,4-17-57-4 = 0.543,4-17-15-28-4 = 0.457,4-45-20-28-4 = 0.543,4-45-20-44-43-4 = 0.152,4-45-44-51-15-4 = 0.087,5-25-9-58-49-19-8 = 0.196,4-20-40-11-8 = 0.087,4-41-50-16-5 = 1.0,4-45-20-22-4 = 0.217,5-9-58-49-19-11-8 = 0.022,,,,,,,,,,,,
641,634,736.515,0,2.454,0,Prune by CG,,4-22-4 = 0.55,8-39-8 = 0.15,5-42-5 = 1.0,7-48-24-30-7 = 1.0,7-52-29-37-7 = 1.0,7-31-21-26-36-7 = 1.0,8-33-23-11-8 = 0.15,8-33-23-39-8 = 0.8,8-33-40-11-8 = 0.05,8-12-44-28-4 = 0.2,8-40-10-46-5 = 0.2,8-40-23-39-8 = 0.05,8-12-46-14-5 = 0.2,8-12-47-11-8 = 0.6,8-10-51-43-4 = 0.3,8-40-44-51-43-4 = 0.6,5-18-54-34-13-5 = 0.4,5-35-38-5 = 1.0,5-56-55-32-5 = 1.0,5-18-54-13-14-5 = 0.6,5-25-9-46-47-8 = 0.4,5-34-58-10-49-19-8 = 0.3,4-15-57-4 = 0.45,4-17-57-4 = 0.55,4-17-15-28-4 = 0.45,5-34-58-49-19-11-8 = 0.1,4-45-20-28-4 = 0.35,4-45-20-44-43-4 = 0.1,4-45-44-51-15-4 = 0.1,5-25-9-58-49-19-8 = 0.6,4-20-40-11-8 = 0.1,4-41-50-16-5 = 1.0,4-45-20-22-4 = 0.45,8-27-53-8 = 1.0,5-34-10-46-14-5 = 0.2,,,,,,,,,,,,,,,
639,638,734.176,6.273,0.521,-0.775,643,644,4-22-4 = 0.409,8-39-8 = 0.068,5-42-5 = 1.0,7-31-52-29-19-8 = 0.114,7-21-52-29-5 = 0.5,7-48-29-37-7 = 0.045,7-30-24-26-36-7 = 0.273,7-48-24-30-7 = 0.727,7-31-52-54-5 = 0.091,7-48-26-36-7 = 0.227,8-53-27-8 = 1.0,7-31-21-26-36-7 = 0.5,8-33-23-39-8 = 0.068,8-33-39-8 = 0.864,8-33-40-11-8 = 0.068,8-12-44-28-4 = 0.114,8-12-47-11-8 = 0.864,8-10-49-19-37-7 = 0.886,7-31-52-29-14-5 = 0.295,5-35-56-38-5 = 0.023,5-18-54-34-13-5 = 0.205,5-35-38-5 = 0.977,5-25-58-46-4 = 0.023,5-56-55-32-5 = 0.977,5-18-54-13-14-5 = 0.705,5-18-25-9-43-4 = 0.023,5-18-55-32-5 = 0.023,5-18-58-51-43-4 = 0.045,5-25-9-51-44-4 = 0.818,5-34-58-46-43-4 = 0.795,8-49-10-51-44-4 = 0.045,4-28-15-4 = 0.136,4-15-57-4 = 0.136,4-22-57-4 = 0.591,4-17-57-4 = 0.273,4-17-15-28-4 = 0.727,4-12-44-28-4 = 0.023,4-45-20-40-23-8 = 0.932,4-41-50-16-5 = 1.0,4-45-20-11-8 = 0.068,5-25-9-51-13-5 = 0.091,8-9-10-49-37-7 = 0.068,5-58-46-47-43-4 = 0.136,5-25-46-29-7 = 0.045,,,,,,
643,639,737.788,0,3.612,0,Prune by CG,,4-22-4 = 0.472,5-42-5 = 1.0,7-31-52-29-19-8 = 0.408,7-48-37-7 = 0.256,7-30-24-26-36-7 = 0.256,7-48-24-30-7 = 0.744,7-31-52-54-5 = 0.187,7-21-26-36-7 = 0.744,8-53-27-8 = 0.893,8-33-23-39-8 = 0.107,8-33-39-8 = 0.787,8-33-40-11-8 = 0.107,8-53-39-8 = 0.107,8-12-44-28-4 = 0.141,8-12-47-11-8 = 0.787,8-10-49-19-37-7 = 0.485,7-31-52-29-14-5 = 0.405,5-35-56-21-7 = 0.256,5-32-55-14-5 = 0.203,5-38-50-16-5 = 0.128,5-38-41-57-4 = 0.128,5-35-38-5 = 0.744,5-56-55-32-5 = 0.744,5-18-54-13-14-5 = 0.392,5-18-25-54-5 = 0.341,5-18-55-32-5 = 0.053,5-34-58-46-43-4 = 0.736,5-34-58-10-46-4 = 0.051,8-49-10-51-44-4 = 0.336,4-22-57-4 = 0.528,4-17-57-4 = 0.344,4-17-15-28-4 = 0.656,4-9-10-51-44-4 = 0.003,5-54-29-37-7 = 0.08,4-45-20-40-23-8 = 0.893,4-41-50-16-5 = 0.872,4-45-20-11-8 = 0.107,8-27-49-29-19-37-7 = 0.107,5-25-9-51-13-5 = 0.395,5-25-9-44-43-5 = 0.051,5-18-25-9-34-13-5 = 0.213,8-9-51-44-15-4 = 0.141,4-44-28-15-4 = 0.203,8-12-9-49-37-7 = 0.072,8-9-10-51-44-4 = 0.125,5-58-46-47-43-4 = 0.213,,,,
644,639,734.185,6.164,0.009,-0.108,645,646,4-22-4 = 0.39,8-39-8 = 0.072,5-42-5 = 1.0,7-31-52-29-19-8 = 0.103,7-21-52-29-5 = 0.5,7-48-29-37-7 = 0.041,7-30-24-26-36-7 = 0.271,7-48-24-30-7 = 0.729,7-31-52-54-5 = 0.082,7-48-26-36-7 = 0.229,8-53-27-8 = 1.0,7-31-21-26-36-7 = 0.5,8-33-23-39-8 = 0.072,8-33-39-8 = 0.856,8-33-40-11-8 = 0.072,8-12-44-28-4 = 0.103,8-12-47-11-8 = 0.856,8-10-49-19-37-7 = 0.897,7-31-52-29-14-5 = 0.315,5-18-54-34-13-5 = 0.233,5-35-38-5 = 1.0,5-25-58-46-4 = 0.048,5-56-55-32-5 = 1.0,5-18-54-13-14-5 = 0.685,5-18-25-9-43-4 = 0.027,5-18-58-51-43-4 = 0.055,5-25-9-51-44-4 = 0.877,5-25-9-44-43-4 = 0.007,5-34-13-46-43-4 = 0.014,5-34-58-46-43-4 = 0.753,4-28-15-4 = 0.158,4-15-57-4 = 0.116,4-22-57-4 = 0.61,4-17-57-4 = 0.274,4-17-15-28-4 = 0.726,4-12-44-28-4 = 0.014,4-45-20-40-23-8 = 0.928,4-41-50-16-5 = 1.0,4-45-20-11-8 = 0.072,8-49-10-51-13-5 = 0.041,8-12-9-49-37-7 = 0.027,8-9-10-49-37-7 = 0.034,4-9-10-51-13-5 = 0.027,5-58-46-47-43-4 = 0.144,5-25-46-29-7 = 0.041,,,,,
645,644,737.192,0,3.008,0,Prune by CG,,4-22-4 = 0.417,5-42-5 = 1.0,7-21-52-29-5 = 0.083,7-30-24-26-36-7 = 0.042,7-48-24-30-7 = 0.958,7-31-52-54-5 = 0.125,7-21-26-36-7 = 0.833,7-48-26-36-7 = 0.042,8-53-27-8 = 0.875,7-31-21-26-36-7 = 0.083,8-33-23-39-8 = 0.125,8-33-39-8 = 0.75,8-33-40-11-8 = 0.125,8-53-39-8 = 0.125,8-12-44-28-4 = 0.25,8-12-47-11-8 = 0.75,8-10-49-19-37-7 = 0.667,7-31-52-29-14-5 = 0.792,5-18-54-34-13-5 = 0.458,5-35-38-5 = 1.0,5-54-58-46-4 = 0.208,5-56-55-32-5 = 1.0,5-18-54-13-14-5 = 0.208,5-18-25-9-43-4 = 0.333,5-25-9-44-43-4 = 0.333,5-25-9-58-43-4 = 0.333,5-34-13-51-46-4 = 0.333,5-34-58-46-15-4 = 0.083,5-34-58-10-46-4 = 0.125,5-58-51-46-47-8 = 0.25,8-49-10-51-44-4 = 0.208,4-15-57-4 = 0.167,4-22-57-4 = 0.583,4-17-57-4 = 0.25,4-17-15-28-4 = 0.75,4-45-20-40-23-8 = 0.875,4-41-50-16-5 = 1.0,4-45-20-11-8 = 0.125,8-27-49-29-19-37-7 = 0.125,4-44-51-19-37-7 = 0.208,,,,,,,,,,
642,634,734.187,6.5,0.126,0.022,647,648,4-22-4 = 0.798,5-42-5 = 1.0,7-48-24-30-7 = 1.0,7-52-29-37-7 = 1.0,8-12-46-13-5 = 0.226,7-31-21-26-36-7 = 1.0,8-33-23-39-8 = 0.887,8-33-40-11-8 = 0.113,8-40-23-39-8 = 0.113,8-12-47-11-8 = 0.758,8-10-46-13-5 = 0.048,8-10-51-43-4 = 0.129,8-40-44-51-43-4 = 0.694,5-35-56-38-5 = 0.145,5-18-54-34-13-5 = 0.177,5-35-38-5 = 0.855,5-54-9-58-49-19-8 = 0.145,5-56-55-32-5 = 0.855,5-18-54-13-14-5 = 0.5,5-18-25-54-5 = 0.177,5-25-9-46-47-4 = 0.226,5-18-55-32-5 = 0.145,5-25-9-51-44-4 = 0.048,5-25-9-46-14-5 = 0.5,5-34-58-10-49-19-8 = 0.823,4-15-57-4 = 0.46,4-17-57-4 = 0.54,4-17-15-28-4 = 0.46,4-45-20-28-4 = 0.54,4-45-20-44-43-4 = 0.177,4-45-44-51-15-4 = 0.081,4-20-40-11-8 = 0.081,4-41-50-16-5 = 1.0,4-12-47-11-8 = 0.016,4-45-20-22-4 = 0.202,8-27-53-8 = 1.0,5-25-9-51-13-5 = 0.048,5-9-58-49-19-11-8 = 0.032,,,,,,,,,,,,
647,642,742.153,0,7.965,0,Prune by CG,,4-22-4 = 0.939,5-42-5 = 0.829,7-31-52-37-7 = 0.244,7-30-24-26-36-7 = 0.122,7-48-21-26-7 = 0.024,7-48-24-30-7 = 0.878,7-21-9-46-13-5 = 0.22,7-48-26-36-7 = 0.098,8-53-27-8 = 0.854,8-53-27-40-23-8 = 0.146,7-52-29-37-7 = 0.756,7-31-21-26-36-7 = 0.756,8-33-23-39-8 = 0.805,8-33-39-8 = 0.146,8-33-40-11-8 = 0.049,8-46-47-11-8 = 0.195,8-40-10-46-4 = 0.244,8-40-23-39-8 = 0.049,8-12-47-11-8 = 0.756,8-40-44-51-43-4 = 0.512,5-35-56-36-7 = 0.024,5-35-56-38-5 = 0.171,5-32-55-14-5 = 0.366,5-38-50-16-5 = 0.098,5-38-41-57-4 = 0.098,5-35-38-5 = 0.634,5-56-55-32-5 = 0.634,5-18-54-14-5 = 0.537,5-18-25-54-5 = 0.122,5-34-58-10-49-19-8 = 0.707,4-15-57-4 = 0.451,4-17-57-4 = 0.451,4-17-15-28-4 = 0.549,7-49-10-46-47-4 = 0.049,4-45-20-28-4 = 0.451,4-45-20-44-43-4 = 0.488,5-54-58-49-19-8 = 0.244,5-18-58-46-19-8 = 0.049,5-25-54-14-5 = 0.098,4-41-50-16-5 = 0.902,4-45-20-22-4 = 0.061,5-35-56-42-5 = 0.171,8-12-46-29-7 = 0.244,5-25-9-51-13-5 = 0.488,5-18-25-9-34-13-5 = 0.293,,,,,
648,642,734.195,5.955,0.008,-0.545,649,650,4-22-4 = 0.75,5-42-5 = 1.0,7-48-24-30-7 = 1.0,7-52-29-37-7 = 1.0,8-12-46-13-5 = 0.182,7-31-21-26-36-7 = 1.0,8-33-23-39-8 = 0.909,8-33-40-11-8 = 0.091,8-40-23-39-8 = 0.091,8-12-47-11-8 = 0.727,8-10-46-13-5 = 0.136,8-10-51-43-4 = 0.045,8-40-44-51-43-4 = 0.773,5-18-54-34-13-5 = 0.182,5-35-38-5 = 1.0,5-54-9-58-49-19-8 = 0.136,5-56-55-32-5 = 1.0,5-18-54-13-14-5 = 0.5,5-18-25-54-5 = 0.182,5-18-25-9-51-4 = 0.136,5-25-9-46-47-4 = 0.182,5-25-9-46-14-5 = 0.5,5-34-58-10-49-19-8 = 0.818,4-15-57-4 = 0.477,4-17-57-4 = 0.523,4-17-15-28-4 = 0.477,4-45-20-28-4 = 0.523,4-45-20-44-43-4 = 0.182,4-45-44-51-15-4 = 0.045,4-20-40-11-8 = 0.045,4-41-50-16-5 = 1.0,4-12-47-11-8 = 0.091,4-45-20-22-4 = 0.25,8-27-53-8 = 1.0,5-9-58-49-19-11-8 = 0.045,,,,,,,,,,,,,,,
650,648,735.986,0,1.791,0,Prune by CG,,4-22-4 = 0.556,5-42-5 = 1.0,7-48-24-30-7 = 1.0,7-52-29-37-7 = 1.0,8-12-46-13-5 = 0.111,7-31-21-26-36-7 = 1.0,8-33-23-39-8 = 1.0,8-12-10-13-5 = 0.111,8-12-44-15-4 = 0.111,8-40-10-46-5 = 0.111,8-10-51-43-4 = 0.111,8-40-44-51-43-4 = 0.889,5-18-54-34-13-5 = 0.222,5-35-38-5 = 1.0,5-56-55-32-5 = 1.0,5-18-54-13-14-5 = 0.556,5-18-25-54-5 = 0.222,5-25-9-46-47-4 = 0.444,5-25-9-46-14-5 = 0.333,5-34-58-10-49-19-8 = 0.556,4-15-57-4 = 0.444,4-17-57-4 = 0.556,4-17-15-28-4 = 0.444,5-34-58-49-19-11-8 = 0.222,4-45-20-28-4 = 0.556,4-41-50-16-5 = 1.0,4-12-47-11-8 = 0.556,4-45-20-22-4 = 0.444,8-27-53-8 = 1.0,5-9-58-49-19-11-8 = 0.222,8-12-10-14-5 = 0.111,,,,,,,,,,,,,,,,,,,
628,576,734.134,5.889,0.079,0.46,651,652,4-22-4 = 0.444,5-42-5 = 1.0,7-31-52-29-19-8 = 0.111,7-31-52-37-7 = 0.111,7-48-37-7 = 0.111,7-24-30-7 = 0.111,7-48-24-30-7 = 0.889,7-21-26-36-7 = 0.222,8-40-28-15-4 = 1.0,7-52-29-37-7 = 0.778,7-31-21-26-36-7 = 0.778,8-33-23-39-8 = 1.0,8-12-47-11-8 = 1.0,8-45-20-44-43-4 = 0.111,5-18-54-34-13-5 = 0.444,5-35-38-5 = 1.0,5-25-58-10-49-8 = 0.111,5-56-55-32-5 = 1.0,5-18-54-13-14-5 = 0.444,5-54-34-13-14-5 = 0.111,5-18-25-9-49-19-8 = 0.111,5-25-9-51-44-4 = 0.333,5-25-9-46-14-5 = 0.444,5-34-58-10-49-19-8 = 0.444,4-17-57-4 = 1.0,4-45-20-44-43-4 = 0.222,4-51-46-43-4 = 0.556,4-10-51-43-4 = 0.111,4-44-58-10-49-19-8 = 0.333,4-41-50-16-5 = 1.0,4-45-20-22-4 = 0.556,8-27-53-8 = 1.0,4-45-20-9-58-29-7 = 0.111,,,,,,,,,,,,,,,,,
652,628,735.775,0,1.64,0,Prune by CG,,4-22-4 = 0.5,5-42-5 = 1.0,7-31-52-29-19-8 = 0.2,7-48-24-30-7 = 1.0,7-21-26-36-7 = 0.2,8-40-28-15-4 = 1.0,7-52-29-37-7 = 0.8,7-31-21-26-36-7 = 0.8,8-33-23-39-8 = 1.0,8-12-47-11-8 = 0.2,8-45-20-44-43-4 = 0.5,8-45-20-22-4 = 0.5,5-35-56-14-5 = 0.1,5-18-54-34-13-5 = 0.6,5-32-55-14-5 = 0.1,5-35-38-5 = 0.9,5-25-58-10-49-8 = 0.2,5-56-55-32-5 = 0.9,5-18-54-13-14-5 = 0.4,5-25-9-46-47-8 = 0.1,5-25-9-51-44-4 = 0.3,5-25-9-46-14-5 = 0.4,5-34-58-10-49-19-8 = 0.4,4-17-57-4 = 1.0,4-51-46-43-4 = 0.5,4-44-58-10-49-19-8 = 0.2,4-41-50-16-5 = 1.0,4-12-47-11-8 = 0.7,4-12-9-58-49-19-8 = 0.1,4-9-58-49-19-11-8 = 0.1,5-42-38-5 = 0.1,8-27-53-8 = 1.0,4-51-10-37-7 = 0.2,,,,,,,,,,,,,,,,,
651,628,734.151,5.391,0.017,-0.498,653,654,4-22-4 = 0.435,7-30-7 = 0.043,8-39-8 = 0.043,5-42-5 = 1.0,7-36-26-7 = 0.043,7-31-52-29-19-8 = 0.043,7-31-52-37-7 = 0.043,7-48-37-7 = 0.043,7-24-30-7 = 0.043,7-48-24-30-7 = 0.913,7-21-26-36-7 = 0.043,8-40-28-15-4 = 1.0,7-52-29-37-7 = 0.913,7-31-21-26-36-7 = 0.913,8-33-23-11-8 = 0.043,8-33-23-39-8 = 0.957,8-12-10-58-5 = 0.043,8-12-47-11-8 = 0.957,5-18-54-34-13-5 = 0.391,5-35-38-5 = 1.0,5-25-58-10-49-8 = 0.043,5-56-55-32-5 = 1.0,5-18-54-13-14-5 = 0.478,5-54-34-13-14-5 = 0.087,5-25-9-46-47-4 = 0.043,5-18-25-9-49-19-8 = 0.13,5-25-9-51-44-4 = 0.348,5-25-9-46-14-5 = 0.391,5-34-58-10-49-19-8 = 0.522,4-17-57-4 = 1.0,4-45-20-44-43-4 = 0.348,4-51-46-43-4 = 0.565,4-10-51-43-4 = 0.087,5-25-54-14-5 = 0.043,4-44-58-10-49-19-8 = 0.304,4-41-50-16-5 = 1.0,4-45-20-22-4 = 0.565,7-21-48-24-7 = 0.043,8-27-53-8 = 1.0,4-45-20-9-58-13-5 = 0.043,4-45-20-9-58-29-7 = 0.043,,,,,,,,,
654,651,737.18,0,3.028,0,Prune by CG,,4-22-4 = 0.5,5-42-5 = 1.0,7-31-52-29-19-8 = 0.167,7-31-52-37-7 = 0.167,7-48-24-30-7 = 1.0,7-21-26-36-7 = 0.333,8-40-28-15-4 = 1.0,7-52-29-37-7 = 0.667,7-31-21-26-36-7 = 0.667,8-33-23-39-8 = 1.0,8-12-47-11-8 = 1.0,5-35-38-5 = 1.0,5-56-55-32-5 = 1.0,5-18-54-13-14-5 = 0.5,5-54-34-13-14-5 = 0.5,5-25-58-10-49-4 = 0.167,5-18-25-9-49-19-8 = 0.5,5-25-9-51-44-4 = 0.333,5-34-58-10-46-4 = 0.167,5-34-58-10-46-5 = 0.333,4-17-57-4 = 1.0,4-45-20-44-43-4 = 0.333,4-51-46-43-4 = 0.5,4-41-50-16-5 = 1.0,4-45-20-22-4 = 0.5,8-27-53-8 = 1.0,4-44-51-43-19-8 = 0.167,4-45-9-58-29-37-7 = 0.167,4-44-10-49-19-8 = 0.167,4-20-49-10-58-5 = 0.167,,,,,,,,,,,,,,,,,,,,
653,651,734.189,5.388,0.037,-0.004,655,656,4-22-4 = 0.327,7-30-7 = 0.041,8-39-8 = 0.041,5-42-5 = 1.0,7-36-26-7 = 0.041,7-31-52-29-19-8 = 0.02,7-31-52-37-7 = 0.02,7-48-37-7 = 0.02,7-24-30-7 = 0.02,7-48-24-30-7 = 0.939,8-40-28-15-4 = 1.0,7-52-29-37-7 = 0.959,7-31-21-26-36-7 = 0.959,8-33-23-11-8 = 0.041,8-33-23-39-8 = 0.959,8-12-47-11-8 = 0.959,5-35-56-5 = 0.102,5-18-54-34-13-5 = 0.551,5-32-55-14-5 = 0.102,5-35-38-5 = 0.898,5-25-58-10-49-8 = 0.02,5-56-55-32-5 = 0.898,5-18-54-13-14-5 = 0.449,5-25-9-46-47-4 = 0.041,5-25-9-51-44-4 = 0.327,5-25-9-46-14-5 = 0.449,5-34-58-10-49-19-8 = 0.449,4-17-57-4 = 1.0,4-45-20-44-43-4 = 0.327,4-51-46-43-4 = 0.51,4-10-51-43-4 = 0.163,5-25-9-58-49-19-8 = 0.163,4-44-58-10-49-19-8 = 0.347,4-41-50-16-5 = 1.0,4-12-9-58-49-19-8 = 0.02,5-42-38-5 = 0.102,4-45-20-22-4 = 0.673,7-21-48-24-7 = 0.041,8-27-53-8 = 1.0,8-12-10-29-7 = 0.02,,,,,,,,,,
655,653,738.162,0,3.973,0,Prune by CG,,4-22-4 = 0.549,5-42-5 = 1.0,7-31-52-29-19-8 = 0.118,7-48-24-30-7 = 1.0,7-21-26-36-7 = 0.118,8-40-28-15-4 = 1.0,7-52-29-37-7 = 0.882,7-31-21-26-36-7 = 0.882,8-33-23-39-8 = 1.0,8-12-47-11-8 = 1.0,8-10-46-14-5 = 0.118,5-18-54-34-13-5 = 0.412,5-35-38-5 = 1.0,5-25-58-10-49-8 = 0.118,5-56-55-32-5 = 1.0,5-18-54-13-14-5 = 0.529,5-18-54-34-14-5 = 0.059,5-34-10-51-44-4 = 0.314,4-17-57-4 = 1.0,4-20-9-51-44-4 = 0.059,4-45-20-44-43-4 = 0.49,4-51-46-43-4 = 0.49,5-25-9-58-49-19-8 = 0.882,4-41-50-16-5 = 1.0,4-45-20-22-4 = 0.451,8-27-53-8 = 1.0,4-44-51-43-14-5 = 0.02,4-44-10-46-5 = 0.118,5-34-10-46-14-5 = 0.216,4-51-10-37-7 = 0.118,4-45-9-46-13-14-5 = 0.059,,,,,,,,,,,,,,,,,,,
656,653,734.251,5.4,0.062,0.012,657,658,4-22-4 = 0.4,8-39-8 = 0.1,5-42-5 = 1.0,7-48-24-30-7 = 1.0,8-40-28-15-4 = 1.0,7-52-29-37-7 = 1.0,7-31-21-26-36-7 = 1.0,8-33-23-11-8 = 0.1,8-33-23-39-8 = 0.9,8-12-47-11-8 = 0.9,5-18-54-34-13-5 = 0.4,5-32-55-14-5 = 0.1,5-35-38-5 = 0.9,5-56-55-32-5 = 0.9,5-18-54-13-14-5 = 0.5,5-18-25-54-5 = 0.1,5-25-9-46-47-4 = 0.1,5-25-9-51-44-4 = 0.3,5-25-9-46-14-5 = 0.4,5-34-58-10-49-19-8 = 0.6,4-17-57-4 = 1.0,4-45-20-44-43-4 = 0.4,4-51-46-43-4 = 0.5,4-10-51-43-4 = 0.1,4-44-58-10-49-19-8 = 0.3,4-41-50-16-5 = 1.0,4-12-9-58-49-19-8 = 0.1,5-42-38-5 = 0.1,4-45-20-22-4 = 0.6,5-35-56-42-5 = 0.1,8-27-53-8 = 1.0,5-25-9-51-13-5 = 0.1,,,,,,,,,,,,,,,,,,
657,656,736.703,0,2.452,0,Prune by CG,,4-22-4 = 0.667,5-42-5 = 1.0,7-48-24-30-7 = 1.0,8-40-28-15-4 = 1.0,7-52-29-37-7 = 1.0,7-31-21-26-36-7 = 1.0,8-33-23-39-8 = 1.0,8-12-47-11-8 = 1.0,5-41-50-16-5 = 0.333,5-18-54-34-13-5 = 0.333,5-35-38-5 = 1.0,5-25-51-43-4 = 0.333,5-56-55-32-5 = 1.0,5-18-54-13-14-5 = 0.667,5-34-58-10-49-19-8 = 0.667,4-17-57-4 = 1.0,4-45-20-44-43-4 = 0.333,4-51-46-43-4 = 0.333,4-25-9-51-44-4 = 0.333,4-44-58-10-49-19-8 = 0.333,4-41-50-16-5 = 0.667,4-45-20-22-4 = 0.333,8-27-53-8 = 1.0,4-25-9-46-14-5 = 0.333,4-45-20-9-46-4 = 0.333,,,,,,,,,,,,,,,,,,,,,,,,,
658,656,734.342,5.273,0.091,-0.127,659,660,4-22-4 = 0.455,7-30-7 = 0.061,8-39-8 = 0.03,5-42-5 = 1.0,7-36-26-7 = 0.061,7-31-52-37-7 = 0.03,7-48-24-30-7 = 0.939,7-31-58-10-49-19-8 = 0.03,8-40-28-15-4 = 1.0,7-52-29-37-7 = 0.97,7-31-21-26-36-7 = 0.939,8-33-23-11-8 = 0.03,8-33-23-39-8 = 0.97,8-12-47-11-8 = 0.97,5-35-56-5 = 0.03,5-18-54-34-13-5 = 0.424,5-32-55-14-5 = 0.03,5-35-38-5 = 0.97,5-54-9-58-49-19-8 = 0.061,5-56-55-32-5 = 0.97,5-18-54-13-14-5 = 0.455,5-18-25-9-51-4 = 0.121,5-25-9-46-47-8 = 0.03,5-25-9-51-44-4 = 0.212,5-25-9-46-14-5 = 0.455,5-34-58-10-49-19-8 = 0.576,4-17-57-4 = 1.0,4-45-20-44-43-4 = 0.455,4-51-46-43-4 = 0.515,4-10-51-43-4 = 0.03,5-25-54-14-5 = 0.061,4-44-58-10-49-19-8 = 0.333,4-41-50-16-5 = 1.0,5-42-38-5 = 0.03,4-45-20-22-4 = 0.545,7-21-48-24-7 = 0.061,8-27-53-8 = 1.0,5-25-9-51-13-5 = 0.121,8-12-10-29-7 = 0.03,,,,,,,,,,,
659,658,736.337,0,1.995,0,Prune by CG,,4-22-4 = 0.182,8-39-8 = 0.273,5-42-5 = 1.0,7-48-24-30-7 = 1.0,8-40-28-15-4 = 1.0,7-52-29-37-7 = 1.0,7-31-21-26-36-7 = 1.0,8-33-23-11-8 = 0.273,8-33-23-39-8 = 0.727,8-12-46-14-5 = 0.091,8-12-47-11-8 = 0.636,5-35-56-14-5 = 0.091,5-18-54-34-13-5 = 0.273,5-32-55-14-5 = 0.091,5-35-38-5 = 0.909,5-56-55-32-5 = 0.909,5-18-54-13-14-5 = 0.091,5-18-25-9-43-4 = 0.364,5-18-25-9-51-4 = 0.273,5-54-34-13-14-5 = 0.636,5-25-9-46-47-4 = 0.273,5-25-9-51-44-4 = 0.091,5-34-58-10-49-19-8 = 0.091,4-17-57-4 = 1.0,4-51-46-43-4 = 0.636,4-44-58-10-49-19-8 = 0.909,4-41-50-16-5 = 1.0,4-12-47-11-8 = 0.091,5-42-38-5 = 0.091,4-45-20-22-4 = 0.818,4-45-20-12-4 = 0.182,8-27-53-8 = 1.0,,,,,,,,,,,,,,,,,,
660,658,735.893,0,1.552,0,Prune by CG,,4-22-4 = 0.6,7-30-7 = 0.02,8-33-8 = 0.01,8-39-8 = 0.02,5-42-5 = 1.0,7-36-26-7 = 0.029,7-31-52-29-19-8 = 0.01,7-31-52-37-7 = 0.01,7-48-37-7 = 0.01,7-24-30-7 = 0.01,7-48-24-30-7 = 0.971,7-31-49-10-51-4 = 0.01,8-40-28-15-4 = 1.0,7-52-29-37-7 = 0.98,7-31-21-26-36-7 = 0.971,8-33-23-11-8 = 0.01,8-33-23-39-8 = 0.98,8-12-47-11-8 = 0.99,5-35-56-21-7 = 0.01,5-18-54-34-13-5 = 0.185,5-35-38-5 = 0.99,5-54-9-58-49-19-8 = 0.141,5-56-55-32-5 = 0.99,5-18-54-13-14-5 = 0.507,5-18-25-54-5 = 0.166,5-18-25-9-51-5 = 0.107,5-18-55-32-5 = 0.01,5-25-9-46-14-5 = 0.493,5-34-10-51-44-4 = 0.141,5-34-13-51-46-4 = 0.073,5-34-58-10-49-19-8 = 0.6,4-17-57-4 = 1.0,4-45-20-44-43-4 = 0.6,4-51-46-43-4 = 0.4,4-44-58-10-49-19-8 = 0.249,4-41-50-16-5 = 1.0,5-42-38-5 = 0.01,4-45-20-22-4 = 0.4,7-21-48-24-7 = 0.02,8-27-53-8 = 1.0,8-12-46-29-7 = 0.01,5-25-9-51-13-5 = 0.234,5-18-9-51-46-4 = 0.024,5-58-51-44-47-23-8 = 0.01,,,,,,
609,608,733.541,7.174,0.812,0.574,661,662,4-22-4 = 0.348,5-42-5 = 1.0,7-31-52-29-19-8 = 0.478,7-48-24-30-7 = 1.0,7-21-26-36-7 = 0.478,7-52-29-37-7 = 0.522,7-31-21-26-36-7 = 0.522,8-33-39-8 = 1.0,8-12-47-11-8 = 0.957,8-12-9-58-43-4 = 0.043,8-10-49-19-37-7 = 0.478,8-25-9-10-47-4 = 0.043,8-45-20-40-23-8 = 0.435,5-41-50-16-5 = 0.261,5-18-54-34-13-5 = 0.87,5-35-38-5 = 1.0,5-54-58-28-4 = 0.13,5-25-51-43-4 = 0.087,5-56-55-32-5 = 1.0,5-25-9-51-44-4 = 0.13,5-25-9-46-14-5 = 0.522,5-25-9-44-43-4 = 0.087,5-58-51-44-43-4 = 0.783,4-28-15-4 = 0.087,4-15-57-4 = 0.13,4-22-57-4 = 0.652,4-17-57-4 = 0.217,4-17-15-28-4 = 0.783,4-45-20-40-23-8 = 0.565,4-41-50-16-5 = 0.739,8-9-58-49-19-11-8 = 0.043,8-49-10-46-14-5 = 0.478,8-27-53-8 = 1.0,5-18-25-9-34-13-5 = 0.13,,,,,,,,,,,,,,,,
662,609,733.708,6.702,0.167,-0.472,663,664,4-22-4 = 0.383,5-42-5 = 1.0,7-31-52-29-19-8 = 0.489,7-48-24-30-7 = 1.0,7-21-26-36-7 = 0.489,7-52-29-37-7 = 0.511,7-31-21-26-36-7 = 0.511,8-33-39-8 = 1.0,8-12-47-11-8 = 0.979,8-12-9-10-49-8 = 0.021,8-10-49-19-37-7 = 0.489,8-45-20-40-23-8 = 0.532,5-41-50-16-5 = 0.191,5-18-54-34-13-5 = 0.851,5-35-38-5 = 1.0,5-54-58-28-4 = 0.149,5-25-51-43-4 = 0.043,5-56-55-32-5 = 1.0,5-18-58-51-43-4 = 0.043,5-25-9-46-14-5 = 0.787,5-34-58-51-28-4 = 0.043,5-58-51-44-43-4 = 0.745,8-49-10-51-44-4 = 0.085,8-49-10-44-43-4 = 0.17,4-15-57-4 = 0.191,4-22-57-4 = 0.617,4-17-57-4 = 0.191,4-17-15-28-4 = 0.809,4-45-20-40-23-8 = 0.468,4-41-50-16-5 = 0.809,8-9-58-49-19-11-8 = 0.021,8-49-10-46-14-5 = 0.213,8-27-53-8 = 1.0,5-25-9-51-13-5 = 0.043,5-18-25-9-34-13-5 = 0.106,8-25-9-10-47-8 = 0.021,,,,,,,,,,,,,,
664,662,740.125,0,6.417,0,Prune by CG,,4-22-4 = 0.143,5-42-5 = 1.0,7-31-52-29-19-8 = 0.5,7-31-52-37-7 = 0.5,7-48-24-30-7 = 1.0,7-21-26-36-7 = 1.0,8-33-39-8 = 1.0,8-12-10-44-4 = 0.357,8-12-47-11-8 = 0.5,8-10-44-28-4 = 0.071,5-41-50-16-5 = 0.714,5-18-54-34-13-5 = 1.0,5-35-38-5 = 1.0,5-25-51-43-4 = 0.214,5-56-55-32-5 = 1.0,5-25-9-46-14-5 = 0.786,5-58-51-44-43-4 = 0.286,8-49-51-44-43-4 = 0.286,8-49-58-51-43-4 = 0.214,4-15-57-4 = 0.071,4-22-57-4 = 0.857,4-17-57-4 = 0.071,4-17-15-28-4 = 0.929,4-45-20-40-23-8 = 1.0,4-41-50-16-5 = 0.286,4-12-47-11-8 = 0.143,8-27-53-8 = 1.0,8-9-10-46-14-5 = 0.214,8-10-47-11-8 = 0.357,8-49-58-29-19-37-7 = 0.5,,,,,,,,,,,,,,,,,,,,
663,662,733.749,6.833,0.041,0.131,665,666,4-22-4 = 0.375,5-42-5 = 1.0,7-31-52-29-19-8 = 0.5,7-48-24-30-7 = 1.0,7-21-26-36-7 = 0.5,7-52-29-37-7 = 0.5,7-31-21-26-36-7 = 0.5,8-33-39-8 = 1.0,8-12-47-11-8 = 1.0,8-10-49-19-37-7 = 0.5,8-45-20-40-23-8 = 0.5,5-41-50-16-5 = 0.167,5-18-54-34-13-5 = 0.833,5-35-38-5 = 1.0,5-54-58-15-4 = 0.042,5-54-58-28-4 = 0.125,5-56-55-32-5 = 1.0,5-18-58-51-43-4 = 0.083,5-25-9-46-14-5 = 0.833,5-34-58-51-28-4 = 0.083,5-58-51-44-43-4 = 0.667,8-49-10-51-44-4 = 0.083,8-49-10-44-43-4 = 0.25,4-15-57-4 = 0.167,4-22-57-4 = 0.625,4-17-57-4 = 0.208,4-17-15-28-4 = 0.792,4-45-20-40-23-8 = 0.5,4-41-50-16-5 = 0.833,8-49-10-46-14-5 = 0.167,8-27-53-8 = 1.0,5-25-9-51-13-5 = 0.083,5-18-25-9-34-13-5 = 0.083,,,,,,,,,,,,,,,,,
666,663,736.562,0,2.813,0,Prune by CG,,4-22-4 = 0.429,5-42-5 = 1.0,7-31-52-29-19-8 = 0.429,7-31-52-37-7 = 0.143,7-21-52-29-7 = 0.143,7-30-24-26-36-7 = 0.143,7-48-21-26-7 = 0.143,7-48-24-30-7 = 0.857,7-21-26-36-7 = 0.571,7-31-58-51-43-4 = 0.286,7-52-29-37-7 = 0.286,7-31-21-26-36-7 = 0.143,8-33-39-8 = 1.0,8-12-47-11-8 = 1.0,8-10-49-19-37-7 = 0.429,5-41-50-16-5 = 0.286,5-35-56-36-7 = 0.143,5-18-54-34-13-5 = 0.857,5-38-50-16-5 = 0.071,5-38-41-57-4 = 0.071,5-35-38-5 = 0.857,5-54-58-28-4 = 0.143,5-56-55-32-5 = 0.857,5-18-55-32-5 = 0.143,5-25-9-46-14-5 = 1.0,5-13-15-57-4 = 0.143,8-49-10-51-44-4 = 0.286,8-49-10-44-43-4 = 0.286,4-28-15-4 = 0.071,4-22-57-4 = 0.571,4-17-57-4 = 0.214,4-17-15-28-4 = 0.786,5-34-58-29-19-37-7 = 0.143,4-45-20-40-23-8 = 1.0,4-41-50-16-5 = 0.643,8-27-53-8 = 1.0,8-58-51-44-43-4 = 0.429,,,,,,,,,,,,,
649,648,734.415,6.5,0.22,0.545,667,668,4-22-4 = 0.75,5-42-5 = 1.0,7-48-24-30-7 = 1.0,7-52-29-37-7 = 1.0,8-12-46-13-5 = 0.167,7-31-21-26-36-7 = 1.0,8-33-23-39-8 = 0.833,8-33-40-11-8 = 0.167,8-40-23-39-8 = 0.167,8-12-47-11-8 = 0.833,8-10-46-13-5 = 0.167,8-40-44-51-43-4 = 0.667,5-35-56-38-5 = 0.083,5-18-54-34-13-5 = 0.167,5-35-38-5 = 0.917,5-54-9-58-49-19-8 = 0.167,5-56-55-32-5 = 0.917,5-18-54-13-14-5 = 0.5,5-18-25-54-5 = 0.167,5-18-25-9-51-4 = 0.083,5-25-9-46-47-4 = 0.167,5-18-55-32-5 = 0.083,5-25-9-51-44-4 = 0.083,5-25-9-46-14-5 = 0.5,5-34-58-10-49-19-8 = 0.833,4-15-57-4 = 0.5,4-17-57-4 = 0.5,4-17-15-28-4 = 0.5,4-20-51-43-4 = 0.083,4-45-20-28-4 = 0.5,4-45-20-44-43-4 = 0.167,4-45-44-51-43-4 = 0.083,4-41-50-16-5 = 1.0,4-45-20-22-4 = 0.25,8-27-53-8 = 1.0,,,,,,,,,,,,,,,
667,649,737.031,0,2.616,0,Prune by CG,,4-22-4 = 0.658,8-39-8 = 0.184,5-42-5 = 0.829,7-30-24-26-36-7 = 0.013,7-48-24-30-7 = 0.987,7-21-54-34-14-5 = 0.026,7-31-52-54-5 = 0.026,7-48-26-36-7 = 0.013,7-52-29-37-7 = 0.974,8-12-46-13-5 = 0.303,7-31-21-26-36-7 = 0.974,8-33-23-11-8 = 0.158,8-33-23-39-8 = 0.526,8-33-40-11-8 = 0.316,8-40-23-39-8 = 0.289,8-12-46-14-5 = 0.171,8-12-47-11-8 = 0.5,8-10-51-43-4 = 0.079,8-40-44-51-43-4 = 0.395,5-18-54-55-5 = 0.086,5-18-54-32-5 = 0.086,5-18-54-34-13-5 = 0.053,5-35-38-5 = 0.914,5-25-51-43-4 = 0.053,5-54-9-58-49-19-8 = 0.079,5-56-55-32-5 = 0.914,5-18-54-13-14-5 = 0.645,5-18-25-9-43-4 = 0.132,5-25-9-46-47-4 = 0.5,5-34-58-10-49-19-8 = 0.921,4-15-57-4 = 0.5,4-17-57-4 = 0.5,4-17-15-28-4 = 0.5,4-45-20-28-4 = 0.5,4-45-20-44-43-4 = 0.158,4-25-9-51-44-4 = 0.289,4-41-50-16-5 = 1.0,5-42-38-5 = 0.086,4-45-20-22-4 = 0.342,4-25-51-43-4 = 0.026,5-35-56-42-5 = 0.086,8-27-53-8 = 1.0,8-12-46-29-7 = 0.026,4-44-51-43-14-5 = 0.158,8-23-11-37-7 = 0.026,,,,,
668,649,735.612,0,1.197,0,Prune by CG,,4-22-4 = 0.8,5-42-5 = 1.0,7-48-24-30-7 = 1.0,8-53-27-40-23-8 = 0.2,7-52-29-37-7 = 1.0,7-31-21-26-36-7 = 1.0,8-33-23-39-8 = 0.8,8-33-39-8 = 0.2,8-12-47-11-8 = 1.0,8-10-46-13-5 = 0.2,8-40-44-51-43-4 = 0.8,5-18-54-34-13-5 = 0.2,5-35-38-5 = 1.0,5-25-46-13-5 = 0.2,5-54-9-58-49-19-8 = 0.2,5-56-55-32-5 = 1.0,5-18-54-13-14-5 = 0.4,5-18-25-54-5 = 0.2,5-25-9-46-14-5 = 0.6,5-34-58-10-49-19-8 = 0.8,4-15-57-4 = 0.4,4-17-57-4 = 0.6,4-17-15-28-4 = 0.4,4-45-20-28-4 = 0.6,4-45-20-44-43-4 = 0.2,4-41-50-16-5 = 1.0,4-45-20-22-4 = 0.2,8-27-53-8 = 0.8,5-18-9-51-15-4 = 0.2,,,,,,,,,,,,,,,,,,,,,
646,644,734.255,6.706,0.071,0.541,669,670,4-22-4 = 0.397,8-39-8 = 0.103,5-42-5 = 1.0,7-31-52-29-19-8 = 0.088,7-21-52-29-5 = 0.5,7-48-29-37-7 = 0.029,7-30-24-26-36-7 = 0.265,7-48-24-30-7 = 0.735,7-31-52-54-5 = 0.059,7-48-26-36-7 = 0.235,8-53-27-8 = 1.0,7-31-21-26-36-7 = 0.5,8-33-23-39-8 = 0.103,8-33-39-8 = 0.794,8-33-40-11-8 = 0.103,8-12-44-28-4 = 0.118,8-12-47-11-8 = 0.794,8-12-9-10-49-8 = 0.029,8-10-49-19-37-7 = 0.912,7-31-52-29-14-5 = 0.353,5-35-56-38-5 = 0.015,5-18-54-34-13-5 = 0.294,5-35-38-5 = 0.985,5-25-51-43-4 = 0.044,5-25-58-46-4 = 0.059,5-56-55-32-5 = 0.985,5-18-54-13-14-5 = 0.647,5-18-55-32-5 = 0.015,5-18-58-51-43-4 = 0.044,5-25-9-51-44-4 = 0.868,5-34-13-46-43-4 = 0.015,5-34-58-46-43-4 = 0.691,4-28-15-4 = 0.132,4-15-57-4 = 0.132,4-22-57-4 = 0.603,4-17-57-4 = 0.265,4-17-15-28-4 = 0.735,4-12-44-28-4 = 0.015,4-45-20-40-23-8 = 0.897,4-41-50-16-5 = 1.0,4-45-20-11-8 = 0.103,8-12-9-49-37-7 = 0.044,8-9-10-49-37-7 = 0.015,4-9-10-51-13-5 = 0.044,5-58-46-47-43-4 = 0.206,5-25-46-29-7 = 0.029,,,,
670,646,735.676,0,1.421,0,Prune by CG,,4-22-4 = 0.856,5-42-5 = 0.769,7-21-52-29-5 = 0.5,7-30-24-26-36-7 = 0.25,7-48-24-30-7 = 0.75,7-31-52-54-5 = 0.154,7-48-26-36-7 = 0.25,8-40-28-15-4 = 0.25,7-31-21-26-36-7 = 0.5,8-33-23-39-8 = 0.404,8-33-39-8 = 0.442,8-33-40-11-8 = 0.154,8-53-39-8 = 0.154,8-10-49-19-37-7 = 0.846,7-31-52-29-14-5 = 0.346,8-45-20-40-23-8 = 0.154,5-18-54-34-13-5 = 0.192,5-35-38-5 = 0.885,5-25-51-43-4 = 0.038,5-25-58-46-4 = 0.038,5-56-55-32-5 = 0.885,5-18-54-13-14-5 = 0.654,5-25-9-10-58-4 = 0.077,5-18-55-32-5 = 0.115,5-18-58-51-43-4 = 0.038,5-25-9-51-44-4 = 0.846,5-34-13-46-43-4 = 0.154,5-34-58-46-43-4 = 0.615,5-34-58-10-46-4 = 0.038,4-15-57-4 = 0.375,4-17-57-4 = 0.625,4-17-15-28-4 = 0.375,4-12-44-28-4 = 0.115,4-45-20-28-4 = 0.26,4-12-9-58-51-4 = 0.038,4-45-20-40-23-8 = 0.442,4-41-50-16-5 = 1.0,4-12-47-11-8 = 0.846,5-42-38-5 = 0.115,4-45-20-22-4 = 0.144,5-35-56-42-5 = 0.115,8-27-53-8 = 0.846,8-27-49-29-19-37-7 = 0.154,8-9-10-51-44-4 = 0.038,5-58-46-47-43-4 = 0.154,,,,,
669,646,734.266,6.727,0.01,0.021,671,672,4-22-4 = 0.394,8-39-8 = 0.098,5-42-5 = 1.0,7-31-52-29-19-8 = 0.091,7-21-52-29-5 = 0.5,7-48-29-37-7 = 0.03,7-30-24-26-36-7 = 0.265,7-48-24-30-7 = 0.735,7-31-52-54-5 = 0.061,7-48-26-36-7 = 0.235,7-31-21-26-36-7 = 0.5,8-33-23-39-8 = 0.098,8-33-39-8 = 0.803,8-33-40-11-8 = 0.098,8-12-44-28-4 = 0.121,8-12-47-11-8 = 0.803,8-12-9-10-49-8 = 0.03,8-10-49-19-37-7 = 0.909,7-31-52-29-14-5 = 0.348,5-35-56-38-5 = 0.03,5-18-54-34-13-5 = 0.288,5-35-38-5 = 0.97,5-25-51-43-4 = 0.045,5-25-58-46-4 = 0.061,5-56-55-32-5 = 0.97,5-18-54-13-14-5 = 0.652,5-18-55-32-5 = 0.03,5-18-58-51-43-4 = 0.03,5-25-9-51-44-4 = 0.864,5-34-13-46-43-4 = 0.015,5-34-58-46-43-4 = 0.697,5-58-51-44-43-4 = 0.015,4-28-15-4 = 0.152,4-15-57-4 = 0.121,4-22-57-4 = 0.606,4-17-57-4 = 0.273,4-17-15-28-4 = 0.727,4-45-20-40-23-8 = 0.902,4-41-50-16-5 = 1.0,4-45-20-11-8 = 0.098,8-27-53-8 = 1.0,8-12-9-49-37-7 = 0.045,8-9-10-49-37-7 = 0.015,4-9-10-51-13-5 = 0.045,5-58-46-47-43-4 = 0.197,5-25-46-29-7 = 0.03,,,,
671,669,736.321,0,2.055,0,Prune by CG,,4-22-4 = 0.375,8-39-8 = 0.125,5-42-5 = 1.0,7-31-52-29-19-8 = 0.125,7-21-52-29-5 = 0.5,7-30-24-26-36-7 = 0.25,7-48-24-30-7 = 0.75,7-48-26-36-7 = 0.25,7-31-21-26-36-7 = 0.5,8-33-23-39-8 = 0.125,8-33-39-8 = 0.75,8-33-40-11-8 = 0.125,8-12-44-28-4 = 0.125,8-12-47-11-8 = 0.75,7-31-52-29-14-5 = 0.375,5-18-54-34-13-5 = 0.375,5-35-38-5 = 1.0,5-25-51-43-4 = 0.125,5-25-58-46-4 = 0.125,5-56-55-32-5 = 1.0,5-18-54-13-14-5 = 0.625,5-34-58-46-43-4 = 0.625,8-49-10-51-44-4 = 0.875,4-28-15-4 = 0.125,4-15-57-4 = 0.125,4-22-57-4 = 0.625,4-17-57-4 = 0.25,4-17-15-28-4 = 0.75,5-25-9-19-37-7 = 0.75,4-45-20-40-23-8 = 0.875,4-41-50-16-5 = 1.0,4-45-20-11-8 = 0.125,4-9-10-19-37-7 = 0.125,8-27-53-8 = 1.0,8-12-9-49-37-7 = 0.125,5-58-46-47-43-4 = 0.25,,,,,,,,,,,,,,
672,669,734.309,6.833,0.043,0.106,673,674,4-22-4 = 0.417,8-39-8 = 0.021,5-42-5 = 1.0,7-31-52-29-19-8 = 0.042,7-21-52-29-5 = 0.5,7-48-29-37-7 = 0.042,7-30-24-26-36-7 = 0.271,7-48-24-30-7 = 0.729,7-31-52-54-5 = 0.125,7-48-26-36-7 = 0.229,7-31-21-26-36-7 = 0.5,8-33-23-39-8 = 0.062,8-33-39-8 = 0.875,8-33-40-11-8 = 0.062,8-53-39-8 = 0.042,8-12-44-28-4 = 0.083,8-12-47-11-8 = 0.875,8-12-9-10-49-8 = 0.042,8-10-49-19-37-7 = 0.917,7-31-52-29-14-5 = 0.333,5-35-56-38-5 = 0.083,5-18-54-34-13-5 = 0.208,5-35-38-5 = 0.917,5-25-58-46-4 = 0.042,5-56-55-32-5 = 0.917,5-18-54-13-14-5 = 0.667,5-18-55-32-5 = 0.083,5-18-58-51-43-4 = 0.042,5-25-9-51-44-4 = 0.875,5-25-9-58-15-4 = 0.042,5-34-13-46-43-4 = 0.083,5-34-58-46-43-4 = 0.708,5-58-51-44-43-4 = 0.042,4-28-15-4 = 0.292,4-15-57-4 = 0.042,4-22-57-4 = 0.583,4-17-57-4 = 0.375,4-17-15-28-4 = 0.625,4-45-20-40-23-8 = 0.938,4-41-50-16-5 = 1.0,4-45-20-11-8 = 0.062,8-27-53-8 = 0.958,8-27-49-29-19-37-7 = 0.042,4-9-10-51-13-5 = 0.042,5-58-46-47-43-4 = 0.125,5-25-46-29-7 = 0.042,,,,
674,672,738.059,0,3.749,0,Prune by CG,,4-22-4 = 0.52,5-42-5 = 1.0,7-31-52-29-19-8 = 0.01,7-21-52-29-5 = 0.5,7-30-24-26-36-7 = 0.25,7-48-24-30-7 = 0.75,7-31-52-54-5 = 0.071,7-48-26-36-7 = 0.25,7-31-21-26-36-7 = 0.5,8-33-23-39-8 = 0.061,8-33-39-8 = 0.877,8-33-40-11-8 = 0.061,8-53-39-8 = 0.061,8-12-44-28-4 = 0.083,8-12-47-11-8 = 0.907,8-12-9-10-49-8 = 0.01,8-10-49-19-37-7 = 0.929,7-31-52-29-14-5 = 0.419,5-18-54-34-13-5 = 0.282,5-35-38-5 = 1.0,5-54-58-46-4 = 0.056,5-25-51-43-4 = 0.275,5-25-58-46-4 = 0.064,5-56-55-32-5 = 1.0,5-18-54-13-14-5 = 0.581,5-18-34-58-46-47-8 = 0.093,5-25-9-51-44-4 = 0.265,5-25-9-58-15-4 = 0.397,5-51-46-43-4 = 0.162,5-34-13-46-43-4 = 0.137,5-34-58-10-46-4 = 0.061,5-34-44-46-43-4 = 0.426,4-22-57-4 = 0.48,4-17-57-4 = 0.52,4-17-15-28-4 = 0.48,4-20-44-28-4 = 0.029,5-54-29-37-7 = 0.01,4-45-20-40-23-8 = 0.939,4-41-50-16-5 = 1.0,4-45-20-11-8 = 0.032,8-27-53-8 = 0.939,8-27-49-29-19-37-7 = 0.061,4-44-28-15-4 = 0.123,5-18-9-58-51-44-4 = 0.044,4-9-58-51-28-4 = 0.255,4-45-9-58-44-28-4 = 0.029,,,,
673,672,734.496,6.556,0.187,-0.278,675,676,4-22-4 = 0.417,8-39-8 = 0.069,5-42-5 = 1.0,7-31-52-29-19-8 = 0.083,7-48-37-7 = 0.083,7-21-52-29-5 = 0.5,7-30-24-26-36-7 = 0.292,7-48-24-30-7 = 0.708,7-31-52-54-5 = 0.083,7-31-52-9-13-5 = 0.028,7-48-26-36-7 = 0.208,7-31-21-26-36-7 = 0.5,8-33-23-39-8 = 0.097,8-33-39-8 = 0.806,8-33-40-11-8 = 0.097,8-53-39-8 = 0.028,8-12-44-28-4 = 0.111,8-12-47-11-8 = 0.833,8-12-9-10-49-8 = 0.056,8-10-49-19-37-7 = 0.889,7-31-52-29-14-5 = 0.306,5-35-56-38-5 = 0.028,5-18-54-34-13-5 = 0.222,5-35-38-5 = 0.972,5-56-55-32-5 = 0.972,5-18-54-13-14-5 = 0.694,5-18-55-32-5 = 0.028,5-18-58-51-43-4 = 0.056,5-25-9-51-44-4 = 0.889,5-34-58-46-43-4 = 0.778,4-28-15-4 = 0.139,4-15-57-4 = 0.139,4-22-57-4 = 0.583,4-17-57-4 = 0.278,4-17-15-28-4 = 0.722,5-25-58-47-43-4 = 0.028,4-45-20-28-4 = 0.028,4-45-20-40-23-8 = 0.903,4-41-50-16-5 = 1.0,4-45-20-11-8 = 0.069,8-27-53-8 = 0.972,8-27-49-29-19-37-7 = 0.028,8-49-10-51-13-5 = 0.028,4-9-10-51-13-5 = 0.028,5-58-46-47-43-4 = 0.139,5-25-46-29-7 = 0.083,,,,
676,673,740.616,0,6.12,0,Prune by CG,,4-22-4 = 0.576,5-42-5 = 0.985,7-31-52-29-19-8 = 0.364,7-48-24-30-7 = 1.0,7-52-54-13-5 = 0.364,7-21-26-36-7 = 0.636,7-31-21-26-36-7 = 0.364,8-33-23-39-8 = 0.182,8-33-39-8 = 0.636,8-33-40-11-8 = 0.182,8-53-39-8 = 0.182,8-12-47-11-8 = 0.788,8-12-9-34-13-14-5 = 0.212,8-10-49-19-37-7 = 0.636,7-31-52-29-14-5 = 0.273,5-35-56-38-5 = 0.606,5-38-50-16-5 = 0.008,5-38-41-57-4 = 0.008,5-35-38-5 = 0.379,5-56-55-32-5 = 0.379,5-18-54-14-5 = 0.273,5-18-25-46-4 = 0.106,5-18-55-32-5 = 0.621,5-25-9-51-44-4 = 0.788,5-34-58-46-43-4 = 0.788,4-28-15-4 = 0.174,4-15-57-4 = 0.121,4-22-57-4 = 0.424,4-17-57-4 = 0.447,4-17-15-28-4 = 0.553,5-25-58-47-43-4 = 0.106,4-45-20-28-4 = 0.121,5-54-29-37-7 = 0.364,4-45-20-40-23-8 = 0.818,4-41-50-16-5 = 0.992,4-45-20-11-8 = 0.03,5-35-56-42-5 = 0.015,8-27-53-8 = 0.818,8-49-10-51-13-5 = 0.182,4-44-28-15-4 = 0.152,4-45-44-51-13-14-5 = 0.03,5-58-46-47-43-4 = 0.106,8-27-49-10-13-14-5 = 0.182,4-20-44-13-14-5 = 0.03,,,,,,
581,578,733.667,6.667,1.342,-0.41,677,678,4-22-4 = 0.667,5-42-5 = 1.0,7-48-24-30-7 = 1.0,7-52-29-37-7 = 1.0,7-31-21-26-36-7 = 1.0,8-33-23-39-8 = 0.667,8-33-39-8 = 0.333,8-45-20-28-4 = 0.333,8-12-10-58-5 = 0.333,8-12-47-11-8 = 0.667,8-40-44-51-43-4 = 0.667,8-45-20-11-8 = 0.333,8-45-20-40-23-8 = 0.333,5-35-38-5 = 1.0,5-56-55-32-5 = 1.0,5-18-54-13-14-5 = 0.333,5-54-34-13-14-5 = 0.667,5-25-9-46-47-8 = 0.333,5-18-25-9-49-19-8 = 0.667,5-34-58-10-46-4 = 0.333,4-15-57-4 = 0.333,4-22-57-4 = 0.333,4-17-57-4 = 0.333,4-17-15-28-4 = 0.667,4-51-46-43-4 = 0.333,4-44-58-10-49-19-8 = 0.333,4-41-50-16-5 = 1.0,8-27-53-8 = 1.0,,,,,,,,,,,,,,,,,,,,,,
677,581,736.995,0,3.328,0,Prune by CG,,4-22-4 = 1.0,5-42-5 = 1.0,7-48-24-30-7 = 1.0,8-53-27-40-23-8 = 0.5,7-52-29-37-7 = 1.0,7-31-21-26-36-7 = 1.0,8-33-23-39-8 = 0.5,8-33-39-8 = 0.5,8-45-20-28-4 = 0.5,8-12-44-15-4 = 0.5,8-12-47-11-8 = 0.5,8-10-51-43-4 = 0.5,8-45-28-15-4 = 0.5,5-35-56-38-5 = 1.0,5-18-54-34-13-5 = 1.0,5-32-55-14-5 = 1.0,5-25-9-46-47-8 = 0.5,4-17-57-4 = 1.0,4-51-46-43-4 = 0.5,5-25-9-58-49-19-8 = 0.5,4-44-58-10-49-19-8 = 0.5,4-20-40-11-8 = 0.5,4-41-50-16-5 = 1.0,8-27-53-8 = 0.5,,,,,,,,,,,,,,,,,,,,,,,,,,
675,673,734.736,6.587,0.24,0.031,679,680,4-22-4 = 0.424,8-39-8 = 0.076,5-42-5 = 1.0,7-31-52-29-19-8 = 0.065,7-48-37-7 = 0.065,7-21-52-29-5 = 0.5,7-30-24-26-36-7 = 0.283,7-48-24-30-7 = 0.717,7-31-52-54-5 = 0.087,7-48-26-36-7 = 0.217,7-31-21-26-36-7 = 0.5,8-33-23-39-8 = 0.098,8-33-39-8 = 0.804,8-33-40-11-8 = 0.098,8-53-39-8 = 0.022,8-12-44-28-4 = 0.087,8-12-47-11-8 = 0.848,8-12-9-10-49-8 = 0.065,8-10-49-19-37-7 = 0.913,7-31-52-29-14-5 = 0.348,5-18-54-34-13-5 = 0.261,5-35-38-5 = 1.0,5-25-58-43-4 = 0.043,5-56-55-32-5 = 1.0,5-18-54-13-14-5 = 0.652,5-18-58-51-43-4 = 0.065,5-25-9-51-44-4 = 0.826,5-34-58-46-43-4 = 0.739,4-28-15-4 = 0.076,4-15-57-4 = 0.174,4-22-57-4 = 0.576,4-17-57-4 = 0.25,4-17-15-28-4 = 0.75,4-45-20-28-4 = 0.087,4-25-9-51-44-4 = 0.087,4-45-20-40-23-8 = 0.902,4-41-50-16-5 = 1.0,4-45-20-11-8 = 0.011,8-27-53-8 = 0.978,8-27-49-29-19-37-7 = 0.022,5-13-46-11-8 = 0.043,5-58-46-47-43-4 = 0.152,5-25-46-29-7 = 0.043,5-18-13-46-29-7 = 0.022,5-9-10-51-13-5 = 0.022,,,,,
679,675,735.019,0,0.283,0,Prune by CG,,4-22-4 = 0.25,5-42-5 = 1.0,7-21-52-29-5 = 0.5,7-30-24-26-36-7 = 0.25,7-48-24-30-7 = 0.75,7-48-26-36-7 = 0.25,7-31-21-26-36-7 = 0.5,8-33-39-8 = 1.0,8-12-47-11-8 = 1.0,8-10-49-19-37-7 = 1.0,7-31-52-29-14-5 = 0.5,5-18-54-34-13-5 = 0.5,5-35-38-5 = 1.0,5-56-55-32-5 = 1.0,5-18-54-13-14-5 = 0.5,5-25-9-51-44-4 = 1.0,5-34-58-46-43-4 = 0.5,5-58-46-43-4 = 0.5,4-15-28-4 = 0.25,4-22-57-4 = 0.75,4-17-57-4 = 0.25,4-17-15-28-4 = 0.75,4-45-20-40-23-8 = 1.0,4-41-50-16-5 = 1.0,8-27-53-8 = 1.0,,,,,,,,,,,,,,,,,,,,,,,,,
680,675,738.694,0,3.957,0,Prune by CG,,4-22-4 = 0.462,5-42-5 = 1.0,7-31-52-29-19-8 = 0.385,7-31-52-32-5 = 0.308,7-48-29-37-7 = 0.077,7-30-24-26-36-7 = 0.077,7-48-24-30-7 = 0.923,7-31-52-55-5 = 0.308,7-21-26-36-7 = 0.923,8-33-23-39-8 = 0.308,8-33-39-8 = 0.615,8-33-40-11-8 = 0.077,8-53-39-8 = 0.077,8-12-47-11-8 = 0.846,8-10-49-19-37-7 = 0.538,5-35-56-38-5 = 0.308,5-35-38-5 = 0.692,5-56-55-32-5 = 0.692,5-18-54-13-14-5 = 1.0,5-25-9-51-44-4 = 0.615,5-34-58-46-43-4 = 1.0,8-49-10-51-44-4 = 0.154,4-15-57-4 = 0.231,4-22-57-4 = 0.538,4-17-57-4 = 0.231,4-17-15-28-4 = 0.769,4-45-20-28-4 = 0.231,4-25-9-51-44-4 = 0.231,4-45-20-40-23-8 = 0.692,4-41-50-16-5 = 1.0,4-45-20-11-8 = 0.077,8-27-53-8 = 0.923,8-27-49-29-19-37-7 = 0.077,4-25-9-10-47-4 = 0.154,8-12-10-29-7 = 0.154,7-21-29-37-7 = 0.077,8-40-49-29-37-7 = 0.231,,,,,,,,,,,,,
661,609,734.349,6.167,0.808,-1.007,681,682,4-22-4 = 0.25,5-42-5 = 1.0,7-31-52-29-19-8 = 0.5,7-31-52-37-7 = 0.333,7-48-24-30-7 = 1.0,7-21-26-36-7 = 0.833,7-52-29-37-7 = 0.167,7-31-21-26-36-7 = 0.167,8-33-39-8 = 1.0,8-12-47-11-8 = 1.0,8-10-49-19-37-7 = 0.167,8-45-20-40-23-8 = 0.417,5-41-50-16-5 = 0.083,5-18-54-34-13-5 = 0.667,5-35-38-5 = 1.0,5-25-46-13-5 = 0.167,5-25-51-43-4 = 0.083,5-54-9-58-43-4 = 0.167,5-56-55-32-5 = 1.0,5-18-54-13-14-5 = 0.167,5-18-58-51-43-4 = 0.167,5-25-9-51-44-4 = 0.417,5-25-9-44-43-4 = 0.333,5-58-51-44-43-4 = 0.25,4-28-15-4 = 0.083,4-15-57-4 = 0.083,4-22-57-4 = 0.75,4-17-57-4 = 0.167,4-17-15-28-4 = 0.833,5-34-58-29-19-37-7 = 0.333,4-45-20-40-23-8 = 0.583,4-41-50-16-5 = 0.917,8-49-10-46-14-5 = 0.833,8-27-53-8 = 1.0,8-9-58-51-28-4 = 0.083,,,,,,,,,,,,,,,
681,661,736.351,0,2.003,0,Prune by CG,,4-22-4 = 0.475,5-42-5 = 0.775,7-31-52-29-19-7 = 0.05,7-31-52-29-19-8 = 0.45,7-31-52-37-7 = 0.05,7-48-24-30-7 = 1.0,7-21-26-36-7 = 0.6,7-52-29-37-7 = 0.45,7-31-21-26-36-7 = 0.4,8-33-39-8 = 1.0,8-12-47-11-8 = 0.85,8-12-9-58-43-4 = 0.15,7-31-29-19-37-7 = 0.05,8-10-49-19-37-7 = 0.3,8-45-20-40-23-8 = 0.15,5-18-54-34-13-5 = 0.7,5-32-55-14-5 = 0.225,5-38-50-16-5 = 0.112,5-38-41-57-4 = 0.112,5-35-38-5 = 0.775,5-25-46-13-5 = 0.3,5-54-9-58-43-4 = 0.225,5-56-55-32-5 = 0.775,5-18-58-51-43-4 = 0.2,5-18-34-58-44-43-4 = 0.1,5-25-9-51-44-4 = 0.625,5-34-58-51-43-4 = 0.05,5-58-51-44-43-4 = 0.125,4-28-15-4 = 0.363,4-22-57-4 = 0.525,4-17-57-4 = 0.363,4-17-15-28-4 = 0.637,5-34-58-44-47-43-4 = 0.15,5-25-54-14-5 = 0.075,4-45-20-40-23-8 = 0.85,4-41-50-16-5 = 0.888,8-49-10-46-14-5 = 0.7,5-35-56-42-5 = 0.225,8-27-53-8 = 1.0,8-11-19-37-7 = 0.15,,,,,,,,,,
682,661,735.896,0,1.548,0,Prune by CG,,4-22-4 = 0.412,5-42-5 = 0.896,7-31-52-29-19-8 = 0.5,7-31-52-37-7 = 0.451,7-48-24-30-7 = 1.0,7-21-26-36-7 = 0.951,7-52-29-37-7 = 0.049,8-12-46-13-5 = 0.018,7-31-21-26-36-7 = 0.049,8-33-39-8 = 1.0,8-12-47-11-8 = 0.982,8-10-46-13-5 = 0.128,8-40-44-51-43-4 = 0.018,8-10-49-19-37-7 = 0.049,8-45-20-11-8 = 0.018,8-45-20-40-23-8 = 0.155,5-18-54-34-13-5 = 0.473,5-38-50-16-5 = 0.052,5-38-41-57-4 = 0.052,5-35-38-5 = 0.896,5-25-51-43-4 = 0.284,5-54-9-58-51-4 = 0.104,5-56-55-32-5 = 0.896,5-18-54-58-44-4 = 0.247,5-18-54-13-14-5 = 0.177,5-18-55-32-5 = 0.104,5-25-9-51-44-4 = 0.223,5-25-9-44-43-4 = 0.494,5-34-13-51-43-4 = 0.174,4-15-57-4 = 0.18,4-22-57-4 = 0.588,4-17-57-4 = 0.18,4-17-15-28-4 = 0.82,5-34-58-29-19-37-7 = 0.323,4-45-20-40-23-8 = 0.826,4-41-50-16-5 = 0.948,8-49-10-46-14-5 = 0.823,5-35-56-42-5 = 0.104,5-34-13-46-43-5 = 0.03,8-27-53-8 = 1.0,8-9-58-51-28-4 = 0.18,8-49-58-29-19-37-7 = 0.128,5-58-51-44-47-23-8 = 0.018,,,,,,,
565,564,731.897,8.991,0.735,1.913,683,684,4-22-4 = 1.0,8-39-8 = 0.07,5-42-5 = 0.696,7-31-52-29-19-8 = 0.313,7-21-52-29-7 = 0.035,7-30-24-26-36-7 = 0.017,7-48-24-30-7 = 0.983,7-21-26-36-7 = 0.617,7-48-26-36-7 = 0.017,7-52-29-37-7 = 0.313,7-31-21-26-36-7 = 0.348,8-33-23-39-8 = 0.661,8-33-39-8 = 0.27,8-33-40-11-8 = 0.07,8-12-44-28-4 = 0.026,8-12-47-11-8 = 0.93,8-40-44-51-43-4 = 0.591,8-12-9-34-13-14-5 = 0.043,8-25-9-46-47-4 = 0.035,7-31-52-29-14-5 = 0.339,5-35-56-14-5 = 0.113,5-18-54-34-13-5 = 0.913,5-32-55-14-5 = 0.417,5-38-50-16-5 = 0.209,5-38-41-57-4 = 0.209,5-35-38-5 = 0.583,5-25-58-10-49-8 = 0.965,5-56-55-32-5 = 0.583,5-18-54-13-14-5 = 0.043,5-18-54-34-14-5 = 0.043,4-15-57-4 = 0.287,4-17-57-4 = 0.504,4-17-15-28-4 = 0.496,7-49-10-46-47-4 = 0.035,4-45-20-28-4 = 0.478,4-45-20-44-43-4 = 0.183,4-51-46-43-4 = 0.209,8-9-46-19-37-7 = 0.687,4-45-20-40-23-8 = 0.339,4-41-50-16-5 = 0.791,5-35-56-42-5 = 0.304,8-27-53-8 = 1.0,8-9-58-46-43-4 = 0.017,8-9-51-44-15-4 = 0.2,8-9-58-46-15-4 = 0.017,,,,,
624,622,733.716,7.667,0.809,0.176,685,686,4-22-4 = 0.667,5-42-5 = 1.0,7-48-24-30-7 = 1.0,7-52-29-37-7 = 1.0,7-31-21-26-36-7 = 1.0,8-33-23-39-8 = 0.444,8-33-39-8 = 0.556,8-45-20-28-4 = 0.333,8-12-47-11-8 = 1.0,8-10-51-43-4 = 0.111,8-40-44-51-43-4 = 0.444,8-45-20-44-43-4 = 0.111,8-45-20-40-23-8 = 0.556,5-41-50-16-5 = 0.444,5-18-54-34-13-5 = 0.444,5-35-38-5 = 1.0,5-54-9-58-49-19-8 = 0.111,5-56-55-32-5 = 1.0,5-18-54-13-14-5 = 0.333,5-18-25-54-5 = 0.111,5-25-9-46-14-5 = 0.667,5-34-58-10-49-19-8 = 0.444,4-15-57-4 = 0.333,4-22-57-4 = 0.333,4-17-57-4 = 0.333,4-17-15-28-4 = 0.667,4-51-46-43-4 = 0.333,4-44-58-10-49-19-8 = 0.444,4-41-50-16-5 = 0.556,8-27-53-8 = 1.0,5-25-9-51-13-5 = 0.111,5-18-25-9-34-13-5 = 0.111,,,,,,,,,,,,,,,,,,
686,624,737.573,0,3.857,0,Prune by CG,,4-22-4 = 1.0,8-39-8 = 0.098,5-42-5 = 0.693,7-31-52-29-19-8 = 0.098,7-31-52-37-7 = 0.098,7-30-24-26-36-7 = 0.049,7-48-21-26-7 = 0.049,7-48-24-30-7 = 0.951,7-21-26-36-7 = 0.098,7-52-29-37-7 = 0.805,7-31-21-26-36-7 = 0.805,8-33-23-39-8 = 0.409,8-33-39-8 = 0.493,8-45-20-28-4 = 0.334,8-33-40-11-8 = 0.098,8-12-44-28-4 = 0.098,8-12-47-11-8 = 0.902,8-10-46-13-5 = 0.182,8-40-44-51-43-4 = 0.311,8-45-20-44-43-4 = 0.075,8-45-20-40-23-8 = 0.591,5-35-56-21-7 = 0.049,5-35-56-36-7 = 0.049,5-18-54-55-5 = 0.03,5-18-54-32-5 = 0.03,5-32-55-14-5 = 0.374,5-38-50-16-5 = 0.202,5-38-41-57-4 = 0.202,5-35-38-5 = 0.595,5-54-9-58-49-19-8 = 0.28,5-56-55-32-5 = 0.595,5-18-54-14-5 = 0.282,5-13-15-57-4 = 0.023,5-34-13-51-46-4 = 0.009,5-34-13-51-15-4 = 0.066,5-34-58-10-46-4 = 0.098,5-34-58-10-49-19-8 = 0.107,4-15-57-4 = 0.343,4-17-57-4 = 0.432,4-17-15-28-4 = 0.568,7-49-10-46-47-4 = 0.098,4-51-46-43-4 = 0.614,5-54-29-37-7 = 0.098,5-25-54-14-5 = 0.28,4-44-58-10-49-19-8 = 0.516,4-41-50-16-5 = 0.798,5-35-56-42-5 = 0.307,8-27-53-8 = 1.0,5-18-25-9-34-13-5 = 0.657,5-25-9-34-13-14-5 = 0.064
665,663,733.906,7.833,0.157,1,687,688,4-22-4 = 0.625,5-42-5 = 0.833,7-31-52-29-19-8 = 0.5,7-48-24-30-7 = 1.0,7-21-26-36-7 = 0.5,7-52-29-37-7 = 0.5,7-31-21-26-36-7 = 0.5,8-33-39-8 = 1.0,8-12-47-11-8 = 1.0,8-10-49-19-37-7 = 0.5,8-45-20-40-23-8 = 0.5,5-18-54-34-13-5 = 0.833,5-38-50-16-5 = 0.083,5-38-41-57-4 = 0.083,5-35-38-5 = 0.833,5-54-58-15-4 = 0.042,5-54-58-28-4 = 0.125,5-56-55-32-5 = 0.833,5-18-55-32-5 = 0.167,5-25-9-46-14-5 = 0.833,5-34-58-51-28-4 = 0.167,5-58-51-44-43-4 = 0.667,8-49-10-44-43-4 = 0.333,4-15-57-4 = 0.25,4-22-57-4 = 0.375,4-17-57-4 = 0.292,4-17-15-28-4 = 0.708,4-45-20-40-23-8 = 0.5,4-41-50-16-5 = 0.917,8-49-10-46-14-5 = 0.167,5-35-56-42-5 = 0.167,8-27-53-8 = 1.0,5-25-9-51-13-5 = 0.167,,,,,,,,,,,,,,,,,
687,665,739.008,0,5.101,0,Prune by CG,,4-22-4 = 0.3,5-42-5 = 1.0,7-31-52-29-19-8 = 0.5,7-48-24-30-7 = 1.0,7-21-26-36-7 = 0.5,7-52-29-37-7 = 0.5,7-31-21-26-36-7 = 0.5,8-33-39-8 = 1.0,8-12-47-11-8 = 0.9,8-12-9-34-13-14-5 = 0.1,8-10-49-19-37-7 = 0.4,8-45-20-40-23-8 = 0.2,5-35-38-5 = 1.0,5-25-51-43-4 = 0.2,5-56-55-32-5 = 1.0,5-18-54-58-44-4 = 0.8,5-54-34-58-51-4 = 0.1,5-25-9-46-14-5 = 0.4,5-54-34-58-43-4 = 0.1,5-34-13-51-43-4 = 0.5,8-49-10-44-43-4 = 0.1,4-28-15-4 = 0.2,4-22-57-4 = 0.7,4-17-57-4 = 0.3,4-17-15-28-4 = 0.7,4-45-20-40-23-8 = 0.8,4-41-50-16-5 = 1.0,8-49-10-46-14-5 = 0.5,8-27-53-8 = 1.0,5-25-9-51-13-5 = 0.2,8-11-19-37-7 = 0.1,5-18-25-9-34-13-5 = 0.2,4-44-28-15-4 = 0.1,8-9-46-47-43-5 = 0.1,,,,,,,,,,,,,,,,
688,665,734.196,5.5,0.29,-2.333,689,690,4-22-4 = 0.25,5-42-5 = 1.0,7-31-52-29-19-8 = 0.5,7-48-24-30-7 = 1.0,7-21-26-36-7 = 0.5,7-52-29-37-7 = 0.5,7-31-21-26-36-7 = 0.5,8-33-39-8 = 1.0,8-12-47-11-8 = 1.0,8-10-49-19-37-7 = 0.5,8-45-20-40-23-8 = 0.75,5-41-50-16-5 = 0.25,5-18-54-34-13-5 = 1.0,5-35-38-5 = 1.0,5-56-55-32-5 = 1.0,5-25-9-46-14-5 = 0.75,5-58-51-44-43-4 = 1.0,4-28-15-4 = 0.25,4-22-57-4 = 0.75,4-17-57-4 = 0.25,4-17-15-28-4 = 0.75,4-45-20-40-23-8 = 0.25,4-41-50-16-5 = 0.75,8-49-10-46-14-5 = 0.25,8-27-53-8 = 1.0,8-25-9-10-49-8 = 0.25,,,,,,,,,,,,,,,,,,,,,,,,
689,688,746.141,0,11.945,0,Prune by CG,,4-22-4 = 0.696,5-42-5 = 0.696,7-31-52-29-19-8 = 0.391,7-31-52-37-7 = 0.261,7-48-24-30-7 = 1.0,7-52-29-46-5 = 0.217,7-21-26-36-7 = 0.652,7-52-29-37-7 = 0.13,7-31-21-26-36-7 = 0.348,8-33-39-8 = 1.0,8-12-44-28-4 = 0.261,8-12-46-14-5 = 0.087,8-12-47-11-8 = 0.652,8-25-10-49-47-4 = 0.348,8-45-20-40-23-8 = 0.348,5-18-54-34-13-5 = 0.391,5-32-55-14-5 = 0.304,5-38-50-16-5 = 0.152,5-38-41-57-4 = 0.152,5-35-38-5 = 0.696,5-56-55-32-5 = 0.696,5-18-54-13-14-5 = 0.435,5-34-51-46-14-5 = 0.174,5-58-51-44-43-4 = 0.739,4-28-15-4 = 0.022,4-15-57-4 = 0.261,4-22-57-4 = 0.304,4-17-57-4 = 0.283,4-17-15-28-4 = 0.717,5-34-58-29-19-37-7 = 0.261,4-45-20-40-23-8 = 0.652,4-41-50-16-5 = 0.848,5-18-9-46-43-5 = 0.174,5-35-56-42-5 = 0.304,5-34-13-46-43-5 = 0.087,8-27-53-8 = 1.0,5-34-13-51-46-5 = 0.087,8-11-19-37-7 = 0.348,8-25-9-10-49-8 = 0.652,5-54-9-46-5 = 0.174,,,,,,,,,,
690,688,734.219,6.714,0.023,1.214,691,692,4-22-4 = 0.333,5-42-5 = 1.0,7-31-52-29-19-8 = 0.476,7-48-24-30-7 = 1.0,7-31-52-54-5 = 0.048,7-31-52-58-44-4 = 0.048,7-21-26-36-7 = 0.619,7-52-29-37-7 = 0.429,7-31-21-26-36-7 = 0.381,7-31-9-58-29-37-7 = 0.048,8-33-39-8 = 1.0,8-12-47-11-8 = 1.0,8-10-49-19-37-7 = 0.524,8-45-20-40-23-8 = 0.476,5-41-50-16-5 = 0.333,5-18-54-34-13-5 = 0.857,5-35-38-5 = 1.0,5-56-55-32-5 = 1.0,5-18-25-54-5 = 0.048,5-18-58-51-43-4 = 0.048,5-25-9-46-14-5 = 0.81,5-34-58-51-28-4 = 0.143,5-58-51-44-43-4 = 0.667,8-49-10-44-43-4 = 0.286,4-28-15-4 = 0.048,4-15-57-4 = 0.143,4-22-57-4 = 0.667,4-17-57-4 = 0.19,4-17-15-28-4 = 0.81,4-45-20-40-23-8 = 0.524,4-41-50-16-5 = 0.667,8-49-10-46-14-5 = 0.19,8-27-53-8 = 1.0,5-25-9-51-13-5 = 0.143,5-18-54-58-29-7 = 0.048,,,,,,,,,,,,,,,
692,690,738.302,0,4.082,0,Prune by CG,,4-22-4 = 0.313,8-39-8 = 0.031,5-42-5 = 0.938,7-31-52-29-19-8 = 0.312,7-31-52-37-7 = 0.25,7-48-24-30-7 = 1.0,7-31-52-58-44-4 = 0.375,7-21-26-36-7 = 0.937,7-52-29-37-7 = 0.063,7-31-21-26-36-7 = 0.063,8-33-23-39-8 = 0.031,8-33-39-8 = 0.938,8-33-40-11-8 = 0.031,8-12-44-28-4 = 0.094,8-12-47-11-8 = 0.906,8-10-49-19-37-7 = 0.062,5-41-50-16-5 = 0.688,5-18-54-34-13-5 = 0.875,5-38-50-16-5 = 0.031,5-38-41-57-4 = 0.031,5-35-38-5 = 0.938,5-25-51-43-4 = 0.75,5-56-55-32-5 = 0.938,5-18-54-13-14-5 = 0.062,5-18-55-32-5 = 0.062,5-25-9-46-14-5 = 0.25,5-34-51-44-15-4 = 0.125,8-49-10-44-43-4 = 0.25,4-22-57-4 = 0.687,4-17-57-4 = 0.281,4-17-15-28-4 = 0.719,5-54-9-51-47-8 = 0.062,4-45-20-40-23-8 = 0.969,4-41-50-16-5 = 0.281,4-28-47-11-8 = 0.031,4-45-20-11-8 = 0.031,8-49-10-46-14-5 = 0.688,5-35-56-42-5 = 0.062,8-27-53-8 = 1.0,5-9-51-46-13-5 = 0.062,8-9-58-29-19-37-7 = 0.312,4-9-58-29-19-37-7 = 0.312,4-44-28-15-4 = 0.156,,,,,,,
691,690,734.22,6.5,0.001,-0.214,693,694,4-22-4 = 0.375,5-42-5 = 1.0,7-31-52-29-19-8 = 0.5,7-48-24-30-7 = 1.0,7-21-26-36-7 = 0.5,7-52-29-37-7 = 0.5,7-31-21-26-36-7 = 0.5,8-33-39-8 = 1.0,8-12-47-11-8 = 0.938,8-12-9-10-49-8 = 0.063,8-10-49-19-37-7 = 0.5,8-45-20-40-23-8 = 0.625,5-41-50-16-5 = 0.188,5-18-54-34-13-5 = 0.875,5-35-38-5 = 1.0,5-56-55-32-5 = 1.0,5-18-25-54-5 = 0.062,5-18-58-44-28-4 = 0.062,5-25-9-46-14-5 = 0.812,5-34-58-51-28-4 = 0.125,5-58-51-44-43-4 = 0.75,8-49-10-44-43-4 = 0.188,8-49-10-47-43-4 = 0.063,4-15-57-4 = 0.188,4-22-57-4 = 0.625,4-17-57-4 = 0.188,4-17-15-28-4 = 0.812,5-54-58-11-8 = 0.063,4-45-20-40-23-8 = 0.375,4-41-50-16-5 = 0.812,8-49-10-46-14-5 = 0.188,8-27-53-8 = 1.0,5-25-9-51-13-5 = 0.125,,,,,,,,,,,,,,,,,
693,691,738.471,0,4.251,0,Prune by CG,,4-22-4 = 0.382,5-42-5 = 0.972,7-31-52-29-19-8 = 0.472,7-31-52-37-7 = 0.139,7-48-24-30-7 = 1.0,7-21-26-36-7 = 0.611,7-52-29-37-7 = 0.389,8-12-46-13-5 = 0.028,7-31-21-26-36-7 = 0.389,8-33-23-39-8 = 0.028,8-33-39-8 = 0.972,8-12-47-11-8 = 0.972,8-45-20-11-8 = 0.028,8-45-20-40-23-8 = 0.472,5-18-54-34-13-5 = 0.556,5-38-50-16-5 = 0.014,5-38-41-57-4 = 0.014,5-35-38-5 = 0.972,5-25-46-13-5 = 0.056,5-56-55-32-5 = 0.972,5-18-54-13-14-5 = 0.222,5-18-25-54-5 = 0.167,5-18-55-32-5 = 0.028,5-18-58-51-43-4 = 0.028,5-25-9-46-14-5 = 0.778,5-34-58-51-28-4 = 0.271,5-34-58-51-15-4 = 0.174,8-49-10-44-43-4 = 0.972,4-15-57-4 = 0.097,4-22-57-4 = 0.618,4-17-57-4 = 0.271,4-17-15-28-4 = 0.729,8-40-49-10-44-47-4 = 0.028,5-54-58-29-19-8 = 0.056,4-45-20-40-23-8 = 0.5,4-41-50-16-5 = 0.986,5-35-56-42-5 = 0.028,8-27-53-8 = 1.0,5-9-51-46-13-5 = 0.139,5-9-58-29-19-37-7 = 0.083,5-58-51-19-37-7 = 0.389,,,,,,,,,
694,691,734.599,5.769,0.378,-0.731,695,696,4-22-4 = 0.308,5-42-5 = 1.0,7-31-52-29-47-4 = 0.077,7-31-52-29-19-8 = 0.462,7-48-24-30-7 = 1.0,7-21-26-36-7 = 0.538,7-52-29-37-7 = 0.462,7-31-21-26-36-7 = 0.462,8-33-39-8 = 1.0,8-12-47-11-8 = 0.846,8-12-9-10-49-8 = 0.154,8-10-49-19-37-7 = 0.538,8-45-20-11-8 = 0.077,8-45-20-40-23-8 = 0.692,5-41-50-16-5 = 0.077,5-18-54-34-13-5 = 0.923,5-35-38-5 = 1.0,5-25-51-43-4 = 0.077,5-56-55-32-5 = 1.0,5-25-9-46-14-5 = 0.769,5-25-44-28-4 = 0.077,5-58-51-44-43-4 = 0.923,4-28-15-4 = 0.154,4-15-57-4 = 0.077,4-22-57-4 = 0.692,4-17-57-4 = 0.231,4-17-15-28-4 = 0.769,5-54-58-11-8 = 0.077,4-45-20-40-23-8 = 0.231,4-41-50-16-5 = 0.923,8-49-10-46-14-5 = 0.231,8-27-53-8 = 1.0,5-18-25-9-34-13-5 = 0.077,8-40-49-10-47-23-8 = 0.077,,,,,,,,,,,,,,,,
695,694,746.989,0,12.39,0,Prune by CG,,4-22-4 = 1.0,7-21-52-29-7 = 0.5,7-30-24-26-36-7 = 0.25,7-48-24-30-7 = 0.75,7-31-52-54-5 = 0.5,7-21-26-36-7 = 0.5,7-48-26-36-7 = 0.25,7-31-9-46-43-5 = 0.5,8-53-27-8 = 1.0,8-33-39-8 = 1.0,8-12-47-11-8 = 1.0,8-10-49-19-37-7 = 0.5,5-18-54-34-13-5 = 0.5,5-32-55-14-5 = 0.5,5-35-38-5 = 0.5,5-56-55-32-5 = 0.5,5-18-58-51-43-4 = 0.5,5-34-13-51-15-4 = 0.5,5-25-44-28-4 = 1.0,4-15-57-4 = 0.25,4-17-57-4 = 0.75,4-17-15-4 = 0.25,4-45-20-40-23-8 = 1.0,4-41-50-16-5 = 1.0,5-42-38-5 = 0.5,8-49-10-46-14-5 = 0.5,5-35-56-42-5 = 0.5,5-9-58-29-19-37-7 = 0.5,,,,,,,,,,,,,,,,,,,,,,
696,694,734.657,6.1,0.058,0.331,697,698,4-22-4 = 0.3,5-42-5 = 1.0,7-31-52-29-19-8 = 0.5,7-48-24-30-7 = 1.0,7-21-26-36-7 = 0.5,8-53-27-8 = 1.0,7-52-29-37-7 = 0.5,7-31-21-26-36-7 = 0.5,8-33-39-8 = 1.0,8-12-47-11-8 = 0.85,8-12-9-10-49-8 = 0.15,8-10-49-19-37-7 = 0.5,8-45-20-11-8 = 0.15,8-45-20-40-23-8 = 0.65,5-41-50-16-5 = 0.15,5-18-54-34-13-5 = 0.9,5-35-38-5 = 1.0,5-25-51-43-4 = 0.05,5-56-55-32-5 = 1.0,5-18-25-54-5 = 0.05,5-25-9-46-14-5 = 0.8,5-34-58-44-28-4 = 0.05,5-58-51-44-43-4 = 0.95,4-28-15-4 = 0.2,4-15-57-4 = 0.05,4-22-57-4 = 0.7,4-17-57-4 = 0.25,4-17-15-28-4 = 0.75,5-25-54-13-5 = 0.05,4-45-20-40-23-8 = 0.2,4-41-50-16-5 = 0.85,8-49-10-46-14-5 = 0.2,5-18-25-9-34-13-5 = 0.05,8-40-49-10-47-23-8 = 0.15,,,,,,,,,,,,,,,,
697,696,735.756,0,1.1,0,Prune by CG,,4-22-4 = 0.357,5-42-5 = 1.0,7-31-52-29-47-4 = 0.143,7-31-52-29-19-4 = 0.143,7-21-52-29-7 = 0.143,7-30-24-26-36-7 = 0.071,7-48-24-30-7 = 0.929,7-31-52-54-5 = 0.286,7-21-26-36-7 = 0.571,7-48-26-36-7 = 0.071,8-53-27-8 = 1.0,7-52-29-37-7 = 0.286,7-31-29-19-11-8 = 0.143,7-31-21-26-36-7 = 0.286,8-33-39-8 = 1.0,8-12-44-28-4 = 0.143,8-12-47-11-8 = 0.857,8-10-49-19-37-7 = 0.571,5-41-50-16-5 = 0.571,5-18-54-34-13-5 = 0.714,5-35-38-5 = 1.0,5-25-51-43-4 = 0.143,5-56-55-32-5 = 1.0,5-25-9-46-14-5 = 0.571,5-58-51-44-43-4 = 0.857,4-28-15-4 = 0.071,4-15-57-4 = 0.143,4-22-57-4 = 0.643,4-17-57-4 = 0.214,4-17-15-28-4 = 0.786,4-45-20-40-23-8 = 1.0,4-41-50-16-5 = 0.429,8-49-10-46-14-5 = 0.429,5-18-25-9-34-13-5 = 0.286,5-9-58-29-19-37-7 = 0.143,,,,,,,,,,,,,,,
698,696,734.806,5,0.149,-1.1,699,700,4-22-4 = 0.25,5-42-5 = 1.0,7-31-52-29-19-8 = 0.5,7-48-24-30-7 = 1.0,7-21-26-36-7 = 0.5,8-53-27-8 = 1.0,7-52-29-37-7 = 0.5,7-31-21-26-36-7 = 0.5,8-33-39-8 = 1.0,8-12-47-11-8 = 0.75,8-12-9-10-49-8 = 0.25,8-10-49-19-37-7 = 0.5,8-45-20-40-23-8 = 1.0,5-18-54-34-13-5 = 1.0,5-35-38-5 = 1.0,5-56-55-32-5 = 1.0,5-25-9-46-14-5 = 0.75,5-58-51-44-43-4 = 1.0,4-28-15-4 = 0.25,4-22-57-4 = 0.75,4-17-57-4 = 0.25,4-17-15-28-4 = 0.75,4-41-50-16-5 = 1.0,8-49-10-46-14-5 = 0.25,5-25-47-11-8 = 0.25,,,,,,,,,,,,,,,,,,,,,,,,,
699,698,737.046,0,2.24,0,Prune by CG,,4-22-4 = 0.269,5-42-5 = 1.0,7-31-52-29-19-8 = 0.577,7-48-24-30-7 = 1.0,7-21-26-36-7 = 0.577,8-53-27-8 = 1.0,7-52-29-37-7 = 0.423,7-31-21-26-36-7 = 0.423,8-33-39-8 = 1.0,8-12-47-11-8 = 0.731,8-45-20-40-23-8 = 1.0,5-41-50-16-5 = 0.346,5-18-54-34-13-5 = 0.731,5-35-38-5 = 1.0,5-25-51-43-4 = 0.077,5-56-55-32-5 = 1.0,5-18-25-54-5 = 0.038,5-25-9-51-44-8 = 0.077,5-58-51-44-43-4 = 0.846,4-28-15-4 = 0.269,4-22-57-4 = 0.731,4-17-57-4 = 0.269,4-17-15-28-4 = 0.731,5-25-9-19-37-7 = 0.423,5-25-9-44-43-8 = 0.077,5-25-9-54-34-5 = 0.038,5-25-54-13-5 = 0.038,4-41-50-16-5 = 0.654,4-12-47-11-8 = 0.269,8-49-10-46-14-5 = 1.0,5-18-25-9-34-13-5 = 0.231,5-54-9-58-37-7 = 0.154,,,,,,,,,,,,,,,,,,
700,698,736.035,0,1.229,0,Prune by CG,,4-22-4 = 0.381,5-42-5 = 0.952,7-31-52-29-19-8 = 0.476,7-48-24-30-7 = 1.0,7-52-29-46-5 = 0.048,7-21-26-36-7 = 0.476,8-53-27-8 = 1.0,7-52-29-37-7 = 0.476,7-31-21-26-36-7 = 0.524,8-33-39-8 = 1.0,8-12-47-11-8 = 0.857,8-12-9-10-49-8 = 0.095,8-10-49-19-37-7 = 0.524,8-45-20-40-23-8 = 0.905,5-18-54-34-13-5 = 0.905,5-32-55-14-5 = 0.048,5-38-50-16-5 = 0.024,5-38-41-57-4 = 0.024,5-35-38-5 = 0.952,5-25-46-13-5 = 0.048,5-56-55-32-5 = 0.952,5-18-54-13-14-5 = 0.048,5-18-25-54-5 = 0.048,5-25-9-46-14-5 = 0.905,5-34-58-51-28-4 = 0.095,5-58-51-44-43-4 = 0.905,4-28-15-4 = 0.167,4-15-57-4 = 0.095,4-22-57-4 = 0.619,4-17-57-4 = 0.262,4-17-15-28-4 = 0.738,4-41-50-16-5 = 0.976,4-12-47-11-8 = 0.048,5-35-56-42-5 = 0.048,8-49-10-44-43-8 = 0.095,8-40-49-10-47-23-8 = 0.095,8-49-10-11-8 = 0.095,8-45-20-10-49-8 = 0.095,,,,,,,,,,,,
593,592,730.896,12.5,0.314,3.75,701,702,4-22-4 = 1.0,5-42-5 = 0.5,7-31-52-29-19-8 = 0.5,7-48-24-30-7 = 1.0,7-21-26-36-7 = 0.5,7-52-29-37-7 = 0.5,7-31-21-26-36-7 = 0.5,8-33-23-39-8 = 0.5,8-33-39-8 = 0.5,8-12-47-11-8 = 0.5,8-40-44-51-43-4 = 0.5,8-10-49-19-37-7 = 0.5,5-35-56-38-5 = 0.25,5-18-54-34-13-5 = 0.75,5-32-55-14-5 = 0.5,5-35-38-5 = 0.5,5-56-55-32-5 = 0.5,5-18-54-13-14-5 = 0.25,5-25-9-51-44-4 = 0.5,5-25-9-58-46-4 = 0.25,5-34-58-10-46-4 = 0.25,8-49-58-46-43-4 = 0.5,4-15-57-4 = 0.5,4-17-57-4 = 0.5,4-17-15-28-4 = 0.5,4-45-20-28-4 = 0.5,4-45-20-40-23-8 = 0.5,4-41-50-16-5 = 1.0,4-12-47-11-8 = 0.5,5-42-38-5 = 0.25,5-35-56-42-5 = 0.25,8-27-53-8 = 1.0,5-25-9-10-14-5 = 0.25,,,,,,,,,,,,,,,,,
702,593,730.928,9.333,0.032,-3.167,703,704,4-22-4 = 1.0,5-42-5 = 0.667,7-31-52-29-19-8 = 0.5,7-48-24-30-7 = 1.0,7-21-26-36-7 = 0.5,8-53-27-8 = 1.0,7-52-29-37-7 = 0.5,7-31-21-26-36-7 = 0.5,8-33-23-39-8 = 0.5,8-33-39-8 = 0.5,8-12-47-11-8 = 0.333,8-10-51-43-4 = 0.167,8-40-44-51-43-4 = 0.5,8-10-49-19-37-7 = 0.5,5-35-56-38-5 = 0.833,5-18-54-34-13-5 = 1.0,5-32-55-14-5 = 1.0,5-25-9-51-44-4 = 0.333,5-25-9-58-46-4 = 0.667,8-49-10-58-46-4 = 0.167,8-49-10-44-43-4 = 0.167,8-49-58-46-43-4 = 0.167,4-15-57-4 = 0.5,4-17-57-4 = 0.5,4-17-15-28-4 = 0.5,4-45-20-28-4 = 0.5,4-45-20-40-23-8 = 0.5,4-41-50-16-5 = 1.0,4-12-47-11-8 = 0.667,5-42-38-5 = 0.167,5-35-56-42-5 = 0.167,,,,,,,,,,,,,,,,,,,
704,702,731.124,9,0.196,-0.333,705,706,4-22-4 = 0.833,5-42-5 = 1.0,7-31-52-29-19-8 = 0.5,7-48-24-30-7 = 1.0,7-21-26-36-7 = 0.5,8-53-27-8 = 1.0,7-52-29-37-7 = 0.5,7-31-21-26-36-7 = 0.5,8-33-23-39-8 = 0.833,8-33-39-8 = 0.167,8-12-47-11-8 = 0.333,8-12-9-10-49-8 = 0.167,8-40-44-51-43-4 = 0.833,8-25-58-10-49-8 = 0.167,8-10-49-19-37-7 = 0.5,5-35-56-38-5 = 0.833,5-18-54-34-13-5 = 0.833,5-32-55-14-5 = 0.833,5-35-38-5 = 0.167,5-56-55-32-5 = 0.167,5-18-54-13-14-5 = 0.167,5-25-9-46-47-8 = 0.167,5-25-9-51-44-4 = 0.167,5-25-9-58-46-4 = 0.5,5-34-58-10-46-4 = 0.167,8-49-58-46-43-4 = 0.167,4-15-57-4 = 0.5,4-17-57-4 = 0.5,4-17-15-28-4 = 0.5,4-45-20-28-4 = 0.5,4-45-20-40-23-8 = 0.167,4-41-50-16-5 = 1.0,4-12-47-11-8 = 0.5,4-45-20-11-8 = 0.167,4-45-20-22-4 = 0.167,,,,,,,,,,,,,,,
706,704,731.577,7.5,0.453,-1.5,707,708,4-22-4 = 0.875,5-42-5 = 1.0,7-31-52-29-19-8 = 0.5,7-48-24-30-7 = 1.0,7-21-26-36-7 = 0.5,8-53-27-8 = 1.0,7-52-29-37-7 = 0.5,7-31-21-26-36-7 = 0.5,8-33-23-39-8 = 0.812,8-33-39-8 = 0.188,8-12-44-43-4 = 0.187,8-12-47-11-8 = 0.312,8-12-9-10-49-8 = 0.187,8-40-44-51-43-4 = 0.75,8-10-49-19-37-7 = 0.5,8-40-49-46-43-4 = 0.063,5-35-56-38-5 = 1.0,5-18-54-34-13-5 = 1.0,5-32-55-14-5 = 1.0,5-25-58-51-47-8 = 0.187,5-25-9-10-58-4 = 0.063,5-25-9-58-46-4 = 0.75,8-49-10-51-44-4 = 0.063,8-49-10-46-47-8 = 0.187,4-15-57-4 = 0.438,4-22-57-4 = 0.125,4-17-57-4 = 0.438,4-17-15-28-4 = 0.562,4-45-20-28-4 = 0.438,4-45-20-40-23-8 = 0.188,4-41-50-16-5 = 1.0,4-12-47-11-8 = 0.313,4-45-20-11-8 = 0.375,,,,,,,,,,,,,,,,,
708,706,731.596,7.375,0.019,-0.125,709,710,4-22-4 = 0.875,5-42-5 = 1.0,7-31-52-29-19-8 = 0.5,7-48-24-30-7 = 1.0,7-21-26-36-7 = 0.5,8-53-27-8 = 1.0,7-52-29-37-7 = 0.5,7-31-21-26-36-7 = 0.5,8-33-23-39-8 = 0.812,8-33-39-8 = 0.188,8-12-44-43-4 = 0.188,8-12-47-11-8 = 0.375,8-12-9-10-49-8 = 0.25,8-40-44-51-43-4 = 0.812,8-10-49-19-37-7 = 0.5,5-35-56-38-5 = 1.0,5-18-54-34-13-5 = 1.0,5-32-55-14-5 = 1.0,5-25-58-51-47-8 = 0.187,5-25-58-28-4 = 0.062,5-25-9-58-46-4 = 0.75,8-49-10-46-47-8 = 0.25,4-15-57-4 = 0.438,4-22-57-4 = 0.125,4-17-57-4 = 0.438,4-17-15-28-4 = 0.562,4-45-20-28-4 = 0.375,4-45-20-40-23-8 = 0.188,4-41-50-16-5 = 1.0,4-12-47-11-8 = 0.188,4-45-20-11-8 = 0.438,,,,,,,,,,,,,,,,,,,
705,704,732.173,8.636,1.049,-0.364,711,712,4-22-4 = 1.0,5-42-5 = 0.864,7-31-52-29-19-8 = 0.5,7-48-24-30-7 = 1.0,7-21-26-36-7 = 0.5,8-53-27-8 = 1.0,7-52-29-37-7 = 0.5,7-31-21-26-36-7 = 0.5,8-33-23-39-8 = 0.682,8-33-39-8 = 0.318,8-12-44-43-4 = 0.045,8-12-47-11-8 = 0.182,8-12-9-58-43-4 = 0.182,8-40-44-51-43-4 = 0.682,8-25-58-10-49-8 = 0.091,8-25-51-43-4 = 0.091,8-10-49-19-37-7 = 0.182,5-35-56-14-5 = 0.045,5-35-56-38-5 = 0.773,5-18-54-34-13-5 = 1.0,5-32-55-14-5 = 0.955,5-38-50-16-5 = 0.091,5-38-41-57-4 = 0.091,5-35-38-5 = 0.045,5-56-55-32-5 = 0.045,5-25-9-46-47-8 = 0.273,5-25-9-51-44-4 = 0.227,8-49-10-58-46-4 = 0.727,4-15-57-4 = 0.455,4-17-57-4 = 0.455,4-17-15-28-4 = 0.545,4-12-44-28-4 = 0.045,5-25-9-19-37-7 = 0.318,4-45-20-28-4 = 0.409,4-45-20-40-23-8 = 0.318,4-41-50-16-5 = 0.909,4-12-47-11-8 = 0.545,4-45-20-11-8 = 0.273,5-35-56-42-5 = 0.136,,,,,,,,,,,
703,702,733.224,6.375,2.296,-2.958,713,714,4-22-4 = 0.562,5-42-5 = 1.0,7-31-52-29-19-8 = 0.5,7-48-24-30-7 = 1.0,7-21-26-36-7 = 0.5,8-53-27-8 = 1.0,8-40-28-15-4 = 0.062,7-52-29-37-7 = 0.5,7-31-21-26-36-7 = 0.5,8-33-23-39-8 = 0.062,8-33-39-8 = 0.938,8-12-47-11-8 = 1.0,8-10-51-43-4 = 0.375,5-35-56-38-5 = 1.0,5-18-54-34-13-5 = 1.0,5-32-55-14-5 = 1.0,5-25-9-51-44-4 = 0.25,5-25-9-58-46-4 = 0.75,8-49-10-58-43-4 = 0.125,8-49-10-44-43-4 = 0.5,8-49-58-51-28-4 = 0.125,4-28-15-4 = 0.125,4-15-57-4 = 0.188,4-22-57-4 = 0.438,4-17-57-4 = 0.375,4-17-15-28-4 = 0.625,8-49-46-19-37-7 = 0.25,4-45-20-28-4 = 0.062,4-45-20-40-23-8 = 0.938,4-41-50-16-5 = 1.0,4-44-51-19-37-7 = 0.25,,,,,,,,,,,,,,,,,,,
714,703,735.957,0,2.733,0,Prune by CG,,4-22-4 = 1.0,5-42-5 = 0.5,7-31-52-29-19-8 = 0.5,7-48-24-30-7 = 1.0,7-21-26-36-7 = 0.5,8-53-27-8 = 1.0,8-40-28-15-4 = 0.5,7-52-29-37-7 = 0.5,7-31-21-26-36-7 = 0.5,8-33-23-39-8 = 0.5,8-33-39-8 = 0.5,8-12-44-28-4 = 0.5,8-10-51-43-4 = 0.5,5-35-56-38-5 = 0.75,5-18-54-34-13-5 = 1.0,5-32-55-14-5 = 1.0,5-25-9-46-47-8 = 0.5,5-25-9-51-44-4 = 0.25,5-25-9-58-15-4 = 0.25,8-49-10-58-43-4 = 0.5,8-49-58-46-15-4 = 0.25,4-17-57-4 = 1.0,8-49-46-19-37-7 = 0.25,4-45-20-40-23-8 = 0.5,4-41-50-16-5 = 1.0,4-12-47-11-8 = 0.5,4-45-20-11-8 = 0.5,5-42-38-5 = 0.25,5-35-56-42-5 = 0.25,4-44-51-19-37-7 = 0.25,,,,,,,,,,,,,,,,,,,,
713,703,733.418,7.25,0.194,0.875,715,716,4-22-4 = 0.5,5-42-5 = 1.0,7-31-52-29-19-8 = 0.5,7-48-24-30-7 = 1.0,7-21-26-36-7 = 0.5,8-53-27-8 = 0.875,8-53-27-40-23-8 = 0.125,7-52-29-37-7 = 0.5,7-31-21-26-36-7 = 0.5,8-33-39-8 = 1.0,8-12-47-11-8 = 1.0,8-10-51-43-4 = 0.375,5-35-56-38-5 = 1.0,5-18-54-34-13-5 = 1.0,5-32-55-14-5 = 1.0,5-25-9-51-44-4 = 0.375,5-25-9-58-46-4 = 0.625,8-49-10-58-43-4 = 0.25,8-49-10-44-43-4 = 0.375,8-49-58-46-15-4 = 0.125,4-28-15-4 = 0.375,4-22-57-4 = 0.5,4-17-57-4 = 0.5,4-17-15-28-4 = 0.5,8-49-46-19-37-7 = 0.25,4-45-20-28-4 = 0.125,4-45-20-40-23-8 = 0.875,4-41-50-16-5 = 1.0,4-44-51-19-37-7 = 0.25,,,,,,,,,,,,,,,,,,,,,
716,713,735.255,0,1.836,0,Prune by CG,,4-22-4 = 0.333,5-42-5 = 1.0,7-31-52-29-19-8 = 0.5,7-31-52-37-7 = 0.167,7-48-24-30-7 = 1.0,7-21-26-36-7 = 0.667,8-53-27-8 = 1.0,7-52-29-37-7 = 0.333,7-31-21-26-36-7 = 0.333,8-33-39-8 = 1.0,8-12-47-11-8 = 1.0,8-10-51-43-4 = 0.5,5-35-56-14-5 = 0.333,5-18-54-34-13-5 = 0.667,5-32-55-14-5 = 0.333,5-38-50-16-5 = 0.167,5-38-41-57-4 = 0.167,5-35-38-5 = 0.667,5-56-55-32-5 = 0.667,5-18-54-13-14-5 = 0.167,5-54-34-13-14-5 = 0.167,5-18-34-58-51-44-4 = 0.167,5-25-9-51-44-4 = 0.333,5-25-9-58-46-4 = 0.667,4-28-15-4 = 0.167,4-22-57-4 = 0.667,4-17-57-4 = 0.167,4-17-15-28-4 = 0.833,8-49-46-19-37-7 = 0.333,4-45-20-40-23-8 = 1.0,4-41-50-16-5 = 0.833,8-49-10-44-43-5 = 0.5,8-49-58-29-19-37-7 = 0.167,,,,,,,,,,,,,,,,,
712,705,732.941,8.455,0.768,-0.182,717,718,4-22-4 = 0.955,5-42-5 = 0.864,7-31-52-29-19-8 = 0.5,7-48-24-30-7 = 1.0,7-21-26-36-7 = 0.5,8-53-27-8 = 1.0,7-52-29-37-7 = 0.5,7-31-21-26-36-7 = 0.5,8-33-23-39-8 = 0.636,8-33-39-8 = 0.364,8-12-44-43-5 = 0.091,8-12-47-11-8 = 0.182,8-12-9-10-49-8 = 0.045,8-40-44-51-43-4 = 0.636,8-25-51-43-4 = 0.091,5-35-56-14-5 = 0.045,5-35-56-38-5 = 0.773,5-18-54-34-13-5 = 1.0,5-32-55-14-5 = 0.955,5-38-50-16-5 = 0.091,5-38-41-57-4 = 0.091,5-35-38-5 = 0.045,5-56-55-32-5 = 0.045,5-25-9-10-47-8 = 0.136,5-25-9-51-44-4 = 0.273,8-49-10-58-46-4 = 0.818,8-49-58-46-43-4 = 0.136,4-15-57-4 = 0.455,4-17-57-4 = 0.455,4-17-15-28-4 = 0.545,5-25-9-19-37-7 = 0.5,4-45-20-28-4 = 0.455,4-45-20-40-23-8 = 0.364,4-41-50-16-5 = 0.909,4-12-47-11-8 = 0.682,4-45-20-11-8 = 0.136,4-45-20-22-4 = 0.045,5-35-56-42-5 = 0.136,8-9-58-46-43-4 = 0.045,,,,,,,,,,,
717,712,737.381,0,4.44,0,Prune by CG,,4-22-4 = 0.25,5-42-5 = 1.0,7-31-52-29-19-8 = 0.5,7-48-24-30-7 = 1.0,7-21-26-36-7 = 0.5,8-53-27-8 = 1.0,7-52-29-37-7 = 0.5,7-31-21-26-36-7 = 0.5,8-33-39-8 = 1.0,8-12-47-11-8 = 0.75,8-25-58-10-49-8 = 0.25,8-10-49-19-37-7 = 0.5,8-25-9-44-43-4 = 0.25,5-35-56-14-5 = 0.25,5-18-54-34-13-5 = 0.5,5-32-55-14-5 = 0.25,5-38-50-16-5 = 0.125,5-38-41-57-4 = 0.125,5-35-38-5 = 0.75,5-25-51-44-4 = 0.5,5-56-55-32-5 = 0.75,5-18-54-13-14-5 = 0.25,5-18-54-34-14-5 = 0.25,5-34-13-51-46-4 = 0.25,8-49-10-51-44-4 = 0.25,4-28-15-4 = 0.125,4-22-57-4 = 0.75,4-17-57-4 = 0.125,4-17-15-28-4 = 0.875,4-45-20-40-23-8 = 1.0,4-41-50-16-5 = 0.875,4-12-47-11-8 = 0.25,8-9-58-46-43-4 = 0.75,,,,,,,,,,,,,,,,,
718,712,732.964,8.37,0.023,-0.084,719,720,4-22-4 = 0.981,5-42-5 = 0.852,7-31-52-29-19-8 = 0.481,7-48-24-30-7 = 1.0,7-21-26-36-7 = 0.481,8-53-27-8 = 1.0,7-52-29-37-7 = 0.519,7-31-21-26-36-7 = 0.519,8-33-23-39-8 = 0.63,8-33-39-8 = 0.37,8-12-10-19-8 = 0.037,8-12-44-43-5 = 0.074,8-12-47-11-8 = 0.222,8-12-9-10-49-8 = 0.037,8-40-44-51-43-4 = 0.63,8-25-51-43-4 = 0.074,5-35-56-38-5 = 0.852,5-18-54-34-13-5 = 1.0,5-32-55-14-5 = 1.0,5-38-50-16-5 = 0.074,5-38-41-57-4 = 0.074,5-25-9-10-47-8 = 0.148,5-25-9-51-44-4 = 0.296,8-49-10-58-46-4 = 0.741,8-49-58-46-43-4 = 0.222,4-15-57-4 = 0.463,4-17-57-4 = 0.463,4-17-15-28-4 = 0.537,5-25-9-19-37-7 = 0.481,4-45-20-28-4 = 0.463,4-45-20-40-23-8 = 0.37,4-41-50-16-5 = 0.926,4-12-47-11-8 = 0.63,4-45-20-11-8 = 0.148,4-45-20-22-4 = 0.019,8-9-58-10-46-4 = 0.037,5-35-56-42-5 = 0.148,,,,,,,,,,,,,
720,718,733.203,8.318,0.239,-0.052,721,722,4-22-4 = 0.92,5-42-5 = 0.909,7-31-52-29-19-8 = 0.5,7-48-24-30-7 = 1.0,7-21-26-36-7 = 0.5,8-53-27-8 = 1.0,7-52-29-37-7 = 0.5,7-31-21-26-36-7 = 0.5,8-33-23-39-8 = 0.727,8-33-39-8 = 0.273,8-40-44-51-43-4 = 0.727,8-25-51-43-4 = 0.045,5-35-56-14-5 = 0.045,5-35-56-38-5 = 0.727,5-18-54-34-13-5 = 0.909,5-32-55-14-5 = 0.864,5-38-50-16-5 = 0.068,5-38-41-57-4 = 0.068,5-35-38-5 = 0.136,5-25-10-44-4 = 0.045,5-56-55-32-5 = 0.136,5-18-54-13-14-5 = 0.091,5-25-9-10-47-4 = 0.182,5-25-9-51-44-4 = 0.227,8-49-10-58-46-4 = 0.773,8-49-58-46-43-4 = 0.227,4-15-57-4 = 0.466,4-17-57-4 = 0.466,4-17-15-28-4 = 0.534,5-25-9-19-37-7 = 0.5,4-45-20-28-4 = 0.466,4-45-20-40-23-8 = 0.273,4-41-50-16-5 = 0.932,4-12-47-11-8 = 0.818,4-45-20-11-8 = 0.091,4-45-20-22-4 = 0.08,5-35-56-42-5 = 0.091,4-45-12-11-8 = 0.091,4-20-12-9-34-5 = 0.091,,,,,,,,,,,
721,720,735.225,0,2.022,0,Prune by CG,,4-22-4 = 0.588,5-42-5 = 1.0,7-31-52-29-19-8 = 0.5,7-48-24-30-7 = 1.0,7-21-26-36-7 = 0.5,8-53-27-8 = 1.0,7-52-29-37-7 = 0.5,7-31-21-26-36-7 = 0.5,8-33-23-39-8 = 0.206,8-33-39-8 = 0.794,8-40-44-51-43-4 = 0.206,8-25-51-43-4 = 0.265,8-10-49-19-37-7 = 0.441,8-45-20-40-23-8 = 0.324,8-25-58-47-43-4 = 0.088,5-35-56-14-5 = 0.353,5-35-56-38-5 = 0.294,5-18-54-34-13-5 = 1.0,5-32-55-14-5 = 0.647,5-38-50-16-5 = 0.176,5-38-41-57-4 = 0.176,5-35-38-5 = 0.353,5-56-55-32-5 = 0.353,5-25-9-46-47-4 = 0.088,5-25-9-10-47-4 = 0.029,5-25-9-51-44-4 = 0.529,8-49-10-58-46-4 = 0.176,8-49-58-46-43-4 = 0.382,4-15-57-4 = 0.206,4-22-57-4 = 0.412,4-17-57-4 = 0.206,4-17-15-28-4 = 0.794,4-20-44-28-4 = 0.206,4-45-20-40-23-8 = 0.471,4-41-50-16-5 = 0.824,4-12-47-11-8 = 0.794,8-44-43-19-37-7 = 0.059,8-9-58-10-46-4 = 0.353,4-45-12-11-8 = 0.206,,,,,,,,,,,
709,708,732.63,10,1.034,2.625,723,724,4-22-4 = 0.7,5-42-5 = 1.0,7-31-52-29-19-8 = 0.4,7-48-24-30-7 = 1.0,7-21-26-36-7 = 0.6,8-53-27-8 = 1.0,7-52-29-37-7 = 0.4,7-31-21-26-36-7 = 0.4,8-33-23-39-8 = 0.8,8-33-39-8 = 0.2,8-12-47-11-8 = 0.4,8-40-44-51-43-4 = 0.6,8-10-49-19-37-7 = 0.6,7-31-52-29-14-5 = 0.2,8-40-49-46-43-4 = 0.2,5-35-56-38-5 = 0.6,5-18-54-34-13-5 = 0.8,5-32-55-14-5 = 0.6,5-35-38-5 = 0.4,5-56-55-32-5 = 0.4,5-18-54-13-14-5 = 0.2,5-25-9-51-44-4 = 0.2,5-25-9-58-46-4 = 0.6,5-34-58-10-46-8 = 0.2,8-49-51-44-43-4 = 0.2,4-15-57-4 = 0.5,4-17-57-4 = 0.5,4-17-15-28-4 = 0.5,4-45-20-28-4 = 0.5,5-25-9-58-10-8 = 0.2,4-45-20-40-23-8 = 0.2,4-41-50-16-5 = 1.0,4-12-47-11-8 = 0.6,4-45-20-22-4 = 0.3,,,,,,,,,,,,,,,,
724,709,735.213,0,2.583,0,Prune by CG,,4-22-4 = 0.7,5-42-5 = 1.0,7-31-52-29-19-8 = 0.4,7-48-24-30-7 = 1.0,7-21-26-36-7 = 0.6,8-53-27-8 = 1.0,7-52-29-37-7 = 0.4,7-31-21-26-36-7 = 0.4,8-33-23-39-8 = 0.8,8-33-39-8 = 0.2,8-12-47-11-8 = 1.0,8-40-44-51-43-4 = 0.6,7-31-52-29-14-5 = 0.2,8-40-49-46-43-4 = 0.2,5-35-56-38-5 = 0.6,5-18-54-34-13-5 = 0.8,5-32-55-14-5 = 0.6,5-35-38-5 = 0.4,5-56-55-32-5 = 0.4,5-18-54-13-14-5 = 0.2,5-25-9-51-44-4 = 0.2,5-34-58-10-46-8 = 0.2,8-49-51-44-43-4 = 0.2,4-15-57-4 = 0.5,4-17-57-4 = 0.5,4-17-15-28-4 = 0.5,8-49-46-19-37-7 = 0.6,4-45-20-28-4 = 0.5,5-25-9-58-10-8 = 0.8,4-45-20-40-23-8 = 0.2,4-41-50-16-5 = 1.0,4-45-20-22-4 = 0.3,,,,,,,,,,,,,,,,,,
587,560,731.695,9.854,1.311,-0.479,725,726,4-22-4 = 0.552,8-39-8 = 0.135,5-42-5 = 1.0,7-31-52-29-19-8 = 0.5,7-48-24-30-7 = 1.0,7-21-26-36-7 = 0.5,8-40-28-15-4 = 0.25,7-52-29-37-7 = 0.5,7-31-21-26-36-7 = 0.5,8-33-23-39-8 = 0.385,8-33-39-8 = 0.479,8-33-40-11-8 = 0.135,8-12-47-11-8 = 0.865,8-25-58-10-49-8 = 0.135,8-10-49-19-37-7 = 0.5,5-35-56-14-5 = 0.135,5-35-56-38-5 = 0.729,5-18-54-34-13-5 = 1.0,5-32-55-14-5 = 0.865,5-38-50-16-5 = 0.068,5-38-41-57-4 = 0.068,5-35-38-5 = 0.135,5-56-55-32-5 = 0.135,5-25-9-10-47-4 = 0.031,5-25-9-51-44-4 = 0.49,5-25-9-58-46-4 = 0.344,8-49-10-46-47-4 = 0.104,8-49-10-58-46-4 = 0.198,8-49-10-58-15-4 = 0.031,8-49-58-51-28-4 = 0.031,4-28-15-4 = 0.203,4-22-57-4 = 0.448,4-17-57-4 = 0.484,4-17-15-28-4 = 0.516,4-12-9-58-43-4 = 0.135,4-45-20-44-43-4 = 0.385,4-51-46-43-4 = 0.354,4-44-58-51-43-4 = 0.125,4-45-20-40-23-8 = 0.615,4-41-50-16-5 = 0.932,8-27-53-8 = 1.0,,,,,,,,,
726,587,731.716,10,0.021,0.146,727,728,4-22-4 = 0.5,8-39-8 = 0.167,5-42-5 = 1.0,7-31-52-29-19-8 = 0.5,7-48-24-30-7 = 1.0,7-21-26-36-7 = 0.5,8-53-27-8 = 1.0,8-40-28-15-4 = 0.167,7-52-29-37-7 = 0.5,7-31-21-26-36-7 = 0.5,8-33-23-39-8 = 0.333,8-33-39-8 = 0.5,8-33-40-11-8 = 0.167,8-12-47-11-8 = 0.833,8-10-49-19-37-7 = 0.5,5-35-56-14-5 = 0.167,5-35-56-38-5 = 0.667,5-18-54-34-13-5 = 1.0,5-32-55-14-5 = 0.833,5-38-50-16-5 = 0.083,5-38-41-57-4 = 0.083,5-35-38-5 = 0.167,5-56-55-32-5 = 0.167,5-25-9-51-44-4 = 0.5,5-25-9-58-46-4 = 0.333,8-49-10-46-47-4 = 0.167,8-49-10-58-46-4 = 0.333,4-28-15-4 = 0.25,4-22-57-4 = 0.5,4-17-57-4 = 0.417,4-17-15-28-4 = 0.583,4-12-9-58-43-4 = 0.167,4-45-20-44-43-4 = 0.333,4-51-46-43-4 = 0.167,4-44-58-51-43-4 = 0.167,4-45-20-40-23-8 = 0.667,4-41-50-16-5 = 0.917,4-25-51-43-4 = 0.167,,,,,,,,,,,,
728,726,731.866,8.071,0.15,-1.929,729,730,4-22-4 = 0.738,5-42-5 = 1.0,7-31-52-29-19-8 = 0.5,7-48-24-30-7 = 1.0,7-21-26-36-7 = 0.5,8-53-27-8 = 0.476,8-53-27-40-23-8 = 0.524,7-52-29-37-7 = 0.5,7-31-21-26-36-7 = 0.5,8-33-23-39-8 = 0.024,8-33-39-8 = 0.952,8-33-40-11-8 = 0.024,8-40-23-39-8 = 0.024,8-12-47-11-8 = 0.952,8-12-9-10-49-8 = 0.024,8-10-49-19-37-7 = 0.5,5-35-56-14-5 = 0.024,5-35-56-38-5 = 0.952,5-18-54-34-13-5 = 1.0,5-32-55-14-5 = 0.976,5-38-50-16-5 = 0.012,5-38-41-57-4 = 0.012,5-35-38-5 = 0.024,5-56-55-32-5 = 0.024,5-25-9-10-58-4 = 0.119,5-25-9-10-47-8 = 0.024,5-25-9-51-44-4 = 0.429,5-25-9-58-46-4 = 0.405,8-49-10-58-46-4 = 0.19,8-49-10-58-15-4 = 0.143,8-49-58-51-28-4 = 0.143,4-28-15-4 = 0.583,4-22-57-4 = 0.262,4-17-57-4 = 0.726,4-17-15-28-4 = 0.274,4-45-20-44-43-4 = 0.571,4-51-46-43-4 = 0.405,4-45-20-40-23-8 = 0.429,4-41-50-16-5 = 0.988,4-12-47-11-8 = 0.024,4-25-51-43-4 = 0.024,,,,,,,,,
729,728,732.032,8.333,0.166,0.262,731,732,4-22-4 = 0.667,5-42-5 = 1.0,7-31-52-29-19-8 = 0.5,7-48-24-30-7 = 1.0,7-21-26-36-7 = 0.5,8-53-27-8 = 0.667,8-53-27-40-23-8 = 0.333,7-52-29-37-7 = 0.5,7-31-21-26-36-7 = 0.5,8-33-23-39-8 = 0.167,8-33-39-8 = 0.667,8-33-40-11-8 = 0.167,8-40-23-39-8 = 0.167,8-12-47-11-8 = 0.833,8-12-9-10-49-8 = 0.167,8-10-49-19-37-7 = 0.5,5-35-56-38-5 = 1.0,5-18-54-34-13-5 = 1.0,5-32-55-14-5 = 1.0,5-25-58-51-47-4 = 0.167,5-25-9-51-44-4 = 0.333,5-25-9-58-46-4 = 0.333,5-25-9-58-51-4 = 0.167,8-49-10-58-46-4 = 0.333,4-28-15-4 = 0.667,4-22-57-4 = 0.333,4-17-57-4 = 0.667,4-17-15-28-4 = 0.333,4-45-20-44-43-4 = 0.667,4-51-46-43-4 = 0.333,4-45-20-40-23-8 = 0.333,4-41-50-16-5 = 1.0,,,,,,,,,,,,,,,,,,
731,729,732.162,9.5,0.129,1.167,733,734,4-22-4 = 0.667,5-42-5 = 1.0,7-31-52-29-19-8 = 0.5,7-48-24-30-7 = 1.0,7-21-26-36-7 = 0.5,8-53-27-8 = 0.5,8-53-27-40-23-8 = 0.5,7-52-29-37-7 = 0.5,7-31-21-26-36-7 = 0.5,8-33-39-8 = 1.0,8-12-47-11-8 = 1.0,8-10-49-19-37-7 = 0.5,5-35-56-14-5 = 0.167,5-35-56-38-5 = 0.667,5-18-54-34-13-5 = 1.0,5-32-55-14-5 = 0.833,5-38-50-16-5 = 0.083,5-38-41-57-4 = 0.083,5-35-38-5 = 0.167,5-56-55-32-5 = 0.167,5-25-9-51-44-4 = 0.333,5-25-9-58-46-4 = 0.5,8-49-10-58-46-4 = 0.167,8-49-10-58-51-4 = 0.333,4-28-15-4 = 0.583,4-22-57-4 = 0.333,4-17-57-4 = 0.583,4-17-15-28-4 = 0.417,4-45-20-44-43-4 = 0.5,4-51-46-43-4 = 0.333,4-45-20-40-23-8 = 0.5,4-41-50-16-5 = 0.917,4-25-9-44-43-4 = 0.167,,,,,,,,,,,,,,,,,
733,731,732.375,7.889,0.213,-1.611,735,736,4-22-4 = 0.722,5-42-5 = 1.0,7-31-52-29-19-8 = 0.5,7-48-24-30-7 = 1.0,7-21-26-36-7 = 0.5,8-53-27-8 = 0.444,8-53-27-40-23-8 = 0.556,7-52-29-37-7 = 0.5,7-31-21-26-36-7 = 0.5,8-33-23-39-8 = 0.056,8-33-39-8 = 0.889,8-33-40-11-8 = 0.056,8-40-23-39-8 = 0.056,8-12-47-11-8 = 0.833,8-10-49-19-37-7 = 0.5,5-41-50-16-5 = 0.056,5-35-56-38-5 = 1.0,5-18-54-34-13-5 = 1.0,5-32-55-14-5 = 1.0,5-25-9-51-44-4 = 0.389,5-25-9-58-46-4 = 0.556,8-49-10-46-47-8 = 0.056,8-49-10-58-46-4 = 0.167,8-49-10-58-51-4 = 0.278,4-28-15-4 = 0.722,4-22-57-4 = 0.278,4-17-57-4 = 0.722,4-17-15-28-4 = 0.278,4-20-51-43-4 = 0.056,4-45-20-44-43-4 = 0.611,4-51-46-43-4 = 0.222,4-45-20-40-23-8 = 0.333,4-41-50-16-5 = 0.944,4-12-47-11-8 = 0.111,4-45-12-9-43-4 = 0.056,4-25-51-43-4 = 0.056,,,,,,,,,,,,,,
734,731,732.242,9.8,0.08,0.3,737,738,4-22-4 = 0.6,5-42-5 = 1.0,7-31-52-29-19-8 = 0.35,7-48-24-30-7 = 1.0,7-21-26-36-7 = 0.65,8-53-27-8 = 0.55,8-53-27-40-23-8 = 0.45,7-52-29-37-7 = 0.35,7-31-21-26-36-7 = 0.35,8-33-39-8 = 1.0,8-12-47-11-8 = 0.9,8-10-49-19-37-7 = 0.65,7-31-52-29-14-5 = 0.3,5-35-56-14-5 = 0.25,5-18-54-34-13-5 = 0.8,5-32-55-14-5 = 0.25,5-38-50-16-5 = 0.125,5-38-41-57-4 = 0.125,5-35-38-5 = 0.75,5-56-55-32-5 = 0.75,5-18-54-13-14-5 = 0.2,5-25-9-51-44-4 = 0.4,5-25-9-58-46-4 = 0.25,5-25-9-58-15-4 = 0.2,5-34-58-51-28-4 = 0.2,8-49-10-58-46-4 = 0.35,4-28-15-4 = 0.275,4-22-57-4 = 0.4,4-17-57-4 = 0.475,4-17-15-28-4 = 0.525,4-45-20-44-43-4 = 0.45,4-51-46-43-4 = 0.4,4-45-20-40-23-8 = 0.55,4-41-50-16-5 = 0.875,4-12-47-11-8 = 0.1,4-25-9-44-43-4 = 0.15,,,,,,,,,,,,,,
738,734,732.306,9.6,0.065,-0.2,739,740,4-22-4 = 0.6,5-42-5 = 1.0,7-31-52-29-19-8 = 0.35,7-48-24-30-7 = 1.0,7-21-26-36-7 = 0.65,8-53-27-8 = 0.55,8-53-27-40-23-8 = 0.45,7-52-29-37-7 = 0.35,7-31-21-26-36-7 = 0.35,8-33-39-8 = 1.0,8-12-47-11-8 = 0.9,8-10-49-19-37-7 = 0.65,7-31-52-29-14-5 = 0.3,5-35-56-14-5 = 0.25,5-18-54-34-13-5 = 0.8,5-32-55-14-5 = 0.25,5-38-50-16-5 = 0.125,5-38-41-57-4 = 0.125,5-35-38-5 = 0.75,5-56-55-32-5 = 0.75,5-18-54-13-14-5 = 0.2,5-25-9-51-44-4 = 0.05,5-25-9-58-46-4 = 0.6,5-25-9-58-15-4 = 0.2,5-34-58-51-28-4 = 0.2,8-49-10-51-44-4 = 0.35,4-15-28-4 = 0.275,4-22-57-4 = 0.4,4-17-57-4 = 0.475,4-17-15-28-4 = 0.525,4-45-20-44-43-4 = 0.45,4-51-46-43-4 = 0.4,4-45-20-40-23-8 = 0.55,4-41-50-16-5 = 0.875,4-12-47-11-8 = 0.1,4-25-9-44-43-4 = 0.15,,,,,,,,,,,,,,
557,555,731.312,9.5,1.652,0.5,741,742,4-22-4 = 1.0,5-42-5 = 0.5,7-31-52-29-19-8 = 0.5,7-48-24-30-7 = 1.0,7-21-26-36-7 = 0.5,7-52-29-37-7 = 0.5,7-31-21-26-36-7 = 0.5,8-33-23-39-8 = 0.25,8-33-39-8 = 0.75,8-12-47-11-8 = 1.0,8-40-44-51-43-4 = 0.25,5-41-50-16-5 = 0.25,5-35-56-14-5 = 0.25,5-18-54-34-13-5 = 1.0,5-32-55-14-5 = 0.75,5-38-50-16-5 = 0.375,5-38-41-57-4 = 0.375,5-35-38-5 = 0.25,5-56-55-32-5 = 0.25,5-25-9-10-58-5 = 0.75,5-25-9-51-44-4 = 0.25,8-49-51-44-43-4 = 0.25,4-28-15-4 = 0.625,4-17-57-4 = 0.625,4-17-15-28-4 = 0.375,8-49-46-19-37-7 = 0.5,4-45-20-44-43-4 = 0.25,4-51-46-43-4 = 0.25,4-45-20-40-23-8 = 0.75,4-41-50-16-5 = 0.375,5-35-56-42-5 = 0.5,8-27-53-8 = 1.0,8-49-10-58-46-5 = 0.25,,,,,,,,,,,,,,,,,
580,577,734.433,6,2.012,-0.625,743,744,4-22-4 = 0.726,5-42-5 = 1.0,7-48-24-30-7 = 1.0,7-52-29-37-7 = 1.0,8-12-46-19-8 = 0.032,7-31-21-26-36-7 = 1.0,8-33-23-39-8 = 0.871,8-33-39-8 = 0.129,8-12-10-58-5 = 0.129,8-12-47-11-8 = 0.839,8-40-44-51-43-4 = 0.806,5-35-38-5 = 1.0,5-56-55-32-5 = 1.0,5-18-54-13-14-5 = 0.387,5-54-34-13-14-5 = 0.613,5-25-9-46-47-4 = 0.097,5-18-25-9-49-19-8 = 0.613,5-25-9-58-46-4 = 0.29,5-34-58-10-46-4 = 0.323,5-34-58-10-46-5 = 0.065,4-15-57-4 = 0.468,4-22-57-4 = 0.065,4-17-57-4 = 0.468,4-17-15-28-4 = 0.532,4-45-20-28-4 = 0.468,4-51-46-43-4 = 0.194,4-45-20-40-23-8 = 0.129,4-41-50-16-5 = 1.0,4-45-20-22-4 = 0.21,4-45-44-10-49-19-8 = 0.194,8-27-53-8 = 1.0,8-40-47-19-11-8 = 0.065,4-20-49-10-58-5 = 0.194,8-10-19-11-8 = 0.097,,,,,,,,,,,,,,,,
743,580,735.943,0,1.51,0,Prune by CG,,4-22-4 = 0.746,5-42-5 = 1.0,7-48-24-30-7 = 1.0,8-53-27-8 = 1.0,7-52-29-37-7 = 1.0,7-31-21-26-36-7 = 1.0,8-33-23-39-8 = 0.902,8-33-39-8 = 0.098,8-12-47-11-8 = 0.984,8-10-46-19-8 = 0.213,8-40-44-51-43-4 = 0.902,5-35-38-5 = 1.0,5-56-55-32-5 = 1.0,5-18-54-13-14-5 = 0.279,5-54-34-13-14-5 = 0.475,5-18-25-9-49-19-8 = 0.721,5-25-9-51-44-4 = 0.016,5-34-58-10-46-4 = 0.492,5-34-58-10-46-5 = 0.033,4-15-57-4 = 0.451,4-22-57-4 = 0.098,4-17-57-4 = 0.451,4-17-15-28-4 = 0.549,4-20-51-43-4 = 0.016,4-45-20-28-4 = 0.451,4-45-20-44-43-4 = 0.033,5-25-54-14-5 = 0.246,4-45-20-40-23-8 = 0.098,4-41-50-16-5 = 1.0,4-45-20-11-8 = 0.016,4-45-20-22-4 = 0.156,4-45-12-9-49-19-8 = 0.016,4-49-10-46-47-4 = 0.016,5-25-9-51-13-5 = 0.016,5-58-49-10-46-5 = 0.246,4-45-20-9-58-13-5 = 0.23,4-44-51-43-19-8 = 0.049,,,,,,,,,,,,,
744,580,735.717,0,1.284,0,Prune by CG,,4-22-4 = 0.706,5-42-5 = 1.0,7-48-24-30-7 = 1.0,8-53-27-8 = 1.0,7-52-29-37-7 = 1.0,7-31-21-26-36-7 = 1.0,8-33-23-39-8 = 0.765,8-33-39-8 = 0.235,8-12-10-58-5 = 0.118,8-12-10-19-8 = 0.059,8-12-47-11-8 = 0.824,8-10-51-43-4 = 0.118,8-40-44-51-43-4 = 0.765,5-18-54-34-13-5 = 0.059,5-35-38-5 = 1.0,5-56-55-32-5 = 1.0,5-18-54-13-14-5 = 0.412,5-54-34-13-14-5 = 0.529,5-25-9-46-47-4 = 0.176,5-18-25-9-49-19-8 = 0.471,5-25-9-46-14-5 = 0.059,5-25-9-58-46-4 = 0.294,5-34-58-46-15-4 = 0.353,4-15-57-4 = 0.176,4-22-57-4 = 0.294,4-17-57-4 = 0.529,4-17-15-28-4 = 0.471,4-45-20-28-4 = 0.529,4-51-46-43-4 = 0.118,5-18-34-10-49-19-8 = 0.059,4-45-20-40-23-8 = 0.235,4-41-50-16-5 = 1.0,4-45-44-10-49-19-8 = 0.235,4-20-49-10-58-5 = 0.235,8-10-19-11-8 = 0.176,,,,,,,,,,,,,,,
626,595,732.969,9.4,0.189,1.833,745,746,4-22-4 = 0.4,5-42-5 = 1.0,7-31-52-29-19-7 = 0.4,7-31-52-37-7 = 0.2,7-30-24-26-36-7 = 0.1,7-48-24-30-7 = 0.9,7-21-54-34-14-5 = 0.2,7-21-26-36-7 = 0.6,7-48-26-36-7 = 0.1,7-52-29-37-7 = 0.4,7-31-29-19-11-8 = 0.2,7-31-21-26-36-7 = 0.2,8-33-39-8 = 1.0,8-12-44-28-4 = 0.1,8-12-47-11-8 = 0.8,8-12-9-34-13-14-5 = 0.1,8-10-49-19-37-7 = 0.2,5-35-56-38-5 = 0.5,5-18-54-34-13-5 = 0.6,5-32-55-14-5 = 0.5,5-35-38-5 = 0.5,5-25-51-43-4 = 0.3,5-56-55-32-5 = 0.5,5-18-54-13-14-5 = 0.2,5-18-58-51-43-4 = 0.1,5-25-9-51-44-4 = 0.3,5-25-9-44-43-4 = 0.3,5-58-51-44-43-4 = 0.3,8-49-10-46-47-8 = 0.2,8-49-10-58-46-4 = 0.6,4-28-15-4 = 0.2,4-15-57-4 = 0.1,4-22-57-4 = 0.6,4-17-57-4 = 0.3,4-17-15-28-4 = 0.7,8-9-46-19-37-7 = 0.2,4-45-20-40-23-8 = 1.0,4-41-50-16-5 = 1.0,8-27-53-8 = 1.0,5-18-25-9-34-13-5 = 0.1,,,,,,,,,,
745,626,734.218,5.394,1.249,-4.006,747,748,4-22-4 = 1.0,5-42-5 = 0.212,7-31-52-29-19-7 = 0.182,7-31-52-37-7 = 0.182,7-48-24-30-7 = 1.0,7-21-26-36-7 = 0.545,8-53-27-8 = 1.0,7-52-29-37-7 = 0.636,7-31-29-19-11-8 = 0.182,7-31-21-26-36-7 = 0.455,8-33-39-8 = 1.0,8-12-44-15-4 = 0.03,8-12-44-28-4 = 0.061,8-12-47-11-8 = 0.636,8-12-9-58-49-19-8 = 0.273,8-10-49-19-37-7 = 0.091,5-35-56-38-5 = 0.606,5-18-54-34-13-5 = 1.0,5-32-55-14-5 = 1.0,5-25-51-43-4 = 1.0,8-49-10-46-47-4 = 0.364,8-49-10-58-46-4 = 0.091,4-15-57-4 = 0.03,4-17-57-4 = 0.97,4-17-15-28-4 = 0.03,8-9-46-19-37-7 = 0.091,4-45-20-40-23-8 = 1.0,4-41-50-16-5 = 1.0,8-9-58-49-19-11-8 = 0.182,5-42-38-5 = 0.394,8-9-58-10-46-4 = 0.455,5-35-56-42-5 = 0.394,4-44-28-15-4 = 0.909,,,,,,,,,,,,,,,,,
747,745,736.313,0,2.095,0,Prune by CG,,4-22-4 = 0.908,8-39-8 = 0.132,5-42-5 = 0.553,7-21-55-14-5 = 0.158,7-31-52-29-19-7 = 0.5,7-31-52-37-7 = 0.053,7-21-32-14-5 = 0.158,7-30-24-26-36-7 = 0.224,7-48-24-30-7 = 0.776,7-21-54-34-14-5 = 0.132,7-21-26-36-7 = 0.158,7-48-26-36-7 = 0.224,8-53-27-8 = 1.0,7-52-29-37-7 = 0.447,7-31-21-26-36-7 = 0.395,8-33-23-39-8 = 0.132,8-33-39-8 = 0.737,8-33-40-11-8 = 0.132,8-12-47-11-8 = 0.684,8-12-9-10-49-8 = 0.184,7-31-29-19-37-7 = 0.053,8-12-9-34-13-14-5 = 0.132,8-10-49-19-37-7 = 0.026,5-18-54-34-13-5 = 0.737,5-32-55-14-5 = 0.289,5-38-50-16-5 = 0.224,5-38-41-57-4 = 0.224,5-35-38-5 = 0.553,5-25-51-43-4 = 0.868,5-56-55-32-5 = 0.553,5-18-54-13-14-5 = 0.132,5-18-25-58-44-4 = 0.132,5-58-51-44-43-4 = 0.132,8-49-10-46-47-8 = 0.316,8-49-10-58-46-4 = 0.211,4-22-57-4 = 0.092,4-17-57-4 = 0.684,4-17-15-28-4 = 0.316,8-9-46-19-37-7 = 0.158,4-45-20-40-23-8 = 0.868,4-41-50-16-5 = 0.776,4-45-20-11-8 = 0.132,4-44-46-11-8 = 0.053,8-9-58-10-46-4 = 0.263,5-35-56-42-5 = 0.447,4-44-28-15-4 = 0.684,8-9-58-49-19-37-7 = 0.263,,,
748,745,735.252,0,1.034,0,Prune by CG,,4-22-4 = 1.0,5-42-5 = 0.5,7-31-52-37-7 = 0.25,7-48-24-30-7 = 1.0,7-21-26-36-7 = 0.25,8-53-27-8 = 1.0,7-52-29-37-7 = 0.75,7-31-21-26-36-7 = 0.75,8-33-39-8 = 1.0,8-12-44-28-4 = 0.5,8-12-47-11-8 = 0.5,8-44-58-10-49-19-8 = 0.25,5-35-56-38-5 = 0.75,5-18-54-34-13-5 = 1.0,5-32-55-14-5 = 1.0,5-25-51-43-4 = 1.0,8-49-10-46-47-4 = 0.25,4-15-57-4 = 0.5,4-17-57-4 = 0.5,4-17-15-28-4 = 0.5,8-9-10-46-47-4 = 0.25,4-45-20-40-23-8 = 1.0,4-41-50-16-5 = 1.0,8-9-58-49-19-11-8 = 0.5,5-42-38-5 = 0.25,8-9-58-10-46-4 = 0.25,5-35-56-42-5 = 0.25,4-44-46-29-19-8 = 0.25,,,,,,,,,,,,,,,,,,,,,,
707,706,733.92,8,2.343,0.5,749,750,4-22-4 = 1.0,5-42-5 = 0.769,7-31-52-29-19-8 = 0.5,7-48-24-30-7 = 1.0,7-21-26-36-7 = 0.5,8-53-27-8 = 1.0,7-52-29-37-7 = 0.5,7-31-21-26-36-7 = 0.5,8-33-23-39-8 = 0.692,8-33-39-8 = 0.308,8-12-44-43-4 = 0.077,8-40-44-51-43-4 = 0.654,8-51-46-43-4 = 0.077,8-40-49-46-43-4 = 0.038,5-35-56-38-5 = 0.885,5-18-54-34-13-5 = 1.0,5-32-55-14-5 = 1.0,5-25-9-10-58-4 = 0.692,5-25-9-58-46-4 = 0.308,8-49-10-46-47-4 = 0.077,8-49-10-51-44-4 = 0.231,8-49-51-44-43-4 = 0.038,4-15-57-4 = 0.5,4-17-57-4 = 0.5,4-17-15-28-4 = 0.5,8-49-46-19-37-7 = 0.5,4-45-20-28-4 = 0.5,8-12-49-47-43-4 = 0.115,4-45-20-40-23-8 = 0.308,4-41-50-16-5 = 1.0,4-12-47-11-8 = 0.808,4-45-20-11-8 = 0.192,5-42-38-5 = 0.115,5-35-56-42-5 = 0.115,,,,,,,,,,,,,,,,
749,707,736.256,0,2.335,0,Prune by CG,,4-22-4 = 0.417,5-42-5 = 1.0,7-31-52-29-19-8 = 0.333,7-48-24-30-7 = 1.0,7-21-26-36-7 = 0.667,8-53-27-8 = 1.0,7-52-29-37-7 = 0.333,7-31-21-26-36-7 = 0.333,8-33-23-39-8 = 0.333,8-33-39-8 = 0.667,8-12-47-11-8 = 1.0,7-31-52-29-14-5 = 0.333,8-40-49-46-43-4 = 0.333,5-18-54-34-13-5 = 0.333,5-35-38-5 = 1.0,5-56-55-32-5 = 1.0,5-18-54-13-14-5 = 0.667,5-25-9-51-44-4 = 0.167,5-34-58-10-46-4 = 0.667,8-49-51-44-43-4 = 0.667,4-15-57-4 = 0.25,4-22-57-4 = 0.5,4-17-57-4 = 0.25,4-17-15-28-4 = 0.75,5-25-9-19-37-7 = 0.5,4-45-20-28-4 = 0.25,4-45-20-40-23-8 = 0.667,4-41-50-16-5 = 1.0,4-45-20-22-4 = 0.083,4-25-9-10-58-4 = 0.333,4-44-51-19-37-7 = 0.167,,,,,,,,,,,,,,,,,,,
715,713,734.446,7.333,1.028,0.083,751,752,4-22-4 = 0.5,5-42-5 = 1.0,7-31-52-29-19-8 = 0.5,7-48-24-30-7 = 1.0,7-21-26-36-7 = 0.5,8-53-27-8 = 1.0,7-52-29-37-7 = 0.5,7-31-21-26-36-7 = 0.5,8-33-23-39-8 = 0.167,8-33-39-8 = 0.833,8-12-47-11-8 = 1.0,8-10-51-43-4 = 0.333,8-40-49-10-43-4 = 0.167,5-35-56-38-5 = 1.0,5-18-54-34-13-5 = 1.0,5-32-55-14-5 = 1.0,5-25-9-51-44-4 = 0.167,5-25-9-58-46-4 = 0.667,8-49-10-44-43-4 = 0.5,8-49-58-46-15-4 = 0.167,8-49-58-51-46-4 = 0.167,4-28-15-4 = 0.333,4-22-57-4 = 0.5,4-17-57-4 = 0.5,4-17-15-28-4 = 0.5,5-25-9-19-37-7 = 0.167,4-45-20-28-4 = 0.167,4-45-20-40-23-8 = 0.833,4-41-50-16-5 = 1.0,4-44-51-19-37-7 = 0.333,,,,,,,,,,,,,,,,,,,,
751,715,743.016,0,8.57,0,Prune by CG,,4-22-4 = 0.5,5-42-5 = 1.0,7-31-52-29-19-8 = 0.5,7-48-24-30-7 = 1.0,7-21-26-36-7 = 0.5,8-53-27-8 = 1.0,7-52-29-37-7 = 0.5,7-31-21-26-36-7 = 0.5,8-33-23-39-8 = 0.5,8-33-39-8 = 0.5,8-40-10-43-4 = 0.5,5-35-56-38-5 = 1.0,5-18-54-34-13-5 = 1.0,5-32-55-14-5 = 1.0,5-25-58-46-4 = 0.5,8-49-51-44-15-4 = 0.5,8-49-58-51-46-4 = 0.5,4-22-57-4 = 0.5,4-17-57-4 = 0.5,4-17-15-28-4 = 0.5,5-25-9-19-37-7 = 0.5,4-45-20-28-4 = 0.5,4-45-20-40-23-8 = 0.5,4-41-50-16-5 = 1.0,4-12-47-11-8 = 1.0,8-9-10-44-43-4 = 0.5,,,,,,,,,,,,,,,,,,,,,,,,
746,626,733.043,9.949,0.074,0.549,753,754,4-22-4 = 0.445,8-39-8 = 0.059,5-42-5 = 1.0,7-31-52-29-19-7 = 0.404,7-31-52-37-7 = 0.191,7-30-24-26-36-7 = 0.107,7-48-24-30-7 = 0.893,7-21-54-34-14-5 = 0.213,7-21-26-36-7 = 0.574,7-48-26-36-7 = 0.107,8-53-27-8 = 1.0,7-52-29-37-7 = 0.404,7-31-29-19-11-8 = 0.191,7-31-21-26-36-7 = 0.213,8-33-23-39-8 = 0.059,8-33-39-8 = 0.882,8-33-40-11-8 = 0.059,8-12-44-28-4 = 0.132,8-12-47-11-8 = 0.75,8-10-49-19-37-7 = 0.228,5-35-56-38-5 = 0.456,5-18-54-34-13-5 = 0.574,5-32-55-14-5 = 0.456,5-35-38-5 = 0.544,5-25-51-43-4 = 0.294,5-56-55-32-5 = 0.544,5-18-54-13-14-5 = 0.213,5-18-58-51-43-4 = 0.118,5-25-9-51-44-4 = 0.279,5-25-9-58-46-4 = 0.051,5-25-9-44-43-4 = 0.279,5-58-51-44-43-4 = 0.309,8-49-10-46-47-4 = 0.25,8-49-10-58-46-4 = 0.522,4-28-15-4 = 0.063,4-15-57-4 = 0.191,4-22-57-4 = 0.555,4-17-57-4 = 0.254,4-17-15-28-4 = 0.746,4-45-20-28-4 = 0.059,4-45-20-40-23-8 = 0.941,4-41-50-16-5 = 1.0,4-9-46-19-37-7 = 0.176,5-18-25-9-34-13-5 = 0.096,4-12-9-34-13-14-5 = 0.118,,,,,
753,746,737.945,0,4.902,0,Prune by CG,,4-22-4 = 0.88,8-39-8 = 0.08,5-42-5 = 0.76,7-31-52-29-19-7 = 0.16,7-31-52-37-7 = 0.24,7-21-52-29-7 = 0.36,7-30-24-26-36-7 = 0.44,7-48-24-30-7 = 0.56,7-21-58-44-43-4 = 0.28,7-48-26-36-7 = 0.44,8-53-27-8 = 1.0,7-31-29-19-11-8 = 0.28,7-31-21-26-36-7 = 0.12,7-31-9-58-29-37-7 = 0.2,8-33-23-39-8 = 0.08,8-33-39-8 = 0.84,8-33-40-11-8 = 0.08,8-12-44-28-4 = 0.44,8-12-47-11-8 = 0.56,5-35-56-38-5 = 0.88,5-18-54-34-13-5 = 1.0,5-32-55-14-5 = 1.0,5-25-51-43-4 = 0.72,8-49-10-46-47-4 = 0.28,8-49-10-51-44-4 = 0.28,8-49-10-46-47-8 = 0.16,8-49-10-58-46-4 = 0.28,4-15-57-4 = 0.44,4-22-57-4 = 0.12,4-17-57-4 = 0.44,4-17-15-28-4 = 0.56,5-25-9-19-37-7 = 0.28,4-45-20-40-23-8 = 0.92,4-41-50-16-5 = 1.0,4-45-20-11-8 = 0.08,4-9-46-19-37-7 = 0.28,5-42-38-5 = 0.12,5-35-56-42-5 = 0.12,7-21-52-9-58-7 = 0.24,,,,,,,,,,,
754,746,733.118,9.92,0.075,-0.029,755,756,4-22-4 = 0.433,8-39-8 = 0.071,5-42-5 = 1.0,7-31-52-29-19-7 = 0.42,7-31-52-37-7 = 0.161,7-30-24-26-36-7 = 0.129,7-48-24-30-7 = 0.871,7-21-54-34-14-5 = 0.259,7-21-26-36-7 = 0.482,7-48-26-36-7 = 0.129,8-53-27-8 = 1.0,7-52-29-37-7 = 0.42,7-31-29-19-11-8 = 0.161,7-31-21-26-36-7 = 0.259,8-33-23-39-8 = 0.071,8-33-39-8 = 0.857,8-33-40-11-8 = 0.071,8-12-44-28-4 = 0.089,8-12-47-11-8 = 0.768,8-10-49-19-37-7 = 0.312,5-35-56-38-5 = 0.339,5-18-54-34-13-5 = 0.482,5-32-55-14-5 = 0.339,5-35-38-5 = 0.661,5-25-51-43-4 = 0.286,5-56-55-32-5 = 0.661,5-18-54-13-14-5 = 0.259,5-25-9-51-44-4 = 0.232,5-25-9-58-46-4 = 0.17,5-25-9-44-43-4 = 0.196,5-58-51-44-43-4 = 0.375,8-49-10-46-47-4 = 0.232,8-49-10-58-46-4 = 0.455,4-15-28-4 = 0.112,4-15-57-4 = 0.161,4-22-57-4 = 0.567,4-17-57-4 = 0.272,4-17-15-28-4 = 0.728,5-18-9-46-43-4 = 0.143,4-45-20-28-4 = 0.071,4-45-20-40-23-8 = 0.929,4-41-50-16-5 = 1.0,4-44-51-19-37-7 = 0.107,5-18-25-9-34-13-5 = 0.116,4-12-9-34-13-14-5 = 0.143,,,,,
756,754,735.795,0,2.677,0,Prune by CG,,4-22-4 = 0.455,5-42-5 = 1.0,7-31-52-29-19-7 = 0.273,7-31-52-37-7 = 0.273,7-48-24-30-7 = 1.0,7-21-26-36-7 = 0.818,8-53-27-8 = 1.0,7-52-29-37-7 = 0.455,7-31-29-19-11-8 = 0.273,7-31-21-26-36-7 = 0.182,8-33-23-39-8 = 0.182,8-33-39-8 = 0.818,8-12-44-28-4 = 0.364,8-12-47-11-8 = 0.455,8-10-49-19-37-7 = 0.273,5-35-56-38-5 = 0.818,5-18-54-34-13-5 = 0.909,5-32-55-14-5 = 0.818,5-35-38-5 = 0.182,5-25-51-43-4 = 0.636,5-56-55-32-5 = 0.182,5-18-25-58-44-4 = 0.091,8-49-10-46-47-4 = 0.364,8-49-10-51-44-4 = 0.182,4-22-57-4 = 0.545,4-17-57-4 = 0.455,4-17-15-28-4 = 0.545,5-25-58-47-43-4 = 0.182,4-20-44-28-4 = 0.091,5-25-54-14-5 = 0.091,8-40-49-19-11-8 = 0.182,4-45-20-40-23-8 = 0.818,4-41-50-16-5 = 1.0,4-45-20-11-8 = 0.091,4-9-58-10-46-4 = 0.182,4-45-12-9-58-44-4 = 0.091,4-9-58-46-15-4 = 0.273,4-12-9-34-13-14-5 = 0.091,4-9-51-44-15-4 = 0.182,5-9-58-46-43-4 = 0.182,,,,,,,,,,
568,566,732.901,8.667,1.317,1.744,757,758,4-22-4 = 0.722,5-42-5 = 1.0,7-31-52-29-19-7 = 0.333,7-48-24-30-7 = 1.0,7-31-52-9-49-19-4 = 0.111,7-21-26-36-7 = 0.667,7-31-9-46-43-4 = 0.111,7-52-29-37-7 = 0.556,7-31-21-26-36-7 = 0.333,8-33-23-39-8 = 0.889,8-33-39-8 = 0.111,8-12-47-11-8 = 0.889,8-40-44-51-43-4 = 0.889,7-31-29-19-37-7 = 0.111,5-35-56-38-5 = 0.556,5-18-54-34-13-5 = 0.778,5-32-55-14-5 = 0.556,5-35-38-5 = 0.444,5-25-58-10-49-8 = 0.667,5-56-55-32-5 = 0.444,5-18-54-13-14-5 = 0.222,5-25-9-51-44-4 = 0.111,5-25-9-46-14-5 = 0.222,5-34-58-10-46-4 = 0.222,4-15-57-4 = 0.5,4-17-57-4 = 0.5,4-17-15-28-4 = 0.5,7-49-10-46-47-4 = 0.111,4-45-20-28-4 = 0.5,4-45-20-40-23-8 = 0.111,4-41-50-16-5 = 1.0,4-45-20-11-8 = 0.111,4-9-46-19-37-7 = 0.333,4-45-20-22-4 = 0.278,4-12-9-58-49-19-4 = 0.111,8-27-53-8 = 1.0,,,,,,,,,,,,,,
757,568,733.642,3,0.742,-5.667,759,760,4-22-4 = 0.5,5-42-5 = 1.0,7-48-24-30-7 = 1.0,7-21-26-36-7 = 1.0,8-53-27-8 = 1.0,8-33-23-39-8 = 1.0,8-12-47-11-8 = 1.0,8-40-44-51-43-4 = 1.0,7-31-52-29-14-5 = 1.0,5-18-54-34-13-5 = 1.0,5-35-38-5 = 1.0,5-25-58-10-49-8 = 1.0,5-56-55-32-5 = 1.0,4-15-57-4 = 0.5,4-17-57-4 = 0.5,4-17-15-28-4 = 0.5,5-9-46-19-37-7 = 1.0,4-45-20-28-4 = 0.5,4-41-50-16-5 = 1.0,4-45-20-22-4 = 0.5,,,,,,,,,,,,,,,,,,,,,,,,,,,,,,
759,757,737.141,0,3.499,0,Prune by CG,,4-22-4 = 1.0,5-42-5 = 0.6,7-21-52-29-7 = 0.4,7-30-24-26-36-7 = 0.2,7-48-24-30-7 = 0.8,7-21-26-36-7 = 0.2,7-48-26-36-7 = 0.2,8-53-27-8 = 1.0,7-31-21-26-36-7 = 0.4,8-33-23-39-8 = 1.0,8-12-44-15-4 = 0.2,8-12-47-11-8 = 0.8,8-40-44-51-43-4 = 0.8,7-31-52-29-14-5 = 0.6,5-18-54-34-13-5 = 0.8,5-32-55-14-5 = 0.2,5-35-38-5 = 0.8,5-25-58-10-49-8 = 0.6,5-56-55-32-5 = 0.8,5-18-54-13-14-5 = 0.2,5-34-58-46-15-4 = 0.2,4-17-57-4 = 1.0,4-20-51-43-4 = 0.2,5-25-9-19-37-7 = 0.4,5-9-46-19-37-7 = 0.4,4-45-20-28-4 = 0.6,7-49-10-58-15-4 = 0.2,4-20-40-11-8 = 0.2,4-41-50-16-5 = 1.0,4-9-46-19-37-7 = 0.2,5-42-38-5 = 0.2,4-45-28-15-4 = 0.4,5-35-56-42-5 = 0.2,7-49-10-46-47-8 = 0.2,,,,,,,,,,,,,,,,
760,757,734.611,0,0.968,-3,Integer,,5-42-5 = 1.0,7-48-24-30-7 = 1.0,7-21-26-36-7 = 1.0,8-53-27-8 = 1.0,8-33-23-39-8 = 1.0,8-12-47-11-8 = 1.0,8-40-44-51-43-4 = 1.0,7-31-52-29-14-5 = 1.0,5-18-54-34-13-5 = 1.0,5-35-38-5 = 1.0,5-25-58-10-49-8 = 1.0,5-56-55-32-5 = 1.0,4-28-15-4 = 1.0,4-17-57-4 = 1.0,5-9-46-19-37-7 = 1.0,4-41-50-16-5 = 1.0,4-45-20-22-4 = 1.0,,,,,,,,,,,,,,,,,,,,,,,,,,,,,,,,,
752,715,734.617,7.455,0.171,0.121,Prune by UB,,4-22-4 = 0.545,5-42-5 = 1.0,7-31-52-29-19-8 = 0.545,7-48-24-30-7 = 1.0,7-21-26-36-7 = 0.545,8-53-27-8 = 1.0,7-52-29-37-7 = 0.455,7-31-21-26-36-7 = 0.455,8-33-23-39-8 = 0.273,8-33-39-8 = 0.727,8-12-47-11-8 = 1.0,8-10-51-43-4 = 0.273,8-40-49-10-43-4 = 0.273,5-35-56-38-5 = 1.0,5-18-54-34-13-5 = 1.0,5-32-55-14-5 = 1.0,5-25-9-51-44-4 = 0.273,5-25-9-58-46-4 = 0.636,8-49-10-58-43-4 = 0.091,8-49-10-44-43-4 = 0.364,8-49-58-46-15-4 = 0.273,4-28-15-4 = 0.273,4-22-57-4 = 0.455,4-17-57-4 = 0.545,4-17-15-28-4 = 0.455,5-25-9-19-37-7 = 0.091,4-45-20-28-4 = 0.273,4-45-20-40-23-8 = 0.727,4-41-50-16-5 = 1.0,4-44-51-19-37-7 = 0.364,4-51-46-37-7 = 0.091,,,,,,,,,,,,,,,,,,,
755,754,733.786,9.125,0.668,-0.795,761,762,4-22-4 = 0.437,5-42-5 = 1.0,7-31-52-29-19-7 = 0.458,7-31-52-37-7 = 0.083,7-30-24-26-36-7 = 0.188,7-48-24-30-7 = 0.812,7-21-54-34-14-5 = 0.375,7-21-26-36-7 = 0.25,7-48-26-36-7 = 0.188,8-53-27-8 = 1.0,7-52-29-37-7 = 0.458,7-31-29-19-11-8 = 0.083,7-31-21-26-36-7 = 0.375,8-33-39-8 = 1.0,8-12-44-28-4 = 0.083,8-12-47-11-8 = 0.917,8-10-49-19-37-7 = 0.458,5-35-56-38-5 = 0.25,5-18-54-34-13-5 = 0.25,5-32-55-14-5 = 0.25,5-35-38-5 = 0.75,5-56-55-32-5 = 0.75,5-18-54-13-14-5 = 0.375,5-25-9-51-44-4 = 0.25,5-25-9-58-46-4 = 0.125,5-25-9-44-43-4 = 0.25,5-51-46-43-4 = 0.333,5-58-51-44-43-4 = 0.417,8-49-10-46-47-4 = 0.083,8-49-10-58-46-4 = 0.458,4-15-28-4 = 0.271,4-15-57-4 = 0.083,4-22-57-4 = 0.563,4-17-57-4 = 0.354,4-17-15-28-4 = 0.646,4-45-20-40-23-8 = 1.0,4-41-50-16-5 = 1.0,5-18-25-9-34-13-5 = 0.375,,,,,,,,,,,,
762,755,734.615,0,0.829,0,Prune by CG,,4-22-4 = 0.5,5-42-5 = 0.875,7-31-52-29-19-7 = 0.375,7-31-52-37-7 = 0.25,7-30-24-26-36-7 = 0.062,7-48-24-30-7 = 0.938,7-21-54-34-14-5 = 0.125,7-21-26-36-7 = 0.75,7-48-26-36-7 = 0.062,8-53-27-8 = 1.0,7-52-29-37-7 = 0.375,7-31-29-19-11-8 = 0.25,7-31-21-26-36-7 = 0.125,8-33-39-8 = 1.0,8-12-44-28-4 = 0.25,8-12-47-11-8 = 0.75,5-35-56-38-5 = 0.438,5-18-54-34-13-5 = 0.625,5-32-55-14-5 = 0.5,5-35-38-5 = 0.5,5-56-55-32-5 = 0.5,5-18-54-13-14-5 = 0.125,5-18-25-9-43-4 = 0.25,5-54-34-13-14-5 = 0.125,5-25-9-58-46-4 = 0.125,5-51-46-43-4 = 0.25,5-25-9-58-43-4 = 0.5,8-49-10-46-47-4 = 0.25,8-49-10-51-44-4 = 0.375,8-49-10-58-46-4 = 0.375,4-15-57-4 = 0.25,4-22-57-4 = 0.5,4-17-57-4 = 0.25,4-17-15-28-4 = 0.75,4-45-20-40-23-8 = 1.0,4-41-50-16-5 = 1.0,5-42-38-5 = 0.062,5-35-56-42-5 = 0.062,4-44-51-19-37-7 = 0.375,5-25-9-34-13-14-5 = 0.125,,,,,,,,,,
723,709,733.997,9,1.367,-1,763,764,4-22-4 = 1.0,5-42-5 = 0.75,7-31-52-29-19-8 = 0.375,7-48-24-30-7 = 1.0,7-21-26-36-7 = 0.625,8-53-27-8 = 1.0,7-52-29-37-7 = 0.375,7-31-21-26-36-7 = 0.375,8-33-23-39-8 = 0.75,8-33-39-8 = 0.25,8-12-47-43-4 = 0.25,8-40-44-51-43-4 = 0.75,8-10-49-19-37-7 = 0.625,7-31-52-29-14-5 = 0.25,5-35-56-38-5 = 0.375,5-18-54-34-13-5 = 0.875,5-32-55-14-5 = 0.625,5-38-50-16-5 = 0.125,5-38-41-57-4 = 0.125,5-35-38-5 = 0.375,5-56-55-32-5 = 0.375,5-18-54-13-14-5 = 0.125,5-25-9-58-46-4 = 0.875,5-34-58-46-15-4 = 0.125,4-15-57-4 = 0.375,4-17-57-4 = 0.5,4-17-15-28-4 = 0.5,4-45-20-28-4 = 0.5,4-45-20-40-23-8 = 0.25,4-41-50-16-5 = 0.875,4-12-47-11-8 = 0.75,4-45-20-11-8 = 0.25,5-35-56-42-5 = 0.25,8-49-10-51-44-8 = 0.25,8-25-9-10-49-8 = 0.125,,,,,,,,,,,,,,,
764,723,745.121,0,11.124,0,Prune by CG,,4-22-4 = 1.0,5-42-5 = 0.733,7-36-26-7 = 0.267,7-31-52-29-19-8 = 0.2,7-21-52-29-5 = 0.267,7-48-24-30-7 = 1.0,7-21-26-36-7 = 0.267,8-53-27-8 = 1.0,7-52-29-37-7 = 0.2,7-31-21-26-36-7 = 0.467,8-33-23-39-8 = 0.6,8-33-39-8 = 0.4,8-12-47-43-4 = 0.4,8-40-44-51-43-4 = 0.6,8-10-49-19-37-7 = 0.8,7-31-52-29-14-5 = 0.333,5-35-32-14-5 = 0.333,5-50-16-5 = 1.0,5-18-54-34-13-5 = 1.0,5-38-41-57-4 = 1.0,5-56-55-32-5 = 0.667,4-17-15-28-4 = 1.0,4-45-20-40-23-8 = 0.4,4-12-47-11-8 = 0.6,4-25-9-58-46-4 = 0.6,4-25-9-58-46-8 = 0.4,4-45-20-11-8 = 0.4,5-35-55-14-5 = 0.333,5-35-56-42-5 = 0.333,4-45-20-44-51-5 = 0.2,8-49-10-44-51-5 = 0.2,,,,,,,,,,,,,,,,,,,
763,723,734,8.5,0.003,-0.5,765,766,4-22-4 = 0.75,5-42-5 = 1.0,7-31-52-29-19-8 = 0.5,7-48-24-30-7 = 1.0,7-21-26-36-7 = 0.5,8-53-27-8 = 1.0,7-52-29-37-7 = 0.5,7-31-21-26-36-7 = 0.5,8-33-23-39-8 = 1.0,8-40-44-51-43-4 = 1.0,8-10-49-19-37-7 = 0.5,5-35-56-38-5 = 0.5,5-18-54-34-13-5 = 0.5,5-32-55-14-5 = 0.5,5-35-38-5 = 0.5,5-56-55-32-5 = 0.5,5-18-54-13-14-5 = 0.5,5-25-9-58-46-4 = 0.5,5-34-58-46-15-4 = 0.5,4-15-57-4 = 0.25,4-17-57-4 = 0.75,4-17-15-28-4 = 0.25,4-45-20-28-4 = 0.75,4-41-50-16-5 = 1.0,4-12-47-11-8 = 1.0,4-45-20-22-4 = 0.25,8-25-9-10-49-8 = 0.5,,,,,,,,,,,,,,,,,,,,,,,
765,763,736.084,0,2.084,0,Prune by CG,,4-22-4 = 1.0,5-42-5 = 0.429,7-31-52-29-19-8 = 0.429,7-48-24-30-7 = 1.0,7-21-26-36-7 = 0.571,8-53-27-8 = 1.0,7-52-29-37-7 = 0.429,7-31-21-26-36-7 = 0.429,8-33-23-39-8 = 0.857,8-33-39-8 = 0.143,8-40-44-51-43-4 = 0.857,8-10-49-19-37-7 = 0.571,7-31-52-29-14-5 = 0.143,8-51-46-43-4 = 0.143,5-18-54-34-13-5 = 0.429,5-32-55-14-5 = 0.286,5-35-38-5 = 0.714,5-56-55-32-5 = 0.714,5-18-54-13-14-5 = 0.571,5-25-9-46-4 = 0.143,5-25-9-58-15-4 = 0.429,5-34-58-46-15-4 = 0.571,4-17-57-4 = 1.0,4-45-20-28-4 = 0.857,4-45-20-40-23-8 = 0.143,4-41-50-16-5 = 1.0,4-12-47-11-8 = 1.0,5-42-38-5 = 0.286,5-35-56-42-5 = 0.286,4-44-46-28-4 = 0.143,8-25-9-10-49-8 = 0.429,,,,,,,,,,,,,,,,,,,
766,763,734.497,7.5,0.497,-1,767,768,4-22-4 = 1.0,5-42-5 = 0.875,7-31-52-29-19-8 = 0.437,7-48-24-30-7 = 1.0,7-21-26-36-7 = 0.562,8-53-27-8 = 1.0,7-52-29-37-7 = 0.438,7-31-21-26-36-7 = 0.437,8-33-23-39-8 = 0.812,8-33-39-8 = 0.188,8-40-44-51-43-4 = 0.812,8-10-49-19-37-7 = 0.562,7-31-52-29-14-5 = 0.125,5-35-56-38-5 = 0.75,5-18-54-34-13-5 = 1.0,5-32-55-14-5 = 0.875,5-38-50-16-5 = 0.125,5-35-38-5 = 0.125,5-56-55-32-5 = 0.125,5-25-9-58-46-4 = 1.0,4-15-57-4 = 0.5,4-17-57-4 = 0.375,4-17-15-28-4 = 0.5,4-45-20-28-4 = 0.5,4-17-41-57-4 = 0.125,8-12-49-47-43-4 = 0.188,4-45-20-40-23-8 = 0.188,4-41-50-16-5 = 0.875,4-12-47-11-8 = 0.625,4-45-20-11-8 = 0.312,5-35-56-42-5 = 0.125,8-49-10-51-44-8 = 0.188,8-12-10-47-8 = 0.188,8-49-10-11-8 = 0.062,,,,,,,,,,,,,,,,
767,766,734.635,0,0.138,0,Prune by CG,,4-22-4 = 1.0,5-42-5 = 1.0,7-31-52-29-19-8 = 0.5,7-48-24-30-7 = 1.0,7-21-26-36-7 = 0.5,8-53-27-8 = 1.0,7-52-29-37-7 = 0.5,7-31-21-26-36-7 = 0.5,8-33-23-39-8 = 1.0,8-40-44-51-43-4 = 1.0,8-10-49-19-37-7 = 0.5,5-35-56-38-5 = 1.0,5-18-54-34-13-5 = 1.0,5-32-55-14-5 = 1.0,5-25-9-58-46-4 = 1.0,4-15-57-4 = 0.5,4-17-57-4 = 0.5,4-17-15-28-4 = 0.5,4-45-20-28-4 = 0.5,4-41-50-16-5 = 1.0,4-12-47-11-8 = 1.0,8-45-20-10-49-8 = 0.5,,,,,,,,,,,,,,,,,,,,,,,,,,,,
768,766,735.284,0,0.787,0,Prune by CG,,4-22-4 = 0.857,5-42-5 = 1.0,7-31-52-29-19-8 = 0.5,7-48-24-30-7 = 1.0,7-21-26-36-7 = 0.5,8-53-27-8 = 1.0,7-52-29-37-7 = 0.5,7-31-21-26-36-7 = 0.5,8-33-23-39-8 = 0.786,8-33-39-8 = 0.214,8-12-47-11-8 = 0.571,8-40-44-51-43-4 = 0.786,8-10-49-19-37-7 = 0.5,5-35-56-38-5 = 1.0,5-18-54-34-13-5 = 1.0,5-32-55-14-5 = 1.0,5-25-9-58-46-4 = 0.571,5-25-9-58-46-8 = 0.429,4-15-57-4 = 0.429,4-22-57-4 = 0.143,4-17-57-4 = 0.429,4-17-15-28-4 = 0.571,4-45-20-28-4 = 0.429,8-12-49-47-43-4 = 0.214,4-45-20-40-23-8 = 0.214,4-41-50-16-5 = 1.0,4-45-20-11-8 = 0.357,8-49-10-51-44-8 = 0.214,8-12-10-47-8 = 0.214,8-49-10-11-8 = 0.071,,,,,,,,,,,,,,,,,,,,
719,718,733.615,9.769,0.651,1.399,769,770,4-22-4 = 0.692,5-42-5 = 1.0,7-31-52-29-19-8 = 0.462,7-48-24-30-7 = 1.0,7-21-26-36-7 = 0.462,8-53-27-8 = 1.0,7-52-29-37-7 = 0.538,7-31-21-26-36-7 = 0.538,8-33-23-39-8 = 0.462,8-33-39-8 = 0.538,8-12-10-19-8 = 0.077,8-12-44-43-8 = 0.077,8-12-47-11-8 = 0.846,8-40-44-51-43-4 = 0.462,8-25-58-10-49-8 = 0.231,8-51-46-43-4 = 0.077,5-35-56-14-5 = 0.154,5-35-56-38-5 = 0.615,5-18-54-34-13-5 = 0.923,5-32-55-14-5 = 0.769,5-38-50-16-5 = 0.077,5-38-41-57-4 = 0.077,5-35-38-5 = 0.231,5-56-55-32-5 = 0.231,5-18-54-13-14-5 = 0.077,5-25-9-46-47-8 = 0.154,5-25-9-51-44-4 = 0.462,8-49-10-58-46-4 = 0.385,8-49-58-46-43-4 = 0.385,4-15-57-4 = 0.308,4-22-57-4 = 0.308,4-17-57-4 = 0.308,4-17-15-28-4 = 0.692,5-25-9-19-37-7 = 0.154,4-45-20-28-4 = 0.308,4-45-20-40-23-8 = 0.538,4-41-50-16-5 = 0.923,4-45-20-11-8 = 0.154,4-9-10-19-37-7 = 0.231,5-34-10-19-37-7 = 0.077,,,,,,,,,,
769,719,733.967,7.619,0.353,-2.15,771,772,4-22-4 = 0.952,5-42-5 = 0.905,7-31-52-29-19-8 = 0.429,7-48-24-30-7 = 1.0,7-21-26-36-7 = 0.429,8-53-27-8 = 1.0,7-52-29-37-7 = 0.571,7-31-21-26-36-7 = 0.571,8-33-23-39-8 = 0.714,8-33-39-8 = 0.286,8-12-10-19-8 = 0.143,8-12-47-11-8 = 0.81,8-12-9-10-49-8 = 0.048,8-40-44-51-43-4 = 0.714,8-25-58-10-49-8 = 0.095,5-35-56-38-5 = 0.905,5-18-54-34-13-5 = 1.0,5-32-55-14-5 = 1.0,5-38-50-16-5 = 0.048,5-38-41-57-4 = 0.048,5-25-9-46-47-4 = 0.095,5-25-9-10-47-8 = 0.095,5-25-9-51-44-4 = 0.286,8-49-58-46-43-4 = 0.286,4-15-57-4 = 0.476,4-17-57-4 = 0.476,4-17-15-28-4 = 0.524,5-25-9-19-37-7 = 0.429,4-45-20-28-4 = 0.476,4-45-20-40-23-8 = 0.286,4-41-50-16-5 = 0.952,4-45-20-11-8 = 0.19,4-45-20-22-4 = 0.048,5-35-56-42-5 = 0.095,8-49-10-58-46-8 = 0.571,8-9-58-10-46-8 = 0.048,,,,,,,,,,,,,,
771,769,737.357,0,3.39,0,Prune by CG,,4-22-4 = 0.857,5-42-5 = 0.857,7-31-52-29-19-8 = 0.571,7-48-24-30-7 = 1.0,7-21-26-36-7 = 0.571,8-53-27-8 = 1.0,7-52-29-37-7 = 0.429,7-31-21-26-36-7 = 0.429,8-33-23-39-8 = 0.714,8-33-39-8 = 0.286,8-12-47-11-8 = 0.571,8-12-9-10-49-8 = 0.429,8-40-44-51-43-4 = 0.714,8-25-58-46-4 = 0.429,5-35-56-14-5 = 0.429,5-18-54-34-13-5 = 1.0,5-32-55-14-5 = 0.571,5-38-50-16-5 = 0.286,5-38-41-57-4 = 0.286,5-35-38-5 = 0.429,5-56-55-32-5 = 0.429,5-25-9-10-47-8 = 0.429,8-49-58-46-43-4 = 0.286,4-15-57-4 = 0.286,4-22-57-4 = 0.143,4-17-57-4 = 0.286,4-17-15-28-4 = 0.714,8-49-46-19-37-7 = 0.143,4-45-20-28-4 = 0.286,4-45-20-40-23-8 = 0.286,4-41-50-16-5 = 0.714,4-45-20-11-8 = 0.429,5-35-56-42-5 = 0.143,8-9-58-10-46-8 = 0.143,4-44-51-19-37-7 = 0.286,8-25-58-49-37-7 = 0.143,,,,,,,,,,,,,,
770,719,734.092,7.667,0.477,-2.103,773,774,4-22-4 = 0.5,5-42-5 = 1.0,7-31-52-29-19-8 = 0.5,7-48-24-30-7 = 1.0,7-21-26-36-7 = 0.5,8-53-27-8 = 1.0,7-52-29-37-7 = 0.5,7-31-21-26-36-7 = 0.5,8-33-23-39-8 = 0.167,8-33-39-8 = 0.833,8-12-47-11-8 = 1.0,8-40-44-51-43-4 = 0.167,8-25-51-43-4 = 0.167,5-35-56-38-5 = 0.833,5-18-54-34-13-5 = 0.833,5-32-55-14-5 = 0.833,5-35-38-5 = 0.167,5-25-10-44-4 = 0.167,5-56-55-32-5 = 0.167,5-18-54-13-14-5 = 0.167,5-25-9-51-44-4 = 0.667,8-49-10-58-46-4 = 0.333,8-49-58-46-43-4 = 0.667,4-28-15-4 = 0.167,4-15-57-4 = 0.167,4-22-57-4 = 0.5,4-17-57-4 = 0.333,4-17-15-28-4 = 0.667,4-45-20-28-4 = 0.167,4-45-20-40-23-8 = 0.833,4-41-50-16-5 = 1.0,4-9-10-19-37-7 = 0.333,5-34-10-19-37-7 = 0.167,,,,,,,,,,,,,,,,,
773,770,737.767,0,3.675,0,Prune by CG,,4-22-4 = 0.566,5-42-5 = 1.0,7-31-52-29-19-8 = 0.17,7-31-52-37-7 = 0.189,7-48-24-30-7 = 1.0,7-21-26-36-7 = 0.547,8-53-27-8 = 1.0,7-52-29-37-7 = 0.642,7-31-29-19-11-8 = 0.189,7-31-21-26-36-7 = 0.453,8-33-23-39-8 = 0.415,8-33-39-8 = 0.585,8-12-47-11-8 = 0.528,8-40-44-51-43-4 = 0.415,8-12-9-58-49-19-8 = 0.472,8-25-9-10-58-4 = 0.019,8-51-46-43-4 = 0.264,5-35-56-38-5 = 0.585,5-18-54-34-13-5 = 0.585,5-32-55-14-5 = 0.585,5-35-38-5 = 0.415,5-25-10-44-4 = 0.321,5-56-55-32-5 = 0.415,5-18-54-13-14-5 = 0.208,5-25-9-10-47-4 = 0.472,5-18-54-34-14-5 = 0.208,5-34-13-51-46-4 = 0.208,8-49-58-46-43-4 = 0.321,4-15-57-4 = 0.283,4-22-57-4 = 0.434,4-17-57-4 = 0.283,4-17-15-28-4 = 0.717,8-49-46-19-37-7 = 0.019,4-45-20-28-4 = 0.283,4-45-20-40-23-8 = 0.585,4-41-50-16-5 = 1.0,4-45-20-11-8 = 0.132,4-9-46-19-37-7 = 0.038,4-44-46-11-8 = 0.151,4-44-51-19-37-7 = 0.113,8-25-58-10-49-7 = 0.189,,,,,,,,,
772,769,734.415,8.35,0.447,0.731,775,776,4-22-4 = 0.812,5-42-5 = 1.0,7-31-52-29-19-8 = 0.35,7-48-24-30-7 = 1.0,7-21-26-36-7 = 0.35,8-53-27-8 = 1.0,7-52-29-37-7 = 0.65,7-31-21-26-36-7 = 0.65,8-33-23-39-8 = 1.0,8-12-10-19-8 = 0.15,8-12-47-11-8 = 0.6,8-40-44-51-43-4 = 1.0,8-25-58-10-49-8 = 0.25,8-12-9-34-13-14-5 = 0.1,8-12-9-58-49-19-8 = 0.15,5-35-56-14-5 = 0.35,5-18-54-34-13-5 = 0.8,5-32-55-14-5 = 0.35,5-38-50-16-5 = 0.175,5-38-41-57-4 = 0.175,5-35-38-5 = 0.65,5-56-55-32-5 = 0.65,5-18-54-13-14-5 = 0.1,5-25-9-46-47-4 = 0.05,5-25-9-46-47-8 = 0.35,5-18-54-34-14-5 = 0.1,4-15-57-4 = 0.412,4-17-57-4 = 0.412,4-17-15-28-4 = 0.588,5-25-9-19-37-7 = 0.35,4-45-20-28-4 = 0.412,4-41-50-16-5 = 0.825,4-45-20-11-8 = 0.4,4-45-20-22-4 = 0.188,8-49-10-58-46-8 = 0.6,,,,,,,,,,,,,,,
775,772,737.468,0,3.053,0,Prune by CG,,4-22-4 = 1.0,5-42-5 = 0.882,7-31-52-29-19-8 = 0.059,7-48-24-30-7 = 1.0,7-21-26-36-7 = 0.059,8-53-27-8 = 1.0,7-52-29-37-7 = 0.941,7-31-21-26-36-7 = 0.941,8-33-23-39-8 = 0.882,8-33-39-8 = 0.118,8-12-47-11-8 = 0.412,8-40-44-51-43-4 = 0.882,8-25-58-10-49-8 = 0.206,8-12-9-34-13-14-5 = 0.029,8-12-9-58-49-19-8 = 0.559,8-25-9-46-47-8 = 0.118,8-25-9-58-46-4 = 0.235,8-51-46-43-4 = 0.118,5-35-56-14-5 = 0.235,5-35-56-38-5 = 0.088,5-18-54-34-13-5 = 0.706,5-32-55-14-5 = 0.441,5-38-50-16-5 = 0.176,5-38-41-57-4 = 0.176,5-35-38-5 = 0.559,5-56-55-32-5 = 0.559,5-18-54-13-14-5 = 0.265,5-18-54-34-14-5 = 0.029,5-34-10-46-47-8 = 0.235,5-25-44-28-4 = 0.118,8-49-10-46-47-8 = 0.235,4-15-57-4 = 0.412,4-17-57-4 = 0.412,4-17-15-28-4 = 0.588,4-45-20-28-4 = 0.294,8-9-46-19-37-7 = 0.059,5-25-10-19-8 = 0.324,4-45-20-40-23-8 = 0.118,4-41-50-16-5 = 0.824,4-45-20-11-8 = 0.588,5-35-56-42-5 = 0.118,,,,,,,,,
776,772,735.362,0,0.947,0,Prune by CG,,4-22-4 = 0.85,5-42-5 = 1.0,7-31-52-29-19-8 = 0.4,7-48-24-30-7 = 1.0,7-21-26-36-7 = 0.4,8-53-27-8 = 1.0,7-52-29-37-7 = 0.6,7-31-21-26-36-7 = 0.6,8-33-23-39-8 = 0.8,8-33-39-8 = 0.2,8-12-10-19-8 = 0.2,8-12-47-11-8 = 0.8,8-40-44-51-43-4 = 0.8,8-25-58-10-49-8 = 0.2,5-35-56-14-5 = 0.2,5-35-56-38-5 = 0.6,5-18-54-34-13-5 = 0.8,5-32-55-14-5 = 0.6,5-38-50-16-5 = 0.1,5-38-41-57-4 = 0.1,5-35-38-5 = 0.2,5-56-55-32-5 = 0.2,5-25-9-46-47-8 = 0.2,5-18-55-32-5 = 0.2,5-25-9-51-44-4 = 0.2,8-49-58-46-43-4 = 0.2,4-15-57-4 = 0.45,4-17-57-4 = 0.45,4-17-15-28-4 = 0.55,5-25-9-19-37-7 = 0.4,4-45-20-28-4 = 0.45,4-45-20-40-23-8 = 0.2,4-41-50-16-5 = 0.9,4-45-20-11-8 = 0.2,4-45-20-22-4 = 0.15,8-49-10-58-46-8 = 0.6,5-54-9-34-13-14-5 = 0.2,,,,,,,,,,,,,
603,602,734.48,6.429,2.45,-0.738,777,778,4-22-4 = 0.464,5-42-5 = 0.964,7-21-55-36-7 = 0.018,7-31-52-29-19-8 = 0.5,7-30-24-26-36-7 = 0.018,7-48-21-26-7 = 0.018,7-48-24-30-7 = 0.982,7-21-26-36-7 = 0.464,8-40-28-15-4 = 0.786,7-52-29-37-7 = 0.5,7-31-21-26-36-7 = 0.5,8-33-23-39-8 = 0.786,8-33-39-8 = 0.214,8-12-9-10-49-8 = 0.036,8-10-49-19-37-7 = 0.5,5-41-50-16-5 = 0.107,5-18-54-32-5 = 0.018,5-18-54-34-13-5 = 0.964,5-38-50-16-5 = 0.036,5-35-38-5 = 0.964,5-25-51-43-4 = 0.054,5-54-9-58-43-4 = 0.018,5-56-55-32-5 = 0.964,5-25-9-10-47-8 = 0.036,5-18-55-32-5 = 0.018,5-25-9-51-44-4 = 0.071,5-25-9-46-14-5 = 0.75,5-25-9-44-43-4 = 0.089,5-34-13-51-43-4 = 0.036,5-58-51-44-43-4 = 0.804,8-49-10-58-15-4 = 0.179,8-49-51-44-15-4 = 0.036,4-17-57-4 = 0.964,4-45-20-28-4 = 0.214,4-17-41-57-4 = 0.036,4-45-20-40-23-8 = 0.214,4-41-50-16-5 = 0.857,4-12-47-11-8 = 0.964,4-45-20-11-8 = 0.036,8-49-10-46-14-5 = 0.25,4-45-20-22-4 = 0.536,5-35-56-42-5 = 0.036,8-27-53-8 = 1.0,,,,,,,
777,603,737.181,0,2.701,0,Prune by CG,,4-22-4 = 0.5,5-42-5 = 0.795,7-31-52-29-19-8 = 0.5,7-31-52-37-7 = 0.372,7-48-24-30-7 = 1.0,7-21-26-36-7 = 0.872,8-40-28-15-4 = 0.75,7-52-29-37-7 = 0.128,7-31-21-26-36-7 = 0.128,8-33-23-39-8 = 0.75,8-33-39-8 = 0.25,8-10-49-19-37-7 = 0.013,5-54-46-13-5 = 0.096,5-18-54-34-13-5 = 0.474,5-35-38-5 = 0.897,5-25-46-13-5 = 0.013,5-25-51-43-4 = 0.154,5-54-9-58-43-4 = 0.167,5-56-55-32-5 = 0.897,5-18-54-13-14-5 = 0.263,5-18-55-32-5 = 0.103,5-18-58-51-43-4 = 0.16,5-25-9-51-44-4 = 0.519,5-25-9-44-43-4 = 0.314,5-58-51-44-43-4 = 0.051,8-49-10-58-15-4 = 0.25,4-17-57-4 = 1.0,5-34-58-29-19-37-7 = 0.372,4-45-20-28-4 = 0.25,4-45-20-40-23-8 = 0.25,4-41-50-16-5 = 1.0,4-12-47-11-8 = 1.0,5-42-38-5 = 0.103,8-49-10-46-14-5 = 0.737,4-45-20-22-4 = 0.5,5-35-56-42-5 = 0.103,5-34-13-46-43-5 = 0.154,8-27-53-8 = 1.0,4-44-51-19-37-7 = 0.115,,,,,,,,,,,
778,603,734.535,6.417,0.056,-0.012,779,780,4-22-4 = 0.5,5-42-5 = 0.958,7-21-55-36-7 = 0.042,7-31-52-29-19-8 = 0.5,7-30-24-26-36-7 = 0.042,7-48-21-26-7 = 0.042,7-48-24-30-7 = 0.958,7-21-26-36-7 = 0.417,8-40-28-15-4 = 0.75,7-52-29-37-7 = 0.5,7-31-21-26-36-7 = 0.5,8-33-23-39-8 = 0.792,8-33-39-8 = 0.208,8-12-9-10-49-8 = 0.042,8-40-44-51-43-4 = 0.042,8-10-49-19-37-7 = 0.5,5-41-50-16-5 = 0.125,5-18-54-32-5 = 0.042,5-18-54-34-13-5 = 0.958,5-38-50-16-5 = 0.042,5-35-38-5 = 0.958,5-25-51-43-4 = 0.042,5-56-55-32-5 = 0.958,5-25-9-10-47-8 = 0.042,5-25-9-46-14-5 = 0.917,5-34-13-51-43-4 = 0.042,5-58-51-44-43-4 = 0.792,8-49-10-51-44-4 = 0.042,8-49-10-58-15-4 = 0.208,8-49-10-44-43-4 = 0.083,8-49-51-44-15-4 = 0.042,4-17-57-4 = 0.958,4-45-20-28-4 = 0.25,4-17-41-57-4 = 0.042,4-45-20-40-23-8 = 0.208,4-41-50-16-5 = 0.833,4-12-47-11-8 = 0.958,4-45-20-11-8 = 0.042,8-49-10-46-14-5 = 0.083,4-45-20-22-4 = 0.5,5-35-56-42-5 = 0.042,8-27-53-8 = 1.0,,,,,,,,
780,778,739.436,0,4.9,0,Prune by CG,,4-22-4 = 0.677,5-42-5 = 0.903,7-21-55-36-7 = 0.097,7-31-52-29-19-8 = 0.452,7-31-52-37-7 = 0.452,7-30-24-26-36-7 = 0.097,7-48-21-26-7 = 0.097,7-48-24-30-7 = 0.903,7-21-26-36-7 = 0.71,8-40-28-15-4 = 0.484,7-52-29-37-7 = 0.097,7-31-21-26-36-7 = 0.097,8-33-23-39-8 = 0.742,8-33-40-11-8 = 0.258,8-53-39-8 = 0.258,8-12-44-15-4 = 0.065,8-12-47-11-8 = 0.032,8-10-46-13-5 = 0.097,8-12-9-58-49-19-8 = 0.097,5-18-54-32-5 = 0.097,5-18-54-34-13-5 = 0.677,5-38-50-16-5 = 0.097,5-35-38-5 = 0.903,5-25-51-43-4 = 0.29,5-56-55-32-5 = 0.903,5-18-54-13-14-5 = 0.226,5-25-9-10-47-8 = 0.129,5-25-9-46-14-5 = 0.581,5-34-58-10-43-4 = 0.323,5-58-51-44-43-4 = 0.258,8-49-51-44-15-4 = 0.452,4-17-57-4 = 0.903,4-12-44-28-4 = 0.097,4-45-20-28-4 = 0.419,5-58-10-47-43-4 = 0.129,4-17-41-57-4 = 0.097,4-45-20-40-23-8 = 0.258,4-41-50-16-5 = 0.903,4-12-47-11-8 = 0.71,4-45-20-22-4 = 0.323,5-35-56-42-5 = 0.097,8-27-53-8 = 0.742,8-27-49-29-19-37-7 = 0.258,5-9-10-46-14-5 = 0.194,4-44-10-46-5 = 0.129,8-49-58-29-19-37-7 = 0.194,,,,
779,778,734.598,6.32,0.062,-0.097,781,782,4-22-4 = 0.49,5-42-5 = 0.95,7-21-55-36-7 = 0.02,7-31-52-29-19-8 = 0.5,7-30-24-26-36-7 = 0.02,7-48-21-26-7 = 0.02,7-48-24-30-7 = 0.98,7-21-26-36-7 = 0.46,8-40-28-15-4 = 0.77,7-52-29-37-7 = 0.5,7-31-21-26-36-7 = 0.5,8-33-23-39-8 = 0.77,8-33-39-8 = 0.23,8-12-44-15-4 = 0.01,8-12-9-10-49-8 = 0.02,8-10-49-19-37-7 = 0.5,5-41-50-16-5 = 0.09,5-18-54-32-5 = 0.02,5-18-54-34-13-5 = 0.95,5-38-50-16-5 = 0.05,5-35-38-5 = 0.95,5-25-51-43-4 = 0.05,5-56-55-32-5 = 0.95,5-18-55-32-5 = 0.03,5-25-9-46-14-5 = 0.95,5-34-13-51-43-4 = 0.05,5-58-51-44-43-4 = 0.78,8-49-10-51-44-4 = 0.09,8-49-10-58-15-4 = 0.22,8-49-10-44-43-4 = 0.12,4-17-57-4 = 0.95,4-45-20-28-4 = 0.23,4-17-41-57-4 = 0.05,5-54-9-51-47-8 = 0.03,4-45-20-40-23-8 = 0.23,4-41-50-16-5 = 0.86,4-12-47-11-8 = 0.97,4-45-20-11-8 = 0.03,8-49-10-46-14-5 = 0.05,4-45-20-22-4 = 0.51,5-35-56-42-5 = 0.05,8-27-53-8 = 1.0,,,,,,,,
781,779,734.95,0,0.352,0,Prune by CG,,4-22-4 = 0.441,5-42-5 = 0.971,7-31-52-29-19-8 = 0.5,7-48-24-30-7 = 1.0,7-21-26-36-7 = 0.5,8-40-28-15-4 = 0.794,7-52-29-37-7 = 0.5,7-31-21-26-36-7 = 0.5,8-33-23-39-8 = 0.794,8-33-39-8 = 0.206,8-12-47-11-8 = 0.059,8-12-9-10-49-8 = 0.029,8-10-49-19-37-7 = 0.5,5-41-50-16-5 = 0.118,5-18-54-34-13-5 = 0.971,5-38-50-16-5 = 0.029,5-35-38-5 = 0.971,5-25-51-43-4 = 0.059,5-56-55-32-5 = 0.971,5-18-55-32-5 = 0.029,5-25-9-46-14-5 = 0.853,5-34-13-51-43-4 = 0.029,5-25-9-51-44-8 = 0.088,5-58-51-44-43-4 = 0.794,8-49-10-58-15-4 = 0.206,8-49-10-44-43-4 = 0.118,4-17-57-4 = 0.971,4-45-20-28-4 = 0.206,4-17-41-57-4 = 0.029,5-54-9-51-47-8 = 0.029,4-45-20-40-23-8 = 0.206,4-41-50-16-5 = 0.853,4-12-47-11-8 = 0.912,4-45-20-11-8 = 0.029,8-49-10-46-14-5 = 0.147,4-45-20-22-4 = 0.559,5-35-56-42-5 = 0.029,8-27-53-8 = 1.0,,,,,,,,,,,,
782,779,736.975,0,2.377,0,Prune by CG,,4-22-4 = 1.0,5-42-5 = 0.75,7-31-52-29-19-8 = 0.625,7-31-52-37-7 = 0.125,7-48-37-7 = 0.125,7-30-24-26-36-7 = 0.125,7-48-24-30-7 = 0.875,7-21-26-36-7 = 0.625,8-40-28-15-4 = 0.062,7-52-29-37-7 = 0.25,7-31-21-26-36-7 = 0.25,8-33-23-39-8 = 0.812,8-33-39-8 = 0.188,8-40-44-51-43-4 = 0.75,8-10-49-19-37-7 = 0.062,5-41-50-16-5 = 0.125,5-35-56-21-7 = 0.125,5-18-54-34-13-5 = 0.812,5-32-55-14-5 = 0.188,5-38-50-16-5 = 0.375,5-35-38-5 = 0.625,5-54-58-43-4 = 0.062,5-56-55-32-5 = 0.625,5-18-55-32-5 = 0.188,5-25-9-46-14-5 = 0.812,8-49-10-58-15-4 = 0.938,4-17-57-4 = 0.625,5-25-9-19-37-7 = 0.188,4-45-20-28-4 = 0.812,4-17-41-57-4 = 0.375,4-44-51-28-4 = 0.125,5-54-29-37-7 = 0.125,4-45-20-40-23-8 = 0.188,4-41-50-16-5 = 0.5,4-12-47-11-8 = 1.0,5-35-56-42-5 = 0.25,5-34-13-46-43-5 = 0.188,8-27-53-8 = 1.0,4-44-51-19-37-7 = 0.125,,,,,,,,,,,
722,720,734.155,9.027,0.952,0.709,783,784,4-22-4 = 0.539,5-42-5 = 1.0,7-31-52-29-19-8 = 0.5,7-48-24-30-7 = 1.0,7-21-26-36-7 = 0.5,8-53-27-8 = 1.0,7-52-29-37-7 = 0.5,7-31-21-26-36-7 = 0.5,8-33-23-39-8 = 0.993,8-33-40-11-8 = 0.007,8-40-23-39-8 = 0.007,8-40-44-51-43-4 = 0.856,8-25-58-10-49-8 = 0.226,5-35-56-14-5 = 0.336,5-18-54-34-13-5 = 0.781,5-32-55-14-5 = 0.336,5-38-50-16-5 = 0.168,5-38-41-57-4 = 0.168,5-35-38-5 = 0.664,5-56-55-32-5 = 0.664,5-18-54-13-14-5 = 0.11,5-25-9-46-47-8 = 0.103,5-25-9-10-47-8 = 0.021,5-18-54-34-14-5 = 0.11,5-25-9-51-44-4 = 0.144,8-49-10-58-46-4 = 0.63,8-49-58-46-43-4 = 0.144,4-15-57-4 = 0.416,4-17-57-4 = 0.416,4-17-15-28-4 = 0.584,5-25-9-19-37-7 = 0.5,4-45-20-28-4 = 0.416,5-25-12-40-8 = 0.007,4-20-40-11-8 = 0.116,4-41-50-16-5 = 0.832,4-12-47-11-8 = 0.877,4-45-20-22-4 = 0.461,4-20-12-40-8 = 0.007,4-45-9-10-46-4 = 0.123,4-12-9-34-13-14-5 = 0.11,,,,,,,,,,
784,722,735.776,0,1.621,0,Prune by CG,,4-22-4 = 0.156,5-42-5 = 0.125,7-31-52-29-19-8 = 0.5,7-48-24-30-7 = 1.0,7-21-26-36-7 = 0.5,7-52-29-37-7 = 0.5,7-31-21-26-36-7 = 0.5,8-33-23-39-8 = 1.0,8-40-44-51-43-4 = 0.875,8-25-58-10-49-8 = 0.25,5-18-54-34-13-5 = 0.75,5-32-55-14-5 = 0.625,5-38-50-16-5 = 0.187,5-38-41-57-4 = 0.187,5-35-38-5 = 0.375,5-56-55-32-5 = 0.375,5-18-54-13-14-5 = 0.125,5-25-9-46-47-8 = 0.125,5-18-54-34-14-5 = 0.125,5-25-9-51-44-4 = 0.125,8-49-10-58-46-4 = 0.625,8-49-58-46-43-4 = 0.125,4-15-57-4 = 0.281,4-22-57-4 = 0.25,4-17-57-4 = 0.281,4-17-15-28-4 = 0.719,5-25-9-19-37-7 = 0.5,4-45-20-28-4 = 0.281,4-20-40-11-8 = 0.125,4-41-50-16-5 = 0.813,4-12-47-11-8 = 0.875,5-42-38-5 = 0.25,4-45-20-22-4 = 0.594,5-35-56-42-5 = 0.625,4-45-9-10-46-4 = 0.125,8-27-53-8 = 1.0,4-12-9-34-13-14-5 = 0.125,,,,,,,,,,,,,
783,722,734.159,8.897,0.004,-0.13,785,786,4-22-4 = 0.735,5-42-5 = 1.0,7-31-52-29-19-8 = 0.5,7-48-24-30-7 = 1.0,7-21-26-36-7 = 0.5,7-52-29-37-7 = 0.5,7-31-21-26-36-7 = 0.5,8-33-23-39-8 = 0.993,8-33-40-11-8 = 0.007,8-40-23-39-8 = 0.007,8-40-44-51-43-4 = 0.856,8-25-58-10-49-8 = 0.226,5-35-56-14-5 = 0.336,5-18-54-34-13-5 = 0.781,5-32-55-14-5 = 0.336,5-38-50-16-5 = 0.168,5-38-41-57-4 = 0.168,5-35-38-5 = 0.664,5-56-55-32-5 = 0.664,5-18-54-13-14-5 = 0.11,5-25-9-46-47-8 = 0.103,5-25-9-10-47-8 = 0.021,5-18-54-34-14-5 = 0.11,5-25-9-51-44-4 = 0.144,8-49-10-58-46-4 = 0.63,8-49-58-46-43-4 = 0.144,4-15-57-4 = 0.351,4-17-57-4 = 0.481,4-17-15-28-4 = 0.519,5-25-9-19-37-7 = 0.5,4-45-20-28-4 = 0.481,5-25-12-40-8 = 0.007,4-20-40-11-8 = 0.116,4-41-50-16-5 = 0.832,4-12-47-11-8 = 0.877,4-45-20-15-4 = 0.13,4-45-20-22-4 = 0.265,4-20-12-40-8 = 0.007,4-45-9-10-46-4 = 0.123,8-27-53-8 = 1.0,4-12-9-34-13-14-5 = 0.11,,,,,,,,,
786,783,738.287,0,4.128,0,Prune by CG,,4-22-4 = 0.685,5-42-5 = 1.0,7-31-52-29-19-8 = 0.481,7-48-24-30-7 = 1.0,7-21-26-36-7 = 0.481,7-52-29-37-7 = 0.519,7-31-21-26-36-7 = 0.519,8-33-23-39-8 = 1.0,8-40-44-51-43-4 = 0.815,8-25-58-10-49-8 = 0.778,8-40-49-46-43-4 = 0.185,5-35-56-14-5 = 0.37,5-18-54-34-13-5 = 0.741,5-32-55-14-5 = 0.37,5-38-50-16-5 = 0.185,5-38-41-57-4 = 0.185,5-35-38-5 = 0.63,5-56-55-32-5 = 0.63,5-18-54-13-14-5 = 0.037,5-18-25-46-4 = 0.074,5-54-34-13-14-5 = 0.222,4-15-57-4 = 0.204,4-17-57-4 = 0.611,4-17-15-28-4 = 0.389,5-9-46-19-37-7 = 0.444,4-45-20-28-4 = 0.611,8-9-46-19-37-7 = 0.037,8-9-10-46-47-4 = 0.037,4-41-50-16-5 = 0.815,4-12-47-11-8 = 0.963,8-9-58-49-19-11-8 = 0.037,4-45-20-15-4 = 0.037,4-45-20-22-4 = 0.315,8-9-58-10-46-4 = 0.185,8-27-53-8 = 1.0,8-9-51-44-15-4 = 0.185,4-20-12-9-34-5 = 0.037,4-45-9-46-15-4 = 0.037,5-18-25-15-4 = 0.148,,,,,,,,,,,
785,783,734.497,6,0.338,-2.897,787,788,4-22-4 = 0.833,5-42-5 = 1.0,7-31-52-29-19-8 = 0.5,7-48-24-30-7 = 1.0,7-21-26-36-7 = 0.5,7-52-29-37-7 = 0.5,7-31-21-26-36-7 = 0.5,8-33-23-39-8 = 1.0,8-40-44-51-43-4 = 0.833,5-35-56-38-5 = 1.0,5-18-54-34-13-5 = 1.0,5-32-55-14-5 = 1.0,5-25-9-10-47-8 = 0.167,5-25-9-51-44-4 = 0.167,8-49-10-58-46-4 = 0.833,8-49-58-46-43-4 = 0.167,4-15-57-4 = 0.333,4-17-57-4 = 0.667,4-17-15-28-4 = 0.333,5-25-9-19-37-7 = 0.5,4-45-20-28-4 = 0.5,5-25-9-12-8 = 0.167,4-20-40-11-8 = 0.167,4-41-50-16-5 = 1.0,4-12-47-11-8 = 0.833,4-45-28-15-4 = 0.167,4-45-20-15-4 = 0.167,4-45-20-22-4 = 0.167,8-27-53-8 = 1.0,,,,,,,,,,,,,,,,,,,,,
787,785,742.408,0,7.911,0,Prune by CG,,4-22-4 = 0.667,5-42-5 = 1.0,7-31-52-29-19-8 = 0.5,7-31-52-37-7 = 0.167,7-48-24-30-7 = 1.0,7-21-26-36-7 = 0.667,7-52-29-37-7 = 0.333,7-31-21-26-36-7 = 0.333,8-33-23-39-8 = 1.0,8-40-44-51-43-4 = 0.833,5-35-56-38-5 = 0.667,5-18-54-34-13-5 = 0.833,5-32-55-14-5 = 0.667,5-35-38-5 = 0.333,5-56-55-32-5 = 0.333,5-25-9-10-47-8 = 0.167,5-18-54-34-14-5 = 0.167,8-49-10-58-46-4 = 0.667,8-49-58-46-43-4 = 0.167,4-15-57-4 = 0.5,4-17-57-4 = 0.5,4-17-15-28-4 = 0.5,4-45-20-28-4 = 0.5,5-25-9-12-8 = 0.5,4-20-40-11-8 = 0.167,4-41-50-16-5 = 1.0,4-25-9-46-47-8 = 0.167,4-25-9-10-47-8 = 0.167,4-45-20-22-4 = 0.333,8-27-53-8 = 1.0,8-11-19-37-7 = 0.333,4-45-44-51-13-14-5 = 0.167,8-49-58-29-19-37-7 = 0.167,5-12-47-11-8 = 0.5,,,,,,,,,,,,,,,,
788,785,734.7,0,0.203,0,Prune by CG,,4-22-4 = 0.8,5-42-5 = 1.0,7-31-52-29-19-8 = 0.4,7-48-24-30-7 = 1.0,7-21-26-36-7 = 0.4,7-52-29-37-7 = 0.6,7-31-21-26-36-7 = 0.6,8-33-23-39-8 = 0.8,8-33-40-11-8 = 0.2,8-40-23-39-8 = 0.2,8-40-44-51-43-4 = 0.6,5-35-56-38-5 = 1.0,5-18-54-34-13-5 = 1.0,5-32-55-14-5 = 1.0,5-25-9-10-47-8 = 0.2,5-25-9-51-44-4 = 0.4,8-49-10-58-46-4 = 0.6,8-49-58-46-43-4 = 0.4,4-15-57-4 = 0.4,4-17-57-4 = 0.6,4-17-15-28-4 = 0.4,5-25-9-19-37-7 = 0.4,4-45-20-28-4 = 0.6,4-41-50-16-5 = 1.0,4-12-47-11-8 = 0.8,4-45-20-15-4 = 0.2,4-45-20-22-4 = 0.2,8-27-53-8 = 1.0,4-12-10-19-8 = 0.2,,,,,,,,,,,,,,,,,,,,,
750,707,734.404,8.133,0.483,0.133,789,790,4-22-4 = 0.767,5-42-5 = 1.0,7-31-52-29-19-8 = 0.6,7-48-24-30-7 = 1.0,7-21-26-36-7 = 0.6,8-53-27-8 = 1.0,7-52-29-37-7 = 0.4,7-31-21-26-36-7 = 0.4,8-33-23-39-8 = 0.733,8-33-39-8 = 0.267,8-12-44-43-4 = 0.2,8-40-44-51-43-4 = 0.733,8-25-51-43-4 = 0.067,5-35-56-38-5 = 0.933,5-18-54-34-13-5 = 0.933,5-32-55-14-5 = 0.933,5-35-38-5 = 0.067,5-25-58-51-47-8 = 0.133,5-56-55-32-5 = 0.067,5-18-54-13-14-5 = 0.067,5-25-9-10-58-4 = 0.567,5-25-9-58-46-4 = 0.233,5-34-58-10-46-4 = 0.067,8-49-10-46-47-4 = 0.3,8-49-10-51-44-4 = 0.067,4-28-15-4 = 0.1,4-15-57-4 = 0.333,4-22-57-4 = 0.233,4-17-57-4 = 0.433,4-17-15-28-4 = 0.567,8-49-46-19-37-7 = 0.4,4-45-20-28-4 = 0.333,4-45-20-40-23-8 = 0.267,4-41-50-16-5 = 1.0,4-12-47-11-8 = 0.567,4-45-20-11-8 = 0.4,8-12-9-49-37-7 = 0.2,8-12-49-11-8 = 0.033,,,,,,,,,,,,
789,750,735.188,0,0.784,0,Prune by CG,,4-22-4 = 0.542,5-42-5 = 1.0,7-31-52-29-19-8 = 0.604,7-48-24-30-7 = 1.0,7-21-26-36-7 = 0.604,7-52-29-37-7 = 0.396,7-31-21-26-36-7 = 0.396,8-33-23-39-8 = 0.563,8-33-39-8 = 0.437,8-12-44-43-4 = 0.333,8-12-47-11-8 = 0.458,8-40-44-51-43-4 = 0.563,8-51-46-43-4 = 0.104,5-35-56-38-5 = 1.0,5-18-54-34-13-5 = 1.0,5-32-55-14-5 = 1.0,5-25-58-51-47-8 = 0.229,5-25-9-46-47-8 = 0.021,5-25-9-10-58-4 = 0.583,5-25-9-58-46-8 = 0.167,8-49-10-46-47-4 = 0.292,8-49-10-51-44-4 = 0.104,4-28-15-4 = 0.5,4-15-57-4 = 0.021,4-22-57-4 = 0.458,4-17-57-4 = 0.521,4-17-15-28-4 = 0.479,8-49-46-19-37-7 = 0.396,4-45-20-28-4 = 0.021,4-45-20-40-23-8 = 0.437,4-41-50-16-5 = 1.0,4-45-20-11-8 = 0.542,4-9-58-10-46-4 = 0.021,8-27-53-8 = 1.0,8-12-9-49-37-7 = 0.208,,,,,,,,,,,,,,,
790,750,736.008,0,1.605,0,Prune by CG,,4-22-4 = 0.92,5-42-5 = 1.0,7-31-52-29-19-8 = 0.48,7-31-52-37-7 = 0.28,7-48-24-30-7 = 1.0,7-21-26-36-7 = 0.76,7-52-29-37-7 = 0.24,7-31-21-26-36-7 = 0.24,8-33-23-39-8 = 0.76,8-33-39-8 = 0.12,8-53-39-8 = 0.12,8-20-51-43-4 = 0.24,8-40-44-51-43-4 = 0.76,5-35-56-38-5 = 1.0,5-18-54-34-13-5 = 1.0,5-32-55-14-5 = 1.0,5-25-9-10-58-4 = 0.52,5-25-9-58-46-8 = 0.28,5-25-9-58-15-4 = 0.2,8-49-10-46-47-4 = 0.48,4-15-57-4 = 0.36,4-22-57-4 = 0.08,4-17-57-4 = 0.56,4-17-15-28-4 = 0.44,4-12-44-28-4 = 0.24,8-49-46-19-37-7 = 0.24,4-45-20-28-4 = 0.32,4-45-20-40-23-8 = 0.24,4-41-50-16-5 = 1.0,4-12-47-11-8 = 0.52,4-45-20-11-8 = 0.2,8-49-29-19-11-8 = 0.04,4-45-12-11-8 = 0.24,8-27-53-8 = 0.76,8-27-49-29-19-37-7 = 0.24,8-53-33-8 = 0.12,,,,,,,,,,,,,,
737,734,733.066,10.316,0.824,0.516,791,792,4-22-4 = 0.447,8-39-8 = 0.184,5-42-5 = 0.921,7-31-52-29-19-8 = 0.5,7-48-24-30-7 = 1.0,7-21-26-36-7 = 0.5,8-53-27-8 = 1.0,7-52-29-37-7 = 0.5,7-31-21-26-36-7 = 0.5,8-33-23-39-8 = 0.211,8-33-39-8 = 0.579,8-33-40-11-8 = 0.211,8-40-23-39-8 = 0.026,8-12-47-11-8 = 0.789,8-12-9-58-51-4 = 0.211,8-10-49-19-37-7 = 0.263,5-35-56-14-5 = 0.5,5-18-54-34-13-5 = 1.0,5-32-55-14-5 = 0.5,5-38-50-16-5 = 0.211,5-38-41-57-4 = 0.211,5-35-38-5 = 0.5,5-56-55-32-5 = 0.5,5-25-9-46-47-4 = 0.211,5-25-9-51-44-4 = 0.368,8-49-10-58-46-4 = 0.684,8-49-10-58-15-4 = 0.053,4-15-28-4 = 0.184,4-22-57-4 = 0.553,4-17-57-4 = 0.237,4-17-15-28-4 = 0.763,4-45-20-44-43-4 = 0.237,4-51-46-43-4 = 0.105,4-45-20-40-23-8 = 0.763,4-41-50-16-5 = 0.789,4-25-9-44-43-4 = 0.158,4-44-43-19-37-7 = 0.237,5-42-38-5 = 0.079,4-25-51-43-4 = 0.263,8-9-58-51-28-4 = 0.053,,,,,,,,,,
791,737,738.4,0,5.335,0,Prune by CG,,4-22-4 = 1.0,5-42-5 = 0.667,7-31-52-29-19-8 = 0.667,7-48-24-30-7 = 1.0,7-21-26-36-7 = 1.0,8-53-27-40-23-8 = 0.667,8-33-39-8 = 1.0,8-12-47-11-8 = 1.0,7-31-52-29-14-5 = 0.333,5-18-54-34-13-5 = 0.667,5-32-55-14-5 = 0.333,5-38-50-16-5 = 0.167,5-38-41-57-4 = 0.167,5-35-38-5 = 0.667,5-56-55-32-5 = 0.667,5-18-25-9-51-4 = 0.333,5-54-34-13-14-5 = 0.333,5-25-9-51-44-4 = 0.667,8-49-10-58-46-4 = 1.0,4-28-15-4 = 0.167,4-17-57-4 = 0.833,4-17-15-28-4 = 0.167,4-45-20-28-4 = 0.667,4-45-20-40-23-8 = 0.333,4-41-50-16-5 = 0.833,4-44-43-19-37-7 = 0.333,5-35-56-42-5 = 0.333,8-27-53-8 = 0.333,4-15-43-37-7 = 0.667,,,,,,,,,,,,,,,,,,,,,
792,737,733.306,9.5,0.24,-0.816,793,794,4-22-4 = 0.5,5-42-5 = 1.0,7-31-52-29-19-8 = 0.5,7-31-52-37-7 = 0.25,7-48-24-30-7 = 1.0,7-21-26-36-7 = 0.75,8-53-27-40-23-8 = 0.25,7-52-29-37-7 = 0.25,7-31-21-26-36-7 = 0.25,8-33-39-8 = 1.0,8-12-47-11-8 = 1.0,8-10-49-19-37-7 = 0.25,5-35-56-14-5 = 0.5,5-18-54-34-13-5 = 1.0,5-32-55-14-5 = 0.5,5-38-50-16-5 = 0.25,5-38-41-57-4 = 0.25,5-35-38-5 = 0.5,5-56-55-32-5 = 0.5,5-25-9-51-44-4 = 0.5,8-49-10-58-46-4 = 0.5,4-28-15-4 = 0.25,4-22-57-4 = 0.5,4-17-57-4 = 0.25,4-17-15-28-4 = 0.75,4-45-20-44-43-4 = 0.25,4-51-46-43-4 = 0.25,4-45-20-40-23-8 = 0.75,4-41-50-16-5 = 0.75,4-25-9-44-43-4 = 0.25,4-25-51-43-4 = 0.25,8-9-58-10-46-4 = 0.25,8-27-53-8 = 0.75,8-49-58-29-19-37-7 = 0.25,,,,,,,,,,,,,,,,
793,792,736.261,0,2.955,0,Prune by CG,,4-22-4 = 1.0,8-39-8 = 0.033,5-42-5 = 0.46,7-31-52-29-19-8 = 0.5,7-31-52-37-7 = 0.053,7-30-24-26-36-7 = 0.027,7-48-21-26-7 = 0.027,7-48-24-30-7 = 0.973,7-21-26-36-7 = 0.553,8-40-28-15-4 = 0.013,7-52-29-37-7 = 0.447,7-31-21-26-36-7 = 0.393,8-33-23-39-8 = 0.047,8-33-39-8 = 0.92,8-33-40-11-8 = 0.033,8-12-44-28-4 = 0.033,8-12-47-11-8 = 0.967,7-31-29-19-37-7 = 0.053,8-10-49-19-37-7 = 0.187,5-35-56-21-7 = 0.027,5-35-56-36-7 = 0.027,5-35-56-14-5 = 0.053,5-18-54-34-13-5 = 0.7,5-32-55-14-5 = 0.647,5-38-50-16-5 = 0.323,5-38-41-57-4 = 0.323,5-35-38-5 = 0.353,5-56-55-32-5 = 0.353,5-18-54-13-14-5 = 0.3,5-34-51-44-15-4 = 0.3,8-49-10-46-47-4 = 0.033,8-49-10-58-46-4 = 0.593,4-28-15-4 = 0.363,4-17-57-4 = 0.677,4-17-15-28-4 = 0.323,8-49-46-19-37-7 = 0.187,4-45-20-28-4 = 0.047,4-45-20-40-23-8 = 0.953,4-41-50-16-5 = 0.677,4-25-9-44-43-4 = 0.593,4-25-51-43-4 = 0.407,8-9-58-10-46-4 = 0.187,5-35-56-42-5 = 0.54,8-27-53-8 = 1.0,4-44-51-19-37-7 = 0.073,8-9-58-51-28-4 = 0.22,,,,
710,708,734.245,8.75,2.649,1.375,795,796,4-22-4 = 0.438,8-39-8 = 0.312,5-42-5 = 1.0,7-31-52-29-19-8 = 0.5,7-48-24-30-7 = 1.0,7-21-26-36-7 = 0.5,8-53-27-8 = 1.0,7-52-29-37-7 = 0.5,7-31-21-26-36-7 = 0.5,8-33-23-39-8 = 0.688,8-33-40-11-8 = 0.312,8-12-44-43-4 = 0.625,8-12-9-10-49-8 = 0.125,8-40-44-51-43-4 = 0.375,8-10-49-19-37-7 = 0.5,5-35-56-38-5 = 1.0,5-18-54-34-13-5 = 1.0,5-32-55-14-5 = 1.0,5-25-58-51-47-4 = 0.375,5-25-9-46-47-4 = 0.25,5-25-9-58-46-4 = 0.375,8-49-10-46-47-8 = 0.375,4-28-15-4 = 0.438,4-22-57-4 = 0.562,4-17-57-4 = 0.438,4-17-15-28-4 = 0.562,4-12-9-58-51-4 = 0.25,4-45-20-40-23-8 = 0.312,4-41-50-16-5 = 1.0,4-45-20-11-8 = 0.688,,,,,,,,,,,,,,,,,,,,
795,710,736.511,0,2.266,0,Prune by CG,,4-22-4 = 0.917,8-39-8 = 0.25,5-42-5 = 0.667,7-31-52-29-19-8 = 0.5,7-48-24-30-7 = 1.0,7-21-26-36-7 = 0.5,7-52-29-37-7 = 0.5,7-31-21-26-36-7 = 0.5,8-33-23-39-8 = 0.75,8-33-40-11-8 = 0.25,8-12-44-43-4 = 0.5,8-12-44-28-4 = 0.167,8-40-44-51-43-4 = 0.333,8-10-49-19-37-7 = 0.5,8-40-49-46-43-4 = 0.167,5-35-56-14-5 = 0.333,5-18-54-34-13-5 = 1.0,5-32-55-14-5 = 0.667,5-38-50-16-5 = 0.333,5-38-41-57-4 = 0.333,5-35-38-5 = 0.333,5-25-58-51-47-4 = 0.333,5-56-55-32-5 = 0.333,8-49-10-46-47-8 = 0.333,4-28-15-4 = 0.25,4-15-57-4 = 0.167,4-22-57-4 = 0.083,4-17-57-4 = 0.417,4-17-15-28-4 = 0.583,4-12-9-58-51-4 = 0.333,4-45-20-40-23-8 = 0.25,4-41-50-16-5 = 0.667,4-25-9-46-47-4 = 0.167,4-25-9-58-46-4 = 0.333,4-45-20-11-8 = 0.75,4-25-9-10-47-8 = 0.167,5-35-56-42-5 = 0.333,8-27-53-8 = 1.0,,,,,,,,,,,,
625,595,734.524,7.4,1.744,-0.167,797,798,4-22-4 = 0.4,5-42-5 = 1.0,7-21-55-14-5 = 0.1,7-31-52-29-19-7 = 0.35,7-31-52-37-7 = 0.075,7-21-32-14-5 = 0.1,7-30-24-26-36-7 = 0.1,7-48-24-30-7 = 0.9,7-21-26-36-7 = 0.375,7-48-26-36-7 = 0.1,7-31-25-9-58-44-4 = 0.075,7-52-29-37-7 = 0.575,7-31-29-19-11-8 = 0.075,7-31-21-26-36-7 = 0.425,8-33-39-8 = 1.0,8-12-44-28-4 = 0.2,8-12-47-11-8 = 0.75,8-12-9-58-49-19-8 = 0.05,8-10-49-19-37-7 = 0.35,5-35-56-38-5 = 0.1,5-35-38-5 = 0.9,5-56-55-32-5 = 0.9,5-18-54-13-14-5 = 0.675,5-18-25-54-5 = 0.325,5-25-9-51-44-4 = 0.2,5-34-13-46-43-4 = 0.05,5-34-13-51-43-4 = 0.25,5-34-58-46-43-4 = 0.7,8-49-10-46-47-4 = 0.25,8-49-10-51-44-4 = 0.175,4-15-57-4 = 0.2,4-22-57-4 = 0.6,4-17-57-4 = 0.2,4-17-15-28-4 = 0.8,4-25-9-51-44-4 = 0.25,4-45-20-40-23-8 = 1.0,4-41-50-16-5 = 1.0,8-9-58-49-19-11-8 = 0.175,8-27-53-8 = 1.0,5-25-9-51-13-5 = 0.025,5-25-9-10-14-5 = 0.125,8-9-10-51-44-4 = 0.1,,,,,,,,
797,625,735.887,0,1.362,0,Prune by CG,,4-22-4 = 0.25,5-42-5 = 1.0,7-31-52-29-19-7 = 0.25,7-31-52-37-7 = 0.25,7-48-24-30-7 = 1.0,7-21-26-36-7 = 0.75,7-52-29-37-7 = 0.5,7-31-29-19-11-8 = 0.25,7-31-21-26-36-7 = 0.25,8-33-39-8 = 1.0,8-12-44-28-4 = 0.125,8-12-47-11-8 = 0.75,8-12-9-10-49-8 = 0.125,8-10-49-19-37-7 = 0.25,8-25-9-51-44-4 = 0.625,5-35-38-5 = 1.0,5-56-55-32-5 = 1.0,5-18-54-13-14-5 = 0.75,5-18-25-54-5 = 0.125,5-34-51-44-43-4 = 0.125,5-34-13-51-43-4 = 0.125,5-34-58-46-43-4 = 0.75,8-49-10-46-47-4 = 0.125,8-49-10-51-44-4 = 0.125,8-49-10-46-47-8 = 0.125,4-15-57-4 = 0.125,4-22-57-4 = 0.75,4-17-57-4 = 0.125,4-17-15-28-4 = 0.875,5-25-54-14-5 = 0.125,4-45-20-40-23-8 = 1.0,4-41-50-16-5 = 1.0,8-27-53-8 = 1.0,8-9-58-10-49-19-8 = 0.25,5-18-25-13-14-5 = 0.125,,,,,,,,,,,,,,,
798,625,735.424,0,0.9,0,Prune by CG,,4-22-4 = 0.471,5-42-5 = 1.0,7-31-52-29-19-7 = 0.353,7-21-52-29-7 = 0.176,7-30-24-26-36-7 = 0.235,7-48-24-30-7 = 0.765,7-21-54-14-5 = 0.235,7-21-9-10-13-5 = 0.059,7-21-26-36-7 = 0.118,7-48-26-36-7 = 0.235,7-31-25-9-58-44-4 = 0.235,7-52-29-37-7 = 0.471,7-31-21-26-36-7 = 0.412,8-33-23-39-8 = 0.118,8-33-39-8 = 0.882,8-12-44-28-4 = 0.118,8-12-47-11-8 = 0.882,8-10-49-19-37-7 = 0.529,5-35-38-5 = 1.0,5-56-55-32-5 = 1.0,5-18-54-13-14-5 = 0.706,5-18-25-54-5 = 0.059,5-18-25-9-51-5 = 0.235,5-25-9-51-44-4 = 0.294,5-34-13-46-43-4 = 0.118,5-34-13-51-43-4 = 0.118,5-34-58-46-43-4 = 0.765,8-49-10-51-44-4 = 0.235,8-49-10-46-47-8 = 0.118,4-15-57-4 = 0.235,4-22-57-4 = 0.529,4-17-57-4 = 0.235,4-17-15-28-4 = 0.765,4-45-20-28-4 = 0.118,4-25-9-51-44-4 = 0.118,8-40-49-19-11-8 = 0.118,4-45-20-40-23-8 = 0.882,4-41-50-16-5 = 1.0,8-27-53-8 = 1.0,5-25-9-10-14-5 = 0.059,,,,,,,,,,
678,581,733.984,8.5,0.317,1.833,799,800,4-22-4 = 0.5,5-42-5 = 1.0,7-48-24-30-7 = 1.0,7-52-29-37-7 = 1.0,7-31-21-26-36-7 = 1.0,8-33-23-39-8 = 0.5,8-33-39-8 = 0.5,8-12-44-28-4 = 0.25,8-12-47-11-8 = 0.75,8-10-51-43-4 = 0.25,8-40-44-51-43-4 = 0.5,8-45-20-11-8 = 0.25,8-45-20-40-23-8 = 0.5,8-45-20-22-4 = 0.25,5-35-38-5 = 1.0,5-56-55-32-5 = 1.0,5-18-54-13-14-5 = 0.5,5-54-34-13-14-5 = 0.5,5-25-9-46-47-8 = 0.25,5-18-25-9-49-19-8 = 0.5,5-34-58-10-46-5 = 0.5,4-28-15-4 = 0.25,4-15-57-4 = 0.25,4-22-57-4 = 0.25,4-17-57-4 = 0.5,4-17-15-28-4 = 0.5,4-51-46-43-4 = 0.25,5-25-9-58-49-19-8 = 0.25,4-44-58-10-49-19-8 = 0.25,4-41-50-16-5 = 1.0,8-27-53-8 = 1.0,,,,,,,,,,,,,,,,,,,
799,678,735.057,0,1.073,0,Prune by CG,,4-22-4 = 0.579,5-42-5 = 1.0,7-48-24-30-7 = 1.0,7-52-29-37-7 = 1.0,7-31-21-26-36-7 = 1.0,8-33-23-39-8 = 0.474,8-33-39-8 = 0.526,8-12-44-28-4 = 0.263,8-12-47-11-8 = 0.737,8-10-51-43-4 = 0.193,8-40-44-51-43-4 = 0.474,8-45-20-11-8 = 0.14,8-45-20-44-43-4 = 0.123,8-45-20-40-23-8 = 0.526,8-45-20-22-4 = 0.088,8-45-44-51-46-5 = 0.123,5-18-54-34-13-5 = 0.14,5-35-38-5 = 1.0,5-25-58-10-49-8 = 0.123,5-56-55-32-5 = 1.0,5-18-54-13-14-5 = 0.561,5-54-34-13-14-5 = 0.298,5-25-9-46-47-8 = 0.263,5-18-25-9-49-19-8 = 0.298,5-34-58-10-46-5 = 0.298,5-34-58-10-49-19-8 = 0.263,4-28-15-4 = 0.14,4-15-57-4 = 0.263,4-22-57-4 = 0.333,4-17-57-4 = 0.404,4-17-15-28-4 = 0.596,4-51-46-43-4 = 0.193,5-25-9-58-49-19-8 = 0.316,4-41-50-16-5 = 1.0,8-27-53-8 = 1.0,4-44-51-43-14-5 = 0.018,4-20-9-46-14-5 = 0.123,8-10-19-11-8 = 0.123,,,,,,,,,,,,
800,678,735.555,0,1.571,0,Prune by CG,,4-22-4 = 0.496,8-39-8 = 0.296,5-42-5 = 0.817,7-30-24-26-36-7 = 0.026,7-48-21-26-7 = 0.026,7-48-24-30-7 = 0.974,7-31-25-58-49-19-8 = 0.052,7-52-29-37-7 = 1.0,7-31-21-26-36-7 = 0.948,8-33-23-39-8 = 0.704,8-33-40-11-8 = 0.296,8-12-10-58-5 = 0.4,8-12-44-28-4 = 0.096,8-12-47-11-8 = 0.487,8-10-51-43-4 = 0.104,8-40-44-51-43-4 = 0.409,8-45-20-11-8 = 0.2,8-45-20-40-23-8 = 0.296,8-45-20-22-4 = 0.504,5-35-56-21-7 = 0.026,5-35-56-36-7 = 0.026,5-35-56-14-5 = 0.165,5-18-54-34-13-5 = 0.565,5-32-55-14-5 = 0.4,5-38-50-16-5 = 0.2,5-38-41-57-4 = 0.2,5-35-38-5 = 0.6,5-56-55-32-5 = 0.6,5-54-34-13-14-5 = 0.435,5-25-9-46-47-8 = 0.513,5-18-25-9-49-19-8 = 0.435,4-28-15-4 = 0.609,4-15-57-4 = 0.096,4-17-57-4 = 0.704,4-17-15-28-4 = 0.296,4-12-9-58-51-4 = 0.017,4-51-46-43-4 = 0.47,4-9-58-46-43-4 = 0.017,4-44-58-10-49-19-8 = 0.496,4-41-50-16-5 = 0.8,4-9-58-49-19-11-8 = 0.017,5-35-56-42-5 = 0.183,8-27-53-8 = 1.0,,,,,,,
735,733,733.396,10,1.022,2.111,801,802,4-22-4 = 0.5,8-39-8 = 0.5,5-42-5 = 1.0,7-31-52-29-19-8 = 0.5,7-48-24-30-7 = 1.0,7-21-26-36-7 = 0.5,8-53-27-8 = 1.0,7-52-29-37-7 = 0.5,7-31-21-26-36-7 = 0.5,8-33-23-39-8 = 0.5,8-33-40-11-8 = 0.5,8-12-44-28-4 = 0.5,8-12-47-11-8 = 0.5,8-10-49-19-37-7 = 0.5,5-35-56-38-5 = 1.0,5-18-54-34-13-5 = 1.0,5-32-55-14-5 = 1.0,5-25-9-58-46-4 = 0.5,5-25-9-58-15-4 = 0.5,8-49-10-46-47-8 = 0.5,4-22-57-4 = 0.5,4-17-57-4 = 0.5,4-17-15-28-4 = 0.5,4-20-51-43-4 = 0.5,4-45-44-51-43-4 = 0.5,4-45-20-40-23-8 = 0.5,4-41-50-16-5 = 1.0,,,,,,,,,,,,,,,,,,,,,,,
801,735,734.206,8,0.809,-2,803,804,4-22-4 = 1.0,5-42-5 = 1.0,7-31-52-29-19-8 = 0.5,7-48-24-30-7 = 1.0,7-21-26-36-7 = 0.5,8-53-27-40-23-8 = 0.5,7-52-29-37-7 = 0.5,7-31-21-26-36-7 = 0.5,8-33-23-39-8 = 0.5,8-33-39-8 = 0.5,8-12-44-28-4 = 0.5,8-12-47-11-8 = 0.5,8-10-49-19-37-7 = 0.5,5-35-56-38-5 = 1.0,5-18-54-34-13-5 = 1.0,5-32-55-14-5 = 1.0,5-25-9-58-15-4 = 1.0,8-49-10-46-47-8 = 0.5,4-17-57-4 = 1.0,4-45-20-28-4 = 0.5,4-51-46-43-4 = 0.5,4-45-44-51-43-4 = 0.5,4-20-40-11-8 = 0.5,4-41-50-16-5 = 1.0,8-27-53-8 = 0.5,,,,,,,,,,,,,,,,,,,,,,,,,
803,801,736.005,0,1.799,0,Prune by CG,,4-22-4 = 1.0,5-42-5 = 1.0,7-31-52-29-19-8 = 0.5,7-48-24-30-7 = 1.0,7-21-26-36-7 = 0.5,8-53-27-40-23-8 = 0.5,7-52-29-37-7 = 0.5,7-31-21-26-36-7 = 0.5,8-33-23-39-8 = 0.375,8-33-39-8 = 0.25,8-33-40-11-8 = 0.375,8-53-39-8 = 0.25,8-40-23-39-8 = 0.125,8-12-47-11-8 = 0.375,8-10-49-19-37-7 = 0.5,5-41-50-16-5 = 0.125,5-35-56-38-5 = 1.0,5-18-54-34-13-5 = 1.0,5-32-55-14-5 = 1.0,5-25-9-46-47-4 = 0.125,5-25-9-58-15-4 = 0.75,8-49-10-46-47-8 = 0.25,4-17-57-4 = 1.0,4-12-44-43-4 = 0.125,4-12-44-15-4 = 0.25,8-27-49-10-58-44-4 = 0.25,4-45-20-28-4 = 1.0,4-51-46-43-4 = 0.625,4-44-51-43-4 = 0.25,4-25-9-51-44-4 = 0.125,4-41-50-16-5 = 0.875,4-12-47-11-8 = 0.25,8-27-53-8 = 0.25,,,,,,,,,,,,,,,,,
804,801,735.08,0,0.875,0,Prune by CG,,4-22-4 = 0.5,5-42-5 = 1.0,7-31-52-29-19-8 = 0.5,7-48-24-30-7 = 1.0,7-21-26-36-7 = 0.5,7-52-29-37-7 = 0.5,7-31-21-26-36-7 = 0.5,8-33-23-39-8 = 0.5,8-33-40-11-8 = 0.5,8-40-23-39-8 = 0.5,8-12-47-11-8 = 0.5,8-10-49-19-37-7 = 0.5,5-35-56-38-5 = 1.0,5-18-54-34-13-5 = 1.0,5-32-55-14-5 = 1.0,5-25-9-58-46-4 = 0.5,5-25-9-58-15-4 = 0.5,8-49-10-46-47-8 = 0.5,4-28-15-4 = 0.5,4-17-57-4 = 1.0,4-20-51-43-4 = 0.5,4-12-44-28-4 = 0.5,4-45-44-51-43-4 = 0.5,4-41-50-16-5 = 1.0,4-45-20-22-4 = 0.5,8-27-53-8 = 1.0,,,,,,,,,,,,,,,,,,,,,,,,
761,755,733.888,9.833,0.102,0.708,805,806,4-22-4 = 0.417,5-42-5 = 1.0,7-21-55-14-5 = 0.167,7-31-52-29-19-7 = 0.5,7-21-32-14-5 = 0.167,7-30-24-26-36-7 = 0.25,7-48-24-30-7 = 0.75,7-21-54-34-14-5 = 0.167,7-48-26-36-7 = 0.25,8-53-27-8 = 1.0,7-52-29-37-7 = 0.5,7-31-21-26-36-7 = 0.5,8-33-39-8 = 1.0,8-12-47-11-8 = 1.0,8-10-49-19-37-7 = 0.5,5-35-56-38-5 = 0.5,5-18-54-34-13-5 = 0.667,5-32-55-14-5 = 0.333,5-35-38-5 = 0.5,5-56-55-32-5 = 0.5,5-18-54-13-14-5 = 0.167,5-25-9-51-44-4 = 0.333,5-25-9-58-46-4 = 0.167,5-25-9-44-43-4 = 0.333,5-51-46-43-4 = 0.333,5-58-51-44-43-4 = 0.333,8-49-10-58-46-4 = 0.5,4-28-15-4 = 0.417,4-22-57-4 = 0.583,4-17-57-4 = 0.417,4-17-15-28-4 = 0.583,4-45-20-40-23-8 = 1.0,4-41-50-16-5 = 1.0,5-18-25-9-34-13-5 = 0.167,,,,,,,,,,,,,,,,
806,761,736.74,0,2.852,0,Prune by CG,,4-22-4 = 0.493,5-42-5 = 0.964,7-31-52-29-19-7 = 0.417,7-31-52-37-7 = 0.165,7-30-24-26-36-7 = 0.126,7-48-24-30-7 = 0.874,7-21-54-34-14-5 = 0.252,7-21-26-36-7 = 0.496,7-48-26-36-7 = 0.126,8-40-28-15-4 = 0.237,7-52-29-37-7 = 0.417,7-31-29-19-11-8 = 0.165,7-31-21-26-36-7 = 0.252,8-33-23-39-8 = 0.237,8-33-39-8 = 0.763,8-12-47-11-8 = 0.77,8-10-49-19-37-7 = 0.417,5-18-54-34-13-5 = 0.101,5-32-55-14-5 = 0.036,5-38-50-16-5 = 0.018,5-38-41-57-4 = 0.018,5-35-38-5 = 0.964,5-56-55-32-5 = 0.964,5-18-54-13-14-5 = 0.647,5-18-25-9-51-5 = 0.007,5-25-9-46-47-8 = 0.23,5-51-46-43-4 = 0.252,5-34-51-44-15-4 = 0.237,5-25-9-51-44-8 = 0.014,5-58-51-44-43-4 = 0.482,8-49-10-58-46-4 = 0.518,4-22-57-4 = 0.507,4-17-57-4 = 0.475,4-17-15-28-4 = 0.525,4-45-20-28-4 = 0.237,4-45-20-40-23-8 = 0.763,4-41-50-16-5 = 0.982,5-35-56-42-5 = 0.036,8-27-53-8 = 1.0,5-25-9-51-13-5 = 0.007,5-25-9-44-43-5 = 0.266,5-25-9-12-34-5 = 0.165,5-18-25-9-34-13-5 = 0.245,5-25-9-10-14-5 = 0.065,8-12-49-11-8 = 0.065,,,,,
805,761,733.997,8.85,0.109,-0.983,807,808,4-22-4 = 0.425,5-42-5 = 1.0,7-21-55-14-5 = 0.225,7-31-52-29-19-7 = 0.5,7-21-32-14-5 = 0.225,7-30-24-26-36-7 = 0.25,7-48-24-30-7 = 0.75,7-21-54-34-14-5 = 0.05,7-48-26-36-7 = 0.25,7-52-29-37-7 = 0.5,7-31-21-26-36-7 = 0.5,8-33-39-8 = 1.0,8-12-47-11-8 = 1.0,8-10-49-19-37-7 = 0.5,5-35-56-38-5 = 0.725,5-18-54-34-13-5 = 0.95,5-32-55-14-5 = 0.5,5-35-38-5 = 0.275,5-56-55-32-5 = 0.275,5-18-58-51-43-4 = 0.05,5-25-9-51-44-4 = 0.35,5-25-9-58-46-4 = 0.2,5-25-9-44-43-4 = 0.4,5-51-46-43-4 = 0.3,5-58-51-44-43-4 = 0.25,8-49-10-58-46-4 = 0.45,4-28-15-4 = 0.425,4-22-57-4 = 0.575,4-17-57-4 = 0.425,4-17-15-28-4 = 0.575,4-45-20-40-23-8 = 1.0,4-41-50-16-5 = 1.0,4-25-9-58-46-4 = 0.05,8-27-53-8 = 1.0,8-49-10-51-13-5 = 0.05,,,,,,,,,,,,,,,
807,805,736.95,0,2.952,0,Prune by CG,,4-22-4 = 0.833,5-42-5 = 1.0,7-21-55-14-5 = 0.167,7-31-52-29-19-7 = 0.333,7-21-32-14-5 = 0.167,7-30-24-26-36-7 = 0.167,7-48-24-30-7 = 0.833,7-48-26-36-7 = 0.167,7-52-29-37-7 = 0.667,8-12-46-19-8 = 0.333,7-31-21-26-36-7 = 0.667,8-33-23-39-8 = 0.333,8-33-39-8 = 0.333,8-33-40-11-8 = 0.333,8-53-39-8 = 0.333,8-12-47-11-8 = 0.667,8-10-49-19-37-7 = 0.333,5-35-56-38-5 = 0.833,5-18-54-34-13-5 = 1.0,5-32-55-14-5 = 0.667,5-35-38-5 = 0.167,5-56-55-32-5 = 0.167,5-25-9-58-51-4 = 0.333,5-25-9-44-43-4 = 0.5,5-58-51-44-43-4 = 0.5,8-27-49-10-46-4 = 0.333,8-49-10-46-47-8 = 0.333,4-28-15-4 = 0.167,4-15-57-4 = 0.333,4-22-57-4 = 0.167,4-17-57-4 = 0.5,4-17-15-28-4 = 0.5,4-45-20-28-4 = 0.333,4-45-20-40-23-8 = 0.667,4-41-50-16-5 = 1.0,8-27-53-8 = 0.667,4-25-9-58-51-4 = 0.167,,,,,,,,,,,,,
808,805,735.697,0,1.7,0,Prune by CG,,4-22-4 = 0.375,5-42-5 = 1.0,7-21-55-14-5 = 0.125,7-31-52-29-19-7 = 0.5,7-31-52-37-7 = 0.375,7-21-32-14-5 = 0.125,7-30-24-26-36-7 = 0.25,7-48-24-30-7 = 0.75,7-21-54-34-14-5 = 0.25,7-21-26-36-7 = 0.375,7-48-26-36-7 = 0.25,7-52-29-37-7 = 0.125,7-31-21-26-36-7 = 0.125,8-33-39-8 = 1.0,8-12-47-11-8 = 1.0,8-10-49-19-37-7 = 0.125,5-35-56-38-5 = 0.5,5-18-54-34-13-5 = 0.375,5-32-55-14-5 = 0.125,5-35-38-5 = 0.5,5-56-55-32-5 = 0.5,5-18-54-13-14-5 = 0.375,5-18-55-32-5 = 0.25,5-25-9-51-44-4 = 0.375,5-25-9-44-43-4 = 0.625,5-51-46-43-4 = 0.375,8-49-10-58-46-4 = 0.625,4-28-15-4 = 0.375,4-22-57-4 = 0.625,4-17-57-4 = 0.375,4-17-15-28-4 = 0.625,5-34-58-29-19-37-7 = 0.375,4-45-20-40-23-8 = 1.0,4-41-50-16-5 = 1.0,8-27-53-8 = 1.0,8-49-10-51-13-5 = 0.25,,,,,,,,,,,,,,
685,624,734.759,7.881,1.044,0.214,Prune by UB,,4-22-4 = 0.634,5-42-5 = 1.0,7-31-52-29-19-8 = 0.037,7-48-24-30-7 = 1.0,7-31-52-9-49-19-8 = 0.037,7-21-26-36-7 = 0.075,7-52-29-37-7 = 0.925,7-31-21-26-36-7 = 0.925,8-33-23-39-8 = 0.433,8-33-39-8 = 0.567,8-45-20-28-4 = 0.321,8-12-47-11-8 = 0.97,8-10-51-43-4 = 0.134,8-40-44-51-43-4 = 0.433,8-45-20-44-43-4 = 0.112,8-45-20-40-23-8 = 0.567,5-41-50-16-5 = 0.47,5-18-54-34-13-5 = 0.582,5-35-38-5 = 1.0,5-56-55-32-5 = 1.0,5-18-54-13-14-5 = 0.313,5-18-25-9-51-5 = 0.104,5-25-9-46-14-5 = 0.679,5-34-58-10-49-19-8 = 0.418,4-15-57-4 = 0.313,4-22-57-4 = 0.366,4-17-57-4 = 0.321,4-17-15-28-4 = 0.679,4-51-46-43-4 = 0.321,5-25-9-58-49-29-5 = 0.03,5-25-9-49-29-14-5 = 0.007,5-25-54-13-5 = 0.104,4-44-58-10-49-19-8 = 0.448,4-41-50-16-5 = 0.53,4-12-9-58-49-19-8 = 0.03,8-27-53-8 = 1.0,5-25-9-58-37-7 = 0.045,5-9-51-44-15-4 = 0.007,5-9-58-49-19-11-8 = 0.03,5-25-9-47-37-7 = 0.03,,,,,,,,,,
774,770,734.273,9.625,0.182,1.958,809,810,4-22-4 = 0.562,5-42-5 = 1.0,7-31-52-29-19-8 = 0.5,7-48-24-30-7 = 1.0,7-21-26-36-7 = 0.5,8-53-27-8 = 0.875,7-52-29-37-7 = 0.5,7-31-21-26-36-7 = 0.5,8-33-23-39-8 = 0.25,8-33-39-8 = 0.688,8-53-39-8 = 0.062,8-12-44-43-8 = 0.125,8-12-47-11-8 = 0.875,8-27-25-58-43-4 = 0.125,8-40-44-51-43-4 = 0.25,8-25-51-43-4 = 0.125,8-10-49-19-37-7 = 0.125,5-35-56-14-5 = 0.125,5-35-56-38-5 = 0.625,5-18-54-34-13-5 = 0.875,5-32-55-14-5 = 0.75,5-38-50-16-5 = 0.062,5-38-41-57-4 = 0.062,5-35-38-5 = 0.25,5-56-55-32-5 = 0.25,5-18-54-13-14-5 = 0.125,5-25-9-46-47-8 = 0.125,5-25-9-51-44-4 = 0.625,8-49-10-58-46-4 = 0.5,8-49-58-46-43-4 = 0.375,4-28-15-4 = 0.25,4-15-57-4 = 0.125,4-22-57-4 = 0.438,4-17-57-4 = 0.375,4-17-15-28-4 = 0.625,4-45-20-28-4 = 0.125,4-45-20-40-23-8 = 0.75,4-41-50-16-5 = 0.938,4-45-20-11-8 = 0.125,4-9-10-19-37-7 = 0.25,8-53-33-8 = 0.062,5-34-10-19-37-7 = 0.125,,,,,,,,
809,774,738.404,0,4.131,0,Prune by CG,,4-22-4 = 1.0,5-42-5 = 0.5,7-31-52-29-19-8 = 0.5,7-48-24-30-7 = 1.0,7-21-26-36-7 = 0.5,7-52-29-37-7 = 0.5,7-31-21-26-36-7 = 0.5,8-33-39-8 = 1.0,8-12-47-11-8 = 1.0,8-25-51-43-4 = 0.5,8-10-49-19-37-7 = 0.5,8-25-9-58-46-8 = 0.5,5-35-56-14-5 = 0.25,5-18-54-34-13-5 = 1.0,5-32-55-14-5 = 0.75,5-38-50-16-5 = 0.375,5-38-41-57-4 = 0.375,5-35-38-5 = 0.25,5-56-55-32-5 = 0.25,8-49-58-46-43-4 = 0.5,4-28-15-4 = 0.125,4-17-57-4 = 0.625,4-17-15-28-4 = 0.375,5-9-10-51-44-4 = 0.25,4-9-10-51-44-4 = 0.25,4-45-20-40-23-8 = 1.0,4-41-50-16-5 = 0.625,5-35-56-42-5 = 0.5,8-27-53-8 = 1.0,4-44-28-15-4 = 0.5,,,,,,,,,,,,,,,,,,,,
810,774,735.119,0,0.846,0,Prune by CG,,4-22-4 = 0.55,5-42-5 = 1.0,7-31-52-29-19-8 = 0.5,7-48-24-30-7 = 1.0,7-21-26-36-7 = 0.5,7-52-29-37-7 = 0.5,7-31-21-26-36-7 = 0.5,8-33-23-39-8 = 0.55,8-33-39-8 = 0.45,8-12-44-43-8 = 0.25,8-12-47-11-8 = 0.65,8-40-44-51-43-4 = 0.55,5-35-56-38-5 = 0.75,5-18-54-34-13-5 = 0.85,5-32-55-14-5 = 0.75,5-35-38-5 = 0.25,5-56-55-32-5 = 0.25,5-18-54-13-14-5 = 0.1,5-18-25-9-51-4 = 0.05,5-54-34-13-14-5 = 0.05,5-25-9-46-47-8 = 0.35,5-25-9-51-44-4 = 0.2,8-49-10-58-46-4 = 0.65,8-49-10-58-15-4 = 0.15,8-49-58-51-43-4 = 0.2,4-28-15-4 = 0.3,4-15-57-4 = 0.05,4-22-57-4 = 0.45,4-17-57-4 = 0.5,4-17-15-28-4 = 0.5,5-25-9-19-37-7 = 0.4,4-45-20-28-4 = 0.2,4-45-20-40-23-8 = 0.45,4-41-50-16-5 = 1.0,4-45-20-11-8 = 0.35,8-27-53-8 = 1.0,5-34-10-19-37-7 = 0.1,8-12-10-14-5 = 0.1,,,,,,,,,,,,
740,738,733.817,9.667,1.511,0.067,811,812,4-22-4 = 0.667,5-42-5 = 1.0,7-31-52-29-19-8 = 0.333,7-48-37-7 = 0.333,7-30-24-26-36-7 = 0.333,7-48-24-30-7 = 0.667,7-21-26-36-7 = 0.667,8-53-27-8 = 0.333,8-53-27-40-23-8 = 0.667,8-33-39-8 = 1.0,8-12-47-11-8 = 0.667,8-10-49-19-37-7 = 0.667,7-31-52-29-14-5 = 0.667,5-35-56-21-7 = 0.333,5-18-54-34-13-5 = 1.0,5-32-55-14-5 = 0.333,5-38-50-16-5 = 0.167,5-38-41-57-4 = 0.167,5-35-38-5 = 0.667,5-56-55-32-5 = 0.667,5-25-9-58-46-4 = 0.667,5-25-9-58-51-4 = 0.333,8-49-10-51-44-4 = 0.333,4-28-15-4 = 0.5,4-22-57-4 = 0.333,4-17-57-4 = 0.5,4-17-15-28-4 = 0.5,4-45-20-44-43-4 = 0.667,4-51-46-43-4 = 0.333,4-45-20-40-23-8 = 0.333,4-41-50-16-5 = 0.833,4-12-47-11-8 = 0.333,,,,,,,,,,,,,,,,,,
811,740,743.156,0,9.338,0,Prune by CG,,4-22-4 = 1.0,8-39-8 = 0.117,5-42-5 = 0.6,7-36-26-7 = 0.333,7-21-52-29-5 = 0.5,7-30-24-26-36-7 = 0.083,7-48-24-30-7 = 0.917,7-31-52-54-5 = 0.1,7-48-26-36-7 = 0.083,7-31-21-26-36-7 = 0.5,8-33-23-39-8 = 0.117,8-33-39-8 = 0.767,8-33-40-11-8 = 0.117,8-12-47-11-8 = 0.767,8-10-49-19-37-7 = 0.567,7-31-52-29-14-5 = 0.4,5-35-32-14-5 = 0.3,5-50-16-5 = 1.0,5-18-54-34-13-5 = 0.9,5-38-41-57-4 = 1.0,5-56-55-32-5 = 0.6,5-18-55-32-5 = 0.1,8-49-10-51-44-4 = 0.333,4-17-15-28-4 = 1.0,5-34-58-29-19-37-7 = 0.1,4-45-20-44-43-4 = 0.117,4-12-9-58-51-4 = 0.117,4-51-46-43-4 = 0.333,4-45-20-40-23-8 = 0.883,4-12-47-11-8 = 0.117,4-25-9-58-46-4 = 0.667,4-25-9-44-43-4 = 0.217,4-44-43-19-37-7 = 0.333,5-35-55-14-5 = 0.3,5-35-56-42-5 = 0.4,8-27-53-8 = 1.0,4-25-58-51-47-4 = 0.117,8-49-10-51-13-5 = 0.1,,,,,,,,,,,,
599,598,734.961,7.176,1.55,1.043,Prune by UB,,4-22-4 = 0.353,5-42-5 = 1.0,7-31-52-29-19-8 = 0.235,7-48-37-7 = 0.235,7-30-24-26-36-7 = 0.235,7-48-24-30-7 = 0.765,7-31-52-54-5 = 0.176,7-21-26-36-7 = 0.765,8-33-39-8 = 1.0,8-12-47-11-8 = 1.0,8-10-49-19-37-7 = 0.235,7-31-52-29-14-5 = 0.588,5-35-56-21-7 = 0.235,5-18-54-34-13-5 = 0.647,5-32-55-14-5 = 0.235,5-38-50-16-5 = 0.118,5-38-41-57-4 = 0.118,5-35-38-5 = 0.765,5-25-51-43-4 = 0.235,5-56-55-32-5 = 0.765,5-18-54-13-14-5 = 0.118,5-18-25-9-43-4 = 0.176,5-18-54-34-14-5 = 0.059,5-25-9-51-44-4 = 0.294,5-25-9-44-43-4 = 0.294,5-34-51-44-43-4 = 0.059,5-34-13-46-43-4 = 0.235,8-49-10-58-46-4 = 0.765,4-28-15-4 = 0.118,4-15-57-4 = 0.059,4-22-57-4 = 0.647,4-17-57-4 = 0.176,4-17-15-28-4 = 0.824,4-45-20-40-23-8 = 1.0,4-41-50-16-5 = 0.882,8-27-53-8 = 1.0,8-9-58-29-19-37-7 = 0.176,4-44-51-19-37-7 = 0.353,8-9-58-51-28-4 = 0.059,,,,,,,,,,,
796,710,734.383,9.33,0.139,0.58,813,814,4-22-4 = 0.42,8-39-8 = 0.301,5-42-5 = 1.0,7-31-52-29-19-8 = 0.5,7-31-52-37-7 = 0.034,7-48-24-30-7 = 1.0,7-21-26-36-7 = 0.534,7-52-29-37-7 = 0.466,7-31-21-26-36-7 = 0.466,8-33-23-39-8 = 0.699,8-33-40-11-8 = 0.301,8-12-44-43-4 = 0.585,8-12-44-28-4 = 0.017,8-12-9-10-49-8 = 0.153,8-40-44-51-43-4 = 0.398,8-12-9-34-13-14-5 = 0.244,8-10-49-19-37-7 = 0.466,8-51-46-43-4 = 0.017,5-35-56-14-5 = 0.023,5-18-54-34-13-5 = 0.29,5-32-55-14-5 = 0.023,5-38-50-16-5 = 0.011,5-38-41-57-4 = 0.011,5-35-38-5 = 0.977,5-25-58-51-47-4 = 0.392,5-25-58-51-47-8 = 0.006,5-56-55-32-5 = 0.977,5-18-54-13-14-5 = 0.466,5-25-9-46-47-8 = 0.222,5-18-54-34-14-5 = 0.244,5-25-9-58-46-4 = 0.381,5-34-58-51-28-4 = 0.188,8-49-10-46-47-8 = 0.381,4-15-57-4 = 0.205,4-22-57-4 = 0.58,4-17-57-4 = 0.205,4-17-15-28-4 = 0.795,5-34-58-29-19-37-7 = 0.034,4-45-20-40-23-8 = 0.301,4-41-50-16-5 = 0.989,4-45-20-11-8 = 0.699,8-27-53-8 = 1.0,,,,,,,,
814,796,735.85,0,1.467,0,Prune by CG,,4-22-4 = 0.635,8-39-8 = 0.038,5-42-5 = 1.0,7-31-52-29-19-8 = 0.385,7-31-52-37-7 = 0.058,7-48-24-30-7 = 1.0,7-31-52-54-5 = 0.077,7-21-26-36-7 = 0.673,8-40-28-15-4 = 0.212,7-52-29-37-7 = 0.327,7-31-21-26-36-7 = 0.327,8-33-23-39-8 = 0.962,8-33-40-11-8 = 0.038,8-12-44-43-4 = 0.288,8-12-44-28-4 = 0.212,8-12-9-10-49-8 = 0.308,8-40-44-51-43-4 = 0.5,8-12-9-34-13-14-5 = 0.192,8-10-49-19-37-7 = 0.481,8-45-20-11-8 = 0.115,7-31-52-29-14-5 = 0.154,8-45-20-40-23-8 = 0.038,8-40-49-46-43-4 = 0.212,5-18-54-34-13-5 = 0.269,5-35-38-5 = 1.0,5-25-58-51-47-8 = 0.5,5-56-55-32-5 = 1.0,5-18-54-13-14-5 = 0.538,5-25-9-46-47-4 = 0.423,5-18-54-34-14-5 = 0.115,5-18-34-58-46-47-8 = 0.077,5-25-9-58-46-8 = 0.077,5-34-58-10-46-8 = 0.212,4-15-57-4 = 0.212,4-22-57-4 = 0.365,4-17-57-4 = 0.423,4-17-15-28-4 = 0.577,5-34-58-29-19-37-7 = 0.135,4-41-50-16-5 = 1.0,4-45-20-11-8 = 0.846,8-27-53-8 = 1.0,,,,,,,,,
813,796,734.392,9.278,0.009,-0.052,815,816,4-22-4 = 0.417,8-39-8 = 0.306,5-42-5 = 1.0,7-31-52-29-19-8 = 0.5,7-48-24-30-7 = 1.0,7-21-26-36-7 = 0.5,7-52-29-37-7 = 0.5,7-31-21-26-36-7 = 0.5,8-33-23-39-8 = 0.694,8-33-40-11-8 = 0.306,8-12-44-43-4 = 0.611,8-12-9-10-49-8 = 0.139,8-40-44-51-43-4 = 0.389,8-12-9-34-13-14-5 = 0.25,8-10-49-19-37-7 = 0.5,5-18-54-34-13-5 = 0.25,5-35-38-5 = 1.0,5-25-58-51-47-4 = 0.389,5-56-55-32-5 = 1.0,5-18-54-13-14-5 = 0.5,5-25-9-46-47-8 = 0.25,5-18-54-34-14-5 = 0.25,5-25-9-58-46-4 = 0.361,5-34-58-46-15-4 = 0.028,5-34-58-51-28-4 = 0.222,8-49-10-46-47-8 = 0.361,4-15-57-4 = 0.194,4-22-57-4 = 0.583,4-17-57-4 = 0.222,4-17-15-28-4 = 0.778,4-45-20-40-23-8 = 0.306,4-41-50-16-5 = 1.0,4-45-20-11-8 = 0.694,8-27-53-8 = 1.0,,,,,,,,,,,,,,,,
815,813,739.229,0,4.836,0,Prune by CG,,4-22-4 = 0.643,8-39-8 = 0.214,5-42-5 = 1.0,7-31-52-29-19-8 = 0.143,7-21-52-29-5 = 0.429,7-30-24-26-36-7 = 0.214,7-48-24-30-7 = 0.786,7-31-52-54-5 = 0.143,7-48-26-36-7 = 0.214,7-52-29-37-7 = 0.143,7-31-21-26-36-7 = 0.571,8-33-23-39-8 = 0.643,8-33-40-11-8 = 0.357,8-53-39-8 = 0.143,8-12-44-43-4 = 0.714,8-12-51-13-5 = 0.143,8-12-9-10-49-8 = 0.143,8-40-44-51-43-4 = 0.286,8-10-49-19-37-7 = 0.571,7-31-52-29-14-5 = 0.143,5-35-38-5 = 1.0,5-56-55-32-5 = 1.0,5-18-54-13-14-5 = 0.857,5-25-9-46-47-8 = 0.571,5-25-9-10-47-8 = 0.286,5-18-34-58-46-47-4 = 0.143,5-34-58-46-15-4 = 0.286,5-34-58-51-28-4 = 0.5,5-34-58-51-15-4 = 0.071,4-15-57-4 = 0.143,4-22-57-4 = 0.357,4-17-57-4 = 0.5,4-17-15-28-4 = 0.5,4-45-20-40-23-8 = 0.357,4-41-50-16-5 = 1.0,4-45-20-11-8 = 0.643,8-27-53-8 = 0.857,8-27-49-29-19-37-7 = 0.143,8-25-49-19-37-7 = 0.143,,,,,,,,,,,
732,729,733.366,9.967,1.333,1.633,817,818,4-22-4 = 0.883,5-42-5 = 0.9,7-31-52-29-19-8 = 0.5,7-48-24-30-7 = 1.0,7-21-26-36-7 = 0.5,8-53-27-8 = 0.817,8-53-27-40-23-8 = 0.183,7-52-29-37-7 = 0.5,7-31-21-26-36-7 = 0.5,8-33-23-39-8 = 0.3,8-33-39-8 = 0.4,8-33-40-11-8 = 0.3,8-12-44-28-4 = 0.017,8-40-23-39-8 = 0.3,8-12-47-11-8 = 0.7,8-12-9-10-49-8 = 0.283,8-10-49-19-37-7 = 0.25,5-18-54-34-13-5 = 0.6,5-32-55-14-5 = 0.1,5-38-50-16-5 = 0.05,5-38-41-57-4 = 0.05,5-35-38-5 = 0.9,5-25-58-51-47-4 = 0.283,5-56-55-32-5 = 0.9,5-18-54-13-14-5 = 0.4,5-25-9-46-47-8 = 0.017,5-25-9-46-14-5 = 0.5,5-34-58-51-28-4 = 0.4,8-49-10-51-44-4 = 0.15,8-49-10-58-46-4 = 0.317,4-15-57-4 = 0.417,4-22-57-4 = 0.117,4-17-57-4 = 0.417,4-17-15-28-4 = 0.583,5-25-9-19-37-7 = 0.2,4-45-20-44-43-4 = 0.783,4-51-46-43-4 = 0.167,4-45-20-40-23-8 = 0.217,4-41-50-16-5 = 0.95,4-44-43-19-37-7 = 0.05,5-35-56-42-5 = 0.1,,,,,,,,,
818,732,734.814,0,1.448,0,Prune by CG,,4-22-4 = 1.0,5-42-5 = 0.8,7-31-52-29-19-8 = 0.5,7-31-52-37-7 = 0.05,7-48-24-30-7 = 1.0,7-21-26-36-7 = 0.55,8-40-28-15-4 = 0.65,7-52-29-37-7 = 0.45,7-31-21-26-36-7 = 0.45,8-33-23-39-8 = 1.0,8-12-47-11-8 = 0.2,8-12-9-10-49-8 = 0.35,8-10-49-19-37-7 = 0.3,5-18-54-34-13-5 = 0.7,5-32-55-14-5 = 0.2,5-38-50-16-5 = 0.1,5-38-41-57-4 = 0.1,5-35-38-5 = 0.8,5-25-58-51-47-4 = 0.35,5-56-55-32-5 = 0.8,5-18-54-13-14-5 = 0.3,5-25-9-46-14-5 = 0.5,5-34-58-46-15-4 = 0.05,5-34-58-51-28-4 = 0.2,8-49-10-58-46-4 = 0.35,4-15-57-4 = 0.05,4-17-57-4 = 0.85,4-17-15-28-4 = 0.15,5-34-58-29-19-37-7 = 0.05,5-25-9-19-37-7 = 0.15,4-45-20-44-43-4 = 0.65,4-51-46-43-4 = 0.1,4-45-44-51-43-4 = 0.25,4-45-44-51-15-4 = 0.1,4-20-40-11-8 = 0.35,4-41-50-16-5 = 0.9,4-12-47-11-8 = 0.45,5-35-56-42-5 = 0.2,8-27-53-8 = 1.0,,,,,,,,,,,
817,732,733.736,8.842,0.37,-1.125,819,820,4-22-4 = 0.868,5-42-5 = 0.895,7-31-52-29-19-8 = 0.5,7-48-24-30-7 = 1.0,7-21-26-36-7 = 0.5,8-53-27-40-23-8 = 0.658,7-52-29-37-7 = 0.5,7-31-21-26-36-7 = 0.5,8-33-39-8 = 1.0,8-12-47-11-8 = 0.947,8-12-9-10-49-8 = 0.053,8-10-49-19-37-7 = 0.079,5-18-54-34-13-5 = 0.579,5-32-55-14-5 = 0.105,5-38-50-16-5 = 0.053,5-38-41-57-4 = 0.053,5-35-38-5 = 0.895,5-56-55-32-5 = 0.895,5-18-54-13-14-5 = 0.421,5-25-9-46-47-8 = 0.053,5-25-9-46-14-5 = 0.474,5-34-58-51-28-4 = 0.421,8-49-10-51-44-4 = 0.289,8-49-10-58-46-4 = 0.237,8-49-10-58-15-4 = 0.342,4-28-15-4 = 0.316,4-15-57-4 = 0.079,4-22-57-4 = 0.132,4-17-57-4 = 0.737,4-17-15-28-4 = 0.263,5-25-9-19-37-7 = 0.421,4-45-20-44-43-4 = 0.658,4-51-46-43-4 = 0.237,4-45-20-40-23-8 = 0.342,4-41-50-16-5 = 0.947,4-25-51-43-4 = 0.053,5-35-56-42-5 = 0.105,8-27-53-8 = 0.342,4-44-43-11-8 = 0.053,,,,,,,,,,,
820,817,737.256,0,3.52,0,Prune by CG,,4-22-4 = 1.0,5-42-5 = 0.625,7-31-52-29-19-8 = 0.304,7-31-52-37-7 = 0.304,7-48-24-30-7 = 1.0,7-21-26-36-7 = 0.804,8-53-27-40-23-8 = 0.196,7-52-29-37-7 = 0.393,7-31-29-19-11-8 = 0.196,7-31-21-26-36-7 = 0.196,8-33-39-8 = 1.0,8-12-44-28-4 = 0.232,8-12-47-11-8 = 0.536,8-12-9-10-49-8 = 0.036,5-41-50-16-5 = 0.196,5-35-56-14-5 = 0.196,5-18-54-34-13-5 = 0.768,5-32-55-14-5 = 0.571,5-38-50-16-5 = 0.286,5-38-41-57-4 = 0.286,5-35-38-5 = 0.429,5-56-55-32-5 = 0.429,5-18-54-13-14-5 = 0.232,5-34-58-46-15-4 = 0.071,5-34-58-51-28-4 = 0.161,8-49-10-51-44-4 = 0.304,8-49-10-58-46-4 = 0.464,4-15-57-4 = 0.321,4-17-57-4 = 0.393,4-17-15-28-4 = 0.607,4-45-20-44-43-4 = 0.464,4-45-20-40-23-8 = 0.536,4-41-50-16-5 = 0.518,4-25-9-46-47-8 = 0.464,8-9-10-19-37-7 = 0.196,4-25-51-43-4 = 0.536,5-35-56-42-5 = 0.375,8-27-53-8 = 0.804,8-12-9-58-49-19-7 = 0.196,8-9-58-29-19-37-7 = 0.107,8-40-23-11-8 = 0.268,,,,,,,,,
819,817,733.753,8.947,0.017,0.105,821,822,4-22-4 = 0.868,5-42-5 = 0.895,7-31-52-29-19-8 = 0.5,7-48-24-30-7 = 1.0,7-21-26-36-7 = 0.5,8-53-27-40-23-8 = 0.658,7-52-29-37-7 = 0.5,7-31-21-26-36-7 = 0.5,8-33-39-8 = 1.0,8-12-47-11-8 = 0.947,8-12-9-10-49-8 = 0.053,8-10-49-19-37-7 = 0.079,5-18-54-34-13-5 = 0.526,5-32-55-14-5 = 0.105,5-38-50-16-5 = 0.053,5-38-41-57-4 = 0.053,5-35-38-5 = 0.895,5-56-55-32-5 = 0.895,5-18-54-13-14-5 = 0.421,5-25-9-46-47-8 = 0.053,5-25-9-46-14-5 = 0.421,5-34-58-51-28-4 = 0.421,8-49-10-51-44-4 = 0.289,8-49-10-58-46-4 = 0.237,8-49-10-58-15-4 = 0.342,4-28-15-4 = 0.316,4-15-57-4 = 0.079,4-22-57-4 = 0.132,4-17-57-4 = 0.737,4-17-15-28-4 = 0.263,5-25-9-19-37-7 = 0.421,4-45-20-44-43-4 = 0.658,4-51-46-43-4 = 0.289,5-25-54-14-5 = 0.053,4-45-20-40-23-8 = 0.342,4-41-50-16-5 = 0.947,5-35-56-42-5 = 0.105,8-27-53-8 = 0.342,5-18-25-9-34-13-5 = 0.053,4-44-43-11-8 = 0.053,,,,,,,,,,
821,819,735.026,0,1.273,0,Prune by CG,,4-22-4 = 1.0,5-42-5 = 1.0,7-31-52-29-19-8 = 0.556,7-48-24-30-7 = 1.0,7-21-26-36-7 = 0.556,8-53-27-40-23-8 = 0.815,7-52-29-37-7 = 0.444,7-31-21-26-36-7 = 0.444,8-33-39-8 = 1.0,8-12-47-11-8 = 0.815,8-12-9-10-49-8 = 0.037,8-10-49-19-37-7 = 0.444,5-41-50-16-5 = 0.333,5-18-54-34-13-5 = 0.333,5-35-38-5 = 1.0,5-56-55-32-5 = 1.0,5-18-54-13-14-5 = 0.407,5-18-25-54-5 = 0.148,5-25-9-46-14-5 = 0.593,5-34-58-51-28-4 = 0.556,8-49-10-51-44-4 = 0.148,8-49-10-46-47-8 = 0.037,8-49-10-58-46-4 = 0.222,8-49-10-58-15-4 = 0.111,4-15-57-4 = 0.444,4-17-57-4 = 0.556,4-17-15-28-4 = 0.444,4-45-20-44-43-4 = 0.815,4-51-46-43-4 = 0.148,4-45-20-40-23-8 = 0.185,4-41-50-16-5 = 0.667,4-12-47-11-8 = 0.148,8-27-53-8 = 0.185,5-25-9-51-13-5 = 0.148,5-18-25-9-34-13-5 = 0.111,5-54-9-58-37-7 = 0.111,4-44-43-11-8 = 0.037,,,,,,,,,,,,,
725,587,733.19,9.159,1.495,-0.695,823,824,4-22-4 = 0.966,5-42-5 = 0.784,7-31-52-29-19-8 = 0.318,7-48-24-30-7 = 1.0,7-21-26-36-7 = 0.318,8-53-27-8 = 1.0,8-40-28-15-4 = 0.659,7-52-29-37-7 = 0.682,7-31-21-26-36-7 = 0.682,8-33-23-39-8 = 0.659,8-33-39-8 = 0.341,8-12-47-11-8 = 0.864,8-25-58-10-49-8 = 0.227,8-12-9-58-49-19-8 = 0.136,8-10-49-19-37-7 = 0.318,5-35-56-14-5 = 0.034,5-35-56-38-5 = 0.148,5-18-54-34-13-5 = 0.727,5-32-55-14-5 = 0.398,5-38-50-16-5 = 0.125,5-38-41-57-4 = 0.125,5-35-38-5 = 0.602,5-25-58-51-47-8 = 0.136,5-56-55-32-5 = 0.602,5-18-54-13-14-5 = 0.273,5-25-9-51-44-4 = 0.432,5-25-9-46-14-5 = 0.205,5-34-58-10-46-8 = 0.273,4-15-57-4 = 0.091,4-22-57-4 = 0.034,4-17-57-4 = 0.75,4-17-15-28-4 = 0.25,4-45-20-28-4 = 0.091,4-45-20-44-43-4 = 0.568,4-51-46-43-4 = 0.432,4-45-20-40-23-8 = 0.341,4-41-50-16-5 = 0.875,8-9-58-49-19-11-8 = 0.136,8-49-10-46-14-5 = 0.091,5-35-56-42-5 = 0.216,8-9-58-10-49-19-8 = 0.091,,,,,,,,,
630,616,734.842,8.55,0.758,2.55,Prune by UB,,4-22-4 = 0.6,5-42-5 = 0.8,7-31-52-29-19-8 = 0.1,7-48-37-7 = 0.1,7-21-52-29-5 = 0.2,7-30-24-26-36-7 = 0.2,7-48-21-26-7 = 0.1,7-48-24-30-7 = 0.8,7-21-26-36-7 = 0.5,8-53-27-40-23-8 = 0.05,8-40-28-15-4 = 0.025,7-31-21-26-36-7 = 0.2,8-33-23-39-8 = 0.025,8-33-39-8 = 0.975,8-12-47-11-8 = 1.0,8-10-49-19-37-7 = 0.7,7-31-52-29-14-5 = 0.7,5-35-56-36-7 = 0.1,5-18-54-34-13-5 = 1.0,5-32-55-14-5 = 0.3,5-38-50-16-5 = 0.15,5-38-41-57-4 = 0.15,5-35-38-5 = 0.7,5-25-51-43-4 = 0.5,5-56-55-32-5 = 0.7,5-25-9-58-46-4 = 0.5,8-49-10-51-44-4 = 0.3,4-22-57-4 = 0.325,4-17-57-4 = 0.525,4-17-15-28-4 = 0.475,4-45-20-40-23-8 = 0.925,4-41-50-16-5 = 0.85,4-45-20-22-4 = 0.075,5-35-56-42-5 = 0.2,8-27-53-8 = 0.95,4-44-51-19-37-7 = 0.2,4-44-28-15-4 = 0.5,5-9-58-46-43-4 = 0.5,,,,,,,,,,,,
606,604,734.287,8.25,1.891,0.75,825,826,4-22-4 = 0.5,5-42-5 = 1.0,7-31-52-29-19-8 = 0.5,7-48-24-30-7 = 1.0,7-21-26-36-7 = 0.5,8-53-27-40-23-8 = 1.0,7-52-29-37-7 = 0.5,7-31-21-26-36-7 = 0.5,8-33-39-8 = 1.0,8-12-47-11-8 = 0.5,8-10-49-19-37-7 = 0.5,5-41-50-16-5 = 0.25,5-18-54-34-13-5 = 1.0,5-35-38-5 = 1.0,5-56-55-32-5 = 1.0,5-25-9-51-44-4 = 0.25,5-25-9-46-14-5 = 0.75,5-58-51-44-43-4 = 0.75,8-49-10-58-43-4 = 0.25,4-15-57-4 = 0.5,4-17-57-4 = 0.5,4-17-15-28-4 = 0.5,4-45-20-28-4 = 0.5,4-41-50-16-5 = 0.75,4-12-47-11-8 = 0.5,8-49-10-46-14-5 = 0.25,4-45-20-22-4 = 0.5,,,,,,,,,,,,,,,,,,,,,,,
826,606,736.744,0,2.458,0,Prune by CG,,5-42-5 = 0.538,7-31-52-29-19-8 = 0.385,7-48-24-30-7 = 1.0,7-21-26-36-7 = 0.385,8-53-27-40-23-8 = 0.846,7-52-29-37-7 = 0.615,7-31-21-26-36-7 = 0.615,8-33-23-39-8 = 0.154,8-33-39-8 = 0.692,8-33-40-11-8 = 0.154,8-53-39-8 = 0.154,8-12-47-11-8 = 0.538,8-12-9-58-49-19-8 = 0.154,8-10-49-19-37-7 = 0.385,8-45-20-44-43-4 = 0.077,8-44-58-10-49-19-8 = 0.077,5-18-54-34-13-5 = 1.0,5-32-55-14-5 = 0.154,5-38-50-16-5 = 0.115,5-38-41-57-4 = 0.115,5-35-38-5 = 0.654,5-25-51-43-4 = 0.154,5-56-55-32-5 = 0.846,5-25-9-10-47-8 = 0.154,5-25-9-51-44-4 = 0.077,5-25-9-46-14-5 = 0.615,5-58-51-44-43-4 = 0.769,4-15-57-4 = 0.269,4-22-57-4 = 0.346,4-17-57-4 = 0.269,4-17-15-28-4 = 0.731,4-45-20-28-4 = 0.269,4-41-50-16-5 = 0.885,4-12-47-11-8 = 0.308,5-42-38-5 = 0.115,8-49-10-46-14-5 = 0.231,4-45-20-22-4 = 0.654,5-35-56-42-5 = 0.154,5-35-42-5 = 0.192,8-27-49-10-46-5 = 0.154,,,,,,,,,,
825,606,734.295,7.25,0.008,-1,827,828,4-22-4 = 0.875,5-42-5 = 1.0,7-31-52-29-19-8 = 0.5,7-48-24-30-7 = 1.0,7-21-26-36-7 = 0.5,8-53-27-40-23-8 = 1.0,7-52-29-37-7 = 0.5,7-31-21-26-36-7 = 0.5,8-33-39-8 = 1.0,8-12-47-11-8 = 0.5,8-10-49-19-37-7 = 0.5,5-41-50-16-5 = 0.25,5-18-54-34-13-5 = 1.0,5-35-38-5 = 1.0,5-56-55-32-5 = 1.0,5-25-9-51-44-4 = 0.25,5-25-9-46-14-5 = 0.75,5-58-51-44-43-4 = 0.75,8-49-10-58-43-4 = 0.25,4-15-57-4 = 0.375,4-17-57-4 = 0.625,4-17-15-28-4 = 0.375,4-45-20-28-4 = 0.625,4-41-50-16-5 = 0.75,4-12-47-11-8 = 0.5,8-49-10-46-14-5 = 0.25,4-45-20-15-4 = 0.25,4-45-20-22-4 = 0.125,,,,,,,,,,,,,,,,,,,,,,
827,825,737.571,0,3.276,0,Prune by CG,,4-22-4 = 1.0,5-42-5 = 0.863,7-31-52-29-19-8 = 0.402,7-48-24-30-7 = 1.0,7-21-26-36-7 = 0.402,8-53-27-8 = 0.231,8-53-27-40-23-8 = 0.769,7-52-29-37-7 = 0.598,8-12-46-13-5 = 0.026,7-31-21-26-36-7 = 0.598,8-33-23-39-8 = 0.231,8-33-39-8 = 0.769,8-12-47-11-8 = 0.769,8-12-9-58-49-19-8 = 0.197,8-10-49-19-37-7 = 0.402,5-41-50-16-5 = 0.043,5-18-54-34-13-5 = 0.932,5-32-55-14-5 = 0.068,5-38-50-16-5 = 0.137,5-35-38-5 = 0.863,5-54-58-28-4 = 0.009,5-25-51-43-4 = 0.256,5-54-9-58-43-4 = 0.06,5-56-55-32-5 = 0.863,5-25-9-10-47-8 = 0.188,5-18-55-32-5 = 0.068,5-25-9-46-14-5 = 0.556,5-34-58-51-28-4 = 0.026,5-58-51-44-43-4 = 0.65,8-49-58-51-28-4 = 0.026,4-17-57-4 = 0.863,4-20-44-28-4 = 0.35,5-58-10-47-43-4 = 0.034,4-17-41-57-4 = 0.137,4-20-40-11-8 = 0.231,4-41-50-16-5 = 0.821,8-49-10-46-14-5 = 0.376,4-45-28-15-4 = 0.59,4-45-20-15-4 = 0.41,5-35-56-42-5 = 0.137,4-20-12-47-8 = 0.009,5-34-13-51-46-5 = 0.043,,,,,,,,
561,556,731.829,9.95,1.138,1.758,829,830,4-22-4 = 0.926,5-42-5 = 0.873,7-31-52-29-19-8 = 0.323,7-30-24-26-36-7 = 0.25,7-48-24-30-7 = 0.75,7-31-52-9-49-19-7 = 0.162,7-21-49-19-37-7 = 0.5,7-48-26-36-7 = 0.25,7-52-29-37-7 = 0.5,7-31-21-26-36-7 = 0.5,8-33-23-39-8 = 0.662,8-33-39-8 = 0.338,8-12-44-28-4 = 0.085,8-12-47-11-8 = 0.915,8-40-44-51-43-4 = 0.662,7-31-52-29-14-5 = 0.015,5-18-54-34-13-5 = 0.477,5-32-55-14-5 = 0.127,5-38-50-16-5 = 0.063,5-38-41-57-4 = 0.063,5-35-38-5 = 0.873,5-25-58-10-49-7 = 0.162,5-56-55-32-5 = 0.873,5-18-54-13-14-5 = 0.523,5-25-9-46-47-4 = 0.085,5-25-9-10-58-5 = 0.3,5-25-9-51-44-4 = 0.119,5-25-9-46-14-5 = 0.335,5-34-58-10-46-4 = 0.362,4-15-57-4 = 0.468,4-17-57-4 = 0.468,4-17-15-28-4 = 0.532,5-34-58-10-49-29-7 = 0.162,4-45-20-28-4 = 0.384,4-45-20-44-43-4 = 0.119,4-51-46-43-4 = 0.219,4-45-20-40-23-8 = 0.338,4-41-50-16-5 = 0.937,4-45-20-11-8 = 0.085,4-44-58-10-49-19-7 = 0.015,4-45-20-22-4 = 0.074,5-35-56-42-5 = 0.127,8-27-53-8 = 1.0,,,,,,,
822,819,734.552,8.667,0.799,-0.281,831,832,4-22-4 = 1.0,5-42-5 = 1.0,7-31-52-29-19-8 = 0.333,7-48-24-30-7 = 1.0,7-21-26-36-7 = 0.667,8-53-27-40-23-8 = 0.833,7-52-29-37-7 = 0.333,7-31-21-26-36-7 = 0.333,8-33-39-8 = 1.0,8-12-47-11-8 = 0.833,8-12-9-10-49-8 = 0.167,7-31-52-29-14-5 = 0.333,5-35-56-38-5 = 0.333,5-18-54-34-13-5 = 0.667,5-32-55-14-5 = 0.333,5-35-38-5 = 0.667,5-25-58-28-4 = 0.167,5-56-55-32-5 = 0.667,5-18-54-13-14-5 = 0.333,5-25-9-46-47-8 = 0.167,5-34-58-51-28-4 = 0.333,8-49-10-51-44-4 = 0.333,8-49-10-58-46-4 = 0.5,4-15-57-4 = 0.5,4-17-57-4 = 0.5,4-17-15-28-4 = 0.5,5-25-9-19-37-7 = 0.667,4-45-20-44-43-4 = 0.667,4-51-46-43-4 = 0.333,4-45-20-40-23-8 = 0.167,4-41-50-16-5 = 1.0,4-45-20-11-8 = 0.167,8-27-53-8 = 0.167,,,,,,,,,,,,,,,,,
831,822,736.129,0,1.577,0,Prune by CG,,4-22-4 = 0.818,5-42-5 = 0.545,7-31-52-29-19-8 = 0.08,7-31-52-37-7 = 0.17,7-48-24-30-7 = 1.0,7-21-26-36-7 = 0.92,8-53-27-8 = 1.0,7-52-29-37-7 = 0.25,7-31-29-19-11-8 = 0.17,7-31-21-26-36-7 = 0.08,8-33-39-8 = 1.0,8-12-44-28-4 = 0.42,8-12-47-11-8 = 0.58,7-31-52-29-14-5 = 0.5,8-45-20-40-23-8 = 0.42,5-18-54-34-13-5 = 0.955,5-32-55-14-5 = 0.455,5-38-50-16-5 = 0.227,5-38-41-57-4 = 0.227,5-35-38-5 = 0.545,5-25-58-51-47-4 = 0.068,5-25-58-28-4 = 0.114,5-56-55-32-5 = 0.545,5-18-54-13-14-5 = 0.045,5-25-9-46-47-8 = 0.352,5-34-58-51-28-4 = 0.045,8-49-10-51-44-4 = 0.227,8-49-10-58-15-4 = 0.591,8-49-58-51-28-4 = 0.011,4-22-57-4 = 0.182,4-17-57-4 = 0.591,4-17-15-28-4 = 0.409,5-25-9-19-37-7 = 0.466,4-51-46-43-4 = 0.648,4-45-20-40-23-8 = 0.58,4-41-50-16-5 = 0.773,4-44-43-19-37-7 = 0.102,8-9-10-19-37-7 = 0.011,5-35-56-42-5 = 0.455,8-9-58-10-49-19-7 = 0.17,4-44-43-11-8 = 0.25,,,,,,,,,
832,822,734.736,0,0.184,0,Prune by CG,,4-22-4 = 1.0,5-42-5 = 1.0,7-31-52-29-19-8 = 0.375,7-48-24-30-7 = 1.0,7-21-26-36-7 = 0.625,8-53-27-40-23-8 = 1.0,7-52-29-37-7 = 0.375,7-31-21-26-36-7 = 0.375,8-33-39-8 = 1.0,8-12-44-28-4 = 0.094,8-12-47-11-8 = 0.656,8-12-9-10-49-8 = 0.25,7-31-52-29-14-5 = 0.25,5-35-56-14-5 = 0.031,5-35-56-38-5 = 0.437,5-18-54-34-13-5 = 0.75,5-32-55-14-5 = 0.469,5-38-50-16-5 = 0.016,5-38-41-57-4 = 0.016,5-35-38-5 = 0.531,5-25-58-51-47-4 = 0.219,5-56-55-32-5 = 0.531,5-18-54-13-14-5 = 0.219,5-18-25-58-44-4 = 0.031,5-54-34-13-14-5 = 0.031,5-25-9-46-47-8 = 0.125,5-34-58-51-28-4 = 0.219,8-49-10-51-44-4 = 0.219,8-49-10-58-46-4 = 0.531,4-28-15-4 = 0.359,4-15-57-4 = 0.312,4-17-57-4 = 0.672,4-17-15-28-4 = 0.328,5-25-9-19-37-7 = 0.625,4-45-20-44-43-4 = 0.656,4-51-46-43-4 = 0.344,4-41-50-16-5 = 0.984,4-45-20-11-8 = 0.344,,,,,,,,,,,,
563,562,732.684,9.269,1.828,2.152,833,834,4-22-4 = 0.837,5-42-5 = 0.962,7-31-52-29-19-8 = 0.385,7-48-24-30-7 = 1.0,7-21-26-36-7 = 0.385,7-52-29-37-7 = 0.615,7-31-21-26-36-7 = 0.615,8-33-23-39-8 = 0.615,8-33-39-8 = 0.385,8-12-44-28-4 = 0.154,8-12-47-11-8 = 0.808,8-40-44-51-43-4 = 0.615,5-35-56-38-5 = 0.731,5-18-54-34-13-5 = 0.769,5-32-55-14-5 = 0.769,5-38-50-16-5 = 0.019,5-38-41-57-4 = 0.019,5-35-38-5 = 0.231,5-56-55-32-5 = 0.231,5-18-54-13-14-5 = 0.192,5-54-34-13-14-5 = 0.038,5-25-9-10-58-5 = 0.269,5-25-9-10-49-8 = 0.192,5-25-58-49-46-4 = 0.538,4-15-57-4 = 0.49,4-17-57-4 = 0.49,4-17-15-28-4 = 0.51,5-34-58-49-19-11-8 = 0.192,4-45-20-28-4 = 0.337,4-45-20-44-43-4 = 0.115,4-51-46-43-4 = 0.269,8-9-10-46-47-4 = 0.192,5-18-9-10-49-19-8 = 0.038,4-45-20-40-23-8 = 0.385,4-41-50-16-5 = 0.981,4-12-9-10-49-8 = 0.038,8-9-10-19-37-7 = 0.269,4-45-20-22-4 = 0.163,5-35-56-42-5 = 0.038,8-27-53-8 = 1.0,4-44-51-19-37-7 = 0.115,,,,,,,,,
711,705,734.609,9.16,2.437,0.523,835,836,4-22-4 = 1.0,8-39-8 = 0.207,5-42-5 = 0.782,7-31-52-29-19-8 = 0.5,7-48-24-30-7 = 1.0,7-21-26-36-7 = 0.5,8-53-27-8 = 1.0,7-52-29-37-7 = 0.5,7-31-21-26-36-7 = 0.5,8-33-23-39-8 = 0.793,8-33-40-11-8 = 0.207,8-12-44-28-4 = 0.064,8-12-47-43-4 = 0.202,8-12-9-58-43-4 = 0.149,8-12-9-58-51-4 = 0.213,8-40-44-51-43-4 = 0.585,8-25-58-10-49-8 = 0.138,8-25-51-43-4 = 0.064,8-10-49-19-37-7 = 0.5,5-35-56-14-5 = 0.122,5-35-56-38-5 = 0.537,5-18-54-34-13-5 = 1.0,5-32-55-14-5 = 0.878,5-38-50-16-5 = 0.17,5-38-41-57-4 = 0.17,5-35-38-5 = 0.122,5-56-55-32-5 = 0.122,5-25-9-46-47-8 = 0.638,8-49-10-58-46-4 = 0.362,4-15-57-4 = 0.415,4-17-57-4 = 0.415,4-17-15-28-4 = 0.585,5-25-12-47-4 = 0.021,4-12-44-28-4 = 0.351,4-45-20-40-23-8 = 0.207,4-41-50-16-5 = 0.83,4-45-20-11-8 = 0.793,5-35-56-42-5 = 0.218,8-25-58-51-47-8 = 0.138,,,,,,,,,,,
835,711,737.531,0,2.922,0,Prune by CG,,4-22-4 = 0.8,8-39-8 = 0.1,5-42-5 = 1.0,7-31-52-29-19-8 = 0.5,7-48-24-30-7 = 1.0,7-21-26-36-7 = 0.5,8-53-27-8 = 1.0,7-52-29-37-7 = 0.5,7-31-21-26-36-7 = 0.5,8-33-23-39-8 = 0.8,8-33-39-8 = 0.1,8-33-40-11-8 = 0.1,8-12-10-58-4 = 0.3,8-12-9-58-43-4 = 0.3,8-40-44-51-43-4 = 0.7,8-12-58-46-4 = 0.1,8-12-49-58-51-4 = 0.3,8-10-49-19-37-7 = 0.5,5-35-56-38-5 = 1.0,5-18-54-34-13-5 = 1.0,5-32-55-14-5 = 1.0,5-25-9-46-47-4 = 0.1,5-25-9-46-47-8 = 0.6,5-25-44-28-4 = 0.3,8-49-10-46-47-8 = 0.2,4-15-57-4 = 0.4,4-22-57-4 = 0.2,4-17-57-4 = 0.4,4-17-15-28-4 = 0.6,4-45-20-40-23-8 = 0.2,4-41-50-16-5 = 1.0,4-28-47-11-8 = 0.1,4-45-20-11-8 = 0.8,,,,,,,,,,,,,,,,,
836,711,735.916,0,1.307,0,Prune by CG,,4-22-4 = 1.0,8-39-8 = 0.25,5-42-5 = 0.5,7-31-52-29-19-8 = 0.5,7-48-24-30-7 = 1.0,7-21-26-36-7 = 0.5,8-53-27-8 = 1.0,7-52-29-37-7 = 0.5,7-31-21-26-36-7 = 0.5,8-33-23-39-8 = 0.75,8-33-40-11-8 = 0.25,8-12-47-43-4 = 0.5,8-40-44-51-43-4 = 0.5,5-35-56-38-5 = 0.75,5-18-54-34-13-5 = 1.0,5-32-55-14-5 = 1.0,5-25-9-46-47-8 = 0.5,8-49-10-58-46-4 = 0.5,8-49-10-58-51-4 = 0.5,4-15-57-4 = 0.5,4-17-57-4 = 0.5,4-17-15-28-4 = 0.5,4-12-44-28-4 = 0.5,5-25-9-19-37-7 = 0.5,4-45-20-40-23-8 = 0.25,4-41-50-16-5 = 1.0,4-45-20-11-8 = 0.75,5-42-38-5 = 0.25,5-35-56-42-5 = 0.25,,,,,,,,,,,,,,,,,,,,,
623,622,734.876,8.636,1.969,1.146,Prune by UB,,4-22-4 = 0.545,8-39-8 = 0.273,5-42-5 = 1.0,7-48-24-30-7 = 1.0,7-52-29-37-7 = 1.0,7-31-21-26-36-7 = 1.0,8-33-23-39-8 = 0.455,8-33-39-8 = 0.273,8-45-20-28-4 = 0.273,8-33-40-11-8 = 0.273,8-12-47-11-8 = 0.455,8-10-51-43-4 = 0.091,8-40-44-51-43-4 = 0.182,8-45-20-44-43-4 = 0.182,8-45-20-40-23-8 = 0.545,5-35-56-38-5 = 0.091,5-18-54-34-13-5 = 0.364,5-32-55-14-5 = 0.091,5-35-38-5 = 0.909,5-56-55-32-5 = 0.909,5-18-54-13-14-5 = 0.455,5-25-58-10-49-4 = 0.273,5-25-9-46-47-4 = 0.545,5-18-54-34-14-5 = 0.182,5-25-9-51-44-4 = 0.182,5-34-58-10-49-19-8 = 0.273,4-15-57-4 = 0.273,4-22-57-4 = 0.455,4-17-57-4 = 0.273,4-17-15-28-4 = 0.727,4-51-46-43-4 = 0.455,4-44-58-10-49-19-8 = 0.364,4-41-50-16-5 = 1.0,4-12-9-58-49-19-8 = 0.091,8-27-53-8 = 1.0,4-44-51-43-14-5 = 0.091,4-12-9-34-13-14-5 = 0.182,8-12-19-11-8 = 0.273,,,,,,,,,,,,
739,738,734.183,10.03,1.877,0.43,837,838,4-22-4 = 0.576,5-42-5 = 0.924,7-31-52-29-19-7 = 0.333,7-31-52-37-7 = 0.333,7-48-24-30-7 = 1.0,7-21-26-36-7 = 1.0,8-53-27-8 = 0.606,8-53-27-40-23-8 = 0.394,7-52-29-37-7 = 0.333,7-31-29-19-11-8 = 0.333,8-33-39-8 = 1.0,8-12-44-28-4 = 0.273,8-12-47-11-8 = 0.667,8-10-49-19-37-7 = 0.333,5-35-56-14-5 = 0.318,5-18-54-34-13-5 = 0.818,5-32-55-14-5 = 0.318,5-38-50-16-5 = 0.121,5-38-41-57-4 = 0.121,5-35-38-5 = 0.682,5-56-55-32-5 = 0.682,5-18-54-13-14-5 = 0.182,5-25-9-58-46-4 = 0.121,5-25-9-58-51-4 = 0.182,5-25-9-58-15-4 = 0.455,5-34-58-51-28-4 = 0.182,8-49-10-51-44-4 = 0.152,8-49-10-46-47-8 = 0.333,4-22-57-4 = 0.424,4-17-57-4 = 0.455,4-17-15-28-4 = 0.545,4-45-20-44-43-4 = 0.394,4-12-9-58-51-4 = 0.061,4-51-46-43-4 = 0.364,4-45-20-40-23-8 = 0.606,4-41-50-16-5 = 0.879,4-25-9-44-43-4 = 0.182,5-42-38-5 = 0.076,8-49-10-46-14-5 = 0.182,4-25-51-43-4 = 0.061,,,,,,,,,,
837,739,735.218,0,1.034,0,Prune by CG,,4-22-4 = 0.683,5-42-5 = 0.81,7-31-52-29-19-7 = 0.333,7-31-52-37-7 = 0.333,7-48-24-30-7 = 1.0,7-21-26-36-7 = 1.0,8-53-27-8 = 0.794,8-53-27-40-23-8 = 0.206,7-52-29-37-7 = 0.333,7-31-29-19-11-8 = 0.333,8-33-23-39-8 = 0.151,8-33-39-8 = 0.698,8-33-40-11-8 = 0.151,8-40-23-39-8 = 0.151,8-12-47-11-8 = 0.516,8-10-49-19-37-7 = 0.325,5-18-54-34-13-5 = 0.69,5-32-55-14-5 = 0.19,5-38-50-16-5 = 0.095,5-38-41-57-4 = 0.095,5-35-38-5 = 0.81,5-56-55-32-5 = 0.81,5-18-54-13-14-5 = 0.31,5-25-9-46-47-4 = 0.31,5-25-9-58-51-4 = 0.69,5-34-58-51-46-4 = 0.016,5-34-58-51-28-4 = 0.294,8-49-10-46-47-8 = 0.175,4-15-57-4 = 0.294,4-22-57-4 = 0.317,4-17-57-4 = 0.294,4-17-15-28-4 = 0.706,4-12-44-43-4 = 0.484,4-45-20-44-43-4 = 0.508,4-45-20-40-23-8 = 0.492,4-41-50-16-5 = 0.905,4-44-43-19-37-7 = 0.008,8-49-10-46-14-5 = 0.5,5-35-56-42-5 = 0.19,,,,,,,,,,,
838,739,734.636,0,0.453,0,Prune by CG,,4-22-4 = 0.6,5-42-5 = 0.75,7-21-55-14-5 = 0.1,7-31-52-29-19-7 = 0.4,7-31-52-37-7 = 0.2,7-21-32-14-5 = 0.1,7-30-24-26-36-7 = 0.1,7-48-24-30-7 = 0.9,7-21-26-36-7 = 0.6,7-48-26-36-7 = 0.1,8-53-27-8 = 0.6,8-53-27-40-23-8 = 0.4,7-52-29-37-7 = 0.4,7-31-29-19-11-8 = 0.2,7-31-21-26-36-7 = 0.2,8-33-39-8 = 1.0,8-12-47-11-8 = 0.6,8-10-49-19-37-7 = 0.4,5-35-56-14-5 = 0.45,5-18-54-34-13-5 = 1.0,5-32-55-14-5 = 0.35,5-38-50-16-5 = 0.1,5-38-41-57-4 = 0.1,5-35-38-5 = 0.55,5-25-58-28-4 = 0.2,5-56-55-32-5 = 0.55,5-25-9-58-46-4 = 0.6,5-25-9-58-15-4 = 0.2,8-49-10-51-44-4 = 0.6,4-28-15-4 = 0.3,4-22-57-4 = 0.4,4-17-57-4 = 0.5,4-17-15-28-4 = 0.5,4-45-20-44-43-4 = 0.4,4-51-46-43-4 = 0.4,4-45-20-40-23-8 = 0.6,4-41-50-16-5 = 0.9,4-12-47-11-8 = 0.2,5-42-38-5 = 0.25,4-12-9-47-43-4 = 0.2,,,,,,,,,,
701,593,733.803,9.888,2.907,-2.613,839,840,4-22-4 = 1.0,5-42-5 = 0.8,7-31-52-29-19-8 = 0.306,7-31-52-37-7 = 0.138,7-48-24-30-7 = 1.0,7-21-26-36-7 = 0.444,8-53-27-8 = 1.0,7-52-29-37-7 = 0.556,7-31-21-26-36-7 = 0.556,8-33-23-39-8 = 0.856,8-33-39-8 = 0.144,8-12-47-11-8 = 0.394,8-40-44-51-43-4 = 0.856,8-12-9-58-49-19-8 = 0.388,8-10-49-19-37-7 = 0.056,5-41-50-16-5 = 0.1,5-18-54-34-13-5 = 0.056,5-32-55-14-5 = 0.2,5-38-50-16-5 = 0.1,5-38-41-57-4 = 0.1,5-35-38-5 = 0.8,5-56-55-32-5 = 0.8,5-18-54-13-14-5 = 0.444,5-18-25-54-5 = 0.144,5-34-58-46-15-4 = 0.037,5-34-58-10-46-4 = 0.412,8-49-10-46-47-8 = 0.413,8-49-10-44-43-4 = 0.119,8-49-58-46-43-4 = 0.025,4-15-57-4 = 0.431,4-17-57-4 = 0.469,4-17-15-28-4 = 0.531,5-34-58-29-19-37-7 = 0.138,4-12-44-28-4 = 0.025,5-9-46-19-37-7 = 0.112,4-45-20-28-4 = 0.444,5-25-54-14-5 = 0.356,4-45-20-40-23-8 = 0.144,4-41-50-16-5 = 0.8,4-12-47-11-8 = 0.194,4-45-20-11-8 = 0.413,5-35-56-42-5 = 0.2,5-25-9-51-13-5 = 0.144,5-18-25-9-34-13-5 = 0.356,,,,,,
839,701,736.057,0,2.254,0,Prune by CG,,4-22-4 = 0.545,5-42-5 = 1.0,7-31-52-29-19-8 = 0.455,7-31-52-37-7 = 0.273,7-48-24-30-7 = 1.0,7-21-26-36-7 = 0.727,7-52-29-37-7 = 0.273,7-31-21-26-36-7 = 0.273,8-33-23-39-8 = 0.727,8-33-39-8 = 0.273,8-12-47-11-8 = 0.697,8-12-9-10-49-8 = 0.273,8-40-44-51-43-4 = 0.606,5-35-38-5 = 1.0,5-56-55-32-5 = 1.0,5-18-54-13-14-5 = 0.606,5-18-25-54-5 = 0.212,5-18-34-58-46-47-8 = 0.182,5-34-58-46-15-4 = 0.545,8-49-10-46-47-8 = 0.121,8-49-10-44-43-4 = 0.394,4-22-57-4 = 0.455,4-17-57-4 = 0.545,4-17-15-28-4 = 0.455,5-34-58-29-19-37-7 = 0.273,8-49-46-19-37-7 = 0.061,4-45-20-28-4 = 0.545,5-25-54-14-5 = 0.182,8-40-49-19-11-8 = 0.121,4-45-20-40-23-8 = 0.273,4-41-50-16-5 = 1.0,4-45-20-11-8 = 0.182,4-9-46-19-37-7 = 0.091,8-27-53-8 = 1.0,5-25-9-51-13-5 = 0.394,8-12-9-49-37-7 = 0.03,5-25-9-10-14-5 = 0.212,,,,,,,,,,,,,
816,813,734.569,10.545,0.177,1.268,841,842,4-22-4 = 0.548,8-39-8 = 0.123,5-42-5 = 1.0,7-31-52-29-19-8 = 0.5,7-48-24-30-7 = 1.0,7-21-26-36-7 = 0.5,7-52-29-37-7 = 0.5,7-31-21-26-36-7 = 0.5,8-33-23-39-8 = 0.649,8-33-39-8 = 0.227,8-33-40-11-8 = 0.123,8-12-44-43-4 = 0.47,8-12-44-28-4 = 0.059,8-12-9-10-49-8 = 0.195,8-40-44-51-43-4 = 0.471,8-12-9-34-13-14-5 = 0.221,8-10-49-19-37-7 = 0.5,8-51-46-43-4 = 0.059,5-35-56-14-5 = 0.168,5-18-54-34-13-5 = 0.558,5-32-55-14-5 = 0.168,5-38-50-16-5 = 0.084,5-38-41-57-4 = 0.084,5-35-38-5 = 0.832,5-25-58-51-47-4 = 0.417,5-56-55-32-5 = 0.832,5-18-54-13-14-5 = 0.221,5-25-9-46-47-8 = 0.053,5-18-54-34-14-5 = 0.221,5-25-9-58-46-4 = 0.53,5-58-51-46-47-4 = 0.053,8-49-10-46-47-8 = 0.305,4-15-57-4 = 0.232,4-22-57-4 = 0.452,4-17-57-4 = 0.232,4-17-15-28-4 = 0.768,4-45-20-40-23-8 = 0.351,4-20-40-11-8 = 0.055,4-41-50-16-5 = 0.916,4-28-47-11-8 = 0.173,4-45-20-11-8 = 0.595,4-45-12-11-8 = 0.055,8-27-53-8 = 1.0,,,,,,,
842,816,736.699,0,2.13,0,Prune by CG,,4-22-4 = 1.0,5-42-5 = 0.917,7-31-52-29-19-8 = 0.458,7-48-24-30-7 = 1.0,7-21-26-36-7 = 0.542,7-52-29-37-7 = 0.458,7-31-21-26-36-7 = 0.458,8-33-23-39-8 = 1.0,8-20-51-43-4 = 0.125,8-40-44-51-43-4 = 0.688,8-10-49-19-37-7 = 0.542,7-31-52-29-14-5 = 0.083,5-35-56-38-5 = 0.833,5-18-54-34-13-5 = 1.0,5-32-55-14-5 = 0.917,5-38-50-16-5 = 0.042,5-38-41-57-4 = 0.042,5-35-38-5 = 0.083,5-25-58-51-47-4 = 0.188,5-56-55-32-5 = 0.083,5-25-9-58-46-4 = 0.354,5-25-9-58-15-4 = 0.458,8-49-10-46-47-8 = 0.458,4-15-57-4 = 0.25,4-17-57-4 = 0.708,4-17-15-28-4 = 0.292,4-12-44-28-4 = 0.312,4-45-20-28-4 = 0.396,4-20-40-11-8 = 0.229,4-41-50-16-5 = 0.958,4-20-47-11-8 = 0.167,5-35-56-42-5 = 0.083,4-45-12-11-8 = 0.604,4-20-12-40-8 = 0.083,8-27-53-8 = 1.0,8-9-46-47-43-4 = 0.188,,,,,,,,,,,,,,
830,561,731.97,11.151,0.141,1.201,843,844,4-22-4 = 0.836,5-42-5 = 0.906,7-31-52-29-19-8 = 0.209,7-30-24-26-36-7 = 0.216,7-48-24-30-7 = 0.784,7-31-52-9-49-19-7 = 0.173,7-21-26-36-7 = 0.137,7-21-49-19-37-7 = 0.432,7-48-26-36-7 = 0.216,8-53-27-8 = 1.0,7-52-29-37-7 = 0.432,7-31-21-26-36-7 = 0.432,8-33-23-39-8 = 0.604,8-33-39-8 = 0.396,8-12-44-28-4 = 0.345,8-12-47-11-8 = 0.655,8-40-44-51-43-4 = 0.604,7-31-52-29-14-5 = 0.187,5-35-56-14-5 = 0.144,5-18-54-34-13-5 = 0.568,5-32-55-14-5 = 0.237,5-38-50-16-5 = 0.119,5-38-41-57-4 = 0.119,5-35-38-5 = 0.763,5-25-58-10-49-7 = 0.036,5-56-55-32-5 = 0.763,5-18-54-13-14-5 = 0.432,5-25-9-46-47-4 = 0.345,5-25-9-10-58-5 = 0.482,5-34-58-10-46-4 = 0.259,4-15-57-4 = 0.441,4-17-57-4 = 0.441,4-17-15-28-4 = 0.559,5-34-58-10-49-29-7 = 0.173,5-25-49-19-37-7 = 0.137,4-45-20-28-4 = 0.095,4-51-46-43-4 = 0.396,4-45-20-40-23-8 = 0.396,4-41-50-16-5 = 0.881,4-45-20-11-8 = 0.345,4-44-58-10-49-19-7 = 0.05,4-45-20-22-4 = 0.164,5-35-56-42-5 = 0.094,,,,,,,
844,830,732.488,8.889,0.518,-2.262,845,846,4-22-4 = 0.833,5-42-5 = 0.778,7-31-52-29-19-8 = 0.444,7-48-24-30-7 = 1.0,7-21-26-36-7 = 1.0,7-31-9-46-43-4 = 0.111,7-52-29-37-7 = 0.111,8-33-23-39-8 = 0.778,8-33-39-8 = 0.222,8-12-44-28-4 = 0.111,8-12-47-11-8 = 0.722,8-40-44-51-43-4 = 0.778,8-12-9-34-13-14-5 = 0.056,7-31-52-29-14-5 = 0.444,5-18-54-34-13-5 = 0.667,5-32-55-14-5 = 0.222,5-38-50-16-5 = 0.111,5-38-41-57-4 = 0.111,5-35-38-5 = 0.778,5-54-58-49-37-7 = 0.056,5-56-55-32-5 = 0.778,5-18-54-13-14-5 = 0.278,5-25-9-46-47-4 = 0.278,5-25-9-10-58-5 = 0.111,5-18-58-49-19-37-7 = 0.056,5-25-9-51-44-4 = 0.111,5-25-9-58-46-4 = 0.222,5-34-58-10-46-4 = 0.278,4-15-57-4 = 0.444,4-17-57-4 = 0.444,4-17-15-28-4 = 0.556,5-25-58-49-37-7 = 0.278,4-45-20-28-4 = 0.333,4-51-46-43-4 = 0.111,4-45-20-40-23-8 = 0.222,4-41-50-16-5 = 0.889,4-45-20-11-8 = 0.278,4-12-9-10-49-7 = 0.111,4-10-49-19-37-7 = 0.5,4-45-20-22-4 = 0.167,5-35-56-42-5 = 0.222,8-27-53-8 = 1.0,,,,,,,,
845,844,733.27,3,0.782,-5.889,847,848,4-22-4 = 0.5,5-42-5 = 1.0,7-31-52-29-19-8 = 1.0,7-48-24-30-7 = 1.0,7-21-26-36-7 = 1.0,8-33-23-39-8 = 1.0,8-12-47-11-8 = 1.0,8-40-44-51-43-4 = 1.0,5-18-54-34-13-5 = 1.0,5-35-38-5 = 1.0,5-56-55-32-5 = 1.0,5-25-9-46-14-5 = 1.0,4-15-57-4 = 0.5,4-17-57-4 = 0.5,4-17-15-28-4 = 0.5,4-45-20-28-4 = 0.5,4-41-50-16-5 = 1.0,4-45-20-22-4 = 0.5,8-27-53-8 = 1.0,5-58-10-49-37-7 = 1.0,,,,,,,,,,,,,,,,,,,,,,,,,,,,,,
847,845,736.414,0,3.143,0,Prune by CG,,4-22-4 = 1.0,5-42-5 = 0.735,7-31-52-29-19-8 = 0.694,7-48-24-30-7 = 1.0,7-21-26-36-7 = 1.0,8-53-27-40-23-8 = 0.306,8-33-23-39-8 = 0.694,8-33-39-8 = 0.306,8-12-47-11-8 = 1.0,8-40-44-51-43-4 = 0.694,7-31-52-29-14-5 = 0.306,5-18-54-34-13-5 = 0.49,5-38-50-16-5 = 0.265,5-35-38-5 = 0.735,5-54-58-49-37-7 = 0.327,5-56-55-32-5 = 0.735,5-18-54-13-14-5 = 0.184,5-25-9-10-58-5 = 0.49,5-18-55-32-5 = 0.265,5-25-9-46-14-5 = 0.51,5-34-13-46-43-4 = 0.163,5-34-13-51-15-4 = 0.163,5-34-58-46-15-4 = 0.184,4-15-57-4 = 0.245,4-17-57-4 = 0.735,4-45-20-28-4 = 0.837,4-51-46-43-4 = 0.143,4-17-41-57-4 = 0.02,4-41-50-16-5 = 0.735,4-20-49-19-37-7 = 0.163,4-45-28-15-4 = 0.163,5-10-49-19-37-7 = 0.143,5-35-56-42-5 = 0.265,8-27-53-8 = 0.694,4-44-10-49-37-7 = 0.306,4-17-41-15-4 = 0.245,5-18-10-49-37-7 = 0.061,,,,,,,,,,,,,
848,845,734.239,0,0.968,-3,Integer,,5-42-5 = 1.0,7-31-52-29-19-8 = 1.0,7-48-24-30-7 = 1.0,7-21-26-36-7 = 1.0,8-33-23-39-8 = 1.0,8-12-47-11-8 = 1.0,8-40-44-51-43-4 = 1.0,5-18-54-34-13-5 = 1.0,5-35-38-5 = 1.0,5-56-55-32-5 = 1.0,5-25-9-46-14-5 = 1.0,4-28-15-4 = 1.0,4-17-57-4 = 1.0,4-41-50-16-5 = 1.0,4-45-20-22-4 = 1.0,8-27-53-8 = 1.0,5-58-10-49-37-7 = 1.0,,,,,,,,,,,,,,,,,,,,,,,,,,,,,,,,,
846,844,732.521,8.583,0.033,-0.306,849,850,4-22-4 = 0.854,5-42-5 = 0.75,7-31-52-29-19-8 = 0.417,7-48-24-30-7 = 1.0,7-21-26-36-7 = 1.0,7-31-9-46-43-4 = 0.083,7-52-29-37-7 = 0.083,8-33-23-39-8 = 0.75,8-33-39-8 = 0.25,8-12-47-11-8 = 0.833,8-12-9-58-43-4 = 0.083,8-40-44-51-43-4 = 0.75,7-31-52-29-14-5 = 0.5,5-18-54-34-13-5 = 0.75,5-32-55-14-5 = 0.25,5-38-50-16-5 = 0.125,5-38-41-57-4 = 0.125,5-35-38-5 = 0.75,5-56-55-32-5 = 0.75,5-18-54-13-14-5 = 0.25,5-25-9-46-47-4 = 0.167,5-25-9-51-44-4 = 0.167,5-25-9-58-46-4 = 0.417,5-34-58-10-46-4 = 0.25,4-15-57-4 = 0.438,4-17-57-4 = 0.438,4-17-15-28-4 = 0.562,5-25-58-49-37-7 = 0.25,4-45-20-28-4 = 0.438,4-51-46-43-4 = 0.083,4-45-20-40-23-8 = 0.25,4-41-50-16-5 = 0.875,4-45-20-11-8 = 0.167,4-12-9-10-49-7 = 0.083,4-10-49-19-37-7 = 0.583,4-45-20-22-4 = 0.146,5-35-56-42-5 = 0.25,8-27-53-8 = 1.0,4-44-10-49-37-7 = 0.083,,,,,,,,,,,
850,846,734.267,0,1.746,0,Prune by CG,,4-22-4 = 0.429,5-42-5 = 1.0,7-31-52-29-19-8 = 0.143,7-48-24-30-7 = 1.0,7-52-29-46-4 = 0.214,7-31-52-54-5 = 0.071,7-21-26-36-7 = 0.786,8-40-28-15-4 = 0.143,7-52-29-37-7 = 0.071,7-31-29-19-11-8 = 0.071,7-31-21-26-36-7 = 0.214,8-33-23-39-8 = 0.571,8-33-39-8 = 0.429,8-12-47-11-8 = 0.929,8-12-9-58-43-4 = 0.071,8-40-44-51-43-4 = 0.429,7-31-52-29-14-5 = 0.5,5-18-54-34-13-5 = 0.429,5-35-38-5 = 1.0,5-56-55-32-5 = 1.0,5-18-54-13-14-5 = 0.5,5-25-9-10-47-4 = 0.071,5-25-9-51-44-4 = 0.357,5-25-9-44-43-4 = 0.214,5-34-13-46-43-4 = 0.071,5-34-58-10-46-4 = 0.5,4-15-57-4 = 0.286,4-22-57-4 = 0.286,4-17-57-4 = 0.429,4-17-15-28-4 = 0.571,5-25-58-49-37-7 = 0.214,5-25-49-19-37-7 = 0.071,4-45-20-28-4 = 0.286,4-51-46-43-4 = 0.214,5-18-25-9-49-19-7 = 0.071,4-45-20-40-23-8 = 0.429,4-41-50-16-5 = 1.0,4-9-58-49-19-37-7 = 0.214,4-10-49-19-37-7 = 0.429,4-45-20-22-4 = 0.286,8-27-53-8 = 1.0,,,,,,,,,
849,846,733.116,7.8,0.595,-0.783,851,852,4-22-4 = 0.833,5-42-5 = 0.733,7-31-52-29-19-8 = 0.333,7-48-24-30-7 = 1.0,7-21-26-36-7 = 1.0,7-31-9-46-43-4 = 0.067,7-52-29-37-7 = 0.067,8-33-23-39-8 = 0.667,8-33-39-8 = 0.333,8-12-47-11-8 = 1.0,8-40-44-51-43-4 = 0.667,7-31-52-29-14-5 = 0.6,5-18-54-34-13-5 = 0.8,5-32-55-14-5 = 0.267,5-38-50-16-5 = 0.133,5-38-41-57-4 = 0.133,5-35-38-5 = 0.733,5-54-58-49-37-7 = 0.067,5-25-51-43-4 = 0.133,5-25-58-10-49-7 = 0.067,5-56-55-32-5 = 0.733,5-18-54-13-14-5 = 0.133,5-25-9-58-46-4 = 0.8,5-34-51-44-15-4 = 0.133,5-34-13-51-43-4 = 0.067,4-15-57-4 = 0.367,4-17-57-4 = 0.5,4-17-15-28-4 = 0.5,5-18-9-46-43-4 = 0.067,4-45-20-28-4 = 0.5,4-45-20-40-23-8 = 0.333,4-41-50-16-5 = 0.867,4-9-58-10-46-4 = 0.067,4-10-49-19-37-7 = 0.667,4-45-20-22-4 = 0.167,5-35-56-42-5 = 0.267,8-27-53-8 = 1.0,4-44-10-49-37-7 = 0.2,,,,,,,,,,,,
852,849,735.331,0,2.215,0,Prune by CG,,4-22-4 = 0.213,8-39-8 = 0.363,5-42-5 = 0.925,7-31-52-29-19-8 = 0.125,7-48-24-30-7 = 1.0,7-21-26-36-7 = 1.0,7-31-9-46-43-4 = 0.175,7-52-29-37-7 = 0.175,8-33-23-39-8 = 0.363,8-33-39-8 = 0.275,8-33-40-11-8 = 0.363,8-12-44-28-4 = 0.375,8-12-47-11-8 = 0.625,7-31-52-29-14-5 = 0.7,5-18-54-34-13-5 = 0.65,5-32-55-14-5 = 0.075,5-38-50-16-5 = 0.038,5-38-41-57-4 = 0.038,5-35-38-5 = 0.925,5-54-58-49-37-7 = 0.125,5-25-51-43-4 = 0.625,5-56-55-32-5 = 0.925,5-18-54-13-14-5 = 0.225,5-25-9-46-47-4 = 0.375,5-18-58-49-19-37-7 = 0.075,5-34-51-44-15-4 = 0.225,5-34-13-51-43-4 = 0.125,5-58-51-44-43-4 = 0.025,4-15-57-4 = 0.15,4-22-57-4 = 0.437,4-17-57-4 = 0.375,4-17-15-28-4 = 0.625,5-18-9-46-43-4 = 0.05,4-45-20-40-23-8 = 0.638,4-41-50-16-5 = 0.962,4-45-20-11-8 = 0.012,4-44-58-10-49-19-7 = 0.175,4-44-58-49-19-37-7 = 0.2,4-10-49-19-37-7 = 0.425,4-45-20-22-4 = 0.35,8-9-58-10-46-4 = 0.4,5-35-56-42-5 = 0.075,8-27-53-8 = 1.0,,,,,,,
851,849,733.44,7.875,0.324,0.075,853,854,4-22-4 = 0.906,5-42-5 = 0.75,7-31-52-29-19-8 = 0.5,7-48-24-30-7 = 1.0,7-21-26-36-7 = 1.0,8-33-23-39-8 = 0.75,8-33-39-8 = 0.25,8-12-47-11-8 = 0.875,8-10-51-43-4 = 0.25,8-40-44-51-43-4 = 0.75,7-31-52-29-14-5 = 0.5,5-35-56-14-5 = 0.125,5-18-54-34-13-5 = 1.0,5-32-55-14-5 = 0.375,5-38-50-16-5 = 0.188,5-38-41-57-4 = 0.187,5-35-38-5 = 0.625,5-56-55-32-5 = 0.625,5-25-9-46-47-8 = 0.125,5-25-9-58-46-4 = 0.875,4-15-57-4 = 0.406,4-17-57-4 = 0.406,4-17-15-28-4 = 0.594,4-45-20-28-4 = 0.406,4-45-20-40-23-8 = 0.25,4-41-50-16-5 = 0.812,4-45-20-11-8 = 0.125,4-20-49-19-37-7 = 0.125,4-45-12-49-37-7 = 0.125,4-10-49-19-37-7 = 0.375,4-45-20-22-4 = 0.094,5-35-56-42-5 = 0.25,8-27-53-8 = 1.0,4-44-10-49-37-7 = 0.25,5-58-10-49-37-7 = 0.125,,,,,,,,,,,,,,,
854,851,733.98,7.182,0.54,-0.693,855,856,4-22-4 = 0.614,5-42-5 = 1.0,7-31-52-29-19-8 = 0.545,7-48-24-30-7 = 1.0,7-21-26-36-7 = 1.0,8-33-23-39-8 = 1.0,8-12-47-11-8 = 0.727,8-10-51-43-4 = 0.182,8-40-44-51-43-4 = 0.818,7-31-52-29-14-5 = 0.455,5-35-56-14-5 = 0.273,5-18-54-34-13-5 = 1.0,5-32-55-14-5 = 0.273,5-38-50-16-5 = 0.136,5-38-41-57-4 = 0.136,5-35-38-5 = 0.727,5-56-55-32-5 = 0.727,5-25-9-46-47-8 = 0.182,5-25-9-58-46-4 = 0.818,4-15-57-4 = 0.432,4-17-57-4 = 0.432,4-17-15-28-4 = 0.568,4-45-20-28-4 = 0.432,4-20-40-11-8 = 0.182,4-41-50-16-5 = 0.864,4-12-47-11-8 = 0.091,4-45-12-49-37-7 = 0.182,4-10-49-19-37-7 = 0.455,4-45-20-22-4 = 0.386,8-27-53-8 = 1.0,4-44-10-49-37-7 = 0.182,5-58-10-49-37-7 = 0.182,,,,,,,,,,,,,,,,,,
855,854,734.304,0,0.323,0,Prune by CG,,4-22-4 = 0.5,5-42-5 = 1.0,7-48-24-30-7 = 1.0,7-21-26-36-7 = 1.0,8-33-23-39-8 = 1.0,8-40-44-51-43-4 = 1.0,7-31-52-29-14-5 = 1.0,5-18-54-34-13-5 = 1.0,5-35-38-5 = 1.0,5-56-55-32-5 = 1.0,5-25-9-58-46-4 = 1.0,4-15-57-4 = 0.5,4-17-57-4 = 0.5,4-17-15-28-4 = 0.5,4-45-20-28-4 = 0.5,4-41-50-16-5 = 1.0,4-12-47-11-8 = 1.0,5-10-49-19-37-7 = 1.0,4-45-20-22-4 = 0.5,8-27-53-8 = 1.0,,,,,,,,,,,,,,,,,,,,,,,,,,,,,,
856,854,735.033,0,1.053,0,Prune by CG,,4-22-4 = 0.5,5-42-5 = 1.0,7-48-24-30-7 = 1.0,7-21-26-36-7 = 1.0,8-33-23-39-8 = 1.0,8-40-44-51-43-4 = 1.0,7-31-52-29-14-5 = 1.0,5-18-54-34-13-5 = 1.0,5-35-38-5 = 1.0,5-56-55-32-5 = 1.0,4-15-57-4 = 0.5,4-17-57-4 = 0.5,4-17-15-28-4 = 0.5,5-25-49-19-37-7 = 1.0,4-45-20-28-4 = 0.5,4-41-50-16-5 = 1.0,4-12-47-11-8 = 1.0,4-45-20-22-4 = 0.5,8-27-53-8 = 1.0,5-9-58-10-46-4 = 1.0,,,,,,,,,,,,,,,,,,,,,,,,,,,,,,
823,725,734.036,8.862,0.846,-0.297,857,858,4-22-4 = 1.0,5-42-5 = 0.741,7-31-52-29-19-8 = 0.259,7-48-24-30-7 = 1.0,7-21-26-36-7 = 0.259,8-40-28-15-4 = 0.345,7-52-29-37-7 = 0.741,7-31-21-26-36-7 = 0.741,8-33-23-39-8 = 0.345,8-33-39-8 = 0.655,8-12-44-28-4 = 0.224,8-12-47-11-8 = 0.759,8-25-58-10-49-8 = 0.414,8-12-9-58-49-19-8 = 0.017,8-45-20-40-23-8 = 0.086,8-44-58-10-49-19-8 = 0.086,5-35-56-14-5 = 0.155,5-35-56-38-5 = 0.431,5-18-54-34-13-5 = 1.0,5-32-55-14-5 = 0.845,5-38-50-16-5 = 0.207,5-38-41-57-4 = 0.207,5-35-38-5 = 0.155,5-56-55-32-5 = 0.155,5-25-9-46-47-4 = 0.241,5-25-9-51-44-4 = 0.345,4-15-57-4 = 0.224,4-17-57-4 = 0.569,4-17-15-28-4 = 0.431,4-45-20-44-43-4 = 0.345,4-51-46-43-4 = 0.655,4-45-20-40-23-8 = 0.569,4-41-50-16-5 = 0.793,8-9-10-19-37-7 = 0.017,5-35-56-42-5 = 0.259,8-27-53-8 = 1.0,8-49-10-58-46-8 = 0.103,8-11-19-37-7 = 0.241,8-9-58-10-49-19-8 = 0.379,,,,,,,,,,,
857,823,734.982,0,0.946,0,Prune by CG,,4-22-4 = 1.0,8-39-8 = 0.206,5-42-5 = 0.624,7-48-24-30-7 = 1.0,7-21-26-36-7 = 0.263,8-40-28-15-4 = 0.124,7-52-29-37-7 = 0.737,7-31-21-26-36-7 = 0.737,8-33-23-39-8 = 0.33,8-33-39-8 = 0.464,8-33-40-11-8 = 0.206,8-12-44-28-4 = 0.175,8-12-47-11-8 = 0.5,8-25-58-10-49-8 = 0.294,8-12-9-58-49-19-8 = 0.294,7-31-52-29-14-5 = 0.263,8-45-20-40-23-8 = 0.108,8-44-58-10-49-19-8 = 0.412,5-35-56-14-5 = 0.18,5-18-54-34-13-5 = 1.0,5-32-55-14-5 = 0.557,5-38-50-16-5 = 0.278,5-38-41-57-4 = 0.278,5-35-38-5 = 0.443,5-56-55-32-5 = 0.443,5-25-9-46-47-4 = 0.206,5-25-9-10-47-4 = 0.294,5-25-9-51-44-4 = 0.206,4-15-57-4 = 0.299,4-17-57-4 = 0.423,4-17-15-28-4 = 0.577,4-45-20-28-4 = 0.124,4-45-20-44-43-4 = 0.206,4-51-46-43-4 = 0.794,4-45-20-40-23-8 = 0.562,4-41-50-16-5 = 0.722,5-35-56-42-5 = 0.376,8-27-53-8 = 1.0,8-11-19-37-7 = 0.263,8-12-19-11-8 = 0.031,,,,,,,,,,
858,823,735.49,0,1.454,0,Prune by CG,,4-22-4 = 1.0,5-42-5 = 0.833,7-31-52-29-19-8 = 0.5,7-48-24-30-7 = 1.0,7-21-26-36-7 = 0.5,8-40-28-15-4 = 0.667,7-52-29-37-7 = 0.5,7-31-21-26-36-7 = 0.5,8-33-23-39-8 = 0.708,8-33-39-8 = 0.292,8-12-47-11-8 = 0.958,8-25-58-10-49-8 = 0.167,8-45-20-40-23-8 = 0.125,5-35-56-38-5 = 0.833,5-18-54-34-13-5 = 1.0,5-32-55-14-5 = 1.0,5-38-50-16-5 = 0.083,5-38-41-57-4 = 0.083,5-25-9-51-44-4 = 0.417,4-15-57-4 = 0.125,4-17-57-4 = 0.792,4-17-15-28-4 = 0.208,4-20-51-43-4 = 0.167,5-25-9-19-37-7 = 0.417,4-45-20-28-4 = 0.125,4-45-20-44-43-4 = 0.417,4-51-46-43-4 = 0.25,4-45-44-51-43-4 = 0.167,4-45-20-40-23-8 = 0.167,4-41-50-16-5 = 0.917,4-9-10-19-37-7 = 0.083,5-35-56-42-5 = 0.167,8-27-53-8 = 1.0,8-49-10-58-46-8 = 0.75,8-12-9-58-49-40-8 = 0.042,8-9-58-49-47-11-8 = 0.042,,,,,,,,,,,,,,
802,735,734.488,10,1.092,0,Prune by UB,,4-22-4 = 0.5,8-39-8 = 0.25,5-42-5 = 1.0,7-31-52-29-19-8 = 0.5,7-48-24-30-7 = 1.0,7-21-26-36-7 = 0.5,7-52-29-37-7 = 0.5,7-31-21-26-36-7 = 0.5,8-33-23-39-8 = 0.25,8-33-39-8 = 0.5,8-33-40-11-8 = 0.25,8-12-44-28-4 = 0.5,8-12-47-11-8 = 0.5,8-10-49-19-37-7 = 0.5,5-41-50-16-5 = 0.25,5-35-56-38-5 = 1.0,5-18-54-34-13-5 = 1.0,5-32-55-14-5 = 1.0,5-25-9-58-46-4 = 0.25,5-25-9-58-15-4 = 0.5,8-49-10-46-47-4 = 0.25,8-49-10-58-46-4 = 0.25,4-22-57-4 = 0.5,4-17-57-4 = 0.5,4-17-15-28-4 = 0.5,4-51-46-43-4 = 0.25,4-45-20-40-23-8 = 0.75,4-41-50-16-5 = 0.75,4-45-20-11-8 = 0.25,4-25-51-43-4 = 0.25,8-27-53-8 = 1.0,4-44-51-47-43-4 = 0.25,4-9-51-44-43-4 = 0.25,,,,,,,,,,,,,,,,,
834,563,733.135,9.815,0.452,0.546,859,860,4-22-4 = 0.7,5-42-5 = 1.0,7-31-52-29-19-7 = 0.015,7-31-52-29-19-8 = 0.277,7-31-52-37-7 = 0.015,7-48-24-30-7 = 1.0,7-21-26-36-7 = 0.323,8-53-27-8 = 1.0,7-52-29-37-7 = 0.692,7-31-21-26-36-7 = 0.677,8-33-23-39-8 = 0.677,8-33-39-8 = 0.323,8-12-44-28-4 = 0.169,8-12-47-11-8 = 0.831,8-40-44-51-43-4 = 0.677,7-31-29-19-37-7 = 0.015,5-35-56-38-5 = 0.585,5-18-54-34-13-5 = 0.585,5-32-55-14-5 = 0.585,5-35-38-5 = 0.415,5-56-55-32-5 = 0.415,5-54-34-13-14-5 = 0.415,5-25-9-10-58-5 = 0.415,5-25-58-49-46-4 = 0.585,4-15-57-4 = 0.5,4-17-57-4 = 0.5,4-17-15-28-4 = 0.5,4-45-20-28-4 = 0.331,4-45-20-44-43-4 = 0.046,4-51-46-43-4 = 0.246,5-18-9-10-49-19-8 = 0.415,4-45-20-40-23-8 = 0.323,4-41-50-16-5 = 1.0,4-44-43-19-37-7 = 0.031,4-9-10-46-47-4 = 0.169,4-45-20-22-4 = 0.3,8-11-19-37-7 = 0.169,4-44-51-19-37-7 = 0.077,,,,,,,,,,,,
859,834,734.255,0,1.12,0,Prune by CG,,4-22-4 = 0.984,5-42-5 = 0.662,7-31-52-29-19-7 = 0.488,7-31-52-37-7 = 0.025,7-30-24-26-36-7 = 0.012,7-48-24-30-7 = 0.988,7-21-52-49-47-4 = 0.025,7-21-26-36-7 = 0.975,7-48-26-36-7 = 0.012,7-31-49-46-43-4 = 0.438,7-52-29-37-7 = 0.462,8-33-23-39-8 = 0.538,8-33-39-8 = 0.462,8-12-44-28-4 = 0.025,8-12-47-11-8 = 0.838,8-40-44-51-43-4 = 0.538,7-31-29-19-37-7 = 0.05,5-35-56-38-5 = 0.4,5-18-54-34-13-5 = 0.738,5-32-55-14-5 = 0.738,5-38-50-16-5 = 0.169,5-38-41-57-4 = 0.169,5-35-38-5 = 0.262,5-56-55-32-5 = 0.262,5-18-54-13-14-5 = 0.262,5-25-9-10-58-5 = 0.6,5-25-9-10-49-8 = 0.125,5-34-51-44-15-4 = 0.137,5-34-58-46-15-4 = 0.125,5-25-58-49-46-4 = 0.275,4-15-57-4 = 0.284,4-17-57-4 = 0.547,4-17-15-28-4 = 0.453,4-45-20-28-4 = 0.522,4-51-46-43-4 = 0.025,4-45-20-40-23-8 = 0.462,4-41-50-16-5 = 0.831,4-12-9-10-49-8 = 0.138,4-9-10-46-47-4 = 0.137,4-45-20-22-4 = 0.016,5-35-56-42-5 = 0.338,8-27-53-8 = 1.0,8-11-19-37-7 = 0.162,4-44-51-19-37-7 = 0.3,,,,,,
860,834,734.424,0,1.289,0,Prune by CG,,4-22-4 = 0.833,5-42-5 = 1.0,7-48-24-30-7 = 1.0,7-52-29-37-7 = 1.0,8-12-46-19-8 = 0.333,7-31-21-26-36-7 = 1.0,8-33-23-39-8 = 0.833,8-33-39-8 = 0.167,8-12-47-11-8 = 0.667,8-40-44-51-43-4 = 0.833,5-35-56-38-5 = 0.333,5-18-54-34-13-5 = 0.5,5-32-55-14-5 = 0.333,5-35-38-5 = 0.667,5-56-55-32-5 = 0.667,5-18-54-13-14-5 = 0.333,5-54-34-13-14-5 = 0.167,5-25-9-10-58-5 = 0.333,5-25-9-10-47-4 = 0.167,5-25-58-49-46-4 = 0.333,4-15-57-4 = 0.5,4-17-57-4 = 0.5,4-17-15-28-4 = 0.5,5-34-58-49-19-11-8 = 0.333,4-45-20-28-4 = 0.5,4-51-46-43-4 = 0.167,5-18-9-10-49-19-8 = 0.167,4-45-20-40-23-8 = 0.167,4-41-50-16-5 = 1.0,4-9-10-46-47-4 = 0.167,4-45-20-22-4 = 0.167,8-27-53-8 = 1.0,5-25-9-10-14-5 = 0.167,4-45-20-44-49-19-8 = 0.167,,,,,,,,,,,,,,,,
812,740,734.44,10.6,0.622,0.933,Prune by UB,,4-22-4 = 0.7,5-42-5 = 1.0,7-31-52-29-19-8 = 0.2,7-48-37-7 = 0.2,7-21-52-29-5 = 0.2,7-30-24-26-36-7 = 0.3,7-48-21-26-7 = 0.1,7-48-24-30-7 = 0.7,7-21-26-36-7 = 0.4,8-53-27-40-23-8 = 0.6,7-31-21-26-36-7 = 0.2,8-33-39-8 = 1.0,8-12-47-11-8 = 0.6,8-10-49-19-37-7 = 0.8,7-31-52-29-14-5 = 0.6,5-41-50-16-5 = 0.2,5-35-56-21-7 = 0.1,5-35-56-36-7 = 0.1,5-18-54-34-13-5 = 0.8,5-32-55-14-5 = 0.2,5-38-50-16-5 = 0.2,5-35-38-5 = 0.8,5-56-55-32-5 = 0.8,5-18-54-13-14-5 = 0.2,5-25-9-51-44-4 = 0.2,5-25-9-58-46-4 = 0.6,5-25-9-58-15-4 = 0.2,5-34-58-51-28-4 = 0.2,8-49-10-51-44-4 = 0.2,4-28-15-4 = 0.5,4-22-57-4 = 0.3,4-17-57-4 = 0.5,4-17-15-28-4 = 0.3,4-45-20-44-43-4 = 0.6,4-51-46-43-4 = 0.4,4-17-41-57-4 = 0.2,4-45-20-40-23-8 = 0.4,4-41-50-16-5 = 0.6,4-12-47-11-8 = 0.4,8-27-53-8 = 0.4,,,,,,,,,,
586,583,734.602,9.705,2.03,2.455,Prune by UB,,4-22-4 = 0.619,8-39-8 = 0.148,5-42-5 = 1.0,7-30-24-26-36-7 = 0.115,7-48-21-26-7 = 0.115,7-48-24-30-7 = 0.885,7-31-25-58-49-19-8 = 0.23,7-52-29-37-7 = 1.0,7-31-21-26-36-7 = 0.77,8-33-23-39-8 = 0.656,8-33-40-11-8 = 0.344,8-12-44-15-4 = 0.148,8-40-23-39-8 = 0.197,8-12-47-11-8 = 0.639,8-10-51-43-4 = 0.459,8-40-44-51-43-4 = 0.311,8-51-46-43-4 = 0.23,5-35-56-21-7 = 0.115,5-35-56-36-7 = 0.115,5-35-56-14-5 = 0.18,5-18-54-34-13-5 = 1.0,5-32-55-14-5 = 0.41,5-38-50-16-5 = 0.205,5-38-41-57-4 = 0.205,5-35-38-5 = 0.59,5-56-55-32-5 = 0.59,5-25-9-46-47-4 = 0.361,5-25-9-46-14-5 = 0.41,4-15-57-4 = 0.324,4-17-57-4 = 0.471,4-17-15-28-4 = 0.529,4-45-20-28-4 = 0.471,4-44-58-10-49-19-8 = 0.541,4-45-20-40-23-8 = 0.148,4-41-50-16-5 = 0.795,4-12-9-58-49-19-8 = 0.213,4-9-58-49-19-11-8 = 0.016,4-45-20-22-4 = 0.381,8-27-53-8 = 1.0,,,,,,,,,,,
841,816,734.597,11.333,0.028,0.788,Prune by UB,,4-22-4 = 0.542,8-39-8 = 0.208,5-42-5 = 1.0,7-31-52-29-19-8 = 0.5,7-48-24-30-7 = 1.0,7-21-26-36-7 = 0.5,7-52-29-37-7 = 0.5,7-31-21-26-36-7 = 0.5,8-33-23-39-8 = 0.625,8-33-39-8 = 0.167,8-33-40-11-8 = 0.208,8-12-44-43-4 = 0.5,8-12-44-28-4 = 0.083,8-12-9-10-49-8 = 0.25,8-40-44-51-43-4 = 0.417,8-12-9-34-13-14-5 = 0.167,8-10-49-19-37-7 = 0.5,8-51-46-43-4 = 0.083,5-35-56-14-5 = 0.083,5-35-56-38-5 = 0.333,5-18-54-34-13-5 = 0.667,5-32-55-14-5 = 0.417,5-38-50-16-5 = 0.042,5-38-41-57-4 = 0.042,5-35-38-5 = 0.583,5-25-58-51-47-4 = 0.417,5-56-55-32-5 = 0.583,5-18-54-13-14-5 = 0.167,5-25-9-46-47-8 = 0.083,5-18-54-34-14-5 = 0.167,5-25-9-58-46-4 = 0.5,5-58-51-46-47-4 = 0.083,8-49-10-46-47-8 = 0.25,4-15-57-4 = 0.25,4-22-57-4 = 0.458,4-17-57-4 = 0.25,4-17-15-28-4 = 0.75,4-45-20-40-23-8 = 0.375,4-41-50-16-5 = 0.958,4-28-47-11-8 = 0.167,4-45-20-11-8 = 0.625,8-27-53-8 = 1.0,,,,,,,,
828,825,734.495,10,0.2,2.75,Prune by UB,,4-22-4 = 0.5,5-42-5 = 1.0,7-31-52-29-19-8 = 0.5,7-48-24-30-7 = 1.0,7-21-26-36-7 = 0.5,8-53-27-8 = 0.5,8-53-27-40-23-8 = 0.5,7-52-29-37-7 = 0.5,7-31-21-26-36-7 = 0.5,8-33-39-8 = 0.75,8-40-23-39-8 = 0.25,8-12-47-11-8 = 0.5,8-10-49-19-37-7 = 0.5,5-41-50-16-5 = 0.25,5-18-54-34-13-5 = 1.0,5-35-38-5 = 1.0,5-56-55-32-5 = 1.0,5-25-9-51-44-4 = 0.25,5-25-9-46-14-5 = 0.75,5-58-51-44-43-4 = 0.75,8-49-10-58-43-4 = 0.25,4-15-57-4 = 0.5,4-17-57-4 = 0.5,4-17-15-28-4 = 0.5,4-45-20-28-4 = 0.5,4-41-50-16-5 = 0.75,4-12-47-11-8 = 0.5,8-49-10-46-14-5 = 0.25,4-45-20-22-4 = 0.5,8-33-40-23-8 = 0.25,,,,,,,,,,,,,,,,,,,,
794,792,733.981,11.667,0.675,2.167,861,862,4-22-4 = 0.583,5-42-5 = 1.0,7-31-52-29-19-8 = 0.5,7-31-52-37-7 = 0.083,7-48-24-30-7 = 1.0,7-21-26-36-7 = 0.583,8-53-27-40-23-8 = 0.167,7-52-29-37-7 = 0.417,7-31-21-26-36-7 = 0.417,8-33-23-39-8 = 0.25,8-33-39-8 = 0.5,8-33-40-11-8 = 0.25,8-40-23-39-8 = 0.25,8-12-47-11-8 = 0.167,8-12-9-58-51-4 = 0.25,8-25-9-10-58-4 = 0.083,8-10-49-19-37-7 = 0.417,5-35-56-14-5 = 0.417,5-18-54-34-13-5 = 0.833,5-32-55-14-5 = 0.417,5-38-50-16-5 = 0.208,5-38-41-57-4 = 0.208,5-35-38-5 = 0.583,5-56-55-32-5 = 0.583,5-25-9-46-47-4 = 0.25,5-25-9-51-44-4 = 0.333,8-49-10-58-46-4 = 0.417,8-49-10-58-15-4 = 0.083,4-28-15-4 = 0.292,4-22-57-4 = 0.417,4-17-57-4 = 0.375,4-17-15-28-4 = 0.625,4-45-20-44-43-4 = 0.667,4-51-46-43-4 = 0.333,5-25-54-14-5 = 0.167,4-45-20-40-23-8 = 0.333,4-41-50-16-5 = 0.792,4-12-47-11-8 = 0.583,8-27-53-8 = 0.833,5-18-25-34-13-5 = 0.167,8-9-58-51-28-4 = 0.083,8-49-58-29-19-37-7 = 0.083,,,,,,,,
862,794,736.437,0,2.456,0,Prune by CG,,4-22-4 = 1.0,5-42-5 = 0.6,7-31-52-29-19-8 = 0.6,7-48-24-30-7 = 1.0,7-21-26-36-7 = 0.6,8-53-27-8 = 0.8,8-53-27-40-23-8 = 0.2,7-52-29-37-7 = 0.4,7-31-21-26-36-7 = 0.4,8-33-23-39-8 = 0.2,8-33-39-8 = 0.6,8-33-40-11-8 = 0.2,8-40-23-39-8 = 0.2,8-12-47-11-8 = 0.4,8-12-9-58-51-4 = 0.2,8-25-9-10-58-4 = 0.2,8-10-49-19-37-7 = 0.4,5-41-50-16-5 = 0.3,5-35-56-14-5 = 0.3,5-18-54-34-13-5 = 1.0,5-32-55-14-5 = 0.7,5-38-50-16-5 = 0.35,5-38-41-57-4 = 0.35,5-35-38-5 = 0.3,5-56-55-32-5 = 0.3,8-49-10-58-46-4 = 0.4,4-15-28-4 = 0.65,4-17-57-4 = 0.65,4-17-15-28-4 = 0.35,4-45-20-44-43-4 = 0.6,4-51-46-43-4 = 0.4,4-25-9-51-44-4 = 0.4,4-45-20-40-23-8 = 0.4,4-41-50-16-5 = 0.35,4-12-47-11-8 = 0.4,4-25-9-46-47-4 = 0.2,5-35-56-42-5 = 0.4,8-25-58-49-37-7 = 0.2,,,,,,,,,,,,
861,794,734.04,12,0.059,0.333,863,864,4-22-4 = 0.688,5-42-5 = 0.906,7-31-52-29-19-8 = 0.5,7-31-52-37-7 = 0.062,7-48-24-30-7 = 1.0,7-21-26-36-7 = 0.562,8-53-27-8 = 0.812,8-53-27-40-23-8 = 0.188,7-52-29-37-7 = 0.438,7-31-21-26-36-7 = 0.438,8-33-23-39-8 = 0.25,8-33-39-8 = 0.5,8-33-40-11-8 = 0.25,8-40-23-39-8 = 0.25,8-12-47-11-8 = 0.125,8-12-9-58-51-4 = 0.25,8-10-49-19-37-7 = 0.438,5-35-56-14-5 = 0.344,5-18-54-34-13-5 = 0.781,5-32-55-14-5 = 0.438,5-38-50-16-5 = 0.219,5-38-41-57-4 = 0.219,5-35-38-5 = 0.562,5-56-55-32-5 = 0.562,5-25-9-46-47-4 = 0.25,5-25-9-51-44-4 = 0.312,8-49-10-58-46-4 = 0.375,8-49-10-58-15-4 = 0.125,4-15-28-4 = 0.344,4-22-57-4 = 0.312,4-17-57-4 = 0.469,4-17-15-28-4 = 0.531,4-45-20-44-43-4 = 0.688,4-51-46-43-4 = 0.312,5-25-54-14-5 = 0.219,4-45-20-40-23-8 = 0.312,4-41-50-16-5 = 0.781,4-12-47-11-8 = 0.625,8-9-58-10-46-4 = 0.062,5-35-56-42-5 = 0.094,5-18-25-34-13-5 = 0.219,8-9-58-51-28-4 = 0.125,8-49-58-29-19-37-7 = 0.062,,,,,,,
864,861,737.299,0,3.259,0,Prune by CG,,4-22-4 = 1.0,8-39-8 = 0.5,7-31-52-29-19-8 = 1.0,7-48-24-30-7 = 1.0,7-21-26-36-7 = 1.0,8-53-27-8 = 1.0,8-33-23-39-8 = 0.5,8-33-40-11-8 = 0.5,8-12-44-28-4 = 0.5,8-12-47-11-8 = 0.5,5-18-54-34-13-5 = 0.5,5-32-55-14-5 = 0.5,5-35-38-5 = 0.5,5-56-55-32-5 = 0.5,5-18-25-9-51-4 = 0.5,5-54-34-13-14-5 = 0.5,5-25-9-46-47-4 = 0.5,4-15-57-4 = 0.5,4-17-57-4 = 0.5,4-17-15-28-4 = 0.5,4-45-20-44-43-4 = 0.5,4-51-46-43-4 = 0.5,4-45-20-40-23-8 = 0.5,4-41-50-16-5 = 1.0,5-42-38-5 = 0.5,5-35-56-42-5 = 0.5,8-49-10-58-37-7 = 1.0,,,,,,,,,,,,,,,,,,,,,,,
863,861,734.206,11.643,0.166,-0.357,865,866,4-22-4 = 0.631,5-42-5 = 1.0,7-31-52-29-19-8 = 0.5,7-31-52-37-7 = 0.024,7-30-24-26-36-7 = 0.012,7-48-21-26-7 = 0.012,7-48-24-30-7 = 0.988,7-21-26-36-7 = 0.524,8-53-27-8 = 0.762,8-53-27-40-23-8 = 0.238,7-52-29-37-7 = 0.476,7-31-21-26-36-7 = 0.452,8-33-23-39-8 = 0.238,8-33-39-8 = 0.524,8-33-40-11-8 = 0.238,8-40-23-39-8 = 0.238,8-12-47-11-8 = 0.024,8-12-9-58-51-4 = 0.286,7-31-29-19-37-7 = 0.024,8-10-49-19-37-7 = 0.429,5-35-56-21-7 = 0.012,5-35-56-36-7 = 0.012,5-35-56-14-5 = 0.381,5-18-54-34-13-5 = 0.786,5-32-55-14-5 = 0.405,5-38-50-16-5 = 0.202,5-38-41-57-4 = 0.202,5-35-38-5 = 0.595,5-56-55-32-5 = 0.595,5-25-9-46-47-4 = 0.286,5-25-9-51-44-4 = 0.286,8-49-10-58-46-4 = 0.429,8-49-10-58-15-4 = 0.143,4-28-15-4 = 0.286,4-22-57-4 = 0.369,4-17-57-4 = 0.429,4-17-15-28-4 = 0.571,4-45-20-44-43-4 = 0.714,4-51-46-43-4 = 0.286,5-25-54-14-5 = 0.214,4-45-20-40-23-8 = 0.286,4-41-50-16-5 = 0.798,4-12-47-11-8 = 0.69,8-11-19-37-7 = 0.048,5-18-25-34-13-5 = 0.214,8-9-58-51-28-4 = 0.143,,,,
865,863,741.648,0,7.441,0,Prune by CG,,4-22-4 = 0.571,5-42-5 = 0.5,7-37-19-11-8 = 0.429,7-31-52-29-19-8 = 0.286,7-21-52-29-7 = 0.286,7-30-24-26-36-7 = 0.286,7-48-21-26-7 = 0.286,7-48-24-30-7 = 0.714,8-53-27-8 = 1.0,8-40-11-37-7 = 0.143,7-31-21-26-36-7 = 0.429,8-33-39-8 = 1.0,7-31-52-29-14-5 = 0.286,5-35-56-36-7 = 0.286,5-35-56-14-5 = 0.214,5-18-54-34-13-5 = 1.0,5-32-55-14-5 = 0.5,5-35-38-5 = 0.5,5-56-55-32-5 = 0.5,5-25-9-46-47-4 = 0.714,5-25-9-51-44-4 = 0.143,8-49-10-58-51-4 = 0.571,8-49-10-58-15-4 = 0.429,4-28-15-4 = 0.143,4-22-57-4 = 0.429,4-17-57-4 = 0.571,4-17-15-28-4 = 0.429,4-12-44-43-4 = 0.286,4-12-44-28-4 = 0.429,4-45-20-44-43-4 = 0.143,4-51-46-43-4 = 0.286,4-45-20-40-23-8 = 0.857,4-41-50-16-5 = 1.0,5-42-38-5 = 0.5,4-12-47-43-4 = 0.143,8-11-19-37-7 = 0.286,8-23-11-37-7 = 0.143,5-25-52-29-7 = 0.143,4-9-12-47-43-4 = 0.143,,,,,,,,,,,
866,863,734.213,11.409,0.007,-0.234,867,868,4-22-4 = 0.659,5-42-5 = 1.0,7-31-52-29-19-8 = 0.5,7-31-52-37-7 = 0.045,7-30-24-26-36-7 = 0.023,7-48-21-26-7 = 0.023,7-48-24-30-7 = 0.977,7-21-26-36-7 = 0.545,8-53-27-8 = 0.818,8-53-27-40-23-8 = 0.182,7-52-29-37-7 = 0.455,7-31-21-26-36-7 = 0.409,8-33-23-39-8 = 0.273,8-33-39-8 = 0.455,8-33-40-11-8 = 0.273,8-40-23-39-8 = 0.273,8-12-47-11-8 = 0.045,8-12-9-58-51-4 = 0.273,7-31-29-19-37-7 = 0.045,8-10-49-19-37-7 = 0.455,5-35-56-21-7 = 0.023,5-35-56-36-7 = 0.023,5-35-56-14-5 = 0.364,5-18-54-34-13-5 = 0.773,5-32-55-14-5 = 0.409,5-38-50-16-5 = 0.205,5-38-41-57-4 = 0.205,5-35-38-5 = 0.591,5-56-55-32-5 = 0.591,5-25-9-46-47-4 = 0.273,5-25-9-51-44-4 = 0.273,8-49-10-58-46-4 = 0.455,8-49-10-58-15-4 = 0.091,4-28-15-4 = 0.182,4-15-57-4 = 0.091,4-22-57-4 = 0.341,4-17-57-4 = 0.364,4-17-15-28-4 = 0.636,4-45-20-44-43-4 = 0.727,4-51-46-43-4 = 0.273,5-25-54-14-5 = 0.227,4-45-20-40-23-8 = 0.273,4-41-50-16-5 = 0.795,4-12-47-11-8 = 0.682,5-18-25-34-13-5 = 0.227,8-9-58-51-28-4 = 0.182,,,,
867,866,734.814,0,0.601,0,Prune by CG,,4-22-4 = 0.932,5-42-5 = 1.0,7-31-52-29-19-8 = 0.5,7-31-52-37-7 = 0.045,7-30-24-26-36-7 = 0.023,7-48-21-26-7 = 0.023,7-48-24-30-7 = 0.977,7-21-26-36-7 = 0.545,8-53-27-8 = 0.091,8-53-27-40-23-8 = 0.909,7-52-29-37-7 = 0.455,7-31-21-26-36-7 = 0.409,8-33-23-39-8 = 0.045,8-33-39-8 = 0.909,8-33-40-11-8 = 0.045,8-40-23-39-8 = 0.045,8-12-9-58-51-4 = 0.273,7-31-29-19-37-7 = 0.045,8-10-49-19-37-7 = 0.455,5-35-56-21-7 = 0.023,5-35-56-36-7 = 0.023,5-35-56-14-5 = 0.364,5-18-54-34-13-5 = 0.773,5-32-55-14-5 = 0.409,5-38-50-16-5 = 0.205,5-38-41-57-4 = 0.205,5-35-38-5 = 0.591,5-56-55-32-5 = 0.591,5-25-9-46-47-4 = 0.273,5-25-9-51-44-4 = 0.273,8-49-10-58-46-4 = 0.455,8-49-10-58-15-4 = 0.091,4-28-15-4 = 0.364,4-15-57-4 = 0.136,4-22-57-4 = 0.068,4-17-57-4 = 0.591,4-17-15-28-4 = 0.409,4-45-20-28-4 = 0.045,4-45-20-44-43-4 = 0.727,4-51-46-43-4 = 0.273,5-25-54-14-5 = 0.227,4-41-50-16-5 = 0.795,4-12-47-11-8 = 0.727,4-45-20-11-8 = 0.227,5-18-25-34-13-5 = 0.227,8-9-58-51-28-4 = 0.182,,,,
868,866,736.02,0,1.807,0,Prune by CG,,4-22-4 = 0.75,5-42-5 = 0.625,7-31-52-29-19-8 = 0.5,7-48-24-30-7 = 1.0,7-21-26-36-7 = 0.5,8-53-27-8 = 1.0,7-52-29-37-7 = 0.5,7-31-21-26-36-7 = 0.5,8-33-39-8 = 1.0,8-12-44-28-4 = 0.333,8-12-47-11-8 = 0.667,8-10-49-19-37-7 = 0.5,5-35-56-14-5 = 0.208,5-18-54-34-13-5 = 0.75,5-32-55-14-5 = 0.542,5-38-50-16-5 = 0.25,5-38-41-57-4 = 0.25,5-35-38-5 = 0.458,5-56-55-32-5 = 0.458,5-25-9-46-47-4 = 0.333,5-25-9-51-44-4 = 0.167,8-49-10-58-15-4 = 0.5,4-22-57-4 = 0.083,4-17-57-4 = 0.667,4-17-15-28-4 = 0.333,4-45-20-44-43-4 = 0.167,4-51-46-43-4 = 0.5,5-25-54-14-5 = 0.25,4-45-20-40-23-8 = 0.833,4-41-50-16-5 = 0.75,5-42-38-5 = 0.042,5-35-56-42-5 = 0.333,8-9-58-46-15-4 = 0.167,5-18-25-34-13-5 = 0.25,8-9-58-51-28-4 = 0.333,4-44-43-11-8 = 0.333,4-22-40-23-8 = 0.167,,,,,,,,,,,,,
559,558,734.268,7.25,3.89,-1.75,Prune by UB,,4-22-4 = 0.375,5-42-5 = 1.0,7-31-52-29-19-8 = 0.5,7-48-24-30-7 = 1.0,7-21-26-36-7 = 0.5,8-40-28-15-4 = 0.25,7-52-29-37-7 = 0.5,7-31-21-26-36-7 = 0.5,8-33-23-39-8 = 0.25,8-33-39-8 = 0.75,8-12-47-11-8 = 1.0,8-10-49-19-37-7 = 0.5,5-41-50-16-5 = 1.0,5-18-54-34-13-5 = 1.0,5-35-38-5 = 1.0,5-56-55-32-5 = 1.0,5-25-9-51-44-4 = 0.25,5-25-9-58-46-4 = 0.5,8-49-10-58-46-4 = 0.5,4-15-57-4 = 0.125,4-22-57-4 = 0.5,4-17-57-4 = 0.375,4-17-15-28-4 = 0.625,4-45-20-28-4 = 0.125,4-45-20-40-23-8 = 0.75,4-45-20-22-4 = 0.125,8-27-53-8 = 1.0,4-44-51-43-14-5 = 0.75,5-25-9-43-14-5 = 0.25,,,,,,,,,,,,,,,,,,,,,
730,728,734.175,10.103,2.309,2.032,869,870,4-22-4 = 0.828,5-42-5 = 0.828,7-31-52-29-19-8 = 0.379,7-31-52-37-7 = 0.345,7-48-24-30-7 = 1.0,7-21-26-36-7 = 0.724,8-53-27-8 = 0.759,8-53-27-40-23-8 = 0.241,7-52-29-37-7 = 0.276,7-31-21-26-36-7 = 0.276,8-33-23-39-8 = 0.241,8-33-39-8 = 0.759,8-12-44-28-4 = 0.241,8-12-47-11-8 = 0.759,5-35-56-14-5 = 0.034,5-18-54-34-13-5 = 0.724,5-32-55-14-5 = 0.207,5-38-50-16-5 = 0.103,5-38-41-57-4 = 0.103,5-35-38-5 = 0.793,5-56-55-32-5 = 0.793,5-18-54-13-14-5 = 0.276,5-25-9-10-47-4 = 0.138,5-25-9-10-47-8 = 0.103,5-25-9-51-44-4 = 0.276,5-34-58-10-46-4 = 0.276,8-49-58-46-15-4 = 0.172,8-49-58-51-28-4 = 0.207,4-15-57-4 = 0.276,4-22-57-4 = 0.172,4-17-57-4 = 0.448,4-17-15-28-4 = 0.552,8-49-46-19-37-7 = 0.034,4-45-20-44-43-4 = 0.483,4-51-46-43-4 = 0.517,8-40-49-19-11-8 = 0.241,4-45-20-40-23-8 = 0.517,4-41-50-16-5 = 0.897,5-35-56-42-5 = 0.172,5-25-9-10-14-5 = 0.483,8-49-58-29-19-37-7 = 0.345,,,,,,,,,
869,730,736.533,0,2.357,0,Prune by CG,,4-22-4 = 0.75,5-42-5 = 1.0,7-31-52-29-19-8 = 0.083,7-48-24-30-7 = 1.0,7-21-26-36-7 = 0.083,8-53-27-8 = 1.0,7-52-29-37-7 = 0.917,7-31-21-26-36-7 = 0.917,8-33-23-39-8 = 0.688,8-33-39-8 = 0.312,8-12-44-28-4 = 0.354,8-12-47-11-8 = 0.312,8-12-9-58-51-4 = 0.188,5-35-56-38-5 = 0.042,5-18-54-34-13-5 = 0.521,5-32-55-14-5 = 0.042,5-35-38-5 = 0.958,5-25-58-51-47-4 = 0.333,5-56-55-32-5 = 0.958,5-18-54-13-14-5 = 0.479,5-25-9-46-47-8 = 0.146,5-25-9-10-47-8 = 0.042,5-34-58-10-46-4 = 0.479,4-15-57-4 = 0.375,4-22-57-4 = 0.25,4-17-57-4 = 0.375,4-17-15-28-4 = 0.625,4-20-51-43-4 = 0.146,4-45-20-28-4 = 0.021,4-45-20-44-43-4 = 0.562,4-51-46-43-4 = 0.208,8-40-49-19-11-8 = 0.688,4-45-20-40-23-8 = 0.271,4-41-50-16-5 = 1.0,4-44-43-19-37-7 = 0.083,5-25-9-10-14-5 = 0.479,8-49-51-46-47-8 = 0.125,8-45-12-9-49-19-8 = 0.146,8-40-49-46-47-23-8 = 0.042,,,,,,,,,,,
870,730,734.313,0,0.137,0,Prune by CG,,4-22-4 = 0.977,5-42-5 = 0.818,7-31-52-29-19-8 = 0.5,7-31-52-37-7 = 0.5,7-48-24-30-7 = 1.0,7-21-26-36-7 = 1.0,8-53-27-8 = 0.5,8-53-27-40-23-8 = 0.227,8-33-23-39-8 = 0.273,8-33-39-8 = 0.455,8-33-40-11-8 = 0.273,8-53-39-8 = 0.273,8-12-44-28-4 = 0.273,8-12-47-11-8 = 0.727,5-35-56-14-5 = 0.045,5-18-54-34-13-5 = 0.75,5-32-55-14-5 = 0.227,5-38-50-16-5 = 0.114,5-38-41-57-4 = 0.114,5-35-38-5 = 0.773,5-56-55-32-5 = 0.773,5-18-54-13-14-5 = 0.25,5-25-9-10-47-8 = 0.273,5-25-9-51-44-4 = 0.227,5-25-9-58-46-4 = 0.023,5-34-58-10-46-4 = 0.25,8-49-58-46-15-4 = 0.227,8-49-58-51-28-4 = 0.273,4-15-57-4 = 0.318,4-22-57-4 = 0.023,4-17-57-4 = 0.545,4-17-15-28-4 = 0.455,4-45-20-44-43-4 = 0.5,4-51-46-43-4 = 0.5,4-45-20-40-23-8 = 0.5,4-41-50-16-5 = 0.886,5-35-56-42-5 = 0.182,8-27-49-29-19-37-7 = 0.273,5-25-9-10-14-5 = 0.477,8-49-58-29-19-37-7 = 0.227,,,,,,,,,,
853,851,734.075,10.75,0.635,2.875,871,872,4-22-4 = 1.0,5-42-5 = 0.5,7-31-52-29-19-8 = 0.375,7-48-24-30-7 = 1.0,7-21-26-36-7 = 1.0,8-33-23-39-8 = 0.5,8-33-39-8 = 0.5,8-12-44-28-4 = 0.5,8-12-47-11-8 = 0.5,8-10-51-43-4 = 0.375,8-40-44-51-43-4 = 0.5,7-31-52-29-14-5 = 0.625,5-18-54-34-13-5 = 0.875,5-32-55-14-5 = 0.375,5-38-50-16-5 = 0.125,5-38-41-57-4 = 0.125,5-35-38-5 = 0.625,5-54-58-49-37-7 = 0.125,5-56-55-32-5 = 0.625,5-25-9-46-47-4 = 0.25,5-25-9-46-47-8 = 0.25,5-18-58-49-19-37-7 = 0.125,5-25-9-58-46-4 = 0.25,5-34-13-51-15-4 = 0.125,4-15-57-4 = 0.375,4-17-57-4 = 0.5,4-17-15-28-4 = 0.5,5-25-58-49-37-7 = 0.25,4-45-20-40-23-8 = 0.5,4-41-50-16-5 = 0.875,4-45-20-11-8 = 0.5,5-42-38-5 = 0.125,4-10-49-19-37-7 = 0.5,8-9-58-10-46-4 = 0.125,5-35-56-42-5 = 0.375,8-27-53-8 = 1.0,8-9-58-46-43-4 = 0.125,,,,,,,,,,,,,
871,853,736.11,0,2.035,0,Prune by CG,,4-22-4 = 0.625,5-42-5 = 0.75,7-31-52-29-19-8 = 0.25,7-21-52-29-7 = 0.25,7-30-24-26-36-7 = 0.125,7-48-24-30-7 = 0.875,7-21-26-36-7 = 0.75,7-48-26-36-7 = 0.125,7-31-9-58-46-47-4 = 0.25,8-33-23-39-8 = 0.25,8-33-39-8 = 0.75,8-12-44-28-4 = 0.25,8-12-47-11-8 = 0.75,8-10-51-43-4 = 0.5,8-40-44-51-43-4 = 0.25,7-31-52-29-14-5 = 0.5,5-18-54-34-13-5 = 0.75,5-32-55-14-5 = 0.25,5-38-50-16-5 = 0.125,5-38-41-57-4 = 0.125,5-35-38-5 = 0.75,5-56-55-32-5 = 0.75,5-18-54-13-14-5 = 0.25,5-25-9-58-46-4 = 0.5,5-34-51-44-15-4 = 0.25,4-28-15-4 = 0.25,4-22-57-4 = 0.375,4-17-57-4 = 0.5,4-17-15-28-4 = 0.5,5-25-49-19-37-7 = 0.5,4-45-20-40-23-8 = 0.75,4-41-50-16-5 = 0.875,4-45-20-11-8 = 0.25,4-10-49-19-37-7 = 0.25,5-35-56-42-5 = 0.25,8-27-53-8 = 1.0,8-9-58-46-43-4 = 0.25,4-44-10-49-37-7 = 0.25,,,,,,,,,,,,
872,853,735.4,0,1.325,0,Prune by CG,,4-22-4 = 0.667,5-42-5 = 1.0,7-31-52-29-19-8 = 1.0,7-48-24-30-7 = 1.0,7-21-26-36-7 = 1.0,8-33-23-39-8 = 0.667,8-33-39-8 = 0.333,8-12-44-28-4 = 0.333,8-12-47-11-8 = 0.333,8-12-9-46-4 = 0.333,8-10-51-43-4 = 0.333,8-40-44-51-43-4 = 0.667,5-35-56-38-5 = 1.0,5-18-54-34-13-5 = 1.0,5-32-55-14-5 = 1.0,4-15-57-4 = 0.333,4-22-57-4 = 0.333,4-17-57-4 = 0.333,4-17-15-28-4 = 0.667,5-25-58-49-37-7 = 1.0,8-9-10-46-47-4 = 0.333,4-45-20-40-23-8 = 0.333,4-41-50-16-5 = 1.0,4-45-20-11-8 = 0.667,8-27-53-8 = 1.0,8-9-10-46-47-8 = 0.333,,,,,,,,,,,,,,,,,,,,,,,,
683,565,734.317,8.792,2.42,-0.199,Prune by UB,,4-22-4 = 1.0,5-42-5 = 0.736,7-31-52-29-19-8 = 0.094,7-21-52-29-7 = 0.208,7-30-24-26-36-7 = 0.132,7-48-24-30-7 = 0.868,7-21-58-51-44-4 = 0.057,7-21-26-36-7 = 0.528,7-48-26-36-7 = 0.132,7-31-21-26-36-7 = 0.208,8-33-23-39-8 = 0.698,8-33-39-8 = 0.302,8-12-47-11-8 = 0.642,8-40-44-51-43-4 = 0.698,7-31-52-29-14-5 = 0.698,5-41-50-16-5 = 0.396,5-18-54-34-13-5 = 0.962,5-32-55-14-5 = 0.264,5-38-50-16-5 = 0.132,5-38-41-57-4 = 0.132,8-12-9-58-37-7 = 0.094,5-35-38-5 = 0.736,5-25-51-43-4 = 0.151,5-25-58-10-49-8 = 0.849,5-56-55-32-5 = 0.736,5-18-54-13-14-5 = 0.038,5-34-51-44-15-4 = 0.038,4-15-57-4 = 0.415,4-17-57-4 = 0.453,4-17-15-28-4 = 0.547,7-49-10-51-44-4 = 0.057,4-45-20-28-4 = 0.453,4-45-20-44-43-4 = 0.151,8-9-46-19-37-7 = 0.906,4-45-20-40-23-8 = 0.302,4-41-50-16-5 = 0.472,4-12-47-11-8 = 0.264,4-45-20-11-8 = 0.094,5-35-56-42-5 = 0.264,8-27-53-8 = 1.0,7-49-10-46-47-8 = 0.094,,,,,,,,,
742,557,732.831,10.467,1.519,0.967,873,874,4-22-4 = 1.0,5-42-5 = 0.633,7-31-52-29-19-8 = 0.5,7-48-24-30-7 = 1.0,7-21-26-36-7 = 0.5,8-53-27-8 = 1.0,7-52-29-37-7 = 0.5,7-31-21-26-36-7 = 0.5,8-33-23-39-8 = 0.333,8-33-39-8 = 0.667,8-12-44-28-4 = 0.083,8-12-47-11-8 = 0.917,8-10-49-19-37-7 = 0.333,8-40-49-46-43-4 = 0.333,5-35-56-14-5 = 0.267,5-18-54-34-13-5 = 0.767,5-32-55-14-5 = 0.633,5-38-50-16-5 = 0.317,5-38-41-57-4 = 0.317,5-35-38-5 = 0.367,5-56-55-32-5 = 0.367,5-18-54-58-13-5 = 0.133,5-18-54-13-14-5 = 0.1,5-25-9-10-58-5 = 0.667,5-25-9-51-44-4 = 0.333,5-34-51-44-15-4 = 0.033,5-34-58-46-43-5 = 0.2,8-49-51-44-15-4 = 0.25,4-15-57-4 = 0.05,4-17-57-4 = 0.633,4-17-15-28-4 = 0.367,8-49-46-19-37-7 = 0.083,4-45-20-28-4 = 0.25,4-51-46-43-4 = 0.383,4-45-20-40-23-8 = 0.667,4-41-50-16-5 = 0.683,5-35-56-42-5 = 0.367,8-11-19-37-7 = 0.083,4-44-28-15-4 = 0.3,4-45-20-47-43-4 = 0.083,,,,,,,,,,
873,742,733.509,9.67,0.678,-0.797,875,876,4-22-4 = 1.0,5-42-5 = 0.678,7-31-52-29-19-8 = 0.402,7-31-52-37-7 = 0.319,7-30-24-26-36-7 = 0.098,7-48-21-26-7 = 0.098,7-48-24-30-7 = 0.902,7-21-26-36-7 = 0.721,8-53-27-8 = 0.877,7-52-29-37-7 = 0.279,7-31-29-19-11-8 = 0.196,7-31-21-26-36-7 = 0.083,8-33-23-39-8 = 0.154,8-33-39-8 = 0.724,8-33-40-11-8 = 0.123,8-53-39-8 = 0.123,8-12-44-28-4 = 0.519,8-12-47-11-8 = 0.481,8-10-49-19-37-7 = 0.045,5-35-56-21-7 = 0.098,5-35-56-36-7 = 0.098,5-35-56-14-5 = 0.241,5-18-54-34-13-5 = 0.978,5-32-55-14-5 = 0.759,5-38-50-16-5 = 0.38,5-38-41-57-4 = 0.38,5-35-38-5 = 0.241,5-56-55-32-5 = 0.241,5-18-54-58-13-5 = 0.022,5-25-9-46-47-8 = 0.045,5-25-9-10-58-5 = 0.955,5-34-58-46-43-5 = 0.022,8-49-46-47-43-4 = 0.288,8-49-51-44-15-4 = 0.45,4-15-57-4 = 0.085,4-17-57-4 = 0.535,4-17-15-28-4 = 0.465,8-49-46-19-37-7 = 0.095,4-51-46-43-4 = 0.55,4-45-20-40-23-8 = 0.846,4-41-50-16-5 = 0.62,4-28-47-11-8 = 0.016,4-45-20-11-8 = 0.154,5-35-56-42-5 = 0.322,8-27-49-29-19-37-7 = 0.123,8-47-43-19-37-7 = 0.14,8-40-44-47-11-8 = 0.031,,,
875,873,734.88,0,1.371,0,Prune by CG,,4-22-4 = 1.0,5-42-5 = 0.589,7-31-52-29-19-7 = 0.4,7-31-52-37-7 = 0.2,7-30-24-26-36-7 = 0.1,7-48-24-30-7 = 0.9,7-21-52-9-58-5 = 0.2,7-21-26-36-7 = 0.8,7-48-26-36-7 = 0.1,8-53-27-8 = 1.0,7-52-29-37-7 = 0.2,8-33-23-39-8 = 0.328,8-33-39-8 = 0.672,8-12-44-28-4 = 0.427,8-12-47-11-8 = 0.39,7-31-29-19-37-7 = 0.4,8-10-49-19-37-7 = 0.2,8-40-49-46-43-4 = 0.237,5-35-56-14-5 = 0.295,5-18-54-34-13-5 = 0.859,5-32-55-14-5 = 0.705,5-38-50-16-5 = 0.353,5-38-41-57-4 = 0.353,5-35-38-5 = 0.295,5-25-51-43-4 = 0.224,5-56-55-32-5 = 0.295,5-18-54-58-13-5 = 0.13,5-25-9-46-47-8 = 0.235,5-25-9-10-58-5 = 0.541,5-34-13-46-43-4 = 0.012,5-34-58-46-43-5 = 0.13,8-49-10-51-44-4 = 0.259,8-49-46-47-43-4 = 0.08,8-49-51-44-15-4 = 0.223,4-15-57-4 = 0.212,4-17-57-4 = 0.435,4-17-15-28-4 = 0.565,5-54-9-47-43-4 = 0.012,5-18-9-46-43-4 = 0.012,4-51-46-43-4 = 0.294,4-45-20-40-23-8 = 0.672,4-41-50-16-5 = 0.647,4-12-47-11-8 = 0.183,4-28-47-11-8 = 0.008,4-45-20-11-8 = 0.328,5-35-56-42-5 = 0.411,8-40-44-47-11-8 = 0.091,,,
876,873,734.936,0,1.427,0,Prune by CG,,4-22-4 = 1.0,5-42-5 = 0.82,7-31-52-29-19-8 = 0.23,7-31-52-37-7 = 0.023,7-48-37-7 = 0.23,7-30-24-26-36-7 = 0.242,7-48-21-26-7 = 0.012,7-48-24-30-7 = 0.758,7-21-26-36-7 = 0.023,8-53-27-8 = 1.0,7-52-29-37-7 = 0.747,7-31-29-19-11-8 = 0.023,7-31-21-26-36-7 = 0.723,8-33-23-39-8 = 0.407,8-33-39-8 = 0.593,8-12-44-28-4 = 0.431,8-12-47-11-8 = 0.569,8-45-20-44-51-4 = 0.006,8-44-58-10-49-19-5 = 0.156,5-35-56-21-7 = 0.242,5-35-56-36-7 = 0.012,5-35-56-14-5 = 0.283,5-18-54-34-13-5 = 0.985,5-32-55-14-5 = 0.717,5-38-50-16-5 = 0.358,5-38-41-57-4 = 0.358,5-35-38-5 = 0.283,5-56-55-32-5 = 0.283,5-18-54-58-13-5 = 0.015,5-25-9-46-47-4 = 0.186,5-25-9-10-58-5 = 0.814,5-34-58-46-43-5 = 0.015,8-49-10-46-47-4 = 0.03,8-49-51-44-15-4 = 0.224,4-15-57-4 = 0.209,4-17-57-4 = 0.433,4-17-15-28-4 = 0.567,4-45-20-28-4 = 0.002,4-51-46-43-4 = 0.77,8-40-49-19-11-8 = 0.407,4-45-20-40-23-8 = 0.593,4-41-50-16-5 = 0.642,5-35-56-42-5 = 0.18,4-45-20-47-43-4 = 0.215,8-45-20-44-49-19-8 = 0.183,,,,,
874,742,732.879,11.05,0.048,0.583,877,878,4-22-4 = 1.0,5-42-5 = 0.65,7-31-52-29-19-8 = 0.5,7-48-24-30-7 = 1.0,7-21-26-36-7 = 0.5,8-53-27-8 = 1.0,7-52-29-37-7 = 0.5,7-31-21-26-36-7 = 0.5,8-33-23-39-8 = 0.5,8-33-39-8 = 0.5,8-12-47-11-8 = 1.0,8-10-49-19-37-7 = 0.375,8-40-49-46-43-4 = 0.5,5-35-56-14-5 = 0.05,5-18-54-34-13-5 = 0.425,5-32-55-14-5 = 0.4,5-38-50-16-5 = 0.2,5-38-41-57-4 = 0.2,5-35-38-5 = 0.6,5-56-55-32-5 = 0.6,5-18-54-58-13-5 = 0.025,5-18-54-13-14-5 = 0.55,5-25-9-10-58-5 = 0.625,5-25-9-51-44-4 = 0.375,5-34-51-44-15-4 = 0.35,5-34-58-46-43-5 = 0.225,4-15-57-4 = 0.15,4-17-57-4 = 0.65,4-17-15-28-4 = 0.35,4-45-20-28-4 = 0.5,4-51-46-43-4 = 0.15,4-45-20-40-23-8 = 0.5,4-41-50-16-5 = 0.8,5-35-56-42-5 = 0.35,4-44-51-19-37-7 = 0.125,4-44-28-15-4 = 0.15,8-49-58-46-43-5 = 0.125,,,,,,,,,,,,,
878,874,735.092,0,2.213,0,Prune by CG,,4-22-4 = 1.0,8-39-8 = 0.17,5-42-5 = 0.528,7-31-52-29-19-8 = 0.5,7-48-24-30-7 = 1.0,7-21-26-36-7 = 0.5,8-53-27-8 = 1.0,8-40-28-15-4 = 0.038,7-52-29-37-7 = 0.5,7-31-21-26-36-7 = 0.5,8-33-23-39-8 = 0.208,8-33-39-8 = 0.623,8-33-40-11-8 = 0.17,8-12-47-11-8 = 0.83,8-12-9-10-49-8 = 0.009,8-10-49-19-37-7 = 0.5,8-45-20-40-23-8 = 0.264,5-41-50-16-5 = 0.16,5-18-54-34-13-5 = 0.472,5-32-55-14-5 = 0.472,5-38-50-16-5 = 0.236,5-38-41-57-4 = 0.236,5-35-38-5 = 0.528,5-25-51-43-5 = 0.009,5-56-55-32-5 = 0.528,5-18-54-13-14-5 = 0.528,5-25-9-10-58-5 = 0.16,5-25-9-51-44-4 = 0.83,5-34-51-44-15-4 = 0.009,5-34-58-46-43-5 = 0.519,8-49-10-46-47-4 = 0.17,4-15-57-4 = 0.358,4-17-57-4 = 0.406,4-17-15-28-4 = 0.594,4-12-44-28-4 = 0.16,4-45-20-28-4 = 0.208,4-45-20-40-23-8 = 0.528,4-41-50-16-5 = 0.604,5-35-56-42-5 = 0.472,4-51-46-43-5 = 0.151,8-49-58-46-43-5 = 0.16,8-49-10-58-43-5 = 0.16,,,,,,,,
877,874,733.069,10.385,0.19,-0.665,879,880,4-22-4 = 1.0,5-42-5 = 0.692,7-31-52-29-19-8 = 0.462,7-48-24-30-7 = 1.0,7-21-26-36-7 = 0.462,8-53-27-8 = 1.0,7-52-29-37-7 = 0.538,7-31-21-26-36-7 = 0.538,8-33-23-39-8 = 0.538,8-33-39-8 = 0.462,8-12-47-11-8 = 0.923,8-12-9-58-49-19-5 = 0.077,8-10-49-19-37-7 = 0.231,8-40-49-46-43-4 = 0.538,5-35-56-14-5 = 0.154,5-35-56-38-5 = 0.154,5-18-54-34-13-5 = 0.615,5-32-55-14-5 = 0.615,5-38-50-16-5 = 0.231,5-38-41-57-4 = 0.231,5-35-38-5 = 0.385,5-25-51-43-4 = 0.077,5-56-55-32-5 = 0.385,5-18-54-58-13-5 = 0.154,5-18-54-13-14-5 = 0.231,5-25-9-10-58-5 = 0.769,5-25-9-51-44-4 = 0.154,5-34-51-44-15-4 = 0.385,4-17-57-4 = 0.769,4-17-15-28-4 = 0.231,8-49-46-19-37-7 = 0.154,4-45-20-28-4 = 0.385,4-51-46-43-4 = 0.308,4-45-20-40-23-8 = 0.462,4-41-50-16-5 = 0.769,4-45-20-11-8 = 0.077,5-35-56-42-5 = 0.308,4-44-51-19-37-7 = 0.077,4-44-28-15-4 = 0.385,4-45-20-47-43-4 = 0.077,,,,,,,,,,
879,877,739.405,0,6.336,0,Prune by CG,,4-22-4 = 1.0,5-42-5 = 0.705,7-48-24-30-7 = 1.0,7-52-29-43-4 = 0.328,7-21-26-36-7 = 0.311,8-53-27-8 = 1.0,7-52-29-37-7 = 0.361,7-31-21-26-36-7 = 0.689,8-33-23-39-8 = 0.516,8-33-39-8 = 0.484,8-12-47-11-8 = 0.844,7-31-52-29-14-5 = 0.311,5-41-50-16-5 = 0.754,8-40-49-46-43-4 = 0.516,5-35-56-14-5 = 0.197,5-18-54-34-13-5 = 0.967,5-32-55-14-5 = 0.492,5-38-50-16-5 = 0.246,5-38-41-57-4 = 0.246,5-35-38-5 = 0.508,5-56-55-32-5 = 0.508,5-18-54-58-13-5 = 0.016,5-18-25-9-43-4 = 0.016,5-25-9-10-58-5 = 0.984,5-34-13-46-43-4 = 0.016,8-49-10-46-47-4 = 0.016,8-49-46-47-43-4 = 0.107,4-15-57-4 = 0.205,4-17-57-4 = 0.549,4-17-15-28-4 = 0.451,4-12-44-15-4 = 0.139,4-45-20-28-4 = 0.361,8-12-49-47-43-4 = 0.016,5-54-44-15-4 = 0.016,5-34-51-44-47-19-8 = 0.016,4-45-20-40-23-8 = 0.484,4-45-20-11-8 = 0.156,5-35-56-42-5 = 0.295,4-44-51-19-37-7 = 0.639,4-44-28-15-4 = 0.189,8-49-51-46-19-8 = 0.344,,,,,,,,,
880,877,733.084,10.268,0.015,-0.116,881,882,4-22-4 = 0.976,5-42-5 = 0.707,7-31-52-29-19-8 = 0.463,7-48-24-30-7 = 1.0,7-21-26-36-7 = 0.463,8-53-27-8 = 1.0,7-52-29-37-7 = 0.537,7-31-21-26-36-7 = 0.537,8-33-23-39-8 = 0.488,8-33-39-8 = 0.512,8-12-47-11-8 = 0.927,8-12-9-58-49-19-5 = 0.073,8-10-49-19-37-7 = 0.293,8-40-49-46-43-4 = 0.488,5-35-56-14-5 = 0.146,5-35-56-38-5 = 0.293,5-18-54-34-13-5 = 0.659,5-32-55-14-5 = 0.732,5-38-50-16-5 = 0.22,5-38-41-57-4 = 0.22,5-35-38-5 = 0.268,5-25-51-43-4 = 0.073,5-56-55-32-5 = 0.268,5-18-54-58-13-5 = 0.22,5-18-54-13-14-5 = 0.122,5-25-9-10-58-5 = 0.707,5-25-9-51-44-4 = 0.22,5-34-51-44-15-4 = 0.341,4-17-57-4 = 0.78,4-17-15-28-4 = 0.22,8-49-46-19-37-7 = 0.146,4-45-20-28-4 = 0.341,4-51-46-43-4 = 0.366,4-45-20-40-23-8 = 0.512,4-41-50-16-5 = 0.78,4-45-20-11-8 = 0.049,4-45-20-22-4 = 0.024,5-35-56-42-5 = 0.293,8-11-19-37-7 = 0.024,4-44-28-15-4 = 0.439,4-45-20-47-43-4 = 0.073,,,,,,,,,
881,880,735.899,0,2.815,0,Prune by CG,,4-22-4 = 1.0,5-42-5 = 0.542,7-48-24-30-7 = 1.0,7-31-52-54-5 = 0.121,7-21-26-36-7 = 0.542,8-53-27-8 = 1.0,7-52-29-37-7 = 0.458,7-31-21-26-36-7 = 0.458,8-33-23-39-8 = 0.222,8-33-39-8 = 0.778,8-12-47-11-8 = 0.657,8-12-9-58-49-19-5 = 0.114,8-10-49-19-37-7 = 0.508,7-31-52-29-14-5 = 0.421,8-45-20-40-23-8 = 0.121,5-18-54-34-13-5 = 0.364,5-32-55-14-5 = 0.458,5-38-50-16-5 = 0.229,5-38-41-57-4 = 0.229,5-35-38-5 = 0.542,5-25-51-43-4 = 0.236,5-56-55-32-5 = 0.542,5-18-54-58-13-5 = 0.394,5-18-54-13-14-5 = 0.054,5-25-9-46-47-4 = 0.273,5-25-9-10-58-5 = 0.492,5-18-54-34-14-5 = 0.067,5-34-51-44-15-4 = 0.38,5-34-13-46-43-4 = 0.189,4-17-57-4 = 0.771,4-17-15-28-4 = 0.229,5-18-9-46-43-4 = 0.121,4-12-44-28-4 = 0.229,8-49-46-19-37-7 = 0.034,4-45-20-28-4 = 0.152,4-51-46-43-4 = 0.384,8-40-49-19-11-8 = 0.222,4-45-20-40-23-8 = 0.657,4-41-50-16-5 = 0.771,8-49-29-19-11-8 = 0.121,5-35-56-42-5 = 0.458,4-44-28-15-4 = 0.391,4-45-20-47-43-4 = 0.071,,,,,,,
882,880,735.02,0,1.935,0,Prune by CG,,4-22-4 = 0.756,5-42-5 = 0.914,7-31-52-29-19-8 = 0.543,7-31-52-37-7 = 0.228,7-30-24-26-36-7 = 0.114,7-48-21-26-7 = 0.114,7-48-24-30-7 = 0.886,7-21-26-36-7 = 0.772,8-53-27-8 = 0.951,7-52-29-37-7 = 0.228,8-33-23-39-8 = 0.66,8-33-39-8 = 0.29,8-33-40-11-8 = 0.049,8-53-39-8 = 0.049,8-12-47-11-8 = 0.833,7-31-29-19-37-7 = 0.228,8-40-49-46-43-4 = 0.611,5-35-56-21-7 = 0.114,5-35-56-36-7 = 0.114,5-35-56-38-5 = 0.179,5-18-54-34-13-5 = 0.494,5-32-55-14-5 = 0.494,5-38-50-16-5 = 0.157,5-38-41-57-4 = 0.157,5-35-38-5 = 0.506,5-25-51-43-4 = 0.086,5-56-55-32-5 = 0.506,5-18-54-13-14-5 = 0.457,5-25-9-10-58-5 = 0.698,5-18-54-34-14-5 = 0.049,5-25-9-51-44-4 = 0.154,5-34-51-44-15-4 = 0.457,4-22-57-4 = 0.244,4-17-57-4 = 0.599,4-17-15-28-4 = 0.401,4-20-51-43-4 = 0.167,4-12-44-28-4 = 0.08,5-25-9-19-37-7 = 0.062,4-45-20-28-4 = 0.377,4-51-46-43-4 = 0.136,4-45-20-40-23-8 = 0.34,4-41-50-16-5 = 0.843,4-45-20-11-8 = 0.117,5-35-56-42-5 = 0.086,4-44-28-15-4 = 0.142,8-12-9-49-37-7 = 0.086,4-45-44-47-19-37-7 = 0.167,8-49-10-58-46-5 = 0.253,8-27-49-10-58-13-5 = 0.049,
758,568,733.857,10.448,0.957,1.782,883,884,4-22-4 = 0.866,5-42-5 = 0.828,7-31-52-29-19-7 = 0.349,7-31-52-37-7 = 0.069,7-30-24-26-36-7 = 0.091,7-48-24-30-7 = 0.909,7-21-54-34-14-5 = 0.181,7-21-26-36-7 = 0.306,7-48-26-36-7 = 0.091,8-53-27-8 = 1.0,7-52-29-37-7 = 0.582,7-31-21-26-36-7 = 0.513,8-33-23-39-8 = 0.625,8-33-39-8 = 0.375,8-12-47-11-8 = 0.72,8-40-44-51-43-4 = 0.625,7-31-29-19-37-7 = 0.069,5-18-54-34-13-5 = 0.491,5-32-55-14-5 = 0.172,5-38-50-16-5 = 0.086,5-38-41-57-4 = 0.086,5-35-38-5 = 0.828,5-25-58-10-49-8 = 0.53,5-56-55-32-5 = 0.828,5-18-54-13-14-5 = 0.328,5-25-9-46-47-4 = 0.181,5-25-9-51-44-4 = 0.151,5-25-9-46-14-5 = 0.138,5-34-58-10-46-4 = 0.069,5-34-58-10-49-19-4 = 0.078,4-15-57-4 = 0.422,4-17-57-4 = 0.491,4-17-15-28-4 = 0.509,5-18-9-46-43-4 = 0.181,7-49-10-46-47-4 = 0.099,4-45-20-28-4 = 0.491,4-12-9-58-51-4 = 0.03,4-51-46-43-4 = 0.194,4-45-20-40-23-8 = 0.375,4-41-50-16-5 = 0.914,4-45-20-22-4 = 0.134,5-35-56-42-5 = 0.172,4-44-58-10-49-19-4 = 0.224,8-11-19-37-7 = 0.28,4-9-58-46-15-4 = 0.069,4-12-9-34-13-14-5 = 0.181,4-12-9-49-46-4 = 0.069,,,
884,758,734.895,0,1.037,0,Prune by CG,,4-22-4 = 0.821,5-42-5 = 0.714,7-31-52-29-19-7 = 0.5,7-31-52-37-7 = 0.143,7-48-24-30-7 = 1.0,7-21-26-36-7 = 1.0,7-31-9-46-43-4 = 0.214,8-53-27-8 = 1.0,7-52-29-37-7 = 0.357,8-33-23-39-8 = 0.643,8-33-39-8 = 0.357,8-12-44-28-4 = 0.143,8-12-47-11-8 = 0.643,8-40-44-51-43-4 = 0.643,7-31-29-19-37-7 = 0.143,5-35-56-38-5 = 0.214,5-18-54-34-13-5 = 0.643,5-32-55-14-5 = 0.5,5-38-50-16-5 = 0.143,5-38-41-57-4 = 0.143,5-35-38-5 = 0.5,5-25-58-10-49-8 = 0.786,5-56-55-32-5 = 0.5,5-18-54-13-14-5 = 0.214,5-18-54-34-14-5 = 0.143,5-34-58-10-46-4 = 0.071,4-15-57-4 = 0.25,4-17-57-4 = 0.607,4-17-15-28-4 = 0.393,7-49-10-46-47-4 = 0.143,4-45-20-28-4 = 0.464,4-51-46-43-4 = 0.143,4-45-20-40-23-8 = 0.357,4-41-50-16-5 = 0.857,4-25-9-46-47-4 = 0.214,4-45-20-22-4 = 0.179,5-35-56-42-5 = 0.286,8-11-19-37-7 = 0.357,4-9-58-46-15-4 = 0.143,4-12-9-34-13-14-5 = 0.143,4-9-51-44-15-4 = 0.214,4-12-9-49-46-4 = 0.071,,,,,,,,
883,758,734.115,9.167,0.258,-1.282,885,886,4-22-4 = 0.521,5-42-5 = 1.0,7-31-52-29-19-7 = 0.208,7-31-52-37-7 = 0.125,7-48-24-30-7 = 1.0,7-21-26-36-7 = 0.458,8-53-27-8 = 1.0,7-52-29-37-7 = 0.667,7-31-21-26-36-7 = 0.542,8-33-23-39-8 = 0.583,8-33-39-8 = 0.417,8-12-44-28-4 = 0.083,8-12-47-11-8 = 0.917,8-40-44-51-43-4 = 0.583,7-31-29-19-37-7 = 0.125,5-18-54-34-13-5 = 0.417,5-35-38-5 = 1.0,5-25-58-10-49-8 = 0.333,5-56-55-32-5 = 1.0,5-18-54-13-14-5 = 0.417,5-25-9-51-44-4 = 0.167,5-25-9-46-14-5 = 0.417,5-25-9-58-46-4 = 0.083,5-34-58-10-49-19-4 = 0.25,4-15-57-4 = 0.396,4-22-57-4 = 0.208,4-17-57-4 = 0.396,4-17-15-28-4 = 0.604,5-18-9-46-43-4 = 0.167,7-49-10-46-47-4 = 0.083,4-45-20-28-4 = 0.312,4-51-46-43-4 = 0.25,4-45-20-40-23-8 = 0.417,4-41-50-16-5 = 1.0,4-45-20-22-4 = 0.271,5-34-58-10-49-19-5 = 0.167,4-44-58-10-49-19-4 = 0.167,8-11-19-37-7 = 0.083,5-54-9-34-13-14-5 = 0.167,,,,,,,,,,,
885,883,735.764,0,1.649,0,Prune by CG,,4-22-4 = 0.333,8-39-8 = 0.333,5-42-5 = 1.0,7-48-24-30-7 = 1.0,8-53-27-8 = 1.0,8-40-28-15-4 = 0.167,7-52-29-37-7 = 1.0,7-31-21-26-36-7 = 1.0,8-33-23-39-8 = 0.5,8-33-39-8 = 0.167,8-33-40-11-8 = 0.333,8-12-44-28-4 = 0.333,8-12-47-11-8 = 0.667,5-35-38-5 = 1.0,5-56-55-32-5 = 1.0,5-18-54-13-14-5 = 1.0,5-25-9-46-47-4 = 0.333,5-25-9-51-44-4 = 0.333,5-25-9-44-43-4 = 0.333,4-15-57-4 = 0.333,4-22-57-4 = 0.167,4-17-57-4 = 0.5,4-17-15-28-4 = 0.5,4-51-46-43-4 = 0.667,4-45-20-40-23-8 = 0.5,4-41-50-16-5 = 1.0,4-45-20-22-4 = 0.5,5-34-58-10-49-19-5 = 1.0,,,,,,,,,,,,,,,,,,,,,,
886,883,734.158,9.04,0.043,-0.127,887,888,4-22-4 = 0.52,5-42-5 = 1.0,7-31-52-29-19-7 = 0.18,7-31-52-37-7 = 0.14,7-48-24-30-7 = 1.0,7-21-26-36-7 = 0.46,8-53-27-8 = 1.0,7-52-29-37-7 = 0.68,7-31-21-26-36-7 = 0.54,8-33-23-39-8 = 0.58,8-33-39-8 = 0.42,8-12-44-28-4 = 0.04,8-12-47-11-8 = 0.96,8-10-51-43-4 = 0.04,8-40-44-51-43-4 = 0.58,7-31-29-19-37-7 = 0.14,5-18-54-34-13-5 = 0.5,5-35-38-5 = 1.0,5-25-58-10-49-8 = 0.28,5-56-55-32-5 = 1.0,5-18-54-13-14-5 = 0.36,5-25-9-46-47-4 = 0.04,5-25-9-51-44-4 = 0.14,5-25-9-46-14-5 = 0.5,5-25-9-58-46-4 = 0.04,5-34-58-10-49-19-4 = 0.4,4-15-57-4 = 0.38,4-22-57-4 = 0.24,4-17-57-4 = 0.38,4-17-15-28-4 = 0.62,5-18-9-46-43-4 = 0.14,4-45-20-28-4 = 0.34,4-51-46-43-4 = 0.24,4-45-20-40-23-8 = 0.42,4-41-50-16-5 = 1.0,4-45-20-22-4 = 0.24,4-44-58-10-49-19-4 = 0.24,7-49-10-46-14-5 = 0.04,8-11-19-37-7 = 0.04,5-54-9-34-13-14-5 = 0.1,5-54-9-49-58-13-5 = 0.04,,,,,,,,,
887,886,734.598,0,0.44,0,Prune by CG,,4-22-4 = 0.483,5-42-5 = 1.0,7-31-52-29-19-7 = 0.267,7-31-52-37-7 = 0.133,7-48-24-30-7 = 1.0,7-21-26-36-7 = 0.633,7-31-49-10-51-4 = 0.1,8-53-27-8 = 1.0,7-52-29-37-7 = 0.6,7-31-21-26-36-7 = 0.367,8-33-23-39-8 = 0.667,8-33-39-8 = 0.333,8-12-47-11-8 = 1.0,8-10-51-43-4 = 0.033,8-40-44-51-43-4 = 0.667,7-31-29-19-37-7 = 0.133,5-18-54-34-13-5 = 0.6,5-35-38-5 = 1.0,5-25-58-10-49-8 = 0.367,5-56-55-32-5 = 1.0,5-18-54-13-14-5 = 0.267,5-54-34-13-14-5 = 0.1,5-25-9-46-14-5 = 0.633,5-34-58-10-49-19-4 = 0.3,5-54-9-49-46-4 = 0.033,4-15-57-4 = 0.383,4-22-57-4 = 0.233,4-17-57-4 = 0.383,4-17-15-28-4 = 0.617,5-18-9-46-43-4 = 0.133,7-49-10-51-44-4 = 0.033,4-45-20-28-4 = 0.383,4-45-20-40-23-8 = 0.333,4-41-50-16-5 = 1.0,4-45-20-22-4 = 0.283,4-44-58-10-49-19-4 = 0.167,5-9-51-46-13-5 = 0.033,4-44-51-19-37-7 = 0.133,5-9-58-46-43-4 = 0.167,,,,,,,,,,,
888,886,735.783,0,1.625,0,Prune by CG,,4-22-4 = 0.842,5-42-5 = 0.632,7-31-52-29-19-7 = 0.5,7-31-52-37-7 = 0.079,7-48-24-30-7 = 1.0,7-21-26-36-7 = 0.658,8-53-27-8 = 1.0,7-52-29-37-7 = 0.421,7-31-21-26-36-7 = 0.342,8-33-23-39-8 = 0.474,8-33-39-8 = 0.526,8-12-44-28-4 = 0.316,8-12-47-11-8 = 0.684,8-40-44-51-43-4 = 0.474,7-31-29-19-37-7 = 0.079,5-35-56-38-5 = 0.237,5-18-54-34-13-5 = 0.368,5-32-55-14-5 = 0.421,5-35-38-5 = 0.579,5-25-58-10-49-8 = 0.421,5-56-55-32-5 = 0.579,5-18-54-13-14-5 = 0.211,5-25-9-51-44-4 = 0.105,5-25-9-58-15-4 = 0.263,5-34-58-10-46-4 = 0.158,4-15-57-4 = 0.368,4-17-57-4 = 0.632,4-17-15-28-4 = 0.368,7-49-10-46-47-4 = 0.316,4-45-20-28-4 = 0.316,4-51-46-43-4 = 0.421,5-18-54-9-58-49-8 = 0.158,4-45-20-40-23-8 = 0.526,4-41-50-16-5 = 1.0,4-44-43-19-37-7 = 0.105,5-42-38-5 = 0.184,4-45-20-22-4 = 0.158,5-35-56-42-5 = 0.184,7-49-10-46-14-5 = 0.105,8-11-19-37-7 = 0.316,5-18-25-9-34-13-5 = 0.211,5-54-9-34-13-14-5 = 0.211,5-18-54-9-34-14-5 = 0.053,,,,,,,
736,733,734.983,10,2.609,2.111,Prune by UB,,4-22-4 = 0.5,8-39-8 = 0.25,5-42-5 = 1.0,7-31-52-29-19-8 = 0.5,7-48-24-30-7 = 1.0,7-21-26-36-7 = 0.5,8-53-27-8 = 1.0,7-52-29-37-7 = 0.5,7-31-21-26-36-7 = 0.5,8-33-23-39-8 = 0.5,8-33-40-11-8 = 0.5,8-40-23-39-8 = 0.25,8-12-47-11-8 = 0.5,8-12-9-58-51-4 = 0.25,8-10-49-19-37-7 = 0.5,5-35-56-38-5 = 1.0,5-18-54-34-13-5 = 0.75,5-32-55-14-5 = 1.0,5-18-25-54-5 = 0.25,5-25-9-58-46-4 = 0.25,5-25-9-58-51-4 = 0.5,5-34-13-51-46-4 = 0.25,8-49-10-46-47-8 = 0.5,4-15-28-4 = 0.5,4-22-57-4 = 0.5,4-17-57-4 = 0.5,4-17-15-28-4 = 0.5,4-12-44-43-4 = 0.25,4-45-20-44-43-4 = 0.75,4-45-20-40-23-8 = 0.25,4-41-50-16-5 = 1.0,,,,,,,,,,,,,,,,,,,
824,725,734.326,9.792,1.136,0.633,Prune by UB,,4-22-4 = 0.981,8-39-8 = 0.208,5-42-5 = 0.671,7-31-52-29-19-8 = 0.392,7-48-24-30-7 = 1.0,7-21-26-36-7 = 0.55,8-53-27-8 = 1.0,8-40-28-15-4 = 0.526,7-52-29-37-7 = 0.45,7-31-21-26-36-7 = 0.45,8-33-23-39-8 = 0.792,8-33-40-11-8 = 0.208,8-12-47-11-8 = 0.734,8-12-9-10-49-8 = 0.067,8-12-9-58-51-8 = 0.028,8-12-9-34-13-14-5 = 0.171,8-10-49-19-37-7 = 0.55,7-31-52-29-14-5 = 0.158,5-18-54-34-13-5 = 0.658,5-32-55-14-5 = 0.329,5-38-50-16-5 = 0.165,5-38-41-57-4 = 0.165,5-35-38-5 = 0.671,5-25-58-51-47-8 = 0.266,5-56-55-32-5 = 0.671,5-18-54-13-14-5 = 0.171,5-18-54-34-14-5 = 0.171,5-25-9-51-44-4 = 0.028,5-25-9-58-46-8 = 0.647,8-49-10-51-44-4 = 0.325,4-15-57-4 = 0.145,4-22-57-4 = 0.019,4-17-57-4 = 0.671,4-17-15-28-4 = 0.329,4-45-20-28-4 = 0.145,4-45-20-44-43-4 = 0.647,4-51-46-43-4 = 0.353,5-25-9-58-10-8 = 0.058,8-40-49-19-11-8 = 0.058,4-45-20-40-23-8 = 0.208,4-41-50-16-5 = 0.835,5-35-56-42-5 = 0.329,,,,,,,,
840,701,734.447,11,0.645,1.113,Prune by UB,,4-22-4 = 0.971,5-42-5 = 0.731,7-31-52-29-19-8 = 0.462,7-48-24-30-7 = 1.0,7-21-26-36-7 = 0.462,7-52-29-37-7 = 0.538,7-31-21-26-36-7 = 0.538,8-33-23-39-8 = 0.654,8-33-39-8 = 0.346,8-12-44-28-4 = 0.077,8-12-47-11-8 = 0.308,8-40-44-51-43-4 = 0.654,8-12-9-58-49-19-8 = 0.077,8-10-49-19-37-7 = 0.423,5-18-54-34-13-5 = 0.269,5-32-55-14-5 = 0.269,5-38-50-16-5 = 0.135,5-38-41-57-4 = 0.135,5-35-38-5 = 0.731,5-56-55-32-5 = 0.731,5-18-54-13-14-5 = 0.231,5-34-51-44-15-4 = 0.231,5-58-51-46-47-8 = 0.077,8-49-10-46-47-8 = 0.077,8-49-10-58-46-4 = 0.077,8-49-58-46-43-4 = 0.346,4-15-57-4 = 0.317,4-17-57-4 = 0.548,4-17-15-28-4 = 0.452,4-45-20-28-4 = 0.471,5-25-54-14-5 = 0.5,4-45-20-40-23-8 = 0.346,4-41-50-16-5 = 0.865,4-12-47-11-8 = 0.538,4-45-20-11-8 = 0.154,4-45-20-22-4 = 0.029,5-35-56-42-5 = 0.269,8-27-53-8 = 1.0,4-44-51-19-37-7 = 0.038,5-18-25-9-34-13-5 = 0.5,5-9-58-10-46-4 = 0.423,,,,,,,,,
741,557,732.369,11.775,1.057,2.275,889,890,4-22-4 = 1.0,5-42-5 = 0.763,7-31-52-29-19-8 = 0.5,7-48-24-30-7 = 1.0,7-21-26-36-7 = 0.5,8-53-27-8 = 1.0,7-52-29-37-7 = 0.5,7-31-21-26-36-7 = 0.5,8-33-23-39-8 = 0.562,8-33-39-8 = 0.438,8-12-47-11-8 = 0.575,8-12-9-10-49-8 = 0.1,8-40-44-51-43-4 = 0.562,5-41-50-16-5 = 0.313,5-35-56-14-5 = 0.313,5-18-54-34-13-5 = 0.762,5-32-55-14-5 = 0.55,5-38-50-16-5 = 0.275,5-38-41-57-4 = 0.275,5-35-38-5 = 0.45,5-56-55-32-5 = 0.45,5-18-54-13-14-5 = 0.138,5-18-25-54-5 = 0.1,5-25-9-10-58-5 = 0.7,5-34-51-44-43-4 = 0.138,5-34-13-51-46-4 = 0.1,8-49-10-46-47-8 = 0.1,8-49-51-44-43-4 = 0.2,4-15-57-4 = 0.363,4-17-57-4 = 0.363,4-17-15-28-4 = 0.638,8-49-46-19-37-7 = 0.5,4-45-20-28-4 = 0.363,4-45-20-44-43-4 = 0.1,4-45-20-40-23-8 = 0.438,4-41-50-16-5 = 0.412,4-12-47-11-8 = 0.325,4-45-20-11-8 = 0.1,5-35-56-42-5 = 0.237,5-25-9-58-46-5 = 0.2,8-49-10-58-46-5 = 0.1,,,,,,,,,
843,830,733.009,11.667,1.039,0.516,891,892,4-22-4 = 0.917,5-42-5 = 0.889,7-31-52-29-19-7 = 0.333,7-30-24-26-36-7 = 0.333,7-48-24-30-7 = 0.667,7-21-49-19-37-7 = 0.667,7-48-26-36-7 = 0.333,7-52-29-37-7 = 0.333,7-31-21-26-36-7 = 0.333,8-33-23-39-8 = 0.556,8-33-39-8 = 0.444,8-12-44-28-4 = 0.222,8-12-47-11-8 = 0.778,8-40-44-51-43-4 = 0.556,5-35-56-38-5 = 0.444,5-18-54-34-13-5 = 0.556,5-32-55-14-5 = 0.556,5-38-50-16-5 = 0.056,5-38-41-57-4 = 0.056,5-35-38-5 = 0.444,5-56-55-32-5 = 0.444,5-18-54-13-14-5 = 0.444,5-25-9-46-47-4 = 0.111,5-25-9-46-47-8 = 0.111,5-25-9-10-58-5 = 0.556,5-25-9-51-44-4 = 0.111,5-25-9-44-43-4 = 0.111,5-34-58-10-46-4 = 0.444,4-15-57-4 = 0.472,4-17-57-4 = 0.472,4-17-15-28-4 = 0.528,4-45-20-28-4 = 0.25,4-51-46-43-4 = 0.333,4-45-20-40-23-8 = 0.444,4-41-50-16-5 = 0.944,4-45-20-11-8 = 0.222,4-45-20-22-4 = 0.083,5-35-56-42-5 = 0.111,8-27-53-8 = 1.0,7-31-52-49-29-7 = 0.333,,,,,,,,,,
891,843,734.262,0,1.252,0,Prune by CG,,4-22-4 = 0.818,5-42-5 = 0.929,7-31-52-29-19-7 = 0.015,7-21-52-29-7 = 0.318,7-30-24-26-36-7 = 0.333,7-48-24-30-7 = 0.667,7-31-52-9-49-19-7 = 0.015,7-21-49-19-37-7 = 0.348,7-48-26-36-7 = 0.333,7-31-58-10-49-19-7 = 0.621,8-53-27-8 = 1.0,7-52-29-37-7 = 0.652,7-31-21-26-36-7 = 0.333,7-31-9-10-49-29-7 = 0.015,8-33-23-39-8 = 0.409,8-33-39-8 = 0.591,8-12-44-28-4 = 0.237,8-12-47-11-8 = 0.763,8-40-44-51-43-4 = 0.409,5-35-56-38-5 = 0.601,5-18-54-34-13-5 = 0.818,5-32-55-14-5 = 0.636,5-35-38-5 = 0.364,5-25-51-43-4 = 0.212,5-56-55-32-5 = 0.364,5-18-54-13-14-5 = 0.182,5-25-9-46-47-4 = 0.237,5-25-9-51-44-4 = 0.177,5-25-9-58-46-4 = 0.197,5-25-9-44-43-4 = 0.177,5-34-58-10-46-4 = 0.182,4-15-57-4 = 0.409,4-22-57-4 = 0.182,4-17-57-4 = 0.409,4-17-15-28-4 = 0.591,4-45-20-28-4 = 0.172,4-51-46-43-4 = 0.202,4-45-20-40-23-8 = 0.591,4-41-50-16-5 = 1.0,4-45-20-11-8 = 0.237,5-42-38-5 = 0.035,5-35-56-42-5 = 0.035,8-9-10-46-14-5 = 0.182,,,,,,,
892,843,733.04,10.667,0.031,-1,893,894,4-22-4 = 0.75,5-42-5 = 1.0,7-31-52-29-19-7 = 0.333,7-30-24-26-36-7 = 0.333,7-48-24-30-7 = 0.667,7-21-49-19-37-7 = 0.667,7-48-26-36-7 = 0.333,8-53-27-8 = 1.0,7-52-29-37-7 = 0.333,7-31-21-26-36-7 = 0.333,8-33-23-39-8 = 0.667,8-33-39-8 = 0.333,8-12-44-28-4 = 0.333,8-12-47-11-8 = 0.667,8-40-44-51-43-4 = 0.667,5-35-56-14-5 = 0.333,5-18-54-34-13-5 = 0.667,5-32-55-14-5 = 0.333,5-38-50-16-5 = 0.167,5-38-41-57-4 = 0.167,5-35-38-5 = 0.667,5-56-55-32-5 = 0.667,5-18-54-13-14-5 = 0.333,5-25-9-46-47-8 = 0.333,5-25-9-10-58-5 = 0.667,5-34-58-10-46-4 = 0.333,4-15-57-4 = 0.417,4-17-57-4 = 0.417,4-17-15-28-4 = 0.583,4-45-20-28-4 = 0.083,4-51-46-43-4 = 0.333,4-45-20-40-23-8 = 0.333,4-41-50-16-5 = 0.833,4-45-20-11-8 = 0.333,4-45-20-22-4 = 0.25,7-31-52-49-29-7 = 0.333,,,,,,,,,,,,,,
893,892,735.802,0,2.761,0,Prune by CG,,4-22-4 = 1.0,5-42-5 = 0.667,7-31-52-29-19-8 = 0.333,7-30-24-26-36-7 = 0.333,7-48-21-26-7 = 0.333,7-48-24-30-7 = 0.667,7-21-49-19-37-7 = 0.333,7-10-49-19-37-7 = 0.333,8-53-27-8 = 1.0,7-52-29-37-7 = 0.333,7-31-21-26-36-7 = 0.333,8-33-23-39-8 = 1.0,8-12-44-15-4 = 0.333,8-12-47-11-8 = 0.667,8-40-44-51-43-4 = 0.667,5-35-56-36-7 = 0.333,5-35-56-38-5 = 0.333,5-18-54-34-13-5 = 0.667,5-32-55-14-5 = 0.667,5-35-38-5 = 0.333,5-56-55-32-5 = 0.333,5-18-54-13-14-5 = 0.333,5-25-9-46-47-8 = 0.333,5-25-9-10-58-5 = 0.667,5-34-58-46-15-4 = 0.333,4-17-57-4 = 1.0,4-45-20-28-4 = 0.667,4-51-46-43-4 = 0.333,4-20-40-11-8 = 0.333,4-41-50-16-5 = 1.0,5-42-38-5 = 0.333,4-45-28-15-4 = 0.333,7-31-52-49-29-7 = 0.333,,,,,,,,,,,,,,,,,
894,892,733.202,11,0.161,0.333,895,896,4-22-4 = 0.667,5-42-5 = 1.0,7-31-52-29-19-7 = 0.333,7-30-24-26-36-7 = 0.333,7-48-24-30-7 = 0.667,7-21-49-19-37-7 = 0.667,7-48-26-36-7 = 0.333,8-53-27-8 = 1.0,7-52-29-37-7 = 0.333,7-31-21-26-36-7 = 0.333,8-33-23-39-8 = 0.667,8-33-39-8 = 0.333,8-12-44-28-4 = 0.333,8-12-47-11-8 = 0.667,8-40-44-51-43-4 = 0.667,5-35-56-14-5 = 0.333,5-18-54-34-13-5 = 0.667,5-32-55-14-5 = 0.333,5-38-50-16-5 = 0.167,5-38-41-57-4 = 0.167,5-35-38-5 = 0.667,5-56-55-32-5 = 0.667,5-18-54-13-14-5 = 0.333,5-25-9-46-47-8 = 0.333,5-25-9-10-58-5 = 0.667,5-34-58-10-46-4 = 0.333,4-28-15-4 = 0.167,4-15-57-4 = 0.333,4-17-57-4 = 0.5,4-17-15-28-4 = 0.5,4-51-46-43-4 = 0.333,4-45-20-40-23-8 = 0.333,4-41-50-16-5 = 0.833,4-45-20-11-8 = 0.333,4-45-20-22-4 = 0.333,7-31-52-49-29-7 = 0.333,,,,,,,,,,,,,,
896,894,735.948,0,2.746,0,Prune by CG,,4-22-4 = 0.633,5-42-5 = 1.0,7-31-52-29-19-7 = 0.067,7-31-52-29-19-8 = 0.133,7-21-52-29-7 = 0.133,7-30-24-26-36-7 = 0.333,7-48-24-30-7 = 0.667,7-21-49-19-37-7 = 0.533,7-48-26-36-7 = 0.333,7-31-58-10-49-19-7 = 0.133,8-53-27-8 = 1.0,8-40-28-15-4 = 0.633,7-52-29-37-7 = 0.333,7-31-21-26-36-7 = 0.333,8-33-23-39-8 = 0.767,8-33-39-8 = 0.233,8-12-44-15-4 = 0.033,8-12-44-28-4 = 0.367,8-12-47-11-8 = 0.6,8-40-44-51-43-4 = 0.133,5-35-56-38-5 = 0.4,5-18-54-34-13-5 = 0.4,5-32-55-14-5 = 0.4,5-35-38-5 = 0.6,5-56-55-32-5 = 0.6,5-18-54-13-14-5 = 0.6,5-25-9-46-47-8 = 0.2,5-25-9-10-58-5 = 0.6,5-25-9-10-47-8 = 0.2,5-34-51-44-15-4 = 0.333,5-34-58-46-43-4 = 0.2,5-34-58-10-46-4 = 0.067,4-17-57-4 = 1.0,4-51-46-43-4 = 0.533,4-45-20-40-23-8 = 0.233,4-41-50-16-5 = 1.0,4-45-20-11-8 = 0.4,4-44-43-19-37-7 = 0.133,4-45-20-22-4 = 0.367,7-31-52-49-29-7 = 0.333,,,,,,,,,,
895,894,733.849,11,0.647,0,897,898,4-22-4 = 0.667,5-42-5 = 1.0,7-31-52-29-19-7 = 0.333,7-30-24-26-36-7 = 0.333,7-48-24-30-7 = 0.667,7-21-49-19-37-7 = 0.667,7-48-26-36-7 = 0.333,8-53-27-8 = 1.0,7-52-29-37-7 = 0.333,7-31-21-26-36-7 = 0.333,8-33-23-39-8 = 0.667,8-33-39-8 = 0.333,8-12-47-11-8 = 0.667,8-40-44-51-43-4 = 0.667,8-45-20-11-8 = 0.333,5-35-56-14-5 = 0.333,5-18-54-34-13-5 = 0.667,5-32-55-14-5 = 0.333,5-38-50-16-5 = 0.167,5-38-41-57-4 = 0.167,5-35-38-5 = 0.667,5-56-55-32-5 = 0.667,5-18-54-13-14-5 = 0.333,5-25-9-46-47-8 = 0.333,5-25-9-10-58-5 = 0.667,5-34-58-10-46-4 = 0.333,4-28-15-4 = 0.167,4-15-57-4 = 0.333,4-17-57-4 = 0.5,4-17-15-28-4 = 0.5,4-12-44-28-4 = 0.333,4-51-46-43-4 = 0.333,4-45-20-40-23-8 = 0.333,4-41-50-16-5 = 0.833,4-45-20-22-4 = 0.333,7-31-52-49-29-7 = 0.333,,,,,,,,,,,,,,
897,895,735.341,0,1.492,0,Prune by CG,,5-42-5 = 1.0,7-36-26-7 = 0.472,7-31-52-29-19-7 = 0.194,7-31-52-29-19-8 = 0.083,7-31-52-37-7 = 0.083,7-30-24-26-36-7 = 0.167,7-48-21-26-7 = 0.167,7-48-24-30-7 = 0.833,7-21-49-19-37-7 = 0.639,8-53-27-8 = 1.0,7-52-29-37-7 = 0.278,7-31-29-19-11-8 = 0.083,7-31-21-26-36-7 = 0.194,8-33-23-39-8 = 0.917,8-33-40-11-8 = 0.083,8-40-23-39-8 = 0.083,8-12-47-11-8 = 0.333,8-40-44-51-43-4 = 0.833,5-35-56-36-7 = 0.167,5-35-56-14-5 = 0.083,5-18-54-34-13-5 = 0.583,5-32-55-14-5 = 0.25,5-38-50-16-5 = 0.125,5-38-41-57-4 = 0.125,5-35-38-5 = 0.75,5-56-55-32-5 = 0.75,5-18-54-13-14-5 = 0.417,5-25-9-46-47-8 = 0.167,5-25-9-10-58-5 = 0.583,5-25-9-46-14-5 = 0.25,5-34-58-10-46-4 = 0.417,4-28-15-4 = 0.542,4-15-57-4 = 0.167,4-17-57-4 = 0.708,4-17-15-28-4 = 0.292,4-12-44-28-4 = 0.167,4-51-46-43-4 = 0.167,4-41-50-16-5 = 0.875,4-12-47-11-8 = 0.5,4-45-20-22-4 = 1.0,7-31-52-49-29-7 = 0.361,,,,,,,,,
898,895,734.697,0,0.848,0,Prune by CG,,4-22-4 = 1.0,5-42-5 = 0.796,7-31-52-29-19-7 = 0.223,7-21-52-29-7 = 0.111,7-30-24-26-36-7 = 0.333,7-48-24-30-7 = 0.667,7-21-49-19-37-7 = 0.556,7-48-26-36-7 = 0.333,7-31-25-58-49-19-7 = 0.221,8-53-27-8 = 1.0,7-52-29-37-7 = 0.444,7-31-21-26-36-7 = 0.333,8-33-23-39-8 = 0.46,8-33-39-8 = 0.54,8-12-44-15-4 = 0.06,8-12-47-11-8 = 0.54,8-10-51-43-4 = 0.08,8-40-44-51-43-4 = 0.46,8-45-20-11-8 = 0.417,5-35-56-14-5 = 0.319,5-18-54-34-13-5 = 0.841,5-32-55-14-5 = 0.522,5-38-50-16-5 = 0.261,5-38-41-57-4 = 0.261,5-35-38-5 = 0.478,5-56-55-32-5 = 0.478,5-18-54-13-14-5 = 0.159,5-25-9-46-47-8 = 0.239,5-25-9-10-58-5 = 0.54,5-34-58-10-46-4 = 0.159,5-58-51-44-43-4 = 0.08,4-15-57-4 = 0.339,4-17-57-4 = 0.4,4-17-15-28-4 = 0.6,4-12-44-28-4 = 0.4,4-51-46-43-4 = 0.381,8-9-10-46-47-4 = 0.221,4-45-20-40-23-8 = 0.54,4-41-50-16-5 = 0.739,4-45-20-11-8 = 0.043,5-35-56-42-5 = 0.204,7-31-52-49-29-7 = 0.223,,,,,,,,
833,563,734.27,9.638,1.587,0.369,Prune by UB,,4-22-4 = 0.915,5-42-5 = 0.574,7-31-52-29-19-7 = 0.096,7-21-52-29-7 = 0.128,7-30-24-26-36-7 = 0.064,7-48-24-30-7 = 0.936,7-21-26-36-7 = 0.191,7-48-26-36-7 = 0.064,7-31-25-58-49-19-8 = 0.223,8-53-27-8 = 1.0,7-52-29-37-7 = 0.777,7-31-21-26-36-7 = 0.681,8-33-23-39-8 = 0.181,8-33-39-8 = 0.819,8-12-44-28-4 = 0.457,8-12-47-11-8 = 0.543,8-40-44-51-43-4 = 0.181,5-18-54-34-13-5 = 0.447,5-32-55-14-5 = 0.213,5-35-38-5 = 0.787,5-25-51-43-4 = 0.457,5-56-55-32-5 = 0.787,5-18-54-13-14-5 = 0.457,5-54-34-13-14-5 = 0.096,5-18-25-58-49-47-4 = 0.096,5-25-58-49-46-4 = 0.223,4-15-57-4 = 0.457,4-22-57-4 = 0.085,4-17-57-4 = 0.457,4-17-15-28-4 = 0.543,5-34-58-49-19-11-8 = 0.457,4-45-20-44-43-4 = 0.181,4-51-46-43-4 = 0.181,8-9-10-46-47-4 = 0.223,4-45-20-40-23-8 = 0.819,4-41-50-16-5 = 1.0,8-9-10-19-37-7 = 0.223,5-42-38-5 = 0.213,5-35-56-42-5 = 0.213,8-9-10-46-47-8 = 0.138,8-9-10-46-14-5 = 0.234,8-9-10-51-44-4 = 0.181,,,,,,,,
890,741,732.87,12.464,0.501,0.689,899,900,4-22-4 = 1.0,5-42-5 = 0.705,7-31-52-29-19-8 = 0.5,7-48-24-30-7 = 1.0,7-21-26-36-7 = 0.5,8-53-27-8 = 1.0,7-52-29-37-7 = 0.5,7-31-21-26-36-7 = 0.5,8-33-23-39-8 = 0.491,8-33-39-8 = 0.509,8-12-47-11-8 = 0.589,8-40-44-51-43-4 = 0.491,5-41-50-16-5 = 0.241,5-35-56-14-5 = 0.17,5-18-54-34-13-5 = 0.634,5-32-55-14-5 = 0.464,5-38-50-16-5 = 0.232,5-38-41-57-4 = 0.232,5-35-38-5 = 0.536,5-56-55-32-5 = 0.536,5-18-54-13-14-5 = 0.295,5-18-25-9-51-4 = 0.071,5-25-9-10-58-5 = 0.643,5-25-9-44-43-4 = 0.214,5-34-51-44-43-4 = 0.295,5-34-13-51-15-4 = 0.071,8-12-9-49-46-4 = 0.071,8-49-10-46-47-8 = 0.071,4-15-57-4 = 0.348,4-17-57-4 = 0.42,4-17-15-28-4 = 0.58,8-49-46-19-37-7 = 0.5,4-45-20-28-4 = 0.42,5-25-54-14-5 = 0.071,4-45-20-40-23-8 = 0.509,4-41-50-16-5 = 0.527,4-12-47-11-8 = 0.339,4-45-20-11-8 = 0.071,5-35-56-42-5 = 0.295,8-49-10-58-46-5 = 0.286,8-49-58-51-46-5 = 0.071,,,,,,,,,
899,890,736.062,0,3.192,0,Prune by CG,,4-22-4 = 1.0,5-42-5 = 0.667,7-31-52-29-19-8 = 0.167,7-48-24-30-7 = 1.0,7-52-29-46-4 = 0.167,7-31-52-54-5 = 0.167,7-21-26-36-7 = 0.833,8-53-27-8 = 1.0,7-31-21-26-36-7 = 0.167,8-33-23-39-8 = 0.667,8-33-39-8 = 0.333,8-40-44-51-43-4 = 0.5,7-31-52-29-14-5 = 0.5,5-41-50-16-5 = 0.833,5-18-54-34-13-5 = 0.5,5-32-55-14-5 = 0.167,5-38-50-16-5 = 0.167,5-38-41-57-4 = 0.167,5-35-38-5 = 0.667,5-56-55-32-5 = 0.667,5-18-54-13-14-5 = 0.333,5-25-9-10-58-5 = 1.0,5-18-55-32-5 = 0.167,5-34-51-44-43-4 = 0.333,5-34-13-51-15-4 = 0.167,4-15-57-4 = 0.333,4-17-57-4 = 0.5,4-17-15-28-4 = 0.5,8-49-46-19-37-7 = 0.833,4-45-20-28-4 = 0.5,4-45-20-44-43-4 = 0.167,4-45-20-40-23-8 = 0.333,4-12-47-11-8 = 1.0,5-35-56-42-5 = 0.333,8-40-49-29-37-7 = 0.167,,,,,,,,,,,,,,,
900,890,734.472,0,1.602,0,Prune by CG,,4-22-4 = 1.0,5-42-5 = 0.708,7-31-52-29-19-8 = 0.333,7-48-24-30-7 = 1.0,7-21-26-36-7 = 0.333,8-53-27-8 = 1.0,7-52-29-37-7 = 0.667,7-31-21-26-36-7 = 0.667,8-33-23-39-8 = 0.375,8-33-39-8 = 0.625,8-12-47-11-8 = 0.917,8-40-44-51-43-4 = 0.375,5-41-50-16-5 = 0.208,5-35-56-14-5 = 0.208,5-18-54-34-13-5 = 0.708,5-32-55-14-5 = 0.5,5-38-50-16-5 = 0.25,5-38-41-57-4 = 0.25,5-35-38-5 = 0.5,5-56-55-32-5 = 0.5,5-18-54-13-14-5 = 0.292,5-25-9-10-58-5 = 0.333,5-25-9-44-43-4 = 0.333,5-34-51-44-43-4 = 0.292,4-15-57-4 = 0.375,4-17-57-4 = 0.375,4-17-15-28-4 = 0.625,5-25-9-19-37-7 = 0.333,4-45-20-28-4 = 0.375,4-45-20-40-23-8 = 0.625,4-41-50-16-5 = 0.542,4-12-47-11-8 = 0.083,5-35-56-42-5 = 0.292,8-49-51-46-19-8 = 0.333,8-49-10-58-46-5 = 0.667,,,,,,,,,,,,,,,
889,741,733.043,12.122,0.674,0.347,901,902,4-22-4 = 1.0,5-42-5 = 0.744,7-31-52-29-19-8 = 0.5,7-48-24-30-7 = 1.0,7-21-26-36-7 = 0.5,8-53-27-8 = 1.0,7-52-29-37-7 = 0.5,7-31-21-26-36-7 = 0.5,8-33-23-39-8 = 0.528,8-33-39-8 = 0.472,8-12-47-11-8 = 0.633,8-12-9-10-49-8 = 0.094,8-40-44-51-43-4 = 0.528,8-10-49-19-37-7 = 0.5,5-41-50-16-5 = 0.278,5-35-56-14-5 = 0.278,5-18-54-34-13-5 = 0.717,5-32-55-14-5 = 0.533,5-38-50-16-5 = 0.267,5-38-41-57-4 = 0.267,5-35-38-5 = 0.467,5-56-55-32-5 = 0.467,5-18-54-13-14-5 = 0.189,5-18-25-54-5 = 0.094,5-25-9-46-47-8 = 0.094,5-25-9-10-58-5 = 0.189,5-34-13-51-46-4 = 0.094,5-34-58-10-46-5 = 0.189,8-49-10-44-43-4 = 0.028,8-49-51-44-43-4 = 0.378,4-15-57-4 = 0.367,4-17-57-4 = 0.367,4-17-15-28-4 = 0.633,4-45-20-28-4 = 0.367,4-45-20-44-43-4 = 0.067,4-45-20-40-23-8 = 0.472,4-41-50-16-5 = 0.456,4-12-47-11-8 = 0.272,4-45-20-11-8 = 0.094,5-35-56-42-5 = 0.256,5-25-9-58-46-5 = 0.622,,,,,,,,,
901,889,734.556,0,1.513,0,Prune by CG,,4-22-4 = 1.0,5-42-5 = 0.684,7-31-52-29-19-8 = 0.526,7-31-52-37-7 = 0.053,7-48-24-30-7 = 1.0,7-21-26-36-7 = 0.579,8-53-27-8 = 0.947,7-52-29-37-7 = 0.421,7-31-21-26-36-7 = 0.421,8-33-23-39-8 = 0.474,8-33-39-8 = 0.474,8-33-40-11-8 = 0.053,8-53-39-8 = 0.053,8-12-47-11-8 = 0.684,8-40-44-51-43-4 = 0.421,5-18-54-34-13-5 = 0.316,5-32-55-14-5 = 0.316,5-38-50-16-5 = 0.158,5-38-41-57-4 = 0.158,5-35-38-5 = 0.684,5-56-55-32-5 = 0.684,5-18-54-13-14-5 = 0.684,5-25-9-46-47-4 = 0.211,5-25-9-46-47-8 = 0.105,5-25-9-10-58-5 = 0.684,5-34-58-10-46-5 = 0.316,8-49-51-44-43-4 = 0.579,4-15-57-4 = 0.421,4-17-57-4 = 0.421,4-17-15-28-4 = 0.579,5-34-46-19-37-7 = 0.368,4-45-20-28-4 = 0.421,4-45-20-40-23-8 = 0.526,4-41-50-16-5 = 0.842,8-20-49-19-37-7 = 0.053,5-35-56-42-5 = 0.316,8-27-49-29-19-37-7 = 0.053,8-12-49-11-8 = 0.263,8-45-12-49-37-7 = 0.053,,,,,,,,,,,
684,565,734.096,10.839,2.199,1.848,903,904,4-22-4 = 1.0,5-42-5 = 0.621,7-31-52-29-19-7 = 0.079,7-31-52-29-19-8 = 0.356,7-48-24-30-7 = 1.0,7-21-26-36-7 = 0.435,7-52-29-37-7 = 0.565,7-31-21-26-36-7 = 0.565,8-33-23-39-8 = 0.299,8-33-39-8 = 0.669,8-33-40-11-8 = 0.031,8-53-39-8 = 0.031,8-12-44-28-4 = 0.274,8-12-47-11-8 = 0.533,8-40-44-51-43-4 = 0.268,8-12-9-34-13-14-5 = 0.193,8-25-9-46-47-4 = 0.208,5-35-56-14-5 = 0.022,5-18-54-34-13-5 = 0.615,5-32-55-14-5 = 0.401,5-38-50-16-5 = 0.2,5-38-41-57-4 = 0.2,5-35-38-5 = 0.599,5-25-58-10-49-8 = 0.792,5-56-55-32-5 = 0.599,5-18-54-13-14-5 = 0.193,5-18-54-34-14-5 = 0.193,4-15-57-4 = 0.245,4-17-57-4 = 0.554,4-17-15-28-4 = 0.446,7-49-10-46-47-4 = 0.079,4-45-20-28-4 = 0.28,4-45-20-44-43-4 = 0.019,4-51-46-43-4 = 0.423,4-44-58-10-49-19-8 = 0.129,4-45-20-40-23-8 = 0.701,4-41-50-16-5 = 0.8,5-35-56-42-5 = 0.379,8-27-53-8 = 0.969,8-9-58-46-43-4 = 0.079,8-11-19-37-7 = 0.435,8-9-51-44-15-4 = 0.309,8-9-46-47-43-4 = 0.179,8-27-9-46-43-4 = 0.031,,,,,,
903,684,737.124,0,3.028,0,Prune by CG,,4-22-4 = 1.0,5-42-5 = 0.5,7-31-52-29-19-7 = 0.25,7-31-52-29-19-8 = 0.25,7-48-24-30-7 = 1.0,7-21-26-36-7 = 0.5,8-40-28-15-4 = 0.125,7-52-29-37-7 = 0.5,7-31-21-26-36-7 = 0.5,8-33-23-39-8 = 0.125,8-33-39-8 = 0.875,8-12-44-28-4 = 0.25,8-12-47-11-8 = 0.75,8-45-20-40-23-8 = 0.25,5-35-56-38-5 = 0.375,5-18-54-34-13-5 = 0.75,5-32-55-14-5 = 0.75,5-38-50-16-5 = 0.125,5-38-41-57-4 = 0.125,5-35-38-5 = 0.25,5-25-58-10-49-8 = 0.75,5-56-55-32-5 = 0.25,5-18-25-54-5 = 0.25,5-34-13-51-46-4 = 0.25,4-15-57-4 = 0.375,4-17-57-4 = 0.5,4-17-15-28-4 = 0.5,7-49-10-46-47-4 = 0.25,4-45-20-28-4 = 0.125,4-45-20-40-23-8 = 0.625,4-41-50-16-5 = 0.875,5-42-38-5 = 0.125,5-35-56-42-5 = 0.375,8-27-53-8 = 1.0,8-9-58-46-43-4 = 0.25,8-11-19-37-7 = 0.25,4-44-51-19-37-7 = 0.25,8-9-51-44-43-4 = 0.5,8-9-46-43-14-5 = 0.25,,,,,,,,,,,
904,684,734.288,0,0.193,0,Prune by CG,,4-22-4 = 1.0,8-39-8 = 0.111,5-42-5 = 0.689,7-31-52-29-19-8 = 0.311,7-48-24-30-7 = 1.0,7-21-26-36-7 = 0.311,7-52-29-37-7 = 0.689,7-31-21-26-36-7 = 0.689,8-33-23-39-8 = 0.633,8-33-39-8 = 0.2,8-33-40-11-8 = 0.167,8-53-39-8 = 0.056,8-12-47-11-8 = 0.622,8-12-9-46-4 = 0.222,8-40-44-51-43-4 = 0.467,8-12-9-34-13-14-5 = 0.156,8-25-9-46-47-4 = 0.378,5-18-54-34-13-5 = 0.467,5-32-55-14-5 = 0.311,5-38-50-16-5 = 0.156,5-38-41-57-4 = 0.156,5-35-38-5 = 0.689,5-25-58-10-49-8 = 0.622,5-56-55-32-5 = 0.689,5-18-54-13-14-5 = 0.378,5-18-54-34-14-5 = 0.156,5-34-58-10-49-19-8 = 0.222,4-15-57-4 = 0.3,4-17-57-4 = 0.544,4-17-15-28-4 = 0.456,4-45-20-28-4 = 0.544,4-45-20-44-43-4 = 0.089,4-51-46-43-4 = 0.344,4-44-58-10-49-19-8 = 0.156,4-45-20-40-23-8 = 0.367,4-41-50-16-5 = 0.844,4-44-43-19-37-7 = 0.1,5-35-56-42-5 = 0.311,8-27-53-8 = 0.944,8-11-19-37-7 = 0.211,8-9-51-44-15-4 = 0.189,8-27-9-46-15-4 = 0.056,,,,,,,,
902,889,733.835,11.583,0.792,-0.539,905,906,4-22-4 = 1.0,5-42-5 = 0.771,7-31-52-29-19-8 = 0.5,7-48-24-30-7 = 1.0,7-21-26-36-7 = 0.5,7-52-29-37-7 = 0.5,7-31-21-26-36-7 = 0.5,8-33-23-39-8 = 0.604,8-33-39-8 = 0.396,8-12-47-11-8 = 0.625,8-12-9-10-49-8 = 0.167,8-40-44-51-43-4 = 0.604,8-10-49-19-37-7 = 0.5,5-41-50-16-5 = 0.021,5-35-56-14-5 = 0.354,5-18-54-34-13-5 = 0.604,5-32-55-14-5 = 0.583,5-38-50-16-5 = 0.292,5-38-41-57-4 = 0.292,5-35-38-5 = 0.417,5-56-55-32-5 = 0.417,5-18-54-58-13-5 = 0.167,5-18-54-13-14-5 = 0.063,5-18-25-54-5 = 0.167,5-25-9-46-47-8 = 0.167,5-34-51-44-43-4 = 0.063,5-34-13-51-15-4 = 0.167,5-34-58-51-46-5 = 0.167,8-49-10-44-43-4 = 0.333,4-15-57-4 = 0.271,4-17-57-4 = 0.438,4-17-15-28-4 = 0.562,4-45-20-28-4 = 0.438,4-45-20-40-23-8 = 0.396,4-41-50-16-5 = 0.688,4-12-47-11-8 = 0.208,4-45-20-11-8 = 0.167,5-35-56-42-5 = 0.229,8-27-53-8 = 1.0,5-25-9-58-46-5 = 0.667,,,,,,,,,,
906,902,736.577,0,2.742,0,Prune by CG,,4-22-4 = 0.833,8-39-8 = 0.167,5-42-5 = 0.667,7-31-52-29-19-8 = 0.5,7-48-24-30-7 = 1.0,7-21-26-36-7 = 0.5,7-52-29-37-7 = 0.5,7-31-21-26-36-7 = 0.5,8-33-23-39-8 = 0.833,8-33-40-11-8 = 0.167,8-12-47-11-8 = 0.5,8-12-9-10-49-8 = 0.333,8-40-44-51-43-4 = 0.667,8-12-9-34-13-14-5 = 0.167,8-10-49-19-37-7 = 0.5,5-32-55-14-5 = 0.333,5-38-50-16-5 = 0.167,5-38-41-57-4 = 0.167,5-35-38-5 = 0.667,5-54-58-46-5 = 0.5,5-56-55-32-5 = 0.667,5-18-25-58-13-5 = 0.5,5-25-9-46-47-8 = 0.5,5-18-54-34-14-5 = 0.5,5-34-13-51-15-4 = 0.333,8-49-10-44-43-4 = 0.167,4-15-28-4 = 0.333,4-22-57-4 = 0.167,4-17-57-4 = 0.667,4-17-15-28-4 = 0.333,4-45-20-28-4 = 0.333,4-45-20-44-43-4 = 0.167,4-45-20-40-23-8 = 0.167,4-41-50-16-5 = 0.833,4-45-20-11-8 = 0.333,5-35-56-42-5 = 0.333,8-27-53-8 = 1.0,,,,,,,,,,,,,
905,902,733.984,9.812,0.149,-1.771,907,908,4-22-4 = 1.0,5-42-5 = 0.656,7-31-52-29-19-8 = 0.5,7-48-24-30-7 = 1.0,7-21-26-36-7 = 0.5,7-52-29-37-7 = 0.5,7-31-21-26-36-7 = 0.5,8-33-23-39-8 = 0.406,8-33-39-8 = 0.594,8-12-47-11-8 = 0.938,8-40-44-51-43-4 = 0.156,8-10-49-19-37-7 = 0.5,8-40-49-10-51-4 = 0.25,5-41-50-16-5 = 0.031,5-35-56-14-5 = 0.031,5-18-54-34-13-5 = 0.406,5-32-55-14-5 = 0.375,5-38-50-16-5 = 0.188,5-38-41-57-4 = 0.188,5-35-38-5 = 0.625,5-56-55-32-5 = 0.625,5-18-54-13-14-5 = 0.594,5-34-51-44-43-4 = 0.594,8-49-10-44-43-4 = 0.25,4-15-57-4 = 0.406,4-17-57-4 = 0.406,4-17-15-28-4 = 0.594,4-45-20-28-4 = 0.406,4-45-20-40-23-8 = 0.594,4-41-50-16-5 = 0.781,4-12-47-11-8 = 0.062,5-35-56-42-5 = 0.344,8-27-53-8 = 1.0,5-25-9-58-46-5 = 1.0,,,,,,,,,,,,,,,,
907,905,734.763,0,0.779,0,Prune by CG,,4-22-4 = 1.0,5-42-5 = 0.656,7-31-52-29-19-8 = 0.5,7-48-24-30-7 = 1.0,7-21-26-36-7 = 0.5,7-52-29-37-7 = 0.5,7-31-21-26-36-7 = 0.5,8-33-23-39-8 = 0.406,8-33-39-8 = 0.594,8-12-47-11-8 = 0.802,8-40-44-51-43-4 = 0.292,8-10-49-19-37-7 = 0.5,8-40-49-10-51-4 = 0.115,5-41-50-16-5 = 0.812,5-35-56-14-5 = 0.031,5-18-54-34-13-5 = 0.729,5-32-55-14-5 = 0.375,5-38-50-16-5 = 0.188,5-38-41-57-4 = 0.188,5-35-38-5 = 0.625,5-56-55-32-5 = 0.625,5-18-54-13-14-5 = 0.135,5-18-25-9-51-4 = 0.135,5-54-34-13-14-5 = 0.135,5-34-58-51-46-5 = 0.135,8-49-10-44-43-4 = 0.385,4-15-57-4 = 0.406,4-17-57-4 = 0.406,4-17-15-28-4 = 0.594,4-45-20-28-4 = 0.406,4-45-20-40-23-8 = 0.594,4-12-47-11-8 = 0.198,5-35-56-42-5 = 0.344,8-27-53-8 = 1.0,5-25-9-58-46-5 = 0.865,4-44-51-43-14-5 = 0.323,,,,,,,,,,,,,,
908,905,734.695,0,0.711,0,Prune by CG,,4-22-4 = 1.0,5-42-5 = 0.625,7-31-52-29-19-8 = 0.5,7-48-24-30-7 = 1.0,7-21-26-36-7 = 0.5,7-52-29-37-7 = 0.5,7-31-21-26-36-7 = 0.5,8-33-23-39-8 = 0.375,8-33-39-8 = 0.625,8-12-47-11-8 = 1.0,8-40-44-51-43-4 = 0.125,8-10-49-19-37-7 = 0.5,8-40-49-10-51-4 = 0.25,5-18-54-34-13-5 = 0.375,5-32-55-14-5 = 0.375,5-38-50-16-5 = 0.375,5-35-38-5 = 0.625,5-56-55-32-5 = 0.625,5-18-54-13-14-5 = 0.625,5-34-51-44-43-4 = 0.625,8-49-10-44-43-4 = 0.25,4-28-15-4 = 0.25,4-15-57-4 = 0.375,4-17-57-4 = 0.25,4-17-15-28-4 = 0.375,4-45-20-28-4 = 0.375,4-17-41-57-4 = 0.375,4-45-20-40-23-8 = 0.625,4-41-50-16-5 = 0.625,5-35-56-42-5 = 0.375,8-27-53-8 = 1.0,5-25-9-58-46-5 = 1.0,,,,,,,,,,,,,,,,,,
727,726,734.267,12.643,2.551,2.643,Prune by UB,,4-22-4 = 1.0,8-39-8 = 0.429,5-42-5 = 0.494,7-31-52-29-19-8 = 0.5,7-48-24-30-7 = 1.0,7-21-26-36-7 = 0.5,8-53-27-8 = 1.0,7-52-29-37-7 = 0.5,7-31-21-26-36-7 = 0.5,8-33-23-39-8 = 0.429,8-33-39-8 = 0.143,8-33-40-11-8 = 0.429,8-12-44-28-4 = 0.238,8-12-47-11-8 = 0.393,8-10-49-19-37-7 = 0.5,8-45-20-11-8 = 0.012,5-35-56-14-5 = 0.018,5-18-54-34-13-5 = 0.696,5-32-55-14-5 = 0.524,5-38-50-16-5 = 0.262,5-38-41-57-4 = 0.262,5-35-38-5 = 0.476,5-56-55-32-5 = 0.476,5-18-25-54-5 = 0.238,5-25-9-46-47-4 = 0.107,5-25-9-51-44-4 = 0.131,5-25-9-46-14-5 = 0.393,5-34-13-51-15-4 = 0.238,8-49-10-46-47-4 = 0.5,4-15-57-4 = 0.25,4-17-57-4 = 0.488,4-17-15-28-4 = 0.512,4-12-9-58-43-4 = 0.369,4-45-20-28-4 = 0.25,4-44-58-51-43-4 = 0.631,5-25-54-14-5 = 0.065,4-45-20-40-23-8 = 0.571,4-41-50-16-5 = 0.738,4-45-20-11-8 = 0.167,5-35-56-42-5 = 0.506,5-18-25-34-13-5 = 0.065,,,,,,,,,
829,561,734.483,10.818,2.654,0.868,Prune by UB,,4-22-4 = 0.795,5-42-5 = 1.0,7-31-52-29-19-8 = 0.455,7-30-24-26-36-7 = 0.227,7-48-24-30-7 = 0.773,7-21-26-36-7 = 0.091,7-21-49-19-37-7 = 0.455,7-48-26-36-7 = 0.227,8-53-27-8 = 1.0,8-40-28-15-4 = 0.455,7-52-29-37-7 = 0.455,7-31-21-26-36-7 = 0.455,8-33-23-39-8 = 0.727,8-33-40-11-8 = 0.273,8-40-23-39-8 = 0.273,8-12-47-11-8 = 0.727,7-31-52-29-14-5 = 0.091,5-35-56-14-5 = 0.341,5-18-54-34-13-5 = 0.795,5-32-55-14-5 = 0.341,5-38-50-16-5 = 0.17,5-38-41-57-4 = 0.17,5-35-38-5 = 0.659,5-25-58-10-49-7 = 0.182,5-56-55-32-5 = 0.659,5-18-54-13-14-5 = 0.205,5-25-9-46-47-4 = 0.273,5-25-9-10-58-5 = 0.432,5-25-9-46-14-5 = 0.023,5-34-58-10-46-4 = 0.205,4-28-15-4 = 0.17,4-22-57-4 = 0.205,4-17-57-4 = 0.625,4-17-15-28-4 = 0.375,5-25-58-49-37-7 = 0.091,4-45-20-44-43-4 = 0.5,4-45-20-44-51-4 = 0.5,4-51-46-43-4 = 0.5,4-41-50-16-5 = 0.83,4-12-9-10-49-7 = 0.182,4-12-9-58-49-19-7 = 0.091,,,,,,,,,
553,2,732.596,10.083,3.316,-0.182,909,910,4-22-4 = 0.625,5-42-5 = 1.0,7-31-52-29-19-8 = 0.5,7-48-24-30-7 = 1.0,7-21-26-36-7 = 0.5,7-52-29-37-7 = 0.5,7-31-21-26-36-7 = 0.5,8-33-23-39-8 = 0.604,8-33-39-8 = 0.375,8-33-40-11-8 = 0.021,8-53-39-8 = 0.021,8-12-44-28-4 = 0.417,8-12-47-11-8 = 0.583,8-40-44-51-43-4 = 0.583,8-10-49-19-37-7 = 0.5,5-18-54-34-13-5 = 0.5,5-35-38-5 = 1.0,5-25-51-43-4 = 0.354,5-54-9-10-49-8 = 0.354,5-56-55-32-5 = 1.0,5-25-9-46-47-4 = 0.292,5-18-54-58-14-5 = 0.146,5-18-25-9-58-14-5 = 0.354,5-34-58-46-13-14-5 = 0.5,8-27-49-10-46-4 = 0.021,8-49-10-46-47-4 = 0.125,4-15-57-4 = 0.417,4-22-57-4 = 0.167,4-17-57-4 = 0.417,4-17-15-28-4 = 0.583,4-51-46-43-4 = 0.062,4-45-20-40-23-8 = 0.396,4-41-50-16-5 = 1.0,4-45-20-11-8 = 0.396,4-45-20-22-4 = 0.208,8-27-53-8 = 0.979,,,,,,,,,,,,,,
909,553,732.967,10.167,0.371,0.083,911,912,4-22-4 = 0.625,5-42-5 = 1.0,7-31-52-29-19-8 = 0.5,7-48-24-30-7 = 1.0,7-21-26-36-7 = 0.5,7-52-29-37-7 = 0.5,7-31-21-26-36-7 = 0.5,8-33-23-39-8 = 0.583,8-33-39-8 = 0.375,8-33-40-11-8 = 0.042,8-53-39-8 = 0.042,8-12-44-28-4 = 0.333,8-12-47-11-8 = 0.542,8-12-9-10-49-8 = 0.125,8-40-44-51-43-4 = 0.542,8-10-49-19-37-7 = 0.5,5-18-54-34-13-5 = 0.542,5-35-38-5 = 1.0,5-25-51-43-4 = 0.333,5-54-9-10-49-8 = 0.208,5-56-55-32-5 = 1.0,5-25-9-46-47-4 = 0.458,5-18-54-58-14-5 = 0.25,5-18-25-9-58-14-5 = 0.208,5-34-13-46-43-4 = 0.042,5-34-58-46-13-14-5 = 0.417,8-49-10-51-44-4 = 0.125,5-58-46-43-14-5 = 0.083,4-15-57-4 = 0.375,4-22-57-4 = 0.25,4-17-57-4 = 0.375,4-17-15-28-4 = 0.625,4-45-20-28-4 = 0.042,4-45-20-40-23-8 = 0.417,4-41-50-16-5 = 1.0,4-45-20-11-8 = 0.417,4-45-20-22-4 = 0.125,8-27-53-8 = 0.958,8-27-49-10-58-14-5 = 0.042,,,,,,,,,,,
911,909,735.862,0,2.895,0,Prune by CG,,4-22-4 = 0.667,5-42-5 = 1.0,7-31-52-29-19-8 = 0.5,7-48-24-30-7 = 1.0,7-21-26-36-7 = 0.5,7-52-29-37-7 = 0.5,7-31-21-26-36-7 = 0.5,8-33-23-39-8 = 1.0,8-12-47-11-8 = 0.667,8-12-9-10-49-8 = 0.333,8-40-44-51-43-4 = 1.0,8-45-20-11-8 = 0.167,5-18-54-34-13-5 = 0.333,5-35-38-5 = 1.0,5-56-55-32-5 = 1.0,5-18-25-54-5 = 0.333,5-25-9-10-49-8 = 0.333,5-18-54-58-14-5 = 0.333,5-34-58-46-13-14-5 = 0.667,4-15-57-4 = 0.5,4-17-57-4 = 0.5,4-17-15-28-4 = 0.5,5-25-49-19-37-7 = 0.333,4-45-20-28-4 = 0.5,4-41-50-16-5 = 1.0,4-45-20-22-4 = 0.333,8-27-53-8 = 1.0,8-11-19-37-7 = 0.167,5-9-10-46-47-8 = 0.333,,,,,,,,,,,,,,,,,,,,,
912,909,733.831,9.217,0.865,-0.949,913,914,4-22-4 = 0.522,5-42-5 = 1.0,7-31-52-29-19-8 = 0.5,7-48-24-30-7 = 1.0,7-31-52-54-5 = 0.13,7-21-26-36-7 = 0.63,7-52-29-37-7 = 0.37,7-31-21-26-36-7 = 0.37,8-33-23-39-8 = 0.348,8-33-39-8 = 0.652,8-12-44-28-4 = 0.261,8-12-47-11-8 = 0.696,8-40-44-51-43-4 = 0.348,8-10-49-19-37-7 = 0.5,5-18-54-34-13-5 = 0.413,5-35-38-5 = 1.0,5-25-51-43-4 = 0.217,5-54-9-46-4 = 0.022,5-54-9-10-49-4 = 0.152,5-56-55-32-5 = 1.0,5-25-9-46-47-4 = 0.304,5-18-54-58-14-5 = 0.152,5-18-25-9-58-14-5 = 0.435,5-25-9-51-44-4 = 0.043,5-34-13-46-43-4 = 0.304,5-34-58-46-13-14-5 = 0.283,8-49-10-51-44-4 = 0.348,5-58-46-43-14-5 = 0.087,4-15-57-4 = 0.261,4-22-57-4 = 0.478,4-17-57-4 = 0.261,4-17-15-28-4 = 0.739,4-20-51-43-4 = 0.043,5-54-29-37-7 = 0.13,4-45-20-40-23-8 = 0.652,4-41-50-16-5 = 1.0,4-45-20-11-8 = 0.304,4-45-12-9-58-14-5 = 0.043,8-27-53-8 = 1.0,,,,,,,,,,,
913,912,739.136,0,5.304,0,Prune by CG,,4-22-4 = 0.611,5-42-5 = 1.0,7-31-52-29-19-8 = 0.5,7-48-24-30-7 = 1.0,7-21-26-36-7 = 0.5,7-52-29-37-7 = 0.5,7-31-21-26-36-7 = 0.5,8-33-23-39-8 = 0.278,8-33-39-8 = 0.722,8-12-47-11-8 = 0.944,8-40-44-51-43-4 = 0.278,8-10-49-19-37-7 = 0.5,5-35-56-38-5 = 0.556,5-35-38-5 = 0.444,5-25-51-43-4 = 0.556,5-54-9-46-4 = 0.333,5-56-55-32-5 = 0.444,5-18-54-9-44-4 = 0.333,5-18-55-32-5 = 0.556,5-18-25-58-14-5 = 0.111,5-34-13-46-43-4 = 0.111,5-34-58-46-13-14-5 = 0.556,8-49-10-51-44-4 = 0.167,4-15-57-4 = 0.222,4-22-57-4 = 0.389,4-17-57-4 = 0.389,4-17-15-28-4 = 0.611,4-45-20-28-4 = 0.222,4-45-20-44-43-4 = 0.056,5-25-9-54-34-5 = 0.333,4-45-20-40-23-8 = 0.722,4-41-50-16-5 = 1.0,4-12-47-11-8 = 0.056,8-27-53-8 = 1.0,8-49-10-58-13-14-5 = 0.333,4-44-28-15-4 = 0.167,,,,,,,,,,,,,,
914,912,733.86,7.343,0.029,-1.875,915,916,4-22-4 = 0.457,5-42-5 = 1.0,7-31-52-29-19-8 = 0.5,7-48-24-30-7 = 1.0,7-31-52-54-5 = 0.343,7-21-26-36-7 = 0.843,7-52-29-37-7 = 0.157,7-31-21-26-36-7 = 0.157,8-33-23-39-8 = 0.257,8-33-39-8 = 0.729,8-33-40-11-8 = 0.014,8-53-39-8 = 0.014,8-12-44-28-4 = 0.1,8-12-47-11-8 = 0.871,8-40-44-51-43-4 = 0.243,8-10-49-19-37-7 = 0.5,5-18-54-34-13-5 = 0.186,5-35-38-5 = 1.0,5-25-51-43-4 = 0.029,5-56-55-32-5 = 1.0,5-25-9-46-47-4 = 0.129,5-18-54-58-14-5 = 0.129,5-18-25-9-58-14-5 = 0.686,5-25-9-51-44-4 = 0.157,5-51-46-43-4 = 0.057,5-34-13-46-43-4 = 0.657,5-34-58-46-13-14-5 = 0.157,8-49-10-51-44-4 = 0.5,4-15-57-4 = 0.229,4-22-57-4 = 0.543,4-17-57-4 = 0.229,4-17-15-28-4 = 0.771,4-20-51-43-4 = 0.014,4-45-20-28-4 = 0.129,5-54-29-37-7 = 0.343,4-45-20-40-23-8 = 0.743,4-41-50-16-5 = 1.0,4-45-20-11-8 = 0.114,4-45-12-9-58-14-5 = 0.014,8-27-53-8 = 0.986,8-27-12-9-58-14-5 = 0.014,,,,,,,,,
915,914,734.354,0,0.494,0,Prune by CG,,4-22-4 = 0.437,5-42-5 = 1.0,7-31-52-29-19-8 = 0.5,7-48-24-30-7 = 1.0,7-31-52-54-5 = 0.375,7-21-26-36-7 = 0.875,7-52-29-37-7 = 0.125,7-31-21-26-36-7 = 0.125,8-33-23-39-8 = 0.25,8-33-39-8 = 0.75,8-12-44-28-4 = 0.083,8-12-47-11-8 = 0.917,8-10-51-43-4 = 0.083,8-40-44-51-43-4 = 0.25,8-10-49-19-37-7 = 0.25,5-18-54-34-13-5 = 0.167,5-35-38-5 = 1.0,5-56-55-32-5 = 1.0,5-25-9-46-47-4 = 0.083,5-18-54-58-14-5 = 0.083,5-18-25-9-58-14-5 = 0.75,5-34-13-46-43-4 = 0.667,5-34-58-46-13-14-5 = 0.083,8-49-10-51-44-4 = 0.667,4-15-57-4 = 0.229,4-22-57-4 = 0.542,4-17-57-4 = 0.229,4-17-15-28-4 = 0.771,5-25-49-19-37-7 = 0.083,5-34-46-19-37-7 = 0.083,5-9-46-19-37-7 = 0.083,4-45-20-28-4 = 0.146,5-54-29-37-7 = 0.375,5-25-9-58-13-14-5 = 0.083,4-45-20-40-23-8 = 0.75,4-41-50-16-5 = 1.0,4-45-20-11-8 = 0.083,4-45-20-22-4 = 0.021,8-27-53-8 = 1.0,,,,,,,,,,,
916,914,734.152,9.632,0.292,2.289,917,918,4-22-4 = 0.592,5-42-5 = 1.0,7-31-52-29-19-8 = 0.5,7-48-24-30-7 = 1.0,7-31-52-54-5 = 0.066,7-21-26-36-7 = 0.566,7-52-29-37-7 = 0.434,7-31-21-26-36-7 = 0.434,8-33-23-39-8 = 0.25,8-33-39-8 = 0.5,8-33-40-11-8 = 0.25,8-53-39-8 = 0.25,8-12-44-28-4 = 0.197,8-12-47-11-8 = 0.684,8-10-49-19-37-7 = 0.5,5-18-54-34-13-5 = 0.724,5-35-38-5 = 1.0,5-25-51-43-4 = 0.118,5-56-55-32-5 = 1.0,5-25-9-46-47-4 = 0.316,5-18-54-58-14-5 = 0.145,5-18-25-9-58-14-5 = 0.132,5-25-9-51-44-4 = 0.434,5-51-46-43-4 = 0.276,5-34-51-44-15-4 = 0.171,5-34-13-46-43-4 = 0.105,8-49-10-44-43-4 = 0.197,5-58-46-43-14-5 = 0.303,4-15-57-4 = 0.211,4-22-57-4 = 0.408,4-17-57-4 = 0.382,4-17-15-28-4 = 0.618,4-45-20-28-4 = 0.184,5-54-29-37-7 = 0.066,4-45-20-40-23-8 = 0.75,4-41-50-16-5 = 1.0,4-45-20-11-8 = 0.066,8-27-53-8 = 0.75,8-49-10-58-13-14-5 = 0.171,8-27-49-10-58-14-5 = 0.132,8-27-12-9-58-14-5 = 0.118,,,,,,,,,
918,916,735.857,0,1.705,0,Prune by CG,,4-22-4 = 0.438,8-39-8 = 0.125,5-42-5 = 1.0,7-31-52-29-19-8 = 0.375,7-21-52-29-7 = 0.25,7-30-24-26-36-7 = 0.125,7-48-24-30-7 = 0.875,7-21-26-36-7 = 0.125,7-48-26-36-7 = 0.125,8-40-28-15-4 = 0.25,7-52-29-37-7 = 0.375,7-31-21-26-36-7 = 0.625,8-33-23-39-8 = 0.375,8-33-39-8 = 0.5,8-33-40-11-8 = 0.125,8-12-47-11-8 = 0.875,8-12-9-10-49-4 = 0.125,8-10-49-19-37-7 = 0.625,5-41-50-16-5 = 0.125,5-18-54-34-13-5 = 1.0,5-35-38-5 = 1.0,5-56-55-32-5 = 1.0,5-25-9-46-47-4 = 0.125,5-25-9-51-44-4 = 0.75,5-58-46-43-14-5 = 0.875,4-15-57-4 = 0.188,4-22-57-4 = 0.375,4-17-57-4 = 0.438,4-17-15-28-4 = 0.562,7-49-10-51-44-4 = 0.25,4-45-20-28-4 = 0.188,4-45-20-40-23-8 = 0.625,4-41-50-16-5 = 0.875,4-45-20-22-4 = 0.188,8-27-53-8 = 1.0,5-25-58-43-14-5 = 0.125,,,,,,,,,,,,,,
917,916,734.224,9.708,0.072,0.077,919,920,4-22-4 = 0.604,5-42-5 = 1.0,7-31-52-29-19-8 = 0.5,7-48-24-30-7 = 1.0,7-31-52-54-5 = 0.188,7-21-26-36-7 = 0.688,7-52-29-37-7 = 0.312,7-31-21-26-36-7 = 0.312,8-33-23-39-8 = 0.25,8-33-39-8 = 0.5,8-33-40-11-8 = 0.25,8-53-39-8 = 0.25,8-12-44-28-4 = 0.333,8-12-47-11-8 = 0.646,8-10-49-19-37-7 = 0.5,5-18-54-34-13-5 = 0.542,5-35-38-5 = 1.0,5-25-51-43-4 = 0.021,5-56-55-32-5 = 1.0,5-25-9-46-47-4 = 0.354,5-18-54-58-14-5 = 0.083,5-18-25-9-58-14-5 = 0.375,5-25-9-51-44-4 = 0.25,5-51-46-43-4 = 0.458,5-34-51-44-15-4 = 0.063,5-34-51-44-43-4 = 0.208,5-34-13-46-43-4 = 0.167,5-34-58-46-13-14-5 = 0.021,4-15-57-4 = 0.271,4-22-57-4 = 0.396,4-17-57-4 = 0.333,4-17-15-28-4 = 0.667,4-45-20-44-43-4 = 0.146,5-54-29-37-7 = 0.188,4-45-20-40-23-8 = 0.75,4-41-50-16-5 = 1.0,4-45-20-11-8 = 0.104,8-27-53-8 = 0.75,8-49-10-58-13-14-5 = 0.271,8-27-49-10-58-14-5 = 0.229,8-27-12-9-58-14-5 = 0.021,,,,,,,,,
919,917,737.075,0,2.851,0,Prune by CG,,4-22-4 = 0.773,5-42-5 = 0.909,7-31-52-29-19-8 = 0.409,7-48-24-30-7 = 1.0,7-31-52-54-5 = 0.114,7-21-26-36-7 = 0.568,8-40-28-15-4 = 0.091,7-52-29-37-7 = 0.477,7-31-29-19-11-8 = 0.045,7-31-21-26-36-7 = 0.432,8-33-23-39-8 = 0.318,8-33-39-8 = 0.682,8-12-47-11-8 = 0.955,8-10-49-19-37-7 = 0.5,8-40-49-10-43-4 = 0.227,5-35-56-38-5 = 0.341,8-12-9-47-43-4 = 0.045,5-18-54-55-5 = 0.432,5-18-54-32-5 = 0.432,5-38-50-16-5 = 0.045,5-38-41-57-4 = 0.045,5-35-38-5 = 0.568,5-25-51-43-4 = 0.227,5-56-55-32-5 = 0.568,5-18-25-9-43-4 = 0.136,5-25-9-51-44-4 = 0.636,5-34-58-46-13-14-5 = 1.0,8-49-10-44-43-4 = 0.227,4-15-57-4 = 0.318,4-22-57-4 = 0.227,4-17-57-4 = 0.409,4-17-15-28-4 = 0.591,4-45-20-28-4 = 0.318,5-54-29-37-7 = 0.023,4-45-20-40-23-8 = 0.682,4-41-50-16-5 = 0.955,5-35-56-42-5 = 0.091,8-27-53-8 = 1.0,4-9-51-44-43-4 = 0.136,8-9-10-49-29-19-7 = 0.045,,,,,,,,,,
920,917,734.236,10.1,0.012,0.392,921,922,4-22-4 = 0.65,5-42-5 = 1.0,7-31-52-29-19-8 = 0.5,7-48-24-30-7 = 1.0,7-31-52-54-5 = 0.1,7-21-26-36-7 = 0.6,7-52-29-37-7 = 0.4,7-31-21-26-36-7 = 0.4,8-33-23-39-8 = 0.35,8-33-39-8 = 0.4,8-33-40-11-8 = 0.25,8-53-39-8 = 0.25,8-12-44-28-4 = 0.35,8-12-47-11-8 = 0.55,8-10-49-19-37-7 = 0.5,5-18-54-34-13-5 = 0.6,5-35-38-5 = 1.0,5-25-51-43-4 = 0.1,5-56-55-32-5 = 1.0,5-25-9-46-47-4 = 0.45,5-18-54-58-14-5 = 0.2,5-18-25-9-58-14-5 = 0.2,5-25-9-51-44-4 = 0.25,5-51-46-43-4 = 0.4,5-34-51-44-15-4 = 0.05,5-34-51-44-43-4 = 0.2,5-34-13-46-43-4 = 0.15,4-15-57-4 = 0.3,4-22-57-4 = 0.35,4-17-57-4 = 0.35,4-17-15-28-4 = 0.65,4-45-20-44-43-4 = 0.15,5-54-29-37-7 = 0.1,4-45-20-40-23-8 = 0.65,4-20-40-11-8 = 0.1,4-41-50-16-5 = 1.0,4-45-20-11-8 = 0.1,4-45-12-9-58-14-5 = 0.1,8-27-53-8 = 0.75,8-49-10-58-13-14-5 = 0.25,8-27-49-10-58-14-5 = 0.25,,,,,,,,,
921,920,735.607,0,1.371,0,Prune by CG,,4-22-4 = 1.0,5-42-5 = 0.875,7-31-52-29-19-8 = 0.5,7-48-24-30-7 = 1.0,7-31-52-54-5 = 0.069,7-21-26-36-7 = 0.569,7-52-29-37-7 = 0.431,7-31-21-26-36-7 = 0.431,8-33-23-39-8 = 0.389,8-33-39-8 = 0.222,8-33-40-11-8 = 0.389,8-53-39-8 = 0.389,8-12-44-28-4 = 0.236,8-12-47-11-8 = 0.611,8-10-49-19-37-7 = 0.153,5-35-56-38-5 = 0.111,5-18-54-55-5 = 0.236,5-18-54-32-5 = 0.236,5-18-54-34-13-5 = 0.389,5-38-50-16-5 = 0.062,5-38-41-57-4 = 0.063,5-35-38-5 = 0.764,5-25-51-43-4 = 0.292,5-56-55-32-5 = 0.764,5-25-9-46-47-4 = 0.111,5-25-9-46-47-8 = 0.278,5-25-9-51-44-4 = 0.319,5-51-46-43-4 = 0.125,5-34-51-44-43-4 = 0.264,4-28-15-4 = 0.049,4-15-57-4 = 0.444,4-17-57-4 = 0.493,4-17-15-28-4 = 0.507,5-18-9-46-43-4 = 0.139,5-34-46-19-37-7 = 0.347,4-45-20-28-4 = 0.208,4-45-20-44-43-4 = 0.181,5-54-29-37-7 = 0.069,4-45-20-40-23-8 = 0.611,4-41-50-16-5 = 0.938,5-35-56-42-5 = 0.125,8-27-53-8 = 0.611,8-49-10-58-13-14-5 = 0.611,8-27-49-10-58-14-5 = 0.236,8-27-12-9-58-14-5 = 0.153,,,,,
922,920,734.687,0,0.451,0,Prune by CG,,4-22-4 = 0.375,8-39-8 = 0.125,5-42-5 = 1.0,7-31-52-29-19-8 = 0.156,7-21-52-29-7 = 0.25,7-30-24-26-36-7 = 0.125,7-48-24-30-7 = 0.875,7-31-52-54-5 = 0.219,7-21-26-36-7 = 0.375,7-48-26-36-7 = 0.125,7-31-49-10-58-14-5 = 0.031,7-52-29-37-7 = 0.375,7-31-29-19-11-8 = 0.219,7-31-21-26-36-7 = 0.375,8-33-23-39-8 = 0.125,8-33-39-8 = 0.75,8-33-40-11-8 = 0.125,8-12-44-28-4 = 0.281,8-12-47-11-8 = 0.656,8-10-49-19-37-7 = 0.625,5-18-54-34-13-5 = 0.531,5-35-38-5 = 1.0,5-56-55-32-5 = 1.0,5-25-58-51-14-5 = 0.062,5-25-9-46-47-4 = 0.344,5-18-54-58-14-5 = 0.25,5-18-25-9-58-14-5 = 0.219,5-25-9-51-44-4 = 0.062,5-51-46-43-4 = 0.438,5-34-51-44-15-4 = 0.313,5-34-13-46-43-4 = 0.156,8-49-10-44-43-4 = 0.344,4-15-57-4 = 0.031,4-22-57-4 = 0.625,4-17-57-4 = 0.344,4-17-15-28-4 = 0.656,4-20-51-43-4 = 0.063,4-45-20-28-4 = 0.062,5-58-51-46-14-5 = 0.062,5-25-9-58-13-14-5 = 0.313,4-45-20-40-23-8 = 0.875,4-41-50-16-5 = 1.0,4-45-12-9-58-14-5 = 0.063,8-27-53-8 = 1.0,,,,,,
910,553,733.196,10.417,0.6,0.333,923,924,4-22-4 = 0.417,8-39-8 = 0.083,5-42-5 = 1.0,7-31-52-29-19-8 = 0.5,7-48-24-30-7 = 1.0,7-21-26-36-7 = 0.5,7-52-29-37-7 = 0.5,7-31-21-26-36-7 = 0.5,8-33-23-39-8 = 0.292,8-33-39-8 = 0.583,8-33-40-11-8 = 0.125,8-53-39-8 = 0.042,8-12-44-28-4 = 0.417,8-12-47-11-8 = 0.583,8-40-44-51-43-4 = 0.167,8-10-49-19-37-7 = 0.5,5-41-50-16-5 = 0.25,5-18-54-34-13-5 = 0.5,5-35-38-5 = 1.0,5-25-51-43-4 = 0.042,5-54-9-10-49-8 = 0.042,5-56-55-32-5 = 1.0,5-18-54-58-14-5 = 0.208,5-18-25-9-58-14-5 = 0.292,5-25-9-44-43-4 = 0.167,5-34-51-44-15-4 = 0.167,5-34-51-44-43-4 = 0.083,8-27-49-10-46-4 = 0.042,8-49-10-46-47-4 = 0.417,4-22-57-4 = 0.583,4-17-57-4 = 0.417,4-17-15-28-4 = 0.583,4-51-46-43-4 = 0.542,5-25-9-58-13-14-5 = 0.5,5-54-34-15-4 = 0.25,4-45-20-40-23-8 = 0.708,4-41-50-16-5 = 0.75,4-45-20-11-8 = 0.292,8-27-53-8 = 0.958,,,,,,,,,,,
923,910,739.408,0,6.213,0,Prune by CG,,4-22-4 = 0.551,5-42-5 = 1.0,7-31-52-29-19-8 = 0.147,7-31-52-37-7 = 0.382,7-48-24-30-7 = 1.0,7-21-26-36-7 = 0.529,8-53-27-8 = 1.0,8-40-28-15-4 = 0.419,7-52-29-37-7 = 0.471,7-31-21-26-36-7 = 0.471,8-33-23-39-8 = 0.581,8-33-39-8 = 0.419,8-12-44-28-4 = 0.279,8-12-47-11-8 = 0.676,8-40-44-51-43-4 = 0.162,5-35-38-5 = 1.0,5-56-55-32-5 = 1.0,5-18-25-9-58-14-5 = 0.309,5-34-51-44-15-4 = 0.279,8-49-10-46-47-4 = 0.324,4-15-57-4 = 0.051,4-22-57-4 = 0.199,4-17-57-4 = 0.75,4-17-15-28-4 = 0.25,8-49-46-19-37-7 = 0.074,4-45-20-28-4 = 0.051,4-45-20-44-43-4 = 0.235,4-51-46-43-4 = 0.559,4-45-44-46-43-4 = 0.044,5-25-9-58-13-14-5 = 0.382,5-54-34-10-49-8 = 0.294,5-54-19-11-8 = 0.324,5-18-54-29-19-8 = 0.382,4-45-20-40-23-8 = 0.419,4-41-50-16-5 = 1.0,4-45-20-22-4 = 0.25,8-49-10-58-13-14-5 = 0.309,5-18-25-9-34-13-5 = 0.265,4-20-12-9-34-5 = 0.044,5-18-25-34-13-5 = 0.044,5-34-10-19-37-7 = 0.074,,,,,,,,,
924,910,733.298,10.412,0.103,-0.005,925,926,4-22-4 = 0.412,8-39-8 = 0.074,5-42-5 = 1.0,7-31-52-29-19-8 = 0.5,7-48-24-30-7 = 1.0,7-31-52-54-5 = 0.015,7-21-26-36-7 = 0.515,8-53-27-8 = 0.971,7-52-29-37-7 = 0.485,7-31-21-26-36-7 = 0.485,8-33-23-39-8 = 0.309,8-33-39-8 = 0.588,8-33-40-11-8 = 0.103,8-53-39-8 = 0.029,8-12-44-28-4 = 0.412,8-12-47-11-8 = 0.588,8-40-44-51-43-4 = 0.206,8-10-49-19-37-7 = 0.5,5-41-50-16-5 = 0.294,5-18-54-34-13-5 = 0.5,5-35-38-5 = 1.0,5-56-55-32-5 = 1.0,5-25-9-10-49-8 = 0.059,5-18-54-58-14-5 = 0.206,5-18-25-9-58-14-5 = 0.294,5-25-9-44-43-4 = 0.147,5-34-51-44-15-4 = 0.147,5-34-51-44-43-4 = 0.088,8-27-49-10-46-4 = 0.029,8-49-10-46-47-4 = 0.412,4-22-57-4 = 0.588,4-17-57-4 = 0.412,4-17-15-28-4 = 0.588,4-51-46-43-4 = 0.559,5-54-29-37-7 = 0.015,5-25-9-58-13-14-5 = 0.5,5-54-34-15-4 = 0.265,4-45-20-40-23-8 = 0.691,4-41-50-16-5 = 0.706,4-45-20-11-8 = 0.309,,,,,,,,,,
926,924,735.571,0,2.273,0,Prune by CG,,4-22-4 = 0.93,8-39-8 = 0.158,5-42-5 = 0.667,7-31-52-29-19-8 = 0.5,7-48-24-30-7 = 1.0,7-31-52-54-5 = 0.167,7-21-26-36-7 = 0.667,8-53-27-8 = 1.0,7-52-29-37-7 = 0.333,7-31-21-26-36-7 = 0.333,8-33-23-39-8 = 0.342,8-33-39-8 = 0.5,8-33-40-11-8 = 0.158,8-12-44-28-4 = 0.377,8-12-47-11-8 = 0.623,8-10-49-19-37-7 = 0.395,8-40-49-46-43-4 = 0.184,5-18-54-55-5 = 0.333,5-18-54-32-5 = 0.333,5-38-50-16-5 = 0.167,5-38-41-57-4 = 0.167,5-35-38-5 = 0.667,5-56-55-32-5 = 0.667,5-18-25-9-58-14-5 = 0.167,5-34-51-44-15-4 = 0.202,5-34-51-44-43-4 = 0.404,8-49-10-46-47-4 = 0.377,4-15-57-4 = 0.281,4-22-57-4 = 0.07,4-17-57-4 = 0.482,4-17-15-28-4 = 0.518,8-49-46-19-37-7 = 0.044,4-45-20-28-4 = 0.105,4-45-20-44-43-4 = 0.018,4-51-46-43-4 = 0.395,5-54-29-37-7 = 0.167,5-25-9-58-13-14-5 = 0.667,4-45-20-40-23-8 = 0.658,4-41-50-16-5 = 0.833,4-45-20-11-8 = 0.219,5-35-56-42-5 = 0.333,5-18-25-9-34-13-5 = 0.167,5-34-10-19-37-7 = 0.061,5-34-10-58-13-14-5 = 0.167,,,,,,
925,924,733.578,12,0.279,1.588,927,928,4-22-4 = 0.5,5-42-5 = 1.0,7-31-52-29-19-8 = 0.5,7-48-24-30-7 = 1.0,7-21-26-36-7 = 0.5,8-53-27-8 = 1.0,7-52-29-37-7 = 0.5,7-31-21-26-36-7 = 0.5,8-33-23-39-8 = 0.5,8-33-39-8 = 0.5,8-12-44-28-4 = 0.5,8-12-47-11-8 = 0.5,8-40-44-51-43-4 = 0.5,8-10-49-19-37-7 = 0.5,5-41-50-16-5 = 0.5,5-18-54-34-13-5 = 0.5,5-35-38-5 = 1.0,5-56-55-32-5 = 1.0,5-18-25-9-58-14-5 = 0.5,8-49-10-46-47-8 = 0.5,4-22-57-4 = 0.5,4-17-57-4 = 0.5,4-17-15-28-4 = 0.5,4-51-46-43-4 = 0.5,5-25-9-58-13-14-5 = 0.5,5-54-34-15-4 = 0.5,4-45-20-40-23-8 = 0.5,4-41-50-16-5 = 0.5,4-45-20-11-8 = 0.5,,,,,,,,,,,,,,,,,,,,,
927,925,735.565,0,1.987,0,Prune by CG,,4-22-4 = 0.5,5-42-5 = 1.0,7-31-52-29-19-8 = 0.5,7-48-24-30-7 = 1.0,7-21-26-36-7 = 0.5,8-53-27-8 = 1.0,8-40-28-15-4 = 0.5,7-52-29-37-7 = 0.5,7-31-21-26-36-7 = 0.5,8-33-23-39-8 = 1.0,8-12-44-28-4 = 0.5,8-40-44-51-43-4 = 0.5,5-18-54-34-13-5 = 0.5,5-35-38-5 = 1.0,5-56-55-32-5 = 1.0,5-18-25-9-58-14-5 = 0.5,8-49-10-46-47-8 = 0.5,4-17-57-4 = 1.0,4-51-46-43-4 = 0.5,5-25-9-58-13-14-5 = 0.5,5-54-34-15-4 = 0.5,4-41-50-16-5 = 1.0,4-12-47-11-8 = 0.5,4-45-20-11-8 = 0.5,5-10-49-19-37-7 = 0.5,4-45-20-22-4 = 0.5,,,,,,,,,,,,,,,,,,,,,,,,
928,925,733.827,12,0.249,0,929,930,4-22-4 = 0.5,5-42-5 = 1.0,7-31-52-29-19-8 = 0.5,7-48-24-30-7 = 1.0,7-21-26-36-7 = 0.5,8-53-27-8 = 1.0,7-52-29-37-7 = 0.5,7-31-21-26-36-7 = 0.5,8-33-23-39-8 = 0.5,8-33-39-8 = 0.5,8-12-47-11-8 = 0.5,8-40-44-51-43-4 = 0.5,8-10-49-19-37-7 = 0.5,5-41-50-16-5 = 0.5,5-18-54-34-13-5 = 0.5,5-35-38-5 = 1.0,5-56-55-32-5 = 1.0,5-18-25-9-58-14-5 = 0.5,8-49-10-46-47-4 = 0.5,4-22-57-4 = 0.5,4-17-57-4 = 0.5,4-17-15-28-4 = 0.5,4-12-44-28-4 = 0.5,4-51-46-43-4 = 0.5,5-25-9-58-13-14-5 = 0.5,5-54-34-15-4 = 0.5,4-45-20-40-23-8 = 0.5,4-41-50-16-5 = 0.5,4-45-20-11-8 = 0.5,,,,,,,,,,,,,,,,,,,,,
929,928,737.17,0,3.343,0,Prune by CG,,4-22-4 = 0.5,5-42-5 = 1.0,7-31-52-29-19-8 = 0.5,7-48-24-30-7 = 1.0,7-21-26-36-7 = 0.5,8-53-27-8 = 1.0,7-52-29-37-7 = 0.5,7-31-21-26-36-7 = 0.5,8-33-23-39-8 = 0.5,8-33-39-8 = 0.5,8-12-47-11-8 = 0.5,8-40-44-51-43-4 = 0.5,8-10-49-19-37-7 = 0.5,5-18-54-34-13-4 = 0.5,5-35-38-5 = 1.0,5-56-55-32-5 = 1.0,5-18-25-9-58-14-5 = 0.5,8-49-10-46-47-4 = 0.5,4-22-57-4 = 0.5,4-17-57-4 = 0.5,4-17-15-28-4 = 0.5,4-12-44-28-4 = 0.5,4-51-46-43-4 = 0.5,5-25-9-58-13-14-5 = 0.5,5-54-34-15-4 = 0.5,4-45-20-40-23-8 = 0.5,4-41-50-16-5 = 1.0,4-45-20-11-8 = 0.5,,,,,,,,,,,,,,,,,,,,,,
930,928,734.079,10.252,0.253,-1.748,931,932,4-22-4 = 0.664,5-42-5 = 1.0,7-31-52-29-19-8 = 0.5,7-48-24-30-7 = 1.0,7-21-26-36-7 = 0.5,8-53-27-8 = 0.755,7-52-29-37-7 = 0.5,7-31-21-26-36-7 = 0.5,8-33-23-39-8 = 0.378,8-33-39-8 = 0.378,8-33-40-11-8 = 0.245,8-53-39-8 = 0.245,8-12-47-11-8 = 0.755,8-12-9-10-49-8 = 0.01,8-40-44-51-43-4 = 0.133,8-10-49-19-37-7 = 0.5,5-41-50-16-5 = 0.682,5-18-54-34-13-5 = 0.682,5-35-38-5 = 1.0,5-56-55-32-5 = 1.0,5-25-58-51-14-5 = 0.01,5-18-25-9-58-14-5 = 0.318,5-25-9-51-44-4 = 0.311,5-25-9-44-43-4 = 0.042,8-27-49-10-46-4 = 0.21,8-49-10-46-47-4 = 0.245,4-15-57-4 = 0.332,4-22-57-4 = 0.336,4-17-57-4 = 0.332,4-17-15-28-4 = 0.668,4-12-44-28-4 = 0.234,4-45-20-28-4 = 0.098,4-45-20-44-43-4 = 0.28,4-51-46-43-4 = 0.545,5-25-9-58-13-14-5 = 0.318,4-45-20-40-23-8 = 0.622,4-41-50-16-5 = 0.318,8-27-49-10-58-14-5 = 0.035,5-54-34-58-14-5 = 0.318,,,,,,,,,,,
931,930,735.363,0,1.284,0,Prune by CG,,4-22-4 = 0.877,5-42-5 = 1.0,7-31-52-29-19-8 = 0.5,7-48-24-30-7 = 1.0,7-21-26-36-7 = 0.5,8-53-27-8 = 0.96,7-52-29-37-7 = 0.5,7-31-21-26-36-7 = 0.5,8-33-23-39-8 = 0.48,8-33-39-8 = 0.48,8-33-40-11-8 = 0.04,8-53-39-8 = 0.04,8-12-47-11-8 = 0.571,8-12-9-10-49-8 = 0.095,8-40-44-51-43-4 = 0.44,8-10-49-19-37-7 = 0.437,5-41-50-16-5 = 0.579,5-18-54-34-13-5 = 0.579,5-38-50-16-5 = 0.21,5-38-41-57-4 = 0.21,5-35-38-5 = 0.579,5-56-55-32-5 = 1.0,5-25-58-51-14-5 = 0.159,5-18-25-9-58-14-5 = 0.421,8-27-49-10-46-4 = 0.04,8-49-10-46-47-4 = 0.429,4-15-57-4 = 0.333,4-22-57-4 = 0.123,4-17-57-4 = 0.333,4-17-15-28-4 = 0.667,4-12-44-28-4 = 0.333,4-45-20-44-43-4 = 0.159,4-51-46-43-4 = 0.401,8-9-46-19-37-7 = 0.063,5-25-9-58-13-14-5 = 0.421,4-45-20-40-23-8 = 0.52,4-41-50-16-5 = 0.21,4-45-20-11-8 = 0.321,4-44-46-11-8 = 0.067,5-35-54-34-5 = 0.421,,,,,,,,,,
932,930,735.642,0,1.563,0,Prune by CG,,4-22-4 = 0.277,8-39-8 = 0.318,5-42-5 = 1.0,7-31-52-29-19-8 = 0.5,7-48-24-30-7 = 1.0,7-21-58-46-14-5 = 0.009,7-21-26-36-7 = 0.491,8-53-27-8 = 0.983,7-52-29-37-7 = 0.5,7-31-21-26-36-7 = 0.5,8-33-23-39-8 = 0.355,8-33-39-8 = 0.31,8-33-40-11-8 = 0.334,8-53-39-8 = 0.017,8-12-44-15-4 = 0.273,8-12-47-11-8 = 0.666,8-40-44-51-43-4 = 0.021,5-41-50-16-5 = 0.332,5-18-54-34-13-5 = 0.675,5-38-50-16-5 = 0.005,5-38-41-57-4 = 0.005,5-35-38-5 = 0.991,5-25-51-43-4 = 0.175,5-56-55-32-5 = 1.0,5-25-9-51-44-4 = 0.322,5-25-9-44-43-4 = 0.178,8-49-10-46-47-4 = 0.334,4-22-57-4 = 0.723,4-17-57-4 = 0.273,4-17-15-28-4 = 0.727,4-12-44-28-4 = 0.062,5-25-49-19-37-7 = 0.325,4-45-20-28-4 = 0.211,4-45-20-44-43-4 = 0.145,4-51-46-43-4 = 0.481,8-9-46-19-37-7 = 0.175,4-45-20-40-23-8 = 0.645,4-41-50-16-5 = 0.664,8-49-10-58-13-14-5 = 0.325,5-18-9-10-58-14-5 = 0.325,8-27-49-10-58-14-5 = 0.017,5-35-36-26-7 = 0.009,5-54-34-58-14-5 = 0.325,,,,,,,