id,parent,cgLowerBound,FS,rdtCG,rdtFS,Child,Child
0,0,732.95,9.342,732.95,9.342,1,2,4-22-4 = 1.0,8-39-8 = 0.421,5-42-5 = 1.0,7-31-52-29-19-8 = 0.421,7-48-24-30-7 = 1.0,7-21-26-36-7 = 0.421,8-53-27-8 = 1.0,7-52-29-37-7 = 0.579,7-31-21-26-36-7 = 0.579,8-33-23-39-8 = 0.579,8-33-40-11-8 = 0.421,8-12-47-11-8 = 0.579,8-40-44-51-43-5 = 0.158,8-12-9-58-49-19-8 = 0.158,8-10-49-19-37-7 = 0.237,8-45-20-40-23-8 = 0.421,5-41-50-16-5 = 1.0,5-18-54-34-13-5 = 0.5,5-35-38-5 = 1.0,5-56-55-32-5 = 1.0,5-54-34-13-14-5 = 0.5,5-25-9-10-58-5 = 0.342,5-18-25-9-58-14-5 = 0.5,8-49-10-46-47-8 = 0.421,4-15-28-4 = 0.474,4-15-57-4 = 0.263,4-17-57-4 = 0.737,4-17-15-28-4 = 0.263,4-12-44-28-4 = 0.263,5-25-49-19-37-7 = 0.158,8-49-46-19-37-7 = 0.026,4-45-20-44-43-4 = 0.289,4-45-20-44-51-4 = 0.289,4-51-46-43-4 = 0.553
1,0,729.758,8.056,-3.191,-1.287,3,4,4-22-4 = 1.0,8-33-8 = 0.028,5-38-5 = 0.417,8-39-8 = 0.083,5-42-5 = 1.0,7-31-52-29-19-8 = 0.5,7-48-24-30-7 = 1.0,7-21-26-36-7 = 0.5,7-52-29-37-7 = 0.5,7-31-21-26-36-7 = 0.5,8-33-23-39-8 = 0.222,8-33-39-8 = 0.694,8-33-40-11-8 = 0.056,8-12-47-11-8 = 0.944,8-12-9-58-43-4 = 0.056,8-40-44-51-43-4 = 0.167,8-10-49-19-37-7 = 0.5,8-45-20-40-23-8 = 0.056,5-35-56-14-5 = 0.417,5-18-54-34-13-5 = 0.833,5-32-55-14-5 = 0.417,5-35-38-5 = 0.583,5-25-51-43-4 = 0.056,5-56-55-32-5 = 0.583,5-18-54-13-14-5 = 0.167,5-25-9-10-58-5 = 0.167,5-25-9-51-44-4 = 0.611,5-25-9-58-46-4 = 0.167,5-34-58-46-43-4 = 0.167,8-49-10-46-47-4 = 0.056,8-49-10-58-46-4 = 0.278,8-49-58-46-43-4 = 0.167,4-15-28-4 = 1.0,4-17-57-4 = 1.0,4-45-20-44-43-4 = 0.222,4-51-46-43-4 = 0.167,4-45-20-40-23-8 = 0.722,4-41-50-16-5 = 1.0,8-27-53-8 = 1.0
2,0,729.28,10.265,-3.67,0.923,5,6,4-22-4 = 1.0,5-42-5 = 0.729,7-31-52-29-19-8 = 0.343,7-48-24-30-7 = 1.0,7-21-26-36-7 = 0.343,7-52-29-37-7 = 0.657,7-31-21-26-36-7 = 0.657,8-33-23-39-8 = 0.415,8-33-39-8 = 0.585,8-12-44-28-4 = 0.198,8-12-47-11-8 = 0.744,8-40-44-51-43-4 = 0.415,8-12-9-58-49-19-8 = 0.058,8-10-49-19-37-7 = 0.343,5-35-56-14-5 = 0.049,5-18-54-34-13-5 = 0.631,5-32-55-14-5 = 0.32,5-38-50-16-5 = 0.16,5-38-41-57-4 = 0.16,5-35-38-5 = 0.68,5-25-58-10-49-8 = 0.058,5-56-55-32-5 = 0.68,5-18-54-13-14-5 = 0.256,5-54-34-13-14-5 = 0.113,5-25-9-10-58-5 = 0.314,5-18-25-9-58-14-5 = 0.113,5-25-9-51-44-4 = 0.193,5-25-9-46-14-5 = 0.12,5-25-9-58-46-4 = 0.202,8-49-10-46-47-4 = 0.256,4-15-57-4 = 0.42,4-17-57-4 = 0.42,4-17-15-28-4 = 0.58,5-34-58-49-19-11-8 = 0.256,4-45-20-28-4 = 0.222,4-45-20-44-43-4 = 0.193,4-51-46-43-4 = 0.392,4-45-20-40-23-8 = 0.585,4-41-50-16-5 = 0.84,8-49-10-46-14-5 = 0.029,5-35-56-42-5 = 0.271,8-27-53-8 = 1.0
6,2,729.337,10.545,0.058,0.28,7,8,4-22-4 = 1.0,5-42-5 = 0.794,7-31-52-29-19-8 = 0.332,7-48-24-30-7 = 1.0,7-21-26-36-7 = 0.332,7-52-29-37-7 = 0.668,7-31-21-26-36-7 = 0.668,8-33-23-39-8 = 0.458,8-33-39-8 = 0.542,8-12-44-28-4 = 0.17,8-12-47-11-8 = 0.747,8-40-44-51-43-4 = 0.458,8-12-9-58-49-19-8 = 0.083,8-10-49-19-37-7 = 0.332,5-35-56-14-5 = 0.024,5-35-56-38-5 = 0.348,5-18-54-34-13-5 = 0.747,5-32-55-14-5 = 0.577,5-38-50-16-5 = 0.115,5-38-41-57-4 = 0.115,5-35-38-5 = 0.423,5-25-58-10-49-8 = 0.083,5-56-55-32-5 = 0.423,5-18-54-13-14-5 = 0.253,5-25-9-46-47-4 = 0.004,5-25-9-10-58-5 = 0.336,5-25-9-51-44-4 = 0.186,5-25-9-46-14-5 = 0.146,5-25-9-58-46-4 = 0.245,8-49-10-46-47-4 = 0.249,4-15-57-4 = 0.443,4-17-57-4 = 0.443,4-17-15-28-4 = 0.557,5-34-58-49-19-11-8 = 0.253,4-45-20-28-4 = 0.273,4-45-20-44-43-4 = 0.186,4-51-46-43-4 = 0.356,4-45-20-40-23-8 = 0.542,4-41-50-16-5 = 0.885,5-35-56-42-5 = 0.206,8-27-53-8 = 1.0
8,6,729.399,10.487,0.062,-0.058,9,10,4-22-4 = 1.0,5-42-5 = 0.747,7-31-52-29-19-8 = 0.376,7-48-24-30-7 = 1.0,7-21-26-36-7 = 0.376,7-52-29-37-7 = 0.624,7-31-21-26-36-7 = 0.624,8-33-23-39-8 = 0.5,8-33-39-8 = 0.5,8-12-44-28-4 = 0.109,8-12-47-11-8 = 0.822,8-40-44-51-43-4 = 0.5,8-10-49-19-37-7 = 0.278,5-35-56-14-5 = 0.096,5-18-54-34-13-5 = 0.723,5-32-55-14-5 = 0.348,5-38-50-16-5 = 0.174,5-38-41-57-4 = 0.174,5-35-38-5 = 0.652,5-25-58-10-49-8 = 0.069,5-56-55-32-5 = 0.652,5-18-54-13-14-5 = 0.178,5-54-34-13-14-5 = 0.098,5-25-9-10-58-5 = 0.346,5-18-58-49-19-37-7 = 0.098,5-25-9-51-44-4 = 0.196,5-25-9-46-14-5 = 0.15,5-25-9-58-46-4 = 0.239,8-49-10-46-47-4 = 0.178,4-15-57-4 = 0.413,4-17-57-4 = 0.413,4-17-15-28-4 = 0.587,5-34-58-49-19-11-8 = 0.178,4-45-20-28-4 = 0.304,4-45-20-44-43-4 = 0.196,4-51-46-43-4 = 0.304,4-45-20-40-23-8 = 0.5,4-41-50-16-5 = 0.826,4-12-9-58-49-19-8 = 0.069,8-49-10-46-14-5 = 0.129,5-35-56-42-5 = 0.253,8-27-53-8 = 1.0
10,8,729.407,10.347,0.008,-0.14,11,12,4-22-4 = 1.0,5-42-5 = 0.778,7-31-52-29-19-8 = 0.361,7-48-24-30-7 = 1.0,7-21-26-36-7 = 0.361,7-52-29-37-7 = 0.639,7-31-21-26-36-7 = 0.639,8-33-23-39-8 = 0.417,8-33-39-8 = 0.583,8-12-44-28-4 = 0.181,8-12-47-11-8 = 0.771,8-40-44-51-43-4 = 0.417,8-10-49-19-37-7 = 0.361,5-35-56-14-5 = 0.028,5-35-56-38-5 = 0.375,5-18-54-34-13-5 = 0.771,5-32-55-14-5 = 0.625,5-38-50-16-5 = 0.125,5-38-41-57-4 = 0.125,5-35-38-5 = 0.375,5-25-58-10-49-8 = 0.049,5-56-55-32-5 = 0.375,5-18-54-13-14-5 = 0.229,5-25-9-10-58-5 = 0.361,5-25-9-51-44-4 = 0.243,5-25-9-46-14-5 = 0.118,5-25-9-58-46-4 = 0.229,8-49-10-46-47-4 = 0.229,8-49-58-46-43-4 = 0.083,4-15-57-4 = 0.438,4-17-57-4 = 0.438,4-17-15-28-4 = 0.562,5-34-58-49-19-11-8 = 0.229,4-45-20-28-4 = 0.257,4-45-20-44-43-4 = 0.16,4-51-46-43-4 = 0.34,4-45-20-40-23-8 = 0.583,4-41-50-16-5 = 0.875,4-12-9-58-49-19-8 = 0.049,5-35-56-42-5 = 0.222,8-27-53-8 = 1.0
12,10,729.864,10.778,0.457,0.431,13,14,4-22-4 = 0.667,5-42-5 = 1.0,7-31-52-29-19-8 = 0.389,7-48-24-30-7 = 1.0,7-21-26-36-7 = 0.389,7-52-29-37-7 = 0.611,7-31-21-26-36-7 = 0.611,8-33-23-39-8 = 0.444,8-33-39-8 = 0.556,8-12-44-28-4 = 0.056,8-12-47-11-8 = 0.944,8-40-44-51-43-4 = 0.444,8-10-49-19-37-7 = 0.333,5-35-56-38-5 = 0.5,5-18-54-34-13-5 = 0.5,5-32-55-14-5 = 0.5,5-35-38-5 = 0.5,5-56-55-32-5 = 0.5,5-18-54-13-14-5 = 0.278,5-54-34-13-14-5 = 0.222,5-25-9-10-58-5 = 0.278,5-18-25-9-49-19-8 = 0.222,5-25-9-51-44-4 = 0.056,5-25-9-58-46-4 = 0.444,5-34-58-46-43-4 = 0.278,8-49-10-51-44-4 = 0.333,8-49-10-46-47-8 = 0.056,4-15-57-4 = 0.333,4-22-57-4 = 0.333,4-17-57-4 = 0.333,4-17-15-28-4 = 0.667,8-49-46-19-37-7 = 0.056,4-45-20-28-4 = 0.278,4-45-20-44-43-4 = 0.111,4-51-46-43-4 = 0.167,4-45-20-40-23-8 = 0.556,4-41-50-16-5 = 1.0,4-45-20-11-8 = 0.056,8-27-53-8 = 1.0
4,1,729.892,8.595,0.134,0.539,15,16,4-22-4 = 1.0,8-33-8 = 0.414,8-39-8 = 0.414,5-42-5 = 1.0,7-31-52-29-19-8 = 0.491,7-48-24-30-7 = 1.0,7-21-26-36-7 = 0.491,7-52-29-37-7 = 0.509,7-31-21-26-36-7 = 0.509,8-33-23-39-8 = 0.302,8-33-39-8 = 0.284,8-12-47-11-8 = 0.991,8-40-44-51-43-4 = 0.302,8-12-9-58-49-19-8 = 0.009,8-10-49-19-37-7 = 0.491,5-35-56-14-5 = 0.181,5-18-54-34-13-5 = 0.629,5-32-55-14-5 = 0.181,5-38-50-16-5 = 0.091,5-38-41-57-4 = 0.091,5-35-38-5 = 0.819,5-25-51-43-4 = 0.06,5-25-58-10-49-8 = 0.043,5-56-55-32-5 = 0.819,5-18-54-13-14-5 = 0.009,5-54-34-13-14-5 = 0.362,5-25-9-10-58-5 = 0.017,5-18-25-9-58-14-5 = 0.267,5-25-9-51-44-4 = 0.397,5-25-9-58-46-4 = 0.216,8-49-10-46-47-4 = 0.009,8-49-10-58-46-4 = 0.44,4-28-15-4 = 0.909,4-17-57-4 = 0.909,4-17-15-28-4 = 0.091,5-34-58-49-19-11-8 = 0.009,5-18-9-46-43-4 = 0.095,4-45-20-44-43-4 = 0.302,4-51-46-43-4 = 0.241,4-45-20-40-23-8 = 0.698,4-41-50-16-5 = 0.909,8-27-53-8 = 1.0
16,4,729.964,8.637,0.072,0.043,17,18,4-22-4 = 1.0,8-33-8 = 0.45,8-39-8 = 0.462,5-42-5 = 1.0,7-31-52-29-19-8 = 0.475,7-48-24-30-7 = 1.0,7-21-26-36-7 = 0.475,7-52-29-37-7 = 0.525,7-31-21-26-36-7 = 0.525,8-33-23-39-8 = 0.337,8-33-39-8 = 0.2,8-33-40-11-8 = 0.012,8-12-47-11-8 = 0.938,8-12-9-10-49-8 = 0.063,8-40-44-51-43-4 = 0.325,8-10-49-19-37-7 = 0.475,5-35-56-14-5 = 0.238,5-18-54-34-13-5 = 0.712,5-32-55-14-5 = 0.238,5-38-50-16-5 = 0.119,5-38-41-57-4 = 0.119,5-35-38-5 = 0.762,5-25-51-43-4 = 0.05,5-25-58-10-49-8 = 0.012,5-56-55-32-5 = 0.762,5-18-54-13-14-5 = 0.05,5-54-34-13-14-5 = 0.237,5-25-9-10-58-5 = 0.05,5-18-25-9-58-14-5 = 0.237,5-25-9-58-46-4 = 0.65,8-49-10-46-47-4 = 0.063,8-49-10-51-44-4 = 0.338,4-15-28-4 = 0.881,4-17-57-4 = 0.881,4-17-15-28-4 = 0.119,5-34-58-49-19-11-8 = 0.05,4-45-20-44-43-4 = 0.337,4-51-46-43-4 = 0.288,4-45-20-40-23-8 = 0.663,4-41-50-16-5 = 0.881,8-27-53-8 = 1.0
13,12,730.187,10.8,0.323,0.022,19,20,4-22-4 = 0.6,5-42-5 = 1.0,7-31-52-29-19-8 = 0.5,7-48-24-30-7 = 1.0,7-21-26-36-7 = 0.5,7-52-29-37-7 = 0.5,7-31-21-26-36-7 = 0.5,8-33-23-39-8 = 0.35,8-33-39-8 = 0.65,8-12-47-11-8 = 1.0,8-40-44-51-43-4 = 0.15,8-10-49-19-37-7 = 0.25,8-40-49-46-43-4 = 0.2,5-35-56-38-5 = 0.5,5-18-54-34-13-5 = 0.5,5-32-55-14-5 = 0.5,5-35-38-5 = 0.5,5-56-55-32-5 = 0.5,5-18-54-13-14-5 = 0.5,5-25-9-10-58-5 = 0.5,5-25-9-51-44-4 = 0.5,5-34-58-46-43-4 = 0.5,8-49-10-51-44-4 = 0.25,8-49-51-44-43-4 = 0.05,4-15-57-4 = 0.3,4-22-57-4 = 0.4,4-17-57-4 = 0.3,4-17-15-28-4 = 0.7,8-49-46-19-37-7 = 0.25,4-45-20-28-4 = 0.3,4-45-20-44-43-4 = 0.05,4-51-46-43-4 = 0.05,4-45-20-40-23-8 = 0.65,4-41-50-16-5 = 1.0,8-27-53-8 = 1.0
11,10,730.6,9.0,1.193,-1.347,21,22,4-22-4 = 0.857,5-42-5 = 0.857,7-31-52-29-19-8 = 0.429,7-48-24-30-7 = 1.0,7-21-26-36-7 = 0.429,7-52-29-37-7 = 0.571,7-31-21-26-36-7 = 0.571,8-33-23-39-8 = 0.714,8-33-39-8 = 0.286,8-12-47-11-8 = 1.0,8-40-44-51-43-4 = 0.714,5-35-56-14-5 = 0.143,5-18-54-34-13-5 = 0.857,5-32-55-14-5 = 0.286,5-38-50-16-5 = 0.143,5-38-41-57-4 = 0.143,5-35-38-5 = 0.714,5-25-58-10-49-8 = 0.286,5-56-55-32-5 = 0.714,5-54-34-13-14-5 = 0.143,5-18-58-49-19-37-7 = 0.143,5-25-9-51-44-4 = 0.143,5-25-9-46-14-5 = 0.429,8-49-10-58-46-4 = 0.429,4-15-57-4 = 0.429,4-17-57-4 = 0.429,4-17-15-28-4 = 0.571,4-45-20-28-4 = 0.429,4-45-20-44-43-4 = 0.143,4-51-46-43-4 = 0.143,5-25-9-58-49-19-8 = 0.143,4-45-20-40-23-8 = 0.286,4-41-50-16-5 = 0.857,4-9-10-19-37-7 = 0.286,4-45-20-22-4 = 0.143,5-35-56-42-5 = 0.143,8-27-53-8 = 1.0
18,16,730.311,9.458,0.347,0.821,23,24,4-22-4 = 1.0,8-33-8 = 0.5,5-38-5 = 0.051,8-39-8 = 0.5,5-42-5 = 1.0,7-31-52-29-19-8 = 0.444,7-48-24-30-7 = 1.0,7-21-26-36-7 = 0.444,7-52-29-37-7 = 0.556,7-31-21-26-36-7 = 0.556,8-33-23-39-8 = 0.5,8-12-47-11-8 = 0.889,8-12-9-10-49-8 = 0.111,8-40-44-51-43-4 = 0.5,8-10-49-19-37-7 = 0.444,5-35-56-14-5 = 0.194,5-18-54-34-13-5 = 0.625,5-32-55-14-5 = 0.194,5-38-50-16-5 = 0.072,5-38-41-57-4 = 0.072,5-35-38-5 = 0.806,5-25-58-10-49-8 = 0.111,5-56-55-32-5 = 0.806,5-18-54-13-14-5 = 0.282,5-54-34-13-14-5 = 0.093,5-25-9-46-47-4 = 0.111,5-25-9-10-58-5 = 0.19,5-18-25-9-58-14-5 = 0.093,5-25-9-51-44-4 = 0.171,5-25-9-58-46-4 = 0.324,5-34-58-46-15-4 = 0.171,8-49-51-44-15-4 = 0.079,4-28-15-4 = 0.678,4-17-57-4 = 0.928,4-17-15-28-4 = 0.072,5-34-58-49-19-11-8 = 0.111,4-45-20-28-4 = 0.25,4-45-20-44-43-4 = 0.25,4-51-46-43-4 = 0.25,4-45-20-40-23-8 = 0.5,4-41-50-16-5 = 0.928,8-49-10-46-14-5 = 0.144,8-27-53-8 = 1.0
23,18,730.437,9.312,0.126,-0.146,25,26,4-22-4 = 1.0,8-33-8 = 0.359,5-38-5 = 0.234,8-39-8 = 0.359,5-42-5 = 1.0,7-31-52-29-19-8 = 0.5,7-48-24-30-7 = 1.0,7-21-26-36-7 = 0.5,8-53-27-8 = 1.0,7-52-29-37-7 = 0.5,7-31-21-26-36-7 = 0.5,8-33-23-39-8 = 0.562,8-33-39-8 = 0.078,8-12-47-11-8 = 0.875,8-12-9-10-49-8 = 0.125,8-40-44-51-43-4 = 0.562,8-10-49-19-37-7 = 0.5,5-35-56-14-5 = 0.359,5-18-54-34-13-5 = 0.812,5-32-55-14-5 = 0.359,5-38-50-16-5 = 0.062,5-38-41-57-4 = 0.062,5-35-38-5 = 0.641,5-25-58-10-49-8 = 0.125,5-56-55-32-5 = 0.641,5-18-54-13-14-5 = 0.094,5-54-34-13-14-5 = 0.094,5-25-9-10-58-5 = 0.125,5-18-25-9-58-14-5 = 0.094,5-25-9-58-46-4 = 0.656,5-34-51-44-15-4 = 0.094,8-49-10-46-47-8 = 0.125,8-49-51-44-15-4 = 0.125,4-28-15-4 = 0.719,4-17-57-4 = 0.938,4-17-15-28-4 = 0.062,4-45-20-28-4 = 0.219,4-45-20-44-43-4 = 0.219,4-51-46-43-4 = 0.219,4-45-20-40-23-8 = 0.438,4-41-50-16-5 = 0.938,4-45-20-11-8 = 0.125
15,4,730.873,6.962,0.981,-1.633,27,28,4-22-4 = 1.0,5-42-5 = 1.0,7-31-52-29-19-8 = 0.5,7-31-52-37-7 = 0.192,7-48-24-30-7 = 1.0,7-21-26-36-7 = 0.692,7-52-29-37-7 = 0.308,7-31-21-26-36-7 = 0.308,8-33-23-39-8 = 0.154,8-33-39-8 = 0.846,8-12-47-11-8 = 1.0,8-40-44-51-43-4 = 0.154,8-10-49-19-37-7 = 0.192,5-35-56-14-5 = 0.462,5-18-54-34-13-5 = 0.962,5-32-55-14-5 = 0.462,5-38-50-16-5 = 0.019,5-38-41-57-4 = 0.019,5-35-38-5 = 0.538,5-25-51-43-4 = 0.192,5-56-55-32-5 = 0.538,5-18-54-34-14-5 = 0.038,5-25-9-51-44-4 = 0.423,5-25-9-44-43-4 = 0.269,8-49-10-58-46-4 = 0.654,4-15-28-4 = 0.981,4-17-57-4 = 0.981,4-17-15-28-4 = 0.019,5-25-49-19-37-7 = 0.115,4-45-20-44-43-4 = 0.154,4-51-46-43-4 = 0.231,4-45-20-40-23-8 = 0.846,4-41-50-16-5 = 0.981,5-42-38-5 = 0.423,8-9-58-10-46-4 = 0.115,8-27-53-8 = 1.0,8-49-10-58-13-14-5 = 0.038,8-9-58-29-19-37-7 = 0.192
3,1,730.995,6.5,1.237,-1.556,29,30,4-22-4 = 1.0,8-33-8 = 0.25,8-39-8 = 0.25,5-42-5 = 1.0,7-31-52-29-19-8 = 0.5,7-48-24-30-7 = 1.0,7-21-26-36-7 = 0.5,7-52-29-37-7 = 0.5,7-31-21-26-36-7 = 0.5,8-33-39-8 = 0.75,8-12-47-11-8 = 1.0,8-10-49-19-37-7 = 0.5,8-45-20-40-23-8 = 0.25,5-18-54-34-13-5 = 0.5,5-35-38-5 = 1.0,5-56-55-32-5 = 1.0,5-18-54-13-14-5 = 0.5,5-25-9-51-44-4 = 0.75,5-34-58-46-43-4 = 0.5,8-49-10-51-44-4 = 0.25,4-28-15-4 = 1.0,4-17-57-4 = 1.0,4-45-20-40-23-8 = 0.75,4-41-50-16-5 = 1.0,8-49-10-46-14-5 = 0.25,8-27-53-8 = 1.0,8-9-58-46-43-4 = 0.25,5-25-58-43-14-5 = 0.25
20,13,730.833,9.5,0.646,-1.3,31,32,4-22-4 = 0.75,5-42-5 = 1.0,7-31-52-29-19-8 = 0.5,7-48-24-30-7 = 1.0,7-21-26-36-7 = 0.5,8-53-27-8 = 1.0,7-52-29-37-7 = 0.5,7-31-21-26-36-7 = 0.5,8-33-23-39-8 = 0.5,8-33-39-8 = 0.5,8-12-47-11-8 = 0.75,8-40-44-51-43-4 = 0.5,8-10-49-19-37-7 = 0.5,5-35-56-38-5 = 0.875,5-18-54-34-13-5 = 0.875,5-32-55-14-5 = 0.875,5-35-38-5 = 0.125,5-56-55-32-5 = 0.125,5-18-54-13-14-5 = 0.125,5-25-9-10-58-5 = 0.25,5-25-9-51-44-4 = 0.25,5-25-9-58-46-4 = 0.5,5-34-58-46-43-4 = 0.125,5-58-51-44-43-4 = 0.125,8-49-10-46-47-8 = 0.25,4-15-57-4 = 0.375,4-22-57-4 = 0.25,4-17-57-4 = 0.375,4-17-15-28-4 = 0.625,4-45-20-28-4 = 0.375,4-45-20-44-43-4 = 0.125,4-51-46-43-4 = 0.125,4-45-20-40-23-8 = 0.5,4-41-50-16-5 = 1.0,8-12-49-11-8 = 0.25
17,16,731.111,7.274,1.147,-1.364,33,34,4-22-4 = 1.0,8-33-8 = 0.28,8-39-8 = 0.28,5-42-5 = 1.0,7-31-52-29-19-8 = 0.5,7-48-24-30-7 = 1.0,7-21-26-36-7 = 0.5,7-52-29-37-7 = 0.5,7-31-21-26-36-7 = 0.5,8-33-23-39-8 = 0.089,8-33-39-8 = 0.631,8-12-47-11-8 = 1.0,8-40-44-51-43-4 = 0.089,8-45-20-40-23-8 = 0.179,5-18-54-34-13-5 = 0.333,5-35-38-5 = 1.0,5-25-51-43-4 = 0.298,5-56-55-32-5 = 1.0,5-18-54-13-14-5 = 0.179,5-54-34-13-14-5 = 0.488,5-18-25-9-58-14-5 = 0.333,5-18-58-49-19-37-7 = 0.149,5-25-9-58-46-4 = 0.339,5-34-58-10-46-4 = 0.179,8-49-10-51-44-4 = 0.458,8-49-10-44-43-4 = 0.363,4-15-28-4 = 1.0,4-17-57-4 = 1.0,5-18-9-46-43-4 = 0.006,5-25-49-19-37-7 = 0.03,4-45-20-44-43-4 = 0.089,4-51-46-43-4 = 0.155,8-9-46-19-37-7 = 0.321,4-45-20-40-23-8 = 0.732,4-41-50-16-5 = 1.0,8-27-53-8 = 1.0
32,20,730.973,10.091,0.14,0.591,35,36,4-22-4 = 0.773,5-42-5 = 1.0,7-31-52-29-19-8 = 0.5,7-48-24-30-7 = 1.0,7-21-26-36-7 = 0.5,8-53-27-8 = 1.0,7-52-29-37-7 = 0.5,7-31-21-26-36-7 = 0.5,8-33-23-39-8 = 0.523,8-33-39-8 = 0.477,8-12-47-11-8 = 0.705,8-40-44-51-43-4 = 0.523,8-10-49-19-37-7 = 0.5,5-35-56-14-5 = 0.091,5-35-56-38-5 = 0.659,5-18-54-34-13-5 = 0.841,5-32-55-14-5 = 0.75,5-38-50-16-5 = 0.045,5-38-41-57-4 = 0.045,5-35-38-5 = 0.25,5-56-55-32-5 = 0.25,5-18-54-13-14-5 = 0.159,5-25-9-10-58-5 = 0.25,5-25-9-51-44-4 = 0.159,5-25-9-58-46-4 = 0.591,5-34-58-51-28-4 = 0.159,8-49-10-46-47-8 = 0.25,4-15-57-4 = 0.364,4-22-57-4 = 0.227,4-17-57-4 = 0.364,4-17-15-28-4 = 0.636,4-45-20-28-4 = 0.205,4-45-20-44-43-4 = 0.318,4-51-46-43-4 = 0.159,4-45-20-40-23-8 = 0.477,4-41-50-16-5 = 0.955,4-12-47-11-8 = 0.045,8-12-49-11-8 = 0.25
35,32,731.079,10.0,0.106,-0.091,37,38,4-22-4 = 0.769,5-42-5 = 1.0,7-31-52-29-19-8 = 0.5,7-48-24-30-7 = 1.0,7-21-26-36-7 = 0.5,7-52-29-37-7 = 0.5,7-31-21-26-36-7 = 0.5,8-33-23-39-8 = 0.5,8-33-39-8 = 0.5,8-12-44-28-4 = 0.038,8-12-47-11-8 = 0.731,8-40-44-51-43-4 = 0.5,8-10-49-19-37-7 = 0.5,5-35-56-38-5 = 0.769,5-18-54-34-13-5 = 0.769,5-32-55-14-5 = 0.769,5-35-38-5 = 0.231,5-25-51-43-4 = 0.038,5-56-55-32-5 = 0.231,5-18-54-13-14-5 = 0.192,5-54-34-13-14-5 = 0.038,5-25-9-10-58-5 = 0.231,5-25-9-51-44-4 = 0.154,5-25-9-58-46-4 = 0.577,5-34-58-51-28-4 = 0.192,8-49-10-46-47-8 = 0.269,4-15-57-4 = 0.385,4-22-57-4 = 0.231,4-17-57-4 = 0.385,4-17-15-28-4 = 0.615,5-18-9-46-43-4 = 0.038,4-45-20-28-4 = 0.154,4-45-20-44-43-4 = 0.308,4-51-46-43-4 = 0.115,4-45-20-40-23-8 = 0.5,4-41-50-16-5 = 1.0,4-45-20-11-8 = 0.038,8-27-53-8 = 1.0,8-12-49-11-8 = 0.231
34,17,731.113,7.131,0.002,-0.143,39,40,4-22-4 = 1.0,8-33-8 = 0.281,8-39-8 = 0.281,5-42-5 = 1.0,7-31-52-29-19-8 = 0.5,7-48-24-30-7 = 1.0,7-21-26-36-7 = 0.5,7-52-29-37-7 = 0.5,7-31-21-26-36-7 = 0.5,8-33-23-39-8 = 0.088,8-33-39-8 = 0.631,8-12-47-11-8 = 1.0,8-40-44-51-43-4 = 0.088,8-45-20-44-43-4 = 0.088,8-45-20-40-23-8 = 0.088,5-35-56-14-5 = 0.006,5-18-54-34-13-5 = 0.344,5-32-55-14-5 = 0.006,5-38-50-16-5 = 0.003,5-38-41-57-4 = 0.003,5-35-38-5 = 0.994,5-25-51-43-4 = 0.3,5-56-55-32-5 = 0.994,5-18-54-13-14-5 = 0.175,5-54-34-13-14-5 = 0.481,5-18-25-9-58-14-5 = 0.331,5-18-58-49-19-37-7 = 0.15,5-25-9-58-46-4 = 0.344,5-34-58-10-46-4 = 0.175,8-49-10-51-44-4 = 0.456,8-49-10-44-43-4 = 0.369,4-15-28-4 = 0.997,4-17-57-4 = 0.997,4-17-15-28-4 = 0.003,5-25-49-19-37-7 = 0.025,4-51-46-43-4 = 0.156,8-9-46-19-37-7 = 0.325,4-45-20-40-23-8 = 0.825,4-41-50-16-5 = 0.997,8-27-53-8 = 1.0
22,11,731.456,7.2,0.856,-1.8,41,42,4-22-4 = 0.7,5-42-5 = 1.0,7-31-52-29-19-8 = 0.2,7-48-24-30-7 = 1.0,7-21-26-36-7 = 0.2,8-53-27-8 = 1.0,7-52-29-37-7 = 0.8,7-31-21-26-36-7 = 0.8,8-33-23-39-8 = 0.9,8-33-39-8 = 0.1,8-45-20-28-4 = 0.2,8-12-44-28-4 = 0.1,8-12-47-11-8 = 0.8,8-40-44-51-43-4 = 0.9,8-45-20-11-8 = 0.2,8-45-20-40-23-8 = 0.1,5-18-54-34-13-5 = 0.5,5-35-38-5 = 1.0,5-25-58-10-49-8 = 0.4,5-56-55-32-5 = 1.0,5-18-54-13-14-5 = 0.5,5-25-9-46-47-4 = 0.1,5-25-9-46-14-5 = 0.5,5-34-58-10-49-19-8 = 0.5,4-15-57-4 = 0.5,4-17-57-4 = 0.5,4-17-15-28-4 = 0.5,4-45-20-28-4 = 0.2,4-51-46-43-4 = 0.1,4-41-50-16-5 = 1.0,4-12-9-58-49-19-8 = 0.1,4-9-46-19-37-7 = 0.2,4-9-10-46-47-4 = 0.1,4-45-20-22-4 = 0.3
21,11,731.498,7.0,0.898,-2.0,43,44,4-22-4 = 0.625,5-42-5 = 1.0,7-31-52-29-19-8 = 0.5,7-48-24-30-7 = 1.0,7-21-26-36-7 = 0.5,8-53-27-8 = 1.0,7-52-29-37-7 = 0.5,7-31-21-26-36-7 = 0.5,8-33-23-39-8 = 0.25,8-33-39-8 = 0.75,8-12-47-11-8 = 1.0,8-40-44-51-43-4 = 0.25,5-35-56-38-5 = 1.0,5-18-54-34-13-5 = 1.0,5-32-55-14-5 = 1.0,5-25-9-51-44-4 = 0.5,5-25-9-44-43-4 = 0.125,8-49-10-58-46-4 = 0.75,8-49-10-58-43-4 = 0.25,4-28-15-4 = 0.125,4-15-57-4 = 0.25,4-22-57-4 = 0.375,4-17-57-4 = 0.375,4-17-15-28-4 = 0.625,5-25-9-19-37-7 = 0.375,4-45-20-28-4 = 0.25,4-51-46-43-4 = 0.25,4-45-20-40-23-8 = 0.75,4-41-50-16-5 = 1.0,4-44-43-19-37-7 = 0.125
7,6,731.491,9.279,2.153,-1.267,45,46,4-22-4 = 1.0,5-42-5 = 0.776,7-31-52-29-19-8 = 0.49,7-48-24-30-7 = 1.0,7-21-26-36-7 = 0.49,7-52-29-37-7 = 0.51,7-31-21-26-36-7 = 0.51,8-33-23-39-8 = 0.626,8-33-39-8 = 0.374,8-12-44-28-4 = 0.02,8-12-47-11-8 = 0.98,8-40-44-51-43-4 = 0.626,5-35-56-14-5 = 0.143,5-35-56-38-5 = 0.252,5-18-54-34-13-5 = 1.0,5-32-55-14-5 = 0.619,5-38-50-16-5 = 0.184,5-38-41-57-4 = 0.184,5-35-38-5 = 0.381,5-25-58-10-49-8 = 0.871,5-56-55-32-5 = 0.381,4-15-57-4 = 0.293,4-17-57-4 = 0.524,4-17-15-28-4 = 0.476,4-45-20-28-4 = 0.503,4-45-20-44-43-4 = 0.122,4-51-46-43-4 = 0.143,8-9-46-19-37-7 = 0.49,8-9-10-46-47-4 = 0.02,4-45-20-40-23-8 = 0.374,4-41-50-16-5 = 0.816,8-9-58-49-19-11-8 = 0.02,8-49-10-46-14-5 = 0.109,5-35-56-42-5 = 0.224,8-27-53-8 = 1.0,8-9-58-46-43-4 = 0.109,8-9-51-44-15-4 = 0.231,8-25-9-46-14-5 = 0.129
19,13,731.357,9.931,1.17,-0.869,47,48,4-22-4 = 0.897,5-42-5 = 0.793,7-31-52-29-19-8 = 0.5,7-31-52-37-7 = 0.259,7-48-24-30-7 = 1.0,7-21-26-36-7 = 0.759,7-52-29-37-7 = 0.241,7-31-21-26-36-7 = 0.241,8-33-23-39-8 = 0.483,8-33-39-8 = 0.517,8-12-47-11-8 = 1.0,8-40-44-51-43-4 = 0.017,8-40-49-46-43-4 = 0.466,5-35-56-38-5 = 0.534,5-18-54-34-13-5 = 0.741,5-32-55-14-5 = 0.741,5-38-50-16-5 = 0.103,5-38-41-57-4 = 0.103,5-35-38-5 = 0.259,5-56-55-32-5 = 0.259,5-18-54-13-14-5 = 0.259,5-25-9-10-58-5 = 0.466,5-25-9-51-44-4 = 0.19,5-25-9-58-46-4 = 0.276,8-49-10-51-44-4 = 0.534,4-15-57-4 = 0.397,4-22-57-4 = 0.103,4-17-57-4 = 0.397,4-17-15-28-4 = 0.603,5-34-58-29-19-37-7 = 0.259,5-25-9-19-37-7 = 0.069,4-45-20-28-4 = 0.397,4-45-20-44-43-4 = 0.086,4-51-46-43-4 = 0.259,4-45-20-40-23-8 = 0.517,4-41-50-16-5 = 0.897,4-44-43-19-37-7 = 0.172,5-35-56-42-5 = 0.207,8-27-53-8 = 1.0
26,23,731.245,9.125,0.808,-0.188,49,50,4-22-4 = 1.0,8-33-8 = 0.452,8-39-8 = 0.606,5-42-5 = 1.0,7-31-52-29-19-8 = 0.5,7-48-24-30-7 = 1.0,7-21-26-36-7 = 0.5,8-53-27-8 = 1.0,7-52-29-37-7 = 0.5,7-31-21-26-36-7 = 0.5,8-33-23-11-8 = 0.154,8-33-23-39-8 = 0.394,8-12-47-11-8 = 0.75,8-12-9-10-49-8 = 0.25,8-40-44-51-43-4 = 0.548,8-10-49-19-37-7 = 0.5,5-35-56-14-5 = 0.24,5-18-54-34-13-5 = 0.817,5-32-55-14-5 = 0.24,5-38-50-16-5 = 0.12,5-38-41-57-4 = 0.12,5-35-38-5 = 0.76,5-56-55-32-5 = 0.76,5-18-54-13-14-5 = 0.096,5-54-34-13-14-5 = 0.087,5-25-58-51-14-5 = 0.25,5-18-25-9-58-14-5 = 0.087,5-25-9-58-46-4 = 0.654,5-25-9-58-51-4 = 0.01,5-34-51-44-15-4 = 0.096,8-49-10-46-47-8 = 0.25,4-28-15-4 = 0.784,4-17-57-4 = 0.88,4-17-15-28-4 = 0.12,4-45-20-28-4 = 0.096,4-45-20-44-43-4 = 0.356,4-51-46-43-4 = 0.096,4-45-20-40-23-8 = 0.452,4-41-50-16-5 = 0.88,4-45-20-11-8 = 0.096
30,3,731.15,7.0,0.154,0.5,51,52,4-22-4 = 1.0,8-33-8 = 0.25,8-39-8 = 0.25,5-42-5 = 1.0,7-31-52-29-19-8 = 0.5,7-48-24-30-7 = 1.0,7-21-26-36-7 = 0.5,8-53-27-8 = 1.0,7-52-29-37-7 = 0.5,7-31-21-26-36-7 = 0.5,8-33-39-8 = 0.75,8-12-47-11-8 = 1.0,8-10-49-19-37-7 = 0.5,8-45-20-40-23-8 = 0.5,5-18-54-34-13-5 = 0.5,5-35-38-5 = 1.0,5-56-55-32-5 = 1.0,5-18-54-13-14-5 = 0.5,5-25-9-51-44-4 = 0.75,5-25-9-58-43-4 = 0.25,5-34-58-46-43-4 = 0.5,4-28-15-4 = 1.0,4-17-57-4 = 1.0,4-44-58-51-43-4 = 0.25,4-45-20-40-23-8 = 0.5,4-41-50-16-5 = 1.0,8-49-10-46-14-5 = 0.5
49,26,731.254,9.375,0.009,0.25,53,54,4-22-4 = 1.0,8-33-8 = 0.481,8-39-8 = 0.567,5-42-5 = 1.0,7-31-52-29-19-8 = 0.5,7-48-24-30-7 = 1.0,7-21-26-36-7 = 0.5,7-52-29-37-7 = 0.5,7-31-21-26-36-7 = 0.5,8-33-23-11-8 = 0.087,8-33-23-39-8 = 0.433,8-12-47-11-8 = 0.875,8-12-9-10-49-8 = 0.125,8-40-44-51-43-4 = 0.519,8-10-49-19-37-7 = 0.5,5-35-56-14-5 = 0.221,5-18-54-34-13-5 = 0.702,5-32-55-14-5 = 0.221,5-38-50-16-5 = 0.111,5-38-41-57-4 = 0.111,5-35-38-5 = 0.779,5-56-55-32-5 = 0.779,5-18-54-13-14-5 = 0.163,5-54-34-13-14-5 = 0.135,5-18-25-9-58-14-5 = 0.135,5-25-9-58-46-4 = 0.587,5-25-9-58-51-4 = 0.154,5-34-51-44-15-4 = 0.163,8-49-10-46-47-8 = 0.125,4-28-15-4 = 0.726,4-17-57-4 = 0.889,4-17-15-28-4 = 0.111,4-45-20-28-4 = 0.163,4-45-20-44-43-4 = 0.317,4-51-46-43-4 = 0.163,4-45-20-40-23-8 = 0.481,4-41-50-16-5 = 0.889,4-25-58-10-49-8 = 0.125,4-45-20-11-8 = 0.038,8-49-10-46-14-5 = 0.125,8-27-53-8 = 1.0
54,49,731.276,9.208,0.022,-0.167,55,56,4-22-4 = 1.0,8-33-8 = 0.333,5-38-5 = 0.333,8-39-8 = 0.333,5-42-5 = 1.0,7-31-52-29-19-8 = 0.5,7-48-24-30-7 = 1.0,7-21-26-36-7 = 0.5,7-52-29-37-7 = 0.5,7-31-21-26-36-7 = 0.5,8-33-23-39-8 = 0.667,8-12-47-11-8 = 0.833,8-12-9-10-49-8 = 0.167,8-40-44-51-43-4 = 0.667,8-10-49-19-37-7 = 0.5,5-35-56-14-5 = 0.375,5-18-54-34-13-5 = 0.792,5-32-55-14-5 = 0.375,5-38-50-16-5 = 0.021,5-38-41-57-4 = 0.021,5-35-38-5 = 0.625,5-56-55-32-5 = 0.625,5-18-54-13-14-5 = 0.167,5-54-34-13-14-5 = 0.042,5-18-25-9-58-14-5 = 0.042,5-25-9-58-46-4 = 0.667,5-25-9-58-15-4 = 0.125,5-34-51-44-15-4 = 0.167,8-49-10-46-47-8 = 0.167,4-28-15-4 = 0.604,4-15-57-4 = 0.042,4-17-57-4 = 0.937,4-17-15-28-4 = 0.063,4-45-20-28-4 = 0.333,4-45-20-44-43-4 = 0.167,4-51-46-43-4 = 0.167,4-45-20-40-23-8 = 0.333,4-41-50-16-5 = 0.979,4-25-58-10-49-8 = 0.167,4-45-20-11-8 = 0.167,8-27-53-8 = 1.0
14,12,731.623,9.6,1.759,-1.178,57,58,4-22-4 = 1.0,5-42-5 = 0.829,7-31-52-29-19-8 = 0.229,7-21-52-29-7 = 0.229,7-30-24-26-36-7 = 0.171,7-48-24-30-7 = 0.829,7-21-49-19-37-7 = 0.114,7-48-26-36-7 = 0.171,7-52-29-37-7 = 0.429,7-31-21-26-36-7 = 0.657,8-33-23-39-8 = 0.829,8-33-39-8 = 0.171,8-12-47-11-8 = 0.886,8-40-44-51-43-4 = 0.829,7-31-52-29-14-5 = 0.114,5-35-56-38-5 = 0.286,5-18-54-34-13-5 = 0.486,5-32-55-14-5 = 0.371,5-35-38-5 = 0.629,5-56-55-32-5 = 0.629,5-18-54-13-14-5 = 0.314,5-54-34-13-14-5 = 0.2,5-25-9-10-58-5 = 0.2,5-18-25-9-49-19-8 = 0.2,5-25-9-58-46-4 = 0.486,5-34-58-10-46-4 = 0.314,4-15-57-4 = 0.457,4-17-57-4 = 0.543,4-17-15-28-4 = 0.457,7-49-10-46-47-4 = 0.114,5-25-49-19-37-7 = 0.114,4-45-20-28-4 = 0.543,4-45-20-44-43-4 = 0.086,4-51-46-43-4 = 0.086,4-45-44-51-15-4 = 0.086,4-45-20-40-23-8 = 0.171,4-41-50-16-5 = 1.0,4-12-9-10-49-8 = 0.114,4-45-20-11-8 = 0.114,4-20-49-19-37-7 = 0.086,5-42-38-5 = 0.086,4-10-49-19-37-7 = 0.257,5-35-56-42-5 = 0.086,8-27-53-8 = 1.0
27,15,731.243,8.0,0.37,1.038,59,60,4-22-4 = 1.0,5-42-5 = 1.0,7-31-52-29-19-8 = 0.5,7-48-24-30-7 = 1.0,7-21-26-36-7 = 0.5,8-53-27-8 = 1.0,7-52-29-37-7 = 0.5,7-31-21-26-36-7 = 0.5,8-33-23-39-8 = 0.25,8-33-39-8 = 0.75,8-12-47-11-8 = 0.75,8-12-9-58-51-4 = 0.25,8-40-44-51-43-4 = 0.25,8-10-49-19-37-7 = 0.25,5-35-56-14-5 = 0.5,5-18-54-34-13-5 = 1.0,5-32-55-14-5 = 0.5,5-35-38-5 = 0.5,5-25-51-43-4 = 0.25,5-56-55-32-5 = 0.5,5-25-9-46-47-4 = 0.25,5-25-9-51-44-4 = 0.25,5-25-9-44-43-4 = 0.25,8-49-10-58-46-4 = 0.75,4-28-15-4 = 1.0,4-17-57-4 = 1.0,4-45-20-40-23-8 = 0.75,4-41-50-16-5 = 1.0,4-45-20-11-8 = 0.25,4-44-43-19-37-7 = 0.25,5-42-38-5 = 0.5
51,30,731.856,5.522,0.706,-1.478,61,62,4-22-4 = 1.0,8-33-8 = 0.087,5-38-5 = 0.043,8-39-8 = 0.087,5-42-5 = 1.0,7-21-55-14-5 = 0.043,7-36-26-7 = 0.087,7-31-52-29-19-7 = 0.435,7-31-52-37-7 = 0.217,7-21-32-14-5 = 0.043,7-48-24-30-7 = 1.0,7-21-26-36-7 = 0.913,7-31-58-51-43-4 = 0.13,7-52-29-37-7 = 0.348,7-31-29-19-11-8 = 0.13,8-33-39-8 = 0.913,8-12-44-15-4 = 0.065,8-12-44-28-4 = 0.065,8-12-47-11-8 = 0.87,7-31-29-19-37-7 = 0.087,8-10-49-19-37-7 = 0.348,5-35-56-14-5 = 0.043,5-18-54-34-13-5 = 0.522,5-35-38-5 = 0.957,5-56-55-32-5 = 0.957,5-18-54-13-14-5 = 0.478,5-25-9-51-44-4 = 0.674,5-25-9-58-43-4 = 0.326,5-34-58-46-43-4 = 0.478,8-49-10-46-47-4 = 0.13,8-49-10-51-44-4 = 0.13,4-28-15-4 = 0.935,4-17-57-4 = 1.0,4-44-58-51-43-4 = 0.065,4-45-20-40-23-8 = 1.0,4-41-50-16-5 = 1.0,8-49-10-46-14-5 = 0.391,8-27-53-8 = 1.0
25,23,731.484,10.1,1.047,0.787,63,64,4-22-4 = 1.0,8-33-8 = 0.55,8-39-8 = 0.6,5-42-5 = 1.0,7-31-52-29-19-8 = 0.5,7-48-24-30-7 = 1.0,7-21-26-36-7 = 0.5,8-53-27-8 = 1.0,7-52-29-37-7 = 0.5,7-31-21-26-36-7 = 0.5,8-33-23-11-8 = 0.05,8-33-23-39-8 = 0.4,8-12-44-28-4 = 0.05,8-12-47-11-8 = 0.95,8-40-44-51-43-4 = 0.45,8-45-20-40-23-8 = 0.1,5-35-56-14-5 = 0.35,5-18-54-34-13-5 = 0.7,5-32-55-14-5 = 0.35,5-38-50-16-5 = 0.175,5-38-41-57-4 = 0.175,5-35-38-5 = 0.65,5-25-58-10-49-8 = 0.25,5-56-55-32-5 = 0.65,5-18-54-13-14-5 = 0.1,5-54-34-13-14-5 = 0.2,5-25-9-10-58-5 = 0.7,5-25-9-58-46-4 = 0.05,5-34-51-44-15-4 = 0.1,8-49-51-44-15-4 = 0.25,4-28-15-4 = 0.475,4-17-57-4 = 0.825,4-17-15-28-4 = 0.175,5-18-9-46-43-4 = 0.2,8-49-46-19-37-7 = 0.5,4-45-20-28-4 = 0.3,4-45-20-44-43-4 = 0.15,4-51-46-43-4 = 0.2,4-45-20-40-23-8 = 0.45,4-41-50-16-5 = 0.825,5-9-10-46-47-8 = 0.05
64,25,731.511,9.938,0.026,-0.162,65,66,4-22-4 = 1.0,8-33-8 = 0.5,5-38-5 = 0.062,8-39-8 = 0.5,5-42-5 = 1.0,7-31-52-29-19-8 = 0.5,7-48-24-30-7 = 1.0,7-21-26-36-7 = 0.5,7-52-29-37-7 = 0.5,7-31-21-26-36-7 = 0.5,8-33-23-39-8 = 0.5,8-12-47-11-8 = 1.0,8-40-44-51-43-4 = 0.5,8-45-20-40-23-8 = 0.125,5-35-56-14-5 = 0.25,5-18-54-34-13-5 = 0.562,5-32-55-14-5 = 0.25,5-38-50-16-5 = 0.094,5-38-41-57-4 = 0.094,5-35-38-5 = 0.75,5-25-58-10-49-8 = 0.312,5-56-55-32-5 = 0.75,5-18-54-13-14-5 = 0.188,5-54-34-13-14-5 = 0.25,5-25-9-10-58-5 = 0.625,5-25-9-58-46-4 = 0.062,5-34-51-44-15-4 = 0.188,8-49-51-44-15-4 = 0.187,4-28-15-4 = 0.531,4-17-57-4 = 0.906,4-17-15-28-4 = 0.094,5-18-9-46-43-4 = 0.25,8-49-46-19-37-7 = 0.5,4-45-20-28-4 = 0.375,4-45-20-44-43-4 = 0.125,4-51-46-43-4 = 0.125,4-45-20-40-23-8 = 0.375,4-41-50-16-5 = 0.906,8-27-53-8 = 1.0,5-9-10-46-14-5 = 0.062
66,64,731.626,9.812,0.115,-0.125,67,68,4-22-4 = 1.0,8-33-8 = 0.469,5-38-5 = 0.063,8-39-8 = 0.531,5-42-5 = 1.0,7-31-52-29-19-8 = 0.5,7-48-24-30-7 = 1.0,7-21-26-36-7 = 0.5,7-52-29-37-7 = 0.5,7-31-21-26-36-7 = 0.5,8-33-23-39-8 = 0.469,8-33-40-11-8 = 0.062,8-12-44-28-4 = 0.062,8-12-47-11-8 = 0.938,8-40-44-51-43-4 = 0.406,8-45-20-40-23-8 = 0.125,5-35-56-14-5 = 0.219,5-18-54-34-13-5 = 0.438,5-32-55-14-5 = 0.219,5-38-50-16-5 = 0.078,5-38-41-57-4 = 0.078,5-35-38-5 = 0.781,5-25-58-10-49-8 = 0.281,5-56-55-32-5 = 0.781,5-18-54-13-14-5 = 0.281,5-54-34-13-14-5 = 0.281,5-25-9-10-58-5 = 0.719,5-34-51-44-15-4 = 0.281,8-49-46-47-43-4 = 0.062,8-49-51-44-15-4 = 0.156,4-28-15-4 = 0.484,4-17-57-4 = 0.922,4-17-15-28-4 = 0.078,5-18-9-46-43-4 = 0.281,8-49-46-19-37-7 = 0.5,4-45-20-28-4 = 0.375,4-45-20-44-43-4 = 0.094,4-51-46-43-4 = 0.156,4-45-20-40-23-8 = 0.406,4-41-50-16-5 = 0.922,8-27-53-8 = 1.0
68,66,731.734,9.0,0.108,-0.813,69,70,4-22-4 = 1.0,8-33-8 = 0.382,5-38-5 = 0.147,8-39-8 = 0.382,5-42-5 = 1.0,7-36-26-7 = 0.059,7-31-52-29-19-8 = 0.471,7-21-52-29-7 = 0.059,7-48-24-30-7 = 1.0,7-21-26-36-7 = 0.471,7-31-49-46-43-4 = 0.059,7-52-29-37-7 = 0.471,7-31-21-26-36-7 = 0.471,8-33-23-39-8 = 0.529,8-33-39-8 = 0.088,8-12-47-11-8 = 1.0,8-40-44-51-43-4 = 0.471,8-45-20-44-43-4 = 0.059,8-51-46-43-4 = 0.059,8-40-49-46-43-4 = 0.059,5-35-56-14-5 = 0.147,5-18-54-34-13-5 = 0.294,5-32-55-14-5 = 0.147,5-35-38-5 = 0.853,5-25-58-10-49-8 = 0.294,5-56-55-32-5 = 0.853,5-18-54-13-14-5 = 0.412,5-54-34-13-14-5 = 0.294,5-25-9-10-58-5 = 0.706,5-34-51-44-15-4 = 0.412,8-49-51-44-15-4 = 0.059,4-28-15-4 = 0.529,4-17-57-4 = 1.0,5-18-9-46-43-4 = 0.294,8-49-46-19-37-7 = 0.529,4-45-20-28-4 = 0.471,4-45-20-40-23-8 = 0.471,4-41-50-16-5 = 1.0,8-27-53-8 = 1.0
39,34,731.716,6.889,0.603,-0.242,71,72,4-22-4 = 1.0,8-33-8 = 0.278,8-39-8 = 0.278,5-42-5 = 1.0,7-31-52-29-19-8 = 0.5,7-48-24-30-7 = 1.0,7-21-26-36-7 = 0.5,7-52-29-37-7 = 0.5,7-31-21-26-36-7 = 0.5,8-33-23-39-8 = 0.083,8-33-39-8 = 0.639,8-12-47-11-8 = 1.0,8-10-51-43-4 = 0.146,8-40-44-51-43-4 = 0.083,8-45-20-44-43-4 = 0.083,8-51-46-43-4 = 0.313,5-18-54-34-13-5 = 0.333,5-35-38-5 = 1.0,5-56-55-32-5 = 1.0,5-18-54-13-14-5 = 0.181,5-54-34-13-14-5 = 0.486,5-18-25-9-58-14-5 = 0.333,5-18-58-49-19-37-7 = 0.153,5-25-9-51-44-4 = 0.16,5-25-9-58-46-4 = 0.333,5-34-58-10-46-4 = 0.181,8-49-10-51-44-4 = 0.299,8-49-10-44-43-4 = 0.375,4-28-15-4 = 1.0,4-17-57-4 = 1.0,5-25-49-19-37-7 = 0.174,8-9-46-19-37-7 = 0.118,4-45-20-40-23-8 = 0.917,4-41-50-16-5 = 1.0,4-9-46-19-37-7 = 0.056,8-27-53-8 = 1.0
46,7,731.733,9.0,0.242,-0.279,73,74,4-22-4 = 0.75,5-42-5 = 1.0,7-31-52-29-19-8 = 0.5,7-48-24-30-7 = 1.0,7-21-26-36-7 = 0.5,7-52-29-37-7 = 0.5,7-31-21-26-36-7 = 0.5,8-33-23-39-8 = 0.5,8-33-39-8 = 0.5,8-12-44-28-4 = 0.25,8-12-47-11-8 = 0.75,8-40-44-51-43-4 = 0.5,5-35-56-38-5 = 1.0,5-18-54-34-13-5 = 1.0,5-32-55-14-5 = 1.0,5-25-58-10-49-8 = 0.5,4-15-57-4 = 0.25,4-22-57-4 = 0.25,4-17-57-4 = 0.5,4-17-15-28-4 = 0.5,5-25-49-19-37-7 = 0.5,4-45-20-28-4 = 0.25,4-51-46-43-4 = 0.25,8-9-10-46-47-4 = 0.25,4-45-20-40-23-8 = 0.5,4-41-50-16-5 = 1.0,4-45-20-11-8 = 0.25,8-9-58-10-46-4 = 0.25,8-27-53-8 = 1.0,8-9-58-46-43-4 = 0.25,8-9-51-44-15-4 = 0.25
55,54,731.481,10.5,0.205,1.292,75,76,4-22-4 = 1.0,8-33-8 = 0.375,5-38-5 = 0.375,8-39-8 = 0.375,5-42-5 = 1.0,7-31-52-29-19-8 = 0.5,7-48-24-30-7 = 1.0,7-21-26-36-7 = 0.5,7-52-29-37-7 = 0.5,7-31-21-26-36-7 = 0.5,8-33-23-39-8 = 0.625,8-12-44-28-4 = 0.125,8-12-47-11-8 = 0.75,8-12-9-10-49-8 = 0.125,8-40-44-51-43-4 = 0.625,8-10-49-19-37-7 = 0.5,5-35-56-14-5 = 0.5,5-18-54-34-13-5 = 1.0,5-32-55-14-5 = 0.5,5-38-50-16-5 = 0.062,5-38-41-57-4 = 0.062,5-35-38-5 = 0.5,5-56-55-32-5 = 0.5,5-25-9-58-46-4 = 0.625,5-25-9-58-51-4 = 0.25,8-49-10-46-47-8 = 0.25,4-28-15-4 = 0.437,4-15-57-4 = 0.25,4-17-57-4 = 0.687,4-17-15-28-4 = 0.313,4-45-20-28-4 = 0.125,4-45-20-44-43-4 = 0.25,4-51-46-43-4 = 0.125,4-45-20-40-23-8 = 0.375,4-41-50-16-5 = 0.938,4-25-58-10-49-8 = 0.125,4-45-20-11-8 = 0.25,8-27-53-8 = 1.0
41,22,731.705,7.103,0.249,-0.097,77,78,4-22-4 = 0.534,5-42-5 = 1.0,7-31-52-29-19-8 = 0.241,7-48-24-30-7 = 1.0,7-21-26-36-7 = 0.241,7-52-29-37-7 = 0.759,7-31-21-26-36-7 = 0.759,8-33-23-39-8 = 0.966,8-45-20-28-4 = 0.241,8-33-40-11-8 = 0.034,8-12-44-15-4 = 0.069,8-40-23-39-8 = 0.034,8-12-47-11-8 = 0.862,8-40-44-51-43-4 = 0.931,5-18-54-34-13-5 = 0.552,5-35-38-5 = 1.0,5-25-58-10-49-8 = 0.483,5-56-55-32-5 = 1.0,5-18-54-13-14-5 = 0.448,5-25-9-46-47-4 = 0.069,5-25-9-46-14-5 = 0.448,5-34-58-10-49-19-8 = 0.345,4-15-57-4 = 0.466,4-17-57-4 = 0.534,4-17-15-28-4 = 0.466,5-34-58-49-19-11-8 = 0.103,4-45-20-28-4 = 0.293,4-51-46-43-4 = 0.069,4-41-50-16-5 = 1.0,4-12-9-58-49-19-8 = 0.069,4-9-46-19-37-7 = 0.241,4-9-10-46-47-4 = 0.069,4-45-20-22-4 = 0.466,8-27-53-8 = 1.0,5-9-10-46-14-5 = 0.103
77,41,731.708,6.793,0.003,-0.31,79,80,4-22-4 = 0.69,5-42-5 = 1.0,7-31-52-29-19-8 = 0.241,7-48-24-30-7 = 1.0,7-21-26-36-7 = 0.241,7-52-29-37-7 = 0.759,7-31-21-26-36-7 = 0.759,8-33-23-39-8 = 0.966,8-45-20-28-4 = 0.241,8-33-40-11-8 = 0.034,8-12-44-15-4 = 0.069,8-40-23-39-8 = 0.034,8-12-47-11-8 = 0.862,8-40-44-51-43-4 = 0.931,5-18-54-34-13-5 = 0.552,5-35-38-5 = 1.0,5-25-58-10-49-8 = 0.483,5-56-55-32-5 = 1.0,5-18-54-13-14-5 = 0.448,5-25-9-46-47-4 = 0.069,5-25-9-46-14-5 = 0.448,5-34-58-10-49-19-8 = 0.345,4-15-57-4 = 0.414,4-17-57-4 = 0.586,4-17-15-28-4 = 0.414,5-34-58-49-19-11-8 = 0.103,4-45-20-28-4 = 0.345,4-51-46-43-4 = 0.069,4-41-50-16-5 = 1.0,4-12-9-58-49-19-8 = 0.069,4-9-46-19-37-7 = 0.241,4-9-10-46-47-4 = 0.069,4-45-20-15-4 = 0.103,4-45-20-22-4 = 0.31,8-27-53-8 = 1.0,5-9-10-46-14-5 = 0.103
40,34,731.59,7.933,0.477,0.802,81,82,4-22-4 = 1.0,8-33-8 = 0.167,8-39-8 = 0.433,5-42-5 = 1.0,7-31-52-29-19-7 = 0.2,7-31-52-29-19-8 = 0.2,7-31-52-37-7 = 0.2,7-48-24-30-7 = 1.0,7-21-26-36-7 = 0.8,7-52-29-37-7 = 0.4,7-31-21-26-36-7 = 0.2,8-33-23-39-8 = 0.267,8-33-39-8 = 0.3,8-33-40-11-8 = 0.267,8-12-44-15-4 = 0.033,8-12-44-28-4 = 0.033,8-12-47-11-8 = 0.733,7-31-29-19-37-7 = 0.2,8-45-20-40-23-8 = 0.2,5-18-54-34-13-5 = 0.333,5-35-38-5 = 1.0,5-25-51-43-4 = 0.333,5-56-55-32-5 = 1.0,5-18-54-13-14-5 = 0.267,5-54-34-13-14-5 = 0.4,5-18-25-9-58-14-5 = 0.333,5-18-58-49-19-37-7 = 0.067,5-25-9-58-46-4 = 0.133,5-25-9-44-43-4 = 0.2,5-34-58-10-46-4 = 0.267,8-49-10-46-47-4 = 0.267,8-49-10-51-44-4 = 0.467,4-28-15-4 = 0.967,4-17-57-4 = 1.0,4-45-20-44-43-4 = 0.267,4-51-46-43-4 = 0.2,8-9-46-19-37-7 = 0.133,4-45-20-40-23-8 = 0.533,4-41-50-16-5 = 1.0,4-12-9-58-49-19-8 = 0.2,8-27-53-8 = 1.0
44,21,731.552,8.125,0.054,1.125,83,84,4-22-4 = 0.75,5-42-5 = 1.0,7-31-52-29-19-8 = 0.5,7-48-24-30-7 = 1.0,7-21-26-36-7 = 0.5,7-52-29-37-7 = 0.5,7-31-21-26-36-7 = 0.5,8-33-23-39-8 = 0.438,8-33-39-8 = 0.562,8-12-47-11-8 = 0.625,8-40-44-51-43-4 = 0.438,5-35-56-38-5 = 1.0,5-18-54-34-13-5 = 1.0,5-32-55-14-5 = 1.0,5-25-9-51-44-4 = 0.375,5-25-9-44-43-4 = 0.125,8-49-10-58-46-4 = 0.812,8-49-10-58-43-4 = 0.187,4-15-57-4 = 0.375,4-22-57-4 = 0.25,4-17-57-4 = 0.375,4-17-15-28-4 = 0.625,5-25-9-19-37-7 = 0.5,4-45-20-28-4 = 0.375,4-45-20-44-43-4 = 0.062,4-51-46-43-4 = 0.188,4-45-20-40-23-8 = 0.562,4-41-50-16-5 = 1.0,4-12-47-11-8 = 0.375,8-27-53-8 = 1.0
38,35,731.883,9.2,0.803,-0.8,85,86,4-22-4 = 0.8,5-42-5 = 1.0,7-31-52-29-19-8 = 0.6,7-48-24-30-7 = 1.0,7-21-26-36-7 = 0.6,7-52-29-37-7 = 0.4,7-31-21-26-36-7 = 0.4,8-33-23-39-8 = 0.6,8-33-39-8 = 0.4,8-12-44-28-4 = 0.2,8-12-47-11-8 = 0.6,8-40-44-51-43-4 = 0.6,8-10-49-19-37-7 = 0.4,5-35-56-38-5 = 0.8,5-18-54-34-13-5 = 0.8,5-32-55-14-5 = 0.8,5-35-38-5 = 0.2,5-56-55-32-5 = 0.2,5-18-54-13-14-5 = 0.2,5-25-9-10-58-5 = 0.2,5-25-9-58-46-4 = 0.6,5-25-9-44-43-4 = 0.2,5-34-58-51-28-4 = 0.2,8-49-10-46-47-8 = 0.4,4-15-57-4 = 0.4,4-22-57-4 = 0.2,4-17-57-4 = 0.4,4-17-15-28-4 = 0.6,4-20-51-43-4 = 0.2,4-45-20-40-23-8 = 0.4,4-41-50-16-5 = 1.0,4-45-20-11-8 = 0.4,8-27-53-8 = 1.0,8-45-12-49-37-7 = 0.2
81,40,731.886,7.229,0.295,-0.705,87,88,4-22-4 = 1.0,8-33-8 = 0.076,8-39-8 = 0.242,5-42-5 = 1.0,7-36-26-7 = 0.22,7-31-52-29-19-7 = 0.453,7-31-52-37-7 = 0.22,7-48-24-30-7 = 1.0,7-21-26-36-7 = 0.78,7-21-49-19-37-7 = 0.22,7-31-9-46-43-4 = 0.108,7-52-29-37-7 = 0.327,8-33-23-39-8 = 0.166,8-33-39-8 = 0.592,8-33-40-11-8 = 0.166,8-12-44-28-4 = 0.094,8-12-47-11-8 = 0.834,7-31-29-19-37-7 = 0.22,8-45-20-40-23-8 = 0.067,5-18-54-34-13-5 = 0.341,5-35-38-5 = 1.0,5-25-51-43-4 = 0.202,5-56-55-32-5 = 1.0,5-18-54-13-14-5 = 0.305,5-54-34-13-14-5 = 0.332,5-18-25-9-58-14-5 = 0.341,5-18-58-49-19-37-7 = 0.013,5-25-9-58-46-4 = 0.108,5-25-9-58-15-4 = 0.094,5-25-9-44-43-4 = 0.233,5-34-58-10-46-4 = 0.327,8-49-10-46-47-4 = 0.166,8-49-10-51-44-4 = 0.507,4-28-15-4 = 0.906,4-17-57-4 = 1.0,4-45-20-44-43-4 = 0.166,4-51-46-43-4 = 0.291,5-54-9-58-49-19-7 = 0.022,5-25-9-58-13-14-5 = 0.022,4-45-20-40-23-8 = 0.767,4-41-50-16-5 = 1.0,4-12-9-58-49-19-7 = 0.072,8-27-53-8 = 1.0
70,68,731.826,8.737,0.092,-0.263,89,90,4-22-4 = 1.0,8-33-8 = 0.474,5-38-5 = 0.053,8-39-8 = 0.474,5-42-5 = 1.0,7-31-52-29-19-8 = 0.421,7-48-24-30-7 = 1.0,7-21-26-36-7 = 0.579,7-52-29-37-7 = 0.421,7-31-21-26-36-7 = 0.421,8-33-23-39-8 = 0.526,8-12-47-11-8 = 1.0,8-40-44-51-43-4 = 0.526,8-45-20-44-43-4 = 0.053,7-31-52-29-14-5 = 0.158,8-51-46-43-4 = 0.053,8-45-20-40-23-8 = 0.053,5-35-56-14-5 = 0.053,5-18-54-34-13-5 = 0.263,5-32-55-14-5 = 0.053,5-35-38-5 = 0.947,5-25-58-10-49-8 = 0.421,5-56-55-32-5 = 0.947,5-18-54-13-14-5 = 0.368,5-54-34-13-14-5 = 0.368,5-25-9-10-58-5 = 0.579,5-34-51-44-15-4 = 0.368,4-28-15-4 = 0.474,4-15-57-4 = 0.053,4-17-57-4 = 0.947,4-17-15-28-4 = 0.053,5-18-9-46-43-4 = 0.368,8-49-46-19-37-7 = 0.579,4-45-20-28-4 = 0.474,4-45-20-40-23-8 = 0.421,4-41-50-16-5 = 1.0,8-27-53-8 = 1.0,8-9-51-44-15-4 = 0.053
79,77,731.872,6.5,0.164,-0.293,91,92,4-22-4 = 0.75,5-42-5 = 1.0,7-31-52-29-19-8 = 0.25,7-48-24-30-7 = 1.0,7-21-26-36-7 = 0.25,7-52-29-37-7 = 0.75,7-31-21-26-36-7 = 0.75,8-33-23-39-8 = 1.0,8-45-20-28-4 = 0.25,8-12-47-11-8 = 1.0,8-40-44-51-43-4 = 1.0,5-18-54-34-13-5 = 0.5,5-35-38-5 = 1.0,5-25-58-10-49-8 = 0.5,5-56-55-32-5 = 1.0,5-18-54-13-14-5 = 0.5,5-25-9-46-14-5 = 0.5,5-34-58-10-49-19-8 = 0.5,4-15-57-4 = 0.5,4-17-57-4 = 0.5,4-17-15-28-4 = 0.5,4-45-20-28-4 = 0.25,4-41-50-16-5 = 1.0,4-9-46-19-37-7 = 0.25,4-45-20-22-4 = 0.25,8-27-53-8 = 1.0,4-45-20-9-46-4 = 0.25
24,18,732.024,8.787,1.713,-0.671,93,94,4-22-4 = 1.0,8-33-8 = 0.471,8-39-8 = 0.535,5-42-5 = 1.0,7-31-52-29-19-8 = 0.523,7-48-24-30-7 = 1.0,7-21-26-36-7 = 0.523,8-53-27-8 = 1.0,7-52-29-37-7 = 0.477,7-31-21-26-36-7 = 0.477,8-33-23-39-8 = 0.465,8-33-40-11-8 = 0.065,8-12-44-28-4 = 0.006,8-12-47-11-8 = 0.884,8-12-9-10-49-8 = 0.026,8-40-44-51-43-4 = 0.4,8-10-49-19-37-7 = 0.316,5-18-54-34-13-5 = 0.471,5-35-38-5 = 1.0,5-54-58-49-37-7 = 0.103,5-25-51-43-4 = 0.29,5-56-55-32-5 = 1.0,5-18-54-13-14-5 = 0.426,5-25-9-46-47-4 = 0.116,5-18-58-49-19-37-7 = 0.103,5-25-9-51-44-4 = 0.297,5-25-9-44-43-4 = 0.297,5-34-58-46-15-4 = 0.394,5-34-58-10-46-5 = 0.084,4-28-15-4 = 0.606,4-17-57-4 = 1.0,5-34-58-49-19-11-8 = 0.052,4-45-20-28-4 = 0.387,4-51-46-43-4 = 0.013,4-45-20-40-23-8 = 0.535,4-41-50-16-5 = 1.0,4-12-9-58-49-19-8 = 0.006,8-49-10-46-14-5 = 0.394,4-45-12-9-58-14-5 = 0.077,4-20-9-10-58-5 = 0.077,4-9-10-58-13-14-5 = 0.103
62,51,731.91,5.522,0.054,-0.0,95,96,4-22-4 = 1.0,8-33-8 = 0.087,5-38-5 = 0.043,8-39-8 = 0.087,5-42-5 = 1.0,7-21-55-14-5 = 0.043,7-36-26-7 = 0.087,7-31-52-29-19-7 = 0.435,7-31-52-37-7 = 0.217,7-21-32-14-5 = 0.043,7-48-24-30-7 = 1.0,7-21-26-36-7 = 0.913,7-31-58-51-43-4 = 0.13,7-52-29-37-7 = 0.348,7-31-29-19-11-8 = 0.13,8-33-39-8 = 0.913,8-12-44-15-4 = 0.065,8-12-44-28-4 = 0.065,8-12-47-11-8 = 0.87,7-31-29-19-37-7 = 0.087,8-10-49-19-37-7 = 0.348,5-35-56-14-5 = 0.043,5-18-54-34-13-5 = 0.522,5-35-38-5 = 0.957,5-56-55-32-5 = 0.957,5-18-54-13-14-5 = 0.478,5-25-9-51-44-4 = 0.674,5-25-9-58-43-4 = 0.261,5-34-58-46-43-4 = 0.478,8-49-10-46-47-4 = 0.13,8-49-10-51-44-4 = 0.196,4-28-15-4 = 0.935,4-17-57-4 = 1.0,4-9-58-46-43-4 = 0.065,4-45-20-40-23-8 = 1.0,4-41-50-16-5 = 1.0,8-49-10-46-14-5 = 0.326,8-27-53-8 = 1.0,5-25-58-43-14-5 = 0.065
76,55,731.965,10.588,0.484,0.088,97,98,4-22-4 = 1.0,8-33-8 = 0.5,8-39-8 = 0.5,5-42-5 = 1.0,7-31-52-29-19-8 = 0.5,7-48-24-30-7 = 1.0,7-21-26-36-7 = 0.5,7-52-29-37-7 = 0.5,7-31-21-26-36-7 = 0.5,8-33-23-39-8 = 0.5,8-12-44-43-4 = 0.176,8-12-44-28-4 = 0.147,8-12-47-11-8 = 0.5,8-12-9-10-49-8 = 0.176,8-40-44-51-43-4 = 0.5,8-10-49-19-37-7 = 0.5,8-45-20-11-8 = 0.176,5-35-56-14-5 = 0.118,5-18-54-34-13-5 = 0.529,5-32-55-14-5 = 0.118,5-38-50-16-5 = 0.059,5-38-41-57-4 = 0.059,5-35-38-5 = 0.882,5-25-58-51-47-4 = 0.176,5-56-55-32-5 = 0.882,5-18-54-13-14-5 = 0.176,5-54-34-13-14-5 = 0.294,5-18-25-9-58-14-5 = 0.294,5-25-9-58-46-4 = 0.529,5-34-51-44-43-4 = 0.176,8-49-10-46-47-8 = 0.324,4-28-15-4 = 0.647,4-15-57-4 = 0.147,4-17-57-4 = 0.794,4-17-15-28-4 = 0.206,4-51-46-43-4 = 0.147,4-45-20-40-23-8 = 0.5,4-41-50-16-5 = 0.941,4-45-20-11-8 = 0.324,8-27-53-8 = 1.0
60,27,731.762,9.5,0.519,1.5,99,100,4-22-4 = 1.0,8-39-8 = 0.25,5-42-5 = 1.0,7-31-52-29-19-8 = 0.5,7-48-24-30-7 = 1.0,7-21-26-36-7 = 0.5,7-52-29-37-7 = 0.5,7-31-21-26-36-7 = 0.5,8-33-23-39-8 = 0.5,8-33-39-8 = 0.25,8-33-40-11-8 = 0.25,8-12-47-11-8 = 0.75,8-12-9-58-51-4 = 0.25,8-40-44-51-43-4 = 0.25,5-35-56-14-5 = 0.5,5-18-54-34-13-5 = 1.0,5-32-55-14-5 = 0.5,5-35-38-5 = 0.5,5-56-55-32-5 = 0.5,5-25-9-10-47-8 = 0.25,5-25-9-51-44-4 = 0.25,8-49-10-58-46-4 = 0.5,4-15-28-4 = 1.0,4-17-57-4 = 1.0,5-25-49-19-37-7 = 0.5,4-45-20-44-43-4 = 0.5,4-51-46-43-4 = 0.25,4-45-20-40-23-8 = 0.5,4-41-50-16-5 = 1.0,5-42-38-5 = 0.5,8-9-58-10-46-4 = 0.25,8-27-53-8 = 1.0
100,60,732.235,8.447,0.473,-1.053,101,102,4-22-4 = 1.0,8-33-8 = 0.145,5-38-5 = 0.382,8-39-8 = 0.145,5-42-5 = 1.0,7-31-52-29-19-8 = 0.5,7-48-24-30-7 = 1.0,7-21-26-36-7 = 0.5,8-53-27-8 = 1.0,7-52-29-37-7 = 0.5,7-31-21-26-36-7 = 0.5,8-33-23-39-8 = 0.342,8-33-39-8 = 0.513,8-12-47-11-8 = 0.816,8-40-44-51-43-4 = 0.342,5-35-56-14-5 = 0.382,5-18-54-34-13-5 = 0.868,5-32-55-14-5 = 0.382,5-35-38-5 = 0.618,5-56-55-32-5 = 0.618,5-18-54-13-14-5 = 0.026,5-18-54-34-14-5 = 0.026,5-25-9-51-44-4 = 0.316,5-34-13-51-43-4 = 0.105,8-49-10-58-46-4 = 0.789,8-49-10-58-15-4 = 0.105,8-49-58-51-28-4 = 0.105,4-28-15-4 = 0.895,4-17-57-4 = 1.0,5-18-9-46-43-4 = 0.079,5-25-9-19-37-7 = 0.5,4-45-20-44-43-4 = 0.342,4-51-46-43-4 = 0.132,5-25-54-14-5 = 0.079,4-45-20-40-23-8 = 0.658,4-41-50-16-5 = 1.0,4-12-47-11-8 = 0.184,5-25-9-10-14-5 = 0.105
96,62,732.028,5.826,0.118,0.304,103,104,4-22-4 = 1.0,8-33-8 = 0.087,5-38-5 = 0.043,8-39-8 = 0.087,5-42-5 = 1.0,7-21-55-14-5 = 0.043,7-36-26-7 = 0.087,7-31-52-29-19-7 = 0.435,7-31-52-37-7 = 0.217,7-21-32-14-5 = 0.043,7-48-24-30-7 = 1.0,7-21-26-36-7 = 0.913,7-31-58-51-43-4 = 0.13,8-53-27-8 = 1.0,7-52-29-37-7 = 0.348,7-31-29-19-11-8 = 0.13,8-33-39-8 = 0.913,8-12-44-15-4 = 0.065,8-12-44-28-4 = 0.065,8-12-47-11-8 = 0.87,7-31-29-19-37-7 = 0.087,8-10-49-19-37-7 = 0.348,5-35-56-14-5 = 0.043,5-18-54-34-13-5 = 0.522,5-35-38-5 = 0.957,5-56-55-32-5 = 0.957,5-18-54-13-14-5 = 0.478,5-25-9-51-44-4 = 0.348,5-25-9-46-14-5 = 0.326,5-25-9-58-43-4 = 0.261,5-34-58-46-43-4 = 0.478,8-49-10-46-47-4 = 0.13,8-49-10-51-44-4 = 0.522,4-28-15-4 = 0.935,4-17-57-4 = 1.0,4-9-58-46-43-4 = 0.065,4-45-20-40-23-8 = 1.0,4-41-50-16-5 = 1.0,5-25-58-43-14-5 = 0.065
104,96,732.105,5.778,0.077,-0.048,105,106,4-22-4 = 1.0,8-33-8 = 0.111,8-39-8 = 0.111,5-42-5 = 1.0,7-21-55-14-5 = 0.056,7-36-26-7 = 0.111,7-31-52-29-19-7 = 0.444,7-31-52-37-7 = 0.222,7-21-32-14-5 = 0.056,7-48-24-30-7 = 1.0,7-21-26-36-7 = 0.889,7-31-58-51-43-4 = 0.111,8-53-27-8 = 1.0,7-52-29-37-7 = 0.333,7-31-29-19-11-8 = 0.111,8-33-39-8 = 0.889,8-12-44-15-4 = 0.056,8-12-44-28-4 = 0.056,8-12-47-11-8 = 0.889,7-31-29-19-37-7 = 0.111,8-10-49-19-37-7 = 0.333,5-35-56-38-5 = 0.056,5-18-54-34-13-5 = 0.5,5-35-38-5 = 0.944,5-56-55-32-5 = 0.944,5-18-54-13-14-5 = 0.5,5-25-9-51-44-4 = 0.278,5-25-9-46-14-5 = 0.389,5-25-9-58-43-4 = 0.278,5-34-58-46-43-4 = 0.5,8-49-10-46-47-4 = 0.056,8-49-10-51-44-4 = 0.611,4-28-15-4 = 0.944,4-17-57-4 = 1.0,5-25-58-47-43-4 = 0.056,4-9-58-46-43-4 = 0.056,4-45-20-40-23-8 = 1.0,4-41-50-16-5 = 1.0
86,38,731.904,10.615,0.021,1.415,107,108,4-22-4 = 0.769,5-42-5 = 1.0,7-31-52-29-19-8 = 0.462,7-30-24-26-36-7 = 0.038,7-48-24-30-7 = 0.962,7-21-52-9-58-5 = 0.077,7-21-26-36-7 = 0.385,7-48-26-36-7 = 0.038,8-53-27-8 = 0.923,7-52-29-37-7 = 0.462,7-31-21-26-36-7 = 0.538,8-33-23-39-8 = 0.462,8-33-39-8 = 0.5,8-53-39-8 = 0.038,8-12-44-28-4 = 0.462,8-12-47-11-8 = 0.538,8-40-44-51-43-4 = 0.462,8-10-49-19-37-7 = 0.462,5-35-56-38-5 = 0.769,5-18-54-34-13-5 = 0.769,5-32-55-14-5 = 0.769,5-35-38-5 = 0.231,5-25-51-43-4 = 0.077,5-56-55-32-5 = 0.231,5-18-54-13-14-5 = 0.154,5-18-25-9-43-4 = 0.077,5-54-34-13-14-5 = 0.077,5-25-9-10-58-5 = 0.077,5-25-9-58-46-4 = 0.231,5-25-9-58-15-4 = 0.462,5-25-9-44-43-4 = 0.077,5-34-58-51-28-4 = 0.154,8-49-10-46-47-8 = 0.462,4-15-57-4 = 0.154,4-22-57-4 = 0.231,4-17-57-4 = 0.615,4-17-15-28-4 = 0.385,4-51-46-43-4 = 0.308,4-45-20-40-23-8 = 0.538,4-41-50-16-5 = 1.0,4-45-20-11-8 = 0.462,8-27-49-29-19-37-7 = 0.077,8-53-33-8 = 0.038
107,86,731.929,10.4,0.025,-0.215,109,110,4-22-4 = 0.6,5-42-5 = 1.0,7-31-52-29-19-8 = 0.4,7-48-24-30-7 = 1.0,7-21-26-36-7 = 0.6,8-53-27-8 = 1.0,7-52-29-37-7 = 0.4,7-31-21-26-36-7 = 0.4,8-33-23-39-8 = 0.4,8-33-39-8 = 0.6,8-12-44-28-4 = 0.4,8-12-47-11-8 = 0.6,8-40-44-51-43-4 = 0.4,8-10-49-19-37-7 = 0.6,7-31-52-29-14-5 = 0.2,5-35-56-38-5 = 0.6,5-18-54-34-13-5 = 0.8,5-32-55-14-5 = 0.6,5-35-38-5 = 0.4,5-56-55-32-5 = 0.4,5-18-54-13-14-5 = 0.2,5-25-9-58-46-4 = 0.2,5-25-9-58-15-4 = 0.6,5-25-9-44-43-4 = 0.2,5-34-58-51-28-4 = 0.2,8-49-10-46-47-8 = 0.4,4-22-57-4 = 0.4,4-17-57-4 = 0.6,4-17-15-28-4 = 0.4,4-51-46-43-4 = 0.4,4-45-20-40-23-8 = 0.6,4-41-50-16-5 = 1.0,4-45-20-11-8 = 0.4
37,35,732.145,9.833,1.066,-0.167,111,112,4-22-4 = 0.917,5-42-5 = 1.0,7-31-52-29-19-8 = 0.5,7-48-24-30-7 = 1.0,7-21-26-36-7 = 0.5,8-53-27-40-23-8 = 0.167,7-52-29-37-7 = 0.5,7-31-21-26-36-7 = 0.5,8-33-23-39-8 = 0.667,8-33-39-8 = 0.167,8-33-40-11-8 = 0.167,8-40-23-39-8 = 0.167,8-12-47-11-8 = 0.167,8-40-44-51-43-4 = 0.5,8-10-49-19-37-7 = 0.5,5-35-56-38-5 = 0.833,5-18-54-34-13-5 = 0.833,5-32-55-14-5 = 0.833,5-35-38-5 = 0.167,5-25-51-43-4 = 0.167,5-56-55-32-5 = 0.167,5-18-54-13-14-5 = 0.167,5-25-9-10-58-5 = 0.167,5-25-9-51-44-4 = 0.167,5-25-9-58-46-4 = 0.5,5-34-58-46-15-4 = 0.167,8-49-10-46-47-8 = 0.333,4-15-57-4 = 0.417,4-17-57-4 = 0.583,4-17-15-28-4 = 0.417,4-45-20-28-4 = 0.583,4-45-20-44-43-4 = 0.333,4-12-9-58-51-4 = 0.167,4-41-50-16-5 = 1.0,4-12-47-11-8 = 0.5,4-45-20-22-4 = 0.083,8-27-53-8 = 0.833,8-12-49-11-8 = 0.167
106,104,732.158,5.591,0.053,-0.187,113,114,4-22-4 = 1.0,8-33-8 = 0.068,8-39-8 = 0.068,5-42-5 = 1.0,7-21-55-14-5 = 0.068,7-36-26-7 = 0.182,7-31-52-29-19-7 = 0.455,7-31-52-37-7 = 0.273,7-21-32-14-5 = 0.068,7-48-24-30-7 = 1.0,7-21-54-14-5 = 0.045,7-21-26-36-7 = 0.818,8-53-27-8 = 1.0,7-52-29-37-7 = 0.273,8-12-46-13-5 = 0.045,7-31-29-19-11-8 = 0.091,8-33-39-8 = 0.932,8-12-44-15-4 = 0.023,8-12-44-28-4 = 0.023,8-12-47-11-8 = 0.909,7-31-29-19-37-7 = 0.182,8-10-49-19-37-7 = 0.273,5-35-56-38-5 = 0.068,5-18-54-34-13-5 = 0.477,5-35-38-5 = 0.932,5-56-55-32-5 = 0.932,5-18-54-13-14-5 = 0.477,5-18-58-51-43-4 = 0.045,5-25-9-51-44-4 = 0.273,5-25-9-46-14-5 = 0.341,5-25-9-58-43-4 = 0.341,5-34-58-46-43-4 = 0.523,8-49-10-46-47-4 = 0.045,8-49-10-51-44-4 = 0.682,4-28-15-4 = 0.977,4-17-57-4 = 1.0,5-25-58-47-43-4 = 0.045,4-9-58-46-43-4 = 0.045,4-45-20-40-23-8 = 1.0,4-41-50-16-5 = 1.0
48,19,731.793,12.0,0.436,2.069,115,116,4-22-4 = 1.0,5-42-5 = 0.5,7-31-52-29-19-8 = 0.5,7-48-24-30-7 = 1.0,7-21-26-36-7 = 0.5,7-52-29-37-7 = 0.5,7-31-21-26-36-7 = 0.5,8-33-23-39-8 = 0.5,8-33-39-8 = 0.5,8-12-47-11-8 = 1.0,8-40-49-46-43-4 = 0.5,5-35-56-38-5 = 0.25,5-18-54-34-13-5 = 0.5,5-32-55-14-5 = 0.5,5-35-38-5 = 0.5,5-56-55-32-5 = 0.5,5-18-54-13-14-5 = 0.5,5-25-9-10-58-5 = 0.5,5-25-9-51-44-4 = 0.25,5-34-58-46-43-4 = 0.5,8-49-10-51-44-4 = 0.5,4-15-57-4 = 0.5,4-17-57-4 = 0.5,4-17-15-28-4 = 0.5,5-25-9-19-37-7 = 0.25,4-45-20-28-4 = 0.5,4-45-20-40-23-8 = 0.5,4-41-50-16-5 = 1.0,5-42-38-5 = 0.25,5-35-56-42-5 = 0.25,8-27-53-8 = 1.0,4-44-51-19-37-7 = 0.25
116,48,732.3,10.857,0.507,-1.143,117,118,4-22-4 = 1.0,5-42-5 = 0.714,7-31-52-29-19-8 = 0.5,7-48-24-30-7 = 1.0,7-21-26-36-7 = 0.5,8-53-27-8 = 1.0,7-52-29-37-7 = 0.5,7-31-21-26-36-7 = 0.5,8-33-23-39-8 = 0.429,8-33-39-8 = 0.571,8-12-44-28-4 = 0.143,8-12-47-11-8 = 0.857,8-40-49-46-43-4 = 0.429,5-35-56-38-5 = 0.429,5-18-54-34-13-5 = 0.714,5-32-55-14-5 = 0.714,5-38-50-16-5 = 0.143,5-38-41-57-4 = 0.143,5-35-38-5 = 0.286,5-25-51-43-4 = 0.143,5-56-55-32-5 = 0.286,5-18-54-13-14-5 = 0.286,5-25-9-46-47-8 = 0.071,5-25-9-10-58-5 = 0.571,5-25-9-51-44-4 = 0.071,5-25-9-58-43-4 = 0.143,5-34-58-46-43-4 = 0.286,8-49-10-46-47-4 = 0.071,8-49-10-51-44-4 = 0.357,8-49-51-44-15-4 = 0.143,4-15-57-4 = 0.357,4-17-57-4 = 0.5,4-17-15-28-4 = 0.5,4-45-20-28-4 = 0.357,4-45-20-40-23-8 = 0.571,4-41-50-16-5 = 0.857,4-45-20-11-8 = 0.071,4-9-46-19-37-7 = 0.143,5-35-56-42-5 = 0.286,8-11-19-37-7 = 0.071,4-44-51-19-37-7 = 0.286
94,24,732.162,8.68,0.138,-0.107,119,120,4-22-4 = 1.0,8-33-8 = 0.338,8-39-8 = 0.376,5-42-5 = 1.0,7-31-52-29-19-8 = 0.385,7-21-52-29-7 = 0.289,7-48-24-30-7 = 1.0,7-21-26-36-7 = 0.385,7-31-49-10-58-14-5 = 0.289,8-53-27-8 = 1.0,7-52-29-37-7 = 0.326,7-31-21-26-36-7 = 0.326,8-33-23-39-8 = 0.432,8-33-39-8 = 0.191,8-33-40-11-8 = 0.038,8-12-44-28-4 = 0.001,8-12-47-11-8 = 0.962,8-12-9-10-49-8 = 0.037,8-40-44-51-43-4 = 0.394,8-10-49-19-37-7 = 0.557,5-18-54-34-13-5 = 0.508,5-35-38-5 = 1.0,5-54-58-49-37-7 = 0.059,5-25-51-43-4 = 0.096,5-56-55-32-5 = 1.0,5-18-54-58-13-5 = 0.043,5-18-54-13-14-5 = 0.391,5-25-9-46-47-4 = 0.038,5-18-58-49-19-37-7 = 0.059,5-25-9-51-44-4 = 0.302,5-25-9-46-14-5 = 0.262,5-25-9-44-43-4 = 0.302,5-34-58-46-15-4 = 0.434,5-34-58-10-46-5 = 0.059,4-15-28-4 = 0.566,4-17-57-4 = 1.0,4-45-20-28-4 = 0.432,4-51-46-43-4 = 0.208,4-45-20-40-23-8 = 0.568,4-41-50-16-5 = 1.0,7-26-36-7 = 0.289,5-9-10-58-13-14-5 = 0.059
91,79,732.097,6.947,0.225,0.447,121,122,4-22-4 = 0.658,5-42-5 = 1.0,7-31-52-29-19-7 = 0.053,7-31-52-29-19-8 = 0.263,7-48-24-30-7 = 1.0,7-21-26-36-7 = 0.368,7-31-9-46-43-4 = 0.053,8-53-27-8 = 1.0,8-40-28-15-4 = 0.105,7-52-29-37-7 = 0.684,7-31-21-26-36-7 = 0.632,8-33-23-39-8 = 1.0,8-12-44-15-4 = 0.105,8-12-47-11-8 = 0.895,8-10-51-43-4 = 0.053,8-40-44-51-43-4 = 0.895,5-18-54-34-13-5 = 0.526,5-35-38-5 = 1.0,5-54-58-49-37-7 = 0.053,5-25-58-10-49-8 = 0.474,5-56-55-32-5 = 1.0,5-18-54-13-14-5 = 0.421,5-18-58-49-19-37-7 = 0.053,5-25-9-46-14-5 = 0.526,5-34-13-51-15-4 = 0.053,5-34-58-10-49-19-8 = 0.316,4-15-57-4 = 0.342,4-17-57-4 = 0.658,4-17-15-28-4 = 0.342,5-34-58-49-19-11-8 = 0.105,4-45-20-28-4 = 0.553,4-41-50-16-5 = 1.0,4-9-46-19-37-7 = 0.211,4-9-10-46-47-4 = 0.105,4-45-20-15-4 = 0.053,4-45-20-22-4 = 0.342,4-9-10-46-14-5 = 0.053,4-45-20-9-46-4 = 0.053
31,20,732.58,7.0,1.747,-2.5,123,124,4-22-4 = 0.278,8-39-8 = 0.111,5-42-5 = 1.0,7-31-52-29-19-8 = 0.111,7-21-52-29-7 = 0.111,7-30-24-26-36-7 = 0.056,7-48-24-30-7 = 0.944,7-31-52-54-5 = 0.111,7-21-26-36-7 = 0.667,7-48-26-36-7 = 0.056,8-53-27-8 = 1.0,8-40-28-15-4 = 0.056,7-52-29-37-7 = 0.222,8-12-46-13-5 = 0.111,7-31-29-19-11-8 = 0.111,7-31-21-26-36-7 = 0.222,8-33-23-39-8 = 0.167,8-33-39-8 = 0.722,8-33-40-11-8 = 0.111,8-12-44-28-4 = 0.111,8-12-47-11-8 = 0.778,8-10-49-19-37-7 = 0.778,7-31-52-29-14-5 = 0.444,5-18-54-34-13-5 = 0.389,5-35-38-5 = 1.0,5-56-55-32-5 = 1.0,5-18-54-13-14-5 = 0.5,5-18-58-51-43-4 = 0.111,5-25-9-51-44-4 = 0.778,5-25-9-46-14-5 = 0.056,5-25-9-58-43-4 = 0.167,5-34-58-46-43-4 = 0.611,8-49-10-46-47-8 = 0.222,4-15-57-4 = 0.167,4-22-57-4 = 0.611,4-17-57-4 = 0.222,4-17-15-28-4 = 0.778,4-45-20-28-4 = 0.056,4-44-58-51-43-4 = 0.111,4-45-20-40-23-8 = 0.833,4-41-50-16-5 = 1.0,4-45-20-22-4 = 0.111
98,76,732.272,10.0,0.307,-0.588,125,126,4-22-4 = 1.0,5-38-5 = 0.5,5-42-5 = 1.0,7-31-52-29-19-8 = 0.5,7-48-24-30-7 = 1.0,7-21-26-36-7 = 0.5,8-53-27-8 = 1.0,7-52-29-37-7 = 0.5,7-31-21-26-36-7 = 0.5,8-33-23-39-8 = 0.5,8-33-39-8 = 0.5,8-12-44-43-4 = 0.5,8-12-47-11-8 = 0.5,8-40-44-51-43-4 = 0.5,8-10-49-19-37-7 = 0.5,5-35-56-14-5 = 0.5,5-18-54-34-13-5 = 1.0,5-32-55-14-5 = 0.5,5-35-38-5 = 0.5,5-56-55-32-5 = 0.5,5-25-9-58-46-4 = 0.5,5-25-9-58-51-4 = 0.5,8-49-10-46-47-8 = 0.5,4-28-15-4 = 1.0,4-17-57-4 = 1.0,4-45-20-40-23-8 = 0.5,4-41-50-16-5 = 1.0,4-45-20-11-8 = 0.5
113,106,732.223,5.591,0.065,0.0,127,128,4-22-4 = 1.0,8-33-8 = 0.068,8-39-8 = 0.068,5-42-5 = 1.0,7-21-55-14-5 = 0.068,7-36-26-7 = 0.182,7-31-52-29-19-7 = 0.455,7-31-52-37-7 = 0.273,7-21-32-14-5 = 0.068,7-48-24-30-7 = 1.0,7-21-54-14-5 = 0.045,7-21-26-36-7 = 0.818,8-53-27-8 = 1.0,7-52-29-37-7 = 0.273,8-12-46-13-5 = 0.045,7-31-29-19-11-8 = 0.091,8-33-39-8 = 0.932,8-12-44-15-4 = 0.023,8-12-44-28-4 = 0.023,8-12-47-11-8 = 0.909,7-31-29-19-37-7 = 0.182,8-10-49-19-37-7 = 0.227,5-35-56-38-5 = 0.068,5-18-54-34-13-5 = 0.477,5-35-38-5 = 0.932,5-56-55-32-5 = 0.932,5-18-54-13-14-5 = 0.477,5-18-58-51-43-4 = 0.045,5-25-9-51-44-4 = 0.227,5-25-9-46-14-5 = 0.341,5-25-9-58-43-4 = 0.432,5-34-58-46-43-4 = 0.523,8-49-10-46-47-4 = 0.091,8-49-10-51-44-4 = 0.682,4-28-15-4 = 0.977,4-17-57-4 = 1.0,4-45-20-40-23-8 = 1.0,4-41-50-16-5 = 1.0,4-44-51-19-37-7 = 0.045
112,37,732.269,9.55,0.123,-0.283,129,130,4-22-4 = 0.825,5-42-5 = 1.0,7-31-52-29-19-8 = 0.5,7-48-24-30-7 = 1.0,7-21-26-36-7 = 0.5,8-53-27-8 = 0.9,8-53-27-40-23-8 = 0.1,7-52-29-37-7 = 0.5,7-31-21-26-36-7 = 0.5,8-33-23-39-8 = 0.85,8-33-39-8 = 0.1,8-33-40-11-8 = 0.05,8-40-23-39-8 = 0.05,8-40-44-51-43-4 = 0.75,8-10-49-19-37-7 = 0.5,5-35-56-38-5 = 0.6,5-18-54-34-13-5 = 0.65,5-32-55-14-5 = 0.6,5-35-38-5 = 0.4,5-25-51-43-4 = 0.1,5-56-55-32-5 = 0.4,5-18-54-13-14-5 = 0.3,5-25-9-10-58-5 = 0.2,5-18-54-34-14-5 = 0.05,5-25-9-51-44-4 = 0.15,5-25-9-58-46-4 = 0.45,5-25-9-58-15-4 = 0.1,5-34-58-46-15-4 = 0.25,8-49-10-46-47-8 = 0.3,4-15-57-4 = 0.325,4-17-57-4 = 0.675,4-17-15-28-4 = 0.325,4-45-20-28-4 = 0.675,4-45-20-44-43-4 = 0.1,4-20-40-11-8 = 0.05,4-41-50-16-5 = 1.0,4-12-47-11-8 = 0.7,4-45-12-9-43-4 = 0.05,4-45-20-22-4 = 0.175,4-12-9-34-13-14-5 = 0.05,8-12-49-11-8 = 0.2
57,14,732.08,10.489,0.456,0.889,131,132,4-22-4 = 1.0,5-42-5 = 0.82,7-31-52-29-19-8 = 0.181,7-21-52-29-7 = 0.279,7-30-24-26-36-7 = 0.32,7-48-24-30-7 = 0.68,7-31-52-9-49-19-7 = 0.068,7-21-49-19-37-7 = 0.36,7-48-26-36-7 = 0.32,7-52-29-37-7 = 0.15,7-31-21-26-36-7 = 0.36,7-31-9-10-49-29-7 = 0.068,8-33-23-39-8 = 0.597,8-33-39-8 = 0.403,8-12-47-11-8 = 0.987,8-40-44-51-43-4 = 0.597,7-31-52-29-14-5 = 0.322,5-35-56-14-5 = 0.092,5-18-54-34-13-5 = 0.686,5-32-55-14-5 = 0.272,5-38-50-16-5 = 0.136,5-38-41-57-4 = 0.136,5-35-38-5 = 0.728,5-56-55-32-5 = 0.728,5-18-54-13-14-5 = 0.314,5-25-9-46-47-4 = 0.013,5-25-9-10-58-5 = 0.264,5-25-9-51-44-4 = 0.152,5-25-9-58-46-4 = 0.421,5-34-58-10-46-4 = 0.314,4-15-57-4 = 0.432,4-17-57-4 = 0.432,4-17-15-28-4 = 0.568,5-25-49-19-37-7 = 0.15,4-45-20-28-4 = 0.432,4-45-20-44-43-4 = 0.152,4-51-46-43-4 = 0.251,4-45-20-40-23-8 = 0.403,4-41-50-16-5 = 0.864,4-45-20-11-8 = 0.013,4-12-9-10-49-7 = 0.013,4-10-49-19-37-7 = 0.241,5-35-56-42-5 = 0.18,8-27-53-8 = 1.0,4-44-10-49-37-7 = 0.099
132,57,732.11,10.755,0.031,0.266,133,134,4-22-4 = 1.0,5-42-5 = 0.819,7-31-52-29-19-8 = 0.176,7-21-52-29-7 = 0.216,7-30-24-26-36-7 = 0.304,7-48-24-30-7 = 0.696,7-21-49-19-37-7 = 0.392,7-48-26-36-7 = 0.304,8-53-27-8 = 1.0,7-52-29-37-7 = 0.176,7-31-21-26-36-7 = 0.392,8-33-23-39-8 = 0.588,8-33-39-8 = 0.412,8-12-44-28-4 = 0.069,8-12-47-11-8 = 0.931,8-40-44-51-43-4 = 0.588,7-31-52-29-14-5 = 0.255,5-35-56-14-5 = 0.152,5-18-54-34-13-5 = 0.75,5-32-55-14-5 = 0.333,5-38-50-16-5 = 0.167,5-38-41-57-4 = 0.167,5-35-38-5 = 0.667,5-56-55-32-5 = 0.667,5-18-54-13-14-5 = 0.25,5-25-9-46-47-4 = 0.069,5-25-9-10-58-5 = 0.319,5-25-9-51-44-4 = 0.172,5-25-9-46-14-5 = 0.01,5-25-9-58-46-4 = 0.431,5-34-58-10-46-4 = 0.25,4-15-57-4 = 0.417,4-17-57-4 = 0.417,4-17-15-28-4 = 0.583,4-45-20-28-4 = 0.348,4-45-20-44-43-4 = 0.172,4-51-46-43-4 = 0.24,4-45-20-40-23-8 = 0.412,4-41-50-16-5 = 0.833,4-45-20-11-8 = 0.069,4-10-49-19-37-7 = 0.431,5-35-56-42-5 = 0.181,7-31-52-49-29-7 = 0.176
133,132,732.543,9.231,0.433,-1.524,135,136,4-22-4 = 0.716,5-42-5 = 0.981,7-31-52-29-19-8 = 0.298,7-21-52-29-7 = 0.154,7-30-24-26-36-7 = 0.288,7-48-24-30-7 = 0.712,7-21-49-19-37-7 = 0.423,7-48-26-36-7 = 0.288,8-53-27-8 = 1.0,7-52-29-37-7 = 0.269,7-31-21-26-36-7 = 0.423,8-33-23-39-8 = 0.663,8-33-39-8 = 0.337,8-12-47-11-8 = 0.971,8-40-44-51-43-4 = 0.663,7-31-52-29-14-5 = 0.01,5-18-54-34-13-5 = 0.346,5-32-55-14-5 = 0.019,5-38-50-16-5 = 0.01,5-38-41-57-4 = 0.01,5-35-38-5 = 0.981,5-56-55-32-5 = 0.981,5-18-54-13-14-5 = 0.654,5-25-9-46-47-4 = 0.029,5-25-9-10-58-5 = 0.346,5-25-9-51-44-4 = 0.308,5-25-9-46-14-5 = 0.317,5-34-58-46-43-4 = 0.279,5-34-58-10-46-4 = 0.375,4-15-57-4 = 0.428,4-22-57-4 = 0.135,4-17-57-4 = 0.428,4-17-15-28-4 = 0.572,4-20-51-43-4 = 0.029,4-45-20-28-4 = 0.428,4-45-20-44-43-4 = 0.029,4-45-20-40-23-8 = 0.337,4-41-50-16-5 = 0.99,4-45-20-11-8 = 0.029,4-45-12-49-37-7 = 0.029,4-10-49-19-37-7 = 0.279,4-45-20-22-4 = 0.149,5-35-56-42-5 = 0.019,7-31-52-49-29-7 = 0.269
71,39,732.4,6.333,0.684,-0.556,137,138,4-22-4 = 1.0,8-33-8 = 0.083,8-39-8 = 0.083,5-42-5 = 1.0,7-36-26-7 = 0.417,7-31-52-29-19-7 = 0.5,7-31-52-37-7 = 0.083,7-48-24-30-7 = 1.0,7-21-54-34-14-5 = 0.083,7-21-26-36-7 = 0.25,7-21-49-19-37-7 = 0.333,7-52-29-37-7 = 0.417,7-31-21-26-36-7 = 0.333,8-33-39-8 = 0.917,8-12-47-11-8 = 0.917,8-10-51-43-4 = 0.083,7-31-29-19-37-7 = 0.083,8-51-46-43-4 = 0.417,5-18-54-34-13-5 = 0.333,5-35-38-5 = 1.0,5-56-55-32-5 = 1.0,5-18-54-13-14-5 = 0.333,5-54-34-13-14-5 = 0.25,5-18-25-9-58-14-5 = 0.25,5-18-58-49-19-37-7 = 0.083,5-25-9-51-44-4 = 0.417,5-25-9-58-46-4 = 0.25,5-34-58-10-46-4 = 0.333,8-49-10-51-44-4 = 0.083,8-49-10-44-43-4 = 0.5,4-28-15-4 = 1.0,4-17-57-4 = 1.0,5-25-9-58-13-14-5 = 0.083,4-45-20-40-23-8 = 1.0,4-41-50-16-5 = 1.0,4-12-47-11-8 = 0.083,8-27-53-8 = 1.0
118,116,732.301,10.966,0.001,0.108,139,140,4-22-4 = 1.0,5-42-5 = 0.724,7-31-52-29-19-8 = 0.5,7-48-24-30-7 = 1.0,7-21-26-36-7 = 0.5,8-53-27-8 = 1.0,7-52-29-37-7 = 0.5,7-31-21-26-36-7 = 0.5,8-33-23-39-8 = 0.466,8-33-39-8 = 0.534,8-12-44-28-4 = 0.138,8-12-47-11-8 = 0.862,8-40-49-46-43-4 = 0.466,5-35-56-14-5 = 0.069,5-35-56-38-5 = 0.328,5-18-54-34-13-5 = 0.741,5-32-55-14-5 = 0.672,5-38-50-16-5 = 0.172,5-38-41-57-4 = 0.172,5-35-38-5 = 0.328,5-25-51-43-4 = 0.138,5-56-55-32-5 = 0.328,5-18-54-13-14-5 = 0.259,5-25-9-10-58-5 = 0.603,5-25-9-51-44-4 = 0.121,5-25-9-58-43-4 = 0.138,5-34-58-46-43-4 = 0.259,8-49-10-46-47-4 = 0.138,8-49-10-51-44-4 = 0.259,8-49-51-44-15-4 = 0.138,4-15-57-4 = 0.345,4-17-57-4 = 0.483,4-17-15-28-4 = 0.517,4-45-20-28-4 = 0.345,4-45-20-40-23-8 = 0.534,4-41-50-16-5 = 0.828,4-45-20-11-8 = 0.121,4-9-46-19-37-7 = 0.138,5-35-56-42-5 = 0.276,8-11-19-37-7 = 0.017,4-44-51-19-37-7 = 0.345
127,113,732.409,5.083,0.186,-0.508,141,142,4-22-4 = 1.0,8-33-8 = 0.042,8-39-8 = 0.042,5-42-5 = 1.0,7-21-55-14-5 = 0.083,7-36-26-7 = 0.25,7-31-52-29-19-7 = 0.5,7-31-52-37-7 = 0.25,7-21-32-14-5 = 0.083,7-48-24-30-7 = 1.0,7-21-9-46-13-5 = 0.083,7-21-26-36-7 = 0.75,8-53-27-8 = 1.0,7-52-29-37-7 = 0.25,8-33-39-8 = 0.958,8-12-47-11-8 = 1.0,7-31-29-19-37-7 = 0.25,8-10-49-19-37-7 = 0.25,5-35-56-38-5 = 0.083,5-18-54-34-13-5 = 0.375,5-35-38-5 = 0.917,5-56-55-32-5 = 0.917,5-18-54-13-14-5 = 0.542,5-18-25-54-5 = 0.083,5-25-9-51-44-4 = 0.25,5-25-9-46-14-5 = 0.292,5-25-9-58-43-4 = 0.375,5-34-58-46-43-4 = 0.625,8-49-10-51-44-4 = 0.75,4-15-28-4 = 1.0,4-17-57-4 = 1.0,4-45-20-40-23-8 = 1.0,4-41-50-16-5 = 1.0
84,44,732.616,6.429,1.064,-1.696,143,144,4-22-4 = 0.571,5-42-5 = 1.0,7-31-52-29-19-8 = 0.429,7-48-24-30-7 = 1.0,7-21-26-36-7 = 0.429,7-52-29-37-7 = 0.571,7-31-21-26-36-7 = 0.571,8-33-39-8 = 1.0,8-12-44-28-4 = 0.286,8-12-47-11-8 = 0.714,8-44-58-10-49-19-8 = 0.143,5-35-56-38-5 = 1.0,5-18-54-34-13-5 = 1.0,5-32-55-14-5 = 1.0,5-25-9-46-47-4 = 0.286,5-25-9-51-44-4 = 0.571,8-49-10-58-46-4 = 0.286,8-49-10-58-43-4 = 0.571,4-15-57-4 = 0.286,4-22-57-4 = 0.429,4-17-57-4 = 0.286,4-17-15-28-4 = 0.714,5-25-9-19-37-7 = 0.143,4-51-46-43-4 = 0.429,4-45-20-40-23-8 = 1.0,4-41-50-16-5 = 1.0,8-27-53-8 = 1.0,8-11-19-37-7 = 0.286
59,27,732.513,7.111,1.27,-0.889,145,146,4-22-4 = 1.0,8-39-8 = 0.028,5-42-5 = 1.0,7-31-52-29-19-8 = 0.5,7-48-24-30-7 = 1.0,7-21-26-36-7 = 0.5,7-52-29-37-7 = 0.5,7-31-21-26-36-7 = 0.5,8-33-23-39-8 = 0.028,8-33-39-8 = 0.944,8-33-40-11-8 = 0.028,8-12-44-28-4 = 0.028,8-12-47-11-8 = 0.972,8-10-49-19-37-7 = 0.139,5-35-56-14-5 = 0.472,5-35-56-38-5 = 0.056,5-18-54-34-13-5 = 1.0,5-32-55-14-5 = 0.528,5-35-38-5 = 0.472,5-25-51-43-4 = 0.444,5-56-55-32-5 = 0.472,5-25-9-44-43-4 = 0.556,8-49-10-46-47-4 = 0.028,8-49-10-51-44-4 = 0.167,8-49-10-58-46-4 = 0.667,4-28-15-4 = 0.806,4-17-57-4 = 1.0,4-45-20-28-4 = 0.028,8-9-46-19-37-7 = 0.111,4-45-20-40-23-8 = 0.972,4-41-50-16-5 = 1.0,5-42-38-5 = 0.472,8-27-53-8 = 1.0,8-9-58-46-15-4 = 0.194,4-44-51-19-37-7 = 0.25,8-9-58-51-28-4 = 0.139
129,112,732.311,10.25,0.042,0.7,147,148,4-22-4 = 0.875,5-42-5 = 1.0,7-31-52-29-19-8 = 0.5,7-48-24-30-7 = 1.0,7-21-26-36-7 = 0.5,8-53-27-8 = 0.75,8-53-27-40-23-8 = 0.25,7-52-29-37-7 = 0.5,7-31-21-26-36-7 = 0.5,8-33-23-39-8 = 0.75,8-33-39-8 = 0.25,8-40-44-51-43-4 = 0.75,8-10-49-19-37-7 = 0.5,5-35-56-38-5 = 0.5,5-18-54-34-13-5 = 0.5,5-32-55-14-5 = 0.5,5-35-38-5 = 0.5,5-56-55-32-5 = 0.5,5-18-54-13-14-5 = 0.25,5-25-9-10-58-5 = 0.25,5-18-54-34-14-5 = 0.25,5-25-9-58-46-4 = 0.75,5-34-13-51-15-4 = 0.25,8-49-10-46-47-8 = 0.25,4-15-57-4 = 0.375,4-17-57-4 = 0.625,4-17-15-28-4 = 0.375,4-45-20-28-4 = 0.625,4-45-20-44-43-4 = 0.25,4-41-50-16-5 = 1.0,4-12-47-11-8 = 0.75,4-45-20-22-4 = 0.125,8-12-49-11-8 = 0.25
148,129,732.345,10.5,0.035,0.25,149,150,4-22-4 = 1.0,5-42-5 = 1.0,7-31-52-29-19-8 = 0.5,7-48-24-30-7 = 1.0,7-21-26-36-7 = 0.5,8-53-27-40-23-8 = 0.5,7-52-29-37-7 = 0.5,7-31-21-26-36-7 = 0.5,8-33-23-39-8 = 0.5,8-33-39-8 = 0.5,8-12-47-11-8 = 0.25,8-40-44-51-43-4 = 0.5,8-10-49-19-37-7 = 0.5,5-35-56-38-5 = 0.75,5-18-54-34-13-5 = 0.75,5-32-55-14-5 = 0.75,5-35-38-5 = 0.25,5-56-55-32-5 = 0.25,5-18-54-13-14-5 = 0.25,5-25-9-10-58-5 = 0.25,5-25-9-51-44-4 = 0.25,5-25-9-58-46-4 = 0.25,5-25-9-58-15-4 = 0.25,5-34-58-46-15-4 = 0.25,8-49-10-46-47-8 = 0.25,4-15-57-4 = 0.25,4-17-57-4 = 0.75,4-17-15-28-4 = 0.25,4-45-20-28-4 = 0.75,4-45-20-44-43-4 = 0.25,4-51-46-43-4 = 0.25,4-41-50-16-5 = 1.0,4-12-47-11-8 = 0.5,8-27-53-8 = 0.5,8-12-49-11-8 = 0.25
149,148,732.518,9.625,0.172,-0.875,151,152,4-22-4 = 0.75,5-42-5 = 1.0,7-31-52-29-19-8 = 0.5,7-48-24-30-7 = 1.0,7-21-26-36-7 = 0.5,8-53-27-40-23-8 = 0.25,7-52-29-37-7 = 0.5,7-31-21-26-36-7 = 0.5,8-33-23-39-8 = 0.75,8-33-39-8 = 0.25,8-40-44-51-43-4 = 0.75,8-10-49-19-37-7 = 0.5,5-35-56-14-5 = 0.125,5-35-56-38-5 = 0.625,5-18-54-34-13-5 = 0.875,5-32-55-14-5 = 0.75,5-38-50-16-5 = 0.125,5-35-38-5 = 0.25,5-56-55-32-5 = 0.25,5-18-54-13-14-5 = 0.125,5-25-9-10-58-5 = 0.25,5-25-9-58-46-4 = 0.625,5-25-9-58-15-4 = 0.125,5-34-51-44-15-4 = 0.125,8-49-10-46-47-8 = 0.25,4-15-57-4 = 0.375,4-17-57-4 = 0.5,4-17-15-28-4 = 0.375,4-45-20-28-4 = 0.625,4-45-20-44-43-4 = 0.125,4-51-46-43-4 = 0.125,4-17-41-57-4 = 0.125,4-41-50-16-5 = 0.875,4-12-47-11-8 = 0.75,4-45-20-22-4 = 0.25,8-27-53-8 = 0.75,8-12-49-11-8 = 0.25
52,30,732.959,4.46,1.809,-2.54,153,154,4-22-4 = 1.0,8-33-8 = 0.063,8-39-8 = 0.119,5-42-5 = 1.0,7-36-26-7 = 0.46,7-31-52-29-19-8 = 0.079,7-48-37-7 = 0.048,7-24-30-7 = 0.048,7-21-52-29-5 = 0.46,7-48-24-30-7 = 0.952,7-52-29-46-4 = 0.079,7-31-52-54-5 = 0.048,8-12-46-13-5 = 0.048,7-31-21-26-36-7 = 0.54,8-33-23-39-8 = 0.056,8-33-39-8 = 0.825,8-33-40-11-8 = 0.056,8-12-44-15-4 = 0.008,8-12-44-28-4 = 0.008,8-12-47-11-8 = 0.889,8-10-49-19-37-7 = 0.921,7-31-52-29-14-5 = 0.333,5-18-54-34-13-5 = 0.286,5-35-38-5 = 1.0,5-56-55-32-5 = 1.0,5-18-54-13-14-5 = 0.667,5-25-9-46-47-4 = 0.063,5-18-58-51-43-4 = 0.048,5-25-9-51-44-4 = 0.825,5-25-9-58-43-4 = 0.111,5-34-58-46-43-4 = 0.714,5-58-51-44-43-4 = 0.127,8-49-10-46-47-4 = 0.048,4-28-15-4 = 0.992,4-17-57-4 = 1.0,4-45-20-40-23-8 = 0.944,4-41-50-16-5 = 1.0,4-45-20-11-8 = 0.056,8-27-53-8 = 1.0,8-12-46-29-7 = 0.048,4-44-10-49-37-7 = 0.032
120,94,732.553,7.952,0.39,-0.727,155,156,4-22-4 = 1.0,8-33-8 = 0.405,8-39-8 = 0.405,5-42-5 = 1.0,7-31-52-29-19-8 = 0.524,7-48-24-30-7 = 1.0,7-21-26-36-7 = 0.524,8-53-27-8 = 1.0,7-52-29-37-7 = 0.476,7-31-21-26-36-7 = 0.476,8-33-23-39-8 = 0.333,8-33-39-8 = 0.262,8-12-47-11-8 = 0.881,8-12-9-10-49-8 = 0.119,8-40-44-51-43-4 = 0.333,8-10-49-19-37-7 = 0.143,8-45-20-40-23-8 = 0.595,5-18-54-34-13-5 = 0.5,5-35-38-5 = 1.0,5-54-58-49-37-7 = 0.167,5-25-51-43-4 = 0.286,5-56-55-32-5 = 1.0,5-18-54-13-14-5 = 0.286,5-54-34-13-14-5 = 0.048,5-25-9-46-47-4 = 0.119,5-18-58-49-19-37-7 = 0.214,5-25-9-51-44-4 = 0.333,5-25-9-46-14-5 = 0.262,5-34-58-10-46-5 = 0.333,4-15-28-4 = 1.0,4-17-57-4 = 1.0,5-34-58-49-19-11-8 = 0.119,4-45-20-44-43-4 = 0.333,4-51-46-43-4 = 0.048,4-45-20-40-23-8 = 0.071,4-41-50-16-5 = 1.0,8-49-10-46-14-5 = 0.238,5-9-10-58-13-14-5 = 0.167
73,46,732.248,10.0,0.515,1.0,157,158,4-22-4 = 0.5,5-42-5 = 1.0,7-31-52-29-19-8 = 0.5,7-48-24-30-7 = 1.0,7-21-26-36-7 = 0.5,7-52-29-37-7 = 0.5,7-31-21-26-36-7 = 0.5,8-33-23-39-8 = 0.5,8-33-39-8 = 0.5,8-12-47-11-8 = 1.0,8-40-44-51-43-4 = 0.5,5-18-54-34-13-5 = 0.5,5-35-38-5 = 1.0,5-25-58-10-49-8 = 0.5,5-56-55-32-5 = 1.0,5-18-54-13-14-5 = 0.5,5-34-51-44-15-4 = 0.5,4-22-57-4 = 0.5,4-17-57-4 = 0.5,4-17-15-28-4 = 0.5,5-25-49-19-37-7 = 0.5,4-45-20-28-4 = 0.5,4-45-20-40-23-8 = 0.5,4-41-50-16-5 = 1.0,8-27-53-8 = 1.0,8-9-58-46-43-4 = 0.5,8-9-10-46-14-5 = 0.5
90,70,732.211,10.333,0.385,1.596,159,160,4-22-4 = 1.0,8-33-8 = 0.333,8-39-8 = 0.333,5-42-5 = 1.0,7-31-52-29-19-8 = 0.5,7-48-24-30-7 = 1.0,7-21-26-36-7 = 0.5,8-53-27-8 = 1.0,7-52-29-37-7 = 0.5,7-31-21-26-36-7 = 0.5,8-33-23-39-8 = 0.667,8-12-47-11-8 = 1.0,8-40-44-51-43-4 = 0.667,8-45-20-44-43-4 = 0.167,5-35-56-14-5 = 0.5,5-18-54-34-13-5 = 0.833,5-32-55-14-5 = 0.5,5-35-38-5 = 0.5,5-25-58-10-49-8 = 0.333,5-54-9-10-49-8 = 0.167,5-56-55-32-5 = 0.5,5-25-9-10-58-5 = 0.5,5-25-9-58-46-4 = 0.167,5-34-13-51-46-4 = 0.167,4-28-15-4 = 0.333,4-15-57-4 = 0.333,4-17-57-4 = 0.667,4-17-15-28-4 = 0.333,5-18-9-46-43-4 = 0.167,8-49-46-19-37-7 = 0.5,4-45-20-28-4 = 0.333,4-45-20-44-51-4 = 0.167,4-45-20-40-23-8 = 0.333,4-41-50-16-5 = 1.0,5-42-38-5 = 0.5
159,90,732.325,10.0,0.114,-0.333,161,162,4-22-4 = 1.0,8-33-8 = 0.333,5-38-5 = 0.5,8-39-8 = 0.333,5-42-5 = 1.0,7-31-52-29-19-8 = 0.5,7-48-24-30-7 = 1.0,7-21-26-36-7 = 0.5,7-52-29-37-7 = 0.5,7-31-21-26-36-7 = 0.5,8-33-23-39-8 = 0.667,8-12-47-11-8 = 1.0,8-40-44-51-43-4 = 0.667,8-51-46-43-4 = 0.095,5-35-56-14-5 = 0.5,5-18-54-34-13-5 = 0.881,5-32-55-14-5 = 0.5,5-35-38-5 = 0.5,5-25-58-10-49-8 = 0.381,5-54-9-10-49-8 = 0.119,5-56-55-32-5 = 0.5,5-25-9-10-58-5 = 0.429,5-25-9-58-46-4 = 0.19,5-34-13-46-43-4 = 0.119,4-28-15-4 = 0.143,4-15-57-4 = 0.286,4-17-57-4 = 0.714,4-17-15-28-4 = 0.286,4-20-44-15-4 = 0.095,5-18-9-46-43-4 = 0.119,8-49-46-19-37-7 = 0.429,4-45-20-28-4 = 0.571,4-45-44-51-46-4 = 0.048,4-45-44-51-15-4 = 0.048,4-45-20-40-23-8 = 0.333,4-41-50-16-5 = 1.0,5-10-49-19-37-7 = 0.071,8-27-53-8 = 1.0,8-9-51-44-15-4 = 0.143
157,73,732.983,7.0,0.735,-3.0,163,164,4-22-4 = 0.5,5-42-5 = 1.0,7-31-52-29-19-8 = 0.5,7-48-24-30-7 = 1.0,7-21-26-36-7 = 0.5,7-52-29-37-7 = 0.5,7-31-21-26-36-7 = 0.5,8-33-39-8 = 1.0,8-12-47-11-8 = 1.0,5-35-56-38-5 = 1.0,5-18-54-34-13-5 = 1.0,5-32-55-14-5 = 1.0,5-25-51-43-4 = 0.5,8-49-10-51-44-4 = 0.5,4-22-57-4 = 0.5,4-17-57-4 = 0.5,4-17-15-28-4 = 0.5,5-25-49-19-37-7 = 0.5,4-45-20-40-23-8 = 1.0,4-41-50-16-5 = 1.0,8-9-58-10-46-4 = 0.5,8-27-53-8 = 1.0,8-9-58-46-43-4 = 0.5,4-44-28-15-4 = 0.5
151,149,732.522,9.125,0.004,-0.5,165,166,4-22-4 = 0.938,5-42-5 = 1.0,7-31-52-29-19-8 = 0.5,7-48-24-30-7 = 1.0,7-21-26-36-7 = 0.5,8-53-27-8 = 0.75,8-53-27-40-23-8 = 0.25,7-52-29-37-7 = 0.5,7-31-21-26-36-7 = 0.5,8-33-23-39-8 = 0.75,8-33-39-8 = 0.25,8-40-44-51-43-4 = 0.75,8-10-49-19-37-7 = 0.5,5-35-56-14-5 = 0.125,5-35-56-38-5 = 0.625,5-18-54-34-13-5 = 0.875,5-32-55-14-5 = 0.75,5-38-50-16-5 = 0.125,5-35-38-5 = 0.25,5-56-55-32-5 = 0.25,5-18-54-13-14-5 = 0.125,5-25-9-10-58-5 = 0.25,5-25-9-58-46-4 = 0.625,5-25-9-58-15-4 = 0.125,5-34-51-44-15-4 = 0.125,8-49-10-46-47-8 = 0.25,4-15-57-4 = 0.312,4-17-57-4 = 0.562,4-17-15-28-4 = 0.312,4-45-20-28-4 = 0.688,4-45-20-44-43-4 = 0.125,4-51-46-43-4 = 0.125,4-17-41-57-4 = 0.125,4-41-50-16-5 = 0.875,4-12-47-11-8 = 0.75,4-45-20-15-4 = 0.125,4-45-20-22-4 = 0.062,8-12-49-11-8 = 0.25
139,118,732.374,11.75,0.072,0.784,167,168,4-22-4 = 0.938,5-42-5 = 0.75,7-31-52-29-19-8 = 0.5,7-48-24-30-7 = 1.0,7-21-26-36-7 = 0.5,7-52-29-37-7 = 0.5,7-31-21-26-36-7 = 0.5,8-33-23-39-8 = 0.5,8-33-39-8 = 0.5,8-12-47-11-8 = 1.0,8-40-49-46-43-4 = 0.5,5-35-56-38-5 = 0.25,5-18-54-34-13-5 = 0.5,5-32-55-14-5 = 0.5,5-38-50-16-5 = 0.125,5-38-41-57-4 = 0.125,5-35-38-5 = 0.5,5-56-55-32-5 = 0.5,5-18-54-13-14-5 = 0.25,5-18-25-9-43-4 = 0.25,5-54-34-13-14-5 = 0.25,5-25-9-10-58-5 = 0.5,5-25-9-58-46-4 = 0.25,5-34-58-46-43-4 = 0.25,8-49-10-51-44-4 = 0.5,4-15-57-4 = 0.438,4-17-57-4 = 0.438,4-17-15-28-4 = 0.562,4-45-20-28-4 = 0.438,4-45-20-40-23-8 = 0.5,4-41-50-16-5 = 0.875,4-45-20-22-4 = 0.062,5-35-56-42-5 = 0.25,8-27-53-8 = 1.0,4-44-51-19-37-7 = 0.5
168,139,733.251,5.25,0.877,-6.5,169,170,4-22-4 = 0.167,5-42-5 = 1.0,7-31-52-29-19-7 = 0.25,7-31-52-29-19-8 = 0.25,7-31-52-37-7 = 0.25,7-48-24-30-7 = 1.0,7-21-26-36-7 = 1.0,8-40-28-15-4 = 0.042,7-52-29-37-7 = 0.25,8-33-23-39-8 = 0.042,8-33-39-8 = 0.958,8-12-47-11-8 = 0.917,7-31-29-19-37-7 = 0.25,5-35-56-38-5 = 0.083,5-18-54-34-13-5 = 0.542,5-32-55-14-5 = 0.083,5-35-38-5 = 0.917,5-56-55-32-5 = 0.917,5-18-54-13-14-5 = 0.458,5-25-9-46-14-5 = 0.458,5-25-9-58-43-4 = 0.542,5-34-58-46-43-4 = 0.458,8-49-10-46-47-4 = 0.083,8-49-10-51-44-4 = 0.917,4-28-15-4 = 0.042,4-15-57-4 = 0.042,4-22-57-4 = 0.833,4-17-57-4 = 0.125,4-17-15-28-4 = 0.875,4-45-20-28-4 = 0.042,4-45-20-40-23-8 = 0.958,4-41-50-16-5 = 1.0,8-27-53-8 = 1.0,8-11-19-37-7 = 0.083,4-44-51-19-37-7 = 0.083,8-12-19-37-7 = 0.083
138,71,732.422,6.867,0.022,0.533,171,172,4-22-4 = 1.0,8-33-8 = 0.1,8-39-8 = 0.1,5-42-5 = 1.0,7-36-26-7 = 0.467,7-31-52-29-19-7 = 0.5,7-31-52-37-7 = 0.033,7-48-24-30-7 = 1.0,7-21-26-36-7 = 0.1,7-21-49-19-37-7 = 0.467,7-52-29-37-7 = 0.467,7-31-21-26-36-7 = 0.433,8-33-23-39-8 = 0.067,8-33-39-8 = 0.833,8-12-47-11-8 = 0.8,8-10-51-43-4 = 0.133,8-40-44-51-43-4 = 0.067,7-31-29-19-37-7 = 0.033,8-45-20-44-43-4 = 0.067,8-51-46-43-4 = 0.333,5-18-54-34-13-5 = 0.333,5-35-38-5 = 1.0,5-56-55-32-5 = 1.0,5-18-54-13-14-5 = 0.333,5-54-34-13-14-5 = 0.333,5-18-25-9-58-14-5 = 0.333,5-25-9-51-44-4 = 0.333,5-25-9-58-46-4 = 0.333,5-34-58-10-46-4 = 0.333,8-49-10-51-44-4 = 0.133,8-49-10-44-43-4 = 0.4,4-28-15-4 = 1.0,4-17-57-4 = 1.0,4-45-20-40-23-8 = 0.933,4-41-50-16-5 = 1.0,4-12-47-11-8 = 0.2,8-27-53-8 = 1.0
102,100,732.425,9.0,0.19,0.553,173,174,4-22-4 = 1.0,5-38-5 = 0.5,8-39-8 = 0.167,5-42-5 = 1.0,7-31-52-29-19-8 = 0.5,7-48-24-30-7 = 1.0,7-21-26-36-7 = 0.5,8-53-27-8 = 1.0,7-52-29-37-7 = 0.5,7-31-21-26-36-7 = 0.5,8-33-23-39-8 = 0.333,8-33-39-8 = 0.5,8-33-40-11-8 = 0.167,8-12-44-43-4 = 0.167,8-12-47-11-8 = 0.833,8-40-44-51-43-4 = 0.167,5-35-56-14-5 = 0.5,5-18-54-34-13-5 = 1.0,5-32-55-14-5 = 0.5,5-35-38-5 = 0.5,5-56-55-32-5 = 0.5,5-25-9-10-47-8 = 0.167,5-25-9-51-44-4 = 0.333,8-49-10-58-46-4 = 0.667,8-49-10-58-15-4 = 0.167,8-49-58-51-28-4 = 0.167,4-15-28-4 = 0.833,4-17-57-4 = 1.0,5-25-9-19-37-7 = 0.5,4-45-20-44-43-4 = 0.333,4-51-46-43-4 = 0.333,4-45-20-40-23-8 = 0.667,4-41-50-16-5 = 1.0
5,2,732.596,10.083,3.316,-0.182,175,176,4-22-4 = 0.625,5-42-5 = 1.0,7-31-52-29-19-8 = 0.5,7-48-24-30-7 = 1.0,7-21-26-36-7 = 0.5,7-52-29-37-7 = 0.5,7-31-21-26-36-7 = 0.5,8-33-23-39-8 = 0.604,8-33-39-8 = 0.375,8-33-40-11-8 = 0.021,8-53-39-8 = 0.021,8-12-44-28-4 = 0.417,8-12-47-11-8 = 0.583,8-40-44-51-43-4 = 0.583,8-10-49-19-37-7 = 0.5,5-18-54-34-13-5 = 0.5,5-35-38-5 = 1.0,5-25-51-43-4 = 0.354,5-54-9-10-49-8 = 0.354,5-56-55-32-5 = 1.0,5-25-9-46-47-4 = 0.292,5-18-54-58-14-5 = 0.146,5-18-25-9-58-14-5 = 0.354,5-34-58-46-13-14-5 = 0.5,8-27-49-10-46-4 = 0.021,8-49-10-46-47-4 = 0.125,4-15-57-4 = 0.417,4-22-57-4 = 0.167,4-17-57-4 = 0.417,4-17-15-28-4 = 0.583,4-51-46-43-4 = 0.062,4-45-20-40-23-8 = 0.396,4-41-50-16-5 = 1.0,4-45-20-11-8 = 0.396,4-45-20-22-4 = 0.208,8-27-53-8 = 0.979
166,151,732.635,8.778,0.113,-0.347,177,178,4-22-4 = 0.917,5-42-5 = 1.0,7-31-52-29-19-8 = 0.5,7-48-24-30-7 = 1.0,7-21-26-36-7 = 0.5,8-53-27-40-23-8 = 0.056,7-52-29-37-7 = 0.5,7-31-21-26-36-7 = 0.5,8-33-23-39-8 = 0.889,8-33-39-8 = 0.056,8-33-40-11-8 = 0.056,8-40-23-39-8 = 0.056,8-40-44-51-43-4 = 0.778,8-10-49-19-37-7 = 0.5,5-35-56-14-5 = 0.222,5-35-56-38-5 = 0.556,5-18-54-34-13-5 = 1.0,5-32-55-14-5 = 0.778,5-38-50-16-5 = 0.222,5-35-38-5 = 0.222,5-56-55-32-5 = 0.222,5-25-9-10-58-5 = 0.222,5-25-9-58-46-4 = 0.667,5-25-9-58-51-4 = 0.111,8-49-10-46-47-8 = 0.278,4-15-57-4 = 0.417,4-17-57-4 = 0.361,4-17-15-28-4 = 0.417,4-45-20-28-4 = 0.583,4-45-20-44-43-4 = 0.167,4-51-46-43-4 = 0.056,4-17-41-57-4 = 0.222,4-45-44-51-15-4 = 0.056,4-41-50-16-5 = 0.778,4-12-47-11-8 = 0.722,4-45-20-15-4 = 0.111,4-45-20-22-4 = 0.083,4-20-12-40-8 = 0.056,8-27-53-8 = 0.944,8-12-49-11-8 = 0.222
141,127,732.461,6.312,0.053,1.229,179,180,4-22-4 = 1.0,8-33-8 = 0.031,8-39-8 = 0.094,5-42-5 = 1.0,7-21-55-14-5 = 0.094,7-36-26-7 = 0.25,7-31-52-29-19-7 = 0.5,7-31-52-37-7 = 0.25,7-21-32-14-5 = 0.094,7-48-24-30-7 = 1.0,7-21-54-14-5 = 0.062,7-21-26-36-7 = 0.75,7-52-29-37-7 = 0.25,8-12-46-13-5 = 0.062,8-33-23-39-8 = 0.062,8-33-39-8 = 0.844,8-33-40-11-8 = 0.062,8-12-44-15-4 = 0.031,8-12-44-28-4 = 0.031,8-12-47-11-8 = 0.875,7-31-29-19-37-7 = 0.25,8-10-49-19-37-7 = 0.25,5-35-56-38-5 = 0.094,5-18-54-34-13-5 = 0.469,5-35-38-5 = 0.906,5-56-55-32-5 = 0.906,5-18-54-13-14-5 = 0.469,5-18-58-51-43-4 = 0.062,5-25-9-51-44-4 = 0.312,5-25-9-46-14-5 = 0.281,5-25-9-58-43-4 = 0.406,5-34-58-46-43-4 = 0.531,8-49-10-51-44-4 = 0.625,8-49-10-46-47-8 = 0.125,4-28-15-4 = 0.969,4-17-57-4 = 1.0,4-45-20-40-23-8 = 0.938,4-41-50-16-5 = 1.0,4-45-20-11-8 = 0.062,8-27-53-8 = 1.0
180,141,732.831,4.25,0.369,-2.062,181,182,4-22-4 = 1.0,8-33-8 = 0.125,8-39-8 = 0.125,5-42-5 = 1.0,7-31-52-29-19-7 = 0.5,7-31-52-37-7 = 0.25,7-48-24-30-7 = 1.0,7-21-26-36-7 = 1.0,7-25-9-51-44-4 = 0.25,7-52-29-37-7 = 0.25,8-33-39-8 = 0.875,8-12-47-11-8 = 1.0,7-31-29-19-37-7 = 0.25,8-10-49-19-37-7 = 0.25,5-18-54-34-13-5 = 0.375,5-35-38-5 = 1.0,5-56-55-32-5 = 1.0,5-18-54-13-14-5 = 0.625,5-25-9-46-14-5 = 0.375,5-25-9-58-43-4 = 0.375,5-34-58-46-43-4 = 0.625,8-49-10-51-44-4 = 0.75,4-28-15-4 = 1.0,4-17-57-4 = 1.0,4-45-20-40-23-8 = 1.0,4-41-50-16-5 = 1.0,8-27-53-8 = 1.0
58,14,733.262,6.0,1.639,-3.6,183,184,4-22-4 = 0.75,5-42-5 = 1.0,7-48-24-30-7 = 1.0,8-40-28-15-4 = 0.5,7-52-29-37-7 = 1.0,7-31-21-26-36-7 = 1.0,8-33-23-39-8 = 1.0,8-12-47-11-8 = 1.0,8-40-44-51-43-4 = 0.5,5-35-38-5 = 1.0,5-56-55-32-5 = 1.0,5-18-54-13-14-5 = 0.5,5-54-34-13-14-5 = 0.5,5-25-9-10-58-5 = 0.5,5-18-25-9-49-19-8 = 0.5,5-34-58-10-46-4 = 0.5,4-15-57-4 = 0.25,4-17-57-4 = 0.75,4-17-15-28-4 = 0.25,4-45-20-28-4 = 0.25,4-51-46-43-4 = 0.5,4-41-50-16-5 = 1.0,4-45-20-22-4 = 0.25,8-27-53-8 = 1.0,4-45-20-44-49-19-8 = 0.5
173,102,732.652,9.0,0.228,0.0,185,186,4-22-4 = 1.0,8-33-8 = 0.25,5-38-5 = 0.25,8-39-8 = 0.25,5-42-5 = 1.0,7-31-52-29-19-8 = 0.5,7-48-24-30-7 = 1.0,7-21-26-36-7 = 0.5,7-52-29-37-7 = 0.5,7-31-21-26-36-7 = 0.5,8-33-23-39-8 = 0.5,8-33-39-8 = 0.25,8-12-47-11-8 = 0.5,8-40-44-51-43-4 = 0.5,5-35-56-14-5 = 0.25,5-18-54-34-13-5 = 0.5,5-32-55-14-5 = 0.25,5-35-38-5 = 0.75,5-56-55-32-5 = 0.75,5-18-25-9-51-4 = 0.5,5-54-34-13-14-5 = 0.5,8-49-10-58-46-4 = 1.0,4-15-28-4 = 1.0,4-17-57-4 = 1.0,5-25-9-19-37-7 = 0.5,4-45-20-44-43-4 = 0.5,4-45-20-40-23-8 = 0.5,4-41-50-16-5 = 1.0,4-12-47-11-8 = 0.5,8-27-53-8 = 1.0
83,44,732.282,10.474,0.73,2.349,187,188,4-22-4 = 1.0,5-42-5 = 0.737,7-31-52-29-19-8 = 0.5,7-48-24-30-7 = 1.0,7-21-26-36-7 = 0.5,7-52-29-37-7 = 0.5,7-31-21-26-36-7 = 0.5,8-33-23-39-8 = 0.579,8-33-39-8 = 0.421,8-12-47-11-8 = 0.342,8-40-44-51-43-4 = 0.579,5-35-56-14-5 = 0.158,5-18-54-34-13-5 = 1.0,5-32-55-14-5 = 0.421,5-38-50-16-5 = 0.211,5-38-41-57-4 = 0.211,5-35-38-5 = 0.579,5-56-55-32-5 = 0.579,5-25-9-46-14-5 = 0.342,5-25-9-44-43-4 = 0.158,8-49-10-58-46-4 = 0.658,8-49-10-58-51-4 = 0.342,4-15-57-4 = 0.395,4-17-57-4 = 0.395,4-17-15-28-4 = 0.605,5-25-9-19-37-7 = 0.5,4-45-20-28-4 = 0.395,4-45-20-44-43-4 = 0.184,4-45-20-40-23-8 = 0.421,4-41-50-16-5 = 0.789,4-12-47-11-8 = 0.658,5-35-56-42-5 = 0.263,8-27-53-8 = 1.0,4-44-51-43-14-5 = 0.079
188,83,732.422,9.727,0.14,-0.746,189,190,4-22-4 = 1.0,5-42-5 = 0.773,7-31-52-29-19-8 = 0.5,7-48-24-30-7 = 1.0,7-21-26-36-7 = 0.5,7-52-29-37-7 = 0.5,7-31-21-26-36-7 = 0.5,8-33-23-39-8 = 0.636,8-33-39-8 = 0.364,8-12-47-11-8 = 0.227,8-40-44-51-43-4 = 0.636,5-35-56-14-5 = 0.136,5-18-54-34-13-5 = 0.864,5-32-55-14-5 = 0.364,5-38-50-16-5 = 0.182,5-38-41-57-4 = 0.182,5-35-38-5 = 0.636,5-56-55-32-5 = 0.636,5-18-25-9-51-4 = 0.136,5-54-34-13-14-5 = 0.136,5-25-9-46-14-5 = 0.227,8-49-10-58-46-4 = 0.773,8-49-10-58-51-4 = 0.091,8-49-58-51-28-4 = 0.136,4-15-57-4 = 0.409,4-17-57-4 = 0.409,4-17-15-28-4 = 0.591,5-25-9-19-37-7 = 0.5,4-45-20-28-4 = 0.273,4-45-20-44-43-4 = 0.364,4-45-20-40-23-8 = 0.364,4-41-50-16-5 = 0.818,4-12-47-11-8 = 0.773,5-35-56-42-5 = 0.227,8-27-53-8 = 1.0,5-25-9-10-14-5 = 0.136
121,91,733.27,3.0,1.174,-3.947,191,192,4-22-4 = 0.5,5-42-5 = 1.0,7-31-52-29-19-8 = 1.0,7-48-24-30-7 = 1.0,7-21-26-36-7 = 1.0,8-53-27-8 = 1.0,8-33-23-39-8 = 1.0,8-12-47-11-8 = 1.0,8-40-44-51-43-4 = 1.0,5-18-54-34-13-5 = 1.0,5-35-38-5 = 1.0,5-56-55-32-5 = 1.0,5-25-9-46-14-5 = 1.0,4-15-57-4 = 0.5,4-17-57-4 = 0.5,4-17-15-28-4 = 0.5,4-45-20-28-4 = 0.5,4-41-50-16-5 = 1.0,4-45-20-22-4 = 0.5,5-58-10-49-37-7 = 1.0
9,8,732.743,10.286,3.344,-0.202,193,194,4-22-4 = 1.0,5-42-5 = 0.571,7-31-52-29-19-8 = 0.5,7-48-24-30-7 = 1.0,7-21-26-36-7 = 0.5,7-52-29-37-7 = 0.5,7-31-21-26-36-7 = 0.5,8-33-23-39-8 = 0.286,8-33-39-8 = 0.714,8-12-47-11-8 = 1.0,8-40-44-51-43-4 = 0.286,5-41-50-16-5 = 0.071,5-18-54-34-13-5 = 0.929,5-32-55-14-5 = 0.429,5-38-50-16-5 = 0.214,5-38-41-57-4 = 0.214,5-35-38-5 = 0.571,5-25-51-43-4 = 0.071,5-56-55-32-5 = 0.571,5-25-9-10-58-5 = 0.071,5-18-58-51-43-4 = 0.071,5-25-9-51-44-4 = 0.214,5-25-9-44-43-4 = 0.143,5-34-58-46-43-4 = 0.071,5-58-51-44-43-4 = 0.357,4-15-28-4 = 0.214,4-15-57-4 = 0.286,4-17-57-4 = 0.5,4-17-15-28-4 = 0.5,5-25-9-19-37-7 = 0.5,4-45-20-28-4 = 0.286,4-45-20-40-23-8 = 0.714,4-41-50-16-5 = 0.714,8-49-10-46-14-5 = 0.571,5-35-56-42-5 = 0.429,8-27-53-8 = 1.0,5-54-9-49-58-13-5 = 0.071,8-49-10-58-46-5 = 0.357
193,9,733.284,6.75,0.54,-3.536,195,196,4-22-4 = 0.375,5-42-5 = 1.0,7-31-52-29-19-8 = 0.5,7-48-24-30-7 = 1.0,7-21-26-36-7 = 0.5,8-53-27-8 = 1.0,8-40-28-15-4 = 0.25,7-52-29-37-7 = 0.5,7-31-21-26-36-7 = 0.5,8-33-23-39-8 = 0.25,8-33-39-8 = 0.75,8-12-47-11-8 = 1.0,5-41-50-16-5 = 0.25,5-18-54-34-13-5 = 1.0,5-35-38-5 = 1.0,5-56-55-32-5 = 1.0,5-25-9-51-44-4 = 0.25,5-25-9-58-43-4 = 0.25,5-58-51-44-43-4 = 0.75,4-15-57-4 = 0.125,4-22-57-4 = 0.5,4-17-57-4 = 0.375,4-17-15-28-4 = 0.625,5-25-9-19-37-7 = 0.5,4-45-20-28-4 = 0.125,4-45-20-40-23-8 = 0.75,4-41-50-16-5 = 0.75,8-49-10-46-14-5 = 1.0,4-45-20-22-4 = 0.125
145,59,732.659,7.375,0.146,0.264,197,198,4-22-4 = 1.0,8-39-8 = 0.125,5-42-5 = 1.0,7-31-52-29-19-8 = 0.5,7-48-24-30-7 = 1.0,7-21-26-36-7 = 0.5,7-52-29-37-7 = 0.5,7-31-21-26-36-7 = 0.5,8-33-23-39-8 = 0.125,8-33-39-8 = 0.75,8-33-40-11-8 = 0.125,8-12-47-11-8 = 0.875,8-12-9-58-51-4 = 0.125,8-10-49-19-37-7 = 0.062,5-35-56-14-5 = 0.438,5-35-56-38-5 = 0.125,5-18-54-34-13-5 = 1.0,5-32-55-14-5 = 0.562,5-35-38-5 = 0.438,5-25-51-43-4 = 0.375,5-56-55-32-5 = 0.438,5-25-9-44-43-4 = 0.625,8-49-10-46-47-4 = 0.125,8-49-10-51-44-4 = 0.062,8-49-10-58-46-4 = 0.75,4-28-15-4 = 0.875,4-17-57-4 = 1.0,4-45-20-28-4 = 0.125,8-9-46-19-37-7 = 0.125,4-45-20-40-23-8 = 0.875,4-41-50-16-5 = 1.0,5-42-38-5 = 0.438,8-27-53-8 = 1.0,4-44-51-19-37-7 = 0.312,8-9-58-51-15-4 = 0.125
123,31,732.64,7.444,0.06,0.444,199,200,4-22-4 = 0.278,8-39-8 = 0.111,5-42-5 = 1.0,7-31-52-29-19-8 = 0.111,7-21-52-29-7 = 0.111,7-30-24-26-36-7 = 0.056,7-48-24-30-7 = 0.944,7-31-52-54-5 = 0.111,7-21-26-36-7 = 0.667,7-48-26-36-7 = 0.056,8-53-27-8 = 1.0,8-40-28-15-4 = 0.056,7-52-29-37-7 = 0.222,8-12-46-13-5 = 0.111,7-31-29-19-11-8 = 0.111,7-31-21-26-36-7 = 0.222,8-33-23-39-8 = 0.167,8-33-39-8 = 0.722,8-33-40-11-8 = 0.111,8-12-44-28-4 = 0.111,8-12-47-11-8 = 0.778,8-10-49-19-37-7 = 0.778,7-31-52-29-14-5 = 0.444,5-18-54-34-13-5 = 0.5,5-35-38-5 = 1.0,5-56-55-32-5 = 1.0,5-18-54-13-14-5 = 0.389,5-18-58-51-43-4 = 0.111,5-25-9-51-44-4 = 0.667,5-25-9-46-14-5 = 0.167,5-25-9-58-43-4 = 0.167,5-34-58-46-43-4 = 0.5,5-58-51-44-43-4 = 0.222,8-49-10-46-47-8 = 0.222,4-15-57-4 = 0.167,4-22-57-4 = 0.611,4-17-57-4 = 0.222,4-17-15-28-4 = 0.778,4-45-20-28-4 = 0.056,4-45-20-40-23-8 = 0.833,4-41-50-16-5 = 1.0,4-45-20-22-4 = 0.111
190,188,732.625,10.353,0.203,0.626,201,202,4-22-4 = 1.0,5-42-5 = 0.765,7-31-52-29-19-8 = 0.5,7-48-24-30-7 = 1.0,7-21-26-36-7 = 0.5,7-52-29-37-7 = 0.5,7-31-21-26-36-7 = 0.5,8-33-23-39-8 = 0.632,8-33-39-8 = 0.368,8-12-47-11-8 = 0.324,8-40-44-51-43-4 = 0.632,5-35-56-14-5 = 0.176,5-18-54-34-13-5 = 1.0,5-32-55-14-5 = 0.412,5-38-50-16-5 = 0.206,5-38-41-57-4 = 0.206,5-35-38-5 = 0.588,5-56-55-32-5 = 0.588,5-25-9-46-47-8 = 0.088,5-25-9-46-14-5 = 0.279,8-49-10-58-46-4 = 0.632,8-49-10-58-51-4 = 0.235,8-49-58-51-28-4 = 0.132,4-15-57-4 = 0.397,4-17-57-4 = 0.397,4-17-15-28-4 = 0.603,4-12-44-43-4 = 0.088,5-25-9-19-37-7 = 0.5,4-45-20-28-4 = 0.265,4-45-20-44-43-4 = 0.279,4-45-20-40-23-8 = 0.368,4-41-50-16-5 = 0.794,4-12-47-11-8 = 0.588,4-45-20-11-8 = 0.088,5-35-56-42-5 = 0.235,8-27-53-8 = 1.0,5-25-9-10-14-5 = 0.132
89,70,732.711,8.8,0.885,0.063,203,204,4-22-4 = 1.0,8-33-8 = 0.4,5-38-5 = 0.2,8-39-8 = 0.4,5-42-5 = 1.0,7-36-26-7 = 0.2,7-31-52-29-19-8 = 0.4,7-21-52-29-5 = 0.2,7-48-24-30-7 = 1.0,7-21-26-36-7 = 0.2,8-53-27-8 = 1.0,7-52-29-37-7 = 0.4,7-31-21-26-36-7 = 0.6,8-33-23-39-8 = 0.6,8-12-47-11-8 = 1.0,8-40-44-51-43-4 = 0.6,5-35-38-5 = 0.8,5-25-58-10-49-8 = 0.4,5-56-55-32-5 = 0.8,5-18-54-13-14-5 = 0.4,5-54-34-13-14-5 = 0.6,5-25-9-10-58-5 = 0.6,5-18-55-32-5 = 0.2,5-34-51-44-15-4 = 0.4,4-28-15-4 = 0.2,4-15-57-4 = 0.2,4-17-57-4 = 0.8,4-17-15-28-4 = 0.2,5-18-9-46-43-4 = 0.4,8-49-46-19-37-7 = 0.6,4-45-20-28-4 = 0.6,4-45-20-40-23-8 = 0.4,4-41-50-16-5 = 1.0,5-35-56-42-5 = 0.2
56,54,732.688,9.567,1.411,0.359,205,206,4-22-4 = 1.0,8-33-8 = 0.157,5-38-5 = 0.403,8-39-8 = 0.627,5-42-5 = 1.0,7-31-52-29-19-8 = 0.5,7-48-24-30-7 = 1.0,7-21-26-36-7 = 0.5,7-52-29-37-7 = 0.5,7-31-21-26-36-7 = 0.5,8-33-23-11-8 = 0.246,8-33-23-39-8 = 0.373,8-33-40-11-8 = 0.224,8-12-47-11-8 = 0.53,8-12-9-10-49-8 = 0.015,8-40-44-51-43-4 = 0.396,8-10-49-19-37-7 = 0.5,5-35-56-14-5 = 0.403,5-18-54-34-13-5 = 0.866,5-32-55-14-5 = 0.403,5-35-38-5 = 0.597,5-56-55-32-5 = 0.597,5-18-54-13-14-5 = 0.075,5-54-34-13-14-5 = 0.06,5-18-25-9-58-14-5 = 0.06,5-25-9-58-15-4 = 0.925,5-34-51-44-15-4 = 0.075,8-49-10-46-47-8 = 0.47,4-17-57-4 = 1.0,4-12-44-28-4 = 0.455,4-45-20-28-4 = 0.545,4-45-20-44-43-4 = 0.075,4-51-46-43-4 = 0.53,4-45-20-40-23-8 = 0.381,4-41-50-16-5 = 1.0,4-25-58-10-49-8 = 0.015,8-27-53-8 = 1.0
177,166,732.734,9.2,0.1,0.422,207,208,4-22-4 = 0.9,5-42-5 = 1.0,7-31-52-29-19-8 = 0.5,7-48-24-30-7 = 1.0,7-21-26-36-7 = 0.5,8-53-27-8 = 0.9,8-53-27-40-23-8 = 0.1,7-52-29-37-7 = 0.5,7-31-21-26-36-7 = 0.5,8-33-23-39-8 = 0.8,8-33-39-8 = 0.1,8-33-40-11-8 = 0.1,8-40-23-39-8 = 0.1,8-40-44-51-43-4 = 0.7,8-10-49-19-37-7 = 0.5,5-35-56-14-5 = 0.2,5-35-56-38-5 = 0.6,5-18-54-34-13-5 = 1.0,5-32-55-14-5 = 0.8,5-38-50-16-5 = 0.2,5-35-38-5 = 0.2,5-56-55-32-5 = 0.2,5-25-9-10-58-5 = 0.2,5-25-9-58-46-4 = 0.6,5-25-9-58-51-4 = 0.2,8-49-10-46-47-8 = 0.3,4-15-57-4 = 0.4,4-17-57-4 = 0.4,4-17-15-28-4 = 0.4,4-12-44-15-4 = 0.1,4-45-20-28-4 = 0.6,4-45-20-44-43-4 = 0.2,4-51-46-43-4 = 0.1,4-17-41-57-4 = 0.2,4-41-50-16-5 = 0.8,4-12-47-11-8 = 0.7,4-45-20-15-4 = 0.1,4-45-20-22-4 = 0.1,8-12-49-11-8 = 0.2
202,190,732.659,11.5,0.034,1.147,209,210,4-22-4 = 1.0,5-42-5 = 0.5,7-31-52-29-19-8 = 0.5,7-48-24-30-7 = 1.0,7-21-26-36-7 = 0.5,8-53-27-8 = 1.0,7-52-29-37-7 = 0.5,7-31-21-26-36-7 = 0.5,8-33-23-39-8 = 0.5,8-33-39-8 = 0.5,8-12-47-11-8 = 0.5,8-40-44-51-43-4 = 0.5,5-18-54-34-13-5 = 1.0,5-32-55-14-5 = 0.5,5-38-50-16-5 = 0.25,5-38-41-57-4 = 0.25,5-35-38-5 = 0.5,5-56-55-32-5 = 0.5,5-25-9-46-14-5 = 0.5,8-49-10-58-46-4 = 0.5,8-49-10-58-51-4 = 0.5,4-28-15-4 = 0.75,4-17-57-4 = 0.75,4-17-15-28-4 = 0.25,5-25-9-19-37-7 = 0.5,4-45-20-44-43-4 = 0.5,4-45-20-40-23-8 = 0.5,4-41-50-16-5 = 0.75,4-12-47-11-8 = 0.5,5-35-56-42-5 = 0.5
185,173,733.062,7.526,0.41,-1.474,211,212,4-22-4 = 1.0,8-33-8 = 0.237,8-39-8 = 0.237,5-42-5 = 1.0,7-31-52-29-19-8 = 0.5,7-48-24-30-7 = 1.0,7-21-26-36-7 = 0.5,7-52-29-37-7 = 0.5,7-31-21-26-36-7 = 0.5,8-33-23-39-8 = 0.289,8-33-39-8 = 0.474,8-12-44-43-4 = 0.079,8-12-47-11-8 = 0.921,8-40-44-51-43-4 = 0.289,5-35-56-14-5 = 0.158,5-18-54-34-13-5 = 0.447,5-32-55-14-5 = 0.158,5-35-38-5 = 0.842,5-56-55-32-5 = 0.842,5-18-54-13-14-5 = 0.132,5-18-25-9-51-4 = 0.421,5-54-34-13-14-5 = 0.421,5-25-9-46-47-8 = 0.053,5-25-9-10-47-8 = 0.026,5-34-51-44-43-4 = 0.132,8-49-10-58-46-4 = 0.947,8-49-10-58-15-4 = 0.026,8-49-58-51-28-4 = 0.026,4-15-28-4 = 0.974,4-17-57-4 = 1.0,5-25-9-19-37-7 = 0.5,4-45-20-44-43-4 = 0.289,4-45-20-40-23-8 = 0.711,4-41-50-16-5 = 1.0,5-42-38-5 = 0.158,8-27-53-8 = 1.0,4-44-43-11-8 = 0.079,4-44-51-43-14-5 = 0.132
125,98,732.993,9.056,0.72,-0.944,213,214,4-22-4 = 1.0,8-33-8 = 0.083,5-38-5 = 0.5,8-39-8 = 0.083,5-42-5 = 1.0,7-31-52-29-19-8 = 0.5,7-48-24-30-7 = 1.0,7-21-26-36-7 = 0.5,8-53-27-8 = 1.0,7-52-29-37-7 = 0.5,7-31-21-26-36-7 = 0.5,8-33-23-39-8 = 0.611,8-33-39-8 = 0.306,8-12-44-43-4 = 0.111,8-12-47-11-8 = 0.389,8-12-9-10-49-8 = 0.333,8-40-44-51-43-4 = 0.611,8-10-49-19-37-7 = 0.389,8-45-20-40-23-8 = 0.389,5-35-56-14-5 = 0.5,5-18-54-34-13-5 = 1.0,5-32-55-14-5 = 0.5,5-35-38-5 = 0.5,5-25-58-51-47-4 = 0.333,5-56-55-32-5 = 0.5,5-25-9-58-46-4 = 0.667,8-49-10-46-47-8 = 0.278,4-15-28-4 = 0.972,4-17-57-4 = 1.0,4-12-44-43-4 = 0.111,4-12-44-28-4 = 0.028,4-12-44-15-4 = 0.028,4-51-46-43-4 = 0.056,4-41-50-16-5 = 1.0,4-45-20-11-8 = 0.611,4-44-43-19-37-7 = 0.111
208,177,732.78,10.0,0.046,0.8,215,216,4-22-4 = 0.75,5-42-5 = 1.0,7-31-52-29-19-8 = 0.5,7-48-24-30-7 = 1.0,7-21-26-36-7 = 0.5,8-53-27-8 = 0.9,8-53-27-40-23-8 = 0.1,7-52-29-37-7 = 0.5,7-31-21-26-36-7 = 0.5,8-33-23-39-8 = 0.8,8-33-39-8 = 0.1,8-33-40-11-8 = 0.1,8-40-23-39-8 = 0.1,8-40-44-51-43-4 = 0.7,8-10-49-19-37-7 = 0.5,5-35-56-14-5 = 0.3,5-35-56-38-5 = 0.4,5-18-54-34-13-5 = 1.0,5-32-55-14-5 = 0.7,5-38-50-16-5 = 0.2,5-35-38-5 = 0.3,5-56-55-32-5 = 0.3,5-25-9-10-58-5 = 0.2,5-25-9-58-46-4 = 0.6,5-25-9-58-51-4 = 0.2,8-49-10-46-47-8 = 0.3,4-15-57-4 = 0.45,4-17-57-4 = 0.35,4-17-15-28-4 = 0.45,4-12-44-15-4 = 0.1,4-45-20-28-4 = 0.55,4-45-20-44-43-4 = 0.2,4-51-46-43-4 = 0.1,4-17-41-57-4 = 0.2,4-41-50-16-5 = 0.8,4-12-47-11-8 = 0.7,5-42-38-5 = 0.1,4-45-20-22-4 = 0.25,8-12-49-11-8 = 0.2
87,81,732.689,8.581,0.803,1.352,217,218,4-22-4 = 1.0,8-33-8 = 0.032,8-39-8 = 0.339,5-42-5 = 1.0,7-36-26-7 = 0.242,7-31-52-29-19-7 = 0.484,7-31-52-37-7 = 0.242,7-48-24-30-7 = 1.0,7-21-26-36-7 = 0.758,7-21-49-19-37-7 = 0.242,7-31-49-10-43-4 = 0.032,8-53-27-8 = 1.0,7-52-29-37-7 = 0.274,8-33-23-39-8 = 0.177,8-33-39-8 = 0.484,8-33-40-11-8 = 0.177,8-12-47-11-8 = 0.823,7-31-29-19-37-7 = 0.242,5-35-56-14-5 = 0.226,5-18-54-34-13-5 = 0.71,5-32-55-14-5 = 0.226,5-38-50-16-5 = 0.113,5-38-41-57-4 = 0.113,5-35-38-5 = 0.774,5-25-51-43-4 = 0.032,5-56-55-32-5 = 0.774,5-54-34-13-14-5 = 0.258,5-25-9-10-58-4 = 0.274,5-18-25-9-58-14-5 = 0.29,5-25-9-58-46-4 = 0.403,5-34-13-51-43-4 = 0.032,8-49-10-46-47-4 = 0.177,8-49-10-51-44-4 = 0.516,4-28-15-4 = 0.887,4-17-57-4 = 0.887,4-17-15-28-4 = 0.113,4-12-44-43-4 = 0.177,4-45-20-44-43-4 = 0.306,4-51-46-43-4 = 0.419,5-54-9-58-49-19-7 = 0.032,4-45-20-40-23-8 = 0.694,4-41-50-16-5 = 0.887,8-33-40-23-8 = 0.129
217,87,732.714,9.25,0.026,0.669,219,220,4-22-4 = 1.0,8-39-8 = 0.375,5-42-5 = 1.0,7-36-26-7 = 0.375,7-31-52-29-19-7 = 0.5,7-31-52-37-7 = 0.125,7-48-24-30-7 = 1.0,7-21-26-36-7 = 0.375,7-21-49-19-37-7 = 0.375,7-52-29-37-7 = 0.375,7-31-21-26-36-7 = 0.25,8-33-23-39-8 = 0.125,8-33-39-8 = 0.5,8-33-40-11-8 = 0.125,8-12-47-11-8 = 0.875,7-31-29-19-37-7 = 0.125,5-35-56-14-5 = 0.25,5-18-54-34-13-5 = 0.75,5-32-55-14-5 = 0.25,5-38-50-16-5 = 0.125,5-38-41-57-4 = 0.125,5-35-38-5 = 0.75,5-56-55-32-5 = 0.75,5-54-34-13-14-5 = 0.25,5-25-9-10-58-4 = 0.375,5-18-25-9-58-14-5 = 0.25,5-25-9-58-46-4 = 0.375,8-49-10-46-47-4 = 0.125,8-49-10-51-44-4 = 0.5,4-28-15-4 = 0.875,4-17-57-4 = 0.875,4-17-15-28-4 = 0.125,4-12-44-43-4 = 0.125,4-45-20-44-43-4 = 0.375,4-51-46-43-4 = 0.5,4-45-20-40-23-8 = 0.625,4-41-50-16-5 = 0.875,8-27-53-8 = 1.0,8-33-40-23-8 = 0.25
215,208,733.108,9.0,0.328,-1.0,221,222,4-22-4 = 0.917,5-42-5 = 1.0,7-31-52-29-19-8 = 0.333,7-48-24-30-7 = 1.0,7-21-26-36-7 = 0.333,8-53-27-8 = 1.0,7-52-29-37-7 = 0.667,7-31-21-26-36-7 = 0.667,8-33-23-39-8 = 1.0,8-40-44-51-43-4 = 0.667,8-10-49-19-37-7 = 0.333,5-35-56-14-5 = 0.333,5-35-56-38-5 = 0.333,5-18-54-34-13-5 = 1.0,5-32-55-14-5 = 0.667,5-38-50-16-5 = 0.333,5-35-38-5 = 0.333,5-56-55-32-5 = 0.333,5-25-9-10-58-5 = 0.333,5-25-9-58-46-4 = 0.5,5-25-9-58-51-4 = 0.167,8-49-10-46-47-8 = 0.333,4-15-57-4 = 0.417,4-17-57-4 = 0.25,4-17-15-28-4 = 0.417,4-12-44-15-4 = 0.167,4-45-20-28-4 = 0.583,4-45-20-44-43-4 = 0.167,4-51-46-43-4 = 0.167,4-17-41-57-4 = 0.333,8-40-49-19-11-8 = 0.333,4-41-50-16-5 = 0.667,4-12-47-11-8 = 0.667,4-45-20-22-4 = 0.083,4-45-20-12-4 = 0.167
175,5,732.967,10.167,0.371,0.083,223,224,4-22-4 = 0.625,5-42-5 = 1.0,7-31-52-29-19-8 = 0.5,7-48-24-30-7 = 1.0,7-21-26-36-7 = 0.5,7-52-29-37-7 = 0.5,7-31-21-26-36-7 = 0.5,8-33-23-39-8 = 0.583,8-33-39-8 = 0.375,8-33-40-11-8 = 0.042,8-53-39-8 = 0.042,8-12-44-28-4 = 0.333,8-12-47-11-8 = 0.542,8-12-9-10-49-8 = 0.125,8-40-44-51-43-4 = 0.542,8-10-49-19-37-7 = 0.5,5-18-54-34-13-5 = 0.542,5-35-38-5 = 1.0,5-25-51-43-4 = 0.333,5-54-9-10-49-8 = 0.208,5-56-55-32-5 = 1.0,5-25-9-46-47-4 = 0.458,5-18-54-58-14-5 = 0.25,5-18-25-9-58-14-5 = 0.208,5-34-13-46-43-4 = 0.042,5-34-58-46-13-14-5 = 0.417,8-49-10-51-44-4 = 0.125,5-58-46-43-14-5 = 0.083,4-15-57-4 = 0.375,4-22-57-4 = 0.25,4-17-57-4 = 0.375,4-17-15-28-4 = 0.625,4-45-20-28-4 = 0.042,4-45-20-40-23-8 = 0.417,4-41-50-16-5 = 1.0,4-45-20-11-8 = 0.417,4-45-20-22-4 = 0.125,8-27-53-8 = 0.958,8-27-49-10-58-14-5 = 0.042
28,15,732.523,9.206,1.65,2.244,225,226,4-22-4 = 1.0,8-33-8 = 0.279,8-39-8 = 0.603,5-42-5 = 1.0,7-31-52-29-19-8 = 0.471,7-31-52-37-7 = 0.206,7-48-24-30-7 = 1.0,7-21-26-36-7 = 0.676,8-53-27-8 = 1.0,7-52-29-37-7 = 0.324,7-31-21-26-36-7 = 0.324,8-33-23-39-8 = 0.353,8-33-39-8 = 0.044,8-33-40-11-8 = 0.324,8-12-44-15-4 = 0.132,8-12-44-28-4 = 0.132,8-12-47-11-8 = 0.676,8-40-44-51-43-4 = 0.029,8-12-9-58-49-19-8 = 0.059,8-10-49-19-37-7 = 0.265,5-41-50-16-5 = 0.206,5-35-56-14-5 = 0.147,5-18-54-34-13-5 = 0.647,5-32-55-14-5 = 0.147,5-38-50-16-5 = 0.074,5-38-41-57-4 = 0.074,5-35-38-5 = 0.853,5-25-51-43-4 = 0.324,5-56-55-32-5 = 0.853,5-25-9-46-47-4 = 0.324,5-18-54-34-14-5 = 0.353,5-25-9-51-44-4 = 0.353,4-28-15-4 = 0.794,4-17-57-4 = 0.926,4-17-15-28-4 = 0.074,4-45-20-44-43-4 = 0.353,4-51-46-43-4 = 0.294,4-45-20-40-23-8 = 0.647,4-41-50-16-5 = 0.721,8-49-10-58-46-8 = 0.324,8-9-58-10-46-8 = 0.059,8-49-10-58-13-14-5 = 0.353,8-9-58-29-19-37-7 = 0.206
226,28,733.007,8.738,0.484,-0.467,227,228,4-22-4 = 1.0,8-33-8 = 0.208,8-39-8 = 0.515,5-42-5 = 1.0,7-36-26-7 = 0.015,7-31-52-29-19-8 = 0.492,7-31-52-37-7 = 0.262,7-48-24-30-7 = 1.0,7-21-26-36-7 = 0.754,7-52-29-37-7 = 0.246,7-31-29-19-11-8 = 0.015,7-31-21-26-36-7 = 0.231,8-33-23-39-8 = 0.308,8-33-39-8 = 0.177,8-33-40-11-8 = 0.308,8-12-44-15-4 = 0.162,8-12-44-28-4 = 0.162,8-12-47-11-8 = 0.677,5-41-50-16-5 = 0.292,5-35-56-21-7 = 0.015,5-18-54-34-13-5 = 0.477,5-32-55-14-5 = 0.015,5-38-50-16-5 = 0.008,5-38-41-57-4 = 0.008,5-35-38-5 = 0.985,5-25-51-43-4 = 0.308,5-56-55-32-5 = 0.985,5-54-34-13-14-5 = 0.062,5-25-9-46-47-4 = 0.323,5-18-54-34-14-5 = 0.462,5-25-9-51-44-4 = 0.369,4-28-15-4 = 0.831,4-17-57-4 = 0.992,4-17-15-28-4 = 0.008,5-18-9-46-43-4 = 0.062,4-45-20-44-43-4 = 0.308,4-51-46-43-4 = 0.323,4-45-20-40-23-8 = 0.692,4-41-50-16-5 = 0.7,8-9-10-19-37-7 = 0.169,8-27-53-8 = 1.0,8-49-10-58-46-8 = 0.292,8-49-58-29-19-37-7 = 0.246,8-49-10-58-13-14-5 = 0.462,5-9-10-19-37-7 = 0.077
74,46,732.901,9.727,1.168,0.727,229,230,4-22-4 = 0.703,8-39-8 = 0.036,5-42-5 = 0.871,7-31-52-29-19-8 = 0.393,7-48-24-30-7 = 1.0,7-21-26-36-7 = 0.393,7-52-29-37-7 = 0.607,7-31-21-26-36-7 = 0.607,8-33-23-39-8 = 0.144,8-33-39-8 = 0.82,8-33-40-11-8 = 0.036,8-12-44-28-4 = 0.249,8-12-47-11-8 = 0.751,8-40-44-51-43-4 = 0.108,8-25-9-10-58-5 = 0.282,8-25-9-51-44-4 = 0.18,5-35-56-14-5 = 0.255,5-18-54-34-13-5 = 0.64,5-32-55-14-5 = 0.384,5-38-50-16-5 = 0.192,5-38-41-57-4 = 0.192,5-35-38-5 = 0.616,5-25-58-10-49-8 = 0.144,5-56-55-32-5 = 0.616,5-18-54-13-14-5 = 0.36,5-34-58-46-43-4 = 0.36,8-49-10-46-47-4 = 0.249,4-15-57-4 = 0.255,4-22-57-4 = 0.297,4-17-57-4 = 0.255,4-17-15-28-4 = 0.745,5-25-49-19-37-7 = 0.393,4-45-20-28-4 = 0.006,4-45-20-44-43-4 = 0.138,4-51-46-43-4 = 0.39,4-45-20-40-23-8 = 0.856,4-41-50-16-5 = 0.808,8-9-58-49-19-11-8 = 0.213,5-35-56-42-5 = 0.129,8-27-53-8 = 1.0,8-9-10-51-44-4 = 0.321,8-9-10-44-43-4 = 0.003
229,74,732.935,8.959,0.034,-0.768,231,232,4-22-4 = 0.571,5-42-5 = 0.944,7-31-52-29-19-8 = 0.437,7-48-24-30-7 = 1.0,7-21-26-36-7 = 0.437,7-52-29-37-7 = 0.563,7-31-21-26-36-7 = 0.563,8-33-23-39-8 = 0.221,8-33-39-8 = 0.779,8-12-44-28-4 = 0.169,8-12-47-11-8 = 0.738,8-40-44-51-43-4 = 0.221,8-12-9-34-13-14-5 = 0.093,8-25-9-10-58-5 = 0.171,8-25-9-51-44-4 = 0.217,5-35-56-14-5 = 0.068,5-18-54-34-13-5 = 0.285,5-32-55-14-5 = 0.124,5-38-50-16-5 = 0.062,5-38-41-57-4 = 0.062,5-35-38-5 = 0.876,5-25-58-10-49-8 = 0.175,5-56-55-32-5 = 0.876,5-18-54-13-14-5 = 0.621,5-18-54-34-14-5 = 0.093,5-34-58-46-43-4 = 0.528,8-49-10-46-47-4 = 0.262,4-15-57-4 = 0.254,4-22-57-4 = 0.429,4-17-57-4 = 0.254,4-17-15-28-4 = 0.746,5-25-49-19-37-7 = 0.437,4-45-20-28-4 = 0.085,4-51-46-43-4 = 0.21,4-45-20-40-23-8 = 0.779,4-41-50-16-5 = 0.938,4-45-20-11-8 = 0.136,8-9-58-49-19-11-8 = 0.126,5-35-56-42-5 = 0.056,8-27-53-8 = 1.0,8-9-10-51-44-4 = 0.351,8-9-10-44-43-4 = 0.041
228,226,733.008,8.92,0.001,0.182,233,234,4-22-4 = 1.0,8-33-8 = 0.207,8-39-8 = 0.473,5-42-5 = 1.0,7-36-26-7 = 0.04,7-31-52-29-19-8 = 0.48,7-31-52-37-7 = 0.28,7-48-24-30-7 = 1.0,7-21-26-36-7 = 0.76,7-52-29-37-7 = 0.24,7-31-29-19-11-8 = 0.04,7-31-21-26-36-7 = 0.2,8-33-23-39-8 = 0.267,8-33-39-8 = 0.26,8-33-40-11-8 = 0.267,8-12-44-15-4 = 0.153,8-12-44-28-4 = 0.153,8-12-47-11-8 = 0.693,5-41-50-16-5 = 0.36,5-35-56-21-7 = 0.04,5-18-54-34-13-5 = 0.507,5-32-55-14-5 = 0.04,5-38-50-16-5 = 0.02,5-38-41-57-4 = 0.02,5-35-38-5 = 0.96,5-25-51-43-4 = 0.267,5-56-55-32-5 = 0.96,5-54-34-13-14-5 = 0.027,5-25-9-46-47-4 = 0.307,5-18-54-34-14-5 = 0.467,5-25-9-51-44-4 = 0.36,5-25-9-44-43-4 = 0.067,4-15-28-4 = 0.827,4-17-57-4 = 0.98,4-17-15-28-4 = 0.02,5-18-9-46-43-4 = 0.027,4-45-20-44-43-4 = 0.267,4-51-46-43-4 = 0.373,4-45-20-40-23-8 = 0.733,4-41-50-16-5 = 0.62,8-9-10-19-37-7 = 0.24,8-27-53-8 = 1.0,8-49-10-58-46-8 = 0.293,8-49-58-29-19-37-7 = 0.24,8-49-10-58-13-14-5 = 0.467
154,52,733.001,4.774,0.042,0.314,235,236,4-22-4 = 1.0,8-33-8 = 0.069,8-39-8 = 0.143,5-42-5 = 1.0,7-36-26-7 = 0.507,7-31-52-29-19-8 = 0.106,7-48-37-7 = 0.014,7-24-30-7 = 0.014,7-21-52-29-5 = 0.493,7-48-24-30-7 = 0.986,7-31-52-54-5 = 0.051,8-12-46-13-5 = 0.101,7-31-21-26-36-7 = 0.493,8-33-23-39-8 = 0.074,8-33-39-8 = 0.783,8-33-40-11-8 = 0.074,8-12-44-15-4 = 0.023,8-12-44-28-4 = 0.023,8-12-47-11-8 = 0.853,8-10-49-19-37-7 = 0.894,7-31-52-29-14-5 = 0.35,5-35-56-21-7 = 0.014,5-18-54-34-13-5 = 0.249,5-38-50-16-5 = 0.007,5-38-41-57-4 = 0.007,5-35-38-5 = 0.986,5-56-55-32-5 = 0.986,5-18-54-13-14-5 = 0.65,5-25-9-46-47-4 = 0.083,5-18-55-32-5 = 0.014,5-18-58-51-43-4 = 0.088,5-25-9-51-44-4 = 0.834,5-25-9-58-43-4 = 0.083,5-34-58-46-43-4 = 0.751,5-58-51-44-43-4 = 0.078,8-49-10-46-47-4 = 0.065,4-15-28-4 = 0.97,4-17-57-4 = 0.993,4-17-15-28-4 = 0.007,5-54-29-37-7 = 0.051,4-45-20-40-23-8 = 0.926,4-41-50-16-5 = 0.993,4-45-20-11-8 = 0.074,8-27-53-8 = 1.0,4-44-10-49-37-7 = 0.041
236,154,733.025,4.961,0.024,0.187,237,238,4-22-4 = 1.0,5-38-5 = 0.026,8-39-8 = 0.078,5-42-5 = 1.0,7-36-26-7 = 0.519,7-31-52-29-19-8 = 0.13,7-48-37-7 = 0.104,7-24-30-7 = 0.104,7-21-52-29-5 = 0.481,7-48-24-30-7 = 0.896,7-31-52-54-5 = 0.065,8-12-46-13-5 = 0.065,7-31-21-26-36-7 = 0.481,8-33-23-39-8 = 0.078,8-33-39-8 = 0.844,8-33-40-11-8 = 0.078,8-12-47-11-8 = 0.87,8-10-49-19-37-7 = 0.87,7-31-52-29-14-5 = 0.325,5-35-56-21-7 = 0.039,5-18-54-34-13-5 = 0.26,5-38-50-16-5 = 0.006,5-38-41-57-4 = 0.006,5-35-38-5 = 0.961,5-56-55-32-5 = 0.961,5-18-54-13-14-5 = 0.675,5-25-9-46-47-4 = 0.026,5-18-55-32-5 = 0.039,5-18-58-51-43-4 = 0.026,5-25-9-51-44-4 = 0.857,5-25-9-58-43-4 = 0.117,5-34-58-46-43-4 = 0.74,5-58-51-44-43-4 = 0.117,8-49-10-46-47-4 = 0.104,4-15-28-4 = 0.942,4-15-57-4 = 0.026,4-17-57-4 = 0.968,4-17-15-28-4 = 0.032,4-45-20-28-4 = 0.026,4-45-20-40-23-8 = 0.922,4-41-50-16-5 = 0.994,4-45-20-11-8 = 0.052,8-27-53-8 = 1.0,8-12-46-29-7 = 0.065,4-44-10-49-37-7 = 0.026
110,107,733.731,5.667,1.802,-4.733,239,240,4-22-4 = 0.333,5-42-5 = 1.0,7-31-52-29-19-8 = 0.167,7-48-24-30-7 = 1.0,7-31-52-54-5 = 0.167,7-21-26-36-7 = 1.0,8-53-27-8 = 1.0,8-33-23-39-8 = 0.167,8-33-39-8 = 0.833,8-12-44-28-4 = 0.167,8-12-47-11-8 = 0.833,8-40-44-51-43-4 = 0.167,8-10-49-19-37-7 = 0.833,7-31-52-29-14-5 = 0.667,5-18-54-34-13-5 = 0.333,5-35-38-5 = 1.0,5-56-55-32-5 = 1.0,5-18-54-13-14-5 = 0.333,5-18-34-58-51-44-4 = 0.333,5-25-9-58-46-4 = 0.667,5-25-9-44-43-4 = 0.333,5-34-13-51-43-4 = 0.333,8-49-10-46-47-8 = 0.167,4-15-57-4 = 0.167,4-22-57-4 = 0.667,4-17-57-4 = 0.167,4-17-15-28-4 = 0.833,4-51-46-43-4 = 0.167,5-54-29-37-7 = 0.167,4-45-20-40-23-8 = 0.833,4-41-50-16-5 = 1.0,4-45-20-11-8 = 0.167
67,66,732.968,10.462,1.342,0.649,241,242,4-22-4 = 1.0,8-33-8 = 0.462,8-39-8 = 0.692,5-42-5 = 1.0,7-36-26-7 = 0.154,7-31-52-29-19-8 = 0.423,7-48-24-30-7 = 1.0,7-21-26-36-7 = 0.269,7-21-49-19-37-7 = 0.077,8-40-28-15-4 = 0.077,7-52-29-37-7 = 0.577,7-31-21-26-36-7 = 0.577,8-33-23-39-8 = 0.308,8-45-20-28-4 = 0.038,8-33-40-11-8 = 0.231,8-12-44-28-4 = 0.231,8-12-47-11-8 = 0.769,8-45-20-40-23-8 = 0.462,5-35-56-21-7 = 0.077,5-35-56-14-5 = 0.385,5-18-54-34-13-5 = 0.846,5-32-55-14-5 = 0.462,5-38-50-16-5 = 0.231,5-38-41-57-4 = 0.231,5-35-38-5 = 0.538,5-25-58-10-49-8 = 0.154,5-56-55-32-5 = 0.538,5-54-34-13-14-5 = 0.154,5-25-9-10-58-5 = 0.692,5-25-9-58-46-4 = 0.154,8-49-51-44-15-4 = 0.269,4-28-15-4 = 0.423,4-17-57-4 = 0.769,4-17-15-28-4 = 0.231,8-49-46-19-37-7 = 0.346,4-45-20-44-43-4 = 0.269,4-51-46-43-4 = 0.5,5-18-9-10-49-19-8 = 0.154,4-45-20-40-23-8 = 0.231,4-41-50-16-5 = 0.769,8-27-53-8 = 1.0,4-44-51-47-43-4 = 0.231
233,228,733.011,9.308,0.003,0.388,243,244,4-22-4 = 1.0,8-33-8 = 0.167,8-39-8 = 0.449,5-42-5 = 1.0,7-36-26-7 = 0.077,7-31-52-29-19-8 = 0.462,7-31-52-37-7 = 0.308,7-48-24-30-7 = 1.0,7-21-26-36-7 = 0.769,7-52-29-37-7 = 0.231,7-31-29-19-11-8 = 0.077,7-31-21-26-36-7 = 0.154,8-33-23-39-8 = 0.282,8-33-39-8 = 0.269,8-33-40-11-8 = 0.282,8-12-10-58-5 = 0.231,8-12-44-15-4 = 0.064,8-12-44-28-4 = 0.064,8-12-47-11-8 = 0.641,8-10-49-19-37-7 = 0.231,5-41-50-16-5 = 0.462,5-35-56-21-7 = 0.077,5-18-54-34-13-5 = 0.513,5-32-55-14-5 = 0.077,5-38-50-16-5 = 0.038,5-38-41-57-4 = 0.038,5-35-38-5 = 0.923,5-25-51-43-4 = 0.051,5-56-55-32-5 = 0.923,5-54-34-13-14-5 = 0.051,5-25-9-46-47-4 = 0.359,5-18-54-34-14-5 = 0.436,5-25-9-51-44-4 = 0.462,5-25-9-44-43-4 = 0.128,4-15-28-4 = 0.897,4-17-57-4 = 0.962,4-17-15-28-4 = 0.038,5-18-9-46-43-4 = 0.051,4-45-20-44-43-4 = 0.282,4-51-46-43-4 = 0.487,4-45-20-40-23-8 = 0.718,4-41-50-16-5 = 0.5,8-27-53-8 = 1.0,8-49-10-58-46-8 = 0.103,8-49-58-29-19-37-7 = 0.231,8-49-10-58-13-14-5 = 0.436
209,202,733.255,10.333,0.597,-1.167,245,246,4-22-4 = 0.967,5-42-5 = 0.467,7-31-52-29-19-8 = 0.5,7-48-24-30-7 = 1.0,7-21-26-36-7 = 0.5,8-53-27-8 = 1.0,7-52-29-37-7 = 0.5,7-31-21-26-36-7 = 0.5,8-33-23-39-8 = 0.367,8-33-39-8 = 0.633,8-12-44-43-4 = 0.167,8-12-47-11-8 = 0.833,8-40-44-51-43-4 = 0.367,8-25-58-10-49-8 = 0.067,5-18-54-34-13-5 = 1.0,5-32-55-14-5 = 0.533,5-38-50-16-5 = 0.267,5-38-41-57-4 = 0.267,5-35-38-5 = 0.467,5-56-55-32-5 = 0.467,5-25-9-46-47-8 = 0.167,5-25-9-46-14-5 = 0.267,8-49-10-58-46-4 = 0.567,8-49-10-58-51-4 = 0.367,4-28-15-4 = 0.7,4-22-57-4 = 0.033,4-17-57-4 = 0.7,4-17-15-28-4 = 0.3,5-25-9-19-37-7 = 0.5,4-45-20-44-43-4 = 0.2,4-45-20-40-23-8 = 0.633,4-41-50-16-5 = 0.733,4-45-20-11-8 = 0.167,5-35-56-42-5 = 0.533,4-44-51-43-14-5 = 0.2,4-9-51-44-43-4 = 0.067
171,138,732.835,8.621,0.413,1.754,247,248,4-22-4 = 1.0,8-33-8 = 0.155,8-39-8 = 0.155,5-42-5 = 1.0,7-36-26-7 = 0.5,7-31-52-29-19-7 = 0.5,7-48-24-30-7 = 1.0,7-21-49-19-37-7 = 0.5,7-52-29-37-7 = 0.5,7-31-21-26-36-7 = 0.5,8-33-23-39-8 = 0.259,8-33-39-8 = 0.586,8-12-44-43-4 = 0.241,8-12-47-11-8 = 0.621,8-10-51-43-4 = 0.276,8-40-44-51-43-4 = 0.259,8-51-46-43-4 = 0.086,5-35-56-14-5 = 0.069,5-18-54-34-13-5 = 0.448,5-32-55-14-5 = 0.069,5-38-50-16-5 = 0.034,5-38-41-57-4 = 0.034,5-35-38-5 = 0.931,5-56-55-32-5 = 0.931,5-18-54-13-14-5 = 0.241,5-54-34-13-14-5 = 0.31,5-25-9-46-47-8 = 0.241,5-18-25-9-58-14-5 = 0.31,5-25-9-58-46-4 = 0.448,5-34-58-10-46-4 = 0.224,5-34-58-51-15-4 = 0.017,8-49-10-51-44-4 = 0.362,8-49-10-44-43-4 = 0.138,4-28-15-4 = 0.948,4-17-57-4 = 0.966,4-17-15-28-4 = 0.034,4-45-20-28-4 = 0.017,4-45-20-40-23-8 = 0.741,4-41-50-16-5 = 0.966,4-12-47-11-8 = 0.138,4-45-20-11-8 = 0.241,8-27-53-8 = 1.0
93,24,733.12,8.897,1.096,0.11,249,250,4-22-4 = 1.0,8-33-8 = 0.41,8-39-8 = 0.615,5-42-5 = 1.0,7-31-52-29-19-8 = 0.287,7-48-24-30-7 = 1.0,7-21-26-36-7 = 0.287,8-53-27-8 = 1.0,7-52-29-37-7 = 0.713,7-31-21-26-36-7 = 0.713,8-33-23-11-8 = 0.051,8-33-23-39-8 = 0.385,8-33-40-11-8 = 0.154,8-12-44-28-4 = 0.138,8-12-47-11-8 = 0.795,8-12-9-10-49-8 = 0.067,8-40-44-51-43-4 = 0.282,8-10-49-19-37-7 = 0.287,8-45-20-40-23-8 = 0.349,5-35-56-14-5 = 0.39,5-18-54-34-13-5 = 1.0,5-32-55-14-5 = 0.39,5-38-50-16-5 = 0.11,5-38-41-57-4 = 0.11,5-35-38-5 = 0.61,5-25-51-43-4 = 0.641,5-56-55-32-5 = 0.61,5-25-9-46-47-4 = 0.205,5-25-9-51-44-4 = 0.077,5-25-9-44-43-4 = 0.077,4-15-28-4 = 0.315,4-17-57-4 = 0.89,4-17-15-28-4 = 0.11,4-45-20-28-4 = 0.436,4-44-58-10-49-19-8 = 0.426,4-45-20-40-23-8 = 0.215,4-41-50-16-5 = 0.89,5-42-38-5 = 0.169,8-49-10-46-14-5 = 0.221,4-9-58-46-15-4 = 0.574
247,171,733.001,9.667,0.165,1.046,251,252,4-22-4 = 1.0,5-38-5 = 0.5,5-42-5 = 1.0,7-36-26-7 = 0.333,7-31-52-29-19-7 = 0.5,7-31-52-37-7 = 0.167,7-48-24-30-7 = 1.0,7-21-26-36-7 = 0.5,7-21-49-19-37-7 = 0.333,7-52-29-37-7 = 0.333,7-31-21-26-36-7 = 0.167,8-33-23-39-8 = 0.333,8-33-39-8 = 0.667,8-12-47-11-8 = 0.333,8-10-51-43-4 = 0.333,8-40-44-51-43-4 = 0.333,7-31-29-19-37-7 = 0.167,5-35-56-14-5 = 0.5,5-18-54-34-13-5 = 1.0,5-32-55-14-5 = 0.5,5-35-38-5 = 0.5,5-56-55-32-5 = 0.5,5-25-9-58-46-4 = 1.0,8-49-10-51-44-4 = 0.333,8-49-10-44-43-4 = 0.333,4-28-15-4 = 0.333,4-15-57-4 = 0.333,4-17-57-4 = 0.667,4-17-15-28-4 = 0.333,4-45-20-28-4 = 0.333,4-45-20-40-23-8 = 0.667,4-41-50-16-5 = 1.0,4-12-47-11-8 = 0.667,8-27-53-8 = 1.0
252,247,733.166,8.8,0.166,-0.867,253,254,4-22-4 = 1.0,5-38-5 = 0.4,5-42-5 = 1.0,7-31-52-29-19-7 = 0.45,7-48-24-30-7 = 1.0,7-21-26-36-7 = 0.1,7-21-49-19-37-7 = 0.45,7-52-29-37-7 = 0.45,7-31-21-26-36-7 = 0.45,8-33-23-39-8 = 0.3,8-33-39-8 = 0.7,8-12-47-11-8 = 0.35,8-10-51-43-4 = 0.35,8-40-44-51-43-4 = 0.3,8-45-20-44-43-4 = 0.15,7-31-52-29-14-5 = 0.1,5-35-56-14-5 = 0.4,5-18-54-34-13-5 = 0.9,5-32-55-14-5 = 0.4,5-35-38-5 = 0.6,5-56-55-32-5 = 0.6,5-18-54-13-14-5 = 0.1,5-25-9-58-46-4 = 0.9,5-34-58-10-46-4 = 0.1,8-49-10-51-44-4 = 0.35,8-49-10-44-43-4 = 0.2,4-28-15-4 = 0.7,4-15-57-4 = 0.15,4-17-57-4 = 0.85,4-17-15-28-4 = 0.15,5-25-9-19-37-7 = 0.1,4-45-20-28-4 = 0.15,4-45-20-40-23-8 = 0.7,4-41-50-16-5 = 1.0,7-26-36-7 = 0.45,4-12-47-11-8 = 0.65,8-27-53-8 = 1.0
194,9,733.088,10.683,0.345,0.397,255,256,4-22-4 = 1.0,5-42-5 = 0.545,7-31-52-29-19-8 = 0.448,7-31-52-37-7 = 0.221,7-48-24-30-7 = 1.0,7-21-26-36-7 = 0.669,8-53-27-8 = 1.0,7-52-29-37-7 = 0.331,7-31-21-26-36-7 = 0.331,8-33-23-39-8 = 0.276,8-33-39-8 = 0.724,8-12-47-11-8 = 1.0,8-40-44-51-43-4 = 0.276,5-41-50-16-5 = 0.117,5-18-54-34-13-5 = 0.676,5-32-55-14-5 = 0.455,5-38-50-16-5 = 0.228,5-38-41-57-4 = 0.228,5-35-38-5 = 0.545,5-25-51-43-4 = 0.207,5-56-55-32-5 = 0.545,5-18-54-13-14-5 = 0.221,5-25-9-10-58-5 = 0.103,5-25-9-51-44-4 = 0.414,5-25-9-44-43-4 = 0.179,5-34-13-51-43-4 = 0.103,4-15-28-4 = 0.221,4-15-57-4 = 0.276,4-17-57-4 = 0.497,4-17-15-28-4 = 0.503,5-34-58-29-19-37-7 = 0.221,5-18-9-46-43-4 = 0.103,5-25-9-19-37-7 = 0.097,4-45-20-28-4 = 0.276,4-45-20-40-23-8 = 0.724,4-41-50-16-5 = 0.655,4-44-43-19-37-7 = 0.131,8-49-10-46-14-5 = 0.324,5-35-56-42-5 = 0.455,5-54-9-58-49-19-5 = 0.103,8-49-10-58-46-5 = 0.572
256,194,733.127,10.457,0.039,-0.226,257,258,4-22-4 = 1.0,5-42-5 = 0.572,7-31-52-29-19-8 = 0.462,7-31-52-37-7 = 0.283,7-48-24-30-7 = 1.0,7-21-26-36-7 = 0.746,7-52-29-37-7 = 0.254,7-31-21-26-36-7 = 0.254,8-33-23-39-8 = 0.335,8-33-39-8 = 0.665,8-12-47-11-8 = 0.867,8-40-44-51-43-4 = 0.335,5-18-54-34-13-5 = 0.642,5-32-55-14-5 = 0.428,5-38-50-16-5 = 0.214,5-38-41-57-4 = 0.214,5-35-38-5 = 0.572,5-25-51-43-4 = 0.22,5-56-55-32-5 = 0.572,5-18-54-13-14-5 = 0.283,5-25-9-10-58-5 = 0.006,5-25-9-51-44-4 = 0.37,5-25-9-44-43-4 = 0.295,5-34-13-51-43-4 = 0.075,4-28-15-4 = 0.116,4-15-57-4 = 0.335,4-17-57-4 = 0.451,4-17-15-28-4 = 0.549,5-34-58-29-19-37-7 = 0.283,5-18-9-46-43-4 = 0.075,5-25-9-19-37-7 = 0.11,4-45-20-28-4 = 0.335,4-45-20-40-23-8 = 0.665,4-41-50-16-5 = 0.786,4-12-47-11-8 = 0.133,8-49-10-46-14-5 = 0.289,5-35-56-42-5 = 0.428,8-27-53-8 = 1.0,5-54-9-58-49-19-5 = 0.075,8-49-10-58-46-5 = 0.636,5-9-10-19-37-7 = 0.069
42,22,732.652,10.5,1.196,3.3,259,260,4-22-4 = 0.7,5-42-5 = 1.0,7-31-52-29-19-8 = 0.25,7-48-24-30-7 = 1.0,7-21-26-36-7 = 0.25,7-52-29-37-7 = 0.75,7-31-21-26-36-7 = 0.75,8-33-23-39-8 = 0.45,8-33-39-8 = 0.55,8-12-44-28-4 = 0.35,8-12-47-11-8 = 0.55,8-10-51-43-4 = 0.25,8-40-44-51-43-4 = 0.45,8-45-20-11-8 = 0.45,8-45-20-40-23-8 = 0.55,5-35-56-38-5 = 0.5,5-18-54-34-13-5 = 0.75,5-32-55-14-5 = 0.5,5-35-38-5 = 0.5,5-25-58-10-49-8 = 0.3,5-56-55-32-5 = 0.5,5-18-54-13-14-5 = 0.05,5-54-34-13-14-5 = 0.2,5-25-9-46-47-4 = 0.45,5-18-58-49-19-37-7 = 0.2,5-25-9-46-14-5 = 0.25,5-34-58-10-49-19-8 = 0.05,4-15-57-4 = 0.35,4-22-57-4 = 0.3,4-17-57-4 = 0.35,4-17-15-28-4 = 0.65,4-51-46-43-4 = 0.3,4-44-58-10-49-19-8 = 0.2,4-41-50-16-5 = 1.0,4-12-9-58-49-19-8 = 0.1,4-9-58-10-49-19-8 = 0.15,4-9-10-19-37-7 = 0.05,8-27-53-8 = 1.0
259,42,732.887,8.2,0.235,-2.3,261,262,4-22-4 = 0.6,5-42-5 = 1.0,7-48-24-30-7 = 1.0,7-21-26-36-7 = 0.1,7-52-29-37-7 = 0.9,7-31-21-26-36-7 = 0.9,8-33-23-39-8 = 0.4,8-33-39-8 = 0.6,8-12-44-28-4 = 0.3,8-12-47-11-8 = 0.6,8-10-51-43-4 = 0.3,8-40-44-51-43-4 = 0.4,8-45-20-11-8 = 0.3,7-31-52-29-14-5 = 0.1,8-45-20-40-23-8 = 0.6,5-18-54-34-13-5 = 0.5,5-35-38-5 = 1.0,5-25-51-43-4 = 0.1,5-56-55-32-5 = 1.0,5-18-54-13-14-5 = 0.4,5-54-34-13-14-5 = 0.1,5-25-9-46-47-4 = 0.4,5-18-58-49-19-37-7 = 0.1,5-25-9-46-14-5 = 0.4,5-34-58-10-49-19-8 = 0.4,4-15-57-4 = 0.3,4-22-57-4 = 0.4,4-17-57-4 = 0.3,4-17-15-28-4 = 0.7,4-51-46-43-4 = 0.2,5-25-9-58-49-19-8 = 0.1,4-44-58-10-49-19-8 = 0.3,4-41-50-16-5 = 1.0,4-12-9-58-49-19-8 = 0.1,4-45-20-11-8 = 0.1,8-27-53-8 = 1.0
165,151,733.409,7.714,0.887,-1.411,263,264,4-22-4 = 0.714,5-42-5 = 1.0,7-31-52-29-19-8 = 0.429,7-48-24-30-7 = 1.0,7-21-26-36-7 = 0.429,7-52-29-37-7 = 0.571,7-31-21-26-36-7 = 0.571,8-33-23-39-8 = 0.714,8-33-40-11-8 = 0.286,8-40-23-39-8 = 0.286,8-12-47-11-8 = 0.286,8-40-44-51-43-4 = 0.286,8-10-49-19-37-7 = 0.429,5-35-56-38-5 = 0.857,5-18-54-34-13-5 = 0.857,5-32-55-14-5 = 0.857,5-35-38-5 = 0.143,5-56-55-32-5 = 0.143,5-18-54-13-14-5 = 0.143,5-25-9-10-58-5 = 0.143,5-25-9-58-15-4 = 0.857,5-34-51-44-15-4 = 0.143,8-49-10-46-47-8 = 0.429,4-17-57-4 = 1.0,4-12-44-28-4 = 0.429,4-45-20-28-4 = 0.571,4-45-20-44-43-4 = 0.143,4-51-46-43-4 = 0.571,8-40-49-19-11-8 = 0.143,4-41-50-16-5 = 1.0,4-12-47-11-8 = 0.286,4-45-20-22-4 = 0.286,8-27-53-8 = 1.0
257,256,733.514,8.75,0.387,-1.707,265,266,4-22-4 = 0.592,5-42-5 = 0.833,7-31-52-29-19-8 = 0.5,7-31-52-37-7 = 0.483,7-30-24-26-36-7 = 0.008,7-48-21-26-7 = 0.008,7-48-24-30-7 = 0.992,7-21-26-36-7 = 0.983,7-52-29-37-7 = 0.017,8-33-23-39-8 = 0.233,8-33-39-8 = 0.767,8-12-44-28-4 = 0.017,8-12-47-11-8 = 0.983,8-40-44-51-43-4 = 0.233,7-31-29-19-37-7 = 0.017,5-41-50-16-5 = 0.117,5-35-56-21-7 = 0.008,5-35-56-36-7 = 0.008,5-18-54-34-13-5 = 0.533,5-32-55-14-5 = 0.183,5-38-50-16-5 = 0.092,5-38-41-57-4 = 0.092,5-35-38-5 = 0.817,5-25-51-43-4 = 0.217,5-54-9-58-51-4 = 0.117,5-56-55-32-5 = 0.817,5-18-54-13-14-5 = 0.35,5-18-25-9-43-4 = 0.017,5-25-9-46-47-4 = 0.017,5-25-9-51-44-4 = 0.317,5-25-9-44-43-4 = 0.433,4-15-57-4 = 0.25,4-22-57-4 = 0.408,4-17-57-4 = 0.25,4-17-15-28-4 = 0.75,5-34-58-29-19-37-7 = 0.467,5-18-9-46-43-4 = 0.1,4-45-20-28-4 = 0.233,4-45-20-40-23-8 = 0.767,4-41-50-16-5 = 0.792,8-49-10-46-14-5 = 0.467,5-35-56-42-5 = 0.167,8-27-53-8 = 1.0,8-49-10-51-13-5 = 0.117,8-49-10-58-46-5 = 0.417,8-11-19-37-7 = 0.017
232,229,733.122,9.571,0.187,0.612,267,268,4-22-4 = 0.571,5-42-5 = 1.0,7-31-52-29-19-8 = 0.429,7-48-24-30-7 = 1.0,7-21-26-36-7 = 0.429,7-52-29-37-7 = 0.571,7-31-21-26-36-7 = 0.571,8-33-23-39-8 = 0.286,8-33-39-8 = 0.714,8-12-47-11-8 = 0.857,8-12-9-58-43-4 = 0.143,8-40-44-51-43-4 = 0.286,8-25-9-51-44-4 = 0.429,5-35-56-38-5 = 0.286,5-18-54-34-13-5 = 0.429,5-32-55-14-5 = 0.286,5-35-38-5 = 0.714,5-25-58-10-49-8 = 0.143,5-56-55-32-5 = 0.714,5-18-54-13-14-5 = 0.571,5-34-58-46-43-4 = 0.286,5-34-58-10-46-4 = 0.286,8-49-10-46-47-8 = 0.143,4-15-57-4 = 0.286,4-22-57-4 = 0.429,4-17-57-4 = 0.286,4-17-15-28-4 = 0.714,5-25-49-19-37-7 = 0.429,4-45-20-28-4 = 0.286,4-51-46-43-4 = 0.143,4-45-20-40-23-8 = 0.714,4-41-50-16-5 = 1.0,8-9-58-49-19-11-8 = 0.143,8-49-10-46-14-5 = 0.143,8-27-53-8 = 1.0,8-9-10-51-44-4 = 0.143,8-9-10-44-43-4 = 0.143
268,232,733.404,8.142,0.282,-1.43,269,270,4-22-4 = 0.46,5-42-5 = 1.0,7-31-52-29-19-8 = 0.381,7-48-24-30-7 = 1.0,7-21-26-36-7 = 0.381,7-52-29-37-7 = 0.619,7-31-21-26-36-7 = 0.619,8-33-23-39-8 = 0.115,8-33-39-8 = 0.885,8-12-44-28-4 = 0.124,8-12-47-11-8 = 0.814,8-40-44-51-43-4 = 0.115,8-12-9-58-49-19-8 = 0.062,8-25-9-51-44-4 = 0.142,5-35-56-38-5 = 0.186,5-18-54-34-13-5 = 0.381,5-32-55-14-5 = 0.186,5-35-38-5 = 0.814,5-25-51-43-4 = 0.195,5-56-55-32-5 = 0.814,5-18-54-13-14-5 = 0.478,5-18-25-58-13-5 = 0.142,5-34-58-46-43-4 = 0.619,8-49-10-46-47-4 = 0.08,8-49-10-46-47-8 = 0.106,4-15-57-4 = 0.23,4-22-57-4 = 0.54,4-17-57-4 = 0.23,4-17-15-28-4 = 0.77,5-25-49-19-37-7 = 0.381,4-45-20-28-4 = 0.106,5-25-54-14-5 = 0.142,4-45-20-40-23-8 = 0.885,4-41-50-16-5 = 1.0,4-45-20-11-8 = 0.009,8-9-58-49-19-11-8 = 0.177,8-49-10-46-14-5 = 0.195,8-27-53-8 = 1.0,8-9-10-51-44-4 = 0.549,8-9-10-44-43-4 = 0.071
75,55,733.192,10.733,1.711,0.233,271,272,4-22-4 = 1.0,8-33-8 = 0.033,5-38-5 = 0.5,8-39-8 = 0.433,5-42-5 = 1.0,7-31-52-29-19-8 = 0.5,7-48-24-30-7 = 1.0,7-21-26-36-7 = 0.5,7-52-29-37-7 = 0.5,7-31-21-26-36-7 = 0.5,8-33-23-39-8 = 0.567,8-33-40-11-8 = 0.167,8-12-47-11-8 = 0.8,8-12-9-10-49-8 = 0.167,8-40-44-51-43-4 = 0.4,8-10-49-19-37-7 = 0.5,5-41-50-16-5 = 0.167,5-35-56-14-5 = 0.5,5-18-54-34-13-5 = 1.0,5-32-55-14-5 = 0.5,5-35-38-5 = 0.5,5-56-55-32-5 = 0.5,5-25-9-58-46-4 = 0.633,5-25-9-58-51-4 = 0.2,8-49-10-46-47-8 = 0.167,4-28-15-4 = 0.4,4-15-57-4 = 0.2,4-17-57-4 = 0.8,4-17-15-28-4 = 0.2,4-45-20-28-4 = 0.4,4-45-20-44-43-4 = 0.4,4-51-46-43-4 = 0.2,4-45-44-51-15-4 = 0.2,4-41-50-16-5 = 0.833,4-12-47-11-8 = 0.033,4-25-58-10-49-8 = 0.167,4-20-40-23-8 = 0.2,8-27-53-8 = 1.0,8-33-40-23-8 = 0.233
197,145,733.123,8.0,0.464,0.625,273,274,4-22-4 = 1.0,5-38-5 = 0.5,5-42-5 = 1.0,7-31-52-29-19-8 = 0.5,7-48-24-30-7 = 1.0,7-21-26-36-7 = 0.5,8-53-27-8 = 1.0,7-52-29-37-7 = 0.5,7-31-21-26-36-7 = 0.5,8-33-39-8 = 1.0,8-12-47-11-8 = 1.0,8-10-49-19-37-7 = 0.5,5-35-56-14-5 = 0.5,5-18-54-34-13-5 = 1.0,5-32-55-14-5 = 0.5,5-35-38-5 = 0.5,5-25-51-43-4 = 0.5,5-56-55-32-5 = 0.5,5-25-9-44-43-4 = 0.5,8-49-10-58-46-4 = 0.5,4-15-28-4 = 0.5,4-17-57-4 = 1.0,4-44-51-28-4 = 0.5,4-45-20-40-23-8 = 1.0,4-41-50-16-5 = 1.0,8-9-58-46-15-4 = 0.5
273,197,733.717,4.364,0.595,-3.636,275,276,4-22-4 = 1.0,8-33-8 = 0.318,8-39-8 = 0.318,5-42-5 = 1.0,7-31-52-29-19-7 = 0.227,7-31-52-29-19-8 = 0.273,7-31-52-37-7 = 0.227,7-48-24-30-7 = 1.0,7-21-26-36-7 = 0.955,7-52-29-37-7 = 0.273,7-31-21-26-36-7 = 0.045,8-33-39-8 = 0.682,8-12-47-11-8 = 0.909,8-12-9-58-51-4 = 0.091,7-31-29-19-37-7 = 0.227,5-35-56-38-5 = 1.0,5-18-54-34-13-5 = 1.0,5-32-55-14-5 = 1.0,5-25-51-43-4 = 0.455,5-25-9-44-43-4 = 0.545,8-49-10-51-44-4 = 0.182,8-49-10-58-46-4 = 0.818,4-15-28-4 = 0.909,4-17-57-4 = 1.0,4-44-51-28-4 = 0.091,4-45-20-40-23-8 = 1.0,4-41-50-16-5 = 1.0,4-9-46-19-37-7 = 0.182,8-27-53-8 = 1.0,8-11-19-37-7 = 0.091,4-9-51-44-15-4 = 0.091,8-9-58-51-44-47-4 = 0.091
210,202,733.599,9.0,0.941,-2.5,277,278,4-22-4 = 0.5,5-42-5 = 1.0,7-31-52-29-19-8 = 0.5,7-48-24-30-7 = 1.0,7-21-26-36-7 = 0.5,8-53-27-8 = 1.0,7-52-29-37-7 = 0.5,7-31-21-26-36-7 = 0.5,8-33-23-39-8 = 0.75,8-33-39-8 = 0.25,8-40-44-51-43-4 = 0.75,5-41-50-16-5 = 0.25,5-35-56-14-5 = 0.25,5-18-54-34-13-5 = 1.0,5-32-55-14-5 = 0.25,5-38-50-16-5 = 0.125,5-38-41-57-4 = 0.125,5-35-38-5 = 0.75,5-56-55-32-5 = 0.75,5-25-9-46-14-5 = 0.25,8-49-10-58-46-4 = 0.75,8-49-58-51-28-4 = 0.25,4-28-15-4 = 0.375,4-15-57-4 = 0.25,4-17-57-4 = 0.625,4-17-15-28-4 = 0.375,5-25-9-19-37-7 = 0.5,4-45-20-44-43-4 = 0.25,4-45-20-40-23-8 = 0.25,4-41-50-16-5 = 0.625,4-12-47-11-8 = 1.0,4-45-20-22-4 = 0.5,5-25-9-10-14-5 = 0.25
47,19,733.456,8.673,2.099,-1.258,279,280,4-22-4 = 0.6,5-42-5 = 0.909,7-31-52-29-19-8 = 0.455,7-31-52-37-7 = 0.164,7-48-24-30-7 = 1.0,7-21-26-36-7 = 0.618,7-52-29-37-7 = 0.382,8-12-46-19-8 = 0.091,7-31-21-26-36-7 = 0.382,8-33-23-39-8 = 0.273,8-33-39-8 = 0.636,8-33-40-11-8 = 0.091,8-53-39-8 = 0.091,8-12-47-11-8 = 0.909,8-40-44-51-43-4 = 0.182,5-35-56-14-5 = 0.018,5-18-54-34-13-5 = 0.418,5-32-55-14-5 = 0.109,5-38-50-16-5 = 0.055,5-38-41-57-4 = 0.055,5-35-38-5 = 0.891,5-56-55-32-5 = 0.891,5-18-54-13-14-5 = 0.582,5-25-9-10-58-5 = 0.4,5-25-9-46-14-5 = 0.291,5-25-9-58-46-4 = 0.018,5-34-58-10-46-4 = 0.418,8-27-49-10-46-4 = 0.091,8-49-10-46-47-4 = 0.091,8-49-51-44-43-4 = 0.818,4-15-57-4 = 0.273,4-22-57-4 = 0.4,4-17-57-4 = 0.273,4-17-15-28-4 = 0.727,5-34-58-29-19-37-7 = 0.164,5-25-9-19-37-7 = 0.291,4-45-20-28-4 = 0.273,4-45-20-40-23-8 = 0.727,4-41-50-16-5 = 0.945,5-35-56-42-5 = 0.091,8-27-53-8 = 0.909
176,5,733.196,10.417,0.6,0.333,281,282,4-22-4 = 0.417,8-39-8 = 0.083,5-42-5 = 1.0,7-31-52-29-19-8 = 0.5,7-48-24-30-7 = 1.0,7-21-26-36-7 = 0.5,7-52-29-37-7 = 0.5,7-31-21-26-36-7 = 0.5,8-33-23-39-8 = 0.292,8-33-39-8 = 0.583,8-33-40-11-8 = 0.125,8-53-39-8 = 0.042,8-12-44-28-4 = 0.417,8-12-47-11-8 = 0.583,8-40-44-51-43-4 = 0.167,8-10-49-19-37-7 = 0.5,5-41-50-16-5 = 0.25,5-18-54-34-13-5 = 0.5,5-35-38-5 = 1.0,5-25-51-43-4 = 0.042,5-54-9-10-49-8 = 0.042,5-56-55-32-5 = 1.0,5-18-54-58-14-5 = 0.208,5-18-25-9-58-14-5 = 0.292,5-25-9-44-43-4 = 0.167,5-34-51-44-15-4 = 0.167,5-34-51-44-43-4 = 0.083,8-27-49-10-46-4 = 0.042,8-49-10-46-47-4 = 0.417,4-22-57-4 = 0.583,4-17-57-4 = 0.417,4-17-15-28-4 = 0.583,4-51-46-43-4 = 0.542,5-25-9-58-13-14-5 = 0.5,5-54-34-15-4 = 0.25,4-45-20-40-23-8 = 0.708,4-41-50-16-5 = 0.75,4-45-20-11-8 = 0.292,8-27-53-8 = 0.958
242,67,733.308,10.321,0.339,-0.141,283,284,4-22-4 = 1.0,8-33-8 = 0.377,8-39-8 = 0.566,5-42-5 = 1.0,7-31-52-29-19-8 = 0.425,7-48-24-30-7 = 1.0,7-21-26-36-7 = 0.425,8-40-28-15-4 = 0.245,7-52-29-37-7 = 0.575,7-31-21-26-36-7 = 0.575,8-33-23-39-8 = 0.434,8-33-40-11-8 = 0.189,8-12-44-28-4 = 0.189,8-12-47-11-8 = 0.811,8-45-20-40-23-8 = 0.509,5-35-56-14-5 = 0.443,5-18-54-34-13-5 = 0.887,5-32-55-14-5 = 0.443,5-38-50-16-5 = 0.118,5-38-41-57-4 = 0.118,5-35-38-5 = 0.557,5-25-58-10-49-8 = 0.538,5-56-55-32-5 = 0.557,5-54-34-13-14-5 = 0.113,5-25-9-10-58-5 = 0.349,5-25-9-58-46-4 = 0.075,8-49-51-44-15-4 = 0.311,4-28-15-4 = 0.325,4-17-57-4 = 0.882,4-17-15-28-4 = 0.118,4-45-20-28-4 = 0.123,4-45-20-44-43-4 = 0.311,4-51-46-43-4 = 0.5,8-9-46-19-37-7 = 0.425,5-25-9-58-49-19-8 = 0.038,5-18-9-10-49-19-8 = 0.113,4-45-20-40-23-8 = 0.057,4-41-50-16-5 = 0.882,5-42-38-5 = 0.208,8-27-53-8 = 1.0,4-44-51-47-43-4 = 0.189
282,176,733.298,10.412,0.103,-0.005,285,286,4-22-4 = 0.412,8-39-8 = 0.074,5-42-5 = 1.0,7-31-52-29-19-8 = 0.5,7-48-24-30-7 = 1.0,7-31-52-54-5 = 0.015,7-21-26-36-7 = 0.515,7-52-29-37-7 = 0.485,7-31-21-26-36-7 = 0.485,8-33-23-39-8 = 0.309,8-33-39-8 = 0.588,8-33-40-11-8 = 0.103,8-53-39-8 = 0.029,8-12-44-28-4 = 0.412,8-12-47-11-8 = 0.588,8-40-44-51-43-4 = 0.206,8-10-49-19-37-7 = 0.5,5-41-50-16-5 = 0.294,5-18-54-34-13-5 = 0.5,5-35-38-5 = 1.0,5-56-55-32-5 = 1.0,5-25-9-10-49-8 = 0.059,5-18-54-58-14-5 = 0.206,5-18-25-9-58-14-5 = 0.294,5-25-9-44-43-4 = 0.147,5-34-51-44-15-4 = 0.147,5-34-51-44-43-4 = 0.088,8-27-49-10-46-4 = 0.029,8-49-10-46-47-4 = 0.412,4-22-57-4 = 0.588,4-17-57-4 = 0.412,4-17-15-28-4 = 0.588,4-51-46-43-4 = 0.559,5-54-29-37-7 = 0.015,5-25-9-58-13-14-5 = 0.5,5-54-34-15-4 = 0.265,4-45-20-40-23-8 = 0.691,4-41-50-16-5 = 0.706,4-45-20-11-8 = 0.309,8-27-53-8 = 0.971
219,217,733.248,9.6,0.533,0.35,287,288,4-22-4 = 1.0,5-38-5 = 0.2,8-39-8 = 0.3,5-42-5 = 1.0,7-36-26-7 = 0.5,7-31-52-29-19-7 = 0.5,7-48-24-30-7 = 1.0,7-21-49-19-37-7 = 0.5,7-52-29-37-7 = 0.5,7-31-21-26-36-7 = 0.5,8-33-23-39-8 = 0.2,8-33-39-8 = 0.5,8-33-40-11-8 = 0.2,8-12-44-28-4 = 0.2,8-12-47-11-8 = 0.8,5-35-56-14-5 = 0.4,5-18-54-34-13-5 = 1.0,5-32-55-14-5 = 0.4,5-38-50-16-5 = 0.1,5-38-41-57-4 = 0.1,5-35-38-5 = 0.6,5-56-55-32-5 = 0.6,5-25-9-10-58-4 = 0.5,5-25-9-58-46-4 = 0.3,5-25-9-58-15-4 = 0.2,8-49-10-46-47-4 = 0.2,8-49-10-51-44-4 = 0.3,4-28-15-4 = 0.7,4-17-57-4 = 0.9,4-17-15-28-4 = 0.1,4-45-20-44-43-4 = 0.3,4-51-46-43-4 = 0.5,4-45-20-40-23-8 = 0.7,4-41-50-16-5 = 0.9,8-27-53-8 = 1.0,4-44-51-43-14-5 = 0.2,8-33-40-23-8 = 0.1
288,219,733.267,9.167,0.02,-0.433,289,290,4-22-4 = 1.0,5-38-5 = 0.25,8-39-8 = 0.167,5-42-5 = 1.0,7-36-26-7 = 0.5,7-31-52-29-19-7 = 0.5,7-48-24-30-7 = 1.0,7-21-49-19-37-7 = 0.5,8-40-28-15-4 = 0.167,7-52-29-37-7 = 0.5,7-31-21-26-36-7 = 0.5,8-33-23-39-8 = 0.25,8-33-39-8 = 0.583,8-33-40-11-8 = 0.083,8-12-47-11-8 = 0.917,5-35-56-14-5 = 0.417,5-18-54-34-13-5 = 1.0,5-32-55-14-5 = 0.417,5-38-50-16-5 = 0.083,5-38-41-57-4 = 0.083,5-35-38-5 = 0.583,5-56-55-32-5 = 0.583,5-25-9-10-58-4 = 0.5,5-25-9-58-46-4 = 0.5,8-49-10-46-47-4 = 0.083,8-49-10-51-44-4 = 0.417,4-28-15-4 = 0.75,4-17-57-4 = 0.917,4-17-15-28-4 = 0.083,4-12-44-43-4 = 0.083,4-45-20-44-43-4 = 0.333,4-51-46-43-4 = 0.417,4-45-20-40-23-8 = 0.667,4-41-50-16-5 = 0.917,8-27-53-8 = 1.0,4-44-51-43-14-5 = 0.167,8-33-40-23-8 = 0.083
88,81,733.256,7.581,1.371,0.352,291,292,4-22-4 = 1.0,8-33-8 = 0.145,8-39-8 = 0.371,5-42-5 = 1.0,7-36-26-7 = 0.129,7-31-52-29-19-7 = 0.419,7-48-24-30-7 = 1.0,7-21-54-14-5 = 0.129,7-31-52-54-5 = 0.177,7-21-26-36-7 = 0.758,7-31-9-46-43-4 = 0.032,8-53-27-8 = 1.0,7-52-29-37-7 = 0.403,7-31-21-26-36-7 = 0.113,8-33-23-39-8 = 0.226,8-33-39-8 = 0.403,8-33-40-11-8 = 0.226,8-12-47-11-8 = 0.677,7-31-29-19-37-7 = 0.177,8-12-9-34-13-14-5 = 0.323,5-18-54-34-13-5 = 0.258,5-35-38-5 = 1.0,5-54-58-49-37-7 = 0.016,5-25-51-43-4 = 0.194,5-56-55-32-5 = 1.0,5-18-54-13-14-5 = 0.419,5-25-58-10-49-4 = 0.032,5-25-58-51-14-5 = 0.129,5-18-58-49-19-37-7 = 0.323,5-25-9-51-44-4 = 0.226,5-25-9-44-43-4 = 0.419,5-34-58-10-46-4 = 0.419,8-49-10-46-47-4 = 0.323,8-49-10-51-44-4 = 0.226,4-28-15-4 = 1.0,4-17-57-4 = 1.0,4-45-20-44-43-4 = 0.129,4-51-46-43-4 = 0.226,4-45-20-40-23-8 = 0.774,4-41-50-16-5 = 1.0,4-45-20-11-8 = 0.097,7-31-58-49-19-37-7 = 0.081
291,88,733.258,7.385,0.002,-0.196,293,294,4-22-4 = 1.0,8-33-8 = 0.154,8-39-8 = 0.385,5-42-5 = 1.0,7-36-26-7 = 0.077,7-31-52-29-19-7 = 0.385,7-48-24-30-7 = 1.0,7-21-54-14-5 = 0.077,7-31-52-54-5 = 0.231,7-21-26-36-7 = 0.846,7-31-9-46-43-4 = 0.077,7-52-29-37-7 = 0.385,7-31-21-26-36-7 = 0.077,8-33-23-39-8 = 0.231,8-33-39-8 = 0.385,8-33-40-11-8 = 0.231,8-12-47-11-8 = 0.692,7-31-29-19-37-7 = 0.231,8-12-9-34-13-14-5 = 0.308,5-18-54-34-13-5 = 0.231,5-35-38-5 = 1.0,5-25-51-43-4 = 0.154,5-56-55-32-5 = 1.0,5-18-54-13-14-5 = 0.385,5-54-34-13-14-5 = 0.077,5-25-58-10-49-4 = 0.077,5-25-58-51-14-5 = 0.154,5-18-58-49-19-37-7 = 0.385,5-25-9-51-44-4 = 0.231,5-25-9-44-43-4 = 0.385,5-34-58-10-46-4 = 0.385,8-49-10-46-47-4 = 0.308,8-49-10-51-44-4 = 0.231,4-28-15-4 = 1.0,4-17-57-4 = 1.0,4-45-20-44-43-4 = 0.154,4-51-46-43-4 = 0.231,4-45-20-40-23-8 = 0.769,4-41-50-16-5 = 1.0,4-45-20-11-8 = 0.077,8-27-53-8 = 1.0
160,90,733.436,9.619,1.225,-0.714,295,296,4-22-4 = 1.0,8-33-8 = 0.119,5-38-5 = 0.5,8-39-8 = 0.119,5-42-5 = 1.0,7-31-52-29-19-8 = 0.5,7-48-24-30-7 = 1.0,7-21-26-36-7 = 0.5,7-52-29-37-7 = 0.5,7-31-21-26-36-7 = 0.5,8-33-23-39-8 = 0.476,8-33-39-8 = 0.405,8-45-20-28-4 = 0.167,8-12-47-11-8 = 0.81,8-40-44-51-43-4 = 0.476,8-45-20-44-43-4 = 0.262,8-51-46-43-4 = 0.167,8-45-20-40-23-8 = 0.524,8-45-44-51-46-4 = 0.048,5-35-56-14-5 = 0.5,5-18-54-34-13-5 = 0.905,5-32-55-14-5 = 0.5,5-35-38-5 = 0.5,5-25-58-10-49-8 = 0.619,5-54-9-10-49-8 = 0.095,5-56-55-32-5 = 0.5,5-25-9-10-58-5 = 0.286,5-25-9-58-46-4 = 0.095,5-34-13-51-46-4 = 0.095,4-28-15-4 = 0.833,4-17-57-4 = 1.0,4-20-9-51-44-4 = 0.048,5-18-9-46-43-4 = 0.095,8-49-46-19-37-7 = 0.286,4-41-50-16-5 = 1.0,4-12-47-11-8 = 0.19,4-9-46-19-37-7 = 0.214,8-27-53-8 = 1.0,4-9-51-44-15-4 = 0.167
158,73,733.249,10.545,1.001,0.545,297,298,4-22-4 = 0.943,5-42-5 = 0.727,7-31-52-29-19-8 = 0.364,7-48-24-30-7 = 1.0,7-21-26-36-7 = 0.364,7-52-29-37-7 = 0.636,7-31-21-26-36-7 = 0.636,8-33-23-39-8 = 0.477,8-33-39-8 = 0.523,8-12-44-28-4 = 0.114,8-12-47-11-8 = 0.659,8-12-9-46-4 = 0.227,8-40-44-51-43-4 = 0.477,8-25-9-46-47-4 = 0.136,5-18-54-34-13-5 = 0.705,5-32-55-14-5 = 0.273,5-38-50-16-5 = 0.136,5-38-41-57-4 = 0.136,5-35-38-5 = 0.727,5-25-51-43-4 = 0.5,5-25-58-10-49-8 = 0.364,5-56-55-32-5 = 0.727,5-18-54-13-14-5 = 0.295,5-34-51-44-15-4 = 0.023,4-15-57-4 = 0.42,4-17-57-4 = 0.443,4-17-15-28-4 = 0.557,5-34-58-49-19-11-8 = 0.273,4-45-20-28-4 = 0.33,4-45-20-44-43-4 = 0.023,8-9-10-46-47-4 = 0.205,4-45-20-40-23-8 = 0.523,4-41-50-16-5 = 0.864,4-45-20-11-8 = 0.068,4-44-58-49-19-37-7 = 0.364,4-45-20-22-4 = 0.057,5-35-56-42-5 = 0.273,8-27-53-8 = 1.0,8-9-10-46-14-5 = 0.432
218,87,733.771,5.93,1.082,-2.651,299,300,4-22-4 = 1.0,8-33-8 = 0.134,8-39-8 = 0.134,5-42-5 = 1.0,7-36-26-7 = 0.028,7-31-52-29-19-7 = 0.479,7-31-52-37-7 = 0.183,7-48-24-30-7 = 1.0,7-21-26-36-7 = 0.972,7-21-49-19-37-7 = 0.028,7-31-49-46-43-4 = 0.155,7-52-29-37-7 = 0.338,8-33-39-8 = 0.866,8-12-44-15-4 = 0.101,8-12-44-28-4 = 0.101,8-12-47-11-8 = 0.798,7-31-29-19-37-7 = 0.183,5-18-54-34-13-5 = 0.333,5-35-38-5 = 1.0,5-25-51-43-4 = 0.357,5-56-55-32-5 = 1.0,5-18-54-13-14-5 = 0.291,5-54-34-13-14-5 = 0.333,5-18-25-9-58-14-5 = 0.376,5-25-9-58-46-4 = 0.268,5-34-51-44-43-4 = 0.291,5-34-13-46-43-4 = 0.042,8-49-10-46-47-4 = 0.202,8-49-10-51-44-4 = 0.352,4-28-15-4 = 0.899,4-17-57-4 = 1.0,7-49-10-44-43-4 = 0.155,8-49-46-19-37-7 = 0.042,5-54-9-58-49-19-7 = 0.042,4-45-20-40-23-8 = 1.0,4-41-50-16-5 = 1.0,4-9-58-10-46-4 = 0.291,4-9-58-49-19-37-7 = 0.023,8-27-53-8 = 1.0,8-11-19-37-7 = 0.202
155,120,733.351,8.071,0.798,0.119,301,302,4-22-4 = 1.0,8-33-8 = 0.214,8-39-8 = 0.607,5-42-5 = 1.0,7-31-52-29-19-7 = 0.286,7-48-24-30-7 = 1.0,7-21-26-36-7 = 0.75,7-31-58-10-49-19-7 = 0.071,7-31-49-10-58-14-5 = 0.393,7-52-29-37-7 = 0.714,7-31-21-26-36-7 = 0.25,8-33-23-39-8 = 0.393,8-33-40-11-8 = 0.393,8-12-44-15-4 = 0.214,8-12-44-28-4 = 0.143,8-12-47-11-8 = 0.607,8-12-9-34-13-14-5 = 0.036,8-45-20-40-23-8 = 0.357,5-18-54-34-13-5 = 0.5,5-35-38-5 = 1.0,5-54-58-49-37-7 = 0.036,5-25-51-43-4 = 0.179,5-56-55-32-5 = 1.0,5-18-54-13-14-5 = 0.393,5-54-34-13-14-5 = 0.071,5-25-9-46-47-4 = 0.393,5-18-58-49-19-37-7 = 0.107,5-25-9-51-44-4 = 0.321,5-25-9-46-14-5 = 0.107,5-34-58-10-49-19-8 = 0.286,4-15-28-4 = 0.786,4-17-57-4 = 1.0,5-34-58-10-49-19-7 = 0.107,4-45-20-28-4 = 0.071,4-45-20-44-43-4 = 0.321,4-51-46-43-4 = 0.5,4-45-20-40-23-8 = 0.25,4-41-50-16-5 = 1.0,8-9-10-19-37-7 = 0.143,8-27-53-8 = 1.0
284,242,733.384,10.25,0.076,-0.071,303,304,4-22-4 = 1.0,8-33-8 = 0.375,5-38-5 = 0.125,8-39-8 = 0.625,5-42-5 = 1.0,7-31-52-29-19-8 = 0.417,7-48-24-30-7 = 1.0,7-21-26-36-7 = 0.417,8-40-28-15-4 = 0.083,7-52-29-37-7 = 0.583,7-31-21-26-36-7 = 0.583,8-33-23-39-8 = 0.333,8-33-39-8 = 0.042,8-33-40-11-8 = 0.25,8-12-44-28-4 = 0.25,8-12-47-11-8 = 0.75,8-45-20-40-23-8 = 0.667,5-35-56-14-5 = 0.458,5-18-54-34-13-5 = 0.917,5-32-55-14-5 = 0.458,5-38-50-16-5 = 0.167,5-38-41-57-4 = 0.167,5-35-38-5 = 0.542,5-25-58-10-49-8 = 0.5,5-56-55-32-5 = 0.542,5-54-34-13-14-5 = 0.083,5-25-9-10-58-5 = 0.417,8-49-51-46-47-4 = 0.083,8-49-51-44-15-4 = 0.25,4-28-15-4 = 0.5,4-17-57-4 = 0.833,4-17-15-28-4 = 0.167,4-45-20-44-43-4 = 0.333,4-51-46-43-4 = 0.5,8-9-46-19-37-7 = 0.417,5-25-9-58-49-19-8 = 0.083,5-18-9-10-49-19-8 = 0.083,4-41-50-16-5 = 0.833,8-27-53-8 = 1.0,4-44-51-47-43-4 = 0.167
253,252,733.391,8.75,0.225,-0.05,305,306,4-22-4 = 1.0,5-38-5 = 0.5,5-42-5 = 1.0,7-31-52-29-19-7 = 0.625,7-48-37-7 = 0.25,7-30-24-26-36-7 = 0.25,7-48-24-30-7 = 0.75,7-21-26-36-7 = 0.25,7-21-49-19-37-7 = 0.375,7-52-29-37-7 = 0.375,7-31-21-26-36-7 = 0.375,8-33-23-39-8 = 0.25,8-33-39-8 = 0.75,8-12-47-11-8 = 0.375,8-10-51-43-4 = 0.375,8-40-44-51-43-4 = 0.25,8-45-20-44-43-4 = 0.125,5-35-56-14-5 = 0.5,5-18-54-34-13-5 = 1.0,5-32-55-14-5 = 0.5,5-35-38-5 = 0.5,5-56-55-32-5 = 0.5,5-25-9-58-46-4 = 1.0,8-49-10-51-44-4 = 0.375,8-49-10-44-43-4 = 0.25,4-28-15-4 = 0.75,4-15-57-4 = 0.125,4-17-57-4 = 0.875,4-17-15-28-4 = 0.125,4-45-20-28-4 = 0.125,4-45-20-40-23-8 = 0.75,4-41-50-16-5 = 1.0,7-26-36-7 = 0.125,4-12-47-11-8 = 0.625,8-27-53-8 = 1.0
61,51,733.587,4.476,1.731,-1.046,307,308,4-22-4 = 1.0,8-33-8 = 0.127,5-38-5 = 0.016,8-39-8 = 0.127,5-42-5 = 1.0,7-21-55-14-5 = 0.016,7-36-26-7 = 0.048,7-31-52-29-19-7 = 0.365,7-31-52-37-7 = 0.317,7-21-32-14-5 = 0.016,7-48-24-30-7 = 1.0,7-21-54-34-14-5 = 0.016,7-21-26-36-7 = 0.952,7-52-29-37-7 = 0.317,8-12-46-13-5 = 0.016,7-31-29-19-11-8 = 0.27,8-33-39-8 = 0.873,8-12-47-11-8 = 0.73,8-12-9-10-49-8 = 0.238,7-31-29-19-37-7 = 0.048,8-10-49-19-37-7 = 0.095,8-45-20-40-23-8 = 0.714,5-35-56-14-5 = 0.016,5-18-54-34-13-5 = 0.984,5-35-38-5 = 0.984,5-56-55-32-5 = 0.984,5-18-25-12-4 = 0.016,5-25-9-46-14-5 = 0.54,5-58-51-44-43-4 = 1.0,8-49-10-46-47-4 = 0.27,4-28-15-4 = 1.0,4-17-57-4 = 1.0,5-25-49-19-37-7 = 0.222,4-45-20-40-23-8 = 0.286,4-41-50-16-5 = 1.0,8-49-10-46-14-5 = 0.175,8-27-53-8 = 1.0,5-25-9-10-14-5 = 0.222
293,291,733.346,7.667,0.088,0.282,309,310,4-22-4 = 1.0,8-33-8 = 0.167,8-39-8 = 0.5,5-42-5 = 1.0,7-36-26-7 = 0.083,7-31-52-29-19-7 = 0.333,7-48-24-30-7 = 1.0,7-21-54-34-14-5 = 0.083,7-31-52-54-5 = 0.25,7-21-26-36-7 = 0.833,7-52-29-37-7 = 0.333,7-31-21-26-36-7 = 0.083,8-33-23-39-8 = 0.333,8-33-39-8 = 0.167,8-33-40-11-8 = 0.333,8-12-47-11-8 = 0.667,7-31-29-19-37-7 = 0.25,8-12-9-34-13-14-5 = 0.333,7-31-52-29-14-5 = 0.083,5-18-54-34-13-5 = 0.167,5-35-38-5 = 1.0,5-25-51-43-4 = 0.083,5-56-55-32-5 = 1.0,5-18-54-13-14-5 = 0.417,5-54-34-13-14-5 = 0.083,5-25-58-10-49-4 = 0.25,5-25-9-10-47-4 = 0.083,5-18-58-49-19-37-7 = 0.417,5-25-9-51-44-4 = 0.417,5-25-9-44-43-4 = 0.167,5-34-58-10-46-4 = 0.333,8-49-10-46-47-4 = 0.25,8-49-10-51-44-4 = 0.083,4-28-15-4 = 1.0,4-17-57-4 = 1.0,4-45-20-44-43-4 = 0.333,4-51-46-43-4 = 0.417,4-45-20-40-23-8 = 0.667,4-41-50-16-5 = 1.0,8-27-53-8 = 1.0
245,209,733.409,10.5,0.153,0.167,311,312,4-22-4 = 1.0,5-42-5 = 0.5,7-31-52-29-19-8 = 0.5,7-48-24-30-7 = 1.0,7-21-26-36-7 = 0.5,7-52-29-37-7 = 0.5,7-31-21-26-36-7 = 0.5,8-33-23-39-8 = 0.5,8-33-39-8 = 0.5,8-12-47-11-8 = 1.0,8-40-44-51-43-4 = 0.5,5-18-54-34-13-5 = 1.0,5-32-55-14-5 = 0.5,5-38-50-16-5 = 0.25,5-38-41-57-4 = 0.25,5-35-38-5 = 0.5,5-56-55-32-5 = 0.5,5-25-9-46-14-5 = 0.5,8-49-10-58-51-4 = 0.5,4-28-15-4 = 0.75,4-17-57-4 = 0.75,4-17-15-28-4 = 0.25,5-25-9-19-37-7 = 0.5,4-45-20-44-43-4 = 0.5,4-45-20-40-23-8 = 0.5,4-41-50-16-5 = 0.75,5-35-56-42-5 = 0.5,8-27-53-8 = 1.0,8-49-10-58-46-8 = 0.5
221,215,733.749,6.5,0.642,-2.5,313,314,4-22-4 = 0.917,5-42-5 = 1.0,7-31-52-29-19-8 = 0.333,7-48-24-30-7 = 1.0,7-21-26-36-7 = 0.333,7-52-29-37-7 = 0.667,7-31-21-26-36-7 = 0.667,8-33-23-39-8 = 1.0,8-40-44-51-43-4 = 0.667,8-10-49-19-37-7 = 0.333,5-35-56-38-5 = 1.0,5-18-54-34-13-5 = 1.0,5-32-55-14-5 = 1.0,5-25-9-10-58-4 = 0.333,5-25-9-58-46-4 = 0.5,5-25-9-58-51-4 = 0.167,8-49-10-46-47-8 = 0.333,4-15-57-4 = 0.417,4-17-57-4 = 0.583,4-17-15-28-4 = 0.417,4-12-44-15-4 = 0.167,4-45-20-28-4 = 0.583,4-45-20-44-43-4 = 0.167,4-51-46-43-4 = 0.167,8-40-49-19-11-8 = 0.333,4-41-50-16-5 = 1.0,4-12-47-11-8 = 0.667,4-45-20-22-4 = 0.083,4-45-20-12-4 = 0.167,8-27-53-8 = 1.0
134,132,733.49,10.465,1.38,-0.29,315,316,4-22-4 = 1.0,5-42-5 = 0.834,7-31-52-29-19-8 = 0.166,7-21-52-29-7 = 0.181,7-30-24-26-36-7 = 0.234,7-48-24-30-7 = 0.766,7-52-29-46-4 = 0.245,7-21-49-19-37-7 = 0.287,7-48-26-36-7 = 0.234,8-53-27-8 = 1.0,7-52-29-37-7 = 0.106,7-31-21-26-36-7 = 0.532,8-33-23-39-8 = 0.583,8-33-39-8 = 0.417,8-12-47-11-8 = 1.0,8-40-44-51-43-4 = 0.583,7-31-52-29-14-5 = 0.196,5-35-56-14-5 = 0.275,5-18-54-34-13-5 = 0.911,5-32-55-14-5 = 0.44,5-38-50-16-5 = 0.22,5-38-41-57-4 = 0.22,5-35-38-5 = 0.56,5-56-55-32-5 = 0.56,5-18-54-13-14-5 = 0.089,5-25-9-10-58-5 = 0.393,5-25-9-51-44-4 = 0.06,5-34-51-44-15-4 = 0.089,5-58-51-44-43-4 = 0.06,4-15-57-4 = 0.345,4-17-57-4 = 0.434,4-17-15-28-4 = 0.566,5-25-49-19-37-7 = 0.547,4-45-20-28-4 = 0.434,4-45-20-44-43-4 = 0.149,4-51-46-43-4 = 0.208,4-45-20-40-23-8 = 0.417,4-41-50-16-5 = 0.78,4-9-58-10-46-4 = 0.547,5-35-56-42-5 = 0.166,4-44-10-49-37-7 = 0.06,7-31-52-49-29-7 = 0.106
161,159,733.498,9.651,1.173,-0.349,317,318,4-22-4 = 1.0,8-33-8 = 0.27,5-38-5 = 0.413,8-39-8 = 0.27,5-42-5 = 1.0,7-36-26-7 = 0.413,7-31-52-29-19-8 = 0.254,7-21-52-29-7 = 0.317,7-48-24-30-7 = 1.0,7-21-26-36-7 = 0.238,7-21-49-19-37-7 = 0.095,7-31-9-46-43-4 = 0.222,7-52-29-37-7 = 0.254,7-31-21-26-36-7 = 0.349,8-33-23-39-8 = 0.73,8-12-44-15-4 = 0.032,8-12-47-11-8 = 0.968,8-40-44-51-43-4 = 0.73,7-31-52-29-14-5 = 0.175,8-51-46-43-4 = 0.048,5-35-56-14-5 = 0.413,5-18-54-34-13-5 = 1.0,5-32-55-14-5 = 0.413,5-35-38-5 = 0.587,5-25-58-10-49-8 = 0.254,5-56-55-32-5 = 0.587,5-25-9-10-58-5 = 0.286,5-25-9-58-46-4 = 0.46,4-28-15-4 = 0.095,4-15-57-4 = 0.429,4-17-57-4 = 0.571,4-17-15-28-4 = 0.429,4-45-20-28-4 = 0.476,4-45-44-51-46-4 = 0.222,4-45-20-40-23-8 = 0.27,4-41-50-16-5 = 1.0,4-45-20-11-8 = 0.032,4-20-49-19-37-7 = 0.19,5-10-49-19-37-7 = 0.46,8-27-53-8 = 1.0,4-20-9-46-47-4 = 0.032,4-44-46-15-4 = 0.016
195,193,733.411,7.0,0.127,0.25,319,320,4-22-4 = 0.5,5-42-5 = 1.0,7-31-52-29-19-8 = 0.5,7-48-24-30-7 = 1.0,7-21-26-36-7 = 0.5,8-53-27-8 = 0.75,8-53-27-40-23-8 = 0.25,7-52-29-37-7 = 0.5,7-31-21-26-36-7 = 0.5,8-33-39-8 = 1.0,8-12-47-11-8 = 1.0,8-45-20-40-23-8 = 0.25,5-41-50-16-5 = 0.25,5-18-54-34-13-5 = 1.0,5-35-38-5 = 1.0,5-56-55-32-5 = 1.0,5-25-9-51-44-4 = 0.25,5-25-9-58-43-4 = 0.25,5-58-51-44-43-4 = 0.75,4-15-57-4 = 0.25,4-22-57-4 = 0.5,4-17-57-4 = 0.25,4-17-15-28-4 = 0.75,5-25-9-19-37-7 = 0.5,4-45-20-28-4 = 0.25,4-45-20-40-23-8 = 0.5,4-41-50-16-5 = 0.75,8-49-10-46-14-5 = 1.0
319,195,733.526,6.0,0.115,-1.0,321,322,4-22-4 = 0.25,5-42-5 = 1.0,7-31-52-29-19-8 = 0.5,7-48-24-30-7 = 1.0,7-21-26-36-7 = 0.5,8-53-27-8 = 1.0,7-52-29-37-7 = 0.5,7-31-21-26-36-7 = 0.5,8-33-39-8 = 1.0,8-12-47-11-8 = 1.0,8-45-20-40-23-8 = 0.5,5-41-50-16-5 = 0.25,5-18-54-34-13-5 = 1.0,5-35-38-5 = 1.0,5-56-55-32-5 = 1.0,5-25-9-51-44-4 = 0.25,5-25-9-58-43-4 = 0.25,5-58-51-44-43-4 = 0.75,4-28-15-4 = 0.25,4-22-57-4 = 0.75,4-17-57-4 = 0.25,4-17-15-28-4 = 0.75,5-25-9-19-37-7 = 0.5,4-45-20-40-23-8 = 0.5,4-41-50-16-5 = 0.75,8-49-10-46-14-5 = 1.0
186,173,733.624,8.0,0.971,-1.0,323,324,4-22-4 = 1.0,8-33-8 = 0.25,8-39-8 = 0.25,5-42-5 = 1.0,7-31-52-29-19-8 = 0.5,7-48-24-30-7 = 1.0,7-21-26-36-7 = 0.5,7-52-29-37-7 = 0.5,7-31-21-26-36-7 = 0.5,8-33-23-39-8 = 0.5,8-33-39-8 = 0.25,8-40-44-51-43-4 = 0.5,8-45-20-40-23-8 = 0.5,5-35-56-14-5 = 0.25,5-18-54-34-13-5 = 0.5,5-32-55-14-5 = 0.25,5-35-38-5 = 0.75,5-56-55-32-5 = 0.75,5-18-25-9-51-4 = 0.5,5-54-34-13-14-5 = 0.5,8-49-10-58-46-4 = 1.0,4-15-28-4 = 1.0,4-17-57-4 = 1.0,5-25-9-19-37-7 = 0.5,4-45-20-44-43-4 = 0.5,4-41-50-16-5 = 1.0,4-12-47-11-8 = 1.0,5-42-38-5 = 0.25,8-27-53-8 = 1.0
109,107,733.495,10.259,1.566,-0.141,325,326,4-22-4 = 0.683,5-42-5 = 0.835,7-31-52-29-19-7 = 0.309,7-31-52-37-7 = 0.23,7-30-24-26-36-7 = 0.04,7-48-24-30-7 = 0.96,7-21-54-34-14-5 = 0.079,7-21-26-36-7 = 0.691,7-48-26-36-7 = 0.04,8-53-27-8 = 1.0,7-52-29-37-7 = 0.46,7-31-29-19-11-8 = 0.23,7-31-21-26-36-7 = 0.23,8-33-23-39-8 = 0.345,8-33-39-8 = 0.655,8-12-44-28-4 = 0.525,8-12-47-11-8 = 0.468,8-40-44-51-43-4 = 0.295,8-10-49-19-37-7 = 0.309,5-35-56-38-5 = 0.601,5-18-54-34-13-5 = 0.683,5-32-55-14-5 = 0.683,5-35-38-5 = 0.317,5-56-55-32-5 = 0.317,5-18-54-13-14-5 = 0.237,5-18-25-9-43-4 = 0.079,5-25-9-10-58-5 = 0.158,5-25-9-58-15-4 = 0.683,5-25-9-44-43-4 = 0.079,5-34-13-51-43-4 = 0.079,5-34-58-51-28-4 = 0.158,8-49-10-46-47-8 = 0.532,4-22-57-4 = 0.317,4-17-57-4 = 0.683,4-17-15-28-4 = 0.317,4-51-46-43-4 = 0.468,8-40-49-19-11-8 = 0.05,4-45-20-40-23-8 = 0.655,4-41-50-16-5 = 1.0,4-45-20-11-8 = 0.245,5-42-38-5 = 0.083,5-35-56-42-5 = 0.083,8-12-49-11-8 = 0.007,8-45-20-44-49-19-8 = 0.101
92,79,733.382,7.125,1.511,0.625,327,328,4-22-4 = 0.688,5-42-5 = 1.0,7-31-52-29-19-8 = 0.25,7-48-24-30-7 = 1.0,7-21-26-36-7 = 0.25,8-53-27-8 = 1.0,7-52-29-37-7 = 0.75,7-31-21-26-36-7 = 0.75,8-33-23-39-8 = 1.0,8-45-20-28-4 = 0.562,8-12-47-11-8 = 0.25,8-40-44-51-43-4 = 1.0,8-45-20-15-4 = 0.125,8-45-20-22-4 = 0.312,5-18-54-34-13-5 = 0.5,5-35-38-5 = 1.0,5-25-58-10-49-8 = 0.5,5-56-55-32-5 = 1.0,5-18-54-13-14-5 = 0.5,5-25-9-46-47-8 = 0.125,5-25-9-46-14-5 = 0.375,5-34-58-10-49-19-8 = 0.375,4-15-57-4 = 0.438,4-17-57-4 = 0.562,4-17-15-28-4 = 0.438,5-34-58-49-19-11-8 = 0.125,4-41-50-16-5 = 1.0,4-12-47-11-8 = 0.625,4-9-46-19-37-7 = 0.25,4-9-10-46-14-5 = 0.125,4-12-9-46-4 = 0.125
318,161,733.5,9.615,0.002,-0.035,329,330,4-22-4 = 1.0,8-33-8 = 0.282,5-38-5 = 0.41,8-39-8 = 0.282,5-42-5 = 1.0,7-31-52-29-19-8 = 0.256,7-21-52-29-7 = 0.308,7-48-24-30-7 = 1.0,7-21-26-36-7 = 0.282,7-21-49-19-37-7 = 0.077,7-31-9-46-43-4 = 0.231,8-53-27-8 = 1.0,7-52-29-37-7 = 0.256,7-31-21-26-36-7 = 0.333,8-33-23-39-8 = 0.718,8-12-47-11-8 = 1.0,8-40-44-51-43-4 = 0.718,7-31-52-29-14-5 = 0.179,8-51-46-43-4 = 0.051,5-35-56-14-5 = 0.41,5-18-54-34-13-5 = 1.0,5-32-55-14-5 = 0.41,5-35-38-5 = 0.59,5-25-58-10-49-8 = 0.256,5-56-55-32-5 = 0.59,5-25-9-10-58-5 = 0.282,5-25-9-58-46-4 = 0.462,4-28-15-4 = 0.051,4-15-57-4 = 0.436,4-17-57-4 = 0.564,4-17-15-28-4 = 0.436,4-45-20-28-4 = 0.513,4-45-44-51-46-4 = 0.205,4-45-20-40-23-8 = 0.282,4-41-50-16-5 = 1.0,7-26-36-7 = 0.385,4-20-49-19-37-7 = 0.205,5-10-49-19-37-7 = 0.462,8-9-51-44-15-4 = 0.026,4-44-46-15-4 = 0.051
200,123,733.587,6.839,0.946,-0.606,331,332,4-22-4 = 0.452,8-39-8 = 0.121,5-42-5 = 1.0,7-31-52-29-19-8 = 0.048,7-21-52-29-5 = 0.468,7-30-24-26-36-7 = 0.234,7-48-24-30-7 = 0.766,7-52-29-46-4 = 0.065,7-31-52-54-5 = 0.048,7-48-26-36-7 = 0.234,8-53-27-8 = 1.0,8-12-46-13-5 = 0.016,7-31-21-26-36-7 = 0.532,8-33-23-39-8 = 0.121,8-33-39-8 = 0.758,8-33-40-11-8 = 0.121,8-12-44-28-4 = 0.177,8-12-47-11-8 = 0.806,8-10-49-19-37-7 = 0.952,7-31-52-29-14-5 = 0.371,5-18-54-34-13-5 = 0.274,5-35-38-5 = 1.0,5-56-55-32-5 = 1.0,5-18-54-13-14-5 = 0.629,5-25-9-46-47-8 = 0.145,5-18-58-51-43-4 = 0.097,5-25-9-51-44-4 = 0.71,5-25-9-58-43-4 = 0.065,5-34-58-46-43-4 = 0.726,5-58-51-44-43-4 = 0.113,8-49-10-46-47-8 = 0.048,4-15-57-4 = 0.226,4-22-57-4 = 0.548,4-17-57-4 = 0.226,4-17-15-28-4 = 0.774,4-45-20-28-4 = 0.048,5-54-29-37-7 = 0.048,4-45-20-40-23-8 = 0.879,4-41-50-16-5 = 1.0,4-45-20-11-8 = 0.073,5-25-9-51-13-5 = 0.081
136,133,733.336,10.306,0.793,1.075,333,334,4-22-4 = 0.976,5-42-5 = 0.756,7-31-52-29-19-8 = 0.388,7-21-52-29-7 = 0.321,7-30-24-26-36-7 = 0.33,7-48-24-30-7 = 0.67,7-21-49-19-37-7 = 0.34,7-48-26-36-7 = 0.33,7-52-29-37-7 = 0.019,7-31-21-26-36-7 = 0.34,8-33-23-39-8 = 0.871,8-33-39-8 = 0.129,8-12-44-28-4 = 0.129,8-12-47-11-8 = 0.498,8-10-51-43-4 = 0.019,8-40-44-51-43-4 = 0.871,7-31-52-29-14-5 = 0.254,5-18-54-34-13-5 = 0.498,5-32-55-14-5 = 0.244,5-38-50-16-5 = 0.122,5-38-41-57-4 = 0.122,5-35-38-5 = 0.756,5-25-51-43-4 = 0.005,5-56-55-32-5 = 0.756,5-18-54-13-14-5 = 0.502,5-25-9-46-47-4 = 0.502,5-25-9-10-58-5 = 0.493,5-34-58-46-43-4 = 0.01,5-34-58-10-46-4 = 0.488,5-34-58-51-28-4 = 0.005,4-28-15-4 = 0.586,4-15-57-4 = 0.134,4-22-57-4 = 0.024,4-17-57-4 = 0.72,4-17-15-28-4 = 0.28,4-20-51-43-4 = 0.096,4-12-9-58-51-4 = 0.005,4-45-20-40-23-8 = 0.129,4-41-50-16-5 = 0.878,4-45-20-11-8 = 0.502,4-20-49-19-37-7 = 0.273,4-45-12-49-37-7 = 0.368,5-35-56-42-5 = 0.244,8-27-53-8 = 1.0,7-31-52-49-29-7 = 0.019
334,136,733.336,10.221,0.0,-0.086,335,336,4-22-4 = 0.978,5-42-5 = 0.75,7-31-52-29-19-8 = 0.397,7-21-52-29-7 = 0.324,7-30-24-26-36-7 = 0.331,7-48-24-30-7 = 0.669,7-21-49-19-37-7 = 0.338,7-48-26-36-7 = 0.331,7-52-29-37-7 = 0.015,7-31-21-26-36-7 = 0.338,8-33-23-39-8 = 0.882,8-33-39-8 = 0.118,8-12-44-28-4 = 0.118,8-12-47-11-8 = 0.5,8-40-44-51-43-4 = 0.882,8-45-20-11-8 = 0.015,7-31-52-29-14-5 = 0.25,5-18-54-34-13-5 = 0.5,5-32-55-14-5 = 0.25,5-38-50-16-5 = 0.125,5-38-41-57-4 = 0.125,5-35-38-5 = 0.75,5-56-55-32-5 = 0.75,5-18-54-13-14-5 = 0.5,5-25-9-46-47-4 = 0.5,5-25-9-10-58-5 = 0.5,5-34-58-10-46-4 = 0.5,4-28-15-4 = 0.618,4-15-57-4 = 0.118,4-22-57-4 = 0.022,4-17-57-4 = 0.735,4-17-15-28-4 = 0.265,4-20-51-43-4 = 0.118,4-45-20-40-23-8 = 0.118,4-41-50-16-5 = 0.875,4-45-20-11-8 = 0.485,4-20-49-19-37-7 = 0.265,4-45-12-49-37-7 = 0.382,5-35-56-42-5 = 0.25,8-27-53-8 = 1.0,7-31-52-49-29-7 = 0.015
335,334,733.353,10.292,0.016,0.071,337,338,4-22-4 = 0.979,5-42-5 = 0.75,7-31-52-29-19-7 = 0.021,7-31-52-29-19-8 = 0.375,7-21-52-29-7 = 0.313,7-30-24-26-36-7 = 0.333,7-48-24-30-7 = 0.667,7-21-49-19-37-7 = 0.354,7-48-26-36-7 = 0.333,7-52-29-37-7 = 0.021,7-31-21-26-36-7 = 0.333,8-33-23-39-8 = 0.875,8-33-39-8 = 0.125,8-12-44-28-4 = 0.125,8-12-47-11-8 = 0.5,8-40-44-51-43-4 = 0.875,7-31-52-29-14-5 = 0.25,5-18-54-34-13-5 = 0.5,5-32-55-14-5 = 0.25,5-38-50-16-5 = 0.125,5-38-41-57-4 = 0.125,5-35-38-5 = 0.75,5-56-55-32-5 = 0.75,5-18-54-13-14-5 = 0.5,5-25-9-46-47-4 = 0.5,5-25-9-10-58-5 = 0.5,5-34-58-10-46-4 = 0.5,4-28-15-4 = 0.604,4-15-57-4 = 0.125,4-22-57-4 = 0.021,4-17-57-4 = 0.729,4-17-15-28-4 = 0.271,4-20-51-43-4 = 0.125,4-45-20-40-23-8 = 0.125,4-41-50-16-5 = 0.875,4-45-20-11-8 = 0.5,4-20-49-19-37-7 = 0.25,4-45-12-49-37-7 = 0.375,5-35-56-42-5 = 0.25,8-27-53-8 = 1.0,7-31-52-49-29-7 = 0.021
144,84,733.023,9.5,0.407,3.071,339,340,4-22-4 = 1.0,8-39-8 = 0.25,5-42-5 = 0.333,7-31-52-29-19-8 = 0.5,7-48-24-30-7 = 1.0,7-21-26-36-7 = 0.5,7-52-29-37-7 = 0.5,7-31-21-26-36-7 = 0.5,8-33-23-39-8 = 0.25,8-33-39-8 = 0.5,8-33-40-11-8 = 0.25,8-12-44-28-4 = 0.333,8-12-47-11-8 = 0.667,5-35-56-38-5 = 0.667,5-18-54-34-13-5 = 1.0,5-32-55-14-5 = 1.0,5-25-9-46-47-4 = 0.333,5-25-9-51-44-4 = 0.417,8-49-10-58-46-4 = 0.333,8-49-10-58-43-4 = 0.667,4-15-57-4 = 0.5,4-17-57-4 = 0.5,4-17-15-28-4 = 0.5,5-25-9-19-37-7 = 0.25,4-45-20-28-4 = 0.167,4-51-46-43-4 = 0.333,4-45-20-40-23-8 = 0.75,4-41-50-16-5 = 1.0,4-45-20-11-8 = 0.083,5-42-38-5 = 0.333,5-35-56-42-5 = 0.333,8-27-53-8 = 1.0,4-44-51-19-37-7 = 0.25
339,144,733.075,8.167,0.052,-1.333,341,342,4-22-4 = 0.667,8-39-8 = 0.167,5-42-5 = 0.833,7-31-52-29-19-8 = 0.5,7-48-24-30-7 = 1.0,7-21-26-36-7 = 0.5,7-52-29-37-7 = 0.5,7-31-21-26-36-7 = 0.5,8-33-23-39-8 = 0.167,8-33-39-8 = 0.667,8-33-40-11-8 = 0.167,8-12-44-28-4 = 0.333,8-12-47-11-8 = 0.667,8-45-20-11-8 = 0.167,5-35-56-38-5 = 0.917,5-18-54-34-13-5 = 1.0,5-32-55-14-5 = 1.0,5-25-9-46-47-4 = 0.333,5-25-9-51-44-4 = 0.417,8-49-10-58-46-4 = 0.333,8-49-10-58-43-4 = 0.667,4-15-57-4 = 0.333,4-22-57-4 = 0.333,4-17-57-4 = 0.333,4-17-15-28-4 = 0.667,5-25-9-19-37-7 = 0.25,4-51-46-43-4 = 0.333,4-45-20-40-23-8 = 0.833,4-41-50-16-5 = 1.0,5-42-38-5 = 0.083,5-35-56-42-5 = 0.083,8-27-53-8 = 1.0,4-44-51-19-37-7 = 0.25
342,339,733.151,6.667,0.077,-1.5,343,344,4-22-4 = 0.667,5-42-5 = 0.667,7-31-52-29-19-7 = 0.333,7-31-52-37-7 = 0.333,7-48-24-30-7 = 1.0,7-21-26-36-7 = 1.0,8-53-27-8 = 1.0,7-52-29-37-7 = 0.333,7-31-29-19-11-8 = 0.333,8-33-39-8 = 1.0,8-12-44-28-4 = 0.333,8-12-47-11-8 = 0.667,5-35-56-38-5 = 0.833,5-18-54-34-13-5 = 1.0,5-32-55-14-5 = 1.0,5-25-9-46-47-4 = 0.333,5-25-9-51-44-4 = 0.5,8-49-10-58-46-4 = 0.333,8-49-10-58-43-4 = 0.667,4-15-57-4 = 0.333,4-22-57-4 = 0.333,4-17-57-4 = 0.333,4-17-15-28-4 = 0.667,5-25-9-19-37-7 = 0.167,4-51-46-43-4 = 0.333,4-45-20-40-23-8 = 1.0,4-41-50-16-5 = 1.0,5-42-38-5 = 0.167,5-35-56-42-5 = 0.167,4-44-51-19-37-7 = 0.167
344,342,733.178,7.0,0.026,0.333,345,346,4-22-4 = 0.667,5-42-5 = 0.667,7-31-52-29-19-7 = 0.333,7-31-52-37-7 = 0.333,7-48-24-30-7 = 1.0,7-21-26-36-7 = 1.0,7-52-29-37-7 = 0.333,7-31-29-19-11-8 = 0.333,8-33-39-8 = 1.0,8-12-44-28-4 = 0.333,8-12-47-11-8 = 0.667,5-35-56-38-5 = 0.833,5-18-54-34-13-5 = 1.0,5-32-55-14-5 = 1.0,5-25-51-43-4 = 0.167,5-25-9-46-47-4 = 0.333,5-25-9-51-44-4 = 0.5,8-49-10-58-46-4 = 0.333,8-49-10-58-43-4 = 0.5,8-49-58-46-43-4 = 0.167,4-15-57-4 = 0.333,4-22-57-4 = 0.333,4-17-57-4 = 0.333,4-17-15-28-4 = 0.667,4-51-46-43-4 = 0.167,4-45-20-40-23-8 = 1.0,4-41-50-16-5 = 1.0,4-9-10-19-37-7 = 0.167,5-42-38-5 = 0.167,5-35-56-42-5 = 0.167,8-27-53-8 = 1.0,4-44-51-19-37-7 = 0.167
50,26,734.051,6.0,2.806,-3.125,347,348,4-22-4 = 1.0,8-33-8 = 0.25,8-39-8 = 0.5,5-42-5 = 1.0,7-31-52-29-19-8 = 0.5,7-48-24-30-7 = 1.0,7-21-26-36-7 = 0.5,7-52-29-37-7 = 0.5,7-31-21-26-36-7 = 0.5,8-33-23-39-8 = 0.25,8-33-39-8 = 0.25,8-33-40-11-8 = 0.25,8-12-47-11-8 = 0.75,8-12-9-10-49-8 = 0.25,8-10-49-19-37-7 = 0.5,8-45-20-40-23-8 = 0.75,5-41-50-16-5 = 1.0,5-18-54-34-13-5 = 1.0,5-35-38-5 = 1.0,5-56-55-32-5 = 1.0,5-25-58-51-14-5 = 0.25,5-25-9-58-46-4 = 0.75,8-49-10-46-47-8 = 0.25,4-28-15-4 = 1.0,4-17-57-4 = 1.0,4-45-20-44-43-4 = 0.25,8-27-53-8 = 1.0,4-44-51-43-14-5 = 0.75
237,236,733.415,5.619,0.39,0.658,349,350,4-22-4 = 1.0,8-33-8 = 0.089,8-39-8 = 0.246,5-42-5 = 1.0,7-36-26-7 = 0.5,7-31-52-29-19-8 = 0.136,7-48-37-7 = 0.017,7-24-30-7 = 0.017,7-21-52-29-5 = 0.5,7-48-24-30-7 = 0.983,7-31-52-54-5 = 0.081,7-31-21-26-36-7 = 0.5,8-33-23-39-8 = 0.157,8-33-39-8 = 0.597,8-33-40-11-8 = 0.157,8-12-47-11-8 = 0.843,8-10-49-19-37-7 = 0.864,7-31-52-29-14-5 = 0.284,5-18-54-34-13-5 = 0.203,5-35-38-5 = 1.0,5-56-55-32-5 = 1.0,5-18-54-13-14-5 = 0.716,5-25-9-46-47-4 = 0.076,5-18-58-51-43-4 = 0.081,5-25-9-51-44-4 = 0.771,5-25-9-58-43-4 = 0.008,5-34-58-46-43-4 = 0.797,5-58-51-44-43-4 = 0.068,8-49-10-46-47-4 = 0.081,4-15-28-4 = 0.809,4-15-57-4 = 0.034,4-17-57-4 = 0.966,4-17-15-28-4 = 0.034,4-12-44-15-4 = 0.123,4-45-20-28-4 = 0.157,4-9-58-46-43-4 = 0.047,4-45-20-40-23-8 = 0.843,4-41-50-16-5 = 1.0,8-27-53-8 = 1.0,5-25-9-51-13-5 = 0.081,4-44-10-49-37-7 = 0.038,8-12-9-49-37-7 = 0.017,8-12-10-29-7 = 0.017,5-25-29-37-7 = 0.064
350,237,733.492,5.774,0.077,0.156,351,352,4-22-4 = 1.0,8-33-8 = 0.048,8-39-8 = 0.202,5-42-5 = 1.0,7-36-26-7 = 0.5,7-31-52-29-19-8 = 0.113,7-48-37-7 = 0.048,7-24-30-7 = 0.048,7-21-52-29-5 = 0.5,7-48-24-30-7 = 0.952,7-31-52-54-5 = 0.065,8-53-27-8 = 1.0,7-31-21-26-36-7 = 0.5,8-33-23-39-8 = 0.153,8-33-39-8 = 0.645,8-33-40-11-8 = 0.153,8-12-47-11-8 = 0.758,8-10-49-19-37-7 = 0.887,7-31-52-29-14-5 = 0.323,5-18-54-34-13-5 = 0.242,5-35-38-5 = 1.0,5-25-58-43-4 = 0.016,5-56-55-32-5 = 1.0,5-18-54-13-14-5 = 0.677,5-18-25-54-5 = 0.016,5-25-9-46-47-4 = 0.177,5-18-58-51-43-4 = 0.065,5-25-9-51-44-4 = 0.694,5-34-58-46-43-4 = 0.758,5-58-51-44-43-4 = 0.161,8-49-10-46-47-4 = 0.065,4-15-28-4 = 0.895,4-17-57-4 = 1.0,4-12-44-28-4 = 0.04,4-12-44-15-4 = 0.105,4-45-20-28-4 = 0.065,4-45-20-40-23-8 = 0.847,4-41-50-16-5 = 1.0,4-45-20-11-8 = 0.089,5-25-9-51-13-5 = 0.081,8-12-9-49-37-7 = 0.048,8-12-10-29-7 = 0.048,5-25-29-37-7 = 0.016
263,165,733.414,8.667,0.005,0.952,353,354,4-22-4 = 1.0,5-42-5 = 1.0,7-31-52-29-19-8 = 0.333,7-48-24-30-7 = 1.0,7-21-26-36-7 = 0.333,8-53-27-40-23-8 = 0.667,7-52-29-37-7 = 0.667,7-31-21-26-36-7 = 0.667,8-33-23-39-8 = 0.333,8-33-39-8 = 0.667,8-12-44-28-4 = 0.333,8-12-47-11-8 = 0.333,8-10-49-19-37-7 = 0.333,5-35-56-38-5 = 0.667,5-18-54-34-13-5 = 0.667,5-32-55-14-5 = 0.667,5-35-38-5 = 0.333,5-56-55-32-5 = 0.333,5-18-54-13-14-5 = 0.333,5-25-9-10-58-5 = 0.333,5-25-9-58-15-4 = 0.667,5-34-51-44-15-4 = 0.333,8-49-10-46-47-8 = 0.333,4-17-57-4 = 1.0,4-45-20-28-4 = 0.667,4-45-20-44-43-4 = 0.333,4-51-46-43-4 = 0.667,8-40-49-19-11-8 = 0.333,4-41-50-16-5 = 1.0,4-12-47-11-8 = 0.333,8-27-53-8 = 0.333
351,350,733.617,5.364,0.125,-0.411,355,356,4-22-4 = 1.0,8-33-8 = 0.08,8-39-8 = 0.205,5-42-5 = 1.0,7-36-26-7 = 0.5,7-31-52-29-19-8 = 0.136,7-21-52-29-5 = 0.5,7-48-24-30-7 = 1.0,7-31-52-54-5 = 0.045,8-53-27-8 = 1.0,7-31-21-26-36-7 = 0.5,8-33-23-39-8 = 0.125,8-33-39-8 = 0.67,8-33-40-11-8 = 0.125,8-12-10-13-5 = 0.091,8-12-47-11-8 = 0.795,8-10-49-19-37-7 = 0.841,7-31-52-29-14-5 = 0.318,5-18-54-34-13-5 = 0.227,5-35-38-5 = 1.0,5-56-55-32-5 = 1.0,5-18-54-13-14-5 = 0.682,5-18-25-54-5 = 0.045,5-25-9-46-47-4 = 0.159,5-18-58-51-43-4 = 0.045,5-25-9-51-44-4 = 0.773,5-34-58-46-43-4 = 0.773,5-58-51-44-43-4 = 0.182,8-49-10-46-47-4 = 0.045,4-15-28-4 = 0.932,4-15-57-4 = 0.023,4-17-57-4 = 0.977,4-17-15-28-4 = 0.023,5-25-49-19-37-7 = 0.023,4-45-20-28-4 = 0.045,4-45-20-40-23-8 = 0.875,4-41-50-16-5 = 1.0,4-45-20-11-8 = 0.08,4-44-10-49-37-7 = 0.023,8-12-9-49-37-7 = 0.068,4-44-46-15-4 = 0.023,8-12-29-37-7 = 0.045
331,200,733.601,6.556,0.014,-0.283,357,358,4-22-4 = 0.444,8-39-8 = 0.111,5-42-5 = 1.0,7-31-52-29-19-8 = 0.111,7-21-52-29-5 = 0.444,7-30-24-26-36-7 = 0.222,7-48-24-30-7 = 0.778,7-52-29-46-4 = 0.111,7-48-26-36-7 = 0.222,8-53-27-8 = 1.0,7-31-21-26-36-7 = 0.556,8-33-23-39-8 = 0.111,8-33-39-8 = 0.778,8-33-40-11-8 = 0.111,8-12-44-28-4 = 0.111,8-12-47-11-8 = 0.889,8-10-49-19-37-7 = 0.889,7-31-52-29-14-5 = 0.333,5-18-54-34-13-5 = 0.333,5-35-38-5 = 1.0,5-56-55-32-5 = 1.0,5-18-54-13-14-5 = 0.667,5-25-9-51-44-4 = 0.778,5-25-9-58-43-4 = 0.222,5-34-58-46-43-4 = 0.667,5-58-51-44-43-4 = 0.111,8-49-10-46-47-8 = 0.111,4-15-57-4 = 0.222,4-22-57-4 = 0.556,4-17-57-4 = 0.222,4-17-15-28-4 = 0.778,4-45-20-28-4 = 0.111,4-45-20-40-23-8 = 0.889,4-41-50-16-5 = 1.0,4-51-46-37-7 = 0.111
358,331,733.691,5.65,0.09,-0.906,359,360,4-22-4 = 0.325,8-39-8 = 0.025,5-42-5 = 1.0,7-21-52-29-5 = 0.4,7-30-24-26-36-7 = 0.2,7-48-24-30-7 = 0.8,7-52-29-46-4 = 0.2,7-48-26-36-7 = 0.2,8-12-46-13-5 = 0.05,7-31-21-26-36-7 = 0.6,8-33-23-39-8 = 0.025,8-33-39-8 = 0.95,8-33-40-11-8 = 0.025,8-12-47-11-8 = 0.95,8-10-49-19-37-7 = 1.0,7-31-52-29-14-5 = 0.4,5-18-54-34-13-5 = 0.35,5-35-38-5 = 1.0,5-56-55-32-5 = 1.0,5-18-54-13-14-5 = 0.6,5-18-25-54-5 = 0.05,5-25-9-46-47-8 = 0.05,5-25-9-51-44-4 = 0.8,5-25-9-58-43-4 = 0.1,5-34-58-46-43-4 = 0.65,5-58-51-44-43-4 = 0.2,4-28-15-4 = 0.325,4-22-57-4 = 0.675,4-17-57-4 = 0.325,4-17-15-28-4 = 0.675,4-45-20-40-23-8 = 0.975,4-41-50-16-5 = 1.0,4-45-20-11-8 = 0.025,8-27-53-8 = 1.0,5-9-58-46-43-4 = 0.05
296,160,733.673,8.882,0.237,-0.737,361,362,4-22-4 = 1.0,8-33-8 = 0.059,5-38-5 = 0.5,8-39-8 = 0.059,5-42-5 = 1.0,7-31-52-29-19-8 = 0.449,7-21-52-29-7 = 0.103,7-48-24-30-7 = 1.0,7-21-26-36-7 = 0.471,7-31-9-46-43-4 = 0.125,7-52-29-37-7 = 0.449,7-31-21-26-36-7 = 0.426,8-33-23-39-8 = 0.463,8-33-39-8 = 0.478,8-45-20-28-4 = 0.184,8-12-47-11-8 = 1.0,8-40-44-51-43-4 = 0.463,8-45-20-44-43-4 = 0.206,8-45-20-40-23-8 = 0.537,8-45-44-51-46-4 = 0.074,5-35-56-14-5 = 0.5,5-18-54-34-13-5 = 0.978,5-32-55-14-5 = 0.5,5-35-38-5 = 0.5,5-25-58-10-49-8 = 0.728,5-56-55-32-5 = 0.5,5-25-9-10-58-5 = 0.25,5-25-9-58-46-4 = 0.022,5-51-46-43-4 = 0.184,5-34-13-51-46-4 = 0.022,4-28-15-4 = 0.816,4-17-57-4 = 1.0,4-20-9-51-44-4 = 0.074,5-18-9-46-43-4 = 0.022,8-49-46-19-37-7 = 0.25,4-41-50-16-5 = 1.0,7-26-36-7 = 0.103,4-9-46-19-37-7 = 0.301,5-54-9-10-49-7 = 0.022,8-27-53-8 = 1.0,4-9-51-44-15-4 = 0.184
203,89,733.541,9.0,0.83,0.2,363,364,4-22-4 = 1.0,8-33-8 = 0.5,8-39-8 = 0.5,5-42-5 = 1.0,7-31-52-29-19-8 = 0.5,7-48-24-30-7 = 1.0,7-21-26-36-7 = 0.5,8-53-27-8 = 1.0,7-52-29-37-7 = 0.5,7-31-21-26-36-7 = 0.5,8-33-23-39-8 = 0.5,8-12-47-11-8 = 1.0,8-40-44-51-43-4 = 0.5,8-45-20-44-43-4 = 0.25,8-45-20-40-23-8 = 0.25,5-35-56-38-5 = 0.25,5-35-38-5 = 0.75,5-25-58-10-49-8 = 0.5,5-56-55-32-5 = 0.75,5-18-54-13-14-5 = 0.25,5-54-34-13-14-5 = 0.75,5-25-9-10-58-5 = 0.5,5-18-55-32-5 = 0.25,5-18-34-51-46-4 = 0.25,4-15-28-4 = 0.75,4-17-57-4 = 1.0,5-18-9-46-43-4 = 0.25,8-49-46-19-37-7 = 0.5,4-45-20-28-4 = 0.25,4-45-20-40-23-8 = 0.25,4-41-50-16-5 = 1.0,4-9-51-44-15-4 = 0.25
135,133,733.535,9.479,0.992,0.248,365,366,4-22-4 = 0.76,5-42-5 = 1.0,7-31-52-29-19-8 = 0.333,7-30-24-26-36-7 = 0.167,7-48-24-30-7 = 0.833,7-21-26-36-7 = 0.333,7-21-49-19-37-7 = 0.333,7-48-26-36-7 = 0.167,8-53-27-8 = 1.0,7-52-29-37-7 = 0.333,7-31-21-26-36-7 = 0.333,8-33-23-39-8 = 1.0,8-12-47-11-8 = 0.583,8-40-44-51-43-4 = 0.875,5-35-56-14-5 = 0.125,5-18-54-34-13-5 = 0.5,5-32-55-14-5 = 0.125,5-38-50-16-5 = 0.062,5-38-41-57-4 = 0.062,5-35-38-5 = 0.875,5-56-55-32-5 = 0.875,5-18-54-13-14-5 = 0.5,5-25-9-46-47-8 = 0.125,5-25-9-10-58-5 = 0.375,5-25-9-46-14-5 = 0.25,5-25-9-58-46-4 = 0.125,5-34-58-46-15-4 = 0.083,5-34-58-10-46-4 = 0.417,4-15-57-4 = 0.427,4-17-57-4 = 0.51,4-17-15-28-4 = 0.49,5-25-49-19-37-7 = 0.125,4-45-20-28-4 = 0.51,4-45-20-44-43-4 = 0.125,4-45-12-9-51-4 = 0.125,4-20-40-11-8 = 0.125,4-41-50-16-5 = 0.938,4-12-47-11-8 = 0.292,4-10-49-19-37-7 = 0.208,4-45-20-22-4 = 0.24,7-31-52-49-29-7 = 0.333
365,135,733.632,9.0,0.097,-0.479,367,368,4-22-4 = 0.458,5-42-5 = 1.0,7-36-26-7 = 0.333,7-31-52-29-19-8 = 0.333,7-48-24-30-7 = 1.0,7-21-26-36-7 = 0.333,7-21-49-19-37-7 = 0.333,8-53-27-8 = 1.0,7-52-29-37-7 = 0.333,7-31-21-26-36-7 = 0.333,8-33-23-39-8 = 1.0,8-12-47-11-8 = 0.333,8-40-44-51-43-4 = 1.0,5-35-56-14-5 = 0.167,5-18-54-34-13-5 = 0.667,5-32-55-14-5 = 0.167,5-38-50-16-5 = 0.083,5-38-41-57-4 = 0.083,5-35-38-5 = 0.833,5-56-55-32-5 = 0.833,5-18-54-13-14-5 = 0.333,5-25-9-10-58-5 = 0.333,5-25-9-46-14-5 = 0.333,5-25-9-58-46-4 = 0.333,5-34-58-10-46-4 = 0.333,4-15-57-4 = 0.458,4-17-57-4 = 0.458,4-17-15-28-4 = 0.542,4-45-20-28-4 = 0.458,4-41-50-16-5 = 0.917,4-12-47-11-8 = 0.667,4-10-49-19-37-7 = 0.167,5-10-49-19-37-7 = 0.167,4-45-20-22-4 = 0.542,7-31-52-49-29-7 = 0.333
156,120,733.542,8.231,0.989,0.278,369,370,4-22-4 = 1.0,8-33-8 = 0.385,8-39-8 = 0.487,5-42-5 = 1.0,7-36-26-7 = 0.231,7-31-52-29-19-8 = 0.385,7-48-24-30-7 = 1.0,7-21-52-9-58-5 = 0.231,7-21-26-36-7 = 0.154,7-52-29-37-7 = 0.385,7-31-21-26-36-7 = 0.615,8-33-23-39-8 = 0.436,8-33-39-8 = 0.077,8-33-40-11-8 = 0.103,8-12-47-11-8 = 0.897,8-12-9-10-49-8 = 0.103,8-10-49-19-37-7 = 0.385,8-45-20-40-23-8 = 0.051,8-40-49-46-43-4 = 0.333,5-35-56-14-5 = 0.077,5-18-54-34-13-5 = 0.282,5-32-55-14-5 = 0.077,5-38-50-16-5 = 0.038,5-38-41-57-4 = 0.038,5-35-38-5 = 0.923,5-25-51-43-4 = 0.333,5-56-55-32-5 = 0.923,5-18-54-13-14-5 = 0.667,5-25-9-46-47-4 = 0.103,5-18-54-58-14-5 = 0.051,5-25-9-51-44-4 = 0.564,5-34-58-10-46-5 = 0.436,5-34-58-46-13-14-5 = 0.051,8-49-51-44-15-4 = 0.103,4-28-15-4 = 0.859,4-17-57-4 = 0.962,4-17-15-28-4 = 0.038,5-34-58-29-19-37-7 = 0.231,4-45-20-28-4 = 0.103,4-45-20-44-43-4 = 0.333,4-45-20-40-23-8 = 0.513,4-41-50-16-5 = 0.962,8-49-10-46-14-5 = 0.077,8-27-53-8 = 1.0
369,156,733.583,8.333,0.041,0.103,371,372,4-22-4 = 1.0,8-33-8 = 0.3,8-39-8 = 0.433,5-42-5 = 1.0,7-36-26-7 = 0.2,7-31-52-29-19-8 = 0.4,7-48-24-30-7 = 1.0,7-21-52-9-58-5 = 0.2,7-21-26-36-7 = 0.2,8-53-27-8 = 1.0,7-52-29-37-7 = 0.4,7-31-21-26-36-7 = 0.6,8-33-23-39-8 = 0.467,8-33-39-8 = 0.1,8-33-40-11-8 = 0.133,8-12-47-11-8 = 0.867,8-12-9-10-49-8 = 0.133,8-10-49-19-37-7 = 0.4,8-45-20-40-23-8 = 0.067,8-40-49-46-43-4 = 0.333,5-35-56-14-5 = 0.1,5-18-54-34-13-5 = 0.267,5-32-55-14-5 = 0.1,5-35-38-5 = 0.9,5-25-51-43-4 = 0.333,5-56-55-32-5 = 0.9,5-18-54-13-14-5 = 0.667,5-25-9-46-47-4 = 0.133,5-18-54-58-14-5 = 0.067,5-25-9-51-44-4 = 0.533,5-34-58-10-46-5 = 0.467,5-34-58-46-13-14-5 = 0.067,8-49-51-44-15-4 = 0.133,4-28-15-4 = 0.867,4-17-57-4 = 1.0,5-34-58-29-19-37-7 = 0.2,4-45-20-28-4 = 0.133,4-45-20-44-43-4 = 0.333,4-45-20-40-23-8 = 0.467,4-41-50-16-5 = 1.0,5-42-38-5 = 0.1
328,92,733.57,7.375,0.187,0.25,373,374,4-22-4 = 0.688,5-42-5 = 1.0,7-31-52-29-19-8 = 0.25,7-48-24-30-7 = 1.0,7-21-26-36-7 = 0.25,8-53-27-8 = 1.0,7-52-29-37-7 = 0.75,7-31-21-26-36-7 = 0.75,8-33-23-39-8 = 1.0,8-45-20-28-4 = 0.562,8-12-47-11-8 = 0.375,8-40-44-51-43-4 = 1.0,8-45-20-15-4 = 0.125,8-45-20-22-4 = 0.312,5-18-54-34-13-5 = 0.5,5-35-38-5 = 1.0,5-25-58-10-49-8 = 0.5,5-56-55-32-5 = 1.0,5-18-54-13-14-5 = 0.5,5-25-9-46-14-5 = 0.5,5-34-58-10-49-19-8 = 0.375,4-15-57-4 = 0.438,4-17-57-4 = 0.562,4-17-15-28-4 = 0.438,5-34-58-49-19-11-8 = 0.125,4-41-50-16-5 = 1.0,4-12-47-11-8 = 0.5,4-9-46-19-37-7 = 0.25,4-9-10-46-47-8 = 0.125,4-12-9-46-8 = 0.125
122,91,733.493,7.75,1.396,0.803,375,376,4-22-4 = 0.625,5-42-5 = 1.0,7-31-52-29-19-4 = 0.25,7-31-52-29-19-7 = 0.25,7-48-24-30-7 = 1.0,7-21-26-36-7 = 0.75,7-31-9-46-43-4 = 0.25,8-53-27-8 = 0.75,8-53-27-40-23-8 = 0.25,7-52-29-37-7 = 0.5,7-31-21-26-36-7 = 0.25,8-33-23-39-8 = 0.75,8-33-39-8 = 0.25,8-12-47-11-8 = 1.0,8-40-44-51-43-4 = 0.75,5-18-54-34-13-5 = 0.5,5-35-38-5 = 1.0,5-25-58-10-49-8 = 0.75,5-56-55-32-5 = 1.0,5-18-54-13-14-5 = 0.25,5-54-34-13-14-5 = 0.25,5-18-58-49-19-37-7 = 0.25,5-25-9-46-14-5 = 0.25,5-34-51-44-15-4 = 0.25,4-15-57-4 = 0.375,4-17-57-4 = 0.625,4-17-15-28-4 = 0.375,4-45-20-28-4 = 0.625,4-41-50-16-5 = 1.0,4-9-46-19-37-7 = 0.25,4-45-20-22-4 = 0.375,4-9-10-46-14-5 = 0.25
375,122,733.642,3.0,0.15,-4.75,377,378,4-22-4 = 0.5,5-42-5 = 1.0,7-48-24-30-7 = 1.0,7-21-26-36-7 = 1.0,8-53-27-8 = 1.0,8-33-23-39-8 = 1.0,8-12-47-11-8 = 1.0,8-40-44-51-43-4 = 1.0,7-31-52-29-14-5 = 1.0,5-18-54-34-13-5 = 1.0,5-35-38-5 = 1.0,5-25-58-10-49-8 = 1.0,5-56-55-32-5 = 1.0,4-15-57-4 = 0.5,4-17-57-4 = 0.5,4-17-15-28-4 = 0.5,5-9-46-19-37-7 = 1.0,4-45-20-28-4 = 0.5,4-41-50-16-5 = 1.0,4-45-20-22-4 = 0.5
378,375,734.611,0.0,0.968,-3.0,Integer,,5-42-5 = 1.0,7-48-24-30-7 = 1.0,7-21-26-36-7 = 1.0,8-53-27-8 = 1.0,8-33-23-39-8 = 1.0,8-12-47-11-8 = 1.0,8-40-44-51-43-4 = 1.0,7-31-52-29-14-5 = 1.0,5-18-54-34-13-5 = 1.0,5-35-38-5 = 1.0,5-25-58-10-49-8 = 1.0,5-56-55-32-5 = 1.0,4-28-15-4 = 1.0,4-17-57-4 = 1.0,5-9-46-19-37-7 = 1.0,4-41-50-16-5 = 1.0,4-45-20-22-4 = 1.0
363,203,734.191,5.0,0.65,-4.0,379,380,4-22-4 = 1.0,8-33-8 = 0.25,8-39-8 = 0.25,5-42-5 = 1.0,7-31-52-29-19-8 = 0.5,7-48-24-30-7 = 1.0,7-21-26-36-7 = 0.5,8-53-27-8 = 1.0,7-52-29-37-7 = 0.5,7-31-21-26-36-7 = 0.5,8-33-39-8 = 0.75,8-12-47-11-8 = 1.0,8-45-20-40-23-8 = 1.0,5-35-38-5 = 1.0,5-25-58-10-49-8 = 0.25,5-56-55-32-5 = 1.0,5-18-54-13-14-5 = 0.75,5-54-34-13-14-5 = 0.25,5-25-9-10-58-5 = 0.75,5-34-51-44-43-4 = 0.75,4-28-15-4 = 1.0,4-17-57-4 = 1.0,5-18-9-46-43-4 = 0.25,8-49-46-19-37-7 = 0.5,4-41-50-16-5 = 1.0,8-49-44-51-46-5 = 0.25
379,363,735.837,0.0,1.645,0.0,Prune by CG,,4-22-4 = 1.0,8-33-8 = 0.25,8-39-8 = 0.25,5-42-5 = 1.0,7-31-52-29-19-8 = 0.5,7-48-24-30-7 = 1.0,7-21-26-36-7 = 0.5,8-53-27-8 = 1.0,7-52-29-37-7 = 0.5,7-31-21-26-36-7 = 0.5,8-33-39-8 = 0.75,8-12-47-11-8 = 1.0,8-45-20-40-23-8 = 1.0,5-35-38-5 = 1.0,5-56-55-32-5 = 1.0,5-18-54-13-14-5 = 1.0,5-25-9-10-58-5 = 0.75,5-34-51-44-43-4 = 1.0,4-28-15-4 = 1.0,4-17-57-4 = 1.0,8-49-46-19-37-7 = 0.5,5-25-58-49-46-5 = 0.25,4-41-50-16-5 = 1.0,5-9-10-49-46-5 = 0.25
380,363,735.902,0.0,1.711,0.0,Prune by CG,,4-22-4 = 1.0,8-33-8 = 0.452,8-39-8 = 0.452,5-42-5 = 1.0,8-53-8 = 0.065,7-31-52-29-19-7 = 0.452,7-21-52-29-7 = 0.032,7-48-24-30-7 = 1.0,7-31-52-54-5 = 0.065,7-21-49-19-37-7 = 0.484,8-53-27-8 = 0.935,7-52-29-37-7 = 0.452,7-31-21-26-36-7 = 0.484,8-33-23-39-8 = 0.484,8-33-39-8 = 0.065,8-12-44-28-4 = 0.419,8-12-47-11-8 = 0.516,8-40-44-51-43-4 = 0.484,8-12-9-34-13-14-5 = 0.065,8-45-20-11-8 = 0.194,8-51-46-43-4 = 0.129,5-35-56-38-5 = 0.323,5-35-38-5 = 0.677,5-25-58-10-49-8 = 0.452,5-56-55-32-5 = 0.677,5-18-54-13-14-5 = 0.387,5-54-34-13-14-5 = 0.548,5-25-9-10-58-5 = 0.548,5-18-55-32-5 = 0.323,5-34-51-46-47-4 = 0.387,4-28-15-4 = 0.258,4-15-57-4 = 0.323,4-17-57-4 = 0.677,4-17-15-28-4 = 0.323,5-18-9-46-43-4 = 0.29,4-45-20-40-23-8 = 0.516,4-41-50-16-5 = 1.0,7-26-36-7 = 0.516,4-45-20-11-8 = 0.29,8-27-49-29-19-37-7 = 0.065,4-44-46-15-4 = 0.097,8-9-46-47-43-4 = 0.097
224,175,733.831,9.217,0.865,-0.949,381,382,4-22-4 = 0.522,5-42-5 = 1.0,7-31-52-29-19-8 = 0.5,7-48-24-30-7 = 1.0,7-31-52-54-5 = 0.13,7-21-26-36-7 = 0.63,7-52-29-37-7 = 0.37,7-31-21-26-36-7 = 0.37,8-33-23-39-8 = 0.348,8-33-39-8 = 0.652,8-12-44-28-4 = 0.261,8-12-47-11-8 = 0.696,8-40-44-51-43-4 = 0.348,8-10-49-19-37-7 = 0.5,5-18-54-34-13-5 = 0.413,5-35-38-5 = 1.0,5-25-51-43-4 = 0.217,5-54-9-46-4 = 0.022,5-54-9-10-49-4 = 0.152,5-56-55-32-5 = 1.0,5-25-9-46-47-4 = 0.304,5-18-54-58-14-5 = 0.152,5-18-25-9-58-14-5 = 0.435,5-25-9-51-44-4 = 0.043,5-34-13-46-43-4 = 0.304,5-34-58-46-13-14-5 = 0.283,8-49-10-51-44-4 = 0.348,5-58-46-43-14-5 = 0.087,4-15-57-4 = 0.261,4-22-57-4 = 0.478,4-17-57-4 = 0.261,4-17-15-28-4 = 0.739,4-20-51-43-4 = 0.043,5-54-29-37-7 = 0.13,4-45-20-40-23-8 = 0.652,4-41-50-16-5 = 1.0,4-45-20-11-8 = 0.304,4-45-12-9-58-14-5 = 0.043,8-27-53-8 = 1.0
381,224,739.136,0.0,5.304,0.0,Prune by CG,,4-22-4 = 0.611,5-42-5 = 1.0,7-31-52-29-19-8 = 0.5,7-48-24-30-7 = 1.0,7-21-26-36-7 = 0.5,7-52-29-37-7 = 0.5,7-31-21-26-36-7 = 0.5,8-33-23-39-8 = 0.278,8-33-39-8 = 0.722,8-12-47-11-8 = 0.944,8-40-44-51-43-4 = 0.278,8-10-49-19-37-7 = 0.5,5-35-56-38-5 = 0.556,5-35-38-5 = 0.444,5-25-51-43-4 = 0.556,5-54-9-46-4 = 0.333,5-56-55-32-5 = 0.444,5-18-54-9-44-4 = 0.333,5-18-55-32-5 = 0.556,5-18-25-58-14-5 = 0.111,5-34-13-46-43-4 = 0.111,5-34-58-46-13-14-5 = 0.556,8-49-10-51-44-4 = 0.167,4-15-57-4 = 0.222,4-22-57-4 = 0.389,4-17-57-4 = 0.389,4-17-15-28-4 = 0.611,4-45-20-28-4 = 0.222,4-45-20-44-43-4 = 0.056,5-25-9-54-34-5 = 0.333,4-45-20-40-23-8 = 0.722,4-41-50-16-5 = 1.0,4-12-47-11-8 = 0.056,8-27-53-8 = 1.0,8-49-10-58-13-14-5 = 0.333,4-44-28-15-4 = 0.167
382,224,733.86,7.343,0.029,-1.875,383,384,4-22-4 = 0.457,5-42-5 = 1.0,7-31-52-29-19-8 = 0.5,7-48-24-30-7 = 1.0,7-31-52-54-5 = 0.343,7-21-26-36-7 = 0.843,7-52-29-37-7 = 0.157,7-31-21-26-36-7 = 0.157,8-33-23-39-8 = 0.257,8-33-39-8 = 0.729,8-33-40-11-8 = 0.014,8-53-39-8 = 0.014,8-12-44-28-4 = 0.1,8-12-47-11-8 = 0.871,8-40-44-51-43-4 = 0.243,8-10-49-19-37-7 = 0.5,5-18-54-34-13-5 = 0.186,5-35-38-5 = 1.0,5-25-51-43-4 = 0.029,5-56-55-32-5 = 1.0,5-25-9-46-47-4 = 0.129,5-18-54-58-14-5 = 0.129,5-18-25-9-58-14-5 = 0.686,5-25-9-51-44-4 = 0.157,5-51-46-43-4 = 0.057,5-34-13-46-43-4 = 0.657,5-34-58-46-13-14-5 = 0.157,8-49-10-51-44-4 = 0.5,4-15-57-4 = 0.229,4-22-57-4 = 0.543,4-17-57-4 = 0.229,4-17-15-28-4 = 0.771,4-20-51-43-4 = 0.014,4-45-20-28-4 = 0.129,5-54-29-37-7 = 0.343,4-45-20-40-23-8 = 0.743,4-41-50-16-5 = 1.0,4-45-20-11-8 = 0.114,4-45-12-9-58-14-5 = 0.014,8-27-53-8 = 0.986,8-27-12-9-58-14-5 = 0.014
279,47,733.772,7.833,0.316,-0.839,385,386,4-22-4 = 0.417,5-42-5 = 1.0,7-31-52-29-19-8 = 0.5,7-31-52-37-7 = 0.167,7-48-24-30-7 = 1.0,7-21-26-36-7 = 0.667,7-52-29-37-7 = 0.333,7-31-21-26-36-7 = 0.333,8-33-23-39-8 = 0.333,8-33-39-8 = 0.667,8-12-47-11-8 = 1.0,8-40-44-51-43-4 = 0.167,8-40-49-10-51-4 = 0.167,5-18-54-34-13-5 = 0.333,5-35-38-5 = 1.0,5-56-55-32-5 = 1.0,5-18-54-13-14-5 = 0.667,5-25-9-10-58-5 = 0.333,5-25-9-46-14-5 = 0.333,5-25-9-58-46-4 = 0.167,5-34-58-10-46-4 = 0.333,8-49-10-44-43-4 = 0.167,8-49-51-44-43-4 = 0.667,4-15-57-4 = 0.25,4-22-57-4 = 0.5,4-17-57-4 = 0.25,4-17-15-28-4 = 0.75,5-34-58-29-19-37-7 = 0.167,5-25-9-19-37-7 = 0.167,5-34-46-19-37-7 = 0.167,4-45-20-28-4 = 0.25,4-45-20-40-23-8 = 0.667,4-41-50-16-5 = 1.0,4-45-20-22-4 = 0.083,8-27-53-8 = 1.0
385,279,738.271,0.0,4.498,0.0,Prune by CG,,4-22-4 = 0.71,5-42-5 = 0.871,7-31-52-29-19-8 = 0.419,7-31-52-37-7 = 0.226,7-30-24-26-36-7 = 0.113,7-48-24-30-7 = 0.887,7-21-58-19-37-7 = 0.226,7-31-52-54-5 = 0.323,7-21-26-36-7 = 0.774,7-48-26-36-7 = 0.113,8-33-23-39-8 = 0.516,8-33-39-8 = 0.484,8-12-47-11-8 = 0.806,8-40-44-51-43-4 = 0.258,7-31-52-29-14-5 = 0.032,8-40-49-10-51-4 = 0.258,5-18-54-34-13-5 = 0.306,5-32-55-14-5 = 0.129,5-38-50-16-5 = 0.065,5-38-41-57-4 = 0.065,5-35-38-5 = 0.871,5-56-55-32-5 = 0.871,5-18-54-13-14-5 = 0.371,5-18-25-9-51-4 = 0.129,5-25-9-46-47-4 = 0.032,5-25-9-46-47-8 = 0.161,5-18-25-58-29-7 = 0.194,5-25-9-46-14-5 = 0.468,5-34-13-51-46-4 = 0.323,8-49-10-44-43-4 = 0.71,8-49-51-44-43-4 = 0.032,4-15-57-4 = 0.323,4-22-57-4 = 0.29,4-17-57-4 = 0.323,4-17-15-28-4 = 0.677,5-34-58-29-19-37-7 = 0.355,4-45-20-28-4 = 0.323,4-45-20-40-23-8 = 0.484,4-41-50-16-5 = 0.935,4-45-20-11-8 = 0.194,5-35-56-42-5 = 0.129,8-27-53-8 = 1.0,4-12-9-58-37-7 = 0.194,5-34-58-10-46-7 = 0.016,5-25-9-10-58-7 = 0.016
308,61,733.619,4.667,0.032,0.19,387,388,4-22-4 = 1.0,8-33-8 = 0.139,5-38-5 = 0.028,8-39-8 = 0.139,5-42-5 = 1.0,7-31-52-29-19-7 = 0.333,7-31-52-37-7 = 0.333,7-48-24-30-7 = 1.0,7-21-26-36-7 = 1.0,8-53-27-8 = 1.0,7-52-29-37-7 = 0.333,7-31-29-19-11-8 = 0.306,8-33-39-8 = 0.861,8-12-10-19-8 = 0.028,8-12-47-11-8 = 0.694,8-12-9-10-49-8 = 0.222,7-31-29-19-37-7 = 0.028,8-12-9-34-13-14-5 = 0.056,8-10-49-19-37-7 = 0.083,8-45-20-40-23-8 = 0.694,5-35-56-14-5 = 0.028,5-18-54-34-13-5 = 0.944,5-32-55-14-5 = 0.028,5-35-38-5 = 0.972,5-56-55-32-5 = 0.972,5-18-25-54-5 = 0.056,5-25-9-46-14-5 = 0.528,5-58-51-44-43-4 = 1.0,8-49-10-46-47-4 = 0.306,4-15-28-4 = 1.0,4-17-57-4 = 1.0,5-25-49-19-37-7 = 0.222,4-45-20-40-23-8 = 0.306,4-41-50-16-5 = 1.0,8-49-10-46-14-5 = 0.167,5-25-9-10-14-5 = 0.194
167,139,733.763,11.0,1.39,-0.75,389,390,4-22-4 = 1.0,5-42-5 = 0.75,7-31-52-29-19-8 = 0.5,7-48-24-30-7 = 1.0,7-21-26-36-7 = 0.5,7-52-29-37-7 = 0.5,7-31-21-26-36-7 = 0.5,8-33-23-39-8 = 0.75,8-33-39-8 = 0.25,8-12-47-43-4 = 0.25,8-12-47-11-8 = 0.5,8-40-49-46-43-4 = 0.75,5-35-56-14-5 = 0.25,5-18-54-34-13-5 = 0.75,5-32-55-14-5 = 0.5,5-38-50-16-5 = 0.25,5-38-41-57-4 = 0.25,5-35-38-5 = 0.5,5-56-55-32-5 = 0.5,5-18-54-13-14-5 = 0.25,5-25-9-10-58-5 = 0.75,5-25-9-51-44-4 = 0.25,5-34-58-46-15-4 = 0.25,8-49-10-51-44-4 = 0.25,4-15-57-4 = 0.25,4-17-57-4 = 0.5,4-17-15-28-4 = 0.5,4-45-20-28-4 = 0.5,4-45-20-40-23-8 = 0.25,4-41-50-16-5 = 0.75,4-12-47-11-8 = 0.25,4-45-20-11-8 = 0.25,5-35-56-42-5 = 0.25,8-27-53-8 = 1.0,4-44-51-19-37-7 = 0.5
389,167,734.706,0.0,0.943,0.0,Prune by CG,,4-22-4 = 0.5,5-42-5 = 1.0,7-31-52-29-19-8 = 0.5,7-48-24-30-7 = 1.0,7-21-26-36-7 = 0.5,7-52-29-37-7 = 0.5,7-31-21-26-36-7 = 0.5,8-33-23-39-8 = 0.5,8-33-39-8 = 0.5,8-12-47-43-4 = 0.5,8-12-47-11-8 = 0.5,8-40-49-46-43-4 = 0.5,5-35-56-14-5 = 0.5,5-18-54-34-13-5 = 1.0,5-32-55-14-5 = 0.5,5-38-50-16-5 = 0.25,5-38-41-57-4 = 0.25,5-35-38-5 = 0.5,5-56-55-32-5 = 0.5,5-25-9-10-58-5 = 0.5,5-25-9-58-46-4 = 0.5,8-49-10-51-44-4 = 0.5,4-28-15-4 = 0.25,4-22-57-4 = 0.5,4-17-57-4 = 0.25,4-17-15-28-4 = 0.75,4-45-20-40-23-8 = 0.5,4-41-50-16-5 = 0.75,4-45-20-11-8 = 0.5,8-27-53-8 = 1.0,4-44-51-19-37-7 = 0.5
390,167,733.978,7.528,0.215,-3.472,391,392,4-22-4 = 0.736,5-42-5 = 0.944,7-31-52-29-19-8 = 0.5,7-31-52-37-7 = 0.111,7-30-24-26-36-7 = 0.056,7-48-21-26-7 = 0.056,7-48-24-30-7 = 0.944,7-21-26-36-7 = 0.611,7-52-29-37-7 = 0.389,7-31-21-26-36-7 = 0.278,8-33-23-39-8 = 1.0,8-12-47-11-8 = 0.5,7-31-29-19-37-7 = 0.111,8-40-49-46-43-4 = 1.0,5-35-56-21-7 = 0.056,5-35-56-36-7 = 0.056,5-35-56-14-5 = 0.111,5-18-54-34-13-5 = 0.389,5-32-55-14-5 = 0.278,5-38-50-16-5 = 0.139,5-38-41-57-4 = 0.139,5-35-38-5 = 0.722,5-56-55-32-5 = 0.722,5-18-54-13-14-5 = 0.611,5-25-9-10-58-5 = 1.0,5-34-51-44-15-4 = 0.611,4-15-57-4 = 0.125,4-17-57-4 = 0.736,4-17-15-28-4 = 0.264,4-45-20-28-4 = 0.736,4-41-50-16-5 = 0.861,4-12-47-11-8 = 0.5,4-45-20-22-4 = 0.264,5-35-56-42-5 = 0.056,8-27-53-8 = 1.0,4-44-51-19-37-7 = 0.389
391,390,735.05,0.0,1.071,0.0,Prune by CG,,4-22-4 = 1.0,5-42-5 = 1.0,7-31-52-29-19-8 = 0.711,7-48-37-7 = 0.421,7-30-24-26-36-7 = 0.421,7-48-24-30-7 = 0.579,7-21-26-36-7 = 0.289,7-52-29-37-7 = 0.289,7-31-21-26-36-7 = 0.289,8-33-23-39-8 = 1.0,8-12-47-11-8 = 0.711,8-40-49-46-43-4 = 0.947,8-40-49-10-43-4 = 0.053,5-35-56-21-7 = 0.421,5-35-56-38-5 = 0.579,5-18-54-34-13-5 = 0.947,5-32-55-14-5 = 1.0,5-38-50-16-5 = 0.211,5-38-41-57-4 = 0.211,5-18-54-58-13-5 = 0.053,5-25-9-10-58-5 = 0.895,5-25-9-51-44-4 = 0.105,5-34-58-10-46-4 = 0.053,4-15-57-4 = 0.395,4-17-57-4 = 0.395,4-17-15-28-4 = 0.605,4-45-20-28-4 = 0.395,4-45-20-44-51-4 = 0.605,4-41-50-16-5 = 0.789,4-12-47-11-8 = 0.289,8-27-53-8 = 1.0,4-44-51-19-37-7 = 0.289
392,390,734.976,0.0,0.997,0.0,Prune by CG,,4-22-4 = 0.701,5-42-5 = 1.0,7-31-52-29-19-8 = 0.5,7-31-52-37-7 = 0.152,7-30-24-26-36-7 = 0.152,7-48-21-26-7 = 0.152,7-48-24-30-7 = 0.848,7-21-26-36-7 = 0.5,7-52-29-37-7 = 0.348,7-31-21-26-36-7 = 0.196,8-33-23-39-8 = 1.0,8-12-47-11-8 = 0.5,7-31-29-19-37-7 = 0.152,8-40-49-46-43-4 = 0.957,8-40-49-10-43-4 = 0.043,5-18-54-34-13-5 = 0.087,5-38-50-16-5 = 0.076,5-38-41-57-4 = 0.076,5-35-38-5 = 0.848,5-56-55-32-5 = 1.0,5-18-54-13-14-5 = 0.783,5-54-34-13-14-5 = 0.043,5-25-9-10-58-5 = 0.913,5-18-54-34-14-5 = 0.087,5-18-34-58-51-44-4 = 0.043,5-34-51-44-15-4 = 0.609,5-34-58-10-46-4 = 0.043,4-15-57-4 = 0.136,4-22-57-4 = 0.043,4-17-57-4 = 0.745,4-17-15-28-4 = 0.255,4-45-20-28-4 = 0.745,4-41-50-16-5 = 0.924,4-12-47-11-8 = 0.5,4-45-20-22-4 = 0.255,8-27-53-8 = 1.0,4-44-51-19-37-7 = 0.348,5-25-9-34-13-14-5 = 0.087,5-35-21-36-7 = 0.152
368,365,733.701,8.708,0.07,-0.292,393,394,4-22-4 = 0.562,5-42-5 = 1.0,7-36-26-7 = 0.167,7-31-52-29-19-8 = 0.333,7-30-24-26-36-7 = 0.083,7-48-24-30-7 = 0.917,7-21-26-36-7 = 0.333,7-21-49-19-37-7 = 0.333,7-48-26-36-7 = 0.083,8-53-27-8 = 1.0,7-52-29-37-7 = 0.333,7-31-21-26-36-7 = 0.333,8-33-23-39-8 = 1.0,8-12-47-11-8 = 0.333,8-40-44-51-43-4 = 1.0,5-35-56-14-5 = 0.083,5-18-54-34-13-5 = 0.583,5-32-55-14-5 = 0.083,5-38-50-16-5 = 0.042,5-38-41-57-4 = 0.042,5-35-38-5 = 0.917,5-56-55-32-5 = 0.917,5-18-54-13-14-5 = 0.417,5-25-9-10-58-5 = 0.417,5-25-9-46-14-5 = 0.417,5-25-9-58-46-4 = 0.167,5-34-58-46-15-4 = 0.167,5-34-58-10-46-4 = 0.25,4-15-57-4 = 0.396,4-17-57-4 = 0.562,4-17-15-28-4 = 0.438,4-45-20-28-4 = 0.562,4-41-50-16-5 = 0.958,4-12-47-11-8 = 0.667,5-10-49-19-37-7 = 0.333,4-45-20-22-4 = 0.438,7-31-52-49-29-7 = 0.333
394,368,734.719,0.0,1.018,0.0,Prune by CG,,4-22-4 = 0.531,5-42-5 = 1.0,7-36-26-7 = 0.312,7-31-52-29-19-8 = 0.312,7-21-52-29-7 = 0.062,7-30-24-26-36-7 = 0.062,7-48-24-30-7 = 0.938,7-21-26-36-7 = 0.188,7-21-49-19-37-7 = 0.375,7-48-26-36-7 = 0.062,8-53-27-40-23-8 = 0.062,7-52-29-37-7 = 0.312,7-31-21-26-36-7 = 0.375,8-33-23-39-8 = 0.938,8-33-39-8 = 0.062,8-12-47-11-8 = 1.0,8-40-44-51-43-4 = 0.938,5-35-56-14-5 = 0.125,5-18-54-34-13-5 = 0.625,5-32-55-14-5 = 0.125,5-38-50-16-5 = 0.062,5-38-41-57-4 = 0.062,5-35-38-5 = 0.875,5-56-55-32-5 = 0.875,5-18-54-13-14-5 = 0.375,5-25-9-10-58-5 = 0.375,5-25-9-46-14-5 = 0.375,5-25-9-58-46-8 = 0.25,5-34-58-10-46-8 = 0.375,4-15-57-4 = 0.469,4-17-57-4 = 0.469,4-17-15-28-4 = 0.531,4-45-20-28-4 = 0.469,4-45-44-51-43-4 = 0.062,4-41-50-16-5 = 0.938,4-20-49-19-37-7 = 0.062,5-10-49-19-37-7 = 0.25,4-45-20-22-4 = 0.469,8-27-53-8 = 0.938,7-31-52-49-29-7 = 0.312
393,368,734.304,3.0,0.602,-5.708,395,396,4-22-4 = 0.5,5-42-5 = 1.0,7-48-24-30-7 = 1.0,7-21-26-36-7 = 1.0,8-33-23-39-8 = 1.0,8-40-44-51-43-4 = 1.0,7-31-52-29-14-5 = 1.0,5-18-54-34-13-5 = 1.0,5-35-38-5 = 1.0,5-56-55-32-5 = 1.0,5-25-9-58-46-4 = 1.0,4-15-57-4 = 0.5,4-17-57-4 = 0.5,4-17-15-28-4 = 0.5,4-45-20-28-4 = 0.5,4-41-50-16-5 = 1.0,4-12-47-11-8 = 1.0,5-10-49-19-37-7 = 1.0,4-45-20-22-4 = 0.5,8-27-53-8 = 1.0
395,393,736.695,0.0,2.392,0.0,Prune by CG,,4-22-4 = 1.0,5-42-5 = 0.705,7-31-52-29-19-8 = 0.187,7-21-52-29-7 = 0.407,7-30-24-26-36-7 = 0.23,7-48-24-30-7 = 0.77,7-31-52-54-5 = 0.052,7-10-49-19-37-7 = 0.489,7-48-26-36-7 = 0.23,7-52-29-37-7 = 0.134,7-31-21-26-36-7 = 0.541,8-33-23-39-8 = 1.0,8-12-47-11-8 = 0.298,8-10-51-43-4 = 0.059,8-40-44-51-43-4 = 0.915,7-31-52-29-14-5 = 0.085,5-18-54-34-13-5 = 0.495,5-32-55-14-5 = 0.095,5-35-38-5 = 0.852,5-56-55-32-5 = 0.852,5-18-54-13-14-5 = 0.452,5-25-9-46-47-8 = 0.085,5-18-55-32-5 = 0.052,5-25-9-46-14-5 = 0.367,5-25-9-58-46-4 = 0.069,5-25-9-58-15-4 = 0.479,5-34-13-46-43-4 = 0.026,5-34-13-51-15-4 = 0.026,5-34-58-10-46-4 = 0.452,4-17-57-4 = 1.0,4-12-44-15-4 = 0.085,4-45-20-28-4 = 0.59,4-20-40-11-8 = 0.085,4-41-50-16-5 = 1.0,4-12-47-11-8 = 0.616,4-20-49-19-37-7 = 0.325,5-42-38-5 = 0.148,4-45-28-15-4 = 0.41,5-35-56-42-5 = 0.148,8-27-53-8 = 1.0,7-31-52-49-29-7 = 0.134,7-21-49-29-37-7 = 0.052
396,393,735.272,0.0,0.968,0.0,Prune by CG,,5-42-5 = 1.0,7-48-24-30-7 = 1.0,7-21-26-36-7 = 1.0,8-33-23-39-8 = 1.0,8-40-44-51-43-4 = 1.0,7-31-52-29-14-5 = 1.0,5-18-54-34-13-5 = 1.0,5-35-38-5 = 1.0,5-56-55-32-5 = 1.0,5-25-9-58-46-4 = 1.0,4-28-15-4 = 1.0,4-17-57-4 = 1.0,4-41-50-16-5 = 1.0,4-12-47-11-8 = 1.0,5-10-49-19-37-7 = 1.0,4-45-20-22-4 = 1.0,8-27-53-8 = 1.0
119,94,733.899,7.277,1.737,-1.403,397,398,4-22-4 = 1.0,8-33-8 = 0.234,8-39-8 = 0.287,5-42-5 = 1.0,7-36-26-7 = 0.457,7-31-52-29-19-7 = 0.202,7-31-52-29-19-8 = 0.213,7-21-52-29-7 = 0.128,7-48-24-30-7 = 1.0,7-21-58-46-47-4 = 0.053,7-21-58-51-44-4 = 0.277,8-53-27-8 = 1.0,7-52-29-37-7 = 0.415,7-31-21-26-36-7 = 0.543,8-33-23-39-8 = 0.106,8-33-39-8 = 0.606,8-33-40-11-8 = 0.053,8-12-44-28-4 = 0.053,8-12-47-11-8 = 0.947,8-40-44-51-43-4 = 0.053,8-10-49-19-37-7 = 0.585,7-31-52-29-14-5 = 0.043,5-18-54-34-13-5 = 0.33,5-35-38-5 = 1.0,5-25-51-43-4 = 0.17,5-54-9-58-51-4 = 0.17,5-56-55-32-5 = 1.0,5-18-54-13-14-5 = 0.5,5-25-9-46-14-5 = 0.043,5-25-9-44-43-4 = 0.617,5-34-58-46-15-4 = 0.33,5-34-58-51-28-4 = 0.17,4-28-15-4 = 0.67,4-17-57-4 = 1.0,4-45-20-28-4 = 0.106,4-51-46-43-4 = 0.16,4-45-20-40-23-8 = 0.894,4-41-50-16-5 = 1.0,8-49-10-46-14-5 = 0.415,5-18-25-9-34-13-5 = 0.17
397,119,735.17,0.0,1.271,0.0,Prune by CG,,4-22-4 = 1.0,8-33-8 = 0.25,8-39-8 = 0.469,5-42-5 = 1.0,7-31-52-29-19-8 = 0.438,7-21-52-29-7 = 0.125,7-48-24-30-7 = 1.0,7-21-58-51-44-4 = 0.125,7-21-26-36-7 = 0.188,7-52-29-37-7 = 0.438,8-12-46-13-5 = 0.188,7-31-21-26-36-7 = 0.562,8-33-23-39-8 = 0.219,8-33-39-8 = 0.312,8-33-40-11-8 = 0.219,8-12-44-43-4 = 0.031,8-12-47-11-8 = 0.781,8-10-49-19-37-7 = 0.562,5-18-54-34-13-5 = 0.438,5-35-38-5 = 1.0,5-54-9-58-51-4 = 0.094,5-56-55-32-5 = 1.0,5-18-54-13-14-5 = 0.375,5-18-25-54-5 = 0.062,5-18-25-9-43-4 = 0.125,5-25-9-46-14-5 = 0.156,5-25-9-44-43-4 = 0.625,5-34-58-51-28-4 = 0.281,5-34-58-51-15-4 = 0.281,5-58-51-46-47-4 = 0.219,4-28-15-4 = 0.719,4-17-57-4 = 1.0,4-45-20-44-43-4 = 0.219,5-25-54-14-5 = 0.031,4-45-20-40-23-8 = 0.781,4-41-50-16-5 = 1.0,7-26-36-7 = 0.25,8-49-10-46-14-5 = 0.438,8-27-53-8 = 1.0
398,119,734.87,0.0,0.97,0.0,Prune by CG,,4-22-4 = 1.0,8-33-8 = 0.292,8-39-8 = 0.523,5-42-5 = 1.0,7-31-52-29-19-8 = 0.369,7-21-52-29-7 = 0.231,7-48-24-30-7 = 1.0,7-21-58-46-47-4 = 0.2,7-31-9-58-46-47-4 = 0.031,7-52-29-37-7 = 0.369,7-31-21-26-36-7 = 0.569,8-33-23-39-8 = 0.415,8-33-39-8 = 0.062,8-33-40-11-8 = 0.231,8-12-47-11-8 = 0.769,8-12-9-10-49-8 = 0.231,8-40-44-51-43-4 = 0.185,8-10-49-19-37-7 = 0.631,7-31-52-29-14-5 = 0.031,5-18-54-34-13-5 = 0.323,5-35-38-5 = 1.0,5-54-58-28-4 = 0.131,5-25-51-43-4 = 0.262,5-56-55-32-5 = 1.0,5-18-54-58-44-4 = 0.092,5-18-54-13-14-5 = 0.454,5-25-9-51-44-4 = 0.169,5-25-9-46-14-5 = 0.085,5-25-9-44-43-4 = 0.262,5-34-58-46-15-4 = 0.546,4-28-15-4 = 0.454,4-17-57-4 = 1.0,4-45-20-28-4 = 0.415,4-45-20-40-23-8 = 0.585,4-41-50-16-5 = 1.0,7-26-36-7 = 0.431,8-49-10-46-14-5 = 0.138,8-27-53-8 = 1.0,5-25-9-51-13-5 = 0.092,5-18-25-9-34-13-5 = 0.131,4-44-51-43-14-5 = 0.292
261,259,733.784,7.439,0.897,-0.761,399,400,4-22-4 = 0.649,5-42-5 = 1.0,7-48-24-30-7 = 1.0,7-21-26-36-7 = 0.009,7-52-29-37-7 = 0.991,7-31-21-26-36-7 = 0.991,8-33-23-39-8 = 0.5,8-33-39-8 = 0.5,8-12-44-28-4 = 0.325,8-12-47-11-8 = 0.675,8-10-46-13-5 = 0.07,8-10-51-43-4 = 0.175,8-40-44-51-43-4 = 0.5,8-45-20-11-8 = 0.246,7-31-52-29-14-5 = 0.009,8-45-20-40-23-8 = 0.5,5-18-54-34-13-5 = 0.316,5-35-38-5 = 1.0,5-56-55-32-5 = 1.0,5-18-54-13-14-5 = 0.614,5-18-25-54-5 = 0.061,5-25-9-46-47-4 = 0.254,5-18-58-49-19-37-7 = 0.009,5-25-9-46-14-5 = 0.368,5-34-58-10-49-19-8 = 0.684,4-15-57-4 = 0.325,4-22-57-4 = 0.351,4-17-57-4 = 0.325,4-17-15-28-4 = 0.675,4-51-46-43-4 = 0.237,5-25-9-58-49-19-8 = 0.307,5-25-54-14-5 = 0.009,4-41-50-16-5 = 1.0,4-45-20-11-8 = 0.079,4-9-10-46-47-4 = 0.07,8-27-53-8 = 1.0,4-45-20-44-43-5 = 0.088,4-45-20-44-51-5 = 0.088
399,261,738.003,0.0,4.218,0.0,Prune by CG,,4-22-4 = 1.0,5-42-5 = 0.852,7-48-24-30-7 = 1.0,8-40-28-15-4 = 0.63,7-52-29-37-7 = 1.0,7-31-21-26-36-7 = 1.0,8-33-23-39-8 = 1.0,8-12-44-15-4 = 0.148,8-12-44-28-4 = 0.222,8-12-47-11-8 = 0.63,8-40-44-51-43-4 = 0.111,8-45-20-44-51-5 = 0.148,5-18-54-34-13-5 = 0.148,5-32-55-14-5 = 0.148,5-38-50-16-5 = 0.074,5-38-41-57-4 = 0.074,5-35-38-5 = 0.852,5-25-51-43-4 = 0.481,5-56-55-32-5 = 0.852,5-18-54-13-14-5 = 0.852,5-25-9-46-47-4 = 0.37,5-34-58-10-49-19-8 = 0.741,4-15-57-4 = 0.074,4-17-57-4 = 0.852,4-17-15-28-4 = 0.148,5-34-58-49-19-11-8 = 0.111,4-51-46-43-4 = 0.148,5-25-9-58-49-19-8 = 0.148,4-20-40-11-8 = 0.259,4-41-50-16-5 = 0.926,5-35-56-42-5 = 0.148,8-27-53-8 = 1.0,4-45-20-44-43-5 = 0.259,4-45-20-44-51-5 = 0.111,4-45-20-9-46-5 = 0.222,4-45-9-10-46-5 = 0.259
372,369,733.63,8.636,0.047,0.303,401,402,4-22-4 = 1.0,8-33-8 = 0.455,8-39-8 = 0.53,5-42-5 = 1.0,7-31-52-29-19-8 = 0.5,7-48-24-30-7 = 1.0,7-21-26-36-7 = 0.5,8-53-27-8 = 1.0,7-52-29-37-7 = 0.5,7-31-21-26-36-7 = 0.5,8-33-23-39-8 = 0.47,8-33-40-11-8 = 0.076,8-12-47-11-8 = 0.924,8-12-9-10-49-8 = 0.076,8-10-49-19-37-7 = 0.5,8-45-20-40-23-8 = 0.106,8-40-49-46-43-4 = 0.394,5-18-54-34-13-5 = 0.424,5-35-38-5 = 1.0,5-25-51-43-4 = 0.258,5-56-55-32-5 = 1.0,5-18-54-13-14-5 = 0.152,5-54-34-13-14-5 = 0.091,5-25-9-46-47-4 = 0.076,5-18-54-58-14-5 = 0.333,5-25-9-51-44-4 = 0.667,5-34-58-10-46-5 = 0.242,5-34-58-46-13-14-5 = 0.242,8-49-51-44-15-4 = 0.03,4-15-28-4 = 0.697,4-15-57-4 = 0.136,4-17-57-4 = 0.864,4-17-15-28-4 = 0.136,4-45-20-28-4 = 0.167,4-45-20-44-43-4 = 0.303,4-51-46-43-4 = 0.045,4-45-20-40-23-8 = 0.424,4-41-50-16-5 = 1.0,5-18-9-10-58-14-5 = 0.091,5-9-10-58-13-14-5 = 0.091
214,125,733.534,10.091,0.541,1.035,403,404,4-22-4 = 1.0,8-33-8 = 0.318,5-38-5 = 0.318,8-39-8 = 0.318,5-42-5 = 1.0,7-31-52-29-19-8 = 0.5,7-48-24-30-7 = 1.0,7-21-26-36-7 = 0.5,8-53-27-8 = 1.0,7-52-29-37-7 = 0.5,7-31-21-26-36-7 = 0.5,8-33-23-39-8 = 0.545,8-33-39-8 = 0.136,8-12-47-11-8 = 0.682,8-12-9-10-49-8 = 0.318,8-40-44-51-43-4 = 0.545,8-10-49-19-37-7 = 0.5,8-45-20-40-23-8 = 0.455,5-35-56-14-5 = 0.5,5-18-54-34-13-5 = 1.0,5-32-55-14-5 = 0.5,5-38-50-16-5 = 0.091,5-38-41-57-4 = 0.091,5-35-38-5 = 0.5,5-25-58-51-47-4 = 0.227,5-56-55-32-5 = 0.5,5-25-9-58-46-4 = 0.682,8-49-10-46-47-8 = 0.091,4-28-15-4 = 0.682,4-17-57-4 = 0.909,4-17-15-28-4 = 0.091,4-51-46-43-4 = 0.227,4-41-50-16-5 = 0.909,4-25-58-10-49-8 = 0.091,4-45-20-11-8 = 0.318,4-45-20-44-43-5 = 0.091,4-44-28-15-4 = 0.227,4-45-20-44-43-8 = 0.136
403,214,740.622,0.0,7.088,0.0,Prune by CG,,4-22-4 = 1.0,8-39-8 = 0.688,5-42-5 = 1.0,7-31-52-29-19-8 = 0.5,7-48-24-30-7 = 1.0,7-21-26-36-7 = 0.5,8-53-27-8 = 1.0,7-52-29-37-7 = 0.5,7-31-21-26-36-7 = 0.5,8-33-23-11-8 = 0.062,8-33-23-39-8 = 0.125,8-33-40-11-8 = 0.188,8-40-23-39-8 = 0.188,8-12-47-11-8 = 0.75,8-12-9-10-49-8 = 0.25,8-10-49-19-37-7 = 0.5,5-41-50-16-5 = 0.312,5-35-56-14-5 = 0.312,5-18-54-34-13-5 = 0.625,5-32-55-14-5 = 0.312,5-38-50-16-5 = 0.156,5-38-41-57-4 = 0.156,5-35-38-5 = 0.688,5-25-58-46-4 = 0.25,5-56-55-32-5 = 0.688,5-18-54-14-5 = 0.375,5-25-9-58-46-4 = 0.125,5-25-9-58-51-4 = 0.625,5-34-13-51-46-4 = 0.375,8-49-10-46-47-8 = 0.25,4-28-15-4 = 0.844,4-17-57-4 = 0.844,4-17-15-28-4 = 0.156,4-41-50-16-5 = 0.531,4-45-20-44-43-5 = 1.0,8-33-40-23-8 = 0.625
404,214,733.858,8.714,0.324,-1.377,405,406,4-22-4 = 1.0,8-33-8 = 0.119,5-38-5 = 0.452,8-39-8 = 0.119,5-42-5 = 1.0,7-31-52-29-19-8 = 0.381,7-48-24-30-7 = 1.0,7-21-26-36-7 = 0.381,8-53-27-8 = 1.0,7-52-29-37-7 = 0.619,7-31-21-26-36-7 = 0.619,8-33-23-39-8 = 0.524,8-33-39-8 = 0.357,8-12-47-11-8 = 0.714,8-12-9-10-49-8 = 0.286,8-40-44-51-43-4 = 0.524,8-10-49-19-37-7 = 0.381,8-45-20-11-8 = 0.048,8-45-20-40-23-8 = 0.476,5-35-56-14-5 = 0.5,5-18-54-34-13-5 = 1.0,5-32-55-14-5 = 0.5,5-38-50-16-5 = 0.024,5-38-41-57-4 = 0.024,5-35-38-5 = 0.5,5-25-58-51-47-4 = 0.238,5-56-55-32-5 = 0.5,5-25-9-58-46-4 = 0.714,8-49-10-46-47-8 = 0.048,4-15-28-4 = 0.976,4-17-57-4 = 0.976,4-17-15-28-4 = 0.024,4-20-44-43-4 = 0.238,4-51-46-43-4 = 0.238,4-41-50-16-5 = 0.976,4-25-58-10-49-8 = 0.048,4-45-20-11-8 = 0.238,4-45-44-10-49-19-8 = 0.238
406,404,735.495,0.0,1.637,0.0,Prune by CG,,4-22-4 = 1.0,8-33-8 = 0.548,8-39-8 = 0.548,5-42-5 = 1.0,7-36-26-7 = 0.032,7-31-52-29-19-8 = 0.33,7-21-52-29-7 = 0.032,7-48-24-30-7 = 1.0,7-21-26-36-7 = 0.298,8-53-27-8 = 1.0,7-52-29-37-7 = 0.638,7-31-21-26-36-7 = 0.67,8-33-23-39-8 = 0.34,8-33-39-8 = 0.112,8-12-47-11-8 = 0.968,8-40-44-51-43-4 = 0.34,8-45-20-11-8 = 0.032,8-51-46-43-4 = 0.16,8-45-20-40-23-8 = 0.66,5-35-56-14-5 = 0.5,5-18-54-34-13-5 = 1.0,5-32-55-14-5 = 0.5,5-38-50-16-5 = 0.25,5-38-41-57-4 = 0.25,5-35-38-5 = 0.5,5-56-55-32-5 = 0.5,5-25-9-58-46-4 = 0.734,8-49-51-44-43-4 = 0.234,4-15-28-4 = 0.691,4-17-57-4 = 0.75,4-17-15-28-4 = 0.25,4-20-51-43-4 = 0.191,4-20-44-28-4 = 0.059,4-20-44-15-4 = 0.059,4-51-46-43-4 = 0.074,4-41-50-16-5 = 0.75,4-12-9-10-49-8 = 0.032,4-25-58-10-49-8 = 0.032,4-10-49-19-37-7 = 0.362,4-45-44-10-49-19-8 = 0.309,4-25-9-10-58-5 = 0.234,7-49-10-46-47-8 = 0.032
298,158,733.573,11.25,0.324,0.705,407,408,4-22-4 = 0.75,5-42-5 = 0.75,7-31-52-29-19-8 = 0.5,7-48-24-30-7 = 1.0,7-21-26-36-7 = 0.5,7-52-29-37-7 = 0.5,7-31-21-26-36-7 = 0.5,8-33-23-39-8 = 0.5,8-33-39-8 = 0.5,8-12-44-28-4 = 0.375,8-12-47-11-8 = 0.5,8-40-44-51-43-4 = 0.5,5-18-54-34-13-5 = 0.5,5-32-55-14-5 = 0.125,5-35-38-5 = 0.875,5-25-51-43-4 = 0.375,5-25-58-10-49-8 = 0.375,5-56-55-32-5 = 0.875,5-54-34-13-14-5 = 0.5,5-18-58-49-19-37-7 = 0.5,5-58-51-44-43-4 = 0.125,8-12-9-49-46-4 = 0.125,4-15-57-4 = 0.375,4-22-57-4 = 0.25,4-17-57-4 = 0.375,4-17-15-28-4 = 0.625,8-9-10-46-47-4 = 0.5,4-45-20-40-23-8 = 0.5,4-41-50-16-5 = 1.0,4-45-20-11-8 = 0.5,5-42-38-5 = 0.125,5-35-56-42-5 = 0.125,8-27-53-8 = 1.0,8-25-9-46-14-5 = 0.25,8-9-10-46-14-5 = 0.125
407,298,735.646,0.0,2.073,0.0,Prune by CG,,4-22-4 = 0.455,5-42-5 = 1.0,7-31-52-29-19-8 = 0.545,7-48-24-30-7 = 1.0,7-21-26-36-7 = 0.545,8-53-27-8 = 1.0,7-52-29-37-7 = 0.455,7-31-21-26-36-7 = 0.455,8-33-23-39-8 = 0.273,8-33-39-8 = 0.727,8-12-44-28-4 = 0.273,8-12-47-11-8 = 0.727,8-40-44-51-43-4 = 0.273,8-45-20-11-8 = 0.182,5-41-50-16-5 = 0.455,5-18-54-34-13-5 = 0.909,5-35-38-5 = 1.0,5-54-58-49-37-7 = 0.091,5-25-58-10-49-8 = 0.273,5-25-58-51-47-4 = 0.182,5-56-55-32-5 = 1.0,5-18-25-58-49-47-4 = 0.091,5-34-13-51-43-4 = 0.091,5-58-51-44-43-4 = 0.364,8-49-51-44-15-4 = 0.091,4-15-57-4 = 0.182,4-22-57-4 = 0.545,4-17-57-4 = 0.273,4-17-15-28-4 = 0.727,5-25-49-19-37-7 = 0.455,4-45-20-40-23-8 = 0.727,4-41-50-16-5 = 0.545,4-45-20-11-8 = 0.091,8-9-10-46-14-5 = 0.727,8-9-46-43-14-5 = 0.273
304,284,733.781,9.692,0.397,-0.558,409,410,4-22-4 = 1.0,8-33-8 = 0.115,5-38-5 = 0.269,8-39-8 = 0.423,5-42-5 = 1.0,7-36-26-7 = 0.154,7-31-52-29-19-7 = 0.154,7-31-52-29-19-8 = 0.231,7-48-24-30-7 = 1.0,7-21-52-49-47-4 = 0.154,7-21-26-36-7 = 0.385,7-52-29-37-7 = 0.462,7-31-21-26-36-7 = 0.462,8-33-23-39-8 = 0.308,8-33-39-8 = 0.269,8-33-40-11-8 = 0.308,8-12-44-28-4 = 0.308,8-12-47-11-8 = 0.692,7-31-29-19-37-7 = 0.154,8-45-20-40-23-8 = 0.692,5-35-56-14-5 = 0.423,5-18-54-34-13-5 = 0.846,5-32-55-14-5 = 0.423,5-38-50-16-5 = 0.077,5-38-41-57-4 = 0.077,5-35-38-5 = 0.577,5-25-58-10-49-8 = 0.692,5-56-55-32-5 = 0.577,5-54-34-13-14-5 = 0.154,5-25-9-10-58-5 = 0.231,5-18-25-58-49-47-4 = 0.077,4-28-15-4 = 0.615,4-17-57-4 = 0.923,4-17-15-28-4 = 0.077,4-45-20-44-43-4 = 0.308,4-51-46-43-4 = 0.615,8-9-46-19-37-7 = 0.385,5-18-9-10-49-19-8 = 0.077,4-41-50-16-5 = 0.923,8-27-53-8 = 1.0,8-9-51-44-15-4 = 0.308,4-44-51-47-43-4 = 0.077
410,304,736.382,0.0,2.602,0.0,Prune by CG,,4-22-4 = 1.0,8-33-8 = 0.339,5-38-5 = 0.355,8-39-8 = 0.339,5-42-5 = 1.0,7-36-26-7 = 0.129,7-31-52-37-7 = 0.129,7-48-24-30-7 = 1.0,7-21-26-36-7 = 0.129,8-53-27-8 = 1.0,8-40-28-15-4 = 0.645,7-52-29-37-7 = 0.871,8-12-46-47-4 = 0.097,7-31-29-19-11-8 = 0.129,7-31-21-26-36-7 = 0.742,8-33-23-39-8 = 0.645,8-33-39-8 = 0.016,8-12-44-15-4 = 0.016,8-12-44-28-4 = 0.016,8-12-47-11-8 = 0.871,8-45-20-44-51-4 = 0.226,8-45-20-40-23-8 = 0.355,8-45-44-51-46-4 = 0.032,5-35-56-21-7 = 0.129,5-35-56-14-5 = 0.226,5-18-54-34-13-5 = 0.581,5-32-55-14-5 = 0.355,5-35-38-5 = 0.645,5-25-58-10-49-8 = 0.032,5-56-55-32-5 = 0.645,5-54-34-13-14-5 = 0.419,5-25-9-10-58-5 = 0.548,5-25-58-49-46-4 = 0.097,4-28-15-4 = 0.339,4-17-57-4 = 1.0,4-45-20-44-43-4 = 0.258,4-51-46-43-4 = 0.742,5-25-58-44-49-19-8 = 0.323,5-18-9-10-49-19-8 = 0.419,4-41-50-16-5 = 1.0,4-20-9-46-47-4 = 0.032,4-45-20-44-49-19-8 = 0.129
355,351,733.71,5.333,0.093,-0.03,411,412,4-22-4 = 1.0,8-33-8 = 0.069,8-39-8 = 0.181,5-42-5 = 1.0,7-31-52-29-19-8 = 0.111,7-21-52-29-5 = 0.486,7-48-24-30-7 = 1.0,7-31-52-54-5 = 0.056,7-31-21-26-36-7 = 0.486,8-33-23-39-8 = 0.111,8-33-39-8 = 0.708,8-33-40-11-8 = 0.111,8-12-10-13-5 = 0.069,8-12-51-13-5 = 0.014,8-12-47-11-8 = 0.806,8-12-9-46-4 = 0.069,8-10-49-19-37-7 = 0.889,7-31-52-29-14-5 = 0.347,5-18-54-34-13-5 = 0.264,5-35-38-5 = 1.0,5-56-55-32-5 = 1.0,5-18-54-13-14-5 = 0.653,5-18-25-54-5 = 0.028,5-25-9-46-47-4 = 0.194,5-25-9-51-44-4 = 0.722,5-34-58-46-43-4 = 0.736,5-58-51-44-43-4 = 0.264,4-28-15-4 = 0.944,4-15-57-4 = 0.028,4-17-57-4 = 0.972,4-17-15-28-4 = 0.028,4-45-20-28-4 = 0.028,4-45-20-40-23-8 = 0.889,4-41-50-16-5 = 1.0,7-26-36-7 = 0.514,4-45-20-11-8 = 0.083,8-27-53-8 = 1.0,4-44-10-49-37-7 = 0.014,8-12-9-49-37-7 = 0.014,8-12-10-29-7 = 0.028,7-21-49-29-37-7 = 0.028,5-18-25-49-37-7 = 0.056
411,355,743.23,0.0,9.52,0.0,Prune by CG,,4-22-4 = 1.0,8-39-8 = 0.5,5-42-5 = 1.0,7-37-19-11-8 = 0.125,7-31-52-29-19-8 = 0.75,7-48-24-30-7 = 1.0,7-21-26-36-7 = 1.0,8-53-27-8 = 1.0,8-33-23-39-8 = 0.5,8-33-40-11-8 = 0.5,7-31-52-29-14-5 = 0.25,5-18-54-34-13-5 = 0.5,5-35-38-5 = 1.0,5-56-55-32-5 = 1.0,5-18-54-13-14-5 = 0.25,5-25-9-46-47-4 = 0.25,5-34-10-46-47-4 = 0.25,5-58-51-44-43-4 = 0.75,4-15-28-4 = 1.0,4-17-57-4 = 1.0,4-45-20-44-51-4 = 0.25,8-9-10-46-47-4 = 0.5,5-25-54-14-5 = 0.25,4-45-20-40-23-8 = 0.5,4-41-50-16-5 = 1.0,4-45-20-11-8 = 0.25,5-25-58-43-14-5 = 0.25,8-11-19-37-7 = 0.125,5-18-25-34-13-5 = 0.25,8-12-9-10-49-7 = 0.25,8-12-49-37-7 = 0.75
412,355,733.712,5.152,0.002,-0.182,413,414,4-22-4 = 1.0,8-33-8 = 0.053,8-39-8 = 0.152,5-42-5 = 1.0,7-36-26-7 = 0.515,7-31-52-29-19-8 = 0.091,7-21-52-29-5 = 0.485,7-48-24-30-7 = 1.0,7-31-52-54-5 = 0.061,8-53-27-8 = 1.0,7-31-21-26-36-7 = 0.485,8-33-23-39-8 = 0.098,8-33-39-8 = 0.75,8-33-40-11-8 = 0.098,8-12-10-13-5 = 0.076,8-12-47-11-8 = 0.803,8-12-9-46-4 = 0.091,8-10-49-19-37-7 = 0.894,7-31-52-29-14-5 = 0.364,5-18-54-34-13-5 = 0.288,5-35-38-5 = 1.0,5-56-55-32-5 = 1.0,5-18-54-13-14-5 = 0.636,5-18-25-54-5 = 0.015,5-25-9-46-47-4 = 0.197,5-25-9-51-44-4 = 0.712,5-34-58-46-43-4 = 0.712,5-58-51-44-43-4 = 0.288,4-15-28-4 = 1.0,4-17-57-4 = 1.0,5-25-49-19-37-7 = 0.015,4-45-20-40-23-8 = 0.902,4-41-50-16-5 = 1.0,4-45-20-11-8 = 0.098,8-12-10-29-7 = 0.03,7-21-49-29-37-7 = 0.03,5-18-25-49-37-7 = 0.061
414,412,741.76,0.0,8.049,0.0,Prune by CG,,4-22-4 = 1.0,8-33-8 = 0.035,8-39-8 = 0.1,5-42-5 = 1.0,8-53-8 = 0.508,7-21-55-14-5 = 0.068,7-36-26-7 = 0.135,7-31-52-13-14-5 = 0.265,7-48-37-7 = 0.097,7-24-30-7 = 0.097,7-21-32-14-5 = 0.068,7-48-24-30-7 = 0.903,7-52-10-44-4 = 0.141,7-31-52-54-5 = 0.438,7-21-26-36-7 = 0.589,8-53-27-8 = 0.492,7-31-21-26-36-7 = 0.276,8-33-23-39-8 = 0.065,8-33-39-8 = 0.835,8-33-40-11-8 = 0.065,8-12-10-29-5 = 0.13,8-12-47-11-8 = 0.87,8-10-49-19-37-7 = 0.373,5-35-56-38-5 = 0.068,5-35-38-5 = 0.932,5-56-55-32-5 = 0.932,5-18-54-13-14-5 = 0.562,5-25-9-10-47-4 = 0.022,5-18-58-51-43-4 = 0.173,5-25-9-51-44-4 = 0.762,5-34-13-51-46-4 = 0.065,5-34-58-46-43-4 = 0.827,4-28-15-4 = 1.0,4-17-57-4 = 1.0,8-9-10-46-47-4 = 0.108,5-18-52-29-19-8 = 0.119,5-18-52-29-14-5 = 0.038,4-45-20-40-23-8 = 0.935,4-41-50-16-5 = 1.0,4-45-20-11-8 = 0.065,8-27-49-29-19-37-7 = 0.508,5-18-25-9-34-13-5 = 0.108,5-25-10-29-5 = 0.108,4-44-10-49-29-7 = 0.097,7-31-10-49-37-7 = 0.022
97,76,733.827,9.8,1.862,-0.788,415,416,4-22-4 = 1.0,8-33-8 = 0.55,8-39-8 = 0.55,5-42-5 = 1.0,7-31-52-29-19-8 = 0.5,7-48-24-30-7 = 1.0,7-21-26-36-7 = 0.5,8-53-27-8 = 1.0,7-52-29-37-7 = 0.5,7-31-21-26-36-7 = 0.5,8-33-23-39-8 = 0.4,8-33-39-8 = 0.05,8-12-44-28-4 = 0.3,8-12-47-11-8 = 0.6,8-40-44-51-43-4 = 0.4,8-12-9-34-13-14-5 = 0.1,8-10-49-19-37-7 = 0.5,8-45-20-11-8 = 0.1,5-35-56-38-5 = 0.05,5-18-54-55-5 = 0.05,5-18-54-32-5 = 0.05,5-35-38-5 = 0.95,5-56-55-32-5 = 0.95,5-18-54-13-14-5 = 0.5,5-54-34-13-14-5 = 0.4,5-18-25-58-49-47-4 = 0.1,5-18-34-51-43-4 = 0.3,5-25-9-58-46-4 = 0.7,5-34-51-44-43-4 = 0.2,8-49-10-46-47-8 = 0.3,8-49-51-44-43-4 = 0.1,4-28-15-4 = 0.4,4-15-57-4 = 0.3,4-17-57-4 = 0.7,4-17-15-28-4 = 0.3,4-45-20-40-23-8 = 0.6,4-41-50-16-5 = 1.0,4-45-20-11-8 = 0.3,4-25-9-10-58-5 = 0.2
272,75,733.646,11.25,0.454,0.517,417,418,4-22-4 = 1.0,5-38-5 = 0.5,8-39-8 = 0.625,5-42-5 = 1.0,7-31-52-29-19-8 = 0.5,7-48-24-30-7 = 1.0,7-21-26-36-7 = 0.5,7-52-29-37-7 = 0.5,7-31-21-26-36-7 = 0.5,8-33-23-11-8 = 0.25,8-33-23-39-8 = 0.375,8-33-40-11-8 = 0.125,8-12-47-11-8 = 0.25,8-12-9-10-49-8 = 0.375,8-40-44-51-43-4 = 0.5,8-10-49-19-37-7 = 0.5,5-35-56-14-5 = 0.5,5-18-54-34-13-5 = 1.0,5-32-55-14-5 = 0.5,5-35-38-5 = 0.5,5-25-58-46-4 = 0.125,5-25-58-51-47-4 = 0.25,5-56-55-32-5 = 0.5,5-25-9-58-46-4 = 0.625,8-49-10-46-47-8 = 0.125,4-28-15-4 = 0.125,4-15-57-4 = 0.375,4-17-57-4 = 0.625,4-17-15-28-4 = 0.375,4-45-20-28-4 = 0.5,4-45-20-44-43-4 = 0.375,4-51-46-43-4 = 0.125,4-45-44-51-15-4 = 0.125,4-41-50-16-5 = 1.0,4-12-47-11-8 = 0.375,4-20-40-23-8 = 0.125,8-27-53-8 = 1.0,8-33-40-23-8 = 0.25
417,272,737.614,0.0,3.969,0.0,Prune by CG,,4-22-4 = 1.0,5-42-5 = 1.0,7-48-24-30-7 = 1.0,7-21-26-36-7 = 1.0,8-33-39-8 = 1.0,8-12-47-11-8 = 1.0,8-10-49-19-37-7 = 1.0,7-31-52-29-14-5 = 1.0,5-41-50-16-5 = 1.0,5-18-54-34-13-5 = 1.0,5-35-38-5 = 1.0,5-56-55-32-5 = 1.0,5-25-9-58-46-4 = 1.0,4-28-15-4 = 1.0,4-17-57-4 = 1.0,4-45-44-51-43-4 = 1.0,4-20-40-23-8 = 1.0,8-27-53-8 = 1.0
418,272,733.646,11.25,0.0,0.0,419,420,4-22-4 = 1.0,8-39-8 = 0.625,5-42-5 = 1.0,7-31-52-29-19-8 = 0.5,7-48-24-30-7 = 1.0,7-21-26-36-7 = 0.5,7-52-29-37-7 = 0.5,7-31-21-26-36-7 = 0.5,8-33-23-11-8 = 0.25,8-33-23-39-8 = 0.375,8-12-47-11-8 = 0.25,8-12-9-10-49-8 = 0.375,8-40-44-51-43-4 = 0.5,8-10-49-19-37-7 = 0.5,5-35-56-14-5 = 0.5,5-18-54-34-13-5 = 1.0,5-32-55-14-5 = 0.5,5-35-38-5 = 0.5,5-25-58-46-4 = 0.125,5-25-58-51-47-4 = 0.25,5-56-55-32-5 = 0.5,5-25-9-58-46-4 = 0.625,8-49-10-46-47-8 = 0.125,4-28-15-4 = 0.125,4-15-57-4 = 0.375,4-17-57-4 = 0.625,4-17-15-28-4 = 0.375,4-45-20-28-4 = 0.5,4-45-20-44-43-4 = 0.375,4-51-46-43-4 = 0.125,4-45-44-51-15-4 = 0.125,4-20-40-11-8 = 0.125,4-41-50-16-5 = 1.0,4-12-47-11-8 = 0.375,5-42-38-5 = 0.5,8-27-53-8 = 1.0,8-33-40-23-8 = 0.375
420,418,734.915,0.0,1.269,0.0,Prune by CG,,4-22-4 = 1.0,8-39-8 = 0.5,5-42-5 = 1.0,7-31-52-29-19-8 = 0.5,7-48-24-30-7 = 1.0,7-21-26-36-7 = 0.5,7-52-29-37-7 = 0.5,7-31-21-26-36-7 = 0.5,8-33-23-11-8 = 0.25,8-33-23-39-8 = 0.5,8-12-47-11-8 = 0.75,8-12-9-10-49-8 = 0.25,8-40-44-51-43-4 = 0.75,8-10-49-19-37-7 = 0.5,5-35-56-14-5 = 0.5,5-18-54-34-13-5 = 1.0,5-32-55-14-5 = 0.5,5-35-38-5 = 0.5,5-25-58-51-4 = 0.25,5-56-55-32-5 = 0.5,5-25-9-58-46-8 = 0.75,8-49-10-46-47-8 = 0.25,4-28-15-4 = 0.25,4-15-57-4 = 0.25,4-17-57-4 = 0.75,4-17-15-28-4 = 0.25,4-45-20-28-4 = 0.5,4-45-20-44-43-4 = 0.25,4-41-50-16-5 = 1.0,5-42-38-5 = 0.5,4-45-20-15-4 = 0.25,8-27-53-8 = 1.0,8-33-40-23-8 = 0.25
360,358,733.716,5.75,0.025,0.1,421,422,4-22-4 = 0.325,8-39-8 = 0.025,5-42-5 = 1.0,7-21-52-29-5 = 0.4,7-30-24-26-36-7 = 0.2,7-48-24-30-7 = 0.8,7-52-29-46-4 = 0.2,7-48-26-36-7 = 0.2,8-12-46-13-5 = 0.05,7-31-21-26-36-7 = 0.6,8-33-23-39-8 = 0.025,8-33-39-8 = 0.95,8-33-40-11-8 = 0.025,8-12-47-11-8 = 0.9,8-10-49-19-37-7 = 1.0,7-31-52-29-14-5 = 0.4,5-18-54-34-13-5 = 0.35,5-35-38-5 = 1.0,5-56-55-32-5 = 1.0,5-18-54-13-14-5 = 0.6,5-18-25-54-5 = 0.05,5-25-9-46-47-4 = 0.05,5-25-9-51-44-4 = 0.8,5-25-9-58-43-4 = 0.1,5-34-58-46-43-4 = 0.65,5-58-51-44-43-4 = 0.2,4-28-15-4 = 0.325,4-22-57-4 = 0.675,4-17-57-4 = 0.325,4-17-15-28-4 = 0.675,4-45-20-40-23-8 = 0.975,4-41-50-16-5 = 1.0,4-12-47-11-8 = 0.05,4-45-20-11-8 = 0.025,8-27-53-8 = 1.0,5-9-58-46-43-4 = 0.05
421,360,734.811,0.0,1.095,0.0,Prune by CG,,4-22-4 = 0.5,8-39-8 = 0.042,5-42-5 = 1.0,7-31-52-29-19-8 = 0.167,7-21-52-29-5 = 0.5,7-30-24-26-36-7 = 0.25,7-48-24-30-7 = 0.75,7-48-26-36-7 = 0.25,7-31-21-26-36-7 = 0.5,8-33-23-39-8 = 0.167,8-33-39-8 = 0.75,8-33-40-11-8 = 0.083,8-53-39-8 = 0.042,8-12-44-28-4 = 0.125,8-12-47-11-8 = 0.833,8-10-49-19-37-7 = 0.833,7-31-52-29-14-5 = 0.333,5-18-54-34-13-5 = 0.25,5-35-38-5 = 1.0,5-56-55-32-5 = 1.0,5-18-54-13-14-5 = 0.667,5-18-25-54-5 = 0.083,5-25-9-51-44-4 = 0.833,5-34-58-46-43-4 = 0.75,4-28-15-4 = 0.083,4-15-57-4 = 0.208,4-22-57-4 = 0.5,4-17-57-4 = 0.292,4-17-15-28-4 = 0.708,4-45-20-28-4 = 0.083,4-45-20-40-23-8 = 0.833,4-41-50-16-5 = 1.0,4-45-20-11-8 = 0.083,8-27-53-8 = 0.958,5-25-9-51-13-5 = 0.083,5-58-46-47-43-4 = 0.167,8-27-12-49-37-7 = 0.042,5-9-58-46-43-4 = 0.083,8-40-49-10-37-7 = 0.083,4-51-10-37-7 = 0.042,8-49-10-51-44-8 = 0.042
386,279,733.871,7.0,0.098,-0.833,423,424,4-22-4 = 0.364,5-42-5 = 0.909,7-31-52-29-19-7 = 0.227,7-31-52-29-19-8 = 0.273,7-31-52-37-7 = 0.227,7-48-24-30-7 = 1.0,7-21-26-36-7 = 0.955,7-52-29-37-7 = 0.273,7-31-21-26-36-7 = 0.045,8-33-23-39-8 = 0.182,8-33-39-8 = 0.818,8-12-47-11-8 = 1.0,8-40-44-51-43-4 = 0.091,7-31-29-19-37-7 = 0.227,8-40-49-10-51-4 = 0.091,5-35-56-38-5 = 0.136,5-18-54-34-13-5 = 0.455,5-32-55-14-5 = 0.182,5-35-38-5 = 0.818,5-56-55-32-5 = 0.818,5-18-54-13-14-5 = 0.545,5-25-9-10-58-5 = 0.273,5-25-9-46-14-5 = 0.273,5-25-9-58-46-4 = 0.182,5-34-58-10-46-4 = 0.545,8-49-10-44-43-4 = 0.091,8-49-51-44-43-4 = 0.818,4-15-57-4 = 0.182,4-22-57-4 = 0.636,4-17-57-4 = 0.182,4-17-15-28-4 = 0.818,5-25-9-19-37-7 = 0.273,4-45-20-28-4 = 0.182,4-45-20-40-23-8 = 0.818,4-41-50-16-5 = 1.0,5-42-38-5 = 0.045,5-35-56-42-5 = 0.045,8-27-53-8 = 1.0
423,386,734.913,0.0,1.043,0.0,Prune by CG,,4-22-4 = 0.364,5-42-5 = 0.909,7-31-52-29-19-7 = 0.455,7-31-52-29-19-8 = 0.273,7-31-52-37-7 = 0.273,7-48-37-7 = 0.182,7-48-29-37-7 = 0.045,7-30-24-26-36-7 = 0.227,7-48-24-30-7 = 0.773,7-21-26-36-7 = 0.773,8-33-23-39-8 = 0.182,8-33-39-8 = 0.818,8-12-47-11-8 = 1.0,8-40-44-51-43-4 = 0.091,8-40-49-10-51-4 = 0.091,5-35-56-38-5 = 0.136,5-18-54-34-13-5 = 0.455,5-32-55-14-5 = 0.182,5-35-38-5 = 0.818,5-56-55-32-5 = 0.818,5-18-54-13-14-5 = 0.545,5-25-9-10-58-5 = 0.273,5-25-9-46-14-5 = 0.273,5-25-9-58-46-4 = 0.182,5-34-58-10-46-4 = 0.545,8-49-10-44-43-4 = 0.091,8-49-51-44-43-4 = 0.818,4-15-57-4 = 0.182,4-22-57-4 = 0.636,4-17-57-4 = 0.182,4-17-15-28-4 = 0.818,5-25-9-19-37-7 = 0.273,4-45-20-28-4 = 0.182,4-45-20-40-23-8 = 0.818,4-41-50-16-5 = 1.0,5-42-38-5 = 0.045,5-35-56-42-5 = 0.045,8-27-53-8 = 1.0,7-21-29-37-7 = 0.227
424,386,736.26,0.0,2.389,0.0,Prune by CG,,4-22-4 = 0.594,5-42-5 = 1.0,7-21-52-29-7 = 0.313,7-30-24-26-36-7 = 0.156,7-48-24-30-7 = 0.844,7-48-26-36-7 = 0.156,7-52-29-37-7 = 0.375,7-31-21-26-36-7 = 0.688,8-33-23-39-8 = 0.25,8-33-39-8 = 0.75,8-12-47-11-8 = 1.0,8-40-44-51-43-4 = 0.125,7-31-29-19-37-7 = 0.313,8-40-49-10-51-4 = 0.125,5-35-56-38-5 = 0.625,5-18-54-34-13-5 = 0.625,5-32-55-14-5 = 0.625,5-35-38-5 = 0.375,5-56-55-32-5 = 0.375,5-18-54-13-14-5 = 0.375,5-25-9-10-58-5 = 0.375,5-25-9-58-46-4 = 0.625,5-34-51-46-19-8 = 0.375,8-49-10-44-43-4 = 0.5,8-49-51-44-43-4 = 0.375,4-28-15-4 = 0.094,4-15-57-4 = 0.25,4-22-57-4 = 0.406,4-17-57-4 = 0.344,4-17-15-28-4 = 0.656,4-45-20-28-4 = 0.25,4-45-20-40-23-8 = 0.75,4-41-50-16-5 = 1.0,8-27-53-8 = 1.0,7-52-19-37-7 = 0.313
262,259,733.678,8.667,0.791,0.467,425,426,4-22-4 = 0.667,5-42-5 = 1.0,7-48-24-30-7 = 1.0,7-21-26-36-7 = 0.167,7-31-58-10-49-19-7 = 0.167,8-40-28-15-4 = 0.167,7-52-29-37-7 = 1.0,7-31-21-26-36-7 = 0.833,8-33-23-39-8 = 0.417,8-33-39-8 = 0.583,8-12-44-28-4 = 0.167,8-12-47-11-8 = 0.583,8-10-51-43-4 = 0.25,8-40-44-51-43-4 = 0.25,8-45-20-11-8 = 0.417,8-45-20-40-23-8 = 0.583,5-35-56-14-5 = 0.333,5-18-54-34-13-5 = 1.0,5-32-55-14-5 = 0.333,5-38-50-16-5 = 0.167,5-38-41-57-4 = 0.167,5-35-38-5 = 0.667,5-25-51-43-4 = 0.25,5-56-55-32-5 = 0.667,5-25-9-46-47-4 = 0.417,5-25-9-46-14-5 = 0.333,4-15-57-4 = 0.167,4-22-57-4 = 0.333,4-17-57-4 = 0.333,4-17-15-28-4 = 0.667,4-51-46-43-4 = 0.25,4-44-58-10-49-19-8 = 0.583,4-41-50-16-5 = 0.833,4-12-9-58-49-19-8 = 0.25,8-27-53-8 = 1.0
425,262,734.656,0.0,0.978,0.0,Prune by CG,,4-22-4 = 1.0,5-42-5 = 0.63,7-48-24-30-7 = 1.0,7-21-26-36-7 = 1.0,7-31-58-10-49-19-7 = 0.778,7-52-29-37-7 = 0.889,8-33-23-39-8 = 0.556,8-33-39-8 = 0.444,8-12-44-15-4 = 0.037,8-12-44-28-4 = 0.407,8-12-47-11-8 = 0.444,8-40-44-51-43-4 = 0.556,7-31-52-29-14-5 = 0.111,5-35-56-14-5 = 0.074,5-35-56-38-5 = 0.037,5-18-54-34-13-5 = 1.0,5-32-55-14-5 = 0.481,5-38-50-16-5 = 0.222,5-38-41-57-4 = 0.222,5-35-38-5 = 0.519,5-25-51-43-4 = 0.111,5-56-55-32-5 = 0.519,5-25-9-46-47-4 = 0.556,5-25-9-46-14-5 = 0.111,4-15-57-4 = 0.37,4-17-57-4 = 0.407,4-17-15-28-4 = 0.593,4-51-46-43-4 = 0.333,4-45-20-40-23-8 = 0.444,4-41-50-16-5 = 0.778,4-45-20-11-8 = 0.556,4-12-9-58-49-19-7 = 0.111,5-35-56-42-5 = 0.37,8-27-53-8 = 1.0,5-25-9-10-14-5 = 0.222,7-31-58-49-19-37-7 = 0.111
426,262,733.718,8.6,0.04,-0.067,427,428,4-22-4 = 0.9,5-42-5 = 0.9,7-48-24-30-7 = 1.0,8-40-28-15-4 = 0.4,7-52-29-37-7 = 1.0,7-31-21-26-36-7 = 1.0,8-33-23-39-8 = 0.5,8-33-39-8 = 0.5,8-12-44-28-4 = 0.2,8-12-47-11-8 = 0.5,8-10-51-43-4 = 0.3,8-40-44-51-43-4 = 0.1,8-45-20-11-8 = 0.5,8-45-20-40-23-8 = 0.5,5-35-56-14-5 = 0.1,5-35-56-38-5 = 0.5,5-18-54-34-13-5 = 1.0,5-32-55-14-5 = 0.7,5-38-50-16-5 = 0.1,5-38-41-57-4 = 0.1,5-35-38-5 = 0.3,5-25-51-43-4 = 0.3,5-56-55-32-5 = 0.3,5-25-9-46-47-4 = 0.5,5-25-9-46-14-5 = 0.2,4-15-57-4 = 0.2,4-22-57-4 = 0.1,4-17-57-4 = 0.6,4-17-15-28-4 = 0.4,4-51-46-43-4 = 0.3,4-44-58-10-49-19-8 = 0.7,4-41-50-16-5 = 0.9,4-12-9-58-49-19-8 = 0.3,5-35-56-42-5 = 0.1,8-27-53-8 = 1.0
428,426,734.644,0.0,0.926,0.0,Prune by CG,,4-22-4 = 0.583,5-42-5 = 1.0,7-48-24-30-7 = 1.0,8-40-28-15-4 = 0.333,7-52-29-37-7 = 1.0,7-31-21-26-36-7 = 1.0,8-33-23-39-8 = 0.417,8-33-39-8 = 0.583,8-12-44-28-4 = 0.167,8-12-47-11-8 = 0.583,8-10-51-43-4 = 0.25,8-40-44-51-43-4 = 0.083,8-45-20-11-8 = 0.417,8-51-46-43-4 = 0.167,8-45-20-40-23-8 = 0.583,5-18-54-34-13-5 = 0.333,5-35-38-5 = 1.0,5-25-51-43-4 = 0.25,5-56-55-32-5 = 1.0,5-18-54-13-14-5 = 0.333,5-25-9-46-47-4 = 0.417,5-18-54-34-14-5 = 0.333,5-25-9-46-14-5 = 0.333,5-34-13-46-43-4 = 0.083,5-34-13-51-43-4 = 0.167,5-34-13-51-15-4 = 0.083,4-15-57-4 = 0.083,4-22-57-4 = 0.417,4-17-57-4 = 0.5,4-17-15-28-4 = 0.5,4-44-58-10-49-19-8 = 0.75,4-41-50-16-5 = 1.0,4-12-9-58-49-19-8 = 0.25,8-27-53-8 = 1.0
388,308,733.726,4.833,0.108,0.167,429,430,4-22-4 = 1.0,8-33-8 = 0.083,5-38-5 = 0.083,8-39-8 = 0.083,5-42-5 = 1.0,7-31-52-29-19-7 = 0.333,7-31-52-37-7 = 0.333,7-48-24-30-7 = 1.0,7-21-26-36-7 = 1.0,7-52-29-37-7 = 0.333,7-31-29-19-11-8 = 0.333,8-33-39-8 = 0.917,8-12-47-11-8 = 0.667,8-12-9-10-49-8 = 0.333,8-10-49-19-37-7 = 0.333,8-45-20-40-23-8 = 0.667,5-35-56-14-5 = 0.083,5-18-54-34-13-5 = 0.833,5-32-55-14-5 = 0.083,5-35-38-5 = 0.917,5-56-55-32-5 = 0.917,5-25-9-46-14-5 = 0.667,5-58-51-44-43-4 = 1.0,8-49-10-46-47-4 = 0.333,4-28-15-4 = 1.0,4-17-57-4 = 1.0,5-25-54-14-5 = 0.167,4-45-20-40-23-8 = 0.333,4-41-50-16-5 = 1.0,8-27-53-8 = 1.0,5-18-25-34-13-5 = 0.167
430,388,735.511,0.0,1.785,0.0,Prune by CG,,4-22-4 = 1.0,5-38-5 = 0.182,8-39-8 = 0.273,5-42-5 = 1.0,7-36-26-7 = 0.364,7-31-52-29-19-7 = 0.091,7-31-52-37-7 = 0.455,7-21-52-29-7 = 0.364,7-48-24-30-7 = 1.0,7-21-26-36-7 = 0.636,7-52-29-37-7 = 0.091,7-31-29-19-11-8 = 0.455,8-33-23-39-8 = 0.273,8-33-39-8 = 0.455,8-33-40-11-8 = 0.273,8-12-46-14-5 = 0.273,8-12-47-11-8 = 0.273,8-12-9-10-49-8 = 0.182,8-12-9-34-13-14-5 = 0.273,8-10-49-19-37-7 = 0.455,5-35-56-14-5 = 0.182,5-18-54-34-13-5 = 0.545,5-32-55-14-5 = 0.182,5-35-38-5 = 0.818,5-56-55-32-5 = 0.818,5-18-25-54-5 = 0.364,5-54-34-13-14-5 = 0.091,5-25-9-46-47-4 = 0.455,5-25-9-10-49-8 = 0.091,5-58-51-44-43-4 = 1.0,8-49-10-46-47-4 = 0.273,4-28-15-4 = 0.455,4-15-57-4 = 0.273,4-17-57-4 = 0.727,4-17-15-28-4 = 0.273,4-45-20-28-4 = 0.273,4-45-20-40-23-8 = 0.727,4-41-50-16-5 = 1.0,8-27-53-8 = 1.0,5-18-25-34-13-5 = 0.091
429,388,733.807,4.533,0.081,-0.3,431,432,4-22-4 = 1.0,8-33-8 = 0.133,8-39-8 = 0.133,5-42-5 = 1.0,7-31-52-29-19-7 = 0.333,7-31-52-37-7 = 0.333,7-48-24-30-7 = 1.0,7-21-26-36-7 = 1.0,7-52-29-37-7 = 0.333,7-31-29-19-11-8 = 0.333,8-33-39-8 = 0.867,8-12-47-11-8 = 0.667,8-12-9-10-49-8 = 0.333,8-10-49-19-37-7 = 0.333,8-45-20-40-23-8 = 0.667,5-18-54-34-13-5 = 0.867,5-35-38-5 = 1.0,5-56-55-32-5 = 1.0,5-25-9-46-14-5 = 0.667,5-58-51-44-43-4 = 1.0,8-49-10-46-47-4 = 0.333,4-28-15-4 = 1.0,4-17-57-4 = 1.0,5-25-54-14-5 = 0.133,4-45-20-40-23-8 = 0.333,4-41-50-16-5 = 1.0,8-27-53-8 = 1.0,5-18-25-13-14-5 = 0.067,5-25-34-13-14-5 = 0.067,5-18-25-34-14-5 = 0.067
431,429,737.546,0.0,3.739,0.0,Prune by CG,,4-22-4 = 1.0,8-33-8 = 0.278,8-39-8 = 0.278,5-42-5 = 1.0,7-36-26-7 = 0.278,7-31-52-37-7 = 0.278,7-21-52-29-7 = 0.278,7-48-24-30-7 = 1.0,7-52-29-37-7 = 0.444,7-31-21-26-36-7 = 0.722,8-33-23-39-8 = 0.167,8-33-39-8 = 0.556,8-12-10-19-8 = 0.278,8-12-47-11-8 = 0.722,8-10-49-19-37-7 = 0.278,8-45-20-40-23-8 = 0.556,5-18-54-34-13-5 = 0.889,5-35-38-5 = 1.0,5-56-55-32-5 = 1.0,5-25-9-46-14-5 = 0.722,5-58-51-44-43-4 = 1.0,4-28-15-4 = 0.667,4-15-57-4 = 0.167,4-17-57-4 = 0.833,4-17-15-28-4 = 0.167,7-49-10-46-47-4 = 0.278,4-45-20-28-4 = 0.167,5-25-54-14-5 = 0.111,8-40-49-19-11-8 = 0.167,4-45-20-40-23-8 = 0.278,4-41-50-16-5 = 1.0,8-49-29-19-11-8 = 0.111,8-27-53-8 = 1.0,5-25-9-34-13-14-5 = 0.056,5-18-25-13-14-5 = 0.056,5-18-25-9-34-14-5 = 0.056,8-9-10-49-29-19-8 = 0.167
432,429,734.662,0.0,0.855,0.0,Prune by CG,,4-22-4 = 1.0,8-33-8 = 0.133,8-39-8 = 0.133,5-42-5 = 1.0,7-31-52-29-19-7 = 0.333,7-31-52-37-7 = 0.333,7-48-24-30-7 = 1.0,7-21-26-36-7 = 1.0,7-52-29-37-7 = 0.333,7-31-29-19-11-8 = 0.333,8-33-39-8 = 0.867,8-12-47-11-8 = 0.667,8-12-9-10-49-8 = 0.333,8-45-20-40-23-8 = 1.0,5-18-54-34-13-5 = 0.867,5-35-38-5 = 1.0,5-56-55-32-5 = 1.0,5-25-9-46-14-5 = 0.667,5-58-51-44-43-4 = 1.0,8-49-10-46-47-4 = 0.333,4-28-15-4 = 1.0,4-17-57-4 = 1.0,5-25-54-14-5 = 0.133,4-41-50-16-5 = 1.0,4-10-49-19-37-7 = 0.333,8-27-53-8 = 1.0,5-18-25-13-14-5 = 0.067,5-25-34-13-14-5 = 0.067,5-18-25-34-14-5 = 0.067
244,233,733.832,8.941,0.821,-0.367,433,434,4-22-4 = 1.0,8-33-8 = 0.221,8-39-8 = 0.441,5-42-5 = 1.0,7-36-26-7 = 0.029,7-31-52-29-19-8 = 0.324,7-31-52-37-7 = 0.294,7-48-24-30-7 = 1.0,7-21-26-36-7 = 0.618,7-52-29-37-7 = 0.382,7-31-29-19-11-8 = 0.029,7-31-21-26-36-7 = 0.353,8-33-23-39-8 = 0.221,8-33-39-8 = 0.338,8-33-40-11-8 = 0.221,8-12-10-58-5 = 0.059,8-12-44-15-4 = 0.206,8-12-44-28-4 = 0.206,8-12-47-11-8 = 0.529,8-10-49-19-37-7 = 0.059,8-44-58-10-49-19-8 = 0.324,5-41-50-16-5 = 0.088,5-35-56-21-7 = 0.029,5-18-54-34-13-5 = 0.382,5-32-55-14-5 = 0.029,5-38-50-16-5 = 0.015,5-38-41-57-4 = 0.015,5-35-38-5 = 0.971,5-25-51-43-4 = 0.471,5-56-55-32-5 = 0.971,5-54-34-13-14-5 = 0.265,5-25-9-46-47-4 = 0.265,5-18-54-34-14-5 = 0.353,5-25-9-51-44-4 = 0.265,4-28-15-4 = 0.779,4-17-57-4 = 0.985,4-17-15-28-4 = 0.015,5-18-9-46-43-4 = 0.265,4-51-46-43-4 = 0.265,8-9-10-46-47-4 = 0.206,4-45-20-40-23-8 = 0.779,4-41-50-16-5 = 0.897,4-45-20-11-8 = 0.221,8-27-53-8 = 1.0,8-49-58-29-19-37-7 = 0.265,8-49-10-58-13-14-5 = 0.353
433,244,735.66,0.0,1.829,0.0,Prune by CG,,4-22-4 = 1.0,8-33-8 = 0.101,8-39-8 = 0.269,5-42-5 = 1.0,7-37-19-11-8 = 0.066,7-36-26-7 = 0.167,7-31-52-29-19-7 = 0.533,7-31-52-37-7 = 0.233,7-48-24-30-7 = 1.0,7-21-26-36-7 = 0.833,7-21-49-19-37-7 = 0.167,7-52-29-37-7 = 0.233,8-33-23-39-8 = 0.167,8-33-39-8 = 0.564,8-33-40-11-8 = 0.167,8-12-44-15-4 = 0.137,8-12-44-28-4 = 0.097,8-12-47-11-8 = 0.767,7-31-29-19-37-7 = 0.233,5-18-54-34-13-5 = 0.392,5-35-38-5 = 1.0,5-25-51-43-4 = 0.511,5-56-55-32-5 = 1.0,5-54-34-13-14-5 = 0.295,5-25-9-46-47-4 = 0.106,5-18-54-34-14-5 = 0.225,5-25-9-51-44-4 = 0.383,5-34-51-44-15-4 = 0.088,4-28-15-4 = 0.775,4-17-57-4 = 1.0,4-20-44-28-4 = 0.128,5-54-9-47-43-4 = 0.088,5-18-9-46-43-4 = 0.383,4-51-46-43-4 = 0.018,8-9-10-46-47-4 = 0.04,4-45-20-40-23-8 = 0.833,4-41-50-16-5 = 1.0,8-27-53-8 = 1.0,8-49-10-58-46-8 = 0.374,8-49-10-58-46-5 = 0.079,8-49-10-58-13-14-5 = 0.313,8-45-44-10-58-14-5 = 0.128,8-49-10-58-37-7 = 0.066,8-45-20-44-58-14-5 = 0.04
434,244,735.388,0.0,1.556,0.0,Prune by CG,,4-22-4 = 1.0,8-33-8 = 0.2,8-39-8 = 0.4,5-42-5 = 1.0,7-36-26-7 = 0.4,7-31-52-37-7 = 0.2,7-21-52-29-7 = 0.333,7-48-24-30-7 = 1.0,7-21-54-34-14-5 = 0.067,7-21-26-36-7 = 0.2,7-31-9-46-43-4 = 0.267,7-52-29-37-7 = 0.333,7-31-21-26-36-7 = 0.4,8-33-23-39-8 = 0.2,8-33-39-8 = 0.4,8-33-40-11-8 = 0.2,8-12-10-58-5 = 0.2,8-12-44-15-4 = 0.133,8-12-47-11-8 = 0.667,8-10-49-19-37-7 = 0.2,7-31-52-29-14-5 = 0.133,8-44-58-10-49-19-8 = 0.533,5-41-50-16-5 = 0.033,5-35-56-14-5 = 0.367,5-18-54-34-13-5 = 0.933,5-32-55-14-5 = 0.367,5-38-50-16-5 = 0.183,5-38-41-57-4 = 0.183,5-35-38-5 = 0.633,5-25-51-43-4 = 0.333,5-56-55-32-5 = 0.633,5-25-9-46-47-4 = 0.333,5-25-9-51-44-4 = 0.333,4-28-15-4 = 0.683,4-17-57-4 = 0.817,4-17-15-28-4 = 0.183,5-18-9-46-43-4 = 0.067,4-45-20-28-4 = 0.133,4-51-46-43-4 = 0.333,4-45-20-40-23-8 = 0.8,4-41-50-16-5 = 0.783,4-45-20-11-8 = 0.067,8-27-53-8 = 1.0,8-49-58-29-19-37-7 = 0.2,8-49-10-58-13-14-5 = 0.067,8-11-19-37-7 = 0.067
330,318,733.913,8.6,0.414,-1.015,435,436,4-22-4 = 1.0,8-33-8 = 0.3,8-39-8 = 0.3,5-42-5 = 1.0,7-36-26-7 = 0.2,7-31-52-29-19-8 = 0.2,7-21-52-29-7 = 0.2,7-48-24-30-7 = 1.0,7-21-26-36-7 = 0.6,7-31-9-46-43-4 = 0.2,8-53-27-8 = 1.0,7-52-29-37-7 = 0.2,7-31-21-26-36-7 = 0.2,8-33-23-39-8 = 0.6,8-33-39-8 = 0.1,8-12-47-11-8 = 1.0,8-40-44-51-43-4 = 0.6,7-31-52-29-14-5 = 0.4,8-51-46-43-4 = 0.2,5-35-56-14-5 = 0.3,5-18-54-34-13-5 = 1.0,5-32-55-14-5 = 0.3,5-35-38-5 = 0.7,5-25-58-10-49-8 = 0.2,5-56-55-32-5 = 0.7,5-25-9-10-58-5 = 0.2,5-25-9-58-46-4 = 0.6,4-15-28-4 = 0.2,4-15-57-4 = 0.2,4-17-57-4 = 0.8,4-17-15-28-4 = 0.2,4-45-20-28-4 = 0.4,4-45-44-51-15-4 = 0.2,4-45-20-40-23-8 = 0.4,4-41-50-16-5 = 1.0,4-20-49-19-37-7 = 0.2,5-42-38-5 = 0.3,5-10-49-19-37-7 = 0.6,4-44-28-15-4 = 0.2
436,330,734.618,0.0,0.704,0.0,Prune by CG,,4-22-4 = 1.0,8-33-8 = 0.308,5-38-5 = 0.154,8-39-8 = 0.308,5-42-5 = 1.0,7-36-26-7 = 0.077,7-31-52-29-19-8 = 0.154,7-48-37-7 = 0.077,7-24-30-7 = 0.077,7-48-24-30-7 = 0.923,7-31-52-54-5 = 0.077,7-21-26-36-7 = 0.923,8-33-23-39-8 = 0.615,8-33-39-8 = 0.077,8-12-47-11-8 = 1.0,8-40-44-51-43-4 = 0.615,7-31-52-29-14-5 = 0.769,8-51-46-43-4 = 0.077,5-35-56-21-7 = 0.077,5-35-56-14-5 = 0.077,5-18-54-34-13-5 = 0.846,5-32-55-14-5 = 0.154,5-35-38-5 = 0.846,5-25-58-10-49-8 = 0.154,5-56-55-32-5 = 0.846,5-25-9-10-58-5 = 0.231,5-25-9-58-46-4 = 0.615,5-34-13-46-43-4 = 0.154,4-15-28-4 = 0.538,4-15-57-4 = 0.077,4-17-57-4 = 0.923,4-17-15-28-4 = 0.077,5-18-9-46-43-4 = 0.154,4-45-20-28-4 = 0.308,4-45-20-44-51-4 = 0.077,4-45-44-51-15-4 = 0.231,5-54-29-37-7 = 0.077,4-45-20-40-23-8 = 0.385,4-41-50-16-5 = 1.0,4-20-49-19-37-7 = 0.231,5-10-49-19-37-7 = 0.615,8-27-53-8 = 1.0,4-44-28-15-4 = 0.077
78,41,733.612,8.184,1.908,1.08,437,438,5-42-5 = 0.31,7-31-52-29-19-8 = 0.333,7-48-24-30-7 = 1.0,7-21-26-36-7 = 0.333,8-40-28-15-4 = 0.149,7-52-29-37-7 = 0.667,7-31-21-26-36-7 = 0.667,8-33-23-39-8 = 1.0,8-45-20-28-4 = 0.218,8-12-47-11-8 = 0.908,8-40-44-51-43-4 = 0.851,8-45-20-22-4 = 0.115,5-18-54-34-13-5 = 0.966,5-32-55-14-5 = 0.54,5-38-50-16-5 = 0.195,5-38-41-57-4 = 0.195,5-35-38-5 = 0.46,5-25-58-10-49-8 = 0.667,5-56-55-32-5 = 0.46,5-18-54-13-14-5 = 0.034,5-25-9-46-14-5 = 0.333,4-15-57-4 = 0.218,4-22-57-4 = 0.218,4-17-57-4 = 0.368,4-17-15-28-4 = 0.632,5-34-58-49-19-11-8 = 0.034,4-51-46-43-4 = 0.149,4-44-58-10-49-19-8 = 0.149,4-41-50-16-5 = 0.805,4-12-9-58-49-19-8 = 0.092,4-9-58-49-19-11-8 = 0.057,4-9-46-19-37-7 = 0.333,5-42-38-5 = 0.149,4-9-10-46-47-4 = 0.092,4-45-20-22-4 = 0.667,5-35-56-42-5 = 0.54,8-27-53-8 = 1.0,4-9-10-46-14-5 = 0.092
437,78,735.652,0.0,2.04,0.0,Prune by CG,,5-42-5 = 0.333,7-48-24-30-7 = 1.0,7-52-29-46-4 = 0.37,7-21-26-36-7 = 0.444,7-52-29-37-7 = 0.185,7-31-21-26-36-7 = 0.556,8-33-23-39-8 = 1.0,8-12-47-11-8 = 1.0,8-40-44-51-43-4 = 1.0,7-31-52-29-14-5 = 0.444,5-18-54-34-13-5 = 1.0,5-32-55-14-5 = 0.556,5-38-50-16-5 = 0.222,5-38-41-57-4 = 0.222,5-35-38-5 = 0.444,5-25-58-10-49-8 = 0.815,5-56-55-32-5 = 0.444,4-15-57-4 = 0.259,4-22-57-4 = 0.259,4-17-57-4 = 0.259,4-17-15-28-4 = 0.741,4-45-20-28-4 = 0.259,5-25-9-58-49-19-8 = 0.185,4-41-50-16-5 = 0.778,4-9-46-19-37-7 = 0.63,4-9-10-19-37-7 = 0.185,5-42-38-5 = 0.111,4-45-20-22-4 = 0.741,5-35-56-42-5 = 0.556,8-27-53-8 = 1.0
438,78,734.843,0.0,1.231,0.0,Prune by CG,,5-42-5 = 0.164,7-31-52-29-19-8 = 0.562,7-48-24-30-7 = 1.0,7-21-26-36-7 = 0.562,8-53-27-40-23-8 = 0.076,7-52-29-37-7 = 0.438,7-31-21-26-36-7 = 0.438,8-33-23-39-8 = 0.849,8-45-20-28-4 = 0.125,8-33-40-11-8 = 0.151,8-53-39-8 = 0.076,8-12-44-28-4 = 0.178,8-12-47-11-8 = 0.626,8-40-44-51-43-4 = 0.697,5-18-54-34-13-5 = 0.804,5-32-55-14-5 = 0.481,5-38-50-16-5 = 0.063,5-38-41-57-4 = 0.063,5-35-38-5 = 0.519,5-54-58-49-37-7 = 0.196,5-25-58-10-49-8 = 0.589,5-56-55-32-5 = 0.519,5-25-9-46-47-4 = 0.035,5-18-58-49-19-37-7 = 0.143,5-25-9-51-44-4 = 0.053,5-25-9-46-14-5 = 0.323,4-15-57-4 = 0.372,4-22-57-4 = 0.194,4-17-57-4 = 0.372,4-17-15-28-4 = 0.628,5-18-9-46-43-4 = 0.053,4-45-20-28-4 = 0.069,4-51-46-43-4 = 0.25,4-44-58-10-49-19-8 = 0.072,4-41-50-16-5 = 0.937,5-42-38-5 = 0.355,4-9-10-46-47-4 = 0.339,4-45-20-22-4 = 0.806,5-35-56-42-5 = 0.481,8-27-53-8 = 0.849,4-12-9-34-13-14-5 = 0.196,8-11-19-37-7 = 0.223,8-27-40-23-39-8 = 0.076
311,245,733.862,10.0,0.453,-0.5,439,440,4-22-4 = 0.5,5-42-5 = 1.0,7-31-52-29-19-8 = 0.5,7-48-24-30-7 = 1.0,7-21-26-36-7 = 0.5,8-53-27-8 = 1.0,7-52-29-37-7 = 0.5,7-31-21-26-36-7 = 0.5,8-33-23-39-8 = 0.5,8-33-39-8 = 0.5,8-12-44-43-4 = 0.5,8-12-47-11-8 = 0.5,8-40-44-51-43-4 = 0.5,5-35-56-38-5 = 1.0,5-18-54-34-13-5 = 1.0,5-32-55-14-5 = 1.0,5-25-9-46-47-8 = 0.5,8-49-10-58-46-4 = 0.5,8-49-10-58-51-4 = 0.5,4-28-15-4 = 0.5,4-22-57-4 = 0.5,4-17-57-4 = 0.5,4-17-15-28-4 = 0.5,5-25-9-19-37-7 = 0.5,4-45-20-40-23-8 = 0.5,4-41-50-16-5 = 1.0,4-45-20-11-8 = 0.5
439,311,735.583,0.0,1.721,0.0,Prune by CG,,4-22-4 = 0.5,5-42-5 = 1.0,7-31-52-29-19-8 = 0.5,7-48-24-30-7 = 1.0,7-21-26-36-7 = 0.5,7-52-29-37-7 = 0.5,7-31-21-26-36-7 = 0.5,8-33-23-39-8 = 0.5,8-33-39-8 = 0.5,8-12-44-43-4 = 0.5,8-12-47-11-8 = 0.5,8-40-44-51-43-4 = 0.5,8-45-20-40-23-8 = 0.5,5-35-56-38-5 = 1.0,5-18-54-34-13-5 = 1.0,5-32-55-14-5 = 1.0,5-25-9-46-47-8 = 0.5,8-49-10-58-51-4 = 0.5,4-15-28-4 = 0.5,4-22-57-4 = 0.5,4-17-57-4 = 0.5,4-17-15-28-4 = 0.5,5-25-9-19-37-7 = 0.5,4-41-50-16-5 = 1.0,4-45-20-11-8 = 0.5,8-27-53-8 = 1.0,8-49-10-58-46-8 = 0.5
440,311,735.135,0.0,1.273,0.0,Prune by CG,,4-22-4 = 0.5,5-42-5 = 1.0,7-31-52-29-19-8 = 0.5,7-48-24-30-7 = 1.0,7-21-26-36-7 = 0.5,7-52-29-37-7 = 0.5,7-31-21-26-36-7 = 0.5,8-33-39-8 = 1.0,8-12-47-11-8 = 1.0,8-40-44-51-43-4 = 0.5,5-35-56-38-5 = 1.0,5-18-54-34-13-5 = 1.0,5-32-55-14-5 = 1.0,8-49-10-58-46-4 = 1.0,4-15-28-4 = 0.5,4-22-57-4 = 0.5,4-17-57-4 = 0.5,4-17-15-28-4 = 0.5,5-25-9-19-37-7 = 0.5,4-45-20-44-43-4 = 0.5,4-45-20-40-23-8 = 0.5,4-41-50-16-5 = 1.0,8-27-53-8 = 1.0,5-25-9-51-23-8 = 0.5
316,134,734.097,8.641,0.607,-1.824,441,442,4-22-4 = 0.905,5-42-5 = 0.756,7-31-52-29-19-8 = 0.206,7-30-24-26-36-7 = 0.092,7-48-21-26-7 = 0.061,7-48-24-30-7 = 0.908,7-21-52-9-58-5 = 0.061,7-52-29-46-4 = 0.038,7-21-26-36-7 = 0.718,7-48-26-36-7 = 0.031,8-53-27-8 = 1.0,7-31-21-26-36-7 = 0.099,8-33-23-39-8 = 0.603,8-33-39-8 = 0.397,8-12-47-11-8 = 1.0,8-40-44-51-43-4 = 0.603,7-31-52-29-14-5 = 0.695,5-41-50-16-5 = 0.427,5-35-56-36-7 = 0.061,5-18-54-34-13-5 = 1.0,5-32-55-14-5 = 0.305,5-38-50-16-5 = 0.153,5-38-41-57-4 = 0.153,5-35-38-5 = 0.695,5-56-55-32-5 = 0.695,5-25-9-10-58-5 = 0.122,5-25-9-51-44-4 = 0.084,5-58-51-44-43-4 = 0.084,4-15-57-4 = 0.424,4-17-57-4 = 0.424,4-17-15-28-4 = 0.576,5-25-49-19-37-7 = 0.794,4-45-20-28-4 = 0.424,4-45-20-44-43-4 = 0.084,4-51-46-43-4 = 0.229,4-45-20-40-23-8 = 0.397,4-41-50-16-5 = 0.42,4-9-58-10-46-4 = 0.733,4-45-20-22-4 = 0.095,5-35-56-42-5 = 0.244,4-44-10-49-37-7 = 0.145,7-21-49-29-37-7 = 0.061
442,316,739.418,0.0,5.321,0.0,Prune by CG,,4-22-4 = 0.834,5-42-5 = 0.73,7-31-52-29-19-8 = 0.427,7-24-30-7 = 0.339,7-48-21-26-7 = 1.0,7-52-29-46-4 = 0.177,7-52-9-58-51-4 = 0.004,7-31-9-46-43-4 = 0.012,8-33-23-39-8 = 0.714,8-33-39-8 = 0.286,8-12-47-11-8 = 1.0,8-40-44-51-43-4 = 0.714,7-31-52-29-14-5 = 0.391,5-35-56-36-7 = 0.339,5-18-54-34-13-5 = 1.0,5-32-55-14-5 = 0.609,5-38-50-16-5 = 0.304,5-38-41-57-4 = 0.304,5-35-38-5 = 0.391,5-56-55-32-5 = 0.391,5-25-9-10-58-5 = 0.577,5-25-9-51-44-4 = 0.008,5-58-51-44-43-4 = 0.02,4-15-57-4 = 0.148,4-17-57-4 = 0.547,4-17-15-28-4 = 0.453,5-25-49-19-37-7 = 0.415,4-45-20-28-4 = 0.547,4-51-46-43-4 = 0.254,4-45-20-40-23-8 = 0.286,4-41-50-16-5 = 0.696,4-45-20-22-4 = 0.166,5-35-56-42-5 = 0.27,8-27-53-8 = 1.0,4-44-10-49-37-7 = 0.258,7-49-46-19-37-7 = 0.157,4-9-58-46-15-4 = 0.399,7-31-10-49-37-7 = 0.165,7-24-30-36-7 = 0.661,7-31-49-29-37-7 = 0.004
326,109,733.762,10.778,0.267,0.519,443,444,4-22-4 = 0.444,5-42-5 = 1.0,7-31-52-29-19-7 = 0.222,7-31-52-37-7 = 0.333,7-48-24-30-7 = 1.0,7-21-26-36-7 = 0.778,8-53-27-8 = 1.0,7-52-29-37-7 = 0.444,7-31-29-19-11-8 = 0.222,7-31-21-26-36-7 = 0.222,8-33-23-39-8 = 0.333,8-33-39-8 = 0.667,8-12-44-28-4 = 0.444,8-12-47-11-8 = 0.556,8-40-44-51-43-4 = 0.333,8-10-49-19-37-7 = 0.222,5-35-56-38-5 = 0.333,5-18-54-34-13-5 = 0.333,5-32-55-14-5 = 0.333,5-35-38-5 = 0.667,5-56-55-32-5 = 0.667,5-18-54-13-14-5 = 0.333,5-25-9-10-58-5 = 0.333,5-18-54-34-14-5 = 0.333,5-25-9-58-46-4 = 0.222,5-25-9-58-15-4 = 0.444,5-34-13-51-43-4 = 0.333,8-49-10-46-47-8 = 0.444,4-22-57-4 = 0.556,4-17-57-4 = 0.444,4-17-15-28-4 = 0.556,4-51-46-43-4 = 0.333,4-45-20-40-23-8 = 0.667,4-41-50-16-5 = 1.0,4-45-20-11-8 = 0.111,8-49-29-19-11-8 = 0.111,8-45-20-44-49-19-8 = 0.222
443,326,735.416,0.0,1.654,0.0,Prune by CG,,4-22-4 = 0.657,5-42-5 = 1.0,7-31-52-37-7 = 0.2,7-21-52-29-7 = 0.1,7-30-24-26-36-7 = 0.1,7-48-24-30-7 = 0.9,7-21-54-34-14-5 = 0.1,7-48-26-36-7 = 0.1,8-53-27-8 = 1.0,7-52-29-37-7 = 0.7,7-31-21-26-36-7 = 0.8,8-33-23-39-8 = 0.457,8-33-39-8 = 0.543,8-12-44-28-4 = 0.329,8-12-47-11-8 = 0.614,8-40-44-51-43-4 = 0.214,8-10-49-19-37-7 = 0.1,5-35-38-5 = 1.0,5-25-58-51-47-4 = 0.086,5-56-55-32-5 = 1.0,5-18-54-13-14-5 = 0.643,5-25-9-46-47-4 = 0.186,5-25-9-46-47-8 = 0.1,5-25-9-10-58-5 = 0.629,5-18-54-34-14-5 = 0.257,5-18-34-58-46-47-4 = 0.014,5-34-13-51-43-4 = 0.357,5-34-58-10-46-4 = 0.271,4-15-57-4 = 0.329,4-22-57-4 = 0.343,4-17-57-4 = 0.329,4-17-15-28-4 = 0.671,5-18-9-46-43-4 = 0.086,4-51-46-43-4 = 0.343,8-40-49-19-11-8 = 0.243,4-45-20-40-23-8 = 0.543,4-41-50-16-5 = 1.0,8-49-29-19-11-8 = 0.143,8-45-20-44-49-19-8 = 0.457,8-12-49-29-19-8 = 0.057
444,326,735.433,0.0,1.671,0.0,Prune by CG,,4-22-4 = 0.543,5-42-5 = 1.0,7-31-52-29-19-7 = 0.457,7-31-52-37-7 = 0.371,7-30-24-26-36-7 = 0.143,7-48-24-30-7 = 0.857,7-21-54-34-14-5 = 0.286,7-21-26-36-7 = 0.714,7-48-26-36-7 = 0.143,8-53-27-8 = 1.0,7-52-29-37-7 = 0.171,7-31-29-19-11-8 = 0.086,8-33-23-39-8 = 0.457,8-33-39-8 = 0.543,8-12-44-28-4 = 0.543,8-12-47-11-8 = 0.229,8-40-44-51-43-4 = 0.457,7-31-29-19-37-7 = 0.086,8-45-20-11-8 = 0.086,5-35-56-38-5 = 0.343,5-18-54-34-13-5 = 0.143,5-32-55-14-5 = 0.143,5-35-38-5 = 0.657,5-56-55-32-5 = 0.657,5-18-54-13-14-5 = 0.514,5-18-25-58-13-5 = 0.029,5-18-25-9-51-4 = 0.029,5-25-9-10-58-5 = 0.229,5-18-55-32-5 = 0.2,5-18-54-34-14-5 = 0.057,5-25-9-58-15-4 = 0.543,5-34-13-51-43-4 = 0.314,8-49-10-46-47-8 = 0.771,4-22-57-4 = 0.457,4-17-57-4 = 0.543,4-17-15-28-4 = 0.457,5-34-58-29-19-37-7 = 0.2,5-18-9-46-43-4 = 0.029,5-25-9-19-37-7 = 0.171,4-51-46-43-4 = 0.2,4-45-20-40-23-8 = 0.543,4-41-50-16-5 = 1.0,4-45-20-11-8 = 0.371,8-12-49-11-8 = 0.229
376,122,733.818,7.936,0.325,0.186,445,446,4-22-4 = 0.606,5-42-5 = 0.957,7-31-52-29-19-7 = 0.468,7-31-52-37-7 = 0.085,7-30-24-26-36-7 = 0.043,7-48-24-30-7 = 0.957,7-21-54-34-14-5 = 0.085,7-31-52-54-5 = 0.064,7-21-26-36-7 = 0.915,7-48-26-36-7 = 0.043,7-31-9-46-43-4 = 0.234,8-53-27-8 = 0.915,8-53-27-40-23-8 = 0.085,7-52-29-37-7 = 0.383,8-33-23-39-8 = 0.915,8-33-39-8 = 0.085,8-12-44-28-4 = 0.149,8-12-47-11-8 = 0.851,8-40-44-51-43-4 = 0.766,7-31-29-19-37-7 = 0.149,5-18-54-34-13-5 = 0.532,5-32-55-14-5 = 0.043,5-38-50-16-5 = 0.021,5-38-41-57-4 = 0.021,5-35-38-5 = 0.957,5-25-58-10-49-8 = 0.617,5-56-55-32-5 = 0.957,5-18-54-13-14-5 = 0.085,5-54-34-13-14-5 = 0.234,5-18-58-49-19-37-7 = 0.383,5-25-9-46-14-5 = 0.383,5-34-13-51-15-4 = 0.149,4-15-57-4 = 0.372,4-17-57-4 = 0.606,4-17-15-28-4 = 0.394,4-45-20-28-4 = 0.457,4-45-44-51-15-4 = 0.085,4-20-40-11-8 = 0.149,4-41-50-16-5 = 0.979,4-9-10-46-47-8 = 0.149,4-45-20-22-4 = 0.394,5-35-56-42-5 = 0.043,4-45-9-10-46-4 = 0.064,5-9-10-46-14-5 = 0.128,4-9-10-46-14-5 = 0.043
446,376,735.637,0.0,1.819,0.0,Prune by CG,,4-22-4 = 0.688,5-42-5 = 1.0,7-31-52-29-19-7 = 0.5,7-30-24-26-36-7 = 0.25,7-48-24-30-7 = 0.75,7-21-54-14-5 = 0.5,7-48-26-36-7 = 0.25,8-53-27-8 = 1.0,7-52-29-37-7 = 0.5,7-31-21-26-36-7 = 0.5,8-33-23-39-8 = 0.75,8-33-40-11-8 = 0.25,8-12-44-28-4 = 0.375,8-40-23-39-8 = 0.25,8-12-47-11-8 = 0.625,8-40-44-51-43-4 = 0.375,5-18-54-34-13-5 = 0.5,5-35-38-5 = 1.0,5-25-51-43-4 = 0.125,5-25-58-10-49-8 = 0.5,5-56-55-32-5 = 1.0,5-25-9-46-47-4 = 0.25,5-25-9-46-47-8 = 0.125,5-18-58-49-19-37-7 = 0.5,5-34-13-51-43-4 = 0.125,5-34-13-51-15-4 = 0.375,4-15-57-4 = 0.313,4-17-57-4 = 0.687,4-17-15-28-4 = 0.313,4-45-20-28-4 = 0.312,4-45-20-44-43-4 = 0.25,4-45-9-46-43-4 = 0.125,4-20-40-11-8 = 0.125,4-41-50-16-5 = 1.0,4-45-20-22-4 = 0.312,4-9-10-46-14-5 = 0.5
445,376,733.869,7.5,0.052,-0.436,447,448,4-22-4 = 0.525,5-42-5 = 1.0,7-31-52-29-19-4 = 0.1,7-31-52-29-19-7 = 0.35,7-31-52-37-7 = 0.05,7-48-24-30-7 = 1.0,7-31-52-54-5 = 0.1,7-21-26-36-7 = 0.95,7-31-9-46-43-4 = 0.2,8-53-27-8 = 0.9,8-53-27-40-23-8 = 0.1,7-52-29-37-7 = 0.4,7-31-21-26-36-7 = 0.05,8-33-23-39-8 = 0.9,8-33-39-8 = 0.1,8-12-47-11-8 = 0.9,8-40-44-51-43-4 = 0.8,7-31-29-19-37-7 = 0.15,5-18-54-34-13-5 = 0.6,5-35-38-5 = 1.0,5-25-58-10-49-8 = 0.6,5-56-55-32-5 = 1.0,5-54-34-13-14-5 = 0.3,5-18-58-49-19-37-7 = 0.4,5-25-9-46-14-5 = 0.4,5-34-13-51-15-4 = 0.1,4-15-57-4 = 0.375,4-22-57-4 = 0.05,4-17-57-4 = 0.575,4-17-15-28-4 = 0.425,4-12-44-28-4 = 0.1,4-45-20-28-4 = 0.475,4-45-44-51-15-4 = 0.1,4-20-40-11-8 = 0.1,4-41-50-16-5 = 1.0,4-9-10-46-47-8 = 0.1,4-45-20-22-4 = 0.425,5-9-10-46-14-5 = 0.3
447,445,736.953,0.0,3.083,0.0,Prune by CG,,4-22-4 = 0.833,5-42-5 = 1.0,7-31-52-29-19-4 = 0.333,7-48-24-30-7 = 1.0,7-21-26-36-7 = 1.0,7-31-9-46-43-4 = 0.667,8-53-27-8 = 0.333,8-53-27-40-23-8 = 0.667,7-52-29-37-7 = 0.667,8-33-23-39-8 = 0.333,8-33-39-8 = 0.667,8-12-47-11-8 = 1.0,8-40-44-51-43-4 = 0.333,5-35-56-38-5 = 0.333,5-18-54-34-13-5 = 0.667,5-32-55-14-5 = 0.333,5-35-38-5 = 0.667,5-25-58-10-49-7 = 0.333,5-25-58-10-49-8 = 0.333,5-56-55-32-5 = 0.667,5-18-54-13-14-5 = 0.333,5-25-9-46-14-5 = 0.333,4-15-57-4 = 0.5,4-17-57-4 = 0.5,4-17-15-28-4 = 0.5,5-34-58-10-49-19-7 = 0.333,4-45-20-28-4 = 0.5,4-45-20-44-51-4 = 0.333,4-41-50-16-5 = 1.0,4-45-20-22-4 = 0.167,4-44-51-19-37-7 = 0.333
362,296,733.997,8.0,0.324,-0.882,449,450,4-22-4 = 1.0,5-38-5 = 0.5,5-42-5 = 1.0,7-31-52-29-19-8 = 0.5,7-48-24-30-7 = 1.0,7-21-26-36-7 = 0.5,7-52-29-37-7 = 0.5,7-31-21-26-36-7 = 0.5,8-33-23-39-8 = 0.167,8-33-39-8 = 0.833,8-12-47-11-8 = 1.0,8-40-44-51-43-4 = 0.167,8-45-20-44-43-4 = 0.167,8-45-20-40-23-8 = 0.833,5-35-56-14-5 = 0.5,5-18-54-34-13-5 = 1.0,5-32-55-14-5 = 0.5,5-35-38-5 = 0.5,5-25-58-10-49-8 = 0.5,5-56-55-32-5 = 0.5,5-25-9-10-58-5 = 0.5,5-51-46-43-4 = 0.333,4-28-15-4 = 0.833,4-17-57-4 = 1.0,8-49-46-19-37-7 = 0.5,4-41-50-16-5 = 1.0,8-27-53-8 = 1.0,5-9-51-44-43-4 = 0.167,8-9-51-44-43-4 = 0.167,4-9-51-44-15-4 = 0.167,4-44-46-28-4 = 0.167
450,362,734.705,0.0,0.708,0.0,Prune by CG,,4-22-4 = 1.0,5-38-5 = 0.5,5-42-5 = 1.0,7-31-52-29-19-8 = 0.5,7-48-24-30-7 = 1.0,7-21-26-36-7 = 0.5,8-53-27-8 = 1.0,7-52-29-37-7 = 0.5,7-31-21-26-36-7 = 0.5,8-33-39-8 = 1.0,8-12-47-11-8 = 1.0,8-51-46-43-4 = 0.5,8-45-20-40-23-8 = 1.0,5-35-56-14-5 = 0.5,5-18-54-34-13-5 = 1.0,5-32-55-14-5 = 0.5,5-35-38-5 = 0.5,5-25-58-10-49-8 = 0.5,5-56-55-32-5 = 0.5,5-25-9-10-58-5 = 0.5,4-28-15-4 = 0.5,4-17-57-4 = 1.0,8-49-46-19-37-7 = 0.5,4-41-50-16-5 = 1.0,4-44-28-15-4 = 0.5,5-9-51-44-43-4 = 0.5
338,335,734.058,9.0,0.705,-1.292,451,452,4-22-4 = 0.5,5-42-5 = 1.0,7-31-52-29-19-8 = 0.5,7-48-24-30-7 = 1.0,7-21-26-36-7 = 1.0,8-33-23-39-8 = 1.0,8-12-47-11-8 = 0.5,8-40-44-51-43-4 = 1.0,7-31-52-29-14-5 = 0.5,5-41-50-16-5 = 0.5,5-18-54-34-13-5 = 0.5,5-35-38-5 = 1.0,5-56-55-32-5 = 1.0,5-18-54-13-14-5 = 0.5,5-25-9-46-47-4 = 0.5,5-25-9-10-58-5 = 0.5,5-34-58-10-46-4 = 0.5,4-15-28-4 = 0.5,4-22-57-4 = 0.5,4-17-57-4 = 0.5,4-17-15-28-4 = 0.5,4-41-50-16-5 = 0.5,4-45-20-11-8 = 0.5,4-20-49-19-37-7 = 0.5,4-45-12-49-37-7 = 0.5,8-27-53-8 = 1.0
451,338,738.317,0.0,4.258,0.0,Prune by CG,,4-22-4 = 0.5,5-42-5 = 1.0,7-31-52-29-19-8 = 0.5,7-48-24-30-7 = 1.0,7-21-26-36-7 = 1.0,8-53-27-8 = 1.0,8-33-23-39-8 = 1.0,8-40-44-51-43-4 = 1.0,7-31-52-29-14-5 = 0.5,5-41-50-16-5 = 0.5,5-18-54-34-13-5 = 0.5,5-35-38-5 = 1.0,5-56-55-32-5 = 1.0,5-18-54-13-14-5 = 0.5,5-25-9-46-47-4 = 0.5,5-25-9-10-58-5 = 0.5,5-34-58-10-46-4 = 0.5,4-28-15-4 = 0.5,4-22-57-4 = 0.5,4-17-57-4 = 0.5,4-17-15-28-4 = 0.5,4-41-50-16-5 = 0.5,4-20-47-11-8 = 0.5,4-20-49-19-37-7 = 0.5,4-45-12-49-37-7 = 0.5,8-45-12-11-8 = 0.5
452,338,735.08,0.0,1.022,0.0,Prune by CG,,4-22-4 = 0.919,5-42-5 = 0.968,7-31-52-29-19-8 = 0.194,7-30-24-26-36-7 = 0.339,7-48-21-26-7 = 0.194,7-48-24-30-7 = 0.661,7-21-52-9-58-5 = 0.29,7-31-52-54-5 = 0.081,7-21-26-36-7 = 0.032,7-48-26-36-7 = 0.145,8-53-27-8 = 1.0,7-31-21-26-36-7 = 0.29,8-33-23-39-8 = 0.581,8-33-39-8 = 0.419,8-12-44-28-4 = 0.403,8-12-47-11-8 = 0.597,8-10-51-43-4 = 0.032,8-40-44-51-43-4 = 0.581,7-31-52-29-14-5 = 0.435,5-35-56-36-7 = 0.194,5-18-54-34-13-5 = 0.5,5-32-55-14-5 = 0.145,5-38-50-16-5 = 0.113,5-38-41-57-4 = 0.113,5-35-38-5 = 0.774,5-25-51-43-4 = 0.29,5-56-55-32-5 = 0.774,5-18-54-13-14-5 = 0.419,5-25-9-46-47-4 = 0.403,5-25-9-10-58-5 = 0.113,5-18-55-32-5 = 0.081,5-25-9-51-44-4 = 0.016,5-25-9-58-46-4 = 0.177,5-34-13-51-43-4 = 0.081,5-34-58-46-43-4 = 0.016,5-34-58-10-46-4 = 0.403,4-15-57-4 = 0.403,4-22-57-4 = 0.081,4-17-57-4 = 0.403,4-17-15-28-4 = 0.597,4-45-20-40-23-8 = 0.419,4-41-50-16-5 = 0.887,4-45-20-11-8 = 0.403,4-20-49-19-37-7 = 0.177,4-10-49-19-37-7 = 0.452,5-35-56-42-5 = 0.032,7-21-49-29-37-7 = 0.194,4-45-49-29-19-37-7 = 0.177
285,282,733.578,12.0,0.279,1.588,453,454,4-22-4 = 0.5,5-42-5 = 1.0,7-31-52-29-19-8 = 0.5,7-48-24-30-7 = 1.0,7-21-26-36-7 = 0.5,7-52-29-37-7 = 0.5,7-31-21-26-36-7 = 0.5,8-33-23-39-8 = 0.5,8-33-39-8 = 0.5,8-12-44-28-4 = 0.5,8-12-47-11-8 = 0.5,8-40-44-51-43-4 = 0.5,8-10-49-19-37-7 = 0.5,5-41-50-16-5 = 0.5,5-18-54-34-13-5 = 0.5,5-35-38-5 = 1.0,5-56-55-32-5 = 1.0,5-18-25-9-58-14-5 = 0.5,8-49-10-46-47-8 = 0.5,4-22-57-4 = 0.5,4-17-57-4 = 0.5,4-17-15-28-4 = 0.5,4-51-46-43-4 = 0.5,5-25-9-58-13-14-5 = 0.5,5-54-34-15-4 = 0.5,4-45-20-40-23-8 = 0.5,4-41-50-16-5 = 0.5,4-45-20-11-8 = 0.5,8-27-53-8 = 1.0
453,285,735.565,0.0,1.987,0.0,Prune by CG,,4-22-4 = 0.5,5-42-5 = 1.0,7-31-52-29-19-8 = 0.5,7-48-24-30-7 = 1.0,7-21-26-36-7 = 0.5,8-53-27-8 = 1.0,8-40-28-15-4 = 0.5,7-52-29-37-7 = 0.5,7-31-21-26-36-7 = 0.5,8-33-23-39-8 = 1.0,8-12-44-28-4 = 0.5,8-40-44-51-43-4 = 0.5,5-18-54-34-13-5 = 0.5,5-35-38-5 = 1.0,5-56-55-32-5 = 1.0,5-18-25-9-58-14-5 = 0.5,8-49-10-46-47-8 = 0.5,4-17-57-4 = 1.0,4-51-46-43-4 = 0.5,5-25-9-58-13-14-5 = 0.5,5-54-34-15-4 = 0.5,4-41-50-16-5 = 1.0,4-12-47-11-8 = 0.5,4-45-20-11-8 = 0.5,5-10-49-19-37-7 = 0.5,4-45-20-22-4 = 0.5
454,285,733.827,12.0,0.249,0.0,455,456,4-22-4 = 0.5,5-42-5 = 1.0,7-31-52-29-19-8 = 0.5,7-48-24-30-7 = 1.0,7-21-26-36-7 = 0.5,8-53-27-8 = 1.0,7-52-29-37-7 = 0.5,7-31-21-26-36-7 = 0.5,8-33-23-39-8 = 0.5,8-33-39-8 = 0.5,8-12-47-11-8 = 0.5,8-40-44-51-43-4 = 0.5,8-10-49-19-37-7 = 0.5,5-41-50-16-5 = 0.5,5-18-54-34-13-5 = 0.5,5-35-38-5 = 1.0,5-56-55-32-5 = 1.0,5-18-25-9-58-14-5 = 0.5,8-49-10-46-47-4 = 0.5,4-22-57-4 = 0.5,4-17-57-4 = 0.5,4-17-15-28-4 = 0.5,4-12-44-28-4 = 0.5,4-51-46-43-4 = 0.5,5-25-9-58-13-14-5 = 0.5,5-54-34-15-4 = 0.5,4-45-20-40-23-8 = 0.5,4-41-50-16-5 = 0.5,4-45-20-11-8 = 0.5
455,454,737.17,0.0,3.343,0.0,Prune by CG,,4-22-4 = 0.5,5-42-5 = 1.0,7-31-52-29-19-8 = 0.5,7-48-24-30-7 = 1.0,7-21-26-36-7 = 0.5,8-53-27-8 = 1.0,7-52-29-37-7 = 0.5,7-31-21-26-36-7 = 0.5,8-33-23-39-8 = 0.5,8-33-39-8 = 0.5,8-12-47-11-8 = 0.5,8-40-44-51-43-4 = 0.5,8-10-49-19-37-7 = 0.5,5-18-54-34-13-4 = 0.5,5-35-38-5 = 1.0,5-56-55-32-5 = 1.0,5-18-25-9-58-14-5 = 0.5,8-49-10-46-47-4 = 0.5,4-22-57-4 = 0.5,4-17-57-4 = 0.5,4-17-15-28-4 = 0.5,4-12-44-28-4 = 0.5,4-51-46-43-4 = 0.5,5-25-9-58-13-14-5 = 0.5,5-54-34-15-4 = 0.5,4-45-20-40-23-8 = 0.5,4-41-50-16-5 = 1.0,4-45-20-11-8 = 0.5
456,454,734.079,10.252,0.253,-1.748,457,458,4-22-4 = 0.664,5-42-5 = 1.0,7-31-52-29-19-8 = 0.5,7-48-24-30-7 = 1.0,7-21-26-36-7 = 0.5,8-53-27-8 = 0.755,7-52-29-37-7 = 0.5,7-31-21-26-36-7 = 0.5,8-33-23-39-8 = 0.378,8-33-39-8 = 0.378,8-33-40-11-8 = 0.245,8-53-39-8 = 0.245,8-12-47-11-8 = 0.755,8-12-9-10-49-8 = 0.01,8-40-44-51-43-4 = 0.133,8-10-49-19-37-7 = 0.5,5-41-50-16-5 = 0.682,5-18-54-34-13-5 = 0.682,5-35-38-5 = 1.0,5-56-55-32-5 = 1.0,5-25-58-51-14-5 = 0.01,5-18-25-9-58-14-5 = 0.318,5-25-9-51-44-4 = 0.311,5-25-9-44-43-4 = 0.042,8-27-49-10-46-4 = 0.21,8-49-10-46-47-4 = 0.245,4-15-57-4 = 0.332,4-22-57-4 = 0.336,4-17-57-4 = 0.332,4-17-15-28-4 = 0.668,4-12-44-28-4 = 0.234,4-45-20-28-4 = 0.098,4-45-20-44-43-4 = 0.28,4-51-46-43-4 = 0.545,5-25-9-58-13-14-5 = 0.318,4-45-20-40-23-8 = 0.622,4-41-50-16-5 = 0.318,8-27-49-10-58-14-5 = 0.035,5-54-34-58-14-5 = 0.318
457,456,735.363,0.0,1.284,0.0,Prune by CG,,4-22-4 = 0.877,5-42-5 = 1.0,7-31-52-29-19-8 = 0.5,7-48-24-30-7 = 1.0,7-21-26-36-7 = 0.5,8-53-27-8 = 0.96,7-52-29-37-7 = 0.5,7-31-21-26-36-7 = 0.5,8-33-23-39-8 = 0.48,8-33-39-8 = 0.48,8-33-40-11-8 = 0.04,8-53-39-8 = 0.04,8-12-47-11-8 = 0.571,8-12-9-10-49-8 = 0.095,8-40-44-51-43-4 = 0.44,8-10-49-19-37-7 = 0.437,5-41-50-16-5 = 0.579,5-18-54-34-13-5 = 0.579,5-38-50-16-5 = 0.21,5-38-41-57-4 = 0.21,5-35-38-5 = 0.579,5-56-55-32-5 = 1.0,5-25-58-51-14-5 = 0.159,5-18-25-9-58-14-5 = 0.421,8-27-49-10-46-4 = 0.04,8-49-10-46-47-4 = 0.429,4-15-57-4 = 0.333,4-22-57-4 = 0.123,4-17-57-4 = 0.333,4-17-15-28-4 = 0.667,4-12-44-28-4 = 0.333,4-45-20-44-43-4 = 0.159,4-51-46-43-4 = 0.401,8-9-46-19-37-7 = 0.063,5-25-9-58-13-14-5 = 0.421,4-45-20-40-23-8 = 0.52,4-41-50-16-5 = 0.21,4-45-20-11-8 = 0.321,4-44-46-11-8 = 0.067,5-35-54-34-5 = 0.421
458,456,735.642,0.0,1.563,0.0,Prune by CG,,4-22-4 = 0.277,8-39-8 = 0.318,5-42-5 = 1.0,7-31-52-29-19-8 = 0.5,7-48-24-30-7 = 1.0,7-21-58-46-14-5 = 0.009,7-21-26-36-7 = 0.491,8-53-27-8 = 0.983,7-52-29-37-7 = 0.5,7-31-21-26-36-7 = 0.5,8-33-23-39-8 = 0.355,8-33-39-8 = 0.31,8-33-40-11-8 = 0.334,8-53-39-8 = 0.017,8-12-44-15-4 = 0.273,8-12-47-11-8 = 0.666,8-40-44-51-43-4 = 0.021,5-41-50-16-5 = 0.332,5-18-54-34-13-5 = 0.675,5-38-50-16-5 = 0.005,5-38-41-57-4 = 0.005,5-35-38-5 = 0.991,5-25-51-43-4 = 0.175,5-56-55-32-5 = 1.0,5-25-9-51-44-4 = 0.322,5-25-9-44-43-4 = 0.178,8-49-10-46-47-4 = 0.334,4-22-57-4 = 0.723,4-17-57-4 = 0.273,4-17-15-28-4 = 0.727,4-12-44-28-4 = 0.062,5-25-49-19-37-7 = 0.325,4-45-20-28-4 = 0.211,4-45-20-44-43-4 = 0.145,4-51-46-43-4 = 0.481,8-9-46-19-37-7 = 0.175,4-45-20-40-23-8 = 0.645,4-41-50-16-5 = 0.664,8-49-10-58-13-14-5 = 0.325,5-18-9-10-58-14-5 = 0.325,8-27-49-10-58-14-5 = 0.017,5-54-34-58-14-5 = 0.325,5-35-36-26-7 = 0.009
211,185,733.511,10.0,0.449,2.474,459,460,4-22-4 = 1.0,5-38-5 = 0.5,5-42-5 = 1.0,7-31-52-29-19-8 = 0.5,7-48-24-30-7 = 1.0,7-21-26-36-7 = 0.5,8-53-27-8 = 1.0,7-52-29-37-7 = 0.5,7-31-21-26-36-7 = 0.5,8-33-23-39-8 = 0.5,8-33-39-8 = 0.5,8-12-44-43-4 = 0.5,8-12-47-11-8 = 0.5,8-40-44-51-43-4 = 0.5,5-35-56-14-5 = 0.5,5-18-54-34-13-5 = 1.0,5-32-55-14-5 = 0.5,5-35-38-5 = 0.5,5-56-55-32-5 = 0.5,5-25-9-46-47-8 = 0.5,8-49-10-58-46-4 = 0.5,8-49-10-58-51-4 = 0.5,4-15-28-4 = 1.0,4-17-57-4 = 1.0,5-25-9-19-37-7 = 0.5,4-45-20-40-23-8 = 0.5,4-41-50-16-5 = 1.0,4-45-20-11-8 = 0.5
460,211,734.089,5.8,0.578,-4.2,461,462,4-22-4 = 1.0,8-33-8 = 0.225,8-39-8 = 0.275,5-42-5 = 1.0,7-31-52-29-19-8 = 0.312,7-48-24-30-7 = 1.0,7-21-26-36-7 = 0.688,8-53-27-8 = 1.0,7-52-29-37-7 = 0.312,7-31-21-26-36-7 = 0.312,8-33-23-39-8 = 0.188,8-33-39-8 = 0.538,8-33-40-11-8 = 0.05,8-12-44-43-4 = 0.05,8-12-47-11-8 = 0.95,8-40-44-51-43-4 = 0.137,8-25-58-28-4 = 0.013,7-31-52-29-14-5 = 0.375,5-18-54-34-13-5 = 0.375,5-35-38-5 = 1.0,5-56-55-32-5 = 1.0,5-18-54-13-14-5 = 0.387,5-18-25-9-51-4 = 0.238,5-54-34-13-14-5 = 0.238,5-25-9-46-47-8 = 0.05,5-25-9-10-49-8 = 0.013,5-34-51-44-43-4 = 0.387,8-49-10-58-46-4 = 0.95,8-49-10-58-15-4 = 0.025,8-49-58-51-28-4 = 0.012,4-15-28-4 = 0.975,4-17-57-4 = 1.0,5-25-9-19-37-7 = 0.688,4-45-20-44-43-4 = 0.188,4-44-51-43-4 = 0.225,4-45-20-40-23-8 = 0.812,4-41-50-16-5 = 1.0,4-9-10-44-43-4 = 0.012
461,460,735.165,0.0,1.077,0.0,Prune by CG,,4-22-4 = 1.0,8-39-8 = 0.25,5-42-5 = 1.0,7-31-52-29-19-8 = 0.5,7-48-24-30-7 = 1.0,7-21-26-36-7 = 0.5,8-53-27-8 = 1.0,7-52-29-37-7 = 0.5,7-31-21-26-36-7 = 0.5,8-33-39-8 = 0.625,8-40-23-39-8 = 0.125,8-12-47-11-8 = 1.0,5-18-54-34-13-5 = 0.125,5-35-38-5 = 1.0,5-56-55-32-5 = 1.0,5-18-54-13-14-5 = 0.125,5-18-25-9-51-4 = 0.5,5-54-34-13-14-5 = 0.625,5-18-54-34-14-5 = 0.125,8-49-10-58-46-4 = 1.0,4-15-28-4 = 1.0,4-17-57-4 = 1.0,5-25-9-19-37-7 = 0.5,4-45-20-44-43-4 = 0.5,4-44-51-43-4 = 0.5,4-45-20-40-23-8 = 0.5,4-41-50-16-5 = 1.0,8-33-40-23-8 = 0.375,5-18-34-13-14-5 = 0.125
427,426,734.131,7.0,0.413,-1.6,463,464,4-22-4 = 1.0,8-39-8 = 0.167,5-42-5 = 0.667,7-48-24-30-7 = 1.0,8-40-28-15-4 = 0.333,7-52-29-37-7 = 1.0,7-31-21-26-36-7 = 1.0,8-33-23-39-8 = 0.5,8-33-39-8 = 0.333,8-33-40-11-8 = 0.167,8-12-44-28-4 = 0.333,8-12-47-11-8 = 0.333,8-10-51-43-4 = 0.333,8-45-20-11-8 = 0.5,8-45-20-40-23-8 = 0.5,5-35-56-38-5 = 0.833,5-18-54-34-13-5 = 1.0,5-32-55-14-5 = 1.0,5-25-51-43-4 = 0.333,5-25-9-46-47-4 = 0.667,4-15-57-4 = 0.333,4-17-57-4 = 0.667,4-17-15-28-4 = 0.333,4-51-46-43-4 = 0.333,4-44-58-10-49-19-8 = 0.667,4-41-50-16-5 = 1.0,4-12-9-58-49-19-8 = 0.333,5-42-38-5 = 0.167,5-35-56-42-5 = 0.167,8-27-53-8 = 1.0
463,427,735.999,0.0,1.868,0.0,Prune by CG,,4-22-4 = 1.0,5-42-5 = 0.778,7-48-24-30-7 = 1.0,8-53-27-8 = 1.0,8-40-28-15-4 = 0.667,7-52-29-37-7 = 1.0,7-31-21-26-36-7 = 1.0,8-33-23-39-8 = 0.667,8-33-39-8 = 0.333,8-10-51-43-4 = 0.333,8-45-20-11-8 = 0.667,8-51-46-43-4 = 0.333,8-45-20-40-23-8 = 0.333,5-35-56-38-5 = 0.889,5-18-54-34-13-5 = 1.0,5-32-55-14-5 = 1.0,5-25-51-43-4 = 0.333,5-25-9-46-47-4 = 0.667,4-15-57-4 = 0.111,4-17-57-4 = 0.889,4-17-15-28-4 = 0.111,4-12-44-28-4 = 0.222,4-12-44-15-4 = 0.111,4-44-58-10-49-19-8 = 0.667,4-41-50-16-5 = 1.0,4-12-47-11-8 = 0.333,4-12-9-58-49-19-8 = 0.333,5-42-38-5 = 0.111,5-35-56-42-5 = 0.111
459,211,734.203,8.0,0.692,-2.0,465,466,4-22-4 = 1.0,8-33-8 = 0.5,8-39-8 = 0.5,5-42-5 = 1.0,7-31-52-29-19-8 = 0.5,7-48-24-30-7 = 1.0,7-21-26-36-7 = 0.5,8-53-27-8 = 1.0,7-52-29-37-7 = 0.5,7-31-21-26-36-7 = 0.5,8-33-23-39-8 = 0.5,8-12-44-43-4 = 0.5,8-12-47-11-8 = 0.5,8-40-44-51-43-4 = 0.5,5-35-56-38-5 = 1.0,5-18-54-34-13-5 = 1.0,5-32-55-14-5 = 1.0,5-25-9-46-47-8 = 0.5,8-49-10-58-46-4 = 0.5,8-49-10-58-51-4 = 0.5,4-15-28-4 = 1.0,4-17-57-4 = 1.0,5-25-9-19-37-7 = 0.5,4-45-20-40-23-8 = 0.5,4-41-50-16-5 = 1.0,4-45-20-11-8 = 0.5
465,459,736.509,0.0,2.306,0.0,Prune by CG,,4-22-4 = 1.0,8-33-8 = 0.5,8-39-8 = 0.5,5-42-5 = 1.0,7-31-52-29-19-8 = 0.5,7-48-24-30-7 = 1.0,7-21-26-36-7 = 0.5,8-53-27-8 = 1.0,7-52-29-37-7 = 0.5,7-31-21-26-36-7 = 0.5,8-33-23-39-8 = 0.5,8-12-44-43-4 = 0.5,8-12-47-11-8 = 0.5,8-45-20-40-23-8 = 0.5,5-35-56-38-5 = 1.0,5-18-54-34-13-5 = 1.0,5-32-55-14-5 = 1.0,5-25-9-46-47-8 = 0.5,8-49-10-58-46-4 = 0.5,8-49-10-58-51-4 = 0.5,4-28-15-4 = 1.0,4-17-57-4 = 1.0,5-25-9-19-37-7 = 0.5,4-45-44-51-43-4 = 0.5,4-20-40-11-8 = 0.5,4-41-50-16-5 = 1.0
466,459,735.476,0.0,1.273,0.0,Prune by CG,,4-22-4 = 1.0,8-33-8 = 0.5,8-39-8 = 0.5,5-42-5 = 1.0,7-31-52-29-19-8 = 0.5,7-48-24-30-7 = 1.0,7-21-26-36-7 = 0.5,8-53-27-8 = 1.0,7-52-29-37-7 = 0.5,7-31-21-26-36-7 = 0.5,8-33-39-8 = 0.5,8-12-47-11-8 = 1.0,8-40-44-51-43-4 = 0.5,5-35-56-38-5 = 1.0,5-18-54-34-13-5 = 1.0,5-32-55-14-5 = 1.0,8-49-10-58-46-4 = 1.0,4-28-15-4 = 1.0,4-17-57-4 = 1.0,5-25-9-19-37-7 = 0.5,4-45-20-44-43-4 = 0.5,4-45-20-40-23-8 = 0.5,4-41-50-16-5 = 1.0,5-25-9-51-23-8 = 0.5
413,412,733.811,5.833,0.099,0.682,467,468,4-22-4 = 1.0,8-33-8 = 0.083,8-39-8 = 0.208,5-42-5 = 1.0,7-36-26-7 = 0.5,7-31-52-29-19-8 = 0.125,7-24-30-7 = 0.042,7-21-52-29-5 = 0.5,7-48-29-37-7 = 0.042,7-48-24-30-7 = 0.958,7-31-52-54-5 = 0.042,8-53-27-8 = 1.0,7-31-21-26-36-7 = 0.5,8-33-23-39-8 = 0.125,8-33-39-8 = 0.667,8-33-40-11-8 = 0.125,8-12-10-13-5 = 0.042,8-12-51-13-5 = 0.042,8-12-47-11-8 = 0.833,8-12-9-46-4 = 0.083,8-10-49-19-37-7 = 0.875,7-31-52-29-14-5 = 0.333,5-18-54-34-13-5 = 0.25,5-35-38-5 = 1.0,5-56-55-32-5 = 1.0,5-18-54-13-14-5 = 0.667,5-18-25-54-5 = 0.042,5-25-9-46-47-4 = 0.167,5-25-9-51-44-4 = 0.708,5-34-58-46-43-4 = 0.75,5-58-51-44-43-4 = 0.25,4-15-28-4 = 0.833,4-15-57-4 = 0.083,4-17-57-4 = 0.917,4-17-15-28-4 = 0.083,4-45-20-28-4 = 0.083,5-25-9-10-49-7 = 0.042,4-45-20-40-23-8 = 0.875,4-41-50-16-5 = 1.0,4-45-20-11-8 = 0.042,4-44-10-49-37-7 = 0.042,5-18-25-49-37-7 = 0.042
467,413,738.083,0.0,4.272,0.0,Prune by CG,,4-22-4 = 1.0,8-33-8 = 0.205,8-39-8 = 0.341,5-42-5 = 1.0,7-31-52-29-19-8 = 0.455,7-48-24-30-7 = 1.0,7-21-26-36-7 = 1.0,8-53-27-8 = 1.0,8-33-23-39-8 = 0.136,8-33-39-8 = 0.523,8-33-40-11-8 = 0.136,8-12-47-11-8 = 0.864,8-12-9-46-4 = 0.136,8-10-49-19-37-7 = 0.545,7-31-52-29-14-5 = 0.545,8-45-20-40-23-8 = 0.5,5-41-50-16-5 = 0.182,5-35-38-5 = 1.0,5-56-55-32-5 = 1.0,5-18-54-13-14-5 = 0.432,5-18-25-54-5 = 0.409,5-34-51-44-15-4 = 0.205,5-34-58-46-43-4 = 0.636,5-58-51-44-43-4 = 0.364,4-28-15-4 = 0.773,4-17-57-4 = 1.0,4-45-20-28-4 = 0.136,8-9-10-46-47-4 = 0.136,5-54-9-49-37-7 = 0.136,5-25-54-14-5 = 0.023,4-45-20-40-23-8 = 0.364,4-41-50-16-5 = 0.818,5-25-9-51-13-5 = 0.409,4-44-10-49-37-7 = 0.318,5-18-25-9-34-13-5 = 0.159,5-9-51-44-15-4 = 0.023,4-44-46-28-4 = 0.091
468,413,733.87,5.333,0.059,-0.5,469,470,4-22-4 = 1.0,8-33-8 = 0.028,8-39-8 = 0.111,5-42-5 = 1.0,7-36-26-7 = 0.5,7-31-52-29-19-8 = 0.056,7-24-30-7 = 0.056,7-21-52-29-5 = 0.5,7-48-29-37-7 = 0.056,7-48-24-30-7 = 0.944,7-31-52-54-5 = 0.056,8-53-27-8 = 1.0,7-31-21-26-36-7 = 0.5,8-33-23-39-8 = 0.083,8-33-39-8 = 0.806,8-33-40-11-8 = 0.083,8-12-10-13-5 = 0.056,8-12-47-11-8 = 0.833,8-12-9-46-4 = 0.111,8-10-49-19-37-7 = 0.889,7-31-52-29-14-5 = 0.389,5-18-54-34-13-5 = 0.333,5-35-38-5 = 1.0,5-56-55-32-5 = 1.0,5-18-54-13-14-5 = 0.611,5-18-25-46-4 = 0.056,5-25-9-46-47-4 = 0.167,5-25-9-51-44-4 = 0.667,5-34-58-46-43-4 = 0.667,5-58-51-44-43-4 = 0.333,4-15-28-4 = 1.0,4-17-57-4 = 1.0,5-25-49-19-37-7 = 0.056,5-25-9-10-49-7 = 0.056,4-45-20-40-23-8 = 0.917,4-41-50-16-5 = 1.0,4-45-20-11-8 = 0.083
470,468,737.139,0.0,3.268,0.0,Prune by CG,,4-22-4 = 1.0,8-33-8 = 0.125,8-39-8 = 0.375,5-42-5 = 1.0,7-36-26-7 = 0.5,7-21-52-29-5 = 0.5,7-48-24-30-7 = 1.0,8-53-27-8 = 1.0,7-31-21-26-36-7 = 0.5,8-33-23-39-8 = 0.25,8-33-39-8 = 0.375,8-33-40-11-8 = 0.25,8-12-47-11-8 = 0.75,8-12-9-46-4 = 0.25,8-10-49-19-37-7 = 0.25,7-31-52-29-14-5 = 0.5,5-18-54-34-13-5 = 0.5,5-35-38-5 = 1.0,5-25-51-44-4 = 0.125,5-25-58-43-4 = 0.125,5-56-55-32-5 = 1.0,5-18-54-13-14-5 = 0.5,5-34-58-46-43-4 = 0.5,5-58-51-44-43-4 = 0.375,4-15-28-4 = 0.5,4-15-57-4 = 0.25,4-17-57-4 = 0.75,4-17-15-28-4 = 0.25,5-25-49-19-37-7 = 0.75,5-9-10-51-44-4 = 0.125,4-45-20-28-4 = 0.25,8-9-10-46-47-4 = 0.25,4-9-10-51-44-4 = 0.375,4-45-20-40-23-8 = 0.75,4-41-50-16-5 = 1.0
469,468,734.076,4.0,0.206,-1.333,471,472,4-22-4 = 1.0,5-42-5 = 1.0,7-36-26-7 = 0.5,7-21-52-29-5 = 0.5,7-48-24-30-7 = 1.0,8-53-27-8 = 1.0,7-31-21-26-36-7 = 0.5,8-33-39-8 = 1.0,8-12-47-11-8 = 1.0,8-10-49-19-37-7 = 1.0,7-31-52-29-14-5 = 0.5,5-18-54-34-13-5 = 0.5,5-35-38-5 = 1.0,5-56-55-32-5 = 1.0,5-18-54-13-14-5 = 0.5,5-25-9-51-44-4 = 1.0,5-34-58-46-43-4 = 0.5,5-58-46-43-4 = 0.5,4-15-28-4 = 1.0,4-17-57-4 = 1.0,4-45-20-40-23-8 = 1.0,4-41-50-16-5 = 1.0
471,469,735.447,0.0,1.37,0.0,Prune by CG,,4-22-4 = 1.0,5-42-5 = 1.0,7-48-24-30-7 = 1.0,7-21-26-36-7 = 1.0,8-53-27-8 = 1.0,8-33-39-8 = 1.0,8-12-47-11-8 = 1.0,8-10-49-19-37-7 = 1.0,7-31-52-29-14-5 = 1.0,5-18-54-34-13-5 = 1.0,5-35-38-5 = 1.0,5-56-55-32-5 = 1.0,5-25-9-51-44-4 = 1.0,5-58-46-43-4 = 1.0,4-15-28-4 = 1.0,4-17-57-4 = 1.0,4-45-20-40-23-8 = 1.0,4-41-50-16-5 = 1.0
274,197,734.157,6.5,1.034,-1.5,473,474,4-22-4 = 1.0,8-33-8 = 0.25,8-39-8 = 0.25,5-42-5 = 1.0,7-31-52-29-19-8 = 0.5,7-48-24-30-7 = 1.0,7-21-26-36-7 = 0.5,7-52-29-37-7 = 0.5,7-31-21-26-36-7 = 0.5,8-33-39-8 = 0.75,8-12-47-11-8 = 0.833,8-12-9-34-13-14-5 = 0.167,8-10-49-19-37-7 = 0.167,5-18-54-34-13-5 = 0.25,5-35-38-5 = 1.0,5-25-51-43-4 = 0.5,5-56-55-32-5 = 1.0,5-18-54-13-14-5 = 0.417,5-54-34-13-14-5 = 0.083,5-18-54-34-14-5 = 0.25,5-25-9-44-43-4 = 0.5,5-34-51-44-15-4 = 0.167,8-49-10-58-46-4 = 0.833,4-15-28-4 = 0.833,4-17-57-4 = 1.0,4-44-51-28-4 = 0.167,4-45-20-40-23-8 = 1.0,4-41-50-16-5 = 1.0,4-9-46-19-37-7 = 0.167,8-27-53-8 = 1.0,8-11-19-37-7 = 0.167,8-9-58-51-44-47-4 = 0.167,5-18-34-13-14-5 = 0.083
473,274,743.212,0.0,9.056,0.0,Prune by CG,,4-22-4 = 1.0,8-33-8 = 0.25,8-39-8 = 0.3,5-42-5 = 1.0,7-31-52-29-19-8 = 0.3,7-31-52-37-7 = 0.4,7-48-24-30-7 = 1.0,7-21-26-36-7 = 0.7,8-53-27-8 = 1.0,7-52-29-37-7 = 0.3,7-31-21-26-36-7 = 0.3,8-33-23-39-8 = 0.05,8-33-39-8 = 0.65,8-33-40-11-8 = 0.05,8-12-47-11-8 = 0.4,8-12-9-34-13-14-5 = 0.4,5-41-50-16-5 = 0.2,5-35-38-5 = 1.0,5-25-51-43-4 = 0.6,5-56-55-32-5 = 1.0,5-18-54-13-14-5 = 0.6,5-25-9-44-43-4 = 0.2,8-49-10-46-47-8 = 0.4,8-49-10-58-46-4 = 0.6,4-28-15-4 = 0.8,4-17-57-4 = 1.0,5-18-54-29-19-8 = 0.4,4-45-20-40-23-8 = 0.95,4-41-50-16-5 = 0.8,4-12-47-11-8 = 0.2,4-45-20-11-8 = 0.05,8-11-19-37-7 = 0.3,4-44-28-15-4 = 0.2,8-25-34-44-43-4 = 0.2,8-9-34-58-51-44-4 = 0.4
310,293,734.018,7.0,0.672,-0.667,475,476,4-22-4 = 1.0,8-33-8 = 0.174,8-39-8 = 0.391,5-42-5 = 1.0,7-31-52-29-19-7 = 0.304,7-48-24-30-7 = 1.0,7-31-52-54-5 = 0.391,7-21-26-36-7 = 1.0,8-53-27-8 = 1.0,7-52-29-37-7 = 0.304,8-33-23-39-8 = 0.217,8-33-39-8 = 0.391,8-33-40-11-8 = 0.217,8-12-47-11-8 = 0.609,7-31-29-19-37-7 = 0.304,8-12-9-34-13-14-5 = 0.391,5-35-38-5 = 1.0,5-25-51-43-4 = 0.174,5-56-55-32-5 = 1.0,5-18-54-13-14-5 = 0.609,5-18-25-58-44-4 = 0.043,5-18-25-58-49-47-4 = 0.13,5-18-58-49-19-37-7 = 0.217,5-25-9-51-44-4 = 0.174,5-25-9-44-43-4 = 0.435,5-34-58-10-46-4 = 0.435,8-49-10-46-47-4 = 0.261,8-49-10-51-44-4 = 0.304,4-15-28-4 = 1.0,4-17-57-4 = 1.0,5-34-58-29-19-37-7 = 0.087,5-34-58-49-19-37-7 = 0.087,4-45-20-44-43-4 = 0.043,4-51-46-43-4 = 0.304,4-45-20-40-23-8 = 0.783,4-41-50-16-5 = 1.0,4-45-20-11-8 = 0.174,4-25-51-43-4 = 0.043
476,310,736.022,0.0,2.003,0.0,Prune by CG,,4-22-4 = 1.0,8-33-8 = 0.167,8-39-8 = 0.333,5-42-5 = 1.0,7-31-52-29-19-7 = 0.5,7-48-24-30-7 = 1.0,7-21-26-36-7 = 1.0,8-53-27-8 = 1.0,7-52-29-37-7 = 0.5,7-31-25-9-43-4 = 0.5,8-33-23-39-8 = 0.167,8-33-39-8 = 0.5,8-33-40-11-8 = 0.167,8-12-44-15-4 = 0.167,8-12-47-11-8 = 0.833,8-45-20-40-23-8 = 0.167,5-35-38-5 = 1.0,5-56-55-32-5 = 1.0,5-18-54-13-14-5 = 1.0,5-34-58-10-46-4 = 0.5,8-49-10-46-47-4 = 0.167,8-49-10-51-44-4 = 0.333,4-28-15-4 = 0.833,4-17-57-4 = 1.0,5-34-58-49-19-37-7 = 0.5,4-45-20-28-4 = 0.167,4-51-46-43-4 = 0.333,4-25-9-51-44-4 = 0.333,4-45-20-40-23-8 = 0.667,4-41-50-16-5 = 1.0,4-25-9-44-43-4 = 0.167
305,253,733.849,9.3,0.458,0.55,477,478,4-22-4 = 1.0,5-38-5 = 0.383,5-42-5 = 1.0,7-36-26-7 = 0.467,7-31-52-29-19-7 = 0.467,7-48-24-30-7 = 1.0,7-21-26-36-7 = 0.067,7-21-49-19-37-7 = 0.467,7-52-29-37-7 = 0.467,7-31-21-26-36-7 = 0.467,8-33-23-39-8 = 0.217,8-33-39-8 = 0.783,8-12-44-28-4 = 0.2,8-12-47-11-8 = 0.45,8-10-51-43-4 = 0.417,8-40-44-51-43-4 = 0.217,7-31-52-29-14-5 = 0.067,5-35-56-14-5 = 0.383,5-35-56-38-5 = 0.1,5-18-54-34-13-5 = 0.933,5-32-55-14-5 = 0.483,5-35-38-5 = 0.517,5-25-58-51-47-4 = 0.133,5-56-55-32-5 = 0.517,5-18-54-13-14-5 = 0.067,5-25-9-46-47-8 = 0.083,5-25-9-58-46-4 = 0.783,5-34-58-46-15-4 = 0.067,8-49-10-51-44-4 = 0.167,8-49-10-44-43-4 = 0.367,4-28-15-4 = 0.667,4-15-57-4 = 0.133,4-17-57-4 = 0.867,4-17-15-28-4 = 0.133,4-12-9-58-51-4 = 0.017,4-45-20-40-23-8 = 0.783,4-41-50-16-5 = 1.0,4-12-47-11-8 = 0.333,4-45-20-11-8 = 0.217,4-9-46-19-37-7 = 0.067,8-27-53-8 = 1.0,8-9-10-51-44-4 = 0.05
477,305,737.433,0.0,3.584,0.0,Prune by CG,,4-22-4 = 1.0,5-38-5 = 0.195,5-42-5 = 1.0,8-53-8 = 0.171,7-21-55-14-5 = 0.122,7-31-52-29-19-7 = 0.756,7-48-37-7 = 0.512,7-24-30-7 = 0.268,7-21-32-14-5 = 0.122,7-30-24-26-36-7 = 0.244,7-48-24-30-7 = 0.488,7-21-26-36-7 = 0.512,8-53-27-8 = 0.829,7-52-29-37-7 = 0.244,7-31-21-26-36-7 = 0.244,8-33-23-39-8 = 0.415,8-33-39-8 = 0.585,8-12-47-43-4 = 0.171,8-40-44-51-43-4 = 0.415,5-35-56-14-5 = 0.439,5-18-54-34-13-5 = 1.0,5-32-55-14-5 = 0.317,5-38-50-16-5 = 0.122,5-38-41-57-4 = 0.122,5-35-38-5 = 0.561,5-56-55-32-5 = 0.561,5-25-9-58-46-4 = 1.0,8-49-10-51-44-4 = 0.585,8-27-49-10-43-4 = 0.171,8-49-10-47-43-4 = 0.244,4-28-15-4 = 0.878,4-17-57-4 = 0.878,4-17-15-28-4 = 0.122,4-45-20-40-23-8 = 0.585,4-41-50-16-5 = 0.878,4-12-47-11-8 = 0.585,4-45-20-11-8 = 0.415,4-12-19-37-7 = 0.244
478,305,735.443,0.0,1.594,0.0,Prune by CG,,4-22-4 = 1.0,8-33-8 = 0.1,5-38-5 = 0.1,8-39-8 = 0.3,5-42-5 = 1.0,7-36-26-7 = 0.4,7-31-52-29-19-7 = 0.4,7-48-24-30-7 = 1.0,7-21-26-36-7 = 0.2,7-21-49-19-37-7 = 0.4,8-53-27-8 = 1.0,7-52-29-37-7 = 0.4,7-31-21-26-36-7 = 0.4,8-33-23-39-8 = 0.2,8-33-39-8 = 0.5,8-33-40-11-8 = 0.2,8-12-44-28-4 = 0.4,8-12-47-11-8 = 0.4,8-10-51-43-4 = 0.4,7-31-52-29-14-5 = 0.2,5-35-56-14-5 = 0.1,5-18-54-34-13-5 = 0.6,5-32-55-14-5 = 0.1,5-35-38-5 = 0.9,5-25-58-51-47-4 = 0.2,5-56-55-32-5 = 0.9,5-18-54-13-14-5 = 0.4,5-25-9-46-47-8 = 0.2,5-25-9-46-14-5 = 0.2,5-25-9-58-46-4 = 0.4,5-34-58-51-15-4 = 0.4,8-49-10-44-43-4 = 0.6,4-28-15-4 = 0.6,4-17-57-4 = 1.0,4-45-20-40-23-8 = 0.8,4-41-50-16-5 = 1.0,4-12-47-11-8 = 0.2,4-45-20-11-8 = 0.2,4-9-46-19-37-7 = 0.2
72,39,733.426,10.0,1.711,3.111,479,480,4-22-4 = 1.0,8-33-8 = 0.25,5-38-5 = 0.25,8-39-8 = 0.25,5-42-5 = 1.0,7-36-26-7 = 0.25,7-31-52-29-19-8 = 0.5,7-31-52-37-7 = 0.25,7-48-24-30-7 = 1.0,7-21-26-36-7 = 0.75,7-52-29-37-7 = 0.25,7-31-29-19-11-8 = 0.25,8-33-23-39-8 = 0.5,8-33-39-8 = 0.25,8-12-47-11-8 = 0.75,8-10-51-43-4 = 0.25,8-40-44-51-43-4 = 0.5,8-45-20-44-43-4 = 0.25,5-35-56-21-7 = 0.25,5-18-54-34-13-5 = 0.75,5-32-55-14-5 = 0.25,5-35-38-5 = 0.75,5-56-55-32-5 = 0.75,5-18-54-13-14-5 = 0.25,5-25-9-46-14-5 = 0.5,5-34-58-10-46-4 = 0.25,8-49-10-51-44-4 = 0.25,4-28-15-4 = 0.5,4-15-57-4 = 0.25,4-17-57-4 = 0.75,4-17-15-28-4 = 0.25,5-25-58-49-37-7 = 0.5,4-45-20-28-4 = 0.25,8-9-10-46-47-4 = 0.25,4-45-20-40-23-8 = 0.5,4-41-50-16-5 = 1.0,4-12-9-58-49-19-8 = 0.25,8-27-53-8 = 1.0
479,72,735.267,0.0,1.84,0.0,Prune by CG,,4-22-4 = 1.0,8-33-8 = 0.609,5-38-5 = 0.043,8-39-8 = 0.609,5-42-5 = 1.0,7-48-24-30-7 = 1.0,8-53-27-8 = 1.0,7-52-29-37-7 = 1.0,7-31-21-26-36-7 = 1.0,8-33-23-39-8 = 0.391,8-12-47-11-8 = 1.0,8-40-44-51-43-4 = 0.391,8-45-20-44-43-4 = 0.043,8-51-46-43-4 = 0.565,8-45-20-40-23-8 = 0.087,5-35-56-14-5 = 0.043,5-18-54-34-13-5 = 0.304,5-32-55-14-5 = 0.043,5-35-38-5 = 0.957,5-56-55-32-5 = 0.957,5-18-54-13-14-5 = 0.217,5-54-34-13-14-5 = 0.478,5-25-9-10-58-4 = 0.261,5-18-25-9-49-19-8 = 0.478,5-25-9-51-44-4 = 0.043,5-25-9-46-14-5 = 0.217,5-34-58-10-46-4 = 0.217,4-28-15-4 = 0.304,4-15-57-4 = 0.348,4-17-57-4 = 0.652,4-17-15-28-4 = 0.348,4-45-20-28-4 = 0.348,4-45-20-40-23-8 = 0.522,4-41-50-16-5 = 1.0,4-44-58-10-49-19-4 = 0.522
480,72,733.917,8.519,0.491,-1.481,481,482,4-22-4 = 1.0,5-38-5 = 0.315,5-42-5 = 1.0,7-36-26-7 = 0.315,7-31-52-29-19-8 = 0.407,7-31-52-37-7 = 0.296,7-48-37-7 = 0.019,7-24-30-7 = 0.019,7-48-24-30-7 = 0.981,7-21-26-36-7 = 0.685,8-53-27-8 = 1.0,7-52-29-37-7 = 0.296,8-12-46-19-8 = 0.093,7-31-29-19-11-8 = 0.296,8-33-23-39-8 = 0.315,8-33-39-8 = 0.685,8-12-44-28-4 = 0.074,8-12-47-11-8 = 0.667,8-10-51-43-4 = 0.37,8-40-44-51-43-4 = 0.315,8-45-20-44-43-4 = 0.315,5-35-56-21-7 = 0.315,5-18-54-34-13-5 = 0.741,5-32-55-14-5 = 0.315,5-35-38-5 = 0.685,5-56-55-32-5 = 0.685,5-18-54-13-14-5 = 0.111,5-54-34-13-14-5 = 0.148,5-18-25-9-58-14-5 = 0.148,5-25-9-46-14-5 = 0.278,5-25-9-58-46-4 = 0.204,5-34-58-46-15-4 = 0.074,8-49-10-46-47-4 = 0.241,8-49-10-51-44-4 = 0.185,4-28-15-4 = 0.926,4-17-57-4 = 1.0,5-34-58-49-19-11-8 = 0.037,5-25-58-49-37-7 = 0.37,8-9-10-46-47-4 = 0.093,4-9-10-51-44-4 = 0.111,4-45-20-40-23-8 = 0.685,4-41-50-16-5 = 1.0,4-12-9-58-49-19-8 = 0.167,4-51-46-37-7 = 0.019
419,418,734.026,10.741,0.381,-0.509,483,484,4-22-4 = 1.0,8-39-8 = 0.481,5-42-5 = 1.0,7-36-26-7 = 0.074,7-31-52-29-19-8 = 0.5,7-21-52-29-7 = 0.074,7-48-24-30-7 = 1.0,7-21-26-36-7 = 0.5,7-52-29-37-7 = 0.426,7-31-21-26-36-7 = 0.426,8-33-23-39-8 = 0.519,8-33-40-11-8 = 0.111,8-12-47-11-8 = 0.685,8-12-9-10-49-8 = 0.315,8-40-44-51-43-4 = 0.315,8-10-49-19-37-7 = 0.5,5-35-56-14-5 = 0.5,5-18-54-34-13-5 = 1.0,5-32-55-14-5 = 0.5,5-35-38-5 = 0.5,5-25-58-46-4 = 0.037,5-25-58-51-47-4 = 0.241,5-56-55-32-5 = 0.5,5-25-9-58-46-4 = 0.685,4-28-15-4 = 0.315,4-15-57-4 = 0.259,4-17-57-4 = 0.741,4-17-15-28-4 = 0.259,4-45-20-28-4 = 0.426,4-45-20-44-43-4 = 0.407,4-51-46-43-4 = 0.278,4-45-44-51-15-4 = 0.167,5-25-58-49-40-23-8 = 0.037,4-20-40-11-8 = 0.167,4-41-50-16-5 = 1.0,5-42-38-5 = 0.5,8-27-53-8 = 1.0,4-44-10-49-37-7 = 0.074,8-33-40-23-8 = 0.37,7-31-49-10-47-23-8 = 0.074,4-44-10-11-8 = 0.037
484,419,738.686,0.0,4.66,0.0,Prune by CG,,4-22-4 = 1.0,8-33-8 = 0.292,5-38-5 = 0.5,8-39-8 = 0.368,5-42-5 = 1.0,7-36-26-7 = 0.032,7-31-52-29-19-8 = 0.484,7-31-52-37-7 = 0.155,7-21-52-29-7 = 0.032,7-48-24-30-7 = 1.0,7-21-26-36-7 = 0.795,7-31-49-46-43-4 = 0.188,8-53-27-8 = 1.0,7-52-29-37-7 = 0.328,7-31-21-26-36-7 = 0.173,8-33-23-39-8 = 0.632,8-33-40-11-8 = 0.076,8-12-47-11-8 = 0.798,8-40-44-51-43-4 = 0.556,5-35-56-14-5 = 0.5,5-18-54-34-13-5 = 1.0,5-32-55-14-5 = 0.5,5-35-38-5 = 0.5,5-56-55-32-5 = 0.5,5-25-9-58-46-4 = 0.227,5-25-9-58-51-4 = 0.007,5-25-58-49-46-4 = 0.397,4-15-57-4 = 0.356,4-17-57-4 = 0.644,4-17-15-28-4 = 0.356,4-45-20-28-4 = 0.644,4-45-20-44-43-4 = 0.069,4-51-46-43-4 = 0.188,4-45-44-51-15-4 = 0.249,5-25-58-49-40-23-8 = 0.368,4-41-50-16-5 = 1.0,8-9-10-19-37-7 = 0.516,4-45-20-15-4 = 0.038,4-20-12-9-49-8 = 0.047,8-12-10-29-7 = 0.155,4-44-10-11-8 = 0.126,4-20-9-10-47-8 = 0.202
45,7,734.036,8.913,2.545,-0.366,485,486,4-22-4 = 1.0,5-42-5 = 0.652,7-31-52-29-19-8 = 0.191,7-21-52-29-7 = 0.043,7-30-24-26-36-7 = 0.043,7-48-24-30-7 = 0.957,7-52-29-46-4 = 0.191,7-21-58-51-44-4 = 0.043,7-21-26-36-7 = 0.678,7-48-26-36-7 = 0.043,7-31-21-26-36-7 = 0.235,8-33-23-39-8 = 0.539,8-33-39-8 = 0.461,8-12-47-11-8 = 0.922,8-40-44-51-43-4 = 0.539,7-31-52-29-14-5 = 0.574,5-18-54-34-13-5 = 0.922,5-32-55-14-5 = 0.348,5-38-50-16-5 = 0.174,5-38-41-57-4 = 0.174,5-35-38-5 = 0.652,5-25-51-43-4 = 0.191,5-25-58-10-49-8 = 0.809,5-56-55-32-5 = 0.652,5-18-54-13-14-5 = 0.078,5-34-51-44-15-4 = 0.078,5-58-51-44-43-4 = 0.148,4-15-57-4 = 0.339,4-17-57-4 = 0.487,4-17-15-28-4 = 0.513,4-45-20-28-4 = 0.417,4-45-20-44-43-4 = 0.122,8-9-46-19-37-7 = 0.809,4-45-20-40-23-8 = 0.461,4-41-50-16-5 = 0.826,4-12-47-11-8 = 0.078,5-35-56-42-5 = 0.348,8-27-53-8 = 1.0,8-9-10-49-37-7 = 0.191,4-44-28-15-4 = 0.07
485,45,734.911,0.0,0.875,0.0,Prune by CG,,4-22-4 = 0.905,5-42-5 = 0.712,7-31-52-29-19-8 = 0.182,7-48-24-30-7 = 1.0,7-31-52-54-5 = 0.121,7-21-26-36-7 = 1.0,8-53-27-8 = 1.0,7-52-29-37-7 = 0.121,8-33-23-39-8 = 0.712,8-33-39-8 = 0.288,8-12-47-11-8 = 0.621,8-40-44-51-43-4 = 0.712,7-31-29-47-11-8 = 0.121,7-31-52-29-14-5 = 0.576,5-18-54-34-13-5 = 0.545,5-32-55-14-5 = 0.167,5-38-50-16-5 = 0.144,5-38-41-57-4 = 0.144,8-12-9-58-37-7 = 0.045,5-35-38-5 = 0.712,5-25-58-10-49-8 = 0.864,5-56-55-32-5 = 0.712,5-18-54-13-14-5 = 0.258,5-18-25-54-5 = 0.076,5-18-55-32-5 = 0.121,5-34-51-44-15-4 = 0.258,5-34-13-46-43-4 = 0.197,5-58-51-44-43-4 = 0.03,4-15-57-4 = 0.299,4-17-57-4 = 0.557,4-17-15-28-4 = 0.443,5-25-58-47-43-4 = 0.061,4-45-20-28-4 = 0.557,8-9-46-19-37-7 = 0.803,4-45-20-40-23-8 = 0.288,4-41-50-16-5 = 0.856,4-12-47-11-8 = 0.197,4-45-20-11-8 = 0.061,8-9-10-19-37-7 = 0.015,4-45-20-22-4 = 0.095,5-35-56-42-5 = 0.288,8-12-9-10-49-7 = 0.121,8-12-9-49-37-7 = 0.015
486,45,735.819,0.0,1.784,0.0,Prune by CG,,4-22-4 = 1.0,8-39-8 = 0.231,5-42-5 = 0.436,7-31-52-29-19-8 = 0.179,7-48-24-30-7 = 1.0,7-31-52-54-5 = 0.128,7-21-26-36-7 = 1.0,7-31-49-10-58-44-4 = 0.128,8-53-27-8 = 1.0,7-52-29-37-7 = 0.128,8-33-23-39-8 = 0.256,8-33-39-8 = 0.487,8-33-40-11-8 = 0.256,8-12-44-28-4 = 0.256,8-40-23-39-8 = 0.026,8-12-47-11-8 = 0.744,7-31-52-29-14-5 = 0.564,5-18-54-34-13-5 = 0.872,5-32-55-14-5 = 0.436,5-38-50-16-5 = 0.282,5-38-41-57-4 = 0.282,5-35-38-5 = 0.436,5-25-51-43-4 = 0.385,5-25-58-10-49-8 = 0.462,5-25-58-51-47-4 = 0.154,5-56-55-32-5 = 0.436,5-18-55-32-5 = 0.128,5-34-13-51-15-4 = 0.128,8-49-10-46-47-4 = 0.103,4-15-57-4 = 0.128,4-17-57-4 = 0.59,4-17-15-28-4 = 0.41,4-45-20-44-43-4 = 0.282,4-51-46-43-4 = 0.333,8-9-46-19-37-7 = 0.564,4-45-20-40-23-8 = 0.718,4-41-50-16-5 = 0.718,8-9-10-19-37-7 = 0.128,5-35-56-42-5 = 0.564,8-9-58-10-49-29-7 = 0.128,8-9-10-49-37-7 = 0.051,4-44-28-15-4 = 0.333,8-9-58-49-19-37-7 = 0.128
216,208,733.751,11.667,0.971,1.667,487,488,4-22-4 = 1.0,5-38-5 = 0.083,5-42-5 = 1.0,7-31-52-29-19-8 = 0.5,7-48-24-30-7 = 1.0,7-21-26-36-7 = 0.5,8-53-27-8 = 0.5,8-53-27-40-23-8 = 0.5,7-52-29-37-7 = 0.5,7-31-21-26-36-7 = 0.5,8-33-23-39-8 = 0.5,8-33-39-8 = 0.5,8-12-47-11-8 = 0.75,8-40-44-51-43-4 = 0.5,8-10-49-19-37-7 = 0.5,5-35-56-14-5 = 0.333,5-35-56-38-5 = 0.333,5-18-54-34-13-5 = 1.0,5-32-55-14-5 = 0.667,5-38-50-16-5 = 0.25,5-35-38-5 = 0.333,5-56-55-32-5 = 0.333,5-25-9-10-58-5 = 0.25,5-25-9-58-46-4 = 0.083,5-25-9-58-46-8 = 0.5,5-25-9-58-51-4 = 0.167,8-49-10-46-47-8 = 0.25,4-15-57-4 = 0.5,4-17-57-4 = 0.25,4-17-15-28-4 = 0.5,4-45-20-28-4 = 0.5,4-45-20-44-43-4 = 0.333,4-45-20-44-51-4 = 0.167,4-51-46-43-4 = 0.167,4-17-41-57-4 = 0.25,4-41-50-16-5 = 0.75,8-12-49-11-8 = 0.25
488,216,734.038,10.4,0.286,-1.267,489,490,4-22-4 = 1.0,5-38-5 = 0.1,5-42-5 = 1.0,7-31-52-29-19-8 = 0.5,7-48-24-30-7 = 1.0,7-21-26-36-7 = 0.5,8-53-27-40-23-8 = 0.9,7-52-29-37-7 = 0.5,7-31-21-26-36-7 = 0.5,8-33-23-39-8 = 0.1,8-33-39-8 = 0.9,8-12-47-11-8 = 0.7,8-40-44-51-43-4 = 0.1,8-10-49-19-37-7 = 0.4,5-35-56-14-5 = 0.1,5-35-56-38-5 = 0.5,5-18-54-34-13-5 = 0.7,5-32-55-14-5 = 0.6,5-35-38-5 = 0.4,5-56-55-32-5 = 0.4,5-18-54-13-14-5 = 0.3,5-25-9-10-58-5 = 0.3,5-25-9-58-46-4 = 0.5,5-25-9-58-51-4 = 0.2,5-34-51-44-43-4 = 0.3,8-49-10-46-47-8 = 0.3,4-15-57-4 = 0.5,4-17-57-4 = 0.5,4-17-15-28-4 = 0.5,4-45-20-28-4 = 0.5,4-45-20-44-43-4 = 0.4,4-45-20-44-51-4 = 0.1,4-51-46-43-4 = 0.2,4-41-50-16-5 = 1.0,8-27-53-8 = 0.1,8-12-49-11-8 = 0.3,4-44-51-19-37-7 = 0.1
489,488,735.055,0.0,1.017,0.0,Prune by CG,,4-22-4 = 0.5,5-42-5 = 1.0,7-31-52-29-19-8 = 0.5,7-48-24-30-7 = 1.0,7-21-26-36-7 = 0.5,8-53-27-40-23-8 = 0.5,7-52-29-37-7 = 0.5,7-31-21-26-36-7 = 0.5,8-33-39-8 = 0.75,8-40-23-39-8 = 0.25,8-12-47-11-8 = 0.75,8-10-49-19-37-7 = 0.5,5-18-54-34-13-5 = 0.375,5-35-38-5 = 1.0,5-56-55-32-5 = 1.0,5-18-54-13-14-5 = 0.625,5-25-9-10-58-5 = 0.25,5-25-9-58-46-4 = 0.75,5-34-51-44-43-4 = 0.625,8-49-10-46-47-8 = 0.25,4-15-57-4 = 0.5,4-17-57-4 = 0.5,4-17-15-28-4 = 0.5,4-45-20-28-4 = 0.5,4-41-50-16-5 = 1.0,4-45-20-22-4 = 0.5,8-27-53-8 = 0.5,8-12-49-11-8 = 0.25,4-44-51-43-14-5 = 0.375,8-33-40-23-8 = 0.25
487,216,734.335,8.5,0.584,-3.167,491,492,4-22-4 = 0.5,5-42-5 = 1.0,7-31-52-29-19-8 = 0.5,7-48-24-30-7 = 1.0,7-21-26-36-7 = 0.5,7-52-29-37-7 = 0.5,7-31-21-26-36-7 = 0.5,8-33-23-39-8 = 1.0,8-12-47-11-8 = 0.75,8-40-44-51-43-4 = 1.0,8-10-49-19-37-7 = 0.5,5-35-56-14-5 = 0.25,5-35-56-38-5 = 0.5,5-18-54-34-13-5 = 1.0,5-32-55-14-5 = 0.75,5-35-38-5 = 0.25,5-56-55-32-5 = 0.25,5-25-9-58-46-8 = 0.75,8-49-10-46-47-8 = 0.25,4-15-57-4 = 0.5,4-17-57-4 = 0.5,4-17-15-28-4 = 0.5,4-45-20-28-4 = 0.5,5-25-9-58-10-8 = 0.25,4-41-50-16-5 = 1.0,5-42-38-5 = 0.25,4-45-20-22-4 = 0.5,8-27-53-8 = 1.0,8-12-49-11-8 = 0.25
491,487,734.728,0.0,0.392,0.0,Prune by CG,,4-22-4 = 0.5,5-38-5 = 0.25,5-42-5 = 1.0,7-31-52-29-19-8 = 0.5,7-48-24-30-7 = 1.0,7-21-26-36-7 = 0.5,7-52-29-37-7 = 0.5,7-31-21-26-36-7 = 0.5,8-33-23-39-8 = 1.0,8-12-47-11-8 = 0.75,8-40-44-51-43-4 = 1.0,8-10-49-19-37-7 = 0.5,5-35-56-5 = 0.25,5-35-56-38-5 = 0.75,5-18-54-34-13-5 = 1.0,5-32-55-14-5 = 1.0,5-25-9-58-46-8 = 0.75,8-49-10-46-47-8 = 0.25,4-15-57-4 = 0.5,4-17-57-4 = 0.5,4-17-15-28-4 = 0.5,4-45-20-28-4 = 0.5,5-25-9-58-10-8 = 0.25,4-41-50-16-5 = 1.0,4-45-20-22-4 = 0.5,8-27-53-8 = 1.0,8-12-49-11-8 = 0.25
492,487,735.345,0.0,1.01,0.0,Prune by CG,,4-22-4 = 0.5,5-42-5 = 1.0,7-31-52-29-19-8 = 0.5,7-48-24-30-7 = 1.0,7-21-26-36-7 = 0.5,7-52-29-37-7 = 0.5,7-31-21-26-36-7 = 0.5,8-33-23-39-8 = 1.0,8-12-47-11-8 = 0.75,8-40-44-51-43-4 = 1.0,8-10-49-19-37-7 = 0.5,5-18-54-34-13-5 = 0.25,5-35-38-5 = 1.0,5-56-55-32-5 = 1.0,5-18-54-13-14-5 = 0.25,5-54-34-13-14-5 = 0.25,5-18-54-34-14-5 = 0.25,5-25-9-58-46-8 = 0.75,8-49-10-46-47-8 = 0.25,4-15-57-4 = 0.5,4-17-57-4 = 0.5,4-17-15-28-4 = 0.5,4-45-20-28-4 = 0.5,5-25-9-58-10-8 = 0.25,4-41-50-16-5 = 1.0,4-45-20-22-4 = 0.5,8-27-53-8 = 1.0,8-12-49-11-8 = 0.25,5-18-34-13-14-5 = 0.25
29,3,733.942,6.667,2.947,0.167,493,494,4-22-4 = 1.0,5-42-5 = 1.0,7-31-52-29-19-8 = 0.5,7-48-24-30-7 = 1.0,7-21-26-36-7 = 0.5,8-53-27-8 = 1.0,7-52-29-37-7 = 0.5,7-31-21-26-36-7 = 0.5,8-33-39-8 = 1.0,8-12-47-11-8 = 1.0,8-10-49-19-37-7 = 0.5,5-35-56-14-5 = 0.333,5-18-54-34-13-5 = 0.667,5-32-55-14-5 = 0.333,5-35-38-5 = 0.667,5-25-10-44-4 = 0.167,5-56-55-32-5 = 0.667,5-18-54-13-14-5 = 0.167,5-18-25-54-5 = 0.167,5-25-9-51-44-4 = 0.667,5-34-13-51-46-4 = 0.167,8-49-10-58-43-4 = 0.167,8-49-58-46-43-4 = 0.333,4-28-15-4 = 1.0,4-17-57-4 = 1.0,4-45-20-40-23-8 = 1.0,4-41-50-16-5 = 1.0,5-42-38-5 = 0.333,8-9-58-46-43-4 = 0.333,5-34-10-46-14-5 = 0.167,8-58-51-44-43-4 = 0.167
493,29,735.779,0.0,1.837,0.0,Prune by CG,,4-22-4 = 1.0,8-33-8 = 0.167,8-39-8 = 0.167,5-42-5 = 1.0,7-31-52-29-19-7 = 0.167,7-31-52-29-19-8 = 0.333,7-31-52-37-7 = 0.167,7-48-24-30-7 = 1.0,7-21-26-36-7 = 0.833,7-52-29-37-7 = 0.333,7-31-21-26-36-7 = 0.167,8-33-39-8 = 0.833,8-12-47-11-8 = 1.0,7-31-29-19-37-7 = 0.167,5-41-50-16-5 = 1.0,5-18-54-34-13-5 = 1.0,5-35-38-5 = 1.0,5-56-55-32-5 = 1.0,5-25-9-51-44-4 = 0.333,8-49-58-46-43-4 = 0.667,4-15-28-4 = 1.0,4-17-57-4 = 1.0,4-45-20-40-23-8 = 1.0,8-49-10-46-14-5 = 0.333,8-27-53-8 = 1.0,8-58-51-44-43-4 = 0.333,5-25-9-10-14-5 = 0.667,4-44-51-19-37-7 = 0.333
260,42,734.334,8.4,1.682,-2.1,495,496,4-22-4 = 0.8,5-42-5 = 1.0,7-31-52-29-19-7 = 0.1,7-31-52-29-19-8 = 0.5,7-48-24-30-7 = 1.0,7-21-26-36-7 = 0.6,7-52-29-37-7 = 0.4,7-31-21-26-36-7 = 0.4,8-33-23-39-8 = 0.6,8-33-39-8 = 0.4,8-12-44-28-4 = 0.4,8-12-47-11-8 = 0.4,8-40-44-51-43-4 = 0.6,8-45-20-11-8 = 0.6,8-45-20-40-23-8 = 0.4,5-35-56-38-5 = 1.0,5-18-54-34-13-5 = 1.0,5-32-55-14-5 = 1.0,5-25-58-10-49-8 = 0.5,5-25-9-46-47-4 = 0.3,4-15-57-4 = 0.4,4-22-57-4 = 0.2,4-17-57-4 = 0.4,4-17-15-28-4 = 0.6,7-49-10-58-46-4 = 0.1,5-25-58-49-37-7 = 0.2,4-51-46-43-4 = 0.4,4-41-50-16-5 = 1.0,4-9-46-19-37-7 = 0.1,4-9-10-19-37-7 = 0.3,4-9-10-46-47-4 = 0.1,8-27-53-8 = 1.0,4-12-9-58-49-47-4 = 0.2
495,260,734.737,0.0,0.403,0.0,Prune by CG,,4-22-4 = 0.926,5-42-5 = 0.824,7-31-52-29-19-7 = 0.147,7-31-52-29-19-8 = 0.5,7-30-24-26-36-7 = 0.074,7-48-24-30-7 = 0.926,7-21-54-34-14-5 = 0.147,7-21-26-36-7 = 0.5,7-48-26-36-7 = 0.074,7-52-29-37-7 = 0.353,7-31-21-26-36-7 = 0.353,8-33-23-39-8 = 0.618,8-33-39-8 = 0.382,8-12-44-28-4 = 0.382,8-12-47-11-8 = 0.382,8-40-44-51-43-4 = 0.618,8-45-20-11-8 = 0.618,8-45-20-40-23-8 = 0.382,5-35-56-14-5 = 0.147,5-18-54-34-13-5 = 0.647,5-32-55-14-5 = 0.324,5-38-50-16-5 = 0.162,5-38-41-57-4 = 0.162,5-35-38-5 = 0.676,5-25-51-43-4 = 0.059,5-25-58-10-49-8 = 0.5,5-56-55-32-5 = 0.676,5-18-54-13-14-5 = 0.176,5-18-54-34-14-5 = 0.029,5-18-25-58-49-47-4 = 0.147,4-15-57-4 = 0.382,4-22-57-4 = 0.074,4-17-57-4 = 0.382,4-17-15-28-4 = 0.618,5-25-58-49-37-7 = 0.294,4-51-46-43-4 = 0.324,4-41-50-16-5 = 0.838,4-9-46-19-37-7 = 0.265,4-9-10-19-37-7 = 0.088,4-9-10-46-47-4 = 0.412,5-35-56-42-5 = 0.176,8-27-53-8 = 1.0,4-12-9-34-13-14-5 = 0.176,4-12-9-58-49-47-4 = 0.059
496,260,735.703,0.0,1.369,0.0,Prune by CG,,4-22-4 = 0.727,5-42-5 = 0.727,7-31-52-29-19-7 = 0.409,7-31-52-29-19-8 = 0.045,7-48-24-30-7 = 1.0,7-31-52-9-58-49-8 = 0.227,7-21-26-36-7 = 0.909,7-52-29-37-7 = 0.318,7-31-21-26-36-7 = 0.091,8-33-23-39-8 = 0.364,8-33-39-8 = 0.636,8-12-44-28-4 = 0.364,8-12-47-11-8 = 0.636,8-40-44-51-43-4 = 0.364,7-31-29-19-37-7 = 0.227,8-45-20-11-8 = 0.364,8-45-20-40-23-8 = 0.636,5-35-56-38-5 = 0.5,5-18-54-34-13-5 = 1.0,5-32-55-14-5 = 0.636,5-35-38-5 = 0.364,5-25-58-10-49-8 = 0.455,5-56-55-32-5 = 0.364,5-25-9-46-47-4 = 0.364,5-25-9-46-14-5 = 0.091,4-15-57-4 = 0.364,4-22-57-4 = 0.273,4-17-57-4 = 0.364,4-17-15-28-4 = 0.636,7-49-10-58-46-4 = 0.182,5-25-58-49-37-7 = 0.091,4-51-46-43-4 = 0.364,4-41-50-16-5 = 1.0,5-42-38-5 = 0.136,5-35-56-42-5 = 0.136,8-27-53-8 = 1.0,4-44-51-43-14-5 = 0.273,5-9-10-19-37-7 = 0.318,5-58-10-49-37-7 = 0.045
267,232,733.889,10.25,0.767,0.679,497,498,4-22-4 = 0.5,5-42-5 = 1.0,7-31-52-29-19-8 = 0.375,7-48-24-30-7 = 1.0,7-21-26-36-7 = 0.375,7-52-29-37-7 = 0.625,7-31-21-26-36-7 = 0.625,8-33-23-39-8 = 0.25,8-33-39-8 = 0.75,8-12-47-11-8 = 1.0,8-40-44-51-43-4 = 0.25,8-25-9-51-44-4 = 0.125,8-25-9-44-43-4 = 0.375,5-35-56-14-5 = 0.125,5-35-56-38-5 = 0.375,5-18-54-34-13-5 = 0.625,5-32-55-14-5 = 0.5,5-38-50-16-5 = 0.062,5-38-41-57-4 = 0.062,5-35-38-5 = 0.5,5-25-58-10-49-8 = 0.125,5-56-55-32-5 = 0.5,5-18-54-13-14-5 = 0.375,5-34-58-10-46-4 = 0.375,8-49-10-58-46-4 = 0.25,4-28-15-4 = 0.188,4-22-57-4 = 0.5,4-17-57-4 = 0.438,4-17-15-28-4 = 0.562,5-25-49-19-37-7 = 0.375,4-45-20-28-4 = 0.25,4-51-46-43-4 = 0.375,4-45-20-40-23-8 = 0.75,4-41-50-16-5 = 0.938,8-27-53-8 = 1.0,8-9-51-44-15-4 = 0.25,8-9-58-10-49-19-8 = 0.25
497,267,735.567,0.0,1.678,0.0,Prune by CG,,4-22-4 = 0.705,5-42-5 = 0.909,7-31-52-29-19-8 = 0.5,7-48-24-30-7 = 1.0,7-21-26-36-7 = 0.5,7-52-29-37-7 = 0.5,7-31-21-26-36-7 = 0.5,8-33-23-39-8 = 0.386,8-33-39-8 = 0.614,8-12-44-28-4 = 0.023,8-12-47-11-8 = 0.114,8-40-44-51-43-4 = 0.386,8-25-9-51-44-4 = 0.295,8-25-9-44-43-4 = 0.295,5-35-56-14-5 = 0.409,5-18-54-34-13-5 = 0.909,5-32-55-14-5 = 0.5,5-38-50-16-5 = 0.25,5-38-41-57-4 = 0.25,5-35-38-5 = 0.5,5-56-55-32-5 = 0.5,5-18-54-13-14-5 = 0.091,8-49-10-58-46-4 = 0.591,4-15-57-4 = 0.023,4-22-57-4 = 0.295,4-17-57-4 = 0.432,4-17-15-28-4 = 0.568,5-25-49-19-37-7 = 0.409,5-34-46-19-37-7 = 0.091,4-45-20-28-4 = 0.386,4-51-46-43-4 = 0.318,4-45-20-40-23-8 = 0.614,4-41-50-16-5 = 0.75,4-12-47-11-8 = 0.864,4-28-47-11-8 = 0.023,5-35-56-42-5 = 0.091,8-27-53-8 = 1.0,8-9-10-58-15-4 = 0.409
498,267,734.621,0.0,0.732,0.0,Prune by CG,,4-22-4 = 0.562,5-42-5 = 1.0,7-31-52-29-19-8 = 0.5,7-48-24-30-7 = 1.0,7-21-26-36-7 = 0.5,8-40-28-15-4 = 0.188,7-52-29-37-7 = 0.5,7-31-21-26-36-7 = 0.5,8-33-23-39-8 = 0.312,8-33-39-8 = 0.688,8-12-47-11-8 = 0.875,8-40-44-51-43-4 = 0.125,8-25-9-51-44-4 = 0.125,8-25-9-44-43-4 = 0.25,5-35-56-38-5 = 0.625,8-12-9-47-43-4 = 0.125,5-18-54-34-13-5 = 0.625,5-32-55-14-5 = 0.625,5-35-38-5 = 0.375,5-25-58-10-49-8 = 0.625,5-56-55-32-5 = 0.375,5-18-54-13-14-5 = 0.375,5-34-58-10-46-4 = 0.375,4-15-57-4 = 0.062,4-22-57-4 = 0.438,4-17-57-4 = 0.5,4-17-15-28-4 = 0.5,8-49-46-19-37-7 = 0.375,4-45-20-28-4 = 0.312,4-51-46-43-4 = 0.25,4-45-20-40-23-8 = 0.688,4-41-50-16-5 = 1.0,8-27-53-8 = 1.0,8-9-51-44-15-4 = 0.25,8-11-19-37-7 = 0.125,8-9-51-44-43-4 = 0.25
400,261,733.968,7.667,0.183,0.228,499,500,4-22-4 = 0.617,5-42-5 = 1.0,7-48-24-30-7 = 1.0,7-52-29-37-7 = 1.0,8-12-46-13-5 = 0.133,7-31-21-26-36-7 = 1.0,8-33-23-39-8 = 0.467,8-33-39-8 = 0.533,8-12-44-15-4 = 0.017,8-12-44-28-4 = 0.317,8-12-47-11-8 = 0.533,8-10-51-43-4 = 0.167,8-40-44-51-43-4 = 0.467,8-45-20-11-8 = 0.367,8-45-20-40-23-8 = 0.533,5-18-54-34-13-5 = 0.3,5-35-38-5 = 1.0,5-56-55-32-5 = 1.0,5-18-54-13-14-5 = 0.567,5-18-25-54-5 = 0.133,5-25-9-46-47-4 = 0.333,5-25-9-46-14-5 = 0.233,5-34-58-10-49-19-8 = 0.7,4-15-57-4 = 0.3,4-22-57-4 = 0.383,4-17-57-4 = 0.317,4-17-15-28-4 = 0.683,4-51-46-43-4 = 0.167,5-25-9-58-49-19-8 = 0.3,4-41-50-16-5 = 1.0,4-45-20-11-8 = 0.1,4-9-10-46-47-4 = 0.133,8-27-53-8 = 1.0,4-44-51-43-14-5 = 0.2
499,400,737.202,0.0,3.234,0.0,Prune by CG,,4-22-4 = 0.5,5-42-5 = 1.0,7-48-24-30-7 = 1.0,7-52-29-37-7 = 1.0,8-12-46-47-4 = 1.0,7-31-21-26-36-7 = 1.0,8-33-23-39-8 = 1.0,8-40-44-51-43-4 = 1.0,5-18-54-34-13-5 = 0.5,5-35-38-5 = 1.0,5-56-55-32-5 = 1.0,5-18-54-13-14-5 = 0.5,5-34-58-10-49-19-8 = 0.5,4-15-28-4 = 0.5,4-22-57-4 = 0.5,4-17-57-4 = 0.5,4-17-15-28-4 = 0.5,5-25-9-58-49-19-8 = 0.5,4-41-50-16-5 = 1.0,4-45-20-11-8 = 1.0,8-27-53-8 = 1.0,5-25-9-10-14-5 = 0.5
500,400,734.026,7.5,0.058,-0.167,501,502,4-22-4 = 0.575,5-42-5 = 1.0,7-48-24-30-7 = 1.0,7-52-29-37-7 = 1.0,7-31-21-26-36-7 = 1.0,8-33-23-39-8 = 0.4,8-33-39-8 = 0.6,8-12-44-15-4 = 0.075,8-12-44-28-4 = 0.325,8-12-47-11-8 = 0.6,8-10-46-13-5 = 0.1,8-10-51-43-4 = 0.15,8-40-44-51-43-4 = 0.4,8-45-20-11-8 = 0.35,8-45-20-40-23-8 = 0.6,5-18-54-34-13-5 = 0.35,5-35-38-5 = 1.0,5-56-55-32-5 = 1.0,5-18-54-13-14-5 = 0.55,5-18-25-54-5 = 0.1,5-25-9-46-47-4 = 0.3,5-25-9-46-14-5 = 0.25,5-34-58-10-49-19-8 = 0.65,4-15-57-4 = 0.25,4-22-57-4 = 0.425,4-17-57-4 = 0.325,4-17-15-28-4 = 0.675,4-51-46-43-4 = 0.25,5-25-9-58-49-19-8 = 0.35,4-41-50-16-5 = 1.0,4-45-20-11-8 = 0.05,4-9-10-46-47-4 = 0.1,8-27-53-8 = 1.0,4-44-51-43-14-5 = 0.2
501,500,736.447,0.0,2.422,0.0,Prune by CG,,4-22-4 = 0.969,5-42-5 = 0.5,7-30-24-26-36-7 = 0.062,7-48-24-30-7 = 0.938,7-21-54-34-14-5 = 0.125,7-48-26-36-7 = 0.062,7-52-29-37-7 = 0.875,7-31-21-26-36-7 = 0.875,8-33-23-39-8 = 0.375,8-33-39-8 = 0.625,8-12-44-15-4 = 0.094,8-12-44-28-4 = 0.531,8-46-47-11-8 = 0.25,8-12-47-11-8 = 0.375,8-10-46-13-5 = 0.125,8-40-44-51-43-4 = 0.375,7-31-52-29-14-5 = 0.125,8-51-46-43-4 = 0.625,5-18-54-34-13-5 = 0.5,5-32-55-14-5 = 0.25,5-35-38-5 = 0.75,5-56-55-32-5 = 0.75,5-18-54-13-14-5 = 0.375,5-25-9-10-47-4 = 0.375,5-18-58-49-19-37-7 = 0.125,5-34-58-10-49-19-8 = 0.375,4-15-57-4 = 0.438,4-22-57-4 = 0.031,4-17-57-4 = 0.531,4-17-15-28-4 = 0.469,5-25-9-58-49-19-7 = 0.125,5-25-9-58-49-19-8 = 0.375,4-45-20-40-23-8 = 0.625,4-41-50-16-5 = 1.0,4-45-20-11-8 = 0.375,5-42-38-5 = 0.25,5-35-56-42-5 = 0.25,8-27-53-8 = 1.0,5-25-9-10-14-5 = 0.125
169,168,734.019,5.16,0.768,-0.09,503,504,4-22-4 = 0.14,5-42-5 = 1.0,7-31-52-29-19-7 = 0.6,7-31-52-37-7 = 0.2,7-48-37-7 = 0.2,7-30-24-26-36-7 = 0.2,7-48-24-30-7 = 0.8,7-21-54-34-14-5 = 0.04,7-21-58-19-37-7 = 0.16,7-21-26-36-7 = 0.8,7-52-29-37-7 = 0.2,8-33-39-8 = 1.0,8-12-47-11-8 = 1.0,7-31-29-19-37-7 = 0.2,5-18-54-34-13-5 = 0.42,5-35-38-5 = 1.0,5-56-55-32-5 = 1.0,5-18-54-13-14-5 = 0.46,5-18-25-9-43-4 = 0.12,5-54-34-13-14-5 = 0.04,5-25-9-46-14-5 = 0.42,5-25-9-58-46-4 = 0.04,5-25-9-58-43-4 = 0.38,5-34-13-46-43-4 = 0.08,5-34-58-46-43-4 = 0.42,8-49-10-51-44-4 = 1.0,4-28-15-4 = 0.14,4-22-57-4 = 0.86,4-17-57-4 = 0.14,4-17-15-28-4 = 0.86,5-25-54-14-5 = 0.04,4-45-20-40-23-8 = 1.0,4-41-50-16-5 = 1.0,4-9-46-19-37-7 = 0.04,8-27-53-8 = 1.0
503,169,739.3,0.0,5.28,0.0,Prune by CG,,4-22-4 = 0.308,5-42-5 = 0.923,7-31-52-29-19-7 = 0.462,7-21-52-29-7 = 0.154,7-30-24-26-36-7 = 0.077,7-48-24-30-7 = 0.923,7-31-52-54-5 = 0.154,7-21-26-36-7 = 0.846,7-48-26-36-7 = 0.077,7-31-9-58-29-37-7 = 0.154,8-33-39-8 = 1.0,8-12-47-11-8 = 1.0,7-25-9-19-37-7 = 0.462,7-31-52-29-14-5 = 0.231,5-32-55-14-5 = 0.077,5-38-50-16-5 = 0.038,5-38-41-57-4 = 0.038,5-35-38-5 = 0.923,5-56-55-32-5 = 0.923,5-18-54-13-14-5 = 0.692,5-18-25-54-5 = 0.154,5-34-13-46-43-4 = 0.308,5-34-58-46-43-4 = 0.692,8-49-10-51-44-4 = 1.0,4-28-15-4 = 0.269,4-22-57-4 = 0.692,4-17-57-4 = 0.269,4-17-15-28-4 = 0.731,4-45-20-40-23-8 = 1.0,4-41-50-16-5 = 0.962,4-25-9-19-37-7 = 0.077,5-35-56-42-5 = 0.077,8-27-53-8 = 1.0,5-25-9-58-37-7 = 0.154,5-18-25-9-37-7 = 0.154
504,169,733.664,4.4,-0.356,-0.76,505,506,4-22-4 = 0.1,5-42-5 = 1.0,7-31-52-29-19-7 = 0.4,7-31-52-37-7 = 0.2,7-48-24-30-7 = 1.0,7-21-26-36-7 = 1.0,7-52-29-37-7 = 0.2,8-33-39-8 = 1.0,8-12-47-11-8 = 1.0,7-31-29-19-37-7 = 0.4,5-18-54-34-13-5 = 0.5,5-35-38-5 = 1.0,5-56-55-32-5 = 1.0,5-18-54-13-14-5 = 0.5,5-25-9-46-14-5 = 0.5,5-25-9-58-43-4 = 0.5,5-34-58-46-43-4 = 0.5,8-49-10-51-44-4 = 1.0,4-28-15-4 = 0.1,4-22-57-4 = 0.9,4-17-57-4 = 0.1,4-17-15-28-4 = 0.9,4-45-20-40-23-8 = 1.0,4-41-50-16-5 = 1.0,8-27-53-8 = 1.0,7-52-19-37-7 = 0.2
505,504,735.564,0.0,1.901,0.0,Prune by CG,,4-22-4 = 0.129,5-42-5 = 1.0,7-31-52-29-19-7 = 0.4,7-31-52-37-7 = 0.2,7-48-24-30-7 = 1.0,7-21-26-36-7 = 1.0,7-52-29-37-7 = 0.2,8-33-39-8 = 1.0,8-12-47-11-8 = 1.0,7-31-29-19-37-7 = 0.4,5-35-38-5 = 1.0,5-54-9-58-43-4 = 0.294,5-56-55-32-5 = 1.0,5-18-54-13-14-5 = 0.471,5-18-25-58-13-5 = 0.118,5-25-9-46-14-5 = 0.294,5-34-13-46-43-4 = 0.059,5-34-58-46-43-4 = 0.588,8-49-10-51-44-4 = 1.0,4-28-15-4 = 0.129,4-22-57-4 = 0.871,4-17-57-4 = 0.129,4-17-15-28-4 = 0.871,5-18-9-46-43-4 = 0.059,5-25-54-14-5 = 0.235,4-45-20-40-23-8 = 1.0,4-41-50-16-5 = 1.0,8-27-53-8 = 1.0,5-18-25-9-34-13-5 = 0.353,7-52-19-37-7 = 0.2
409,304,733.889,10.667,0.109,0.974,507,508,4-22-4 = 1.0,8-33-8 = 0.167,5-38-5 = 0.167,8-39-8 = 0.5,5-42-5 = 1.0,7-36-26-7 = 0.333,7-31-52-29-19-7 = 0.333,7-48-24-30-7 = 1.0,7-21-52-49-47-4 = 0.333,7-21-26-36-7 = 0.333,8-53-27-8 = 1.0,7-52-29-37-7 = 0.333,7-31-21-26-36-7 = 0.333,8-33-23-39-8 = 0.333,8-33-39-8 = 0.167,8-33-40-11-8 = 0.333,8-12-44-28-4 = 0.333,8-12-47-11-8 = 0.667,7-31-29-19-37-7 = 0.333,8-45-20-40-23-8 = 0.333,5-35-56-14-5 = 0.5,5-18-54-34-13-5 = 1.0,5-32-55-14-5 = 0.5,5-38-50-16-5 = 0.167,5-38-41-57-4 = 0.167,5-35-38-5 = 0.5,5-25-58-10-49-8 = 0.667,5-56-55-32-5 = 0.5,5-25-9-10-58-5 = 0.333,4-28-15-4 = 0.5,4-17-57-4 = 0.833,4-17-15-28-4 = 0.167,4-45-20-44-43-4 = 0.333,4-51-46-43-4 = 0.667,8-9-46-19-37-7 = 0.333,4-45-20-40-23-8 = 0.333,4-41-50-16-5 = 0.833,8-9-51-44-15-4 = 0.333
507,409,734.786,0.0,0.897,0.0,Prune by CG,,4-22-4 = 1.0,8-33-8 = 0.333,8-39-8 = 0.667,5-42-5 = 1.0,7-36-26-7 = 0.333,7-31-52-29-19-7 = 0.333,7-48-24-30-7 = 1.0,7-21-52-49-47-4 = 0.333,7-21-26-36-7 = 0.333,7-52-29-37-7 = 0.333,7-31-21-26-36-7 = 0.333,8-33-23-39-8 = 0.333,8-33-40-11-8 = 0.333,8-12-44-28-4 = 0.333,8-12-47-11-8 = 0.667,7-31-29-19-37-7 = 0.333,8-45-20-40-23-8 = 0.333,5-41-50-16-5 = 0.333,5-35-56-38-5 = 1.0,5-18-54-34-13-5 = 1.0,5-32-55-14-5 = 1.0,5-25-58-10-49-8 = 0.667,5-25-9-10-58-5 = 0.333,4-28-15-4 = 0.667,4-17-57-4 = 1.0,4-45-20-44-43-4 = 0.333,4-51-46-43-4 = 0.667,8-9-46-19-37-7 = 0.333,4-45-20-40-23-8 = 0.333,4-41-50-16-5 = 0.667,8-27-53-8 = 1.0,8-9-51-44-15-4 = 0.333
508,409,735.391,0.0,1.501,0.0,Prune by CG,,4-22-4 = 1.0,5-38-5 = 0.667,8-39-8 = 0.333,5-42-5 = 1.0,7-36-26-7 = 0.333,7-31-52-29-19-7 = 0.333,7-48-24-30-7 = 1.0,7-21-52-49-47-4 = 0.333,7-21-26-36-7 = 0.333,7-52-29-37-7 = 0.333,7-31-21-26-36-7 = 0.333,8-33-23-39-8 = 0.333,8-33-39-8 = 0.333,8-33-40-11-8 = 0.333,8-12-44-28-4 = 0.333,8-12-47-11-8 = 0.667,7-31-29-19-37-7 = 0.333,8-45-20-40-23-8 = 0.333,5-35-56-5 = 1.0,5-18-54-34-13-5 = 1.0,5-32-55-14-5 = 1.0,5-38-50-16-5 = 0.167,5-38-41-57-4 = 0.167,5-25-58-10-49-8 = 0.667,5-25-9-10-58-5 = 0.333,4-28-15-4 = 0.5,4-17-57-4 = 0.833,4-17-15-28-4 = 0.167,4-45-20-44-43-4 = 0.333,4-51-46-43-4 = 0.667,8-9-46-19-37-7 = 0.333,4-45-20-40-23-8 = 0.333,4-41-50-16-5 = 0.833,8-27-53-8 = 1.0,8-9-51-44-15-4 = 0.333
297,158,734.245,9.258,0.996,-1.287,509,510,4-22-4 = 0.639,5-42-5 = 1.0,7-31-52-29-19-8 = 0.384,7-31-52-37-7 = 0.166,7-48-24-30-7 = 1.0,7-21-26-36-7 = 0.55,7-52-29-37-7 = 0.45,7-31-21-26-36-7 = 0.45,8-33-23-39-8 = 0.967,8-33-40-11-8 = 0.033,8-40-23-39-8 = 0.033,8-12-47-11-8 = 0.364,8-12-9-46-4 = 0.331,8-40-44-51-43-4 = 0.868,8-25-9-46-47-8 = 0.219,5-35-56-14-5 = 0.106,5-18-54-34-13-5 = 0.55,5-32-55-14-5 = 0.106,5-38-50-16-5 = 0.053,5-38-41-57-4 = 0.053,5-35-38-5 = 0.894,5-25-51-43-4 = 0.066,5-25-58-10-49-8 = 0.55,5-56-55-32-5 = 0.894,5-18-54-13-14-5 = 0.397,5-54-34-13-14-5 = 0.053,5-18-58-49-19-37-7 = 0.053,4-15-57-4 = 0.44,4-17-57-4 = 0.507,4-17-15-28-4 = 0.493,5-34-58-49-19-11-8 = 0.232,5-34-58-29-19-37-7 = 0.166,5-25-49-19-37-7 = 0.166,4-45-20-28-4 = 0.507,4-45-20-44-43-4 = 0.066,4-45-44-51-15-4 = 0.066,4-20-40-11-8 = 0.066,4-41-50-16-5 = 0.947,4-12-47-11-8 = 0.305,4-45-20-22-4 = 0.361,8-27-53-8 = 1.0,8-9-10-46-47-8 = 0.113,8-9-10-46-14-5 = 0.338
509,297,738.012,0.0,3.766,0.0,Prune by CG,,4-22-4 = 0.9,5-42-5 = 1.0,7-48-24-30-7 = 1.0,8-53-27-8 = 0.8,8-53-27-40-23-8 = 0.2,7-52-29-37-7 = 1.0,7-31-21-26-36-7 = 1.0,8-33-23-39-8 = 0.8,8-33-39-8 = 0.2,8-12-44-15-4 = 0.2,8-40-44-51-43-4 = 0.8,8-25-9-46-47-8 = 0.2,5-35-56-38-5 = 0.2,5-18-54-34-13-5 = 0.4,5-32-55-14-5 = 0.2,5-35-38-5 = 0.8,5-25-51-43-4 = 0.2,5-25-58-10-49-8 = 0.4,5-56-55-32-5 = 0.8,5-18-54-13-14-5 = 0.6,4-15-57-4 = 0.3,4-17-57-4 = 0.7,4-17-15-28-4 = 0.3,5-34-58-49-19-11-8 = 0.6,4-45-20-28-4 = 0.7,4-41-50-16-5 = 1.0,4-45-20-22-4 = 0.1,4-20-12-47-8 = 0.2,8-9-10-46-47-8 = 0.6,8-25-9-46-14-5 = 0.2,8-12-19-11-8 = 0.4,4-45-12-15-4 = 0.2
441,316,734.099,8.167,0.002,-0.475,511,512,4-22-4 = 0.917,5-42-5 = 0.667,7-31-52-29-19-8 = 0.333,7-48-24-30-7 = 1.0,7-21-26-36-7 = 1.0,8-33-23-39-8 = 0.667,8-33-39-8 = 0.333,8-12-47-11-8 = 1.0,8-40-44-51-43-4 = 0.667,7-31-52-29-14-5 = 0.667,5-41-50-16-5 = 0.667,5-18-54-34-13-5 = 1.0,5-32-55-14-5 = 0.333,5-38-50-16-5 = 0.167,5-38-41-57-4 = 0.167,5-35-38-5 = 0.667,5-56-55-32-5 = 0.667,5-25-9-10-58-5 = 0.333,4-15-57-4 = 0.25,4-17-57-4 = 0.583,4-17-15-28-4 = 0.417,5-25-49-19-37-7 = 0.667,4-45-20-28-4 = 0.583,4-51-46-43-4 = 0.333,4-45-20-40-23-8 = 0.333,4-41-50-16-5 = 0.167,4-9-58-10-46-4 = 0.333,4-45-20-22-4 = 0.083,5-35-56-42-5 = 0.333,8-27-53-8 = 1.0,4-44-10-49-37-7 = 0.333,4-9-58-46-15-4 = 0.333
511,441,734.634,0.0,0.536,0.0,Prune by CG,,4-22-4 = 1.0,5-42-5 = 0.7,7-31-52-29-19-8 = 0.187,7-30-24-26-36-7 = 0.087,7-48-24-30-7 = 0.913,7-52-29-46-4 = 0.027,7-31-52-54-5 = 0.087,7-21-26-36-7 = 0.8,7-48-26-36-7 = 0.087,8-53-27-8 = 1.0,7-31-21-26-36-7 = 0.027,8-33-23-39-8 = 0.593,8-33-39-8 = 0.407,8-12-47-11-8 = 1.0,8-40-44-51-43-4 = 0.593,7-31-52-29-14-5 = 0.7,5-41-50-16-5 = 0.227,5-35-56-21-7 = 0.087,5-18-54-34-13-5 = 0.913,5-32-55-14-5 = 0.3,5-38-50-16-5 = 0.193,5-38-41-57-4 = 0.193,5-35-38-5 = 0.613,5-25-51-43-4 = 0.107,5-56-55-32-5 = 0.613,5-18-55-32-5 = 0.087,5-25-9-51-44-4 = 0.08,5-34-13-51-15-4 = 0.087,4-15-57-4 = 0.36,4-17-57-4 = 0.447,4-17-15-28-4 = 0.553,5-25-49-19-37-7 = 0.813,4-45-20-28-4 = 0.447,4-45-20-44-43-4 = 0.147,4-51-46-43-4 = 0.053,4-44-58-51-43-4 = 0.08,4-9-58-46-43-4 = 0.02,4-45-20-40-23-8 = 0.407,4-41-50-16-5 = 0.58,4-9-58-10-46-4 = 0.9,5-35-56-42-5 = 0.3,4-44-10-49-37-7 = 0.1,7-21-49-29-37-7 = 0.087
512,441,735.106,0.0,1.008,0.0,Prune by CG,,4-22-4 = 1.0,8-39-8 = 0.119,5-42-5 = 0.927,7-31-52-29-19-8 = 0.313,7-30-24-26-36-7 = 0.192,7-48-24-30-7 = 0.808,7-21-52-9-58-5 = 0.128,7-52-29-46-4 = 0.487,7-48-26-36-7 = 0.192,8-53-27-8 = 1.0,7-31-21-26-36-7 = 0.616,8-33-23-39-8 = 0.716,8-33-39-8 = 0.164,8-33-40-11-8 = 0.119,8-12-47-11-8 = 0.881,8-40-44-51-43-4 = 0.597,7-31-52-29-14-5 = 0.072,5-35-56-21-7 = 0.128,5-35-56-14-5 = 0.364,5-18-54-34-13-5 = 1.0,5-32-55-14-5 = 0.565,5-38-50-16-5 = 0.282,5-38-41-57-4 = 0.282,5-35-38-5 = 0.435,5-56-55-32-5 = 0.435,5-25-9-10-58-5 = 0.714,5-25-9-58-15-4 = 0.038,5-58-51-44-43-4 = 0.119,4-15-57-4 = 0.34,4-17-57-4 = 0.378,4-17-15-28-4 = 0.622,5-25-49-19-37-7 = 0.248,4-45-20-28-4 = 0.378,4-51-46-43-4 = 0.175,4-45-44-51-46-4 = 0.109,4-45-44-46-43-4 = 0.109,4-45-20-40-23-8 = 0.284,4-41-50-16-5 = 0.718,4-20-49-19-37-7 = 0.338,4-9-10-46-47-4 = 0.119,4-45-12-49-37-7 = 0.119,5-10-49-19-37-7 = 0.101,5-35-56-42-5 = 0.073,4-44-10-49-37-7 = 0.065,7-21-49-29-37-7 = 0.128
483,419,734.036,10.706,0.01,-0.035,513,514,4-22-4 = 1.0,5-38-5 = 0.5,8-39-8 = 0.412,5-42-5 = 1.0,7-36-26-7 = 0.118,7-31-52-29-19-8 = 0.441,7-21-52-29-7 = 0.118,7-48-24-30-7 = 1.0,7-21-26-36-7 = 0.441,8-53-27-8 = 1.0,7-52-29-37-7 = 0.441,7-31-21-26-36-7 = 0.441,8-33-23-39-8 = 0.588,8-33-40-11-8 = 0.118,8-12-47-11-8 = 0.5,8-12-9-10-49-8 = 0.324,8-40-44-51-43-4 = 0.382,8-10-49-19-37-7 = 0.559,5-35-56-14-5 = 0.5,5-18-54-34-13-5 = 1.0,5-32-55-14-5 = 0.5,5-35-38-5 = 0.5,5-25-58-46-4 = 0.118,5-25-58-51-47-4 = 0.206,5-56-55-32-5 = 0.5,5-25-9-58-46-4 = 0.676,4-28-15-4 = 0.441,4-15-57-4 = 0.176,4-17-57-4 = 0.824,4-17-15-28-4 = 0.176,4-45-20-28-4 = 0.382,4-45-20-44-43-4 = 0.412,4-51-46-43-4 = 0.206,4-45-44-51-15-4 = 0.206,4-20-40-11-8 = 0.206,4-41-50-16-5 = 1.0,4-12-47-11-8 = 0.176,8-33-40-23-8 = 0.294,7-31-49-10-47-23-8 = 0.118
475,310,734.033,7.049,0.014,0.049,515,516,4-22-4 = 1.0,8-33-8 = 0.172,8-39-8 = 0.392,5-42-5 = 1.0,7-31-52-29-19-7 = 0.304,7-48-24-30-7 = 1.0,7-31-52-54-5 = 0.392,7-21-26-36-7 = 1.0,8-53-27-8 = 1.0,7-52-29-37-7 = 0.304,8-33-23-39-8 = 0.221,8-33-39-8 = 0.387,8-33-40-11-8 = 0.221,8-12-47-11-8 = 0.598,7-31-29-19-37-7 = 0.304,8-12-9-34-13-14-5 = 0.382,5-35-38-5 = 1.0,5-25-51-43-4 = 0.225,5-56-55-32-5 = 1.0,5-18-54-58-13-5 = 0.01,5-18-54-13-14-5 = 0.598,5-18-25-58-44-4 = 0.059,5-18-25-58-49-47-4 = 0.118,5-18-58-49-19-37-7 = 0.216,5-25-9-51-44-4 = 0.167,5-25-9-44-43-4 = 0.431,5-34-58-10-46-4 = 0.422,8-49-10-46-47-4 = 0.284,8-49-10-51-44-4 = 0.294,4-28-15-4 = 1.0,4-17-57-4 = 1.0,5-34-58-29-19-37-7 = 0.088,5-34-58-49-19-37-7 = 0.088,4-45-20-44-43-4 = 0.029,4-51-46-43-4 = 0.294,4-45-20-40-23-8 = 0.779,4-41-50-16-5 = 1.0,4-45-20-11-8 = 0.181,4-44-51-43-14-5 = 0.02,4-45-12-9-34-13-5 = 0.01,4-20-12-9-34-5 = 0.01
515,475,735.022,0.0,0.989,0.0,Prune by CG,,4-22-4 = 1.0,8-33-8 = 0.167,8-39-8 = 0.333,5-42-5 = 1.0,7-36-26-7 = 0.167,7-31-52-29-19-7 = 0.333,7-48-24-30-7 = 1.0,7-31-52-54-5 = 0.333,7-21-26-36-7 = 0.667,7-21-49-19-37-7 = 0.167,8-53-27-8 = 1.0,7-52-29-37-7 = 0.333,7-31-21-26-36-7 = 0.167,8-33-23-39-8 = 0.167,8-33-39-8 = 0.5,8-33-40-11-8 = 0.167,8-12-47-11-8 = 0.667,7-31-29-19-37-7 = 0.167,8-12-9-34-13-14-5 = 0.333,5-35-38-5 = 1.0,5-25-51-43-4 = 0.167,5-56-55-32-5 = 1.0,5-18-54-13-14-5 = 0.667,5-18-25-58-49-47-4 = 0.333,5-25-9-51-44-4 = 0.167,5-25-9-44-43-4 = 0.333,5-34-58-10-46-4 = 0.667,8-49-10-51-44-4 = 0.333,4-15-28-4 = 1.0,4-17-57-4 = 1.0,4-45-20-44-43-4 = 0.083,4-51-46-43-4 = 0.333,4-45-20-40-23-8 = 0.833,4-41-50-16-5 = 1.0,4-45-20-11-8 = 0.083,4-44-43-19-37-7 = 0.083,8-11-19-37-7 = 0.083,8-9-49-29-19-37-7 = 0.167
516,475,736.505,0.0,2.472,0.0,Prune by CG,,4-22-4 = 1.0,8-33-8 = 0.212,8-39-8 = 0.455,5-42-5 = 1.0,7-31-52-29-19-7 = 0.273,7-48-24-30-7 = 1.0,7-31-52-54-5 = 0.455,7-21-26-36-7 = 1.0,7-31-9-46-43-4 = 0.061,7-31-49-10-43-4 = 0.03,8-53-27-8 = 1.0,7-52-29-37-7 = 0.273,8-33-23-39-8 = 0.242,8-33-39-8 = 0.303,8-33-40-11-8 = 0.242,8-12-44-15-4 = 0.061,8-12-44-28-4 = 0.061,8-12-47-11-8 = 0.697,7-31-29-19-37-7 = 0.182,5-35-38-5 = 1.0,5-25-51-43-4 = 0.424,5-56-55-32-5 = 1.0,5-18-54-13-14-5 = 0.545,5-18-25-9-51-4 = 0.091,5-25-9-10-47-4 = 0.091,5-18-58-49-19-37-7 = 0.273,5-18-34-58-46-14-5 = 0.091,5-25-9-44-43-4 = 0.394,5-34-13-46-43-4 = 0.091,5-34-58-46-13-14-5 = 0.364,8-49-10-46-47-4 = 0.212,8-49-10-51-44-4 = 0.485,4-15-28-4 = 0.939,4-17-57-4 = 1.0,5-34-58-29-19-37-7 = 0.273,4-45-20-40-23-8 = 0.758,4-41-50-16-5 = 1.0,4-45-20-11-8 = 0.061,4-45-9-10-46-4 = 0.182,4-20-12-9-34-5 = 0.182
258,256,733.987,10.859,0.859,0.403,517,518,4-22-4 = 1.0,5-42-5 = 0.732,7-31-52-29-19-8 = 0.296,7-31-52-37-7 = 0.254,7-48-24-30-7 = 1.0,7-21-26-36-7 = 0.549,7-52-29-37-7 = 0.451,7-31-21-26-36-7 = 0.451,8-33-23-39-8 = 0.662,8-33-39-8 = 0.338,8-12-44-28-4 = 0.19,8-12-47-11-8 = 0.592,8-40-44-51-43-4 = 0.662,8-45-20-44-43-4 = 0.007,5-41-50-16-5 = 0.634,5-18-54-34-13-5 = 0.683,5-32-55-14-5 = 0.211,5-38-50-16-5 = 0.134,5-38-41-57-4 = 0.134,5-35-38-5 = 0.732,5-25-51-43-4 = 0.275,5-56-55-32-5 = 0.732,5-18-54-13-14-5 = 0.261,5-25-9-46-47-8 = 0.408,5-25-9-10-58-5 = 0.275,5-18-55-32-5 = 0.056,5-34-51-44-15-4 = 0.007,5-34-13-51-43-4 = 0.056,4-15-57-4 = 0.43,4-17-57-4 = 0.437,4-17-15-28-4 = 0.563,5-34-58-29-19-37-7 = 0.254,5-25-9-19-37-7 = 0.042,4-45-20-28-4 = 0.246,4-45-20-40-23-8 = 0.338,4-41-50-16-5 = 0.232,4-45-20-11-8 = 0.408,8-49-10-46-14-5 = 0.528,5-35-56-42-5 = 0.268,4-12-9-58-49-19-5 = 0.218,4-44-58-10-49-19-5 = 0.134,8-27-53-8 = 1.0,5-54-9-58-49-19-5 = 0.056,8-49-10-58-46-5 = 0.063
517,258,736.309,0.0,2.322,0.0,Prune by CG,,4-22-4 = 0.865,5-42-5 = 0.812,7-31-52-37-7 = 0.282,7-21-52-29-7 = 0.235,7-30-24-26-36-7 = 0.118,7-48-24-30-7 = 0.882,7-21-26-36-7 = 0.282,7-48-26-36-7 = 0.118,7-31-9-58-10-19-8 = 0.235,8-53-27-8 = 1.0,7-52-29-37-7 = 0.482,7-31-21-26-36-7 = 0.482,8-33-23-39-8 = 0.588,8-33-39-8 = 0.412,8-12-44-28-4 = 0.412,8-12-47-11-8 = 0.588,8-40-44-51-43-4 = 0.588,5-41-50-16-5 = 0.188,5-18-54-34-13-5 = 0.565,5-32-55-14-5 = 0.118,5-38-50-16-5 = 0.094,5-38-41-57-4 = 0.094,5-35-38-5 = 0.812,5-25-51-43-4 = 0.376,5-56-55-32-5 = 0.812,5-18-54-13-14-5 = 0.365,5-25-9-46-47-8 = 0.412,5-18-55-32-5 = 0.071,5-34-13-46-43-4 = 0.035,5-34-13-51-46-4 = 0.035,4-15-57-4 = 0.453,4-17-57-4 = 0.453,4-17-15-28-4 = 0.547,5-34-58-29-19-37-7 = 0.235,4-45-20-28-4 = 0.041,5-54-58-29-19-8 = 0.047,4-45-20-40-23-8 = 0.412,4-41-50-16-5 = 0.718,4-45-20-11-8 = 0.412,8-49-10-46-14-5 = 0.518,4-45-20-22-4 = 0.135,5-35-56-42-5 = 0.188,5-34-58-10-49-19-5 = 0.129,5-54-9-58-49-19-5 = 0.024,5-25-9-58-49-19-5 = 0.212,5-9-58-10-49-19-5 = 0.118
299,218,734.084,5.788,0.314,-0.142,519,520,4-22-4 = 1.0,8-33-8 = 0.129,8-39-8 = 0.129,5-42-5 = 1.0,7-36-26-7 = 0.152,7-31-52-29-19-7 = 0.5,7-31-52-37-7 = 0.364,7-48-24-30-7 = 1.0,7-21-54-34-14-5 = 0.152,7-21-26-36-7 = 0.848,7-31-49-46-43-4 = 0.061,7-52-29-37-7 = 0.136,8-33-39-8 = 0.871,8-12-44-15-4 = 0.068,8-12-44-28-4 = 0.068,8-12-47-11-8 = 0.864,7-31-29-19-37-7 = 0.076,5-18-54-34-13-5 = 0.227,5-35-38-5 = 1.0,5-25-51-43-4 = 0.348,5-56-55-32-5 = 1.0,5-18-54-13-14-5 = 0.379,5-54-34-13-14-5 = 0.076,5-18-54-34-14-5 = 0.167,5-18-25-9-58-14-5 = 0.227,5-25-9-58-46-4 = 0.424,5-34-51-44-43-4 = 0.061,5-34-13-46-43-4 = 0.318,8-49-10-46-47-4 = 0.136,8-49-10-51-44-4 = 0.591,4-28-15-4 = 0.932,4-17-57-4 = 1.0,7-49-10-44-43-4 = 0.212,4-45-20-40-23-8 = 1.0,4-41-50-16-5 = 1.0,4-9-58-10-46-4 = 0.061,8-27-53-8 = 1.0,8-11-19-37-7 = 0.136,4-9-58-29-19-37-7 = 0.288
519,299,734.701,0.0,0.616,0.0,Prune by CG,,4-22-4 = 1.0,8-33-8 = 0.1,8-39-8 = 0.1,5-42-5 = 1.0,7-31-52-29-19-7 = 0.5,7-31-52-37-7 = 0.3,7-48-24-30-7 = 1.0,7-21-26-36-7 = 1.0,7-31-49-46-43-4 = 0.1,8-53-27-8 = 1.0,7-52-29-37-7 = 0.2,8-33-39-8 = 0.9,8-12-44-15-4 = 0.1,8-12-44-28-4 = 0.1,8-12-47-11-8 = 0.8,7-31-29-19-37-7 = 0.1,5-35-56-14-5 = 0.1,5-18-54-34-13-5 = 0.6,5-32-55-14-5 = 0.1,5-35-38-5 = 0.9,5-25-51-43-4 = 0.3,5-56-55-32-5 = 0.9,5-54-34-13-14-5 = 0.4,5-18-25-9-58-14-5 = 0.4,5-25-9-58-46-4 = 0.3,5-51-46-43-4 = 0.3,8-49-10-46-47-4 = 0.2,8-49-10-51-44-4 = 0.4,4-28-15-4 = 0.8,4-17-57-4 = 1.0,7-49-10-44-43-4 = 0.3,4-45-20-40-23-8 = 1.0,4-41-50-16-5 = 1.0,5-42-38-5 = 0.1,8-11-19-37-7 = 0.2,4-44-28-15-4 = 0.1,4-9-58-29-19-37-7 = 0.2,5-9-58-10-46-4 = 0.1
520,299,735.833,0.0,1.749,0.0,Prune by CG,,4-22-4 = 1.0,8-33-8 = 0.208,8-39-8 = 0.208,5-42-5 = 1.0,7-31-52-29-19-7 = 0.294,7-48-24-30-7 = 1.0,7-31-52-54-5 = 0.412,7-21-26-36-7 = 1.0,7-31-49-10-43-4 = 0.063,8-53-27-8 = 1.0,7-52-29-37-7 = 0.294,8-33-39-8 = 0.792,8-12-44-28-4 = 0.077,8-12-47-11-8 = 0.923,7-31-29-19-37-7 = 0.231,5-35-38-5 = 1.0,5-25-51-43-4 = 0.154,5-56-55-32-5 = 1.0,5-18-54-13-14-5 = 0.281,5-18-54-14-5 = 0.1,5-18-25-54-5 = 0.059,5-25-9-10-58-4 = 0.09,5-18-25-9-58-14-5 = 0.561,5-25-9-58-15-4 = 0.077,5-34-51-44-43-4 = 0.063,5-34-13-46-43-4 = 0.706,5-34-13-51-43-4 = 0.014,8-49-10-46-47-4 = 0.077,8-49-10-51-44-4 = 0.769,5-54-9-58-49-44-4 = 0.09,4-28-15-4 = 0.923,4-17-57-4 = 1.0,5-34-46-19-37-7 = 0.217,5-25-54-14-5 = 0.059,4-45-20-40-23-8 = 1.0,4-41-50-16-5 = 1.0,8-11-19-37-7 = 0.077,4-9-58-29-19-37-7 = 0.181
53,49,734.728,5.333,3.474,-4.042,Prune by UB,,4-22-4 = 1.0,8-33-8 = 0.333,8-39-8 = 0.333,5-42-5 = 1.0,7-31-52-29-19-8 = 0.667,7-48-24-30-7 = 1.0,7-21-26-36-7 = 0.667,7-52-29-37-7 = 0.333,7-31-21-26-36-7 = 0.333,8-33-23-39-8 = 0.333,8-33-39-8 = 0.333,8-12-47-11-8 = 1.0,8-40-44-51-43-4 = 0.333,5-41-50-16-5 = 1.0,5-18-54-34-13-5 = 1.0,5-35-38-5 = 1.0,5-56-55-32-5 = 1.0,5-25-9-58-51-4 = 0.667,4-28-15-4 = 1.0,4-17-57-4 = 1.0,5-25-58-49-37-7 = 0.333,4-45-20-44-43-4 = 0.333,4-45-20-40-23-8 = 0.667,4-44-43-19-37-7 = 0.333,8-49-10-46-14-5 = 0.667,8-27-53-8 = 1.0,8-9-10-46-14-5 = 0.333
270,268,734.343,6.439,0.939,-1.703,521,522,4-22-4 = 0.351,8-39-8 = 0.053,5-42-5 = 1.0,7-31-52-29-19-8 = 0.316,7-48-24-30-7 = 1.0,7-21-26-36-7 = 0.702,7-52-29-37-7 = 0.298,7-31-21-26-36-7 = 0.298,8-33-23-39-8 = 0.193,8-33-39-8 = 0.754,8-33-40-11-8 = 0.053,8-12-47-11-8 = 0.93,8-12-9-58-43-4 = 0.07,8-40-44-51-43-4 = 0.14,7-31-52-29-14-5 = 0.386,8-25-9-10-47-4 = 0.07,5-18-54-34-13-5 = 0.386,5-35-38-5 = 1.0,5-56-55-32-5 = 1.0,5-18-54-13-14-5 = 0.614,5-34-58-46-43-4 = 0.614,5-25-58-49-46-4 = 0.14,4-15-57-4 = 0.175,4-22-57-4 = 0.649,4-17-57-4 = 0.175,4-17-15-28-4 = 0.825,5-25-58-49-37-7 = 0.018,5-25-49-19-37-7 = 0.614,4-45-20-28-4 = 0.175,4-51-46-43-4 = 0.088,5-25-58-49-46-5 = 0.158,4-45-20-40-23-8 = 0.807,4-41-50-16-5 = 1.0,4-45-20-11-8 = 0.018,4-10-49-19-37-7 = 0.07,8-27-53-8 = 1.0,8-9-10-51-44-4 = 0.772,8-9-10-44-43-4 = 0.088
522,270,735.637,0.0,1.294,0.0,Prune by CG,,4-22-4 = 1.0,5-42-5 = 0.556,7-31-52-29-19-8 = 0.667,7-48-24-30-7 = 1.0,7-21-26-36-7 = 0.667,8-53-27-8 = 1.0,8-40-28-15-4 = 0.278,7-52-29-37-7 = 0.333,7-31-21-26-36-7 = 0.333,8-33-23-39-8 = 0.278,8-33-39-8 = 0.722,8-12-47-11-8 = 1.0,8-45-20-40-23-8 = 0.111,5-35-56-38-5 = 0.444,5-18-54-34-13-5 = 0.833,5-32-55-14-5 = 0.833,5-38-50-16-5 = 0.167,5-38-41-57-4 = 0.167,5-35-38-5 = 0.167,5-25-58-46-5 = 0.167,5-56-55-32-5 = 0.167,5-54-34-13-14-5 = 0.167,5-18-58-49-19-37-7 = 0.167,4-15-57-4 = 0.278,4-17-57-4 = 0.556,4-17-15-28-4 = 0.444,5-25-58-49-37-7 = 0.333,5-25-49-19-37-7 = 0.167,4-45-20-28-4 = 0.278,4-51-46-43-4 = 0.5,5-25-58-49-46-5 = 0.333,4-45-20-40-23-8 = 0.611,4-41-50-16-5 = 0.833,5-42-38-5 = 0.056,5-35-56-42-5 = 0.389,8-9-10-51-44-4 = 0.5,8-9-10-44-43-4 = 0.5
366,135,735.033,3.0,1.498,-6.479,Prune by UB,,4-22-4 = 0.5,5-42-5 = 1.0,7-48-24-30-7 = 1.0,7-21-26-36-7 = 1.0,8-53-27-8 = 1.0,8-33-23-39-8 = 1.0,8-40-44-51-43-4 = 1.0,7-31-52-29-14-5 = 1.0,5-18-54-34-13-5 = 1.0,5-35-38-5 = 1.0,5-56-55-32-5 = 1.0,4-15-57-4 = 0.5,4-17-57-4 = 0.5,4-17-15-28-4 = 0.5,5-25-49-19-37-7 = 1.0,4-45-20-28-4 = 0.5,4-41-50-16-5 = 1.0,4-12-47-11-8 = 1.0,4-45-20-22-4 = 0.5,5-9-58-10-46-4 = 1.0
255,194,734.187,10.25,1.099,-0.433,523,524,4-22-4 = 1.0,5-42-5 = 0.583,7-31-52-29-19-8 = 0.25,7-31-52-37-7 = 0.042,7-48-24-30-7 = 1.0,7-21-26-36-7 = 0.292,8-40-28-15-4 = 0.375,7-52-29-37-7 = 0.708,7-31-21-26-36-7 = 0.708,8-33-23-39-8 = 0.375,8-33-39-8 = 0.625,8-12-47-11-8 = 1.0,5-41-50-16-5 = 0.542,5-18-54-34-13-5 = 0.708,5-32-55-14-5 = 0.417,5-38-50-16-5 = 0.208,5-38-41-57-4 = 0.208,5-35-38-5 = 0.583,5-56-55-32-5 = 0.583,5-18-54-13-14-5 = 0.292,5-25-9-10-58-5 = 0.25,5-25-9-51-44-4 = 0.5,4-28-15-4 = 0.25,4-15-57-4 = 0.083,4-17-57-4 = 0.708,4-17-15-28-4 = 0.292,5-34-58-29-19-37-7 = 0.042,4-45-20-28-4 = 0.083,4-45-20-44-43-4 = 0.292,4-51-46-43-4 = 0.5,4-45-20-40-23-8 = 0.625,4-41-50-16-5 = 0.25,4-44-43-19-37-7 = 0.208,8-49-10-46-14-5 = 0.292,5-35-56-42-5 = 0.417,5-34-58-10-49-19-5 = 0.25,8-27-53-8 = 1.0,5-25-9-58-49-19-5 = 0.25,8-49-10-58-46-5 = 0.208
524,255,735.553,0.0,1.366,0.0,Prune by CG,,4-22-4 = 0.736,5-42-5 = 0.824,7-31-52-29-19-8 = 0.429,7-48-24-30-7 = 1.0,7-21-26-36-7 = 0.429,8-53-27-8 = 1.0,8-40-28-15-4 = 0.253,7-52-29-37-7 = 0.571,7-31-21-26-36-7 = 0.571,8-33-23-39-8 = 0.275,8-33-39-8 = 0.703,8-33-40-11-8 = 0.022,8-12-44-28-4 = 0.022,8-40-23-39-8 = 0.022,8-12-47-11-8 = 0.978,5-41-50-16-5 = 0.429,5-18-54-34-13-5 = 0.747,5-32-55-14-5 = 0.176,5-38-50-16-5 = 0.088,5-38-41-57-4 = 0.088,5-35-38-5 = 0.824,5-54-58-28-4 = 0.121,5-25-58-51-47-4 = 0.022,5-54-9-58-51-4 = 0.022,5-56-55-32-5 = 0.824,5-18-54-13-14-5 = 0.11,5-25-9-10-58-4 = 0.143,5-25-9-51-44-4 = 0.253,5-25-9-58-46-4 = 0.011,5-25-9-58-51-4 = 0.033,5-25-9-58-15-4 = 0.396,5-34-58-51-28-4 = 0.253,4-22-57-4 = 0.264,4-17-57-4 = 0.648,4-17-15-28-4 = 0.352,4-45-20-44-43-4 = 0.297,4-51-46-43-4 = 0.275,4-45-20-40-23-8 = 0.703,4-41-50-16-5 = 0.484,4-44-43-19-37-7 = 0.429,8-49-10-46-14-5 = 0.714,5-35-56-42-5 = 0.176,5-18-25-9-49-19-5 = 0.143,8-49-10-51-13-5 = 0.143
401,372,734.264,7.6,0.634,-1.036,525,526,4-22-4 = 1.0,8-33-8 = 0.526,8-39-8 = 0.526,5-42-5 = 1.0,7-36-26-7 = 0.084,7-31-52-29-19-8 = 0.177,7-21-52-29-7 = 0.042,7-48-24-30-7 = 1.0,7-21-52-9-58-5 = 0.042,7-21-26-36-7 = 0.135,8-53-27-8 = 1.0,7-52-29-37-7 = 0.74,7-31-29-19-11-8 = 0.042,7-31-21-26-36-7 = 0.781,8-33-23-39-8 = 0.474,8-12-47-11-8 = 0.958,8-12-9-10-49-8 = 0.042,8-40-44-51-43-4 = 0.372,8-10-49-19-37-7 = 0.26,8-45-20-40-23-8 = 0.456,8-40-49-46-43-4 = 0.102,5-35-38-5 = 1.0,5-54-58-13-14-5 = 0.26,5-25-51-43-4 = 0.126,5-56-55-32-5 = 1.0,5-18-54-13-14-5 = 0.437,5-54-34-13-14-5 = 0.302,5-25-9-46-47-4 = 0.042,5-18-25-9-49-19-8 = 0.521,5-25-9-51-44-4 = 0.312,5-34-58-10-46-5 = 0.698,8-49-51-44-15-4 = 0.074,4-28-15-4 = 0.609,4-15-57-4 = 0.158,4-17-57-4 = 0.842,4-17-15-28-4 = 0.158,5-18-9-46-43-4 = 0.042,4-45-20-28-4 = 0.233,4-45-20-44-43-4 = 0.242,4-51-46-43-4 = 0.116,4-45-20-40-23-8 = 0.07,4-41-50-16-5 = 1.0
525,401,734.774,0.0,0.51,0.0,Prune by CG,,4-22-4 = 1.0,8-33-8 = 0.55,8-39-8 = 0.55,5-42-5 = 1.0,7-31-52-29-19-8 = 0.2,7-48-24-30-7 = 1.0,7-21-26-36-7 = 0.2,8-53-27-8 = 1.0,7-52-29-37-7 = 0.8,7-31-21-26-36-7 = 0.8,8-33-23-39-8 = 0.45,8-12-47-11-8 = 1.0,8-40-44-51-43-4 = 0.4,8-10-49-19-37-7 = 0.2,8-45-20-44-43-4 = 0.25,8-51-46-43-4 = 0.25,8-45-20-40-23-8 = 0.25,8-40-49-46-43-4 = 0.05,5-35-38-5 = 1.0,5-54-58-13-14-5 = 0.3,5-56-55-32-5 = 1.0,5-18-54-13-14-5 = 0.4,5-54-34-13-14-5 = 0.3,5-25-9-10-49-8 = 0.1,5-18-25-9-49-19-8 = 0.6,5-25-9-51-44-4 = 0.3,5-34-58-10-46-5 = 0.7,8-49-51-44-43-4 = 0.05,4-28-15-4 = 0.6,4-15-57-4 = 0.2,4-17-57-4 = 0.8,4-17-15-28-4 = 0.2,4-45-20-28-4 = 0.2,4-45-20-40-23-8 = 0.3,4-41-50-16-5 = 1.0
526,401,734.971,0.0,0.707,0.0,Prune by CG,,4-22-4 = 1.0,8-33-8 = 0.147,8-39-8 = 0.324,5-42-5 = 1.0,8-53-8 = 0.206,7-36-26-7 = 0.412,7-31-52-29-19-8 = 0.265,7-21-52-29-7 = 0.147,7-48-24-30-7 = 1.0,7-21-52-9-58-5 = 0.265,7-31-49-46-43-4 = 0.088,8-53-27-8 = 0.794,7-52-29-37-7 = 0.324,7-31-29-19-11-8 = 0.059,7-31-21-26-36-7 = 0.588,8-33-39-8 = 0.676,8-33-40-11-8 = 0.176,8-12-44-28-4 = 0.235,8-12-47-11-8 = 0.765,8-10-49-19-37-7 = 0.471,8-45-20-40-23-8 = 0.176,5-35-38-5 = 1.0,5-54-58-13-14-5 = 0.029,5-25-51-43-4 = 0.353,5-56-55-32-5 = 1.0,5-18-54-13-14-5 = 0.676,5-18-25-9-43-4 = 0.235,5-54-34-13-14-5 = 0.294,5-25-9-46-47-4 = 0.059,5-25-9-51-44-4 = 0.353,5-34-58-10-46-5 = 0.529,5-34-58-46-47-23-8 = 0.176,8-49-51-44-15-4 = 0.235,4-28-15-4 = 0.765,4-17-57-4 = 1.0,5-18-9-46-43-4 = 0.088,4-45-20-44-43-4 = 0.176,4-51-46-43-4 = 0.059,4-45-20-40-23-8 = 0.647,4-41-50-16-5 = 1.0,8-27-49-29-19-37-7 = 0.206
269,268,734.011,8.848,0.607,0.707,527,528,4-22-4 = 0.606,5-42-5 = 0.879,7-31-52-29-19-8 = 0.364,7-48-24-30-7 = 1.0,7-21-26-36-7 = 0.364,7-52-29-37-7 = 0.636,7-31-21-26-36-7 = 0.636,8-33-39-8 = 1.0,8-12-44-28-4 = 0.273,8-12-47-11-8 = 0.636,8-10-49-19-37-7 = 0.364,8-25-9-51-44-4 = 0.455,5-35-56-38-5 = 0.182,5-18-54-34-13-5 = 0.394,5-32-55-14-5 = 0.303,5-38-50-16-5 = 0.061,5-38-41-57-4 = 0.061,5-35-38-5 = 0.697,5-25-51-43-4 = 0.333,5-25-58-46-4 = 0.03,5-56-55-32-5 = 0.697,5-18-54-13-14-5 = 0.515,5-18-25-58-13-5 = 0.091,5-34-58-46-43-4 = 0.606,8-49-10-46-47-8 = 0.273,4-15-57-4 = 0.273,4-22-57-4 = 0.394,4-17-57-4 = 0.273,4-17-15-28-4 = 0.727,5-25-54-14-5 = 0.091,4-45-20-40-23-8 = 1.0,4-41-50-16-5 = 0.939,4-12-47-11-8 = 0.091,8-9-58-49-19-11-8 = 0.273,8-49-10-46-14-5 = 0.091,5-35-56-42-5 = 0.121,8-27-53-8 = 1.0,8-9-10-51-44-4 = 0.212,8-9-10-44-43-4 = 0.061
527,269,734.987,0.0,0.976,0.0,Prune by CG,,4-22-4 = 1.0,5-42-5 = 0.651,7-31-52-29-19-8 = 0.284,7-48-24-30-7 = 1.0,7-21-26-36-7 = 0.284,8-53-27-8 = 1.0,7-52-29-37-7 = 0.716,7-31-21-26-36-7 = 0.716,8-33-23-39-8 = 0.293,8-33-39-8 = 0.707,8-12-44-28-4 = 0.138,8-12-47-11-8 = 0.422,8-40-44-51-43-4 = 0.293,8-12-9-58-49-19-8 = 0.147,8-10-49-19-37-7 = 0.25,5-35-56-14-5 = 0.134,5-18-54-34-13-5 = 0.384,5-32-55-14-5 = 0.483,5-38-50-16-5 = 0.241,5-38-41-57-4 = 0.241,5-35-38-5 = 0.517,5-56-55-32-5 = 0.517,5-18-25-54-5 = 0.233,5-18-25-58-13-5 = 0.284,5-34-13-46-43-4 = 0.233,5-34-58-46-43-4 = 0.284,8-49-10-46-47-8 = 0.284,4-15-57-4 = 0.328,4-17-57-4 = 0.431,4-17-15-28-4 = 0.569,8-49-46-19-37-7 = 0.034,4-45-20-28-4 = 0.293,4-51-46-43-4 = 0.164,5-25-54-14-5 = 0.384,4-45-20-40-23-8 = 0.707,4-41-50-16-5 = 0.759,4-12-47-11-8 = 0.293,8-9-58-49-19-11-8 = 0.284,5-35-56-42-5 = 0.349,8-9-51-44-15-4 = 0.103,5-18-25-34-13-5 = 0.099,8-9-10-51-44-4 = 0.44,8-9-10-44-43-4 = 0.026
474,274,734.223,6.0,0.066,-0.5,529,530,4-22-4 = 1.0,8-33-8 = 0.194,8-39-8 = 0.194,5-42-5 = 1.0,7-31-52-29-19-7 = 0.028,7-31-52-29-19-8 = 0.389,7-31-52-37-7 = 0.028,7-48-24-30-7 = 1.0,7-21-26-36-7 = 0.639,8-53-27-8 = 1.0,7-52-29-37-7 = 0.389,7-31-21-26-36-7 = 0.361,8-33-39-8 = 0.806,8-12-47-11-8 = 0.889,8-12-9-58-51-4 = 0.111,7-31-29-19-37-7 = 0.028,8-10-49-19-37-7 = 0.222,7-31-52-29-14-5 = 0.167,5-18-54-34-13-5 = 0.333,5-35-38-5 = 1.0,5-25-51-43-4 = 0.444,5-56-55-32-5 = 1.0,5-18-54-13-14-5 = 0.333,5-54-34-13-14-5 = 0.167,5-18-54-34-14-5 = 0.167,5-25-9-44-43-4 = 0.556,5-34-51-44-15-4 = 0.167,8-49-10-58-46-4 = 0.778,4-15-28-4 = 0.833,4-17-57-4 = 1.0,8-9-46-19-37-7 = 0.056,4-44-51-28-4 = 0.167,4-45-20-40-23-8 = 1.0,4-41-50-16-5 = 1.0,4-9-46-19-37-7 = 0.167,8-11-19-37-7 = 0.111,8-9-58-51-44-47-4 = 0.111,5-18-34-13-14-5 = 0.167
530,474,738.011,0.0,3.788,0.0,Prune by CG,,4-22-4 = 1.0,8-33-8 = 0.434,8-39-8 = 0.434,5-42-5 = 1.0,7-31-52-29-19-8 = 0.302,7-31-52-37-7 = 0.113,7-48-24-30-7 = 1.0,7-21-26-36-7 = 0.415,8-53-27-8 = 1.0,7-52-29-37-7 = 0.585,7-31-21-26-36-7 = 0.585,8-33-23-39-8 = 0.396,8-33-39-8 = 0.17,8-12-47-11-8 = 0.604,8-12-9-58-49-19-4 = 0.189,5-18-54-34-13-5 = 0.264,5-35-38-5 = 1.0,5-25-51-43-4 = 0.736,5-56-55-32-5 = 1.0,5-18-54-13-14-5 = 0.472,5-18-54-34-14-5 = 0.264,5-25-9-44-43-4 = 0.264,5-34-51-44-15-4 = 0.264,8-49-10-46-47-4 = 0.019,8-49-10-58-46-4 = 0.472,4-28-15-4 = 0.604,4-17-57-4 = 1.0,4-45-20-28-4 = 0.396,8-40-49-19-11-8 = 0.019,4-45-20-40-23-8 = 0.604,4-41-50-16-5 = 1.0,8-9-58-10-46-4 = 0.208,4-44-10-49-37-7 = 0.302,8-9-58-46-15-4 = 0.132,4-12-9-34-13-14-5 = 0.208,8-40-47-19-11-8 = 0.377,4-44-46-13-14-5 = 0.057,4-44-46-29-19-8 = 0.113
405,404,734.088,9.143,0.23,0.429,531,532,4-22-4 = 1.0,8-33-8 = 0.071,5-38-5 = 0.5,8-39-8 = 0.071,5-42-5 = 1.0,7-31-52-29-19-8 = 0.429,7-48-24-30-7 = 1.0,7-21-26-36-7 = 0.429,8-53-27-8 = 1.0,7-52-29-37-7 = 0.571,7-31-21-26-36-7 = 0.571,8-33-23-39-8 = 0.571,8-33-39-8 = 0.357,8-12-47-11-8 = 0.571,8-12-9-10-49-8 = 0.429,8-40-44-51-43-4 = 0.571,8-10-49-19-37-7 = 0.286,8-45-20-40-23-8 = 0.429,5-35-56-14-5 = 0.5,5-18-54-34-13-5 = 1.0,5-32-55-14-5 = 0.5,5-35-38-5 = 0.5,5-25-58-46-4 = 0.143,5-25-58-51-47-4 = 0.286,5-56-55-32-5 = 0.5,5-25-9-58-46-4 = 0.571,8-49-10-46-47-8 = 0.143,4-15-28-4 = 1.0,4-17-57-4 = 1.0,4-20-44-43-4 = 0.143,4-51-46-43-4 = 0.143,4-41-50-16-5 = 1.0,4-45-20-11-8 = 0.429,4-44-43-19-37-7 = 0.143,8-45-44-10-49-19-8 = 0.143
531,405,740.578,0.0,6.49,0.0,Prune by CG,,4-22-4 = 1.0,8-33-8 = 0.083,8-39-8 = 0.333,5-42-5 = 1.0,7-48-24-30-7 = 1.0,7-52-29-46-4 = 0.167,7-21-26-36-7 = 0.833,8-53-27-8 = 1.0,7-31-21-26-36-7 = 0.167,8-33-23-39-8 = 0.25,8-33-39-8 = 0.417,8-33-40-11-8 = 0.25,8-12-47-11-8 = 0.5,8-12-9-10-49-8 = 0.5,8-45-20-11-8 = 0.25,7-31-52-29-14-5 = 0.833,8-45-20-40-23-8 = 0.75,5-41-50-16-5 = 0.667,5-18-54-34-13-5 = 0.833,5-35-38-5 = 1.0,5-25-58-46-4 = 0.167,5-25-58-51-4 = 0.333,5-56-55-32-5 = 1.0,5-18-54-14-5 = 0.167,5-25-9-58-51-4 = 0.5,5-34-13-51-46-4 = 0.167,8-49-10-46-47-8 = 0.5,4-28-15-4 = 1.0,4-17-57-4 = 1.0,4-41-50-16-5 = 0.333,4-44-43-19-37-7 = 1.0
345,344,733.98,8.214,0.803,1.214,533,534,4-22-4 = 0.339,5-42-5 = 1.0,7-21-55-14-5 = 0.054,7-31-52-29-19-7 = 0.5,7-31-52-37-7 = 0.25,7-21-32-14-5 = 0.054,7-30-24-26-36-7 = 0.125,7-48-24-30-7 = 0.875,7-21-54-34-14-5 = 0.143,7-21-26-36-7 = 0.75,7-48-26-36-7 = 0.125,7-52-29-37-7 = 0.25,8-33-39-8 = 1.0,8-12-47-11-8 = 1.0,7-31-29-19-37-7 = 0.25,5-35-56-14-5 = 0.107,5-35-56-38-5 = 0.446,5-18-54-34-13-5 = 0.714,5-32-55-14-5 = 0.5,5-38-50-16-5 = 0.054,5-38-41-57-4 = 0.054,5-35-38-5 = 0.446,5-25-51-43-4 = 0.196,5-56-55-32-5 = 0.446,5-18-54-13-14-5 = 0.143,5-18-25-9-43-4 = 0.143,5-25-9-51-44-4 = 0.661,5-34-13-46-43-4 = 0.143,8-49-10-58-46-4 = 0.571,8-49-10-58-43-4 = 0.232,8-49-58-46-43-4 = 0.196,4-22-57-4 = 0.661,4-17-57-4 = 0.286,4-17-15-28-4 = 0.714,4-51-46-43-4 = 0.089,4-45-20-40-23-8 = 1.0,4-41-50-16-5 = 0.946,4-9-10-19-37-7 = 0.196,8-27-53-8 = 1.0,4-44-28-15-4 = 0.286,4-44-51-19-37-7 = 0.054
533,345,735.65,0.0,1.67,0.0,Prune by CG,,4-22-4 = 0.75,5-42-5 = 0.75,7-21-55-14-5 = 0.125,7-31-52-29-19-7 = 0.5,7-31-52-37-7 = 0.25,7-21-32-14-5 = 0.125,7-30-24-26-36-7 = 0.125,7-48-24-30-7 = 0.875,7-21-26-36-7 = 0.75,7-48-26-36-7 = 0.125,8-53-27-8 = 0.75,8-53-27-40-23-8 = 0.25,7-52-29-37-7 = 0.25,8-33-39-8 = 1.0,8-12-44-28-4 = 0.25,8-12-47-11-8 = 0.75,7-31-29-19-37-7 = 0.25,8-25-58-10-49-8 = 0.25,5-35-56-14-5 = 0.25,5-35-56-38-5 = 0.125,5-18-54-34-13-5 = 1.0,5-32-55-14-5 = 0.5,5-38-50-16-5 = 0.25,5-38-41-57-4 = 0.25,5-35-38-5 = 0.375,5-56-55-32-5 = 0.375,5-25-9-10-47-4 = 0.25,5-25-9-51-44-4 = 0.5,8-49-10-58-15-4 = 0.25,8-49-58-46-43-4 = 0.5,4-22-57-4 = 0.25,4-17-57-4 = 0.5,4-17-15-28-4 = 0.5,4-51-46-43-4 = 0.5,4-45-20-40-23-8 = 0.75,4-41-50-16-5 = 0.75,4-45-20-11-8 = 0.25,4-9-10-19-37-7 = 0.25,5-35-56-42-5 = 0.25,4-44-28-15-4 = 0.25
408,298,734.144,11.333,0.571,0.083,535,536,4-22-4 = 0.667,5-42-5 = 1.0,7-31-52-29-19-8 = 0.5,7-48-24-30-7 = 1.0,7-21-26-36-7 = 0.5,8-53-27-8 = 1.0,7-52-29-37-7 = 0.5,7-31-21-26-36-7 = 0.5,8-33-23-39-8 = 0.667,8-33-39-8 = 0.333,8-12-44-28-4 = 0.333,8-12-47-11-8 = 0.333,8-12-9-46-5 = 0.333,8-40-44-51-43-4 = 0.667,8-25-9-46-47-4 = 0.167,5-35-56-38-5 = 0.5,5-18-54-34-13-5 = 0.5,5-32-55-14-5 = 0.5,5-35-38-5 = 0.5,5-25-51-43-4 = 0.333,5-25-58-10-49-8 = 0.5,5-56-55-32-5 = 0.5,5-54-34-13-14-5 = 0.5,5-18-58-49-19-37-7 = 0.5,4-15-57-4 = 0.333,4-22-57-4 = 0.333,4-17-57-4 = 0.333,4-17-15-28-4 = 0.667,8-9-10-46-47-4 = 0.5,4-45-20-40-23-8 = 0.333,4-41-50-16-5 = 1.0,4-45-20-11-8 = 0.667
535,408,737.247,0.0,3.103,0.0,Prune by CG,,4-22-4 = 0.667,5-42-5 = 1.0,7-48-24-30-7 = 1.0,8-53-27-8 = 1.0,7-52-29-37-7 = 1.0,7-31-21-26-36-7 = 1.0,8-33-23-39-8 = 0.667,8-33-39-8 = 0.333,8-12-44-28-4 = 0.333,8-12-47-11-8 = 0.333,8-12-9-46-4 = 0.333,8-40-44-51-43-4 = 0.667,8-25-51-43-4 = 0.333,8-25-9-46-47-4 = 0.333,8-25-9-46-47-8 = 0.333,5-35-38-5 = 1.0,5-56-55-32-5 = 1.0,5-18-54-13-14-5 = 1.0,5-34-58-10-49-19-8 = 1.0,4-15-57-4 = 0.333,4-22-57-4 = 0.333,4-17-57-4 = 0.333,4-17-15-28-4 = 0.667,4-45-20-40-23-8 = 0.333,4-41-50-16-5 = 1.0,4-45-20-11-8 = 0.667
536,408,734.151,9.333,0.008,-2.0,537,538,4-22-4 = 0.667,5-42-5 = 1.0,7-31-52-29-19-8 = 0.667,7-48-24-30-7 = 1.0,7-21-26-36-7 = 0.667,8-53-27-8 = 1.0,7-52-29-37-7 = 0.333,7-31-21-26-36-7 = 0.333,8-33-23-39-8 = 0.667,8-33-39-8 = 0.333,8-12-44-28-4 = 0.333,8-12-47-11-8 = 0.333,8-12-9-46-5 = 0.333,8-40-44-51-43-4 = 0.667,5-35-56-38-5 = 0.667,5-18-54-34-13-5 = 0.667,5-32-55-14-5 = 0.667,5-35-38-5 = 0.333,5-25-51-43-4 = 0.333,5-25-58-10-49-8 = 0.333,5-56-55-32-5 = 0.333,5-54-34-13-14-5 = 0.333,5-18-58-49-19-37-7 = 0.333,4-15-57-4 = 0.333,4-22-57-4 = 0.333,4-17-57-4 = 0.333,4-17-15-28-4 = 0.667,5-25-58-49-37-7 = 0.333,8-9-10-46-47-4 = 0.667,4-45-20-40-23-8 = 0.333,4-41-50-16-5 = 1.0,4-45-20-11-8 = 0.667
537,536,735.4,0.0,1.249,0.0,Prune by CG,,4-22-4 = 0.667,5-42-5 = 1.0,7-31-52-29-19-8 = 1.0,7-48-24-30-7 = 1.0,7-21-26-36-7 = 1.0,8-53-27-8 = 1.0,8-33-23-39-8 = 0.667,8-33-39-8 = 0.333,8-12-44-28-4 = 0.333,8-12-47-11-8 = 0.333,8-12-9-46-4 = 0.333,8-10-51-43-4 = 0.333,8-40-44-51-43-4 = 0.667,5-35-56-38-5 = 1.0,5-18-54-34-13-5 = 1.0,5-32-55-14-5 = 1.0,4-15-57-4 = 0.333,4-22-57-4 = 0.333,4-17-57-4 = 0.333,4-17-15-28-4 = 0.667,5-25-58-49-37-7 = 1.0,8-9-10-46-47-4 = 0.333,4-45-20-40-23-8 = 0.333,4-41-50-16-5 = 1.0,4-45-20-11-8 = 0.667,8-9-10-46-47-8 = 0.333
502,500,734.142,7.811,0.116,0.311,539,540,4-22-4 = 0.615,5-42-5 = 1.0,7-48-24-30-7 = 1.0,7-21-26-36-7 = 0.014,7-52-29-37-7 = 0.986,7-31-21-26-36-7 = 0.986,8-33-23-39-8 = 0.473,8-33-39-8 = 0.527,8-12-10-13-5 = 0.135,8-12-44-15-4 = 0.02,8-12-44-28-4 = 0.318,8-12-47-11-8 = 0.527,8-10-51-43-4 = 0.041,8-40-44-51-43-4 = 0.473,8-45-20-11-8 = 0.473,7-31-52-29-14-5 = 0.014,8-45-20-40-23-8 = 0.527,5-18-54-34-13-5 = 0.311,5-35-38-5 = 1.0,5-56-55-32-5 = 1.0,5-18-54-13-14-5 = 0.554,5-18-25-54-5 = 0.122,5-25-9-46-47-4 = 0.473,5-18-58-49-19-37-7 = 0.014,5-25-9-46-14-5 = 0.095,5-34-58-10-49-19-8 = 0.689,4-15-57-4 = 0.297,4-22-57-4 = 0.385,4-17-57-4 = 0.318,4-17-15-28-4 = 0.682,4-51-46-43-4 = 0.297,5-25-9-58-49-19-8 = 0.297,5-25-54-14-5 = 0.014,4-41-50-16-5 = 1.0,8-27-53-8 = 1.0,4-44-51-43-14-5 = 0.189,4-9-10-46-14-5 = 0.135
539,502,736.046,0.0,1.905,0.0,Prune by CG,,4-22-4 = 0.628,5-42-5 = 1.0,7-31-52-29-47-4 = 0.037,7-21-52-29-5 = 0.072,7-30-24-26-36-7 = 0.036,7-48-24-30-7 = 0.964,7-48-26-36-7 = 0.036,8-53-27-8 = 1.0,7-52-29-37-7 = 0.857,7-31-21-26-36-7 = 0.928,8-33-23-39-8 = 0.428,8-33-39-8 = 0.572,8-12-44-43-4 = 0.103,8-12-44-28-4 = 0.314,8-12-47-43-4 = 0.011,8-12-47-11-8 = 0.572,8-40-44-51-43-4 = 0.428,8-45-20-11-8 = 0.428,7-31-52-29-14-5 = 0.034,8-45-20-40-23-8 = 0.572,5-18-54-34-13-5 = 0.119,5-35-38-5 = 1.0,5-54-9-58-49-19-8 = 0.082,5-56-55-32-5 = 1.0,5-18-54-13-14-5 = 0.493,5-18-25-54-5 = 0.245,5-18-58-49-19-37-7 = 0.143,5-25-9-46-14-5 = 0.473,5-34-13-46-43-4 = 0.106,5-34-58-10-49-19-8 = 0.775,4-15-57-4 = 0.314,4-22-57-4 = 0.372,4-17-57-4 = 0.314,4-17-15-28-4 = 0.686,4-51-46-43-4 = 0.196,5-25-54-13-5 = 0.062,4-41-50-16-5 = 1.0,4-9-10-46-47-4 = 0.225,5-25-9-51-13-5 = 0.221,4-44-51-47-43-4 = 0.155
528,269,734.083,9.571,0.072,0.723,541,542,4-22-4 = 0.514,5-42-5 = 1.0,7-31-52-29-19-8 = 0.343,7-48-24-30-7 = 1.0,7-21-26-36-7 = 0.343,8-53-27-8 = 1.0,7-52-29-37-7 = 0.657,7-31-21-26-36-7 = 0.657,8-33-23-39-8 = 0.057,8-33-39-8 = 0.943,8-12-44-28-4 = 0.257,8-12-47-11-8 = 0.657,8-40-44-51-43-4 = 0.057,8-12-9-58-49-19-8 = 0.057,8-10-49-19-37-7 = 0.343,8-25-9-51-44-4 = 0.371,5-35-56-38-5 = 0.514,5-18-54-34-13-5 = 0.571,5-32-55-14-5 = 0.514,5-35-38-5 = 0.486,5-25-51-43-4 = 0.371,5-25-58-46-4 = 0.229,5-25-58-51-47-8 = 0.029,5-56-55-32-5 = 0.486,5-18-54-13-14-5 = 0.429,5-34-58-46-43-4 = 0.429,8-49-10-46-47-8 = 0.286,4-15-57-4 = 0.257,4-22-57-4 = 0.486,4-17-57-4 = 0.257,4-17-15-28-4 = 0.743,4-45-20-40-23-8 = 0.943,4-41-50-16-5 = 1.0,4-12-47-11-8 = 0.029,4-45-20-11-8 = 0.057,8-9-58-49-19-11-8 = 0.257,8-49-10-46-14-5 = 0.057,8-9-10-51-44-4 = 0.171,8-9-10-44-43-4 = 0.143
541,528,737.483,0.0,3.4,0.0,Prune by CG,,4-22-4 = 0.464,5-42-5 = 1.0,7-31-52-29-19-8 = 0.321,7-48-24-30-7 = 1.0,7-21-26-36-7 = 0.321,8-53-27-8 = 1.0,7-52-29-37-7 = 0.679,7-31-21-26-36-7 = 0.679,8-33-39-8 = 1.0,8-12-44-28-4 = 0.393,8-12-47-11-8 = 0.607,8-25-9-51-44-4 = 0.071,5-35-56-38-5 = 0.214,5-18-54-34-13-5 = 0.464,5-32-55-14-5 = 0.214,5-35-38-5 = 0.786,5-25-51-43-4 = 0.714,5-56-55-32-5 = 0.786,5-18-54-13-14-5 = 0.536,5-34-10-46-47-8 = 0.179,8-49-58-46-43-4 = 0.143,8-49-58-46-15-4 = 0.321,4-15-57-4 = 0.071,4-22-57-4 = 0.536,4-17-57-4 = 0.393,4-17-15-28-4 = 0.607,5-34-46-19-37-7 = 0.107,4-45-20-40-23-8 = 1.0,4-41-50-16-5 = 1.0,8-9-58-49-19-11-8 = 0.357,8-11-19-37-7 = 0.036,5-34-10-46-14-5 = 0.25,8-9-10-51-44-4 = 0.214,8-9-10-44-43-4 = 0.143,8-25-9-10-47-8 = 0.214,8-44-58-49-19-37-7 = 0.179
542,528,734.791,0.0,0.708,0.0,Prune by CG,,4-22-4 = 0.4,8-39-8 = 0.22,5-42-5 = 1.0,7-31-52-29-19-8 = 0.5,7-48-24-30-7 = 1.0,7-21-26-36-7 = 0.5,8-53-27-8 = 1.0,7-52-29-37-7 = 0.5,7-31-21-26-36-7 = 0.5,8-33-23-39-8 = 0.24,8-33-39-8 = 0.54,8-33-40-11-8 = 0.22,8-12-44-28-4 = 0.18,8-12-47-11-8 = 0.56,8-12-9-10-49-8 = 0.18,8-12-9-58-43-4 = 0.08,8-40-44-51-43-4 = 0.02,8-10-49-19-37-7 = 0.5,8-25-9-51-44-4 = 0.74,5-35-56-38-5 = 0.26,5-18-54-34-13-5 = 0.26,5-32-55-14-5 = 0.26,5-35-38-5 = 0.74,5-25-51-43-4 = 0.08,5-25-58-51-47-8 = 0.1,5-56-55-32-5 = 0.74,5-18-54-13-14-5 = 0.74,5-34-58-46-43-4 = 0.74,8-49-10-51-44-4 = 0.06,8-49-10-46-47-8 = 0.26,4-15-57-4 = 0.2,4-22-57-4 = 0.6,4-17-57-4 = 0.2,4-17-15-28-4 = 0.8,5-25-58-47-43-4 = 0.08,4-45-20-28-4 = 0.02,4-45-20-40-23-8 = 0.76,4-41-50-16-5 = 1.0,4-45-20-11-8 = 0.22
205,56,734.582,7.0,1.895,-2.567,543,544,4-22-4 = 1.0,8-33-8 = 0.333,5-38-5 = 0.333,8-39-8 = 0.333,5-42-5 = 1.0,7-31-52-29-19-8 = 0.667,7-48-24-30-7 = 1.0,7-21-26-36-7 = 1.0,8-53-27-8 = 1.0,8-40-28-15-4 = 0.333,8-33-23-39-8 = 0.667,8-12-47-11-8 = 1.0,8-40-44-51-43-4 = 0.333,8-10-49-19-37-7 = 0.333,7-31-52-29-14-5 = 0.333,5-41-50-16-5 = 0.333,5-35-56-14-5 = 0.333,5-18-54-34-13-5 = 1.0,5-32-55-14-5 = 0.333,5-35-38-5 = 0.667,5-56-55-32-5 = 0.667,5-25-9-58-46-4 = 0.333,5-25-9-58-15-4 = 0.667,4-17-57-4 = 1.0,4-45-20-28-4 = 0.667,4-51-46-43-4 = 0.667,4-45-20-40-23-8 = 0.333,4-41-50-16-5 = 0.667,4-44-10-49-37-7 = 0.667
543,205,739.298,0.0,4.716,0.0,Prune by CG,,4-22-4 = 1.0,5-38-5 = 0.941,5-42-5 = 1.0,7-31-52-29-19-8 = 0.647,7-48-24-30-7 = 1.0,7-31-52-54-5 = 0.176,7-21-26-36-7 = 1.0,8-53-27-8 = 1.0,8-40-28-15-4 = 0.402,7-52-29-37-7 = 0.176,7-31-29-19-11-8 = 0.059,7-31-9-10-49-29-7 = 0.118,8-33-23-39-8 = 0.676,8-33-39-8 = 0.324,8-12-44-28-4 = 0.059,8-12-47-11-8 = 0.941,8-40-44-51-43-4 = 0.275,8-10-49-19-37-7 = 0.294,5-35-56-14-5 = 1.0,5-18-54-34-13-5 = 0.824,5-32-55-5 = 0.824,5-38-50-16-5 = 0.059,5-25-58-51-47-4 = 0.059,5-18-55-32-5 = 0.176,5-25-9-58-46-4 = 0.412,5-25-9-58-15-4 = 0.471,5-34-13-46-43-4 = 0.049,5-34-13-51-15-4 = 0.127,4-17-57-4 = 0.941,4-45-20-28-4 = 0.539,4-45-20-44-43-4 = 0.137,4-51-46-43-4 = 0.539,4-17-41-57-4 = 0.059,4-45-20-40-23-8 = 0.324,4-41-50-16-5 = 0.941,4-25-58-10-49-7 = 0.059,4-44-10-49-37-7 = 0.529
544,205,734.76,0.0,0.178,0.0,Prune by CG,,4-22-4 = 1.0,8-33-8 = 0.5,8-39-8 = 0.5,5-42-5 = 1.0,7-31-52-29-19-8 = 0.5,7-48-24-30-7 = 1.0,7-21-26-36-7 = 1.0,8-53-27-8 = 1.0,8-40-28-15-4 = 0.5,8-33-23-39-8 = 0.5,8-12-47-11-8 = 1.0,8-10-49-19-37-7 = 0.5,7-31-52-29-14-5 = 0.5,5-18-54-34-13-5 = 0.5,5-35-38-5 = 1.0,5-56-55-32-5 = 1.0,5-18-54-13-14-5 = 0.5,5-25-9-58-46-4 = 0.5,5-25-9-58-15-4 = 0.5,5-34-51-44-43-4 = 0.5,4-17-57-4 = 1.0,4-45-20-28-4 = 0.5,4-51-46-43-4 = 0.5,4-45-20-40-23-8 = 0.5,4-41-50-16-5 = 1.0,4-44-10-49-37-7 = 0.5
494,29,733.97,7.75,0.028,1.083,545,546,4-22-4 = 1.0,8-33-8 = 0.188,5-38-5 = 0.125,8-39-8 = 0.25,5-42-5 = 1.0,7-31-52-29-19-8 = 0.5,7-48-24-30-7 = 1.0,7-21-26-36-7 = 0.5,7-52-29-37-7 = 0.5,7-31-21-26-36-7 = 0.5,8-33-23-39-8 = 0.062,8-33-39-8 = 0.688,8-33-40-11-8 = 0.062,8-12-44-28-4 = 0.125,8-12-47-11-8 = 0.875,8-10-49-19-37-7 = 0.375,5-35-56-14-5 = 0.125,5-18-54-34-13-5 = 0.5,5-32-55-14-5 = 0.125,5-35-38-5 = 0.875,5-56-55-32-5 = 0.875,5-18-54-13-14-5 = 0.375,5-18-25-54-5 = 0.125,5-25-9-51-44-4 = 0.5,5-25-9-46-14-5 = 0.375,5-34-51-44-15-4 = 0.125,5-34-10-46-47-4 = 0.125,5-34-13-51-46-4 = 0.125,8-49-10-58-43-4 = 0.375,8-49-58-46-43-4 = 0.25,4-15-28-4 = 0.875,4-17-57-4 = 1.0,4-45-20-40-23-8 = 0.938,4-41-50-16-5 = 1.0,4-45-20-11-8 = 0.062,8-27-53-8 = 1.0,8-9-58-46-43-4 = 0.125,5-34-10-19-37-7 = 0.125,8-58-51-44-43-4 = 0.25
545,494,738.383,0.0,4.412,0.0,Prune by CG,,4-22-4 = 1.0,8-33-8 = 0.286,8-39-8 = 0.321,5-42-5 = 1.0,7-31-52-29-19-8 = 0.143,7-48-24-30-7 = 1.0,7-31-52-54-5 = 0.143,7-21-26-36-7 = 0.75,8-53-27-8 = 1.0,7-52-29-37-7 = 0.393,7-31-29-19-11-8 = 0.107,7-31-21-26-36-7 = 0.25,8-33-23-39-8 = 0.036,8-33-39-8 = 0.643,8-33-40-11-8 = 0.036,8-12-47-11-8 = 0.857,8-12-9-58-43-4 = 0.143,7-31-29-19-37-7 = 0.036,8-10-49-19-37-7 = 0.036,7-31-52-29-14-5 = 0.321,8-45-20-40-23-8 = 0.143,8-25-9-58-43-4 = 0.036,5-35-38-5 = 1.0,5-56-55-32-5 = 1.0,5-18-54-13-14-5 = 0.679,5-18-25-54-5 = 0.179,5-25-9-51-44-4 = 0.643,5-34-10-46-47-4 = 0.143,8-49-10-58-43-4 = 0.821,4-28-15-4 = 0.643,4-17-57-4 = 1.0,5-34-46-19-37-7 = 0.536,4-45-20-28-4 = 0.036,5-18-25-9-49-19-7 = 0.143,4-45-20-40-23-8 = 0.821,4-41-50-16-5 = 1.0,5-34-13-51-46-5 = 0.321,8-9-51-44-15-4 = 0.036,4-44-28-15-4 = 0.321
546,494,734.067,7.375,0.097,-0.375,547,548,4-22-4 = 1.0,8-33-8 = 0.219,5-38-5 = 0.063,8-39-8 = 0.281,5-42-5 = 1.0,7-31-52-29-19-8 = 0.5,7-48-24-30-7 = 1.0,7-21-26-36-7 = 0.5,8-53-27-8 = 1.0,7-52-29-37-7 = 0.5,7-31-21-26-36-7 = 0.5,8-33-23-39-8 = 0.062,8-33-39-8 = 0.656,8-33-40-11-8 = 0.062,8-12-44-28-4 = 0.062,8-12-47-11-8 = 0.938,8-10-49-19-37-7 = 0.375,5-35-56-14-5 = 0.063,5-18-54-34-13-5 = 0.531,5-32-55-14-5 = 0.063,5-35-38-5 = 0.937,5-56-55-32-5 = 0.937,5-18-54-13-14-5 = 0.406,5-18-25-46-4 = 0.063,5-25-9-46-47-4 = 0.062,5-25-9-51-44-4 = 0.406,5-25-9-46-14-5 = 0.406,5-34-51-44-15-4 = 0.062,5-34-10-51-44-4 = 0.219,5-34-13-51-15-4 = 0.063,8-49-10-58-43-4 = 0.281,8-49-58-46-43-4 = 0.344,4-28-15-4 = 0.875,4-17-57-4 = 1.0,4-45-20-28-4 = 0.062,5-25-54-14-5 = 0.062,4-45-20-40-23-8 = 0.938,4-41-50-16-5 = 1.0,8-9-58-46-43-4 = 0.125,5-34-10-19-37-7 = 0.125,8-58-51-44-43-4 = 0.25
548,546,734.882,0.0,0.815,0.0,Prune by CG,,4-22-4 = 1.0,8-33-8 = 0.281,8-39-8 = 0.281,5-42-5 = 1.0,7-36-26-7 = 0.125,7-31-52-29-19-8 = 0.437,7-31-52-37-7 = 0.125,7-48-24-30-7 = 1.0,7-21-26-36-7 = 0.562,8-53-27-8 = 1.0,7-52-29-37-7 = 0.438,7-31-29-19-11-8 = 0.125,7-31-21-26-36-7 = 0.312,8-33-39-8 = 0.719,8-12-44-28-4 = 0.125,8-12-47-11-8 = 0.875,5-35-56-21-7 = 0.125,5-35-56-14-5 = 0.063,5-18-54-34-13-5 = 0.656,5-32-55-14-5 = 0.188,5-38-50-16-5 = 0.094,5-38-41-57-4 = 0.094,5-35-38-5 = 0.812,5-56-55-32-5 = 0.812,5-18-54-13-14-5 = 0.219,5-18-25-54-5 = 0.125,5-25-9-46-47-4 = 0.062,5-25-9-46-47-8 = 0.063,5-25-9-46-14-5 = 0.531,5-34-13-51-15-4 = 0.125,8-49-10-51-44-4 = 0.5,8-49-10-58-43-4 = 0.281,4-28-15-4 = 0.781,4-17-57-4 = 0.906,4-17-15-28-4 = 0.094,5-25-49-19-37-7 = 0.219,4-45-20-40-23-8 = 1.0,4-41-50-16-5 = 0.906,8-9-58-46-43-4 = 0.344,5-34-10-19-37-7 = 0.219,8-58-51-44-43-4 = 0.375
547,546,734.217,5.375,0.15,-2.0,549,550,4-22-4 = 1.0,8-33-8 = 0.062,5-38-5 = 0.062,8-39-8 = 0.062,5-42-5 = 1.0,7-31-52-29-19-7 = 0.25,7-31-52-29-19-8 = 0.25,7-31-52-37-7 = 0.25,7-48-24-30-7 = 1.0,7-21-26-36-7 = 1.0,8-53-27-8 = 1.0,7-52-29-37-7 = 0.25,8-33-39-8 = 0.938,8-12-47-11-8 = 1.0,7-31-29-19-37-7 = 0.25,8-10-49-19-37-7 = 0.25,5-35-56-14-5 = 0.062,5-18-54-34-13-5 = 0.375,5-32-55-14-5 = 0.062,5-35-38-5 = 0.938,5-56-55-32-5 = 0.938,5-18-54-13-14-5 = 0.5,5-25-9-51-44-4 = 0.5,5-25-9-46-14-5 = 0.25,5-34-10-51-44-4 = 0.5,8-49-10-58-43-4 = 0.25,8-49-58-46-43-4 = 0.5,4-28-15-4 = 1.0,4-17-57-4 = 1.0,5-25-54-14-5 = 0.125,4-45-20-40-23-8 = 1.0,4-41-50-16-5 = 1.0,8-9-58-46-43-4 = 0.25,5-18-25-34-13-5 = 0.125
549,547,734.813,0.0,0.596,0.0,Prune by CG,,4-22-4 = 1.0,5-38-5 = 0.08,5-42-5 = 1.0,7-37-19-11-8 = 0.02,7-21-55-14-5 = 0.04,7-36-26-7 = 0.12,7-31-52-29-19-7 = 0.44,7-31-52-37-7 = 0.28,7-21-32-14-5 = 0.04,7-48-24-30-7 = 1.0,7-21-54-34-14-5 = 0.04,7-21-26-36-7 = 0.88,8-53-27-8 = 1.0,7-52-29-37-7 = 0.28,8-33-39-8 = 1.0,8-12-10-19-8 = 0.02,8-12-47-11-8 = 0.98,7-31-29-19-37-7 = 0.28,8-10-49-19-37-7 = 0.14,5-35-56-14-5 = 0.08,5-18-54-34-13-5 = 0.48,5-32-55-14-5 = 0.04,5-35-38-5 = 0.92,5-56-55-32-5 = 0.92,5-18-54-13-14-5 = 0.48,5-25-9-46-47-8 = 0.02,5-25-9-51-44-4 = 0.56,5-25-9-46-14-5 = 0.28,5-34-10-51-44-4 = 0.44,8-49-10-58-43-4 = 0.3,8-49-58-46-43-4 = 0.56,4-28-15-4 = 1.0,4-17-57-4 = 1.0,5-25-10-19-8 = 0.1,4-45-20-40-23-8 = 1.0,4-41-50-16-5 = 1.0,8-9-58-46-43-4 = 0.14,5-18-25-34-13-5 = 0.04
550,547,736.431,0.0,2.213,0.0,Prune by CG,,4-22-4 = 1.0,5-42-5 = 1.0,7-36-26-7 = 0.2,7-31-52-29-19-8 = 0.4,7-48-37-7 = 0.2,7-24-30-7 = 0.2,7-48-24-30-7 = 0.8,7-21-26-36-7 = 0.8,8-53-27-8 = 1.0,8-33-39-8 = 1.0,8-12-47-11-8 = 1.0,8-10-49-19-37-7 = 0.4,7-31-52-29-14-5 = 0.6,5-35-56-21-7 = 0.2,5-18-54-34-13-5 = 0.8,5-32-55-14-5 = 0.2,5-38-50-16-5 = 0.1,5-38-41-57-4 = 0.1,5-35-38-5 = 0.8,5-25-10-44-4 = 0.2,5-25-51-44-4 = 0.2,5-56-55-32-5 = 0.8,5-18-54-13-14-5 = 0.2,5-25-9-51-44-4 = 0.6,8-49-10-58-43-4 = 0.2,8-49-58-46-43-4 = 0.4,4-28-15-4 = 0.9,4-17-57-4 = 0.9,4-17-15-28-4 = 0.1,4-45-20-40-23-8 = 1.0,4-41-50-16-5 = 0.9,8-9-58-46-43-4 = 0.4,5-34-10-19-37-7 = 0.2,4-51-46-37-7 = 0.2
184,58,733.726,9.0,0.464,3.0,551,552,4-22-4 = 0.643,5-42-5 = 1.0,7-31-52-29-19-7 = 0.143,7-30-24-26-36-7 = 0.071,7-48-24-30-7 = 0.929,7-21-52-49-47-4 = 0.143,7-48-26-36-7 = 0.071,8-40-28-15-4 = 0.143,7-52-29-37-7 = 0.714,7-31-21-26-36-7 = 0.857,8-33-23-39-8 = 0.643,8-33-39-8 = 0.357,8-12-44-28-4 = 0.357,8-12-47-11-8 = 0.643,8-40-44-51-43-4 = 0.5,5-35-38-5 = 1.0,5-56-55-32-5 = 1.0,5-18-54-13-14-5 = 0.5,5-54-34-13-14-5 = 0.5,5-25-9-10-58-5 = 0.5,5-18-25-9-49-19-8 = 0.5,5-34-58-10-46-4 = 0.286,5-34-58-51-28-4 = 0.071,4-15-57-4 = 0.429,4-17-57-4 = 0.571,4-17-15-28-4 = 0.429,5-34-58-29-19-37-7 = 0.143,7-49-10-46-47-4 = 0.143,4-51-46-43-4 = 0.429,4-45-20-40-23-8 = 0.357,4-41-50-16-5 = 1.0,4-45-20-11-8 = 0.214,4-45-20-22-4 = 0.357,4-49-10-46-47-4 = 0.071,8-27-53-8 = 1.0,8-11-19-37-7 = 0.143,4-45-20-44-49-19-8 = 0.071,4-44-49-46-43-4 = 0.071
551,184,735.465,0.0,1.739,0.0,Prune by CG,,4-22-4 = 0.942,5-42-5 = 0.926,7-31-52-29-19-8 = 0.085,7-48-24-30-7 = 1.0,7-21-26-36-7 = 0.085,8-53-27-8 = 1.0,8-40-28-15-4 = 0.709,7-52-29-37-7 = 0.915,7-31-21-26-36-7 = 0.915,8-33-23-39-8 = 0.911,8-33-39-8 = 0.089,8-12-47-11-8 = 0.861,8-40-44-51-43-4 = 0.201,8-45-20-11-8 = 0.022,8-45-20-40-23-8 = 0.089,8-45-20-22-4 = 0.058,5-35-56-14-5 = 0.324,5-18-54-34-13-5 = 0.723,5-32-55-14-5 = 0.398,5-38-50-16-5 = 0.199,5-38-41-57-4 = 0.199,5-35-38-5 = 0.602,5-25-51-43-4 = 0.17,5-56-55-32-5 = 0.602,5-18-54-13-14-5 = 0.277,5-25-9-46-47-4 = 0.107,5-25-9-10-58-5 = 0.676,5-25-9-58-46-4 = 0.047,5-34-58-46-43-4 = 0.046,5-34-58-10-46-4 = 0.186,5-34-58-51-28-4 = 0.046,4-15-57-4 = 0.046,4-17-57-4 = 0.755,4-17-15-28-4 = 0.245,4-51-46-43-4 = 0.583,4-41-50-16-5 = 0.801,4-12-9-10-49-8 = 0.139,5-35-56-42-5 = 0.074,4-45-9-49-19-11-8 = 0.031,8-11-19-37-7 = 0.085,4-20-49-46-47-4 = 0.031,4-45-20-44-49-19-8 = 0.799
552,184,734.046,9.554,0.32,0.554,553,554,4-22-4 = 0.653,5-42-5 = 1.0,7-31-52-29-19-7 = 0.164,7-31-52-37-7 = 0.01,7-30-24-26-36-7 = 0.103,7-48-24-30-7 = 0.897,7-21-52-49-47-4 = 0.206,7-48-26-36-7 = 0.103,7-31-49-46-43-4 = 0.031,8-53-27-8 = 1.0,7-52-29-37-7 = 0.62,7-31-21-26-36-7 = 0.794,8-33-23-39-8 = 0.564,8-33-39-8 = 0.436,8-12-44-28-4 = 0.436,8-12-47-11-8 = 0.564,8-40-44-51-43-4 = 0.564,5-35-38-5 = 1.0,5-56-55-32-5 = 1.0,5-18-54-13-14-5 = 0.533,5-54-34-13-14-5 = 0.467,5-25-9-10-58-5 = 0.418,5-25-9-10-49-8 = 0.066,5-18-25-9-49-19-8 = 0.467,5-34-58-10-46-4 = 0.22,5-34-58-10-46-5 = 0.115,5-34-58-51-28-4 = 0.031,4-28-15-4 = 0.002,4-15-57-4 = 0.467,4-22-57-4 = 0.064,4-17-57-4 = 0.469,4-17-15-28-4 = 0.531,5-34-58-29-19-37-7 = 0.167,7-49-10-46-47-4 = 0.181,4-51-46-43-4 = 0.404,5-25-49-46-47-4 = 0.049,4-45-20-40-23-8 = 0.436,4-41-50-16-5 = 1.0,4-45-20-11-8 = 0.233,4-45-20-22-4 = 0.282,8-11-19-37-7 = 0.202,4-45-20-9-58-29-7 = 0.049
553,552,737.613,0.0,3.567,0.0,Prune by CG,,4-22-4 = 0.42,5-42-5 = 1.0,7-31-52-29-19-8 = 0.103,7-31-52-37-7 = 0.356,7-30-24-26-36-7 = 0.017,7-48-24-30-7 = 0.983,7-21-52-49-47-4 = 0.034,7-31-52-54-5 = 0.057,7-31-52-49-19-8 = 0.253,7-21-26-36-7 = 0.943,7-48-26-36-7 = 0.017,7-31-49-46-43-4 = 0.011,8-53-27-8 = 1.0,8-40-28-15-4 = 0.19,8-12-46-13-5 = 0.046,7-31-21-26-36-7 = 0.023,8-33-23-39-8 = 0.856,8-33-39-8 = 0.144,8-12-44-28-4 = 0.333,8-12-47-11-8 = 0.621,8-40-44-51-43-4 = 0.667,7-31-52-29-14-5 = 0.195,5-18-54-34-13-5 = 0.414,5-35-38-5 = 1.0,5-56-55-32-5 = 1.0,5-18-54-13-14-5 = 0.529,5-25-9-10-49-8 = 0.356,5-18-25-58-29-7 = 0.057,5-25-9-46-14-5 = 0.276,4-28-15-4 = 0.04,4-15-57-4 = 0.333,4-22-57-4 = 0.103,4-17-57-4 = 0.563,4-17-15-28-4 = 0.437,5-34-58-29-19-37-7 = 0.586,7-49-10-46-47-4 = 0.345,4-51-46-43-4 = 0.322,4-45-20-40-23-8 = 0.144,4-41-50-16-5 = 1.0,4-45-20-11-8 = 0.379,4-45-20-22-4 = 0.477,5-25-9-51-13-5 = 0.011,4-9-58-29-19-37-7 = 0.057,5-25-9-10-58-7 = 0.299
513,483,734.213,10.717,0.177,0.011,555,556,4-22-4 = 1.0,8-39-8 = 0.608,5-42-5 = 1.0,7-36-26-7 = 0.017,7-31-52-29-19-8 = 0.617,7-21-52-29-7 = 0.017,7-48-24-30-7 = 1.0,7-21-26-36-7 = 0.617,8-53-27-8 = 1.0,7-52-29-37-7 = 0.367,7-31-21-26-36-7 = 0.367,8-33-23-11-8 = 0.175,8-33-23-39-8 = 0.233,8-33-40-11-8 = 0.175,8-40-23-39-8 = 0.158,8-12-47-11-8 = 0.65,8-12-9-10-49-8 = 0.35,8-40-44-51-43-4 = 0.25,8-10-49-19-37-7 = 0.383,5-35-56-14-5 = 0.5,5-18-54-34-13-5 = 1.0,5-32-55-14-5 = 0.5,5-35-38-5 = 0.5,5-25-58-46-4 = 0.017,5-25-58-51-47-4 = 0.333,5-56-55-32-5 = 0.5,5-25-9-58-46-4 = 0.65,4-15-57-4 = 0.5,4-17-57-4 = 0.5,4-17-15-28-4 = 0.5,4-45-20-28-4 = 0.5,4-45-20-44-43-4 = 0.417,4-45-20-44-51-4 = 0.083,4-51-46-43-4 = 0.333,4-41-50-16-5 = 1.0,5-42-38-5 = 0.5,4-44-10-49-37-7 = 0.25,8-33-40-23-8 = 0.417,7-31-49-10-47-23-8 = 0.017
555,513,737.664,0.0,3.451,0.0,Prune by CG,,4-22-4 = 1.0,8-39-8 = 0.462,5-42-5 = 1.0,7-36-26-7 = 0.171,7-31-52-29-19-7 = 0.244,7-48-24-30-7 = 1.0,7-21-10-49-19-8 = 0.171,7-21-26-36-7 = 0.145,8-53-27-8 = 1.0,7-52-29-37-7 = 0.756,7-31-21-26-36-7 = 0.684,8-33-23-39-8 = 0.44,8-33-40-11-8 = 0.171,8-40-23-39-8 = 0.098,8-12-47-11-8 = 0.585,8-12-9-10-49-8 = 0.415,8-40-44-51-43-4 = 0.333,5-35-56-14-5 = 0.5,5-18-54-34-13-5 = 1.0,5-32-55-14-5 = 0.5,5-35-38-5 = 0.5,5-25-58-46-4 = 0.081,5-25-58-51-47-4 = 0.333,5-56-55-32-5 = 0.5,5-25-9-58-46-4 = 0.585,4-15-57-4 = 0.444,4-17-57-4 = 0.556,4-17-15-28-4 = 0.444,4-45-20-28-4 = 0.556,4-45-20-44-43-4 = 0.333,4-51-46-43-4 = 0.333,4-41-50-16-5 = 1.0,5-42-38-5 = 0.5,4-45-20-15-4 = 0.111,8-11-19-37-7 = 0.244,8-33-40-23-8 = 0.389,7-31-49-10-47-23-8 = 0.073,8-40-49-10-47-19-8 = 0.009,4-44-10-49-19-8 = 0.333
556,513,735.536,0.0,1.323,0.0,Prune by CG,,4-22-4 = 1.0,5-38-5 = 0.031,8-39-8 = 0.875,5-42-5 = 1.0,7-36-26-7 = 0.125,7-31-52-29-19-8 = 0.563,7-21-52-29-7 = 0.125,7-48-24-30-7 = 1.0,7-21-26-36-7 = 0.875,8-53-27-8 = 1.0,8-33-23-39-8 = 0.125,8-12-47-11-8 = 1.0,8-40-44-51-43-4 = 0.125,8-10-49-19-37-7 = 0.437,7-31-52-29-14-5 = 0.312,5-35-56-14-5 = 0.344,5-18-54-34-13-5 = 1.0,5-32-55-14-5 = 0.344,5-38-50-16-5 = 0.156,5-38-41-57-4 = 0.156,5-35-38-5 = 0.656,5-56-55-32-5 = 0.656,5-25-9-58-46-4 = 0.563,5-25-9-58-51-4 = 0.437,4-15-57-4 = 0.375,4-17-57-4 = 0.469,4-17-15-28-4 = 0.531,4-45-20-28-4 = 0.469,4-45-20-44-43-4 = 0.437,4-51-46-43-4 = 0.437,4-41-50-16-5 = 0.844,4-45-20-15-4 = 0.094,4-44-10-49-37-7 = 0.438,8-33-40-23-8 = 0.875,7-31-10-49-37-7 = 0.125
225,28,734.188,9.364,1.665,0.158,557,558,4-22-4 = 1.0,8-33-8 = 0.136,5-38-5 = 0.344,8-39-8 = 0.383,5-42-5 = 1.0,7-31-52-29-19-8 = 0.351,7-31-52-37-7 = 0.026,7-48-24-30-7 = 1.0,7-21-26-36-7 = 0.377,7-52-29-37-7 = 0.623,7-31-21-26-36-7 = 0.623,8-33-23-39-8 = 0.26,8-33-39-8 = 0.357,8-33-40-11-8 = 0.247,8-12-44-28-4 = 0.312,8-12-47-11-8 = 0.571,8-40-44-51-43-4 = 0.065,8-12-9-58-49-19-8 = 0.117,8-25-9-10-58-5 = 0.052,5-35-56-14-5 = 0.344,5-18-54-34-13-5 = 0.688,5-32-55-14-5 = 0.344,5-35-38-5 = 0.656,5-25-51-43-4 = 0.623,5-56-55-32-5 = 0.656,5-18-54-13-14-5 = 0.312,5-34-51-44-15-4 = 0.312,8-49-10-46-47-4 = 0.377,4-28-15-4 = 0.688,4-17-57-4 = 1.0,5-25-49-19-37-7 = 0.325,4-45-20-44-43-4 = 0.312,4-45-20-40-23-8 = 0.688,4-41-50-16-5 = 1.0,8-9-58-49-19-11-8 = 0.182,8-27-53-8 = 1.0,8-9-58-10-46-8 = 0.364,8-9-58-29-19-37-7 = 0.026,8-9-58-46-47-23-8 = 0.052,8-9-58-10-46-5 = 0.208
557,225,736.278,0.0,2.09,0.0,Prune by CG,,4-22-4 = 1.0,8-33-8 = 0.369,8-39-8 = 0.393,5-42-5 = 1.0,7-31-52-37-7 = 0.238,7-48-24-30-7 = 1.0,7-21-26-36-7 = 0.548,8-53-27-8 = 1.0,7-52-29-37-7 = 0.452,7-31-21-26-36-7 = 0.452,8-33-23-39-8 = 0.024,8-33-39-8 = 0.583,8-33-40-11-8 = 0.024,8-12-44-15-4 = 0.226,8-12-44-28-4 = 0.25,8-12-47-11-8 = 0.524,8-25-9-10-58-5 = 0.024,7-31-52-29-14-5 = 0.31,5-35-56-14-5 = 0.333,5-18-54-34-13-5 = 0.976,5-32-55-14-5 = 0.333,5-38-50-16-5 = 0.167,5-38-41-57-4 = 0.167,5-35-38-5 = 0.667,5-25-51-43-4 = 0.976,5-56-55-32-5 = 0.667,5-18-54-13-14-5 = 0.024,5-34-51-44-15-4 = 0.024,8-49-10-46-47-4 = 0.476,4-28-15-4 = 0.583,4-17-57-4 = 0.833,4-17-15-28-4 = 0.167,4-45-20-44-43-4 = 0.024,4-45-20-40-23-8 = 0.976,4-41-50-16-5 = 0.833,8-9-58-49-19-11-8 = 0.071,4-44-46-11-8 = 0.31,8-9-58-10-46-8 = 0.048,8-9-58-29-19-37-7 = 0.238,8-11-19-37-7 = 0.071,8-9-58-10-49-19-8 = 0.452,8-9-58-44-46-19-8 = 0.167
558,225,735.075,0.0,0.887,0.0,Prune by CG,,4-22-4 = 1.0,8-33-8 = 0.381,8-39-8 = 0.667,5-42-5 = 1.0,7-31-52-29-19-8 = 0.5,7-48-24-30-7 = 1.0,7-21-26-36-7 = 0.5,8-53-27-8 = 1.0,7-52-29-37-7 = 0.5,7-31-21-26-36-7 = 0.5,8-33-23-39-8 = 0.071,8-33-39-8 = 0.262,8-33-40-11-8 = 0.286,8-12-44-28-4 = 0.143,8-12-47-11-8 = 0.714,8-40-44-51-43-4 = 0.095,5-35-56-14-5 = 0.381,5-18-54-34-13-5 = 0.81,5-32-55-14-5 = 0.381,5-38-50-16-5 = 0.19,5-38-41-57-4 = 0.19,5-35-38-5 = 0.619,5-25-51-43-4 = 0.5,5-56-55-32-5 = 0.619,5-18-54-13-14-5 = 0.143,5-18-54-34-14-5 = 0.048,5-34-51-44-15-4 = 0.143,8-49-10-46-47-4 = 0.119,8-49-10-51-44-4 = 0.238,4-28-15-4 = 0.667,4-17-57-4 = 0.81,4-17-15-28-4 = 0.19,5-25-49-19-37-7 = 0.5,4-45-20-44-43-4 = 0.381,4-51-46-43-4 = 0.024,4-45-20-40-23-8 = 0.619,4-41-50-16-5 = 0.81,8-9-58-10-46-8 = 0.167,8-9-58-46-47-23-8 = 0.167,8-9-58-10-46-5 = 0.476,8-9-58-46-13-14-5 = 0.048,8-12-9-58-49-23-8 = 0.143
383,382,734.354,6.625,0.494,-0.718,559,560,4-22-4 = 0.437,5-42-5 = 1.0,7-31-52-29-19-8 = 0.5,7-48-24-30-7 = 1.0,7-31-52-54-5 = 0.375,7-21-26-36-7 = 0.875,7-52-29-37-7 = 0.125,7-31-21-26-36-7 = 0.125,8-33-23-39-8 = 0.25,8-33-39-8 = 0.75,8-12-44-28-4 = 0.083,8-12-47-11-8 = 0.917,8-10-51-43-4 = 0.083,8-40-44-51-43-4 = 0.25,8-10-49-19-37-7 = 0.25,5-18-54-34-13-5 = 0.167,5-35-38-5 = 1.0,5-56-55-32-5 = 1.0,5-25-9-46-47-4 = 0.083,5-18-54-58-14-5 = 0.083,5-18-25-9-58-14-5 = 0.75,5-34-13-46-43-4 = 0.667,5-34-58-46-13-14-5 = 0.083,8-49-10-51-44-4 = 0.667,4-15-57-4 = 0.229,4-22-57-4 = 0.542,4-17-57-4 = 0.229,4-17-15-28-4 = 0.771,5-25-49-19-37-7 = 0.083,5-34-46-19-37-7 = 0.083,5-9-46-19-37-7 = 0.083,4-45-20-28-4 = 0.146,5-54-29-37-7 = 0.375,5-25-9-58-13-14-5 = 0.083,4-45-20-40-23-8 = 0.75,4-41-50-16-5 = 1.0,4-45-20-11-8 = 0.083,4-45-20-22-4 = 0.021,8-27-53-8 = 1.0
559,383,735.996,0.0,1.642,0.0,Prune by CG,,4-22-4 = 0.333,5-42-5 = 1.0,7-31-52-29-19-7 = 0.333,7-48-24-30-7 = 1.0,7-31-52-54-5 = 0.333,7-21-26-36-7 = 1.0,8-53-27-8 = 1.0,7-52-29-37-7 = 0.333,8-33-23-39-8 = 0.333,8-33-39-8 = 0.667,8-12-44-28-4 = 0.167,8-12-47-11-8 = 0.667,8-10-51-43-4 = 0.167,8-40-44-51-43-4 = 0.167,7-31-29-19-37-7 = 0.333,8-10-49-19-37-7 = 0.167,5-41-50-16-5 = 0.25,5-18-54-34-13-5 = 0.25,5-35-38-5 = 1.0,5-56-55-32-5 = 1.0,5-25-9-46-47-8 = 0.333,5-18-54-58-14-5 = 0.333,5-18-25-9-58-14-5 = 0.417,5-34-13-46-43-4 = 0.667,8-49-10-51-44-4 = 0.667,4-28-15-4 = 0.083,4-15-57-4 = 0.083,4-22-57-4 = 0.667,4-17-57-4 = 0.25,4-17-15-28-4 = 0.75,5-25-49-19-37-7 = 0.167,5-25-9-58-13-14-5 = 0.083,5-54-34-15-4 = 0.083,4-45-20-40-23-8 = 0.667,4-20-40-11-8 = 0.167,4-41-50-16-5 = 0.75,4-45-20-11-8 = 0.167,4-45-12-9-58-14-5 = 0.167
560,383,736.836,0.0,2.482,0.0,Prune by CG,,4-22-4 = 0.382,5-42-5 = 1.0,7-31-52-29-19-8 = 0.518,7-31-52-37-7 = 0.482,7-48-24-30-7 = 1.0,7-21-26-36-7 = 1.0,8-53-27-8 = 1.0,8-33-23-39-8 = 0.365,8-33-39-8 = 0.635,8-12-47-11-8 = 0.518,8-10-51-43-4 = 0.106,8-40-44-51-43-4 = 0.224,5-18-54-34-13-5 = 0.518,5-35-38-5 = 1.0,5-56-55-32-5 = 1.0,5-25-9-46-47-4 = 0.412,5-18-25-9-58-14-5 = 0.482,5-34-10-46-47-4 = 0.071,5-34-13-46-43-4 = 0.282,5-34-58-46-13-14-5 = 0.059,8-49-10-51-44-4 = 0.671,8-49-10-44-43-4 = 0.012,5-58-46-43-14-5 = 0.176,4-15-57-4 = 0.194,4-22-57-4 = 0.612,4-17-57-4 = 0.194,4-17-15-28-4 = 0.806,4-45-20-28-4 = 0.194,4-45-20-44-43-4 = 0.094,5-54-29-37-7 = 0.482,8-40-49-19-11-8 = 0.141,4-45-20-40-23-8 = 0.635,4-41-50-16-5 = 1.0,4-45-12-9-58-14-5 = 0.035,4-45-12-49-37-7 = 0.035,4-45-20-22-4 = 0.006,5-25-58-43-14-5 = 0.106,8-49-10-58-13-14-5 = 0.141,4-20-12-9-34-5 = 0.071,8-12-19-11-8 = 0.341
276,273,733.814,7.0,0.097,2.636,561,562,4-22-4 = 1.0,8-33-8 = 0.5,8-39-8 = 0.5,5-42-5 = 1.0,7-31-52-29-19-8 = 0.5,7-48-24-30-7 = 1.0,7-21-26-36-7 = 0.5,7-52-29-37-7 = 0.5,7-31-21-26-36-7 = 0.5,8-33-39-8 = 0.5,8-12-47-11-8 = 1.0,8-10-49-19-37-7 = 0.5,5-35-56-38-5 = 1.0,5-18-54-34-13-5 = 1.0,5-32-55-14-5 = 1.0,5-25-51-43-4 = 0.5,5-25-9-44-43-4 = 0.5,8-49-10-58-46-4 = 0.5,4-15-28-4 = 0.5,4-17-57-4 = 1.0,4-44-51-28-4 = 0.5,4-45-20-40-23-8 = 1.0,4-41-50-16-5 = 1.0,8-27-53-8 = 1.0,8-9-58-46-15-4 = 0.5
562,276,737.134,0.0,3.319,0.0,Prune by CG,,4-22-4 = 1.0,5-42-5 = 1.0,7-36-26-7 = 0.458,7-31-52-29-47-4 = 0.042,7-31-52-29-19-8 = 0.583,7-48-37-7 = 0.375,7-24-30-7 = 0.146,7-21-52-29-5 = 0.312,7-30-24-26-36-7 = 0.229,7-48-24-30-7 = 0.625,7-31-52-54-5 = 0.021,7-31-52-34-13-5 = 0.021,8-53-27-8 = 1.0,8-40-11-37-7 = 0.042,7-31-21-26-36-7 = 0.312,8-33-23-39-8 = 0.083,8-33-39-8 = 0.917,8-12-47-11-8 = 0.958,8-10-49-19-37-7 = 0.417,7-31-52-29-14-5 = 0.021,5-35-56-21-7 = 0.375,5-35-56-38-5 = 0.625,5-18-54-34-13-5 = 0.979,5-32-55-14-5 = 0.979,5-25-51-43-4 = 0.583,5-18-55-32-5 = 0.021,5-25-9-44-43-4 = 0.417,8-49-10-58-46-4 = 0.417,4-28-15-4 = 0.458,4-17-57-4 = 1.0,4-12-44-28-4 = 0.042,4-45-20-28-4 = 0.083,4-44-51-28-4 = 0.417,4-45-20-40-23-8 = 0.917,4-41-50-16-5 = 1.0,5-42-38-5 = 0.375,8-9-58-10-46-4 = 0.042,4-44-10-49-37-7 = 0.125,8-9-58-46-15-4 = 0.542,8-40-49-29-37-7 = 0.042
561,276,734.118,5.0,0.303,-2.0,563,564,4-22-4 = 1.0,8-33-8 = 0.25,8-39-8 = 0.25,5-42-5 = 1.0,7-36-26-7 = 0.25,7-31-52-29-19-7 = 0.5,7-31-52-37-7 = 0.25,7-48-24-30-7 = 1.0,7-21-26-36-7 = 0.75,7-21-49-19-37-7 = 0.25,8-53-27-8 = 1.0,7-52-29-37-7 = 0.25,8-33-39-8 = 0.75,8-12-47-11-8 = 1.0,7-31-29-19-37-7 = 0.25,5-35-56-38-5 = 1.0,5-18-54-34-13-5 = 1.0,5-32-55-14-5 = 1.0,5-25-51-43-4 = 0.5,5-25-9-44-43-4 = 0.5,8-49-10-58-46-4 = 0.75,4-28-15-4 = 0.75,4-17-57-4 = 1.0,4-44-51-28-4 = 0.25,4-45-20-40-23-8 = 1.0,4-41-50-16-5 = 1.0,8-9-58-10-46-4 = 0.25,4-9-51-44-15-4 = 0.25
563,561,737.296,0.0,3.178,0.0,Prune by CG,,4-22-4 = 1.0,8-33-8 = 0.371,8-39-8 = 0.371,5-42-5 = 1.0,7-31-52-37-7 = 0.457,7-48-24-30-7 = 1.0,7-21-26-36-7 = 0.714,8-53-27-8 = 1.0,7-52-29-37-7 = 0.543,7-31-29-19-11-8 = 0.257,7-31-21-26-36-7 = 0.286,8-33-23-39-8 = 0.029,8-33-39-8 = 0.6,8-12-47-11-8 = 0.714,8-12-9-58-49-19-4 = 0.286,8-44-58-10-49-19-4 = 0.171,5-35-56-38-5 = 1.0,5-18-54-34-13-5 = 1.0,5-32-55-14-5 = 1.0,5-25-51-43-4 = 0.714,5-25-9-44-43-4 = 0.286,8-49-10-46-47-4 = 0.229,8-49-10-58-46-4 = 0.286,4-28-15-4 = 0.886,4-17-57-4 = 1.0,4-44-51-28-4 = 0.114,4-9-10-51-44-4 = 0.057,4-45-20-40-23-8 = 0.971,4-41-50-16-5 = 1.0,8-9-58-10-46-4 = 0.257,8-40-47-19-11-8 = 0.029,4-9-51-44-15-4 = 0.114,4-44-46-47-19-7 = 0.029,4-44-46-29-19-7 = 0.2,4-45-20-44-49-19-7 = 0.029
564,561,735.311,0.0,1.193,0.0,Prune by CG,,4-22-4 = 1.0,5-42-5 = 1.0,7-36-26-7 = 0.25,7-31-52-29-19-7 = 0.75,7-48-37-7 = 0.75,7-30-24-7 = 0.5,7-21-52-29-7 = 0.25,7-30-24-26-36-7 = 0.25,7-48-24-30-7 = 0.25,7-21-26-36-7 = 0.25,7-21-49-19-37-7 = 0.25,8-53-27-8 = 1.0,7-31-21-26-36-7 = 0.25,8-33-39-8 = 1.0,8-12-47-11-8 = 1.0,5-35-56-38-5 = 1.0,5-18-54-34-13-5 = 1.0,5-32-55-14-5 = 1.0,5-25-51-43-4 = 0.5,5-25-9-44-43-4 = 0.5,8-49-10-58-46-4 = 0.75,4-28-15-4 = 0.75,4-17-57-4 = 1.0,4-44-51-28-4 = 0.25,4-45-20-40-23-8 = 1.0,4-41-50-16-5 = 1.0,8-9-58-10-46-4 = 0.25,4-9-51-44-15-4 = 0.25
523,255,734.223,10.344,0.036,0.094,565,566,4-22-4 = 1.0,5-42-5 = 0.562,7-31-52-29-19-8 = 0.25,7-48-24-30-7 = 1.0,7-21-26-36-7 = 0.25,8-53-27-8 = 1.0,8-40-28-15-4 = 0.375,7-52-29-37-7 = 0.75,7-31-21-26-36-7 = 0.75,8-33-23-39-8 = 0.375,8-33-39-8 = 0.625,8-12-47-11-8 = 1.0,5-41-50-16-5 = 0.406,5-35-56-14-5 = 0.031,5-18-54-34-13-5 = 0.688,5-32-55-14-5 = 0.469,5-38-50-16-5 = 0.234,5-38-41-57-4 = 0.234,5-35-38-5 = 0.531,5-56-55-32-5 = 0.531,5-18-54-13-14-5 = 0.312,5-25-9-10-58-5 = 0.187,5-25-9-51-44-4 = 0.5,4-15-28-4 = 0.391,4-17-57-4 = 0.766,4-17-15-28-4 = 0.234,5-25-9-19-37-7 = 0.125,4-45-20-44-43-4 = 0.375,4-51-46-43-4 = 0.5,4-45-20-40-23-8 = 0.625,4-41-50-16-5 = 0.359,4-44-43-19-37-7 = 0.125,8-49-10-46-14-5 = 0.187,5-35-56-42-5 = 0.438,5-34-58-10-49-19-5 = 0.312,5-25-9-58-49-19-5 = 0.188,8-49-10-58-46-5 = 0.313
565,523,735.927,0.0,1.704,0.0,Prune by CG,,4-22-4 = 0.688,8-39-8 = 0.5,5-42-5 = 0.75,7-48-24-30-7 = 1.0,8-53-27-8 = 1.0,7-52-29-37-7 = 1.0,7-31-21-26-36-7 = 1.0,8-33-23-39-8 = 0.5,8-33-40-11-8 = 0.5,8-12-44-15-4 = 0.062,8-12-44-28-4 = 0.438,8-12-47-11-8 = 0.5,5-18-54-34-13-5 = 0.25,5-32-55-14-5 = 0.25,5-38-50-16-5 = 0.125,5-38-41-57-4 = 0.125,5-35-38-5 = 0.75,5-56-55-32-5 = 0.75,5-18-54-13-14-5 = 0.75,5-25-9-46-47-4 = 0.25,5-25-9-10-47-4 = 0.25,5-25-9-51-44-4 = 0.25,4-15-57-4 = 0.375,4-22-57-4 = 0.062,4-17-57-4 = 0.438,4-17-15-28-4 = 0.562,4-45-20-44-43-4 = 0.25,4-51-46-43-4 = 0.75,4-45-20-40-23-8 = 0.5,4-41-50-16-5 = 0.875,4-45-20-22-4 = 0.25,5-35-56-42-5 = 0.25,5-34-58-10-49-19-5 = 0.75,5-25-9-58-49-19-5 = 0.25
566,523,734.662,0.0,0.439,0.0,Prune by CG,,4-22-4 = 1.0,5-42-5 = 0.744,7-31-52-29-19-8 = 0.317,7-31-52-37-7 = 0.037,7-30-24-26-36-7 = 0.365,7-48-21-26-7 = 0.365,7-48-24-30-7 = 0.635,7-21-52-49-58-5 = 0.353,8-53-27-8 = 1.0,8-40-28-15-4 = 0.362,7-52-29-37-7 = 0.293,7-31-21-26-36-7 = 0.27,8-33-23-39-8 = 0.362,8-33-39-8 = 0.638,8-12-47-11-8 = 1.0,7-31-29-19-37-7 = 0.377,5-41-50-16-5 = 0.343,5-35-56-21-7 = 0.012,5-35-56-36-7 = 0.365,5-18-54-34-13-5 = 0.987,5-32-55-14-5 = 0.633,5-38-50-16-5 = 0.317,5-38-41-57-4 = 0.317,5-35-38-5 = 0.367,5-56-55-32-5 = 0.367,5-25-9-10-58-5 = 0.38,5-25-9-51-44-4 = 0.469,4-28-15-4 = 0.322,4-17-57-4 = 0.683,4-17-15-28-4 = 0.317,5-25-9-19-37-7 = 0.124,4-45-20-44-43-4 = 0.362,4-51-46-43-4 = 0.469,4-45-20-40-23-8 = 0.638,4-41-50-16-5 = 0.34,4-44-43-19-37-7 = 0.169,8-49-10-46-14-5 = 0.367,5-35-56-42-5 = 0.256,5-34-58-10-49-29-5 = 0.013,5-18-25-9-49-19-5 = 0.013,5-54-9-49-58-13-5 = 0.013,5-25-10-49-58-5 = 0.013,8-49-10-58-46-5 = 0.164,8-49-10-58-51-5 = 0.062
187,83,734.949,6.0,2.667,-4.474,Prune by UB,,4-22-4 = 0.229,5-42-5 = 1.0,7-31-52-29-19-7 = 0.259,7-31-52-29-19-8 = 0.241,7-31-52-37-7 = 0.277,7-30-24-26-36-7 = 0.018,7-48-24-30-7 = 0.982,7-21-54-34-14-5 = 0.036,7-21-26-36-7 = 0.964,7-48-26-36-7 = 0.018,7-52-29-37-7 = 0.223,8-12-46-13-5 = 0.006,8-33-23-39-8 = 0.114,8-33-39-8 = 0.886,8-12-47-11-8 = 0.994,7-31-29-19-37-7 = 0.223,5-18-54-34-13-5 = 0.41,5-35-38-5 = 1.0,5-56-55-32-5 = 1.0,5-18-54-13-14-5 = 0.542,5-18-25-54-5 = 0.006,5-25-9-46-14-5 = 0.416,5-25-9-44-43-4 = 0.488,5-34-51-44-43-4 = 0.512,8-49-10-58-46-4 = 0.578,8-49-10-58-51-4 = 0.367,4-15-57-4 = 0.114,4-22-57-4 = 0.771,4-17-57-4 = 0.114,4-17-15-28-4 = 0.886,5-25-9-19-37-7 = 0.042,4-45-20-28-4 = 0.114,5-25-54-14-5 = 0.006,4-45-20-40-23-8 = 0.886,4-41-50-16-5 = 1.0,4-9-10-19-37-7 = 0.054,8-27-53-8 = 1.0,8-49-58-29-19-37-7 = 0.054,8-11-19-37-7 = 0.006,5-18-25-34-13-5 = 0.042,8-40-51-19-37-7 = 0.114,4-51-47-19-37-7 = 0.006
241,67,734.45,9.14,1.482,-1.321,567,568,4-22-4 = 1.0,8-33-8 = 0.298,8-39-8 = 0.456,5-42-5 = 1.0,7-36-26-7 = 0.596,7-31-52-29-47-4 = 0.018,7-31-52-29-19-8 = 0.105,7-21-52-29-7 = 0.193,7-48-24-30-7 = 1.0,7-21-49-19-37-7 = 0.404,8-40-28-15-4 = 0.386,7-52-29-37-7 = 0.211,7-31-21-26-36-7 = 0.404,8-33-23-39-8 = 0.544,8-33-40-11-8 = 0.158,8-12-44-28-4 = 0.158,8-12-47-11-8 = 0.842,7-31-52-29-14-5 = 0.474,8-45-20-40-23-8 = 0.018,5-35-56-14-5 = 0.035,5-18-54-34-13-5 = 0.544,5-32-55-14-5 = 0.035,5-38-50-16-5 = 0.018,5-38-41-57-4 = 0.018,5-35-38-5 = 0.965,5-25-58-10-49-7 = 0.105,5-56-55-32-5 = 0.965,5-18-54-13-14-5 = 0.351,5-54-34-13-14-5 = 0.105,5-25-9-10-58-5 = 0.404,5-25-9-58-46-4 = 0.491,5-34-51-44-15-4 = 0.351,4-28-15-4 = 0.246,4-17-57-4 = 0.982,4-17-15-28-4 = 0.018,4-45-20-28-4 = 0.193,4-45-20-44-43-4 = 0.351,4-51-46-43-4 = 0.509,4-45-20-40-23-8 = 0.439,4-41-50-16-5 = 0.982,5-10-49-19-37-7 = 0.386,5-18-9-10-49-19-7 = 0.105,8-27-53-8 = 1.0,4-44-51-47-43-4 = 0.14
567,241,735.522,0.0,1.071,0.0,Prune by CG,,4-22-4 = 1.0,8-33-8 = 0.25,8-39-8 = 0.5,5-42-5 = 1.0,7-36-26-7 = 0.062,7-48-24-30-7 = 1.0,7-21-26-36-7 = 0.938,7-21-49-19-37-7 = 0.062,8-40-28-15-4 = 0.125,8-33-23-39-8 = 0.375,8-33-39-8 = 0.125,8-33-40-11-8 = 0.25,8-12-44-28-4 = 0.25,8-12-47-11-8 = 0.75,7-31-52-29-14-5 = 1.0,5-41-50-16-5 = 0.375,5-18-54-34-13-5 = 1.0,5-35-38-5 = 1.0,5-25-58-51-47-4 = 0.188,5-56-55-32-5 = 1.0,5-25-9-10-58-5 = 0.188,5-25-9-58-46-4 = 0.5,4-28-15-4 = 0.625,4-17-57-4 = 1.0,5-25-58-49-37-7 = 0.062,4-45-20-44-43-4 = 0.375,4-51-46-43-4 = 0.5,5-25-9-58-49-19-7 = 0.062,4-45-20-40-23-8 = 0.625,4-41-50-16-5 = 0.625,4-44-43-19-37-7 = 0.062,5-10-49-19-37-7 = 0.812,8-27-53-8 = 1.0,8-9-51-44-15-4 = 0.25,4-44-51-47-43-4 = 0.062
464,427,734.213,7.333,0.082,0.333,569,570,4-22-4 = 1.0,5-42-5 = 0.667,7-48-24-30-7 = 1.0,8-53-27-8 = 1.0,8-40-28-15-4 = 0.5,7-52-29-37-7 = 1.0,7-31-21-26-36-7 = 1.0,8-33-23-39-8 = 0.5,8-33-39-8 = 0.5,8-12-44-15-4 = 0.167,8-12-44-28-4 = 0.333,8-12-47-11-8 = 0.5,8-45-20-11-8 = 0.5,8-45-20-40-23-8 = 0.5,5-35-56-38-5 = 0.833,5-18-54-34-13-5 = 1.0,5-32-55-14-5 = 1.0,5-25-51-43-4 = 0.5,5-25-9-46-47-4 = 0.5,4-15-57-4 = 0.167,4-17-57-4 = 0.833,4-17-15-28-4 = 0.167,4-51-46-43-4 = 0.5,4-44-58-10-49-19-8 = 0.5,4-41-50-16-5 = 1.0,4-9-58-10-49-19-8 = 0.5,5-42-38-5 = 0.167,5-35-56-42-5 = 0.167
569,464,736.098,0.0,1.885,0.0,Prune by CG,,4-22-4 = 1.0,8-39-8 = 0.25,5-42-5 = 0.5,7-48-24-30-7 = 1.0,7-52-29-37-7 = 1.0,7-31-21-26-36-7 = 1.0,8-33-23-39-8 = 0.25,8-33-39-8 = 0.5,8-33-40-11-8 = 0.25,8-12-44-28-4 = 0.5,8-12-47-11-4 = 0.5,8-45-20-11-8 = 0.25,8-45-20-40-23-8 = 0.75,5-35-56-38-5 = 0.75,5-18-54-34-13-5 = 1.0,5-32-55-14-5 = 1.0,5-25-51-43-4 = 0.5,5-25-9-46-47-4 = 0.5,4-15-57-4 = 0.5,4-17-57-4 = 0.5,4-17-15-28-4 = 0.5,4-51-46-43-4 = 0.5,4-44-58-10-49-19-8 = 0.5,4-41-50-16-5 = 1.0,4-9-58-10-49-19-8 = 0.5,5-42-38-5 = 0.25,5-35-56-42-5 = 0.25,8-27-53-8 = 1.0
570,464,736.274,0.0,2.061,0.0,Prune by CG,,4-22-4 = 0.96,5-42-5 = 0.64,7-48-24-30-7 = 1.0,8-40-28-15-4 = 0.24,7-52-29-37-7 = 1.0,8-12-46-13-5 = 0.12,7-31-21-26-36-7 = 1.0,8-33-23-39-8 = 0.24,8-33-39-8 = 0.76,8-12-47-11-8 = 0.76,8-45-20-11-8 = 0.24,8-51-46-43-4 = 0.64,8-45-20-40-23-8 = 0.76,5-35-56-38-5 = 0.64,5-18-54-34-13-5 = 0.88,5-32-55-14-5 = 1.0,5-38-50-16-5 = 0.18,5-38-41-57-4 = 0.18,5-25-51-43-4 = 0.2,5-18-25-54-5 = 0.12,5-25-9-46-47-4 = 0.24,5-25-9-51-44-4 = 0.16,5-25-9-44-43-4 = 0.16,4-28-15-4 = 0.54,4-22-57-4 = 0.04,4-17-57-4 = 0.78,4-17-15-28-4 = 0.22,4-44-58-10-49-19-8 = 0.68,4-41-50-16-5 = 0.82,4-9-58-10-49-19-8 = 0.32,5-35-56-42-5 = 0.36,8-27-53-8 = 1.0,5-25-9-12-34-5 = 0.12
490,488,734.329,9.846,0.292,-0.554,571,572,4-22-4 = 1.0,5-42-5 = 1.0,7-31-52-29-19-8 = 0.5,7-48-24-30-7 = 1.0,7-21-26-36-7 = 0.5,8-53-27-40-23-8 = 0.692,7-52-29-37-7 = 0.5,7-31-21-26-36-7 = 0.5,8-33-23-39-8 = 0.154,8-33-39-8 = 0.692,8-33-40-11-8 = 0.154,8-12-44-28-4 = 0.192,8-40-23-39-8 = 0.154,8-12-47-11-8 = 0.654,8-10-49-19-37-7 = 0.5,5-35-56-38-5 = 0.692,5-18-54-34-13-5 = 0.692,5-32-55-14-5 = 0.692,5-35-38-5 = 0.308,5-56-55-32-5 = 0.308,5-18-54-13-14-5 = 0.154,5-25-9-10-58-5 = 0.154,5-18-54-34-14-5 = 0.154,5-25-9-58-46-4 = 0.231,5-25-9-58-51-4 = 0.615,5-34-13-51-46-8 = 0.154,8-49-10-46-47-8 = 0.346,4-28-15-4 = 0.154,4-15-57-4 = 0.423,4-17-57-4 = 0.577,4-17-15-28-4 = 0.423,4-45-20-28-4 = 0.231,4-45-20-44-43-4 = 0.769,4-51-46-43-4 = 0.231,4-41-50-16-5 = 1.0,4-44-46-11-8 = 0.038,8-27-53-8 = 0.308,8-12-49-11-8 = 0.154
571,490,736.555,0.0,2.226,0.0,Prune by CG,,4-22-4 = 1.0,5-42-5 = 1.0,7-31-52-29-19-8 = 0.4,7-48-24-30-7 = 1.0,7-21-26-36-7 = 0.4,8-53-27-8 = 0.2,8-53-27-40-23-8 = 0.8,7-52-29-37-7 = 0.6,7-31-21-26-36-7 = 0.6,8-33-23-39-8 = 0.2,8-33-39-8 = 0.8,8-12-44-28-4 = 0.2,8-12-47-11-8 = 0.6,8-10-49-19-37-7 = 0.4,5-35-56-38-5 = 0.4,5-18-54-34-13-5 = 0.6,5-32-55-14-5 = 0.4,5-35-38-5 = 0.6,5-56-55-32-5 = 0.6,5-18-54-13-14-5 = 0.4,5-25-9-10-58-5 = 0.4,5-25-9-58-46-4 = 0.4,5-25-9-58-51-4 = 0.2,5-51-46-43-4 = 0.2,5-34-51-46-47-8 = 0.2,5-34-51-46-14-5 = 0.2,4-28-15-4 = 0.2,4-15-57-4 = 0.4,4-17-57-4 = 0.6,4-17-15-28-4 = 0.4,4-45-20-28-4 = 0.2,4-45-20-44-43-4 = 0.8,8-40-49-19-11-8 = 0.2,4-41-50-16-5 = 1.0,8-12-49-11-8 = 0.2,8-49-10-51-47-8 = 0.2
572,490,734.917,0.0,0.588,0.0,Prune by CG,,4-22-4 = 1.0,5-38-5 = 0.095,5-42-5 = 1.0,7-31-52-29-19-8 = 0.607,7-48-37-7 = 0.214,7-30-24-26-36-7 = 0.214,7-48-24-30-7 = 0.786,7-21-26-36-7 = 0.393,8-53-27-8 = 0.429,8-53-27-40-23-8 = 0.571,7-52-29-37-7 = 0.393,7-31-21-26-36-7 = 0.393,8-33-23-39-8 = 0.214,8-33-39-8 = 0.571,8-33-40-11-8 = 0.214,8-12-44-15-4 = 0.071,8-12-44-28-4 = 0.202,8-40-23-39-8 = 0.214,8-12-47-11-8 = 0.56,8-10-49-19-37-7 = 0.226,5-35-56-21-7 = 0.214,5-35-56-38-5 = 0.786,5-18-54-34-13-5 = 1.0,5-32-55-14-5 = 1.0,5-38-50-16-5 = 0.119,5-25-9-10-58-5 = 0.333,5-25-9-58-51-4 = 0.667,8-49-10-46-47-8 = 0.44,4-15-57-4 = 0.464,4-17-57-4 = 0.417,4-17-15-28-4 = 0.464,8-49-46-19-37-7 = 0.167,4-45-20-28-4 = 0.333,4-45-20-44-43-4 = 0.667,4-51-46-43-4 = 0.333,4-17-41-57-4 = 0.119,4-41-50-16-5 = 0.881,4-44-46-11-8 = 0.06,8-12-49-11-8 = 0.167
416,97,734.491,8.2,0.664,-1.6,573,574,4-22-4 = 1.0,8-33-8 = 0.3,8-39-8 = 0.4,5-42-5 = 1.0,7-36-26-7 = 0.2,7-31-52-29-19-8 = 0.2,7-21-52-29-7 = 0.2,7-48-24-30-7 = 1.0,7-31-52-54-5 = 0.2,7-21-26-36-7 = 0.4,7-52-29-37-7 = 0.4,7-31-29-19-11-8 = 0.2,7-31-21-26-36-7 = 0.4,8-33-23-39-8 = 0.1,8-33-39-8 = 0.5,8-33-40-11-8 = 0.1,8-12-44-28-4 = 0.2,8-12-47-11-8 = 0.6,8-12-9-34-13-14-5 = 0.2,8-10-49-19-37-7 = 0.6,8-45-20-11-8 = 0.1,8-45-20-40-23-8 = 0.3,5-35-38-5 = 1.0,5-56-55-32-5 = 1.0,5-18-54-13-14-5 = 0.8,5-18-25-58-49-47-4 = 0.2,5-25-9-58-46-4 = 0.6,5-34-51-44-43-4 = 0.8,8-49-10-46-47-8 = 0.2,4-28-15-4 = 0.6,4-15-57-4 = 0.2,4-17-57-4 = 0.8,4-17-15-28-4 = 0.2,4-51-46-43-4 = 0.2,4-45-20-40-23-8 = 0.6,4-41-50-16-5 = 1.0,8-27-53-8 = 1.0,4-25-9-10-58-5 = 0.2
573,416,735.039,0.0,0.548,0.0,Prune by CG,,4-22-4 = 1.0,8-33-8 = 0.138,8-39-8 = 0.138,5-42-5 = 1.0,7-36-26-7 = 0.414,7-31-52-29-19-7 = 0.069,7-31-52-37-7 = 0.276,7-21-52-29-7 = 0.414,7-48-24-30-7 = 1.0,7-21-26-36-7 = 0.414,7-31-25-58-49-19-8 = 0.172,7-31-49-46-43-4 = 0.034,8-53-27-8 = 1.0,7-52-29-37-7 = 0.241,7-31-29-19-11-8 = 0.276,7-31-21-26-36-7 = 0.172,8-33-39-8 = 0.862,8-12-44-28-4 = 0.138,8-12-47-11-8 = 0.724,8-12-9-34-13-14-5 = 0.138,8-10-49-19-37-7 = 0.483,8-45-20-40-23-8 = 0.69,5-35-56-38-5 = 0.069,5-18-54-55-5 = 0.069,5-18-54-32-5 = 0.069,5-35-38-5 = 0.931,5-56-55-32-5 = 0.931,5-18-54-13-14-5 = 0.828,5-54-34-13-14-5 = 0.034,5-25-9-58-46-4 = 0.552,5-34-51-44-43-4 = 0.828,8-49-10-46-47-8 = 0.276,4-15-28-4 = 0.759,4-15-57-4 = 0.103,4-17-57-4 = 0.897,4-17-15-28-4 = 0.103,4-51-46-43-4 = 0.138,4-45-20-40-23-8 = 0.31,4-41-50-16-5 = 1.0,4-25-9-10-58-5 = 0.241,4-9-51-44-15-4 = 0.034,5-18-25-9-49-58-5 = 0.034
574,416,735.755,0.0,1.264,0.0,Prune by CG,,4-22-4 = 1.0,8-39-8 = 0.1,5-42-5 = 1.0,7-36-26-7 = 0.5,7-31-52-29-19-8 = 0.3,7-48-37-7 = 0.2,7-24-30-7 = 0.2,7-21-52-29-5 = 0.5,7-48-24-30-7 = 0.8,7-31-52-54-5 = 0.2,8-53-27-8 = 1.0,7-31-21-26-36-7 = 0.5,8-33-23-39-8 = 0.1,8-33-39-8 = 0.8,8-33-40-11-8 = 0.1,8-12-44-28-4 = 0.1,8-12-47-11-8 = 0.8,8-12-9-34-13-14-5 = 0.1,8-10-49-19-37-7 = 0.7,8-45-20-11-8 = 0.1,8-45-20-40-23-8 = 0.2,5-35-38-5 = 1.0,5-56-55-32-5 = 1.0,5-18-54-13-14-5 = 0.8,5-18-25-58-29-7 = 0.2,5-25-9-58-46-4 = 0.7,5-34-51-44-43-4 = 0.9,8-49-10-46-47-8 = 0.2,4-28-15-4 = 0.8,4-15-57-4 = 0.1,4-17-57-4 = 0.9,4-17-15-28-4 = 0.1,4-51-46-43-4 = 0.1,5-25-9-58-13-14-5 = 0.1,4-45-20-40-23-8 = 0.7,4-41-50-16-5 = 1.0,8-9-10-49-37-7 = 0.1
448,445,734.181,8.167,0.312,0.667,575,576,4-22-4 = 0.583,5-42-5 = 1.0,7-31-52-29-19-7 = 0.417,7-31-52-37-7 = 0.083,7-30-24-26-36-7 = 0.083,7-48-24-30-7 = 0.917,7-21-9-46-13-5 = 0.167,7-31-52-54-5 = 0.167,7-21-26-36-7 = 0.75,7-48-26-36-7 = 0.083,8-53-27-8 = 0.833,8-53-27-40-23-8 = 0.167,7-52-29-37-7 = 0.333,7-31-21-26-36-7 = 0.083,8-33-23-39-8 = 0.833,8-33-39-8 = 0.167,8-12-47-11-8 = 0.833,8-40-44-51-43-4 = 0.833,7-31-29-19-37-7 = 0.25,5-18-54-34-13-5 = 0.5,5-35-38-5 = 1.0,5-25-58-10-49-8 = 0.667,5-56-55-32-5 = 1.0,5-54-34-13-14-5 = 0.333,5-18-58-49-19-37-7 = 0.333,5-25-9-46-14-5 = 0.333,5-34-51-44-15-4 = 0.167,4-15-57-4 = 0.417,4-17-57-4 = 0.583,4-17-15-28-4 = 0.417,5-18-9-46-43-4 = 0.167,4-45-20-28-4 = 0.583,4-41-50-16-5 = 1.0,4-12-47-11-8 = 0.167,4-45-20-22-4 = 0.417,5-9-10-46-14-5 = 0.333
575,448,735.354,0.0,1.173,0.0,Prune by CG,,4-22-4 = 0.645,5-42-5 = 0.931,7-31-52-29-19-5 = 0.108,7-31-52-29-19-7 = 0.569,7-31-52-37-7 = 0.216,7-48-37-7 = 0.137,7-48-29-37-7 = 0.147,7-30-24-26-36-7 = 0.284,7-48-24-30-7 = 0.716,7-21-9-46-13-5 = 0.108,7-31-52-54-5 = 0.108,7-21-26-36-7 = 0.716,8-53-27-8 = 0.912,8-53-27-40-23-8 = 0.088,8-33-23-39-8 = 0.912,8-33-39-8 = 0.088,8-12-47-11-8 = 0.922,8-40-44-51-43-4 = 0.833,5-18-54-34-13-5 = 0.529,5-32-55-14-5 = 0.069,5-38-50-16-5 = 0.034,5-38-41-57-4 = 0.034,5-35-38-5 = 0.931,5-25-58-10-49-8 = 0.676,5-56-55-32-5 = 0.931,5-54-34-13-14-5 = 0.363,5-18-58-49-19-37-7 = 0.304,5-25-9-46-14-5 = 0.324,5-34-51-44-15-4 = 0.088,4-15-57-4 = 0.4,4-17-57-4 = 0.566,4-17-15-28-4 = 0.434,5-18-9-46-43-4 = 0.167,5-34-58-49-19-37-7 = 0.02,4-45-20-28-4 = 0.566,4-45-44-51-15-4 = 0.078,4-20-40-11-8 = 0.078,4-41-50-16-5 = 0.966,4-9-10-46-47-8 = 0.078,4-45-20-22-4 = 0.355,5-35-56-42-5 = 0.069,5-9-10-46-14-5 = 0.245,4-12-9-46-4 = 0.078,7-21-29-37-7 = 0.176
576,448,735.862,0.0,1.681,0.0,Prune by CG,,4-22-4 = 0.729,5-42-5 = 0.917,7-21-52-29-7 = 0.167,7-30-24-26-36-7 = 0.083,7-48-24-30-7 = 0.917,7-21-26-36-7 = 0.417,7-48-26-36-7 = 0.083,7-31-58-10-49-19-7 = 0.417,8-53-27-8 = 1.0,7-52-29-37-7 = 0.667,7-31-21-26-36-7 = 0.417,8-33-23-39-8 = 1.0,8-12-47-11-8 = 0.667,8-40-44-51-43-4 = 0.833,7-31-29-19-37-7 = 0.167,5-18-54-34-13-5 = 0.583,5-32-55-14-5 = 0.083,5-38-50-16-5 = 0.042,5-38-41-57-4 = 0.042,5-35-38-5 = 0.917,5-25-58-10-49-8 = 0.333,5-56-55-32-5 = 0.917,5-18-54-13-14-5 = 0.25,5-54-34-13-14-5 = 0.167,5-25-9-46-47-8 = 0.167,5-25-9-46-14-5 = 0.5,5-34-58-10-49-19-4 = 0.25,4-15-57-4 = 0.396,4-17-57-4 = 0.562,4-17-15-28-4 = 0.438,5-18-9-46-43-4 = 0.167,4-45-20-28-4 = 0.562,4-45-44-51-15-4 = 0.167,4-20-40-11-8 = 0.167,4-41-50-16-5 = 0.958,4-12-47-11-8 = 0.167,4-45-20-22-4 = 0.271,5-35-56-42-5 = 0.083,4-12-9-46-4 = 0.167,7-52-19-37-7 = 0.167
234,228,734.322,8.63,1.314,-0.29,577,578,4-22-4 = 1.0,8-33-8 = 0.37,8-39-8 = 0.407,5-42-5 = 1.0,7-31-52-29-19-8 = 0.5,7-31-52-37-7 = 0.296,7-48-24-30-7 = 1.0,7-21-26-36-7 = 0.796,7-52-29-37-7 = 0.204,7-31-21-26-36-7 = 0.204,8-33-23-39-8 = 0.593,8-33-40-11-8 = 0.037,8-12-10-58-5 = 0.093,8-12-44-15-4 = 0.222,8-12-44-28-4 = 0.222,8-12-47-11-8 = 0.37,8-12-9-10-49-8 = 0.093,8-40-44-51-43-4 = 0.556,5-41-50-16-5 = 0.704,5-18-54-34-13-5 = 0.537,5-35-38-5 = 1.0,5-25-51-43-4 = 0.296,5-56-55-32-5 = 1.0,5-25-9-46-47-8 = 0.63,5-18-54-34-14-5 = 0.463,5-25-9-46-14-5 = 0.074,4-15-28-4 = 0.778,4-17-57-4 = 1.0,4-51-46-43-4 = 0.148,4-45-20-40-23-8 = 0.407,4-41-50-16-5 = 0.296,4-45-20-11-8 = 0.593,8-9-10-19-37-7 = 0.204,8-27-53-8 = 1.0,8-49-10-58-46-8 = 0.074,8-49-10-58-46-5 = 0.074,8-49-58-29-19-37-7 = 0.296,8-49-10-58-13-14-5 = 0.463
577,234,735.091,0.0,0.769,0.0,Prune by CG,,4-22-4 = 1.0,8-33-8 = 0.411,8-39-8 = 0.411,5-42-5 = 1.0,7-31-52-29-19-8 = 0.464,7-48-24-30-7 = 1.0,7-21-26-36-7 = 0.464,7-52-29-37-7 = 0.536,7-31-21-26-36-7 = 0.536,8-33-23-39-8 = 0.536,8-33-39-8 = 0.054,8-12-10-58-5 = 0.143,8-12-44-15-4 = 0.125,8-12-44-28-4 = 0.125,8-12-47-11-8 = 0.464,8-40-44-51-43-4 = 0.536,8-44-58-10-49-19-8 = 0.214,5-41-50-16-5 = 0.75,5-18-54-34-13-5 = 0.5,5-35-38-5 = 1.0,5-25-51-43-4 = 0.464,5-56-55-32-5 = 1.0,5-25-9-46-47-8 = 0.536,5-18-54-34-14-5 = 0.5,4-15-28-4 = 0.875,4-17-57-4 = 1.0,8-9-46-19-37-7 = 0.321,4-45-20-40-23-8 = 0.464,4-41-50-16-5 = 0.25,4-45-20-11-8 = 0.536,8-27-53-8 = 1.0,8-49-10-58-46-8 = 0.036,8-49-10-58-46-5 = 0.107,8-49-10-58-13-14-5 = 0.5,8-12-9-49-37-7 = 0.143
578,234,736.936,0.0,2.614,0.0,Prune by CG,,4-22-4 = 1.0,8-33-8 = 0.167,8-39-8 = 0.667,5-42-5 = 1.0,7-31-52-29-19-8 = 0.5,7-31-52-37-7 = 0.5,7-48-24-30-7 = 1.0,7-21-26-36-7 = 1.0,8-33-23-39-8 = 0.333,8-33-40-11-8 = 0.5,8-12-44-15-4 = 0.167,8-12-44-28-4 = 0.167,8-12-47-11-8 = 0.5,8-12-9-10-49-8 = 0.167,5-41-50-16-5 = 0.583,5-35-56-14-5 = 0.083,5-18-54-34-13-5 = 1.0,5-32-55-14-5 = 0.083,5-38-50-16-5 = 0.042,5-38-41-57-4 = 0.042,5-35-38-5 = 0.917,5-25-51-43-4 = 0.333,5-56-55-32-5 = 0.917,5-25-9-46-47-8 = 0.167,8-49-10-51-44-4 = 0.167,4-15-28-4 = 0.792,4-17-57-4 = 0.958,4-17-15-28-4 = 0.042,4-45-20-44-43-4 = 0.167,4-51-46-43-4 = 0.5,4-45-20-40-23-8 = 0.5,4-41-50-16-5 = 0.375,8-27-53-8 = 1.0,8-49-58-29-19-37-7 = 0.5,5-9-10-46-47-8 = 0.167,5-25-9-10-14-5 = 0.5,8-45-20-44-58-14-5 = 0.333,8-49-58-46-47-23-8 = 0.167
248,171,734.355,8.125,1.52,-0.496,579,580,4-22-4 = 1.0,8-33-8 = 0.125,8-39-8 = 0.125,5-42-5 = 1.0,7-36-26-7 = 0.25,7-31-52-29-19-7 = 0.5,7-31-52-37-7 = 0.25,7-48-24-30-7 = 1.0,7-21-26-36-7 = 0.75,7-21-49-19-37-7 = 0.25,7-52-29-37-7 = 0.25,8-33-23-39-8 = 0.25,8-33-39-8 = 0.625,8-12-44-43-4 = 0.25,8-12-47-11-8 = 0.75,8-10-51-43-4 = 0.25,8-40-44-51-43-4 = 0.25,7-31-29-19-37-7 = 0.25,8-51-46-43-4 = 0.125,5-41-50-16-5 = 0.25,5-35-56-14-5 = 0.125,5-18-54-34-13-5 = 0.625,5-32-55-14-5 = 0.125,5-38-50-16-5 = 0.062,5-38-41-57-4 = 0.062,5-35-38-5 = 0.875,5-56-55-32-5 = 0.875,5-54-34-13-14-5 = 0.375,5-18-25-9-58-14-5 = 0.375,5-25-9-58-46-8 = 0.625,8-49-10-46-47-4 = 0.25,8-49-10-51-44-4 = 0.375,8-49-10-44-43-4 = 0.125,4-28-15-4 = 0.938,4-17-57-4 = 0.938,4-17-15-28-4 = 0.062,4-45-20-40-23-8 = 0.75,4-41-50-16-5 = 0.688,4-45-20-11-8 = 0.25,8-27-53-8 = 1.0
579,248,735.829,0.0,1.474,0.0,Prune by CG,,4-22-4 = 1.0,8-33-8 = 0.125,8-39-8 = 0.25,5-42-5 = 1.0,7-31-52-29-19-7 = 0.5,7-31-52-37-7 = 0.25,7-48-24-30-7 = 1.0,7-21-26-36-7 = 0.75,7-21-49-19-37-7 = 0.25,7-52-29-37-7 = 0.25,8-33-23-39-8 = 0.125,8-33-39-8 = 0.625,8-33-40-11-8 = 0.125,8-12-44-28-4 = 0.25,8-12-47-11-8 = 0.75,8-10-51-43-4 = 0.5,7-31-29-19-37-7 = 0.25,5-41-50-16-5 = 0.125,5-35-56-14-5 = 0.125,5-18-54-34-13-5 = 0.75,5-32-55-14-5 = 0.125,5-38-50-16-5 = 0.062,5-38-41-57-4 = 0.062,5-35-38-5 = 0.875,5-56-55-32-5 = 0.875,5-54-34-13-14-5 = 0.25,5-25-9-46-47-4 = 0.25,5-18-25-9-58-14-5 = 0.25,5-25-9-58-46-8 = 0.5,8-49-10-44-43-4 = 0.5,8-49-51-44-15-4 = 0.25,4-15-28-4 = 0.688,4-17-57-4 = 0.938,4-17-15-28-4 = 0.062,5-58-51-46-14-5 = 0.25,4-45-20-40-23-8 = 0.875,4-41-50-16-5 = 0.812,7-26-36-7 = 0.25,4-45-20-11-8 = 0.125,8-27-53-8 = 1.0
580,248,736.161,0.0,1.806,0.0,Prune by CG,,4-22-4 = 1.0,8-33-8 = 0.006,8-39-8 = 0.159,5-42-5 = 1.0,7-31-52-29-19-7 = 0.488,7-31-52-37-7 = 0.244,7-48-24-30-7 = 1.0,7-21-26-36-7 = 0.756,7-21-49-19-37-7 = 0.244,7-31-49-10-51-4 = 0.024,7-52-29-37-7 = 0.268,8-33-23-39-8 = 0.201,8-33-39-8 = 0.64,8-33-40-11-8 = 0.152,8-12-44-43-4 = 0.488,8-12-47-11-8 = 0.146,8-40-44-51-43-4 = 0.049,7-31-29-19-37-7 = 0.244,8-51-46-43-4 = 0.463,5-41-50-16-5 = 0.366,5-18-54-34-13-5 = 0.5,5-35-38-5 = 1.0,5-56-55-32-5 = 1.0,5-54-34-13-14-5 = 0.366,5-25-9-10-47-4 = 0.159,5-18-25-9-58-14-5 = 0.5,5-25-9-58-46-8 = 0.183,5-34-10-46-47-4 = 0.134,8-49-10-46-47-4 = 0.22,8-49-10-51-44-4 = 0.463,4-15-28-4 = 1.0,4-17-57-4 = 1.0,5-25-58-49-40-23-8 = 0.024,5-25-9-58-13-14-5 = 0.134,5-54-58-11-8 = 0.134,4-45-20-40-23-8 = 0.774,4-41-50-16-5 = 0.634,7-26-36-7 = 0.244,4-12-47-11-8 = 0.341,4-45-20-11-8 = 0.226,4-12-9-58-49-19-7 = 0.024,8-27-53-8 = 1.0
361,296,734.314,8.667,0.641,-0.216,581,582,4-22-4 = 1.0,8-33-8 = 0.167,5-38-5 = 0.5,8-39-8 = 0.167,5-42-5 = 1.0,7-36-26-7 = 0.333,7-31-52-29-19-8 = 0.333,7-21-52-29-7 = 0.333,7-48-24-30-7 = 1.0,7-21-26-36-7 = 0.333,7-31-9-46-43-4 = 0.333,7-52-29-37-7 = 0.333,7-31-21-26-36-7 = 0.333,8-33-23-39-8 = 0.667,8-33-39-8 = 0.167,8-45-20-28-4 = 0.333,8-12-47-11-8 = 1.0,8-40-44-51-43-4 = 0.667,8-45-20-44-51-4 = 0.333,8-45-20-40-23-8 = 0.333,5-35-56-14-5 = 0.5,5-18-54-34-13-5 = 1.0,5-32-55-14-5 = 0.5,5-35-38-5 = 0.5,5-25-58-10-49-8 = 1.0,5-56-55-32-5 = 0.5,4-28-15-4 = 0.333,4-15-57-4 = 0.333,4-17-57-4 = 0.667,4-17-15-28-4 = 0.333,4-41-50-16-5 = 1.0,4-9-46-19-37-7 = 0.667,8-27-53-8 = 1.0
582,361,736.896,0.0,2.582,0.0,Prune by CG,,4-22-4 = 1.0,8-33-8 = 0.139,5-38-5 = 0.5,8-39-8 = 0.139,5-42-5 = 1.0,7-31-52-29-19-8 = 0.333,7-21-52-29-7 = 0.333,7-48-24-30-7 = 1.0,7-21-26-36-7 = 0.333,7-31-9-46-43-4 = 0.333,8-40-28-15-4 = 0.361,7-52-29-37-7 = 0.333,7-31-21-26-36-7 = 0.333,8-33-23-39-8 = 0.861,8-45-20-28-4 = 0.556,8-20-51-43-4 = 0.083,8-12-47-11-8 = 0.528,8-40-44-51-43-4 = 0.5,8-45-20-15-4 = 0.139,8-45-20-44-43-4 = 0.083,8-45-28-15-4 = 0.083,8-45-20-40-23-8 = 0.139,5-35-56-14-5 = 0.5,5-18-54-34-13-5 = 1.0,5-32-55-14-5 = 0.5,5-35-38-5 = 0.5,5-25-58-10-49-8 = 1.0,5-56-55-32-5 = 0.5,4-17-57-4 = 1.0,4-41-50-16-5 = 1.0,7-26-36-7 = 0.333,4-12-47-11-8 = 0.472,4-9-46-19-37-7 = 0.667,8-27-53-8 = 1.0,4-44-51-15-4 = 0.417
581,361,734.362,8.0,0.048,-0.667,583,584,4-22-4 = 1.0,5-38-5 = 0.429,5-42-5 = 1.0,7-31-52-29-19-8 = 0.357,7-21-52-29-7 = 0.286,7-48-24-30-7 = 1.0,7-21-54-34-14-5 = 0.071,7-21-54-14-5 = 0.071,7-21-26-36-7 = 0.071,7-31-9-46-43-4 = 0.143,7-52-29-37-7 = 0.357,7-31-21-26-36-7 = 0.5,8-33-23-39-8 = 0.5,8-33-39-8 = 0.5,8-12-47-11-8 = 1.0,8-40-44-51-43-4 = 0.5,8-45-20-44-43-4 = 0.143,8-45-20-44-51-4 = 0.357,8-45-20-40-23-8 = 0.5,5-35-56-14-5 = 0.429,5-18-54-34-13-5 = 0.857,5-32-55-14-5 = 0.429,5-35-38-5 = 0.571,5-25-58-10-49-8 = 1.0,5-56-55-32-5 = 0.571,5-34-13-51-43-4 = 0.071,4-15-28-4 = 1.0,4-17-57-4 = 1.0,5-18-9-46-43-4 = 0.143,8-9-46-19-37-7 = 0.286,4-41-50-16-5 = 1.0,7-26-36-7 = 0.429,4-9-46-19-37-7 = 0.357,8-27-53-8 = 1.0,8-9-51-46-13-5 = 0.071
583,581,736.135,0.0,1.774,0.0,Prune by CG,,4-22-4 = 1.0,8-33-8 = 0.333,8-39-8 = 0.333,5-42-5 = 1.0,7-48-24-30-7 = 1.0,7-21-26-36-7 = 1.0,8-33-23-39-8 = 0.5,8-33-39-8 = 0.167,8-20-51-43-4 = 0.167,8-12-47-11-8 = 0.833,8-40-44-51-43-4 = 0.5,8-45-20-44-43-4 = 0.167,7-31-52-29-14-5 = 1.0,8-45-20-44-51-4 = 0.167,8-45-20-40-23-8 = 0.5,8-45-44-51-43-4 = 0.167,5-18-54-34-13-5 = 1.0,5-35-38-5 = 1.0,5-25-58-10-49-8 = 1.0,5-56-55-32-5 = 1.0,4-28-15-4 = 1.0,4-17-57-4 = 1.0,5-9-46-19-37-7 = 1.0,4-41-50-16-5 = 1.0,4-12-47-11-8 = 0.167,8-27-53-8 = 1.0
584,581,735.532,0.0,1.171,0.0,Prune by CG,,4-22-4 = 1.0,8-33-8 = 0.25,5-38-5 = 0.25,8-39-8 = 0.25,5-42-5 = 1.0,7-31-52-29-19-8 = 0.5,7-48-24-30-7 = 1.0,7-21-26-36-7 = 0.5,7-52-29-37-7 = 0.5,7-31-21-26-36-7 = 0.5,8-33-23-39-8 = 0.5,8-33-39-8 = 0.25,8-12-47-11-8 = 0.5,8-40-44-51-43-4 = 0.5,8-45-20-44-43-4 = 0.5,8-45-20-40-23-8 = 0.5,5-35-56-14-5 = 0.25,5-18-54-34-13-5 = 0.5,5-32-55-14-5 = 0.25,5-35-38-5 = 0.75,5-25-58-10-49-8 = 0.5,5-56-55-32-5 = 0.75,5-18-54-34-14-5 = 0.5,5-25-9-58-46-4 = 0.5,4-28-15-4 = 1.0,4-17-57-4 = 1.0,4-41-50-16-5 = 1.0,4-12-47-11-8 = 0.5,5-10-49-19-37-7 = 0.5,8-27-53-8 = 1.0,8-9-51-46-13-5 = 0.5
370,156,734.401,7.521,0.859,-0.709,585,586,4-22-4 = 1.0,8-33-8 = 0.227,8-39-8 = 0.351,5-42-5 = 1.0,7-36-26-7 = 0.109,7-31-52-29-19-8 = 0.408,7-31-52-37-7 = 0.408,7-21-52-29-7 = 0.024,7-48-24-30-7 = 1.0,7-21-52-9-58-5 = 0.062,7-21-54-14-5 = 0.024,7-21-26-36-7 = 0.806,8-53-27-8 = 1.0,7-31-21-26-36-7 = 0.085,8-33-23-39-8 = 0.303,8-33-39-8 = 0.346,8-33-40-11-8 = 0.123,8-12-47-11-8 = 0.877,8-12-9-10-49-8 = 0.024,8-40-44-51-43-4 = 0.18,8-12-9-34-13-14-5 = 0.1,8-10-49-19-37-7 = 0.123,7-31-52-29-14-5 = 0.1,5-41-50-16-5 = 0.417,5-18-54-34-13-5 = 0.431,5-35-38-5 = 1.0,5-25-51-43-4 = 0.36,5-54-9-10-49-8 = 0.076,5-56-55-32-5 = 1.0,5-18-54-58-13-5 = 0.469,5-25-9-46-47-4 = 0.123,5-25-9-51-44-4 = 0.46,5-25-9-44-43-4 = 0.057,4-28-15-4 = 1.0,4-17-57-4 = 1.0,5-34-58-29-19-37-7 = 0.469,5-18-9-46-43-4 = 0.1,4-45-20-44-43-4 = 0.303,4-45-20-40-23-8 = 0.697,4-41-50-16-5 = 0.583,8-49-10-46-14-5 = 0.777
585,370,737.101,0.0,2.7,0.0,Prune by CG,,4-22-4 = 1.0,8-33-8 = 0.187,8-39-8 = 0.387,5-42-5 = 1.0,7-36-26-7 = 0.52,7-31-52-29-19-8 = 0.293,7-21-52-29-7 = 0.28,7-48-24-30-7 = 1.0,7-21-52-9-58-5 = 0.133,7-21-9-58-13-14-5 = 0.107,7-21-26-36-7 = 0.053,7-31-9-10-58-14-5 = 0.28,7-52-29-37-7 = 0.293,7-31-21-26-36-7 = 0.427,8-33-23-39-8 = 0.4,8-33-39-8 = 0.213,8-33-40-11-8 = 0.2,8-12-44-28-4 = 0.2,8-12-47-11-8 = 0.8,8-40-44-51-43-4 = 0.2,5-41-50-16-5 = 0.68,5-18-54-34-13-5 = 0.853,5-35-38-5 = 1.0,5-25-51-43-4 = 0.32,5-56-55-32-5 = 1.0,5-18-54-58-13-5 = 0.04,5-34-51-44-15-4 = 0.12,5-58-51-46-47-8 = 0.2,8-49-51-44-15-4 = 0.08,4-28-15-4 = 0.8,4-17-57-4 = 1.0,5-34-58-29-19-37-7 = 0.027,5-25-49-19-37-7 = 0.68,4-45-20-44-43-4 = 0.4,4-51-46-43-4 = 0.08,4-45-20-40-23-8 = 0.6,4-41-50-16-5 = 0.32,8-49-10-46-14-5 = 0.24,8-27-53-8 = 1.0,8-9-10-46-14-5 = 0.373,5-18-54-58-29-7 = 0.107,5-9-58-10-46-5 = 0.107
402,372,734.159,9.556,0.528,0.919,587,588,4-22-4 = 1.0,8-33-8 = 0.056,8-39-8 = 0.056,5-42-5 = 1.0,7-36-26-7 = 0.222,7-31-52-29-19-8 = 0.333,7-21-52-29-7 = 0.111,7-48-24-30-7 = 1.0,7-21-52-9-58-5 = 0.111,7-21-26-36-7 = 0.222,8-53-27-8 = 1.0,7-52-29-37-7 = 0.444,7-31-29-19-11-8 = 0.111,7-31-21-26-36-7 = 0.556,8-33-23-39-8 = 0.333,8-33-39-8 = 0.611,8-12-47-11-8 = 0.889,8-12-9-10-49-8 = 0.111,8-10-49-19-37-7 = 0.472,8-45-20-40-23-8 = 0.306,8-40-49-46-43-4 = 0.333,5-35-56-14-5 = 0.472,5-18-54-34-13-5 = 0.528,5-32-55-14-5 = 0.472,5-38-50-16-5 = 0.028,5-38-41-57-4 = 0.028,5-35-38-5 = 0.528,5-25-51-43-4 = 0.139,5-56-55-32-5 = 0.528,5-18-54-58-13-5 = 0.417,5-25-9-46-47-4 = 0.111,5-18-54-58-14-5 = 0.056,5-25-9-51-44-4 = 0.667,5-34-13-51-43-4 = 0.056,5-34-58-10-46-5 = 0.417,4-28-15-4 = 0.972,4-17-57-4 = 0.972,4-17-15-28-4 = 0.028,5-25-49-19-37-7 = 0.083,4-45-20-44-43-4 = 0.333,4-51-46-43-4 = 0.139,4-45-20-40-23-8 = 0.361,4-41-50-16-5 = 0.972,5-42-38-5 = 0.417
587,402,734.638,0.0,0.479,0.0,Prune by CG,,4-22-4 = 1.0,8-33-8 = 0.269,5-38-5 = 0.481,8-39-8 = 0.269,5-42-5 = 1.0,7-36-26-7 = 0.077,7-31-52-29-19-8 = 0.442,7-21-52-29-7 = 0.038,7-48-24-30-7 = 1.0,7-21-52-9-58-5 = 0.038,7-21-26-36-7 = 0.404,7-52-29-37-7 = 0.481,7-31-29-19-11-8 = 0.038,7-31-21-26-36-7 = 0.519,8-33-23-39-8 = 0.731,8-12-47-11-8 = 0.635,8-12-9-10-49-8 = 0.365,8-40-44-51-43-4 = 0.673,8-10-49-19-37-7 = 0.115,8-45-20-11-8 = 0.019,8-45-20-44-43-4 = 0.154,8-51-46-43-4 = 0.115,8-40-49-46-43-4 = 0.058,5-35-56-14-5 = 0.481,5-18-54-34-13-5 = 0.5,5-32-55-14-5 = 0.481,5-35-38-5 = 0.519,5-56-55-32-5 = 0.519,5-18-54-58-13-5 = 0.462,5-25-9-46-47-4 = 0.365,5-25-9-10-49-8 = 0.058,5-18-54-58-14-5 = 0.038,5-25-9-51-44-4 = 0.173,5-34-13-51-15-4 = 0.038,5-34-58-10-46-5 = 0.462,4-28-15-4 = 0.538,4-15-57-4 = 0.212,4-17-57-4 = 0.788,4-17-15-28-4 = 0.212,5-25-49-19-37-7 = 0.404,4-45-20-28-4 = 0.25,4-45-20-40-23-8 = 0.269,4-41-50-16-5 = 1.0,4-45-20-11-8 = 0.308,8-27-53-8 = 1.0
588,402,734.637,0.0,0.478,0.0,Prune by CG,,4-22-4 = 1.0,5-38-5 = 0.394,8-39-8 = 0.4,5-42-5 = 1.0,8-53-8 = 0.125,7-36-26-7 = 0.175,7-31-52-29-19-8 = 0.4,7-21-52-29-7 = 0.025,7-48-24-30-7 = 1.0,7-21-52-9-58-5 = 0.15,7-21-26-36-7 = 0.25,7-52-29-37-7 = 0.425,7-31-29-19-11-8 = 0.025,7-31-21-26-36-7 = 0.575,8-33-23-39-8 = 0.4,8-33-39-8 = 0.2,8-33-40-11-8 = 0.4,8-12-44-28-4 = 0.2,8-12-47-11-8 = 0.575,8-12-9-10-49-8 = 0.225,8-10-49-19-37-7 = 0.394,8-45-20-40-23-8 = 0.106,5-35-56-14-5 = 0.456,5-18-54-34-13-5 = 0.531,5-32-55-14-5 = 0.456,5-38-50-16-5 = 0.031,5-38-41-57-4 = 0.031,5-35-38-5 = 0.544,5-25-51-43-4 = 0.319,5-56-55-32-5 = 0.544,5-18-54-58-13-5 = 0.381,5-25-9-46-47-4 = 0.425,5-18-54-58-14-5 = 0.088,5-25-9-51-44-4 = 0.2,5-34-13-51-43-4 = 0.088,5-34-58-10-46-5 = 0.381,8-49-51-44-15-4 = 0.2,4-28-15-4 = 0.769,4-17-57-4 = 0.969,4-17-15-28-4 = 0.031,5-25-49-19-37-7 = 0.056,4-45-20-44-43-4 = 0.4,4-51-46-43-4 = 0.194,4-45-20-40-23-8 = 0.494,4-41-50-16-5 = 0.969,8-27-53-8 = 0.875,8-27-49-29-19-37-7 = 0.125
302,155,734.195,8.707,0.844,0.636,589,590,4-22-4 = 1.0,8-33-8 = 0.512,8-39-8 = 0.512,5-42-5 = 1.0,7-36-26-7 = 0.122,7-21-52-29-7 = 0.122,7-48-24-30-7 = 1.0,7-31-52-54-5 = 0.171,7-21-26-36-7 = 0.22,7-52-29-37-7 = 0.707,8-12-46-13-5 = 0.171,7-31-29-19-11-8 = 0.171,7-31-21-26-36-7 = 0.659,8-33-23-39-8 = 0.488,8-12-47-11-8 = 0.829,8-40-44-51-43-4 = 0.488,8-45-20-40-23-8 = 0.39,5-18-54-34-13-5 = 0.366,5-35-38-5 = 1.0,5-54-58-49-37-7 = 0.024,5-25-51-43-4 = 0.22,5-56-55-32-5 = 1.0,5-18-54-13-14-5 = 0.439,5-25-9-46-47-4 = 0.171,5-18-58-49-19-37-7 = 0.195,5-25-9-51-44-4 = 0.244,5-25-9-46-14-5 = 0.341,5-34-58-10-49-19-8 = 0.585,4-28-15-4 = 0.561,4-15-57-4 = 0.22,4-17-57-4 = 0.78,4-17-15-28-4 = 0.22,5-34-58-10-49-19-7 = 0.049,4-45-20-28-4 = 0.22,4-45-20-44-43-4 = 0.268,4-51-46-43-4 = 0.024,4-45-20-40-23-8 = 0.122,4-41-50-16-5 = 1.0,8-27-53-8 = 1.0,5-25-9-51-13-5 = 0.024,5-58-49-10-46-5 = 0.073,8-9-10-46-14-5 = 0.22,5-58-10-49-37-7 = 0.073
589,302,734.428,6.025,0.233,-2.683,591,592,4-22-4 = 1.0,8-33-8 = 0.469,8-39-8 = 0.469,5-42-5 = 1.0,7-36-26-7 = 0.037,7-31-52-29-19-8 = 0.815,7-31-52-37-7 = 0.012,7-48-24-30-7 = 1.0,7-21-54-14-5 = 0.037,7-31-52-54-5 = 0.012,7-21-26-36-7 = 0.963,7-52-29-37-7 = 0.025,8-33-23-39-8 = 0.531,8-45-20-28-4 = 0.185,8-12-47-11-8 = 1.0,8-10-46-13-5 = 0.049,8-40-44-51-43-4 = 0.531,7-31-29-19-37-7 = 0.025,7-31-52-29-14-5 = 0.136,8-45-20-40-23-8 = 0.469,5-18-54-34-13-5 = 0.889,5-35-38-5 = 1.0,5-25-51-43-4 = 0.049,5-56-55-32-5 = 1.0,5-18-54-13-14-5 = 0.012,5-54-34-13-14-5 = 0.049,5-18-58-49-19-37-7 = 0.099,5-25-9-51-44-4 = 0.235,5-25-9-46-14-5 = 0.716,4-28-15-4 = 0.407,4-15-57-4 = 0.296,4-17-57-4 = 0.704,4-17-15-28-4 = 0.296,5-34-58-10-49-19-7 = 0.062,4-45-20-28-4 = 0.111,4-45-20-44-43-4 = 0.235,4-51-46-43-4 = 0.185,4-41-50-16-5 = 1.0,8-27-53-8 = 1.0,8-9-10-46-14-5 = 0.049,5-58-10-49-37-7 = 0.84
591,589,735.764,0.0,1.336,0.0,Prune by CG,,4-22-4 = 1.0,8-33-8 = 0.143,8-39-8 = 0.429,5-42-5 = 1.0,7-36-26-7 = 0.571,7-31-52-29-19-8 = 0.286,7-31-52-37-7 = 0.143,7-21-52-29-5 = 0.143,7-48-24-30-7 = 1.0,7-21-54-14-5 = 0.429,7-52-29-37-7 = 0.429,7-31-29-19-11-8 = 0.143,7-31-21-26-36-7 = 0.429,8-33-23-39-8 = 0.571,8-33-40-11-8 = 0.286,8-12-44-15-4 = 0.429,8-12-47-11-8 = 0.571,8-40-44-51-43-4 = 0.286,8-45-20-40-23-8 = 0.143,5-35-38-5 = 1.0,5-56-55-32-5 = 1.0,5-18-54-13-14-5 = 0.571,5-25-9-46-47-4 = 0.429,5-25-9-51-44-4 = 0.143,4-28-15-4 = 0.571,4-17-57-4 = 1.0,5-34-58-10-49-19-7 = 0.571,4-45-20-28-4 = 0.429,4-45-20-44-43-4 = 0.143,4-51-46-43-4 = 0.571,4-45-20-40-23-8 = 0.286,4-41-50-16-5 = 1.0,8-27-53-8 = 1.0,5-18-25-9-34-13-5 = 0.429,5-58-10-49-37-7 = 0.429
590,302,734.464,6.695,0.268,-2.012,593,594,4-22-4 = 1.0,8-33-8 = 0.542,8-39-8 = 0.542,5-42-5 = 1.0,7-31-52-29-19-8 = 0.119,7-48-24-30-7 = 1.0,7-21-26-36-7 = 0.119,7-52-29-37-7 = 0.881,8-12-46-13-5 = 0.051,7-31-21-26-36-7 = 0.881,8-33-23-39-8 = 0.458,8-45-20-28-4 = 0.153,8-12-47-11-8 = 0.949,8-40-44-51-43-4 = 0.458,8-45-20-44-43-4 = 0.102,8-45-20-40-23-8 = 0.542,5-18-54-34-13-5 = 0.237,5-35-38-5 = 1.0,5-56-55-32-5 = 1.0,5-18-54-13-14-5 = 0.559,5-18-25-54-5 = 0.203,5-25-9-46-47-4 = 0.051,5-25-9-51-44-4 = 0.237,5-25-9-46-14-5 = 0.441,5-34-58-10-49-19-8 = 0.712,4-28-15-4 = 0.695,4-15-57-4 = 0.153,4-17-57-4 = 0.847,4-17-15-28-4 = 0.153,5-34-58-49-19-11-8 = 0.051,4-45-20-44-43-4 = 0.203,4-51-46-43-4 = 0.237,8-9-46-19-37-7 = 0.068,4-41-50-16-5 = 1.0,8-9-10-19-37-7 = 0.051,8-27-53-8 = 1.0,5-25-9-51-13-5 = 0.068,5-58-49-10-46-5 = 0.153,5-9-10-49-58-13-5 = 0.085
593,590,735.222,0.0,0.759,0.0,Prune by CG,,4-22-4 = 1.0,8-33-8 = 0.5,8-39-8 = 0.553,5-42-5 = 1.0,7-21-52-29-7 = 0.013,7-48-24-30-7 = 1.0,7-31-9-46-43-4 = 0.013,7-52-29-37-7 = 0.987,7-31-21-26-36-7 = 0.987,8-33-23-39-8 = 0.447,8-33-40-11-8 = 0.053,8-12-44-15-4 = 0.224,8-12-44-28-4 = 0.079,8-12-47-11-8 = 0.697,8-40-44-51-43-4 = 0.395,8-45-20-40-23-8 = 0.25,5-18-54-34-13-5 = 0.013,5-35-38-5 = 1.0,5-25-51-43-4 = 0.289,5-56-55-32-5 = 1.0,5-18-54-13-14-5 = 0.658,5-18-25-54-5 = 0.329,5-25-9-46-47-4 = 0.303,5-25-9-46-14-5 = 0.079,5-34-58-10-49-19-8 = 0.737,4-28-15-4 = 0.776,4-17-57-4 = 1.0,5-34-58-49-19-11-8 = 0.25,4-45-20-28-4 = 0.145,4-45-20-44-43-4 = 0.303,8-9-46-19-37-7 = 0.013,4-45-20-40-23-8 = 0.303,4-41-50-16-5 = 1.0,7-26-36-7 = 0.013,8-27-53-8 = 1.0,8-9-10-46-14-5 = 0.263,8-9-51-46-13-5 = 0.316,5-9-58-49-46-13-5 = 0.013
594,590,736.09,0.0,1.626,0.0,Prune by CG,,4-22-4 = 1.0,8-33-8 = 0.344,8-39-8 = 0.344,5-42-5 = 1.0,7-48-24-30-7 = 1.0,7-21-26-36-7 = 0.5,8-40-28-15-4 = 0.062,7-52-29-37-7 = 0.5,7-31-21-26-36-7 = 0.5,8-33-23-39-8 = 0.25,8-33-39-8 = 0.406,8-12-47-11-8 = 1.0,8-40-44-51-43-4 = 0.188,8-45-20-44-43-4 = 0.25,7-31-52-29-14-5 = 0.5,8-45-20-40-23-8 = 0.75,5-18-54-34-13-5 = 0.5,5-35-38-5 = 1.0,5-56-55-32-5 = 1.0,5-18-54-13-14-5 = 0.5,5-25-9-51-44-4 = 0.375,5-25-9-44-43-4 = 0.125,5-34-58-10-49-19-8 = 0.5,4-28-15-4 = 0.906,4-17-57-4 = 1.0,5-25-9-19-37-7 = 0.5,4-51-46-43-4 = 0.437,4-41-50-16-5 = 1.0,8-27-53-8 = 1.0,5-58-49-10-46-5 = 0.5,4-44-46-15-4 = 0.031,4-44-46-28-4 = 0.031
472,469,734.565,2.0,0.489,-2.0,595,596,4-22-4 = 1.0,5-42-5 = 1.0,7-36-26-7 = 0.5,7-31-52-29-5 = 0.5,7-21-52-29-5 = 0.5,7-48-24-30-7 = 1.0,8-53-27-8 = 1.0,7-31-21-26-36-7 = 0.5,8-33-39-8 = 1.0,8-12-47-11-8 = 1.0,8-10-49-19-37-7 = 1.0,5-35-38-5 = 1.0,5-56-55-32-5 = 1.0,5-18-54-13-14-5 = 1.0,5-25-9-51-44-4 = 1.0,5-34-58-46-43-4 = 1.0,4-15-28-4 = 1.0,4-17-57-4 = 1.0,4-45-20-40-23-8 = 1.0,4-41-50-16-5 = 1.0
595,472,736.424,0.0,1.859,0.0,Prune by CG,,4-22-4 = 1.0,5-42-5 = 1.0,7-31-52-29-5 = 1.0,7-48-24-30-7 = 1.0,7-21-26-36-7 = 1.0,8-33-39-8 = 1.0,8-12-47-11-8 = 1.0,8-10-49-19-37-7 = 1.0,5-35-38-5 = 1.0,5-56-55-32-5 = 1.0,5-18-54-13-14-5 = 1.0,5-25-9-51-44-4 = 1.0,5-34-58-46-43-4 = 1.0,4-28-15-4 = 1.0,4-17-57-4 = 1.0,4-45-20-40-23-8 = 1.0,4-41-50-16-5 = 1.0,8-27-53-8 = 1.0
596,472,736.461,0.0,1.896,0.0,Prune by CG,,4-22-4 = 1.0,8-33-8 = 0.091,8-39-8 = 0.182,5-42-5 = 1.0,7-36-26-7 = 0.545,7-31-52-29-19-8 = 0.455,7-21-52-29-5 = 0.545,7-48-24-30-7 = 1.0,7-31-58-51-43-4 = 0.091,7-31-21-26-36-7 = 0.455,8-33-23-39-8 = 0.091,8-33-39-8 = 0.727,8-45-20-28-4 = 0.091,8-33-40-11-8 = 0.091,8-12-47-11-8 = 0.909,8-10-49-19-37-7 = 0.545,8-45-20-40-23-8 = 0.636,5-18-54-34-13-5 = 0.091,5-35-38-5 = 1.0,5-56-55-32-5 = 1.0,5-18-54-13-14-5 = 0.909,5-25-9-46-47-4 = 0.091,5-25-9-51-44-4 = 0.455,5-34-58-46-43-4 = 0.909,4-28-15-4 = 0.818,4-15-57-4 = 0.091,4-17-57-4 = 0.909,4-17-15-28-4 = 0.091,5-25-9-10-49-7 = 0.091,5-25-9-49-37-7 = 0.091,4-25-9-51-44-4 = 0.273,4-45-20-40-23-8 = 0.273,4-41-50-16-5 = 1.0,8-27-53-8 = 1.0,4-44-10-49-37-7 = 0.273,4-51-10-37-7 = 0.091,8-12-51-14-5 = 0.091
152,149,734.249,10.0,1.731,0.375,597,598,4-22-4 = 0.333,7-31-52-29-19-8 = 0.5,7-48-24-30-7 = 1.0,7-21-26-36-7 = 0.5,8-53-27-8 = 0.75,8-53-27-40-23-8 = 0.25,7-52-29-37-7 = 0.5,7-31-21-26-36-7 = 0.5,8-33-23-39-8 = 0.75,8-33-39-8 = 0.25,8-40-44-51-43-4 = 0.75,8-10-49-19-37-7 = 0.5,5-35-56-38-5 = 0.333,5-18-54-34-13-5 = 0.917,5-32-55-14-5 = 0.917,5-38-50-16-5 = 0.167,5-35-38-5 = 0.083,5-56-55-32-5 = 0.083,5-18-54-13-14-5 = 0.083,5-25-9-10-58-5 = 0.25,5-25-9-58-46-4 = 0.667,5-25-9-58-51-4 = 0.083,5-34-51-44-15-4 = 0.083,8-49-10-46-47-8 = 0.25,4-15-57-4 = 0.333,4-22-57-4 = 0.25,4-17-57-4 = 0.25,4-17-15-28-4 = 0.583,4-45-20-28-4 = 0.417,4-45-20-44-43-4 = 0.167,4-51-46-43-4 = 0.083,4-17-41-57-4 = 0.167,4-41-50-16-5 = 0.833,4-12-47-11-8 = 0.75,5-42-38-5 = 0.417,4-45-20-22-4 = 0.417,5-35-56-42-5 = 0.583,8-12-49-11-8 = 0.25
597,152,736.538,0.0,2.289,0.0,Prune by CG,,4-22-4 = 0.333,5-42-5 = 0.167,7-31-52-29-19-8 = 0.5,7-48-24-30-7 = 1.0,7-21-26-36-7 = 0.5,8-53-27-40-23-8 = 1.0,7-52-29-37-7 = 0.5,7-31-21-26-36-7 = 0.5,8-33-39-8 = 1.0,8-12-47-11-8 = 0.75,8-10-49-19-37-7 = 0.083,5-35-56-38-5 = 0.25,5-18-54-34-13-5 = 0.667,5-32-55-14-5 = 0.667,5-35-38-5 = 0.333,5-56-55-32-5 = 0.333,5-18-54-13-14-5 = 0.333,5-25-9-10-58-5 = 0.667,5-25-9-58-51-4 = 0.333,5-51-46-43-4 = 0.333,5-34-51-44-15-4 = 0.333,8-49-10-46-47-8 = 0.25,4-22-57-4 = 0.667,4-17-57-4 = 0.333,4-17-15-28-4 = 0.667,8-49-46-19-37-7 = 0.417,4-45-20-28-4 = 0.333,4-45-20-44-43-4 = 0.667,4-41-50-16-5 = 1.0,5-42-38-5 = 0.417,5-35-56-42-5 = 0.417,8-12-49-11-8 = 0.25
598,152,734.307,8.5,0.058,-1.5,599,600,4-22-4 = 0.312,7-31-52-29-19-8 = 0.5,7-48-24-30-7 = 1.0,7-21-26-36-7 = 0.5,8-53-27-8 = 1.0,7-52-29-37-7 = 0.5,7-31-21-26-36-7 = 0.5,8-33-23-39-8 = 1.0,8-40-44-51-43-4 = 1.0,8-10-49-19-37-7 = 0.5,5-35-56-38-5 = 0.375,5-18-54-34-13-5 = 1.0,5-32-55-14-5 = 1.0,5-38-50-16-5 = 0.25,5-25-9-10-58-5 = 0.25,5-25-9-58-46-4 = 0.5,5-25-9-58-46-8 = 0.25,8-49-10-46-47-8 = 0.25,4-15-57-4 = 0.438,4-22-57-4 = 0.125,4-17-57-4 = 0.188,4-17-15-28-4 = 0.562,4-45-20-28-4 = 0.438,4-17-41-57-4 = 0.25,4-41-50-16-5 = 0.75,4-12-47-11-8 = 0.75,5-42-38-5 = 0.375,4-45-20-22-4 = 0.562,5-35-56-42-5 = 0.625,8-12-49-11-8 = 0.25
599,598,735.782,0.0,1.475,0.0,Prune by CG,,4-22-4 = 0.125,7-31-52-29-19-8 = 0.5,7-48-24-30-7 = 1.0,7-21-26-36-7 = 0.5,8-53-27-8 = 1.0,7-52-29-37-7 = 0.5,7-31-21-26-36-7 = 0.5,8-33-23-39-8 = 1.0,8-12-47-11-8 = 0.75,8-40-44-51-43-4 = 1.0,8-10-49-19-37-7 = 0.5,5-35-56-38-5 = 0.5,5-18-54-34-13-5 = 1.0,5-32-55-14-5 = 1.0,5-25-9-58-46-8 = 0.75,8-49-10-46-47-8 = 0.25,4-15-57-4 = 0.375,4-22-57-4 = 0.25,4-17-57-4 = 0.375,4-17-15-28-4 = 0.625,4-45-20-28-4 = 0.375,5-25-9-58-10-8 = 0.25,4-41-50-16-5 = 1.0,5-42-38-5 = 0.5,4-45-20-22-4 = 0.625,5-35-56-42-5 = 0.5,8-12-49-11-8 = 0.25
82,40,733.903,10.308,2.312,2.374,601,602,4-22-4 = 1.0,8-39-8 = 0.218,5-42-5 = 1.0,7-36-26-7 = 0.256,7-31-52-29-19-8 = 0.526,7-31-52-37-7 = 0.167,7-48-37-7 = 0.09,7-24-30-7 = 0.09,7-48-24-30-7 = 0.91,7-21-26-36-7 = 0.603,8-40-28-15-4 = 0.167,7-52-29-37-7 = 0.308,7-31-29-19-11-8 = 0.167,7-31-21-26-36-7 = 0.141,8-33-23-39-8 = 0.385,8-33-39-8 = 0.397,8-33-40-11-8 = 0.218,8-12-44-15-4 = 0.115,8-12-44-28-4 = 0.115,8-12-47-11-8 = 0.462,8-45-20-40-23-8 = 0.141,5-35-56-21-7 = 0.256,5-18-54-34-13-5 = 0.59,5-32-55-14-5 = 0.256,5-35-38-5 = 0.744,5-25-51-43-4 = 0.231,5-56-55-32-5 = 0.744,5-18-54-13-14-5 = 0.077,5-54-34-13-14-5 = 0.333,5-18-25-9-58-14-5 = 0.333,5-34-58-10-46-4 = 0.077,8-49-10-46-47-4 = 0.026,8-49-10-51-44-4 = 0.385,4-28-15-4 = 0.718,4-17-57-4 = 1.0,5-25-58-49-37-7 = 0.436,4-45-20-44-43-4 = 0.385,4-51-46-43-4 = 0.385,8-9-10-46-47-4 = 0.513,4-45-20-40-23-8 = 0.474,4-41-50-16-5 = 1.0,4-12-9-58-49-19-8 = 0.154,5-42-38-5 = 0.256,8-27-53-8 = 1.0,8-12-19-11-8 = 0.154
601,82,738.631,0.0,4.729,0.0,Prune by CG,,4-22-4 = 1.0,8-39-8 = 0.583,5-42-5 = 1.0,7-37-19-11-8 = 0.056,7-36-26-7 = 0.167,7-31-52-29-19-8 = 0.889,7-31-52-37-7 = 0.056,7-48-24-30-7 = 1.0,7-21-26-36-7 = 0.833,7-52-29-37-7 = 0.056,7-31-29-19-11-8 = 0.056,8-33-23-39-8 = 0.417,8-33-40-11-8 = 0.583,8-45-20-11-8 = 0.139,8-45-20-40-23-8 = 0.25,5-35-56-21-7 = 0.167,5-35-56-14-5 = 0.25,5-18-54-34-13-5 = 1.0,5-32-55-14-5 = 0.417,5-38-50-16-5 = 0.083,5-38-41-57-4 = 0.083,5-35-38-5 = 0.583,5-25-51-43-4 = 0.667,5-56-55-32-5 = 0.583,5-25-9-51-44-4 = 0.333,8-49-10-46-47-4 = 1.0,4-28-15-4 = 0.694,4-15-57-4 = 0.111,4-17-57-4 = 0.806,4-17-15-28-4 = 0.194,4-45-20-28-4 = 0.111,4-45-20-44-43-4 = 0.333,4-45-20-40-23-8 = 0.167,4-41-50-16-5 = 0.917,5-42-38-5 = 0.25,8-27-53-8 = 1.0,4-12-9-58-37-7 = 0.667,8-23-11-37-7 = 0.167,4-12-44-58-14-5 = 0.333
602,82,733.937,9.286,0.034,-1.022,603,604,4-22-4 = 1.0,5-38-5 = 0.19,8-39-8 = 0.262,5-42-5 = 1.0,7-31-52-29-19-8 = 0.833,7-31-52-37-7 = 0.024,7-48-37-7 = 0.167,7-24-30-7 = 0.167,7-48-24-30-7 = 0.833,7-21-26-36-7 = 0.69,8-40-28-15-4 = 0.167,7-52-29-37-7 = 0.143,7-31-29-19-11-8 = 0.024,7-31-21-26-36-7 = 0.119,8-33-23-39-8 = 0.429,8-33-39-8 = 0.31,8-33-40-11-8 = 0.262,8-12-44-15-4 = 0.071,8-12-44-28-4 = 0.071,8-12-47-11-8 = 0.571,8-45-20-40-23-8 = 0.119,5-35-56-21-7 = 0.19,5-18-54-34-13-5 = 0.524,5-32-55-14-5 = 0.19,5-35-38-5 = 0.81,5-25-51-43-4 = 0.143,5-56-55-32-5 = 0.81,5-18-54-13-14-5 = 0.143,5-54-34-13-14-5 = 0.333,5-18-25-9-58-14-5 = 0.333,5-34-58-10-46-4 = 0.143,8-49-10-46-47-4 = 0.333,4-28-15-4 = 0.762,4-17-57-4 = 1.0,5-25-58-49-37-7 = 0.524,4-45-20-44-43-4 = 0.429,4-51-46-43-4 = 0.429,8-9-10-46-47-4 = 0.095,4-45-20-40-23-8 = 0.452,4-41-50-16-5 = 1.0,7-26-36-7 = 0.19,8-27-53-8 = 1.0,8-12-9-49-37-7 = 0.143,8-9-10-51-44-4 = 0.429,8-12-19-11-8 = 0.143
604,602,734.108,9.496,0.171,0.21,605,606,4-22-4 = 1.0,5-38-5 = 0.279,8-39-8 = 0.147,5-42-5 = 1.0,7-31-52-29-19-8 = 0.062,7-31-52-37-7 = 0.279,7-48-24-30-7 = 1.0,7-21-26-36-7 = 0.341,7-52-29-37-7 = 0.659,7-31-29-19-11-8 = 0.279,7-31-21-26-36-7 = 0.38,8-33-23-39-8 = 0.155,8-33-39-8 = 0.698,8-33-40-11-8 = 0.147,8-12-44-15-4 = 0.186,8-12-44-28-4 = 0.186,8-12-47-11-8 = 0.527,8-45-20-40-23-8 = 0.419,5-35-56-21-7 = 0.279,5-18-54-34-13-5 = 0.612,5-32-55-14-5 = 0.279,5-35-38-5 = 0.721,5-25-51-43-4 = 0.372,5-56-55-32-5 = 0.721,5-18-54-13-14-5 = 0.054,5-54-34-13-14-5 = 0.333,5-18-25-9-58-14-5 = 0.333,5-34-58-10-46-4 = 0.054,8-49-10-46-47-4 = 0.163,8-49-10-51-44-4 = 0.155,4-28-15-4 = 0.814,4-17-57-4 = 1.0,4-45-20-44-43-4 = 0.155,4-51-46-43-4 = 0.473,8-9-10-46-47-4 = 0.31,5-25-9-58-49-19-8 = 0.295,8-40-49-19-11-8 = 0.008,4-45-20-40-23-8 = 0.426,4-41-50-16-5 = 1.0,7-26-36-7 = 0.279,4-44-58-10-49-19-4 = 0.318,8-27-53-8 = 1.0,8-12-9-49-37-7 = 0.062,8-12-19-11-8 = 0.039
606,604,735.394,0.0,1.286,0.0,Prune by CG,,4-22-4 = 1.0,8-33-8 = 0.328,8-39-8 = 0.534,5-42-5 = 1.0,7-31-52-29-19-4 = 0.034,7-48-24-30-7 = 1.0,7-21-26-36-7 = 0.034,7-52-29-37-7 = 0.966,7-31-21-26-36-7 = 0.966,8-33-23-39-8 = 0.207,8-33-39-8 = 0.259,8-33-40-11-8 = 0.207,8-12-44-15-4 = 0.086,8-12-44-28-4 = 0.086,8-12-47-11-8 = 0.793,8-45-20-40-23-8 = 0.379,5-18-54-34-13-5 = 0.379,5-35-38-5 = 1.0,5-25-51-43-4 = 0.241,5-56-55-32-5 = 1.0,5-18-54-13-14-5 = 0.379,5-54-34-13-14-5 = 0.241,5-18-25-9-49-19-4 = 0.103,5-18-25-9-58-14-5 = 0.138,5-25-9-51-44-4 = 0.207,5-25-9-46-14-5 = 0.241,5-25-9-58-49-19-4 = 0.069,5-34-58-10-49-19-4 = 0.379,4-28-15-4 = 0.914,4-17-57-4 = 1.0,4-45-20-44-43-4 = 0.207,4-51-46-43-4 = 0.552,8-9-10-46-47-4 = 0.207,4-45-20-40-23-8 = 0.414,4-41-50-16-5 = 1.0,4-44-58-10-49-19-4 = 0.414,8-27-53-8 = 1.0,8-12-9-49-37-7 = 0.034
603,602,734.534,7.0,0.598,-2.286,607,608,4-22-4 = 1.0,5-38-5 = 0.25,8-39-8 = 0.375,5-42-5 = 1.0,7-31-52-29-19-8 = 1.0,7-48-24-30-7 = 1.0,7-21-26-36-7 = 1.0,8-33-23-39-8 = 0.375,8-33-39-8 = 0.25,8-33-40-11-8 = 0.375,8-12-44-15-4 = 0.125,8-12-44-28-4 = 0.125,8-12-47-11-8 = 0.625,8-12-9-34-13-14-5 = 0.125,8-45-20-40-23-8 = 0.5,5-35-56-14-5 = 0.25,5-18-54-34-13-5 = 0.625,5-32-55-14-5 = 0.25,5-35-38-5 = 0.75,5-56-55-32-5 = 0.75,5-18-54-13-14-5 = 0.25,5-18-54-34-14-5 = 0.125,5-34-58-10-46-4 = 0.125,4-28-15-4 = 0.875,4-17-57-4 = 1.0,5-25-58-49-37-7 = 0.875,4-45-20-44-43-4 = 0.375,4-51-46-43-4 = 0.5,8-9-10-46-47-4 = 0.375,4-10-51-43-4 = 0.125,5-25-9-49-37-7 = 0.125,4-45-20-40-23-8 = 0.125,4-41-50-16-5 = 1.0,8-27-53-8 = 1.0,8-9-10-51-44-4 = 0.375
607,603,740.749,0.0,6.215,0.0,Prune by CG,,4-22-4 = 1.0,8-39-8 = 0.781,5-42-5 = 1.0,7-31-52-29-19-8 = 0.812,7-48-24-30-7 = 1.0,7-21-26-36-7 = 1.0,7-31-29-19-11-8 = 0.188,8-33-23-11-8 = 0.281,8-33-23-39-8 = 0.219,8-33-40-11-8 = 0.5,8-12-44-51-5 = 0.469,8-12-9-34-13-14-5 = 0.531,5-18-54-34-13-5 = 0.062,5-35-38-5 = 1.0,5-54-58-49-37-7 = 0.312,5-25-51-43-4 = 0.375,5-56-55-32-5 = 1.0,5-18-54-13-14-5 = 0.406,5-25-9-46-47-4 = 0.156,5-25-9-10-47-4 = 0.125,5-18-54-34-14-5 = 0.062,5-18-34-58-10-47-4 = 0.125,5-34-58-10-46-4 = 0.219,8-49-10-46-47-4 = 0.344,4-28-15-4 = 1.0,4-17-57-4 = 1.0,5-25-58-49-37-7 = 0.344,4-45-20-44-43-4 = 0.469,4-51-46-43-4 = 0.094,8-9-10-46-47-4 = 0.188,4-45-20-40-23-8 = 0.5,4-41-50-16-5 = 1.0,4-45-20-11-8 = 0.031,8-27-53-8 = 1.0,4-44-51-47-43-4 = 0.063,5-18-54-37-7 = 0.156,5-18-52-37-7 = 0.188
608,603,734.722,0.0,0.187,0.0,Prune by CG,,4-22-4 = 1.0,5-38-5 = 0.5,8-39-8 = 0.333,5-42-5 = 1.0,7-31-52-29-19-8 = 1.0,7-48-24-30-7 = 1.0,7-21-26-36-7 = 1.0,8-33-23-39-8 = 0.333,8-33-39-8 = 0.333,8-33-40-11-8 = 0.333,8-12-44-15-4 = 0.167,8-12-44-28-4 = 0.167,8-12-47-11-8 = 0.667,8-45-20-40-23-8 = 0.667,5-35-56-14-5 = 0.5,5-18-54-34-13-5 = 1.0,5-32-55-14-5 = 0.5,5-35-38-5 = 0.5,5-56-55-32-5 = 0.5,4-28-15-4 = 0.167,4-15-57-4 = 0.333,4-17-57-4 = 0.667,4-17-15-28-4 = 0.333,5-25-58-49-37-7 = 1.0,4-45-20-28-4 = 0.333,4-51-46-43-4 = 0.667,8-9-10-46-47-4 = 0.333,4-41-50-16-5 = 1.0,8-27-53-8 = 1.0,8-9-10-51-44-4 = 0.333,4-9-10-44-43-4 = 0.333
206,56,734.266,9.872,1.578,0.305,609,610,4-22-4 = 1.0,8-33-8 = 0.206,5-38-5 = 0.485,8-39-8 = 0.359,5-42-5 = 1.0,7-36-26-7 = 0.097,7-31-52-29-19-8 = 0.46,7-31-52-37-7 = 0.097,7-48-24-30-7 = 1.0,7-21-26-36-7 = 0.557,8-53-27-8 = 1.0,8-40-28-15-4 = 0.067,7-52-29-37-7 = 0.443,7-31-29-19-11-8 = 0.081,7-31-21-26-36-7 = 0.345,8-33-23-39-8 = 0.641,8-33-40-11-8 = 0.153,8-12-44-15-4 = 0.031,8-12-44-28-4 = 0.292,8-12-47-11-8 = 0.451,8-12-9-10-49-8 = 0.226,8-40-44-51-43-4 = 0.421,7-31-29-19-37-7 = 0.017,5-35-56-21-7 = 0.097,5-35-56-14-5 = 0.387,5-18-54-34-13-5 = 0.872,5-32-55-14-5 = 0.485,5-35-38-5 = 0.515,5-56-55-32-5 = 0.515,5-18-54-13-14-5 = 0.128,5-25-9-58-15-4 = 0.774,5-34-51-44-15-4 = 0.128,8-49-10-46-47-8 = 0.549,4-17-57-4 = 1.0,4-45-20-28-4 = 0.641,4-51-46-43-4 = 0.451,4-45-20-40-23-8 = 0.359,4-41-50-16-5 = 1.0,4-25-58-10-49-8 = 0.226,4-44-43-19-37-7 = 0.128,8-11-19-37-7 = 0.315
609,206,739.085,0.0,4.819,0.0,Prune by CG,,4-22-4 = 1.0,8-33-8 = 0.312,5-38-5 = 0.438,8-39-8 = 0.375,5-42-5 = 1.0,7-48-24-30-7 = 1.0,7-21-26-36-7 = 0.125,8-40-28-15-4 = 0.688,7-52-29-37-7 = 0.875,7-31-21-26-36-7 = 0.875,8-33-23-11-8 = 0.062,8-33-23-39-8 = 0.625,8-12-47-11-8 = 0.938,8-12-9-10-49-8 = 0.062,7-31-52-29-14-5 = 0.125,8-45-20-40-23-8 = 0.312,5-41-50-16-5 = 0.25,5-35-56-14-5 = 0.438,5-18-54-34-13-5 = 1.0,5-32-55-14-5 = 0.438,5-35-38-5 = 0.562,5-56-55-32-5 = 0.562,5-25-9-58-46-4 = 0.438,5-25-9-58-51-4 = 0.125,5-25-9-58-15-4 = 0.312,8-49-10-46-47-8 = 0.062,4-17-57-4 = 1.0,4-20-51-43-4 = 0.375,4-45-20-28-4 = 0.312,4-51-46-43-4 = 0.5,5-25-58-44-49-19-8 = 0.063,4-41-50-16-5 = 0.75,4-44-43-19-37-7 = 0.125,4-45-44-10-49-19-8 = 0.188,8-27-53-8 = 1.0,4-25-9-10-58-5 = 0.062,8-45-44-10-49-19-8 = 0.188,4-44-10-49-19-8 = 0.438
415,97,734.575,8.0,0.748,-1.8,611,612,4-22-4 = 1.0,8-33-8 = 0.5,8-39-8 = 0.5,5-42-5 = 1.0,7-31-52-29-19-8 = 0.5,7-48-24-30-7 = 1.0,7-21-26-36-7 = 0.5,7-52-29-37-7 = 0.5,7-31-21-26-36-7 = 0.5,8-33-23-39-8 = 0.5,8-12-44-43-4 = 0.5,8-12-47-11-8 = 0.5,8-40-44-51-43-4 = 0.5,8-10-49-19-37-7 = 0.5,5-35-56-38-5 = 1.0,5-54-34-13-14-5 = 1.0,5-18-55-32-5 = 1.0,5-25-9-58-46-4 = 0.5,5-25-9-58-51-4 = 0.5,8-49-10-46-47-8 = 0.5,4-28-15-4 = 1.0,4-17-57-4 = 1.0,4-45-20-40-23-8 = 0.5,4-41-50-16-5 = 1.0,4-45-20-11-8 = 0.5,8-27-53-8 = 1.0
611,415,735.773,0.0,1.198,0.0,Prune by CG,,4-22-4 = 1.0,8-33-8 = 0.333,8-39-8 = 0.333,5-42-5 = 1.0,7-31-52-29-19-7 = 0.333,7-31-52-37-7 = 0.333,7-48-24-30-7 = 1.0,7-21-26-36-7 = 1.0,7-52-29-37-7 = 0.333,7-31-29-19-11-8 = 0.333,8-33-23-39-8 = 0.333,8-33-39-8 = 0.333,8-12-44-43-4 = 0.667,8-12-47-11-8 = 0.333,8-40-44-51-43-4 = 0.333,8-10-49-19-37-7 = 0.333,5-35-56-38-5 = 1.0,5-54-34-13-14-5 = 1.0,5-18-55-32-5 = 1.0,5-25-9-58-46-4 = 0.333,5-25-9-58-51-4 = 0.667,8-49-10-46-47-8 = 0.667,4-15-28-4 = 1.0,4-17-57-4 = 1.0,4-45-20-40-23-8 = 0.667,4-41-50-16-5 = 1.0,4-45-20-11-8 = 0.333,8-27-53-8 = 1.0
612,415,737.446,0.0,2.871,0.0,Prune by CG,,4-22-4 = 1.0,5-38-5 = 0.091,5-42-5 = 1.0,7-36-26-7 = 0.636,7-31-52-29-19-8 = 0.545,7-48-37-7 = 0.364,7-24-30-7 = 0.364,7-21-52-29-5 = 0.364,7-48-24-30-7 = 0.636,7-31-52-54-5 = 0.091,7-31-21-26-36-7 = 0.364,8-33-23-39-8 = 0.545,8-33-39-8 = 0.455,8-12-44-43-4 = 0.455,8-12-47-11-8 = 0.455,8-40-44-51-43-4 = 0.545,8-12-9-34-13-14-5 = 0.091,8-10-49-19-37-7 = 0.455,5-35-56-21-7 = 0.273,5-35-56-38-5 = 0.455,5-38-50-16-5 = 0.091,5-38-41-57-4 = 0.091,5-35-38-5 = 0.273,5-56-55-32-5 = 0.273,5-18-54-13-14-5 = 0.091,5-54-34-13-14-5 = 0.818,5-18-55-32-5 = 0.727,5-18-25-58-29-7 = 0.091,5-18-34-51-46-4 = 0.091,5-25-9-58-46-4 = 0.364,5-25-9-58-51-4 = 0.364,8-49-10-46-47-8 = 0.364,4-28-15-4 = 0.909,4-17-57-4 = 0.909,4-17-15-28-4 = 0.091,5-25-58-49-37-7 = 0.182,4-45-20-40-23-8 = 0.455,4-41-50-16-5 = 0.909,4-45-20-11-8 = 0.545,8-27-53-8 = 1.0,8-9-10-46-47-8 = 0.182
532,405,734.275,9.5,0.187,0.357,613,614,4-22-4 = 1.0,5-38-5 = 0.5,5-42-5 = 1.0,7-31-52-29-19-8 = 0.5,7-48-24-30-7 = 1.0,7-21-26-36-7 = 0.5,8-53-27-8 = 1.0,7-52-29-37-7 = 0.5,7-31-21-26-36-7 = 0.5,8-33-23-39-8 = 0.5,8-33-39-8 = 0.5,8-12-44-43-8 = 0.25,8-12-47-11-8 = 0.5,8-12-9-10-49-8 = 0.25,8-40-44-51-43-4 = 0.5,8-10-49-19-37-7 = 0.5,8-45-20-40-23-8 = 0.5,5-35-56-14-5 = 0.5,5-18-54-34-13-5 = 1.0,5-32-55-14-5 = 0.5,5-35-38-5 = 0.5,5-25-58-51-47-4 = 0.25,5-56-55-32-5 = 0.5,5-25-9-58-46-4 = 0.75,8-49-10-46-47-8 = 0.25,4-15-28-4 = 1.0,4-17-57-4 = 1.0,4-44-51-43-4 = 0.25,4-41-50-16-5 = 1.0,4-45-20-11-8 = 0.5
613,532,740.926,0.0,6.651,0.0,Prune by CG,,4-22-4 = 1.0,8-33-8 = 0.176,8-39-8 = 0.706,5-42-5 = 1.0,7-36-26-7 = 0.059,7-31-52-29-19-8 = 0.471,7-31-52-37-7 = 0.059,7-48-24-30-7 = 1.0,7-21-26-36-7 = 0.529,7-52-29-37-7 = 0.471,7-31-29-19-11-8 = 0.059,7-31-21-26-36-7 = 0.412,8-33-23-11-8 = 0.118,8-33-23-39-8 = 0.294,8-33-40-11-8 = 0.412,8-12-44-43-5 = 0.157,8-12-44-43-8 = 0.529,8-12-9-43-14-5 = 0.314,8-10-49-19-37-7 = 0.471,8-45-20-40-23-8 = 0.588,5-35-56-21-7 = 0.059,5-35-56-14-5 = 0.275,5-18-54-34-13-5 = 0.922,5-32-55-14-5 = 0.333,5-38-50-16-5 = 0.167,5-38-41-57-4 = 0.167,5-35-38-5 = 0.667,5-25-58-51-47-4 = 0.471,5-56-55-32-5 = 0.667,5-18-54-14-5 = 0.078,5-25-9-58-46-4 = 0.392,5-25-9-58-51-4 = 0.137,5-34-13-51-46-4 = 0.078,8-49-10-46-47-8 = 0.529,4-28-15-4 = 0.676,4-17-57-4 = 0.833,4-17-15-28-4 = 0.167,4-44-51-28-4 = 0.157,4-41-50-16-5 = 0.833,4-45-20-11-8 = 0.412,8-27-53-8 = 1.0,4-9-51-44-15-4 = 0.157
518,258,734.246,11.379,0.259,0.52,615,616,4-22-4 = 1.0,5-42-5 = 0.686,7-31-52-29-19-8 = 0.5,7-48-24-30-7 = 1.0,7-21-26-36-7 = 0.5,8-53-27-8 = 1.0,7-52-29-37-7 = 0.5,7-31-21-26-36-7 = 0.5,8-33-23-39-8 = 0.413,8-33-39-8 = 0.587,8-12-44-28-4 = 0.167,8-12-47-11-8 = 0.833,8-40-44-51-43-4 = 0.413,8-45-20-44-43-4 = 0.008,5-41-50-16-5 = 0.186,5-35-56-14-5 = 0.08,5-18-54-34-13-5 = 0.527,5-32-55-14-5 = 0.394,5-38-50-16-5 = 0.197,5-38-41-57-4 = 0.197,5-35-38-5 = 0.606,5-25-51-43-4 = 0.114,5-56-55-32-5 = 0.606,5-18-54-13-14-5 = 0.36,5-25-9-46-47-8 = 0.167,5-25-9-10-58-5 = 0.167,5-34-51-44-15-4 = 0.008,5-34-51-44-43-4 = 0.405,5-34-13-51-43-4 = 0.061,4-15-57-4 = 0.398,4-17-57-4 = 0.405,4-17-15-28-4 = 0.595,5-25-9-19-37-7 = 0.5,4-45-20-28-4 = 0.239,4-45-20-40-23-8 = 0.587,4-41-50-16-5 = 0.617,4-45-20-11-8 = 0.167,8-49-10-46-14-5 = 0.167,5-35-56-42-5 = 0.314,5-25-9-49-58-13-5 = 0.053,8-49-10-58-46-5 = 0.667,5-18-54-9-49-58-5 = 0.114
615,518,734.732,0.0,0.486,0.0,Prune by CG,,4-22-4 = 1.0,5-42-5 = 0.779,7-31-52-29-19-8 = 0.5,7-48-24-30-7 = 1.0,7-21-26-36-7 = 0.5,7-52-29-37-7 = 0.5,7-31-21-26-36-7 = 0.5,8-33-23-39-8 = 0.818,8-33-39-8 = 0.182,8-12-47-11-8 = 0.039,8-40-44-51-43-4 = 0.818,8-45-20-44-43-4 = 0.182,5-41-50-16-5 = 0.711,5-35-56-14-5 = 0.029,5-18-54-34-13-5 = 0.746,5-32-55-14-5 = 0.25,5-38-50-16-5 = 0.125,5-38-41-57-4 = 0.125,5-35-38-5 = 0.75,5-56-55-32-5 = 0.75,5-18-54-13-14-5 = 0.182,5-25-9-46-47-8 = 0.071,5-25-9-10-58-5 = 0.286,5-34-58-46-15-4 = 0.071,5-34-58-51-15-4 = 0.182,4-15-57-4 = 0.311,4-17-57-4 = 0.564,4-17-15-28-4 = 0.436,5-25-9-19-37-7 = 0.5,4-45-20-28-4 = 0.564,5-25-58-49-46-5 = 0.143,4-45-20-40-23-8 = 0.182,4-41-50-16-5 = 0.164,4-12-47-11-8 = 0.889,4-45-20-11-8 = 0.071,8-49-10-46-14-5 = 0.539,5-35-56-42-5 = 0.221,8-27-53-8 = 1.0,4-12-9-49-58-13-5 = 0.071,8-49-10-58-46-5 = 0.175,5-18-54-9-49-58-5 = 0.071
616,518,735.78,0.0,1.534,0.0,Prune by CG,,4-22-4 = 0.896,5-42-5 = 0.75,7-31-52-29-19-8 = 0.5,7-48-24-30-7 = 1.0,7-21-26-36-7 = 0.5,8-40-28-15-4 = 0.083,7-52-29-37-7 = 0.5,7-31-21-26-36-7 = 0.5,8-33-23-39-8 = 0.25,8-33-39-8 = 0.583,8-33-40-11-8 = 0.167,8-53-39-8 = 0.167,8-12-44-28-4 = 0.25,8-12-47-11-8 = 0.75,8-45-20-40-23-8 = 0.25,5-18-54-34-13-5 = 0.25,5-32-55-14-5 = 0.25,5-38-50-16-5 = 0.125,5-38-41-57-4 = 0.125,5-35-38-5 = 0.75,5-25-51-43-4 = 0.25,5-56-55-32-5 = 0.75,5-18-54-13-14-5 = 0.583,5-25-9-46-47-8 = 0.25,5-25-9-10-58-5 = 0.167,5-34-51-44-43-4 = 0.75,4-15-57-4 = 0.396,4-17-57-4 = 0.479,4-17-15-28-4 = 0.521,5-25-9-19-37-7 = 0.333,4-45-20-28-4 = 0.146,4-45-20-40-23-8 = 0.5,4-41-50-16-5 = 0.875,4-9-46-19-37-7 = 0.083,8-49-10-46-14-5 = 0.167,4-45-20-22-4 = 0.104,5-35-56-42-5 = 0.25,8-27-53-8 = 0.833,8-27-49-10-58-13-5 = 0.167,8-49-10-58-46-5 = 0.5,8-11-19-37-7 = 0.083,5-18-54-9-49-58-5 = 0.167
614,532,734.332,9.5,0.057,0.0,617,618,4-22-4 = 1.0,5-38-5 = 0.5,5-42-5 = 1.0,7-31-52-29-19-8 = 0.5,7-48-24-30-7 = 1.0,7-21-26-36-7 = 0.5,7-52-29-37-7 = 0.5,7-31-21-26-36-7 = 0.5,8-33-23-39-8 = 0.5,8-33-39-8 = 0.5,8-12-47-11-8 = 0.5,8-12-9-10-49-8 = 0.25,8-40-44-51-43-4 = 0.5,8-10-49-19-37-7 = 0.5,8-45-20-40-23-8 = 0.5,5-35-56-14-5 = 0.5,5-18-54-34-13-5 = 1.0,5-32-55-14-5 = 0.5,5-35-38-5 = 0.5,5-25-58-51-47-4 = 0.25,5-56-55-32-5 = 0.5,5-25-9-58-46-4 = 0.75,8-49-10-46-47-8 = 0.25,4-28-15-4 = 1.0,4-17-57-4 = 1.0,4-20-44-43-4 = 0.25,4-44-51-43-4 = 0.25,4-41-50-16-5 = 1.0,4-45-20-11-8 = 0.25,4-45-12-11-8 = 0.25,8-27-53-8 = 1.0
617,614,735.889,0.0,1.557,0.0,Prune by CG,,4-22-4 = 1.0,5-38-5 = 0.514,5-42-5 = 1.0,7-36-26-7 = 0.286,7-31-52-29-19-8 = 0.429,7-21-52-29-7 = 0.143,7-48-24-30-7 = 1.0,7-21-54-14-5 = 0.143,7-21-26-36-7 = 0.143,7-52-29-37-7 = 0.429,7-31-21-26-36-7 = 0.571,8-33-23-39-8 = 1.0,8-12-47-11-8 = 0.486,8-12-9-10-49-8 = 0.171,8-40-44-51-43-4 = 0.857,8-10-49-19-37-7 = 0.571,5-41-50-16-5 = 0.114,5-35-56-5 = 0.286,5-35-56-14-5 = 0.229,5-18-54-34-13-5 = 0.857,5-32-55-14-5 = 0.514,5-35-38-5 = 0.486,5-25-58-51-47-4 = 0.143,5-56-55-32-5 = 0.486,5-18-25-58-44-4 = 0.029,5-18-25-9-58-14-5 = 0.114,5-25-9-58-46-4 = 0.6,5-34-13-46-43-4 = 0.143,8-49-10-46-47-8 = 0.257,4-28-15-4 = 1.0,4-17-57-4 = 1.0,5-25-9-58-44-47-4 = 0.114,4-41-50-16-5 = 0.886,4-45-20-11-8 = 0.514,8-27-53-8 = 1.0,4-45-20-12-8 = 0.343,4-45-20-40-8 = 0.143
618,614,734.875,0.0,0.543,0.0,Prune by CG,,4-22-4 = 1.0,5-38-5 = 0.35,5-42-5 = 1.0,7-36-26-7 = 0.05,7-31-52-29-19-8 = 0.5,7-48-24-30-7 = 1.0,7-21-54-14-5 = 0.05,7-31-52-54-5 = 0.05,7-21-26-36-7 = 0.5,7-52-29-37-7 = 0.45,7-31-21-26-36-7 = 0.45,8-33-23-39-8 = 0.25,8-33-39-8 = 0.75,8-12-47-11-8 = 0.425,8-12-9-10-49-8 = 0.2,8-40-44-51-43-4 = 0.25,8-10-49-19-37-7 = 0.5,8-45-20-11-8 = 0.25,8-45-20-40-23-8 = 0.75,5-35-56-14-5 = 0.475,5-18-54-34-13-5 = 0.9,5-32-55-14-5 = 0.475,5-38-50-16-5 = 0.062,5-38-41-57-4 = 0.062,5-35-38-5 = 0.525,5-25-58-51-47-4 = 0.05,5-56-55-32-5 = 0.525,5-18-25-58-13-5 = 0.1,5-25-9-58-46-4 = 0.8,5-34-51-44-43-4 = 0.1,8-49-10-46-47-8 = 0.2,4-28-15-4 = 0.938,4-17-57-4 = 0.938,4-17-15-28-4 = 0.062,5-25-58-49-37-7 = 0.05,4-44-51-43-4 = 0.6,4-41-50-16-5 = 0.938,4-12-47-11-8 = 0.325,8-27-53-8 = 1.0,8-12-10-29-7 = 0.05,8-49-10-44-43-5 = 0.025,8-49-10-44-43-8 = 0.025
514,483,734.543,9.233,0.507,-1.473,619,620,4-22-4 = 1.0,8-33-8 = 0.167,8-39-8 = 0.3,5-42-5 = 1.0,7-36-26-7 = 0.333,7-31-52-29-19-8 = 0.233,7-31-52-37-7 = 0.167,7-21-52-29-7 = 0.333,7-48-24-30-7 = 1.0,7-21-26-36-7 = 0.433,8-53-27-8 = 1.0,7-52-29-37-7 = 0.233,7-31-29-19-11-8 = 0.167,7-31-21-26-36-7 = 0.233,8-33-23-39-8 = 0.7,8-12-9-10-49-8 = 0.233,8-40-44-51-43-4 = 0.8,8-10-49-19-37-7 = 0.6,7-31-52-29-14-5 = 0.033,5-35-56-14-5 = 0.483,5-18-54-34-13-5 = 1.0,5-32-55-14-5 = 0.483,5-38-50-16-5 = 0.017,5-38-41-57-4 = 0.017,5-35-38-5 = 0.517,5-25-58-46-4 = 0.167,5-25-58-51-47-4 = 0.067,5-56-55-32-5 = 0.517,5-25-9-58-46-4 = 0.767,4-15-57-4 = 0.367,4-17-57-4 = 0.617,4-17-15-28-4 = 0.383,4-45-20-28-4 = 0.617,4-45-20-44-43-4 = 0.133,4-51-46-43-4 = 0.067,4-45-44-51-15-4 = 0.067,4-20-40-11-8 = 0.067,4-41-50-16-5 = 0.983,4-12-47-11-8 = 0.767,5-42-38-5 = 0.45,4-45-20-15-4 = 0.183,8-33-40-23-8 = 0.133,7-31-49-10-47-23-8 = 0.167
619,514,736.373,0.0,1.83,0.0,Prune by CG,,4-22-4 = 1.0,5-38-5 = 0.5,5-42-5 = 1.0,7-36-26-7 = 0.6,7-31-52-29-19-7 = 0.2,7-31-52-37-7 = 0.2,7-21-52-29-7 = 0.2,7-48-24-30-7 = 1.0,7-21-10-49-19-8 = 0.4,7-52-29-37-7 = 0.4,7-31-21-26-36-7 = 0.4,7-31-9-10-49-29-7 = 0.2,8-33-23-39-8 = 1.0,8-40-44-51-43-4 = 1.0,8-10-49-19-37-7 = 0.4,5-35-56-14-5 = 0.5,5-18-54-34-13-5 = 1.0,5-32-55-14-5 = 0.5,5-35-38-5 = 0.5,5-25-58-46-4 = 0.2,5-56-55-32-5 = 0.5,5-25-9-58-46-4 = 0.8,4-28-15-4 = 0.5,4-17-57-4 = 1.0,4-45-20-28-4 = 0.5,4-41-50-16-5 = 1.0,4-12-47-11-8 = 1.0,4-45-20-15-4 = 0.5,8-27-53-8 = 1.0
620,514,735.561,0.0,1.018,0.0,Prune by CG,,4-22-4 = 1.0,5-38-5 = 0.2,8-39-8 = 0.4,5-42-5 = 1.0,7-36-26-7 = 0.2,7-31-52-29-19-8 = 0.2,7-48-37-7 = 0.2,7-24-30-7 = 0.2,7-48-24-30-7 = 0.8,7-21-26-36-7 = 0.8,8-33-23-39-8 = 0.6,8-12-9-10-49-8 = 0.2,8-40-44-51-43-4 = 0.4,8-10-49-19-37-7 = 0.8,7-31-52-29-14-5 = 0.8,5-41-50-16-5 = 0.6,5-35-56-21-7 = 0.2,5-18-54-34-13-5 = 1.0,5-32-55-14-5 = 0.2,5-35-38-5 = 0.8,5-25-58-51-47-4 = 0.2,5-56-55-32-5 = 0.8,5-25-9-58-46-4 = 0.8,4-28-15-4 = 0.4,4-15-57-4 = 0.2,4-17-57-4 = 0.8,4-17-15-28-4 = 0.2,4-45-20-28-4 = 0.4,4-45-20-44-43-4 = 0.4,4-51-46-43-4 = 0.2,4-45-44-51-15-4 = 0.2,4-20-40-11-8 = 0.2,4-41-50-16-5 = 0.4,4-12-47-11-8 = 0.8,8-27-53-8 = 1.0,8-33-40-23-8 = 0.4
220,217,734.487,8.358,1.773,-0.892,621,622,4-22-4 = 1.0,8-33-8 = 0.058,8-39-8 = 0.405,5-42-5 = 1.0,7-36-26-7 = 0.274,7-31-52-29-19-7 = 0.453,7-31-52-37-7 = 0.274,7-48-24-30-7 = 1.0,7-21-54-34-14-5 = 0.2,7-21-26-36-7 = 0.726,7-21-49-19-37-7 = 0.074,7-52-29-37-7 = 0.274,8-33-23-39-8 = 0.347,8-33-39-8 = 0.247,8-33-40-11-8 = 0.347,8-12-44-15-4 = 0.111,8-12-44-28-4 = 0.111,8-12-47-11-8 = 0.653,7-31-29-19-37-7 = 0.274,5-41-50-16-5 = 0.8,5-18-54-34-13-5 = 0.6,5-35-38-5 = 1.0,5-56-55-32-5 = 1.0,5-54-34-13-14-5 = 0.2,5-18-25-9-58-14-5 = 0.4,5-25-9-58-46-8 = 0.305,8-49-10-46-47-4 = 0.347,8-49-10-51-44-4 = 0.389,4-15-28-4 = 0.889,4-17-57-4 = 1.0,4-12-44-43-4 = 0.032,5-25-49-19-37-7 = 0.095,4-45-20-44-43-4 = 0.347,4-51-46-43-4 = 0.347,4-10-51-43-4 = 0.263,5-25-9-58-13-14-5 = 0.2,4-45-20-40-23-8 = 0.653,4-41-50-16-5 = 0.2,4-44-43-19-37-7 = 0.011,4-12-9-58-49-19-7 = 0.095,8-27-53-8 = 1.0
621,220,741.175,0.0,6.688,0.0,Prune by CG,,4-22-4 = 1.0,5-42-5 = 1.0,8-53-8 = 0.3,7-36-26-7 = 0.9,7-21-52-29-7 = 0.8,7-48-24-30-7 = 1.0,7-21-54-34-14-5 = 0.1,7-31-49-10-51-4 = 0.7,8-40-28-15-4 = 0.15,7-31-21-26-36-7 = 0.1,8-33-23-39-8 = 0.15,8-33-39-8 = 0.85,8-12-47-11-8 = 1.0,7-31-52-29-14-5 = 0.2,8-45-20-40-23-8 = 0.7,5-41-50-16-5 = 1.0,5-18-54-34-13-5 = 0.65,5-35-38-5 = 1.0,5-56-55-32-5 = 1.0,5-54-34-13-14-5 = 0.25,5-18-25-9-58-14-5 = 0.35,5-25-9-58-46-8 = 0.3,8-27-49-10-46-4 = 0.3,4-28-15-4 = 0.55,4-15-57-4 = 0.15,4-17-57-4 = 0.85,4-17-15-28-4 = 0.15,4-45-20-28-4 = 0.15,4-51-46-43-4 = 0.15,5-25-9-58-13-14-5 = 0.1,4-45-20-40-23-8 = 0.15,4-44-43-19-37-7 = 0.85,8-27-53-8 = 0.7,5-25-9-58-46-5 = 0.25,4-44-51-19-37-7 = 0.15
462,460,734.255,6.5,0.167,0.7,623,624,4-22-4 = 1.0,8-33-8 = 0.25,8-39-8 = 0.25,5-42-5 = 1.0,7-31-52-29-19-8 = 0.25,7-48-24-30-7 = 1.0,7-21-26-36-7 = 0.75,8-53-27-8 = 1.0,7-52-29-37-7 = 0.25,7-31-21-26-36-7 = 0.25,8-33-23-39-8 = 0.25,8-33-39-8 = 0.5,8-12-44-43-4 = 0.25,8-12-47-11-8 = 0.75,8-40-44-51-43-4 = 0.25,7-31-52-29-14-5 = 0.5,5-18-54-34-13-5 = 0.5,5-35-38-5 = 1.0,5-56-55-32-5 = 1.0,5-18-54-13-14-5 = 0.5,5-25-9-46-47-8 = 0.25,5-34-51-44-43-4 = 0.5,8-49-10-58-46-4 = 0.75,8-49-10-58-51-4 = 0.25,4-15-28-4 = 1.0,4-17-57-4 = 1.0,5-25-9-19-37-7 = 0.75,4-45-20-40-23-8 = 0.75,4-41-50-16-5 = 1.0,4-45-20-11-8 = 0.25
623,462,735.712,0.0,1.456,0.0,Prune by CG,,4-22-4 = 1.0,8-33-8 = 0.083,8-39-8 = 0.083,5-42-5 = 1.0,7-31-52-29-19-7 = 0.333,7-31-52-37-7 = 0.333,7-48-24-30-7 = 1.0,7-21-26-36-7 = 1.0,7-52-29-37-7 = 0.333,7-31-29-19-11-8 = 0.333,8-33-23-39-8 = 0.333,8-33-39-8 = 0.583,8-12-44-43-4 = 0.667,8-12-47-11-8 = 0.333,8-40-44-51-43-4 = 0.333,5-18-54-34-13-5 = 0.25,5-35-38-5 = 1.0,5-56-55-32-5 = 1.0,5-18-54-13-14-5 = 0.25,5-54-34-13-14-5 = 0.25,5-25-9-46-47-8 = 0.667,5-18-54-34-14-5 = 0.25,8-49-10-58-46-4 = 0.333,8-49-10-58-51-4 = 0.667,4-28-15-4 = 1.0,4-17-57-4 = 1.0,5-25-9-19-37-7 = 0.333,4-45-20-40-23-8 = 0.667,4-41-50-16-5 = 1.0,4-45-20-11-8 = 0.333,8-27-53-8 = 1.0,5-18-34-13-14-5 = 0.25
624,462,736.591,0.0,2.336,0.0,Prune by CG,,4-22-4 = 1.0,5-38-5 = 0.25,5-42-5 = 1.0,7-31-52-29-19-8 = 0.25,7-48-37-7 = 0.25,7-24-30-7 = 0.25,7-21-52-29-5 = 0.25,7-48-24-30-7 = 0.75,7-21-26-36-7 = 0.5,7-31-21-26-36-7 = 0.25,8-33-23-39-8 = 0.25,8-33-39-8 = 0.75,8-12-44-43-4 = 0.25,8-12-47-11-8 = 0.75,8-40-44-51-43-4 = 0.25,7-31-52-29-14-5 = 0.5,5-18-54-34-13-5 = 0.5,5-35-38-5 = 0.75,5-56-55-32-5 = 1.0,5-18-54-13-14-5 = 0.5,5-25-9-46-47-8 = 0.25,5-34-51-44-43-4 = 0.5,8-49-10-58-46-4 = 0.75,8-49-10-58-51-4 = 0.25,4-28-15-4 = 1.0,4-17-57-4 = 1.0,5-25-9-19-37-7 = 0.75,4-45-20-40-23-8 = 0.75,4-41-50-16-5 = 1.0,4-45-20-11-8 = 0.25,8-27-53-8 = 1.0,5-35-36-26-7 = 0.25
600,598,734.364,8.464,0.057,-0.036,625,626,4-22-4 = 0.304,7-31-52-29-19-8 = 0.5,7-48-24-30-7 = 1.0,7-21-26-36-7 = 0.5,8-53-27-8 = 1.0,7-52-29-37-7 = 0.5,7-31-21-26-36-7 = 0.5,8-33-23-39-8 = 1.0,8-40-44-51-43-4 = 0.857,8-10-49-19-37-7 = 0.5,5-35-56-38-5 = 0.393,5-18-54-34-13-5 = 1.0,5-32-55-14-5 = 1.0,5-38-50-16-5 = 0.214,5-25-9-10-58-5 = 0.214,5-25-9-58-46-4 = 0.714,5-25-9-58-15-4 = 0.071,8-49-10-46-47-8 = 0.286,4-15-57-4 = 0.339,4-22-57-4 = 0.25,4-17-57-4 = 0.196,4-17-15-28-4 = 0.589,4-45-20-28-4 = 0.411,4-17-41-57-4 = 0.214,4-45-44-51-43-4 = 0.143,4-20-40-11-8 = 0.071,4-41-50-16-5 = 0.786,4-12-47-11-8 = 0.714,5-42-38-5 = 0.393,4-45-20-22-4 = 0.446,5-35-56-42-5 = 0.607,4-20-12-40-8 = 0.071,8-12-49-11-8 = 0.214
626,600,737.623,0.0,3.259,0.0,Prune by CG,,4-22-4 = 0.538,7-31-52-29-19-8 = 0.5,7-48-24-30-7 = 1.0,7-21-26-36-7 = 0.5,8-53-27-40-23-8 = 0.308,7-52-29-37-7 = 0.5,7-31-21-26-36-7 = 0.5,8-33-23-39-8 = 0.692,8-33-39-8 = 0.308,8-12-47-11-8 = 0.615,8-40-44-51-43-4 = 0.346,8-10-49-19-37-7 = 0.231,5-35-56-38-5 = 0.308,5-18-54-34-13-5 = 1.0,5-32-55-14-5 = 1.0,5-38-50-16-5 = 0.385,5-25-9-10-58-5 = 0.385,5-25-9-58-46-4 = 0.615,8-49-10-46-47-8 = 0.385,4-22-57-4 = 0.462,4-17-57-4 = 0.154,4-17-15-28-4 = 0.462,4-20-12-44-4 = 0.192,4-20-51-43-4 = 0.192,4-17-41-57-4 = 0.385,4-45-44-51-43-4 = 0.462,4-20-40-11-8 = 0.269,4-41-50-16-5 = 0.615,5-42-38-5 = 0.308,4-45-28-15-4 = 0.538,8-20-49-19-37-7 = 0.269,5-35-56-42-5 = 0.692,4-20-12-40-8 = 0.077,8-27-53-8 = 0.692,8-12-49-11-8 = 0.115
510,297,734.42,8.897,0.175,-0.361,627,628,4-22-4 = 0.875,5-42-5 = 0.794,7-31-52-29-19-8 = 0.765,7-31-52-37-7 = 0.029,7-48-24-30-7 = 1.0,7-21-26-36-7 = 0.794,8-53-27-8 = 1.0,7-52-29-37-7 = 0.206,7-31-21-26-36-7 = 0.206,8-33-23-39-8 = 0.912,8-33-40-11-8 = 0.088,8-40-23-39-8 = 0.088,8-12-47-11-8 = 0.559,8-12-9-46-4 = 0.265,8-40-44-51-43-4 = 0.647,5-35-56-14-5 = 0.059,5-18-54-34-13-5 = 0.794,5-32-55-14-5 = 0.265,5-38-50-16-5 = 0.132,5-38-41-57-4 = 0.132,5-35-38-5 = 0.735,5-25-51-43-4 = 0.176,5-25-58-10-49-8 = 0.265,5-56-55-32-5 = 0.735,5-18-54-13-14-5 = 0.029,5-54-34-13-14-5 = 0.176,5-18-58-49-19-37-7 = 0.176,4-15-57-4 = 0.346,4-17-57-4 = 0.522,4-17-15-28-4 = 0.478,5-34-58-29-19-37-7 = 0.029,5-25-58-49-37-7 = 0.529,5-25-49-19-37-7 = 0.029,4-45-20-28-4 = 0.522,4-45-20-44-43-4 = 0.176,4-45-44-51-15-4 = 0.176,4-20-40-11-8 = 0.176,4-41-50-16-5 = 0.868,4-12-47-11-8 = 0.176,4-45-20-22-4 = 0.125,5-35-56-42-5 = 0.206,8-9-10-46-47-8 = 0.265,8-9-10-46-14-5 = 0.471
627,510,735.437,0.0,1.016,0.0,Prune by CG,,4-22-4 = 0.827,5-42-5 = 0.795,7-31-52-29-19-8 = 1.0,7-48-24-30-7 = 1.0,7-21-26-36-7 = 1.0,8-33-23-39-8 = 0.897,8-33-40-11-8 = 0.103,8-40-23-39-8 = 0.103,8-12-47-11-8 = 0.513,8-12-9-46-4 = 0.205,8-40-44-51-43-4 = 0.641,5-35-56-14-5 = 0.128,5-18-54-34-13-5 = 1.0,5-32-55-14-5 = 0.333,5-38-50-16-5 = 0.167,5-38-41-57-4 = 0.167,5-35-38-5 = 0.667,5-25-51-43-4 = 0.205,5-56-55-32-5 = 0.667,4-15-57-4 = 0.314,4-17-57-4 = 0.519,4-17-15-28-4 = 0.481,4-12-44-15-4 = 0.051,5-25-58-49-37-7 = 0.795,4-45-20-28-4 = 0.519,4-45-20-44-43-4 = 0.154,4-45-44-51-15-4 = 0.154,4-20-40-11-8 = 0.154,4-41-50-16-5 = 0.833,4-12-47-11-8 = 0.231,4-45-20-22-4 = 0.173,5-35-56-42-5 = 0.205,8-27-53-8 = 1.0,8-9-10-46-47-8 = 0.256,8-9-10-46-14-5 = 0.538,5-58-10-49-37-7 = 0.205
628,510,734.829,0.0,0.408,0.0,Prune by CG,,4-22-4 = 0.708,5-42-5 = 1.0,7-31-52-29-19-8 = 0.5,7-48-24-30-7 = 1.0,7-21-26-36-7 = 0.5,7-52-29-37-7 = 0.5,7-31-21-26-36-7 = 0.5,8-33-23-39-8 = 0.833,8-33-40-11-8 = 0.167,8-40-23-39-8 = 0.167,8-12-47-11-8 = 0.667,8-12-9-46-4 = 0.333,8-40-44-51-43-4 = 0.5,5-35-56-14-5 = 0.167,5-35-56-38-5 = 0.5,5-18-54-34-13-5 = 1.0,5-32-55-14-5 = 0.667,5-38-50-16-5 = 0.083,5-38-41-57-4 = 0.083,5-35-38-5 = 0.333,5-25-51-43-4 = 0.5,5-25-58-10-49-8 = 0.5,5-56-55-32-5 = 0.333,4-15-57-4 = 0.375,4-17-57-4 = 0.542,4-17-15-28-4 = 0.458,8-45-9-46-15-4 = 0.167,4-45-20-28-4 = 0.542,4-20-40-11-8 = 0.167,4-41-50-16-5 = 0.917,4-44-58-49-19-37-7 = 0.5,4-45-20-22-4 = 0.292,8-27-53-8 = 1.0,8-9-10-46-47-8 = 0.333,8-9-10-46-14-5 = 0.167
277,210,734.44,8.455,0.841,-0.545,629,630,4-22-4 = 0.409,5-42-5 = 1.0,7-31-52-29-19-8 = 0.5,7-48-24-30-7 = 1.0,7-21-26-36-7 = 0.5,8-53-27-40-23-8 = 0.045,7-52-29-37-7 = 0.5,7-31-21-26-36-7 = 0.5,8-33-23-39-8 = 0.864,8-33-39-8 = 0.045,8-33-40-11-8 = 0.091,8-40-23-39-8 = 0.091,8-40-44-51-43-4 = 0.682,8-25-58-10-49-8 = 0.091,5-35-56-14-5 = 0.364,5-18-54-34-13-5 = 1.0,5-32-55-14-5 = 0.364,5-38-50-16-5 = 0.182,5-38-41-57-4 = 0.182,5-35-38-5 = 0.636,5-56-55-32-5 = 0.636,5-25-9-46-47-8 = 0.136,5-25-9-46-14-5 = 0.227,8-49-10-58-46-4 = 0.636,8-49-10-58-51-4 = 0.182,8-49-10-58-15-4 = 0.045,8-49-58-51-28-4 = 0.045,4-15-28-4 = 0.773,4-17-57-4 = 0.818,4-17-15-28-4 = 0.182,5-25-9-19-37-7 = 0.5,4-45-20-44-43-4 = 0.318,4-45-12-9-51-4 = 0.091,4-20-40-11-8 = 0.045,4-41-50-16-5 = 0.818,4-12-47-11-8 = 0.864,4-45-20-22-4 = 0.591,4-20-12-40-8 = 0.045,8-27-53-8 = 0.955,5-25-9-10-14-5 = 0.045
629,277,740.743,0.0,6.303,0.0,Prune by CG,,4-22-4 = 0.6,5-42-5 = 1.0,7-31-52-29-19-8 = 0.35,7-31-52-37-7 = 0.15,7-48-24-30-7 = 1.0,7-31-52-54-5 = 0.1,7-21-26-36-7 = 0.8,7-52-29-37-7 = 0.2,7-31-21-26-36-7 = 0.2,8-33-23-39-8 = 1.0,7-31-52-29-14-5 = 0.2,8-45-44-51-43-4 = 1.0,5-35-56-14-5 = 0.4,5-18-54-34-13-5 = 0.9,5-32-55-14-5 = 0.4,5-38-50-16-5 = 0.2,5-38-41-57-4 = 0.2,5-35-38-5 = 0.6,5-56-55-32-5 = 0.6,5-25-9-46-47-8 = 0.25,5-25-9-10-47-8 = 0.25,8-49-10-58-46-4 = 0.75,4-28-15-4 = 0.4,4-22-57-4 = 0.4,4-17-57-4 = 0.4,4-17-15-28-4 = 0.6,5-25-9-19-37-7 = 0.4,4-20-40-11-8 = 0.15,4-41-50-16-5 = 0.8,4-12-47-11-8 = 0.5,4-20-12-40-8 = 0.5,8-27-53-8 = 1.0,8-49-58-29-19-37-7 = 0.25,5-18-25-9-34-13-5 = 0.1,8-20-40-11-8 = 0.35
69,68,734.226,10.0,2.492,1.0,631,632,4-22-4 = 1.0,5-38-5 = 0.5,5-42-5 = 1.0,7-36-26-7 = 0.5,7-31-52-29-19-8 = 0.5,7-48-24-30-7 = 1.0,7-21-26-36-7 = 0.5,7-31-49-46-43-4 = 0.5,7-52-29-37-7 = 0.5,8-33-23-39-8 = 0.5,8-33-39-8 = 0.5,8-12-47-11-8 = 1.0,8-40-44-51-43-4 = 0.5,5-35-56-21-7 = 0.5,5-18-54-34-13-5 = 0.5,5-32-55-14-5 = 0.5,5-35-38-5 = 0.5,5-56-55-32-5 = 0.5,5-18-54-13-14-5 = 0.5,5-25-9-10-58-5 = 1.0,8-49-51-44-15-4 = 0.5,4-28-15-4 = 0.5,4-17-57-4 = 1.0,5-34-46-19-37-7 = 0.5,4-45-20-28-4 = 0.5,4-45-20-40-23-8 = 0.5,4-41-50-16-5 = 1.0,8-27-53-8 = 1.0
631,69,735.041,0.0,0.815,0.0,Prune by CG,,4-22-4 = 1.0,8-33-8 = 0.25,5-38-5 = 0.208,8-39-8 = 0.25,5-42-5 = 1.0,7-31-52-29-19-8 = 0.5,7-31-52-37-7 = 0.25,7-48-24-30-7 = 1.0,7-21-26-36-7 = 0.75,7-52-29-37-7 = 0.25,8-33-23-39-8 = 0.333,8-33-39-8 = 0.417,8-12-47-11-8 = 1.0,8-40-44-51-43-4 = 0.292,7-31-29-19-37-7 = 0.25,8-51-46-43-4 = 0.125,8-40-49-46-43-4 = 0.042,5-35-56-21-7 = 0.25,5-35-56-38-5 = 0.75,5-18-54-34-13-5 = 1.0,5-32-55-14-5 = 1.0,5-38-50-16-5 = 0.021,5-38-41-57-4 = 0.021,5-25-9-10-58-5 = 0.75,5-51-46-43-4 = 0.208,5-25-58-49-46-4 = 0.25,8-49-51-44-15-4 = 0.333,8-49-44-51-46-4 = 0.042,4-28-15-4 = 0.646,4-17-57-4 = 0.979,4-17-15-28-4 = 0.021,8-49-44-46-43-4 = 0.333,4-45-20-28-4 = 0.333,4-45-20-40-23-8 = 0.667,4-41-50-16-5 = 0.979,7-26-36-7 = 0.25,8-27-53-8 = 1.0,5-9-10-19-37-7 = 0.25
632,69,734.268,7.556,0.041,-2.444,633,634,4-22-4 = 1.0,8-33-8 = 0.444,8-39-8 = 0.444,5-42-5 = 1.0,7-31-52-29-19-8 = 0.5,7-48-24-30-7 = 1.0,7-21-26-36-7 = 0.5,7-52-29-37-7 = 0.5,7-31-21-26-36-7 = 0.5,8-33-23-39-8 = 0.389,8-33-39-8 = 0.167,8-12-47-11-8 = 1.0,8-40-44-51-43-4 = 0.278,8-40-49-46-43-4 = 0.111,5-35-38-5 = 1.0,5-56-55-32-5 = 1.0,5-18-54-13-14-5 = 0.667,5-25-9-10-58-5 = 0.833,5-18-54-34-14-5 = 0.333,5-34-13-46-43-4 = 0.333,5-25-58-49-46-4 = 0.167,8-49-51-44-43-4 = 0.278,8-49-51-44-15-4 = 0.389,8-49-44-51-46-4 = 0.056,4-28-15-4 = 0.611,4-17-57-4 = 1.0,5-34-46-19-37-7 = 0.333,4-45-20-28-4 = 0.389,4-45-20-40-23-8 = 0.611,4-41-50-16-5 = 1.0,8-27-53-8 = 1.0,5-9-10-19-37-7 = 0.167
634,632,735.901,0.0,1.634,0.0,Prune by CG,,4-22-4 = 1.0,8-33-8 = 0.25,8-39-8 = 0.336,5-42-5 = 1.0,7-31-52-29-19-7 = 0.336,7-21-52-29-7 = 0.328,7-48-24-30-7 = 1.0,7-21-26-36-7 = 0.656,7-31-49-46-43-4 = 0.648,7-52-29-37-7 = 0.336,7-31-21-26-36-7 = 0.016,8-33-23-39-8 = 0.438,8-33-39-8 = 0.227,8-33-40-11-8 = 0.086,8-12-47-11-8 = 0.906,8-40-44-51-43-4 = 0.352,8-12-9-34-13-14-5 = 0.094,5-18-54-34-13-5 = 0.094,5-35-38-5 = 1.0,5-56-55-32-5 = 1.0,5-18-54-13-14-5 = 0.719,5-54-34-13-14-5 = 0.094,5-25-9-10-58-5 = 0.664,5-18-54-34-14-5 = 0.094,5-18-25-58-49-47-4 = 0.094,5-34-51-44-15-4 = 0.422,5-25-58-49-46-4 = 0.242,4-28-15-4 = 0.562,4-17-57-4 = 1.0,7-49-51-44-15-4 = 0.016,4-45-20-28-4 = 0.438,8-9-46-19-37-7 = 0.109,4-45-20-40-23-8 = 0.562,4-41-50-16-5 = 1.0,7-26-36-7 = 0.328,8-27-53-8 = 1.0,8-11-19-37-7 = 0.008,5-34-10-19-37-7 = 0.203,4-44-51-19-37-7 = 0.211,5-9-10-19-37-7 = 0.133
633,632,734.344,7.0,0.076,-0.556,635,636,4-22-4 = 1.0,8-33-8 = 0.5,8-39-8 = 0.5,5-42-5 = 1.0,7-31-52-29-19-8 = 0.5,7-48-24-30-7 = 1.0,7-21-26-36-7 = 0.5,7-52-29-37-7 = 0.5,7-31-21-26-36-7 = 0.5,8-33-23-39-8 = 0.5,8-12-47-11-8 = 1.0,8-40-49-46-43-4 = 0.5,5-35-38-5 = 1.0,5-56-55-32-5 = 1.0,5-18-54-13-14-5 = 1.0,5-25-9-10-58-5 = 1.0,5-34-51-44-43-4 = 0.5,8-49-51-44-15-4 = 0.5,4-28-15-4 = 0.5,4-17-57-4 = 1.0,5-34-46-19-37-7 = 0.5,4-45-20-28-4 = 0.5,4-45-20-40-23-8 = 0.5,4-41-50-16-5 = 1.0,8-27-53-8 = 1.0
635,633,735.008,0.0,0.664,0.0,Prune by CG,,4-22-4 = 1.0,8-33-8 = 0.278,8-39-8 = 0.278,5-42-5 = 1.0,7-31-52-29-19-7 = 0.167,7-31-52-29-19-8 = 0.333,7-31-52-37-7 = 0.167,7-48-24-30-7 = 1.0,7-21-26-36-7 = 0.833,7-52-29-37-7 = 0.333,7-31-21-26-36-7 = 0.167,8-33-23-39-8 = 0.222,8-33-39-8 = 0.5,8-12-44-28-4 = 0.222,8-12-47-11-8 = 0.778,8-40-44-51-43-4 = 0.111,7-31-29-19-37-7 = 0.167,5-41-50-16-5 = 0.333,8-40-49-46-43-4 = 0.111,5-35-38-5 = 1.0,5-56-55-32-5 = 1.0,5-18-54-13-14-5 = 0.667,5-25-9-10-58-5 = 1.0,5-18-54-34-14-5 = 0.333,5-34-13-46-43-4 = 0.111,5-34-13-51-46-4 = 0.222,8-49-46-47-43-4 = 0.222,8-49-51-44-43-4 = 0.444,8-49-51-44-15-4 = 0.222,4-28-15-4 = 0.778,4-17-57-4 = 1.0,5-34-46-19-37-7 = 0.333,4-45-20-40-23-8 = 0.778,4-41-50-16-5 = 0.667,4-45-20-11-8 = 0.222,8-27-53-8 = 1.0
636,633,736.35,0.0,2.007,0.0,Prune by CG,,4-22-4 = 1.0,5-42-5 = 1.0,7-31-52-29-19-7 = 1.0,7-48-37-7 = 1.0,7-24-30-7 = 1.0,7-21-26-36-7 = 1.0,8-33-23-39-8 = 1.0,8-40-49-46-43-4 = 1.0,5-35-38-5 = 1.0,5-56-55-32-5 = 1.0,5-18-54-13-14-5 = 1.0,5-25-9-10-58-5 = 1.0,5-34-51-44-15-4 = 1.0,4-17-57-4 = 1.0,4-45-20-28-4 = 1.0,4-41-50-16-5 = 1.0,4-12-47-11-8 = 1.0,8-27-53-8 = 1.0
314,221,733.91,10.333,0.16,3.833,637,638,4-22-4 = 0.75,5-42-5 = 1.0,7-31-52-29-19-8 = 0.333,7-48-24-30-7 = 1.0,7-21-26-36-7 = 0.5,8-53-27-8 = 1.0,7-52-29-37-7 = 0.5,7-31-21-26-36-7 = 0.5,8-33-23-39-8 = 0.833,8-33-40-11-8 = 0.167,8-40-23-39-8 = 0.167,8-40-44-51-43-4 = 0.5,8-10-49-19-37-7 = 0.5,7-31-52-29-14-5 = 0.167,5-35-56-14-5 = 0.167,5-35-56-38-5 = 0.5,5-18-54-34-13-5 = 1.0,5-32-55-14-5 = 0.667,5-38-50-16-5 = 0.167,5-35-38-5 = 0.333,5-56-55-32-5 = 0.333,5-25-9-10-58-4 = 0.167,5-25-9-58-46-4 = 0.5,5-25-9-58-51-4 = 0.333,8-49-10-46-47-8 = 0.333,4-15-57-4 = 0.417,4-17-57-4 = 0.417,4-17-15-28-4 = 0.417,4-12-44-43-4 = 0.167,4-12-44-15-4 = 0.167,4-45-20-28-4 = 0.583,4-45-20-44-43-4 = 0.167,4-51-46-43-4 = 0.167,4-17-41-57-4 = 0.167,8-40-49-19-11-8 = 0.167,4-41-50-16-5 = 0.833,4-12-47-11-8 = 0.667,4-45-20-22-4 = 0.25
637,314,734.736,0.0,0.826,0.0,Prune by CG,,4-22-4 = 0.667,5-42-5 = 1.0,7-31-52-29-19-8 = 0.333,7-48-24-30-7 = 1.0,7-21-26-36-7 = 0.667,8-40-28-15-4 = 0.333,7-52-29-37-7 = 0.333,7-31-21-26-36-7 = 0.333,8-33-23-39-8 = 0.667,8-33-40-11-8 = 0.333,8-40-23-39-8 = 0.333,8-10-49-19-37-7 = 0.667,7-31-52-29-14-5 = 0.333,5-35-56-14-5 = 0.333,5-18-54-34-13-5 = 1.0,5-32-55-14-5 = 0.333,5-38-50-16-5 = 0.333,5-35-38-5 = 0.667,5-56-55-32-5 = 0.667,5-25-9-58-46-4 = 0.333,5-25-9-58-51-4 = 0.667,8-49-10-46-47-8 = 0.333,4-15-57-4 = 0.333,4-17-57-4 = 0.333,4-17-15-28-4 = 0.333,4-12-44-28-4 = 0.333,4-45-20-44-43-4 = 0.667,4-51-46-43-4 = 0.333,4-17-41-57-4 = 0.333,4-41-50-16-5 = 0.667,4-12-47-11-8 = 0.667,4-45-20-22-4 = 0.333,8-27-53-8 = 1.0
638,314,734.349,8.667,0.439,-1.667,639,640,4-22-4 = 0.583,5-38-5 = 0.083,8-39-8 = 0.083,5-42-5 = 1.0,7-31-52-29-19-8 = 0.417,7-48-24-30-7 = 1.0,7-21-26-36-7 = 0.5,7-52-29-37-7 = 0.5,7-31-21-26-36-7 = 0.5,8-33-23-39-8 = 0.917,8-33-40-11-8 = 0.083,8-40-44-51-43-4 = 0.75,8-10-49-19-37-7 = 0.5,7-31-52-29-14-5 = 0.083,5-35-56-14-5 = 0.083,5-35-56-38-5 = 0.583,5-18-54-34-13-5 = 0.833,5-32-55-14-5 = 0.667,5-35-38-5 = 0.333,5-56-55-32-5 = 0.333,5-18-54-13-14-5 = 0.083,5-54-34-13-14-5 = 0.083,5-25-9-10-58-4 = 0.083,5-18-34-51-43-4 = 0.083,5-25-9-58-46-4 = 0.833,5-25-9-58-51-4 = 0.083,8-49-10-46-47-8 = 0.167,4-15-57-4 = 0.417,4-17-57-4 = 0.583,4-17-15-28-4 = 0.417,4-12-44-15-4 = 0.167,4-45-20-28-4 = 0.583,8-40-49-19-11-8 = 0.083,4-41-50-16-5 = 1.0,4-12-47-11-8 = 0.833,4-45-20-22-4 = 0.417,8-27-53-8 = 1.0,8-49-10-51-23-8 = 0.083,8-49-10-44-43-8 = 0.083,8-40-49-10-43-8 = 0.083
639,638,737.175,0.0,2.826,0.0,Prune by CG,,4-22-4 = 1.0,5-42-5 = 1.0,7-48-24-30-7 = 1.0,8-53-27-8 = 1.0,7-52-29-37-7 = 1.0,7-31-21-26-36-7 = 1.0,8-33-23-39-8 = 1.0,8-40-44-51-43-4 = 0.5,8-45-20-44-43-4 = 0.5,5-35-56-38-5 = 1.0,5-18-54-34-13-5 = 1.0,5-32-55-14-5 = 1.0,5-25-9-58-46-4 = 0.5,5-25-9-58-51-4 = 0.5,8-49-10-46-47-8 = 0.5,4-15-57-4 = 0.5,4-17-57-4 = 0.5,4-17-15-28-4 = 0.5,4-45-20-28-4 = 0.5,8-40-49-19-11-8 = 0.5,4-41-50-16-5 = 1.0,4-12-47-11-8 = 0.5,4-12-10-19-8 = 0.5
640,638,735.266,0.0,0.917,0.0,Prune by CG,,4-22-4 = 0.833,5-42-5 = 1.0,7-31-52-29-19-8 = 0.333,7-48-24-30-7 = 1.0,7-21-26-36-7 = 0.667,8-53-27-8 = 1.0,7-52-29-37-7 = 0.333,7-31-21-26-36-7 = 0.333,8-33-23-39-8 = 1.0,8-40-44-51-43-4 = 0.667,8-10-49-19-37-7 = 0.667,7-31-52-29-14-5 = 0.333,5-35-56-14-5 = 0.333,5-18-54-34-13-5 = 1.0,5-32-55-14-5 = 0.333,5-38-50-16-5 = 0.333,5-35-38-5 = 0.667,5-56-55-32-5 = 0.667,5-25-9-10-58-4 = 0.333,5-25-9-58-46-4 = 0.667,4-15-57-4 = 0.5,4-17-57-4 = 0.167,4-17-15-28-4 = 0.5,4-45-20-28-4 = 0.5,4-45-20-44-51-4 = 0.333,4-17-41-57-4 = 0.333,4-41-50-16-5 = 0.667,4-12-47-11-8 = 1.0,4-45-20-22-4 = 0.167,8-40-49-46-43-8 = 0.333
115,48,735.168,7.034,3.375,-4.966,Prune by UB,,4-22-4 = 0.345,8-39-8 = 0.034,5-42-5 = 1.0,7-30-24-26-36-7 = 0.034,7-48-24-30-7 = 0.966,7-21-52-9-58-5 = 0.069,7-52-9-58-43-4 = 0.069,7-31-52-54-5 = 0.103,7-21-26-36-7 = 0.552,7-48-26-36-7 = 0.034,8-53-27-8 = 1.0,7-52-29-37-7 = 0.241,7-31-21-26-36-7 = 0.379,8-33-23-39-8 = 0.103,8-33-39-8 = 0.862,8-33-40-11-8 = 0.034,8-12-44-28-4 = 0.172,8-12-47-11-8 = 0.828,7-31-52-29-14-5 = 0.517,8-40-49-46-43-4 = 0.069,5-18-54-34-13-5 = 0.414,5-35-38-5 = 1.0,5-56-55-32-5 = 1.0,5-18-54-13-14-5 = 0.483,5-18-25-9-43-4 = 0.034,5-25-9-10-58-5 = 0.069,5-18-58-51-43-4 = 0.069,5-34-13-46-43-4 = 0.103,5-34-58-46-43-4 = 0.483,8-49-10-46-47-4 = 0.172,8-49-10-51-44-4 = 0.759,4-15-57-4 = 0.172,4-22-57-4 = 0.586,4-17-57-4 = 0.241,4-17-15-28-4 = 0.759,5-25-9-19-37-7 = 0.759,4-51-46-43-4 = 0.172,5-25-58-29-19-8 = 0.138,4-45-20-40-23-8 = 0.897,4-41-50-16-5 = 1.0,4-45-20-11-8 = 0.034,4-45-20-22-4 = 0.069,4-44-28-15-4 = 0.069,5-58-29-19-11-8 = 0.103
540,502,734.373,8.023,0.231,0.212,641,642,4-22-4 = 0.61,5-42-5 = 1.0,7-30-24-26-36-7 = 0.023,7-48-24-30-7 = 0.977,7-21-54-34-14-5 = 0.047,7-48-26-36-7 = 0.023,8-53-27-8 = 1.0,7-52-29-37-7 = 0.953,7-31-21-26-36-7 = 0.953,8-33-23-39-8 = 0.395,8-33-39-8 = 0.605,8-12-10-13-5 = 0.047,8-12-44-15-4 = 0.029,8-12-44-28-4 = 0.32,8-12-47-11-8 = 0.605,8-10-51-43-4 = 0.116,8-40-44-51-43-4 = 0.395,8-45-20-11-8 = 0.395,7-31-52-29-14-5 = 0.047,8-45-20-40-23-8 = 0.605,5-18-54-34-13-5 = 0.453,5-35-38-5 = 1.0,5-25-51-43-4 = 0.151,5-56-55-32-5 = 1.0,5-18-54-13-14-5 = 0.5,5-25-9-46-47-4 = 0.395,5-18-58-49-19-37-7 = 0.047,5-34-58-10-49-19-8 = 0.453,4-15-57-4 = 0.291,4-22-57-4 = 0.39,4-17-57-4 = 0.32,4-17-15-28-4 = 0.68,5-34-58-10-49-19-7 = 0.047,4-51-46-43-4 = 0.267,5-25-58-44-49-19-8 = 0.186,5-25-9-58-49-19-8 = 0.267,4-41-50-16-5 = 1.0,4-44-51-43-14-5 = 0.07,4-9-10-46-14-5 = 0.337
641,540,736.267,0.0,1.894,0.0,Prune by CG,,4-22-4 = 0.55,8-39-8 = 0.14,5-42-5 = 1.0,7-48-29-37-7 = 0.04,7-30-24-26-36-7 = 0.04,7-48-24-30-7 = 0.96,7-21-54-14-5 = 0.04,7-31-52-54-5 = 0.04,8-53-27-8 = 1.0,7-52-29-37-7 = 0.96,7-31-21-26-36-7 = 0.96,8-33-23-39-8 = 0.5,8-33-39-8 = 0.36,8-33-40-11-8 = 0.14,8-12-44-15-4 = 0.19,8-12-44-28-4 = 0.37,8-12-47-11-8 = 0.36,8-40-44-51-43-4 = 0.36,8-45-20-11-8 = 0.5,8-45-20-40-23-8 = 0.5,5-18-54-34-13-5 = 0.04,5-35-38-5 = 1.0,5-56-55-32-5 = 1.0,5-18-54-13-14-5 = 0.88,5-18-25-9-43-4 = 0.08,5-25-9-51-44-4 = 0.08,5-34-58-10-49-19-8 = 0.8,4-15-57-4 = 0.18,4-22-57-4 = 0.45,4-17-57-4 = 0.37,4-17-15-28-4 = 0.63,5-34-58-10-49-19-7 = 0.08,4-51-46-43-4 = 0.36,4-41-50-16-5 = 1.0,4-25-9-46-47-4 = 0.64,4-25-51-43-4 = 0.2,4-12-9-34-13-14-5 = 0.08,5-9-58-10-49-19-8 = 0.12
642,540,735.35,0.0,0.978,0.0,Prune by CG,,4-22-4 = 0.5,5-42-5 = 1.0,7-48-24-30-7 = 1.0,7-21-26-36-7 = 0.167,8-53-27-8 = 1.0,7-52-29-37-7 = 0.833,7-31-21-26-36-7 = 0.833,8-33-23-39-8 = 0.167,8-33-39-8 = 0.833,8-12-44-15-4 = 0.167,8-12-44-28-4 = 0.333,8-12-47-11-8 = 0.5,8-10-51-43-4 = 0.667,8-40-44-51-43-4 = 0.167,7-31-52-29-14-5 = 0.167,8-45-20-40-23-8 = 0.5,5-18-54-34-13-5 = 0.5,5-35-38-5 = 1.0,5-56-55-32-5 = 1.0,5-18-54-13-14-5 = 0.333,5-54-34-13-14-5 = 0.167,5-25-9-46-47-4 = 0.5,5-18-58-49-19-37-7 = 0.167,4-15-57-4 = 0.167,4-22-57-4 = 0.5,4-17-57-4 = 0.333,4-17-15-28-4 = 0.667,5-34-58-49-19-11-8 = 0.333,4-51-46-43-4 = 0.167,5-25-58-44-49-19-8 = 0.333,5-25-9-58-49-19-8 = 0.167,4-45-20-40-23-8 = 0.333,4-41-50-16-5 = 1.0,4-45-20-11-8 = 0.167,4-9-10-46-14-5 = 0.333
254,252,734.42,8.688,1.254,-0.112,643,644,4-22-4 = 1.0,8-33-8 = 0.25,8-39-8 = 0.25,5-42-5 = 1.0,7-31-52-29-19-7 = 0.312,7-48-24-30-7 = 1.0,7-21-26-36-7 = 0.438,7-21-49-19-37-7 = 0.281,7-31-49-10-51-4 = 0.031,7-52-29-37-7 = 0.312,7-31-21-26-36-7 = 0.281,8-33-23-39-8 = 0.469,8-33-39-8 = 0.281,8-12-44-43-4 = 0.156,8-12-47-11-8 = 0.625,8-40-44-51-43-4 = 0.469,8-45-20-44-43-4 = 0.094,7-31-52-29-14-5 = 0.375,5-18-54-34-13-5 = 0.5,5-35-38-5 = 1.0,5-56-55-32-5 = 1.0,5-18-54-13-14-5 = 0.5,5-25-9-46-47-8 = 0.094,5-25-9-10-47-4 = 0.281,5-25-9-46-14-5 = 0.125,5-25-9-58-46-4 = 0.094,5-34-58-10-46-4 = 0.5,8-49-51-44-43-4 = 0.281,4-28-15-4 = 1.0,4-17-57-4 = 1.0,5-25-49-19-37-7 = 0.406,4-12-9-58-51-4 = 0.219,4-45-20-40-23-8 = 0.531,4-41-50-16-5 = 1.0,7-26-36-7 = 0.281,4-45-20-11-8 = 0.375,4-9-58-10-46-4 = 0.188,8-27-53-8 = 1.0
643,254,737.918,0.0,3.499,0.0,Prune by CG,,4-22-4 = 1.0,8-33-8 = 0.25,8-39-8 = 0.25,5-42-5 = 1.0,7-36-26-7 = 0.25,7-31-52-29-19-7 = 0.25,7-48-24-30-7 = 1.0,7-21-26-36-7 = 0.5,7-21-49-19-37-7 = 0.25,8-53-27-8 = 1.0,7-52-29-37-7 = 0.25,7-31-21-26-36-7 = 0.25,8-33-23-39-8 = 0.5,8-33-39-8 = 0.25,8-12-44-43-4 = 0.25,8-12-47-11-8 = 0.25,8-12-9-51-47-8 = 0.25,8-40-44-51-43-4 = 0.5,7-31-52-29-14-5 = 0.5,8-45-44-51-43-4 = 0.25,5-18-54-34-13-5 = 0.5,5-35-38-5 = 1.0,5-56-55-32-5 = 1.0,5-18-54-13-14-5 = 0.5,5-25-58-10-49-4 = 0.5,5-25-9-46-47-8 = 0.5,5-34-58-10-46-4 = 0.5,4-28-15-4 = 1.0,4-17-57-4 = 1.0,4-45-20-40-23-8 = 0.5,4-41-50-16-5 = 1.0,4-45-20-11-8 = 0.25,4-20-12-9-49-8 = 0.25,8-11-19-37-7 = 0.5
337,335,734.345,10.707,0.993,0.415,645,646,4-22-4 = 0.687,5-42-5 = 1.0,7-31-52-29-19-7 = 0.374,7-30-24-26-36-7 = 0.343,7-48-24-30-7 = 0.657,7-21-54-34-14-5 = 0.061,7-21-49-19-37-7 = 0.626,7-48-26-36-7 = 0.343,7-52-29-37-7 = 0.313,7-31-21-26-36-7 = 0.313,8-33-23-39-8 = 0.455,8-33-39-8 = 0.545,8-12-44-28-4 = 0.333,8-12-47-11-8 = 0.606,8-10-51-43-4 = 0.152,8-40-44-51-43-4 = 0.455,5-35-56-38-5 = 0.152,5-18-54-34-13-5 = 0.303,5-32-55-14-5 = 0.152,5-35-38-5 = 0.848,5-56-55-32-5 = 0.848,5-18-54-13-14-5 = 0.636,5-18-25-9-51-4 = 0.061,5-25-9-46-47-4 = 0.394,5-25-9-10-58-5 = 0.424,5-25-9-51-44-4 = 0.091,5-25-9-46-14-5 = 0.03,5-34-13-51-43-4 = 0.061,5-34-58-46-43-4 = 0.152,5-34-58-10-46-4 = 0.424,4-15-28-4 = 0.02,4-15-57-4 = 0.333,4-22-57-4 = 0.313,4-17-57-4 = 0.354,4-17-15-28-4 = 0.646,4-20-51-43-4 = 0.061,4-45-20-40-23-8 = 0.545,4-41-50-16-5 = 1.0,4-45-20-11-8 = 0.394,4-45-12-49-37-7 = 0.061,8-27-53-8 = 1.0,4-44-51-43-14-5 = 0.121,7-31-52-49-29-7 = 0.313
646,337,737.967,0.0,3.622,0.0,Prune by CG,,4-22-4 = 0.625,5-42-5 = 1.0,7-31-52-29-19-7 = 0.161,7-21-52-29-7 = 0.304,7-30-24-26-36-7 = 0.241,7-48-24-30-7 = 0.759,7-21-54-34-14-5 = 0.107,7-21-54-14-5 = 0.062,7-21-49-19-37-7 = 0.009,7-10-49-19-37-7 = 0.5,7-48-26-36-7 = 0.241,8-53-27-8 = 1.0,8-40-28-15-4 = 0.5,7-52-29-37-7 = 0.268,7-31-29-19-11-8 = 0.054,7-31-21-26-36-7 = 0.518,8-33-23-39-8 = 0.5,8-33-39-8 = 0.5,8-12-44-43-4 = 0.045,8-12-44-28-4 = 0.062,8-12-47-11-8 = 0.893,5-35-38-5 = 1.0,5-56-55-32-5 = 1.0,5-18-54-13-14-5 = 0.83,5-18-25-9-51-4 = 0.17,5-25-9-46-47-4 = 0.107,5-25-9-10-58-5 = 0.277,5-25-9-51-44-4 = 0.446,5-34-13-46-43-4 = 0.17,5-34-58-46-43-4 = 0.723,4-15-57-4 = 0.062,4-22-57-4 = 0.375,4-17-57-4 = 0.562,4-17-15-28-4 = 0.438,4-45-20-40-23-8 = 0.5,4-41-50-16-5 = 1.0,4-45-20-11-8 = 0.054,4-10-49-19-37-7 = 0.223,4-45-20-44-43-5 = 0.062,4-45-20-44-51-5 = 0.384,7-31-52-49-19-7 = 0.054,7-31-52-49-29-7 = 0.214
645,337,734.439,9.815,0.094,-0.892,647,648,4-22-4 = 0.685,5-42-5 = 1.0,7-31-52-29-19-7 = 0.343,7-21-52-29-7 = 0.028,7-30-24-26-36-7 = 0.343,7-48-24-30-7 = 0.657,7-21-49-19-37-7 = 0.657,7-48-26-36-7 = 0.343,7-31-9-51-43-4 = 0.028,8-53-27-8 = 1.0,7-52-29-37-7 = 0.315,7-31-21-26-36-7 = 0.315,8-33-23-39-8 = 0.556,8-33-39-8 = 0.444,8-12-44-28-4 = 0.333,8-12-47-11-8 = 0.556,8-40-44-51-43-4 = 0.556,5-18-54-34-13-5 = 0.194,5-35-38-5 = 1.0,5-25-51-43-4 = 0.111,5-56-55-32-5 = 1.0,5-18-54-13-14-5 = 0.722,5-25-9-46-47-4 = 0.444,5-25-9-10-58-5 = 0.444,5-18-54-34-14-5 = 0.083,5-34-13-51-43-4 = 0.083,5-34-58-10-46-4 = 0.556,4-28-15-4 = 0.019,4-15-57-4 = 0.333,4-22-57-4 = 0.315,4-17-57-4 = 0.352,4-17-15-28-4 = 0.648,4-20-51-43-4 = 0.111,4-45-20-40-23-8 = 0.444,4-41-50-16-5 = 1.0,4-45-20-11-8 = 0.444,4-45-12-49-37-7 = 0.028,4-44-51-43-14-5 = 0.111,4-45-12-9-34-14-5 = 0.083,7-31-52-49-29-7 = 0.315
647,645,740.743,0.0,6.304,0.0,Prune by CG,,4-22-4 = 0.684,5-42-5 = 0.947,7-31-52-29-19-7 = 0.053,7-21-52-29-7 = 0.947,7-25-51-43-4 = 0.105,7-30-24-26-36-7 = 0.474,7-48-24-30-7 = 0.526,7-31-51-44-43-4 = 0.579,7-48-26-36-7 = 0.474,7-31-9-51-43-4 = 0.316,8-53-27-8 = 1.0,8-40-28-15-4 = 0.526,7-31-21-26-36-7 = 0.053,8-33-23-39-8 = 0.526,8-33-39-8 = 0.474,8-12-44-28-4 = 0.079,8-12-47-11-8 = 0.868,5-35-56-38-5 = 0.105,5-18-54-34-13-5 = 0.342,5-32-55-14-5 = 0.132,5-35-38-5 = 0.868,5-56-55-32-5 = 0.868,5-18-54-13-14-5 = 0.658,5-25-9-46-47-4 = 0.132,5-25-9-10-58-5 = 0.342,5-25-9-46-14-5 = 0.211,5-34-58-10-46-4 = 0.658,4-15-57-4 = 0.079,4-22-57-4 = 0.316,4-17-57-4 = 0.605,4-17-15-28-4 = 0.395,5-25-49-19-37-7 = 0.211,4-45-20-40-23-8 = 0.474,4-41-50-16-5 = 1.0,4-45-20-11-8 = 0.132,4-20-49-19-37-7 = 0.395,5-42-38-5 = 0.026,4-45-12-49-37-7 = 0.053,5-35-56-42-5 = 0.026,4-45-44-49-19-37-7 = 0.342
605,604,734.285,10.294,0.177,0.798,649,650,4-22-4 = 1.0,5-38-5 = 0.324,8-39-8 = 0.059,5-42-5 = 1.0,7-31-52-29-19-8 = 0.324,7-48-37-7 = 0.324,7-24-30-7 = 0.324,7-48-24-30-7 = 0.676,8-40-28-15-4 = 0.412,7-52-29-37-7 = 0.676,7-31-21-26-36-7 = 0.676,8-33-23-39-8 = 0.471,8-33-39-8 = 0.471,8-33-40-11-8 = 0.059,8-12-44-15-4 = 0.029,8-12-44-28-4 = 0.029,8-12-47-11-8 = 0.676,5-35-56-21-7 = 0.324,5-18-54-34-13-5 = 0.706,5-32-55-14-5 = 0.324,5-35-38-5 = 0.676,5-25-51-43-4 = 0.059,5-56-55-32-5 = 0.676,5-18-54-13-14-5 = 0.059,5-54-34-13-14-5 = 0.088,5-18-25-9-58-14-5 = 0.235,5-34-58-10-46-4 = 0.206,8-49-10-46-47-4 = 0.118,8-49-10-51-44-4 = 0.471,4-28-15-4 = 0.559,4-17-57-4 = 1.0,4-45-20-44-43-4 = 0.471,4-51-46-43-4 = 0.471,8-9-10-46-47-4 = 0.206,5-25-9-58-49-19-8 = 0.412,5-25-9-58-13-14-5 = 0.147,5-25-54-14-5 = 0.147,4-45-20-40-23-8 = 0.529,4-41-50-16-5 = 1.0,7-26-36-7 = 0.324,8-27-53-8 = 1.0,8-12-19-11-8 = 0.265
649,605,735.541,0.0,1.256,0.0,Prune by CG,,4-22-4 = 1.0,5-38-5 = 0.267,5-42-5 = 1.0,7-36-26-7 = 0.4,7-31-52-29-19-8 = 0.653,7-48-37-7 = 0.4,7-24-30-7 = 0.4,7-48-24-30-7 = 0.6,7-21-26-36-7 = 0.253,8-40-28-15-4 = 0.373,7-52-29-37-7 = 0.347,7-31-21-26-36-7 = 0.347,8-33-23-39-8 = 0.453,8-33-39-8 = 0.547,8-12-47-11-8 = 0.747,8-45-20-40-23-8 = 0.133,5-35-56-21-7 = 0.4,5-18-54-34-13-5 = 0.533,5-38-50-16-5 = 0.067,5-38-41-57-4 = 0.067,5-35-38-5 = 0.6,5-56-55-32-5 = 0.6,5-18-55-32-5 = 0.4,5-18-25-9-58-14-5 = 0.067,5-34-58-10-46-4 = 0.293,8-49-10-46-47-4 = 0.253,8-49-10-51-44-4 = 0.24,4-15-28-4 = 0.56,4-17-57-4 = 0.933,4-17-15-28-4 = 0.067,5-34-58-49-19-11-8 = 0.173,4-45-20-44-43-4 = 0.453,4-51-46-43-4 = 0.453,5-25-9-58-13-14-5 = 0.467,5-25-54-14-5 = 0.467,8-40-49-19-11-8 = 0.08,4-45-20-40-23-8 = 0.413,4-41-50-16-5 = 0.933,8-27-53-8 = 1.0,8-12-9-49-37-7 = 0.253,8-9-10-51-44-4 = 0.213,4-44-51-43-19-8 = 0.093
650,605,734.712,0.0,0.427,0.0,Prune by CG,,4-22-4 = 1.0,8-33-8 = 0.116,5-38-5 = 0.178,8-39-8 = 0.267,5-42-5 = 1.0,7-36-26-7 = 0.178,7-31-52-37-7 = 0.205,7-48-24-30-7 = 1.0,7-21-26-36-7 = 0.219,7-52-29-37-7 = 0.795,7-31-29-19-11-8 = 0.192,7-31-21-26-36-7 = 0.603,8-33-23-39-8 = 0.151,8-33-39-8 = 0.582,8-33-40-11-8 = 0.151,8-12-44-15-4 = 0.144,8-12-44-28-4 = 0.144,8-12-47-11-8 = 0.493,8-12-9-34-13-14-5 = 0.055,8-45-20-40-23-8 = 0.685,5-35-56-21-7 = 0.178,5-18-54-34-13-5 = 0.589,5-32-55-14-5 = 0.178,5-35-38-5 = 0.822,5-25-51-43-4 = 0.288,5-56-55-32-5 = 0.822,5-18-54-13-14-5 = 0.342,5-18-25-54-5 = 0.055,5-54-34-13-14-5 = 0.014,5-18-25-58-29-7 = 0.014,5-34-58-10-46-4 = 0.342,8-49-10-46-47-4 = 0.205,8-49-10-51-44-4 = 0.151,4-15-28-4 = 0.856,4-17-57-4 = 1.0,4-45-20-44-43-4 = 0.151,4-51-46-43-4 = 0.151,8-9-10-46-47-4 = 0.301,5-25-9-58-49-19-8 = 0.644,4-45-20-40-23-8 = 0.164,4-41-50-16-5 = 1.0,8-27-53-8 = 1.0,4-44-51-43-14-5 = 0.411,8-12-19-11-8 = 0.164
101,100,734.884,5.75,2.649,-2.697,Prune by UB,,4-22-4 = 1.0,8-33-8 = 0.375,8-39-8 = 0.375,5-42-5 = 1.0,7-31-52-29-19-8 = 0.5,7-48-24-30-7 = 1.0,7-21-26-36-7 = 0.5,8-53-27-8 = 1.0,7-52-29-37-7 = 0.5,7-31-21-26-36-7 = 0.5,8-33-23-39-8 = 0.25,8-33-39-8 = 0.375,8-12-47-11-8 = 1.0,8-40-44-51-43-4 = 0.25,5-41-50-16-5 = 1.0,5-18-54-34-13-5 = 1.0,5-35-38-5 = 1.0,5-56-55-32-5 = 1.0,5-25-9-46-14-5 = 0.875,8-49-10-58-46-4 = 0.125,8-49-10-58-51-4 = 0.625,8-49-10-58-15-4 = 0.125,8-49-58-51-28-4 = 0.125,4-28-15-4 = 0.875,4-17-57-4 = 1.0,4-45-20-44-43-4 = 0.25,4-45-20-40-23-8 = 0.75,4-44-43-19-37-7 = 0.5,5-25-9-10-14-5 = 0.125
554,552,734.357,10.023,0.311,0.469,651,652,4-22-4 = 0.598,5-42-5 = 0.931,7-31-52-29-19-7 = 0.178,7-21-52-29-7 = 0.18,7-30-24-26-36-7 = 0.125,7-48-21-26-7 = 0.069,7-48-24-30-7 = 0.875,7-48-26-36-7 = 0.055,7-31-49-46-43-4 = 0.072,8-53-27-8 = 1.0,7-52-29-37-7 = 0.642,7-31-21-26-36-7 = 0.751,8-33-23-39-8 = 0.427,8-33-39-8 = 0.573,8-12-44-28-4 = 0.358,8-12-47-11-8 = 0.642,8-40-44-51-43-4 = 0.427,5-35-56-36-7 = 0.069,5-18-54-34-13-5 = 0.068,5-32-55-14-5 = 0.069,5-35-38-5 = 0.931,5-54-9-10-49-8 = 0.001,5-56-55-32-5 = 0.931,5-18-54-13-14-5 = 0.468,5-54-34-13-14-5 = 0.463,5-25-9-10-58-5 = 0.428,5-25-9-10-49-8 = 0.105,5-18-25-9-49-19-8 = 0.464,5-34-58-46-15-4 = 0.174,5-34-58-10-46-5 = 0.11,5-34-58-51-28-4 = 0.185,4-15-57-4 = 0.368,4-22-57-4 = 0.089,4-17-57-4 = 0.543,4-17-15-28-4 = 0.457,7-49-10-46-47-4 = 0.356,4-45-20-44-43-4 = 0.113,4-51-46-43-4 = 0.286,4-44-58-51-43-4 = 0.102,5-25-49-46-47-4 = 0.002,4-45-20-40-23-8 = 0.573,4-41-50-16-5 = 1.0,5-42-38-5 = 0.069,4-45-20-22-4 = 0.313,8-11-19-37-7 = 0.358,4-45-20-9-58-13-5 = 0.001
651,554,735.592,0.0,1.235,0.0,Prune by CG,,4-22-4 = 0.172,5-42-5 = 1.0,7-31-52-29-19-7 = 0.172,7-48-24-30-7 = 1.0,7-31-52-49-19-8 = 0.138,7-21-26-36-7 = 0.483,7-31-49-10-51-4 = 0.069,7-52-29-37-7 = 0.69,7-31-21-26-36-7 = 0.517,8-33-23-39-8 = 0.793,8-33-39-8 = 0.207,8-12-44-28-4 = 0.138,8-12-47-11-8 = 0.862,8-40-44-51-43-4 = 0.793,7-31-29-19-37-7 = 0.103,5-35-38-5 = 1.0,5-56-55-32-5 = 1.0,5-18-54-13-14-5 = 0.655,5-54-34-13-14-5 = 0.345,5-25-9-10-49-8 = 0.345,5-18-25-9-49-19-8 = 0.345,5-34-58-46-43-4 = 0.138,5-34-58-10-46-5 = 0.517,5-58-51-46-47-4 = 0.069,4-15-28-4 = 0.69,4-15-57-4 = 0.138,4-22-57-4 = 0.034,4-17-57-4 = 0.828,4-17-15-28-4 = 0.172,4-9-58-46-43-4 = 0.069,5-25-10-49-47-4 = 0.069,5-25-9-49-29-19-8 = 0.034,4-45-20-40-23-8 = 0.207,4-41-50-16-5 = 1.0,4-45-20-22-4 = 0.793,8-27-53-8 = 1.0,5-25-9-58-46-5 = 0.207,8-11-19-37-7 = 0.138,4-44-51-19-37-7 = 0.069
652,554,734.928,0.0,0.57,0.0,Prune by CG,,4-22-4 = 0.688,5-42-5 = 0.727,7-31-52-29-19-7 = 0.208,7-21-52-29-7 = 0.208,7-30-24-26-36-7 = 0.208,7-48-21-26-7 = 0.208,7-48-24-30-7 = 0.792,7-21-26-36-7 = 0.019,7-31-49-46-43-4 = 0.227,7-52-29-37-7 = 0.584,7-31-21-26-36-7 = 0.565,8-33-23-39-8 = 0.273,8-33-39-8 = 0.727,8-12-44-28-4 = 0.416,8-12-47-11-8 = 0.584,8-40-44-51-43-4 = 0.273,5-35-56-36-7 = 0.208,5-18-54-34-13-5 = 0.227,5-32-55-14-5 = 0.253,5-38-50-16-5 = 0.013,5-38-41-57-4 = 0.013,5-35-38-5 = 0.747,5-56-55-32-5 = 0.747,5-18-54-58-13-5 = 0.026,5-18-54-13-14-5 = 0.201,5-54-34-13-14-5 = 0.545,5-25-9-46-47-4 = 0.019,5-25-9-10-58-5 = 0.604,5-18-25-9-49-19-8 = 0.377,5-18-34-58-51-44-4 = 0.169,5-34-58-51-28-4 = 0.058,5-58-51-44-43-4 = 0.143,4-15-57-4 = 0.474,4-22-57-4 = 0.039,4-17-57-4 = 0.474,4-17-15-28-4 = 0.526,7-49-10-46-47-4 = 0.396,4-51-46-43-4 = 0.357,4-45-20-40-23-8 = 0.727,4-41-50-16-5 = 0.987,5-42-38-5 = 0.227,4-45-20-22-4 = 0.273,5-35-56-42-5 = 0.045,8-27-53-8 = 1.0,8-11-19-37-7 = 0.416
435,330,734.311,9.5,0.397,0.9,653,654,4-22-4 = 1.0,5-38-5 = 0.5,5-42-5 = 1.0,7-36-26-7 = 0.25,7-31-52-29-19-7 = 0.5,7-48-24-30-7 = 1.0,7-21-26-36-7 = 0.5,7-21-49-19-37-7 = 0.25,7-31-9-46-43-4 = 0.25,7-52-29-37-7 = 0.5,7-31-21-26-36-7 = 0.25,8-33-23-39-8 = 0.375,8-33-39-8 = 0.625,8-12-47-11-8 = 1.0,8-40-44-51-43-4 = 0.375,8-51-46-43-4 = 0.375,5-35-56-14-5 = 0.5,5-18-54-34-13-5 = 1.0,5-32-55-14-5 = 0.5,5-35-38-5 = 0.5,5-25-58-10-49-8 = 0.5,5-56-55-32-5 = 0.5,5-25-9-10-58-5 = 0.25,5-25-9-58-46-4 = 0.25,4-28-15-4 = 0.375,4-17-57-4 = 1.0,8-44-46-15-4 = 0.125,4-45-20-28-4 = 0.375,4-45-20-40-23-8 = 0.625,4-41-50-16-5 = 1.0,5-10-49-19-37-7 = 0.25,8-27-53-8 = 1.0,8-9-51-44-15-4 = 0.25,4-44-28-15-4 = 0.25
653,435,736.928,0.0,2.617,0.0,Prune by CG,,4-22-4 = 1.0,5-38-5 = 0.457,5-42-5 = 1.0,7-31-52-29-19-7 = 0.4,7-31-52-37-7 = 0.2,7-48-24-30-7 = 1.0,7-21-26-36-7 = 1.0,8-53-27-8 = 1.0,8-40-28-15-4 = 0.286,7-52-29-37-7 = 0.2,8-33-23-39-8 = 0.286,8-33-39-8 = 0.714,8-12-47-11-8 = 1.0,7-31-29-19-37-7 = 0.4,8-51-46-43-4 = 0.429,5-35-56-14-5 = 0.457,5-35-56-38-5 = 0.086,5-18-54-34-13-5 = 1.0,5-32-55-14-5 = 0.543,5-35-38-5 = 0.457,5-25-58-10-49-8 = 1.0,5-56-55-32-5 = 0.457,4-28-15-4 = 0.429,4-17-57-4 = 1.0,4-45-20-28-4 = 0.286,4-45-20-40-23-8 = 0.714,4-41-50-16-5 = 1.0,8-9-51-44-15-4 = 0.286,8-9-51-44-43-4 = 0.143,7-52-19-37-7 = 0.2,8-9-51-44-46-4 = 0.143,8-9-44-46-43-4 = 0.429
610,206,734.379,10.281,0.113,0.409,655,656,4-22-4 = 1.0,8-33-8 = 0.27,5-38-5 = 0.292,8-39-8 = 0.343,5-42-5 = 1.0,7-36-26-7 = 0.275,7-31-52-29-19-8 = 0.427,7-31-52-37-7 = 0.275,7-48-24-30-7 = 1.0,7-21-26-36-7 = 0.702,8-40-28-15-4 = 0.275,7-52-29-37-7 = 0.298,7-31-29-19-11-8 = 0.146,7-31-21-26-36-7 = 0.022,8-33-23-39-8 = 0.657,8-33-40-11-8 = 0.073,8-12-44-28-4 = 0.275,8-12-47-11-8 = 0.483,8-12-9-10-49-8 = 0.242,8-40-44-51-43-4 = 0.309,7-31-29-19-37-7 = 0.129,5-35-56-21-7 = 0.275,5-35-56-14-5 = 0.017,5-18-54-34-13-5 = 0.551,5-32-55-14-5 = 0.292,5-35-38-5 = 0.708,5-56-55-32-5 = 0.708,5-18-54-13-14-5 = 0.208,5-54-34-13-14-5 = 0.242,5-18-25-9-58-14-5 = 0.242,5-25-9-58-15-4 = 0.517,5-34-51-44-15-4 = 0.208,8-49-10-46-47-8 = 0.517,4-17-57-4 = 1.0,4-45-20-28-4 = 0.449,4-45-20-44-43-4 = 0.208,4-51-46-43-4 = 0.483,4-45-20-40-23-8 = 0.343,4-41-50-16-5 = 1.0,4-25-58-10-49-8 = 0.242,8-27-53-8 = 1.0,8-11-19-37-7 = 0.298
656,610,735.423,0.0,1.044,0.0,Prune by CG,,4-22-4 = 1.0,8-33-8 = 0.126,8-39-8 = 0.126,5-42-5 = 1.0,7-36-26-7 = 0.27,7-31-52-29-19-7 = 0.239,7-31-52-29-19-8 = 0.126,7-31-52-37-7 = 0.317,7-48-24-30-7 = 1.0,7-21-26-36-7 = 0.73,7-21-49-19-37-7 = 0.096,8-53-27-8 = 1.0,8-40-28-15-4 = 0.204,7-52-29-37-7 = 0.317,7-31-29-19-11-8 = 0.213,8-33-23-39-8 = 0.874,8-12-10-19-8 = 0.174,8-12-44-28-4 = 0.33,8-12-9-10-49-8 = 0.117,8-40-44-51-43-4 = 0.67,7-31-29-19-37-7 = 0.104,5-35-56-21-7 = 0.174,5-35-56-14-5 = 0.413,5-18-54-34-13-5 = 1.0,5-32-55-14-5 = 0.587,5-35-38-5 = 0.413,5-56-55-32-5 = 0.413,5-25-9-58-15-4 = 0.796,8-49-10-46-47-8 = 0.622,4-17-57-4 = 1.0,5-25-58-49-37-7 = 0.117,8-49-46-19-37-7 = 0.048,4-45-20-28-4 = 0.465,4-51-46-43-4 = 0.33,4-45-20-40-23-8 = 0.126,4-41-50-16-5 = 1.0,4-12-47-11-8 = 0.378,4-45-20-11-8 = 0.409,5-42-38-5 = 0.587,4-25-9-10-58-5 = 0.087
655,610,734.41,10.328,0.031,0.047,657,658,4-22-4 = 1.0,8-33-8 = 0.172,8-39-8 = 0.437,5-42-5 = 1.0,7-36-26-7 = 0.25,7-31-52-29-19-8 = 0.5,7-31-52-37-7 = 0.25,7-48-24-30-7 = 1.0,7-21-26-36-7 = 0.75,8-53-27-8 = 1.0,8-40-28-15-4 = 0.25,7-52-29-37-7 = 0.25,8-33-23-11-8 = 0.127,8-33-23-39-8 = 0.563,8-33-40-11-8 = 0.138,8-12-44-28-4 = 0.25,8-12-47-11-8 = 0.485,8-12-9-10-49-8 = 0.243,8-40-44-51-43-4 = 0.302,7-31-29-19-37-7 = 0.25,5-35-56-21-7 = 0.25,5-35-56-14-5 = 0.049,5-18-54-34-13-5 = 0.567,5-32-55-14-5 = 0.299,5-35-38-5 = 0.701,5-56-55-32-5 = 0.701,5-18-54-13-14-5 = 0.213,5-54-34-13-14-5 = 0.22,5-18-25-9-58-14-5 = 0.22,5-25-9-58-15-4 = 0.537,5-34-51-44-15-4 = 0.213,8-49-10-46-47-8 = 0.515,4-17-57-4 = 1.0,4-12-44-28-4 = 0.022,4-45-20-28-4 = 0.478,4-45-20-44-43-4 = 0.213,4-51-46-43-4 = 0.485,4-45-20-40-23-8 = 0.31,4-41-50-16-5 = 1.0,4-25-58-10-49-8 = 0.243,5-42-38-5 = 0.299,8-11-19-37-7 = 0.25
657,655,736.788,0.0,2.378,0.0,Prune by CG,,4-22-4 = 1.0,8-33-8 = 0.333,8-39-8 = 0.833,5-42-5 = 1.0,7-31-52-29-19-8 = 0.5,7-48-24-30-7 = 1.0,7-21-26-36-7 = 0.5,8-53-27-8 = 1.0,7-52-29-37-7 = 0.5,7-31-21-26-36-7 = 0.5,8-33-23-11-8 = 0.333,8-33-23-39-8 = 0.167,8-33-40-11-8 = 0.167,8-12-44-28-4 = 0.333,8-40-44-51-43-4 = 0.333,5-18-54-34-13-5 = 0.167,5-35-38-5 = 1.0,5-56-55-32-5 = 1.0,5-18-54-13-14-5 = 0.333,5-54-34-13-14-5 = 0.167,5-18-54-34-14-5 = 0.333,5-18-25-9-58-14-5 = 0.167,5-25-9-58-15-4 = 0.667,5-34-13-51-15-4 = 0.333,8-49-10-46-47-8 = 0.833,4-17-57-4 = 1.0,4-20-51-43-4 = 0.167,4-12-44-28-4 = 0.333,4-45-20-28-4 = 0.333,4-51-46-43-4 = 0.167,4-45-20-40-23-8 = 0.5,4-41-50-16-5 = 1.0,4-25-58-10-49-8 = 0.167,4-12-47-43-4 = 0.167,4-45-12-9-43-4 = 0.167,8-11-19-37-7 = 0.5
658,655,734.797,0.0,0.387,0.0,Prune by CG,,4-22-4 = 1.0,8-33-8 = 0.19,8-39-8 = 0.341,5-42-5 = 1.0,7-36-26-7 = 0.286,7-31-52-29-19-8 = 0.635,7-31-52-37-7 = 0.183,7-48-37-7 = 0.103,7-24-30-7 = 0.103,7-48-24-30-7 = 0.897,7-21-26-36-7 = 0.714,8-53-27-8 = 1.0,8-40-28-15-4 = 0.571,7-52-29-37-7 = 0.183,8-33-23-11-8 = 0.151,8-33-23-39-8 = 0.659,8-12-47-11-8 = 0.667,8-12-9-10-49-8 = 0.333,8-40-44-51-43-4 = 0.238,7-31-29-19-37-7 = 0.183,5-35-56-21-7 = 0.286,5-18-54-34-13-5 = 0.452,5-32-55-14-5 = 0.286,5-35-38-5 = 0.714,5-56-55-32-5 = 0.714,5-18-54-13-14-5 = 0.381,5-54-34-13-14-5 = 0.167,5-18-25-9-58-14-5 = 0.167,5-25-9-58-46-4 = 0.286,5-25-9-58-15-4 = 0.048,5-34-51-44-15-4 = 0.381,8-49-10-46-47-8 = 0.333,4-17-57-4 = 1.0,5-25-58-49-37-7 = 0.167,4-45-20-28-4 = 0.429,4-45-20-44-43-4 = 0.381,4-51-46-43-4 = 0.381,4-45-20-40-23-8 = 0.19,4-41-50-16-5 = 1.0,4-25-58-10-49-8 = 0.167,5-42-38-5 = 0.286,4-25-9-10-58-5 = 0.167,8-11-19-37-7 = 0.183
648,645,734.441,9.824,0.002,0.009,659,660,4-22-4 = 0.69,5-42-5 = 1.0,7-31-52-29-19-7 = 0.352,7-30-24-26-36-7 = 0.338,7-48-24-30-7 = 0.662,7-21-54-34-14-5 = 0.028,7-21-49-19-37-7 = 0.648,7-48-26-36-7 = 0.338,7-52-29-37-7 = 0.324,7-31-21-26-36-7 = 0.324,8-33-23-39-8 = 0.556,8-33-39-8 = 0.444,8-12-44-28-4 = 0.333,8-12-47-11-8 = 0.556,8-40-44-51-43-4 = 0.556,5-18-54-34-13-5 = 0.194,5-35-38-5 = 1.0,5-25-51-43-4 = 0.111,5-56-55-32-5 = 1.0,5-18-54-13-14-5 = 0.722,5-25-9-46-47-4 = 0.444,5-25-9-10-58-5 = 0.444,5-18-54-34-14-5 = 0.056,5-34-13-51-43-4 = 0.083,5-34-58-10-46-4 = 0.556,4-28-15-4 = 0.023,4-15-57-4 = 0.333,4-22-57-4 = 0.31,4-17-57-4 = 0.356,4-17-15-28-4 = 0.644,4-20-51-43-4 = 0.111,4-45-20-40-23-8 = 0.444,4-41-50-16-5 = 1.0,4-45-20-11-8 = 0.444,4-45-12-49-37-7 = 0.028,8-27-53-8 = 1.0,4-44-51-43-14-5 = 0.111,4-45-12-9-34-14-5 = 0.083,7-31-52-49-29-7 = 0.324,5-18-9-51-43-4 = 0.028
659,648,734.635,0.0,0.194,0.0,Prune by CG,,4-22-4 = 0.806,5-42-5 = 1.0,7-31-52-29-19-7 = 0.444,7-30-24-26-36-7 = 0.361,7-48-24-30-7 = 0.639,7-21-54-34-14-5 = 0.167,7-21-49-19-37-7 = 0.556,7-48-26-36-7 = 0.361,8-53-27-8 = 1.0,7-52-29-37-7 = 0.278,7-31-21-26-36-7 = 0.278,8-33-23-39-8 = 0.667,8-33-39-8 = 0.333,8-12-44-28-4 = 0.333,8-12-47-11-8 = 0.5,8-40-44-51-43-4 = 0.667,5-35-56-38-5 = 0.333,5-18-54-34-13-5 = 0.167,5-32-55-14-5 = 0.167,5-35-38-5 = 0.667,5-56-55-32-5 = 0.667,5-18-54-13-14-5 = 0.667,5-25-9-46-47-4 = 0.333,5-25-9-46-47-8 = 0.167,5-25-9-10-58-5 = 0.5,5-18-55-32-5 = 0.167,5-34-13-51-43-4 = 0.167,5-34-58-10-46-4 = 0.5,4-28-15-4 = 0.139,4-15-57-4 = 0.333,4-22-57-4 = 0.194,4-17-57-4 = 0.472,4-17-15-28-4 = 0.528,4-20-51-43-4 = 0.167,4-45-20-40-23-8 = 0.333,4-41-50-16-5 = 1.0,4-45-20-11-8 = 0.5,4-45-12-49-37-7 = 0.167,7-31-52-49-29-7 = 0.278
660,648,738.441,0.0,4.0,0.0,Prune by CG,,4-22-4 = 1.0,5-42-5 = 0.667,7-31-52-29-19-7 = 0.333,7-30-24-26-36-7 = 0.333,7-48-24-30-7 = 0.667,7-21-49-19-37-7 = 0.667,7-48-26-36-7 = 0.333,8-53-27-8 = 1.0,7-52-29-37-7 = 0.333,7-31-21-26-36-7 = 0.333,8-33-23-39-8 = 0.333,8-33-39-8 = 0.667,8-12-44-28-4 = 0.333,8-12-47-11-8 = 0.667,8-10-51-43-5 = 0.333,8-40-44-51-43-5 = 0.333,5-41-50-16-5 = 0.667,5-18-54-34-13-5 = 0.667,5-32-55-14-5 = 0.333,5-38-50-16-5 = 0.167,5-38-41-57-4 = 0.167,5-35-38-5 = 0.667,5-56-55-32-5 = 0.667,5-18-54-13-14-5 = 0.333,5-25-9-46-47-4 = 0.333,5-25-9-10-58-5 = 0.333,5-25-9-58-46-4 = 0.333,5-34-58-10-46-4 = 0.333,4-28-15-4 = 0.167,4-15-57-4 = 0.333,4-17-57-4 = 0.5,4-17-15-28-4 = 0.5,4-45-20-40-23-8 = 0.667,4-41-50-16-5 = 0.167,4-45-20-11-8 = 0.333,5-35-56-42-5 = 0.333,4-44-51-43-14-5 = 0.333,7-31-52-49-29-7 = 0.333
481,480,734.433,8.59,0.516,0.071,661,662,4-22-4 = 1.0,5-38-5 = 0.256,5-42-5 = 1.0,7-36-26-7 = 0.256,7-31-52-29-19-8 = 0.41,7-31-52-37-7 = 0.308,7-48-24-30-7 = 1.0,7-21-26-36-7 = 0.744,8-53-27-8 = 1.0,7-52-29-37-7 = 0.282,8-12-46-19-8 = 0.154,7-31-29-19-11-8 = 0.282,8-33-23-39-8 = 0.282,8-33-39-8 = 0.718,8-12-44-15-4 = 0.077,8-12-44-43-4 = 0.282,8-12-44-28-4 = 0.077,8-12-47-11-8 = 0.333,8-10-51-43-4 = 0.282,8-40-44-51-43-4 = 0.282,8-51-46-43-4 = 0.154,5-35-56-21-7 = 0.256,5-18-54-34-13-5 = 0.615,5-32-55-14-5 = 0.256,5-35-38-5 = 0.744,5-54-58-49-37-7 = 0.077,5-56-55-32-5 = 0.744,5-18-54-13-14-5 = 0.026,5-54-34-13-14-5 = 0.282,5-18-25-9-58-14-5 = 0.359,5-25-9-51-44-4 = 0.231,8-49-10-46-47-4 = 0.436,4-28-15-4 = 0.923,4-17-57-4 = 1.0,5-34-58-49-19-11-8 = 0.103,5-25-58-49-37-7 = 0.333,8-9-10-46-47-4 = 0.231,4-9-10-51-44-4 = 0.051,5-25-9-58-13-14-5 = 0.077,4-45-20-40-23-8 = 0.718,4-41-50-16-5 = 1.0,4-12-9-58-49-19-8 = 0.051,4-45-20-11-8 = 0.282,8-12-46-29-7 = 0.026
661,481,734.8,0.0,0.367,0.0,Prune by CG,,4-22-4 = 1.0,8-33-8 = 0.267,8-39-8 = 0.267,5-42-5 = 1.0,7-36-26-7 = 0.033,7-31-52-29-19-8 = 0.167,7-31-52-37-7 = 0.167,7-48-24-30-7 = 1.0,7-21-26-36-7 = 0.4,8-53-27-8 = 1.0,7-52-29-37-7 = 0.667,8-12-46-19-8 = 0.433,7-31-29-19-11-8 = 0.1,7-31-21-26-36-7 = 0.567,8-33-23-39-8 = 0.167,8-33-39-8 = 0.567,8-12-47-11-8 = 0.567,8-10-51-43-4 = 0.3,8-40-44-51-43-4 = 0.167,8-45-20-44-43-4 = 0.133,8-51-46-43-4 = 0.133,5-35-56-21-7 = 0.033,5-18-54-34-13-5 = 0.367,5-32-55-14-5 = 0.033,5-35-38-5 = 0.967,5-56-55-32-5 = 0.967,5-18-54-58-44-4 = 0.033,5-18-54-13-14-5 = 0.2,5-54-34-13-14-5 = 0.333,5-18-25-9-58-14-5 = 0.333,5-25-9-51-44-4 = 0.4,8-49-10-46-47-4 = 0.433,8-49-10-44-43-4 = 0.1,4-28-15-4 = 1.0,4-17-57-4 = 1.0,5-34-58-49-19-11-8 = 0.3,5-25-58-49-37-7 = 0.167,5-25-9-58-13-14-5 = 0.1,4-45-20-40-23-8 = 0.833,4-41-50-16-5 = 1.0,4-45-20-11-8 = 0.033,5-42-38-5 = 0.033,8-9-10-44-43-4 = 0.167,5-18-54-58-29-7 = 0.067
662,481,736.198,0.0,1.765,0.0,Prune by CG,,4-22-4 = 1.0,8-39-8 = 0.042,5-42-5 = 1.0,7-36-26-7 = 0.333,7-31-52-29-19-8 = 0.333,7-31-52-37-7 = 0.333,7-48-24-30-7 = 1.0,7-21-26-36-7 = 0.667,8-53-27-8 = 1.0,7-52-29-37-7 = 0.333,7-31-29-19-11-8 = 0.333,8-33-23-39-8 = 0.417,8-33-39-8 = 0.542,8-33-40-11-8 = 0.042,8-12-44-15-4 = 0.167,8-12-44-43-4 = 0.292,8-12-44-28-4 = 0.167,8-40-44-51-43-4 = 0.375,8-51-46-43-4 = 0.333,5-35-56-21-7 = 0.333,5-18-54-34-13-5 = 0.75,5-32-55-14-5 = 0.333,5-35-38-5 = 0.667,5-56-55-32-5 = 0.667,5-18-54-13-14-5 = 0.083,5-54-34-13-14-5 = 0.042,5-25-58-51-14-5 = 0.25,5-25-9-10-47-4 = 0.333,5-18-25-9-49-19-8 = 0.125,5-18-25-9-58-14-5 = 0.042,8-49-10-46-47-4 = 0.667,4-28-15-4 = 0.833,4-17-57-4 = 1.0,5-34-58-49-19-11-8 = 0.208,4-12-9-58-51-4 = 0.042,5-25-9-58-13-14-5 = 0.125,5-25-54-14-5 = 0.125,4-45-20-40-23-8 = 0.583,4-41-50-16-5 = 1.0,4-45-20-11-8 = 0.417,5-42-38-5 = 0.333,4-12-9-58-37-7 = 0.333
294,291,734.53,6.939,1.272,-0.445,663,664,4-22-4 = 1.0,8-33-8 = 0.273,8-39-8 = 0.273,5-42-5 = 1.0,7-36-26-7 = 0.061,7-31-52-29-19-7 = 0.455,7-21-52-29-7 = 0.061,7-48-24-30-7 = 1.0,7-21-26-36-7 = 0.939,7-31-9-46-43-4 = 0.545,8-40-28-15-4 = 0.212,7-52-29-37-7 = 0.485,8-33-23-39-8 = 0.212,8-33-39-8 = 0.515,8-12-47-11-8 = 1.0,5-18-54-34-13-5 = 0.485,5-35-38-5 = 1.0,5-56-55-32-5 = 1.0,5-18-54-13-14-5 = 0.333,5-54-34-13-14-5 = 0.182,5-25-58-51-14-5 = 0.394,5-18-58-49-19-37-7 = 0.152,5-25-9-46-14-5 = 0.091,5-34-58-10-46-4 = 0.333,8-49-10-51-44-4 = 0.576,4-28-15-4 = 0.788,4-17-57-4 = 1.0,5-25-9-19-37-7 = 0.242,5-25-49-19-37-7 = 0.121,4-45-20-44-43-4 = 0.333,4-51-46-43-4 = 0.03,5-25-58-49-40-23-8 = 0.121,5-18-25-9-49-19-7 = 0.03,4-45-20-40-23-8 = 0.667,4-41-50-16-5 = 1.0,8-27-53-8 = 1.0,4-9-10-44-43-4 = 0.091
663,294,735.891,0.0,1.361,0.0,Prune by CG,,4-22-4 = 1.0,8-39-8 = 0.281,5-42-5 = 1.0,7-36-26-7 = 0.312,7-21-52-29-7 = 0.312,7-48-24-30-7 = 1.0,7-21-26-36-7 = 0.688,7-31-9-46-43-4 = 0.344,8-53-27-8 = 1.0,8-40-28-15-4 = 0.094,7-52-29-37-7 = 0.031,8-33-23-39-8 = 0.094,8-33-39-8 = 0.625,8-12-47-11-8 = 1.0,7-31-52-29-14-5 = 0.656,5-18-54-34-13-5 = 0.312,5-35-38-5 = 1.0,5-56-55-32-5 = 1.0,5-18-54-58-13-5 = 0.344,5-18-54-13-14-5 = 0.313,5-54-34-13-14-5 = 0.031,5-34-58-10-46-4 = 0.469,5-34-58-51-28-4 = 0.094,5-34-58-51-15-4 = 0.094,8-49-10-51-44-4 = 0.531,4-28-15-4 = 0.813,4-17-57-4 = 1.0,5-25-9-19-37-7 = 0.531,5-25-49-19-37-7 = 0.437,4-45-20-44-43-4 = 0.375,4-51-46-43-4 = 0.187,5-18-25-9-49-19-7 = 0.031,4-45-20-40-23-8 = 0.625,4-41-50-16-5 = 1.0,4-9-51-44-43-4 = 0.094,8-33-40-23-8 = 0.281
664,294,734.889,0.0,0.359,0.0,Prune by CG,,4-22-4 = 1.0,8-33-8 = 0.197,8-39-8 = 0.224,5-42-5 = 1.0,7-31-52-29-19-7 = 0.632,7-48-24-30-7 = 1.0,7-21-26-36-7 = 0.737,7-21-49-19-37-7 = 0.263,7-31-9-46-43-4 = 0.368,8-53-27-8 = 1.0,8-40-28-15-4 = 0.237,7-52-29-37-7 = 0.368,8-33-23-39-8 = 0.263,8-33-39-8 = 0.513,8-33-40-11-8 = 0.026,8-12-44-15-4 = 0.013,8-12-44-28-4 = 0.013,8-12-47-11-8 = 0.974,5-18-54-34-13-5 = 0.605,5-35-38-5 = 1.0,5-56-55-32-5 = 1.0,5-18-54-13-14-5 = 0.289,5-25-58-51-14-5 = 0.342,5-25-9-46-47-8 = 0.026,5-18-58-49-19-37-7 = 0.105,5-25-9-46-14-5 = 0.263,5-34-13-51-43-4 = 0.105,5-34-58-10-46-4 = 0.289,8-49-10-51-44-4 = 0.368,4-28-15-4 = 0.75,4-17-57-4 = 1.0,5-25-58-49-37-7 = 0.263,5-9-10-44-43-4 = 0.211,4-45-20-44-43-4 = 0.263,4-51-46-43-4 = 0.053,5-25-54-14-5 = 0.105,4-45-20-40-23-8 = 0.737,4-41-50-16-5 = 1.0,7-26-36-7 = 0.263,8-9-10-51-44-4 = 0.132
336,334,734.611,9.2,1.274,-1.021,665,666,4-22-4 = 0.5,5-42-5 = 1.0,7-31-52-29-19-8 = 0.2,7-21-52-29-7 = 0.2,7-30-24-26-36-7 = 0.3,7-48-24-30-7 = 0.7,7-21-49-19-37-7 = 0.4,7-48-26-36-7 = 0.3,7-52-29-37-7 = 0.2,7-31-21-26-36-7 = 0.4,8-33-23-39-8 = 0.2,8-33-39-8 = 0.8,8-12-44-28-4 = 0.2,8-12-47-11-8 = 0.8,8-40-44-51-43-4 = 0.2,8-45-20-11-8 = 0.2,7-31-52-29-14-5 = 0.2,8-45-20-40-23-8 = 0.8,5-18-54-34-13-5 = 0.4,5-35-38-5 = 1.0,5-56-55-32-5 = 1.0,5-18-54-13-14-5 = 0.6,5-25-9-46-47-8 = 0.2,5-25-9-10-58-5 = 0.4,5-25-9-51-44-4 = 0.4,5-51-46-43-4 = 0.2,5-34-58-46-43-4 = 0.4,5-34-58-10-46-4 = 0.2,4-15-28-4 = 0.1,4-15-57-4 = 0.2,4-22-57-4 = 0.5,4-17-57-4 = 0.3,4-17-15-28-4 = 0.7,4-41-50-16-5 = 1.0,4-10-49-19-37-7 = 0.4,8-27-53-8 = 1.0,4-44-51-43-14-5 = 0.2,7-31-52-49-29-7 = 0.2
665,336,735.571,0.0,0.96,0.0,Prune by CG,,4-22-4 = 0.5,5-42-5 = 1.0,7-31-52-29-19-7 = 0.125,7-21-52-29-7 = 0.125,7-30-24-26-36-7 = 0.313,7-48-24-30-7 = 0.688,7-21-49-19-37-7 = 0.5,7-48-26-36-7 = 0.313,8-53-27-8 = 1.0,7-52-29-37-7 = 0.375,7-31-29-19-11-8 = 0.125,7-31-21-26-36-7 = 0.375,8-33-23-39-8 = 0.125,8-33-39-8 = 0.875,8-12-44-28-4 = 0.25,8-12-47-11-8 = 0.75,8-40-44-51-43-4 = 0.125,8-45-20-11-8 = 0.125,8-45-20-40-23-8 = 0.875,5-18-54-34-13-5 = 0.344,5-35-38-5 = 1.0,5-25-51-43-4 = 0.156,5-56-55-32-5 = 1.0,5-18-54-13-14-5 = 0.594,5-54-34-13-14-5 = 0.063,5-25-9-46-47-8 = 0.25,5-25-9-10-58-5 = 0.406,5-25-9-51-44-4 = 0.187,5-51-46-43-4 = 0.094,5-34-58-46-43-4 = 0.219,5-34-58-10-46-4 = 0.375,4-15-57-4 = 0.25,4-22-57-4 = 0.5,4-17-57-4 = 0.25,4-17-15-28-4 = 0.75,5-18-9-46-43-4 = 0.063,4-9-10-51-44-4 = 0.094,4-41-50-16-5 = 1.0,4-10-49-19-37-7 = 0.125,4-44-51-43-14-5 = 0.344,7-31-52-49-19-7 = 0.125,7-31-52-49-29-7 = 0.25
666,336,735.218,0.0,0.607,0.0,Prune by CG,,4-22-4 = 0.303,5-42-5 = 1.0,7-31-52-29-19-8 = 0.455,7-30-24-26-36-7 = 0.045,7-48-24-30-7 = 0.955,7-21-52-9-58-5 = 0.061,7-21-26-36-7 = 0.848,7-48-26-36-7 = 0.045,8-53-27-8 = 1.0,7-31-21-26-36-7 = 0.061,8-33-23-39-8 = 0.303,8-33-39-8 = 0.697,8-20-51-43-4 = 0.152,8-12-47-11-8 = 0.848,8-40-44-51-43-4 = 0.303,8-45-20-11-8 = 0.152,7-31-52-29-14-5 = 0.485,8-45-20-40-23-8 = 0.697,5-18-54-34-13-5 = 0.455,5-35-38-5 = 1.0,5-25-51-43-4 = 0.061,5-56-55-32-5 = 1.0,5-18-54-13-14-5 = 0.515,5-25-9-46-47-4 = 0.136,5-25-9-10-58-5 = 0.076,5-25-9-51-44-4 = 0.424,5-25-9-58-46-4 = 0.303,5-51-46-43-4 = 0.03,5-34-13-51-43-4 = 0.03,5-34-58-46-43-4 = 0.409,5-34-58-10-46-4 = 0.106,4-28-15-4 = 0.303,4-22-57-4 = 0.697,4-17-57-4 = 0.303,4-17-15-28-4 = 0.697,4-41-50-16-5 = 1.0,4-45-12-49-37-7 = 0.152,4-10-49-19-37-7 = 0.545,4-44-10-49-37-7 = 0.273,5-58-46-47-43-4 = 0.015,7-21-49-29-37-7 = 0.03,5-18-54-58-29-7 = 0.03
126,98,734.299,11.2,2.026,1.2,667,668,4-22-4 = 1.0,8-33-8 = 0.5,8-39-8 = 0.5,5-42-5 = 1.0,7-36-26-7 = 0.2,7-31-52-29-19-8 = 0.2,7-21-52-29-7 = 0.2,7-48-24-30-7 = 1.0,7-31-52-54-5 = 0.2,7-21-26-36-7 = 0.4,8-53-27-8 = 1.0,7-52-29-37-7 = 0.4,7-31-29-19-11-8 = 0.2,7-31-21-26-36-7 = 0.4,8-33-39-8 = 0.5,8-12-44-43-4 = 0.1,8-12-44-28-4 = 0.3,8-12-47-11-8 = 0.6,8-40-44-51-43-4 = 0.2,8-10-49-19-37-7 = 0.6,8-45-20-11-8 = 0.2,5-35-56-14-5 = 0.4,5-18-54-34-13-5 = 0.8,5-32-55-14-5 = 0.4,5-38-50-16-5 = 0.2,5-38-41-57-4 = 0.2,5-35-38-5 = 0.6,5-25-58-51-47-4 = 0.1,5-56-55-32-5 = 0.6,5-18-25-9-58-14-5 = 0.2,5-25-9-58-46-4 = 0.6,5-34-13-51-43-4 = 0.2,8-49-10-46-47-8 = 0.1,8-49-51-44-43-4 = 0.1,4-15-28-4 = 0.2,4-15-57-4 = 0.3,4-17-57-4 = 0.5,4-17-15-28-4 = 0.5,4-51-46-43-4 = 0.3,4-45-20-40-23-8 = 0.8,4-41-50-16-5 = 0.8,4-25-9-10-58-5 = 0.1,4-44-10-49-47-23-8 = 0.2,8-9-51-44-43-4 = 0.1
668,126,737.534,0.0,3.235,0.0,Prune by CG,,4-22-4 = 1.0,8-33-8 = 0.431,8-39-8 = 0.431,5-42-5 = 1.0,7-31-52-29-19-8 = 0.5,7-48-24-30-7 = 1.0,7-21-26-36-7 = 0.5,8-53-27-8 = 1.0,7-52-29-37-7 = 0.5,7-31-21-26-36-7 = 0.5,8-33-39-8 = 0.569,8-12-44-11-8 = 0.278,8-12-47-11-8 = 0.639,8-12-9-51-47-4 = 0.083,8-10-49-19-37-7 = 0.458,8-45-20-44-43-5 = 0.083,8-51-46-43-4 = 0.444,5-41-50-16-5 = 0.014,5-35-56-14-5 = 0.5,5-18-54-34-13-5 = 1.0,5-32-55-14-5 = 0.5,5-38-50-16-5 = 0.25,5-38-41-57-4 = 0.25,5-35-38-5 = 0.5,5-25-58-51-47-4 = 0.083,5-56-55-32-5 = 0.5,5-25-9-58-46-4 = 0.528,5-25-9-58-51-4 = 0.389,8-49-10-46-47-8 = 0.028,4-28-15-4 = 0.75,4-17-57-4 = 0.75,4-17-15-28-4 = 0.25,4-45-20-40-23-8 = 0.917,4-41-50-16-5 = 0.736,4-44-43-19-37-7 = 0.042,4-44-10-49-47-23-8 = 0.083,8-49-10-44-43-5 = 0.431,8-40-44-47-11-8 = 0.083
667,126,734.345,11.0,0.046,-0.2,669,670,4-22-4 = 1.0,8-33-8 = 0.25,8-39-8 = 0.25,5-42-5 = 1.0,7-36-26-7 = 0.5,7-31-52-37-7 = 0.5,7-21-52-29-7 = 0.5,7-48-24-30-7 = 1.0,7-21-26-36-7 = 0.5,8-53-27-8 = 1.0,7-31-29-19-11-8 = 0.5,8-33-39-8 = 0.75,8-12-44-43-4 = 0.25,8-12-44-28-4 = 0.25,8-12-47-11-8 = 0.5,8-10-49-19-37-7 = 0.5,5-35-56-14-5 = 0.5,5-18-54-34-13-5 = 1.0,5-32-55-14-5 = 0.5,5-38-50-16-5 = 0.25,5-38-41-57-4 = 0.25,5-35-38-5 = 0.5,5-25-58-51-47-4 = 0.25,5-56-55-32-5 = 0.5,5-25-9-58-46-4 = 0.5,8-49-10-46-47-8 = 0.25,8-49-51-44-43-4 = 0.25,4-28-15-4 = 0.25,4-15-57-4 = 0.25,4-17-57-4 = 0.5,4-17-15-28-4 = 0.5,4-51-46-43-4 = 0.25,4-45-20-40-23-8 = 1.0,4-41-50-16-5 = 0.75,4-25-9-10-58-5 = 0.25,8-9-51-44-43-4 = 0.25
669,667,734.66,0.0,0.315,0.0,Prune by CG,,4-22-4 = 1.0,8-33-8 = 0.222,8-39-8 = 0.222,5-42-5 = 1.0,7-31-52-29-19-8 = 0.222,7-48-24-30-7 = 1.0,7-21-26-36-7 = 0.778,8-53-27-8 = 1.0,7-52-29-37-7 = 0.222,7-31-21-26-36-7 = 0.222,8-33-39-8 = 0.778,8-12-44-43-4 = 0.222,8-12-47-11-8 = 0.778,8-40-44-51-43-4 = 0.222,8-10-49-19-37-7 = 0.778,8-45-20-11-8 = 0.222,7-31-52-29-14-5 = 0.333,5-35-56-14-5 = 0.333,5-18-54-34-13-5 = 1.0,5-32-55-14-5 = 0.333,5-38-50-16-5 = 0.167,5-38-41-57-4 = 0.167,5-35-38-5 = 0.667,5-56-55-32-5 = 0.667,5-25-9-58-46-4 = 0.778,5-25-9-58-51-4 = 0.222,8-49-10-46-47-8 = 0.222,4-28-15-4 = 0.833,4-17-57-4 = 0.833,4-17-15-28-4 = 0.167,4-44-51-43-4 = 0.556,4-45-20-40-23-8 = 0.778,4-41-50-16-5 = 0.833,7-31-52-29-23-8 = 0.222
670,667,735.538,0.0,1.194,0.0,Prune by CG,,4-22-4 = 1.0,8-33-8 = 0.167,8-39-8 = 0.167,5-42-5 = 1.0,7-36-26-7 = 0.633,7-21-52-29-7 = 0.467,7-48-24-30-7 = 1.0,7-21-54-14-5 = 0.167,7-31-52-54-5 = 0.2,7-31-25-9-58-44-4 = 0.067,7-31-9-46-43-4 = 0.033,8-53-27-8 = 1.0,7-52-29-37-7 = 0.2,7-31-29-19-11-8 = 0.2,7-31-21-26-36-7 = 0.367,8-33-39-8 = 0.833,8-12-44-28-4 = 0.2,8-12-47-11-8 = 0.8,8-10-49-19-37-7 = 0.8,7-31-52-29-14-5 = 0.133,8-51-46-43-4 = 0.2,5-41-50-16-5 = 0.1,5-18-54-34-13-5 = 0.233,5-35-38-5 = 1.0,5-56-55-32-5 = 1.0,5-18-54-14-5 = 0.4,5-18-25-58-44-4 = 0.067,5-18-25-9-58-14-5 = 0.3,5-25-9-58-46-4 = 0.567,5-34-13-51-43-4 = 0.767,8-49-10-46-47-8 = 0.2,4-15-57-4 = 0.167,4-17-57-4 = 0.833,4-17-15-28-4 = 0.167,4-45-20-40-23-8 = 1.0,4-41-50-16-5 = 0.9,4-44-28-15-4 = 0.633,4-9-51-44-15-4 = 0.033
644,254,734.456,8.8,0.037,0.112,671,672,4-22-4 = 1.0,8-33-8 = 0.25,8-39-8 = 0.25,5-42-5 = 1.0,7-31-52-29-19-7 = 0.35,7-48-24-30-7 = 1.0,7-21-26-36-7 = 0.4,7-21-49-19-37-7 = 0.3,7-31-49-10-51-4 = 0.05,8-53-27-8 = 1.0,7-52-29-37-7 = 0.35,7-31-21-26-36-7 = 0.3,8-33-23-39-8 = 0.45,8-33-39-8 = 0.3,8-12-44-43-4 = 0.1,8-12-47-11-8 = 0.55,8-40-44-51-43-4 = 0.45,8-45-20-44-43-4 = 0.15,7-31-52-29-14-5 = 0.3,5-18-54-34-13-5 = 0.5,5-35-38-5 = 1.0,5-56-55-32-5 = 1.0,5-18-54-13-14-5 = 0.5,5-25-9-10-47-4 = 0.3,5-25-9-46-14-5 = 0.2,5-25-9-58-46-4 = 0.15,5-34-58-10-46-4 = 0.5,8-49-51-44-43-4 = 0.3,4-28-15-4 = 1.0,4-17-57-4 = 1.0,5-25-49-19-37-7 = 0.35,4-12-9-58-51-4 = 0.2,4-45-20-40-23-8 = 0.55,4-41-50-16-5 = 1.0,7-26-36-7 = 0.3,4-12-47-11-8 = 0.15,4-45-20-11-8 = 0.3,4-9-58-10-46-4 = 0.15
671,644,735.201,0.0,0.745,0.0,Prune by CG,,4-22-4 = 1.0,5-42-5 = 1.0,7-31-52-29-19-7 = 0.5,7-48-24-30-7 = 1.0,7-21-26-36-7 = 1.0,7-31-49-10-51-4 = 0.5,8-53-27-8 = 1.0,7-52-29-37-7 = 0.5,8-33-23-39-8 = 0.5,8-33-39-8 = 0.5,8-12-47-11-8 = 0.5,8-40-44-51-43-4 = 0.5,8-45-20-44-43-4 = 0.5,5-35-56-14-5 = 0.5,5-18-54-34-13-5 = 1.0,5-32-55-14-5 = 0.5,5-35-38-5 = 0.5,5-56-55-32-5 = 0.5,5-25-9-58-46-4 = 0.5,4-15-28-4 = 1.0,4-17-57-4 = 1.0,5-25-49-19-37-7 = 0.5,4-45-20-40-23-8 = 0.5,4-41-50-16-5 = 1.0,4-12-47-11-8 = 0.5,4-9-58-10-46-4 = 0.5,5-42-38-5 = 0.5
672,644,735.071,0.0,0.614,0.0,Prune by CG,,4-22-4 = 1.0,8-33-8 = 0.5,8-39-8 = 0.5,5-42-5 = 1.0,7-36-26-7 = 0.5,7-31-52-29-19-7 = 0.5,7-48-24-30-7 = 1.0,7-21-49-19-37-7 = 0.5,8-53-27-8 = 1.0,7-52-29-37-7 = 0.5,7-31-21-26-36-7 = 0.5,8-33-23-39-8 = 0.5,8-12-47-11-8 = 0.5,8-40-44-51-43-4 = 0.5,5-18-54-34-13-5 = 0.5,5-35-38-5 = 1.0,5-56-55-32-5 = 1.0,5-18-54-13-14-5 = 0.5,5-25-58-10-49-4 = 0.5,5-25-9-46-14-5 = 0.5,5-34-58-10-46-4 = 0.5,4-15-57-4 = 0.5,4-17-57-4 = 0.5,4-17-15-28-4 = 0.5,4-45-20-28-4 = 0.5,4-45-20-40-23-8 = 0.5,4-41-50-16-5 = 1.0,4-12-47-11-8 = 0.5,8-9-51-44-43-4 = 0.5
131,57,735.697,3.0,3.617,-7.489,Prune by UB,,4-22-4 = 0.5,5-42-5 = 1.0,7-31-52-29-19-8 = 1.0,7-48-24-30-7 = 1.0,7-21-26-36-7 = 1.0,8-53-27-8 = 1.0,8-33-23-39-8 = 1.0,8-12-47-11-8 = 1.0,8-40-44-51-43-4 = 1.0,5-35-38-5 = 1.0,5-56-55-32-5 = 1.0,5-18-54-13-14-5 = 1.0,5-34-58-10-46-5 = 1.0,4-15-57-4 = 0.5,4-17-57-4 = 0.5,4-17-15-28-4 = 0.5,4-45-20-28-4 = 0.5,5-25-9-49-37-7 = 1.0,4-41-50-16-5 = 1.0,4-45-20-22-4 = 0.5
521,270,734.478,6.467,0.135,0.028,673,674,4-22-4 = 0.333,5-42-5 = 1.0,7-31-52-29-19-8 = 0.267,7-48-24-30-7 = 1.0,7-21-26-36-7 = 0.733,8-53-27-8 = 1.0,7-52-29-37-7 = 0.267,7-31-21-26-36-7 = 0.267,8-33-23-39-8 = 0.133,8-33-39-8 = 0.867,8-12-47-11-8 = 1.0,8-40-44-51-43-4 = 0.133,7-31-52-29-14-5 = 0.467,8-25-9-58-15-4 = 0.067,5-18-54-34-13-5 = 0.467,5-35-38-5 = 1.0,5-25-58-46-4 = 0.067,5-56-55-32-5 = 1.0,5-18-54-13-14-5 = 0.533,5-34-58-46-43-4 = 0.533,5-25-58-49-46-4 = 0.267,4-15-57-4 = 0.133,4-22-57-4 = 0.667,4-17-57-4 = 0.2,4-17-15-28-4 = 0.8,5-25-49-19-37-7 = 0.6,4-45-20-28-4 = 0.133,4-51-46-43-4 = 0.133,4-45-20-40-23-8 = 0.867,4-41-50-16-5 = 1.0,4-10-49-19-37-7 = 0.133,8-9-58-51-28-4 = 0.067,8-9-10-51-44-4 = 0.667,8-9-10-44-43-4 = 0.2
673,521,735.791,0.0,1.313,0.0,Prune by CG,,4-22-4 = 0.3,8-39-8 = 0.1,5-42-5 = 1.0,7-31-52-29-19-8 = 0.2,7-21-52-29-7 = 0.2,7-30-24-26-36-7 = 0.1,7-48-24-30-7 = 0.9,7-21-26-36-7 = 0.4,7-48-26-36-7 = 0.1,8-53-27-8 = 1.0,7-52-29-37-7 = 0.2,8-12-46-13-5 = 0.1,7-31-21-26-36-7 = 0.4,8-33-23-39-8 = 0.1,8-33-39-8 = 0.8,8-33-40-11-8 = 0.1,8-12-47-11-8 = 0.9,7-31-52-29-14-5 = 0.4,8-25-9-51-44-4 = 0.1,5-18-54-34-13-5 = 0.3,5-35-38-5 = 1.0,5-56-55-32-5 = 1.0,5-18-54-13-14-5 = 0.6,5-18-25-54-5 = 0.1,5-34-58-46-43-4 = 0.7,4-28-15-4 = 0.1,4-15-57-4 = 0.1,4-22-57-4 = 0.7,4-17-57-4 = 0.2,4-17-15-28-4 = 0.8,5-25-58-47-43-4 = 0.1,7-49-58-46-43-4 = 0.2,5-25-49-19-37-7 = 0.7,4-45-20-28-4 = 0.1,4-45-20-40-23-8 = 0.9,4-41-50-16-5 = 1.0,4-10-49-19-37-7 = 0.1,8-9-10-51-44-4 = 0.9
674,521,735.07,0.0,0.592,0.0,Prune by CG,,4-22-4 = 0.634,5-42-5 = 1.0,7-31-52-29-19-8 = 0.5,7-48-24-30-7 = 1.0,7-21-26-36-7 = 0.5,8-53-27-8 = 1.0,7-52-29-37-7 = 0.5,7-31-21-26-36-7 = 0.5,8-33-23-39-8 = 0.256,8-33-39-8 = 0.744,8-12-47-11-8 = 0.988,8-12-9-58-51-4 = 0.012,8-40-44-51-43-4 = 0.256,8-25-9-58-15-4 = 0.085,5-35-56-38-5 = 0.915,5-18-54-34-13-5 = 0.915,5-32-55-14-5 = 0.915,5-35-38-5 = 0.085,5-25-51-43-4 = 0.012,5-25-58-46-4 = 0.146,5-25-58-51-47-4 = 0.012,5-56-55-32-5 = 0.085,5-18-54-13-14-5 = 0.085,5-34-58-46-15-4 = 0.085,5-25-58-49-46-4 = 0.5,4-15-57-4 = 0.232,4-22-57-4 = 0.366,4-17-57-4 = 0.402,4-17-15-28-4 = 0.598,5-25-49-19-37-7 = 0.244,4-45-20-28-4 = 0.244,4-51-46-43-4 = 0.268,4-45-20-40-23-8 = 0.744,4-41-50-16-5 = 1.0,4-45-20-11-8 = 0.012,4-10-49-19-37-7 = 0.256,8-9-58-51-28-4 = 0.159,8-9-10-51-44-4 = 0.28,8-9-10-44-43-4 = 0.463
80,77,734.437,7.097,2.729,0.304,675,676,4-22-4 = 0.597,5-42-5 = 1.0,7-31-52-29-19-8 = 0.226,7-48-24-30-7 = 1.0,7-21-26-36-7 = 0.226,8-53-27-8 = 1.0,8-40-28-15-4 = 0.742,7-52-29-37-7 = 0.774,7-31-21-26-36-7 = 0.774,8-33-23-39-8 = 0.871,8-33-40-11-8 = 0.129,8-12-44-15-4 = 0.032,8-40-23-39-8 = 0.129,8-12-47-11-8 = 0.871,5-35-56-38-5 = 0.161,5-18-54-34-13-5 = 0.581,5-32-55-14-5 = 0.161,5-35-38-5 = 0.839,5-56-55-32-5 = 0.839,5-18-54-13-14-5 = 0.194,5-54-34-13-14-5 = 0.226,5-18-58-49-19-37-7 = 0.226,5-25-9-51-44-4 = 0.355,5-34-10-46-47-4 = 0.129,5-34-58-10-49-19-8 = 0.065,5-25-58-49-46-4 = 0.226,4-15-57-4 = 0.081,4-17-57-4 = 0.919,4-17-15-28-4 = 0.081,4-45-20-28-4 = 0.177,4-45-20-44-43-4 = 0.355,4-51-46-43-4 = 0.645,4-44-58-10-49-19-8 = 0.258,4-41-50-16-5 = 1.0,4-12-9-58-49-19-8 = 0.097,4-9-58-10-49-19-8 = 0.129,4-45-20-15-4 = 0.065,4-45-20-22-4 = 0.403,5-25-9-10-14-5 = 0.419
675,80,734.863,0.0,0.426,0.0,Prune by CG,,4-22-4 = 0.75,5-42-5 = 1.0,7-48-24-30-7 = 1.0,7-21-26-36-7 = 0.5,8-53-27-8 = 0.5,8-53-27-40-23-8 = 0.5,8-40-28-15-4 = 0.5,7-52-29-37-7 = 0.5,7-31-21-26-36-7 = 0.5,8-33-23-39-8 = 0.5,8-33-39-8 = 0.5,8-12-47-11-8 = 1.0,7-31-52-29-14-5 = 0.5,5-18-54-34-13-5 = 0.5,5-35-38-5 = 1.0,5-56-55-32-5 = 1.0,5-18-54-13-14-5 = 0.5,5-25-9-51-44-4 = 0.5,5-34-58-10-49-19-8 = 0.5,5-25-58-49-46-4 = 0.5,4-15-57-4 = 0.25,4-17-57-4 = 0.75,4-17-15-28-4 = 0.25,4-45-20-28-4 = 0.25,4-45-20-44-43-4 = 0.5,4-51-46-43-4 = 0.5,4-41-50-16-5 = 1.0,4-9-10-19-37-7 = 0.5,4-45-20-22-4 = 0.25
676,80,735.39,0.0,0.954,0.0,Prune by CG,,4-22-4 = 0.66,5-42-5 = 1.0,7-31-52-29-19-7 = 0.144,7-48-24-30-7 = 1.0,7-21-26-36-7 = 0.227,7-31-25-58-49-19-7 = 0.083,8-53-27-8 = 1.0,8-40-28-15-4 = 0.607,7-52-29-37-7 = 0.856,7-31-21-26-36-7 = 0.773,8-33-23-39-8 = 0.804,8-33-40-11-8 = 0.196,8-12-44-15-4 = 0.003,8-40-23-39-8 = 0.196,8-12-47-11-8 = 0.804,5-35-56-14-5 = 0.398,5-18-54-34-13-5 = 1.0,5-32-55-14-5 = 0.398,5-38-50-16-5 = 0.199,5-38-41-57-4 = 0.199,5-35-38-5 = 0.602,5-56-55-32-5 = 0.602,5-25-9-10-47-4 = 0.196,5-25-9-51-44-4 = 0.275,4-17-57-4 = 0.801,4-17-15-28-4 = 0.199,7-49-10-58-46-4 = 0.164,5-25-9-19-37-7 = 0.131,4-45-20-28-4 = 0.194,4-45-20-44-43-4 = 0.275,4-51-46-43-4 = 0.725,4-44-58-10-49-19-8 = 0.436,4-41-50-16-5 = 0.801,4-12-9-58-49-19-8 = 0.174,4-44-58-49-19-37-7 = 0.013,4-12-9-58-49-19-7 = 0.02,4-45-20-15-4 = 0.191,4-45-20-22-4 = 0.34,4-25-58-49-46-4 = 0.111,5-25-9-10-14-5 = 0.204
309,293,734.511,7.5,1.164,-0.167,677,678,4-22-4 = 1.0,8-33-8 = 0.01,5-38-5 = 0.13,8-39-8 = 0.25,5-42-5 = 1.0,7-21-55-14-5 = 0.06,7-36-26-7 = 0.12,7-31-52-29-19-7 = 0.36,7-31-52-37-7 = 0.12,7-21-32-14-5 = 0.06,7-48-24-30-7 = 1.0,7-21-26-36-7 = 0.88,7-31-9-46-43-4 = 0.12,8-53-27-8 = 1.0,7-52-29-37-7 = 0.24,8-33-23-39-8 = 0.24,8-33-39-8 = 0.51,8-33-40-11-8 = 0.24,8-12-44-15-4 = 0.12,8-12-44-28-4 = 0.12,8-12-47-11-8 = 0.76,7-31-29-19-37-7 = 0.12,7-31-52-29-14-5 = 0.28,5-35-56-14-5 = 0.13,5-18-54-34-13-5 = 0.6,5-32-55-14-5 = 0.07,5-35-38-5 = 0.87,5-25-51-43-4 = 0.04,5-56-55-32-5 = 0.87,5-54-34-13-14-5 = 0.4,5-25-58-10-49-4 = 0.6,5-18-58-49-19-37-7 = 0.4,5-25-9-51-44-4 = 0.28,5-25-9-44-43-4 = 0.08,4-15-28-4 = 0.88,4-17-57-4 = 1.0,4-45-20-44-43-4 = 0.24,4-51-46-43-4 = 0.52,8-9-46-19-37-7 = 0.12,8-9-10-46-47-4 = 0.24,4-45-20-40-23-8 = 0.76,4-41-50-16-5 = 1.0,8-9-10-51-44-4 = 0.16
677,309,735.761,0.0,1.25,0.0,Prune by CG,,4-22-4 = 1.0,8-33-8 = 0.048,8-39-8 = 0.333,5-42-5 = 1.0,7-21-55-14-5 = 0.048,7-36-26-7 = 0.095,7-31-52-29-19-7 = 0.333,7-31-52-37-7 = 0.095,7-21-32-14-5 = 0.048,7-48-24-30-7 = 1.0,7-21-26-36-7 = 0.905,7-31-9-46-43-4 = 0.143,8-53-27-8 = 1.0,7-52-29-37-7 = 0.238,8-33-23-39-8 = 0.286,8-33-39-8 = 0.381,8-33-40-11-8 = 0.286,8-12-47-11-8 = 0.714,7-31-29-19-37-7 = 0.095,7-31-52-29-14-5 = 0.333,8-45-20-40-23-8 = 0.571,5-35-56-14-5 = 0.095,5-18-54-34-13-5 = 0.571,5-32-55-14-5 = 0.048,5-35-38-5 = 0.905,5-25-51-43-4 = 0.143,5-56-55-32-5 = 0.905,5-54-34-13-14-5 = 0.429,5-25-58-10-49-4 = 0.571,5-25-9-46-47-4 = 0.286,5-18-58-49-19-37-7 = 0.429,4-28-15-4 = 0.857,4-17-57-4 = 1.0,4-12-44-28-4 = 0.143,4-12-44-15-4 = 0.143,4-45-20-44-43-4 = 0.286,4-51-46-43-4 = 0.429,8-9-46-19-37-7 = 0.143,4-9-10-51-44-4 = 0.429,4-45-20-40-23-8 = 0.143,4-41-50-16-5 = 1.0,5-42-38-5 = 0.095
374,328,734.4,8.0,0.831,0.625,679,680,4-22-4 = 0.615,5-42-5 = 1.0,7-31-52-29-19-8 = 0.577,7-48-24-30-7 = 1.0,7-21-26-36-7 = 0.577,8-53-27-8 = 1.0,7-52-29-37-7 = 0.423,7-31-21-26-36-7 = 0.423,8-33-23-39-8 = 0.923,8-45-20-28-4 = 0.577,8-33-40-11-8 = 0.077,8-40-23-39-8 = 0.077,8-12-47-11-8 = 0.346,8-40-44-51-43-4 = 0.846,8-45-20-44-43-4 = 0.038,8-45-20-22-4 = 0.385,5-18-54-34-13-5 = 0.692,5-35-38-5 = 1.0,5-54-58-49-37-7 = 0.154,5-25-58-10-49-8 = 0.538,5-56-55-32-5 = 1.0,5-54-34-13-14-5 = 0.154,5-25-9-46-47-8 = 0.077,5-18-58-49-19-37-7 = 0.308,5-25-9-46-14-5 = 0.385,5-34-13-51-15-4 = 0.154,4-15-57-4 = 0.423,4-17-57-4 = 0.577,4-17-15-28-4 = 0.423,4-41-50-16-5 = 1.0,4-12-47-11-8 = 0.577,4-44-43-19-37-7 = 0.115,5-9-10-46-14-5 = 0.231,4-9-10-46-14-5 = 0.231,4-12-9-46-8 = 0.077
679,374,734.613,0.0,0.213,0.0,Prune by CG,,4-22-4 = 0.688,5-42-5 = 1.0,7-31-52-29-19-8 = 0.5,7-48-24-30-7 = 1.0,7-21-26-36-7 = 0.5,8-53-27-8 = 0.875,8-53-27-40-23-8 = 0.125,7-52-29-37-7 = 0.5,7-31-21-26-36-7 = 0.5,8-33-23-39-8 = 0.875,8-33-39-8 = 0.125,8-45-20-28-4 = 0.562,8-12-47-11-8 = 0.25,8-40-44-51-43-4 = 0.875,8-45-20-15-4 = 0.125,8-45-20-22-4 = 0.312,5-18-54-34-13-5 = 0.75,5-35-38-5 = 1.0,5-54-58-49-37-7 = 0.125,5-25-58-10-49-8 = 0.5,5-56-55-32-5 = 1.0,5-54-34-13-14-5 = 0.125,5-18-58-49-19-37-7 = 0.25,5-25-9-46-14-5 = 0.5,5-34-58-10-49-19-8 = 0.125,4-15-57-4 = 0.438,4-17-57-4 = 0.562,4-17-15-28-4 = 0.438,4-41-50-16-5 = 1.0,4-12-47-11-8 = 0.75,4-44-43-19-37-7 = 0.125,5-9-10-46-14-5 = 0.375,5-9-51-46-13-5 = 0.125
680,374,736.151,0.0,1.75,0.0,Prune by CG,,4-22-4 = 0.677,5-42-5 = 0.942,7-31-52-29-19-8 = 0.442,7-48-24-30-7 = 1.0,7-21-26-36-7 = 0.442,8-53-27-8 = 1.0,7-52-29-37-7 = 0.558,7-31-21-26-36-7 = 0.558,8-33-23-39-8 = 0.837,8-45-20-28-4 = 0.422,8-33-40-11-8 = 0.163,8-12-44-15-4 = 0.047,8-12-44-28-4 = 0.151,8-40-23-39-8 = 0.163,8-12-47-11-8 = 0.593,8-40-44-51-43-4 = 0.547,8-45-20-44-43-4 = 0.128,8-45-20-22-4 = 0.323,8-45-44-51-15-4 = 0.128,5-18-54-34-13-5 = 0.442,5-32-55-14-5 = 0.058,5-38-50-16-5 = 0.029,5-38-41-57-4 = 0.029,5-35-38-5 = 0.942,5-25-51-43-4 = 0.326,5-25-58-10-49-8 = 0.442,5-56-55-32-5 = 0.942,5-18-54-13-14-5 = 0.116,5-54-34-13-14-5 = 0.442,5-18-58-49-19-37-7 = 0.442,4-15-57-4 = 0.398,4-17-57-4 = 0.573,4-17-15-28-4 = 0.427,5-34-58-49-19-11-8 = 0.116,4-20-40-11-8 = 0.128,4-41-50-16-5 = 0.971,4-25-9-46-47-8 = 0.233,4-9-10-46-47-8 = 0.174,5-35-56-42-5 = 0.058,4-9-10-46-14-5 = 0.384,4-12-9-46-8 = 0.209
586,370,734.55,7.125,0.15,-0.396,681,682,4-22-4 = 1.0,8-33-8 = 0.188,8-39-8 = 0.312,5-42-5 = 1.0,7-36-26-7 = 0.125,7-31-52-29-19-7 = 0.125,7-31-52-29-19-8 = 0.312,7-31-52-37-7 = 0.438,7-48-24-30-7 = 1.0,7-21-54-34-14-5 = 0.125,7-21-26-36-7 = 0.875,8-33-23-39-8 = 0.25,8-33-39-8 = 0.438,8-33-40-11-8 = 0.125,8-12-47-11-8 = 0.875,8-12-9-10-49-8 = 0.125,8-40-44-51-43-4 = 0.125,8-10-49-19-37-7 = 0.125,7-31-52-29-14-5 = 0.125,8-45-20-40-23-8 = 0.062,5-41-50-16-5 = 0.312,5-18-54-34-13-5 = 0.312,5-35-38-5 = 1.0,5-25-51-43-4 = 0.25,5-56-55-32-5 = 1.0,5-18-54-58-13-5 = 0.562,5-25-9-46-47-4 = 0.125,5-25-9-51-44-4 = 0.5,5-25-9-44-43-4 = 0.125,5-34-13-51-43-4 = 0.125,4-28-15-4 = 1.0,4-17-57-4 = 1.0,5-34-58-29-19-37-7 = 0.438,5-18-9-46-43-4 = 0.125,4-45-20-44-43-4 = 0.25,4-45-20-40-23-8 = 0.688,4-41-50-16-5 = 0.688,8-49-10-46-14-5 = 0.75,8-27-53-8 = 1.0
681,586,737.269,0.0,2.719,0.0,Prune by CG,,4-22-4 = 1.0,8-39-8 = 0.333,5-42-5 = 1.0,7-36-26-7 = 0.667,7-31-52-29-19-8 = 0.333,7-31-52-37-7 = 0.333,7-21-52-29-7 = 0.333,7-48-24-30-7 = 1.0,7-21-54-14-5 = 0.333,8-53-27-8 = 1.0,7-31-21-26-36-7 = 0.333,8-33-23-39-8 = 0.333,8-33-39-8 = 0.333,8-33-40-11-8 = 0.333,8-12-51-44-4 = 0.333,8-12-47-11-8 = 0.667,8-10-49-19-37-7 = 0.333,5-18-54-34-13-5 = 0.333,5-35-38-5 = 1.0,5-56-55-32-5 = 1.0,5-18-54-58-13-5 = 0.333,5-18-25-9-43-4 = 0.333,5-25-9-44-43-4 = 0.667,5-34-13-51-15-4 = 0.333,5-58-51-46-47-8 = 0.333,4-28-15-4 = 0.667,4-17-57-4 = 1.0,5-34-58-29-19-37-7 = 0.333,4-45-20-28-4 = 0.333,4-45-20-40-23-8 = 0.667,4-41-50-16-5 = 1.0,8-49-10-46-14-5 = 0.667
682,586,734.646,0.0,0.096,0.0,Prune by CG,,4-22-4 = 1.0,8-33-8 = 0.236,8-39-8 = 0.417,5-42-5 = 1.0,7-31-52-29-19-8 = 0.417,7-31-52-37-7 = 0.417,7-48-24-30-7 = 1.0,7-31-52-58-14-5 = 0.125,7-21-26-36-7 = 1.0,8-53-27-8 = 1.0,8-33-23-39-8 = 0.389,8-33-39-8 = 0.194,8-33-40-11-8 = 0.181,8-12-47-11-8 = 0.819,8-12-9-10-49-8 = 0.181,8-40-44-51-43-4 = 0.208,7-31-52-29-14-5 = 0.042,5-41-50-16-5 = 0.458,5-18-54-34-13-5 = 0.667,5-35-38-5 = 1.0,5-25-51-43-4 = 0.389,5-56-55-32-5 = 1.0,5-18-54-58-13-5 = 0.333,5-25-9-46-47-4 = 0.181,5-25-9-51-44-4 = 0.389,4-15-28-4 = 1.0,4-17-57-4 = 1.0,5-34-58-29-19-37-7 = 0.333,5-25-9-19-37-7 = 0.042,4-45-20-44-43-4 = 0.389,4-45-20-40-23-8 = 0.611,4-41-50-16-5 = 0.542,8-49-10-46-14-5 = 0.819,4-44-51-43-14-5 = 0.014,5-9-58-29-19-37-7 = 0.208
322,319,734.248,7.5,0.721,1.5,683,684,4-22-4 = 0.25,5-42-5 = 1.0,7-31-52-29-19-8 = 0.5,7-48-24-30-7 = 1.0,7-21-26-36-7 = 0.5,8-53-27-8 = 1.0,7-52-29-37-7 = 0.5,7-31-21-26-36-7 = 0.5,8-33-39-8 = 1.0,8-12-47-11-8 = 1.0,8-45-20-40-23-8 = 0.5,5-41-50-16-5 = 0.25,5-18-54-34-13-5 = 0.75,5-35-38-5 = 1.0,5-56-55-32-5 = 1.0,5-18-54-13-14-5 = 0.25,5-25-9-51-44-4 = 0.5,5-34-58-46-43-4 = 0.25,5-58-51-44-43-4 = 0.5,4-28-15-4 = 0.25,4-22-57-4 = 0.75,4-17-57-4 = 0.25,4-17-15-28-4 = 0.75,5-25-9-19-37-7 = 0.5,4-45-20-40-23-8 = 0.5,4-41-50-16-5 = 0.75,8-49-10-46-14-5 = 0.75,8-49-10-58-43-5 = 0.25
683,322,734.618,0.0,0.37,0.0,Prune by CG,,4-22-4 = 0.312,5-42-5 = 1.0,7-31-52-29-19-8 = 0.43,7-48-24-30-7 = 1.0,7-21-26-36-7 = 0.43,8-53-27-8 = 0.978,7-52-29-37-7 = 0.57,7-31-21-26-36-7 = 0.57,8-33-23-39-8 = 0.022,8-33-39-8 = 0.957,8-33-40-11-8 = 0.022,8-53-39-8 = 0.022,8-12-47-11-8 = 0.957,8-45-20-11-8 = 0.022,8-45-20-40-23-8 = 0.548,5-41-50-16-5 = 0.065,5-18-54-34-13-5 = 0.688,5-35-38-5 = 1.0,5-54-9-58-43-4 = 0.065,5-56-55-32-5 = 1.0,5-18-54-13-14-5 = 0.172,5-54-34-13-14-5 = 0.011,5-25-9-10-47-4 = 0.043,5-25-9-51-44-4 = 0.323,5-34-58-46-43-4 = 0.204,5-34-58-10-43-4 = 0.097,5-58-51-44-43-4 = 0.634,4-28-15-4 = 0.226,4-15-57-4 = 0.043,4-22-57-4 = 0.688,4-17-57-4 = 0.269,4-17-15-28-4 = 0.731,4-12-44-28-4 = 0.043,5-25-9-19-37-7 = 0.43,5-25-54-13-5 = 0.065,4-45-20-40-23-8 = 0.43,4-41-50-16-5 = 0.935,8-49-10-46-14-5 = 0.796,5-18-25-9-49-19-5 = 0.14,8-49-10-51-13-5 = 0.043,8-27-49-10-13-14-5 = 0.022
684,322,736.623,0.0,2.375,0.0,Prune by CG,,4-22-4 = 0.417,5-42-5 = 0.894,7-31-52-29-19-8 = 0.5,7-30-24-26-36-7 = 0.008,7-48-21-26-7 = 0.008,7-48-24-30-7 = 0.992,7-21-26-36-7 = 0.5,7-31-58-51-43-4 = 0.015,8-53-27-8 = 0.947,7-52-29-37-7 = 0.5,7-31-21-26-36-7 = 0.485,8-33-23-39-8 = 0.053,8-33-39-8 = 0.894,8-33-40-11-8 = 0.053,8-53-39-8 = 0.053,8-12-47-11-8 = 0.894,8-27-10-58-43-4 = 0.053,8-45-20-11-8 = 0.053,8-45-20-40-23-8 = 0.394,5-41-50-16-5 = 0.939,5-35-56-21-7 = 0.008,5-35-56-36-7 = 0.008,5-18-54-34-13-5 = 0.962,5-32-55-14-5 = 0.121,5-38-50-16-5 = 0.061,5-38-41-57-4 = 0.061,5-35-38-5 = 0.879,5-56-55-32-5 = 0.879,5-25-12-44-4 = 0.015,5-25-9-46-47-4 = 0.106,5-25-9-51-44-4 = 0.303,4-28-15-4 = 0.356,4-22-57-4 = 0.583,4-17-57-4 = 0.356,4-17-15-28-4 = 0.644,4-12-9-58-43-4 = 0.091,5-25-9-19-37-7 = 0.5,4-44-58-51-43-4 = 0.682,5-25-54-14-5 = 0.038,4-45-20-40-23-8 = 0.553,8-49-10-46-14-5 = 0.841,5-35-56-42-5 = 0.106,5-18-25-34-13-5 = 0.038,8-49-10-58-43-5 = 0.106,8-49-58-46-43-5 = 0.053
422,360,734.482,5.857,0.766,0.107,685,686,4-22-4 = 0.429,5-42-5 = 0.857,7-48-24-30-7 = 1.0,7-52-29-46-4 = 0.571,7-21-26-36-7 = 0.429,7-31-21-26-36-7 = 0.571,8-33-39-8 = 1.0,8-12-47-11-8 = 1.0,8-10-49-19-37-7 = 1.0,7-31-52-29-14-5 = 0.429,5-18-54-34-13-5 = 1.0,5-32-55-14-5 = 0.143,5-38-50-16-5 = 0.071,5-38-41-57-4 = 0.071,5-35-38-5 = 0.857,5-56-55-32-5 = 0.857,5-25-9-51-44-4 = 0.286,5-25-9-46-14-5 = 0.429,5-25-9-58-43-4 = 0.286,5-58-51-44-43-4 = 0.714,4-28-15-4 = 0.357,4-22-57-4 = 0.571,4-17-57-4 = 0.357,4-17-15-28-4 = 0.643,4-45-20-40-23-8 = 1.0,4-41-50-16-5 = 0.929,5-35-56-42-5 = 0.143,8-27-53-8 = 1.0
685,422,734.635,0.0,0.153,0.0,Prune by CG,,4-22-4 = 0.25,5-42-5 = 1.0,7-48-24-30-7 = 1.0,7-52-29-46-4 = 0.5,7-21-26-36-7 = 0.5,8-53-27-8 = 1.0,7-31-21-26-36-7 = 0.5,8-33-39-8 = 1.0,8-12-47-11-8 = 1.0,8-10-49-19-37-7 = 1.0,7-31-52-29-14-5 = 0.5,5-41-50-16-5 = 0.25,5-18-54-34-13-5 = 1.0,5-35-38-5 = 1.0,5-56-55-32-5 = 1.0,5-25-9-51-44-4 = 0.25,5-25-9-46-14-5 = 0.5,5-25-9-58-43-4 = 0.25,5-58-51-44-43-4 = 0.75,4-28-15-4 = 0.25,4-22-57-4 = 0.75,4-17-57-4 = 0.25,4-17-15-28-4 = 0.75,4-45-20-40-23-8 = 1.0,4-41-50-16-5 = 0.75
686,422,742.177,0.0,7.695,0.0,Prune by CG,,4-22-4 = 1.0,5-42-5 = 0.941,7-36-26-7 = 0.196,7-21-52-29-5 = 0.392,7-30-24-26-36-7 = 0.098,7-48-24-30-7 = 0.902,7-52-29-46-4 = 0.216,7-48-26-36-7 = 0.098,8-53-27-8 = 0.941,8-53-27-40-23-8 = 0.059,7-31-21-26-36-7 = 0.608,8-33-23-39-8 = 0.294,8-33-39-8 = 0.706,8-40-46-57-4 = 0.294,8-10-49-19-37-7 = 1.0,7-31-52-29-14-5 = 0.392,8-45-20-57-4 = 0.353,5-35-32-14-5 = 0.059,5-50-57-4 = 0.176,5-18-54-34-13-5 = 1.0,5-38-41-57-4 = 0.176,5-35-38-5 = 0.647,5-35-38-16-5 = 0.176,5-56-55-32-5 = 0.941,5-25-9-51-44-4 = 0.255,5-25-9-46-14-5 = 0.49,5-25-9-58-43-4 = 0.255,5-58-51-44-43-4 = 0.745,4-17-15-28-4 = 1.0,4-45-20-40-23-8 = 0.647,4-41-50-16-5 = 0.824,4-12-47-11-8 = 1.0,5-35-55-14-5 = 0.059,5-35-56-42-5 = 0.059
529,474,734.511,5.909,0.288,-0.091,687,688,4-22-4 = 1.0,8-33-8 = 0.099,8-39-8 = 0.099,5-42-5 = 1.0,7-36-26-7 = 0.183,7-31-52-29-19-7 = 0.366,7-31-52-37-7 = 0.183,7-48-24-30-7 = 1.0,7-21-26-36-7 = 0.817,7-21-49-19-37-7 = 0.183,8-53-27-8 = 1.0,7-52-29-37-7 = 0.183,8-33-39-8 = 0.901,8-12-47-11-8 = 0.849,8-12-9-58-51-4 = 0.118,7-31-29-19-37-7 = 0.183,8-10-49-19-37-7 = 0.129,7-31-52-29-14-5 = 0.269,5-18-54-34-13-5 = 0.384,5-35-38-5 = 1.0,5-25-51-43-4 = 0.441,5-56-55-32-5 = 1.0,5-18-54-13-14-5 = 0.384,5-54-34-13-14-5 = 0.116,5-18-54-34-14-5 = 0.116,5-25-9-44-43-4 = 0.559,5-34-51-44-15-4 = 0.269,8-49-10-58-46-4 = 0.688,4-28-15-4 = 0.731,4-17-57-4 = 1.0,4-44-51-28-4 = 0.161,4-45-20-40-23-8 = 1.0,4-41-50-16-5 = 1.0,4-12-47-11-8 = 0.032,4-28-47-11-8 = 0.108,4-9-46-19-37-7 = 0.129,8-9-58-10-46-4 = 0.183,8-11-19-37-7 = 0.011,8-9-58-51-44-47-4 = 0.011,5-18-34-13-14-5 = 0.116
687,529,735.92,0.0,1.409,0.0,Prune by CG,,4-22-4 = 1.0,8-33-8 = 0.156,8-39-8 = 0.156,5-42-5 = 1.0,7-21-52-29-7 = 0.281,7-48-24-30-7 = 1.0,7-21-26-36-7 = 0.375,7-21-49-19-37-7 = 0.062,7-31-21-26-36-7 = 0.281,8-33-39-8 = 0.844,8-12-47-11-8 = 0.75,8-12-9-58-51-4 = 0.25,7-31-29-19-37-7 = 0.219,8-10-49-19-37-7 = 0.25,7-31-52-29-14-5 = 0.5,5-18-54-34-13-5 = 0.5,5-35-38-5 = 1.0,5-25-51-43-4 = 0.375,5-56-55-32-5 = 1.0,5-18-54-13-14-5 = 0.5,5-25-9-44-43-4 = 0.625,5-34-51-44-15-4 = 0.312,8-49-10-58-46-4 = 0.688,4-28-15-4 = 0.688,4-17-57-4 = 1.0,5-34-46-19-37-7 = 0.188,4-44-51-28-4 = 0.062,4-45-20-40-23-8 = 1.0,4-41-50-16-5 = 1.0,7-26-36-7 = 0.344,4-28-47-11-8 = 0.25,4-9-46-19-37-7 = 0.062,8-9-58-10-46-4 = 0.062,8-27-53-8 = 1.0,7-52-19-37-7 = 0.219
688,529,736.421,0.0,1.91,0.0,Prune by CG,,4-22-4 = 1.0,8-39-8 = 0.056,5-42-5 = 1.0,7-31-52-29-19-7 = 1.0,7-48-37-7 = 1.0,7-24-30-7 = 1.0,7-21-26-36-7 = 1.0,8-53-27-8 = 1.0,8-33-23-39-8 = 0.056,8-33-39-8 = 0.889,8-33-40-11-8 = 0.056,8-12-47-11-8 = 0.667,8-12-9-58-51-4 = 0.111,5-18-54-34-13-5 = 0.278,5-35-38-5 = 1.0,5-25-51-43-4 = 0.444,5-56-55-32-5 = 1.0,5-18-54-13-14-5 = 0.5,5-18-54-34-14-5 = 0.222,5-25-9-44-43-4 = 0.556,5-34-51-44-15-4 = 0.278,8-49-10-46-47-4 = 0.056,8-49-10-51-44-4 = 0.111,8-49-10-58-46-4 = 0.778,4-28-15-4 = 0.611,4-17-57-4 = 1.0,4-45-20-28-4 = 0.056,4-44-51-28-4 = 0.056,4-45-20-40-23-8 = 0.944,4-41-50-16-5 = 1.0,4-28-47-11-8 = 0.278,8-49-10-46-14-5 = 0.056,8-9-58-46-15-4 = 0.111,4-12-9-34-13-14-5 = 0.222
622,220,734.489,8.483,0.002,0.125,689,690,4-22-4 = 1.0,8-33-8 = 0.052,8-39-8 = 0.397,5-42-5 = 1.0,7-36-26-7 = 0.276,7-31-52-29-19-7 = 0.448,7-31-52-37-7 = 0.276,7-48-24-30-7 = 1.0,7-21-54-34-14-5 = 0.172,7-21-26-36-7 = 0.724,7-21-49-19-37-7 = 0.103,7-52-29-37-7 = 0.276,8-33-23-39-8 = 0.345,8-33-39-8 = 0.259,8-33-40-11-8 = 0.345,8-12-44-15-4 = 0.121,8-12-44-28-4 = 0.121,8-12-47-11-8 = 0.655,7-31-29-19-37-7 = 0.276,5-41-50-16-5 = 0.759,5-18-54-34-13-5 = 0.586,5-35-38-5 = 1.0,5-56-55-32-5 = 1.0,5-54-34-13-14-5 = 0.241,5-18-25-9-58-14-5 = 0.414,5-25-9-58-46-8 = 0.31,8-49-10-46-47-4 = 0.345,8-49-10-51-44-4 = 0.379,4-28-15-4 = 0.879,4-17-57-4 = 1.0,4-12-44-43-4 = 0.034,5-25-49-19-37-7 = 0.069,4-45-20-44-43-4 = 0.345,4-51-46-43-4 = 0.345,4-10-51-43-4 = 0.276,5-25-9-58-49-19-7 = 0.034,5-25-9-58-13-14-5 = 0.172,4-45-20-40-23-8 = 0.655,4-41-50-16-5 = 0.241,4-12-9-58-49-19-7 = 0.069,8-27-53-8 = 1.0
689,622,734.824,0.0,0.336,0.0,Prune by CG,,4-22-4 = 1.0,8-39-8 = 0.25,5-42-5 = 1.0,7-36-26-7 = 0.25,7-31-52-29-19-7 = 0.5,7-31-52-37-7 = 0.25,7-48-24-30-7 = 1.0,7-21-26-36-7 = 0.75,7-21-49-19-37-7 = 0.25,8-53-27-8 = 1.0,7-52-29-37-7 = 0.25,8-33-23-39-8 = 0.25,8-33-39-8 = 0.5,8-33-40-11-8 = 0.25,8-12-47-11-8 = 0.75,7-31-29-19-37-7 = 0.25,5-41-50-16-5 = 1.0,5-18-54-34-13-5 = 0.5,5-35-38-5 = 1.0,5-56-55-32-5 = 1.0,5-54-34-13-14-5 = 0.5,5-18-25-9-58-14-5 = 0.5,8-49-10-46-47-4 = 0.25,8-49-10-51-44-4 = 0.5,4-28-15-4 = 1.0,4-17-57-4 = 1.0,4-12-44-43-4 = 0.25,4-45-20-44-43-4 = 0.25,4-51-46-43-4 = 0.25,4-10-51-43-4 = 0.25,4-45-20-40-23-8 = 0.75,5-25-9-58-46-5 = 0.5
690,622,737.621,0.0,3.132,0.0,Prune by CG,,4-22-4 = 1.0,8-33-8 = 0.158,8-39-8 = 0.474,5-42-5 = 1.0,7-36-26-7 = 0.105,7-31-52-37-7 = 0.053,7-48-24-30-7 = 1.0,7-21-52-9-58-5 = 0.105,7-52-10-44-4 = 0.053,7-31-52-54-5 = 0.211,7-21-26-36-7 = 0.737,8-53-27-8 = 1.0,7-31-21-26-36-7 = 0.158,8-33-23-39-8 = 0.316,8-33-39-8 = 0.211,8-33-40-11-8 = 0.316,8-12-10-44-4 = 0.316,8-12-47-11-8 = 0.684,7-31-52-29-14-5 = 0.579,5-41-50-16-5 = 0.684,5-18-54-34-13-5 = 0.789,5-35-38-5 = 1.0,5-56-55-32-5 = 1.0,5-18-25-9-58-14-5 = 0.211,5-34-10-46-47-4 = 0.211,8-49-10-46-47-4 = 0.105,8-49-10-51-44-4 = 0.263,4-28-15-4 = 1.0,4-17-57-4 = 1.0,7-49-10-51-44-4 = 0.053,5-25-49-19-37-7 = 0.526,4-45-20-44-43-4 = 0.316,4-51-46-43-4 = 0.684,5-25-9-58-49-19-7 = 0.053,5-25-9-58-13-14-5 = 0.211,4-45-20-40-23-8 = 0.684,4-41-50-16-5 = 0.316,5-9-58-29-19-37-7 = 0.421
315,134,734.368,11.612,0.877,1.147,691,692,4-22-4 = 1.0,5-42-5 = 0.782,7-21-52-29-7 = 0.2,7-30-24-26-36-7 = 0.3,7-48-24-30-7 = 0.7,7-21-58-46-47-4 = 0.165,7-21-49-19-37-7 = 0.235,7-48-26-36-7 = 0.3,8-53-27-8 = 1.0,7-52-29-37-7 = 0.4,7-31-29-19-11-8 = 0.2,7-31-21-26-36-7 = 0.4,8-33-23-39-8 = 0.388,8-33-39-8 = 0.612,8-12-44-28-4 = 0.329,8-12-47-11-8 = 0.671,8-40-44-51-43-4 = 0.388,8-45-20-11-8 = 0.129,8-45-20-40-23-8 = 0.094,5-35-56-14-5 = 0.335,5-18-54-34-13-5 = 0.888,5-32-55-14-5 = 0.553,5-38-50-16-5 = 0.276,5-38-41-57-4 = 0.276,5-35-38-5 = 0.447,5-56-55-32-5 = 0.447,5-18-54-13-14-5 = 0.112,5-25-9-10-58-5 = 0.665,5-34-51-44-15-4 = 0.112,4-15-57-4 = 0.306,4-17-57-4 = 0.418,4-17-15-28-4 = 0.582,5-25-49-19-37-7 = 0.335,4-45-20-28-4 = 0.088,4-45-20-44-43-4 = 0.141,4-51-46-43-4 = 0.471,4-45-44-51-46-4 = 0.029,4-45-20-40-23-8 = 0.518,4-41-50-16-5 = 0.724,4-20-49-19-37-7 = 0.029,4-9-58-10-46-4 = 0.171,4-9-10-46-47-4 = 0.165,5-35-56-42-5 = 0.218,7-31-52-49-19-7 = 0.2,7-31-52-49-29-7 = 0.2
692,315,738.648,0.0,4.28,0.0,Prune by CG,,4-22-4 = 1.0,5-42-5 = 0.929,7-21-52-29-7 = 0.2,7-30-24-26-36-7 = 0.3,7-48-24-30-7 = 0.7,7-21-58-46-47-4 = 0.046,7-21-49-19-37-7 = 0.354,7-48-26-36-7 = 0.3,8-53-27-8 = 0.8,8-53-27-40-23-8 = 0.2,8-40-28-15-4 = 0.089,7-52-29-37-7 = 0.4,7-31-29-19-11-8 = 0.2,7-31-21-26-36-7 = 0.4,8-33-23-39-8 = 0.8,8-33-39-8 = 0.2,8-12-44-28-4 = 0.093,8-12-47-11-8 = 0.454,8-40-44-51-43-4 = 0.364,5-41-50-16-5 = 0.418,5-35-56-14-5 = 0.464,5-18-54-34-13-5 = 1.0,5-32-55-14-5 = 0.536,5-38-50-16-5 = 0.268,5-38-41-57-4 = 0.268,5-35-38-5 = 0.464,5-56-55-32-5 = 0.464,5-25-9-10-58-5 = 0.954,4-15-57-4 = 0.093,4-17-57-4 = 0.639,4-17-15-28-4 = 0.361,4-20-12-47-4 = 0.454,5-25-49-19-37-7 = 0.046,4-51-46-43-4 = 0.364,4-45-44-51-46-4 = 0.271,4-45-44-46-43-4 = 0.271,4-20-40-11-8 = 0.346,4-41-50-16-5 = 0.314,4-20-49-19-37-7 = 0.2,4-9-10-46-47-4 = 0.046,4-45-28-15-4 = 0.457,5-35-56-42-5 = 0.071,7-31-52-49-19-7 = 0.2,7-31-52-49-29-7 = 0.2
691,315,734.374,12.05,0.007,0.438,693,694,4-22-4 = 0.938,5-42-5 = 0.833,7-21-52-29-7 = 0.2,7-30-24-26-36-7 = 0.3,7-48-24-30-7 = 0.7,7-21-58-46-47-4 = 0.183,7-21-49-19-37-7 = 0.217,7-48-26-36-7 = 0.3,8-53-27-8 = 1.0,7-52-29-37-7 = 0.4,7-31-29-19-11-8 = 0.2,7-31-21-26-36-7 = 0.4,8-33-23-39-8 = 0.5,8-33-39-8 = 0.5,8-12-44-15-4 = 0.117,8-12-44-28-4 = 0.25,8-12-47-11-8 = 0.633,8-40-44-51-43-4 = 0.5,5-35-56-14-5 = 0.383,5-18-54-34-13-5 = 0.933,5-32-55-14-5 = 0.55,5-38-50-16-5 = 0.275,5-38-41-57-4 = 0.275,5-35-38-5 = 0.45,5-56-55-32-5 = 0.45,5-18-54-13-14-5 = 0.067,5-25-9-10-58-5 = 0.617,5-34-51-44-15-4 = 0.067,4-15-57-4 = 0.271,4-17-57-4 = 0.454,4-17-15-28-4 = 0.546,5-25-49-19-37-7 = 0.383,4-45-20-28-4 = 0.204,4-45-20-44-43-4 = 0.067,4-51-46-43-4 = 0.433,4-45-20-40-23-8 = 0.5,4-41-50-16-5 = 0.725,4-45-20-11-8 = 0.167,4-9-58-10-46-4 = 0.2,4-9-10-46-47-4 = 0.183,4-45-20-22-4 = 0.062,5-35-56-42-5 = 0.167,7-31-52-49-19-7 = 0.2,7-31-52-49-29-7 = 0.2
693,691,737.223,0.0,2.848,0.0,Prune by CG,,4-22-4 = 1.0,5-42-5 = 0.583,7-31-52-29-19-7 = 0.125,7-21-52-29-7 = 0.125,7-30-24-26-36-7 = 0.312,7-48-24-30-7 = 0.688,7-21-54-34-14-5 = 0.125,7-21-58-46-47-4 = 0.125,7-21-49-19-37-7 = 0.25,7-48-26-36-7 = 0.312,8-53-27-8 = 1.0,8-40-28-15-4 = 0.417,7-52-29-37-7 = 0.375,8-12-46-13-5 = 0.125,7-31-29-19-11-8 = 0.125,7-31-21-26-36-7 = 0.375,8-33-23-39-8 = 0.417,8-33-39-8 = 0.583,8-12-47-11-8 = 0.875,8-45-20-40-23-8 = 0.167,5-35-56-38-5 = 0.104,5-18-54-34-13-5 = 0.438,5-32-55-14-5 = 0.438,5-38-50-16-5 = 0.125,5-38-41-57-4 = 0.125,5-35-38-5 = 0.562,5-56-55-32-5 = 0.562,5-18-54-13-14-5 = 0.375,5-18-25-58-44-4 = 0.188,5-54-34-13-14-5 = 0.062,5-25-9-10-58-5 = 0.438,5-25-9-44-43-4 = 0.375,5-34-51-44-15-4 = 0.375,5-58-51-44-43-4 = 0.062,4-15-57-4 = 0.042,4-17-57-4 = 0.833,4-17-15-28-4 = 0.167,4-45-20-28-4 = 0.417,4-51-46-43-4 = 0.562,4-45-20-40-23-8 = 0.417,4-41-50-16-5 = 0.875,4-9-58-10-46-4 = 0.188,5-42-38-5 = 0.083,4-10-49-19-37-7 = 0.375,5-35-56-42-5 = 0.333,7-31-52-49-19-7 = 0.125,7-31-52-49-29-7 = 0.25
694,691,734.429,11.776,0.055,-0.274,695,696,4-22-4 = 1.0,5-42-5 = 0.806,7-21-52-29-7 = 0.2,7-30-24-26-36-7 = 0.3,7-48-24-30-7 = 0.7,7-21-58-46-47-4 = 0.183,7-21-49-19-37-7 = 0.217,7-48-26-36-7 = 0.3,8-53-27-8 = 1.0,7-52-29-37-7 = 0.4,7-31-29-19-11-8 = 0.2,7-31-21-26-36-7 = 0.4,8-33-23-39-8 = 0.5,8-33-39-8 = 0.5,8-12-44-15-4 = 0.144,8-12-44-28-4 = 0.223,8-12-47-11-8 = 0.633,8-40-44-51-43-4 = 0.5,5-41-50-16-5 = 0.02,5-35-56-14-5 = 0.403,5-18-54-34-13-5 = 1.0,5-32-55-14-5 = 0.597,5-38-50-16-5 = 0.298,5-38-41-57-4 = 0.298,5-35-38-5 = 0.403,5-56-55-32-5 = 0.403,5-25-9-10-58-5 = 0.617,4-15-57-4 = 0.279,4-17-57-4 = 0.423,4-17-15-28-4 = 0.577,5-25-49-19-37-7 = 0.383,4-45-20-28-4 = 0.2,4-45-20-44-43-4 = 0.067,4-45-20-44-51-4 = 0.067,4-51-46-43-4 = 0.433,4-45-20-40-23-8 = 0.5,4-41-50-16-5 = 0.682,4-45-20-11-8 = 0.167,4-9-58-10-46-4 = 0.2,4-9-10-46-47-4 = 0.183,5-35-56-42-5 = 0.194,7-31-52-49-19-7 = 0.2,7-31-52-49-29-7 = 0.2
695,694,736.115,0.0,1.686,0.0,Prune by CG,,4-22-4 = 1.0,5-42-5 = 1.0,7-36-26-7 = 0.079,7-21-52-29-7 = 0.2,7-30-24-26-36-7 = 0.261,7-48-24-30-7 = 0.739,7-21-58-46-47-8 = 0.139,7-21-49-19-37-7 = 0.261,7-48-26-36-7 = 0.261,8-53-27-8 = 0.393,8-53-27-40-23-8 = 0.607,7-52-29-37-7 = 0.4,7-31-29-19-11-8 = 0.2,7-31-21-26-36-7 = 0.4,8-33-23-39-8 = 0.314,8-33-39-8 = 0.607,8-33-40-11-8 = 0.079,8-12-44-15-4 = 0.243,8-40-23-39-8 = 0.079,8-12-47-11-8 = 0.721,8-40-44-51-43-4 = 0.236,5-41-50-16-5 = 0.161,5-35-56-14-5 = 0.5,5-18-54-34-13-5 = 1.0,5-32-55-14-5 = 0.5,5-38-50-16-5 = 0.25,5-38-41-57-4 = 0.25,5-35-38-5 = 0.5,5-56-55-32-5 = 0.5,5-25-9-10-58-5 = 0.661,4-15-57-4 = 0.236,4-17-57-4 = 0.514,4-17-15-28-4 = 0.486,4-12-44-15-4 = 0.036,5-25-49-19-37-7 = 0.339,4-45-20-28-4 = 0.514,4-45-20-44-43-4 = 0.243,4-45-20-44-51-4 = 0.243,4-51-46-43-4 = 0.521,4-41-50-16-5 = 0.589,4-9-10-46-47-8 = 0.139,4-9-58-10-46-4 = 0.2,7-31-52-49-19-7 = 0.2,7-31-52-49-29-7 = 0.2
696,694,734.668,0.0,0.238,0.0,Prune by CG,,4-22-4 = 1.0,5-42-5 = 0.818,7-31-52-29-19-7 = 0.333,7-30-24-26-36-7 = 0.333,7-48-24-30-7 = 0.667,7-21-58-46-47-4 = 0.25,7-21-49-19-37-7 = 0.417,7-48-26-36-7 = 0.333,8-53-27-8 = 1.0,7-52-29-37-7 = 0.333,7-31-21-26-36-7 = 0.333,8-33-23-39-8 = 0.5,8-33-39-8 = 0.5,8-12-44-15-4 = 0.098,8-12-44-28-4 = 0.402,8-12-47-11-8 = 0.5,8-40-44-51-43-4 = 0.5,5-41-50-16-5 = 0.159,5-35-56-14-5 = 0.409,5-18-54-34-13-5 = 1.0,5-32-55-14-5 = 0.591,5-38-50-16-5 = 0.295,5-38-41-57-4 = 0.295,5-35-38-5 = 0.409,5-56-55-32-5 = 0.409,5-25-9-10-58-5 = 0.75,4-15-57-4 = 0.303,4-17-57-4 = 0.402,4-17-15-28-4 = 0.598,5-25-49-19-37-7 = 0.25,4-51-46-43-4 = 0.5,4-45-20-40-23-8 = 0.5,4-41-50-16-5 = 0.545,4-45-20-11-8 = 0.5,4-9-10-46-47-4 = 0.25,5-35-56-42-5 = 0.182,7-31-52-49-29-7 = 0.333
301,155,734.819,6.389,1.468,-1.683,Prune by UB,,4-22-4 = 1.0,8-33-8 = 0.306,8-39-8 = 0.472,5-42-5 = 1.0,7-48-24-30-7 = 1.0,7-21-26-36-7 = 1.0,7-31-58-10-49-19-7 = 1.0,7-52-29-37-7 = 1.0,8-33-23-39-8 = 0.306,8-33-39-8 = 0.222,8-33-40-11-8 = 0.167,8-12-44-15-4 = 0.083,8-12-44-28-4 = 0.083,8-12-47-11-8 = 0.833,8-40-44-51-43-4 = 0.139,8-45-20-44-43-4 = 0.306,8-45-20-40-23-8 = 0.083,5-35-56-14-5 = 0.278,5-18-54-34-13-5 = 0.917,5-32-55-14-5 = 0.278,5-38-50-16-5 = 0.139,5-38-41-57-4 = 0.139,5-35-38-5 = 0.722,5-25-51-43-4 = 0.083,5-56-55-32-5 = 0.722,5-54-34-13-14-5 = 0.083,5-25-9-46-47-4 = 0.167,5-25-9-51-44-4 = 0.389,5-25-9-46-14-5 = 0.361,4-28-15-4 = 0.778,4-17-57-4 = 0.861,4-17-15-28-4 = 0.139,5-18-9-46-43-4 = 0.083,4-51-46-43-4 = 0.389,4-45-20-40-23-8 = 0.611,4-41-50-16-5 = 0.861,8-27-53-8 = 1.0
654,435,734.46,10.257,0.149,0.757,697,698,4-22-4 = 1.0,5-38-5 = 0.5,5-42-5 = 1.0,7-36-26-7 = 0.657,7-31-52-29-19-7 = 0.286,7-31-52-37-7 = 0.086,7-21-52-29-7 = 0.329,7-48-24-30-7 = 1.0,7-21-49-19-37-7 = 0.329,7-31-9-46-43-4 = 0.2,8-53-27-8 = 1.0,7-52-29-37-7 = 0.3,7-31-29-19-11-8 = 0.086,7-31-21-26-36-7 = 0.343,8-33-23-39-8 = 0.457,8-33-39-8 = 0.543,8-12-44-15-4 = 0.129,8-12-47-11-8 = 0.871,8-40-44-51-43-4 = 0.457,8-51-46-43-4 = 0.343,5-35-56-14-5 = 0.5,5-18-54-34-13-5 = 0.986,5-32-55-14-5 = 0.5,5-35-38-5 = 0.5,5-25-58-10-49-8 = 0.357,5-54-9-10-49-8 = 0.014,5-56-55-32-5 = 0.5,5-25-9-10-58-5 = 0.329,5-25-9-58-46-4 = 0.314,5-34-13-51-46-4 = 0.014,4-28-15-4 = 0.057,4-15-57-4 = 0.229,4-17-57-4 = 0.771,4-17-15-28-4 = 0.229,4-45-20-28-4 = 0.357,4-45-20-44-51-4 = 0.057,5-18-9-10-49-19-8 = 0.014,4-45-20-40-23-8 = 0.543,4-41-50-16-5 = 1.0,4-45-20-11-8 = 0.043,5-10-49-19-37-7 = 0.286,4-44-28-15-4 = 0.357,8-9-51-46-47-4 = 0.129
698,654,735.848,0.0,1.388,0.0,Prune by CG,,4-22-4 = 1.0,5-38-5 = 0.5,5-42-5 = 1.0,7-31-52-29-19-7 = 0.5,7-48-24-30-7 = 1.0,7-21-26-36-7 = 1.0,7-31-9-46-43-4 = 0.5,8-53-27-8 = 1.0,7-52-29-37-7 = 0.5,8-33-23-39-8 = 0.444,8-33-39-8 = 0.556,8-12-44-15-4 = 0.333,8-12-44-28-4 = 0.056,8-12-47-11-8 = 0.556,8-12-9-46-4 = 0.056,8-40-44-51-43-4 = 0.444,5-35-56-14-5 = 0.5,5-18-54-34-13-5 = 1.0,5-32-55-14-5 = 0.5,5-35-38-5 = 0.5,5-25-58-10-49-8 = 1.0,5-56-55-32-5 = 0.5,4-15-28-4 = 0.556,4-15-57-4 = 0.056,4-17-57-4 = 0.944,4-17-15-28-4 = 0.056,4-45-20-28-4 = 0.333,4-45-20-40-23-8 = 0.556,4-41-50-16-5 = 1.0,4-45-20-11-8 = 0.111,8-11-19-37-7 = 0.333,4-44-51-19-37-7 = 0.167,8-9-51-46-47-4 = 0.389,8-9-46-47-43-4 = 0.056
384,382,734.152,9.632,0.292,2.289,699,700,4-22-4 = 0.592,5-42-5 = 1.0,7-31-52-29-19-8 = 0.5,7-48-24-30-7 = 1.0,7-31-52-54-5 = 0.066,7-21-26-36-7 = 0.566,7-52-29-37-7 = 0.434,7-31-21-26-36-7 = 0.434,8-33-23-39-8 = 0.25,8-33-39-8 = 0.5,8-33-40-11-8 = 0.25,8-53-39-8 = 0.25,8-12-44-28-4 = 0.197,8-12-47-11-8 = 0.684,8-10-49-19-37-7 = 0.5,5-18-54-34-13-5 = 0.724,5-35-38-5 = 1.0,5-25-51-43-4 = 0.118,5-56-55-32-5 = 1.0,5-25-9-46-47-4 = 0.316,5-18-54-58-14-5 = 0.145,5-18-25-9-58-14-5 = 0.132,5-25-9-51-44-4 = 0.434,5-51-46-43-4 = 0.276,5-34-51-44-15-4 = 0.171,5-34-13-46-43-4 = 0.105,8-49-10-44-43-4 = 0.197,5-58-46-43-14-5 = 0.303,4-15-57-4 = 0.211,4-22-57-4 = 0.408,4-17-57-4 = 0.382,4-17-15-28-4 = 0.618,4-45-20-28-4 = 0.184,5-54-29-37-7 = 0.066,4-45-20-40-23-8 = 0.75,4-41-50-16-5 = 1.0,4-45-20-11-8 = 0.066,8-27-53-8 = 0.75,8-49-10-58-13-14-5 = 0.171,8-27-49-10-58-14-5 = 0.132,8-27-12-9-58-14-5 = 0.118
700,384,735.857,0.0,1.705,0.0,Prune by CG,,4-22-4 = 0.438,8-39-8 = 0.125,5-42-5 = 1.0,7-31-52-29-19-8 = 0.375,7-21-52-29-7 = 0.25,7-30-24-26-36-7 = 0.125,7-48-24-30-7 = 0.875,7-21-26-36-7 = 0.125,7-48-26-36-7 = 0.125,8-53-27-8 = 1.0,8-40-28-15-4 = 0.25,7-52-29-37-7 = 0.375,7-31-21-26-36-7 = 0.625,8-33-23-39-8 = 0.375,8-33-39-8 = 0.5,8-33-40-11-8 = 0.125,8-12-47-11-8 = 0.875,8-12-9-10-49-4 = 0.125,8-10-49-19-37-7 = 0.625,5-41-50-16-5 = 0.125,5-18-54-34-13-5 = 1.0,5-35-38-5 = 1.0,5-56-55-32-5 = 1.0,5-25-9-46-47-4 = 0.125,5-25-9-51-44-4 = 0.75,5-58-46-43-14-5 = 0.875,4-15-57-4 = 0.188,4-22-57-4 = 0.375,4-17-57-4 = 0.438,4-17-15-28-4 = 0.562,7-49-10-51-44-4 = 0.25,4-45-20-28-4 = 0.188,4-45-20-40-23-8 = 0.625,4-41-50-16-5 = 0.875,4-45-20-22-4 = 0.188,5-25-58-43-14-5 = 0.125
699,384,734.224,9.708,0.072,0.077,701,702,4-22-4 = 0.604,5-42-5 = 1.0,7-31-52-29-19-8 = 0.5,7-48-24-30-7 = 1.0,7-31-52-54-5 = 0.188,7-21-26-36-7 = 0.688,8-53-27-8 = 0.75,7-52-29-37-7 = 0.312,7-31-21-26-36-7 = 0.312,8-33-23-39-8 = 0.25,8-33-39-8 = 0.5,8-33-40-11-8 = 0.25,8-53-39-8 = 0.25,8-12-44-28-4 = 0.333,8-12-47-11-8 = 0.646,8-10-49-19-37-7 = 0.5,5-18-54-34-13-5 = 0.542,5-35-38-5 = 1.0,5-25-51-43-4 = 0.021,5-56-55-32-5 = 1.0,5-25-9-46-47-4 = 0.354,5-18-54-58-14-5 = 0.083,5-18-25-9-58-14-5 = 0.375,5-25-9-51-44-4 = 0.25,5-51-46-43-4 = 0.458,5-34-51-44-15-4 = 0.062,5-34-51-44-43-4 = 0.208,5-34-13-46-43-4 = 0.167,5-34-58-46-13-14-5 = 0.021,4-15-57-4 = 0.271,4-22-57-4 = 0.396,4-17-57-4 = 0.333,4-17-15-28-4 = 0.667,4-45-20-44-43-4 = 0.146,5-54-29-37-7 = 0.188,4-45-20-40-23-8 = 0.75,4-41-50-16-5 = 1.0,4-45-20-11-8 = 0.104,8-49-10-58-13-14-5 = 0.271,8-27-49-10-58-14-5 = 0.229,8-27-12-9-58-14-5 = 0.021
701,699,737.075,0.0,2.851,0.0,Prune by CG,,4-22-4 = 0.773,5-42-5 = 0.909,7-31-52-29-19-8 = 0.409,7-48-24-30-7 = 1.0,7-31-52-54-5 = 0.114,7-21-26-36-7 = 0.568,8-53-27-8 = 1.0,8-40-28-15-4 = 0.091,7-52-29-37-7 = 0.477,7-31-29-19-11-8 = 0.045,7-31-21-26-36-7 = 0.432,8-33-23-39-8 = 0.318,8-33-39-8 = 0.682,8-12-47-11-8 = 0.955,8-10-49-19-37-7 = 0.5,8-40-49-10-43-4 = 0.227,5-35-56-38-5 = 0.341,8-12-9-47-43-4 = 0.045,5-18-54-55-5 = 0.432,5-18-54-32-5 = 0.432,5-38-50-16-5 = 0.045,5-38-41-57-4 = 0.045,5-35-38-5 = 0.568,5-25-51-43-4 = 0.227,5-56-55-32-5 = 0.568,5-18-25-9-43-4 = 0.136,5-25-9-51-44-4 = 0.636,5-34-58-46-13-14-5 = 1.0,8-49-10-44-43-4 = 0.227,4-15-57-4 = 0.318,4-22-57-4 = 0.227,4-17-57-4 = 0.409,4-17-15-28-4 = 0.591,4-45-20-28-4 = 0.318,5-54-29-37-7 = 0.023,4-45-20-40-23-8 = 0.682,4-41-50-16-5 = 0.955,5-35-56-42-5 = 0.091,4-9-51-44-43-4 = 0.136,8-9-10-49-29-19-7 = 0.045
702,699,734.236,10.1,0.012,0.392,703,704,4-22-4 = 0.65,5-42-5 = 1.0,7-31-52-29-19-8 = 0.5,7-48-24-30-7 = 1.0,7-31-52-54-5 = 0.1,7-21-26-36-7 = 0.6,8-53-27-8 = 0.75,7-52-29-37-7 = 0.4,7-31-21-26-36-7 = 0.4,8-33-23-39-8 = 0.35,8-33-39-8 = 0.4,8-33-40-11-8 = 0.25,8-53-39-8 = 0.25,8-12-44-28-4 = 0.35,8-12-47-11-8 = 0.55,8-10-49-19-37-7 = 0.5,5-18-54-34-13-5 = 0.6,5-35-38-5 = 1.0,5-25-51-43-4 = 0.1,5-56-55-32-5 = 1.0,5-25-9-46-47-4 = 0.45,5-18-54-58-14-5 = 0.2,5-18-25-9-58-14-5 = 0.2,5-25-9-51-44-4 = 0.25,5-51-46-43-4 = 0.4,5-34-51-44-15-4 = 0.05,5-34-51-44-43-4 = 0.2,5-34-13-46-43-4 = 0.15,4-15-57-4 = 0.3,4-22-57-4 = 0.35,4-17-57-4 = 0.35,4-17-15-28-4 = 0.65,4-45-20-44-43-4 = 0.15,5-54-29-37-7 = 0.1,4-45-20-40-23-8 = 0.65,4-20-40-11-8 = 0.1,4-41-50-16-5 = 1.0,4-45-20-11-8 = 0.1,4-45-12-9-58-14-5 = 0.1,8-49-10-58-13-14-5 = 0.25,8-27-49-10-58-14-5 = 0.25
703,702,735.607,0.0,1.371,0.0,Prune by CG,,4-22-4 = 1.0,5-42-5 = 0.875,7-31-52-29-19-8 = 0.5,7-48-24-30-7 = 1.0,7-31-52-54-5 = 0.069,7-21-26-36-7 = 0.569,8-53-27-8 = 0.611,7-52-29-37-7 = 0.431,7-31-21-26-36-7 = 0.431,8-33-23-39-8 = 0.389,8-33-39-8 = 0.222,8-33-40-11-8 = 0.389,8-53-39-8 = 0.389,8-12-44-28-4 = 0.236,8-12-47-11-8 = 0.611,8-10-49-19-37-7 = 0.153,5-35-56-38-5 = 0.111,5-18-54-55-5 = 0.236,5-18-54-32-5 = 0.236,5-18-54-34-13-5 = 0.389,5-38-50-16-5 = 0.062,5-38-41-57-4 = 0.063,5-35-38-5 = 0.764,5-25-51-43-4 = 0.292,5-56-55-32-5 = 0.764,5-25-9-46-47-4 = 0.111,5-25-9-46-47-8 = 0.278,5-25-9-51-44-4 = 0.319,5-51-46-43-4 = 0.125,5-34-51-44-43-4 = 0.264,4-28-15-4 = 0.049,4-15-57-4 = 0.444,4-17-57-4 = 0.493,4-17-15-28-4 = 0.507,5-18-9-46-43-4 = 0.139,5-34-46-19-37-7 = 0.347,4-45-20-28-4 = 0.208,4-45-20-44-43-4 = 0.181,5-54-29-37-7 = 0.069,4-45-20-40-23-8 = 0.611,4-41-50-16-5 = 0.938,5-35-56-42-5 = 0.125,8-49-10-58-13-14-5 = 0.611,8-27-49-10-58-14-5 = 0.236,8-27-12-9-58-14-5 = 0.153
704,702,734.687,0.0,0.451,0.0,Prune by CG,,4-22-4 = 0.375,8-39-8 = 0.125,5-42-5 = 1.0,7-31-52-29-19-8 = 0.156,7-21-52-29-7 = 0.25,7-30-24-26-36-7 = 0.125,7-48-24-30-7 = 0.875,7-31-52-54-5 = 0.219,7-21-26-36-7 = 0.375,7-48-26-36-7 = 0.125,7-31-49-10-58-14-5 = 0.031,8-53-27-8 = 1.0,7-52-29-37-7 = 0.375,7-31-29-19-11-8 = 0.219,7-31-21-26-36-7 = 0.375,8-33-23-39-8 = 0.125,8-33-39-8 = 0.75,8-33-40-11-8 = 0.125,8-12-44-28-4 = 0.281,8-12-47-11-8 = 0.656,8-10-49-19-37-7 = 0.625,5-18-54-34-13-5 = 0.531,5-35-38-5 = 1.0,5-56-55-32-5 = 1.0,5-25-58-51-14-5 = 0.062,5-25-9-46-47-4 = 0.344,5-18-54-58-14-5 = 0.25,5-18-25-9-58-14-5 = 0.219,5-25-9-51-44-4 = 0.063,5-51-46-43-4 = 0.438,5-34-51-44-15-4 = 0.312,5-34-13-46-43-4 = 0.156,8-49-10-44-43-4 = 0.344,4-15-57-4 = 0.031,4-22-57-4 = 0.625,4-17-57-4 = 0.344,4-17-15-28-4 = 0.656,4-20-51-43-4 = 0.063,4-45-20-28-4 = 0.062,5-58-51-46-14-5 = 0.062,5-25-9-58-13-14-5 = 0.312,4-45-20-40-23-8 = 0.875,4-41-50-16-5 = 1.0,4-45-12-9-58-14-5 = 0.063
592,589,734.581,6.083,0.153,0.058,705,706,4-22-4 = 1.0,8-33-8 = 0.452,5-38-5 = 0.058,8-39-8 = 0.452,5-42-5 = 1.0,7-21-55-14-5 = 0.017,7-36-26-7 = 0.033,7-31-52-29-19-8 = 0.835,7-21-32-14-5 = 0.017,7-48-24-30-7 = 1.0,7-31-52-54-5 = 0.033,7-21-26-36-7 = 0.967,7-52-29-37-7 = 0.033,8-33-23-39-8 = 0.548,8-12-47-11-8 = 1.0,8-10-46-13-5 = 0.055,8-40-44-51-43-4 = 0.548,7-31-29-19-37-7 = 0.033,8-45-20-44-43-4 = 0.187,7-31-52-29-14-5 = 0.099,8-45-20-40-23-8 = 0.452,5-35-56-14-5 = 0.058,5-18-54-34-13-5 = 0.934,5-32-55-14-5 = 0.041,5-35-38-5 = 0.942,5-54-58-49-37-7 = 0.033,5-25-51-43-4 = 0.044,5-56-55-32-5 = 0.942,5-18-58-49-19-37-7 = 0.066,5-25-9-51-44-4 = 0.22,5-25-9-46-14-5 = 0.725,4-28-15-4 = 0.366,4-15-57-4 = 0.317,4-17-57-4 = 0.683,4-17-15-28-4 = 0.317,5-34-58-10-49-19-7 = 0.066,4-45-20-28-4 = 0.317,4-45-20-44-43-4 = 0.044,4-51-46-43-4 = 0.176,4-41-50-16-5 = 1.0,8-27-53-8 = 1.0,5-25-9-51-13-5 = 0.011,8-9-10-46-14-5 = 0.044,5-58-10-49-37-7 = 0.835
705,592,734.753,0.0,0.172,0.0,Prune by CG,,4-22-4 = 1.0,8-33-8 = 0.423,5-38-5 = 0.077,8-39-8 = 0.423,5-42-5 = 1.0,7-36-26-7 = 0.077,7-31-52-29-19-8 = 0.885,7-21-52-29-5 = 0.077,7-48-24-30-7 = 1.0,7-31-52-54-5 = 0.038,7-21-26-36-7 = 0.885,8-53-27-8 = 1.0,7-31-21-26-36-7 = 0.038,8-33-23-39-8 = 0.577,8-45-20-28-4 = 0.077,8-12-47-11-8 = 1.0,8-40-44-51-43-4 = 0.577,7-31-29-19-37-7 = 0.038,8-45-20-44-43-4 = 0.231,8-45-20-40-23-8 = 0.423,5-35-56-14-5 = 0.077,5-18-54-34-13-5 = 0.962,5-32-55-14-5 = 0.077,5-35-38-5 = 0.923,5-56-55-32-5 = 0.923,5-18-58-49-19-37-7 = 0.038,5-25-9-51-44-4 = 0.115,5-25-9-46-14-5 = 0.808,4-28-15-4 = 0.462,4-15-57-4 = 0.269,4-17-57-4 = 0.731,4-17-15-28-4 = 0.269,5-34-58-10-49-19-7 = 0.038,4-45-20-28-4 = 0.192,4-45-20-44-51-4 = 0.077,4-51-46-43-4 = 0.192,4-41-50-16-5 = 1.0,5-25-9-51-13-5 = 0.038,5-25-9-10-14-5 = 0.038,5-58-10-49-37-7 = 0.923
706,592,735.377,0.0,0.796,0.0,Prune by CG,,4-22-4 = 1.0,8-33-8 = 0.244,8-39-8 = 0.538,5-42-5 = 1.0,7-31-52-29-19-8 = 0.654,7-48-24-30-7 = 1.0,7-21-26-36-7 = 1.0,8-53-27-8 = 1.0,8-12-46-13-5 = 0.038,8-33-23-11-8 = 0.051,8-33-23-39-8 = 0.462,8-33-40-11-8 = 0.244,8-12-44-15-4 = 0.269,8-12-47-11-8 = 0.692,8-40-44-51-43-4 = 0.269,8-45-20-11-8 = 0.013,7-31-52-29-14-5 = 0.346,8-45-20-40-23-8 = 0.026,5-18-54-34-13-5 = 0.808,5-35-38-5 = 1.0,5-54-58-49-37-7 = 0.192,5-25-51-43-4 = 0.538,5-56-55-32-5 = 1.0,5-25-9-46-47-4 = 0.308,5-18-58-49-19-37-7 = 0.192,5-25-9-51-44-4 = 0.154,5-34-13-51-15-4 = 0.038,4-28-15-4 = 0.692,4-17-57-4 = 1.0,5-34-58-49-19-37-7 = 0.154,4-45-20-28-4 = 0.308,4-45-20-44-43-4 = 0.192,4-45-20-40-23-8 = 0.462,4-41-50-16-5 = 1.0,8-9-10-46-14-5 = 0.538,5-58-10-49-37-7 = 0.462,4-44-46-13-14-5 = 0.115
99,60,734.385,10.719,2.623,1.219,707,708,4-22-4 = 1.0,8-33-8 = 0.375,5-38-5 = 0.219,8-39-8 = 0.375,5-42-5 = 1.0,7-31-52-29-19-8 = 0.5,7-48-24-30-7 = 1.0,7-21-26-36-7 = 0.5,8-53-27-8 = 1.0,7-52-29-37-7 = 0.5,7-31-21-26-36-7 = 0.5,8-33-23-39-8 = 0.531,8-33-39-8 = 0.094,8-12-47-11-8 = 0.5,8-12-9-10-49-8 = 0.062,8-12-9-58-51-4 = 0.156,8-40-44-51-43-4 = 0.531,8-25-9-51-44-4 = 0.156,8-25-9-58-46-4 = 0.125,5-35-56-14-5 = 0.5,5-18-54-34-13-5 = 1.0,5-32-55-14-5 = 0.5,5-38-50-16-5 = 0.141,5-38-41-57-4 = 0.141,5-35-38-5 = 0.5,5-56-55-32-5 = 0.5,8-49-10-58-46-4 = 0.219,4-28-15-4 = 0.859,4-17-57-4 = 0.859,4-17-15-28-4 = 0.141,5-25-49-19-37-7 = 0.5,4-45-20-44-43-4 = 0.312,4-51-46-43-4 = 0.156,5-25-10-49-47-8 = 0.219,4-45-20-40-23-8 = 0.469,4-41-50-16-5 = 0.859,4-12-47-11-8 = 0.281,4-45-20-11-8 = 0.219,8-9-58-10-46-4 = 0.5
708,99,738.642,0.0,4.257,0.0,Prune by CG,,4-22-4 = 1.0,8-33-8 = 0.316,8-39-8 = 0.596,5-42-5 = 1.0,7-36-26-7 = 0.099,7-31-52-29-19-8 = 0.45,7-31-52-37-7 = 0.099,7-48-24-30-7 = 1.0,7-21-26-36-7 = 0.55,8-53-27-8 = 1.0,7-52-29-37-7 = 0.45,7-31-29-19-11-8 = 0.099,7-31-21-26-36-7 = 0.351,8-33-23-39-8 = 0.363,8-33-39-8 = 0.041,8-33-40-11-8 = 0.281,8-40-44-51-43-4 = 0.082,8-12-9-34-13-14-5 = 0.38,8-25-58-51-47-4 = 0.105,8-25-9-46-47-8 = 0.275,5-41-50-16-5 = 0.421,5-35-56-21-7 = 0.099,5-32-55-14-5 = 0.099,5-38-50-16-5 = 0.05,5-38-41-57-4 = 0.05,5-35-38-5 = 0.901,5-25-51-44-4 = 0.035,5-56-55-32-5 = 0.901,5-18-54-13-14-5 = 0.52,5-18-25-54-5 = 0.48,5-34-51-44-15-4 = 0.064,5-34-51-44-43-4 = 0.456,5-34-13-51-43-4 = 0.099,8-49-10-58-46-4 = 0.643,8-49-10-58-15-4 = 0.094,8-49-58-51-28-4 = 0.158,4-28-15-4 = 0.792,4-17-57-4 = 0.95,4-17-15-28-4 = 0.05,5-25-49-19-37-7 = 0.105,4-45-20-44-43-4 = 0.363,8-9-46-19-37-7 = 0.082,4-45-20-40-23-8 = 0.637,4-41-50-16-5 = 0.529,4-12-47-11-8 = 0.62,8-9-10-19-37-7 = 0.263
707,99,734.411,10.75,0.026,0.031,709,710,4-22-4 = 1.0,8-33-8 = 0.25,8-39-8 = 0.5,5-42-5 = 1.0,7-31-52-29-19-8 = 0.5,7-48-24-30-7 = 1.0,7-21-26-36-7 = 0.5,8-53-27-8 = 1.0,7-52-29-37-7 = 0.5,7-31-21-26-36-7 = 0.5,8-33-23-39-8 = 0.5,8-33-40-11-8 = 0.25,8-12-47-11-8 = 0.5,8-12-9-58-51-4 = 0.25,8-40-44-51-43-4 = 0.25,8-25-9-51-44-4 = 0.25,5-35-56-14-5 = 0.5,5-18-54-34-13-5 = 1.0,5-32-55-14-5 = 0.5,5-38-50-16-5 = 0.125,5-38-41-57-4 = 0.125,5-35-38-5 = 0.5,5-56-55-32-5 = 0.5,8-49-10-58-46-4 = 0.25,4-28-15-4 = 0.875,4-17-57-4 = 0.875,4-17-15-28-4 = 0.125,5-25-49-19-37-7 = 0.5,4-45-20-44-43-4 = 0.5,4-51-46-43-4 = 0.25,5-25-10-49-47-8 = 0.25,4-45-20-40-23-8 = 0.5,4-41-50-16-5 = 0.875,4-12-47-11-8 = 0.25,5-42-38-5 = 0.25,8-9-58-10-46-4 = 0.5
709,707,734.638,0.0,0.227,0.0,Prune by CG,,4-22-4 = 1.0,8-33-8 = 0.235,8-39-8 = 0.353,5-42-5 = 1.0,7-31-52-29-19-8 = 0.294,7-48-24-30-7 = 1.0,7-21-26-36-7 = 0.706,8-53-27-8 = 1.0,7-52-29-37-7 = 0.294,7-31-21-26-36-7 = 0.294,8-33-23-39-8 = 0.176,8-33-39-8 = 0.471,8-33-40-11-8 = 0.118,8-12-47-11-8 = 0.882,8-12-9-58-51-4 = 0.118,8-40-44-51-43-4 = 0.059,7-31-52-29-14-5 = 0.412,8-25-9-51-44-4 = 0.118,8-25-9-58-46-4 = 0.059,5-18-54-34-13-5 = 0.412,5-35-38-5 = 1.0,5-56-55-32-5 = 1.0,5-18-54-13-14-5 = 0.588,5-34-51-44-43-4 = 0.588,8-49-10-58-46-4 = 0.118,8-49-10-44-43-4 = 0.059,4-15-28-4 = 1.0,4-17-57-4 = 1.0,5-25-49-19-37-7 = 0.706,4-45-20-44-43-4 = 0.176,4-51-46-43-4 = 0.118,5-25-10-49-47-8 = 0.118,4-45-20-40-23-8 = 0.824,4-41-50-16-5 = 1.0,8-9-58-10-46-4 = 0.706
710,707,735.55,0.0,1.138,0.0,Prune by CG,,4-22-4 = 1.0,5-38-5 = 0.688,5-42-5 = 1.0,7-31-52-29-19-8 = 0.5,7-48-24-30-7 = 1.0,7-21-26-36-7 = 0.5,8-53-27-8 = 1.0,7-52-29-37-7 = 0.5,7-31-21-26-36-7 = 0.5,8-33-23-39-8 = 0.438,8-33-39-8 = 0.562,8-12-47-11-8 = 0.5,8-12-9-58-51-4 = 0.188,8-40-44-51-43-4 = 0.438,8-25-9-51-44-4 = 0.188,8-25-9-58-46-4 = 0.125,5-35-56-5 = 1.0,5-18-54-34-13-5 = 1.0,5-32-55-14-5 = 1.0,5-38-50-16-5 = 0.156,5-38-41-57-4 = 0.156,8-49-10-58-46-4 = 0.188,8-49-10-44-43-4 = 0.125,4-15-28-4 = 0.844,4-17-57-4 = 0.844,4-17-15-28-4 = 0.156,5-25-49-19-37-7 = 0.5,4-45-20-44-43-4 = 0.25,4-51-46-43-4 = 0.188,5-25-10-49-47-8 = 0.187,4-45-20-40-23-8 = 0.562,4-41-50-16-5 = 0.844,4-12-47-11-8 = 0.313,4-45-20-11-8 = 0.188,8-9-58-10-46-4 = 0.5
95,62,734.736,4.8,2.826,-0.722,Prune by UB,,4-22-4 = 1.0,8-33-8 = 0.15,8-39-8 = 0.15,5-42-5 = 1.0,7-37-19-11-8 = 0.05,7-31-52-29-19-7 = 0.4,7-31-52-37-7 = 0.3,7-48-24-30-7 = 1.0,7-21-26-36-7 = 1.0,8-53-27-8 = 1.0,7-52-29-37-7 = 0.3,7-31-29-19-11-8 = 0.2,8-33-39-8 = 0.85,8-12-44-13-14-5 = 0.25,8-12-47-11-8 = 0.75,7-31-29-19-37-7 = 0.1,8-10-49-19-37-7 = 0.25,5-41-50-16-5 = 0.25,5-18-54-34-13-5 = 0.75,5-35-38-5 = 1.0,5-54-9-58-43-4 = 0.25,5-56-55-32-5 = 1.0,5-18-58-51-43-4 = 0.25,5-25-9-51-44-4 = 0.75,5-34-58-46-43-4 = 0.25,4-15-28-4 = 1.0,4-17-57-4 = 1.0,5-25-58-47-43-4 = 0.25,4-45-20-40-23-8 = 1.0,4-41-50-16-5 = 0.75,8-49-10-46-14-5 = 0.75
290,288,734.557,9.529,1.29,0.363,711,712,4-22-4 = 1.0,5-38-5 = 0.324,8-39-8 = 0.412,5-42-5 = 1.0,7-36-26-7 = 0.059,7-31-52-29-19-7 = 0.5,7-31-52-37-7 = 0.147,7-48-24-30-7 = 1.0,7-21-26-36-7 = 0.735,7-21-49-19-37-7 = 0.059,8-40-28-15-4 = 0.118,7-52-29-37-7 = 0.353,7-31-21-26-36-7 = 0.206,8-33-23-39-8 = 0.471,8-33-39-8 = 0.118,8-33-40-11-8 = 0.353,8-12-47-11-8 = 0.647,7-31-29-19-37-7 = 0.147,5-35-56-14-5 = 0.441,5-18-54-34-13-5 = 1.0,5-32-55-14-5 = 0.441,5-38-50-16-5 = 0.059,5-38-41-57-4 = 0.059,5-35-38-5 = 0.559,5-56-55-32-5 = 0.559,5-25-9-10-58-4 = 0.353,5-25-9-58-46-4 = 0.353,8-49-10-46-47-4 = 0.353,4-28-15-4 = 0.824,4-17-57-4 = 0.941,4-17-15-28-4 = 0.059,4-12-44-43-4 = 0.059,7-49-10-51-44-4 = 0.294,5-25-49-19-37-7 = 0.294,4-45-20-44-43-4 = 0.529,4-12-9-58-51-4 = 0.294,4-51-46-43-4 = 0.294,4-45-20-40-23-8 = 0.471,4-41-50-16-5 = 0.941,8-27-53-8 = 1.0,4-44-51-43-14-5 = 0.118,8-33-40-23-8 = 0.059
711,290,734.767,0.0,0.21,0.0,Prune by CG,,4-22-4 = 1.0,5-38-5 = 0.292,8-39-8 = 0.393,5-42-5 = 1.0,7-31-52-29-19-7 = 0.411,7-31-52-37-7 = 0.185,7-48-24-30-7 = 1.0,7-21-26-36-7 = 0.958,8-53-27-8 = 1.0,8-40-28-15-4 = 0.107,7-52-29-37-7 = 0.226,7-31-21-26-36-7 = 0.042,8-33-23-39-8 = 0.5,8-33-39-8 = 0.107,8-33-40-11-8 = 0.393,8-12-47-11-8 = 0.607,7-31-29-19-37-7 = 0.185,7-31-52-29-14-5 = 0.179,5-35-56-14-5 = 0.351,5-18-54-34-13-5 = 0.881,5-32-55-14-5 = 0.351,5-38-50-16-5 = 0.03,5-38-41-57-4 = 0.03,5-35-38-5 = 0.649,5-56-55-32-5 = 0.649,5-54-34-13-14-5 = 0.119,5-25-9-10-58-4 = 0.381,5-25-9-58-46-4 = 0.238,8-49-10-46-47-4 = 0.393,4-15-28-4 = 0.863,4-17-57-4 = 0.97,4-17-15-28-4 = 0.03,4-12-44-43-4 = 0.131,7-49-10-51-44-4 = 0.226,5-25-49-19-37-7 = 0.381,4-45-20-44-43-4 = 0.5,4-12-9-58-51-4 = 0.262,4-51-46-43-4 = 0.369,4-45-20-40-23-8 = 0.5,4-41-50-16-5 = 0.97,4-44-51-19-37-7 = 0.024,5-18-9-58-51-44-4 = 0.119
712,290,737.288,0.0,2.731,0.0,Prune by CG,,4-22-4 = 1.0,5-42-5 = 1.0,8-53-8 = 0.5,7-36-26-7 = 0.5,7-31-52-29-19-7 = 0.5,7-48-24-30-7 = 1.0,7-21-49-19-37-7 = 0.5,8-53-27-8 = 0.5,7-52-29-37-7 = 0.5,7-31-21-26-36-7 = 0.5,8-33-39-8 = 1.0,8-12-47-11-8 = 1.0,8-45-20-40-23-8 = 0.5,5-41-50-16-5 = 1.0,5-18-54-34-13-5 = 1.0,5-35-38-5 = 1.0,5-56-55-32-5 = 1.0,5-25-9-10-58-4 = 0.5,5-25-9-58-46-4 = 0.5,8-27-49-10-46-4 = 0.5,4-15-28-4 = 1.0,4-17-57-4 = 1.0,4-45-20-40-23-8 = 0.5,4-44-51-43-14-5 = 1.0
625,600,734.431,9.875,0.067,1.411,713,714,4-22-4 = 0.438,7-31-52-29-19-8 = 0.5,7-48-24-30-7 = 1.0,7-21-26-36-7 = 0.5,8-53-27-40-23-8 = 0.25,7-52-29-37-7 = 0.5,7-31-21-26-36-7 = 0.5,8-33-23-39-8 = 0.75,8-33-39-8 = 0.25,8-40-44-51-43-4 = 0.75,8-10-49-19-37-7 = 0.5,5-35-56-38-5 = 0.375,5-18-54-34-13-5 = 1.0,5-32-55-14-5 = 1.0,5-38-50-16-5 = 0.25,5-25-9-10-58-5 = 0.25,5-25-9-58-46-4 = 0.625,5-25-9-58-15-4 = 0.125,8-49-10-46-47-8 = 0.25,4-15-57-4 = 0.312,4-22-57-4 = 0.25,4-17-57-4 = 0.188,4-17-15-28-4 = 0.562,4-45-20-28-4 = 0.438,4-45-20-44-43-4 = 0.125,4-45-20-44-51-4 = 0.125,4-51-46-43-4 = 0.125,4-17-41-57-4 = 0.25,4-41-50-16-5 = 0.75,4-12-47-11-8 = 0.75,5-42-38-5 = 0.375,4-45-20-22-4 = 0.312,5-35-56-42-5 = 0.625,8-27-53-8 = 0.75,8-12-49-11-8 = 0.25
713,625,735.902,0.0,1.471,0.0,Prune by CG,,4-22-4 = 0.667,7-31-52-29-19-8 = 0.333,7-48-24-30-7 = 1.0,7-21-26-36-7 = 0.333,8-53-27-8 = 0.333,8-53-27-40-23-8 = 0.667,7-52-29-37-7 = 0.667,7-31-21-26-36-7 = 0.667,8-33-23-39-8 = 0.333,8-33-39-8 = 0.667,8-12-47-11-8 = 0.667,8-10-49-19-37-7 = 0.333,5-35-56-38-5 = 0.333,5-18-54-34-13-5 = 1.0,5-32-55-14-5 = 1.0,5-38-50-16-5 = 0.333,5-25-9-10-58-5 = 0.333,5-25-9-58-15-4 = 0.667,8-49-10-46-47-8 = 0.333,4-22-57-4 = 0.333,4-17-57-4 = 0.333,4-17-15-28-4 = 0.333,4-12-44-28-4 = 0.333,4-45-20-28-4 = 0.333,4-45-20-44-43-4 = 0.333,4-45-20-44-51-4 = 0.333,4-51-46-43-4 = 0.667,4-17-41-57-4 = 0.333,8-40-49-19-11-8 = 0.333,4-41-50-16-5 = 0.667,5-42-38-5 = 0.333,5-35-56-42-5 = 0.667
714,625,734.796,0.0,0.365,0.0,Prune by CG,,4-22-4 = 0.312,7-31-52-29-19-8 = 0.5,7-48-24-30-7 = 1.0,7-21-26-36-7 = 0.5,8-53-27-8 = 1.0,7-52-29-37-7 = 0.5,7-31-21-26-36-7 = 0.5,8-33-23-39-8 = 1.0,8-40-44-51-43-4 = 0.875,8-10-49-19-37-7 = 0.5,5-35-56-38-5 = 0.375,5-18-54-34-13-5 = 1.0,5-32-55-14-5 = 1.0,5-38-50-16-5 = 0.25,5-25-9-10-58-5 = 0.25,5-25-9-58-46-4 = 0.75,8-49-10-46-47-8 = 0.125,4-15-57-4 = 0.438,4-22-57-4 = 0.125,4-17-57-4 = 0.188,4-17-15-28-4 = 0.562,4-45-20-28-4 = 0.438,4-17-41-57-4 = 0.25,4-41-50-16-5 = 0.75,4-12-47-11-8 = 0.875,5-42-38-5 = 0.375,4-45-20-22-4 = 0.562,5-35-56-42-5 = 0.625,8-12-49-11-8 = 0.125,8-40-49-46-43-8 = 0.125,8-49-10-51-44-8 = 0.125
678,309,734.583,7.719,0.072,0.219,715,716,4-22-4 = 1.0,8-33-8 = 0.035,8-39-8 = 0.272,5-42-5 = 1.0,7-21-55-14-5 = 0.053,7-36-26-7 = 0.158,7-31-52-29-19-7 = 0.316,7-31-52-37-7 = 0.158,7-21-32-14-5 = 0.053,7-48-24-30-7 = 1.0,7-21-26-36-7 = 0.842,7-21-49-19-37-7 = 0.053,8-53-27-8 = 1.0,7-52-29-37-7 = 0.158,8-33-23-39-8 = 0.237,8-33-39-8 = 0.491,8-33-40-11-8 = 0.237,8-12-44-15-4 = 0.237,8-12-44-28-4 = 0.061,8-12-47-11-8 = 0.702,7-31-29-19-37-7 = 0.158,7-31-52-29-14-5 = 0.368,5-35-56-14-5 = 0.053,5-18-54-34-13-5 = 0.526,5-35-38-5 = 0.947,5-25-58-46-4 = 0.053,5-56-55-32-5 = 0.947,5-54-34-13-14-5 = 0.474,5-25-58-10-49-4 = 0.474,5-18-58-49-19-37-7 = 0.474,5-25-9-51-44-4 = 0.123,5-25-9-44-43-4 = 0.351,4-28-15-4 = 0.763,4-17-57-4 = 1.0,4-45-20-28-4 = 0.175,4-51-46-43-4 = 0.649,8-9-10-46-47-4 = 0.298,4-45-20-40-23-8 = 0.763,4-41-50-16-5 = 1.0,4-45-20-11-8 = 0.061,5-42-38-5 = 0.053,8-9-10-51-44-4 = 0.228
715,678,734.996,0.0,0.413,0.0,Prune by CG,,4-22-4 = 1.0,8-39-8 = 0.187,5-42-5 = 1.0,7-21-55-14-5 = 0.219,7-36-26-7 = 0.437,7-31-52-29-19-7 = 0.5,7-21-32-14-5 = 0.219,7-48-24-30-7 = 1.0,7-21-26-36-7 = 0.125,7-31-9-46-43-4 = 0.063,8-53-27-8 = 1.0,7-52-29-37-7 = 0.5,7-31-21-26-36-7 = 0.437,8-33-23-39-8 = 0.187,8-33-39-8 = 0.625,8-33-40-11-8 = 0.187,8-12-44-15-4 = 0.156,8-12-44-28-4 = 0.031,8-12-47-11-8 = 0.813,5-35-56-14-5 = 0.125,5-35-56-38-5 = 0.094,5-18-54-34-13-5 = 0.563,5-35-38-5 = 0.781,5-25-58-46-4 = 0.125,5-56-55-32-5 = 0.781,5-54-34-13-14-5 = 0.437,5-25-58-10-49-4 = 0.438,5-18-58-49-19-37-7 = 0.437,5-25-9-51-44-4 = 0.063,5-25-9-44-43-4 = 0.375,8-49-10-46-47-4 = 0.125,4-28-15-4 = 0.719,4-15-57-4 = 0.063,4-17-57-4 = 0.937,4-17-15-28-4 = 0.063,4-45-20-28-4 = 0.187,4-51-46-43-4 = 0.562,8-9-46-19-37-7 = 0.063,8-9-10-46-47-4 = 0.062,4-45-20-40-23-8 = 0.813,4-41-50-16-5 = 1.0,5-42-38-5 = 0.125,8-9-10-51-44-4 = 0.375
716,678,736.544,0.0,1.961,0.0,Prune by CG,,4-22-4 = 1.0,5-42-5 = 1.0,7-36-26-7 = 0.5,7-21-52-29-5 = 0.5,7-48-24-30-7 = 1.0,8-53-27-8 = 1.0,7-31-21-26-36-7 = 0.5,8-33-39-8 = 1.0,8-12-47-11-8 = 1.0,7-31-52-29-14-5 = 0.5,5-18-54-34-13-5 = 0.5,5-35-38-5 = 1.0,5-25-51-43-4 = 0.5,5-56-55-32-5 = 1.0,5-54-34-13-14-5 = 0.5,5-18-58-49-19-37-7 = 0.5,5-25-9-44-43-4 = 0.5,5-58-10-46-4 = 0.5,8-49-10-51-44-4 = 0.5,4-28-15-4 = 1.0,4-17-57-4 = 1.0,8-9-46-19-37-7 = 0.5,4-45-20-40-23-8 = 1.0,4-41-50-16-5 = 1.0
482,480,734.386,10.0,0.469,1.481,717,718,4-22-4 = 1.0,8-33-8 = 0.5,8-39-8 = 0.5,5-42-5 = 1.0,7-31-52-29-19-8 = 0.5,7-48-24-30-7 = 1.0,7-21-26-36-7 = 0.5,8-53-27-8 = 1.0,7-52-29-37-7 = 0.5,7-31-21-26-36-7 = 0.5,8-33-23-39-8 = 0.5,8-12-44-15-4 = 0.5,8-12-47-11-8 = 0.5,8-10-51-43-4 = 0.5,8-40-44-51-43-4 = 0.5,5-18-54-34-13-5 = 0.5,5-35-38-5 = 1.0,5-56-55-32-5 = 1.0,5-18-54-13-14-5 = 0.5,5-25-9-46-14-5 = 0.5,4-28-15-4 = 0.5,4-17-57-4 = 1.0,5-34-58-49-19-11-8 = 0.5,5-25-58-49-37-7 = 0.5,4-45-20-28-4 = 0.5,4-45-20-40-23-8 = 0.5,4-41-50-16-5 = 1.0,4-9-10-46-47-4 = 0.5
717,482,735.147,0.0,0.762,0.0,Prune by CG,,4-22-4 = 1.0,5-38-5 = 0.333,5-42-5 = 1.0,7-36-26-7 = 0.167,7-31-52-29-19-8 = 0.833,7-48-37-7 = 0.167,7-24-30-7 = 0.167,7-48-24-30-7 = 0.833,7-21-26-36-7 = 0.667,8-53-27-8 = 1.0,7-52-29-37-7 = 0.167,7-31-21-26-36-7 = 0.167,8-33-23-39-8 = 0.5,8-33-39-8 = 0.5,8-12-44-43-4 = 0.167,8-12-44-28-4 = 0.167,8-12-47-11-8 = 0.5,8-10-51-43-4 = 0.333,8-40-44-51-43-4 = 0.5,8-45-20-11-8 = 0.5,8-45-20-40-23-8 = 0.167,5-35-56-21-7 = 0.167,5-35-56-14-5 = 0.167,5-18-54-34-13-5 = 0.833,5-32-55-14-5 = 0.333,5-35-38-5 = 0.667,5-56-55-32-5 = 0.667,5-18-54-13-14-5 = 0.167,5-25-9-46-14-5 = 0.333,5-34-58-46-15-4 = 0.167,8-49-10-51-44-4 = 0.167,4-28-15-4 = 0.833,4-17-57-4 = 1.0,5-25-58-49-37-7 = 0.667,4-45-20-40-23-8 = 0.333,4-41-50-16-5 = 1.0,4-12-9-58-49-19-8 = 0.167,4-9-10-46-47-4 = 0.5
718,482,736.111,0.0,1.725,0.0,Prune by CG,,4-22-4 = 1.0,5-38-5 = 0.357,8-39-8 = 0.26,5-42-5 = 1.0,7-36-26-7 = 0.357,7-31-52-29-19-8 = 0.792,7-31-52-37-7 = 0.104,7-48-37-7 = 0.253,7-24-30-7 = 0.253,7-48-24-30-7 = 0.747,7-21-26-36-7 = 0.643,8-53-27-8 = 1.0,7-52-29-37-7 = 0.104,7-31-29-19-11-8 = 0.104,8-33-23-39-8 = 0.74,8-33-40-11-8 = 0.195,8-12-47-11-8 = 0.688,8-10-51-43-4 = 0.247,8-40-44-51-43-4 = 0.545,5-35-56-21-7 = 0.357,5-18-54-34-13-5 = 0.857,5-32-55-14-5 = 0.357,5-35-38-5 = 0.643,5-56-55-32-5 = 0.643,5-18-54-13-14-5 = 0.143,5-25-9-46-14-5 = 0.344,5-25-9-58-46-4 = 0.117,5-34-58-46-15-4 = 0.143,8-49-10-51-44-4 = 0.208,8-49-10-44-43-4 = 0.208,4-15-57-4 = 0.338,4-17-57-4 = 0.662,4-17-15-28-4 = 0.338,4-12-44-15-4 = 0.039,5-25-58-49-37-7 = 0.539,4-45-20-28-4 = 0.662,4-41-50-16-5 = 1.0,4-12-47-11-8 = 0.013,4-12-9-58-49-19-8 = 0.045,4-9-10-46-47-4 = 0.299,4-45-12-9-58-14-5 = 0.156,4-45-20-15-4 = 0.143,4-20-40-23-8 = 0.195,4-45-9-10-46-4 = 0.039,8-33-40-23-8 = 0.065,4-12-46-19-8 = 0.058
230,74,734.38,11.083,1.479,1.356,719,720,4-22-4 = 1.0,8-39-8 = 0.271,5-42-5 = 0.531,7-31-52-29-19-8 = 0.416,7-48-24-30-7 = 1.0,7-21-26-36-7 = 0.416,7-52-29-37-7 = 0.584,7-31-21-26-36-7 = 0.584,8-33-23-39-8 = 0.271,8-33-39-8 = 0.458,8-33-40-11-8 = 0.271,8-12-47-11-8 = 0.561,8-12-9-10-49-8 = 0.067,8-12-9-58-43-4 = 0.018,8-12-9-58-51-4 = 0.319,8-12-9-34-13-14-5 = 0.035,8-25-9-10-58-5 = 0.334,8-25-9-10-47-4 = 0.059,5-35-56-14-5 = 0.133,5-18-54-34-13-5 = 0.77,5-32-55-14-5 = 0.602,5-38-50-16-5 = 0.301,5-38-41-57-4 = 0.301,5-35-38-5 = 0.398,5-25-51-43-4 = 0.221,5-56-55-32-5 = 0.398,5-18-54-13-14-5 = 0.195,5-18-54-34-14-5 = 0.035,5-34-58-10-46-4 = 0.16,8-49-10-46-47-4 = 0.38,4-17-57-4 = 0.699,4-17-15-28-4 = 0.301,5-25-49-19-37-7 = 0.386,4-45-20-44-43-4 = 0.271,4-51-46-43-4 = 0.46,4-45-20-40-23-8 = 0.729,4-41-50-16-5 = 0.699,8-9-58-49-19-11-8 = 0.168,4-44-43-19-37-7 = 0.03,5-35-56-42-5 = 0.469,8-27-53-8 = 1.0,4-44-28-15-4 = 0.699
719,230,735.302,0.0,0.922,0.0,Prune by CG,,4-22-4 = 0.536,8-39-8 = 0.5,5-42-5 = 0.929,7-31-52-29-19-8 = 0.5,7-48-24-30-7 = 1.0,7-21-26-36-7 = 0.5,8-53-27-8 = 1.0,7-52-29-37-7 = 0.5,7-31-21-26-36-7 = 0.5,8-33-23-39-8 = 0.5,8-33-40-11-8 = 0.5,8-12-47-11-8 = 0.393,8-12-9-58-43-4 = 0.071,8-12-9-58-51-4 = 0.536,8-25-9-10-47-4 = 0.321,5-35-56-14-5 = 0.143,5-35-56-38-5 = 0.464,5-18-54-34-13-5 = 0.857,5-32-55-14-5 = 0.679,5-38-50-16-5 = 0.107,5-38-41-57-4 = 0.107,5-35-38-5 = 0.321,5-25-58-10-49-8 = 0.179,5-56-55-32-5 = 0.321,5-18-54-13-14-5 = 0.143,5-34-58-10-46-4 = 0.143,8-49-10-46-47-4 = 0.25,8-49-10-46-47-8 = 0.036,4-22-57-4 = 0.464,4-17-57-4 = 0.429,4-17-15-28-4 = 0.571,5-25-49-19-37-7 = 0.5,4-45-20-44-43-4 = 0.5,4-51-46-43-4 = 0.429,4-45-20-40-23-8 = 0.5,4-41-50-16-5 = 0.893,4-44-46-11-8 = 0.107,8-49-10-46-14-5 = 0.036,5-35-56-42-5 = 0.071,4-44-28-15-4 = 0.393,8-9-58-51-28-4 = 0.036,8-9-10-58-15-4 = 0.036
720,230,734.732,0.0,0.352,0.0,Prune by CG,,4-22-4 = 1.0,5-42-5 = 0.669,7-31-52-29-19-8 = 0.295,7-48-24-30-7 = 1.0,7-21-26-36-7 = 0.295,8-53-27-8 = 1.0,8-40-28-15-4 = 0.34,7-52-29-37-7 = 0.705,7-31-21-26-36-7 = 0.705,8-33-23-39-8 = 0.34,8-33-39-8 = 0.66,8-12-47-11-8 = 0.669,8-12-9-10-49-8 = 0.079,8-12-9-58-49-19-8 = 0.079,8-25-9-10-58-5 = 0.398,5-35-56-14-5 = 0.09,5-18-54-34-13-5 = 0.51,5-32-55-14-5 = 0.421,5-38-50-16-5 = 0.21,5-38-41-57-4 = 0.21,5-35-38-5 = 0.579,5-25-51-43-4 = 0.193,5-56-55-32-5 = 0.579,5-18-54-13-14-5 = 0.49,5-34-51-44-15-4 = 0.297,5-34-58-10-46-4 = 0.193,8-49-10-46-47-4 = 0.217,4-17-57-4 = 0.79,4-17-15-28-4 = 0.21,4-12-44-28-4 = 0.173,5-25-49-19-37-7 = 0.295,4-45-20-28-4 = 0.043,4-45-20-44-43-4 = 0.297,4-51-46-43-4 = 0.51,4-45-20-40-23-8 = 0.66,4-41-50-16-5 = 0.79,8-9-58-49-19-11-8 = 0.331,5-35-56-42-5 = 0.331,4-44-28-15-4 = 0.152,4-44-46-28-4 = 0.08,8-25-9-10-47-8 = 0.114
697,654,734.558,10.818,0.098,0.561,721,722,4-22-4 = 1.0,8-33-8 = 0.1,5-38-5 = 0.5,8-39-8 = 0.1,5-42-5 = 1.0,7-36-26-7 = 0.527,7-31-52-29-19-7 = 0.382,7-31-52-37-7 = 0.073,7-21-52-29-7 = 0.109,7-48-24-30-7 = 1.0,7-21-49-19-37-7 = 0.418,8-53-27-8 = 1.0,7-52-29-37-7 = 0.436,7-31-29-46-47-4 = 0.073,7-31-21-26-36-7 = 0.473,8-33-23-39-8 = 0.509,8-33-39-8 = 0.391,8-12-44-15-4 = 0.073,8-12-47-11-8 = 0.927,8-40-44-51-43-4 = 0.509,8-51-46-43-4 = 0.418,5-35-56-14-5 = 0.5,5-18-54-34-13-5 = 0.873,5-32-55-14-5 = 0.5,5-35-38-5 = 0.5,5-25-58-10-49-8 = 0.255,5-54-9-10-49-8 = 0.127,5-56-55-32-5 = 0.5,5-25-9-10-58-5 = 0.436,5-25-9-58-46-4 = 0.309,5-34-13-46-43-4 = 0.073,5-34-13-51-46-4 = 0.055,4-15-57-4 = 0.255,4-17-57-4 = 0.745,4-17-15-28-4 = 0.255,8-44-46-15-4 = 0.073,4-45-20-28-4 = 0.418,4-45-44-51-15-4 = 0.018,5-18-9-10-49-19-8 = 0.127,4-45-20-40-23-8 = 0.491,4-41-50-16-5 = 1.0,4-45-20-11-8 = 0.073,4-20-49-19-37-7 = 0.018,5-10-49-19-37-7 = 0.055,4-44-28-15-4 = 0.327
721,697,736.011,0.0,1.452,0.0,Prune by CG,,4-22-4 = 1.0,5-42-5 = 1.0,7-31-52-29-19-7 = 0.074,7-21-52-29-7 = 0.169,7-48-24-30-7 = 1.0,7-21-54-14-5 = 0.203,7-21-49-19-37-7 = 0.25,8-53-27-8 = 1.0,7-52-29-37-7 = 0.48,7-31-29-46-47-4 = 0.135,7-31-29-19-11-8 = 0.135,7-31-21-26-36-7 = 0.378,8-33-23-39-8 = 0.405,8-33-39-8 = 0.595,8-12-44-28-4 = 0.135,8-12-47-11-8 = 0.865,8-40-44-51-43-4 = 0.405,8-51-46-43-4 = 0.189,5-35-56-14-5 = 0.399,5-18-54-34-13-5 = 0.797,5-32-55-14-5 = 0.399,5-38-50-16-5 = 0.027,5-38-41-57-4 = 0.027,5-35-38-5 = 0.601,5-25-58-10-49-7 = 0.203,5-56-55-32-5 = 0.601,5-25-9-10-58-5 = 0.527,5-25-9-58-46-4 = 0.27,5-34-13-46-43-4 = 0.203,4-28-15-4 = 0.649,4-15-57-4 = 0.135,4-17-57-4 = 0.838,4-17-15-28-4 = 0.162,5-18-9-46-43-4 = 0.203,4-45-20-44-51-4 = 0.405,4-45-20-40-23-8 = 0.595,4-41-50-16-5 = 0.973,7-26-36-7 = 0.622,5-42-38-5 = 0.345,5-10-49-19-37-7 = 0.27,4-44-28-15-4 = 0.054,7-31-52-49-19-7 = 0.27,7-31-52-49-29-7 = 0.007
722,697,735.605,0.0,1.047,0.0,Prune by CG,,4-22-4 = 1.0,8-33-8 = 0.25,8-39-8 = 0.25,5-42-5 = 1.0,7-31-52-29-19-7 = 0.214,7-31-52-37-7 = 0.214,7-48-24-30-7 = 1.0,7-21-26-36-7 = 0.643,8-53-27-8 = 1.0,7-52-29-37-7 = 0.571,8-12-46-47-4 = 0.018,7-31-21-26-36-7 = 0.357,8-33-23-39-8 = 0.714,8-33-39-8 = 0.036,8-12-44-15-4 = 0.107,8-12-47-11-8 = 0.875,8-40-44-46-47-4 = 0.107,8-40-44-51-43-4 = 0.482,7-31-29-19-37-7 = 0.214,8-51-46-43-4 = 0.446,5-35-56-14-5 = 0.5,5-18-54-34-13-5 = 0.857,5-32-55-14-5 = 0.5,5-35-38-5 = 0.5,5-25-58-10-49-8 = 0.286,5-54-9-10-49-8 = 0.143,5-56-55-32-5 = 0.5,5-25-9-10-58-5 = 0.429,5-25-9-58-46-4 = 0.286,5-34-13-46-43-4 = 0.071,5-34-13-51-46-4 = 0.071,4-28-15-4 = 0.286,4-15-57-4 = 0.304,4-17-57-4 = 0.696,4-17-15-28-4 = 0.304,4-45-20-28-4 = 0.411,5-18-9-10-49-19-8 = 0.143,8-40-49-19-11-8 = 0.125,4-45-20-40-23-8 = 0.286,4-41-50-16-5 = 1.0,5-42-38-5 = 0.5,4-45-20-44-49-19-8 = 0.304
568,241,734.465,10.291,0.015,1.151,723,724,4-22-4 = 1.0,8-33-8 = 0.291,8-39-8 = 0.582,5-42-5 = 1.0,7-36-26-7 = 0.582,7-31-52-29-47-4 = 0.291,7-31-52-29-19-8 = 0.291,7-21-52-29-7 = 0.165,7-48-24-30-7 = 1.0,7-21-49-19-37-7 = 0.418,8-40-28-15-4 = 0.127,7-52-29-37-7 = 0.253,7-31-21-26-36-7 = 0.418,8-33-23-39-8 = 0.418,8-33-40-11-8 = 0.291,8-12-44-28-4 = 0.291,8-12-47-11-8 = 0.709,8-45-20-40-23-8 = 0.051,5-35-56-14-5 = 0.38,5-18-54-34-13-5 = 0.759,5-32-55-14-5 = 0.38,5-38-50-16-5 = 0.19,5-38-41-57-4 = 0.19,5-35-38-5 = 0.62,5-25-58-10-49-7 = 0.228,5-56-55-32-5 = 0.62,5-18-54-13-14-5 = 0.215,5-54-34-13-14-5 = 0.025,5-25-9-10-58-5 = 0.684,5-25-9-58-46-4 = 0.089,5-34-51-44-15-4 = 0.215,4-28-15-4 = 0.329,4-17-57-4 = 0.81,4-17-15-28-4 = 0.19,8-49-46-19-37-7 = 0.266,4-45-20-28-4 = 0.063,4-45-20-44-43-4 = 0.354,4-51-46-43-4 = 0.646,4-45-20-40-23-8 = 0.532,4-41-50-16-5 = 0.81,5-18-9-10-49-19-7 = 0.025,8-27-53-8 = 1.0,8-9-51-44-15-4 = 0.139,5-9-10-49-37-7 = 0.063
723,568,734.977,0.0,0.512,0.0,Prune by CG,,4-22-4 = 1.0,8-39-8 = 0.684,5-42-5 = 1.0,7-36-26-7 = 0.526,7-31-52-29-19-8 = 0.421,7-21-52-29-7 = 0.053,7-48-24-30-7 = 1.0,7-21-9-46-47-4 = 0.158,7-21-49-19-37-7 = 0.316,8-53-27-8 = 1.0,7-52-29-37-7 = 0.421,7-31-21-26-36-7 = 0.474,8-33-23-39-8 = 0.158,8-33-39-8 = 0.158,8-33-40-11-8 = 0.158,8-12-47-11-8 = 0.842,8-45-20-40-23-8 = 0.316,5-41-50-16-5 = 0.053,5-35-56-14-5 = 0.368,5-18-54-34-13-5 = 0.737,5-32-55-14-5 = 0.368,5-38-50-16-5 = 0.184,5-38-41-57-4 = 0.184,5-35-38-5 = 0.632,5-25-58-10-49-7 = 0.316,5-56-55-32-5 = 0.632,5-18-54-13-14-5 = 0.263,5-25-9-10-58-5 = 0.684,5-34-51-44-15-4 = 0.263,4-15-28-4 = 0.395,4-17-57-4 = 0.816,4-17-15-28-4 = 0.184,4-12-44-28-4 = 0.158,8-49-46-19-37-7 = 0.263,4-45-20-28-4 = 0.263,4-45-20-44-43-4 = 0.421,4-51-46-43-4 = 0.579,4-41-50-16-5 = 0.763,8-9-51-44-15-4 = 0.158,8-33-40-23-8 = 0.526,7-31-52-49-29-7 = 0.105
724,568,735.301,0.0,0.836,0.0,Prune by CG,,4-22-4 = 1.0,8-33-8 = 0.243,5-38-5 = 0.282,8-39-8 = 0.34,5-42-5 = 1.0,7-36-26-7 = 0.524,7-31-52-29-19-8 = 0.495,7-21-52-29-7 = 0.049,7-48-24-30-7 = 1.0,7-31-52-9-49-19-7 = 0.029,7-21-49-19-37-7 = 0.476,8-53-27-8 = 1.0,8-40-28-15-4 = 0.563,7-52-29-37-7 = 0.427,7-31-21-26-36-7 = 0.476,8-33-23-39-8 = 0.66,8-45-20-28-4 = 0.194,8-33-40-11-8 = 0.097,8-12-44-28-4 = 0.243,8-12-47-11-8 = 0.738,5-35-56-14-5 = 0.282,5-18-54-34-13-5 = 0.563,5-32-55-14-5 = 0.282,5-35-38-5 = 0.718,5-25-58-10-49-7 = 0.369,5-56-55-32-5 = 0.718,5-18-54-13-14-5 = 0.437,5-25-9-10-58-5 = 0.534,5-25-9-58-46-4 = 0.068,5-34-51-44-15-4 = 0.437,4-17-57-4 = 1.0,4-45-20-44-43-4 = 0.194,4-51-46-43-4 = 0.563,4-45-44-46-43-4 = 0.126,5-25-9-58-49-29-7 = 0.029,4-45-20-40-23-8 = 0.34,4-41-50-16-5 = 1.0,4-12-47-11-8 = 0.019,4-45-20-11-8 = 0.146,4-20-9-46-47-4 = 0.126,4-9-46-47-43-4 = 0.117,5-9-10-49-37-7 = 0.097
387,308,734.537,5.25,0.918,0.583,725,726,4-22-4 = 1.0,8-33-8 = 0.125,8-39-8 = 0.125,5-42-5 = 1.0,7-31-52-29-19-7 = 0.375,7-31-52-37-7 = 0.25,7-48-24-30-7 = 1.0,7-21-26-36-7 = 0.75,7-21-49-19-37-7 = 0.125,7-52-29-37-7 = 0.375,7-31-29-19-11-8 = 0.25,7-31-21-26-36-7 = 0.125,8-33-39-8 = 0.875,8-12-47-11-8 = 0.75,8-12-9-46-4 = 0.125,8-45-20-40-23-8 = 0.5,5-18-54-34-13-5 = 1.0,5-35-38-5 = 1.0,5-56-55-32-5 = 1.0,5-25-9-46-47-4 = 0.25,5-58-51-44-43-4 = 1.0,8-12-9-49-46-4 = 0.125,4-28-15-4 = 1.0,4-17-57-4 = 1.0,5-25-49-19-37-7 = 0.25,4-45-20-40-23-8 = 0.5,4-41-50-16-5 = 1.0,7-26-36-7 = 0.125,8-49-10-46-14-5 = 0.5,8-27-53-8 = 1.0,5-25-9-10-14-5 = 0.5
725,387,738.317,0.0,3.78,0.0,Prune by CG,,4-22-4 = 1.0,5-42-5 = 1.0,7-36-26-7 = 0.5,7-21-52-29-7 = 0.5,7-48-24-30-7 = 1.0,7-31-49-19-11-8 = 0.5,8-53-27-8 = 1.0,7-52-29-37-7 = 0.5,8-12-46-47-4 = 0.5,7-31-21-26-36-7 = 0.5,8-33-39-8 = 1.0,8-12-47-11-8 = 0.5,8-45-20-40-23-8 = 0.5,5-18-54-34-13-5 = 1.0,5-35-38-5 = 1.0,5-56-55-32-5 = 1.0,5-58-51-44-43-4 = 1.0,4-15-28-4 = 1.0,4-17-57-4 = 1.0,5-25-49-19-37-7 = 0.5,4-45-20-40-23-8 = 0.5,4-41-50-16-5 = 1.0,8-9-10-46-14-5 = 0.5,5-25-9-10-14-5 = 0.5
726,387,734.952,0.0,0.415,0.0,Prune by CG,,4-22-4 = 1.0,8-33-8 = 0.138,8-39-8 = 0.138,5-42-5 = 1.0,7-31-52-29-19-7 = 0.379,7-31-52-37-7 = 0.31,7-48-37-19-8 = 0.034,7-24-30-7 = 0.034,7-48-24-30-7 = 0.966,7-21-26-36-7 = 1.0,8-53-27-8 = 1.0,7-52-29-37-7 = 0.31,7-31-29-19-11-8 = 0.241,8-33-39-8 = 0.862,8-12-47-11-8 = 0.759,7-31-29-19-37-7 = 0.069,8-45-20-40-23-8 = 0.759,5-18-54-34-13-5 = 1.0,5-35-38-5 = 1.0,5-56-55-32-5 = 1.0,5-25-9-46-47-4 = 0.241,5-58-51-44-43-4 = 1.0,4-15-28-4 = 1.0,4-17-57-4 = 1.0,5-25-9-19-37-7 = 0.276,5-25-9-12-49-8 = 0.241,4-45-20-40-23-8 = 0.241,4-41-50-16-5 = 1.0,8-49-10-46-14-5 = 0.759,5-25-9-10-14-5 = 0.241
201,190,734.911,8.5,2.286,-1.853,Prune by UB,,4-22-4 = 1.0,5-42-5 = 0.5,7-31-52-29-19-8 = 0.5,7-48-24-30-7 = 1.0,7-21-26-36-7 = 0.5,8-53-27-8 = 1.0,7-52-29-37-7 = 0.5,7-31-21-26-36-7 = 0.5,8-33-23-39-8 = 1.0,8-40-44-51-43-4 = 0.75,5-18-54-34-13-5 = 0.5,5-32-55-14-5 = 0.25,5-35-38-5 = 0.75,5-56-55-32-5 = 0.75,5-18-54-13-14-5 = 0.25,5-25-9-46-47-8 = 0.25,5-18-54-34-14-5 = 0.25,5-25-9-46-14-5 = 0.25,5-34-13-51-15-4 = 0.25,8-49-10-58-46-4 = 0.5,8-49-10-58-15-4 = 0.5,4-17-57-4 = 1.0,4-12-44-43-4 = 0.25,5-25-9-19-37-7 = 0.5,4-45-20-28-4 = 0.75,4-20-40-11-8 = 0.25,4-41-50-16-5 = 1.0,4-12-47-11-8 = 0.75,5-42-38-5 = 0.25,4-45-28-15-4 = 0.25,5-35-56-42-5 = 0.25
239,110,734.149,9.333,0.418,3.667,727,728,4-22-4 = 0.5,5-42-5 = 1.0,7-31-52-29-19-8 = 0.25,7-48-37-7 = 0.25,7-30-24-26-36-7 = 0.25,7-48-24-30-7 = 0.75,7-21-26-36-7 = 0.75,8-33-23-39-8 = 0.25,8-33-39-8 = 0.75,8-12-44-28-4 = 0.25,8-12-47-11-8 = 0.75,8-40-44-51-43-4 = 0.25,8-10-49-19-37-7 = 0.75,7-31-52-29-14-5 = 0.75,5-35-56-21-7 = 0.25,5-18-54-34-13-5 = 0.75,5-32-55-14-5 = 0.25,5-38-50-16-5 = 0.25,5-35-38-5 = 0.75,5-56-55-32-5 = 0.75,5-18-54-58-13-5 = 0.25,5-25-9-51-44-4 = 0.167,5-25-9-58-46-4 = 0.25,5-25-9-58-15-4 = 0.25,5-25-9-44-43-4 = 0.333,5-34-58-46-15-4 = 0.083,5-34-58-51-28-4 = 0.167,8-49-10-46-47-8 = 0.25,4-15-57-4 = 0.083,4-22-57-4 = 0.5,4-17-57-4 = 0.167,4-17-15-28-4 = 0.583,4-51-46-43-4 = 0.417,4-17-41-57-4 = 0.25,4-45-20-40-23-8 = 0.75,4-41-50-16-5 = 0.75,4-45-20-11-8 = 0.25,8-27-53-8 = 1.0
727,239,734.91,0.0,0.761,0.0,Prune by CG,,4-22-4 = 0.333,5-42-5 = 1.0,7-48-24-30-7 = 1.0,7-52-29-46-4 = 0.333,7-21-26-36-7 = 0.667,8-53-27-8 = 1.0,7-31-21-26-36-7 = 0.333,8-33-39-8 = 1.0,8-12-47-11-8 = 1.0,8-10-49-19-37-7 = 1.0,7-31-52-29-14-5 = 0.667,5-18-54-34-13-5 = 0.333,5-35-38-5 = 1.0,5-56-55-32-5 = 1.0,5-18-54-58-13-5 = 0.333,5-18-54-13-14-5 = 0.333,5-25-9-51-44-4 = 0.333,5-25-9-44-43-4 = 0.667,5-34-58-46-15-4 = 0.333,5-34-58-51-28-4 = 0.333,4-22-57-4 = 0.667,4-17-57-4 = 0.333,4-17-15-28-4 = 0.667,4-51-46-43-4 = 0.333,4-45-20-40-23-8 = 1.0,4-41-50-16-5 = 1.0
250,93,734.758,8.478,1.637,-0.42,Prune by UB,,4-22-4 = 1.0,8-33-8 = 0.42,8-39-8 = 0.723,5-42-5 = 1.0,7-31-52-29-19-8 = 0.111,7-48-24-30-7 = 1.0,7-21-26-36-7 = 0.111,8-40-28-15-4 = 0.21,7-52-29-37-7 = 0.889,7-31-21-26-36-7 = 0.889,8-33-23-11-8 = 0.118,8-33-23-39-8 = 0.277,8-45-20-28-4 = 0.395,8-33-40-11-8 = 0.185,8-12-44-11-8 = 0.172,8-12-47-11-8 = 0.525,8-12-9-10-49-8 = 0.01,8-12-9-34-13-14-5 = 0.07,8-10-49-19-37-7 = 0.111,8-45-20-40-23-8 = 0.605,5-35-56-14-5 = 0.207,5-18-54-34-13-5 = 0.637,5-32-55-14-5 = 0.207,5-35-38-5 = 0.793,5-25-51-43-4 = 0.525,5-56-55-32-5 = 0.793,5-18-54-13-14-5 = 0.07,5-54-34-13-14-5 = 0.223,5-25-9-46-47-4 = 0.475,5-18-54-34-14-5 = 0.07,4-15-57-4 = 0.395,4-17-57-4 = 0.605,4-17-15-28-4 = 0.395,5-18-9-46-43-4 = 0.223,4-12-9-58-51-4 = 0.223,4-51-46-43-4 = 0.201,4-44-58-10-49-19-8 = 0.777,4-41-50-16-5 = 1.0,5-42-38-5 = 0.207,8-49-10-46-14-5 = 0.102,8-27-53-8 = 1.0,4-44-51-43-14-5 = 0.051
630,277,734.596,9.167,0.156,0.712,729,730,4-22-4 = 0.417,5-42-5 = 1.0,7-31-52-29-19-8 = 0.5,7-48-24-30-7 = 1.0,7-21-26-36-7 = 0.5,8-53-27-40-23-8 = 0.25,7-52-29-37-7 = 0.5,7-31-21-26-36-7 = 0.5,8-33-23-39-8 = 0.667,8-33-39-8 = 0.25,8-33-40-11-8 = 0.083,8-40-23-39-8 = 0.083,8-40-44-51-43-4 = 0.583,5-35-56-14-5 = 0.333,5-18-54-34-13-5 = 1.0,5-32-55-14-5 = 0.333,5-38-50-16-5 = 0.167,5-38-41-57-4 = 0.167,5-35-38-5 = 0.667,5-56-55-32-5 = 0.667,5-25-9-46-47-8 = 0.083,5-25-9-46-14-5 = 0.333,8-49-10-58-46-4 = 0.583,8-49-10-58-51-4 = 0.417,4-28-15-4 = 0.833,4-17-57-4 = 0.833,4-17-15-28-4 = 0.167,5-25-9-19-37-7 = 0.5,4-45-20-44-43-4 = 0.417,5-25-9-12-8 = 0.083,4-41-50-16-5 = 0.833,4-12-47-11-8 = 0.917,4-45-20-22-4 = 0.583,8-27-53-8 = 0.75
729,630,736.828,0.0,2.232,0.0,Prune by CG,,4-22-4 = 0.833,5-42-5 = 0.833,7-31-52-29-19-8 = 0.5,7-48-24-30-7 = 1.0,7-21-26-36-7 = 0.5,8-53-27-8 = 0.667,8-53-27-40-23-8 = 0.333,8-40-28-15-4 = 0.5,7-52-29-37-7 = 0.5,7-31-21-26-36-7 = 0.5,8-33-23-39-8 = 0.667,8-33-39-8 = 0.333,8-40-44-51-43-4 = 0.167,8-25-58-10-49-8 = 0.167,5-41-50-16-5 = 0.333,5-18-54-34-13-5 = 0.833,5-32-55-14-5 = 0.167,5-38-50-16-5 = 0.083,5-38-41-57-4 = 0.083,5-35-38-5 = 0.833,5-56-55-32-5 = 0.833,5-18-54-13-14-5 = 0.167,5-25-9-46-14-5 = 0.667,8-49-10-58-51-4 = 0.833,4-28-15-4 = 0.417,4-17-57-4 = 0.917,4-17-15-28-4 = 0.083,5-25-9-19-37-7 = 0.167,5-34-46-19-37-7 = 0.167,5-9-46-19-37-7 = 0.167,4-45-20-44-43-4 = 0.833,4-41-50-16-5 = 0.583,4-12-47-11-8 = 1.0,4-45-20-22-4 = 0.167,5-35-56-42-5 = 0.167
730,630,735.436,0.0,0.839,0.0,Prune by CG,,4-22-4 = 0.409,5-42-5 = 1.0,7-31-52-29-19-8 = 0.5,7-48-24-30-7 = 1.0,7-21-26-36-7 = 0.5,8-53-27-8 = 0.818,8-53-27-40-23-8 = 0.182,7-52-29-37-7 = 0.5,7-31-21-26-36-7 = 0.5,8-33-23-39-8 = 0.727,8-33-39-8 = 0.182,8-33-40-11-8 = 0.091,8-40-23-39-8 = 0.091,8-40-44-51-43-4 = 0.636,5-35-56-14-5 = 0.364,5-18-54-34-13-5 = 0.864,5-32-55-14-5 = 0.364,5-38-50-16-5 = 0.182,5-38-41-57-4 = 0.182,5-35-38-5 = 0.636,5-56-55-32-5 = 0.636,5-18-25-9-51-8 = 0.136,5-54-34-13-14-5 = 0.045,5-25-9-10-47-8 = 0.045,8-49-10-58-46-4 = 0.955,8-49-58-51-28-4 = 0.045,4-28-15-4 = 0.727,4-15-57-4 = 0.045,4-17-57-4 = 0.773,4-17-15-28-4 = 0.227,5-25-9-19-37-7 = 0.5,4-45-20-44-43-4 = 0.364,4-45-12-9-51-4 = 0.045,5-25-54-14-5 = 0.091,4-41-50-16-5 = 0.818,4-12-47-11-8 = 0.909,4-25-9-46-47-8 = 0.045,4-45-20-22-4 = 0.591,5-25-9-51-13-5 = 0.045,4-20-12-9-34-5 = 0.045,5-25-9-34-13-14-5 = 0.045,5-25-9-51-14-5 = 0.091
162,159,734.613,10.667,2.288,0.667,Prune by UB,,4-22-4 = 1.0,8-33-8 = 0.267,5-38-5 = 0.5,8-39-8 = 0.267,5-42-5 = 1.0,7-36-26-7 = 0.044,7-31-52-29-19-8 = 0.489,7-21-52-29-7 = 0.022,7-48-24-30-7 = 1.0,7-21-9-46-13-5 = 0.022,7-21-26-36-7 = 0.444,7-52-29-37-7 = 0.489,7-31-21-26-36-7 = 0.511,8-33-23-39-8 = 0.733,8-12-47-11-8 = 1.0,8-40-44-51-43-4 = 0.733,5-41-50-16-5 = 0.489,5-35-56-14-5 = 0.5,5-18-54-34-13-5 = 0.844,5-32-55-14-5 = 0.5,5-35-38-5 = 0.5,5-25-58-10-49-8 = 0.333,5-54-9-10-49-8 = 0.156,5-56-55-32-5 = 0.5,5-25-9-10-58-5 = 0.489,5-34-51-44-15-4 = 0.044,5-34-13-51-43-4 = 0.111,4-28-15-4 = 0.344,4-15-57-4 = 0.178,4-17-57-4 = 0.822,4-17-15-28-4 = 0.178,4-20-44-15-4 = 0.111,8-49-46-19-37-7 = 0.511,4-45-20-28-4 = 0.478,4-45-20-40-23-8 = 0.267,4-41-50-16-5 = 0.511,4-45-20-15-4 = 0.144,5-18-9-46-43-5 = 0.156,8-27-53-8 = 1.0,5-25-9-58-46-5 = 0.178,4-45-44-51-46-5 = 0.111,5-10-46-13-5 = 0.022
249,93,734.567,9.739,1.447,0.842,731,732,4-22-4 = 1.0,8-33-8 = 0.413,8-39-8 = 0.783,5-42-5 = 1.0,7-31-52-29-19-8 = 0.457,7-48-24-30-7 = 1.0,7-21-26-36-7 = 0.457,7-52-29-37-7 = 0.543,7-31-21-26-36-7 = 0.543,8-33-23-11-8 = 0.13,8-33-23-39-8 = 0.217,8-33-40-11-8 = 0.239,8-12-44-28-4 = 0.457,8-12-47-11-8 = 0.543,8-40-44-51-43-4 = 0.109,8-10-49-19-37-7 = 0.348,8-45-20-44-43-4 = 0.174,8-45-20-40-23-8 = 0.109,5-35-56-14-5 = 0.304,5-18-54-34-13-5 = 0.804,5-32-55-14-5 = 0.304,5-38-50-16-5 = 0.141,5-38-41-57-4 = 0.141,5-35-38-5 = 0.696,5-25-51-43-4 = 0.717,5-56-55-32-5 = 0.696,5-18-54-34-14-5 = 0.196,5-25-9-51-44-4 = 0.174,8-49-10-46-47-8 = 0.37,4-28-15-4 = 0.315,4-17-57-4 = 0.859,4-17-15-28-4 = 0.141,5-25-49-19-37-7 = 0.109,4-45-20-28-4 = 0.087,4-45-20-40-23-8 = 0.543,4-41-50-16-5 = 0.859,4-9-58-49-19-11-8 = 0.087,5-42-38-5 = 0.022,8-27-53-8 = 1.0,4-9-10-58-13-14-5 = 0.196,4-9-58-46-15-4 = 0.543,4-45-44-58-46-47-4 = 0.087,4-20-49-10-58-5 = 0.087
731,249,738.584,0.0,4.017,0.0,Prune by CG,,4-22-4 = 1.0,8-33-8 = 0.188,5-38-5 = 0.125,8-39-8 = 0.625,5-42-5 = 1.0,7-31-52-29-19-8 = 0.5,7-48-24-30-7 = 1.0,7-21-26-36-7 = 0.5,8-53-27-8 = 1.0,7-52-29-37-7 = 0.5,7-31-21-26-36-7 = 0.5,8-33-23-11-8 = 0.438,8-33-23-39-8 = 0.375,8-12-44-15-4 = 0.25,8-12-44-28-4 = 0.25,8-40-44-51-43-4 = 0.25,8-10-49-19-37-7 = 0.5,5-41-50-16-5 = 0.75,5-35-56-14-5 = 0.125,5-18-54-34-13-5 = 1.0,5-32-55-14-5 = 0.125,5-35-38-5 = 0.875,5-25-51-43-4 = 0.75,5-56-55-32-5 = 0.875,5-25-9-46-47-4 = 0.25,8-49-10-46-47-8 = 0.5,4-15-28-4 = 0.75,4-17-57-4 = 1.0,4-20-40-11-8 = 0.562,4-41-50-16-5 = 0.25,4-45-12-9-58-14-5 = 0.5,4-20-40-23-8 = 0.188,4-45-44-58-46-47-4 = 0.25,4-45-20-9-58-14-5 = 0.25
732,249,734.679,0.0,0.112,0.0,Prune by CG,,4-22-4 = 1.0,8-33-8 = 0.386,8-39-8 = 0.789,5-42-5 = 1.0,7-31-52-29-19-8 = 0.561,7-48-24-30-7 = 1.0,7-21-26-36-7 = 0.561,8-53-27-8 = 1.0,7-52-29-37-7 = 0.439,7-31-21-26-36-7 = 0.439,8-33-23-11-8 = 0.193,8-33-23-39-8 = 0.211,8-45-20-28-4 = 0.193,8-33-40-11-8 = 0.211,8-12-44-28-4 = 0.421,8-12-47-11-8 = 0.579,8-40-44-51-43-4 = 0.193,8-10-49-19-37-7 = 0.175,8-45-20-44-43-4 = 0.193,5-35-56-14-5 = 0.211,5-18-54-34-13-5 = 0.684,5-32-55-14-5 = 0.211,5-38-50-16-5 = 0.105,5-38-41-57-4 = 0.105,5-35-38-5 = 0.789,5-25-51-43-4 = 0.614,5-56-55-32-5 = 0.789,5-18-54-13-14-5 = 0.053,5-18-54-34-14-5 = 0.263,5-25-9-51-44-4 = 0.14,5-34-51-44-15-4 = 0.053,8-49-10-46-47-8 = 0.421,4-28-15-4 = 0.263,4-17-57-4 = 0.895,4-17-15-28-4 = 0.105,5-25-49-19-37-7 = 0.246,4-45-20-28-4 = 0.018,4-45-20-40-23-8 = 0.596,4-41-50-16-5 = 0.895,4-9-58-49-19-11-8 = 0.018,4-9-10-58-13-14-5 = 0.263,4-9-58-46-15-4 = 0.579,4-58-10-49-37-7 = 0.14
534,345,734.528,9.75,0.548,1.536,733,734,4-22-4 = 0.5,5-42-5 = 0.75,7-31-52-29-19-7 = 0.5,7-31-52-37-7 = 0.25,7-30-24-26-36-7 = 0.125,7-48-24-30-7 = 0.875,7-21-54-34-14-5 = 0.25,7-21-26-36-7 = 0.75,7-48-26-36-7 = 0.125,8-53-27-8 = 1.0,7-52-29-37-7 = 0.25,8-33-39-8 = 1.0,8-12-47-11-8 = 1.0,7-31-29-19-37-7 = 0.25,5-35-56-38-5 = 0.375,5-18-54-34-13-5 = 0.5,5-32-55-14-5 = 0.5,5-35-38-5 = 0.5,5-25-51-43-4 = 0.25,5-56-55-32-5 = 0.5,5-18-54-13-14-5 = 0.25,5-18-25-9-43-4 = 0.25,5-25-9-51-44-4 = 0.5,5-34-13-51-43-4 = 0.25,8-49-10-58-46-4 = 0.75,8-49-10-58-43-4 = 0.25,4-22-57-4 = 0.5,4-17-57-4 = 0.5,4-17-15-28-4 = 0.5,4-45-20-40-23-8 = 1.0,4-41-50-16-5 = 1.0,4-9-46-19-37-7 = 0.25,5-42-38-5 = 0.125,5-35-56-42-5 = 0.125,4-44-28-15-4 = 0.5
733,534,735.717,0.0,1.189,0.0,Prune by CG,,4-22-4 = 0.672,5-42-5 = 0.66,7-21-55-14-5 = 0.062,7-31-52-29-19-7 = 0.45,7-31-52-37-7 = 0.225,7-21-32-14-5 = 0.062,7-30-24-26-36-7 = 0.062,7-48-24-30-7 = 0.938,7-21-26-36-7 = 0.876,7-48-26-36-7 = 0.062,8-53-27-8 = 1.0,7-52-29-37-7 = 0.225,8-33-39-8 = 1.0,8-12-44-28-4 = 0.219,8-12-47-11-8 = 0.781,8-10-51-43-4 = 0.219,7-31-29-19-37-7 = 0.325,5-35-56-14-5 = 0.127,5-18-54-34-13-5 = 1.0,5-32-55-14-5 = 0.405,5-38-50-16-5 = 0.234,5-38-41-57-4 = 0.234,5-35-38-5 = 0.533,5-56-55-32-5 = 0.533,5-25-9-46-47-8 = 0.219,5-25-9-51-44-4 = 0.438,5-25-9-46-14-5 = 0.343,8-49-10-58-46-4 = 0.219,8-49-10-58-43-4 = 0.562,8-49-58-51-43-4 = 0.219,4-15-57-4 = 0.219,4-22-57-4 = 0.328,4-17-57-4 = 0.219,4-17-15-28-4 = 0.781,4-45-20-40-23-8 = 1.0,4-41-50-16-5 = 0.766,4-44-46-11-8 = 0.219,5-35-56-42-5 = 0.34,4-44-51-19-37-7 = 0.124,7-52-19-37-7 = 0.101
734,534,734.749,0.0,0.221,0.0,Prune by CG,,4-22-4 = 0.333,5-42-5 = 1.0,7-31-52-29-19-7 = 0.5,7-31-52-37-7 = 0.167,7-30-24-26-36-7 = 0.167,7-48-24-30-7 = 0.833,7-21-54-34-14-5 = 0.333,7-21-26-36-7 = 0.5,7-48-26-36-7 = 0.167,8-53-27-8 = 1.0,7-52-29-37-7 = 0.333,7-31-21-26-36-7 = 0.167,8-33-39-8 = 1.0,8-12-47-11-8 = 1.0,7-31-29-19-37-7 = 0.167,5-35-38-5 = 1.0,5-56-55-32-5 = 1.0,5-18-54-13-14-5 = 0.333,5-18-25-9-43-4 = 0.667,5-54-34-13-14-5 = 0.333,5-25-9-51-44-4 = 0.333,5-34-13-51-43-4 = 0.333,8-49-10-58-46-4 = 1.0,4-22-57-4 = 0.667,4-17-57-4 = 0.333,4-17-15-28-4 = 0.667,4-45-20-40-23-8 = 1.0,4-41-50-16-5 = 1.0,4-44-28-15-4 = 0.333,4-44-51-19-37-7 = 0.333
199,123,734.11,11.667,1.469,4.222,735,736,4-22-4 = 0.667,8-39-8 = 0.222,5-42-5 = 0.667,7-21-55-14-5 = 0.056,7-31-52-29-19-7 = 0.222,7-31-52-37-7 = 0.222,7-21-32-14-5 = 0.056,7-21-52-29-7 = 0.333,7-30-24-26-36-7 = 0.333,7-48-24-30-7 = 0.667,7-21-54-34-14-5 = 0.222,7-48-26-36-7 = 0.333,8-53-27-8 = 1.0,7-52-29-37-7 = 0.222,7-31-29-19-11-8 = 0.222,7-31-21-26-36-7 = 0.333,8-33-23-39-8 = 0.222,8-33-39-8 = 0.556,8-33-40-11-8 = 0.222,8-12-44-28-4 = 0.444,8-12-47-11-8 = 0.556,8-10-49-19-37-7 = 0.556,5-18-54-34-13-5 = 0.444,5-32-55-14-5 = 0.111,5-35-38-5 = 0.833,5-56-55-32-5 = 0.833,5-18-54-13-14-5 = 0.333,5-18-58-51-43-4 = 0.222,5-25-9-51-44-4 = 0.333,5-25-9-46-14-5 = 0.222,5-25-9-58-43-4 = 0.222,5-34-58-46-43-4 = 0.333,5-58-51-44-43-4 = 0.222,8-49-10-46-47-8 = 0.444,4-15-57-4 = 0.444,4-22-57-4 = 0.111,4-17-57-4 = 0.444,4-17-15-28-4 = 0.556,4-45-20-40-23-8 = 0.778,4-41-50-16-5 = 1.0,5-42-38-5 = 0.167,4-45-20-22-4 = 0.222,5-35-56-42-5 = 0.167,5-25-9-51-13-5 = 0.222
735,199,738.476,0.0,4.366,0.0,Prune by CG,,4-22-4 = 0.75,8-39-8 = 0.25,5-42-5 = 0.5,7-21-55-14-5 = 0.5,7-31-52-29-19-7 = 0.5,7-31-52-37-7 = 0.5,7-21-32-14-5 = 0.5,7-30-24-26-36-7 = 0.5,7-48-24-30-7 = 0.5,7-48-26-36-7 = 0.5,8-53-27-8 = 1.0,8-33-23-39-8 = 0.25,8-33-39-8 = 0.5,8-33-40-11-8 = 0.25,8-12-47-11-8 = 0.5,8-10-49-19-37-7 = 0.5,5-18-54-34-13-5 = 1.0,5-38-50-16-5 = 0.25,5-38-41-57-4 = 0.25,5-35-38-5 = 0.5,5-56-55-32-5 = 0.5,5-25-9-51-44-4 = 0.5,5-25-9-58-43-4 = 0.5,5-58-51-44-43-4 = 0.5,8-49-10-46-47-8 = 0.5,4-28-15-4 = 0.5,4-22-57-4 = 0.25,4-17-57-4 = 0.5,4-17-15-28-4 = 0.5,4-45-20-40-23-8 = 0.75,4-41-50-16-5 = 0.75,4-45-20-11-8 = 0.25,5-35-56-42-5 = 0.5,8-12-46-29-7 = 0.5
736,199,734.68,0.0,0.57,0.0,Prune by CG,,4-22-4 = 0.422,5-42-5 = 0.875,7-31-52-37-7 = 0.438,7-21-52-29-7 = 0.562,7-30-24-26-36-7 = 0.281,7-48-24-30-7 = 0.719,7-55-32-14-5 = 0.062,7-21-26-36-7 = 0.375,7-48-26-36-7 = 0.281,7-31-25-54-5 = 0.063,8-53-27-8 = 1.0,8-40-28-15-4 = 0.25,7-31-29-19-11-8 = 0.438,7-31-21-26-36-7 = 0.062,8-33-23-39-8 = 0.25,8-33-39-8 = 0.75,8-12-44-15-4 = 0.109,8-12-44-28-4 = 0.266,8-12-47-11-8 = 0.562,8-10-49-19-37-7 = 0.562,5-18-54-34-13-5 = 0.625,5-35-38-5 = 0.938,5-56-55-32-5 = 0.938,5-54-34-13-14-5 = 0.313,5-18-58-51-43-4 = 0.375,5-25-9-51-44-4 = 0.188,5-25-9-46-14-5 = 0.562,5-25-9-58-43-4 = 0.188,5-58-51-44-43-4 = 0.438,8-49-10-46-47-8 = 0.438,4-15-57-4 = 0.156,4-22-57-4 = 0.328,4-17-57-4 = 0.516,4-17-15-28-4 = 0.484,4-45-20-40-23-8 = 0.75,4-41-50-16-5 = 1.0,5-42-38-5 = 0.062,4-45-20-22-4 = 0.25,5-35-56-42-5 = 0.062,4-12-9-34-13-14-5 = 0.062
728,239,734.417,11.8,0.268,2.467,737,738,4-22-4 = 0.6,5-42-5 = 0.7,7-31-52-29-19-8 = 0.5,7-48-37-7 = 0.3,7-30-24-26-36-7 = 0.3,7-48-24-30-7 = 0.7,7-21-26-36-7 = 0.7,8-53-27-8 = 1.0,8-33-23-39-8 = 0.5,8-33-39-8 = 0.5,8-12-44-28-4 = 0.5,8-12-47-11-8 = 0.5,8-40-44-51-43-4 = 0.5,8-10-49-19-37-7 = 0.5,7-31-52-29-14-5 = 0.5,5-35-56-21-7 = 0.3,5-18-54-34-13-5 = 0.8,5-32-55-14-5 = 0.3,5-35-38-5 = 0.7,5-25-51-43-4 = 0.1,5-56-55-32-5 = 0.7,5-18-54-13-14-5 = 0.1,5-54-34-13-14-5 = 0.1,5-25-9-58-46-4 = 0.1,5-25-9-58-15-4 = 0.6,5-34-58-51-28-4 = 0.1,8-49-10-46-47-8 = 0.5,4-22-57-4 = 0.4,4-17-57-4 = 0.6,4-17-15-28-4 = 0.4,5-18-9-46-43-4 = 0.1,4-51-46-43-4 = 0.3,4-45-20-40-23-8 = 0.5,4-41-50-16-5 = 1.0,4-45-20-11-8 = 0.5,5-42-38-5 = 0.3,5-25-9-58-37-7 = 0.2
738,728,735.963,0.0,1.546,0.0,Prune by CG,,4-22-4 = 0.842,5-42-5 = 0.807,7-31-52-29-19-8 = 0.456,7-48-24-30-7 = 1.0,7-21-26-36-7 = 1.0,8-53-27-8 = 0.86,8-33-23-39-8 = 0.579,8-33-39-8 = 0.351,8-53-39-8 = 0.07,8-12-44-28-4 = 0.421,8-12-47-11-8 = 0.439,8-40-44-51-43-4 = 0.579,8-10-49-19-37-7 = 0.263,7-31-52-29-14-5 = 0.544,5-41-50-16-5 = 0.526,5-18-54-34-13-5 = 0.737,5-32-55-14-5 = 0.193,5-38-50-16-5 = 0.193,5-35-38-5 = 0.807,5-25-58-51-47-8 = 0.263,5-56-55-32-5 = 0.807,5-54-34-13-14-5 = 0.263,5-25-9-10-58-5 = 0.439,8-49-10-46-47-8 = 0.298,4-15-57-4 = 0.421,4-22-57-4 = 0.158,4-17-57-4 = 0.228,4-17-15-28-4 = 0.579,5-18-9-46-43-4 = 0.263,8-49-46-19-37-7 = 0.281,4-51-46-43-4 = 0.158,4-17-41-57-4 = 0.193,4-45-20-40-23-8 = 0.421,4-41-50-16-5 = 0.281,4-45-20-11-8 = 0.561,5-35-56-42-5 = 0.193,8-53-33-8 = 0.07,8-27-12-49-37-7 = 0.14,5-25-9-58-37-7 = 0.298,8-45-20-49-37-7 = 0.018
737,728,734.439,10.714,0.022,-1.086,739,740,4-22-4 = 0.571,5-42-5 = 1.0,7-31-52-29-19-8 = 0.286,7-48-37-7 = 0.286,7-30-24-26-36-7 = 0.286,7-48-24-30-7 = 0.714,7-21-26-36-7 = 0.714,8-33-23-39-8 = 0.429,8-33-39-8 = 0.571,8-12-44-28-4 = 0.429,8-12-47-11-8 = 0.429,8-40-44-51-43-4 = 0.429,8-10-49-19-37-7 = 0.571,7-31-52-29-14-5 = 0.714,5-35-56-21-7 = 0.286,5-18-54-34-13-5 = 1.0,5-32-55-14-5 = 0.286,5-38-50-16-5 = 0.286,5-35-38-5 = 0.714,5-25-51-43-4 = 0.143,5-56-55-32-5 = 0.714,5-25-9-58-46-4 = 0.286,5-25-9-58-15-4 = 0.571,8-49-10-46-47-8 = 0.429,4-22-57-4 = 0.429,4-17-57-4 = 0.286,4-17-15-28-4 = 0.429,4-51-46-43-4 = 0.286,4-17-41-57-4 = 0.286,4-45-20-40-23-8 = 0.571,4-41-50-16-5 = 0.714,4-12-47-11-8 = 0.143,4-45-20-11-8 = 0.429,4-44-43-19-37-7 = 0.143,8-27-53-8 = 1.0,5-9-58-51-28-4 = 0.143
739,737,734.987,0.0,0.548,0.0,Prune by CG,,4-22-4 = 0.532,5-42-5 = 1.0,7-31-52-29-19-8 = 0.31,7-48-37-7 = 0.262,7-30-24-26-36-7 = 0.262,7-48-24-30-7 = 0.738,7-52-58-28-4 = 0.048,7-21-26-36-7 = 0.69,8-53-27-8 = 1.0,7-31-21-26-36-7 = 0.048,8-33-23-39-8 = 0.437,8-33-39-8 = 0.563,8-12-44-28-4 = 0.087,8-12-47-11-8 = 0.611,8-40-44-51-43-4 = 0.437,8-10-49-19-37-7 = 0.69,7-31-52-29-14-5 = 0.643,5-35-56-21-7 = 0.262,5-18-54-34-13-5 = 0.905,5-32-55-14-5 = 0.262,5-38-50-16-5 = 0.262,5-35-38-5 = 0.738,5-25-51-43-4 = 0.095,5-56-55-32-5 = 0.738,5-18-54-13-14-5 = 0.024,5-54-34-13-14-5 = 0.071,5-25-9-58-46-4 = 0.468,5-25-9-58-15-4 = 0.437,5-34-58-10-46-4 = 0.024,8-49-10-46-47-8 = 0.262,4-28-15-4 = 0.095,4-22-57-4 = 0.468,4-17-57-4 = 0.27,4-17-15-28-4 = 0.468,4-20-51-43-4 = 0.048,4-12-44-28-4 = 0.302,4-51-46-43-4 = 0.222,4-17-41-57-4 = 0.262,4-45-20-40-23-8 = 0.563,4-41-50-16-5 = 0.738,4-45-20-11-8 = 0.389,4-44-51-47-43-4 = 0.127,8-45-44-49-29-37-7 = 0.048,5-18-9-51-43-4 = 0.071,5-9-58-10-46-4 = 0.024
740,737,737.766,0.0,3.327,0.0,Prune by CG,,4-22-4 = 0.257,8-39-8 = 0.365,5-42-5 = 0.973,7-31-52-29-19-8 = 0.23,7-48-37-7 = 0.189,7-30-24-26-36-7 = 0.189,7-48-24-30-7 = 0.811,7-52-29-46-4 = 0.189,7-21-26-36-7 = 0.622,8-53-27-8 = 1.0,7-31-21-26-36-7 = 0.189,8-33-23-39-8 = 0.365,8-33-39-8 = 0.27,8-33-40-11-8 = 0.365,8-12-44-43-4 = 0.73,8-12-47-11-8 = 0.27,8-10-49-19-37-7 = 0.5,7-31-52-29-14-5 = 0.581,5-35-56-21-7 = 0.189,5-18-54-34-13-5 = 0.77,5-32-55-14-5 = 0.189,5-38-50-16-5 = 0.162,5-35-38-5 = 0.811,5-56-55-32-5 = 0.811,5-18-54-13-14-5 = 0.23,5-25-9-46-47-4 = 0.23,5-25-9-58-46-4 = 0.041,5-25-9-58-51-4 = 0.73,5-34-58-51-28-4 = 0.162,5-34-58-51-15-4 = 0.068,8-49-10-46-47-8 = 0.5,4-15-57-4 = 0.095,4-22-57-4 = 0.743,4-17-15-28-4 = 0.838,4-17-41-57-4 = 0.162,4-45-20-40-23-8 = 0.635,4-41-50-16-5 = 0.838,4-45-20-11-8 = 0.365,4-44-43-19-37-7 = 0.27,5-42-38-5 = 0.027,4-51-46-37-7 = 0.041
189,188,734.811,9.333,2.389,-0.394,Prune by UB,,4-22-4 = 0.333,5-42-5 = 1.0,7-31-52-29-19-8 = 0.5,7-31-52-37-7 = 0.167,7-48-24-30-7 = 1.0,7-21-26-36-7 = 0.667,7-52-29-37-7 = 0.333,7-31-21-26-36-7 = 0.333,8-33-23-39-8 = 0.333,8-33-39-8 = 0.667,8-12-47-11-8 = 0.167,8-40-44-51-43-4 = 0.333,5-35-56-38-5 = 0.333,5-18-54-34-13-5 = 0.333,5-32-55-14-5 = 0.333,5-35-38-5 = 0.667,5-56-55-32-5 = 0.667,5-18-25-9-51-4 = 0.667,5-54-34-13-14-5 = 0.667,5-25-9-46-47-4 = 0.167,5-25-9-10-47-4 = 0.167,8-49-10-58-46-4 = 0.833,4-28-15-4 = 0.333,4-22-57-4 = 0.667,4-17-57-4 = 0.333,4-17-15-28-4 = 0.667,4-12-44-43-4 = 0.333,4-45-20-44-43-4 = 0.333,4-45-20-40-23-8 = 0.667,4-41-50-16-5 = 1.0,4-12-47-11-8 = 0.5,8-27-53-8 = 1.0,8-49-58-29-19-37-7 = 0.167,8-11-19-37-7 = 0.333
140,118,735.051,9.0,2.75,-1.966,Prune by UB,,4-22-4 = 1.0,5-42-5 = 0.6,7-31-52-29-19-8 = 0.5,7-31-52-37-7 = 0.3,7-48-24-30-7 = 1.0,7-21-26-36-7 = 0.8,7-52-29-37-7 = 0.2,7-31-21-26-36-7 = 0.2,8-33-23-39-8 = 0.4,8-33-39-8 = 0.6,8-12-44-15-4 = 0.2,8-12-44-28-4 = 0.1,8-12-47-11-8 = 0.4,8-40-49-46-43-4 = 0.3,8-40-49-51-43-4 = 0.1,5-35-56-38-5 = 0.6,5-18-54-34-13-5 = 1.0,5-32-55-14-5 = 1.0,5-38-50-16-5 = 0.2,5-38-41-57-4 = 0.2,5-25-51-43-4 = 0.5,5-25-9-10-58-5 = 0.4,5-25-9-58-51-4 = 0.1,8-49-10-46-47-4 = 0.6,4-17-57-4 = 0.8,4-17-15-28-4 = 0.2,4-12-44-28-4 = 0.1,4-12-9-58-51-4 = 0.2,4-51-46-43-4 = 0.1,4-45-20-40-23-8 = 0.6,4-41-50-16-5 = 0.8,4-45-20-11-8 = 0.4,5-35-56-42-5 = 0.4,8-27-53-8 = 1.0,8-11-19-37-7 = 0.2,4-44-28-15-4 = 0.6,4-9-58-29-19-37-7 = 0.3
163,157,734.644,7.75,1.661,0.75,Prune by UB,,4-22-4 = 0.625,5-42-5 = 0.875,7-31-52-29-19-7 = 0.25,7-31-52-37-7 = 0.25,7-48-24-30-7 = 1.0,7-21-26-36-7 = 0.75,7-52-29-37-7 = 0.5,7-31-29-19-11-8 = 0.25,7-31-21-26-36-7 = 0.25,8-33-39-8 = 1.0,8-12-47-11-8 = 0.75,8-25-9-46-47-8 = 0.25,8-44-58-10-49-19-8 = 0.25,5-35-56-14-5 = 0.125,5-35-56-38-5 = 0.625,5-18-54-34-13-5 = 1.0,5-32-55-14-5 = 0.875,5-38-50-16-5 = 0.125,5-38-41-57-4 = 0.125,5-35-38-5 = 0.125,5-25-51-43-4 = 0.5,5-56-55-32-5 = 0.125,8-49-10-51-44-4 = 0.5,4-15-57-4 = 0.25,4-22-57-4 = 0.375,4-17-57-4 = 0.25,4-17-15-28-4 = 0.75,4-12-44-28-4 = 0.25,5-25-49-19-37-7 = 0.25,4-45-20-40-23-8 = 1.0,4-41-50-16-5 = 0.875,8-9-58-10-46-4 = 0.25,5-35-56-42-5 = 0.125,8-27-53-8 = 1.0,8-9-58-46-43-4 = 0.5
323,186,734.696,8.5,1.073,0.5,Prune by UB,,4-22-4 = 1.0,8-39-8 = 0.5,5-42-5 = 1.0,7-31-52-29-19-8 = 0.5,7-48-24-30-7 = 1.0,7-21-26-36-7 = 0.5,8-53-27-8 = 1.0,7-52-29-37-7 = 0.5,7-31-21-26-36-7 = 0.5,8-33-23-39-8 = 0.5,8-40-44-51-43-4 = 0.5,5-35-56-14-5 = 0.25,5-18-54-34-13-5 = 0.5,5-32-55-14-5 = 0.25,5-35-38-5 = 0.75,5-56-55-32-5 = 0.75,5-18-25-9-51-4 = 0.5,5-54-34-13-14-5 = 0.5,8-49-10-58-46-4 = 1.0,4-28-15-4 = 0.75,4-17-57-4 = 1.0,5-25-9-19-37-7 = 0.5,4-45-20-28-4 = 0.25,4-45-20-44-43-4 = 0.5,4-41-50-16-5 = 1.0,4-12-47-11-8 = 1.0,5-42-38-5 = 0.25,4-45-20-15-4 = 0.25,8-33-40-23-8 = 0.5
538,536,734.552,10.79,0.4,1.457,741,742,4-22-4 = 0.685,5-42-5 = 1.0,7-31-52-29-19-7 = 0.146,7-31-52-29-19-8 = 0.192,7-30-24-26-36-7 = 0.073,7-48-24-30-7 = 0.927,7-21-54-34-14-5 = 0.146,7-21-26-36-7 = 0.192,7-48-26-36-7 = 0.073,8-53-27-8 = 1.0,7-52-29-37-7 = 0.662,7-31-21-26-36-7 = 0.662,8-33-23-39-8 = 0.347,8-33-39-8 = 0.653,8-12-44-28-4 = 0.342,8-12-47-11-8 = 0.329,8-12-9-46-4 = 0.242,8-40-44-51-43-4 = 0.347,8-10-49-19-37-7 = 0.078,5-35-56-38-5 = 0.498,5-18-54-34-13-5 = 0.53,5-32-55-14-5 = 0.498,5-35-38-5 = 0.502,5-25-51-43-4 = 0.342,5-25-58-10-49-8 = 0.251,5-56-55-32-5 = 0.502,5-18-54-13-14-5 = 0.324,5-18-25-58-13-5 = 0.146,8-12-9-49-46-4 = 0.087,4-15-57-4 = 0.342,4-22-57-4 = 0.315,4-17-57-4 = 0.342,4-17-15-28-4 = 0.658,5-34-58-49-19-11-8 = 0.324,5-25-49-19-37-7 = 0.26,8-9-10-46-47-4 = 0.671,4-44-58-51-43-4 = 0.279,4-45-20-40-23-8 = 0.653,4-41-50-16-5 = 1.0,4-45-20-11-8 = 0.347,4-44-51-43-14-5 = 0.032
741,538,734.867,0.0,0.315,0.0,Prune by CG,,4-22-4 = 0.832,5-42-5 = 0.665,7-21-52-29-7 = 0.097,7-30-24-26-36-7 = 0.097,7-48-24-30-7 = 0.903,7-21-54-34-14-5 = 0.097,7-48-26-36-7 = 0.097,8-53-27-8 = 1.0,7-52-29-37-7 = 0.708,7-31-21-26-36-7 = 0.805,8-33-23-39-8 = 0.2,8-33-39-8 = 0.8,8-12-44-28-4 = 0.416,8-12-47-11-8 = 0.292,8-12-9-46-4 = 0.292,8-40-44-51-43-4 = 0.2,8-10-49-19-37-7 = 0.092,7-31-52-29-14-5 = 0.195,5-18-54-34-13-5 = 0.395,5-32-55-14-5 = 0.168,5-35-38-5 = 0.832,5-25-51-43-4 = 0.616,5-56-55-32-5 = 0.832,5-18-54-13-14-5 = 0.465,5-18-25-58-13-5 = 0.141,4-15-57-4 = 0.416,4-22-57-4 = 0.168,4-17-57-4 = 0.416,4-17-15-28-4 = 0.584,5-34-58-49-19-11-8 = 0.508,5-25-49-19-37-7 = 0.2,8-9-10-46-47-4 = 0.708,4-44-58-51-43-4 = 0.151,5-25-54-14-5 = 0.043,4-44-58-10-49-19-8 = 0.2,4-45-20-40-23-8 = 0.8,4-41-50-16-5 = 1.0,4-45-20-11-8 = 0.2,5-42-38-5 = 0.168,5-35-56-42-5 = 0.168,4-44-51-43-14-5 = 0.032
742,538,735.628,0.0,1.076,0.0,Prune by CG,,4-22-4 = 0.714,5-42-5 = 1.0,7-31-52-29-19-8 = 0.5,7-48-24-30-7 = 1.0,7-21-26-36-7 = 0.5,8-53-27-8 = 1.0,7-52-29-37-7 = 0.5,7-31-21-26-36-7 = 0.5,8-33-23-39-8 = 0.381,8-33-39-8 = 0.619,8-12-44-28-4 = 0.333,8-12-47-11-8 = 0.238,8-12-9-46-4 = 0.024,8-40-44-51-43-4 = 0.381,5-35-56-38-5 = 0.952,5-18-54-34-13-5 = 0.952,5-32-55-14-5 = 0.952,5-35-38-5 = 0.048,5-25-51-43-4 = 0.19,5-25-58-10-49-8 = 0.595,5-25-58-51-47-4 = 0.214,5-56-55-32-5 = 0.048,5-18-54-13-14-5 = 0.024,5-18-54-34-14-5 = 0.024,5-34-58-51-28-4 = 0.024,8-12-9-49-46-4 = 0.405,4-15-57-4 = 0.357,4-22-57-4 = 0.286,4-17-57-4 = 0.357,4-17-15-28-4 = 0.643,8-9-10-46-47-4 = 0.405,4-44-58-51-43-4 = 0.167,4-45-20-40-23-8 = 0.619,4-41-50-16-5 = 1.0,4-45-20-11-8 = 0.381,4-44-43-19-37-7 = 0.119,8-11-19-37-7 = 0.381,8-9-51-46-13-5 = 0.024,8-9-46-47-43-4 = 0.143
364,203,734.496,11.0,0.955,2.0,743,744,4-22-4 = 1.0,5-38-5 = 0.5,8-39-8 = 0.5,5-42-5 = 1.0,7-31-52-29-19-8 = 0.5,7-48-24-30-7 = 1.0,7-21-26-36-7 = 0.5,8-53-27-8 = 1.0,7-52-29-37-7 = 0.5,7-31-21-26-36-7 = 0.5,8-33-23-39-8 = 0.5,8-12-47-11-8 = 1.0,8-40-44-51-43-4 = 0.5,5-35-56-5 = 0.5,5-35-38-5 = 0.5,5-25-58-10-49-8 = 0.5,5-56-55-32-5 = 0.5,5-54-34-13-14-5 = 1.0,5-25-9-10-58-5 = 0.5,5-18-55-32-5 = 0.5,4-15-57-4 = 0.5,4-17-57-4 = 0.5,4-17-15-28-4 = 0.5,5-18-9-46-43-4 = 0.5,8-49-46-19-37-7 = 0.5,4-45-20-28-4 = 0.5,4-45-20-44-51-4 = 0.5,4-41-50-16-5 = 1.0,8-33-40-23-8 = 0.5
743,364,735.988,0.0,1.492,0.0,Prune by CG,,4-22-4 = 1.0,5-38-5 = 1.0,5-42-5 = 1.0,7-31-52-29-19-8 = 0.5,7-48-24-30-7 = 1.0,7-21-26-36-7 = 0.5,8-53-27-8 = 1.0,7-52-29-37-7 = 0.5,7-31-21-26-36-7 = 0.5,8-33-23-39-8 = 1.0,8-12-47-11-8 = 1.0,8-40-44-51-43-4 = 1.0,5-35-56-5 = 1.0,5-25-58-10-49-8 = 0.75,5-54-34-13-14-5 = 1.0,5-25-9-10-58-5 = 0.25,5-18-55-32-5 = 1.0,4-15-57-4 = 0.5,4-17-57-4 = 0.5,4-17-15-28-4 = 0.5,8-49-46-19-37-7 = 0.25,5-9-46-19-37-7 = 0.25,4-45-20-28-4 = 0.5,4-41-50-16-5 = 1.0,4-45-20-9-46-4 = 0.5
744,364,735.166,0.0,0.67,0.0,Prune by CG,,4-22-4 = 1.0,8-39-8 = 0.607,5-42-5 = 1.0,7-31-52-29-19-8 = 0.393,7-21-52-29-7 = 0.179,7-48-24-30-7 = 1.0,7-21-26-36-7 = 0.036,7-21-49-19-37-7 = 0.179,8-53-27-8 = 1.0,7-52-29-37-7 = 0.429,7-31-21-26-36-7 = 0.607,8-33-23-11-8 = 0.036,8-33-23-39-8 = 0.393,8-12-47-11-8 = 0.964,8-40-44-51-43-4 = 0.429,5-35-38-5 = 1.0,5-25-58-10-49-8 = 0.357,5-56-55-32-5 = 1.0,5-18-54-13-14-5 = 0.321,5-54-34-13-14-5 = 0.679,5-25-9-10-58-5 = 0.607,5-18-34-46-43-4 = 0.25,5-18-34-51-46-4 = 0.036,4-28-15-4 = 0.714,4-17-57-4 = 1.0,4-20-44-15-4 = 0.036,5-18-9-46-43-4 = 0.321,8-49-46-19-37-7 = 0.393,4-45-20-28-4 = 0.286,4-45-20-44-51-4 = 0.464,4-45-44-51-15-4 = 0.071,5-18-25-58-49-47-8 = 0.036,5-18-9-10-49-19-8 = 0.036,4-41-50-16-5 = 1.0,7-26-36-7 = 0.357,4-45-20-15-4 = 0.179,8-33-40-23-8 = 0.571,4-20-12-9-34-5 = 0.036
150,148,734.946,9.296,2.6,-1.204,Prune by UB,,4-22-4 = 0.846,5-42-5 = 1.0,7-31-52-29-19-8 = 0.346,7-48-24-30-7 = 1.0,7-21-26-36-7 = 0.654,8-53-27-8 = 0.407,8-53-27-40-23-8 = 0.593,7-52-29-37-7 = 0.346,7-31-21-26-36-7 = 0.346,8-33-23-39-8 = 0.407,8-33-39-8 = 0.593,8-12-47-11-8 = 0.111,8-40-44-51-43-4 = 0.407,8-10-49-19-37-7 = 0.654,7-31-52-29-14-5 = 0.309,5-18-54-34-13-5 = 0.284,5-35-38-5 = 1.0,5-25-51-43-4 = 0.148,5-54-9-58-51-4 = 0.148,5-56-55-32-5 = 1.0,5-18-54-58-13-5 = 0.284,5-18-54-13-14-5 = 0.284,5-18-25-9-43-4 = 0.148,5-25-9-51-44-4 = 0.296,5-25-9-46-14-5 = 0.259,5-34-58-46-15-4 = 0.395,5-34-58-10-46-4 = 0.173,8-49-10-46-47-8 = 0.173,4-15-57-4 = 0.253,4-22-57-4 = 0.099,4-17-57-4 = 0.648,4-17-15-28-4 = 0.352,4-45-20-28-4 = 0.648,4-45-20-44-43-4 = 0.296,4-41-50-16-5 = 1.0,4-12-47-11-8 = 0.716,4-45-20-22-4 = 0.056,8-12-49-11-8 = 0.173,5-25-9-34-13-14-5 = 0.148
182,180,734.432,6.75,1.602,2.5,745,746,4-22-4 = 1.0,5-38-5 = 0.125,8-39-8 = 0.125,5-42-5 = 1.0,7-31-52-29-19-7 = 0.5,7-31-52-37-7 = 0.25,7-48-24-30-7 = 1.0,7-21-26-36-7 = 1.0,7-25-9-51-44-4 = 0.25,7-52-29-37-7 = 0.25,8-12-46-13-5 = 0.25,8-33-23-39-8 = 0.125,8-33-39-8 = 0.75,8-33-40-11-8 = 0.125,8-12-47-11-8 = 0.75,7-31-29-19-37-7 = 0.25,8-10-49-19-37-7 = 0.25,5-35-56-14-5 = 0.125,5-18-54-34-13-5 = 0.25,5-32-55-14-5 = 0.125,5-35-38-5 = 0.875,5-56-55-32-5 = 0.875,5-18-54-13-14-5 = 0.5,5-18-54-34-14-5 = 0.25,5-25-9-51-44-4 = 0.25,5-25-9-58-43-4 = 0.5,5-34-58-46-43-4 = 0.5,8-49-10-51-44-4 = 0.5,8-49-10-46-47-8 = 0.25,4-28-15-4 = 1.0,4-17-57-4 = 1.0,4-45-20-40-23-8 = 0.875,4-41-50-16-5 = 1.0,4-45-20-11-8 = 0.125,8-27-53-8 = 1.0
745,182,739.041,0.0,4.609,0.0,Prune by CG,,4-22-4 = 1.0,5-38-5 = 0.227,8-39-8 = 0.045,5-42-5 = 1.0,7-48-24-30-7 = 1.0,7-21-26-36-7 = 0.545,8-53-27-8 = 1.0,7-52-29-37-7 = 0.545,8-12-46-13-5 = 0.091,7-31-25-9-49-19-7 = 0.091,7-31-21-26-36-7 = 0.455,8-33-23-39-8 = 0.045,8-33-39-8 = 0.909,8-33-40-11-8 = 0.045,8-12-47-11-8 = 0.909,5-35-56-14-5 = 0.227,5-18-54-34-13-5 = 0.545,5-32-55-14-5 = 0.227,5-35-38-5 = 0.773,5-56-55-32-5 = 0.773,5-18-54-13-14-5 = 0.364,5-18-54-34-14-5 = 0.091,5-25-9-51-44-4 = 0.091,5-25-9-58-43-4 = 0.727,5-34-58-46-43-4 = 0.273,8-49-10-46-47-4 = 0.091,8-49-10-51-44-4 = 0.818,4-28-15-4 = 1.0,4-17-57-4 = 1.0,4-25-9-51-44-4 = 0.091,4-45-20-40-23-8 = 0.955,4-41-50-16-5 = 1.0,4-45-20-11-8 = 0.045,5-34-10-46-14-5 = 0.091,7-52-19-37-7 = 0.455,7-31-29-46-19-7 = 0.455
746,182,735.908,0.0,1.476,0.0,Prune by CG,,4-22-4 = 1.0,5-38-5 = 0.1,8-39-8 = 0.1,5-42-5 = 1.0,7-31-52-29-19-7 = 0.6,7-48-37-7 = 0.6,7-24-30-7 = 0.2,7-21-52-29-7 = 0.4,7-30-24-26-36-7 = 0.4,7-48-24-30-7 = 0.4,7-21-26-36-7 = 0.2,7-25-9-51-44-4 = 0.4,8-53-27-8 = 1.0,8-12-46-13-5 = 0.2,7-31-21-26-36-7 = 0.4,8-33-23-39-8 = 0.1,8-33-39-8 = 0.8,8-33-40-11-8 = 0.1,8-12-47-11-8 = 0.8,8-10-49-19-37-7 = 0.4,5-35-56-14-5 = 0.1,5-18-54-34-13-5 = 0.2,5-32-55-14-5 = 0.1,5-35-38-5 = 0.9,5-56-55-32-5 = 0.9,5-18-54-13-14-5 = 0.6,5-18-54-34-14-5 = 0.2,5-25-9-51-44-4 = 0.2,5-25-9-58-43-4 = 0.4,5-34-58-46-43-4 = 0.6,8-49-10-51-44-4 = 0.4,8-49-10-46-47-8 = 0.2,4-28-15-4 = 1.0,4-17-57-4 = 1.0,4-45-20-40-23-8 = 0.9,4-41-50-16-5 = 1.0,4-45-20-11-8 = 0.1
192,121,734.176,7.25,0.906,4.25,747,748,4-22-4 = 0.375,5-42-5 = 1.0,7-31-52-29-19-8 = 0.312,7-31-52-37-7 = 0.062,7-48-24-30-7 = 1.0,7-21-26-36-7 = 0.438,8-53-27-8 = 1.0,8-40-28-15-4 = 0.188,7-52-29-37-7 = 0.625,7-31-29-19-11-8 = 0.062,7-31-21-26-36-7 = 0.562,8-33-23-39-8 = 1.0,8-12-44-28-4 = 0.125,8-12-47-11-8 = 0.875,8-40-44-51-43-4 = 0.75,5-18-54-34-13-5 = 0.5,5-35-38-5 = 1.0,5-25-58-10-49-7 = 0.062,5-56-55-32-5 = 1.0,5-18-54-13-14-5 = 0.5,5-25-9-46-47-4 = 0.125,5-25-9-46-14-5 = 0.5,5-34-58-10-49-19-8 = 0.5,4-28-15-4 = 0.562,4-15-57-4 = 0.125,4-17-57-4 = 0.875,4-17-15-28-4 = 0.125,4-20-51-43-4 = 0.25,5-25-58-49-37-7 = 0.312,4-44-58-10-49-19-8 = 0.125,4-20-40-11-8 = 0.062,4-41-50-16-5 = 1.0,4-45-20-22-4 = 0.625,4-45-9-10-46-4 = 0.312,4-45-20-9-46-4 = 0.062
747,192,734.239,0.0,0.062,-7.25,Integer,,5-42-5 = 1.0,7-31-52-29-19-8 = 1.0,7-48-24-30-7 = 1.0,7-21-26-36-7 = 1.0,8-53-27-8 = 1.0,8-33-23-39-8 = 1.0,8-12-47-11-8 = 1.0,8-40-44-51-43-4 = 1.0,5-18-54-34-13-5 = 1.0,5-35-38-5 = 1.0,5-56-55-32-5 = 1.0,5-25-9-46-14-5 = 1.0,4-15-28-4 = 1.0,4-17-57-4 = 1.0,4-41-50-16-5 = 1.0,4-45-20-22-4 = 1.0,5-58-10-49-37-7 = 1.0
748,192,736.49,0.0,2.314,0.0,Prune by CG,,4-22-4 = 0.25,5-38-5 = 0.125,5-42-5 = 1.0,7-36-26-7 = 0.375,7-31-52-37-7 = 0.125,7-48-24-30-7 = 1.0,7-21-26-36-7 = 0.125,7-31-58-10-49-19-8 = 0.25,8-53-27-8 = 1.0,8-40-28-15-4 = 0.625,7-52-29-37-7 = 0.875,7-31-29-19-11-8 = 0.125,7-31-21-26-36-7 = 0.5,8-33-23-39-8 = 1.0,8-12-47-11-8 = 0.875,8-40-44-51-43-4 = 0.375,5-35-56-21-7 = 0.375,5-18-54-34-13-5 = 1.0,5-32-55-14-5 = 0.375,5-38-50-16-5 = 0.125,5-38-41-57-4 = 0.125,5-35-38-5 = 0.625,5-25-51-43-4 = 0.25,5-56-55-32-5 = 0.625,5-25-9-46-47-4 = 0.125,5-25-9-46-14-5 = 0.625,4-15-28-4 = 0.25,4-17-57-4 = 0.875,4-17-15-28-4 = 0.125,4-20-51-43-4 = 0.25,4-45-9-46-43-4 = 0.125,4-44-58-10-49-19-8 = 0.625,4-41-50-16-5 = 0.875,4-45-20-22-4 = 0.75,4-45-9-10-46-4 = 0.125,4-12-49-58-51-4 = 0.125
367,365,734.819,8.981,1.187,-0.019,Prune by UB,,4-22-4 = 0.467,5-42-5 = 1.0,7-36-26-7 = 0.075,7-31-52-29-19-8 = 0.415,7-48-24-30-7 = 1.0,7-31-52-54-5 = 0.075,7-21-26-36-7 = 0.849,8-53-27-8 = 0.736,8-53-27-40-23-8 = 0.264,7-52-29-37-7 = 0.075,7-31-21-26-36-7 = 0.075,8-33-23-39-8 = 0.736,8-33-39-8 = 0.264,8-12-47-11-8 = 0.679,8-40-44-51-43-4 = 0.736,7-31-52-29-14-5 = 0.358,5-35-56-14-5 = 0.283,5-18-54-34-13-5 = 0.849,5-32-55-14-5 = 0.283,5-38-50-16-5 = 0.142,5-38-41-57-4 = 0.142,5-35-38-5 = 0.717,5-56-55-32-5 = 0.717,5-18-54-13-14-5 = 0.075,5-18-25-9-43-4 = 0.038,5-18-25-9-51-4 = 0.038,5-25-9-58-46-4 = 0.925,5-34-13-51-15-4 = 0.075,5-34-58-46-43-4 = 0.075,4-15-57-4 = 0.392,4-17-57-4 = 0.467,4-17-15-28-4 = 0.533,4-45-20-28-4 = 0.467,4-10-51-43-4 = 0.151,4-41-50-16-5 = 0.858,4-12-47-11-8 = 0.321,4-10-49-19-37-7 = 0.585,4-45-20-22-4 = 0.533,4-44-10-49-37-7 = 0.264,7-31-52-49-29-7 = 0.075,7-21-49-29-37-7 = 0.075
449,362,734.55,10.0,0.554,2.0,Prune by UB,,4-22-4 = 1.0,8-33-8 = 0.25,5-38-5 = 0.25,8-39-8 = 0.25,5-42-5 = 1.0,7-31-52-29-19-8 = 0.5,7-48-24-30-7 = 1.0,7-21-26-36-7 = 0.5,8-53-27-8 = 1.0,7-52-29-37-7 = 0.5,7-31-21-26-36-7 = 0.5,8-33-23-39-8 = 0.5,8-33-39-8 = 0.25,8-45-20-28-4 = 0.5,8-40-44-51-43-4 = 0.5,8-45-20-40-23-8 = 0.5,5-35-56-14-5 = 0.25,5-18-54-34-13-5 = 0.5,5-32-55-14-5 = 0.25,5-35-38-5 = 0.75,5-25-58-10-49-8 = 0.5,5-56-55-32-5 = 0.75,5-18-54-14-5 = 0.5,5-25-9-10-58-5 = 0.5,5-34-13-46-43-4 = 0.5,4-28-15-4 = 0.5,4-17-57-4 = 1.0,8-49-46-19-37-7 = 0.5,4-41-50-16-5 = 1.0,4-12-47-11-8 = 1.0,8-9-51-44-15-4 = 0.5
280,47,734.612,10.094,1.156,1.421,Prune by UB,,4-22-4 = 0.734,5-42-5 = 0.891,7-31-52-29-19-8 = 0.328,7-31-52-37-7 = 0.031,7-48-24-30-7 = 1.0,7-21-26-36-7 = 0.359,7-52-29-37-7 = 0.641,8-12-46-19-8 = 0.328,7-31-21-26-36-7 = 0.641,8-33-23-39-8 = 0.344,8-33-39-8 = 0.656,8-12-47-11-8 = 0.656,8-40-44-51-43-4 = 0.344,5-35-56-14-5 = 0.297,5-18-54-34-13-5 = 0.703,5-32-55-14-5 = 0.406,5-38-50-16-5 = 0.203,5-38-41-57-4 = 0.203,5-35-38-5 = 0.594,5-56-55-32-5 = 0.594,5-18-54-13-14-5 = 0.297,5-25-9-10-58-5 = 0.656,5-34-58-51-28-4 = 0.266,8-49-10-46-47-4 = 0.344,8-49-51-44-43-4 = 0.391,4-15-57-4 = 0.266,4-22-57-4 = 0.266,4-17-57-4 = 0.266,4-17-15-28-4 = 0.734,5-34-58-29-19-37-7 = 0.031,8-49-44-46-43-4 = 0.266,5-25-9-19-37-7 = 0.297,4-45-20-40-23-8 = 0.656,4-41-50-16-5 = 0.797,4-25-9-58-46-4 = 0.047,4-45-20-11-8 = 0.344,5-35-56-42-5 = 0.109,8-27-53-8 = 1.0,4-12-46-19-8 = 0.016
65,64,735.962,3.0,4.451,-6.938,Prune by UB,,4-22-4 = 1.0,8-33-8 = 0.4,8-39-8 = 0.4,5-42-5 = 1.0,7-31-52-29-19-8 = 1.0,7-48-24-30-7 = 1.0,7-21-26-36-7 = 1.0,8-33-23-39-8 = 0.6,8-45-20-28-4 = 0.2,8-12-47-11-8 = 1.0,8-40-44-51-43-4 = 0.6,8-45-20-40-23-8 = 0.4,8-45-44-51-15-4 = 0.2,5-18-54-34-13-5 = 1.0,5-35-38-5 = 1.0,5-56-55-32-5 = 1.0,4-28-15-4 = 0.8,4-17-57-4 = 1.0,4-20-51-43-4 = 0.2,5-25-58-49-37-7 = 1.0,4-45-20-44-43-4 = 0.2,4-41-50-16-5 = 1.0,8-27-53-8 = 1.0,5-9-10-46-14-5 = 1.0
251,247,735.239,7.0,2.239,-2.667,Prune by UB,,4-22-4 = 1.0,5-42-5 = 1.0,7-36-26-7 = 0.556,7-31-52-37-7 = 0.333,7-21-52-29-7 = 0.333,7-21-52-34-14-5 = 0.222,7-48-24-30-7 = 1.0,7-21-26-36-7 = 0.444,7-52-49-58-51-4 = 0.111,8-33-23-39-8 = 0.222,8-33-39-8 = 0.778,8-12-47-11-8 = 0.444,8-10-51-43-4 = 0.222,8-40-44-51-43-4 = 0.222,7-31-29-19-37-7 = 0.667,8-45-20-44-43-4 = 0.222,8-51-46-43-4 = 0.111,5-18-54-34-13-5 = 0.222,5-35-38-5 = 1.0,5-56-55-32-5 = 1.0,5-18-54-13-14-5 = 0.444,5-54-34-13-14-5 = 0.333,5-25-9-58-46-4 = 0.667,5-34-58-10-46-4 = 0.222,8-49-10-51-44-4 = 0.333,8-49-10-44-43-4 = 0.222,4-28-15-4 = 1.0,4-17-57-4 = 1.0,5-18-25-9-49-19-7 = 0.333,4-45-20-40-23-8 = 0.778,4-41-50-16-5 = 1.0,4-12-47-11-8 = 0.556,8-27-53-8 = 1.0
506,504,734.582,6.464,0.919,2.064,Prune by UB,,4-22-4 = 0.196,5-42-5 = 1.0,7-31-52-29-19-7 = 0.5,7-31-52-37-7 = 0.25,7-30-24-26-36-7 = 0.125,7-48-24-30-7 = 0.875,7-21-54-34-14-5 = 0.25,7-21-26-36-7 = 0.75,7-48-26-36-7 = 0.125,7-52-29-37-7 = 0.25,8-12-46-13-5 = 0.071,8-33-39-8 = 1.0,8-12-47-11-8 = 0.571,7-31-29-19-37-7 = 0.25,5-18-54-34-13-5 = 0.107,5-35-38-5 = 1.0,5-56-55-32-5 = 1.0,5-18-54-13-14-5 = 0.536,5-18-25-9-43-4 = 0.357,5-54-34-13-14-5 = 0.107,5-25-9-58-46-4 = 0.429,5-25-9-58-43-4 = 0.107,5-34-13-46-43-4 = 0.071,5-34-58-46-43-4 = 0.357,8-49-10-46-47-4 = 0.071,8-49-10-51-44-4 = 0.929,4-28-15-4 = 0.196,4-22-57-4 = 0.804,4-17-57-4 = 0.196,4-17-15-28-4 = 0.804,5-25-58-47-43-4 = 0.107,4-45-20-40-23-8 = 1.0,4-41-50-16-5 = 1.0,4-12-47-11-8 = 0.25,8-27-53-8 = 1.0,4-12-9-34-13-14-5 = 0.107,8-11-19-37-7 = 0.179,4-44-51-19-37-7 = 0.071
222,215,734.896,9.154,1.788,0.154,Prune by UB,,4-22-4 = 0.769,5-42-5 = 1.0,7-31-52-29-19-8 = 0.231,7-48-24-30-7 = 1.0,7-21-26-36-7 = 0.462,7-52-29-37-7 = 0.538,7-31-21-26-36-7 = 0.538,8-33-23-39-8 = 1.0,8-40-44-51-43-4 = 0.692,7-31-52-29-14-5 = 0.231,5-41-50-16-5 = 0.577,5-35-56-14-5 = 0.346,5-18-54-34-13-5 = 0.923,5-32-55-14-5 = 0.346,5-38-50-16-5 = 0.346,5-35-38-5 = 0.654,5-25-58-51-47-8 = 0.077,5-56-55-32-5 = 0.654,5-54-34-13-14-5 = 0.077,5-25-9-10-58-5 = 0.769,5-25-9-58-46-8 = 0.154,8-49-10-46-47-8 = 0.231,4-15-57-4 = 0.385,4-17-57-4 = 0.269,4-17-15-28-4 = 0.385,4-12-44-15-4 = 0.231,8-49-46-19-37-7 = 0.462,4-45-20-28-4 = 0.615,4-45-20-44-43-4 = 0.077,4-51-46-43-4 = 0.154,4-17-41-57-4 = 0.346,8-40-49-19-11-8 = 0.308,4-41-50-16-5 = 0.077,4-12-47-11-8 = 0.692,4-45-20-22-4 = 0.231,4-45-20-12-4 = 0.077,8-27-53-8 = 1.0,5-18-9-51-43-4 = 0.077
103,96,734.969,5.556,2.941,-0.271,Prune by UB,,4-22-4 = 1.0,8-33-8 = 0.167,8-39-8 = 0.167,5-42-5 = 1.0,7-31-52-29-19-7 = 0.333,7-31-52-37-7 = 0.333,7-48-24-30-7 = 1.0,7-21-26-36-7 = 1.0,8-53-27-8 = 1.0,7-52-29-37-7 = 0.333,7-31-29-19-11-8 = 0.333,8-33-39-8 = 0.833,8-12-44-15-4 = 0.056,8-12-44-28-4 = 0.056,8-12-47-11-8 = 0.667,8-12-9-10-49-8 = 0.222,8-10-49-19-37-7 = 0.333,8-45-20-40-23-8 = 0.444,5-41-50-16-5 = 0.222,5-18-54-34-13-5 = 1.0,5-35-38-5 = 1.0,5-56-55-32-5 = 1.0,5-25-9-51-44-4 = 0.778,8-49-10-46-47-4 = 0.333,8-49-10-51-44-4 = 0.111,5-58-46-43-14-5 = 0.667,4-15-28-4 = 0.944,4-17-57-4 = 1.0,4-45-20-40-23-8 = 0.556,4-41-50-16-5 = 0.778,5-25-58-43-14-5 = 0.222,5-58-51-43-14-5 = 0.111
243,233,734.909,9.458,1.898,0.151,Prune by UB,,4-22-4 = 1.0,8-33-8 = 0.187,8-39-8 = 0.187,5-42-5 = 1.0,7-36-26-7 = 0.083,7-31-52-29-19-8 = 0.5,7-31-52-37-7 = 0.292,7-48-24-30-7 = 1.0,7-21-26-36-7 = 0.792,7-52-29-37-7 = 0.208,7-31-21-26-36-7 = 0.125,8-33-23-39-8 = 0.542,8-33-39-8 = 0.271,8-12-10-58-5 = 0.208,8-12-44-43-4 = 0.208,8-12-47-11-8 = 0.583,8-40-44-51-43-4 = 0.542,7-31-29-19-37-7 = 0.083,8-10-49-19-37-7 = 0.208,5-35-56-21-7 = 0.083,5-35-56-14-5 = 0.229,5-18-54-34-13-5 = 0.542,5-32-55-14-5 = 0.312,5-38-50-16-5 = 0.062,5-38-41-57-4 = 0.062,5-35-38-5 = 0.688,5-56-55-32-5 = 0.688,5-18-25-9-51-4 = 0.458,5-54-34-13-14-5 = 0.458,5-25-9-46-47-4 = 0.417,5-25-9-44-43-4 = 0.125,4-28-15-4 = 0.938,4-17-57-4 = 0.938,4-17-15-28-4 = 0.062,4-45-20-44-43-4 = 0.125,4-45-20-40-23-8 = 0.458,4-41-50-16-5 = 0.938,4-45-20-11-8 = 0.417,5-42-38-5 = 0.188,8-27-53-8 = 1.0,8-49-10-58-46-8 = 0.583,8-49-58-29-19-37-7 = 0.208
373,328,735.585,3.0,2.015,-4.375,Prune by UB,,4-22-4 = 0.5,5-42-5 = 1.0,7-48-24-30-7 = 1.0,7-21-26-36-7 = 1.0,8-53-27-8 = 1.0,8-33-23-39-8 = 1.0,8-45-20-28-4 = 0.5,8-40-44-51-43-4 = 1.0,7-31-52-29-14-5 = 1.0,8-45-20-22-4 = 0.5,5-18-54-34-13-5 = 1.0,5-35-38-5 = 1.0,5-25-58-10-49-8 = 1.0,5-56-55-32-5 = 1.0,4-15-57-4 = 0.5,4-17-57-4 = 0.5,4-17-15-28-4 = 0.5,5-9-46-19-37-7 = 1.0,4-41-50-16-5 = 1.0,4-12-47-11-8 = 1.0
266,257,734.861,9.48,1.347,0.73,Prune by UB,,4-22-4 = 0.65,5-42-5 = 0.837,7-31-52-29-19-8 = 0.463,7-31-52-37-7 = 0.407,7-30-24-26-36-7 = 0.065,7-48-21-26-7 = 0.065,7-48-24-30-7 = 0.935,7-21-26-36-7 = 0.87,7-52-29-37-7 = 0.13,8-33-23-39-8 = 0.252,8-33-39-8 = 0.748,8-12-47-11-8 = 0.919,8-40-44-51-43-4 = 0.252,7-31-29-19-37-7 = 0.13,5-35-56-21-7 = 0.065,5-35-56-36-7 = 0.065,5-18-54-34-13-5 = 0.537,5-32-55-14-5 = 0.179,5-38-50-16-5 = 0.146,5-38-41-57-4 = 0.146,5-35-38-5 = 0.707,5-25-51-43-4 = 0.171,5-54-9-58-51-4 = 0.114,5-56-55-32-5 = 0.707,5-18-54-13-14-5 = 0.35,5-25-9-46-47-4 = 0.057,5-18-55-32-5 = 0.114,5-25-9-51-44-4 = 0.293,5-25-9-58-46-4 = 0.48,5-34-13-51-43-4 = 0.114,4-15-57-4 = 0.252,4-22-57-4 = 0.35,4-17-57-4 = 0.252,4-17-15-28-4 = 0.748,5-34-58-29-19-37-7 = 0.276,4-45-20-28-4 = 0.252,4-12-9-58-51-4 = 0.057,4-45-20-40-23-8 = 0.748,4-41-50-16-5 = 0.854,4-12-47-11-8 = 0.024,8-49-10-46-14-5 = 0.463,5-35-56-42-5 = 0.163,5-34-58-10-49-19-5 = 0.073,8-27-53-8 = 1.0,8-11-19-37-7 = 0.057,8-49-10-44-43-5 = 0.455,8-49-10-43-14-5 = 0.008
33,17,735.394,5.301,4.283,-1.973,Prune by UB,,4-22-4 = 1.0,8-33-8 = 0.126,8-39-8 = 0.197,5-42-5 = 1.0,7-31-52-29-19-7 = 0.29,7-31-52-29-19-8 = 0.066,7-48-24-30-7 = 1.0,7-31-52-54-5 = 0.29,7-21-26-36-7 = 0.934,7-52-29-37-7 = 0.355,8-12-46-13-5 = 0.158,7-31-21-26-36-7 = 0.066,8-33-23-39-8 = 0.071,8-33-39-8 = 0.732,8-33-40-11-8 = 0.071,8-12-44-28-4 = 0.005,8-12-47-11-8 = 0.836,7-31-29-19-37-7 = 0.29,5-35-38-5 = 1.0,5-25-58-46-4 = 0.049,5-25-58-51-47-4 = 0.109,5-56-55-32-5 = 1.0,5-18-25-9-43-4 = 0.552,5-54-34-13-14-5 = 0.71,5-25-58-51-14-5 = 0.158,5-34-58-46-15-4 = 0.027,5-34-58-10-46-4 = 0.262,8-49-10-46-47-4 = 0.055,8-49-10-51-44-4 = 0.683,4-15-28-4 = 0.973,4-17-57-4 = 1.0,5-18-9-46-43-4 = 0.448,4-45-20-28-4 = 0.022,4-45-20-44-51-4 = 0.049,4-45-20-40-23-8 = 0.929,4-41-50-16-5 = 1.0,4-44-58-49-19-37-7 = 0.262,8-27-53-8 = 1.0,8-11-19-37-7 = 0.093,5-25-58-13-14-5 = 0.131
340,144,735.171,8.5,2.148,-1.0,Prune by UB,,4-22-4 = 0.917,5-42-5 = 1.0,7-31-52-29-19-8 = 0.5,7-48-24-30-7 = 1.0,7-21-26-36-7 = 0.5,8-53-27-8 = 0.5,8-53-27-40-23-8 = 0.5,7-52-29-37-7 = 0.5,7-31-21-26-36-7 = 0.5,8-33-23-39-8 = 0.333,8-33-39-8 = 0.5,8-33-40-11-8 = 0.167,8-40-23-39-8 = 0.167,8-12-47-11-8 = 0.667,5-35-56-38-5 = 1.0,5-18-54-34-13-5 = 1.0,5-32-55-14-5 = 1.0,5-25-9-46-47-8 = 0.333,5-25-9-51-44-4 = 0.333,8-49-10-58-46-4 = 0.333,8-49-10-58-43-4 = 0.667,4-15-57-4 = 0.25,4-17-57-4 = 0.75,4-17-15-28-4 = 0.25,4-12-44-15-4 = 0.333,5-25-9-19-37-7 = 0.333,4-45-20-28-4 = 0.75,4-51-46-43-4 = 0.333,4-45-44-51-15-4 = 0.167,4-20-40-11-8 = 0.167,4-41-50-16-5 = 1.0,4-45-20-22-4 = 0.083,4-44-51-19-37-7 = 0.167
324,186,734.731,10.0,1.108,2.0,Prune by UB,,4-22-4 = 1.0,5-42-5 = 1.0,7-31-52-29-19-8 = 0.5,7-48-24-30-7 = 1.0,7-21-26-36-7 = 0.5,8-53-27-8 = 1.0,7-52-29-37-7 = 0.5,7-31-21-26-36-7 = 0.5,8-33-23-39-8 = 0.5,8-33-39-8 = 0.5,8-40-44-51-43-4 = 0.5,8-45-20-40-23-8 = 0.5,5-35-56-14-5 = 0.5,5-18-54-34-13-5 = 1.0,5-32-55-14-5 = 0.5,5-35-38-5 = 0.5,5-56-55-32-5 = 0.5,5-25-9-46-47-4 = 0.5,8-49-10-58-46-4 = 0.5,8-49-10-58-51-4 = 0.5,4-28-15-4 = 1.0,4-17-57-4 = 1.0,4-12-44-43-4 = 0.5,5-25-9-19-37-7 = 0.5,4-41-50-16-5 = 1.0,4-12-47-11-8 = 0.5,4-45-20-11-8 = 0.5,5-42-38-5 = 0.5
303,284,734.92,11.083,1.536,0.833,Prune by UB,,4-22-4 = 1.0,8-33-8 = 0.5,8-39-8 = 0.5,5-42-5 = 1.0,8-53-8 = 0.167,7-36-26-7 = 0.167,7-31-52-29-19-8 = 0.333,7-31-52-37-7 = 0.167,7-48-24-30-7 = 1.0,7-21-26-36-7 = 0.5,7-52-29-37-7 = 0.5,7-31-21-26-36-7 = 0.333,8-33-23-39-8 = 0.333,8-33-39-8 = 0.167,8-12-44-28-4 = 0.333,8-12-47-11-8 = 0.667,7-31-29-19-37-7 = 0.167,5-41-50-16-5 = 0.25,5-35-56-21-7 = 0.167,5-35-56-14-5 = 0.417,5-18-54-34-13-5 = 1.0,5-32-55-14-5 = 0.583,5-38-50-16-5 = 0.292,5-38-41-57-4 = 0.292,5-35-38-5 = 0.417,5-56-55-32-5 = 0.417,5-25-9-10-58-5 = 1.0,8-27-49-46-15-4 = 0.167,8-49-51-46-47-4 = 0.333,8-49-51-44-15-4 = 0.167,4-28-15-4 = 0.375,4-17-57-4 = 0.708,4-17-15-28-4 = 0.292,4-45-20-44-43-4 = 0.333,4-51-46-43-4 = 0.5,8-40-49-19-11-8 = 0.333,4-45-20-40-23-8 = 0.667,4-41-50-16-5 = 0.458,4-44-43-19-37-7 = 0.167,8-27-53-8 = 0.833
204,89,734.962,9.6,2.251,0.8,Prune by UB,,4-22-4 = 1.0,8-33-8 = 0.3,5-38-5 = 0.2,8-39-8 = 0.4,5-42-5 = 1.0,7-36-26-7 = 0.4,7-31-52-29-19-8 = 0.4,7-21-52-29-7 = 0.2,7-48-24-30-7 = 1.0,7-21-49-19-37-7 = 0.2,8-53-27-8 = 1.0,8-40-28-15-4 = 0.4,7-52-29-37-7 = 0.4,7-31-21-26-36-7 = 0.6,8-33-23-11-8 = 0.1,8-33-23-39-8 = 0.6,8-12-44-15-4 = 0.1,8-12-47-11-8 = 0.3,8-40-44-51-43-4 = 0.3,8-45-20-44-43-4 = 0.1,8-51-46-43-4 = 0.2,5-35-38-5 = 0.8,5-25-58-10-49-8 = 0.3,5-56-55-32-5 = 0.8,5-18-54-13-14-5 = 0.5,5-54-34-13-14-5 = 0.5,5-25-9-10-58-5 = 0.7,5-18-55-32-5 = 0.2,5-34-51-44-15-4 = 0.5,4-17-57-4 = 1.0,5-18-9-46-43-4 = 0.3,8-49-46-19-37-7 = 0.4,4-45-20-28-4 = 0.6,4-45-20-40-23-8 = 0.3,4-41-50-16-5 = 1.0,4-12-47-11-8 = 0.6,5-35-56-42-5 = 0.2,8-49-46-47-43-5 = 0.1
172,138,734.875,8.486,2.452,1.619,Prune by UB,,4-22-4 = 1.0,8-33-8 = 0.221,8-39-8 = 0.221,5-42-5 = 1.0,7-36-26-7 = 0.457,7-31-52-29-19-7 = 0.486,7-48-24-30-7 = 1.0,7-21-26-36-7 = 0.086,7-21-49-19-37-7 = 0.457,7-31-49-10-58-44-4 = 0.057,7-52-29-37-7 = 0.514,7-31-21-26-36-7 = 0.457,8-33-23-39-8 = 0.214,8-33-39-8 = 0.564,8-12-47-11-8 = 0.757,8-10-51-43-4 = 0.571,8-51-46-43-4 = 0.029,8-40-49-46-43-4 = 0.214,5-18-54-34-13-5 = 0.343,5-35-38-5 = 1.0,5-56-55-32-5 = 1.0,5-18-54-13-14-5 = 0.314,5-54-34-13-14-5 = 0.314,5-18-25-9-58-14-5 = 0.343,5-25-9-51-44-4 = 0.4,5-25-9-58-46-4 = 0.2,5-34-58-10-46-4 = 0.343,8-49-10-46-47-4 = 0.029,8-49-46-47-43-4 = 0.186,4-28-15-4 = 0.564,4-17-57-4 = 1.0,4-12-44-28-4 = 0.107,4-12-44-15-4 = 0.107,5-25-49-19-37-7 = 0.029,5-54-9-58-49-19-7 = 0.029,5-25-9-58-13-14-5 = 0.029,4-45-20-40-23-8 = 0.786,4-41-50-16-5 = 1.0,4-12-47-11-8 = 0.029,4-45-20-11-8 = 0.214,8-27-53-8 = 1.0,4-44-28-15-4 = 0.329
174,102,734.851,11.0,2.427,2.0,Prune by UB,,4-22-4 = 1.0,5-38-5 = 0.5,8-39-8 = 0.5,5-42-5 = 1.0,7-31-52-29-19-8 = 0.5,7-48-24-30-7 = 1.0,7-21-26-36-7 = 0.5,7-52-29-37-7 = 0.5,7-31-21-26-36-7 = 0.5,8-33-23-39-8 = 0.5,8-33-40-11-8 = 0.5,8-12-47-11-8 = 0.5,5-35-56-14-5 = 0.5,5-18-54-34-13-5 = 1.0,5-32-55-14-5 = 0.5,5-35-38-5 = 0.5,5-56-55-32-5 = 0.5,5-25-9-51-44-4 = 0.5,8-49-10-58-46-4 = 0.5,8-49-10-58-15-4 = 0.5,4-15-28-4 = 0.5,4-17-57-4 = 1.0,4-12-44-28-4 = 0.5,5-25-9-19-37-7 = 0.5,4-51-46-43-4 = 0.5,4-45-20-40-23-8 = 0.5,4-41-50-16-5 = 1.0,8-27-53-8 = 1.0,4-45-20-47-43-4 = 0.5
108,86,735.04,11.636,3.136,1.021,Prune by UB,,4-22-4 = 1.0,5-42-5 = 1.0,7-31-52-29-19-8 = 0.364,7-30-24-26-36-7 = 0.182,7-48-21-26-7 = 0.091,7-48-24-30-7 = 0.818,7-21-52-9-58-5 = 0.273,7-21-26-36-7 = 0.091,7-48-26-36-7 = 0.091,7-31-25-9-58-44-4 = 0.091,8-53-27-8 = 0.909,7-52-29-37-7 = 0.364,7-31-21-26-36-7 = 0.545,8-33-23-39-8 = 0.455,8-33-39-8 = 0.455,8-33-40-11-8 = 0.091,8-53-39-8 = 0.091,8-12-44-28-4 = 0.545,8-12-47-11-8 = 0.455,8-40-44-51-43-4 = 0.364,8-10-49-19-37-7 = 0.364,5-35-56-36-7 = 0.091,5-35-56-14-5 = 0.455,5-18-54-34-13-5 = 1.0,5-32-55-14-5 = 0.545,5-38-50-16-5 = 0.545,5-35-38-5 = 0.455,5-25-51-43-4 = 0.636,5-56-55-32-5 = 0.455,8-49-10-46-47-8 = 0.545,4-15-57-4 = 0.455,4-17-15-28-4 = 0.455,4-17-41-57-4 = 0.545,4-45-20-40-23-8 = 0.545,4-41-50-16-5 = 0.455,4-25-9-58-46-4 = 0.273,4-45-20-11-8 = 0.455,4-9-58-10-46-4 = 0.091,8-27-49-29-19-37-7 = 0.091,4-9-58-46-15-4 = 0.091,4-9-58-29-19-37-7 = 0.182
352,350,735.019,6.875,1.527,1.101,Prune by UB,,4-22-4 = 1.0,8-33-8 = 0.094,8-39-8 = 0.344,5-42-5 = 1.0,7-36-26-7 = 0.5,7-31-52-29-19-8 = 0.062,7-21-52-29-5 = 0.5,7-48-24-30-7 = 1.0,7-31-52-54-5 = 0.063,8-53-27-8 = 1.0,7-31-21-26-36-7 = 0.5,8-33-23-39-8 = 0.25,8-33-39-8 = 0.406,8-33-40-11-8 = 0.25,8-10-49-19-37-7 = 0.938,7-31-52-29-14-5 = 0.375,8-45-20-40-23-8 = 0.625,5-18-54-34-13-5 = 0.25,5-35-38-5 = 1.0,5-56-55-32-5 = 1.0,5-18-54-13-14-5 = 0.625,5-25-9-46-47-4 = 0.219,5-25-9-10-49-8 = 0.031,5-18-58-51-43-4 = 0.125,5-25-9-51-44-4 = 0.625,5-34-58-46-43-4 = 0.75,5-58-51-44-43-4 = 0.125,8-49-10-46-47-4 = 0.031,4-15-28-4 = 0.75,4-17-57-4 = 1.0,4-12-44-15-4 = 0.25,4-45-20-28-4 = 0.25,5-54-29-37-7 = 0.062,4-45-20-40-23-8 = 0.125,4-41-50-16-5 = 1.0,4-12-47-11-8 = 0.75,5-25-9-51-13-5 = 0.125
235,154,734.696,7.667,1.695,2.892,Prune by UB,,4-22-4 = 1.0,5-38-5 = 0.167,8-39-8 = 0.083,5-42-5 = 1.0,7-36-26-7 = 0.167,7-31-52-29-19-8 = 0.5,7-48-37-7 = 0.167,7-24-30-7 = 0.167,7-48-24-30-7 = 0.833,7-21-26-36-7 = 0.833,8-33-23-39-8 = 0.083,8-33-39-8 = 0.833,8-33-40-11-8 = 0.083,8-12-44-15-4 = 0.083,8-12-44-28-4 = 0.25,8-12-47-11-8 = 0.667,8-10-49-19-37-7 = 0.333,7-31-52-29-14-5 = 0.5,5-35-56-21-7 = 0.167,5-18-54-34-13-5 = 0.667,5-32-55-14-5 = 0.167,5-35-38-5 = 0.833,5-56-55-32-5 = 0.833,5-18-54-13-14-5 = 0.333,5-25-9-46-47-4 = 0.333,5-25-9-58-43-4 = 0.667,5-34-58-46-43-4 = 0.333,8-49-10-51-44-4 = 0.667,4-15-28-4 = 0.583,4-15-57-4 = 0.167,4-17-57-4 = 0.833,4-17-15-28-4 = 0.167,4-45-20-40-23-8 = 0.917,4-41-50-16-5 = 1.0,4-45-20-11-8 = 0.083,8-27-53-8 = 1.0,8-11-19-37-7 = 0.167,4-51-46-37-7 = 0.333
164,157,734.765,9.667,1.782,2.667,Prune by UB,,4-22-4 = 0.5,5-42-5 = 1.0,7-31-52-29-19-8 = 0.333,7-48-37-7 = 0.333,7-30-24-26-36-7 = 0.333,7-48-24-30-7 = 0.667,7-21-26-36-7 = 0.667,8-33-23-39-8 = 0.333,8-33-39-8 = 0.667,8-12-47-11-8 = 0.333,8-40-44-51-43-4 = 0.333,7-31-52-29-14-5 = 0.667,5-35-56-21-7 = 0.333,5-18-54-34-13-5 = 1.0,5-32-55-14-5 = 0.333,5-38-50-16-5 = 0.167,5-38-41-57-4 = 0.167,5-35-38-5 = 0.667,5-25-51-43-4 = 0.333,5-56-55-32-5 = 0.667,8-49-10-51-44-4 = 0.333,4-22-57-4 = 0.5,4-17-57-4 = 0.333,4-17-15-28-4 = 0.667,5-25-49-19-37-7 = 0.667,4-45-20-28-4 = 0.167,4-45-20-44-43-4 = 0.167,4-45-20-40-23-8 = 0.667,4-41-50-16-5 = 0.833,4-12-47-11-8 = 0.667,8-9-58-10-46-4 = 0.667,8-27-53-8 = 1.0,8-9-58-46-43-4 = 0.167,8-9-58-46-15-4 = 0.167,4-44-28-15-4 = 0.167
347,50,734.975,7.5,0.925,1.5,Prune by UB,,4-22-4 = 1.0,5-38-5 = 0.25,5-42-5 = 1.0,7-36-26-7 = 0.25,7-31-52-29-19-8 = 0.25,7-31-52-37-7 = 0.25,7-21-52-29-7 = 0.25,7-48-24-30-7 = 1.0,7-21-26-36-7 = 0.5,8-53-27-8 = 1.0,7-52-29-37-7 = 0.25,7-31-29-19-11-8 = 0.25,7-31-21-26-36-7 = 0.25,8-33-23-39-8 = 0.25,8-33-39-8 = 0.75,8-12-47-11-8 = 0.75,8-12-9-10-49-8 = 0.25,8-40-44-51-43-5 = 0.25,8-10-49-19-37-7 = 0.5,8-45-20-40-23-8 = 0.5,5-41-50-16-5 = 1.0,5-35-56-5 = 0.25,5-18-54-34-13-5 = 1.0,5-32-55-14-5 = 0.25,5-35-38-5 = 0.75,5-56-55-32-5 = 0.75,5-25-58-51-14-5 = 0.25,5-25-9-58-46-4 = 0.75,8-49-10-46-47-8 = 0.25,4-15-28-4 = 1.0,4-17-57-4 = 1.0,4-45-20-44-43-4 = 0.25,4-45-20-40-23-8 = 0.25,4-44-51-43-14-5 = 0.5
348,50,735.087,7.25,1.036,1.25,Prune by UB,,4-22-4 = 1.0,8-33-8 = 0.125,8-39-8 = 1.0,5-42-5 = 1.0,7-31-52-29-19-8 = 0.5,7-48-24-30-7 = 1.0,7-21-26-36-7 = 0.5,8-53-27-8 = 1.0,7-52-29-37-7 = 0.5,7-31-21-26-36-7 = 0.5,8-33-23-11-8 = 0.125,8-33-40-11-8 = 0.125,8-12-47-11-8 = 0.75,8-12-9-10-49-8 = 0.25,8-10-49-19-37-7 = 0.5,8-45-20-40-23-8 = 0.25,5-41-50-16-5 = 1.0,5-18-54-34-13-5 = 1.0,5-35-38-5 = 1.0,5-56-55-32-5 = 1.0,5-25-58-51-14-5 = 0.25,5-25-9-58-46-4 = 0.75,8-49-10-46-47-8 = 0.25,4-15-57-4 = 0.5,4-17-57-4 = 0.5,4-17-15-28-4 = 0.5,4-45-20-28-4 = 0.5,4-45-20-44-43-4 = 0.25,4-44-51-43-14-5 = 0.75,8-33-40-23-8 = 0.625
353,263,735.367,8.25,1.953,-0.417,Prune by UB,,4-22-4 = 1.0,5-42-5 = 1.0,7-31-52-29-19-8 = 0.5,7-48-24-30-7 = 1.0,7-21-26-36-7 = 0.5,8-53-27-40-23-8 = 1.0,7-52-29-37-7 = 0.5,7-31-21-26-36-7 = 0.5,8-33-39-8 = 1.0,8-12-47-11-8 = 0.75,8-10-49-19-37-7 = 0.5,5-35-56-38-5 = 0.5,5-18-54-34-13-5 = 0.625,5-32-55-14-5 = 0.5,5-35-38-5 = 0.5,5-56-55-32-5 = 0.5,5-18-54-13-14-5 = 0.375,5-25-9-10-58-5 = 0.25,5-25-9-58-15-4 = 0.75,5-34-51-44-15-4 = 0.25,5-34-51-44-43-4 = 0.125,8-49-10-46-47-8 = 0.25,4-17-57-4 = 1.0,4-20-44-28-4 = 0.25,4-45-20-28-4 = 0.75,4-51-46-43-4 = 0.5,4-45-44-46-43-4 = 0.25,4-41-50-16-5 = 1.0,8-12-49-11-8 = 0.25,4-44-51-43-14-5 = 0.125
213,125,735.277,9.5,2.284,0.444,Prune by UB,,4-22-4 = 1.0,5-38-5 = 0.5,8-39-8 = 0.25,5-42-5 = 1.0,7-31-52-29-19-8 = 0.5,7-48-24-30-7 = 1.0,7-21-26-36-7 = 0.5,8-53-27-8 = 1.0,7-52-29-37-7 = 0.5,7-31-21-26-36-7 = 0.5,8-33-23-39-8 = 0.75,8-33-40-11-8 = 0.25,8-12-44-28-4 = 0.25,8-40-44-51-43-4 = 0.5,8-10-49-19-37-7 = 0.5,8-45-20-40-23-8 = 0.25,5-35-56-14-5 = 0.5,5-18-54-34-13-5 = 1.0,5-32-55-14-5 = 0.5,5-35-38-5 = 0.5,5-56-55-32-5 = 0.5,5-25-9-58-46-4 = 0.5,5-25-9-58-51-4 = 0.5,8-49-10-46-47-8 = 0.5,4-28-15-4 = 0.75,4-17-57-4 = 1.0,4-12-44-15-4 = 0.25,4-41-50-16-5 = 1.0,4-45-20-11-8 = 0.75,4-12-47-43-4 = 0.5
312,245,735.47,9.688,2.061,-0.812,Prune by UB,,4-22-4 = 1.0,5-38-5 = 0.188,7-31-52-29-19-8 = 0.5,7-48-24-30-7 = 1.0,7-21-26-36-7 = 0.5,8-53-27-8 = 1.0,7-52-29-37-7 = 0.5,7-31-21-26-36-7 = 0.5,8-33-23-39-8 = 0.375,8-33-39-8 = 0.625,8-12-44-43-4 = 0.188,8-12-47-11-8 = 0.812,8-40-44-51-43-4 = 0.375,8-25-58-10-49-8 = 0.062,5-35-32-14-5 = 0.25,5-18-54-34-13-5 = 1.0,5-32-55-14-5 = 0.25,5-38-50-16-5 = 0.156,5-38-41-57-4 = 0.156,5-56-55-32-5 = 0.5,5-25-9-46-47-8 = 0.188,5-25-9-46-14-5 = 0.25,8-49-10-58-46-4 = 0.562,8-49-10-58-51-4 = 0.375,4-28-15-4 = 0.844,4-17-57-4 = 0.844,4-17-15-28-4 = 0.156,5-25-9-19-37-7 = 0.5,4-45-20-44-43-4 = 0.188,4-44-51-43-4 = 0.188,4-45-20-40-23-8 = 0.625,4-41-50-16-5 = 0.844,4-45-20-11-8 = 0.188,5-42-38-5 = 0.5,5-35-55-14-5 = 0.25,5-35-56-42-5 = 0.5,4-9-51-44-43-4 = 0.062
223,175,735.862,8.0,2.895,-2.167,Prune by UB,,4-22-4 = 0.667,5-42-5 = 1.0,7-31-52-29-19-8 = 0.5,7-48-24-30-7 = 1.0,7-21-26-36-7 = 0.5,7-52-29-37-7 = 0.5,7-31-21-26-36-7 = 0.5,8-33-23-39-8 = 1.0,8-12-47-11-8 = 0.667,8-12-9-10-49-8 = 0.333,8-40-44-51-43-4 = 1.0,8-45-20-11-8 = 0.167,5-18-54-34-13-5 = 0.333,5-35-38-5 = 1.0,5-56-55-32-5 = 1.0,5-18-25-54-5 = 0.333,5-25-9-10-49-8 = 0.333,5-18-54-58-14-5 = 0.333,5-34-58-46-13-14-5 = 0.667,4-15-57-4 = 0.5,4-17-57-4 = 0.5,4-17-15-28-4 = 0.5,5-25-49-19-37-7 = 0.333,4-45-20-28-4 = 0.5,4-41-50-16-5 = 1.0,4-45-20-22-4 = 0.333,8-27-53-8 = 1.0,5-9-10-46-47-8 = 0.333,8-11-19-37-7 = 0.167
207,177,735.42,9.111,2.686,-0.089,Prune by UB,,4-22-4 = 1.0,5-42-5 = 0.889,7-31-52-29-19-8 = 0.333,7-48-24-30-7 = 1.0,7-21-26-36-7 = 0.333,8-53-27-8 = 0.889,8-53-27-40-23-8 = 0.111,7-52-29-37-7 = 0.667,7-31-21-26-36-7 = 0.667,8-33-23-39-8 = 0.889,8-33-39-8 = 0.111,8-12-47-11-8 = 0.111,8-40-44-51-43-4 = 0.556,8-10-49-19-37-7 = 0.333,5-35-56-14-5 = 0.222,5-35-56-38-5 = 0.444,5-18-54-34-13-5 = 1.0,5-32-55-14-5 = 0.778,5-38-50-16-5 = 0.333,5-35-38-5 = 0.222,5-56-55-32-5 = 0.222,5-25-9-10-58-5 = 0.333,5-25-9-58-46-4 = 0.667,8-49-10-46-47-8 = 0.333,4-17-57-4 = 0.667,4-20-51-43-4 = 0.444,4-20-44-28-4 = 0.111,4-12-44-28-4 = 0.333,4-17-41-57-4 = 0.333,8-40-49-19-11-8 = 0.333,4-41-50-16-5 = 0.667,4-12-47-11-8 = 0.556,4-45-28-15-4 = 0.556,4-45-20-15-4 = 0.444,5-35-56-42-5 = 0.111
320,195,735.303,7.75,1.891,0.75,Prune by UB,,4-22-4 = 0.5,5-42-5 = 1.0,7-31-52-29-19-8 = 0.5,7-48-24-30-7 = 1.0,7-21-26-36-7 = 0.5,8-53-27-40-23-8 = 1.0,7-52-29-37-7 = 0.5,7-31-21-26-36-7 = 0.5,8-33-39-8 = 1.0,8-12-47-11-8 = 0.5,5-41-50-16-5 = 0.25,5-18-54-34-13-5 = 1.0,5-35-38-5 = 1.0,5-56-55-32-5 = 1.0,5-25-9-51-44-4 = 0.25,5-25-9-58-43-4 = 0.25,5-58-51-44-43-4 = 0.75,4-15-57-4 = 0.5,4-17-57-4 = 0.5,4-17-15-28-4 = 0.5,5-25-9-19-37-7 = 0.5,4-45-20-28-4 = 0.5,4-41-50-16-5 = 0.75,4-12-47-11-8 = 0.5,8-49-10-46-14-5 = 1.0,4-45-20-22-4 = 0.5
264,165,735.8,5.048,2.392,-2.667,Prune by UB,,4-22-4 = 0.833,5-42-5 = 0.905,7-31-52-29-19-8 = 0.548,7-48-24-30-7 = 1.0,7-21-26-36-7 = 0.548,7-52-29-37-7 = 0.452,7-31-21-26-36-7 = 0.452,8-33-23-39-8 = 1.0,8-40-10-46-4 = 0.19,8-40-44-51-43-4 = 0.667,8-10-49-19-37-7 = 0.405,5-35-56-38-5 = 0.952,5-18-54-34-13-5 = 1.0,5-32-55-14-5 = 1.0,5-25-9-58-15-4 = 1.0,8-49-10-46-47-8 = 0.31,4-17-57-4 = 1.0,4-12-44-28-4 = 0.167,4-45-20-28-4 = 0.833,4-51-46-43-4 = 0.333,4-41-50-16-5 = 1.0,4-12-47-11-8 = 0.69,5-42-38-5 = 0.048,4-44-46-11-8 = 0.167,4-45-20-22-4 = 0.167,5-35-56-42-5 = 0.048,8-27-53-8 = 1.0,8-12-49-11-8 = 0.143,8-40-49-10-37-7 = 0.095,8-40-49-19-37-7 = 0.048
143,84,735.009,9.714,2.393,3.286,Prune by UB,,4-22-4 = 0.786,5-42-5 = 0.714,7-31-52-37-7 = 0.143,7-48-24-30-7 = 1.0,7-21-26-36-7 = 0.429,8-40-28-15-4 = 0.214,7-52-29-37-7 = 0.571,7-31-21-26-36-7 = 0.571,8-33-23-39-8 = 0.214,8-33-39-8 = 0.786,8-12-10-19-8 = 0.143,8-12-47-11-8 = 0.857,7-31-52-29-14-5 = 0.286,8-44-58-10-49-19-8 = 0.571,5-18-54-34-13-5 = 0.571,5-32-55-14-5 = 0.286,5-38-50-16-5 = 0.143,5-38-41-57-4 = 0.143,5-35-38-5 = 0.714,5-56-55-32-5 = 0.714,5-18-25-9-43-4 = 0.429,5-54-34-13-14-5 = 0.429,5-25-9-46-47-4 = 0.143,5-25-9-51-44-4 = 0.429,8-49-10-58-46-4 = 0.286,4-15-57-4 = 0.214,4-22-57-4 = 0.214,4-17-57-4 = 0.429,4-17-15-28-4 = 0.571,4-45-20-28-4 = 0.214,4-51-46-43-4 = 0.571,4-45-20-40-23-8 = 0.786,4-41-50-16-5 = 0.857,5-35-56-42-5 = 0.286,8-27-53-8 = 1.0,8-49-58-29-19-37-7 = 0.143,8-11-19-37-7 = 0.143
124,31,734.89,11.5,2.31,4.5,Prune by UB,,4-22-4 = 1.0,8-39-8 = 0.142,5-42-5 = 0.642,7-31-52-29-19-8 = 0.375,7-21-52-29-7 = 0.25,7-30-24-26-36-7 = 0.125,7-48-24-30-7 = 0.875,7-21-26-36-7 = 0.375,7-48-26-36-7 = 0.125,7-31-58-51-43-4 = 0.25,8-53-27-8 = 0.875,7-52-29-37-7 = 0.375,7-31-21-26-36-7 = 0.375,8-33-23-39-8 = 0.267,8-33-39-8 = 0.467,8-33-40-11-8 = 0.267,8-53-39-8 = 0.125,8-12-44-28-4 = 0.25,8-12-47-11-8 = 0.625,8-27-25-58-43-4 = 0.125,8-10-49-19-37-7 = 0.625,8-45-20-11-8 = 0.108,8-45-20-40-23-8 = 0.108,5-41-50-16-5 = 0.383,5-35-56-14-5 = 0.008,5-18-54-34-13-5 = 1.0,5-32-55-14-5 = 0.367,5-38-50-16-5 = 0.183,5-38-41-57-4 = 0.183,5-35-38-5 = 0.633,5-56-55-32-5 = 0.633,5-25-9-51-44-4 = 0.25,5-25-9-46-14-5 = 0.625,8-49-10-46-47-8 = 0.375,4-15-57-4 = 0.408,4-17-57-4 = 0.408,4-17-15-28-4 = 0.592,4-12-9-58-43-4 = 0.125,4-45-20-28-4 = 0.158,4-44-58-51-43-4 = 0.5,4-45-20-40-23-8 = 0.625,4-41-50-16-5 = 0.433,5-35-56-42-5 = 0.358
63,25,735.695,9.653,4.211,-0.447,Prune by UB,,4-22-4 = 1.0,8-33-8 = 0.327,5-38-5 = 0.5,8-39-8 = 0.327,5-42-5 = 1.0,7-31-52-29-19-8 = 0.357,7-48-24-30-7 = 1.0,7-21-26-36-7 = 0.357,7-52-29-37-7 = 0.643,8-12-46-19-8 = 0.041,7-31-21-26-36-7 = 0.643,8-33-23-39-8 = 0.673,8-45-20-28-4 = 0.327,8-12-47-11-8 = 0.878,8-40-44-51-43-4 = 0.673,8-45-20-11-8 = 0.01,8-45-20-44-43-4 = 0.327,5-35-56-14-5 = 0.5,5-18-54-34-13-5 = 1.0,5-32-55-14-5 = 0.5,5-35-38-5 = 0.5,5-25-58-10-49-8 = 0.204,5-56-55-32-5 = 0.5,5-25-9-10-58-5 = 0.398,5-25-9-58-46-8 = 0.398,4-28-15-4 = 0.327,4-15-57-4 = 0.337,4-17-57-4 = 0.663,4-17-15-28-4 = 0.337,4-45-20-28-4 = 0.01,4-45-20-40-23-8 = 0.327,4-41-50-16-5 = 1.0,5-10-49-19-37-7 = 0.276,8-27-53-8 = 1.0,5-9-10-46-47-8 = 0.122,8-12-9-49-37-7 = 0.082,8-49-46-11-8 = 0.112,8-49-51-46-19-8 = 0.327
286,282,735.571,11.211,2.273,0.799,Prune by UB,,4-22-4 = 0.93,8-39-8 = 0.158,5-42-5 = 0.667,7-31-52-29-19-8 = 0.5,7-48-24-30-7 = 1.0,7-31-52-54-5 = 0.167,7-21-26-36-7 = 0.667,7-52-29-37-7 = 0.333,7-31-21-26-36-7 = 0.333,8-33-23-39-8 = 0.342,8-33-39-8 = 0.5,8-33-40-11-8 = 0.158,8-12-44-28-4 = 0.377,8-12-47-11-8 = 0.623,8-10-49-19-37-7 = 0.395,8-40-49-46-43-4 = 0.184,5-18-54-55-5 = 0.333,5-18-54-32-5 = 0.333,5-38-50-16-5 = 0.167,5-38-41-57-4 = 0.167,5-35-38-5 = 0.667,5-56-55-32-5 = 0.667,5-18-25-9-58-14-5 = 0.167,5-34-51-44-15-4 = 0.202,5-34-51-44-43-4 = 0.404,8-49-10-46-47-4 = 0.377,4-15-57-4 = 0.281,4-22-57-4 = 0.07,4-17-57-4 = 0.482,4-17-15-28-4 = 0.518,8-49-46-19-37-7 = 0.044,4-45-20-28-4 = 0.105,4-45-20-44-43-4 = 0.018,4-51-46-43-4 = 0.395,5-54-29-37-7 = 0.167,5-25-9-58-13-14-5 = 0.667,4-45-20-40-23-8 = 0.658,4-41-50-16-5 = 0.833,4-45-20-11-8 = 0.219,5-35-56-42-5 = 0.333,8-27-53-8 = 1.0,5-34-10-19-37-7 = 0.061,5-18-25-9-34-13-5 = 0.167,5-34-10-58-13-14-5 = 0.167
146,59,735.156,10.333,2.643,3.222,Prune by UB,,4-22-4 = 1.0,8-33-8 = 0.25,8-39-8 = 0.25,5-42-5 = 1.0,7-31-52-29-19-8 = 0.5,7-48-24-30-7 = 1.0,7-21-26-36-7 = 0.5,8-40-28-15-4 = 0.417,7-52-29-37-7 = 0.5,7-31-21-26-36-7 = 0.5,8-33-23-39-8 = 0.417,8-33-39-8 = 0.333,8-45-20-28-4 = 0.083,8-12-44-28-4 = 0.333,8-10-49-19-37-7 = 0.25,5-35-56-14-5 = 0.5,5-18-54-34-13-5 = 1.0,5-32-55-14-5 = 0.5,5-35-38-5 = 0.5,5-25-51-43-4 = 0.583,5-56-55-32-5 = 0.5,5-25-9-44-43-4 = 0.417,8-49-10-46-47-8 = 0.333,8-49-10-58-46-4 = 0.25,8-49-10-58-15-4 = 0.167,4-17-57-4 = 1.0,4-45-20-40-23-8 = 0.583,4-41-50-16-5 = 1.0,4-12-47-11-8 = 0.667,4-45-20-11-8 = 0.333,5-42-38-5 = 0.5,8-27-53-8 = 1.0,8-9-58-46-15-4 = 0.417,4-44-51-19-37-7 = 0.25,8-9-58-51-28-4 = 0.167
283,242,735.807,9.879,2.499,-0.441,Prune by UB,,4-22-4 = 1.0,5-38-5 = 0.355,8-39-8 = 0.514,5-42-5 = 1.0,7-31-52-29-19-8 = 0.436,7-48-24-30-7 = 1.0,7-21-26-36-7 = 0.436,7-52-29-37-7 = 0.564,7-31-21-26-36-7 = 0.564,8-33-23-39-8 = 0.245,8-45-20-28-4 = 0.394,8-33-40-11-8 = 0.241,8-12-44-15-4 = 0.241,8-40-23-39-8 = 0.241,8-12-47-11-8 = 0.759,5-35-56-14-5 = 0.355,5-18-54-34-13-5 = 0.709,5-32-55-14-5 = 0.355,5-35-38-5 = 0.645,5-25-58-10-49-8 = 0.582,5-56-55-32-5 = 0.645,5-18-54-13-14-5 = 0.163,5-54-34-13-14-5 = 0.128,5-25-9-10-58-5 = 0.291,5-25-9-58-15-4 = 0.128,5-34-51-44-15-4 = 0.163,8-49-51-44-15-4 = 0.291,4-17-57-4 = 1.0,4-20-44-15-4 = 0.089,4-45-20-28-4 = 0.518,4-51-46-43-4 = 0.546,8-9-46-19-37-7 = 0.216,5-18-9-10-49-19-8 = 0.128,4-41-50-16-5 = 1.0,4-44-43-19-37-7 = 0.216,4-45-28-15-4 = 0.089,8-27-53-8 = 1.0,8-33-40-23-8 = 0.514,8-40-47-19-37-7 = 0.004,4-9-46-47-43-4 = 0.238
36,32,736.04,8.256,5.067,-1.835,Prune by UB,,4-22-4 = 1.0,5-42-5 = 0.907,7-31-52-29-19-8 = 0.5,7-48-24-30-7 = 1.0,7-21-26-36-7 = 0.5,7-52-29-37-7 = 0.5,7-31-21-26-36-7 = 0.5,8-33-23-39-8 = 0.651,8-33-39-8 = 0.349,8-40-44-51-43-4 = 0.651,8-45-20-57-4 = 0.477,5-50-57-4 = 0.035,5-18-54-34-13-5 = 1.0,5-32-55-14-5 = 0.826,5-38-50-16-5 = 0.395,5-38-41-57-4 = 0.43,5-35-38-5 = 0.14,5-35-38-16-5 = 0.035,5-56-55-32-5 = 0.174,5-25-9-10-58-5 = 0.721,5-25-9-51-44-4 = 0.058,5-25-9-58-46-4 = 0.163,8-49-10-46-47-8 = 0.279,4-17-15-28-4 = 1.0,8-49-46-19-37-7 = 0.5,4-45-20-44-43-4 = 0.116,4-12-9-58-51-4 = 0.058,4-51-46-43-4 = 0.058,5-25-58-57-4 = 0.058,4-45-20-40-23-8 = 0.349,4-41-50-16-5 = 0.57,4-12-47-11-8 = 0.721,4-45-20-11-8 = 0.058,5-35-56-42-5 = 0.826,8-27-53-8 = 1.0,8-12-49-11-8 = 0.221,4-44-51-43-14-5 = 0.174
278,210,735.535,10.667,1.936,1.667,Prune by UB,,4-22-4 = 0.633,5-42-5 = 1.0,7-31-52-29-19-8 = 0.5,7-48-24-30-7 = 1.0,7-21-26-36-7 = 0.5,7-52-29-37-7 = 0.5,7-31-21-26-36-7 = 0.5,8-33-23-39-8 = 0.7,8-33-39-8 = 0.3,8-40-44-51-43-4 = 0.7,8-45-20-11-8 = 0.267,8-45-20-44-43-5 = 0.133,5-35-56-14-5 = 0.467,5-18-54-34-13-5 = 0.867,5-32-55-14-5 = 0.467,5-38-50-16-5 = 0.233,5-38-41-57-4 = 0.233,5-35-38-5 = 0.533,5-56-55-32-5 = 0.533,5-18-25-54-5 = 0.133,5-25-9-46-47-8 = 0.3,8-49-10-58-46-4 = 0.7,8-49-10-58-51-4 = 0.233,8-49-58-51-28-4 = 0.067,4-28-15-4 = 0.267,4-15-57-4 = 0.067,4-22-57-4 = 0.367,4-17-57-4 = 0.333,4-17-15-28-4 = 0.667,4-20-12-47-4 = 0.133,4-12-44-43-4 = 0.167,5-25-9-19-37-7 = 0.5,4-45-20-40-23-8 = 0.3,4-41-50-16-5 = 0.767,4-12-47-11-8 = 0.567,4-45-20-11-8 = 0.167,8-27-53-8 = 1.0,5-25-9-10-14-5 = 0.067,4-45-12-9-34-13-5 = 0.133
317,161,736.427,5.0,2.929,-4.651,Prune by UB,,4-22-4 = 1.0,5-38-5 = 0.5,5-42-5 = 1.0,7-31-52-29-19-7 = 0.4,7-31-52-29-19-8 = 0.2,7-31-52-37-7 = 0.2,7-48-37-7 = 0.2,7-24-30-7 = 0.2,7-48-24-30-7 = 0.8,7-21-26-36-7 = 1.0,8-53-27-8 = 1.0,7-52-29-37-7 = 0.2,8-33-23-39-8 = 1.0,8-12-47-11-8 = 0.9,8-40-44-51-43-4 = 1.0,7-31-29-19-37-7 = 0.2,5-35-56-14-5 = 0.5,5-18-54-34-13-5 = 1.0,5-32-55-14-5 = 0.5,5-35-38-5 = 0.5,5-25-58-10-49-8 = 1.0,5-56-55-32-5 = 0.5,4-28-15-4 = 0.9,4-17-57-4 = 1.0,4-41-50-16-5 = 1.0,4-45-28-15-4 = 0.1,4-20-9-46-47-4 = 0.1,8-11-19-37-7 = 0.1,4-45-20-9-46-4 = 0.9,8-12-19-37-7 = 0.1
292,88,735.569,9.462,2.313,1.881,Prune by UB,,4-22-4 = 1.0,8-33-8 = 0.385,8-39-8 = 0.615,5-42-5 = 1.0,7-36-26-7 = 0.077,7-31-52-29-19-7 = 0.462,7-21-52-29-7 = 0.077,7-48-24-30-7 = 1.0,7-21-26-36-7 = 0.385,7-52-29-37-7 = 0.462,7-31-21-26-36-7 = 0.538,8-33-23-39-8 = 0.231,8-33-39-8 = 0.154,8-33-40-11-8 = 0.231,8-12-44-15-4 = 0.077,8-12-47-11-8 = 0.769,8-12-9-34-13-14-5 = 0.154,5-35-56-14-5 = 0.231,5-18-54-34-13-5 = 0.692,5-32-55-14-5 = 0.231,5-38-50-16-5 = 0.115,5-38-41-57-4 = 0.115,5-35-38-5 = 0.769,5-25-51-43-4 = 0.692,5-56-55-32-5 = 0.769,5-18-54-13-14-5 = 0.154,5-18-54-34-14-5 = 0.154,5-25-9-46-14-5 = 0.077,5-25-9-44-43-4 = 0.231,4-28-15-4 = 0.5,4-15-57-4 = 0.154,4-17-57-4 = 0.731,4-17-15-28-4 = 0.269,7-49-10-58-46-4 = 0.538,4-45-20-28-4 = 0.231,4-51-46-43-4 = 0.077,8-9-46-19-37-7 = 0.077,8-9-10-46-47-4 = 0.231,4-45-20-40-23-8 = 0.769,4-41-50-16-5 = 0.885,4-44-58-49-19-37-7 = 0.462,8-27-53-8 = 1.0,8-9-10-51-44-4 = 0.231
181,180,735.532,6.625,2.701,2.375,Prune by UB,,4-22-4 = 1.0,8-33-8 = 0.062,8-39-8 = 0.188,5-42-5 = 1.0,7-36-26-7 = 0.25,7-31-52-29-19-7 = 0.5,7-31-52-37-7 = 0.25,7-48-24-30-7 = 1.0,7-21-26-36-7 = 0.75,7-21-49-19-37-7 = 0.25,7-52-29-37-7 = 0.25,8-33-23-39-8 = 0.125,8-33-39-8 = 0.688,8-33-40-11-8 = 0.125,8-12-44-15-4 = 0.125,8-12-47-11-8 = 0.875,7-31-29-19-37-7 = 0.25,5-18-54-34-13-5 = 0.375,5-35-38-5 = 1.0,5-54-58-43-4 = 0.313,5-56-55-32-5 = 1.0,5-18-54-13-14-5 = 0.313,5-18-58-51-43-4 = 0.125,5-25-9-46-14-5 = 0.437,5-34-58-46-43-4 = 0.438,8-49-10-51-44-4 = 0.75,4-28-15-4 = 0.75,4-17-57-4 = 1.0,4-45-20-28-4 = 0.125,4-45-20-40-23-8 = 0.875,4-41-50-16-5 = 1.0,8-27-53-8 = 1.0,5-25-9-51-13-5 = 0.125,5-18-25-9-34-13-5 = 0.188,5-25-9-10-14-5 = 0.25,4-44-28-15-4 = 0.125,5-58-46-47-43-4 = 0.125
238,236,735.213,9.0,2.188,4.039,Prune by UB,,4-22-4 = 1.0,8-33-8 = 0.125,8-39-8 = 0.375,5-42-5 = 1.0,7-36-26-7 = 0.125,7-31-52-29-19-8 = 0.25,7-48-37-7 = 0.25,7-24-30-7 = 0.25,7-48-24-30-7 = 0.75,7-31-52-54-5 = 0.125,7-21-26-36-7 = 0.875,8-12-46-13-5 = 0.125,8-33-23-39-8 = 0.25,8-33-39-8 = 0.375,8-33-40-11-8 = 0.25,8-12-47-11-8 = 0.75,8-10-49-19-37-7 = 0.625,7-31-52-29-14-5 = 0.625,5-41-50-16-5 = 0.25,5-35-56-21-7 = 0.125,5-18-54-34-13-5 = 0.875,5-38-50-16-5 = 0.062,5-38-41-57-4 = 0.062,5-35-38-5 = 0.875,5-56-55-32-5 = 0.875,5-18-55-32-5 = 0.125,5-25-9-51-44-4 = 0.375,5-25-9-46-14-5 = 0.375,5-25-9-58-43-4 = 0.25,5-34-58-10-43-4 = 0.125,5-58-51-44-43-4 = 0.625,8-49-10-46-47-8 = 0.25,4-15-28-4 = 0.438,4-15-57-4 = 0.25,4-17-57-4 = 0.688,4-17-15-28-4 = 0.312,8-49-46-19-37-7 = 0.125,4-45-20-28-4 = 0.25,4-45-20-40-23-8 = 0.75,4-41-50-16-5 = 0.688,8-27-53-8 = 1.0,8-12-46-29-7 = 0.125
212,185,735.892,8.0,2.829,0.474,Prune by UB,,4-22-4 = 1.0,8-33-8 = 0.25,8-39-8 = 0.5,5-42-5 = 1.0,7-31-52-29-19-8 = 0.5,7-48-24-30-7 = 1.0,7-21-26-36-7 = 0.5,8-53-27-8 = 1.0,7-52-29-37-7 = 0.5,7-31-21-26-36-7 = 0.5,8-33-23-39-8 = 0.25,8-33-39-8 = 0.25,8-33-40-11-8 = 0.25,8-12-44-43-5 = 0.25,8-12-47-11-8 = 0.75,5-41-50-16-5 = 0.5,5-18-54-34-13-5 = 0.25,5-35-38-5 = 1.0,5-56-55-32-5 = 1.0,5-18-25-9-51-4 = 0.75,5-54-34-13-14-5 = 0.75,5-25-9-46-47-4 = 0.25,8-49-10-58-46-4 = 0.75,8-49-10-58-15-4 = 0.25,4-28-15-4 = 0.75,4-17-57-4 = 1.0,4-45-20-28-4 = 0.25,4-45-20-40-23-8 = 0.75,4-41-50-16-5 = 0.5,4-44-43-19-37-7 = 0.5,4-44-51-43-14-5 = 0.25
198,145,735.602,9.55,2.943,2.175,Prune by UB,,4-22-4 = 1.0,8-33-8 = 0.4,8-39-8 = 0.6,5-42-5 = 1.0,7-31-52-29-19-8 = 0.5,7-48-24-30-7 = 1.0,7-21-26-36-7 = 0.5,8-53-27-8 = 1.0,7-52-29-37-7 = 0.5,7-31-21-26-36-7 = 0.5,8-33-23-39-8 = 0.2,8-33-39-8 = 0.2,8-33-40-11-8 = 0.2,8-12-47-11-8 = 0.8,8-12-9-51-47-8 = 0.1,8-45-20-40-23-8 = 0.1,5-41-50-16-5 = 0.05,5-35-56-14-5 = 0.35,5-18-54-34-13-5 = 0.8,5-32-55-14-5 = 0.35,5-38-50-16-5 = 0.175,5-38-41-57-4 = 0.175,5-35-38-5 = 0.65,5-25-51-43-5 = 0.3,5-56-55-32-5 = 0.65,5-18-25-9-43-4 = 0.2,5-54-34-13-14-5 = 0.2,5-25-9-44-43-4 = 0.5,8-49-10-46-47-4 = 0.1,8-49-10-58-46-4 = 0.8,8-49-10-58-15-4 = 0.1,4-15-28-4 = 0.625,4-17-57-4 = 0.825,4-17-15-28-4 = 0.175,4-45-20-28-4 = 0.2,4-45-20-40-23-8 = 0.7,4-41-50-16-5 = 0.775,8-9-58-46-15-4 = 0.1,4-44-51-19-37-7 = 0.5,8-12-9-51-14-5 = 0.1
153,52,736.075,4.0,3.116,-0.46,Prune by UB,,4-22-4 = 1.0,5-42-5 = 1.0,7-48-24-30-7 = 1.0,7-52-29-46-4 = 1.0,7-31-21-26-36-7 = 1.0,8-33-39-8 = 1.0,8-12-47-11-8 = 1.0,8-10-49-19-37-7 = 1.0,5-35-56-14-5 = 0.5,5-18-54-34-13-5 = 1.0,5-32-55-14-5 = 0.5,5-35-38-5 = 0.5,5-56-55-32-5 = 0.5,5-25-9-51-44-4 = 0.5,5-25-9-58-43-4 = 0.5,4-15-28-4 = 1.0,4-17-57-4 = 1.0,4-44-58-51-43-4 = 0.5,4-45-20-40-23-8 = 1.0,4-41-50-16-5 = 1.0,5-42-38-5 = 0.5,8-27-53-8 = 1.0
142,127,735.722,6.917,3.313,1.833,Prune by UB,,4-22-4 = 1.0,8-33-8 = 0.042,8-39-8 = 0.042,5-42-5 = 1.0,7-21-55-14-5 = 0.208,7-36-26-7 = 0.5,7-31-52-29-19-7 = 0.5,7-21-32-14-5 = 0.208,7-48-24-30-7 = 1.0,7-21-9-46-13-5 = 0.083,7-52-29-37-7 = 0.5,7-31-21-26-36-7 = 0.5,8-33-39-8 = 0.958,8-12-47-11-8 = 1.0,5-35-56-38-5 = 0.208,5-18-54-34-13-5 = 0.333,5-35-38-5 = 0.792,5-25-58-43-4 = 0.083,5-56-55-32-5 = 0.792,5-18-54-13-14-5 = 0.417,5-18-25-54-5 = 0.083,5-34-58-46-43-4 = 0.5,8-49-10-51-44-4 = 0.5,4-15-28-4 = 1.0,4-17-57-4 = 1.0,5-25-49-19-37-7 = 0.5,5-25-54-14-5 = 0.167,4-45-20-40-23-8 = 1.0,4-41-50-16-5 = 1.0,8-27-53-8 = 1.0,5-18-25-34-13-5 = 0.167,8-9-10-51-44-4 = 0.5,5-9-58-46-43-4 = 0.417
130,112,735.96,10.0,3.691,0.45,Prune by UB,,4-22-4 = 1.0,5-42-5 = 1.0,7-31-52-29-19-8 = 0.333,7-48-24-30-7 = 1.0,7-21-26-36-7 = 0.333,8-53-27-8 = 0.333,8-53-27-40-23-8 = 0.667,7-52-29-37-7 = 0.667,7-31-21-26-36-7 = 0.667,8-33-23-39-8 = 0.333,8-33-39-8 = 0.667,8-12-47-11-8 = 0.667,8-10-49-19-37-7 = 0.333,5-35-56-14-5 = 0.333,5-18-54-34-13-5 = 0.667,5-32-55-14-5 = 0.333,5-38-50-16-5 = 0.333,5-35-38-5 = 0.667,5-25-51-43-4 = 0.667,5-56-55-32-5 = 0.667,5-18-54-13-14-5 = 0.333,5-34-58-46-15-4 = 0.333,8-49-10-46-47-8 = 0.333,4-17-57-4 = 0.667,4-12-44-28-4 = 0.333,4-45-20-28-4 = 0.667,4-45-20-44-43-4 = 0.333,4-17-41-57-4 = 0.333,8-40-49-19-11-8 = 0.333,4-41-50-16-5 = 0.667,4-25-9-10-58-5 = 0.333,4-9-58-46-15-4 = 0.333,4-9-51-44-15-4 = 0.333
183,58,735.584,8.943,2.322,2.943,Prune by UB,,4-22-4 = 1.0,5-42-5 = 0.67,7-31-52-29-19-7 = 0.311,7-30-24-26-36-7 = 0.005,7-48-24-30-7 = 0.995,7-21-10-49-19-8 = 0.009,7-31-52-49-19-8 = 0.009,7-21-26-36-7 = 0.311,7-48-26-36-7 = 0.005,8-53-27-40-23-8 = 0.316,7-52-29-37-7 = 0.679,7-31-21-26-36-7 = 0.679,8-33-23-39-8 = 0.684,8-33-39-8 = 0.316,8-12-44-15-4 = 0.16,8-12-47-11-8 = 0.675,8-40-44-51-43-4 = 0.476,5-18-54-34-13-5 = 0.165,5-32-55-14-5 = 0.165,5-35-38-5 = 0.835,5-56-55-32-5 = 0.835,5-18-54-13-14-5 = 0.5,5-54-34-13-14-5 = 0.335,5-25-9-10-58-5 = 0.5,5-18-25-9-49-19-8 = 0.335,5-34-58-46-15-4 = 0.491,4-17-57-4 = 1.0,5-34-58-29-19-37-7 = 0.009,7-49-10-46-47-4 = 0.16,7-49-51-44-15-4 = 0.142,4-45-20-28-4 = 0.792,4-51-46-43-4 = 0.349,5-25-10-49-47-4 = 0.165,4-20-40-11-8 = 0.208,4-41-50-16-5 = 1.0,4-12-9-10-49-8 = 0.165,4-44-43-19-37-7 = 0.175,5-42-38-5 = 0.165,4-45-28-15-4 = 0.208,5-35-56-42-5 = 0.165,8-27-53-8 = 0.684,8-11-19-37-7 = 0.104,4-44-51-19-37-7 = 0.033,4-44-49-19-11-8 = 0.014
147,129,736.46,7.667,4.149,-2.583,Prune by UB,,4-22-4 = 0.667,5-42-5 = 1.0,7-31-52-29-19-8 = 0.333,7-48-24-30-7 = 1.0,7-21-26-36-7 = 0.333,8-53-27-40-23-8 = 0.667,7-52-29-37-7 = 0.667,7-31-21-26-36-7 = 0.667,8-33-23-39-8 = 0.333,8-33-39-8 = 0.667,8-12-47-11-8 = 0.667,5-35-38-5 = 1.0,5-56-55-32-5 = 1.0,5-18-54-14-5 = 1.0,5-25-9-10-58-5 = 0.667,5-34-13-51-43-4 = 0.333,5-34-13-51-15-4 = 0.667,8-49-10-46-47-8 = 0.333,4-22-57-4 = 0.333,4-17-57-4 = 0.667,4-17-15-28-4 = 0.333,4-12-44-28-4 = 0.333,8-49-46-19-37-7 = 0.333,4-45-20-28-4 = 0.333,4-45-20-44-43-4 = 0.667,8-40-49-19-11-8 = 0.333,4-41-50-16-5 = 1.0,8-27-53-8 = 0.333,5-25-9-58-46-5 = 0.333
275,273,736.002,5.098,2.285,0.734,Prune by UB,,4-22-4 = 1.0,5-38-5 = 0.268,5-42-5 = 1.0,7-36-26-7 = 0.268,7-31-52-29-19-8 = 0.512,7-31-52-37-7 = 0.244,7-48-37-7 = 0.024,7-24-30-7 = 0.024,7-48-24-30-7 = 0.976,7-21-26-36-7 = 0.732,7-52-29-37-7 = 0.244,8-33-39-8 = 1.0,8-12-51-44-4 = 0.049,8-12-47-11-8 = 0.683,8-12-9-58-51-4 = 0.049,8-10-58-51-47-4 = 0.098,7-31-29-19-37-7 = 0.244,8-25-51-43-4 = 0.317,5-35-56-21-7 = 0.268,5-35-56-38-5 = 0.732,5-18-54-34-13-5 = 1.0,5-32-55-14-5 = 1.0,5-25-9-44-43-4 = 0.683,8-49-10-51-44-4 = 0.268,8-49-10-58-46-4 = 0.634,8-49-58-51-46-4 = 0.098,4-15-28-4 = 1.0,4-17-57-4 = 1.0,5-9-46-19-37-7 = 0.049,4-45-20-40-23-8 = 1.0,4-41-50-16-5 = 1.0,4-12-47-11-8 = 0.22,4-9-46-19-37-7 = 0.098,8-27-53-8 = 1.0,8-11-19-37-7 = 0.098,8-9-58-51-46-4 = 0.122
117,116,736.125,11.0,3.825,0.143,Prune by UB,,4-22-4 = 0.786,5-42-5 = 0.714,7-31-52-29-19-8 = 0.429,7-48-24-30-7 = 1.0,7-21-26-36-7 = 0.571,8-53-27-8 = 1.0,7-52-29-37-7 = 0.429,7-31-21-26-36-7 = 0.429,8-33-23-39-8 = 0.429,8-33-39-8 = 0.571,8-12-44-28-4 = 0.429,8-12-47-11-8 = 0.286,8-10-51-43-4 = 0.143,7-31-52-29-14-5 = 0.143,8-40-49-46-43-4 = 0.429,5-35-56-38-5 = 0.571,5-18-54-34-13-5 = 0.857,5-32-55-14-5 = 0.714,5-35-38-5 = 0.286,5-25-58-51-47-8 = 0.286,5-56-55-32-5 = 0.286,5-18-54-13-14-5 = 0.143,5-25-9-46-47-8 = 0.429,5-34-58-46-43-4 = 0.143,8-49-10-51-44-4 = 0.571,4-15-57-4 = 0.5,4-17-57-4 = 0.5,4-17-15-28-4 = 0.5,4-12-9-58-43-4 = 0.286,4-45-20-28-4 = 0.071,5-25-9-58-10-8 = 0.286,4-45-20-40-23-8 = 0.571,4-41-50-16-5 = 1.0,4-45-20-11-8 = 0.143,5-42-38-5 = 0.143,4-45-20-22-4 = 0.214,5-35-56-42-5 = 0.143,8-11-19-37-7 = 0.571
196,193,736.441,6.333,3.157,-0.417,Prune by UB,,4-22-4 = 0.444,5-42-5 = 0.963,7-31-52-29-19-8 = 0.444,7-48-24-30-7 = 1.0,7-21-26-36-7 = 0.444,8-53-27-8 = 1.0,8-40-28-15-4 = 0.778,7-52-29-37-7 = 0.556,7-31-21-26-36-7 = 0.556,8-33-23-39-8 = 0.778,8-33-39-8 = 0.222,8-12-44-28-4 = 0.222,5-18-54-34-13-5 = 0.778,5-32-55-14-5 = 0.019,5-35-38-5 = 0.981,5-54-9-58-43-4 = 0.093,5-56-55-32-5 = 0.981,5-18-54-13-14-5 = 0.037,5-18-25-54-5 = 0.037,5-25-9-46-47-8 = 0.111,5-25-9-10-47-8 = 0.111,5-18-58-51-43-4 = 0.037,5-34-51-44-15-4 = 0.037,5-25-9-58-43-4 = 0.13,5-34-13-51-15-4 = 0.185,5-58-51-44-43-4 = 0.741,4-17-57-4 = 1.0,5-25-9-19-37-7 = 0.444,5-25-54-14-5 = 0.056,4-45-20-40-23-8 = 0.222,4-41-50-16-5 = 1.0,4-12-47-11-8 = 0.778,4-45-20-11-8 = 0.222,5-42-38-5 = 0.019,8-49-10-46-14-5 = 0.889,4-45-20-22-4 = 0.556,5-35-56-42-5 = 0.019,5-18-25-9-49-19-5 = 0.111
178,166,736.106,10.944,3.472,2.167,Prune by UB,,4-22-4 = 0.861,5-42-5 = 1.0,7-31-52-29-19-8 = 0.5,7-48-24-30-7 = 1.0,7-21-26-36-7 = 0.5,8-53-27-8 = 1.0,7-52-29-37-7 = 0.5,7-31-21-26-36-7 = 0.5,8-33-23-39-8 = 1.0,8-12-44-28-4 = 0.111,8-12-47-11-8 = 0.583,8-40-44-51-43-4 = 0.444,8-10-49-19-37-7 = 0.056,5-41-50-16-5 = 0.028,5-35-56-14-5 = 0.5,5-18-54-34-13-5 = 1.0,5-32-55-14-5 = 0.5,5-38-50-16-5 = 0.5,5-35-38-5 = 0.5,5-56-55-32-5 = 0.5,5-25-9-10-58-5 = 0.528,5-25-9-58-46-4 = 0.472,8-49-10-46-47-8 = 0.417,4-28-15-4 = 0.083,4-15-57-4 = 0.111,4-22-57-4 = 0.139,4-17-57-4 = 0.25,4-17-15-28-4 = 0.25,4-51-46-43-4 = 0.111,4-17-41-57-4 = 0.5,4-45-44-51-43-4 = 0.444,4-20-40-11-8 = 0.333,4-41-50-16-5 = 0.472,4-45-28-15-4 = 0.556,8-20-49-19-37-7 = 0.444,4-20-12-40-8 = 0.222,8-12-49-11-8 = 0.083
240,110,736.189,7.361,2.457,1.694,Prune by UB,,4-22-4 = 0.417,5-42-5 = 0.889,7-31-52-29-19-8 = 0.208,7-48-24-30-7 = 1.0,7-31-52-54-5 = 0.236,7-21-26-36-7 = 1.0,8-33-23-39-8 = 0.208,8-33-39-8 = 0.778,8-53-39-8 = 0.014,8-12-44-28-4 = 0.208,8-12-47-11-8 = 0.792,8-40-44-51-43-4 = 0.208,8-10-49-19-37-7 = 0.764,7-31-52-29-14-5 = 0.556,5-32-55-14-5 = 0.056,5-35-38-5 = 0.944,5-54-9-58-51-4 = 0.167,5-56-55-32-5 = 0.944,5-18-25-58-13-5 = 0.389,5-25-9-10-58-5 = 0.028,5-18-54-34-14-5 = 0.389,5-25-9-51-44-4 = 0.264,5-25-9-58-46-4 = 0.208,5-25-9-44-43-4 = 0.111,5-34-13-46-43-4 = 0.514,5-34-13-51-43-4 = 0.097,8-49-10-46-47-8 = 0.208,4-15-57-4 = 0.208,4-22-57-4 = 0.583,4-17-57-4 = 0.208,4-17-15-28-4 = 0.792,5-18-9-46-43-4 = 0.014,4-51-46-43-4 = 0.056,5-54-29-37-7 = 0.208,4-45-20-40-23-8 = 0.792,4-41-50-16-5 = 1.0,4-45-20-11-8 = 0.208,5-42-38-5 = 0.056,5-35-56-42-5 = 0.056,8-27-53-8 = 0.972,8-27-49-29-19-37-7 = 0.028,8-53-33-8 = 0.014,5-18-9-58-51-44-4 = 0.208
287,219,736.344,10.143,3.096,0.543,Prune by UB,,4-22-4 = 1.0,5-38-5 = 0.429,8-39-8 = 0.286,5-42-5 = 1.0,7-36-26-7 = 0.429,7-31-52-29-19-7 = 0.429,7-48-24-30-7 = 1.0,7-21-26-36-7 = 0.143,7-21-49-19-37-7 = 0.429,7-52-29-37-7 = 0.429,7-31-21-26-36-7 = 0.429,8-33-23-39-8 = 0.286,8-33-39-8 = 0.429,8-33-40-11-8 = 0.286,8-12-44-28-4 = 0.429,8-12-47-11-8 = 0.571,7-31-52-29-14-5 = 0.143,5-41-50-16-5 = 0.143,5-35-56-14-5 = 0.429,5-18-54-34-13-5 = 1.0,5-32-55-14-5 = 0.429,5-35-38-5 = 0.571,5-56-55-32-5 = 0.571,5-25-9-10-58-4 = 0.286,5-25-9-58-15-4 = 0.571,8-49-10-46-47-4 = 0.429,4-17-57-4 = 1.0,4-20-51-43-4 = 0.143,5-25-49-19-37-7 = 0.143,4-51-46-43-4 = 0.571,4-10-51-43-4 = 0.286,4-45-20-40-23-8 = 0.714,4-41-50-16-5 = 0.857,4-45-20-11-8 = 0.143,8-27-53-8 = 1.0,4-44-28-15-4 = 0.429,4-45-9-58-44-28-4 = 0.143
191,121,735.998,6.0,2.728,3.0,Prune by UB,,4-22-4 = 1.0,5-42-5 = 1.0,7-48-24-30-7 = 1.0,8-53-27-40-23-8 = 1.0,7-52-29-37-7 = 1.0,7-31-21-26-36-7 = 1.0,8-33-39-8 = 1.0,8-12-44-15-4 = 0.5,8-12-47-11-8 = 0.5,8-10-51-43-4 = 0.5,5-18-54-34-13-5 = 0.5,5-35-38-5 = 1.0,5-56-55-32-5 = 1.0,5-18-54-13-14-5 = 0.5,5-25-9-46-47-4 = 0.5,5-25-9-46-14-5 = 0.5,4-17-57-4 = 1.0,5-34-58-49-19-11-8 = 0.5,4-20-51-43-4 = 0.5,4-45-20-28-4 = 0.5,4-44-58-10-49-19-8 = 0.5,4-41-50-16-5 = 1.0,4-45-28-15-4 = 0.5
356,351,736.467,5.778,2.85,0.414,Prune by UB,,4-22-4 = 1.0,8-33-8 = 0.111,8-39-8 = 0.111,5-42-5 = 1.0,7-31-52-29-19-8 = 0.222,7-48-24-30-7 = 1.0,7-31-52-54-5 = 0.222,7-21-26-36-7 = 1.0,8-33-39-8 = 0.889,8-12-47-11-8 = 0.444,8-12-9-10-49-8 = 0.444,7-31-52-29-14-5 = 0.556,5-18-54-34-13-5 = 0.333,5-35-38-5 = 1.0,5-56-55-32-5 = 1.0,5-18-54-13-14-5 = 0.444,5-25-9-51-44-4 = 0.444,5-34-58-46-43-4 = 0.444,5-58-51-44-43-4 = 0.556,8-49-10-46-47-4 = 0.556,4-28-15-4 = 1.0,4-17-57-4 = 1.0,5-25-9-19-37-7 = 0.111,4-45-20-40-23-8 = 1.0,4-41-50-16-5 = 1.0,8-27-53-8 = 1.0,8-11-19-37-7 = 0.556,5-18-25-34-13-5 = 0.222,8-12-19-37-7 = 0.111,5-25-29-37-7 = 0.222
265,257,736.452,9.625,2.937,0.875,Prune by UB,,4-22-4 = 0.719,5-42-5 = 0.75,7-31-52-29-19-8 = 0.5,7-31-52-37-7 = 0.125,7-48-24-30-7 = 1.0,7-21-26-36-7 = 0.625,8-40-28-15-4 = 0.25,7-52-29-37-7 = 0.375,7-31-21-26-36-7 = 0.375,8-33-23-39-8 = 0.25,8-33-39-8 = 0.75,8-12-47-11-8 = 1.0,5-18-54-34-13-5 = 0.437,5-32-55-14-5 = 0.25,5-38-50-16-5 = 0.125,5-38-41-57-4 = 0.125,5-35-38-5 = 0.75,5-54-58-51-4 = 0.281,5-56-55-32-5 = 0.75,5-18-54-13-14-5 = 0.188,5-18-25-9-43-4 = 0.375,5-54-34-13-14-5 = 0.094,5-25-9-44-43-4 = 0.625,5-34-13-51-15-4 = 0.281,5-34-58-51-28-4 = 0.062,4-15-57-4 = 0.031,4-22-57-4 = 0.281,4-17-57-4 = 0.562,4-17-15-28-4 = 0.438,5-34-58-29-19-37-7 = 0.125,4-45-20-28-4 = 0.25,4-45-20-40-23-8 = 0.75,4-41-50-16-5 = 0.875,8-49-10-46-14-5 = 0.469,5-35-56-42-5 = 0.25,8-27-53-8 = 1.0,8-49-10-58-46-5 = 0.531,4-44-51-19-37-7 = 0.375
295,160,736.832,8.122,3.396,-1.497,Prune by UB,,4-22-4 = 1.0,8-33-8 = 0.088,5-38-5 = 0.426,8-39-8 = 0.088,5-42-5 = 1.0,7-31-52-29-19-8 = 0.284,7-48-24-30-7 = 1.0,7-21-26-36-7 = 0.432,7-52-29-37-7 = 0.568,7-31-21-26-36-7 = 0.568,8-33-23-39-8 = 0.392,8-33-39-8 = 0.52,8-12-47-11-8 = 1.0,8-40-44-51-43-4 = 0.392,8-45-20-44-43-4 = 0.351,7-31-52-29-14-5 = 0.149,8-51-46-43-4 = 0.257,8-45-20-44-51-4 = 0.041,8-45-20-40-23-8 = 0.608,5-35-56-14-5 = 0.426,5-18-54-34-13-5 = 0.905,5-32-55-14-5 = 0.426,5-35-38-5 = 0.574,5-25-58-10-49-8 = 0.189,5-54-9-10-49-8 = 0.095,5-56-55-32-5 = 0.574,4-28-15-4 = 1.0,4-17-57-4 = 1.0,8-49-46-19-37-7 = 0.432,5-25-9-58-49-19-8 = 0.189,5-25-9-58-10-8 = 0.622,5-18-9-10-49-19-8 = 0.095,4-41-50-16-5 = 1.0,8-27-53-8 = 1.0,5-34-13-51-46-5 = 0.095,4-44-51-46-4 = 0.176,4-44-51-46-5 = 0.041
114,106,736.1,9.0,3.941,3.409,Prune by UB,,4-22-4 = 1.0,8-33-8 = 0.167,8-39-8 = 0.167,5-42-5 = 1.0,7-31-52-29-19-7 = 0.333,7-31-52-37-7 = 0.333,7-48-24-30-7 = 1.0,7-21-26-36-7 = 1.0,8-53-27-8 = 1.0,7-52-29-37-7 = 0.333,7-31-29-19-11-8 = 0.333,8-33-39-8 = 0.833,8-12-44-28-4 = 0.333,8-12-47-11-8 = 0.667,8-10-49-19-37-7 = 0.333,5-35-56-14-5 = 0.5,5-18-54-34-13-5 = 0.667,5-32-55-14-5 = 0.5,5-38-50-16-5 = 0.167,5-38-41-57-4 = 0.167,5-35-38-5 = 0.5,5-56-55-32-5 = 0.5,5-18-25-54-5 = 0.333,5-25-9-51-44-4 = 0.333,5-34-13-51-15-4 = 0.333,8-49-10-46-47-4 = 0.333,8-49-10-51-44-4 = 0.333,4-28-15-4 = 0.5,4-17-57-4 = 0.833,4-17-15-28-4 = 0.167,4-9-58-46-43-4 = 0.667,4-45-20-40-23-8 = 1.0,4-41-50-16-5 = 0.833,5-42-38-5 = 0.167,4-25-58-43-4 = 0.333
327,92,736.211,10.385,2.828,3.26,Prune by UB,,4-22-4 = 0.577,5-42-5 = 1.0,7-31-52-29-19-8 = 0.5,7-48-24-30-7 = 1.0,7-21-26-36-7 = 0.5,8-53-27-8 = 1.0,7-52-29-37-7 = 0.5,7-31-21-26-36-7 = 0.5,8-33-23-39-8 = 0.833,8-45-20-28-4 = 0.526,8-33-40-11-8 = 0.167,8-40-23-39-8 = 0.167,8-40-44-51-43-4 = 0.615,8-45-20-22-4 = 0.423,8-45-44-51-15-4 = 0.051,5-35-56-38-5 = 0.385,5-18-54-34-13-5 = 0.692,5-32-55-14-5 = 0.385,5-35-38-5 = 0.615,5-25-58-10-49-8 = 0.769,5-56-55-32-5 = 0.615,5-54-34-13-14-5 = 0.308,5-25-9-46-47-4 = 0.231,5-18-58-49-19-37-7 = 0.231,4-15-57-4 = 0.474,4-17-57-4 = 0.526,4-17-15-28-4 = 0.474,5-18-9-46-43-4 = 0.077,4-20-40-11-8 = 0.051,4-41-50-16-5 = 1.0,4-12-47-11-8 = 0.538,4-9-10-46-47-4 = 0.231,8-11-19-37-7 = 0.244,4-44-51-43-14-5 = 0.308,4-44-51-19-37-7 = 0.026,4-12-9-46-4 = 0.462
300,218,736.685,6.0,2.914,0.07,Prune by UB,,4-22-4 = 1.0,5-42-5 = 1.0,7-36-26-7 = 0.75,7-21-52-29-7 = 0.5,7-48-24-30-7 = 1.0,7-21-49-19-37-7 = 0.25,7-31-9-10-58-44-4 = 0.25,7-31-21-26-36-7 = 0.25,8-33-39-8 = 1.0,8-12-47-11-8 = 1.0,7-31-52-29-14-5 = 0.5,8-45-20-40-23-8 = 0.75,5-18-54-34-13-5 = 0.5,5-35-38-5 = 1.0,5-25-51-43-4 = 0.5,5-56-55-32-5 = 1.0,5-18-54-13-14-5 = 0.5,5-34-51-44-43-4 = 0.5,4-28-15-4 = 0.75,4-17-57-4 = 1.0,5-25-49-19-37-7 = 0.5,8-49-46-19-37-7 = 0.25,4-45-20-40-23-8 = 0.25,4-41-50-16-5 = 1.0,4-9-58-10-46-4 = 0.75,8-27-53-8 = 1.0,4-44-28-15-4 = 0.25
333,136,736.91,9.412,3.573,-0.894,Prune by UB,,4-22-4 = 0.397,8-39-8 = 0.176,5-42-5 = 0.941,7-21-52-29-7 = 0.235,7-30-24-26-36-7 = 0.176,7-48-24-30-7 = 0.824,7-31-52-54-5 = 0.235,7-21-26-36-7 = 0.529,7-48-26-36-7 = 0.176,7-31-29-19-11-8 = 0.118,7-31-21-26-36-7 = 0.118,8-33-23-39-8 = 0.176,8-33-39-8 = 0.647,8-33-40-11-8 = 0.176,8-12-44-15-4 = 0.191,8-12-44-28-4 = 0.279,8-12-47-11-8 = 0.529,8-45-20-11-8 = 0.176,7-31-52-29-14-5 = 0.529,8-45-20-40-23-8 = 0.471,5-18-54-34-13-5 = 0.706,5-32-55-14-5 = 0.059,5-38-50-16-5 = 0.029,5-38-41-57-4 = 0.029,5-35-38-5 = 0.941,5-56-55-32-5 = 0.941,5-18-54-13-14-5 = 0.059,5-25-9-46-47-4 = 0.471,5-18-58-51-43-4 = 0.235,5-25-9-46-14-5 = 0.294,5-25-9-58-51-4 = 0.176,5-34-13-46-43-4 = 0.235,5-34-58-10-51-4 = 0.059,5-58-51-44-43-4 = 0.529,4-15-57-4 = 0.088,4-22-57-4 = 0.603,4-17-57-4 = 0.279,4-17-15-28-4 = 0.721,4-45-20-40-23-8 = 0.353,4-41-50-16-5 = 0.971,4-10-49-19-37-7 = 0.882,5-35-56-42-5 = 0.059,8-27-53-8 = 1.0,5-25-9-10-14-5 = 0.059,7-21-49-29-37-7 = 0.118
325,109,736.825,10.12,3.331,-0.139,Prune by UB,,4-22-4 = 0.64,5-42-5 = 1.0,7-31-52-29-19-7 = 0.4,7-30-24-26-36-7 = 0.2,7-48-24-30-7 = 0.8,7-21-54-34-14-5 = 0.32,7-21-58-51-13-5 = 0.08,7-48-26-36-7 = 0.2,8-53-27-8 = 1.0,7-52-29-37-7 = 0.6,7-31-21-26-36-7 = 0.6,8-33-23-39-8 = 0.2,8-33-39-8 = 0.8,8-12-44-28-4 = 0.4,8-12-47-11-8 = 0.6,8-10-49-19-37-7 = 0.32,8-45-20-11-8 = 0.2,5-35-56-38-5 = 0.24,5-18-54-34-13-5 = 0.24,5-32-55-14-5 = 0.24,5-35-38-5 = 0.76,5-25-51-43-4 = 0.52,5-56-55-32-5 = 0.76,5-18-54-13-14-5 = 0.4,5-54-34-13-14-5 = 0.04,5-25-9-44-43-4 = 0.48,5-34-58-46-15-4 = 0.24,5-34-58-10-46-5 = 0.16,8-49-10-46-47-8 = 0.4,4-15-57-4 = 0.2,4-22-57-4 = 0.36,4-17-57-4 = 0.44,4-17-15-28-4 = 0.56,8-49-46-19-37-7 = 0.08,8-40-49-19-11-8 = 0.2,4-45-20-40-23-8 = 0.8,4-41-50-16-5 = 1.0,5-18-9-58-51-44-4 = 0.12,5-18-9-58-51-13-5 = 0.24,5-9-58-10-46-5 = 0.12,5-9-58-51-28-4 = 0.04
227,226,736.713,9.286,3.706,0.547,Prune by UB,,4-22-4 = 1.0,8-33-8 = 0.214,8-39-8 = 0.5,5-42-5 = 1.0,7-36-26-7 = 0.429,7-31-52-37-7 = 0.286,7-21-52-29-7 = 0.214,7-48-24-30-7 = 1.0,7-21-54-34-14-5 = 0.214,7-52-29-37-7 = 0.357,7-31-21-26-36-7 = 0.571,8-33-23-39-8 = 0.5,8-33-40-11-8 = 0.286,8-12-10-58-5 = 0.214,8-12-44-28-4 = 0.071,8-12-47-11-8 = 0.714,8-40-44-51-43-4 = 0.214,7-31-52-29-14-5 = 0.143,5-41-50-16-5 = 0.643,5-18-54-34-13-5 = 0.429,5-35-38-5 = 1.0,5-56-55-32-5 = 1.0,5-25-9-46-47-4 = 0.286,5-18-54-34-14-5 = 0.071,5-18-25-9-49-19-8 = 0.214,5-25-9-51-44-4 = 0.143,5-34-51-46-19-8 = 0.143,5-34-51-44-15-4 = 0.143,4-28-15-4 = 0.857,4-17-57-4 = 1.0,5-25-9-19-37-7 = 0.357,4-45-20-28-4 = 0.071,4-45-20-44-43-4 = 0.429,4-51-46-43-4 = 0.357,5-18-54-29-19-8 = 0.286,4-45-20-40-23-8 = 0.5,4-41-50-16-5 = 0.357,8-27-53-8 = 1.0,8-49-10-58-46-8 = 0.143,8-49-10-58-46-5 = 0.071,8-49-10-58-13-14-5 = 0.571
371,369,736.701,9.067,3.118,0.733,Prune by UB,,4-22-4 = 1.0,5-38-5 = 0.167,8-39-8 = 0.433,5-42-5 = 1.0,7-36-26-7 = 0.333,7-31-52-29-19-8 = 0.333,7-31-52-37-7 = 0.333,7-48-24-30-7 = 1.0,7-21-58-19-37-7 = 0.333,7-21-26-36-7 = 0.667,8-53-27-8 = 1.0,8-33-23-11-8 = 0.067,8-33-23-39-8 = 0.567,8-45-20-28-4 = 0.033,8-33-40-11-8 = 0.367,8-12-44-15-4 = 0.2,8-12-47-11-8 = 0.4,8-12-9-10-49-8 = 0.4,8-40-44-51-43-4 = 0.267,8-45-20-40-23-8 = 0.367,5-35-56-14-5 = 0.167,5-18-54-34-13-5 = 0.667,5-32-55-14-5 = 0.167,5-35-38-5 = 0.833,5-25-51-43-4 = 0.4,5-56-55-32-5 = 0.833,5-18-54-13-14-5 = 0.333,5-25-9-51-44-4 = 0.267,5-25-9-46-14-5 = 0.333,8-49-10-46-47-8 = 0.6,4-15-28-4 = 0.8,4-17-57-4 = 1.0,5-34-58-29-19-37-7 = 0.333,4-45-20-28-4 = 0.167,4-45-20-44-43-4 = 0.267,4-51-46-43-4 = 0.067,4-41-50-16-5 = 1.0,4-45-20-11-8 = 0.167,7-31-52-58-29-7 = 0.333
289,288,736.752,9.667,3.485,0.5,Prune by UB,,4-22-4 = 1.0,5-38-5 = 0.167,8-39-8 = 0.333,5-42-5 = 1.0,7-36-26-7 = 0.333,7-31-52-29-19-7 = 0.5,7-31-52-37-7 = 0.167,7-48-24-30-7 = 1.0,7-21-26-36-7 = 0.5,7-21-49-19-37-7 = 0.333,7-52-29-37-7 = 0.333,7-31-21-26-36-7 = 0.167,8-33-23-39-8 = 0.333,8-33-39-8 = 0.333,8-33-40-11-8 = 0.333,8-12-44-15-4 = 0.222,8-12-44-11-8 = 0.111,8-12-47-11-8 = 0.333,7-31-29-19-37-7 = 0.167,5-35-56-14-5 = 0.389,5-18-54-34-13-5 = 1.0,5-32-55-14-5 = 0.389,5-38-50-16-5 = 0.111,5-38-41-57-4 = 0.111,5-35-38-5 = 0.611,5-56-55-32-5 = 0.611,5-25-9-10-58-4 = 0.333,5-25-9-58-46-4 = 0.667,8-49-10-51-44-4 = 0.667,4-28-15-4 = 0.667,4-17-57-4 = 0.889,4-17-15-28-4 = 0.111,4-51-46-43-4 = 0.333,4-45-20-40-23-8 = 0.667,4-41-50-16-5 = 0.889,4-12-47-11-8 = 0.222,4-12-47-43-4 = 0.111,8-27-53-8 = 1.0,4-28-43-14-5 = 0.222,4-45-20-47-43-4 = 0.333
105,104,736.768,6.571,4.663,0.794,Prune by UB,,4-22-4 = 1.0,8-39-8 = 0.357,5-42-5 = 1.0,7-36-26-7 = 1.0,7-21-52-29-7 = 1.0,7-48-24-30-7 = 1.0,7-31-58-51-43-4 = 1.0,8-53-27-8 = 1.0,8-33-23-39-8 = 0.357,8-33-39-8 = 0.286,8-33-40-11-8 = 0.357,8-12-44-15-4 = 0.286,8-12-44-28-4 = 0.429,8-12-47-11-8 = 0.286,8-10-49-19-37-7 = 1.0,5-35-56-14-5 = 0.357,5-18-54-34-13-5 = 1.0,5-32-55-14-5 = 0.357,5-38-50-16-5 = 0.143,5-38-41-57-4 = 0.143,5-35-38-5 = 0.643,5-56-55-32-5 = 0.643,5-25-9-46-47-8 = 0.714,5-25-9-46-14-5 = 0.286,4-15-57-4 = 0.143,4-17-57-4 = 0.714,4-17-15-28-4 = 0.286,4-45-20-40-23-8 = 0.643,4-41-50-16-5 = 0.857,4-45-20-11-8 = 0.357,5-42-38-5 = 0.071,4-44-28-15-4 = 0.286
329,318,736.737,11.0,3.237,1.385,Prune by UB,,4-22-4 = 1.0,8-39-8 = 0.5,5-42-5 = 1.0,7-31-52-29-19-8 = 0.5,7-48-24-30-7 = 1.0,7-21-26-36-7 = 0.5,8-53-27-8 = 1.0,7-52-29-37-7 = 0.5,7-31-21-26-36-7 = 0.5,8-33-23-11-8 = 0.5,8-33-23-39-8 = 0.5,8-12-47-11-8 = 0.5,8-40-44-51-43-4 = 1.0,5-41-50-16-5 = 0.5,5-35-56-14-5 = 0.5,5-18-54-34-13-5 = 1.0,5-32-55-14-5 = 0.5,5-35-38-5 = 0.5,5-25-58-10-49-8 = 0.5,5-56-55-32-5 = 0.5,5-25-9-10-58-5 = 0.5,4-15-28-4 = 0.5,4-17-57-4 = 1.0,4-45-20-28-4 = 0.5,4-41-50-16-5 = 0.5,4-20-49-19-37-7 = 0.5,5-42-38-5 = 0.5,4-45-9-46-15-4 = 0.5,4-12-46-47-4 = 0.5
321,319,737.092,6.424,3.566,0.424,Prune by UB,,4-22-4 = 0.348,8-39-8 = 0.03,5-42-5 = 0.97,7-31-52-29-19-8 = 0.5,7-48-24-30-7 = 1.0,7-21-26-36-7 = 0.5,8-53-27-8 = 1.0,7-52-29-37-7 = 0.5,7-31-21-26-36-7 = 0.5,8-33-23-39-8 = 0.03,8-33-39-8 = 0.939,8-33-40-11-8 = 0.03,8-12-44-15-4 = 0.061,8-12-47-11-8 = 0.939,8-45-20-11-8 = 0.03,8-45-20-40-23-8 = 0.409,5-41-50-16-5 = 0.788,5-18-54-55-5 = 0.03,5-18-54-32-5 = 0.03,5-18-54-34-13-5 = 0.879,5-38-50-16-5 = 0.015,5-38-41-57-4 = 0.015,5-35-38-5 = 0.97,5-56-55-32-5 = 0.97,5-18-54-13-14-5 = 0.061,5-34-51-44-15-4 = 0.121,5-25-9-58-43-4 = 0.939,4-15-57-4 = 0.076,4-22-57-4 = 0.652,4-17-57-4 = 0.258,4-17-15-28-4 = 0.742,5-25-58-47-43-4 = 0.061,5-9-10-51-44-4 = 0.061,4-44-51-28-4 = 0.258,4-45-20-40-23-8 = 0.561,4-41-50-16-5 = 0.197,8-49-10-46-14-5 = 0.939,5-35-56-42-5 = 0.03,4-44-51-19-37-7 = 0.5,8-49-51-46-13-5 = 0.061
111,37,737.323,8.774,5.177,-1.059,Prune by UB,,4-22-4 = 0.968,5-42-5 = 1.0,7-31-52-29-19-8 = 0.387,7-48-24-30-7 = 1.0,7-21-26-36-7 = 0.387,8-53-27-8 = 1.0,7-52-29-37-7 = 0.613,7-31-21-26-36-7 = 0.613,8-33-23-39-8 = 1.0,8-12-10-58-5 = 0.226,8-40-44-51-43-4 = 0.274,8-12-58-46-4 = 0.113,8-10-49-19-37-7 = 0.226,5-35-56-14-5 = 0.226,5-35-56-38-5 = 0.548,5-18-54-34-13-5 = 1.0,5-32-55-14-5 = 0.774,5-38-50-16-5 = 0.226,5-35-38-5 = 0.226,5-25-51-43-4 = 0.661,5-56-55-32-5 = 0.226,5-25-9-46-47-4 = 0.339,8-49-10-46-47-8 = 0.548,4-15-57-4 = 0.484,4-22-57-4 = 0.032,4-17-57-4 = 0.258,4-17-15-28-4 = 0.516,4-20-44-28-4 = 0.065,4-45-20-28-4 = 0.339,4-45-20-44-43-4 = 0.065,4-12-9-58-51-4 = 0.065,4-17-41-57-4 = 0.226,8-40-49-19-11-8 = 0.226,4-20-40-11-8 = 0.5,4-41-50-16-5 = 0.774,4-28-47-11-8 = 0.081,4-20-47-11-8 = 0.032,4-45-12-9-58-44-4 = 0.597,8-11-19-37-7 = 0.161
246,209,737.341,9.2,4.086,-1.133,Prune by UB,,4-22-4 = 0.7,5-42-5 = 0.8,7-31-52-29-19-8 = 0.5,7-48-24-30-7 = 1.0,7-21-26-36-7 = 0.5,7-52-29-37-7 = 0.5,7-31-21-26-36-7 = 0.5,8-33-23-39-8 = 0.45,8-33-39-8 = 0.55,8-12-47-11-8 = 1.0,8-40-44-51-43-5 = 0.3,8-40-44-51-43-8 = 0.15,5-41-50-16-5 = 0.9,5-18-54-34-13-5 = 1.0,5-32-55-14-5 = 0.2,5-38-50-16-5 = 0.1,5-38-41-57-4 = 0.1,5-35-38-5 = 0.8,5-56-55-32-5 = 0.8,5-25-9-46-14-5 = 0.25,8-49-10-58-46-4 = 0.75,8-49-58-51-28-4 = 0.25,4-28-15-4 = 0.3,4-15-57-4 = 0.25,4-22-57-4 = 0.1,4-17-57-4 = 0.55,4-17-15-28-4 = 0.45,5-25-9-19-37-7 = 0.5,4-45-20-40-23-8 = 0.55,4-45-20-22-4 = 0.2,5-35-56-42-5 = 0.2,8-27-53-8 = 1.0,5-25-9-10-14-5 = 0.25,4-44-51-43-14-5 = 0.3,4-45-20-44-43-8 = 0.25
343,342,736.992,8.2,3.841,1.533,Prune by UB,,4-22-4 = 0.583,5-42-5 = 0.783,7-48-24-30-7 = 1.0,7-31-52-54-5 = 0.117,7-21-26-36-7 = 0.792,8-53-27-8 = 1.0,7-52-29-37-7 = 0.208,7-31-21-26-36-7 = 0.208,8-33-23-39-8 = 0.092,8-33-39-8 = 0.908,8-12-44-28-4 = 0.183,8-12-47-11-8 = 0.817,8-45-20-11-8 = 0.025,7-31-52-29-14-5 = 0.675,5-18-54-34-13-5 = 0.542,5-32-55-14-5 = 0.1,5-38-50-16-5 = 0.108,5-38-41-57-4 = 0.108,5-35-38-5 = 0.783,5-56-55-32-5 = 0.783,5-18-54-13-14-5 = 0.225,5-18-55-32-5 = 0.117,5-25-9-51-44-4 = 0.158,5-34-51-44-15-4 = 0.183,5-34-13-51-43-4 = 0.233,8-49-10-58-46-4 = 0.617,8-49-10-58-43-4 = 0.383,4-22-57-4 = 0.417,4-17-57-4 = 0.475,4-17-15-28-4 = 0.525,5-25-9-19-37-7 = 0.792,4-51-46-43-4 = 0.383,5-18-54-29-19-8 = 0.117,5-25-9-44-47-19-8 = 0.05,5-34-51-44-47-19-8 = 0.042,4-45-20-40-23-8 = 0.908,4-41-50-16-5 = 0.892,4-45-20-11-8 = 0.067,5-35-56-42-5 = 0.217,4-44-28-15-4 = 0.292,8-40-44-47-11-8 = 0.092
137,71,737.071,7.5,4.671,1.167,Prune by UB,,4-22-4 = 1.0,8-33-8 = 0.25,8-39-8 = 0.417,5-42-5 = 1.0,7-31-52-29-19-7 = 0.167,7-48-24-30-7 = 1.0,7-52-29-46-4 = 0.167,7-31-52-54-5 = 0.333,7-21-26-36-7 = 1.0,8-33-23-39-8 = 0.167,8-33-39-8 = 0.417,8-33-40-11-8 = 0.167,8-12-44-15-4 = 0.083,8-12-44-28-4 = 0.25,8-12-47-11-8 = 0.667,8-10-51-43-4 = 0.5,7-31-52-29-14-5 = 0.333,5-18-54-34-13-5 = 0.333,5-35-38-5 = 1.0,5-56-55-32-5 = 1.0,5-18-54-13-14-5 = 0.333,5-25-9-46-47-8 = 0.333,5-18-58-49-19-37-7 = 0.333,5-25-9-51-44-4 = 0.167,5-25-9-46-14-5 = 0.333,5-34-13-51-46-4 = 0.167,5-34-13-51-15-4 = 0.167,8-49-10-44-43-4 = 0.333,4-28-15-4 = 0.75,4-17-57-4 = 1.0,5-34-58-29-19-37-7 = 0.333,5-25-58-49-37-7 = 0.167,4-45-20-40-23-8 = 0.833,4-41-50-16-5 = 1.0,4-45-20-11-8 = 0.167,8-27-53-8 = 1.0,8-9-10-44-43-4 = 0.167,7-31-58-49-19-37-7 = 0.167
306,253,737.119,9.778,3.728,1.028,Prune by UB,,4-22-4 = 1.0,5-38-5 = 0.5,8-39-8 = 0.222,5-42-5 = 1.0,7-31-52-29-19-7 = 0.667,7-48-37-7 = 0.333,7-30-24-26-36-7 = 0.333,7-48-24-30-7 = 0.667,7-21-26-36-7 = 0.333,7-21-49-19-37-7 = 0.333,7-52-29-37-7 = 0.333,7-31-21-26-36-7 = 0.333,8-33-23-39-8 = 0.333,8-33-39-8 = 0.389,8-40-23-39-8 = 0.056,8-10-51-43-4 = 0.333,8-40-44-51-43-4 = 0.333,5-35-56-14-5 = 0.5,5-18-54-34-13-5 = 1.0,5-32-55-14-5 = 0.5,5-35-38-5 = 0.5,5-56-55-32-5 = 0.5,5-25-9-58-46-4 = 1.0,8-49-10-51-44-4 = 0.333,8-49-10-44-43-4 = 0.333,4-15-57-4 = 0.222,4-17-57-4 = 0.778,4-17-15-28-4 = 0.222,4-45-20-28-4 = 0.444,4-41-50-16-5 = 1.0,4-12-47-11-8 = 1.0,4-45-28-15-4 = 0.333,4-45-20-15-4 = 0.222,4-20-40-23-8 = 0.333,8-27-53-8 = 1.0,8-33-40-23-8 = 0.278
231,229,736.714,12.426,3.778,3.466,Prune by UB,,4-22-4 = 1.0,5-42-5 = 0.532,7-31-52-29-19-8 = 0.553,7-48-24-30-7 = 1.0,7-21-26-36-7 = 0.553,7-52-29-37-7 = 0.447,7-31-21-26-36-7 = 0.447,8-33-23-39-8 = 0.447,8-33-39-8 = 0.553,8-12-44-28-4 = 0.277,8-12-47-11-8 = 0.426,8-40-44-51-43-4 = 0.447,8-12-9-34-13-14-5 = 0.17,8-25-9-10-58-5 = 0.553,5-41-50-16-5 = 0.66,5-18-54-34-13-5 = 0.468,5-32-55-14-5 = 0.404,5-38-50-16-5 = 0.234,5-38-41-57-4 = 0.234,5-35-38-5 = 0.532,5-54-58-49-37-7 = 0.106,5-25-58-10-49-8 = 0.021,5-56-55-32-5 = 0.532,5-18-54-13-14-5 = 0.362,5-18-55-32-5 = 0.064,5-18-54-34-14-5 = 0.064,5-18-58-49-19-37-7 = 0.021,5-18-34-58-46-47-8 = 0.021,5-34-58-46-15-4 = 0.277,8-49-10-46-47-8 = 0.426,4-15-28-4 = 0.489,4-17-57-4 = 0.766,4-17-15-28-4 = 0.234,5-25-49-19-37-7 = 0.426,4-51-46-43-4 = 0.277,4-45-20-40-23-8 = 0.553,4-41-50-16-5 = 0.106,4-12-47-11-8 = 0.128,4-45-20-11-8 = 0.447,5-35-56-42-5 = 0.468,8-27-53-8 = 1.0,8-9-51-44-43-5 = 0.277
359,358,737.066,7.667,3.375,2.017,Prune by UB,,4-22-4 = 0.333,5-42-5 = 1.0,7-48-24-30-7 = 1.0,7-52-29-46-8 = 0.333,7-21-26-36-7 = 0.667,7-31-21-26-36-7 = 0.333,8-33-23-39-8 = 0.333,8-33-39-8 = 0.667,8-12-44-28-4 = 0.333,8-40-46-11-8 = 0.333,8-12-47-11-8 = 0.667,8-10-49-19-37-7 = 1.0,7-31-52-29-14-5 = 0.667,5-18-54-34-13-5 = 0.667,5-35-38-5 = 1.0,5-56-55-32-5 = 1.0,5-54-34-13-14-5 = 0.333,5-25-9-46-47-8 = 0.333,5-18-58-51-43-4 = 0.333,5-25-9-51-44-4 = 0.333,5-25-9-58-43-4 = 0.333,5-58-51-44-43-4 = 0.333,4-15-57-4 = 0.333,4-22-57-4 = 0.333,4-17-57-4 = 0.333,4-17-15-28-4 = 0.667,4-45-20-40-23-8 = 0.667,4-41-50-16-5 = 1.0,4-45-20-22-4 = 0.333,8-27-53-8 = 1.0
354,263,737.434,8.222,4.02,-0.444,Prune by UB,,4-22-4 = 0.556,8-39-8 = 0.111,5-42-5 = 1.0,7-31-52-29-19-8 = 0.444,7-48-24-30-7 = 1.0,7-21-26-36-7 = 0.444,7-52-29-37-7 = 0.556,7-31-21-26-36-7 = 0.556,8-33-23-11-8 = 0.111,8-33-23-39-8 = 0.556,8-33-40-11-8 = 0.333,8-12-44-28-4 = 0.556,8-40-23-39-8 = 0.333,8-12-47-43-4 = 0.111,8-10-49-19-37-7 = 0.444,5-35-56-38-5 = 0.889,5-18-54-34-13-5 = 0.889,5-32-55-14-5 = 0.889,5-35-38-5 = 0.111,5-56-55-32-5 = 0.111,5-18-54-13-14-5 = 0.111,5-25-9-10-58-5 = 0.111,5-25-9-58-15-4 = 0.889,5-34-51-44-15-4 = 0.111,8-49-10-46-47-8 = 0.444,4-17-57-4 = 1.0,4-45-20-28-4 = 0.111,4-51-46-43-4 = 0.556,4-45-44-51-43-4 = 0.333,8-40-49-19-11-8 = 0.111,4-20-40-11-8 = 0.222,4-41-50-16-5 = 1.0,4-28-47-11-8 = 0.222,4-45-20-22-4 = 0.444,4-20-12-47-8 = 0.222,8-27-53-8 = 1.0,4-45-12-28-4 = 0.111
346,344,736.962,10.0,3.784,3.0,Prune by UB,,4-22-4 = 0.667,5-42-5 = 0.667,7-37-19-11-8 = 0.167,7-31-52-29-19-8 = 0.667,7-30-24-26-36-7 = 0.167,7-48-21-26-7 = 0.167,7-48-24-30-7 = 0.833,7-21-26-36-7 = 0.333,7-52-29-37-7 = 0.333,7-31-21-26-36-7 = 0.333,8-33-39-8 = 1.0,8-12-44-28-4 = 0.333,8-12-47-11-8 = 0.667,8-45-20-40-23-8 = 0.667,5-35-56-21-7 = 0.167,5-35-56-36-7 = 0.167,5-35-56-38-5 = 0.333,5-18-54-34-13-5 = 1.0,5-32-55-14-5 = 0.667,5-35-38-5 = 0.333,5-56-55-32-5 = 0.333,5-25-9-46-47-4 = 0.167,5-25-9-51-44-4 = 0.5,5-25-9-46-14-5 = 0.333,8-49-10-58-43-4 = 0.5,4-15-57-4 = 0.333,4-22-57-4 = 0.333,4-17-57-4 = 0.333,4-17-15-28-4 = 0.667,4-51-46-43-4 = 0.5,4-45-20-40-23-8 = 0.333,4-41-50-16-5 = 1.0,5-42-38-5 = 0.333,8-27-53-8 = 1.0,4-44-47-19-11-8 = 0.167,8-49-10-58-37-7 = 0.5
349,237,737.276,7.154,3.862,1.535,Prune by UB,,4-22-4 = 1.0,5-38-5 = 0.077,8-39-8 = 0.231,5-42-5 = 1.0,7-36-26-7 = 0.154,7-31-52-29-19-8 = 0.231,7-48-37-7 = 0.154,7-24-30-7 = 0.154,7-48-24-30-7 = 0.846,7-31-52-54-5 = 0.077,7-21-26-36-7 = 0.846,8-53-27-8 = 1.0,8-33-23-39-8 = 0.231,8-33-39-8 = 0.538,8-33-40-11-8 = 0.231,8-12-47-11-8 = 0.769,8-10-49-19-37-7 = 0.769,7-31-52-29-14-5 = 0.692,5-35-56-21-7 = 0.154,5-18-54-34-13-5 = 0.462,5-38-50-16-5 = 0.038,5-38-41-57-4 = 0.038,5-35-38-5 = 0.846,5-56-55-32-5 = 0.846,5-18-54-13-14-5 = 0.308,5-18-25-54-5 = 0.077,5-18-55-32-5 = 0.154,5-34-51-44-15-4 = 0.308,5-25-9-58-43-4 = 0.923,5-34-13-51-46-4 = 0.231,8-49-10-46-47-4 = 0.231,4-15-28-4 = 0.654,4-17-57-4 = 0.962,4-17-15-28-4 = 0.038,4-20-12-44-4 = 0.077,4-12-44-28-4 = 0.154,4-45-20-28-4 = 0.154,4-45-44-51-46-4 = 0.077,4-9-58-46-43-4 = 0.077,5-54-29-37-7 = 0.077,4-45-20-40-23-8 = 0.769,4-41-50-16-5 = 0.962,4-44-51-46-4 = 0.385
128,113,737.755,5.846,5.532,0.255,Prune by UB,,4-22-4 = 1.0,8-33-8 = 0.346,8-39-8 = 0.346,5-42-5 = 1.0,7-48-24-30-7 = 1.0,8-53-27-8 = 1.0,7-52-29-37-7 = 1.0,8-12-46-19-8 = 0.231,7-31-21-26-36-7 = 1.0,8-33-39-8 = 0.654,8-12-10-19-8 = 0.077,8-12-47-11-8 = 0.538,5-18-54-34-13-5 = 0.269,5-35-38-5 = 1.0,5-56-55-32-5 = 1.0,5-18-54-13-14-5 = 0.5,5-54-34-13-14-5 = 0.231,5-18-25-9-49-19-8 = 0.077,5-25-9-46-14-5 = 0.269,5-25-9-58-43-4 = 0.346,5-34-58-46-43-4 = 0.5,8-49-10-51-44-4 = 0.769,4-15-28-4 = 0.846,4-15-57-4 = 0.077,4-17-57-4 = 0.923,4-17-15-28-4 = 0.077,5-25-58-47-43-4 = 0.154,4-45-20-28-4 = 0.077,4-45-20-40-23-8 = 0.846,4-41-50-16-5 = 1.0,5-18-25-9-49-19-5 = 0.154,8-9-10-51-44-4 = 0.154,8-12-19-11-8 = 0.154,4-45-20-44-51-5 = 0.077,8-23-47-19-11-8 = 0.154,8-40-47-19-11-8 = 0.154
170,168,737.44,9.167,4.189,3.917,Prune by UB,,4-22-4 = 0.583,5-42-5 = 0.833,7-31-52-29-19-8 = 0.333,7-48-37-7 = 0.167,7-30-24-26-36-7 = 0.167,7-48-24-30-7 = 0.833,7-21-26-36-7 = 0.167,7-52-29-37-7 = 0.667,8-12-46-19-8 = 0.167,7-31-21-26-36-7 = 0.667,8-33-23-39-8 = 0.333,8-33-39-8 = 0.667,8-12-47-11-8 = 0.5,5-35-56-21-7 = 0.167,5-18-54-34-13-5 = 0.667,5-32-55-14-5 = 0.167,5-35-38-5 = 0.833,5-56-55-32-5 = 0.833,5-18-54-13-14-5 = 0.333,5-25-9-46-14-5 = 0.5,5-25-9-58-43-4 = 0.333,5-34-58-46-43-4 = 0.333,8-49-10-51-44-4 = 1.0,4-15-57-4 = 0.25,4-22-57-4 = 0.417,4-17-57-4 = 0.333,4-17-15-28-4 = 0.667,5-25-58-47-43-4 = 0.167,4-12-9-58-43-4 = 0.083,4-45-20-28-4 = 0.333,4-45-20-40-23-8 = 0.667,4-41-50-16-5 = 1.0,5-42-38-5 = 0.167,8-27-53-8 = 1.0,4-15-43-37-7 = 0.083,8-12-19-11-8 = 0.167,8-40-47-19-11-8 = 0.333,4-12-9-58-37-7 = 0.083
85,38,738.115,9.25,6.233,0.05,Prune by UB,,4-22-4 = 0.75,5-42-5 = 1.0,7-31-52-29-19-8 = 0.75,7-48-24-30-7 = 1.0,7-21-26-36-7 = 0.75,8-40-28-15-4 = 0.187,7-52-29-37-7 = 0.25,7-31-21-26-36-7 = 0.25,8-33-23-39-8 = 1.0,8-40-44-51-43-4 = 0.688,8-10-49-19-37-7 = 0.25,5-35-56-38-5 = 0.375,5-18-54-34-13-5 = 0.375,5-32-55-14-5 = 0.375,5-35-38-5 = 0.625,5-56-55-32-5 = 0.625,5-18-54-13-14-5 = 0.5,5-18-25-9-43-4 = 0.125,5-54-34-13-14-5 = 0.125,5-25-9-46-47-4 = 0.375,5-25-9-10-58-5 = 0.5,5-34-58-46-15-4 = 0.375,5-34-58-51-28-4 = 0.125,8-49-10-46-47-8 = 0.25,4-28-15-4 = 0.062,4-15-57-4 = 0.062,4-22-57-4 = 0.25,4-17-57-4 = 0.687,4-17-15-28-4 = 0.313,4-20-51-43-4 = 0.187,4-20-44-28-4 = 0.312,4-20-40-11-8 = 0.125,4-41-50-16-5 = 1.0,4-20-47-11-8 = 0.375,4-45-12-11-8 = 0.375,8-27-53-8 = 1.0,8-45-12-49-37-7 = 0.5,8-45-12-11-8 = 0.125
271,75,738.316,9.5,5.124,-1.233,Prune by UB,,4-22-4 = 1.0,5-38-5 = 0.25,8-39-8 = 0.5,5-42-5 = 1.0,7-31-52-29-19-8 = 0.5,7-48-24-30-7 = 1.0,7-21-26-36-7 = 0.5,7-52-29-37-7 = 0.5,7-31-21-26-36-7 = 0.5,8-33-23-39-8 = 0.5,8-12-47-11-8 = 1.0,8-40-44-51-43-4 = 0.5,5-41-50-16-5 = 1.0,5-35-56-14-5 = 0.25,5-18-54-34-13-5 = 0.5,5-32-55-14-5 = 0.25,5-35-38-5 = 0.75,5-56-55-32-5 = 0.75,5-54-34-13-14-5 = 0.5,4-28-15-4 = 0.75,4-17-57-4 = 1.0,5-18-9-46-43-4 = 0.5,8-49-46-19-37-7 = 0.5,4-45-20-28-4 = 0.25,4-45-20-44-51-4 = 0.5,4-25-58-10-49-8 = 0.5,4-45-20-15-4 = 0.25,8-27-53-8 = 1.0,4-25-9-10-58-5 = 0.5,8-33-40-23-8 = 0.5
377,375,737.662,7.25,4.019,4.25,Prune by UB,,4-22-4 = 1.0,5-42-5 = 0.625,7-21-52-29-7 = 0.25,7-30-24-26-36-7 = 0.125,7-48-24-30-7 = 0.875,7-21-26-36-7 = 0.5,7-48-26-36-7 = 0.125,8-53-27-8 = 0.75,8-53-27-40-23-8 = 0.25,7-31-21-26-36-7 = 0.25,8-33-23-39-8 = 0.75,8-33-39-8 = 0.25,8-12-47-11-8 = 1.0,8-40-44-51-43-4 = 0.75,7-31-52-29-14-5 = 0.75,5-18-54-34-13-5 = 1.0,5-32-55-14-5 = 0.25,5-38-50-16-5 = 0.125,5-35-38-5 = 0.75,5-25-51-43-4 = 0.25,5-25-58-10-49-8 = 0.75,5-56-55-32-5 = 0.75,4-15-57-4 = 0.125,4-17-57-4 = 0.875,4-20-44-15-4 = 0.25,5-9-46-19-37-7 = 0.625,4-45-20-28-4 = 0.75,7-49-10-58-15-4 = 0.25,4-41-50-16-5 = 0.875,4-9-46-19-37-7 = 0.375,5-42-38-5 = 0.125,4-45-28-15-4 = 0.25,5-35-56-42-5 = 0.25,4-17-41-15-4 = 0.125
179,141,738.081,8.286,5.619,1.973,Prune by UB,,4-22-4 = 1.0,8-39-8 = 0.143,5-42-5 = 1.0,7-21-55-14-5 = 0.286,7-36-26-7 = 0.714,7-31-52-29-19-7 = 0.571,7-31-52-37-7 = 0.286,7-21-32-14-5 = 0.286,7-30-24-26-36-7 = 0.143,7-48-21-26-7 = 0.143,7-48-24-30-7 = 0.857,7-21-54-14-5 = 0.143,7-52-29-37-7 = 0.143,8-12-46-13-5 = 0.143,8-33-23-39-8 = 0.143,8-33-39-8 = 0.714,8-33-40-11-8 = 0.143,8-12-47-11-8 = 0.714,8-10-49-19-37-7 = 0.429,7-31-29-46-14-5 = 0.143,5-35-56-21-7 = 0.143,5-35-56-36-7 = 0.143,5-18-54-34-13-5 = 0.857,5-38-50-16-5 = 0.143,5-38-41-57-4 = 0.143,5-35-38-5 = 0.714,5-56-55-32-5 = 0.714,5-18-58-51-43-4 = 0.143,5-25-9-51-44-4 = 0.571,5-25-9-58-43-4 = 0.429,5-34-58-46-43-4 = 0.143,8-49-10-51-44-4 = 0.286,4-28-15-4 = 0.857,4-17-57-4 = 0.857,4-17-15-28-4 = 0.143,4-45-20-40-23-8 = 0.857,4-41-50-16-5 = 0.857,4-45-20-11-8 = 0.143,8-27-53-8 = 1.0,8-12-46-29-7 = 0.143,7-49-10-46-14-5 = 0.143,4-44-10-49-37-7 = 0.143,5-58-46-47-43-4 = 0.286
43,21,738.308,8.5,6.809,1.5,Prune by UB,,4-22-4 = 0.904,8-39-8 = 0.077,5-42-5 = 0.5,7-31-52-29-19-8 = 0.538,7-48-24-30-7 = 1.0,7-21-26-36-7 = 1.0,8-33-23-39-8 = 0.346,8-33-39-8 = 0.577,8-33-40-11-8 = 0.077,8-12-47-11-8 = 0.923,7-31-52-29-14-5 = 0.462,5-18-54-34-13-5 = 1.0,5-32-55-14-5 = 0.5,5-38-50-16-5 = 0.25,5-38-41-57-4 = 0.25,5-35-38-5 = 0.5,5-56-55-32-5 = 0.5,5-25-9-46-47-8 = 0.058,5-25-9-10-47-8 = 0.019,5-25-9-12-4 = 0.077,5-25-9-51-44-4 = 0.808,8-49-10-58-46-4 = 0.942,8-49-58-51-28-4 = 0.058,4-15-28-4 = 0.25,4-22-57-4 = 0.096,4-17-57-4 = 0.654,4-17-15-28-4 = 0.346,4-45-20-28-4 = 0.346,4-45-20-40-23-8 = 0.654,4-41-50-16-5 = 0.75,4-44-43-19-37-7 = 0.192,5-35-56-42-5 = 0.5,8-27-53-8 = 1.0,5-25-9-10-14-5 = 0.038,8-40-43-19-37-7 = 0.269,4-15-43-37-7 = 0.404,4-51-43-37-7 = 0.135
307,61,737.992,10.0,4.405,5.524,Prune by UB,,4-22-4 = 1.0,8-39-8 = 0.5,5-42-5 = 1.0,7-21-55-14-5 = 0.5,7-36-26-7 = 1.0,7-31-52-29-19-7 = 0.5,7-31-52-37-7 = 0.5,7-21-32-14-5 = 0.5,7-48-24-30-7 = 1.0,8-33-23-39-8 = 0.5,8-33-40-11-8 = 0.5,8-12-47-11-8 = 0.5,8-10-49-19-37-7 = 0.5,5-35-56-38-5 = 0.5,5-18-54-34-13-5 = 1.0,5-35-38-5 = 0.5,5-56-55-32-5 = 0.5,5-25-9-46-47-4 = 0.5,5-25-9-10-49-8 = 0.5,5-58-51-44-43-4 = 1.0,4-15-57-4 = 0.5,4-17-57-4 = 0.5,4-17-15-28-4 = 0.5,4-45-20-28-4 = 0.5,4-45-20-40-23-8 = 0.5,4-41-50-16-5 = 1.0,8-27-53-8 = 1.0,8-12-46-29-7 = 0.5
281,176,739.408,9.706,6.213,-0.711,Prune by UB,,4-22-4 = 0.551,5-42-5 = 1.0,7-31-52-29-19-8 = 0.147,7-31-52-37-7 = 0.382,7-48-24-30-7 = 1.0,7-21-26-36-7 = 0.529,8-40-28-15-4 = 0.419,7-52-29-37-7 = 0.471,7-31-21-26-36-7 = 0.471,8-33-23-39-8 = 0.581,8-33-39-8 = 0.419,8-12-44-28-4 = 0.279,8-12-47-11-8 = 0.676,8-40-44-51-43-4 = 0.162,5-35-38-5 = 1.0,5-56-55-32-5 = 1.0,5-18-25-9-58-14-5 = 0.309,5-34-51-44-15-4 = 0.279,8-49-10-46-47-4 = 0.324,4-15-57-4 = 0.051,4-22-57-4 = 0.199,4-17-57-4 = 0.75,4-17-15-28-4 = 0.25,8-49-46-19-37-7 = 0.074,4-45-20-28-4 = 0.051,4-45-20-44-43-4 = 0.235,4-51-46-43-4 = 0.559,4-45-44-46-43-4 = 0.044,5-25-9-58-13-14-5 = 0.382,5-54-34-10-49-8 = 0.294,5-54-19-11-8 = 0.324,5-18-54-29-19-8 = 0.382,4-45-20-40-23-8 = 0.419,4-41-50-16-5 = 1.0,4-45-20-22-4 = 0.25,8-27-53-8 = 1.0,8-49-10-58-13-14-5 = 0.309,5-34-10-19-37-7 = 0.074,5-18-25-9-34-13-5 = 0.265,5-18-25-34-13-5 = 0.044,4-20-12-9-34-5 = 0.044
357,331,739.076,9.0,5.475,2.444,Prune by UB,,4-22-4 = 0.7,5-42-5 = 0.8,7-31-52-29-19-8 = 0.1,7-21-52-29-5 = 0.2,7-30-24-26-36-7 = 0.1,7-48-24-30-7 = 0.9,7-21-26-36-7 = 0.6,7-48-26-36-7 = 0.1,7-31-21-26-36-7 = 0.2,8-33-23-39-8 = 0.3,8-33-39-8 = 0.7,8-12-44-28-4 = 0.2,8-12-47-11-8 = 0.6,8-10-49-19-37-7 = 0.9,7-31-52-29-14-5 = 0.7,5-41-50-16-5 = 0.7,5-18-54-34-13-5 = 0.9,5-32-55-14-5 = 0.2,5-38-50-16-5 = 0.1,5-38-41-57-4 = 0.1,5-35-38-5 = 0.8,5-56-55-32-5 = 0.8,5-18-58-51-43-4 = 0.1,5-25-9-51-44-4 = 0.1,5-25-9-58-43-4 = 0.5,5-34-58-51-43-4 = 0.1,5-58-51-44-43-4 = 0.3,4-15-57-4 = 0.3,4-22-57-4 = 0.3,4-17-57-4 = 0.3,4-17-15-28-4 = 0.7,4-45-44-51-46-4 = 0.3,5-25-54-14-5 = 0.1,4-45-20-40-23-8 = 0.7,4-20-40-11-8 = 0.3,4-41-50-16-5 = 0.2,4-25-9-46-47-4 = 0.3,4-9-10-46-47-4 = 0.1,5-35-56-42-5 = 0.2,8-27-53-8 = 1.0,8-12-49-11-8 = 0.1,4-51-46-37-7 = 0.1,4-12-46-13-5 = 0.1,4-44-46-28-4 = 0.1
313,221,739.781,6.067,6.031,-0.433,Prune by UB,,4-22-4 = 1.0,5-42-5 = 0.867,7-31-52-29-19-8 = 0.4,7-48-24-30-7 = 1.0,7-21-26-36-7 = 0.4,8-53-27-8 = 1.0,7-52-29-37-7 = 0.6,7-31-21-26-36-7 = 0.6,8-33-23-39-8 = 1.0,8-40-44-51-43-4 = 0.8,8-10-49-19-37-7 = 0.4,5-35-56-38-5 = 0.933,5-18-54-34-13-5 = 1.0,5-32-55-14-5 = 1.0,5-25-9-10-58-4 = 0.2,5-25-9-58-46-4 = 0.6,5-25-9-58-51-4 = 0.2,8-49-10-46-47-8 = 0.4,4-15-57-4 = 0.467,4-17-57-4 = 0.533,4-17-15-28-4 = 0.467,8-40-49-19-11-8 = 0.2,4-41-50-16-5 = 1.0,4-28-47-11-8 = 0.533,5-42-38-5 = 0.067,5-35-56-42-5 = 0.067,4-45-20-12-4 = 1.0,4-44-43-11-8 = 0.2,4-15-47-11-8 = 0.067
332,200,739.312,10.5,5.725,3.661,Prune by UB,,4-22-4 = 0.712,5-42-5 = 1.0,7-21-52-34-14-5 = 0.15,7-48-29-37-7 = 0.137,7-30-24-26-36-7 = 0.312,7-48-21-26-7 = 0.175,7-48-24-30-7 = 0.688,7-52-9-34-13-14-5 = 0.162,7-31-52-54-5 = 0.6,7-21-26-36-7 = 0.325,7-52-19-11-8 = 0.087,8-53-27-8 = 0.85,7-31-29-19-11-8 = 0.213,7-31-21-26-36-7 = 0.187,8-33-23-39-8 = 0.15,8-33-39-8 = 0.7,8-33-40-11-8 = 0.15,8-53-39-8 = 0.15,8-12-44-28-4 = 0.162,8-12-47-11-8 = 0.55,8-10-49-19-37-7 = 0.55,5-35-56-36-7 = 0.175,5-32-55-14-5 = 0.175,5-38-50-16-5 = 0.088,5-38-41-57-4 = 0.088,5-35-38-5 = 0.825,5-56-55-32-5 = 0.825,5-18-54-13-14-5 = 0.4,5-25-9-46-47-4 = 0.15,5-18-58-51-43-4 = 0.162,5-25-9-51-44-4 = 0.362,5-34-58-46-43-4 = 0.362,5-58-51-44-43-4 = 0.475,8-49-10-46-47-8 = 0.3,4-15-57-4 = 0.312,4-22-57-4 = 0.288,4-17-57-4 = 0.312,4-17-15-28-4 = 0.688,4-45-20-28-4 = 0.15,4-45-20-40-23-8 = 0.85,4-41-50-16-5 = 0.912,8-27-49-29-19-37-7 = 0.15,8-12-46-29-7 = 0.188,5-18-25-9-34-13-5 = 0.325,8-12-10-29-7 = 0.1,5-25-10-29-7 = 0.05,7-21-29-37-7 = 0.162,5-18-25-13-14-5 = 0.113
341,339,739.841,10.0,6.766,1.833,Prune by UB,,4-22-4 = 0.833,8-39-8 = 1.0,7-31-52-29-19-8 = 0.417,7-48-24-30-7 = 1.0,7-21-26-36-7 = 0.417,8-53-27-8 = 1.0,7-52-29-37-7 = 0.583,7-31-21-26-36-7 = 0.583,8-33-23-11-8 = 0.5,8-33-40-11-8 = 0.5,8-12-44-28-4 = 0.5,5-35-56-38-5 = 0.5,5-18-54-34-13-5 = 1.0,5-32-55-14-5 = 1.0,5-25-51-43-4 = 0.25,5-25-9-46-47-4 = 0.5,5-25-9-46-47-8 = 0.083,8-49-10-58-46-4 = 0.417,8-49-10-58-51-4 = 0.083,8-49-10-58-43-4 = 0.333,8-49-10-58-15-4 = 0.167,4-15-57-4 = 0.333,4-22-57-4 = 0.167,4-17-57-4 = 0.5,4-17-15-28-4 = 0.5,4-20-51-43-4 = 0.417,5-25-9-19-37-7 = 0.167,4-45-20-40-23-8 = 0.5,4-41-50-16-5 = 1.0,5-42-38-5 = 0.5,5-35-56-42-5 = 0.5,4-44-51-19-37-7 = 0.25,4-45-20-12-8 = 0.083,4-45-12-47-19-8 = 0.167,4-45-12-9-44-47-8 = 0.25
