id,parent,cgLowerBound,FS,rdtCG,rdtFS,Child,Child
0,0,563.569,5.968,563.569,5.968,1,2,5-26-24-20-5 = 1.0,5-12-27-29-5 = 0.5,5-11-12-29-5 = 0.5,5-21-22-33-5 = 0.789,5-38-18-31-15-5 = 0.616,5-38-18-28-9-5 = 0.384,5-31-15-22-5 = 0.211,5-31-15-9-5 = 0.116,5-32-13-5 = 1.0,5-11-27-14-37-8 = 0.5,5-28-10-14-37-8 = 0.058,5-21-35-25-8 = 0.105,8-23-35-25-8 = 0.211,8-23-36-35-8 = 0.211,8-23-36-21-5 = 0.105,8-23-36-33-25-8 = 0.211,8-17-10-14-37-8 = 0.442,8-19-34-16-8 = 0.263,8-19-36-35-25-8 = 0.474,8-30-34-16-8 = 0.737,8-17-28-10-9-5 = 0.5,8-17-28-31-15-5 = 0.058,8-23-19-30-8 = 0.263
2,0,565.437,7.778,1.868,1.809,3,4,5-26-24-20-5 = 0.5,5-12-27-29-5 = 0.5,5-11-12-29-5 = 0.5,5-21-22-33-5 = 0.639,5-38-18-31-15-5 = 0.556,5-38-18-28-9-5 = 0.444,5-31-15-22-5 = 0.361,5-31-15-9-5 = 0.056,5-32-13-5 = 0.5,5-26-32-13-5 = 0.5,5-11-27-14-37-8 = 0.5,5-28-10-14-37-8 = 0.028,5-24-35-20-5 = 0.139,5-24-21-20-5 = 0.361,8-23-35-25-8 = 0.222,8-23-36-35-8 = 0.028,8-23-36-33-16-8 = 0.194,8-23-36-33-25-8 = 0.167,8-23-19-34-8 = 0.194,8-17-10-14-37-8 = 0.472,8-19-36-35-25-8 = 0.611,8-30-34-16-8 = 0.806,8-17-28-10-9-5 = 0.5,8-17-28-31-15-5 = 0.028,8-23-19-30-8 = 0.194
4,2,566.584,7.0,1.147,-0.778,5,6,5-26-24-20-5 = 0.5,5-12-27-29-5 = 0.5,5-11-12-29-5 = 0.5,5-38-18-31-15-5 = 1.0,5-32-13-5 = 0.5,5-26-32-13-5 = 0.5,5-11-27-14-37-8 = 0.5,5-21-22-33-8 = 0.5,5-24-21-20-5 = 0.5,8-23-35-25-8 = 0.5,8-17-10-14-37-8 = 0.5,8-19-36-35-25-8 = 0.5,8-19-36-22-33-8 = 0.5,8-30-34-16-8 = 1.0,8-17-28-10-9-5 = 0.5,8-23-28-9-5 = 0.5
6,4,567.377,5.0,0.794,-2.0,7,8,5-26-24-20-5 = 0.5,5-12-27-29-5 = 0.5,5-11-12-29-5 = 0.5,5-38-18-31-15-5 = 1.0,5-32-13-5 = 0.5,5-26-32-13-5 = 0.5,5-11-27-14-37-8 = 0.5,5-21-22-33-8 = 1.0,8-17-10-14-37-8 = 0.5,8-19-36-35-25-8 = 1.0,8-30-34-16-8 = 1.0,8-17-28-10-9-5 = 0.5,8-23-28-9-5 = 0.5,8-23-24-20-5 = 0.5
1,0,566.897,6.007,3.328,0.039,9,10,8-30-8 = 0.995,5-26-24-20-5 = 1.0,5-12-27-29-5 = 0.5,5-11-12-29-5 = 0.5,5-21-22-33-5 = 0.519,5-38-18-31-15-5 = 0.508,5-38-18-28-9-5 = 0.492,5-31-15-22-5 = 0.481,5-31-15-9-5 = 0.008,5-32-13-5 = 1.0,5-11-27-14-37-8 = 0.5,5-28-10-14-37-8 = 0.004,5-21-35-25-8 = 0.469,8-23-35-25-8 = 0.025,8-23-36-35-5 = 0.456,8-23-36-35-8 = 0.025,8-23-36-21-5 = 0.012,8-23-36-33-25-8 = 0.481,8-17-10-14-37-8 = 0.496,8-19-34-16-8 = 0.975,8-19-36-35-25-8 = 0.025,8-34-16-8 = 0.02,8-30-34-16-8 = 0.005,8-17-28-10-9-5 = 0.5,8-17-28-31-15-5 = 0.004
9,1,566.959,6.088,0.062,0.08,11,12,5-13-5 = 0.02,8-30-8 = 0.975,5-32-5 = 0.02,5-26-24-20-5 = 1.0,5-12-27-29-5 = 0.5,5-11-12-29-5 = 0.5,5-21-22-33-5 = 0.519,5-38-18-31-15-5 = 0.508,5-38-18-28-9-5 = 0.492,5-31-15-22-5 = 0.481,5-31-15-9-5 = 0.008,5-32-13-5 = 0.98,5-11-27-14-37-8 = 0.5,5-28-10-14-37-8 = 0.004,5-21-35-25-8 = 0.469,8-23-35-25-8 = 0.025,8-23-36-35-5 = 0.456,8-23-36-35-8 = 0.025,8-23-36-21-5 = 0.013,8-23-36-33-25-8 = 0.481,8-17-10-14-37-8 = 0.496,8-19-34-16-8 = 0.975,8-19-36-35-25-8 = 0.025,8-30-34-16-8 = 0.025,8-17-28-10-9-5 = 0.5,8-17-28-31-15-5 = 0.004
5,4,567.521,6.0,0.937,-1.0,13,14,5-12-27-29-5 = 0.5,5-11-12-29-5 = 0.5,5-38-18-31-15-5 = 1.0,5-32-13-5 = 0.5,5-26-22-33-8 = 0.5,5-26-32-13-5 = 0.5,5-11-27-14-37-8 = 0.5,5-24-21-20-5 = 1.0,8-23-35-25-8 = 0.5,8-17-10-14-37-8 = 0.5,8-19-36-35-25-8 = 0.5,8-19-36-22-33-8 = 0.5,8-30-34-16-8 = 1.0,8-17-28-10-9-5 = 0.5,8-23-28-9-5 = 0.5
12,9,567.662,5.737,0.703,-0.351,15,16,5-26-5 = 0.033,8-30-8 = 0.975,5-26-22-33-5 = 0.182,5-26-24-20-5 = 0.785,5-12-27-29-5 = 0.5,5-11-12-29-5 = 0.5,5-21-22-33-5 = 0.24,5-38-18-31-15-5 = 0.715,5-38-18-28-9-5 = 0.285,5-31-15-9-5 = 0.19,5-32-13-5 = 1.0,5-11-27-14-37-8 = 0.5,5-28-10-14-37-8 = 0.095,5-21-35-25-8 = 0.603,5-21-35-33-8 = 0.025,5-24-35-20-5 = 0.215,8-23-36-22-5 = 0.578,8-23-36-33-25-8 = 0.397,8-17-10-14-37-8 = 0.405,8-19-34-16-8 = 0.975,8-19-36-35-33-5 = 0.025,8-30-34-16-8 = 0.025,8-17-28-10-9-5 = 0.5,8-17-28-31-15-5 = 0.095,8-23-28-9-5 = 0.025,5-21-35-33-5 = 0.132
7,6,567.788,5.0,0.41,0.0,17,18,5-26-24-20-5 = 0.833,5-12-27-29-5 = 0.5,5-11-12-29-5 = 0.5,5-38-18-31-15-5 = 1.0,5-32-13-5 = 0.667,5-11-27-14-37-8 = 0.5,5-21-22-33-8 = 0.833,8-23-35-25-8 = 0.333,8-17-10-14-37-8 = 0.5,8-19-36-35-25-8 = 0.667,8-19-36-22-33-8 = 0.167,8-19-36-21-32-5 = 0.167,8-30-34-16-8 = 1.0,8-17-28-10-9-5 = 0.5,8-23-28-9-5 = 0.5,5-26-20-13-5 = 0.167,8-23-24-32-13-5 = 0.167
15,12,568.855,6.2,1.193,0.463,19,20,5-26-5 = 0.033,8-30-8 = 0.867,5-26-24-20-5 = 0.967,5-12-27-29-5 = 0.5,5-11-12-29-5 = 0.5,5-38-18-31-15-5 = 0.5,5-38-18-28-9-5 = 0.5,5-31-15-22-5 = 0.5,5-32-13-5 = 1.0,5-11-27-14-37-8 = 0.5,5-21-35-25-8 = 0.967,5-24-35-20-5 = 0.033,8-23-36-21-5 = 0.033,8-23-36-22-5 = 0.1,8-23-36-33-5 = 0.433,8-23-36-33-16-8 = 0.133,8-23-36-33-25-8 = 0.033,8-23-22-33-5 = 0.133,8-23-19-34-8 = 0.133,8-17-10-14-37-8 = 0.5,8-19-34-16-8 = 0.6,8-19-36-22-33-5 = 0.267,8-34-16-8 = 0.133,8-30-34-16-8 = 0.133,8-17-28-10-9-5 = 0.5
19,15,569.064,5.44,0.209,-0.76,21,22,5-13-5 = 0.02,8-30-8 = 0.82,5-32-5 = 0.02,5-26-24-20-5 = 1.0,5-12-27-29-5 = 0.5,5-11-12-29-5 = 0.5,5-38-18-31-15-5 = 0.54,5-38-18-28-9-5 = 0.46,5-31-15-22-5 = 0.46,5-32-13-5 = 0.98,5-11-27-14-37-8 = 0.5,5-28-10-14-37-8 = 0.02,5-21-35-25-8 = 1.0,8-23-36-22-5 = 0.2,8-23-36-33-5 = 0.62,8-23-22-33-5 = 0.14,8-17-10-14-37-8 = 0.48,8-19-34-16-8 = 0.82,8-19-36-22-33-8 = 0.18,8-30-34-16-8 = 0.18,8-17-28-22-33-5 = 0.02,8-17-28-10-9-5 = 0.5,8-23-33-9-5 = 0.04
8,6,569.288,4.0,1.911,-1.0,23,24,5-26-28-9-5 = 0.5,5-12-27-29-5 = 0.5,5-11-12-29-5 = 0.5,5-38-18-31-15-5 = 1.0,5-32-13-5 = 0.5,5-26-32-13-5 = 0.5,5-11-27-14-37-8 = 0.5,5-21-22-33-8 = 1.0,8-17-10-14-37-8 = 0.5,8-19-36-35-25-8 = 1.0,8-30-34-16-8 = 1.0,8-17-28-10-9-5 = 0.5,8-23-24-20-5 = 1.0
18,7,569.102,5.0,1.314,0.0,25,26,5-26-20-5 = 0.5,5-26-24-20-5 = 0.5,5-12-27-29-5 = 0.5,5-11-12-29-5 = 0.5,5-38-18-31-15-5 = 1.0,5-32-13-5 = 0.5,5-11-27-14-37-8 = 0.5,5-21-22-33-8 = 1.0,8-17-10-14-37-8 = 0.5,8-19-36-35-25-8 = 1.0,8-30-34-16-8 = 1.0,8-17-28-10-9-5 = 0.5,8-23-28-9-5 = 0.5,8-23-24-32-13-5 = 0.5
16,12,569.307,6.52,1.646,0.783,27,28,5-13-5 = 0.02,8-30-8 = 0.58,5-32-5 = 0.02,5-15-22-33-5 = 0.6,5-26-24-20-5 = 1.0,5-12-27-29-5 = 0.5,5-11-12-29-5 = 0.5,5-38-18-31-9-5 = 0.02,5-38-18-31-15-5 = 0.38,5-38-18-28-9-5 = 0.4,5-38-31-22-33-5 = 0.2,5-18-31-22-33-5 = 0.2,5-32-13-5 = 0.98,5-11-27-14-37-8 = 0.5,5-31-10-14-37-8 = 0.18,5-21-35-25-8 = 0.5,8-23-36-21-5 = 0.5,8-17-37-14-5 = 0.08,8-17-10-14-37-8 = 0.24,8-19-36-35-25-8 = 0.5,8-34-16-8 = 1.0,8-17-28-10-9-5 = 0.58,8-17-28-31-15-5 = 0.02,8-23-19-30-8 = 0.42,8-17-23-19-8 = 0.08
27,16,569.315,6.52,0.008,0.0,29,30,5-13-5 = 0.02,8-30-8 = 0.58,5-32-5 = 0.02,5-15-22-33-5 = 0.6,5-26-24-20-5 = 1.0,5-12-27-29-5 = 0.5,5-11-12-29-5 = 0.5,5-38-18-31-9-5 = 0.2,5-38-18-31-15-5 = 0.38,5-38-18-28-9-5 = 0.22,5-38-31-22-33-5 = 0.2,5-18-31-22-33-5 = 0.2,5-32-13-5 = 0.98,5-11-27-14-37-8 = 0.5,5-28-10-14-37-8 = 0.18,5-21-35-25-8 = 0.5,8-23-36-21-5 = 0.5,8-17-37-14-5 = 0.08,8-17-10-14-37-8 = 0.24,8-19-36-35-25-8 = 0.5,8-34-16-8 = 1.0,8-17-28-10-9-5 = 0.58,8-17-28-31-15-5 = 0.02,8-23-19-30-8 = 0.42,8-17-23-19-8 = 0.08
30,27,569.321,6.52,0.006,0.0,31,32,5-13-5 = 0.02,8-30-8 = 0.58,5-32-5 = 0.02,5-15-22-33-5 = 0.6,5-26-24-20-5 = 1.0,5-12-27-29-5 = 0.5,5-11-12-29-5 = 0.5,5-38-18-31-9-5 = 0.2,5-38-18-31-15-5 = 0.4,5-38-18-28-9-5 = 0.22,5-38-31-22-33-5 = 0.18,5-28-31-22-33-5 = 0.04,5-18-31-22-33-5 = 0.18,5-32-13-5 = 0.98,5-11-27-14-37-8 = 0.5,5-28-10-14-37-8 = 0.16,5-21-35-25-8 = 0.5,8-23-36-21-5 = 0.5,8-17-37-14-5 = 0.08,8-17-10-14-37-8 = 0.26,8-19-36-35-25-8 = 0.5,8-34-16-8 = 1.0,8-17-28-10-9-5 = 0.58,8-23-19-30-8 = 0.42,8-17-23-19-8 = 0.08
17,7,569.505,5.667,1.718,0.667,33,34,5-26-24-20-5 = 0.833,5-12-27-29-5 = 0.5,5-11-12-29-5 = 0.5,5-38-18-31-15-5 = 0.5,5-38-18-28-9-5 = 0.5,5-32-13-5 = 0.667,5-11-27-14-37-8 = 0.5,5-21-22-33-8 = 0.333,8-23-35-25-8 = 1.0,8-17-10-14-37-8 = 0.5,8-19-36-22-33-8 = 0.667,8-19-36-21-32-5 = 0.167,8-19-36-24-32-13-5 = 0.167,8-30-34-16-8 = 1.0,8-17-28-10-9-5 = 0.5,5-26-20-13-5 = 0.167,5-31-15-21-5 = 0.5
25,18,570.56,2.0,1.458,-3.0,35,36,5-26-24-20-5 = 1.0,5-12-27-29-5 = 0.5,5-11-27-29-5 = 0.5,5-38-18-31-15-5 = 1.0,5-32-13-5 = 0.5,5-21-22-33-8 = 1.0,8-17-10-14-37-8 = 1.0,8-19-36-35-25-8 = 1.0,8-30-34-16-8 = 1.0,8-23-28-9-5 = 1.0,5-11-12-32-13-5 = 0.5
32,30,570.018,7.667,0.697,1.147,37,38,5-13-5 = 0.333,8-30-8 = 0.5,5-32-5 = 0.333,5-26-24-20-5 = 0.833,5-12-27-29-5 = 0.5,5-11-12-29-5 = 0.5,5-21-22-33-5 = 0.333,5-38-18-31-15-5 = 1.0,5-32-13-5 = 0.667,5-11-27-14-37-8 = 0.5,5-21-35-25-8 = 0.167,5-21-22-33-8 = 0.333,8-23-36-21-5 = 0.167,8-23-36-22-5 = 0.167,8-17-10-14-37-8 = 0.5,8-19-34-16-8 = 0.167,8-19-36-35-25-8 = 0.667,8-34-16-8 = 0.333,8-30-34-16-8 = 0.5,8-17-28-10-9-5 = 0.5,5-26-23-19-8 = 0.167,8-23-28-9-5 = 0.5,5-22-33-20-5 = 0.167,5-24-35-33-25-8 = 0.167
37,32,570.106,7.667,0.088,0.0,39,40,5-13-5 = 0.333,8-30-8 = 0.5,5-26-20-5 = 0.333,5-26-24-20-5 = 0.667,5-12-27-29-5 = 0.5,5-11-12-29-5 = 0.5,5-21-22-33-5 = 0.167,5-38-18-31-15-5 = 1.0,5-32-13-5 = 1.0,5-11-27-14-37-8 = 0.5,5-21-35-25-8 = 0.167,5-21-22-33-8 = 0.5,8-23-36-21-5 = 0.167,8-23-36-22-5 = 0.333,8-17-10-14-37-8 = 0.5,8-19-34-16-8 = 0.5,8-19-36-35-25-8 = 0.5,8-30-34-16-8 = 0.5,8-17-28-10-9-5 = 0.5,8-23-28-9-5 = 0.5,5-24-35-33-25-8 = 0.333
34,17,570.181,6.286,0.676,0.619,41,42,5-26-24-20-5 = 0.857,5-12-27-29-5 = 0.5,5-11-12-29-5 = 0.357,5-38-18-31-15-5 = 0.714,5-38-18-28-9-5 = 0.286,5-32-13-5 = 0.643,5-24-21-32-13-5 = 0.143,5-11-27-14-37-8 = 0.5,8-37-14-29-5 = 0.143,5-21-22-33-8 = 0.429,8-23-35-25-8 = 0.571,8-23-36-35-8 = 0.143,8-23-36-33-25-8 = 0.143,8-17-10-14-37-8 = 0.357,8-19-34-16-8 = 0.071,8-19-22-21-5 = 0.143,8-19-36-35-25-8 = 0.286,8-19-36-22-33-8 = 0.429,8-30-34-16-8 = 0.929,8-17-28-10-9-5 = 0.643,5-26-21-32-5 = 0.071,8-23-19-30-8 = 0.071,5-26-20-13-5 = 0.071,5-11-12-32-13-5 = 0.143,8-23-28-9-8 = 0.071,5-31-15-21-5 = 0.214,5-31-15-20-5 = 0.071
20,15,570.071,8.0,1.217,1.8,43,44,8-30-8 = 0.5,5-26-21-5 = 0.5,5-26-24-20-5 = 0.5,5-12-27-29-5 = 0.5,5-11-12-29-5 = 0.5,5-38-18-31-15-5 = 0.5,5-38-18-28-9-5 = 0.5,5-31-15-22-5 = 0.5,5-32-13-5 = 1.0,5-11-27-14-37-8 = 0.5,5-21-35-25-8 = 0.5,5-24-35-20-5 = 0.5,8-23-36-33-25-8 = 0.5,8-17-10-14-37-8 = 0.5,8-19-36-22-33-5 = 0.5,8-34-16-8 = 1.0,8-17-28-10-9-5 = 0.5,8-23-19-30-8 = 0.5
44,20,570.176,6.167,0.105,-1.833,45,46,5-26-5 = 0.033,8-30-8 = 0.967,5-26-24-20-5 = 0.967,5-12-27-29-5 = 0.5,5-11-12-29-5 = 0.5,5-38-18-31-15-5 = 0.517,5-38-18-28-9-5 = 0.467,5-38-28-10-9-5 = 0.017,5-31-15-22-5 = 0.483,5-18-28-10-9-5 = 0.017,5-32-13-5 = 1.0,5-11-27-14-37-8 = 0.5,5-21-35-25-8 = 0.967,5-24-21-20-5 = 0.033,8-23-36-33-16-8 = 0.483,8-23-22-33-8 = 0.033,8-23-19-34-8 = 0.483,8-17-37-14-5 = 0.033,8-17-10-37-14-5 = 0.45,8-17-10-14-37-8 = 0.017,8-19-36-35-25-8 = 0.033,8-19-36-22-33-5 = 0.483,8-34-16-8 = 0.483,8-30-34-16-8 = 0.033,8-17-28-10-9-5 = 0.5
46,44,570.195,6.2,0.019,0.033,47,48,5-26-5 = 0.033,8-30-8 = 0.967,5-26-24-20-5 = 0.967,5-12-27-29-5 = 0.5,5-11-12-29-5 = 0.5,5-38-18-31-15-5 = 0.5,5-38-18-28-9-5 = 0.5,5-31-15-22-5 = 0.5,5-32-13-5 = 1.0,5-11-27-14-37-8 = 0.5,5-21-35-25-8 = 0.967,5-24-21-20-5 = 0.033,8-23-36-33-16-8 = 0.478,8-23-36-33-25-8 = 0.011,8-23-22-33-8 = 0.022,8-23-19-34-8 = 0.478,8-17-10-37-14-5 = 0.478,8-17-10-14-37-8 = 0.022,8-19-36-35-33-5 = 0.011,8-19-36-35-25-8 = 0.022,8-19-36-22-33-5 = 0.478,8-34-16-8 = 0.5,8-30-34-16-8 = 0.022,8-17-28-10-9-5 = 0.5,8-23-19-30-8 = 0.011
11,9,570.294,7.035,3.336,0.947,49,50,5-13-5 = 0.004,5-26-5 = 0.026,8-30-8 = 0.974,5-32-5 = 0.004,5-26-24-20-5 = 0.487,5-12-27-29-5 = 0.5,5-11-12-29-5 = 0.5,5-21-22-33-5 = 0.487,5-38-18-31-15-5 = 0.509,5-38-18-28-9-5 = 0.491,5-31-15-22-5 = 0.487,5-31-15-9-5 = 0.004,5-32-13-5 = 0.996,5-11-27-14-37-8 = 0.5,5-28-10-14-37-8 = 0.004,5-24-21-20-5 = 0.513,8-23-35-25-8 = 0.513,8-23-36-35-5 = 0.457,8-23-36-35-8 = 0.03,8-17-37-14-5 = 0.004,8-17-10-14-37-8 = 0.491,8-19-34-16-8 = 0.974,8-19-36-22-33-5 = 0.026,8-30-34-16-8 = 0.026,8-17-28-10-9-5 = 0.504,5-26-36-33-25-8 = 0.487
40,37,570.616,8.0,0.509,0.333,51,52,5-13-5 = 0.25,8-30-8 = 0.5,5-26-20-5 = 0.5,5-26-24-20-5 = 0.5,5-12-27-29-5 = 0.5,5-11-12-29-5 = 0.5,5-21-22-33-5 = 0.25,5-38-18-31-15-5 = 1.0,5-32-13-5 = 1.0,5-11-27-14-37-8 = 0.5,5-21-22-33-8 = 0.5,5-24-35-25-8 = 0.25,8-23-36-21-5 = 0.25,8-23-36-22-5 = 0.25,8-17-10-14-37-8 = 0.5,8-19-34-16-8 = 0.5,8-19-36-35-25-8 = 0.5,8-30-34-16-8 = 0.5,8-17-28-10-9-5 = 0.5,8-23-28-9-5 = 0.5,5-24-35-33-25-8 = 0.25
41,34,570.928,6.35,0.746,0.064,53,54,8-30-8 = 0.025,5-26-24-20-5 = 0.85,5-12-27-29-5 = 0.5,5-11-12-29-5 = 0.375,5-38-18-31-15-5 = 0.55,5-38-18-31-21-5 = 0.075,5-38-18-28-9-5 = 0.375,5-32-13-5 = 0.575,5-32-20-13-5 = 0.075,5-24-21-32-13-5 = 0.15,5-11-27-14-37-8 = 0.5,8-37-14-29-5 = 0.125,5-21-22-33-8 = 0.325,8-23-35-25-8 = 0.75,8-23-36-35-8 = 0.075,8-23-36-33-25-8 = 0.075,8-17-10-14-37-8 = 0.375,8-19-34-16-8 = 0.125,8-19-36-35-25-8 = 0.175,8-19-36-22-33-8 = 0.6,8-30-34-16-8 = 0.875,8-17-28-10-9-5 = 0.625,8-36-22-15-5 = 0.075,5-26-21-32-5 = 0.075,8-23-19-30-8 = 0.1,5-26-20-13-5 = 0.075,5-11-12-32-13-5 = 0.125,5-31-15-21-5 = 0.375
54,41,570.931,6.176,0.004,-0.174,55,56,8-30-8 = 0.029,5-26-24-20-5 = 0.824,5-12-27-29-5 = 0.5,5-11-12-29-5 = 0.441,5-38-18-31-15-5 = 0.471,5-38-18-31-21-5 = 0.088,5-38-18-28-9-5 = 0.441,5-32-13-5 = 0.588,5-32-20-13-5 = 0.088,5-24-21-32-13-5 = 0.176,5-11-27-14-37-8 = 0.5,8-37-14-29-5 = 0.059,5-21-22-33-8 = 0.206,8-23-35-25-8 = 0.794,8-23-36-35-8 = 0.088,8-23-36-33-25-8 = 0.088,8-17-10-14-37-8 = 0.441,8-19-34-16-8 = 0.059,8-19-22-15-5 = 0.088,8-19-36-35-25-8 = 0.118,8-19-36-22-33-8 = 0.706,8-30-34-16-8 = 0.941,8-17-28-10-9-5 = 0.559,5-26-21-32-5 = 0.088,8-23-19-30-8 = 0.029,5-26-20-13-5 = 0.088,5-11-12-32-13-5 = 0.059,5-31-15-21-5 = 0.441
56,54,570.958,6.0,0.027,-0.176,57,58,8-30-8 = 0.056,5-26-24-20-5 = 0.778,5-12-27-29-5 = 0.5,5-11-12-29-5 = 0.5,5-21-22-33-5 = 0.056,5-38-18-31-15-5 = 0.444,5-38-18-31-21-5 = 0.056,5-38-18-28-9-5 = 0.5,5-32-13-5 = 0.556,5-32-20-13-5 = 0.111,5-24-21-32-13-5 = 0.222,5-11-27-14-37-8 = 0.5,5-21-22-33-8 = 0.056,8-23-35-25-8 = 0.889,8-23-36-35-8 = 0.056,8-23-36-33-25-8 = 0.056,8-17-10-14-37-8 = 0.5,8-19-34-16-8 = 0.056,8-19-22-15-5 = 0.056,8-19-36-35-25-8 = 0.056,8-19-36-22-33-8 = 0.833,8-30-34-16-8 = 0.944,8-17-28-10-9-5 = 0.5,5-26-21-32-5 = 0.111,5-26-20-13-5 = 0.111,5-31-15-21-5 = 0.5
57,56,571.098,5.0,0.139,-1.0,59,60,5-26-24-20-5 = 0.818,5-12-27-29-5 = 0.5,5-11-12-29-5 = 0.5,5-38-18-31-15-5 = 0.364,5-38-18-31-21-5 = 0.091,5-38-18-28-9-5 = 0.5,5-32-13-5 = 0.636,5-32-20-13-5 = 0.091,5-24-21-32-13-5 = 0.182,5-11-27-14-37-8 = 0.5,8-23-35-25-8 = 1.0,8-17-10-14-37-8 = 0.5,8-19-36-22-33-8 = 1.0,8-30-34-16-8 = 1.0,8-17-28-10-9-5 = 0.5,5-26-21-32-5 = 0.091,5-26-20-13-5 = 0.091,5-31-15-21-5 = 0.545,5-38-15-21-5 = 0.045,5-18-15-21-5 = 0.045
13,5,571.693,3.905,4.172,-2.095,61,62,8-30-8 = 0.143,5-12-27-29-5 = 0.405,5-11-12-29-5 = 0.405,5-38-18-31-15-5 = 0.976,5-38-18-28-9-5 = 0.024,5-17-37-29-5 = 0.048,5-32-13-5 = 0.19,5-12-14-37-8 = 0.19,5-26-22-33-8 = 0.19,5-26-32-13-5 = 0.81,5-11-27-14-37-8 = 0.595,5-28-10-14-37-8 = 0.167,5-24-21-20-5 = 1.0,8-23-35-25-8 = 0.81,8-23-36-22-5 = 0.095,8-19-34-16-8 = 0.095,8-19-36-35-25-8 = 0.19,8-19-36-22-33-8 = 0.714,8-34-16-8 = 0.048,8-30-34-16-8 = 0.857,8-17-28-10-9-5 = 0.786,8-17-28-31-15-5 = 0.024,8-23-33-9-5 = 0.095,8-17-10-14-29-5 = 0.048,8-17-9-29-5 = 0.095
22,19,571.243,5.622,2.179,0.182,63,64,5-26-5 = 0.033,8-30-8 = 0.822,5-26-24-20-5 = 0.967,5-12-27-29-5 = 0.5,5-11-12-29-5 = 0.5,5-38-18-31-22-5 = 0.144,5-38-18-31-15-5 = 0.356,5-38-18-28-9-5 = 0.5,5-31-15-22-5 = 0.5,5-32-13-5 = 1.0,5-11-27-14-37-8 = 0.5,5-21-35-25-8 = 0.967,5-24-21-20-5 = 0.033,8-23-36-22-5 = 0.356,8-23-36-33-5 = 0.611,8-17-10-14-37-8 = 0.5,8-19-34-16-8 = 0.822,8-19-33-10-9-5 = 0.144,8-19-36-35-33-8 = 0.033,8-30-34-16-8 = 0.178,8-17-28-15-33-8 = 0.144,8-17-28-10-9-5 = 0.322,8-23-33-9-5 = 0.033,8-17-28-10-33-25-8 = 0.033
31,30,571.569,6.35,2.247,-0.17,65,66,8-30-8 = 0.575,5-15-22-33-5 = 0.5,5-26-24-20-5 = 1.0,5-12-27-29-5 = 0.45,5-11-12-29-5 = 0.45,5-11-12-27-5 = 0.1,5-11-27-14-29-5 = 0.1,5-11-27-10-9-5 = 0.175,5-38-18-31-9-5 = 0.05,5-38-18-31-15-5 = 0.425,5-38-18-28-9-5 = 0.525,5-31-15-9-5 = 0.05,5-28-31-22-33-5 = 0.475,5-32-13-5 = 1.0,5-11-27-14-37-8 = 0.175,5-21-35-25-8 = 0.5,8-23-36-21-5 = 0.5,8-17-37-9-5 = 0.1,8-17-10-9-5 = 0.1,8-17-10-14-37-8 = 0.725,8-19-36-35-25-8 = 0.5,8-34-16-8 = 1.0,8-23-19-30-8 = 0.425,8-17-23-19-8 = 0.075,5-15-22-33-8 = 0.025
23,8,571.467,4.4,2.179,0.4,67,68,8-30-8 = 0.1,5-12-27-29-5 = 0.433,5-11-12-29-5 = 0.433,5-38-18-31-15-5 = 0.9,5-38-18-28-9-5 = 0.1,5-31-15-9-5 = 0.067,5-32-13-5 = 0.267,5-12-14-37-8 = 0.133,5-26-22-33-8 = 0.233,5-26-32-13-5 = 0.733,5-11-27-14-37-8 = 0.567,5-28-10-14-37-8 = 0.167,5-21-35-25-8 = 0.167,5-21-22-33-8 = 0.767,8-23-36-21-5 = 0.067,8-17-37-9-5 = 0.133,8-19-34-16-8 = 0.033,8-19-36-35-25-8 = 0.833,8-19-36-24-20-5 = 0.1,8-34-16-8 = 0.067,8-30-34-16-8 = 0.9,8-17-28-10-9-5 = 0.7,8-17-28-31-15-5 = 0.033,5-26-23-19-8 = 0.033,8-23-24-20-5 = 0.9,8-17-10-14-29-5 = 0.133
61,13,571.752,3.451,0.059,-0.454,69,70,8-30-8 = 0.167,5-12-27-29-5 = 0.402,5-11-12-29-5 = 0.402,5-37-14-29-5 = 0.147,5-38-18-31-15-5 = 0.951,5-38-18-28-9-5 = 0.049,5-17-37-29-5 = 0.02,5-32-13-5 = 0.157,5-12-14-37-8 = 0.196,5-26-22-33-8 = 0.157,5-26-32-13-5 = 0.843,5-11-27-14-37-8 = 0.598,5-31-10-14-37-8 = 0.039,5-24-21-20-5 = 1.0,8-23-35-25-8 = 0.853,8-23-36-35-8 = 0.049,8-23-36-22-5 = 0.049,8-23-36-33-25-8 = 0.049,8-19-34-16-8 = 0.147,8-19-36-35-25-8 = 0.098,8-19-36-22-33-8 = 0.755,8-34-16-8 = 0.02,8-30-34-16-8 = 0.833,8-17-28-10-9-5 = 0.941,8-17-28-31-15-5 = 0.01,8-17-10-14-29-5 = 0.02,8-17-9-29-5 = 0.01,5-15-22-33-8 = 0.039
21,19,571.396,7.067,2.332,1.627,71,72,5-13-5 = 0.267,8-30-8 = 0.667,5-32-5 = 0.267,5-26-24-20-5 = 1.0,5-12-27-29-5 = 0.5,5-11-12-29-5 = 0.5,5-38-18-31-15-5 = 0.733,5-38-18-28-9-5 = 0.233,5-38-28-10-9-5 = 0.033,5-31-15-9-5 = 0.267,5-18-28-10-9-5 = 0.033,5-32-13-5 = 0.733,5-11-27-14-37-8 = 0.5,5-28-10-14-37-8 = 0.267,5-21-35-25-8 = 0.667,8-23-36-21-5 = 0.333,8-23-22-33-5 = 0.667,8-17-34-16-8 = 0.333,8-17-10-14-37-8 = 0.233,8-19-34-16-8 = 0.333,8-19-36-35-25-8 = 0.333,8-19-36-22-33-8 = 0.333,8-30-34-16-8 = 0.333,8-17-28-10-9-5 = 0.433
39,37,572.069,5.556,1.963,-2.111,73,74,8-30-8 = 0.917,5-15-22-33-5 = 0.028,5-26-24-20-5 = 0.806,5-12-27-29-5 = 0.5,5-11-12-29-5 = 0.5,5-38-18-22-33-5 = 0.056,5-38-18-31-15-5 = 0.778,5-38-31-22-33-5 = 0.056,5-18-31-22-33-5 = 0.167,5-32-13-5 = 1.0,5-11-27-14-37-8 = 0.5,5-21-35-25-8 = 0.806,8-23-36-22-5 = 0.5,8-17-37-14-5 = 0.111,8-17-10-14-37-8 = 0.278,8-19-34-16-8 = 0.806,8-19-36-24-20-5 = 0.194,8-34-16-8 = 0.111,8-30-34-16-8 = 0.083,8-17-28-10-9-5 = 0.611,8-23-28-9-5 = 0.389,5-26-36-33-25-8 = 0.194,5-21-35-33-5 = 0.194,5-15-22-33-8 = 0.194,5-38-10-14-37-8 = 0.111,5-23-36-33-5 = 0.111
24,8,571.572,5.0,2.285,1.0,75,76,5-26-28-9-5 = 0.5,5-12-27-29-5 = 0.5,5-11-12-29-5 = 0.5,5-11-27-10-9-5 = 0.25,5-38-18-31-15-5 = 1.0,5-32-13-5 = 0.5,5-26-32-13-5 = 0.5,5-11-27-14-37-8 = 0.25,5-21-35-25-8 = 0.25,5-21-22-33-8 = 0.75,8-17-10-14-37-8 = 0.75,8-19-36-35-25-8 = 0.75,8-19-36-24-20-5 = 0.25,8-30-34-16-8 = 1.0,8-17-28-22-33-8 = 0.25,8-23-28-9-5 = 0.25,8-23-24-20-5 = 0.75
70,61,571.844,3.364,0.092,-0.087,77,78,8-30-8 = 0.182,5-12-27-29-5 = 0.409,5-11-12-29-5 = 0.409,5-37-14-29-5 = 0.182,5-38-18-31-15-5 = 0.955,5-38-18-28-9-5 = 0.045,5-32-13-5 = 0.136,5-12-14-37-8 = 0.182,5-26-22-33-8 = 0.136,5-26-32-13-5 = 0.864,5-11-27-14-37-8 = 0.591,5-31-10-14-37-8 = 0.045,5-24-21-20-5 = 1.0,8-23-35-25-8 = 0.864,8-23-36-35-8 = 0.045,8-23-36-22-5 = 0.045,8-23-36-33-25-8 = 0.045,8-17-34-16-8 = 0.045,8-19-34-16-8 = 0.136,8-19-36-35-25-8 = 0.091,8-19-36-22-33-8 = 0.773,8-30-34-16-8 = 0.818,8-17-28-10-9-5 = 0.955,5-15-22-33-8 = 0.045
65,31,571.9,6.625,0.331,0.275,79,80,8-30-8 = 0.625,5-15-22-33-5 = 0.312,5-26-24-20-5 = 0.938,5-12-27-29-5 = 0.375,5-11-12-29-5 = 0.375,5-11-12-27-5 = 0.25,5-11-27-14-29-5 = 0.25,5-11-27-10-9-5 = 0.125,5-38-18-31-15-5 = 0.5,5-38-18-28-9-5 = 0.5,5-28-31-10-9-5 = 0.125,5-28-31-22-33-5 = 0.375,5-32-13-5 = 1.0,5-21-35-25-8 = 0.5,8-23-36-21-5 = 0.5,8-23-36-22-5 = 0.062,8-17-37-9-5 = 0.25,8-17-10-14-37-8 = 0.75,8-19-34-16-8 = 0.125,8-19-36-35-25-8 = 0.438,8-34-16-8 = 0.875,5-26-23-19-8 = 0.062,8-23-19-30-8 = 0.375,5-22-33-20-5 = 0.062,5-15-22-33-8 = 0.188,5-24-35-33-25-8 = 0.062
79,65,571.96,6.429,0.061,-0.196,81,82,8-30-8 = 0.571,5-15-22-33-5 = 0.429,5-26-24-20-5 = 1.0,5-12-27-29-5 = 0.393,5-11-12-29-5 = 0.393,5-11-12-27-5 = 0.214,5-11-27-14-29-5 = 0.214,5-11-27-10-9-5 = 0.179,5-38-18-31-9-5 = 0.107,5-38-18-31-15-5 = 0.429,5-38-18-28-9-5 = 0.464,5-28-31-10-9-5 = 0.036,5-28-31-22-33-5 = 0.429,5-32-13-5 = 1.0,5-28-10-14-37-8 = 0.071,5-21-35-25-8 = 0.5,8-23-36-21-5 = 0.5,8-17-37-9-5 = 0.214,8-17-10-14-37-8 = 0.714,8-19-36-35-25-8 = 0.5,8-34-16-8 = 1.0,8-23-19-30-8 = 0.429,8-17-23-19-8 = 0.071,5-15-22-33-8 = 0.143
36,25,571.529,4.667,0.969,2.667,83,84,5-26-24-20-5 = 1.0,5-12-27-29-5 = 0.5,5-11-12-29-5 = 0.5,5-38-18-31-15-5 = 0.833,5-32-13-5 = 0.667,5-11-27-14-37-8 = 0.5,5-21-22-33-8 = 0.667,8-23-21-32-5 = 0.167,8-23-22-33-5 = 0.167,8-17-10-14-37-8 = 0.5,8-19-36-35-25-8 = 1.0,8-30-34-16-8 = 1.0,8-17-28-10-9-5 = 0.333,8-23-28-9-5 = 0.5,8-23-21-13-5 = 0.167,8-17-28-10-9-8 = 0.167,5-15-22-33-8 = 0.167,5-38-18-31-32-13-5 = 0.167
84,36,572.078,3.4,0.55,-1.267,85,86,5-26-24-20-5 = 1.0,5-12-27-29-5 = 0.4,5-11-12-29-5 = 0.4,5-11-27-29-5 = 0.2,5-11-12-27-13-5 = 0.2,5-38-18-31-15-5 = 0.8,5-32-13-5 = 0.6,5-11-27-14-37-8 = 0.2,5-21-22-33-8 = 0.8,8-23-21-32-5 = 0.2,8-17-10-14-37-8 = 0.8,8-19-36-35-25-8 = 1.0,8-30-34-16-8 = 1.0,8-17-28-10-9-5 = 0.2,8-23-28-9-5 = 0.8,5-15-22-33-8 = 0.2,5-38-18-31-32-13-5 = 0.2
51,40,572.343,5.675,1.727,-2.325,87,88,5-26-5 = 0.025,8-30-8 = 0.975,5-26-20-5 = 0.025,5-26-24-20-5 = 0.712,5-12-27-29-5 = 0.5,5-11-12-29-5 = 0.5,5-21-22-33-5 = 0.475,5-38-18-31-15-5 = 1.0,5-32-13-5 = 1.0,5-11-27-14-37-8 = 0.5,5-21-22-33-8 = 0.025,5-36-35-20-5 = 0.238,8-23-36-21-5 = 0.5,8-17-10-14-37-8 = 0.5,8-19-34-16-8 = 0.975,8-19-36-24-20-5 = 0.025,8-30-34-16-8 = 0.025,8-17-28-10-9-5 = 0.5,8-23-28-9-5 = 0.5,5-26-36-33-25-8 = 0.238,5-22-35-25-8 = 0.5,5-24-35-33-25-8 = 0.262
26,18,571.874,6.0,2.772,1.0,89,90,5-26-20-5 = 0.5,5-12-27-29-5 = 0.5,5-11-12-29-5 = 0.5,5-38-18-31-15-5 = 1.0,5-32-13-5 = 0.5,5-11-27-14-37-8 = 0.5,5-21-22-33-8 = 1.0,8-23-36-24-32-5 = 0.5,8-17-10-14-37-8 = 0.5,8-19-36-35-25-8 = 0.5,8-30-34-16-8 = 1.0,8-17-28-10-9-5 = 0.5,8-23-28-9-5 = 0.5,5-26-20-13-5 = 0.5,8-19-24-35-25-8 = 0.5
72,21,572.153,7.0,0.757,-0.067,91,92,5-13-5 = 0.5,8-30-8 = 0.25,5-32-5 = 0.5,5-26-20-5 = 0.25,5-26-24-20-5 = 0.75,5-12-27-29-5 = 0.5,5-11-12-29-5 = 0.5,5-38-18-31-15-5 = 1.0,5-32-13-5 = 0.5,5-11-27-14-37-8 = 0.5,5-21-35-25-8 = 0.75,5-24-35-25-8 = 0.25,8-23-36-21-5 = 0.25,8-23-22-33-5 = 0.25,8-17-10-14-37-8 = 0.5,8-19-34-16-8 = 0.25,8-19-36-22-33-8 = 0.75,8-30-34-16-8 = 0.75,8-17-28-10-9-5 = 0.5,8-23-28-9-5 = 0.5
91,72,572.193,5.667,0.04,-1.333,93,94,5-13-5 = 0.5,8-30-8 = 0.333,5-26-24-20-5 = 1.0,5-12-27-29-5 = 0.5,5-11-12-29-5 = 0.5,5-38-18-31-15-5 = 1.0,5-32-13-5 = 1.0,5-11-27-14-37-8 = 0.5,5-21-35-25-8 = 0.833,5-36-35-25-8 = 0.167,8-23-36-21-5 = 0.167,8-23-22-33-5 = 0.333,8-17-10-14-37-8 = 0.5,8-19-34-16-8 = 0.333,8-19-36-22-33-8 = 0.667,8-30-34-16-8 = 0.667,8-17-28-10-9-5 = 0.5,8-23-28-9-5 = 0.5
49,11,572.574,5.111,2.279,-1.924,95,96,5-26-5 = 0.033,8-30-8 = 0.974,5-26-24-20-5 = 0.967,5-12-27-29-5 = 0.498,5-11-12-29-5 = 0.498,5-21-22-33-5 = 0.483,5-38-18-31-15-5 = 0.996,5-38-18-28-9-5 = 0.004,5-31-15-9-5 = 0.004,5-17-37-9-5 = 0.004,5-32-13-5 = 1.0,5-12-14-37-8 = 0.004,5-11-27-14-37-8 = 0.502,5-28-10-14-37-8 = 0.491,5-24-21-20-5 = 0.033,8-23-35-25-8 = 1.0,8-17-34-16-8 = 0.487,8-19-34-16-8 = 0.483,8-19-36-22-33-5 = 0.004,8-19-36-22-33-8 = 0.03,8-19-36-33-9-5 = 0.483,8-34-16-8 = 0.004,8-30-34-16-8 = 0.026,8-17-28-10-9-5 = 0.506,5-36-22-21-5 = 0.483,8-17-10-14-29-5 = 0.004
71,21,572.359,6.14,0.964,-0.927,97,98,5-13-5 = 0.02,8-30-8 = 0.975,5-32-5 = 0.02,5-26-24-20-5 = 1.0,5-12-27-29-5 = 0.5,5-11-12-29-5 = 0.5,5-38-18-31-15-5 = 0.485,5-38-18-28-9-5 = 0.172,5-38-28-10-9-5 = 0.343,5-31-15-9-5 = 0.328,5-18-28-10-9-5 = 0.157,5-18-28-31-15-5 = 0.187,5-32-13-5 = 0.98,5-11-27-14-37-8 = 0.5,5-28-10-14-37-8 = 0.142,5-21-35-25-8 = 0.667,8-23-36-21-5 = 0.333,8-23-22-33-5 = 0.667,8-17-34-16-8 = 0.642,8-17-10-14-37-8 = 0.358,8-19-34-16-8 = 0.333,8-19-36-35-25-8 = 0.333,8-19-36-22-33-5 = 0.308,8-19-36-22-33-8 = 0.025,8-30-34-16-8 = 0.025
14,5,572.42,5.286,4.899,-0.714,99,100,5-12-27-29-5 = 0.571,5-11-12-29-5 = 0.286,5-11-12-27-5 = 0.143,5-11-27-14-29-5 = 0.143,5-11-27-10-9-5 = 0.143,5-38-18-31-15-5 = 0.714,5-38-18-28-9-5 = 0.286,5-32-13-5 = 0.429,5-26-22-33-8 = 0.429,5-26-32-13-5 = 0.571,5-24-21-20-5 = 1.0,8-23-35-25-8 = 0.571,8-17-37-9-8 = 0.143,8-17-10-14-37-8 = 0.857,8-19-36-35-25-8 = 0.429,8-19-36-22-33-8 = 0.571,8-30-34-16-8 = 1.0,8-23-28-9-5 = 0.429,5-11-28-31-15-5 = 0.286
100,14,572.434,2.0,0.014,-3.286,101,102,5-12-27-29-5 = 0.5,5-11-27-29-5 = 0.5,5-38-18-31-15-5 = 1.0,5-32-13-5 = 0.5,5-26-22-33-8 = 1.0,5-24-21-20-5 = 1.0,8-17-10-14-37-8 = 1.0,8-19-36-35-25-8 = 1.0,8-30-34-16-8 = 1.0,8-23-28-9-5 = 1.0,5-11-12-32-13-5 = 0.5
10,1,571.993,7.0,5.096,0.993,103,104,8-30-8 = 1.0,5-26-24-20-5 = 0.5,5-12-27-29-5 = 0.5,5-11-12-29-5 = 0.5,5-38-18-31-15-5 = 1.0,5-32-13-5 = 0.5,5-26-32-13-5 = 0.5,5-11-27-14-37-8 = 0.5,5-21-22-33-8 = 0.5,5-24-21-20-5 = 0.5,8-23-35-25-8 = 0.5,8-17-10-14-37-8 = 0.5,8-19-36-35-25-8 = 0.5,8-19-36-22-33-8 = 0.5,8-34-16-8 = 1.0,8-17-28-10-9-5 = 0.5,8-23-28-9-5 = 0.5
104,10,572.786,5.0,0.794,-2.0,105,106,8-30-8 = 1.0,5-26-24-20-5 = 0.5,5-12-27-29-5 = 0.5,5-11-12-29-5 = 0.5,5-38-18-31-15-5 = 1.0,5-32-13-5 = 0.5,5-26-32-13-5 = 0.5,5-11-27-14-37-8 = 0.5,5-21-22-33-8 = 1.0,8-17-10-14-37-8 = 0.5,8-19-36-35-25-8 = 1.0,8-34-16-8 = 1.0,8-17-28-10-9-5 = 0.5,8-23-28-9-5 = 0.5,8-23-24-20-5 = 0.5
82,79,572.388,6.0,0.428,-0.429,107,108,8-30-8 = 0.5,5-15-22-33-5 = 0.5,5-26-24-20-5 = 1.0,5-12-27-29-5 = 0.333,5-11-12-29-5 = 0.333,5-11-12-27-5 = 0.333,5-11-27-29-5 = 0.167,5-11-27-14-29-5 = 0.083,5-11-27-10-9-5 = 0.083,5-38-18-31-9-5 = 0.167,5-38-18-31-15-5 = 0.25,5-38-18-28-9-5 = 0.583,5-31-15-9-5 = 0.167,5-28-31-22-33-5 = 0.417,5-32-13-5 = 1.0,5-21-35-25-8 = 0.5,8-23-36-21-5 = 0.5,8-17-37-29-5 = 0.083,8-17-10-14-37-8 = 0.917,8-19-36-35-25-8 = 0.5,8-34-16-8 = 1.0,8-23-19-30-8 = 0.5,5-15-22-33-8 = 0.083
75,24,572.371,5.0,0.798,0.0,109,110,5-26-28-9-5 = 0.5,5-12-27-29-5 = 0.5,5-11-12-29-5 = 0.5,5-21-22-33-5 = 0.5,5-38-18-31-15-5 = 1.0,5-32-13-5 = 0.5,5-26-32-13-5 = 0.5,5-11-27-14-37-8 = 0.5,5-21-22-33-8 = 0.5,8-17-10-14-37-8 = 0.5,8-19-36-35-25-8 = 1.0,8-30-34-16-8 = 1.0,8-23-24-20-5 = 1.0,8-17-28-10-9-8 = 0.5
78,70,572.446,3.0,0.601,-0.364,111,112,8-30-8 = 0.143,5-26-31-15-5 = 0.071,5-26-28-9-5 = 0.143,5-12-27-29-5 = 0.429,5-11-12-29-5 = 0.429,5-37-14-29-5 = 0.143,5-38-18-31-15-5 = 0.929,5-32-13-5 = 0.214,5-12-14-37-8 = 0.143,5-26-32-13-5 = 0.786,5-11-27-14-37-8 = 0.571,5-24-21-20-5 = 1.0,8-23-35-25-8 = 1.0,8-17-34-16-8 = 0.143,8-19-36-22-33-8 = 1.0,8-30-34-16-8 = 0.857,8-17-28-10-9-5 = 0.857,5-38-10-14-37-8 = 0.071,5-18-10-14-37-8 = 0.071
67,23,572.415,4.36,0.948,-0.04,113,114,8-30-8 = 0.04,5-12-27-29-5 = 0.4,5-11-12-29-5 = 0.4,5-38-18-31-15-5 = 1.0,5-32-13-5 = 0.4,5-12-14-37-8 = 0.2,5-26-22-33-8 = 0.28,5-26-32-13-5 = 0.6,5-11-27-14-37-8 = 0.6,8-37-14-29-5 = 0.2,5-21-35-25-8 = 0.28,5-21-22-33-8 = 0.72,8-23-36-35-8 = 0.04,8-23-36-20-5 = 0.04,8-23-36-24-25-8 = 0.04,8-19-36-35-25-8 = 0.68,8-19-36-24-20-5 = 0.2,8-34-16-8 = 0.04,8-30-34-16-8 = 0.96,8-17-28-10-9-5 = 1.0,5-26-23-19-8 = 0.12,8-23-24-20-5 = 0.76
52,40,572.787,6.0,2.171,-2.0,115,116,5-13-5 = 0.5,5-26-5 = 0.5,5-32-5 = 0.5,5-26-24-20-5 = 0.5,5-12-27-29-5 = 0.5,5-11-12-29-5 = 0.5,5-38-18-31-15-5 = 1.0,5-32-13-5 = 0.5,5-11-27-14-37-8 = 0.5,5-21-22-33-8 = 1.0,8-17-10-14-37-8 = 0.5,8-19-36-35-25-8 = 1.0,8-30-34-16-8 = 1.0,8-17-28-10-9-5 = 0.5,8-23-28-9-5 = 0.5,8-23-24-20-5 = 0.5
107,82,572.506,6.0,0.118,-0.0,117,118,8-30-8 = 0.5,5-15-22-33-5 = 0.517,5-26-24-20-5 = 0.967,5-12-27-29-5 = 0.333,5-11-12-29-5 = 0.333,5-11-12-27-5 = 0.333,5-11-27-29-5 = 0.167,5-11-27-14-29-5 = 0.083,5-11-27-10-9-5 = 0.083,5-38-18-31-9-5 = 0.117,5-38-18-31-15-5 = 0.283,5-38-18-28-9-5 = 0.6,5-31-15-9-5 = 0.2,5-28-31-22-33-5 = 0.4,5-32-13-5 = 1.0,5-26-22-33-8 = 0.033,5-21-35-25-8 = 0.483,5-21-22-33-8 = 0.05,5-24-35-20-5 = 0.017,8-23-36-21-5 = 0.467,8-23-36-20-5 = 0.017,8-23-36-24-25-8 = 0.017,8-17-37-29-5 = 0.083,8-17-10-14-37-8 = 0.917,8-19-36-35-25-8 = 0.5,8-34-16-8 = 1.0,8-23-19-30-8 = 0.5
47,46,572.107,8.75,1.912,2.55,119,120,5-26-5 = 0.5,8-30-8 = 0.625,5-26-24-20-5 = 0.5,5-12-27-29-5 = 0.5,5-11-12-29-5 = 0.5,5-38-18-31-15-5 = 0.5,5-38-18-28-9-5 = 0.5,5-31-15-22-5 = 0.5,5-32-13-5 = 1.0,5-11-27-14-37-8 = 0.5,5-21-35-25-8 = 0.5,5-24-21-20-5 = 0.5,8-23-36-33-16-8 = 0.25,8-23-36-33-25-8 = 0.125,8-23-22-33-8 = 0.375,8-23-19-34-8 = 0.25,8-17-10-37-14-5 = 0.5,8-19-34-16-8 = 0.125,8-19-36-35-33-8 = 0.125,8-19-36-35-25-8 = 0.375,8-19-36-22-33-8 = 0.125,8-34-16-8 = 0.25,8-30-34-16-8 = 0.375,8-17-28-10-9-5 = 0.5
97,71,572.47,6.667,0.111,0.527,121,122,5-13-5 = 0.133,8-30-8 = 0.833,5-26-24-20-5 = 1.0,5-12-27-29-5 = 0.5,5-11-12-29-5 = 0.5,5-38-18-31-15-5 = 0.4,5-38-18-28-9-5 = 0.2,5-38-28-10-9-5 = 0.1,5-38-28-31-15-5 = 0.3,5-31-15-9-5 = 0.3,5-18-28-10-9-5 = 0.4,5-32-13-5 = 1.0,5-11-27-14-37-8 = 0.5,5-21-35-25-8 = 0.667,8-23-36-21-5 = 0.333,8-23-22-33-5 = 0.667,8-17-34-16-8 = 0.5,8-17-10-14-37-8 = 0.5,8-19-34-16-8 = 0.333,8-19-36-35-25-8 = 0.333,8-19-36-22-33-5 = 0.167,8-19-36-22-33-8 = 0.167,8-30-34-16-8 = 0.167
83,36,572.653,4.667,1.124,-0.0,123,124,5-26-24-20-5 = 1.0,5-12-27-29-5 = 0.5,5-11-12-29-5 = 0.5,5-38-18-31-15-5 = 0.833,5-32-13-5 = 0.667,5-11-27-14-37-8 = 0.5,5-21-35-25-8 = 0.833,8-23-21-32-5 = 0.167,8-23-22-33-5 = 0.167,8-17-10-14-37-8 = 0.5,8-17-10-9-13-5 = 0.167,8-19-36-35-25-8 = 0.167,8-19-36-22-33-8 = 0.833,8-30-34-16-8 = 1.0,8-17-28-10-9-5 = 0.167,8-23-28-9-5 = 0.5,8-23-28-15-5 = 0.167,8-17-28-10-9-8 = 0.167,5-38-18-31-32-13-5 = 0.167
103,10,572.93,6.0,0.937,-1.0,125,126,8-30-8 = 1.0,5-12-27-29-5 = 0.5,5-11-12-29-5 = 0.5,5-38-18-31-15-5 = 1.0,5-32-13-5 = 0.5,5-26-22-33-8 = 0.5,5-26-32-13-5 = 0.5,5-11-27-14-37-8 = 0.5,5-24-21-20-5 = 1.0,8-23-35-25-8 = 0.5,8-17-10-14-37-8 = 0.5,8-19-36-35-25-8 = 0.5,8-19-36-22-33-8 = 0.5,8-34-16-8 = 1.0,8-17-28-10-9-5 = 0.5,8-23-28-9-5 = 0.5
113,67,572.614,5.25,0.199,0.89,127,128,8-30-8 = 0.025,5-12-27-29-5 = 0.4,5-11-12-29-5 = 0.4,5-38-18-31-15-5 = 1.0,5-32-13-5 = 0.4,5-12-14-37-8 = 0.2,5-26-22-33-8 = 0.4,5-26-32-13-5 = 0.6,5-11-27-14-37-8 = 0.6,8-37-14-29-5 = 0.2,5-21-35-25-8 = 0.4,5-21-22-33-8 = 0.6,8-23-36-35-8 = 0.075,8-23-36-20-5 = 0.075,8-23-36-24-25-8 = 0.075,8-19-34-16-8 = 0.125,8-19-36-35-25-8 = 0.525,8-19-36-24-20-5 = 0.25,8-30-34-16-8 = 0.875,8-17-28-10-9-5 = 1.0,8-23-19-30-8 = 0.1,8-23-24-20-5 = 0.675
45,44,572.773,6.7,2.597,0.533,129,130,8-30-8 = 0.73,5-26-21-5 = 0.1,5-26-24-20-5 = 0.9,5-12-27-29-5 = 0.5,5-11-12-29-5 = 0.5,5-11-27-10-9-5 = 0.2,5-38-18-31-15-5 = 0.6,5-38-28-10-9-5 = 0.4,5-31-15-22-5 = 0.2,5-18-28-10-9-5 = 0.4,5-32-13-5 = 1.0,5-11-27-14-37-8 = 0.3,5-21-35-25-8 = 0.72,5-24-21-20-5 = 0.1,8-23-36-33-16-8 = 0.27,8-23-22-33-8 = 0.36,8-23-19-34-8 = 0.27,8-17-37-14-5 = 0.7,8-19-36-35-25-8 = 0.28,8-19-36-22-33-5 = 0.12,8-19-36-22-33-8 = 0.24,8-34-16-8 = 0.46,8-30-34-16-8 = 0.27,8-17-28-31-15-5 = 0.2,8-17-23-19-8 = 0.09,5-36-22-21-5 = 0.08,8-17-23-36-33-8 = 0.01
130,45,572.835,6.806,0.062,0.106,131,132,8-30-8 = 0.742,5-26-21-5 = 0.161,5-26-24-20-5 = 0.839,5-12-27-29-5 = 0.5,5-11-12-29-5 = 0.5,5-11-27-10-9-5 = 0.226,5-38-18-31-15-5 = 0.613,5-38-28-10-9-5 = 0.387,5-31-15-22-5 = 0.274,5-18-28-10-9-5 = 0.387,5-32-13-5 = 1.0,5-11-27-14-37-8 = 0.274,5-21-35-25-8 = 0.677,5-24-21-20-5 = 0.161,8-23-36-22-8 = 0.048,8-23-36-33-16-8 = 0.323,8-23-22-33-8 = 0.258,8-23-19-34-8 = 0.323,8-17-37-14-5 = 0.726,8-19-36-35-25-8 = 0.323,8-19-36-22-33-8 = 0.306,8-34-16-8 = 0.419,8-30-34-16-8 = 0.258,8-17-28-22-33-5 = 0.113,8-17-28-31-15-5 = 0.113,8-17-23-19-8 = 0.048
123,83,573.012,3.778,0.359,-0.889,133,134,5-26-24-20-5 = 1.0,5-12-27-29-5 = 0.556,5-11-12-29-5 = 0.444,5-38-18-31-15-5 = 0.778,5-32-13-5 = 0.667,5-11-27-14-37-8 = 0.333,5-21-35-25-8 = 0.889,8-23-21-32-5 = 0.111,8-23-22-33-5 = 0.111,8-17-10-14-37-8 = 0.667,8-17-10-9-13-5 = 0.111,8-19-36-35-25-8 = 0.111,8-19-36-22-33-8 = 0.889,8-30-34-16-8 = 1.0,8-17-28-10-9-5 = 0.111,8-17-28-31-15-5 = 0.111,8-23-28-9-5 = 0.667,8-23-28-15-5 = 0.111,5-11-38-18-32-13-5 = 0.111,5-38-18-31-32-13-5 = 0.111,5-11-27-10-9-8 = 0.111
120,47,573.196,7.077,1.089,-1.673,135,136,5-13-5 = 0.02,8-30-8 = 0.971,5-32-5 = 0.02,5-26-36-35-5 = 0.486,5-26-24-20-5 = 0.514,5-12-27-29-5 = 0.5,5-11-12-29-5 = 0.5,5-38-18-31-15-5 = 0.508,5-38-18-28-9-5 = 0.492,5-31-15-22-5 = 0.492,5-32-13-5 = 0.98,5-11-27-14-37-8 = 0.5,5-21-35-25-8 = 0.502,5-24-21-20-5 = 0.486,8-23-36-33-25-8 = 0.498,8-23-22-33-8 = 0.488,8-17-10-37-14-5 = 0.474,8-17-10-14-37-8 = 0.022,8-19-34-16-8 = 0.986,8-30-34-16-8 = 0.014,8-17-28-22-33-5 = 0.005,8-17-28-10-9-5 = 0.499,8-36-22-21-5 = 0.012,8-36-33-10-9-5 = 0.001,8-28-10-14-37-8 = 0.004,8-23-19-30-8 = 0.014,8-35-33-9-5 = 0.008,8-36-22-35-5 = 0.003
112,78,573.06,3.714,0.614,0.714,137,138,8-30-8 = 0.214,5-26-28-9-5 = 0.071,5-12-27-29-5 = 0.429,5-11-12-29-5 = 0.429,5-38-18-31-15-5 = 0.857,5-31-15-9-5 = 0.071,5-28-9-29-5 = 0.143,5-32-13-5 = 0.071,5-12-14-37-8 = 0.143,5-26-32-13-5 = 0.929,5-11-27-14-37-8 = 0.571,5-24-21-20-5 = 1.0,8-23-35-25-8 = 1.0,8-17-34-16-8 = 0.214,8-19-36-22-33-5 = 0.214,8-19-36-22-33-8 = 0.786,8-30-34-16-8 = 0.786,8-17-28-10-9-5 = 0.714,8-17-28-31-15-5 = 0.071,5-38-10-14-37-8 = 0.143,5-18-10-14-37-8 = 0.143
137,112,573.081,3.4,0.021,-0.314,139,140,8-30-8 = 0.2,5-26-31-15-5 = 0.1,5-12-27-29-5 = 0.4,5-11-12-29-5 = 0.4,5-38-18-31-15-5 = 0.9,5-28-9-29-5 = 0.2,5-32-13-5 = 0.1,5-12-14-37-8 = 0.2,5-26-32-13-5 = 0.9,5-11-27-14-37-8 = 0.6,5-24-21-20-5 = 1.0,8-23-35-25-8 = 1.0,8-17-34-16-8 = 0.2,8-19-36-22-33-5 = 0.2,8-19-36-22-33-8 = 0.8,8-30-34-16-8 = 0.8,8-17-28-10-9-5 = 0.8,5-38-10-14-37-8 = 0.1,5-18-10-14-37-8 = 0.1
102,100,572.554,5.476,0.119,3.476,141,142,8-30-8 = 0.095,5-12-27-29-5 = 0.571,5-11-12-29-5 = 0.286,5-11-12-27-5 = 0.143,5-11-27-14-29-5 = 0.143,5-11-27-10-9-5 = 0.143,5-38-18-31-15-5 = 0.571,5-38-18-28-9-5 = 0.381,5-32-13-5 = 0.238,5-26-22-33-8 = 0.238,5-26-32-13-5 = 0.762,5-24-21-20-5 = 1.0,8-23-35-25-8 = 0.571,8-23-36-35-8 = 0.048,8-23-36-33-25-8 = 0.048,8-17-37-9-5 = 0.143,8-17-10-14-37-8 = 0.857,8-19-34-16-8 = 0.095,8-19-36-35-25-8 = 0.381,8-19-36-22-33-8 = 0.524,8-30-34-16-8 = 0.905,8-23-28-9-5 = 0.333,5-11-28-31-15-5 = 0.286,5-15-22-33-8 = 0.095,5-31-15-22-8 = 0.048,5-18-31-22-33-8 = 0.048,5-38-31-22-33-8 = 0.048
142,102,572.874,3.5,0.32,-1.976,143,144,5-26-28-9-5 = 0.25,5-12-27-29-5 = 0.5,5-11-12-29-5 = 0.25,5-11-12-27-5 = 0.25,5-11-27-29-5 = 0.25,5-38-18-31-15-5 = 0.5,5-38-18-28-9-5 = 0.5,5-31-15-9-5 = 0.25,5-32-13-5 = 0.25,5-26-32-13-5 = 0.75,5-24-21-20-5 = 1.0,8-23-35-25-8 = 1.0,8-17-10-14-37-8 = 1.0,8-19-36-22-33-8 = 1.0,8-30-34-16-8 = 1.0,5-11-28-31-15-5 = 0.25
143,142,577.998,0.0,5.124,-3.5,Integer,,5-11-12-27-5 = 1.0,5-38-18-31-15-5 = 1.0,5-28-9-29-5 = 1.0,5-26-32-13-5 = 1.0,5-24-21-20-5 = 1.0,8-23-35-25-8 = 1.0,8-17-10-14-37-8 = 1.0,8-19-36-22-33-8 = 1.0,8-30-34-16-8 = 1.0
43,20,573.463,6.4,3.391,-1.6,145,146,8-30-8 = 0.7,5-26-21-5 = 0.8,5-12-27-29-5 = 0.5,5-11-12-29-5 = 0.5,5-38-18-31-15-5 = 0.5,5-38-18-28-9-5 = 0.5,5-31-15-22-5 = 0.5,5-32-13-5 = 1.0,5-11-27-14-37-8 = 0.5,5-24-35-20-5 = 1.0,8-23-36-33-25-8 = 0.8,8-17-10-14-37-8 = 0.5,8-19-34-16-8 = 0.3,8-19-22-21-5 = 0.2,8-19-22-33-25-8 = 0.1,8-19-36-22-33-8 = 0.1,8-19-36-22-25-8 = 0.1,8-34-16-8 = 0.4,8-30-34-16-8 = 0.3,8-17-28-10-9-5 = 0.5,5-26-23-19-8 = 0.2
146,43,586.0,0.0,12.537,0.0,Prune by CG,,8-30-8 = 0.7,5-26-21-5 = 0.1,5-12-27-29-5 = 0.5,5-11-12-29-5 = 0.5,5-11-27-10-9-5 = 0.1,5-38-18-31-15-5 = 0.5,5-38-18-28-9-5 = 0.4,5-18-28-10-9-5 = 0.1,5-32-13-5 = 1.0,5-11-27-14-37-8 = 0.4,5-24-35-20-5 = 0.8,8-23-36-33-25-8 = 0.1,8-17-37-14-5 = 0.2,8-17-10-37-14-5 = 0.4,8-34-16-8 = 0.8,8-30-34-16-8 = 0.2,8-35-33-20-5 = 0.1,8-17-28-10-9-5 = 0.4,8-36-22-33-25-8 = 0.7,8-36-22-21-5 = 0.2,5-26-23-19-8 = 0.9,5-24-21-22-5 = 0.1,5-31-15-21-5 = 0.5,8-35-25-20-5 = 0.1,8-24-21-33-25-8 = 0.1,5-38-28-19-30-8 = 0.1
50,11,573.366,6.2,3.072,-0.835,147,148,8-30-8 = 0.95,5-26-24-20-5 = 0.55,5-12-27-29-5 = 0.4,5-11-12-29-5 = 0.4,5-11-12-27-5 = 0.2,5-11-27-14-29-5 = 0.2,5-11-27-10-9-5 = 0.2,5-21-22-33-5 = 0.5,5-38-18-31-15-5 = 0.2,5-38-18-28-9-5 = 0.6,5-38-28-31-15-5 = 0.2,5-31-15-22-5 = 0.4,5-18-28-31-15-5 = 0.2,5-32-13-5 = 1.0,5-24-21-20-5 = 0.45,8-23-35-25-8 = 0.55,8-23-36-35-5 = 0.2,8-23-36-35-8 = 0.25,8-17-37-9-5 = 0.2,8-17-10-14-37-8 = 0.8,8-19-34-16-8 = 0.95,8-19-36-22-33-5 = 0.05,8-30-34-16-8 = 0.05,5-36-22-21-5 = 0.05,5-26-36-33-25-8 = 0.45
105,104,573.197,5.0,0.41,0.0,149,150,8-30-8 = 1.0,5-26-24-20-5 = 0.833,5-12-27-29-5 = 0.5,5-11-12-29-5 = 0.5,5-38-18-31-15-5 = 1.0,5-32-13-5 = 0.667,5-11-27-14-37-8 = 0.5,5-21-22-33-8 = 0.833,8-23-35-25-8 = 0.333,8-17-10-14-37-8 = 0.5,8-19-36-35-25-8 = 0.667,8-19-36-22-33-8 = 0.167,8-19-36-21-32-5 = 0.167,8-34-16-8 = 1.0,8-17-28-10-9-5 = 0.5,8-23-28-9-5 = 0.5,5-26-20-13-5 = 0.167,8-23-24-32-13-5 = 0.167
119,47,573.967,4.0,1.86,-4.75,151,152,5-13-5 = 0.5,5-26-5 = 0.5,5-26-28-9-5 = 0.5,5-12-27-29-5 = 0.5,5-11-12-29-5 = 0.5,5-38-18-31-15-5 = 1.0,5-32-13-5 = 1.0,5-11-27-14-37-8 = 0.5,5-24-21-20-5 = 1.0,8-23-22-33-8 = 1.0,8-17-10-14-37-8 = 0.5,8-19-36-35-25-8 = 1.0,8-30-34-16-8 = 1.0,8-17-28-10-9-5 = 0.5
141,102,573.478,4.077,0.925,-1.399,153,154,5-12-27-29-5 = 0.346,5-11-12-29-5 = 0.346,5-11-12-27-5 = 0.308,5-11-27-29-5 = 0.269,5-11-27-14-29-5 = 0.038,5-11-27-10-9-5 = 0.038,5-38-18-31-15-5 = 0.692,5-38-18-28-9-5 = 0.115,5-32-13-5 = 0.231,5-26-22-33-8 = 0.308,5-26-32-13-5 = 0.692,5-24-21-20-5 = 0.923,8-23-35-25-8 = 0.077,8-17-37-9-5 = 0.038,8-17-10-14-37-8 = 0.962,8-19-34-16-8 = 0.038,8-19-36-35-25-8 = 0.923,8-30-34-16-8 = 0.962,8-36-21-20-5 = 0.077,8-23-19-30-8 = 0.038,8-23-28-9-5 = 0.808,8-23-24-32-13-5 = 0.077,5-15-22-33-8 = 0.308,5-18-31-22-33-8 = 0.192,5-38-31-22-33-8 = 0.115,5-38-28-22-33-8 = 0.077
38,32,573.453,6.5,3.434,-1.167,155,156,8-30-8 = 0.583,5-15-22-33-5 = 0.25,5-26-20-5 = 0.167,5-26-24-20-5 = 0.583,5-12-27-29-5 = 0.5,5-11-12-29-5 = 0.5,5-21-22-33-5 = 0.667,5-38-18-31-9-5 = 0.25,5-38-18-31-15-5 = 0.75,5-32-13-5 = 1.0,5-11-27-14-37-8 = 0.5,5-21-35-25-8 = 0.25,5-24-35-20-5 = 0.083,5-36-35-20-5 = 0.167,8-23-36-22-8 = 0.083,8-23-36-24-25-8 = 0.333,8-17-37-14-5 = 0.25,8-19-36-35-25-8 = 0.417,8-34-16-8 = 0.917,8-30-34-16-8 = 0.083,8-17-28-10-9-5 = 0.75,8-28-10-14-37-8 = 0.25,5-26-23-19-8 = 0.25,8-23-19-30-8 = 0.333,5-21-35-33-5 = 0.083
155,38,579.309,0.0,5.856,0.0,Prune by CG,,8-30-8 = 0.833,5-26-21-5 = 0.1,5-26-22-33-5 = 0.267,5-12-27-29-5 = 0.4,5-11-12-29-5 = 0.4,5-21-22-33-5 = 0.633,5-38-18-31-15-5 = 1.0,5-32-13-5 = 1.0,5-12-14-37-8 = 0.2,5-26-22-33-8 = 0.1,5-11-27-14-37-8 = 0.6,8-37-14-29-5 = 0.2,5-24-35-20-5 = 0.733,5-36-35-20-5 = 0.033,8-23-36-24-25-8 = 0.267,8-23-36-25-8 = 0.467,8-19-34-16-8 = 0.733,8-34-16-8 = 0.1,8-30-34-16-8 = 0.167,8-17-28-10-9-5 = 1.0,8-36-35-20-5 = 0.233,5-26-23-19-8 = 0.267,5-26-21-25-8 = 0.267
109,75,572.932,7.0,0.562,2.0,157,158,5-12-27-29-5 = 0.5,5-11-12-29-5 = 0.5,5-21-22-33-5 = 0.5,5-38-18-31-15-5 = 1.0,5-32-13-5 = 0.5,5-26-22-33-8 = 0.5,5-26-32-13-5 = 0.5,5-11-27-14-37-8 = 0.5,5-21-35-25-8 = 0.5,8-17-10-14-37-8 = 0.5,8-19-36-35-25-8 = 0.5,8-19-36-24-20-5 = 0.5,8-30-34-16-8 = 1.0,8-23-28-9-5 = 0.5,8-23-24-20-5 = 0.5,8-17-28-10-9-8 = 0.5
95,49,573.166,5.72,0.592,0.609,159,160,5-13-5 = 0.02,8-30-8 = 0.93,5-32-5 = 0.02,5-26-24-20-5 = 0.75,5-12-27-29-5 = 0.48,5-11-12-29-5 = 0.48,5-21-22-33-5 = 0.5,5-38-18-31-15-5 = 0.76,5-38-18-28-9-5 = 0.1,5-38-17-37-14-5 = 0.14,5-31-15-9-5 = 0.16,5-17-37-9-5 = 0.04,5-32-13-5 = 0.98,5-12-14-37-8 = 0.04,5-11-27-14-37-8 = 0.52,5-28-10-14-37-8 = 0.12,5-24-21-20-5 = 0.25,8-23-35-25-8 = 0.75,8-23-36-35-8 = 0.25,8-19-34-16-8 = 0.75,8-19-36-22-33-5 = 0.25,8-34-16-8 = 0.18,8-30-34-16-8 = 0.07,8-17-28-10-9-5 = 0.7,8-17-28-31-15-5 = 0.08,5-36-22-21-5 = 0.25,8-17-10-14-29-5 = 0.04,5-26-36-33-25-8 = 0.25,5-18-10-14-37-8 = 0.14
160,95,585.863,0.0,12.697,0.0,Prune by CG,,8-30-8 = 0.831,5-26-21-5 = 0.282,5-26-24-20-5 = 0.5,5-12-27-29-5 = 0.25,5-11-12-29-5 = 0.25,5-11-27-14-29-5 = 0.25,5-21-22-33-5 = 0.218,5-38-18-31-15-5 = 0.355,5-38-18-28-9-5 = 0.444,5-31-15-22-5 = 0.218,5-31-15-9-5 = 0.016,5-17-37-9-5 = 0.395,5-32-13-5 = 1.0,5-24-21-20-5 = 0.5,8-23-35-25-8 = 0.782,8-23-36-35-8 = 0.218,8-19-34-16-8 = 0.435,8-19-36-22-33-5 = 0.218,8-19-36-22-33-8 = 0.347,8-34-16-8 = 0.395,8-30-34-16-8 = 0.169,8-17-28-10-9-5 = 0.145,8-17-28-31-15-5 = 0.21,5-11-12-27-14-5 = 0.5,8-17-10-14-29-5 = 0.25,5-26-36-33-25-8 = 0.218,5-18-31-10-37-8 = 0.202,5-15-10-37-8 = 0.202,5-38-28-10-37-8 = 0.202
159,95,573.18,5.933,0.014,0.213,161,162,5-26-5 = 0.033,8-30-8 = 0.925,5-26-24-20-5 = 0.725,5-12-27-29-5 = 0.5,5-11-12-29-5 = 0.5,5-21-22-33-5 = 0.483,5-38-18-31-15-5 = 0.7,5-38-18-28-9-5 = 0.1,5-38-17-37-14-5 = 0.2,5-31-15-9-5 = 0.2,5-32-13-5 = 1.0,5-11-27-14-37-8 = 0.5,5-28-10-14-37-8 = 0.1,5-24-21-20-5 = 0.275,8-23-35-25-8 = 0.758,8-23-36-35-8 = 0.242,8-19-34-16-8 = 0.725,8-19-36-22-33-5 = 0.242,8-19-36-22-33-8 = 0.033,8-34-16-8 = 0.2,8-30-34-16-8 = 0.075,8-17-28-10-9-5 = 0.7,8-17-28-31-15-5 = 0.1,5-36-22-21-5 = 0.242,5-26-36-33-25-8 = 0.242,5-18-10-14-37-8 = 0.2
121,97,573.305,6.533,0.835,-0.133,163,164,5-13-5 = 0.133,8-30-8 = 0.833,5-32-5 = 0.133,5-26-24-20-5 = 1.0,5-12-27-29-5 = 0.5,5-11-12-29-5 = 0.5,5-38-18-31-15-5 = 0.7,5-38-18-28-9-5 = 0.2,5-38-28-10-9-5 = 0.1,5-28-31-10-9-5 = 0.3,5-18-28-10-9-5 = 0.1,5-32-13-5 = 0.867,5-11-27-14-37-8 = 0.5,5-21-35-25-8 = 0.667,8-23-36-21-5 = 0.333,8-23-22-33-5 = 0.667,8-17-34-16-8 = 0.5,8-17-10-14-37-8 = 0.5,8-19-34-16-8 = 0.333,8-19-36-35-25-8 = 0.333,8-19-36-22-33-5 = 0.167,8-19-36-22-33-8 = 0.167,8-30-34-16-8 = 0.167,5-28-15-9-5 = 0.3
58,56,573.265,6.667,2.306,0.667,165,166,5-26-24-20-5 = 0.667,5-12-27-29-5 = 0.5,5-11-12-29-5 = 0.167,5-38-18-31-15-5 = 0.833,5-38-18-28-9-5 = 0.167,5-31-15-22-5 = 0.167,5-32-13-5 = 0.333,5-24-21-32-13-5 = 0.167,5-11-27-14-37-8 = 0.5,8-37-14-29-5 = 0.333,5-21-22-33-8 = 0.667,8-23-35-25-8 = 0.333,8-23-36-35-8 = 0.333,8-23-36-24-25-8 = 0.167,8-23-36-33-25-8 = 0.167,8-17-10-14-37-8 = 0.167,8-19-34-16-8 = 0.333,8-19-36-35-25-8 = 0.333,8-30-34-16-8 = 0.667,8-17-28-10-9-5 = 0.833,5-26-21-32-5 = 0.167,8-19-30-8 = 0.333,5-22-33-20-5 = 0.167,5-26-20-13-5 = 0.167,5-11-12-32-13-5 = 0.333
165,58,573.427,6.357,0.162,-0.31,167,168,5-26-24-20-5 = 0.857,5-12-27-29-5 = 0.5,5-11-12-29-5 = 0.125,5-11-27-14-29-5 = 0.036,5-38-18-31-15-5 = 0.786,5-38-18-28-9-5 = 0.161,5-38-22-21-5 = 0.054,5-31-15-22-5 = 0.214,5-32-13-5 = 0.339,5-32-20-13-5 = 0.071,5-24-21-32-13-5 = 0.143,5-11-27-14-37-8 = 0.464,8-37-14-29-5 = 0.304,5-21-22-33-8 = 0.679,8-23-35-25-8 = 0.321,8-23-36-35-8 = 0.321,8-23-36-33-25-8 = 0.321,8-17-37-29-5 = 0.036,8-17-10-14-37-8 = 0.161,8-19-34-16-8 = 0.304,8-19-36-35-25-8 = 0.357,8-30-34-16-8 = 0.696,8-17-28-10-9-5 = 0.804,5-26-21-32-5 = 0.071,8-19-30-8 = 0.304,5-26-20-13-5 = 0.071,5-11-12-32-13-5 = 0.375,8-23-28-9-8 = 0.036,5-18-22-21-5 = 0.054,8-19-10-14-37-8 = 0.036
168,165,581.176,0.0,7.749,0.0,Prune by CG,,5-26-24-20-5 = 1.0,5-12-27-29-5 = 0.333,5-11-27-14-29-5 = 0.25,5-11-27-10-9-5 = 0.083,5-38-18-31-15-5 = 1.0,5-32-13-5 = 0.667,5-21-22-33-8 = 0.833,8-23-35-25-8 = 0.167,8-23-36-35-8 = 0.25,8-23-36-33-25-8 = 0.167,8-17-37-9-5 = 0.5,8-19-36-35-25-8 = 0.583,8-30-34-16-8 = 1.0,5-11-12-27-14-5 = 0.333,5-11-12-32-13-5 = 0.333,8-23-28-9-8 = 0.417,8-19-10-14-29-5 = 0.417,5-28-22-21-5 = 0.083,8-17-28-10-37-8 = 0.5,5-21-22-25-8 = 0.083
116,52,573.832,3.0,1.045,-3.0,169,170,5-13-5 = 0.6,8-30-8 = 0.2,5-26-24-20-5 = 1.0,5-12-27-29-5 = 0.4,5-11-12-29-5 = 0.4,5-11-12-27-10-5 = 0.2,5-11-27-29-5 = 0.2,5-21-22-33-5 = 0.2,5-38-18-31-15-5 = 1.0,5-32-13-5 = 1.0,5-11-27-14-37-8 = 0.2,5-21-22-33-8 = 0.8,8-17-34-16-8 = 0.2,8-17-10-14-37-8 = 0.8,8-19-36-35-25-8 = 1.0,8-30-34-16-8 = 0.8,8-23-28-9-5 = 1.0
169,116,579.236,0.0,5.404,0.0,Prune by CG,,5-13-5 = 0.5,5-12-29-5 = 0.5,5-26-24-20-5 = 1.0,5-11-12-27-5 = 0.5,5-11-27-29-5 = 0.5,5-38-18-31-15-5 = 1.0,5-32-13-5 = 1.0,5-21-22-33-8 = 1.0,8-17-10-14-37-8 = 1.0,8-19-36-35-25-8 = 1.0,8-30-34-16-8 = 1.0,8-23-28-9-5 = 1.0
145,43,573.564,5.5,0.101,-0.9,171,172,8-30-8 = 0.75,5-26-21-5 = 1.0,5-12-27-29-5 = 0.5,5-11-12-29-5 = 0.5,5-38-18-31-15-5 = 0.5,5-38-18-28-9-5 = 0.5,5-31-15-22-5 = 0.5,5-32-13-5 = 1.0,5-11-27-14-37-8 = 0.5,5-24-35-20-5 = 1.0,8-23-36-33-25-8 = 0.75,8-23-22-33-8 = 0.25,8-17-10-14-37-8 = 0.5,8-19-34-16-8 = 0.75,8-19-36-22-25-8 = 0.25,8-30-34-16-8 = 0.25,8-17-28-10-9-5 = 0.5
133,123,573.408,3.833,0.396,0.056,173,174,5-26-24-20-5 = 1.0,5-12-27-29-5 = 0.583,5-11-12-29-5 = 0.417,5-38-18-31-15-5 = 0.667,5-32-13-5 = 0.667,5-11-27-14-37-8 = 0.25,5-21-35-25-8 = 0.917,8-23-36-21-5 = 0.083,8-23-22-33-5 = 0.083,8-17-10-14-37-8 = 0.75,8-19-22-15-5 = 0.083,8-19-36-35-25-8 = 0.083,8-19-36-22-33-8 = 0.833,8-30-34-16-8 = 1.0,8-17-28-10-9-5 = 0.083,8-17-28-31-15-5 = 0.167,8-23-28-9-5 = 0.667,8-23-33-9-5 = 0.083,8-23-28-15-5 = 0.083,5-11-38-18-32-13-5 = 0.167,5-38-18-31-32-13-5 = 0.167,5-11-27-10-9-8 = 0.167
60,57,573.895,2.0,2.797,-3.0,175,176,5-26-24-20-5 = 1.0,5-12-27-29-5 = 0.5,5-11-27-29-5 = 0.5,5-38-18-28-9-5 = 1.0,5-32-13-5 = 0.5,8-23-35-25-8 = 1.0,8-17-10-14-37-8 = 1.0,8-19-36-22-33-8 = 1.0,8-30-34-16-8 = 1.0,5-11-12-32-13-5 = 0.5,5-31-15-21-5 = 1.0
175,60,589.12,0.0,15.225,0.0,Prune by CG,,5-26-24-20-5 = 1.0,5-11-27-29-5 = 1.0,5-38-18-28-9-5 = 1.0,5-12-32-13-5 = 1.0,8-23-35-25-8 = 1.0,8-17-10-14-37-8 = 1.0,8-19-36-22-33-8 = 1.0,8-30-34-16-8 = 1.0,5-31-15-21-5 = 1.0
167,165,573.444,6.515,0.017,0.158,177,178,5-26-24-20-5 = 0.818,5-12-27-29-5 = 0.5,5-11-12-29-5 = 0.167,5-38-18-31-22-5 = 0.03,5-38-18-31-15-5 = 0.758,5-38-18-28-9-5 = 0.167,5-38-22-21-5 = 0.045,5-31-15-22-5 = 0.212,5-32-13-5 = 0.303,5-32-20-13-5 = 0.091,5-24-21-32-13-5 = 0.182,5-11-27-14-37-8 = 0.5,8-37-14-29-5 = 0.333,5-21-22-33-8 = 0.667,8-23-35-25-8 = 0.333,8-23-36-35-8 = 0.333,8-23-36-33-25-8 = 0.333,8-17-10-14-37-8 = 0.167,8-19-34-16-8 = 0.333,8-19-36-35-25-8 = 0.333,8-30-34-16-8 = 0.667,8-17-28-10-9-5 = 0.833,5-26-21-32-5 = 0.091,8-19-30-8 = 0.333,5-26-20-13-5 = 0.091,5-18-15-22-5 = 0.03,5-11-12-32-13-5 = 0.333,5-18-22-21-5 = 0.015
178,167,579.94,0.0,6.496,0.0,Prune by CG,,8-30-8 = 0.472,5-26-24-20-5 = 0.296,5-12-27-29-5 = 0.389,5-11-12-29-5 = 0.389,5-21-22-33-5 = 0.028,5-38-18-31-22-5 = 0.167,5-38-18-31-15-5 = 0.667,5-32-13-5 = 0.037,5-12-14-37-8 = 0.222,5-24-21-32-13-5 = 0.519,5-11-27-14-37-8 = 0.611,5-21-22-33-8 = 0.194,8-23-35-25-8 = 0.333,8-23-36-35-8 = 0.333,8-23-36-33-25-8 = 0.333,8-19-34-16-8 = 0.472,8-19-36-35-25-8 = 0.333,8-30-34-16-8 = 0.528,8-17-28-10-9-5 = 0.806,8-17-28-31-15-5 = 0.167,5-26-21-32-5 = 0.259,5-22-33-20-5 = 0.444,5-26-20-13-5 = 0.259,5-26-24-32-13-5 = 0.185,5-18-15-22-5 = 0.167,8-19-9-29-5 = 0.194,8-17-28-10-29-5 = 0.028,5-38-10-14-37-8 = 0.167
128,113,573.449,5.455,0.835,0.205,179,180,5-12-27-29-5 = 0.364,5-11-12-29-5 = 0.364,5-38-18-31-9-5 = 0.182,5-38-18-31-15-5 = 0.818,5-32-13-5 = 0.364,5-12-14-37-8 = 0.273,5-26-22-33-8 = 0.364,5-26-32-13-5 = 0.636,5-11-27-14-37-8 = 0.636,8-37-14-29-5 = 0.091,5-21-35-25-8 = 0.364,5-21-22-33-8 = 0.455,8-23-36-21-5 = 0.182,8-19-34-16-8 = 0.091,8-19-36-35-25-8 = 0.636,8-19-36-24-20-5 = 0.182,8-30-34-16-8 = 0.909,8-17-28-10-9-5 = 0.818,8-19-30-8 = 0.091,8-23-24-20-5 = 0.818,8-17-28-10-29-5 = 0.182,5-15-22-33-8 = 0.182
80,65,573.652,6.0,1.752,-0.625,181,182,8-30-8 = 0.8,5-26-24-20-5 = 0.8,5-12-27-29-5 = 0.4,5-11-12-29-5 = 0.4,5-11-12-27-5 = 0.2,5-11-27-14-29-5 = 0.2,5-11-27-10-9-5 = 0.2,5-38-18-31-15-5 = 0.4,5-38-18-28-9-5 = 0.6,5-31-15-22-5 = 0.2,5-32-13-5 = 1.0,5-26-21-33-8 = 0.2,5-21-35-25-8 = 0.6,8-23-36-22-5 = 0.8,8-17-37-9-5 = 0.2,8-17-10-14-37-8 = 0.8,8-19-34-16-8 = 0.6,8-19-36-35-25-8 = 0.2,8-34-16-8 = 0.4,8-23-19-30-8 = 0.2,5-24-35-33-25-8 = 0.2,5-28-31-15-33-5 = 0.4,5-21-33-20-5 = 0.2
182,80,579.465,0.0,5.813,0.0,Prune by CG,,8-30-8 = 0.667,5-12-27-29-5 = 0.333,5-11-12-29-5 = 0.333,5-11-12-27-5 = 0.333,5-11-27-29-5 = 0.333,5-38-18-28-9-5 = 1.0,5-31-15-22-5 = 1.0,5-32-13-5 = 1.0,5-26-21-33-8 = 0.333,5-24-21-20-5 = 0.667,8-17-10-14-37-8 = 1.0,8-19-36-35-25-8 = 1.0,8-34-16-8 = 0.667,8-30-34-16-8 = 0.333,8-23-24-20-5 = 0.333,5-26-23-33-5 = 0.667
87,51,573.617,5.667,1.274,-0.008,183,184,8-30-8 = 0.833,5-15-22-33-5 = 0.033,5-26-36-22-5 = 0.167,5-26-20-5 = 0.6,5-26-24-20-5 = 0.233,5-12-27-29-5 = 0.467,5-11-12-29-5 = 0.467,5-21-22-33-5 = 0.1,5-38-18-31-15-5 = 0.967,5-31-10-14-29-5 = 0.033,5-32-13-5 = 1.0,5-12-14-37-8 = 0.067,5-11-27-14-37-8 = 0.533,5-21-22-33-8 = 0.267,8-23-36-21-5 = 0.633,8-23-36-22-5 = 0.033,8-17-37-14-5 = 0.067,8-17-37-29-5 = 0.033,8-17-10-14-37-8 = 0.233,8-19-34-16-8 = 0.833,8-19-36-24-20-5 = 0.167,8-30-34-16-8 = 0.167,8-17-28-10-9-5 = 0.667,8-23-28-9-5 = 0.333,5-22-35-25-8 = 0.4,5-38-10-14-37-8 = 0.033,5-24-35-33-25-8 = 0.6,5-18-10-14-37-8 = 0.033
184,87,583.186,0.0,9.569,0.0,Prune by CG,,8-30-8 = 0.958,5-26-20-5 = 0.167,5-26-24-20-5 = 0.583,5-12-27-29-5 = 0.25,5-11-12-29-5 = 0.25,5-11-27-14-29-5 = 0.25,5-38-18-31-15-5 = 0.917,5-31-10-14-29-5 = 0.083,5-32-13-5 = 1.0,5-21-22-33-8 = 0.375,8-23-36-21-5 = 0.417,8-23-36-22-5 = 0.167,8-17-37-9-5 = 0.417,8-19-34-16-8 = 0.958,8-19-36-24-20-5 = 0.042,8-30-34-16-8 = 0.042,8-23-28-9-5 = 0.417,5-11-12-27-14-5 = 0.5,5-36-21-20-5 = 0.208,5-22-35-25-8 = 0.375,5-15-22-33-8 = 0.083,5-38-10-14-29-5 = 0.083,5-18-10-14-29-5 = 0.083,5-24-35-33-25-8 = 0.375,5-36-33-10-9-5 = 0.167,8-17-28-10-37-8 = 0.583,5-26-35-25-8 = 0.25
59,57,573.41,6.562,2.312,1.562,185,186,8-30-8 = 0.156,5-26-24-20-5 = 0.75,5-12-27-29-5 = 0.5,5-11-12-29-5 = 0.375,5-38-18-31-15-5 = 0.75,5-38-18-28-9-5 = 0.25,5-32-13-5 = 0.375,5-32-20-13-5 = 0.125,5-24-21-32-13-5 = 0.25,5-11-27-14-37-8 = 0.5,5-28-10-14-37-8 = 0.125,5-21-35-25-8 = 0.375,8-23-35-25-8 = 0.531,8-23-36-35-8 = 0.094,8-23-36-22-8 = 0.094,8-23-36-33-25-8 = 0.094,8-23-22-33-8 = 0.188,8-17-37-14-5 = 0.125,8-17-37-9-5 = 0.125,8-19-34-16-8 = 0.156,8-19-36-22-33-8 = 0.719,8-30-34-16-8 = 0.844,8-17-28-10-9-5 = 0.625,5-26-21-32-5 = 0.125,5-26-20-13-5 = 0.125,8-17-10-14-29-5 = 0.125,5-11-12-32-13-5 = 0.125,5-31-15-21-5 = 0.25,8-19-10-14-37-8 = 0.125
186,59,581.87,0.0,8.46,0.0,Prune by CG,,8-30-8 = 0.275,5-26-24-20-5 = 0.8,5-12-27-29-5 = 0.333,5-11-27-14-29-5 = 0.333,5-38-18-31-15-5 = 0.467,5-38-18-28-9-5 = 0.133,5-18-28-10-9-5 = 0.267,5-18-28-31-15-5 = 0.133,5-32-13-5 = 0.267,5-32-20-13-5 = 0.1,5-24-21-32-13-5 = 0.2,5-21-35-25-8 = 0.367,8-23-35-25-8 = 0.542,8-23-36-35-8 = 0.092,8-23-36-22-8 = 0.092,8-23-36-33-25-8 = 0.092,8-23-22-33-8 = 0.183,8-17-37-9-5 = 0.6,8-19-34-16-8 = 0.275,8-19-36-22-33-8 = 0.725,8-30-34-16-8 = 0.725,8-17-28-31-15-5 = 0.067,5-26-21-32-5 = 0.1,5-11-12-27-14-5 = 0.1,5-11-12-27-14-8 = 0.233,5-26-20-13-5 = 0.1,8-17-10-14-29-5 = 0.333,5-11-12-32-13-5 = 0.333,5-31-15-21-5 = 0.333,5-38-28-10-37-8 = 0.4
185,59,573.621,5.875,0.211,-0.688,187,188,8-30-8 = 0.031,5-26-24-20-5 = 0.75,5-12-27-29-5 = 0.5,5-11-12-29-5 = 0.5,5-38-18-31-15-5 = 0.875,5-38-18-28-9-5 = 0.125,5-32-13-5 = 0.5,5-32-20-13-5 = 0.125,5-24-21-32-13-5 = 0.25,5-11-27-14-37-8 = 0.5,5-21-35-25-8 = 0.5,8-23-35-25-8 = 0.406,8-23-36-35-8 = 0.094,8-23-36-22-8 = 0.094,8-23-36-33-25-8 = 0.094,8-23-22-33-8 = 0.188,8-17-37-14-5 = 0.25,8-19-34-16-8 = 0.031,8-19-36-22-33-8 = 0.719,8-30-34-16-8 = 0.969,8-17-28-10-9-5 = 0.75,5-26-21-32-5 = 0.125,5-26-20-13-5 = 0.125,8-23-28-9-8 = 0.125,5-31-15-21-5 = 0.125,8-19-10-14-37-8 = 0.25
183,87,573.55,6.333,-0.068,0.667,189,190,8-30-8 = 0.833,5-26-20-5 = 0.417,5-26-24-20-5 = 0.333,5-12-27-29-5 = 0.5,5-11-12-29-5 = 0.5,5-38-18-31-15-5 = 0.917,5-31-10-37-14-5 = 0.083,5-32-13-5 = 1.0,5-11-27-14-37-8 = 0.5,5-21-22-33-8 = 0.417,8-23-36-21-5 = 0.5,8-23-36-22-5 = 0.25,8-17-37-14-5 = 0.25,8-19-34-16-8 = 0.833,8-19-36-24-20-5 = 0.167,8-30-34-16-8 = 0.167,8-17-28-10-9-5 = 0.75,8-23-28-9-5 = 0.25,5-36-21-20-5 = 0.083,5-22-35-25-8 = 0.25,5-15-22-33-8 = 0.083,5-38-10-14-37-8 = 0.083,5-24-35-33-25-8 = 0.5,5-18-10-14-37-8 = 0.083,5-26-35-25-8 = 0.25
190,183,579.862,0.0,6.313,0.0,Prune by CG,,8-30-8 = 0.667,5-26-20-5 = 0.667,5-12-27-29-5 = 0.333,5-11-12-29-5 = 0.333,5-11-12-27-5 = 0.333,5-11-27-29-5 = 0.333,5-38-18-31-15-5 = 1.0,5-32-13-5 = 1.0,5-21-22-33-8 = 0.333,8-17-10-14-37-8 = 1.0,8-19-34-16-8 = 0.667,8-19-36-24-20-5 = 0.333,8-30-34-16-8 = 0.333,8-23-28-9-5 = 1.0,5-36-22-21-5 = 0.667,5-24-35-33-25-8 = 0.667,5-26-35-25-8 = 0.333
171,145,573.709,5.25,0.145,-0.25,191,192,8-30-8 = 0.975,5-26-21-5 = 0.615,5-12-27-29-5 = 0.5,5-11-12-29-5 = 0.5,5-38-18-31-22-5 = 0.18,5-38-18-31-15-5 = 0.23,5-38-18-28-9-5 = 0.5,5-38-15-22-5 = 0.09,5-31-15-22-5 = 0.59,5-32-13-5 = 0.82,5-26-32-13-5 = 0.025,5-11-27-14-37-8 = 0.5,5-24-35-20-5 = 1.0,8-23-36-33-16-8 = 0.025,8-23-36-33-25-8 = 0.95,8-23-19-34-8 = 0.025,8-17-10-14-37-8 = 0.5,8-19-34-16-8 = 0.925,8-19-22-21-5 = 0.025,8-19-36-22-33-5 = 0.025,8-34-16-8 = 0.025,8-30-34-16-8 = 0.025,8-17-28-10-9-5 = 0.5,5-26-21-32-5 = 0.155,5-18-15-22-5 = 0.09,5-26-21-13-5 = 0.155,5-26-21-25-8 = 0.05
192,171,573.775,5.25,0.066,-0.0,193,194,8-30-8 = 0.975,5-26-21-5 = 0.61,5-12-27-29-5 = 0.5,5-11-12-29-5 = 0.5,5-38-18-31-22-5 = 0.195,5-38-18-31-15-5 = 0.22,5-38-18-28-9-5 = 0.5,5-38-15-22-5 = 0.085,5-31-15-22-5 = 0.585,5-32-13-5 = 0.83,5-11-27-14-37-8 = 0.5,5-24-35-20-5 = 1.0,8-23-36-33-16-8 = 0.025,8-23-36-33-25-8 = 0.95,8-23-19-34-8 = 0.025,8-17-10-14-37-8 = 0.5,8-19-34-16-8 = 0.925,8-19-22-15-5 = 0.025,8-19-36-22-33-5 = 0.025,8-34-16-8 = 0.025,8-30-34-16-8 = 0.025,8-17-28-10-9-5 = 0.5,5-26-21-32-5 = 0.17,5-18-15-22-5 = 0.085,5-26-21-13-5 = 0.17,5-26-21-25-8 = 0.05
194,192,578.84,0.0,5.064,0.0,Prune by CG,,8-30-8 = 0.5,5-15-10-9-5 = 0.5,5-26-21-5 = 0.5,5-12-27-29-5 = 0.5,5-11-12-29-5 = 0.5,5-38-18-31-15-5 = 0.5,5-38-18-28-9-5 = 0.5,5-32-13-5 = 1.0,5-11-27-14-37-8 = 0.5,5-24-35-20-5 = 1.0,8-23-36-33-25-8 = 0.5,8-17-10-14-37-8 = 0.5,8-19-36-22-33-5 = 0.5,8-34-16-8 = 1.0,8-17-28-31-22-5 = 0.5,8-23-19-30-8 = 0.5,5-26-21-25-8 = 0.5
193,192,573.796,5.05,0.021,-0.2,195,196,8-30-8 = 0.975,5-26-21-5 = 0.625,5-26-24-21-5 = 0.025,5-12-27-29-5 = 0.5,5-11-12-29-5 = 0.5,5-38-18-31-22-5 = 0.2,5-38-18-31-15-5 = 0.2,5-38-18-28-9-5 = 0.5,5-38-15-22-5 = 0.1,5-31-15-22-5 = 0.6,5-32-13-5 = 0.825,5-11-27-14-37-8 = 0.5,5-24-35-20-5 = 0.975,8-23-36-33-25-8 = 1.0,8-17-10-14-37-8 = 0.5,8-19-35-20-5 = 0.025,8-19-34-16-8 = 0.975,8-30-34-16-8 = 0.025,8-17-28-10-9-5 = 0.475,5-26-21-32-5 = 0.175,5-18-15-22-5 = 0.1,5-26-21-13-5 = 0.175,8-17-28-10-9-8 = 0.025
196,193,581.04,0.0,7.244,0.0,Prune by CG,,8-30-8 = 0.8,5-26-21-5 = 0.8,5-26-24-21-5 = 0.2,5-12-27-29-5 = 0.4,5-11-12-29-5 = 0.4,5-11-27-14-29-5 = 0.2,5-38-18-31-22-5 = 0.4,5-38-18-31-15-5 = 0.4,5-38-15-22-5 = 0.2,5-31-15-22-5 = 0.2,5-32-13-5 = 1.0,5-11-27-14-37-8 = 0.2,5-28-10-14-37-8 = 0.4,5-24-35-20-5 = 0.8,8-23-36-33-25-8 = 1.0,8-17-37-9-5 = 0.4,8-19-35-20-5 = 0.2,8-19-34-16-8 = 0.8,8-30-34-16-8 = 0.2,5-11-12-27-14-5 = 0.2,5-18-15-22-5 = 0.2,8-17-28-10-9-8 = 0.6
64,22,573.663,6.333,2.42,0.711,197,198,8-30-8 = 0.867,5-26-24-20-5 = 1.0,5-12-27-29-5 = 0.475,5-11-12-29-5 = 0.475,5-11-12-27-5 = 0.05,5-11-27-29-5 = 0.05,5-11-27-10-9-5 = 0.125,5-38-18-31-15-5 = 0.475,5-38-18-28-9-5 = 0.35,5-38-28-31-15-5 = 0.175,5-31-15-22-5 = 0.35,5-18-28-10-9-5 = 0.175,5-32-13-5 = 1.0,5-11-27-14-37-8 = 0.3,5-21-35-25-8 = 0.7,8-23-36-22-5 = 0.35,8-17-10-14-37-8 = 0.7,8-19-35-33-25-8 = 0.083,8-19-34-16-8 = 0.567,8-19-36-35-33-8 = 0.133,8-19-36-35-25-8 = 0.083,8-19-36-33-25-8 = 0.133,8-34-16-8 = 0.3,8-30-34-16-8 = 0.133,8-23-33-9-5 = 0.35,8-17-23-36-33-5 = 0.3,5-28-22-21-5 = 0.3
198,64,579.463,0.0,5.8,0.0,Prune by CG,,5-13-5 = 0.02,8-30-8 = 0.734,5-32-5 = 0.02,8-34-8 = 0.25,5-26-24-20-5 = 1.0,5-12-27-29-5 = 0.5,5-38-18-31-15-5 = 0.508,5-38-18-28-9-5 = 0.48,5-38-28-31-15-5 = 0.012,5-31-15-22-5 = 0.468,5-18-28-31-15-5 = 0.012,5-32-13-5 = 0.98,5-11-27-14-37-8 = 0.5,5-21-35-25-8 = 0.504,8-23-36-22-5 = 0.036,8-23-36-33-5 = 0.198,8-17-37-29-5 = 0.25,8-17-10-14-37-8 = 0.25,8-19-34-8 = 0.25,8-19-34-16-8 = 0.234,8-19-36-35-33-8 = 0.016,8-19-36-35-25-8 = 0.48,8-19-36-33-9-5 = 0.004,8-19-36-33-25-8 = 0.016,8-30-34-16-8 = 0.266,8-23-33-9-5 = 0.516,8-17-23-36-33-5 = 0.25,8-17-10-14-29-5 = 0.25,5-28-22-21-5 = 0.496,5-11-12-10-16-8 = 0.5
132,130,573.908,6.154,1.073,-0.653,199,200,5-26-5 = 0.033,8-30-8 = 0.807,5-26-24-20-5 = 0.967,5-12-27-29-5 = 0.5,5-11-12-29-5 = 0.5,5-11-27-10-9-5 = 0.25,5-38-18-31-15-5 = 0.625,5-38-28-10-9-5 = 0.375,5-31-15-22-5 = 0.318,5-18-28-10-9-5 = 0.375,5-32-13-5 = 1.0,5-11-27-14-37-8 = 0.25,5-21-35-25-8 = 0.774,5-24-21-20-5 = 0.033,8-23-36-33-16-8 = 0.444,8-23-36-33-25-8 = 0.113,8-23-19-34-8 = 0.444,8-17-37-14-5 = 0.75,8-19-22-21-5 = 0.193,8-19-36-35-33-8 = 0.033,8-19-36-35-25-8 = 0.113,8-19-36-22-33-8 = 0.218,8-34-16-8 = 0.364,8-30-34-16-8 = 0.193,8-17-28-22-33-5 = 0.024,8-17-28-22-33-8 = 0.169,8-17-28-31-15-5 = 0.057,8-36-22-35-8 = 0.08
85,84,573.872,3.0,1.794,-0.4,201,202,5-26-24-20-5 = 1.0,5-12-27-29-5 = 0.444,5-11-12-29-5 = 0.333,5-11-27-14-29-5 = 0.222,5-11-27-10-9-5 = 0.111,5-11-12-27-13-5 = 0.222,5-38-18-31-15-5 = 0.889,5-32-13-5 = 0.667,5-21-22-33-8 = 0.889,8-23-21-32-5 = 0.111,8-17-37-9-8 = 0.111,8-17-10-14-37-8 = 0.778,8-19-36-35-25-8 = 1.0,8-30-34-16-8 = 1.0,8-23-28-9-5 = 0.778,8-23-28-31-32-5 = 0.111,5-11-38-18-32-13-5 = 0.111,5-15-22-33-8 = 0.111,8-17-28-10-37-8 = 0.111
202,85,581.396,0.0,7.525,0.0,Prune by CG,,8-30-8 = 0.5,5-26-24-20-5 = 1.0,5-12-27-29-5 = 0.5,5-11-12-29-5 = 0.5,5-11-27-14-37-5 = 0.25,5-11-27-10-9-5 = 0.25,5-21-22-33-5 = 0.125,5-38-18-31-15-5 = 0.5,5-38-18-28-9-5 = 0.375,5-18-31-22-33-5 = 0.125,5-21-35-25-8 = 0.625,5-21-22-33-8 = 0.125,8-17-10-14-37-8 = 0.75,8-19-34-16-8 = 0.5,8-19-36-35-25-8 = 0.375,8-30-34-16-8 = 0.5,8-23-28-9-5 = 0.375,5-15-22-33-8 = 0.5,5-38-31-22-33-8 = 0.125,8-17-28-31-32-13-5 = 0.25,8-23-36-32-13-5 = 0.625,8-19-21-32-13-5 = 0.125
181,80,574.033,4.611,0.381,-1.389,203,204,8-30-8 = 0.975,5-15-33-20-5 = 0.026,5-26-24-20-5 = 0.77,5-12-27-29-5 = 0.411,5-11-12-29-5 = 0.384,5-11-12-27-5 = 0.179,5-11-27-14-29-5 = 0.205,5-11-27-10-9-5 = 0.205,5-38-18-31-15-5 = 0.359,5-38-18-28-9-5 = 0.589,5-31-15-22-5 = 0.128,5-32-13-5 = 0.974,5-26-21-33-8 = 0.23,5-21-35-25-8 = 0.77,8-23-36-22-5 = 0.847,8-23-36-20-5 = 0.153,8-17-37-9-5 = 0.205,8-17-10-14-37-8 = 0.795,8-19-34-16-8 = 0.975,8-19-22-20-5 = 0.025,8-30-34-16-8 = 0.025,5-11-12-32-13-5 = 0.026,5-24-35-33-25-8 = 0.23,5-28-31-15-33-5 = 0.411,5-38-31-15-33-5 = 0.025,5-18-31-15-33-5 = 0.051,5-38-31-33-20-5 = 0.026
195,193,573.843,5.175,0.047,0.125,205,206,8-30-8 = 0.975,5-26-21-5 = 0.612,5-26-24-21-5 = 0.025,5-12-27-29-5 = 0.5,5-11-12-29-5 = 0.5,5-38-18-31-22-5 = 0.2,5-38-18-31-15-5 = 0.2,5-38-18-28-9-5 = 0.5,5-38-15-22-5 = 0.1,5-31-15-22-5 = 0.6,5-32-13-5 = 0.825,5-26-32-13-5 = 0.013,5-11-27-14-37-8 = 0.5,5-24-35-20-5 = 0.975,8-23-36-33-16-8 = 0.012,8-23-36-33-25-8 = 0.975,8-23-19-34-8 = 0.012,8-17-10-14-37-8 = 0.5,8-19-35-20-5 = 0.025,8-19-34-16-8 = 0.95,8-19-36-21-33-8 = 0.012,8-34-16-8 = 0.013,8-30-34-16-8 = 0.025,8-17-28-10-9-5 = 0.5,5-26-21-32-5 = 0.163,5-18-15-22-5 = 0.1,5-26-21-13-5 = 0.163,5-26-21-25-8 = 0.025
206,195,580.83,0.0,6.987,0.0,Prune by CG,,5-26-5 = 0.05,8-30-8 = 0.975,5-12-27-29-5 = 0.5,5-11-12-29-5 = 0.5,5-38-18-31-21-5 = 0.333,5-38-18-28-9-5 = 0.5,5-31-15-22-5 = 0.217,5-32-13-5 = 0.667,5-26-32-13-5 = 0.333,5-11-27-14-37-8 = 0.5,5-24-35-20-5 = 1.0,8-23-21-33-8 = 0.025,8-23-36-33-25-8 = 0.975,8-17-10-14-37-8 = 0.5,8-19-34-16-8 = 0.975,8-19-36-21-25-8 = 0.025,8-30-34-16-8 = 0.025,8-17-28-10-9-5 = 0.5,5-18-15-22-5 = 0.167,5-31-15-21-5 = 0.45,5-38-15-21-5 = 0.167,5-26-22-5 = 0.617
205,195,573.855,5.05,0.012,-0.125,207,208,8-30-8 = 0.975,5-26-21-5 = 0.625,5-26-24-21-5 = 0.025,5-12-27-29-5 = 0.5,5-11-12-29-5 = 0.5,5-38-18-31-22-5 = 0.175,5-38-18-31-15-5 = 0.2,5-38-18-28-9-5 = 0.475,5-38-18-28-22-5 = 0.025,5-38-15-22-5 = 0.1,5-31-15-22-5 = 0.6,5-32-13-5 = 0.825,5-11-27-14-37-8 = 0.5,5-24-35-20-5 = 0.975,8-23-36-33-25-8 = 1.0,8-17-10-14-37-8 = 0.5,8-19-35-20-5 = 0.025,8-19-34-16-8 = 0.975,8-30-34-16-8 = 0.025,8-17-28-10-9-5 = 0.5,5-26-21-32-5 = 0.175,5-18-15-22-5 = 0.1,5-26-21-13-5 = 0.175,5-38-18-31-9-8 = 0.025
207,205,579.477,0.0,5.622,0.0,Prune by CG,,8-30-8 = 0.912,5-26-21-5 = 0.712,5-12-27-29-5 = 0.412,5-11-12-29-5 = 0.412,5-38-18-31-22-5 = 0.335,5-38-18-31-15-5 = 0.276,5-38-15-22-5 = 0.124,5-31-15-22-5 = 0.241,5-32-13-5 = 0.871,5-12-14-37-8 = 0.176,5-11-27-14-37-8 = 0.588,5-24-35-20-5 = 1.0,8-23-36-33-25-8 = 0.971,8-17-37-29-5 = 0.059,8-19-34-16-8 = 0.941,8-19-36-33-9-8 = 0.029,8-30-34-16-8 = 0.059,8-17-28-10-9-5 = 0.824,8-17-28-31-15-5 = 0.059,5-26-21-32-5 = 0.129,8-23-19-30-8 = 0.029,5-18-15-22-5 = 0.3,8-28-9-29-5 = 0.059,5-26-21-13-5 = 0.129,5-38-18-31-9-8 = 0.088,5-38-10-14-37-8 = 0.176,8-17-28-14-29-5 = 0.059,5-26-21-25-8 = 0.029
110,75,574.381,2.0,2.01,-3.0,209,210,5-26-28-9-5 = 1.0,5-12-27-29-5 = 0.5,5-11-27-29-5 = 0.5,5-38-18-31-15-5 = 1.0,5-32-13-5 = 0.5,5-21-22-33-8 = 1.0,8-17-10-14-37-8 = 1.0,8-19-36-35-25-8 = 1.0,8-30-34-16-8 = 1.0,8-23-24-20-5 = 1.0,5-11-12-32-13-5 = 0.5
209,110,589.606,0.0,15.225,0.0,Prune by CG,,5-26-28-9-5 = 1.0,5-11-27-29-5 = 1.0,5-38-18-31-15-5 = 1.0,5-12-32-13-5 = 1.0,5-21-22-33-8 = 1.0,8-17-10-14-37-8 = 1.0,8-19-36-35-25-8 = 1.0,8-30-34-16-8 = 1.0,8-23-24-20-5 = 1.0
28,16,574.086,5.5,4.779,-1.02,211,212,8-30-8 = 0.875,5-15-22-33-5 = 0.125,5-26-22-33-5 = 0.125,5-26-24-20-5 = 0.875,5-12-27-29-5 = 0.375,5-11-12-29-5 = 0.375,5-11-12-27-5 = 0.25,5-11-27-14-29-5 = 0.125,5-11-27-10-9-5 = 0.125,5-38-18-28-9-5 = 0.5,5-38-18-28-15-5 = 0.125,5-32-13-5 = 1.0,5-11-27-14-37-8 = 0.125,5-31-10-14-37-8 = 0.25,5-21-35-25-8 = 0.875,8-23-36-21-5 = 0.125,8-23-36-22-5 = 0.75,8-17-37-14-5 = 0.25,8-17-37-29-5 = 0.125,8-17-10-37-14-5 = 0.25,8-19-34-16-8 = 0.875,8-19-36-35-25-8 = 0.125,8-30-34-16-8 = 0.125,8-17-28-10-9-5 = 0.375,8-23-24-20-5 = 0.125,5-18-31-15-33-8 = 0.375,5-38-31-15-33-8 = 0.375
211,28,583.187,0.0,9.101,0.0,Prune by CG,,8-30-8 = 0.882,5-26-21-5 = 0.1,5-26-24-35-5 = 0.068,5-26-24-20-5 = 0.832,5-12-27-29-5 = 0.745,5-11-17-37-14-5 = 0.373,5-38-18-28-9-5 = 0.305,5-32-13-5 = 1.0,5-11-27-14-37-8 = 0.255,5-21-35-25-8 = 0.695,8-23-36-21-5 = 0.205,8-23-36-22-5 = 0.627,8-19-35-20-5 = 0.068,8-19-34-16-8 = 0.509,8-19-22-15-5 = 0.255,8-19-36-35-25-8 = 0.168,8-34-16-8 = 0.373,8-30-34-16-8 = 0.118,8-17-28-10-9-5 = 0.627,8-23-28-9-5 = 0.068,8-23-24-20-5 = 0.1,5-18-31-15-33-8 = 0.559,5-38-18-31-33-25-8 = 0.136,5-38-31-15-33-8 = 0.186,5-38-31-22-33-8 = 0.118,5-38-12-29-5 = 0.255,5-11-10-37-14-5 = 0.373
154,141,573.974,4.0,0.496,-0.077,213,214,5-12-27-29-5 = 0.333,5-11-12-29-5 = 0.333,5-11-12-27-5 = 0.333,5-11-27-29-5 = 0.333,5-38-18-31-15-5 = 0.667,5-38-18-28-9-5 = 0.167,5-32-13-5 = 0.167,5-26-22-33-8 = 0.333,5-26-32-13-5 = 0.667,5-21-20-5 = 0.167,5-24-21-20-5 = 0.833,8-17-10-14-37-8 = 1.0,8-19-36-35-25-8 = 1.0,8-30-34-16-8 = 1.0,8-23-28-9-5 = 0.833,8-23-24-32-13-5 = 0.167,5-15-22-33-8 = 0.333,5-18-31-22-33-8 = 0.167,5-38-31-22-33-8 = 0.167
213,154,578.634,0.0,4.659,0.0,Prune by CG,,8-30-8 = 0.083,5-12-27-29-5 = 0.5,5-11-12-29-5 = 0.25,5-11-12-27-5 = 0.25,5-11-27-29-5 = 0.25,5-11-38-18-15-5 = 0.25,5-38-18-28-9-5 = 0.083,5-38-18-28-15-5 = 0.083,5-31-15-22-5 = 0.333,5-32-13-5 = 0.083,5-26-32-13-5 = 0.917,5-24-21-20-5 = 1.0,8-23-36-15-5 = 0.083,8-17-10-14-37-8 = 1.0,8-19-34-16-8 = 0.083,8-19-36-35-25-8 = 0.917,8-30-34-16-8 = 0.917,8-23-28-9-5 = 0.833,8-23-33-9-5 = 0.083,5-18-31-22-33-8 = 0.333,5-38-18-15-33-8 = 0.25,5-38-31-22-33-8 = 0.333,5-26-35-25-8 = 0.083
139,137,574.042,2.875,0.961,-0.525,215,216,5-26-5 = 0.062,8-30-8 = 0.063,5-12-27-29-5 = 0.375,5-11-12-29-5 = 0.375,5-38-18-31-15-5 = 1.0,5-28-9-29-5 = 0.125,5-32-13-5 = 0.25,5-12-14-37-8 = 0.25,5-26-32-13-5 = 0.75,5-11-27-14-37-8 = 0.625,5-24-21-20-5 = 1.0,8-23-35-25-8 = 0.938,8-23-36-22-5 = 0.062,8-19-36-22-33-8 = 0.938,8-34-16-8 = 0.063,8-30-34-16-8 = 0.937,8-17-28-10-9-5 = 0.875,8-19-10-14-29-5 = 0.062,5-26-35-25-8 = 0.062,5-26-17-37-8 = 0.125,8-33-10-14-29-5 = 0.062
216,139,589.787,0.0,15.745,0.0,Prune by CG,,8-30-8 = 0.077,5-26-28-9-5 = 0.077,5-11-27-14-29-5 = 0.615,5-38-18-31-15-5 = 0.923,5-38-18-28-9-5 = 0.077,5-32-13-5 = 0.308,5-26-32-13-5 = 0.692,5-24-21-20-5 = 1.0,8-23-35-25-8 = 0.923,8-23-36-22-5 = 0.077,8-19-36-22-33-8 = 0.923,8-34-16-8 = 0.077,8-30-34-16-8 = 0.923,8-17-28-10-9-5 = 0.846,8-19-10-14-29-5 = 0.077,5-11-12-37-8 = 0.385,5-26-35-25-8 = 0.077,5-26-17-37-8 = 0.154,8-33-10-14-29-5 = 0.077,5-12-27-37-8 = 0.385,5-31-15-37-8 = 0.077,5-12-14-29-5 = 0.231
94,91,573.777,7.0,1.584,1.333,217,218,5-13-5 = 0.5,8-30-8 = 0.333,5-32-5 = 0.5,5-26-36-21-5 = 0.167,5-26-24-20-5 = 0.833,5-12-27-29-5 = 0.5,5-11-12-29-5 = 0.5,5-38-18-31-15-5 = 1.0,5-32-13-5 = 0.5,5-11-27-14-37-8 = 0.5,5-21-35-25-8 = 0.833,5-36-35-25-8 = 0.167,8-23-22-33-5 = 0.333,8-17-10-14-37-8 = 0.5,8-19-34-16-8 = 0.333,8-19-36-22-33-8 = 0.667,8-30-34-16-8 = 0.667,8-17-28-10-9-5 = 0.5,8-23-28-9-5 = 0.5,8-23-24-20-5 = 0.167
217,94,578.107,0.0,4.33,0.0,Prune by CG,,8-30-8 = 0.857,5-15-10-9-5 = 0.071,5-26-36-21-5 = 0.286,5-26-24-20-5 = 0.571,5-12-27-29-5 = 0.5,5-11-12-29-5 = 0.5,5-38-18-31-9-5 = 0.071,5-38-18-31-15-5 = 0.857,5-31-15-9-5 = 0.071,5-32-13-5 = 1.0,5-11-27-14-37-8 = 0.5,5-21-35-25-8 = 0.286,5-24-21-20-5 = 0.429,5-36-35-25-8 = 0.571,8-23-22-33-5 = 0.643,8-17-10-14-37-8 = 0.357,8-19-34-16-8 = 0.857,8-19-22-33-25-8 = 0.143,8-30-34-16-8 = 0.143,8-17-28-22-33-5 = 0.214,8-17-28-10-9-5 = 0.429,8-23-28-9-5 = 0.357,5-38-10-14-37-8 = 0.071,5-18-10-14-37-8 = 0.071,5-26-36-35-8 = 0.143
218,94,573.969,5.0,0.192,-2.0,219,220,5-13-5 = 0.5,5-26-5 = 0.5,5-26-24-20-5 = 0.5,5-12-27-29-5 = 0.5,5-11-12-29-5 = 0.5,5-38-18-31-15-5 = 1.0,5-32-13-5 = 1.0,5-11-27-14-37-8 = 0.5,5-21-35-25-8 = 1.0,8-17-10-14-37-8 = 0.5,8-19-36-22-33-8 = 1.0,8-30-34-16-8 = 1.0,8-17-28-10-9-5 = 0.5,8-23-28-9-5 = 0.5,8-23-24-20-5 = 0.5
148,50,573.831,7.286,0.465,1.086,221,222,8-30-8 = 0.857,5-26-21-5 = 0.071,5-26-24-20-5 = 0.5,5-12-27-29-5 = 0.31,5-11-12-29-5 = 0.31,5-11-12-27-5 = 0.381,5-11-27-14-29-5 = 0.31,5-21-22-33-5 = 0.429,5-38-18-31-15-5 = 0.333,5-38-18-28-9-5 = 0.333,5-38-28-10-9-5 = 0.333,5-31-15-22-5 = 0.429,5-18-28-10-9-5 = 0.095,5-18-28-31-15-5 = 0.238,5-32-13-5 = 1.0,5-24-21-20-5 = 0.5,8-23-35-25-8 = 0.571,8-23-36-35-8 = 0.429,8-17-37-14-5 = 0.119,8-17-37-9-5 = 0.238,8-17-37-29-5 = 0.071,8-17-10-14-37-8 = 0.571,8-19-34-16-8 = 0.857,8-19-36-22-33-8 = 0.143,8-30-34-16-8 = 0.143,5-26-36-33-25-8 = 0.429
179,128,574.354,3.6,0.905,-1.855,223,224,5-26-21-5 = 0.2,5-12-27-29-5 = 0.4,5-11-12-29-5 = 0.4,5-38-18-31-15-5 = 0.9,5-31-9-29-5 = 0.1,5-32-13-5 = 0.3,5-12-14-37-8 = 0.2,5-26-22-33-8 = 0.1,5-26-32-13-5 = 0.7,5-11-27-14-37-8 = 0.6,5-21-22-33-8 = 0.8,8-19-36-35-25-8 = 1.0,8-30-34-16-8 = 1.0,8-17-28-10-9-5 = 0.7,8-23-24-20-5 = 1.0,8-17-28-9-5 = 0.2,8-17-28-10-29-5 = 0.1,5-15-22-33-8 = 0.1,5-38-10-14-37-8 = 0.1,5-18-10-14-37-8 = 0.1
224,179,583.735,0.0,9.381,0.0,Prune by CG,,5-26-21-5 = 0.667,5-38-18-31-9-5 = 0.667,5-38-18-31-15-5 = 0.333,5-32-13-5 = 0.333,5-12-14-37-8 = 0.333,5-26-32-13-5 = 0.333,5-11-27-14-37-8 = 0.667,5-21-22-33-8 = 0.333,8-19-36-35-25-8 = 1.0,8-30-34-16-8 = 1.0,8-23-24-20-5 = 1.0,5-11-12-32-13-5 = 0.333,8-17-28-10-29-5 = 1.0,5-15-22-33-8 = 0.667,5-12-27-9-5 = 0.333
156,38,574.183,6.732,0.73,0.232,225,226,5-13-5 = 0.091,8-30-8 = 0.683,5-15-22-33-5 = 0.195,5-26-20-5 = 0.079,5-26-24-20-5 = 0.713,5-12-27-29-5 = 0.5,5-11-12-29-5 = 0.5,5-21-22-33-5 = 0.543,5-38-18-31-9-5 = 0.134,5-38-18-31-15-5 = 0.805,5-31-10-37-14-5 = 0.061,5-32-13-5 = 1.0,5-11-27-14-37-8 = 0.5,5-21-35-25-8 = 0.171,5-24-21-20-5 = 0.116,8-23-36-22-8 = 0.171,8-23-36-24-25-8 = 0.171,8-23-19-34-8 = 0.134,8-17-37-14-5 = 0.317,8-19-36-35-25-8 = 0.659,8-34-16-8 = 0.549,8-30-34-16-8 = 0.317,8-17-28-10-9-5 = 0.683,5-26-23-19-8 = 0.207,5-22-33-20-5 = 0.091,5-21-35-33-5 = 0.171,8-23-28-9-8 = 0.183,5-38-10-14-37-8 = 0.061,5-18-10-14-37-8 = 0.061,8-23-28-10-16-8 = 0.134
226,156,580.719,0.0,6.537,0.0,Prune by CG,,8-30-8 = 0.72,5-26-24-20-5 = 0.64,5-12-27-29-5 = 0.4,5-11-12-29-5 = 0.4,5-11-12-27-5 = 0.2,5-21-22-33-5 = 0.24,5-38-18-31-9-5 = 0.2,5-38-18-31-15-5 = 0.8,5-32-13-5 = 1.0,5-11-27-14-37-8 = 0.4,8-37-14-29-5 = 0.2,5-21-35-25-8 = 0.24,5-24-21-20-5 = 0.36,8-17-37-14-5 = 0.2,8-19-36-35-25-8 = 0.64,8-34-16-8 = 0.72,8-30-34-16-8 = 0.28,8-17-28-10-9-5 = 0.8,8-36-22-15-5 = 0.2,8-36-22-21-5 = 0.04,5-26-23-19-8 = 0.36,5-21-35-33-5 = 0.12,8-28-10-37-14-5 = 0.2,5-23-36-33-25-8 = 0.12,5-23-22-33-8 = 0.52
225,156,574.317,6.271,0.134,-0.461,227,228,5-13-5 = 0.125,8-30-8 = 0.51,5-15-22-33-5 = 0.083,5-26-20-5 = 0.302,5-26-24-20-5 = 0.688,5-12-27-29-5 = 0.5,5-11-12-29-5 = 0.5,5-21-22-33-5 = 0.74,5-38-18-31-15-5 = 0.917,5-31-10-37-14-5 = 0.083,5-32-13-5 = 1.0,5-11-27-14-37-8 = 0.5,5-21-35-25-8 = 0.198,8-23-36-22-8 = 0.177,8-23-36-24-25-8 = 0.188,8-23-19-34-8 = 0.125,8-17-37-14-5 = 0.25,8-19-36-35-25-8 = 0.615,8-34-16-8 = 0.646,8-30-34-16-8 = 0.229,8-17-28-10-9-5 = 0.75,8-23-19-30-8 = 0.26,5-36-21-20-5 = 0.01,5-21-35-33-5 = 0.052,8-23-28-9-8 = 0.25,5-24-35-33-16-8 = 0.125,5-38-10-14-37-8 = 0.083,5-18-10-14-37-8 = 0.083,5-26-36-35-8 = 0.01
228,225,580.517,0.0,6.201,0.0,Prune by CG,,8-30-8 = 0.5,5-26-20-5 = 0.5,5-26-24-20-5 = 0.5,5-12-27-29-5 = 0.5,5-11-12-29-5 = 0.5,5-21-35-25-5 = 0.25,5-38-18-31-9-5 = 0.25,5-38-18-31-15-5 = 0.75,5-32-13-5 = 1.0,5-11-27-14-37-8 = 0.5,5-21-22-33-8 = 0.5,8-23-36-24-25-8 = 0.5,8-17-37-14-5 = 0.25,8-19-34-16-8 = 0.25,8-19-36-35-25-5 = 0.25,8-34-16-8 = 0.75,8-17-28-10-9-5 = 0.75,8-28-10-14-37-8 = 0.25,8-23-19-30-8 = 0.5,5-21-35-33-5 = 0.25,5-15-22-33-8 = 0.25,5-36-22-35-5 = 0.25
215,139,574.216,3.182,0.174,0.307,229,230,8-30-8 = 0.091,5-26-31-15-5 = 0.091,5-12-27-29-5 = 0.364,5-11-12-29-5 = 0.364,5-38-18-31-15-5 = 0.909,5-28-9-29-5 = 0.091,5-32-13-5 = 0.273,5-12-14-37-8 = 0.273,5-26-32-13-5 = 0.727,5-11-27-14-37-8 = 0.636,5-24-21-20-5 = 1.0,8-23-35-25-8 = 0.909,8-23-36-22-5 = 0.091,8-19-36-22-33-8 = 0.909,8-34-16-8 = 0.091,8-30-34-16-8 = 0.909,8-17-28-10-9-5 = 0.909,8-19-33-10-29-5 = 0.091,5-26-35-25-8 = 0.091,5-26-18-29-5 = 0.091,5-38-17-37-14-8 = 0.091
229,215,587.91,0.0,13.694,0.0,Prune by CG,,5-26-31-29-5 = 0.188,5-11-12-27-5 = 0.125,5-38-18-31-15-5 = 0.75,5-32-13-5 = 0.625,5-12-14-37-8 = 0.5,5-11-27-14-37-8 = 0.5,5-24-21-20-5 = 1.0,8-23-35-25-8 = 0.938,8-23-36-15-5 = 0.063,8-19-22-15-5 = 0.063,8-19-36-22-33-8 = 0.938,8-30-34-16-8 = 1.0,8-17-28-10-9-5 = 1.0,5-11-12-32-13-5 = 0.375,5-18-31-15-33-8 = 0.062,5-15-35-25-8 = 0.062,5-26-18-29-5 = 0.188,5-26-38-29-5 = 0.25,5-26-27-29-5 = 0.375
221,148,574.335,7.0,0.505,-0.286,231,232,8-30-8 = 0.833,5-15-22-33-5 = 0.083,5-26-24-20-5 = 0.333,5-26-28-9-5 = 0.25,5-12-27-29-5 = 0.25,5-11-12-29-5 = 0.25,5-11-12-27-5 = 0.5,5-11-27-14-29-5 = 0.25,5-21-22-33-5 = 0.333,5-38-18-31-15-5 = 0.5,5-38-18-28-9-5 = 0.333,5-38-28-10-9-5 = 0.167,5-31-15-22-5 = 0.417,5-28-31-10-9-5 = 0.083,5-18-28-10-9-5 = 0.167,5-32-13-5 = 1.0,5-24-21-20-5 = 0.667,8-23-35-25-8 = 0.583,8-23-36-35-8 = 0.417,8-17-37-14-5 = 0.167,8-17-37-29-5 = 0.25,8-17-10-14-37-8 = 0.583,8-19-34-16-8 = 0.833,8-19-36-22-33-8 = 0.167,8-30-34-16-8 = 0.167,5-26-36-33-25-8 = 0.417
63,22,574.389,5.24,3.147,-0.382,233,234,5-13-5 = 0.02,8-30-8 = 0.887,5-32-5 = 0.02,5-26-24-20-5 = 1.0,5-12-27-29-5 = 0.5,5-11-12-29-5 = 0.5,5-38-18-31-22-5 = 0.207,5-38-18-31-15-5 = 0.553,5-31-15-22-5 = 0.24,5-32-13-5 = 0.98,5-11-27-14-37-8 = 0.5,5-21-35-25-8 = 1.0,8-23-36-22-5 = 0.553,8-23-36-33-5 = 0.333,8-17-37-14-5 = 0.02,8-19-34-16-8 = 0.887,8-19-36-33-9-5 = 0.113,8-30-34-16-8 = 0.113,8-17-28-15-33-5 = 0.073,8-17-28-15-33-8 = 0.133,8-17-28-10-9-5 = 0.52,8-23-28-9-5 = 0.02,8-23-33-9-5 = 0.093,5-38-10-14-37-8 = 0.24,5-18-10-14-37-8 = 0.24,8-17-28-33-9-5 = 0.253
42,34,574.243,6.818,4.062,0.532,235,236,5-26-24-20-5 = 0.909,5-12-27-29-5 = 0.5,5-11-12-29-5 = 0.5,5-38-18-31-9-5 = 0.091,5-38-18-31-15-5 = 0.409,5-38-18-28-9-5 = 0.409,5-38-31-10-9-5 = 0.091,5-18-31-10-9-5 = 0.045,5-32-13-5 = 0.636,5-26-32-13-5 = 0.091,5-11-27-14-37-8 = 0.5,5-31-10-14-37-8 = 0.091,5-24-35-20-5 = 0.091,8-23-35-25-8 = 0.545,8-23-36-35-8 = 0.045,8-23-36-33-16-8 = 0.091,8-23-36-33-25-8 = 0.136,8-23-19-34-8 = 0.091,8-17-10-14-37-8 = 0.409,8-19-22-21-5 = 0.364,8-19-36-35-25-8 = 0.318,8-19-36-21-33-8 = 0.136,8-30-34-16-8 = 0.909,8-17-28-10-9-5 = 0.364,8-23-19-30-8 = 0.091,8-17-28-31-21-5 = 0.227,5-15-22-33-8 = 0.591,5-18-31-22-33-8 = 0.045,8-36-21-32-13-5 = 0.273
235,42,574.288,6.667,0.044,-0.152,237,238,5-26-24-20-5 = 0.917,5-12-27-29-5 = 0.5,5-11-12-29-5 = 0.5,5-38-18-31-9-5 = 0.167,5-38-18-31-15-5 = 0.417,5-38-18-28-9-5 = 0.333,5-38-31-10-9-5 = 0.083,5-18-31-10-9-5 = 0.083,5-32-13-5 = 0.667,5-11-27-14-37-8 = 0.5,5-28-10-14-37-8 = 0.083,8-23-35-25-8 = 0.583,8-23-36-35-8 = 0.083,8-23-36-33-16-8 = 0.083,8-23-36-33-25-8 = 0.083,8-23-19-34-8 = 0.083,8-17-10-14-37-8 = 0.417,8-19-22-21-5 = 0.333,8-19-36-35-25-8 = 0.333,8-19-36-21-33-8 = 0.167,8-30-34-16-8 = 0.917,8-17-28-10-9-5 = 0.333,8-23-19-30-8 = 0.083,5-22-33-20-5 = 0.083,5-26-24-32-13-5 = 0.083,8-17-28-31-21-5 = 0.25,5-15-22-33-8 = 0.583,8-36-21-32-13-5 = 0.25
212,28,574.251,6.0,0.165,0.5,239,240,8-30-8 = 0.833,5-15-22-33-5 = 0.167,5-26-22-33-5 = 0.167,5-26-24-20-5 = 0.833,5-12-27-29-5 = 0.333,5-11-12-29-5 = 0.333,5-11-12-27-5 = 0.333,5-11-27-14-29-5 = 0.167,5-11-27-10-9-5 = 0.167,5-38-18-28-9-5 = 0.5,5-38-18-28-15-5 = 0.167,5-32-13-5 = 1.0,5-31-10-14-37-8 = 0.333,5-21-35-25-8 = 0.833,8-23-36-21-5 = 0.167,8-23-36-22-5 = 0.667,8-17-37-14-5 = 0.333,8-17-37-29-5 = 0.167,8-17-10-14-37-8 = 0.167,8-19-34-16-8 = 0.833,8-19-36-35-25-8 = 0.167,8-30-34-16-8 = 0.167,8-17-28-10-9-5 = 0.333,8-23-24-20-5 = 0.167,5-18-31-15-33-8 = 0.333,5-38-31-15-33-8 = 0.333
239,212,581.335,0.0,7.084,0.0,Prune by CG,,8-30-8 = 0.85,5-15-22-33-5 = 0.217,5-26-22-33-5 = 0.133,5-26-24-20-5 = 0.583,5-12-27-29-5 = 0.333,5-11-12-29-5 = 0.333,5-11-12-27-5 = 0.333,5-11-27-29-5 = 0.333,5-38-18-28-9-5 = 0.5,5-38-17-37-14-5 = 0.5,5-32-13-5 = 0.717,5-26-32-13-5 = 0.283,5-31-10-14-37-8 = 0.5,5-21-35-25-8 = 0.583,8-23-36-21-5 = 0.417,8-23-36-22-5 = 0.167,8-19-34-16-8 = 0.35,8-19-22-15-5 = 0.233,8-19-36-35-25-8 = 0.417,8-34-16-8 = 0.5,8-30-34-16-8 = 0.15,8-17-28-10-9-5 = 0.5,8-23-24-20-5 = 0.417,5-15-22-33-8 = 0.15,5-18-31-15-33-8 = 0.4,5-18-31-22-33-8 = 0.1
189,183,574.626,4.35,1.076,-1.983,241,242,8-30-8 = 0.975,5-26-20-5 = 0.1,5-26-24-20-5 = 0.525,5-12-27-29-5 = 0.4,5-11-12-29-5 = 0.4,5-37-14-29-5 = 0.2,5-21-22-33-5 = 0.025,5-38-18-31-15-5 = 1.0,5-32-13-5 = 1.0,5-12-14-37-8 = 0.2,5-11-27-14-37-8 = 0.6,5-21-22-33-8 = 0.225,8-23-36-21-5 = 0.75,8-23-36-22-5 = 0.225,8-19-34-16-8 = 0.975,8-19-36-24-20-5 = 0.025,8-30-34-16-8 = 0.025,8-17-28-10-9-5 = 1.0,5-22-33-20-5 = 0.325,8-23-24-20-5 = 0.025,5-22-35-25-8 = 0.2,5-24-35-33-25-8 = 0.425,5-26-35-25-8 = 0.375
127,113,574.41,4.879,1.796,-0.371,243,244,5-26-21-5 = 0.152,5-26-24-21-5 = 0.03,5-12-27-29-5 = 0.424,5-11-12-29-5 = 0.424,5-38-18-31-9-5 = 0.121,5-38-18-31-15-5 = 0.818,5-32-13-5 = 0.364,5-12-14-37-8 = 0.152,5-26-22-33-8 = 0.182,5-26-32-13-5 = 0.636,5-11-27-14-37-8 = 0.576,8-37-14-29-5 = 0.152,5-21-35-25-8 = 0.212,5-21-22-33-8 = 0.606,8-23-35-25-8 = 0.758,8-23-36-35-8 = 0.03,8-23-36-22-8 = 0.03,8-23-36-24-25-8 = 0.03,8-23-36-33-16-8 = 0.03,8-23-19-34-8 = 0.03,8-19-36-24-20-5 = 0.879,8-34-16-8 = 0.061,8-30-34-16-8 = 0.909,8-17-28-10-9-5 = 0.879,8-23-19-30-8 = 0.091,8-17-28-31-20-5 = 0.061,5-15-22-33-8 = 0.182,5-38-10-14-37-8 = 0.061,5-18-10-14-37-8 = 0.061,8-17-28-24-20-5 = 0.061
243,127,580.17,0.0,5.76,0.0,Prune by CG,,5-26-24-21-5 = 0.296,5-12-27-29-5 = 0.444,5-11-12-29-5 = 0.444,5-38-18-31-9-5 = 0.222,5-38-18-31-15-5 = 0.704,5-32-13-5 = 0.333,5-12-14-37-8 = 0.111,5-26-32-13-5 = 0.667,5-11-27-14-37-8 = 0.556,5-31-10-14-37-8 = 0.074,8-37-14-29-5 = 0.111,5-21-35-25-8 = 0.222,5-21-22-33-8 = 0.444,8-23-36-35-8 = 0.259,8-23-36-24-25-8 = 0.704,8-23-36-33-25-8 = 0.037,8-19-35-20-5 = 0.519,8-19-34-16-8 = 0.111,8-19-22-20-5 = 0.259,8-30-34-16-8 = 0.889,8-17-28-10-9-5 = 0.778,8-17-28-33-20-5 = 0.222,8-19-30-8 = 0.111,5-15-22-33-8 = 0.296,5-38-10-14-37-8 = 0.074,5-18-10-14-37-8 = 0.074,5-26-21-25-8 = 0.037
244,127,574.346,4.714,-0.064,-0.165,245,246,5-26-21-5 = 0.048,5-26-24-21-5 = 0.143,5-12-27-29-5 = 0.429,5-11-12-29-5 = 0.429,5-38-18-31-9-5 = 0.143,5-38-18-31-15-5 = 0.81,5-32-13-5 = 0.333,5-12-14-37-8 = 0.143,5-26-22-33-8 = 0.143,5-26-32-13-5 = 0.667,5-11-27-14-37-8 = 0.571,5-31-10-14-37-8 = 0.048,8-37-14-29-5 = 0.143,5-21-35-25-8 = 0.143,5-21-22-33-8 = 0.667,8-23-35-25-8 = 0.857,8-19-36-24-20-5 = 0.857,8-34-16-8 = 0.143,8-30-34-16-8 = 0.857,8-17-28-10-9-5 = 0.857,8-23-19-30-8 = 0.143,5-15-22-33-8 = 0.19,5-38-10-14-37-8 = 0.048,5-18-10-14-37-8 = 0.048,8-17-28-36-20-5 = 0.143
245,244,589.095,0.0,14.749,0.0,Prune by CG,,5-12-27-29-5 = 0.333,5-11-12-29-5 = 0.333,5-11-27-10-9-5 = 0.333,5-38-18-31-15-5 = 1.0,5-32-13-5 = 0.667,5-26-22-33-8 = 0.667,8-37-14-29-5 = 0.333,5-21-35-25-8 = 0.667,5-21-22-33-8 = 0.333,8-23-35-25-8 = 0.333,8-19-36-24-20-5 = 0.667,8-30-34-16-8 = 0.667,8-17-28-10-9-5 = 0.667,8-23-19-30-8 = 0.333,5-11-12-27-14-8 = 0.333,5-26-24-32-13-5 = 0.333,8-34-16-37-8 = 0.333,8-17-28-36-20-5 = 0.333,8-23-14-37-8 = 0.333
227,225,574.334,6.429,0.017,0.158,247,248,5-13-5 = 0.179,8-30-8 = 0.464,5-15-22-33-5 = 0.143,5-26-20-5 = 0.214,5-26-24-20-5 = 0.786,5-12-27-29-5 = 0.5,5-11-12-29-5 = 0.5,5-21-22-33-5 = 0.679,5-38-18-31-9-5 = 0.071,5-38-18-31-15-5 = 0.857,5-31-10-37-14-5 = 0.071,5-32-13-5 = 1.0,5-11-27-14-37-8 = 0.5,5-21-35-25-8 = 0.179,5-21-35-33-8 = 0.143,8-23-36-22-8 = 0.179,8-23-36-24-25-8 = 0.179,8-23-19-34-8 = 0.107,8-17-37-14-5 = 0.286,8-19-36-35-25-8 = 0.643,8-34-16-8 = 0.607,8-30-34-16-8 = 0.286,8-17-28-10-9-5 = 0.714,8-23-19-30-8 = 0.25,8-23-28-9-8 = 0.214,5-24-35-33-16-8 = 0.036,5-38-10-14-37-8 = 0.071,5-18-10-14-37-8 = 0.071,8-23-28-10-16-8 = 0.071
247,227,582.953,0.0,8.619,0.0,Prune by CG,,8-30-8 = 0.5,5-15-22-33-5 = 1.0,5-26-21-5 = 0.5,5-26-24-20-5 = 0.5,5-12-27-29-5 = 0.5,5-11-12-29-5 = 0.5,5-38-18-31-9-5 = 1.0,5-32-13-5 = 1.0,5-11-27-14-37-8 = 0.5,5-24-21-20-5 = 0.5,8-17-37-14-5 = 0.5,8-17-34-8 = 0.5,8-19-36-35-25-8 = 1.0,8-30-34-8 = 0.5,8-23-28-10-16-8 = 1.0
248,227,574.459,6.0,0.125,-0.429,249,250,5-13-5 = 0.083,8-30-8 = 0.583,5-15-22-33-5 = 0.083,5-26-20-5 = 0.25,5-26-24-20-5 = 0.75,5-12-27-29-5 = 0.5,5-11-12-29-5 = 0.5,5-21-22-33-5 = 0.75,5-38-10-37-14-5 = 0.083,5-38-18-31-15-5 = 0.917,5-31-10-37-14-5 = 0.083,5-32-13-5 = 1.0,5-11-27-14-37-8 = 0.5,5-21-35-25-8 = 0.25,8-23-36-22-8 = 0.167,8-23-36-24-25-8 = 0.167,8-23-19-34-8 = 0.167,8-17-37-14-5 = 0.25,8-19-36-35-25-8 = 0.583,8-34-16-8 = 0.667,8-30-34-16-8 = 0.167,8-17-28-10-9-5 = 0.75,8-23-19-30-8 = 0.25,8-23-28-9-8 = 0.25,5-24-35-33-16-8 = 0.083,5-18-10-14-37-8 = 0.083,5-36-35-33-16-8 = 0.083
250,248,579.339,0.0,4.88,0.0,Prune by CG,,5-13-5 = 0.283,8-30-8 = 0.3,5-15-22-33-5 = 0.167,5-26-22-33-5 = 0.017,5-26-20-5 = 0.183,5-26-24-20-5 = 0.8,5-12-27-29-5 = 0.333,5-11-12-29-5 = 0.333,5-11-12-27-5 = 0.333,5-11-27-14-29-5 = 0.333,5-21-22-33-5 = 0.2,5-38-18-31-9-5 = 0.167,5-38-18-31-15-5 = 0.833,5-32-13-5 = 1.0,5-21-35-25-8 = 0.4,5-21-22-33-8 = 0.4,8-23-36-22-8 = 0.2,8-23-36-24-25-8 = 0.2,8-23-19-34-8 = 0.2,8-17-37-14-5 = 0.167,8-17-37-9-5 = 0.333,8-19-36-35-25-8 = 0.4,8-34-16-8 = 0.5,8-30-34-16-8 = 0.3,8-17-28-10-9-5 = 0.5,8-28-10-14-37-8 = 0.5,8-23-19-30-8 = 0.4,5-22-33-20-5 = 0.017,5-36-35-33-16-8 = 0.2
223,179,574.371,3.909,0.016,0.309,251,252,5-26-21-5 = 0.182,5-12-27-29-5 = 0.455,5-11-12-29-5 = 0.455,5-38-18-31-15-5 = 0.818,5-31-9-29-5 = 0.091,5-32-13-5 = 0.273,5-12-14-37-8 = 0.091,5-26-22-33-8 = 0.091,5-26-32-13-5 = 0.727,5-11-27-14-37-8 = 0.545,5-21-22-33-8 = 0.818,8-19-36-35-25-8 = 1.0,8-30-34-16-8 = 1.0,8-17-28-10-9-5 = 0.636,8-17-28-31-15-5 = 0.091,8-23-24-20-5 = 1.0,8-17-28-9-5 = 0.273,5-15-22-33-8 = 0.091,5-38-10-14-37-8 = 0.182,5-18-10-14-37-8 = 0.182
252,223,582.661,0.0,8.29,0.0,Prune by CG,,5-11-27-29-5 = 1.0,5-38-18-31-15-5 = 1.0,5-12-14-37-8 = 1.0,5-26-32-13-5 = 1.0,5-21-22-33-8 = 1.0,8-19-36-35-25-8 = 1.0,8-30-34-16-8 = 1.0,8-17-28-10-9-5 = 1.0,8-23-24-20-5 = 1.0
230,215,574.304,4.0,0.088,0.818,253,254,5-26-31-15-5 = 0.5,5-12-27-29-5 = 0.5,5-11-12-29-5 = 0.5,5-38-18-31-15-5 = 0.5,5-32-13-5 = 0.5,5-26-32-13-5 = 0.5,5-11-27-14-37-8 = 0.5,5-24-21-20-5 = 1.0,8-23-35-25-8 = 1.0,8-19-36-22-33-8 = 1.0,8-30-34-16-8 = 1.0,8-17-28-10-9-5 = 1.0,5-38-18-14-37-8 = 0.5
253,230,581.074,0.0,6.77,0.0,Prune by CG,,5-11-27-29-5 = 1.0,5-38-18-31-15-5 = 1.0,5-12-14-37-8 = 1.0,5-26-32-13-5 = 1.0,5-24-21-20-5 = 1.0,8-23-35-25-8 = 1.0,8-19-36-22-33-8 = 1.0,8-30-34-16-8 = 1.0,8-17-28-10-9-5 = 1.0
254,230,577.832,0.0,3.528,-4.0,Integer,,5-12-29-5 = 1.0,5-38-18-31-15-5 = 1.0,5-26-32-13-5 = 1.0,5-11-27-14-37-8 = 1.0,5-24-21-20-5 = 1.0,8-23-35-25-8 = 1.0,8-19-36-22-33-8 = 1.0,8-30-34-16-8 = 1.0,8-17-28-10-9-5 = 1.0
201,85,574.42,3.333,0.548,0.333,255,256,5-26-24-20-5 = 1.0,5-12-27-29-5 = 0.5,5-11-12-29-5 = 0.333,5-11-27-14-29-5 = 0.167,5-11-27-10-9-5 = 0.167,5-11-12-27-13-5 = 0.167,5-38-18-31-15-5 = 0.667,5-32-13-5 = 0.667,5-21-22-33-8 = 1.0,8-17-37-9-8 = 0.167,8-17-10-14-37-8 = 0.833,8-19-36-35-25-8 = 1.0,8-30-34-16-8 = 1.0,8-23-28-9-5 = 0.667,8-23-28-15-5 = 0.333,5-38-18-31-32-13-5 = 0.167,5-11-38-18-31-32-5 = 0.167
255,201,582.335,0.0,7.915,0.0,Prune by CG,,5-26-24-20-5 = 1.0,5-12-27-29-5 = 0.333,5-11-12-29-5 = 0.333,5-11-12-27-10-5 = 0.333,5-11-27-14-29-5 = 0.333,5-21-22-33-5 = 0.667,5-32-13-5 = 0.667,5-21-22-33-8 = 0.333,8-17-37-9-8 = 0.333,8-17-10-14-37-8 = 0.667,8-19-36-35-25-8 = 1.0,8-30-34-16-8 = 1.0,8-23-28-15-5 = 1.0,5-38-18-31-9-8 = 0.667,5-38-18-31-32-13-5 = 0.333
73,39,574.308,6.692,2.239,1.137,257,258,5-13-5 = 0.115,8-30-8 = 0.904,5-15-22-33-5 = 0.058,5-26-22-33-5 = 0.346,5-26-24-20-5 = 0.519,5-12-27-29-5 = 0.5,5-11-12-29-5 = 0.5,5-38-18-22-33-5 = 0.077,5-38-18-31-15-5 = 0.846,5-38-31-22-33-5 = 0.077,5-23-36-22-5 = 0.269,5-18-31-22-33-5 = 0.077,5-32-13-5 = 0.885,5-11-27-14-37-8 = 0.5,5-21-35-25-8 = 0.865,8-23-36-20-5 = 0.115,8-23-36-24-32-5 = 0.115,8-17-10-14-37-8 = 0.5,8-19-34-16-8 = 0.635,8-19-36-24-20-5 = 0.365,8-34-16-8 = 0.269,8-30-34-16-8 = 0.096,8-17-28-10-9-5 = 0.5,8-23-28-9-5 = 0.5,5-26-36-33-25-8 = 0.135,5-21-35-33-5 = 0.135,5-15-22-33-8 = 0.096
74,39,574.632,4.56,2.563,-0.996,259,260,5-13-5 = 0.02,8-30-8 = 0.91,5-32-5 = 0.02,5-26-24-20-5 = 0.95,5-12-27-29-5 = 0.5,5-11-12-29-5 = 0.5,5-38-18-31-9-5 = 0.2,5-38-18-31-15-5 = 0.4,5-32-13-5 = 0.98,5-11-27-14-37-8 = 0.5,5-21-35-25-8 = 0.93,5-21-35-33-8 = 0.07,8-23-36-22-5 = 0.82,8-17-37-14-5 = 0.2,8-19-34-16-8 = 0.93,8-19-36-24-20-5 = 0.05,8-30-34-16-8 = 0.07,8-17-28-10-9-5 = 0.7,8-28-10-14-37-8 = 0.02,8-19-30-8 = 0.02,8-23-28-9-5 = 0.1,8-23-28-22-5 = 0.08,5-26-36-33-25-8 = 0.05,8-17-28-36-22-5 = 0.08,5-38-18-15-33-8 = 0.2,5-38-31-15-33-5 = 0.2,5-18-31-15-33-5 = 0.2,5-33-10-14-37-8 = 0.28,8-17-28-22-25-8 = 0.02
260,74,581.446,0.0,6.814,0.0,Prune by CG,,5-13-5 = 0.167,8-30-8 = 0.667,5-32-5 = 0.167,5-26-24-20-5 = 1.0,5-12-27-29-5 = 0.5,5-11-12-29-5 = 0.5,5-11-27-10-9-5 = 0.167,5-38-18-31-9-5 = 0.333,5-32-13-5 = 0.833,5-11-27-14-37-8 = 0.333,5-21-35-25-8 = 1.0,8-23-36-22-5 = 1.0,8-17-37-14-5 = 0.333,8-19-34-16-8 = 0.833,8-30-34-16-8 = 0.167,8-28-10-14-37-8 = 0.333,8-17-28-10-9-8 = 0.5,5-38-18-15-33-5 = 0.333,5-38-31-15-33-5 = 0.333,5-18-31-15-33-5 = 0.333,8-17-28-19-30-8 = 0.167
246,244,574.656,3.6,0.31,-1.114,261,262,5-26-21-5 = 0.2,5-12-27-29-5 = 0.4,5-11-12-29-5 = 0.4,5-38-18-31-15-5 = 0.9,5-31-9-29-5 = 0.1,5-32-13-5 = 0.3,5-12-14-37-8 = 0.2,5-26-22-33-8 = 0.1,5-26-32-13-5 = 0.7,5-11-27-14-37-8 = 0.6,5-21-22-33-8 = 0.8,8-23-35-25-8 = 1.0,8-19-36-24-20-5 = 1.0,8-30-34-16-8 = 1.0,8-17-28-10-9-5 = 0.7,8-17-28-9-5 = 0.2,8-17-28-10-29-5 = 0.1,5-15-22-33-8 = 0.1,5-38-10-14-37-8 = 0.1,5-18-10-14-37-8 = 0.1
262,246,580.554,0.0,5.898,0.0,Prune by CG,,5-15-22-33-5 = 0.125,5-26-21-5 = 0.125,5-12-27-29-5 = 0.5,5-11-12-29-5 = 0.5,5-21-22-33-5 = 0.125,5-38-18-31-9-5 = 0.125,5-38-18-31-15-5 = 0.5,5-32-13-5 = 0.125,5-26-32-13-5 = 0.875,5-11-27-14-37-8 = 0.25,5-21-22-33-8 = 0.75,8-23-35-25-8 = 1.0,8-19-36-24-20-5 = 1.0,8-30-34-16-8 = 1.0,8-17-28-31-15-5 = 0.375,8-17-28-9-5 = 0.625,5-38-10-14-37-8 = 0.375,5-18-10-14-37-8 = 0.375,5-11-27-10-9-8 = 0.25
106,104,574.697,4.0,1.911,-1.0,263,264,8-30-8 = 1.0,5-26-28-9-5 = 0.5,5-12-27-29-5 = 0.5,5-11-12-29-5 = 0.5,5-38-18-31-15-5 = 1.0,5-32-13-5 = 0.5,5-26-32-13-5 = 0.5,5-11-27-14-37-8 = 0.5,5-21-22-33-8 = 1.0,8-17-10-14-37-8 = 0.5,8-19-36-35-25-8 = 1.0,8-34-16-8 = 1.0,8-17-28-10-9-5 = 0.5,8-23-24-20-5 = 1.0
204,181,574.684,3.4,0.651,-1.211,265,266,8-30-8 = 0.975,5-26-24-20-5 = 0.967,5-12-27-29-5 = 0.4,5-11-12-29-5 = 0.367,5-11-12-27-5 = 0.2,5-11-27-29-5 = 0.067,5-11-27-14-29-5 = 0.167,5-11-27-10-9-5 = 0.167,5-38-18-28-9-5 = 0.642,5-32-13-5 = 0.933,5-26-32-13-5 = 0.033,5-21-35-25-8 = 0.992,8-23-36-22-5 = 0.983,8-17-37-9-8 = 0.167,8-17-10-14-37-8 = 0.833,8-19-34-16-8 = 0.975,8-19-22-21-5 = 0.008,8-19-36-24-20-5 = 0.017,8-30-34-16-8 = 0.025,8-23-24-20-5 = 0.017,5-11-12-32-13-5 = 0.033,5-22-35-25-8 = 0.008,5-28-31-15-33-5 = 0.333,5-38-31-15-33-5 = 0.333,5-18-31-15-33-5 = 0.333,5-38-18-28-9-8 = 0.025
265,204,581.506,0.0,6.822,0.0,Prune by CG,,8-30-8 = 0.926,5-26-24-20-5 = 0.815,5-11-12-27-5 = 0.704,5-11-12-27-10-5 = 0.148,5-11-27-14-29-5 = 0.148,5-38-18-28-9-5 = 0.222,5-31-15-22-5 = 0.037,5-28-9-29-5 = 0.556,5-32-13-5 = 0.815,5-26-32-13-5 = 0.148,5-21-35-25-8 = 0.963,8-23-36-22-5 = 0.926,8-17-37-29-5 = 0.148,8-17-10-14-37-8 = 0.852,8-19-34-16-8 = 0.926,8-19-36-24-20-5 = 0.074,8-30-34-16-8 = 0.074,8-23-24-20-5 = 0.074,5-26-24-32-13-5 = 0.037,5-22-35-25-8 = 0.037,5-38-31-15-33-5 = 0.407,5-18-31-15-33-5 = 0.556,5-38-12-29-5 = 0.148,5-21-33-20-5 = 0.037,5-38-18-28-9-8 = 0.222
150,105,574.511,5.0,1.314,0.0,267,268,8-30-8 = 1.0,5-26-20-5 = 0.5,5-26-24-20-5 = 0.5,5-12-27-29-5 = 0.5,5-11-12-29-5 = 0.5,5-38-18-31-15-5 = 1.0,5-32-13-5 = 0.5,5-11-27-14-37-8 = 0.5,5-21-22-33-8 = 1.0,8-17-10-14-37-8 = 0.5,8-19-36-35-25-8 = 1.0,8-34-16-8 = 1.0,8-17-28-10-9-5 = 0.5,8-23-28-9-5 = 0.5,8-23-24-32-13-5 = 0.5
161,159,574.945,3.6,1.765,-2.333,269,270,5-26-5 = 1.0,8-30-8 = 0.2,5-12-27-29-5 = 0.5,5-11-12-29-5 = 0.5,5-38-18-31-15-5 = 0.7,5-38-18-28-9-5 = 0.1,5-38-17-37-14-5 = 0.2,5-31-15-9-5 = 0.2,5-32-13-5 = 1.0,5-11-27-14-37-8 = 0.5,5-28-10-14-37-8 = 0.1,5-24-21-20-5 = 1.0,8-23-35-25-8 = 1.0,8-19-36-22-33-8 = 1.0,8-34-16-8 = 0.2,8-30-34-16-8 = 0.8,8-17-28-10-9-5 = 0.7,8-17-28-31-15-5 = 0.1,5-18-10-14-37-8 = 0.2
270,161,579.021,0.0,4.076,0.0,Prune by CG,,8-30-8 = 0.75,5-26-21-5 = 0.5,5-26-24-20-5 = 0.5,5-12-27-29-5 = 0.5,5-11-12-29-5 = 0.5,5-38-18-31-15-5 = 0.75,5-31-15-9-5 = 0.25,5-32-13-5 = 1.0,5-11-27-14-37-8 = 0.5,5-28-10-14-37-8 = 0.5,5-24-21-20-5 = 0.5,8-23-35-25-8 = 0.75,8-23-36-35-5 = 0.25,8-17-10-9-5 = 0.5,8-19-34-16-8 = 0.75,8-19-36-22-33-5 = 0.25,8-30-34-16-8 = 0.25,5-38-18-28-9-8 = 0.25,8-17-36-22-33-5 = 0.5,5-28-22-33-25-8 = 0.25
135,120,574.656,6.4,1.459,-0.677,271,272,8-30-8 = 1.0,5-26-21-5 = 0.1,5-26-24-20-5 = 0.9,5-12-27-29-5 = 0.5,5-11-12-29-5 = 0.5,5-38-18-31-22-5 = 0.1,5-38-18-31-15-5 = 0.35,5-38-18-28-9-5 = 0.375,5-38-18-28-22-5 = 0.125,5-38-15-22-5 = 0.05,5-31-15-22-5 = 0.55,5-32-13-5 = 1.0,5-11-27-14-37-8 = 0.5,5-21-35-25-8 = 0.675,5-24-21-20-5 = 0.1,8-23-36-33-8 = 0.025,8-23-36-33-16-8 = 0.325,8-23-36-33-25-8 = 0.325,8-23-19-34-8 = 0.325,8-17-10-37-14-5 = 0.35,8-17-10-14-37-8 = 0.15,8-19-34-16-8 = 0.675,8-17-28-10-9-5 = 0.5,5-36-22-21-5 = 0.125,5-18-15-22-5 = 0.05,8-35-33-9-5 = 0.125,8-36-35-33-5 = 0.2
272,135,579.7,0.0,5.044,0.0,Prune by CG,,5-13-5 = 0.02,8-30-8 = 0.46,5-32-5 = 0.02,5-26-24-20-5 = 1.0,5-12-27-29-5 = 0.5,5-11-12-29-5 = 0.5,5-38-18-31-15-5 = 0.5,5-38-18-28-9-5 = 0.5,5-31-15-22-5 = 0.48,5-32-13-5 = 0.98,5-11-27-14-37-8 = 0.5,5-21-35-25-8 = 0.48,8-17-10-14-37-8 = 0.5,8-19-35-33-25-8 = 0.06,8-19-34-16-8 = 0.4,8-34-16-8 = 0.6,8-17-28-10-9-5 = 0.48,8-17-28-31-15-5 = 0.02,8-36-33-10-9-5 = 0.02,8-23-19-30-8 = 0.54,5-36-22-21-5 = 0.52,8-23-33-25-8 = 0.46,8-36-35-33-5 = 0.46
62,13,574.285,5.444,2.592,1.54,273,274,8-30-8 = 0.148,5-12-27-29-5 = 0.481,5-11-12-29-5 = 0.481,5-38-18-31-9-5 = 0.111,5-38-18-31-15-5 = 0.889,5-12-14-37-8 = 0.037,5-26-32-13-5 = 1.0,5-11-27-14-37-8 = 0.519,5-28-10-14-37-8 = 0.444,5-24-21-20-5 = 1.0,8-23-35-25-8 = 0.481,8-23-36-22-5 = 0.222,8-17-10-9-5 = 0.407,8-19-34-16-8 = 0.148,8-19-22-15-5 = 0.074,8-19-36-35-25-8 = 0.519,8-19-36-22-33-8 = 0.259,8-30-34-16-8 = 0.852,8-17-28-22-33-8 = 0.407,8-23-33-9-5 = 0.296,8-17-9-29-5 = 0.037,8-17-28-10-9-8 = 0.148,5-15-22-33-8 = 0.037
273,62,578.489,0.0,4.204,0.0,Prune by CG,,8-30-8 = 0.238,5-12-27-29-5 = 0.5,5-11-12-29-5 = 0.5,5-38-18-10-9-5 = 0.31,5-38-18-31-9-5 = 0.214,5-38-18-31-15-5 = 0.381,5-38-31-10-9-5 = 0.095,5-18-31-10-9-5 = 0.095,5-26-32-13-5 = 1.0,5-11-27-14-37-8 = 0.5,5-31-10-14-37-8 = 0.214,5-28-10-14-37-8 = 0.286,5-24-21-20-5 = 0.905,8-23-35-25-8 = 0.333,8-23-36-15-5 = 0.333,8-19-34-16-8 = 0.286,8-19-36-35-25-8 = 0.667,8-30-34-16-8 = 0.714,8-17-28-22-33-8 = 0.714,8-24-21-20-5 = 0.095,8-23-19-30-8 = 0.048,8-23-33-9-5 = 0.286,8-17-22-15-5 = 0.286
214,154,574.659,3.75,0.684,-0.25,275,276,5-12-27-29-5 = 0.5,5-11-12-29-5 = 0.25,5-11-12-27-5 = 0.125,5-11-27-29-5 = 0.125,5-11-27-14-29-5 = 0.125,5-11-38-18-28-31-5 = 0.125,5-38-18-31-15-5 = 0.75,5-32-13-5 = 0.5,5-26-22-33-8 = 0.75,5-26-32-13-5 = 0.25,5-21-20-13-5 = 0.125,5-24-21-20-5 = 0.875,8-17-37-9-5 = 0.125,8-17-10-14-37-8 = 0.875,8-19-36-35-25-8 = 1.0,8-30-34-16-8 = 1.0,8-23-28-9-5 = 0.875,8-23-24-32-13-5 = 0.125,5-15-22-33-8 = 0.25,5-11-38-18-31-32-5 = 0.125,5-11-12-27-10-8 = 0.125
276,214,580.804,0.0,6.146,0.0,Prune by CG,,8-30-8 = 0.25,5-12-27-29-5 = 0.375,5-11-12-29-5 = 0.375,5-11-12-27-5 = 0.25,5-11-27-14-29-5 = 0.25,5-11-27-10-9-5 = 0.125,5-38-18-31-15-5 = 0.375,5-38-18-28-9-5 = 0.438,5-38-28-31-15-5 = 0.187,5-31-15-9-5 = 0.062,5-28-31-10-9-5 = 0.125,5-18-28-31-15-5 = 0.188,5-26-22-33-8 = 0.812,5-21-20-5 = 0.75,5-21-20-13-5 = 0.25,8-23-36-24-32-5 = 0.25,8-17-37-9-5 = 0.25,8-17-10-14-37-8 = 0.75,8-19-34-16-8 = 0.25,8-19-36-35-25-8 = 0.75,8-30-34-16-8 = 0.75,8-23-24-32-13-5 = 0.75,5-22-35-25-8 = 0.063,5-15-22-33-8 = 0.125,5-26-35-25-8 = 0.188,5-28-31-15-33-8 = 0.063
251,223,574.469,5.0,0.098,1.091,277,278,5-26-21-5 = 0.25,5-12-27-29-5 = 0.5,5-11-12-29-5 = 0.5,5-38-18-31-9-5 = 0.25,5-38-18-31-15-5 = 0.5,5-32-13-5 = 0.25,5-26-32-13-5 = 0.75,5-11-27-14-37-8 = 0.5,5-21-22-33-8 = 0.75,8-19-36-35-25-8 = 1.0,8-30-34-16-8 = 1.0,8-17-28-10-9-5 = 0.5,8-17-28-31-15-5 = 0.25,8-23-24-20-5 = 1.0,8-17-28-9-5 = 0.25,5-15-22-33-8 = 0.25,5-38-10-14-37-8 = 0.25,5-18-10-14-37-8 = 0.25
278,251,579.76,0.0,5.292,0.0,Prune by CG,,5-12-27-29-5 = 0.5,5-11-12-29-5 = 0.5,5-38-18-10-9-5 = 0.5,5-32-13-5 = 0.5,5-26-32-13-5 = 0.5,5-11-27-14-37-8 = 0.5,5-21-22-33-8 = 1.0,8-19-36-35-25-8 = 1.0,8-30-34-16-8 = 1.0,8-17-28-31-15-5 = 1.0,8-23-24-20-5 = 1.0,5-38-10-14-37-8 = 0.5,5-26-18-9-5 = 0.5
277,251,574.469,4.5,-0.0,-0.5,279,280,5-26-21-5 = 0.25,5-12-27-29-5 = 0.5,5-11-12-29-5 = 0.5,5-38-18-31-15-5 = 0.75,5-32-13-5 = 0.25,5-26-32-13-5 = 0.75,5-11-27-14-37-8 = 0.5,5-21-22-33-8 = 0.75,8-19-36-35-25-8 = 1.0,8-30-34-16-8 = 1.0,8-17-28-10-9-5 = 0.5,8-17-28-31-9-5 = 0.25,8-23-24-20-5 = 1.0,8-17-28-9-5 = 0.25,5-15-22-33-8 = 0.25,5-38-10-14-37-8 = 0.25,5-18-10-14-37-8 = 0.25
280,277,580.436,0.0,5.967,0.0,Prune by CG,,5-26-21-5 = 0.1,5-12-27-29-5 = 0.4,5-11-12-29-5 = 0.4,5-11-12-27-10-5 = 0.2,5-38-18-31-15-5 = 0.7,5-32-13-5 = 0.1,5-26-32-13-5 = 0.9,5-11-27-14-37-8 = 0.4,5-21-22-33-8 = 0.9,8-19-36-35-25-8 = 1.0,8-30-34-16-8 = 1.0,8-17-28-31-9-5 = 0.3,8-23-24-20-5 = 1.0,8-17-28-9-5 = 0.7,5-15-22-33-8 = 0.1,5-38-10-14-37-8 = 0.3,5-18-10-14-37-8 = 0.3,5-15-10-29-5 = 0.2
144,142,574.714,3.0,1.84,-0.5,281,282,5-26-28-9-5 = 0.5,5-12-27-29-5 = 1.0,5-38-18-31-15-5 = 0.5,5-32-13-5 = 0.5,5-26-32-13-5 = 0.5,5-24-21-20-5 = 1.0,8-23-35-25-8 = 1.0,8-17-10-14-37-8 = 1.0,8-19-36-22-33-8 = 1.0,8-30-34-16-8 = 1.0,5-11-38-28-9-5 = 0.5,5-11-18-31-15-5 = 0.5
275,214,574.715,3.333,0.057,-0.417,283,284,5-12-27-29-5 = 0.333,5-11-12-29-5 = 0.333,5-11-12-27-5 = 0.333,5-11-27-29-5 = 0.333,5-38-18-31-15-5 = 0.667,5-32-13-5 = 0.333,5-26-22-33-8 = 0.667,5-26-32-13-5 = 0.333,5-24-21-20-5 = 1.0,8-17-10-14-37-8 = 1.0,8-19-36-35-25-8 = 1.0,8-30-34-16-8 = 1.0,8-23-28-9-5 = 1.0,5-15-22-33-8 = 0.333,5-38-18-31-32-13-5 = 0.333
283,275,578.31,0.0,3.594,0.0,Prune by CG,,5-12-27-29-5 = 0.333,5-11-12-29-5 = 0.333,5-11-12-27-5 = 0.333,5-11-27-29-5 = 0.333,5-26-38-18-31-5 = 0.667,5-32-13-5 = 0.333,5-26-32-13-5 = 0.333,5-24-21-20-5 = 1.0,8-17-10-14-37-8 = 1.0,8-19-36-35-25-8 = 1.0,8-30-34-16-8 = 1.0,8-23-28-9-5 = 1.0,5-15-22-33-8 = 1.0,5-38-18-31-32-13-5 = 0.333
259,74,574.666,4.548,0.034,-0.012,285,286,5-13-5 = 0.02,8-30-8 = 0.921,5-32-5 = 0.02,5-26-24-20-5 = 0.941,5-12-27-29-5 = 0.495,5-11-12-29-5 = 0.495,5-38-18-31-9-5 = 0.204,5-38-18-31-15-5 = 0.388,5-32-13-5 = 0.98,5-12-14-37-8 = 0.01,5-11-27-14-37-8 = 0.505,8-37-14-29-5 = 0.01,5-21-35-25-8 = 0.941,5-21-35-33-8 = 0.059,8-23-36-22-5 = 0.796,8-17-37-14-5 = 0.184,8-17-10-14-37-8 = 0.02,8-19-34-16-8 = 0.931,8-19-36-24-20-5 = 0.059,8-30-34-16-8 = 0.069,8-17-28-10-9-5 = 0.709,8-19-30-8 = 0.01,8-23-28-9-5 = 0.087,8-23-28-22-5 = 0.117,5-26-36-33-25-8 = 0.059,8-17-28-36-22-5 = 0.087,5-38-18-15-33-8 = 0.204,5-38-31-15-33-5 = 0.204,5-18-31-15-33-5 = 0.204,5-33-10-14-37-8 = 0.271
285,259,587.874,0.0,13.208,0.0,Prune by CG,,8-30-8 = 0.725,5-26-24-20-5 = 0.78,5-12-27-29-5 = 0.362,5-11-12-29-5 = 0.275,5-11-12-27-5 = 0.11,5-11-27-29-5 = 0.362,5-38-18-31-15-5 = 1.0,5-32-13-5 = 0.858,5-26-32-13-5 = 0.055,5-21-35-25-8 = 0.945,8-23-36-22-5 = 0.89,8-19-34-16-8 = 0.78,8-19-22-20-5 = 0.055,8-19-36-22-25-8 = 0.055,8-19-36-24-20-5 = 0.055,8-30-34-16-8 = 0.22,8-17-28-10-9-5 = 0.165,8-19-30-8 = 0.055,5-11-12-27-14-8 = 0.165,8-23-24-20-5 = 0.11,8-17-28-9-5 = 0.835,5-11-12-32-13-5 = 0.087,5-33-10-14-37-8 = 0.835,5-26-33-37-8 = 0.165,8-24-21-35-8 = 0.055
257,73,574.907,5.1,0.6,-1.592,287,288,8-30-8 = 0.975,5-15-22-33-5 = 0.1,5-26-22-33-5 = 0.275,5-26-24-20-5 = 0.725,5-12-27-29-5 = 0.5,5-11-12-29-5 = 0.5,5-38-18-22-33-5 = 0.05,5-38-18-31-15-5 = 0.9,5-38-31-22-33-5 = 0.05,5-18-31-22-33-5 = 0.05,5-32-13-5 = 0.875,5-11-27-14-37-8 = 0.5,5-21-35-25-8 = 1.0,8-23-36-20-5 = 0.25,8-23-36-24-32-5 = 0.125,8-23-36-24-13-5 = 0.125,8-17-10-14-37-8 = 0.5,8-19-34-16-8 = 0.975,8-19-36-24-20-5 = 0.025,8-30-34-16-8 = 0.025,8-17-28-10-9-5 = 0.475,8-23-28-9-5 = 0.5,8-17-28-10-9-8 = 0.025,5-36-22-33-5 = 0.475
287,257,580.072,0.0,5.164,0.0,Prune by CG,,8-30-8 = 0.975,5-26-36-22-5 = 0.075,5-26-24-20-5 = 0.488,5-12-27-29-5 = 0.5,5-11-12-29-5 = 0.5,5-26-38-18-31-5 = 0.025,5-38-18-31-15-5 = 0.925,5-32-13-5 = 0.588,5-26-32-13-5 = 0.412,5-11-27-14-37-8 = 0.5,5-21-35-25-8 = 0.988,8-17-10-14-37-8 = 0.5,8-19-34-16-8 = 0.975,8-30-34-16-8 = 0.025,8-17-28-10-9-5 = 0.488,8-23-28-9-5 = 0.5,8-23-24-20-5 = 0.5,8-17-28-10-9-8 = 0.012,5-38-18-15-33-5 = 0.025,5-38-31-15-33-5 = 0.025,5-18-31-15-33-5 = 0.025,8-19-21-35-8 = 0.012,5-36-22-33-5 = 0.925,8-19-24-20-25-8 = 0.012
261,246,574.722,3.333,0.066,-0.267,289,290,5-26-21-5 = 0.222,5-12-27-29-5 = 0.333,5-11-12-29-5 = 0.333,5-38-18-31-15-5 = 0.944,5-31-9-29-5 = 0.056,5-32-13-5 = 0.389,5-12-14-37-8 = 0.333,5-26-22-33-8 = 0.167,5-26-32-13-5 = 0.611,5-11-27-14-37-8 = 0.667,5-21-22-33-8 = 0.778,8-23-35-25-8 = 1.0,8-19-36-24-20-5 = 1.0,8-30-34-16-8 = 1.0,8-17-28-10-9-5 = 0.833,8-17-28-10-29-5 = 0.167,5-15-22-33-8 = 0.056,5-38-9-29-5 = 0.056,5-18-9-29-5 = 0.056
289,261,594.887,0.0,20.165,0.0,Prune by CG,,8-30-8 = 0.105,5-26-24-21-5 = 0.053,5-11-12-27-10-5 = 0.579,5-38-10-37-14-5 = 0.211,5-38-18-31-15-5 = 0.368,5-32-13-5 = 0.211,5-12-14-37-8 = 0.368,5-26-22-33-8 = 0.158,5-26-32-13-5 = 0.632,5-11-27-14-37-8 = 0.421,5-21-22-33-8 = 0.842,8-23-35-25-8 = 0.895,8-19-36-35-25-8 = 0.105,8-19-36-24-20-5 = 0.789,8-34-16-8 = 0.211,8-30-34-16-8 = 0.789,8-17-28-31-15-5 = 0.632,8-23-19-30-8 = 0.105,5-26-24-32-13-5 = 0.158,8-17-28-36-21-5 = 0.105,8-17-28-18-12-5 = 0.053,8-17-28-10-20-5 = 0.211,5-38-9-29-5 = 0.421,5-18-9-29-5 = 0.579
158,109,575.505,2.0,2.572,-5.0,291,292,5-12-27-29-5 = 0.5,5-11-27-29-5 = 0.5,5-38-18-31-15-5 = 1.0,5-32-13-5 = 0.5,5-26-22-33-8 = 1.0,5-21-35-25-8 = 1.0,8-17-10-14-37-8 = 1.0,8-19-36-24-20-5 = 1.0,8-30-34-16-8 = 1.0,8-23-28-9-5 = 1.0,5-11-12-32-13-5 = 0.5
291,158,590.729,0.0,15.225,0.0,Prune by CG,,5-11-27-29-5 = 1.0,5-38-18-31-15-5 = 1.0,5-12-32-13-5 = 1.0,5-26-22-33-8 = 1.0,5-21-35-25-8 = 1.0,8-17-10-14-37-8 = 1.0,8-19-36-24-20-5 = 1.0,8-30-34-16-8 = 1.0,8-23-28-9-5 = 1.0
197,64,574.807,5.833,1.144,-0.5,293,294,8-30-8 = 0.75,5-26-24-20-5 = 1.0,5-12-27-29-5 = 0.333,5-11-12-29-5 = 0.333,5-11-12-27-5 = 0.333,5-11-27-29-5 = 0.333,5-38-18-31-15-5 = 0.333,5-38-18-28-9-5 = 0.583,5-38-28-31-15-5 = 0.083,5-31-15-22-5 = 0.5,5-18-28-31-15-5 = 0.083,5-32-13-5 = 1.0,5-28-10-14-37-8 = 0.167,5-21-35-25-8 = 0.833,8-23-36-22-5 = 0.417,8-17-10-14-37-8 = 0.833,8-19-34-16-8 = 0.583,8-19-36-35-33-8 = 0.167,8-19-36-21-33-8 = 0.083,8-19-36-33-25-8 = 0.167,8-34-16-8 = 0.167,8-30-34-16-8 = 0.25,8-23-33-9-5 = 0.417,8-17-23-36-33-5 = 0.167,5-28-22-21-5 = 0.083
293,197,580.81,0.0,6.003,0.0,Prune by CG,,8-30-8 = 0.821,5-26-24-20-5 = 1.0,5-12-27-29-5 = 0.5,5-11-12-29-5 = 0.25,5-11-12-27-5 = 0.25,5-11-27-29-5 = 0.25,5-11-38-18-28-31-5 = 0.25,5-38-28-31-9-5 = 0.071,5-38-28-31-15-5 = 0.464,5-18-28-31-9-5 = 0.214,5-32-13-5 = 1.0,5-21-35-25-8 = 0.929,8-23-36-22-5 = 0.393,8-17-10-14-37-8 = 0.786,8-19-34-16-8 = 0.607,8-19-36-35-33-8 = 0.071,8-19-36-33-9-5 = 0.214,8-19-36-33-9-8 = 0.107,8-34-16-8 = 0.214,8-30-34-16-8 = 0.179,8-23-33-9-5 = 0.393,8-17-23-36-33-5 = 0.214,5-18-15-22-5 = 0.536,5-38-10-14-37-8 = 0.214,5-21-22-25-8 = 0.071
231,221,574.69,7.25,0.355,0.25,295,296,8-30-8 = 0.812,5-15-22-33-5 = 0.062,5-26-24-20-5 = 0.438,5-26-28-9-5 = 0.25,5-12-27-29-5 = 0.25,5-11-12-29-5 = 0.25,5-11-12-27-5 = 0.5,5-11-27-14-29-5 = 0.25,5-21-22-33-5 = 0.438,5-38-18-31-15-5 = 0.438,5-38-18-28-9-5 = 0.438,5-38-28-10-9-5 = 0.125,5-31-15-22-5 = 0.5,5-28-31-10-9-5 = 0.062,5-18-28-10-9-5 = 0.125,5-32-13-5 = 1.0,5-24-21-20-5 = 0.562,8-23-35-25-8 = 0.5,8-23-36-35-8 = 0.5,8-17-37-14-5 = 0.063,8-17-37-29-5 = 0.25,8-17-10-14-37-8 = 0.688,8-19-34-16-8 = 0.812,8-19-36-33-25-8 = 0.188,8-30-34-16-8 = 0.188,5-26-36-33-25-8 = 0.312
295,231,578.981,0.0,4.29,0.0,Prune by CG,,8-30-8 = 0.643,5-15-22-33-5 = 0.571,5-26-20-5 = 0.357,5-26-24-20-5 = 0.357,5-12-27-29-5 = 0.286,5-11-12-29-5 = 0.286,5-11-12-27-5 = 0.429,5-11-27-29-5 = 0.143,5-11-27-14-29-5 = 0.143,5-21-22-33-5 = 0.429,5-38-18-31-15-5 = 0.429,5-38-18-28-9-5 = 0.429,5-38-28-31-9-5 = 0.143,5-28-31-10-9-5 = 0.286,5-18-28-31-9-5 = 0.143,5-32-13-5 = 1.0,5-24-21-20-5 = 0.286,8-23-35-25-8 = 0.357,8-23-36-35-8 = 0.643,8-17-37-14-5 = 0.143,8-17-37-29-5 = 0.143,8-17-10-14-37-8 = 0.714,8-19-34-16-8 = 0.643,8-19-36-24-25-8 = 0.357,8-30-34-16-8 = 0.357,5-26-21-25-8 = 0.286
220,218,574.88,4.111,0.911,-0.889,297,298,5-13-5 = 0.556,5-26-5 = 0.222,8-30-8 = 0.111,5-26-24-20-5 = 0.778,5-12-27-29-5 = 0.444,5-11-12-29-5 = 0.444,5-11-12-27-10-5 = 0.111,5-11-27-29-5 = 0.111,5-11-27-10-9-5 = 0.111,5-38-18-31-15-5 = 1.0,5-32-13-5 = 1.0,5-11-27-14-37-8 = 0.222,5-21-35-25-8 = 0.778,5-24-21-20-5 = 0.222,8-23-22-33-5 = 0.111,8-17-34-16-8 = 0.111,8-17-10-14-37-8 = 0.778,8-19-36-35-25-8 = 0.222,8-19-36-22-33-8 = 0.778,8-30-34-16-8 = 0.889,8-17-28-22-33-8 = 0.111,8-23-28-9-5 = 0.889
297,220,580.418,0.0,5.538,0.0,Prune by CG,,5-13-5 = 0.5,5-12-29-5 = 0.5,5-26-24-20-5 = 1.0,5-11-12-27-5 = 0.5,5-11-27-29-5 = 0.5,5-38-18-31-15-5 = 1.0,5-32-13-5 = 1.0,5-21-35-25-8 = 1.0,8-17-10-14-37-8 = 1.0,8-19-36-22-33-8 = 1.0,8-30-34-16-8 = 1.0,8-23-28-9-5 = 1.0
298,220,578.433,0.0,3.554,0.0,Prune by CG,,5-13-5 = 0.012,5-26-5 = 0.012,8-30-8 = 0.975,5-32-5 = 0.012,5-26-24-20-5 = 0.988,5-12-27-29-5 = 1.0,5-11-38-31-9-5 = 0.006,5-11-38-18-15-5 = 0.006,5-38-18-31-15-5 = 0.988,5-32-13-5 = 0.988,5-21-35-25-8 = 0.988,5-24-21-20-5 = 0.012,8-23-22-33-5 = 0.006,8-17-10-14-37-8 = 0.506,8-19-36-35-25-8 = 0.012,8-19-36-22-33-5 = 0.969,8-19-36-22-33-8 = 0.019,8-34-16-8 = 0.488,8-30-34-16-8 = 0.025,8-17-28-22-33-8 = 0.006,8-23-28-9-5 = 0.994,5-11-17-34-16-8 = 0.488,5-11-18-31-15-5 = 0.006,5-11-10-14-37-8 = 0.494
282,144,574.757,3.0,0.044,0.0,299,300,5-26-28-9-5 = 0.5,5-12-27-29-5 = 1.0,5-11-38-31-15-5 = 0.5,5-38-18-28-9-5 = 0.5,5-32-13-5 = 0.5,5-26-32-13-5 = 0.5,5-24-21-20-5 = 1.0,8-23-35-25-8 = 1.0,8-17-10-14-37-8 = 1.0,8-19-36-22-33-8 = 1.0,8-30-34-16-8 = 1.0,5-11-18-31-15-5 = 0.5
299,282,580.172,0.0,5.415,0.0,Prune by CG,,8-30-8 = 0.103,5-26-31-12-5 = 0.155,5-12-27-29-5 = 0.845,5-11-27-14-29-5 = 0.155,5-11-38-31-15-5 = 0.483,5-38-18-28-9-5 = 0.517,5-18-28-10-9-5 = 0.138,5-18-28-31-15-5 = 0.345,5-32-13-5 = 0.328,5-26-32-13-5 = 0.5,5-24-21-20-5 = 1.0,8-23-35-25-8 = 0.862,8-23-36-35-8 = 0.017,8-23-36-22-5 = 0.017,8-23-36-33-25-8 = 0.017,8-23-22-33-8 = 0.034,8-17-37-9-5 = 0.155,8-17-10-14-37-8 = 0.845,8-19-36-22-33-8 = 0.948,8-34-16-8 = 0.103,8-30-34-16-8 = 0.897,5-26-23-19-8 = 0.052,5-26-35-25-8 = 0.121,5-11-31-10-9-5 = 0.017,5-11-15-9-5 = 0.172,5-11-26-32-13-5 = 0.172
147,50,574.954,5.303,1.588,-0.897,301,302,8-30-8 = 0.939,5-26-36-21-5 = 0.03,5-26-24-20-5 = 0.97,5-12-27-29-5 = 0.394,5-11-12-29-5 = 0.394,5-11-12-27-5 = 0.212,5-11-27-29-5 = 0.03,5-11-27-14-29-5 = 0.182,5-11-27-10-9-5 = 0.182,5-21-22-33-5 = 0.242,5-38-18-31-15-5 = 0.182,5-38-18-28-9-5 = 0.636,5-38-28-31-15-5 = 0.182,5-18-28-31-15-5 = 0.182,5-32-13-5 = 1.0,5-21-22-33-8 = 0.242,5-24-21-20-5 = 0.03,8-23-35-25-8 = 0.545,8-23-36-35-5 = 0.455,8-17-37-9-5 = 0.182,8-17-10-14-37-8 = 0.818,8-19-34-16-8 = 0.939,8-19-36-22-33-5 = 0.061,8-30-34-16-8 = 0.061,5-36-22-21-5 = 0.455,5-31-15-33-25-8 = 0.455
301,147,578.894,0.0,3.94,0.0,Prune by CG,,8-30-8 = 0.75,5-26-24-20-5 = 1.0,5-11-12-27-5 = 1.0,5-38-18-31-15-5 = 0.75,5-38-18-28-9-5 = 0.25,5-28-9-29-5 = 0.5,5-32-13-5 = 1.0,5-21-22-33-8 = 0.5,8-23-35-25-8 = 0.75,8-23-36-35-5 = 0.25,8-17-37-29-5 = 0.25,8-17-10-14-37-8 = 0.75,8-19-34-16-8 = 0.75,8-19-36-33-9-5 = 0.25,8-30-34-16-8 = 0.25,5-36-22-21-5 = 0.5,5-31-15-33-25-8 = 0.25,5-28-10-14-29-5 = 0.25
302,147,578.798,0.0,3.844,0.0,Prune by CG,,5-13-5 = 0.091,8-30-8 = 0.818,5-26-36-21-5 = 0.091,5-26-24-20-5 = 0.909,5-12-27-29-5 = 1.0,5-38-18-31-15-5 = 0.636,5-32-13-5 = 1.0,5-21-22-33-8 = 0.455,5-24-21-20-5 = 0.091,8-23-35-25-8 = 0.636,8-23-36-35-5 = 0.364,8-17-37-14-5 = 0.273,8-17-10-14-37-8 = 0.727,8-19-34-16-8 = 0.818,8-19-36-22-33-5 = 0.182,8-30-34-16-8 = 0.182,5-36-22-21-5 = 0.364,5-31-15-33-25-8 = 0.364,5-11-38-28-9-5 = 0.364,5-11-18-28-9-5 = 0.364,5-11-28-10-9-5 = 0.273
286,259,574.794,4.548,0.127,-0.0,303,304,5-13-5 = 0.02,8-30-8 = 0.922,5-32-5 = 0.02,5-26-24-20-5 = 0.942,5-12-27-29-5 = 0.495,5-11-12-29-5 = 0.495,5-38-18-31-9-5 = 0.204,5-38-18-31-15-5 = 0.117,5-32-13-5 = 0.98,5-12-14-37-8 = 0.01,5-11-27-14-37-8 = 0.505,8-37-14-29-5 = 0.01,5-21-35-25-8 = 0.942,5-21-35-33-8 = 0.058,8-23-36-22-5 = 0.796,8-17-37-14-5 = 0.184,8-17-10-14-37-8 = 0.02,8-19-34-16-8 = 0.932,8-19-36-24-20-5 = 0.058,8-30-34-16-8 = 0.068,8-17-28-10-9-5 = 0.709,8-19-30-8 = 0.01,8-23-28-9-5 = 0.087,8-23-28-22-5 = 0.117,5-26-36-33-25-8 = 0.058,8-17-28-36-22-5 = 0.087,5-38-18-15-33-8 = 0.204,5-38-10-14-37-8 = 0.271,5-38-31-15-33-5 = 0.204,5-18-31-15-33-5 = 0.475
303,286,584.307,0.0,9.513,0.0,Prune by CG,,8-30-8 = 0.75,5-26-24-20-5 = 0.75,5-12-27-29-5 = 0.333,5-11-12-29-5 = 0.333,5-11-12-27-5 = 0.333,5-11-27-14-29-5 = 0.333,5-38-18-31-9-5 = 0.167,5-38-18-31-15-5 = 0.667,5-31-15-9-5 = 0.167,5-32-13-5 = 1.0,5-21-35-25-8 = 0.75,5-21-35-33-8 = 0.25,8-23-36-22-5 = 0.167,8-17-37-9-5 = 0.167,8-17-10-14-37-8 = 0.667,8-19-34-16-8 = 0.75,8-19-36-24-20-5 = 0.083,8-30-34-16-8 = 0.083,8-19-30-8 = 0.167,8-23-28-9-5 = 0.167,8-23-28-22-5 = 0.667,5-26-36-33-25-8 = 0.25,8-17-28-36-22-5 = 0.167,5-38-18-15-33-8 = 0.167,5-36-33-10-9-5 = 0.333,8-34-16-37-8 = 0.167,5-24-20-5 = 0.167
294,197,574.988,5.0,0.181,-0.833,305,306,8-30-8 = 0.833,5-26-24-20-5 = 0.833,5-12-27-29-5 = 0.333,5-11-12-29-5 = 0.333,5-11-12-27-5 = 0.333,5-11-27-29-5 = 0.333,5-38-18-31-15-5 = 0.167,5-38-18-28-9-5 = 0.833,5-31-15-22-5 = 0.833,5-32-13-5 = 0.833,5-28-10-14-37-8 = 0.167,5-21-35-25-8 = 0.833,8-23-36-21-5 = 0.167,8-23-36-22-5 = 0.167,8-23-36-33-5 = 0.167,8-17-10-14-37-8 = 0.833,8-19-34-16-8 = 0.667,8-19-36-35-33-8 = 0.167,8-19-36-33-25-8 = 0.167,8-34-16-8 = 0.167,8-30-34-16-8 = 0.167,8-23-33-9-5 = 0.167,8-23-33-20-5 = 0.167,8-17-23-36-33-5 = 0.167,5-26-24-32-13-5 = 0.167
305,294,579.323,0.0,4.335,0.0,Prune by CG,,8-30-8 = 0.762,5-26-24-21-5 = 0.317,5-26-28-9-5 = 0.048,5-12-27-29-5 = 0.365,5-11-12-29-5 = 0.365,5-11-12-27-5 = 0.27,5-11-27-29-5 = 0.175,5-11-27-14-29-5 = 0.095,5-11-27-10-9-5 = 0.095,5-38-18-31-15-5 = 0.238,5-38-18-28-9-5 = 0.762,5-31-15-22-5 = 0.762,5-32-13-5 = 1.0,5-28-10-14-37-8 = 0.19,5-21-35-25-8 = 0.683,8-23-36-22-5 = 0.238,8-23-36-20-5 = 0.143,8-17-37-9-5 = 0.079,8-17-37-9-8 = 0.016,8-17-10-14-37-8 = 0.714,8-19-34-16-8 = 0.571,8-19-36-33-20-5 = 0.429,8-34-16-8 = 0.19,8-30-34-16-8 = 0.238,8-23-24-20-5 = 0.048,8-23-33-20-5 = 0.381,8-17-23-36-33-5 = 0.19,5-26-24-35-8 = 0.317,5-26-24-25-8 = 0.317
163,121,574.84,6.784,1.535,0.251,307,308,5-13-5 = 0.02,8-30-8 = 0.876,5-32-5 = 0.02,5-26-31-15-5 = 0.248,5-26-24-20-5 = 0.752,5-12-27-29-5 = 0.5,5-11-12-29-5 = 0.5,5-38-18-31-15-5 = 0.584,5-38-28-10-9-5 = 0.416,5-28-31-10-9-5 = 0.064,5-18-28-10-9-5 = 0.416,5-32-13-5 = 0.98,5-11-27-14-37-8 = 0.5,5-31-10-14-37-8 = 0.104,5-21-35-25-8 = 0.792,8-23-36-21-5 = 0.208,8-23-36-15-5 = 0.064,8-23-22-33-5 = 0.48,8-17-37-14-5 = 0.396,8-17-34-16-8 = 0.604,8-19-34-16-8 = 0.272,8-19-36-35-25-8 = 0.208,8-19-36-22-33-8 = 0.52,8-30-34-16-8 = 0.124,8-23-24-20-5 = 0.248,5-28-15-9-5 = 0.104
307,163,577.833,0.0,2.993,0.0,Prune by CG,,8-30-8 = 0.85,5-26-20-5 = 0.067,5-26-24-20-5 = 0.85,5-12-27-29-5 = 0.5,5-11-12-29-5 = 0.5,5-38-18-31-15-5 = 0.617,5-38-28-10-9-5 = 0.383,5-28-31-10-9-5 = 0.233,5-18-28-10-9-5 = 0.383,5-32-13-5 = 1.0,5-11-27-14-37-8 = 0.5,5-21-35-25-8 = 0.85,5-24-35-25-8 = 0.033,8-23-36-21-5 = 0.15,8-23-36-15-5 = 0.383,8-23-22-33-5 = 0.383,8-17-37-14-8 = 0.5,8-17-34-16-8 = 0.35,8-19-34-16-8 = 0.5,8-19-36-22-33-5 = 0.467,8-30-34-16-8 = 0.15,8-23-24-20-5 = 0.083,8-19-24-35-25-8 = 0.033,5-26-35-25-8 = 0.083,8-17-31-22-33-8 = 0.15
290,261,574.748,4.333,0.026,1.0,309,310,5-26-21-5 = 0.333,5-12-27-29-5 = 0.333,5-11-12-29-5 = 0.333,5-38-18-31-9-5 = 0.333,5-38-18-31-15-5 = 0.667,5-32-13-5 = 0.333,5-12-14-37-8 = 0.333,5-26-32-13-5 = 0.667,5-11-27-14-37-8 = 0.667,5-21-22-33-8 = 0.667,8-23-35-25-8 = 1.0,8-19-36-24-20-5 = 1.0,8-30-34-16-8 = 1.0,8-17-28-10-9-5 = 0.667,8-17-28-10-29-5 = 0.333,5-15-22-33-8 = 0.333
310,290,584.037,0.0,9.289,0.0,Prune by CG,,5-26-21-5 = 0.667,5-38-18-31-9-5 = 0.667,5-38-18-31-15-5 = 0.333,5-32-13-5 = 0.333,5-12-14-37-8 = 0.333,5-26-32-13-5 = 0.333,5-11-27-14-37-8 = 0.667,5-21-22-33-8 = 0.333,8-23-35-25-8 = 1.0,8-19-36-24-20-5 = 1.0,8-30-34-16-8 = 1.0,5-11-12-32-13-5 = 0.333,8-17-28-10-29-5 = 1.0,5-15-22-33-8 = 0.667,5-12-27-9-5 = 0.333
176,60,574.4,5.522,0.505,3.522,311,312,8-30-8 = 0.019,5-26-24-20-5 = 0.761,5-12-27-29-5 = 0.522,5-11-12-29-5 = 0.478,5-11-27-10-9-5 = 0.208,5-11-38-18-28-31-5 = 0.044,5-38-18-31-15-5 = 0.151,5-38-18-28-9-5 = 0.686,5-32-13-5 = 0.642,5-24-21-32-13-5 = 0.239,5-11-27-14-37-8 = 0.27,8-23-35-25-8 = 0.711,8-23-36-35-8 = 0.145,8-23-36-33-25-8 = 0.145,8-17-10-14-37-8 = 0.73,8-19-34-16-8 = 0.019,8-19-22-15-5 = 0.208,8-19-33-10-9-5 = 0.063,8-19-36-35-25-8 = 0.145,8-19-36-22-33-8 = 0.566,8-30-34-16-8 = 0.981,8-17-28-22-33-8 = 0.226,5-26-21-32-5 = 0.119,5-26-20-13-5 = 0.119,5-31-15-21-5 = 0.642,8-17-28-31-9-8 = 0.044,5-38-18-31-20-5 = 0.119
311,176,583.945,0.0,9.545,0.0,Prune by CG,,5-26-24-20-5 = 0.667,5-12-27-29-5 = 0.5,5-11-12-29-5 = 0.5,5-38-18-28-9-5 = 0.5,5-38-18-28-15-5 = 0.333,5-32-13-5 = 0.667,5-24-21-32-13-5 = 0.167,5-11-27-14-37-8 = 0.5,5-21-35-25-8 = 0.333,5-24-35-20-5 = 0.167,8-23-35-25-8 = 0.167,8-23-36-35-8 = 0.333,8-23-36-33-25-8 = 0.5,8-17-10-14-37-8 = 0.5,8-19-22-15-5 = 0.333,8-19-36-22-33-8 = 0.167,8-30-34-16-8 = 1.0,5-26-21-32-5 = 0.167,5-26-20-13-5 = 0.167,8-17-28-31-22-8 = 0.167,5-38-15-21-5 = 0.167,5-18-15-21-5 = 0.167,8-17-31-22-33-8 = 0.333,8-19-31-10-9-5 = 0.5
312,176,574.465,5.806,0.066,0.284,313,314,5-26-24-20-5 = 0.778,5-12-27-29-5 = 0.514,5-11-12-29-5 = 0.486,5-11-27-10-9-5 = 0.208,5-11-38-18-28-31-5 = 0.028,5-38-18-31-9-5 = 0.028,5-38-18-31-15-5 = 0.167,5-38-18-31-21-5 = 0.042,5-38-18-28-9-5 = 0.625,5-32-13-5 = 0.667,5-24-21-32-13-5 = 0.222,5-11-27-14-37-8 = 0.278,8-23-35-25-8 = 0.653,8-23-36-35-8 = 0.139,8-23-36-33-25-8 = 0.139,8-17-10-14-37-8 = 0.722,8-19-22-15-5 = 0.208,8-19-33-10-9-5 = 0.069,8-19-36-35-25-8 = 0.208,8-19-36-22-33-8 = 0.514,8-30-34-16-8 = 1.0,8-17-28-22-33-8 = 0.278,5-26-21-32-5 = 0.111,5-26-20-13-5 = 0.111,8-23-28-9-8 = 0.069,5-31-15-21-5 = 0.625,5-38-18-31-20-5 = 0.111
313,312,581.808,0.0,7.342,0.0,Prune by CG,,5-26-24-20-5 = 0.515,5-12-27-29-5 = 0.424,5-11-12-29-5 = 0.424,5-11-27-14-29-5 = 0.152,5-38-18-31-15-5 = 0.606,5-38-18-31-21-5 = 0.394,5-28-10-37-14-5 = 0.303,5-32-13-5 = 0.667,5-24-21-32-13-5 = 0.091,5-11-27-14-37-8 = 0.273,5-21-35-25-8 = 0.121,5-24-35-20-5 = 0.394,8-23-35-25-8 = 0.485,8-23-36-33-25-8 = 0.394,8-17-37-9-8 = 0.303,8-17-10-14-37-8 = 0.121,8-19-22-15-5 = 0.394,8-19-36-22-33-8 = 0.606,8-30-34-16-8 = 1.0,5-26-21-32-5 = 0.242,5-11-12-27-14-5 = 0.152,5-26-20-13-5 = 0.091,8-23-28-9-8 = 0.121,5-26-21-13-5 = 0.152,8-17-28-10-9-8 = 0.576
314,312,574.536,5.897,0.071,0.091,315,316,8-30-8 = 0.052,5-26-24-20-5 = 0.732,5-12-27-29-5 = 0.536,5-11-12-29-5 = 0.464,5-11-27-10-9-5 = 0.206,5-11-38-18-28-31-5 = 0.072,5-38-18-31-9-5 = 0.072,5-38-18-31-15-5 = 0.124,5-38-18-28-9-5 = 0.67,5-32-13-5 = 0.598,5-24-21-32-13-5 = 0.268,5-11-27-14-37-8 = 0.258,8-23-35-25-8 = 0.691,8-23-36-35-8 = 0.155,8-23-36-33-25-8 = 0.155,8-17-10-14-37-8 = 0.742,8-19-34-16-8 = 0.052,8-19-22-15-5 = 0.206,8-19-33-10-9-5 = 0.052,8-19-36-35-25-8 = 0.155,8-19-36-22-33-8 = 0.536,8-30-34-16-8 = 0.948,8-17-28-22-33-8 = 0.258,5-26-21-32-5 = 0.134,5-26-20-13-5 = 0.134,5-31-15-21-5 = 0.598,5-31-15-20-5 = 0.072,5-38-18-31-20-5 = 0.062
309,290,575.088,3.174,0.341,-1.159,317,318,8-30-8 = 0.043,5-26-21-5 = 0.087,5-12-27-29-5 = 0.391,5-11-12-29-5 = 0.391,5-37-14-29-5 = 0.174,5-38-18-31-15-5 = 0.957,5-32-13-5 = 0.304,5-12-14-37-8 = 0.217,5-26-22-33-8 = 0.13,5-26-32-13-5 = 0.696,5-11-27-14-37-8 = 0.609,5-21-22-33-8 = 0.87,8-23-35-25-8 = 0.957,8-19-36-24-20-5 = 0.957,8-34-16-8 = 0.087,8-30-34-16-8 = 0.913,8-17-28-10-9-5 = 0.957,8-23-19-30-8 = 0.043,5-26-24-35-8 = 0.043,5-38-18-31-9-8 = 0.043,5-15-10-29-5 = 0.043,5-26-21-25-8 = 0.043,8-17-28-36-20-5 = 0.043
317,309,579.249,0.0,4.161,0.0,Prune by CG,,5-12-27-29-5 = 0.4,5-11-12-29-5 = 0.4,5-37-14-29-5 = 0.2,5-38-18-31-15-5 = 1.0,5-32-13-5 = 0.667,5-12-14-37-8 = 0.2,5-24-21-32-13-5 = 0.244,5-26-21-33-8 = 0.2,5-26-22-33-8 = 0.6,5-11-27-14-37-8 = 0.6,5-21-22-33-8 = 0.2,8-23-35-25-8 = 0.822,8-23-19-34-8 = 0.089,8-19-35-20-5 = 0.089,8-19-36-24-20-5 = 0.733,8-30-34-16-8 = 0.911,8-17-28-10-9-5 = 1.0,8-36-35-20-5 = 0.067,8-36-22-20-5 = 0.111,8-23-19-30-8 = 0.089,5-26-24-35-8 = 0.022,8-36-21-32-13-5 = 0.089,5-21-22-16-8 = 0.089,5-26-21-25-8 = 0.178
33,17,575.226,4.0,5.721,-1.667,319,320,8-30-8 = 0.2,5-26-20-5 = 1.0,5-12-27-29-5 = 0.5,5-11-12-29-5 = 0.5,5-38-18-31-15-5 = 0.7,5-38-18-28-9-5 = 0.3,5-31-15-9-5 = 0.2,5-11-27-14-37-8 = 0.5,5-28-10-14-37-8 = 0.1,5-21-22-33-8 = 1.0,8-23-35-25-8 = 1.0,8-17-10-14-37-8 = 0.4,8-19-36-24-32-13-5 = 1.0,8-34-16-8 = 0.2,8-30-34-16-8 = 0.8,8-17-28-10-9-5 = 0.5,8-17-28-31-15-5 = 0.1
320,33,588.299,0.0,13.073,0.0,Prune by CG,,8-30-8 = 0.4,5-26-24-20-5 = 0.5,5-12-27-29-5 = 0.5,5-11-12-29-5 = 0.5,5-38-18-31-9-5 = 0.2,5-38-18-31-15-5 = 0.6,5-38-18-28-9-5 = 0.1,5-11-27-14-37-8 = 0.5,5-21-22-33-8 = 0.5,8-23-35-25-8 = 1.0,8-17-10-14-37-8 = 0.5,8-19-36-21-32-5 = 0.5,8-19-36-24-32-13-5 = 0.5,8-34-16-8 = 0.4,8-30-34-16-8 = 0.6,5-26-20-13-5 = 0.5,8-17-28-10-9-8 = 0.5,8-28-31-22-33-8 = 0.2,5-38-18-28-9-8 = 0.1,8-15-22-33-8 = 0.3,8-28-15-9-5 = 0.1
76,24,574.913,5.333,3.341,0.333,321,322,8-30-8 = 0.083,5-12-27-29-5 = 0.5,5-11-12-29-5 = 0.5,5-11-27-10-9-5 = 0.25,5-21-22-33-5 = 0.083,5-38-18-31-9-5 = 0.583,5-38-18-31-15-5 = 0.083,5-38-18-28-15-5 = 0.25,5-38-28-31-15-5 = 0.083,5-31-15-9-5 = 0.167,5-18-28-31-15-5 = 0.083,5-32-13-5 = 0.333,5-26-32-13-5 = 0.667,5-11-27-14-37-8 = 0.25,5-21-35-25-8 = 0.167,5-21-22-33-8 = 0.667,8-23-36-21-5 = 0.083,8-17-10-14-37-8 = 0.75,8-19-34-16-8 = 0.083,8-19-36-35-25-8 = 0.833,8-19-36-24-20-5 = 0.083,8-30-34-16-8 = 0.917,8-17-28-22-33-8 = 0.25,8-23-24-20-5 = 0.917,5-26-28-15-5 = 0.333
233,63,575.016,5.08,0.626,-0.16,323,324,5-13-5 = 0.02,8-30-8 = 0.9,5-32-5 = 0.02,5-26-24-20-5 = 1.0,5-12-27-29-5 = 0.5,5-11-12-29-5 = 0.5,5-38-18-31-22-5 = 0.18,5-38-18-31-15-5 = 0.58,5-31-15-22-5 = 0.22,5-32-13-5 = 0.98,5-11-27-14-37-8 = 0.5,5-31-10-14-37-8 = 0.02,5-21-35-25-8 = 1.0,8-23-36-22-5 = 0.6,8-23-36-33-5 = 0.3,8-19-34-16-8 = 0.9,8-19-36-33-9-5 = 0.1,8-30-34-16-8 = 0.1,8-17-28-15-33-5 = 0.2,8-17-28-10-9-5 = 0.4,8-23-33-9-5 = 0.1,8-17-28-10-9-8 = 0.1,5-38-10-14-37-8 = 0.24,5-18-10-14-37-8 = 0.24,8-17-28-33-9-5 = 0.3
323,233,578.097,0.0,3.081,0.0,Prune by CG,,5-13-5 = 0.02,8-30-8 = 0.975,5-32-5 = 0.02,5-26-24-20-5 = 1.0,5-12-27-29-5 = 0.405,5-11-12-29-5 = 0.405,5-11-12-27-10-5 = 0.165,5-38-18-31-15-5 = 0.805,5-32-13-5 = 0.98,5-11-27-14-37-8 = 0.405,5-31-10-14-37-8 = 0.195,5-21-35-25-8 = 1.0,8-23-36-22-5 = 0.815,8-17-10-14-37-8 = 0.01,8-19-34-16-8 = 0.975,8-19-33-10-9-5 = 0.025,8-30-34-16-8 = 0.025,5-36-22-15-5 = 0.185,8-23-33-9-5 = 0.175,8-23-28-15-5 = 0.01,8-17-28-10-29-5 = 0.19,5-38-10-14-37-8 = 0.195,5-18-10-14-37-8 = 0.195,8-17-28-33-9-5 = 0.8,5-11-12-27-10-8 = 0.025
149,105,574.864,5.778,1.667,0.778,325,326,8-30-8 = 0.917,5-26-24-20-5 = 0.903,5-12-27-29-5 = 0.5,5-11-12-29-5 = 0.5,5-38-18-31-15-5 = 0.875,5-38-18-28-9-5 = 0.125,5-31-15-9-5 = 0.042,5-32-13-5 = 0.806,5-11-27-14-37-8 = 0.5,5-21-22-33-8 = 0.653,8-23-35-25-8 = 0.542,8-23-36-35-8 = 0.125,8-23-36-33-25-8 = 0.125,8-17-10-14-37-8 = 0.417,8-19-22-21-5 = 0.25,8-19-36-35-25-8 = 0.333,8-19-36-22-33-8 = 0.097,8-19-36-33-9-5 = 0.125,8-19-36-21-32-5 = 0.097,8-19-36-24-32-13-5 = 0.097,8-34-16-8 = 0.917,8-30-34-16-8 = 0.083,8-17-28-10-9-5 = 0.5,8-17-28-31-15-5 = 0.083,8-28-10-14-37-8 = 0.083,5-26-20-13-5 = 0.097,8-23-28-9-8 = 0.208
325,149,574.914,5.667,0.051,-0.111,327,328,8-30-8 = 1.0,5-26-24-20-5 = 0.833,5-12-27-29-5 = 0.5,5-11-12-29-5 = 0.5,5-38-18-31-15-5 = 0.5,5-38-18-28-9-5 = 0.5,5-32-13-5 = 0.667,5-11-27-14-37-8 = 0.5,5-21-22-33-8 = 0.333,8-23-35-25-8 = 1.0,8-17-10-14-37-8 = 0.5,8-19-36-22-33-8 = 0.667,8-19-36-21-32-5 = 0.167,8-19-36-24-32-13-5 = 0.167,8-34-16-8 = 1.0,8-17-28-10-9-5 = 0.5,5-26-20-13-5 = 0.167,5-31-15-21-5 = 0.5
327,325,580.989,0.0,6.075,0.0,Prune by CG,,5-13-5 = 0.333,8-30-8 = 1.0,5-26-20-5 = 0.667,5-26-24-20-5 = 0.333,5-12-27-29-5 = 0.5,5-11-12-29-5 = 0.5,5-38-18-31-9-5 = 0.167,5-38-18-31-15-5 = 0.5,5-38-18-28-9-5 = 0.333,5-11-27-14-37-8 = 0.5,5-31-10-14-37-8 = 0.167,5-21-22-33-8 = 0.667,8-23-35-25-8 = 1.0,8-17-10-14-37-8 = 0.333,8-19-36-21-32-5 = 0.333,8-19-36-24-32-13-5 = 0.667,8-34-16-8 = 1.0,8-17-28-10-9-5 = 0.5,8-17-28-31-15-5 = 0.167,5-15-22-33-8 = 0.333
238,235,575.059,6.517,0.772,-0.15,329,330,5-26-24-20-5 = 0.85,5-12-27-29-5 = 0.5,5-11-12-29-5 = 0.5,5-38-18-31-9-5 = 0.317,5-38-18-31-15-5 = 0.525,5-38-18-28-9-5 = 0.158,5-31-15-9-5 = 0.025,5-32-13-5 = 0.667,5-11-27-14-37-8 = 0.5,5-28-10-14-37-8 = 0.208,8-23-35-25-8 = 0.775,8-23-19-34-8 = 0.075,8-17-10-14-37-8 = 0.292,8-19-22-21-5 = 0.15,8-19-36-35-25-8 = 0.225,8-19-36-22-33-8 = 0.058,8-19-36-21-33-8 = 0.342,8-30-34-16-8 = 0.925,8-17-28-10-9-5 = 0.5,8-36-22-21-5 = 0.192,8-23-19-30-8 = 0.075,8-17-23-19-16-8 = 0.075,5-22-33-20-5 = 0.15,5-26-24-32-13-5 = 0.15,8-17-28-31-21-5 = 0.133,5-15-22-33-8 = 0.45,8-36-21-32-13-5 = 0.183
256,201,575.108,2.96,0.688,-0.373,331,332,5-26-24-20-5 = 1.0,5-12-27-29-5 = 0.6,5-11-12-29-5 = 0.24,5-11-27-29-5 = 0.08,5-11-27-14-29-5 = 0.08,5-11-27-10-9-5 = 0.08,5-11-12-27-13-5 = 0.16,5-38-18-31-15-5 = 0.6,5-32-13-5 = 0.64,5-21-22-33-8 = 0.92,8-17-37-9-5 = 0.08,8-17-10-14-37-8 = 0.92,8-19-36-35-25-8 = 1.0,8-30-34-16-8 = 1.0,8-23-28-9-5 = 0.84,8-23-28-15-5 = 0.16,5-31-15-21-5 = 0.08,5-11-38-18-32-13-5 = 0.2,5-31-15-22-8 = 0.08,5-18-31-15-33-8 = 0.04,5-38-31-15-33-8 = 0.04,5-11-38-18-31-32-5 = 0.16
331,256,578.921,0.0,3.813,0.0,Prune by CG,,5-26-24-20-5 = 1.0,5-12-27-29-5 = 1.0,5-11-38-31-15-5 = 0.333,5-38-18-28-9-5 = 0.333,5-32-13-5 = 0.667,5-21-22-33-8 = 0.667,8-17-10-14-37-8 = 1.0,8-19-36-35-25-8 = 1.0,8-30-34-16-8 = 1.0,8-23-28-9-5 = 0.667,8-23-21-13-5 = 0.333,5-15-22-33-8 = 0.333,5-11-18-31-15-5 = 0.333,5-11-38-18-31-32-5 = 0.333
187,185,575.244,4.864,1.623,-1.011,333,334,5-26-24-20-5 = 0.773,5-12-27-29-5 = 0.5,5-11-12-29-5 = 0.5,5-38-18-31-15-5 = 0.455,5-38-18-31-21-5 = 0.114,5-32-13-5 = 0.545,5-32-20-13-5 = 0.114,5-24-21-32-13-5 = 0.227,5-11-27-14-37-8 = 0.5,8-23-35-25-8 = 1.0,8-17-37-14-5 = 0.25,8-19-36-22-33-8 = 1.0,8-30-34-16-8 = 1.0,8-17-28-10-9-5 = 0.75,5-26-21-32-5 = 0.114,5-26-20-13-5 = 0.114,5-31-15-21-5 = 0.432,5-38-10-14-37-8 = 0.182,5-18-15-21-5 = 0.114,5-18-10-14-37-8 = 0.068,5-38-18-28-9-8 = 0.25
334,187,582.629,0.0,7.385,0.0,Prune by CG,,5-26-24-20-5 = 0.75,5-12-27-29-5 = 0.5,5-11-12-29-5 = 0.5,5-32-13-5 = 0.625,5-24-21-32-13-5 = 0.25,5-11-27-14-37-8 = 0.5,8-23-35-25-8 = 0.875,8-23-36-35-8 = 0.125,8-17-37-14-5 = 0.125,8-17-10-37-14-5 = 0.25,8-19-22-15-5 = 0.5,8-19-36-22-33-8 = 0.5,8-30-34-16-8 = 1.0,8-17-28-10-9-5 = 0.625,5-26-21-32-5 = 0.125,5-26-20-13-5 = 0.125,5-31-15-21-5 = 0.5,5-38-18-31-9-8 = 0.375,5-18-10-14-37-8 = 0.125,5-38-31-33-20-5 = 0.125,5-38-18-21-25-8 = 0.125,5-38-18-28-36-33-8 = 0.375
96,49,575.156,5.25,2.583,0.139,335,336,8-30-8 = 0.875,5-15-10-9-5 = 0.125,5-26-21-5 = 0.5,5-26-24-20-5 = 0.5,5-12-27-29-5 = 0.5,5-11-12-29-5 = 0.5,5-38-18-31-15-5 = 0.625,5-38-18-28-9-5 = 0.25,5-38-28-10-9-5 = 0.125,5-31-15-9-5 = 0.25,5-18-31-10-9-5 = 0.125,5-32-13-5 = 1.0,5-11-27-14-37-8 = 0.5,5-28-10-14-37-8 = 0.5,5-24-21-20-5 = 0.5,8-23-35-25-8 = 1.0,8-17-34-16-8 = 0.875,8-19-36-22-33-5 = 1.0,8-30-34-16-8 = 0.125,8-17-28-10-9-8 = 0.125
335,96,578.874,0.0,3.718,0.0,Prune by CG,,8-30-8 = 0.917,5-15-10-9-5 = 0.05,5-26-21-5 = 0.333,5-26-24-20-5 = 0.667,5-12-27-29-5 = 0.4,5-11-12-29-5 = 0.4,5-37-14-29-5 = 0.2,5-21-22-33-5 = 0.1,5-38-18-31-15-5 = 0.617,5-38-28-10-9-5 = 0.383,5-31-15-22-5 = 0.1,5-18-31-10-9-5 = 0.05,5-18-28-10-9-5 = 0.333,5-32-13-5 = 1.0,5-12-14-37-8 = 0.2,5-11-27-14-37-8 = 0.6,5-24-21-20-5 = 0.333,8-23-35-25-8 = 0.9,8-23-36-35-8 = 0.1,8-17-34-16-8 = 0.717,8-19-34-16-8 = 0.2,8-19-36-22-33-5 = 0.8,8-30-34-16-8 = 0.083,8-17-28-36-33-25-8 = 0.1,5-31-15-21-5 = 0.233,8-17-28-10-9-8 = 0.183
336,96,578.231,0.0,3.075,0.0,Prune by CG,,8-30-8 = 0.882,5-26-21-5 = 0.353,5-26-24-20-5 = 0.647,5-12-27-29-5 = 0.429,5-11-12-29-5 = 0.429,5-11-12-27-10-5 = 0.143,5-11-27-10-29-5 = 0.143,5-21-22-33-5 = 0.118,5-38-18-31-15-5 = 0.563,5-38-18-28-9-5 = 0.387,5-31-15-9-5 = 0.437,5-32-13-5 = 1.0,5-11-27-14-37-8 = 0.286,5-28-10-14-37-8 = 0.613,5-24-21-20-5 = 0.353,8-23-35-25-8 = 1.0,8-17-34-16-8 = 0.941,8-19-22-21-5 = 0.059,8-19-36-22-33-5 = 0.647,8-19-36-22-33-8 = 0.059,8-19-36-33-9-5 = 0.176,8-30-34-16-8 = 0.059,8-36-22-21-5 = 0.118,5-38-10-14-37-8 = 0.05,5-18-10-14-37-8 = 0.05,8-17-19-30-8 = 0.059
53,41,575.276,5.8,4.349,-0.55,337,338,8-30-8 = 0.1,5-26-24-20-5 = 0.8,5-12-27-29-5 = 0.5,5-11-12-29-5 = 0.5,5-38-18-31-15-5 = 1.0,5-32-13-5 = 0.5,5-32-20-13-5 = 0.1,5-24-21-32-13-5 = 0.2,5-11-27-14-37-8 = 0.5,5-21-35-25-8 = 0.5,5-21-22-33-8 = 0.1,8-23-35-25-8 = 0.5,8-17-10-14-37-8 = 0.5,8-19-34-16-8 = 0.1,8-19-36-22-33-5 = 0.9,8-30-34-16-8 = 0.9,8-17-28-10-9-5 = 0.2,5-26-21-32-5 = 0.1,5-26-20-13-5 = 0.1,8-23-28-9-8 = 0.5,8-17-28-10-9-8 = 0.3,5-36-21-32-13-5 = 0.1
338,53,581.949,0.0,6.672,0.0,Prune by CG,,8-30-8 = 0.333,5-12-27-29-5 = 0.5,5-11-12-29-5 = 0.5,5-38-18-31-15-5 = 0.63,5-38-18-28-9-5 = 0.241,5-38-31-10-9-5 = 0.13,5-31-15-9-5 = 0.074,5-18-31-10-9-5 = 0.13,5-32-20-5 = 0.037,5-11-27-14-37-8 = 0.5,5-31-10-14-37-8 = 0.037,5-28-10-14-37-8 = 0.111,5-21-22-33-8 = 0.444,5-24-20-13-5 = 0.519,8-23-35-25-8 = 0.926,8-17-10-14-37-8 = 0.352,8-19-34-16-8 = 0.407,8-19-36-22-33-5 = 0.222,8-19-36-33-9-5 = 0.185,8-30-34-16-8 = 0.593,8-17-28-10-9-5 = 0.241,8-36-22-15-5 = 0.148,5-26-21-32-5 = 0.556,8-23-19-30-8 = 0.074,5-26-20-13-5 = 0.444,8-19-24-35-25-8 = 0.074,5-15-22-33-8 = 0.148,8-19-36-22-13-5 = 0.037,8-17-28-36-24-32-5 = 0.407
153,141,574.67,7.388,1.191,3.311,339,340,5-12-27-29-5 = 0.4,5-11-12-29-5 = 0.4,5-11-12-27-5 = 0.2,5-11-27-14-29-5 = 0.2,5-11-27-10-9-5 = 0.2,5-38-18-31-15-5 = 0.335,5-38-18-28-9-5 = 0.565,5-31-15-22-5 = 0.247,5-32-13-5 = 0.306,5-26-22-33-8 = 0.353,5-26-32-13-5 = 0.647,5-24-21-20-5 = 0.747,8-23-35-25-8 = 0.341,8-23-36-35-8 = 0.212,8-23-36-33-25-8 = 0.212,8-17-37-9-5 = 0.2,8-17-10-14-37-8 = 0.582,8-19-34-16-8 = 0.235,8-19-36-35-25-8 = 0.447,8-19-36-33-9-5 = 0.035,8-19-36-24-32-13-5 = 0.047,8-30-34-16-8 = 0.765,8-17-28-31-15-5 = 0.218,8-24-21-20-5 = 0.206,8-36-21-20-5 = 0.047,8-28-10-14-37-8 = 0.218,8-23-19-30-8 = 0.235,5-15-22-33-8 = 0.2,5-18-31-22-33-8 = 0.1,5-38-31-22-33-8 = 0.1
339,153,578.148,0.0,3.478,0.0,Prune by CG,,8-30-8 = 0.167,5-12-27-29-5 = 0.333,5-11-12-29-5 = 0.333,5-11-12-27-5 = 0.333,5-11-27-29-5 = 0.333,5-38-18-28-9-5 = 1.0,5-31-15-22-5 = 0.667,5-26-32-13-5 = 0.667,5-24-21-20-5 = 0.667,8-23-35-25-8 = 0.5,8-23-36-33-25-8 = 0.5,8-17-10-14-37-8 = 1.0,8-19-34-16-8 = 0.167,8-19-36-35-33-8 = 0.5,8-30-34-16-8 = 0.833,5-26-24-32-13-5 = 0.333,8-19-21-20-5 = 0.333,5-31-15-22-8 = 0.333
306,294,575.106,6.167,0.118,1.167,341,342,8-30-8 = 0.75,5-26-24-20-5 = 1.0,5-12-27-29-5 = 0.333,5-11-12-29-5 = 0.333,5-11-12-27-5 = 0.333,5-11-27-29-5 = 0.333,5-38-18-31-15-5 = 0.417,5-38-18-28-9-5 = 0.583,5-31-15-22-5 = 0.5,5-32-13-5 = 1.0,5-28-10-14-37-8 = 0.25,5-21-35-25-8 = 0.75,8-23-36-21-5 = 0.083,8-23-36-22-5 = 0.333,8-17-10-14-37-8 = 0.75,8-19-34-16-8 = 0.583,8-19-36-35-33-8 = 0.167,8-19-36-35-25-8 = 0.083,8-19-36-33-25-8 = 0.167,8-34-16-8 = 0.167,8-30-34-16-8 = 0.25,8-23-33-9-5 = 0.417,8-17-23-36-33-5 = 0.167,5-28-22-21-5 = 0.167,8-17-31-15-33-8 = 0.083
342,306,580.798,0.0,5.692,0.0,Prune by CG,,8-30-8 = 0.778,5-26-21-5 = 0.222,5-26-24-20-5 = 0.556,5-12-27-29-5 = 0.333,5-11-12-29-5 = 0.333,5-11-12-27-5 = 0.333,5-11-27-29-5 = 0.333,5-38-18-31-15-5 = 0.444,5-38-18-28-22-5 = 0.333,5-31-15-22-5 = 0.556,5-32-13-5 = 1.0,5-28-10-14-37-8 = 0.333,5-21-35-25-8 = 0.222,5-24-21-20-5 = 0.444,8-17-34-16-8 = 0.333,8-17-10-14-37-8 = 0.667,8-19-34-16-8 = 0.444,8-19-36-35-25-8 = 0.556,8-30-34-16-8 = 0.222,8-23-33-9-5 = 1.0,5-28-22-21-5 = 0.111,5-26-36-35-8 = 0.222,5-38-18-28-36-25-8 = 0.222
269,161,575.013,5.5,0.068,1.9,343,344,5-13-5 = 0.062,5-26-5 = 0.75,8-30-8 = 0.312,5-15-22-33-5 = 0.125,5-26-24-20-5 = 0.125,5-12-27-29-5 = 0.5,5-11-12-29-5 = 0.5,5-38-18-31-15-5 = 0.625,5-38-18-28-9-5 = 0.188,5-38-17-37-14-5 = 0.188,5-31-15-9-5 = 0.125,5-32-13-5 = 1.0,5-11-27-14-37-8 = 0.5,5-31-10-14-37-8 = 0.125,5-24-21-20-5 = 0.875,8-23-35-25-8 = 0.875,8-23-36-35-8 = 0.125,8-19-34-16-8 = 0.125,8-19-36-22-33-5 = 0.125,8-19-36-22-33-8 = 0.75,8-34-16-8 = 0.188,8-30-34-16-8 = 0.688,8-17-28-10-9-5 = 0.688,8-17-28-31-15-5 = 0.125,5-18-10-14-37-8 = 0.188,5-26-21-25-8 = 0.125
343,269,585.087,0.0,10.074,0.0,Prune by CG,,8-30-8 = 0.8,5-15-22-33-5 = 0.16,5-26-21-5 = 0.32,5-26-24-20-5 = 0.68,5-12-27-29-5 = 0.52,5-11-12-29-5 = 0.24,5-11-12-27-5 = 0.24,5-11-27-29-5 = 0.24,5-11-38-18-15-5 = 0.28,5-38-18-28-9-5 = 0.64,5-32-13-5 = 1.0,5-31-10-14-37-8 = 1.0,5-24-21-20-5 = 0.32,8-23-35-25-8 = 1.0,8-19-34-16-8 = 0.8,8-19-36-33-9-5 = 0.2,8-30-34-16-8 = 0.2,5-18-15-9-5 = 0.08,8-17-28-36-21-5 = 0.36,5-38-15-9-5 = 0.08,5-15-22-33-8 = 0.2,8-17-22-15-5 = 0.2,8-17-36-22-33-5 = 0.44
240,212,575.418,5.6,1.167,-0.4,345,346,8-30-8 = 0.8,5-26-24-20-5 = 1.0,5-12-27-29-5 = 0.45,5-11-12-29-5 = 0.45,5-11-12-27-5 = 0.1,5-11-27-14-29-5 = 0.1,5-11-27-10-9-5 = 0.35,5-38-18-28-15-5 = 0.3,5-38-28-10-9-5 = 0.45,5-32-13-5 = 1.0,5-21-35-25-8 = 0.8,8-23-36-21-5 = 0.2,8-23-36-22-5 = 0.6,8-17-37-14-5 = 0.7,8-17-37-9-5 = 0.1,8-17-10-14-37-8 = 0.2,8-19-34-16-8 = 0.8,8-19-36-35-25-8 = 0.2,8-30-34-16-8 = 0.2,8-23-28-9-5 = 0.1,8-23-28-15-5 = 0.1,5-18-31-15-33-8 = 0.35,5-18-31-22-33-8 = 0.35,5-38-31-15-33-8 = 0.25,5-28-31-22-33-8 = 0.05
346,240,580.625,0.0,5.207,0.0,Prune by CG,,8-30-8 = 0.778,5-26-24-20-5 = 1.0,5-12-27-29-5 = 0.389,5-11-12-29-5 = 0.389,5-11-12-27-5 = 0.222,5-11-27-14-29-5 = 0.222,5-11-27-10-9-5 = 0.167,5-38-18-10-9-5 = 0.611,5-32-13-5 = 1.0,5-21-35-25-8 = 0.889,8-23-36-21-5 = 0.111,8-23-36-22-5 = 0.778,8-23-19-34-8 = 0.111,8-17-37-14-5 = 0.667,8-17-37-9-5 = 0.222,8-17-10-14-37-8 = 0.111,8-19-34-16-8 = 0.556,8-19-22-15-5 = 0.222,8-19-36-35-25-8 = 0.111,8-34-16-8 = 0.111,8-30-34-16-8 = 0.222,5-38-18-28-10-16-8 = 0.111,5-18-31-15-33-8 = 0.056,5-38-31-15-33-8 = 0.056,5-28-31-15-33-8 = 0.667,5-38-18-28-31-33-8 = 0.222
281,144,575.364,3.0,0.651,0.0,347,348,5-26-31-15-5 = 0.5,5-12-27-29-5 = 1.0,5-38-18-31-15-5 = 0.5,5-32-13-5 = 0.5,5-26-32-13-5 = 0.5,5-24-21-20-5 = 1.0,8-23-35-25-8 = 1.0,8-17-10-14-37-8 = 1.0,8-19-36-22-33-8 = 1.0,8-30-34-16-8 = 1.0,5-11-38-28-9-5 = 0.5,5-11-18-28-9-5 = 0.5
347,281,579.363,0.0,3.998,0.0,Prune by CG,,5-26-31-15-5 = 0.5,5-12-27-29-5 = 1.0,5-11-38-18-28-31-5 = 0.5,5-32-13-5 = 0.5,5-26-32-13-5 = 0.5,5-24-21-20-5 = 1.0,8-23-35-25-8 = 1.0,8-17-10-14-37-8 = 1.0,8-19-36-22-33-8 = 1.0,8-30-34-16-8 = 1.0,5-38-15-9-5 = 0.5,5-11-18-28-9-5 = 0.5
348,281,578.874,0.0,3.509,0.0,Prune by CG,,5-12-27-29-5 = 1.0,5-38-18-31-15-5 = 0.5,5-32-13-5 = 0.5,5-26-32-13-5 = 0.5,5-24-21-20-5 = 1.0,8-23-35-25-8 = 1.0,8-17-10-14-37-8 = 1.0,8-19-36-22-33-8 = 1.0,8-30-34-16-8 = 1.0,5-11-38-28-9-5 = 0.5,5-26-18-15-5 = 0.5,5-11-28-31-9-5 = 0.5
131,130,575.541,5.8,2.706,-1.006,349,350,5-26-5 = 0.6,8-30-8 = 0.4,5-15-10-9-5 = 0.1,5-26-21-5 = 0.2,5-26-24-20-5 = 0.2,5-12-27-29-5 = 0.5,5-11-12-29-5 = 0.5,5-38-18-31-15-5 = 0.6,5-38-28-10-9-5 = 0.4,5-31-15-9-5 = 0.1,5-18-31-10-9-5 = 0.1,5-18-28-10-9-5 = 0.3,5-32-13-5 = 1.0,5-11-27-14-37-8 = 0.5,5-28-10-14-37-8 = 0.1,5-24-21-20-5 = 0.8,8-23-22-33-8 = 1.0,8-17-37-14-5 = 0.4,8-17-34-16-8 = 0.4,8-19-36-35-25-8 = 1.0,8-30-34-16-8 = 0.6,8-17-28-31-15-5 = 0.2
350,131,580.046,0.0,4.504,0.0,Prune by CG,,5-13-5 = 0.1,5-26-5 = 1.0,5-15-10-9-5 = 0.1,5-12-27-29-5 = 0.5,5-11-12-29-5 = 0.5,5-38-18-10-9-5 = 0.4,5-38-18-31-15-5 = 0.4,5-32-13-5 = 1.0,5-11-27-14-37-8 = 0.5,5-31-10-14-37-8 = 0.1,5-24-21-20-5 = 1.0,8-23-22-33-8 = 1.0,8-19-36-35-25-8 = 1.0,8-30-34-16-8 = 1.0,8-17-28-31-15-5 = 0.5,8-17-28-9-5 = 0.5,5-38-10-14-37-8 = 0.2,5-18-10-14-37-8 = 0.2
345,240,575.421,5.4,0.003,-0.2,351,352,8-30-8 = 0.8,5-26-24-20-5 = 1.0,5-12-27-29-5 = 0.4,5-11-12-29-5 = 0.4,5-11-12-27-5 = 0.2,5-11-27-14-29-5 = 0.2,5-11-27-10-9-5 = 0.2,5-38-18-28-15-5 = 0.2,5-38-28-10-9-5 = 0.6,5-32-13-5 = 1.0,5-21-35-25-8 = 0.8,8-23-36-21-5 = 0.2,8-23-36-22-5 = 0.6,8-17-37-14-5 = 0.6,8-17-37-9-5 = 0.2,8-17-10-14-37-8 = 0.2,8-19-34-16-8 = 0.8,8-19-36-35-25-8 = 0.2,8-30-34-16-8 = 0.2,8-23-28-15-5 = 0.2,5-18-31-15-33-8 = 0.6,5-18-31-22-33-8 = 0.2,5-38-31-22-33-8 = 0.2
351,345,578.69,0.0,3.269,0.0,Prune by CG,,8-30-8 = 0.714,5-15-22-33-5 = 0.048,5-15-10-9-5 = 0.048,5-26-24-20-5 = 1.0,5-11-12-27-5 = 1.0,5-38-18-28-9-5 = 0.429,5-38-28-10-9-5 = 0.19,5-32-13-5 = 1.0,8-37-14-29-5 = 0.19,5-21-35-25-8 = 0.905,8-23-36-21-5 = 0.095,8-23-36-22-5 = 0.81,8-17-37-14-5 = 0.048,8-17-37-9-5 = 0.333,8-17-37-29-5 = 0.238,8-17-10-14-37-8 = 0.19,8-19-34-16-8 = 0.81,8-19-36-35-25-8 = 0.095,8-30-34-16-8 = 0.19,8-23-19-30-8 = 0.095,8-17-10-14-29-5 = 0.19,5-31-15-22-8 = 0.048,5-18-31-15-33-8 = 0.476,5-18-31-22-33-8 = 0.095,5-38-31-15-33-8 = 0.381,5-28-10-14-29-5 = 0.381
352,345,579.223,0.0,3.802,0.0,Prune by CG,,5-13-5 = 0.02,8-30-8 = 0.81,5-32-5 = 0.02,5-26-24-20-5 = 1.0,5-12-27-29-5 = 1.0,5-11-38-18-15-5 = 0.34,5-38-18-28-9-5 = 0.16,5-32-13-5 = 0.98,5-21-35-25-8 = 0.82,8-23-36-21-5 = 0.18,8-23-36-22-5 = 0.64,8-17-37-14-5 = 0.66,8-17-10-37-14-5 = 0.15,8-17-10-14-37-8 = 0.19,8-19-34-16-8 = 0.81,8-19-22-15-5 = 0.01,8-19-36-35-25-8 = 0.18,8-30-34-16-8 = 0.19,8-23-28-9-5 = 0.18,5-18-31-15-33-8 = 0.5,5-38-31-15-33-8 = 0.15,5-38-31-22-33-8 = 0.35,5-11-28-10-9-5 = 0.66
77,70,575.2,4.6,3.356,1.236,353,354,5-12-27-29-5 = 0.4,5-11-12-29-5 = 0.4,5-37-14-29-5 = 0.2,5-38-18-31-15-5 = 1.0,5-32-13-5 = 0.6,5-12-14-37-8 = 0.2,5-26-22-33-8 = 1.0,5-11-27-14-37-8 = 0.6,5-24-21-20-5 = 0.6,8-23-35-25-8 = 0.4,8-19-34-16-8 = 0.2,8-19-36-35-25-8 = 0.6,8-30-34-16-8 = 0.8,8-17-28-10-9-5 = 1.0,8-36-21-20-5 = 0.4,8-23-19-30-8 = 0.2,8-23-24-32-13-5 = 0.4
354,77,585.765,0.0,10.565,0.0,Prune by CG,,5-11-27-29-5 = 1.0,5-38-18-31-15-5 = 1.0,5-32-13-5 = 0.333,5-12-14-37-8 = 1.0,5-26-22-33-8 = 1.0,5-21-20-13-5 = 0.333,5-24-21-20-5 = 0.333,8-23-35-25-8 = 0.333,8-23-36-24-32-5 = 0.333,8-19-36-35-25-8 = 0.667,8-30-34-16-8 = 1.0,8-17-28-10-9-5 = 1.0,8-23-24-32-13-5 = 0.333,8-19-21-20-5 = 0.333
210,110,575.032,4.333,0.651,2.333,355,356,5-26-28-9-5 = 0.333,5-12-27-29-5 = 0.5,5-11-12-29-5 = 0.333,5-11-12-27-5 = 0.167,5-11-27-29-5 = 0.167,5-38-18-31-15-5 = 0.5,5-38-18-28-9-5 = 0.5,5-31-15-22-5 = 0.167,5-32-13-5 = 0.333,5-26-32-13-5 = 0.667,5-11-27-14-37-8 = 0.167,5-21-22-33-8 = 0.833,8-17-10-14-37-8 = 0.833,8-19-36-35-25-8 = 1.0,8-30-34-16-8 = 1.0,8-23-24-20-5 = 1.0,5-31-15-21-5 = 0.167,5-11-28-10-9-5 = 0.167,8-17-31-15-33-8 = 0.167
356,210,581.974,0.0,6.942,0.0,Prune by CG,,8-30-8 = 0.25,5-12-27-29-5 = 0.75,5-21-22-33-5 = 0.5,5-38-18-31-15-5 = 0.125,5-38-18-28-9-5 = 0.75,5-38-28-10-9-5 = 0.125,5-31-15-22-5 = 0.375,5-18-28-10-9-5 = 0.125,5-26-32-13-5 = 1.0,5-11-27-14-37-8 = 0.25,5-21-35-25-8 = 0.25,8-23-36-21-5 = 0.125,8-17-34-16-8 = 0.25,8-17-10-14-37-8 = 0.75,8-19-22-21-5 = 0.125,8-19-36-35-25-8 = 0.75,8-19-36-24-20-5 = 0.125,8-30-34-16-8 = 0.75,8-23-24-20-5 = 0.875,5-11-12-29-8 = 0.25,5-11-31-15-33-8 = 0.5
355,210,575.273,4.0,0.241,-0.333,357,358,5-26-28-9-5 = 0.25,5-12-27-29-5 = 0.5,5-11-12-29-5 = 0.25,5-11-12-27-5 = 0.25,5-11-27-29-5 = 0.25,5-38-18-31-15-5 = 0.5,5-38-18-28-9-5 = 0.5,5-32-13-5 = 0.25,5-26-32-13-5 = 0.75,5-21-22-33-8 = 0.75,8-17-10-14-37-8 = 1.0,8-19-36-35-25-8 = 1.0,8-30-34-16-8 = 1.0,8-23-24-20-5 = 1.0,5-31-15-21-5 = 0.25,5-15-22-33-8 = 0.25,5-11-28-31-9-5 = 0.25
357,355,578.066,0.0,2.793,0.0,Prune by CG,,5-26-28-9-5 = 0.167,5-12-27-29-5 = 0.333,5-11-12-29-5 = 0.333,5-11-12-27-5 = 0.333,5-11-27-29-5 = 0.333,5-38-18-28-9-5 = 0.667,5-38-28-31-9-5 = 0.167,5-31-22-21-5 = 0.333,5-32-13-5 = 0.167,5-26-32-13-5 = 0.833,5-21-35-25-8 = 0.333,8-23-36-21-5 = 0.167,8-17-10-14-37-8 = 1.0,8-19-22-21-5 = 0.167,8-19-36-35-25-8 = 0.667,8-19-36-24-20-5 = 0.167,8-30-34-16-8 = 1.0,8-23-24-20-5 = 0.833,5-15-22-33-8 = 0.5,5-18-31-15-33-8 = 0.333,5-38-31-15-33-8 = 0.167
358,355,575.531,3.0,0.258,-1.0,359,360,5-26-28-9-5 = 0.25,5-12-27-29-5 = 0.5,5-11-12-29-5 = 0.25,5-11-12-27-5 = 0.25,5-11-27-29-5 = 0.25,5-38-18-31-15-5 = 0.75,5-38-18-28-9-5 = 0.25,5-32-13-5 = 0.25,5-26-32-13-5 = 0.75,5-21-22-33-8 = 1.0,8-17-10-14-37-8 = 1.0,8-19-36-35-25-8 = 1.0,8-30-34-16-8 = 1.0,8-23-24-20-5 = 1.0,5-28-15-9-5 = 0.25,5-11-28-31-9-5 = 0.25
124,83,575.279,5.556,2.626,0.889,361,362,5-26-24-20-5 = 1.0,5-12-27-29-5 = 0.5,5-11-12-29-5 = 0.5,5-38-18-31-15-5 = 0.944,5-32-13-5 = 0.667,5-11-27-14-37-8 = 0.5,5-28-10-14-37-8 = 0.222,5-21-35-25-8 = 0.611,8-23-36-21-5 = 0.056,8-23-36-22-5 = 0.333,8-23-22-33-5 = 0.222,8-17-10-14-37-8 = 0.278,8-19-22-15-5 = 0.056,8-19-36-35-25-8 = 0.389,8-19-36-22-33-8 = 0.222,8-30-34-16-8 = 1.0,8-17-28-22-33-8 = 0.167,8-23-33-9-5 = 0.389,8-17-28-10-9-8 = 0.5,8-17-28-31-9-8 = 0.056,5-38-18-28-9-8 = 0.056,8-19-21-32-13-5 = 0.333
362,124,579.344,0.0,4.065,0.0,Prune by CG,,5-26-24-20-5 = 1.0,5-12-27-29-5 = 0.444,5-11-12-29-5 = 0.444,5-11-27-10-9-5 = 0.111,5-11-12-27-13-5 = 0.111,5-38-18-31-15-5 = 0.5,5-32-13-5 = 0.667,5-11-27-14-37-8 = 0.333,5-21-35-25-8 = 0.389,8-23-21-32-5 = 0.333,8-23-36-22-5 = 0.278,8-23-22-33-5 = 0.333,8-17-37-9-5 = 0.111,8-17-10-14-37-8 = 0.556,8-17-10-9-13-5 = 0.222,8-19-22-21-5 = 0.278,8-19-36-35-25-8 = 0.611,8-19-36-22-33-8 = 0.111,8-30-34-16-8 = 1.0,8-23-33-9-5 = 0.056,8-17-10-14-29-5 = 0.111,5-38-18-28-9-8 = 0.5,5-28-31-15-33-8 = 0.5
232,221,576.332,1.667,1.996,-5.333,363,364,5-13-5 = 0.667,5-26-28-9-5 = 1.0,5-12-27-29-5 = 0.333,5-11-12-29-5 = 0.333,5-11-12-27-5 = 0.333,5-11-27-29-5 = 0.333,5-38-18-31-15-5 = 1.0,5-32-13-5 = 1.0,5-24-21-20-5 = 1.0,8-23-35-25-8 = 1.0,8-17-10-14-37-8 = 1.0,8-19-36-22-33-8 = 1.0,8-30-34-16-8 = 1.0
363,232,580.332,0.0,4.0,0.0,Prune by CG,,5-26-5 = 1.0,5-11-12-27-5 = 1.0,5-38-18-31-15-5 = 1.0,5-28-9-29-5 = 1.0,5-32-13-5 = 1.0,5-24-21-20-5 = 1.0,8-23-35-25-8 = 1.0,8-17-10-14-37-8 = 1.0,8-19-36-22-33-8 = 1.0,8-30-34-16-8 = 1.0
364,232,580.123,0.0,3.792,0.0,Prune by CG,,5-13-5 = 0.5,5-26-5 = 0.5,5-26-28-9-5 = 0.5,5-12-27-29-5 = 1.0,5-38-18-31-15-5 = 0.5,5-32-13-5 = 1.0,5-24-21-20-5 = 1.0,8-23-35-25-8 = 1.0,8-17-10-14-37-8 = 1.0,8-19-36-22-33-8 = 1.0,8-30-34-16-8 = 1.0,5-11-38-28-9-5 = 0.5,5-11-18-31-15-5 = 0.5
267,150,575.969,2.0,1.458,-3.0,365,366,8-30-8 = 1.0,5-26-24-20-5 = 1.0,5-12-27-29-5 = 0.5,5-11-27-29-5 = 0.5,5-38-18-31-15-5 = 1.0,5-32-13-5 = 0.5,5-21-22-33-8 = 1.0,8-17-10-14-37-8 = 1.0,8-19-36-35-25-8 = 1.0,8-34-16-8 = 1.0,8-23-28-9-5 = 1.0,5-11-12-32-13-5 = 0.5
365,267,591.194,0.0,15.225,0.0,Prune by CG,,8-30-8 = 1.0,5-26-24-20-5 = 1.0,5-11-27-29-5 = 1.0,5-38-18-31-15-5 = 1.0,5-12-32-13-5 = 1.0,5-21-22-33-8 = 1.0,8-17-10-14-37-8 = 1.0,8-19-36-35-25-8 = 1.0,8-34-16-8 = 1.0,8-23-28-9-5 = 1.0
341,306,575.571,5.333,0.466,-0.833,367,368,8-30-8 = 0.75,5-26-24-20-5 = 1.0,5-12-27-29-5 = 0.333,5-11-12-29-5 = 0.333,5-11-12-27-5 = 0.333,5-11-27-29-5 = 0.333,5-38-18-31-15-5 = 0.333,5-38-18-28-9-5 = 0.667,5-31-15-22-5 = 0.417,5-32-13-5 = 1.0,5-28-10-14-37-8 = 0.25,5-21-35-25-8 = 0.917,8-23-36-22-5 = 0.5,8-23-36-33-5 = 0.333,8-17-10-14-37-8 = 0.75,8-19-35-33-25-8 = 0.083,8-19-34-16-8 = 0.75,8-19-36-33-9-5 = 0.167,8-30-34-16-8 = 0.25,8-23-33-9-5 = 0.167,5-28-22-21-5 = 0.083,8-17-31-15-33-8 = 0.25
367,341,577.976,0.0,2.405,0.0,Prune by CG,,8-30-8 = 0.741,5-26-24-20-5 = 0.871,5-12-27-29-5 = 0.371,5-11-12-29-5 = 0.259,5-11-12-27-5 = 0.259,5-11-27-29-5 = 0.371,5-38-18-31-15-5 = 0.129,5-38-18-28-9-5 = 0.676,5-31-15-22-5 = 0.871,5-32-13-5 = 0.824,5-21-35-25-8 = 0.871,8-23-36-33-5 = 0.935,8-17-10-14-37-8 = 1.0,8-19-34-16-8 = 0.741,8-19-22-21-5 = 0.065,8-19-36-21-32-5 = 0.065,8-30-34-16-8 = 0.259,5-26-20-13-5 = 0.065,8-23-33-9-5 = 0.065,5-11-12-32-13-5 = 0.112,8-19-24-35-25-8 = 0.129,5-26-28-9-8 = 0.065,5-38-18-28-9-8 = 0.194,5-28-22-20-5 = 0.065
368,341,580.743,0.0,5.172,0.0,Prune by CG,,5-13-5 = 0.017,8-30-8 = 0.975,5-32-5 = 0.017,5-26-24-20-5 = 1.0,5-12-27-29-5 = 0.496,5-11-12-29-5 = 0.496,5-11-12-27-5 = 0.008,5-11-27-29-5 = 0.008,5-11-27-14-37-5 = 0.488,5-38-18-31-15-5 = 0.488,5-38-18-28-9-5 = 0.512,5-32-13-5 = 0.983,5-28-10-14-37-8 = 0.488,5-21-35-25-8 = 1.0,8-23-36-22-5 = 1.0,8-17-10-14-37-8 = 0.025,8-19-34-16-8 = 0.975,8-19-33-10-9-5 = 0.025,8-30-34-16-8 = 0.025,8-17-10-33-9-5 = 0.463,8-17-31-15-33-8 = 0.512
118,107,575.595,5.083,3.089,-0.917,369,370,8-30-8 = 0.556,5-15-22-33-5 = 0.542,5-26-24-20-5 = 0.944,5-12-27-29-5 = 0.833,5-11-12-5 = 0.167,5-11-27-14-9-5 = 0.083,5-11-27-10-9-5 = 0.083,5-38-18-31-9-5 = 0.125,5-38-18-31-15-5 = 0.167,5-38-18-28-9-5 = 0.708,5-31-10-14-29-5 = 0.042,5-32-13-5 = 1.0,5-21-35-25-8 = 0.472,5-21-22-33-8 = 0.069,5-24-35-20-5 = 0.028,8-23-36-21-5 = 0.458,8-23-36-20-5 = 0.014,8-23-36-24-25-8 = 0.028,8-17-37-29-5 = 0.125,8-17-10-14-37-8 = 0.875,8-19-36-35-25-8 = 0.5,8-34-16-8 = 1.0,5-26-23-19-8 = 0.056,8-23-19-30-8 = 0.444,5-22-33-20-5 = 0.014,5-11-28-31-15-5 = 0.292,5-11-31-22-33-5 = 0.375
370,118,584.183,0.0,8.589,0.0,Prune by CG,,8-30-8 = 0.78,5-23-22-33-5 = 0.209,5-26-24-20-5 = 0.925,5-12-27-29-5 = 0.353,5-11-12-27-5 = 0.511,5-11-27-10-9-5 = 0.137,5-21-22-33-5 = 0.212,5-38-18-31-15-5 = 0.863,5-38-18-28-9-5 = 0.137,5-23-36-21-5 = 0.068,5-32-13-5 = 0.863,8-37-14-29-5 = 0.216,5-21-35-25-8 = 0.068,5-21-22-33-8 = 0.579,8-17-37-29-5 = 0.216,8-17-10-14-37-8 = 0.568,8-19-36-35-25-8 = 0.927,8-34-16-8 = 0.78,8-30-34-16-8 = 0.22,8-24-21-20-5 = 0.073,8-36-35-20-5 = 0.002,8-36-24-35-25-8 = 0.002,5-26-23-19-8 = 0.073,8-17-10-14-29-5 = 0.216,5-11-12-32-13-5 = 0.137,5-11-28-31-15-5 = 0.137,5-26-23-25-8 = 0.002,5-11-28-10-9-5 = 0.079,5-23-28-9-5 = 0.647
332,256,575.329,3.913,0.221,0.953,371,372,5-26-24-20-5 = 1.0,5-12-27-29-5 = 0.536,5-11-12-29-5 = 0.319,5-11-12-27-5 = 0.145,5-11-27-29-5 = 0.029,5-11-27-14-37-5 = 0.029,5-11-27-14-29-5 = 0.116,5-11-27-10-9-5 = 0.145,5-38-18-31-15-5 = 0.536,5-32-13-5 = 0.58,5-21-35-25-8 = 0.058,5-21-22-33-8 = 0.884,8-23-36-21-5 = 0.058,8-17-37-9-5 = 0.116,8-17-10-14-37-8 = 0.855,8-19-34-16-8 = 0.029,8-19-36-35-25-8 = 0.942,8-30-34-16-8 = 0.971,8-17-28-31-15-5 = 0.029,8-28-31-15-33-8 = 0.029,8-19-30-8 = 0.029,8-23-28-9-5 = 0.739,8-23-28-15-5 = 0.203,5-11-38-18-32-13-5 = 0.217,5-31-15-22-8 = 0.116,5-18-31-15-33-8 = 0.043,5-38-31-15-33-8 = 0.043,5-38-18-31-32-13-5 = 0.203
372,332,581.093,0.0,5.764,0.0,Prune by CG,,5-26-24-20-5 = 1.0,5-12-27-29-5 = 0.5,5-11-12-29-5 = 0.333,5-11-27-14-29-5 = 0.167,5-11-27-10-9-5 = 0.167,5-38-18-28-9-5 = 0.667,5-32-13-5 = 0.667,5-21-22-33-8 = 1.0,8-17-10-14-37-8 = 0.833,8-19-36-35-25-8 = 1.0,8-30-34-16-8 = 1.0,8-17-28-31-15-5 = 0.167,8-23-28-9-5 = 0.167,8-23-31-15-5 = 0.833,5-11-38-18-32-13-5 = 0.333,5-12-27-37-8 = 0.167
371,332,575.333,3.333,0.004,-0.58,373,374,5-26-24-20-5 = 1.0,5-12-27-29-5 = 0.524,5-11-12-29-5 = 0.286,5-11-12-27-5 = 0.19,5-11-27-29-5 = 0.095,5-11-27-14-29-5 = 0.095,5-11-27-10-9-5 = 0.095,5-38-18-31-15-5 = 0.619,5-32-13-5 = 0.571,5-21-22-33-8 = 0.905,8-17-37-9-5 = 0.095,8-17-10-14-37-8 = 0.905,8-19-36-35-25-8 = 1.0,8-30-34-16-8 = 1.0,8-23-28-9-5 = 0.81,8-23-28-15-5 = 0.19,5-11-38-18-32-13-5 = 0.238,5-31-15-22-8 = 0.095,5-18-31-15-33-8 = 0.048,5-38-31-15-33-8 = 0.048,5-38-18-31-32-13-5 = 0.095,5-31-21-32-13-5 = 0.095
374,371,580.745,0.0,5.413,0.0,Prune by CG,,5-26-24-20-5 = 0.988,5-12-27-29-5 = 0.612,5-11-12-29-5 = 0.282,5-11-12-27-5 = 0.024,5-11-27-14-29-5 = 0.106,5-11-27-10-9-5 = 0.176,5-11-12-27-13-5 = 0.012,5-38-18-28-9-5 = 0.271,5-32-13-5 = 0.659,5-21-35-25-8 = 0.259,5-21-22-33-8 = 0.188,5-24-35-20-5 = 0.012,8-23-36-21-5 = 0.271,8-17-37-9-5 = 0.176,8-17-10-14-37-8 = 0.824,8-19-36-35-25-8 = 0.729,8-30-34-16-8 = 1.0,5-26-21-32-5 = 0.012,8-23-28-9-5 = 0.376,5-11-12-27-14-5 = 0.071,8-23-28-15-5 = 0.353,8-19-15-21-5 = 0.271,5-11-38-18-32-13-5 = 0.329,5-31-15-22-8 = 0.188,5-31-15-33-25-8 = 0.012,5-18-31-15-33-8 = 0.176,5-18-31-22-33-8 = 0.224,5-38-31-22-33-8 = 0.4
373,371,575.46,3.0,0.127,-0.333,375,376,5-26-24-20-5 = 1.0,5-12-27-29-5 = 0.5,5-11-12-29-5 = 0.25,5-11-12-27-5 = 0.25,5-11-27-29-5 = 0.25,5-38-18-31-15-5 = 0.75,5-32-13-5 = 0.5,5-21-22-33-8 = 0.75,8-17-10-14-37-8 = 1.0,8-19-36-35-25-8 = 1.0,8-30-34-16-8 = 1.0,8-23-28-9-5 = 1.0,5-11-38-18-32-13-5 = 0.25,5-15-22-33-8 = 0.25,5-31-21-32-13-5 = 0.25
375,373,581.156,0.0,5.696,0.0,Prune by CG,,5-26-24-20-5 = 1.0,5-11-12-29-5 = 0.5,5-11-12-27-13-5 = 0.5,5-38-18-31-15-5 = 1.0,5-32-13-5 = 0.5,5-21-22-33-8 = 1.0,8-17-10-14-37-8 = 1.0,8-19-36-35-25-8 = 1.0,8-30-34-16-8 = 1.0,8-23-28-9-5 = 1.0,5-32-27-29-5 = 0.5
376,373,582.4,0.0,6.94,0.0,Prune by CG,,5-26-24-20-5 = 1.0,5-12-27-29-5 = 0.5,5-11-27-29-5 = 0.5,5-32-13-5 = 0.5,5-21-22-33-8 = 0.5,8-17-10-14-37-8 = 1.0,8-19-36-35-25-8 = 1.0,8-30-34-16-8 = 1.0,8-23-28-9-5 = 1.0,5-31-15-21-5 = 0.5,5-11-38-18-32-13-5 = 0.5,5-15-22-33-8 = 0.5,5-38-18-31-12-5 = 0.5
92,72,575.654,6.0,3.501,-1.0,377,378,5-26-5 = 0.25,8-30-8 = 0.25,5-26-21-5 = 0.25,5-26-20-5 = 0.5,5-12-27-29-5 = 0.5,5-11-12-29-5 = 0.5,5-38-18-31-15-5 = 1.0,5-32-13-5 = 1.0,5-11-27-14-37-8 = 0.5,5-21-20-5 = 0.5,5-24-35-25-8 = 1.0,8-23-36-21-5 = 0.25,8-23-22-33-5 = 0.25,8-17-10-14-37-8 = 0.5,8-19-34-16-8 = 0.25,8-19-36-22-33-8 = 0.75,8-30-34-16-8 = 0.75,8-17-28-10-9-5 = 0.5,8-23-28-9-5 = 0.5
377,92,580.514,0.0,4.859,0.0,Prune by CG,,8-30-8 = 0.6,5-15-10-9-5 = 0.5,5-26-20-5 = 1.0,5-12-27-29-5 = 0.5,5-11-12-29-5 = 0.5,5-38-18-31-9-5 = 0.4,5-38-18-31-15-5 = 0.4,5-31-15-9-5 = 0.1,5-32-13-5 = 1.0,5-11-27-14-37-8 = 0.5,5-31-10-14-37-8 = 0.1,5-24-35-25-8 = 0.6,8-23-36-21-5 = 1.0,8-19-34-16-8 = 0.6,8-30-34-16-8 = 0.4,8-17-28-22-33-5 = 0.6,8-17-28-22-33-8 = 0.4,8-19-24-35-25-8 = 0.4,5-38-10-14-37-8 = 0.2,5-18-10-14-37-8 = 0.2
81,79,575.465,6.667,3.504,0.238,379,380,8-30-8 = 0.476,5-26-24-20-5 = 0.952,5-12-27-29-5 = 0.333,5-11-12-29-5 = 0.333,5-11-12-27-5 = 0.167,5-11-27-14-29-5 = 0.333,5-38-18-31-15-5 = 0.738,5-28-31-22-33-5 = 0.119,5-18-31-22-33-5 = 0.143,5-18-28-22-33-5 = 0.119,5-32-13-5 = 1.0,5-26-22-33-8 = 0.048,5-28-10-14-37-8 = 0.5,5-21-35-25-8 = 0.476,5-21-22-33-8 = 0.048,8-23-36-21-5 = 0.476,8-17-37-9-5 = 0.5,8-17-10-9-5 = 0.5,8-19-36-35-25-8 = 0.524,8-34-16-8 = 0.952,8-30-34-16-8 = 0.048,8-23-19-30-8 = 0.476,5-11-12-27-14-5 = 0.167,8-23-24-20-5 = 0.048,5-15-22-33-8 = 0.262,5-38-28-22-33-5 = 0.071,5-38-28-22-33-8 = 0.19
379,81,578.581,0.0,3.117,0.0,Prune by CG,,8-30-8 = 0.857,5-15-22-33-5 = 0.381,5-26-22-33-5 = 0.048,5-26-24-20-5 = 0.952,5-12-27-29-5 = 0.333,5-11-12-29-5 = 0.333,5-11-12-27-5 = 0.1,5-11-27-14-29-5 = 0.333,5-21-22-33-5 = 0.19,5-38-18-31-15-5 = 0.619,5-28-31-22-33-5 = 0.381,5-32-13-5 = 1.0,5-28-10-14-37-8 = 0.238,5-21-35-25-8 = 0.476,8-23-36-21-5 = 0.333,8-23-36-9-5 = 0.043,8-23-36-9-8 = 0.1,8-23-19-34-8 = 0.381,8-17-37-9-5 = 0.619,8-17-10-9-8 = 0.186,8-17-10-14-37-8 = 0.143,8-19-36-35-25-8 = 0.524,8-34-16-8 = 0.571,8-30-34-16-8 = 0.048,8-23-19-30-8 = 0.095,5-11-12-27-14-5 = 0.233,8-23-24-20-5 = 0.048,5-38-18-28-10-16-8 = 0.381,8-17-10-14-9-5 = 0.052
344,269,575.191,7.558,0.179,2.058,381,382,5-26-5 = 0.26,8-30-8 = 0.75,5-15-22-33-5 = 0.212,5-26-24-20-5 = 0.423,5-12-27-29-5 = 0.5,5-11-12-29-5 = 0.5,5-21-22-33-5 = 0.106,5-38-18-31-15-5 = 0.615,5-38-18-28-9-5 = 0.163,5-38-17-37-14-5 = 0.221,5-31-15-9-5 = 0.115,5-28-10-37-14-5 = 0.058,5-32-13-5 = 1.0,5-11-27-14-37-8 = 0.5,5-24-21-20-5 = 0.577,8-23-35-25-8 = 0.471,8-23-36-35-8 = 0.529,8-19-34-16-8 = 0.529,8-19-36-22-33-5 = 0.471,8-34-16-8 = 0.221,8-30-34-16-8 = 0.25,8-17-28-10-9-5 = 0.721,8-17-28-31-15-5 = 0.058,5-18-10-14-37-8 = 0.221,5-26-21-25-8 = 0.317,5-31-22-33-25-8 = 0.212
382,344,578.534,0.0,3.342,0.0,Prune by CG,,5-26-5 = 0.033,8-30-8 = 0.725,5-15-22-33-5 = 0.108,5-26-24-20-5 = 0.608,5-12-27-29-5 = 0.5,5-11-12-29-5 = 0.5,5-21-22-33-5 = 0.25,5-38-18-31-15-5 = 0.375,5-38-18-28-9-5 = 0.25,5-38-28-31-15-5 = 0.125,5-38-17-37-14-5 = 0.25,5-31-15-22-5 = 0.008,5-28-10-37-14-5 = 0.25,5-18-28-31-15-5 = 0.375,5-32-13-5 = 1.0,5-11-27-14-37-8 = 0.5,5-24-21-20-5 = 0.392,8-23-35-25-8 = 0.525,8-23-36-35-8 = 0.475,8-17-10-9-5 = 0.75,8-19-34-16-8 = 0.475,8-19-36-22-33-5 = 0.225,8-19-36-22-33-8 = 0.3,8-34-16-8 = 0.25,8-30-34-16-8 = 0.275,5-31-15-33-25-8 = 0.008,5-26-21-25-8 = 0.358,5-31-22-33-25-8 = 0.108
381,344,575.948,3.4,0.756,-4.158,383,384,5-13-5 = 0.3,5-26-5 = 0.7,8-30-8 = 0.1,5-26-24-20-5 = 0.2,5-12-27-29-5 = 0.4,5-11-12-29-5 = 0.4,5-37-14-29-5 = 0.2,5-38-18-31-15-5 = 1.0,5-32-13-5 = 1.0,5-12-14-37-8 = 0.2,5-11-27-14-37-8 = 0.6,5-21-22-33-8 = 0.1,5-24-21-20-5 = 0.8,8-23-35-25-8 = 0.9,8-23-36-35-8 = 0.1,8-19-34-16-8 = 0.1,8-19-36-22-33-8 = 0.9,8-30-34-16-8 = 0.9,8-17-28-10-9-5 = 1.0,5-26-21-25-8 = 0.1
384,381,583.408,0.0,7.461,0.0,Prune by CG,,5-26-5 = 1.0,5-11-27-29-5 = 1.0,5-38-18-31-15-5 = 1.0,5-32-13-5 = 1.0,5-12-14-37-8 = 1.0,5-24-21-20-5 = 1.0,8-23-35-25-8 = 1.0,8-19-36-22-33-8 = 1.0,8-30-34-16-8 = 1.0,8-17-28-10-9-5 = 1.0
173,133,575.602,3.333,2.194,-0.5,385,386,5-26-24-20-5 = 1.0,5-12-27-29-5 = 0.5,5-11-12-29-5 = 0.333,5-11-27-14-29-5 = 0.167,5-11-27-10-9-5 = 0.167,5-11-12-27-13-5 = 0.167,5-38-18-31-15-5 = 0.667,5-32-13-5 = 0.667,5-21-35-25-8 = 1.0,8-17-37-9-8 = 0.167,8-17-10-14-37-8 = 0.833,8-19-36-22-33-8 = 1.0,8-30-34-16-8 = 1.0,8-23-28-9-5 = 0.667,8-23-28-15-5 = 0.333,5-38-18-31-32-13-5 = 0.167,5-11-38-18-31-32-5 = 0.167
385,173,584.016,0.0,8.414,0.0,Prune by CG,,5-26-24-20-5 = 1.0,5-11-12-27-5 = 0.2,5-11-12-27-10-5 = 0.4,5-11-27-14-29-5 = 0.4,5-38-18-31-15-5 = 0.4,5-32-13-5 = 0.6,5-21-35-25-8 = 1.0,8-17-37-9-8 = 0.2,8-17-37-29-5 = 0.2,8-17-10-14-37-8 = 0.6,8-19-36-22-33-8 = 1.0,8-30-34-16-8 = 1.0,8-23-28-9-5 = 0.6,8-23-28-15-5 = 0.4,5-31-15-9-8 = 0.2,5-38-18-31-32-13-5 = 0.4,5-38-12-29-5 = 0.2,5-18-12-29-5 = 0.2
318,309,575.545,3.053,0.457,-0.121,387,388,5-26-5 = 0.105,8-30-8 = 0.053,5-26-24-21-5 = 0.053,5-12-27-29-5 = 0.395,5-11-12-29-5 = 0.395,5-37-14-29-5 = 0.158,5-38-18-31-15-5 = 0.895,5-38-31-10-29-5 = 0.026,5-18-31-10-29-5 = 0.026,5-32-13-5 = 0.158,5-12-14-37-8 = 0.211,5-26-32-13-5 = 0.842,5-11-27-14-37-8 = 0.605,5-21-35-25-8 = 0.053,5-21-22-33-8 = 0.895,8-23-35-25-8 = 0.947,8-19-36-24-20-5 = 0.947,8-34-16-8 = 0.105,8-30-34-16-8 = 0.895,8-17-28-10-9-5 = 0.947,8-23-19-30-8 = 0.053,5-15-22-33-8 = 0.105,5-38-18-31-9-8 = 0.053,8-17-28-36-20-5 = 0.053,5-38-18-14-37-8 = 0.026
387,318,597.024,0.0,21.478,0.0,Prune by CG,,8-30-8 = 0.143,5-11-12-27-5 = 0.286,5-11-37-29-5 = 0.143,5-11-12-27-13-5 = 0.143,5-37-14-29-5 = 0.571,5-38-18-31-15-5 = 0.571,5-10-37-29-5 = 0.286,5-26-32-13-5 = 0.714,5-21-35-25-8 = 0.143,5-21-22-33-8 = 0.714,8-23-35-25-8 = 0.857,8-19-36-24-20-5 = 0.857,8-34-16-8 = 0.286,8-30-34-16-8 = 0.714,8-17-28-10-9-5 = 0.714,8-17-28-31-15-5 = 0.143,5-26-21-32-5 = 0.143,8-23-19-30-8 = 0.143,5-11-12-27-14-8 = 0.429,5-26-24-32-13-5 = 0.143,5-15-22-33-8 = 0.286,5-38-18-31-9-8 = 0.286,8-17-28-36-20-5 = 0.143,5-38-18-12-27-5 = 0.143
188,185,575.488,6.2,1.867,0.325,389,390,5-26-24-20-5 = 0.2,5-12-27-29-5 = 0.5,5-11-12-29-5 = 0.4,5-38-18-31-15-5 = 1.0,5-32-13-5 = 0.5,5-11-27-14-37-8 = 0.5,8-37-14-29-5 = 0.1,5-21-35-25-8 = 0.6,5-24-35-20-5 = 0.4,8-23-36-24-25-8 = 0.4,8-23-22-33-8 = 0.4,8-17-37-14-5 = 0.2,8-19-34-16-8 = 0.1,8-19-36-22-33-8 = 0.6,8-30-34-16-8 = 0.9,8-17-28-10-9-5 = 0.8,5-26-21-32-5 = 0.4,8-19-30-8 = 0.1,5-26-20-13-5 = 0.4,5-11-12-32-13-5 = 0.1,8-23-28-9-8 = 0.2,8-19-10-14-37-8 = 0.2
389,188,581.492,0.0,6.004,0.0,Prune by CG,,5-26-24-20-5 = 1.0,5-12-27-29-5 = 0.5,5-11-27-29-5 = 0.5,5-38-18-31-15-5 = 1.0,5-32-13-5 = 0.5,5-21-35-25-8 = 1.0,8-17-10-37-14-5 = 1.0,8-19-36-22-33-8 = 1.0,8-30-34-16-8 = 1.0,5-11-12-32-13-5 = 0.5,8-23-28-9-8 = 1.0
390,188,577.853,0.0,2.365,0.0,Prune by CG,,5-12-27-29-5 = 0.5,5-11-12-29-5 = 0.5,5-38-18-31-15-5 = 1.0,5-32-13-5 = 0.5,5-11-27-14-37-8 = 0.5,5-21-35-25-8 = 0.5,5-24-35-20-5 = 0.5,8-23-36-24-25-8 = 0.5,8-23-22-33-8 = 0.5,8-19-36-22-33-8 = 0.5,8-30-34-16-8 = 1.0,8-17-28-10-9-5 = 0.5,5-26-21-32-5 = 0.5,5-26-20-13-5 = 0.5,8-17-28-9-5 = 0.5,8-19-10-14-37-8 = 0.5
200,132,575.542,6.176,1.634,0.023,391,392,5-26-5 = 0.088,8-30-8 = 0.794,5-15-10-9-5 = 0.096,5-26-21-5 = 0.007,5-26-24-20-5 = 0.904,5-12-27-29-5 = 0.5,5-11-12-29-5 = 0.5,5-11-27-10-9-5 = 0.191,5-38-18-31-15-5 = 0.662,5-38-28-10-9-5 = 0.338,5-31-15-9-5 = 0.037,5-28-10-37-14-5 = 0.037,5-18-31-10-9-5 = 0.059,5-18-28-10-9-5 = 0.279,5-32-13-5 = 1.0,5-11-27-14-37-8 = 0.309,5-21-35-25-8 = 0.897,5-24-21-20-5 = 0.096,8-23-36-33-16-8 = 0.449,8-23-36-33-25-8 = 0.103,8-23-19-34-8 = 0.449,8-17-37-14-5 = 0.654,8-19-22-15-5 = 0.206,8-19-36-22-33-8 = 0.346,8-34-16-8 = 0.346,8-30-34-16-8 = 0.206,8-17-28-22-33-5 = 0.103,8-17-28-31-22-5 = 0.243,8-36-22-35-8 = 0.103
392,200,578.535,0.0,2.993,0.0,Prune by CG,,5-26-5 = 0.261,8-30-8 = 0.391,5-26-21-5 = 0.065,5-26-24-20-5 = 0.674,5-12-27-29-5 = 0.5,5-11-12-29-5 = 0.5,5-11-27-10-9-5 = 0.326,5-38-18-31-15-5 = 0.739,5-38-28-10-9-5 = 0.261,5-31-15-9-5 = 0.152,5-28-10-37-14-5 = 0.152,5-18-28-10-9-5 = 0.261,5-32-13-5 = 1.0,5-11-27-14-37-8 = 0.174,5-21-35-25-8 = 0.609,5-24-21-20-5 = 0.326,8-23-36-33-16-8 = 0.174,8-23-36-33-25-8 = 0.217,8-23-19-34-8 = 0.174,8-17-37-14-5 = 0.674,8-19-36-22-33-8 = 0.391,8-34-16-8 = 0.652,8-30-34-16-8 = 0.174,8-17-28-22-33-8 = 0.217,8-17-28-31-15-5 = 0.109,8-23-19-30-8 = 0.435,8-36-22-35-8 = 0.217,8-22-35-25-8 = 0.174
322,76,575.544,5.5,0.631,0.167,393,394,5-12-27-29-5 = 0.5,5-11-12-29-5 = 0.5,5-11-27-10-9-5 = 0.25,5-38-18-31-9-5 = 0.75,5-38-18-31-15-5 = 0.25,5-32-13-5 = 0.5,5-26-22-33-8 = 0.5,5-26-32-13-5 = 0.5,5-11-27-14-37-8 = 0.25,5-21-35-25-8 = 0.75,5-21-22-33-8 = 0.25,8-17-10-14-37-8 = 0.75,8-19-36-35-25-8 = 0.25,8-19-36-24-20-5 = 0.75,8-30-34-16-8 = 1.0,8-17-28-22-33-8 = 0.25,8-23-24-20-5 = 0.25,8-23-28-15-5 = 0.75
393,322,578.312,0.0,2.768,0.0,Prune by CG,,5-12-27-29-5 = 0.444,5-11-12-29-5 = 0.444,5-11-12-27-5 = 0.111,5-11-27-14-37-5 = 0.111,5-11-27-14-29-5 = 0.111,5-11-27-10-9-5 = 0.222,5-38-18-31-9-5 = 0.667,5-38-18-31-15-5 = 0.333,5-32-13-5 = 0.444,5-26-22-33-8 = 0.333,5-26-32-13-5 = 0.556,5-21-35-25-8 = 0.778,5-21-22-33-8 = 0.111,8-23-36-21-5 = 0.111,8-17-37-9-8 = 0.111,8-17-10-14-37-8 = 0.556,8-19-36-35-25-8 = 0.222,8-19-36-24-20-5 = 0.667,8-30-34-16-8 = 1.0,8-17-28-22-33-8 = 0.333,8-28-10-14-37-8 = 0.222,5-26-23-19-8 = 0.111,8-23-24-20-5 = 0.333,8-23-28-15-5 = 0.444,5-15-22-33-8 = 0.222
394,322,582.789,0.0,7.245,0.0,Prune by CG,,5-15-22-33-5 = 0.111,5-15-10-9-5 = 0.222,5-26-21-5 = 0.333,5-12-27-29-5 = 0.778,5-38-18-31-9-5 = 0.667,5-38-18-31-15-5 = 0.333,5-32-13-5 = 0.333,5-26-32-13-5 = 0.667,5-11-27-14-37-8 = 0.222,5-21-35-25-8 = 0.556,8-23-36-21-5 = 0.111,8-17-10-14-37-8 = 0.222,8-19-22-15-5 = 0.111,8-19-36-35-25-8 = 0.444,8-19-36-33-9-5 = 0.111,8-19-36-24-20-5 = 0.333,8-30-34-16-8 = 1.0,8-17-28-22-33-8 = 0.778,8-23-24-20-5 = 0.667,8-23-28-15-5 = 0.222,5-11-12-29-8 = 0.222,5-11-10-14-37-8 = 0.556
340,153,575.582,7.45,0.912,0.061,395,396,5-15-22-33-5 = 0.059,5-12-27-29-5 = 0.429,5-11-12-29-5 = 0.429,5-11-27-14-29-5 = 0.143,5-11-27-10-9-5 = 0.286,5-38-18-31-15-5 = 0.593,5-38-18-28-9-5 = 0.407,5-31-15-9-5 = 0.021,5-32-13-5 = 0.466,5-26-22-33-8 = 0.639,5-26-32-13-5 = 0.361,5-24-21-20-5 = 0.724,8-23-35-25-8 = 0.553,8-23-36-35-8 = 0.103,8-23-36-24-25-8 = 0.103,8-17-37-9-5 = 0.286,8-17-10-14-37-8 = 0.508,8-19-34-16-8 = 0.241,8-19-36-35-25-8 = 0.344,8-19-36-24-32-13-5 = 0.173,8-30-34-16-8 = 0.759,8-17-28-31-15-5 = 0.206,8-36-21-20-5 = 0.276,8-28-10-14-37-8 = 0.206,8-23-19-30-8 = 0.241,5-11-12-27-14-5 = 0.143,5-15-22-33-8 = 0.122,5-28-31-22-33-8 = 0.18
396,340,581.931,0.0,6.349,0.0,Prune by CG,,5-12-27-29-5 = 0.4,5-11-12-29-5 = 0.4,5-11-12-27-5 = 0.2,5-11-27-14-29-5 = 0.2,5-11-27-10-9-5 = 0.2,5-38-18-28-9-5 = 0.6,5-32-13-5 = 0.4,5-26-22-33-8 = 0.4,5-26-32-13-5 = 0.6,5-24-21-20-5 = 1.0,8-23-35-25-8 = 0.8,8-23-36-15-8 = 0.1,8-17-37-9-5 = 0.1,8-17-10-14-37-8 = 0.8,8-19-36-35-25-8 = 0.2,8-19-36-31-15-5 = 0.7,8-30-34-16-8 = 0.9,8-17-28-31-15-5 = 0.1,8-23-19-30-8 = 0.1,5-18-31-22-33-8 = 0.2,8-34-16-37-8 = 0.1,5-38-28-22-33-8 = 0.2,5-38-18-22-33-8 = 0.2,8-28-15-9-5 = 0.1
66,31,575.507,7.05,3.938,0.7,397,398,5-13-5 = 0.013,5-26-5 = 0.012,8-30-8 = 0.975,5-32-5 = 0.013,5-15-22-33-5 = 0.475,5-26-24-20-5 = 0.975,5-26-28-9-5 = 0.012,5-12-27-29-5 = 0.512,5-21-22-33-5 = 0.025,5-38-18-31-15-5 = 0.512,5-38-18-28-9-5 = 0.488,5-31-15-9-5 = 0.012,5-28-31-22-33-5 = 0.475,5-32-13-5 = 0.987,5-11-27-14-37-8 = 0.488,5-21-35-25-8 = 0.488,8-23-36-21-5 = 0.488,8-23-19-34-8 = 0.488,8-17-37-9-5 = 0.488,8-17-10-14-37-8 = 0.025,8-19-36-35-25-8 = 0.512,8-34-16-8 = 0.487,8-30-34-16-8 = 0.025,8-23-24-20-5 = 0.025,8-17-10-14-29-5 = 0.488,5-11-12-10-16-8 = 0.488,5-11-28-22-33-8 = 0.025
397,66,578.254,0.0,2.748,0.0,Prune by CG,,5-13-5 = 0.005,5-26-5 = 0.025,8-30-8 = 0.975,5-32-5 = 0.005,5-26-24-20-5 = 0.975,5-12-27-29-5 = 0.505,5-38-18-31-15-5 = 0.515,5-31-15-9-5 = 0.485,5-18-28-22-33-5 = 0.485,5-32-13-5 = 0.995,5-11-27-14-37-8 = 0.495,5-21-35-25-8 = 0.5,8-23-36-21-5 = 0.5,8-23-19-34-8 = 0.475,8-17-37-9-5 = 0.495,8-17-10-14-37-8 = 0.01,8-19-34-16-8 = 0.025,8-19-36-35-25-8 = 0.5,8-34-16-8 = 0.475,8-30-34-16-8 = 0.025,8-23-24-20-5 = 0.025,8-17-10-14-29-5 = 0.495,5-11-12-10-16-8 = 0.475,5-11-28-22-33-8 = 0.03,5-12-10-9-5 = 0.02,5-38-28-22-33-5 = 0.47,5-38-28-22-33-8 = 0.015
369,118,575.668,5.26,0.073,0.177,399,400,8-30-8 = 0.535,5-15-22-33-5 = 0.54,5-26-24-20-5 = 0.96,5-12-27-29-5 = 0.82,5-11-12-5 = 0.18,5-11-27-14-9-5 = 0.09,5-11-27-10-9-5 = 0.09,5-38-18-31-9-5 = 0.135,5-38-18-31-15-5 = 0.18,5-38-18-28-9-5 = 0.685,5-31-10-14-29-5 = 0.045,5-32-13-5 = 1.0,5-26-22-33-8 = 0.04,5-28-10-14-37-8 = 0.035,5-21-35-25-8 = 0.48,5-21-22-33-8 = 0.06,5-24-35-20-5 = 0.02,8-23-36-21-5 = 0.46,8-23-36-20-5 = 0.02,8-23-36-24-25-8 = 0.02,8-17-37-29-5 = 0.135,8-17-10-14-37-8 = 0.83,8-19-36-35-25-8 = 0.5,8-34-16-8 = 1.0,8-23-19-30-8 = 0.465,8-17-23-19-8 = 0.035,5-11-28-31-15-5 = 0.28,5-11-31-22-33-5 = 0.36
400,369,578.534,0.0,2.866,0.0,Prune by CG,,8-30-8 = 0.417,5-26-22-33-5 = 0.167,5-26-20-5 = 0.25,5-26-24-20-5 = 0.333,5-26-28-9-5 = 0.25,5-12-27-29-5 = 0.75,5-11-12-5 = 0.25,5-11-27-14-9-5 = 0.25,5-21-22-33-5 = 0.583,5-38-18-31-15-5 = 0.75,5-38-18-28-9-5 = 0.25,5-32-13-5 = 1.0,5-21-35-25-8 = 0.167,5-21-22-33-8 = 0.25,5-24-35-20-5 = 0.25,8-23-36-24-25-8 = 0.417,8-17-37-29-5 = 0.25,8-17-10-14-37-8 = 0.75,8-19-36-35-25-8 = 0.417,8-34-16-8 = 1.0,8-36-35-20-5 = 0.167,8-23-19-30-8 = 0.583,5-11-28-31-15-5 = 0.25,5-11-28-10-9-5 = 0.25
395,340,575.696,7.569,0.114,0.119,401,402,5-12-27-29-5 = 0.394,5-11-12-29-5 = 0.394,5-11-12-27-5 = 0.211,5-11-27-14-29-5 = 0.211,5-11-27-10-9-5 = 0.183,5-38-18-31-15-5 = 0.633,5-38-18-28-9-5 = 0.367,5-28-31-22-33-5 = 0.156,5-32-13-5 = 0.339,5-26-22-33-8 = 0.477,5-26-32-13-5 = 0.523,5-24-21-20-5 = 0.743,8-23-35-25-8 = 0.514,8-23-36-35-8 = 0.119,8-23-36-24-25-8 = 0.119,8-17-37-9-5 = 0.211,8-17-10-14-37-8 = 0.55,8-19-34-16-8 = 0.248,8-19-36-35-25-8 = 0.367,8-19-36-24-32-13-5 = 0.138,8-30-34-16-8 = 0.752,8-17-28-10-9-5 = 0.028,8-17-28-31-9-5 = 0.211,8-36-21-20-5 = 0.257,8-28-10-14-37-8 = 0.239,8-23-19-30-8 = 0.248,5-15-22-33-8 = 0.367
402,395,579.312,0.0,3.616,0.0,Prune by CG,,8-30-8 = 0.307,5-12-27-29-5 = 0.377,5-11-12-29-5 = 0.377,5-11-27-14-29-5 = 0.231,5-11-27-10-9-5 = 0.146,5-38-18-31-15-5 = 0.613,5-31-15-22-5 = 0.142,5-31-15-9-5 = 0.222,5-26-22-33-8 = 0.038,5-26-32-13-5 = 0.962,5-24-21-20-5 = 0.825,8-23-35-25-8 = 0.349,8-23-36-35-8 = 0.137,8-23-36-24-25-8 = 0.137,8-23-19-34-8 = 0.189,8-17-37-9-5 = 0.491,8-17-10-14-37-8 = 0.495,8-19-34-16-8 = 0.118,8-19-33-10-9-5 = 0.142,8-19-36-35-25-8 = 0.514,8-19-36-24-32-13-5 = 0.038,8-30-34-16-8 = 0.693,8-36-21-20-5 = 0.175,8-28-10-14-37-8 = 0.014,5-11-12-27-14-5 = 0.245,8-17-10-14-29-5 = 0.014,5-15-22-33-8 = 0.024,5-38-28-22-33-8 = 0.387,8-23-28-10-16-8 = 0.189,5-28-31-22-33-8 = 0.024,5-18-28-22-33-8 = 0.387
304,286,575.866,3.524,1.073,-1.024,403,404,5-13-5 = 0.005,5-26-5 = 0.023,8-30-8 = 0.975,5-32-5 = 0.005,5-26-24-20-5 = 0.975,5-12-27-29-5 = 0.333,5-11-12-29-5 = 0.333,5-38-18-31-9-5 = 0.333,5-32-13-5 = 0.995,5-12-14-37-8 = 0.333,5-11-27-14-37-8 = 0.667,5-21-35-25-8 = 0.998,8-23-36-22-5 = 0.986,8-19-34-16-8 = 0.975,8-19-22-15-5 = 0.014,8-19-36-24-20-5 = 0.011,8-30-34-16-8 = 0.025,8-17-28-10-9-5 = 0.667,8-23-24-20-5 = 0.014,5-26-36-33-25-8 = 0.002,5-21-35-33-5 = 0.002,8-17-28-10-29-5 = 0.333,5-38-18-15-33-5 = 0.304,5-38-18-15-33-8 = 0.025,5-38-31-15-33-5 = 0.329,5-18-31-15-33-5 = 0.329,5-38-18-31-33-5 = 0.009
404,304,578.701,0.0,2.835,0.0,Prune by CG,,5-13-5 = 0.013,8-30-8 = 0.928,5-32-5 = 0.013,5-26-24-20-5 = 0.725,5-12-27-29-5 = 0.476,5-11-12-29-5 = 0.476,5-37-14-29-5 = 0.048,5-38-18-31-9-5 = 0.19,5-38-18-31-15-5 = 0.621,5-38-17-37-14-5 = 0.19,5-31-10-37-14-5 = 0.19,5-32-13-5 = 0.987,5-12-14-37-8 = 0.048,5-11-27-14-37-8 = 0.524,5-21-35-25-8 = 0.5,5-21-35-33-8 = 0.5,8-23-36-22-5 = 0.643,8-19-34-16-8 = 0.738,8-19-22-15-5 = 0.154,8-19-22-20-5 = 0.013,8-19-36-24-20-5 = 0.095,8-34-16-8 = 0.19,8-30-34-16-8 = 0.072,8-17-28-10-9-5 = 0.81,8-23-24-20-5 = 0.167,8-23-28-22-5 = 0.19,5-26-36-33-25-8 = 0.262,5-26-24-33-25-8 = 0.013,5-15-33-25-8 = 0.035,5-18-15-33-25-8 = 0.19
328,325,575.729,5.857,0.814,0.19,405,406,8-30-8 = 0.929,5-26-24-20-5 = 0.714,5-12-27-29-5 = 0.5,5-11-12-29-5 = 0.429,5-38-18-31-15-5 = 0.714,5-38-18-28-9-5 = 0.286,5-32-13-5 = 0.786,5-11-27-14-37-8 = 0.5,8-37-14-29-5 = 0.071,5-21-22-33-8 = 0.429,8-23-35-25-8 = 0.857,8-17-10-14-37-8 = 0.429,8-19-36-35-25-8 = 0.143,8-19-36-22-33-8 = 0.571,8-19-36-24-21-5 = 0.286,8-34-16-8 = 0.929,8-30-34-16-8 = 0.071,8-17-28-10-9-5 = 0.571,5-26-21-32-5 = 0.143,5-26-20-13-5 = 0.143,5-11-12-32-13-5 = 0.071,8-23-28-9-8 = 0.143,5-31-15-21-5 = 0.143,5-31-15-20-5 = 0.143
406,328,578.877,0.0,3.148,0.0,Prune by CG,,8-30-8 = 0.833,5-26-24-20-5 = 1.0,5-12-27-29-5 = 0.5,5-11-12-29-5 = 0.333,5-38-18-31-15-5 = 1.0,5-32-13-5 = 0.833,5-11-27-14-37-8 = 0.5,8-37-14-29-5 = 0.167,5-21-22-33-8 = 0.667,8-23-35-25-8 = 0.667,8-17-10-14-37-8 = 0.333,8-19-36-35-25-8 = 0.333,8-19-36-22-5 = 0.333,8-19-36-21-33-8 = 0.333,8-34-16-8 = 0.833,8-30-34-16-8 = 0.167,8-17-28-10-9-5 = 0.667,5-11-12-32-13-5 = 0.167,8-23-28-9-8 = 0.333
208,205,576.084,2.883,2.228,-2.167,407,408,8-30-8 = 0.975,5-26-21-5 = 0.367,5-26-24-21-5 = 0.05,5-12-27-29-5 = 0.342,5-11-12-29-5 = 0.342,5-11-12-27-5 = 0.292,5-11-27-29-5 = 0.317,5-38-18-28-9-5 = 1.0,5-31-15-22-5 = 1.0,5-32-13-5 = 0.708,5-11-27-14-37-8 = 0.025,5-24-35-20-5 = 0.95,8-23-36-33-25-8 = 1.0,8-17-34-16-8 = 0.025,8-17-10-14-37-8 = 0.975,8-19-35-20-5 = 0.05,8-19-34-16-8 = 0.95,8-30-34-16-8 = 0.025,5-26-21-32-5 = 0.292,5-26-21-13-5 = 0.292,5-11-12-27-10-8 = 0.025
407,208,581.502,0.0,5.419,0.0,Prune by CG,,8-30-8 = 0.75,5-26-21-5 = 0.5,5-26-24-21-5 = 0.5,5-12-27-29-5 = 0.5,5-38-18-28-9-5 = 1.0,5-31-15-22-5 = 1.0,5-32-13-5 = 1.0,5-11-27-14-37-8 = 0.5,5-24-35-20-5 = 0.5,8-23-36-33-25-8 = 1.0,8-17-37-29-5 = 0.25,8-17-34-8 = 0.25,8-17-10-14-37-8 = 0.25,8-19-35-20-5 = 0.5,8-19-34-16-8 = 0.5,8-30-34-8 = 0.25,8-17-10-14-29-5 = 0.25,5-11-12-10-16-8 = 0.5
271,135,575.676,7.222,1.02,0.822,409,410,8-30-8 = 1.0,5-26-21-5 = 0.111,5-26-20-5 = 0.056,5-26-24-35-5 = 0.056,5-26-24-20-5 = 0.556,5-12-27-29-5 = 0.5,5-11-12-29-5 = 0.5,5-38-18-31-22-5 = 0.111,5-38-18-31-15-5 = 0.333,5-38-18-28-9-5 = 0.278,5-38-18-28-22-5 = 0.222,5-38-15-22-5 = 0.056,5-31-15-22-5 = 0.556,5-32-13-5 = 1.0,5-11-27-14-37-8 = 0.5,5-21-35-25-8 = 0.5,5-24-21-20-5 = 0.389,8-23-36-33-8 = 0.056,8-23-36-33-16-8 = 0.222,8-23-36-33-25-8 = 0.5,8-23-19-34-8 = 0.222,8-17-10-37-14-5 = 0.5,8-19-34-16-8 = 0.778,8-17-28-10-9-5 = 0.5,5-18-15-22-5 = 0.056,5-26-36-35-8 = 0.222,8-35-33-9-5 = 0.222
409,271,579.318,0.0,3.642,0.0,Prune by CG,,8-30-8 = 1.0,5-26-21-5 = 0.111,5-26-20-5 = 0.056,5-26-24-35-5 = 0.056,5-26-24-20-5 = 0.556,5-12-27-29-5 = 0.5,5-11-12-29-5 = 0.5,5-38-18-31-22-5 = 0.444,5-38-18-28-22-5 = 0.167,5-38-28-31-15-5 = 0.333,5-31-15-9-5 = 0.222,5-32-13-5 = 1.0,5-11-27-14-37-8 = 0.5,5-21-35-25-8 = 0.5,5-24-21-20-5 = 0.389,8-23-36-33-8 = 0.056,8-23-36-33-16-8 = 0.222,8-23-36-33-25-8 = 0.5,8-23-19-34-8 = 0.222,8-17-10-37-14-5 = 0.5,8-19-34-16-8 = 0.778,8-17-28-10-9-5 = 0.5,5-18-15-22-5 = 0.389,5-38-15-9-5 = 0.056,5-26-36-35-8 = 0.222,8-35-33-9-5 = 0.222
337,53,575.708,6.444,0.432,0.644,411,412,8-30-8 = 0.111,5-26-24-20-5 = 0.889,5-12-27-29-5 = 0.5,5-11-12-29-5 = 0.5,5-38-18-31-15-5 = 0.833,5-38-18-28-9-5 = 0.167,5-32-13-5 = 0.389,5-32-20-13-5 = 0.111,5-24-21-32-13-5 = 0.111,5-26-32-13-5 = 0.111,5-11-27-14-37-8 = 0.5,5-21-35-25-8 = 0.167,5-21-22-33-8 = 0.444,8-23-35-25-8 = 0.833,8-17-10-14-37-8 = 0.333,8-19-34-16-8 = 0.278,8-19-36-22-33-5 = 0.389,8-19-36-33-9-5 = 0.167,8-30-34-16-8 = 0.722,8-17-28-10-9-5 = 0.389,8-36-22-15-5 = 0.167,8-28-10-14-37-8 = 0.167,8-23-19-30-8 = 0.167,8-17-28-10-9-8 = 0.111,8-17-28-31-9-8 = 0.167,5-36-21-32-13-5 = 0.278
412,337,578.548,0.0,2.84,0.0,Prune by CG,,5-26-24-20-5 = 1.0,5-12-27-29-5 = 0.5,5-11-27-29-5 = 0.5,5-38-18-28-9-5 = 1.0,5-32-13-5 = 0.5,5-21-22-33-8 = 1.0,8-23-35-25-8 = 1.0,8-17-10-14-37-8 = 1.0,8-19-36-31-15-5 = 1.0,8-30-34-16-8 = 1.0,5-11-12-32-13-5 = 0.5
411,337,575.716,6.0,0.007,-0.444,413,414,8-30-8 = 0.167,5-26-24-20-5 = 0.833,5-12-27-29-5 = 0.5,5-11-12-29-5 = 0.5,5-38-18-31-15-5 = 1.0,5-32-13-5 = 0.333,5-32-20-13-5 = 0.167,5-24-21-32-13-5 = 0.167,5-26-32-13-5 = 0.167,5-11-27-14-37-8 = 0.5,5-21-35-25-8 = 0.5,5-21-22-33-8 = 0.167,8-23-35-25-8 = 0.5,8-17-10-14-37-8 = 0.5,8-19-34-16-8 = 0.167,8-19-36-22-33-5 = 0.833,8-30-34-16-8 = 0.833,8-17-28-10-9-5 = 0.333,8-23-28-9-8 = 0.5,8-17-28-10-9-8 = 0.167,5-36-21-32-13-5 = 0.167
413,411,579.922,0.0,4.207,0.0,Prune by CG,,5-26-24-20-5 = 0.75,5-12-27-29-5 = 0.5,5-11-12-29-5 = 0.5,5-21-22-33-5 = 0.25,5-38-18-31-15-5 = 1.0,5-32-13-5 = 0.25,5-32-20-13-5 = 0.25,5-24-21-32-13-5 = 0.25,5-26-32-13-5 = 0.25,5-11-27-14-37-8 = 0.5,8-23-35-25-8 = 1.0,8-17-10-14-37-8 = 0.25,8-19-34-16-8 = 0.25,8-19-36-33-9-5 = 0.5,8-30-34-16-8 = 0.75,8-17-28-22-33-8 = 0.25,8-28-10-14-37-8 = 0.25,8-19-30-8 = 0.25,5-36-22-21-5 = 0.5,8-17-28-10-9-8 = 0.5
115,52,575.86,5.667,3.073,-0.333,415,416,5-13-5 = 0.333,5-26-5 = 0.167,8-30-8 = 0.333,5-26-24-20-5 = 0.667,5-12-27-29-5 = 0.5,5-11-12-29-5 = 0.5,5-38-18-31-15-5 = 0.833,5-31-15-22-5 = 0.167,5-32-13-5 = 1.0,5-11-27-14-37-8 = 0.5,5-21-22-33-8 = 0.833,8-17-37-14-5 = 0.167,8-19-36-35-25-8 = 1.0,8-34-16-8 = 0.333,8-30-34-16-8 = 0.667,8-17-28-10-9-5 = 0.667,8-23-28-9-5 = 0.333,8-23-24-20-5 = 0.333,5-38-10-14-37-8 = 0.167,5-26-23-33-5 = 0.167,5-18-10-14-37-8 = 0.167,8-17-23-21-5 = 0.167
415,115,582.715,0.0,6.855,0.0,Prune by CG,,5-13-5 = 0.2,8-30-8 = 0.6,5-26-24-20-5 = 1.0,5-12-27-29-5 = 0.6,5-11-12-29-5 = 0.2,5-11-17-37-14-5 = 0.4,5-38-18-31-15-5 = 0.8,5-38-17-37-14-5 = 0.2,5-18-31-10-29-5 = 0.2,5-32-13-5 = 1.0,5-21-22-33-8 = 1.0,8-17-10-37-14-5 = 0.4,8-19-36-35-25-8 = 1.0,8-34-16-8 = 0.6,8-30-34-16-8 = 0.4,8-23-28-9-5 = 0.8,8-23-28-15-5 = 0.2,5-11-27-10-9-8 = 0.2,5-11-12-27-10-8 = 0.2
279,277,575.891,4.0,1.422,-0.5,417,418,5-26-31-15-5 = 0.5,5-12-27-29-5 = 0.5,5-11-12-29-5 = 0.5,5-38-18-31-15-5 = 0.5,5-32-13-5 = 0.5,5-26-32-13-5 = 0.5,5-11-27-14-37-8 = 0.5,5-21-22-33-8 = 1.0,8-19-36-35-25-8 = 1.0,8-30-34-16-8 = 1.0,8-17-28-10-9-5 = 1.0,8-23-24-20-5 = 1.0,5-38-18-14-37-8 = 0.5
417,279,583.17,0.0,7.279,0.0,Prune by CG,,5-12-27-29-5 = 0.5,5-11-12-29-5 = 0.5,5-11-27-14-37-5 = 0.5,5-38-18-31-15-5 = 0.5,5-32-13-5 = 0.5,5-26-21-33-8 = 0.5,5-26-32-13-5 = 0.5,5-21-22-33-8 = 0.5,8-19-36-35-25-8 = 1.0,8-30-34-16-8 = 1.0,8-17-28-10-9-5 = 1.0,8-23-24-20-5 = 1.0,5-31-15-22-8 = 0.5,5-38-18-14-37-8 = 0.5
418,279,579.419,0.0,3.528,0.0,Prune by CG,,5-12-29-5 = 1.0,5-38-18-31-15-5 = 1.0,5-26-32-13-5 = 1.0,5-11-27-14-37-8 = 1.0,5-21-22-33-8 = 1.0,8-19-36-35-25-8 = 1.0,8-30-34-16-8 = 1.0,8-17-28-10-9-5 = 1.0,8-23-24-20-5 = 1.0
274,62,575.792,5.667,1.508,0.222,419,420,8-30-8 = 0.167,5-12-27-29-5 = 0.5,5-11-12-29-5 = 0.5,5-38-18-31-9-5 = 0.5,5-38-18-31-15-5 = 0.5,5-26-32-13-5 = 1.0,5-11-27-14-37-8 = 0.5,5-28-10-14-37-8 = 0.5,5-24-21-20-5 = 1.0,8-23-35-25-8 = 0.833,8-23-36-22-5 = 0.167,8-17-34-16-8 = 0.167,8-17-10-9-5 = 0.333,8-19-22-15-5 = 0.167,8-19-36-35-25-8 = 0.167,8-19-36-22-33-5 = 0.333,8-19-36-22-33-8 = 0.333,8-30-34-16-8 = 0.833,8-17-28-15-33-8 = 0.333,8-17-28-10-9-8 = 0.167
419,274,580.044,0.0,4.252,0.0,Prune by CG,,8-30-8 = 0.1,5-12-27-29-5 = 0.5,5-11-12-29-5 = 0.5,5-38-18-31-15-5 = 0.75,5-26-32-13-5 = 1.0,5-11-27-14-37-8 = 0.5,5-28-10-14-37-8 = 0.5,5-24-21-20-5 = 0.75,8-23-35-25-8 = 0.8,8-23-36-22-5 = 0.05,8-17-34-16-8 = 0.1,8-17-10-9-5 = 0.5,8-19-36-35-25-8 = 0.2,8-19-36-22-33-5 = 0.45,8-19-36-22-33-8 = 0.25,8-30-34-16-8 = 0.9,8-24-21-20-5 = 0.25,8-17-23-19-8 = 0.1,8-17-15-9-5 = 0.25,8-17-23-36-33-8 = 0.05,5-38-18-28-9-8 = 0.25,5-28-31-22-33-8 = 0.25
388,318,575.75,3.667,0.205,0.614,421,422,5-26-21-5 = 0.333,5-12-27-29-5 = 0.333,5-11-12-29-5 = 0.333,5-38-18-31-29-5 = 0.333,5-38-18-31-15-5 = 0.667,5-32-13-5 = 0.333,5-12-14-37-8 = 0.333,5-26-32-13-5 = 0.667,5-11-27-14-37-8 = 0.667,5-21-22-33-8 = 0.667,8-23-35-25-8 = 1.0,8-19-36-24-20-5 = 1.0,8-30-34-16-8 = 1.0,8-17-28-10-9-5 = 1.0,5-15-22-33-8 = 0.333
422,388,582.963,0.0,7.212,0.0,Prune by CG,,5-11-27-29-5 = 1.0,5-38-18-31-15-5 = 1.0,5-12-14-37-8 = 1.0,5-26-32-13-5 = 1.0,5-21-22-33-8 = 1.0,8-23-35-25-8 = 1.0,8-19-36-24-20-5 = 1.0,8-30-34-16-8 = 1.0,8-17-28-10-9-5 = 1.0
203,181,575.571,6.4,1.538,1.789,423,424,8-30-8 = 0.8,5-26-20-5 = 0.6,5-12-27-29-5 = 0.4,5-11-12-29-5 = 0.4,5-11-12-27-5 = 0.2,5-11-27-14-29-5 = 0.2,5-11-27-10-9-5 = 0.2,5-38-18-31-15-5 = 0.2,5-38-18-28-9-5 = 0.6,5-38-28-31-15-5 = 0.2,5-31-15-22-5 = 0.4,5-18-28-31-15-5 = 0.2,5-32-13-5 = 1.0,5-26-21-33-8 = 0.4,5-21-35-25-8 = 0.4,8-23-36-21-5 = 0.2,8-23-36-22-5 = 0.6,8-17-37-9-5 = 0.2,8-17-10-14-37-8 = 0.8,8-19-34-16-8 = 0.8,8-19-36-24-20-5 = 0.2,8-30-34-16-8 = 0.2,8-23-24-20-5 = 0.2,5-24-35-33-25-8 = 0.6
423,203,580.962,0.0,5.391,0.0,Prune by CG,,8-30-8 = 0.833,5-26-24-20-5 = 0.5,5-11-12-27-5 = 0.81,5-11-27-14-29-5 = 0.19,5-38-18-31-15-5 = 0.333,5-38-18-28-9-5 = 0.476,5-31-15-22-5 = 0.476,5-31-15-9-5 = 0.095,5-28-9-29-5 = 0.143,5-28-31-10-9-5 = 0.095,5-18-28-10-9-5 = 0.19,5-32-13-5 = 0.905,5-26-21-33-8 = 0.405,5-26-32-13-5 = 0.095,8-37-14-29-5 = 0.095,5-21-35-25-8 = 0.5,5-21-35-33-8 = 0.095,8-23-36-22-5 = 0.524,8-23-36-20-5 = 0.405,8-17-37-29-5 = 0.286,8-17-10-14-37-8 = 0.619,8-19-34-16-8 = 0.881,8-19-36-24-20-5 = 0.071,8-30-34-16-8 = 0.119,8-23-19-30-8 = 0.048,8-23-24-20-5 = 0.024,8-17-10-14-29-5 = 0.095,5-24-35-33-25-8 = 0.405,5-38-12-29-5 = 0.19,5-28-15-33-25-8 = 0.095
424,203,579.198,0.0,3.627,0.0,Prune by CG,,8-30-8 = 0.833,5-26-20-5 = 0.5,5-26-24-20-5 = 0.167,5-12-27-29-5 = 1.0,5-38-18-31-15-5 = 0.667,5-31-15-9-5 = 0.167,5-32-13-5 = 1.0,5-26-21-33-8 = 0.333,5-21-35-25-8 = 0.333,5-24-21-20-5 = 0.167,8-23-36-22-5 = 1.0,8-17-37-14-5 = 0.167,8-17-10-14-37-8 = 0.833,8-19-34-16-8 = 0.833,8-30-34-16-8 = 0.167,8-19-21-20-5 = 0.167,5-11-28-31-15-5 = 0.167,5-24-35-33-25-8 = 0.667,5-11-38-28-9-5 = 0.333,5-11-18-28-9-5 = 0.333,5-11-28-10-9-5 = 0.167
242,189,575.718,5.517,1.092,1.167,425,426,8-30-8 = 0.975,5-15-22-33-5 = 0.254,5-26-20-5 = 0.1,5-26-24-20-5 = 0.254,5-12-27-29-5 = 0.342,5-11-12-29-5 = 0.342,5-21-22-33-5 = 0.062,5-38-18-31-9-5 = 0.242,5-38-18-31-15-5 = 0.746,5-31-9-29-5 = 0.012,5-32-13-5 = 1.0,5-12-14-37-8 = 0.317,5-26-21-33-8 = 0.025,5-11-27-14-37-8 = 0.658,5-24-21-20-5 = 0.342,8-23-36-21-5 = 0.571,8-23-36-22-5 = 0.404,8-19-34-16-8 = 0.975,8-19-36-24-20-5 = 0.025,8-30-34-16-8 = 0.025,8-17-28-10-9-5 = 0.696,8-23-28-9-5 = 0.025,5-22-33-20-5 = 0.279,8-17-9-29-5 = 0.025,8-17-28-10-29-5 = 0.279,5-38-10-14-37-8 = 0.012,5-24-35-33-25-8 = 0.379,5-18-10-14-37-8 = 0.012,5-26-35-25-8 = 0.621
425,242,580.014,0.0,4.296,0.0,Prune by CG,,8-30-8 = 0.975,5-26-24-21-5 = 0.025,5-12-27-29-5 = 0.39,5-11-12-29-5 = 0.39,5-37-14-29-5 = 0.17,5-38-18-31-15-5 = 1.0,5-32-13-5 = 0.83,5-12-14-37-8 = 0.22,5-11-27-14-37-8 = 0.61,5-24-35-25-8 = 0.415,8-23-36-21-5 = 0.975,8-23-36-22-5 = 0.025,8-19-34-16-8 = 0.975,8-30-34-16-8 = 0.025,8-17-28-10-9-5 = 0.975,5-22-33-20-5 = 0.975,5-26-24-32-13-5 = 0.17,8-19-9-29-5 = 0.025,8-17-28-10-29-5 = 0.025,5-26-24-35-8 = 0.195,5-26-35-25-8 = 0.39,5-26-33-20-5 = 0.025,5-26-24-25-8 = 0.195
398,66,575.909,7.1,0.402,0.05,427,428,5-13-5 = 0.012,5-26-5 = 0.012,8-30-8 = 0.975,5-32-5 = 0.012,5-26-24-20-5 = 0.975,5-26-28-9-5 = 0.012,5-12-27-29-5 = 0.5,5-21-22-33-5 = 0.488,5-38-18-31-15-5 = 0.5,5-38-18-28-9-5 = 0.488,5-38-28-31-15-5 = 0.012,5-18-28-31-15-5 = 0.012,5-32-13-5 = 0.988,5-11-27-14-37-8 = 0.5,5-21-35-25-8 = 0.488,5-21-22-33-8 = 0.025,8-23-36-22-5 = 0.488,8-23-19-34-8 = 0.488,8-17-37-9-5 = 0.5,8-19-36-35-25-8 = 0.512,8-34-16-8 = 0.488,8-30-34-16-8 = 0.025,8-23-24-20-5 = 0.025,8-17-10-14-29-5 = 0.5,5-28-31-15-33-5 = 0.475,5-11-12-10-33-8 = 0.013,5-11-12-10-16-8 = 0.488
428,398,581.918,0.0,6.009,0.0,Prune by CG,,8-30-8 = 0.822,8-34-8 = 0.411,5-26-20-5 = 0.1,5-26-24-20-5 = 0.697,5-26-28-9-5 = 0.091,5-12-27-29-5 = 0.506,5-21-22-33-5 = 0.577,5-38-18-31-15-5 = 0.369,5-38-18-28-9-5 = 0.44,5-38-28-31-15-5 = 0.166,5-31-15-22-5 = 0.298,5-18-28-31-15-5 = 0.166,5-32-13-5 = 1.0,5-11-27-14-37-8 = 0.494,5-21-35-25-8 = 0.095,5-24-35-25-16-8 = 0.046,8-23-36-21-5 = 0.328,8-23-36-22-5 = 0.071,8-23-19-34-8 = 0.398,8-17-37-14-5 = 0.025,8-17-37-9-5 = 0.469,8-17-37-29-5 = 0.012,8-19-36-35-25-8 = 0.602,8-30-34-8 = 0.178,8-17-10-14-29-5 = 0.482,8-23-25-20-5 = 0.203,5-38-18-28-10-16-8 = 0.025,5-24-35-33-16-8 = 0.257,5-11-12-10-16-8 = 0.494,5-11-17-34-16-8 = 0.012,5-26-28-33-16-8 = 0.112,5-22-33-25-16-8 = 0.054
319,33,575.58,6.0,0.354,2.0,429,430,5-13-5 = 0.333,5-26-20-5 = 0.667,5-26-24-20-5 = 0.333,5-12-27-29-5 = 0.5,5-11-12-29-5 = 0.5,5-38-18-31-9-5 = 0.167,5-38-18-31-15-5 = 0.5,5-38-18-28-9-5 = 0.333,5-11-27-14-37-8 = 0.5,5-31-10-14-37-8 = 0.167,5-21-22-33-8 = 0.667,8-23-35-25-8 = 1.0,8-17-10-14-37-8 = 0.333,8-19-36-21-32-5 = 0.333,8-19-36-24-32-13-5 = 0.667,8-30-34-16-8 = 1.0,8-17-28-10-9-5 = 0.5,8-17-28-31-15-5 = 0.167,5-15-22-33-8 = 0.333
430,319,583.435,0.0,7.856,0.0,Prune by CG,,5-13-5 = 0.333,5-26-20-5 = 0.667,5-26-24-20-5 = 0.333,5-12-27-29-5 = 0.5,5-11-12-29-5 = 0.5,5-38-18-10-9-5 = 0.667,5-11-27-14-37-8 = 0.5,5-21-22-33-8 = 0.667,8-23-35-25-8 = 1.0,8-19-36-21-32-5 = 0.333,8-19-36-24-32-13-5 = 0.667,8-30-34-16-8 = 1.0,8-17-28-31-9-5 = 0.333,8-17-28-31-15-5 = 0.667,5-15-22-33-8 = 0.333,5-38-10-14-37-8 = 0.167,5-18-10-14-37-8 = 0.167,5-38-18-14-37-8 = 0.167
429,319,575.774,5.667,0.194,-0.333,431,432,5-13-5 = 0.333,5-26-20-5 = 0.667,5-26-24-20-5 = 0.333,5-12-27-29-5 = 0.5,5-11-12-29-5 = 0.5,5-38-18-31-15-5 = 0.667,5-38-18-28-9-5 = 0.333,5-31-15-9-5 = 0.167,5-11-27-14-37-8 = 0.5,5-21-22-33-8 = 0.667,8-23-35-25-8 = 1.0,8-17-10-14-37-8 = 0.5,8-19-36-21-32-5 = 0.333,8-19-36-24-32-13-5 = 0.667,8-30-34-16-8 = 1.0,8-17-28-10-9-5 = 0.5,5-15-22-33-8 = 0.167,5-28-31-22-33-8 = 0.167
432,429,580.016,0.0,4.242,0.0,Prune by CG,,5-13-5 = 0.333,5-15-22-33-5 = 0.167,5-26-20-5 = 0.667,5-26-24-20-5 = 0.333,5-12-27-29-5 = 0.5,5-11-12-29-5 = 0.5,5-21-22-33-5 = 0.5,5-38-18-31-9-5 = 0.167,5-38-18-31-15-5 = 0.667,5-31-15-9-5 = 0.167,5-11-27-14-37-8 = 0.5,5-28-10-14-37-8 = 0.167,5-21-22-33-8 = 0.167,8-23-35-25-8 = 1.0,8-17-10-14-37-8 = 0.333,8-19-36-21-32-5 = 0.333,8-19-36-24-32-13-5 = 0.667,8-30-34-16-8 = 1.0,8-17-28-22-33-8 = 0.167,8-17-28-10-9-8 = 0.5,5-38-18-28-9-8 = 0.167
431,429,575.851,4.818,0.077,-0.848,433,434,5-13-5 = 0.182,8-30-8 = 0.091,5-26-20-5 = 0.818,5-26-24-20-5 = 0.182,5-12-27-29-5 = 0.5,5-11-12-29-5 = 0.5,5-38-18-31-15-5 = 0.636,5-38-18-28-9-5 = 0.318,5-38-28-31-15-5 = 0.045,5-31-15-9-5 = 0.091,5-18-28-31-15-5 = 0.045,5-11-27-14-37-8 = 0.5,5-31-10-14-37-8 = 0.182,5-21-22-33-8 = 0.818,8-23-35-25-8 = 1.0,8-17-37-14-5 = 0.091,8-17-34-16-8 = 0.091,8-17-10-14-37-8 = 0.227,8-19-36-21-32-5 = 0.182,8-19-36-24-32-13-5 = 0.818,8-30-34-16-8 = 0.909,8-17-28-10-9-5 = 0.591,5-15-22-33-8 = 0.182
434,431,579.796,0.0,3.945,0.0,Prune by CG,,5-13-5 = 0.4,8-30-8 = 0.1,5-26-24-20-5 = 0.7,5-12-27-29-5 = 0.5,5-11-12-29-5 = 0.5,5-38-18-31-9-5 = 0.5,5-38-18-28-15-5 = 0.4,5-31-22-21-5 = 0.1,5-11-27-14-37-8 = 0.5,5-31-10-14-37-8 = 0.2,5-21-22-33-8 = 0.2,8-23-35-25-8 = 1.0,8-17-34-16-8 = 0.1,8-17-10-14-37-8 = 0.3,8-19-36-21-32-5 = 0.7,8-19-36-24-32-13-5 = 0.3,8-30-34-16-8 = 0.9,8-17-28-15-33-5 = 0.1,8-17-28-10-9-5 = 0.5,5-26-20-13-5 = 0.3,5-15-22-33-8 = 0.5,5-18-31-22-33-8 = 0.1,5-38-31-22-33-8 = 0.1
401,395,576.146,6.2,0.45,-1.369,435,436,5-12-27-29-5 = 0.4,5-11-12-29-5 = 0.4,5-11-12-27-5 = 0.2,5-11-27-14-29-5 = 0.2,5-11-27-10-9-5 = 0.2,5-38-18-31-15-5 = 0.25,5-38-18-28-9-5 = 0.45,5-38-28-31-15-5 = 0.3,5-31-15-9-5 = 0.15,5-18-28-31-15-5 = 0.25,5-32-13-5 = 0.5,5-26-22-33-8 = 0.9,5-26-32-13-5 = 0.1,5-24-21-20-5 = 0.6,8-23-35-25-8 = 0.8,8-17-37-9-5 = 0.2,8-17-10-14-37-8 = 0.8,8-19-34-16-8 = 0.2,8-19-36-35-25-8 = 0.2,8-19-36-24-32-13-5 = 0.4,8-30-34-16-8 = 0.8,8-36-21-20-5 = 0.4,8-23-19-30-8 = 0.2,5-15-22-33-8 = 0.05,5-18-31-22-33-8 = 0.05
436,401,578.692,0.0,2.546,0.0,Prune by CG,,8-30-8 = 0.152,5-15-22-33-5 = 0.242,5-12-27-29-5 = 0.576,5-11-12-29-5 = 0.212,5-11-12-27-5 = 0.212,5-11-27-10-9-5 = 0.212,5-11-38-18-28-31-5 = 0.364,5-38-18-31-9-5 = 0.333,5-38-18-28-9-5 = 0.242,5-38-18-28-15-5 = 0.061,5-28-31-22-33-5 = 0.091,5-26-32-13-5 = 0.97,8-37-14-29-5 = 0.212,5-24-21-20-5 = 0.788,8-23-35-25-8 = 0.424,8-23-36-35-8 = 0.182,8-23-36-24-25-8 = 0.182,8-17-10-14-37-8 = 0.788,8-19-34-16-8 = 0.364,8-19-36-35-25-8 = 0.394,8-19-36-24-32-13-5 = 0.03,8-30-34-16-8 = 0.636,8-17-28-31-9-5 = 0.212,8-36-21-20-5 = 0.212,8-23-19-30-8 = 0.212,5-15-22-33-8 = 0.667,5-26-28-15-5 = 0.03
316,314,576.188,4.174,1.651,-1.723,437,438,8-30-8 = 0.043,5-26-24-20-5 = 1.0,5-12-27-29-5 = 0.609,5-11-12-29-5 = 0.391,5-11-27-10-9-5 = 0.174,5-38-18-28-9-5 = 0.783,5-32-13-5 = 0.609,5-11-27-14-37-8 = 0.217,8-23-35-25-8 = 0.739,8-23-36-35-8 = 0.13,8-23-36-33-25-8 = 0.13,8-17-10-14-37-8 = 0.783,8-19-34-16-8 = 0.043,8-19-22-15-5 = 0.174,8-19-33-10-9-5 = 0.043,8-19-36-35-25-8 = 0.13,8-19-36-22-33-8 = 0.609,8-30-34-16-8 = 0.957,8-17-28-22-33-8 = 0.217,5-31-15-21-5 = 0.826,5-11-38-18-32-13-5 = 0.217,5-31-21-32-13-5 = 0.174
437,316,588.37,0.0,12.182,0.0,Prune by CG,,5-26-24-20-5 = 1.0,5-12-27-29-5 = 0.667,5-11-12-29-5 = 0.333,5-32-13-5 = 0.667,5-11-27-14-37-8 = 0.333,8-23-35-25-8 = 0.667,8-23-36-35-8 = 0.333,8-17-10-14-37-8 = 0.667,8-19-22-9-5 = 0.667,8-19-33-10-9-5 = 0.333,8-30-34-16-8 = 1.0,8-17-28-22-33-8 = 0.333,5-31-15-21-5 = 1.0,5-11-38-18-32-13-5 = 0.333,5-38-18-28-36-33-8 = 0.333,5-38-18-28-36-25-8 = 0.333
433,431,576.119,3.8,0.269,-1.018,439,440,5-13-5 = 0.2,5-26-20-5 = 1.0,5-12-27-29-5 = 0.5,5-11-12-29-5 = 0.5,5-38-18-31-15-5 = 0.6,5-38-18-28-9-5 = 0.3,5-38-28-31-15-5 = 0.1,5-31-15-9-5 = 0.2,5-18-28-31-15-5 = 0.1,5-11-27-14-37-8 = 0.5,5-21-22-33-8 = 1.0,8-23-35-25-8 = 1.0,8-17-10-14-37-8 = 0.5,8-19-36-24-32-13-5 = 1.0,8-30-34-16-8 = 1.0,8-17-28-10-9-5 = 0.5
439,433,579.682,0.0,3.563,0.0,Prune by CG,,5-13-5 = 0.143,5-26-20-5 = 1.0,5-12-27-29-5 = 0.429,5-11-12-29-5 = 0.429,5-38-18-31-15-5 = 0.857,5-31-15-9-5 = 0.143,5-12-14-37-8 = 0.143,5-11-27-14-37-8 = 0.571,5-21-22-33-8 = 1.0,8-23-35-25-8 = 1.0,8-19-36-24-32-13-5 = 1.0,8-30-34-16-8 = 1.0,8-17-28-10-9-5 = 0.571,8-17-28-9-5 = 0.286,8-17-28-10-29-5 = 0.143,5-38-10-14-37-8 = 0.143,5-18-10-14-37-8 = 0.143
440,433,578.077,0.0,1.958,0.0,Prune by CG,,8-30-8 = 0.25,5-26-20-5 = 1.0,5-12-27-29-5 = 0.5,5-11-12-29-5 = 0.5,5-11-27-10-9-5 = 0.25,5-21-22-33-5 = 0.25,5-38-18-31-15-5 = 0.25,5-38-18-28-9-5 = 0.5,5-38-28-31-15-5 = 0.25,5-31-15-9-5 = 0.25,5-18-28-31-15-5 = 0.25,5-11-27-14-37-8 = 0.25,5-21-22-33-8 = 0.75,8-23-35-25-8 = 1.0,8-17-34-16-8 = 0.25,8-17-10-14-37-8 = 0.75,8-19-36-24-32-13-5 = 1.0,8-30-34-16-8 = 0.75
360,358,575.996,3.0,0.464,0.0,441,442,5-26-28-9-5 = 0.167,5-12-27-29-5 = 0.333,5-11-12-29-5 = 0.333,5-11-12-27-5 = 0.333,5-11-27-29-5 = 0.333,5-38-18-31-15-5 = 0.667,5-38-18-28-9-5 = 0.167,5-38-28-31-9-5 = 0.167,5-18-28-31-9-5 = 0.167,5-32-13-5 = 0.167,5-26-32-13-5 = 0.833,5-21-22-33-8 = 1.0,8-17-10-14-37-8 = 1.0,8-19-36-35-25-8 = 1.0,8-30-34-16-8 = 1.0,8-23-24-20-5 = 1.0,5-28-15-9-5 = 0.333
441,360,582.783,0.0,6.788,0.0,Prune by CG,,8-30-8 = 0.125,5-15-22-33-5 = 0.125,5-12-27-29-5 = 0.75,5-11-27-29-5 = 0.25,5-11-38-18-15-5 = 0.5,5-38-28-31-9-5 = 0.5,5-18-28-31-9-5 = 0.5,5-32-13-5 = 0.125,5-26-22-33-8 = 0.125,5-26-32-13-5 = 0.875,5-21-35-25-8 = 0.25,5-21-22-33-8 = 0.75,8-23-36-15-5 = 0.125,8-17-10-14-37-8 = 1.0,8-19-34-16-8 = 0.125,8-19-36-35-25-8 = 0.75,8-19-36-24-20-5 = 0.125,8-30-34-16-8 = 0.875,8-23-24-20-5 = 0.875,5-11-12-15-5 = 0.25
157,109,576.015,7.0,3.083,0.0,443,444,5-26-22-33-5 = 0.5,5-12-27-29-5 = 0.5,5-11-12-29-5 = 0.5,5-21-22-33-5 = 0.5,5-38-18-31-15-5 = 1.0,5-32-13-5 = 0.5,5-26-32-13-5 = 0.5,5-11-27-14-37-8 = 0.5,5-21-35-25-8 = 0.5,8-17-10-14-37-8 = 0.5,8-19-36-35-25-8 = 0.5,8-19-36-24-20-5 = 0.5,8-30-34-16-8 = 1.0,8-23-24-20-5 = 0.5,8-23-28-9-8 = 0.5,8-17-28-10-9-8 = 0.5
443,157,578.846,0.0,2.831,0.0,Prune by CG,,5-26-21-5 = 0.2,5-26-22-33-5 = 0.2,5-12-27-29-5 = 0.4,5-11-12-29-5 = 0.4,5-21-22-33-5 = 0.4,5-38-18-31-15-5 = 1.0,5-32-13-5 = 0.4,5-12-14-37-8 = 0.2,5-26-32-13-5 = 0.6,5-11-27-14-37-8 = 0.6,8-37-14-29-5 = 0.2,5-21-22-33-8 = 0.4,8-19-36-35-25-8 = 1.0,8-30-34-16-8 = 1.0,8-23-24-20-5 = 1.0,8-17-28-10-9-8 = 1.0
444,157,576.166,6.0,0.151,-1.0,445,446,5-26-22-33-5 = 0.5,5-12-27-29-5 = 0.5,5-11-12-29-5 = 0.5,5-21-22-33-5 = 0.5,5-38-18-31-15-5 = 1.0,5-32-13-5 = 0.5,5-26-32-13-5 = 0.5,5-11-27-14-37-8 = 0.5,5-21-35-25-8 = 0.5,8-23-35-25-8 = 0.5,8-17-10-14-37-8 = 0.5,8-19-36-24-20-5 = 1.0,8-30-34-16-8 = 1.0,8-23-28-9-8 = 0.5,8-17-28-10-9-8 = 0.5
445,444,579.004,0.0,2.838,0.0,Prune by CG,,5-26-24-21-5 = 0.125,5-12-27-29-5 = 0.438,5-11-12-29-5 = 0.438,5-21-22-33-5 = 0.688,5-38-18-31-15-5 = 1.0,5-32-13-5 = 0.5,5-12-14-37-8 = 0.125,5-26-22-33-8 = 0.25,5-26-32-13-5 = 0.5,5-11-27-14-37-8 = 0.562,8-37-14-29-5 = 0.125,5-21-22-33-8 = 0.062,8-23-35-25-8 = 0.812,8-17-10-14-37-8 = 0.188,8-19-35-20-5 = 0.062,8-19-36-35-25-8 = 0.063,8-19-36-24-20-5 = 0.875,8-30-34-16-8 = 1.0,8-36-35-20-5 = 0.062,8-23-28-9-8 = 0.188,8-17-28-10-9-8 = 0.812,5-26-21-25-8 = 0.125
426,242,576.003,5.658,0.285,0.142,447,448,8-30-8 = 0.975,5-15-22-33-5 = 0.254,5-26-20-5 = 0.1,5-26-24-20-5 = 0.254,5-12-27-29-5 = 0.342,5-11-12-29-5 = 0.342,5-21-22-33-5 = 0.342,5-38-18-31-9-5 = 0.242,5-38-18-31-15-5 = 0.746,5-31-9-29-5 = 0.012,5-32-13-5 = 1.0,5-12-14-37-8 = 0.317,5-26-21-33-8 = 0.025,5-11-27-14-37-8 = 0.658,5-24-21-20-5 = 0.342,8-23-36-21-5 = 0.292,8-23-36-22-5 = 0.404,8-23-36-20-5 = 0.279,8-19-34-16-8 = 0.975,8-19-36-24-20-5 = 0.025,8-30-34-16-8 = 0.025,8-17-28-10-9-5 = 0.696,8-23-28-9-5 = 0.025,8-17-9-29-5 = 0.025,8-17-28-10-29-5 = 0.279,5-38-10-14-37-8 = 0.012,5-24-35-33-25-8 = 0.379,5-18-10-14-37-8 = 0.012,5-26-35-25-8 = 0.621
447,426,579.649,0.0,3.646,0.0,Prune by CG,,8-30-8 = 0.815,5-26-22-33-5 = 0.111,5-26-24-21-5 = 0.111,5-12-27-29-5 = 0.444,5-11-12-29-5 = 0.444,5-37-14-29-5 = 0.111,5-21-22-33-5 = 0.593,5-38-18-31-15-5 = 0.889,5-31-15-22-5 = 0.111,5-32-13-5 = 1.0,5-12-14-37-8 = 0.111,5-26-21-33-8 = 0.296,5-11-27-14-37-8 = 0.556,5-24-35-25-8 = 0.519,8-23-36-22-5 = 0.185,8-23-36-20-5 = 0.63,8-19-34-16-8 = 0.815,8-19-36-24-20-5 = 0.185,8-30-34-16-8 = 0.185,8-17-28-10-9-5 = 0.778,8-23-24-20-5 = 0.185,8-17-28-9-5 = 0.222,5-38-10-14-37-8 = 0.111,5-18-10-14-37-8 = 0.111,5-26-35-25-8 = 0.481
296,231,575.882,8.167,1.192,0.917,449,450,8-30-8 = 0.667,5-26-21-5 = 0.083,5-26-24-20-5 = 0.583,5-26-28-9-5 = 0.167,5-12-27-29-5 = 0.25,5-11-12-29-5 = 0.25,5-11-12-27-5 = 0.5,5-11-27-14-29-5 = 0.25,5-38-18-31-15-5 = 0.5,5-38-18-28-9-5 = 0.167,5-38-28-10-9-5 = 0.333,5-31-15-22-5 = 0.5,5-18-28-10-9-5 = 0.333,5-32-13-5 = 1.0,5-21-22-33-8 = 0.5,5-24-21-20-5 = 0.417,8-23-35-25-8 = 0.5,8-23-36-35-8 = 0.5,8-17-37-14-5 = 0.417,8-17-37-29-5 = 0.25,8-17-10-14-37-8 = 0.333,8-19-34-16-8 = 0.667,8-19-36-33-25-8 = 0.333,8-30-34-16-8 = 0.333,5-26-36-33-25-8 = 0.167
449,296,579.465,0.0,3.583,0.0,Prune by CG,,8-30-8 = 0.917,5-26-28-9-5 = 1.0,5-12-27-29-5 = 0.25,5-11-12-29-5 = 0.25,5-11-12-27-5 = 0.25,5-11-12-27-10-5 = 0.25,5-11-27-14-29-5 = 0.25,5-38-18-31-22-5 = 0.083,5-38-18-31-15-5 = 0.75,5-32-13-5 = 1.0,5-24-21-20-5 = 1.0,8-23-35-25-8 = 0.5,8-23-36-35-8 = 0.5,8-17-37-29-5 = 0.25,8-17-10-37-14-5 = 0.667,8-17-10-14-37-8 = 0.083,8-19-34-16-8 = 0.917,8-19-36-33-25-8 = 0.083,8-30-34-16-8 = 0.083,5-15-22-33-8 = 0.25,5-18-31-22-33-8 = 0.083,5-38-31-22-33-8 = 0.083,5-38-18-22-33-8 = 0.083,5-36-22-33-25-8 = 0.417
450,296,576.065,7.833,0.183,-0.333,451,452,8-30-8 = 0.667,5-26-21-5 = 0.083,5-26-24-20-5 = 0.75,5-12-27-29-5 = 0.25,5-11-12-29-5 = 0.25,5-11-12-27-5 = 0.5,5-11-27-14-29-5 = 0.25,5-38-18-31-15-5 = 0.333,5-38-18-28-9-5 = 0.333,5-38-28-10-9-5 = 0.333,5-31-15-22-5 = 0.5,5-18-28-10-9-5 = 0.333,5-32-13-5 = 1.0,5-21-22-33-8 = 0.5,5-24-21-20-5 = 0.25,8-23-35-25-8 = 0.5,8-23-36-35-8 = 0.5,8-17-37-14-5 = 0.417,8-17-37-29-5 = 0.25,8-17-10-14-37-8 = 0.333,8-19-34-16-8 = 0.667,8-19-36-33-25-8 = 0.333,8-30-34-16-8 = 0.333,5-26-36-33-25-8 = 0.167,5-31-15-21-5 = 0.167
452,450,579.473,0.0,3.407,0.0,Prune by CG,,5-26-5 = 0.013,8-30-8 = 0.96,5-26-24-20-5 = 0.487,5-11-12-27-5 = 0.06,5-38-18-31-15-5 = 0.487,5-38-18-28-9-5 = 0.04,5-38-28-10-9-5 = 0.473,5-31-15-22-5 = 0.5,5-28-31-10-9-5 = 0.013,5-18-28-10-9-5 = 0.473,5-32-13-5 = 1.0,8-37-14-29-5 = 0.02,5-21-22-33-8 = 0.487,5-24-21-20-5 = 0.513,8-23-35-25-8 = 0.5,8-23-36-35-8 = 0.5,8-17-37-29-5 = 0.96,8-17-10-14-37-8 = 0.02,8-19-34-16-8 = 0.98,8-30-34-16-8 = 0.02,8-19-30-8 = 0.02,5-11-12-27-14-5 = 0.94,8-17-10-14-29-5 = 0.02,5-26-36-33-25-8 = 0.5,5-15-22-33-8 = 0.013
324,233,575.877,6.111,0.861,1.031,453,454,5-26-5 = 0.033,8-30-8 = 0.889,5-26-24-21-5 = 0.156,5-26-24-20-5 = 0.811,5-12-27-29-5 = 0.5,5-11-12-29-5 = 0.5,5-38-18-31-9-5 = 0.467,5-38-18-31-15-5 = 0.3,5-31-15-22-5 = 0.233,5-32-13-5 = 1.0,5-11-27-14-37-8 = 0.5,5-21-35-25-8 = 0.811,8-23-36-22-5 = 0.544,8-23-36-33-5 = 0.344,8-17-10-14-37-8 = 0.033,8-19-34-16-8 = 0.889,8-19-36-33-20-5 = 0.111,8-30-34-16-8 = 0.111,8-17-28-15-33-5 = 0.467,8-17-28-10-9-5 = 0.389,8-23-28-9-5 = 0.033,5-24-21-22-5 = 0.033,8-23-33-20-5 = 0.078,5-22-35-25-8 = 0.189,8-17-28-10-9-8 = 0.111,5-38-10-14-37-8 = 0.233,5-18-10-14-37-8 = 0.233
122,97,576.163,5.944,3.692,-0.722,455,456,8-30-8 = 0.972,5-26-24-20-5 = 1.0,5-12-27-29-5 = 0.444,5-11-12-29-5 = 0.444,5-11-12-27-5 = 0.111,5-38-18-31-9-5 = 0.139,5-38-18-28-15-5 = 0.583,5-38-31-10-9-5 = 0.167,5-38-28-31-15-5 = 0.111,5-31-15-9-5 = 0.306,5-28-10-37-14-5 = 0.194,5-18-31-10-9-5 = 0.278,5-32-13-5 = 1.0,5-11-27-14-37-8 = 0.444,5-21-35-25-8 = 0.667,8-23-36-21-5 = 0.333,8-23-22-33-5 = 0.667,8-17-37-9-5 = 0.111,8-17-34-16-8 = 0.639,8-17-10-14-37-8 = 0.25,8-19-34-16-8 = 0.333,8-19-36-35-25-8 = 0.333,8-19-36-22-33-8 = 0.333,8-30-34-16-8 = 0.028,5-28-10-14-29-5 = 0.111
455,122,578.939,0.0,2.777,0.0,Prune by CG,,5-13-5 = 0.25,8-30-8 = 0.5,5-32-5 = 0.25,5-26-24-20-5 = 1.0,5-12-27-29-5 = 0.5,5-11-12-29-5 = 0.5,5-38-18-31-15-5 = 0.25,5-38-18-28-15-5 = 0.25,5-38-18-28-31-5 = 0.25,5-38-28-31-15-5 = 0.25,5-18-28-31-15-5 = 0.25,5-32-13-5 = 0.75,5-11-27-14-37-8 = 0.5,5-21-35-25-8 = 1.0,8-23-36-9-5 = 0.5,8-23-22-33-5 = 0.5,8-17-10-9-5 = 0.5,8-17-10-14-37-8 = 0.5,8-19-34-16-8 = 0.5,8-19-36-22-33-8 = 0.5,8-30-34-16-8 = 0.5
454,324,576.49,3.216,0.613,-2.895,457,458,5-13-5 = 0.018,5-26-5 = 0.004,8-30-8 = 0.974,5-32-5 = 0.018,5-26-24-21-5 = 0.004,5-26-24-20-5 = 0.992,5-12-27-29-5 = 0.5,5-11-12-29-5 = 0.5,5-38-18-10-9-5 = 0.503,5-38-18-31-9-5 = 0.469,5-38-18-31-15-5 = 0.008,5-32-13-5 = 0.982,5-11-27-14-37-8 = 0.5,5-31-10-14-37-8 = 0.497,5-21-35-25-8 = 0.985,8-23-36-22-5 = 0.989,8-17-37-14-8 = 0.003,8-19-34-16-8 = 0.974,8-19-22-21-5 = 0.011,8-19-36-35-25-8 = 0.011,8-30-34-16-8 = 0.026,8-17-28-15-33-5 = 0.992,8-23-28-9-5 = 0.003,8-23-33-20-5 = 0.008,8-19-24-35-25-8 = 0.004,8-17-28-31-9-8 = 0.005,5-38-18-31-9-8 = 0.02
457,454,586.804,0.0,10.314,0.0,Prune by CG,,5-13-5 = 0.12,5-26-5 = 0.2,8-30-8 = 0.6,5-32-5 = 0.12,5-26-24-20-5 = 0.8,5-12-27-29-5 = 0.5,5-11-12-29-5 = 0.5,5-38-18-31-15-5 = 0.26,5-31-10-37-14-5 = 0.1,5-31-15-22-5 = 0.02,5-32-13-5 = 0.88,5-11-27-14-37-8 = 0.5,5-21-35-25-8 = 0.8,8-23-36-22-5 = 0.5,8-17-37-14-5 = 0.4,8-19-34-16-8 = 0.6,8-19-36-35-33-5 = 0.1,8-19-36-35-25-8 = 0.1,8-19-36-33-20-5 = 0.2,8-30-34-16-8 = 0.4,8-17-28-15-33-5 = 0.6,5-24-21-22-5 = 0.2,8-23-28-15-5 = 0.12,8-23-28-22-5 = 0.28,5-38-18-31-9-8 = 0.1,8-23-36-33-25-5 = 0.1,5-38-18-10-9-8 = 0.38,5-38-31-10-9-8 = 0.26,5-18-31-10-9-8 = 0.26
98,71,576.136,5.667,3.776,-0.473,459,460,8-30-8 = 0.833,5-26-24-20-5 = 1.0,5-12-27-29-5 = 0.333,5-11-12-29-5 = 0.333,5-11-12-27-5 = 0.333,5-11-27-14-29-5 = 0.333,5-38-18-31-15-5 = 0.833,5-31-15-9-5 = 0.167,5-32-13-5 = 1.0,5-28-10-14-37-8 = 0.667,5-21-35-25-8 = 0.667,5-28-36-35-25-8 = 0.167,8-23-36-21-5 = 0.333,8-23-22-33-5 = 0.667,8-17-37-9-5 = 0.333,8-17-34-16-8 = 0.333,8-17-10-9-5 = 0.333,8-19-34-16-8 = 0.5,8-19-36-35-25-8 = 0.167,8-19-36-22-33-8 = 0.333,8-30-34-16-8 = 0.167,5-38-18-28-9-8 = 0.167
459,98,578.003,0.0,1.868,0.0,Prune by CG,,8-30-8 = 0.75,5-26-21-5 = 0.5,5-26-24-20-5 = 0.5,5-12-27-29-5 = 0.5,5-11-12-29-5 = 0.5,5-38-18-31-15-5 = 0.75,5-31-15-9-5 = 0.25,5-32-13-5 = 1.0,5-11-27-14-37-8 = 0.5,5-28-10-14-37-8 = 0.5,5-24-21-20-5 = 0.5,5-28-36-35-25-8 = 0.25,8-23-22-33-5 = 1.0,8-17-34-16-8 = 0.5,8-17-10-9-5 = 0.5,8-19-34-16-8 = 0.25,8-19-36-35-25-8 = 0.75,8-30-34-16-8 = 0.25,5-38-18-28-9-8 = 0.25
460,98,578.241,0.0,2.105,0.0,Prune by CG,,8-30-8 = 0.81,5-26-24-20-5 = 0.914,5-12-27-29-5 = 0.328,5-11-12-29-5 = 0.328,5-11-12-27-5 = 0.345,5-11-27-14-29-5 = 0.328,5-38-18-31-15-5 = 0.776,5-31-15-9-5 = 0.103,5-32-13-5 = 1.0,5-28-10-14-37-8 = 0.655,5-21-35-25-8 = 0.707,5-24-35-25-8 = 0.086,8-23-36-21-5 = 0.293,8-23-36-20-5 = 0.086,8-23-36-15-5 = 0.121,8-23-22-33-5 = 0.5,8-17-37-9-5 = 0.345,8-17-34-16-8 = 0.31,8-17-10-9-5 = 0.328,8-19-34-16-8 = 0.5,8-19-36-22-33-5 = 0.19,8-19-36-22-33-8 = 0.31,8-30-34-16-8 = 0.19,8-17-10-14-29-5 = 0.017,5-26-35-25-8 = 0.086,5-38-18-28-9-8 = 0.224,5-28-31-35-25-8 = 0.121
288,257,575.89,6.6,0.983,1.5,461,462,5-13-5 = 0.1,8-30-8 = 0.9,5-15-22-33-5 = 0.3,5-26-36-33-5 = 0.1,5-26-22-33-5 = 0.4,5-26-24-20-5 = 0.5,5-12-27-29-5 = 0.5,5-11-12-29-5 = 0.5,5-38-18-31-22-5 = 0.3,5-38-18-31-15-5 = 0.7,5-32-13-5 = 0.9,5-11-27-14-37-8 = 0.5,5-21-35-25-8 = 0.9,5-24-21-35-8 = 0.1,8-23-36-20-5 = 0.3,8-23-36-24-32-5 = 0.1,8-17-10-14-37-8 = 0.5,8-19-34-16-8 = 0.8,8-19-36-24-20-5 = 0.2,8-34-16-8 = 0.1,8-30-34-16-8 = 0.1,8-17-28-10-9-5 = 0.4,8-23-28-9-5 = 0.5,5-23-36-33-5 = 0.1,5-36-33-10-9-5 = 0.1,8-17-28-36-24-25-8 = 0.1
462,288,581.268,0.0,5.378,0.0,Prune by CG,,8-30-8 = 0.975,5-15-22-33-5 = 0.5,5-26-36-33-5 = 0.5,5-26-36-20-5 = 0.167,5-26-24-20-5 = 0.167,5-26-36-24-32-5 = 0.142,5-12-27-29-5 = 0.5,5-11-12-29-5 = 0.5,5-38-18-31-22-5 = 0.5,5-38-18-31-15-5 = 0.5,5-32-13-5 = 0.858,5-11-27-14-37-8 = 0.5,5-21-35-25-8 = 0.975,8-17-10-14-37-8 = 0.5,8-19-34-16-8 = 0.975,8-30-34-16-8 = 0.025,8-17-28-10-9-5 = 0.5,8-23-28-9-5 = 0.5,8-23-24-20-5 = 0.5,8-19-24-20-13-5 = 0.025,5-36-24-20-5 = 0.025,5-36-21-35-8 = 0.025,5-36-24-20-13-5 = 0.117,5-26-36-24-25-8 = 0.025
461,288,575.946,6.091,0.056,-0.509,463,464,5-13-5 = 0.045,8-30-8 = 0.975,5-32-5 = 0.014,5-15-22-33-5 = 0.459,5-26-22-33-5 = 0.525,5-26-24-20-5 = 0.475,5-12-27-29-5 = 0.498,5-11-12-29-5 = 0.498,5-38-18-31-9-5 = 0.439,5-38-18-31-15-5 = 0.541,5-31-9-29-5 = 0.005,5-18-31-22-33-5 = 0.016,5-32-13-5 = 0.955,5-12-14-37-8 = 0.005,5-11-27-14-37-8 = 0.502,5-21-35-25-8 = 0.975,5-24-21-35-8 = 0.025,8-23-36-20-5 = 0.5,8-23-36-24-32-5 = 0.032,8-17-10-14-37-8 = 0.468,8-19-34-16-8 = 0.975,8-19-36-24-20-5 = 0.025,8-30-34-16-8 = 0.025,8-17-28-10-9-5 = 0.507,8-23-28-9-5 = 0.05,5-38-10-14-37-8 = 0.02,5-18-10-14-37-8 = 0.005,8-17-28-36-24-25-8 = 0.025,8-23-28-36-24-5 = 0.418
463,461,581.222,0.0,5.276,0.0,Prune by CG,,8-30-8 = 0.818,5-15-22-33-5 = 0.136,5-26-22-33-5 = 0.682,5-26-20-5 = 0.045,5-12-27-29-5 = 0.5,5-11-12-29-5 = 0.5,5-38-18-31-9-5 = 0.045,5-38-18-31-15-5 = 0.864,5-31-10-37-14-5 = 0.091,5-32-13-5 = 1.0,5-11-27-14-37-8 = 0.5,5-21-35-25-8 = 0.5,5-24-21-35-8 = 0.5,8-23-36-20-5 = 0.773,8-17-37-14-5 = 0.227,8-19-34-16-8 = 0.818,8-19-36-24-25-8 = 0.182,8-30-34-16-8 = 0.182,8-17-28-10-9-5 = 0.727,8-23-28-9-5 = 0.227,5-22-33-20-5 = 0.182,5-38-10-14-37-8 = 0.091,5-18-10-14-37-8 = 0.091,8-17-28-36-24-25-8 = 0.045,5-26-24-25-8 = 0.273
464,461,575.99,6.125,0.044,0.034,465,466,5-13-5 = 0.05,8-30-8 = 0.975,5-32-5 = 0.012,5-15-22-33-5 = 0.475,5-26-22-33-5 = 0.513,5-26-24-20-5 = 0.487,5-12-27-29-5 = 0.5,5-11-12-29-5 = 0.5,5-38-18-31-9-5 = 0.463,5-38-18-31-15-5 = 0.525,5-18-31-22-33-5 = 0.012,5-32-13-5 = 0.95,5-11-27-14-37-8 = 0.5,5-21-35-25-8 = 1.0,8-23-36-20-5 = 0.488,8-23-36-24-32-5 = 0.037,8-17-10-14-37-8 = 0.475,8-19-34-16-8 = 0.975,8-19-36-24-20-5 = 0.025,8-30-34-16-8 = 0.025,8-17-28-10-9-5 = 0.487,8-23-28-9-5 = 0.025,8-17-28-10-9-8 = 0.025,5-38-10-14-37-8 = 0.012,8-17-28-14-37-8 = 0.012,8-23-28-36-24-5 = 0.45
465,464,584.751,0.0,8.761,0.0,Prune by CG,,8-30-8 = 0.975,5-15-22-33-5 = 0.7,5-26-22-33-5 = 0.3,5-26-20-5 = 0.5,5-12-27-29-5 = 0.5,5-11-12-29-5 = 0.5,5-11-27-10-9-5 = 0.225,5-38-18-31-9-5 = 0.725,5-38-18-31-15-5 = 0.275,5-32-13-5 = 0.8,5-26-32-13-5 = 0.2,5-11-27-14-37-8 = 0.25,5-21-35-25-8 = 1.0,8-23-36-20-5 = 0.25,8-17-10-14-37-8 = 0.75,8-19-34-16-8 = 0.975,8-30-34-16-8 = 0.025,8-19-15-9-5 = 0.025,5-11-27-10-9-8 = 0.025,8-17-28-24-20-5 = 0.25,8-23-28-36-24-5 = 0.75
410,271,576.231,6.5,0.555,-0.722,467,468,8-30-8 = 1.0,5-26-20-5 = 0.25,5-26-24-20-5 = 0.75,5-12-27-29-5 = 0.5,5-11-12-29-5 = 0.5,5-38-18-31-15-5 = 0.75,5-38-18-28-9-5 = 0.25,5-31-15-22-5 = 0.25,5-32-13-5 = 1.0,5-11-27-14-37-8 = 0.5,5-21-35-25-8 = 0.5,8-23-36-33-16-8 = 0.25,8-23-36-33-25-8 = 0.5,8-23-19-34-8 = 0.25,8-17-10-37-14-5 = 0.5,8-19-34-16-8 = 0.75,8-17-28-10-9-5 = 0.5,5-24-21-22-5 = 0.25,5-28-22-21-5 = 0.25,8-35-33-9-5 = 0.25,5-36-22-35-8 = 0.25
468,410,580.842,0.0,4.611,0.0,Prune by CG,,5-26-5 = 0.5,8-30-8 = 0.5,5-26-20-5 = 0.5,5-12-27-29-5 = 0.5,5-11-12-29-5 = 0.5,5-38-18-31-15-5 = 0.5,5-38-18-28-9-5 = 0.5,5-31-15-22-5 = 0.5,5-32-13-5 = 1.0,5-11-27-14-37-8 = 0.5,5-24-21-20-5 = 0.5,8-23-36-33-16-8 = 0.5,8-23-19-34-8 = 0.5,8-17-10-14-37-8 = 0.5,8-19-35-25-8 = 0.5,8-30-34-16-8 = 0.5,8-17-28-10-9-5 = 0.5,8-36-35-33-25-8 = 0.5,5-24-21-22-5 = 0.5
438,316,576.214,3.538,0.026,-0.635,469,470,5-26-24-20-5 = 1.0,5-12-27-29-5 = 0.538,5-11-12-29-5 = 0.385,5-11-12-27-5 = 0.077,5-11-27-29-5 = 0.077,5-11-27-10-9-5 = 0.154,5-38-18-28-9-5 = 0.846,5-32-13-5 = 0.615,5-11-27-14-37-8 = 0.154,8-23-35-25-8 = 0.846,8-23-36-35-8 = 0.077,8-23-36-33-25-8 = 0.077,8-17-10-14-37-8 = 0.846,8-19-22-15-5 = 0.154,8-19-36-35-25-8 = 0.077,8-19-36-22-33-8 = 0.769,8-30-34-16-8 = 1.0,8-17-28-15-33-8 = 0.077,8-17-28-22-33-8 = 0.077,5-31-15-21-5 = 0.769,5-11-38-18-32-13-5 = 0.154,5-31-21-32-13-5 = 0.231
470,438,591.222,0.0,15.008,0.0,Prune by CG,,5-26-24-20-5 = 1.0,5-12-27-29-5 = 0.333,5-38-18-10-9-5 = 0.333,5-38-18-28-9-5 = 0.667,5-32-13-5 = 0.667,5-11-27-14-37-8 = 0.333,8-37-14-29-5 = 0.333,8-23-35-25-8 = 0.333,8-23-36-33-25-8 = 0.333,8-17-10-14-37-8 = 0.333,8-19-22-15-5 = 0.333,8-19-22-35-5 = 0.333,8-19-36-35-25-8 = 0.333,8-30-34-16-8 = 1.0,8-17-28-22-33-8 = 0.333,5-31-15-21-5 = 0.667,8-17-23-36-33-8 = 0.333,5-11-12-29-8 = 0.333,5-11-12-27-10-8 = 0.333,5-31-21-32-13-5 = 0.333
353,77,575.837,6.417,0.637,1.817,471,472,8-30-8 = 0.108,5-12-27-29-5 = 0.5,5-11-12-29-5 = 0.5,5-38-18-31-15-5 = 0.75,5-38-17-37-14-5 = 0.15,5-31-15-22-5 = 0.05,5-32-13-5 = 0.425,5-26-22-33-8 = 0.8,5-26-32-13-5 = 0.2,5-11-27-14-37-8 = 0.5,5-24-21-20-5 = 0.625,8-23-35-25-8 = 0.333,8-19-34-16-8 = 0.2,8-19-36-35-25-8 = 0.667,8-30-34-16-8 = 0.8,8-17-28-10-9-5 = 0.65,8-17-28-31-9-5 = 0.15,8-17-28-31-15-5 = 0.05,8-36-21-20-5 = 0.333,8-23-19-30-8 = 0.092,8-23-28-9-5 = 0.15,8-23-33-9-5 = 0.05,8-23-24-32-13-5 = 0.375,8-19-21-20-5 = 0.042,5-15-22-33-8 = 0.15,5-38-10-14-37-8 = 0.1,5-18-10-14-37-8 = 0.25
471,353,583.508,0.0,7.671,0.0,Prune by CG,,5-12-27-29-5 = 0.5,5-11-12-29-5 = 0.5,5-38-18-31-15-5 = 0.5,5-32-13-5 = 0.25,5-26-22-33-8 = 0.25,5-26-32-13-5 = 0.75,5-11-27-14-37-8 = 0.5,5-24-21-20-5 = 0.5,8-17-10-9-5 = 0.5,8-19-36-35-25-8 = 1.0,8-30-34-16-8 = 1.0,8-24-21-20-5 = 0.5,8-23-28-9-5 = 0.5,5-15-22-33-8 = 0.5,5-38-10-14-37-8 = 0.25,5-18-10-14-37-8 = 0.25,8-17-23-28-31-5 = 0.5,5-38-18-22-33-8 = 0.25
472,353,575.917,7.25,0.079,0.833,473,474,8-30-8 = 0.125,5-12-27-29-5 = 0.5,5-11-12-29-5 = 0.5,5-38-18-31-9-5 = 0.125,5-38-18-31-15-5 = 0.5,5-38-18-28-9-5 = 0.125,5-38-17-37-14-5 = 0.125,5-31-15-22-5 = 0.125,5-32-13-5 = 0.375,5-26-22-33-8 = 0.75,5-26-32-13-5 = 0.25,5-11-27-14-37-8 = 0.5,5-24-21-20-5 = 0.625,8-23-35-25-8 = 0.375,8-19-34-16-8 = 0.25,8-19-36-35-25-8 = 0.625,8-30-34-16-8 = 0.75,8-17-28-10-9-5 = 0.625,8-17-28-31-15-5 = 0.25,8-36-21-20-5 = 0.375,8-23-19-30-8 = 0.125,8-23-33-9-5 = 0.125,8-23-24-32-13-5 = 0.375,5-15-22-33-8 = 0.125,5-38-10-14-37-8 = 0.125,5-18-10-14-37-8 = 0.25
474,472,579.593,0.0,3.677,0.0,Prune by CG,,8-30-8 = 0.171,5-15-22-33-5 = 0.092,5-12-27-29-5 = 0.5,5-11-12-29-5 = 0.5,5-38-18-10-9-5 = 0.5,5-38-18-31-9-5 = 0.118,5-38-18-28-9-5 = 0.118,5-32-13-5 = 0.25,5-26-22-33-8 = 0.618,5-26-32-13-5 = 0.382,5-11-27-14-37-8 = 0.5,5-24-21-20-5 = 0.632,8-23-35-25-8 = 0.395,8-23-36-35-8 = 0.026,8-23-36-33-25-8 = 0.026,8-19-34-16-8 = 0.237,8-19-36-35-25-8 = 0.579,8-30-34-16-8 = 0.763,8-17-28-31-15-5 = 0.882,8-36-21-20-5 = 0.368,8-23-19-30-8 = 0.066,8-17-23-19-8 = 0.118,8-23-24-32-13-5 = 0.368,5-18-15-22-5 = 0.026,5-38-10-14-37-8 = 0.263,5-18-10-14-37-8 = 0.237,5-22-33-9-5 = 0.263
473,472,575.945,6.702,0.028,-0.548,475,476,8-30-8 = 0.043,5-12-27-29-5 = 0.5,5-11-12-29-5 = 0.5,5-38-18-31-15-5 = 0.596,5-32-13-5 = 0.489,5-26-22-33-8 = 0.787,5-26-32-13-5 = 0.213,5-11-27-14-37-8 = 0.5,5-24-21-20-5 = 0.702,8-23-35-25-8 = 0.319,8-23-36-35-8 = 0.021,8-23-36-33-25-8 = 0.021,8-19-34-16-8 = 0.191,8-19-36-35-25-8 = 0.66,8-30-34-16-8 = 0.809,8-17-28-10-9-5 = 0.596,8-17-28-31-9-5 = 0.213,8-17-28-31-15-5 = 0.191,8-36-21-20-5 = 0.298,8-23-19-30-8 = 0.149,8-23-33-9-5 = 0.191,8-23-24-32-13-5 = 0.298,5-18-15-22-5 = 0.213,5-38-10-14-37-8 = 0.309,5-18-10-14-37-8 = 0.096,5-38-18-14-37-8 = 0.096
476,473,578.795,0.0,2.85,0.0,Prune by CG,,8-30-8 = 0.333,5-12-27-29-5 = 0.5,5-11-12-29-5 = 0.5,5-38-18-31-15-5 = 0.667,5-26-22-33-8 = 0.667,5-26-32-13-5 = 0.333,5-11-27-14-37-8 = 0.5,5-21-20-5 = 0.333,5-21-20-13-5 = 0.333,5-24-21-20-5 = 0.333,8-23-36-24-32-5 = 0.333,8-19-34-16-8 = 0.333,8-19-36-35-25-8 = 0.667,8-30-34-16-8 = 0.667,8-17-28-10-9-5 = 0.667,8-17-28-31-15-5 = 0.333,8-23-33-9-5 = 0.333,8-23-24-32-13-5 = 0.333,5-22-35-25-8 = 0.333,5-38-10-14-37-8 = 0.167,5-18-10-14-37-8 = 0.167,5-38-18-14-37-8 = 0.167
475,473,576.084,6.404,0.139,-0.298,477,478,8-30-8 = 0.043,5-12-27-29-5 = 0.5,5-11-12-29-5 = 0.5,5-38-18-31-15-5 = 0.596,5-32-13-5 = 0.489,5-26-22-33-8 = 0.787,5-26-32-13-5 = 0.213,5-11-27-14-37-8 = 0.5,5-24-21-20-5 = 0.702,8-23-35-25-8 = 0.809,8-23-36-35-8 = 0.021,8-23-36-33-25-8 = 0.021,8-19-34-16-8 = 0.191,8-19-36-35-25-8 = 0.17,8-19-36-33-9-5 = 0.191,8-19-36-24-32-13-5 = 0.298,8-30-34-16-8 = 0.809,8-17-28-10-9-5 = 0.596,8-17-28-31-9-5 = 0.213,8-17-28-31-15-5 = 0.191,8-36-21-20-5 = 0.298,8-23-19-30-8 = 0.149,5-18-15-22-5 = 0.213,5-38-10-14-37-8 = 0.309,5-18-10-14-37-8 = 0.096,5-38-18-14-37-8 = 0.096
477,475,579.504,0.0,3.42,0.0,Prune by CG,,8-30-8 = 0.143,5-12-27-29-5 = 0.5,5-11-12-29-5 = 0.5,5-38-18-31-15-5 = 0.571,5-32-13-5 = 0.143,5-26-22-33-8 = 0.714,5-26-32-13-5 = 0.286,5-11-27-14-37-8 = 0.5,5-21-20-5 = 0.571,5-24-21-20-5 = 0.429,8-23-35-25-8 = 0.857,8-23-19-36-33-8 = 0.143,8-19-36-35-25-8 = 0.143,8-19-36-33-9-5 = 0.143,8-19-36-24-32-13-5 = 0.571,8-34-16-8 = 0.143,8-30-34-16-8 = 0.857,8-17-28-10-9-5 = 0.571,8-17-28-31-9-5 = 0.286,8-17-28-31-15-5 = 0.143,5-18-15-22-5 = 0.286,5-38-10-14-37-8 = 0.357,5-18-10-14-37-8 = 0.071,5-38-18-14-37-8 = 0.071
478,475,579.241,0.0,3.157,0.0,Prune by CG,,5-26-22-33-5 = 0.25,5-12-27-29-5 = 0.5,5-11-12-29-5 = 0.5,5-38-18-31-22-5 = 0.125,5-38-18-31-15-5 = 0.5,5-32-13-5 = 0.375,5-26-22-33-8 = 0.125,5-26-32-13-5 = 0.625,5-11-27-14-37-8 = 0.5,5-24-21-20-5 = 0.5,8-23-35-25-8 = 0.25,8-23-36-35-8 = 0.25,8-23-36-33-25-8 = 0.25,8-19-34-16-8 = 0.25,8-30-34-16-8 = 0.75,8-17-28-10-9-5 = 0.625,8-17-28-31-9-5 = 0.375,8-36-21-20-5 = 0.5,8-23-19-30-8 = 0.25,5-18-15-22-5 = 0.125,8-19-24-35-25-8 = 0.5,5-15-22-33-8 = 0.375,5-38-10-14-37-8 = 0.25,5-18-10-14-37-8 = 0.125,5-38-18-14-37-8 = 0.125
403,304,576.145,3.508,0.278,-0.016,479,480,5-26-5 = 0.025,8-30-8 = 0.975,5-26-24-20-5 = 0.975,5-12-27-29-5 = 0.333,5-11-12-29-5 = 0.333,5-38-18-31-9-5 = 0.308,5-38-18-31-15-5 = 0.013,5-32-13-5 = 1.0,5-12-14-37-8 = 0.333,5-11-27-14-37-8 = 0.667,5-21-35-25-8 = 1.0,8-23-36-22-5 = 0.987,8-19-34-16-8 = 0.975,8-19-22-9-8 = 0.013,8-19-36-24-20-5 = 0.013,8-30-34-16-8 = 0.025,8-17-28-10-9-5 = 0.667,8-23-24-20-5 = 0.013,8-17-28-10-29-5 = 0.333,5-38-18-15-33-5 = 0.321,5-38-31-15-33-5 = 0.333,5-18-31-15-33-5 = 0.333,5-38-18-31-33-5 = 0.013,5-38-18-9-8 = 0.013
479,403,580.379,0.0,4.234,0.0,Prune by CG,,8-30-8 = 0.975,5-15-33-9-5 = 0.333,5-15-33-20-5 = 0.129,5-26-24-20-5 = 0.821,5-12-27-29-5 = 0.333,5-11-12-29-5 = 0.333,5-38-18-31-15-5 = 0.512,5-32-13-5 = 0.871,5-12-14-37-8 = 0.333,5-11-27-14-37-8 = 0.667,5-21-35-25-8 = 0.975,5-24-21-35-8 = 0.025,8-23-36-22-5 = 0.975,8-19-34-16-8 = 0.975,8-19-36-22-25-8 = 0.025,8-30-34-16-8 = 0.025,8-17-28-10-9-5 = 0.667,8-23-24-20-5 = 0.025,5-26-24-32-13-5 = 0.129,8-17-28-10-29-5 = 0.333,5-26-33-20-5 = 0.025,5-38-18-31-33-5 = 0.488,5-26-15-33-5 = 0.025
480,403,578.61,0.0,2.465,0.0,Prune by CG,,5-13-5 = 0.017,8-30-8 = 0.975,5-32-5 = 0.017,5-26-20-5 = 0.017,5-26-24-20-5 = 0.975,5-12-27-29-5 = 0.008,5-11-12-29-5 = 0.008,5-32-13-5 = 0.983,5-11-27-14-37-8 = 0.992,5-21-35-25-8 = 0.983,8-23-36-22-5 = 0.983,8-19-34-16-8 = 0.975,8-19-36-22-25-8 = 0.017,8-30-34-16-8 = 0.025,8-17-28-10-9-5 = 0.992,8-23-28-9-5 = 0.008,8-23-24-20-5 = 0.008,5-38-10-14-37-8 = 0.008,5-18-31-15-33-5 = 1.0,5-38-12-29-5 = 0.983,8-24-21-35-8 = 0.017,5-26-38-17-19-8 = 0.008
329,238,576.106,7.0,1.046,0.483,481,482,5-26-24-20-5 = 0.8,5-12-27-29-5 = 0.5,5-11-12-29-5 = 0.5,5-38-18-31-15-5 = 0.4,5-38-18-28-9-5 = 0.5,5-38-31-10-9-5 = 0.1,5-31-15-22-5 = 0.2,5-18-31-10-9-5 = 0.1,5-32-13-5 = 0.6,5-26-22-33-8 = 0.2,5-11-27-14-37-8 = 0.5,8-23-35-25-8 = 0.8,8-17-10-14-37-8 = 0.5,8-19-34-16-8 = 0.2,8-19-36-35-25-8 = 0.2,8-19-36-21-33-8 = 0.2,8-19-36-24-21-5 = 0.2,8-30-34-16-8 = 0.8,8-17-28-10-9-5 = 0.3,8-23-19-30-8 = 0.2,5-22-33-20-5 = 0.2,8-17-28-31-21-5 = 0.2,5-15-22-33-8 = 0.4,8-36-21-32-13-5 = 0.4
482,329,579.621,0.0,3.516,0.0,Prune by CG,,5-26-24-20-5 = 0.375,5-12-27-29-5 = 0.5,5-11-12-29-5 = 0.5,5-38-18-31-9-5 = 0.125,5-38-18-31-15-5 = 0.625,5-38-18-28-9-5 = 0.125,5-32-13-5 = 0.375,5-26-32-13-5 = 0.625,5-11-27-14-37-8 = 0.5,5-28-10-14-37-8 = 0.125,8-23-35-25-8 = 1.0,8-17-10-14-37-8 = 0.375,8-19-36-21-5 = 0.25,8-19-36-33-9-5 = 0.125,8-19-36-24-21-5 = 0.625,8-30-34-16-8 = 1.0,5-22-33-20-5 = 0.5,8-17-28-31-21-5 = 0.125,8-17-28-10-9-8 = 0.5,5-15-22-33-8 = 0.375,5-38-18-28-9-8 = 0.125,5-31-22-20-5 = 0.125
129,45,576.131,7.028,3.358,0.328,483,484,5-26-5 = 0.033,8-30-8 = 0.654,5-15-10-9-5 = 0.002,5-26-36-21-5 = 0.105,5-26-24-20-5 = 0.63,5-12-27-29-5 = 0.5,5-11-12-29-5 = 0.5,5-11-27-10-9-5 = 0.048,5-38-18-31-15-5 = 0.525,5-38-28-10-9-5 = 0.475,5-18-31-10-9-5 = 0.212,5-18-28-10-9-5 = 0.263,5-32-13-5 = 1.0,5-11-27-14-37-8 = 0.452,5-21-35-25-8 = 0.895,8-23-22-33-8 = 0.58,8-17-37-14-5 = 0.548,8-19-36-35-33-5 = 0.105,8-19-36-22-33-5 = 0.21,8-19-36-24-20-5 = 0.37,8-34-16-8 = 0.654,8-30-34-16-8 = 0.346,8-17-28-31-15-5 = 0.263,8-36-22-15-5 = 0.082,5-26-23-19-8 = 0.231,8-17-23-19-8 = 0.084,5-36-22-15-5 = 0.128,8-17-23-33-25-8 = 0.105
483,129,579.068,0.0,2.937,0.0,Prune by CG,,5-26-5 = 0.033,8-30-8 = 0.967,5-26-31-15-5 = 0.5,5-26-24-20-5 = 0.467,5-12-27-29-5 = 0.5,5-11-12-29-5 = 0.5,5-38-18-31-15-5 = 0.5,5-38-28-10-9-5 = 0.5,5-18-28-10-9-5 = 0.5,5-32-13-5 = 1.0,5-11-27-14-37-8 = 0.5,5-21-35-25-8 = 1.0,8-23-22-33-8 = 0.533,8-17-37-14-5 = 0.5,8-17-34-16-8 = 0.5,8-19-36-22-33-5 = 0.467,8-19-36-24-20-5 = 0.533,8-30-34-16-8 = 0.033,8-23-34-16-8 = 0.467
484,129,579.629,0.0,3.497,0.0,Prune by CG,,5-13-5 = 0.014,8-30-8 = 0.508,5-32-5 = 0.014,5-26-36-35-5 = 0.016,5-26-36-21-5 = 0.016,5-26-24-20-5 = 0.967,5-12-27-29-5 = 0.5,5-11-12-29-5 = 0.5,5-38-18-31-15-5 = 0.507,5-38-28-10-9-5 = 0.493,5-18-31-10-9-5 = 0.455,5-18-28-10-9-5 = 0.038,5-32-13-5 = 0.986,5-11-27-14-37-8 = 0.5,5-28-10-14-37-8 = 0.013,5-21-35-25-8 = 0.951,5-24-35-25-8 = 0.029,8-23-22-33-8 = 0.5,8-17-37-14-5 = 0.487,8-19-34-16-8 = 0.521,8-34-16-8 = 0.466,8-30-34-16-8 = 0.013,8-17-28-31-15-5 = 0.038,8-36-22-15-5 = 0.455,8-36-21-20-5 = 0.033,8-23-19-30-8 = 0.479,8-17-28-36-33-5 = 0.416,8-23-33-25-8 = 0.021,8-17-36-22-33-5 = 0.045,8-17-36-33-9-5 = 0.013,8-36-24-35-33-5 = 0.004
427,398,576.51,5.04,0.602,-2.06,485,486,5-13-5 = 0.02,8-30-8 = 0.9,5-32-5 = 0.02,5-26-24-20-5 = 1.0,5-12-27-29-5 = 0.5,5-21-22-33-5 = 0.1,5-38-18-31-15-5 = 0.46,5-38-18-28-9-5 = 0.48,5-38-28-31-15-5 = 0.06,5-31-15-9-5 = 0.02,5-18-28-31-15-5 = 0.06,5-32-13-5 = 0.98,5-11-27-14-37-8 = 0.5,5-21-35-25-8 = 0.9,8-23-36-22-5 = 0.9,8-17-37-9-5 = 0.5,8-19-34-16-8 = 0.8,8-19-36-35-25-8 = 0.1,8-34-16-8 = 0.2,8-23-19-30-8 = 0.1,8-17-10-14-29-5 = 0.5,5-28-31-15-33-5 = 0.4,5-11-12-10-33-8 = 0.5
486,427,579.541,0.0,3.031,0.0,Prune by CG,,5-13-5 = 0.02,8-30-8 = 0.643,5-32-5 = 0.02,5-26-22-33-5 = 0.157,5-26-24-20-5 = 0.843,5-12-27-29-5 = 0.61,5-21-22-33-5 = 0.5,5-38-18-31-15-5 = 0.448,5-38-18-28-9-5 = 0.448,5-38-28-31-15-5 = 0.104,5-18-28-31-15-5 = 0.104,5-32-13-5 = 0.98,5-11-27-14-37-8 = 0.163,5-21-35-25-8 = 0.422,8-23-36-21-5 = 0.078,8-23-36-22-5 = 0.343,8-17-37-14-5 = 0.064,8-17-37-9-5 = 0.39,8-17-10-14-37-8 = 0.046,8-19-36-35-25-8 = 0.578,8-34-16-8 = 0.954,8-30-34-16-8 = 0.046,8-23-19-30-8 = 0.311,8-23-24-20-5 = 0.157,8-17-10-14-29-5 = 0.39,5-28-31-15-33-5 = 0.343,5-11-12-9-8 = 0.163,5-11-17-23-19-8 = 0.11,5-11-10-14-37-8 = 0.337,5-11-12-27-10-8 = 0.227
408,208,576.207,2.867,0.123,-0.017,487,488,8-30-8 = 0.967,5-26-21-5 = 0.333,5-26-24-21-5 = 0.033,5-12-27-29-5 = 0.333,5-11-12-29-5 = 0.333,5-11-12-27-5 = 0.333,5-11-27-29-5 = 0.333,5-38-18-28-9-5 = 1.0,5-31-15-22-5 = 1.0,5-32-13-5 = 0.7,5-24-35-20-5 = 0.967,8-23-36-33-8 = 0.033,8-23-36-33-25-8 = 0.967,8-17-10-14-37-8 = 1.0,8-19-35-20-5 = 0.033,8-19-34-16-8 = 0.967,8-30-34-16-8 = 0.033,5-26-21-32-5 = 0.3,5-26-21-13-5 = 0.3,5-26-21-25-8 = 0.033
487,408,585.882,0.0,9.675,0.0,Prune by CG,,8-30-8 = 0.667,5-26-24-21-5 = 1.0,5-12-27-29-5 = 0.333,5-11-12-29-5 = 0.333,5-11-12-27-5 = 0.333,5-11-27-29-5 = 0.333,5-38-18-28-9-5 = 0.667,5-31-15-22-5 = 0.667,5-32-13-5 = 1.0,8-23-36-33-25-8 = 1.0,8-17-10-14-37-8 = 1.0,8-19-35-20-5 = 0.333,8-19-34-16-8 = 0.667,8-30-34-16-8 = 0.333,5-28-15-22-5 = 0.333,5-38-18-31-9-8 = 0.333,5-35-20-5 = 0.667
469,438,576.253,3.333,0.039,-0.205,489,490,5-26-24-20-5 = 0.667,5-12-27-29-5 = 0.333,5-11-12-29-5 = 0.333,5-11-12-27-5 = 0.167,5-11-27-29-5 = 0.333,5-11-12-27-13-5 = 0.167,5-38-18-28-9-5 = 1.0,5-32-13-5 = 0.5,5-24-21-32-13-5 = 0.167,8-23-35-25-8 = 1.0,8-17-10-14-37-8 = 1.0,8-19-36-22-33-8 = 1.0,8-30-34-16-8 = 1.0,5-26-21-32-5 = 0.167,5-26-24-32-13-5 = 0.167,5-31-15-21-5 = 0.667,5-31-15-20-5 = 0.333
489,469,581.872,0.0,5.619,0.0,Prune by CG,,5-26-24-20-5 = 0.769,5-11-12-29-5 = 0.385,5-11-12-27-5 = 0.385,5-11-12-27-13-5 = 0.231,5-38-18-28-9-5 = 0.615,5-38-18-28-15-5 = 0.077,5-31-15-9-5 = 0.154,5-28-9-29-5 = 0.231,5-32-13-5 = 0.538,5-24-21-32-13-5 = 0.231,8-23-35-25-8 = 1.0,8-17-10-14-37-8 = 1.0,8-19-36-22-33-8 = 1.0,8-30-34-16-8 = 1.0,5-26-21-32-5 = 0.231,5-31-15-21-5 = 0.538,5-31-15-20-5 = 0.231,5-38-18-27-29-5 = 0.308,5-28-31-27-29-5 = 0.077
490,469,577.867,0.0,1.614,0.0,Prune by CG,,5-26-24-20-5 = 0.778,5-12-27-29-5 = 1.0,5-11-38-31-15-5 = 0.333,5-38-18-28-9-5 = 0.444,5-32-13-5 = 0.667,5-24-21-32-13-5 = 0.222,8-23-35-25-8 = 1.0,8-17-10-14-37-8 = 1.0,8-19-36-22-33-8 = 1.0,8-30-34-16-8 = 1.0,5-26-21-32-5 = 0.111,5-26-20-13-5 = 0.111,5-31-15-21-5 = 0.667,5-11-38-28-9-5 = 0.111,5-11-18-28-9-5 = 0.444,5-11-38-18-20-5 = 0.111
421,388,576.192,4.0,0.442,0.333,491,492,5-26-31-15-5 = 0.5,5-12-27-29-5 = 0.5,5-11-12-29-5 = 0.5,5-38-18-31-15-5 = 0.5,5-32-13-5 = 0.5,5-26-32-13-5 = 0.5,5-11-27-14-37-8 = 0.5,5-21-22-33-8 = 1.0,8-23-35-25-8 = 1.0,8-19-36-24-20-5 = 1.0,8-30-34-16-8 = 1.0,8-17-28-10-9-5 = 1.0,5-38-18-14-37-8 = 0.5
491,421,592.082,0.0,15.889,0.0,Prune by CG,,5-26-31-15-5 = 0.25,5-11-12-29-5 = 0.5,5-11-12-27-5 = 0.5,5-38-18-31-15-5 = 0.25,5-32-13-5 = 0.25,5-26-32-13-5 = 0.75,5-21-22-33-8 = 1.0,8-23-35-25-8 = 1.0,8-19-36-24-20-5 = 1.0,8-30-34-16-8 = 1.0,8-17-28-10-9-5 = 1.0,5-18-31-14-37-8 = 0.25,5-38-18-27-29-5 = 0.25,5-38-31-27-29-5 = 0.25,5-15-14-37-8 = 0.5,5-38-18-14-37-8 = 0.25
492,421,579.721,0.0,3.528,0.0,Prune by CG,,5-12-29-5 = 1.0,5-38-18-31-15-5 = 1.0,5-26-32-13-5 = 1.0,5-11-27-14-37-8 = 1.0,5-21-22-33-8 = 1.0,8-23-35-25-8 = 1.0,8-19-36-24-20-5 = 1.0,8-30-34-16-8 = 1.0,8-17-28-10-9-5 = 1.0
386,173,576.489,1.667,0.887,-1.667,493,494,5-26-24-20-5 = 1.0,5-12-27-29-5 = 1.0,5-11-38-31-15-5 = 0.333,5-38-18-31-15-5 = 0.333,5-32-13-5 = 0.667,5-21-35-25-8 = 1.0,8-17-10-14-37-8 = 1.0,8-19-36-22-33-8 = 1.0,8-30-34-16-8 = 1.0,8-23-28-9-5 = 1.0,5-11-38-18-32-13-5 = 0.333,5-11-18-31-15-5 = 0.333
493,386,579.679,0.0,3.19,0.0,Prune by CG,,5-26-24-20-5 = 1.0,5-12-27-29-5 = 1.0,5-11-38-31-15-5 = 0.167,5-38-18-28-9-5 = 0.167,5-32-13-5 = 0.667,5-21-35-25-8 = 0.833,8-23-36-22-5 = 0.167,8-17-10-14-37-8 = 1.0,8-19-22-21-5 = 0.167,8-19-36-35-25-8 = 0.167,8-19-36-22-33-8 = 0.667,8-30-34-16-8 = 1.0,8-23-28-9-5 = 0.833,5-38-18-15-33-8 = 0.333,5-11-18-31-15-5 = 0.5,5-11-38-31-32-13-5 = 0.333
494,386,581.161,0.0,4.672,0.0,Prune by CG,,8-30-8 = 0.091,5-26-24-20-5 = 1.0,5-12-27-29-5 = 0.818,5-11-12-29-5 = 0.182,5-11-38-18-15-5 = 0.182,5-38-18-31-15-5 = 0.364,5-31-15-9-5 = 0.091,5-32-13-5 = 0.545,5-21-35-25-8 = 0.909,8-23-36-21-5 = 0.091,8-23-22-33-5 = 0.182,8-17-10-14-37-8 = 0.818,8-19-34-16-8 = 0.091,8-19-36-35-25-8 = 0.091,8-19-36-22-33-8 = 0.818,8-30-34-16-8 = 0.909,8-17-28-31-15-5 = 0.182,8-23-28-9-5 = 0.636,8-23-31-15-5 = 0.091,5-11-38-18-32-13-5 = 0.455,5-31-15-9-8 = 0.091,5-11-28-10-9-5 = 0.182,5-31-27-14-37-8 = 0.182
349,131,576.07,7.0,0.529,1.2,495,496,5-26-5 = 0.5,8-30-8 = 0.5,5-26-24-20-5 = 0.5,5-12-27-29-5 = 0.5,5-11-12-29-5 = 0.5,5-38-18-31-15-5 = 0.5,5-38-28-10-9-5 = 0.5,5-18-28-10-9-5 = 0.5,5-32-13-5 = 1.0,5-11-27-14-37-8 = 0.5,5-24-21-20-5 = 0.5,8-23-22-33-8 = 1.0,8-17-37-14-5 = 0.5,8-17-34-16-8 = 0.5,8-19-36-35-25-8 = 1.0,8-30-34-16-8 = 0.5,5-31-15-21-5 = 0.5
495,349,580.388,0.0,4.318,0.0,Prune by CG,,8-30-8 = 0.833,5-26-21-5 = 0.5,5-26-24-20-5 = 0.5,5-12-27-29-5 = 0.5,5-11-12-29-5 = 0.5,5-11-27-14-37-5 = 0.167,5-11-27-10-9-5 = 0.333,5-38-18-31-15-5 = 0.667,5-38-18-28-9-5 = 0.333,5-31-15-9-5 = 0.333,5-28-10-37-14-5 = 0.667,5-32-13-5 = 1.0,5-24-21-20-5 = 0.5,8-23-22-33-8 = 1.0,8-17-37-14-8 = 0.167,8-17-34-16-8 = 0.833,8-19-36-35-25-8 = 1.0,8-30-34-16-8 = 0.167
496,349,579.161,0.0,3.091,0.0,Prune by CG,,5-26-5 = 0.25,8-30-8 = 0.5,5-26-21-5 = 0.25,5-26-24-20-5 = 0.5,5-12-27-29-5 = 0.5,5-11-12-29-5 = 0.5,5-38-18-31-15-5 = 0.75,5-38-28-10-9-5 = 0.25,5-18-28-10-9-5 = 0.25,5-32-13-5 = 1.0,5-11-27-14-37-8 = 0.5,5-17-28-10-9-5 = 0.5,5-24-21-20-5 = 0.5,8-23-22-33-8 = 1.0,8-17-37-14-5 = 0.5,8-19-36-35-25-8 = 1.0,8-34-16-8 = 0.5,8-30-34-16-8 = 0.5,5-31-15-21-5 = 0.25
435,401,576.262,6.2,0.116,0.0,497,498,5-12-27-29-5 = 0.4,5-11-12-29-5 = 0.4,5-11-12-27-5 = 0.2,5-11-27-14-29-5 = 0.2,5-11-27-10-9-5 = 0.2,5-38-18-31-15-5 = 0.2,5-38-18-28-9-5 = 0.5,5-38-28-31-15-5 = 0.3,5-31-15-22-5 = 0.1,5-31-15-9-5 = 0.1,5-18-28-31-15-5 = 0.2,5-32-13-5 = 0.5,5-26-22-33-8 = 0.9,5-26-32-13-5 = 0.1,5-24-21-20-5 = 0.6,8-23-35-25-8 = 0.8,8-17-37-9-5 = 0.2,8-17-10-14-37-8 = 0.8,8-19-34-16-8 = 0.2,8-19-36-35-25-8 = 0.2,8-19-36-24-32-13-5 = 0.4,8-30-34-16-8 = 0.8,8-36-21-20-5 = 0.4,8-23-19-30-8 = 0.2,5-18-31-15-33-8 = 0.1
497,435,581.038,0.0,4.776,0.0,Prune by CG,,5-12-27-29-5 = 0.357,5-11-12-29-5 = 0.286,5-11-27-14-29-5 = 0.357,5-38-18-31-15-5 = 0.429,5-38-28-31-15-5 = 0.286,5-18-28-31-15-5 = 0.286,5-32-13-5 = 0.571,5-26-22-33-8 = 0.714,5-26-32-13-5 = 0.286,5-24-21-20-5 = 0.714,8-23-35-25-8 = 0.571,8-23-36-35-8 = 0.143,8-23-36-24-25-8 = 0.143,8-23-19-34-8 = 0.071,8-17-37-9-5 = 0.571,8-19-36-35-25-8 = 0.286,8-19-36-24-32-13-5 = 0.143,8-30-34-16-8 = 0.929,8-17-28-10-9-5 = 0.429,8-36-21-20-5 = 0.214,8-23-19-30-8 = 0.071,5-11-12-27-14-8 = 0.214,5-36-21-20-5 = 0.071,8-19-10-14-37-8 = 0.429,5-11-12-10-16-8 = 0.071,5-38-18-22-33-8 = 0.286,5-11-12-27-10-8 = 0.071
138,112,576.142,4.5,3.082,0.786,499,500,5-12-27-29-5 = 0.5,5-11-12-29-5 = 0.5,5-38-18-31-9-5 = 0.5,5-38-18-28-15-5 = 0.25,5-32-13-5 = 0.25,5-26-32-13-5 = 0.75,5-11-27-14-37-8 = 0.5,5-24-21-20-5 = 1.0,8-23-35-25-8 = 1.0,8-17-10-9-5 = 0.5,8-19-36-22-33-8 = 1.0,8-30-34-16-8 = 1.0,8-17-28-31-15-5 = 0.5,5-38-10-14-37-8 = 0.25,5-18-10-14-37-8 = 0.25,5-26-28-15-5 = 0.25
499,138,580.82,0.0,4.679,0.0,Prune by CG,,8-30-8 = 0.059,5-12-27-29-5 = 0.471,5-11-12-29-5 = 0.471,5-38-18-31-9-5 = 0.176,5-38-18-28-15-5 = 0.471,5-38-28-31-15-5 = 0.176,5-31-9-29-5 = 0.059,5-18-28-31-15-5 = 0.353,5-12-14-37-8 = 0.059,5-26-32-13-5 = 1.0,5-11-27-14-37-8 = 0.529,5-31-10-14-37-8 = 0.235,5-24-21-20-5 = 0.824,8-23-35-25-8 = 1.0,8-17-34-16-8 = 0.059,8-17-10-9-5 = 0.765,8-19-36-22-33-5 = 0.059,8-19-36-22-33-8 = 0.941,8-30-34-16-8 = 0.941,8-24-21-20-5 = 0.176,5-38-17-37-14-8 = 0.176
222,148,576.299,7.122,2.469,-0.164,501,502,5-26-5 = 0.02,8-30-8 = 0.876,5-26-24-20-5 = 0.543,5-12-27-29-5 = 0.479,5-11-12-29-5 = 0.479,5-11-12-27-5 = 0.041,5-11-27-14-29-5 = 0.041,5-11-27-10-9-5 = 0.438,5-21-22-33-5 = 0.438,5-38-18-31-9-5 = 0.521,5-38-18-31-15-5 = 0.105,5-38-18-28-15-5 = 0.187,5-38-28-31-15-5 = 0.187,5-18-28-31-15-5 = 0.187,5-32-13-5 = 1.0,5-24-21-20-5 = 0.457,8-23-35-25-8 = 0.562,8-23-36-35-8 = 0.438,8-17-37-14-5 = 0.397,8-17-37-9-5 = 0.041,8-17-10-14-37-8 = 0.562,8-19-34-16-8 = 0.876,8-19-36-22-33-8 = 0.124,8-30-34-16-8 = 0.124,5-26-36-33-25-8 = 0.438,5-28-15-22-5 = 0.333,5-28-22-21-5 = 0.105
502,222,579.773,0.0,3.474,0.0,Prune by CG,,5-13-5 = 0.19,5-26-5 = 0.856,8-30-8 = 0.085,5-26-24-20-5 = 0.072,5-12-27-29-5 = 0.386,5-11-12-29-5 = 0.386,5-11-12-27-5 = 0.229,5-11-27-14-29-5 = 0.229,5-11-27-10-9-5 = 0.157,5-38-18-31-9-5 = 0.353,5-38-18-28-15-5 = 0.353,5-38-28-31-15-5 = 0.15,5-31-15-9-5 = 0.275,5-18-28-31-15-5 = 0.222,5-32-13-5 = 1.0,5-24-21-20-5 = 0.928,8-23-35-25-8 = 0.928,8-23-36-35-8 = 0.072,8-17-37-9-5 = 0.216,8-17-10-14-37-8 = 0.712,8-19-36-22-33-8 = 0.928,8-30-34-16-8 = 0.915,8-17-28-22-33-8 = 0.072,8-28-10-14-37-8 = 0.059,5-38-18-28-10-16-8 = 0.072,8-34-16-37-8 = 0.013,5-26-21-25-8 = 0.072,5-38-28-19-34-8 = 0.072
241,189,576.169,5.152,1.543,0.802,503,504,8-30-8 = 0.902,5-26-21-33-5 = 0.054,5-26-20-5 = 0.304,5-26-24-20-5 = 0.315,5-12-27-29-5 = 0.435,5-11-12-29-5 = 0.435,5-37-14-29-5 = 0.13,5-38-18-31-15-5 = 0.913,5-38-17-37-14-5 = 0.087,5-31-10-37-14-5 = 0.043,5-18-10-37-14-5 = 0.043,5-32-13-5 = 1.0,5-12-14-37-8 = 0.13,5-26-22-33-8 = 0.326,5-11-27-14-37-8 = 0.565,5-21-22-33-8 = 0.13,5-24-35-20-5 = 0.098,8-23-36-21-5 = 0.815,8-19-34-16-8 = 0.815,8-19-36-24-20-5 = 0.185,8-34-16-8 = 0.087,8-30-34-16-8 = 0.098,8-17-28-10-9-5 = 0.913,8-23-28-9-5 = 0.087,8-23-25-20-5 = 0.098,5-22-35-25-8 = 0.5,5-15-22-33-8 = 0.043,5-24-35-33-25-8 = 0.402,5-18-31-15-33-5 = 0.043
503,241,585.984,0.0,9.816,0.0,Prune by CG,,8-30-8 = 0.75,5-26-21-33-5 = 0.25,5-26-24-20-5 = 0.25,5-11-27-29-5 = 1.0,5-38-18-31-15-5 = 1.0,5-32-13-5 = 1.0,5-12-14-37-8 = 1.0,5-26-22-33-8 = 0.5,5-24-35-20-5 = 0.25,8-23-36-21-5 = 0.75,8-19-34-16-8 = 0.75,8-19-36-24-20-5 = 0.25,8-30-34-16-8 = 0.25,8-17-28-10-9-5 = 1.0,8-23-25-20-5 = 0.25,5-22-35-25-8 = 0.5,5-24-35-33-25-8 = 0.25
284,275,576.23,3.667,1.514,0.333,505,506,5-12-27-29-5 = 0.333,5-11-12-29-5 = 0.333,5-11-27-14-29-5 = 0.333,5-38-18-31-15-5 = 0.667,5-32-13-5 = 0.667,5-26-22-33-8 = 1.0,5-24-21-20-5 = 1.0,8-17-37-9-5 = 0.333,8-17-10-14-37-8 = 0.667,8-19-36-35-25-8 = 1.0,8-30-34-16-8 = 1.0,8-23-28-9-5 = 0.667,8-23-28-15-5 = 0.333,5-38-18-31-32-13-5 = 0.333,5-11-12-27-10-8 = 0.333
505,284,580.642,0.0,4.413,0.0,Prune by CG,,5-11-12-29-5 = 0.333,5-11-12-27-13-5 = 0.333,5-38-18-31-15-5 = 1.0,5-32-13-5 = 0.667,5-26-22-33-8 = 1.0,5-24-21-20-5 = 1.0,8-17-37-29-5 = 0.333,8-17-10-14-37-8 = 0.667,8-19-36-35-25-8 = 1.0,8-30-34-16-8 = 1.0,8-23-28-9-5 = 1.0,5-11-12-27-10-8 = 0.333,5-32-27-14-29-5 = 0.333
48,46,576.672,3.8,6.477,-2.4,507,508,5-13-5 = 0.2,8-30-8 = 1.0,5-26-24-20-5 = 1.0,5-12-27-29-5 = 0.5,5-11-12-29-5 = 0.5,5-38-18-31-15-5 = 0.6,5-38-18-28-9-5 = 0.3,5-38-28-31-15-5 = 0.1,5-31-15-9-5 = 0.2,5-18-28-31-15-5 = 0.1,5-32-13-5 = 1.0,5-11-27-14-37-8 = 0.5,5-21-35-25-8 = 1.0,8-17-10-14-37-8 = 0.5,8-19-36-22-33-5 = 1.0,8-17-28-10-9-5 = 0.5,8-23-34-16-8 = 1.0
507,48,584.553,0.0,7.881,0.0,Prune by CG,,8-30-8 = 1.0,5-26-24-20-5 = 1.0,5-12-27-29-5 = 0.5,5-11-12-29-5 = 0.5,5-38-28-31-9-5 = 0.5,5-18-28-31-15-5 = 0.5,5-32-13-5 = 1.0,5-11-27-14-37-8 = 0.5,5-21-35-25-8 = 1.0,8-17-10-9-5 = 0.5,8-17-10-14-37-8 = 0.5,8-19-36-22-33-5 = 1.0,8-23-34-16-8 = 1.0,5-38-18-15-5 = 0.5
488,408,576.289,2.834,0.082,-0.032,509,510,8-30-8 = 0.975,5-26-21-5 = 0.362,5-12-27-29-5 = 0.333,5-11-12-29-5 = 0.333,5-11-12-27-5 = 0.333,5-11-27-29-5 = 0.333,5-38-18-31-15-5 = 0.002,5-38-18-28-9-5 = 0.988,5-38-18-28-22-5 = 0.008,5-38-28-31-15-5 = 0.002,5-31-15-22-5 = 0.992,5-18-28-31-15-5 = 0.003,5-32-13-5 = 0.69,5-24-35-20-5 = 0.981,8-23-36-33-16-8 = 0.006,8-23-36-33-25-8 = 0.981,8-23-19-34-8 = 0.006,8-17-10-14-37-8 = 1.0,8-19-34-16-8 = 0.975,8-19-36-33-9-8 = 0.012,8-30-34-16-8 = 0.019,8-24-35-20-5 = 0.019,5-26-21-32-5 = 0.31,8-23-19-30-8 = 0.006,5-26-21-13-5 = 0.31,5-26-21-25-8 = 0.019
509,488,589.389,0.0,13.1,0.0,Prune by CG,,8-30-8 = 0.667,5-26-21-5 = 0.667,5-12-27-29-5 = 0.333,5-11-12-29-5 = 0.333,5-11-12-27-5 = 0.333,5-11-27-29-5 = 0.333,5-38-18-28-9-5 = 1.0,5-31-15-22-5 = 0.333,5-32-13-5 = 1.0,5-31-10-14-37-8 = 0.667,8-23-36-33-25-8 = 0.667,8-17-34-16-8 = 0.333,8-17-10-14-37-8 = 0.333,8-19-35-20-5 = 0.667,8-19-34-16-8 = 0.333,8-30-34-16-8 = 0.333,8-24-35-20-5 = 0.333,5-24-22-15-5 = 0.667,8-17-23-36-33-8 = 0.333,5-26-21-25-8 = 0.333
177,167,576.244,6.833,2.8,0.318,511,512,5-26-24-20-5 = 0.889,5-12-27-29-5 = 0.5,5-11-27-29-5 = 0.194,5-11-27-10-9-5 = 0.306,5-38-18-31-15-5 = 0.361,5-38-18-28-9-5 = 0.639,5-31-15-22-5 = 0.222,5-31-22-21-5 = 0.056,5-32-13-5 = 0.278,5-32-20-13-5 = 0.056,5-24-21-32-13-5 = 0.111,8-37-14-29-5 = 0.306,5-21-22-33-8 = 0.667,8-23-35-25-8 = 0.333,8-23-36-35-8 = 0.333,8-23-36-33-25-8 = 0.333,8-17-10-14-37-8 = 0.694,8-19-34-16-8 = 0.306,8-19-36-35-25-8 = 0.333,8-30-34-16-8 = 0.694,8-17-28-31-15-5 = 0.306,5-26-21-32-5 = 0.056,8-19-30-8 = 0.306,5-26-20-13-5 = 0.056,5-11-12-32-13-5 = 0.5,8-19-15-9-5 = 0.056,5-31-15-21-5 = 0.056,5-28-22-21-5 = 0.056
512,177,578.098,0.0,1.853,0.0,Prune by CG,,5-26-24-20-5 = 1.0,5-12-27-29-5 = 0.5,5-11-27-10-9-5 = 0.5,5-38-18-31-15-5 = 0.5,5-38-18-28-9-5 = 0.5,5-32-13-5 = 0.5,8-37-14-29-5 = 0.5,5-21-22-33-8 = 1.0,8-23-35-25-8 = 0.5,8-17-10-14-37-8 = 0.5,8-19-34-16-8 = 0.5,8-19-36-35-25-8 = 0.5,8-30-34-16-8 = 0.5,8-17-28-31-15-5 = 0.5,5-11-12-32-13-5 = 0.5,8-23-36-30-8 = 0.5
511,177,576.726,2.0,0.482,-4.833,513,514,5-26-24-20-5 = 1.0,5-12-27-29-5 = 0.5,5-11-27-29-5 = 0.5,5-21-22-33-5 = 1.0,5-38-18-31-15-5 = 1.0,5-32-13-5 = 0.5,8-17-10-14-37-8 = 1.0,8-19-36-35-25-8 = 1.0,8-30-34-16-8 = 1.0,5-11-12-32-13-5 = 0.5,8-23-28-9-8 = 1.0
513,511,589.077,0.0,12.351,0.0,Prune by CG,,8-30-8 = 0.5,5-26-24-20-5 = 1.0,5-21-22-33-5 = 0.75,5-38-18-28-9-5 = 0.5,5-31-15-22-5 = 0.25,5-31-15-9-5 = 0.25,8-23-35-25-8 = 0.25,8-23-36-35-8 = 0.25,8-23-36-33-25-8 = 0.25,8-17-10-14-37-8 = 1.0,8-19-34-16-8 = 0.5,8-19-36-35-25-8 = 0.5,8-30-34-16-8 = 0.5,5-11-12-32-13-5 = 1.0,8-23-28-9-8 = 0.25,5-31-15-21-5 = 0.25,5-38-18-27-29-5 = 0.5,5-28-31-27-29-5 = 0.25,5-15-27-29-5 = 0.25
514,511,578.889,0.0,2.163,0.0,Prune by CG,,5-26-24-20-5 = 0.667,5-12-27-29-5 = 0.333,5-11-12-29-5 = 0.333,5-11-12-27-5 = 0.167,5-11-27-29-5 = 0.333,5-11-12-27-13-5 = 0.167,5-21-22-33-5 = 0.667,5-38-18-31-15-5 = 1.0,5-32-13-5 = 0.5,5-24-21-32-13-5 = 0.167,8-17-10-14-37-8 = 1.0,8-19-36-35-25-8 = 1.0,8-30-34-16-8 = 1.0,5-26-21-32-5 = 0.167,5-22-33-20-5 = 0.333,5-26-24-32-13-5 = 0.167,8-23-28-9-8 = 1.0
380,81,576.2,7.444,0.735,0.778,515,516,8-30-8 = 0.667,5-26-24-20-5 = 0.5,5-12-27-29-5 = 0.333,5-11-12-29-5 = 0.333,5-11-12-27-5 = 0.167,5-11-27-14-29-5 = 0.333,5-38-18-31-15-5 = 0.944,5-18-28-31-15-5 = 0.056,5-32-13-5 = 1.0,5-26-22-33-8 = 0.5,5-28-10-14-37-8 = 0.5,5-21-35-25-8 = 0.278,5-21-22-33-8 = 0.056,5-24-35-20-5 = 0.389,8-23-36-21-5 = 0.667,8-17-37-9-5 = 0.5,8-17-10-9-5 = 0.5,8-19-34-16-8 = 0.444,8-19-36-35-25-8 = 0.333,8-34-16-8 = 0.444,8-30-34-16-8 = 0.111,8-23-19-30-8 = 0.222,5-11-12-27-14-5 = 0.167,8-23-24-20-5 = 0.111,5-38-28-22-33-8 = 0.056,5-28-22-33-25-8 = 0.389
515,380,578.581,0.0,2.381,0.0,Prune by CG,,8-30-8 = 0.437,5-26-24-20-5 = 0.688,5-11-12-29-5 = 0.062,5-11-12-27-5 = 0.938,5-38-18-31-15-5 = 0.937,5-32-13-5 = 1.0,5-26-22-33-8 = 0.312,5-28-10-14-37-8 = 0.125,5-21-35-25-8 = 0.344,5-21-22-33-8 = 0.531,5-24-35-20-5 = 0.094,8-23-36-21-5 = 0.125,8-23-36-20-5 = 0.094,8-23-36-9-5 = 0.125,8-23-36-24-25-8 = 0.094,8-17-37-9-5 = 0.875,8-19-36-35-25-8 = 0.562,8-34-16-8 = 0.875,8-30-34-16-8 = 0.125,8-23-19-30-8 = 0.438,8-23-24-20-5 = 0.125,8-17-10-14-29-5 = 0.125,5-15-22-33-8 = 0.063,5-18-31-27-29-5 = 0.031,5-38-28-22-33-8 = 0.063,5-28-31-27-29-5 = 0.031,5-28-10-14-29-5 = 0.75,5-18-28-22-33-8 = 0.031
516,380,581.984,0.0,5.785,0.0,Prune by CG,,5-26-5 = 0.1,8-30-8 = 0.6,5-26-24-20-5 = 0.8,5-12-27-29-5 = 0.9,5-11-27-14-29-5 = 0.1,5-11-38-18-28-31-5 = 0.6,5-38-18-31-15-5 = 0.3,5-32-13-5 = 1.0,5-26-22-33-8 = 0.1,5-28-10-14-37-8 = 0.2,5-21-35-25-8 = 0.4,5-24-35-20-5 = 0.2,8-23-36-21-5 = 0.6,8-17-37-9-5 = 0.5,8-17-10-9-5 = 0.1,8-19-34-16-8 = 0.2,8-19-36-35-25-8 = 0.4,8-34-16-8 = 0.8,8-23-19-30-8 = 0.4,5-15-22-33-8 = 0.7,8-17-10-14-9-5 = 0.4,5-11-10-37-14-5 = 0.3,5-28-22-33-25-8 = 0.2,5-38-18-31-12-5 = 0.1
466,464,576.199,7.0,0.209,0.875,517,518,5-13-5 = 0.333,8-30-8 = 0.833,5-15-22-33-5 = 0.333,5-26-22-33-5 = 0.5,5-26-24-20-5 = 0.5,5-12-27-29-5 = 0.5,5-11-12-29-5 = 0.5,5-38-18-31-9-5 = 0.167,5-38-18-31-15-5 = 0.667,5-18-31-22-33-5 = 0.167,5-32-13-5 = 0.667,5-11-27-14-37-8 = 0.5,5-21-35-25-8 = 1.0,8-23-36-20-5 = 0.333,8-23-36-24-32-5 = 0.333,8-17-10-14-37-8 = 0.333,8-19-34-16-8 = 0.833,8-19-36-24-20-5 = 0.167,8-34-16-8 = 0.167,8-17-28-10-9-5 = 0.5,8-23-28-9-5 = 0.333,5-38-10-14-37-8 = 0.167,8-17-28-36-30-8 = 0.167
517,466,579.242,0.0,3.043,0.0,Prune by CG,,5-26-5 = 0.5,8-30-8 = 0.583,5-15-22-33-5 = 0.25,5-26-22-33-5 = 0.5,5-12-27-29-5 = 0.5,5-11-12-29-5 = 0.5,5-38-18-31-15-5 = 0.75,5-18-31-22-33-5 = 0.25,5-32-13-5 = 1.0,5-11-27-14-37-8 = 0.5,5-21-35-25-8 = 1.0,8-23-36-20-5 = 0.167,8-17-34-16-8 = 0.083,8-17-10-14-37-8 = 0.25,8-19-34-16-8 = 0.333,8-19-36-24-20-5 = 0.667,8-34-16-8 = 0.167,8-30-34-16-8 = 0.417,8-17-28-10-9-5 = 0.083,8-23-28-9-5 = 0.5,8-23-24-20-5 = 0.167,8-17-23-36-24-5 = 0.167,8-17-28-10-9-8 = 0.417,5-38-10-14-37-8 = 0.25
518,466,578.125,0.0,1.926,0.0,Prune by CG,,5-13-5 = 0.3,8-30-8 = 0.967,5-26-22-33-5 = 0.4,5-26-20-5 = 0.1,5-26-24-20-5 = 0.5,5-12-27-29-5 = 0.5,5-11-12-29-5 = 0.5,5-38-18-31-9-5 = 0.267,5-38-18-31-15-5 = 0.533,5-18-31-22-33-5 = 0.2,5-32-13-5 = 0.6,5-11-27-14-37-8 = 0.5,5-21-35-25-8 = 1.0,8-23-36-24-32-5 = 0.4,8-23-36-15-5 = 0.467,8-23-36-24-13-5 = 0.1,8-17-10-14-37-8 = 0.067,8-19-34-16-8 = 1.0,8-17-28-10-9-5 = 0.7,8-28-10-14-37-8 = 0.033,8-23-28-9-5 = 0.033,5-22-33-20-5 = 0.4,5-38-10-14-37-8 = 0.2,8-17-28-14-37-8 = 0.2,8-17-28-36-30-8 = 0.033
442,360,576.344,3.0,0.348,0.0,519,520,5-26-28-9-5 = 0.5,5-12-27-29-5 = 1.0,5-11-38-31-15-5 = 0.5,5-38-18-28-9-5 = 0.5,5-32-13-5 = 0.5,5-26-32-13-5 = 0.5,5-21-22-33-8 = 1.0,8-17-10-14-37-8 = 1.0,8-19-36-35-25-8 = 1.0,8-30-34-16-8 = 1.0,8-23-24-20-5 = 1.0,5-11-18-31-15-5 = 0.5
520,442,577.87,0.0,1.526,0.0,Prune by CG,,5-26-28-9-5 = 0.75,5-12-27-29-5 = 0.5,5-11-12-29-5 = 0.25,5-11-27-29-5 = 0.25,5-11-12-27-13-5 = 0.25,5-38-18-31-15-5 = 0.75,5-32-13-5 = 0.5,5-26-32-13-5 = 0.25,5-21-22-33-8 = 1.0,8-17-10-14-37-8 = 1.0,8-19-36-35-25-8 = 1.0,8-30-34-16-8 = 1.0,8-23-24-20-5 = 1.0,5-28-15-9-5 = 0.25,5-11-38-18-31-32-5 = 0.25
89,26,576.581,4.625,4.707,-1.375,521,522,8-30-8 = 0.156,5-26-20-5 = 0.781,5-12-27-29-5 = 0.406,5-11-12-29-5 = 0.406,5-37-14-29-5 = 0.031,5-38-18-31-15-5 = 1.0,5-17-37-29-5 = 0.031,5-32-13-5 = 0.188,5-12-14-37-8 = 0.188,5-11-27-14-37-8 = 0.594,5-28-10-14-37-8 = 0.156,5-21-35-25-8 = 0.125,5-21-22-33-8 = 0.875,8-23-36-22-5 = 0.094,8-23-36-24-32-5 = 0.219,8-19-34-16-8 = 0.125,8-19-36-35-25-8 = 0.687,8-34-16-8 = 0.031,8-30-34-16-8 = 0.844,8-17-28-22-33-8 = 0.031,8-17-28-10-9-5 = 0.812,5-26-20-13-5 = 0.219,8-23-33-9-5 = 0.094,8-23-24-32-13-5 = 0.594,8-17-10-14-29-5 = 0.031,8-17-9-29-5 = 0.094,8-19-24-35-25-8 = 0.188
522,89,580.585,0.0,4.004,0.0,Prune by CG,,5-26-20-5 = 0.364,5-26-24-21-5 = 0.182,5-12-27-29-5 = 0.5,5-11-12-29-5 = 0.5,5-38-18-31-15-5 = 0.773,5-31-15-9-5 = 0.182,5-32-13-5 = 0.545,5-11-27-14-37-8 = 0.5,5-31-10-14-37-8 = 0.045,5-21-35-25-8 = 0.318,8-23-36-24-32-5 = 0.455,8-19-22-15-5 = 0.045,8-19-22-21-5 = 0.273,8-19-36-35-25-8 = 0.545,8-30-34-16-8 = 1.0,8-17-28-22-33-8 = 0.5,5-22-33-20-5 = 0.182,5-26-20-13-5 = 0.455,8-23-33-9-5 = 0.318,8-23-24-21-5 = 0.227,8-17-28-10-9-8 = 0.5,8-19-24-35-25-8 = 0.136,5-38-10-14-37-8 = 0.227,5-18-10-14-37-8 = 0.227
405,328,576.507,5.0,0.778,-0.857,523,524,8-30-8 = 1.0,5-26-24-20-5 = 0.818,5-12-27-29-5 = 0.5,5-11-12-29-5 = 0.5,5-38-18-31-15-5 = 0.364,5-38-18-31-21-5 = 0.091,5-38-18-28-9-5 = 0.5,5-32-13-5 = 0.636,5-32-20-13-5 = 0.091,5-24-21-32-13-5 = 0.182,5-11-27-14-37-8 = 0.5,8-23-35-25-8 = 1.0,8-17-10-14-37-8 = 0.5,8-19-36-22-33-8 = 1.0,8-34-16-8 = 1.0,8-17-28-10-9-5 = 0.5,5-26-21-32-5 = 0.091,5-26-20-13-5 = 0.091,5-31-15-21-5 = 0.545,5-38-15-21-5 = 0.045,5-18-15-21-5 = 0.045
523,405,581.662,0.0,5.155,0.0,Prune by CG,,5-13-5 = 0.5,8-30-8 = 1.0,5-26-24-20-5 = 0.5,5-12-27-29-5 = 0.5,5-11-12-29-5 = 0.5,5-38-18-31-15-5 = 0.5,5-38-18-28-9-5 = 0.5,5-24-21-32-13-5 = 0.5,5-11-27-14-37-8 = 0.5,8-23-35-25-8 = 1.0,8-17-10-14-37-8 = 0.5,8-19-36-22-33-8 = 1.0,8-34-16-8 = 1.0,8-17-28-10-9-5 = 0.5,5-26-21-32-5 = 0.5,5-31-15-20-5 = 0.5
524,405,577.838,0.0,1.331,0.0,Prune by CG,,8-30-8 = 0.8,5-26-24-20-5 = 1.0,5-12-27-29-5 = 0.5,5-11-12-29-5 = 0.5,5-38-18-31-9-5 = 0.2,5-38-18-31-15-5 = 0.2,5-38-18-31-21-5 = 0.2,5-38-18-28-9-5 = 0.3,5-32-13-5 = 1.0,5-11-27-14-37-8 = 0.5,8-23-35-25-8 = 1.0,8-17-10-14-37-8 = 0.5,8-19-36-22-33-8 = 1.0,8-34-16-8 = 0.8,8-30-34-16-8 = 0.2,8-17-28-10-9-5 = 0.3,5-31-15-21-5 = 0.4,8-28-15-21-5 = 0.2,8-17-28-10-9-8 = 0.2,5-38-15-21-5 = 0.1,5-18-15-21-5 = 0.1
456,122,576.34,6.18,0.177,0.236,525,526,5-13-5 = 0.02,8-30-8 = 0.975,5-32-5 = 0.02,5-26-24-20-5 = 0.98,5-12-27-29-5 = 0.5,5-11-12-29-5 = 0.5,5-11-27-10-9-5 = 0.173,5-38-18-31-9-5 = 0.352,5-38-18-28-15-5 = 0.485,5-38-28-31-15-5 = 0.163,5-31-15-9-5 = 0.322,5-28-10-37-14-5 = 0.302,5-18-31-10-9-5 = 0.153,5-18-28-31-15-5 = 0.01,5-32-13-5 = 0.98,5-11-27-14-37-8 = 0.327,5-21-35-25-8 = 0.673,8-23-36-21-5 = 0.327,8-23-22-33-5 = 0.673,8-17-34-16-8 = 0.628,8-17-10-14-37-8 = 0.372,8-19-34-16-8 = 0.347,8-19-36-35-25-8 = 0.327,8-19-36-22-33-8 = 0.327,8-30-34-16-8 = 0.025,5-26-28-15-5 = 0.02,5-28-36-24-20-5 = 0.02
525,456,577.999,0.0,1.659,0.0,Prune by CG,,8-30-8 = 0.975,5-26-24-20-5 = 0.65,5-12-27-29-5 = 0.5,5-11-12-29-5 = 0.5,5-11-27-10-9-5 = 0.15,5-38-18-31-9-5 = 0.4,5-38-18-28-15-5 = 0.425,5-38-31-10-9-5 = 0.025,5-38-28-31-15-5 = 0.15,5-31-15-9-5 = 0.225,5-18-31-10-9-5 = 0.175,5-32-13-5 = 1.0,5-11-27-14-37-8 = 0.35,5-21-35-25-8 = 0.725,5-24-35-25-8 = 0.1,8-23-36-21-5 = 0.275,8-23-36-20-5 = 0.1,8-23-22-33-5 = 0.625,8-17-34-16-8 = 0.35,8-17-10-14-37-8 = 0.65,8-19-34-16-8 = 0.625,8-19-36-22-33-5 = 0.375,8-30-34-16-8 = 0.025,5-31-15-9-8 = 0.025,5-26-28-15-5 = 0.175,5-26-35-25-8 = 0.175,5-28-36-24-20-5 = 0.25
526,456,579.767,0.0,3.427,0.0,Prune by CG,,8-30-8 = 0.875,5-26-21-5 = 0.25,5-26-24-20-5 = 0.5,5-12-27-29-5 = 0.5,5-11-12-29-5 = 0.5,5-38-18-31-9-5 = 0.375,5-38-18-28-15-5 = 0.375,5-38-31-10-9-5 = 0.25,5-31-15-9-5 = 0.125,5-28-10-37-14-5 = 0.125,5-18-31-10-9-5 = 0.25,5-32-13-5 = 1.0,5-11-27-14-37-8 = 0.5,5-21-35-25-8 = 0.25,5-24-21-20-5 = 0.5,8-23-22-33-5 = 0.75,8-17-34-16-8 = 0.625,8-17-10-14-37-8 = 0.375,8-19-36-35-25-8 = 0.75,8-19-36-22-33-8 = 0.25,8-34-16-8 = 0.25,8-30-34-16-8 = 0.125,5-26-28-15-5 = 0.25,5-23-28-15-5 = 0.25
333,187,576.334,5.423,1.09,0.559,527,528,8-30-8 = 0.038,5-26-24-20-5 = 0.731,5-12-27-29-5 = 0.5,5-11-12-29-5 = 0.5,5-38-18-31-15-5 = 0.538,5-38-18-31-21-5 = 0.154,5-38-18-28-9-5 = 0.154,5-32-13-5 = 0.462,5-32-20-13-5 = 0.212,5-24-21-32-13-5 = 0.269,5-26-21-33-8 = 0.038,5-11-27-14-37-8 = 0.5,5-28-10-14-37-8 = 0.096,8-23-35-25-8 = 0.885,8-23-36-35-8 = 0.077,8-23-22-33-8 = 0.038,8-17-37-14-5 = 0.25,8-19-34-16-8 = 0.038,8-19-22-35-8 = 0.038,8-19-36-22-33-8 = 0.923,8-30-34-16-8 = 0.962,8-17-28-10-9-5 = 0.75,5-26-21-32-5 = 0.058,5-26-20-13-5 = 0.058,5-31-15-21-5 = 0.212,5-31-15-9-8 = 0.096,5-38-10-14-37-8 = 0.154,5-18-15-21-5 = 0.154,5-26-21-25-8 = 0.115
527,333,581.124,0.0,4.79,0.0,Prune by CG,,8-30-8 = 0.031,5-26-24-21-5 = 0.062,5-12-27-29-5 = 0.5,5-11-12-29-5 = 0.5,5-38-18-31-15-5 = 0.812,5-38-18-28-9-5 = 0.125,5-32-13-5 = 0.188,5-26-21-33-8 = 0.031,5-11-27-14-37-8 = 0.5,5-31-10-14-37-8 = 0.062,5-28-10-14-37-8 = 0.125,5-24-20-13-5 = 0.812,8-23-35-25-8 = 0.906,8-23-36-35-8 = 0.062,8-23-22-33-8 = 0.031,8-17-37-14-5 = 0.25,8-19-34-16-8 = 0.031,8-19-22-35-8 = 0.031,8-19-36-22-33-8 = 0.938,8-30-34-16-8 = 0.969,8-17-28-10-9-5 = 0.75,5-26-21-32-5 = 0.812,5-31-15-9-8 = 0.125,5-38-10-14-37-8 = 0.062,5-26-21-25-8 = 0.094,5-24-20-5 = 0.125,5-18-15-20-5 = 0.062
414,411,576.367,6.5,0.652,0.5,529,530,5-26-24-20-5 = 1.0,5-12-27-29-5 = 0.5,5-11-12-29-5 = 0.25,5-38-18-31-15-5 = 0.75,5-32-13-5 = 0.5,5-11-27-14-37-8 = 0.5,5-21-35-25-8 = 0.75,5-21-22-33-8 = 0.25,8-23-35-25-8 = 0.25,8-17-10-14-37-8 = 0.5,8-19-36-22-33-5 = 0.5,8-19-36-33-9-5 = 0.25,8-34-16-8 = 0.25,8-30-34-16-8 = 0.75,8-17-28-10-9-5 = 0.25,8-36-22-15-5 = 0.25,8-23-19-30-8 = 0.25,5-11-12-32-13-5 = 0.25,8-17-28-10-29-5 = 0.25,8-23-28-9-8 = 0.5,5-38-18-31-32-13-5 = 0.25
529,414,590.256,0.0,13.888,0.0,Prune by CG,,5-26-24-20-5 = 1.0,5-38-18-31-9-5 = 0.5,5-38-18-31-15-5 = 0.5,5-12-32-13-5 = 1.0,5-11-27-14-37-8 = 1.0,5-21-35-25-8 = 0.5,5-21-22-33-8 = 0.5,8-23-35-25-8 = 0.5,8-19-36-33-9-5 = 0.5,8-34-16-8 = 0.5,8-30-34-16-8 = 0.5,8-36-22-15-5 = 0.5,8-23-19-30-8 = 0.5,8-17-28-10-29-5 = 1.0
501,222,576.545,6.533,0.246,-0.589,531,532,8-30-8 = 0.967,5-26-21-5 = 0.1,5-26-24-20-5 = 0.767,5-12-27-29-5 = 0.383,5-11-12-29-5 = 0.383,5-11-27-14-29-5 = 0.075,5-11-27-10-9-5 = 0.308,5-21-22-33-5 = 0.5,5-38-18-31-9-5 = 0.225,5-38-18-31-15-5 = 0.325,5-38-18-28-15-5 = 0.225,5-38-28-31-15-5 = 0.225,5-18-28-31-15-5 = 0.225,5-32-13-5 = 1.0,5-24-21-20-5 = 0.233,8-23-35-25-8 = 0.5,8-23-36-35-8 = 0.5,8-17-37-9-5 = 0.467,8-17-10-14-37-8 = 0.533,8-19-34-16-8 = 0.967,8-19-36-33-25-8 = 0.033,8-30-34-16-8 = 0.033,5-11-12-27-14-5 = 0.233,5-26-36-33-25-8 = 0.133,5-28-22-21-5 = 0.167,5-28-10-14-29-5 = 0.158,5-36-22-33-25-8 = 0.333
531,501,578.303,0.0,1.758,0.0,Prune by CG,,8-30-8 = 0.967,5-26-24-20-5 = 0.733,5-12-27-29-5 = 0.3,5-11-12-29-5 = 0.3,5-11-12-27-5 = 0.1,5-11-27-10-9-5 = 0.3,5-38-18-31-15-5 = 0.933,5-38-28-31-15-5 = 0.033,5-18-28-31-15-5 = 0.033,5-32-13-5 = 1.0,5-21-22-33-8 = 0.433,5-24-21-20-5 = 0.267,8-23-35-25-8 = 0.4,8-23-36-35-8 = 0.6,8-17-37-9-5 = 0.7,8-17-10-37-14-5 = 0.3,8-19-34-16-8 = 0.967,8-19-36-33-25-8 = 0.033,8-30-34-16-8 = 0.033,5-11-12-27-14-5 = 0.3,5-26-36-33-25-8 = 0.267,5-28-22-21-5 = 0.3,5-28-10-14-29-5 = 0.4,5-36-22-33-25-8 = 0.067,5-28-22-33-25-8 = 0.2,5-38-18-28-36-25-8 = 0.033
532,501,579.592,0.0,3.047,0.0,Prune by CG,,5-13-5 = 0.167,8-30-8 = 0.5,5-26-24-20-5 = 1.0,5-12-27-29-5 = 0.333,5-11-12-29-5 = 0.333,5-11-12-27-5 = 0.333,5-11-27-29-5 = 0.333,5-21-22-33-5 = 0.5,5-38-18-31-9-5 = 0.5,5-38-18-28-15-5 = 0.5,5-31-15-9-5 = 0.5,5-32-13-5 = 1.0,8-23-35-25-8 = 0.5,8-23-36-35-8 = 0.5,8-17-10-14-37-8 = 1.0,8-19-34-16-8 = 0.5,8-19-36-33-25-8 = 0.5,8-30-34-16-8 = 0.5,5-28-22-21-5 = 0.5
258,73,576.385,7.25,2.078,0.558,533,534,5-13-5 = 0.5,8-30-8 = 0.625,5-26-24-20-5 = 0.375,5-12-27-29-5 = 0.5,5-11-12-29-5 = 0.5,5-38-18-31-22-5 = 0.125,5-38-18-31-15-5 = 0.875,5-32-13-5 = 0.75,5-26-22-33-8 = 0.625,5-11-27-14-37-8 = 0.5,5-21-35-25-8 = 0.875,5-21-35-33-8 = 0.125,8-23-36-20-5 = 0.25,8-23-36-24-32-5 = 0.25,8-17-10-37-14-5 = 0.5,8-19-34-16-8 = 0.625,8-19-36-24-20-5 = 0.375,8-30-34-16-8 = 0.375,8-17-28-10-9-5 = 0.5,8-23-28-9-5 = 0.5,5-15-22-33-8 = 0.125,5-36-22-33-25-8 = 0.125
510,488,576.486,2.821,0.197,-0.014,535,536,8-30-8 = 0.974,5-26-21-5 = 0.372,5-12-27-29-5 = 0.333,5-11-12-29-5 = 0.333,5-11-12-27-5 = 0.333,5-11-27-29-5 = 0.333,5-38-18-31-22-5 = 0.005,5-38-18-28-9-5 = 0.979,5-38-18-28-22-5 = 0.01,5-38-28-31-22-5 = 0.005,5-31-15-22-5 = 0.974,5-18-28-31-22-5 = 0.005,5-32-13-5 = 0.687,5-24-35-20-5 = 1.0,8-23-36-33-25-8 = 0.997,8-17-10-14-37-8 = 1.0,8-19-34-16-8 = 0.977,8-19-36-31-15-5 = 0.003,8-30-34-16-8 = 0.023,5-26-21-32-5 = 0.313,8-23-19-30-8 = 0.003,5-26-21-13-5 = 0.313,5-26-21-25-8 = 0.003,8-19-31-15-33-8 = 0.003,8-19-15-9-8 = 0.015,8-31-15-9-8 = 0.005
536,510,587.464,0.0,10.979,0.0,Prune by CG,,8-30-8 = 0.974,5-26-21-5 = 0.423,5-12-27-29-5 = 0.224,5-11-12-29-5 = 0.224,5-11-12-27-5 = 0.552,5-11-27-14-29-5 = 0.106,5-11-27-10-9-5 = 0.118,5-38-18-28-22-5 = 0.315,5-38-18-28-15-5 = 0.079,5-38-15-22-5 = 0.04,5-32-13-5 = 0.708,5-31-10-14-37-8 = 0.422,8-37-14-29-5 = 0.012,5-24-35-20-5 = 0.997,5-36-35-20-5 = 0.003,8-23-36-33-25-8 = 0.994,8-17-37-9-5 = 0.54,8-17-10-14-37-8 = 0.026,8-19-34-16-8 = 0.979,8-19-36-24-32-13-5 = 0.003,8-30-34-16-8 = 0.021,5-26-21-32-5 = 0.289,8-23-19-30-8 = 0.006,8-17-10-14-29-5 = 0.434,5-18-15-22-5 = 0.04,5-28-15-22-5 = 0.606,5-26-21-13-5 = 0.289,5-38-18-31-15-8 = 0.224,5-38-18-31-9-8 = 0.342,8-19-31-15-33-8 = 0.006,8-19-31-15-25-8 = 0.006
266,204,576.935,0.267,2.251,-3.133,537,538,5-26-5 = 0.033,8-30-8 = 0.975,5-26-24-20-5 = 0.967,5-12-27-29-5 = 1.0,5-38-18-28-9-5 = 0.975,5-32-13-5 = 1.0,5-21-35-25-8 = 0.992,8-23-36-22-5 = 0.983,8-17-10-14-37-8 = 1.0,8-19-34-16-8 = 0.975,8-19-22-21-5 = 0.008,8-19-36-24-20-5 = 0.017,8-30-34-16-8 = 0.025,8-23-24-20-5 = 0.017,5-22-35-25-8 = 0.008,5-38-18-28-9-8 = 0.025,5-11-31-15-33-5 = 1.0
538,266,583.714,0.0,6.779,0.0,Prune by CG,,5-26-5 = 0.222,8-30-8 = 0.667,5-26-21-33-5 = 0.444,5-12-27-29-5 = 1.0,5-38-18-31-15-5 = 0.222,5-38-18-28-9-5 = 0.556,5-31-15-22-5 = 0.222,5-32-13-5 = 1.0,5-21-35-25-8 = 0.556,8-23-36-22-5 = 0.333,8-17-10-14-37-8 = 1.0,8-19-36-24-20-5 = 0.667,8-34-16-8 = 0.667,8-30-34-16-8 = 0.333,5-26-23-19-8 = 0.333,8-23-24-20-5 = 0.333,5-22-35-25-8 = 0.444,5-11-38-28-9-5 = 0.222,5-11-18-28-9-5 = 0.222,5-11-31-15-33-5 = 0.556
151,119,576.599,3.286,2.632,-0.714,539,540,5-13-5 = 0.286,5-26-5 = 0.857,5-26-24-20-5 = 0.143,5-12-27-29-5 = 0.429,5-11-12-29-5 = 0.429,5-37-14-29-5 = 0.143,5-38-18-31-15-5 = 1.0,5-32-13-5 = 1.0,5-12-14-37-8 = 0.143,5-11-27-14-37-8 = 0.571,5-21-35-25-8 = 0.143,5-24-21-20-5 = 0.857,8-23-22-33-8 = 0.857,8-17-10-14-37-8 = 0.143,8-19-36-35-25-8 = 0.857,8-19-36-22-33-8 = 0.143,8-30-34-16-8 = 1.0,8-17-28-10-9-5 = 0.857,8-23-28-9-8 = 0.143
539,151,582.689,0.0,6.09,0.0,Prune by CG,,5-13-5 = 0.5,8-30-8 = 0.5,5-32-5 = 0.5,5-26-24-20-5 = 1.0,5-12-27-29-5 = 0.5,5-11-12-29-5 = 0.5,5-11-27-14-37-5 = 0.5,5-38-18-31-15-5 = 1.0,5-32-13-5 = 0.5,5-21-35-25-8 = 1.0,8-17-10-37-14-5 = 0.5,8-19-36-22-33-8 = 1.0,8-30-34-16-8 = 0.5,8-17-28-10-9-5 = 0.5,8-23-28-9-8 = 0.5,8-23-34-16-8 = 0.5
540,151,577.892,0.0,1.293,0.0,Prune by CG,,5-13-5 = 0.333,5-26-5 = 0.917,5-32-5 = 0.333,5-26-24-20-5 = 0.083,5-12-27-29-5 = 0.444,5-11-12-29-5 = 0.444,5-38-18-31-15-5 = 0.944,5-31-9-29-5 = 0.056,5-32-13-5 = 0.667,5-12-14-37-8 = 0.111,5-11-27-14-37-8 = 0.556,5-21-35-25-8 = 0.083,5-24-21-20-5 = 0.917,8-23-22-33-8 = 0.833,8-17-10-14-37-8 = 0.25,8-19-36-35-25-8 = 0.917,8-19-36-22-33-8 = 0.083,8-30-34-16-8 = 1.0,8-17-28-22-33-5 = 0.083,8-17-28-10-9-5 = 0.667,8-28-10-14-37-8 = 0.083,5-18-15-9-5 = 0.056,8-23-28-9-8 = 0.167,5-38-9-29-5 = 0.056
535,510,576.491,2.825,0.006,0.004,541,542,8-30-8 = 0.975,5-26-21-5 = 0.375,5-12-27-29-5 = 0.337,5-11-12-29-5 = 0.331,5-11-12-27-5 = 0.331,5-11-27-29-5 = 0.331,5-11-38-18-28-31-5 = 0.006,5-38-18-31-22-5 = 0.006,5-38-18-28-9-5 = 0.975,5-38-18-28-22-5 = 0.006,5-38-28-31-22-5 = 0.006,5-31-15-22-5 = 0.975,5-18-28-31-22-5 = 0.006,5-32-13-5 = 0.687,5-24-35-20-5 = 1.0,8-23-36-33-25-8 = 1.0,8-17-10-14-37-8 = 1.0,8-19-34-16-8 = 0.975,8-30-34-16-8 = 0.025,5-26-21-32-5 = 0.313,5-26-21-13-5 = 0.313,8-19-15-9-8 = 0.025
541,535,580.663,0.0,4.171,0.0,Prune by CG,,8-30-8 = 0.975,5-26-21-5 = 0.373,5-12-27-29-5 = 0.333,5-11-12-29-5 = 0.333,5-11-12-27-5 = 0.333,5-11-27-29-5 = 0.333,5-38-18-31-9-5 = 0.975,5-38-18-31-15-5 = 0.005,5-38-18-28-22-5 = 0.01,5-38-28-31-22-5 = 0.01,5-18-28-31-22-5 = 0.01,5-32-13-5 = 0.687,5-24-35-20-5 = 1.0,8-23-36-33-25-8 = 1.0,8-17-10-14-37-8 = 1.0,8-19-34-16-8 = 0.975,8-30-34-16-8 = 0.025,5-26-21-32-5 = 0.313,5-28-15-22-5 = 0.97,5-26-21-13-5 = 0.313,8-19-15-9-8 = 0.025
108,82,576.44,6.5,4.052,0.5,543,544,8-30-8 = 0.5,5-26-24-20-5 = 0.917,5-12-27-29-5 = 0.5,5-11-12-29-5 = 0.167,5-11-12-27-5 = 0.333,5-11-27-14-29-5 = 0.167,5-11-38-18-28-31-5 = 0.333,5-38-18-28-9-5 = 0.417,5-38-31-10-9-5 = 0.25,5-26-18-28-31-5 = 0.083,5-28-31-10-9-5 = 0.167,5-18-31-10-9-5 = 0.167,5-32-13-5 = 1.0,5-21-35-25-8 = 0.5,8-23-36-21-5 = 0.5,8-17-37-14-5 = 0.417,8-17-37-29-5 = 0.167,8-17-10-37-14-5 = 0.333,8-17-10-14-37-8 = 0.083,8-19-34-16-8 = 0.083,8-19-36-35-25-8 = 0.5,8-34-16-8 = 0.833,8-30-34-16-8 = 0.083,8-23-19-30-8 = 0.417,8-23-24-20-5 = 0.083,5-15-22-33-8 = 1.0
543,108,578.608,0.0,2.168,0.0,Prune by CG,,8-30-8 = 0.5,5-26-24-20-5 = 0.888,5-12-27-29-5 = 0.262,5-11-12-29-5 = 0.212,5-11-12-27-5 = 0.475,5-11-27-14-29-5 = 0.263,5-38-18-28-9-5 = 0.4,5-38-18-28-31-10-5 = 0.4,5-38-31-10-9-5 = 0.2,5-28-31-10-9-5 = 0.2,5-18-31-10-9-5 = 0.2,5-32-13-5 = 0.837,5-26-32-13-5 = 0.112,5-21-35-25-8 = 0.5,8-23-36-21-5 = 0.5,8-17-37-14-5 = 0.625,8-17-37-14-8 = 0.112,8-17-37-29-5 = 0.263,8-19-34-16-8 = 0.112,8-19-36-35-25-8 = 0.5,8-34-16-8 = 0.775,8-30-34-16-8 = 0.113,8-23-19-30-8 = 0.388,8-23-24-20-5 = 0.112,5-11-12-32-13-5 = 0.05,5-15-22-33-8 = 1.0
172,145,576.542,5.35,2.977,-0.15,545,546,8-30-8 = 0.725,5-26-21-5 = 0.8,5-26-28-9-5 = 0.2,5-12-27-29-5 = 0.5,5-11-12-29-5 = 0.5,5-38-18-31-15-5 = 0.9,5-38-28-10-9-5 = 0.1,5-18-31-10-9-5 = 0.1,5-32-13-5 = 1.0,5-11-27-14-37-8 = 0.5,5-28-10-14-37-8 = 0.1,5-24-35-20-5 = 1.0,8-23-36-22-8 = 0.15,8-23-36-33-25-8 = 0.575,8-23-22-33-8 = 0.275,8-17-37-14-5 = 0.3,8-17-10-14-37-8 = 0.1,8-19-34-16-8 = 0.725,8-19-36-22-33-8 = 0.15,8-19-36-22-25-8 = 0.125,8-30-34-16-8 = 0.275,8-17-28-10-9-5 = 0.6,5-21-22-25-8 = 0.2,5-15-22-25-8 = 0.1
545,172,580.508,0.0,3.966,0.0,Prune by CG,,5-13-5 = 0.136,8-30-8 = 0.091,5-26-21-5 = 0.909,5-12-27-29-5 = 0.5,5-11-12-29-5 = 0.5,5-38-18-31-15-5 = 0.818,5-38-18-28-9-5 = 0.182,5-31-15-9-5 = 0.182,5-32-13-5 = 1.0,5-11-27-14-37-8 = 0.5,5-28-10-14-37-8 = 0.182,5-24-35-20-5 = 1.0,8-23-36-22-8 = 0.045,8-17-37-14-5 = 0.136,8-17-10-14-37-8 = 0.182,8-19-36-22-33-8 = 0.091,8-34-16-8 = 1.0,8-17-28-10-9-5 = 0.636,8-36-22-33-25-8 = 0.864,8-23-19-30-8 = 0.909,8-17-23-33-25-8 = 0.045,5-26-21-25-8 = 0.091
546,172,578.619,0.0,2.078,0.0,Prune by CG,,8-30-8 = 0.825,5-26-21-5 = 0.325,5-26-36-21-5 = 0.377,5-26-28-9-5 = 0.158,5-12-27-29-5 = 0.5,5-11-12-29-5 = 0.5,5-38-18-31-15-5 = 0.886,5-38-28-10-9-5 = 0.114,5-18-31-10-9-5 = 0.114,5-32-13-5 = 1.0,5-11-27-14-37-8 = 0.5,5-28-10-14-37-8 = 0.114,5-24-35-20-5 = 0.93,8-23-36-33-25-8 = 0.482,8-23-22-33-8 = 0.482,8-17-37-14-5 = 0.342,8-17-10-14-37-8 = 0.044,8-19-34-16-8 = 0.86,8-19-22-33-25-8 = 0.035,8-19-36-24-21-5 = 0.07,8-30-34-16-8 = 0.14,8-17-28-10-9-5 = 0.614,8-36-35-20-5 = 0.07,8-23-19-30-8 = 0.035,5-21-22-25-8 = 0.228,5-26-22-25-8 = 0.14,5-15-22-25-8 = 0.114
383,381,576.504,3.5,0.557,0.1,547,548,5-13-5 = 0.125,5-26-5 = 1.0,5-12-27-29-5 = 0.5,5-11-12-29-5 = 0.5,5-38-18-31-15-5 = 0.75,5-31-15-9-5 = 0.125,5-32-13-5 = 1.0,5-11-27-14-37-8 = 0.5,5-24-21-20-5 = 1.0,8-23-35-25-8 = 1.0,8-19-36-22-33-8 = 1.0,8-30-34-16-8 = 1.0,8-17-28-10-9-5 = 0.5,8-17-28-31-15-5 = 0.125,8-17-28-9-5 = 0.375,5-38-10-14-37-8 = 0.25,5-18-10-14-37-8 = 0.25
548,383,578.926,0.0,2.422,0.0,Prune by CG,,5-13-5 = 0.02,8-30-8 = 0.975,5-32-5 = 0.02,5-15-22-33-5 = 0.925,5-15-10-9-5 = 0.02,5-26-24-20-5 = 1.0,5-12-27-29-5 = 0.5,5-11-12-29-5 = 0.5,5-21-22-33-5 = 0.025,5-38-18-10-9-5 = 0.01,5-38-18-31-9-5 = 0.475,5-38-18-31-15-5 = 0.03,5-18-31-10-9-5 = 0.47,5-32-13-5 = 0.98,5-11-27-14-37-8 = 0.5,5-21-22-33-8 = 0.025,8-23-35-25-8 = 1.0,8-19-34-16-8 = 0.975,8-19-36-33-9-5 = 0.025,8-30-34-16-8 = 0.025,8-17-28-31-15-5 = 0.025,8-17-28-36-22-5 = 0.025,8-17-28-36-21-5 = 0.95,5-38-10-14-37-8 = 0.485,5-18-10-14-37-8 = 0.015
451,450,576.497,8.0,0.432,0.167,549,550,8-30-8 = 0.556,5-26-21-5 = 0.111,5-26-24-20-5 = 0.833,5-12-27-29-5 = 0.333,5-11-12-29-5 = 0.333,5-11-12-27-5 = 0.333,5-11-27-29-5 = 0.333,5-38-18-31-15-5 = 0.278,5-38-18-28-9-5 = 0.444,5-38-28-10-9-5 = 0.278,5-31-15-22-5 = 0.5,5-18-28-10-9-5 = 0.278,5-32-13-5 = 1.0,5-21-22-33-8 = 0.5,5-24-21-20-5 = 0.167,8-23-35-25-8 = 0.5,8-23-36-35-8 = 0.5,8-17-37-14-5 = 0.556,8-17-10-14-37-8 = 0.444,8-19-34-16-8 = 0.556,8-19-36-33-25-8 = 0.444,8-30-34-16-8 = 0.444,5-26-36-33-25-8 = 0.056,5-31-15-21-5 = 0.222
550,451,578.022,0.0,1.525,0.0,Prune by CG,,8-30-8 = 0.583,5-26-24-20-5 = 1.0,5-12-27-29-5 = 0.333,5-11-12-29-5 = 0.333,5-11-12-27-5 = 0.333,5-11-27-29-5 = 0.333,5-38-18-31-15-5 = 0.5,5-38-18-28-9-5 = 0.083,5-38-28-10-9-5 = 0.417,5-31-15-22-5 = 0.292,5-28-31-10-9-5 = 0.042,5-18-28-10-9-5 = 0.417,5-32-13-5 = 1.0,5-21-22-33-8 = 0.708,8-23-35-25-8 = 0.417,8-23-36-35-8 = 0.583,8-17-37-14-5 = 0.875,8-17-10-14-37-8 = 0.125,8-19-34-16-8 = 0.583,8-19-36-21-25-8 = 0.292,8-19-36-33-25-8 = 0.125,8-30-34-16-8 = 0.417,5-31-15-33-25-8 = 0.167,5-28-15-9-5 = 0.042
162,159,576.696,4.934,3.516,-0.999,551,552,5-13-5 = 0.02,8-30-8 = 0.975,5-32-5 = 0.02,5-26-24-20-5 = 0.675,5-12-27-29-5 = 0.426,5-11-12-29-5 = 0.426,5-37-14-29-5 = 0.149,5-21-22-33-5 = 0.171,5-38-18-31-9-5 = 0.129,5-38-18-31-15-5 = 0.829,5-32-13-5 = 0.98,5-12-14-37-8 = 0.149,5-11-27-14-37-8 = 0.574,5-31-10-14-37-8 = 0.043,5-24-21-20-5 = 0.325,8-23-35-25-8 = 0.675,8-23-35-33-5 = 0.151,8-23-35-33-8 = 0.174,8-19-34-16-8 = 0.975,8-19-33-10-9-5 = 0.025,8-30-34-16-8 = 0.025,8-17-28-22-33-5 = 0.154,8-17-28-10-9-5 = 0.846,5-36-22-15-5 = 0.171,5-36-22-21-5 = 0.504,5-26-36-33-25-8 = 0.325,5-38-10-14-37-8 = 0.043,5-18-10-14-37-8 = 0.043
551,162,583.361,0.0,6.665,0.0,Prune by CG,,5-13-5 = 0.02,8-30-8 = 0.96,5-32-5 = 0.02,5-26-36-21-5 = 0.27,5-26-24-20-5 = 0.73,5-12-27-29-5 = 0.5,5-11-12-29-5 = 0.5,5-11-27-14-37-5 = 0.5,5-38-18-31-9-5 = 0.23,5-38-18-31-15-5 = 0.25,5-38-17-37-14-5 = 0.25,5-31-10-37-14-5 = 0.25,5-32-13-5 = 0.98,5-21-22-33-8 = 0.46,8-23-35-25-8 = 1.0,8-19-34-16-8 = 0.98,8-30-34-16-8 = 0.02,8-17-28-10-9-5 = 0.75,8-24-21-20-5 = 0.27,8-19-30-8 = 0.02,5-36-22-15-5 = 0.48,5-15-22-33-8 = 0.04,5-18-31-15-33-8 = 0.23,5-18-31-22-33-8 = 0.02,5-38-18-31-9-8 = 0.02,5-38-18-28-36-33-8 = 0.25
249,248,576.577,5.667,2.119,-0.333,553,554,8-30-8 = 0.667,5-15-22-33-5 = 0.167,5-26-20-5 = 0.167,5-26-24-20-5 = 0.833,5-12-27-29-5 = 0.5,5-11-12-29-5 = 0.5,5-21-22-33-5 = 0.667,5-38-18-31-15-5 = 0.833,5-38-17-37-14-5 = 0.167,5-31-10-37-14-5 = 0.167,5-18-10-37-14-5 = 0.167,5-32-13-5 = 1.0,5-11-27-14-37-8 = 0.5,5-21-35-25-8 = 0.167,5-21-35-33-8 = 0.167,8-23-36-22-8 = 0.167,8-23-36-24-25-8 = 0.167,8-19-36-35-25-8 = 0.667,8-34-16-8 = 0.833,8-17-28-10-9-5 = 0.667,8-23-19-30-8 = 0.333,8-17-28-9-5 = 0.167,8-23-28-9-8 = 0.167,8-23-34-16-8 = 0.167
553,249,579.651,0.0,3.074,0.0,Prune by CG,,8-30-8 = 0.625,5-15-22-33-5 = 0.125,5-26-20-5 = 0.125,5-26-24-20-5 = 0.875,5-12-27-29-5 = 0.5,5-11-12-29-5 = 0.5,5-11-27-14-37-5 = 0.5,5-21-22-33-5 = 0.25,5-38-18-31-15-5 = 0.75,5-38-17-37-14-5 = 0.25,5-31-10-37-14-5 = 0.125,5-18-10-37-14-5 = 0.125,5-32-13-5 = 1.0,5-21-35-25-8 = 0.25,5-21-35-33-8 = 0.125,5-21-22-33-8 = 0.375,8-23-36-22-8 = 0.25,8-23-36-24-25-8 = 0.125,8-19-36-35-25-8 = 0.625,8-34-16-8 = 1.0,8-17-28-10-9-5 = 0.75,8-23-19-30-8 = 0.375,8-23-28-9-8 = 0.25,5-18-31-15-33-5 = 0.125
554,249,579.009,0.0,2.432,0.0,Prune by CG,,5-13-5 = 0.1,5-26-5 = 0.1,8-30-8 = 1.0,5-15-22-33-5 = 0.1,5-26-24-20-5 = 0.9,5-12-27-29-5 = 0.4,5-11-12-29-5 = 0.4,5-21-22-33-5 = 0.9,5-38-18-31-15-5 = 0.9,5-31-9-29-5 = 0.1,5-32-13-5 = 1.0,5-12-14-37-8 = 0.2,5-11-27-14-37-8 = 0.6,5-24-21-20-5 = 0.1,8-19-36-35-25-8 = 1.0,8-17-28-10-9-5 = 0.7,8-17-28-9-5 = 0.2,8-17-28-10-29-5 = 0.1,5-38-10-14-37-8 = 0.1,8-23-34-16-8 = 1.0,5-18-10-14-37-8 = 0.1
521,89,576.582,4.476,0.001,-0.149,555,556,8-30-8 = 0.143,5-26-20-5 = 0.81,5-12-27-29-5 = 0.405,5-11-12-29-5 = 0.405,5-38-18-31-15-5 = 0.976,5-38-18-28-9-5 = 0.024,5-17-37-29-5 = 0.048,5-32-13-5 = 0.19,5-12-14-37-8 = 0.19,5-11-27-14-37-8 = 0.595,5-28-10-14-37-8 = 0.167,5-21-35-25-8 = 0.095,5-21-22-33-8 = 0.905,8-23-36-22-5 = 0.095,8-23-36-24-32-5 = 0.19,8-19-34-16-8 = 0.095,8-19-36-35-25-8 = 0.714,8-34-16-8 = 0.048,8-30-34-16-8 = 0.857,8-17-28-10-9-5 = 0.786,8-17-28-31-15-5 = 0.024,5-26-20-13-5 = 0.19,8-23-33-9-5 = 0.095,8-23-24-32-13-5 = 0.619,8-17-10-14-29-5 = 0.048,8-17-9-29-5 = 0.095,8-19-24-35-25-8 = 0.19
555,521,585.865,0.0,9.283,0.0,Prune by CG,,8-30-8 = 0.25,5-26-20-5 = 0.25,5-11-12-27-5 = 0.321,5-38-18-31-9-5 = 0.5,5-38-18-31-15-5 = 0.464,5-38-18-28-9-5 = 0.036,5-31-15-9-5 = 0.036,5-32-13-5 = 0.143,5-12-14-37-8 = 0.429,5-11-27-14-37-8 = 0.571,5-21-35-25-8 = 0.5,5-21-22-33-8 = 0.5,8-23-36-24-32-5 = 0.75,8-19-34-16-8 = 0.25,8-19-22-15-5 = 0.25,8-19-36-35-25-8 = 0.25,8-30-34-16-8 = 0.75,5-26-20-13-5 = 0.75,8-23-33-9-5 = 0.25,5-11-12-32-13-5 = 0.107,8-17-9-29-5 = 0.036,8-17-28-10-29-5 = 0.964,8-19-24-35-25-8 = 0.25,5-15-22-33-8 = 0.25,5-12-27-9-5 = 0.107,5-12-10-9-5 = 0.036
136,120,576.63,6.63,3.434,-0.447,557,558,5-13-5 = 0.259,8-30-8 = 0.63,5-26-36-35-5 = 0.185,5-26-24-20-5 = 0.815,5-12-27-29-5 = 0.5,5-11-12-29-5 = 0.5,5-38-18-31-9-5 = 0.019,5-38-18-31-15-5 = 0.741,5-38-18-28-9-5 = 0.241,5-31-15-9-5 = 0.241,5-32-13-5 = 1.0,5-11-27-14-37-8 = 0.5,5-21-35-25-8 = 0.556,5-24-21-20-5 = 0.185,5-28-36-35-25-8 = 0.259,8-23-36-33-25-8 = 0.185,8-23-22-33-8 = 0.63,8-17-10-37-14-5 = 0.444,8-17-10-14-37-8 = 0.056,8-19-34-16-8 = 0.815,8-30-34-16-8 = 0.185,8-17-28-22-33-5 = 0.093,8-17-28-10-9-5 = 0.407,8-36-22-15-5 = 0.019,8-36-22-21-5 = 0.259,8-36-33-10-9-5 = 0.093,8-23-19-30-8 = 0.185
557,136,579.614,0.0,2.984,0.0,Prune by CG,,5-26-5 = 0.5,8-30-8 = 0.5,5-26-20-5 = 0.25,5-26-24-35-5 = 0.25,5-12-27-29-5 = 0.5,5-11-12-29-5 = 0.5,5-38-18-31-15-5 = 0.75,5-38-18-28-9-5 = 0.25,5-31-15-9-5 = 0.25,5-32-13-5 = 1.0,5-11-27-14-37-8 = 0.5,5-21-35-25-8 = 0.25,5-24-21-20-5 = 0.75,5-28-36-35-25-8 = 0.25,8-23-36-33-25-8 = 0.25,8-23-22-33-8 = 0.5,8-17-10-37-14-5 = 0.5,8-19-34-16-8 = 0.75,8-30-34-16-8 = 0.25,8-17-28-10-9-5 = 0.5,8-36-22-33-25-8 = 0.25,8-23-19-30-8 = 0.25,8-36-22-35-8 = 0.25
558,136,579.18,0.0,2.55,0.0,Prune by CG,,5-13-5 = 0.364,8-30-8 = 0.318,5-26-24-20-5 = 1.0,5-12-27-29-5 = 0.5,5-11-12-29-5 = 0.5,5-38-18-31-15-5 = 0.727,5-38-18-28-9-5 = 0.136,5-38-28-31-9-5 = 0.136,5-18-28-31-15-5 = 0.136,5-32-13-5 = 1.0,5-11-27-14-37-8 = 0.5,5-21-35-25-8 = 0.909,8-23-22-33-8 = 0.545,8-17-37-14-5 = 0.227,8-17-10-14-37-8 = 0.273,8-19-34-16-8 = 0.545,8-34-16-8 = 0.227,8-30-34-16-8 = 0.227,8-17-28-10-9-5 = 0.273,8-36-22-15-5 = 0.136,8-36-22-21-5 = 0.091,8-36-33-10-9-5 = 0.455,8-23-19-30-8 = 0.455,5-28-36-35-25-5 = 0.091,8-17-28-36-22-5 = 0.227
458,454,576.55,3.34,0.06,0.124,559,560,5-13-5 = 0.02,8-30-8 = 0.975,5-32-5 = 0.02,5-26-24-21-5 = 0.025,5-26-24-20-5 = 0.975,5-12-27-29-5 = 0.5,5-11-12-29-5 = 0.5,5-38-18-10-9-5 = 0.5,5-38-18-31-9-5 = 0.48,5-38-18-31-15-5 = 0.005,5-32-13-5 = 0.98,5-11-27-14-37-8 = 0.5,5-31-10-14-37-8 = 0.47,5-21-35-25-8 = 0.975,8-23-36-22-5 = 0.975,8-19-34-16-8 = 0.975,8-19-36-35-25-8 = 0.025,8-30-34-16-8 = 0.025,8-17-28-15-33-5 = 0.975,8-17-28-31-9-5 = 0.02,8-23-33-20-5 = 0.025,8-17-28-31-22-8 = 0.005,5-31-15-22-8 = 0.02,5-38-10-14-37-8 = 0.015,5-18-10-14-37-8 = 0.015
559,458,586.251,0.0,9.701,0.0,Prune by CG,,5-13-5 = 0.007,5-26-5 = 0.016,8-30-8 = 0.975,5-32-5 = 0.007,5-26-24-20-5 = 0.984,5-12-27-29-5 = 0.983,5-11-12-29-5 = 0.008,5-11-12-27-5 = 0.008,5-11-27-29-5 = 0.008,5-38-18-10-9-5 = 0.013,5-32-13-5 = 0.993,5-31-10-14-37-8 = 0.988,5-21-35-25-8 = 0.972,8-23-36-21-5 = 0.006,8-23-36-22-5 = 0.966,8-17-34-16-8 = 0.012,8-19-34-16-8 = 0.962,8-19-22-21-5 = 0.009,8-19-36-35-25-8 = 0.028,8-30-34-16-8 = 0.025,8-17-28-15-33-5 = 0.988,8-23-28-9-5 = 0.013,8-23-24-20-5 = 0.003,8-23-33-20-5 = 0.013,5-18-31-14-37-8 = 0.013,5-24-21-22-8 = 0.013,5-11-38-18-9-5 = 0.975,5-38-15-22-8 = 0.013
560,458,576.622,3.313,0.072,-0.027,561,562,5-13-5 = 0.004,5-26-5 = 0.026,8-30-8 = 0.974,5-32-5 = 0.004,5-26-24-20-5 = 0.974,5-12-27-29-5 = 0.5,5-11-12-29-5 = 0.5,5-38-18-10-9-5 = 0.017,5-38-18-31-9-5 = 0.474,5-38-18-31-15-5 = 0.017,5-18-31-10-9-5 = 0.487,5-32-13-5 = 0.996,5-11-27-14-37-8 = 0.5,5-21-35-25-8 = 0.974,5-24-21-20-5 = 0.004,8-23-36-22-5 = 0.974,8-17-37-14-8 = 0.004,8-19-34-16-8 = 0.974,8-19-36-35-25-8 = 0.026,8-30-34-16-8 = 0.026,8-17-28-15-33-5 = 0.978,8-17-28-31-9-5 = 0.017,8-23-28-9-5 = 0.004,8-23-33-20-5 = 0.022,5-31-15-22-8 = 0.004,5-38-10-14-37-8 = 0.491,5-18-10-14-37-8 = 0.004,5-24-21-22-8 = 0.022
562,560,583.823,0.0,7.201,0.0,Prune by CG,,5-26-5 = 0.033,8-30-8 = 0.787,5-26-24-20-5 = 0.967,5-12-27-29-5 = 0.393,5-11-12-29-5 = 0.393,5-11-27-14-29-5 = 0.033,5-38-18-10-29-5 = 0.18,5-38-18-31-15-5 = 0.247,5-32-13-5 = 1.0,5-11-27-14-37-8 = 0.36,5-21-35-25-8 = 0.967,8-23-36-22-5 = 0.213,8-23-36-33-5 = 0.753,8-17-37-9-5 = 0.033,8-19-34-16-8 = 0.787,8-19-22-9-5 = 0.18,8-19-36-33-20-5 = 0.033,8-30-34-16-8 = 0.213,8-17-28-15-33-5 = 0.213,8-17-28-31-9-5 = 0.753,8-23-28-9-5 = 0.033,5-24-21-22-5 = 0.033,5-18-15-22-5 = 0.507,5-22-35-25-8 = 0.033,5-38-10-14-37-8 = 0.573,5-18-10-14-37-8 = 0.033,5-11-12-27-10-8 = 0.213,5-18-15-22-8 = 0.033
152,119,576.546,4.5,2.579,0.5,563,564,5-13-5 = 0.25,5-26-5 = 0.75,5-26-28-9-5 = 0.25,5-12-27-29-5 = 0.5,5-11-12-29-5 = 0.5,5-38-18-31-15-5 = 0.5,5-38-18-28-9-5 = 0.25,5-38-28-31-15-5 = 0.25,5-18-28-31-15-5 = 0.25,5-32-13-5 = 1.0,5-11-27-14-37-8 = 0.5,5-24-21-20-5 = 1.0,8-23-22-33-8 = 1.0,8-17-10-9-5 = 0.5,8-17-10-14-37-8 = 0.5,8-19-36-35-25-8 = 1.0,8-30-34-16-8 = 1.0
563,152,579.048,0.0,2.502,0.0,Prune by CG,,5-26-5 = 0.333,8-30-8 = 0.5,5-26-24-20-5 = 0.667,5-12-27-29-5 = 0.5,5-11-12-29-5 = 0.5,5-38-18-31-15-5 = 0.333,5-38-18-28-9-5 = 0.5,5-38-28-31-15-5 = 0.167,5-31-15-22-5 = 0.333,5-18-28-31-15-5 = 0.167,5-32-13-5 = 1.0,5-11-27-14-37-8 = 0.5,5-21-35-25-8 = 0.5,5-24-21-20-5 = 0.333,8-23-22-33-8 = 0.5,8-23-19-36-33-8 = 0.5,8-17-10-37-14-5 = 0.5,8-17-10-9-5 = 0.5,8-19-36-35-25-8 = 0.5,8-34-16-8 = 0.5,8-30-34-16-8 = 0.5,5-28-22-21-5 = 0.167
534,258,576.639,7.167,0.253,-0.083,565,566,5-13-5 = 0.583,8-30-8 = 0.5,5-32-5 = 0.333,5-26-24-20-5 = 0.167,5-12-27-29-5 = 0.5,5-11-12-29-5 = 0.5,5-38-18-31-15-5 = 0.917,5-31-10-37-14-5 = 0.083,5-32-13-5 = 0.417,5-26-22-33-8 = 0.833,5-11-27-14-37-8 = 0.5,5-21-35-25-8 = 1.0,8-23-36-20-5 = 0.25,8-23-36-24-32-5 = 0.25,8-17-37-14-5 = 0.083,8-17-10-37-14-5 = 0.333,8-19-34-16-8 = 0.5,8-19-36-24-20-5 = 0.5,8-30-34-16-8 = 0.5,8-17-28-10-9-5 = 0.583,8-23-28-9-5 = 0.417,8-23-24-20-5 = 0.083,5-15-22-33-8 = 0.083,5-38-18-22-33-8 = 0.083
566,534,580.605,0.0,3.966,0.0,Prune by CG,,8-30-8 = 0.925,5-26-24-20-5 = 0.975,5-12-27-29-5 = 0.5,5-11-12-29-5 = 0.5,5-38-18-31-22-5 = 0.65,5-38-18-31-15-5 = 0.125,5-31-10-37-14-5 = 0.175,5-32-13-5 = 0.975,5-11-27-14-37-8 = 0.5,5-21-35-25-8 = 0.575,5-21-35-33-8 = 0.425,8-23-36-15-5 = 0.7,8-17-37-14-5 = 0.2,8-17-10-37-14-5 = 0.1,8-19-34-16-8 = 0.925,8-19-36-24-32-13-5 = 0.025,8-19-36-31-15-5 = 0.025,8-30-34-16-8 = 0.075,8-17-28-10-9-5 = 0.7,8-23-28-9-5 = 0.3,5-26-36-33-25-8 = 0.025,8-19-10-37-14-5 = 0.025,5-15-22-33-8 = 0.15,5-22-33-25-8 = 0.175,5-31-22-20-5 = 0.025,5-38-18-36-33-25-8 = 0.225
565,534,576.694,5.333,0.055,-1.833,567,568,5-13-5 = 0.667,8-30-8 = 0.333,5-12-27-29-5 = 0.5,5-11-12-29-5 = 0.5,5-38-18-31-15-5 = 1.0,5-32-13-5 = 0.833,5-26-22-33-8 = 1.0,5-11-27-14-37-8 = 0.5,5-21-35-25-8 = 1.0,8-23-36-20-5 = 0.167,8-23-36-24-32-5 = 0.167,8-17-10-37-14-5 = 0.333,8-17-10-14-37-8 = 0.167,8-19-34-16-8 = 0.333,8-19-36-24-20-5 = 0.667,8-30-34-16-8 = 0.667,8-17-28-10-9-5 = 0.5,8-23-28-9-5 = 0.5,8-23-24-20-5 = 0.167
568,565,579.042,0.0,2.348,0.0,Prune by CG,,5-13-5 = 0.667,5-12-27-29-5 = 0.333,5-11-12-29-5 = 0.333,5-11-12-27-5 = 0.333,5-11-27-29-5 = 0.333,5-38-18-31-15-5 = 1.0,5-32-13-5 = 1.0,5-26-22-33-8 = 1.0,5-21-35-25-8 = 1.0,8-17-10-14-37-8 = 1.0,8-19-36-24-20-5 = 1.0,8-30-34-16-8 = 1.0,8-23-28-9-5 = 1.0
542,535,576.624,2.867,0.133,0.042,569,570,8-30-8 = 0.975,5-26-21-5 = 0.383,5-12-27-29-5 = 0.333,5-11-12-29-5 = 0.333,5-11-12-27-5 = 0.333,5-11-27-29-5 = 0.333,5-38-18-31-22-5 = 0.017,5-38-18-28-9-5 = 0.983,5-31-15-22-5 = 0.983,5-32-13-5 = 0.683,5-24-35-20-5 = 0.983,8-23-36-33-25-8 = 0.983,8-17-10-14-37-8 = 1.0,8-19-34-16-8 = 0.975,8-19-36-24-32-13-5 = 0.017,8-30-34-16-8 = 0.025,5-26-21-32-5 = 0.3,5-26-21-13-5 = 0.3,5-26-21-25-8 = 0.017,8-23-15-33-8 = 0.008,8-23-33-9-8 = 0.008,5-28-35-20-5 = 0.017,8-19-15-9-8 = 0.008
569,542,610.09,0.0,33.466,0.0,Prune by CG,,5-13-5 = 0.333,8-30-8 = 0.513,5-26-21-5 = 0.487,5-12-27-29-5 = 0.351,5-11-12-29-5 = 0.351,5-11-12-27-5 = 0.153,5-11-27-29-5 = 0.298,5-11-27-14-37-5 = 0.027,5-11-27-10-9-5 = 0.171,5-38-18-28-9-5 = 0.829,5-31-15-22-5 = 1.0,5-12-14-37-8 = 0.144,8-23-36-33-25-8 = 0.487,8-17-10-14-37-8 = 0.487,8-34-16-8 = 0.513,8-30-34-16-8 = 0.487,8-19-24-32-13-5 = 0.667,5-38-10-14-37-8 = 0.171,8-17-23-36-33-8 = 0.513,5-18-10-14-37-8 = 0.171,8-19-24-32-5 = 0.333,5-26-21-25-8 = 0.513,5-35-20-5 = 0.829,5-28-35-20-5 = 0.171
570,542,576.614,2.817,-0.01,-0.05,571,572,8-30-8 = 0.975,5-26-21-5 = 0.358,5-12-27-29-5 = 0.333,5-11-12-29-5 = 0.333,5-11-12-27-5 = 0.333,5-11-27-29-5 = 0.333,5-38-18-31-22-5 = 0.025,5-38-18-28-9-5 = 0.975,5-31-15-22-5 = 0.975,5-32-13-5 = 0.692,5-24-35-20-5 = 1.0,8-23-36-33-25-8 = 1.0,8-17-10-14-37-8 = 1.0,8-19-34-16-8 = 0.975,8-30-34-16-8 = 0.025,5-26-21-32-5 = 0.308,5-26-21-13-5 = 0.308,8-19-15-9-8 = 0.025,5-26-28-21-5 = 0.025
571,570,589.322,0.0,12.708,0.0,Prune by CG,,8-30-8 = 0.975,5-26-21-5 = 0.64,5-12-27-29-5 = 0.154,5-11-12-29-5 = 0.154,5-11-12-27-10-5 = 0.41,5-11-27-14-29-5 = 0.154,5-38-18-31-22-5 = 0.487,5-38-18-28-15-5 = 0.487,5-31-15-22-5 = 0.513,5-28-10-37-14-5 = 0.001,5-32-13-5 = 0.82,5-24-35-20-5 = 1.0,8-23-36-33-25-8 = 1.0,8-17-37-9-8 = 0.974,8-17-10-14-37-8 = 0.025,8-19-34-16-8 = 0.975,8-30-34-16-8 = 0.025,5-26-21-32-5 = 0.18,5-11-12-27-14-5 = 0.282,8-17-10-14-29-5 = 0.001,5-26-21-13-5 = 0.18,8-19-10-14-29-5 = 0.025,5-28-10-14-29-5 = 0.512,5-38-18-10-9-8 = 0.026
561,560,576.644,3.31,0.022,-0.003,573,574,5-13-5 = 0.005,5-26-5 = 0.025,8-30-8 = 0.975,5-32-5 = 0.005,5-15-10-9-5 = 0.005,5-26-24-20-5 = 0.975,5-12-27-29-5 = 0.5,5-11-12-29-5 = 0.5,5-38-18-10-9-5 = 0.015,5-38-18-31-9-5 = 0.495,5-18-31-10-9-5 = 0.485,5-32-13-5 = 0.995,5-11-27-14-37-8 = 0.5,5-21-35-25-8 = 0.975,8-23-36-22-5 = 0.975,8-19-34-16-8 = 0.975,8-19-36-35-25-8 = 0.025,8-30-34-16-8 = 0.025,8-17-28-15-33-5 = 0.975,8-17-28-31-15-5 = 0.02,8-23-33-20-5 = 0.025,5-38-10-14-37-8 = 0.49,5-18-10-14-37-8 = 0.005,8-17-28-14-37-8 = 0.005,5-24-21-22-8 = 0.025
573,561,579.693,0.0,3.05,0.0,Prune by CG,,5-13-5 = 0.005,5-26-5 = 0.025,8-30-8 = 0.975,5-32-5 = 0.005,5-26-24-20-5 = 0.975,5-12-27-29-5 = 0.381,5-11-12-29-5 = 0.381,5-38-18-10-9-5 = 0.376,5-38-18-31-9-5 = 0.119,5-38-18-31-15-5 = 0.139,5-38-31-10-9-5 = 0.253,5-31-10-14-29-5 = 0.119,5-18-31-10-9-5 = 0.253,5-32-13-5 = 0.995,5-12-14-37-8 = 0.238,5-11-27-14-37-8 = 0.619,5-21-35-25-8 = 0.975,8-23-36-22-5 = 0.856,8-17-37-29-5 = 0.119,8-19-34-16-8 = 0.975,8-19-36-35-25-8 = 0.025,8-30-34-16-8 = 0.025,8-17-28-15-33-5 = 0.856,8-23-33-20-5 = 0.025,5-31-15-22-8 = 0.005,5-38-18-31-22-8 = 0.114,8-17-28-14-37-8 = 0.025,8-23-28-36-33-5 = 0.119,5-24-21-22-8 = 0.025
574,561,579.67,0.0,3.026,0.0,Prune by CG,,5-13-5 = 0.012,5-26-5 = 0.012,8-30-8 = 0.975,5-32-5 = 0.012,5-26-24-20-5 = 0.988,5-12-27-29-5 = 0.95,5-11-12-29-5 = 0.025,5-38-18-31-9-5 = 0.975,5-31-9-29-5 = 0.025,5-32-13-5 = 0.988,5-11-27-14-37-8 = 0.025,5-21-35-25-8 = 0.988,8-23-36-22-5 = 0.988,8-19-34-16-8 = 0.975,8-19-22-21-5 = 0.012,8-19-36-35-25-8 = 0.012,8-30-34-16-8 = 0.025,8-17-28-15-33-5 = 1.0,8-23-24-20-5 = 0.012,5-38-10-14-37-8 = 0.025,5-18-10-14-37-8 = 0.025,5-11-10-14-37-8 = 0.925,5-11-12-27-10-8 = 0.025
481,329,576.711,6.6,0.605,-0.4,575,576,5-15-22-33-5 = 0.2,5-26-24-20-5 = 1.0,5-12-27-29-5 = 0.5,5-11-12-29-5 = 0.5,5-38-18-31-22-5 = 0.2,5-38-18-31-15-5 = 0.2,5-38-18-28-9-5 = 0.5,5-38-31-10-9-5 = 0.1,5-31-15-22-5 = 0.2,5-18-31-10-9-5 = 0.1,5-32-13-5 = 0.6,5-11-27-14-37-8 = 0.5,8-23-35-25-8 = 0.8,8-17-10-14-37-8 = 0.5,8-19-34-16-8 = 0.2,8-19-36-35-25-8 = 0.2,8-19-36-21-33-8 = 0.4,8-30-34-16-8 = 0.8,8-17-28-10-9-5 = 0.3,8-23-19-30-8 = 0.2,8-17-28-31-21-5 = 0.2,5-15-22-33-8 = 0.4,8-36-21-32-13-5 = 0.4
575,481,578.587,0.0,1.876,0.0,Prune by CG,,5-26-24-20-5 = 0.958,5-12-27-29-5 = 0.5,5-11-12-29-5 = 0.333,5-11-27-14-29-5 = 0.083,5-11-27-10-9-5 = 0.083,5-38-18-31-22-5 = 0.167,5-38-18-28-9-5 = 0.625,5-31-15-22-5 = 0.833,5-32-13-5 = 0.667,5-11-27-14-37-8 = 0.333,8-23-35-25-8 = 0.917,8-23-19-34-8 = 0.042,8-17-37-29-5 = 0.083,8-17-10-14-37-8 = 0.583,8-19-36-35-25-8 = 0.083,8-19-36-21-33-8 = 0.833,8-30-34-16-8 = 0.958,8-17-28-10-9-5 = 0.292,8-23-19-30-8 = 0.042,5-26-20-13-5 = 0.042,5-11-12-32-13-5 = 0.167,5-38-18-28-10-16-8 = 0.042,5-38-18-15-33-8 = 0.167,8-36-21-32-13-5 = 0.083,8-17-28-21-32-5 = 0.042,8-24-21-32-13-5 = 0.042
576,481,577.934,0.0,1.223,0.0,Prune by CG,,5-15-22-33-5 = 0.333,5-26-24-20-5 = 1.0,5-12-27-29-5 = 0.5,5-11-12-29-5 = 0.5,5-38-18-31-9-5 = 0.167,5-38-18-31-15-5 = 0.167,5-38-18-28-9-5 = 0.333,5-38-18-28-22-5 = 0.167,5-38-31-10-9-5 = 0.167,5-18-31-10-9-5 = 0.167,5-32-13-5 = 0.5,5-11-27-14-37-8 = 0.5,8-23-35-25-8 = 0.667,8-17-10-14-37-8 = 0.5,8-19-34-16-8 = 0.167,8-19-36-35-25-8 = 0.333,8-19-36-21-33-8 = 0.167,8-34-16-8 = 0.167,8-30-34-16-8 = 0.667,8-17-28-10-9-5 = 0.167,8-23-19-30-8 = 0.333,8-17-28-31-21-5 = 0.333,5-15-22-33-8 = 0.5,8-36-21-32-13-5 = 0.5
572,570,576.677,2.8,0.064,-0.017,577,578,8-30-8 = 0.973,5-26-21-5 = 0.359,5-12-27-29-5 = 0.332,5-11-12-29-5 = 0.332,5-11-12-27-5 = 0.336,5-11-27-29-5 = 0.332,5-38-18-31-22-5 = 0.009,5-38-18-28-9-5 = 0.991,5-31-15-22-5 = 0.991,5-32-13-5 = 0.691,5-24-35-20-5 = 0.991,8-23-36-24-25-8 = 0.009,8-23-36-33-25-8 = 0.982,8-17-10-14-37-8 = 1.0,8-19-34-16-8 = 0.982,8-19-36-15-33-8 = 0.005,8-30-34-16-8 = 0.018,5-26-21-32-5 = 0.309,8-23-19-30-8 = 0.009,8-19-9-29-5 = 0.005,5-26-21-13-5 = 0.309,5-26-21-25-8 = 0.009,8-36-15-9-5 = 0.005,5-28-35-20-5 = 0.009,8-26-21-33-8 = 0.014
577,572,614.922,0.0,38.245,0.0,Prune by CG,,5-13-5 = 0.017,8-30-8 = 0.967,5-32-5 = 0.017,5-12-27-29-5 = 0.496,5-11-12-29-5 = 0.496,5-11-12-27-5 = 0.008,5-11-27-29-5 = 0.008,5-11-27-14-37-5 = 0.488,5-38-18-28-9-5 = 0.512,5-31-15-22-5 = 1.0,5-18-28-10-9-5 = 0.488,5-32-13-5 = 0.983,5-24-35-20-5 = 0.983,5-36-35-20-5 = 0.008,8-23-36-24-25-8 = 0.017,8-17-10-14-37-8 = 0.025,8-19-34-16-8 = 0.983,8-30-34-16-8 = 0.017,8-19-30-8 = 0.008,8-23-19-30-8 = 0.008,5-35-25-20-5 = 0.008,5-38-10-14-37-8 = 0.488,8-17-23-36-25-8 = 0.975,8-26-21-33-8 = 0.512,8-26-21-33-5 = 0.488
321,76,576.862,4.5,1.949,-0.833,579,580,8-30-8 = 0.125,5-12-27-29-5 = 0.5,5-11-12-29-5 = 0.5,5-11-27-14-9-5 = 0.125,5-11-27-10-9-5 = 0.25,5-21-22-33-5 = 0.125,5-38-18-31-9-5 = 0.5,5-38-18-28-15-5 = 0.25,5-38-28-31-15-5 = 0.25,5-18-28-31-15-5 = 0.25,5-32-13-5 = 0.25,5-26-32-13-5 = 0.75,5-11-27-14-37-8 = 0.125,5-21-22-33-8 = 0.875,8-17-37-9-8 = 0.125,8-17-34-16-8 = 0.125,8-17-10-14-37-8 = 0.75,8-19-36-35-25-8 = 1.0,8-30-34-16-8 = 0.875,8-23-24-20-5 = 1.0,5-26-28-15-5 = 0.25
580,321,583.046,0.0,6.184,0.0,Prune by CG,,8-30-8 = 0.1,5-15-10-9-5 = 0.1,5-26-21-5 = 0.2,5-12-27-29-5 = 0.9,5-38-18-31-9-5 = 0.5,5-38-18-31-15-5 = 0.3,5-38-18-28-15-5 = 0.2,5-31-15-9-5 = 0.2,5-32-13-5 = 0.2,5-26-32-13-5 = 0.8,5-11-27-14-37-8 = 0.1,5-21-35-25-8 = 0.6,8-23-36-21-5 = 0.2,8-17-34-16-8 = 0.1,8-17-10-14-37-8 = 0.9,8-19-22-15-5 = 0.2,8-19-36-35-25-8 = 0.4,8-19-36-33-9-5 = 0.2,8-19-36-24-20-5 = 0.2,8-30-34-16-8 = 0.9,8-23-24-20-5 = 0.8,5-11-12-29-8 = 0.1,5-11-28-22-33-8 = 0.8
528,333,576.868,4.333,0.534,-1.09,581,582,5-26-24-20-5 = 0.833,5-12-27-29-5 = 0.417,5-11-12-29-5 = 0.417,5-38-18-31-15-5 = 0.417,5-38-18-31-21-5 = 0.167,5-38-18-28-9-5 = 0.083,5-32-13-5 = 0.667,5-12-14-37-8 = 0.167,5-24-21-32-13-5 = 0.167,5-11-27-14-37-8 = 0.583,5-28-10-14-37-8 = 0.083,8-23-35-25-8 = 1.0,8-19-36-22-33-8 = 1.0,8-30-34-16-8 = 1.0,8-17-28-10-9-5 = 0.75,8-17-28-31-15-5 = 0.083,5-26-20-13-5 = 0.167,8-17-9-29-5 = 0.167,5-31-15-21-5 = 0.333,5-38-10-14-37-8 = 0.167,5-18-15-21-5 = 0.167,5-38-18-21-32-5 = 0.167
582,528,582.373,0.0,5.505,0.0,Prune by CG,,8-30-8 = 0.1,5-26-24-20-5 = 0.767,5-12-27-29-5 = 0.5,5-11-12-29-5 = 0.1,5-38-18-31-15-5 = 0.167,5-38-18-28-9-5 = 0.7,5-32-13-5 = 0.233,5-24-21-32-13-5 = 0.233,5-11-27-14-37-8 = 0.5,5-28-10-14-37-8 = 0.3,8-23-35-25-8 = 0.9,8-23-36-35-8 = 0.1,8-17-37-14-5 = 0.2,8-17-10-9-5 = 0.3,8-17-10-29-5 = 0.4,8-19-34-16-8 = 0.1,8-19-36-22-33-8 = 0.9,8-30-34-16-8 = 0.9,5-26-20-13-5 = 0.133,5-11-12-32-13-5 = 0.4,5-31-15-21-5 = 0.633,5-38-31-15-33-8 = 0.1,8-17-22-15-5 = 0.1,5-26-20-25-8 = 0.1,5-38-18-21-32-5 = 0.033,5-18-31-21-32-5 = 0.1
90,26,576.615,6.636,4.741,0.636,583,584,8-30-8 = 0.182,5-26-20-5 = 0.409,5-12-27-29-5 = 0.455,5-11-12-29-5 = 0.273,5-11-12-27-5 = 0.091,5-11-27-29-5 = 0.091,5-11-27-14-29-5 = 0.182,5-11-27-10-9-5 = 0.182,5-38-18-31-15-5 = 0.545,5-38-18-28-9-5 = 0.227,5-38-28-31-15-5 = 0.227,5-18-28-31-15-5 = 0.136,5-32-13-5 = 0.227,5-21-35-25-8 = 0.182,5-21-22-33-8 = 0.818,8-23-36-24-32-5 = 0.591,8-17-37-9-5 = 0.182,8-17-10-14-37-8 = 0.818,8-19-34-16-8 = 0.182,8-19-36-35-25-8 = 0.409,8-30-34-16-8 = 0.818,8-23-28-9-5 = 0.409,5-26-20-13-5 = 0.591,5-11-12-32-13-5 = 0.182,8-19-24-35-25-8 = 0.409,5-15-22-33-8 = 0.091,5-18-31-22-33-8 = 0.091
584,90,580.847,0.0,4.232,0.0,Prune by CG,,8-30-8 = 0.2,5-26-20-5 = 0.25,5-12-27-29-5 = 0.4,5-11-12-29-5 = 0.4,5-11-12-27-5 = 0.2,5-11-27-14-29-5 = 0.2,5-11-27-10-9-5 = 0.2,5-38-18-28-9-5 = 0.55,5-38-18-28-15-5 = 0.1,5-32-13-5 = 0.25,5-21-35-25-8 = 0.7,8-23-36-24-32-5 = 0.75,8-17-37-9-5 = 0.2,8-17-10-14-37-8 = 0.8,8-19-34-16-8 = 0.2,8-19-22-15-5 = 0.4,8-19-22-21-5 = 0.1,8-19-36-35-25-8 = 0.25,8-30-34-16-8 = 0.8,8-23-28-9-5 = 0.05,5-26-20-13-5 = 0.75,8-23-24-21-5 = 0.2,8-19-24-35-25-8 = 0.05,5-18-31-22-33-8 = 0.35,5-38-31-15-33-8 = 0.2,5-38-31-22-33-8 = 0.15,5-28-31-15-33-8 = 0.3
583,90,576.772,5.727,0.157,-0.909,585,586,8-30-8 = 0.091,5-26-20-5 = 0.455,5-12-27-29-5 = 0.591,5-11-12-29-5 = 0.182,5-11-12-27-5 = 0.091,5-11-27-29-5 = 0.136,5-11-27-14-29-5 = 0.091,5-11-27-10-9-5 = 0.091,5-38-18-31-15-5 = 0.727,5-38-18-28-9-5 = 0.273,5-32-13-5 = 0.318,5-21-35-25-8 = 0.091,5-21-22-33-8 = 0.909,8-23-36-24-32-5 = 0.545,8-17-37-9-5 = 0.091,8-17-10-14-37-8 = 0.909,8-19-34-16-8 = 0.091,8-19-36-35-25-8 = 0.455,8-30-34-16-8 = 0.909,8-23-28-9-5 = 0.455,5-26-20-13-5 = 0.545,5-11-12-32-13-5 = 0.136,5-11-28-31-15-5 = 0.182,8-19-24-35-25-8 = 0.455,5-15-22-33-8 = 0.091,5-11-28-31-9-5 = 0.091
585,583,580.452,0.0,3.68,0.0,Prune by CG,,5-26-20-5 = 1.0,5-12-27-29-5 = 1.0,5-38-18-31-15-5 = 0.667,5-32-13-5 = 0.333,5-21-22-33-8 = 0.667,8-17-10-14-37-8 = 1.0,8-19-36-35-25-8 = 1.0,8-30-34-16-8 = 1.0,8-23-24-32-13-5 = 0.667,8-23-24-21-5 = 0.333,5-15-22-33-8 = 0.333,5-11-38-28-9-5 = 0.333,5-11-18-28-9-5 = 0.333,5-11-28-31-9-5 = 0.333
586,583,576.821,5.0,0.049,-0.727,587,588,5-26-20-5 = 0.333,5-12-27-29-5 = 0.333,5-11-12-29-5 = 0.333,5-11-12-27-5 = 0.333,5-11-27-29-5 = 0.333,5-38-18-31-15-5 = 0.667,5-38-18-28-9-5 = 0.333,5-32-13-5 = 0.333,5-21-22-33-8 = 1.0,8-23-36-24-32-5 = 0.333,8-17-10-14-37-8 = 1.0,8-19-36-35-25-8 = 0.667,8-30-34-16-8 = 1.0,8-23-28-9-5 = 0.667,5-26-20-13-5 = 0.333,5-26-24-32-13-5 = 0.333,8-19-24-35-25-8 = 0.333,5-31-15-20-5 = 0.333
588,586,579.192,0.0,2.371,0.0,Prune by CG,,8-30-8 = 0.2,5-26-20-5 = 0.4,5-12-27-29-5 = 0.4,5-11-12-29-5 = 0.2,5-11-12-27-5 = 0.2,5-11-27-29-5 = 0.4,5-38-18-31-15-5 = 0.8,5-24-21-32-13-5 = 0.2,5-21-22-33-8 = 0.6,5-24-35-25-8 = 0.2,8-23-36-21-5 = 0.2,8-17-10-14-37-8 = 1.0,8-19-34-16-8 = 0.2,8-19-36-35-25-8 = 0.8,8-30-34-16-8 = 0.8,8-23-28-9-5 = 0.8,5-22-33-20-5 = 0.4,5-26-24-32-13-5 = 0.6,5-11-12-32-13-5 = 0.2,5-31-15-20-5 = 0.2,5-38-18-28-9-8 = 0.2
68,23,576.474,5.85,5.007,1.45,589,590,8-30-8 = 0.15,5-12-27-29-5 = 0.5,5-11-12-29-5 = 0.25,5-38-18-31-15-5 = 0.5,5-38-18-28-9-5 = 0.25,5-38-28-31-15-5 = 0.25,5-18-28-31-15-5 = 0.25,5-26-22-33-8 = 0.175,5-26-32-13-5 = 0.75,5-11-27-14-37-8 = 0.5,5-28-10-14-37-8 = 0.25,5-21-35-25-8 = 0.175,5-21-22-33-8 = 0.825,8-23-36-35-8 = 0.025,8-23-36-20-5 = 0.025,8-23-36-24-25-8 = 0.025,8-17-37-9-5 = 0.25,8-17-10-9-5 = 0.5,8-19-36-35-25-8 = 0.8,8-19-36-24-20-5 = 0.125,8-34-16-8 = 0.15,8-30-34-16-8 = 0.85,5-26-23-19-8 = 0.075,8-23-24-20-5 = 0.85,8-17-10-14-29-5 = 0.25,5-11-12-32-13-5 = 0.25
590,68,589.703,0.0,13.229,0.0,Prune by CG,,8-30-8 = 0.188,5-12-27-29-5 = 0.5,5-38-18-31-15-5 = 0.639,5-38-18-28-9-5 = 0.111,5-38-28-10-9-5 = 0.194,5-38-28-31-15-5 = 0.056,5-18-28-10-9-5 = 0.25,5-32-13-5 = 0.354,5-11-27-14-37-8 = 0.5,5-21-35-25-8 = 0.34,5-21-22-33-8 = 0.41,8-17-37-9-5 = 0.444,8-17-37-29-5 = 0.028,8-17-10-33-20-5 = 0.056,8-19-36-24-20-5 = 0.431,8-34-16-8 = 0.188,8-30-34-16-8 = 0.812,8-24-35-20-5 = 0.424,8-36-35-20-5 = 0.09,8-36-22-33-25-8 = 0.229,8-36-22-21-5 = 0.25,8-28-15-22-5 = 0.056,8-28-10-14-37-8 = 0.028,8-28-31-15-33-8 = 0.25,5-26-23-19-8 = 0.569,8-17-10-14-29-5 = 0.472,5-26-24-32-13-5 = 0.146,5-11-12-32-13-5 = 0.5,8-28-31-22-33-8 = 0.056,5-26-23-25-8 = 0.285,5-23-35-25-8 = 0.146
589,68,576.546,6.375,0.072,0.525,591,592,8-30-8 = 0.188,5-12-27-29-5 = 0.5,5-11-12-29-5 = 0.25,5-38-18-31-15-5 = 0.5,5-38-18-28-9-5 = 0.25,5-38-28-31-15-5 = 0.25,5-18-28-31-15-5 = 0.25,5-26-22-33-8 = 0.25,5-26-32-13-5 = 0.75,5-11-27-14-37-8 = 0.5,5-28-10-14-37-8 = 0.25,5-21-35-25-8 = 0.25,5-21-22-33-8 = 0.75,8-23-36-35-8 = 0.062,8-23-36-20-5 = 0.062,8-23-36-24-25-8 = 0.062,8-17-37-9-5 = 0.25,8-17-10-9-5 = 0.5,8-19-34-16-8 = 0.188,8-19-36-35-25-8 = 0.688,8-19-36-24-20-5 = 0.125,8-30-34-16-8 = 0.812,8-23-24-20-5 = 0.812,8-17-10-14-29-5 = 0.25,5-11-12-32-13-5 = 0.25
448,426,576.744,5.705,0.741,0.047,593,594,8-30-8 = 0.975,5-15-22-33-5 = 0.254,5-26-20-5 = 0.414,5-12-27-29-5 = 0.342,5-11-12-29-5 = 0.342,5-21-22-33-5 = 0.132,5-38-18-31-9-5 = 0.242,5-38-18-31-15-5 = 0.746,5-31-9-29-5 = 0.013,5-32-13-5 = 0.895,5-12-14-37-8 = 0.317,5-26-21-33-8 = 0.025,5-11-27-14-37-8 = 0.658,5-24-21-20-5 = 0.411,8-23-36-21-5 = 0.361,8-23-36-22-5 = 0.614,8-19-34-16-8 = 0.975,8-19-36-21-32-5 = 0.025,8-30-34-16-8 = 0.025,8-17-28-10-9-5 = 0.696,5-26-21-32-5 = 0.045,8-23-28-9-5 = 0.025,5-26-20-13-5 = 0.105,8-17-9-29-5 = 0.025,8-17-28-10-29-5 = 0.279,5-32-35-20-5 = 0.035,5-38-10-14-37-8 = 0.013,5-24-35-33-25-8 = 0.589,5-18-10-14-37-8 = 0.013,5-26-35-25-8 = 0.377,5-26-20-25-8 = 0.035
593,448,580.78,0.0,4.035,0.0,Prune by CG,,8-30-8 = 0.975,5-26-20-5 = 0.1,5-26-24-20-5 = 0.125,5-12-27-29-5 = 0.4,5-11-12-29-5 = 0.4,5-37-14-29-5 = 0.2,5-38-18-31-15-5 = 1.0,5-32-13-5 = 1.0,5-12-14-37-8 = 0.2,5-26-21-33-8 = 0.575,5-11-27-14-37-8 = 0.6,5-24-35-20-5 = 0.425,8-23-36-22-5 = 1.0,8-19-34-16-8 = 0.975,8-30-34-16-8 = 0.025,8-17-28-10-9-5 = 1.0,5-35-25-20-5 = 0.35,5-24-35-33-25-8 = 0.225,5-26-21-25-8 = 0.2,8-19-24-21-25-8 = 0.025,5-24-21-33-25-8 = 0.2
594,448,576.753,5.625,0.009,-0.08,595,596,8-30-8 = 0.975,5-15-22-33-5 = 0.204,5-26-20-5 = 0.45,5-12-27-29-5 = 0.342,5-11-12-29-5 = 0.342,5-21-22-33-5 = 0.158,5-38-18-31-9-5 = 0.192,5-38-18-31-15-5 = 0.771,5-31-9-29-5 = 0.038,5-32-13-5 = 0.883,5-12-14-37-8 = 0.317,5-11-27-14-37-8 = 0.658,5-24-21-20-5 = 0.433,8-23-36-21-5 = 0.337,8-23-36-22-5 = 0.638,8-19-34-16-8 = 0.975,8-19-36-21-32-5 = 0.025,8-30-34-16-8 = 0.025,8-17-28-10-9-5 = 0.721,5-26-21-32-5 = 0.046,8-23-28-9-5 = 0.025,5-26-20-13-5 = 0.117,8-17-9-29-5 = 0.025,8-17-28-10-29-5 = 0.254,5-38-18-15-33-8 = 0.025,5-38-10-14-37-8 = 0.013,5-24-35-33-25-8 = 0.567,5-18-10-14-37-8 = 0.012,5-26-35-25-8 = 0.388,5-32-35-33-25-8 = 0.046
595,594,595.389,0.0,18.636,0.0,Prune by CG,,8-30-8 = 0.833,5-15-22-33-5 = 0.5,5-26-20-5 = 0.5,5-11-12-27-5 = 0.083,5-11-12-27-10-5 = 0.417,5-38-18-31-15-5 = 0.5,5-31-9-29-5 = 0.5,5-32-13-5 = 1.0,5-11-27-14-37-8 = 0.5,5-24-21-20-5 = 0.5,8-23-36-21-5 = 0.5,8-23-36-22-5 = 0.5,8-19-34-16-8 = 0.833,8-30-34-16-8 = 0.083,8-28-9-29-5 = 0.25,8-17-9-29-5 = 0.25,5-38-10-14-37-8 = 0.5,5-24-35-33-25-8 = 0.5,8-17-28-18-12-5 = 0.5,5-26-35-25-8 = 0.5,8-17-28-19-30-8 = 0.083,8-17-28-10-16-8 = 0.083,8-17-28-19-34-8 = 0.083
578,572,576.745,2.879,0.067,0.079,597,598,8-30-8 = 0.975,5-26-21-5 = 0.352,5-12-27-29-5 = 0.327,5-11-12-29-5 = 0.327,5-11-12-27-5 = 0.346,5-11-27-29-5 = 0.327,5-38-18-31-22-5 = 0.019,5-38-18-28-9-5 = 0.981,5-31-15-22-5 = 0.981,5-32-13-5 = 0.692,5-24-35-20-5 = 0.994,8-23-36-24-25-8 = 0.006,8-23-36-33-16-8 = 0.006,8-23-36-33-25-8 = 0.975,8-23-19-34-8 = 0.006,8-17-10-14-37-8 = 1.0,8-19-34-16-8 = 0.963,8-19-36-15-33-8 = 0.012,8-34-16-8 = 0.006,8-30-34-16-8 = 0.025,5-26-21-32-5 = 0.308,8-19-9-29-5 = 0.019,5-26-21-13-5 = 0.308,5-26-21-25-8 = 0.019,8-23-15-33-8 = 0.006,5-28-35-20-5 = 0.006,5-26-28-21-5 = 0.012
598,578,587.564,0.0,10.82,0.0,Prune by CG,,8-30-8 = 0.646,5-11-12-27-5 = 0.746,5-11-12-27-13-5 = 0.215,5-38-18-28-9-5 = 0.785,5-31-15-22-5 = 1.0,5-18-28-10-9-5 = 0.215,5-32-13-5 = 0.785,8-37-14-29-5 = 0.177,5-24-35-20-5 = 1.0,8-23-36-33-8 = 0.785,8-23-36-33-25-8 = 0.215,8-17-37-29-5 = 0.431,8-17-10-14-37-8 = 0.177,8-19-34-16-8 = 0.823,8-30-34-16-8 = 0.177,5-26-21-32-5 = 0.215,8-19-30-8 = 0.177,5-11-12-27-14-5 = 0.038,8-17-10-14-29-5 = 0.392,5-38-10-14-37-8 = 0.215,5-26-21-25-8 = 0.785
597,578,576.687,2.748,-0.057,-0.131,599,600,8-30-8 = 0.973,5-26-21-5 = 0.37,5-12-27-29-5 = 0.333,5-11-12-29-5 = 0.333,5-11-12-27-5 = 0.315,5-11-27-29-5 = 0.333,5-38-18-31-22-5 = 0.005,5-38-18-28-9-5 = 0.995,5-31-15-22-5 = 0.995,5-32-13-5 = 0.689,5-24-35-20-5 = 1.0,8-23-36-33-25-8 = 0.991,8-17-10-14-37-8 = 1.0,8-19-34-16-8 = 0.982,8-19-36-33-9-5 = 0.005,8-19-36-15-33-8 = 0.005,8-30-34-16-8 = 0.018,5-26-21-32-5 = 0.311,8-23-19-30-8 = 0.009,5-26-21-13-5 = 0.292,5-26-21-25-8 = 0.009,5-26-28-21-5 = 0.005,5-26-21-8 = 0.014,8-11-12-27-13-5 = 0.018
600,597,588.519,0.0,11.832,0.0,Prune by CG,,8-30-8 = 0.975,5-12-27-29-5 = 0.561,5-11-12-29-5 = 0.025,5-11-12-27-5 = 0.207,5-11-27-14-29-5 = 0.207,5-11-38-18-28-31-5 = 0.146,5-38-18-31-22-5 = 0.207,5-38-18-28-9-5 = 0.293,5-38-18-28-15-5 = 0.354,5-31-15-22-5 = 0.646,5-32-13-5 = 0.964,5-24-35-20-5 = 1.0,8-23-36-33-16-8 = 0.5,8-23-19-34-8 = 0.5,8-17-37-9-5 = 0.207,8-17-10-37-14-5 = 0.268,8-17-10-14-37-8 = 0.525,8-19-36-33-9-5 = 0.5,8-34-16-8 = 0.475,8-30-34-16-8 = 0.025,5-11-12-32-13-5 = 0.036,5-26-21-25-8 = 1.0,8-11-12-27-5 = 0.025,5-11-28-10-29-5 = 0.207,5-11-12-22-5 = 0.146
564,152,577.188,1.667,0.642,-2.833,601,602,5-13-5 = 0.667,5-26-28-9-5 = 1.0,5-12-27-29-5 = 0.333,5-11-12-29-5 = 0.333,5-11-12-27-5 = 0.333,5-11-27-29-5 = 0.333,5-38-18-31-15-5 = 1.0,5-32-13-5 = 1.0,5-24-21-20-5 = 1.0,8-23-22-33-8 = 1.0,8-17-10-14-37-8 = 1.0,8-19-36-35-25-8 = 1.0,8-30-34-16-8 = 1.0
601,564,581.188,0.0,4.0,0.0,Prune by CG,,5-26-5 = 1.0,5-11-12-27-5 = 1.0,5-38-18-31-15-5 = 1.0,5-28-9-29-5 = 1.0,5-32-13-5 = 1.0,5-24-21-20-5 = 1.0,8-23-22-33-8 = 1.0,8-17-10-14-37-8 = 1.0,8-19-36-35-25-8 = 1.0,8-30-34-16-8 = 1.0
602,564,580.552,0.0,3.364,0.0,Prune by CG,,5-13-5 = 0.2,5-26-5 = 1.0,5-32-5 = 0.2,5-12-27-29-5 = 1.0,5-38-18-31-15-5 = 0.2,5-38-18-28-9-5 = 0.4,5-31-15-9-5 = 0.2,5-32-13-5 = 0.8,5-24-21-20-5 = 1.0,8-23-22-33-8 = 1.0,8-17-10-14-37-8 = 1.0,8-19-36-35-25-8 = 1.0,8-30-34-16-8 = 1.0,5-11-28-31-15-5 = 0.2,5-11-38-28-9-5 = 0.4,5-11-18-31-15-5 = 0.4
599,597,576.79,2.747,0.103,-0.002,603,604,8-30-8 = 0.96,5-26-21-5 = 0.393,5-12-27-29-5 = 0.313,5-11-12-29-5 = 0.333,5-11-12-27-5 = 0.313,5-11-27-29-5 = 0.333,5-38-18-28-9-5 = 1.0,5-31-15-22-5 = 1.0,5-32-13-5 = 0.687,5-24-35-20-5 = 1.0,8-23-36-33-25-8 = 1.0,8-17-10-14-37-8 = 1.0,8-19-34-16-8 = 0.98,8-30-34-16-8 = 0.02,5-26-21-32-5 = 0.313,8-19-30-8 = 0.02,5-26-21-13-5 = 0.293,8-11-12-27-13-5 = 0.02,5-12-27-29-8 = 0.02
603,599,581.052,0.0,4.262,0.0,Prune by CG,,8-30-8 = 0.975,5-26-21-5 = 0.64,5-12-27-29-5 = 0.975,5-11-38-18-28-31-5 = 0.025,5-11-38-18-22-5 = 0.205,5-38-18-28-9-5 = 0.385,5-31-15-22-5 = 0.795,5-32-13-5 = 0.82,5-24-35-20-5 = 1.0,8-23-36-33-25-8 = 1.0,8-17-10-14-37-8 = 1.0,8-19-34-16-8 = 0.975,8-30-34-16-8 = 0.025,5-26-21-32-5 = 0.18,8-19-15-9-5 = 0.025,5-26-21-13-5 = 0.18,5-11-38-28-9-5 = 0.385,5-11-18-31-15-5 = 0.18,5-11-18-28-9-5 = 0.205,5-12-27-29-8 = 0.025
604,599,590.487,0.0,13.697,0.0,Prune by CG,,8-30-8 = 0.975,5-26-21-5 = 1.0,5-11-12-29-5 = 0.396,5-11-27-10-9-5 = 0.296,5-38-18-28-9-5 = 0.679,5-31-15-22-5 = 1.0,5-32-13-5 = 0.692,5-24-35-20-5 = 1.0,8-23-36-33-25-8 = 1.0,8-17-10-14-37-8 = 0.629,8-19-34-16-8 = 0.975,8-30-34-16-8 = 0.025,5-11-12-32-13-5 = 0.308,8-17-27-10-9-5 = 0.025,5-38-18-27-29-5 = 0.013,8-19-10-14-37-8 = 0.025,5-38-12-29-5 = 0.271,8-17-27-14-37-8 = 0.346,5-18-28-27-29-5 = 0.308,5-38-12-10-8 = 0.025,5-38-28-27-29-5 = 0.012
219,218,576.72,5.5,2.751,0.5,605,606,5-13-5 = 0.375,5-26-5 = 0.25,8-30-8 = 0.25,5-26-24-20-5 = 0.75,5-12-27-29-5 = 0.5,5-11-12-29-5 = 0.5,5-38-18-31-15-5 = 0.875,5-32-13-5 = 1.0,5-11-27-14-37-8 = 0.5,5-31-10-14-37-8 = 0.125,5-21-35-25-8 = 0.875,8-23-22-33-5 = 0.125,8-17-37-14-5 = 0.125,8-19-36-35-25-8 = 0.125,8-19-36-22-33-8 = 0.875,8-34-16-8 = 0.25,8-30-34-16-8 = 0.75,8-17-28-10-9-5 = 0.625,8-23-28-9-5 = 0.375,8-23-24-20-5 = 0.25,5-38-10-14-37-8 = 0.125,5-18-10-14-37-8 = 0.125,8-17-23-21-5 = 0.125,8-17-23-15-5 = 0.125
605,219,583.387,0.0,6.667,0.0,Prune by CG,,5-13-5 = 0.091,8-30-8 = 0.636,5-15-10-9-5 = 0.091,5-26-24-20-5 = 1.0,5-12-27-29-5 = 0.818,5-11-12-29-5 = 0.182,5-11-27-10-9-5 = 0.182,5-11-17-37-14-5 = 0.636,5-38-18-31-15-5 = 0.636,5-32-13-5 = 1.0,5-21-35-25-8 = 1.0,8-17-10-37-14-5 = 0.364,8-19-36-22-33-8 = 1.0,8-34-16-8 = 0.636,8-30-34-8 = 0.364,8-23-28-9-5 = 0.727,8-23-28-15-5 = 0.273,5-38-18-31-10-16-8 = 0.364
530,414,576.84,6.333,0.473,-0.167,607,608,5-26-24-20-5 = 0.833,5-12-27-29-5 = 0.5,5-11-12-29-5 = 0.5,5-38-18-31-15-5 = 0.833,5-32-13-5 = 0.5,5-32-20-13-5 = 0.167,5-26-21-33-8 = 0.167,5-11-27-14-37-8 = 0.5,5-21-35-25-8 = 0.667,5-21-22-33-8 = 0.167,8-23-35-25-8 = 0.333,8-17-10-14-37-8 = 0.5,8-19-34-16-8 = 0.167,8-19-36-22-33-5 = 0.667,8-30-34-16-8 = 0.833,8-17-28-10-9-5 = 0.5,8-36-22-15-5 = 0.167,8-23-19-30-8 = 0.167,8-23-28-9-8 = 0.5,5-38-18-31-32-13-5 = 0.167,8-36-24-32-13-5 = 0.167
608,530,586.493,0.0,9.652,0.0,Prune by CG,,5-15-22-33-5 = 0.176,5-26-20-5 = 0.765,5-26-24-20-5 = 0.235,5-12-27-29-5 = 0.471,5-11-12-29-5 = 0.471,5-38-18-31-9-5 = 0.176,5-38-18-31-15-5 = 0.647,5-12-14-37-8 = 0.059,5-11-27-14-37-8 = 0.529,8-37-14-29-5 = 0.059,5-21-35-25-8 = 0.471,5-21-22-33-8 = 0.529,8-23-35-25-8 = 0.529,8-17-37-14-5 = 0.059,8-19-34-16-8 = 0.412,8-19-36-22-33-5 = 0.118,8-19-36-33-9-5 = 0.059,8-30-34-16-8 = 0.588,8-17-28-10-9-5 = 0.706,8-23-19-30-8 = 0.412,5-36-22-15-5 = 0.059,8-23-28-9-8 = 0.059,5-15-22-33-8 = 0.118,5-38-10-14-37-8 = 0.176,8-36-24-32-13-5 = 0.765,5-18-10-14-37-8 = 0.118,8-17-28-31-32-13-5 = 0.176,8-17-28-18-32-13-5 = 0.059
579,321,576.898,4.0,0.036,-0.5,609,610,5-12-27-29-5 = 0.4,5-11-12-29-5 = 0.4,5-11-12-27-5 = 0.2,5-11-27-14-29-5 = 0.2,5-11-27-10-9-5 = 0.2,5-38-18-31-9-5 = 0.6,5-38-18-28-15-5 = 0.2,5-38-28-31-15-5 = 0.2,5-18-28-31-15-5 = 0.2,5-32-13-5 = 0.4,5-26-32-13-5 = 0.6,5-21-22-33-8 = 1.0,8-17-37-9-8 = 0.2,8-17-10-14-37-8 = 0.8,8-19-36-35-25-8 = 1.0,8-30-34-16-8 = 1.0,8-23-24-20-5 = 1.0,5-26-28-15-5 = 0.4
609,579,580.428,0.0,3.53,0.0,Prune by CG,,5-26-21-5 = 0.167,5-12-27-29-5 = 0.5,5-11-12-29-5 = 0.333,5-11-12-27-5 = 0.167,5-11-27-14-29-5 = 0.167,5-11-27-14-9-5 = 0.167,5-38-18-10-9-5 = 0.333,5-38-28-31-15-5 = 0.5,5-18-28-31-15-5 = 0.5,5-32-13-5 = 0.333,5-26-22-33-8 = 0.167,5-26-32-13-5 = 0.667,5-21-22-33-8 = 0.833,8-17-37-9-8 = 0.333,8-17-10-14-37-8 = 0.667,8-19-36-35-25-8 = 1.0,8-30-34-16-8 = 1.0,8-23-24-20-5 = 1.0,5-11-38-18-9-5 = 0.167
610,579,578.791,0.0,1.893,0.0,Prune by CG,,5-12-27-29-5 = 0.462,5-11-12-29-5 = 0.308,5-11-12-27-5 = 0.077,5-11-27-14-29-5 = 0.231,5-11-27-10-9-5 = 0.231,5-38-18-31-9-5 = 0.538,5-38-18-31-15-5 = 0.308,5-32-13-5 = 0.538,5-26-21-33-8 = 0.154,5-26-32-13-5 = 0.308,5-21-22-33-8 = 0.538,8-17-37-9-8 = 0.231,8-17-10-14-37-8 = 0.769,8-19-36-35-25-8 = 1.0,8-30-34-16-8 = 1.0,8-23-24-20-5 = 1.0,5-11-12-32-13-5 = 0.154,5-31-15-21-5 = 0.154,5-28-22-21-5 = 0.154,5-26-28-15-5 = 0.538,5-38-28-22-33-8 = 0.154,5-18-28-22-33-8 = 0.154
544,108,576.959,5.55,0.519,-0.95,611,612,8-30-8 = 0.5,5-26-24-20-5 = 1.0,5-12-27-29-5 = 0.675,5-11-12-29-5 = 0.225,5-11-12-27-5 = 0.1,5-11-27-14-29-5 = 0.05,5-11-27-10-9-5 = 0.175,5-11-38-18-28-31-5 = 0.45,5-38-18-31-9-5 = 0.275,5-38-28-31-9-5 = 0.275,5-18-28-10-9-5 = 0.275,5-32-13-5 = 1.0,5-21-35-25-8 = 0.5,8-23-36-21-5 = 0.5,8-17-37-14-5 = 0.4,8-17-37-29-5 = 0.05,8-17-10-37-14-5 = 0.55,8-19-36-35-25-8 = 0.5,8-34-16-8 = 1.0,8-23-19-30-8 = 0.5,5-15-22-33-8 = 1.0
612,544,578.245,0.0,1.286,0.0,Prune by CG,,8-30-8 = 0.5,5-26-24-20-5 = 0.833,5-11-12-27-5 = 1.0,5-38-18-31-9-5 = 0.667,5-38-18-28-9-5 = 0.167,5-38-28-31-9-5 = 0.167,5-26-18-28-31-5 = 0.167,5-28-10-37-14-5 = 0.333,5-32-13-5 = 1.0,5-28-10-14-37-8 = 0.167,5-21-35-25-8 = 0.5,8-23-36-21-5 = 0.5,8-17-37-29-5 = 0.5,8-19-34-16-8 = 0.167,8-19-36-35-25-8 = 0.5,8-34-16-8 = 0.667,8-30-34-16-8 = 0.167,8-23-19-30-8 = 0.333,8-23-24-20-5 = 0.167,8-17-10-14-29-5 = 0.5,5-15-22-33-8 = 1.0
596,594,576.782,6.1,0.028,0.475,613,614,8-30-8 = 0.975,5-15-22-33-5 = 0.333,5-26-20-5 = 0.44,5-12-27-29-5 = 0.333,5-11-12-29-5 = 0.333,5-21-22-33-5 = 0.057,5-38-18-31-9-5 = 0.333,5-38-18-31-15-5 = 0.667,5-32-13-5 = 0.887,5-12-14-37-8 = 0.333,5-11-27-14-37-8 = 0.667,5-24-21-20-5 = 0.447,8-23-36-21-5 = 0.415,8-23-36-22-5 = 0.585,8-19-34-16-8 = 0.975,8-19-22-21-5 = 0.025,8-30-34-16-8 = 0.025,8-17-28-10-9-5 = 0.642,5-26-21-32-5 = 0.057,5-26-20-13-5 = 0.113,8-17-28-10-29-5 = 0.333,8-17-28-10-9-8 = 0.025,5-24-35-33-25-8 = 0.553,5-26-35-25-8 = 0.39,5-32-35-33-25-8 = 0.057
613,596,578.597,0.0,1.816,0.0,Prune by CG,,8-30-8 = 0.975,5-15-22-33-5 = 0.642,5-26-20-5 = 0.075,5-26-24-20-5 = 0.308,5-12-27-29-5 = 0.333,5-11-12-29-5 = 0.333,5-38-18-31-9-5 = 0.333,5-38-18-31-22-5 = 0.308,5-38-18-31-15-5 = 0.358,5-32-13-5 = 1.0,5-12-14-37-8 = 0.333,5-11-27-14-37-8 = 0.667,5-24-35-20-5 = 0.308,5-24-35-25-8 = 0.025,8-23-36-21-5 = 0.975,8-23-36-22-5 = 0.025,8-19-34-16-8 = 0.975,8-19-22-21-5 = 0.025,8-30-34-16-8 = 0.025,8-17-28-10-9-5 = 0.642,8-17-28-10-29-5 = 0.333,8-17-28-10-9-8 = 0.025,5-24-35-33-25-8 = 0.358,5-26-35-25-8 = 0.308,5-26-20-25-8 = 0.308
614,596,578.144,0.0,1.363,0.0,Prune by CG,,8-30-8 = 0.975,5-26-21-33-5 = 0.05,5-26-20-5 = 0.45,5-12-27-29-5 = 0.333,5-11-12-29-5 = 0.333,5-38-18-31-9-5 = 0.05,5-38-18-31-15-5 = 0.95,5-32-13-5 = 0.858,5-12-14-37-8 = 0.333,5-26-15-33-8 = 0.025,5-11-27-14-37-8 = 0.667,5-21-20-5 = 0.075,5-21-20-13-5 = 0.142,5-24-21-20-5 = 0.333,8-23-36-22-5 = 1.0,8-19-34-16-8 = 0.975,8-30-34-16-8 = 0.025,8-17-28-10-9-5 = 0.667,5-26-21-32-5 = 0.142,8-19-15-9-5 = 0.025,8-17-28-10-29-5 = 0.333,5-24-35-33-25-8 = 0.667,5-26-35-25-8 = 0.333,5-21-33-9-5 = 0.258
552,162,576.864,4.889,0.168,-0.046,615,616,5-13-5 = 0.02,8-30-8 = 0.975,5-32-5 = 0.02,5-15-22-33-5 = 0.171,5-26-24-20-5 = 0.675,5-12-27-29-5 = 0.426,5-11-12-29-5 = 0.426,5-38-18-31-15-5 = 0.829,5-38-18-28-9-5 = 0.129,5-32-13-5 = 0.98,5-12-14-37-8 = 0.149,5-11-27-14-37-8 = 0.574,5-31-10-14-37-8 = 0.171,5-28-10-14-37-8 = 0.02,5-24-21-20-5 = 0.325,8-23-35-25-8 = 0.675,8-23-35-33-5 = 0.3,8-23-35-33-8 = 0.025,8-19-34-16-8 = 0.975,8-19-33-10-9-5 = 0.025,8-30-34-16-8 = 0.025,8-17-28-22-33-5 = 0.154,8-17-28-10-9-5 = 0.698,5-36-22-21-5 = 0.675,5-26-36-33-25-8 = 0.325,8-17-9-29-5 = 0.149,5-38-10-14-37-8 = 0.043,5-18-10-14-37-8 = 0.043
615,552,583.907,0.0,7.043,0.0,Prune by CG,,8-30-8 = 0.975,5-26-36-21-5 = 0.487,5-26-24-20-5 = 0.487,5-12-27-29-5 = 1.0,5-38-18-31-9-5 = 0.488,5-38-18-31-15-5 = 0.437,5-38-18-28-9-5 = 0.075,5-32-13-5 = 1.0,5-24-21-20-5 = 0.513,8-23-35-25-8 = 0.975,8-23-35-33-8 = 0.025,8-19-34-16-8 = 0.975,8-19-22-15-5 = 0.025,8-30-34-16-8 = 0.025,8-17-28-22-33-5 = 0.588,8-17-28-31-15-5 = 0.075,5-36-22-15-5 = 0.387,5-26-36-33-25-8 = 0.025,8-17-15-9-5 = 0.075,8-17-28-33-9-5 = 0.262,5-11-10-14-37-8 = 1.0,5-36-33-9-5 = 0.1
592,589,576.85,6.5,0.305,0.125,617,618,8-30-8 = 0.125,5-12-27-29-5 = 0.5,5-11-12-29-5 = 0.25,5-38-18-31-15-5 = 0.5,5-38-18-28-9-5 = 0.125,5-38-28-31-15-5 = 0.25,5-18-28-31-15-5 = 0.25,5-32-13-5 = 0.125,5-26-22-33-8 = 0.375,5-26-32-13-5 = 0.625,5-11-27-14-37-8 = 0.5,5-28-10-14-37-8 = 0.25,5-21-35-25-8 = 0.25,5-21-22-33-8 = 0.625,8-23-35-25-8 = 0.75,8-23-36-21-5 = 0.125,8-17-37-9-5 = 0.25,8-17-10-9-5 = 0.5,8-19-34-16-8 = 0.125,8-19-36-24-20-5 = 0.875,8-30-34-16-8 = 0.875,8-23-24-20-5 = 0.125,8-17-10-14-29-5 = 0.25,5-11-12-32-13-5 = 0.25,5-38-18-28-9-8 = 0.125
617,592,579.077,0.0,2.227,0.0,Prune by CG,,5-26-28-9-5 = 0.667,5-12-27-29-5 = 0.333,5-38-18-31-15-5 = 1.0,5-32-13-5 = 0.667,5-11-27-14-37-8 = 0.333,5-21-22-33-8 = 1.0,8-23-35-25-8 = 1.0,8-17-37-29-5 = 0.333,8-17-10-37-14-5 = 0.333,8-19-36-24-20-5 = 1.0,8-30-34-16-8 = 1.0,8-17-10-14-29-5 = 0.333,5-11-12-32-13-5 = 0.333,5-26-28-9-8 = 0.333,5-11-12-27-10-8 = 0.333
618,592,577.987,0.0,1.137,0.0,Prune by CG,,8-30-8 = 0.125,5-12-27-29-5 = 0.5,5-11-12-29-5 = 0.25,5-38-18-31-9-5 = 0.125,5-38-18-31-15-5 = 0.25,5-38-18-28-15-5 = 0.25,5-38-28-31-15-5 = 0.25,5-18-28-31-15-5 = 0.25,5-32-13-5 = 0.125,5-26-22-33-8 = 0.375,5-26-32-13-5 = 0.625,5-11-27-14-37-8 = 0.5,5-28-10-14-37-8 = 0.25,5-21-35-25-8 = 0.25,5-21-22-33-8 = 0.625,8-23-35-25-8 = 0.75,8-23-36-21-5 = 0.125,8-17-37-9-5 = 0.25,8-17-10-9-5 = 0.5,8-19-34-16-8 = 0.125,8-19-36-24-20-5 = 0.875,8-30-34-16-8 = 0.875,8-23-24-20-5 = 0.125,8-17-10-14-29-5 = 0.25,5-11-12-32-13-5 = 0.25,5-38-18-31-9-8 = 0.125
506,284,577.181,1.667,0.951,-2.0,619,620,5-12-27-29-5 = 1.0,5-11-38-31-15-5 = 0.333,5-38-18-31-15-5 = 0.333,5-32-13-5 = 0.667,5-26-22-33-8 = 1.0,5-24-21-20-5 = 1.0,8-17-10-14-37-8 = 1.0,8-19-36-35-25-8 = 1.0,8-30-34-16-8 = 1.0,8-23-28-9-5 = 1.0,5-11-38-18-32-13-5 = 0.333,5-11-18-31-15-5 = 0.333
620,506,581.702,0.0,4.521,0.0,Prune by CG,,5-12-27-29-5 = 1.0,5-11-38-18-15-5 = 0.5,5-38-18-31-9-5 = 0.5,5-32-13-5 = 0.5,5-26-22-33-8 = 0.5,5-26-32-13-5 = 0.5,5-24-21-20-5 = 1.0,8-17-10-14-37-8 = 1.0,8-19-36-35-25-8 = 1.0,8-30-34-16-8 = 1.0,8-23-28-9-5 = 0.5,8-23-31-15-5 = 0.5,5-11-28-22-33-8 = 0.5
567,565,576.84,5.833,0.146,0.5,621,622,5-13-5 = 0.583,5-26-5 = 0.042,8-30-8 = 0.417,5-12-27-29-5 = 0.5,5-11-12-29-5 = 0.5,5-38-18-31-15-5 = 0.958,5-31-10-37-14-5 = 0.042,5-32-13-5 = 0.792,5-26-22-33-8 = 0.958,5-11-27-14-37-8 = 0.5,5-21-35-25-8 = 1.0,8-23-36-20-5 = 0.208,8-23-36-24-32-5 = 0.208,8-17-37-14-5 = 0.125,8-17-10-37-14-5 = 0.25,8-19-34-16-8 = 0.417,8-19-36-24-20-5 = 0.583,8-30-34-16-8 = 0.583,8-17-28-10-9-5 = 0.625,8-23-28-9-5 = 0.375,8-23-24-20-5 = 0.208,5-15-22-33-8 = 0.042,5-38-10-14-37-8 = 0.042,5-18-10-14-37-8 = 0.042
621,567,582.736,0.0,5.896,0.0,Prune by CG,,5-13-5 = 0.286,8-30-8 = 0.429,5-12-27-29-5 = 0.714,5-11-12-29-5 = 0.143,5-11-12-27-5 = 0.143,5-11-27-29-5 = 0.143,5-38-18-31-15-5 = 1.0,5-32-13-5 = 1.0,5-26-22-33-8 = 1.0,5-21-35-25-8 = 1.0,8-23-36-20-5 = 0.143,8-17-10-37-14-5 = 0.429,8-19-34-16-8 = 0.286,8-19-36-24-20-5 = 0.714,8-34-16-8 = 0.143,8-30-34-16-8 = 0.571,8-23-28-9-5 = 0.571,8-23-24-20-5 = 0.143,8-17-28-9-5 = 0.429,8-17-23-36-24-5 = 0.143,5-11-10-14-37-8 = 0.571
622,567,578.705,0.0,1.865,0.0,Prune by CG,,5-13-5 = 0.45,5-26-5 = 0.133,8-30-8 = 0.4,5-12-27-29-5 = 0.467,5-11-12-29-5 = 0.467,5-38-18-10-9-5 = 0.083,5-38-18-31-15-5 = 0.867,5-38-31-10-9-5 = 0.05,5-31-10-14-29-5 = 0.033,5-18-31-10-9-5 = 0.05,5-32-13-5 = 0.8,5-12-14-37-8 = 0.067,5-26-22-33-8 = 0.867,5-11-27-14-37-8 = 0.533,5-21-35-25-8 = 1.0,8-23-36-20-5 = 0.2,8-23-36-24-32-5 = 0.2,8-17-37-14-5 = 0.367,8-17-37-29-5 = 0.033,8-19-34-16-8 = 0.4,8-19-36-24-20-5 = 0.6,8-30-34-16-8 = 0.6,8-17-28-10-9-5 = 0.6,8-23-28-9-5 = 0.217,8-23-24-20-5 = 0.2,5-15-22-33-8 = 0.133,8-23-28-10-5 = 0.183
378,92,576.909,6.0,1.254,0.0,623,624,5-26-5 = 0.25,8-30-8 = 0.25,5-26-21-5 = 0.5,5-26-20-5 = 0.25,5-12-27-29-5 = 0.5,5-11-12-29-5 = 0.5,5-38-18-31-15-5 = 1.0,5-32-13-5 = 1.0,5-11-27-14-37-8 = 0.5,5-21-20-5 = 0.5,5-24-35-25-8 = 1.0,8-23-36-20-5 = 0.25,8-23-22-33-5 = 0.25,8-17-10-14-37-8 = 0.5,8-19-34-16-8 = 0.25,8-19-36-22-33-8 = 0.75,8-30-34-16-8 = 0.75,8-17-28-10-9-5 = 0.5,8-23-28-9-5 = 0.5
623,378,583.583,0.0,6.674,0.0,Prune by CG,,5-26-5 = 0.333,8-30-8 = 0.333,5-15-10-9-5 = 0.167,5-26-21-5 = 0.667,5-12-27-29-5 = 0.5,5-11-12-29-5 = 0.5,5-38-18-31-9-5 = 0.167,5-38-18-31-15-5 = 0.667,5-31-15-9-5 = 0.167,5-32-13-5 = 1.0,5-11-27-14-37-8 = 0.5,5-24-35-25-8 = 1.0,8-23-36-20-5 = 0.667,8-23-22-33-5 = 0.167,8-17-10-14-37-8 = 0.167,8-19-34-16-8 = 0.333,8-19-36-22-33-8 = 0.333,8-30-34-16-8 = 0.667,8-17-28-22-33-5 = 0.167,8-17-28-22-33-8 = 0.333,8-17-28-10-9-5 = 0.333,8-23-28-9-5 = 0.167,8-19-21-20-5 = 0.333,5-38-10-14-37-8 = 0.167,5-18-10-14-37-8 = 0.167
453,324,576.872,6.4,0.995,0.289,625,626,8-30-8 = 0.85,5-26-21-5 = 0.1,5-26-24-21-5 = 0.05,5-26-24-20-5 = 0.85,5-12-27-29-5 = 0.5,5-11-12-29-5 = 0.5,5-38-18-31-9-5 = 0.35,5-38-18-31-22-5 = 0.05,5-38-18-31-15-5 = 0.4,5-38-15-22-5 = 0.2,5-31-15-22-5 = 0.2,5-32-13-5 = 1.0,5-11-27-14-37-8 = 0.5,5-21-35-25-8 = 0.75,8-23-36-33-5 = 0.5,8-17-10-14-37-8 = 0.5,8-19-34-16-8 = 0.85,8-19-36-33-20-5 = 0.15,8-30-34-16-8 = 0.15,8-17-28-10-9-5 = 0.35,8-23-28-9-5 = 0.15,5-24-21-22-5 = 0.1,5-18-15-22-5 = 0.2,5-22-35-25-8 = 0.25,8-17-28-10-9-8 = 0.15,8-23-28-36-33-5 = 0.35
626,453,578.133,0.0,1.261,0.0,Prune by CG,,8-30-8 = 0.783,5-26-21-5 = 0.261,5-26-24-21-5 = 0.217,5-26-24-20-5 = 0.522,5-12-27-29-5 = 0.478,5-11-12-29-5 = 0.478,5-37-14-29-5 = 0.043,5-38-18-31-9-5 = 0.174,5-38-18-31-15-5 = 0.739,5-32-13-5 = 1.0,5-12-14-37-8 = 0.043,5-11-27-14-37-8 = 0.522,5-21-35-25-8 = 0.261,5-24-21-20-5 = 0.261,8-23-36-33-5 = 0.609,8-17-10-14-37-8 = 0.391,8-19-34-16-8 = 0.783,8-19-36-33-20-5 = 0.217,8-30-34-16-8 = 0.217,8-17-28-10-9-5 = 0.609,8-23-28-9-5 = 0.217,5-22-35-25-8 = 0.739,5-31-15-22-8 = 0.087,8-23-28-36-33-5 = 0.174,5-38-15-22-8 = 0.087,5-18-15-22-8 = 0.087
164,121,576.845,7.033,3.54,0.5,627,628,5-13-5 = 0.217,8-30-8 = 0.5,5-32-5 = 0.217,5-26-24-20-5 = 0.75,5-26-28-9-5 = 0.25,5-12-27-29-5 = 0.333,5-11-12-29-5 = 0.333,5-11-12-27-5 = 0.333,5-11-27-29-5 = 0.333,5-38-18-31-15-5 = 0.7,5-38-18-28-9-5 = 0.15,5-38-28-31-9-5 = 0.15,5-18-28-31-9-5 = 0.15,5-32-13-5 = 0.783,5-21-35-25-8 = 0.75,5-24-35-25-8 = 0.25,8-23-36-21-5 = 0.25,8-23-36-20-5 = 0.25,8-23-22-33-5 = 0.5,8-17-10-14-37-8 = 1.0,8-19-34-16-8 = 0.5,8-19-36-22-33-8 = 0.5,8-30-34-16-8 = 0.5,5-28-15-9-5 = 0.3
627,164,579.028,0.0,2.183,0.0,Prune by CG,,8-30-8 = 0.975,5-26-24-20-5 = 1.0,5-12-27-29-5 = 0.644,5-11-12-29-5 = 0.306,5-11-12-27-5 = 0.05,5-11-27-29-5 = 0.05,5-38-18-31-15-5 = 0.463,5-38-18-28-9-5 = 0.462,5-38-28-31-9-5 = 0.075,5-18-28-31-9-5 = 0.075,5-32-13-5 = 1.0,5-11-27-14-37-8 = 0.256,5-21-35-25-8 = 1.0,8-23-36-15-5 = 0.256,8-23-36-31-10-5 = 0.256,8-23-22-33-5 = 0.488,8-17-10-14-37-8 = 0.744,8-19-34-16-8 = 0.513,8-19-36-22-33-5 = 0.487,8-34-16-8 = 0.231,8-30-34-16-8 = 0.025,5-11-17-34-16-8 = 0.231,5-28-15-9-5 = 0.281,5-11-28-31-9-5 = 0.106,8-17-31-22-33-8 = 0.025
628,164,578.085,0.0,1.241,0.0,Prune by CG,,5-13-5 = 0.167,8-30-8 = 0.5,5-26-24-20-5 = 0.5,5-26-28-9-5 = 0.5,5-12-27-29-5 = 0.333,5-11-12-29-5 = 0.333,5-11-12-27-5 = 0.333,5-11-27-29-5 = 0.333,5-38-18-31-15-5 = 1.0,5-32-13-5 = 1.0,5-21-35-25-8 = 0.5,5-24-21-20-5 = 0.5,8-23-22-33-5 = 0.5,8-17-10-14-37-8 = 1.0,8-19-36-35-25-8 = 0.5,8-19-36-22-33-8 = 0.5,8-34-16-8 = 0.5,8-30-34-16-8 = 0.5,5-23-28-9-5 = 0.5
556,521,576.823,5.214,0.241,0.738,629,630,8-30-8 = 0.286,5-26-20-5 = 0.714,5-12-27-29-5 = 0.429,5-11-12-29-5 = 0.429,5-37-14-29-5 = 0.143,5-38-18-31-9-5 = 0.071,5-38-18-31-15-5 = 0.857,5-38-18-28-9-5 = 0.036,5-38-17-37-14-5 = 0.036,5-32-13-5 = 0.036,5-12-14-37-8 = 0.143,5-11-27-14-37-8 = 0.571,5-31-10-14-37-8 = 0.071,5-21-35-25-8 = 0.25,5-21-22-33-8 = 0.75,8-23-36-24-32-5 = 0.286,8-23-22-33-5 = 0.036,8-19-34-16-8 = 0.25,8-19-36-35-25-8 = 0.714,8-34-16-8 = 0.036,8-30-34-16-8 = 0.714,8-17-28-22-33-5 = 0.071,8-17-28-10-9-5 = 0.893,5-26-20-13-5 = 0.286,8-23-24-32-13-5 = 0.679,8-19-24-35-25-8 = 0.036,5-15-22-33-8 = 0.143,5-18-10-14-37-8 = 0.036
629,556,578.662,0.0,1.839,0.0,Prune by CG,,8-30-8 = 0.169,5-26-20-5 = 0.932,5-12-27-29-5 = 0.424,5-11-12-29-5 = 0.424,5-38-18-31-15-5 = 0.898,5-38-17-37-14-5 = 0.085,5-28-9-29-5 = 0.153,5-32-13-5 = 0.102,5-12-14-37-8 = 0.153,5-11-27-14-37-8 = 0.576,5-31-10-14-37-8 = 0.068,5-21-35-25-8 = 0.949,8-23-36-22-5 = 0.017,8-23-36-24-32-5 = 0.068,8-19-34-16-8 = 0.085,8-19-36-22-33-8 = 0.915,8-34-16-8 = 0.085,8-30-34-16-8 = 0.831,8-17-28-10-9-5 = 0.814,8-17-28-31-15-5 = 0.034,5-26-20-13-5 = 0.068,8-23-33-9-5 = 0.034,8-23-24-32-13-5 = 0.831,8-23-24-21-5 = 0.051,5-38-10-14-37-8 = 0.017,5-24-35-33-25-8 = 0.051,8-17-22-15-5 = 0.068,5-18-10-14-37-8 = 0.102
630,556,576.925,4.5,0.102,-0.714,631,632,8-30-8 = 0.2,5-26-20-5 = 0.8,5-12-27-29-5 = 0.45,5-11-12-29-5 = 0.45,5-37-14-29-5 = 0.1,5-38-18-31-9-5 = 0.05,5-38-18-31-15-5 = 0.85,5-38-17-37-14-5 = 0.1,5-32-13-5 = 0.1,5-12-14-37-8 = 0.1,5-11-27-14-37-8 = 0.55,5-31-10-14-37-8 = 0.05,5-21-35-25-8 = 0.1,5-21-22-33-8 = 0.9,8-23-36-24-32-5 = 0.2,8-19-34-16-8 = 0.1,8-19-36-35-25-8 = 0.8,8-34-16-8 = 0.1,8-30-34-16-8 = 0.8,8-17-28-10-9-5 = 0.85,8-17-28-31-15-5 = 0.05,8-23-28-9-5 = 0.1,5-26-20-13-5 = 0.2,8-23-24-32-13-5 = 0.7,8-19-24-35-25-8 = 0.1,5-15-22-33-8 = 0.1,5-18-10-14-37-8 = 0.1
631,630,588.159,0.0,11.235,0.0,Prune by CG,,8-30-8 = 0.333,5-26-20-5 = 0.625,5-12-27-29-5 = 0.5,5-11-12-29-5 = 0.5,5-11-27-14-37-5 = 0.5,5-38-10-37-14-5 = 0.167,5-38-18-31-15-5 = 0.125,5-38-17-37-14-5 = 0.083,5-18-10-37-14-5 = 0.25,5-21-35-25-8 = 0.25,5-21-22-33-8 = 0.667,8-23-21-32-5 = 0.042,8-23-36-24-32-5 = 0.292,8-19-34-16-8 = 0.292,8-19-36-35-25-8 = 0.708,8-34-16-8 = 0.042,8-30-34-16-8 = 0.667,8-17-28-10-9-5 = 0.583,8-17-28-31-15-5 = 0.333,5-26-20-13-5 = 0.333,8-23-24-32-13-5 = 0.667,5-15-22-33-8 = 0.333,5-38-18-31-15-8 = 0.208,5-38-18-31-9-8 = 0.333,5-38-18-28-9-8 = 0.083,8-24-21-35-8 = 0.042,5-26-20-25-8 = 0.042
359,358,576.952,3.0,1.42,0.0,633,634,5-26-31-15-5 = 0.5,5-12-27-29-5 = 1.0,5-38-18-31-15-5 = 0.5,5-32-13-5 = 0.5,5-26-32-13-5 = 0.5,5-21-22-33-8 = 1.0,8-17-10-14-37-8 = 1.0,8-19-36-35-25-8 = 1.0,8-30-34-16-8 = 1.0,8-23-24-20-5 = 1.0,5-11-38-28-9-5 = 0.5,5-11-18-28-9-5 = 0.5
633,359,582.673,0.0,5.722,0.0,Prune by CG,,5-26-31-15-5 = 0.5,5-12-27-29-5 = 1.0,5-32-13-5 = 0.5,5-26-32-13-5 = 0.5,5-21-22-33-8 = 0.5,8-17-10-14-37-8 = 1.0,8-19-36-35-25-8 = 1.0,8-30-34-16-8 = 1.0,8-23-24-20-5 = 1.0,5-38-31-22-33-8 = 0.5,5-38-15-21-5 = 0.5,5-11-18-28-9-5 = 1.0
634,359,580.446,0.0,3.494,0.0,Prune by CG,,5-12-27-29-5 = 1.0,5-38-18-31-15-5 = 0.5,5-32-13-5 = 0.5,5-26-21-33-8 = 0.5,5-26-32-13-5 = 0.5,5-21-22-33-8 = 0.5,8-17-10-14-37-8 = 1.0,8-19-36-35-25-8 = 1.0,8-30-34-16-8 = 1.0,8-23-24-20-5 = 1.0,5-18-15-22-5 = 0.5,5-11-38-28-9-5 = 0.5,5-11-28-31-9-5 = 0.5
391,200,576.7,7.911,1.158,1.735,635,636,5-13-5 = 0.033,8-30-8 = 0.8,5-26-24-20-5 = 0.644,5-12-27-29-5 = 0.5,5-11-12-29-5 = 0.5,5-38-18-31-15-5 = 0.489,5-38-18-28-9-5 = 0.022,5-38-28-10-9-5 = 0.489,5-18-31-10-9-5 = 0.467,5-18-28-10-9-5 = 0.022,5-32-13-5 = 1.0,5-11-27-14-37-8 = 0.5,5-28-10-14-37-8 = 0.022,5-21-35-25-8 = 0.6,5-24-21-20-5 = 0.356,8-23-36-33-16-8 = 0.322,8-23-36-33-25-8 = 0.278,8-23-19-34-8 = 0.322,8-17-37-14-5 = 0.478,8-19-22-15-5 = 0.433,8-19-22-21-5 = 0.044,8-19-36-35-25-8 = 0.122,8-34-16-8 = 0.478,8-30-34-16-8 = 0.2,8-17-28-22-33-5 = 0.4,8-17-28-31-22-5 = 0.044,5-26-23-19-8 = 0.078,8-17-22-15-5 = 0.078,5-26-36-35-8 = 0.278
635,391,579.198,0.0,2.497,0.0,Prune by CG,,5-26-5 = 0.3,8-30-8 = 0.75,5-15-10-9-5 = 0.4,5-26-21-5 = 0.1,5-26-24-20-5 = 0.6,5-12-27-29-5 = 0.5,5-11-12-29-5 = 0.5,5-38-18-10-9-5 = 0.35,5-38-18-31-9-5 = 0.25,5-38-18-31-15-5 = 0.35,5-32-13-5 = 1.0,5-11-27-14-37-8 = 0.5,5-31-10-14-37-8 = 0.15,5-21-35-25-8 = 0.5,5-24-21-20-5 = 0.4,8-23-36-33-16-8 = 0.5,8-23-19-34-8 = 0.5,8-17-37-14-5 = 0.25,8-19-36-35-25-8 = 0.5,8-34-16-8 = 0.25,8-30-34-16-8 = 0.25,8-17-28-22-33-5 = 0.5,8-17-28-31-22-5 = 0.25,8-28-15-22-5 = 0.25,5-38-10-14-37-8 = 0.05,5-18-10-14-37-8 = 0.05
636,391,579.573,0.0,2.873,0.0,Prune by CG,,5-13-5 = 0.167,8-30-8 = 0.583,5-26-24-20-5 = 1.0,5-12-27-29-5 = 0.5,5-11-12-29-5 = 0.5,5-38-18-31-15-5 = 0.417,5-38-18-28-9-5 = 0.167,5-38-28-10-9-5 = 0.417,5-18-31-10-9-5 = 0.25,5-18-28-10-9-5 = 0.167,5-32-13-5 = 1.0,5-11-27-14-37-8 = 0.5,5-28-10-14-37-8 = 0.167,5-21-35-25-8 = 0.75,8-23-36-33-8 = 0.417,8-23-36-33-16-8 = 0.25,8-23-19-34-8 = 0.25,8-17-37-14-5 = 0.333,8-19-22-15-5 = 0.5,8-19-36-35-25-8 = 0.25,8-34-16-8 = 0.333,8-30-34-16-8 = 0.417,8-17-28-31-15-5 = 0.083,8-17-22-21-5 = 0.25,8-17-23-36-33-8 = 0.083,8-17-31-22-33-5 = 0.25
625,453,577.023,6.0,0.15,-0.4,637,638,5-26-5 = 0.017,8-30-8 = 0.85,5-26-24-21-5 = 0.033,5-26-24-20-5 = 0.85,5-12-27-29-5 = 0.5,5-11-12-29-5 = 0.5,5-38-18-31-9-5 = 0.35,5-38-18-31-22-5 = 0.183,5-38-18-31-15-5 = 0.2,5-38-15-22-5 = 0.267,5-31-15-22-5 = 0.267,5-32-13-5 = 1.0,5-11-27-14-37-8 = 0.5,5-21-35-25-8 = 0.95,8-23-36-33-5 = 0.5,8-17-10-14-37-8 = 0.5,8-19-34-16-8 = 0.85,8-19-36-33-20-5 = 0.15,8-30-34-16-8 = 0.15,8-17-28-10-9-5 = 0.4,8-23-28-9-5 = 0.15,5-24-21-22-5 = 0.017,5-18-15-22-5 = 0.267,8-17-28-10-9-8 = 0.1,5-26-24-35-8 = 0.05,5-26-24-25-8 = 0.05,8-23-28-36-33-5 = 0.35
637,625,582.277,0.0,5.254,0.0,Prune by CG,,8-30-8 = 0.75,5-26-20-5 = 0.75,5-12-27-29-5 = 0.5,5-11-12-29-5 = 0.5,5-38-18-31-9-5 = 0.5,5-38-18-31-15-5 = 0.5,5-32-13-5 = 1.0,5-11-27-14-37-8 = 0.5,5-21-35-25-8 = 0.5,8-23-36-33-5 = 0.25,8-17-10-14-37-8 = 0.5,8-19-34-16-8 = 0.75,8-19-36-35-25-8 = 0.25,8-30-34-16-8 = 0.25,8-17-28-10-9-5 = 0.25,5-24-21-22-5 = 0.5,5-24-22-15-5 = 0.5,8-23-33-20-5 = 0.25,8-17-28-10-9-8 = 0.25,5-26-35-25-8 = 0.25,8-23-28-36-33-5 = 0.5
591,589,577.11,5.591,0.564,-0.784,639,640,8-30-8 = 0.091,5-26-24-21-5 = 0.091,5-26-28-9-5 = 0.023,5-12-27-29-5 = 0.5,5-11-12-29-5 = 0.273,5-38-18-31-15-5 = 0.591,5-38-18-28-9-5 = 0.205,5-38-28-31-15-5 = 0.205,5-18-28-31-15-5 = 0.205,5-32-13-5 = 0.205,5-26-22-33-8 = 0.136,5-26-32-13-5 = 0.568,5-11-27-14-37-8 = 0.5,5-28-10-14-37-8 = 0.273,5-21-22-33-8 = 0.818,8-23-36-35-8 = 0.091,8-17-37-9-5 = 0.227,8-17-10-9-5 = 0.455,8-17-10-33-20-5 = 0.045,8-19-34-16-8 = 0.091,8-19-36-35-25-8 = 0.909,8-30-34-16-8 = 0.909,8-23-24-20-5 = 0.909,8-17-10-14-29-5 = 0.227,5-11-12-32-13-5 = 0.227,8-17-22-20-5 = 0.045,5-26-28-9-8 = 0.091,5-26-21-25-8 = 0.091
639,591,578.776,0.0,1.666,0.0,Prune by CG,,5-26-28-9-5 = 0.667,5-12-27-29-5 = 0.333,5-38-18-31-15-5 = 1.0,5-32-13-5 = 0.667,5-11-27-14-37-8 = 0.333,5-21-22-33-8 = 1.0,8-17-37-29-5 = 0.333,8-17-10-37-14-5 = 0.333,8-19-36-35-25-8 = 1.0,8-30-34-16-8 = 1.0,8-23-24-20-5 = 1.0,8-17-10-14-29-5 = 0.333,5-11-12-32-13-5 = 0.333,5-26-28-9-8 = 0.333,5-11-12-27-10-8 = 0.333
500,138,576.887,5.154,0.745,0.654,641,642,8-30-8 = 0.154,5-15-10-9-5 = 0.09,5-12-27-29-5 = 0.5,5-11-12-29-5 = 0.5,5-38-18-10-9-5 = 0.333,5-38-18-31-9-5 = 0.333,5-32-13-5 = 0.077,5-26-32-13-5 = 0.923,5-11-27-14-37-8 = 0.5,5-24-21-20-5 = 1.0,8-23-35-25-8 = 0.769,8-23-36-35-8 = 0.026,8-23-36-22-5 = 0.026,8-23-36-33-25-8 = 0.026,8-17-10-9-5 = 0.051,8-17-10-9-8 = 0.026,8-19-36-35-25-8 = 0.205,8-19-36-22-33-8 = 0.718,8-34-16-8 = 0.154,8-30-34-16-8 = 0.846,8-17-28-22-33-5 = 0.256,8-17-28-31-15-5 = 0.667,5-26-23-19-8 = 0.077,8-23-28-15-5 = 0.077,5-18-15-9-5 = 0.167,5-38-10-14-37-8 = 0.333,5-18-10-14-37-8 = 0.167
642,500,582.286,0.0,5.4,0.0,Prune by CG,,8-30-8 = 0.167,5-12-27-29-5 = 0.5,5-11-12-29-5 = 0.5,5-32-13-5 = 0.167,5-26-32-13-5 = 0.833,5-11-27-14-37-8 = 0.5,5-24-21-20-5 = 1.0,8-23-36-22-5 = 0.167,8-23-22-33-5 = 0.667,8-19-34-16-8 = 0.167,8-19-36-35-25-8 = 0.833,8-30-34-16-8 = 0.833,8-17-28-22-33-5 = 0.167,8-17-28-31-15-5 = 0.833,8-23-33-9-5 = 0.167,5-38-18-31-9-8 = 0.167,5-38-10-14-37-8 = 0.333,5-18-10-14-37-8 = 0.167,5-26-35-25-8 = 0.167,5-38-18-10-9-8 = 0.5,5-18-15-9-8 = 0.167
641,500,577.02,5.0,0.133,-0.154,643,644,8-30-8 = 0.167,5-15-10-9-5 = 0.083,5-12-27-29-5 = 0.5,5-11-12-29-5 = 0.5,5-38-18-10-9-5 = 0.417,5-38-18-31-9-5 = 0.25,5-32-13-5 = 0.083,5-26-32-13-5 = 0.917,5-11-27-14-37-8 = 0.5,5-24-21-20-5 = 1.0,8-23-35-25-8 = 0.833,8-23-36-22-8 = 0.083,8-19-36-35-25-8 = 0.167,8-19-36-22-33-8 = 0.667,8-19-36-33-9-5 = 0.083,8-34-16-8 = 0.167,8-30-34-16-8 = 0.833,8-17-28-22-33-5 = 0.25,8-17-28-31-15-5 = 0.75,5-26-23-19-8 = 0.083,5-18-15-9-5 = 0.167,5-38-10-14-37-8 = 0.333,5-18-10-14-37-8 = 0.167
643,641,587.045,0.0,10.025,0.0,Prune by CG,,8-30-8 = 0.1,5-12-27-29-5 = 0.5,5-11-12-29-5 = 0.5,5-38-18-31-15-5 = 0.75,5-32-13-5 = 0.25,5-26-32-13-5 = 0.75,5-11-27-14-37-8 = 0.5,5-24-21-20-5 = 1.0,8-23-35-25-8 = 0.75,8-23-36-35-8 = 0.1,8-23-36-22-8 = 0.05,8-19-22-9-8 = 0.2,8-19-33-10-9-8 = 0.5,8-19-36-33-9-5 = 0.25,8-19-36-33-9-8 = 0.05,8-34-16-8 = 0.1,8-30-34-16-8 = 0.9,8-17-28-22-33-5 = 0.2,8-17-28-31-15-5 = 0.25,8-17-28-36-22-5 = 0.55,5-38-10-14-37-8 = 0.25,5-18-10-14-37-8 = 0.25,5-26-35-25-8 = 0.15,5-26-23-25-8 = 0.1
611,544,576.979,5.7,0.019,0.15,645,646,5-26-5 = 0.033,8-30-8 = 0.5,5-26-24-20-5 = 0.967,5-12-27-29-5 = 0.75,5-11-12-29-5 = 0.25,5-11-27-10-9-5 = 0.25,5-11-38-18-28-31-5 = 0.5,5-38-18-31-9-5 = 0.25,5-38-28-31-9-5 = 0.25,5-18-28-10-9-5 = 0.25,5-32-13-5 = 1.0,5-21-35-25-8 = 0.5,8-23-36-21-5 = 0.5,8-17-37-14-5 = 0.5,8-17-10-37-14-5 = 0.467,8-17-10-14-37-8 = 0.033,8-19-34-16-8 = 0.033,8-19-36-35-25-8 = 0.5,8-34-16-8 = 0.933,8-30-34-16-8 = 0.033,8-23-19-30-8 = 0.467,8-23-24-20-5 = 0.033,5-15-22-33-8 = 1.0
646,611,579.364,0.0,2.385,0.0,Prune by CG,,8-30-8 = 0.833,5-26-22-33-5 = 0.167,5-26-24-20-5 = 0.833,5-12-27-29-5 = 0.333,5-11-12-29-5 = 0.333,5-11-12-27-5 = 0.333,5-11-27-29-5 = 0.333,5-21-22-33-5 = 0.167,5-38-18-31-9-5 = 0.5,5-38-18-28-9-5 = 0.5,5-28-31-22-33-5 = 0.5,5-32-13-5 = 1.0,8-23-36-21-5 = 0.833,8-17-10-14-37-8 = 1.0,8-19-34-16-8 = 0.833,8-19-36-35-25-8 = 0.167,8-30-34-16-8 = 0.167,8-23-24-20-5 = 0.167,5-15-22-33-8 = 0.167,5-15-35-25-8 = 0.833
645,611,577.043,5.4,0.064,-0.3,647,648,8-30-8 = 0.5,5-26-24-20-5 = 1.0,5-12-27-29-5 = 0.7,5-11-12-29-5 = 0.25,5-11-12-27-5 = 0.05,5-11-27-29-5 = 0.05,5-11-27-10-9-5 = 0.2,5-11-38-18-28-31-5 = 0.45,5-38-18-31-9-5 = 0.25,5-38-18-28-9-5 = 0.05,5-38-28-31-9-5 = 0.25,5-18-28-10-9-5 = 0.2,5-18-28-31-9-5 = 0.05,5-32-13-5 = 1.0,5-21-35-25-8 = 0.5,8-23-36-21-5 = 0.5,8-17-37-14-5 = 0.4,8-17-10-37-14-5 = 0.6,8-19-36-35-25-8 = 0.5,8-34-16-8 = 1.0,8-23-19-30-8 = 0.5,5-15-22-33-8 = 1.0
647,645,579.324,0.0,2.281,0.0,Prune by CG,,8-30-8 = 0.476,5-26-24-20-5 = 0.857,5-12-27-29-5 = 0.333,5-11-12-29-5 = 0.333,5-11-12-27-5 = 0.286,5-11-12-27-10-5 = 0.048,5-11-27-29-5 = 0.333,5-26-38-18-31-5 = 0.143,5-38-18-31-21-5 = 0.143,5-38-18-28-9-5 = 0.333,5-38-28-31-9-5 = 0.333,5-18-28-31-9-5 = 0.333,5-32-13-5 = 1.0,5-21-35-25-8 = 0.429,5-24-35-20-5 = 0.048,8-23-36-21-5 = 0.429,8-23-36-24-25-8 = 0.048,8-17-37-14-8 = 0.048,8-17-10-37-14-5 = 0.952,8-19-36-35-25-8 = 0.524,8-34-16-8 = 0.952,8-30-34-16-8 = 0.048,8-23-19-30-8 = 0.476,8-23-24-20-5 = 0.048,5-15-22-33-8 = 1.0,5-38-18-31-20-5 = 0.048
648,645,580.744,0.0,3.701,0.0,Prune by CG,,8-30-8 = 0.74,5-26-24-20-5 = 0.64,5-12-27-29-5 = 0.5,5-11-12-29-5 = 0.48,5-11-27-10-9-5 = 0.5,5-11-38-18-28-31-5 = 0.02,5-38-18-31-9-5 = 0.5,5-38-18-28-31-5 = 0.1,5-38-28-10-29-5 = 0.02,5-26-18-28-31-5 = 0.26,5-28-10-37-14-5 = 0.24,5-32-13-5 = 1.0,5-21-35-25-8 = 0.5,8-23-36-21-5 = 0.5,8-17-37-14-5 = 0.52,8-17-34-16-8 = 0.1,8-17-10-37-14-5 = 0.24,8-19-34-16-8 = 0.36,8-19-36-35-25-8 = 0.5,8-34-16-8 = 0.28,8-30-34-16-8 = 0.26,8-17-23-19-8 = 0.14,8-23-24-20-5 = 0.36,5-15-22-33-8 = 0.88,5-38-28-22-33-8 = 0.12,5-38-18-28-15-8 = 0.12,5-26-38-28-31-5 = 0.1,5-38-28-31-12-5 = 0.02
292,158,576.857,3.0,1.352,1.0,649,650,5-12-27-29-5 = 0.333,5-11-12-29-5 = 0.333,5-11-12-27-5 = 0.333,5-11-27-29-5 = 0.333,5-38-18-31-15-5 = 0.667,5-32-13-5 = 0.167,5-26-22-33-8 = 0.167,5-26-32-13-5 = 0.833,5-21-35-25-8 = 1.0,8-17-10-14-37-8 = 1.0,8-19-36-24-20-5 = 1.0,8-30-34-16-8 = 1.0,8-23-28-9-5 = 1.0,5-15-22-33-8 = 0.333,5-18-31-22-33-8 = 0.167,5-38-31-22-33-8 = 0.167,5-38-18-22-33-8 = 0.167
649,292,582.431,0.0,5.574,0.0,Prune by CG,,5-26-21-5 = 0.111,5-12-27-29-5 = 0.556,5-11-12-29-5 = 0.222,5-11-12-27-5 = 0.222,5-11-27-29-5 = 0.222,5-11-38-18-15-5 = 0.333,5-38-15-22-5 = 0.333,5-32-13-5 = 0.222,5-26-32-13-5 = 0.778,5-21-35-25-8 = 0.889,8-17-10-14-37-8 = 1.0,8-19-36-24-20-5 = 1.0,8-30-34-16-8 = 1.0,8-23-28-9-5 = 1.0,5-18-31-15-33-8 = 0.333,5-18-31-22-33-8 = 0.333,5-38-31-22-33-8 = 0.333,5-26-35-25-8 = 0.111
650,292,576.562,4.4,-0.295,1.4,651,652,5-12-27-29-5 = 0.4,5-11-12-29-5 = 0.4,5-11-27-29-5 = 0.2,5-38-18-31-15-5 = 1.0,5-32-13-5 = 0.5,5-26-22-33-8 = 0.5,5-26-32-13-5 = 0.3,5-11-27-14-37-8 = 0.2,5-21-35-25-8 = 0.7,5-21-22-33-8 = 0.3,8-17-10-14-37-8 = 0.8,8-19-35-20-5 = 0.1,8-19-36-33-20-5 = 0.1,8-19-36-24-20-5 = 0.8,8-30-34-16-8 = 1.0,8-23-28-9-5 = 1.0,5-26-24-32-13-5 = 0.2,5-22-35-25-8 = 0.1,8-17-36-35-25-8 = 0.1,5-11-12-27-10-8 = 0.2,8-17-22-33-25-8 = 0.1
651,650,582.132,0.0,5.57,0.0,Prune by CG,,5-12-27-29-5 = 0.405,5-11-12-29-5 = 0.405,5-11-27-10-29-5 = 0.024,5-38-18-10-29-5 = 0.056,5-38-18-31-15-5 = 0.889,5-38-31-10-29-5 = 0.056,5-18-31-10-29-5 = 0.056,5-32-13-5 = 0.667,5-26-22-33-8 = 0.238,5-11-27-14-37-8 = 0.381,5-21-22-33-8 = 0.571,8-17-10-14-37-8 = 0.619,8-19-35-20-5 = 0.397,8-19-36-35-25-8 = 0.111,8-19-36-24-20-5 = 0.492,8-30-34-16-8 = 1.0,8-24-35-20-5 = 0.095,8-36-35-20-5 = 0.016,8-23-28-9-5 = 1.0,5-26-24-32-13-5 = 0.333,5-15-22-33-8 = 0.111,5-26-21-25-8 = 0.429,8-17-36-35-25-8 = 0.381,5-11-12-27-10-8 = 0.19,5-24-22-33-25-8 = 0.079
537,266,577.005,0.35,0.07,0.083,653,654,5-13-5 = 0.013,8-30-8 = 0.975,5-32-5 = 0.013,5-26-20-5 = 0.037,5-26-24-20-5 = 0.95,5-12-27-29-5 = 1.0,5-38-18-28-9-5 = 0.988,5-32-13-5 = 0.987,5-21-35-25-8 = 0.975,5-24-35-20-5 = 0.012,8-23-36-22-5 = 0.975,8-23-36-24-25-8 = 0.025,8-17-10-14-37-8 = 1.0,8-19-34-16-8 = 0.975,8-19-22-21-5 = 0.025,8-30-34-16-8 = 0.025,5-26-24-35-8 = 0.012,5-38-18-28-9-8 = 0.012,5-11-31-15-33-5 = 1.0
653,537,583.971,0.0,6.966,0.0,Prune by CG,,8-30-8 = 0.75,5-26-20-5 = 0.75,5-12-27-29-5 = 1.0,5-38-18-31-15-5 = 0.25,5-38-18-28-9-5 = 0.5,5-31-15-22-5 = 0.25,5-32-13-5 = 1.0,5-21-35-25-8 = 0.25,5-24-35-25-8 = 0.25,8-23-36-22-5 = 0.5,8-23-36-24-25-8 = 0.5,8-17-10-14-37-8 = 1.0,8-19-34-16-8 = 0.75,8-19-22-21-5 = 0.25,8-30-34-16-8 = 0.25,5-21-35-33-5 = 0.25,5-26-24-35-8 = 0.25,5-21-33-20-5 = 0.25,5-11-38-28-9-5 = 0.25,5-11-18-28-9-5 = 0.25,5-11-31-15-33-5 = 0.5
446,444,577.185,5.0,1.019,-1.0,655,656,5-26-22-33-5 = 0.5,5-12-27-29-5 = 0.5,5-11-12-29-5 = 0.5,5-38-18-31-15-5 = 1.0,5-32-13-5 = 0.5,5-26-32-13-5 = 0.5,5-11-27-14-37-8 = 0.5,5-21-35-25-8 = 1.0,8-23-22-33-5 = 0.5,8-17-10-14-37-8 = 0.5,8-19-36-24-20-5 = 1.0,8-30-34-16-8 = 1.0,8-23-28-9-8 = 0.5,8-17-28-10-9-8 = 0.5
655,446,580.636,0.0,3.451,0.0,Prune by CG,,5-26-22-33-5 = 0.5,5-12-27-29-5 = 0.5,5-11-12-29-5 = 0.5,5-11-27-14-37-5 = 0.5,5-38-18-31-15-5 = 1.0,5-32-13-5 = 0.5,5-26-32-13-5 = 0.5,5-21-35-25-8 = 1.0,8-23-22-33-8 = 0.5,8-17-10-14-37-8 = 0.5,8-19-36-24-20-5 = 1.0,8-30-34-16-8 = 1.0,8-23-28-9-8 = 0.5,8-17-28-10-9-8 = 0.5
656,446,582.634,0.0,5.449,0.0,Prune by CG,,5-12-27-29-5 = 0.4,5-11-12-29-5 = 0.4,5-38-18-31-15-5 = 1.0,5-32-13-5 = 0.5,5-12-14-37-8 = 0.2,5-26-22-33-8 = 0.2,5-26-32-13-5 = 0.5,5-11-27-14-37-8 = 0.6,8-37-14-29-5 = 0.2,5-21-35-25-8 = 0.9,8-23-36-22-5 = 0.1,8-23-22-33-5 = 0.6,8-19-22-20-5 = 0.1,8-19-36-24-20-5 = 0.9,8-30-34-16-8 = 1.0,8-23-24-21-5 = 0.1,8-17-28-10-9-8 = 1.0,5-26-23-33-5 = 0.2,5-26-35-25-8 = 0.1
498,435,577.07,6.0,0.808,-0.2,657,658,5-12-27-29-5 = 0.333,5-11-12-29-5 = 0.333,5-11-12-27-5 = 0.333,5-11-27-14-29-5 = 0.167,5-11-27-10-9-5 = 0.167,5-38-18-31-15-5 = 0.133,5-38-18-28-9-5 = 0.633,5-38-28-31-15-5 = 0.233,5-31-15-22-5 = 0.167,5-31-15-9-5 = 0.2,5-18-28-31-15-5 = 0.1,5-32-13-5 = 0.433,5-26-22-33-8 = 0.833,5-26-32-13-5 = 0.167,5-24-21-20-5 = 0.6,8-23-35-25-8 = 0.8,8-17-37-29-5 = 0.167,8-17-10-14-37-8 = 0.833,8-19-34-16-8 = 0.2,8-19-36-35-25-8 = 0.2,8-19-36-24-32-13-5 = 0.4,8-30-34-16-8 = 0.8,8-36-21-20-5 = 0.4,8-23-19-30-8 = 0.2,5-18-31-15-33-8 = 0.133,5-28-31-15-33-5 = 0.033
658,498,581.506,0.0,4.436,0.0,Prune by CG,,8-30-8 = 0.038,5-26-22-33-5 = 0.5,5-26-28-9-5 = 0.125,5-12-27-29-5 = 0.25,5-11-12-29-5 = 0.25,5-11-12-27-5 = 0.5,5-11-27-14-29-5 = 0.25,5-38-18-28-9-5 = 0.625,5-38-28-10-9-5 = 0.25,5-32-13-5 = 0.26,5-26-32-13-5 = 0.375,5-24-21-20-5 = 0.615,8-23-35-25-8 = 0.769,8-23-36-35-8 = 0.019,8-23-36-24-25-8 = 0.019,8-17-37-29-5 = 0.25,8-17-10-14-37-8 = 0.75,8-19-34-16-8 = 0.231,8-19-36-35-25-8 = 0.212,8-19-36-24-32-13-5 = 0.365,8-30-34-16-8 = 0.769,8-36-21-20-5 = 0.385,8-23-19-30-8 = 0.192,5-31-15-22-8 = 0.5,5-18-31-15-33-8 = 0.375,5-38-31-15-33-8 = 0.125
638,625,577.05,6.01,0.027,0.01,659,660,5-26-5 = 0.015,8-30-8 = 0.85,5-26-24-21-5 = 0.055,5-26-24-20-5 = 0.85,5-12-27-29-5 = 0.5,5-11-12-29-5 = 0.5,5-38-18-31-9-5 = 0.35,5-38-18-31-22-5 = 0.19,5-38-18-31-15-5 = 0.19,5-38-15-22-5 = 0.27,5-31-15-22-5 = 0.27,5-32-13-5 = 1.0,5-11-27-14-37-8 = 0.5,5-21-35-25-8 = 0.945,5-24-35-25-8 = 0.015,8-23-36-33-5 = 0.5,8-17-10-14-37-8 = 0.5,8-19-34-16-8 = 0.85,8-19-36-33-20-5 = 0.15,8-30-34-16-8 = 0.15,8-17-28-10-9-5 = 0.39,8-23-28-9-5 = 0.15,5-18-15-22-5 = 0.27,8-17-28-10-9-8 = 0.11,5-26-24-35-8 = 0.04,5-26-24-25-8 = 0.04,8-23-28-36-33-5 = 0.35
659,638,578.004,0.0,0.954,0.0,Prune by CG,,5-26-5 = 0.008,8-30-8 = 0.78,5-26-24-21-5 = 0.076,5-26-24-20-5 = 0.78,5-12-27-29-5 = 0.5,5-11-12-29-5 = 0.5,5-38-18-31-22-5 = 0.288,5-38-18-31-15-5 = 0.288,5-38-15-22-5 = 0.144,5-31-15-22-5 = 0.424,5-32-13-5 = 1.0,5-11-27-14-37-8 = 0.5,5-21-35-25-8 = 0.924,5-24-35-25-8 = 0.008,8-23-36-33-5 = 0.78,8-17-10-14-37-8 = 0.22,8-19-34-16-8 = 0.78,8-19-36-33-20-5 = 0.22,8-30-34-16-8 = 0.22,8-17-28-10-9-5 = 0.628,8-23-28-9-5 = 0.22,5-18-15-22-5 = 0.144,8-17-28-10-9-8 = 0.152,5-26-24-35-8 = 0.068,5-38-18-14-37-8 = 0.28,5-26-24-25-8 = 0.068
660,638,578.5,0.0,1.45,0.0,Prune by CG,,5-13-5 = 0.012,5-26-5 = 0.013,8-30-8 = 0.975,5-32-5 = 0.012,5-26-24-20-5 = 0.987,5-12-27-29-5 = 0.5,5-11-12-29-5 = 0.5,5-38-18-31-9-5 = 0.962,5-38-15-22-5 = 0.012,5-31-15-9-5 = 0.012,5-32-13-5 = 0.988,5-11-27-14-37-8 = 0.5,5-21-35-25-8 = 0.975,5-24-21-20-5 = 0.013,8-23-36-22-5 = 0.5,8-17-10-14-37-8 = 0.5,8-19-34-16-8 = 0.975,8-19-36-35-25-8 = 0.025,8-30-34-16-8 = 0.025,8-17-28-15-33-5 = 0.5,5-36-22-15-5 = 0.463,5-36-22-21-5 = 0.012,5-18-15-22-5 = 0.012,8-23-28-10-33-5 = 0.5,5-38-18-31-9-8 = 0.025
657,498,577.123,5.615,0.053,-0.385,661,662,5-12-27-29-5 = 0.538,5-11-12-29-5 = 0.231,5-11-12-27-5 = 0.231,5-11-27-14-29-5 = 0.115,5-11-27-10-9-5 = 0.115,5-38-18-31-15-5 = 0.346,5-38-18-28-9-5 = 0.654,5-31-15-22-5 = 0.077,5-31-15-9-5 = 0.231,5-32-13-5 = 0.5,5-26-22-33-8 = 0.923,5-26-32-13-5 = 0.077,5-24-21-20-5 = 0.577,8-23-35-25-8 = 0.808,8-17-37-29-5 = 0.115,8-17-10-14-37-8 = 0.885,8-19-34-16-8 = 0.192,8-19-36-35-25-8 = 0.192,8-19-36-24-32-13-5 = 0.423,8-30-34-16-8 = 0.808,8-36-21-20-5 = 0.385,8-23-19-30-8 = 0.192,5-11-28-31-15-5 = 0.308,5-28-31-15-33-5 = 0.038,5-21-33-20-5 = 0.038
661,657,579.315,0.0,2.192,0.0,Prune by CG,,5-26-28-9-5 = 0.2,5-12-27-29-5 = 1.0,5-11-38-31-15-5 = 0.4,5-38-18-28-9-5 = 0.6,5-32-13-5 = 0.6,5-26-22-33-8 = 0.8,5-24-21-20-5 = 0.6,8-23-35-25-8 = 0.8,8-17-10-14-37-8 = 1.0,8-19-34-16-8 = 0.2,8-19-36-35-25-8 = 0.2,8-19-36-24-32-13-5 = 0.4,8-30-34-16-8 = 0.8,8-36-21-20-5 = 0.4,8-23-19-30-8 = 0.2,5-11-28-31-15-5 = 0.2,5-11-18-31-15-5 = 0.4,5-22-33-9-5 = 0.2
117,107,577.076,6.0,4.57,0.0,663,664,8-30-8 = 0.5,5-15-22-33-5 = 0.5,5-26-24-20-5 = 1.0,5-11-12-29-5 = 0.5,5-11-27-29-5 = 0.5,5-38-18-31-15-5 = 0.5,5-38-18-28-9-5 = 0.5,5-28-31-22-33-5 = 0.5,5-32-13-5 = 1.0,5-21-35-25-8 = 0.5,8-23-36-21-5 = 0.5,8-17-10-14-37-8 = 1.0,8-19-36-35-25-8 = 0.5,8-34-16-8 = 1.0,8-23-19-30-8 = 0.5,5-12-27-9-5 = 0.5
663,117,581.543,0.0,4.467,0.0,Prune by CG,,8-30-8 = 0.714,5-26-24-20-5 = 0.357,5-26-28-9-5 = 0.357,5-11-12-29-5 = 0.5,5-11-27-29-5 = 0.5,5-21-22-33-5 = 1.0,5-38-18-31-15-5 = 0.786,5-38-18-28-9-5 = 0.143,5-38-28-31-15-5 = 0.071,5-31-15-9-5 = 0.071,5-18-28-31-15-5 = 0.071,5-32-13-5 = 1.0,5-28-10-14-37-8 = 0.357,5-12-27-10-16-8 = 0.071,8-23-19-34-8 = 0.071,8-17-37-14-5 = 0.071,8-17-10-14-37-8 = 0.571,8-19-36-35-25-8 = 0.643,8-34-16-8 = 0.643,8-30-34-16-8 = 0.286,5-26-23-19-8 = 0.286,8-23-24-20-5 = 0.643,5-12-27-9-5 = 0.429,8-17-36-35-25-8 = 0.357
664,117,580.195,0.0,3.12,0.0,Prune by CG,,8-30-8 = 0.875,5-15-22-33-5 = 0.333,5-26-22-33-5 = 0.375,5-26-24-20-5 = 0.167,5-26-28-9-5 = 0.333,5-11-12-29-5 = 0.5,5-11-27-29-5 = 0.5,5-38-18-31-15-5 = 0.667,5-38-18-28-9-5 = 0.333,5-28-31-22-33-5 = 0.167,5-32-13-5 = 1.0,5-26-22-33-8 = 0.125,5-21-35-25-8 = 0.708,5-24-35-20-5 = 0.292,8-23-36-21-5 = 0.292,8-23-36-20-5 = 0.292,8-23-36-24-25-8 = 0.292,8-17-10-14-37-8 = 1.0,8-19-34-16-8 = 0.875,8-19-36-24-20-5 = 0.125,8-30-34-16-8 = 0.125,8-23-24-20-5 = 0.125,5-12-27-9-5 = 0.333,5-28-31-12-27-5 = 0.167
654,537,577.089,0.337,0.084,-0.013,665,666,5-13-5 = 0.024,8-30-8 = 0.975,5-32-5 = 0.018,5-26-24-20-5 = 0.992,5-12-27-29-5 = 1.0,5-11-38-18-31-33-5 = 0.009,5-11-38-18-28-31-5 = 0.001,5-38-18-28-9-5 = 0.964,5-32-13-5 = 0.976,5-21-35-25-8 = 0.989,8-23-36-21-5 = 0.011,8-23-36-22-5 = 0.978,8-23-36-24-32-5 = 0.005,8-17-10-14-37-8 = 1.0,8-19-34-16-8 = 0.975,8-19-22-15-5 = 0.019,8-19-36-22-25-8 = 0.003,8-19-36-31-9-5 = 0.003,8-30-34-16-8 = 0.025,8-23-31-9-5 = 0.006,5-26-35-25-8 = 0.008,5-38-18-28-9-8 = 0.025,5-11-38-28-9-5 = 0.001,5-11-18-28-9-5 = 0.001,5-24-35-33-5 = 0.003,5-11-31-15-33-5 = 0.981,5-11-28-33-20-5 = 0.008
640,591,577.159,5.176,0.049,-0.414,667,668,8-30-8 = 0.059,5-26-24-21-5 = 0.059,5-12-27-29-5 = 0.471,5-11-12-29-5 = 0.353,5-38-18-31-15-5 = 0.529,5-38-18-28-9-5 = 0.176,5-38-28-31-15-5 = 0.235,5-18-28-31-15-5 = 0.235,5-32-13-5 = 0.176,5-26-21-33-8 = 0.059,5-26-22-33-8 = 0.118,5-26-32-13-5 = 0.706,5-11-27-14-37-8 = 0.471,5-28-10-14-37-8 = 0.294,5-21-22-33-8 = 0.824,8-23-36-35-8 = 0.059,8-17-37-9-5 = 0.235,8-17-10-9-5 = 0.529,8-19-34-16-8 = 0.059,8-19-36-35-25-8 = 0.941,8-30-34-16-8 = 0.941,5-11-12-27-14-8 = 0.059,8-23-24-20-5 = 0.941,8-17-10-14-29-5 = 0.176,5-11-12-32-13-5 = 0.118,8-17-22-20-5 = 0.059,5-38-18-28-9-8 = 0.059,5-26-21-25-8 = 0.059
667,640,578.735,0.0,1.576,0.0,Prune by CG,,8-30-8 = 0.143,5-12-27-29-5 = 0.5,5-11-12-29-5 = 0.5,5-38-18-31-15-5 = 0.571,5-38-18-28-22-5 = 0.071,5-38-28-31-15-5 = 0.214,5-18-28-31-15-5 = 0.214,5-26-32-13-5 = 0.929,5-11-27-14-37-8 = 0.5,5-28-10-14-37-8 = 0.286,5-21-35-25-8 = 0.143,5-21-22-33-8 = 0.857,8-17-37-9-5 = 0.214,8-17-10-9-5 = 0.5,8-19-34-16-8 = 0.143,8-19-36-35-25-8 = 0.857,8-30-34-16-8 = 0.857,8-23-24-20-5 = 0.929,5-26-24-32-13-5 = 0.071,8-23-28-9-8 = 0.071,8-17-10-14-9-5 = 0.214,8-17-22-20-5 = 0.071,5-38-18-28-36-33-8 = 0.143
668,640,579.921,0.0,2.762,0.0,Prune by CG,,5-26-31-15-5 = 0.75,5-12-27-29-5 = 0.25,5-38-18-31-15-5 = 0.125,5-38-18-28-9-5 = 0.875,5-32-13-5 = 0.5,5-26-32-13-5 = 0.25,5-11-27-14-37-8 = 0.25,5-28-10-14-37-8 = 0.125,5-21-22-33-8 = 1.0,8-17-37-14-5 = 0.25,8-17-37-29-5 = 0.375,8-19-36-35-25-8 = 1.0,8-30-34-16-8 = 1.0,8-23-24-20-5 = 1.0,8-17-10-14-29-5 = 0.375,5-11-12-32-13-5 = 0.25,5-31-15-9-8 = 0.125,5-11-12-27-10-8 = 0.5
644,641,577.033,5.5,0.013,0.5,669,670,8-30-8 = 0.25,5-15-10-9-5 = 0.167,5-12-27-29-5 = 0.5,5-11-12-29-5 = 0.5,5-38-18-10-9-5 = 0.333,5-38-18-31-9-5 = 0.333,5-26-32-13-5 = 1.0,5-11-27-14-37-8 = 0.5,5-24-21-20-5 = 1.0,8-23-35-25-8 = 0.75,8-23-36-35-8 = 0.083,8-23-36-22-8 = 0.083,8-23-36-33-25-8 = 0.083,8-19-34-16-8 = 0.25,8-19-36-35-25-8 = 0.167,8-19-36-22-33-8 = 0.583,8-30-34-16-8 = 0.75,8-17-28-22-33-5 = 0.333,8-17-28-31-15-5 = 0.667,5-18-15-9-5 = 0.167,5-38-10-14-37-8 = 0.333,5-18-10-14-37-8 = 0.167
669,644,578.043,0.0,1.009,0.0,Prune by CG,,8-30-8 = 0.111,5-12-27-29-5 = 0.444,5-11-12-29-5 = 0.444,5-38-18-10-9-5 = 0.667,5-38-18-31-9-5 = 0.111,5-32-13-5 = 0.222,5-12-14-37-8 = 0.111,5-26-32-13-5 = 0.778,5-11-27-14-37-8 = 0.556,5-24-21-20-5 = 1.0,8-23-35-25-8 = 0.889,8-19-36-35-25-8 = 0.111,8-19-36-22-33-8 = 0.778,8-34-16-8 = 0.111,8-30-34-16-8 = 0.889,8-17-28-22-33-5 = 0.111,8-17-28-31-15-5 = 0.889,8-36-22-15-5 = 0.111,5-26-23-19-8 = 0.111,5-38-10-14-37-8 = 0.222,5-18-10-14-37-8 = 0.111,5-18-9-29-5 = 0.111,5-26-33-9-5 = 0.111
670,644,582.302,0.0,5.269,0.0,Prune by CG,,8-30-8 = 0.267,5-15-10-9-5 = 0.5,5-12-27-29-5 = 0.5,5-11-12-29-5 = 0.5,5-38-18-31-9-5 = 0.1,5-38-18-31-15-5 = 0.4,5-26-32-13-5 = 0.733,5-11-27-14-37-8 = 0.5,5-31-10-14-37-8 = 0.1,5-24-21-20-5 = 0.6,8-23-35-25-8 = 0.533,8-23-36-35-8 = 0.133,8-23-36-24-25-8 = 0.133,8-19-34-16-8 = 0.467,8-19-36-35-25-8 = 0.333,8-30-34-16-8 = 0.533,8-17-28-22-33-5 = 1.0,8-36-21-20-5 = 0.4,8-23-19-30-8 = 0.2,5-26-24-32-13-5 = 0.267,5-31-15-9-8 = 0.1,5-38-18-31-9-8 = 0.3,5-38-10-14-37-8 = 0.2,5-18-10-14-37-8 = 0.2
587,586,577.021,5.667,0.2,0.667,671,672,5-26-20-5 = 0.5,5-12-27-29-5 = 0.5,5-11-12-29-5 = 0.167,5-11-12-27-5 = 0.167,5-11-27-29-5 = 0.333,5-38-18-31-15-5 = 0.667,5-38-18-28-9-5 = 0.333,5-31-15-9-5 = 0.167,5-32-13-5 = 0.333,5-21-22-33-8 = 1.0,8-23-36-24-32-5 = 0.5,8-17-10-14-37-8 = 1.0,8-19-36-35-25-8 = 0.5,8-30-34-16-8 = 1.0,8-23-28-9-5 = 0.5,5-26-20-13-5 = 0.5,5-11-12-32-13-5 = 0.167,5-11-28-31-15-5 = 0.167,8-19-24-35-25-8 = 0.5
671,587,577.911,0.0,0.89,0.0,Prune by CG,,8-30-8 = 0.25,5-26-20-5 = 0.75,5-12-27-29-5 = 0.5,5-11-12-29-5 = 0.25,5-11-12-27-5 = 0.25,5-11-27-14-29-5 = 0.25,5-38-18-31-15-5 = 0.5,5-38-18-28-9-5 = 0.5,5-28-31-10-9-5 = 0.25,5-21-35-25-8 = 0.25,5-21-22-33-8 = 0.75,8-23-36-24-32-5 = 0.25,8-17-37-9-5 = 0.25,8-17-10-14-37-8 = 0.75,8-19-34-16-8 = 0.25,8-19-36-35-25-8 = 0.75,8-30-34-16-8 = 0.75,5-26-20-13-5 = 0.25,8-23-24-32-13-5 = 0.75,5-11-28-31-15-5 = 0.25,5-15-22-33-8 = 0.25
672,587,583.339,0.0,6.318,0.0,Prune by CG,,5-26-20-5 = 0.6,5-12-27-29-5 = 0.5,5-11-27-29-5 = 0.5,5-38-18-31-9-5 = 0.2,5-38-18-31-15-5 = 0.2,5-38-18-28-9-5 = 0.2,5-38-28-31-9-5 = 0.2,5-18-28-31-9-5 = 0.2,5-32-13-5 = 0.3,5-21-22-33-8 = 0.2,8-23-36-21-5 = 0.6,8-23-36-22-5 = 0.2,8-17-10-14-37-8 = 1.0,8-30-34-16-8 = 1.0,5-26-21-32-5 = 0.2,8-23-28-9-5 = 0.2,5-26-20-13-5 = 0.2,5-11-12-32-13-5 = 0.5,8-19-24-35-25-8 = 1.0,5-15-22-33-8 = 0.6,5-31-15-20-5 = 0.2,5-38-18-28-36-33-8 = 0.2
93,91,577.488,3.36,5.294,-2.307,673,674,5-13-5 = 0.005,5-26-5 = 0.025,8-30-8 = 0.975,5-32-5 = 0.005,5-15-10-9-5 = 0.005,5-26-24-20-5 = 0.975,5-12-27-29-5 = 0.5,5-11-12-29-5 = 0.5,5-38-18-10-9-5 = 0.47,5-38-18-31-9-5 = 0.5,5-38-18-31-15-5 = 0.02,5-32-13-5 = 0.995,5-11-27-14-37-8 = 0.5,5-31-10-14-37-8 = 0.48,5-21-35-25-8 = 0.975,5-24-35-20-5 = 0.025,8-23-36-21-5 = 0.025,8-23-36-15-5 = 0.975,8-19-34-16-8 = 0.975,8-19-22-33-25-8 = 0.025,8-30-34-16-8 = 0.025,8-17-28-22-33-5 = 0.95,8-17-28-22-33-8 = 0.025,8-17-28-10-9-5 = 0.025,5-38-10-14-37-8 = 0.01,5-18-10-14-37-8 = 0.01
673,93,583.093,0.0,5.605,0.0,Prune by CG,,5-13-5 = 0.25,5-26-5 = 0.25,8-30-8 = 0.5,5-26-24-20-5 = 0.75,5-12-27-29-5 = 0.5,5-11-12-29-5 = 0.5,5-38-18-31-9-5 = 0.75,5-38-18-31-15-5 = 0.25,5-23-36-21-5 = 0.25,5-32-13-5 = 1.0,5-11-27-14-37-8 = 0.5,5-21-35-25-8 = 0.75,5-24-35-20-5 = 0.25,8-23-36-15-5 = 0.75,8-17-10-14-37-8 = 0.25,8-19-34-16-8 = 0.5,8-19-22-33-25-8 = 0.25,8-30-34-16-8 = 0.5,8-17-28-22-33-8 = 0.5,8-17-28-10-9-5 = 0.25,8-28-10-14-37-8 = 0.25,8-19-22-33-10-5 = 0.25
504,241,576.968,6.333,0.799,1.181,675,676,8-30-8 = 0.833,5-26-20-5 = 0.333,5-26-24-20-5 = 0.333,5-12-27-29-5 = 0.5,5-11-12-29-5 = 0.5,5-38-18-31-15-5 = 0.833,5-38-17-37-14-5 = 0.167,5-31-10-37-14-5 = 0.167,5-32-13-5 = 1.0,5-26-22-33-8 = 0.333,5-11-27-14-37-8 = 0.5,8-23-36-21-5 = 0.833,8-19-34-16-8 = 0.667,8-19-36-24-20-5 = 0.167,8-34-16-8 = 0.167,8-30-34-16-8 = 0.167,8-17-28-10-9-5 = 0.667,8-23-28-9-5 = 0.167,8-17-28-9-5 = 0.167,8-19-21-20-5 = 0.167,5-22-35-25-8 = 0.5,5-15-22-33-8 = 0.167,5-24-35-33-25-8 = 0.5,5-18-10-14-37-8 = 0.167
675,504,579.796,0.0,2.829,0.0,Prune by CG,,5-26-5 = 0.333,8-30-8 = 0.667,5-26-21-33-5 = 0.167,5-12-27-29-5 = 0.5,5-11-12-29-5 = 0.5,5-38-18-31-15-5 = 0.833,5-38-17-37-14-5 = 0.167,5-31-10-37-14-5 = 0.167,5-32-13-5 = 1.0,5-11-27-14-37-8 = 0.5,5-21-22-33-8 = 0.5,8-23-36-21-5 = 0.333,8-23-36-20-5 = 0.167,8-19-34-16-8 = 0.5,8-19-36-24-20-5 = 0.5,8-34-16-8 = 0.167,8-30-34-16-8 = 0.333,8-17-28-10-9-5 = 0.667,8-23-28-9-5 = 0.167,8-23-24-20-5 = 0.333,8-17-28-9-5 = 0.167,5-22-35-25-8 = 0.333,5-15-22-33-8 = 0.167,5-24-35-33-25-8 = 0.167,5-18-10-14-37-8 = 0.167,5-26-35-25-8 = 0.5
676,504,578.425,0.0,1.457,0.0,Prune by CG,,8-30-8 = 0.959,5-26-20-5 = 0.412,5-26-24-20-5 = 0.444,5-12-27-29-5 = 0.438,5-11-12-29-5 = 0.438,5-37-14-29-5 = 0.124,5-38-18-31-9-5 = 0.104,5-38-18-31-15-5 = 0.709,5-38-17-37-14-5 = 0.063,5-31-10-37-14-5 = 0.187,5-32-13-5 = 0.896,5-26-22-33-8 = 0.145,5-11-27-14-37-8 = 0.562,5-24-35-20-5 = 0.037,8-23-36-21-5 = 0.917,8-19-34-16-8 = 0.896,8-19-36-24-32-13-5 = 0.083,8-34-16-8 = 0.063,8-30-34-16-8 = 0.041,8-17-28-10-9-5 = 0.813,8-23-28-9-5 = 0.063,8-23-24-32-13-5 = 0.02,8-19-15-9-5 = 0.02,5-22-35-25-8 = 0.523,5-15-22-33-8 = 0.271,5-24-35-33-25-8 = 0.416,8-17-28-18-12-5 = 0.124,5-21-33-20-5 = 0.083,5-38-18-14-37-8 = 0.063,5-38-22-33-25-8 = 0.061,5-35-33-20-5 = 0.024
366,267,576.644,4.857,0.675,2.857,677,678,8-30-8 = 0.929,5-26-24-20-5 = 1.0,5-12-27-29-5 = 0.5,5-11-12-29-5 = 0.5,5-38-18-31-15-5 = 1.0,5-32-13-5 = 0.786,5-11-27-14-37-8 = 0.5,5-21-35-25-8 = 0.143,5-21-22-33-8 = 0.571,8-23-36-21-5 = 0.071,8-23-22-33-5 = 0.429,8-17-10-14-37-8 = 0.5,8-19-36-35-25-8 = 0.857,8-34-16-8 = 0.929,8-30-34-16-8 = 0.071,8-23-28-9-5 = 0.5,8-17-28-10-9-8 = 0.5,8-36-21-32-13-5 = 0.071,8-19-21-32-13-5 = 0.143
677,366,579.956,0.0,3.312,0.0,Prune by CG,,8-30-8 = 0.833,5-26-24-20-5 = 1.0,5-12-27-29-5 = 0.5,5-11-12-29-5 = 0.5,5-38-18-31-15-5 = 0.667,5-32-13-5 = 1.0,5-11-27-14-37-8 = 0.5,8-23-36-21-5 = 0.5,8-17-10-14-37-8 = 0.5,8-19-35-33-25-8 = 0.167,8-19-34-16-8 = 0.167,8-19-22-21-5 = 0.167,8-19-36-35-25-8 = 0.5,8-34-16-8 = 0.667,8-30-34-16-8 = 0.167,8-17-28-10-9-5 = 0.167,8-23-28-9-5 = 0.5,8-17-28-10-9-8 = 0.333,5-15-22-33-8 = 0.333,5-18-31-22-33-8 = 0.167,5-38-31-22-33-8 = 0.167,5-38-18-22-33-8 = 0.167,8-21-35-25-8 = 0.333
678,366,578.1,0.0,1.456,0.0,Prune by CG,,8-30-8 = 1.0,5-26-24-20-5 = 1.0,5-12-27-29-5 = 0.545,5-11-12-29-5 = 0.364,5-11-27-29-5 = 0.091,5-11-27-10-9-5 = 0.091,5-38-18-31-15-5 = 0.727,5-32-13-5 = 0.636,5-11-27-14-37-8 = 0.182,5-21-35-25-8 = 0.091,5-21-22-33-8 = 0.909,8-17-10-14-37-8 = 0.818,8-19-22-15-5 = 0.091,8-19-36-35-25-8 = 0.909,8-34-16-8 = 1.0,8-17-28-31-15-5 = 0.182,8-23-28-9-5 = 0.818,8-23-33-9-5 = 0.091,5-11-38-18-32-13-5 = 0.182,5-38-18-31-32-13-5 = 0.091,8-23-36-32-13-5 = 0.091,5-11-12-27-10-8 = 0.091
170,116,577.256,2.15,3.424,-0.85,679,680,5-13-5 = 0.019,8-30-8 = 0.975,5-32-5 = 0.019,5-26-24-20-5 = 1.0,5-12-27-29-5 = 1.0,5-11-38-31-15-5 = 0.006,5-11-38-18-31-5 = 0.006,5-11-38-18-15-5 = 0.006,5-21-22-33-5 = 0.975,5-38-18-31-15-5 = 0.981,5-32-13-5 = 0.981,5-21-22-33-8 = 0.025,8-17-10-14-37-8 = 0.512,8-19-36-35-25-8 = 1.0,8-34-16-8 = 0.488,8-30-34-16-8 = 0.025,8-23-28-9-5 = 1.0,5-11-17-34-16-8 = 0.488,5-11-18-31-15-5 = 0.006,5-11-10-14-37-8 = 0.488
680,170,585.096,0.0,7.84,0.0,Prune by CG,,5-26-5 = 0.025,8-30-8 = 0.967,8-34-8 = 0.322,5-26-24-20-5 = 0.975,5-12-27-29-5 = 0.678,5-11-38-31-15-5 = 0.008,5-21-22-33-5 = 0.975,5-38-18-31-15-5 = 0.975,5-32-13-5 = 1.0,8-37-14-29-5 = 0.322,5-12-27-10-16-8 = 0.314,5-24-21-20-5 = 0.025,8-17-10-14-37-8 = 0.356,8-19-36-35-25-8 = 1.0,8-30-34-8 = 0.033,8-23-28-9-5 = 1.0,5-11-12-10-16-8 = 0.008,5-11-17-34-16-8 = 0.644,5-11-18-31-15-5 = 0.017,5-11-10-14-37-8 = 0.314,5-22-33-16-8 = 0.025,5-38-27-14-37-8 = 0.008,5-11-38-18-10-16-8 = 0.008
666,654,577.137,0.367,0.048,0.03,681,682,5-13-5 = 0.033,8-30-8 = 0.975,5-32-5 = 0.017,5-26-24-20-5 = 0.983,5-12-27-29-5 = 1.0,5-38-18-28-9-5 = 0.975,5-32-13-5 = 0.967,5-21-35-25-8 = 0.983,8-23-36-21-5 = 0.008,8-23-36-22-5 = 0.975,8-23-36-24-32-5 = 0.017,8-17-10-14-37-8 = 1.0,8-19-34-16-8 = 0.975,8-19-22-15-5 = 0.017,8-19-22-21-5 = 0.008,8-30-34-16-8 = 0.025,5-26-35-25-8 = 0.017,5-38-18-28-9-8 = 0.025,5-11-31-15-33-5 = 0.983,5-11-31-33-20-5 = 0.017
681,666,589.071,0.0,11.934,0.0,Prune by CG,,5-13-5 = 0.645,8-30-8 = 0.975,5-26-21-33-5 = 0.177,5-26-20-5 = 0.518,5-12-27-29-5 = 1.0,5-11-38-31-22-5 = 0.089,5-38-18-28-9-5 = 0.886,5-31-15-22-5 = 0.177,5-21-35-25-8 = 0.557,8-23-36-22-5 = 0.025,8-23-36-24-32-5 = 0.95,8-17-10-14-37-8 = 1.0,8-19-34-16-8 = 0.975,8-19-36-24-32-13-5 = 0.025,8-30-34-16-8 = 0.025,5-26-20-13-5 = 0.305,8-23-24-32-13-5 = 0.025,5-22-35-25-8 = 0.443,5-28-22-21-5 = 0.089,5-21-33-20-5 = 0.177,5-38-18-28-9-8 = 0.025,5-11-18-31-9-5 = 0.089,5-11-31-15-33-5 = 0.645,5-11-15-22-5 = 0.177
682,666,577.138,0.36,0.001,-0.007,683,684,5-13-5 = 0.02,8-30-8 = 0.975,5-32-5 = 0.02,5-26-24-20-5 = 0.98,5-12-27-29-5 = 1.0,5-38-18-28-9-5 = 0.975,5-32-13-5 = 0.98,5-21-35-25-8 = 0.97,5-24-35-20-5 = 0.01,8-23-36-21-5 = 0.015,8-23-36-22-5 = 0.975,8-17-10-14-37-8 = 1.0,8-19-34-16-8 = 0.975,8-19-22-15-5 = 0.01,8-19-22-21-5 = 0.005,8-19-36-22-25-8 = 0.01,8-30-34-16-8 = 0.025,8-23-24-21-5 = 0.01,5-26-35-25-8 = 0.02,5-38-18-28-9-8 = 0.025,5-11-31-15-33-5 = 0.99,5-11-31-33-20-5 = 0.01
683,682,590.486,0.0,13.348,0.0,Prune by CG,,8-30-8 = 0.8,5-26-20-5 = 0.1,5-26-24-20-5 = 0.7,5-12-27-29-5 = 1.0,5-11-38-31-15-5 = 0.1,5-38-18-28-9-5 = 0.7,5-23-19-36-33-5 = 0.2,5-32-13-5 = 1.0,5-28-10-14-37-8 = 0.1,5-21-35-25-8 = 0.8,8-23-36-22-5 = 0.5,8-23-19-36-24-5 = 0.3,8-17-34-16-8 = 0.1,8-17-10-14-37-8 = 0.9,8-19-22-15-5 = 0.3,8-19-22-21-5 = 0.2,8-34-16-8 = 0.7,8-30-34-16-8 = 0.2,5-26-35-25-8 = 0.2,5-38-18-28-9-8 = 0.2,5-11-18-31-9-5 = 0.1,5-11-31-15-33-5 = 0.6,5-11-31-33-20-5 = 0.2
684,682,577.169,0.336,0.031,-0.024,685,686,5-13-5 = 0.02,8-30-8 = 0.972,5-32-5 = 0.02,5-26-24-20-5 = 0.98,5-12-27-29-5 = 1.0,5-38-18-28-9-5 = 0.984,5-32-13-5 = 0.98,5-21-35-25-8 = 0.976,5-24-35-20-5 = 0.004,8-23-36-22-5 = 0.972,8-17-10-14-37-8 = 1.0,8-19-34-16-8 = 0.984,8-19-36-22-25-8 = 0.004,8-30-34-16-8 = 0.016,8-36-22-15-5 = 0.016,8-36-22-21-5 = 0.008,8-23-19-30-8 = 0.012,8-23-24-21-5 = 0.016,5-26-35-25-8 = 0.02,5-38-18-28-9-8 = 0.016,5-11-31-15-33-5 = 0.984,5-11-31-33-20-5 = 0.016
686,684,580.651,0.0,3.481,0.0,Prune by CG,,5-13-5 = 0.02,8-30-8 = 0.94,5-32-5 = 0.02,5-26-24-20-5 = 0.98,5-12-27-29-5 = 1.0,5-38-18-28-9-5 = 1.0,5-32-13-5 = 0.98,5-21-35-25-8 = 0.02,5-24-35-20-5 = 0.02,8-23-36-21-5 = 0.94,8-17-10-14-37-8 = 1.0,8-19-34-16-8 = 0.92,8-19-36-22-25-8 = 0.02,8-34-16-8 = 0.08,8-36-22-21-5 = 0.04,8-23-19-30-8 = 0.06,5-22-35-25-8 = 0.94,5-26-35-25-8 = 0.02,5-11-31-15-33-5 = 1.0
264,106,576.982,5.0,2.285,1.0,687,688,8-30-8 = 1.0,5-26-28-9-5 = 0.5,5-12-27-29-5 = 0.5,5-11-12-29-5 = 0.5,5-11-27-10-9-5 = 0.25,5-38-18-31-15-5 = 1.0,5-32-13-5 = 0.5,5-26-32-13-5 = 0.5,5-11-27-14-37-8 = 0.25,5-21-35-25-8 = 0.25,5-21-22-33-8 = 0.75,8-17-10-14-37-8 = 0.75,8-19-36-35-25-8 = 0.75,8-19-36-24-20-5 = 0.25,8-34-16-8 = 1.0,8-17-28-22-33-8 = 0.25,8-23-28-9-5 = 0.25,8-23-24-20-5 = 0.75
688,264,580.373,0.0,3.392,0.0,Prune by CG,,8-30-8 = 1.0,5-26-21-5 = 0.25,5-12-27-29-5 = 0.5,5-11-12-29-5 = 0.5,5-11-27-10-9-5 = 0.25,5-38-18-31-9-5 = 0.5,5-38-18-28-15-5 = 0.375,5-38-28-31-15-5 = 0.125,5-31-15-9-5 = 0.25,5-18-28-31-15-5 = 0.125,5-32-13-5 = 0.375,5-26-32-13-5 = 0.625,5-11-27-14-37-8 = 0.25,5-21-22-33-8 = 0.75,8-17-10-14-37-8 = 0.75,8-19-36-35-25-8 = 1.0,8-34-16-8 = 1.0,8-17-28-22-33-8 = 0.25,8-23-24-20-5 = 1.0,5-26-28-15-5 = 0.125
416,115,577.189,5.85,1.329,0.183,689,690,5-13-5 = 0.3,8-30-8 = 0.5,5-15-22-33-5 = 0.125,5-26-24-20-5 = 0.875,5-12-27-29-5 = 0.475,5-11-12-29-5 = 0.475,5-37-14-29-5 = 0.05,5-21-22-33-5 = 0.075,5-38-18-31-15-5 = 0.875,5-31-10-37-14-5 = 0.125,5-32-13-5 = 1.0,5-12-14-37-8 = 0.05,5-11-27-14-37-8 = 0.525,5-21-22-33-8 = 0.675,8-19-36-35-25-8 = 1.0,8-34-16-8 = 0.5,8-30-34-16-8 = 0.5,8-17-28-10-9-5 = 0.625,8-23-28-9-5 = 0.375,8-23-24-20-5 = 0.125,5-38-10-14-37-8 = 0.125,5-26-23-33-5 = 0.125,8-17-23-22-5 = 0.125,5-18-10-14-37-8 = 0.125,8-17-23-21-5 = 0.25
690,416,582.08,0.0,4.891,0.0,Prune by CG,,8-30-8 = 0.733,5-23-22-33-5 = 0.333,5-26-21-5 = 0.333,5-26-24-20-5 = 0.467,5-12-27-29-5 = 0.4,5-11-12-29-5 = 0.4,5-38-18-31-15-5 = 1.0,5-23-36-22-5 = 0.067,5-32-13-5 = 1.0,5-12-14-37-8 = 0.2,5-11-27-14-37-8 = 0.6,8-37-14-29-5 = 0.2,5-21-22-33-8 = 0.467,5-24-21-20-5 = 0.133,8-19-22-21-5 = 0.067,8-19-36-35-25-8 = 0.933,8-34-16-8 = 0.733,8-30-34-16-8 = 0.267,8-17-28-10-9-5 = 1.0,5-26-23-33-5 = 0.2,8-22-35-25-8 = 0.067,5-23-24-20-5 = 0.4
607,530,577.188,6.556,0.347,0.222,691,692,8-30-8 = 0.083,5-26-24-20-5 = 1.0,5-12-27-29-5 = 0.556,5-11-12-29-5 = 0.444,5-38-18-31-15-5 = 0.556,5-32-13-5 = 0.556,5-11-27-14-37-8 = 0.444,5-21-35-25-8 = 0.722,5-21-22-33-8 = 0.278,8-23-35-25-8 = 0.278,8-23-19-34-8 = 0.111,8-17-10-14-37-8 = 0.528,8-19-34-16-8 = 0.083,8-19-36-22-33-5 = 0.417,8-19-36-33-9-5 = 0.278,8-30-34-16-8 = 0.806,8-17-28-15-33-8 = 0.028,8-17-28-10-9-5 = 0.333,8-17-28-31-15-5 = 0.111,8-36-22-15-5 = 0.306,8-28-10-14-37-8 = 0.028,8-23-19-30-8 = 0.111,8-23-28-9-8 = 0.389,5-11-38-18-32-13-5 = 0.111,5-38-18-31-32-13-5 = 0.333,8-23-28-10-16-8 = 0.111
691,607,580.075,0.0,2.888,0.0,Prune by CG,,5-26-24-20-5 = 0.833,5-12-27-29-5 = 0.333,5-11-12-29-5 = 0.333,5-11-12-27-5 = 0.333,5-11-27-14-29-5 = 0.167,5-38-18-31-15-5 = 0.833,5-32-13-5 = 0.5,5-32-20-13-5 = 0.167,5-11-27-14-37-8 = 0.167,5-21-35-25-8 = 0.833,5-21-22-33-8 = 0.167,8-23-35-25-8 = 0.167,8-23-19-34-8 = 0.083,8-17-37-29-5 = 0.167,8-17-10-14-37-8 = 0.583,8-19-36-22-33-5 = 0.667,8-19-36-33-9-5 = 0.167,8-30-34-16-8 = 0.917,8-36-22-15-5 = 0.167,8-28-10-14-37-8 = 0.083,8-23-19-30-8 = 0.083,5-26-24-32-13-5 = 0.167,8-23-28-9-8 = 0.583,8-17-28-10-9-8 = 0.25,5-38-18-31-32-13-5 = 0.167,8-23-28-10-16-8 = 0.083
692,607,580.943,0.0,3.756,0.0,Prune by CG,,8-30-8 = 0.091,5-26-24-20-5 = 0.727,5-12-27-29-5 = 0.455,5-11-12-29-5 = 0.455,5-38-18-31-15-5 = 0.364,5-32-13-5 = 0.455,5-12-14-37-8 = 0.091,5-11-27-14-37-8 = 0.545,5-21-35-25-8 = 0.364,5-21-22-33-8 = 0.636,8-23-35-25-8 = 0.636,8-23-19-34-8 = 0.091,8-17-10-14-37-8 = 0.182,8-19-34-16-8 = 0.182,8-19-36-33-9-5 = 0.364,8-34-16-8 = 0.091,8-30-34-16-8 = 0.636,8-17-28-10-9-5 = 0.545,8-17-28-31-15-5 = 0.273,8-36-22-15-5 = 0.364,8-23-19-30-8 = 0.273,5-26-24-32-13-5 = 0.273,8-28-9-29-5 = 0.091,8-28-10-37-14-5 = 0.091,5-38-18-31-10-16-8 = 0.091,5-38-18-31-32-13-5 = 0.273,8-19-10-14-37-8 = 0.091,5-38-18-36-20-5 = 0.273
547,383,576.59,8.0,0.086,4.5,693,694,5-26-5 = 0.5,8-30-8 = 0.5,5-15-22-33-5 = 0.25,5-26-24-20-5 = 0.25,5-12-27-29-5 = 0.5,5-11-12-29-5 = 0.5,5-38-18-31-15-5 = 0.75,5-32-13-5 = 1.0,5-11-27-14-37-8 = 0.5,5-24-21-20-5 = 0.75,8-23-35-25-8 = 0.5,8-23-36-35-8 = 0.5,8-19-34-16-8 = 0.5,8-19-36-22-33-5 = 0.5,8-30-34-16-8 = 0.5,8-17-28-10-9-5 = 0.5,8-17-28-9-5 = 0.5,5-38-10-14-37-8 = 0.25,5-18-10-14-37-8 = 0.25,5-26-21-25-8 = 0.25,5-31-22-33-25-8 = 0.25
694,547,577.223,4.5,0.633,-3.5,695,696,5-13-5 = 0.25,5-26-5 = 0.75,5-26-24-20-5 = 0.25,5-12-27-29-5 = 0.5,5-11-12-29-5 = 0.5,5-38-18-31-15-5 = 0.75,5-32-13-5 = 1.0,5-11-27-14-37-8 = 0.5,5-24-21-20-5 = 0.75,8-23-35-25-8 = 1.0,8-19-36-22-33-8 = 1.0,8-30-34-16-8 = 1.0,8-17-28-10-9-5 = 0.5,8-17-28-9-5 = 0.5,5-31-15-21-5 = 0.25,5-38-10-14-37-8 = 0.25,5-18-10-14-37-8 = 0.25
695,694,578.93,0.0,1.707,0.0,Prune by CG,,5-26-5 = 0.6,8-30-8 = 0.4,5-26-21-5 = 0.2,5-26-24-20-5 = 0.2,5-12-27-29-5 = 0.4,5-11-12-29-5 = 0.4,5-37-14-29-5 = 0.2,5-38-18-31-15-5 = 1.0,5-32-13-5 = 1.0,5-12-14-37-5 = 0.2,5-11-27-14-37-8 = 0.6,5-24-21-20-5 = 0.8,8-23-35-25-8 = 0.6,8-19-36-22-33-8 = 1.0,8-34-16-8 = 0.4,8-30-34-16-8 = 0.6,8-17-28-10-9-5 = 1.0,5-23-35-25-8 = 0.4
696,694,581.415,0.0,4.192,0.0,Prune by CG,,5-26-5 = 1.0,5-12-27-29-5 = 1.0,5-38-18-31-15-5 = 1.0,5-32-13-5 = 1.0,5-24-21-20-5 = 1.0,8-23-35-25-8 = 1.0,8-19-36-22-33-8 = 1.0,8-30-34-16-8 = 1.0,8-17-28-9-5 = 1.0,5-11-10-14-37-8 = 1.0
693,547,577.132,7.0,0.542,-1.0,697,698,5-13-5 = 0.125,8-30-8 = 0.625,5-26-24-20-5 = 0.875,5-12-27-29-5 = 0.5,5-11-12-29-5 = 0.5,5-21-22-33-5 = 0.625,5-38-18-31-15-5 = 0.75,5-31-15-22-5 = 0.25,5-32-13-5 = 1.0,5-11-27-14-37-8 = 0.5,5-24-21-20-5 = 0.125,8-23-35-25-8 = 0.375,8-23-36-35-5 = 0.25,8-23-36-35-8 = 0.375,8-19-34-16-8 = 0.625,8-19-36-33-25-8 = 0.375,8-30-34-16-8 = 0.375,8-17-28-10-9-5 = 0.5,8-17-28-9-5 = 0.5,5-38-10-14-37-8 = 0.25,5-18-10-14-37-8 = 0.25,5-21-22-25-8 = 0.125,5-26-21-25-8 = 0.125
698,693,578.157,0.0,1.025,0.0,Prune by CG,,5-13-5 = 0.231,5-26-5 = 0.385,8-30-8 = 0.308,5-26-24-20-5 = 0.462,5-12-27-29-5 = 0.462,5-11-12-29-5 = 0.462,5-37-14-29-5 = 0.077,5-38-18-31-15-5 = 0.846,5-31-15-22-5 = 0.154,5-32-13-5 = 1.0,5-12-14-37-5 = 0.077,5-11-27-14-37-8 = 0.538,5-21-22-33-8 = 0.846,8-23-35-25-8 = 0.692,8-23-36-35-5 = 0.308,8-19-34-16-8 = 0.308,8-19-36-33-25-8 = 0.154,8-19-36-24-20-5 = 0.538,8-30-34-16-8 = 0.692,8-17-28-10-9-5 = 0.692,8-17-28-9-5 = 0.308,5-38-10-14-37-8 = 0.154,5-18-10-14-37-8 = 0.154,5-26-21-25-8 = 0.154
308,163,577.257,6.667,2.416,-0.117,699,700,8-30-8 = 0.833,5-26-21-5 = 0.5,5-26-24-20-5 = 0.5,5-12-27-29-5 = 0.5,5-11-12-29-5 = 0.5,5-38-18-31-15-5 = 0.667,5-38-28-10-9-5 = 0.333,5-18-28-10-9-5 = 0.333,5-32-13-5 = 1.0,5-11-27-14-37-8 = 0.5,5-31-10-14-37-8 = 0.333,5-21-35-25-8 = 0.333,5-24-21-20-5 = 0.167,8-23-22-33-5 = 0.667,8-17-37-14-5 = 0.167,8-17-34-16-8 = 0.833,8-19-36-35-25-8 = 0.667,8-19-36-22-33-8 = 0.333,8-30-34-16-8 = 0.167,8-23-24-20-5 = 0.333,5-28-15-9-5 = 0.333
699,308,578.767,0.0,1.511,0.0,Prune by CG,,5-26-5 = 0.033,8-30-8 = 0.967,5-26-31-15-5 = 0.467,5-26-28-9-5 = 0.467,5-12-27-29-5 = 0.5,5-11-12-29-5 = 0.5,5-38-18-31-15-5 = 0.5,5-38-28-10-9-5 = 0.033,5-18-28-10-9-5 = 0.5,5-32-13-5 = 1.0,5-11-27-14-37-8 = 0.5,5-24-21-20-5 = 1.0,8-23-22-33-5 = 0.967,8-17-37-14-8 = 0.033,8-17-34-16-8 = 0.967,8-19-36-35-25-8 = 0.967,8-19-36-22-33-8 = 0.033,8-30-34-16-8 = 0.033,8-23-31-15-5 = 0.033,5-38-10-14-37-8 = 0.467,5-26-35-25-8 = 0.033
685,684,577.257,0.293,0.088,-0.043,701,702,5-13-5 = 0.017,8-30-8 = 0.97,5-32-5 = 0.017,5-26-24-20-5 = 0.99,5-26-28-9-5 = 0.004,5-12-27-29-5 = 0.993,5-11-12-5 = 0.007,5-11-38-18-31-33-5 = 0.015,5-38-18-28-9-5 = 0.973,5-32-13-5 = 0.983,5-21-35-25-8 = 0.991,5-24-35-20-5 = 0.002,8-23-36-22-5 = 0.999,8-17-10-14-37-8 = 1.0,8-19-34-16-8 = 0.977,8-19-36-21-25-8 = 0.001,8-30-34-16-8 = 0.023,8-19-30-8 = 0.007,8-24-21-15-5 = 0.007,5-38-28-33-20-5 = 0.004,5-26-35-25-8 = 0.006,5-38-18-28-9-8 = 0.009,5-28-31-27-29-5 = 0.007,5-11-31-15-33-5 = 0.978,8-19-15-9-8 = 0.015,5-18-28-33-20-5 = 0.004,8-23-22-25-8 = 0.001
701,685,587.652,0.0,10.395,0.0,Prune by CG,,5-13-5 = 0.011,8-30-8 = 0.975,5-32-5 = 0.011,5-26-24-20-5 = 1.0,5-12-27-29-5 = 0.989,5-11-12-5 = 0.011,5-11-38-18-31-33-5 = 0.513,5-38-18-28-15-5 = 0.487,5-32-13-5 = 0.989,5-28-10-14-37-8 = 0.485,5-21-35-25-8 = 1.0,8-23-36-22-5 = 1.0,8-17-37-9-8 = 0.485,8-17-10-14-37-8 = 0.025,8-19-34-16-8 = 0.975,8-30-34-16-8 = 0.025,5-28-31-15-33-5 = 0.022,8-17-10-14-9-5 = 0.485,8-17-27-10-9-5 = 0.006,5-11-31-15-33-5 = 0.465,8-19-15-9-8 = 0.025,5-11-29-5 = 0.011,5-28-27-14-37-8 = 0.006
361,124,577.292,5.375,2.013,-0.181,703,704,5-26-24-20-5 = 1.0,5-12-27-29-5 = 0.5,5-11-12-29-5 = 0.5,5-38-18-31-15-5 = 0.969,5-31-15-9-5 = 0.031,5-32-13-5 = 0.656,5-11-27-14-37-8 = 0.5,5-21-35-25-8 = 0.719,8-23-36-22-5 = 0.469,8-17-10-14-37-8 = 0.125,8-19-34-16-8 = 0.031,8-19-36-35-25-8 = 0.281,8-19-36-22-33-8 = 0.188,8-30-34-16-8 = 0.969,8-17-28-22-33-8 = 0.344,8-28-10-14-37-8 = 0.125,8-23-33-9-5 = 0.469,8-17-28-10-9-8 = 0.5,5-38-10-14-37-8 = 0.031,8-19-10-14-37-8 = 0.188,5-18-10-14-37-8 = 0.031,8-23-36-32-13-5 = 0.063,8-19-21-32-13-5 = 0.281,8-17-28-19-30-8 = 0.031
704,361,595.479,0.0,18.188,0.0,Prune by CG,,8-30-8 = 0.143,5-26-24-20-5 = 1.0,5-12-27-29-5 = 0.5,5-11-12-29-5 = 0.5,5-38-18-31-15-5 = 0.429,5-32-13-5 = 0.429,5-11-27-14-37-8 = 0.5,5-21-35-25-8 = 0.071,8-23-21-32-5 = 0.429,8-23-22-33-5 = 0.143,8-17-10-14-37-8 = 0.25,8-19-36-35-25-8 = 0.929,8-19-36-22-33-8 = 0.036,8-34-16-8 = 0.143,8-30-34-16-8 = 0.857,8-17-28-22-33-8 = 0.25,8-28-10-14-37-8 = 0.25,8-23-21-13-5 = 0.429,8-17-28-10-9-8 = 0.5,5-38-18-31-9-8 = 0.5,5-38-18-31-32-13-5 = 0.071,8-36-21-32-13-5 = 0.036,8-19-21-32-13-5 = 0.036,8-15-22-33-8 = 0.571
420,274,577.544,4.077,1.752,-1.59,705,706,8-30-8 = 0.154,5-26-22-33-5 = 0.192,5-12-27-29-5 = 0.423,5-11-12-29-5 = 0.423,5-37-14-29-5 = 0.154,5-38-18-31-9-5 = 0.077,5-38-18-31-15-5 = 0.885,5-32-13-5 = 0.192,5-12-14-37-8 = 0.154,5-26-32-13-5 = 0.808,5-11-27-14-37-8 = 0.577,5-31-10-14-37-8 = 0.038,5-24-21-20-5 = 1.0,8-23-35-25-8 = 0.808,8-23-36-22-5 = 0.154,8-19-34-16-8 = 0.154,8-19-36-35-25-8 = 0.192,8-19-36-22-33-5 = 0.654,8-30-34-16-8 = 0.846,8-17-28-15-33-8 = 0.115,8-23-33-9-5 = 0.038,8-17-28-10-9-8 = 0.885,5-38-10-14-37-8 = 0.038,5-18-10-14-37-8 = 0.038
705,420,582.914,0.0,5.37,0.0,Prune by CG,,8-30-8 = 0.143,5-12-27-29-5 = 0.5,5-11-12-29-5 = 0.5,5-11-27-14-37-5 = 0.5,5-38-18-31-9-5 = 0.071,5-38-18-31-15-5 = 0.786,5-38-17-37-14-5 = 0.143,5-31-10-37-14-5 = 0.143,5-18-10-37-14-5 = 0.143,5-32-13-5 = 0.143,5-26-22-33-8 = 0.143,5-26-32-13-5 = 0.857,5-24-21-20-5 = 1.0,8-23-35-25-8 = 0.786,8-23-36-22-5 = 0.071,8-19-22-15-5 = 0.071,8-19-36-35-25-8 = 0.214,8-19-36-22-33-8 = 0.714,8-34-16-8 = 0.143,8-30-34-16-8 = 0.857,8-17-28-15-33-8 = 0.143,8-23-28-9-8 = 0.143,8-17-28-10-9-8 = 0.714,5-14-37-9-5 = 0.071
706,420,578.285,0.0,0.741,0.0,Prune by CG,,8-30-8 = 0.167,5-26-22-33-5 = 0.167,5-12-27-29-5 = 0.5,5-11-12-29-5 = 0.5,5-38-18-31-9-5 = 0.333,5-38-18-31-15-5 = 0.5,5-32-13-5 = 0.167,5-26-32-13-5 = 0.833,5-11-27-14-37-8 = 0.5,5-31-10-14-37-8 = 0.167,5-24-21-20-5 = 1.0,8-23-35-25-8 = 0.5,8-23-36-22-5 = 0.333,8-19-34-16-8 = 0.167,8-19-22-15-5 = 0.167,8-19-36-35-25-8 = 0.333,8-19-36-22-33-5 = 0.333,8-30-34-16-8 = 0.833,8-17-28-15-33-8 = 0.333,8-23-33-9-5 = 0.167,8-17-28-10-9-8 = 0.5,5-38-10-14-37-8 = 0.167,5-18-10-14-37-8 = 0.167,8-17-28-35-25-8 = 0.167
315,314,577.185,6.57,2.649,0.673,707,708,8-30-8 = 0.063,5-26-24-20-5 = 0.772,5-12-27-29-5 = 0.5,5-11-12-29-5 = 0.5,5-11-27-10-9-5 = 0.184,5-38-18-31-9-5 = 0.614,5-38-18-31-15-5 = 0.203,5-38-18-31-21-5 = 0.114,5-38-28-10-9-5 = 0.07,5-18-28-31-9-5 = 0.07,5-32-13-5 = 0.544,5-32-20-13-5 = 0.114,5-24-21-32-13-5 = 0.228,5-11-27-14-37-8 = 0.316,8-23-35-25-8 = 0.62,8-23-36-35-8 = 0.19,8-23-36-33-25-8 = 0.19,8-17-10-14-37-8 = 0.684,8-19-34-16-8 = 0.063,8-19-22-15-5 = 0.253,8-19-33-10-9-5 = 0.063,8-19-36-35-25-8 = 0.19,8-19-36-22-33-8 = 0.43,8-30-34-16-8 = 0.937,8-17-28-22-33-8 = 0.316,5-26-21-32-5 = 0.114,5-26-20-13-5 = 0.114,5-28-15-21-5 = 0.544
708,315,582.332,0.0,5.147,0.0,Prune by CG,,5-26-24-20-5 = 0.709,5-12-27-29-5 = 0.527,5-11-12-29-5 = 0.473,5-11-38-18-28-31-5 = 0.055,5-38-18-31-15-5 = 0.855,5-38-18-31-21-5 = 0.091,5-32-13-5 = 0.564,5-32-20-13-5 = 0.145,5-24-21-32-13-5 = 0.145,5-11-27-14-37-8 = 0.473,5-28-10-14-37-8 = 0.055,5-21-35-25-8 = 0.473,8-23-36-35-8 = 0.473,8-23-36-24-25-8 = 0.145,8-23-36-33-25-8 = 0.327,8-17-10-14-37-8 = 0.473,8-19-22-9-5 = 0.582,8-19-33-10-9-5 = 0.255,8-19-36-35-25-8 = 0.055,8-30-34-16-8 = 0.945,8-17-28-22-33-8 = 0.418,5-26-21-32-5 = 0.145,5-26-20-13-5 = 0.145,8-23-28-10-16-8 = 0.055,5-28-15-21-5 = 0.145,8-17-28-19-30-8 = 0.055,8-28-10-9-5 = 0.164,8-17-28-19-34-8 = 0.055
707,315,577.305,6.31,0.12,-0.259,709,710,8-30-8 = 0.086,5-26-24-20-5 = 0.724,5-12-27-29-5 = 0.5,5-11-12-29-5 = 0.5,5-11-27-10-9-5 = 0.241,5-38-18-31-9-5 = 0.741,5-38-18-31-15-5 = 0.103,5-38-18-31-21-5 = 0.052,5-38-28-10-9-5 = 0.017,5-18-28-31-15-5 = 0.103,5-32-13-5 = 0.534,5-32-20-13-5 = 0.052,5-24-21-32-13-5 = 0.276,5-11-27-14-37-8 = 0.259,8-23-35-25-8 = 0.655,8-23-36-35-8 = 0.172,8-23-36-33-25-8 = 0.172,8-17-10-14-37-8 = 0.741,8-19-34-16-8 = 0.086,8-19-22-15-5 = 0.259,8-19-36-35-25-8 = 0.172,8-19-36-22-33-8 = 0.483,8-30-34-16-8 = 0.914,8-17-28-22-33-8 = 0.259,5-26-21-32-5 = 0.138,5-26-20-13-5 = 0.138,5-38-28-33-20-5 = 0.086,5-28-15-21-5 = 0.534
709,707,578.878,0.0,1.573,0.0,Prune by CG,,8-30-8 = 0.125,5-26-24-20-5 = 0.583,5-12-27-29-5 = 0.583,5-11-12-29-5 = 0.333,5-11-12-27-5 = 0.083,5-11-27-29-5 = 0.083,5-11-27-10-9-5 = 0.125,5-38-18-31-9-5 = 0.625,5-38-18-31-15-5 = 0.125,5-18-28-31-15-5 = 0.25,5-32-13-5 = 0.417,5-32-20-13-5 = 0.083,5-24-21-32-13-5 = 0.292,5-11-27-14-37-8 = 0.125,5-24-35-20-5 = 0.125,8-23-35-25-8 = 0.875,8-23-36-33-25-8 = 0.125,8-17-34-16-8 = 0.125,8-17-10-14-37-8 = 0.875,8-19-22-15-5 = 0.125,8-19-36-22-33-8 = 0.875,8-30-34-16-8 = 0.875,5-26-21-32-5 = 0.208,5-26-20-13-5 = 0.208,5-11-38-28-9-5 = 0.25,5-28-15-21-5 = 0.5
710,707,580.974,0.0,3.669,0.0,Prune by CG,,5-26-24-20-5 = 0.81,5-12-27-29-5 = 0.5,5-11-12-29-5 = 0.5,5-11-27-10-9-5 = 0.25,5-38-18-31-9-5 = 0.633,5-38-18-31-21-5 = 0.367,5-32-13-5 = 0.62,5-32-20-13-5 = 0.095,5-24-21-32-13-5 = 0.19,5-11-27-14-37-8 = 0.25,5-28-10-14-37-8 = 0.247,5-21-35-25-8 = 0.231,8-23-35-25-8 = 0.179,8-23-36-35-8 = 0.41,8-23-36-33-25-8 = 0.34,8-17-10-14-37-8 = 0.41,8-19-34-16-8 = 0.046,8-19-22-15-5 = 0.728,8-19-36-35-25-8 = 0.179,8-30-34-16-8 = 0.954,8-17-28-15-33-8 = 0.272,8-17-28-22-33-8 = 0.272,8-28-10-14-37-8 = 0.092,5-26-21-32-5 = 0.095,5-26-20-13-5 = 0.095,8-17-28-19-30-8 = 0.046,5-21-33-9-5 = 0.117,8-23-28-36-25-8 = 0.071
702,685,577.274,0.339,0.017,0.046,711,712,5-13-5 = 0.017,8-30-8 = 0.965,5-32-5 = 0.017,5-26-20-5 = 0.013,5-26-24-20-5 = 0.97,5-12-27-29-5 = 1.0,5-11-38-18-31-33-5 = 0.013,5-38-18-28-9-5 = 0.978,5-32-13-5 = 0.983,5-21-35-25-8 = 0.978,5-24-35-20-5 = 0.017,8-23-36-22-5 = 0.991,8-17-10-14-37-8 = 1.0,8-19-34-16-8 = 0.978,8-19-36-21-25-8 = 0.009,8-30-34-16-8 = 0.022,8-19-30-8 = 0.013,8-24-21-15-5 = 0.013,5-26-35-25-8 = 0.004,5-26-28-9-8 = 0.013,5-38-18-28-9-8 = 0.009,5-11-31-15-33-5 = 0.987,8-23-22-25-8 = 0.009
711,702,581.968,0.0,4.694,0.0,Prune by CG,,5-13-5 = 0.02,8-30-8 = 0.96,5-32-5 = 0.02,5-12-27-29-5 = 1.0,5-38-18-28-9-5 = 0.98,5-32-13-5 = 0.98,5-24-21-20-5 = 0.98,8-23-36-22-5 = 1.0,8-17-10-14-37-8 = 1.0,8-19-34-16-8 = 0.98,8-30-34-16-8 = 0.02,8-19-30-8 = 0.02,8-24-21-15-5 = 0.02,5-26-35-25-8 = 1.0,5-38-18-28-9-8 = 0.02,5-11-31-15-33-5 = 0.98,5-11-31-33-20-5 = 0.02
712,702,577.278,0.356,0.004,0.016,713,714,5-13-5 = 0.011,5-26-5 = 0.011,8-30-8 = 0.967,5-32-5 = 0.011,5-26-20-5 = 0.011,5-26-24-20-5 = 0.967,5-26-28-9-5 = 0.011,5-12-27-29-5 = 1.0,5-11-38-18-31-33-5 = 0.011,5-38-18-28-9-5 = 0.967,5-32-13-5 = 0.989,5-21-35-25-8 = 0.978,5-24-35-20-5 = 0.022,8-23-36-22-5 = 0.989,8-17-10-14-37-8 = 1.0,8-19-34-16-8 = 0.978,8-19-36-21-25-8 = 0.011,8-30-34-16-8 = 0.022,8-19-30-8 = 0.011,8-24-21-15-5 = 0.011,5-38-18-28-9-8 = 0.022,5-11-31-15-33-5 = 0.989,8-23-22-25-8 = 0.011
714,712,586.776,0.0,9.498,0.0,Prune by CG,,5-26-5 = 0.353,8-30-8 = 0.975,5-15-33-20-5 = 0.168,5-26-28-9-5 = 0.328,5-12-27-29-5 = 1.0,5-11-38-31-15-5 = 0.16,5-11-38-18-31-33-5 = 0.168,5-38-18-28-9-5 = 0.496,5-32-13-5 = 0.681,5-21-35-25-8 = 0.647,5-24-35-20-5 = 0.353,5-24-21-20-5 = 0.328,8-23-36-22-5 = 0.824,8-17-10-14-37-8 = 1.0,8-19-34-16-8 = 0.975,8-19-36-21-25-8 = 0.025,8-30-34-16-8 = 0.025,5-36-33-25-20-5 = 0.151,5-26-24-32-13-5 = 0.319,5-38-18-28-9-8 = 0.176,5-11-18-31-15-5 = 0.16,5-11-31-15-33-5 = 0.512,8-23-22-25-8 = 0.176
191,171,577.468,4.1,3.759,-1.15,715,716,5-26-5 = 0.025,8-30-8 = 0.975,5-26-28-9-5 = 0.5,5-12-27-29-5 = 0.5,5-11-12-29-5 = 0.5,5-38-18-31-15-5 = 1.0,5-32-13-5 = 0.525,5-26-32-13-5 = 0.475,5-11-27-14-37-8 = 0.5,5-24-35-20-5 = 1.0,8-23-36-33-25-8 = 1.0,8-17-10-14-37-8 = 0.5,8-19-34-16-8 = 0.975,8-19-22-21-5 = 0.025,8-30-34-16-8 = 0.025,8-17-28-10-9-5 = 0.475,8-17-28-10-9-8 = 0.025,5-22-21-5 = 0.975
715,191,582.716,0.0,5.247,0.0,Prune by CG,,5-26-5 = 0.281,8-30-8 = 0.975,5-12-27-29-5 = 0.487,5-11-12-29-5 = 0.487,5-38-18-31-15-5 = 0.744,5-38-22-21-5 = 0.025,5-31-15-9-5 = 0.231,5-31-22-21-5 = 0.025,5-32-13-5 = 0.306,5-12-14-37-8 = 0.025,5-26-32-13-5 = 0.694,5-11-27-14-37-8 = 0.513,5-24-35-20-5 = 1.0,8-23-36-33-25-8 = 0.975,8-17-10-14-37-8 = 0.025,8-19-34-16-8 = 0.975,8-19-22-21-5 = 0.025,8-30-34-16-8 = 0.025,8-17-28-15-33-8 = 0.025,8-17-28-10-9-5 = 0.744,5-36-22-21-5 = 0.025,8-28-9-29-5 = 0.025,5-38-10-14-37-8 = 0.231,5-18-22-21-5 = 0.256,8-17-28-14-37-8 = 0.206,5-26-23-25-8 = 0.025,5-21-22-5 = 0.644
716,191,578.144,0.0,0.676,0.0,Prune by CG,,5-26-5 = 0.025,8-30-8 = 0.975,5-26-28-9-5 = 0.725,5-12-27-29-5 = 0.5,5-11-12-29-5 = 0.5,5-11-27-10-9-5 = 0.25,5-38-18-31-15-5 = 1.0,5-32-13-5 = 0.775,5-26-32-13-5 = 0.225,5-11-27-14-37-8 = 0.25,5-24-35-20-5 = 1.0,8-23-36-33-25-8 = 1.0,8-17-34-16-8 = 0.25,8-17-10-14-37-8 = 0.75,8-19-34-16-8 = 0.725,8-19-22-21-5 = 0.275,8-30-34-16-8 = 0.025,5-28-22-21-5 = 0.25,5-26-28-9-8 = 0.025,5-21-22-5 = 0.475
665,654,577.3,0.267,0.211,-0.07,717,718,5-13-5 = 0.02,8-30-8 = 0.973,5-32-5 = 0.02,5-26-24-20-5 = 1.0,5-12-27-29-5 = 1.0,5-11-38-18-28-33-5 = 0.02,5-32-13-5 = 0.98,5-21-35-25-8 = 1.0,8-23-36-22-5 = 0.973,8-23-36-22-8 = 0.02,8-17-10-14-37-8 = 1.0,8-19-34-16-8 = 0.98,8-19-22-15-5 = 0.007,8-19-36-31-9-5 = 0.007,8-30-34-16-8 = 0.02,8-23-19-30-8 = 0.007,5-18-31-15-33-5 = 0.98,5-11-38-28-9-5 = 0.98,8-31-15-9-5 = 0.013
717,665,587.215,0.0,9.915,0.0,Prune by CG,,5-13-5 = 0.02,8-30-8 = 0.975,5-32-5 = 0.02,5-26-24-20-5 = 1.0,5-12-27-29-5 = 1.0,5-11-38-18-28-33-5 = 0.98,5-38-18-31-15-5 = 0.01,5-31-15-22-5 = 0.95,5-32-13-5 = 0.98,5-21-35-25-8 = 1.0,8-23-36-22-5 = 0.025,8-23-36-9-5 = 0.95,8-23-36-9-8 = 0.025,8-17-10-14-37-8 = 1.0,8-19-34-16-8 = 0.975,8-19-22-9-5 = 0.025,8-30-34-16-8 = 0.025,5-11-28-31-15-5 = 0.02,5-38-31-15-33-5 = 0.01,5-18-31-15-33-5 = 0.01
236,42,577.34,6.568,3.097,-0.25,719,720,5-26-24-20-5 = 1.0,5-12-27-29-5 = 0.5,5-11-12-29-5 = 0.253,5-11-27-14-29-5 = 0.123,5-38-18-28-9-5 = 0.549,5-32-13-5 = 0.667,5-11-27-14-37-8 = 0.377,5-31-10-14-37-8 = 0.074,8-23-35-25-8 = 0.605,8-23-36-35-8 = 0.093,8-23-36-33-25-8 = 0.093,8-23-19-34-8 = 0.105,8-17-37-29-5 = 0.123,8-17-10-14-37-8 = 0.426,8-19-22-21-5 = 0.488,8-19-36-35-25-8 = 0.302,8-30-34-16-8 = 0.895,8-17-28-10-9-5 = 0.395,8-36-22-21-5 = 0.37,8-23-19-30-8 = 0.105,5-11-12-32-13-5 = 0.247,8-17-28-36-21-5 = 0.056,5-15-22-33-8 = 0.142,5-31-15-9-8 = 0.056,5-31-15-10-16-8 = 0.037,5-18-31-15-33-8 = 0.383,5-38-31-15-33-8 = 0.383,5-38-18-31-10-16-8 = 0.068,8-36-21-32-13-5 = 0.086
720,236,589.791,0.0,12.451,0.0,Prune by CG,,8-30-8 = 0.231,5-26-24-20-5 = 0.923,5-12-27-29-5 = 0.5,5-11-12-29-5 = 0.5,5-38-18-28-9-5 = 0.038,5-38-18-28-15-5 = 0.308,5-32-13-5 = 0.231,5-32-20-13-5 = 0.077,5-26-32-13-5 = 0.077,5-11-27-14-37-8 = 0.5,8-23-35-25-8 = 1.0,8-17-10-14-37-8 = 0.5,8-19-22-15-5 = 0.154,8-19-22-21-5 = 0.385,8-19-36-22-33-8 = 0.462,8-34-16-8 = 0.231,8-30-34-16-8 = 0.769,8-17-28-10-9-5 = 0.192,8-28-31-15-33-8 = 0.154,8-17-28-10-9-8 = 0.308,5-18-31-15-33-8 = 0.192,5-38-18-31-9-8 = 0.462,5-38-31-15-33-8 = 0.192,8-36-21-32-13-5 = 0.538,8-24-21-32-13-5 = 0.077
713,712,577.307,0.306,0.029,-0.049,721,722,5-13-5 = 0.013,8-30-8 = 0.964,5-32-5 = 0.013,5-26-20-5 = 0.019,5-26-24-20-5 = 0.981,5-12-27-29-5 = 0.996,5-11-12-5 = 0.002,5-38-18-28-9-5 = 0.974,5-28-31-10-9-5 = 0.002,5-32-13-5 = 0.987,5-21-35-25-8 = 0.987,8-23-36-22-5 = 0.994,8-17-10-14-37-8 = 0.998,8-19-34-16-8 = 0.979,8-19-36-21-25-8 = 0.006,8-30-34-16-8 = 0.021,8-19-30-8 = 0.015,8-24-21-15-5 = 0.006,5-38-18-28-9-8 = 0.021,5-28-31-27-29-5 = 0.002,5-11-18-31-9-5 = 0.002,5-24-35-33-5 = 0.013,5-11-31-15-33-5 = 0.987,8-17-27-14-37-8 = 0.002,8-23-22-25-8 = 0.006,8-11-12-29-5 = 0.002,8-11-38-31-15-5 = 0.004,8-11-18-31-15-5 = 0.002
721,713,612.334,0.0,35.027,0.0,Prune by CG,,5-13-5 = 0.017,8-30-8 = 1.0,5-32-5 = 0.017,5-15-33-9-5 = 0.017,5-26-24-20-5 = 0.983,5-12-27-29-5 = 0.967,5-38-28-10-9-5 = 0.867,5-18-31-10-9-5 = 0.017,5-32-13-5 = 0.983,5-28-10-14-37-8 = 0.067,5-21-35-25-8 = 0.983,8-23-36-22-5 = 0.15,8-23-36-22-8 = 0.833,8-17-19-34-16-8 = 0.1,8-19-34-16-8 = 0.9,5-18-31-15-33-5 = 0.917,5-36-33-10-9-5 = 0.017,5-38-18-28-9-8 = 0.033,5-24-35-33-5 = 0.017,5-21-33-9-5 = 0.017,5-26-33-20-5 = 0.017,5-18-28-10-9-8 = 0.033,5-38-27-14-37-8 = 0.033,8-23-22-25-8 = 0.017,8-11-12-29-5 = 0.033,8-11-38-31-15-5 = 0.067,8-11-17-37-14-5 = 0.9
722,713,577.324,0.347,0.017,0.04,723,724,5-13-5 = 0.011,8-30-8 = 0.964,5-32-5 = 0.011,5-26-20-5 = 0.028,5-26-24-20-5 = 0.972,5-12-27-29-5 = 0.997,5-11-12-5 = 0.003,5-11-38-31-9-5 = 0.009,5-11-38-18-31-33-5 = 0.001,5-38-18-28-9-5 = 0.968,5-32-13-5 = 0.989,5-21-35-25-8 = 0.979,8-23-36-22-5 = 0.993,8-17-10-14-37-8 = 1.0,8-19-34-16-8 = 0.979,8-19-36-21-25-8 = 0.007,8-30-34-16-8 = 0.021,8-19-30-8 = 0.015,8-24-21-15-5 = 0.015,5-38-18-28-9-8 = 0.021,5-28-31-27-29-5 = 0.003,5-11-18-31-9-5 = 0.001,5-24-35-33-5 = 0.013,5-11-31-15-33-5 = 0.985,5-18-28-35-25-8 = 0.008,8-23-22-25-8 = 0.007
724,722,586.749,0.0,9.425,0.0,Prune by CG,,5-13-5 = 0.014,8-30-8 = 0.964,5-32-5 = 0.014,5-26-20-5 = 0.021,5-26-24-20-5 = 0.979,5-12-27-29-5 = 1.0,5-11-38-31-9-5 = 0.014,5-32-13-5 = 0.986,5-21-35-25-8 = 0.971,8-23-36-22-5 = 0.993,8-17-10-37-14-5 = 0.964,8-17-10-14-37-8 = 0.036,8-19-34-16-8 = 0.979,8-19-36-21-25-8 = 0.007,8-30-34-16-8 = 0.021,8-19-30-8 = 0.014,5-21-35-33-5 = 0.007,8-24-21-15-5 = 0.014,5-38-18-28-9-8 = 0.986,5-24-35-33-5 = 0.007,5-11-31-15-33-5 = 0.986,5-18-28-35-25-8 = 0.014,8-23-22-25-8 = 0.007
718,665,577.313,0.405,0.013,0.138,725,726,5-13-5 = 0.025,8-30-8 = 0.975,5-32-5 = 0.018,5-26-24-20-5 = 0.987,5-12-27-29-5 = 1.0,5-11-38-18-28-33-5 = 0.005,5-38-18-31-9-5 = 0.018,5-32-13-5 = 0.975,5-21-35-25-8 = 0.982,8-23-36-21-5 = 0.018,8-23-36-22-5 = 0.947,8-23-36-22-8 = 0.025,8-23-36-24-32-5 = 0.007,8-17-10-14-37-8 = 1.0,8-19-34-16-8 = 0.975,8-19-22-15-5 = 0.023,8-19-36-22-25-8 = 0.003,8-30-34-16-8 = 0.025,5-18-31-15-33-5 = 0.977,5-26-35-25-8 = 0.013,5-11-38-28-9-5 = 0.977,5-24-35-33-5 = 0.005,5-11-28-31-9-5 = 0.005,5-11-28-33-20-5 = 0.013,8-23-22-25-8 = 0.003
726,718,585.089,0.0,7.776,0.0,Prune by CG,,5-13-5 = 0.02,8-30-8 = 0.633,5-32-5 = 0.02,5-26-24-20-5 = 1.0,5-12-27-29-5 = 1.0,5-11-38-18-28-31-5 = 0.02,5-38-18-31-9-5 = 0.02,5-38-18-31-15-5 = 0.287,5-31-15-22-5 = 0.307,5-32-13-5 = 0.98,5-21-35-25-8 = 0.04,8-23-36-25-8 = 0.633,8-17-10-14-37-8 = 1.0,8-19-34-16-8 = 0.633,8-34-16-8 = 0.367,8-36-22-15-5 = 0.04,8-36-22-21-5 = 0.327,8-23-19-30-8 = 0.367,5-21-35-33-5 = 0.633,5-22-35-25-8 = 0.327,5-18-31-15-33-5 = 0.367,5-11-38-28-9-5 = 0.673,5-11-18-28-9-5 = 0.307
723,722,577.329,0.367,0.005,0.021,727,728,5-13-5 = 0.007,8-30-8 = 0.965,5-32-5 = 0.007,5-26-20-5 = 0.033,5-26-24-20-5 = 0.967,5-12-27-29-5 = 0.995,5-11-12-5 = 0.005,5-11-38-31-15-5 = 0.007,5-38-18-28-9-5 = 0.993,5-32-13-5 = 0.993,5-21-35-25-8 = 0.978,5-28-36-35-25-8 = 0.002,8-23-36-22-5 = 0.967,8-23-36-22-8 = 0.022,8-17-10-14-37-8 = 1.0,8-19-34-16-8 = 0.978,8-19-36-21-25-8 = 0.009,8-30-34-16-8 = 0.022,8-19-30-8 = 0.013,8-24-21-15-5 = 0.013,5-28-31-27-29-5 = 0.005,5-11-18-31-9-5 = 0.007,5-24-35-33-5 = 0.02,5-11-31-15-33-5 = 0.98,8-23-22-25-8 = 0.011
728,723,583.712,0.0,6.383,0.0,Prune by CG,,5-13-5 = 0.007,8-30-8 = 0.964,5-32-5 = 0.007,5-26-20-5 = 0.014,5-26-24-20-5 = 0.986,5-12-27-29-5 = 0.988,5-11-12-5 = 0.012,5-38-18-31-9-5 = 0.005,5-38-18-28-9-5 = 0.012,5-32-13-5 = 0.993,5-21-35-25-8 = 0.986,8-23-36-22-5 = 0.971,8-23-36-22-8 = 0.021,8-17-10-14-37-8 = 0.998,8-19-34-16-8 = 0.979,8-19-36-21-25-8 = 0.007,8-30-34-16-8 = 0.021,8-19-30-8 = 0.014,5-28-31-15-33-5 = 0.986,5-11-10-9-5 = 0.002,5-24-35-33-5 = 0.014,8-17-27-14-37-8 = 0.002,5-11-38-18-9-5 = 0.981,8-23-22-25-8 = 0.007,5-11-29-5 = 0.005,5-38-18-28-31-27-5 = 0.002,8-15-27-29-5 = 0.007,8-31-15-21-5 = 0.007
727,723,577.343,0.24,0.014,-0.127,729,730,5-13-5 = 0.02,8-30-8 = 0.96,5-32-5 = 0.02,5-26-24-20-5 = 1.0,5-12-27-29-5 = 0.98,5-38-18-28-9-5 = 1.0,5-32-13-5 = 0.98,5-21-35-25-8 = 1.0,8-23-36-22-5 = 0.98,8-23-36-22-8 = 0.02,8-17-10-14-37-8 = 1.0,8-19-34-16-8 = 0.98,8-30-34-16-8 = 0.02,8-19-30-8 = 0.02,5-11-31-15-33-5 = 1.0,8-12-27-29-5 = 0.02
730,727,609.291,0.0,31.948,0.0,Prune by CG,,5-13-5 = 0.02,8-30-8 = 0.96,5-32-5 = 0.02,5-15-33-9-5 = 0.327,5-26-24-20-5 = 1.0,5-38-18-28-9-5 = 0.347,5-32-13-5 = 0.98,5-28-10-14-37-8 = 0.653,5-21-35-25-8 = 1.0,8-23-36-22-5 = 0.98,8-23-36-22-8 = 0.02,8-17-10-14-37-8 = 0.02,8-19-34-16-8 = 0.98,8-30-34-16-8 = 0.02,8-19-30-8 = 0.02,5-38-18-27-29-5 = 0.327,8-17-12-29-5 = 0.653,5-11-31-10-9-5 = 0.327,5-11-31-15-33-5 = 0.673,8-17-18-12-27-5 = 0.327,5-38-27-14-37-8 = 0.327,8-12-27-29-5 = 0.02
199,132,577.154,7.35,3.246,1.196,731,732,8-30-8 = 0.775,5-26-21-5 = 0.1,5-26-24-20-5 = 0.9,5-12-27-29-5 = 0.5,5-11-12-29-5 = 0.5,5-11-27-10-9-5 = 0.025,5-22-10-9-5 = 0.1,5-38-18-10-9-5 = 0.35,5-38-18-31-22-5 = 0.2,5-38-22-21-5 = 0.175,5-38-28-10-9-5 = 0.275,5-31-15-22-5 = 0.325,5-18-28-10-9-5 = 0.25,5-32-13-5 = 1.0,5-11-27-14-37-8 = 0.475,5-21-35-25-8 = 0.625,8-23-36-33-16-8 = 0.25,8-23-36-33-25-8 = 0.375,8-23-19-34-8 = 0.25,8-17-37-14-5 = 0.525,8-19-34-16-8 = 0.25,8-19-36-35-33-8 = 0.375,8-34-16-8 = 0.4,8-30-34-16-8 = 0.1,8-17-28-31-15-5 = 0.475,8-24-21-20-5 = 0.1,8-23-19-30-8 = 0.125,5-18-15-22-5 = 0.2
731,199,578.07,0.0,0.915,0.0,Prune by CG,,8-30-8 = 0.5,5-26-21-5 = 0.3,5-26-24-20-5 = 0.567,5-12-27-29-5 = 0.5,5-11-12-29-5 = 0.5,5-38-18-10-9-5 = 0.5,5-38-18-31-22-5 = 0.025,5-38-18-31-15-5 = 0.158,5-38-22-21-5 = 0.133,5-38-28-10-9-5 = 0.183,5-31-15-22-5 = 0.342,5-18-28-10-9-5 = 0.317,5-32-13-5 = 0.933,5-11-27-14-37-8 = 0.5,5-24-21-20-5 = 0.408,8-23-36-33-16-8 = 0.025,8-23-36-33-25-8 = 0.475,8-23-19-34-8 = 0.025,8-17-37-14-5 = 0.5,8-19-36-35-33-8 = 0.475,8-19-36-35-25-8 = 0.025,8-34-16-8 = 0.95,8-30-34-16-8 = 0.025,8-17-28-15-33-8 = 0.025,8-17-28-31-15-5 = 0.475,8-24-21-20-5 = 0.025,5-26-21-32-5 = 0.067,8-23-19-30-8 = 0.475,5-22-35-25-8 = 0.5,5-26-21-13-5 = 0.067
732,199,578.463,0.0,1.309,0.0,Prune by CG,,5-13-5 = 0.02,8-30-8 = 0.812,5-32-5 = 0.02,5-26-24-20-5 = 1.0,5-12-27-29-5 = 0.5,5-11-12-29-5 = 0.5,5-11-27-10-9-5 = 0.15,5-22-10-9-5 = 0.02,5-38-18-10-9-5 = 0.18,5-38-18-31-22-5 = 0.33,5-38-28-10-9-5 = 0.49,5-31-15-22-5 = 0.32,5-18-28-10-9-5 = 0.16,5-32-13-5 = 0.98,5-11-27-14-37-8 = 0.35,5-21-35-25-8 = 0.65,8-23-21-33-8 = 0.187,8-23-36-33-16-8 = 0.325,8-23-36-33-25-8 = 0.163,8-23-19-34-8 = 0.325,8-17-37-14-5 = 0.65,8-19-34-16-8 = 0.162,8-19-36-35-33-8 = 0.163,8-19-36-35-25-8 = 0.187,8-19-36-21-33-8 = 0.163,8-34-16-8 = 0.325,8-30-34-16-8 = 0.187,8-17-28-31-15-5 = 0.35,5-18-15-22-5 = 0.33
300,282,577.541,1.667,2.784,-1.333,733,734,5-26-28-9-5 = 1.0,5-12-27-29-5 = 1.0,5-11-38-31-15-5 = 0.333,5-38-18-31-15-5 = 0.333,5-32-13-5 = 0.667,5-24-21-20-5 = 1.0,8-23-35-25-8 = 1.0,8-17-10-14-37-8 = 1.0,8-19-36-22-33-8 = 1.0,8-30-34-16-8 = 1.0,5-11-38-18-32-13-5 = 0.333,5-11-18-31-15-5 = 0.333
733,300,581.344,0.0,3.803,0.0,Prune by CG,,5-26-28-9-5 = 0.875,5-12-27-29-5 = 1.0,5-11-38-31-15-5 = 0.25,5-32-13-5 = 0.625,5-26-32-13-5 = 0.125,5-24-21-20-5 = 1.0,8-23-35-25-8 = 0.875,8-23-36-22-5 = 0.125,8-17-10-14-37-8 = 1.0,8-19-22-15-5 = 0.125,8-19-36-35-25-8 = 0.125,8-19-36-22-33-8 = 0.75,8-30-34-16-8 = 1.0,5-38-18-15-33-8 = 0.25,5-11-18-31-15-5 = 0.375,5-11-38-18-31-32-5 = 0.25,5-38-28-9-13-5 = 0.125,5-11-38-18-31-13-5 = 0.125
734,300,582.835,0.0,5.294,0.0,Prune by CG,,5-26-28-9-5 = 0.5,5-12-27-29-5 = 0.5,5-11-27-14-29-5 = 0.5,5-11-38-18-15-5 = 0.5,5-31-15-9-5 = 0.5,5-32-13-5 = 0.5,5-26-32-13-5 = 0.5,5-24-21-20-5 = 1.0,8-23-35-25-8 = 1.0,8-17-10-14-37-8 = 0.5,8-19-36-22-33-8 = 1.0,8-30-34-16-8 = 1.0,8-17-28-10-37-8 = 0.5,5-38-18-31-12-5 = 0.5
263,106,577.372,3.857,2.675,-0.143,735,736,8-19-8 = 0.071,8-30-8 = 1.0,5-26-28-9-5 = 0.143,5-12-27-29-5 = 0.429,5-11-12-29-5 = 0.429,5-38-18-31-15-5 = 1.0,5-32-13-5 = 0.357,5-12-14-37-8 = 0.143,5-26-22-33-8 = 0.143,5-26-32-13-5 = 0.643,5-11-27-14-37-8 = 0.571,5-28-10-14-37-8 = 0.143,5-21-35-25-8 = 0.071,5-21-22-33-8 = 0.857,8-23-36-35-8 = 0.071,8-17-37-9-5 = 0.143,8-19-36-35-25-8 = 0.857,8-19-36-24-20-5 = 0.071,8-34-16-8 = 1.0,8-17-28-10-9-5 = 0.714,8-23-24-20-5 = 0.929,8-17-10-14-29-5 = 0.143,5-26-21-25-8 = 0.071
735,263,577.888,0.0,0.516,0.0,Prune by CG,,8-30-8 = 1.0,5-12-27-29-5 = 0.4,5-11-12-29-5 = 0.4,5-38-18-31-15-5 = 1.0,5-32-13-5 = 0.5,5-12-14-37-8 = 0.2,5-26-22-33-8 = 0.3,5-26-32-13-5 = 0.5,5-11-27-14-37-8 = 0.6,8-37-14-29-5 = 0.2,5-21-35-25-8 = 0.2,5-21-22-33-8 = 0.7,8-23-36-35-8 = 0.1,8-19-36-35-25-8 = 0.7,8-19-36-24-20-5 = 0.2,8-34-16-8 = 1.0,8-17-28-10-9-5 = 1.0,5-26-23-19-8 = 0.1,8-23-24-20-5 = 0.8,5-26-21-25-8 = 0.1
736,263,586.061,0.0,8.689,0.0,Prune by CG,,8-30-8 = 1.0,5-26-31-15-5 = 0.25,5-26-28-9-5 = 0.25,5-12-27-29-5 = 0.25,5-11-12-29-5 = 0.25,5-11-27-14-29-5 = 0.25,5-38-18-31-15-5 = 0.75,5-32-13-5 = 0.5,5-26-32-13-5 = 0.5,5-21-22-33-8 = 1.0,8-17-37-9-5 = 0.5,8-19-36-35-25-8 = 1.0,8-34-16-8 = 1.0,8-17-28-10-9-5 = 0.25,5-11-12-27-14-8 = 0.5,8-23-24-20-5 = 1.0,8-17-10-14-29-5 = 0.25,5-38-28-10-37-8 = 0.25,5-18-28-10-37-8 = 0.25
729,727,577.339,0.337,-0.003,0.097,737,738,5-13-5 = 0.013,8-30-8 = 0.963,5-32-5 = 0.013,5-26-20-5 = 0.024,5-26-24-20-5 = 0.976,5-12-27-29-5 = 1.0,5-11-38-31-9-5 = 0.003,5-11-38-18-31-5 = 0.003,5-38-18-28-9-5 = 0.995,5-32-13-5 = 0.987,5-21-35-25-8 = 0.979,5-28-36-35-25-8 = 0.005,8-23-36-22-5 = 0.968,8-23-36-22-8 = 0.021,8-17-10-14-37-8 = 1.0,8-19-34-16-8 = 0.979,8-19-36-21-25-8 = 0.005,8-30-34-16-8 = 0.021,8-19-30-8 = 0.016,8-24-21-15-5 = 0.016,5-11-18-31-9-5 = 0.003,5-24-35-33-5 = 0.008,5-11-31-15-33-5 = 0.984,8-23-22-25-8 = 0.011,5-11-31-35-33-5 = 0.008
738,729,592.042,0.0,14.702,0.0,Prune by CG,,5-13-5 = 0.02,8-30-8 = 0.975,5-32-5 = 0.02,5-15-33-9-5 = 0.005,5-26-24-20-5 = 1.0,5-12-27-29-5 = 1.0,5-11-38-31-15-5 = 0.04,5-21-35-25-5 = 0.9,5-38-18-28-9-5 = 0.96,5-32-13-5 = 0.98,8-23-36-22-5 = 0.015,8-23-36-22-8 = 0.935,8-17-10-14-37-8 = 1.0,8-19-34-16-8 = 0.975,8-19-36-21-25-8 = 0.025,8-30-34-16-8 = 0.025,5-28-36-35-25-5 = 0.025,5-21-35-33-5 = 0.075,5-28-15-9-8 = 0.015,5-11-18-31-9-5 = 0.02,5-11-18-31-15-5 = 0.02,5-11-31-15-33-5 = 0.92,8-23-22-25-8 = 0.05
508,48,576.852,7.0,0.18,3.2,739,740,5-13-5 = 0.5,8-30-8 = 0.5,5-26-24-20-5 = 0.5,5-26-28-9-5 = 0.5,5-12-27-29-5 = 0.5,5-11-12-29-5 = 0.5,5-38-18-31-15-5 = 1.0,5-32-13-5 = 1.0,5-11-27-14-37-8 = 0.5,5-21-35-25-8 = 1.0,8-23-22-33-8 = 0.5,8-17-10-14-37-8 = 0.5,8-19-36-22-33-5 = 0.5,8-19-36-24-20-5 = 0.5,8-30-34-16-8 = 0.5,8-17-28-10-9-5 = 0.5,8-23-34-16-8 = 0.5
740,508,577.037,5.0,0.185,-2.0,741,742,5-13-5 = 0.5,5-26-5 = 0.5,5-32-5 = 0.5,5-26-28-9-5 = 0.5,5-12-27-29-5 = 0.5,5-11-12-29-5 = 0.5,5-38-18-31-15-5 = 1.0,5-32-13-5 = 0.5,5-11-27-14-37-8 = 0.5,5-21-35-25-8 = 1.0,8-23-22-33-8 = 1.0,8-17-10-14-37-8 = 0.5,8-19-36-24-20-5 = 1.0,8-30-34-16-8 = 1.0,8-17-28-10-9-5 = 0.5
741,740,580.433,0.0,3.395,0.0,Prune by CG,,5-13-5 = 0.182,5-26-5 = 1.0,5-32-5 = 0.182,5-12-27-29-5 = 0.364,5-11-12-29-5 = 0.364,5-38-18-31-15-5 = 0.909,5-31-15-22-5 = 0.091,5-28-9-29-5 = 0.091,5-32-13-5 = 0.818,5-12-14-37-8 = 0.273,5-11-27-14-37-8 = 0.636,5-21-35-25-8 = 1.0,8-23-22-33-8 = 0.909,8-17-37-29-5 = 0.091,8-19-36-24-20-5 = 1.0,8-30-34-8 = 0.091,8-30-34-16-8 = 0.909,8-17-28-10-9-5 = 0.818,8-17-10-14-29-5 = 0.091,5-38-18-28-9-8 = 0.091,8-23-33-10-16-8 = 0.091
742,740,580.259,0.0,3.221,0.0,Prune by CG,,5-13-5 = 0.667,5-32-5 = 0.667,5-26-28-9-5 = 1.0,5-12-27-29-5 = 0.333,5-11-12-29-5 = 0.333,5-11-12-27-5 = 0.333,5-11-27-29-5 = 0.333,5-38-18-31-15-5 = 1.0,5-32-13-5 = 0.333,5-21-35-25-8 = 1.0,8-23-22-33-8 = 1.0,8-17-10-14-37-8 = 1.0,8-19-36-24-20-5 = 1.0,8-30-34-16-8 = 1.0
739,508,577.446,6.0,0.594,-1.0,743,744,5-13-5 = 0.5,8-30-8 = 0.5,5-32-5 = 0.5,5-26-24-20-5 = 1.0,5-12-27-29-5 = 0.5,5-11-12-29-5 = 0.5,5-38-18-31-15-5 = 1.0,5-32-13-5 = 0.5,5-11-27-14-37-8 = 0.5,5-21-35-25-8 = 1.0,8-17-10-14-37-8 = 0.5,8-19-36-22-33-5 = 1.0,8-30-34-16-8 = 0.5,8-17-28-10-9-5 = 0.5,8-23-28-9-8 = 0.5,8-23-34-16-8 = 0.5
743,739,580.993,0.0,3.548,0.0,Prune by CG,,5-13-5 = 0.5,8-30-8 = 0.2,5-32-5 = 0.5,8-34-8 = 0.1,5-26-24-20-5 = 1.0,5-12-27-29-5 = 0.5,5-11-12-29-5 = 0.5,5-38-18-31-15-5 = 1.0,5-32-13-5 = 0.5,5-11-27-14-37-8 = 0.5,5-21-35-25-8 = 1.0,8-17-37-14-5 = 0.2,8-17-10-9-5 = 0.3,8-17-10-14-37-8 = 0.3,8-19-36-22-33-5 = 1.0,8-30-34-8 = 0.1,8-30-34-16-8 = 0.7,8-23-28-9-8 = 0.6,8-17-28-10-9-8 = 0.1,8-23-28-10-16-8 = 0.3,8-17-23-34-8 = 0.1
125,103,577.963,3.1,5.033,-2.9,Prune by UB,,8-19-8 = 0.15,8-30-8 = 1.0,5-12-27-29-5 = 0.4,5-11-12-29-5 = 0.4,5-37-14-29-5 = 0.15,5-38-18-31-15-5 = 1.0,5-32-13-5 = 0.2,5-12-14-37-8 = 0.2,5-26-22-33-8 = 0.2,5-26-32-13-5 = 0.8,5-11-27-14-37-8 = 0.6,5-28-10-14-37-8 = 0.05,5-24-21-20-5 = 1.0,8-23-35-25-8 = 0.85,8-23-36-35-8 = 0.05,8-23-36-22-5 = 0.05,8-23-36-33-25-8 = 0.05,8-19-36-35-25-8 = 0.1,8-19-36-22-33-8 = 0.75,8-34-16-8 = 1.0,8-17-28-10-9-5 = 0.95,8-17-9-29-5 = 0.05
326,149,577.276,6.333,2.412,0.556,745,746,8-30-8 = 1.0,5-26-24-20-5 = 1.0,5-12-27-29-5 = 0.5,5-11-12-29-5 = 0.5,5-38-18-31-9-5 = 0.167,5-38-18-31-15-5 = 0.667,5-38-18-28-9-5 = 0.167,5-32-13-5 = 0.917,5-11-27-14-37-8 = 0.5,5-21-35-25-8 = 0.167,5-21-22-33-8 = 0.417,8-23-35-25-8 = 0.417,8-23-36-35-8 = 0.417,8-23-36-33-25-8 = 0.167,8-17-10-14-37-8 = 0.5,8-19-34-16-8 = 0.75,8-19-22-33-25-8 = 0.25,8-34-16-8 = 0.25,8-17-28-10-9-5 = 0.5,8-36-22-21-5 = 0.333,8-28-31-15-33-8 = 0.167,8-36-21-32-13-5 = 0.083,8-28-15-9-5 = 0.167
746,326,581.823,0.0,4.547,0.0,Prune by CG,,8-30-8 = 1.0,5-26-24-20-5 = 1.0,5-12-27-29-5 = 0.5,5-11-12-29-5 = 0.5,5-11-27-10-9-5 = 0.25,5-38-18-31-15-5 = 0.333,5-38-18-28-9-5 = 0.667,5-31-15-9-5 = 0.083,5-32-13-5 = 0.875,5-11-27-14-37-8 = 0.25,5-21-35-25-8 = 0.083,5-21-22-33-8 = 0.125,8-23-35-25-8 = 0.625,8-23-36-35-8 = 0.292,8-23-36-33-25-8 = 0.083,8-17-10-14-37-8 = 0.75,8-19-34-16-8 = 0.625,8-19-22-21-5 = 0.167,8-19-22-33-25-8 = 0.208,8-34-16-8 = 0.375,8-36-22-21-5 = 0.5,8-36-21-32-13-5 = 0.125,8-17-31-15-33-8 = 0.25,5-28-31-15-33-8 = 0.333
616,552,577.35,5.065,0.486,0.176,747,748,5-13-5 = 0.02,8-30-8 = 0.975,5-32-5 = 0.02,5-15-22-33-5 = 0.296,5-26-24-20-5 = 0.687,5-12-27-29-5 = 0.333,5-11-12-29-5 = 0.333,5-21-22-33-5 = 0.018,5-38-18-31-9-5 = 0.296,5-38-18-31-15-5 = 0.692,5-38-18-28-9-5 = 0.013,5-32-13-5 = 0.98,5-12-14-37-8 = 0.333,5-11-27-14-37-8 = 0.667,5-24-21-20-5 = 0.313,8-23-35-25-8 = 0.669,8-23-35-33-5 = 0.306,8-23-35-33-8 = 0.025,8-19-34-16-8 = 0.975,8-19-33-10-9-5 = 0.025,8-30-34-16-8 = 0.025,8-17-28-10-9-5 = 0.654,8-17-28-31-15-5 = 0.013,5-36-22-21-5 = 0.669,5-26-36-33-25-8 = 0.313,8-17-9-29-5 = 0.013,8-17-28-10-29-5 = 0.321,5-36-22-33-25-8 = 0.018
748,616,582.689,0.0,5.338,0.0,Prune by CG,,5-13-5 = 0.074,8-30-8 = 0.907,5-32-5 = 0.074,5-26-36-21-5 = 0.278,5-26-24-20-5 = 0.63,5-12-27-29-5 = 0.333,5-11-12-29-5 = 0.333,5-38-18-31-15-5 = 0.815,5-38-28-10-29-5 = 0.167,5-38-28-10-9-5 = 0.019,5-28-9-29-5 = 0.167,5-18-31-10-9-5 = 0.185,5-32-13-5 = 0.926,5-12-14-37-8 = 0.333,5-11-27-14-37-8 = 0.667,5-24-21-20-5 = 0.278,8-23-35-25-8 = 0.907,8-23-35-33-8 = 0.093,8-19-34-16-8 = 0.907,8-19-33-10-9-5 = 0.093,8-30-34-16-8 = 0.093,8-17-28-22-33-5 = 0.463,8-17-28-10-9-5 = 0.185,5-36-21-20-5 = 0.093,5-36-22-15-5 = 0.185,5-36-22-21-5 = 0.352,8-17-10-33-9-5 = 0.352,5-26-36-24-25-8 = 0.093
747,616,576.976,3.15,-0.375,-1.915,749,750,5-13-5 = 0.017,8-30-8 = 0.975,5-32-5 = 0.017,5-26-36-33-5 = 0.008,5-26-24-20-5 = 0.992,5-12-27-29-5 = 0.5,5-11-12-29-5 = 0.5,5-21-22-33-5 = 0.458,5-38-18-31-15-5 = 1.0,5-32-13-5 = 0.983,5-11-27-14-37-8 = 0.5,5-21-22-33-8 = 0.025,5-24-21-20-5 = 0.008,8-23-35-25-8 = 1.0,8-19-34-16-8 = 0.975,8-19-22-21-5 = 0.025,8-30-34-16-8 = 0.025,8-17-28-10-9-5 = 1.0,5-36-22-21-5 = 0.483,5-36-22-33-5 = 0.008,5-36-33-14-37-8 = 0.5
750,747,585.494,0.0,8.518,0.0,Prune by CG,,5-13-5 = 0.02,8-30-8 = 0.833,5-32-5 = 0.02,5-26-36-21-5 = 0.313,5-26-24-20-5 = 0.687,5-12-27-29-5 = 0.333,5-11-12-29-5 = 0.333,5-38-18-31-15-5 = 1.0,5-32-13-5 = 0.98,5-12-14-37-8 = 0.333,5-11-27-14-37-8 = 0.667,5-21-22-33-8 = 0.373,5-24-21-20-5 = 0.253,8-23-35-5 = 0.567,8-23-35-25-5 = 0.207,8-23-35-25-8 = 0.167,8-19-34-16-8 = 0.833,8-30-34-16-8 = 0.167,8-17-28-10-9-5 = 0.833,5-36-21-20-5 = 0.06,8-19-9-29-5 = 0.167,8-17-28-10-29-5 = 0.167,8-23-24-35-5 = 0.06,5-36-22-33-25-8 = 0.627
749,747,577.052,3.2,0.076,0.05,751,752,5-13-5 = 0.02,8-30-8 = 0.973,5-32-5 = 0.02,5-26-24-20-5 = 1.0,5-12-27-29-5 = 0.498,5-11-12-29-5 = 0.498,5-21-22-33-5 = 0.478,5-38-18-31-15-5 = 0.982,5-32-13-5 = 0.98,5-12-14-37-8 = 0.004,5-11-27-14-37-8 = 0.502,8-23-35-25-8 = 1.0,8-17-10-9-5 = 0.007,8-19-34-16-8 = 0.973,8-19-22-21-5 = 0.027,8-30-34-16-8 = 0.027,8-17-28-10-9-5 = 0.989,5-36-22-21-5 = 0.496,8-17-9-29-5 = 0.002,8-17-28-10-29-5 = 0.002,5-18-31-15-33-8 = 0.009,5-38-31-15-33-8 = 0.009,5-36-33-10-9-5 = 0.002,5-38-18-28-36-33-8 = 0.009,5-36-33-14-37-8 = 0.493
751,749,582.284,0.0,5.232,0.0,Prune by CG,,8-30-8 = 0.75,5-26-21-5 = 0.333,5-26-24-20-5 = 0.583,5-12-27-29-5 = 0.333,5-11-12-29-5 = 0.333,5-38-18-31-15-5 = 0.833,5-31-15-22-5 = 0.167,5-32-13-5 = 1.0,5-12-14-37-8 = 0.333,5-26-36-33-16-8 = 0.083,5-11-27-14-37-8 = 0.667,5-24-21-20-5 = 0.417,8-23-35-25-8 = 1.0,8-19-34-16-8 = 0.75,8-19-22-21-5 = 0.25,8-30-34-8 = 0.083,8-30-34-16-8 = 0.167,8-17-28-10-9-5 = 0.667,8-17-9-29-5 = 0.167,8-17-28-10-29-5 = 0.167,5-36-33-10-9-5 = 0.167,5-36-22-33-5 = 0.583,5-38-18-28-36-33-8 = 0.167
752,749,580.18,0.0,3.128,0.0,Prune by CG,,8-30-8 = 0.975,5-15-22-33-5 = 0.37,5-26-36-21-5 = 0.42,5-26-24-20-5 = 0.5,5-26-36-24-32-5 = 0.08,5-12-27-29-5 = 0.333,5-11-12-29-5 = 0.333,5-21-22-33-5 = 0.5,5-38-18-22-33-5 = 0.043,5-38-18-31-9-5 = 0.333,5-38-18-31-15-5 = 0.58,5-38-31-22-33-5 = 0.043,5-18-31-22-33-5 = 0.018,5-32-13-5 = 0.92,5-12-14-37-8 = 0.333,5-11-27-14-37-8 = 0.667,8-23-35-25-8 = 1.0,8-19-34-16-8 = 0.975,8-30-34-16-8 = 0.025,8-17-28-10-9-5 = 0.667,5-36-21-20-5 = 0.08,5-36-22-15-5 = 0.025,8-19-24-20-13-5 = 0.025,8-17-28-10-29-5 = 0.333,5-18-31-15-33-8 = 0.025,5-36-24-20-5 = 0.34,5-36-24-20-13-5 = 0.055
652,650,577.441,4.0,0.879,-0.4,753,754,5-12-27-29-5 = 0.4,5-11-12-29-5 = 0.4,5-11-27-29-5 = 0.2,5-38-18-31-15-5 = 1.0,5-32-13-5 = 0.4,5-26-22-33-8 = 0.4,5-26-32-13-5 = 0.6,5-11-27-14-37-8 = 0.2,5-21-35-25-8 = 0.6,5-21-35-33-8 = 0.2,5-21-22-33-8 = 0.2,8-17-10-14-37-8 = 0.8,8-19-36-24-20-5 = 1.0,8-30-34-16-8 = 1.0,8-23-28-9-5 = 1.0,5-22-35-25-8 = 0.2,5-11-12-27-10-8 = 0.2,8-17-22-33-25-8 = 0.2
754,652,582.085,0.0,4.644,0.0,Prune by CG,,5-12-27-29-5 = 0.4,5-11-12-29-5 = 0.4,5-11-27-29-5 = 0.2,5-38-18-31-22-5 = 0.2,5-38-18-31-15-5 = 0.8,5-32-13-5 = 0.6,5-26-21-33-8 = 0.6,5-11-27-14-37-8 = 0.2,5-21-35-25-8 = 0.4,8-17-10-14-37-8 = 0.8,8-19-36-33-20-5 = 0.4,8-19-36-24-20-5 = 0.6,8-30-34-16-8 = 1.0,8-23-28-9-5 = 1.0,5-26-24-32-13-5 = 0.4,5-22-35-25-8 = 0.6,8-17-15-22-8 = 0.2,5-11-12-27-10-8 = 0.2
753,652,577.441,3.6,0.0,-0.4,755,756,5-12-27-29-5 = 0.4,5-11-12-29-5 = 0.4,5-11-27-29-5 = 0.2,5-38-18-31-15-5 = 1.0,5-32-13-5 = 0.4,5-26-22-33-8 = 0.4,5-26-32-13-5 = 0.6,5-11-27-14-37-8 = 0.2,5-21-35-25-8 = 0.8,5-21-22-33-8 = 0.2,8-17-10-14-37-8 = 0.8,8-19-36-24-20-5 = 1.0,8-30-34-16-8 = 1.0,8-23-28-9-5 = 1.0,5-11-12-27-10-8 = 0.2,8-17-22-33-25-8 = 0.2,5-22-35-33-8 = 0.2
756,753,584.346,0.0,6.905,0.0,Prune by CG,,8-30-8 = 0.2,5-12-27-29-5 = 0.4,5-11-12-29-5 = 0.4,5-38-18-31-15-5 = 0.9,5-18-31-10-29-5 = 0.1,5-32-13-5 = 0.4,5-26-32-13-5 = 0.1,5-11-27-14-37-8 = 0.4,5-21-35-25-8 = 1.0,5-26-17-16-8 = 0.1,8-17-10-14-37-8 = 0.6,8-19-36-22-33-8 = 0.5,8-19-36-24-20-5 = 0.5,8-30-34-16-8 = 0.8,8-22-33-20-5 = 0.5,8-23-28-9-5 = 1.0,5-26-24-32-13-5 = 0.5,5-15-10-29-5 = 0.1,5-11-12-27-10-8 = 0.2,5-26-38-17-16-8 = 0.1,5-26-17-34-8 = 0.2
703,361,577.348,5.714,0.056,0.339,757,758,5-15-10-9-5 = 0.071,5-26-24-20-5 = 1.0,5-12-27-29-5 = 0.5,5-11-12-29-5 = 0.5,5-38-18-31-15-5 = 0.929,5-32-13-5 = 0.643,5-11-27-14-37-8 = 0.5,5-31-10-14-37-8 = 0.071,5-21-35-25-8 = 0.643,8-23-36-22-5 = 0.5,8-17-10-14-37-8 = 0.143,8-19-34-16-8 = 0.071,8-19-36-35-25-8 = 0.357,8-19-36-22-33-8 = 0.143,8-30-34-16-8 = 0.929,8-17-28-22-33-8 = 0.357,8-28-10-14-37-8 = 0.143,8-23-33-9-5 = 0.5,8-17-28-10-9-8 = 0.429,5-38-10-14-37-8 = 0.071,5-18-10-14-37-8 = 0.071,8-19-21-32-13-5 = 0.357,8-17-28-19-30-8 = 0.071
758,703,583.012,0.0,5.664,0.0,Prune by CG,,5-15-10-9-5 = 0.233,5-26-24-20-5 = 1.0,5-12-27-29-5 = 0.4,5-11-12-29-5 = 0.4,5-38-18-10-9-5 = 0.117,5-38-18-31-15-5 = 0.767,5-38-31-10-9-5 = 0.117,5-18-31-10-9-5 = 0.117,5-32-13-5 = 0.467,5-12-14-37-8 = 0.2,5-11-27-14-37-8 = 0.6,8-37-14-29-5 = 0.2,5-21-35-25-8 = 0.583,8-23-36-21-5 = 0.233,8-19-34-16-8 = 0.2,8-19-36-35-25-8 = 0.417,8-30-34-16-8 = 0.8,8-17-28-22-33-8 = 1.0,8-19-30-8 = 0.2,8-23-10-9-5 = 0.417,8-23-36-32-13-5 = 0.35,8-19-21-32-13-5 = 0.183
679,170,577.671,0.275,0.415,-1.875,759,760,5-13-5 = 0.019,8-30-8 = 0.975,5-32-5 = 0.019,5-26-24-20-5 = 1.0,5-12-27-29-5 = 1.0,5-11-38-31-15-5 = 0.006,5-11-38-18-31-5 = 0.006,5-11-38-18-15-5 = 0.006,5-21-22-33-5 = 0.975,5-38-18-31-15-5 = 0.981,5-32-13-5 = 0.981,5-21-22-33-8 = 0.025,8-17-34-16-8 = 0.975,8-17-10-14-37-8 = 0.025,8-19-36-35-25-8 = 1.0,8-30-34-16-8 = 0.025,8-23-28-9-5 = 1.0,5-11-18-31-15-5 = 0.006,5-11-10-14-37-8 = 0.975
759,679,580.414,0.0,2.743,0.0,Prune by CG,,5-13-5 = 0.75,5-26-24-20-5 = 1.0,5-12-27-29-5 = 1.0,5-11-38-31-15-5 = 0.25,5-11-38-18-31-5 = 0.25,5-11-38-18-15-5 = 0.25,5-38-18-31-15-5 = 0.25,5-32-13-5 = 1.0,5-21-22-33-8 = 1.0,8-17-10-14-37-8 = 1.0,8-19-36-35-25-8 = 1.0,8-30-34-16-8 = 1.0,8-23-28-9-5 = 1.0,5-11-18-31-15-5 = 0.25
760,679,577.836,0.0,0.165,0.0,Prune by CG,,5-13-5 = 0.012,5-26-5 = 0.013,8-30-8 = 0.975,5-32-5 = 0.012,5-26-24-20-5 = 0.987,5-12-27-29-5 = 1.0,5-21-22-33-5 = 0.975,5-38-18-31-15-5 = 0.988,5-32-13-5 = 0.988,5-24-21-20-5 = 0.013,8-17-34-16-8 = 0.975,8-17-10-14-37-8 = 0.025,8-19-36-35-25-8 = 1.0,8-30-34-16-8 = 0.025,8-23-28-9-5 = 1.0,5-31-15-21-5 = 0.013,5-11-10-14-37-8 = 0.975,5-11-38-22-33-8 = 0.013,5-11-18-22-33-8 = 0.013
88,51,577.421,5.667,5.078,-0.008,761,762,8-30-8 = 0.833,5-26-24-20-5 = 0.5,5-12-27-29-5 = 0.5,5-11-12-29-5 = 0.5,5-21-22-33-5 = 0.833,5-38-18-31-15-5 = 1.0,5-32-13-5 = 1.0,5-11-27-14-37-8 = 0.5,5-36-35-25-8 = 0.667,8-17-10-14-37-8 = 0.5,8-19-34-16-8 = 0.833,8-19-22-21-5 = 0.167,8-30-34-16-8 = 0.167,8-17-28-10-9-5 = 0.5,8-23-28-9-5 = 0.5,8-23-24-20-5 = 0.5,5-26-36-33-25-8 = 0.167,5-26-36-35-8 = 0.167,5-26-35-25-8 = 0.167
761,88,579.015,0.0,1.594,0.0,Prune by CG,,5-13-5 = 0.02,8-30-8 = 0.975,5-32-5 = 0.02,5-26-35-33-5 = 0.02,5-12-27-29-5 = 0.5,5-11-12-29-5 = 0.5,5-21-22-33-5 = 0.495,5-38-18-31-15-5 = 1.0,5-32-13-5 = 0.98,5-11-27-14-37-8 = 0.5,5-24-21-20-5 = 0.5,8-17-10-37-14-5 = 0.465,8-17-10-14-37-8 = 0.035,8-19-34-16-8 = 0.975,8-19-36-22-25-8 = 0.02,8-19-36-21-25-8 = 0.005,8-30-34-16-8 = 0.025,8-17-28-10-9-5 = 0.5,8-23-28-9-5 = 0.5,8-23-24-20-5 = 0.5,5-26-36-35-8 = 0.49,5-26-35-25-8 = 0.49,5-36-22-33-25-8 = 0.485
762,88,578.461,0.0,1.039,0.0,Prune by CG,,8-30-8 = 0.975,5-26-21-5 = 0.025,5-26-22-33-5 = 0.025,5-26-24-20-5 = 0.5,5-12-27-29-5 = 0.5,5-11-12-29-5 = 0.5,5-21-22-33-5 = 0.925,5-38-18-31-15-5 = 1.0,5-32-13-5 = 0.55,5-26-32-13-5 = 0.45,5-11-27-14-37-8 = 0.5,5-21-22-33-8 = 0.025,5-36-35-25-8 = 0.975,8-17-10-14-37-8 = 0.5,8-19-34-16-8 = 0.975,8-19-22-21-5 = 0.025,8-30-34-16-8 = 0.025,8-17-28-10-9-5 = 0.5,8-23-28-9-5 = 0.5,8-23-24-20-5 = 0.5,5-36-35-33-25-8 = 0.025
725,718,577.431,0.375,0.118,-0.03,763,764,5-13-5 = 0.03,8-30-8 = 0.975,5-32-5 = 0.018,5-26-24-20-5 = 0.988,5-12-27-29-5 = 1.0,5-11-38-18-28-33-5 = 0.008,5-38-18-31-9-5 = 0.02,5-32-13-5 = 0.97,5-21-35-25-8 = 0.988,8-23-36-21-5 = 0.012,8-23-36-22-5 = 0.975,8-23-36-24-32-5 = 0.013,8-17-10-14-37-8 = 1.0,8-19-34-16-8 = 0.975,8-30-34-16-8 = 0.025,5-38-31-15-33-5 = 0.003,5-18-31-15-33-5 = 0.972,5-26-35-25-8 = 0.013,5-11-38-28-9-5 = 0.97,5-11-28-33-9-5 = 0.005,5-11-28-31-9-5 = 0.005,5-11-28-33-20-5 = 0.013,8-19-15-22-8 = 0.025
763,725,579.775,0.0,2.344,0.0,Prune by CG,,5-13-5 = 0.025,8-30-8 = 0.975,5-32-5 = 0.019,5-26-24-20-5 = 0.994,5-12-27-29-5 = 1.0,5-11-38-18-28-33-5 = 0.013,5-38-18-31-9-5 = 0.019,5-38-18-31-15-5 = 0.969,5-32-13-5 = 0.975,5-21-35-25-8 = 0.994,8-23-36-21-5 = 0.006,8-23-36-22-5 = 0.975,8-23-36-24-32-5 = 0.006,8-17-10-14-37-8 = 1.0,8-19-34-16-8 = 0.975,8-19-36-22-25-8 = 0.006,8-30-34-16-8 = 0.025,8-23-31-15-5 = 0.013,5-26-36-35-8 = 0.006,5-11-28-33-9-5 = 0.981,5-11-28-33-20-5 = 0.006,8-19-15-22-8 = 0.019
719,236,577.413,6.714,0.072,0.146,765,766,5-15-10-9-5 = 0.1,5-26-24-20-5 = 0.971,5-12-27-29-5 = 0.5,5-11-12-29-5 = 0.186,5-38-18-28-9-5 = 0.529,5-32-13-5 = 0.657,5-26-32-13-5 = 0.029,5-11-27-14-37-8 = 0.5,5-31-10-14-37-8 = 0.171,5-24-35-20-5 = 0.029,8-23-35-25-8 = 0.6,8-23-36-35-8 = 0.071,8-23-36-33-25-8 = 0.1,8-23-19-34-8 = 0.114,8-17-37-9-5 = 0.086,8-17-37-29-5 = 0.114,8-17-10-14-37-8 = 0.129,8-19-22-21-5 = 0.471,8-19-36-35-25-8 = 0.3,8-30-34-16-8 = 0.886,8-17-28-10-9-5 = 0.286,8-36-22-21-5 = 0.343,8-23-19-30-8 = 0.114,8-17-10-14-29-5 = 0.2,5-11-12-32-13-5 = 0.314,8-17-28-36-21-5 = 0.186,5-15-22-33-8 = 0.186,5-18-31-15-33-8 = 0.357,5-38-31-15-33-8 = 0.357,5-38-18-31-10-16-8 = 0.114
765,719,578.673,0.0,1.261,0.0,Prune by CG,,5-26-24-20-5 = 0.667,5-12-27-29-5 = 0.5,5-11-12-29-5 = 0.5,5-38-18-28-9-5 = 0.389,5-38-18-28-15-5 = 0.111,5-32-13-5 = 0.667,5-11-27-14-37-8 = 0.5,5-36-35-20-5 = 0.333,8-23-35-25-8 = 0.556,8-23-36-33-25-8 = 0.222,8-23-19-34-8 = 0.111,8-17-10-14-37-8 = 0.5,8-19-22-21-5 = 0.667,8-19-36-35-25-8 = 0.111,8-30-34-16-8 = 0.889,8-17-28-10-9-5 = 0.5,8-36-22-21-5 = 0.333,8-23-19-30-8 = 0.111,5-26-24-32-13-5 = 0.333,5-31-15-33-25-8 = 0.111,5-18-31-15-33-8 = 0.278,5-18-31-15-16-8 = 0.111,5-38-18-31-9-8 = 0.111,5-38-31-15-33-8 = 0.389
766,719,581.614,0.0,4.201,0.0,Prune by CG,,5-26-24-20-5 = 1.0,5-12-27-29-5 = 0.5,5-11-12-29-5 = 0.167,5-11-27-14-29-5 = 0.333,5-38-18-10-9-5 = 0.333,5-38-18-28-9-5 = 0.333,5-32-13-5 = 0.667,5-11-27-14-37-8 = 0.167,5-31-10-14-37-8 = 0.5,8-23-35-25-8 = 0.667,8-23-19-34-8 = 0.167,8-17-37-9-5 = 0.333,8-19-22-21-5 = 0.333,8-19-36-35-25-8 = 0.333,8-30-34-16-8 = 0.833,8-17-28-15-33-8 = 0.5,8-36-22-21-5 = 0.5,8-23-19-30-8 = 0.167,5-11-12-32-13-5 = 0.333,8-17-28-36-21-5 = 0.167,5-15-22-33-8 = 0.167,5-18-31-15-33-8 = 0.167,5-38-31-15-33-8 = 0.167,5-38-18-31-10-16-8 = 0.167
237,235,577.59,5.75,3.302,-0.917,767,768,5-26-24-20-5 = 0.375,5-12-27-29-5 = 0.5,5-11-12-29-5 = 0.5,5-38-18-31-15-5 = 0.75,5-38-18-28-9-5 = 0.125,5-31-15-9-5 = 0.125,5-32-13-5 = 0.5,5-26-32-13-5 = 0.5,5-11-27-14-37-8 = 0.5,5-28-10-14-37-8 = 0.125,5-24-35-20-5 = 0.625,8-23-36-35-8 = 0.125,8-23-36-33-25-8 = 0.875,8-17-10-14-37-8 = 0.375,8-19-22-21-5 = 0.875,8-30-34-16-8 = 1.0,8-17-28-31-9-5 = 0.125,8-17-28-10-9-8 = 0.5,5-15-22-33-8 = 0.125,5-26-35-25-8 = 0.125,5-38-18-28-9-8 = 0.125,8-19-21-35-8 = 0.125
767,237,581.451,0.0,3.861,0.0,Prune by CG,,5-26-24-20-5 = 0.559,5-12-27-29-5 = 0.5,5-11-12-29-5 = 0.5,5-11-27-10-9-5 = 0.206,5-38-18-31-15-5 = 0.235,5-38-18-28-9-5 = 0.471,5-38-28-31-15-5 = 0.147,5-31-15-9-5 = 0.088,5-28-31-10-9-5 = 0.088,5-18-28-31-15-5 = 0.147,5-32-13-5 = 0.647,5-26-32-13-5 = 0.059,5-11-27-14-37-8 = 0.294,5-24-35-20-5 = 0.147,8-23-36-35-8 = 0.382,8-23-36-33-25-8 = 0.618,8-17-10-14-37-8 = 0.706,8-19-22-21-5 = 0.618,8-30-34-16-8 = 1.0,5-26-20-13-5 = 0.294,8-19-24-35-25-8 = 0.294,5-15-22-33-8 = 0.382,5-26-35-25-8 = 0.088,5-38-18-28-9-8 = 0.147,8-19-21-35-8 = 0.088,8-17-31-21-32-5 = 0.294
768,237,580.801,0.0,3.211,0.0,Prune by CG,,5-26-24-20-5 = 0.562,5-12-27-29-5 = 0.5,5-11-12-29-5 = 0.5,5-38-18-31-9-5 = 0.375,5-38-18-31-15-5 = 0.438,5-31-15-9-5 = 0.125,5-32-13-5 = 0.656,5-11-27-14-37-8 = 0.5,5-24-35-20-5 = 0.094,8-23-36-35-8 = 0.437,8-23-36-33-25-8 = 0.563,8-17-10-14-37-8 = 0.063,8-19-34-16-8 = 0.031,8-19-22-21-5 = 0.563,8-30-34-16-8 = 0.969,8-17-28-10-9-5 = 0.437,8-28-10-14-37-8 = 0.063,5-26-20-13-5 = 0.344,8-17-28-31-21-5 = 0.062,8-17-28-10-9-8 = 0.063,8-19-24-35-25-8 = 0.344,5-15-22-33-8 = 0.437,5-38-10-14-37-8 = 0.187,5-18-10-14-37-8 = 0.187,8-17-28-21-32-5 = 0.344,5-26-35-25-8 = 0.094,8-17-28-19-30-8 = 0.031,8-19-21-35-8 = 0.031
737,729,577.46,0.328,0.121,-0.009,769,770,5-13-5 = 0.008,8-30-8 = 0.96,5-32-5 = 0.008,5-26-20-5 = 0.02,5-26-24-20-5 = 0.98,5-12-27-29-5 = 1.0,5-11-38-31-9-5 = 0.004,5-11-38-18-31-33-5 = 0.012,5-38-18-28-9-5 = 0.984,5-32-13-5 = 0.992,5-21-35-25-8 = 0.98,8-23-36-22-5 = 0.98,8-23-36-22-8 = 0.02,8-17-10-14-37-8 = 1.0,8-19-34-16-8 = 0.98,8-30-34-16-8 = 0.02,8-19-30-8 = 0.02,8-24-21-15-5 = 0.02,5-11-18-31-9-5 = 0.004,5-11-31-15-33-5 = 0.98,5-35-25-8 = 0.012,5-28-35-25-8 = 0.008,5-28-33-9-5 = 0.008
769,737,582.724,0.0,5.264,0.0,Prune by CG,,5-13-5 = 0.013,8-30-8 = 0.96,5-32-5 = 0.013,5-26-20-5 = 0.007,5-26-24-20-5 = 0.98,5-12-27-29-5 = 1.0,5-11-38-31-9-5 = 0.013,5-32-13-5 = 0.987,5-21-35-25-8 = 0.98,8-23-36-22-5 = 0.98,8-23-36-22-8 = 0.02,8-17-10-14-37-8 = 1.0,8-19-34-16-8 = 0.98,8-30-34-16-8 = 0.02,8-19-30-8 = 0.02,8-24-21-15-5 = 0.02,5-15-35-25-8 = 0.007,5-11-18-31-9-5 = 0.987,5-26-33-20-5 = 0.013,5-38-28-15-33-5 = 0.973,5-38-18-28-33-5 = 0.013,5-28-35-25-8 = 0.013
757,703,577.48,5.571,0.131,-0.143,771,772,5-26-24-20-5 = 1.0,5-12-27-29-5 = 0.5,5-11-12-29-5 = 0.5,5-38-18-31-15-5 = 0.929,5-32-13-5 = 0.643,5-11-27-14-37-8 = 0.5,5-31-10-14-37-8 = 0.071,5-21-35-25-8 = 0.714,8-23-36-22-5 = 0.429,8-17-10-14-37-8 = 0.143,8-19-34-16-8 = 0.071,8-19-22-15-5 = 0.071,8-19-36-35-25-8 = 0.286,8-19-36-22-33-5 = 0.071,8-19-36-22-33-8 = 0.143,8-30-34-16-8 = 0.929,8-17-28-22-33-8 = 0.286,8-28-10-14-37-8 = 0.143,8-23-33-9-5 = 0.5,8-17-28-10-9-8 = 0.5,5-38-10-14-37-8 = 0.071,5-18-10-14-37-8 = 0.071,8-23-36-32-13-5 = 0.071,8-19-21-32-13-5 = 0.286,8-17-28-19-30-8 = 0.071
771,757,579.724,0.0,2.244,0.0,Prune by CG,,5-26-24-20-5 = 0.5,5-12-27-29-5 = 0.5,5-11-12-29-5 = 0.5,5-38-18-31-9-5 = 0.167,5-38-18-31-15-5 = 0.833,5-32-13-5 = 0.5,5-26-32-13-5 = 0.5,5-11-27-14-37-8 = 0.5,5-21-35-25-8 = 0.5,5-24-35-20-5 = 0.333,8-23-36-35-5 = 0.167,8-23-36-21-5 = 0.5,8-17-10-14-37-8 = 0.167,8-19-22-15-5 = 0.167,8-19-22-33-25-8 = 0.5,8-19-36-22-33-8 = 0.333,8-30-34-16-8 = 1.0,8-28-10-14-37-8 = 0.167,8-23-33-9-5 = 0.167,8-17-28-10-9-8 = 0.667,8-17-28-14-37-8 = 0.167,5-23-24-20-5 = 0.167
581,528,577.372,5.0,0.504,0.667,773,774,5-26-24-20-5 = 0.833,5-12-27-29-5 = 0.5,5-11-12-29-5 = 0.5,5-38-18-31-15-5 = 0.333,5-32-13-5 = 0.667,5-24-21-32-13-5 = 0.167,5-11-27-14-37-8 = 0.5,8-23-35-25-8 = 1.0,8-19-36-22-33-8 = 1.0,8-30-34-16-8 = 1.0,8-17-28-10-9-5 = 0.5,8-17-28-31-9-5 = 0.5,5-26-20-13-5 = 0.167,5-31-15-21-5 = 0.167,5-38-10-14-37-8 = 0.5,5-18-15-21-5 = 0.5,5-38-18-21-32-5 = 0.167
774,581,584.83,0.0,7.458,0.0,Prune by CG,,5-26-24-20-5 = 0.833,5-11-12-29-5 = 1.0,5-18-31-10-9-5 = 0.333,5-32-13-5 = 0.667,5-24-21-32-13-5 = 0.167,8-23-35-25-8 = 1.0,8-19-36-22-33-8 = 1.0,8-30-34-16-8 = 1.0,8-17-28-10-9-5 = 0.667,8-17-28-31-15-5 = 0.333,5-26-20-13-5 = 0.167,5-31-15-21-5 = 0.167,5-18-15-21-5 = 0.5,5-38-27-14-37-8 = 1.0,5-18-31-21-32-5 = 0.167
773,581,577.378,4.333,0.006,-0.667,775,776,5-26-24-20-5 = 0.833,5-12-27-29-5 = 0.333,5-11-12-29-5 = 0.333,5-38-18-31-9-5 = 0.333,5-38-18-31-15-5 = 0.333,5-32-13-5 = 0.667,5-12-14-37-8 = 0.333,5-24-21-32-13-5 = 0.167,5-11-27-14-37-8 = 0.667,8-23-35-25-8 = 1.0,8-19-36-22-33-8 = 1.0,8-30-34-16-8 = 1.0,8-17-28-10-9-5 = 0.667,5-26-20-13-5 = 0.167,8-17-28-10-29-5 = 0.333,5-31-15-21-5 = 0.333,5-38-15-21-5 = 0.167,5-18-15-21-5 = 0.167,5-38-18-21-32-5 = 0.167
775,773,579.326,0.0,1.949,0.0,Prune by CG,,5-26-24-20-5 = 1.0,5-12-27-29-5 = 0.333,5-11-12-29-5 = 0.333,5-38-18-31-9-5 = 0.333,5-32-13-5 = 0.667,5-12-14-37-8 = 0.333,5-11-27-14-37-8 = 0.667,8-23-35-25-8 = 1.0,8-19-36-22-33-8 = 1.0,8-30-34-16-8 = 1.0,8-17-28-10-9-5 = 0.667,8-17-28-10-29-5 = 0.333,5-31-15-21-5 = 0.333,5-38-18-31-32-13-5 = 0.333,5-38-15-21-5 = 0.333,5-18-15-21-5 = 0.333
776,773,579.512,0.0,2.134,0.0,Prune by CG,,8-30-8 = 0.033,5-26-20-5 = 0.633,5-26-24-20-5 = 0.367,5-12-27-29-5 = 0.333,5-11-12-29-5 = 0.333,5-38-18-31-15-5 = 0.833,5-38-18-31-21-5 = 0.133,5-32-13-5 = 0.4,5-12-14-37-8 = 0.333,5-24-21-25-8 = 0.033,5-24-21-32-13-5 = 0.6,5-11-27-14-37-8 = 0.667,8-23-35-25-8 = 0.867,8-23-36-22-8 = 0.133,8-19-34-16-8 = 0.033,8-19-22-15-5 = 0.067,8-19-22-35-8 = 0.033,8-19-36-35-25-8 = 0.1,8-19-36-22-33-8 = 0.767,8-30-34-16-8 = 0.967,8-17-28-10-9-5 = 0.667,5-18-15-9-5 = 0.033,8-17-28-10-29-5 = 0.333,5-38-15-9-5 = 0.033,5-31-15-9-8 = 0.033,5-21-33-9-5 = 0.233
268,150,577.284,6.0,2.772,1.0,777,778,8-30-8 = 1.0,5-26-20-5 = 0.5,5-12-27-29-5 = 0.5,5-11-12-29-5 = 0.5,5-38-18-31-15-5 = 1.0,5-32-13-5 = 0.5,5-11-27-14-37-8 = 0.5,5-21-22-33-8 = 1.0,8-23-36-24-32-5 = 0.5,8-17-10-14-37-8 = 0.5,8-19-36-35-25-8 = 0.5,8-34-16-8 = 1.0,8-17-28-10-9-5 = 0.5,8-23-28-9-5 = 0.5,5-26-20-13-5 = 0.5,8-19-24-35-25-8 = 0.5
777,268,582.279,0.0,4.995,0.0,Prune by CG,,8-30-8 = 1.0,5-26-20-5 = 1.0,5-12-27-29-5 = 0.429,5-11-12-29-5 = 0.429,5-38-18-31-15-5 = 0.81,5-38-18-28-9-5 = 0.143,5-32-13-5 = 0.333,5-12-14-37-8 = 0.143,5-11-27-14-37-8 = 0.571,5-31-10-14-37-8 = 0.19,5-21-22-33-8 = 0.667,8-19-36-35-25-8 = 1.0,8-34-16-8 = 1.0,8-17-28-22-33-8 = 0.143,8-17-28-10-9-5 = 0.714,8-23-24-32-13-5 = 0.667,8-23-24-21-5 = 0.333,8-17-9-29-5 = 0.143,5-15-22-33-8 = 0.19,5-38-10-14-37-8 = 0.048,5-18-10-14-37-8 = 0.048
778,268,582.06,0.0,4.777,0.0,Prune by CG,,8-30-8 = 1.0,5-26-20-5 = 0.457,5-12-27-29-5 = 0.391,5-11-12-29-5 = 0.391,5-11-12-27-5 = 0.217,5-11-27-29-5 = 0.043,5-11-27-14-29-5 = 0.174,5-11-27-10-9-5 = 0.174,5-38-18-31-15-5 = 0.739,5-38-18-28-9-5 = 0.196,5-38-28-31-15-5 = 0.065,5-18-28-31-15-5 = 0.065,5-32-13-5 = 0.457,5-21-35-25-8 = 0.087,5-21-22-33-8 = 0.913,8-23-36-24-32-5 = 0.543,8-17-37-9-8 = 0.174,8-17-10-14-37-8 = 0.739,8-19-34-16-8 = 0.087,8-19-36-35-25-8 = 0.457,8-34-16-8 = 0.913,8-17-28-31-15-5 = 0.087,8-28-10-14-37-8 = 0.087,8-23-28-9-5 = 0.457,5-26-20-13-5 = 0.543,8-19-24-35-25-8 = 0.457,5-15-22-33-8 = 0.043,5-28-31-22-33-8 = 0.043
29,27,577.358,7.105,8.043,0.585,779,780,5-13-5 = 0.02,8-30-8 = 0.69,5-32-5 = 0.02,5-15-22-33-5 = 0.407,5-26-24-20-5 = 0.895,5-12-27-29-5 = 0.5,5-11-12-29-5 = 0.5,5-21-22-33-5 = 0.092,5-38-18-10-9-5 = 0.5,5-38-18-22-33-5 = 0.25,5-18-10-37-14-5 = 0.25,5-32-13-5 = 0.98,5-11-27-14-37-8 = 0.5,5-21-35-25-8 = 0.48,8-23-36-21-5 = 0.428,8-23-36-22-5 = 0.053,8-23-36-24-25-8 = 0.053,8-23-19-34-8 = 0.052,8-19-34-16-8 = 0.065,8-19-36-35-25-8 = 0.467,8-34-16-8 = 0.882,8-17-28-31-9-5 = 0.5,8-17-28-31-15-5 = 0.5,5-26-23-19-8 = 0.105,8-23-19-30-8 = 0.31,5-22-33-20-5 = 0.105,5-24-35-33-16-8 = 0.053,5-15-22-33-8 = 0.093,5-38-10-14-37-8 = 0.25
780,29,585.434,0.0,8.076,0.0,Prune by CG,,8-30-8 = 0.78,5-23-22-33-5 = 0.2,5-26-24-20-5 = 0.6,5-12-27-29-5 = 0.41,5-11-12-5 = 0.05,5-11-12-29-5 = 0.36,5-21-22-33-5 = 0.55,5-38-18-10-9-5 = 1.0,5-23-36-22-5 = 0.2,5-32-13-5 = 1.0,5-12-14-37-8 = 0.18,5-11-27-14-37-8 = 0.59,8-37-14-29-5 = 0.23,5-21-35-25-8 = 0.2,5-21-22-33-8 = 0.05,5-24-21-20-5 = 0.01,8-19-36-35-25-8 = 0.6,8-34-16-8 = 0.78,8-30-34-16-8 = 0.22,8-17-28-31-15-5 = 1.0,8-24-35-20-5 = 0.2,8-24-21-20-5 = 0.19,5-26-23-19-8 = 0.4,5-23-36-33-25-8 = 0.2
779,29,576.282,8.0,-1.076,0.895,781,782,8-30-8 = 0.75,5-15-22-33-5 = 0.5,5-26-20-5 = 0.25,5-26-24-20-5 = 0.75,5-12-27-29-5 = 0.5,5-11-12-29-5 = 0.5,5-38-18-10-9-5 = 0.5,5-38-18-22-33-5 = 0.25,5-32-13-5 = 1.0,5-11-27-14-37-8 = 0.5,5-21-35-25-8 = 0.5,8-23-36-21-5 = 0.5,8-23-36-22-5 = 0.25,8-19-34-16-8 = 0.5,8-19-36-35-25-8 = 0.25,8-34-16-8 = 0.5,8-17-28-31-9-5 = 0.5,8-17-28-31-15-5 = 0.5,8-23-19-30-8 = 0.25,5-38-10-14-37-8 = 0.25,5-24-35-33-25-8 = 0.25,5-18-10-14-37-8 = 0.25
782,779,579.92,0.0,3.638,0.0,Prune by CG,,5-26-5 = 0.174,8-30-8 = 0.435,5-15-22-33-5 = 0.174,5-26-20-5 = 0.174,5-26-24-20-5 = 0.652,5-12-27-29-5 = 0.435,5-11-12-29-5 = 0.435,5-21-22-33-5 = 0.609,5-38-18-10-9-5 = 0.826,5-38-18-22-33-5 = 0.087,5-32-13-5 = 1.0,5-12-14-37-8 = 0.13,5-11-27-14-37-8 = 0.565,8-37-14-29-5 = 0.13,5-21-35-25-8 = 0.261,5-24-35-20-5 = 0.043,5-36-35-20-5 = 0.13,8-23-36-22-8 = 0.13,8-23-36-24-25-8 = 0.304,8-19-36-35-25-8 = 0.435,8-34-16-8 = 1.0,8-17-28-31-9-5 = 0.174,8-17-28-31-15-5 = 0.826,8-23-19-30-8 = 0.565,5-21-35-33-5 = 0.13,5-38-10-14-37-8 = 0.087,5-18-10-14-37-8 = 0.087
781,779,576.723,7.0,0.441,-1.0,783,784,8-30-8 = 0.917,5-15-22-33-5 = 0.25,5-26-22-33-5 = 0.083,5-26-20-5 = 0.333,5-26-24-20-5 = 0.583,5-12-27-29-5 = 0.5,5-11-12-29-5 = 0.5,5-38-18-10-9-5 = 0.5,5-38-18-22-33-5 = 0.083,5-32-13-5 = 1.0,5-11-27-14-37-8 = 0.5,5-21-35-25-8 = 0.583,8-23-36-21-5 = 0.417,8-23-36-22-5 = 0.5,8-19-34-16-8 = 0.917,8-19-36-35-25-8 = 0.083,8-30-34-16-8 = 0.083,8-17-28-31-9-5 = 0.5,8-17-28-31-15-5 = 0.5,8-23-24-20-5 = 0.083,5-15-22-33-8 = 0.083,5-38-18-15-33-5 = 0.167,5-38-10-14-37-8 = 0.25,5-24-35-33-25-8 = 0.333,5-18-10-14-37-8 = 0.25
783,781,578.073,0.0,1.35,0.0,Prune by CG,,5-13-5 = 0.004,8-30-8 = 0.913,5-32-5 = 0.004,5-15-22-33-5 = 0.413,5-26-22-33-5 = 0.417,5-26-24-20-5 = 0.583,5-12-27-29-5 = 0.5,5-11-12-29-5 = 0.5,5-38-18-10-9-5 = 0.5,5-38-18-22-33-5 = 0.002,5-38-18-28-9-5 = 0.248,5-32-13-5 = 0.996,5-11-27-14-37-8 = 0.5,5-21-35-25-8 = 0.583,5-24-35-25-8 = 0.081,8-23-36-21-5 = 0.417,8-19-34-16-8 = 0.665,8-19-36-35-25-8 = 0.335,8-34-16-8 = 0.248,8-30-34-16-8 = 0.087,8-17-28-31-9-5 = 0.252,8-17-28-31-15-5 = 0.5,5-22-33-20-5 = 0.081,8-23-24-20-5 = 0.335,8-17-23-36-31-5 = 0.248,5-15-22-33-8 = 0.087,5-38-10-14-37-8 = 0.25,5-18-10-14-37-8 = 0.25
784,781,578.189,0.0,1.467,0.0,Prune by CG,,8-30-8 = 0.975,5-26-20-5 = 0.1,5-26-24-20-5 = 0.875,5-12-27-29-5 = 0.5,5-11-12-29-5 = 0.5,5-38-18-10-9-5 = 0.5,5-32-13-5 = 1.0,5-26-21-33-8 = 0.025,5-11-27-14-37-8 = 0.5,5-21-35-25-8 = 0.875,8-23-36-22-5 = 1.0,8-19-34-16-8 = 0.975,8-30-34-16-8 = 0.025,8-17-28-31-9-5 = 0.425,8-17-28-31-15-5 = 0.575,5-38-18-15-33-5 = 0.425,5-38-10-14-37-8 = 0.075,5-24-35-33-25-8 = 0.125,8-19-10-14-37-8 = 0.025,5-18-10-14-37-8 = 0.075,5-33-10-14-37-8 = 0.325,5-21-33-20-5 = 0.025,5-21-33-9-5 = 0.075
549,451,577.366,8.667,0.869,0.667,785,786,8-30-8 = 0.5,5-26-21-5 = 0.333,5-26-24-20-5 = 0.333,5-12-27-29-5 = 0.333,5-11-12-29-5 = 0.333,5-11-12-27-5 = 0.333,5-11-27-29-5 = 0.333,5-38-18-31-15-5 = 0.333,5-38-18-28-9-5 = 0.5,5-38-28-10-9-5 = 0.167,5-31-15-22-5 = 0.5,5-28-31-10-9-5 = 0.167,5-18-28-10-9-5 = 0.167,5-32-13-5 = 1.0,5-26-22-33-8 = 0.333,5-24-21-20-5 = 0.667,8-23-35-25-8 = 0.5,8-23-36-35-8 = 0.5,8-17-37-14-5 = 0.5,8-17-10-14-37-8 = 0.5,8-19-34-16-8 = 0.5,8-19-36-33-25-8 = 0.5,8-30-34-16-8 = 0.5,5-15-22-33-8 = 0.167
785,549,580.047,0.0,2.681,0.0,Prune by CG,,8-30-8 = 0.633,5-26-24-20-5 = 0.067,5-12-27-29-5 = 0.333,5-11-12-29-5 = 0.333,5-11-12-27-5 = 0.333,5-11-27-14-29-5 = 0.333,5-38-18-31-15-5 = 0.667,5-38-28-10-9-5 = 0.333,5-31-15-22-5 = 0.333,5-18-28-10-9-5 = 0.333,5-32-13-5 = 0.9,5-26-22-33-8 = 0.5,5-26-32-13-5 = 0.067,5-24-21-20-5 = 0.933,8-23-35-25-8 = 0.5,8-23-36-35-8 = 0.5,8-17-37-14-5 = 0.633,8-17-37-14-8 = 0.033,8-19-34-16-8 = 0.633,8-19-36-33-25-8 = 0.033,8-30-34-16-8 = 0.033,8-17-28-10-9-5 = 0.333,5-26-21-32-5 = 0.033,8-19-30-8 = 0.333,5-26-36-33-25-8 = 0.3,5-26-21-13-5 = 0.033,8-34-16-37-8 = 0.333,5-36-22-33-25-8 = 0.167
786,549,578.113,0.0,0.747,0.0,Prune by CG,,8-30-8 = 0.667,5-26-21-5 = 0.333,5-26-24-20-5 = 0.333,5-12-27-29-5 = 0.333,5-11-12-29-5 = 0.333,5-11-12-27-5 = 0.333,5-11-27-29-5 = 0.333,5-38-18-28-9-5 = 1.0,5-31-15-22-5 = 1.0,5-32-13-5 = 1.0,5-24-21-20-5 = 0.667,8-23-35-25-8 = 0.333,8-23-35-33-8 = 0.333,8-23-36-35-8 = 0.333,8-17-10-37-14-5 = 0.333,8-17-10-14-37-8 = 0.667,8-19-34-16-8 = 0.667,8-19-36-33-25-8 = 0.333,8-30-34-16-8 = 0.333,5-26-36-33-25-8 = 0.333
99,14,577.372,5.8,4.952,0.514,787,788,5-26-22-33-5 = 0.4,5-12-27-29-5 = 0.4,5-11-12-29-5 = 0.4,5-11-12-27-5 = 0.2,5-11-27-14-29-5 = 0.2,5-38-18-31-15-5 = 0.6,5-38-28-31-15-5 = 0.2,5-18-28-31-15-5 = 0.2,5-32-13-5 = 0.4,5-26-32-13-5 = 0.6,5-24-21-20-5 = 1.0,8-23-35-25-8 = 0.6,8-17-37-9-8 = 0.2,8-17-10-14-37-8 = 0.8,8-19-36-35-25-8 = 0.4,8-19-36-22-33-5 = 0.4,8-19-36-22-33-8 = 0.2,8-30-34-16-8 = 1.0,8-23-28-9-8 = 0.4,5-38-18-28-9-8 = 0.2,5-11-27-10-9-8 = 0.2
787,99,578.527,0.0,1.155,0.0,Prune by CG,,5-26-22-33-5 = 0.667,5-12-27-29-5 = 0.333,5-11-12-27-10-5 = 0.333,5-11-27-14-29-5 = 0.333,5-38-18-31-15-5 = 1.0,5-32-13-5 = 0.667,5-26-22-33-8 = 0.333,5-24-21-20-5 = 1.0,8-17-37-29-5 = 0.333,8-17-10-14-37-8 = 0.667,8-19-36-35-25-8 = 1.0,8-30-34-16-8 = 1.0,5-11-12-32-13-5 = 0.333,8-23-28-9-8 = 1.0
788,99,580.028,0.0,2.656,0.0,Prune by CG,,5-26-22-33-5 = 0.25,5-12-27-29-5 = 0.417,5-11-12-29-5 = 0.417,5-11-12-27-5 = 0.083,5-11-27-14-29-5 = 0.167,5-38-18-31-15-5 = 0.167,5-38-18-28-15-5 = 0.333,5-38-28-31-15-5 = 0.167,5-18-28-31-15-5 = 0.167,5-32-13-5 = 0.417,5-26-22-33-8 = 0.167,5-26-32-13-5 = 0.583,5-24-21-20-5 = 1.0,8-23-35-25-8 = 0.583,8-23-36-22-5 = 0.167,8-17-37-9-8 = 0.25,8-17-10-14-37-8 = 0.583,8-19-34-16-8 = 0.083,8-19-36-35-25-8 = 0.417,8-19-36-22-33-5 = 0.417,8-30-34-16-8 = 0.917,8-17-28-31-15-5 = 0.167,8-28-10-14-37-8 = 0.167,8-23-19-30-8 = 0.083,5-11-12-27-14-5 = 0.083,5-38-18-31-9-8 = 0.333,5-11-27-10-9-8 = 0.25,8-23-33-9-8 = 0.167
772,757,577.554,5.0,0.075,-0.571,789,790,5-26-24-20-5 = 1.0,5-12-27-29-5 = 0.5,5-11-12-29-5 = 0.5,5-38-18-31-15-5 = 1.0,5-32-13-5 = 0.667,5-11-27-14-37-8 = 0.5,5-21-35-25-8 = 0.833,8-23-36-22-5 = 0.5,8-19-36-35-25-8 = 0.167,8-19-36-33-9-5 = 0.167,8-30-34-16-8 = 1.0,8-17-28-22-33-8 = 0.5,8-23-33-9-5 = 0.333,8-17-28-10-9-8 = 0.5,8-19-10-14-37-8 = 0.5,8-23-36-32-13-5 = 0.167,8-19-21-32-13-5 = 0.167
789,772,588.554,0.0,10.999,0.0,Prune by CG,,5-13-5 = 0.364,5-26-24-20-5 = 0.818,5-12-27-29-5 = 0.5,5-11-12-29-5 = 0.5,5-38-18-31-9-5 = 0.136,5-38-18-31-15-5 = 0.636,5-31-15-9-5 = 0.227,5-11-27-14-37-8 = 0.5,5-21-35-25-8 = 0.5,5-24-35-20-5 = 0.182,8-23-22-33-5 = 0.5,8-17-10-14-37-8 = 0.182,8-19-34-16-8 = 0.182,8-19-36-35-25-8 = 0.136,8-19-36-21-32-5 = 0.364,8-30-34-16-8 = 0.818,8-17-28-22-33-8 = 0.318,8-19-30-8 = 0.182,5-18-15-9-5 = 0.136,8-17-28-10-9-8 = 0.5,5-38-10-14-37-8 = 0.227,5-18-10-14-37-8 = 0.091,5-26-35-25-8 = 0.182,8-23-36-32-13-5 = 0.5,8-19-21-32-13-5 = 0.136,8-28-22-33-25-8 = 0.182
790,772,578.799,0.0,1.244,0.0,Prune by CG,,5-26-24-20-5 = 1.0,5-12-27-29-5 = 0.5,5-11-12-29-5 = 0.5,5-38-18-31-15-5 = 0.667,5-31-15-9-5 = 0.167,5-32-13-5 = 0.667,5-11-27-14-37-8 = 0.5,5-21-35-25-8 = 0.5,8-23-36-21-5 = 0.333,8-23-36-22-5 = 0.167,8-23-22-33-5 = 0.333,8-19-36-35-25-8 = 0.5,8-30-34-16-8 = 1.0,8-17-28-22-33-8 = 0.5,8-23-33-9-5 = 0.167,5-18-15-9-5 = 0.167,8-17-28-10-9-8 = 0.5,5-38-18-31-32-13-5 = 0.167,8-19-10-14-37-8 = 0.5,5-38-21-32-13-5 = 0.167
764,725,577.482,0.354,0.051,-0.021,791,792,5-13-5 = 0.023,8-30-8 = 0.975,5-32-5 = 0.018,5-26-24-20-5 = 0.985,5-12-27-29-5 = 0.995,5-11-38-18-28-31-5 = 0.002,5-38-18-31-9-5 = 0.002,5-32-13-5 = 0.977,5-21-35-25-8 = 0.98,8-23-36-21-5 = 0.015,8-23-36-22-5 = 0.975,8-23-36-24-32-5 = 0.005,8-17-10-14-37-8 = 1.0,8-19-34-16-8 = 0.975,8-19-36-22-25-8 = 0.005,8-30-34-16-8 = 0.025,8-23-24-21-5 = 0.005,5-18-31-15-33-5 = 0.98,5-38-31-33-20-5 = 0.015,5-26-35-25-8 = 0.015,5-11-38-28-9-5 = 0.981,5-11-18-28-9-5 = 0.016,5-24-35-33-5 = 0.005,5-11-28-31-9-5 = 0.001,5-12-27-29-8 = 0.005,8-19-15-22-8 = 0.02
791,764,588.046,0.0,10.564,0.0,Prune by CG,,5-13-5 = 0.325,8-30-8 = 0.975,5-26-21-33-5 = 0.288,5-26-20-5 = 0.712,5-12-27-29-5 = 1.0,5-38-18-31-22-5 = 0.025,5-38-18-31-15-5 = 0.25,5-31-15-22-5 = 0.3,5-32-13-5 = 0.363,5-21-35-25-8 = 0.375,8-23-36-22-5 = 0.025,8-23-36-24-32-5 = 0.638,8-23-36-24-13-5 = 0.312,8-17-10-14-37-8 = 1.0,8-19-34-16-8 = 0.975,8-19-36-24-21-5 = 0.025,8-30-34-16-8 = 0.025,8-23-24-21-5 = 0.025,5-22-35-25-8 = 0.625,5-18-31-15-33-5 = 0.425,5-21-33-20-5 = 0.288,5-11-38-28-9-5 = 0.725,5-11-18-28-9-5 = 0.275,5-18-15-22-8 = 0.025
689,416,577.47,6.0,0.281,0.15,793,794,5-13-5 = 0.3,8-30-8 = 0.5,5-15-22-33-5 = 0.1,5-26-24-20-5 = 1.0,5-12-27-29-5 = 0.5,5-11-12-29-5 = 0.5,5-21-22-33-5 = 0.1,5-38-18-31-15-5 = 0.9,5-31-10-37-14-5 = 0.1,5-32-13-5 = 1.0,5-11-27-14-37-8 = 0.5,5-21-22-33-8 = 0.6,8-19-36-35-25-8 = 1.0,8-34-16-8 = 0.5,8-30-34-16-8 = 0.5,8-17-28-10-9-5 = 0.5,8-23-28-9-5 = 0.5,5-38-10-14-37-8 = 0.1,8-17-23-22-5 = 0.2,5-18-10-14-37-8 = 0.1,8-17-23-21-5 = 0.3,5-33-10-14-37-8 = 0.2
794,689,586.743,0.0,9.273,0.0,Prune by CG,,5-13-5 = 0.02,8-30-8 = 0.789,5-32-5 = 0.02,5-26-24-20-5 = 0.956,5-12-27-29-5 = 0.5,5-11-12-29-5 = 0.5,5-11-27-14-37-5 = 0.5,5-38-10-37-14-5 = 0.064,5-38-18-31-15-5 = 0.564,5-38-17-10-9-5 = 0.161,5-31-10-37-14-5 = 0.436,5-32-13-5 = 0.98,5-21-22-33-8 = 0.658,5-24-21-20-5 = 0.044,8-19-34-16-8 = 0.044,8-19-36-35-25-8 = 0.956,8-34-16-8 = 0.745,8-30-34-16-8 = 0.211,8-17-28-10-9-5 = 0.211,8-23-28-9-5 = 0.416,8-17-28-36-35-5 = 0.044,5-15-22-33-8 = 0.342,8-17-23-28-10-5 = 0.01,8-17-23-21-5 = 0.255,8-17-23-28-18-5 = 0.319,5-26-21-25-8 = 0.044,5-38-18-10-9-8 = 0.117,5-38-15-9-8 = 0.094
330,238,577.54,6.296,2.48,-0.22,795,796,5-26-24-20-5 = 0.704,5-12-27-29-5 = 0.5,5-11-12-29-5 = 0.5,5-38-18-31-15-5 = 0.667,5-38-18-28-9-5 = 0.167,5-38-28-10-9-5 = 0.167,5-31-15-9-5 = 0.333,5-18-28-10-9-5 = 0.167,5-32-13-5 = 0.593,5-32-20-13-5 = 0.222,5-11-27-14-37-8 = 0.5,5-24-35-20-5 = 0.074,8-23-35-25-8 = 0.889,8-17-10-14-37-8 = 0.5,8-19-22-21-5 = 0.185,8-19-36-22-33-8 = 0.185,8-19-36-21-33-8 = 0.444,8-19-36-21-25-8 = 0.074,8-30-34-16-8 = 1.0,8-17-28-22-33-8 = 0.333,8-17-28-10-9-5 = 0.167,8-36-22-21-5 = 0.296,5-26-23-19-8 = 0.111,5-26-24-32-13-5 = 0.185,5-24-35-33-25-8 = 0.037
796,330,588.741,0.0,11.201,0.0,Prune by CG,,8-30-8 = 0.214,5-26-24-20-5 = 0.8,5-12-27-29-5 = 0.5,5-11-12-29-5 = 0.343,5-38-18-31-15-5 = 0.714,5-31-15-9-5 = 0.057,5-32-13-5 = 0.243,5-26-32-13-5 = 0.2,5-11-27-14-37-8 = 0.5,8-23-35-25-8 = 1.0,8-17-10-14-37-8 = 0.471,8-19-22-21-5 = 0.2,8-19-36-22-33-8 = 0.6,8-19-36-21-33-8 = 0.2,8-34-16-8 = 0.214,8-30-34-16-8 = 0.786,8-17-28-31-15-5 = 0.029,8-28-10-14-37-8 = 0.029,5-11-12-32-13-5 = 0.157,8-28-9-29-5 = 0.157,8-17-28-10-9-8 = 0.5,5-31-15-20-5 = 0.2,8-36-21-32-13-5 = 0.2,5-38-18-28-9-8 = 0.286,8-24-21-32-13-5 = 0.2,8-21-22-33-8 = 0.2
792,764,577.517,0.333,0.035,-0.021,797,798,5-13-5 = 0.017,8-30-8 = 0.975,5-32-5 = 0.017,5-26-24-20-5 = 0.992,5-12-27-29-5 = 0.992,5-32-13-5 = 0.983,5-21-35-25-8 = 0.983,8-23-36-21-5 = 0.017,8-23-36-22-5 = 0.975,8-17-10-14-37-8 = 1.0,8-19-34-16-8 = 0.975,8-19-36-22-25-8 = 0.008,8-30-34-16-8 = 0.025,8-23-31-15-5 = 0.008,5-18-31-15-33-5 = 0.975,5-38-31-33-20-5 = 0.008,5-26-35-25-8 = 0.008,5-11-38-28-9-5 = 0.983,5-11-18-28-9-5 = 0.017,5-24-35-33-5 = 0.008,5-38-18-31-33-5 = 0.008,5-12-27-29-8 = 0.008,8-19-15-22-8 = 0.017
798,792,585.74,0.0,8.223,0.0,Prune by CG,,5-13-5 = 0.015,8-30-8 = 0.975,5-32-5 = 0.015,5-12-27-29-5 = 1.0,5-11-38-18-28-31-5 = 0.01,5-38-18-31-9-5 = 0.01,5-32-13-5 = 0.985,5-24-35-20-5 = 0.975,8-23-36-21-5 = 0.025,8-23-36-22-5 = 0.975,8-17-10-14-37-8 = 1.0,8-19-34-16-8 = 0.975,8-30-34-16-8 = 0.025,5-18-31-15-33-5 = 0.975,5-11-38-28-9-5 = 0.98,5-11-18-28-9-5 = 0.005,5-26-21-25-8 = 0.975,5-24-35-33-5 = 0.025,5-11-28-31-9-5 = 0.005,5-26-20-25-8 = 0.025,8-19-15-22-8 = 0.025
770,737,577.52,0.343,0.061,0.015,799,800,5-13-5 = 0.014,8-30-8 = 0.964,5-32-5 = 0.014,5-26-20-5 = 0.014,5-26-24-20-5 = 0.986,5-12-27-29-5 = 0.986,5-11-38-18-31-33-5 = 0.014,5-38-18-28-9-5 = 0.986,5-32-13-5 = 0.986,5-21-35-25-8 = 0.986,8-23-36-22-5 = 0.986,8-23-36-22-8 = 0.014,8-17-37-29-5 = 0.007,8-17-10-14-37-8 = 0.986,8-19-34-16-8 = 0.979,8-30-34-16-8 = 0.021,8-19-30-8 = 0.014,8-17-10-14-29-5 = 0.007,8-24-21-15-5 = 0.014,8-19-10-14-37-8 = 0.007,5-11-31-15-33-5 = 0.986,5-28-35-25-8 = 0.014,5-12-27-9-8 = 0.014
800,770,593.42,0.0,15.9,0.0,Prune by CG,,8-30-8 = 0.96,5-26-24-20-5 = 1.0,5-11-38-31-15-5 = 0.01,5-38-18-28-9-5 = 0.53,5-32-13-5 = 1.0,5-28-10-14-37-8 = 0.47,8-37-14-29-5 = 0.02,5-21-35-25-8 = 1.0,8-23-36-22-5 = 0.94,8-23-36-22-8 = 0.06,8-17-37-29-5 = 0.49,8-17-10-14-37-8 = 0.02,8-19-34-16-8 = 0.98,8-30-34-16-8 = 0.02,8-19-30-8 = 0.02,8-17-10-14-29-5 = 0.49,5-11-18-31-15-5 = 0.01,5-11-31-15-33-5 = 0.98,5-38-18-12-27-5 = 0.46,5-12-27-10-33-5 = 0.02,5-12-27-9-8 = 0.47,5-12-27-5 = 0.05
519,442,577.248,5.0,0.904,2.0,801,802,5-26-31-15-5 = 0.333,5-12-27-29-5 = 0.333,5-11-12-29-5 = 0.333,5-11-12-27-5 = 0.333,5-11-27-29-5 = 0.333,5-38-18-28-9-5 = 0.667,5-31-15-22-5 = 0.333,5-32-13-5 = 0.333,5-26-32-13-5 = 0.333,5-21-22-33-8 = 0.667,8-17-10-14-37-8 = 1.0,8-19-36-35-25-8 = 1.0,8-30-34-16-8 = 1.0,8-23-24-20-5 = 0.667,8-23-33-20-5 = 0.333,5-26-24-32-13-5 = 0.333,5-31-15-21-5 = 0.333,5-38-18-28-9-8 = 0.333
801,519,579.199,0.0,1.951,0.0,Prune by CG,,8-30-8 = 0.333,5-12-27-29-5 = 0.333,5-11-12-29-5 = 0.333,5-11-12-27-5 = 0.333,5-11-27-29-5 = 0.333,5-38-18-28-9-5 = 0.667,5-31-15-22-5 = 0.667,5-21-35-25-8 = 0.333,5-21-22-33-8 = 0.333,8-23-36-20-5 = 0.333,8-17-10-14-37-8 = 1.0,8-19-34-16-8 = 0.333,8-19-36-35-25-8 = 0.667,8-30-34-16-8 = 0.667,8-23-33-20-5 = 0.667,5-26-24-32-13-5 = 1.0,5-31-15-21-5 = 0.333,5-38-18-28-9-8 = 0.333
799,770,577.536,0.28,0.016,-0.063,803,804,8-30-8 = 0.96,5-26-20-5 = 0.02,5-26-24-20-5 = 0.98,5-12-27-29-5 = 1.0,5-11-38-18-31-33-5 = 0.02,5-38-18-28-9-5 = 0.98,5-32-13-5 = 1.0,5-21-35-25-8 = 0.98,8-23-36-22-5 = 1.0,8-17-10-14-37-8 = 1.0,8-19-34-16-8 = 0.98,8-30-34-16-8 = 0.02,8-19-30-8 = 0.02,8-24-21-15-5 = 0.02,5-11-31-15-33-5 = 0.98,5-35-25-8 = 0.02,5-28-9-8 = 0.02
803,799,594.004,0.0,16.468,0.0,Prune by CG,,8-30-8 = 0.96,5-15-33-9-5 = 0.02,5-26-20-5 = 0.02,5-26-24-20-5 = 0.98,5-12-27-29-5 = 1.0,5-11-38-18-31-33-5 = 0.96,5-32-13-5 = 1.0,5-21-35-25-8 = 0.96,8-23-36-22-5 = 1.0,8-17-10-37-14-5 = 0.94,8-17-10-14-37-8 = 0.06,8-19-34-16-8 = 0.98,8-30-34-16-8 = 0.02,8-19-30-8 = 0.02,8-24-21-15-5 = 0.02,5-38-28-9-8 = 0.04,5-28-15-9-8 = 0.92,5-11-18-31-15-5 = 0.04,5-21-33-9-5 = 0.02,5-28-35-25-8 = 0.04
700,308,577.417,7.455,0.16,0.788,805,806,5-13-5 = 0.045,8-30-8 = 0.773,5-32-5 = 0.045,5-26-21-5 = 0.455,5-26-24-20-5 = 0.545,5-12-27-29-5 = 0.5,5-11-12-29-5 = 0.5,5-38-18-31-15-5 = 0.636,5-38-28-10-9-5 = 0.364,5-18-28-10-9-5 = 0.364,5-32-13-5 = 0.955,5-11-27-14-37-8 = 0.5,5-31-10-14-37-8 = 0.273,5-21-35-25-8 = 0.455,8-23-22-33-5 = 0.545,8-17-37-14-5 = 0.227,8-17-34-16-8 = 0.773,8-19-36-35-25-8 = 0.545,8-19-36-22-33-8 = 0.455,8-30-34-16-8 = 0.227,8-23-24-20-5 = 0.455,5-31-15-21-5 = 0.091,5-28-15-9-5 = 0.273
805,700,579.072,0.0,1.655,0.0,Prune by CG,,5-13-5 = 0.015,8-30-8 = 0.975,5-32-5 = 0.015,5-26-21-5 = 0.025,5-26-24-20-5 = 0.975,5-12-27-29-5 = 0.5,5-11-12-29-5 = 0.5,5-38-18-31-15-5 = 0.035,5-38-18-28-9-5 = 0.485,5-38-28-10-9-5 = 0.02,5-18-28-10-9-5 = 0.48,5-32-13-5 = 0.985,5-11-27-14-37-8 = 0.5,5-31-10-14-37-8 = 0.04,5-21-35-25-8 = 0.025,8-23-22-33-5 = 0.975,8-17-34-16-8 = 0.975,8-19-36-35-25-8 = 0.975,8-19-36-22-33-8 = 0.025,8-30-34-16-8 = 0.025,8-23-24-20-5 = 0.025,5-31-15-21-5 = 0.925,8-17-15-21-5 = 0.025,5-38-10-14-37-8 = 0.46,5-28-15-9-5 = 0.015
806,700,583.99,0.0,6.573,0.0,Prune by CG,,5-26-5 = 0.25,8-30-8 = 0.5,5-26-31-15-5 = 0.25,5-26-24-20-5 = 0.5,5-12-27-29-5 = 0.25,5-11-12-29-5 = 0.25,5-11-27-14-29-5 = 0.25,5-38-18-31-15-5 = 0.75,5-38-28-10-9-5 = 0.25,5-18-28-10-9-5 = 0.25,5-32-13-5 = 1.0,5-21-35-25-8 = 1.0,8-17-37-14-5 = 0.75,8-17-37-29-5 = 0.25,8-19-36-22-33-8 = 1.0,8-34-16-8 = 0.5,8-30-34-16-8 = 0.5,8-23-24-20-5 = 0.5,5-11-12-27-10-8 = 0.5,5-23-28-9-5 = 0.5
662,657,577.48,6.0,0.357,0.385,807,808,5-12-27-29-5 = 0.333,5-11-12-29-5 = 0.333,5-11-12-27-5 = 0.259,5-11-27-14-29-5 = 0.167,5-11-27-10-9-5 = 0.167,5-38-18-31-15-5 = 0.213,5-38-18-28-9-5 = 0.574,5-38-28-31-15-5 = 0.213,5-31-15-22-5 = 0.102,5-31-15-9-5 = 0.259,5-18-28-31-15-5 = 0.213,5-32-13-5 = 0.481,5-26-22-33-8 = 0.898,5-26-32-13-5 = 0.102,5-24-21-20-5 = 0.583,8-23-35-25-8 = 0.806,8-17-37-29-5 = 0.167,8-17-10-14-37-8 = 0.833,8-19-34-16-8 = 0.194,8-19-36-35-25-8 = 0.194,8-19-36-24-32-13-5 = 0.417,8-30-34-16-8 = 0.806,8-36-21-20-5 = 0.389,8-23-19-30-8 = 0.194,5-21-33-20-5 = 0.028,5-11-12-27-33-8 = 0.074
807,662,578.118,0.0,0.638,0.0,Prune by CG,,5-12-27-29-5 = 0.333,5-11-12-29-5 = 0.333,5-11-12-27-5 = 0.333,5-11-27-29-5 = 0.333,5-38-18-31-15-5 = 0.167,5-38-18-28-9-5 = 0.667,5-38-28-31-15-5 = 0.167,5-31-15-22-5 = 0.167,5-31-15-9-5 = 0.333,5-18-28-31-15-5 = 0.167,5-32-13-5 = 0.333,5-26-22-33-8 = 0.833,5-26-32-13-5 = 0.167,5-24-21-20-5 = 0.5,8-23-35-25-8 = 0.833,8-17-10-14-37-8 = 1.0,8-19-34-16-8 = 0.167,8-19-36-35-25-8 = 0.167,8-19-36-24-32-13-5 = 0.5,8-30-34-16-8 = 0.833,8-36-21-20-5 = 0.333,8-23-19-30-8 = 0.167,5-21-33-20-5 = 0.167
808,662,584.325,0.0,6.846,0.0,Prune by CG,,5-38-18-31-15-5 = 0.173,5-38-18-28-9-5 = 0.654,5-38-28-31-15-5 = 0.173,5-31-15-22-5 = 0.135,5-31-15-9-5 = 0.346,5-18-28-31-15-5 = 0.173,5-32-13-5 = 0.615,5-26-22-33-8 = 0.865,5-26-32-13-5 = 0.135,8-37-14-29-5 = 0.173,5-24-21-20-5 = 0.731,8-23-35-25-8 = 0.538,8-23-36-35-8 = 0.019,8-23-36-24-25-8 = 0.019,8-23-19-34-8 = 0.135,8-17-37-29-5 = 0.654,8-17-10-14-37-8 = 0.173,8-19-34-16-8 = 0.019,8-19-36-35-25-8 = 0.442,8-19-36-24-32-13-5 = 0.25,8-30-34-16-8 = 0.846,8-36-21-20-5 = 0.269,8-23-19-30-8 = 0.154,5-11-12-27-14-5 = 0.346,5-11-12-27-14-8 = 0.135,8-17-10-14-29-5 = 0.173,8-23-33-10-16-8 = 0.135,5-11-12-27-10-8 = 0.519
804,799,577.536,0.32,0.0,0.04,809,810,8-30-8 = 0.96,5-26-20-5 = 0.02,5-26-24-20-5 = 0.98,5-12-27-29-5 = 1.0,5-11-38-18-31-33-5 = 0.02,5-38-18-28-9-5 = 0.98,5-32-13-5 = 1.0,5-21-35-25-8 = 0.98,8-23-36-22-5 = 0.98,8-23-36-22-8 = 0.02,8-17-10-14-37-8 = 1.0,8-19-34-16-8 = 0.98,8-30-34-16-8 = 0.02,8-19-30-8 = 0.02,8-24-21-15-5 = 0.02,5-11-31-15-33-5 = 0.98,5-35-25-8 = 0.02,5-28-9-5 = 0.02
809,804,583.059,0.0,5.523,0.0,Prune by CG,,8-19-8 = 0.989,5-35-8 = 0.022,5-26-20-5 = 0.011,5-26-24-20-5 = 0.989,5-12-27-29-5 = 1.0,5-11-38-18-31-33-5 = 0.011,5-38-18-28-9-5 = 0.989,5-32-13-5 = 1.0,5-21-35-25-8 = 0.978,8-23-36-22-5 = 0.989,8-17-10-14-37-8 = 1.0,8-19-36-21-25-8 = 0.011,8-30-34-16-8 = 1.0,8-24-21-15-5 = 0.011,5-11-31-15-33-5 = 0.989,8-23-22-25-8 = 0.011,5-28-9-5 = 0.011
793,689,577.682,5.0,0.212,-1.0,811,812,5-13-5 = 0.318,5-26-5 = 0.636,8-30-8 = 0.136,5-32-5 = 0.318,5-26-24-20-5 = 0.364,5-12-27-29-5 = 0.409,5-11-12-29-5 = 0.409,5-38-18-31-15-5 = 0.955,5-31-9-29-5 = 0.045,5-32-13-5 = 0.682,5-12-14-37-8 = 0.182,5-11-27-14-37-8 = 0.591,5-21-22-33-8 = 0.909,8-19-36-35-25-8 = 1.0,8-34-16-8 = 0.045,8-30-34-16-8 = 0.864,8-17-28-10-9-5 = 0.727,8-23-28-9-5 = 0.227,8-23-24-20-5 = 0.636,8-17-10-14-29-5 = 0.091,8-17-28-10-29-5 = 0.045,5-15-22-33-8 = 0.045,5-38-10-14-37-8 = 0.045,8-17-23-22-5 = 0.045,5-18-10-14-37-8 = 0.045,8-34-16-37-8 = 0.091,8-17-23-21-5 = 0.091,5-33-10-14-37-8 = 0.045
812,793,590.602,0.0,12.92,0.0,Prune by CG,,5-13-5 = 0.714,8-30-8 = 0.143,5-32-5 = 0.714,5-26-24-20-5 = 0.857,5-11-12-29-5 = 0.143,5-11-27-14-29-5 = 0.286,5-38-18-31-15-5 = 1.0,5-32-13-5 = 0.286,5-26-22-33-8 = 0.143,5-21-22-33-8 = 0.857,8-19-36-35-25-8 = 1.0,8-30-34-16-8 = 0.857,8-17-28-10-9-5 = 0.286,8-23-28-9-5 = 0.714,5-11-12-27-14-5 = 0.143,8-23-24-20-5 = 0.143,8-17-10-14-29-5 = 0.571,5-11-12-37-8 = 0.286,8-34-16-37-8 = 0.143,8-17-23-21-5 = 0.143,5-12-27-37-8 = 0.429,5-11-27-10-37-8 = 0.143
810,804,577.57,0.22,0.034,-0.1,813,814,8-30-8 = 1.0,5-26-20-5 = 0.02,5-26-24-20-5 = 0.98,5-12-27-29-5 = 1.0,5-11-38-18-31-33-5 = 0.02,5-38-18-28-9-5 = 0.98,5-32-13-5 = 1.0,5-21-35-25-8 = 0.98,8-23-36-22-5 = 0.98,8-23-36-22-8 = 0.02,8-17-10-14-37-8 = 1.0,8-19-34-16-8 = 1.0,8-24-21-15-5 = 0.02,5-11-31-15-33-5 = 0.98,5-35-25-8 = 0.02,5-28-9-5 = 0.02
813,810,588.264,0.0,10.693,0.0,Prune by CG,,8-19-8 = 0.98,8-30-8 = 1.0,5-26-20-5 = 0.02,5-26-24-20-5 = 0.98,5-12-27-29-5 = 1.0,5-11-38-18-31-33-5 = 0.02,5-38-18-28-9-5 = 0.98,5-32-13-5 = 1.0,5-21-35-25-8 = 0.98,8-23-36-22-5 = 0.98,8-23-36-22-8 = 0.02,8-17-10-14-37-8 = 1.0,8-19-34-16-8 = 0.02,8-34-16-8 = 0.98,8-24-21-15-5 = 0.02,5-11-31-15-33-5 = 0.98,5-35-25-8 = 0.02,5-28-9-5 = 0.02
814,810,577.891,0.0,0.321,0.0,Prune by CG,,8-30-8 = 0.95,5-26-20-5 = 0.025,5-26-24-20-5 = 0.975,5-12-27-29-5 = 1.0,5-11-38-18-31-33-5 = 0.025,5-38-18-28-9-5 = 0.975,5-32-13-5 = 1.0,5-21-35-25-8 = 0.975,5-36-35-25-8 = 0.025,8-23-36-22-5 = 0.975,8-17-10-14-37-8 = 1.0,8-19-34-16-8 = 0.975,8-30-34-8 = 0.025,8-19-30-8 = 0.025,8-24-21-15-5 = 0.025,5-11-31-15-33-5 = 0.975,8-23-22-16-8 = 0.025,5-28-9-5 = 0.025
399,369,577.301,7.2,1.633,1.94,815,816,8-30-8 = 0.8,5-15-22-33-5 = 0.5,5-26-24-20-5 = 0.5,5-12-27-29-5 = 0.6,5-11-12-5 = 0.1,5-11-12-27-5 = 0.3,5-11-27-10-9-5 = 0.1,5-11-17-37-14-5 = 0.1,5-38-18-31-15-5 = 0.4,5-38-18-28-9-5 = 0.6,5-31-10-14-29-5 = 0.2,5-32-13-5 = 1.0,5-26-22-33-8 = 0.5,5-21-35-25-8 = 0.5,5-24-35-25-8 = 0.2,8-23-36-21-5 = 0.5,8-23-36-20-5 = 0.2,8-17-37-29-5 = 0.2,8-17-10-14-37-8 = 0.7,8-19-34-16-8 = 0.7,8-19-36-35-25-8 = 0.3,8-34-16-8 = 0.1,8-30-34-16-8 = 0.2,8-23-24-20-5 = 0.3,5-11-28-31-15-5 = 0.1,5-11-28-31-9-5 = 0.3
815,399,577.923,0.0,0.623,0.0,Prune by CG,,8-30-8 = 0.9,5-15-22-33-5 = 0.4,5-26-22-33-5 = 0.4,5-26-24-20-5 = 0.5,5-12-27-29-5 = 1.0,5-11-38-31-15-5 = 0.3,5-38-18-28-9-5 = 0.7,5-32-13-5 = 1.0,5-26-22-33-8 = 0.1,5-21-35-25-8 = 0.5,5-24-35-25-8 = 0.4,8-23-36-21-5 = 0.5,8-23-36-20-5 = 0.4,8-17-10-14-37-8 = 1.0,8-19-34-16-8 = 0.9,8-19-36-35-25-8 = 0.1,8-30-34-16-8 = 0.1,8-23-24-20-5 = 0.1,5-11-31-22-33-5 = 0.1,5-11-18-31-15-5 = 0.3,5-11-28-31-9-5 = 0.3
624,378,577.419,7.0,0.51,1.0,817,818,8-30-8 = 0.5,5-26-36-21-5 = 0.5,5-26-20-5 = 0.5,5-12-27-29-5 = 0.5,5-11-12-29-5 = 0.5,5-38-18-31-15-5 = 1.0,5-32-13-5 = 1.0,5-11-27-14-37-8 = 0.5,5-21-20-5 = 0.5,5-24-35-25-8 = 1.0,8-23-22-33-5 = 0.5,8-17-10-14-37-8 = 0.5,8-19-34-16-8 = 0.5,8-19-36-22-33-8 = 0.5,8-30-34-16-8 = 0.5,8-17-28-10-9-5 = 0.5,8-23-28-9-5 = 0.5
817,624,579.565,0.0,2.146,0.0,Prune by CG,,8-30-8 = 0.625,5-26-36-21-5 = 0.083,5-26-20-5 = 0.333,5-12-27-29-5 = 0.5,5-11-12-29-5 = 0.5,5-38-18-31-15-5 = 0.917,5-32-13-5 = 1.0,5-11-27-14-37-8 = 0.5,5-31-10-14-37-8 = 0.083,5-21-20-5 = 0.5,5-21-35-25-8 = 0.25,5-24-35-25-8 = 0.417,8-23-36-15-5 = 0.083,8-23-22-33-5 = 0.667,8-17-37-14-5 = 0.25,8-19-34-16-8 = 0.625,8-19-36-35-25-8 = 0.042,8-19-36-22-33-8 = 0.333,8-30-34-16-8 = 0.375,8-17-28-10-9-5 = 0.75,8-23-28-9-5 = 0.25,5-36-21-20-5 = 0.167,5-26-24-35-8 = 0.292,5-38-10-14-37-8 = 0.083,5-18-10-14-37-8 = 0.083,5-26-36-24-25-8 = 0.292
818,624,579.119,0.0,1.7,0.0,Prune by CG,,8-30-8 = 0.5,5-26-36-21-5 = 0.5,5-26-20-5 = 0.5,5-12-27-29-5 = 0.5,5-11-12-29-5 = 0.5,5-11-27-10-9-5 = 0.25,5-38-18-31-15-5 = 1.0,5-32-13-5 = 1.0,5-11-27-14-37-8 = 0.25,5-21-20-5 = 0.5,5-24-35-25-8 = 1.0,8-23-22-33-5 = 0.25,8-17-10-14-37-8 = 0.75,8-19-34-16-8 = 0.5,8-19-36-22-33-5 = 0.25,8-19-36-22-33-8 = 0.25,8-30-34-16-8 = 0.5,8-17-28-22-33-8 = 0.25,8-23-28-9-5 = 0.75
802,519,577.787,3.5,0.539,-1.5,819,820,5-26-31-15-5 = 0.25,5-12-27-29-5 = 0.5,5-11-12-29-5 = 0.25,5-11-12-27-5 = 0.25,5-11-27-29-5 = 0.25,5-38-18-28-9-5 = 0.75,5-31-15-22-5 = 0.25,5-32-13-5 = 0.25,5-26-32-13-5 = 0.75,5-21-22-33-8 = 0.75,8-17-10-14-37-8 = 1.0,8-19-36-35-25-8 = 1.0,8-30-34-16-8 = 1.0,8-23-24-20-5 = 1.0,5-31-15-21-5 = 0.25,5-38-18-28-9-8 = 0.25,5-11-31-15-33-5 = 0.25
819,802,580.104,0.0,2.317,0.0,Prune by CG,,5-26-31-15-5 = 0.25,5-12-27-29-5 = 0.25,5-11-12-29-5 = 0.25,5-11-12-27-5 = 0.25,5-11-27-29-5 = 0.25,5-38-18-28-9-5 = 1.0,5-31-15-22-5 = 0.25,5-32-13-5 = 0.25,5-26-32-13-5 = 0.75,5-21-22-33-8 = 0.75,8-17-10-14-37-8 = 1.0,8-19-36-35-25-8 = 1.0,8-30-34-16-8 = 1.0,8-23-24-20-5 = 1.0,5-31-15-21-5 = 0.25,5-11-31-15-33-5 = 0.25,5-12-27-29-8 = 0.25
820,802,582.412,0.0,4.624,0.0,Prune by CG,,5-26-31-15-5 = 0.25,5-12-27-29-5 = 0.5,5-11-12-29-5 = 0.25,5-11-12-27-5 = 0.25,5-11-27-29-5 = 0.25,5-21-22-33-5 = 0.75,5-31-15-22-5 = 0.25,5-32-13-5 = 0.25,5-26-32-13-5 = 0.75,8-17-10-14-37-8 = 1.0,8-19-36-35-25-8 = 1.0,8-30-34-16-8 = 1.0,8-23-24-20-5 = 1.0,5-31-15-21-5 = 0.25,5-38-18-28-9-8 = 1.0,5-11-31-15-33-5 = 0.25
795,330,577.571,6.381,0.031,0.085,821,822,5-26-24-20-5 = 0.714,5-12-27-29-5 = 0.5,5-11-12-29-5 = 0.5,5-38-18-31-15-5 = 0.667,5-38-18-28-9-5 = 0.167,5-38-28-10-9-5 = 0.167,5-31-15-9-5 = 0.333,5-18-28-10-9-5 = 0.167,5-32-13-5 = 0.571,5-32-20-13-5 = 0.286,5-11-27-14-37-8 = 0.5,8-23-35-25-8 = 0.857,8-17-10-14-37-8 = 0.5,8-19-22-21-5 = 0.238,8-19-36-22-33-8 = 0.238,8-19-36-21-33-8 = 0.381,8-30-34-16-8 = 1.0,8-17-28-22-33-8 = 0.238,8-17-28-10-9-5 = 0.167,8-36-22-21-5 = 0.286,5-26-23-19-8 = 0.143,5-26-24-32-13-5 = 0.143,8-17-28-36-21-5 = 0.095,5-24-35-33-25-8 = 0.143
821,795,578.369,0.0,0.798,0.0,Prune by CG,,5-26-24-20-5 = 1.0,5-12-27-29-5 = 0.5,5-11-12-29-5 = 0.167,5-38-18-31-15-5 = 0.75,5-38-28-10-9-5 = 0.25,5-31-15-9-5 = 0.167,5-28-9-29-5 = 0.333,5-18-28-10-9-5 = 0.25,5-32-13-5 = 0.667,5-11-27-14-37-8 = 0.5,8-23-35-25-8 = 0.917,8-23-22-33-8 = 0.083,8-17-10-14-37-8 = 0.5,8-19-22-21-5 = 0.083,8-19-36-22-33-8 = 0.5,8-19-36-21-33-8 = 0.417,8-30-34-16-8 = 1.0,5-11-12-32-13-5 = 0.333,8-17-28-31-21-5 = 0.083,8-17-28-36-21-5 = 0.083,8-17-22-21-5 = 0.333,5-15-35-25-8 = 0.083
822,795,579.323,0.0,1.752,0.0,Prune by CG,,5-15-10-9-5 = 0.417,5-26-24-20-5 = 1.0,5-12-27-29-5 = 0.5,5-11-12-29-5 = 0.333,5-11-27-14-29-5 = 0.146,5-11-27-10-9-5 = 0.042,5-38-18-31-9-5 = 0.417,5-38-18-31-15-5 = 0.583,5-32-13-5 = 0.667,5-11-27-14-37-8 = 0.312,5-28-10-14-37-8 = 0.417,8-23-35-25-8 = 0.781,8-23-19-34-8 = 0.073,8-17-37-9-5 = 0.125,8-17-37-29-5 = 0.021,8-17-10-14-37-8 = 0.125,8-19-22-21-5 = 0.146,8-19-36-35-25-8 = 0.219,8-19-36-21-33-8 = 0.417,8-30-34-16-8 = 0.927,8-17-28-22-33-8 = 0.583,8-36-22-21-5 = 0.198,8-23-19-30-8 = 0.073,8-17-23-19-16-8 = 0.073,5-11-12-32-13-5 = 0.167,8-17-22-21-5 = 0.073,8-36-21-32-13-5 = 0.167
533,258,577.761,6.1,1.376,-1.15,823,824,5-13-5 = 0.01,5-26-5 = 0.01,8-30-8 = 0.96,5-32-5 = 0.01,5-26-36-22-5 = 0.5,5-26-24-20-5 = 0.49,5-12-27-29-5 = 0.49,5-11-12-29-5 = 0.49,5-11-12-27-5 = 0.02,5-38-18-31-15-5 = 1.0,5-32-13-5 = 0.99,5-11-27-14-37-8 = 0.49,8-37-14-29-5 = 0.02,5-21-35-25-8 = 0.5,5-21-35-33-8 = 0.5,8-17-10-37-14-5 = 0.46,8-17-10-14-37-8 = 0.03,8-19-34-16-8 = 0.98,8-30-34-16-8 = 0.02,8-17-28-10-9-5 = 0.51,8-19-30-8 = 0.02,8-23-28-9-5 = 0.49,8-23-24-20-5 = 0.51,5-36-22-33-25-8 = 0.5
823,533,580.805,0.0,3.044,0.0,Prune by CG,,8-30-8 = 0.84,5-26-36-22-5 = 0.3,5-26-24-20-5 = 0.7,5-12-27-29-5 = 0.3,5-11-12-29-5 = 0.3,5-11-12-27-5 = 0.4,5-11-27-14-29-5 = 0.2,5-11-27-10-9-5 = 0.1,5-38-18-31-15-5 = 1.0,5-23-36-22-5 = 0.02,5-32-13-5 = 1.0,5-21-35-25-8 = 0.44,5-21-35-33-8 = 0.44,8-17-37-29-5 = 0.2,8-17-10-37-14-5 = 0.16,8-17-10-14-37-8 = 0.54,8-19-34-16-8 = 0.92,8-30-34-16-8 = 0.08,8-17-28-10-9-5 = 0.1,8-28-10-14-37-8 = 0.1,8-19-30-8 = 0.08,8-23-28-9-5 = 0.8,8-23-24-20-5 = 0.18,5-36-22-33-25-8 = 0.56,5-36-22-20-5 = 0.12,5-24-21-35-5 = 0.12
824,533,584.492,0.0,6.731,0.0,Prune by CG,,5-26-5 = 0.225,8-30-8 = 0.975,5-26-36-22-5 = 0.488,5-12-27-29-5 = 0.4,5-11-12-29-5 = 0.4,5-11-27-14-37-5 = 0.063,5-37-14-29-5 = 0.2,5-38-18-31-15-5 = 1.0,5-32-13-5 = 0.712,5-12-14-37-5 = 0.2,5-26-32-13-5 = 0.288,5-11-27-14-37-8 = 0.538,5-21-35-25-8 = 0.488,5-21-35-33-8 = 0.488,8-19-34-16-8 = 0.975,8-30-34-16-8 = 0.025,8-17-28-10-9-5 = 1.0,8-23-24-20-5 = 1.0,8-19-21-35-5 = 0.025,5-36-22-33-25-8 = 0.512
797,792,577.593,0.375,0.076,0.042,825,826,5-13-5 = 0.012,8-30-8 = 0.975,5-32-5 = 0.012,5-26-24-20-5 = 0.975,5-12-27-29-5 = 1.0,5-11-38-18-28-31-5 = 0.012,5-32-13-5 = 0.988,5-21-35-25-8 = 0.975,8-23-36-21-5 = 0.025,8-23-36-22-5 = 0.975,8-17-10-14-37-8 = 1.0,8-19-34-16-8 = 0.975,8-30-34-16-8 = 0.025,5-18-31-15-33-5 = 0.975,5-38-31-33-20-5 = 0.013,5-26-35-25-8 = 0.025,5-11-38-28-9-5 = 0.975,5-11-18-28-9-5 = 0.013,5-24-20-5 = 0.012,8-19-15-22-8 = 0.025,5-24-33-9-5 = 0.013
826,797,589.056,0.0,11.463,0.0,Prune by CG,,8-30-8 = 0.975,5-15-33-20-5 = 0.38,5-26-20-5 = 0.62,5-12-27-29-5 = 1.0,5-11-38-18-28-31-5 = 0.43,5-38-18-31-15-5 = 0.38,5-32-13-5 = 0.62,5-21-35-25-8 = 1.0,8-23-36-22-5 = 0.975,8-23-36-15-5 = 0.025,8-17-10-14-37-8 = 1.0,8-19-34-16-8 = 0.975,8-30-34-16-8 = 0.025,5-26-24-32-13-5 = 0.38,5-11-28-31-15-5 = 0.19,5-11-38-28-9-5 = 0.19,5-11-18-28-9-5 = 0.19,8-19-15-22-8 = 0.025,5-24-33-9-5 = 0.62
825,797,577.603,0.37,0.01,-0.005,827,828,5-13-5 = 0.015,8-30-8 = 0.975,5-32-5 = 0.015,5-26-24-20-5 = 0.975,5-12-27-29-5 = 1.0,5-11-38-18-28-31-5 = 0.01,5-38-18-31-9-5 = 0.01,5-32-13-5 = 0.985,5-21-35-25-8 = 0.975,8-23-36-21-5 = 0.025,8-23-36-22-5 = 0.975,8-17-10-14-37-8 = 1.0,8-19-34-16-8 = 0.975,8-30-34-16-8 = 0.025,5-18-31-15-33-5 = 0.975,5-26-35-25-8 = 0.025,5-11-38-28-9-5 = 0.98,5-11-18-28-9-5 = 0.005,5-11-28-31-9-5 = 0.005,8-19-15-22-8 = 0.025,5-24-33-20-5 = 0.025
828,825,588.291,0.0,10.688,0.0,Prune by CG,,5-13-5 = 0.01,8-30-8 = 0.975,5-32-5 = 0.01,5-26-21-33-5 = 0.01,5-26-24-20-5 = 0.99,5-12-27-29-5 = 1.0,5-11-38-18-28-31-5 = 0.94,5-32-13-5 = 0.99,5-21-35-25-8 = 0.05,8-23-36-22-5 = 0.025,8-23-36-15-5 = 0.975,8-17-10-14-37-8 = 1.0,8-19-34-16-8 = 0.975,8-30-34-16-8 = 0.025,5-22-35-25-8 = 0.95,5-11-38-28-9-5 = 0.02,5-11-18-28-9-5 = 0.02,5-21-33-9-5 = 0.94,5-11-28-31-9-5 = 0.02,5-38-18-31-33-5 = 0.04,8-19-15-22-8 = 0.025,5-24-33-20-5 = 0.01
606,219,577.55,5.882,0.829,0.382,829,830,5-13-5 = 0.412,5-26-5 = 0.059,8-30-8 = 0.353,5-26-24-20-5 = 0.941,5-12-27-29-5 = 0.471,5-11-12-29-5 = 0.471,5-37-14-29-5 = 0.059,5-38-18-31-15-5 = 0.882,5-32-13-5 = 1.0,5-12-14-37-8 = 0.059,5-11-27-14-37-8 = 0.529,5-31-10-14-37-8 = 0.118,5-21-35-25-8 = 0.706,5-24-21-20-5 = 0.059,8-23-22-33-5 = 0.294,8-19-36-35-25-8 = 0.294,8-19-36-22-33-8 = 0.706,8-34-16-8 = 0.353,8-30-34-16-8 = 0.647,8-17-28-10-9-5 = 0.647,8-23-28-9-5 = 0.353,5-38-10-14-37-8 = 0.118,5-18-10-14-37-8 = 0.118,8-17-23-21-5 = 0.235,8-17-23-15-5 = 0.118
829,606,579.454,0.0,1.904,0.0,Prune by CG,,5-26-5 = 1.0,8-30-8 = 0.2,5-12-27-29-5 = 0.4,5-11-12-29-5 = 0.4,5-37-14-29-5 = 0.2,5-38-18-31-15-5 = 1.0,5-32-13-5 = 1.0,5-12-14-37-8 = 0.2,5-11-27-14-37-8 = 0.6,5-21-35-25-8 = 1.0,8-19-36-22-33-8 = 1.0,8-34-16-8 = 0.2,8-30-34-16-8 = 0.8,8-17-28-10-9-5 = 1.0,8-23-24-20-5 = 0.8,5-23-24-20-5 = 0.2
830,606,580.2,0.0,2.65,0.0,Prune by CG,,5-13-5 = 0.167,8-30-8 = 0.667,5-15-10-9-5 = 0.167,5-26-24-20-5 = 1.0,5-12-27-29-5 = 0.5,5-11-12-29-5 = 0.5,5-38-18-31-15-5 = 0.667,5-38-17-10-9-5 = 0.333,5-32-13-5 = 1.0,5-11-27-14-37-8 = 0.5,5-31-10-14-37-8 = 0.167,5-21-35-25-8 = 0.667,8-23-22-33-5 = 0.667,8-19-34-16-8 = 0.333,8-19-36-35-25-8 = 0.333,8-19-36-22-33-8 = 0.333,8-34-16-8 = 0.333,8-30-34-16-8 = 0.333,8-17-28-31-15-5 = 0.167,8-23-28-9-5 = 0.333,8-17-28-9-5 = 0.167,8-17-28-36-21-5 = 0.333,5-18-10-14-37-8 = 0.333
697,693,577.447,8.25,0.315,1.25,831,832,5-26-5 = 0.375,8-30-8 = 0.5,5-26-24-20-5 = 0.5,5-12-27-29-5 = 0.5,5-11-12-29-5 = 0.5,5-21-22-33-5 = 0.625,5-38-18-31-15-5 = 0.75,5-31-15-22-5 = 0.25,5-32-13-5 = 1.0,5-11-27-14-37-8 = 0.5,5-24-21-20-5 = 0.375,8-23-35-25-8 = 0.5,8-23-36-35-8 = 0.5,8-19-34-16-8 = 0.5,8-19-36-33-25-8 = 0.375,8-19-36-24-20-5 = 0.125,8-30-34-16-8 = 0.5,8-17-28-10-9-5 = 0.5,8-17-28-9-5 = 0.5,5-38-10-14-37-8 = 0.25,5-18-10-14-37-8 = 0.25,5-26-22-25-8 = 0.125
831,697,580.966,0.0,3.52,0.0,Prune by CG,,5-13-5 = 0.25,8-30-8 = 0.375,5-26-21-5 = 0.625,5-12-27-29-5 = 0.5,5-11-12-29-5 = 0.5,5-21-22-33-5 = 0.375,5-38-18-31-15-5 = 0.75,5-32-13-5 = 1.0,5-26-22-33-8 = 0.375,5-11-27-14-37-8 = 0.5,8-23-35-25-8 = 0.625,8-19-36-24-20-5 = 1.0,8-34-16-8 = 0.375,8-30-34-16-8 = 0.625,8-17-28-10-9-5 = 0.5,8-17-28-31-9-5 = 0.25,8-17-28-9-5 = 0.25,5-15-22-33-8 = 0.25,5-38-10-14-37-8 = 0.25,5-18-10-14-37-8 = 0.25,5-23-35-25-8 = 0.375
832,697,577.477,7.833,0.03,-0.417,833,834,5-26-5 = 0.25,8-30-8 = 0.583,5-26-24-20-5 = 0.583,5-12-27-29-5 = 0.5,5-11-12-29-5 = 0.5,5-21-22-33-5 = 0.583,5-38-18-31-15-5 = 0.75,5-31-15-22-5 = 0.25,5-32-13-5 = 1.0,5-11-27-14-37-8 = 0.5,5-24-21-20-5 = 0.417,8-23-35-25-8 = 0.417,8-23-36-35-5 = 0.167,8-23-36-35-8 = 0.417,8-19-34-16-8 = 0.583,8-19-36-33-25-8 = 0.417,8-30-34-16-8 = 0.417,8-17-28-10-9-5 = 0.5,8-17-28-9-5 = 0.5,5-38-10-14-37-8 = 0.25,5-18-10-14-37-8 = 0.25,5-26-22-25-8 = 0.167
833,832,581.015,0.0,3.538,0.0,Prune by CG,,8-30-8 = 0.975,5-26-21-5 = 0.1,5-26-24-20-5 = 0.537,5-12-27-29-5 = 0.5,5-11-12-29-5 = 0.5,5-21-22-33-5 = 0.438,5-38-18-31-15-5 = 0.488,5-32-13-5 = 1.0,5-11-27-14-37-8 = 0.5,5-24-21-20-5 = 0.438,8-23-35-33-5 = 0.025,8-23-36-35-5 = 0.95,8-23-36-35-8 = 0.025,8-19-34-16-8 = 0.975,8-19-36-24-21-5 = 0.025,8-30-34-16-8 = 0.025,8-17-28-10-9-5 = 0.5,8-17-28-31-9-5 = 0.5,5-31-15-33-25-8 = 0.012,5-38-10-14-37-8 = 0.5,5-26-22-25-8 = 0.338,5-15-22-25-8 = 0.1,5-38-22-33-25-8 = 0.012,5-26-20-25-8 = 0.025,5-18-15-33-25-8 = 0.4,5-18-22-33-25-8 = 0.112
744,739,577.795,4.833,0.349,-1.167,835,836,5-13-5 = 0.167,8-30-8 = 1.0,5-32-5 = 0.167,5-26-24-20-5 = 0.833,5-26-28-9-5 = 0.167,5-12-27-29-5 = 0.5,5-11-12-29-5 = 0.5,5-38-18-31-15-5 = 0.75,5-38-18-28-9-5 = 0.25,5-31-15-22-5 = 0.167,5-31-15-9-5 = 0.083,5-32-13-5 = 0.833,5-11-27-14-37-8 = 0.5,5-21-35-25-8 = 0.917,5-24-21-20-5 = 0.083,8-23-36-33-25-8 = 0.083,8-17-10-14-37-8 = 0.5,8-19-36-35-33-5 = 0.083,8-19-36-22-33-5 = 0.833,8-34-16-8 = 0.083,8-17-28-10-9-5 = 0.5,8-23-34-16-8 = 0.917,5-28-19-24-20-5 = 0.083
835,744,577.919,0.0,0.124,0.0,Prune by CG,,5-13-5 = 0.018,8-30-8 = 0.991,5-32-5 = 0.018,5-26-24-20-5 = 0.536,5-12-27-29-5 = 0.5,5-11-12-29-5 = 0.5,5-38-18-31-15-5 = 0.5,5-38-18-28-9-5 = 0.5,5-31-15-22-5 = 0.482,5-32-13-5 = 0.982,5-11-27-14-37-8 = 0.5,5-21-35-25-8 = 0.536,5-24-21-20-5 = 0.464,8-23-36-33-25-8 = 0.009,8-17-10-14-37-8 = 0.5,8-19-36-35-33-5 = 0.464,8-19-36-22-33-5 = 0.518,8-19-36-31-15-5 = 0.009,8-34-16-8 = 0.464,8-30-34-16-8 = 0.009,8-17-28-10-9-5 = 0.5,8-23-34-16-8 = 0.527,5-26-23-25-8 = 0.455,8-19-31-15-33-5 = 0.009,5-26-23-8 = 0.009
836,744,582.787,0.0,4.992,0.0,Prune by CG,,5-13-5 = 0.125,8-30-8 = 1.0,5-32-5 = 0.125,5-26-24-20-5 = 1.0,5-12-27-29-5 = 0.375,5-11-12-29-5 = 0.375,5-11-12-27-5 = 0.25,5-38-18-31-9-5 = 0.5,5-38-18-28-15-5 = 0.5,5-31-15-9-5 = 0.375,5-32-13-5 = 0.875,5-11-27-14-37-8 = 0.375,5-21-35-25-8 = 0.875,8-23-36-33-25-8 = 0.125,8-17-34-16-8 = 0.125,8-17-10-14-37-8 = 0.625,8-19-36-35-33-5 = 0.125,8-19-36-22-33-5 = 0.75,8-17-28-10-29-5 = 0.25,5-28-15-22-5 = 0.125,5-28-22-21-5 = 0.125,8-23-34-16-8 = 0.875,8-19-31-10-9-5 = 0.125
674,93,577.639,3.36,0.151,-0.0,837,838,5-13-5 = 0.005,5-26-5 = 0.025,8-30-8 = 0.975,5-32-5 = 0.005,5-15-10-9-5 = 0.005,5-26-24-20-5 = 0.975,5-12-27-29-5 = 0.5,5-11-12-29-5 = 0.5,5-38-18-10-9-5 = 0.495,5-38-18-31-9-5 = 0.475,5-38-18-31-15-5 = 0.02,5-32-13-5 = 0.995,5-11-27-14-37-8 = 0.5,5-31-10-14-37-8 = 0.48,5-21-35-25-8 = 0.975,5-24-35-20-5 = 0.025,8-23-36-21-5 = 0.025,8-23-36-15-5 = 0.975,8-19-34-16-8 = 0.975,8-19-22-33-25-8 = 0.025,8-30-34-16-8 = 0.025,8-17-28-22-33-5 = 0.95,8-17-28-22-33-8 = 0.025,8-17-28-31-9-5 = 0.025,5-38-10-14-37-8 = 0.01,5-18-10-14-37-8 = 0.01
837,674,579.387,0.0,1.748,0.0,Prune by CG,,5-13-5 = 0.029,8-30-8 = 0.96,5-32-5 = 0.018,5-26-24-20-5 = 0.989,5-12-27-29-5 = 0.49,5-11-12-29-5 = 0.49,5-38-18-10-9-5 = 0.483,5-38-18-31-9-5 = 0.45,5-38-18-31-15-5 = 0.033,5-38-31-10-9-5 = 0.033,5-31-10-37-14-5 = 0.45,5-18-31-10-9-5 = 0.033,5-32-13-5 = 0.971,5-12-14-37-8 = 0.02,5-11-27-14-37-8 = 0.51,8-37-14-29-5 = 0.02,5-21-35-25-8 = 0.989,8-23-36-21-5 = 0.011,8-23-36-20-5 = 0.011,8-23-36-24-32-5 = 0.011,8-23-36-15-5 = 0.967,8-19-34-16-8 = 0.98,8-30-34-16-8 = 0.02,8-17-28-22-33-5 = 0.51,8-17-28-22-33-8 = 0.49,8-19-30-8 = 0.02,5-26-35-25-8 = 0.011
838,674,580.718,0.0,3.079,0.0,Prune by CG,,5-26-5 = 0.033,8-30-8 = 0.967,5-26-24-20-5 = 0.967,5-12-27-29-5 = 0.933,5-11-12-29-5 = 0.067,5-38-18-31-9-5 = 0.933,5-38-18-31-15-5 = 0.033,5-32-13-5 = 1.0,5-11-27-14-37-8 = 0.033,5-31-10-14-37-8 = 0.033,5-21-35-25-8 = 0.967,5-24-35-20-5 = 0.033,8-23-36-21-5 = 0.033,8-23-36-15-5 = 0.967,8-19-34-16-8 = 0.967,8-19-22-33-25-8 = 0.033,8-30-34-16-8 = 0.033,8-17-28-22-33-5 = 0.967,8-17-28-9-5 = 0.033,5-38-10-14-37-8 = 0.033,5-18-10-14-37-8 = 0.033,5-11-27-10-9-8 = 0.033,5-11-10-14-37-8 = 0.867
126,103,577.829,5.286,4.899,-0.714,839,840,8-30-8 = 1.0,5-12-27-29-5 = 0.571,5-11-12-29-5 = 0.286,5-11-12-27-5 = 0.143,5-11-27-14-29-5 = 0.143,5-11-27-10-9-5 = 0.143,5-38-18-31-15-5 = 0.714,5-38-18-28-9-5 = 0.286,5-32-13-5 = 0.429,5-26-22-33-8 = 0.429,5-26-32-13-5 = 0.571,5-24-21-20-5 = 1.0,8-23-35-25-8 = 0.571,8-17-37-9-5 = 0.143,8-17-10-14-37-8 = 0.857,8-19-36-35-25-8 = 0.429,8-19-36-22-33-8 = 0.571,8-34-16-8 = 1.0,8-23-28-9-5 = 0.286,8-23-28-9-8 = 0.143,5-11-28-31-15-5 = 0.286
839,126,582.437,0.0,4.608,0.0,Prune by CG,,8-30-8 = 0.882,5-26-22-33-5 = 0.647,5-12-27-29-5 = 0.353,5-11-12-29-5 = 0.353,5-11-12-27-5 = 0.294,5-11-27-14-29-5 = 0.176,5-38-18-31-15-5 = 0.882,5-32-13-5 = 0.647,5-26-32-13-5 = 0.353,5-24-21-20-5 = 1.0,8-23-35-25-8 = 0.353,8-17-37-9-8 = 0.059,8-17-37-29-5 = 0.118,8-17-10-14-37-8 = 0.706,8-19-36-35-25-8 = 0.647,8-19-36-22-33-5 = 0.059,8-19-36-22-33-8 = 0.294,8-34-16-8 = 0.882,8-30-34-16-8 = 0.118,8-17-28-31-15-5 = 0.118,8-28-10-14-37-8 = 0.118,8-23-28-9-8 = 0.647,5-38-18-28-9-8 = 0.118,5-11-27-10-9-8 = 0.176
840,126,577.843,0.0,0.014,0.0,Prune by CG,,8-30-8 = 1.0,5-12-27-29-5 = 0.5,5-11-27-29-5 = 0.5,5-38-18-31-15-5 = 1.0,5-32-13-5 = 0.5,5-26-22-33-8 = 1.0,5-24-21-20-5 = 1.0,8-17-10-14-37-8 = 1.0,8-19-36-35-25-8 = 1.0,8-34-16-8 = 1.0,8-23-28-9-5 = 1.0,5-11-12-32-13-5 = 0.5
827,825,577.712,0.35,0.109,-0.02,841,842,8-30-8 = 0.975,5-26-24-20-5 = 0.95,5-12-27-29-5 = 1.0,5-32-13-5 = 1.0,5-21-35-25-8 = 0.95,8-23-36-21-5 = 0.025,8-23-36-22-5 = 0.975,8-17-10-14-37-8 = 1.0,8-19-34-16-8 = 0.975,8-19-22-21-8 = 0.025,8-30-34-16-8 = 0.025,5-18-31-15-33-5 = 1.0,5-26-35-25-8 = 0.05,5-11-38-28-9-5 = 1.0,5-24-20-5 = 0.05
841,827,581.221,0.0,3.509,0.0,Prune by CG,,8-30-8 = 0.975,5-26-24-20-5 = 0.95,5-12-27-29-5 = 0.975,5-32-13-5 = 1.0,8-23-36-21-5 = 0.975,8-23-36-22-5 = 0.025,8-17-10-14-37-8 = 1.0,8-19-34-16-8 = 0.975,8-19-22-21-5 = 0.025,8-30-34-16-8 = 0.025,5-22-35-25-8 = 0.95,5-18-31-15-33-5 = 1.0,5-26-35-25-8 = 0.05,5-11-38-28-9-5 = 1.0,5-24-20-5 = 0.05,5-12-27-29-8 = 0.025
842,827,577.739,0.24,0.027,-0.11,843,844,5-13-5 = 0.02,8-30-8 = 0.96,5-32-5 = 0.02,5-26-24-20-5 = 1.0,5-12-27-29-5 = 0.96,5-32-13-5 = 0.98,5-21-35-25-8 = 1.0,8-23-36-22-5 = 1.0,8-17-10-14-37-8 = 1.0,8-19-34-16-8 = 0.98,8-30-34-16-8 = 0.02,8-19-30-8 = 0.02,5-18-31-15-33-5 = 1.0,5-11-38-28-9-5 = 1.0,5-12-27-29-8 = 0.02,8-12-27-29-5 = 0.02
843,842,583.156,0.0,5.417,0.0,Prune by CG,,5-13-5 = 0.018,8-19-8 = 0.975,5-32-5 = 0.018,5-26-24-20-5 = 0.989,5-12-27-29-5 = 0.989,5-32-13-5 = 0.982,5-21-35-25-8 = 0.979,8-23-36-22-5 = 0.989,8-17-10-14-37-8 = 1.0,8-19-22-21-8 = 0.011,8-19-36-21-25-8 = 0.011,8-30-34-16-8 = 1.0,5-18-31-15-33-5 = 0.989,5-26-35-25-8 = 0.011,5-11-38-28-9-5 = 0.989,5-11-18-28-9-5 = 0.011,8-23-31-29-5 = 0.007,8-19-31-12-27-5 = 0.004,5-38-15-35-8 = 0.011,5-12-27-29-8 = 0.004,5-24-33-20-5 = 0.011,8-23-12-27-5 = 0.004
632,630,577.511,6.0,0.586,1.5,845,846,8-30-8 = 0.167,5-26-20-5 = 0.833,5-12-27-29-5 = 0.5,5-11-12-29-5 = 0.5,5-38-18-31-9-5 = 0.167,5-38-18-31-15-5 = 0.5,5-32-13-5 = 0.167,5-11-27-14-37-8 = 0.5,5-21-35-25-8 = 0.167,5-21-22-33-8 = 0.667,8-23-36-24-32-5 = 0.167,8-19-34-16-8 = 0.167,8-19-36-35-25-8 = 0.833,8-30-34-16-8 = 0.833,8-17-28-10-9-5 = 0.667,8-17-28-31-15-5 = 0.333,5-24-21-22-5 = 0.167,5-26-20-13-5 = 0.167,8-23-33-9-5 = 0.167,8-23-24-32-13-5 = 0.667,5-15-22-33-8 = 0.167,5-38-10-14-37-8 = 0.167,5-18-10-14-37-8 = 0.167,5-38-18-14-37-8 = 0.167
845,632,587.555,0.0,10.045,0.0,Prune by CG,,8-30-8 = 0.2,5-26-20-5 = 0.6,5-12-27-29-5 = 0.5,5-11-12-29-5 = 0.5,5-11-27-10-9-5 = 0.5,5-38-31-10-9-5 = 0.1,5-38-15-22-5 = 0.1,5-31-15-22-5 = 0.1,5-32-13-5 = 0.2,5-21-35-25-8 = 0.2,5-21-22-33-8 = 0.8,8-23-36-24-32-5 = 0.4,8-19-34-16-8 = 0.2,8-19-36-35-25-8 = 0.6,8-30-34-16-8 = 0.8,8-17-28-10-9-5 = 0.2,8-17-28-31-15-5 = 0.8,5-26-20-13-5 = 0.4,8-23-33-9-5 = 0.2,8-23-24-32-13-5 = 0.4,8-19-24-35-25-8 = 0.2,5-18-10-14-37-8 = 0.2,5-38-18-14-37-8 = 0.8
846,632,578.068,0.0,0.558,0.0,Prune by CG,,8-30-8 = 0.063,5-26-20-5 = 1.0,5-12-27-29-5 = 0.438,5-11-12-29-5 = 0.438,5-38-18-31-15-5 = 0.812,5-32-13-5 = 0.188,5-12-14-37-8 = 0.125,5-11-27-14-37-8 = 0.562,5-31-10-14-37-8 = 0.062,5-28-10-14-37-8 = 0.063,5-21-22-33-8 = 0.938,8-19-36-35-25-8 = 0.937,8-34-16-8 = 0.063,8-30-34-16-8 = 0.937,8-17-28-10-9-5 = 0.688,8-17-28-31-15-5 = 0.125,8-23-33-9-5 = 0.063,8-23-24-32-13-5 = 0.812,8-17-28-9-5 = 0.125,5-18-15-22-5 = 0.063,8-23-24-21-5 = 0.062,8-17-23-36-24-5 = 0.063,8-19-24-35-25-8 = 0.063,5-38-10-14-37-8 = 0.188,5-18-9-29-5 = 0.125
755,753,577.786,3.333,0.345,-0.267,847,848,5-12-27-29-5 = 0.333,5-11-12-29-5 = 0.333,5-11-12-27-5 = 0.333,5-11-27-29-5 = 0.333,5-38-18-31-15-5 = 0.667,5-32-13-5 = 0.333,5-26-22-33-8 = 0.667,5-26-32-13-5 = 0.333,5-21-35-25-8 = 1.0,8-17-10-14-37-8 = 1.0,8-19-36-24-20-5 = 1.0,8-30-34-16-8 = 1.0,8-23-28-9-5 = 1.0,5-15-22-33-8 = 0.333,5-38-18-31-32-13-5 = 0.333
847,755,581.38,0.0,3.594,0.0,Prune by CG,,5-12-27-29-5 = 0.333,5-11-12-29-5 = 0.333,5-11-12-27-5 = 0.333,5-11-27-29-5 = 0.333,5-26-38-18-31-5 = 0.667,5-32-13-5 = 0.333,5-26-32-13-5 = 0.333,5-21-35-25-8 = 1.0,8-17-10-14-37-8 = 1.0,8-19-36-24-20-5 = 1.0,8-30-34-16-8 = 1.0,8-23-28-9-5 = 1.0,5-15-22-33-8 = 1.0,5-38-18-31-32-13-5 = 0.333
848,755,579.598,0.0,1.812,0.0,Prune by CG,,5-15-22-33-5 = 0.167,5-12-27-29-5 = 0.444,5-11-12-29-5 = 0.333,5-11-27-29-5 = 0.222,5-11-12-27-13-5 = 0.111,5-38-18-31-15-5 = 0.722,5-32-13-5 = 0.5,5-26-22-33-8 = 0.833,5-26-32-13-5 = 0.167,5-11-27-14-37-8 = 0.111,5-21-35-25-8 = 1.0,8-23-36-20-5 = 0.056,8-17-34-16-8 = 0.056,8-17-10-14-37-8 = 0.889,8-19-36-24-20-5 = 0.889,8-19-36-24-32-13-5 = 0.056,8-30-34-16-8 = 0.944,8-23-28-9-5 = 0.889,8-23-24-20-5 = 0.056,5-38-18-31-32-13-5 = 0.167,5-11-38-18-31-32-5 = 0.111,5-11-12-27-10-8 = 0.111,8-28-15-9-5 = 0.111,8-17-19-30-8 = 0.056
180,128,577.859,4.8,4.41,-0.655,Prune by UB,,5-12-27-29-5 = 0.4,5-11-12-29-5 = 0.4,5-38-18-31-15-5 = 1.0,5-32-13-5 = 0.4,5-12-14-37-8 = 0.2,5-26-22-33-8 = 0.4,5-26-32-13-5 = 0.2,5-11-27-14-37-8 = 0.6,8-37-14-29-5 = 0.2,5-21-35-25-8 = 0.4,5-21-22-33-8 = 0.6,8-23-36-20-5 = 1.0,8-19-34-16-8 = 0.2,8-30-34-16-8 = 0.8,8-17-28-10-9-5 = 1.0,8-19-30-8 = 0.2,5-26-24-32-13-5 = 0.4,8-19-24-35-25-8 = 0.6
844,842,577.773,0.14,0.034,-0.1,849,850,5-13-5 = 0.02,8-30-8 = 1.0,5-32-5 = 0.02,5-26-24-20-5 = 1.0,5-12-27-29-5 = 0.96,5-32-13-5 = 0.98,5-21-35-25-8 = 1.0,8-23-36-22-5 = 1.0,8-17-10-14-37-8 = 1.0,8-19-34-16-8 = 1.0,5-18-31-15-33-5 = 1.0,5-11-38-28-9-5 = 1.0,5-12-27-29-8 = 0.02,8-12-27-29-5 = 0.02
849,844,588.466,0.0,10.693,0.0,Prune by CG,,5-13-5 = 0.02,8-19-8 = 0.98,8-30-8 = 1.0,5-32-5 = 0.02,5-26-24-20-5 = 1.0,5-12-27-29-5 = 0.96,5-32-13-5 = 0.98,5-21-35-25-8 = 1.0,8-23-36-22-5 = 1.0,8-17-10-14-37-8 = 1.0,8-19-34-16-8 = 0.02,8-34-16-8 = 0.98,5-18-31-15-33-5 = 1.0,5-11-38-28-9-5 = 1.0,5-12-27-29-8 = 0.02,8-12-27-29-5 = 0.02
850,844,578.118,0.0,0.345,0.0,Prune by CG,,5-13-5 = 0.019,8-30-8 = 0.967,5-32-5 = 0.019,5-15-33-9-5 = 0.003,5-26-24-20-5 = 0.997,5-12-27-29-5 = 0.983,5-32-13-5 = 0.981,5-21-35-25-8 = 1.0,8-23-36-22-5 = 0.967,8-17-10-14-37-8 = 1.0,8-19-34-16-8 = 0.967,8-30-34-8 = 0.033,5-38-18-15-33-5 = 0.008,5-18-31-15-33-5 = 0.983,5-11-38-28-9-5 = 0.992,5-11-18-28-9-5 = 0.006,5-11-18-28-15-5 = 0.003,8-23-31-29-5 = 0.017,8-19-36-22-16-8 = 0.033,5-26-15-33-5 = 0.003,5-24-33-20-5 = 0.003,8-23-12-27-5 = 0.017
467,410,577.585,7.8,1.355,1.3,851,852,8-30-8 = 0.7,5-26-20-5 = 0.4,5-26-24-35-5 = 0.35,5-26-24-20-5 = 0.05,5-12-27-29-5 = 0.5,5-11-12-29-5 = 0.5,5-38-18-31-15-5 = 0.5,5-38-18-28-9-5 = 0.5,5-31-15-22-5 = 0.5,5-32-13-5 = 0.9,5-11-27-14-37-8 = 0.5,5-21-35-25-8 = 0.3,5-24-21-20-5 = 0.3,8-23-36-33-8 = 0.65,8-23-36-33-25-8 = 0.35,8-17-10-37-14-5 = 0.5,8-19-34-16-8 = 0.85,8-30-34-16-8 = 0.15,8-17-28-10-9-5 = 0.5,8-24-21-20-5 = 0.15,5-26-21-32-5 = 0.1,8-19-30-8 = 0.15,5-24-21-22-5 = 0.15,5-26-20-13-5 = 0.1,5-22-35-25-8 = 0.35
851,467,577.867,0.0,0.282,0.0,Prune by CG,,8-30-8 = 0.76,5-26-21-5 = 0.12,5-26-20-5 = 0.25,5-26-24-35-5 = 0.5,5-12-27-29-5 = 0.5,5-11-12-29-5 = 0.5,5-38-18-31-15-5 = 0.5,5-38-18-28-9-5 = 0.5,5-31-15-22-5 = 0.5,5-32-13-5 = 0.87,5-11-27-14-37-8 = 0.5,5-21-20-5 = 0.12,5-21-20-13-5 = 0.13,5-24-21-20-5 = 0.38,8-23-36-33-8 = 0.5,8-23-36-33-25-8 = 0.5,8-17-10-37-14-5 = 0.38,8-17-10-14-37-8 = 0.12,8-19-34-16-8 = 0.88,8-30-34-16-8 = 0.12,8-17-28-10-9-5 = 0.5,8-24-21-20-5 = 0.12,5-26-21-32-5 = 0.13,8-19-30-8 = 0.12,5-22-35-25-8 = 0.5
852,467,579.972,0.0,2.386,0.0,Prune by CG,,8-30-8 = 0.725,5-26-24-20-5 = 1.0,5-12-27-29-5 = 0.225,5-11-12-27-5 = 0.55,5-11-27-29-5 = 0.225,5-38-18-28-9-5 = 1.0,5-31-15-22-5 = 1.0,5-32-13-5 = 0.775,5-21-35-25-8 = 1.0,8-23-36-33-8 = 1.0,8-17-37-29-5 = 0.275,8-17-10-37-14-5 = 0.45,8-19-34-16-8 = 0.725,8-30-34-16-8 = 0.275,8-17-10-14-29-5 = 0.275,5-11-12-32-13-5 = 0.225,8-19-10-14-37-8 = 0.275
745,326,577.769,6.333,0.493,-0.0,853,854,8-30-8 = 1.0,5-26-24-20-5 = 1.0,5-12-27-29-5 = 0.5,5-11-12-29-5 = 0.5,5-38-18-31-9-5 = 0.333,5-38-18-31-15-5 = 0.667,5-32-13-5 = 0.917,5-11-27-14-37-8 = 0.5,5-21-35-25-8 = 0.167,5-21-22-33-8 = 0.417,8-23-35-25-8 = 0.417,8-23-36-35-8 = 0.417,8-23-36-33-25-8 = 0.167,8-17-10-14-37-8 = 0.333,8-19-34-16-8 = 0.75,8-19-22-33-25-8 = 0.25,8-34-16-8 = 0.25,8-17-28-15-33-8 = 0.167,8-17-28-10-9-5 = 0.5,8-36-22-21-5 = 0.333,8-28-10-14-37-8 = 0.167,8-36-21-32-13-5 = 0.083,8-28-15-9-5 = 0.167
853,745,578.348,0.0,0.579,0.0,Prune by CG,,8-19-8 = 0.167,8-30-8 = 1.0,5-26-24-20-5 = 1.0,5-12-27-29-5 = 0.5,5-11-12-29-5 = 0.222,5-38-18-31-9-5 = 0.111,5-38-18-31-15-5 = 0.889,5-32-13-5 = 0.722,5-11-27-14-37-8 = 0.5,8-37-14-29-5 = 0.167,5-21-35-25-8 = 0.222,5-21-22-33-8 = 0.556,8-23-35-25-8 = 0.333,8-23-36-35-8 = 0.444,8-23-36-33-25-8 = 0.222,8-17-10-14-37-8 = 0.333,8-19-34-16-8 = 0.833,8-34-16-8 = 0.167,8-17-28-10-9-5 = 0.667,8-36-22-33-25-8 = 0.222,8-36-22-21-5 = 0.111,8-28-22-21-5 = 0.111,5-11-12-32-13-5 = 0.278,8-28-9-29-5 = 0.111,8-28-15-9-5 = 0.111
854,745,579.737,0.0,1.967,0.0,Prune by CG,,8-30-8 = 0.929,5-26-24-20-5 = 1.0,5-12-27-29-5 = 0.5,5-11-12-29-5 = 0.5,5-11-27-14-9-5 = 0.018,5-38-18-31-9-5 = 0.161,5-38-18-31-15-5 = 0.839,5-32-13-5 = 1.0,5-11-27-14-37-8 = 0.482,5-21-35-25-8 = 0.5,8-23-35-25-8 = 0.304,8-23-36-35-8 = 0.196,8-23-36-33-25-8 = 0.196,8-17-37-9-5 = 0.018,8-17-10-14-37-8 = 0.393,8-19-34-16-8 = 0.643,8-19-33-10-9-5 = 0.357,8-34-16-8 = 0.286,8-30-34-16-8 = 0.071,8-17-28-15-33-8 = 0.054,8-17-28-22-33-8 = 0.393,8-36-22-15-5 = 0.107,8-36-22-21-5 = 0.5,8-28-10-14-37-8 = 0.107,8-23-28-9-8 = 0.304,8-17-28-10-9-8 = 0.143
816,399,577.818,6.848,0.517,-0.352,855,856,8-30-8 = 0.884,5-15-22-33-5 = 0.288,5-26-24-20-5 = 0.5,5-12-27-29-5 = 0.96,5-11-12-5 = 0.04,5-11-27-10-9-5 = 0.04,5-11-17-37-14-5 = 0.364,5-38-18-31-9-5 = 0.056,5-38-18-31-15-5 = 0.596,5-38-18-28-9-5 = 0.232,5-31-10-14-29-5 = 0.02,5-31-15-9-5 = 0.116,5-28-31-22-33-5 = 0.212,5-32-13-5 = 1.0,5-26-22-33-8 = 0.5,5-21-35-25-8 = 0.5,5-24-35-25-8 = 0.02,8-23-36-21-5 = 0.5,8-23-36-20-5 = 0.02,8-17-37-29-5 = 0.02,8-17-10-14-37-8 = 0.616,8-19-34-16-8 = 0.52,8-19-36-35-25-8 = 0.48,8-34-16-8 = 0.364,8-30-34-16-8 = 0.116,8-23-24-20-5 = 0.48,5-11-38-28-9-5 = 0.116,5-11-18-28-9-5 = 0.116,5-11-28-10-9-5 = 0.324
855,816,578.461,0.0,0.643,0.0,Prune by CG,,8-30-8 = 0.8,5-15-22-33-5 = 0.2,5-26-24-20-5 = 0.4,5-12-27-29-5 = 0.8,5-11-12-5 = 0.2,5-11-27-14-9-5 = 0.2,5-38-18-31-9-5 = 0.2,5-38-18-31-15-5 = 0.8,5-32-13-5 = 1.0,5-26-22-33-8 = 0.6,5-28-10-14-37-8 = 0.4,5-21-35-25-8 = 0.4,5-21-22-33-8 = 0.2,8-23-36-21-5 = 0.4,8-17-37-14-5 = 0.4,8-17-37-29-5 = 0.2,8-17-34-16-8 = 0.4,8-19-34-16-8 = 0.4,8-19-36-35-25-8 = 0.6,8-30-34-16-8 = 0.2,8-23-24-20-5 = 0.6,5-11-28-10-9-5 = 0.6
856,816,578.495,0.0,0.677,0.0,Prune by CG,,8-30-8 = 0.8,5-15-22-33-5 = 0.4,5-26-22-33-5 = 0.2,5-26-20-5 = 0.2,5-26-24-20-5 = 0.4,5-12-27-29-5 = 0.8,5-11-12-27-5 = 0.2,5-38-18-31-15-5 = 0.6,5-31-9-29-5 = 0.2,5-28-31-22-33-5 = 0.2,5-32-13-5 = 1.0,5-26-22-33-8 = 0.2,5-21-35-25-8 = 0.4,5-24-35-25-8 = 0.4,8-23-36-21-5 = 0.6,8-23-36-20-5 = 0.2,8-17-10-14-37-8 = 1.0,8-19-34-16-8 = 0.8,8-19-36-35-25-8 = 0.2,8-30-34-16-8 = 0.2,8-23-24-20-5 = 0.2,5-11-38-28-9-5 = 0.4,5-11-18-28-9-5 = 0.4
687,264,577.78,5.0,0.798,0.0,857,858,8-30-8 = 1.0,5-26-28-9-5 = 0.5,5-12-27-29-5 = 0.5,5-11-12-29-5 = 0.5,5-21-22-33-5 = 0.5,5-38-18-31-15-5 = 1.0,5-32-13-5 = 0.5,5-26-32-13-5 = 0.5,5-11-27-14-37-8 = 0.5,5-21-22-33-8 = 0.5,8-17-10-14-37-8 = 0.5,8-19-36-35-25-8 = 1.0,8-34-16-8 = 1.0,8-23-24-20-5 = 1.0,8-17-28-10-9-8 = 0.5
857,687,578.342,0.0,0.562,0.0,Prune by CG,,8-30-8 = 1.0,5-12-27-29-5 = 0.5,5-11-12-29-5 = 0.5,5-21-22-33-5 = 0.5,5-38-18-31-15-5 = 1.0,5-32-13-5 = 0.5,5-26-22-33-8 = 0.5,5-26-32-13-5 = 0.5,5-11-27-14-37-8 = 0.5,5-21-35-25-8 = 0.5,8-17-10-14-37-8 = 0.5,8-19-36-35-25-8 = 0.5,8-19-36-24-20-5 = 0.5,8-34-16-8 = 1.0,8-23-28-9-5 = 0.5,8-23-24-20-5 = 0.5,8-17-28-10-9-8 = 0.5
858,687,579.79,0.0,2.01,0.0,Prune by CG,,8-30-8 = 1.0,5-26-28-9-5 = 1.0,5-12-27-29-5 = 0.5,5-11-27-29-5 = 0.5,5-38-18-31-15-5 = 1.0,5-32-13-5 = 0.5,5-21-22-33-8 = 1.0,8-17-10-14-37-8 = 1.0,8-19-36-35-25-8 = 1.0,8-34-16-8 = 1.0,8-23-24-20-5 = 1.0,5-11-12-32-13-5 = 0.5
834,832,577.703,8.6,0.226,0.767,859,860,5-26-5 = 0.3,8-30-8 = 0.5,5-26-21-5 = 0.1,5-26-24-20-5 = 0.6,5-12-27-29-5 = 0.5,5-11-12-29-5 = 0.5,5-21-22-33-5 = 0.5,5-38-18-31-22-5 = 0.1,5-38-18-31-15-5 = 0.6,5-31-15-22-5 = 0.3,5-32-13-5 = 1.0,5-11-27-14-37-8 = 0.5,5-24-21-20-5 = 0.4,8-23-35-25-8 = 0.5,8-23-36-35-8 = 0.5,8-19-34-16-8 = 0.5,8-19-36-33-25-8 = 0.5,8-30-34-16-8 = 0.5,8-17-28-10-9-5 = 0.5,8-17-28-9-5 = 0.5,5-18-15-22-5 = 0.1,5-38-10-14-37-8 = 0.3,5-18-10-14-37-8 = 0.2
859,834,578.499,0.0,0.796,0.0,Prune by CG,,5-26-5 = 0.5,8-30-8 = 0.5,5-26-24-20-5 = 0.5,5-12-27-29-5 = 0.5,5-11-12-29-5 = 0.5,5-21-22-33-5 = 0.5,5-38-18-31-15-5 = 0.5,5-32-13-5 = 1.0,5-11-27-14-37-8 = 0.5,5-24-21-20-5 = 0.5,8-23-35-25-8 = 0.5,8-23-36-35-8 = 0.5,8-19-34-16-8 = 0.5,8-19-36-33-25-8 = 0.5,8-30-34-16-8 = 0.5,8-17-28-10-9-5 = 0.5,8-17-28-31-9-5 = 0.5,5-18-15-22-5 = 0.5,5-38-10-14-37-8 = 0.5
860,834,583.037,0.0,5.334,0.0,Prune by CG,,5-26-5 = 0.333,8-30-8 = 0.5,5-26-21-5 = 0.333,5-26-24-20-5 = 0.333,5-12-27-29-5 = 0.5,5-11-12-29-5 = 0.5,5-31-15-22-5 = 0.667,5-32-13-5 = 1.0,5-11-27-14-37-8 = 0.5,5-24-21-20-5 = 0.667,8-23-35-25-8 = 0.5,8-23-36-35-5 = 0.5,8-19-34-16-8 = 0.5,8-19-36-33-25-8 = 0.5,8-30-34-16-8 = 0.5,8-17-28-10-9-5 = 0.833,8-17-28-31-9-5 = 0.167,5-38-18-15-33-8 = 0.167,5-18-10-14-37-8 = 0.167,5-38-18-22-33-8 = 0.333,5-38-18-14-37-8 = 0.333,5-38-31-15-5 = 0.167
485,427,577.62,6.538,1.109,1.498,861,862,8-30-8 = 0.923,5-26-20-5 = 0.282,5-26-24-20-5 = 0.641,5-26-28-9-5 = 0.077,5-12-27-29-5 = 0.513,5-38-18-31-15-5 = 0.333,5-38-18-28-9-5 = 0.41,5-38-28-10-9-5 = 0.026,5-38-28-31-15-5 = 0.205,5-31-15-22-5 = 0.205,5-18-28-31-15-5 = 0.256,5-32-13-5 = 1.0,5-11-27-14-37-8 = 0.487,5-21-35-25-8 = 0.564,5-21-22-33-8 = 0.128,8-23-36-21-5 = 0.308,8-23-36-22-5 = 0.667,8-17-37-14-5 = 0.026,8-17-37-9-5 = 0.487,8-19-35-20-5 = 0.051,8-19-34-16-8 = 0.923,8-19-36-35-25-8 = 0.026,8-30-34-16-8 = 0.077,8-17-10-14-29-5 = 0.487,8-23-25-20-5 = 0.026,5-24-35-33-25-8 = 0.359,5-11-12-10-33-8 = 0.487,5-11-38-28-33-25-8 = 0.026
861,485,586.632,0.0,9.012,0.0,Prune by CG,,8-30-8 = 0.975,5-26-21-5 = 0.1,5-26-24-20-5 = 0.9,5-12-27-29-5 = 0.538,5-38-18-31-9-5 = 0.025,5-38-18-31-15-5 = 0.487,5-31-15-22-5 = 0.387,5-31-15-9-5 = 0.1,5-32-13-5 = 1.0,5-11-27-14-37-8 = 0.462,5-21-35-33-8 = 0.412,5-21-22-33-8 = 0.025,5-24-35-20-5 = 0.1,8-23-36-21-5 = 0.437,8-23-36-22-5 = 0.563,8-17-37-9-5 = 0.462,8-17-10-14-37-8 = 0.075,8-19-34-16-8 = 0.975,8-19-22-21-5 = 0.025,8-30-34-16-8 = 0.025,8-17-10-14-29-5 = 0.462,5-11-12-10-33-8 = 0.05,5-12-10-9-5 = 0.412,5-28-15-33-25-8 = 0.025,5-18-28-35-25-8 = 0.487,5-11-38-28-33-25-8 = 0.487
862,485,577.631,6.667,0.011,0.128,863,864,8-30-8 = 0.917,5-26-20-5 = 0.333,5-26-24-20-5 = 0.611,5-26-28-9-5 = 0.056,5-12-27-29-5 = 0.5,5-38-18-31-15-5 = 0.306,5-38-18-28-9-5 = 0.444,5-38-28-31-15-5 = 0.25,5-31-15-22-5 = 0.194,5-18-28-31-15-5 = 0.25,5-32-13-5 = 1.0,5-11-27-14-37-8 = 0.5,5-21-35-25-8 = 0.556,5-21-22-33-8 = 0.111,8-23-36-21-5 = 0.306,8-23-36-22-5 = 0.667,8-17-37-9-5 = 0.5,8-19-35-20-5 = 0.028,8-19-34-16-8 = 0.917,8-19-22-21-5 = 0.028,8-19-36-35-25-8 = 0.028,8-30-34-16-8 = 0.083,8-17-10-14-29-5 = 0.5,8-23-25-20-5 = 0.028,5-24-35-33-25-8 = 0.389,5-11-12-10-33-8 = 0.5
863,862,581.561,0.0,3.93,0.0,Prune by CG,,5-26-5 = 0.556,8-30-8 = 0.583,5-26-28-9-5 = 0.167,5-12-27-29-5 = 0.5,5-38-18-31-15-5 = 0.389,5-38-18-28-9-5 = 0.389,5-38-28-31-15-5 = 0.222,5-31-15-22-5 = 0.167,5-18-28-31-15-5 = 0.222,5-32-13-5 = 1.0,5-26-22-33-8 = 0.278,5-11-27-14-37-8 = 0.5,5-21-35-25-8 = 0.889,5-21-22-33-8 = 0.111,8-23-36-22-5 = 0.444,8-23-36-20-5 = 0.111,8-17-37-9-5 = 0.444,8-17-37-29-5 = 0.028,8-17-34-16-8 = 0.028,8-17-10-14-37-8 = 0.028,8-19-34-16-8 = 0.556,8-19-36-24-20-5 = 0.444,8-30-34-16-8 = 0.417,8-23-24-20-5 = 0.444,8-17-10-14-29-5 = 0.472,5-24-35-33-25-8 = 0.111,5-11-12-10-33-8 = 0.5
864,862,577.861,0.0,0.23,0.0,Prune by CG,,8-30-8 = 0.9,5-26-20-5 = 0.4,5-26-24-20-5 = 0.6,5-12-27-29-5 = 0.5,5-38-18-31-15-5 = 0.25,5-38-18-28-9-5 = 0.5,5-38-28-31-15-5 = 0.25,5-31-15-22-5 = 0.2,5-18-28-31-15-5 = 0.25,5-32-13-5 = 1.0,5-11-27-14-37-8 = 0.5,5-21-35-25-8 = 0.55,5-21-22-33-8 = 0.1,8-23-36-21-5 = 0.3,8-23-36-22-5 = 0.65,8-17-37-9-5 = 0.5,8-19-34-16-8 = 0.9,8-19-22-21-5 = 0.05,8-19-36-35-25-8 = 0.05,8-30-34-16-8 = 0.1,8-17-10-14-29-5 = 0.5,8-23-31-15-5 = 0.05,5-24-35-33-25-8 = 0.4,5-11-12-10-33-8 = 0.5
811,793,577.753,6.167,0.072,1.167,865,866,5-13-5 = 0.25,5-26-5 = 0.5,8-30-8 = 0.25,5-32-5 = 0.25,5-15-22-33-5 = 0.083,5-26-24-20-5 = 0.5,5-12-27-29-5 = 0.417,5-11-12-29-5 = 0.417,5-21-22-33-5 = 0.083,5-38-18-31-15-5 = 0.917,5-31-9-29-5 = 0.083,5-32-13-5 = 0.75,5-12-14-37-8 = 0.167,5-11-27-14-37-8 = 0.583,5-21-22-33-8 = 0.75,8-19-36-35-25-8 = 1.0,8-34-16-8 = 0.25,8-30-34-16-8 = 0.75,8-17-28-10-9-5 = 0.667,8-23-28-9-5 = 0.25,8-23-24-20-5 = 0.5,8-17-28-10-29-5 = 0.083,5-38-10-14-37-8 = 0.083,8-17-23-22-5 = 0.083,5-18-10-14-37-8 = 0.083,8-17-23-21-5 = 0.167,5-33-10-14-37-8 = 0.083
865,811,578.344,0.0,0.591,0.0,Prune by CG,,5-13-5 = 0.333,5-26-5 = 0.667,5-26-24-20-5 = 0.333,5-12-27-29-5 = 0.333,5-11-12-29-5 = 0.333,5-38-18-31-15-5 = 1.0,5-32-13-5 = 1.0,5-12-14-37-8 = 0.333,5-11-27-14-37-8 = 0.667,5-21-22-33-8 = 1.0,8-17-10-29-5 = 0.333,8-19-36-35-25-8 = 1.0,8-30-34-16-8 = 1.0,8-17-28-10-9-5 = 0.667,8-23-28-9-5 = 0.333,8-23-24-20-5 = 0.667
866,811,581.729,0.0,3.976,0.0,Prune by CG,,5-13-5 = 0.143,8-30-8 = 0.571,5-15-22-33-5 = 0.143,5-26-24-20-5 = 1.0,5-12-27-29-5 = 0.5,5-11-12-29-5 = 0.5,5-21-22-33-5 = 0.286,5-38-18-31-15-5 = 0.5,5-38-31-10-9-5 = 0.143,5-18-31-10-9-5 = 0.357,5-32-13-5 = 1.0,5-11-27-14-37-8 = 0.5,5-21-22-33-8 = 0.429,8-19-36-35-25-8 = 1.0,8-34-16-8 = 0.571,8-30-34-16-8 = 0.429,8-23-28-9-5 = 0.071,8-23-28-15-5 = 0.357,8-17-28-9-5 = 0.429,5-38-10-14-37-8 = 0.357,8-17-23-22-5 = 0.143,8-17-23-21-5 = 0.286,5-33-10-14-37-8 = 0.143,8-17-23-28-18-5 = 0.143
619,506,577.767,3.0,0.586,1.333,867,868,5-12-27-29-5 = 1.0,5-11-38-31-15-5 = 0.5,5-32-13-5 = 0.5,5-26-22-33-8 = 0.5,5-26-32-13-5 = 0.5,5-24-21-20-5 = 1.0,8-17-10-14-37-8 = 1.0,8-19-36-35-25-8 = 1.0,8-30-34-16-8 = 1.0,8-23-28-9-5 = 1.0,5-11-18-31-15-5 = 0.5,5-38-18-22-33-8 = 0.5
867,619,585.29,0.0,7.523,0.0,Prune by CG,,8-30-8 = 0.25,5-15-22-33-5 = 0.25,5-12-27-29-5 = 1.0,5-11-38-31-9-5 = 0.25,5-11-38-31-15-5 = 0.5,5-26-32-13-5 = 1.0,5-24-21-20-5 = 1.0,8-23-36-15-5 = 0.25,8-17-10-14-37-8 = 1.0,8-19-34-16-8 = 0.25,8-19-36-35-25-8 = 0.75,8-30-34-16-8 = 0.75,8-23-28-9-5 = 0.75,5-11-18-31-35-8 = 0.25,5-38-18-22-33-8 = 0.25,5-18-28-22-33-8 = 0.25,5-18-22-33-25-8 = 0.25
868,619,581.381,0.0,3.614,0.0,Prune by CG,,5-12-27-29-5 = 1.0,5-11-38-31-15-5 = 0.333,5-38-18-28-9-5 = 0.333,5-32-13-5 = 0.667,5-26-22-33-8 = 1.0,5-21-20-13-5 = 0.333,5-24-21-20-5 = 0.667,8-23-36-15-5 = 0.333,8-17-10-14-37-8 = 1.0,8-19-36-35-25-8 = 0.667,8-30-34-16-8 = 1.0,8-23-28-9-5 = 0.667,8-19-24-35-25-8 = 0.333,5-11-18-31-15-5 = 0.333,5-11-38-18-31-32-5 = 0.333
166,58,577.918,7.75,4.653,1.083,Prune by UB,,8-30-8 = 0.125,5-12-27-29-5 = 0.5,5-11-12-29-5 = 0.375,5-21-22-33-5 = 0.125,5-38-18-31-15-5 = 0.75,5-38-18-28-9-5 = 0.25,5-31-15-9-5 = 0.125,5-32-13-5 = 0.375,5-11-27-14-37-8 = 0.5,8-37-14-29-5 = 0.125,5-21-22-33-8 = 0.375,8-23-36-35-8 = 0.5,8-23-36-24-25-8 = 0.5,8-17-10-14-37-8 = 0.25,8-19-34-16-8 = 0.25,8-30-34-16-8 = 0.75,8-17-28-10-9-5 = 0.625,8-17-28-31-15-5 = 0.125,5-26-21-32-5 = 0.5,8-19-30-8 = 0.125,5-22-33-20-5 = 0.5,5-26-20-13-5 = 0.5,5-11-12-32-13-5 = 0.125,8-19-24-35-25-8 = 0.5,8-19-10-14-37-8 = 0.125
234,63,577.806,8.533,3.417,3.293,869,870,5-13-5 = 0.133,5-26-5 = 0.467,8-30-8 = 0.467,5-32-5 = 0.133,5-26-24-20-5 = 0.533,5-12-27-29-5 = 0.5,5-11-12-29-5 = 0.5,5-38-18-10-9-5 = 0.1,5-38-18-31-9-5 = 0.367,5-38-18-31-15-5 = 0.4,5-31-15-22-5 = 0.233,5-32-13-5 = 0.867,5-11-27-14-37-8 = 0.5,5-21-35-25-8 = 0.533,5-24-21-20-5 = 0.467,8-23-36-22-5 = 0.767,8-17-10-14-37-8 = 0.233,8-19-35-33-25-8 = 0.3,8-19-34-16-8 = 0.467,8-19-36-35-33-8 = 0.167,8-19-36-33-25-8 = 0.067,8-30-34-16-8 = 0.533,8-17-28-15-33-8 = 0.367,8-17-28-10-9-5 = 0.3,8-23-28-9-5 = 0.233,8-17-28-10-33-25-8 = 0.1,5-38-10-14-37-8 = 0.133,5-18-10-14-37-8 = 0.133
869,234,583.447,0.0,5.641,0.0,Prune by CG,,5-26-5 = 0.188,8-30-8 = 0.625,5-26-24-20-5 = 0.812,5-12-27-29-5 = 0.5,5-11-12-29-5 = 0.5,5-38-18-31-9-5 = 0.313,5-38-18-31-15-5 = 0.625,5-38-17-37-14-5 = 0.063,5-31-15-22-5 = 0.062,5-32-13-5 = 1.0,5-11-27-14-37-8 = 0.5,5-21-35-25-8 = 0.875,5-24-35-20-5 = 0.125,5-24-21-20-5 = 0.063,8-23-36-22-5 = 0.562,8-17-37-14-5 = 0.375,8-19-34-16-8 = 0.625,8-19-33-10-9-8 = 0.25,8-19-36-33-10-16-8 = 0.125,8-30-34-8 = 0.125,8-30-34-16-8 = 0.25,8-23-28-9-5 = 0.438,5-36-22-15-5 = 0.25,5-36-22-21-5 = 0.062,5-18-15-22-5 = 0.062,8-17-28-10-33-25-8 = 0.125,8-33-10-14-37-8 = 0.062,8-17-28-10-33-8 = 0.438
870,234,577.836,0.0,0.03,0.0,Prune by CG,,5-13-5 = 0.133,5-26-5 = 0.467,8-30-8 = 0.467,5-32-5 = 0.133,5-26-24-20-5 = 0.533,5-12-27-29-5 = 0.5,5-11-12-29-5 = 0.5,5-38-18-10-9-5 = 0.1,5-38-18-31-9-5 = 0.367,5-38-18-31-15-5 = 0.4,5-31-15-22-5 = 0.133,5-32-13-5 = 0.867,5-11-27-14-37-8 = 0.5,5-31-10-14-37-8 = 0.1,5-21-35-25-8 = 0.533,5-24-21-20-5 = 0.467,8-23-36-22-5 = 0.867,8-17-10-14-37-8 = 0.133,8-19-35-33-25-8 = 0.4,8-19-34-16-8 = 0.467,8-19-36-35-33-8 = 0.067,8-19-36-33-25-8 = 0.067,8-30-34-16-8 = 0.533,8-17-28-15-33-8 = 0.467,8-17-28-10-9-5 = 0.4,8-23-28-9-5 = 0.133,5-38-10-14-37-8 = 0.133,5-18-10-14-37-8 = 0.133
174,133,577.913,7.0,4.505,3.167,Prune by UB,,5-26-24-20-5 = 0.5,5-12-27-29-5 = 0.5,5-38-18-31-15-5 = 1.0,5-32-13-5 = 0.5,5-26-32-13-5 = 0.5,5-11-27-14-37-8 = 0.5,5-21-35-25-8 = 0.5,5-24-35-20-5 = 0.5,8-23-36-21-5 = 0.5,8-17-10-14-37-8 = 0.5,8-19-22-33-25-8 = 0.5,8-19-36-22-33-8 = 0.5,8-30-34-16-8 = 1.0,8-17-28-10-9-5 = 0.5,8-23-28-9-5 = 0.5,5-11-12-29-8 = 0.5
140,137,578.269,6.5,5.187,3.1,Prune by UB,,8-30-8 = 0.25,5-12-27-29-5 = 0.5,5-11-12-29-5 = 0.5,5-38-18-31-15-5 = 0.5,5-18-28-10-9-5 = 0.5,5-26-32-13-5 = 1.0,5-11-27-14-37-8 = 0.5,5-24-21-20-5 = 1.0,8-23-35-25-8 = 0.5,8-23-35-33-8 = 0.25,8-23-36-33-25-8 = 0.25,8-17-34-16-8 = 0.25,8-19-22-15-5 = 0.25,8-19-36-35-25-8 = 0.25,8-19-36-22-33-8 = 0.5,8-30-34-16-8 = 0.75,8-17-28-31-9-5 = 0.5,5-38-10-14-37-8 = 0.5,8-17-22-15-5 = 0.25
86,84,578.872,4.667,6.794,1.267,Prune by UB,,5-26-24-20-5 = 1.0,5-12-27-29-5 = 0.5,5-21-22-33-5 = 0.167,5-38-18-31-15-5 = 0.833,5-32-13-5 = 0.667,5-11-27-14-37-8 = 0.5,5-21-22-33-8 = 0.5,8-23-21-32-5 = 0.167,8-17-37-29-5 = 0.167,8-17-10-14-37-8 = 0.333,8-19-36-35-25-8 = 1.0,8-30-34-16-8 = 1.0,8-17-28-10-9-5 = 0.333,8-23-28-9-5 = 0.667,8-17-10-14-29-5 = 0.167,8-23-21-13-5 = 0.167,5-15-22-33-8 = 0.167,5-38-18-31-32-13-5 = 0.167,5-11-12-29-8 = 0.167,5-11-12-10-33-8 = 0.167,5-11-12-22-8 = 0.167
55,54,579.55,6.167,8.619,-0.01,Prune by UB,,8-30-8 = 0.167,5-26-24-20-5 = 0.833,5-12-27-29-5 = 0.5,5-11-12-29-5 = 0.083,5-38-18-31-15-5 = 0.917,5-38-18-28-9-5 = 0.083,5-32-13-5 = 0.5,5-11-27-14-37-8 = 0.5,8-37-14-29-5 = 0.417,5-21-35-25-8 = 0.667,5-21-22-33-8 = 0.167,5-24-35-20-5 = 0.083,8-23-19-34-8 = 0.583,8-17-10-14-37-8 = 0.083,8-30-34-16-8 = 0.417,8-17-28-10-9-5 = 0.917,8-36-35-33-16-8 = 0.083,8-36-22-33-25-8 = 0.25,8-36-24-35-25-8 = 0.083,5-26-21-32-5 = 0.083,8-23-19-30-8 = 0.417,5-26-20-13-5 = 0.083,5-11-12-32-13-5 = 0.417,5-31-15-21-5 = 0.083,8-36-22-35-8 = 0.083,8-36-22-33-16-8 = 0.5
134,123,580.675,7.0,7.664,3.222,Prune by UB,,8-30-8 = 0.5,5-15-10-9-5 = 0.5,5-26-24-20-5 = 1.0,5-12-27-29-5 = 0.5,5-11-12-29-5 = 0.5,5-38-18-31-15-5 = 0.5,5-38-18-28-9-5 = 0.5,5-11-27-14-37-8 = 0.5,5-21-35-25-8 = 1.0,8-23-22-33-5 = 0.5,8-17-10-14-37-8 = 0.5,8-19-34-16-8 = 0.5,8-19-36-22-33-8 = 0.5,8-30-34-16-8 = 0.5,8-17-28-31-32-13-5 = 0.5,8-23-36-32-13-5 = 0.5
69,61,581.197,5.143,9.445,1.692,Prune by UB,,8-30-8 = 0.143,5-11-12-27-5 = 0.429,5-38-18-31-9-5 = 0.429,5-38-18-31-15-5 = 0.571,5-12-14-37-8 = 0.429,5-26-32-13-5 = 1.0,5-11-27-14-37-8 = 0.571,5-24-21-20-5 = 1.0,8-23-35-25-8 = 0.571,8-23-36-22-5 = 0.143,8-19-34-16-8 = 0.143,8-19-36-35-25-8 = 0.429,8-19-36-22-33-8 = 0.429,8-30-34-16-8 = 0.857,8-23-28-9-5 = 0.143,8-23-33-9-5 = 0.143,8-17-9-29-5 = 0.143,8-17-28-10-29-5 = 0.857,5-15-22-33-8 = 0.429,5-12-10-9-5 = 0.143
111,78,584.618,5.077,12.172,2.077,Prune by UB,,8-30-8 = 0.192,5-12-27-29-5 = 0.5,5-11-12-29-5 = 0.5,5-11-27-14-37-5 = 0.5,5-38-18-31-15-5 = 0.346,5-38-17-37-14-5 = 0.077,5-28-10-37-14-5 = 0.346,5-18-10-37-14-5 = 0.077,5-26-32-13-5 = 1.0,5-24-21-20-5 = 1.0,8-23-35-25-8 = 0.885,8-23-36-22-8 = 0.115,8-17-10-9-8 = 0.154,8-19-34-16-8 = 0.115,8-19-36-35-25-8 = 0.115,8-19-36-22-33-8 = 0.769,8-34-16-8 = 0.077,8-30-34-16-8 = 0.808,8-17-28-10-9-5 = 0.423,8-17-28-31-15-5 = 0.231,5-31-15-9-8 = 0.077,5-38-18-31-9-8 = 0.346,5-38-18-15-33-8 = 0.231,8-17-15-22-8 = 0.115
35,25,584.643,7.2,14.083,5.2,Prune by UB,,8-30-8 = 0.4,5-26-24-20-5 = 1.0,5-11-27-14-29-5 = 0.2,5-38-18-31-15-5 = 0.6,5-12-32-13-5 = 0.4,5-11-27-14-37-8 = 0.2,5-28-10-14-37-8 = 0.2,5-21-35-25-8 = 0.4,5-21-22-33-8 = 0.4,8-23-36-21-5 = 0.2,8-23-36-22-5 = 0.2,8-17-37-29-5 = 0.2,8-17-10-14-37-8 = 0.4,8-19-34-16-8 = 0.4,8-19-36-35-25-8 = 0.6,8-30-34-16-8 = 0.6,8-17-28-10-9-5 = 0.4,8-23-28-9-5 = 0.4,8-23-33-9-5 = 0.2,5-11-12-32-13-5 = 0.6,5-15-22-33-8 = 0.4,5-38-18-27-29-5 = 0.2,5-38-31-27-29-5 = 0.2,5-18-31-27-29-5 = 0.2
114,67,586.287,5.485,13.872,1.125,Prune by UB,,8-30-8 = 0.227,5-12-27-29-5 = 0.47,5-11-12-29-5 = 0.121,5-38-18-31-15-5 = 1.0,5-32-13-5 = 0.288,5-12-14-37-8 = 0.061,5-11-27-14-37-8 = 0.53,8-37-14-29-5 = 0.409,5-21-35-25-8 = 0.636,5-21-22-33-8 = 0.364,8-19-36-24-20-5 = 0.182,8-34-16-8 = 0.227,8-30-34-16-8 = 0.773,8-17-28-10-9-5 = 1.0,8-24-35-20-5 = 0.273,8-22-33-20-5 = 0.273,8-36-35-20-5 = 0.091,8-36-22-33-25-8 = 0.364,5-26-23-19-8 = 0.818,5-26-24-32-13-5 = 0.182,5-11-12-32-13-5 = 0.348,8-36-24-20-13-5 = 0.182,5-23-36-24-32-5 = 0.182
101,100,587.115,6.25,14.681,4.25,Prune by UB,,8-30-8 = 0.375,5-15-22-33-5 = 0.125,5-26-28-9-5 = 0.375,5-11-27-14-29-5 = 0.25,5-11-27-10-9-5 = 0.25,5-38-18-31-15-5 = 0.75,5-12-32-13-5 = 0.5,5-26-22-33-8 = 0.625,5-24-21-20-5 = 1.0,8-23-35-25-8 = 0.25,8-23-36-35-8 = 0.125,8-23-36-22-5 = 0.125,8-23-36-33-25-8 = 0.125,8-17-37-29-5 = 0.25,8-17-10-14-37-8 = 0.75,8-19-34-16-8 = 0.375,8-19-36-35-25-8 = 0.625,8-30-34-16-8 = 0.625,8-23-28-9-5 = 0.375,5-11-12-32-13-5 = 0.5,5-15-22-33-8 = 0.125,5-38-18-27-29-5 = 0.25,5-28-31-27-29-5 = 0.25
3,2,1667.74,6.29,1102.303,-1.488,Prune by UB,,8-19-20-21-22-23-24-25-26-27-28-5 = 0.11,5-13-5 = 0.02,5-32-5 = 0.02,5-26-24-20-5 = 0.5,5-12-27-29-5 = 0.445,5-11-12-29-5 = 0.555,5-21-22-33-5 = 0.655,5-38-18-31-15-5 = 0.665,5-38-18-28-9-5 = 0.335,5-31-15-22-5 = 0.115,5-31-15-9-5 = 0.22,5-28-10-37-14-5 = 0.11,5-32-13-5 = 0.98,5-11-27-14-37-8 = 0.445,5-21-35-25-8 = 0.155,5-24-35-20-5 = 0.345,5-24-21-20-5 = 0.045,8-23-36-21-5 = 0.035,8-23-36-22-5 = 0.12,8-23-36-33-25-8 = 0.235,8-17-10-37-14-5 = 0.17,8-17-10-14-37-8 = 0.275,8-19-36-35-25-8 = 0.5,8-30-34-16-8 = 1.0,8-17-28-10-9-5 = 0.445,5-26-23-19-8 = 0.39,8-17-23-36-33-5 = 0.11
0,0,578.1,0.0,578.1,0.0,Prune by CG,,2-14-2 = 0.219,6-37-6 = 1.0,5-15-22-33-5 = 0.295,5-26-24-20-5 = 1.0,5-21-35-25-5 = 1.0,5-38-18-31-15-5 = 0.314,5-38-18-28-9-5 = 0.371,5-38-28-31-15-5 = 0.152,5-23-36-22-5 = 0.457,5-31-15-22-5 = 0.086,5-18-28-31-15-5 = 0.152,5-32-13-5 = 1.0,5-23-36-33-10-6 = 0.21,5-38-18-28-31-10-6 = 0.133,5-12-27-29-6 = 0.124,6-17-23-36-33-5 = 0.333,6-30-34-16-6 = 0.333,6-10-9-29-6 = 0.629,5-38-18-28-10-14-6 = 0.029,6-19-30-34-6 = 0.333,6-28-31-22-33-5 = 0.162,6-17-19-30-16-6 = 0.333,6-17-19-34-16-6 = 0.333,2-11-12-29-2 = 0.124,2-11-12-27-14-2 = 0.752,2-11-27-29-2 = 0.124
0,0,577.979,0.0,577.979,0.0,Prune by CG,,5-13-5 = 0.233,7-16-7 = 0.167,2-37-7 = 0.167,5-26-20-5 = 0.833,5-26-24-20-5 = 0.167,5-21-35-25-5 = 0.133,5-21-22-33-5 = 0.467,5-38-18-31-15-5 = 0.5,5-38-18-28-9-5 = 0.5,5-31-15-22-5 = 0.5,5-32-13-5 = 1.0,5-24-35-25-16-7 = 0.833,7-19-30-34-7 = 1.0,7-17-23-36-33-5 = 0.5,7-17-28-10-37-7 = 0.5,7-23-36-35-5 = 0.033,7-23-36-22-5 = 0.033,7-23-36-21-5 = 0.4,7-23-36-33-25-5 = 0.033,5-12-27-29-2 = 0.167,2-11-12-29-2 = 0.167,2-11-12-27-14-2 = 0.667,2-11-27-29-2 = 0.167,2-37-14-2 = 0.333,2-10-9-29-2 = 0.5
0,0,582.495,0.0,582.495,0.0,Prune by CG,,8-30-8 = 0.75,5-26-24-20-5 = 1.0,5-21-22-33-5 = 0.75,5-38-18-31-15-5 = 0.75,5-38-18-28-9-5 = 0.25,5-31-15-9-5 = 0.25,5-32-13-5 = 1.0,5-21-35-25-8 = 0.25,8-23-35-25-8 = 0.25,8-23-36-35-8 = 0.25,8-23-36-22-5 = 0.25,8-23-36-33-25-8 = 0.25,8-19-34-16-8 = 0.75,8-19-36-35-25-8 = 0.25,8-30-34-16-8 = 0.25,5-12-27-29-2 = 0.25,2-11-12-29-2 = 0.25,2-11-12-27-14-2 = 0.5,2-11-27-29-2 = 0.25,2-37-14-2 = 0.25,2-10-9-29-2 = 0.25,2-17-28-10-37-2 = 0.5,2-17-28-10-9-5 = 0.25,2-17-37-14-2 = 0.25
0,0,581.279,0.0,581.279,0.0,Prune by CG,,6-37-6 = 1.0,5-26-20-5 = 1.0,5-38-18-31-15-5 = 1.0,5-32-13-5 = 1.0,5-11-12-27-14-6 = 1.0,6-10-9-29-6 = 1.0,6-28-22-21-5 = 1.0,5-24-35-25-16-7 = 1.0,7-19-30-34-7 = 1.0,7-17-23-36-33-5 = 1.0
0,0,583.833,0.0,583.833,0.0,Prune by CG,,4-13-4 = 0.19,4-32-4 = 0.19,6-37-6 = 1.0,4-24-35-20-4 = 0.476,4-24-21-20-4 = 0.476,4-32-13-4 = 0.81,4-23-36-22-4 = 0.381,4-38-18-31-15-4 = 0.833,4-23-36-33-25-4 = 0.286,4-21-35-25-4 = 0.524,4-26-22-33-4 = 0.619,6-30-34-16-6 = 0.333,6-10-9-29-6 = 0.5,6-19-30-34-6 = 0.333,6-28-9-29-6 = 0.5,6-17-19-30-16-6 = 0.333,6-17-19-34-16-6 = 0.333,6-11-12-27-14-6 = 1.0,4-26-20-4 = 0.048,4-26-18-28-10-6 = 0.167,6-17-23-36-25-4 = 0.19,6-17-23-36-24-4 = 0.048,6-28-31-15-10-6 = 0.167,6-17-23-36-33-4 = 0.095,4-26-38-28-10-6 = 0.167
0,0,591.339,0.0,591.339,0.0,Prune by CG,,8-30-8 = 1.0,5-26-24-20-5 = 0.75,5-26-28-9-5 = 0.25,5-12-27-29-5 = 0.5,5-11-12-29-5 = 0.5,5-21-22-33-5 = 0.5,5-38-18-31-15-5 = 0.75,5-38-18-28-9-5 = 0.25,5-31-15-22-5 = 0.25,5-32-13-5 = 1.0,5-11-27-14-37-8 = 0.5,5-21-35-25-8 = 0.25,8-23-36-35-8 = 0.25,8-23-36-22-5 = 0.25,8-23-36-33-25-8 = 0.5,8-17-10-14-37-8 = 0.5,8-19-34-16-8 = 1.0,8-17-28-10-9-5 = 0.5,5-21-35-25-3 = 0.25,3-24-35-20-5 = 0.25
0,0,603.85,0.0,603.85,0.0,Prune by CG,,4-13-4 = 0.767,4-32-4 = 0.767,4-24-35-20-4 = 0.967,4-24-21-20-4 = 0.033,4-32-13-4 = 0.233,5-26-22-33-5 = 0.5,5-26-28-9-5 = 0.5,5-21-35-25-5 = 0.033,5-21-22-33-5 = 0.283,5-38-18-31-15-5 = 0.917,5-23-36-22-5 = 0.133,5-23-36-21-5 = 0.65,5-31-15-22-5 = 0.083,5-23-36-33-25-5 = 0.217,5-12-27-29-2 = 0.167,2-11-12-29-2 = 0.167,2-11-12-27-14-2 = 0.667,2-11-27-29-2 = 0.167,5-38-28-10-37-2 = 0.083,2-10-9-29-2 = 0.5,5-28-10-37-14-2 = 0.333,5-18-28-10-37-2 = 0.083,2-17-19-30-25-5 = 0.75,2-17-19-34-16-2 = 0.25,5-30-34-16-2 = 0.083,2-34-16-37-2 = 0.5,2-30-34-16-2 = 0.167
0,0,590.154,0.0,590.154,0.0,Prune by CG,,4-13-4 = 0.19,4-32-4 = 0.19,6-37-6 = 1.0,4-24-35-20-4 = 0.476,4-24-21-20-4 = 0.476,4-32-13-4 = 0.81,4-23-36-22-4 = 0.381,4-38-18-31-15-4 = 0.833,4-23-36-33-25-4 = 0.286,4-21-35-25-4 = 0.524,4-26-22-33-4 = 0.619,6-30-34-16-6 = 0.333,6-10-9-29-6 = 0.5,6-19-30-34-6 = 0.333,6-28-9-29-6 = 0.5,6-17-19-30-16-6 = 0.333,6-17-19-34-16-6 = 0.333,2-11-12-27-14-2 = 1.0,4-26-20-4 = 0.048,4-26-18-28-10-6 = 0.167,6-17-23-36-25-4 = 0.19,6-17-23-36-24-4 = 0.048,6-28-31-15-10-6 = 0.167,6-17-23-36-33-4 = 0.095,4-26-38-28-10-6 = 0.167
0,0,589.218,0.0,589.218,0.0,Prune by CG,,4-13-4 = 0.5,4-32-4 = 0.5,4-24-21-20-4 = 0.5,4-32-13-4 = 0.5,4-38-18-31-15-4 = 1.0,4-21-35-25-4 = 0.5,4-26-22-33-4 = 0.5,7-19-30-34-7 = 1.0,7-17-37-7 = 0.5,7-17-28-10-37-7 = 0.5,7-23-36-33-16-7 = 0.5,2-11-12-27-14-2 = 1.0,2-10-9-29-2 = 0.5,4-24-35-25-16-7 = 0.5,4-26-20-4 = 0.5,7-23-36-22-4 = 0.5,2-28-9-29-2 = 0.5
0,0,591.077,0.0,591.077,0.0,Prune by CG,,4-13-4 = 0.692,4-32-4 = 0.692,4-24-21-20-4 = 0.769,4-32-13-4 = 0.308,4-38-18-31-15-4 = 0.615,4-11-12-29-4 = 0.154,4-12-27-29-4 = 0.308,4-26-22-33-4 = 0.769,7-30-34-16-7 = 0.385,7-34-16-7 = 0.154,7-19-30-34-7 = 0.462,7-17-23-19-16-7 = 0.077,7-17-10-14-37-7 = 0.538,7-17-28-10-9-7 = 0.077,7-17-28-10-37-7 = 0.154,7-17-19-30-16-7 = 0.154,7-28-15-9-7 = 0.154,4-24-35-25-16-7 = 0.231,7-23-36-33-25-4 = 0.231,4-26-20-4 = 0.231,7-23-35-25-4 = 0.231,7-23-36-35-4 = 0.231,7-23-36-21-4 = 0.231,7-28-15-22-4 = 0.231,4-11-12-27-14-7 = 0.154,4-11-12-27-10-7 = 0.231,4-11-12-29-7 = 0.154,4-11-27-14-37-7 = 0.308,7-19-36-35-25-4 = 0.308,7-28-9-29-7 = 0.385,4-38-18-31-9-7 = 0.385
0,0,592.507,0.0,592.507,0.0,Prune by CG,,4-13-4 = 0.583,4-32-4 = 0.583,4-24-35-20-4 = 0.167,4-24-21-20-4 = 0.833,4-32-13-4 = 0.417,5-26-22-33-5 = 0.75,5-21-22-33-5 = 0.083,5-38-18-31-15-5 = 0.75,5-38-18-28-9-5 = 0.25,5-31-15-9-5 = 0.25,8-23-35-25-8 = 0.25,8-23-36-21-5 = 0.083,8-23-36-22-5 = 0.167,8-23-36-33-25-8 = 0.167,8-19-34-16-8 = 0.083,8-19-36-35-25-8 = 0.583,8-30-34-16-8 = 0.917,5-26-23-19-8 = 0.25,8-23-19-30-8 = 0.083,5-12-27-29-2 = 0.25,2-11-12-29-2 = 0.25,2-11-12-27-14-2 = 0.5,2-11-27-29-2 = 0.25,2-37-14-2 = 0.25,2-10-9-29-2 = 0.25,2-17-28-10-37-2 = 0.5,2-17-28-10-9-5 = 0.25,2-17-37-14-2 = 0.25
0,0,586.162,0.0,586.162,0.0,Prune by CG,,4-13-4 = 0.042,4-13-5 = 0.104,4-32-4 = 0.146,6-37-6 = 1.0,4-24-21-20-4 = 0.896,4-32-13-4 = 0.854,5-26-22-33-5 = 0.875,5-26-24-20-4 = 0.104,5-38-18-31-15-5 = 0.667,5-38-18-28-9-5 = 0.333,8-23-35-25-8 = 0.354,8-23-36-21-5 = 0.104,8-23-36-22-5 = 0.125,8-19-34-16-8 = 0.062,8-19-36-35-25-8 = 0.646,8-30-34-16-8 = 0.938,5-26-23-19-8 = 0.021,8-23-19-30-8 = 0.062,5-11-12-27-14-6 = 1.0,6-17-23-36-33-5 = 0.125,6-10-9-29-5 = 0.333,6-10-9-29-6 = 0.333,6-17-28-10-29-6 = 0.333,6-17-23-19-8 = 0.208,6-17-28-31-15-5 = 0.333
0,0,614.634,0.0,614.634,0.0,Prune by CG,,5-13-5 = 0.25,2-14-2 = 0.167,5-26-24-20-5 = 1.0,5-21-35-25-5 = 0.25,5-21-22-33-5 = 0.75,5-38-18-31-15-5 = 0.417,5-38-18-28-9-5 = 0.25,5-38-28-31-15-5 = 0.333,5-23-36-35-5 = 0.75,5-31-15-22-5 = 0.25,5-32-13-5 = 1.0,5-23-36-33-25-5 = 0.25,5-12-27-29-2 = 0.083,5-28-9-29-2 = 0.083,2-11-12-29-2 = 0.083,2-11-12-27-14-2 = 0.167,2-11-27-29-2 = 0.083,2-37-14-2 = 0.667,2-10-9-29-2 = 0.667,2-11-12-27-2 = 0.667,5-18-28-10-37-2 = 0.333,2-17-19-30-25-5 = 0.5,2-17-19-34-16-2 = 0.5,2-30-34-16-2 = 0.5
0,0,599.23,0.0,599.23,0.0,Prune by CG,,4-13-4 = 0.685,4-32-4 = 0.685,4-24-21-20-4 = 0.907,4-32-13-4 = 0.315,4-38-18-31-15-4 = 0.667,4-38-18-28-9-4 = 0.333,4-26-22-33-4 = 0.296,8-23-35-25-8 = 0.278,8-23-36-33-25-8 = 0.093,8-19-34-16-8 = 0.019,8-19-36-35-25-8 = 0.63,8-30-34-16-8 = 0.648,8-23-19-30-8 = 0.352,2-11-12-29-2 = 0.111,2-11-12-27-14-2 = 0.667,2-11-27-29-2 = 0.111,2-10-9-29-2 = 0.667,8-23-36-35-4 = 0.093,8-23-36-21-4 = 0.093,2-17-28-10-37-2 = 0.333,8-34-16-37-2 = 0.333,2-11-12-27-2 = 0.111,2-17-37-14-2 = 0.333,2-12-27-29-2 = 0.111,4-26-22-33-8 = 0.611,4-26-24-20-4 = 0.093,8-23-36-22-4 = 0.093,2-17-28-31-15-4 = 0.333
0,0,591.017,0.0,591.017,0.0,Prune by CG,,4-13-4 = 0.222,4-32-4 = 0.222,6-37-6 = 0.667,4-24-21-20-4 = 0.889,4-32-13-4 = 0.778,4-38-18-31-15-4 = 0.667,4-26-22-33-4 = 0.556,8-23-35-25-8 = 0.333,8-23-36-33-25-8 = 0.111,8-19-34-16-8 = 0.222,8-19-36-35-25-8 = 0.556,8-30-34-16-8 = 0.778,8-23-19-30-8 = 0.222,6-10-9-29-6 = 0.667,6-17-28-10-29-6 = 0.333,8-23-36-35-4 = 0.111,8-23-36-21-4 = 0.111,6-17-37-6 = 0.333,6-11-12-27-14-6 = 1.0,4-38-18-28-9-6 = 0.333,4-26-22-33-8 = 0.333,4-26-24-20-4 = 0.111,8-23-36-22-4 = 0.111,6-17-28-31-15-4 = 0.333
0,0,595.689,0.0,595.689,0.0,Prune by CG,,4-13-4 = 0.053,4-32-4 = 0.053,6-37-6 = 1.0,4-24-21-20-4 = 0.263,4-32-13-4 = 0.947,4-38-18-31-15-4 = 0.789,4-36-22-21-4 = 0.132,4-21-35-25-4 = 0.263,4-26-22-33-4 = 0.263,6-10-9-29-6 = 0.632,6-28-9-29-6 = 0.158,7-30-34-16-7 = 0.132,7-19-30-34-7 = 0.868,7-17-23-36-33-7 = 0.184,7-17-23-19-16-7 = 0.132,6-11-12-27-14-6 = 1.0,7-17-28-10-29-6 = 0.211,4-24-35-25-16-7 = 0.737,4-26-20-4 = 0.737,6-28-31-15-10-6 = 0.158,7-23-36-22-4 = 0.263,7-17-23-36-33-4 = 0.421,7-17-28-31-15-4 = 0.053,4-38-18-28-9-7 = 0.211,4-21-22-33-4 = 0.132,6-28-22-21-4 = 0.211
0,0,597.817,0.0,597.817,0.0,Prune by CG,,4-13-4 = 0.571,8-30-8 = 0.286,4-32-4 = 0.571,4-24-21-20-4 = 0.929,4-32-13-4 = 0.429,4-38-18-31-15-4 = 1.0,4-11-12-29-4 = 0.5,4-12-27-29-4 = 0.5,4-26-22-33-4 = 0.214,8-23-35-25-8 = 0.214,8-23-36-33-25-8 = 0.071,8-17-10-14-37-8 = 0.5,8-19-34-16-8 = 0.286,8-19-36-35-25-8 = 0.714,8-30-34-16-8 = 0.714,8-23-36-35-4 = 0.071,8-23-36-21-4 = 0.071,4-26-22-33-8 = 0.714,4-26-24-20-4 = 0.071,8-23-36-22-4 = 0.071,8-23-28-9-4 = 0.5,4-11-27-14-37-8 = 0.5,8-17-28-10-9-4 = 0.5
0,0,600.233,0.0,600.233,0.0,Prune by CG,,4-13-4 = 0.393,4-32-4 = 0.393,4-24-35-20-4 = 0.089,4-32-13-4 = 0.607,5-26-22-33-5 = 0.089,5-26-20-4 = 0.911,5-21-22-33-5 = 0.607,5-38-18-31-15-5 = 0.75,5-38-18-28-9-5 = 0.25,5-31-15-9-5 = 0.25,7-19-30-34-7 = 1.0,7-17-23-36-33-5 = 0.125,7-17-28-10-9-5 = 0.25,7-17-28-10-37-7 = 0.5,7-23-36-22-5 = 0.304,7-23-36-21-5 = 0.393,7-23-36-33-16-7 = 0.089,7-23-36-33-25-5 = 0.089,5-12-27-29-2 = 0.25,2-11-12-29-2 = 0.25,2-11-12-27-14-2 = 0.5,2-11-27-29-2 = 0.25,7-17-37-14-2 = 0.125,2-10-9-29-2 = 0.25,4-24-35-25-16-7 = 0.911,2-14-37-7 = 0.375
0,0,604.261,0.0,604.261,0.0,Prune by CG,,8-30-8 = 0.176,6-37-6 = 1.0,5-26-22-33-5 = 0.235,5-26-20-5 = 0.294,5-26-24-20-5 = 0.235,5-21-22-33-5 = 0.588,5-38-18-31-15-5 = 0.706,5-38-18-28-9-5 = 0.294,5-32-13-5 = 1.0,8-23-35-25-8 = 0.353,8-23-36-22-5 = 0.059,8-23-36-33-25-8 = 0.059,8-19-34-16-8 = 0.176,8-19-36-35-25-8 = 0.412,8-30-34-16-8 = 0.824,5-26-23-19-8 = 0.235,5-11-12-27-14-6 = 1.0,6-10-9-29-5 = 0.294,6-10-9-29-6 = 0.412,6-17-28-10-29-6 = 0.294,6-17-28-22-33-5 = 0.118,6-17-28-31-15-5 = 0.294,8-19-36-35-25-3 = 0.176,3-24-35-20-5 = 0.059,3-24-21-20-5 = 0.412,6-17-23-36-24-3 = 0.294
0,0,598.805,0.0,598.805,0.0,Prune by CG,,5-26-5 = 1.0,5-12-27-29-5 = 0.5,5-11-12-29-5 = 0.5,5-38-18-28-9-5 = 1.0,5-31-15-22-5 = 1.0,5-32-13-5 = 1.0,5-11-27-14-37-7 = 0.5,7-34-16-7 = 0.5,7-19-30-34-7 = 0.5,7-17-10-14-37-7 = 0.5,7-17-19-30-16-7 = 0.5,7-23-36-33-10-7 = 0.5,5-21-35-25-3 = 0.5,3-24-35-20-5 = 0.5,3-24-21-20-5 = 0.5,7-23-36-33-25-3 = 0.5
0,0,614.65,0.0,614.65,0.0,Prune by CG,,4-13-4 = 0.178,4-32-4 = 0.178,6-37-6 = 1.0,4-24-35-20-4 = 0.311,4-24-21-20-4 = 0.311,4-32-13-4 = 0.444,4-32-13-5 = 0.378,5-26-22-33-5 = 0.356,5-26-24-20-4 = 0.378,5-21-35-25-5 = 0.689,5-38-18-31-15-5 = 0.489,5-38-18-28-9-5 = 0.333,5-38-28-31-15-5 = 0.111,5-23-36-22-5 = 0.356,5-31-15-22-5 = 0.178,5-18-28-31-15-5 = 0.111,5-26-28-31-10-6 = 0.044,5-23-36-33-25-5 = 0.311,5-38-18-28-31-10-6 = 0.067,5-12-27-29-6 = 0.111,6-17-23-36-33-5 = 0.333,6-30-34-16-6 = 0.333,6-10-9-29-6 = 0.667,6-19-30-34-6 = 0.333,6-28-15-22-5 = 0.111,6-17-19-30-16-6 = 0.333,6-17-19-34-16-6 = 0.333,5-26-28-10-14-2 = 0.222,2-11-12-27-14-2 = 0.778,2-11-12-29-6 = 0.111,2-11-27-29-6 = 0.111
0,0,600.455,0.0,600.455,0.0,Prune by CG,,8-30-8 = 0.688,5-26-24-20-5 = 0.937,5-12-27-29-5 = 0.5,5-11-12-29-5 = 0.5,5-21-22-33-5 = 0.812,5-38-18-31-15-5 = 0.625,5-38-18-28-9-5 = 0.375,5-31-15-22-5 = 0.188,5-31-15-9-5 = 0.125,5-32-13-5 = 1.0,5-21-35-25-8 = 0.062,5-24-21-20-5 = 0.063,8-23-35-25-8 = 0.188,8-23-36-35-8 = 0.188,8-23-36-21-5 = 0.062,8-23-36-33-25-8 = 0.188,8-19-36-35-25-8 = 0.562,5-26-23-19-8 = 0.063,8-23-19-30-8 = 0.312,5-11-27-14-37-7 = 0.5,7-34-16-7 = 0.938,7-17-10-14-37-7 = 0.438,7-17-28-10-9-5 = 0.5,7-17-28-31-15-5 = 0.062,7-28-10-14-37-7 = 0.062,8-19-34-16-7 = 0.063
0,0,606.354,0.0,606.354,0.0,Prune by CG,,6-37-6 = 1.0,4-32-13-4 = 1.0,5-26-20-4 = 1.0,5-38-18-31-15-5 = 1.0,5-11-12-27-14-6 = 1.0,6-10-9-29-6 = 1.0,6-28-22-21-5 = 1.0,7-19-30-34-7 = 1.0,7-17-23-36-33-5 = 1.0,4-24-35-25-16-7 = 1.0
0,0,611.132,0.0,611.132,0.0,Prune by CG,,8-30-8 = 0.235,6-37-6 = 0.706,5-26-24-20-5 = 1.0,5-21-22-33-5 = 0.735,5-38-18-31-15-5 = 0.735,5-32-13-5 = 1.0,5-21-35-25-8 = 0.265,8-23-35-25-8 = 0.265,8-23-36-22-5 = 0.265,8-19-34-16-8 = 0.324,8-19-36-35-25-8 = 0.471,8-30-34-16-8 = 0.676,8-23-19-30-8 = 0.088,6-17-23-36-33-5 = 0.147,6-10-9-29-6 = 0.412,5-38-18-28-9-6 = 0.265,2-14-37-6 = 0.294,5-12-27-29-2 = 0.147,6-17-28-10-29-2 = 0.147,2-11-12-29-2 = 0.147,2-11-12-27-14-2 = 0.706,2-11-27-29-2 = 0.147,6-17-23-19-8 = 0.118,6-17-28-31-15-5 = 0.265,6-17-28-10-9-6 = 0.324,8-23-36-33-10-6 = 0.118
0,0,628.369,0.0,628.369,0.0,Prune by CG,,4-13-4 = 0.5,4-32-4 = 0.5,4-24-35-20-4 = 0.25,4-24-21-20-4 = 0.75,4-32-13-4 = 0.5,4-23-36-22-4 = 0.25,4-23-36-35-4 = 0.5,4-38-18-31-15-4 = 0.75,4-23-36-33-25-4 = 0.25,4-21-35-25-4 = 0.25,4-26-22-33-4 = 0.75,2-11-12-27-14-2 = 0.5,2-37-14-2 = 0.5,2-10-9-29-2 = 0.5,2-11-12-27-2 = 0.5,4-26-31-15-4 = 0.25,2-17-19-30-25-4 = 0.5,2-17-19-34-16-2 = 0.5,2-30-34-16-2 = 0.5,2-28-9-29-2 = 0.5,4-38-28-10-37-2 = 0.25,4-18-28-10-37-2 = 0.25
0,0,608.484,0.0,608.484,0.0,Prune by CG,,4-13-4 = 0.159,4-32-4 = 0.159,6-37-6 = 0.899,4-24-21-20-4 = 0.174,4-32-13-4 = 0.841,4-38-18-31-15-4 = 0.725,8-23-35-25-8 = 0.348,8-19-34-16-8 = 0.217,8-30-34-16-8 = 0.783,8-23-19-30-8 = 0.217,6-10-9-29-6 = 0.551,6-17-28-10-29-6 = 0.362,8-23-36-35-4 = 0.087,8-23-36-21-4 = 0.087,6-17-28-31-9-6 = 0.087,6-17-37-6 = 0.101,6-11-12-27-14-6 = 1.0,4-26-20-4 = 0.087,8-23-36-33-25-3 = 0.087,8-19-36-35-25-3 = 0.565,4-38-18-28-9-6 = 0.275,4-26-22-33-8 = 0.913,8-23-36-22-4 = 0.087,6-17-9-29-6 = 0.087,6-17-28-15-10-6 = 0.087,6-17-28-31-15-4 = 0.188,6-17-23-36-24-3 = 0.087,3-24-21-20-4 = 0.739
0,0,610.104,0.0,610.104,0.0,Prune by CG,,4-13-5 = 0.068,4-32-4 = 0.068,6-37-6 = 1.0,4-32-13-5 = 0.932,5-26-22-33-5 = 0.551,5-26-20-4 = 0.301,5-26-28-9-5 = 0.148,5-11-12-29-5 = 0.082,5-38-18-31-15-5 = 0.653,5-38-18-28-9-5 = 0.099,5-23-36-22-5 = 0.102,5-31-15-22-5 = 0.264,5-11-12-27-14-6 = 0.835,5-38-18-28-31-10-6 = 0.082,5-12-27-29-6 = 0.082,5-11-27-29-6 = 0.082,6-17-23-36-33-5 = 0.449,6-10-9-29-5 = 0.741,6-10-9-29-6 = 0.011,5-38-18-28-10-14-6 = 0.165,6-19-30-34-6 = 0.051,6-28-15-22-5 = 0.082,6-17-19-30-16-6 = 0.051,6-17-19-34-16-6 = 0.474,5-21-35-25-3 = 0.301,3-24-35-25-3 = 0.276,6-17-23-36-24-3 = 0.026,3-24-21-20-4 = 0.699,5-23-19-30-3 = 0.423,6-28-36-35-25-3 = 0.423,3-30-34-16-6 = 0.474
0,0,613.981,0.0,613.981,0.0,Prune by CG,,5-26-5 = 0.111,6-37-6 = 1.0,5-26-22-33-5 = 0.569,5-26-20-5 = 0.319,5-12-27-29-5 = 0.062,5-11-12-29-5 = 0.062,5-11-27-29-5 = 0.062,5-38-18-31-15-5 = 0.542,5-38-18-28-9-5 = 0.187,5-38-28-31-15-5 = 0.083,5-23-36-22-5 = 0.139,5-31-15-22-5 = 0.229,5-18-28-31-15-5 = 0.083,5-32-13-5 = 1.0,5-11-12-27-14-6 = 0.875,5-38-18-28-31-10-6 = 0.062,6-17-23-36-33-5 = 0.431,6-10-9-29-5 = 0.604,6-10-9-29-6 = 0.208,5-38-18-28-10-14-6 = 0.125,6-19-30-34-6 = 0.069,6-28-15-22-5 = 0.062,6-17-19-30-16-6 = 0.069,6-17-19-34-16-6 = 0.465,5-21-35-25-3 = 0.319,3-24-35-25-3 = 0.285,3-24-21-20-5 = 0.681,6-17-23-36-24-3 = 0.035,5-23-19-30-3 = 0.396,6-28-36-35-25-3 = 0.396,3-30-34-16-6 = 0.465
0,0,615.385,0.0,615.385,0.0,Prune by CG,,4-13-4 = 0.773,4-32-4 = 0.773,4-24-21-20-4 = 0.682,4-32-13-4 = 0.227,4-38-18-31-15-4 = 1.0,4-11-12-29-4 = 0.5,4-12-27-29-4 = 0.5,8-23-35-25-8 = 0.182,8-23-36-33-25-8 = 0.091,8-17-10-14-37-8 = 0.5,8-19-34-16-8 = 0.136,8-19-36-35-25-8 = 0.409,8-30-34-16-8 = 0.864,8-23-19-30-8 = 0.136,8-23-36-35-4 = 0.091,4-26-28-9-4 = 0.091,8-19-36-35-25-3 = 0.318,4-26-22-33-8 = 0.909,8-23-36-22-4 = 0.091,8-23-28-9-4 = 0.409,4-11-27-14-37-8 = 0.5,8-17-28-10-9-4 = 0.5,3-24-21-20-4 = 0.318
0,0,603.817,0.0,603.817,0.0,Prune by CG,,4-13-5 = 0.8,4-32-4 = 0.8,4-32-13-5 = 0.2,5-26-22-33-5 = 0.3,5-26-28-9-5 = 0.3,5-12-27-29-5 = 0.5,5-11-12-29-5 = 0.5,5-38-18-31-15-5 = 0.6,5-38-18-28-9-5 = 0.2,5-38-28-10-9-5 = 0.2,5-31-15-22-5 = 0.4,5-18-28-10-9-5 = 0.2,5-11-27-14-37-7 = 0.5,7-30-34-16-7 = 0.4,7-19-30-34-7 = 0.6,7-17-23-19-16-7 = 0.4,7-17-10-14-37-7 = 0.5,7-17-28-10-9-5 = 0.1,7-23-36-22-5 = 0.3,7-23-36-33-16-7 = 0.2,5-26-36-33-25-3 = 0.4,5-21-35-25-3 = 0.5,7-23-36-33-25-3 = 0.1,3-24-35-20-4 = 0.5,3-24-21-20-4 = 0.5
0,0,625.167,0.0,625.167,0.0,Prune by CG,,4-13-4 = 0.187,4-13-5 = 0.613,4-32-4 = 0.8,4-32-13-4 = 0.2,5-15-22-33-5 = 0.1,5-26-36-22-5 = 0.367,5-26-22-33-5 = 0.267,5-26-28-9-5 = 0.3,5-12-27-29-5 = 0.667,5-11-12-29-5 = 0.333,5-11-27-10-9-5 = 0.333,5-11-17-37-14-5 = 0.333,5-38-18-31-15-5 = 0.633,5-38-18-28-9-5 = 0.133,5-38-17-37-14-5 = 0.233,5-23-19-36-33-5 = 0.133,5-31-15-22-5 = 0.267,5-28-10-37-14-5 = 0.433,5-18-31-10-9-5 = 0.1,5-18-28-10-9-5 = 0.133,5-26-36-33-25-3 = 0.067,5-21-35-25-3 = 0.113,3-24-35-20-4 = 0.5,3-24-21-20-4 = 0.5,4-21-35-25-3 = 0.387,3-23-36-33-25-3 = 0.433,3-30-34-16-3 = 0.567,3-23-19-30-3 = 0.433,5-17-19-34-16-3 = 0.433
0,0,618.697,0.0,618.697,0.0,Prune by CG,,4-13-4 = 0.771,4-32-4 = 0.771,4-24-35-20-4 = 0.292,4-24-21-20-4 = 0.708,4-32-13-4 = 0.229,5-26-22-33-5 = 0.417,5-26-28-9-5 = 0.396,5-12-27-29-5 = 0.5,5-11-12-29-5 = 0.5,5-21-22-33-5 = 0.292,5-38-18-31-15-5 = 0.896,5-38-18-28-9-5 = 0.104,5-31-15-22-5 = 0.104,5-11-27-14-37-8 = 0.5,8-23-35-25-8 = 0.188,8-23-36-22-5 = 0.188,8-23-36-33-25-8 = 0.292,8-17-10-14-37-8 = 0.5,8-19-34-16-8 = 0.146,8-19-36-35-25-8 = 0.521,8-30-34-16-8 = 0.854,8-17-28-10-9-5 = 0.5,5-26-23-19-8 = 0.188,8-23-19-30-8 = 0.146
0,0,618.674,0.0,618.674,0.0,Prune by CG,,8-30-8 = 0.344,5-15-22-33-5 = 0.219,5-26-24-20-5 = 1.0,5-21-22-33-5 = 0.625,5-38-18-31-9-5 = 0.219,5-38-18-31-15-5 = 0.688,5-38-18-28-9-5 = 0.094,5-31-15-9-5 = 0.094,5-32-13-5 = 1.0,5-21-35-25-8 = 0.344,8-23-36-35-8 = 0.156,8-23-36-21-5 = 0.031,8-23-36-22-5 = 0.156,8-23-36-33-25-8 = 0.156,8-19-36-35-25-8 = 0.5,8-23-19-30-8 = 0.5,7-34-16-7 = 0.844,7-17-28-10-9-5 = 0.437,7-17-28-10-37-7 = 0.437,5-12-27-29-2 = 0.281,2-11-12-29-2 = 0.281,2-11-12-27-14-2 = 0.437,2-11-27-29-2 = 0.281,7-17-37-14-2 = 0.125,2-10-9-29-2 = 0.125,7-28-9-29-2 = 0.031,2-14-37-7 = 0.437,8-30-34-16-7 = 0.156
0,0,617.673,0.0,617.673,0.0,Prune by CG,,4-13-4 = 0.8,4-32-4 = 0.8,4-32-13-4 = 0.2,4-38-18-31-15-4 = 0.867,4-11-12-29-4 = 0.467,4-12-27-29-4 = 0.467,4-26-22-33-4 = 0.667,7-30-34-16-7 = 0.667,7-19-30-34-7 = 0.333,7-17-23-19-16-7 = 0.333,7-17-10-14-37-7 = 0.333,7-17-28-10-9-7 = 0.333,7-28-15-9-7 = 0.133,7-28-10-14-37-7 = 0.2,7-23-36-22-4 = 0.333,4-26-28-9-7 = 0.333,4-11-12-27-10-7 = 0.067,4-11-27-14-37-7 = 0.467,7-10-9-29-7 = 0.067,4-38-18-31-9-7 = 0.133,7-19-36-35-25-3 = 0.333,7-23-36-33-25-3 = 0.333,3-24-35-20-4 = 0.333,3-24-21-20-4 = 0.667,4-21-35-25-3 = 0.333
0,0,628.947,0.0,628.947,0.0,Prune by CG,,8-30-8 = 0.75,5-26-22-33-5 = 0.125,5-26-24-20-5 = 0.75,5-21-22-33-5 = 0.5,5-38-18-31-15-5 = 0.75,5-38-18-28-9-5 = 0.25,5-31-15-9-5 = 0.25,5-32-13-5 = 1.0,5-21-35-25-8 = 0.25,8-23-36-35-8 = 0.125,8-23-36-22-5 = 0.375,8-23-36-33-25-8 = 0.375,8-19-34-16-8 = 0.75,8-19-36-35-25-8 = 0.125,8-30-34-16-8 = 0.25,5-26-23-19-8 = 0.125,5-12-27-29-2 = 0.25,2-11-12-29-2 = 0.25,2-11-12-27-14-2 = 0.5,2-11-27-29-2 = 0.25,2-37-14-2 = 0.25,2-10-9-29-2 = 0.25,2-17-28-10-37-2 = 0.5,2-17-28-10-9-5 = 0.25,2-17-37-14-2 = 0.25,5-21-35-25-3 = 0.25,3-24-35-20-5 = 0.25
0,0,610.827,0.0,610.827,0.0,Prune by CG,,4-13-4 = 0.1,8-30-8 = 0.5,4-32-4 = 0.1,4-24-35-20-4 = 0.3,4-24-21-20-4 = 0.7,4-32-13-4 = 0.9,5-26-22-33-5 = 0.6,5-26-28-9-5 = 0.4,5-12-27-29-5 = 0.5,5-11-12-29-5 = 0.5,5-21-22-33-5 = 0.1,5-38-18-31-15-5 = 0.9,5-38-18-28-9-5 = 0.1,5-31-15-22-5 = 0.1,5-21-35-25-8 = 0.2,8-23-36-22-5 = 0.2,8-23-36-33-25-8 = 0.3,8-19-36-35-25-8 = 0.5,8-23-19-30-8 = 0.5,5-11-27-14-37-7 = 0.5,7-34-16-7 = 1.0,7-17-10-14-37-7 = 0.5,7-17-28-10-9-5 = 0.5
0,0,619.707,0.0,619.707,0.0,Prune by CG,,5-26-5 = 0.15,6-37-6 = 1.0,5-26-22-33-5 = 0.575,5-26-20-5 = 0.25,5-12-27-29-5 = 0.05,5-11-12-29-5 = 0.05,5-11-27-29-5 = 0.05,5-38-18-31-15-5 = 0.65,5-31-15-22-5 = 0.3,5-32-13-5 = 1.0,5-11-12-27-14-6 = 0.9,5-38-18-28-31-10-6 = 0.025,6-17-23-36-33-5 = 0.25,6-10-9-29-5 = 0.225,6-10-9-29-6 = 0.55,5-38-18-28-10-14-6 = 0.1,6-28-15-22-5 = 0.05,6-17-28-10-29-6 = 0.075,5-26-28-31-10-7 = 0.025,7-30-34-16-7 = 0.5,7-19-30-34-7 = 0.5,7-17-23-36-33-5 = 0.175,7-17-23-19-16-7 = 0.5,7-23-36-22-5 = 0.075,5-38-18-28-9-7 = 0.225,5-21-35-25-3 = 0.25,3-24-35-25-3 = 0.25,3-24-21-20-5 = 0.75,6-28-36-35-25-3 = 0.5
0,0,626.287,0.0,626.287,0.0,Prune by CG,,4-13-4 = 0.222,4-32-4 = 0.222,6-37-6 = 0.667,4-24-21-20-4 = 0.889,4-32-13-4 = 0.778,4-38-18-31-15-4 = 0.667,4-26-22-33-4 = 0.556,8-23-35-25-8 = 0.333,8-23-36-33-25-8 = 0.111,8-19-34-16-8 = 0.222,8-19-36-35-25-8 = 0.556,8-30-34-16-8 = 0.778,8-23-19-30-8 = 0.222,6-10-9-29-6 = 0.667,6-17-28-10-29-6 = 0.333,2-11-12-27-14-2 = 1.0,8-23-36-35-4 = 0.111,8-23-36-21-4 = 0.111,6-17-37-6 = 0.333,4-38-18-28-9-6 = 0.333,4-26-22-33-8 = 0.333,4-26-24-20-4 = 0.111,8-23-36-22-4 = 0.111,6-17-28-31-15-4 = 0.333
0,0,619.451,0.0,619.451,0.0,Prune by CG,,4-13-4 = 0.133,4-32-4 = 0.133,6-37-6 = 1.0,4-24-35-20-4 = 0.133,4-32-13-4 = 0.867,4-38-18-31-15-4 = 0.75,4-26-22-33-4 = 0.567,6-10-9-29-6 = 0.55,6-23-36-33-10-6 = 0.1,6-19-30-34-6 = 0.333,6-28-9-29-6 = 0.45,6-17-19-30-16-6 = 0.333,6-17-19-34-16-6 = 0.333,6-11-12-27-14-6 = 1.0,4-26-20-4 = 0.333,4-26-18-28-10-6 = 0.05,6-28-31-15-10-6 = 0.05,4-26-38-28-10-6 = 0.05,6-23-36-22-4 = 0.1,6-28-15-22-4 = 0.2,4-38-18-28-31-10-6 = 0.2,6-17-23-36-24-3 = 0.333,3-24-35-20-4 = 0.2,3-24-21-20-4 = 0.333,4-21-35-25-3 = 0.667,3-23-36-33-25-3 = 0.333,3-30-34-16-6 = 0.333,3-23-36-22-4 = 0.133
0,0,655.584,0.0,655.584,0.0,Prune by CG,,3-24-3 = 0.669,5-26-5 = 0.025,5-26-20-5 = 0.669,5-26-28-9-5 = 0.212,5-12-27-29-5 = 0.814,5-11-12-29-5 = 0.186,5-11-27-10-9-5 = 0.186,5-11-17-37-14-5 = 0.627,5-38-18-31-15-5 = 0.89,5-38-28-10-9-5 = 0.11,5-31-15-22-5 = 0.085,5-28-10-37-14-5 = 0.297,5-18-31-10-9-5 = 0.025,5-18-28-10-9-5 = 0.085,5-32-13-5 = 1.0,5-26-22-33-3 = 0.093,5-21-35-25-3 = 0.415,5-21-22-33-3 = 0.254,5-15-22-33-3 = 0.025,3-24-21-20-5 = 0.331,3-23-35-25-3 = 0.042,3-30-34-16-3 = 0.5,3-23-19-30-3 = 0.5,3-19-34-16-3 = 0.5,3-17-37-14-5 = 0.076,3-23-36-35-3 = 0.458,3-17-28-10-9-5 = 0.297,3-36-22-33-25-3 = 0.542,3-35-33-9-5 = 0.085
0,0,624.283,0.0,624.283,0.0,Prune by CG,,8-30-8 = 0.175,6-37-6 = 1.0,5-26-24-20-5 = 1.0,5-38-18-31-15-5 = 0.975,5-38-18-28-9-5 = 0.025,5-32-13-5 = 1.0,5-21-35-25-8 = 0.6,8-23-36-35-8 = 0.1,8-23-36-21-5 = 0.4,8-23-36-22-5 = 0.1,8-23-36-33-25-8 = 0.1,8-19-36-35-25-8 = 0.275,8-23-19-30-8 = 0.25,5-11-12-27-14-6 = 1.0,6-10-9-29-5 = 0.975,7-17-28-10-29-5 = 0.025,7-17-28-22-33-5 = 0.075,7-17-28-31-15-5 = 0.025,8-19-34-16-7 = 0.425,8-30-34-16-7 = 0.575,7-17-23-19-8 = 0.05,7-17-28-22-33-8 = 0.825,6-28-36-35-25-8 = 0.025
0,0,631.299,0.0,631.299,0.0,Prune by CG,,4-13-4 = 0.625,4-32-4 = 0.75,4-24-21-20-4 = 0.875,4-32-13-4 = 0.25,4-38-18-31-9-4 = 0.25,4-38-18-31-15-4 = 0.75,4-11-12-29-4 = 0.375,4-12-27-29-4 = 0.375,8-23-35-25-8 = 0.25,8-23-36-33-25-8 = 0.125,8-19-36-35-25-8 = 0.625,8-23-19-30-8 = 0.375,7-34-16-7 = 0.375,7-17-10-14-37-7 = 0.25,7-17-28-10-37-7 = 0.125,8-23-36-35-4 = 0.125,8-23-36-21-4 = 0.125,7-28-15-22-4 = 0.125,4-11-12-27-14-7 = 0.125,4-11-27-14-37-7 = 0.375,4-11-12-27-13-4 = 0.125,4-26-22-33-8 = 0.875,4-26-24-20-4 = 0.125,8-30-34-16-7 = 0.625,7-37-14-29-4 = 0.25,7-17-28-10-9-4 = 0.625,7-28-15-9-4 = 0.125
0,0,624.27,0.0,624.27,0.0,Prune by CG,,4-13-4 = 0.2,4-32-4 = 0.2,6-37-6 = 1.0,4-32-13-4 = 0.8,4-38-18-31-15-4 = 0.84,4-26-22-33-4 = 0.26,6-10-9-29-6 = 0.66,6-28-9-29-6 = 0.2,7-30-34-16-7 = 0.5,7-19-30-34-7 = 0.5,7-17-23-36-33-7 = 0.12,7-17-23-19-16-7 = 0.5,6-11-12-27-14-6 = 1.0,7-17-28-10-29-6 = 0.14,4-26-18-28-10-6 = 0.02,4-26-36-22-4 = 0.08,6-28-31-15-10-6 = 0.16,4-26-38-28-10-6 = 0.02,4-38-18-28-9-6 = 0.14,7-23-36-22-4 = 0.14,4-26-22-33-7 = 0.52,3-24-35-20-4 = 0.34,3-24-21-20-4 = 0.66,4-26-36-33-25-3 = 0.1,4-21-35-25-3 = 0.34,6-28-36-35-25-3 = 0.32,7-17-23-36-25-3 = 0.24
0,0,633.875,0.0,633.875,0.0,Prune by CG,,5-26-5 = 0.125,6-37-6 = 1.0,5-26-22-33-5 = 0.562,5-26-20-5 = 0.313,5-38-18-31-15-5 = 0.458,5-38-18-28-9-5 = 0.25,5-38-28-31-15-5 = 0.125,5-23-36-22-5 = 0.229,5-31-15-22-5 = 0.208,5-18-28-31-15-5 = 0.125,5-32-13-5 = 1.0,5-12-27-29-6 = 0.083,6-17-23-36-33-5 = 0.333,6-10-9-29-6 = 0.75,6-19-30-34-6 = 0.167,6-17-19-30-16-6 = 0.167,6-17-19-34-16-6 = 0.417,5-38-18-28-10-14-2 = 0.167,2-11-12-27-14-2 = 0.833,6-28-31-15-10-6 = 0.083,5-21-35-25-3 = 0.417,3-24-35-25-3 = 0.229,3-24-35-20-5 = 0.104,3-24-21-20-5 = 0.583,6-17-23-36-24-3 = 0.083,2-11-12-29-6 = 0.083,2-11-27-29-6 = 0.083,5-23-19-30-3 = 0.25,5-23-36-33-25-3 = 0.104,6-28-36-35-25-3 = 0.25,3-30-34-16-6 = 0.417
0,0,633.246,0.0,633.246,0.0,Prune by CG,,5-26-5 = 0.5,5-15-22-33-5 = 0.2,5-26-22-33-5 = 0.05,5-26-20-5 = 0.45,5-38-18-31-15-5 = 0.3,5-38-18-28-9-5 = 0.6,5-31-15-22-5 = 0.5,5-32-13-5 = 1.0,5-18-31-10-37-7 = 0.1,7-34-16-7 = 0.3,7-19-30-34-7 = 0.7,7-17-23-36-33-5 = 0.3,7-17-28-10-37-7 = 0.4,7-17-19-30-16-7 = 0.3,7-23-36-22-5 = 0.25,7-23-36-33-16-7 = 0.4,5-12-27-29-2 = 0.2,5-11-12-27-14-2 = 0.2,2-11-12-29-2 = 0.2,2-11-12-27-14-2 = 0.4,2-11-27-29-2 = 0.2,5-38-31-10-37-7 = 0.1,2-10-9-29-2 = 0.4,5-21-35-25-3 = 0.5,3-24-35-25-3 = 0.45,3-24-35-20-5 = 0.05,3-24-21-20-5 = 0.5,2-14-37-7 = 0.4,7-23-36-33-25-3 = 0.05
0,0,643.465,0.0,643.465,0.0,Prune by CG,,4-13-5 = 0.528,4-32-4 = 0.528,4-32-13-5 = 0.472,5-26-36-22-5 = 0.181,5-26-22-33-5 = 0.181,5-26-20-4 = 0.181,5-26-28-9-5 = 0.139,5-12-27-29-5 = 0.222,5-38-18-31-15-5 = 0.361,5-38-18-28-9-5 = 0.417,5-31-15-22-5 = 0.639,2-11-12-29-2 = 0.222,2-11-12-27-14-2 = 0.556,2-37-14-2 = 0.444,5-38-28-10-37-2 = 0.222,2-10-9-29-2 = 0.111,2-17-23-36-33-5 = 0.5,2-11-27-29-5 = 0.111,2-11-27-10-37-2 = 0.111,5-18-28-10-37-2 = 0.222,5-26-36-33-25-3 = 0.319,5-21-35-25-3 = 0.5,3-24-35-25-3 = 0.181,2-17-19-34-16-2 = 0.5,3-24-35-20-4 = 0.319,3-24-21-20-4 = 0.5,5-23-19-30-3 = 0.5,3-30-34-16-2 = 0.5,2-10-9-29-5 = 0.333
0,0,635.677,0.0,635.677,0.0,Prune by CG,,8-30-8 = 0.404,4-24-21-20-4 = 0.909,4-32-13-4 = 1.0,4-38-18-31-9-4 = 0.04,4-38-18-31-15-4 = 0.768,4-38-18-28-9-4 = 0.152,4-26-22-33-4 = 0.404,8-23-35-25-8 = 0.273,8-23-36-33-25-8 = 0.091,8-19-36-35-25-8 = 0.636,8-23-19-30-8 = 0.364,7-34-16-7 = 0.768,7-17-37-7 = 0.384,7-17-28-10-37-7 = 0.424,2-11-12-29-2 = 0.051,2-11-12-27-14-2 = 0.808,2-11-27-29-2 = 0.051,2-10-9-29-2 = 0.576,7-28-9-29-2 = 0.232,8-23-36-35-4 = 0.091,8-23-36-21-4 = 0.091,2-11-12-27-2 = 0.051,2-12-27-29-2 = 0.091,7-17-28-31-15-4 = 0.192,4-26-22-33-8 = 0.505,4-26-24-20-4 = 0.091,8-23-36-22-4 = 0.091,2-14-37-7 = 0.192,8-30-34-16-7 = 0.232,2-11-38-18-15-4 = 0.04
0,0,628.057,0.0,628.057,0.0,Prune by CG,,8-30-8 = 0.714,5-26-24-20-5 = 0.714,5-12-27-29-5 = 0.5,5-11-12-29-5 = 0.5,5-21-22-33-5 = 0.714,5-38-18-31-15-5 = 0.643,5-38-18-28-9-5 = 0.357,5-31-15-22-5 = 0.143,5-31-15-9-5 = 0.143,5-32-13-5 = 1.0,5-21-35-25-8 = 0.214,8-23-36-35-8 = 0.071,8-23-36-22-5 = 0.143,8-19-36-35-25-8 = 0.5,5-26-23-19-8 = 0.286,8-23-19-30-8 = 0.214,5-11-27-14-37-7 = 0.5,7-34-16-7 = 0.929,7-17-10-14-37-7 = 0.429,7-17-28-10-9-5 = 0.5,7-17-28-31-15-5 = 0.071,7-28-10-14-37-7 = 0.071,8-23-36-33-25-3 = 0.286,3-24-35-20-5 = 0.214,3-24-21-20-5 = 0.071,8-30-34-16-7 = 0.071
0,0,648.674,0.0,648.674,0.0,Prune by CG,,5-26-5 = 0.333,5-26-36-22-5 = 0.167,5-26-22-33-5 = 0.167,5-26-20-5 = 0.167,5-12-27-29-5 = 0.333,5-38-18-31-15-5 = 0.5,5-38-28-10-9-5 = 0.5,5-31-15-22-5 = 0.5,5-18-28-10-9-5 = 0.5,5-32-13-5 = 1.0,2-11-12-29-2 = 0.333,2-11-27-29-2 = 0.333,2-37-14-2 = 1.0,2-17-23-36-33-5 = 0.5,2-11-12-27-2 = 0.333,5-26-36-33-25-3 = 0.167,5-21-35-25-3 = 0.5,3-24-35-25-3 = 0.167,3-24-35-20-5 = 0.333,3-24-21-20-5 = 0.5,2-17-19-34-16-2 = 0.5,5-36-22-33-25-3 = 0.167,5-23-19-30-3 = 0.5,3-30-34-16-2 = 0.5
0,0,634.074,0.0,634.074,0.0,Prune by CG,,4-13-4 = 0.133,4-32-4 = 0.133,6-37-6 = 1.0,4-24-21-20-4 = 0.133,4-32-13-4 = 0.867,4-38-18-31-15-4 = 0.7,4-26-22-33-4 = 0.667,6-10-9-29-6 = 0.5,6-19-30-34-6 = 0.333,6-28-9-29-6 = 0.4,6-17-19-30-16-6 = 0.333,6-17-19-34-16-6 = 0.333,2-11-12-27-14-2 = 0.9,4-26-20-4 = 0.333,6-28-31-15-10-6 = 0.3,6-23-36-22-4 = 0.2,2-12-27-29-2 = 0.1,4-38-18-28-9-6 = 0.1,4-38-18-28-10-14-2 = 0.1,6-17-23-36-24-3 = 0.333,3-24-35-20-4 = 0.333,3-24-21-20-4 = 0.2,4-21-35-25-3 = 0.667,3-23-36-33-25-3 = 0.333,3-30-34-16-6 = 0.333,3-23-36-22-4 = 0.133,2-11-38-18-28-10-6 = 0.1
0,0,635.712,0.0,635.712,0.0,Prune by CG,,4-13-4 = 0.641,4-32-4 = 0.641,4-32-13-4 = 0.359,4-38-18-31-15-4 = 1.0,7-30-34-16-7 = 0.667,7-19-30-34-7 = 0.333,7-17-37-7 = 0.128,7-17-23-19-16-7 = 0.333,7-17-28-10-37-7 = 0.436,2-11-12-29-2 = 0.154,2-11-12-27-14-2 = 0.692,2-11-27-29-2 = 0.026,7-17-37-14-2 = 0.103,2-10-9-29-2 = 0.436,7-28-9-29-2 = 0.231,2-12-27-29-2 = 0.154,7-23-36-22-4 = 0.333,4-26-28-9-7 = 0.333,4-26-22-33-7 = 0.667,2-14-37-7 = 0.205,7-19-36-35-25-3 = 0.333,7-23-36-33-25-3 = 0.333,3-24-35-20-4 = 0.333,3-24-21-20-4 = 0.667,4-21-35-25-3 = 0.333,2-11-27-10-37-7 = 0.128
0,0,645.502,0.0,645.502,0.0,Prune by CG,,4-13-4 = 0.667,4-32-4 = 0.667,4-24-21-20-4 = 0.5,4-32-13-4 = 0.333,4-38-18-31-15-4 = 0.75,4-38-18-28-9-4 = 0.25,8-19-36-35-25-8 = 0.5,8-30-34-16-8 = 0.75,8-23-19-30-8 = 0.25,2-11-12-29-2 = 0.083,2-11-12-27-14-2 = 0.625,2-11-27-29-2 = 0.083,2-10-9-29-2 = 0.625,8-23-36-35-4 = 0.125,2-17-28-10-37-2 = 0.375,8-34-16-37-2 = 0.25,2-11-12-27-2 = 0.208,2-17-37-14-2 = 0.375,8-23-35-25-3 = 0.25,8-23-36-33-25-3 = 0.125,8-19-36-35-25-3 = 0.125,2-12-27-29-2 = 0.083,2-28-9-29-2 = 0.125,4-26-22-33-8 = 0.875,4-26-23-19-8 = 0.125,8-23-36-22-4 = 0.125,2-17-28-31-15-4 = 0.25,3-24-21-20-4 = 0.5
0,0,637.063,0.0,637.063,0.0,Prune by CG,,4-13-4 = 0.167,4-32-4 = 0.167,6-37-6 = 1.0,4-24-21-20-4 = 0.5,4-32-13-4 = 0.833,4-38-18-31-15-4 = 1.0,8-23-35-25-8 = 0.333,8-19-36-35-25-8 = 0.667,6-10-9-29-6 = 1.0,8-23-36-21-4 = 0.333,6-11-12-27-14-6 = 1.0,4-26-21-4 = 0.167,4-26-24-20-4 = 0.5,4-26-23-19-8 = 0.333,8-30-34-16-7 = 1.0,7-17-28-22-33-8 = 1.0
0,0,649.169,0.0,649.169,0.0,Prune by CG,,4-13-4 = 0.418,8-30-8 = 0.236,4-32-4 = 0.418,4-24-21-20-4 = 0.673,4-32-13-4 = 0.582,4-38-18-31-9-4 = 0.2,4-38-18-31-15-4 = 0.8,4-11-12-29-4 = 0.4,4-12-27-29-4 = 0.4,8-23-35-25-8 = 0.036,8-23-36-33-25-8 = 0.091,8-19-36-35-25-8 = 0.636,8-23-19-30-8 = 0.364,7-34-16-7 = 0.6,7-17-10-14-37-7 = 0.2,7-17-28-10-37-7 = 0.2,8-23-36-35-4 = 0.091,8-23-36-21-4 = 0.091,8-23-35-25-3 = 0.236,4-11-12-27-14-7 = 0.2,4-11-27-14-37-7 = 0.4,4-26-22-33-8 = 0.909,4-26-24-20-4 = 0.091,8-23-36-22-4 = 0.091,3-24-21-20-4 = 0.236,8-30-34-16-7 = 0.4,7-37-14-29-4 = 0.2,7-17-28-10-9-4 = 0.6,7-28-15-9-4 = 0.2
