id,parent,cgLowerBound,FS,rdtCG,rdtFS,Child,Child
0,0,595.999,3.782,595.999,3.782,1,2,5-13-16-9-19-5 = 0.621,5-26-32-22-5 = 0.333,5-24-26-32-5 = 0.333,5-24-26-22-5 = 0.333,5-24-32-22-5 = 0.333,5-15-6-5 = 1.0,5-23-31-28-3 = 1.0,5-16-9-29-30-3 = 0.034,3-20-12-17-33-3 = 1.0,3-25-8-3 = 1.0,3-18-35-3 = 1.0,3-10-21-27-7-5 = 0.31,5-7-11-9-29-34-3 = 0.103,3-21-29-11-14-5 = 0.655,5-27-16-29-19-5 = 0.138,3-13-27-7-14-5 = 0.345,3-10-34-30-3 = 0.69,5-7-11-34-30-3 = 0.207,5-27-16-9-19-5 = 0.207,3-30-9-11-7-29-19-5 = 0.034,3-21-13-29-30-3 = 0.034
2,0,634.126,7.0,38.127,3.218,3,4,5-26-32-22-5 = 1.0,5-15-23-25-3 = 0.5,3-12-17-33-19-5 = 0.5,3-20-12-17-33-3 = 0.5,3-20-35-8-3 = 0.5,5-23-31-25-3 = 0.5,3-18-35-3 = 0.5,3-10-34-9-29-3 = 0.5,3-10-21-27-7-5 = 0.5,3-21-16-27-5 = 0.5,3-13-16-29-19-5 = 0.5,3-13-11-9-34-3 = 0.5,3-18-30-28-3 = 0.5,5-15-31-28-3 = 0.5,5-24-14-6-5 = 1.0,5-7-11-30-8-3 = 0.5
4,2,645.415,6.0,11.289,-1.0,5,6,5-26-32-22-5 = 1.0,3-12-17-33-19-5 = 0.125,3-20-12-17-33-3 = 0.667,3-20-35-8-3 = 0.333,5-23-31-25-3 = 0.667,3-30-9-7-33-3 = 0.125,3-18-35-3 = 0.458,3-10-16-11-5 = 0.125,3-10-34-9-29-3 = 0.375,3-10-21-27-7-5 = 0.5,3-21-16-27-5 = 0.292,3-21-27-29-11-19-5 = 0.167,3-13-16-29-19-5 = 0.083,3-13-11-29-34-3 = 0.333,3-13-7-33-19-5 = 0.083,3-13-16-9-19-5 = 0.5,3-18-23-28-3 = 0.333,5-15-31-28-3 = 0.333,5-24-14-6-5 = 1.0,3-12-18-35-3 = 0.208,3-21-34-11-7-5 = 0.042,3-30-34-7-17-3 = 0.208,5-27-7-29-34-19-5 = 0.042,5-15-30-8-3 = 0.667,5-11-25-28-3 = 0.25,3-11-25-28-3 = 0.083
5,4,650.033,8.0,4.618,2.0,7,8,3-25-6-5 = 0.333,5-26-32-22-5 = 0.75,3-12-17-33-19-3 = 0.25,3-20-12-17-33-3 = 0.5,3-20-35-8-3 = 0.5,5-23-31-25-3 = 0.5,3-30-9-7-33-3 = 0.25,3-18-35-3 = 0.25,3-10-16-11-3 = 0.333,3-10-34-9-29-3 = 0.583,3-10-21-27-7-5 = 0.083,3-21-16-27-5 = 0.167,3-21-27-11-29-19-5 = 0.167,3-13-16-29-19-3 = 0.25,3-13-27-7-14-5 = 0.333,3-13-11-9-34-3 = 0.083,3-18-23-28-3 = 0.5,3-13-16-9-19-3 = 0.083,5-15-31-28-3 = 0.5,5-24-14-6-5 = 0.667,5-24-7-32-22-5 = 0.083,3-12-18-35-3 = 0.25,3-21-30-25-3 = 0.167,3-30-34-7-17-3 = 0.083,3-13-27-24-26-5 = 0.25,5-15-30-8-3 = 0.5,3-21-16-17-3 = 0.167,3-21-34-11-19-3 = 0.25,3-11-7-32-22-5 = 0.167
8,5,655.118,8.154,5.085,0.154,9,10,3-25-6-5 = 0.385,5-26-32-22-5 = 0.462,3-12-17-33-19-3 = 0.5,3-20-12-17-33-3 = 0.385,3-20-35-8-3 = 0.615,5-23-31-25-3 = 0.615,3-30-34-14-5 = 0.154,3-18-35-3 = 0.269,3-10-16-11-3 = 0.115,3-10-34-9-29-3 = 0.615,3-21-27-16-3 = 0.538,3-21-29-11-14-5 = 0.385,5-13-7-33-19-3 = 0.115,3-10-34-30-3 = 0.231,3-18-23-28-3 = 0.385,3-13-16-9-19-3 = 0.346,3-18-30-28-3 = 0.231,5-15-6-17-3 = 0.115,5-15-31-28-3 = 0.385,5-24-14-6-5 = 0.115,5-24-7-32-22-5 = 0.538,3-12-18-35-3 = 0.115,5-7-11-30-8-3 = 0.077,3-13-27-24-26-5 = 0.346,5-15-30-8-3 = 0.308,3-10-21-27-19-3 = 0.038,3-11-14-6-5 = 0.308,5-15-13-7-26-5 = 0.192,5-27-11-7-6-5 = 0.077,3-21-11-9-14-5 = 0.038
10,8,656.649,8.667,1.532,0.513,11,12,3-25-6-5 = 0.444,5-26-32-22-5 = 0.556,3-12-17-33-19-3 = 0.333,3-20-12-17-33-3 = 0.444,3-20-35-8-3 = 0.556,5-23-31-25-3 = 0.333,3-30-34-14-5 = 0.444,3-30-9-19-33-3 = 0.222,3-18-35-3 = 0.222,3-10-16-11-3 = 0.444,3-10-34-9-29-3 = 0.556,3-21-16-27-5 = 0.111,3-21-27-16-3 = 0.333,3-21-27-11-29-19-3 = 0.222,3-21-27-11-9-19-3 = 0.111,5-13-27-7-14-5 = 0.111,3-13-16-29-19-3 = 0.111,3-23-31-25-3 = 0.222,3-18-23-28-3 = 0.444,3-18-30-28-3 = 0.111,5-15-6-17-3 = 0.111,5-15-31-28-3 = 0.444,5-24-14-6-5 = 0.444,5-24-7-32-22-5 = 0.444,3-12-18-35-3 = 0.222,5-7-11-30-8-3 = 0.111,3-21-13-8-3 = 0.222,3-13-27-24-26-5 = 0.111,5-15-30-8-3 = 0.111,5-15-13-7-26-5 = 0.333,3-13-11-9-29-17-3 = 0.111
11,10,657.75,7.0,1.101,-1.667,13,14,3-25-6-5 = 0.364,5-26-32-22-5 = 1.0,3-12-17-33-19-3 = 0.455,3-20-12-17-33-3 = 0.364,3-20-35-8-3 = 0.636,3-18-35-3 = 0.182,3-10-16-11-3 = 0.091,3-10-34-9-29-3 = 0.682,3-10-13-27-29-3 = 0.045,3-21-16-27-5 = 0.545,3-21-27-11-9-19-3 = 0.227,5-13-7-33-19-3 = 0.091,5-13-7-33-19-5 = 0.091,3-13-11-29-34-3 = 0.227,3-13-11-9-34-3 = 0.091,3-23-31-25-3 = 0.636,3-18-23-28-3 = 0.364,3-21-27-11-30-3 = 0.045,3-13-16-30-3 = 0.364,3-10-13-29-17-3 = 0.045,3-18-30-28-3 = 0.273,5-15-6-17-3 = 0.136,5-15-31-28-3 = 0.364,5-15-24-7-14-5 = 0.5,5-24-14-6-5 = 0.5,3-12-18-35-3 = 0.182,5-7-11-30-8-3 = 0.318,3-21-13-8-3 = 0.045,3-10-21-27-19-3 = 0.136
14,11,665.438,6.0,7.687,-1.0,15,16,3-25-6-5 = 0.25,5-26-32-22-5 = 1.0,3-12-17-33-19-3 = 0.75,3-20-12-17-33-3 = 0.25,3-20-35-8-3 = 0.75,3-18-35-3 = 0.25,3-10-16-11-3 = 0.25,3-10-34-9-29-3 = 0.5,3-21-16-27-5 = 0.25,3-21-27-16-3 = 0.25,3-23-31-25-3 = 0.75,3-18-23-28-3 = 0.25,3-21-27-11-30-3 = 0.25,3-18-30-28-3 = 0.5,5-15-24-7-14-5 = 0.25,5-24-14-6-5 = 0.75,3-10-31-28-3 = 0.25,3-11-34-8-3 = 0.25,5-15-13-29-30-3 = 0.25,3-21-34-11-19-3 = 0.25,5-15-13-27-7-5 = 0.25,5-15-13-7-9-29-3 = 0.25,5-13-16-9-7-5 = 0.25
15,14,668.399,4.8,2.962,-1.2,17,18,5-26-32-22-5 = 1.0,3-12-17-33-19-3 = 0.4,3-20-12-17-33-3 = 0.6,3-20-35-8-3 = 0.4,3-18-35-3 = 0.4,3-21-16-27-5 = 1.0,3-10-34-30-3 = 0.4,3-23-31-25-3 = 0.8,3-18-23-28-3 = 0.2,3-18-30-28-3 = 0.4,5-24-14-6-5 = 1.0,3-10-31-28-3 = 0.2,3-11-34-8-3 = 0.6,3-11-25-28-3 = 0.2,5-15-13-7-29-19-3 = 0.2,5-15-13-7-9-19-3 = 0.2,5-15-13-7-9-29-3 = 0.6,3-10-11-35-3 = 0.2,3-10-30-9-29-19-3 = 0.2
17,15,677.172,6.273,8.772,1.473,19,20,5-26-32-22-5 = 0.909,3-20-12-17-33-3 = 0.455,3-20-17-33-19-3 = 0.455,3-30-9-19-33-3 = 0.091,3-18-35-3 = 0.364,3-21-16-27-5 = 0.818,3-10-34-30-3 = 0.455,3-23-31-25-3 = 0.636,3-23-8-28-3 = 0.364,3-21-27-11-30-3 = 0.182,5-15-6-17-3 = 0.091,5-15-24-7-14-5 = 0.091,5-24-14-6-5 = 0.909,3-10-31-28-3 = 0.364,3-12-18-35-3 = 0.545,3-11-34-8-3 = 0.545,3-9-25-8-3 = 0.091,5-15-13-29-30-3 = 0.091,3-11-25-28-3 = 0.273,5-15-13-7-29-19-3 = 0.273,5-15-13-7-9-29-3 = 0.455,5-13-16-9-7-5 = 0.182,3-26-32-22-5 = 0.091,3-10-30-9-29-19-3 = 0.182,3-20-18-35-3 = 0.091
20,17,685.667,4.8,8.496,-1.473,21,22,5-26-32-22-5 = 1.0,3-30-9-19-33-3 = 0.5,3-30-29-19-33-3 = 0.1,3-18-35-3 = 0.3,3-10-34-9-29-3 = 0.3,3-21-16-27-5 = 1.0,3-10-34-30-3 = 0.2,3-23-31-25-3 = 0.6,3-23-8-28-3 = 0.3,5-24-14-6-5 = 1.0,3-10-31-28-3 = 0.4,3-12-18-35-3 = 0.4,3-11-34-8-3 = 0.5,3-11-25-28-3 = 0.3,5-15-13-7-17-3 = 1.0,3-20-25-8-3 = 0.1,3-20-18-35-3 = 0.3,3-10-23-8-3 = 0.1,3-20-12-29-19-33-3 = 0.4,3-20-12-9-11-29-30-3 = 0.2
21,20,687.596,4.5,1.928,-0.3,23,24,5-26-32-22-5 = 1.0,3-30-9-19-33-3 = 0.75,3-34-29-33-3 = 0.25,3-18-35-3 = 0.25,3-21-16-27-5 = 1.0,3-23-31-25-3 = 0.5,3-23-8-28-3 = 0.25,3-20-12-29-11-34-3 = 0.5,5-24-14-6-5 = 1.0,3-10-31-28-3 = 0.5,3-12-18-35-3 = 0.5,3-11-34-8-3 = 0.25,3-11-25-28-3 = 0.25,5-15-13-7-17-3 = 1.0,3-10-30-9-29-19-3 = 0.25,3-20-25-8-3 = 0.25,3-20-18-35-3 = 0.25,3-10-23-8-3 = 0.25
24,21,698.727,4.333,11.131,-0.167,25,26,5-26-32-22-5 = 1.0,3-30-34-9-11-3 = 0.333,3-30-9-19-33-3 = 0.667,3-34-29-33-3 = 0.333,3-21-16-27-5 = 0.333,5-24-14-6-5 = 1.0,3-10-31-28-3 = 1.0,3-12-18-35-3 = 0.667,3-11-34-8-3 = 0.333,5-15-13-7-17-3 = 1.0,3-16-27-29-19-5 = 0.333,3-27-11-29-8-3 = 0.333,3-21-16-23-5 = 0.333,3-20-25-8-3 = 0.333,3-20-18-35-3 = 0.333,3-20-12-23-25-3 = 0.333,3-21-23-25-3 = 0.333
26,24,701.112,3.0,2.385,-1.333,27,28,5-26-32-22-5 = 1.0,3-30-9-19-33-3 = 1.0,5-24-14-6-5 = 1.0,3-10-31-28-3 = 1.0,3-12-18-35-3 = 0.5,3-11-34-8-3 = 0.5,5-15-13-7-17-3 = 1.0,3-16-29-34-5 = 0.5,3-20-12-16-27-5 = 0.5,3-27-11-29-8-3 = 0.5,3-20-18-35-3 = 0.5,3-21-23-25-3 = 1.0
27,26,703.886,0.0,2.773,-3.0,Integer,,5-26-32-22-5 = 1.0,3-30-9-19-33-3 = 1.0,3-18-29-35-3 = 1.0,5-24-14-6-5 = 1.0,3-10-31-28-3 = 1.0,3-11-34-8-3 = 1.0,5-15-13-7-17-3 = 1.0,3-20-12-16-27-5 = 1.0,3-21-23-25-3 = 1.0
28,26,703.103,0.0,1.991,-3.0,Integer,,5-26-32-22-5 = 1.0,3-30-9-19-33-3 = 1.0,5-24-14-6-5 = 1.0,3-10-31-28-3 = 1.0,3-12-18-35-3 = 1.0,3-11-34-8-3 = 1.0,5-15-13-7-17-3 = 1.0,3-20-27-16-29-5 = 1.0,3-21-23-25-3 = 1.0
1,0,597.341,4.965,1.342,1.183,29,30,3-18-3 = 0.298,3-35-3 = 0.259,5-13-16-9-19-5 = 0.461,5-26-32-22-5 = 0.333,5-24-26-32-5 = 0.333,5-24-26-22-5 = 0.333,5-24-32-22-5 = 0.333,5-15-6-5 = 1.0,5-23-31-28-3 = 1.0,3-20-12-35-3 = 0.039,3-20-12-17-33-3 = 0.961,3-25-8-3 = 1.0,3-30-9-7-33-3 = 0.039,3-18-35-3 = 0.702,3-10-21-27-7-5 = 0.303,5-7-11-9-29-34-3 = 0.105,3-21-29-11-14-5 = 0.658,5-13-16-29-19-5 = 0.171,5-13-27-7-14-5 = 0.013,3-13-27-7-14-5 = 0.329,3-10-34-30-3 = 0.697,5-7-11-34-30-3 = 0.197,5-27-16-9-19-5 = 0.355,3-21-16-7-19-5 = 0.013,3-21-13-29-30-3 = 0.026,3-30-9-11-29-17-3 = 0.039
29,1,597.48,4.965,0.14,0.0,31,32,3-18-3 = 0.298,3-35-3 = 0.259,5-26-32-22-5 = 0.333,5-24-26-32-5 = 0.333,5-24-26-22-5 = 0.333,5-24-32-22-5 = 0.333,5-15-6-5 = 1.0,5-23-31-28-3 = 1.0,3-20-12-35-3 = 0.039,3-20-12-17-33-3 = 0.961,3-25-8-3 = 1.0,3-30-9-7-33-3 = 0.039,3-18-35-3 = 0.702,3-10-21-27-7-5 = 0.303,5-7-11-9-29-34-3 = 0.105,3-21-29-11-14-5 = 0.658,5-13-27-7-14-5 = 0.009,5-27-16-9-19-3 = 0.355,3-13-16-29-19-3 = 0.171,3-13-27-7-14-5 = 0.333,3-10-34-30-3 = 0.697,5-7-11-34-30-3 = 0.197,3-13-16-9-19-5 = 0.364,3-21-13-29-30-3 = 0.026,3-21-16-7-19-3 = 0.013,3-13-16-9-19-3 = 0.096,3-30-9-11-29-17-3 = 0.039
32,29,598.01,5.237,0.53,0.272,33,34,3-18-3 = 0.28,3-35-3 = 0.258,5-26-32-22-5 = 0.333,5-24-26-32-5 = 0.333,5-24-26-22-5 = 0.333,5-24-32-22-5 = 0.333,5-15-6-5 = 1.0,5-23-31-28-3 = 1.0,5-16-9-34-3 = 0.022,3-20-12-35-3 = 0.022,3-20-12-17-33-3 = 0.978,5-16-11-9-19-3 = 0.118,3-25-8-3 = 1.0,3-30-9-7-33-3 = 0.022,3-18-35-3 = 0.72,3-10-16-11-3 = 0.247,3-34-9-29-11-19-3 = 0.086,5-7-11-9-29-34-3 = 0.14,3-21-29-11-14-5 = 0.387,3-13-27-7-14-5 = 0.613,3-10-34-30-3 = 0.57,3-10-34-9-19-5 = 0.183,5-27-16-9-19-5 = 0.387,3-21-16-7-19-5 = 0.097,3-21-13-29-30-3 = 0.366,3-21-16-7-19-3 = 0.129,3-30-9-11-29-17-3 = 0.022,3-21-13-9-30-3 = 0.022
33,32,598.175,5.527,0.164,0.29,35,36,3-18-3 = 0.28,3-35-3 = 0.28,5-26-32-22-5 = 0.333,5-24-26-32-5 = 0.333,5-24-26-22-5 = 0.333,5-24-32-22-5 = 0.333,5-15-6-5 = 1.0,5-23-31-28-3 = 1.0,5-16-9-29-30-3 = 0.097,3-20-12-17-33-3 = 1.0,3-25-8-3 = 1.0,3-18-35-3 = 0.72,3-10-16-11-3 = 0.29,3-10-34-9-29-3 = 0.065,3-34-9-29-11-19-3 = 0.258,3-21-11-7-14-5 = 0.226,3-21-29-11-14-5 = 0.194,5-13-27-7-14-5 = 0.151,3-13-27-7-14-5 = 0.43,3-13-11-9-34-3 = 0.032,3-10-34-30-3 = 0.516,3-10-34-9-19-5 = 0.129,5-27-16-9-19-5 = 0.419,3-21-16-7-19-5 = 0.118,3-21-13-29-30-3 = 0.387,3-21-16-7-19-3 = 0.075
35,33,598.175,5.527,0.0,0.0,37,38,3-18-3 = 0.28,3-35-3 = 0.28,5-26-32-22-5 = 0.333,5-24-26-32-5 = 0.333,5-24-26-22-5 = 0.333,5-24-32-22-5 = 0.333,5-15-6-5 = 1.0,5-23-31-28-3 = 1.0,5-16-9-29-30-3 = 0.097,3-20-12-17-33-3 = 1.0,3-25-8-3 = 1.0,3-18-35-3 = 0.72,3-10-16-11-3 = 0.29,3-10-34-9-29-3 = 0.054,3-34-9-29-11-19-5 = 0.258,3-21-11-7-14-5 = 0.226,3-21-29-11-14-5 = 0.194,5-13-27-7-14-5 = 0.151,5-27-16-9-29-3 = 0.011,3-13-27-7-14-5 = 0.43,3-13-11-9-34-3 = 0.032,3-10-34-30-3 = 0.516,3-10-34-9-19-3 = 0.14,5-27-16-9-19-5 = 0.409,3-21-13-29-30-3 = 0.387,3-21-16-7-19-3 = 0.194
37,35,598.402,4.667,0.227,-0.86,39,40,3-18-3 = 0.26,3-35-3 = 0.25,5-26-32-22-5 = 0.333,5-24-26-32-5 = 0.333,5-24-26-22-5 = 0.333,5-24-32-22-5 = 0.333,5-15-6-5 = 1.0,5-23-31-28-3 = 1.0,5-16-11-9-29-3 = 0.052,3-20-12-35-3 = 0.01,3-20-12-17-33-3 = 0.99,5-16-11-9-19-3 = 0.312,3-25-8-3 = 1.0,3-30-9-7-33-3 = 0.01,3-18-35-3 = 0.74,3-10-34-9-29-3 = 0.292,3-21-16-11-3 = 0.073,3-21-27-11-29-19-5 = 0.104,3-21-27-11-9-19-3 = 0.021,3-21-29-11-14-5 = 0.271,3-13-27-7-14-5 = 0.729,3-10-34-30-3 = 0.708,5-27-16-9-19-5 = 0.146,3-21-16-7-19-5 = 0.26,3-21-13-29-30-3 = 0.271,3-30-9-11-29-17-3 = 0.01,5-16-11-9-19-5 = 0.156
30,1,598.235,5.25,0.895,0.285,41,42,3-18-3 = 0.292,3-35-3 = 0.292,5-13-16-9-19-5 = 0.625,5-26-32-22-5 = 0.333,5-24-26-32-5 = 0.333,5-24-26-22-5 = 0.333,5-24-32-22-5 = 0.333,5-15-6-5 = 1.0,5-23-31-28-3 = 1.0,5-16-9-29-30-3 = 0.125,3-20-12-17-33-3 = 0.792,3-20-12-17-33-5 = 0.208,3-25-8-3 = 1.0,3-30-34-11-7-5 = 0.083,3-18-35-3 = 0.708,3-10-21-27-7-5 = 0.375,3-21-29-11-14-5 = 0.625,5-13-27-7-14-5 = 0.375,5-27-16-29-19-5 = 0.125,3-10-34-30-3 = 0.625,5-7-11-34-30-3 = 0.167,5-27-16-9-19-5 = 0.125,5-9-34-29-11-19-5 = 0.125
42,30,598.392,4.917,0.156,-0.333,43,44,3-18-3 = 0.292,3-35-3 = 0.292,5-13-16-9-19-5 = 0.625,5-26-32-22-5 = 0.333,5-24-26-32-5 = 0.333,5-24-26-22-5 = 0.333,5-24-32-22-5 = 0.333,5-15-6-5 = 1.0,5-23-31-28-3 = 1.0,5-10-21-27-7-5 = 0.292,5-16-9-29-30-3 = 0.125,3-20-12-17-33-3 = 0.958,3-20-12-17-33-5 = 0.042,3-25-8-3 = 1.0,3-30-34-11-7-5 = 0.25,3-18-35-3 = 0.708,3-10-21-27-7-5 = 0.083,3-34-9-29-11-19-5 = 0.125,3-21-29-11-14-5 = 0.625,5-13-27-7-14-5 = 0.375,5-27-16-29-19-5 = 0.125,3-10-34-30-3 = 0.625,5-27-16-9-19-5 = 0.125
39,37,598.723,5.458,0.321,0.792,45,46,3-18-3 = 0.271,3-35-3 = 0.271,5-26-32-22-5 = 0.333,5-24-26-32-5 = 0.333,5-24-26-22-5 = 0.333,5-24-32-22-5 = 0.333,5-15-6-5 = 1.0,5-23-31-28-3 = 1.0,5-16-9-29-30-3 = 0.062,3-20-12-17-33-3 = 1.0,3-25-8-3 = 1.0,3-18-35-3 = 0.729,3-10-34-9-29-3 = 0.125,3-21-16-11-3 = 0.271,3-21-29-11-14-5 = 0.396,5-13-27-7-14-5 = 0.208,5-27-16-29-19-5 = 0.25,3-13-27-7-14-5 = 0.396,3-10-34-30-3 = 0.542,3-10-34-9-19-3 = 0.333,5-27-16-9-19-5 = 0.146,3-21-16-7-19-5 = 0.167,3-21-13-29-30-3 = 0.167,3-13-7-11-9-30-3 = 0.229,3-16-11-9-19-5 = 0.104
46,39,598.918,5.048,0.195,-0.411,47,48,3-18-3 = 0.238,3-35-3 = 0.238,5-26-32-22-5 = 0.333,5-24-26-32-5 = 0.333,5-24-26-22-5 = 0.333,5-24-32-22-5 = 0.333,5-15-6-5 = 1.0,5-23-31-28-3 = 1.0,5-16-9-29-30-3 = 0.286,3-20-12-17-33-3 = 1.0,3-25-8-3 = 1.0,3-18-35-3 = 0.762,3-21-16-11-3 = 0.071,3-21-13-27-7-5 = 0.357,3-21-29-11-14-5 = 0.429,5-27-16-29-19-3 = 0.071,3-13-27-7-14-5 = 0.571,3-10-34-30-3 = 0.643,3-10-34-9-19-3 = 0.357,3-21-13-29-30-3 = 0.071,3-21-16-7-19-3 = 0.071,3-16-11-29-19-3 = 0.143,3-16-11-9-19-3 = 0.357
31,29,599.071,4.958,1.591,-0.007,49,50,3-18-3 = 0.292,3-35-3 = 0.292,5-26-32-22-5 = 0.333,5-24-26-32-5 = 0.333,5-24-26-22-5 = 0.333,5-24-32-22-5 = 0.333,5-15-6-5 = 1.0,5-23-31-28-3 = 1.0,3-20-12-17-33-3 = 1.0,3-25-8-3 = 1.0,3-30-34-14-5 = 0.375,3-18-35-3 = 0.708,3-10-21-27-7-5 = 0.594,5-7-11-9-29-34-3 = 0.125,3-21-29-11-14-5 = 0.406,5-13-16-29-19-5 = 0.073,5-27-11-7-14-5 = 0.219,5-27-11-29-34-3 = 0.031,5-27-11-9-29-30-3 = 0.156,3-13-16-29-19-3 = 0.208,3-10-34-30-3 = 0.406,5-7-11-34-30-3 = 0.062,3-13-16-9-19-3 = 0.719
48,46,599.091,5.0,0.174,-0.048,51,52,3-18-3 = 0.333,5-26-32-22-5 = 0.333,5-24-26-32-5 = 0.333,5-24-26-22-5 = 0.333,5-24-32-22-5 = 0.333,5-15-6-5 = 1.0,5-23-31-28-3 = 1.0,5-16-9-29-17-3 = 0.333,3-20-12-35-3 = 0.333,3-20-12-17-33-3 = 0.667,3-25-8-3 = 1.0,3-18-35-3 = 0.667,3-21-13-27-7-5 = 0.333,3-21-29-11-14-5 = 0.667,5-27-16-9-19-3 = 0.333,3-13-27-7-14-5 = 0.333,3-13-7-33-19-5 = 0.333,3-10-34-30-3 = 1.0,3-16-11-9-19-3 = 0.333
45,39,599.182,4.974,0.459,-0.484,53,54,3-18-3 = 0.256,3-35-3 = 0.256,5-26-32-22-5 = 0.333,5-24-26-32-5 = 0.333,5-24-26-22-5 = 0.333,5-24-32-22-5 = 0.333,5-15-6-5 = 1.0,5-23-31-28-3 = 1.0,3-20-12-17-33-3 = 1.0,3-25-8-3 = 1.0,3-18-35-3 = 0.744,3-21-13-11-29-3 = 0.103,3-21-29-11-14-5 = 0.41,3-13-27-11-9-29-3 = 0.256,3-13-27-11-9-19-3 = 0.103,3-13-27-7-11-29-3 = 0.051,3-13-27-7-14-5 = 0.256,3-10-34-30-3 = 0.769,3-10-34-9-19-3 = 0.231,5-27-16-9-19-5 = 0.333,3-21-16-7-19-5 = 0.308,3-21-13-29-30-3 = 0.179,3-13-7-11-9-30-3 = 0.051,3-16-11-9-19-5 = 0.026,5-16-7-14-5 = 0.333
41,30,599.132,5.533,0.897,0.283,55,56,3-18-3 = 0.267,3-35-3 = 0.267,5-13-16-9-19-5 = 0.333,5-26-32-22-5 = 0.333,5-24-26-32-5 = 0.333,5-24-26-22-5 = 0.333,5-24-32-22-5 = 0.333,5-15-6-5 = 1.0,5-23-31-28-3 = 1.0,3-20-12-17-33-3 = 1.0,3-25-8-3 = 1.0,3-18-35-3 = 0.733,3-10-21-27-7-5 = 0.2,5-7-11-9-29-34-3 = 0.2,3-21-16-27-5 = 0.267,3-21-13-27-7-5 = 0.2,5-13-27-7-14-5 = 0.2,5-21-29-11-14-5 = 0.333,3-13-16-29-19-5 = 0.2,3-10-34-30-3 = 0.333,5-7-11-34-30-3 = 0.2,5-27-16-9-19-5 = 0.133,3-13-16-9-19-5 = 0.067,3-10-30-14-5 = 0.467,5-9-34-29-11-19-5 = 0.267
55,41,599.163,5.429,0.03,-0.105,57,58,3-18-3 = 0.238,3-35-3 = 0.238,5-13-16-9-19-5 = 0.333,5-26-32-22-5 = 0.333,5-24-26-32-5 = 0.333,5-24-26-22-5 = 0.333,5-24-32-22-5 = 0.333,5-15-6-5 = 1.0,5-23-31-28-3 = 1.0,3-20-12-17-33-3 = 1.0,3-25-8-3 = 1.0,3-18-35-3 = 0.762,5-7-11-9-29-34-3 = 0.286,3-21-16-27-5 = 0.238,3-21-13-27-7-5 = 0.429,5-13-27-7-14-5 = 0.143,5-27-16-29-19-5 = 0.19,5-21-29-11-14-5 = 0.333,3-13-16-29-19-5 = 0.095,3-10-34-30-3 = 0.476,3-10-30-14-5 = 0.524,5-9-34-29-11-19-5 = 0.095,5-7-11-34-9-19-5 = 0.143,5-16-11-9-19-5 = 0.143
53,45,599.222,5.111,0.04,0.137,59,60,3-18-3 = 0.222,3-35-3 = 0.222,5-26-32-22-5 = 0.333,5-24-26-32-5 = 0.333,5-24-26-22-5 = 0.333,5-24-32-22-5 = 0.333,5-15-6-5 = 1.0,5-23-31-28-3 = 1.0,3-20-12-17-33-3 = 1.0,3-25-8-3 = 1.0,3-18-35-3 = 0.778,3-21-13-11-29-3 = 0.222,3-21-27-7-11-29-3 = 0.222,3-21-29-11-14-5 = 0.222,3-13-27-7-14-5 = 0.444,3-10-34-30-3 = 0.667,3-10-34-9-19-3 = 0.333,5-27-16-9-19-5 = 0.333,3-21-13-29-30-3 = 0.333,3-16-11-9-19-5 = 0.333,5-16-7-14-5 = 0.333
57,55,599.475,4.867,0.312,-0.562,61,62,3-18-3 = 0.267,3-35-3 = 0.167,5-26-32-22-5 = 0.333,5-24-26-32-5 = 0.333,5-24-26-22-5 = 0.333,5-24-32-22-5 = 0.333,5-15-6-5 = 1.0,5-23-31-28-3 = 1.0,3-12-17-33-19-5 = 0.1,3-20-12-35-3 = 0.1,3-20-12-17-33-3 = 0.733,3-20-12-17-33-5 = 0.067,3-20-17-33-19-5 = 0.1,3-25-8-3 = 1.0,3-18-35-3 = 0.733,5-7-11-9-29-14-5 = 0.2,3-21-13-27-7-5 = 0.4,5-13-27-7-14-5 = 0.067,5-21-29-11-14-5 = 0.6,3-13-27-7-14-5 = 0.133,3-10-34-30-3 = 1.0,5-27-16-9-19-5 = 0.4,3-13-16-9-19-5 = 0.2,5-13-16-9-7-5 = 0.2,5-16-11-29-19-5 = 0.2
44,42,599.38,5.509,0.989,0.592,63,64,3-18-3 = 0.263,3-35-3 = 0.263,5-26-32-22-5 = 0.333,5-24-26-32-5 = 0.333,5-24-26-22-5 = 0.333,5-24-32-22-5 = 0.333,5-15-6-5 = 1.0,5-23-31-28-3 = 1.0,5-16-9-34-3 = 0.018,5-16-9-29-30-3 = 0.088,3-20-12-17-33-3 = 1.0,3-25-8-3 = 1.0,3-30-34-11-7-5 = 0.281,5-21-13-27-7-5 = 0.088,3-18-35-3 = 0.737,3-10-16-11-5 = 0.298,3-21-29-11-14-5 = 0.421,5-13-27-7-14-5 = 0.474,5-27-16-29-19-5 = 0.053,3-10-34-30-3 = 0.193,3-10-34-9-19-5 = 0.509,5-27-16-9-19-5 = 0.386,3-21-16-7-19-5 = 0.035,5-21-13-29-30-3 = 0.439,5-16-7-14-5 = 0.105,5-21-16-7-19-5 = 0.018
36,33,599.537,5.526,1.362,-0.001,65,66,3-18-3 = 0.263,3-35-3 = 0.263,5-26-32-22-5 = 0.333,5-24-26-32-5 = 0.333,5-24-26-22-5 = 0.333,5-24-32-22-5 = 0.333,5-15-6-5 = 1.0,5-23-31-28-3 = 1.0,5-16-9-29-30-3 = 0.088,3-20-12-17-33-3 = 1.0,3-25-8-3 = 1.0,3-30-34-11-29-3 = 0.298,3-18-35-3 = 0.737,3-10-16-11-5 = 0.053,3-10-21-27-7-5 = 0.07,3-10-13-27-7-5 = 0.053,3-34-9-29-11-19-3 = 0.211,3-21-16-11-3 = 0.439,5-13-27-7-14-5 = 0.368,5-27-16-9-29-3 = 0.123,5-27-16-9-19-3 = 0.088,3-13-27-7-14-5 = 0.298,3-10-34-9-19-5 = 0.491,3-21-13-29-30-3 = 0.281,3-21-16-7-19-3 = 0.211,3-10-30-14-5 = 0.333
63,44,599.643,5.218,0.263,-0.291,67,68,3-18-3 = 0.261,3-35-3 = 0.261,5-26-32-22-5 = 0.333,5-24-26-32-5 = 0.333,5-24-26-22-5 = 0.333,5-24-32-22-5 = 0.333,5-15-6-5 = 1.0,5-23-31-28-3 = 1.0,5-16-9-34-3 = 0.048,5-16-9-29-30-3 = 0.018,3-20-12-17-33-3 = 1.0,3-25-8-3 = 1.0,3-30-34-11-7-5 = 0.309,3-18-35-3 = 0.739,3-10-16-11-5 = 0.297,3-10-21-27-7-5 = 0.061,3-21-11-7-14-5 = 0.024,3-21-29-11-14-5 = 0.37,5-13-27-7-14-5 = 0.455,5-27-16-29-19-5 = 0.067,3-10-34-9-19-5 = 0.642,5-27-16-9-19-5 = 0.291,3-21-13-29-30-3 = 0.036,5-21-13-29-30-3 = 0.509,5-27-16-30-3 = 0.127,5-16-7-14-5 = 0.152
56,41,599.609,5.593,0.477,0.059,69,70,3-18-3 = 0.296,3-35-3 = 0.296,5-26-32-22-5 = 0.333,5-24-26-32-5 = 0.333,5-24-26-22-5 = 0.333,5-24-32-22-5 = 0.333,5-15-6-5 = 1.0,5-10-16-11-5 = 0.222,5-23-31-28-3 = 1.0,5-16-9-29-30-3 = 0.111,3-20-12-17-33-3 = 1.0,3-25-8-3 = 1.0,3-30-34-14-5 = 0.296,3-18-35-3 = 0.704,3-10-21-27-7-5 = 0.37,3-21-16-27-5 = 0.074,5-13-16-29-19-5 = 0.111,5-13-27-7-14-5 = 0.333,5-27-16-29-19-5 = 0.111,5-27-11-9-29-30-3 = 0.111,5-21-29-11-14-5 = 0.37,3-10-34-9-19-5 = 0.407,5-7-11-34-30-3 = 0.296,3-13-16-9-19-5 = 0.37,3-21-13-29-30-3 = 0.185
50,31,599.646,5.583,0.575,0.625,71,72,3-18-3 = 0.292,3-35-3 = 0.292,5-13-16-9-19-3 = 0.167,5-26-32-22-5 = 0.333,5-24-26-32-5 = 0.333,5-24-26-22-5 = 0.333,5-24-32-22-5 = 0.333,5-15-6-5 = 1.0,5-23-31-28-3 = 1.0,3-20-12-17-33-3 = 1.0,3-25-8-3 = 1.0,3-30-34-14-5 = 0.375,3-18-35-3 = 0.708,3-10-21-27-7-5 = 0.5,5-7-11-9-29-34-3 = 0.375,3-21-27-11-29-19-3 = 0.229,3-21-27-11-9-19-5 = 0.021,3-21-29-11-14-5 = 0.25,3-13-16-29-19-5 = 0.146,3-10-34-30-3 = 0.125,5-7-11-34-30-3 = 0.125,3-13-16-9-19-3 = 0.438,3-10-30-14-5 = 0.375,3-13-27-16-3 = 0.25
72,50,599.845,5.417,0.198,-0.167,73,74,3-18-3 = 0.292,3-35-3 = 0.292,5-26-32-22-5 = 0.333,5-24-26-32-5 = 0.333,5-24-26-22-5 = 0.333,5-24-32-22-5 = 0.333,5-15-6-5 = 1.0,5-23-31-28-3 = 1.0,3-20-12-17-33-3 = 1.0,3-25-8-3 = 1.0,3-30-34-11-29-3 = 0.125,3-30-34-14-5 = 0.375,3-18-35-3 = 0.708,3-10-21-27-7-5 = 0.562,5-7-11-9-29-34-3 = 0.312,3-21-27-11-29-19-3 = 0.083,3-21-27-11-9-19-3 = 0.062,3-21-27-11-9-19-5 = 0.042,3-21-29-11-14-5 = 0.25,5-13-16-29-19-3 = 0.229,3-10-34-9-19-5 = 0.062,5-7-11-34-30-3 = 0.125,3-13-16-9-19-3 = 0.521,3-10-30-14-5 = 0.375,3-13-27-16-3 = 0.25
64,44,599.914,5.0,0.534,-0.509,75,76,3-18-3 = 0.333,5-26-32-22-5 = 0.333,5-24-26-32-5 = 0.333,5-24-26-22-5 = 0.333,5-24-32-22-5 = 0.333,5-15-6-5 = 1.0,5-23-31-28-3 = 1.0,5-16-9-29-17-3 = 0.333,3-20-12-35-3 = 0.333,3-20-12-17-33-3 = 0.333,3-20-12-17-33-5 = 0.333,3-25-8-3 = 1.0,3-18-35-3 = 0.667,3-21-29-11-14-5 = 0.667,5-13-27-7-14-5 = 0.333,5-13-7-33-19-5 = 0.333,3-10-34-30-3 = 1.0,5-27-16-9-19-5 = 0.667,3-21-13-11-7-5 = 0.333
54,45,599.815,5.333,0.633,0.359,77,78,3-18-3 = 0.238,3-35-3 = 0.238,5-26-32-22-5 = 0.333,5-24-26-32-5 = 0.333,5-24-26-22-5 = 0.333,5-24-32-22-5 = 0.333,5-15-6-5 = 1.0,5-23-31-28-3 = 1.0,3-20-12-17-33-3 = 1.0,3-25-8-3 = 1.0,3-18-35-3 = 0.762,3-10-34-9-29-3 = 0.286,3-21-27-11-9-19-3 = 0.095,3-21-11-7-14-5 = 0.333,5-27-16-29-19-5 = 0.286,3-13-27-7-14-5 = 0.333,3-10-34-30-3 = 0.571,3-10-34-9-19-3 = 0.143,5-27-16-9-19-5 = 0.048,3-16-11-29-19-5 = 0.19,3-21-16-11-5 = 0.143,3-21-13-9-30-3 = 0.429,5-16-7-14-5 = 0.333,3-13-27-11-29-19-3 = 0.238
43,42,599.765,5.533,1.374,0.617,79,80,3-18-3 = 0.35,3-35-3 = 0.117,5-13-16-27-5 = 0.367,5-13-16-9-19-5 = 0.583,5-26-32-22-5 = 0.333,5-24-26-32-5 = 0.333,5-24-26-22-5 = 0.333,5-24-32-22-5 = 0.333,5-15-6-5 = 1.0,5-23-31-28-3 = 1.0,5-10-21-27-7-5 = 0.117,3-20-12-35-3 = 0.233,3-20-12-17-33-3 = 0.767,3-25-8-3 = 1.0,3-30-34-11-7-5 = 0.033,3-18-35-3 = 0.65,3-10-21-27-7-5 = 0.15,3-21-11-7-14-5 = 0.15,3-21-29-11-14-5 = 0.583,5-13-16-29-19-5 = 0.05,5-27-7-33-19-5 = 0.233,3-10-34-30-3 = 0.65,3-10-30-14-5 = 0.083,3-30-9-11-29-17-3 = 0.233,5-27-7-29-34-19-5 = 0.133,5-7-9-34-14-5 = 0.183
52,48,599.722,6.424,0.63,1.424,81,82,3-18-3 = 0.364,5-26-32-22-5 = 0.333,5-24-26-32-5 = 0.333,5-24-26-22-5 = 0.333,5-24-32-22-5 = 0.333,5-15-6-5 = 1.0,5-23-31-28-3 = 1.0,5-16-7-9-30-3 = 0.121,3-12-17-33-19-5 = 0.242,5-16-9-7-17-3 = 0.03,3-20-12-35-3 = 0.364,3-20-12-17-33-3 = 0.394,3-20-17-33-19-5 = 0.242,3-25-8-3 = 1.0,3-18-35-3 = 0.636,3-10-34-9-29-3 = 0.364,3-21-16-11-3 = 0.515,3-21-29-11-14-5 = 0.333,5-13-27-7-14-5 = 0.182,5-27-16-9-19-3 = 0.333,3-13-27-7-14-5 = 0.485,3-13-7-33-19-5 = 0.121,3-10-34-30-3 = 0.636,3-21-13-29-30-3 = 0.152,3-30-9-11-29-17-3 = 0.091,3-13-7-11-9-29-19-5 = 0.061
81,52,599.783,6.091,0.061,-0.333,83,84,3-18-3 = 0.364,5-26-32-22-5 = 0.333,5-24-26-32-5 = 0.333,5-24-26-22-5 = 0.333,5-24-32-22-5 = 0.333,5-15-6-5 = 1.0,5-23-31-28-3 = 1.0,3-12-17-33-19-5 = 0.091,5-16-9-7-17-3 = 0.182,3-20-12-35-3 = 0.364,3-20-12-17-33-3 = 0.409,3-20-12-17-33-5 = 0.136,3-20-17-33-19-5 = 0.091,3-25-8-3 = 1.0,3-18-35-3 = 0.636,3-10-34-9-29-3 = 0.197,3-21-16-11-3 = 0.333,3-21-13-27-7-5 = 0.015,3-21-29-11-14-5 = 0.515,5-27-16-9-19-3 = 0.485,3-13-27-11-29-19-5 = 0.015,3-13-27-7-14-5 = 0.485,3-13-7-33-19-5 = 0.273,3-10-34-30-3 = 0.803,3-21-13-29-30-3 = 0.136,3-30-9-11-29-17-3 = 0.061,3-13-11-9-29-17-3 = 0.03,3-13-7-11-9-29-19-5 = 0.045
62,57,599.997,4.667,0.522,-0.2,85,86,3-18-3 = 0.333,3-35-3 = 0.167,5-26-32-22-5 = 0.333,5-24-26-32-5 = 0.333,5-24-26-22-5 = 0.333,5-24-32-22-5 = 0.333,5-15-6-5 = 1.0,5-23-31-28-3 = 1.0,3-12-17-33-19-5 = 0.167,3-20-12-35-3 = 0.167,3-20-12-17-33-3 = 0.667,3-20-17-33-19-5 = 0.167,3-25-8-3 = 1.0,3-18-35-3 = 0.667,5-13-27-7-14-5 = 0.333,5-27-16-29-19-5 = 0.333,5-21-29-11-14-5 = 0.667,3-10-34-30-3 = 1.0,3-13-16-9-7-5 = 0.667,5-21-27-11-9-19-5 = 0.333
60,53,599.987,5.111,0.765,-0.0,87,88,3-18-3 = 0.222,3-35-3 = 0.222,5-26-32-22-5 = 0.333,5-24-26-32-5 = 0.333,5-24-26-22-5 = 0.333,5-24-32-22-5 = 0.333,5-15-6-5 = 1.0,5-23-31-28-3 = 1.0,3-20-12-17-33-3 = 1.0,3-25-8-3 = 1.0,3-18-35-3 = 0.778,3-21-13-27-29-3 = 0.222,3-21-27-7-11-29-3 = 0.222,3-21-29-11-14-5 = 0.222,3-13-27-11-9-19-3 = 0.167,3-13-27-7-14-5 = 0.278,3-10-34-30-3 = 0.667,3-10-34-9-19-3 = 0.333,3-21-13-29-30-3 = 0.333,3-16-11-9-19-5 = 0.389,3-16-27-9-19-5 = 0.111,5-16-7-14-5 = 0.5
70,56,600.009,5.492,0.4,-0.101,89,90,3-18-3 = 0.27,3-35-3 = 0.27,5-26-32-22-5 = 0.333,5-24-26-32-5 = 0.333,5-24-26-22-5 = 0.333,5-24-32-22-5 = 0.333,5-15-6-5 = 1.0,5-10-16-11-5 = 0.254,5-23-31-28-3 = 1.0,5-16-11-30-3 = 0.095,5-16-9-29-30-3 = 0.19,3-20-12-17-33-3 = 1.0,3-25-8-3 = 1.0,3-30-34-14-5 = 0.27,3-18-35-3 = 0.73,3-10-21-27-7-5 = 0.222,3-21-16-27-5 = 0.19,5-13-27-7-14-5 = 0.476,5-27-11-9-29-30-3 = 0.016,5-21-29-11-14-5 = 0.159,3-13-27-7-14-5 = 0.095,3-10-34-9-19-5 = 0.524,3-21-13-29-30-3 = 0.429,5-7-11-34-9-19-5 = 0.206,5-16-11-29-19-5 = 0.206,5-16-11-9-19-5 = 0.063
66,36,600.016,5.484,0.479,-0.042,91,92,3-18-3 = 0.28,3-35-3 = 0.28,5-26-32-22-5 = 0.333,5-24-26-32-5 = 0.333,5-24-26-22-5 = 0.333,5-24-32-22-5 = 0.333,5-15-6-5 = 1.0,5-23-31-28-3 = 1.0,3-20-12-17-33-3 = 1.0,3-25-8-3 = 1.0,3-30-34-11-19-3 = 0.022,3-30-34-14-5 = 0.183,3-16-9-34-3 = 0.194,3-18-35-3 = 0.72,3-10-16-11-5 = 0.366,3-10-21-27-7-5 = 0.301,3-34-9-29-11-19-3 = 0.538,3-21-16-11-3 = 0.011,5-13-27-7-14-5 = 0.452,5-27-16-9-19-3 = 0.215,3-13-27-7-14-5 = 0.032,3-13-11-9-34-3 = 0.054,3-21-13-29-30-3 = 0.462,3-21-16-7-19-3 = 0.215,3-10-30-14-5 = 0.333,3-21-34-11-19-3 = 0.011
86,62,599.957,5.0,-0.039,0.333,93,94,3-18-3 = 0.333,3-35-3 = 0.167,5-26-32-22-5 = 0.333,5-24-26-32-5 = 0.333,5-24-26-22-5 = 0.333,5-24-32-22-5 = 0.333,5-15-6-5 = 1.0,5-23-31-28-3 = 1.0,3-12-17-33-19-5 = 0.167,3-20-12-35-3 = 0.167,3-20-12-17-33-3 = 0.667,3-20-17-33-19-5 = 0.167,3-25-8-3 = 1.0,3-18-35-3 = 0.667,5-13-27-7-14-5 = 0.333,5-21-29-11-14-5 = 0.667,3-13-16-29-19-5 = 0.333,3-10-34-30-3 = 1.0,3-13-16-9-19-5 = 0.333,5-27-16-9-7-5 = 0.333,5-21-27-9-11-7-5 = 0.333
88,60,600.122,4.778,0.135,-0.333,95,96,3-18-3 = 0.222,3-35-3 = 0.222,5-26-32-22-5 = 0.333,5-24-26-32-5 = 0.333,5-24-26-22-5 = 0.333,5-24-32-22-5 = 0.333,5-15-6-5 = 1.0,5-23-31-28-3 = 1.0,3-20-12-17-33-3 = 1.0,3-25-8-3 = 1.0,3-18-35-3 = 0.778,3-21-13-27-29-3 = 0.222,3-21-27-7-11-29-3 = 0.222,3-21-29-11-14-5 = 0.222,3-13-27-11-9-19-5 = 0.333,3-13-27-7-14-5 = 0.111,3-10-34-30-3 = 0.667,3-10-34-9-19-3 = 0.333,3-21-13-29-30-3 = 0.333,3-16-11-9-19-5 = 0.222,3-16-27-9-19-5 = 0.111,5-16-7-14-5 = 0.667
84,81,600.281,4.667,0.498,-1.424,97,98,3-18-3 = 0.333,5-26-32-22-5 = 0.333,5-24-26-32-5 = 0.333,5-24-26-22-5 = 0.333,5-24-32-22-5 = 0.333,5-15-6-5 = 1.0,5-23-31-28-3 = 1.0,3-20-12-35-3 = 0.333,3-20-12-17-33-3 = 0.667,3-25-8-3 = 1.0,3-18-35-3 = 0.667,3-21-13-27-7-5 = 0.333,3-21-29-11-14-5 = 0.667,5-27-16-9-19-3 = 0.667,3-13-7-33-19-5 = 0.333,3-10-34-30-3 = 1.0,3-13-29-11-14-5 = 0.333,3-16-9-7-17-3 = 0.333
77,54,600.113,5.143,0.298,-0.19,99,100,3-18-3 = 0.238,3-35-3 = 0.238,5-26-32-22-5 = 0.333,5-24-26-32-5 = 0.333,5-24-26-22-5 = 0.333,5-24-32-22-5 = 0.333,5-15-6-5 = 1.0,5-23-31-28-3 = 1.0,3-20-12-17-33-3 = 1.0,3-25-8-3 = 1.0,3-18-35-3 = 0.762,3-10-34-9-29-3 = 0.357,3-21-16-27-5 = 0.071,3-21-27-11-9-19-3 = 0.286,3-21-11-7-14-5 = 0.143,5-13-27-7-14-5 = 0.333,3-13-27-7-14-5 = 0.19,3-10-34-30-3 = 0.643,3-21-16-7-19-5 = 0.071,3-16-11-29-19-5 = 0.524,3-21-13-9-30-3 = 0.357,5-16-7-14-5 = 0.262,3-21-13-27-19-3 = 0.071,3-13-27-11-29-19-3 = 0.048,5-16-29-14-5 = 0.071
51,48,600.05,5.333,0.959,0.333,101,102,3-18-3 = 0.25,3-35-3 = 0.125,5-26-32-22-5 = 0.333,5-24-26-32-5 = 0.333,5-24-26-22-5 = 0.333,5-24-32-22-5 = 0.333,5-15-6-5 = 1.0,5-23-31-28-3 = 1.0,5-16-9-29-30-3 = 0.25,3-12-17-33-19-5 = 0.125,3-20-12-35-3 = 0.125,3-20-12-17-33-3 = 0.75,3-20-17-33-19-5 = 0.125,3-25-8-3 = 1.0,3-16-11-9-29-3 = 0.167,3-18-35-3 = 0.75,3-21-11-7-14-5 = 0.417,5-27-16-29-19-3 = 0.083,5-27-16-9-29-3 = 0.333,3-13-27-7-14-5 = 0.583,3-10-34-30-3 = 0.75,3-10-34-9-19-3 = 0.25,3-21-13-11-19-5 = 0.417,3-21-16-29-3 = 0.167
101,51,600.05,5.333,-0.0,0.0,103,104,3-18-3 = 0.25,3-35-3 = 0.125,5-26-32-22-5 = 0.333,5-24-26-32-5 = 0.333,5-24-26-22-5 = 0.333,5-24-32-22-5 = 0.333,5-15-6-5 = 1.0,5-23-31-28-3 = 1.0,5-16-9-29-30-3 = 0.25,3-12-17-33-19-5 = 0.125,3-20-12-35-3 = 0.125,3-20-12-17-33-3 = 0.75,3-20-17-33-19-5 = 0.125,3-25-8-3 = 1.0,3-16-11-9-29-3 = 0.083,3-18-35-3 = 0.75,3-21-11-7-14-5 = 0.417,5-27-16-9-29-3 = 0.417,3-13-27-7-14-5 = 0.583,3-10-34-30-3 = 0.75,3-10-34-9-19-3 = 0.25,3-21-13-11-19-5 = 0.417,3-16-11-29-19-3 = 0.083,3-21-16-29-3 = 0.167
91,66,600.181,5.435,0.165,-0.049,105,106,3-18-3 = 0.274,3-35-3 = 0.274,5-26-32-22-5 = 0.333,5-24-26-32-5 = 0.333,5-24-26-22-5 = 0.333,5-24-32-22-5 = 0.333,5-15-6-5 = 1.0,5-23-31-28-3 = 1.0,3-20-12-17-33-3 = 1.0,3-25-8-3 = 1.0,3-30-34-11-19-3 = 0.114,3-16-9-34-3 = 0.405,3-18-35-3 = 0.726,3-10-16-11-5 = 0.304,3-10-21-27-7-5 = 0.241,3-34-9-29-11-19-3 = 0.481,3-21-27-11-9-19-3 = 0.101,5-13-27-7-14-5 = 0.557,5-27-16-29-19-5 = 0.089,3-21-13-29-30-3 = 0.43,3-21-16-7-19-3 = 0.203,3-10-30-14-5 = 0.443,3-10-21-27-19-5 = 0.013,3-21-13-9-30-3 = 0.013
74,72,600.147,5.583,0.302,0.167,107,108,3-18-3 = 0.292,3-35-3 = 0.292,5-26-32-22-5 = 0.333,5-24-26-32-5 = 0.333,5-24-26-22-5 = 0.333,5-24-32-22-5 = 0.333,5-15-6-5 = 1.0,5-23-31-28-3 = 1.0,3-20-12-17-33-3 = 1.0,3-25-8-3 = 1.0,3-30-34-14-5 = 0.208,3-18-35-3 = 0.708,3-10-21-27-7-5 = 0.417,5-7-11-9-29-34-3 = 0.292,3-21-27-11-9-19-3 = 0.333,3-21-29-11-14-5 = 0.25,5-13-16-29-19-3 = 0.042,5-13-16-29-19-5 = 0.042,3-13-16-29-19-3 = 0.375,3-10-34-9-19-5 = 0.208,5-7-11-34-30-3 = 0.125,3-13-16-30-3 = 0.292,3-10-30-14-5 = 0.375,5-7-9-34-14-5 = 0.167,3-13-27-16-3 = 0.25
106,91,600.192,5.422,0.011,-0.013,109,110,3-18-3 = 0.272,3-35-3 = 0.272,5-26-32-22-5 = 0.333,5-24-26-32-5 = 0.333,5-24-26-22-5 = 0.333,5-24-32-22-5 = 0.333,5-15-6-5 = 1.0,5-23-31-28-3 = 1.0,3-20-12-17-33-3 = 1.0,3-25-8-3 = 1.0,3-30-34-11-19-3 = 0.116,3-16-9-34-3 = 0.381,3-18-35-3 = 0.728,3-10-16-11-5 = 0.286,3-10-21-27-7-5 = 0.252,3-34-9-29-11-19-3 = 0.503,3-21-16-11-3 = 0.034,3-21-27-11-9-19-3 = 0.061,5-13-27-7-14-5 = 0.558,5-27-16-29-19-5 = 0.109,3-21-13-29-30-3 = 0.388,3-21-16-7-19-3 = 0.19,3-10-30-14-5 = 0.442,3-10-21-27-19-5 = 0.02,3-21-13-9-30-3 = 0.054
109,106,600.192,5.422,-0.0,0.0,111,112,3-18-3 = 0.272,3-35-3 = 0.272,5-26-32-22-5 = 0.333,5-24-26-32-5 = 0.333,5-24-26-22-5 = 0.333,5-24-32-22-5 = 0.333,5-15-6-5 = 1.0,5-23-31-28-3 = 1.0,3-20-12-17-33-3 = 1.0,3-25-8-3 = 1.0,3-30-34-11-19-3 = 0.007,3-30-34-11-19-5 = 0.109,3-16-9-34-3 = 0.381,3-18-35-3 = 0.728,3-10-16-11-5 = 0.286,3-10-21-27-7-5 = 0.252,3-34-9-29-11-19-3 = 0.503,3-21-16-11-3 = 0.034,3-21-27-11-9-19-3 = 0.061,5-13-27-7-14-5 = 0.558,5-27-16-29-19-3 = 0.109,3-21-13-29-30-3 = 0.388,3-21-16-7-19-3 = 0.19,3-10-30-14-5 = 0.442,3-10-21-27-19-5 = 0.02,3-21-13-9-30-3 = 0.054
80,43,600.287,5.205,0.522,-0.328,113,114,3-18-3 = 0.346,3-35-3 = 0.077,5-13-16-27-5 = 0.192,5-13-16-9-19-5 = 0.731,5-26-32-22-5 = 0.333,5-24-26-32-5 = 0.333,5-24-26-22-5 = 0.333,5-24-32-22-5 = 0.333,5-15-6-5 = 1.0,5-23-31-28-3 = 1.0,5-10-30-14-5 = 0.077,3-20-12-35-3 = 0.269,3-20-12-17-33-3 = 0.731,3-25-8-3 = 1.0,3-30-34-11-7-5 = 0.128,3-18-35-3 = 0.654,3-10-21-27-7-5 = 0.128,3-21-29-11-14-5 = 0.731,5-27-7-33-19-5 = 0.269,3-10-34-30-3 = 0.551,3-10-30-14-5 = 0.141,3-21-27-9-11-7-5 = 0.141,5-13-16-9-7-5 = 0.077,5-7-29-34-30-3 = 0.103,5-27-34-29-17-3 = 0.167,5-7-9-34-14-5 = 0.051,3-10-27-7-17-3 = 0.103
58,55,600.443,4.476,1.28,-0.952,115,116,3-18-3 = 0.238,3-35-3 = 0.238,5-13-16-9-19-5 = 0.381,5-26-32-22-5 = 0.333,5-24-26-32-5 = 0.333,5-24-26-22-5 = 0.333,5-24-32-22-5 = 0.333,5-15-6-5 = 1.0,5-23-31-28-3 = 1.0,5-16-29-34-3 = 0.238,3-20-12-17-33-3 = 1.0,3-25-8-3 = 1.0,3-18-35-3 = 0.762,5-7-11-9-29-34-3 = 0.333,3-21-16-27-5 = 0.333,3-21-13-27-7-5 = 0.381,5-13-16-29-19-5 = 0.048,5-13-11-29-34-3 = 0.143,3-10-30-14-5 = 1.0,5-7-11-34-9-19-5 = 0.286,3-21-13-27-19-3 = 0.048,5-21-27-11-29-19-5 = 0.238
111,109,600.294,5.253,0.102,-0.169,117,118,3-18-3 = 0.276,3-35-3 = 0.276,5-26-32-22-5 = 0.333,5-24-26-32-5 = 0.333,5-24-26-22-5 = 0.333,5-24-32-22-5 = 0.333,5-15-6-5 = 1.0,5-23-31-28-3 = 1.0,3-20-12-17-33-3 = 1.0,3-25-8-3 = 1.0,3-16-9-34-3 = 0.253,3-18-35-3 = 0.724,3-10-16-11-5 = 0.241,3-10-21-27-7-5 = 0.195,3-34-9-29-11-19-3 = 0.632,3-21-16-27-5 = 0.057,3-21-16-11-3 = 0.011,5-13-27-7-14-5 = 0.517,3-13-11-9-34-3 = 0.115,3-21-16-7-19-5 = 0.092,3-21-13-29-30-3 = 0.368,3-21-16-7-19-3 = 0.195,3-10-30-14-5 = 0.483,3-10-21-27-19-5 = 0.08,5-27-16-30-3 = 0.149
38,35,600.214,5.908,2.039,0.381,119,120,3-18-3 = 0.342,3-35-3 = 0.194,5-26-32-22-5 = 0.333,5-24-26-32-5 = 0.333,5-24-26-22-5 = 0.333,5-24-32-22-5 = 0.333,5-15-6-5 = 1.0,5-23-31-28-3 = 1.0,3-20-12-35-3 = 0.147,3-20-12-17-33-3 = 0.853,3-25-8-3 = 1.0,3-30-34-14-5 = 0.368,3-30-9-7-33-3 = 0.147,3-16-9-34-3 = 0.202,3-18-35-3 = 0.658,3-10-16-11-3 = 0.521,3-34-9-29-11-19-3 = 0.002,3-34-9-29-11-19-5 = 0.427,3-21-29-11-14-5 = 0.049,5-13-27-7-14-5 = 0.513,5-27-16-9-29-3 = 0.037,3-13-27-7-14-5 = 0.07,5-27-16-9-19-5 = 0.117,3-21-16-7-19-5 = 0.123,3-21-13-29-30-3 = 0.417,3-10-21-27-19-3 = 0.264,3-10-30-9-29-19-3 = 0.067,3-10-21-7-17-3 = 0.147
90,70,600.377,5.048,0.368,-0.444,121,122,3-18-3 = 0.31,3-35-3 = 0.31,5-13-16-9-19-5 = 0.19,5-26-32-22-5 = 0.333,5-24-26-32-5 = 0.333,5-24-26-22-5 = 0.333,5-24-32-22-5 = 0.333,5-15-6-5 = 1.0,5-10-16-11-3 = 0.317,5-23-31-28-3 = 1.0,5-16-9-29-30-3 = 0.071,3-20-12-17-33-3 = 1.0,3-25-8-3 = 1.0,3-30-34-14-5 = 0.627,3-18-35-3 = 0.69,3-10-21-27-7-5 = 0.659,3-10-13-27-7-5 = 0.008,5-13-16-29-19-5 = 0.198,5-13-27-7-14-5 = 0.206,5-27-11-9-29-30-3 = 0.127,5-21-29-11-14-5 = 0.167,3-13-16-9-19-5 = 0.222,3-21-13-29-30-3 = 0.175,5-9-34-29-11-19-5 = 0.246,5-7-11-34-9-19-5 = 0.127,5-10-9-29-11-19-5 = 0.016
119,38,600.325,5.864,0.111,-0.044,123,124,3-18-3 = 0.343,3-35-3 = 0.177,5-26-32-22-5 = 0.333,5-24-26-32-5 = 0.333,5-24-26-22-5 = 0.333,5-24-32-22-5 = 0.333,5-15-6-5 = 1.0,5-23-31-28-3 = 1.0,3-20-12-35-3 = 0.166,3-20-12-17-33-3 = 0.834,3-25-8-3 = 1.0,3-30-34-14-5 = 0.372,3-30-9-7-33-3 = 0.166,3-16-9-34-3 = 0.186,3-18-35-3 = 0.657,3-10-16-11-3 = 0.503,3-34-9-29-11-19-3 = 0.441,3-21-29-11-14-5 = 0.055,3-13-27-7-14-5 = 0.572,5-27-16-9-19-5 = 0.172,3-21-13-29-30-3 = 0.428,3-21-16-7-19-3 = 0.097,3-10-21-27-19-3 = 0.255,3-10-30-9-29-19-3 = 0.034,3-10-21-7-17-3 = 0.166,3-10-16-29-3 = 0.041
85,62,600.224,5.417,0.227,0.75,125,126,3-18-3 = 0.292,3-35-3 = 0.292,5-26-32-22-5 = 0.333,5-24-26-32-5 = 0.333,5-24-26-22-5 = 0.333,5-24-32-22-5 = 0.333,5-15-6-5 = 1.0,5-23-31-28-3 = 1.0,3-20-12-17-33-3 = 0.708,3-20-12-17-33-5 = 0.292,3-25-8-3 = 1.0,3-18-35-3 = 0.708,3-21-16-27-5 = 0.125,5-13-16-29-19-5 = 0.375,5-21-11-7-14-5 = 0.125,5-21-29-11-14-5 = 0.5,3-13-27-7-14-5 = 0.375,3-10-34-30-3 = 0.875,5-27-16-9-19-5 = 0.25,3-13-16-9-7-5 = 0.208,5-13-16-9-7-5 = 0.042,5-7-11-34-9-19-5 = 0.125,5-21-27-11-9-19-5 = 0.25,3-10-9-7-29-30-3 = 0.125
125,85,600.317,4.917,0.093,-0.5,127,128,3-18-3 = 0.292,3-35-3 = 0.292,5-13-16-9-19-5 = 0.292,5-26-32-22-5 = 0.333,5-24-26-32-5 = 0.333,5-24-26-22-5 = 0.333,5-24-32-22-5 = 0.333,5-15-6-5 = 1.0,5-23-31-28-3 = 1.0,3-20-12-17-33-3 = 0.708,3-20-12-17-33-5 = 0.292,3-25-8-3 = 1.0,3-18-35-3 = 0.708,5-27-16-29-19-5 = 0.042,5-21-29-11-14-5 = 0.625,3-13-27-7-14-5 = 0.375,3-10-34-30-3 = 1.0,5-27-16-9-19-5 = 0.208,3-13-16-9-7-5 = 0.333,5-21-16-7-19-5 = 0.125,5-21-27-11-29-19-5 = 0.208,5-27-7-11-9-29-19-5 = 0.125,5-21-27-9-11-7-5 = 0.042
103,101,600.355,5.4,0.305,0.067,129,130,3-18-3 = 0.267,3-35-3 = 0.1,5-26-32-22-5 = 0.333,5-24-26-32-5 = 0.333,5-24-26-22-5 = 0.333,5-24-32-22-5 = 0.333,5-15-6-5 = 1.0,5-23-31-28-3 = 1.0,5-16-9-29-30-3 = 0.133,3-12-17-33-19-5 = 0.1,3-20-12-35-3 = 0.167,3-20-12-17-33-3 = 0.733,3-20-17-33-19-5 = 0.1,3-25-8-3 = 1.0,3-16-9-29-30-3 = 0.067,3-18-35-3 = 0.733,3-21-13-27-7-5 = 0.067,3-21-11-7-14-5 = 0.467,5-27-16-9-29-3 = 0.533,3-13-27-7-14-5 = 0.4,3-13-7-33-19-5 = 0.067,3-10-34-30-3 = 0.8,3-10-34-9-19-3 = 0.2,3-21-13-11-19-5 = 0.333,3-21-13-14-5 = 0.133,3-16-11-29-19-3 = 0.2,3-16-9-29-17-3 = 0.067
65,36,600.43,5.333,0.893,-0.193,131,132,3-18-3 = 0.333,5-26-32-22-5 = 0.333,5-24-26-32-5 = 0.333,5-24-26-22-5 = 0.333,5-24-32-22-5 = 0.333,5-15-6-5 = 1.0,5-14-11-29-17-3 = 0.333,5-23-31-28-3 = 1.0,3-20-12-35-3 = 0.333,3-20-12-17-33-3 = 0.667,3-25-8-3 = 1.0,3-30-9-7-33-3 = 0.333,3-18-35-3 = 0.667,3-21-16-11-3 = 0.667,3-13-27-7-14-5 = 0.667,3-10-34-9-19-5 = 0.667,3-21-13-29-30-3 = 0.333,3-10-34-29-19-5 = 0.333,5-27-16-30-3 = 0.333
71,50,600.359,5.872,0.713,0.288,133,134,3-18-3 = 0.359,3-35-3 = 0.09,5-13-16-9-19-5 = 0.128,5-26-32-22-5 = 0.333,5-24-26-32-5 = 0.333,5-24-26-22-5 = 0.333,5-24-32-22-5 = 0.333,5-15-6-5 = 1.0,5-23-31-28-3 = 1.0,3-20-12-35-3 = 0.269,3-20-12-17-33-3 = 0.731,3-25-8-3 = 1.0,3-30-34-14-5 = 0.038,3-30-9-7-33-3 = 0.269,3-18-35-3 = 0.641,3-21-27-11-9-19-5 = 0.308,3-21-11-7-14-5 = 0.154,3-21-29-11-14-5 = 0.5,5-13-16-29-19-3 = 0.269,3-13-16-29-19-5 = 0.231,3-10-34-30-3 = 0.692,3-13-16-9-19-3 = 0.026,3-10-21-27-19-3 = 0.038,3-27-11-7-14-5 = 0.038,5-7-9-34-14-5 = 0.269,3-13-27-16-3 = 0.346,3-10-27-7-17-3 = 0.269
133,71,600.484,5.533,0.124,-0.338,135,136,3-18-3 = 0.367,3-35-3 = 0.067,5-13-16-9-19-3 = 0.1,5-13-16-9-19-5 = 0.467,5-26-32-22-5 = 0.333,5-24-26-32-5 = 0.333,5-24-26-22-5 = 0.333,5-24-32-22-5 = 0.333,5-15-6-5 = 1.0,5-23-31-28-3 = 1.0,3-20-12-35-3 = 0.3,3-20-12-17-33-3 = 0.7,3-25-8-3 = 1.0,3-30-34-14-5 = 0.2,3-30-9-7-33-3 = 0.1,3-18-35-3 = 0.633,3-21-27-7-11-29-3 = 0.3,3-21-29-11-14-5 = 0.7,3-10-34-30-3 = 0.7,3-13-16-9-19-3 = 0.233,5-7-9-34-14-5 = 0.1,3-13-27-16-3 = 0.2,3-10-27-7-17-3 = 0.3,3-27-7-33-19-5 = 0.2
121,90,600.496,4.897,0.119,-0.15,137,138,3-18-3 = 0.282,3-35-3 = 0.282,5-13-16-9-19-5 = 0.179,5-26-32-22-5 = 0.333,5-24-26-32-5 = 0.333,5-24-26-22-5 = 0.333,5-24-32-22-5 = 0.333,5-15-6-5 = 1.0,5-10-16-11-3 = 0.256,5-23-31-28-3 = 1.0,5-16-11-9-29-3 = 0.103,3-20-12-17-33-3 = 1.0,3-25-8-3 = 1.0,3-30-34-14-5 = 0.667,3-18-35-3 = 0.718,3-10-21-27-7-5 = 0.667,5-13-16-29-19-5 = 0.154,5-13-27-7-14-5 = 0.308,5-27-16-9-29-3 = 0.026,3-13-16-9-19-5 = 0.026,3-21-13-29-30-3 = 0.333,3-10-9-7-14-5 = 0.026,5-9-34-29-11-19-5 = 0.333,5-16-11-9-19-5 = 0.256,5-10-9-29-11-19-5 = 0.051
136,133,600.608,4.933,0.124,-0.6,139,140,3-18-3 = 0.367,3-35-3 = 0.067,5-26-32-22-5 = 0.333,5-24-26-32-5 = 0.333,5-24-26-22-5 = 0.333,5-24-32-22-5 = 0.333,5-15-6-5 = 1.0,5-23-31-28-3 = 1.0,3-20-12-35-3 = 0.3,3-20-12-17-33-3 = 0.7,3-25-8-3 = 1.0,3-30-34-14-5 = 0.2,3-30-9-7-33-3 = 0.1,3-18-35-3 = 0.633,3-21-27-7-11-29-3 = 0.3,3-21-29-11-14-5 = 0.7,3-10-34-30-3 = 0.7,3-13-16-9-19-3 = 0.8,5-7-9-34-14-5 = 0.1,3-13-27-16-3 = 0.2,3-10-27-7-17-3 = 0.3,3-27-7-33-19-5 = 0.1,3-27-7-33-19-3 = 0.1
73,72,600.632,5.0,0.787,-0.417,141,142,3-18-3 = 0.267,3-35-3 = 0.267,5-13-16-9-19-3 = 0.267,5-26-32-22-5 = 0.333,5-24-26-32-5 = 0.333,5-24-26-22-5 = 0.333,5-24-32-22-5 = 0.333,5-15-6-5 = 1.0,5-23-31-28-3 = 1.0,3-20-12-17-33-3 = 1.0,3-25-8-3 = 1.0,3-30-34-14-5 = 0.2,3-18-35-3 = 0.733,3-10-21-27-7-5 = 0.6,3-21-29-11-14-5 = 0.4,5-7-11-34-30-3 = 0.2,3-13-16-9-19-5 = 0.067,3-13-16-9-19-3 = 0.667,3-10-30-14-5 = 0.4,5-7-29-34-30-3 = 0.2,3-27-11-29-34-3 = 0.4
134,71,600.72,5.248,0.36,-0.624,143,144,3-18-3 = 0.295,3-35-3 = 0.267,5-26-32-22-5 = 0.333,5-24-26-32-5 = 0.333,5-24-26-22-5 = 0.333,5-24-32-22-5 = 0.333,5-15-6-5 = 1.0,5-23-31-28-3 = 1.0,3-20-12-35-3 = 0.029,3-20-12-17-33-3 = 0.971,3-25-8-3 = 1.0,3-30-34-14-5 = 0.029,3-30-9-7-33-3 = 0.029,3-18-35-3 = 0.705,3-10-34-9-29-3 = 0.114,3-21-27-11-9-19-5 = 0.314,3-21-11-7-14-5 = 0.657,5-13-16-29-19-5 = 0.352,3-13-16-29-19-3 = 0.333,3-10-34-30-3 = 0.543,3-30-9-11-29-17-3 = 0.029,5-7-9-34-14-5 = 0.314,3-13-27-16-3 = 0.314,3-10-27-29-30-3 = 0.171,3-10-27-9-30-3 = 0.171,3-21-27-9-30-3 = 0.029
137,121,600.578,5.083,0.083,0.186,145,146,3-18-3 = 0.292,3-35-3 = 0.292,5-13-16-9-19-5 = 0.375,5-26-32-22-5 = 0.333,5-24-26-32-5 = 0.333,5-24-26-22-5 = 0.333,5-24-32-22-5 = 0.333,5-15-6-5 = 1.0,5-10-16-11-3 = 0.333,5-10-16-11-5 = 0.042,5-23-31-28-3 = 1.0,3-20-12-17-33-3 = 1.0,3-25-8-3 = 1.0,3-30-34-14-5 = 0.625,3-18-35-3 = 0.708,3-10-21-27-7-5 = 0.625,5-7-11-9-29-14-5 = 0.125,5-13-27-7-14-5 = 0.167,3-13-27-7-14-5 = 0.083,5-27-16-9-19-5 = 0.125,3-21-13-29-30-3 = 0.375,5-9-34-29-11-19-5 = 0.375,5-16-11-29-19-5 = 0.125
127,125,600.593,5.035,0.277,0.118,147,148,3-18-3 = 0.298,3-35-3 = 0.246,5-13-16-9-19-5 = 0.263,5-26-32-22-5 = 0.333,5-24-26-32-5 = 0.333,5-24-26-22-5 = 0.333,5-24-32-22-5 = 0.333,5-15-6-5 = 1.0,5-23-31-28-3 = 1.0,3-20-12-35-3 = 0.053,3-20-12-17-33-3 = 0.702,3-20-12-17-33-5 = 0.246,3-25-8-3 = 1.0,3-18-35-3 = 0.702,5-27-7-33-19-5 = 0.053,5-21-29-11-14-5 = 0.632,3-13-27-7-14-5 = 0.316,3-10-34-30-3 = 0.947,5-27-16-9-19-5 = 0.263,3-13-16-9-7-5 = 0.421,3-16-7-14-5 = 0.018,5-7-11-34-9-19-5 = 0.053,5-16-7-14-5 = 0.035,5-21-27-11-29-19-5 = 0.316,3-10-30-7-17-3 = 0.053,5-21-27-7-29-19-5 = 0.053
117,111,600.642,5.103,0.348,-0.15,149,150,3-18-3 = 0.256,3-35-3 = 0.256,5-26-32-22-5 = 0.333,5-24-26-32-5 = 0.333,5-24-26-22-5 = 0.333,5-24-32-22-5 = 0.333,5-15-6-5 = 1.0,5-23-31-28-3 = 1.0,3-20-12-17-33-3 = 1.0,3-25-8-3 = 1.0,3-16-9-34-3 = 0.051,3-18-35-3 = 0.744,3-10-21-27-7-5 = 0.359,3-34-9-29-11-19-3 = 0.359,3-21-16-27-5 = 0.026,3-21-11-7-14-5 = 0.051,5-27-16-29-19-3 = 0.359,3-13-27-7-14-5 = 0.128,3-13-11-9-34-3 = 0.59,3-21-16-7-19-5 = 0.256,3-21-13-29-30-3 = 0.282,3-10-30-14-5 = 0.615,3-10-21-27-19-5 = 0.026,5-27-16-30-3 = 0.103,5-16-7-14-5 = 0.205
108,74,600.659,5.467,0.512,-0.117,151,152,3-18-3 = 0.3,3-35-3 = 0.267,5-26-32-22-5 = 0.333,5-24-26-32-5 = 0.333,5-24-26-22-5 = 0.333,5-24-32-22-5 = 0.333,5-15-6-5 = 1.0,5-23-31-28-3 = 1.0,3-20-12-35-3 = 0.033,3-20-12-17-33-3 = 0.967,3-25-8-3 = 1.0,3-30-34-14-5 = 0.367,3-30-9-7-33-3 = 0.033,3-18-35-3 = 0.7,3-10-21-27-7-5 = 0.6,3-34-9-29-11-19-3 = 0.133,3-21-27-11-9-19-3 = 0.1,3-21-11-7-14-5 = 0.167,3-21-29-11-14-5 = 0.133,5-13-16-29-19-3 = 0.233,3-13-16-29-19-3 = 0.467,3-10-34-9-19-5 = 0.067,3-10-30-14-5 = 0.133,3-10-9-7-14-5 = 0.2,3-30-9-11-29-17-3 = 0.033,3-13-27-16-3 = 0.3,5-11-9-34-30-3 = 0.433
68,63,600.682,5.033,1.039,-0.185,153,154,3-18-3 = 0.306,3-35-3 = 0.197,5-21-34-30-3 = 0.077,5-26-32-22-5 = 0.333,5-24-26-32-5 = 0.333,5-24-26-22-5 = 0.333,5-24-32-22-5 = 0.333,5-15-6-5 = 1.0,5-23-31-28-3 = 1.0,5-16-29-34-3 = 0.082,5-16-9-29-30-3 = 0.508,3-20-12-35-3 = 0.109,3-20-12-17-33-3 = 0.891,3-25-8-3 = 1.0,3-30-34-11-19-5 = 0.322,3-18-35-3 = 0.694,3-10-21-29-11-5 = 0.366,3-21-16-27-5 = 0.109,3-21-29-11-14-5 = 0.044,5-13-27-7-14-5 = 0.891,5-13-7-33-19-5 = 0.109,3-10-34-9-19-5 = 0.492,3-10-30-14-5 = 0.066,3-10-21-11-19-5 = 0.077,3-21-16-17-3 = 0.109,3-21-16-11-5 = 0.191,3-21-34-30-3 = 0.027
89,70,600.747,5.19,0.738,-0.302,155,156,3-18-3 = 0.238,3-35-3 = 0.238,5-26-32-22-5 = 0.333,5-24-26-32-5 = 0.333,5-24-26-22-5 = 0.333,5-24-32-22-5 = 0.333,5-15-6-5 = 1.0,5-23-31-28-3 = 1.0,5-16-11-30-3 = 0.429,3-20-12-17-33-3 = 0.762,3-20-12-17-33-5 = 0.238,3-25-8-3 = 1.0,3-18-35-3 = 0.762,3-21-16-27-5 = 0.286,5-13-27-7-14-5 = 0.524,5-21-29-11-14-5 = 0.286,3-13-27-7-14-5 = 0.048,3-10-34-9-19-5 = 0.857,3-21-13-29-30-3 = 0.429,3-10-34-9-7-5 = 0.143,5-27-7-11-29-30-3 = 0.143,5-16-11-29-19-5 = 0.143,5-16-7-14-5 = 0.143
40,37,600.593,5.333,2.192,0.667,157,158,3-18-3 = 0.588,3-35-3 = 0.588,5-26-32-22-5 = 0.333,5-24-26-32-5 = 0.333,5-24-26-22-5 = 0.333,5-24-32-22-5 = 0.333,5-15-6-5 = 1.0,5-23-31-28-3 = 1.0,3-20-12-17-33-3 = 1.0,5-16-11-9-19-3 = 0.029,3-25-8-3 = 1.0,3-18-35-3 = 0.412,3-10-34-9-29-3 = 0.235,3-21-16-27-5 = 0.147,3-21-13-27-7-5 = 0.029,5-27-11-9-29-30-3 = 0.118,5-21-29-11-14-5 = 0.294,3-13-27-7-14-5 = 0.706,3-10-34-30-3 = 0.618,3-10-34-9-19-3 = 0.147,3-21-16-7-19-5 = 0.265,3-21-13-29-30-3 = 0.265,5-16-11-29-19-5 = 0.088,5-16-11-9-19-5 = 0.471
59,53,600.747,5.0,1.525,-0.111,159,160,3-18-3 = 0.667,3-35-3 = 0.333,5-26-32-22-5 = 0.333,5-24-26-32-5 = 0.333,5-24-26-22-5 = 0.333,5-24-32-22-5 = 0.333,5-15-6-5 = 1.0,5-23-31-28-3 = 1.0,3-20-12-35-3 = 0.333,3-20-12-17-33-3 = 0.667,3-25-8-3 = 1.0,3-18-35-3 = 0.333,3-21-29-11-14-5 = 0.667,5-13-27-7-14-5 = 0.333,3-13-7-33-19-3 = 0.333,3-10-34-30-3 = 1.0,5-27-16-9-19-5 = 0.667,3-16-11-9-7-5 = 0.333,3-21-13-29-17-3 = 0.333
114,80,600.777,5.19,0.49,-0.015,161,162,3-18-3 = 0.31,3-35-3 = 0.238,5-13-16-27-5 = 0.024,5-13-16-9-19-5 = 0.786,5-13-27-16-3 = 0.19,5-26-32-22-5 = 0.333,5-24-26-32-5 = 0.333,5-24-26-22-5 = 0.333,5-24-32-22-5 = 0.333,5-15-6-5 = 1.0,5-23-31-28-3 = 1.0,5-10-21-27-7-5 = 0.238,5-14-34-29-19-5 = 0.071,3-20-12-35-3 = 0.071,3-20-12-17-33-3 = 0.929,3-25-8-3 = 1.0,3-30-34-11-29-3 = 0.5,3-30-34-11-7-5 = 0.071,3-30-34-11-19-5 = 0.071,3-18-35-3 = 0.69,3-10-21-27-7-5 = 0.405,3-21-29-11-14-5 = 0.357,5-27-7-33-19-5 = 0.071,3-10-30-14-5 = 0.357,5-27-34-29-17-3 = 0.071,5-7-9-34-14-5 = 0.214
47,46,600.786,5.133,1.868,0.086,163,164,3-18-3 = 0.6,3-35-3 = 0.6,5-26-32-22-5 = 0.333,5-24-26-32-5 = 0.333,5-24-26-22-5 = 0.333,5-24-32-22-5 = 0.333,5-15-6-5 = 1.0,5-23-31-28-3 = 1.0,3-20-12-17-33-3 = 1.0,3-25-8-3 = 1.0,3-16-11-9-29-3 = 0.2,3-16-9-29-30-3 = 0.2,3-18-35-3 = 0.4,3-21-16-11-3 = 0.2,3-21-27-11-29-19-3 = 0.2,3-21-29-11-14-5 = 0.2,3-13-27-7-14-5 = 0.8,3-10-34-30-3 = 0.6,3-10-34-9-19-3 = 0.4,3-21-13-29-30-3 = 0.2,3-21-16-7-19-3 = 0.2,3-16-11-9-19-3 = 0.2
124,119,600.751,6.194,0.426,0.33,165,166,3-18-3 = 0.345,3-35-3 = 0.094,5-26-32-22-5 = 0.333,5-24-26-32-5 = 0.333,5-24-26-22-5 = 0.333,5-24-32-22-5 = 0.333,5-15-6-5 = 1.0,5-23-31-28-3 = 1.0,3-20-12-35-3 = 0.252,3-20-12-17-33-3 = 0.748,3-25-8-3 = 1.0,3-30-34-14-5 = 0.43,3-30-9-7-33-3 = 0.124,3-34-7-33-3 = 0.088,3-18-35-3 = 0.655,3-10-16-11-3 = 0.373,3-10-21-29-11-3 = 0.145,3-34-9-29-11-19-3 = 0.103,3-34-9-29-11-19-5 = 0.233,5-27-7-33-19-5 = 0.039,3-13-27-7-14-5 = 0.336,3-13-11-9-34-3 = 0.145,5-27-16-9-19-5 = 0.394,3-21-13-29-30-3 = 0.445,3-10-13-29-17-3 = 0.073,3-10-21-27-19-3 = 0.23,3-10-21-7-17-3 = 0.179,5-16-7-14-5 = 0.233
142,73,600.788,5.167,0.156,0.167,167,168,3-18-3 = 0.292,3-35-3 = 0.292,5-13-16-9-19-3 = 0.5,5-26-32-22-5 = 0.333,5-24-26-32-5 = 0.333,5-24-26-22-5 = 0.333,5-24-32-22-5 = 0.333,5-15-6-5 = 1.0,5-14-34-29-19-3 = 0.125,5-14-11-34-3 = 0.042,5-23-31-28-3 = 1.0,3-20-12-17-33-3 = 1.0,3-25-8-3 = 1.0,3-30-34-11-29-3 = 0.458,3-30-34-14-5 = 0.25,3-18-35-3 = 0.708,3-10-21-27-7-5 = 0.708,3-21-27-7-11-29-3 = 0.083,3-21-29-11-14-5 = 0.208,3-13-16-9-19-3 = 0.375,3-10-30-14-5 = 0.292,3-13-16-9-7-5 = 0.125,3-27-11-7-14-5 = 0.083,3-27-11-29-34-3 = 0.125
143,134,600.806,5.333,0.086,0.086,169,170,3-18-3 = 0.333,3-35-3 = 0.167,5-26-32-22-5 = 0.333,5-24-26-32-5 = 0.333,5-24-26-22-5 = 0.333,5-24-32-22-5 = 0.333,5-15-6-5 = 1.0,5-23-31-28-3 = 1.0,3-20-12-35-3 = 0.167,3-20-12-17-33-3 = 0.833,3-25-8-3 = 1.0,3-30-34-14-5 = 0.333,3-30-9-7-33-3 = 0.167,3-18-35-3 = 0.667,3-10-34-9-29-3 = 0.333,3-21-27-11-9-19-3 = 0.333,3-21-11-7-14-5 = 0.667,5-13-16-29-19-5 = 0.667,3-10-34-30-3 = 0.333,3-13-27-16-3 = 0.333,3-10-27-7-17-3 = 0.167,3-10-27-9-30-3 = 0.167
151,108,600.857,5.333,0.198,-0.133,171,172,3-18-3 = 0.3,3-35-3 = 0.267,5-26-32-22-5 = 0.333,5-24-26-32-5 = 0.333,5-24-26-22-5 = 0.333,5-24-32-22-5 = 0.333,5-15-6-5 = 1.0,5-23-31-28-3 = 1.0,3-20-12-35-3 = 0.033,3-20-12-17-33-3 = 0.967,3-25-8-3 = 1.0,3-30-34-14-5 = 0.367,3-30-9-7-33-3 = 0.033,3-18-35-3 = 0.7,3-10-21-27-7-5 = 0.667,3-34-9-29-11-19-3 = 0.267,3-21-27-11-9-19-3 = 0.033,3-21-11-7-14-5 = 0.167,5-13-16-29-19-3 = 0.3,3-13-16-29-19-3 = 0.4,3-10-30-14-5 = 0.2,3-10-9-7-14-5 = 0.133,3-30-9-11-29-17-3 = 0.033,3-21-11-9-14-5 = 0.133,3-13-27-16-3 = 0.3,5-11-9-34-30-3 = 0.367
128,125,600.854,4.897,0.537,-0.019,173,174,3-18-3 = 0.282,3-35-3 = 0.282,5-13-16-9-19-5 = 0.051,5-26-32-22-5 = 0.333,5-24-26-32-5 = 0.333,5-24-26-22-5 = 0.333,5-24-32-22-5 = 0.333,5-15-6-5 = 1.0,5-23-31-28-3 = 1.0,3-20-12-17-33-3 = 0.718,3-20-12-17-33-5 = 0.282,3-25-8-3 = 1.0,3-18-35-3 = 0.718,5-7-11-9-29-14-5 = 0.385,3-21-16-27-5 = 0.308,5-13-16-29-19-5 = 0.615,5-21-11-7-14-5 = 0.154,3-13-27-7-14-5 = 0.308,3-10-34-30-3 = 1.0,3-13-16-9-7-5 = 0.026,3-21-9-7-14-5 = 0.077,5-21-27-11-9-19-5 = 0.333,5-21-27-9-11-7-5 = 0.051,5-21-11-9-14-5 = 0.077
132,65,600.835,5.667,0.404,0.333,175,176,3-18-3 = 0.333,5-26-32-22-5 = 0.333,5-24-26-32-5 = 0.333,5-24-26-22-5 = 0.333,5-24-32-22-5 = 0.333,5-15-6-5 = 1.0,5-14-11-29-17-3 = 0.333,5-23-31-28-3 = 1.0,5-16-11-30-3 = 0.333,3-20-12-35-3 = 0.333,3-20-12-17-33-3 = 0.667,3-25-8-3 = 1.0,3-30-9-7-33-3 = 0.333,3-18-35-3 = 0.667,3-21-16-11-3 = 0.333,3-21-27-16-3 = 0.333,3-13-27-7-14-5 = 0.667,3-10-34-9-19-5 = 0.667,3-21-13-29-30-3 = 0.333,3-10-34-29-19-5 = 0.333
169,143,600.879,5.667,0.073,0.333,177,178,3-18-3 = 0.333,3-35-3 = 0.167,5-26-32-22-5 = 0.333,5-24-26-32-5 = 0.333,5-24-26-22-5 = 0.333,5-24-32-22-5 = 0.333,5-15-6-5 = 1.0,5-23-31-28-3 = 1.0,3-20-12-35-3 = 0.167,3-20-12-17-33-3 = 0.833,3-25-8-3 = 1.0,3-30-34-14-5 = 0.333,3-30-9-7-33-3 = 0.167,3-18-35-3 = 0.667,3-10-34-9-29-3 = 0.333,3-21-27-11-9-19-5 = 0.333,3-21-11-7-14-5 = 0.667,5-13-16-29-19-3 = 0.333,3-13-16-29-19-3 = 0.333,3-10-34-30-3 = 0.333,3-13-27-16-3 = 0.333,3-10-27-7-17-3 = 0.167,3-10-27-9-30-3 = 0.167
95,88,600.877,5.232,0.755,0.454,179,180,3-18-3 = 0.232,3-35-3 = 0.145,5-26-32-22-5 = 0.333,5-24-26-32-5 = 0.333,5-24-26-22-5 = 0.333,5-24-32-22-5 = 0.333,5-15-6-5 = 1.0,5-23-31-28-3 = 1.0,5-14-19-33-3 = 0.014,3-20-12-35-3 = 0.087,3-20-12-17-33-3 = 0.913,3-25-8-3 = 1.0,3-18-35-3 = 0.768,3-21-13-11-29-3 = 0.464,3-21-27-11-29-19-5 = 0.174,3-21-29-11-14-5 = 0.174,3-13-27-7-14-5 = 0.319,3-10-34-30-3 = 0.696,3-10-34-9-19-3 = 0.304,3-21-13-29-30-3 = 0.029,3-13-7-11-9-30-3 = 0.029,3-30-9-11-7-17-3 = 0.087,3-16-27-9-19-5 = 0.507,5-21-13-29-30-3 = 0.159,5-16-7-14-5 = 0.493,3-9-11-7-33-3 = 0.072
168,142,600.994,5.0,0.206,-0.167,181,182,3-18-3 = 0.292,3-35-3 = 0.292,5-13-16-9-19-3 = 0.542,5-26-32-22-5 = 0.333,5-24-26-32-5 = 0.333,5-24-26-22-5 = 0.333,5-24-32-22-5 = 0.333,5-15-6-5 = 1.0,5-14-34-29-19-3 = 0.083,5-23-31-28-3 = 1.0,5-14-34-29-19-5 = 0.042,3-20-12-17-33-3 = 1.0,3-25-8-3 = 1.0,3-30-34-11-29-3 = 0.5,3-30-34-14-5 = 0.25,3-18-35-3 = 0.708,3-10-21-27-7-5 = 0.75,3-21-29-11-14-5 = 0.25,3-13-16-9-19-3 = 0.333,3-10-30-14-5 = 0.25,3-27-11-7-14-5 = 0.125,3-27-11-29-34-3 = 0.125,3-13-16-7-9-3 = 0.125
149,117,601.054,4.762,0.412,-0.341,183,184,3-18-3 = 0.238,3-35-3 = 0.238,5-26-32-22-5 = 0.333,5-24-26-32-5 = 0.333,5-24-26-22-5 = 0.333,5-24-32-22-5 = 0.333,5-15-6-5 = 1.0,5-23-31-28-3 = 1.0,3-20-12-17-33-3 = 1.0,3-25-8-3 = 1.0,3-18-35-3 = 0.762,3-10-21-27-7-5 = 0.429,3-34-9-29-11-19-3 = 0.143,3-21-11-7-14-5 = 0.143,5-27-16-29-19-3 = 0.571,3-13-11-9-34-3 = 0.714,3-21-16-7-19-5 = 0.095,3-21-13-29-30-3 = 0.286,3-21-16-7-19-3 = 0.048,3-10-30-14-5 = 0.571,3-16-7-14-5 = 0.19,3-30-34-9-19-5 = 0.143,5-16-7-14-5 = 0.095
115,58,601.096,4.0,0.653,-0.476,185,186,3-18-3 = 0.167,3-35-3 = 0.167,5-26-32-22-5 = 0.333,5-24-26-32-5 = 0.333,5-24-26-22-5 = 0.333,5-24-32-22-5 = 0.333,5-15-6-5 = 1.0,5-23-31-28-3 = 1.0,5-16-29-34-3 = 0.5,3-20-12-17-33-3 = 1.0,3-25-8-3 = 1.0,3-18-35-3 = 0.833,5-7-11-9-29-34-3 = 0.333,3-21-13-27-7-5 = 0.667,5-27-16-9-19-5 = 0.167,3-10-30-14-5 = 1.0,3-21-13-27-19-5 = 0.167,5-9-34-29-11-19-5 = 0.167,5-16-11-9-19-5 = 0.333,5-21-13-11-19-5 = 0.167
130,103,601.144,4.667,0.789,-0.733,187,188,5-14-5 = 0.333,5-26-32-22-5 = 0.333,5-24-26-32-5 = 0.333,5-24-26-22-5 = 0.333,5-24-32-22-5 = 0.333,5-15-6-5 = 1.0,5-23-31-28-3 = 1.0,5-16-9-29-30-3 = 0.333,3-20-12-17-33-3 = 1.0,3-25-8-3 = 1.0,3-16-11-9-29-3 = 0.333,3-18-35-3 = 1.0,3-21-13-27-7-5 = 0.333,3-21-11-7-14-5 = 0.333,3-13-27-7-14-5 = 0.333,3-10-34-30-3 = 0.667,3-10-34-9-19-3 = 0.333,3-21-13-27-19-5 = 0.333,3-16-11-29-19-3 = 0.333
186,115,601.122,3.667,0.026,-0.333,189,190,3-18-3 = 0.167,3-35-3 = 0.167,5-26-32-22-5 = 0.333,5-24-26-32-5 = 0.333,5-24-26-22-5 = 0.333,5-24-32-22-5 = 0.333,5-15-6-5 = 1.0,5-23-31-28-3 = 1.0,5-16-29-34-3 = 0.5,3-20-12-17-33-3 = 1.0,3-25-8-3 = 1.0,3-18-35-3 = 0.833,5-7-11-9-29-34-3 = 0.167,3-21-13-27-7-5 = 0.833,5-27-16-9-19-3 = 0.167,3-10-30-14-5 = 1.0,5-9-34-29-11-19-5 = 0.333,5-16-11-9-19-5 = 0.333,5-21-13-11-19-5 = 0.167
154,68,600.905,6.037,0.223,1.004,191,192,3-18-3 = 0.333,3-35-3 = 0.148,5-26-32-22-5 = 0.333,5-24-26-32-5 = 0.333,5-24-26-22-5 = 0.333,5-24-32-22-5 = 0.333,5-15-6-5 = 1.0,5-23-31-28-3 = 1.0,5-16-9-34-3 = 0.185,5-16-9-29-30-3 = 0.444,3-20-12-35-3 = 0.185,3-20-12-17-33-3 = 0.815,3-25-8-3 = 1.0,3-30-34-11-19-5 = 0.407,5-21-16-27-5 = 0.185,3-18-35-3 = 0.667,3-10-21-29-11-5 = 0.148,3-10-13-27-7-5 = 0.333,3-21-29-11-14-5 = 0.407,5-13-27-7-14-5 = 0.481,5-13-7-33-19-5 = 0.185,3-10-34-9-19-5 = 0.37,3-10-30-14-5 = 0.111,3-10-21-11-19-5 = 0.037,5-21-16-17-3 = 0.185,3-21-34-30-3 = 0.037
191,154,601.116,5.444,0.211,-0.593,193,194,3-18-3 = 0.278,3-35-3 = 0.278,5-26-32-22-5 = 0.333,5-24-26-32-5 = 0.333,5-24-26-22-5 = 0.333,5-24-32-22-5 = 0.333,5-15-6-5 = 1.0,5-23-31-28-3 = 1.0,5-16-9-34-3 = 0.111,5-16-9-29-30-3 = 0.444,3-20-12-17-33-3 = 1.0,3-25-8-3 = 1.0,3-30-34-11-19-5 = 0.333,5-21-16-27-5 = 0.222,3-18-35-3 = 0.722,3-10-21-29-11-5 = 0.222,3-10-13-27-7-5 = 0.222,3-21-29-11-14-5 = 0.333,5-13-27-7-14-5 = 0.556,3-13-11-9-34-3 = 0.056,3-10-34-9-19-5 = 0.389,3-10-30-14-5 = 0.111,3-10-13-11-19-5 = 0.056,5-21-16-7-19-5 = 0.222,5-13-34-30-3 = 0.111
175,132,601.27,4.5,0.436,-1.167,195,196,3-18-3 = 0.25,3-35-3 = 0.25,5-26-32-22-5 = 0.5,5-26-24-14-5 = 0.5,5-24-32-22-5 = 0.5,5-15-6-5 = 1.0,5-23-31-28-3 = 1.0,5-16-11-30-3 = 0.5,3-20-12-17-33-3 = 1.0,3-25-8-3 = 1.0,3-18-35-3 = 0.75,3-21-16-11-3 = 0.25,3-21-27-7-11-29-3 = 0.25,3-13-27-7-14-5 = 0.5,3-10-34-9-19-5 = 1.0,3-21-13-29-30-3 = 0.5,3-16-27-7-29-3 = 0.25
97,84,600.87,6.286,0.589,1.619,197,198,3-8-3 = 0.476,5-26-32-22-5 = 0.333,5-24-26-32-5 = 0.333,5-24-26-22-5 = 0.333,5-24-32-22-5 = 0.333,5-15-6-5 = 1.0,5-23-31-28-3 = 0.762,5-16-7-9-30-3 = 0.143,3-20-12-17-33-3 = 0.762,3-20-12-17-33-5 = 0.238,5-23-31-25-3 = 0.238,3-25-28-3 = 0.238,3-25-8-3 = 0.524,3-16-11-30-3 = 0.143,3-18-35-3 = 1.0,3-10-34-9-29-3 = 0.143,3-21-13-27-7-5 = 0.143,3-21-29-11-14-5 = 0.571,5-27-16-9-19-3 = 0.524,3-13-27-7-14-5 = 0.333,3-13-11-7-14-5 = 0.095,3-10-34-30-3 = 0.714,3-21-13-7-29-19-5 = 0.286,3-10-13-34-3 = 0.143,3-16-11-9-19-3 = 0.19
83,81,601.164,5.741,1.381,-0.35,199,200,5-14-5 = 0.241,3-18-3 = 0.148,5-26-32-22-5 = 0.333,5-24-26-32-5 = 0.333,5-24-26-22-5 = 0.333,5-24-32-22-5 = 0.333,5-15-6-5 = 1.0,5-23-31-28-3 = 1.0,3-12-17-33-19-5 = 0.148,3-20-12-35-3 = 0.148,3-20-12-17-33-3 = 0.537,3-20-12-17-33-5 = 0.167,3-20-17-33-19-5 = 0.148,3-25-8-3 = 1.0,3-18-35-3 = 0.852,3-10-34-9-29-3 = 0.444,3-21-16-11-3 = 0.574,3-21-27-11-29-19-3 = 0.037,3-21-27-11-9-19-3 = 0.037,5-27-16-9-19-3 = 0.315,3-13-27-7-14-5 = 0.611,3-13-11-7-14-5 = 0.074,3-10-34-30-3 = 0.556,3-30-9-11-7-29-19-5 = 0.204,3-21-13-29-30-3 = 0.241,5-21-16-7-19-3 = 0.111,3-13-29-11-14-5 = 0.074
145,137,601.209,5.0,0.631,-0.083,201,202,3-18-3 = 0.292,3-35-3 = 0.292,5-13-16-9-19-5 = 0.375,5-26-32-22-5 = 0.333,5-24-26-32-5 = 0.333,5-24-26-22-5 = 0.333,5-24-32-22-5 = 0.333,5-15-6-5 = 1.0,5-23-31-28-3 = 1.0,5-10-21-29-11-3 = 0.333,3-20-12-17-33-3 = 1.0,3-25-8-3 = 1.0,3-30-34-14-5 = 0.625,3-18-35-3 = 0.708,3-10-21-27-7-5 = 0.667,5-7-11-9-29-14-5 = 0.125,5-13-27-7-14-5 = 0.167,5-13-29-11-14-5 = 0.042,3-13-27-7-14-5 = 0.042,5-27-16-9-19-5 = 0.125,3-13-16-30-3 = 0.375,5-9-34-29-11-19-5 = 0.375,5-16-11-29-19-5 = 0.125
171,151,601.241,5.083,0.384,-0.25,203,204,3-18-3 = 0.292,3-35-3 = 0.292,5-26-32-22-5 = 0.333,5-24-26-32-5 = 0.333,5-24-26-22-5 = 0.333,5-24-32-22-5 = 0.333,5-15-6-5 = 1.0,5-23-31-28-3 = 1.0,3-20-12-17-33-3 = 1.0,3-25-8-3 = 1.0,3-30-34-14-5 = 0.375,3-18-35-3 = 0.708,3-10-21-27-7-5 = 0.625,3-21-27-11-9-19-3 = 0.083,3-21-11-7-14-5 = 0.125,5-13-16-29-19-3 = 0.292,3-13-16-29-19-3 = 0.625,3-10-30-14-5 = 0.25,3-10-9-7-14-5 = 0.125,3-21-27-9-11-7-5 = 0.042,3-21-11-9-14-5 = 0.125,5-11-9-34-30-3 = 0.375,3-13-16-7-29-3 = 0.083,3-27-11-9-34-3 = 0.25
203,171,601.351,3.8,0.11,-1.283,205,206,3-18-3 = 0.3,3-35-3 = 0.3,5-26-32-22-5 = 0.4,5-26-24-14-5 = 0.2,5-24-26-32-5 = 0.2,5-24-26-22-5 = 0.2,5-24-32-22-5 = 0.4,5-15-6-5 = 1.0,5-23-31-28-3 = 1.0,3-20-12-17-33-3 = 1.0,3-25-8-3 = 1.0,3-30-34-14-5 = 0.3,3-18-35-3 = 0.7,3-10-21-27-7-5 = 0.8,3-13-16-29-19-3 = 1.0,3-10-30-14-5 = 0.1,3-10-9-7-14-5 = 0.1,3-21-11-9-14-5 = 0.2,3-27-11-7-14-5 = 0.1,5-11-9-34-30-3 = 0.6,3-27-11-9-34-3 = 0.1
166,124,601.298,5.667,0.547,-0.527,207,208,3-18-3 = 0.333,3-35-3 = 0.167,5-26-32-22-5 = 0.333,5-24-26-32-5 = 0.333,5-24-26-22-5 = 0.333,5-24-32-22-5 = 0.333,5-15-6-5 = 1.0,5-10-16-11-3 = 0.167,5-23-31-28-3 = 1.0,5-16-9-29-30-3 = 0.333,3-20-12-35-3 = 0.167,3-20-12-17-33-3 = 0.833,3-25-8-3 = 1.0,3-30-34-14-5 = 0.667,3-18-35-3 = 0.667,3-10-16-11-3 = 0.333,3-10-21-29-11-3 = 0.167,3-34-9-29-11-19-3 = 0.333,3-21-13-27-7-5 = 0.333,5-27-16-9-19-3 = 0.167,3-13-27-7-14-5 = 0.333,3-13-7-33-19-5 = 0.167,3-10-21-27-19-3 = 0.167,3-10-21-7-17-3 = 0.167,3-21-13-9-29-19-5 = 0.167
131,65,601.292,4.97,0.861,-0.364,209,210,3-18-3 = 0.591,3-35-3 = 0.591,5-26-32-22-5 = 0.333,5-24-26-32-5 = 0.333,5-24-26-22-5 = 0.333,5-24-32-22-5 = 0.333,5-15-6-5 = 1.0,5-16-27-7-29-3 = 0.091,5-23-31-28-3 = 1.0,3-20-12-17-33-3 = 1.0,3-25-8-3 = 1.0,3-18-35-3 = 0.409,3-21-16-11-3 = 0.318,3-21-11-7-14-5 = 0.045,3-21-29-11-14-5 = 0.364,5-13-27-7-14-5 = 0.455,3-10-34-9-19-5 = 1.0,3-21-13-29-30-3 = 0.273,3-13-7-11-29-30-3 = 0.273,3-16-7-14-5 = 0.136,5-27-16-30-3 = 0.455
93,86,601.027,6.333,1.07,1.333,211,212,3-18-3 = 0.5,5-26-32-22-5 = 0.333,5-24-26-32-5 = 0.333,5-24-26-22-5 = 0.333,5-24-32-22-5 = 0.333,5-15-6-5 = 1.0,5-23-31-28-3 = 0.833,3-12-17-33-19-5 = 0.167,3-35-8-3 = 0.333,3-20-12-35-3 = 0.167,3-20-12-17-33-3 = 0.667,3-20-17-33-19-3 = 0.167,3-25-28-3 = 0.167,3-25-8-3 = 0.667,3-18-35-3 = 0.5,5-13-27-7-14-5 = 0.333,5-21-29-11-14-5 = 0.667,3-13-16-29-19-5 = 0.333,3-10-34-30-3 = 1.0,3-13-16-9-19-5 = 0.333,5-27-16-9-7-5 = 0.333,5-21-27-9-11-7-5 = 0.333,5-23-31-25-5 = 0.167
155,89,601.18,5.667,0.434,0.476,213,214,3-18-3 = 0.222,3-35-3 = 0.222,5-26-32-22-5 = 0.333,5-24-26-32-5 = 0.333,5-24-26-22-5 = 0.333,5-24-32-22-5 = 0.333,5-15-6-5 = 1.0,5-23-31-28-3 = 1.0,5-16-11-30-3 = 0.556,3-20-12-17-33-3 = 0.778,3-20-12-17-33-5 = 0.222,3-25-8-3 = 1.0,3-18-35-3 = 0.778,3-21-13-27-7-5 = 0.222,5-27-16-29-19-5 = 0.222,5-21-29-11-14-5 = 0.444,3-13-27-7-14-5 = 0.444,3-10-34-9-19-5 = 0.556,3-21-13-29-30-3 = 0.333,3-10-34-9-7-5 = 0.222,5-27-16-30-3 = 0.111,5-10-34-9-19-5 = 0.222,5-16-7-14-5 = 0.111
170,143,601.171,6.089,0.365,0.756,215,216,3-18-3 = 0.367,3-35-3 = 0.067,5-26-32-22-5 = 0.444,5-26-24-14-5 = 0.333,5-24-26-32-5 = 0.111,5-24-26-22-5 = 0.111,5-24-32-22-5 = 0.444,5-15-6-5 = 1.0,5-14-11-29-17-3 = 0.111,5-23-31-28-3 = 1.0,3-20-12-35-3 = 0.3,3-20-12-17-33-3 = 0.7,3-25-8-3 = 1.0,3-30-34-14-5 = 0.078,3-30-9-7-33-3 = 0.3,3-18-35-3 = 0.633,3-10-34-9-29-3 = 0.3,3-21-27-11-9-19-3 = 0.389,3-21-11-7-14-5 = 0.478,5-13-16-29-19-5 = 0.433,3-13-16-29-19-5 = 0.156,3-10-34-30-3 = 0.622,5-13-16-9-7-5 = 0.011,3-13-16-27-5 = 0.4,3-10-27-7-17-3 = 0.078,3-21-27-7-17-3 = 0.111,3-21-27-7-11-19-3 = 0.022
146,137,601.261,5.333,0.683,0.25,217,218,3-18-3 = 0.267,3-35-3 = 0.267,5-26-32-22-5 = 0.333,5-24-26-32-5 = 0.333,5-24-26-22-5 = 0.333,5-24-32-22-5 = 0.333,5-15-6-5 = 1.0,5-10-16-11-3 = 0.133,5-10-16-11-5 = 0.267,5-23-31-28-3 = 1.0,5-14-34-29-19-5 = 0.2,3-20-12-17-33-3 = 1.0,3-25-8-3 = 1.0,3-30-34-14-5 = 0.4,5-21-16-27-5 = 0.067,3-18-35-3 = 0.733,3-10-13-27-7-5 = 0.4,3-21-16-27-5 = 0.133,5-21-29-11-14-5 = 0.2,5-27-16-9-19-5 = 0.4,3-21-13-29-30-3 = 0.6,3-10-9-7-14-5 = 0.2,5-7-11-34-9-19-5 = 0.4
161,114,601.247,5.524,0.471,0.333,219,220,3-18-3 = 0.31,3-35-3 = 0.238,5-13-16-9-19-5 = 0.619,5-13-27-16-3 = 0.214,5-26-32-22-5 = 0.333,5-24-26-32-5 = 0.333,5-24-26-22-5 = 0.333,5-24-32-22-5 = 0.333,5-15-6-5 = 1.0,5-23-31-28-3 = 1.0,5-10-30-14-5 = 0.238,5-10-21-27-7-5 = 0.31,3-20-12-35-3 = 0.071,3-20-12-17-33-3 = 0.929,3-25-8-3 = 1.0,3-30-34-11-29-3 = 0.333,3-30-34-11-7-5 = 0.071,3-30-34-14-5 = 0.357,3-18-35-3 = 0.69,3-10-21-27-7-5 = 0.333,3-34-9-29-11-19-5 = 0.238,3-21-29-11-14-5 = 0.357,5-13-16-29-19-3 = 0.071,5-27-7-33-19-3 = 0.071,5-13-16-9-7-5 = 0.095,3-10-27-7-17-3 = 0.071,5-10-9-7-14-5 = 0.048
61,57,601.602,3.333,2.127,-1.533,221,222,5-14-5 = 0.278,5-26-32-22-5 = 0.389,5-26-24-14-5 = 0.167,5-24-26-32-5 = 0.222,5-24-26-22-5 = 0.222,5-24-32-22-5 = 0.389,5-15-6-5 = 1.0,5-23-31-28-3 = 1.0,3-20-12-17-33-3 = 1.0,3-25-8-3 = 1.0,3-18-35-3 = 1.0,5-7-11-9-29-14-5 = 0.222,3-21-13-27-7-5 = 0.778,3-10-34-30-3 = 1.0,5-27-16-9-19-5 = 0.111,5-16-11-29-19-5 = 0.556,5-16-11-9-19-5 = 0.111,3-21-13-9-29-19-5 = 0.222,5-16-9-14-5 = 0.222,5-27-11-9-14-5 = 0.111
219,161,601.364,5.333,0.117,-0.19,223,224,3-18-3 = 0.333,3-35-3 = 0.167,5-13-16-27-5 = 0.167,5-13-16-9-19-5 = 0.833,5-26-32-22-5 = 0.333,5-24-26-32-5 = 0.333,5-24-26-22-5 = 0.333,5-24-32-22-5 = 0.333,5-15-6-5 = 1.0,5-23-31-28-3 = 1.0,5-10-30-14-5 = 0.167,5-10-21-27-7-5 = 0.167,3-20-12-35-3 = 0.167,3-20-12-17-33-3 = 0.833,3-25-8-3 = 1.0,3-30-34-11-29-3 = 0.5,3-30-34-14-5 = 0.333,3-18-35-3 = 0.667,3-10-21-27-7-5 = 0.5,3-21-29-11-14-5 = 0.333,5-27-7-33-19-3 = 0.167,5-10-9-7-14-5 = 0.167,3-34-11-29-17-3 = 0.167
78,54,601.251,5.933,1.436,0.6,225,226,3-18-3 = 0.6,3-35-3 = 0.5,5-26-32-22-5 = 0.333,5-24-26-32-5 = 0.333,5-24-26-22-5 = 0.333,5-24-32-22-5 = 0.333,5-15-6-5 = 1.0,5-23-31-28-3 = 1.0,3-20-12-35-3 = 0.1,3-20-12-17-33-3 = 0.9,3-25-8-3 = 1.0,3-18-35-3 = 0.4,3-10-34-9-29-3 = 0.3,3-21-11-7-14-5 = 0.5,5-13-7-33-19-3 = 0.1,5-27-16-29-19-5 = 0.5,3-13-27-7-14-5 = 0.1,3-13-11-7-14-5 = 0.2,3-10-34-30-3 = 0.7,5-27-16-9-19-5 = 0.4,3-21-16-11-5 = 0.1,3-21-13-9-30-3 = 0.3,3-21-13-7-17-3 = 0.1,3-13-29-11-14-5 = 0.2
140,136,601.18,5.933,0.572,1.0,227,228,3-18-3 = 0.367,3-35-3 = 0.067,5-26-32-22-5 = 0.333,5-24-26-32-5 = 0.333,5-24-26-22-5 = 0.333,5-24-32-22-5 = 0.333,5-15-6-5 = 1.0,5-23-31-28-3 = 1.0,3-20-12-35-3 = 0.3,3-20-12-17-33-3 = 0.7,3-25-8-3 = 1.0,3-30-9-7-33-3 = 0.1,3-18-35-3 = 0.633,3-21-27-11-29-19-3 = 0.2,3-21-27-7-11-29-3 = 0.1,3-21-29-11-14-5 = 0.333,5-21-29-11-14-5 = 0.367,3-10-34-30-3 = 0.7,3-13-16-9-19-5 = 0.467,3-13-16-30-3 = 0.2,3-13-16-9-19-3 = 0.133,5-7-9-34-14-5 = 0.3,3-13-27-16-3 = 0.2,3-10-27-7-17-3 = 0.3,3-27-7-33-19-5 = 0.2
227,140,601.253,4.9,0.073,-1.033,229,230,3-18-3 = 0.35,3-35-3 = 0.2,5-26-32-22-5 = 0.5,5-26-24-14-5 = 0.5,5-24-32-22-5 = 0.5,5-15-6-5 = 1.0,5-23-31-28-3 = 1.0,3-20-12-35-3 = 0.15,3-20-12-17-33-3 = 0.85,3-25-8-3 = 1.0,3-30-9-7-33-3 = 0.15,3-18-35-3 = 0.65,3-21-27-11-29-19-3 = 0.2,3-21-27-7-11-29-3 = 0.45,5-21-29-11-14-5 = 0.35,3-10-34-30-3 = 0.85,3-13-16-9-19-5 = 0.7,3-13-16-27-5 = 0.2,5-7-9-34-14-5 = 0.15,3-10-27-7-17-3 = 0.15,3-13-16-7-19-5 = 0.1
211,93,601.781,3.667,0.754,-2.667,231,232,5-14-5 = 0.458,5-26-32-22-5 = 0.333,5-24-26-32-5 = 0.333,5-24-26-22-5 = 0.333,5-24-32-22-5 = 0.333,5-15-6-5 = 1.0,5-23-31-28-3 = 1.0,3-20-12-17-33-3 = 1.0,3-25-8-3 = 1.0,3-18-35-3 = 1.0,5-13-27-7-14-5 = 0.125,5-27-11-7-14-5 = 0.083,5-21-29-11-14-5 = 0.292,3-13-16-29-19-5 = 0.583,3-13-27-7-14-5 = 0.042,3-10-34-30-3 = 0.958,3-13-16-9-19-5 = 0.25,3-21-16-7-19-5 = 0.042,3-16-27-29-19-5 = 0.042,3-10-30-9-29-19-3 = 0.042,3-21-29-34-19-5 = 0.042,5-27-16-9-7-5 = 0.083,5-21-27-9-11-7-5 = 0.625
67,63,601.465,4.667,1.822,-0.552,233,234,3-18-3 = 0.208,3-35-3 = 0.208,5-26-32-22-5 = 0.333,5-24-26-32-5 = 0.333,5-24-26-22-5 = 0.333,5-24-32-22-5 = 0.333,5-15-6-5 = 1.0,5-23-31-28-3 = 1.0,5-14-34-29-19-5 = 0.125,5-16-9-34-3 = 0.167,3-20-12-17-33-3 = 1.0,3-25-8-3 = 1.0,3-30-34-11-29-3 = 0.083,3-30-34-11-19-5 = 0.042,5-21-13-27-7-5 = 0.75,3-18-35-3 = 0.792,3-10-16-11-5 = 0.333,3-34-9-29-11-19-3 = 0.292,3-34-9-29-11-19-5 = 0.25,3-10-34-9-19-5 = 0.042,5-27-16-9-19-5 = 0.25,3-21-13-29-30-3 = 0.125,3-10-30-14-5 = 0.625,5-21-13-29-30-3 = 0.125,5-16-7-14-5 = 0.25
215,170,601.346,6.25,0.174,0.161,235,236,3-18-3 = 0.375,3-35-3 = 0.125,5-26-32-22-5 = 0.5,5-26-24-14-5 = 0.5,5-24-32-22-5 = 0.5,5-15-6-5 = 1.0,5-23-31-28-3 = 1.0,3-20-12-35-3 = 0.25,3-20-12-17-33-3 = 0.75,3-25-8-3 = 1.0,3-30-9-7-33-3 = 0.25,3-18-35-3 = 0.625,3-10-34-9-29-3 = 0.375,3-21-27-11-9-19-3 = 0.375,3-21-11-7-14-5 = 0.5,5-13-16-29-19-5 = 0.5,3-13-16-29-19-5 = 0.125,3-10-34-30-3 = 0.5,3-21-27-11-30-3 = 0.125,3-30-34-7-17-3 = 0.125,3-13-16-27-5 = 0.375,3-10-27-7-17-3 = 0.125
100,77,601.357,5.333,1.244,0.19,237,238,3-18-3 = 0.364,3-35-3 = 0.364,5-26-32-22-5 = 0.333,5-24-26-32-5 = 0.333,5-24-26-22-5 = 0.333,5-24-32-22-5 = 0.333,5-15-6-5 = 1.0,5-23-31-28-3 = 1.0,3-20-12-17-33-3 = 1.0,3-25-8-3 = 1.0,3-18-35-3 = 0.636,3-10-34-9-29-3 = 0.364,3-21-27-11-9-19-5 = 0.182,3-21-11-7-14-5 = 0.182,5-13-27-7-14-5 = 0.455,3-10-34-30-3 = 0.636,3-16-11-29-19-5 = 0.636,3-21-13-9-30-3 = 0.273,5-16-7-14-5 = 0.364,3-21-13-27-19-3 = 0.182,3-21-27-9-30-3 = 0.091,3-21-13-27-9-3 = 0.091
181,168,601.489,4.4,0.495,-0.6,239,240,3-18-3 = 0.3,3-35-3 = 0.3,5-13-16-9-19-3 = 0.6,5-26-32-22-5 = 0.4,5-26-24-14-5 = 0.2,5-24-26-32-5 = 0.2,5-24-26-22-5 = 0.2,5-24-32-22-5 = 0.4,5-15-6-5 = 1.0,5-23-31-28-3 = 1.0,3-20-12-17-33-3 = 1.0,3-25-8-3 = 1.0,3-30-34-11-29-3 = 0.7,3-30-34-14-5 = 0.3,3-18-35-3 = 0.7,3-10-21-27-7-5 = 0.8,3-21-29-11-14-5 = 0.2,3-13-16-9-19-3 = 0.4,3-10-7-29-14-5 = 0.1,3-10-27-14-5 = 0.1,3-27-11-7-14-5 = 0.1
99,77,601.274,6.0,1.161,0.857,241,242,3-18-3 = 0.333,5-26-32-22-5 = 0.333,5-24-26-32-5 = 0.333,5-24-26-22-5 = 0.333,5-24-32-22-5 = 0.333,5-15-6-5 = 1.0,5-23-31-28-3 = 1.0,3-20-12-35-3 = 0.333,3-20-12-17-33-3 = 0.667,3-25-8-3 = 1.0,3-18-35-3 = 0.667,3-10-34-9-29-3 = 0.333,3-21-16-27-5 = 0.333,3-21-27-11-9-19-3 = 0.333,3-13-27-7-14-5 = 0.333,3-13-7-33-19-5 = 0.333,3-10-34-30-3 = 0.667,3-30-9-11-29-17-3 = 0.333,5-16-7-14-5 = 0.333,3-21-13-11-19-3 = 0.333,5-16-29-14-5 = 0.333
172,151,601.456,5.067,0.599,-0.267,243,244,3-18-3 = 0.3,3-35-3 = 0.267,5-13-16-30-3 = 0.333,5-26-32-22-5 = 0.333,5-24-26-32-5 = 0.333,5-24-26-22-5 = 0.333,5-24-32-22-5 = 0.333,5-15-6-5 = 1.0,5-14-34-29-19-3 = 0.333,5-23-31-28-3 = 1.0,3-20-12-35-3 = 0.033,3-20-12-17-33-3 = 0.967,3-25-8-3 = 1.0,3-30-34-14-5 = 0.033,3-30-9-7-33-3 = 0.033,3-18-35-3 = 0.7,3-10-21-27-7-5 = 0.667,3-34-9-29-11-19-3 = 0.633,3-21-27-11-9-19-5 = 0.033,3-21-11-7-14-5 = 0.167,3-13-16-30-3 = 0.367,3-10-30-14-5 = 0.2,3-10-9-7-14-5 = 0.133,3-30-9-11-29-17-3 = 0.033,3-21-11-9-14-5 = 0.133,3-13-16-27-5 = 0.3
187,130,601.427,4.667,0.283,-0.0,245,246,5-14-5 = 0.333,5-26-32-22-5 = 0.333,5-24-26-32-5 = 0.333,5-24-26-22-5 = 0.333,5-24-32-22-5 = 0.333,5-15-6-5 = 1.0,5-23-31-28-3 = 1.0,3-20-12-17-33-3 = 1.0,3-25-8-3 = 1.0,3-16-11-9-29-3 = 0.333,3-16-9-29-30-3 = 0.333,3-18-35-3 = 1.0,3-21-13-27-7-5 = 0.333,3-21-11-7-14-5 = 0.333,5-13-27-7-14-5 = 0.333,3-10-34-30-3 = 0.667,3-10-34-9-19-3 = 0.333,3-21-13-27-19-5 = 0.333,3-16-11-29-19-3 = 0.333
246,187,601.498,4.0,0.071,-0.667,247,248,5-14-5 = 0.333,5-26-32-22-5 = 0.333,5-24-26-32-5 = 0.333,5-24-26-22-5 = 0.333,5-24-32-22-5 = 0.333,5-15-6-5 = 1.0,5-23-31-28-3 = 1.0,3-20-12-17-33-3 = 1.0,3-25-8-3 = 1.0,3-16-9-29-30-3 = 0.333,3-18-35-3 = 1.0,3-21-13-27-7-5 = 0.667,5-13-27-7-14-5 = 0.333,3-10-34-30-3 = 0.667,3-10-34-9-19-3 = 0.333,3-21-11-9-14-5 = 0.333,3-16-11-29-19-3 = 0.667
165,124,601.438,6.132,0.688,-0.062,249,250,3-18-3 = 0.371,3-35-3 = 0.006,5-26-32-22-5 = 0.333,5-24-26-32-5 = 0.333,5-24-26-22-5 = 0.333,5-24-32-22-5 = 0.333,5-15-6-5 = 1.0,5-23-31-28-3 = 1.0,3-20-12-35-3 = 0.365,3-20-12-17-33-3 = 0.635,3-25-8-3 = 1.0,3-30-34-14-5 = 0.503,3-30-9-7-33-3 = 0.101,3-34-7-33-3 = 0.264,3-16-9-34-3 = 0.031,3-18-35-3 = 0.629,3-10-16-11-3 = 0.302,3-10-13-27-29-3 = 0.189,3-34-9-29-11-19-3 = 0.189,3-21-11-7-14-5 = 0.497,3-13-11-9-34-3 = 0.013,5-27-16-9-19-5 = 0.667,3-21-13-29-30-3 = 0.396,3-10-13-29-17-3 = 0.226,3-10-21-27-19-3 = 0.107,3-10-13-7-17-3 = 0.138,3-10-13-27-19-3 = 0.038
199,83,601.51,5.167,0.346,-0.574,251,252,5-14-5 = 0.417,5-26-32-22-5 = 0.333,5-24-26-32-5 = 0.333,5-24-26-22-5 = 0.333,5-24-32-22-5 = 0.333,5-15-6-5 = 1.0,5-23-31-28-3 = 1.0,3-20-12-17-33-3 = 0.75,3-20-12-17-33-5 = 0.25,3-25-8-3 = 1.0,3-18-35-3 = 1.0,3-10-34-9-29-3 = 0.333,3-21-16-11-3 = 0.583,5-27-16-9-19-3 = 0.25,3-13-27-11-29-19-5 = 0.167,3-13-27-7-14-5 = 0.583,3-10-34-30-3 = 0.5,3-10-34-9-19-3 = 0.167,3-30-9-11-7-29-19-5 = 0.25,3-21-13-29-30-3 = 0.25,3-21-16-7-19-3 = 0.167
34,32,601.349,5.641,3.338,0.404,253,254,3-18-3 = 0.615,3-35-3 = 0.615,5-26-32-22-5 = 0.333,5-24-26-32-5 = 0.333,5-24-26-22-5 = 0.333,5-24-32-22-5 = 0.333,5-15-6-5 = 1.0,5-23-31-28-3 = 1.0,5-16-29-34-3 = 0.385,5-16-9-34-3 = 0.154,3-20-12-17-33-3 = 1.0,3-25-8-3 = 1.0,3-18-35-3 = 0.385,3-10-16-11-3 = 0.308,3-21-27-11-9-19-5 = 0.385,3-21-29-11-14-5 = 0.077,3-13-27-7-14-5 = 0.615,5-7-11-34-30-3 = 0.154,3-10-30-9-29-19-5 = 0.154,3-21-16-7-19-5 = 0.154,3-21-13-29-30-3 = 0.385,3-10-30-14-5 = 0.308,5-10-34-9-19-5 = 0.231,5-7-11-34-9-19-5 = 0.077
223,219,601.5,5.048,0.136,-0.286,255,256,3-18-3 = 0.31,3-35-3 = 0.238,5-13-16-27-5 = 0.167,5-13-16-9-19-5 = 0.762,5-26-32-22-5 = 0.333,5-24-26-32-5 = 0.333,5-24-26-22-5 = 0.333,5-24-32-22-5 = 0.333,5-15-6-5 = 1.0,5-23-31-28-3 = 1.0,5-10-21-27-7-5 = 0.595,3-20-12-35-3 = 0.071,3-20-12-17-33-3 = 0.929,3-25-8-3 = 1.0,3-30-34-11-29-3 = 0.5,3-30-34-11-19-3 = 0.071,3-30-34-14-5 = 0.429,3-18-35-3 = 0.69,3-10-21-27-7-5 = 0.048,3-21-29-11-14-5 = 0.357,5-13-16-29-19-5 = 0.071,5-27-7-33-19-3 = 0.071,3-10-9-7-14-5 = 0.214,3-10-9-29-11-19-5 = 0.024,3-10-27-7-17-3 = 0.071,3-10-27-11-29-3 = 0.048
238,100,601.511,5.078,0.154,-0.255,257,258,3-18-3 = 0.216,3-35-3 = 0.157,5-26-32-22-5 = 0.333,5-24-26-32-5 = 0.333,5-24-26-22-5 = 0.333,5-24-32-22-5 = 0.333,5-15-6-5 = 1.0,5-14-30-29-17-3 = 0.059,5-23-31-28-3 = 1.0,3-20-12-35-3 = 0.059,3-20-12-17-33-3 = 0.941,3-25-8-3 = 1.0,3-30-9-7-33-3 = 0.059,3-18-35-3 = 0.784,3-10-34-9-29-3 = 0.353,3-21-11-7-14-5 = 0.275,5-13-27-7-14-5 = 0.333,3-13-27-7-14-5 = 0.059,3-10-34-30-3 = 0.647,3-16-11-29-19-5 = 0.588,3-16-11-9-19-5 = 0.137,3-21-13-9-30-3 = 0.118,5-16-7-14-5 = 0.275,3-21-13-27-19-3 = 0.275,3-21-27-9-30-3 = 0.118,3-21-13-27-9-3 = 0.216
214,155,601.747,4.0,0.567,-1.667,259,260,5-14-5 = 0.333,5-26-32-22-5 = 0.333,5-24-26-32-5 = 0.333,5-24-26-22-5 = 0.333,5-24-32-22-5 = 0.333,5-15-6-5 = 1.0,5-23-31-28-3 = 1.0,5-16-11-30-3 = 0.667,5-16-9-29-30-3 = 0.333,3-20-12-17-33-3 = 1.0,3-25-8-3 = 1.0,3-18-35-3 = 1.0,3-21-13-27-7-5 = 0.667,5-21-29-11-14-5 = 0.333,3-13-27-7-14-5 = 0.333,3-10-34-9-19-5 = 0.667,3-10-34-29-19-5 = 0.333
49,31,601.417,5.333,2.346,0.375,261,262,3-18-3 = 0.625,3-35-3 = 0.625,5-13-27-16-3 = 0.062,5-26-32-22-5 = 0.333,5-24-26-32-5 = 0.333,5-24-26-22-5 = 0.333,5-24-32-22-5 = 0.333,5-15-6-5 = 1.0,5-23-31-28-3 = 1.0,5-10-21-27-7-5 = 0.375,3-20-12-17-33-3 = 1.0,3-25-8-3 = 1.0,3-30-34-14-5 = 0.188,3-18-35-3 = 0.375,3-21-29-11-14-5 = 0.625,5-27-11-7-14-5 = 0.188,5-27-11-9-29-30-3 = 0.063,3-13-16-29-19-3 = 0.125,3-10-34-30-3 = 0.625,3-13-16-9-19-5 = 0.312,3-13-16-9-19-3 = 0.375,3-13-16-9-7-5 = 0.125,5-27-7-29-34-19-5 = 0.187,5-27-7-11-9-30-3 = 0.125
244,172,601.503,5.048,0.048,-0.019,263,264,3-18-3 = 0.31,3-35-3 = 0.238,5-26-32-22-5 = 0.333,5-24-26-32-5 = 0.333,5-24-26-22-5 = 0.333,5-24-32-22-5 = 0.333,5-15-6-5 = 1.0,5-14-34-29-19-3 = 0.357,5-23-31-28-3 = 1.0,3-20-12-35-3 = 0.071,3-20-12-17-33-3 = 0.929,3-25-8-3 = 1.0,3-30-9-7-33-3 = 0.071,3-18-35-3 = 0.69,3-10-21-27-7-5 = 0.643,3-34-9-29-11-19-3 = 0.571,3-21-11-7-14-5 = 0.214,3-10-34-9-19-5 = 0.071,3-13-16-30-3 = 0.643,3-10-30-14-5 = 0.214,3-10-9-7-14-5 = 0.071,3-30-9-11-29-17-3 = 0.071,3-21-11-9-14-5 = 0.143,3-13-27-16-3 = 0.357
239,181,601.524,4.333,0.035,-0.067,265,266,3-18-3 = 0.333,3-35-3 = 0.167,5-26-32-22-5 = 0.333,5-24-26-32-5 = 0.333,5-24-26-22-5 = 0.333,5-24-32-22-5 = 0.333,5-15-6-5 = 1.0,5-14-11-29-17-3 = 0.167,5-14-29-33-3 = 0.167,5-23-31-28-3 = 1.0,3-20-12-35-3 = 0.167,3-20-12-17-33-3 = 0.833,3-25-8-3 = 1.0,3-30-34-11-29-3 = 0.167,3-30-34-14-5 = 0.5,3-18-35-3 = 0.667,3-10-21-27-7-5 = 0.833,3-21-29-11-14-5 = 0.167,3-13-16-9-19-3 = 1.0,3-10-27-11-7-5 = 0.167,5-11-29-34-30-3 = 0.333
241,99,601.57,5.833,0.296,-0.167,267,268,3-8-3 = 0.5,5-26-32-22-5 = 0.333,5-24-26-32-5 = 0.333,5-24-26-22-5 = 0.333,5-24-32-22-5 = 0.333,5-15-6-5 = 1.0,5-23-31-28-3 = 0.75,3-20-12-17-33-3 = 1.0,5-23-31-25-3 = 0.25,3-25-28-3 = 0.25,3-25-8-3 = 0.5,3-30-9-11-7-29-19-3 = 0.083,3-18-35-3 = 1.0,3-10-34-9-29-3 = 0.167,3-21-27-11-9-19-3 = 0.333,3-13-27-11-9-29-3 = 0.333,3-13-27-7-14-5 = 0.333,3-10-34-30-3 = 0.833,3-21-16-7-19-5 = 0.333,3-16-7-14-5 = 0.25,3-21-13-9-30-3 = 0.083,3-16-29-14-5 = 0.083,3-21-13-11-19-3 = 0.25,5-16-29-14-5 = 0.333
129,103,601.65,4.667,1.295,-0.733,269,270,3-18-3 = 0.25,3-35-3 = 0.125,5-26-32-22-5 = 0.333,5-24-26-32-5 = 0.333,5-24-26-22-5 = 0.333,5-24-32-22-5 = 0.333,5-15-6-5 = 1.0,5-23-31-28-3 = 1.0,3-12-17-33-19-5 = 0.125,3-20-12-35-3 = 0.125,3-20-12-17-33-3 = 0.75,3-20-17-33-19-5 = 0.125,3-25-8-3 = 1.0,3-18-35-3 = 0.75,3-21-11-7-14-5 = 0.333,5-27-16-9-29-3 = 0.667,3-13-11-7-14-5 = 0.417,3-10-34-30-3 = 1.0,3-21-11-9-14-5 = 0.083,3-21-13-7-9-19-5 = 0.25,3-21-13-11-19-5 = 0.167,3-21-13-14-5 = 0.167,3-16-27-29-19-3 = 0.333
178,169,601.586,5.667,0.707,0.0,271,272,3-18-3 = 0.333,3-35-3 = 0.167,5-26-32-22-5 = 0.333,5-24-26-32-5 = 0.333,5-24-26-22-5 = 0.333,5-24-32-22-5 = 0.333,5-15-6-5 = 1.0,5-23-31-28-3 = 1.0,3-12-17-33-19-5 = 0.167,3-20-12-35-3 = 0.167,3-20-12-17-33-3 = 0.667,3-20-17-33-19-5 = 0.167,3-25-8-3 = 1.0,3-30-34-14-5 = 0.333,3-18-35-3 = 0.667,3-10-34-9-29-3 = 0.333,3-21-11-7-14-5 = 0.667,5-13-16-29-19-3 = 0.667,3-10-34-30-3 = 0.333,3-21-27-9-11-7-5 = 0.333,3-13-27-16-3 = 0.333,3-10-27-9-30-3 = 0.333
96,88,601.537,5.152,1.416,0.374,273,274,3-18-3 = 0.273,5-26-32-22-5 = 0.333,5-24-26-32-5 = 0.333,5-24-26-22-5 = 0.333,5-24-32-22-5 = 0.333,5-15-6-5 = 1.0,5-23-31-28-3 = 1.0,3-12-17-33-19-5 = 0.182,3-20-12-35-3 = 0.273,3-20-12-17-33-3 = 0.545,3-20-17-33-19-5 = 0.182,3-25-8-3 = 1.0,3-30-9-7-33-3 = 0.091,3-18-35-3 = 0.727,3-21-13-27-29-3 = 0.697,3-21-29-11-14-5 = 0.303,3-13-27-11-9-19-3 = 0.303,3-10-34-30-3 = 0.818,3-10-34-9-19-3 = 0.182,3-16-11-9-19-5 = 0.152,3-30-9-11-7-17-3 = 0.091,3-16-7-14-5 = 0.03,3-16-11-9-7-5 = 0.152,5-16-7-14-5 = 0.636,5-16-9-14-5 = 0.03
116,58,601.459,5.238,1.016,0.762,275,276,3-18-3 = 0.286,3-35-3 = 0.286,5-13-16-9-19-5 = 0.333,5-21-34-11-7-5 = 0.048,5-26-32-22-5 = 0.333,5-24-26-32-5 = 0.333,5-24-26-22-5 = 0.333,5-24-32-22-5 = 0.333,5-15-6-5 = 1.0,5-23-31-28-3 = 1.0,3-20-12-17-33-3 = 1.0,3-25-8-3 = 1.0,3-18-35-3 = 0.714,5-7-11-9-29-34-3 = 0.381,3-21-16-27-5 = 0.429,5-13-27-7-14-5 = 0.333,5-13-11-29-34-3 = 0.333,3-10-30-9-29-19-5 = 0.143,3-21-16-7-19-5 = 0.238,3-10-30-14-5 = 0.667,3-10-30-34-5 = 0.19,3-21-29-34-19-5 = 0.048,5-21-27-11-29-19-5 = 0.095,5-21-27-11-9-19-5 = 0.143
233,67,601.528,5.222,0.063,0.556,277,278,3-18-3 = 0.222,3-35-3 = 0.222,5-26-32-22-5 = 0.333,5-24-26-32-5 = 0.333,5-24-26-22-5 = 0.333,5-24-32-22-5 = 0.333,5-15-6-5 = 1.0,5-23-31-28-3 = 1.0,5-14-34-29-19-5 = 0.167,3-20-12-17-33-3 = 1.0,3-25-8-3 = 1.0,3-30-34-11-29-3 = 0.167,3-30-34-11-19-3 = 0.056,5-21-13-27-7-5 = 0.611,3-18-35-3 = 0.778,3-10-16-11-5 = 0.444,3-34-9-29-11-19-3 = 0.167,3-34-9-29-11-19-5 = 0.111,3-21-13-11-29-3 = 0.056,5-27-16-9-19-5 = 0.389,3-21-13-29-30-3 = 0.333,3-10-30-14-5 = 0.444,5-10-34-9-19-5 = 0.111,5-7-9-34-14-5 = 0.222,5-16-7-14-5 = 0.167
213,155,601.893,4.0,0.713,-1.667,279,280,3-18-3 = 0.167,3-35-3 = 0.167,5-26-32-22-5 = 0.333,5-24-26-32-5 = 0.333,5-24-26-22-5 = 0.333,5-24-32-22-5 = 0.333,5-15-6-5 = 1.0,5-23-31-28-3 = 1.0,3-20-12-17-33-3 = 0.833,3-20-12-17-33-5 = 0.167,3-25-8-3 = 1.0,3-18-35-3 = 0.833,5-27-11-7-14-5 = 0.5,3-10-34-9-19-5 = 0.833,3-21-13-29-30-3 = 1.0,5-10-34-9-19-5 = 0.167,5-16-7-14-5 = 0.5,5-27-16-11-5 = 0.5
271,178,602.191,2.0,0.604,-3.667,281,282,5-14-5 = 0.5,5-26-32-22-5 = 0.5,5-26-24-14-5 = 0.5,5-24-32-22-5 = 0.5,5-15-6-5 = 1.0,5-23-31-28-3 = 1.0,3-20-12-17-33-3 = 1.0,3-25-8-3 = 1.0,3-18-35-3 = 1.0,3-13-16-29-19-3 = 1.0,3-10-34-30-3 = 1.0,3-21-27-9-11-7-5 = 1.0
281,271,612.252,0.0,10.062,-2.0,Integer,,5-26-32-22-5 = 1.0,5-24-14-5 = 1.0,5-15-6-5 = 1.0,5-23-31-28-3 = 1.0,3-20-12-17-33-3 = 1.0,3-25-8-3 = 1.0,3-18-35-3 = 1.0,3-13-16-29-19-3 = 1.0,3-10-34-30-3 = 1.0,3-21-27-9-11-7-5 = 1.0
79,43,601.492,6.296,1.727,0.763,283,284,3-18-3 = 0.352,3-35-3 = 0.111,5-13-16-27-5 = 0.37,5-13-16-9-19-3 = 0.556,5-26-32-22-5 = 0.333,5-24-26-32-5 = 0.333,5-24-26-22-5 = 0.333,5-24-32-22-5 = 0.333,5-15-6-5 = 1.0,5-23-31-28-3 = 1.0,5-10-30-14-5 = 0.185,5-10-21-27-7-5 = 0.352,3-12-17-33-19-5 = 0.111,3-20-12-35-3 = 0.241,3-20-12-17-33-3 = 0.648,3-20-17-33-19-5 = 0.111,3-25-8-3 = 1.0,3-30-34-11-7-5 = 0.37,3-30-34-14-5 = 0.315,3-18-35-3 = 0.648,3-10-34-9-29-3 = 0.296,3-10-21-27-7-5 = 0.148,3-21-29-11-14-5 = 0.5,5-13-16-29-19-5 = 0.074,5-27-7-33-19-5 = 0.13,3-10-34-9-19-3 = 0.019,3-30-9-11-29-17-3 = 0.13
273,96,601.696,4.778,0.159,-0.374,285,286,3-18-3 = 0.222,3-35-3 = 0.222,5-26-32-22-5 = 0.333,5-24-26-32-5 = 0.333,5-24-26-22-5 = 0.333,5-24-32-22-5 = 0.333,5-15-6-5 = 1.0,5-23-31-28-3 = 1.0,3-20-12-17-33-3 = 0.778,3-20-12-17-33-5 = 0.222,3-25-8-3 = 1.0,3-18-35-3 = 0.778,3-21-13-27-29-3 = 0.222,3-21-27-11-29-19-3 = 0.111,3-21-27-7-11-29-3 = 0.222,3-21-29-11-14-5 = 0.111,3-13-27-11-9-19-3 = 0.444,3-10-34-30-3 = 1.0,3-16-11-9-19-5 = 0.111,3-16-7-14-5 = 0.222,5-16-7-14-5 = 0.556,3-21-13-9-29-19-5 = 0.333,5-16-9-14-5 = 0.111
276,116,601.633,5.333,0.173,0.095,287,288,3-18-3 = 0.292,3-35-3 = 0.25,5-13-16-9-19-5 = 0.083,5-26-32-22-5 = 0.333,5-24-26-32-5 = 0.333,5-24-26-22-5 = 0.333,5-24-32-22-5 = 0.333,5-15-6-5 = 1.0,5-23-31-28-3 = 1.0,5-10-30-14-5 = 0.25,3-20-12-35-3 = 0.042,3-20-12-17-33-3 = 0.958,3-25-8-3 = 1.0,3-18-35-3 = 0.708,5-7-11-9-29-34-3 = 0.208,3-21-16-27-5 = 0.667,5-13-27-11-29-19-5 = 0.042,5-13-27-7-14-5 = 0.292,5-13-11-29-34-3 = 0.333,5-13-11-9-34-3 = 0.167,5-13-7-33-19-5 = 0.042,3-10-30-9-29-19-5 = 0.292,3-21-16-7-19-5 = 0.25,3-10-30-14-5 = 0.458,5-13-11-9-29-17-3 = 0.042,5-7-11-34-9-19-5 = 0.208,3-21-29-34-19-5 = 0.083
255,223,601.608,5.333,0.108,0.286,289,290,3-18-3 = 0.322,3-35-3 = 0.2,5-13-16-27-5 = 0.189,5-13-16-9-19-5 = 0.778,5-26-32-22-5 = 0.333,5-24-26-32-5 = 0.333,5-24-26-22-5 = 0.333,5-24-32-22-5 = 0.333,5-15-6-5 = 1.0,5-23-31-28-3 = 1.0,5-10-21-27-7-5 = 0.422,3-20-12-35-3 = 0.122,3-20-12-17-33-3 = 0.878,3-25-8-3 = 1.0,3-30-34-11-29-3 = 0.467,3-30-34-11-7-5 = 0.033,3-30-34-14-5 = 0.5,3-18-35-3 = 0.678,3-10-21-27-7-5 = 0.144,3-10-21-29-11-3 = 0.089,3-21-29-11-14-5 = 0.344,5-27-7-33-19-3 = 0.122,3-13-16-29-19-5 = 0.033,3-10-9-29-11-19-5 = 0.067,3-10-27-7-17-3 = 0.122,5-10-9-7-14-5 = 0.156
289,255,602.083,2.0,0.475,-3.333,291,292,5-14-5 = 0.5,5-13-16-9-19-5 = 1.0,5-26-32-22-5 = 0.5,5-26-24-14-5 = 0.5,5-24-32-22-5 = 0.5,5-15-6-5 = 1.0,5-23-31-28-3 = 1.0,3-20-12-17-33-3 = 1.0,3-25-8-3 = 1.0,3-30-34-11-29-3 = 1.0,3-18-35-3 = 1.0,3-10-21-27-7-5 = 1.0
291,289,612.145,0.0,10.062,-2.0,Integer,,5-13-16-9-19-5 = 1.0,5-26-32-22-5 = 1.0,5-24-14-5 = 1.0,5-15-6-5 = 1.0,5-23-31-28-3 = 1.0,3-20-12-17-33-3 = 1.0,3-25-8-3 = 1.0,3-30-34-11-29-3 = 1.0,3-18-35-3 = 1.0,3-10-21-27-7-5 = 1.0
113,80,601.636,5.333,1.348,0.128,293,294,5-14-5 = 0.083,3-18-3 = 0.292,5-13-16-27-5 = 0.5,5-13-16-9-19-5 = 0.25,5-26-32-22-5 = 0.333,5-24-26-32-5 = 0.333,5-24-26-22-5 = 0.333,5-24-32-22-5 = 0.333,5-15-6-5 = 1.0,5-14-30-29-17-3 = 0.125,5-23-31-28-3 = 1.0,3-20-12-35-3 = 0.292,3-20-12-17-33-3 = 0.708,3-25-8-3 = 1.0,3-18-35-3 = 0.708,3-21-11-7-14-5 = 0.083,3-21-29-11-14-5 = 0.708,5-27-7-33-19-5 = 0.292,3-10-34-30-3 = 0.708,3-10-34-9-19-5 = 0.292,3-30-9-11-7-29-19-5 = 0.167,3-21-27-9-11-7-5 = 0.042,5-13-16-9-7-5 = 0.25,5-21-27-7-17-3 = 0.167
294,113,601.971,2.0,0.335,-3.333,295,296,5-14-5 = 0.5,5-26-32-22-5 = 0.5,5-26-24-14-5 = 0.5,5-24-32-22-5 = 0.5,5-15-6-5 = 1.0,5-23-31-28-3 = 1.0,3-20-12-17-33-3 = 1.0,3-25-8-3 = 1.0,3-18-35-3 = 1.0,5-13-16-29-19-5 = 1.0,3-10-34-30-3 = 1.0,3-21-27-9-11-7-5 = 1.0
293,113,601.645,5.133,0.01,-0.2,297,298,5-14-5 = 0.1,3-18-3 = 0.267,5-13-16-27-5 = 0.5,5-13-16-9-19-5 = 0.267,5-26-32-22-5 = 0.333,5-24-26-32-5 = 0.333,5-24-26-22-5 = 0.333,5-24-32-22-5 = 0.333,5-15-6-5 = 1.0,5-14-30-29-17-3 = 0.067,5-23-31-28-3 = 1.0,3-20-12-35-3 = 0.267,3-20-12-17-33-3 = 0.733,3-25-8-3 = 1.0,3-18-35-3 = 0.733,3-21-11-7-14-5 = 0.067,3-21-29-11-14-5 = 0.733,5-27-7-33-19-5 = 0.267,3-10-34-30-3 = 0.733,3-10-34-9-19-5 = 0.267,3-30-9-11-7-29-19-5 = 0.2,5-13-16-9-7-5 = 0.233,5-21-27-7-17-3 = 0.2,5-27-9-7-14-5 = 0.033
285,273,601.696,4.556,0.0,-0.222,299,300,3-18-3 = 0.222,3-35-3 = 0.222,5-26-32-22-5 = 0.333,5-24-26-32-5 = 0.333,5-24-26-22-5 = 0.333,5-24-32-22-5 = 0.333,5-15-6-5 = 1.0,5-23-31-28-3 = 1.0,3-20-12-17-33-3 = 0.778,3-20-12-17-33-5 = 0.222,3-25-8-3 = 1.0,3-18-35-3 = 0.778,3-21-13-27-29-3 = 0.222,3-21-27-11-29-19-3 = 0.111,3-21-27-7-11-29-3 = 0.222,3-21-29-11-14-5 = 0.111,3-13-27-11-9-19-3 = 0.444,3-10-34-30-3 = 1.0,3-16-11-9-19-5 = 0.111,3-16-7-14-5 = 0.111,5-16-7-14-5 = 0.667,3-21-13-9-29-19-5 = 0.333,3-16-9-14-5 = 0.111
234,67,601.676,4.744,0.211,0.077,301,302,3-18-3 = 0.205,3-35-3 = 0.205,5-26-32-22-5 = 0.333,5-24-26-32-5 = 0.333,5-24-26-22-5 = 0.333,5-24-32-22-5 = 0.333,5-15-6-5 = 1.0,5-23-31-28-3 = 1.0,5-10-30-14-5 = 0.615,5-14-34-29-19-5 = 0.115,5-16-9-34-3 = 0.154,3-20-12-17-33-3 = 1.0,3-25-8-3 = 1.0,5-21-13-27-7-5 = 0.013,3-18-35-3 = 0.795,3-10-16-11-5 = 0.308,3-34-9-29-11-19-3 = 0.218,3-34-9-29-11-19-5 = 0.436,3-21-13-27-7-5 = 0.718,3-10-34-9-19-5 = 0.077,5-27-16-9-19-5 = 0.115,5-21-13-29-30-3 = 0.231,5-27-16-30-3 = 0.154,5-16-7-14-5 = 0.269,3-21-13-11-19-3 = 0.038
112,109,601.695,5.507,1.503,0.085,303,304,3-18-3 = 0.253,3-35-3 = 0.253,5-26-32-22-5 = 0.333,5-24-26-32-5 = 0.333,5-24-26-22-5 = 0.333,5-24-32-22-5 = 0.333,5-15-6-5 = 1.0,5-23-31-28-3 = 1.0,3-20-12-17-33-3 = 1.0,3-25-8-3 = 1.0,3-30-34-11-19-3 = 0.4,3-18-35-3 = 0.747,3-10-16-11-5 = 0.36,3-10-21-27-7-5 = 0.107,3-21-27-11-9-19-3 = 0.027,3-21-27-11-9-19-5 = 0.2,5-13-27-7-14-5 = 0.467,5-27-16-29-19-3 = 0.2,3-13-11-29-34-3 = 0.013,3-21-13-29-30-3 = 0.173,3-10-30-14-5 = 0.107,3-10-9-7-14-5 = 0.427,3-21-13-9-30-3 = 0.32,3-16-29-34-3 = 0.44,3-21-13-9-29-19-3 = 0.027,3-21-29-34-19-3 = 0.147
201,145,601.831,4.25,0.622,-0.75,305,306,3-18-3 = 0.292,3-35-3 = 0.292,5-13-16-9-19-5 = 0.583,5-26-32-22-5 = 0.333,5-24-26-32-5 = 0.333,5-24-26-22-5 = 0.333,5-24-32-22-5 = 0.333,5-15-6-5 = 1.0,5-23-31-28-3 = 1.0,5-10-21-29-11-3 = 0.354,3-20-12-17-33-3 = 1.0,3-25-8-3 = 1.0,3-30-34-14-5 = 0.938,3-18-35-3 = 0.708,3-10-21-27-7-5 = 0.646,5-7-11-9-29-14-5 = 0.062,5-13-16-29-19-5 = 0.104,5-13-27-7-11-29-3 = 0.229,5-13-27-9-29-11-5 = 0.083,5-27-16-29-19-5 = 0.042,5-9-34-29-11-19-5 = 0.062,5-16-11-9-19-5 = 0.208,3-16-7-29-30-3 = 0.062
190,186,601.668,4.0,0.546,0.333,307,308,3-18-3 = 0.167,3-35-3 = 0.167,5-26-32-22-5 = 0.333,5-24-26-32-5 = 0.333,5-24-26-22-5 = 0.333,5-24-32-22-5 = 0.333,5-15-6-5 = 1.0,5-23-31-28-3 = 1.0,5-16-9-34-3 = 0.5,5-16-11-29-19-3 = 0.5,3-20-12-17-33-3 = 0.833,3-20-12-17-33-5 = 0.167,3-25-8-3 = 1.0,5-21-13-27-7-5 = 0.167,3-18-35-3 = 0.833,3-21-13-27-7-5 = 0.833,3-10-30-14-5 = 1.0,5-9-34-29-11-19-5 = 0.5
189,186,601.617,4.333,0.496,0.667,309,310,3-18-3 = 0.167,3-35-3 = 0.167,5-26-32-22-5 = 0.333,5-24-26-32-5 = 0.333,5-24-26-22-5 = 0.333,5-24-32-22-5 = 0.333,5-15-6-5 = 1.0,5-23-31-28-3 = 1.0,3-20-12-17-33-3 = 1.0,3-25-8-3 = 1.0,5-21-13-27-7-5 = 0.167,3-18-35-3 = 0.833,5-7-11-9-29-34-3 = 0.417,3-21-13-27-7-5 = 0.417,5-27-16-29-19-5 = 0.417,3-10-30-14-5 = 1.0,5-9-34-29-11-19-5 = 0.083,5-16-11-9-19-5 = 0.5,3-21-13-34-3 = 0.417,5-16-29-34-5 = 0.083
264,244,601.747,5.039,0.244,-0.008,311,312,3-18-3 = 0.304,3-35-3 = 0.255,5-26-32-22-5 = 0.333,5-24-26-32-5 = 0.333,5-24-26-22-5 = 0.333,5-24-32-22-5 = 0.333,5-15-6-5 = 1.0,5-14-34-29-19-3 = 0.363,5-23-31-28-3 = 1.0,3-20-12-35-3 = 0.049,3-20-12-17-33-3 = 0.951,3-25-8-3 = 1.0,3-30-9-7-33-3 = 0.049,3-18-35-3 = 0.696,3-10-21-27-7-5 = 0.657,3-34-9-29-11-19-3 = 0.304,3-21-27-11-9-19-5 = 0.02,3-21-11-7-14-5 = 0.186,3-10-34-9-19-5 = 0.029,3-13-16-30-3 = 0.676,3-10-30-14-5 = 0.206,3-10-9-7-14-5 = 0.108,3-30-9-11-29-17-3 = 0.049,3-21-11-9-14-5 = 0.137,3-13-16-27-5 = 0.324,5-9-34-29-11-19-3 = 0.284,5-11-9-34-30-3 = 0.02
193,191,601.778,5.333,0.662,-0.111,313,314,3-18-3 = 0.267,3-35-3 = 0.267,5-26-32-22-5 = 0.333,5-24-26-32-5 = 0.333,5-24-26-22-5 = 0.333,5-24-32-22-5 = 0.333,5-15-6-5 = 1.0,5-23-31-28-3 = 1.0,5-16-9-34-3 = 0.4,5-16-9-29-30-3 = 0.6,3-20-12-17-33-3 = 0.733,3-20-12-17-33-5 = 0.267,3-25-8-3 = 1.0,3-30-34-11-19-5 = 0.2,3-30-34-14-5 = 0.2,3-18-35-3 = 0.733,3-10-21-29-11-5 = 0.067,3-10-13-27-7-5 = 0.333,3-21-29-11-14-5 = 0.133,5-13-27-7-14-5 = 0.667,3-10-21-11-19-5 = 0.6,3-21-29-34-19-5 = 0.2
69,56,601.541,6.758,1.932,1.165,315,316,3-18-3 = 0.394,5-26-32-22-5 = 0.333,5-24-26-32-5 = 0.333,5-24-26-22-5 = 0.333,5-24-32-22-5 = 0.333,5-15-6-5 = 1.0,5-10-16-11-5 = 0.03,5-23-31-28-3 = 1.0,3-12-17-33-19-5 = 0.394,3-20-12-35-3 = 0.394,3-20-12-17-33-3 = 0.152,3-20-12-17-33-5 = 0.061,3-20-17-33-19-5 = 0.394,3-25-8-3 = 1.0,3-18-35-3 = 0.606,3-10-34-9-29-3 = 0.455,3-10-21-27-7-5 = 0.424,3-21-16-27-5 = 0.152,5-13-16-29-19-5 = 0.091,5-13-27-7-14-5 = 0.424,5-21-29-11-14-5 = 0.424,3-13-16-9-19-5 = 0.03,3-13-16-30-3 = 0.455,3-10-16-19-5 = 0.091,5-16-7-14-5 = 0.152,5-11-29-34-30-3 = 0.03,5-11-9-34-30-3 = 0.515
315,69,601.928,4.667,0.386,-2.091,317,318,3-18-3 = 0.333,3-35-3 = 0.167,5-26-32-22-5 = 0.333,5-24-26-32-5 = 0.333,5-24-26-22-5 = 0.333,5-24-32-22-5 = 0.333,5-15-6-5 = 1.0,5-23-31-28-3 = 1.0,3-12-17-33-19-5 = 0.167,3-20-12-35-3 = 0.167,3-20-12-17-33-3 = 0.667,3-20-17-33-19-5 = 0.167,3-25-8-3 = 1.0,3-18-35-3 = 0.667,3-10-21-27-7-5 = 0.667,5-13-27-7-14-5 = 0.333,3-13-16-29-19-5 = 0.667,3-10-21-14-5 = 0.333,5-16-29-14-5 = 0.333,5-11-9-34-30-3 = 1.0
316,69,601.729,6.0,0.188,-0.758,319,320,3-18-3 = 0.333,3-35-3 = 0.167,5-13-16-9-19-5 = 0.333,5-26-32-22-5 = 0.333,5-24-26-32-5 = 0.333,5-24-26-22-5 = 0.333,5-24-32-22-5 = 0.333,5-15-6-5 = 1.0,5-23-31-28-3 = 1.0,3-12-17-33-19-5 = 0.167,3-20-12-35-3 = 0.167,3-20-12-17-33-3 = 0.667,3-20-17-33-19-5 = 0.167,3-25-8-3 = 1.0,3-18-35-3 = 0.667,3-10-21-27-7-5 = 0.333,3-21-16-27-5 = 0.333,5-13-27-7-14-5 = 0.333,5-7-11-34-30-3 = 0.333,3-13-16-9-19-5 = 0.333,3-10-21-14-5 = 0.333,5-11-29-34-30-3 = 0.667,3-10-9-29-14-5 = 0.333
317,315,602.163,2.0,0.235,-2.667,321,322,5-14-5 = 0.5,5-26-32-22-5 = 0.5,5-26-24-14-5 = 0.5,5-24-32-22-5 = 0.5,5-15-6-5 = 1.0,5-23-31-28-3 = 1.0,3-20-12-17-33-3 = 1.0,3-25-8-3 = 1.0,3-18-35-3 = 1.0,3-10-21-27-7-5 = 1.0,3-13-16-29-19-5 = 1.0,5-11-9-34-30-3 = 1.0
321,317,612.225,0.0,10.062,0.0,Prune by CG,,5-26-32-22-5 = 1.0,5-24-14-5 = 1.0,5-15-6-5 = 1.0,5-23-31-28-3 = 1.0,3-20-12-17-33-3 = 1.0,3-25-8-3 = 1.0,3-18-35-3 = 1.0,3-10-21-27-7-5 = 1.0,3-13-16-29-19-5 = 1.0,5-11-9-34-30-3 = 1.0
138,121,601.694,5.364,1.198,0.466,323,324,3-18-3 = 0.364,3-35-3 = 0.167,5-7-11-29-34-19-5 = 0.182,5-13-16-9-19-3 = 0.394,5-26-32-22-5 = 0.333,5-24-26-32-5 = 0.333,5-24-26-22-5 = 0.333,5-24-32-22-5 = 0.333,5-15-6-5 = 1.0,5-10-16-11-5 = 0.273,5-23-31-28-3 = 1.0,5-16-11-9-29-3 = 0.061,3-12-17-33-19-5 = 0.106,3-20-12-35-3 = 0.197,3-20-12-17-33-3 = 0.636,3-20-12-17-33-5 = 0.061,3-20-17-33-19-5 = 0.106,3-25-8-3 = 1.0,3-30-34-14-5 = 0.818,3-30-9-7-33-3 = 0.091,3-18-35-3 = 0.636,3-10-21-27-7-5 = 0.727,5-13-16-29-19-5 = 0.212,5-13-27-11-9-29-3 = 0.212,5-27-16-9-29-3 = 0.061,5-21-29-11-14-5 = 0.182,5-13-11-9-29-17-3 = 0.091,3-21-13-9-30-3 = 0.091
278,233,601.836,4.833,0.307,-0.389,325,326,3-18-3 = 0.167,3-35-3 = 0.167,5-26-32-22-5 = 0.333,5-24-26-32-5 = 0.333,5-24-26-22-5 = 0.333,5-24-32-22-5 = 0.333,5-15-6-5 = 1.0,5-23-31-28-3 = 1.0,5-16-9-34-3 = 0.25,3-20-12-17-33-3 = 1.0,3-25-8-3 = 1.0,3-30-34-11-7-5 = 0.25,5-21-13-27-7-5 = 0.5,3-18-35-3 = 0.833,3-34-9-29-11-19-3 = 0.083,3-34-9-29-11-19-5 = 0.167,3-21-13-11-29-3 = 0.5,5-27-16-29-19-5 = 0.25,3-10-34-9-19-5 = 0.083,5-27-16-9-19-5 = 0.25,3-10-30-14-5 = 0.75,5-10-34-9-19-5 = 0.167,5-16-7-14-5 = 0.25
250,165,601.825,5.989,0.387,-0.144,327,328,3-18-3 = 0.31,3-35-3 = 0.126,5-26-32-22-5 = 0.333,5-24-26-32-5 = 0.333,5-24-26-22-5 = 0.333,5-24-32-22-5 = 0.333,5-15-6-5 = 1.0,5-23-31-28-3 = 1.0,3-20-12-35-3 = 0.184,3-20-12-17-33-3 = 0.816,3-25-8-3 = 1.0,3-30-34-14-5 = 0.368,3-30-9-7-33-3 = 0.184,3-18-35-3 = 0.69,3-10-16-11-3 = 0.23,3-10-13-27-29-3 = 0.161,3-34-9-29-11-19-5 = 0.391,3-21-16-27-5 = 0.092,5-27-11-7-14-5 = 0.138,3-13-11-9-34-3 = 0.241,5-27-16-9-19-5 = 0.184,3-21-13-29-30-3 = 0.448,3-10-21-27-19-3 = 0.425,3-16-7-14-5 = 0.149,3-10-21-7-17-3 = 0.034,5-16-7-14-5 = 0.345,3-10-13-7-17-3 = 0.149
319,316,601.753,6.333,0.024,0.333,329,330,3-18-3 = 0.333,3-35-3 = 0.167,5-26-32-22-5 = 0.333,5-24-26-32-5 = 0.333,5-24-26-22-5 = 0.333,5-24-32-22-5 = 0.333,5-15-6-5 = 1.0,5-23-31-28-3 = 1.0,3-12-17-33-19-5 = 0.167,3-20-12-35-3 = 0.167,3-20-12-17-33-3 = 0.333,3-20-12-17-33-5 = 0.333,3-20-17-33-19-5 = 0.167,3-25-8-3 = 1.0,3-18-35-3 = 0.667,3-10-34-9-29-3 = 0.333,3-10-21-27-7-5 = 0.333,5-13-27-7-14-5 = 0.333,5-21-29-11-14-5 = 0.333,5-7-11-34-30-3 = 0.333,3-13-16-9-19-5 = 0.667,3-10-21-14-5 = 0.333,5-27-16-30-3 = 0.333,5-11-29-34-30-3 = 0.333
329,319,601.92,3.583,0.168,-2.75,331,332,5-14-5 = 0.458,5-26-32-22-5 = 0.333,5-24-26-32-5 = 0.333,5-24-26-22-5 = 0.333,5-24-32-22-5 = 0.333,5-15-6-5 = 1.0,5-23-31-28-3 = 1.0,3-20-12-17-33-3 = 1.0,3-25-8-3 = 1.0,3-18-35-3 = 1.0,3-10-21-27-7-5 = 0.583,3-21-16-27-5 = 0.083,5-13-27-7-14-5 = 0.125,5-21-29-11-14-5 = 0.042,3-13-27-7-14-5 = 0.042,5-7-11-34-30-3 = 0.167,3-13-16-9-19-5 = 0.833,3-10-21-14-5 = 0.083,3-10-21-27-19-5 = 0.167,5-16-7-14-5 = 0.083,3-21-34-30-3 = 0.042,5-11-29-34-30-3 = 0.792,3-10-9-29-14-5 = 0.167
220,161,602.165,3.333,0.918,-2.19,333,334,5-14-5 = 0.467,5-13-16-30-3 = 0.733,5-13-27-16-3 = 0.133,5-26-32-22-5 = 0.333,5-24-26-32-5 = 0.333,5-24-26-22-5 = 0.333,5-24-32-22-5 = 0.333,5-15-6-5 = 1.0,5-23-31-28-3 = 1.0,5-10-30-14-5 = 0.067,3-20-12-17-33-3 = 1.0,3-25-8-3 = 1.0,3-30-34-14-5 = 0.2,3-18-35-3 = 1.0,3-10-21-27-7-5 = 0.8,3-34-9-29-11-19-5 = 0.8,3-21-27-11-9-19-5 = 0.067,3-21-11-7-14-5 = 0.067,3-21-29-11-14-5 = 0.067,5-13-16-29-19-3 = 0.133,5-10-9-7-14-5 = 0.133
303,112,601.836,5.381,0.141,-0.126,335,336,3-18-3 = 0.262,3-35-3 = 0.262,5-26-32-22-5 = 0.333,5-24-26-32-5 = 0.333,5-24-26-22-5 = 0.333,5-24-32-22-5 = 0.333,5-15-6-5 = 1.0,5-23-31-28-3 = 1.0,3-20-12-17-33-3 = 1.0,3-25-8-3 = 1.0,3-30-34-11-19-3 = 0.167,3-30-34-14-5 = 0.357,3-18-35-3 = 0.738,3-10-16-11-5 = 0.238,3-10-21-27-7-5 = 0.262,3-21-27-11-9-19-3 = 0.071,5-27-16-29-19-3 = 0.571,3-13-27-7-14-5 = 0.095,3-13-11-29-34-3 = 0.429,3-21-16-7-19-5 = 0.071,3-21-16-7-19-3 = 0.024,3-10-21-11-19-5 = 0.048,3-10-9-7-14-5 = 0.452,3-21-34-11-19-5 = 0.048,3-21-13-9-30-3 = 0.476,5-16-7-14-5 = 0.095
302,234,601.761,5.159,0.085,0.415,337,338,3-18-3 = 0.222,3-35-3 = 0.222,5-26-32-22-5 = 0.349,5-26-24-14-5 = 0.048,5-24-26-32-5 = 0.302,5-24-26-22-5 = 0.302,5-24-32-22-5 = 0.349,5-15-6-5 = 1.0,5-23-31-28-3 = 1.0,5-10-30-14-5 = 0.429,5-14-34-29-19-5 = 0.143,3-20-12-17-33-3 = 1.0,3-25-8-3 = 1.0,3-18-35-3 = 0.778,3-10-16-11-5 = 0.429,3-34-9-29-11-19-5 = 0.524,3-21-13-27-7-5 = 0.619,5-27-16-9-19-3 = 0.143,3-10-34-9-19-5 = 0.143,5-21-13-29-30-3 = 0.333,5-27-16-30-3 = 0.238,5-7-9-34-14-5 = 0.19,5-16-7-14-5 = 0.19,3-21-13-11-19-3 = 0.048
337,302,601.764,5.174,0.003,0.015,339,340,3-18-3 = 0.217,3-35-3 = 0.217,5-26-32-22-5 = 0.348,5-26-24-14-5 = 0.043,5-24-26-32-5 = 0.304,5-24-26-22-5 = 0.304,5-24-32-22-5 = 0.348,5-15-6-5 = 1.0,5-23-31-28-3 = 1.0,5-10-30-14-5 = 0.435,5-14-34-29-19-5 = 0.13,3-20-12-17-33-3 = 1.0,3-25-8-3 = 1.0,3-18-35-3 = 0.783,3-10-16-11-5 = 0.391,3-34-9-29-11-19-5 = 0.522,3-21-13-27-7-5 = 0.609,3-21-13-11-29-3 = 0.043,5-27-16-9-19-3 = 0.13,3-10-34-9-19-5 = 0.174,5-21-13-29-30-3 = 0.304,5-27-16-30-3 = 0.261,5-7-9-34-14-5 = 0.174,5-16-7-14-5 = 0.217,3-21-13-11-19-3 = 0.043
194,191,601.682,6.538,0.566,1.094,341,342,3-18-3 = 0.385,5-26-32-22-5 = 0.333,5-24-26-32-5 = 0.333,5-24-26-22-5 = 0.333,5-24-32-22-5 = 0.333,5-15-6-5 = 1.0,5-23-31-28-3 = 1.0,5-16-29-34-3 = 0.282,3-20-12-35-3 = 0.385,3-20-12-17-33-3 = 0.615,3-25-8-3 = 1.0,3-30-34-11-7-5 = 0.026,3-30-34-11-19-5 = 0.051,5-21-16-27-5 = 0.462,3-18-35-3 = 0.615,3-10-21-27-7-5 = 0.051,3-10-13-27-7-5 = 0.128,3-21-29-11-14-5 = 0.333,5-13-27-7-14-5 = 0.256,5-13-7-33-19-5 = 0.385,3-13-11-9-34-3 = 0.205,3-10-34-9-19-5 = 0.41,3-10-30-14-5 = 0.41,3-30-9-11-29-17-3 = 0.385,5-27-16-30-3 = 0.103,5-21-16-7-19-5 = 0.154,5-13-34-30-3 = 0.026
231,211,601.789,4.095,0.008,0.429,343,344,3-8-3 = 0.095,5-14-5 = 0.381,5-26-32-22-5 = 0.333,5-24-26-32-5 = 0.333,5-24-26-22-5 = 0.333,5-24-32-22-5 = 0.333,5-15-6-5 = 1.0,5-23-31-28-3 = 0.952,3-20-12-17-33-3 = 1.0,3-25-28-3 = 0.048,3-25-8-3 = 0.905,3-18-35-3 = 1.0,5-13-27-7-14-5 = 0.19,5-27-11-7-14-5 = 0.095,5-21-29-11-14-5 = 0.333,3-13-16-29-19-5 = 0.571,3-10-34-30-3 = 0.952,3-13-16-9-19-5 = 0.238,3-21-16-7-19-5 = 0.048,3-16-27-9-19-5 = 0.048,3-10-30-9-29-19-3 = 0.048,3-21-29-34-19-5 = 0.048,5-27-16-9-7-5 = 0.095,5-21-27-9-11-7-5 = 0.571,5-23-31-25-5 = 0.048
343,231,601.793,3.6,0.004,-0.495,345,346,5-14-5 = 0.467,5-26-32-22-5 = 0.333,5-24-26-32-5 = 0.333,5-24-26-22-5 = 0.333,5-24-32-22-5 = 0.333,5-15-6-5 = 1.0,5-23-31-28-3 = 1.0,3-20-12-17-33-3 = 1.0,3-25-8-3 = 1.0,3-18-35-3 = 1.0,5-7-11-9-29-14-5 = 0.067,5-13-27-7-14-5 = 0.2,5-21-29-11-14-5 = 0.267,3-13-16-29-19-5 = 0.533,3-10-34-30-3 = 1.0,3-13-16-9-19-5 = 0.267,3-21-16-7-19-5 = 0.067,3-16-27-29-19-5 = 0.133,5-21-27-9-11-7-5 = 0.667
228,140,601.828,6.222,0.648,0.289,347,348,3-18-3 = 0.389,3-35-3 = 0.056,5-26-32-22-5 = 0.444,5-24-26-32-5 = 0.278,5-24-26-22-5 = 0.278,5-24-32-22-5 = 0.278,5-15-6-5 = 1.0,5-23-31-28-3 = 1.0,3-20-12-35-3 = 0.333,3-20-12-17-33-3 = 0.611,3-20-12-17-33-5 = 0.056,3-25-8-3 = 1.0,3-30-9-7-33-5 = 0.167,3-18-35-3 = 0.611,3-21-27-11-29-19-5 = 0.333,3-21-29-11-14-5 = 0.444,5-21-29-11-14-5 = 0.222,3-10-34-30-3 = 0.667,3-13-16-30-3 = 0.167,3-13-16-9-19-3 = 0.5,5-7-9-34-14-5 = 0.333,3-13-27-16-3 = 0.333,3-10-27-7-17-3 = 0.333,5-24-7-33-19-5 = 0.167
104,101,601.875,5.43,1.825,0.097,349,350,3-18-3 = 0.28,5-26-32-22-5 = 0.333,5-24-26-32-5 = 0.333,5-24-26-22-5 = 0.333,5-24-32-22-5 = 0.333,5-15-6-5 = 1.0,5-23-31-28-3 = 1.0,5-16-9-29-30-3 = 0.054,3-12-17-33-19-5 = 0.258,3-20-12-35-3 = 0.28,3-20-12-17-33-3 = 0.312,3-20-12-17-33-5 = 0.151,3-20-17-33-19-5 = 0.258,3-25-8-3 = 1.0,3-30-9-11-14-5 = 0.043,3-30-9-7-33-3 = 0.022,3-16-11-9-29-3 = 0.333,3-18-35-3 = 0.72,3-21-27-11-9-19-3 = 0.323,5-13-27-7-14-5 = 0.613,3-13-27-7-14-5 = 0.065,3-13-11-7-14-5 = 0.28,3-10-34-30-3 = 0.839,3-10-34-9-19-3 = 0.161,3-21-13-9-30-3 = 0.043,3-21-16-29-3 = 0.613,3-21-9-11-7-17-3 = 0.022
330,319,602.099,5.095,0.346,-1.238,351,352,3-18-3 = 0.286,3-35-3 = 0.286,5-26-32-22-5 = 0.333,5-24-26-32-5 = 0.333,5-24-26-22-5 = 0.333,5-24-32-22-5 = 0.333,5-15-6-5 = 1.0,5-10-16-11-3 = 0.048,5-23-31-28-3 = 1.0,5-16-9-29-30-3 = 0.095,3-20-12-17-33-5 = 1.0,3-25-8-3 = 1.0,3-18-35-3 = 0.714,3-10-34-9-29-3 = 0.048,3-10-21-27-7-5 = 0.286,5-13-27-7-14-5 = 0.238,5-21-29-11-14-5 = 0.619,3-13-16-29-19-5 = 0.143,3-13-27-7-14-5 = 0.143,3-10-34-9-19-3 = 0.619,5-7-11-34-30-3 = 0.333,3-13-16-9-19-5 = 0.238,3-21-13-29-30-3 = 0.095,3-13-16-30-3 = 0.143,5-27-16-30-3 = 0.333
332,329,602.163,2.0,0.243,-1.583,353,354,5-14-5 = 0.5,5-26-32-22-5 = 0.5,5-26-24-14-5 = 0.5,5-24-32-22-5 = 0.5,5-15-6-5 = 1.0,5-23-31-28-3 = 1.0,3-20-12-17-33-3 = 1.0,3-25-8-3 = 1.0,3-18-35-3 = 1.0,3-10-21-27-7-5 = 1.0,3-13-16-9-19-5 = 1.0,5-11-29-34-30-3 = 1.0
174,128,601.791,5.733,0.938,0.836,355,356,3-18-3 = 0.267,3-35-3 = 0.267,5-13-16-9-19-5 = 0.2,5-26-32-22-5 = 0.333,5-24-26-32-5 = 0.333,5-24-26-22-5 = 0.333,5-24-32-22-5 = 0.333,5-15-6-5 = 1.0,5-23-31-28-3 = 1.0,3-20-12-17-33-3 = 0.4,3-20-12-17-33-5 = 0.6,3-25-8-3 = 1.0,3-18-35-3 = 0.733,5-7-11-9-29-14-5 = 0.4,3-21-16-27-5 = 0.4,5-13-16-29-19-5 = 0.4,5-13-27-7-14-5 = 0.4,5-21-11-7-14-5 = 0.2,3-10-34-30-3 = 0.8,5-9-34-29-11-19-5 = 0.2,5-21-27-11-9-19-5 = 0.2,3-21-10-30-3 = 0.2
305,201,601.906,4.333,0.075,0.083,357,358,3-18-3 = 0.292,3-35-3 = 0.292,5-13-16-9-19-5 = 0.625,5-26-32-22-5 = 0.333,5-24-26-32-5 = 0.333,5-24-26-22-5 = 0.333,5-24-32-22-5 = 0.333,5-15-6-5 = 1.0,5-23-31-28-3 = 1.0,5-10-21-29-11-3 = 0.292,3-20-12-17-33-3 = 1.0,3-25-8-3 = 1.0,3-30-34-14-5 = 0.792,3-16-27-30-3 = 0.125,3-18-35-3 = 0.708,3-10-21-27-7-5 = 0.708,5-7-11-9-29-14-5 = 0.042,5-13-16-29-19-3 = 0.042,5-13-27-7-11-29-3 = 0.167,5-13-29-11-14-5 = 0.167,5-9-34-29-11-19-5 = 0.208,5-16-11-9-19-5 = 0.125,3-16-7-29-30-3 = 0.083
235,215,602.045,5.429,0.699,-0.821,359,360,3-18-3 = 0.357,3-35-3 = 0.179,5-26-32-22-5 = 0.5,5-26-24-14-5 = 0.5,5-24-32-22-5 = 0.5,5-15-6-5 = 1.0,5-14-30-29-17-3 = 0.036,5-23-31-28-3 = 1.0,3-20-12-35-3 = 0.179,3-20-12-17-33-3 = 0.821,3-25-8-3 = 1.0,3-30-34-14-5 = 0.036,3-30-9-7-33-3 = 0.179,3-18-35-3 = 0.643,3-10-34-9-29-3 = 0.25,3-21-27-11-9-19-3 = 0.321,3-21-27-7-11-9-3 = 0.25,5-21-11-7-14-5 = 0.429,3-13-16-29-19-5 = 0.679,3-10-34-30-3 = 0.643,3-30-34-7-17-3 = 0.071,3-13-16-27-5 = 0.321,3-10-27-7-17-3 = 0.071,3-10-27-29-30-3 = 0.036
251,199,601.959,5.167,0.449,0.0,361,362,5-14-5 = 0.417,5-26-32-22-5 = 0.333,5-24-26-32-5 = 0.333,5-24-26-22-5 = 0.333,5-24-32-22-5 = 0.333,5-15-6-5 = 1.0,5-23-31-28-3 = 1.0,3-20-12-17-33-3 = 0.75,3-20-12-17-33-5 = 0.25,3-25-8-3 = 1.0,3-18-35-3 = 1.0,3-10-34-9-29-3 = 0.333,3-21-16-11-3 = 0.583,3-13-27-11-29-19-5 = 0.167,3-13-27-7-14-5 = 0.583,3-10-34-30-3 = 0.25,3-10-34-9-19-3 = 0.417,3-30-9-11-7-29-19-5 = 0.25,3-21-13-29-30-3 = 0.25,3-21-16-7-19-3 = 0.167,5-27-16-30-3 = 0.25
208,166,601.995,5.471,0.697,-0.196,363,364,3-18-3 = 0.314,3-35-3 = 0.157,5-21-10-30-3 = 0.029,5-26-32-22-5 = 0.333,5-24-26-32-5 = 0.333,5-24-26-22-5 = 0.333,5-24-32-22-5 = 0.333,5-15-6-5 = 1.0,5-23-31-28-3 = 1.0,5-10-30-29-17-3 = 0.049,5-10-21-7-17-3 = 0.078,5-16-9-29-30-3 = 0.353,3-20-12-35-3 = 0.157,3-20-12-17-33-3 = 0.843,3-25-8-3 = 1.0,3-30-34-11-19-5 = 0.245,3-30-34-14-5 = 0.265,3-16-9-34-3 = 0.431,3-18-35-3 = 0.686,3-10-21-29-11-3 = 0.48,3-13-27-7-14-5 = 0.735,3-13-7-33-19-5 = 0.157,5-27-16-9-19-5 = 0.157,3-10-30-9-29-19-3 = 0.059,3-21-13-27-19-5 = 0.108,3-10-21-7-17-3 = 0.029,3-16-29-34-3 = 0.059,3-10-21-11-19-3 = 0.275
339,337,601.948,5.333,0.183,0.159,365,366,3-18-3 = 0.222,3-35-3 = 0.222,5-26-32-22-5 = 0.333,5-24-26-32-5 = 0.333,5-24-26-22-5 = 0.333,5-24-32-22-5 = 0.333,5-15-6-5 = 1.0,5-23-31-28-3 = 1.0,5-10-30-14-5 = 0.444,3-20-12-17-33-3 = 1.0,3-25-8-3 = 1.0,3-18-35-3 = 0.778,3-10-16-11-5 = 0.444,3-34-9-29-11-19-5 = 0.556,3-21-13-27-7-5 = 0.444,5-27-16-29-19-5 = 0.111,3-10-34-9-19-5 = 0.111,5-21-13-29-30-3 = 0.333,5-27-16-30-3 = 0.222,5-7-9-34-14-5 = 0.333,5-16-7-14-5 = 0.222,3-21-13-27-19-3 = 0.222
221,61,601.852,4.333,0.25,1.0,367,368,5-14-5 = 0.111,3-18-3 = 0.111,3-35-3 = 0.056,5-26-32-22-5 = 0.333,5-24-26-32-5 = 0.333,5-24-26-22-5 = 0.333,5-24-32-22-5 = 0.333,5-15-6-5 = 1.0,5-23-31-28-3 = 1.0,3-12-17-33-19-5 = 0.056,3-20-12-35-3 = 0.056,3-20-12-17-33-3 = 0.889,3-20-17-33-19-5 = 0.056,3-25-8-3 = 1.0,3-18-35-3 = 0.889,5-7-11-9-29-14-5 = 0.444,3-21-13-27-7-5 = 0.556,3-10-34-30-3 = 1.0,5-27-16-9-19-5 = 0.111,3-21-13-27-19-5 = 0.333,5-16-11-29-19-5 = 0.444,5-16-9-14-5 = 0.444,5-21-13-29-11-5 = 0.111
367,221,601.898,3.733,0.046,-0.6,369,370,5-14-5 = 0.267,5-26-32-22-5 = 0.333,5-24-26-32-5 = 0.333,5-24-26-22-5 = 0.333,5-24-32-22-5 = 0.333,5-15-6-5 = 1.0,5-23-31-28-3 = 1.0,3-20-12-17-33-3 = 1.0,3-25-8-3 = 1.0,3-18-35-3 = 1.0,5-7-11-9-29-14-5 = 0.4,3-21-13-27-7-5 = 0.6,3-10-34-30-3 = 1.0,5-27-16-9-19-5 = 0.067,3-21-13-27-19-5 = 0.267,5-16-11-29-19-5 = 0.533,5-16-11-9-19-5 = 0.067,3-21-13-27-9-5 = 0.067,5-16-9-14-5 = 0.267,3-16-9-14-5 = 0.067,5-21-13-9-29-19-5 = 0.067
156,89,602.005,5.333,1.258,0.143,371,372,3-18-3 = 0.255,3-35-3 = 0.255,5-26-32-22-5 = 0.333,5-24-26-32-5 = 0.333,5-24-26-22-5 = 0.333,5-24-32-22-5 = 0.333,5-15-6-5 = 1.0,5-23-31-28-3 = 1.0,5-16-11-30-3 = 0.353,3-20-12-17-33-3 = 0.647,3-20-12-17-33-5 = 0.353,3-25-8-3 = 1.0,3-16-9-29-30-3 = 0.059,3-18-35-3 = 0.745,3-21-16-27-5 = 0.412,5-13-27-7-14-5 = 0.471,5-13-11-7-14-5 = 0.235,5-21-29-11-14-5 = 0.294,3-10-34-9-19-5 = 0.941,3-10-34-29-19-5 = 0.059,5-21-13-29-30-3 = 0.294,5-27-7-11-29-30-3 = 0.118,3-16-7-29-30-3 = 0.176
371,156,602.007,5.095,0.002,-0.238,373,374,3-18-3 = 0.262,3-35-3 = 0.262,5-26-32-22-5 = 0.333,5-24-26-32-5 = 0.333,5-24-26-22-5 = 0.333,5-24-32-22-5 = 0.333,5-15-6-5 = 1.0,5-23-31-28-3 = 1.0,5-16-11-30-3 = 0.262,3-20-12-17-33-3 = 0.738,3-20-12-17-33-5 = 0.262,3-25-8-3 = 1.0,3-16-9-29-30-3 = 0.024,3-18-35-3 = 0.738,3-21-16-27-5 = 0.405,5-13-27-7-14-5 = 0.429,5-13-11-7-14-5 = 0.214,5-21-29-11-14-5 = 0.357,3-10-34-9-19-5 = 0.976,3-10-34-29-19-5 = 0.024,5-21-13-29-30-3 = 0.238,5-27-7-11-29-30-3 = 0.048,5-13-27-11-30-3 = 0.119,3-16-7-29-30-3 = 0.31
357,305,602.024,4.417,0.118,0.083,375,376,3-18-3 = 0.292,3-35-3 = 0.292,5-13-16-9-19-5 = 0.625,5-26-32-22-5 = 0.333,5-24-26-32-5 = 0.333,5-24-26-22-5 = 0.333,5-24-32-22-5 = 0.333,5-15-6-5 = 1.0,5-23-31-28-3 = 1.0,5-10-21-29-11-3 = 0.333,5-16-11-29-19-3 = 0.042,3-20-12-17-33-3 = 1.0,3-25-8-3 = 1.0,3-30-34-14-5 = 0.792,3-18-35-3 = 0.708,3-10-21-27-7-5 = 0.667,5-13-27-11-9-19-5 = 0.125,5-13-27-7-14-5 = 0.042,5-13-27-9-11-7-5 = 0.042,5-13-29-11-14-5 = 0.167,5-27-16-11-3 = 0.083,5-9-34-29-11-19-5 = 0.208,3-16-27-7-29-3 = 0.042,3-16-7-29-30-3 = 0.208
265,239,602.197,3.25,0.673,-1.083,377,378,3-18-3 = 0.312,3-35-3 = 0.312,5-26-32-22-5 = 0.5,5-26-24-14-5 = 0.5,5-24-32-22-5 = 0.5,5-14-30-34-3 = 0.188,5-15-6-5 = 1.0,5-23-31-28-3 = 1.0,3-20-12-17-33-3 = 1.0,3-25-8-3 = 1.0,3-30-34-11-29-3 = 0.812,3-18-35-3 = 0.688,3-10-21-27-7-5 = 0.875,3-21-29-11-14-5 = 0.125,3-13-16-9-19-3 = 1.0,3-10-7-29-14-5 = 0.062,3-10-27-14-5 = 0.062,3-27-11-7-14-5 = 0.062
158,40,601.897,6.204,1.303,0.871,379,380,3-18-3 = 0.269,3-35-3 = 0.269,3-31-28-3 = 0.28,5-26-32-22-5 = 0.441,5-24-26-32-5 = 0.28,5-24-26-22-5 = 0.28,5-24-32-22-5 = 0.28,5-15-23-6-5 = 0.28,5-15-6-5 = 0.72,5-23-31-28-3 = 0.72,5-16-11-9-29-3 = 0.118,5-24-7-11-9-30-3 = 0.161,3-20-12-17-33-3 = 1.0,3-25-8-3 = 1.0,3-16-9-29-30-3 = 0.032,3-18-35-3 = 0.731,3-10-34-9-29-3 = 0.043,3-21-16-27-5 = 0.29,5-21-29-11-14-5 = 0.29,3-13-27-7-14-5 = 0.71,3-10-34-30-3 = 0.516,3-10-34-9-19-3 = 0.441,3-21-13-29-30-3 = 0.29,3-21-16-7-19-3 = 0.129,5-16-11-29-19-5 = 0.226,5-16-11-9-19-5 = 0.204
284,79,602.056,6.229,0.563,-0.067,381,382,3-18-3 = 0.323,3-35-3 = 0.198,5-13-16-27-5 = 0.312,5-13-16-9-19-3 = 0.156,5-26-32-22-5 = 0.333,5-24-26-32-5 = 0.333,5-24-26-22-5 = 0.333,5-24-32-22-5 = 0.333,5-15-6-5 = 1.0,5-23-31-28-3 = 1.0,5-10-30-14-5 = 0.104,5-10-21-27-7-5 = 0.438,3-20-12-35-3 = 0.125,3-20-12-17-33-3 = 0.677,3-20-12-17-33-5 = 0.198,3-25-8-3 = 1.0,3-30-34-11-19-5 = 0.062,3-30-34-9-11-3 = 0.25,3-30-34-14-5 = 0.344,3-18-35-3 = 0.677,3-10-34-9-29-3 = 0.344,3-21-27-11-9-19-3 = 0.125,3-21-11-7-14-5 = 0.438,5-13-16-29-19-5 = 0.531,5-27-7-33-19-5 = 0.125,3-10-30-14-5 = 0.115,3-30-9-11-29-17-3 = 0.125
382,284,602.207,4.242,0.151,-1.987,383,384,5-14-5 = 0.394,3-18-3 = 0.061,5-13-16-27-5 = 0.182,5-13-16-9-19-3 = 0.03,5-26-32-22-5 = 0.333,5-24-26-32-5 = 0.333,5-24-26-22-5 = 0.333,5-24-32-22-5 = 0.333,5-15-6-5 = 1.0,5-10-34-9-29-3 = 0.212,5-23-31-28-3 = 1.0,3-20-12-35-3 = 0.061,3-20-12-17-33-3 = 0.939,3-25-8-3 = 1.0,3-30-34-9-11-3 = 0.576,3-30-34-14-5 = 0.212,3-18-35-3 = 0.939,3-10-21-27-7-5 = 0.636,3-21-27-11-9-19-3 = 0.121,3-21-11-7-14-5 = 0.242,5-13-16-29-19-5 = 0.788,5-27-7-33-19-5 = 0.061,3-10-30-14-5 = 0.152,3-30-9-11-7-17-3 = 0.061
153,68,601.815,6.444,1.133,1.412,385,386,3-18-3 = 0.389,5-26-32-22-5 = 0.333,5-24-26-32-5 = 0.333,5-24-26-22-5 = 0.333,5-24-32-22-5 = 0.333,5-15-6-5 = 1.0,5-23-31-28-3 = 1.0,5-10-30-14-5 = 0.278,3-20-12-35-3 = 0.389,3-20-12-17-33-3 = 0.611,3-25-8-3 = 1.0,3-30-34-11-29-3 = 0.278,3-16-9-29-30-3 = 0.167,3-18-35-3 = 0.611,3-10-16-11-5 = 0.056,3-10-21-29-11-5 = 0.056,3-21-16-27-5 = 0.444,3-21-16-11-3 = 0.056,3-21-29-11-14-5 = 0.167,5-13-27-7-14-5 = 0.556,5-13-7-33-19-5 = 0.389,3-13-11-29-34-3 = 0.056,3-10-34-9-19-5 = 0.222,3-30-9-11-29-17-3 = 0.222,3-21-16-17-3 = 0.167,5-7-29-34-30-3 = 0.056,3-21-16-11-5 = 0.111,5-10-34-9-19-5 = 0.389
385,153,602.013,6.103,0.198,-0.342,387,388,3-18-3 = 0.359,3-35-3 = 0.051,5-26-32-22-5 = 0.333,5-24-26-32-5 = 0.333,5-24-26-22-5 = 0.333,5-24-32-22-5 = 0.333,5-15-6-5 = 1.0,5-23-31-28-3 = 1.0,5-10-30-14-5 = 0.205,3-20-12-35-3 = 0.308,3-20-12-17-33-3 = 0.692,3-25-8-3 = 1.0,3-30-34-11-29-3 = 0.077,3-16-9-29-30-3 = 0.115,3-18-35-3 = 0.641,3-10-16-11-5 = 0.038,3-21-16-27-5 = 0.538,3-21-29-11-14-5 = 0.154,5-13-27-7-14-5 = 0.462,5-13-7-33-19-3 = 0.103,5-13-7-33-19-5 = 0.205,3-13-11-29-34-3 = 0.231,3-21-16-7-19-5 = 0.115,3-10-30-14-5 = 0.179,3-30-9-11-29-17-3 = 0.308,5-7-29-34-30-3 = 0.115,3-21-16-11-5 = 0.192,5-10-34-9-19-5 = 0.577
360,235,602.048,5.64,0.003,0.211,389,390,3-18-3 = 0.36,3-35-3 = 0.16,5-26-32-22-5 = 0.48,5-26-24-14-5 = 0.44,5-24-26-32-5 = 0.04,5-24-26-22-5 = 0.04,5-24-32-22-5 = 0.48,5-15-6-5 = 1.0,5-14-30-29-17-3 = 0.04,5-23-31-28-3 = 1.0,3-20-12-35-3 = 0.2,3-20-12-17-33-3 = 0.8,3-25-8-3 = 1.0,3-30-34-14-5 = 0.04,3-30-9-7-33-3 = 0.2,3-18-35-3 = 0.64,3-10-34-9-29-3 = 0.28,3-21-27-11-9-19-3 = 0.36,3-21-27-7-11-9-3 = 0.16,5-21-11-7-14-5 = 0.48,3-13-16-29-19-5 = 0.64,3-10-34-30-3 = 0.6,3-30-34-7-17-3 = 0.08,3-13-16-27-5 = 0.36,3-10-27-7-17-3 = 0.08,3-10-27-29-30-3 = 0.04
336,303,602.076,5.506,0.24,0.125,391,392,3-18-3 = 0.253,3-35-3 = 0.253,5-26-32-22-5 = 0.333,5-24-26-32-5 = 0.333,5-24-26-22-5 = 0.333,5-24-32-22-5 = 0.333,5-15-6-5 = 1.0,5-23-31-28-3 = 1.0,3-20-12-17-33-3 = 1.0,3-25-8-3 = 1.0,3-30-34-11-7-5 = 0.08,3-30-34-11-19-5 = 0.034,3-30-34-14-5 = 0.368,3-18-35-3 = 0.747,3-10-16-11-5 = 0.264,3-10-13-27-7-5 = 0.287,3-21-27-11-9-19-3 = 0.23,5-27-16-29-19-3 = 0.483,3-13-11-29-34-3 = 0.195,3-21-13-29-30-3 = 0.195,3-10-9-7-14-5 = 0.448,3-21-34-11-19-3 = 0.195,3-21-13-9-30-3 = 0.322,5-16-7-14-5 = 0.184,3-16-29-34-3 = 0.069,3-21-29-34-19-3 = 0.057
389,360,602.049,6.0,0.002,0.36,393,394,3-18-3 = 0.375,3-35-3 = 0.125,5-26-32-22-5 = 0.5,5-26-24-14-5 = 0.5,5-24-32-22-5 = 0.5,5-15-6-5 = 1.0,5-23-31-28-3 = 1.0,3-20-12-35-3 = 0.25,3-20-12-17-33-3 = 0.75,3-25-8-3 = 1.0,3-30-9-7-33-3 = 0.25,3-18-35-3 = 0.625,3-10-34-9-29-3 = 0.375,3-21-27-11-9-19-3 = 0.375,5-21-11-7-14-5 = 0.5,3-13-16-29-19-5 = 0.625,3-10-34-30-3 = 0.5,3-21-27-11-30-3 = 0.125,3-30-34-7-17-3 = 0.125,3-13-16-27-5 = 0.375,3-10-27-7-17-3 = 0.125
202,145,602.061,5.333,0.852,0.333,395,396,3-18-3 = 0.292,3-35-3 = 0.292,5-26-32-22-5 = 0.333,5-24-26-32-5 = 0.333,5-24-26-22-5 = 0.333,5-24-32-22-5 = 0.333,5-15-6-5 = 1.0,5-23-31-28-3 = 1.0,5-10-21-29-11-3 = 0.333,5-10-21-29-11-5 = 0.167,5-10-21-27-7-5 = 0.417,3-20-12-17-33-3 = 1.0,3-25-8-3 = 1.0,3-30-34-14-5 = 0.625,3-18-35-3 = 0.708,3-10-21-27-7-5 = 0.083,5-7-11-9-29-14-5 = 0.125,5-27-16-29-19-5 = 0.125,3-13-27-7-14-5 = 0.25,5-27-16-9-19-5 = 0.125,3-13-16-9-19-5 = 0.375,3-13-16-30-3 = 0.375,5-9-34-29-11-19-5 = 0.25,5-7-11-34-9-19-5 = 0.125
123,119,602.129,5.806,1.804,-0.059,397,398,3-18-3 = 0.67,3-35-3 = 0.56,5-26-32-22-5 = 0.333,5-24-26-32-5 = 0.333,5-24-26-22-5 = 0.333,5-24-32-22-5 = 0.333,5-15-6-5 = 1.0,5-23-31-28-3 = 1.0,3-20-12-35-3 = 0.11,3-20-12-17-33-3 = 0.89,3-25-8-3 = 1.0,3-30-34-14-5 = 0.341,3-30-9-7-33-3 = 0.11,3-16-9-34-3 = 0.231,3-16-9-29-30-3 = 0.121,3-18-35-3 = 0.33,3-10-16-11-3 = 0.505,3-34-9-29-11-19-3 = 0.429,3-21-27-11-9-19-3 = 0.044,3-21-29-11-14-5 = 0.022,3-13-27-7-14-5 = 0.637,3-21-13-29-30-3 = 0.363,3-21-16-7-19-3 = 0.143,3-10-21-27-19-3 = 0.319,3-10-30-9-29-19-3 = 0.066,3-10-21-7-17-3 = 0.11
378,265,602.303,2.0,0.106,-1.25,399,400,5-14-5 = 0.5,5-26-32-22-5 = 0.5,5-26-24-14-5 = 0.5,5-24-32-22-5 = 0.5,5-15-6-5 = 1.0,5-23-31-28-3 = 1.0,3-20-12-17-33-3 = 1.0,3-25-8-3 = 1.0,3-30-34-11-29-3 = 1.0,3-18-35-3 = 1.0,3-10-21-27-7-5 = 1.0,3-13-16-9-19-3 = 1.0
399,378,612.364,0.0,10.062,0.0,Prune by CG,,5-26-32-22-5 = 1.0,5-24-14-5 = 1.0,5-15-6-5 = 1.0,5-23-31-28-3 = 1.0,3-20-12-17-33-3 = 1.0,3-25-8-3 = 1.0,3-30-34-11-29-3 = 1.0,3-18-35-3 = 1.0,3-10-21-27-7-5 = 1.0,3-13-16-9-19-3 = 1.0
272,178,602.143,5.667,0.557,-0.0,401,402,3-18-3 = 0.333,3-35-3 = 0.167,5-13-16-9-19-3 = 0.333,5-13-16-30-3 = 0.333,5-26-32-22-5 = 0.333,5-24-26-32-5 = 0.333,5-24-26-22-5 = 0.333,5-24-32-22-5 = 0.333,5-15-6-5 = 1.0,5-23-31-28-3 = 1.0,3-12-17-33-19-5 = 0.167,3-20-12-35-3 = 0.167,3-20-12-17-33-3 = 0.667,3-20-17-33-19-5 = 0.167,3-25-8-3 = 1.0,3-30-34-14-5 = 0.333,3-18-35-3 = 0.667,3-10-34-9-29-3 = 0.667,3-21-11-7-14-5 = 0.667,3-13-27-16-3 = 0.333,3-21-27-7-11-19-5 = 0.333,3-10-27-29-30-3 = 0.333
184,149,602.034,5.556,0.98,0.794,403,404,3-18-3 = 0.296,5-26-32-22-5 = 0.333,5-24-26-32-5 = 0.333,5-24-26-22-5 = 0.333,5-24-32-22-5 = 0.333,5-15-6-5 = 1.0,5-16-27-7-29-3 = 0.037,5-23-31-28-3 = 1.0,3-20-12-35-3 = 0.296,3-20-12-17-33-3 = 0.704,3-25-8-3 = 1.0,3-16-9-34-3 = 0.185,3-18-35-3 = 0.704,3-34-9-29-11-19-3 = 0.37,3-21-16-27-5 = 0.259,3-21-13-27-29-3 = 0.074,3-21-11-7-14-5 = 0.185,5-27-16-29-19-3 = 0.333,5-27-7-33-19-3 = 0.074,5-27-7-33-19-5 = 0.222,3-13-11-9-34-3 = 0.444,3-21-13-29-30-3 = 0.185,3-10-30-14-5 = 0.815,3-10-16-7-5 = 0.185,3-21-13-7-17-3 = 0.296
299,285,601.989,5.75,0.293,1.194,405,406,3-18-3 = 0.229,3-35-3 = 0.167,5-26-32-22-5 = 0.333,5-24-26-32-5 = 0.333,5-24-26-22-5 = 0.333,5-24-32-22-5 = 0.333,5-15-6-5 = 1.0,5-23-31-28-3 = 1.0,3-20-12-35-3 = 0.063,3-20-12-17-33-3 = 0.458,3-20-12-17-33-5 = 0.479,3-25-8-3 = 1.0,3-30-9-7-33-3 = 0.062,3-18-35-3 = 0.771,3-21-13-27-29-3 = 0.438,3-21-27-11-29-19-3 = 0.125,3-21-27-7-11-29-3 = 0.062,3-21-29-11-14-5 = 0.187,3-13-27-11-9-19-3 = 0.375,3-10-34-30-3 = 0.688,3-10-34-9-19-3 = 0.312,3-21-13-29-30-3 = 0.187,3-16-11-9-19-5 = 0.187,3-30-9-11-7-17-3 = 0.063,3-16-7-14-5 = 0.146,5-16-7-14-5 = 0.667
405,299,602.125,5.788,0.136,0.038,407,408,3-18-3 = 0.212,3-35-3 = 0.212,5-26-32-22-5 = 0.333,5-24-26-32-5 = 0.333,5-24-26-22-5 = 0.333,5-24-32-22-5 = 0.333,5-15-6-5 = 1.0,5-23-31-28-3 = 1.0,3-20-12-17-33-3 = 0.515,3-20-12-17-33-5 = 0.485,3-25-8-3 = 1.0,3-18-35-3 = 0.788,3-21-13-27-29-3 = 0.364,3-21-27-11-29-19-3 = 0.091,3-21-27-7-11-29-3 = 0.091,3-21-29-11-14-5 = 0.182,3-13-27-11-9-19-3 = 0.364,3-10-34-30-3 = 0.636,3-10-34-9-19-3 = 0.364,3-21-13-29-30-3 = 0.273,3-16-11-9-19-5 = 0.182,3-16-7-14-5 = 0.152,5-16-7-14-5 = 0.667,3-27-7-11-9-30-3 = 0.091
152,108,602.091,6.0,1.432,0.533,409,410,3-18-3 = 0.333,3-35-3 = 0.167,5-13-16-30-3 = 0.333,5-26-32-22-5 = 0.333,5-24-26-32-5 = 0.333,5-24-26-22-5 = 0.333,5-24-32-22-5 = 0.333,5-15-6-5 = 1.0,5-23-31-28-3 = 1.0,5-14-34-29-19-5 = 0.167,3-20-12-35-3 = 0.167,3-20-12-17-33-3 = 0.833,3-25-8-3 = 1.0,3-30-9-7-33-3 = 0.167,3-18-35-3 = 0.667,3-10-21-27-7-5 = 0.167,3-21-27-11-9-19-3 = 0.167,3-21-29-11-14-5 = 0.5,3-10-34-9-19-5 = 0.167,3-13-16-30-3 = 0.167,3-10-9-7-14-5 = 0.333,3-30-34-7-17-3 = 0.167,3-10-34-29-19-5 = 0.333,3-13-27-16-3 = 0.5,5-11-9-34-30-3 = 0.167,3-21-27-7-11-19-3 = 0.167
363,208,602.131,5.889,0.137,0.418,411,412,3-18-3 = 0.333,3-35-3 = 0.111,5-26-32-22-5 = 0.333,5-24-26-32-5 = 0.333,5-24-26-22-5 = 0.333,5-24-32-22-5 = 0.333,5-15-6-5 = 1.0,5-23-31-28-3 = 1.0,5-16-9-29-30-3 = 0.333,3-20-12-35-3 = 0.222,3-20-12-17-33-3 = 0.778,3-25-8-3 = 1.0,3-30-34-11-19-3 = 0.167,3-30-34-14-5 = 0.389,3-16-9-34-3 = 0.278,3-18-35-3 = 0.667,3-10-21-29-11-3 = 0.5,5-27-16-29-19-3 = 0.056,3-13-27-7-14-5 = 0.611,3-13-7-33-19-5 = 0.222,5-27-16-9-19-5 = 0.278,3-21-13-27-19-5 = 0.056,3-13-11-9-34-5 = 0.111,3-10-21-7-17-3 = 0.167,3-10-30-29-17-3 = 0.056,3-16-29-34-3 = 0.056,3-21-10-30-3 = 0.056,3-10-21-11-19-3 = 0.222
412,363,602.144,5.667,0.013,-0.222,413,414,3-18-3 = 0.333,3-35-3 = 0.167,5-26-32-22-5 = 0.333,5-24-26-32-5 = 0.333,5-24-26-22-5 = 0.333,5-24-32-22-5 = 0.333,5-15-6-5 = 1.0,5-23-31-28-3 = 1.0,5-16-9-29-30-3 = 0.5,3-20-12-35-3 = 0.167,3-20-12-17-33-3 = 0.833,3-25-8-3 = 1.0,3-30-34-11-19-5 = 0.167,3-30-34-14-5 = 0.333,3-16-9-34-3 = 0.167,3-18-35-3 = 0.667,3-10-21-29-11-3 = 0.333,3-13-27-7-14-5 = 0.667,3-13-7-33-19-5 = 0.167,5-27-16-9-19-5 = 0.167,3-10-21-27-19-3 = 0.167,3-13-11-9-34-5 = 0.167,3-10-21-7-17-3 = 0.167,3-16-29-34-3 = 0.167,3-10-21-11-19-3 = 0.333
413,412,602.144,5.667,0.0,0.0,415,416,3-18-3 = 0.333,3-35-3 = 0.167,5-26-32-22-5 = 0.333,5-24-26-32-5 = 0.333,5-24-26-22-5 = 0.333,5-24-32-22-5 = 0.333,5-15-6-5 = 1.0,5-23-31-28-3 = 1.0,5-16-9-29-30-3 = 0.5,3-20-12-35-3 = 0.167,3-20-12-17-33-3 = 0.833,3-25-8-3 = 1.0,3-30-34-11-19-5 = 0.167,3-30-34-14-5 = 0.333,3-16-9-34-3 = 0.333,3-18-35-3 = 0.667,3-10-21-29-11-3 = 0.333,3-13-27-7-14-5 = 0.667,3-13-7-33-19-5 = 0.167,5-27-16-9-19-5 = 0.167,3-10-21-27-19-3 = 0.167,3-13-11-29-34-5 = 0.167,3-10-21-7-17-3 = 0.167,3-10-21-11-19-3 = 0.333
288,276,602.209,5.271,0.576,-0.062,417,418,3-18-3 = 0.323,3-35-3 = 0.073,5-13-16-9-19-5 = 0.187,5-26-32-22-5 = 0.333,5-24-26-32-5 = 0.333,5-24-26-22-5 = 0.333,5-24-32-22-5 = 0.333,5-15-6-5 = 1.0,5-23-31-28-3 = 1.0,3-20-12-35-3 = 0.25,3-20-12-17-33-3 = 0.75,3-25-8-3 = 1.0,3-18-35-3 = 0.677,5-7-11-9-29-34-3 = 0.594,3-21-16-27-5 = 0.5,5-13-27-11-29-19-5 = 0.156,5-13-27-11-9-19-5 = 0.188,5-13-27-7-14-5 = 0.156,5-13-7-33-19-5 = 0.25,3-10-30-14-5 = 0.844,3-21-16-17-3 = 0.25,3-10-30-34-5 = 0.083,3-21-29-34-19-5 = 0.167,3-21-29-34-19-3 = 0.052,5-13-16-11-5 = 0.063,3-21-9-29-34-3 = 0.031,5-10-30-34-5 = 0.073
262,49,602.247,5.111,0.83,-0.222,419,420,3-18-3 = 0.389,3-35-3 = 0.333,5-26-32-22-5 = 0.333,5-24-26-32-5 = 0.333,5-24-32-22-5 = 0.333,5-15-6-5 = 1.0,5-23-31-28-3 = 1.0,5-10-21-27-7-5 = 0.222,3-20-12-35-3 = 0.056,3-20-12-17-33-3 = 0.944,3-25-8-3 = 1.0,3-30-9-7-33-3 = 0.056,3-18-35-3 = 0.611,3-21-11-7-14-5 = 0.111,3-21-29-11-14-5 = 0.667,5-27-11-7-14-5 = 0.167,3-13-16-29-19-3 = 0.167,3-10-34-30-3 = 0.722,3-13-16-9-19-5 = 0.222,3-13-16-9-19-3 = 0.5,3-10-9-7-14-5 = 0.056,3-30-9-11-29-17-3 = 0.056,3-13-16-9-7-5 = 0.111,5-27-7-29-34-19-5 = 0.111,5-27-7-34-30-3 = 0.167,5-27-24-26-22-5 = 0.333
268,241,602.128,6.4,0.557,0.567,421,422,3-8-3 = 0.533,5-26-32-22-5 = 0.333,5-24-26-32-5 = 0.333,5-24-26-22-5 = 0.333,5-24-32-22-5 = 0.333,5-15-6-5 = 1.0,5-23-31-28-3 = 0.733,3-20-12-17-33-3 = 0.733,3-20-12-17-33-5 = 0.267,5-23-31-25-3 = 0.267,3-25-28-3 = 0.267,3-25-8-3 = 0.467,3-18-35-3 = 1.0,3-10-34-9-29-3 = 0.2,3-21-27-11-9-19-3 = 0.4,5-13-27-7-14-5 = 0.067,3-13-27-11-9-29-3 = 0.2,3-13-27-7-14-5 = 0.333,3-10-34-30-3 = 0.8,3-21-16-7-19-5 = 0.4,3-13-7-11-29-30-3 = 0.2,3-21-13-11-19-3 = 0.2,5-16-29-14-5 = 0.4,5-16-9-14-5 = 0.2
421,268,602.179,6.444,0.052,0.044,423,424,3-8-3 = 0.519,5-26-32-22-5 = 0.333,5-24-26-32-5 = 0.333,5-24-26-22-5 = 0.333,5-24-32-22-5 = 0.333,5-15-6-5 = 1.0,5-23-31-28-3 = 0.741,3-20-12-17-33-3 = 0.741,3-20-12-17-33-5 = 0.259,5-23-31-25-3 = 0.259,3-25-28-3 = 0.259,3-25-8-3 = 0.481,3-18-35-3 = 1.0,3-10-34-9-29-3 = 0.222,3-21-27-11-9-19-3 = 0.407,3-13-27-11-9-29-3 = 0.185,3-13-27-7-14-5 = 0.333,3-10-34-30-3 = 0.778,3-21-16-7-19-5 = 0.333,3-13-7-11-29-30-3 = 0.222,3-21-13-27-19-5 = 0.074,5-16-7-14-5 = 0.111,3-21-13-11-19-3 = 0.185,5-16-29-14-5 = 0.37,5-16-9-14-5 = 0.185
297,293,602.204,5.333,0.558,0.2,425,426,3-18-3 = 0.333,3-35-3 = 0.095,5-13-16-27-5 = 0.619,5-13-16-9-19-5 = 0.143,5-26-32-22-5 = 0.333,5-24-26-32-5 = 0.333,5-24-26-22-5 = 0.333,5-24-32-22-5 = 0.333,5-15-6-5 = 1.0,5-14-30-29-17-3 = 0.19,5-23-31-28-3 = 1.0,3-20-12-35-3 = 0.238,3-20-12-17-33-3 = 0.762,3-25-8-3 = 1.0,3-18-35-3 = 0.667,3-21-11-7-14-5 = 0.19,3-21-29-11-14-5 = 0.619,5-27-7-33-19-5 = 0.238,3-10-34-30-3 = 0.667,3-10-34-9-19-5 = 0.238,3-30-9-11-7-29-19-5 = 0.143,5-13-16-9-7-5 = 0.238,5-10-34-9-19-5 = 0.095,3-21-7-11-29-17-3 = 0.048,5-21-27-7-9-19-5 = 0.143
355,174,602.297,5.333,0.505,-0.4,427,428,3-18-3 = 0.278,3-35-3 = 0.278,5-26-32-22-5 = 0.333,5-24-26-32-5 = 0.333,5-24-26-22-5 = 0.333,5-24-32-22-5 = 0.333,5-15-6-5 = 1.0,5-23-31-28-3 = 1.0,5-14-34-29-19-5 = 0.111,3-20-12-17-33-3 = 0.722,3-20-12-17-33-5 = 0.278,3-25-8-3 = 1.0,3-18-35-3 = 0.722,5-7-11-9-29-14-5 = 0.167,3-21-16-27-5 = 0.5,5-13-16-29-19-5 = 0.278,5-13-27-7-14-5 = 0.278,5-13-29-11-14-5 = 0.056,5-21-11-7-14-5 = 0.167,3-10-34-30-3 = 0.889,5-21-27-11-9-19-5 = 0.222,3-16-9-14-5 = 0.222,3-21-10-30-3 = 0.111,5-13-7-9-29-11-19-5 = 0.389
217,146,602.238,5.451,0.976,0.118,429,430,3-18-3 = 0.255,3-35-3 = 0.255,5-26-32-22-5 = 0.333,5-24-26-32-5 = 0.333,5-24-26-22-5 = 0.333,5-24-32-22-5 = 0.333,5-15-6-5 = 1.0,5-10-16-11-5 = 0.412,5-23-31-28-3 = 1.0,5-10-13-27-7-5 = 0.235,3-20-12-17-33-3 = 1.0,3-25-8-3 = 1.0,3-30-34-14-5 = 0.471,5-21-16-27-5 = 0.059,3-18-35-3 = 0.745,5-13-27-7-14-5 = 0.235,5-21-29-11-14-5 = 0.118,5-27-16-9-19-5 = 0.353,3-21-13-29-30-3 = 0.529,3-10-9-7-14-5 = 0.176,5-9-34-29-11-19-5 = 0.176,3-10-16-7-5 = 0.176,5-7-11-34-9-19-5 = 0.176,3-21-29-34-19-5 = 0.176,5-21-27-11-9-19-5 = 0.118
150,117,602.364,4.364,1.722,-0.739,431,432,3-18-3 = 0.212,3-35-3 = 0.212,5-26-32-22-5 = 0.333,5-24-26-32-5 = 0.333,5-24-26-22-5 = 0.333,5-24-32-22-5 = 0.333,5-15-6-5 = 1.0,5-23-31-28-3 = 1.0,5-16-7-29-30-3 = 0.121,3-20-12-17-33-3 = 1.0,3-25-8-3 = 1.0,3-30-34-9-29-3 = 0.03,3-16-9-34-3 = 0.212,5-21-16-11-3 = 0.121,3-18-35-3 = 0.788,3-10-13-27-7-5 = 0.061,3-34-9-29-11-19-3 = 0.758,3-21-16-11-3 = 0.121,3-21-13-27-7-5 = 0.606,5-27-16-29-19-3 = 0.091,3-13-27-7-14-5 = 0.061,3-10-30-14-5 = 0.667,5-27-16-30-3 = 0.182,3-10-13-14-5 = 0.273,5-21-16-7-19-3 = 0.152
206,203,602.037,5.333,0.686,1.533,433,434,3-18-3 = 0.292,3-35-3 = 0.292,5-26-32-22-5 = 0.333,5-24-26-32-5 = 0.333,5-24-26-22-5 = 0.333,5-24-32-22-5 = 0.333,5-15-6-5 = 1.0,5-14-11-34-3 = 0.125,5-23-31-28-3 = 1.0,3-20-12-17-33-3 = 1.0,3-25-8-3 = 1.0,3-30-34-9-11-3 = 0.125,3-30-34-14-5 = 0.375,3-18-35-3 = 0.708,3-10-21-27-7-5 = 0.5,3-21-27-11-9-19-3 = 0.375,3-13-16-29-19-3 = 0.625,3-10-30-14-5 = 0.25,3-10-9-7-14-5 = 0.125,3-10-21-14-5 = 0.125,5-11-9-34-30-3 = 0.25,3-13-16-7-29-3 = 0.375,3-27-11-9-34-3 = 0.125
387,385,602.379,5.424,0.366,-0.678,435,436,3-18-3 = 0.303,3-35-3 = 0.121,5-26-32-22-5 = 0.333,5-24-26-32-5 = 0.333,5-24-26-22-5 = 0.333,5-24-32-22-5 = 0.333,5-15-6-5 = 1.0,5-14-34-29-19-3 = 0.091,5-23-31-28-3 = 1.0,5-10-30-14-5 = 0.03,3-20-12-35-3 = 0.182,3-20-12-17-33-3 = 0.818,3-25-8-3 = 1.0,3-18-35-3 = 0.697,3-21-16-27-5 = 0.364,5-13-27-7-14-5 = 0.636,5-13-7-33-19-3 = 0.152,5-13-7-33-19-5 = 0.03,3-13-11-29-34-3 = 0.182,3-10-30-9-29-19-5 = 0.273,3-10-30-14-5 = 0.242,3-30-9-11-29-17-3 = 0.182,5-7-29-34-30-3 = 0.182,3-21-16-11-5 = 0.636,5-10-34-9-19-5 = 0.455,5-9-29-34-30-3 = 0.091
429,217,602.288,5.471,0.051,0.02,437,438,3-18-3 = 0.255,3-35-3 = 0.255,5-26-32-22-5 = 0.333,5-24-26-32-5 = 0.333,5-24-26-22-5 = 0.333,5-24-32-22-5 = 0.333,5-15-6-5 = 1.0,5-10-16-11-5 = 0.314,5-23-31-28-3 = 1.0,5-10-13-27-7-5 = 0.118,3-20-12-17-33-3 = 1.0,3-25-8-3 = 1.0,3-30-34-14-5 = 0.52,5-21-16-27-5 = 0.059,3-18-35-3 = 0.745,5-13-27-7-14-5 = 0.353,5-27-16-9-19-5 = 0.137,3-13-16-9-19-5 = 0.049,3-21-13-29-30-3 = 0.48,3-10-9-7-14-5 = 0.127,5-9-34-29-11-19-5 = 0.127,3-10-16-7-5 = 0.176,5-7-11-34-9-19-5 = 0.225,3-21-29-34-19-5 = 0.127,5-21-27-11-9-19-5 = 0.333,3-10-16-29-3 = 0.265
427,355,602.34,5.067,0.044,-0.267,439,440,3-18-3 = 0.267,3-35-3 = 0.267,5-13-16-9-19-5 = 0.067,5-26-32-22-5 = 0.333,5-24-26-32-5 = 0.333,5-24-26-22-5 = 0.333,5-24-32-22-5 = 0.333,5-15-6-5 = 1.0,5-23-31-28-3 = 1.0,3-20-12-17-33-3 = 0.733,3-20-12-17-33-5 = 0.267,3-25-8-3 = 1.0,3-18-35-3 = 0.733,5-7-11-9-29-14-5 = 0.267,3-21-16-27-5 = 0.4,5-13-16-29-19-5 = 0.4,5-13-27-7-14-5 = 0.2,5-21-11-7-14-5 = 0.2,3-10-34-30-3 = 1.0,3-21-27-14-5 = 0.2,5-21-27-11-9-19-5 = 0.2,3-16-9-14-5 = 0.133,5-13-7-9-29-11-19-5 = 0.333
110,106,602.245,5.825,2.053,0.404,441,442,3-18-3 = 0.302,3-35-3 = 0.19,5-26-32-22-5 = 0.333,5-24-26-32-5 = 0.333,5-24-26-22-5 = 0.333,5-24-32-22-5 = 0.333,5-15-6-5 = 1.0,5-23-31-28-3 = 1.0,3-20-12-35-3 = 0.111,3-20-12-17-33-3 = 0.889,3-25-8-3 = 1.0,3-30-34-11-19-3 = 0.063,3-16-9-34-3 = 0.349,3-18-35-3 = 0.698,3-10-21-27-7-5 = 0.19,3-21-29-11-14-5 = 0.46,5-13-27-7-14-5 = 0.111,5-27-16-29-19-5 = 0.095,5-27-7-33-19-3 = 0.111,3-13-11-9-34-3 = 0.476,3-10-30-9-29-19-5 = 0.111,3-21-16-7-19-3 = 0.206,3-10-30-14-5 = 0.365,3-30-34-7-17-3 = 0.111,5-27-16-30-3 = 0.349,3-10-13-7-29-19-5 = 0.27,3-21-13-27-19-3 = 0.143,3-10-9-29-14-5 = 0.063
318,315,602.198,5.37,0.271,0.704,443,444,3-18-3 = 0.296,3-35-3 = 0.241,5-26-32-22-5 = 0.333,5-24-26-32-5 = 0.333,5-24-26-22-5 = 0.333,5-24-32-22-5 = 0.333,5-15-6-5 = 1.0,5-23-31-28-3 = 1.0,3-12-17-33-19-5 = 0.056,3-20-12-35-3 = 0.056,3-20-12-17-33-3 = 0.667,3-20-12-17-33-5 = 0.222,3-20-17-33-19-5 = 0.056,3-25-8-3 = 1.0,3-18-35-3 = 0.704,3-10-21-27-7-5 = 0.444,5-7-11-9-29-34-3 = 0.037,5-13-16-29-19-5 = 0.407,5-27-16-29-19-5 = 0.222,3-13-16-29-19-5 = 0.222,3-13-27-7-14-5 = 0.333,3-21-13-29-30-3 = 0.037,3-10-21-14-5 = 0.519,3-16-7-14-5 = 0.148,5-7-29-34-30-3 = 0.037,5-11-9-34-30-3 = 0.926,5-10-9-29-11-19-5 = 0.037
444,318,602.21,4.667,0.012,-0.704,445,446,3-18-3 = 0.333,3-35-3 = 0.167,5-26-32-22-5 = 0.333,5-24-26-32-5 = 0.333,5-24-26-22-5 = 0.333,5-24-32-22-5 = 0.333,5-15-6-5 = 1.0,5-23-31-28-3 = 1.0,3-12-17-33-19-5 = 0.167,3-20-12-35-3 = 0.167,3-20-12-17-33-3 = 0.667,3-20-17-33-19-5 = 0.167,3-25-8-3 = 1.0,3-18-35-3 = 0.667,3-10-21-27-7-5 = 0.667,5-13-16-29-19-5 = 0.667,3-13-27-7-14-5 = 0.333,3-10-21-14-5 = 0.333,3-16-29-14-5 = 0.333,5-11-9-34-30-3 = 1.0
148,127,602.269,5.41,1.676,0.375,447,448,3-18-3 = 0.282,3-35-3 = 0.282,5-13-16-9-19-5 = 0.385,5-26-32-22-5 = 0.333,5-24-26-32-5 = 0.333,5-24-26-22-5 = 0.333,5-24-32-22-5 = 0.333,5-15-6-5 = 1.0,5-23-31-28-3 = 1.0,3-20-12-17-33-3 = 0.385,3-20-12-17-33-5 = 0.615,3-25-8-3 = 1.0,3-18-35-3 = 0.718,5-13-27-7-14-5 = 0.308,5-21-29-11-14-5 = 0.385,3-10-34-30-3 = 0.923,5-13-16-9-7-5 = 0.308,3-16-7-14-5 = 0.231,5-7-11-34-9-19-5 = 0.077,3-16-27-9-7-5 = 0.077,5-21-27-11-29-19-5 = 0.538,3-10-27-9-30-3 = 0.077,3-21-9-29-14-5 = 0.077
197,97,602.483,5.238,1.613,-1.048,449,450,3-8-3 = 0.095,5-14-5 = 0.19,5-26-32-22-5 = 0.333,5-24-26-32-5 = 0.333,5-24-26-22-5 = 0.333,5-24-32-22-5 = 0.333,5-15-6-5 = 1.0,5-23-31-28-3 = 0.952,5-16-7-9-30-3 = 0.048,5-16-9-30-3 = 0.429,3-20-12-17-33-3 = 0.952,3-20-12-17-33-5 = 0.048,5-23-31-25-3 = 0.048,3-25-28-3 = 0.048,3-25-8-3 = 0.905,3-16-11-30-3 = 0.048,3-18-35-3 = 1.0,3-10-34-9-29-3 = 0.048,3-21-13-27-7-5 = 0.571,3-21-29-11-14-5 = 0.429,3-13-27-11-29-19-5 = 0.048,3-13-27-7-14-5 = 0.381,3-10-34-30-3 = 0.476,3-16-11-9-19-3 = 0.476,3-10-34-29-19-3 = 0.476
334,220,602.549,2.0,0.383,-1.333,451,452,5-14-5 = 0.5,5-13-16-30-3 = 1.0,5-26-32-22-5 = 0.5,5-26-24-14-5 = 0.5,5-24-32-22-5 = 0.5,5-15-6-5 = 1.0,5-23-31-28-3 = 1.0,3-20-12-17-33-3 = 1.0,3-25-8-3 = 1.0,3-18-35-3 = 1.0,3-10-21-27-7-5 = 1.0,3-34-9-29-11-19-5 = 1.0
451,334,612.61,0.0,10.062,0.0,Prune by CG,,5-13-16-30-3 = 1.0,5-26-32-22-5 = 1.0,5-24-14-5 = 1.0,5-15-6-5 = 1.0,5-23-31-28-3 = 1.0,3-20-12-17-33-3 = 1.0,3-25-8-3 = 1.0,3-18-35-3 = 1.0,3-10-21-27-7-5 = 1.0,3-34-9-29-11-19-5 = 1.0
392,336,602.361,5.361,0.285,-0.145,453,454,3-18-3 = 0.236,3-35-3 = 0.236,5-26-32-22-5 = 0.333,5-24-26-32-5 = 0.333,5-24-26-22-5 = 0.333,5-24-32-22-5 = 0.333,5-15-6-5 = 1.0,5-10-16-11-5 = 0.097,5-23-31-28-3 = 1.0,5-16-11-29-19-3 = 0.389,3-20-12-17-33-3 = 1.0,3-25-8-3 = 1.0,3-30-34-11-19-3 = 0.028,3-30-34-14-5 = 0.486,3-18-35-3 = 0.764,3-10-16-11-5 = 0.014,3-10-13-27-7-5 = 0.556,3-21-27-11-9-19-3 = 0.444,3-13-11-29-34-3 = 0.028,3-21-13-29-30-3 = 0.125,3-10-30-14-5 = 0.069,3-10-9-7-14-5 = 0.264,3-21-13-9-30-3 = 0.292,5-16-7-14-5 = 0.181,3-16-29-34-3 = 0.319,3-21-29-34-19-3 = 0.139
314,193,602.41,5.0,0.632,-0.333,455,456,3-18-3 = 0.3,3-35-3 = 0.267,5-26-32-22-5 = 0.333,5-24-26-32-5 = 0.333,5-24-26-22-5 = 0.333,5-24-32-22-5 = 0.333,5-15-6-5 = 1.0,5-23-31-28-3 = 1.0,5-16-9-29-30-3 = 0.7,5-16-9-29-17-3 = 0.033,3-20-12-35-3 = 0.033,3-20-12-17-33-3 = 0.967,3-25-8-3 = 1.0,3-30-34-14-5 = 0.3,3-18-35-3 = 0.7,3-10-21-29-11-5 = 0.167,3-10-13-27-7-5 = 0.167,5-13-27-7-14-5 = 0.633,5-13-7-33-19-5 = 0.033,5-27-16-9-19-5 = 0.2,3-10-21-11-7-5 = 0.167,3-10-21-11-19-5 = 0.233,3-21-34-11-19-5 = 0.433,3-10-34-29-19-5 = 0.1,3-10-13-34-5 = 0.167,5-16-9-14-5 = 0.067
346,343,602.435,3.111,0.642,-0.489,457,458,5-14-5 = 0.444,5-26-32-22-5 = 0.333,5-24-26-32-5 = 0.333,5-24-26-22-5 = 0.333,5-24-32-22-5 = 0.333,5-15-6-5 = 1.0,5-23-31-28-3 = 1.0,3-20-12-17-33-3 = 1.0,3-25-8-3 = 1.0,3-18-35-3 = 1.0,5-13-27-7-14-5 = 0.111,5-27-11-7-14-5 = 0.111,5-21-11-7-14-5 = 0.111,3-13-16-29-19-5 = 0.889,3-10-34-30-3 = 1.0,5-27-16-9-7-5 = 0.111,5-21-27-9-11-7-5 = 0.556,3-21-27-9-29-19-5 = 0.111,5-21-11-9-14-5 = 0.222
323,138,602.404,5.118,0.711,-0.246,459,460,3-18-3 = 0.373,3-35-3 = 0.049,5-7-11-29-34-19-5 = 0.02,5-13-16-9-19-3 = 0.255,5-26-32-22-5 = 0.333,5-24-26-32-5 = 0.333,5-24-26-22-5 = 0.333,5-24-32-22-5 = 0.333,5-15-6-5 = 1.0,5-23-31-28-3 = 1.0,5-10-21-29-11-5 = 0.255,3-12-17-33-19-5 = 0.049,3-20-12-35-3 = 0.324,3-20-12-17-33-3 = 0.627,3-20-17-33-19-5 = 0.049,3-25-8-3 = 1.0,3-30-34-14-5 = 0.98,3-30-9-7-33-3 = 0.02,3-18-35-3 = 0.627,3-10-21-27-7-5 = 0.706,5-13-16-29-19-5 = 0.412,5-21-29-11-14-5 = 0.02,3-13-16-9-19-3 = 0.176,3-10-21-27-19-5 = 0.02,5-27-11-9-29-17-3 = 0.275,5-9-11-7-33-3 = 0.255,5-10-9-29-11-19-3 = 0.02,5-13-16-11-5 = 0.157
290,255,602.457,4.833,0.849,-0.5,461,462,3-18-3 = 0.333,3-35-3 = 0.167,5-13-16-9-19-5 = 0.833,5-26-32-22-5 = 0.333,5-24-26-32-5 = 0.333,5-24-26-22-5 = 0.333,5-24-32-22-5 = 0.333,5-15-6-5 = 1.0,5-10-27-7-17-3 = 0.083,5-23-31-28-3 = 1.0,5-10-21-27-7-5 = 0.417,3-20-12-35-3 = 0.167,3-20-12-17-33-3 = 0.833,3-25-8-3 = 1.0,3-30-34-11-7-5 = 0.083,3-30-34-29-11-5 = 0.167,3-30-34-14-5 = 0.75,3-18-35-3 = 0.667,3-10-21-29-11-3 = 0.25,3-21-27-7-11-29-3 = 0.083,3-21-29-11-14-5 = 0.25,5-27-7-33-19-3 = 0.167,5-13-16-9-7-5 = 0.167,3-10-27-11-29-3 = 0.167,3-10-27-29-17-3 = 0.083
442,110,602.43,5.548,0.185,-0.278,463,464,3-18-3 = 0.286,3-35-3 = 0.167,5-26-32-22-5 = 0.333,5-24-26-32-5 = 0.333,5-24-26-22-5 = 0.333,5-24-32-22-5 = 0.333,5-15-6-5 = 1.0,5-23-31-28-3 = 1.0,3-20-12-35-3 = 0.119,3-20-12-17-33-3 = 0.881,3-25-8-3 = 1.0,3-30-34-11-19-3 = 0.369,3-16-9-34-3 = 0.631,3-18-35-3 = 0.714,3-10-21-27-7-5 = 0.167,3-10-13-27-7-5 = 0.137,3-21-27-11-9-19-3 = 0.06,3-21-29-11-14-5 = 0.488,5-13-27-7-14-5 = 0.179,5-13-7-33-19-3 = 0.119,3-10-30-14-5 = 0.185,3-10-9-29-11-19-5 = 0.083,5-27-16-30-3 = 0.369,3-21-13-9-30-3 = 0.077,3-10-13-7-29-19-5 = 0.28,3-21-13-27-19-3 = 0.089,3-21-13-7-17-3 = 0.119,3-10-9-29-14-5 = 0.149
342,194,602.497,5.862,0.815,-0.677,465,466,3-18-3 = 0.358,3-35-3 = 0.073,5-26-32-22-5 = 0.333,5-24-26-32-5 = 0.333,5-24-26-22-5 = 0.333,5-24-32-22-5 = 0.333,5-15-6-5 = 1.0,5-23-31-28-3 = 1.0,5-10-21-29-19-5 = 0.041,5-10-21-27-7-5 = 0.089,5-16-29-34-3 = 0.13,3-20-12-35-3 = 0.285,3-20-12-17-33-3 = 0.715,3-25-8-3 = 1.0,3-30-9-7-33-3 = 0.081,5-21-16-27-5 = 0.577,3-18-35-3 = 0.642,3-34-9-29-11-19-5 = 0.228,5-13-27-7-14-5 = 0.333,5-13-7-33-19-5 = 0.203,3-13-11-29-34-3 = 0.26,3-13-11-9-34-3 = 0.171,3-10-34-9-19-5 = 0.211,3-10-30-14-5 = 0.634,3-10-9-29-11-19-5 = 0.024,3-30-9-11-29-17-3 = 0.285,5-21-16-7-19-5 = 0.293,3-13-29-11-14-5 = 0.033
275,116,602.417,5.238,0.958,-0.0,467,468,3-18-3 = 0.286,3-35-3 = 0.286,5-21-34-11-7-5 = 0.286,5-26-32-22-5 = 0.333,5-24-26-32-5 = 0.333,5-24-26-22-5 = 0.333,5-24-32-22-5 = 0.333,5-15-6-5 = 1.0,5-23-31-28-3 = 1.0,3-20-12-17-33-3 = 1.0,3-25-8-3 = 1.0,5-21-16-27-5 = 0.429,3-18-35-3 = 0.714,5-7-11-9-29-34-3 = 0.381,5-13-16-29-19-5 = 0.429,5-13-11-9-34-3 = 0.095,3-13-27-7-14-5 = 0.333,3-13-16-9-19-5 = 0.143,3-10-30-9-29-19-5 = 0.143,3-10-30-14-5 = 0.667,3-10-30-34-5 = 0.19,5-21-27-11-9-19-5 = 0.238,5-21-29-34-19-5 = 0.048
162,114,602.384,5.476,1.607,0.286,469,470,3-18-3 = 0.238,3-35-3 = 0.238,5-13-16-27-5 = 0.286,5-13-16-9-19-5 = 0.286,5-13-16-30-3 = 0.095,5-26-32-22-5 = 0.333,5-24-26-32-5 = 0.333,5-24-26-22-5 = 0.333,5-24-32-22-5 = 0.333,5-15-6-5 = 1.0,5-23-31-28-3 = 1.0,5-14-34-29-19-5 = 0.286,3-20-12-17-33-3 = 1.0,3-25-8-3 = 1.0,3-18-35-3 = 0.762,3-10-21-27-7-5 = 0.286,3-10-21-29-11-3 = 0.19,3-10-21-29-11-5 = 0.095,3-21-27-11-9-19-5 = 0.429,3-13-16-30-3 = 0.048,3-10-30-14-5 = 0.429,5-7-29-34-30-3 = 0.429,5-7-9-34-14-5 = 0.286,3-13-16-11-5 = 0.286
470,162,601.894,4.917,-0.49,-0.56,471,472,3-18-3 = 0.292,3-35-3 = 0.292,5-13-16-9-19-5 = 0.667,5-26-32-22-5 = 0.333,5-24-26-32-5 = 0.333,5-24-26-22-5 = 0.333,5-24-32-22-5 = 0.333,5-15-6-5 = 1.0,5-23-31-28-3 = 1.0,5-14-34-29-19-5 = 0.167,3-20-12-17-33-3 = 1.0,3-25-8-3 = 1.0,3-18-35-3 = 0.708,3-10-21-27-7-5 = 0.167,3-10-21-29-11-5 = 0.458,3-21-27-11-9-19-5 = 0.042,3-21-29-11-14-5 = 0.333,3-13-16-9-19-5 = 0.083,3-10-30-14-5 = 0.333,3-10-9-29-11-19-5 = 0.042,3-13-16-27-5 = 0.125,5-7-9-34-14-5 = 0.167,3-13-16-11-3 = 0.042,3-13-16-11-5 = 0.083,5-27-7-34-30-3 = 0.667
320,316,602.399,6.231,0.67,0.231,473,474,3-18-3 = 0.256,3-35-3 = 0.256,5-13-16-9-19-5 = 0.205,5-26-32-22-5 = 0.333,5-24-26-32-5 = 0.333,5-24-26-22-5 = 0.333,5-24-32-22-5 = 0.333,5-15-6-5 = 1.0,5-23-31-28-3 = 1.0,5-10-21-11-19-5 = 0.103,3-20-12-17-33-3 = 0.41,3-20-12-17-33-5 = 0.59,3-25-8-3 = 1.0,3-18-35-3 = 0.744,3-10-34-9-29-3 = 0.333,3-10-21-27-7-5 = 0.026,3-21-16-27-5 = 0.051,3-13-27-7-14-5 = 0.462,5-7-11-34-30-3 = 0.513,5-27-16-9-19-5 = 0.462,3-21-13-29-30-3 = 0.282,3-13-16-30-3 = 0.051,3-10-21-14-5 = 0.538,5-16-11-29-19-5 = 0.231,5-11-29-34-30-3 = 0.154
454,392,602.443,5.333,0.082,-0.028,475,476,3-18-3 = 0.25,3-35-3 = 0.25,5-26-32-22-5 = 0.333,5-24-26-32-5 = 0.333,5-24-26-22-5 = 0.333,5-24-32-22-5 = 0.333,5-15-6-5 = 1.0,5-10-16-11-5 = 0.167,5-23-31-28-3 = 1.0,5-16-11-29-19-3 = 0.417,3-20-12-17-33-3 = 1.0,3-25-8-3 = 1.0,3-30-34-14-5 = 0.583,3-18-35-3 = 0.75,3-10-13-27-7-5 = 0.5,3-21-27-11-9-19-3 = 0.417,3-13-27-7-14-5 = 0.083,3-21-13-29-30-3 = 0.167,3-10-9-7-14-5 = 0.333,3-21-13-9-30-3 = 0.25,5-21-16-7-19-3 = 0.083,3-16-29-34-3 = 0.333,3-21-29-34-19-3 = 0.083
467,275,602.466,5.238,0.049,0.0,477,478,3-18-3 = 0.286,3-35-3 = 0.286,5-21-34-11-7-5 = 0.095,5-26-32-22-5 = 0.333,5-24-26-32-5 = 0.333,5-24-26-22-5 = 0.333,5-24-32-22-5 = 0.333,5-15-6-5 = 1.0,5-23-31-28-3 = 1.0,3-20-12-17-33-3 = 1.0,3-25-8-3 = 1.0,5-21-16-27-5 = 0.429,3-18-35-3 = 0.714,5-7-11-9-29-34-3 = 0.381,5-13-11-29-34-3 = 0.286,3-13-16-29-19-3 = 0.048,3-13-16-29-19-5 = 0.095,3-13-27-7-14-5 = 0.333,3-13-16-9-19-5 = 0.238,3-10-30-9-29-19-5 = 0.143,3-10-30-14-5 = 0.667,3-10-30-34-5 = 0.19,5-21-16-7-19-5 = 0.19,5-21-27-11-9-19-5 = 0.238,5-21-29-34-19-5 = 0.048
477,467,602.466,5.238,0.0,-0.0,479,480,3-18-3 = 0.286,3-35-3 = 0.286,5-21-34-11-7-5 = 0.095,5-26-32-22-5 = 0.333,5-24-26-32-5 = 0.333,5-24-26-22-5 = 0.333,5-24-32-22-5 = 0.333,5-15-6-5 = 1.0,5-23-31-28-3 = 1.0,3-20-12-17-33-3 = 1.0,3-25-8-3 = 1.0,5-21-16-27-5 = 0.429,3-18-35-3 = 0.714,5-7-11-9-29-34-3 = 0.381,5-13-11-29-34-3 = 0.286,3-13-16-29-19-5 = 0.143,3-13-27-7-14-5 = 0.333,3-13-16-9-19-5 = 0.238,3-10-30-9-29-19-5 = 0.143,3-10-30-14-5 = 0.667,3-10-30-34-5 = 0.19,5-21-16-7-19-5 = 0.19,5-21-27-11-9-19-5 = 0.19,5-21-27-11-9-19-3 = 0.048,5-21-29-34-19-5 = 0.048
118,111,602.427,5.533,2.134,0.28,481,482,3-18-3 = 0.6,3-35-3 = 0.6,5-26-32-22-5 = 0.333,5-24-26-32-5 = 0.333,5-24-26-22-5 = 0.333,5-24-32-22-5 = 0.333,5-15-6-5 = 1.0,5-23-31-28-3 = 1.0,3-20-12-17-33-3 = 1.0,3-25-8-3 = 1.0,3-30-34-9-19-3 = 0.2,3-16-9-34-3 = 0.2,3-18-35-3 = 0.4,3-10-16-11-5 = 0.4,3-10-21-27-7-5 = 0.2,3-34-9-29-11-19-3 = 0.6,3-21-16-27-5 = 0.2,5-13-27-7-14-5 = 0.6,3-21-16-7-19-5 = 0.2,3-10-30-14-5 = 0.4,5-21-13-29-30-3 = 0.4
354,332,602.171,4.0,0.008,2.0,483,484,5-14-5 = 0.444,5-26-32-22-5 = 0.333,5-24-26-32-5 = 0.333,5-24-26-22-5 = 0.333,5-24-32-22-5 = 0.333,5-15-6-5 = 1.0,5-23-31-28-3 = 1.0,3-20-12-17-33-3 = 1.0,3-25-8-3 = 1.0,3-18-35-3 = 1.0,3-10-21-27-7-5 = 0.556,3-21-16-27-5 = 0.111,5-13-27-7-14-5 = 0.111,5-13-29-11-14-5 = 0.111,5-7-11-34-30-3 = 0.222,3-13-16-9-19-5 = 0.778,3-10-21-27-19-5 = 0.222,5-16-7-14-5 = 0.111,3-21-34-30-3 = 0.111,5-11-29-34-30-3 = 0.667,3-10-9-29-14-5 = 0.222
277,233,602.463,5.286,0.935,0.063,485,486,5-14-5 = 0.214,3-18-3 = 0.143,5-26-32-22-5 = 0.5,5-26-24-14-5 = 0.5,5-24-32-22-5 = 0.5,5-15-6-5 = 1.0,5-23-31-28-3 = 1.0,3-20-12-35-3 = 0.143,3-20-12-17-33-3 = 0.857,3-25-8-3 = 1.0,3-30-34-11-29-3 = 0.429,5-21-13-27-7-5 = 0.571,3-18-35-3 = 0.857,3-10-16-11-5 = 0.429,5-27-7-33-19-5 = 0.143,3-10-34-9-19-5 = 0.571,5-27-16-9-19-5 = 0.286,3-21-13-29-30-3 = 0.429,3-30-9-11-29-17-3 = 0.143,5-16-7-14-5 = 0.286
249,165,602.427,6.444,0.988,0.312,487,488,3-18-3 = 0.389,5-26-32-22-5 = 0.333,5-24-26-32-5 = 0.333,5-24-26-22-5 = 0.333,5-24-32-22-5 = 0.333,5-15-6-5 = 1.0,5-23-31-28-3 = 1.0,5-16-9-29-30-3 = 0.167,3-20-12-35-3 = 0.389,3-20-12-17-33-3 = 0.611,3-25-8-3 = 1.0,3-30-34-14-5 = 0.556,3-30-9-7-33-3 = 0.278,3-16-9-34-3 = 0.056,3-18-35-3 = 0.611,3-10-21-29-11-3 = 0.111,3-10-13-27-29-3 = 0.111,3-21-16-11-3 = 0.167,3-21-11-7-14-5 = 0.333,3-21-29-11-14-5 = 0.111,5-27-16-9-19-3 = 0.111,3-13-7-33-19-3 = 0.111,5-27-16-9-19-5 = 0.389,3-10-13-29-17-3 = 0.389,3-21-34-11-7-5 = 0.278,3-16-29-34-3 = 0.111,3-10-13-27-19-3 = 0.389
488,249,602.493,6.083,0.066,-0.361,489,490,3-18-3 = 0.375,5-26-32-22-5 = 0.333,5-24-26-32-5 = 0.333,5-24-26-22-5 = 0.333,5-24-32-22-5 = 0.333,5-15-6-5 = 1.0,5-23-31-28-3 = 1.0,3-20-12-35-3 = 0.375,3-20-12-17-33-3 = 0.625,3-25-8-3 = 1.0,3-30-34-14-5 = 0.708,3-30-9-7-33-3 = 0.292,3-16-9-34-3 = 0.042,3-18-35-3 = 0.625,3-10-21-29-11-3 = 0.167,3-10-13-27-29-3 = 0.208,3-21-16-11-3 = 0.25,3-21-13-11-29-3 = 0.083,3-21-11-7-14-5 = 0.292,5-27-16-9-19-3 = 0.208,3-13-7-33-19-3 = 0.083,5-27-16-9-19-5 = 0.458,3-10-13-29-17-3 = 0.375,3-21-34-11-7-5 = 0.208,3-16-29-34-3 = 0.042,3-10-13-27-19-3 = 0.125,3-10-13-7-29-19-3 = 0.125
325,278,602.607,4.0,0.771,-0.833,491,492,3-18-3 = 0.167,3-35-3 = 0.167,5-26-32-22-5 = 0.333,5-24-26-32-5 = 0.333,5-24-26-22-5 = 0.333,5-24-32-22-5 = 0.333,5-15-6-5 = 1.0,5-23-31-28-3 = 1.0,5-16-29-34-3 = 0.333,5-16-9-34-3 = 0.167,3-20-12-17-33-3 = 1.0,3-25-8-3 = 1.0,3-30-34-11-19-5 = 0.167,5-21-13-27-7-5 = 0.833,5-21-13-27-29-3 = 0.167,3-18-35-3 = 0.833,3-34-9-29-11-19-5 = 0.333,3-10-30-14-5 = 0.833,3-10-9-29-11-19-5 = 0.167,3-16-11-9-19-5 = 0.167,5-16-7-14-5 = 0.167,3-16-11-9-19-3 = 0.167
396,202,602.504,5.167,0.443,-0.167,493,494,3-18-3 = 0.292,3-35-3 = 0.292,5-26-32-22-5 = 0.333,5-24-26-32-5 = 0.333,5-24-26-22-5 = 0.333,5-24-32-22-5 = 0.333,5-15-6-5 = 1.0,5-23-31-28-3 = 1.0,5-10-21-29-11-5 = 0.375,5-10-21-27-19-5 = 0.083,5-10-21-11-19-5 = 0.125,5-14-34-29-19-5 = 0.125,3-20-12-17-33-3 = 1.0,3-25-8-3 = 1.0,3-30-34-14-5 = 0.292,3-18-35-3 = 0.708,3-10-21-27-7-5 = 0.417,5-7-11-9-29-14-5 = 0.125,3-13-27-7-14-5 = 0.25,5-27-16-9-19-5 = 0.25,3-13-16-9-19-5 = 0.042,3-13-16-30-3 = 0.708,5-9-34-29-11-19-5 = 0.375,5-7-9-34-14-5 = 0.208
463,442,602.466,5.667,0.036,0.119,495,496,3-18-3 = 0.333,5-26-32-22-5 = 0.333,5-24-26-32-5 = 0.333,5-24-26-22-5 = 0.333,5-24-32-22-5 = 0.333,5-15-6-5 = 1.0,5-23-31-28-3 = 1.0,3-20-12-35-3 = 0.333,3-20-12-17-33-3 = 0.667,3-25-8-3 = 1.0,3-16-9-34-3 = 0.667,3-18-35-3 = 0.667,3-10-13-27-7-5 = 0.333,3-21-29-11-14-5 = 0.667,5-13-7-33-19-3 = 0.333,3-10-30-14-5 = 0.333,3-10-9-29-11-19-5 = 0.333,3-30-34-7-17-3 = 0.333,5-27-16-30-3 = 0.333,3-21-13-27-19-3 = 0.333
380,158,602.442,6.489,0.545,0.285,497,498,3-18-3 = 0.289,3-35-3 = 0.222,3-31-28-3 = 0.244,5-26-32-22-5 = 0.511,5-24-26-32-5 = 0.244,5-24-26-22-5 = 0.244,5-24-32-22-5 = 0.244,5-15-23-6-5 = 0.244,5-15-6-5 = 0.756,5-14-11-29-17-3 = 0.067,5-23-31-28-3 = 0.756,5-24-7-11-33-3 = 0.067,5-24-7-11-9-30-3 = 0.2,3-20-12-35-3 = 0.067,3-20-12-17-33-3 = 0.933,3-25-8-3 = 1.0,3-18-35-3 = 0.711,3-10-34-9-29-3 = 0.067,3-21-16-27-5 = 0.4,5-13-27-11-9-19-3 = 0.044,5-21-29-11-14-5 = 0.2,3-13-27-7-14-5 = 0.556,3-10-34-30-3 = 0.4,3-10-34-9-19-3 = 0.533,3-21-13-29-30-3 = 0.4,3-16-7-14-5 = 0.178,5-16-11-29-19-5 = 0.267,5-16-11-9-19-5 = 0.156
94,86,602.503,4.917,2.545,-0.083,499,500,3-18-3 = 0.292,3-35-3 = 0.292,5-26-32-22-5 = 0.333,5-24-26-32-5 = 0.333,5-24-26-22-5 = 0.333,5-24-32-22-5 = 0.333,5-15-6-5 = 1.0,5-10-34-30-3 = 0.167,5-23-31-28-3 = 1.0,3-20-12-17-33-5 = 1.0,3-25-8-3 = 1.0,3-18-35-3 = 0.708,5-13-27-7-14-5 = 0.375,5-27-16-9-29-3 = 0.125,5-27-11-7-14-5 = 0.125,5-27-11-9-34-3 = 0.125,5-21-27-7-11-29-3 = 0.25,5-21-29-11-14-5 = 0.5,3-10-34-30-3 = 0.708,3-13-16-9-19-5 = 0.625,3-21-16-7-19-5 = 0.042,3-21-16-7-19-3 = 0.208,3-10-30-9-29-19-3 = 0.125
324,138,602.373,6.133,0.679,0.77,501,502,3-18-3 = 0.311,3-35-3 = 0.156,5-7-11-29-34-19-5 = 0.2,5-26-32-22-5 = 0.333,5-24-26-32-5 = 0.333,5-24-26-22-5 = 0.333,5-24-32-22-5 = 0.333,5-15-6-5 = 1.0,5-10-16-11-5 = 0.4,5-23-31-28-3 = 1.0,5-14-34-29-19-5 = 0.356,5-16-11-9-29-3 = 0.378,3-12-17-33-19-5 = 0.156,3-20-12-35-3 = 0.156,3-20-12-17-33-3 = 0.689,3-20-17-33-19-5 = 0.156,3-25-8-3 = 1.0,3-30-34-14-5 = 0.444,3-18-35-3 = 0.689,3-10-21-27-7-5 = 0.356,3-10-13-27-7-5 = 0.244,3-21-16-27-5 = 0.089,5-13-27-7-14-5 = 0.2,5-27-16-29-19-5 = 0.044,5-27-16-9-19-3 = 0.067,3-21-13-9-30-3 = 0.556,5-16-11-29-19-5 = 0.022
120,38,602.628,5.133,2.414,-0.775,503,504,3-18-3 = 0.6,3-35-3 = 0.6,5-26-32-22-5 = 0.333,5-24-26-32-5 = 0.333,5-24-26-22-5 = 0.333,5-24-32-22-5 = 0.333,5-15-6-5 = 1.0,5-23-31-28-3 = 1.0,3-20-12-17-33-3 = 1.0,3-25-8-3 = 1.0,3-30-34-14-5 = 0.2,3-16-9-34-3 = 0.2,3-18-35-3 = 0.4,3-10-16-11-3 = 0.4,3-34-9-29-11-19-5 = 0.6,3-21-16-27-5 = 0.2,5-13-27-7-14-5 = 0.8,3-21-16-7-19-5 = 0.2,3-10-30-9-29-19-3 = 0.2,5-21-13-29-30-3 = 0.2,3-21-10-30-3 = 0.4
242,99,602.55,5.633,1.277,-0.367,505,506,3-18-3 = 1.0,5-26-32-22-5 = 0.333,5-24-26-32-5 = 0.333,5-24-26-22-5 = 0.333,5-24-32-22-5 = 0.333,5-15-6-5 = 1.0,5-23-31-28-3 = 0.5,3-35-8-3 = 1.0,3-20-12-17-33-3 = 1.0,5-23-31-25-3 = 0.5,3-25-28-3 = 0.5,3-10-34-9-29-3 = 0.2,3-21-27-11-9-19-3 = 0.4,3-13-27-11-9-29-3 = 0.2,3-13-27-7-14-5 = 0.4,3-10-34-30-3 = 0.8,3-21-16-7-19-5 = 0.4,3-13-7-11-29-30-3 = 0.2,3-21-13-11-19-3 = 0.2,5-16-29-14-5 = 0.4,3-16-9-14-5 = 0.2
218,146,602.48,5.467,1.219,0.133,507,508,3-18-3 = 0.267,3-35-3 = 0.267,5-13-16-9-19-5 = 0.267,5-26-32-22-5 = 0.333,5-24-26-32-5 = 0.333,5-24-26-22-5 = 0.333,5-24-32-22-5 = 0.333,5-15-6-5 = 1.0,5-10-16-11-3 = 0.267,5-23-31-28-3 = 1.0,5-14-34-29-19-5 = 0.067,3-20-12-17-33-3 = 1.0,3-25-8-3 = 1.0,3-30-34-14-5 = 0.533,3-18-35-3 = 0.733,3-10-13-27-7-5 = 0.4,3-21-16-27-5 = 0.333,5-13-16-29-19-5 = 0.133,5-21-29-11-14-5 = 0.2,3-21-13-29-30-3 = 0.2,5-7-11-34-9-19-5 = 0.4,5-10-9-29-11-19-5 = 0.133,5-10-9-7-14-5 = 0.2,3-21-27-29-30-3 = 0.267
311,264,602.554,4.857,0.806,-0.182,509,510,3-18-3 = 0.286,3-35-3 = 0.286,5-26-32-22-5 = 0.429,5-26-24-14-5 = 0.286,5-24-26-32-5 = 0.143,5-24-26-22-5 = 0.143,5-24-32-22-5 = 0.429,5-15-6-5 = 1.0,5-23-31-28-3 = 1.0,3-20-12-17-33-3 = 1.0,3-25-8-3 = 1.0,3-30-34-14-5 = 0.143,3-18-35-3 = 0.714,3-10-21-27-7-5 = 0.571,3-34-9-29-11-19-3 = 0.143,3-21-27-11-29-19-3 = 0.143,3-21-11-7-14-5 = 0.143,3-13-16-30-3 = 0.714,3-10-30-14-5 = 0.143,3-10-9-7-14-5 = 0.286,3-13-16-27-5 = 0.286,5-9-34-29-11-19-3 = 0.571,3-21-29-34-19-3 = 0.143
509,311,602.768,2.0,0.215,-2.857,511,512,5-14-5 = 0.5,5-26-32-22-5 = 0.5,5-26-24-14-5 = 0.5,5-24-32-22-5 = 0.5,5-15-6-5 = 1.0,5-23-31-28-3 = 1.0,3-20-12-17-33-3 = 1.0,3-25-8-3 = 1.0,3-18-35-3 = 1.0,3-10-21-27-7-5 = 1.0,3-34-9-29-11-19-3 = 1.0,3-13-16-30-3 = 1.0
511,509,612.83,0.0,10.062,0.0,Prune by CG,,5-26-32-22-5 = 1.0,5-24-14-5 = 1.0,5-15-6-5 = 1.0,5-23-31-28-3 = 1.0,3-20-12-17-33-3 = 1.0,3-25-8-3 = 1.0,3-18-35-3 = 1.0,3-10-21-27-7-5 = 1.0,3-34-9-29-11-19-3 = 1.0,3-13-16-30-3 = 1.0
177,169,602.539,5.667,1.66,0.0,513,514,3-18-3 = 0.667,3-35-3 = 0.5,5-26-32-22-5 = 0.333,5-24-26-32-5 = 0.333,5-24-26-22-5 = 0.333,5-24-32-22-5 = 0.333,5-15-6-5 = 1.0,5-23-31-28-3 = 1.0,3-20-12-35-3 = 0.167,3-20-12-17-33-3 = 0.833,3-25-8-3 = 1.0,3-30-34-14-5 = 0.333,3-30-9-7-33-3 = 0.167,3-18-35-3 = 0.333,3-10-34-9-29-3 = 0.333,3-21-27-11-9-19-3 = 0.333,3-21-11-7-14-5 = 0.667,3-13-16-29-19-3 = 0.667,3-10-34-30-3 = 0.333,3-13-27-16-3 = 0.333,3-10-27-7-17-3 = 0.167,3-10-27-9-30-3 = 0.167
474,320,602.605,5.846,0.207,-0.385,515,516,3-18-3 = 0.256,3-35-3 = 0.256,5-13-16-9-19-5 = 0.462,5-26-32-22-5 = 0.333,5-24-26-32-5 = 0.333,5-24-26-22-5 = 0.333,5-24-32-22-5 = 0.333,5-15-6-5 = 1.0,5-23-31-28-3 = 1.0,5-10-21-11-19-5 = 0.103,3-20-12-17-33-3 = 0.667,3-20-12-17-33-5 = 0.333,3-25-8-3 = 1.0,3-18-35-3 = 0.744,3-10-34-9-29-3 = 0.077,3-10-21-27-7-5 = 0.282,3-21-16-27-5 = 0.051,3-13-27-7-14-5 = 0.462,5-27-16-9-19-5 = 0.205,3-21-13-29-30-3 = 0.026,3-13-16-30-3 = 0.051,3-10-9-7-14-5 = 0.256,3-10-21-14-5 = 0.282,5-16-11-29-19-5 = 0.231,3-21-34-30-3 = 0.256,5-11-29-34-30-3 = 0.667
207,166,602.7,4.667,1.402,-1.0,517,518,3-18-3 = 0.167,3-35-3 = 0.167,5-26-32-22-5 = 0.333,5-24-26-32-5 = 0.333,5-24-26-22-5 = 0.333,5-24-32-22-5 = 0.333,5-15-6-5 = 1.0,5-10-16-11-3 = 0.167,5-23-31-28-3 = 1.0,3-20-12-17-33-3 = 1.0,3-25-8-3 = 1.0,3-30-34-9-19-3 = 0.833,3-18-35-3 = 0.833,3-10-16-11-3 = 0.333,3-21-13-27-7-5 = 0.5,5-21-29-11-14-5 = 0.5,3-13-27-7-14-5 = 0.5,3-30-34-9-19-5 = 0.167,3-10-16-29-3 = 0.5
173,128,602.468,5.444,1.614,0.547,519,520,3-18-3 = 0.222,3-35-3 = 0.222,5-21-10-30-3 = 0.222,5-26-32-22-5 = 0.333,5-24-26-32-5 = 0.333,5-24-26-22-5 = 0.333,5-24-32-22-5 = 0.333,5-15-6-5 = 1.0,5-23-31-28-3 = 1.0,3-20-12-17-33-3 = 0.778,3-20-12-17-33-5 = 0.222,3-25-8-3 = 1.0,3-18-35-3 = 0.778,5-13-16-29-19-5 = 0.111,5-13-29-11-14-5 = 0.111,5-27-16-29-19-5 = 0.333,3-13-27-7-14-5 = 0.556,3-10-34-30-3 = 0.667,3-13-16-9-7-5 = 0.222,5-9-34-29-11-19-5 = 0.333,3-21-16-7-5 = 0.222,5-16-11-29-19-5 = 0.111,5-21-27-11-9-19-5 = 0.111,3-21-10-30-3 = 0.111,5-21-11-9-14-5 = 0.333
404,184,602.696,4.562,0.662,-0.993,521,522,3-18-3 = 0.26,3-35-3 = 0.115,5-26-32-22-5 = 0.333,5-24-26-32-5 = 0.333,5-24-26-22-5 = 0.333,5-24-32-22-5 = 0.333,5-15-6-5 = 1.0,5-23-31-28-3 = 1.0,3-20-12-35-3 = 0.146,3-20-12-17-33-3 = 0.854,3-25-8-3 = 1.0,3-18-35-3 = 0.74,3-34-9-29-11-19-3 = 0.125,3-21-16-27-5 = 0.188,3-21-27-7-11-29-3 = 0.094,3-21-11-7-14-5 = 0.135,5-27-16-29-19-3 = 0.667,3-13-11-9-34-3 = 0.594,3-13-7-33-19-3 = 0.146,3-21-16-7-19-5 = 0.01,3-21-13-29-30-3 = 0.115,3-10-30-14-5 = 0.865,3-10-16-7-5 = 0.135,3-30-34-9-7-5 = 0.021,3-21-13-7-17-3 = 0.146,3-21-27-7-11-19-5 = 0.052,3-21-34-9-7-5 = 0.26
139,136,602.478,5.476,1.87,0.543,523,524,3-18-3 = 0.714,3-35-3 = 0.357,5-26-32-22-5 = 0.333,5-24-26-32-5 = 0.333,5-24-26-22-5 = 0.333,5-24-32-22-5 = 0.333,5-15-6-5 = 1.0,5-23-31-28-3 = 1.0,3-20-12-35-3 = 0.357,3-20-12-17-33-3 = 0.643,3-25-8-3 = 1.0,3-30-34-14-5 = 0.286,3-30-9-7-33-3 = 0.143,3-34-7-33-3 = 0.071,3-18-35-3 = 0.286,3-21-27-7-11-29-3 = 0.286,3-21-29-11-14-5 = 0.714,3-10-34-30-3 = 0.571,3-10-34-9-19-3 = 0.071,3-13-16-9-19-3 = 0.786,3-13-27-16-3 = 0.214,3-10-27-7-17-3 = 0.357,3-27-7-33-19-3 = 0.143
457,346,602.589,3.067,0.154,-0.044,525,526,5-14-5 = 0.467,5-26-32-22-5 = 0.333,5-24-26-32-5 = 0.333,5-24-26-22-5 = 0.333,5-24-32-22-5 = 0.333,5-15-6-5 = 1.0,5-23-31-28-3 = 1.0,3-20-12-17-33-3 = 1.0,3-25-8-3 = 1.0,3-18-35-3 = 1.0,5-13-27-7-14-5 = 0.133,5-21-11-7-14-5 = 0.133,3-13-16-29-19-5 = 0.867,3-10-34-30-3 = 0.933,3-16-27-29-19-5 = 0.133,5-7-9-34-14-5 = 0.067,3-10-27-9-30-3 = 0.067,5-21-27-9-11-7-5 = 0.667,5-21-11-9-14-5 = 0.2
445,444,602.401,6.0,0.191,1.333,527,528,3-8-3 = 0.533,5-26-32-22-5 = 0.333,5-24-26-32-5 = 0.333,5-24-26-22-5 = 0.333,5-24-32-22-5 = 0.333,5-15-6-5 = 1.0,5-23-31-28-3 = 0.733,3-20-12-17-33-3 = 0.733,3-20-12-17-33-5 = 0.267,5-23-31-25-3 = 0.267,3-25-28-3 = 0.267,3-25-8-3 = 0.467,3-18-35-3 = 1.0,3-10-21-27-7-5 = 0.4,5-13-16-29-19-5 = 0.467,5-27-16-29-19-5 = 0.2,3-13-16-29-19-5 = 0.133,3-13-27-7-14-5 = 0.4,3-10-21-14-5 = 0.4,3-10-21-29-19-5 = 0.2,3-16-7-14-5 = 0.2,5-11-9-34-30-3 = 1.0
526,457,602.613,3.067,0.024,-0.0,529,530,5-14-5 = 0.467,5-26-32-22-5 = 0.333,5-24-26-32-5 = 0.333,5-24-26-22-5 = 0.333,5-24-32-22-5 = 0.333,5-15-6-5 = 1.0,5-23-31-28-3 = 1.0,3-20-12-17-33-3 = 1.0,3-25-8-3 = 1.0,3-18-35-3 = 1.0,5-13-27-7-14-5 = 0.2,5-21-11-7-14-5 = 0.067,3-13-16-29-19-5 = 0.8,3-10-34-30-3 = 1.0,3-16-27-29-19-5 = 0.133,3-16-9-7-29-19-5 = 0.067,5-21-27-9-11-7-5 = 0.667,5-21-11-9-14-5 = 0.267
147,127,602.6,5.2,2.007,0.165,531,532,3-18-3 = 0.267,3-35-3 = 0.267,5-26-32-22-5 = 0.333,5-24-26-32-5 = 0.333,5-24-26-22-5 = 0.333,5-24-32-22-5 = 0.333,5-15-6-5 = 1.0,5-10-34-30-3 = 0.067,5-23-31-28-3 = 1.0,5-10-30-9-19-3 = 0.2,3-20-12-17-33-3 = 0.733,3-20-12-17-33-5 = 0.267,3-25-8-3 = 1.0,3-18-35-3 = 0.733,5-21-29-11-14-5 = 0.6,3-13-27-7-14-5 = 0.4,3-10-34-30-3 = 0.733,5-27-16-9-19-5 = 0.2,3-13-16-9-7-5 = 0.6,5-21-27-11-29-19-5 = 0.4,5-16-34-19-5 = 0.2
531,147,601.689,5.4,-0.911,0.2,533,534,3-18-3 = 0.267,3-35-3 = 0.267,5-26-32-22-5 = 0.333,5-24-26-32-5 = 0.333,5-24-26-22-5 = 0.333,5-24-32-22-5 = 0.333,5-15-6-5 = 1.0,5-10-34-30-3 = 0.067,5-23-31-28-3 = 1.0,3-20-12-17-33-3 = 0.733,3-20-12-17-33-5 = 0.267,3-25-8-3 = 1.0,3-18-35-3 = 0.733,5-21-29-11-14-5 = 0.6,3-13-27-7-14-5 = 0.4,3-10-34-30-3 = 0.733,5-27-16-9-19-5 = 0.4,3-13-16-9-7-5 = 0.4,5-16-11-9-19-5 = 0.2,5-21-27-11-29-19-5 = 0.2,3-10-13-7-30-3 = 0.2,5-21-29-34-19-5 = 0.2
435,387,602.575,5.833,0.196,0.409,535,536,3-18-3 = 0.333,3-35-3 = 0.167,5-26-32-22-5 = 0.333,5-24-26-32-5 = 0.333,5-24-26-22-5 = 0.333,5-24-32-22-5 = 0.333,5-15-6-5 = 1.0,5-23-31-28-3 = 1.0,5-10-30-9-29-19-5 = 0.25,5-10-30-14-5 = 0.333,5-14-34-29-19-5 = 0.083,3-20-12-35-3 = 0.167,3-20-12-17-33-3 = 0.833,3-25-8-3 = 1.0,3-30-34-11-29-3 = 0.083,3-30-9-7-33-3 = 0.167,3-18-35-3 = 0.667,3-21-16-27-5 = 0.417,5-13-27-7-14-5 = 0.583,3-13-11-29-34-3 = 0.417,3-21-16-7-19-5 = 0.25,3-30-9-11-29-17-3 = 0.167,3-21-16-11-5 = 0.333,5-10-34-9-19-5 = 0.417
180,95,602.642,5.222,1.765,-0.01,537,538,3-18-3 = 0.556,3-35-3 = 0.556,5-26-32-22-5 = 0.333,5-24-26-32-5 = 0.333,5-24-26-22-5 = 0.333,5-24-32-22-5 = 0.333,5-15-6-5 = 1.0,5-23-31-28-3 = 1.0,3-20-12-17-33-3 = 1.0,3-25-8-3 = 1.0,3-18-35-3 = 0.444,3-21-13-11-29-3 = 0.111,3-21-27-11-29-19-5 = 0.444,3-13-27-11-9-19-5 = 0.222,3-10-34-30-3 = 0.667,3-10-34-9-19-3 = 0.333,3-21-13-29-30-3 = 0.333,5-16-7-14-5 = 0.778,5-16-9-14-5 = 0.222,3-21-13-27-29-5 = 0.111,3-13-27-9-11-7-5 = 0.222
257,238,602.552,5.786,1.041,0.707,539,540,3-18-3 = 0.286,3-35-3 = 0.036,5-26-32-22-5 = 0.5,5-26-24-14-5 = 0.5,5-24-32-22-5 = 0.5,5-15-6-5 = 1.0,5-23-31-28-3 = 1.0,3-20-12-35-3 = 0.25,3-20-12-17-33-3 = 0.75,3-25-8-3 = 1.0,3-30-9-7-33-3 = 0.25,3-18-35-3 = 0.714,3-10-34-9-29-3 = 0.429,5-13-27-7-14-5 = 0.5,3-10-34-30-3 = 0.571,3-16-11-29-19-5 = 0.571,3-16-11-9-19-5 = 0.143,3-21-16-11-5 = 0.286,3-21-13-9-30-3 = 0.179,3-21-13-27-19-3 = 0.286,3-21-13-7-17-3 = 0.036,3-21-27-7-17-3 = 0.214
434,206,602.63,5.476,0.594,0.143,541,542,5-14-5 = 0.048,3-18-3 = 0.238,3-35-3 = 0.238,5-26-32-22-5 = 0.333,5-24-26-32-5 = 0.333,5-24-26-22-5 = 0.333,5-24-32-22-5 = 0.333,5-15-6-5 = 1.0,5-14-11-34-3 = 0.19,5-23-31-28-3 = 1.0,3-20-12-17-33-3 = 0.762,3-20-12-17-33-5 = 0.238,3-25-8-3 = 1.0,3-30-34-14-5 = 0.381,3-18-35-3 = 0.762,3-10-21-27-7-5 = 0.619,3-21-27-11-9-19-3 = 0.381,3-13-16-29-19-3 = 0.619,3-10-30-14-5 = 0.19,3-10-9-7-14-5 = 0.19,5-11-9-34-30-3 = 0.429,3-13-16-7-29-3 = 0.19,3-13-16-29-3 = 0.19
541,434,602.737,4.576,0.106,-0.9,543,544,5-14-5 = 0.273,3-18-3 = 0.152,3-35-3 = 0.03,5-26-32-22-5 = 0.333,5-24-26-32-5 = 0.333,5-24-26-22-5 = 0.333,5-24-32-22-5 = 0.333,5-15-6-5 = 1.0,5-23-31-28-3 = 1.0,3-20-12-35-3 = 0.121,3-20-12-17-33-3 = 0.848,3-20-12-17-33-5 = 0.03,3-25-8-3 = 1.0,3-30-34-14-5 = 0.364,3-18-35-3 = 0.848,3-10-21-27-7-5 = 0.636,3-21-27-11-9-19-3 = 0.121,3-13-16-29-19-3 = 0.879,3-10-30-14-5 = 0.242,3-10-21-14-5 = 0.121,5-11-9-34-30-3 = 0.394,3-9-11-7-33-3 = 0.121,3-21-9-11-7-17-3 = 0.121,3-13-16-7-29-3 = 0.121,3-27-11-9-34-3 = 0.242
465,342,602.633,6.0,0.136,0.138,545,546,3-18-3 = 0.356,3-35-3 = 0.067,5-26-32-22-5 = 0.333,5-24-26-32-5 = 0.333,5-24-26-22-5 = 0.333,5-24-32-22-5 = 0.333,5-15-6-5 = 1.0,5-23-31-28-3 = 1.0,5-10-30-14-5 = 0.089,5-10-21-29-19-5 = 0.067,5-10-21-27-7-5 = 0.022,3-20-12-35-3 = 0.289,3-20-12-17-33-3 = 0.711,3-25-8-3 = 1.0,3-30-9-7-33-3 = 0.133,5-21-16-27-5 = 0.644,3-18-35-3 = 0.644,3-34-9-29-11-19-5 = 0.178,5-13-27-7-14-5 = 0.333,5-13-7-33-19-5 = 0.156,3-13-11-29-34-3 = 0.444,3-13-11-9-34-3 = 0.067,3-10-34-9-19-5 = 0.311,3-10-30-14-5 = 0.489,3-10-9-29-11-19-5 = 0.022,3-30-9-11-29-17-3 = 0.289,5-16-7-14-5 = 0.089,5-21-16-7-19-5 = 0.267
349,104,602.732,4.875,0.857,-0.555,547,548,3-18-3 = 0.25,5-26-32-22-5 = 0.333,5-24-26-32-5 = 0.333,5-24-26-22-5 = 0.333,5-24-32-22-5 = 0.333,5-15-6-5 = 1.0,5-23-31-28-3 = 1.0,3-12-17-33-19-5 = 0.104,3-20-12-35-3 = 0.25,3-20-12-17-33-3 = 0.583,3-20-12-17-33-5 = 0.063,3-20-17-33-19-5 = 0.104,3-25-8-3 = 1.0,3-30-9-11-14-5 = 0.271,3-16-11-9-29-3 = 0.042,3-18-35-3 = 0.75,5-13-27-7-14-5 = 0.667,3-13-27-11-9-19-5 = 0.271,3-13-27-7-14-5 = 0.062,3-10-34-30-3 = 0.729,3-10-34-9-19-3 = 0.271,3-16-11-29-19-3 = 0.125,3-21-16-29-3 = 0.833,3-11-7-33-19-5 = 0.125,3-21-9-11-7-17-3 = 0.146,3-21-11-33-3 = 0.021
107,74,602.663,5.583,2.516,0.0,549,550,3-18-3 = 0.625,3-35-3 = 0.625,5-26-32-22-5 = 0.333,5-24-26-32-5 = 0.333,5-24-26-22-5 = 0.333,5-24-32-22-5 = 0.333,5-15-6-5 = 1.0,5-23-31-28-3 = 1.0,3-20-12-17-33-3 = 1.0,3-25-8-3 = 1.0,3-18-35-3 = 0.375,5-7-11-9-29-34-3 = 0.5,3-21-27-11-9-19-5 = 0.125,3-21-29-11-14-5 = 0.25,3-13-16-29-19-5 = 0.25,5-7-11-34-30-3 = 0.125,3-13-16-30-3 = 0.5,3-10-30-14-5 = 0.375,3-10-21-27-19-5 = 0.625,5-7-9-34-14-5 = 0.375,3-13-27-16-3 = 0.25
282,271,602.435,3.556,0.245,1.556,551,552,5-14-5 = 0.444,5-26-32-22-5 = 0.333,5-24-26-32-5 = 0.333,5-24-26-22-5 = 0.333,5-24-32-22-5 = 0.333,5-15-6-5 = 1.0,5-23-31-28-3 = 1.0,3-20-12-17-33-3 = 1.0,3-25-8-3 = 1.0,3-30-34-14-5 = 0.111,3-18-35-3 = 1.0,3-21-11-7-14-5 = 0.222,5-13-16-29-19-3 = 0.111,3-13-16-29-19-3 = 0.778,3-10-34-30-3 = 0.778,3-10-34-9-19-3 = 0.111,3-21-27-9-11-7-5 = 0.667,5-13-16-7-29-3 = 0.111,3-21-27-14-5 = 0.111,3-10-27-9-30-3 = 0.111,3-27-11-9-14-5 = 0.111
98,84,602.48,6.0,2.2,1.333,553,554,3-18-3 = 1.0,5-26-32-22-5 = 0.333,5-24-26-32-5 = 0.333,5-24-26-22-5 = 0.333,5-24-32-22-5 = 0.333,5-15-6-5 = 1.0,5-23-31-28-3 = 0.667,5-16-9-7-17-3 = 0.333,3-35-8-3 = 0.667,3-20-12-35-3 = 0.333,3-20-12-17-33-3 = 0.333,3-20-12-17-33-5 = 0.333,5-23-31-25-3 = 0.333,3-25-28-3 = 0.333,3-25-8-3 = 0.333,3-21-13-27-7-5 = 0.333,3-21-29-11-14-5 = 0.667,5-27-16-9-19-3 = 0.667,3-13-7-33-19-5 = 0.333,3-10-34-30-3 = 1.0,3-13-29-11-14-5 = 0.333
410,152,602.771,5.381,0.679,-0.619,555,556,3-18-3 = 0.31,3-35-3 = 0.238,5-26-32-22-5 = 0.333,5-24-26-32-5 = 0.333,5-24-26-22-5 = 0.333,5-24-32-22-5 = 0.333,5-15-6-5 = 1.0,5-14-11-34-3 = 0.143,5-23-31-28-3 = 1.0,5-14-34-29-19-5 = 0.357,3-20-12-35-3 = 0.071,3-20-12-17-33-3 = 0.929,3-25-8-3 = 1.0,3-30-9-7-33-3 = 0.071,3-18-35-3 = 0.69,3-10-21-27-7-5 = 0.381,3-21-27-11-9-19-3 = 0.214,3-21-27-7-11-9-3 = 0.19,3-21-11-7-14-5 = 0.214,3-13-16-29-19-5 = 0.095,3-13-16-30-3 = 0.69,3-10-9-7-14-5 = 0.071,3-30-9-11-7-17-3 = 0.071,3-10-34-29-19-5 = 0.333,3-13-27-16-3 = 0.214,5-11-9-34-30-3 = 0.167,3-10-9-29-14-5 = 0.214
420,262,602.678,5.095,0.431,-0.016,557,558,3-18-3 = 0.405,3-35-3 = 0.286,5-26-32-22-5 = 0.333,5-24-26-32-5 = 0.333,5-24-32-22-5 = 0.333,5-15-6-5 = 1.0,5-23-31-28-3 = 1.0,5-10-21-27-7-5 = 0.262,3-20-12-35-3 = 0.119,3-20-12-17-33-3 = 0.881,3-25-8-3 = 1.0,3-30-34-14-5 = 0.119,3-18-35-3 = 0.595,3-21-11-7-14-5 = 0.095,3-21-29-11-14-5 = 0.643,5-27-11-7-14-5 = 0.143,5-27-7-33-19-5 = 0.119,3-10-34-30-3 = 0.595,3-13-16-30-3 = 0.167,3-13-16-9-19-3 = 0.738,3-30-9-11-29-17-3 = 0.119,3-10-34-9-7-5 = 0.143,5-27-7-29-34-19-5 = 0.143,3-13-16-7-29-3 = 0.095,5-27-24-26-22-5 = 0.333
373,371,602.673,5.143,0.666,0.048,559,560,3-18-3 = 0.238,3-35-3 = 0.238,5-13-16-30-3 = 0.286,5-26-32-22-5 = 0.333,5-24-26-32-5 = 0.333,5-24-26-22-5 = 0.333,5-24-32-22-5 = 0.333,5-15-6-5 = 1.0,5-23-31-28-3 = 1.0,3-20-12-17-33-3 = 0.762,3-20-12-17-33-5 = 0.238,3-25-8-3 = 1.0,3-18-35-3 = 0.762,3-21-16-27-5 = 0.429,5-13-27-11-9-29-3 = 0.048,5-27-11-7-14-5 = 0.476,5-21-29-11-14-5 = 0.19,3-10-34-9-19-5 = 0.905,3-10-34-29-19-5 = 0.095,3-16-7-14-5 = 0.286,5-21-13-29-30-3 = 0.381,5-13-27-11-30-3 = 0.048,3-30-9-29-14-5 = 0.048,5-13-7-11-29-30-3 = 0.238
287,276,602.738,5.0,1.105,-0.333,561,562,3-18-3 = 0.333,5-26-32-22-5 = 0.333,5-24-26-32-5 = 0.333,5-24-26-22-5 = 0.333,5-24-32-22-5 = 0.333,5-15-6-5 = 1.0,5-23-31-28-3 = 1.0,3-20-12-35-3 = 0.333,3-20-12-17-33-3 = 0.667,3-25-8-3 = 1.0,3-18-35-3 = 0.667,3-21-16-27-5 = 0.667,5-13-11-9-34-3 = 0.333,5-27-7-33-19-5 = 0.333,3-10-30-14-5 = 1.0,5-13-16-7-29-3 = 0.333,5-13-11-9-29-17-3 = 0.333,5-7-11-34-9-19-5 = 0.333,3-21-29-34-19-5 = 0.333
348,228,602.635,6.6,0.806,0.378,563,564,3-18-3 = 0.4,5-26-32-22-5 = 0.4,5-24-26-32-5 = 0.3,5-24-26-22-5 = 0.3,5-24-32-22-5 = 0.3,5-15-6-5 = 1.0,5-23-31-28-3 = 1.0,3-12-17-33-19-5 = 0.15,3-20-12-35-3 = 0.4,3-20-12-17-33-3 = 0.45,3-20-17-33-19-5 = 0.15,3-25-8-3 = 1.0,3-30-9-7-33-3 = 0.15,3-18-35-3 = 0.6,3-10-21-29-11-3 = 0.2,3-21-27-11-29-19-5 = 0.3,3-21-29-11-14-5 = 0.4,5-21-29-11-14-5 = 0.1,3-10-34-30-3 = 0.2,3-10-34-9-19-3 = 0.3,3-13-16-30-3 = 0.6,5-7-9-34-14-5 = 0.5,3-13-27-16-3 = 0.4,3-10-27-7-17-3 = 0.25,3-10-27-9-30-3 = 0.05,5-24-7-33-19-5 = 0.1
459,323,602.714,5.0,0.309,-0.118,565,566,3-18-3 = 0.333,3-35-3 = 0.111,5-13-16-9-19-3 = 0.333,5-26-32-22-5 = 0.333,5-24-26-32-5 = 0.333,5-24-26-22-5 = 0.333,5-24-32-22-5 = 0.333,5-15-6-5 = 1.0,5-23-31-28-3 = 1.0,3-20-12-35-3 = 0.222,3-20-12-17-33-3 = 0.667,3-20-12-17-33-5 = 0.111,3-25-8-3 = 1.0,3-30-34-14-5 = 0.889,3-30-9-7-33-3 = 0.111,3-18-35-3 = 0.667,3-10-21-27-7-5 = 0.778,5-13-16-29-19-5 = 0.333,5-21-29-11-14-5 = 0.111,5-27-11-9-29-17-3 = 0.222,3-21-29-34-19-5 = 0.111,5-9-11-7-33-3 = 0.111,5-10-9-29-11-19-3 = 0.222,5-13-16-11-5 = 0.333
366,339,602.854,4.333,0.906,-1.0,567,568,5-14-5 = 0.333,5-26-32-22-5 = 0.333,5-24-26-32-5 = 0.333,5-24-26-22-5 = 0.333,5-24-32-22-5 = 0.333,5-15-6-5 = 1.0,5-23-31-28-3 = 1.0,3-20-12-17-33-3 = 1.0,3-25-8-3 = 1.0,3-18-35-3 = 1.0,3-10-16-11-5 = 0.333,3-34-9-29-11-19-5 = 0.333,3-21-13-27-7-5 = 0.333,3-10-34-9-19-5 = 0.667,5-21-13-29-30-3 = 0.667,5-27-16-30-3 = 0.333,3-27-11-7-14-5 = 0.333,5-16-7-14-5 = 0.333
160,59,602.538,6.16,1.791,1.16,569,570,3-18-3 = 0.26,3-35-3 = 0.14,3-31-28-3 = 0.32,5-26-32-22-5 = 0.32,5-24-26-32-5 = 0.34,5-24-26-22-5 = 0.32,5-24-32-22-5 = 0.34,5-15-23-6-5 = 0.32,5-15-6-5 = 0.68,5-23-31-28-3 = 0.68,3-20-12-35-3 = 0.12,3-20-12-17-33-3 = 0.88,3-25-8-3 = 1.0,3-18-35-3 = 0.74,3-21-13-11-29-3 = 0.4,3-21-29-11-14-5 = 0.36,5-13-27-7-14-5 = 0.3,5-27-7-33-19-3 = 0.04,3-13-7-33-19-3 = 0.08,3-10-34-30-3 = 0.78,3-10-34-9-19-3 = 0.22,5-27-16-9-19-5 = 0.66,3-21-13-29-30-3 = 0.12,3-13-7-11-9-30-3 = 0.1,3-9-11-7-26-22-5 = 0.02,3-16-7-14-5 = 0.34,3-21-7-11-29-17-3 = 0.12
555,410,602.774,4.952,0.003,-0.429,571,572,3-18-3 = 0.31,3-35-3 = 0.238,5-26-32-22-5 = 0.333,5-24-26-32-5 = 0.333,5-24-26-22-5 = 0.333,5-24-32-22-5 = 0.333,5-15-6-5 = 1.0,5-14-11-34-3 = 0.31,5-23-31-28-3 = 1.0,5-14-34-29-19-5 = 0.357,3-20-12-35-3 = 0.071,3-20-12-17-33-3 = 0.929,3-25-8-3 = 1.0,3-30-9-7-33-3 = 0.071,3-18-35-3 = 0.69,3-10-21-27-7-5 = 0.548,3-34-9-29-11-19-5 = 0.167,3-21-27-11-9-19-3 = 0.214,3-21-27-7-11-9-3 = 0.19,3-21-11-7-14-5 = 0.048,3-13-16-29-19-5 = 0.095,3-13-16-30-3 = 0.857,3-10-9-7-14-5 = 0.071,3-30-9-11-7-17-3 = 0.071,3-10-34-29-19-5 = 0.167,3-13-27-16-3 = 0.048,3-10-9-29-14-5 = 0.214
254,34,602.646,6.0,1.297,0.359,573,574,3-18-3 = 0.333,3-35-3 = 0.333,3-31-28-3 = 0.167,5-26-32-22-5 = 0.667,5-24-26-32-5 = 0.167,5-24-26-22-5 = 0.167,5-24-32-22-5 = 0.167,5-15-23-6-5 = 0.167,5-15-6-5 = 0.833,5-23-31-28-3 = 0.833,5-16-9-34-3 = 0.5,3-20-12-17-33-3 = 1.0,3-25-8-3 = 1.0,3-18-35-3 = 0.667,3-10-16-11-3 = 0.5,3-21-27-11-9-19-3 = 0.167,3-21-27-11-9-19-5 = 0.333,3-13-27-7-14-5 = 0.5,3-21-13-29-30-3 = 0.5,3-10-30-14-5 = 0.5,5-24-7-29-34-19-5 = 0.5
381,284,602.749,6.128,0.694,-0.101,575,576,5-14-5 = 0.077,3-18-3 = 0.282,3-35-3 = 0.128,5-13-16-27-5 = 0.308,5-13-16-9-19-3 = 0.487,5-26-32-22-5 = 0.333,5-24-26-32-5 = 0.333,5-24-26-22-5 = 0.333,5-24-32-22-5 = 0.333,5-15-6-5 = 1.0,5-23-31-28-3 = 1.0,5-10-30-14-5 = 0.205,5-10-21-27-7-5 = 0.487,3-12-17-33-19-5 = 0.051,3-20-12-35-3 = 0.154,3-20-12-17-33-3 = 0.718,3-20-12-17-33-5 = 0.077,3-20-17-33-19-5 = 0.051,3-25-8-3 = 1.0,3-30-34-29-11-5 = 0.385,3-30-34-14-5 = 0.308,3-18-35-3 = 0.718,3-10-34-9-29-3 = 0.308,3-21-27-11-9-19-3 = 0.103,3-21-11-7-14-5 = 0.41,5-27-7-33-19-5 = 0.103,3-13-16-29-19-5 = 0.205,3-30-9-11-29-17-3 = 0.103
379,158,602.687,6.556,0.791,0.351,577,578,3-18-3 = 0.278,3-35-3 = 0.139,3-31-28-3 = 0.333,5-26-32-22-5 = 0.333,5-24-26-32-5 = 0.333,5-24-26-22-5 = 0.333,5-24-32-22-5 = 0.333,5-15-23-6-5 = 0.333,5-15-6-5 = 0.667,5-23-31-28-3 = 0.667,5-16-11-9-29-3 = 0.278,3-12-17-33-19-5 = 0.139,5-16-11-29-19-3 = 0.056,3-20-12-35-3 = 0.139,3-20-12-17-33-3 = 0.722,3-20-17-33-19-5 = 0.139,5-16-11-9-19-3 = 0.278,3-25-8-3 = 1.0,3-16-9-29-30-3 = 0.167,3-18-35-3 = 0.722,3-21-13-27-7-5 = 0.278,3-21-27-16-3 = 0.111,5-21-29-11-14-5 = 0.389,3-13-27-7-14-5 = 0.611,3-10-34-30-3 = 0.833,3-10-34-9-19-3 = 0.167,3-21-16-7-19-3 = 0.111,3-21-13-9-29-19-5 = 0.111
361,251,602.685,5.667,0.726,0.5,579,580,5-14-5 = 0.417,5-26-32-22-5 = 0.333,5-24-26-32-5 = 0.333,5-24-26-22-5 = 0.333,5-24-32-22-5 = 0.333,5-15-6-5 = 1.0,5-23-31-28-3 = 1.0,3-20-12-17-33-3 = 0.5,3-20-12-17-33-5 = 0.5,3-25-8-3 = 1.0,3-30-9-11-7-29-19-3 = 0.25,3-18-35-3 = 1.0,3-10-34-9-29-3 = 0.333,3-21-16-11-3 = 0.583,3-13-27-11-29-19-5 = 0.167,3-13-27-7-14-5 = 0.583,3-10-34-30-3 = 0.25,3-10-34-9-19-3 = 0.417,3-21-13-29-30-3 = 0.25,3-21-16-7-19-3 = 0.167,5-27-16-30-3 = 0.25
580,361,602.687,6.167,0.002,0.5,581,582,5-14-5 = 0.333,3-18-3 = 0.083,5-26-32-22-5 = 0.333,5-24-26-32-5 = 0.333,5-24-26-22-5 = 0.333,5-24-32-22-5 = 0.333,5-15-6-5 = 1.0,5-23-31-28-3 = 1.0,3-20-12-35-3 = 0.083,3-20-12-17-33-3 = 0.417,3-20-12-17-33-5 = 0.5,3-25-8-3 = 1.0,3-30-9-7-33-3 = 0.083,3-18-35-3 = 0.917,3-10-34-9-29-3 = 0.25,3-21-16-11-3 = 0.417,3-21-27-11-29-19-3 = 0.167,3-13-27-7-14-5 = 0.5,3-10-34-30-3 = 0.333,3-10-34-9-19-3 = 0.417,3-21-13-29-30-3 = 0.167,3-21-16-7-19-3 = 0.25,3-30-9-11-29-17-3 = 0.083,5-27-16-30-3 = 0.333,3-13-7-11-9-29-19-5 = 0.167,3-13-29-11-14-5 = 0.167
502,324,602.799,5.857,0.426,-0.276,583,584,3-18-3 = 0.357,3-35-3 = 0.03,5-26-32-22-5 = 0.333,5-24-26-32-5 = 0.333,5-24-26-22-5 = 0.333,5-24-32-22-5 = 0.333,5-15-6-5 = 1.0,5-10-16-11-5 = 0.274,5-23-31-28-3 = 1.0,5-16-11-9-29-3 = 0.202,5-16-9-29-17-3 = 0.095,3-12-17-33-19-5 = 0.042,3-20-12-35-3 = 0.327,3-20-12-17-33-3 = 0.631,3-20-17-33-19-5 = 0.042,5-16-11-9-19-3 = 0.143,3-25-8-3 = 1.0,3-30-34-14-5 = 0.798,3-18-35-3 = 0.643,3-10-21-27-7-5 = 0.393,3-10-13-27-7-5 = 0.321,5-13-7-33-19-5 = 0.286,5-27-16-29-19-5 = 0.107,5-27-16-9-19-3 = 0.179,5-21-29-11-14-5 = 0.202,3-10-13-29-17-3 = 0.012,5-13-11-9-29-17-3 = 0.179,3-21-13-9-30-3 = 0.202,3-21-29-34-19-5 = 0.202
484,354,602.803,3.733,0.632,-0.267,585,586,5-14-5 = 0.4,5-26-32-22-5 = 0.333,5-24-26-32-5 = 0.333,5-24-26-22-5 = 0.333,5-24-32-22-5 = 0.333,5-15-6-5 = 1.0,5-23-31-28-3 = 1.0,3-20-12-17-33-3 = 1.0,3-25-8-3 = 1.0,3-30-34-9-19-3 = 0.267,3-18-35-3 = 1.0,3-10-21-27-7-5 = 0.867,3-21-16-27-5 = 0.067,5-13-27-7-14-5 = 0.067,5-13-29-11-14-5 = 0.333,3-13-16-9-19-5 = 0.6,3-10-16-19-5 = 0.133,5-16-7-14-5 = 0.067,5-16-9-14-5 = 0.133,3-21-34-30-3 = 0.067,5-11-29-34-30-3 = 0.667
326,278,602.706,5.208,0.87,0.375,587,588,3-18-3 = 0.208,3-35-3 = 0.083,5-26-32-22-5 = 0.333,5-24-26-32-5 = 0.333,5-24-26-22-5 = 0.333,5-24-32-22-5 = 0.333,5-15-6-5 = 1.0,5-23-31-28-3 = 1.0,5-16-9-34-3 = 0.042,3-20-12-35-3 = 0.125,3-20-12-17-33-3 = 0.875,3-25-8-3 = 1.0,3-30-34-11-7-5 = 0.271,5-21-13-34-3 = 0.229,3-18-35-3 = 0.792,3-10-16-11-5 = 0.083,3-21-13-11-29-3 = 0.313,5-27-16-29-19-3 = 0.021,5-27-16-29-19-5 = 0.354,5-27-16-9-29-3 = 0.187,5-27-7-33-19-5 = 0.125,3-10-34-9-19-5 = 0.187,5-27-16-9-19-5 = 0.313,3-10-30-14-5 = 0.729,5-21-13-29-17-3 = 0.125,3-21-13-11-7-5 = 0.333,5-7-9-34-14-5 = 0.271
587,326,602.721,4.833,0.015,-0.375,589,590,3-18-3 = 0.167,3-35-3 = 0.167,5-26-32-22-5 = 0.333,5-24-26-32-5 = 0.333,5-24-26-22-5 = 0.333,5-24-32-22-5 = 0.333,5-15-6-5 = 1.0,5-23-31-28-3 = 1.0,3-20-12-17-33-3 = 1.0,3-25-8-3 = 1.0,3-30-34-11-7-5 = 0.25,5-21-13-34-3 = 0.25,3-18-35-3 = 0.833,3-21-13-11-29-3 = 0.25,5-27-16-29-19-5 = 0.5,5-27-16-9-29-3 = 0.25,5-27-16-9-19-3 = 0.083,3-10-34-9-19-5 = 0.083,5-27-16-9-19-5 = 0.167,3-10-30-14-5 = 0.75,3-21-13-11-7-5 = 0.5,5-10-34-9-19-5 = 0.167,5-7-9-34-14-5 = 0.25
307,190,602.661,4.667,0.994,0.667,591,592,3-18-3 = 0.167,3-35-3 = 0.167,5-7-11-29-34-19-5 = 0.5,5-26-32-22-5 = 0.333,5-24-26-32-5 = 0.333,5-24-26-22-5 = 0.333,5-24-32-22-5 = 0.333,5-15-6-5 = 1.0,5-23-31-28-3 = 1.0,5-16-9-34-3 = 0.167,3-20-12-17-33-3 = 0.833,3-20-12-17-33-5 = 0.167,3-25-8-3 = 1.0,3-16-9-34-3 = 0.333,3-18-35-3 = 0.833,3-21-13-27-7-5 = 0.5,5-27-16-9-29-3 = 0.5,3-10-30-14-5 = 1.0,5-21-13-11-19-5 = 0.5
313,193,602.612,6.359,0.833,1.026,593,594,3-18-3 = 0.308,5-26-32-22-5 = 0.333,5-24-26-32-5 = 0.333,5-24-26-22-5 = 0.333,5-24-32-22-5 = 0.333,5-15-6-5 = 1.0,5-23-31-28-3 = 1.0,5-16-9-34-3 = 0.513,5-16-9-29-30-3 = 0.231,3-12-17-33-19-5 = 0.308,3-20-12-35-3 = 0.308,3-20-12-17-33-3 = 0.385,3-20-17-33-19-5 = 0.308,3-25-8-3 = 1.0,3-18-35-3 = 0.692,3-10-21-27-7-5 = 0.077,3-10-13-27-7-5 = 0.41,3-21-29-11-14-5 = 0.615,5-13-27-7-14-5 = 0.179,5-27-16-9-19-5 = 0.256,3-10-30-14-5 = 0.205,3-10-21-11-7-5 = 0.179,3-10-21-11-19-5 = 0.128,5-7-29-34-30-3 = 0.154,5-13-34-30-3 = 0.333,3-13-27-11-30-3 = 0.077
593,313,602.676,6.333,0.064,-0.026,595,596,3-18-3 = 0.333,5-26-32-22-5 = 0.333,5-24-26-32-5 = 0.333,5-24-26-22-5 = 0.333,5-24-32-22-5 = 0.333,5-15-6-5 = 1.0,5-23-31-28-3 = 1.0,5-16-9-34-3 = 0.667,5-16-9-29-30-3 = 0.333,3-12-17-33-19-5 = 0.333,3-20-12-35-3 = 0.333,3-20-12-17-33-3 = 0.167,3-20-12-17-33-5 = 0.167,3-20-17-33-19-5 = 0.333,3-25-8-3 = 1.0,3-18-35-3 = 0.667,3-10-21-27-7-5 = 0.167,3-10-13-27-7-5 = 0.333,3-21-29-11-14-5 = 0.5,5-13-27-7-14-5 = 0.333,3-10-30-14-5 = 0.167,3-10-21-11-19-5 = 0.333,5-7-29-34-30-3 = 0.167,5-13-34-30-3 = 0.167,3-13-27-11-30-3 = 0.167
581,580,602.902,5.176,0.215,-0.99,597,598,5-14-5 = 0.402,3-18-3 = 0.01,5-26-32-22-5 = 0.333,5-24-26-32-5 = 0.333,5-24-26-22-5 = 0.333,5-24-32-22-5 = 0.333,5-15-6-5 = 1.0,5-16-27-7-9-3 = 0.02,5-23-31-28-3 = 1.0,3-20-12-35-3 = 0.01,3-20-12-17-33-3 = 0.706,3-20-12-17-33-5 = 0.284,3-25-8-3 = 1.0,3-30-9-7-33-3 = 0.01,3-18-35-3 = 0.99,3-10-34-9-29-3 = 0.284,3-21-16-11-3 = 0.363,3-13-27-11-29-19-5 = 0.196,3-13-27-11-9-19-5 = 0.186,3-13-27-7-14-5 = 0.353,3-10-34-30-3 = 0.716,3-21-13-29-30-3 = 0.265,3-21-16-7-19-3 = 0.373,3-30-9-11-29-17-3 = 0.01,3-16-11-9-19-3 = 0.245,5-27-7-9-29-14-5 = 0.245
584,502,602.802,5.818,0.003,-0.039,599,600,3-18-3 = 0.354,3-35-3 = 0.035,5-26-32-22-5 = 0.333,5-24-26-32-5 = 0.333,5-24-26-22-5 = 0.333,5-24-32-22-5 = 0.333,5-15-6-5 = 1.0,5-10-16-11-5 = 0.273,5-23-31-28-3 = 1.0,5-16-11-9-29-3 = 0.192,5-16-9-29-17-3 = 0.101,3-12-17-33-19-5 = 0.035,3-20-12-35-3 = 0.318,3-20-12-17-33-3 = 0.646,3-20-17-33-19-5 = 0.035,5-16-11-9-19-3 = 0.152,3-25-8-3 = 1.0,3-30-34-14-5 = 0.798,3-18-35-3 = 0.646,3-10-21-27-7-5 = 0.384,3-10-13-27-7-5 = 0.333,5-13-7-33-19-5 = 0.283,5-27-16-29-19-5 = 0.111,5-27-16-9-19-3 = 0.172,5-21-29-11-14-5 = 0.202,3-10-21-29-19-5 = 0.01,5-13-11-9-29-17-3 = 0.182,3-21-13-9-30-3 = 0.202,3-21-29-34-19-5 = 0.202
283,79,602.992,5.212,1.5,-1.084,601,602,3-18-3 = 0.273,3-35-3 = 0.03,5-13-16-27-5 = 0.818,5-26-32-22-5 = 0.333,5-24-26-32-5 = 0.333,5-24-26-22-5 = 0.333,5-24-32-22-5 = 0.333,5-15-6-5 = 1.0,5-23-31-28-3 = 1.0,3-12-17-33-19-5 = 0.091,3-20-12-35-3 = 0.242,3-20-12-17-33-3 = 0.576,3-20-12-17-33-5 = 0.091,3-20-17-33-19-5 = 0.091,3-25-8-3 = 1.0,3-18-35-3 = 0.727,3-10-21-29-11-5 = 0.121,3-21-29-11-14-5 = 0.758,5-27-7-33-19-5 = 0.152,3-10-34-30-3 = 0.121,3-10-34-9-19-3 = 0.364,3-10-30-14-5 = 0.242,3-30-9-11-7-17-3 = 0.121,5-13-16-7-19-5 = 0.182,3-10-21-29-19-5 = 0.121,5-7-9-34-30-3 = 0.515,3-10-27-7-17-3 = 0.03
517,207,602.801,4.667,0.101,-0.0,603,604,3-18-3 = 0.167,3-35-3 = 0.167,5-26-32-22-5 = 0.333,5-24-26-32-5 = 0.333,5-24-26-22-5 = 0.333,5-24-32-22-5 = 0.333,5-15-6-5 = 1.0,5-10-16-11-3 = 0.5,5-10-16-29-3 = 0.167,5-23-31-28-3 = 1.0,3-20-12-17-33-3 = 1.0,3-25-8-3 = 1.0,3-30-34-9-19-3 = 0.833,3-18-35-3 = 0.833,3-21-13-27-7-5 = 0.5,3-21-29-11-14-5 = 0.5,3-13-27-7-14-5 = 0.5,3-30-34-9-19-5 = 0.167,3-10-16-29-3 = 0.333
384,382,602.52,5.979,0.313,1.737,605,606,3-18-3 = 0.323,3-35-3 = 0.198,5-13-16-27-5 = 0.312,5-13-16-9-19-3 = 0.031,5-26-32-22-5 = 0.333,5-24-26-32-5 = 0.333,5-24-26-22-5 = 0.333,5-24-32-22-5 = 0.333,5-15-6-5 = 1.0,5-10-34-9-29-3 = 0.344,5-23-31-28-3 = 1.0,5-10-30-14-5 = 0.198,3-20-12-35-3 = 0.125,3-20-12-17-33-3 = 0.677,3-20-12-17-33-5 = 0.198,3-25-8-3 = 1.0,3-30-34-11-7-5 = 0.25,3-30-34-14-5 = 0.406,3-18-35-3 = 0.677,3-10-21-27-7-5 = 0.25,3-10-21-11-9-3 = 0.062,3-21-27-11-9-19-3 = 0.312,3-21-11-7-14-5 = 0.25,5-13-16-29-19-5 = 0.656,5-27-9-7-33-3 = 0.125,3-10-30-14-5 = 0.146,3-21-9-11-7-17-3 = 0.125
327,250,602.737,6.449,0.911,0.461,607,608,3-18-3 = 0.362,5-26-32-22-5 = 0.333,5-24-26-32-5 = 0.333,5-24-26-22-5 = 0.333,5-24-32-22-5 = 0.333,5-15-6-5 = 1.0,5-23-31-28-3 = 1.0,3-20-12-35-3 = 0.362,3-20-12-17-33-3 = 0.638,3-25-8-3 = 1.0,3-30-34-14-5 = 0.5,3-34-7-33-3 = 0.152,3-18-35-3 = 0.638,3-10-16-11-3 = 0.355,3-10-13-27-29-3 = 0.159,3-34-9-29-11-19-5 = 0.268,3-21-13-27-29-3 = 0.014,5-27-16-9-29-3 = 0.007,3-13-27-7-11-29-3 = 0.036,3-13-11-29-34-3 = 0.014,3-13-11-9-34-3 = 0.065,3-13-7-33-19-3 = 0.21,5-27-16-9-19-5 = 0.399,3-21-13-29-30-3 = 0.5,3-10-21-27-19-3 = 0.123,3-16-7-14-5 = 0.239,3-10-21-7-17-3 = 0.362,5-27-11-9-14-5 = 0.261
135,133,602.754,5.833,2.27,0.3,609,610,3-18-3 = 0.688,3-35-3 = 0.438,5-13-16-9-19-3 = 0.188,5-13-16-9-19-5 = 0.562,5-13-16-30-3 = 0.062,5-26-32-22-5 = 0.333,5-24-26-32-5 = 0.333,5-24-26-22-5 = 0.333,5-24-32-22-5 = 0.333,5-15-6-5 = 1.0,5-23-31-28-3 = 1.0,3-20-12-35-3 = 0.25,3-20-12-17-33-3 = 0.75,3-25-8-3 = 1.0,3-30-34-14-5 = 0.312,3-18-35-3 = 0.312,3-21-27-7-11-29-3 = 0.312,3-21-29-11-14-5 = 0.688,3-10-34-30-3 = 0.562,5-13-16-9-7-5 = 0.188,3-10-27-7-17-3 = 0.25,3-10-27-9-30-3 = 0.062,3-27-7-33-19-5 = 0.25,3-10-27-34-3 = 0.125
521,404,602.878,4.033,0.182,-0.529,611,612,3-18-3 = 0.258,3-35-3 = 0.183,5-26-32-22-5 = 0.333,5-24-26-32-5 = 0.333,5-24-26-22-5 = 0.333,5-24-32-22-5 = 0.333,5-15-6-5 = 1.0,5-23-31-28-3 = 1.0,3-20-12-35-3 = 0.075,3-20-12-17-33-3 = 0.925,3-25-8-3 = 1.0,5-21-16-27-5 = 0.058,3-18-35-3 = 0.742,3-21-13-27-29-3 = 0.05,3-21-27-7-11-29-3 = 0.208,5-27-16-29-19-3 = 0.608,3-13-27-7-11-29-3 = 0.075,3-13-11-9-34-3 = 0.717,3-13-7-33-19-3 = 0.075,3-21-16-7-19-5 = 0.317,3-21-13-29-30-3 = 0.008,3-10-30-14-5 = 0.992,3-16-7-14-5 = 0.008,3-10-16-7-5 = 0.008,3-21-13-29-17-3 = 0.05,3-21-13-7-17-3 = 0.025,3-21-34-9-7-5 = 0.283
519,173,602.823,5.333,0.355,-0.111,613,614,3-18-3 = 0.222,3-35-3 = 0.222,5-26-32-22-5 = 0.333,5-24-26-32-5 = 0.333,5-24-26-22-5 = 0.333,5-24-32-22-5 = 0.333,5-15-6-5 = 1.0,5-10-34-30-3 = 0.056,5-23-31-28-3 = 1.0,3-20-12-17-33-3 = 0.778,3-20-12-17-33-5 = 0.222,3-25-8-3 = 1.0,3-18-35-3 = 0.778,5-13-16-29-19-5 = 0.333,5-13-29-11-14-5 = 0.222,5-27-16-29-19-5 = 0.222,3-13-27-7-14-5 = 0.444,3-10-34-30-3 = 0.778,5-9-34-29-11-19-5 = 0.167,3-21-16-7-5 = 0.389,3-21-9-7-14-5 = 0.167,5-10-9-11-30-3 = 0.167,5-21-27-11-9-19-5 = 0.278,5-21-11-9-14-5 = 0.167,5-27-16-9-29-5 = 0.056
424,421,603.012,4.933,0.833,-1.511,615,616,5-14-5 = 0.4,5-26-32-22-5 = 0.333,5-24-26-32-5 = 0.333,5-24-26-22-5 = 0.333,5-24-32-22-5 = 0.333,5-15-6-5 = 1.0,5-23-31-28-3 = 1.0,3-20-12-17-33-3 = 0.8,3-20-12-17-33-5 = 0.2,3-25-8-3 = 1.0,3-18-35-3 = 1.0,3-10-34-9-29-3 = 0.267,3-21-16-27-5 = 0.133,3-21-27-11-9-19-3 = 0.2,3-13-27-11-9-29-3 = 0.267,3-10-34-30-3 = 0.733,3-21-16-7-19-5 = 0.333,3-13-7-11-29-30-3 = 0.067,3-16-7-14-5 = 0.267,3-21-13-9-30-3 = 0.2,5-16-7-14-5 = 0.267,3-21-13-11-19-3 = 0.067,3-21-9-7-14-5 = 0.067,3-13-27-11-29-19-3 = 0.4
615,424,603.032,2.0,0.02,-2.933,617,618,5-14-5 = 0.5,5-26-32-22-5 = 0.5,5-26-24-14-5 = 0.5,5-24-32-22-5 = 0.5,5-15-6-5 = 1.0,5-23-31-28-3 = 1.0,3-20-12-17-33-3 = 1.0,3-25-8-3 = 1.0,3-18-35-3 = 1.0,3-13-27-11-9-29-3 = 1.0,3-10-34-30-3 = 1.0,3-21-16-7-19-5 = 1.0
617,615,611.85,0.0,8.818,-2.0,Integer,,5-26-32-22-5 = 1.0,5-15-6-5 = 1.0,5-23-31-28-3 = 1.0,3-20-12-17-33-3 = 1.0,3-25-8-3 = 1.0,3-18-35-3 = 1.0,3-13-27-11-9-29-3 = 1.0,3-10-34-30-3 = 1.0,3-21-16-19-5 = 1.0,5-24-7-14-5 = 1.0
296,294,602.446,4.333,0.475,2.333,619,620,5-14-5 = 0.417,5-13-16-9-19-5 = 0.25,5-26-32-22-5 = 0.333,5-24-26-32-5 = 0.333,5-24-26-22-5 = 0.333,5-24-32-22-5 = 0.333,5-15-6-5 = 1.0,5-10-34-30-3 = 0.167,5-23-31-28-3 = 1.0,3-20-12-17-33-3 = 1.0,3-25-8-3 = 1.0,3-18-35-3 = 1.0,3-21-29-11-14-5 = 0.25,5-13-16-29-19-5 = 0.583,3-10-34-30-3 = 0.75,3-21-27-9-11-7-5 = 0.5,5-13-16-9-7-5 = 0.167,5-10-34-9-19-5 = 0.083,3-27-11-7-14-5 = 0.25,3-21-27-14-5 = 0.083,3-21-27-7-29-19-5 = 0.083,3-21-27-29-30-3 = 0.083
619,296,602.46,4.333,0.014,0.0,621,622,5-14-5 = 0.417,5-13-16-9-19-5 = 0.25,5-26-32-22-5 = 0.333,5-24-26-32-5 = 0.333,5-24-26-22-5 = 0.333,5-24-32-22-5 = 0.333,5-15-6-5 = 1.0,5-10-34-30-3 = 0.25,5-23-31-28-3 = 1.0,3-20-12-17-33-3 = 1.0,3-25-8-3 = 1.0,3-18-35-3 = 1.0,3-21-29-11-14-5 = 0.25,5-13-16-29-19-5 = 0.583,3-10-34-30-3 = 0.75,3-21-27-9-11-7-5 = 0.5,5-13-16-9-7-5 = 0.167,3-27-11-7-14-5 = 0.25,3-21-27-14-5 = 0.083,3-21-27-9-29-19-5 = 0.083,3-21-27-7-29-19-5 = 0.083
621,619,602.605,3.733,0.145,-0.6,623,624,5-14-5 = 0.433,5-13-16-9-19-5 = 0.267,5-26-32-22-5 = 0.333,5-24-26-32-5 = 0.333,5-24-26-22-5 = 0.333,5-24-32-22-5 = 0.333,5-15-6-5 = 1.0,5-10-34-9-7-5 = 0.033,5-10-34-30-3 = 0.133,5-14-30-29-17-3 = 0.033,5-14-29-33-3 = 0.033,5-23-31-28-3 = 1.0,3-20-12-17-33-3 = 0.967,3-25-8-3 = 1.0,3-18-35-3 = 1.0,3-21-27-11-29-19-5 = 0.633,3-21-29-11-14-5 = 0.2,5-13-16-29-19-5 = 0.033,3-10-34-30-3 = 0.833,5-13-16-9-7-5 = 0.7,3-27-11-7-14-5 = 0.167,3-21-27-14-5 = 0.1,3-20-12-27-7-14-5 = 0.033,3-21-27-7-29-19-5 = 0.067
623,621,602.662,4.167,0.058,0.433,625,626,5-14-5 = 0.417,5-13-16-9-19-5 = 0.333,5-26-32-22-5 = 0.333,5-24-26-32-5 = 0.333,5-24-26-22-5 = 0.333,5-24-32-22-5 = 0.333,5-15-6-5 = 1.0,5-10-34-30-3 = 0.25,5-23-31-28-3 = 1.0,3-20-12-17-33-3 = 1.0,3-25-8-3 = 1.0,3-18-35-3 = 1.0,3-21-27-11-29-19-5 = 0.5,3-21-29-11-14-5 = 0.25,3-10-34-30-3 = 0.75,5-13-16-9-7-5 = 0.667,3-27-11-7-14-5 = 0.167,3-21-27-14-5 = 0.083,3-21-27-7-29-19-5 = 0.167,3-27-29-11-14-5 = 0.083
622,619,602.857,3.917,0.397,-0.417,627,628,5-14-5 = 0.417,5-26-32-22-5 = 0.333,5-24-26-32-5 = 0.333,5-24-26-22-5 = 0.333,5-24-32-22-5 = 0.333,5-15-6-5 = 1.0,5-10-34-30-3 = 0.417,5-23-31-28-3 = 1.0,3-20-12-17-33-3 = 1.0,3-25-8-3 = 1.0,3-18-35-3 = 1.0,3-21-29-11-14-5 = 0.125,5-13-16-29-19-5 = 0.833,3-10-34-30-3 = 0.542,3-10-34-9-19-5 = 0.042,3-13-16-9-19-5 = 0.125,3-21-27-9-11-7-5 = 0.667,3-27-11-7-14-5 = 0.208,3-13-27-16-3 = 0.042,3-21-27-14-5 = 0.083,3-21-9-7-14-5 = 0.125,3-30-9-29-14-5 = 0.042
185,115,602.617,5.222,1.522,1.222,629,630,3-18-3 = 0.222,5-26-32-22-5 = 0.333,5-24-26-32-5 = 0.333,5-24-26-22-5 = 0.333,5-24-32-22-5 = 0.333,5-15-6-5 = 1.0,5-23-31-28-3 = 1.0,5-16-29-34-3 = 0.333,5-16-11-9-29-3 = 0.222,5-16-9-34-3 = 0.222,3-12-17-33-19-5 = 0.222,3-20-12-35-3 = 0.222,3-20-12-17-33-3 = 0.556,3-20-17-33-19-5 = 0.222,3-25-8-3 = 1.0,5-21-13-27-7-5 = 0.111,3-18-35-3 = 0.778,5-7-11-9-29-34-3 = 0.444,3-21-13-27-7-5 = 0.222,3-10-30-14-5 = 1.0,3-21-13-27-19-5 = 0.556,5-16-11-9-7-5 = 0.111,5-21-13-11-7-5 = 0.111,5-27-16-11-5 = 0.111
629,185,602.951,3.667,0.334,-1.556,631,632,3-18-3 = 0.167,3-35-3 = 0.167,5-26-32-22-5 = 0.333,5-24-26-32-5 = 0.333,5-24-26-22-5 = 0.333,5-24-32-22-5 = 0.333,5-15-6-5 = 1.0,5-23-31-28-3 = 1.0,5-10-30-14-5 = 0.167,5-16-29-34-3 = 0.333,3-20-12-17-33-3 = 1.0,3-25-8-3 = 1.0,3-18-35-3 = 0.833,5-7-11-9-29-34-3 = 0.5,3-10-30-14-5 = 0.833,3-21-13-27-19-5 = 1.0,5-16-11-9-7-5 = 0.5,5-16-29-34-5 = 0.167
499,94,602.837,4.917,0.335,0.0,633,634,3-18-3 = 0.292,3-35-3 = 0.292,5-26-32-22-5 = 0.333,5-24-26-32-5 = 0.333,5-24-26-22-5 = 0.333,5-24-32-22-5 = 0.333,5-15-6-5 = 1.0,5-10-34-30-3 = 0.042,5-23-31-28-3 = 1.0,3-12-17-33-19-5 = 0.125,3-20-12-17-33-5 = 0.75,3-20-17-33-19-5 = 0.125,3-25-8-3 = 1.0,3-18-35-3 = 0.708,5-13-27-7-14-5 = 0.375,5-21-27-7-11-29-3 = 0.375,5-21-29-11-14-5 = 0.625,3-10-34-30-3 = 0.958,3-13-16-9-19-5 = 0.292,3-13-16-9-19-3 = 0.333,3-20-12-16-9-19-5 = 0.125,5-27-16-9-7-5 = 0.25
447,148,602.906,5.0,0.637,-0.41,635,636,3-18-3 = 0.25,3-35-3 = 0.25,5-13-16-9-19-5 = 0.417,5-26-32-22-5 = 0.333,5-24-26-32-5 = 0.333,5-24-26-22-5 = 0.333,5-24-32-22-5 = 0.333,5-15-6-5 = 1.0,5-23-31-28-3 = 1.0,3-20-12-17-33-3 = 0.75,3-20-12-17-33-5 = 0.25,3-25-8-3 = 1.0,3-18-35-3 = 0.75,5-13-27-7-14-5 = 0.167,5-13-27-9-11-7-5 = 0.25,5-21-29-11-14-5 = 0.167,3-10-34-30-3 = 1.0,5-13-16-9-7-5 = 0.083,3-21-16-29-5 = 0.083,3-16-7-14-5 = 0.417,5-21-27-11-29-19-5 = 0.5,3-21-9-29-14-5 = 0.25,5-13-27-7-11-19-5 = 0.083
627,622,602.86,3.833,0.002,-0.083,637,638,5-14-5 = 0.417,5-26-32-22-5 = 0.333,5-24-26-32-5 = 0.333,5-24-26-22-5 = 0.333,5-24-32-22-5 = 0.333,5-15-6-5 = 1.0,5-10-34-30-3 = 0.417,5-23-31-28-3 = 1.0,3-20-12-17-33-3 = 1.0,3-25-8-3 = 1.0,3-18-35-3 = 1.0,3-21-29-11-14-5 = 0.167,5-13-16-29-19-5 = 0.833,3-10-34-30-3 = 0.583,3-13-16-9-19-5 = 0.167,3-21-27-9-11-7-5 = 0.667,3-27-11-7-14-5 = 0.167,3-21-27-14-5 = 0.083,3-21-9-7-14-5 = 0.083,3-27-9-7-14-5 = 0.083
176,132,602.953,5.067,2.118,-0.6,639,640,3-18-3 = 0.4,3-35-3 = 0.4,5-26-32-22-5 = 0.533,5-26-24-14-5 = 0.2,5-24-26-32-5 = 0.133,5-24-26-22-5 = 0.133,5-24-32-22-5 = 0.333,5-15-6-5 = 1.0,5-23-31-28-3 = 1.0,5-16-11-30-3 = 0.4,5-24-7-11-9-30-3 = 0.2,3-20-12-17-33-3 = 1.0,5-16-11-9-19-3 = 0.2,3-25-8-3 = 1.0,3-18-35-3 = 0.6,3-21-27-16-3 = 0.4,3-21-29-11-14-5 = 0.2,3-13-27-7-14-5 = 0.6,3-10-34-9-7-5 = 0.2,3-10-34-29-19-5 = 0.8,3-21-13-9-30-3 = 0.4
310,189,602.858,4.333,1.241,-0.0,641,642,3-18-3 = 0.167,3-35-3 = 0.167,5-26-32-22-5 = 0.333,5-24-26-32-5 = 0.333,5-24-26-22-5 = 0.333,5-24-32-22-5 = 0.333,5-15-6-5 = 1.0,5-23-31-28-3 = 1.0,3-20-12-17-33-3 = 1.0,3-25-8-3 = 1.0,3-18-35-3 = 0.833,5-7-11-9-29-34-3 = 0.5,3-21-13-27-7-5 = 0.5,5-27-16-29-19-5 = 0.5,3-10-30-14-5 = 1.0,5-21-13-11-19-5 = 0.5,5-16-9-34-5 = 0.5
383,382,602.859,4.25,0.652,0.008,643,644,5-14-5 = 0.458,5-13-16-27-5 = 0.167,5-13-16-9-19-3 = 0.042,5-26-32-22-5 = 0.333,5-24-26-32-5 = 0.333,5-24-26-22-5 = 0.333,5-24-32-22-5 = 0.333,5-15-6-5 = 1.0,5-10-34-9-29-3 = 0.042,5-23-31-28-3 = 1.0,5-14-34-29-19-5 = 0.167,3-20-12-17-33-3 = 0.875,3-20-12-17-33-5 = 0.125,3-25-8-3 = 1.0,3-30-34-9-11-3 = 0.625,3-18-35-3 = 1.0,3-10-21-27-7-5 = 0.625,3-21-11-7-14-5 = 0.375,5-13-16-29-19-5 = 0.75,3-10-34-30-3 = 0.125,3-13-16-9-19-3 = 0.042,5-9-29-34-30-3 = 0.042,3-10-27-9-30-3 = 0.208
644,383,603.011,2.0,0.152,-2.25,645,646,5-14-5 = 0.5,5-26-32-22-5 = 0.5,5-26-24-14-5 = 0.5,5-24-32-22-5 = 0.5,5-15-6-5 = 1.0,5-23-31-28-3 = 1.0,3-20-12-17-33-3 = 1.0,3-25-8-3 = 1.0,3-30-34-9-11-3 = 1.0,3-18-35-3 = 1.0,3-10-21-27-7-5 = 1.0,5-13-16-29-19-5 = 1.0
645,644,613.072,0.0,10.062,0.0,Prune by CG,,5-26-32-22-5 = 1.0,5-24-14-5 = 1.0,5-15-6-5 = 1.0,5-23-31-28-3 = 1.0,3-20-12-17-33-3 = 1.0,3-25-8-3 = 1.0,3-30-34-9-11-3 = 1.0,3-18-35-3 = 1.0,3-10-21-27-7-5 = 1.0,5-13-16-29-19-5 = 1.0
543,541,603.23,2.0,0.493,-2.576,647,648,5-14-5 = 0.5,5-26-32-22-5 = 0.5,5-26-24-14-5 = 0.5,5-24-32-22-5 = 0.5,5-15-6-5 = 1.0,5-23-31-28-3 = 1.0,3-20-12-17-33-3 = 1.0,3-25-8-3 = 1.0,3-30-34-9-11-3 = 1.0,3-18-35-3 = 1.0,3-10-21-27-7-5 = 1.0,3-13-16-29-19-3 = 1.0
647,543,613.292,0.0,10.062,0.0,Prune by CG,,5-26-32-22-5 = 1.0,5-24-14-5 = 1.0,5-15-6-5 = 1.0,5-23-31-28-3 = 1.0,3-20-12-17-33-3 = 1.0,3-25-8-3 = 1.0,3-30-34-9-11-3 = 1.0,3-18-35-3 = 1.0,3-10-21-27-7-5 = 1.0,3-13-16-29-19-3 = 1.0
400,378,602.784,2.667,0.481,0.667,649,650,5-14-5 = 0.467,5-26-32-22-5 = 0.333,5-24-26-32-5 = 0.333,5-24-26-22-5 = 0.333,5-24-32-22-5 = 0.333,5-14-30-34-3 = 0.2,5-15-6-5 = 1.0,5-23-31-28-3 = 1.0,3-20-12-17-33-3 = 1.0,3-25-8-3 = 1.0,3-30-34-11-29-3 = 0.8,3-18-35-3 = 1.0,3-10-21-27-7-5 = 0.867,3-21-29-11-14-5 = 0.133,3-13-16-9-19-3 = 1.0,3-10-7-29-14-5 = 0.067,3-10-27-14-5 = 0.067,3-27-11-7-14-5 = 0.067
550,107,602.871,5.625,0.208,0.042,651,652,3-18-3 = 0.312,3-35-3 = 0.312,5-26-32-22-5 = 0.333,5-24-26-32-5 = 0.333,5-24-26-22-5 = 0.333,5-15-6-5 = 1.0,5-23-31-28-3 = 1.0,3-20-12-17-33-3 = 1.0,3-25-8-3 = 1.0,3-18-35-3 = 0.688,5-7-11-9-29-34-3 = 0.25,3-21-27-11-9-19-3 = 0.208,3-21-27-11-9-19-5 = 0.021,3-21-29-11-14-5 = 0.458,3-13-16-29-19-3 = 0.125,3-10-34-9-19-5 = 0.333,5-7-11-34-30-3 = 0.063,3-13-16-30-3 = 0.417,3-10-30-14-5 = 0.354,5-24-7-32-22-5 = 0.333,3-10-21-27-19-5 = 0.312,5-7-29-34-30-3 = 0.167,5-7-9-34-14-5 = 0.187,3-13-27-16-3 = 0.458
489,488,602.884,6.179,0.391,0.096,653,654,3-18-3 = 0.385,5-26-32-22-5 = 0.333,5-24-26-32-5 = 0.333,5-24-26-22-5 = 0.333,5-24-32-22-5 = 0.333,5-15-6-5 = 1.0,5-23-31-28-3 = 1.0,3-20-12-35-3 = 0.385,3-20-12-17-33-3 = 0.615,3-25-8-3 = 1.0,3-30-34-14-5 = 0.615,3-30-9-7-33-3 = 0.385,3-16-9-34-3 = 0.026,3-18-35-3 = 0.615,3-10-21-29-11-3 = 0.026,3-10-13-27-29-3 = 0.154,3-21-13-11-29-3 = 0.026,3-21-29-11-14-5 = 0.282,5-27-16-9-19-3 = 0.564,3-10-13-7-9-19-3 = 0.026,3-10-13-29-17-3 = 0.385,3-21-34-11-7-5 = 0.359,3-21-16-11-5 = 0.308,5-16-7-14-5 = 0.103,3-10-13-27-19-3 = 0.282,3-10-13-7-29-19-3 = 0.128
301,234,602.933,4.54,1.256,-0.204,655,656,3-18-3 = 0.19,3-35-3 = 0.175,5-26-32-22-5 = 0.333,5-24-26-32-5 = 0.333,5-24-26-22-5 = 0.333,5-24-32-22-5 = 0.333,5-15-6-5 = 1.0,5-23-31-28-3 = 1.0,5-10-30-14-5 = 0.825,5-16-29-34-3 = 0.238,5-16-9-34-3 = 0.111,5-16-9-29-30-3 = 0.111,3-12-17-33-19-5 = 0.016,3-20-12-35-3 = 0.016,3-20-12-17-33-3 = 0.651,3-20-12-17-33-5 = 0.317,3-20-17-33-19-5 = 0.016,3-25-8-3 = 1.0,3-18-35-3 = 0.81,3-10-16-11-5 = 0.175,3-34-9-29-11-19-3 = 0.635,3-21-13-27-7-5 = 0.81,5-27-16-9-19-5 = 0.143,5-7-29-34-30-3 = 0.016,5-27-16-30-3 = 0.048,3-21-13-11-19-5 = 0.19,5-16-7-14-5 = 0.175
534,531,603.018,4.667,1.328,-0.733,657,658,5-14-5 = 0.167,3-18-3 = 0.167,3-35-3 = 0.167,5-26-32-22-5 = 0.333,5-24-26-32-5 = 0.333,5-24-26-22-5 = 0.333,5-24-32-22-5 = 0.333,5-15-6-5 = 1.0,5-23-31-28-3 = 1.0,3-20-12-17-33-3 = 0.833,3-20-12-17-33-5 = 0.167,3-25-8-3 = 1.0,3-18-35-3 = 0.833,5-21-29-11-14-5 = 0.167,3-13-27-7-14-5 = 0.333,3-10-34-30-3 = 0.833,3-13-16-9-7-5 = 0.5,5-16-11-9-19-5 = 0.167,5-21-27-11-29-19-5 = 0.667,5-16-9-14-5 = 0.333,3-10-13-7-30-3 = 0.167,5-21-29-34-19-5 = 0.167
589,587,602.858,5.222,0.137,0.389,659,660,3-18-3 = 0.222,5-26-32-22-5 = 0.333,5-24-26-32-5 = 0.333,5-24-26-22-5 = 0.333,5-24-32-22-5 = 0.333,5-15-6-5 = 1.0,5-23-31-28-3 = 1.0,5-16-29-34-3 = 0.333,3-20-12-35-3 = 0.222,3-20-12-17-33-3 = 0.778,3-25-8-3 = 1.0,3-30-34-11-7-5 = 0.222,3-18-35-3 = 0.778,3-21-13-11-29-3 = 0.444,5-27-7-33-19-5 = 0.222,3-10-34-9-19-5 = 0.222,5-27-16-9-19-5 = 0.556,3-10-30-14-5 = 0.778,5-21-13-29-17-3 = 0.222,3-21-13-11-7-5 = 0.333,5-7-9-34-14-5 = 0.111,5-27-16-9-7-5 = 0.111,5-27-34-14-5 = 0.111
82,52,603.003,5.833,3.281,-0.591,661,662,3-18-3 = 0.75,3-35-3 = 0.167,5-26-32-22-5 = 0.333,5-24-26-32-5 = 0.333,5-24-26-22-5 = 0.333,5-24-32-22-5 = 0.333,5-15-6-5 = 1.0,5-23-31-28-3 = 1.0,3-12-17-33-19-5 = 0.417,3-20-12-35-3 = 0.583,3-20-17-33-19-5 = 0.417,3-25-8-3 = 1.0,3-30-9-7-33-5 = 0.167,3-16-11-30-3 = 0.167,3-18-35-3 = 0.25,3-10-34-9-29-3 = 0.583,3-21-16-11-3 = 0.417,3-21-27-16-3 = 0.167,3-21-29-11-14-5 = 0.167,5-13-27-7-14-5 = 0.833,3-10-34-30-3 = 0.417,3-30-9-11-29-17-3 = 0.083,3-21-16-17-3 = 0.083,5-21-13-29-30-3 = 0.167,3-16-11-9-19-3 = 0.167
573,254,602.795,6.694,0.149,0.694,663,664,3-18-3 = 0.279,3-35-3 = 0.255,5-7-11-29-34-19-5 = 0.072,3-31-28-3 = 0.333,5-26-32-22-5 = 0.333,5-24-26-32-5 = 0.333,5-24-26-22-5 = 0.333,5-24-32-22-5 = 0.333,5-15-23-6-5 = 0.333,5-15-6-5 = 0.667,5-10-34-30-3 = 0.009,5-23-31-28-3 = 0.667,5-16-9-34-3 = 0.604,3-12-17-33-19-5 = 0.025,3-20-12-35-3 = 0.025,3-20-12-17-33-3 = 0.95,3-20-17-33-19-5 = 0.025,3-25-8-3 = 1.0,5-10-34-9-19-3 = 0.086,3-18-35-3 = 0.721,3-10-16-11-3 = 0.306,3-10-21-27-7-5 = 0.063,3-21-27-11-29-19-5 = 0.392,3-13-27-7-14-5 = 0.545,3-21-16-7-19-5 = 0.09,3-21-13-29-30-3 = 0.455,3-10-30-14-5 = 0.455,3-10-30-9-29-19-3 = 0.081,5-7-11-34-9-19-3 = 0.23
260,214,602.922,4.0,1.174,-0.0,665,666,5-14-5 = 0.333,5-26-32-22-5 = 0.333,5-24-26-32-5 = 0.333,5-24-26-22-5 = 0.333,5-24-32-22-5 = 0.333,5-15-6-5 = 1.0,5-23-31-28-3 = 1.0,5-16-11-30-3 = 0.667,5-16-9-29-30-3 = 0.333,3-20-12-17-33-3 = 1.0,3-25-8-3 = 1.0,3-18-35-3 = 1.0,3-21-13-27-7-5 = 0.667,3-13-27-7-14-5 = 0.333,3-10-34-9-19-5 = 0.333,3-10-34-29-19-5 = 0.667,5-21-11-9-14-5 = 0.333
388,385,603.121,4.905,1.108,-1.198,667,668,3-18-3 = 0.262,3-35-3 = 0.25,5-21-34-9-19-5 = 0.155,5-26-32-22-5 = 0.333,5-24-26-32-5 = 0.333,5-24-26-22-5 = 0.333,5-24-32-22-5 = 0.333,5-15-6-5 = 1.0,5-23-31-28-3 = 1.0,5-10-21-27-7-5 = 0.202,3-20-12-35-3 = 0.012,3-20-12-17-33-3 = 0.988,3-25-8-3 = 1.0,3-30-34-11-19-5 = 0.119,3-16-9-29-30-3 = 0.536,3-18-35-3 = 0.738,3-10-16-11-5 = 0.464,3-21-27-11-9-19-5 = 0.012,3-21-29-11-14-5 = 0.214,5-13-27-7-14-5 = 0.786,5-13-7-33-19-5 = 0.012,3-10-34-9-19-5 = 0.083,3-10-21-11-19-5 = 0.179,3-30-9-11-29-17-3 = 0.012,3-30-34-9-19-5 = 0.131,5-10-34-9-19-5 = 0.071,5-13-34-30-3 = 0.202,5-21-29-34-19-5 = 0.238
341,194,603.069,5.667,1.387,-0.872,669,670,3-18-3 = 0.333,5-26-32-22-5 = 0.333,5-24-26-32-5 = 0.333,5-24-26-22-5 = 0.333,5-24-32-22-5 = 0.333,5-15-6-5 = 1.0,5-23-31-28-3 = 1.0,3-20-12-35-3 = 0.333,3-20-12-17-33-3 = 0.333,3-20-12-17-33-5 = 0.333,3-25-8-3 = 1.0,3-18-35-3 = 0.667,3-10-21-27-7-5 = 0.333,3-21-29-11-14-5 = 0.667,5-13-7-33-19-5 = 0.333,3-10-34-9-19-5 = 0.667,3-13-11-9-29-17-3 = 0.333,5-27-16-30-3 = 0.667,5-16-7-14-5 = 0.333,5-13-34-30-3 = 0.333
452,334,602.617,4.133,0.068,2.133,671,672,5-14-5 = 0.467,5-13-16-30-3 = 0.6,5-13-27-16-3 = 0.133,5-26-32-22-5 = 0.333,5-24-26-32-5 = 0.333,5-24-26-22-5 = 0.333,5-24-32-22-5 = 0.333,5-15-6-5 = 1.0,5-23-31-28-3 = 1.0,5-10-30-14-5 = 0.067,3-20-12-17-33-3 = 1.0,3-25-8-3 = 1.0,3-30-34-14-5 = 0.333,3-18-35-3 = 1.0,3-10-21-27-7-5 = 0.667,3-10-21-29-11-5 = 0.067,3-34-9-29-11-19-5 = 0.667,3-21-27-11-9-19-5 = 0.067,5-13-16-29-19-3 = 0.267,3-10-21-11-7-5 = 0.067,3-21-27-9-11-7-5 = 0.133,5-10-9-7-14-5 = 0.133
417,288,602.898,5.6,0.688,0.329,673,674,3-18-3 = 0.367,3-35-3 = 0.067,5-26-32-22-5 = 0.333,5-24-26-32-5 = 0.333,5-24-26-22-5 = 0.333,5-24-32-22-5 = 0.333,5-15-6-5 = 1.0,5-23-31-28-3 = 1.0,5-10-30-9-29-19-5 = 0.067,3-20-12-35-3 = 0.3,3-20-12-17-33-3 = 0.7,3-25-8-3 = 1.0,3-18-35-3 = 0.633,5-7-11-9-29-34-3 = 0.4,3-21-16-27-5 = 0.667,3-21-27-16-3 = 0.033,5-13-27-7-14-5 = 0.3,5-13-7-33-19-5 = 0.3,3-10-30-9-29-19-5 = 0.233,3-10-30-14-5 = 0.7,3-21-16-17-3 = 0.3,5-9-34-29-11-19-3 = 0.2,5-13-11-29-34-5 = 0.1,5-13-11-9-34-5 = 0.1,5-13-11-34-19-5 = 0.2
673,417,602.938,4.667,0.041,-0.933,675,676,3-18-3 = 0.333,5-26-32-22-5 = 0.333,5-24-26-32-5 = 0.333,5-24-26-22-5 = 0.333,5-24-32-22-5 = 0.333,5-15-6-5 = 1.0,5-23-31-28-3 = 1.0,3-20-12-35-3 = 0.333,3-20-12-17-33-3 = 0.667,3-25-8-3 = 1.0,3-18-35-3 = 0.667,5-7-11-9-29-34-3 = 0.667,3-21-16-27-5 = 0.667,5-13-27-11-9-19-5 = 0.333,5-13-7-33-19-5 = 0.333,3-10-30-14-5 = 1.0,3-21-16-17-3 = 0.333,5-13-29-34-19-5 = 0.333
492,325,602.753,5.333,0.146,1.333,677,678,3-18-3 = 0.167,3-35-3 = 0.167,5-26-32-22-5 = 0.333,5-24-26-32-5 = 0.333,5-24-26-22-5 = 0.333,5-24-32-22-5 = 0.333,5-15-6-5 = 1.0,5-23-31-28-3 = 1.0,5-16-29-34-3 = 0.333,5-16-9-34-3 = 0.333,3-20-12-17-33-3 = 1.0,3-25-8-3 = 1.0,3-30-34-11-19-5 = 0.333,3-30-9-11-14-5 = 0.167,5-21-13-27-7-5 = 0.333,5-21-13-27-29-3 = 0.167,3-18-35-3 = 0.833,3-21-13-27-7-5 = 0.333,3-10-30-14-5 = 0.5,3-10-9-29-11-19-5 = 0.5,5-16-7-14-5 = 0.333,5-21-13-27-19-5 = 0.167
677,492,602.859,5.333,0.106,0.0,679,680,3-18-3 = 0.167,3-35-3 = 0.167,5-26-32-22-5 = 0.333,5-24-26-32-5 = 0.333,5-24-26-22-5 = 0.333,5-24-32-22-5 = 0.333,5-15-6-5 = 1.0,5-23-31-28-3 = 1.0,5-16-29-34-3 = 0.5,5-16-9-34-3 = 0.25,3-20-12-17-33-3 = 1.0,3-25-8-3 = 1.0,3-30-34-11-19-5 = 0.25,3-30-9-11-14-5 = 0.25,5-21-13-27-7-5 = 0.5,3-18-35-3 = 0.833,3-21-13-27-7-5 = 0.25,3-10-30-14-5 = 0.5,3-10-9-29-11-19-5 = 0.5,5-16-7-14-5 = 0.25,5-21-13-27-19-5 = 0.25
365,339,603.007,5.0,1.06,-0.333,681,682,3-18-3 = 0.167,3-35-3 = 0.167,5-26-32-22-5 = 0.333,5-24-26-32-5 = 0.333,5-24-26-22-5 = 0.333,5-24-32-22-5 = 0.333,5-15-6-5 = 1.0,5-23-31-28-3 = 1.0,5-10-30-14-5 = 0.583,3-20-12-17-33-3 = 1.0,3-25-8-3 = 1.0,3-18-35-3 = 0.833,3-34-9-29-11-19-5 = 0.5,3-21-13-27-7-5 = 0.583,3-21-13-11-29-3 = 0.417,3-16-11-29-19-5 = 0.083,3-16-9-34-5 = 0.083,3-16-7-14-5 = 0.167,5-27-16-30-3 = 0.417,5-10-34-9-19-5 = 0.417,5-16-7-14-5 = 0.25
92,66,602.912,5.788,2.896,0.304,683,684,3-18-3 = 0.591,3-35-3 = 0.591,5-26-32-22-5 = 0.333,5-24-26-32-5 = 0.333,5-24-26-22-5 = 0.333,5-24-32-22-5 = 0.333,5-15-6-5 = 1.0,5-23-31-28-3 = 1.0,5-16-9-29-30-3 = 0.045,3-20-12-17-33-3 = 1.0,5-16-11-9-19-3 = 0.364,3-25-8-3 = 1.0,3-30-34-14-5 = 0.409,3-18-35-3 = 0.409,3-10-21-27-7-5 = 0.5,3-21-29-11-14-5 = 0.045,3-13-27-7-14-5 = 0.091,3-13-11-29-34-3 = 0.591,5-27-16-9-19-5 = 0.409,3-21-16-7-19-5 = 0.045,3-21-13-29-30-3 = 0.273,3-21-16-7-19-3 = 0.136,3-10-30-14-5 = 0.273,3-10-13-7-29-19-5 = 0.045,5-10-9-7-14-5 = 0.182
679,677,602.965,5.333,0.105,0.0,685,686,3-18-3 = 0.167,3-35-3 = 0.167,5-26-32-22-5 = 0.333,5-24-26-32-5 = 0.333,5-24-26-22-5 = 0.333,5-24-32-22-5 = 0.333,5-15-6-5 = 1.0,5-23-31-28-3 = 1.0,5-16-29-34-3 = 0.5,5-16-9-34-3 = 0.25,3-20-12-17-33-3 = 1.0,3-25-8-3 = 1.0,3-30-34-11-19-5 = 0.167,3-30-9-11-14-5 = 0.25,5-21-13-27-7-5 = 0.417,3-18-35-3 = 0.833,3-34-9-29-11-19-3 = 0.083,3-21-13-27-7-5 = 0.333,3-10-30-14-5 = 0.5,3-10-9-29-11-19-5 = 0.417,3-10-30-11-19-5 = 0.083,5-16-7-14-5 = 0.25,5-21-13-27-19-5 = 0.25
655,301,602.962,4.667,0.029,0.127,687,688,3-18-3 = 0.2,3-35-3 = 0.167,5-26-32-22-5 = 0.333,5-24-26-32-5 = 0.333,5-24-26-22-5 = 0.333,5-24-32-22-5 = 0.333,5-15-6-5 = 1.0,5-23-31-28-3 = 1.0,5-10-30-14-5 = 0.8,5-16-9-34-3 = 0.333,3-12-17-33-19-5 = 0.033,3-20-12-35-3 = 0.033,3-20-12-17-33-3 = 0.6,3-20-12-17-33-5 = 0.333,3-20-17-33-19-5 = 0.033,3-25-8-3 = 1.0,3-18-35-3 = 0.8,3-10-16-11-5 = 0.2,3-34-9-29-11-19-3 = 0.667,3-21-13-27-7-5 = 0.8,5-27-16-29-19-5 = 0.133,3-16-11-29-19-5 = 0.067,5-21-13-29-30-3 = 0.133,5-27-16-30-3 = 0.067,3-21-13-11-19-5 = 0.067,5-16-7-14-5 = 0.2
471,470,602.886,5.583,0.992,0.667,689,690,3-18-3 = 0.292,3-35-3 = 0.292,5-13-16-9-19-5 = 0.5,5-13-16-30-3 = 0.167,5-26-32-22-5 = 0.333,5-24-26-32-5 = 0.333,5-24-26-22-5 = 0.333,5-24-32-22-5 = 0.333,5-15-6-5 = 1.0,5-23-31-28-3 = 1.0,5-14-34-29-19-5 = 0.5,3-20-12-17-33-3 = 1.0,3-25-8-3 = 1.0,3-30-9-11-14-5 = 0.375,3-18-35-3 = 0.708,3-10-21-27-7-5 = 0.5,3-10-21-29-11-5 = 0.5,3-13-16-30-3 = 0.083,3-13-16-27-5 = 0.125,5-7-9-34-14-5 = 0.125,3-13-16-11-3 = 0.083,3-13-16-11-5 = 0.042,5-27-7-34-30-3 = 0.375
386,153,603.192,5.205,1.377,-1.239,691,692,3-18-3 = 0.282,3-35-3 = 0.205,5-21-34-30-3 = 0.077,5-26-32-22-5 = 0.333,5-24-26-32-5 = 0.333,5-24-26-22-5 = 0.333,5-24-32-22-5 = 0.333,5-15-6-5 = 1.0,5-23-31-28-3 = 1.0,5-10-30-9-29-19-5 = 0.385,5-10-30-14-5 = 0.077,3-20-12-35-3 = 0.077,3-20-12-17-33-3 = 0.641,3-20-12-17-33-5 = 0.282,3-25-8-3 = 1.0,3-30-34-29-11-5 = 0.385,3-16-9-29-30-3 = 0.077,3-18-35-3 = 0.718,3-21-16-11-3 = 0.615,3-21-27-16-3 = 0.077,5-13-27-7-14-5 = 0.923,5-13-7-33-19-5 = 0.077,3-10-34-9-19-5 = 0.41,3-21-16-17-3 = 0.077,5-10-34-9-19-5 = 0.128,3-21-16-29-3 = 0.154
557,420,602.939,5.417,0.261,0.321,693,694,3-8-3 = 0.75,5-26-32-22-5 = 0.333,5-24-26-32-5 = 0.333,5-24-32-22-5 = 0.333,5-15-6-5 = 1.0,5-23-31-28-3 = 0.625,5-10-21-27-7-5 = 0.187,3-20-12-17-33-3 = 1.0,5-23-31-25-3 = 0.375,3-25-28-3 = 0.375,3-25-8-3 = 0.25,3-18-35-3 = 1.0,3-21-11-7-14-5 = 0.125,3-21-29-11-14-5 = 0.688,5-27-11-7-14-5 = 0.083,3-10-34-30-3 = 0.521,3-13-16-30-3 = 0.271,3-13-16-9-19-3 = 0.708,3-10-30-14-5 = 0.104,3-10-34-9-7-5 = 0.188,5-27-7-29-34-19-5 = 0.292,5-27-7-11-9-30-3 = 0.104,3-13-16-7-29-3 = 0.021,5-27-24-26-22-5 = 0.333
604,517,602.864,5.608,0.063,0.941,695,696,3-18-3 = 0.294,3-35-3 = 0.118,5-26-32-22-5 = 0.333,5-24-26-32-5 = 0.333,5-24-26-22-5 = 0.333,5-24-32-22-5 = 0.333,5-15-6-5 = 1.0,5-10-16-11-3 = 0.412,5-10-16-29-3 = 0.02,5-23-31-28-3 = 1.0,3-20-12-35-3 = 0.176,3-20-12-17-33-3 = 0.824,3-25-8-3 = 1.0,3-30-34-14-5 = 0.667,3-30-9-7-33-3 = 0.176,3-18-35-3 = 0.706,3-34-9-29-11-19-3 = 0.216,3-21-13-27-7-5 = 0.431,3-21-27-11-9-19-3 = 0.235,3-13-27-7-14-5 = 0.333,3-30-9-11-29-17-3 = 0.118,3-30-34-7-17-3 = 0.039,3-21-13-9-29-19-5 = 0.235,3-21-9-11-7-17-3 = 0.02,3-21-29-34-19-3 = 0.078,3-10-16-29-3 = 0.333,5-10-16-19-3 = 0.235
585,484,602.973,3.933,0.17,0.2,697,698,5-14-5 = 0.367,3-18-3 = 0.067,5-26-32-22-5 = 0.333,5-24-26-32-5 = 0.333,5-24-26-22-5 = 0.333,5-24-32-22-5 = 0.333,5-14-30-34-3 = 0.1,5-15-6-5 = 1.0,5-23-31-28-3 = 1.0,3-20-12-35-3 = 0.067,3-20-12-17-33-3 = 0.933,3-25-8-3 = 1.0,3-30-9-7-33-5 = 0.067,3-18-35-3 = 0.933,3-10-21-27-7-5 = 0.767,5-13-29-11-14-5 = 0.233,5-27-11-7-14-5 = 0.1,3-13-16-29-19-5 = 0.033,3-13-16-9-19-5 = 0.733,3-30-34-7-17-3 = 0.067,3-10-21-27-19-5 = 0.133,3-10-16-19-5 = 0.033,3-10-34-29-19-3 = 0.067,5-16-9-14-5 = 0.2,3-21-34-30-3 = 0.1,5-11-29-34-30-3 = 0.667
391,336,603.12,4.733,1.044,-0.772,699,700,3-18-3 = 0.217,3-35-3 = 0.217,5-26-32-22-5 = 0.333,5-24-26-32-5 = 0.333,5-24-26-22-5 = 0.333,5-24-32-22-5 = 0.333,5-15-6-5 = 1.0,5-23-31-28-3 = 1.0,3-20-12-17-33-3 = 1.0,3-25-8-3 = 1.0,3-30-34-11-7-5 = 0.033,3-30-34-11-19-5 = 0.483,3-18-35-3 = 0.783,3-21-27-16-3 = 0.333,5-27-16-29-19-3 = 0.517,3-13-11-7-14-5 = 0.067,3-13-11-29-34-3 = 0.267,3-21-13-29-30-3 = 0.217,3-10-30-14-5 = 0.1,3-10-9-7-14-5 = 0.833,3-21-13-9-30-3 = 0.167,3-10-13-11-7-5 = 0.067,5-21-27-16-3 = 0.067,3-21-13-34-3 = 0.217,5-27-16-11-5 = 0.083
374,371,602.953,5.533,0.946,0.438,701,702,3-18-3 = 0.267,3-35-3 = 0.167,5-26-32-22-5 = 0.333,5-24-26-32-5 = 0.333,5-24-26-22-5 = 0.333,5-24-32-22-5 = 0.333,5-15-6-5 = 1.0,5-23-31-28-3 = 1.0,5-16-11-30-3 = 0.433,3-20-12-35-3 = 0.1,3-20-12-17-33-3 = 0.733,3-20-12-17-33-5 = 0.167,3-25-8-3 = 1.0,3-30-9-7-33-3 = 0.1,3-16-9-29-30-3 = 0.2,3-18-35-3 = 0.733,3-21-16-27-5 = 0.267,5-13-27-7-14-5 = 0.567,5-13-11-7-14-5 = 0.2,5-21-29-11-14-5 = 0.233,3-10-34-9-19-5 = 0.7,3-21-16-17-3 = 0.1,3-10-34-29-19-5 = 0.3,3-21-27-29-30-3 = 0.167,5-21-13-11-7-5 = 0.133,5-21-13-29-30-5 = 0.1
641,310,603.042,4.333,0.184,0.0,703,704,3-18-3 = 0.167,3-35-3 = 0.167,5-26-32-22-5 = 0.333,5-24-26-32-5 = 0.333,5-24-26-22-5 = 0.333,5-24-32-22-5 = 0.333,5-15-6-5 = 1.0,5-23-31-28-3 = 1.0,3-20-12-17-33-3 = 1.0,3-25-8-3 = 1.0,3-18-35-3 = 0.833,5-7-11-9-29-34-3 = 0.5,3-21-13-27-7-5 = 0.333,5-27-16-29-19-5 = 0.5,5-27-16-9-19-5 = 0.167,3-10-30-14-5 = 1.0,3-16-9-34-5 = 0.333,3-21-13-34-3 = 0.167,5-21-13-11-19-5 = 0.167,5-21-13-11-7-5 = 0.167,5-21-13-11-19-3 = 0.167
493,396,603.499,2.0,0.995,-3.167,705,706,5-14-5 = 0.5,5-26-32-22-5 = 0.5,5-26-24-14-5 = 0.5,5-24-32-22-5 = 0.5,5-15-6-5 = 1.0,5-23-31-28-3 = 1.0,3-20-12-17-33-3 = 1.0,3-25-8-3 = 1.0,3-18-35-3 = 1.0,3-10-21-27-7-5 = 1.0,3-13-16-30-3 = 1.0,5-9-34-29-11-19-5 = 1.0
705,493,613.561,0.0,10.062,0.0,Prune by CG,,5-26-32-22-5 = 1.0,5-24-14-5 = 1.0,5-15-6-5 = 1.0,5-23-31-28-3 = 1.0,3-20-12-17-33-3 = 1.0,3-25-8-3 = 1.0,3-18-35-3 = 1.0,3-10-21-27-7-5 = 1.0,3-13-16-30-3 = 1.0,5-9-34-29-11-19-5 = 1.0
640,176,603.136,4.519,0.183,-0.548,707,708,3-18-3 = 0.296,3-35-3 = 0.259,5-26-32-22-5 = 0.63,5-26-24-14-5 = 0.37,5-24-32-22-5 = 0.37,5-15-6-5 = 1.0,5-23-31-28-3 = 1.0,5-16-11-30-3 = 0.259,5-24-7-11-9-30-3 = 0.259,3-20-12-35-3 = 0.037,3-20-12-17-33-3 = 0.963,5-16-11-9-19-3 = 0.111,3-25-8-3 = 1.0,3-30-9-7-33-3 = 0.037,3-18-35-3 = 0.704,3-21-16-11-3 = 0.222,3-21-27-16-3 = 0.407,3-21-29-11-14-5 = 0.037,3-13-27-7-14-5 = 0.593,3-10-34-9-19-5 = 0.037,3-13-7-11-9-30-3 = 0.074,3-30-9-11-7-17-3 = 0.037,3-10-34-9-29-5 = 0.111,3-10-34-29-19-5 = 0.852,3-21-13-9-30-3 = 0.333
432,150,602.873,5.667,0.509,1.303,709,710,3-18-3 = 0.333,5-26-32-22-5 = 0.333,5-24-26-32-5 = 0.333,5-24-26-22-5 = 0.333,5-24-32-22-5 = 0.333,5-15-6-5 = 1.0,5-23-31-28-3 = 1.0,3-20-12-35-3 = 0.333,3-20-12-17-33-3 = 0.667,3-25-8-3 = 1.0,5-21-16-11-3 = 0.333,3-18-35-3 = 0.667,3-10-13-27-7-5 = 0.333,3-34-9-29-11-19-3 = 0.667,3-13-27-7-14-5 = 0.333,3-13-7-33-19-5 = 0.333,3-10-30-14-5 = 0.667,3-21-16-17-3 = 0.333,5-27-16-30-3 = 0.333,3-21-9-29-34-3 = 0.333
247,246,603.076,4.0,1.578,0.0,711,712,5-14-5 = 0.3,5-26-32-22-5 = 0.5,5-26-24-14-5 = 0.5,5-24-32-22-5 = 0.5,5-15-6-5 = 1.0,5-23-31-28-3 = 1.0,3-20-12-17-33-3 = 1.0,3-25-8-3 = 1.0,3-30-9-11-14-5 = 0.2,3-16-11-9-29-3 = 0.2,3-16-9-29-30-3 = 0.2,5-21-13-27-7-5 = 0.2,3-18-35-3 = 1.0,3-21-13-27-7-5 = 0.8,3-10-34-30-3 = 0.6,3-10-34-9-19-3 = 0.4,3-16-11-29-19-3 = 0.6
625,623,603.388,2.0,0.726,-2.167,713,714,5-14-5 = 0.5,5-24-26-32-5 = 0.5,5-24-32-22-5 = 0.5,5-15-6-5 = 1.0,5-23-31-28-3 = 1.0,3-20-12-17-33-3 = 1.0,3-25-8-3 = 1.0,3-18-35-3 = 1.0,3-21-27-11-29-19-5 = 1.0,3-10-34-30-3 = 1.0,5-13-16-9-7-5 = 1.0,5-14-26-22-5 = 0.5
713,625,613.349,0.0,9.961,0.0,Prune by CG,,5-24-26-32-5 = 1.0,5-15-6-5 = 1.0,5-23-31-28-3 = 1.0,3-20-12-17-33-3 = 1.0,3-25-8-3 = 1.0,3-18-35-3 = 1.0,3-21-27-11-29-19-5 = 1.0,3-10-34-30-3 = 1.0,5-13-16-9-7-5 = 1.0,5-14-22-5 = 1.0
402,272,603.08,5.667,0.937,0.0,715,716,3-18-3 = 0.333,3-35-3 = 0.167,5-26-32-22-5 = 0.333,5-24-26-32-5 = 0.333,5-24-26-22-5 = 0.333,5-24-32-22-5 = 0.333,5-15-6-5 = 1.0,5-23-31-28-3 = 1.0,3-12-17-33-19-5 = 0.167,3-20-12-35-3 = 0.167,3-20-12-17-33-3 = 0.667,3-20-17-33-19-5 = 0.167,3-25-8-3 = 1.0,3-30-34-14-5 = 0.333,3-18-35-3 = 0.667,3-10-34-9-29-3 = 0.667,5-7-11-9-29-14-5 = 0.333,5-21-11-7-14-5 = 0.333,3-13-16-30-3 = 0.667,3-10-21-27-19-3 = 0.333,3-13-27-16-3 = 0.333,3-21-27-7-11-19-5 = 0.333
576,381,603.52,3.467,0.77,-2.662,717,718,5-14-5 = 0.467,5-13-16-9-19-3 = 0.933,5-13-27-16-3 = 0.067,5-26-32-22-5 = 0.333,5-24-26-32-5 = 0.333,5-24-26-22-5 = 0.333,5-24-32-22-5 = 0.333,5-15-6-5 = 1.0,5-23-31-28-3 = 1.0,5-10-21-27-7-5 = 0.133,3-20-12-17-33-3 = 0.933,3-20-12-17-33-5 = 0.067,3-25-8-3 = 1.0,3-30-34-29-11-5 = 0.667,3-30-34-14-5 = 0.133,3-30-29-11-14-5 = 0.2,3-18-35-3 = 1.0,3-10-34-9-29-3 = 0.067,3-10-21-27-7-5 = 0.733,3-21-11-7-14-5 = 0.133,3-10-34-29-19-5 = 0.067,5-27-34-14-5 = 0.067
658,534,603.497,2.0,0.479,-2.667,719,720,5-14-5 = 0.5,5-26-32-22-5 = 0.5,5-26-24-14-5 = 0.5,5-24-32-22-5 = 0.5,5-15-6-5 = 1.0,5-23-31-28-3 = 1.0,3-20-12-17-33-3 = 1.0,3-25-8-3 = 1.0,3-18-35-3 = 1.0,3-10-34-30-3 = 1.0,3-13-16-9-7-5 = 1.0,5-21-27-11-29-19-5 = 1.0
719,658,613.558,0.0,10.062,0.0,Prune by CG,,5-26-32-22-5 = 1.0,5-24-14-5 = 1.0,5-15-6-5 = 1.0,5-23-31-28-3 = 1.0,3-20-12-17-33-3 = 1.0,3-25-8-3 = 1.0,3-18-35-3 = 1.0,3-10-34-30-3 = 1.0,3-13-16-9-7-5 = 1.0,5-21-27-11-29-19-5 = 1.0
562,287,603.077,5.333,0.339,0.333,721,722,3-18-3 = 0.333,5-26-32-22-5 = 0.333,5-24-26-32-5 = 0.333,5-24-26-22-5 = 0.333,5-24-32-22-5 = 0.333,5-15-6-5 = 1.0,5-23-31-28-3 = 1.0,3-20-12-35-3 = 0.333,3-20-12-17-33-3 = 0.667,3-25-8-3 = 1.0,3-18-35-3 = 0.667,3-21-16-27-5 = 0.333,5-13-11-9-34-3 = 0.333,5-13-29-11-34-3 = 0.333,5-27-7-33-19-5 = 0.333,3-21-16-7-19-5 = 0.333,3-10-30-14-5 = 1.0,5-13-11-9-29-17-3 = 0.333,3-21-29-34-19-5 = 0.333,5-27-16-9-7-5 = 0.333
204,171,603.169,4.833,1.928,-0.25,723,724,3-18-3 = 0.625,3-35-3 = 0.625,5-26-32-22-5 = 0.333,5-24-26-32-5 = 0.333,5-24-26-22-5 = 0.333,5-24-32-22-5 = 0.333,5-15-6-5 = 1.0,5-23-31-28-3 = 1.0,3-20-12-17-33-3 = 1.0,3-25-8-3 = 1.0,3-30-34-9-11-3 = 0.125,3-30-34-9-11-5 = 0.125,3-30-34-14-5 = 0.375,3-18-35-3 = 0.375,3-10-21-27-7-5 = 0.5,3-21-11-7-14-5 = 0.125,5-13-16-29-19-3 = 1.0,3-10-30-14-5 = 0.375,3-10-34-9-7-5 = 0.125,3-21-27-9-11-7-5 = 0.25,3-21-11-9-14-5 = 0.125,3-27-11-9-34-3 = 0.25
535,435,603.176,5.667,0.601,-0.167,725,726,3-18-3 = 0.333,5-26-32-22-5 = 0.333,5-24-26-32-5 = 0.333,5-24-26-22-5 = 0.333,5-24-32-22-5 = 0.333,5-15-6-5 = 1.0,5-23-31-28-3 = 1.0,5-10-30-14-5 = 0.333,3-20-12-35-3 = 0.333,3-20-12-17-33-3 = 0.667,3-25-8-3 = 1.0,3-18-35-3 = 0.667,3-21-16-27-5 = 0.667,5-13-27-7-14-5 = 0.333,5-13-7-33-19-5 = 0.333,3-30-9-11-29-17-3 = 0.333,5-7-29-34-30-3 = 0.333,3-21-16-11-5 = 0.333,5-10-34-9-19-5 = 0.667,3-13-29-11-14-5 = 0.333
551,282,602.871,5.533,0.435,1.978,727,728,3-18-3 = 0.267,3-35-3 = 0.267,5-26-32-22-5 = 0.333,5-24-26-32-5 = 0.333,5-24-26-22-5 = 0.333,5-24-32-22-5 = 0.333,5-15-6-5 = 1.0,5-23-31-28-3 = 1.0,3-20-12-17-33-3 = 0.733,3-20-12-17-33-5 = 0.267,3-25-8-3 = 1.0,3-30-34-14-5 = 0.2,3-18-35-3 = 0.733,3-21-11-7-14-5 = 0.2,5-13-16-29-19-3 = 0.667,3-13-16-29-19-3 = 0.133,3-10-34-30-3 = 0.6,3-10-34-9-19-3 = 0.2,3-21-27-9-11-7-5 = 0.4,3-21-11-9-14-5 = 0.2,3-27-11-7-14-5 = 0.2,3-21-27-14-5 = 0.2,3-10-27-9-30-3 = 0.2,3-13-16-7-29-3 = 0.2
122,90,603.191,4.833,2.815,-0.214,729,730,3-18-3 = 0.292,3-35-3 = 0.292,5-13-16-30-3 = 0.375,5-26-32-22-5 = 0.333,5-24-26-32-5 = 0.333,5-24-26-22-5 = 0.333,5-24-32-22-5 = 0.333,5-15-6-5 = 1.0,5-23-31-28-3 = 1.0,5-16-11-30-3 = 0.25,3-20-12-17-33-3 = 1.0,3-25-8-3 = 1.0,3-18-35-3 = 0.708,3-10-21-27-7-5 = 0.75,5-21-29-11-14-5 = 0.125,3-13-16-29-19-5 = 0.125,3-13-27-7-14-5 = 0.25,3-13-16-9-19-5 = 0.25,3-10-21-14-5 = 0.125,5-9-34-29-11-19-5 = 0.625,3-10-9-29-14-5 = 0.125,5-30-34-14-5 = 0.375
651,550,603.157,5.615,0.285,-0.01,731,732,3-18-3 = 0.346,3-35-3 = 0.346,5-26-32-22-5 = 0.538,5-24-26-32-5 = 0.231,5-24-26-22-5 = 0.231,5-15-6-5 = 1.0,5-23-31-28-3 = 1.0,5-24-7-9-29-34-3 = 0.308,3-20-12-17-33-3 = 1.0,3-25-8-3 = 1.0,3-18-35-3 = 0.654,5-7-11-9-29-34-3 = 0.077,3-21-27-11-9-19-5 = 0.192,3-21-29-11-14-5 = 0.462,3-13-16-29-19-3 = 0.154,3-10-34-9-19-5 = 0.231,5-7-11-34-30-3 = 0.192,3-13-16-30-3 = 0.385,3-10-30-14-5 = 0.423,5-24-7-32-22-5 = 0.231,3-10-21-27-19-5 = 0.346,5-7-11-34-9-19-3 = 0.077,5-7-9-34-14-5 = 0.115,3-13-27-16-3 = 0.462
732,651,613.028,0.0,9.871,0.0,Prune by CG,,3-18-3 = 0.286,3-35-3 = 0.286,5-26-24-14-5 = 0.786,5-24-32-22-5 = 0.214,5-15-6-5 = 1.0,5-23-31-28-3 = 1.0,3-20-12-17-33-3 = 1.0,3-25-8-3 = 1.0,3-30-34-11-29-3 = 0.214,3-30-34-9-29-3 = 0.429,3-18-35-3 = 0.714,3-34-9-29-11-19-3 = 0.071,3-21-29-11-14-5 = 0.143,3-13-16-29-19-3 = 0.143,3-10-34-9-19-5 = 0.286,3-13-16-30-3 = 0.357,3-10-21-14-5 = 0.071,3-10-21-27-19-5 = 0.5,3-13-27-16-3 = 0.5,5-11-7-32-22-5 = 0.571,5-21-7-26-22-5 = 0.071,5-21-9-7-32-5 = 0.214,5-10-7-26-22-5 = 0.143
601,283,603.155,5.212,0.163,-0.0,733,734,3-18-3 = 0.258,3-35-3 = 0.068,5-13-16-27-5 = 0.667,5-26-32-22-5 = 0.333,5-24-26-32-5 = 0.333,5-24-26-22-5 = 0.333,5-24-32-22-5 = 0.333,5-15-6-5 = 1.0,5-10-27-7-17-3 = 0.061,5-23-31-28-3 = 1.0,3-12-17-33-19-5 = 0.129,3-20-12-35-3 = 0.189,3-20-12-17-33-3 = 0.682,3-20-17-33-19-5 = 0.129,3-25-8-3 = 1.0,3-18-35-3 = 0.742,3-10-21-29-11-5 = 0.242,3-21-27-11-29-19-5 = 0.106,3-21-29-11-14-5 = 0.652,5-27-7-33-19-5 = 0.061,3-10-34-9-19-3 = 0.348,3-10-30-14-5 = 0.348,5-13-16-7-19-5 = 0.227,5-7-9-34-30-3 = 0.652,3-13-16-27-5 = 0.106
638,627,603.062,4.5,0.202,0.667,735,736,5-14-5 = 0.417,5-26-32-22-5 = 0.333,5-24-26-32-5 = 0.333,5-24-26-22-5 = 0.333,5-24-32-22-5 = 0.333,5-15-6-5 = 1.0,5-10-34-30-3 = 0.583,5-23-31-28-3 = 1.0,3-20-12-17-33-3 = 1.0,3-25-8-3 = 1.0,3-18-35-3 = 1.0,3-21-29-11-14-5 = 0.25,5-13-16-29-19-5 = 0.667,3-10-34-30-3 = 0.417,3-13-16-9-19-5 = 0.167,3-13-16-9-7-5 = 0.167,3-21-27-9-11-7-5 = 0.5,3-27-11-7-14-5 = 0.25,3-21-27-14-5 = 0.083,3-21-27-9-29-19-5 = 0.083,3-21-27-7-9-19-5 = 0.083
736,638,603.27,2.0,0.208,-2.5,737,738,5-14-5 = 0.5,5-24-26-32-5 = 0.5,5-24-32-22-5 = 0.5,5-15-6-5 = 1.0,5-23-31-28-3 = 1.0,3-20-12-17-33-3 = 1.0,3-25-8-3 = 1.0,3-18-35-3 = 1.0,5-13-16-29-19-5 = 1.0,3-10-34-30-3 = 1.0,3-21-27-9-11-7-5 = 1.0,5-14-26-22-5 = 0.5
737,736,613.231,0.0,9.961,0.0,Prune by CG,,5-24-26-32-5 = 1.0,5-15-6-5 = 1.0,5-23-31-28-3 = 1.0,3-20-12-17-33-3 = 1.0,3-25-8-3 = 1.0,3-18-35-3 = 1.0,5-13-16-29-19-5 = 1.0,3-10-34-30-3 = 1.0,3-21-27-9-11-7-5 = 1.0,5-14-22-5 = 1.0
721,562,603.11,5.667,0.033,0.333,739,740,3-18-3 = 0.367,3-35-3 = 0.067,5-26-32-22-5 = 0.333,5-24-26-32-5 = 0.333,5-24-26-22-5 = 0.333,5-24-32-22-5 = 0.333,5-15-6-5 = 1.0,5-23-31-28-3 = 1.0,5-10-30-9-29-19-5 = 0.067,3-20-12-35-3 = 0.3,3-20-12-17-33-3 = 0.633,3-20-12-17-33-5 = 0.067,3-25-8-3 = 1.0,3-18-35-3 = 0.633,3-21-16-27-5 = 0.6,5-13-11-29-34-3 = 0.4,5-13-11-9-34-3 = 0.3,5-27-7-33-19-5 = 0.3,3-10-30-9-29-19-5 = 0.133,3-21-16-7-19-5 = 0.4,3-10-30-14-5 = 0.8,5-27-7-29-34-19-5 = 0.1,5-13-11-9-29-17-3 = 0.3,5-7-9-34-14-5 = 0.2
702,374,603.262,4.933,0.309,-0.6,741,742,3-18-3 = 0.267,3-35-3 = 0.267,5-26-32-22-5 = 0.333,5-24-26-32-5 = 0.333,5-24-26-22-5 = 0.333,5-24-32-22-5 = 0.333,5-15-6-5 = 1.0,5-23-31-28-3 = 1.0,3-20-12-17-33-3 = 0.933,3-20-12-17-33-5 = 0.067,3-25-8-3 = 1.0,3-16-9-29-30-3 = 0.167,3-18-35-3 = 0.733,3-21-16-27-5 = 0.367,5-13-16-29-19-5 = 0.033,5-13-27-7-14-5 = 0.2,5-13-11-7-14-5 = 0.567,5-21-29-11-14-5 = 0.233,3-10-34-9-19-5 = 0.8,3-10-34-9-7-5 = 0.033,3-10-34-29-19-5 = 0.167,5-21-27-11-30-3 = 0.2,5-27-16-30-3 = 0.233,3-16-7-29-30-3 = 0.2,5-21-13-29-30-5 = 0.2
574,254,603.123,6.276,0.477,0.276,743,744,3-18-3 = 0.325,3-35-3 = 0.325,3-31-28-3 = 0.22,5-26-32-22-5 = 0.561,5-24-26-32-5 = 0.22,5-24-26-22-5 = 0.22,5-24-32-22-5 = 0.22,5-15-23-6-5 = 0.22,5-15-6-5 = 0.78,5-10-34-30-3 = 0.098,5-14-34-29-19-3 = 0.089,5-23-31-28-3 = 0.78,5-16-29-34-3 = 0.341,5-24-7-34-30-3 = 0.041,3-20-12-17-33-3 = 1.0,3-25-8-3 = 1.0,3-18-35-3 = 0.675,3-10-16-11-3 = 0.553,3-21-27-11-9-19-5 = 0.447,3-13-27-7-14-5 = 0.488,3-10-30-9-29-19-5 = 0.057,3-21-13-29-30-3 = 0.512,3-21-16-7-19-3 = 0.041,3-10-30-14-5 = 0.293,3-16-27-9-19-5 = 0.065,5-7-9-34-14-5 = 0.13,5-24-7-34-9-19-5 = 0.301
611,521,603.013,5.333,0.135,1.3,745,746,3-18-3 = 0.333,5-26-32-22-5 = 0.333,5-24-26-32-5 = 0.333,5-24-26-22-5 = 0.333,5-24-32-22-5 = 0.333,5-15-6-5 = 1.0,5-23-31-28-3 = 1.0,3-20-12-35-3 = 0.333,3-20-12-17-33-3 = 0.667,3-25-8-3 = 1.0,5-21-16-27-5 = 0.333,3-18-35-3 = 0.667,3-34-9-29-11-19-3 = 0.333,3-21-16-27-5 = 0.333,5-27-16-29-19-3 = 0.333,3-13-11-9-34-3 = 0.333,3-13-7-33-19-3 = 0.333,3-10-30-14-5 = 1.0,3-21-13-7-17-3 = 0.333,3-34-9-11-7-29-3 = 0.333
710,432,603.185,5.667,0.312,-0.0,747,748,3-18-3 = 0.333,5-26-32-22-5 = 0.333,5-24-26-32-5 = 0.333,5-24-26-22-5 = 0.333,5-24-32-22-5 = 0.333,5-15-6-5 = 1.0,5-23-31-28-3 = 1.0,5-10-30-14-5 = 0.667,3-20-12-35-3 = 0.333,3-20-12-17-33-3 = 0.667,3-25-8-3 = 1.0,3-30-34-9-29-3 = 0.333,3-18-35-3 = 0.667,3-10-13-27-7-5 = 0.333,3-34-9-29-11-19-3 = 0.667,3-21-16-11-3 = 0.333,3-21-27-16-3 = 0.333,3-13-27-7-14-5 = 0.333,3-13-7-33-19-5 = 0.333,3-21-16-17-3 = 0.333
608,327,603.326,5.567,0.589,-0.883,749,750,3-18-3 = 0.35,5-26-32-22-5 = 0.333,5-24-26-32-5 = 0.333,5-24-26-22-5 = 0.333,5-24-32-22-5 = 0.333,5-15-6-5 = 1.0,5-23-31-28-3 = 1.0,3-20-12-35-3 = 0.35,3-20-12-17-33-3 = 0.65,3-25-8-3 = 1.0,3-30-34-11-7-5 = 0.083,3-30-34-14-5 = 0.917,3-18-35-3 = 0.65,3-10-16-11-3 = 0.3,3-10-13-11-29-3 = 0.2,3-10-9-29-11-19-3 = 0.15,3-21-13-27-29-3 = 0.433,5-27-16-9-29-3 = 0.117,3-13-7-33-19-3 = 0.267,5-27-16-9-19-5 = 0.367,3-21-16-7-19-5 = 0.117,5-16-11-9-19-5 = 0.1,3-10-21-7-17-3 = 0.35,5-27-11-9-14-5 = 0.083,3-9-11-7-33-3 = 0.083,3-21-13-7-9-29-3 = 0.1
126,85,603.243,5.167,3.019,-0.25,751,752,3-18-3 = 0.292,3-35-3 = 0.292,5-13-16-9-19-5 = 0.208,5-26-32-22-5 = 0.333,5-24-26-32-5 = 0.333,5-24-26-22-5 = 0.333,5-24-32-22-5 = 0.333,5-15-6-5 = 1.0,5-23-31-28-3 = 1.0,5-10-30-9-29-19-3 = 0.125,5-16-11-9-29-3 = 0.083,3-20-12-17-33-5 = 1.0,3-25-8-3 = 1.0,3-18-35-3 = 0.708,5-7-11-9-29-34-3 = 0.042,3-21-16-27-5 = 0.375,5-13-16-29-19-3 = 0.333,5-21-11-7-14-5 = 0.417,3-13-27-7-14-5 = 0.458,3-10-34-30-3 = 0.708,5-21-27-11-9-19-5 = 0.083,5-9-34-29-11-19-3 = 0.25,3-10-9-7-29-30-3 = 0.083,3-10-27-29-30-3 = 0.083,5-21-11-9-14-5 = 0.125
727,551,603.338,4.619,0.467,-0.914,753,754,3-18-3 = 0.238,3-35-3 = 0.238,5-26-32-22-5 = 0.333,5-24-26-32-5 = 0.333,5-24-26-22-5 = 0.333,5-24-32-22-5 = 0.333,5-15-6-5 = 1.0,5-23-31-28-3 = 1.0,3-20-12-17-33-3 = 0.762,3-20-12-17-33-5 = 0.238,3-25-8-3 = 1.0,3-18-35-3 = 0.762,5-13-16-29-19-3 = 0.667,3-13-16-29-19-3 = 0.333,3-10-34-30-3 = 1.0,3-21-27-9-11-7-5 = 0.429,3-21-11-9-14-5 = 0.143,3-27-11-7-14-5 = 0.286,3-21-27-14-5 = 0.143,3-21-9-7-14-5 = 0.286,3-27-11-9-14-5 = 0.143
87,60,603.201,5.222,3.215,0.111,755,756,3-18-3 = 0.556,3-35-3 = 0.556,5-26-32-22-5 = 0.333,5-24-26-32-5 = 0.333,5-24-26-22-5 = 0.333,5-24-32-22-5 = 0.333,5-15-6-5 = 1.0,5-23-31-28-3 = 1.0,3-20-12-17-33-3 = 1.0,3-25-8-3 = 1.0,3-18-35-3 = 0.444,3-21-13-27-29-3 = 0.111,3-21-13-11-29-3 = 0.111,3-21-27-11-29-19-3 = 0.222,3-21-27-7-11-29-3 = 0.222,3-13-27-11-9-19-3 = 0.444,3-10-34-30-3 = 0.667,3-10-34-9-19-3 = 0.333,3-21-13-29-30-3 = 0.333,3-16-7-14-5 = 0.778,3-16-9-14-5 = 0.222
697,585,603.366,2.917,0.393,-1.017,757,758,5-14-5 = 0.458,5-26-32-22-5 = 0.333,5-24-26-32-5 = 0.333,5-24-26-22-5 = 0.333,5-24-32-22-5 = 0.333,5-14-30-34-3 = 0.167,5-15-6-5 = 1.0,5-14-11-34-3 = 0.083,5-23-31-28-3 = 1.0,5-30-29-11-14-5 = 0.167,3-20-12-17-33-3 = 1.0,3-25-8-3 = 1.0,3-18-35-3 = 1.0,3-10-21-27-7-5 = 0.958,5-13-29-11-14-5 = 0.042,5-27-11-7-14-5 = 0.042,3-13-16-9-19-5 = 0.917,3-10-34-29-19-3 = 0.042,3-21-13-9-29-19-5 = 0.042,5-16-9-14-5 = 0.042,5-11-29-34-30-3 = 0.667,3-16-29-34-3 = 0.042
669,341,603.206,5.818,0.137,0.152,759,760,3-18-3 = 0.273,3-35-3 = 0.061,5-26-32-22-5 = 0.333,5-24-26-32-5 = 0.333,5-24-26-22-5 = 0.333,5-24-32-22-5 = 0.333,5-15-6-5 = 1.0,5-23-31-28-3 = 1.0,3-20-12-35-3 = 0.212,3-20-12-17-33-3 = 0.788,3-25-8-3 = 1.0,3-30-34-9-11-5 = 0.03,3-18-35-3 = 0.727,3-10-21-29-11-5 = 0.485,3-10-13-27-7-5 = 0.121,3-21-29-11-14-5 = 0.273,5-13-27-7-14-5 = 0.303,5-13-7-33-19-5 = 0.212,3-10-34-9-19-5 = 0.333,3-10-30-14-5 = 0.061,3-13-11-9-29-17-3 = 0.212,5-27-16-30-3 = 0.576,3-30-34-9-19-5 = 0.182,3-21-34-9-19-5 = 0.242,5-16-7-14-5 = 0.364,5-13-34-30-3 = 0.152,5-16-34-19-5 = 0.03,5-16-29-34-5 = 0.03
530,526,603.379,2.0,0.765,-1.067,761,762,5-14-5 = 0.5,5-26-32-22-5 = 0.5,5-26-24-14-5 = 0.5,5-24-32-22-5 = 0.5,5-15-6-5 = 1.0,5-23-31-28-3 = 1.0,3-20-12-17-33-3 = 1.0,3-25-8-3 = 1.0,3-18-35-3 = 1.0,3-13-16-29-19-5 = 1.0,3-10-34-30-3 = 1.0,5-21-27-9-11-7-5 = 1.0
761,530,613.44,0.0,10.062,0.0,Prune by CG,,5-26-32-22-5 = 1.0,5-24-14-5 = 1.0,5-15-6-5 = 1.0,5-23-31-28-3 = 1.0,3-20-12-17-33-3 = 1.0,3-25-8-3 = 1.0,3-18-35-3 = 1.0,3-13-16-29-19-5 = 1.0,3-10-34-30-3 = 1.0,5-21-27-9-11-7-5 = 1.0
729,122,603.211,5.0,0.02,0.167,763,764,3-18-3 = 0.278,3-35-3 = 0.278,5-13-16-30-3 = 0.389,5-26-32-22-5 = 0.333,5-24-26-32-5 = 0.333,5-24-26-22-5 = 0.333,5-24-32-22-5 = 0.333,5-15-6-5 = 1.0,5-23-31-28-3 = 1.0,5-16-11-30-3 = 0.333,3-20-12-17-33-3 = 1.0,3-25-8-3 = 1.0,3-18-35-3 = 0.722,3-10-21-27-7-5 = 0.667,5-21-29-11-14-5 = 0.056,3-13-16-29-19-5 = 0.056,3-13-27-7-14-5 = 0.333,3-13-16-9-19-5 = 0.222,3-10-21-14-5 = 0.167,5-9-34-29-11-19-5 = 0.611,3-21-29-34-19-5 = 0.111,3-10-9-29-14-5 = 0.167,5-30-34-14-5 = 0.278
308,190,603.135,4.667,1.468,0.667,765,766,3-18-3 = 0.167,3-35-3 = 0.167,5-26-32-22-5 = 0.333,5-24-26-32-5 = 0.333,5-24-26-22-5 = 0.333,5-24-32-22-5 = 0.333,5-15-6-5 = 1.0,5-23-31-28-3 = 1.0,5-16-29-34-3 = 0.5,5-16-11-29-19-3 = 0.5,3-20-12-17-33-3 = 0.833,3-20-12-17-33-5 = 0.167,3-25-8-3 = 1.0,5-21-13-27-7-5 = 0.167,3-18-35-3 = 0.833,3-21-13-27-7-5 = 0.333,3-10-30-14-5 = 1.0,5-7-11-34-9-19-5 = 0.5,3-21-13-27-9-5 = 0.5
575,381,603.298,5.821,0.549,-0.307,767,768,5-14-5 = 0.148,3-18-3 = 0.23,5-13-16-27-5 = 0.581,5-26-32-22-5 = 0.333,5-24-26-32-5 = 0.333,5-24-26-22-5 = 0.333,5-24-32-22-5 = 0.333,5-15-6-5 = 1.0,5-10-34-30-3 = 0.031,5-23-31-28-3 = 1.0,5-10-30-14-5 = 0.388,5-10-21-27-7-5 = 0.199,3-12-17-33-19-5 = 0.031,3-20-12-35-3 = 0.23,3-20-12-17-33-3 = 0.739,3-20-17-33-19-5 = 0.031,3-25-8-3 = 1.0,3-30-34-14-5 = 0.076,3-30-9-7-33-3 = 0.093,3-18-35-3 = 0.77,3-10-34-9-29-3 = 0.381,3-21-27-11-9-19-3 = 0.113,3-21-11-7-14-5 = 0.388,5-27-7-33-19-5 = 0.107,3-13-16-29-19-5 = 0.419,3-30-9-11-29-17-3 = 0.199,3-21-34-11-19-5 = 0.299,5-7-9-34-30-3 = 0.213
480,477,603.36,4.5,0.894,-0.738,769,770,3-18-3 = 0.25,3-35-3 = 0.25,5-13-16-27-5 = 0.25,5-21-34-11-7-5 = 0.25,5-26-32-22-5 = 0.333,5-24-26-32-5 = 0.333,5-24-26-22-5 = 0.333,5-24-32-22-5 = 0.333,5-15-6-5 = 1.0,5-23-31-28-3 = 1.0,3-20-12-17-33-3 = 1.0,3-25-8-3 = 1.0,3-18-35-3 = 0.75,5-7-11-9-29-34-3 = 0.25,5-27-11-9-34-3 = 0.083,5-21-27-7-11-29-3 = 0.417,3-13-27-7-14-5 = 0.083,5-27-16-9-19-5 = 0.083,3-13-16-9-19-5 = 0.583,3-10-30-14-5 = 0.917,3-10-30-34-5 = 0.083,3-13-16-27-5 = 0.083,5-21-29-34-19-5 = 0.333
600,584,603.215,6.067,0.413,0.248,771,772,3-18-3 = 0.356,3-35-3 = 0.033,5-26-32-22-5 = 0.333,5-24-26-32-5 = 0.333,5-24-26-22-5 = 0.333,5-24-32-22-5 = 0.333,5-15-6-5 = 1.0,5-10-16-11-5 = 0.444,5-23-31-28-3 = 1.0,5-16-9-29-17-3 = 0.111,3-12-17-33-19-5 = 0.033,3-20-12-35-3 = 0.322,3-20-12-17-33-3 = 0.644,3-20-17-33-19-5 = 0.033,5-16-11-9-19-3 = 0.056,3-25-8-3 = 1.0,3-30-34-14-5 = 0.622,3-30-9-7-33-3 = 0.178,3-18-35-3 = 0.644,3-10-13-27-7-5 = 0.556,5-13-27-7-14-5 = 0.056,5-13-7-33-19-5 = 0.111,5-27-16-29-19-5 = 0.111,5-27-16-9-19-3 = 0.278,5-21-29-11-14-5 = 0.322,5-13-11-9-29-17-3 = 0.078,3-21-13-9-30-3 = 0.2,3-21-29-34-19-5 = 0.378,5-21-9-11-7-17-3 = 0.1
226,78,603.334,5.467,2.083,-0.467,773,774,3-18-3 = 0.333,3-35-3 = 0.133,3-31-28-3 = 0.133,5-26-32-22-5 = 0.467,5-24-26-32-5 = 0.267,5-24-26-22-5 = 0.133,5-24-32-22-5 = 0.267,5-15-23-6-5 = 0.133,5-15-6-5 = 0.867,5-23-31-28-3 = 0.867,5-24-7-33-19-3 = 0.2,3-20-12-35-3 = 0.2,3-20-12-17-33-3 = 0.8,3-25-8-3 = 1.0,3-18-35-3 = 0.667,3-10-34-9-29-3 = 0.133,3-21-11-7-14-5 = 0.533,5-27-16-29-19-5 = 0.667,3-13-27-7-14-5 = 0.2,3-10-34-30-3 = 0.867,5-27-16-9-19-5 = 0.067,3-13-24-26-22-5 = 0.133,3-13-11-9-29-17-3 = 0.2,3-16-7-14-5 = 0.067,3-21-13-9-30-3 = 0.133,3-21-13-11-9-3 = 0.267,3-16-9-14-5 = 0.2,5-21-13-27-19-3 = 0.067
144,134,603.294,5.083,2.574,-0.164,775,776,3-18-3 = 0.625,3-35-3 = 0.625,5-26-32-22-5 = 0.333,5-24-26-32-5 = 0.333,5-24-26-22-5 = 0.333,5-24-32-22-5 = 0.333,5-15-6-5 = 1.0,5-10-34-9-29-3 = 0.125,5-10-34-30-3 = 0.5,5-23-31-28-3 = 1.0,3-20-12-17-33-3 = 1.0,3-25-8-3 = 1.0,3-18-35-3 = 0.375,3-21-27-11-9-19-5 = 0.25,3-21-11-7-14-5 = 0.625,3-13-16-29-19-5 = 0.75,3-21-27-11-30-3 = 0.125,5-7-9-34-14-5 = 0.375,3-13-27-16-3 = 0.25,3-10-27-29-30-3 = 0.125,3-10-27-9-30-3 = 0.25
552,282,603.489,2.0,1.054,-1.556,777,778,5-14-5 = 0.5,5-24-26-32-5 = 0.5,5-24-32-22-5 = 0.5,5-15-6-5 = 1.0,5-23-31-28-3 = 1.0,3-20-12-17-33-3 = 1.0,3-25-8-3 = 1.0,3-18-35-3 = 1.0,3-13-16-29-19-3 = 1.0,3-10-34-30-3 = 1.0,3-21-27-9-11-7-5 = 1.0,5-14-26-22-5 = 0.5
777,552,613.451,0.0,9.961,0.0,Prune by CG,,5-24-26-32-5 = 1.0,5-15-6-5 = 1.0,5-23-31-28-3 = 1.0,3-20-12-17-33-3 = 1.0,3-25-8-3 = 1.0,3-18-35-3 = 1.0,3-13-16-29-19-3 = 1.0,3-10-34-30-3 = 1.0,3-21-27-9-11-7-5 = 1.0,5-14-22-5 = 1.0
663,573,603.257,6.778,0.462,0.084,779,780,3-18-3 = 0.278,3-35-3 = 0.278,3-31-28-3 = 0.333,5-26-32-22-5 = 0.333,5-24-26-32-5 = 0.333,5-24-26-22-5 = 0.333,5-24-32-22-5 = 0.333,5-15-23-6-5 = 0.333,5-15-6-5 = 0.667,5-10-34-30-3 = 0.278,5-23-31-28-3 = 0.667,5-16-9-34-3 = 0.5,3-20-12-17-33-3 = 1.0,3-25-8-3 = 1.0,3-16-9-29-30-3 = 0.056,3-18-35-3 = 0.722,3-10-16-11-3 = 0.222,3-10-16-11-5 = 0.056,3-21-13-27-7-5 = 0.056,3-21-29-11-14-5 = 0.444,3-13-27-11-29-19-5 = 0.056,3-13-27-7-14-5 = 0.556,5-7-11-34-30-3 = 0.222,3-21-16-7-19-5 = 0.167,3-10-30-9-29-19-3 = 0.444,3-21-13-27-19-5 = 0.333
594,313,603.53,4.667,0.918,-1.692,781,782,3-18-3 = 0.2,3-35-3 = 0.2,5-26-32-22-5 = 0.333,5-24-26-32-5 = 0.333,5-24-26-22-5 = 0.333,5-24-32-22-5 = 0.333,5-15-6-5 = 1.0,5-23-31-28-3 = 1.0,3-20-12-17-33-3 = 1.0,3-25-8-3 = 1.0,3-18-35-3 = 0.8,3-10-13-27-7-5 = 0.267,3-21-11-7-14-5 = 0.133,3-21-29-11-14-5 = 0.6,5-27-16-9-19-5 = 0.733,3-10-30-14-5 = 0.267,3-10-21-11-7-5 = 0.2,3-10-21-11-19-5 = 0.067,5-7-29-34-30-3 = 0.2,3-10-13-7-29-19-5 = 0.2,5-13-34-30-3 = 0.533,5-16-9-34-5 = 0.267
748,710,603.279,5.704,0.094,0.037,783,784,3-18-3 = 0.259,3-35-3 = 0.13,5-26-32-22-5 = 0.333,5-24-26-32-5 = 0.333,5-24-26-22-5 = 0.333,5-24-32-22-5 = 0.333,5-15-6-5 = 1.0,5-23-31-28-3 = 1.0,5-10-30-14-5 = 0.537,5-10-21-27-7-5 = 0.056,3-20-12-35-3 = 0.13,3-20-12-17-33-3 = 0.87,3-25-8-3 = 1.0,3-30-34-9-29-3 = 0.389,3-16-9-34-3 = 0.13,3-18-35-3 = 0.741,3-10-13-27-7-5 = 0.185,3-34-9-29-11-19-3 = 0.481,3-21-16-27-5 = 0.074,3-21-16-11-3 = 0.444,3-13-27-7-14-5 = 0.463,3-13-7-33-19-5 = 0.13,3-21-16-7-19-3 = 0.167,3-21-16-17-3 = 0.13,3-10-13-27-19-5 = 0.222,3-21-16-29-3 = 0.056,5-21-11-29-30-3 = 0.074
695,604,603.322,5.364,0.458,-0.244,785,786,3-18-3 = 0.273,5-26-32-22-5 = 0.364,5-26-24-14-5 = 0.091,5-24-26-32-5 = 0.273,5-24-26-22-5 = 0.273,5-24-32-22-5 = 0.364,5-15-6-5 = 1.0,5-14-11-29-17-3 = 0.273,5-23-31-28-3 = 1.0,3-20-12-35-3 = 0.273,3-20-12-17-33-3 = 0.727,3-25-8-3 = 1.0,3-30-34-9-19-3 = 0.182,3-30-34-14-5 = 0.636,3-30-9-7-33-3 = 0.091,3-18-35-3 = 0.727,3-10-16-11-3 = 0.455,3-34-9-29-11-19-3 = 0.182,3-21-13-27-7-5 = 0.727,5-27-11-9-29-30-3 = 0.091,5-27-7-33-19-3 = 0.182,3-21-13-9-29-19-5 = 0.273,3-10-16-29-3 = 0.182,5-10-16-19-3 = 0.091,3-10-16-9-3 = 0.182,3-10-16-19-3 = 0.091
449,197,603.201,5.889,0.718,0.651,787,788,3-8-3 = 0.278,5-14-5 = 0.167,5-26-32-22-5 = 0.333,5-24-26-32-5 = 0.333,5-24-26-22-5 = 0.333,5-24-32-22-5 = 0.333,5-15-6-5 = 1.0,5-23-31-28-3 = 0.861,5-16-7-9-30-3 = 0.5,3-20-12-17-33-3 = 0.861,3-20-12-17-33-5 = 0.139,5-23-31-25-3 = 0.139,3-25-28-3 = 0.139,3-25-8-3 = 0.722,3-18-35-3 = 1.0,3-21-13-27-7-5 = 0.139,3-21-29-11-14-5 = 0.611,3-13-27-11-29-19-5 = 0.139,3-13-27-7-14-5 = 0.222,3-10-34-30-3 = 0.5,3-10-13-34-3 = 0.25,3-21-13-11-7-5 = 0.139,3-21-13-11-19-5 = 0.111,3-10-34-29-19-3 = 0.25,3-16-27-9-19-3 = 0.5
236,215,603.447,5.333,2.101,-0.917,789,790,3-18-3 = 0.625,3-35-3 = 0.625,5-26-32-22-5 = 0.333,5-24-26-32-5 = 0.333,5-24-26-22-5 = 0.333,5-24-32-22-5 = 0.333,5-15-6-5 = 1.0,5-23-31-28-3 = 1.0,3-20-12-17-33-3 = 1.0,3-25-8-3 = 1.0,3-30-34-14-5 = 0.375,3-18-35-3 = 0.375,3-10-34-9-29-3 = 0.125,3-21-27-11-9-19-3 = 0.375,3-21-11-7-14-5 = 0.625,5-13-16-29-19-5 = 0.625,3-10-34-30-3 = 0.25,5-13-16-9-7-5 = 0.375,3-10-27-29-30-3 = 0.25,3-10-27-9-30-3 = 0.125,3-10-27-34-3 = 0.25
347,228,603.689,3.778,1.86,-2.444,791,792,5-14-5 = 0.389,3-18-3 = 0.056,5-26-32-22-5 = 0.333,5-24-26-32-5 = 0.333,5-24-26-22-5 = 0.333,5-24-32-22-5 = 0.333,5-15-6-5 = 1.0,5-23-31-28-3 = 1.0,3-20-12-35-3 = 0.056,3-20-12-17-33-3 = 0.889,3-25-8-3 = 1.0,3-30-34-14-5 = 0.111,3-18-35-3 = 0.944,3-21-29-11-14-5 = 0.111,5-21-29-11-14-5 = 0.278,3-10-34-30-3 = 0.833,3-13-16-9-19-3 = 0.889,3-21-27-7-29-11-5 = 0.556,3-27-11-7-14-5 = 0.056,3-10-27-7-17-3 = 0.111,3-20-12-27-7-14-5 = 0.056,3-27-7-33-19-5 = 0.111,3-10-27-34-3 = 0.056,3-21-27-29-30-3 = 0.056,3-13-16-7-9-3 = 0.111
322,317,602.898,4.667,0.734,2.667,793,794,5-14-5 = 0.381,3-18-3 = 0.048,5-26-32-22-5 = 0.333,5-24-26-32-5 = 0.333,5-24-26-22-5 = 0.333,5-24-32-22-5 = 0.333,5-15-6-5 = 1.0,5-23-31-28-3 = 1.0,3-12-17-33-19-5 = 0.048,3-20-12-35-3 = 0.048,3-20-12-17-33-3 = 0.619,3-20-12-17-33-5 = 0.286,3-20-17-33-19-5 = 0.048,3-25-8-3 = 1.0,3-18-35-3 = 0.952,3-10-21-27-7-5 = 0.667,3-21-16-27-5 = 0.048,5-13-27-7-14-5 = 0.286,3-13-16-29-19-5 = 0.571,3-21-13-29-30-3 = 0.143,3-10-16-19-5 = 0.19,5-16-7-14-5 = 0.048,3-10-34-29-19-3 = 0.143,5-16-29-14-5 = 0.143,5-11-9-34-30-3 = 0.857,5-21-11-9-14-5 = 0.143
793,322,603.002,5.333,0.105,0.667,795,796,5-14-5 = 0.222,3-18-3 = 0.111,3-35-3 = 0.111,5-26-32-22-5 = 0.333,5-24-26-32-5 = 0.333,5-24-26-22-5 = 0.333,5-24-32-22-5 = 0.333,5-15-6-5 = 1.0,5-23-31-28-3 = 1.0,3-20-12-17-33-3 = 0.667,3-20-12-17-33-5 = 0.333,3-25-8-3 = 1.0,3-18-35-3 = 0.889,3-10-21-27-7-5 = 0.556,5-13-27-7-14-5 = 0.222,3-13-16-29-19-5 = 0.556,3-21-13-29-30-3 = 0.222,3-10-16-19-5 = 0.222,5-16-7-14-5 = 0.222,3-10-34-29-19-3 = 0.222,5-27-11-9-14-5 = 0.222,3-21-34-30-3 = 0.111,5-11-9-34-30-3 = 0.667,5-21-11-9-14-5 = 0.111
795,793,603.058,3.333,0.056,-2.0,797,798,5-14-5 = 0.333,3-18-3 = 0.083,3-35-3 = 0.083,5-26-32-22-5 = 0.333,5-24-26-32-5 = 0.333,5-24-26-22-5 = 0.333,5-24-32-22-5 = 0.333,5-14-30-34-3 = 0.333,5-15-6-5 = 1.0,5-23-31-28-3 = 1.0,3-20-12-17-33-3 = 0.917,3-20-12-17-33-5 = 0.083,3-25-8-3 = 1.0,3-18-35-3 = 0.917,3-10-21-27-7-5 = 0.917,5-7-11-9-29-14-5 = 0.083,3-13-16-29-19-5 = 0.917,3-10-16-19-5 = 0.083,5-27-11-9-14-5 = 0.083,5-11-9-34-30-3 = 0.667,5-21-11-9-14-5 = 0.083,5-13-11-9-14-5 = 0.083
757,697,603.462,2.0,0.096,-0.917,799,800,5-14-5 = 0.5,5-24-26-32-5 = 0.5,5-24-32-22-5 = 0.5,5-15-6-5 = 1.0,5-23-31-28-3 = 1.0,3-20-12-17-33-3 = 1.0,3-25-8-3 = 1.0,3-18-35-3 = 1.0,3-10-21-27-7-5 = 1.0,3-13-16-9-19-5 = 1.0,5-11-29-34-30-3 = 1.0,5-14-26-22-5 = 0.5
799,757,613.423,0.0,9.961,0.0,Prune by CG,,5-24-26-32-5 = 1.0,5-15-6-5 = 1.0,5-23-31-28-3 = 1.0,3-20-12-17-33-3 = 1.0,3-25-8-3 = 1.0,3-18-35-3 = 1.0,3-10-21-27-7-5 = 1.0,3-13-16-9-19-5 = 1.0,5-11-29-34-30-3 = 1.0,5-14-22-5 = 1.0
667,388,603.284,5.286,0.163,0.381,801,802,3-18-3 = 0.302,3-35-3 = 0.206,5-26-32-22-5 = 0.333,5-24-26-32-5 = 0.333,5-24-26-22-5 = 0.333,5-24-32-22-5 = 0.333,5-15-6-5 = 1.0,5-23-31-28-3 = 1.0,5-10-30-14-5 = 0.19,5-10-21-27-7-5 = 0.175,3-20-12-35-3 = 0.095,3-20-12-17-33-3 = 0.905,3-25-8-3 = 1.0,3-30-34-9-11-5 = 0.016,3-16-9-29-30-3 = 0.524,3-18-35-3 = 0.698,3-10-16-11-5 = 0.476,3-21-27-11-9-19-5 = 0.095,3-21-29-11-14-5 = 0.079,5-13-27-7-14-5 = 0.73,5-13-7-33-19-5 = 0.095,3-10-34-9-19-5 = 0.159,3-30-9-11-29-17-3 = 0.095,3-21-34-11-19-5 = 0.238,3-21-34-9-19-5 = 0.111,5-13-34-30-3 = 0.175,5-21-29-34-19-5 = 0.302
797,795,603.245,4.0,0.187,0.667,803,804,5-14-5 = 0.167,3-18-3 = 0.167,3-35-3 = 0.167,5-26-32-22-5 = 0.333,5-24-26-32-5 = 0.333,5-24-26-22-5 = 0.333,5-24-32-22-5 = 0.333,5-14-30-34-3 = 0.333,5-15-6-5 = 1.0,5-23-31-28-3 = 1.0,3-20-12-17-33-3 = 0.833,3-20-12-17-33-5 = 0.167,3-25-8-3 = 1.0,3-18-35-3 = 0.833,3-10-21-27-7-5 = 0.833,3-13-16-29-19-5 = 0.833,3-10-21-29-19-5 = 0.167,5-16-7-14-5 = 0.167,5-27-11-9-14-5 = 0.167,5-11-9-34-30-3 = 0.667,5-13-11-9-14-5 = 0.167
292,289,602.989,4.5,0.906,2.5,805,806,5-14-5 = 0.333,3-18-3 = 0.083,5-13-16-27-5 = 0.167,5-13-16-9-19-5 = 0.75,5-26-32-22-5 = 0.333,5-24-26-32-5 = 0.333,5-24-26-22-5 = 0.333,5-24-32-22-5 = 0.333,5-15-6-5 = 1.0,5-23-31-28-3 = 1.0,5-10-21-27-7-5 = 0.083,3-20-12-35-3 = 0.083,3-20-12-17-33-3 = 0.917,3-25-8-3 = 1.0,3-30-34-11-29-3 = 0.667,3-30-34-11-19-3 = 0.083,3-18-35-3 = 0.917,3-10-21-27-7-5 = 0.5,3-21-29-11-14-5 = 0.25,5-27-7-33-19-5 = 0.083,3-13-16-29-19-5 = 0.083,3-30-34-7-17-3 = 0.083,3-10-27-14-5 = 0.167,3-21-34-30-3 = 0.167,5-10-9-7-14-5 = 0.25
805,292,603.382,2.0,0.393,-2.5,807,808,5-14-5 = 0.5,5-13-16-9-19-5 = 1.0,5-24-26-32-5 = 0.5,5-24-32-22-5 = 0.5,5-15-6-5 = 1.0,5-23-31-28-3 = 1.0,3-20-12-17-33-3 = 1.0,3-25-8-3 = 1.0,3-30-34-11-29-3 = 1.0,3-18-35-3 = 1.0,3-10-21-27-7-5 = 1.0,5-14-26-22-5 = 0.5
807,805,613.343,0.0,9.961,0.0,Prune by CG,,5-13-16-9-19-5 = 1.0,5-24-26-32-5 = 1.0,5-15-6-5 = 1.0,5-23-31-28-3 = 1.0,3-20-12-17-33-3 = 1.0,3-25-8-3 = 1.0,3-30-34-11-29-3 = 1.0,3-18-35-3 = 1.0,3-10-21-27-7-5 = 1.0,5-14-22-5 = 1.0
441,110,603.367,5.7,1.121,-0.125,809,810,3-18-3 = 0.317,3-35-3 = 0.133,5-26-32-22-5 = 0.333,5-24-26-32-5 = 0.333,5-24-26-22-5 = 0.333,5-24-32-22-5 = 0.333,5-15-6-5 = 1.0,5-23-31-28-3 = 1.0,3-20-12-35-3 = 0.183,3-20-12-17-33-3 = 0.817,3-25-8-3 = 1.0,3-30-9-7-33-3 = 0.017,3-18-35-3 = 0.683,3-10-21-27-7-5 = 0.233,3-21-27-16-3 = 0.2,5-13-29-11-14-5 = 0.1,5-27-16-29-19-5 = 0.317,5-27-7-33-19-3 = 0.167,3-13-11-9-34-3 = 0.65,3-10-30-9-29-19-5 = 0.117,3-21-16-7-19-3 = 0.4,3-10-30-14-5 = 0.433,3-30-34-7-17-3 = 0.183,5-27-16-30-3 = 0.083,3-13-29-11-14-5 = 0.25,3-21-34-30-3 = 0.167,3-10-9-29-14-5 = 0.217
741,702,603.327,5.133,0.065,0.2,811,812,3-18-3 = 0.267,3-35-3 = 0.267,5-26-32-22-5 = 0.333,5-24-26-32-5 = 0.333,5-24-26-22-5 = 0.333,5-24-32-22-5 = 0.333,5-15-6-5 = 1.0,5-23-31-28-3 = 1.0,5-16-7-29-30-3 = 0.067,3-20-12-17-33-3 = 0.933,3-20-12-17-33-5 = 0.067,3-25-8-3 = 1.0,3-16-9-29-30-3 = 0.333,3-18-35-3 = 0.733,3-21-16-27-5 = 0.4,5-13-27-7-14-5 = 0.2,5-13-11-7-14-5 = 0.6,5-21-11-7-14-5 = 0.133,5-21-29-11-14-5 = 0.067,3-10-34-9-19-5 = 0.667,3-10-34-29-19-5 = 0.333,5-21-27-11-30-3 = 0.2,5-27-16-30-3 = 0.2,5-21-13-29-30-5 = 0.2
811,741,603.456,4.429,0.129,-0.705,813,814,3-18-3 = 0.238,3-35-3 = 0.238,5-26-32-22-5 = 0.333,5-24-26-32-5 = 0.333,5-24-26-22-5 = 0.333,5-24-32-22-5 = 0.333,5-15-6-5 = 1.0,5-23-31-28-3 = 1.0,5-16-7-29-30-3 = 0.143,3-20-12-17-33-3 = 0.905,3-20-12-17-33-5 = 0.095,3-25-8-3 = 1.0,3-16-9-29-30-3 = 0.143,3-18-35-3 = 0.762,3-21-16-27-5 = 0.381,5-13-27-7-14-5 = 0.048,5-13-11-7-14-5 = 0.762,5-21-29-11-14-5 = 0.19,3-10-34-9-19-5 = 0.857,3-10-34-29-19-5 = 0.143,5-27-16-30-3 = 0.333,3-21-27-29-30-3 = 0.238,5-21-13-11-7-5 = 0.048,5-21-13-29-30-5 = 0.143
431,150,603.304,4.778,0.94,0.414,815,816,3-18-3 = 0.333,3-35-3 = 0.167,5-26-32-22-5 = 0.444,5-24-26-32-5 = 0.278,5-24-26-22-5 = 0.278,5-24-32-22-5 = 0.278,5-15-6-5 = 1.0,5-14-11-29-17-3 = 0.167,5-23-31-28-3 = 1.0,5-16-11-29-19-3 = 0.333,5-24-7-33-19-3 = 0.167,3-20-12-35-3 = 0.167,3-20-12-17-33-3 = 0.833,3-25-8-3 = 1.0,3-16-9-34-3 = 0.5,3-18-35-3 = 0.667,3-34-9-29-11-19-3 = 0.5,3-21-13-27-7-5 = 0.833,3-10-30-14-5 = 0.833,5-27-16-30-3 = 0.167,3-10-21-13-5 = 0.167
414,412,603.345,5.833,1.201,0.167,817,818,3-18-3 = 0.333,3-35-3 = 0.083,5-26-32-22-5 = 0.333,5-24-26-32-5 = 0.333,5-24-26-22-5 = 0.333,5-24-32-22-5 = 0.333,5-15-6-5 = 1.0,5-23-31-28-3 = 1.0,3-20-12-35-3 = 0.25,3-20-12-17-33-3 = 0.75,3-25-8-3 = 1.0,3-30-34-14-5 = 0.25,3-18-35-3 = 0.667,3-10-21-11-9-3 = 0.333,3-10-21-29-11-3 = 0.083,3-34-9-29-11-19-5 = 0.333,3-13-27-7-14-5 = 0.667,3-13-7-33-19-5 = 0.25,3-10-30-9-29-19-3 = 0.25,5-27-16-30-3 = 0.333,3-13-11-9-34-5 = 0.083,5-16-7-14-5 = 0.083,5-21-16-17-3 = 0.25,3-16-29-34-3 = 0.333,3-21-10-30-3 = 0.167,3-10-21-11-19-3 = 0.167
494,396,603.432,4.733,0.927,-0.433,819,820,3-18-3 = 0.267,3-35-3 = 0.267,5-26-32-22-5 = 0.333,5-24-26-32-5 = 0.333,5-24-26-22-5 = 0.333,5-24-32-22-5 = 0.333,5-15-6-5 = 1.0,5-23-31-28-3 = 1.0,5-10-21-29-11-5 = 0.8,3-20-12-17-33-3 = 1.0,3-25-8-3 = 1.0,3-30-34-14-5 = 0.4,3-18-35-3 = 0.733,3-13-27-7-14-5 = 0.4,5-27-16-9-19-5 = 0.4,3-13-16-30-3 = 0.6,3-10-21-29-19-5 = 0.2,5-7-11-34-9-19-5 = 0.2,5-7-9-34-14-5 = 0.2,5-27-7-9-34-19-5 = 0.2
598,581,603.329,5.529,0.427,0.353,821,822,5-14-5 = 0.402,3-18-3 = 0.01,5-26-32-22-5 = 0.333,5-24-26-32-5 = 0.333,5-24-26-22-5 = 0.333,5-24-32-22-5 = 0.333,5-15-6-5 = 1.0,5-16-27-7-9-3 = 0.265,5-23-31-28-3 = 1.0,3-20-12-35-3 = 0.01,3-20-12-17-33-3 = 0.461,3-20-12-17-33-5 = 0.529,3-25-8-3 = 1.0,3-30-9-7-33-3 = 0.01,3-18-35-3 = 0.99,3-10-34-9-29-3 = 0.284,3-21-16-11-3 = 0.118,3-21-27-11-29-19-3 = 0.059,3-21-27-11-9-19-3 = 0.186,3-13-27-11-29-19-5 = 0.137,3-13-27-7-14-5 = 0.353,3-10-34-30-3 = 0.716,3-21-13-29-30-3 = 0.265,3-21-16-7-19-3 = 0.373,3-30-9-11-29-17-3 = 0.01,3-16-11-9-19-3 = 0.245,3-13-29-11-14-5 = 0.245
821,598,603.333,5.481,0.004,-0.048,823,824,5-14-5 = 0.407,5-26-32-22-5 = 0.333,5-24-26-32-5 = 0.333,5-24-26-22-5 = 0.333,5-24-32-22-5 = 0.333,5-15-6-5 = 1.0,5-16-27-7-9-3 = 0.259,5-23-31-28-3 = 1.0,3-20-12-17-33-3 = 0.444,3-20-12-17-33-5 = 0.556,3-25-8-3 = 1.0,3-18-35-3 = 1.0,3-10-34-9-29-3 = 0.296,3-21-16-11-3 = 0.111,3-21-27-11-29-19-3 = 0.111,3-21-27-11-9-19-3 = 0.148,3-13-27-11-29-19-5 = 0.111,3-13-27-7-14-5 = 0.37,3-13-11-7-14-5 = 0.037,3-10-34-30-3 = 0.704,3-21-13-29-30-3 = 0.296,3-21-16-7-19-3 = 0.333,3-16-11-9-19-3 = 0.296,3-13-29-11-14-5 = 0.185
455,314,603.178,6.333,0.768,1.333,825,826,3-18-3 = 0.333,3-35-3 = 0.167,5-26-32-22-5 = 0.333,5-24-26-32-5 = 0.333,5-24-26-22-5 = 0.333,5-24-32-22-5 = 0.333,5-15-6-5 = 1.0,5-23-31-28-3 = 1.0,5-16-9-29-30-3 = 0.5,5-16-9-29-17-3 = 0.167,3-20-12-35-3 = 0.167,3-20-12-17-33-3 = 0.667,3-20-12-17-33-5 = 0.167,3-25-8-3 = 1.0,3-30-34-14-5 = 0.5,3-18-35-3 = 0.667,3-10-21-29-11-5 = 0.333,3-10-13-27-7-5 = 0.167,5-13-27-7-14-5 = 0.5,5-13-7-33-19-5 = 0.167,5-27-16-9-19-3 = 0.333,3-10-21-11-19-5 = 0.333,3-21-34-11-7-5 = 0.167,3-21-34-11-19-5 = 0.167,3-10-13-34-5 = 0.167
826,455,603.247,5.083,0.069,-1.25,827,828,3-18-3 = 0.292,3-35-3 = 0.292,5-26-32-22-5 = 0.333,5-24-26-32-5 = 0.333,5-24-26-22-5 = 0.333,5-24-32-22-5 = 0.333,5-15-6-5 = 1.0,5-23-31-28-3 = 1.0,5-16-9-29-30-3 = 0.75,3-20-12-17-33-3 = 0.708,3-20-12-17-33-5 = 0.292,3-25-8-3 = 1.0,3-18-35-3 = 0.708,3-10-21-29-11-5 = 0.042,3-10-13-27-7-5 = 0.083,3-21-29-11-14-5 = 0.083,5-13-27-7-14-5 = 0.667,5-27-16-9-19-3 = 0.25,3-10-30-14-5 = 0.25,3-10-21-11-7-5 = 0.25,3-21-34-11-19-5 = 0.625,3-10-34-29-19-5 = 0.125,3-10-13-34-5 = 0.25
500,94,603.394,4.795,0.891,-0.122,829,830,3-18-3 = 0.282,3-35-3 = 0.282,5-26-32-22-5 = 0.333,5-24-26-32-5 = 0.333,5-24-26-22-5 = 0.333,5-24-32-22-5 = 0.333,5-15-6-5 = 1.0,5-23-31-28-3 = 1.0,3-20-12-17-33-5 = 1.0,3-25-8-3 = 1.0,5-21-16-27-5 = 0.205,3-18-35-3 = 0.718,3-21-16-27-5 = 0.026,5-13-27-11-9-29-3 = 0.077,5-13-27-7-14-5 = 0.308,5-27-16-9-29-3 = 0.154,5-27-11-29-34-3 = 0.231,5-21-11-7-14-5 = 0.692,3-13-16-29-19-3 = 0.231,3-10-34-30-3 = 0.692,3-13-16-9-19-5 = 0.359,3-13-16-9-19-3 = 0.026,3-10-30-9-29-19-3 = 0.308,3-21-34-9-19-5 = 0.077
566,459,603.397,4.905,0.683,-0.095,831,832,3-18-3 = 0.381,3-35-3 = 0.024,5-13-16-9-19-3 = 0.143,5-26-32-22-5 = 0.333,5-24-26-32-5 = 0.333,5-24-26-22-5 = 0.333,5-24-32-22-5 = 0.333,5-15-6-5 = 1.0,5-23-31-28-3 = 1.0,5-10-21-11-9-3 = 0.286,3-12-17-33-19-5 = 0.071,3-20-12-35-3 = 0.357,3-20-12-17-33-3 = 0.286,3-20-12-17-33-5 = 0.286,3-20-17-33-19-5 = 0.071,3-25-8-3 = 1.0,3-30-34-14-5 = 1.0,3-18-35-3 = 0.619,3-10-21-27-7-5 = 0.714,5-13-16-11-3 = 0.143,5-13-16-29-19-5 = 0.714,5-27-11-9-29-17-3 = 0.286,5-9-11-7-33-3 = 0.286
182,168,603.305,5.519,2.311,0.519,833,834,3-18-3 = 0.37,5-13-16-9-19-3 = 0.074,5-26-32-22-5 = 0.333,5-24-26-32-5 = 0.333,5-24-26-22-5 = 0.333,5-24-32-22-5 = 0.333,5-15-6-5 = 1.0,5-14-34-17-3 = 0.074,5-23-31-28-3 = 1.0,5-14-34-29-19-5 = 0.111,3-20-12-35-3 = 0.37,3-20-12-17-33-3 = 0.63,3-25-8-3 = 1.0,3-34-7-33-3 = 0.37,3-18-35-3 = 0.63,3-10-21-27-7-5 = 0.333,3-21-27-7-11-29-3 = 0.185,3-21-29-11-14-5 = 0.148,3-21-27-11-30-3 = 0.222,3-13-16-9-19-3 = 0.815,3-10-30-14-5 = 0.667,3-27-11-29-34-3 = 0.148,3-21-27-29-30-3 = 0.111,3-13-16-7-9-3 = 0.111,3-34-11-29-17-3 = 0.296
179,95,603.422,5.0,2.545,-0.232,835,836,3-18-3 = 0.333,5-26-32-22-5 = 0.5,5-26-24-14-5 = 0.5,5-24-32-22-5 = 0.5,5-15-6-5 = 1.0,5-23-31-28-3 = 1.0,3-20-12-35-3 = 0.333,3-20-12-17-33-3 = 0.667,3-25-8-3 = 1.0,3-18-35-3 = 0.667,3-21-13-11-29-3 = 0.333,3-21-29-11-14-5 = 0.333,5-13-7-33-19-3 = 0.333,3-13-11-7-14-5 = 0.167,3-10-34-30-3 = 1.0,3-16-27-9-19-5 = 0.667,5-21-13-29-17-3 = 0.167,3-16-27-9-7-5 = 0.333,3-21-7-11-29-17-3 = 0.167
809,441,603.379,5.833,0.012,0.133,837,838,3-18-3 = 0.333,3-35-3 = 0.083,5-26-32-22-5 = 0.333,5-24-26-32-5 = 0.333,5-24-26-22-5 = 0.333,5-24-32-22-5 = 0.333,5-15-6-5 = 1.0,5-23-31-28-3 = 1.0,3-20-12-35-3 = 0.25,3-20-12-17-33-3 = 0.75,3-25-8-3 = 1.0,3-30-9-7-33-3 = 0.083,3-18-35-3 = 0.667,3-10-21-27-7-5 = 0.167,3-21-27-16-3 = 0.333,5-13-29-11-14-5 = 0.167,5-27-16-29-19-5 = 0.333,5-27-7-33-19-3 = 0.167,3-13-11-9-34-3 = 0.667,3-10-30-9-29-19-5 = 0.083,3-21-16-7-19-3 = 0.333,3-10-30-14-5 = 0.5,3-30-34-7-17-3 = 0.25,3-10-21-29-19-5 = 0.083,3-13-29-11-14-5 = 0.167,3-21-34-30-3 = 0.083,3-10-9-29-14-5 = 0.167
370,367,603.226,4.889,1.328,1.156,839,840,5-14-5 = 0.111,3-18-3 = 0.167,5-26-32-22-5 = 0.333,5-24-26-32-5 = 0.333,5-24-26-22-5 = 0.333,5-24-32-22-5 = 0.333,5-15-6-5 = 1.0,5-23-31-28-3 = 0.944,3-12-17-33-19-5 = 0.056,3-35-8-3 = 0.111,3-20-12-35-3 = 0.056,3-20-12-17-33-3 = 0.889,3-20-17-33-19-3 = 0.056,3-25-28-3 = 0.056,3-25-8-3 = 0.889,3-18-35-3 = 0.833,5-7-11-9-29-14-5 = 0.444,3-21-13-27-7-5 = 0.444,5-27-16-29-19-5 = 0.333,3-10-34-30-3 = 1.0,5-27-16-9-19-5 = 0.222,3-16-7-14-5 = 0.111,3-16-9-14-5 = 0.333,5-23-31-25-5 = 0.056,5-21-13-11-19-5 = 0.333,5-21-13-29-11-5 = 0.222
222,61,603.294,4.0,1.693,0.667,841,842,3-18-3 = 0.167,3-35-3 = 0.167,5-26-32-22-5 = 0.333,5-24-26-32-5 = 0.333,5-24-26-22-5 = 0.333,5-24-32-22-5 = 0.333,5-15-6-5 = 1.0,5-10-34-30-3 = 0.167,5-23-31-28-3 = 1.0,3-20-12-17-33-3 = 0.833,3-20-12-17-33-5 = 0.167,3-25-8-3 = 1.0,3-18-35-3 = 0.833,5-27-11-7-14-5 = 0.5,3-10-34-30-3 = 0.833,5-16-7-14-5 = 0.5,3-21-13-9-29-19-5 = 1.0,5-27-16-11-5 = 0.5
841,222,603.48,3.267,0.186,-0.733,843,844,5-14-5 = 0.267,5-26-32-22-5 = 0.333,5-24-26-32-5 = 0.333,5-24-26-22-5 = 0.333,5-24-32-22-5 = 0.333,5-15-6-5 = 1.0,5-23-31-28-3 = 1.0,3-20-12-17-33-3 = 1.0,3-25-8-3 = 1.0,5-21-13-27-7-5 = 0.067,3-18-35-3 = 1.0,5-27-11-7-14-5 = 0.4,3-10-34-30-3 = 1.0,3-21-13-7-29-19-5 = 0.067,3-16-27-29-19-5 = 0.067,5-16-7-14-5 = 0.333,3-21-13-9-29-19-5 = 0.867,5-16-11-9-7-5 = 0.133,5-27-16-11-5 = 0.467
240,181,603.419,4.333,1.93,-0.067,845,846,3-18-3 = 0.625,3-35-3 = 0.625,5-13-16-9-19-3 = 1.0,5-26-32-22-5 = 0.333,5-24-26-32-5 = 0.333,5-24-26-22-5 = 0.333,5-24-32-22-5 = 0.333,5-15-6-5 = 1.0,5-23-31-28-3 = 1.0,3-20-12-17-33-3 = 1.0,3-25-8-3 = 1.0,3-30-34-11-29-3 = 0.375,3-30-34-29-11-5 = 0.25,3-30-34-14-5 = 0.375,3-18-35-3 = 0.375,3-10-21-27-7-5 = 0.75,3-21-29-11-14-5 = 0.25,3-10-7-29-14-5 = 0.125,3-10-27-14-5 = 0.125,3-27-11-7-14-5 = 0.125
779,663,603.427,6.667,0.171,-0.111,847,848,3-18-3 = 0.282,3-35-3 = 0.282,5-7-11-29-34-19-5 = 0.051,3-31-28-3 = 0.333,5-26-32-22-5 = 0.333,5-24-26-32-5 = 0.333,5-24-26-22-5 = 0.333,5-24-32-22-5 = 0.333,5-15-23-6-5 = 0.333,5-15-6-5 = 0.667,5-10-34-30-3 = 0.385,5-23-31-28-3 = 0.667,3-20-12-17-33-3 = 1.0,3-25-8-3 = 1.0,5-10-34-9-19-3 = 0.308,3-16-9-29-30-3 = 0.462,3-18-35-3 = 0.718,3-10-16-11-3 = 0.308,5-7-11-9-29-34-3 = 0.077,3-21-29-11-14-5 = 0.385,3-13-27-7-14-5 = 0.615,5-7-11-34-30-3 = 0.026,3-21-16-7-19-5 = 0.231,3-21-13-27-19-5 = 0.385,5-9-34-29-11-19-3 = 0.026,5-11-9-34-30-3 = 0.128
785,695,603.4,5.455,0.079,0.091,849,850,3-18-3 = 0.273,5-26-32-22-5 = 0.364,5-26-24-14-5 = 0.091,5-24-26-32-5 = 0.273,5-24-26-22-5 = 0.273,5-24-32-22-5 = 0.364,5-15-6-5 = 1.0,5-14-11-29-17-3 = 0.273,5-23-31-28-3 = 1.0,3-20-12-35-3 = 0.273,3-20-12-17-33-3 = 0.727,3-25-8-3 = 1.0,3-30-34-9-19-3 = 0.273,3-30-34-14-5 = 0.636,3-18-35-3 = 0.727,3-10-16-11-3 = 0.545,3-34-9-29-11-19-3 = 0.091,3-21-13-27-7-5 = 0.636,5-27-7-33-19-3 = 0.273,5-27-7-11-9-30-3 = 0.091,3-21-13-9-29-19-5 = 0.364,3-10-16-29-3 = 0.273,3-10-16-9-3 = 0.182
280,213,603.172,5.615,1.279,1.615,851,852,3-18-3 = 0.205,3-35-3 = 0.205,5-26-32-22-5 = 0.333,5-24-26-32-5 = 0.333,5-24-26-22-5 = 0.333,5-24-32-22-5 = 0.333,5-15-6-5 = 1.0,5-23-31-28-3 = 1.0,5-16-9-29-30-3 = 0.154,3-20-12-17-33-3 = 0.564,3-20-12-17-33-5 = 0.436,3-25-8-3 = 1.0,3-18-35-3 = 0.795,3-21-13-27-29-3 = 0.231,5-27-11-7-14-5 = 0.692,3-10-34-9-19-5 = 0.641,3-21-13-29-30-3 = 0.462,3-13-16-30-3 = 0.308,3-10-34-29-19-5 = 0.154,5-21-27-11-30-3 = 0.077,5-10-34-9-19-5 = 0.205,5-16-7-14-5 = 0.308,5-21-16-11-5 = 0.231
528,445,603.391,6.267,0.99,0.267,853,854,3-8-3 = 0.533,5-26-32-22-5 = 0.333,5-24-26-32-5 = 0.333,5-24-26-22-5 = 0.333,5-24-32-22-5 = 0.333,5-15-6-5 = 1.0,5-23-31-28-3 = 0.733,3-20-12-17-33-3 = 0.4,3-20-12-17-33-5 = 0.6,5-23-31-25-3 = 0.267,3-25-28-3 = 0.267,3-25-8-3 = 0.467,3-18-35-3 = 1.0,3-10-21-27-7-5 = 0.4,5-13-16-29-19-5 = 0.6,5-27-16-29-19-5 = 0.2,3-13-27-7-14-5 = 0.4,3-10-21-14-5 = 0.6,5-7-29-34-30-3 = 0.2,5-16-11-9-19-5 = 0.2,5-11-9-34-30-3 = 0.8
545,465,603.529,5.333,0.896,-0.667,855,856,3-18-3 = 0.292,3-35-3 = 0.292,5-26-32-22-5 = 0.333,5-24-26-32-5 = 0.333,5-24-26-22-5 = 0.333,5-24-32-22-5 = 0.333,5-15-6-5 = 1.0,5-23-31-28-3 = 1.0,5-10-30-14-5 = 0.167,3-20-12-17-33-3 = 1.0,3-25-8-3 = 1.0,5-21-16-27-5 = 0.625,3-18-35-3 = 0.708,3-34-9-29-11-19-3 = 0.083,3-34-9-29-11-19-5 = 0.167,5-13-27-7-14-5 = 0.375,3-13-11-29-34-3 = 0.375,3-13-11-9-34-3 = 0.25,3-10-30-9-29-19-5 = 0.375,3-10-30-14-5 = 0.333,3-10-30-11-7-5 = 0.125,5-7-9-34-14-5 = 0.125,5-21-16-7-19-5 = 0.375
436,387,603.501,5.0,1.122,-0.424,857,858,3-18-3 = 0.25,3-35-3 = 0.125,5-26-32-22-5 = 0.333,5-24-26-32-5 = 0.333,5-24-26-22-5 = 0.333,5-24-32-22-5 = 0.333,5-15-6-5 = 1.0,5-14-34-29-19-3 = 0.104,5-25-8-3 = 0.188,5-23-31-28-3 = 1.0,3-20-12-35-3 = 0.125,3-20-12-17-33-3 = 0.875,3-25-8-3 = 0.812,3-18-35-3 = 0.75,3-21-16-27-5 = 0.125,5-13-27-7-14-5 = 0.667,5-13-7-33-19-3 = 0.125,3-10-34-9-19-5 = 0.521,3-10-30-9-29-19-5 = 0.188,3-10-30-14-5 = 0.229,3-10-9-29-11-19-5 = 0.063,3-30-9-11-29-17-3 = 0.062,5-7-29-34-30-3 = 0.208,3-21-16-11-5 = 0.875,5-9-29-34-30-3 = 0.167,5-13-27-29-30-3 = 0.146,5-13-27-29-17-3 = 0.062
760,669,603.467,5.667,0.26,-0.152,859,860,3-18-3 = 0.3,3-35-3 = 0.033,5-26-32-22-5 = 0.333,5-24-26-32-5 = 0.333,5-24-26-22-5 = 0.333,5-24-32-22-5 = 0.333,5-15-6-5 = 1.0,5-10-16-7-5 = 0.1,5-23-31-28-3 = 1.0,5-10-30-14-5 = 0.133,5-10-13-27-7-5 = 0.133,3-20-12-35-3 = 0.267,3-20-12-17-33-3 = 0.733,3-25-8-3 = 1.0,3-30-34-9-11-5 = 0.067,3-18-35-3 = 0.7,3-10-13-27-7-5 = 0.3,3-21-29-11-14-5 = 0.667,5-13-7-33-19-5 = 0.267,3-10-34-9-19-5 = 0.333,3-30-9-11-29-17-3 = 0.1,3-13-11-9-29-17-3 = 0.167,5-27-16-30-3 = 0.567,3-21-34-9-19-5 = 0.333,5-16-7-14-5 = 0.2,5-13-34-30-3 = 0.133,5-16-34-19-5 = 0.067,5-16-29-34-5 = 0.067
693,557,603.393,5.75,0.454,0.333,861,862,3-8-3 = 0.75,5-13-27-16-3 = 0.083,5-26-32-22-5 = 0.333,5-24-26-32-5 = 0.333,5-24-32-22-5 = 0.333,5-15-6-5 = 1.0,5-23-31-28-3 = 0.625,3-20-12-17-33-3 = 1.0,5-23-31-25-3 = 0.375,3-25-28-3 = 0.375,3-25-8-3 = 0.25,3-18-35-3 = 1.0,3-21-11-7-14-5 = 0.208,3-21-29-11-14-5 = 0.5,3-13-16-29-19-3 = 0.083,3-10-34-30-3 = 0.625,3-13-16-30-3 = 0.083,3-13-16-9-19-3 = 0.625,3-10-30-14-5 = 0.292,3-10-34-9-7-5 = 0.083,5-27-7-29-34-19-5 = 0.292,5-21-27-9-11-7-5 = 0.292,3-13-16-7-29-3 = 0.125,5-27-24-26-22-5 = 0.333
102,51,603.454,5.333,3.404,0.0,863,864,3-18-3 = 0.667,3-35-3 = 0.333,5-26-32-22-5 = 0.333,5-24-26-32-5 = 0.333,5-24-26-22-5 = 0.333,5-24-32-22-5 = 0.333,5-15-6-5 = 1.0,5-23-31-28-3 = 1.0,3-20-12-35-3 = 0.333,3-20-12-17-33-3 = 0.333,3-20-12-17-33-5 = 0.333,3-25-8-3 = 1.0,3-18-35-3 = 0.333,5-13-7-33-19-5 = 0.333,5-27-16-29-19-3 = 0.667,3-13-27-7-14-5 = 0.333,3-10-34-30-3 = 1.0,3-21-11-9-14-5 = 0.667,3-21-13-11-7-5 = 0.333,3-16-9-29-17-3 = 0.333
803,797,603.417,4.4,0.172,0.4,865,866,5-14-5 = 0.4,5-26-32-22-5 = 0.333,5-24-26-32-5 = 0.333,5-24-26-22-5 = 0.333,5-24-32-22-5 = 0.333,5-15-6-5 = 1.0,5-23-31-28-3 = 1.0,3-20-12-17-33-3 = 0.867,3-20-12-17-33-5 = 0.133,3-25-8-3 = 1.0,3-30-34-29-19-3 = 0.2,3-18-35-3 = 1.0,3-10-21-27-7-5 = 0.733,5-13-27-7-14-5 = 0.2,3-13-16-29-19-5 = 0.533,3-21-13-29-30-3 = 0.133,3-10-16-19-5 = 0.267,5-16-7-14-5 = 0.067,5-27-11-9-14-5 = 0.067,5-11-9-34-30-3 = 0.667,3-16-29-34-3 = 0.133,5-21-11-9-14-5 = 0.133,5-13-11-9-14-5 = 0.133
865,803,603.462,2.0,0.045,-2.4,867,868,5-14-5 = 0.5,5-24-26-32-5 = 0.5,5-24-32-22-5 = 0.5,5-15-6-5 = 1.0,5-23-31-28-3 = 1.0,3-20-12-17-33-3 = 1.0,3-25-8-3 = 1.0,3-18-35-3 = 1.0,3-10-21-27-7-5 = 1.0,3-13-16-29-19-5 = 1.0,5-11-9-34-30-3 = 1.0,5-14-26-22-5 = 0.5
867,865,613.423,0.0,9.961,0.0,Prune by CG,,5-24-26-32-5 = 1.0,5-15-6-5 = 1.0,5-23-31-28-3 = 1.0,3-20-12-17-33-3 = 1.0,3-25-8-3 = 1.0,3-18-35-3 = 1.0,3-10-21-27-7-5 = 1.0,3-13-16-29-19-5 = 1.0,5-11-9-34-30-3 = 1.0,5-14-22-5 = 1.0
855,545,603.469,5.417,-0.06,0.083,869,870,3-18-3 = 0.292,3-35-3 = 0.292,5-26-32-22-5 = 0.333,5-24-26-32-5 = 0.333,5-24-26-22-5 = 0.333,5-24-32-22-5 = 0.333,5-15-6-5 = 1.0,5-23-31-28-3 = 1.0,5-10-30-14-5 = 0.208,3-20-12-17-33-3 = 1.0,3-25-8-3 = 1.0,5-21-16-27-5 = 0.583,3-18-35-3 = 0.708,3-34-9-29-11-19-5 = 0.25,5-13-27-7-14-5 = 0.417,3-13-11-29-34-3 = 0.292,3-13-11-9-34-3 = 0.292,3-10-30-9-29-19-5 = 0.333,3-10-30-14-5 = 0.375,3-10-30-11-7-5 = 0.042,5-21-16-7-19-5 = 0.417,5-10-30-34-5 = 0.042,3-34-9-11-7-29-3 = 0.125
496,463,603.49,5.603,1.024,-0.064,871,872,3-18-3 = 0.262,3-35-3 = 0.149,5-26-32-22-5 = 0.333,5-24-26-32-5 = 0.333,5-24-26-22-5 = 0.333,5-24-32-22-5 = 0.333,5-15-6-5 = 1.0,5-23-31-28-3 = 1.0,3-20-12-35-3 = 0.113,3-20-12-17-33-3 = 0.887,3-25-8-3 = 1.0,3-30-34-11-19-3 = 0.05,3-30-9-7-33-3 = 0.021,3-18-35-3 = 0.738,3-10-13-27-7-5 = 0.021,3-34-9-29-11-19-5 = 0.262,3-21-16-11-3 = 0.213,5-13-7-33-19-3 = 0.092,3-13-27-7-14-5 = 0.404,3-21-16-7-19-3 = 0.213,3-10-30-14-5 = 0.241,3-10-9-29-11-19-5 = 0.362,3-30-34-7-17-3 = 0.113,5-27-16-30-3 = 0.574,3-10-13-7-29-19-5 = 0.021,3-21-13-34-3 = 0.461,3-10-9-29-14-5 = 0.355,3-21-7-11-34-3 = 0.113
595,593,603.484,6.333,0.808,0.0,873,874,3-18-3 = 0.333,5-26-32-22-5 = 0.333,5-24-26-32-5 = 0.333,5-24-26-22-5 = 0.333,5-24-32-22-5 = 0.333,5-15-6-5 = 1.0,5-23-31-28-3 = 1.0,5-16-7-9-30-3 = 0.333,5-16-9-34-3 = 0.667,3-12-17-33-19-5 = 0.333,3-20-12-35-3 = 0.333,3-20-12-17-33-3 = 0.333,3-20-17-33-19-5 = 0.333,3-25-8-3 = 1.0,3-18-35-3 = 0.667,3-10-21-29-11-5 = 0.333,3-10-13-27-7-5 = 0.333,3-21-27-11-29-19-5 = 0.333,3-21-29-11-14-5 = 0.333,5-13-27-7-14-5 = 0.333,3-10-30-14-5 = 0.333,5-13-34-30-3 = 0.333
851,280,603.529,5.333,0.357,-0.282,875,876,3-18-3 = 0.167,3-35-3 = 0.167,5-26-32-22-5 = 0.333,5-24-26-32-5 = 0.333,5-24-26-22-5 = 0.333,5-24-32-22-5 = 0.333,5-15-6-5 = 1.0,5-23-31-28-3 = 1.0,5-16-11-30-3 = 0.5,3-20-12-17-33-3 = 0.333,3-20-12-17-33-5 = 0.667,3-25-8-3 = 1.0,3-18-35-3 = 0.833,3-21-13-27-29-3 = 0.5,5-27-11-7-14-5 = 0.5,3-10-34-9-19-5 = 0.833,3-21-13-29-30-3 = 0.5,5-10-34-9-19-5 = 0.167,5-16-7-14-5 = 0.5
328,250,603.528,5.721,1.703,-0.267,877,878,3-18-3 = 0.343,3-35-3 = 0.343,5-26-32-22-5 = 0.333,5-24-26-32-5 = 0.333,5-24-26-22-5 = 0.333,5-24-32-22-5 = 0.05,5-15-6-5 = 1.0,5-23-31-28-3 = 1.0,3-20-12-17-33-3 = 1.0,3-25-8-3 = 1.0,3-30-34-14-5 = 0.418,3-18-35-3 = 0.657,3-10-16-11-3 = 0.313,3-34-9-29-11-19-5 = 0.507,3-21-16-27-5 = 0.075,5-27-11-7-14-5 = 0.104,3-13-11-9-34-3 = 0.075,3-21-13-29-30-3 = 0.493,3-10-13-27-9-3 = 0.194,5-24-7-32-22-5 = 0.284,3-10-21-27-19-3 = 0.343,3-21-13-9-30-3 = 0.09,5-16-7-14-5 = 0.478,5-27-16-9-7-5 = 0.134,3-10-13-27-19-3 = 0.149
438,429,603.496,5.491,1.208,0.021,879,880,3-18-3 = 0.325,3-35-3 = 0.114,5-13-16-9-19-5 = 0.114,5-26-32-22-5 = 0.333,5-24-26-32-5 = 0.333,5-24-26-22-5 = 0.333,5-24-32-22-5 = 0.333,5-15-6-5 = 1.0,5-10-16-11-3 = 0.184,5-23-31-28-3 = 1.0,5-10-13-27-7-5 = 0.114,3-20-12-35-3 = 0.211,3-20-12-17-33-3 = 0.789,3-25-8-3 = 1.0,3-30-34-14-5 = 0.789,3-30-9-7-33-5 = 0.211,5-21-13-27-7-5 = 0.342,3-18-35-3 = 0.675,5-13-16-29-19-5 = 0.018,5-13-27-7-14-5 = 0.07,5-27-16-29-19-5 = 0.009,5-21-29-11-14-5 = 0.14,3-13-16-29-19-5 = 0.132,3-21-16-7-19-5 = 0.053,3-10-13-29-17-3 = 0.211,5-7-11-34-9-19-5 = 0.211,5-21-27-11-9-19-5 = 0.465,3-10-16-29-3 = 0.491
352,330,603.439,5.485,1.34,0.39,881,882,3-18-3 = 0.273,3-35-3 = 0.273,5-26-32-22-5 = 0.333,5-24-26-32-5 = 0.333,5-24-26-22-5 = 0.333,5-24-32-22-5 = 0.333,5-15-6-5 = 1.0,5-10-16-11-3 = 0.061,5-23-31-28-3 = 1.0,5-16-9-34-3 = 0.333,5-16-9-29-30-3 = 0.121,3-20-12-17-33-5 = 1.0,3-25-8-3 = 1.0,3-18-35-3 = 0.727,5-13-27-7-14-5 = 0.485,5-21-29-11-14-5 = 0.273,5-7-11-34-30-3 = 0.515,3-13-16-9-19-5 = 0.242,3-21-13-29-30-3 = 0.212,3-13-16-9-19-3 = 0.061,3-10-21-27-19-5 = 0.515,3-10-16-19-5 = 0.182,5-11-29-34-30-3 = 0.152,3-10-9-29-14-5 = 0.242
881,352,603.499,5.485,0.06,-0.0,883,884,3-18-3 = 0.273,3-35-3 = 0.273,5-26-32-22-5 = 0.333,5-24-26-32-5 = 0.333,5-24-26-22-5 = 0.333,5-24-32-22-5 = 0.333,5-15-6-5 = 1.0,5-10-16-11-3 = 0.061,5-23-31-28-3 = 1.0,5-16-9-34-3 = 0.333,5-16-9-29-30-3 = 0.121,3-20-12-17-33-5 = 1.0,3-25-8-3 = 1.0,3-18-35-3 = 0.727,5-13-27-7-14-5 = 0.212,5-21-29-11-14-5 = 0.273,3-13-27-7-14-5 = 0.273,5-7-11-34-30-3 = 0.515,3-13-16-9-19-5 = 0.152,3-21-13-29-30-3 = 0.212,3-13-16-9-19-3 = 0.152,3-10-21-27-19-5 = 0.515,5-11-29-34-30-3 = 0.152,3-10-9-29-14-5 = 0.242,3-10-16-19-3 = 0.182
105,91,603.646,4.533,3.465,-0.901,885,886,3-18-3 = 0.8,3-35-3 = 0.8,5-26-32-22-5 = 0.333,5-24-26-32-5 = 0.333,5-24-26-22-5 = 0.333,5-24-32-22-5 = 0.333,5-15-6-5 = 1.0,5-16-27-7-29-3 = 0.2,5-23-31-28-3 = 1.0,3-20-12-17-33-3 = 1.0,3-25-8-3 = 1.0,3-18-35-3 = 0.2,3-10-13-27-7-5 = 0.2,3-34-9-29-11-19-3 = 0.6,3-21-27-16-3 = 0.4,3-13-27-7-14-5 = 0.2,3-13-11-9-34-3 = 0.4,3-21-13-29-30-3 = 0.2,3-21-16-7-19-3 = 0.4,3-10-30-14-5 = 0.8
650,400,603.602,2.0,0.818,-0.667,887,888,5-14-5 = 0.5,5-24-26-32-5 = 0.5,5-24-32-22-5 = 0.5,5-15-6-5 = 1.0,5-23-31-28-3 = 1.0,3-20-12-17-33-3 = 1.0,3-25-8-3 = 1.0,3-30-34-11-29-3 = 1.0,3-18-35-3 = 1.0,3-10-21-27-7-5 = 1.0,3-13-16-9-19-3 = 1.0,5-14-26-22-5 = 0.5
887,650,613.563,0.0,9.961,0.0,Prune by CG,,5-24-26-32-5 = 1.0,5-15-6-5 = 1.0,5-23-31-28-3 = 1.0,3-20-12-17-33-3 = 1.0,3-25-8-3 = 1.0,3-30-34-11-29-3 = 1.0,3-18-35-3 = 1.0,3-10-21-27-7-5 = 1.0,3-13-16-9-19-3 = 1.0,5-14-22-5 = 1.0
746,611,603.521,5.333,0.508,0.0,889,890,3-18-3 = 0.333,5-26-32-22-5 = 0.333,5-24-26-32-5 = 0.333,5-24-26-22-5 = 0.333,5-24-32-22-5 = 0.333,5-15-6-5 = 1.0,5-23-31-28-3 = 1.0,5-10-30-14-5 = 0.667,3-20-12-35-3 = 0.333,3-20-12-17-33-3 = 0.667,3-25-8-3 = 1.0,3-18-35-3 = 0.667,3-34-9-29-11-19-3 = 0.667,3-21-16-27-5 = 0.667,3-13-11-9-34-3 = 0.333,3-13-7-33-19-3 = 0.333,3-10-30-14-5 = 0.333,3-21-13-7-17-3 = 0.333,3-16-27-7-29-3 = 0.333
542,434,603.885,2.889,1.254,-2.587,891,892,5-14-5 = 0.444,5-26-32-22-5 = 0.333,5-24-26-32-5 = 0.333,5-24-26-22-5 = 0.333,5-24-32-22-5 = 0.333,5-15-6-5 = 1.0,5-14-11-34-3 = 0.111,5-23-31-28-3 = 1.0,3-20-12-17-33-3 = 1.0,3-25-8-3 = 1.0,3-30-34-14-5 = 0.111,3-18-35-3 = 1.0,3-10-21-27-7-5 = 0.111,3-13-16-29-19-3 = 1.0,3-21-27-11-30-3 = 0.889,3-10-9-7-14-5 = 0.222,3-10-34-9-7-5 = 0.667,5-34-9-14-5 = 0.111
596,593,603.526,6.333,0.85,0.0,893,894,3-18-3 = 0.264,3-35-3 = 0.181,5-26-32-22-5 = 0.333,5-24-26-32-5 = 0.333,5-24-26-22-5 = 0.333,5-24-32-22-5 = 0.333,5-15-6-5 = 1.0,5-23-31-28-3 = 1.0,5-14-34-29-19-5 = 0.028,5-16-9-34-3 = 0.583,5-16-9-29-30-3 = 0.417,3-12-17-33-19-5 = 0.083,3-20-12-35-3 = 0.083,3-20-12-17-33-3 = 0.514,3-20-12-17-33-5 = 0.319,3-20-17-33-19-5 = 0.083,3-25-8-3 = 1.0,3-18-35-3 = 0.736,3-10-21-27-7-5 = 0.375,3-21-11-7-14-5 = 0.361,5-13-27-7-14-5 = 0.25,3-13-27-11-29-19-5 = 0.375,3-10-30-14-5 = 0.361,3-10-21-11-19-5 = 0.264,5-7-29-34-30-3 = 0.014,5-13-34-30-3 = 0.208,5-13-29-34-19-5 = 0.167
560,373,604.004,2.0,1.331,-3.143,895,896,5-14-5 = 0.5,5-26-32-22-5 = 0.5,5-26-24-14-5 = 0.5,5-24-32-22-5 = 0.5,5-15-6-5 = 1.0,5-23-31-28-3 = 1.0,3-20-12-17-33-3 = 1.0,3-25-8-3 = 1.0,3-18-35-3 = 1.0,3-21-16-27-5 = 1.0,3-10-34-9-19-5 = 1.0,5-13-7-11-29-30-3 = 1.0
350,104,603.545,5.32,1.67,-0.11,897,898,3-18-3 = 0.3,5-26-32-22-5 = 0.44,5-26-24-14-5 = 0.32,5-24-26-32-5 = 0.12,5-24-26-22-5 = 0.12,5-24-32-22-5 = 0.44,5-15-6-5 = 1.0,5-23-31-28-3 = 1.0,3-12-17-33-19-5 = 0.2,3-20-12-35-3 = 0.3,3-20-12-17-33-3 = 0.12,3-20-12-17-33-5 = 0.32,3-20-17-33-19-5 = 0.2,3-25-8-3 = 1.0,3-18-35-3 = 0.7,3-21-27-11-9-19-3 = 0.36,5-27-16-9-29-3 = 0.56,3-13-11-7-14-5 = 0.62,3-13-7-33-19-5 = 0.16,3-10-34-30-3 = 0.96,3-10-34-9-19-3 = 0.04,3-21-13-9-30-3 = 0.04,3-21-16-29-3 = 0.42,3-21-13-11-19-3 = 0.02,3-21-13-7-17-3 = 0.16,3-20-12-27-7-14-5 = 0.06,3-16-27-29-19-3 = 0.02
827,826,603.514,5.222,0.267,0.139,899,900,3-18-3 = 0.306,3-35-3 = 0.25,5-26-32-22-5 = 0.333,5-24-26-32-5 = 0.333,5-24-26-22-5 = 0.333,5-24-32-22-5 = 0.333,5-15-6-5 = 1.0,5-23-31-28-3 = 1.0,5-16-7-9-30-3 = 0.028,5-16-9-29-30-3 = 0.639,5-16-9-7-17-3 = 0.056,3-20-12-35-3 = 0.056,3-20-12-17-33-3 = 0.694,3-20-12-17-33-5 = 0.25,3-25-8-3 = 1.0,3-18-35-3 = 0.694,3-10-13-27-7-5 = 0.056,5-13-27-7-14-5 = 0.667,5-27-16-9-29-3 = 0.278,3-13-7-33-19-5 = 0.056,3-10-30-14-5 = 0.333,3-10-21-11-7-5 = 0.139,3-10-21-11-19-5 = 0.167,3-21-34-11-19-5 = 0.694,3-10-34-29-19-5 = 0.083,3-10-13-34-5 = 0.222
512,509,603.169,4.667,0.401,2.667,901,902,5-14-5 = 0.417,5-26-32-22-5 = 0.333,5-24-26-32-5 = 0.333,5-24-26-22-5 = 0.333,5-24-32-22-5 = 0.333,5-15-6-5 = 1.0,5-23-31-28-3 = 1.0,3-20-12-17-33-3 = 1.0,3-25-8-3 = 1.0,3-18-35-3 = 1.0,3-10-21-27-7-5 = 0.583,3-34-9-29-11-19-3 = 0.583,3-21-27-11-29-19-3 = 0.083,3-21-11-7-14-5 = 0.25,3-10-34-9-19-5 = 0.083,3-13-16-30-3 = 0.5,3-10-30-14-5 = 0.333,3-13-27-16-3 = 0.333,5-9-34-29-11-19-3 = 0.083,5-9-29-34-30-3 = 0.167,3-13-16-7-19-3 = 0.167,3-21-9-29-34-3 = 0.083
902,512,603.185,4.833,0.016,0.167,903,904,5-14-5 = 0.417,5-26-32-22-5 = 0.333,5-24-26-32-5 = 0.333,5-24-26-22-5 = 0.333,5-24-32-22-5 = 0.333,5-15-6-5 = 1.0,5-23-31-28-3 = 1.0,3-20-12-17-33-3 = 1.0,3-25-8-3 = 1.0,3-30-34-9-29-3 = 0.167,3-18-35-3 = 1.0,3-10-21-27-7-5 = 0.583,3-34-9-29-11-19-3 = 0.417,3-21-27-11-29-19-3 = 0.083,3-21-11-7-14-5 = 0.25,3-10-34-9-19-5 = 0.083,3-13-16-30-3 = 0.5,3-10-30-14-5 = 0.333,3-13-27-16-3 = 0.333,5-9-34-29-11-19-3 = 0.25,3-13-16-7-19-3 = 0.167,3-21-9-29-34-3 = 0.083
539,257,603.589,5.429,1.037,-0.357,905,906,3-18-3 = 0.286,5-26-32-22-5 = 0.429,5-26-24-14-5 = 0.286,5-24-26-32-5 = 0.143,5-24-26-22-5 = 0.143,5-24-32-22-5 = 0.429,5-15-6-5 = 1.0,5-14-29-33-3 = 0.143,5-23-31-28-3 = 1.0,3-20-12-35-3 = 0.286,3-20-12-17-33-3 = 0.714,3-25-8-3 = 1.0,3-30-9-7-33-3 = 0.143,5-21-13-27-9-3 = 0.143,3-18-35-3 = 0.714,3-10-34-9-29-3 = 0.143,3-13-27-7-14-5 = 0.571,3-10-34-30-3 = 0.571,3-10-34-9-19-3 = 0.286,3-16-11-29-19-5 = 0.714,5-21-13-9-30-3 = 0.286,3-21-16-11-5 = 0.286,3-21-27-7-17-3 = 0.286
862,693,603.531,5.833,0.138,0.083,907,908,3-8-3 = 0.75,5-13-27-16-3 = 0.208,5-26-32-22-5 = 0.333,5-24-26-32-5 = 0.333,5-24-32-22-5 = 0.333,5-15-6-5 = 1.0,5-23-31-28-3 = 0.625,3-20-12-17-33-3 = 1.0,5-23-31-25-3 = 0.375,3-25-28-3 = 0.375,3-25-8-3 = 0.25,3-18-35-3 = 1.0,3-21-11-7-14-5 = 0.292,3-21-29-11-14-5 = 0.542,3-10-34-30-3 = 0.625,3-10-30-9-29-19-5 = 0.125,3-13-16-30-3 = 0.25,3-13-16-9-19-3 = 0.542,3-10-21-11-7-5 = 0.042,3-10-9-7-14-5 = 0.167,3-10-34-9-7-5 = 0.042,5-27-7-29-34-19-5 = 0.333,5-21-27-9-11-7-5 = 0.125,5-27-24-26-22-5 = 0.333
