id,parent,cgLowerBound,FS,rdtCG,rdtFS,Child,Child
0,0,592.957,8.0,592.957,8.0,1,2,9-37-9 = 1.0,8-22-16-41-14-11 = 0.333,8-22-19-36-8 = 0.333,8-19-38-36-8 = 0.667,11-31-13-11 = 0.5,11-28-31-26-11 = 0.5,11-28-13-26-11 = 0.5,11-40-33-29-11 = 0.667,11-22-16-41-14-11 = 0.333,11-17-33-29-11 = 0.333,9-30-20-35-9 = 0.5,11-17-27-32-34-9 = 0.333,11-40-17-16-41-14-11 = 0.333,9-15-24-39-9 = 0.167,9-15-24-21-9 = 0.333,9-21-39-23-38-8 = 0.333,9-25-30-39-21-9 = 0.333,9-25-20-35-34-9 = 0.5,9-15-24-9 = 0.5,9-18-12-32-9 = 0.667,9-23-12-27-9 = 0.333,9-23-18-27-9 = 0.333,9-25-30-39-34-9 = 0.167
2,0,594.094,6.5,1.137,-1.5,3,4,9-37-9 = 1.0,8-19-38-36-8 = 1.0,11-31-13-11 = 0.25,11-31-13-26-11 = 0.25,11-28-31-26-11 = 0.5,11-28-13-26-11 = 0.25,11-40-33-29-11 = 0.75,11-22-14-11 = 0.375,11-22-16-41-14-11 = 0.625,11-17-33-29-11 = 0.25,11-16-17-27-32-9 = 0.375,9-30-20-35-9 = 0.5,11-40-28-13-11 = 0.25,9-15-24-39-9 = 0.25,9-15-24-21-9 = 0.75,9-25-30-39-21-9 = 0.25,9-25-20-35-34-9 = 0.5,9-18-12-32-9 = 0.625,9-23-12-17-41-11 = 0.375,9-23-18-27-9 = 0.375,9-39-23-27-34-9 = 0.25,9-25-30-39-34-9 = 0.25
4,2,594.157,6.5,0.063,0.0,5,6,9-37-9 = 1.0,8-19-38-36-8 = 1.0,11-31-13-26-11 = 0.5,11-28-31-26-11 = 0.5,11-28-13-11 = 0.5,11-40-33-29-11 = 1.0,11-22-14-11 = 0.25,11-22-16-41-14-11 = 0.75,11-16-17-27-32-9 = 0.25,9-30-20-35-9 = 0.5,11-17-27-32-34-9 = 0.25,9-15-24-39-9 = 0.5,9-15-24-21-9 = 0.5,9-25-30-39-21-9 = 0.5,9-25-20-35-34-9 = 0.5,9-18-12-32-9 = 0.25,9-18-12-17-11 = 0.25,9-23-12-32-34-9 = 0.25,9-23-12-17-41-11 = 0.25,9-23-18-27-9 = 0.5
1,0,595.292,7.951,2.335,-0.049,7,8,8-36-8 = 0.268,9-37-9 = 0.72,11-18-27-32-8 = 0.012,8-22-16-41-14-11 = 0.646,8-22-19-8 = 0.268,8-22-19-36-8 = 0.085,8-19-38-36-8 = 0.646,11-31-13-11 = 0.5,11-28-31-26-11 = 0.5,11-28-13-26-11 = 0.5,11-40-33-29-11 = 0.646,11-17-33-29-11 = 0.354,11-12-18-39-9 = 0.293,11-12-18-23-9 = 0.049,8-23-18-27-8 = 0.085,9-30-20-35-9 = 0.72,11-17-27-32-34-9 = 0.293,11-40-17-16-41-14-11 = 0.354,9-25-20-27-8 = 0.28,9-15-24-39-9 = 0.354,9-15-24-21-9 = 0.646,9-21-39-23-38-8 = 0.354,9-25-30-37-9 = 0.28,9-25-35-27-32-9 = 0.037,9-25-35-27-34-9 = 0.244,9-25-18-23-34-9 = 0.159,9-18-12-32-9 = 0.354,9-23-12-32-34-9 = 0.305,9-23-18-27-9 = 0.049
7,1,594.992,6.167,-0.3,-1.785,9,10,8-19-8 = 0.667,8-36-8 = 0.167,9-37-9 = 1.0,8-22-16-41-14-11 = 0.833,8-22-19-8 = 0.167,8-19-38-36-8 = 0.167,11-31-13-26-11 = 0.5,11-28-31-26-11 = 0.5,11-28-13-11 = 0.5,11-40-33-29-11 = 0.833,11-17-33-29-11 = 0.167,11-12-18-39-9 = 0.167,9-30-20-35-9 = 0.833,11-17-27-32-34-9 = 0.5,11-40-17-16-41-14-11 = 0.167,9-15-24-21-9 = 0.833,9-25-30-39-21-9 = 0.167,9-25-12-27-9 = 0.333,9-25-18-23-34-9 = 0.333,9-25-20-35-34-9 = 0.167,9-15-24-9 = 0.167,9-18-12-32-9 = 0.5,11-17-27-38-8 = 0.167,9-39-23-38-36-8 = 0.667
6,4,595.184,7.167,1.027,0.667,11,12,9-37-9 = 0.833,8-19-38-36-8 = 1.0,11-31-13-26-11 = 0.5,11-28-31-26-11 = 0.5,11-28-13-11 = 0.5,11-40-33-29-11 = 0.75,11-22-14-11 = 0.5,11-22-16-17-41-11 = 0.25,11-22-16-41-14-11 = 0.25,11-17-33-29-11 = 0.25,9-30-20-35-9 = 0.5,11-17-27-32-34-9 = 0.25,11-40-17-16-41-14-11 = 0.25,9-15-24-39-9 = 0.333,9-15-24-21-9 = 0.667,9-25-30-37-9 = 0.167,9-25-30-39-21-9 = 0.333,9-25-20-35-34-9 = 0.5,9-18-12-32-9 = 0.667,9-23-12-27-9 = 0.083,9-23-12-16-41-11 = 0.25,9-23-18-27-9 = 0.333,9-39-23-27-32-9 = 0.083,9-39-23-27-34-9 = 0.25
11,6,595.438,6.667,0.254,-0.5,13,14,9-37-9 = 0.833,8-19-38-36-8 = 1.0,11-31-13-11 = 0.5,11-28-31-26-11 = 0.5,11-28-13-26-11 = 0.5,11-40-33-29-11 = 0.667,11-22-14-11 = 0.5,11-22-16-17-41-11 = 0.333,11-22-16-41-14-11 = 0.167,11-17-33-29-11 = 0.333,11-12-18-39-9 = 0.167,9-30-20-35-9 = 0.5,11-40-17-16-41-14-11 = 0.333,9-15-24-21-9 = 1.0,9-25-30-37-9 = 0.167,9-25-35-27-32-9 = 0.167,9-25-20-35-34-9 = 0.333,9-18-12-32-9 = 0.667,9-23-12-16-41-11 = 0.167,9-23-18-27-9 = 0.167,9-39-23-27-32-9 = 0.167,9-39-23-27-34-9 = 0.5,9-25-30-20-9 = 0.167,9-25-30-39-34-9 = 0.167
13,11,595.5,6.778,0.061,0.111,15,16,9-37-9 = 0.944,8-19-38-36-8 = 1.0,11-31-13-11 = 0.5,11-28-31-26-11 = 0.5,11-28-13-26-11 = 0.5,11-40-33-29-11 = 0.667,11-22-14-11 = 0.333,11-22-16-17-41-11 = 0.333,11-22-16-41-14-11 = 0.333,11-17-33-29-11 = 0.333,11-12-18-39-9 = 0.167,9-30-20-35-9 = 0.5,11-40-17-16-41-14-11 = 0.333,9-15-24-21-9 = 1.0,9-25-30-37-9 = 0.056,9-25-35-27-32-9 = 0.056,9-25-20-35-34-9 = 0.444,9-18-12-32-9 = 0.389,9-18-12-32-11 = 0.167,9-23-12-27-9 = 0.222,9-23-12-32-34-9 = 0.056,9-23-18-27-9 = 0.278,9-39-23-27-32-9 = 0.333,9-39-23-27-34-9 = 0.111,9-25-30-20-9 = 0.056,9-25-30-39-34-9 = 0.389
16,13,595.658,6.556,0.158,-0.222,17,18,9-37-9 = 0.944,8-19-38-36-8 = 1.0,11-31-13-26-11 = 0.5,11-28-31-26-11 = 0.5,11-28-13-11 = 0.5,11-40-33-29-11 = 0.667,11-22-14-11 = 0.333,11-22-16-17-41-11 = 0.333,11-22-16-41-14-11 = 0.333,11-17-33-29-11 = 0.333,11-12-18-39-9 = 0.167,9-30-20-35-9 = 0.778,11-40-17-16-41-14-11 = 0.333,9-15-24-39-9 = 0.167,9-15-24-21-9 = 0.833,9-25-30-37-9 = 0.056,9-25-30-39-21-9 = 0.167,9-25-12-27-9 = 0.056,9-25-12-32-34-9 = 0.444,9-25-18-23-34-9 = 0.056,9-25-20-35-34-9 = 0.222,9-18-12-32-9 = 0.167,9-18-12-32-11 = 0.167,9-23-18-27-9 = 0.444,9-39-23-27-32-9 = 0.222,9-39-23-27-34-9 = 0.278
17,16,595.928,5.833,0.27,-0.722,19,20,11-14-11 = 0.25,9-37-9 = 0.667,8-19-38-36-8 = 1.0,11-31-13-26-11 = 0.5,11-28-31-26-11 = 0.5,11-28-13-11 = 0.5,11-40-33-29-11 = 0.75,11-22-14-11 = 0.25,11-22-16-17-41-11 = 0.5,11-22-16-41-14-11 = 0.25,11-17-33-29-11 = 0.25,9-30-20-35-9 = 0.667,11-40-17-16-41-14-11 = 0.25,9-15-24-21-9 = 1.0,9-25-30-37-9 = 0.333,9-25-12-27-9 = 0.167,9-25-18-23-39-9 = 0.167,9-25-20-35-34-9 = 0.333,9-18-12-32-9 = 0.833,9-39-23-27-32-9 = 0.167,9-39-23-27-34-9 = 0.667
8,1,595.889,7.815,0.597,-0.136,21,22,11-14-11 = 0.194,8-19-8 = 0.222,9-37-9 = 0.537,8-22-14-11 = 0.046,8-22-16-41-14-11 = 0.602,8-22-19-8 = 0.352,8-19-38-36-8 = 0.426,11-31-13-26-11 = 0.5,11-28-31-26-11 = 0.5,11-28-13-11 = 0.5,11-40-33-29-11 = 0.843,11-17-33-29-11 = 0.157,8-18-12-32-8 = 0.167,11-12-18-39-9 = 0.241,11-12-17-16-41-11 = 0.241,8-23-18-27-8 = 0.426,9-30-20-35-9 = 0.537,11-17-27-32-34-9 = 0.426,11-40-17-16-41-14-11 = 0.157,9-25-20-27-8 = 0.074,9-15-24-21-9 = 1.0,9-25-30-37-9 = 0.463,9-25-35-27-32-9 = 0.074,9-25-20-35-34-9 = 0.389,9-18-12-32-9 = 0.148,9-18-12-17-11 = 0.019,9-39-12-32-34-9 = 0.185,9-39-23-38-36-8 = 0.574
22,8,595.485,5.143,-0.403,-2.672,23,24,8-19-8 = 0.186,9-37-9 = 0.971,8-22-14-11 = 0.014,8-22-16-41-14-11 = 0.986,8-19-38-36-8 = 0.814,11-31-13-11 = 0.5,11-28-31-26-11 = 0.5,11-28-13-26-11 = 0.5,11-40-33-29-11 = 1.0,11-12-17-16-41-11 = 0.014,9-30-20-35-9 = 0.543,11-17-27-32-34-9 = 0.743,9-25-20-27-8 = 0.071,9-25-20-35-32-9 = 0.014,9-25-20-35-32-11 = 0.057,9-15-24-39-9 = 0.371,9-15-24-21-9 = 0.629,9-25-30-37-9 = 0.029,9-25-30-39-21-9 = 0.371,9-25-35-27-32-11 = 0.129,9-25-18-23-39-9 = 0.014,9-25-20-35-34-9 = 0.257,9-18-12-17-11 = 0.243,9-39-23-27-32-11 = 0.057,9-25-30-20-9 = 0.057,9-39-23-38-36-8 = 0.186,11-12-18-23-8 = 0.743
5,4,596.517,5.8,2.36,-0.7,25,26,9-37-9 = 0.9,8-19-38-36-8 = 1.0,11-31-13-26-11 = 0.5,11-28-31-26-11 = 0.5,11-28-13-11 = 0.5,11-40-33-29-11 = 1.0,11-22-14-11 = 0.4,11-22-16-41-14-11 = 0.6,11-12-17-16-41-11 = 0.4,11-12-17-32-34-9 = 0.1,9-30-20-35-9 = 0.6,9-15-24-21-9 = 1.0,9-25-30-37-9 = 0.1,9-25-18-23-34-9 = 0.2,9-25-20-35-34-9 = 0.4,9-18-27-32-9 = 0.2,9-18-12-17-11 = 0.1,9-23-18-27-9 = 0.5,9-39-23-27-32-9 = 0.3,9-25-30-39-34-9 = 0.3,9-39-12-17-32-9 = 0.4
15,13,596.891,6.8,1.391,0.022,27,28,9-37-9 = 1.0,8-19-38-36-8 = 1.0,11-31-13-11 = 0.4,11-31-13-26-11 = 0.1,11-28-31-26-11 = 0.5,11-28-13-26-11 = 0.4,11-40-33-29-11 = 0.6,11-22-14-11 = 0.3,11-22-16-17-41-11 = 0.3,11-22-16-41-14-11 = 0.4,11-17-33-29-11 = 0.4,11-12-18-23-9 = 0.2,9-30-20-35-9 = 0.7,11-40-28-13-11 = 0.1,11-40-17-16-41-14-11 = 0.3,9-15-24-39-9 = 0.45,9-15-24-21-9 = 0.55,9-21-39-20-35-9 = 0.15,9-25-30-39-21-9 = 0.3,9-25-18-27-9 = 0.55,9-25-20-35-34-9 = 0.15,9-18-27-32-11 = 0.2,9-18-27-34-9 = 0.05,9-23-12-27-9 = 0.1,9-23-12-32-34-9 = 0.7,9-39-27-32-34-9 = 0.1
25,5,597.31,3.9,0.793,-1.9,29,30,9-37-9 = 1.0,8-19-38-36-8 = 1.0,11-31-13-11 = 0.5,11-28-31-26-11 = 0.5,11-28-13-26-11 = 0.5,11-40-33-29-11 = 1.0,11-22-14-11 = 1.0,11-12-17-16-41-11 = 1.0,9-30-20-35-9 = 0.8,9-15-24-39-9 = 0.2,9-15-24-21-9 = 0.8,9-25-30-39-21-9 = 0.2,9-25-18-23-34-9 = 0.6,9-25-20-35-34-9 = 0.2,9-18-27-32-9 = 0.4,9-39-27-32-34-9 = 0.2,9-39-23-27-32-9 = 0.4
27,15,597.343,7.083,0.452,0.283,31,32,9-37-9 = 0.833,8-19-38-36-8 = 1.0,11-31-13-11 = 0.5,11-28-31-26-11 = 0.5,11-28-13-26-11 = 0.5,11-40-33-29-11 = 1.0,11-22-14-11 = 0.5,11-22-16-41-14-11 = 0.5,11-16-17-20-35-9 = 0.5,9-24-21-37-9 = 0.042,9-30-20-35-9 = 0.5,9-15-21-37-9 = 0.042,9-15-24-39-9 = 0.458,9-15-24-21-9 = 0.5,9-25-30-37-9 = 0.083,9-25-30-39-21-9 = 0.417,9-18-27-32-9 = 0.25,9-18-27-34-9 = 0.25,9-23-12-27-9 = 0.375,9-23-12-32-34-9 = 0.625,9-39-27-32-34-9 = 0.125,9-25-18-17-41-11 = 0.5
32,27,597.496,6.0,0.153,-1.083,33,34,9-37-9 = 0.944,8-19-38-36-8 = 1.0,11-31-13-26-11 = 0.5,11-28-31-26-11 = 0.5,11-28-13-11 = 0.5,11-40-33-29-11 = 0.667,11-22-14-11 = 0.333,11-22-16-17-41-11 = 0.333,11-22-16-41-14-11 = 0.333,11-17-33-29-11 = 0.333,11-12-23-39-21-9 = 0.167,9-24-21-37-9 = 0.028,9-30-20-35-9 = 0.806,11-40-17-16-41-14-11 = 0.333,9-15-21-37-9 = 0.028,9-15-24-39-9 = 0.514,9-15-24-21-9 = 0.458,9-21-39-20-35-9 = 0.125,9-25-30-39-21-9 = 0.194,9-25-18-27-9 = 0.736,9-25-20-35-34-9 = 0.069,9-18-27-32-11 = 0.167,9-18-27-34-9 = 0.097,9-23-12-32-34-9 = 0.833
24,22,597.069,6.833,1.584,1.69,35,36,8-19-8 = 0.333,9-37-9 = 0.667,8-22-14-11 = 0.25,8-22-16-41-14-11 = 0.75,8-19-38-36-8 = 0.667,11-31-13-11 = 0.5,11-28-31-26-11 = 0.5,11-28-13-26-11 = 0.5,11-40-33-29-11 = 1.0,11-16-17-20-35-9 = 0.167,11-12-17-16-41-11 = 0.083,9-24-39-20-9 = 0.167,9-30-20-35-9 = 0.583,11-17-27-32-34-9 = 0.583,9-15-21-37-9 = 0.167,9-15-24-39-9 = 0.083,9-15-24-21-9 = 0.75,9-21-39-20-35-9 = 0.083,9-25-30-37-9 = 0.167,9-25-35-27-32-11 = 0.167,9-25-18-27-9 = 0.167,9-25-18-23-34-9 = 0.083,9-18-12-32-11 = 0.083,9-39-27-32-34-9 = 0.083,9-25-30-39-34-9 = 0.25,9-25-12-17-41-11 = 0.167,9-39-23-38-36-8 = 0.333,11-12-18-23-8 = 0.583,11-18-12-32-8 = 0.083
35,24,597.341,8.179,0.272,1.346,37,38,8-19-8 = 0.385,9-37-9 = 0.462,8-22-14-11 = 0.462,8-22-16-41-14-11 = 0.5,8-22-19-8 = 0.038,8-19-38-36-8 = 0.577,11-31-13-26-11 = 0.5,11-28-31-26-11 = 0.5,11-28-13-11 = 0.5,11-40-33-29-11 = 1.0,11-12-17-16-41-11 = 0.462,8-23-18-27-8 = 0.038,9-24-39-20-9 = 0.205,9-30-20-35-9 = 0.667,11-17-27-32-34-9 = 0.5,9-15-21-37-9 = 0.205,9-15-24-39-9 = 0.128,9-15-24-21-9 = 0.667,9-21-39-20-35-9 = 0.128,9-25-30-37-9 = 0.333,9-25-35-27-32-9 = 0.064,9-25-35-27-32-11 = 0.038,9-25-35-27-34-9 = 0.103,9-25-18-27-9 = 0.141,9-25-18-23-34-9 = 0.282,9-39-27-32-34-9 = 0.115,9-25-17-16-41-14-11 = 0.038,9-39-23-38-36-8 = 0.423,11-12-18-23-8 = 0.256,11-18-12-32-8 = 0.282
37,35,597.389,8.271,0.049,0.091,39,40,8-19-8 = 0.406,9-37-9 = 0.437,8-22-14-11 = 0.469,8-22-16-41-14-11 = 0.5,8-22-19-8 = 0.031,8-19-38-36-8 = 0.562,11-31-13-26-11 = 0.5,11-28-31-26-11 = 0.5,11-28-13-11 = 0.5,11-40-33-29-11 = 0.969,11-17-33-29-11 = 0.031,11-12-17-16-41-11 = 0.469,8-23-18-27-8 = 0.031,9-24-39-20-9 = 0.229,9-30-20-35-9 = 0.667,11-17-27-32-34-9 = 0.469,11-40-17-16-41-14-11 = 0.031,9-15-21-37-9 = 0.229,9-15-24-39-9 = 0.104,9-15-24-21-9 = 0.667,9-21-39-20-35-9 = 0.104,9-25-30-37-9 = 0.333,9-25-35-27-32-9 = 0.083,9-25-35-27-34-9 = 0.146,9-25-18-27-9 = 0.146,9-25-18-23-34-9 = 0.292,9-39-27-32-34-9 = 0.094,9-39-23-27-32-11 = 0.031,9-39-23-38-36-8 = 0.437,11-12-18-23-8 = 0.208,11-18-12-32-8 = 0.323
40,37,597.522,8.456,0.132,0.185,41,42,8-19-8 = 0.421,9-37-9 = 0.421,8-22-14-11 = 0.474,8-22-16-41-14-11 = 0.5,8-22-19-8 = 0.026,8-19-38-36-8 = 0.553,11-31-13-26-11 = 0.5,11-28-31-26-11 = 0.5,11-28-13-11 = 0.5,11-40-33-29-11 = 0.974,11-17-33-29-11 = 0.026,11-12-17-16-41-11 = 0.474,8-23-18-27-8 = 0.026,9-24-39-20-9 = 0.202,9-30-20-35-9 = 0.623,11-17-27-32-34-9 = 0.474,11-40-17-16-41-14-11 = 0.026,9-15-21-37-9 = 0.202,9-15-24-39-9 = 0.175,9-15-24-21-9 = 0.623,9-21-39-20-35-9 = 0.175,9-25-30-37-9 = 0.377,9-25-35-27-32-9 = 0.035,9-25-35-27-34-9 = 0.167,9-25-18-27-9 = 0.167,9-25-18-23-34-9 = 0.254,9-18-27-32-11 = 0.026,9-23-27-32-34-9 = 0.105,9-39-23-38-36-8 = 0.447,11-12-18-23-8 = 0.167,11-18-12-32-8 = 0.36
30,25,597.605,5.0,0.295,1.1,43,44,9-37-9 = 0.5,8-19-38-36-8 = 1.0,11-31-13-26-11 = 0.5,11-28-31-26-11 = 0.5,11-28-13-11 = 0.5,11-40-33-29-11 = 1.0,11-22-14-11 = 1.0,11-12-17-16-41-11 = 1.0,9-24-21-37-9 = 0.167,9-30-20-35-9 = 0.833,9-15-21-37-9 = 0.167,9-15-24-39-9 = 0.167,9-15-24-21-9 = 0.667,9-25-30-37-9 = 0.167,9-25-18-23-34-9 = 0.5,9-25-18-23-39-9 = 0.167,9-25-20-35-34-9 = 0.167,9-18-27-32-9 = 0.333,9-39-27-32-34-9 = 0.333,9-39-23-27-32-9 = 0.333
26,5,597.838,6.0,1.321,0.2,45,46,9-37-9 = 0.9,11-18-27-32-9 = 0.1,8-19-38-36-8 = 1.0,11-31-13-11 = 0.5,11-28-31-26-11 = 0.5,11-28-13-26-11 = 0.5,11-40-33-29-11 = 1.0,11-22-14-11 = 0.4,11-22-16-41-14-11 = 0.6,11-16-27-32-34-9 = 0.4,9-30-20-35-9 = 0.7,9-15-24-39-9 = 0.2,9-15-24-21-9 = 0.8,9-25-30-37-9 = 0.1,9-25-30-39-21-9 = 0.2,9-25-12-17-32-9 = 0.1,9-25-18-23-34-9 = 0.3,9-25-20-35-34-9 = 0.3,9-18-12-17-11 = 0.1,9-23-12-17-32-9 = 0.2,9-23-18-27-9 = 0.5,9-39-12-17-41-11 = 0.4,9-39-12-17-32-9 = 0.2
19,17,597.705,7.0,1.777,1.167,47,48,9-37-9 = 1.0,8-19-38-36-8 = 1.0,11-31-13-26-11 = 0.5,11-28-31-26-11 = 0.5,11-28-13-11 = 0.5,11-40-33-29-11 = 0.5,11-22-16-41-14-11 = 1.0,11-17-33-29-11 = 0.5,9-30-20-35-9 = 0.5,11-40-17-20-35-9 = 0.5,9-15-24-21-9 = 0.5,9-25-30-39-21-9 = 0.5,9-25-12-32-34-9 = 0.5,9-15-24-9 = 0.5,9-18-12-32-11 = 0.5,9-23-18-27-9 = 0.5,9-39-23-27-34-9 = 0.5
48,19,598.41,5.3,0.705,-1.7,49,50,11-26-11 = 0.275,9-37-9 = 0.875,8-22-19-36-8 = 0.025,8-19-38-36-8 = 0.975,11-31-13-11 = 0.275,11-31-13-26-11 = 0.225,11-28-31-26-11 = 0.5,11-40-33-29-11 = 0.25,11-22-16-41-14-11 = 0.975,11-17-33-29-11 = 0.75,9-30-20-35-9 = 0.55,11-40-28-13-11 = 0.5,11-40-17-20-35-9 = 0.225,11-40-17-16-41-14-11 = 0.025,9-15-24-21-9 = 1.0,9-25-30-37-9 = 0.125,9-25-30-39-23-9 = 0.1,9-25-35-27-32-11 = 0.225,9-25-18-23-34-9 = 0.325,9-18-12-32-9 = 0.675,9-39-12-27-9 = 0.225,9-39-12-32-34-9 = 0.1,9-39-23-27-34-9 = 0.55,9-25-30-20-9 = 0.225,9-39-23-38-34-9 = 0.025
34,32,598.079,6.667,0.583,0.667,51,52,9-37-9 = 0.833,8-19-38-36-8 = 1.0,11-31-13-26-11 = 0.5,11-28-31-26-11 = 0.5,11-28-13-11 = 0.5,11-40-33-29-11 = 0.667,11-22-14-11 = 0.5,11-22-16-17-41-11 = 0.333,11-22-16-41-14-11 = 0.167,11-17-33-29-11 = 0.167,11-16-17-20-35-9 = 0.167,9-30-20-35-9 = 0.667,11-40-17-16-41-14-11 = 0.333,9-15-24-21-9 = 1.0,9-25-30-37-9 = 0.167,9-25-12-23-39-9 = 0.333,9-25-18-27-9 = 0.167,9-25-20-35-34-9 = 0.167,9-18-27-32-9 = 0.167,9-18-27-32-11 = 0.167,9-18-12-23-9 = 0.5,9-23-12-32-34-9 = 0.167,9-39-27-32-34-9 = 0.5,9-25-30-39-34-9 = 0.167,11-41-33-29-11 = 0.167
51,34,598.152,6.5,0.073,-0.167,53,54,9-37-9 = 1.0,8-19-38-36-8 = 1.0,11-31-13-11 = 0.5,11-28-31-26-11 = 0.5,11-28-13-26-11 = 0.5,11-40-33-29-11 = 0.5,11-22-14-11 = 0.25,11-22-16-17-41-11 = 0.25,11-22-16-41-14-11 = 0.5,11-17-33-29-11 = 0.5,11-40-12-23-39-9 = 0.25,9-30-20-35-9 = 0.75,11-40-17-16-41-14-11 = 0.25,9-15-24-21-9 = 1.0,9-25-12-23-39-9 = 0.25,9-25-18-27-9 = 0.25,9-25-20-35-34-9 = 0.25,9-18-27-32-9 = 0.25,9-18-27-32-11 = 0.25,9-18-12-23-9 = 0.25,9-23-12-32-34-9 = 0.25,9-39-27-32-34-9 = 0.25,9-25-30-39-34-9 = 0.25
53,51,598.182,6.167,0.029,-0.333,55,56,11-14-11 = 0.25,9-37-9 = 0.667,8-19-38-36-8 = 1.0,11-31-13-11 = 0.5,11-28-31-26-11 = 0.5,11-28-13-26-11 = 0.5,11-40-33-29-11 = 0.75,11-22-14-11 = 0.25,11-22-16-17-41-11 = 0.5,11-22-16-41-14-11 = 0.25,11-17-33-29-11 = 0.25,9-30-20-35-9 = 0.667,11-40-17-16-41-14-11 = 0.25,9-15-24-21-9 = 1.0,9-25-30-37-9 = 0.333,9-25-12-23-39-9 = 0.333,9-25-20-35-34-9 = 0.333,9-18-27-32-9 = 0.333,9-18-12-23-9 = 0.667,9-39-27-32-34-9 = 0.667
20,17,598.175,6.0,2.247,0.167,57,58,9-37-9 = 0.5,8-19-38-36-8 = 1.0,11-31-13-26-11 = 0.5,11-28-31-26-11 = 0.5,11-28-13-11 = 0.214,11-40-33-29-11 = 0.429,11-22-14-11 = 1.0,11-17-33-29-11 = 0.214,11-16-17-20-35-9 = 0.357,9-30-20-35-9 = 0.429,11-40-28-13-11 = 0.286,9-15-24-21-9 = 1.0,9-25-30-37-9 = 0.5,9-25-20-35-34-9 = 0.214,9-18-12-32-9 = 0.786,9-23-18-27-9 = 0.071,9-39-23-27-32-9 = 0.214,9-39-23-27-34-9 = 0.714,9-25-30-39-34-9 = 0.071,11-41-33-29-11 = 0.357,9-25-12-16-41-11 = 0.214,11-40-17-16-41-11 = 0.286,9-18-17-16-41-11 = 0.143
57,20,598.319,6.75,0.143,0.75,59,60,9-37-9 = 0.75,8-19-38-36-8 = 1.0,11-31-13-26-11 = 0.5,11-28-31-26-11 = 0.5,11-40-33-29-11 = 0.5,11-22-14-11 = 0.875,11-22-16-17-41-11 = 0.125,11-17-33-29-11 = 0.125,11-16-17-20-35-9 = 0.5,9-30-20-35-9 = 0.5,11-40-28-13-11 = 0.5,9-15-24-21-9 = 1.0,9-25-30-37-9 = 0.25,9-25-12-32-34-9 = 0.25,9-18-12-32-9 = 0.5,9-23-18-27-9 = 0.25,9-39-23-27-32-9 = 0.25,9-39-23-27-34-9 = 0.5,9-25-30-39-34-9 = 0.25,11-41-33-29-11 = 0.375,9-25-12-16-41-11 = 0.25,9-18-17-16-41-11 = 0.125,9-18-17-41-14-11 = 0.125
12,6,598.599,6.727,3.415,-0.439,61,62,9-37-9 = 0.939,8-19-38-36-8 = 0.758,8-19-23-27-9 = 0.242,11-31-13-11 = 0.273,11-31-13-26-11 = 0.152,11-28-31-26-11 = 0.576,11-28-13-26-11 = 0.273,11-40-33-29-11 = 0.848,11-22-14-11 = 0.455,11-22-16-41-14-11 = 0.545,11-17-27-33-11 = 0.152,11-12-27-34-9 = 0.03,11-16-17-27-34-9 = 0.273,9-30-20-35-9 = 0.606,11-17-27-32-34-9 = 0.303,11-40-28-13-11 = 0.152,9-25-13-29-11 = 0.152,9-15-24-39-9 = 0.333,9-15-24-21-9 = 0.667,9-25-30-37-9 = 0.061,9-25-30-39-21-9 = 0.333,9-25-12-23-39-9 = 0.061,9-25-20-35-34-9 = 0.394,9-12-18-39-9 = 0.03,9-18-12-32-9 = 0.697,9-23-12-16-41-11 = 0.182,9-23-18-17-41-11 = 0.273,9-39-23-38-36-8 = 0.242
61,12,598.589,6.458,-0.011,-0.269,63,64,9-37-9 = 0.937,8-19-38-36-8 = 0.688,8-19-23-27-9 = 0.313,11-31-13-26-11 = 0.438,11-28-31-26-11 = 0.562,11-28-13-11 = 0.313,11-40-33-29-11 = 0.875,11-22-14-11 = 0.438,11-22-16-41-14-11 = 0.562,11-12-27-34-9 = 0.104,11-16-17-27-34-9 = 0.292,9-30-20-35-9 = 0.687,11-17-27-32-34-9 = 0.292,11-40-28-13-11 = 0.125,9-25-13-29-11 = 0.125,9-15-24-39-9 = 0.25,9-15-24-21-9 = 0.75,9-25-30-37-9 = 0.063,9-25-30-39-21-9 = 0.25,9-25-12-23-39-9 = 0.042,9-25-20-35-34-9 = 0.313,9-18-12-32-9 = 0.708,9-23-18-17-41-11 = 0.208,9-39-23-38-36-8 = 0.313,9-39-23-17-33-11 = 0.125,9-25-12-16-41-11 = 0.125,9-25-18-17-41-11 = 0.083,9-39-12-16-41-11 = 0.021
36,24,598.566,7.615,1.497,0.782,65,66,11-14-11 = 0.423,9-37-9 = 0.462,11-18-27-32-8 = 0.154,11-18-27-34-9 = 0.077,11-18-20-35-9 = 0.154,8-22-16-41-14-11 = 0.577,8-22-19-8 = 0.423,8-19-38-36-8 = 0.577,8-23-12-27-8 = 0.038,11-31-13-26-11 = 0.5,11-28-31-26-11 = 0.5,11-28-13-11 = 0.5,11-40-33-29-11 = 1.0,11-16-17-20-35-9 = 0.346,8-23-18-27-8 = 0.385,9-30-20-35-9 = 0.462,11-17-27-32-34-9 = 0.308,9-15-24-21-9 = 1.0,9-25-30-37-9 = 0.538,9-25-18-23-34-9 = 0.154,9-18-12-32-11 = 0.077,9-39-12-32-34-9 = 0.462,9-25-12-17-41-11 = 0.231,9-39-12-17-41-11 = 0.115,9-39-23-38-36-8 = 0.423,9-25-12-16-41-11 = 0.077,11-27-20-35-9 = 0.038
23,22,598.114,8.167,2.628,3.024,67,68,8-19-8 = 0.472,9-37-9 = 0.472,8-22-14-11 = 0.333,8-22-16-41-14-11 = 0.667,8-19-38-36-8 = 0.528,11-31-13-11 = 0.5,11-28-31-26-11 = 0.5,11-28-13-26-11 = 0.5,11-40-33-29-11 = 1.0,11-12-17-16-41-11 = 0.333,9-30-35-27-9 = 0.056,9-30-18-35-9 = 0.028,11-17-27-32-34-9 = 0.639,9-25-20-35-32-9 = 0.111,9-25-20-35-32-11 = 0.139,9-15-21-37-9 = 0.528,9-15-24-21-9 = 0.472,9-25-20-35-34-9 = 0.361,9-18-27-35-9 = 0.306,9-18-12-32-9 = 0.111,9-18-12-17-11 = 0.028,9-25-30-20-9 = 0.389,9-39-23-38-36-8 = 0.472,11-12-18-23-8 = 0.528,9-30-39-24-9 = 0.528
43,30,598.539,6.667,0.934,1.667,69,70,9-37-9 = 1.0,8-22-19-36-8 = 0.5,8-19-38-36-8 = 0.5,11-31-13-26-11 = 0.5,11-28-31-26-11 = 0.5,11-28-13-11 = 0.5,11-40-33-29-11 = 1.0,11-22-14-11 = 0.25,11-22-16-41-14-11 = 0.25,11-12-17-16-41-11 = 0.5,9-30-20-35-9 = 0.667,9-15-24-39-9 = 0.167,9-15-24-21-9 = 0.833,9-25-30-39-21-9 = 0.167,9-25-35-27-32-9 = 0.167,9-25-18-23-34-9 = 0.333,9-25-20-35-34-9 = 0.167,9-18-27-32-9 = 0.667,9-39-23-27-32-9 = 0.167,9-25-30-20-9 = 0.167,9-39-23-38-34-9 = 0.5,11-12-17-16-14-11 = 0.25,11-12-17-41-14-11 = 0.25
39,37,599.133,7.0,1.744,-1.271,71,72,8-36-8 = 0.167,9-37-9 = 0.333,8-22-14-11 = 0.667,8-22-16-41-14-11 = 0.167,8-22-19-8 = 0.167,8-19-38-36-8 = 0.833,11-31-13-26-11 = 0.5,11-28-31-26-11 = 0.5,11-28-13-11 = 0.5,11-40-33-29-11 = 0.833,11-16-17-20-35-9 = 0.167,11-12-17-16-41-11 = 0.5,11-17-20-35-32-8 = 0.167,9-30-20-35-9 = 0.5,11-40-17-16-41-14-11 = 0.167,9-25-37-9 = 0.167,9-15-24-21-9 = 1.0,9-25-30-37-9 = 0.5,9-25-18-23-34-9 = 0.333,9-39-27-32-34-9 = 0.667,9-39-23-27-32-9 = 0.167,11-41-33-29-11 = 0.167,11-12-18-23-8 = 0.5,9-39-27-38-8 = 0.167,9-18-20-35-9 = 0.167
42,40,598.939,8.5,1.418,0.044,73,74,8-19-8 = 0.25,9-37-9 = 0.5,8-22-14-11 = 0.25,8-22-16-41-14-11 = 0.5,8-22-19-8 = 0.25,8-19-38-36-8 = 0.5,11-31-13-26-11 = 0.5,11-28-31-26-11 = 0.5,11-28-13-11 = 0.5,11-40-33-29-11 = 0.75,11-17-33-29-11 = 0.25,11-12-27-34-9 = 0.25,11-12-17-16-41-11 = 0.25,8-18-27-32-8 = 0.25,9-30-20-35-9 = 0.75,11-17-27-32-34-9 = 0.25,11-40-17-16-41-14-11 = 0.25,9-25-37-9 = 0.25,9-15-24-39-9 = 0.25,9-15-24-21-9 = 0.75,9-21-39-20-35-9 = 0.25,9-25-30-37-9 = 0.25,9-25-18-23-34-9 = 0.5,9-39-23-38-36-8 = 0.5,11-18-12-32-8 = 0.25,11-12-27-32-11 = 0.25
74,42,598.741,7.6,-0.198,-0.9,75,76,8-19-8 = 0.3,9-37-9 = 0.6,8-22-14-11 = 0.2,8-22-16-41-14-11 = 0.6,8-22-19-8 = 0.2,8-19-38-36-8 = 0.5,11-31-13-11 = 0.5,11-28-31-26-11 = 0.5,11-28-13-26-11 = 0.5,11-40-33-29-11 = 1.0,11-12-17-16-41-11 = 0.3,8-18-27-32-8 = 0.2,9-30-20-35-9 = 0.7,11-17-27-32-34-9 = 0.4,9-25-37-9 = 0.1,9-15-24-39-9 = 0.3,9-15-24-21-9 = 0.7,9-21-39-20-35-9 = 0.3,9-25-30-37-9 = 0.3,9-25-18-23-34-9 = 0.6,11-17-27-38-8 = 0.1,9-39-23-38-36-8 = 0.4,11-18-12-32-8 = 0.2,11-12-17-16-14-11 = 0.1,11-12-17-41-14-11 = 0.1,11-12-27-32-11 = 0.2,11-12-27-36-8 = 0.1
67,23,599.125,7.312,1.011,-0.854,77,78,8-19-8 = 0.313,9-37-9 = 0.75,8-22-14-11 = 0.156,8-22-16-41-14-11 = 0.688,8-19-38-36-8 = 0.687,8-22-16-17-41-11 = 0.156,11-31-13-11 = 0.5,11-28-31-26-11 = 0.5,11-28-13-26-11 = 0.5,11-40-33-29-11 = 0.844,11-17-33-29-11 = 0.156,11-12-18-17-11 = 0.188,11-12-18-39-9 = 0.125,9-30-35-27-9 = 0.344,11-17-27-32-34-9 = 0.344,11-40-17-16-41-14-11 = 0.156,9-15-21-37-9 = 0.25,9-15-24-21-9 = 0.75,9-25-20-35-34-9 = 0.625,9-39-23-27-32-9 = 0.156,9-39-23-27-32-11 = 0.156,9-25-30-20-9 = 0.375,9-39-23-38-36-8 = 0.313,11-12-18-23-8 = 0.375,11-18-12-32-8 = 0.313,9-30-35-32-34-9 = 0.031,9-30-39-24-9 = 0.25
10,7,598.757,7.091,3.764,0.924,79,80,8-19-8 = 0.205,9-37-9 = 1.0,8-22-16-41-14-11 = 0.614,8-22-19-8 = 0.386,8-19-38-36-8 = 0.409,8-23-12-17-16-8 = 0.182,11-31-13-26-11 = 0.477,11-28-31-26-11 = 0.318,11-28-31-14-11 = 0.182,11-28-13-26-11 = 0.205,11-40-33-29-11 = 0.5,11-17-33-29-11 = 0.318,8-23-18-27-8 = 0.205,11-31-13-32-9 = 0.023,9-30-20-35-9 = 0.568,11-17-27-32-34-9 = 0.295,11-40-17-16-41-14-11 = 0.205,9-25-20-27-8 = 0.023,9-15-24-21-9 = 1.0,9-25-35-27-34-9 = 0.205,9-25-18-27-9 = 0.114,9-25-20-35-34-9 = 0.227,9-18-12-32-9 = 0.682,9-39-12-27-9 = 0.136,9-39-23-27-34-9 = 0.023,9-25-30-20-9 = 0.182,9-25-30-39-34-9 = 0.25,11-41-33-29-11 = 0.182,9-39-23-38-36-8 = 0.591,11-40-28-13-9 = 0.295
14,11,598.78,7.857,3.341,1.19,81,82,9-37-9 = 0.929,8-19-16-41-14-11 = 0.024,8-22-19-36-8 = 0.476,8-19-38-34-9 = 0.476,8-19-38-36-8 = 0.024,11-31-13-11 = 0.5,11-28-31-26-11 = 0.5,11-28-13-26-11 = 0.5,11-40-33-29-11 = 0.548,11-22-14-11 = 0.357,11-22-16-41-14-11 = 0.167,11-17-33-29-11 = 0.452,11-12-18-39-9 = 0.357,11-16-17-20-35-9 = 0.048,11-18-12-32-9 = 0.119,9-30-20-35-9 = 0.595,11-40-17-16-41-14-11 = 0.452,9-25-20-27-9 = 0.024,9-15-24-21-9 = 1.0,9-25-30-37-9 = 0.071,9-25-35-27-32-9 = 0.048,9-25-35-27-34-9 = 0.31,9-25-12-32-34-9 = 0.214,9-18-27-32-9 = 0.476,9-23-12-16-41-11 = 0.31,9-23-18-17-41-11 = 0.048,9-39-23-27-32-11 = 0.143,9-25-30-20-9 = 0.333,9-39-23-38-36-8 = 0.5
82,14,598.803,8.0,0.023,0.143,83,84,9-37-9 = 1.0,8-22-14-11 = 0.25,8-22-19-36-8 = 0.25,8-19-38-34-9 = 0.5,11-31-13-26-11 = 0.5,11-28-31-26-11 = 0.5,11-28-13-11 = 0.5,11-40-33-29-11 = 0.5,11-22-16-41-14-11 = 0.25,11-17-33-29-11 = 0.5,11-12-18-39-9 = 0.25,11-18-12-32-9 = 0.25,9-30-20-35-9 = 0.5,11-40-17-16-41-14-11 = 0.5,9-15-24-21-9 = 1.0,9-25-35-27-34-9 = 0.5,9-18-27-32-9 = 0.25,9-18-12-32-9 = 0.25,9-23-12-16-41-11 = 0.25,9-39-23-27-32-11 = 0.25,9-25-30-20-9 = 0.5,9-39-23-38-36-8 = 0.5,11-22-19-36-8 = 0.25
41,40,599.295,7.0,1.773,-1.456,85,86,9-37-9 = 0.833,8-22-14-11 = 0.5,8-22-16-41-14-11 = 0.5,8-19-38-36-8 = 1.0,11-31-13-26-11 = 0.5,11-28-31-26-11 = 0.5,11-28-13-11 = 0.5,11-40-33-29-11 = 1.0,11-12-17-16-41-11 = 0.5,11-17-20-35-32-8 = 0.5,9-30-20-35-9 = 0.333,9-15-24-39-9 = 0.333,9-15-24-21-9 = 0.667,9-21-39-20-35-9 = 0.167,9-25-30-37-9 = 0.167,9-25-30-39-21-9 = 0.167,9-25-18-27-9 = 0.333,9-18-27-34-9 = 0.167,9-23-27-32-34-9 = 0.5,9-25-30-39-34-9 = 0.333,11-12-18-23-8 = 0.5
80,10,598.965,7.583,0.208,0.492,87,88,8-19-8 = 0.125,8-36-8 = 0.042,9-37-9 = 1.0,8-22-16-41-14-11 = 0.625,8-22-19-8 = 0.375,8-19-38-36-8 = 0.5,11-31-13-26-11 = 0.5,11-28-31-26-11 = 0.375,11-28-31-14-11 = 0.125,11-28-13-26-11 = 0.125,11-40-33-29-11 = 0.375,11-17-33-29-11 = 0.5,8-23-18-27-8 = 0.333,9-30-20-35-9 = 0.667,11-17-27-32-34-9 = 0.083,11-40-17-16-41-14-11 = 0.25,9-15-24-21-9 = 0.917,9-25-30-39-21-9 = 0.083,9-25-12-32-34-9 = 0.333,9-25-20-35-34-9 = 0.333,9-15-24-9 = 0.083,9-18-12-32-9 = 0.458,9-23-18-27-9 = 0.208,9-39-12-27-9 = 0.208,9-25-30-39-34-9 = 0.25,11-41-33-29-11 = 0.125,11-17-27-38-8 = 0.042,9-39-23-38-36-8 = 0.458,11-40-28-13-9 = 0.375,11-16-17-27-32-8 = 0.125
68,23,599.033,8.5,0.919,0.333,89,90,11-14-11 = 0.45,9-37-9 = 0.4,8-22-14-11 = 0.05,8-22-16-41-14-11 = 0.45,8-22-19-8 = 0.4,8-22-19-36-8 = 0.1,8-19-38-36-8 = 0.5,11-31-13-11 = 0.5,11-28-31-26-11 = 0.5,11-28-13-26-11 = 0.5,11-40-33-29-11 = 0.95,11-17-33-29-11 = 0.05,11-12-17-16-41-11 = 0.5,8-23-18-27-8 = 0.5,9-30-35-27-9 = 0.1,9-30-18-35-9 = 0.1,11-17-27-32-34-9 = 0.4,11-40-17-16-41-14-11 = 0.05,9-25-20-35-32-9 = 0.2,9-15-21-37-9 = 0.6,9-15-24-21-9 = 0.4,9-25-20-35-34-9 = 0.6,9-18-12-32-9 = 0.4,9-25-30-20-9 = 0.2,9-39-23-38-36-8 = 0.4,11-12-23-38-8 = 0.1,9-30-39-24-9 = 0.6
64,61,599.084,7.643,0.495,1.185,91,92,9-37-9 = 0.857,8-19-38-36-8 = 0.571,8-19-23-27-9 = 0.429,11-31-13-11 = 0.357,11-31-13-26-11 = 0.143,11-28-31-26-11 = 0.5,11-28-13-26-11 = 0.357,11-40-33-29-11 = 0.857,11-22-14-11 = 0.571,11-22-16-41-14-11 = 0.429,11-17-33-29-11 = 0.143,11-16-17-27-34-9 = 0.143,9-30-20-35-9 = 0.571,11-17-27-32-34-9 = 0.429,11-40-28-13-11 = 0.143,9-15-24-21-9 = 0.714,9-25-30-37-9 = 0.143,9-25-30-39-21-9 = 0.286,9-25-12-18-9 = 0.143,9-25-20-35-34-9 = 0.429,9-15-24-9 = 0.286,9-18-12-32-9 = 0.571,9-23-18-17-41-11 = 0.143,9-39-23-38-36-8 = 0.429,9-18-17-16-41-11 = 0.143,9-39-12-16-41-11 = 0.286
92,64,599.085,7.75,0.001,0.107,93,94,9-37-9 = 0.875,8-19-38-36-8 = 0.5,8-19-23-27-9 = 0.5,11-31-13-11 = 0.25,11-31-13-26-11 = 0.25,11-28-31-26-11 = 0.5,11-28-13-26-11 = 0.25,11-40-33-29-11 = 0.75,11-22-14-11 = 0.5,11-22-16-41-14-11 = 0.5,11-17-33-29-11 = 0.25,9-30-20-35-9 = 0.625,11-17-27-32-34-9 = 0.5,11-40-28-13-11 = 0.25,9-15-24-21-9 = 0.875,9-25-30-37-9 = 0.125,9-25-30-39-21-9 = 0.125,9-25-12-18-9 = 0.25,9-25-20-35-34-9 = 0.375,9-15-24-9 = 0.125,9-18-12-32-9 = 0.5,9-25-30-39-34-9 = 0.125,9-39-23-38-36-8 = 0.5,9-18-17-16-41-11 = 0.25,9-39-12-16-41-11 = 0.25
45,26,599.631,4.5,1.793,-1.5,95,96,9-37-9 = 0.8,11-18-27-32-9 = 0.2,8-19-38-36-8 = 1.0,11-31-13-26-11 = 0.5,11-28-31-26-11 = 0.5,11-28-13-11 = 0.5,11-40-33-29-11 = 1.0,11-22-14-11 = 0.8,11-22-16-41-14-11 = 0.2,11-16-27-32-34-9 = 0.8,9-30-20-35-9 = 0.8,9-15-24-21-9 = 1.0,9-25-30-37-9 = 0.2,9-25-18-23-39-9 = 0.6,9-25-20-35-34-9 = 0.2,9-18-12-17-11 = 0.2,9-23-12-17-41-11 = 0.4,9-39-12-17-41-11 = 0.4
69,43,599.605,5.333,1.066,-1.333,97,98,9-15-9 = 0.067,9-21-9 = 0.033,9-37-9 = 1.0,8-19-38-36-8 = 1.0,11-31-13-26-11 = 0.333,11-28-31-26-11 = 0.667,11-40-33-29-11 = 0.667,11-22-14-11 = 0.333,11-22-16-41-14-11 = 0.667,11-12-17-16-41-11 = 0.333,11-12-17-32-34-9 = 0.333,9-30-20-35-9 = 0.9,11-40-28-13-11 = 0.333,9-25-13-29-11 = 0.333,9-15-24-21-9 = 0.933,9-25-30-39-21-9 = 0.033,9-25-18-23-34-9 = 0.167,9-25-18-23-39-9 = 0.367,9-25-20-35-34-9 = 0.1,9-18-27-32-9 = 0.133,9-23-18-27-9 = 0.333,9-39-27-32-34-9 = 0.4,9-39-23-27-32-9 = 0.133,11-12-17-33-11 = 0.333,9-30-39-24-9 = 0.067
50,48,599.146,7.0,0.736,1.7,99,100,11-26-11 = 0.5,9-37-9 = 0.5,8-22-19-36-8 = 0.25,8-19-38-36-8 = 0.75,11-31-13-11 = 0.5,11-28-31-26-11 = 0.5,11-40-33-29-11 = 0.25,11-22-16-41-14-11 = 0.75,11-17-33-29-11 = 0.75,9-30-20-35-9 = 0.5,11-40-28-13-11 = 0.5,11-40-17-16-41-14-11 = 0.25,9-15-24-21-9 = 1.0,9-25-30-37-9 = 0.5,9-25-20-35-34-9 = 0.5,9-18-12-32-9 = 0.75,9-23-18-27-9 = 0.25,9-39-12-27-9 = 0.25,9-39-23-27-32-9 = 0.25,9-39-23-27-34-9 = 0.25,9-39-23-38-34-9 = 0.25
99,50,599.172,4.333,0.025,-2.667,101,102,11-26-11 = 0.5,9-37-9 = 0.667,8-19-38-36-8 = 1.0,11-31-13-26-11 = 0.5,11-22-16-41-14-11 = 1.0,11-17-33-29-11 = 1.0,9-30-20-35-9 = 0.667,11-40-28-13-11 = 0.5,11-40-28-31-11 = 0.5,9-15-24-21-9 = 1.0,9-25-30-37-9 = 0.333,9-25-12-27-9 = 0.167,9-25-18-23-39-9 = 0.167,9-25-20-35-34-9 = 0.333,9-18-12-32-9 = 0.833,9-39-23-27-32-9 = 0.167,9-39-23-27-34-9 = 0.667
9,7,599.069,7.667,4.076,1.5,103,104,11-14-11 = 0.167,9-15-9 = 0.333,8-19-8 = 0.667,9-21-9 = 0.167,8-36-8 = 0.167,9-37-9 = 1.0,8-22-14-11 = 0.167,8-22-16-41-14-11 = 0.667,8-22-19-8 = 0.167,8-19-38-36-8 = 0.167,11-31-13-26-11 = 0.5,11-28-31-26-11 = 0.5,11-28-13-11 = 0.5,11-40-33-29-11 = 1.0,11-12-18-39-9 = 0.167,11-12-17-16-41-11 = 0.333,9-30-20-35-9 = 0.5,11-17-27-32-34-9 = 0.5,9-15-24-21-9 = 0.667,9-25-30-39-21-9 = 0.167,9-25-20-35-34-9 = 0.5,9-18-12-32-9 = 0.5,9-23-18-27-9 = 0.333,9-25-30-24-9 = 0.333,11-17-27-38-8 = 0.167,9-39-23-38-36-8 = 0.667
104,9,599.194,6.739,0.126,-0.928,105,106,11-14-11 = 0.043,9-15-9 = 0.261,8-19-8 = 0.913,9-21-9 = 0.043,8-36-8 = 0.293,9-37-9 = 1.0,8-22-14-11 = 0.207,8-22-16-41-14-11 = 0.75,8-22-19-8 = 0.043,8-19-38-36-8 = 0.043,11-31-13-11 = 0.5,11-28-31-26-11 = 0.5,11-28-13-26-11 = 0.5,11-40-33-29-11 = 1.0,11-12-18-39-9 = 0.12,11-12-18-23-9 = 0.065,11-12-27-34-9 = 0.022,11-12-17-16-41-11 = 0.25,9-30-20-35-9 = 0.522,11-17-27-32-34-9 = 0.457,9-15-24-21-9 = 0.739,9-25-30-39-21-9 = 0.217,9-25-18-23-34-9 = 0.043,9-25-20-35-34-9 = 0.478,9-18-12-32-9 = 0.543,9-23-18-27-9 = 0.228,9-25-30-24-9 = 0.261,11-17-27-38-8 = 0.293,9-39-23-38-36-8 = 0.663
102,99,599.433,4.333,0.262,0.0,107,108,11-26-11 = 0.5,9-37-9 = 0.667,8-19-38-36-8 = 1.0,11-31-13-26-11 = 0.5,11-22-16-41-14-11 = 1.0,11-17-33-29-11 = 1.0,9-30-20-35-9 = 0.333,11-40-28-13-11 = 0.5,11-40-28-31-11 = 0.5,9-15-24-21-9 = 1.0,9-25-30-37-9 = 0.333,9-25-20-35-34-9 = 0.333,9-18-12-32-9 = 1.0,9-39-23-27-35-9 = 0.333,9-39-23-27-34-9 = 0.667,9-25-30-20-9 = 0.333
88,80,599.595,6.8,0.631,-0.783,109,110,8-36-8 = 0.1,9-37-9 = 1.0,8-22-16-41-14-11 = 0.4,8-22-19-8 = 0.6,8-19-38-36-8 = 0.4,8-23-12-27-8 = 0.2,11-31-13-26-11 = 0.5,11-28-31-26-11 = 0.3,11-28-31-14-11 = 0.2,11-28-13-26-11 = 0.2,11-40-33-29-11 = 0.7,8-23-18-27-9 = 0.2,11-17-33-29-11 = 0.1,11-16-17-27-34-9 = 0.2,8-23-18-27-8 = 0.1,9-30-20-35-9 = 0.7,11-17-27-32-34-9 = 0.2,9-15-24-39-9 = 0.1,9-15-24-21-9 = 0.9,9-25-30-39-21-9 = 0.1,9-25-20-35-34-9 = 0.3,9-18-12-32-9 = 0.7,9-39-12-32-34-9 = 0.1,9-25-30-39-34-9 = 0.2,11-41-33-29-11 = 0.2,9-25-17-16-41-14-11 = 0.4,11-17-27-38-8 = 0.1,9-39-23-38-36-8 = 0.5,11-40-28-13-9 = 0.3
77,67,599.446,7.333,0.322,0.021,111,112,8-19-8 = 0.1,9-37-9 = 0.733,11-18-27-32-8 = 0.25,8-22-14-11 = 0.5,8-22-16-41-14-11 = 0.25,8-19-38-36-8 = 0.9,8-22-16-17-41-11 = 0.25,11-31-13-11 = 0.5,11-28-31-26-11 = 0.5,11-28-13-26-11 = 0.5,11-40-33-29-11 = 0.75,11-17-33-29-11 = 0.25,11-12-18-39-9 = 0.1,11-12-17-16-41-11 = 0.25,9-30-35-27-9 = 0.217,11-40-17-16-41-14-11 = 0.25,9-15-21-37-9 = 0.267,9-15-24-21-9 = 0.733,9-25-20-35-34-9 = 0.633,9-39-27-32-34-9 = 0.217,9-39-23-27-32-9 = 0.317,9-25-30-20-9 = 0.367,9-39-23-38-36-8 = 0.1,11-12-18-23-8 = 0.583,11-18-12-32-8 = 0.067,9-30-35-32-34-9 = 0.15,9-30-39-24-9 = 0.267
76,74,599.497,7.571,0.756,-0.029,113,114,8-19-8 = 0.429,9-37-9 = 0.714,8-22-14-11 = 0.071,8-22-16-41-14-11 = 0.857,8-19-38-36-8 = 0.571,8-22-16-17-41-11 = 0.071,11-31-13-11 = 0.143,11-31-13-26-11 = 0.357,11-28-31-26-11 = 0.5,11-28-13-26-11 = 0.143,11-40-33-29-11 = 0.571,11-17-33-29-11 = 0.429,9-30-20-35-9 = 0.714,11-17-27-32-34-9 = 0.286,11-40-28-13-11 = 0.357,11-40-17-16-41-14-11 = 0.071,9-25-37-9 = 0.143,9-15-24-39-9 = 0.286,9-15-24-21-9 = 0.714,9-21-39-20-35-9 = 0.286,9-25-30-37-9 = 0.143,9-25-18-23-34-9 = 0.571,9-25-30-39-34-9 = 0.143,11-17-27-38-8 = 0.143,9-39-23-38-36-8 = 0.286,11-12-18-23-8 = 0.143,11-18-12-32-8 = 0.286,11-12-27-32-11 = 0.429,11-12-27-36-8 = 0.143
106,104,599.303,7.913,0.109,1.174,115,116,11-14-11 = 0.348,9-15-9 = 0.254,8-19-8 = 0.638,9-21-9 = 0.014,8-36-8 = 0.181,9-37-9 = 1.0,8-22-14-11 = 0.152,8-22-16-41-11 = 0.167,8-22-16-41-14-11 = 0.5,8-22-19-8 = 0.181,8-19-38-36-8 = 0.181,11-31-13-26-11 = 0.5,11-28-31-26-11 = 0.5,11-28-13-11 = 0.5,11-40-33-29-11 = 1.0,11-12-18-39-9 = 0.123,11-12-18-23-9 = 0.022,11-12-27-34-9 = 0.007,11-12-17-16-41-11 = 0.333,9-30-20-35-9 = 0.507,11-17-27-32-34-9 = 0.486,9-15-24-21-9 = 0.746,9-25-30-39-21-9 = 0.239,9-25-18-23-34-9 = 0.014,9-25-20-35-34-9 = 0.493,9-18-12-32-9 = 0.514,9-23-18-27-9 = 0.326,9-25-30-24-9 = 0.254,11-17-27-38-8 = 0.181,9-39-23-38-36-8 = 0.638
114,76,599.572,7.333,0.075,-0.238,117,118,8-19-8 = 0.31,8-36-8 = 0.024,9-37-9 = 0.714,8-22-14-11 = 0.071,8-22-16-41-14-11 = 0.905,8-22-19-8 = 0.024,8-19-38-36-8 = 0.667,11-31-13-11 = 0.095,11-31-13-26-11 = 0.405,11-28-31-26-11 = 0.5,11-28-13-26-11 = 0.095,11-40-33-29-11 = 0.571,11-17-33-29-11 = 0.429,9-30-20-35-9 = 0.738,11-17-27-32-34-9 = 0.286,11-40-28-13-11 = 0.405,11-40-17-16-41-14-11 = 0.024,9-25-37-9 = 0.286,9-15-24-39-9 = 0.262,9-15-24-21-9 = 0.738,9-21-39-20-35-9 = 0.262,9-25-18-23-34-9 = 0.452,9-23-18-17-41-11 = 0.071,9-25-30-39-34-9 = 0.262,11-17-27-38-8 = 0.119,9-39-23-38-36-8 = 0.214,11-12-18-23-8 = 0.262,11-18-12-32-8 = 0.214,11-12-27-32-11 = 0.429,11-12-27-36-8 = 0.095,11-16-17-27-32-8 = 0.071
107,102,599.454,5.111,0.021,0.778,119,120,11-26-11 = 0.5,9-37-9 = 0.667,8-19-38-36-8 = 1.0,11-31-13-26-11 = 0.5,11-22-16-41-14-11 = 1.0,11-17-33-29-11 = 1.0,9-30-20-35-9 = 0.556,11-40-28-13-11 = 0.5,11-40-28-31-11 = 0.5,9-15-24-39-9 = 0.111,9-15-24-21-9 = 0.889,9-25-30-37-9 = 0.333,9-25-30-39-21-9 = 0.111,9-25-12-27-9 = 0.111,9-25-12-32-34-9 = 0.111,9-25-20-35-34-9 = 0.333,9-18-12-32-9 = 0.778,9-23-18-27-9 = 0.222,9-39-23-27-32-9 = 0.111,9-39-23-27-34-9 = 0.556,9-39-23-20-35-9 = 0.111
120,107,599.518,4.0,0.064,-1.111,121,122,11-26-11 = 0.5,9-37-9 = 0.5,8-19-38-36-8 = 1.0,11-31-13-26-11 = 0.5,11-22-16-41-14-11 = 1.0,11-17-33-29-11 = 1.0,9-30-20-35-9 = 0.5,11-40-28-13-11 = 0.5,11-40-28-31-11 = 0.5,9-25-20-35-9 = 0.5,9-15-24-21-9 = 1.0,9-25-30-37-9 = 0.5,9-18-12-32-9 = 1.0,9-39-23-27-34-9 = 1.0
71,39,599.476,8.0,0.343,1.0,123,124,8-36-8 = 0.25,9-37-9 = 0.25,8-22-14-11 = 0.75,8-22-19-8 = 0.25,8-19-38-36-8 = 0.75,11-31-13-11 = 0.5,11-28-31-26-11 = 0.5,11-28-13-26-11 = 0.5,11-40-33-29-11 = 0.75,11-16-17-20-35-9 = 0.25,11-12-17-16-41-11 = 0.5,9-24-20-35-9 = 0.25,9-30-20-35-9 = 0.5,11-40-17-16-41-14-11 = 0.25,9-15-21-37-9 = 0.25,9-15-24-21-9 = 0.75,9-25-30-37-9 = 0.5,9-25-18-23-34-9 = 0.5,9-39-27-32-34-9 = 0.5,9-39-23-27-32-9 = 0.25,11-41-33-29-11 = 0.25,11-12-18-23-8 = 0.25,11-18-12-32-8 = 0.25,9-39-27-38-8 = 0.25
83,82,599.652,8.0,0.849,0.0,125,126,11-14-11 = 0.5,9-37-9 = 0.5,8-22-19-36-8 = 0.5,8-19-38-34-9 = 0.5,11-31-13-26-11 = 0.5,11-28-31-26-11 = 0.5,11-28-13-11 = 0.5,11-40-33-29-11 = 1.0,11-22-16-41-14-11 = 0.5,11-16-17-20-35-9 = 0.5,9-30-20-35-9 = 0.5,9-15-24-21-9 = 1.0,9-25-30-37-9 = 0.5,9-25-12-27-9 = 0.5,9-18-12-32-9 = 0.5,9-23-18-17-41-11 = 0.5,9-39-27-32-34-9 = 0.5,9-39-23-38-36-8 = 0.5
112,77,599.633,7.5,0.187,0.167,127,128,8-19-8 = 0.042,9-37-9 = 0.875,11-18-27-32-8 = 0.25,8-22-14-11 = 0.25,8-22-16-41-14-11 = 0.5,8-22-19-8 = 0.25,8-19-38-36-8 = 0.708,8-23-27-32-34-9 = 0.25,11-31-13-11 = 0.5,11-28-31-26-11 = 0.5,11-28-13-26-11 = 0.5,11-40-33-29-11 = 0.75,11-17-33-29-11 = 0.25,11-12-18-39-9 = 0.292,11-16-17-27-32-11 = 0.25,9-30-35-27-9 = 0.208,11-40-17-16-41-14-11 = 0.25,9-15-21-37-9 = 0.125,9-15-24-21-9 = 0.875,9-25-20-35-34-9 = 0.542,9-39-23-27-35-9 = 0.042,9-25-30-20-9 = 0.458,9-39-12-17-41-11 = 0.25,9-39-23-38-36-8 = 0.292,11-12-18-23-8 = 0.417,11-18-12-32-8 = 0.042,9-30-35-32-34-9 = 0.208,9-30-39-24-9 = 0.125
86,41,599.591,8.0,0.296,1.0,129,130,8-19-8 = 0.5,9-37-9 = 0.25,8-22-14-11 = 0.625,8-22-16-41-14-11 = 0.375,8-19-38-36-8 = 0.5,11-31-13-26-11 = 0.5,11-28-31-26-11 = 0.5,11-28-13-11 = 0.5,11-40-33-29-11 = 0.875,11-17-20-35-34-9 = 0.25,11-16-17-20-35-9 = 0.125,11-12-17-16-41-11 = 0.5,9-30-20-35-9 = 0.25,11-40-17-20-35-9 = 0.125,9-15-24-39-9 = 0.25,9-15-24-21-9 = 0.75,9-21-39-20-35-9 = 0.25,9-25-30-37-9 = 0.75,9-25-18-27-9 = 0.25,9-18-27-34-9 = 0.25,9-23-27-32-34-9 = 0.5,11-41-33-29-11 = 0.125,9-39-23-38-36-8 = 0.5,11-18-12-32-8 = 0.5
94,92,600.106,6.286,1.02,-1.464,131,132,9-37-9 = 0.929,8-19-16-41-14-11 = 0.286,8-22-19-36-8 = 0.286,8-19-38-36-8 = 0.214,8-19-23-27-9 = 0.214,11-31-13-11 = 0.5,11-28-31-26-11 = 0.5,11-28-13-26-11 = 0.5,11-40-33-29-11 = 1.0,11-22-14-11 = 0.357,11-22-16-41-14-11 = 0.357,11-17-27-38-9 = 0.214,9-30-20-35-9 = 0.929,11-17-27-32-34-9 = 0.571,9-15-21-37-9 = 0.071,9-15-24-21-9 = 0.929,9-25-12-18-9 = 0.429,9-25-12-32-34-9 = 0.286,9-25-18-23-39-9 = 0.214,9-25-20-35-34-9 = 0.071,9-18-12-32-11 = 0.143,9-39-23-38-34-9 = 0.071,9-39-23-38-36-8 = 0.5,9-18-17-16-41-11 = 0.214,9-39-12-16-41-11 = 0.143,9-30-39-24-9 = 0.071
127,112,599.943,7.083,0.31,-0.417,133,134,9-37-9 = 0.917,11-18-27-32-8 = 0.25,8-22-14-11 = 0.25,8-22-16-41-14-11 = 0.5,8-22-19-8 = 0.25,8-19-38-36-8 = 0.75,8-23-12-17-41-11 = 0.25,11-31-13-26-11 = 0.5,11-28-31-26-11 = 0.5,11-28-13-11 = 0.5,11-40-33-29-11 = 0.75,11-17-33-29-11 = 0.25,11-12-18-39-9 = 0.208,11-16-17-27-32-11 = 0.25,11-18-12-32-9 = 0.042,9-30-35-27-9 = 0.292,11-40-17-16-41-14-11 = 0.25,9-15-21-37-9 = 0.083,9-15-24-21-9 = 0.917,9-25-20-35-34-9 = 0.625,9-39-23-27-35-9 = 0.083,9-39-23-27-34-9 = 0.125,9-25-30-20-9 = 0.375,9-39-23-38-36-8 = 0.25,11-12-18-23-8 = 0.042,11-18-12-32-8 = 0.458,9-30-39-24-9 = 0.083,9-30-39-23-34-9 = 0.25
96,45,599.765,5.143,0.134,0.643,135,136,9-37-9 = 0.643,11-18-27-32-9 = 0.214,8-19-38-36-8 = 1.0,11-31-13-11 = 0.5,11-28-31-26-11 = 0.5,11-28-13-26-11 = 0.5,11-40-33-29-11 = 1.0,11-22-14-11 = 0.786,11-22-16-41-14-11 = 0.214,11-16-27-32-34-9 = 0.786,9-24-21-37-9 = 0.071,9-30-20-35-9 = 0.786,9-15-21-37-9 = 0.071,9-15-24-39-9 = 0.071,9-15-24-21-9 = 0.857,9-25-30-37-9 = 0.214,9-25-18-23-39-9 = 0.571,9-25-20-35-34-9 = 0.214,9-18-12-17-11 = 0.214,9-23-12-17-41-11 = 0.429,9-39-12-17-41-11 = 0.357
66,36,599.925,7.6,1.359,-0.015,137,138,11-14-11 = 0.4,9-37-9 = 0.5,11-18-27-32-8 = 0.1,11-18-27-32-11 = 0.1,11-18-27-34-9 = 0.1,11-18-20-35-9 = 0.1,8-22-16-41-14-11 = 0.5,8-22-19-8 = 0.4,8-19-38-36-8 = 0.6,8-23-12-27-8 = 0.4,11-31-13-11 = 0.5,11-28-31-26-11 = 0.5,11-28-13-26-11 = 0.5,11-40-33-29-11 = 1.0,11-22-16-41-14-11 = 0.1,11-16-17-20-35-9 = 0.4,8-23-18-27-8 = 0.1,9-30-20-35-9 = 0.5,11-17-27-32-34-9 = 0.2,9-15-24-21-9 = 1.0,9-25-30-37-9 = 0.5,9-25-18-23-34-9 = 0.1,9-39-12-32-34-9 = 0.6,9-39-23-38-36-8 = 0.4,9-25-18-17-41-11 = 0.4
87,80,599.774,8.371,0.809,0.788,139,140,8-36-8 = 0.3,9-37-9 = 0.743,8-22-16-41-14-11 = 0.429,8-22-19-8 = 0.571,8-19-38-36-8 = 0.429,8-23-12-17-16-8 = 0.1,11-31-13-26-11 = 0.157,11-28-31-26-11 = 0.4,11-28-31-14-11 = 0.1,11-28-13-26-11 = 0.443,11-40-33-29-11 = 0.471,11-17-33-29-11 = 0.429,8-23-12-32-34-9 = 0.171,11-31-13-32-9 = 0.343,9-30-20-35-9 = 0.5,11-40-17-16-41-14-11 = 0.471,9-15-24-21-9 = 1.0,9-25-30-37-9 = 0.257,9-25-20-35-34-9 = 0.5,9-18-27-34-9 = 0.086,9-18-12-32-9 = 0.486,9-23-12-27-9 = 0.029,9-23-18-27-9 = 0.4,9-39-12-27-9 = 0.186,9-25-30-39-34-9 = 0.243,11-41-33-29-11 = 0.1,9-39-23-38-36-8 = 0.271,11-40-28-13-9 = 0.057,11-12-18-23-8 = 0.029,9-39-27-38-8 = 0.3
79,10,600.226,5.756,1.47,-1.335,141,142,8-36-8 = 0.089,9-37-9 = 1.0,8-22-16-41-14-11 = 0.4,8-22-19-8 = 0.6,8-19-38-36-8 = 0.4,8-23-12-17-16-8 = 0.267,11-31-13-9 = 0.044,11-31-13-26-11 = 0.6,11-28-31-26-11 = 0.089,11-28-31-14-11 = 0.267,11-28-13-26-11 = 0.311,11-40-33-29-11 = 0.333,11-17-33-29-11 = 0.111,11-17-33-32-34-9 = 0.289,8-18-12-32-8 = 0.044,11-12-18-34-9 = 0.022,8-23-12-32-34-9 = 0.2,9-30-20-35-9 = 1.0,11-40-28-29-11 = 0.289,11-40-17-16-41-14-11 = 0.333,9-15-24-34-9 = 0.022,9-15-24-21-9 = 0.978,9-21-39-23-38-8 = 0.022,9-25-18-27-9 = 0.933,9-39-12-32-34-9 = 0.467,11-41-33-29-11 = 0.267,9-39-23-38-36-8 = 0.511,11-40-28-13-9 = 0.044,9-25-27-38-8 = 0.067
21,8,600.001,7.65,4.112,-0.165,143,144,8-19-8 = 0.4,8-36-8 = 0.2,9-37-9 = 0.85,8-22-16-41-14-11 = 0.8,8-22-19-8 = 0.2,8-19-38-36-8 = 0.4,8-23-12-27-8 = 0.2,11-31-13-11 = 0.5,11-28-31-26-11 = 0.5,11-28-13-26-11 = 0.5,11-40-33-29-11 = 0.8,11-17-33-29-11 = 0.2,8-18-12-32-8 = 0.6,8-23-18-27-8 = 0.2,9-30-20-35-9 = 0.5,11-17-27-32-34-9 = 0.4,11-40-17-16-41-14-11 = 0.2,9-15-24-39-9 = 0.25,9-15-24-21-9 = 0.75,9-25-30-37-9 = 0.15,9-25-30-39-21-9 = 0.25,9-25-20-35-34-9 = 0.5,9-25-30-39-34-9 = 0.1,11-17-27-38-8 = 0.2,9-39-23-38-36-8 = 0.4,11-12-18-23-8 = 0.2
139,87,599.974,8.792,0.2,0.42,145,146,8-19-8 = 0.219,8-36-8 = 0.281,9-37-9 = 0.573,8-22-16-41-14-11 = 0.5,8-22-19-8 = 0.5,8-19-38-36-8 = 0.281,11-31-13-26-11 = 0.25,11-28-31-26-11 = 0.417,11-28-31-14-11 = 0.083,11-28-13-26-11 = 0.333,11-40-33-29-11 = 0.417,11-17-33-29-11 = 0.5,11-16-17-20-35-9 = 0.083,8-23-12-32-34-9 = 0.219,11-31-13-32-9 = 0.25,9-30-20-35-9 = 0.458,11-40-17-16-41-14-11 = 0.417,9-15-24-21-9 = 1.0,9-25-30-37-9 = 0.427,9-25-20-35-34-9 = 0.458,9-18-27-34-9 = 0.208,9-18-12-32-9 = 0.531,9-23-12-27-9 = 0.083,9-23-18-27-9 = 0.26,9-39-12-27-9 = 0.167,9-25-30-39-34-9 = 0.115,11-41-33-29-11 = 0.083,9-39-23-38-36-8 = 0.437,11-40-28-13-9 = 0.167,9-39-27-38-8 = 0.281
33,32,599.97,6.778,2.475,0.778,147,148,9-37-9 = 0.611,8-19-38-36-8 = 1.0,11-31-13-26-11 = 0.5,11-28-31-26-11 = 0.5,11-28-13-11 = 0.5,11-40-33-29-11 = 0.667,11-22-14-11 = 0.333,11-22-16-17-41-11 = 0.333,11-22-16-41-14-11 = 0.333,11-17-33-29-11 = 0.333,11-12-23-39-21-9 = 0.167,9-30-20-35-9 = 0.389,11-40-17-16-41-14-11 = 0.333,9-21-39-20-35-9 = 0.611,9-25-30-37-9 = 0.389,9-25-30-39-21-9 = 0.222,9-25-18-27-9 = 0.389,9-15-24-9 = 1.0,9-18-27-32-9 = 0.111,9-18-27-32-11 = 0.167,9-18-27-34-9 = 0.278,9-18-12-23-9 = 0.056,9-23-12-27-9 = 0.056,9-23-12-32-34-9 = 0.722
148,33,600.08,7.0,0.11,0.222,149,150,9-37-9 = 0.5,8-19-38-36-8 = 1.0,11-31-13-11 = 0.5,11-28-31-26-11 = 0.5,11-28-13-26-11 = 0.5,11-40-33-29-11 = 0.667,11-22-14-11 = 0.5,11-22-16-17-41-11 = 0.333,11-22-16-41-14-11 = 0.167,11-17-33-29-11 = 0.167,11-16-17-20-35-9 = 0.167,9-30-20-35-9 = 0.167,11-40-17-16-41-14-11 = 0.333,9-21-39-20-35-9 = 0.667,9-25-30-37-9 = 0.5,9-25-30-39-21-9 = 0.333,9-25-18-27-9 = 0.167,9-15-24-9 = 1.0,9-18-27-32-9 = 0.167,9-18-27-32-11 = 0.167,9-18-27-34-9 = 0.333,9-18-12-23-9 = 0.167,9-23-12-27-9 = 0.167,9-23-12-32-34-9 = 0.667,11-41-33-29-11 = 0.167
115,106,600.327,6.902,1.023,-1.011,151,152,11-14-11 = 0.476,9-15-9 = 0.085,8-19-8 = 0.805,9-21-9 = 0.073,8-36-8 = 0.098,9-37-9 = 1.0,8-22-16-41-11 = 0.098,8-22-16-41-14-11 = 0.524,8-22-19-8 = 0.098,8-19-38-36-8 = 0.098,8-22-16-17-41-11 = 0.28,11-31-13-11 = 0.5,11-28-31-26-11 = 0.5,11-28-13-26-11 = 0.5,11-40-33-29-11 = 0.951,11-12-18-39-9 = 0.183,11-12-18-23-9 = 0.195,11-16-17-27-34-9 = 0.049,9-30-20-35-9 = 0.5,11-17-27-32-34-9 = 0.451,9-15-24-21-9 = 0.915,9-25-30-39-21-9 = 0.012,9-25-35-27-34-9 = 0.402,9-25-20-35-34-9 = 0.098,9-18-12-32-9 = 0.549,9-18-12-17-11 = 0.073,9-25-30-20-9 = 0.402,9-25-30-24-9 = 0.085,11-41-33-29-11 = 0.049,11-17-27-38-8 = 0.098,9-39-23-38-36-8 = 0.805,11-40-17-16-41-11 = 0.049
98,69,600.093,5.741,0.487,0.407,153,154,9-15-9 = 0.111,9-37-9 = 1.0,8-19-38-36-8 = 1.0,11-31-13-26-11 = 0.333,11-28-31-26-11 = 0.667,11-40-33-29-11 = 0.667,11-22-14-11 = 0.333,11-22-16-41-14-11 = 0.667,11-12-17-16-41-11 = 0.333,11-12-17-32-34-9 = 0.333,9-30-20-35-9 = 0.815,9-30-18-39-9 = 0.074,11-40-28-13-11 = 0.333,9-25-13-29-11 = 0.333,9-15-24-39-9 = 0.074,9-15-24-21-9 = 0.815,9-21-39-20-35-9 = 0.185,9-25-18-27-9 = 0.185,9-25-18-23-34-9 = 0.481,9-18-27-32-9 = 0.111,9-23-18-27-9 = 0.148,9-39-27-32-34-9 = 0.185,9-39-23-27-32-9 = 0.37,11-12-17-33-11 = 0.333,9-30-39-24-9 = 0.111
146,139,600.264,8.5,0.29,-0.292,155,156,8-19-8 = 0.125,8-36-8 = 0.375,9-37-9 = 0.542,8-22-16-41-14-11 = 0.5,8-22-19-8 = 0.5,8-19-38-36-8 = 0.375,11-31-13-26-11 = 0.5,11-28-31-26-11 = 0.333,11-28-31-14-11 = 0.167,11-28-13-26-11 = 0.167,11-40-33-29-11 = 0.333,11-17-33-29-11 = 0.5,11-16-17-20-35-9 = 0.167,8-23-12-32-34-9 = 0.125,9-30-20-35-9 = 0.5,11-40-17-16-41-14-11 = 0.333,9-15-24-21-9 = 1.0,9-25-30-37-9 = 0.458,9-25-12-32-34-9 = 0.167,9-25-20-35-34-9 = 0.333,9-18-12-32-9 = 0.708,9-23-18-27-9 = 0.292,9-39-23-27-34-9 = 0.333,9-25-30-39-34-9 = 0.042,11-41-33-29-11 = 0.167,9-39-23-38-36-8 = 0.25,11-40-28-13-9 = 0.333,9-39-27-38-8 = 0.375
149,148,600.358,6.167,0.278,-0.833,157,158,11-14-11 = 0.25,9-37-9 = 0.333,8-19-38-36-8 = 1.0,11-31-13-11 = 0.5,11-28-31-26-11 = 0.5,11-28-13-26-11 = 0.5,11-40-33-29-11 = 0.75,11-22-14-11 = 0.25,11-22-16-17-41-11 = 0.5,11-22-16-41-14-11 = 0.25,11-17-33-29-11 = 0.25,9-30-20-35-9 = 0.167,11-40-17-16-41-14-11 = 0.25,9-21-39-20-35-9 = 0.833,9-25-30-37-9 = 0.667,9-25-30-39-21-9 = 0.167,9-25-18-27-9 = 0.167,9-15-24-9 = 1.0,9-18-27-32-9 = 0.333,9-18-27-34-9 = 0.333,9-18-12-23-9 = 0.167,9-23-12-27-9 = 0.167,9-23-12-32-34-9 = 0.667
133,127,600.268,7.0,0.325,-0.083,159,160,9-37-9 = 1.0,11-18-27-32-8 = 0.5,8-22-14-11 = 0.5,8-22-16-41-14-11 = 0.5,8-19-38-36-8 = 1.0,11-31-13-26-11 = 0.5,11-28-31-26-11 = 0.5,11-40-33-29-11 = 0.5,11-17-33-29-11 = 0.5,11-12-17-16-41-11 = 0.5,11-40-28-13-11 = 0.5,9-15-24-21-9 = 1.0,9-25-20-35-34-9 = 0.5,9-39-23-27-35-9 = 0.5,9-25-30-20-9 = 0.5,11-18-12-32-8 = 0.5,9-30-39-23-34-9 = 0.5
3,2,600.116,7.0,6.022,0.5,161,162,9-15-9 = 0.438,9-21-9 = 0.438,9-37-9 = 1.0,8-22-19-36-8 = 0.25,8-19-38-36-8 = 0.75,11-31-13-26-11 = 0.5,11-28-31-26-11 = 0.5,11-40-33-29-11 = 0.25,11-22-16-41-14-11 = 0.75,11-17-33-29-11 = 0.75,9-30-20-35-9 = 0.5,11-40-28-13-11 = 0.5,11-40-17-16-41-14-11 = 0.25,9-25-20-35-9 = 0.438,9-15-24-21-9 = 0.562,9-25-35-27-34-9 = 0.062,9-18-12-32-9 = 0.875,9-23-12-27-9 = 0.062,9-23-18-27-9 = 0.125,9-39-27-32-34-9 = 0.125,9-39-12-27-9 = 0.062,9-39-23-27-34-9 = 0.562,9-25-30-20-9 = 0.062,9-25-30-24-9 = 0.438,9-39-23-38-34-9 = 0.25
142,79,600.252,5.92,0.026,0.164,163,164,8-36-8 = 0.08,9-37-9 = 1.0,8-22-16-41-14-11 = 0.4,8-22-19-8 = 0.6,8-19-38-36-8 = 0.4,8-23-12-17-16-8 = 0.2,11-31-13-26-11 = 0.6,11-28-31-26-11 = 0.16,11-28-31-14-11 = 0.24,11-28-29-11 = 0.08,11-28-13-26-11 = 0.24,11-40-33-29-11 = 0.16,11-17-33-29-11 = 0.4,8-18-12-32-8 = 0.08,8-23-12-32-34-9 = 0.24,9-30-20-35-9 = 0.96,11-40-28-29-11 = 0.12,11-40-17-16-41-14-11 = 0.36,9-25-20-27-8 = 0.04,9-15-24-21-9 = 1.0,9-25-35-27-34-9 = 0.04,9-25-18-27-9 = 0.88,9-39-12-32-34-9 = 0.48,11-41-33-29-11 = 0.24,9-39-23-38-36-8 = 0.48,11-40-28-13-9 = 0.16,11-40-33-32-34-9 = 0.2,9-25-27-38-8 = 0.04,9-30-39-23-34-9 = 0.04,11-16-17-38-36-8 = 0.04,9-18-23-38-8 = 0.04
163,142,599.348,7.0,-0.904,1.08,165,166,9-37-9 = 1.0,8-22-16-41-14-11 = 0.5,8-22-19-8 = 0.5,8-19-38-36-8 = 0.5,11-31-13-9 = 0.5,11-28-31-26-11 = 0.5,11-28-13-26-11 = 0.5,11-40-33-29-11 = 0.5,11-17-33-29-11 = 0.5,8-23-12-32-34-9 = 0.5,9-30-20-35-9 = 1.0,11-40-17-16-41-14-11 = 0.5,9-15-24-21-9 = 1.0,9-25-18-27-9 = 0.5,9-39-12-32-34-9 = 0.5,9-39-23-38-36-8 = 0.5,9-25-18-27-8 = 0.5
144,21,600.182,8.259,0.181,0.609,167,168,8-19-8 = 0.167,8-36-8 = 0.167,9-37-9 = 0.704,8-22-16-41-14-11 = 0.778,8-22-19-8 = 0.222,8-19-38-36-8 = 0.611,8-23-12-27-8 = 0.167,11-31-13-11 = 0.5,11-28-31-26-11 = 0.5,11-28-13-26-11 = 0.5,11-40-33-29-11 = 0.778,11-17-33-29-11 = 0.222,8-18-12-32-8 = 0.5,8-23-18-27-8 = 0.278,8-23-12-32-34-8 = 0.111,9-24-21-37-9 = 0.074,9-30-20-35-9 = 0.5,11-17-27-32-34-9 = 0.222,11-40-17-16-41-14-11 = 0.222,9-15-21-37-9 = 0.074,9-15-24-39-9 = 0.426,9-15-24-21-9 = 0.5,9-25-30-37-9 = 0.148,9-25-30-39-21-9 = 0.352,9-25-20-35-34-9 = 0.5,11-17-27-38-8 = 0.167,9-39-23-38-36-8 = 0.222,11-12-18-23-8 = 0.222,11-17-27-32-34-8 = 0.167
89,68,600.245,8.864,1.212,0.364,169,170,11-14-11 = 0.205,9-37-9 = 0.455,8-22-14-11 = 0.341,8-22-16-41-14-11 = 0.114,8-22-19-8 = 0.455,8-19-38-36-8 = 0.545,11-31-13-11 = 0.5,11-28-31-26-11 = 0.5,11-28-13-26-11 = 0.5,11-40-33-29-11 = 0.75,11-22-14-11 = 0.091,11-17-33-29-11 = 0.25,11-12-27-32-9 = 0.182,11-41-27-32-34-9 = 0.136,11-16-27-32-34-9 = 0.136,11-12-17-16-41-11 = 0.5,8-23-18-27-8 = 0.545,9-30-18-35-9 = 0.136,11-40-17-16-41-14-11 = 0.25,9-25-20-35-32-9 = 0.136,9-15-21-37-9 = 0.545,9-15-24-21-9 = 0.455,9-25-20-35-34-9 = 0.636,9-18-12-32-9 = 0.318,9-25-30-20-9 = 0.227,9-39-23-38-36-8 = 0.455,9-30-35-32-34-9 = 0.091,9-30-39-24-9 = 0.545
170,89,599.714,9.0,-0.531,0.136,171,172,11-14-11 = 0.25,9-37-9 = 0.5,8-22-14-11 = 0.25,8-22-16-41-14-11 = 0.25,8-22-19-8 = 0.5,8-19-38-36-8 = 0.5,11-31-13-26-11 = 0.5,11-28-31-26-11 = 0.5,11-28-13-11 = 0.5,11-40-33-29-11 = 0.75,8-23-18-27-9 = 0.25,11-17-33-29-11 = 0.25,11-12-17-16-41-11 = 0.5,8-23-18-32-34-9 = 0.25,9-30-18-35-9 = 0.25,11-40-17-16-41-14-11 = 0.25,9-15-21-37-9 = 0.5,9-15-24-21-9 = 0.5,9-25-20-35-34-9 = 0.75,9-18-27-32-9 = 0.25,9-25-30-20-9 = 0.25,9-39-23-38-36-8 = 0.5,9-30-39-24-9 = 0.5,11-12-27-32-8 = 0.5
160,133,600.391,6.722,0.123,-0.278,173,174,11-14-11 = 0.028,9-37-9 = 0.889,11-18-27-32-8 = 0.222,8-22-14-11 = 0.361,8-22-16-41-14-11 = 0.361,8-19-38-36-8 = 1.0,8-22-16-17-41-11 = 0.278,11-31-13-26-11 = 0.5,11-28-31-26-11 = 0.5,11-28-13-11 = 0.5,11-40-33-29-11 = 0.75,11-17-33-29-11 = 0.25,11-12-18-23-9 = 0.222,11-16-17-27-32-11 = 0.111,11-40-17-16-41-14-11 = 0.25,9-15-21-37-9 = 0.111,9-15-24-21-9 = 0.889,9-25-20-35-34-9 = 0.556,9-39-23-27-35-9 = 0.333,9-39-23-27-34-9 = 0.111,9-25-30-20-9 = 0.444,9-39-12-17-41-11 = 0.111,11-18-12-32-8 = 0.556,9-30-39-24-9 = 0.111,9-30-39-23-34-9 = 0.333,11-12-27-32-8 = 0.111,9-30-35-27-8 = 0.111
152,115,600.378,6.857,0.051,-0.045,175,176,11-14-11 = 0.346,9-15-9 = 0.159,8-19-8 = 0.78,9-21-9 = 0.082,8-36-8 = 0.11,9-37-9 = 1.0,8-22-16-41-11 = 0.236,8-22-16-41-14-11 = 0.654,8-22-19-8 = 0.11,8-19-38-36-8 = 0.11,11-31-13-11 = 0.5,11-28-31-26-11 = 0.5,11-28-13-26-11 = 0.5,11-40-33-29-11 = 0.945,11-12-18-39-9 = 0.143,11-12-18-23-9 = 0.22,11-16-17-27-34-9 = 0.055,9-30-20-35-9 = 0.5,11-17-27-32-34-9 = 0.571,9-25-20-35-9 = 0.126,9-15-24-21-9 = 0.841,9-25-30-39-21-9 = 0.077,9-25-35-27-34-9 = 0.264,9-25-20-35-34-9 = 0.11,9-18-12-32-9 = 0.429,9-18-12-17-11 = 0.209,9-25-30-20-9 = 0.264,9-25-30-24-9 = 0.159,11-41-33-29-11 = 0.055,11-17-27-38-8 = 0.11,9-39-23-38-36-8 = 0.78,11-40-17-16-41-11 = 0.055
176,152,600.844,3.0,0.467,-3.857,177,178,11-14-11 = 0.5,8-19-8 = 1.0,9-37-9 = 1.0,8-22-16-41-11 = 0.5,8-22-16-41-14-11 = 0.5,11-31-13-26-11 = 0.5,11-28-31-26-11 = 0.5,11-28-13-11 = 0.5,11-40-33-29-11 = 1.0,9-30-20-35-9 = 1.0,11-17-27-32-34-9 = 1.0,9-15-24-21-9 = 1.0,9-25-12-18-9 = 1.0,9-39-23-38-36-8 = 1.0
59,57,600.668,5.083,2.35,-1.667,179,180,9-37-9 = 0.667,8-19-38-36-8 = 1.0,11-31-13-11 = 0.5,11-28-31-26-11 = 0.5,11-28-13-26-11 = 0.5,11-40-33-29-11 = 0.25,11-22-14-11 = 1.0,11-17-33-29-11 = 0.25,9-30-20-35-9 = 0.667,9-15-24-21-9 = 1.0,9-25-30-37-9 = 0.333,9-25-12-27-9 = 0.167,9-25-18-23-39-9 = 0.167,9-25-20-35-34-9 = 0.333,9-18-12-32-9 = 0.833,9-39-23-27-32-9 = 0.167,9-39-23-27-34-9 = 0.667,11-41-33-29-11 = 0.25,11-40-17-16-41-11 = 0.75,11-16-33-29-11 = 0.25
155,146,600.424,8.583,0.16,0.083,181,182,8-19-8 = 0.125,8-36-8 = 0.375,9-37-9 = 0.542,8-22-16-41-14-11 = 0.5,8-22-19-8 = 0.5,8-19-38-36-8 = 0.375,8-23-12-18-9 = 0.125,11-31-13-26-11 = 0.375,11-28-31-26-11 = 0.375,11-28-31-14-11 = 0.125,11-28-13-26-11 = 0.25,11-40-33-29-11 = 0.375,11-17-33-29-11 = 0.5,11-16-17-20-35-9 = 0.125,11-31-13-32-9 = 0.125,9-30-20-35-9 = 0.542,11-40-17-16-41-14-11 = 0.375,9-15-24-21-9 = 1.0,9-25-30-37-9 = 0.458,9-25-12-32-34-9 = 0.208,9-25-20-35-34-9 = 0.333,9-18-27-34-9 = 0.042,9-18-12-32-9 = 0.625,9-23-12-32-34-9 = 0.042,9-23-18-27-9 = 0.208,9-39-23-27-34-9 = 0.375,11-41-33-29-11 = 0.125,9-39-23-38-36-8 = 0.25,11-40-28-13-9 = 0.25,9-39-27-38-8 = 0.375
182,155,600.779,6.5,0.355,-2.083,183,184,9-37-9 = 1.0,8-22-16-41-14-11 = 0.75,8-22-19-8 = 0.25,8-19-38-36-8 = 0.75,11-31-13-26-11 = 0.5,11-28-31-26-11 = 0.5,11-28-13-9 = 0.5,11-40-33-29-11 = 0.5,8-12-18-39-9 = 0.25,11-17-33-29-11 = 0.5,9-30-20-35-9 = 0.75,11-40-17-20-35-9 = 0.25,11-40-17-16-41-14-11 = 0.25,9-15-24-21-9 = 0.75,9-25-30-39-21-9 = 0.25,9-25-12-32-34-9 = 0.75,9-15-24-9 = 0.25,9-18-27-34-9 = 0.25,9-39-23-38-36-8 = 0.25,9-39-23-27-32-8 = 0.25,9-23-18-27-8 = 0.5
171,170,600.61,8.125,0.896,-0.875,185,186,11-14-11 = 0.5,9-37-9 = 0.375,8-22-19-8 = 0.375,8-19-38-36-8 = 0.625,8-22-16-17-41-11 = 0.375,11-31-13-26-11 = 0.5,11-28-31-26-11 = 0.5,11-28-13-11 = 0.5,11-40-33-29-11 = 0.75,8-23-18-27-9 = 0.313,11-22-16-41-14-11 = 0.25,11-17-33-29-11 = 0.25,11-12-17-16-41-11 = 0.125,8-23-12-32-34-9 = 0.062,8-23-18-27-8 = 0.25,9-30-35-27-9 = 0.062,11-40-17-16-41-14-11 = 0.25,9-15-21-37-9 = 0.625,9-15-24-21-9 = 0.375,9-25-20-35-34-9 = 0.812,9-18-12-32-9 = 0.437,9-25-30-20-9 = 0.188,9-39-23-38-36-8 = 0.375,9-30-35-32-34-9 = 0.125,9-30-39-24-9 = 0.625,11-12-27-32-8 = 0.375
138,66,600.422,8.222,0.497,0.622,187,188,11-14-11 = 0.5,9-37-9 = 0.333,11-18-20-35-9 = 0.222,8-22-16-41-11 = 0.056,8-22-16-41-14-11 = 0.5,8-22-19-8 = 0.444,8-19-38-36-8 = 0.556,8-23-12-27-8 = 0.444,11-31-13-11 = 0.5,11-28-31-26-11 = 0.5,11-28-13-26-11 = 0.5,11-40-33-29-11 = 1.0,11-16-17-20-35-9 = 0.222,9-24-21-37-9 = 0.111,9-30-20-35-9 = 0.556,11-17-27-32-34-9 = 0.444,9-15-21-37-9 = 0.111,9-15-24-39-9 = 0.111,9-15-24-21-9 = 0.778,9-25-30-37-9 = 0.444,9-25-18-23-34-9 = 0.111,9-12-18-39-9 = 0.111,9-18-12-32-9 = 0.111,9-39-12-32-34-9 = 0.333,9-39-23-38-36-8 = 0.444,9-25-18-17-41-11 = 0.222,9-25-18-16-41-11 = 0.222,11-17-27-32-34-8 = 0.111
187,138,599.594,8.133,-0.828,-0.089,189,190,11-14-11 = 0.522,9-37-9 = 0.289,8-22-16-41-11 = 0.144,8-22-16-41-14-11 = 0.478,8-22-19-8 = 0.222,8-19-38-36-8 = 0.778,8-23-12-27-8 = 0.378,11-31-13-26-11 = 0.5,11-28-31-26-11 = 0.5,11-28-13-11 = 0.5,11-40-33-29-11 = 0.978,11-16-17-20-35-9 = 0.2,9-24-21-37-9 = 0.133,9-30-20-35-9 = 0.556,11-17-27-32-34-9 = 0.6,9-15-21-37-9 = 0.133,9-15-24-39-9 = 0.378,9-15-24-21-9 = 0.489,9-21-39-20-35-9 = 0.244,9-25-30-37-9 = 0.444,9-25-12-23-34-9 = 0.089,9-25-18-23-34-9 = 0.289,9-12-18-39-9 = 0.133,9-39-23-27-34-9 = 0.022,11-41-33-29-11 = 0.022,9-39-23-38-36-8 = 0.222,9-25-18-17-41-11 = 0.178,11-40-17-16-41-11 = 0.022,11-22-16-41-11 = 0.156,9-18-12-32-8 = 0.4
189,187,600.072,8.0,0.478,-0.133,191,192,11-14-11 = 0.5,9-37-9 = 0.5,8-22-16-41-14-11 = 0.5,8-19-38-36-8 = 1.0,8-23-12-27-8 = 0.5,11-31-13-26-11 = 0.5,11-28-31-26-11 = 0.5,11-28-13-11 = 0.5,11-40-33-29-11 = 1.0,11-22-16-17-41-11 = 0.5,9-30-20-35-9 = 0.5,11-17-27-32-34-9 = 0.5,9-15-24-39-9 = 0.5,9-15-24-21-9 = 0.5,9-21-39-20-35-9 = 0.5,9-25-30-37-9 = 0.5,9-25-18-23-34-9 = 0.5,9-18-12-32-8 = 0.5
192,189,600.472,7.667,0.4,-0.333,193,194,11-14-11 = 0.5,9-37-9 = 0.333,8-22-16-41-11 = 0.5,8-22-16-41-14-11 = 0.167,8-19-38-36-8 = 1.0,8-23-12-27-8 = 0.333,11-31-13-26-11 = 0.5,11-28-31-26-11 = 0.5,11-28-13-11 = 0.5,11-40-33-29-11 = 0.667,11-22-16-41-14-11 = 0.333,11-17-33-29-11 = 0.333,9-30-20-35-9 = 0.333,11-17-27-32-34-9 = 0.333,11-40-17-20-35-9 = 0.333,9-15-24-39-9 = 0.333,9-15-24-21-9 = 0.667,9-21-39-20-35-9 = 0.333,9-25-30-37-9 = 0.667,9-25-18-23-34-9 = 0.333,9-39-23-27-34-9 = 0.333,9-18-12-32-8 = 0.667
190,187,601.231,3.0,1.637,-5.133,195,196,11-41-11 = 0.5,8-22-14-11 = 1.0,8-19-38-36-8 = 1.0,11-31-13-26-11 = 0.5,11-28-31-26-11 = 0.5,11-40-33-29-11 = 0.5,11-16-17-20-35-9 = 1.0,11-40-28-13-11 = 0.5,9-15-24-21-9 = 1.0,9-25-30-37-9 = 1.0,9-39-23-27-34-9 = 1.0,11-41-33-29-11 = 0.5,9-18-12-32-8 = 1.0
109,88,600.439,7.32,0.844,0.52,197,198,8-19-8 = 0.16,9-37-9 = 1.0,8-22-16-41-14-11 = 0.48,8-22-19-8 = 0.52,8-19-38-36-8 = 0.32,8-12-27-34-9 = 0.025,8-23-12-27-9 = 0.175,11-31-13-26-11 = 0.4,11-28-31-26-11 = 0.27,11-28-31-14-11 = 0.33,11-28-13-26-11 = 0.33,11-40-33-29-11 = 0.46,8-23-18-27-9 = 0.2,11-17-33-29-11 = 0.01,8-18-12-32-8 = 0.12,11-16-17-27-34-9 = 0.13,9-30-20-35-9 = 0.695,11-40-17-27-34-9 = 0.47,9-25-13-29-11 = 0.2,9-15-24-39-9 = 0.125,9-15-24-21-9 = 0.82,9-25-30-39-21-9 = 0.18,9-25-20-35-34-9 = 0.305,9-18-12-32-9 = 0.68,9-25-30-39-34-9 = 0.07,9-25-30-24-9 = 0.055,11-41-33-29-11 = 0.33,9-25-17-16-41-14-11 = 0.19,9-15-38-36-8 = 0.055,9-39-23-38-36-8 = 0.625,11-40-28-13-9 = 0.07,11-16-17-33-32-8 = 0.2
198,109,599.69,7.739,-0.749,0.419,199,200,8-19-8 = 0.13,9-37-9 = 1.0,8-22-16-41-14-11 = 0.565,8-22-19-8 = 0.435,8-19-38-36-8 = 0.435,8-23-12-27-9 = 0.217,11-31-13-26-11 = 0.5,11-28-31-26-11 = 0.304,11-28-31-14-11 = 0.196,11-28-13-26-11 = 0.196,11-40-33-29-11 = 0.609,8-23-18-27-9 = 0.217,11-17-33-29-11 = 0.196,11-16-17-27-34-9 = 0.196,9-30-20-35-9 = 0.652,11-17-27-32-34-9 = 0.217,11-40-17-27-34-9 = 0.152,11-40-17-16-41-14-11 = 0.239,9-15-24-39-9 = 0.087,9-15-24-21-9 = 0.739,9-25-30-39-21-9 = 0.261,9-25-20-35-34-9 = 0.348,9-15-24-9 = 0.174,9-18-12-32-9 = 0.348,9-25-30-39-34-9 = 0.087,11-41-33-29-11 = 0.196,9-39-23-38-36-8 = 0.565,9-25-28-13-9 = 0.304,9-18-12-32-8 = 0.435
199,198,600.43,7.5,0.74,-0.239,201,202,8-19-8 = 0.125,9-37-9 = 1.0,8-22-16-41-14-11 = 0.562,8-22-19-8 = 0.438,8-19-38-36-8 = 0.438,8-23-12-27-9 = 0.219,11-31-13-26-11 = 0.281,11-28-31-26-11 = 0.469,11-28-31-14-11 = 0.25,11-28-13-26-11 = 0.25,11-40-33-29-11 = 0.313,8-23-18-27-9 = 0.219,11-17-33-32-34-9 = 0.25,11-16-17-27-34-9 = 0.25,9-30-20-35-9 = 0.812,11-40-17-27-34-9 = 0.312,11-40-17-16-41-14-11 = 0.188,9-25-13-29-11 = 0.437,9-25-20-35-9 = 0.188,9-15-24-39-9 = 0.188,9-15-24-21-9 = 0.812,9-25-30-39-21-9 = 0.187,9-25-12-18-9 = 0.156,9-12-18-39-9 = 0.063,9-18-12-32-9 = 0.125,11-41-33-29-11 = 0.25,9-39-23-38-36-8 = 0.562,11-40-33-32-34-9 = 0.188,9-25-28-13-9 = 0.031,9-18-12-32-8 = 0.437
200,198,600.495,7.208,0.806,-0.531,203,204,9-15-9 = 0.062,8-19-8 = 0.021,9-21-9 = 0.021,9-37-9 = 1.0,8-22-16-41-14-11 = 0.333,8-22-19-8 = 0.667,8-19-38-36-8 = 0.313,8-12-27-34-9 = 0.333,11-31-13-26-11 = 0.5,11-28-31-26-11 = 0.25,11-28-31-14-11 = 0.25,11-28-13-26-11 = 0.25,11-40-33-29-11 = 0.5,8-23-18-27-9 = 0.333,11-17-33-29-11 = 0.25,11-16-17-27-32-9 = 0.25,9-30-20-35-9 = 0.625,11-40-17-27-32-9 = 0.083,11-40-17-16-41-14-11 = 0.417,9-15-24-21-9 = 0.938,9-25-30-39-21-9 = 0.042,9-25-20-35-34-9 = 0.375,9-18-12-32-9 = 0.354,9-25-30-39-34-9 = 0.292,9-25-30-24-9 = 0.042,11-41-33-29-11 = 0.25,9-39-23-38-36-8 = 0.667,9-24-38-36-8 = 0.021,9-25-28-13-9 = 0.25,9-18-12-32-8 = 0.313
193,192,600.601,7.418,0.129,-0.249,205,206,11-14-11 = 0.5,9-37-9 = 0.297,8-22-16-41-11 = 0.39,8-22-16-41-14-11 = 0.5,8-19-16-41-11 = 0.11,8-19-38-36-8 = 0.78,8-23-12-27-8 = 0.22,11-31-13-26-11 = 0.5,11-28-31-26-11 = 0.5,11-28-13-11 = 0.5,11-40-33-29-11 = 0.89,11-17-33-29-11 = 0.11,11-17-20-35-34-9 = 0.385,11-17-27-20-9 = 0.066,9-24-21-37-9 = 0.055,9-30-20-35-9 = 0.407,11-17-27-32-34-9 = 0.33,11-40-17-20-35-9 = 0.11,9-15-21-37-9 = 0.055,9-15-24-39-9 = 0.088,9-15-24-21-9 = 0.857,9-21-39-20-35-9 = 0.033,9-25-30-37-9 = 0.593,9-25-35-27-34-9 = 0.066,9-25-12-23-39-9 = 0.011,9-25-18-23-39-9 = 0.33,9-39-12-27-9 = 0.099,9-39-23-27-34-9 = 0.22,9-39-23-38-36-8 = 0.22,11-22-19-8 = 0.11,9-18-12-32-8 = 0.67
205,193,599.542,6.444,-1.059,-0.973,207,208,11-14-11 = 0.5,9-37-9 = 0.333,8-22-16-41-11 = 0.5,8-22-16-41-14-11 = 0.5,8-19-38-36-8 = 1.0,11-31-13-11 = 0.5,11-28-31-26-11 = 0.5,11-28-13-26-11 = 0.5,11-40-33-29-11 = 1.0,11-17-20-35-34-9 = 0.111,11-17-27-20-9 = 0.111,9-30-20-35-9 = 0.333,11-17-27-32-34-9 = 0.778,9-15-24-39-9 = 0.444,9-15-24-21-9 = 0.556,9-21-39-20-35-9 = 0.444,9-25-30-37-9 = 0.667,9-25-12-23-39-9 = 0.111,9-25-18-23-34-9 = 0.111,9-25-35-27-32-8 = 0.111,9-18-12-32-8 = 0.111,9-18-12-23-8 = 0.778
207,205,599.908,6.897,0.366,0.453,209,210,11-14-11 = 0.5,8-19-8 = 0.077,9-37-9 = 0.256,8-22-16-41-11 = 0.5,8-22-16-41-14-11 = 0.5,8-19-38-36-8 = 0.923,11-31-13-11 = 0.5,11-28-31-26-11 = 0.5,11-28-13-26-11 = 0.5,11-40-33-29-11 = 0.949,11-17-33-29-11 = 0.051,9-24-20-35-9 = 0.051,9-30-20-35-9 = 0.308,11-17-27-32-34-9 = 0.821,11-40-17-20-35-9 = 0.051,9-15-21-37-9 = 0.051,9-15-24-39-9 = 0.462,9-15-24-21-9 = 0.487,9-21-39-20-35-9 = 0.462,9-25-30-37-9 = 0.692,9-25-12-27-9 = 0.051,9-25-12-23-34-9 = 0.026,9-25-18-23-34-9 = 0.154,11-17-27-38-8 = 0.077,9-39-23-20-35-9 = 0.077,11-27-20-35-9 = 0.051,9-18-12-32-8 = 0.179,9-25-12-23-36-8 = 0.077,9-18-12-23-8 = 0.667
210,207,599.955,6.833,0.047,-0.064,211,212,11-14-11 = 0.5,8-19-8 = 0.083,9-37-9 = 0.25,8-22-16-41-11 = 0.5,8-22-16-41-14-11 = 0.5,8-19-38-36-8 = 0.917,11-31-13-11 = 0.5,11-28-31-26-11 = 0.5,11-28-13-26-11 = 0.5,11-40-33-29-11 = 1.0,9-24-20-35-9 = 0.167,9-30-20-35-9 = 0.417,11-17-27-32-34-9 = 0.917,9-15-21-37-9 = 0.167,9-15-24-39-9 = 0.417,9-15-24-21-9 = 0.417,9-21-39-20-35-9 = 0.417,9-25-30-37-9 = 0.583,9-25-12-23-39-9 = 0.167,9-25-18-23-34-9 = 0.083,11-17-27-38-8 = 0.083,9-25-18-23-36-8 = 0.083,9-18-12-32-8 = 0.083,9-25-18-12-8 = 0.083,9-18-12-23-8 = 0.667
211,210,600.14,7.4,0.186,0.567,213,214,11-14-11 = 0.5,9-37-9 = 0.2,8-22-16-41-11 = 0.5,8-22-16-41-14-11 = 0.5,8-19-38-36-8 = 0.8,8-19-36-8 = 0.2,11-31-13-11 = 0.5,11-28-31-26-11 = 0.5,11-28-13-26-11 = 0.5,11-40-33-29-11 = 1.0,9-24-20-35-9 = 0.2,9-30-20-35-9 = 0.4,11-17-27-32-34-9 = 0.8,9-15-21-37-9 = 0.2,9-15-24-39-9 = 0.4,9-15-24-21-9 = 0.4,9-21-39-20-35-9 = 0.4,9-25-30-37-9 = 0.6,9-25-12-23-39-9 = 0.2,9-25-18-23-34-9 = 0.2,11-17-27-38-8 = 0.2,9-18-12-32-8 = 0.2,9-18-12-23-8 = 0.6
214,211,600.257,6.0,0.117,-1.4,215,216,11-14-11 = 0.5,8-22-16-41-11 = 0.5,8-22-16-41-14-11 = 0.5,8-19-38-36-8 = 1.0,11-31-13-26-11 = 0.5,11-28-31-26-11 = 0.5,11-28-13-11 = 0.5,11-40-33-29-11 = 1.0,9-30-20-35-9 = 0.5,11-17-27-32-34-9 = 1.0,9-25-37-9 = 0.5,9-15-24-39-9 = 0.5,9-15-24-21-9 = 0.5,9-21-39-20-35-9 = 0.5,9-25-30-37-9 = 0.5,9-18-12-23-8 = 1.0
130,86,600.441,8.833,0.851,0.833,217,218,11-14-11 = 0.083,8-36-8 = 0.167,9-37-9 = 0.5,11-18-23-38-8 = 0.167,8-22-14-11 = 0.417,8-22-16-41-14-11 = 0.25,8-22-19-8 = 0.167,8-19-38-36-8 = 0.833,8-22-16-17-41-11 = 0.167,11-31-13-26-11 = 0.5,11-28-31-26-11 = 0.5,11-28-13-11 = 0.5,11-40-33-29-11 = 0.75,11-17-33-29-11 = 0.25,11-12-17-16-41-11 = 0.333,9-24-39-20-9 = 0.167,9-30-20-35-9 = 0.5,11-40-17-16-41-14-11 = 0.25,9-15-21-37-9 = 0.167,9-15-24-39-9 = 0.333,9-15-24-21-9 = 0.5,9-21-39-20-35-9 = 0.333,9-25-30-37-9 = 0.333,9-25-35-27-34-9 = 0.167,9-25-18-27-9 = 0.167,9-23-27-32-34-9 = 0.5,9-25-30-39-34-9 = 0.167,11-12-18-23-8 = 0.333,11-18-12-32-8 = 0.333,9-25-27-32-34-9 = 0.167
60,57,600.581,6.667,2.263,-0.083,219,220,9-37-9 = 0.667,8-19-38-36-8 = 1.0,11-31-13-26-11 = 0.5,11-28-31-26-11 = 0.5,11-40-33-29-11 = 0.5,11-22-14-11 = 1.0,11-16-17-20-35-9 = 0.5,9-30-20-35-9 = 0.5,11-40-28-13-11 = 0.5,9-15-24-21-9 = 1.0,9-25-30-37-9 = 0.333,9-25-18-23-34-9 = 0.167,9-18-12-32-9 = 0.5,9-23-27-32-34-9 = 0.167,9-23-18-27-9 = 0.167,9-39-23-27-32-9 = 0.167,9-39-23-27-34-9 = 0.167,9-25-30-39-34-9 = 0.167,11-41-33-29-11 = 0.5,9-39-12-16-41-11 = 0.5,9-25-17-27-34-9 = 0.333,9-23-18-17-32-9 = 0.167
121,120,600.578,4.0,1.06,0.0,221,222,11-26-11 = 0.25,9-37-9 = 1.0,8-19-38-36-8 = 1.0,11-31-13-26-11 = 0.5,11-28-31-26-11 = 0.25,11-22-16-41-14-11 = 1.0,11-17-33-29-11 = 1.0,11-40-18-23-39-9 = 0.25,9-30-20-35-9 = 1.0,11-40-28-13-11 = 0.5,11-40-28-31-11 = 0.25,9-15-24-21-9 = 1.0,9-25-12-18-9 = 0.5,9-25-12-32-34-9 = 0.5,9-18-27-32-11 = 0.25,9-39-23-27-32-9 = 0.25,9-39-23-27-34-9 = 0.5
125,83,600.449,9.0,0.797,1.0,223,224,11-14-11 = 0.5,9-37-9 = 0.5,8-22-19-36-8 = 0.5,8-19-38-34-9 = 0.5,11-31-13-26-11 = 0.5,11-28-31-26-11 = 0.5,11-28-13-11 = 0.5,11-40-33-29-11 = 0.5,11-22-16-41-14-11 = 0.5,11-17-33-29-11 = 0.5,9-30-20-35-9 = 0.5,11-40-17-20-35-9 = 0.5,9-15-24-21-9 = 1.0,9-25-30-37-9 = 0.5,9-25-18-27-9 = 0.5,9-18-12-32-9 = 0.5,9-23-12-16-41-11 = 0.5,9-39-27-32-34-9 = 0.5,9-39-23-38-36-8 = 0.5
224,125,600.827,7.562,0.377,-1.438,225,226,11-14-11 = 0.219,9-37-9 = 0.875,8-22-19-36-8 = 0.25,8-19-38-34-9 = 0.5,11-31-13-11 = 0.5,11-28-31-26-11 = 0.5,11-28-13-26-11 = 0.5,11-40-33-29-11 = 0.594,11-22-16-41-14-11 = 0.5,11-17-33-29-11 = 0.406,11-17-20-35-34-9 = 0.125,8-23-18-17-16-11 = 0.031,8-23-18-17-41-11 = 0.031,9-30-20-35-9 = 0.625,11-40-17-20-35-9 = 0.125,11-40-17-16-41-14-11 = 0.281,9-15-24-21-9 = 1.0,9-25-30-37-9 = 0.125,9-25-35-27-34-9 = 0.125,9-25-12-27-9 = 0.375,9-25-18-27-9 = 0.125,9-18-12-32-9 = 0.625,9-39-27-32-34-9 = 0.125,9-39-23-27-32-11 = 0.25,9-25-30-20-9 = 0.125,9-25-30-39-34-9 = 0.125,9-39-23-38-36-8 = 0.5,11-22-19-36-8 = 0.25,8-23-18-16-41-11 = 0.187
117,114,600.582,8.0,1.011,0.667,227,228,9-37-9 = 1.0,8-27-20-35-9 = 0.5,8-22-16-41-14-11 = 0.5,8-22-19-8 = 0.5,8-19-38-36-8 = 0.5,11-31-13-11 = 0.5,11-28-31-26-11 = 0.5,11-28-13-26-11 = 0.5,11-40-33-29-11 = 0.5,11-17-33-29-11 = 0.5,9-30-20-35-9 = 0.5,11-40-17-16-41-14-11 = 0.5,9-15-24-21-9 = 1.0,9-25-18-23-34-9 = 0.5,9-25-30-39-34-9 = 0.5,9-39-23-38-36-8 = 0.5,11-18-12-32-8 = 0.5,11-12-27-32-11 = 0.5
228,117,599.397,5.667,-1.185,-2.333,229,230,11-14-11 = 0.167,9-37-9 = 1.0,8-22-16-41-11 = 0.167,8-22-16-41-14-11 = 0.833,8-19-38-36-8 = 1.0,11-31-13-11 = 0.167,11-31-13-26-11 = 0.333,11-28-31-26-11 = 0.5,11-28-13-26-11 = 0.167,11-40-33-29-11 = 0.333,11-17-33-29-11 = 0.667,9-30-20-35-9 = 0.667,11-40-28-13-11 = 0.333,11-40-17-27-32-11 = 0.333,9-15-24-39-9 = 0.333,9-15-24-21-9 = 0.667,9-21-39-20-35-9 = 0.333,9-25-18-23-34-9 = 0.667,9-25-30-39-34-9 = 0.333,11-12-18-23-8 = 0.333,11-12-27-32-8 = 0.667
63,61,600.796,6.0,2.207,-0.458,231,232,9-37-9 = 1.0,8-19-16-41-14-11 = 0.167,8-22-19-36-8 = 0.167,8-19-38-36-8 = 0.417,8-19-23-27-9 = 0.25,11-31-13-26-11 = 0.5,11-28-31-26-11 = 0.5,11-40-33-29-11 = 1.0,11-22-14-11 = 0.5,11-22-16-41-14-11 = 0.333,11-12-18-39-9 = 0.417,11-16-17-27-32-9 = 0.083,11-16-17-27-34-9 = 0.167,9-30-20-35-9 = 1.0,11-17-27-32-34-9 = 0.5,9-15-24-21-9 = 1.0,9-18-12-32-9 = 0.25,9-23-12-32-34-9 = 0.167,9-39-23-38-34-9 = 0.167,9-39-23-38-36-8 = 0.417,9-25-12-16-41-11 = 0.167,9-25-18-17-41-11 = 0.25,9-25-18-16-41-11 = 0.083,9-25-28-13-11 = 0.5
231,63,600.809,4.0,0.013,-2.0,233,234,9-37-9 = 1.0,8-19-38-36-8 = 1.0,11-31-13-26-11 = 0.5,11-28-31-26-11 = 0.5,11-40-33-29-11 = 1.0,11-22-14-11 = 0.5,11-22-16-41-14-11 = 0.5,9-30-20-35-9 = 1.0,11-17-27-32-34-9 = 1.0,9-15-24-21-9 = 1.0,9-12-18-39-9 = 0.5,9-18-12-23-9 = 0.5,9-25-28-13-11 = 0.5,9-25-39-23-16-41-11 = 0.5
84,82,600.973,6.5,2.17,-1.5,235,236,9-37-9 = 1.0,8-19-38-36-8 = 1.0,11-31-13-26-11 = 0.5,11-28-31-26-11 = 0.5,11-28-13-11 = 0.5,11-40-33-29-11 = 0.5,11-22-14-11 = 0.25,11-22-16-41-14-11 = 0.75,11-17-33-29-11 = 0.5,11-12-18-39-9 = 0.5,9-30-20-35-9 = 0.5,9-15-24-21-9 = 1.0,9-25-35-27-34-9 = 0.5,9-23-18-17-16-11 = 0.25,9-23-18-17-41-11 = 0.25,9-39-23-27-32-11 = 0.5,9-25-30-20-9 = 0.5,11-40-12-32-34-9 = 0.5
72,39,601.235,4.0,2.102,-3.0,237,238,11-14-11 = 0.5,8-22-16-41-14-11 = 0.5,8-19-38-36-8 = 1.0,8-22-16-17-41-11 = 0.5,11-31-13-26-11 = 0.5,11-28-31-26-11 = 0.5,11-40-33-29-11 = 0.5,11-17-33-29-11 = 0.5,9-30-20-35-9 = 1.0,11-40-28-13-11 = 0.5,9-25-37-9 = 1.0,9-15-24-21-9 = 1.0,9-39-27-32-34-9 = 1.0,11-12-18-23-8 = 1.0
18,16,600.897,5.833,5.239,-0.722,239,240,9-37-9 = 0.917,8-22-19-36-8 = 0.25,8-19-38-36-8 = 0.75,11-31-13-26-11 = 0.5,11-28-31-26-11 = 0.5,11-28-13-11 = 0.417,11-40-33-29-11 = 0.75,11-22-14-11 = 0.417,11-22-16-17-41-11 = 0.25,11-22-16-41-14-11 = 0.083,11-17-33-29-11 = 0.25,11-12-18-39-9 = 0.75,9-30-20-35-9 = 0.75,11-40-28-13-11 = 0.083,9-15-24-21-9 = 1.0,9-25-30-37-9 = 0.083,9-25-35-27-32-11 = 0.167,9-25-20-35-34-9 = 0.083,9-18-27-32-11 = 0.083,9-23-27-32-34-9 = 0.667,9-23-18-27-9 = 0.083,9-25-30-20-9 = 0.167,9-39-23-38-34-9 = 0.25,9-25-17-16-41-14-11 = 0.5,11-40-12-16-41-11 = 0.167,11-18-12-32-11 = 0.083
239,18,600.123,3.0,-0.774,-2.833,241,242,9-37-9 = 1.0,8-19-38-36-8 = 1.0,11-31-13-26-11 = 0.5,11-28-31-26-11 = 0.5,11-40-33-29-11 = 1.0,11-22-14-11 = 0.5,11-22-16-17-41-11 = 0.5,11-12-18-39-9 = 1.0,9-30-20-35-9 = 1.0,9-15-24-21-9 = 1.0,9-23-27-32-34-9 = 1.0,9-25-17-16-41-14-11 = 0.5,9-25-28-13-11 = 0.5
132,94,600.871,6.0,0.765,-0.286,243,244,9-37-9 = 1.0,8-19-16-41-14-11 = 0.375,8-22-19-36-8 = 0.375,8-19-38-36-8 = 0.125,8-19-23-27-9 = 0.125,11-31-13-26-11 = 0.5,11-28-31-26-11 = 0.5,11-28-13-11 = 0.5,11-40-33-29-11 = 1.0,11-22-14-11 = 0.25,11-22-16-41-14-11 = 0.375,11-17-27-38-9 = 0.125,11-16-17-27-32-11 = 0.125,9-30-20-35-9 = 1.0,11-17-27-32-34-9 = 0.5,9-15-24-39-9 = 0.125,9-15-24-21-9 = 0.875,9-25-12-18-9 = 0.625,9-25-12-32-34-9 = 0.25,9-25-18-39-21-9 = 0.125,9-18-12-32-11 = 0.125,9-23-18-17-41-11 = 0.125,9-39-23-38-34-9 = 0.25,9-39-23-38-36-8 = 0.5,11-16-17-27-41-11 = 0.125
203,200,600.787,7.625,0.291,0.417,245,246,9-15-9 = 0.125,9-37-9 = 1.0,8-22-16-41-14-11 = 0.375,8-22-19-8 = 0.625,8-19-38-36-8 = 0.375,8-12-27-34-9 = 0.062,11-31-13-26-11 = 0.5,11-28-31-14-11 = 0.5,11-28-13-26-11 = 0.5,11-40-33-29-11 = 0.5,8-23-18-27-9 = 0.25,9-30-20-35-9 = 0.437,11-40-17-27-32-9 = 0.25,11-40-17-27-35-9 = 0.125,11-40-17-16-41-14-11 = 0.125,9-15-24-21-9 = 0.875,9-25-30-39-21-9 = 0.125,9-25-20-35-34-9 = 0.437,9-18-12-32-9 = 0.562,9-25-30-20-9 = 0.125,9-25-30-39-34-9 = 0.188,9-25-30-24-9 = 0.125,11-41-33-29-11 = 0.5,9-39-23-38-36-8 = 0.625,8-16-17-27-34-9 = 0.313,9-18-12-32-8 = 0.188,9-39-12-17-16-8 = 0.062,9-23-12-17-16-8 = 0.125
225,224,600.833,7.727,0.007,0.165,247,248,11-14-11 = 0.227,9-37-9 = 0.864,8-22-19-36-8 = 0.273,8-19-38-34-9 = 0.5,11-31-13-11 = 0.5,11-28-31-26-11 = 0.5,11-28-13-26-11 = 0.5,11-40-33-29-11 = 0.545,11-22-16-41-14-11 = 0.5,11-17-33-29-11 = 0.455,11-17-20-35-34-9 = 0.091,9-30-20-35-9 = 0.591,11-40-17-20-35-9 = 0.182,11-40-17-16-41-14-11 = 0.273,9-15-24-21-9 = 1.0,9-25-30-37-9 = 0.136,9-25-35-27-34-9 = 0.136,9-25-12-27-9 = 0.364,9-25-18-27-9 = 0.091,9-18-27-34-9 = 0.045,9-18-12-32-9 = 0.636,9-39-27-32-34-9 = 0.091,9-39-23-27-32-11 = 0.273,9-25-30-20-9 = 0.136,9-25-30-39-34-9 = 0.136,9-39-23-38-36-8 = 0.5,11-22-19-36-8 = 0.227,8-23-18-16-41-11 = 0.227
116,106,600.847,8.0,1.544,0.087,249,250,11-14-11 = 0.5,9-15-9 = 0.182,8-19-8 = 0.091,8-36-8 = 0.455,9-37-9 = 1.0,8-22-16-41-11 = 0.045,8-22-16-41-14-11 = 0.5,8-22-19-8 = 0.455,8-19-38-36-8 = 0.455,11-31-13-11 = 0.5,11-28-31-26-11 = 0.5,11-28-13-26-11 = 0.5,11-40-33-29-11 = 1.0,11-12-17-16-41-11 = 0.455,9-30-20-35-9 = 0.636,11-17-27-32-34-9 = 0.455,9-25-20-35-9 = 0.364,9-15-24-21-9 = 0.818,9-25-30-39-21-9 = 0.182,9-25-18-27-9 = 0.091,9-25-18-23-39-9 = 0.182,9-23-18-27-9 = 0.364,9-39-12-32-34-9 = 0.545,9-25-30-24-9 = 0.182,11-17-27-38-8 = 0.091,9-39-23-38-36-8 = 0.091,9-18-23-38-8 = 0.364
181,155,600.864,8.667,0.44,0.083,251,252,8-36-8 = 0.5,9-37-9 = 0.5,8-22-16-41-14-11 = 0.5,8-22-19-8 = 0.5,8-19-38-36-8 = 0.5,11-31-13-26-11 = 0.5,11-28-31-26-11 = 0.333,11-28-31-14-11 = 0.167,11-28-13-26-11 = 0.167,11-40-33-29-11 = 0.333,11-17-33-29-11 = 0.5,11-16-17-20-35-9 = 0.167,9-30-20-35-9 = 0.5,11-40-17-16-41-14-11 = 0.333,9-15-24-21-9 = 1.0,9-25-30-37-9 = 0.5,9-25-18-23-39-9 = 0.167,9-25-20-35-34-9 = 0.333,9-18-12-32-9 = 0.667,9-23-12-32-34-9 = 0.333,9-23-18-27-9 = 0.167,9-39-23-27-34-9 = 0.333,11-41-33-29-11 = 0.167,11-40-28-13-9 = 0.333,9-39-27-38-8 = 0.5
38,35,601.125,6.793,3.785,-1.387,253,254,8-36-8 = 0.06,9-37-9 = 0.828,8-22-14-11 = 0.243,8-22-16-41-14-11 = 0.434,8-22-19-8 = 0.323,8-19-38-36-8 = 0.677,8-23-27-32-34-9 = 0.263,11-31-13-26-11 = 0.469,11-28-31-26-11 = 0.531,11-28-13-11 = 0.469,11-40-33-29-11 = 0.938,11-12-18-39-9 = 0.342,11-12-27-34-9 = 0.003,11-12-17-16-41-11 = 0.058,11-25-30-39-34-8 = 0.144,9-24-39-20-9 = 0.172,9-30-20-35-9 = 0.802,11-17-27-32-34-9 = 0.449,9-25-13-29-11 = 0.062,9-15-21-37-9 = 0.172,9-15-24-21-9 = 0.828,9-25-35-27-32-11 = 0.172,9-39-27-32-34-9 = 0.053,9-25-17-16-41-14-11 = 0.323,9-39-23-38-36-8 = 0.263,11-12-17-33-11 = 0.062,11-12-18-23-8 = 0.473,11-40-12-32-34-9 = 0.062,9-25-27-38-8 = 0.06,9-25-18-17-41-11 = 0.054,9-25-18-16-41-11 = 0.131,9-25-30-17-16-11 = 0.054,9-39-20-35-34-9 = 0.026
254,38,599.994,6.909,-1.132,0.116,255,256,9-37-9 = 0.773,8-22-14-11 = 0.5,8-22-16-41-14-11 = 0.318,8-22-19-8 = 0.182,8-19-38-36-8 = 0.818,8-23-27-32-34-9 = 0.045,11-31-13-26-11 = 0.5,11-28-31-26-11 = 0.5,11-28-13-11 = 0.5,11-40-33-29-11 = 1.0,11-12-18-39-9 = 0.409,11-12-17-16-41-11 = 0.318,8-23-18-32-34-9 = 0.136,9-24-39-20-9 = 0.136,9-24-21-37-9 = 0.045,9-30-20-35-9 = 0.773,11-17-27-32-34-9 = 0.5,9-15-21-37-9 = 0.182,9-15-24-34-9 = 0.136,9-15-24-21-9 = 0.682,9-21-39-23-38-8 = 0.091,9-25-17-16-41-14-11 = 0.182,11-12-18-23-8 = 0.182,11-12-23-38-8 = 0.091,9-30-39-23-34-9 = 0.091,9-25-35-27-32-8 = 0.227,9-25-18-27-8 = 0.227,9-25-30-23-36-8 = 0.136,9-25-18-23-36-8 = 0.045,9-25-39-23-16-41-11 = 0.182,9-39-20-32-34-9 = 0.091
253,38,600.242,6.444,-0.884,-0.348,257,258,9-37-9 = 0.833,11-18-27-32-9 = 0.167,8-22-14-11 = 0.5,8-22-16-41-14-11 = 0.5,8-19-38-36-8 = 1.0,11-31-13-26-11 = 0.5,11-28-31-26-11 = 0.5,11-28-13-11 = 0.5,11-40-33-29-11 = 0.833,11-17-33-29-11 = 0.167,11-17-27-20-9 = 0.056,11-12-18-39-9 = 0.194,11-12-27-32-9 = 0.306,11-12-17-16-41-11 = 0.5,11-17-20-35-32-9 = 0.111,9-24-21-37-9 = 0.083,9-30-20-35-9 = 0.667,11-40-17-20-35-9 = 0.167,9-15-21-37-9 = 0.083,9-15-24-39-9 = 0.083,9-15-24-21-9 = 0.833,9-18-27-32-9 = 0.028,9-39-23-27-32-9 = 0.389,9-25-35-27-34-8 = 0.056,9-25-18-23-34-8 = 0.611,9-25-30-39-34-8 = 0.333
256,254,600.319,6.429,0.326,-0.481,259,260,8-19-8 = 0.143,9-37-9 = 0.786,8-22-14-11 = 0.429,8-22-16-41-14-11 = 0.571,8-19-38-36-8 = 0.857,11-31-13-26-11 = 0.5,11-28-31-26-11 = 0.5,11-28-13-11 = 0.357,11-40-33-29-11 = 0.929,11-12-18-39-9 = 0.357,11-12-17-16-41-11 = 0.143,9-24-39-20-9 = 0.214,9-30-20-35-9 = 0.786,11-17-27-32-34-9 = 0.714,9-15-21-37-9 = 0.214,9-15-24-34-9 = 0.143,9-15-24-21-9 = 0.643,9-21-39-23-38-8 = 0.143,11-12-18-23-8 = 0.429,11-40-12-32-34-9 = 0.071,9-25-18-17-41-11 = 0.071,9-30-39-23-34-9 = 0.071,9-25-33-29-11 = 0.071,9-25-28-13-11 = 0.143,9-25-35-27-32-8 = 0.214,9-25-18-27-8 = 0.071,9-25-30-23-36-8 = 0.143,9-25-39-23-16-41-11 = 0.214,9-25-18-17-16-11 = 0.071
259,256,598.474,6.667,-1.845,0.238,261,262,9-37-9 = 0.833,8-22-14-11 = 0.5,8-22-16-41-14-11 = 0.5,8-19-38-36-8 = 1.0,11-31-13-26-11 = 0.5,11-28-31-26-11 = 0.5,11-28-13-11 = 0.5,11-40-33-29-11 = 1.0,11-12-18-39-9 = 0.167,11-12-18-23-9 = 0.167,11-12-17-16-41-11 = 0.5,11-12-20-35-9 = 0.167,9-24-39-20-9 = 0.167,9-30-20-35-9 = 0.5,11-17-27-32-34-9 = 0.5,9-15-21-37-9 = 0.167,9-15-24-21-9 = 0.833,9-23-18-32-34-9 = 0.333,9-39-20-35-34-9 = 0.167,9-25-35-27-32-8 = 0.167,9-25-18-27-8 = 0.333,9-25-30-39-23-8 = 0.5
261,259,598.924,6.667,0.45,0.0,263,264,9-37-9 = 0.833,8-22-14-11 = 0.5,8-22-16-41-14-11 = 0.5,8-19-38-36-8 = 1.0,11-31-13-26-11 = 0.5,11-28-31-26-11 = 0.5,11-28-13-11 = 0.5,11-40-33-29-11 = 1.0,11-12-18-39-9 = 0.167,11-12-17-16-41-11 = 0.5,11-18-12-32-9 = 0.083,11-12-20-35-9 = 0.25,9-24-20-35-9 = 0.167,9-30-20-35-9 = 0.417,11-17-27-32-34-9 = 0.5,9-15-21-37-9 = 0.167,9-15-24-39-9 = 0.083,9-15-24-21-9 = 0.75,9-21-39-20-35-9 = 0.083,9-23-27-32-34-9 = 0.083,9-23-18-32-34-9 = 0.333,9-39-20-35-34-9 = 0.083,9-25-18-27-8 = 0.417,9-25-30-39-23-8 = 0.583
264,261,598.87,7.667,-0.054,1.0,265,266,8-19-8 = 0.25,9-37-9 = 0.583,8-22-14-11 = 0.5,8-22-16-41-14-11 = 0.5,8-19-38-36-8 = 0.75,11-31-13-26-11 = 0.5,11-28-31-26-11 = 0.5,11-28-13-11 = 0.5,11-40-33-29-11 = 1.0,11-12-18-39-9 = 0.25,11-12-17-16-41-11 = 0.5,11-18-12-32-9 = 0.25,9-24-20-35-9 = 0.083,9-24-21-37-9 = 0.167,9-30-20-35-9 = 0.75,11-17-27-32-34-9 = 0.5,9-15-21-37-9 = 0.25,9-15-24-34-9 = 0.083,9-15-24-39-9 = 0.083,9-15-24-21-9 = 0.583,9-23-27-32-34-9 = 0.25,9-39-20-35-34-9 = 0.167,9-25-18-27-8 = 0.25,9-25-18-23-36-8 = 0.25,9-25-30-39-23-8 = 0.25,9-25-39-23-38-8 = 0.25
266,264,600.206,6.333,1.336,-1.333,267,268,9-37-9 = 0.833,8-22-14-11 = 0.5,8-22-16-41-14-11 = 0.5,8-19-38-36-8 = 1.0,11-31-13-26-11 = 0.5,11-28-31-26-11 = 0.5,11-28-13-11 = 0.5,11-40-33-29-11 = 1.0,11-12-18-23-9 = 0.167,11-12-18-34-9 = 0.333,11-12-17-16-41-11 = 0.5,9-24-20-35-9 = 0.167,9-30-20-35-9 = 0.333,11-17-27-32-34-9 = 0.5,9-15-21-37-9 = 0.167,9-15-24-21-9 = 0.833,9-23-27-32-34-9 = 0.167,9-18-20-35-9 = 0.5,9-25-30-39-23-8 = 0.667,9-25-39-27-32-8 = 0.333
268,266,600.413,6.25,0.207,-0.083,269,270,9-37-9 = 0.875,8-27-20-35-9 = 0.062,8-22-14-11 = 0.438,8-22-16-41-14-11 = 0.5,8-19-16-41-14-11 = 0.062,8-22-19-8 = 0.062,8-19-38-36-8 = 0.875,11-31-13-26-11 = 0.5,11-28-31-26-11 = 0.5,11-28-13-11 = 0.438,11-40-33-29-11 = 0.938,11-17-33-29-11 = 0.062,11-12-18-23-9 = 0.125,11-12-18-34-9 = 0.437,11-12-17-16-41-11 = 0.438,9-24-20-35-9 = 0.125,9-30-20-35-9 = 0.812,11-17-27-32-34-9 = 0.5,11-40-28-13-11 = 0.062,9-15-21-37-9 = 0.125,9-15-24-21-9 = 0.875,9-23-18-32-34-9 = 0.062,9-39-23-27-32-11 = 0.063,9-39-23-27-32-8 = 0.062,9-25-18-23-36-8 = 0.125,9-25-30-39-23-8 = 0.187,9-25-39-23-38-8 = 0.125,9-25-39-27-32-8 = 0.312,9-25-18-39-23-8 = 0.25
269,268,600.449,6.4,0.036,0.15,271,272,9-37-9 = 0.9,8-27-20-35-9 = 0.1,8-22-14-11 = 0.4,8-22-16-41-14-11 = 0.5,8-19-16-41-14-11 = 0.1,8-22-19-8 = 0.1,8-19-38-36-8 = 0.8,11-31-13-26-11 = 0.5,11-28-31-26-11 = 0.5,11-28-13-11 = 0.4,11-40-33-29-11 = 0.9,11-17-33-29-11 = 0.1,11-12-18-34-9 = 0.5,11-12-17-16-41-11 = 0.4,11-18-12-32-9 = 0.1,9-24-20-35-9 = 0.1,9-30-20-35-9 = 0.8,11-17-27-32-34-9 = 0.5,11-40-28-13-11 = 0.1,9-15-21-37-9 = 0.1,9-15-24-21-9 = 0.9,9-39-23-27-32-11 = 0.1,9-39-23-27-32-8 = 0.1,9-25-18-23-36-8 = 0.2,9-25-30-39-23-8 = 0.2,9-25-39-23-38-8 = 0.2,9-25-39-27-32-8 = 0.2,9-25-18-39-23-8 = 0.2
271,269,600.536,6.667,0.087,0.267,273,274,9-37-9 = 0.833,8-22-14-11 = 0.5,8-22-16-41-14-11 = 0.333,8-19-16-41-14-11 = 0.167,8-22-19-36-8 = 0.167,8-19-38-36-8 = 0.667,11-31-13-26-11 = 0.5,11-28-31-26-11 = 0.5,11-28-13-11 = 0.5,11-40-33-29-11 = 1.0,8-18-27-34-9 = 0.167,11-12-18-34-9 = 0.333,11-12-17-16-41-11 = 0.5,11-18-12-32-9 = 0.167,9-24-20-35-9 = 0.167,9-30-20-35-9 = 0.833,11-17-27-32-34-9 = 0.5,9-15-21-37-9 = 0.167,9-15-24-21-9 = 0.833,9-39-23-27-32-8 = 0.167,9-25-18-23-36-8 = 0.167,9-25-30-39-23-8 = 0.167,9-25-39-23-38-8 = 0.333,9-25-39-27-32-8 = 0.167,9-25-18-39-23-8 = 0.167
267,266,600.918,4.0,0.713,-2.333,275,276,9-37-9 = 1.0,8-22-14-11 = 0.25,8-22-16-41-14-11 = 0.75,8-19-38-36-8 = 1.0,11-31-13-26-11 = 0.5,11-28-31-26-11 = 0.5,11-28-13-11 = 0.5,11-40-33-29-11 = 0.75,11-17-33-29-11 = 0.25,11-12-27-34-9 = 0.25,11-12-17-16-41-11 = 0.25,11-17-27-32-34-9 = 0.5,9-15-24-21-9 = 1.0,11-40-12-32-34-9 = 0.25,9-18-20-35-9 = 1.0,11-12-27-32-11 = 0.25,9-25-30-39-23-8 = 1.0
218,130,601.016,8.167,0.574,-0.667,277,278,8-36-8 = 0.125,9-37-9 = 0.583,8-22-14-11 = 0.5,8-22-19-8 = 0.25,8-19-38-36-8 = 0.75,11-31-13-26-11 = 0.5,11-28-31-26-11 = 0.5,11-28-13-11 = 0.5,11-40-33-29-11 = 0.75,8-23-39-20-35-9 = 0.167,11-22-16-41-14-11 = 0.25,11-17-33-29-11 = 0.25,11-12-18-39-9 = 0.167,11-12-17-16-41-11 = 0.5,8-23-18-20-9 = 0.042,8-23-18-32-34-9 = 0.167,9-24-39-20-9 = 0.167,9-30-20-35-9 = 0.625,11-40-17-16-41-14-11 = 0.25,9-15-21-37-9 = 0.167,9-15-24-39-9 = 0.125,9-15-24-21-9 = 0.708,9-21-39-23-38-8 = 0.125,9-25-30-37-9 = 0.25,9-25-35-27-34-9 = 0.208,9-23-27-32-34-9 = 0.083,9-25-30-39-34-9 = 0.125,9-39-23-38-36-8 = 0.125,11-18-12-32-8 = 0.333,9-25-27-32-34-9 = 0.417,9-23-18-27-8 = 0.292
216,214,601.055,5.0,0.798,-1.0,279,280,11-26-11 = 0.5,8-22-16-41-14-11 = 1.0,8-19-38-36-8 = 1.0,11-31-13-11 = 0.5,11-28-31-26-11 = 0.5,11-28-13-11 = 0.5,11-40-33-29-11 = 1.0,9-30-20-35-9 = 0.5,11-17-27-32-34-9 = 1.0,9-25-37-9 = 0.5,9-15-24-39-9 = 0.5,9-15-24-21-9 = 0.5,9-21-39-20-35-9 = 0.5,9-25-30-37-9 = 0.5,9-18-12-23-8 = 1.0
186,171,600.953,8.0,0.342,-0.125,281,282,11-14-11 = 0.5,9-37-9 = 0.375,8-22-19-8 = 0.375,8-19-38-36-8 = 0.625,8-22-16-17-41-11 = 0.375,11-31-13-26-11 = 0.5,11-28-31-26-11 = 0.5,11-28-13-11 = 0.5,11-40-33-29-11 = 0.75,11-22-16-41-14-11 = 0.25,11-17-33-29-11 = 0.25,11-12-27-32-9 = 0.375,11-12-17-16-41-11 = 0.125,8-23-12-32-34-9 = 0.063,8-23-18-27-8 = 0.562,11-40-17-16-41-14-11 = 0.25,9-15-21-37-9 = 0.625,9-15-24-21-9 = 0.375,9-25-20-35-34-9 = 0.812,9-18-12-32-9 = 0.438,9-25-30-20-9 = 0.188,9-39-23-38-36-8 = 0.375,9-30-35-32-34-9 = 0.125,9-30-39-24-9 = 0.625,9-30-35-27-8 = 0.063
260,256,601.162,5.0,0.843,-1.429,283,284,9-37-9 = 1.0,8-22-14-11 = 0.5,8-22-16-41-14-11 = 0.5,8-19-38-36-8 = 1.0,11-31-13-26-11 = 0.5,11-28-31-26-11 = 0.5,11-40-33-29-11 = 1.0,11-12-18-39-9 = 0.5,9-30-20-35-9 = 1.0,11-17-27-32-34-9 = 0.5,9-15-24-21-9 = 1.0,11-12-18-23-8 = 0.5,9-25-28-13-11 = 0.5,11-17-27-32-34-8 = 0.5,9-25-39-23-16-41-11 = 0.5
257,253,600.919,6.571,0.677,0.127,285,286,9-37-9 = 0.714,8-22-14-11 = 0.679,8-22-16-41-14-11 = 0.321,8-19-38-36-8 = 1.0,11-31-13-26-11 = 0.5,11-28-31-26-11 = 0.5,11-28-13-11 = 0.5,11-40-33-29-11 = 0.821,11-12-18-39-9 = 0.143,11-12-27-32-9 = 0.5,11-16-17-27-32-9 = 0.321,11-12-17-16-41-11 = 0.357,9-24-21-37-9 = 0.143,9-30-20-35-9 = 0.714,11-40-17-27-32-9 = 0.179,9-15-21-37-9 = 0.143,9-15-24-39-9 = 0.286,9-15-24-21-9 = 0.571,9-21-39-20-35-9 = 0.143,9-23-18-17-41-11 = 0.143,11-41-33-29-11 = 0.179,9-39-23-20-35-9 = 0.143,9-25-18-23-34-8 = 0.714,9-25-30-39-34-8 = 0.286
81,14,601.357,5.667,2.577,-2.19,287,288,9-37-9 = 1.0,8-22-19-36-8 = 0.333,8-19-38-34-9 = 0.333,8-19-38-36-8 = 0.333,11-31-13-26-11 = 0.5,11-28-31-26-11 = 0.5,11-28-13-11 = 0.5,11-40-33-29-11 = 0.833,11-22-14-11 = 0.25,11-22-16-41-14-11 = 0.417,11-17-33-29-11 = 0.167,11-12-18-39-9 = 0.667,9-30-20-35-9 = 1.0,11-40-17-16-41-14-11 = 0.167,9-15-24-21-9 = 1.0,9-23-12-16-14-11 = 0.167,9-23-12-16-41-11 = 0.167,9-23-18-17-16-11 = 0.083,9-23-18-17-41-11 = 0.25,9-39-23-38-36-8 = 0.333,9-25-17-27-32-9 = 0.333,9-25-27-32-34-9 = 0.667
188,138,601.03,7.833,0.608,-0.389,289,290,11-14-11 = 0.375,9-37-9 = 0.5,11-18-20-35-9 = 0.167,8-22-14-11 = 0.042,8-22-16-41-14-11 = 0.542,8-22-19-8 = 0.417,8-19-38-36-8 = 0.583,11-31-13-26-11 = 0.5,11-28-31-26-11 = 0.5,11-28-13-11 = 0.5,11-40-33-29-11 = 0.958,11-17-33-29-11 = 0.042,11-17-27-20-9 = 0.333,8-12-18-23-8 = 0.417,9-30-20-35-9 = 0.5,11-17-27-32-34-9 = 0.167,11-40-17-16-41-14-11 = 0.042,9-15-24-21-9 = 1.0,9-25-30-37-9 = 0.5,9-25-35-27-32-11 = 0.083,9-25-35-27-34-9 = 0.083,9-25-12-32-34-9 = 0.167,9-39-12-32-34-9 = 0.417,9-39-23-27-34-9 = 0.167,9-39-23-38-36-8 = 0.417,11-18-17-16-41-11 = 0.417,9-25-35-27-32-8 = 0.167
273,271,601.057,6.0,0.521,-0.667,291,292,9-37-9 = 0.833,8-22-14-11 = 0.5,8-22-16-41-14-11 = 0.5,8-19-38-36-8 = 1.0,11-31-13-26-11 = 0.5,11-28-31-26-11 = 0.5,11-28-13-11 = 0.5,11-40-33-29-11 = 1.0,11-12-27-34-9 = 0.333,11-12-17-16-41-11 = 0.5,11-18-12-32-9 = 0.167,9-24-20-35-9 = 0.167,9-30-20-35-9 = 0.667,11-17-27-32-34-9 = 0.5,9-15-21-37-9 = 0.167,9-15-24-21-9 = 0.833,9-18-27-32-9 = 0.167,9-25-30-39-23-8 = 0.333,9-25-18-39-23-8 = 0.667,9-20-35-32-34-9 = 0.167
73,42,601.154,7.333,2.215,-1.167,293,294,8-19-8 = 0.667,9-37-9 = 0.167,8-22-14-11 = 0.5,8-22-16-41-14-11 = 0.5,8-19-38-36-8 = 0.333,11-31-13-11 = 0.5,11-28-31-26-11 = 0.5,11-28-13-26-11 = 0.5,11-40-33-29-11 = 1.0,11-12-18-39-9 = 0.167,11-12-27-32-9 = 0.5,11-12-27-34-9 = 0.333,11-17-20-35-32-8 = 0.333,9-24-20-35-9 = 0.167,9-30-20-35-9 = 0.333,11-17-27-32-34-9 = 0.167,9-15-21-37-9 = 0.167,9-15-24-21-9 = 0.833,9-25-30-37-9 = 0.667,9-25-18-23-34-9 = 0.333,9-39-23-38-36-8 = 0.667,9-18-17-16-41-11 = 0.5,9-39-20-35-34-9 = 0.167
294,73,599.963,7.0,-1.191,-0.333,295,296,8-19-8 = 0.167,9-37-9 = 0.667,8-22-14-11 = 0.5,8-22-16-41-14-11 = 0.5,8-19-38-36-8 = 0.833,11-31-13-26-11 = 0.5,11-28-31-26-11 = 0.5,11-28-13-11 = 0.5,11-40-33-29-11 = 1.0,11-12-18-39-9 = 0.167,11-12-27-32-9 = 0.167,11-12-27-34-9 = 0.333,11-12-20-35-9 = 0.333,9-30-20-35-9 = 0.333,9-15-24-21-9 = 1.0,9-25-30-37-9 = 0.333,9-25-18-23-34-9 = 0.333,9-23-18-17-41-11 = 0.5,9-25-30-39-34-9 = 0.333,9-39-23-38-36-8 = 0.167,11-16-17-27-32-8 = 0.5,9-39-20-35-32-8 = 0.333
295,294,600.384,8.0,0.42,1.0,297,298,8-19-8 = 0.333,9-37-9 = 0.5,8-22-14-11 = 0.5,8-22-16-41-14-11 = 0.5,8-19-38-36-8 = 0.667,11-31-13-26-11 = 0.5,11-28-31-26-11 = 0.5,11-28-13-11 = 0.5,11-40-33-29-11 = 1.0,11-12-27-32-9 = 0.167,11-12-27-34-9 = 0.333,11-18-12-32-9 = 0.167,11-12-20-35-9 = 0.333,9-30-20-35-9 = 0.333,9-15-24-39-9 = 0.167,9-15-24-21-9 = 0.833,9-21-39-20-35-9 = 0.167,9-25-30-37-9 = 0.5,9-25-18-23-34-9 = 0.333,9-23-18-17-41-11 = 0.333,9-25-30-39-34-9 = 0.167,9-39-23-38-36-8 = 0.333,9-18-17-16-41-11 = 0.167,11-17-27-32-34-8 = 0.167,11-16-17-27-32-8 = 0.333,9-39-20-35-32-8 = 0.167
297,295,600.991,7.0,0.607,-1.0,299,300,9-37-9 = 0.75,8-22-14-11 = 0.5,8-22-16-41-14-11 = 0.5,8-19-38-36-8 = 1.0,11-31-13-26-11 = 0.5,11-28-31-26-11 = 0.5,11-28-13-11 = 0.5,11-40-33-29-11 = 1.0,11-12-18-23-9 = 0.25,11-12-27-34-9 = 0.5,11-12-20-35-9 = 0.25,9-30-20-35-9 = 0.25,9-15-24-21-9 = 0.75,9-25-30-37-9 = 0.25,9-25-30-39-21-9 = 0.25,9-25-18-23-34-9 = 0.25,9-15-24-9 = 0.25,9-23-18-17-41-11 = 0.5,9-25-30-39-34-9 = 0.25,11-16-17-27-32-8 = 0.5,9-39-20-35-32-8 = 0.5
229,228,600.961,5.8,1.564,0.133,301,302,11-14-11 = 0.1,8-19-8 = 0.2,9-37-9 = 0.8,8-22-14-11 = 0.2,8-22-16-41-11 = 0.1,8-22-16-41-14-11 = 0.7,8-19-38-36-8 = 0.8,11-31-13-11 = 0.1,11-31-13-26-11 = 0.4,11-28-31-26-11 = 0.5,11-28-13-26-11 = 0.1,11-40-33-29-11 = 0.2,11-17-33-29-11 = 0.8,11-18-39-24-9 = 0.2,9-30-20-35-9 = 0.8,11-40-28-13-11 = 0.4,11-40-17-27-32-11 = 0.2,9-15-21-37-9 = 0.2,9-15-24-39-9 = 0.2,9-15-24-21-9 = 0.6,9-21-39-20-35-9 = 0.2,9-25-18-23-34-9 = 0.8,9-25-30-39-34-9 = 0.2,9-39-23-38-36-8 = 0.2,11-40-12-16-41-11 = 0.2,11-12-27-32-8 = 0.8
244,132,601.022,6.0,0.151,0.0,303,304,9-37-9 = 1.0,8-19-16-41-14-11 = 0.5,8-22-19-36-8 = 0.5,11-31-13-26-11 = 0.5,11-28-31-26-11 = 0.5,11-28-13-11 = 0.5,11-40-33-29-11 = 1.0,11-22-14-11 = 0.25,11-22-16-41-14-11 = 0.25,11-17-27-38-9 = 0.5,11-16-17-27-34-9 = 0.25,9-30-20-35-9 = 1.0,11-17-27-32-34-9 = 0.25,9-15-24-21-9 = 1.0,9-25-12-32-34-9 = 0.5,9-25-18-23-39-9 = 0.5,9-18-12-32-11 = 0.25,9-39-23-38-36-8 = 0.5,9-18-12-41-11 = 0.25
75,74,601.069,7.5,2.327,-0.1,305,306,9-37-9 = 0.75,11-18-27-32-8 = 0.5,8-27-20-35-9 = 0.25,8-22-14-11 = 0.25,8-22-16-41-14-11 = 0.25,8-22-19-8 = 0.5,8-19-38-36-8 = 0.5,8-23-27-32-34-9 = 0.25,11-31-13-11 = 0.5,11-28-31-26-11 = 0.5,11-28-13-26-11 = 0.5,11-40-33-29-11 = 1.0,11-12-17-16-41-11 = 0.5,9-30-20-35-9 = 0.625,9-25-37-9 = 0.125,9-15-24-39-9 = 0.125,9-15-24-21-9 = 0.875,9-21-39-20-35-9 = 0.125,9-25-30-37-9 = 0.125,9-25-18-32-34-9 = 0.25,9-25-18-23-34-9 = 0.25,9-25-30-39-34-9 = 0.25,9-39-23-38-36-8 = 0.5,11-12-17-16-14-11 = 0.25,11-12-17-41-14-11 = 0.25
165,163,601.234,6.0,1.886,-1.0,307,308,8-22-8 = 0.167,9-37-9 = 1.0,8-22-19-8 = 0.5,8-19-38-36-8 = 0.5,8-22-16-17-32-8 = 0.167,8-22-16-17-34-9 = 0.167,8-23-12-17-16-8 = 0.167,11-31-13-26-11 = 0.5,11-28-31-14-11 = 0.5,11-28-13-26-11 = 0.5,11-40-33-29-11 = 0.5,8-23-12-32-34-9 = 0.333,9-30-20-35-9 = 1.0,11-40-17-16-41-14-11 = 0.5,9-15-24-21-9 = 1.0,9-25-18-27-9 = 1.0,9-39-12-32-34-9 = 0.5,11-41-33-29-11 = 0.5,9-39-23-38-36-8 = 0.5
134,127,600.805,8.857,0.862,1.774,309,310,8-19-8 = 0.357,9-37-9 = 0.571,11-18-27-32-8 = 0.071,11-18-27-32-9 = 0.286,8-22-14-11 = 0.429,8-22-16-41-14-11 = 0.429,8-22-19-8 = 0.071,8-19-38-36-8 = 0.571,8-22-16-17-41-11 = 0.071,8-23-12-17-41-11 = 0.071,11-31-13-11 = 0.286,11-31-13-26-11 = 0.214,11-28-31-26-11 = 0.5,11-28-13-26-11 = 0.286,11-40-33-29-11 = 0.643,11-17-33-29-11 = 0.357,11-12-18-39-9 = 0.143,11-16-27-32-34-9 = 0.286,11-16-17-27-32-11 = 0.071,9-30-35-27-9 = 0.286,11-40-28-13-11 = 0.214,11-40-17-16-41-14-11 = 0.143,9-15-21-37-9 = 0.429,9-15-24-21-9 = 0.571,9-25-20-35-34-9 = 0.714,9-23-12-17-41-11 = 0.286,9-25-30-20-9 = 0.286,9-39-23-38-36-8 = 0.429,11-12-18-23-8 = 0.214,11-18-12-32-8 = 0.286,9-30-39-24-9 = 0.429
137,66,600.97,8.5,1.045,0.9,311,312,11-14-11 = 0.25,9-37-9 = 0.5,11-18-27-41-11 = 0.5,8-22-14-11 = 0.25,8-22-16-41-14-11 = 0.25,8-22-19-8 = 0.5,8-19-38-36-8 = 0.5,11-31-13-11 = 0.5,11-28-31-26-11 = 0.5,11-28-13-26-11 = 0.5,11-40-33-29-11 = 0.75,11-17-33-29-11 = 0.25,11-16-17-20-35-9 = 0.5,8-23-18-27-8 = 0.5,9-30-20-35-9 = 0.5,11-40-17-16-41-14-11 = 0.25,9-15-24-21-9 = 1.0,9-25-30-37-9 = 0.5,9-25-12-32-34-9 = 0.5,9-39-12-32-34-9 = 0.5,9-39-23-38-36-8 = 0.5
311,137,601.148,7.444,0.178,-1.056,313,314,11-14-11 = 0.167,9-37-9 = 0.556,11-18-27-32-11 = 0.167,8-22-19-8 = 0.167,8-19-38-36-8 = 0.833,8-22-16-17-41-11 = 0.333,11-31-13-26-11 = 0.5,11-28-31-26-11 = 0.5,11-28-13-11 = 0.5,11-40-33-29-11 = 0.667,11-22-14-11 = 0.5,11-16-17-20-35-9 = 0.333,8-23-18-27-8 = 0.667,9-30-20-35-9 = 0.556,11-40-17-16-41-14-11 = 0.333,9-15-24-39-9 = 0.111,9-15-24-21-9 = 0.889,9-21-39-20-35-9 = 0.111,9-25-30-37-9 = 0.444,9-25-12-32-34-9 = 0.222,9-25-12-23-34-9 = 0.167,9-39-12-32-34-9 = 0.611,11-41-33-29-11 = 0.333,9-39-23-38-36-8 = 0.167,9-25-18-27-8 = 0.167
312,137,601.437,6.25,0.467,-2.25,315,316,8-19-8 = 0.25,9-37-9 = 0.25,11-18-27-32-8 = 0.25,11-18-27-41-11 = 0.25,8-22-14-11 = 0.875,8-22-16-41-14-11 = 0.125,8-19-38-36-8 = 0.75,11-31-13-26-11 = 0.5,11-28-31-26-11 = 0.5,11-28-13-11 = 0.5,11-40-33-29-11 = 0.625,11-16-17-20-35-9 = 0.625,9-30-20-35-9 = 0.25,11-40-17-20-35-9 = 0.125,9-15-24-21-9 = 1.0,9-25-30-37-9 = 0.75,9-25-12-23-34-9 = 0.25,9-39-12-32-34-9 = 0.75,11-41-33-29-11 = 0.375,9-39-23-38-36-8 = 0.25,11-40-17-16-41-11 = 0.25,9-23-18-27-8 = 0.5
180,59,600.99,6.0,0.322,0.917,317,318,9-37-9 = 0.667,8-19-38-36-8 = 1.0,11-31-13-26-11 = 0.5,11-28-31-26-11 = 0.167,11-28-31-14-11 = 0.333,11-28-13-11 = 0.167,11-28-13-26-11 = 0.333,11-40-33-29-11 = 0.5,11-22-14-11 = 0.667,11-22-16-17-41-11 = 0.333,11-17-33-29-11 = 0.167,9-30-20-35-9 = 0.667,9-15-24-21-9 = 1.0,9-25-30-37-9 = 0.333,9-25-12-27-9 = 0.167,9-25-18-23-39-9 = 0.167,9-25-20-35-34-9 = 0.333,9-18-12-32-9 = 0.833,9-39-23-27-32-9 = 0.167,9-39-23-27-34-9 = 0.667,11-41-33-29-11 = 0.167,11-40-17-16-41-11 = 0.5,11-16-33-29-11 = 0.167
123,71,601.131,7.972,1.655,-0.028,319,320,8-36-8 = 0.25,9-37-9 = 0.389,8-22-14-11 = 0.611,8-22-19-8 = 0.25,8-19-38-36-8 = 0.75,11-31-13-26-11 = 0.5,11-28-31-26-11 = 0.5,11-28-13-11 = 0.5,11-40-33-29-11 = 0.75,11-22-16-41-14-11 = 0.139,11-17-33-29-11 = 0.083,8-18-20-35-9 = 0.139,11-12-17-16-41-11 = 0.528,11-12-20-35-9 = 0.111,11-17-20-35-32-8 = 0.139,9-24-20-35-9 = 0.111,9-30-20-35-9 = 0.5,11-40-17-16-41-14-11 = 0.25,9-15-21-37-9 = 0.111,9-15-24-21-9 = 0.889,9-25-30-37-9 = 0.5,9-25-18-23-34-9 = 0.5,9-39-27-32-34-9 = 0.5,9-39-23-27-32-9 = 0.25,11-41-33-29-11 = 0.083,11-12-18-23-8 = 0.25,11-18-12-32-8 = 0.111,9-39-27-38-8 = 0.25,11-16-33-29-11 = 0.083
320,123,600.251,7.944,-0.88,-0.028,321,322,8-36-8 = 0.194,9-37-9 = 0.5,8-22-14-11 = 0.5,8-22-19-8 = 0.222,8-19-38-36-8 = 0.778,11-31-13-11 = 0.5,11-28-31-26-11 = 0.5,11-28-13-26-11 = 0.5,11-40-33-29-11 = 0.75,11-22-16-41-14-11 = 0.25,11-17-33-29-11 = 0.25,8-18-20-35-9 = 0.222,11-12-17-16-41-11 = 0.5,8-23-18-32-34-9 = 0.056,11-12-20-35-9 = 0.278,9-30-20-35-9 = 0.5,11-40-17-16-41-14-11 = 0.25,9-15-24-21-9 = 1.0,9-25-30-37-9 = 0.5,9-25-18-23-34-9 = 0.5,9-39-27-32-34-9 = 0.444,11-12-18-23-8 = 0.083,11-18-12-32-8 = 0.139,9-39-27-38-8 = 0.194,8-22-38-36-8 = 0.028,9-39-23-27-32-8 = 0.361
301,229,601.09,6.167,0.129,0.367,323,324,11-14-11 = 0.25,9-37-9 = 0.917,8-22-16-41-11 = 0.25,8-22-16-41-14-11 = 0.75,8-19-38-36-8 = 1.0,11-31-13-26-11 = 0.5,11-28-31-26-11 = 0.5,11-40-33-29-11 = 0.25,11-17-33-29-11 = 0.75,9-30-20-35-9 = 0.75,11-40-28-13-11 = 0.5,11-40-17-27-32-11 = 0.25,9-15-21-37-9 = 0.083,9-15-24-39-9 = 0.417,9-15-24-21-9 = 0.5,9-21-39-23-24-9 = 0.083,9-21-39-20-35-9 = 0.083,9-25-30-39-21-9 = 0.25,9-25-18-23-34-9 = 0.75,11-18-12-32-8 = 0.25,9-39-23-20-35-9 = 0.167,11-12-27-32-8 = 0.5,11-12-27-34-8 = 0.25
184,182,601.244,6.0,0.464,-0.5,325,326,9-37-9 = 1.0,8-22-16-41-14-11 = 1.0,8-19-38-36-8 = 1.0,11-31-13-26-11 = 0.5,11-28-31-26-11 = 0.5,11-28-13-9 = 0.5,11-40-33-29-11 = 0.5,11-17-33-29-11 = 0.5,9-30-20-35-9 = 0.5,11-40-17-20-35-9 = 0.5,9-15-24-21-9 = 0.5,9-25-30-39-21-9 = 0.5,9-25-12-32-34-9 = 0.5,9-15-24-9 = 0.5,9-39-12-32-34-9 = 0.5,9-23-18-27-8 = 1.0
153,98,601.171,5.741,1.079,0.0,327,328,9-15-9 = 0.111,9-37-9 = 1.0,8-19-38-36-8 = 1.0,11-31-13-26-11 = 0.333,11-28-31-26-11 = 0.667,11-40-33-29-11 = 0.667,11-22-14-11 = 0.333,11-22-16-41-14-11 = 0.667,11-12-17-27-9 = 0.333,11-12-17-16-41-11 = 0.333,9-30-20-35-9 = 0.815,9-30-18-39-9 = 0.074,11-40-28-13-11 = 0.333,9-25-13-29-11 = 0.333,9-15-24-39-9 = 0.074,9-15-24-21-9 = 0.815,9-21-39-20-35-9 = 0.185,9-25-18-32-34-9 = 0.185,9-25-18-23-34-9 = 0.481,9-18-27-32-9 = 0.111,9-23-18-32-34-9 = 0.148,9-39-27-32-34-9 = 0.185,9-39-23-27-32-9 = 0.37,11-12-17-33-11 = 0.333,9-30-39-24-9 = 0.111
324,301,601.256,5.667,0.166,-0.5,329,330,11-14-11 = 0.167,9-37-9 = 1.0,8-22-16-41-11 = 0.167,8-22-16-41-14-11 = 0.833,8-19-38-36-8 = 1.0,11-31-13-26-11 = 0.5,11-28-31-26-11 = 0.5,11-28-13-11 = 0.167,11-40-33-29-11 = 0.333,11-17-33-29-11 = 0.667,9-30-20-35-9 = 0.667,11-40-28-13-11 = 0.333,11-40-17-27-32-11 = 0.333,9-15-24-21-9 = 1.0,9-25-18-23-34-9 = 0.333,9-25-18-23-39-9 = 0.333,9-25-30-39-34-9 = 0.333,11-18-12-32-8 = 0.333,9-39-23-20-35-9 = 0.333,11-12-27-32-8 = 0.333,11-12-27-34-8 = 0.333
286,257,601.24,6.333,0.321,-0.238,331,332,9-37-9 = 0.667,8-22-14-11 = 0.75,8-22-16-41-14-11 = 0.25,8-19-38-36-8 = 1.0,11-31-13-11 = 0.5,11-28-31-26-11 = 0.5,11-28-13-26-11 = 0.5,11-40-33-29-11 = 0.75,11-12-27-32-9 = 0.5,11-16-17-27-32-9 = 0.25,11-12-17-16-41-11 = 0.5,9-30-20-35-9 = 0.667,11-40-17-27-32-9 = 0.25,9-15-21-37-9 = 0.333,9-15-24-39-9 = 0.333,9-15-24-21-9 = 0.333,9-21-39-20-35-9 = 0.333,11-41-33-29-11 = 0.25,9-30-39-24-9 = 0.333,9-25-18-23-34-8 = 1.0
55,53,601.425,4.667,3.244,-1.5,333,334,11-26-11 = 0.5,9-37-9 = 0.667,8-19-38-36-8 = 1.0,11-31-13-26-11 = 0.5,11-22-16-41-14-11 = 1.0,11-17-33-29-11 = 1.0,9-30-20-35-9 = 0.667,11-40-28-13-11 = 0.5,11-40-28-31-11 = 0.5,9-15-24-21-9 = 1.0,9-25-30-37-9 = 0.333,9-25-12-23-39-9 = 0.333,9-25-20-35-34-9 = 0.333,9-18-27-32-9 = 0.333,9-18-12-23-9 = 0.667,9-39-27-32-34-9 = 0.667
85,41,601.506,5.667,2.211,-1.333,335,336,9-37-9 = 0.833,8-22-14-11 = 0.5,8-22-16-41-14-11 = 0.5,8-19-38-36-8 = 1.0,11-31-13-26-11 = 0.5,11-28-31-26-11 = 0.5,11-28-13-11 = 0.5,11-40-33-29-11 = 1.0,11-12-18-23-9 = 0.5,11-12-17-16-41-11 = 0.5,11-17-20-35-32-8 = 0.5,9-15-24-21-9 = 1.0,9-25-30-37-9 = 0.167,9-18-27-32-9 = 0.167,9-23-27-32-34-9 = 0.167,9-23-18-27-9 = 0.333,9-25-30-39-34-9 = 0.833,9-20-35-27-8 = 0.333,9-39-20-35-32-8 = 0.167
185,171,601.347,7.875,0.737,-0.25,337,338,11-14-11 = 0.312,9-37-9 = 0.625,8-22-19-36-8 = 0.062,8-19-38-36-8 = 0.938,8-22-16-17-41-11 = 0.5,11-31-13-26-11 = 0.5,11-28-31-26-11 = 0.5,11-28-13-11 = 0.5,11-40-33-29-11 = 0.75,8-23-18-27-9 = 0.344,11-22-14-11 = 0.188,11-22-16-41-14-11 = 0.25,11-17-33-29-11 = 0.25,8-23-18-39-21-9 = 0.094,8-23-18-32-34-9 = 0.062,11-40-17-16-41-14-11 = 0.25,9-15-21-37-9 = 0.375,9-15-24-39-9 = 0.031,9-15-24-21-9 = 0.531,9-15-30-35-9 = 0.062,9-25-20-35-34-9 = 0.719,9-39-23-27-35-9 = 0.219,9-25-30-20-9 = 0.281,11-12-23-38-8 = 0.062,9-30-39-24-9 = 0.438,9-30-39-23-34-9 = 0.219,11-12-27-32-8 = 0.438,9-18-12-32-8 = 0.5
247,225,601.275,8.0,0.442,0.273,339,340,9-37-9 = 0.833,8-19-38-34-9 = 0.333,8-19-38-36-8 = 0.167,11-31-13-11 = 0.5,11-28-31-26-11 = 0.5,11-28-13-26-11 = 0.5,11-40-33-29-11 = 0.5,11-22-14-11 = 0.5,11-22-16-41-14-11 = 0.167,11-17-33-29-11 = 0.5,9-30-20-35-9 = 0.5,11-40-17-20-35-9 = 0.167,11-40-17-16-41-14-11 = 0.333,9-15-24-21-9 = 1.0,9-25-30-37-9 = 0.167,9-25-35-27-34-9 = 0.333,9-25-12-27-9 = 0.167,9-18-12-32-9 = 0.667,9-39-27-32-34-9 = 0.333,9-39-12-27-9 = 0.167,9-25-30-20-9 = 0.333,9-39-23-38-36-8 = 0.5,11-22-19-36-8 = 0.333,8-19-23-16-41-11 = 0.167,8-23-18-16-41-11 = 0.333
217,130,601.447,8.0,1.006,-0.833,341,342,11-14-11 = 0.5,9-37-9 = 0.667,8-22-16-41-14-11 = 0.5,8-19-38-36-8 = 1.0,8-22-16-17-41-11 = 0.5,11-31-13-26-11 = 0.5,11-28-31-26-11 = 0.5,11-40-33-29-11 = 0.5,11-17-33-29-11 = 0.5,9-24-39-20-9 = 0.333,9-30-20-35-9 = 0.667,11-40-28-13-11 = 0.5,9-15-21-37-9 = 0.333,9-15-24-39-9 = 0.333,9-15-24-21-9 = 0.333,9-25-30-39-21-9 = 0.333,9-25-35-27-34-9 = 0.333,9-23-27-32-34-9 = 0.333,11-12-18-23-8 = 0.667,11-18-12-32-8 = 0.333,9-25-27-32-34-9 = 0.333
235,84,601.131,7.75,0.159,1.25,343,344,9-37-9 = 1.0,8-19-38-36-8 = 0.5,8-19-12-32-9 = 0.5,11-31-13-11 = 0.25,11-31-13-26-11 = 0.25,11-28-31-26-11 = 0.5,11-28-13-26-11 = 0.25,11-40-33-29-11 = 0.5,11-22-14-11 = 0.375,11-22-16-41-14-11 = 0.625,11-17-33-29-11 = 0.5,11-12-18-39-9 = 0.25,9-30-20-35-9 = 0.5,11-40-28-13-11 = 0.25,9-15-24-21-9 = 1.0,9-25-35-27-34-9 = 0.5,9-18-27-32-9 = 0.25,9-18-27-34-9 = 0.25,9-23-18-17-16-11 = 0.125,9-23-18-17-41-11 = 0.125,9-25-30-20-9 = 0.5,9-39-23-38-36-8 = 0.5,11-40-12-32-34-9 = 0.25,9-39-23-17-16-41-11 = 0.25
344,235,601.273,7.333,0.141,-0.417,345,346,9-37-9 = 0.833,8-19-38-36-8 = 0.5,8-19-12-32-9 = 0.5,11-31-13-11 = 0.5,11-28-31-26-11 = 0.5,11-28-13-26-11 = 0.5,11-40-33-29-11 = 0.5,11-22-14-11 = 0.5,11-22-16-41-14-11 = 0.5,11-17-33-29-11 = 0.5,9-30-20-35-9 = 0.833,9-15-24-21-9 = 1.0,9-25-30-37-9 = 0.167,9-25-18-27-9 = 0.667,9-25-20-35-34-9 = 0.167,9-18-27-34-9 = 0.333,9-39-23-38-36-8 = 0.5,11-40-12-32-34-9 = 0.5,9-39-23-17-16-41-11 = 0.5
221,121,601.121,5.667,0.543,1.667,347,348,11-26-11 = 0.333,9-37-9 = 0.833,8-19-38-36-8 = 1.0,11-31-13-11 = 0.167,11-31-13-26-11 = 0.333,11-28-31-26-11 = 0.333,11-40-33-29-11 = 0.333,11-22-16-17-14-11 = 0.167,11-22-16-41-14-11 = 0.833,11-17-33-29-11 = 0.667,11-18-39-24-9 = 0.167,9-30-20-35-9 = 1.0,11-40-28-13-11 = 0.5,11-40-28-31-11 = 0.167,9-15-21-37-9 = 0.167,9-15-24-21-9 = 0.833,9-25-12-18-9 = 0.333,9-25-12-32-34-9 = 0.5,9-18-12-32-9 = 0.167,9-23-18-27-9 = 0.167,9-39-23-27-32-9 = 0.333,9-39-23-27-34-9 = 0.5,9-25-18-17-41-11 = 0.167
348,221,601.167,5.333,0.046,-0.333,349,350,11-26-11 = 0.5,9-37-9 = 0.667,8-19-38-36-8 = 1.0,11-31-13-26-11 = 0.5,11-22-16-41-14-11 = 1.0,11-17-33-29-11 = 1.0,9-30-20-35-9 = 1.0,11-40-28-13-11 = 0.5,11-40-28-31-11 = 0.5,9-15-21-37-9 = 0.333,9-15-24-39-9 = 0.333,9-15-24-21-9 = 0.333,9-21-39-23-24-9 = 0.333,9-25-12-32-34-9 = 0.667,9-25-18-27-9 = 0.333,9-18-12-32-9 = 0.333,9-23-18-27-9 = 0.333,9-39-23-27-34-9 = 0.333
350,348,601.345,5.333,0.179,0.0,351,352,11-26-11 = 0.5,9-37-9 = 0.667,8-19-38-36-8 = 1.0,11-31-13-26-11 = 0.5,11-22-16-41-14-11 = 1.0,11-17-33-29-11 = 1.0,9-24-21-37-9 = 0.167,9-30-20-35-9 = 1.0,11-40-28-13-11 = 0.5,11-40-28-31-11 = 0.5,9-15-21-37-9 = 0.167,9-15-24-39-9 = 0.167,9-15-24-21-9 = 0.667,9-25-12-18-9 = 0.333,9-25-12-32-34-9 = 0.5,9-25-18-27-9 = 0.167,9-18-12-32-9 = 0.167,9-23-18-27-9 = 0.167,9-39-23-27-32-9 = 0.333,9-39-23-27-34-9 = 0.333,9-23-18-39-34-9 = 0.167
265,264,601.412,7.333,2.542,-0.333,353,354,8-19-8 = 0.667,9-37-9 = 0.167,8-22-14-11 = 0.5,8-22-16-41-14-11 = 0.5,8-19-38-36-8 = 0.333,11-31-13-26-11 = 0.5,11-28-31-26-11 = 0.5,11-28-13-11 = 0.5,11-40-33-29-11 = 1.0,11-12-18-39-9 = 0.458,11-12-17-16-41-11 = 0.5,9-24-21-37-9 = 0.417,9-30-20-35-9 = 1.0,11-17-27-32-34-9 = 0.5,9-15-21-37-9 = 0.417,9-15-24-34-9 = 0.042,9-15-24-39-9 = 0.375,9-15-24-21-9 = 0.167,9-23-27-32-34-9 = 0.042,9-23-18-32-34-9 = 0.25,9-39-27-32-34-9 = 0.167,9-25-18-27-8 = 0.292,9-25-23-38-36-8 = 0.667,11-25-23-12-32-8 = 0.042
93,92,601.515,6.857,2.43,-0.893,355,356,9-37-9 = 1.0,8-19-16-41-14-11 = 0.357,8-22-19-36-8 = 0.357,8-19-38-36-8 = 0.143,11-31-13-11 = 0.286,11-31-13-26-11 = 0.214,11-28-31-26-11 = 0.5,11-28-13-26-11 = 0.286,11-40-33-29-11 = 0.786,11-22-14-11 = 0.357,11-22-16-41-14-11 = 0.286,11-17-33-29-11 = 0.214,11-12-27-35-9 = 0.286,11-16-17-27-35-9 = 0.143,11-17-27-32-34-9 = 0.429,11-40-28-13-11 = 0.214,9-15-24-21-9 = 1.0,9-25-30-35-34-9 = 0.214,9-18-12-32-9 = 0.429,9-18-12-32-11 = 0.143,9-23-18-17-41-11 = 0.143,9-25-30-20-9 = 0.786,9-39-23-38-34-9 = 0.357,9-39-23-38-36-8 = 0.5,8-19-27-35-9 = 0.143,9-18-17-16-41-11 = 0.071,9-39-12-16-41-11 = 0.143,9-18-20-35-9 = 0.214
310,134,601.428,8.5,0.622,-0.357,357,358,8-19-8 = 0.438,9-37-9 = 0.625,11-18-27-32-9 = 0.188,8-22-14-11 = 0.25,8-22-16-41-14-11 = 0.75,8-19-38-36-8 = 0.562,11-31-13-26-11 = 0.5,11-28-31-26-11 = 0.5,11-28-13-11 = 0.312,11-40-33-29-11 = 0.5,11-17-33-29-11 = 0.5,11-12-18-39-9 = 0.187,11-16-27-32-34-9 = 0.25,9-30-35-27-9 = 0.312,11-40-28-13-11 = 0.188,11-40-17-27-32-11 = 0.25,9-15-21-37-9 = 0.375,9-15-24-21-9 = 0.625,9-25-20-35-34-9 = 0.688,9-23-12-17-41-11 = 0.25,9-25-30-20-9 = 0.312,9-39-23-38-36-8 = 0.438,11-12-18-23-8 = 0.312,11-18-12-32-8 = 0.25,9-30-39-24-9 = 0.375,11-40-18-32-34-9 = 0.062
331,286,601.48,5.833,0.239,-0.5,359,360,9-37-9 = 0.667,8-22-14-11 = 0.75,8-19-38-36-8 = 1.0,8-22-16-17-41-11 = 0.25,11-31-13-11 = 0.5,11-28-31-26-11 = 0.5,11-28-13-26-11 = 0.5,11-40-33-29-11 = 0.75,11-12-27-32-9 = 0.75,11-16-17-27-32-9 = 0.25,11-12-17-16-41-11 = 0.25,9-30-20-35-9 = 0.667,11-40-17-16-41-14-11 = 0.25,9-15-21-37-9 = 0.333,9-15-24-39-9 = 0.333,9-15-24-21-9 = 0.333,9-21-39-20-35-9 = 0.333,11-41-33-29-11 = 0.25,9-30-39-24-9 = 0.333,9-25-18-23-34-8 = 1.0
289,188,601.328,8.333,0.298,0.5,361,362,11-14-11 = 0.5,9-37-9 = 0.333,8-22-16-41-14-11 = 0.5,8-22-19-8 = 0.333,8-19-38-36-8 = 0.5,11-31-13-26-11 = 0.5,11-28-31-26-11 = 0.5,11-28-13-11 = 0.5,11-40-33-29-11 = 1.0,11-17-27-20-9 = 0.167,8-18-12-32-8 = 0.5,11-16-17-20-35-9 = 0.167,8-23-18-17-41-11 = 0.167,9-24-21-37-9 = 0.167,9-30-20-35-9 = 0.667,11-17-27-32-34-9 = 0.167,9-15-21-37-9 = 0.167,9-15-24-39-9 = 0.167,9-15-24-21-9 = 0.667,9-25-30-37-9 = 0.333,9-25-35-27-34-9 = 0.167,9-25-12-27-9 = 0.167,9-25-12-32-34-9 = 0.333,9-39-23-27-34-9 = 0.333,9-39-23-38-36-8 = 0.5,11-22-19-8 = 0.167,11-18-17-16-41-11 = 0.333
128,112,601.384,7.708,1.751,0.208,363,364,8-36-8 = 0.042,9-37-9 = 0.875,11-18-27-36-8 = 0.083,11-18-27-34-8 = 0.021,8-22-14-11 = 0.208,8-22-16-41-14-11 = 0.396,8-22-19-8 = 0.292,8-19-38-36-8 = 0.708,8-22-16-17-41-11 = 0.104,8-23-27-32-34-8 = 0.25,11-31-13-26-11 = 0.5,11-28-31-26-11 = 0.5,11-28-13-11 = 0.5,11-40-33-29-11 = 0.604,11-17-33-29-11 = 0.396,11-12-18-39-9 = 0.583,11-12-17-16-41-11 = 0.104,9-30-35-27-9 = 0.25,11-40-17-16-41-14-11 = 0.396,9-25-20-35-32-11 = 0.292,9-15-21-37-9 = 0.125,9-15-24-21-9 = 0.875,9-25-20-35-34-9 = 0.271,9-23-27-32-34-9 = 0.271,9-25-30-20-9 = 0.438,9-39-23-38-36-8 = 0.167,11-12-18-23-8 = 0.312,9-39-27-38-8 = 0.125,9-30-35-32-34-9 = 0.188,9-30-39-24-9 = 0.125
298,295,601.512,7.375,1.129,-0.625,365,366,11-14-11 = 0.062,8-19-8 = 0.75,8-22-14-11 = 0.438,8-22-16-41-14-11 = 0.438,8-22-19-8 = 0.125,8-19-38-36-8 = 0.125,11-31-13-26-11 = 0.5,11-28-31-26-11 = 0.5,11-28-13-11 = 0.5,11-40-33-29-11 = 0.938,11-17-33-29-11 = 0.062,11-12-27-32-9 = 0.25,11-12-27-34-9 = 0.25,8-23-18-27-8 = 0.125,11-12-20-35-9 = 0.5,9-24-20-35-9 = 0.125,9-24-21-37-9 = 0.125,9-30-20-35-9 = 0.375,11-17-27-32-34-9 = 0.375,11-40-17-16-41-14-11 = 0.062,9-15-21-37-9 = 0.25,9-15-24-39-9 = 0.125,9-15-24-21-9 = 0.625,9-25-30-37-9 = 0.625,9-25-18-32-34-9 = 0.375,9-39-23-38-36-8 = 0.875,9-18-17-16-41-11 = 0.5
322,320,601.482,7.6,1.231,-0.344,367,368,8-36-8 = 0.35,9-37-9 = 0.25,11-18-20-35-9 = 0.1,8-22-14-11 = 0.5,8-22-19-8 = 0.35,8-19-38-36-8 = 0.65,11-31-13-26-11 = 0.5,11-28-31-26-11 = 0.5,11-28-13-11 = 0.5,11-40-33-29-11 = 0.75,11-22-16-41-14-11 = 0.15,11-17-33-29-11 = 0.15,11-12-17-16-41-11 = 0.5,8-23-18-32-34-9 = 0.15,11-12-20-35-9 = 0.15,9-30-20-35-9 = 0.25,11-40-17-16-41-14-11 = 0.25,9-15-24-21-9 = 1.0,9-25-30-37-9 = 0.75,9-25-18-23-34-9 = 0.25,9-39-27-32-34-9 = 0.55,9-39-23-27-34-9 = 0.05,11-41-33-29-11 = 0.1,11-12-23-38-8 = 0.25,9-39-27-38-8 = 0.1,11-12-17-16-14-11 = 0.1,9-18-20-35-9 = 0.5,9-39-23-27-32-8 = 0.3
314,311,601.487,7.333,0.339,-0.111,369,370,11-14-11 = 0.333,9-37-9 = 0.333,8-22-16-41-11 = 0.167,8-19-38-36-8 = 1.0,8-22-16-17-41-11 = 0.333,11-31-13-26-11 = 0.5,11-28-31-26-11 = 0.5,11-28-13-11 = 0.5,11-40-33-29-11 = 0.667,11-22-14-11 = 0.5,11-16-17-20-35-9 = 0.333,8-23-18-27-8 = 0.5,9-30-20-35-9 = 0.333,11-40-17-20-35-9 = 0.167,11-40-17-16-41-14-11 = 0.167,9-15-24-39-9 = 0.167,9-15-24-21-9 = 0.833,9-21-39-20-35-9 = 0.167,9-25-30-37-9 = 0.667,9-25-12-32-34-9 = 0.333,9-39-12-32-34-9 = 0.667,11-41-33-29-11 = 0.333,9-23-18-27-8 = 0.5
282,186,601.472,8.0,0.519,-0.0,371,372,11-14-11 = 0.5,9-37-9 = 0.333,8-22-19-8 = 0.333,8-19-38-36-8 = 0.667,8-22-16-17-41-11 = 0.333,11-31-13-26-11 = 0.5,11-28-31-26-11 = 0.5,11-28-13-11 = 0.5,11-40-33-29-11 = 0.667,11-22-16-41-14-11 = 0.167,11-17-33-29-11 = 0.333,11-12-27-32-9 = 0.333,8-23-12-32-34-9 = 0.167,8-23-18-27-8 = 0.5,11-40-17-16-41-14-11 = 0.333,9-15-21-37-9 = 0.667,9-15-24-21-9 = 0.333,9-25-20-35-34-9 = 0.833,9-18-12-32-9 = 0.5,9-25-30-20-9 = 0.167,9-39-23-38-36-8 = 0.333,9-30-39-24-9 = 0.667,11-22-16-41-11 = 0.167,9-30-35-27-8 = 0.167
353,265,601.479,7.312,0.067,-0.021,373,374,8-19-8 = 0.688,9-37-9 = 0.125,8-22-14-11 = 0.531,8-22-16-41-14-11 = 0.469,8-19-38-36-8 = 0.312,11-31-13-11 = 0.5,11-28-31-26-11 = 0.5,11-28-13-26-11 = 0.5,11-40-33-29-11 = 0.938,11-17-33-29-11 = 0.031,11-12-18-39-9 = 0.437,11-16-27-32-34-9 = 0.031,11-12-17-16-41-11 = 0.5,9-24-21-37-9 = 0.438,9-30-20-35-9 = 1.0,11-17-27-32-34-9 = 0.469,9-15-21-37-9 = 0.438,9-15-24-39-9 = 0.438,9-15-24-21-9 = 0.125,9-23-27-32-34-9 = 0.062,9-23-18-32-34-9 = 0.25,9-39-27-32-34-9 = 0.125,11-41-33-29-11 = 0.031,11-40-12-32-34-9 = 0.062,9-25-18-27-8 = 0.312,9-25-23-38-36-8 = 0.688
177,176,601.642,2.0,0.798,-1.0,375,376,8-19-8 = 1.0,11-26-11 = 0.5,9-37-9 = 1.0,8-22-16-41-14-11 = 1.0,11-31-13-11 = 0.5,11-28-31-26-11 = 0.5,11-28-13-11 = 0.5,11-40-33-29-11 = 1.0,9-30-20-35-9 = 1.0,11-17-27-32-34-9 = 1.0,9-15-24-21-9 = 1.0,9-25-12-18-9 = 1.0,9-39-23-38-36-8 = 1.0
346,344,601.633,6.5,0.361,-0.833,377,378,9-37-9 = 1.0,8-22-19-36-8 = 0.25,8-19-38-34-9 = 0.25,8-19-38-36-8 = 0.25,8-19-12-32-9 = 0.25,11-31-13-26-11 = 0.5,11-28-31-26-11 = 0.5,11-28-13-11 = 0.5,11-40-33-29-11 = 0.5,11-22-14-11 = 0.25,11-22-16-41-14-11 = 0.5,11-17-33-29-11 = 0.5,11-12-18-34-9 = 0.25,9-30-20-35-9 = 1.0,9-15-24-21-9 = 1.0,9-25-18-27-9 = 0.75,9-39-23-27-32-11 = 0.25,9-25-17-16-41-14-11 = 0.25,9-39-23-38-36-8 = 0.5,11-40-12-32-34-9 = 0.5,9-39-23-17-16-41-11 = 0.25
245,203,601.698,6.5,0.911,-1.125,379,380,9-37-9 = 1.0,8-22-19-8 = 1.0,8-12-27-32-9 = 0.25,11-31-13-26-11 = 0.5,11-28-31-14-11 = 0.5,11-28-13-26-11 = 0.5,11-40-33-29-11 = 0.5,8-23-18-27-9 = 0.25,9-30-20-35-9 = 0.5,11-40-17-16-41-14-11 = 0.5,9-15-24-21-9 = 0.75,9-25-30-39-21-9 = 0.25,9-25-20-35-34-9 = 0.5,9-18-12-32-9 = 0.75,9-25-30-24-9 = 0.25,11-41-33-29-11 = 0.5,9-15-38-36-8 = 0.25,9-39-23-38-36-8 = 0.75,8-16-17-27-34-9 = 0.5
174,160,601.552,6.571,1.162,-0.151,381,382,11-14-11 = 0.143,9-37-9 = 0.786,8-22-14-11 = 0.286,8-22-16-41-14-11 = 0.286,8-19-38-36-8 = 1.0,8-22-16-17-41-11 = 0.429,11-31-13-26-11 = 0.5,11-28-31-26-11 = 0.5,11-28-13-11 = 0.5,11-40-33-29-11 = 0.714,11-17-33-29-11 = 0.286,11-12-23-24-9 = 0.071,9-30-35-27-9 = 0.071,11-40-17-16-41-14-11 = 0.286,9-15-21-37-9 = 0.214,9-15-24-21-9 = 0.786,9-25-20-35-34-9 = 0.429,9-39-23-27-35-9 = 0.357,9-39-23-27-34-9 = 0.429,9-25-30-20-9 = 0.571,11-18-12-32-8 = 0.857,11-18-12-32-11 = 0.071,9-30-39-24-9 = 0.143,9-30-39-23-34-9 = 0.071,9-30-35-27-8 = 0.143,11-23-18-32-34-9 = 0.071
46,26,601.532,6.0,3.694,-0.0,383,384,11-14-11 = 0.357,9-37-9 = 0.571,11-18-27-32-11 = 0.143,8-19-38-36-8 = 1.0,11-31-13-26-11 = 0.5,11-28-31-26-11 = 0.5,11-28-13-11 = 0.5,11-40-33-29-11 = 1.0,11-22-16-41-14-11 = 0.643,9-30-20-35-9 = 0.571,9-15-24-21-9 = 1.0,9-25-30-37-9 = 0.429,9-25-18-23-34-9 = 0.143,9-25-20-35-34-9 = 0.429,9-18-27-34-9 = 0.143,9-23-12-17-32-9 = 0.143,9-23-18-27-9 = 0.429,9-39-23-27-34-9 = 0.286,9-39-12-17-32-9 = 0.714,11-22-16-41-11 = 0.357,9-18-12-17-9 = 0.143
90,68,601.491,8.75,2.458,0.25,385,386,11-14-11 = 0.5,9-37-9 = 0.375,8-22-16-41-14-11 = 0.5,8-22-19-8 = 0.375,8-22-19-36-8 = 0.125,8-19-38-36-8 = 0.5,11-31-13-11 = 0.5,11-28-31-26-11 = 0.5,11-28-13-26-11 = 0.5,11-40-33-29-11 = 0.75,8-12-18-23-8 = 0.375,11-16-17-27-35-9 = 0.125,11-17-27-32-34-9 = 0.375,11-40-17-27-35-9 = 0.25,9-15-21-37-9 = 0.625,9-15-24-21-9 = 0.375,9-25-20-35-34-9 = 0.625,9-18-12-32-9 = 0.25,9-18-12-32-11 = 0.25,9-23-12-16-41-11 = 0.125,9-25-30-20-9 = 0.375,11-41-33-29-11 = 0.25,11-17-27-38-8 = 0.125,9-39-23-38-36-8 = 0.375,9-30-39-24-9 = 0.625,11-16-17-27-32-8 = 0.125,8-23-18-16-41-11 = 0.125
386,90,601.137,3.0,-0.353,-5.75,387,388,11-14-11 = 0.5,8-22-16-41-11 = 0.5,8-22-16-41-14-11 = 0.5,8-19-38-36-8 = 1.0,11-31-13-11 = 0.5,11-28-31-26-11 = 0.5,11-28-13-26-11 = 0.5,11-40-33-29-11 = 1.0,11-17-27-32-34-9 = 1.0,9-25-20-35-9 = 1.0,9-15-21-37-9 = 1.0,9-30-39-24-9 = 1.0,9-18-12-23-8 = 1.0
277,218,601.578,8.0,0.562,-0.167,389,390,9-37-9 = 0.5,8-22-14-11 = 0.75,8-22-19-8 = 0.25,8-19-38-36-8 = 0.75,11-31-13-26-11 = 0.5,11-28-31-26-11 = 0.5,11-28-13-11 = 0.5,11-40-33-29-11 = 0.75,11-12-18-39-9 = 0.25,11-16-17-32-34-9 = 0.25,11-12-17-16-41-11 = 0.5,9-24-39-20-9 = 0.25,9-30-20-35-9 = 0.625,11-40-17-16-41-14-11 = 0.25,9-15-21-37-9 = 0.25,9-15-24-39-9 = 0.125,9-15-24-21-9 = 0.625,9-25-30-37-9 = 0.25,9-25-30-39-21-9 = 0.125,9-25-35-27-32-9 = 0.125,9-25-35-27-34-9 = 0.125,11-41-33-29-11 = 0.25,9-39-23-38-36-8 = 0.25,11-12-18-23-8 = 0.25,9-25-27-32-34-9 = 0.375,9-27-20-35-9 = 0.125,8-23-18-32-34-8 = 0.25,9-23-18-27-8 = 0.25
280,216,601.943,2.0,0.888,-3.0,391,392,11-26-11 = 0.5,8-22-16-41-14-11 = 1.0,8-19-38-36-8 = 1.0,11-31-13-11 = 0.5,11-28-31-26-11 = 0.5,11-28-13-11 = 0.5,11-40-33-29-11 = 1.0,11-17-27-32-34-9 = 1.0,9-21-39-20-35-9 = 1.0,9-25-30-37-9 = 1.0,9-15-24-9 = 1.0,9-18-12-23-8 = 1.0
194,192,601.619,7.333,1.147,-0.333,393,394,11-14-11 = 0.056,9-37-9 = 0.778,8-22-14-11 = 0.444,8-22-19-8 = 0.056,8-19-38-36-8 = 0.944,8-23-12-27-8 = 0.5,11-31-13-26-11 = 0.5,11-28-31-26-11 = 0.5,11-28-13-11 = 0.5,11-40-33-29-11 = 0.944,11-22-16-41-14-11 = 0.5,11-17-33-29-11 = 0.056,11-17-20-35-34-9 = 0.389,8-23-12-32-34-9 = 0.056,9-30-20-35-9 = 0.556,11-17-27-32-34-9 = 0.5,11-40-17-20-35-9 = 0.056,9-15-24-39-9 = 0.389,9-15-24-21-9 = 0.611,9-21-39-23-16-41-11 = 0.167,9-25-30-37-9 = 0.222,9-25-30-39-21-9 = 0.222,9-25-18-23-34-9 = 0.056,9-25-18-23-39-9 = 0.167,9-39-23-38-36-8 = 0.056,9-25-18-16-41-11 = 0.333,9-18-12-32-8 = 0.444
366,298,601.607,7.143,0.095,-0.232,395,396,8-19-8 = 0.857,8-22-14-11 = 0.429,8-22-16-41-14-11 = 0.5,8-22-19-8 = 0.071,8-19-38-36-8 = 0.071,11-31-13-11 = 0.5,11-28-31-26-11 = 0.5,11-28-13-26-11 = 0.5,11-40-33-29-11 = 0.929,11-17-33-29-11 = 0.071,11-12-27-32-9 = 0.214,11-12-27-34-9 = 0.286,11-16-17-27-32-11 = 0.071,8-23-18-27-8 = 0.071,11-12-20-35-9 = 0.5,9-24-21-37-9 = 0.143,9-30-20-35-9 = 0.357,11-17-27-32-34-9 = 0.357,11-40-17-16-41-14-11 = 0.071,9-15-21-37-9 = 0.214,9-15-24-39-9 = 0.143,9-15-24-21-9 = 0.643,9-25-30-37-9 = 0.643,9-25-18-32-34-9 = 0.357,9-23-18-17-41-11 = 0.071,9-39-23-38-36-8 = 0.857,9-24-38-36-8 = 0.071,9-18-17-16-41-11 = 0.357,9-18-20-35-9 = 0.143
227,117,601.838,6.125,1.256,-1.875,397,398,9-37-9 = 0.833,8-22-14-11 = 0.75,8-19-38-36-8 = 1.0,8-23-27-32-34-9 = 0.167,11-31-13-11 = 0.5,11-28-31-26-11 = 0.5,11-28-13-26-11 = 0.5,11-40-33-29-11 = 0.75,8-23-39-20-35-9 = 0.083,11-22-16-17-41-11 = 0.25,9-30-20-35-9 = 0.583,11-40-17-16-41-14-11 = 0.25,9-15-24-39-9 = 0.333,9-15-24-21-9 = 0.667,9-21-39-20-35-9 = 0.333,9-25-30-37-9 = 0.167,9-25-18-23-34-9 = 0.583,9-25-30-39-34-9 = 0.25,11-41-33-29-11 = 0.125,11-16-17-33-11 = 0.125,11-12-18-23-8 = 0.167,9-18-17-16-41-11 = 0.25,11-17-16-41-29-11 = 0.125,11-12-27-32-8 = 0.833
390,277,601.582,8.0,0.005,0.0,399,400,8-19-8 = 0.125,9-37-9 = 0.375,8-22-14-11 = 0.75,8-22-19-8 = 0.25,8-19-38-36-8 = 0.625,11-31-13-11 = 0.5,11-28-31-26-11 = 0.5,11-28-13-26-11 = 0.5,11-40-33-29-11 = 0.75,11-12-18-39-9 = 0.375,11-16-17-32-34-9 = 0.25,11-12-17-16-41-11 = 0.5,9-24-39-20-9 = 0.25,9-30-20-35-9 = 0.625,11-40-17-16-41-14-11 = 0.25,9-15-21-37-9 = 0.25,9-15-24-21-9 = 0.75,9-25-30-37-9 = 0.375,9-25-35-27-32-9 = 0.125,9-25-35-27-34-9 = 0.125,11-41-33-29-11 = 0.25,9-39-23-38-36-8 = 0.375,11-12-18-23-8 = 0.125,9-25-27-32-34-9 = 0.375,9-27-20-35-9 = 0.125,8-23-18-32-34-8 = 0.25,9-23-18-27-8 = 0.25
367,322,601.61,7.5,0.128,-0.1,401,402,8-36-8 = 0.312,9-37-9 = 0.312,11-18-20-35-9 = 0.125,8-22-14-11 = 0.5,8-22-19-8 = 0.312,8-22-19-36-8 = 0.062,8-19-38-36-8 = 0.625,11-31-13-11 = 0.5,11-28-31-26-11 = 0.5,11-28-13-26-11 = 0.5,11-40-33-29-11 = 0.75,11-22-16-41-14-11 = 0.125,11-17-33-29-11 = 0.125,8-18-20-35-9 = 0.188,11-12-17-16-41-11 = 0.5,11-12-20-35-9 = 0.375,9-30-20-35-9 = 0.312,11-40-17-16-41-14-11 = 0.25,9-15-24-21-9 = 1.0,9-25-30-37-9 = 0.688,9-25-18-23-34-9 = 0.312,9-39-27-32-34-9 = 0.688,11-41-33-29-11 = 0.125,11-12-17-16-14-11 = 0.125,9-18-23-38-8 = 0.375,9-39-23-27-32-8 = 0.312
290,188,601.737,7.083,0.708,-0.75,403,404,11-14-11 = 0.292,9-37-9 = 0.639,11-18-20-35-9 = 0.264,8-22-14-11 = 0.208,8-22-16-41-14-11 = 0.5,8-22-19-36-8 = 0.292,8-19-38-36-8 = 0.708,11-31-13-26-11 = 0.5,11-28-31-26-11 = 0.5,11-28-13-11 = 0.5,11-40-33-29-11 = 1.0,8-12-18-39-9 = 0.236,11-16-17-20-35-9 = 0.056,8-23-18-17-41-11 = 0.056,9-24-39-20-9 = 0.042,9-30-20-35-9 = 0.639,9-15-21-37-9 = 0.042,9-15-24-21-9 = 0.958,9-25-30-37-9 = 0.319,9-25-12-32-34-9 = 0.167,9-25-12-23-34-9 = 0.431,9-39-12-32-34-9 = 0.167,9-25-30-39-34-9 = 0.042,11-17-27-38-8 = 0.292,11-18-17-16-41-11 = 0.444,11-17-27-32-34-8 = 0.153,9-25-35-27-34-8 = 0.042,9-39-23-27-32-8 = 0.514
329,324,601.596,5.964,0.34,0.298,405,406,11-14-11 = 0.161,8-36-8 = 0.071,9-37-9 = 0.875,8-22-14-11 = 0.143,8-22-16-41-11 = 0.089,8-22-16-41-14-11 = 0.696,8-22-19-8 = 0.071,8-19-38-36-8 = 0.929,11-31-13-26-11 = 0.5,11-28-31-26-11 = 0.5,11-40-33-29-11 = 0.268,11-17-33-29-11 = 0.732,11-12-18-16-11 = 0.054,11-18-39-24-9 = 0.125,9-30-20-35-9 = 0.625,11-40-28-13-11 = 0.5,11-40-17-27-32-11 = 0.143,9-15-21-37-9 = 0.125,9-15-24-21-9 = 0.875,9-25-18-23-34-9 = 0.5,9-25-18-23-39-9 = 0.125,9-23-18-17-41-11 = 0.125,9-25-30-39-34-9 = 0.375,11-40-12-16-41-11 = 0.089,11-18-12-32-8 = 0.071,9-39-23-20-35-9 = 0.25,9-39-20-35-34-9 = 0.125,11-16-27-38-8 = 0.071,11-12-27-32-8 = 0.786
351,350,602.057,2.0,0.712,-3.333,407,408,11-26-11 = 0.5,8-19-38-36-8 = 1.0,11-31-13-26-11 = 0.5,11-22-16-41-14-11 = 1.0,11-17-33-29-11 = 1.0,9-30-20-35-9 = 1.0,11-40-28-13-11 = 0.5,11-40-28-31-11 = 0.5,9-25-37-9 = 1.0,9-15-24-21-9 = 1.0,9-23-18-27-9 = 1.0,9-39-12-32-34-9 = 1.0
408,351,606.152,0.0,4.094,-2.0,Integer,,8-19-38-36-8 = 1.0,11-31-13-26-11 = 1.0,11-28-29-11 = 1.0,11-22-16-41-14-11 = 1.0,9-30-20-35-9 = 1.0,9-25-37-9 = 1.0,9-15-24-21-9 = 1.0,9-23-18-27-9 = 1.0,9-39-12-32-34-9 = 1.0,11-40-17-33-11 = 1.0
304,244,601.54,6.667,0.518,0.667,409,410,9-15-9 = 0.167,9-37-9 = 1.0,8-19-16-41-14-11 = 0.5,8-22-19-36-8 = 0.5,11-31-13-11 = 0.5,11-28-31-26-11 = 0.5,11-28-13-26-11 = 0.5,11-40-33-29-11 = 1.0,11-22-16-41-14-11 = 0.5,11-17-27-38-9 = 0.5,9-30-20-35-9 = 0.833,11-17-27-32-34-9 = 0.5,9-15-24-21-9 = 0.833,9-25-12-18-9 = 0.167,9-25-12-23-34-9 = 0.333,9-25-18-23-39-9 = 0.167,9-25-18-39-21-9 = 0.167,9-25-20-35-34-9 = 0.167,9-18-12-32-11 = 0.5,9-39-23-38-36-8 = 0.5,9-30-39-24-9 = 0.167
410,304,601.978,4.0,0.438,-2.667,411,412,9-37-9 = 1.0,8-22-14-11 = 0.25,8-19-16-41-14-11 = 0.5,8-22-19-36-8 = 0.25,11-31-13-26-11 = 0.5,11-28-31-26-11 = 0.5,11-28-13-11 = 0.5,11-40-33-29-11 = 1.0,11-22-16-41-14-11 = 0.25,9-30-20-35-9 = 1.0,11-17-27-32-34-9 = 1.0,9-15-24-21-9 = 1.0,9-25-12-18-9 = 0.75,11-22-19-16-11 = 0.25,9-39-23-38-36-8 = 0.75,9-18-12-41-11 = 0.25,9-25-39-23-38-9 = 0.25
412,410,609.757,0.0,7.778,0.0,Prune by CG,,11-14-11 = 0.167,9-37-9 = 0.944,8-22-16-27-9 = 0.333,8-19-16-41-14-11 = 0.667,11-31-13-26-11 = 0.5,11-28-31-26-11 = 0.5,11-28-13-11 = 0.5,11-40-33-29-11 = 1.0,9-30-20-35-9 = 0.944,11-17-27-32-34-9 = 0.667,9-15-21-37-9 = 0.056,9-15-24-21-9 = 0.944,9-25-12-18-9 = 0.167,9-25-12-23-39-9 = 0.167,9-25-18-23-39-9 = 0.333,9-18-12-32-11 = 0.333,9-39-23-38-36-8 = 0.389,11-22-19-36-8 = 0.333,11-22-38-34-9 = 0.333,9-30-39-24-9 = 0.056,9-25-17-38-36-8 = 0.278,9-25-17-20-35-9 = 0.056,9-39-12-41-14-11 = 0.056,9-23-12-41-14-11 = 0.111,9-18-12-41-11 = 0.167
356,93,601.671,6.667,0.155,-0.19,413,414,9-37-9 = 1.0,8-19-16-41-14-11 = 0.333,8-22-19-36-8 = 0.5,8-19-38-36-8 = 0.167,11-31-13-11 = 0.5,11-28-31-26-11 = 0.5,11-28-13-26-11 = 0.5,11-40-33-29-11 = 1.0,11-22-14-11 = 0.167,11-22-16-41-14-11 = 0.333,11-12-27-35-9 = 0.333,11-16-17-27-35-9 = 0.333,11-17-27-32-34-9 = 0.333,9-15-24-21-9 = 0.833,9-21-39-20-35-9 = 0.167,9-25-30-35-34-9 = 0.167,9-15-24-9 = 0.167,9-18-12-32-9 = 0.333,9-18-12-32-11 = 0.333,9-23-18-17-41-11 = 0.167,9-25-30-20-9 = 0.833,9-39-23-38-34-9 = 0.5,9-39-23-38-36-8 = 0.333,9-18-17-41-14-11 = 0.167
28,15,601.928,5.143,5.037,-1.657,415,416,9-37-9 = 1.0,8-19-38-36-8 = 1.0,11-31-13-11 = 0.143,11-31-13-26-11 = 0.238,11-28-31-26-11 = 0.619,11-28-13-26-11 = 0.143,11-40-33-29-11 = 0.762,11-22-14-11 = 0.429,11-22-16-17-41-11 = 0.333,11-22-16-41-14-11 = 0.238,11-12-18-23-9 = 0.667,9-30-20-35-9 = 0.81,11-40-28-13-11 = 0.238,9-25-13-29-11 = 0.238,9-25-20-27-9 = 0.048,9-15-24-39-9 = 0.143,9-15-24-21-9 = 0.857,9-25-30-39-21-9 = 0.143,9-25-35-27-32-11 = 0.095,9-25-20-35-34-9 = 0.095,9-23-12-27-9 = 0.143,9-23-12-32-34-9 = 0.19,9-39-27-32-34-9 = 0.714,9-25-30-20-9 = 0.048,9-25-17-16-41-14-11 = 0.333,11-18-17-33-11 = 0.238,11-18-17-16-41-11 = 0.095
416,28,607.519,0.0,5.591,0.0,Prune by CG,,11-14-11 = 0.417,9-37-9 = 0.333,8-19-38-36-8 = 1.0,11-31-13-11 = 0.5,11-28-31-26-11 = 0.5,11-28-13-26-11 = 0.5,11-40-33-29-11 = 0.917,11-22-14-11 = 0.417,11-22-16-17-41-11 = 0.5,11-22-16-41-14-11 = 0.083,11-17-33-29-11 = 0.083,11-12-18-23-9 = 0.667,9-24-21-37-9 = 0.333,9-30-20-35-9 = 0.667,11-40-17-16-41-14-11 = 0.083,9-25-20-27-11 = 0.333,9-15-21-37-9 = 0.333,9-15-24-39-9 = 0.333,9-15-24-21-9 = 0.333,9-25-35-27-32-11 = 0.333,9-23-12-32-34-9 = 0.333,9-39-27-32-34-9 = 0.333,9-25-30-39-34-9 = 0.333,11-18-17-16-41-11 = 0.333
415,28,601.206,3.0,-0.722,-2.143,417,418,9-37-9 = 1.0,8-19-38-36-8 = 1.0,11-31-13-26-11 = 0.5,11-28-31-26-11 = 0.5,11-40-33-29-11 = 1.0,11-22-14-11 = 0.5,11-22-16-17-41-11 = 0.5,11-12-18-23-9 = 1.0,9-30-20-35-9 = 1.0,9-15-24-21-9 = 1.0,9-39-27-32-34-9 = 1.0,9-25-17-16-41-14-11 = 0.5,9-25-28-13-11 = 0.5
242,239,601.16,6.167,1.037,3.167,419,420,9-37-9 = 1.0,8-22-19-36-8 = 0.333,8-19-38-36-8 = 0.667,11-31-13-11 = 0.5,11-28-31-26-11 = 0.5,11-28-13-26-11 = 0.5,11-40-33-29-11 = 0.667,11-22-14-11 = 0.667,11-17-33-29-11 = 0.333,11-12-18-39-9 = 0.667,9-30-20-35-9 = 0.667,9-15-24-21-9 = 1.0,9-25-35-27-32-9 = 0.333,9-23-27-32-34-9 = 0.667,9-25-30-20-9 = 0.333,9-39-23-38-34-9 = 0.333,9-25-17-16-41-14-11 = 0.333,11-40-12-16-41-11 = 0.333,9-18-17-16-41-11 = 0.333
419,242,609.227,0.0,8.066,0.0,Prune by CG,,9-15-9 = 0.25,11-26-11 = 0.5,9-37-9 = 1.0,8-19-38-36-8 = 1.0,11-31-13-11 = 0.5,11-28-31-26-11 = 0.5,11-28-13-11 = 0.5,11-40-33-29-11 = 0.5,11-22-14-11 = 1.0,11-17-33-29-11 = 0.5,11-12-18-39-9 = 0.5,9-30-20-35-9 = 0.5,9-25-20-35-9 = 0.25,9-15-24-21-9 = 0.75,9-25-30-39-21-9 = 0.25,9-25-20-35-34-9 = 0.25,9-23-27-32-34-9 = 0.75,9-39-23-27-32-9 = 0.25,9-25-30-24-9 = 0.25,11-40-12-16-41-11 = 0.5,9-18-17-16-41-11 = 0.5
420,242,601.467,7.333,0.306,1.167,421,422,9-37-9 = 0.833,8-22-19-36-8 = 0.5,8-19-38-36-8 = 0.5,11-31-13-11 = 0.5,11-28-31-26-11 = 0.5,11-28-13-26-11 = 0.5,11-40-33-29-11 = 0.667,11-22-14-11 = 0.5,11-17-33-29-11 = 0.333,11-12-18-39-9 = 0.5,11-18-12-32-9 = 0.167,9-30-20-35-9 = 0.833,9-25-20-27-9 = 0.167,9-15-24-21-9 = 1.0,9-25-30-37-9 = 0.167,9-25-35-27-32-9 = 0.167,9-18-27-32-9 = 0.167,9-23-27-32-34-9 = 0.5,9-39-23-38-34-9 = 0.5,9-25-17-16-41-14-11 = 0.5,11-40-12-16-41-11 = 0.333,9-18-17-16-41-11 = 0.167
292,273,601.282,9.0,0.225,3.0,423,424,9-37-9 = 0.5,8-22-14-11 = 0.5,8-22-16-41-14-11 = 0.5,8-19-38-36-8 = 0.5,8-19-36-8 = 0.5,11-31-13-26-11 = 0.5,11-28-31-26-11 = 0.5,11-28-13-11 = 0.5,11-40-33-29-11 = 1.0,11-12-17-16-41-11 = 0.5,11-18-12-32-9 = 0.5,9-24-20-35-9 = 0.5,9-30-20-35-9 = 0.5,11-17-27-32-34-9 = 0.5,9-15-21-37-9 = 0.5,9-15-24-21-9 = 0.5,9-18-27-34-9 = 0.5,9-25-30-39-23-8 = 0.5,9-25-39-23-38-8 = 0.5
381,174,601.69,6.5,0.137,-0.071,425,426,11-14-11 = 0.25,9-37-9 = 0.667,8-22-14-11 = 0.25,8-22-16-41-14-11 = 0.25,8-19-38-36-8 = 1.0,8-22-16-17-41-11 = 0.5,11-31-13-26-11 = 0.5,11-28-31-26-11 = 0.5,11-28-13-11 = 0.5,11-40-33-29-11 = 0.75,11-17-33-29-11 = 0.25,9-24-21-37-9 = 0.167,9-30-35-27-9 = 0.167,11-40-17-16-41-14-11 = 0.25,9-15-21-37-9 = 0.167,9-15-24-34-9 = 0.167,9-15-24-21-9 = 0.667,9-25-20-35-34-9 = 0.333,9-39-23-27-35-9 = 0.5,9-39-23-27-34-9 = 0.333,9-25-30-20-9 = 0.667,11-18-12-32-8 = 1.0,9-30-39-23-34-9 = 0.167
426,381,606.43,0.0,4.74,0.0,Prune by CG,,9-37-9 = 0.667,8-22-14-11 = 1.0,8-19-38-36-8 = 1.0,11-31-13-26-11 = 0.5,11-28-31-26-11 = 0.5,11-28-13-11 = 0.5,11-40-33-29-11 = 0.25,11-17-33-29-11 = 0.25,9-24-21-37-9 = 0.167,9-30-35-27-9 = 0.167,9-15-21-37-9 = 0.167,9-15-24-34-9 = 0.167,9-15-24-21-9 = 0.667,9-25-20-35-34-9 = 0.333,9-39-23-27-35-9 = 0.5,9-39-23-27-34-9 = 0.333,9-25-30-20-9 = 0.667,11-41-33-29-11 = 0.25,11-18-12-32-8 = 1.0,11-40-17-16-41-11 = 0.75,9-30-39-23-34-9 = 0.167,11-16-33-29-11 = 0.25
388,386,601.935,2.0,0.798,-1.0,427,428,11-26-11 = 0.5,8-22-16-41-14-11 = 1.0,8-19-38-36-8 = 1.0,11-31-13-11 = 0.5,11-28-31-26-11 = 0.5,11-28-13-11 = 0.5,11-40-33-29-11 = 1.0,11-17-27-32-34-9 = 1.0,9-25-20-35-9 = 1.0,9-15-21-37-9 = 1.0,9-30-39-24-9 = 1.0,9-18-12-23-8 = 1.0
427,388,609.503,0.0,7.567,0.0,Prune by CG,,11-26-11 = 0.5,11-13-29-11 = 0.5,8-22-16-41-14-11 = 1.0,8-19-38-36-8 = 1.0,11-28-31-11 = 0.5,11-28-31-26-11 = 0.5,11-40-33-29-11 = 0.5,11-40-33-13-11 = 0.5,11-17-27-32-34-9 = 1.0,9-25-20-35-9 = 1.0,9-15-21-37-9 = 1.0,9-30-39-24-9 = 1.0,9-18-12-23-8 = 1.0
428,388,609.434,0.0,7.498,0.0,Prune by CG,,11-26-11 = 0.25,9-37-9 = 0.25,8-22-14-11 = 0.25,8-22-16-41-14-11 = 0.667,8-19-16-41-14-11 = 0.083,8-19-38-36-8 = 0.833,11-31-13-11 = 0.25,11-31-13-26-11 = 0.75,11-28-29-11 = 0.5,11-28-33-11 = 0.5,11-40-33-29-11 = 0.5,11-40-12-23-39-9 = 0.083,11-17-27-32-34-9 = 0.667,11-40-17-27-35-9 = 0.25,9-25-20-35-9 = 0.417,9-15-21-37-9 = 0.75,9-15-24-21-9 = 0.25,9-25-20-35-34-9 = 0.333,9-25-30-20-9 = 0.25,9-39-23-38-36-8 = 0.167,11-22-19-8 = 0.083,11-40-12-16-41-11 = 0.083,9-30-39-24-9 = 0.75,8-23-18-16-41-11 = 0.167,9-18-12-32-8 = 0.25,9-18-12-23-8 = 0.583,11-40-17-27-32-8 = 0.083
352,350,601.787,5.333,0.442,-0.0,429,430,11-26-11 = 0.5,9-37-9 = 0.667,8-19-38-36-8 = 1.0,11-31-13-26-11 = 0.5,11-22-16-41-14-11 = 1.0,11-17-33-29-11 = 1.0,9-24-21-37-9 = 0.333,9-30-20-35-9 = 1.0,11-40-28-13-11 = 0.5,11-40-28-31-11 = 0.5,9-15-24-21-9 = 0.667,9-15-39-23-34-9 = 0.333,9-25-12-18-9 = 0.333,9-25-12-32-34-9 = 0.333,9-25-18-27-9 = 0.333,9-18-12-32-9 = 0.333,9-39-23-27-32-9 = 0.333,9-39-23-27-34-9 = 0.333
429,352,601.803,2.0,0.016,-3.333,431,432,11-26-11 = 0.5,8-19-38-36-8 = 1.0,11-31-13-26-11 = 0.5,11-22-16-41-14-11 = 1.0,11-17-33-29-11 = 1.0,9-30-20-35-9 = 1.0,11-40-28-13-11 = 0.5,11-40-28-31-11 = 0.5,9-25-37-9 = 1.0,9-15-24-21-9 = 1.0,9-18-12-32-9 = 1.0,9-39-23-27-34-9 = 1.0
431,429,608.403,0.0,6.6,0.0,Prune by CG,,11-26-11 = 0.5,8-19-38-36-8 = 1.0,11-28-31-26-11 = 0.5,11-22-16-41-14-11 = 1.0,11-17-33-13-11 = 0.5,11-17-33-29-11 = 0.5,9-30-20-35-9 = 1.0,11-40-28-31-11 = 0.5,9-25-37-9 = 1.0,9-15-24-21-9 = 1.0,9-18-12-32-9 = 1.0,9-39-23-27-34-9 = 1.0,11-40-13-29-11 = 0.5
432,429,605.898,0.0,4.094,-2.0,Integer,,8-19-38-36-8 = 1.0,11-31-13-26-11 = 1.0,11-28-29-11 = 1.0,11-22-16-41-14-11 = 1.0,9-30-20-35-9 = 1.0,9-25-37-9 = 1.0,9-15-24-21-9 = 1.0,9-18-12-32-9 = 1.0,9-39-23-27-34-9 = 1.0,11-40-17-33-11 = 1.0
220,60,601.94,5.667,1.358,-1.0,433,434,9-37-9 = 0.667,8-19-38-36-8 = 1.0,11-31-13-26-11 = 0.333,11-28-31-26-11 = 0.667,11-40-33-29-11 = 0.333,11-22-14-11 = 1.0,11-17-33-32-34-9 = 0.333,11-16-17-20-35-9 = 0.333,9-30-20-35-9 = 0.333,11-40-28-13-11 = 0.333,11-40-17-20-35-9 = 0.333,9-25-13-29-11 = 0.333,9-15-24-21-9 = 1.0,9-25-30-37-9 = 0.333,9-18-12-32-9 = 0.333,9-23-27-32-34-9 = 0.333,9-23-18-27-9 = 0.667,9-25-30-39-34-9 = 0.333,11-41-33-29-11 = 0.333,9-39-12-16-41-11 = 0.667
434,220,606.656,0.0,4.716,0.0,Prune by CG,,9-37-9 = 0.5,8-19-38-36-8 = 1.0,11-31-13-26-11 = 1.0,11-22-14-11 = 1.0,11-17-33-32-34-9 = 1.0,9-30-20-35-9 = 0.5,11-40-28-29-11 = 1.0,9-25-20-35-9 = 0.5,9-15-24-21-9 = 1.0,9-25-30-37-9 = 0.5,9-23-18-27-9 = 1.0,9-39-12-16-41-11 = 1.0
101,99,601.744,4.8,2.572,0.467,435,436,11-26-11 = 0.3,9-37-9 = 0.8,8-19-38-36-8 = 1.0,11-31-13-11 = 0.2,11-31-13-26-11 = 0.3,11-28-31-26-11 = 0.4,11-40-33-29-11 = 0.2,11-22-16-41-14-11 = 1.0,11-17-33-29-11 = 0.8,9-30-20-35-9 = 1.0,11-40-28-13-11 = 0.5,11-40-28-31-11 = 0.1,11-40-17-32-34-9 = 0.2,9-15-21-37-9 = 0.2,9-15-24-21-9 = 0.8,9-25-18-23-34-9 = 0.6,9-18-27-32-11 = 0.2,9-18-12-32-9 = 0.2,9-39-12-27-9 = 0.6,9-39-12-32-34-9 = 0.2,9-25-23-27-32-9 = 0.2,9-25-39-23-24-9 = 0.2
435,101,609.293,0.0,7.549,0.0,Prune by CG,,9-37-9 = 1.0,8-19-38-36-8 = 1.0,11-31-13-26-11 = 1.0,11-28-29-11 = 1.0,11-22-16-41-14-11 = 1.0,9-30-20-35-9 = 1.0,9-15-24-21-9 = 1.0,9-25-18-23-34-9 = 1.0,9-39-12-27-9 = 1.0,11-40-17-33-32-11 = 1.0
334,55,601.813,4.667,0.388,0.0,437,438,11-26-11 = 0.5,9-37-9 = 0.667,8-19-38-36-8 = 1.0,11-31-13-26-11 = 0.5,11-22-16-41-14-11 = 1.0,11-17-33-29-11 = 1.0,9-30-20-35-9 = 1.0,11-40-28-13-11 = 0.5,11-40-28-31-11 = 0.5,9-15-21-37-9 = 0.333,9-15-24-21-9 = 0.667,9-25-12-23-39-9 = 0.333,9-25-18-27-9 = 0.667,9-23-12-32-34-9 = 0.667,9-39-27-32-34-9 = 0.333,9-18-39-24-9 = 0.333
438,334,602.077,2.0,0.264,-2.667,439,440,11-26-11 = 0.5,8-19-38-36-8 = 1.0,11-31-13-26-11 = 0.5,11-22-16-41-14-11 = 1.0,11-17-33-29-11 = 1.0,9-30-20-35-9 = 1.0,11-40-28-13-11 = 0.5,11-40-28-31-11 = 0.5,9-15-24-39-9 = 1.0,9-21-37-9 = 1.0,9-25-18-27-9 = 1.0,9-23-12-32-34-9 = 1.0
439,438,608.677,0.0,6.6,0.0,Prune by CG,,11-26-11 = 0.5,8-19-38-36-8 = 1.0,11-28-31-26-11 = 0.5,11-22-16-41-14-11 = 1.0,11-17-33-13-11 = 0.5,11-17-33-29-11 = 0.5,9-30-20-35-9 = 1.0,11-40-28-31-11 = 0.5,9-15-24-39-9 = 1.0,9-21-37-9 = 1.0,9-25-18-27-9 = 1.0,9-23-12-32-34-9 = 1.0,11-40-13-29-11 = 0.5
440,438,606.171,0.0,4.094,0.0,Prune by CG,,8-19-38-36-8 = 1.0,11-31-13-26-11 = 1.0,11-28-29-11 = 1.0,11-22-16-41-14-11 = 1.0,9-30-20-35-9 = 1.0,9-15-24-39-9 = 1.0,9-21-37-9 = 1.0,9-25-18-27-9 = 1.0,9-23-12-32-34-9 = 1.0,11-40-17-33-11 = 1.0
65,36,601.923,7.0,3.357,-0.615,441,442,9-37-9 = 1.0,11-18-27-32-8 = 0.5,11-18-20-35-9 = 0.5,8-22-16-41-14-11 = 0.5,8-22-19-8 = 0.5,8-19-38-36-8 = 0.5,8-23-12-17-41-11 = 0.5,11-31-13-11 = 0.5,11-28-31-26-11 = 0.5,11-28-13-26-11 = 0.5,11-40-33-29-11 = 1.0,9-30-20-35-9 = 0.5,11-17-27-32-34-9 = 0.5,9-15-24-21-9 = 1.0,9-25-30-39-34-9 = 0.5,9-39-23-38-36-8 = 0.5,9-25-12-16-14-11 = 0.5
135,96,601.672,6.0,1.906,0.857,443,444,9-37-9 = 1.0,8-19-38-36-8 = 0.5,8-38-27-32-9 = 0.5,11-31-13-11 = 0.5,11-28-31-26-11 = 0.5,11-28-13-26-11 = 0.5,11-40-33-29-11 = 1.0,11-22-14-11 = 0.25,11-22-16-41-14-11 = 0.25,11-16-27-32-34-9 = 0.5,9-30-20-35-9 = 1.0,9-15-24-21-9 = 1.0,9-25-18-23-34-9 = 0.5,9-25-18-23-39-9 = 0.5,9-12-17-16-14-11 = 0.25,9-39-12-17-41-11 = 0.5,11-22-19-36-8 = 0.5,9-12-17-41-14-11 = 0.25
340,247,601.823,8.0,0.548,0.0,445,446,9-37-9 = 0.75,8-19-38-34-9 = 0.5,11-31-13-11 = 0.5,11-28-31-26-11 = 0.5,11-28-13-26-11 = 0.5,11-40-33-29-11 = 0.5,11-22-14-11 = 0.5,11-17-33-29-11 = 0.5,9-30-20-35-9 = 0.75,11-40-17-16-41-14-11 = 0.5,9-25-20-35-9 = 0.25,9-15-24-21-9 = 1.0,9-25-30-37-9 = 0.25,9-25-12-27-9 = 0.5,9-18-12-32-9 = 0.5,9-39-27-32-34-9 = 0.5,9-39-23-38-36-8 = 0.5,11-22-19-36-8 = 0.5,8-23-18-16-41-11 = 0.5
445,340,612.229,0.0,10.406,0.0,Prune by CG,,11-14-11 = 0.5,9-37-9 = 0.625,8-22-16-41-14-11 = 0.5,11-31-13-26-11 = 0.5,11-28-31-26-11 = 0.5,11-40-33-29-11 = 0.25,11-17-33-29-11 = 0.75,9-30-20-35-9 = 0.625,11-40-28-13-11 = 0.5,11-40-17-20-35-9 = 0.25,9-25-20-35-9 = 0.125,9-15-24-21-9 = 1.0,9-25-30-37-9 = 0.375,9-25-12-27-9 = 0.5,9-18-12-32-9 = 0.5,9-39-27-32-34-9 = 0.5,11-19-38-34-9 = 0.25,9-19-38-34-9 = 0.25,9-39-23-38-36-8 = 0.5,11-22-19-36-8 = 0.5,8-23-18-16-41-11 = 0.5
359,331,601.772,6.333,0.292,0.5,447,448,9-37-9 = 0.667,8-22-14-11 = 1.0,8-19-38-36-8 = 1.0,11-31-13-26-11 = 0.5,11-28-31-26-11 = 0.5,11-40-33-29-11 = 0.5,11-12-27-32-9 = 0.5,11-16-17-27-32-9 = 0.5,11-12-17-16-41-11 = 0.5,9-30-20-35-9 = 0.667,11-40-28-13-11 = 0.5,9-15-21-37-9 = 0.333,9-15-24-39-9 = 0.333,9-15-24-21-9 = 0.333,9-21-39-20-35-9 = 0.333,11-41-33-29-11 = 0.5,9-30-39-24-9 = 0.333,9-25-18-23-34-8 = 1.0
447,359,609.944,0.0,8.172,0.0,Prune by CG,,9-37-9 = 0.667,8-22-14-11 = 1.0,8-19-38-36-8 = 1.0,11-31-13-26-11 = 0.5,11-28-31-26-11 = 0.5,11-40-33-29-11 = 0.5,11-16-17-20-35-9 = 0.5,11-16-17-27-32-9 = 0.5,9-30-20-35-9 = 0.167,11-40-28-13-11 = 0.5,9-15-21-37-9 = 0.333,9-15-24-39-9 = 0.333,9-15-24-21-9 = 0.333,9-21-39-20-35-9 = 0.333,11-41-33-29-11 = 0.5,11-18-12-32-11 = 0.5,9-30-39-24-9 = 0.333,11-12-27-41-11 = 0.5,9-25-30-23-34-8 = 0.5,9-25-18-23-34-8 = 0.5
370,314,601.826,7.5,0.339,0.167,449,450,11-14-11 = 0.25,9-37-9 = 0.667,11-18-27-32-8 = 0.5,8-19-38-36-8 = 1.0,8-22-16-17-41-11 = 0.5,11-31-13-26-11 = 0.5,11-28-31-26-11 = 0.5,11-28-13-11 = 0.5,11-40-33-29-11 = 0.75,11-22-14-11 = 0.25,11-22-16-41-14-11 = 0.25,11-17-33-29-11 = 0.25,8-23-18-27-8 = 0.5,9-30-20-35-9 = 0.667,11-40-17-16-41-14-11 = 0.25,9-15-24-39-9 = 0.333,9-15-24-21-9 = 0.667,9-21-39-20-35-9 = 0.333,9-25-30-37-9 = 0.333,9-25-12-32-34-9 = 0.167,9-25-12-23-34-9 = 0.5,9-39-12-32-34-9 = 0.333
449,370,605.921,0.0,4.095,0.0,Prune by CG,,11-14-11 = 0.75,9-37-9 = 0.25,11-18-27-32-8 = 0.25,8-22-16-41-11 = 0.5,8-19-38-36-8 = 1.0,8-22-16-17-41-11 = 0.25,8-23-12-17-16-8 = 0.25,11-31-13-26-11 = 0.5,11-28-31-26-11 = 0.5,11-28-13-11 = 0.5,11-40-33-29-11 = 0.75,11-22-14-11 = 0.25,11-17-20-35-34-9 = 0.25,9-30-20-35-9 = 0.25,11-40-17-20-35-9 = 0.25,9-15-24-39-9 = 0.25,9-15-24-21-9 = 0.75,9-21-39-20-35-9 = 0.25,9-25-30-37-9 = 0.75,9-25-12-32-34-9 = 0.25,9-23-18-27-9 = 0.25,9-39-12-32-34-9 = 0.5,11-41-33-29-11 = 0.25,9-23-18-27-8 = 0.5
450,370,602.006,6.167,0.179,-1.333,451,452,11-14-11 = 0.25,9-37-9 = 0.667,8-19-38-36-8 = 1.0,11-31-13-26-11 = 0.5,11-28-31-26-11 = 0.5,11-28-13-11 = 0.5,11-40-33-29-11 = 0.75,11-22-14-11 = 0.25,11-22-16-17-41-11 = 0.5,11-22-16-41-14-11 = 0.25,11-17-33-29-11 = 0.25,8-23-18-27-8 = 1.0,9-30-20-35-9 = 0.667,11-40-17-16-41-14-11 = 0.25,9-15-24-39-9 = 0.333,9-15-24-21-9 = 0.667,9-21-39-20-35-9 = 0.333,9-25-30-37-9 = 0.333,9-25-12-32-34-9 = 0.667,9-39-12-32-34-9 = 0.333
452,450,606.746,0.0,4.74,0.0,Prune by CG,,9-37-9 = 0.667,8-19-38-36-8 = 1.0,11-31-13-26-11 = 0.5,11-28-31-26-11 = 0.5,11-28-13-11 = 0.5,11-40-33-29-11 = 0.25,11-22-14-11 = 1.0,11-17-33-29-11 = 0.25,8-23-18-27-8 = 1.0,9-30-20-35-9 = 0.667,9-15-24-39-9 = 0.333,9-15-24-21-9 = 0.667,9-21-39-20-35-9 = 0.333,9-25-30-37-9 = 0.333,9-25-12-32-34-9 = 0.667,9-39-12-32-34-9 = 0.333,11-41-33-29-11 = 0.25,11-40-17-16-41-11 = 0.75,11-16-33-29-11 = 0.25
209,207,601.848,7.0,1.94,0.103,453,454,11-14-11 = 0.5,9-37-9 = 0.333,8-22-16-41-11 = 0.5,8-22-16-41-14-11 = 0.5,8-19-38-36-8 = 1.0,11-31-13-11 = 0.5,11-28-31-26-11 = 0.5,11-28-13-26-11 = 0.5,11-40-33-29-11 = 0.667,11-17-33-29-11 = 0.333,11-17-20-35-34-9 = 0.333,11-40-17-20-35-9 = 0.333,9-15-24-21-9 = 1.0,9-25-30-37-9 = 0.667,9-39-23-27-32-9 = 0.333,9-39-23-27-34-9 = 0.333,9-25-30-39-34-9 = 0.333,11-27-20-35-9 = 0.333,9-18-12-32-8 = 0.667,9-18-12-23-8 = 0.333
404,290,601.853,7.143,0.116,0.06,455,456,11-14-11 = 0.286,9-37-9 = 0.643,11-18-20-35-9 = 0.357,8-22-14-11 = 0.214,8-22-16-41-14-11 = 0.5,8-22-19-36-8 = 0.286,8-19-38-36-8 = 0.714,11-31-13-26-11 = 0.5,11-28-31-26-11 = 0.5,11-28-13-11 = 0.5,11-40-33-29-11 = 1.0,8-12-18-39-9 = 0.143,8-23-18-17-41-11 = 0.143,9-30-20-35-9 = 0.571,9-15-24-21-9 = 1.0,9-25-30-37-9 = 0.357,9-25-12-32-34-9 = 0.071,9-25-12-23-34-9 = 0.429,9-39-12-32-34-9 = 0.357,9-25-30-39-34-9 = 0.071,11-17-27-38-8 = 0.286,11-18-17-16-41-11 = 0.357,11-16-17-27-32-8 = 0.143,9-25-35-27-34-8 = 0.071,9-39-23-27-32-8 = 0.429,11-17-20-27-8 = 0.071
456,404,605.902,0.0,4.049,0.0,Prune by CG,,11-14-11 = 0.111,9-37-9 = 0.722,11-18-20-35-9 = 0.5,8-22-14-11 = 0.167,8-22-19-36-8 = 0.556,8-19-38-36-8 = 0.444,8-23-12-27-8 = 0.222,11-31-13-26-11 = 0.5,11-28-31-26-11 = 0.5,11-28-13-11 = 0.5,11-40-33-29-11 = 1.0,11-22-14-11 = 0.278,8-23-12-32-34-9 = 0.111,8-23-18-17-41-11 = 0.5,9-30-20-35-9 = 0.5,9-15-24-21-9 = 1.0,9-25-30-37-9 = 0.278,9-25-12-17-32-9 = 0.056,9-39-12-32-34-9 = 0.611,9-25-30-39-34-9 = 0.222,9-25-17-16-41-14-11 = 0.444,11-41-27-38-8 = 0.056,11-16-27-38-8 = 0.5,9-39-23-27-32-8 = 0.167,11-16-27-32-34-8 = 0.056
258,253,601.761,7.083,1.519,0.639,457,458,9-37-9 = 0.833,8-22-14-11 = 0.25,8-22-16-41-14-11 = 0.5,8-19-38-36-8 = 1.0,8-23-27-20-9 = 0.208,11-31-13-26-11 = 0.5,11-28-31-26-11 = 0.5,11-28-13-11 = 0.5,11-40-33-29-11 = 0.75,8-23-18-27-9 = 0.042,11-22-14-11 = 0.25,11-17-33-29-11 = 0.25,11-12-18-39-9 = 0.042,11-12-17-16-41-11 = 0.5,11-18-12-32-9 = 0.458,9-24-21-37-9 = 0.083,9-30-20-35-9 = 0.542,11-40-17-20-35-9 = 0.25,9-15-21-37-9 = 0.083,9-15-24-39-9 = 0.083,9-15-24-21-9 = 0.833,9-18-27-32-9 = 0.125,9-39-23-27-32-9 = 0.417,9-25-35-27-34-8 = 0.208,9-25-18-23-34-8 = 0.333,9-25-30-39-34-8 = 0.458
458,258,602.088,5.667,0.328,-1.417,459,460,9-37-9 = 1.0,8-22-14-11 = 0.25,8-22-16-41-14-11 = 0.583,8-19-38-36-8 = 1.0,8-22-16-17-41-11 = 0.167,11-31-13-26-11 = 0.5,11-28-31-26-11 = 0.5,11-28-13-11 = 0.5,11-40-33-29-11 = 0.583,11-17-33-29-11 = 0.333,11-12-18-39-9 = 0.333,11-12-18-23-9 = 0.667,11-16-17-20-35-9 = 0.083,9-30-20-35-9 = 0.667,11-40-17-20-35-9 = 0.25,11-40-17-16-41-14-11 = 0.167,9-15-24-21-9 = 1.0,9-39-23-27-32-11 = 0.333,11-41-33-29-11 = 0.083,9-25-30-39-34-8 = 0.333,9-25-27-32-34-8 = 0.667
316,312,602.398,3.0,0.961,-3.25,461,462,11-41-11 = 0.5,8-22-14-11 = 1.0,8-19-38-36-8 = 1.0,11-31-13-26-11 = 0.5,11-28-31-26-11 = 0.5,11-40-33-29-11 = 0.5,11-16-17-20-35-9 = 1.0,11-40-28-13-11 = 0.5,9-15-24-21-9 = 1.0,9-25-30-37-9 = 1.0,9-39-12-32-34-9 = 1.0,11-41-33-29-11 = 0.5,9-23-18-27-8 = 1.0
461,316,608.998,0.0,6.6,0.0,Prune by CG,,11-41-11 = 0.5,8-22-14-11 = 1.0,8-19-38-36-8 = 1.0,11-28-31-26-11 = 1.0,11-40-33-29-11 = 0.5,11-16-17-20-35-9 = 1.0,9-15-24-21-9 = 1.0,9-25-30-37-9 = 1.0,9-39-12-32-34-9 = 1.0,9-23-18-27-8 = 1.0,11-40-13-29-11 = 0.5,11-41-33-13-11 = 0.5
462,316,610.149,0.0,7.751,0.0,Prune by CG,,11-41-11 = 0.5,8-22-14-11 = 1.0,8-19-38-36-8 = 1.0,11-31-13-26-11 = 1.0,11-16-17-20-35-9 = 1.0,11-40-28-29-11 = 0.5,9-15-24-21-9 = 1.0,9-25-30-37-9 = 1.0,9-39-12-32-34-9 = 1.0,11-41-33-29-11 = 0.5,9-23-18-27-8 = 1.0,11-40-28-33-11 = 0.5
166,163,602.06,6.0,2.712,-1.0,463,464,8-19-8 = 0.25,9-37-9 = 1.0,8-22-16-41-14-11 = 1.0,8-19-38-36-8 = 0.75,11-31-13-9 = 0.25,11-28-31-26-11 = 0.5,11-28-13-26-11 = 0.5,11-40-33-29-11 = 0.5,11-17-33-29-11 = 0.5,11-31-13-32-9 = 0.25,9-30-20-35-9 = 0.5,11-40-17-20-35-9 = 0.5,9-15-24-21-9 = 1.0,9-25-12-27-9 = 0.25,9-18-12-32-9 = 0.25,9-23-12-32-34-9 = 0.25,9-39-12-32-34-9 = 0.25,9-39-23-38-36-8 = 0.25,9-30-39-23-34-9 = 0.5,9-25-18-27-8 = 0.75
145,139,602.133,7.375,2.158,-1.417,465,466,8-36-8 = 0.313,9-37-9 = 0.75,8-22-16-41-14-11 = 0.5,8-22-19-8 = 0.5,8-19-38-36-8 = 0.5,11-28-31-26-11 = 0.5,11-28-13-26-11 = 0.5,11-40-33-29-11 = 0.5,11-17-33-29-11 = 0.5,11-31-13-32-9 = 0.5,9-30-20-35-9 = 0.75,11-40-17-16-41-14-11 = 0.5,9-15-24-21-9 = 1.0,9-25-30-37-9 = 0.25,9-25-18-32-34-9 = 0.187,9-25-18-23-34-9 = 0.313,9-25-20-35-34-9 = 0.25,9-12-27-32-9 = 0.125,9-12-27-34-9 = 0.062,9-39-12-27-9 = 0.812,9-39-23-38-36-8 = 0.187,9-18-23-38-8 = 0.312,8-23-18-32-34-8 = 0.187
405,329,601.915,5.917,0.32,-0.048,467,468,11-14-11 = 0.25,8-36-8 = 0.083,9-37-9 = 0.75,8-22-14-11 = 0.083,8-22-16-41-11 = 0.167,8-22-16-41-14-11 = 0.667,8-22-19-8 = 0.083,8-19-38-36-8 = 0.917,11-31-13-26-11 = 0.5,11-28-31-26-11 = 0.5,11-40-33-29-11 = 0.167,11-17-33-29-11 = 0.833,11-18-39-24-9 = 0.083,9-24-21-37-9 = 0.125,9-30-20-35-9 = 0.792,11-40-28-13-11 = 0.5,11-40-17-27-32-11 = 0.167,9-15-21-37-9 = 0.125,9-15-24-39-9 = 0.042,9-15-24-21-9 = 0.75,9-25-18-23-34-9 = 0.458,9-25-18-23-39-9 = 0.333,9-25-30-39-34-9 = 0.208,9-15-23-38-8 = 0.083,11-40-12-16-41-11 = 0.167,9-39-20-35-34-9 = 0.208,11-12-27-32-8 = 0.833,9-23-18-39-34-9 = 0.125
250,116,601.948,7.778,1.101,-0.222,469,470,11-14-11 = 0.444,9-15-9 = 0.167,8-19-8 = 0.222,9-21-9 = 0.111,8-36-8 = 0.333,9-37-9 = 1.0,8-22-14-11 = 0.056,8-22-16-41-14-11 = 0.5,8-22-19-8 = 0.444,8-19-38-36-8 = 0.333,11-31-13-11 = 0.5,11-28-31-26-11 = 0.5,11-28-13-26-11 = 0.5,11-40-33-29-11 = 1.0,8-23-18-27-9 = 0.111,11-12-27-32-9 = 0.389,11-12-17-16-41-11 = 0.167,9-30-20-35-9 = 0.778,11-17-27-32-34-9 = 0.167,9-25-20-35-9 = 0.222,9-15-24-21-9 = 0.833,9-25-30-39-21-9 = 0.056,9-25-18-23-34-9 = 0.389,9-25-18-23-39-9 = 0.167,9-39-12-32-34-9 = 0.444,9-25-30-24-9 = 0.167,11-17-27-38-8 = 0.333,9-39-23-38-36-8 = 0.333,9-18-17-16-41-11 = 0.333
421,420,601.825,8.0,0.359,0.667,471,472,9-37-9 = 1.0,8-22-19-36-8 = 0.5,8-19-38-36-8 = 0.5,11-31-13-26-11 = 0.5,11-28-31-26-11 = 0.5,11-40-33-29-11 = 0.5,11-22-14-11 = 0.5,11-17-33-29-11 = 0.5,11-12-18-39-9 = 0.5,9-30-20-35-9 = 0.5,11-40-28-13-11 = 0.5,9-15-24-21-9 = 1.0,9-25-35-27-32-9 = 0.5,9-23-27-32-34-9 = 0.5,9-25-30-20-9 = 0.5,9-39-23-38-34-9 = 0.5,11-12-16-41-14-11 = 0.5,9-18-17-16-41-11 = 0.5
471,421,606.338,0.0,4.512,0.0,Prune by CG,,9-37-9 = 0.875,8-22-19-36-8 = 0.5,8-19-38-36-8 = 0.5,11-31-13-11 = 0.375,11-31-13-26-11 = 0.125,11-28-31-26-11 = 0.5,11-28-13-26-11 = 0.375,11-40-33-29-11 = 0.5,11-22-14-11 = 0.5,11-12-18-39-9 = 0.188,11-12-20-35-9 = 0.438,9-30-20-35-9 = 0.125,11-40-28-13-11 = 0.125,9-15-24-21-9 = 1.0,9-25-30-37-9 = 0.125,9-25-35-27-32-9 = 0.438,9-23-18-27-9 = 0.125,9-39-23-27-32-9 = 0.188,9-39-23-27-34-9 = 0.188,9-25-30-20-9 = 0.438,9-39-23-38-34-9 = 0.438,9-23-27-38-9 = 0.062,11-41-33-29-11 = 0.5,11-40-12-32-34-9 = 0.375,9-18-17-16-41-11 = 0.188,9-18-17-16-14-11 = 0.5,9-30-17-16-41-11 = 0.312
202,199,601.947,7.5,1.517,0.0,473,474,8-19-8 = 0.417,9-37-9 = 0.708,8-22-16-41-14-11 = 0.667,8-22-19-8 = 0.333,8-19-38-36-8 = 0.25,8-23-12-27-9 = 0.167,11-31-13-26-11 = 0.333,11-28-31-26-11 = 0.333,11-28-31-14-11 = 0.333,11-28-13-26-11 = 0.333,11-40-33-29-11 = 0.333,11-16-17-27-34-9 = 0.167,9-30-20-35-9 = 0.708,11-17-27-32-34-9 = 0.167,11-40-17-27-34-9 = 0.5,9-25-13-29-11 = 0.333,9-25-20-35-9 = 0.292,9-15-24-21-9 = 1.0,9-25-30-37-9 = 0.292,9-12-18-39-9 = 0.333,9-18-12-32-9 = 0.5,11-41-33-29-11 = 0.333,9-39-23-38-36-8 = 0.667,11-40-33-32-34-9 = 0.167,9-18-23-38-8 = 0.083,8-16-17-33-32-8 = 0.167,9-25-18-23-36-8 = 0.083
342,217,601.808,9.0,0.361,1.0,475,476,11-14-11 = 0.5,9-37-9 = 0.5,8-22-16-41-14-11 = 0.5,8-19-38-36-8 = 1.0,8-22-16-17-41-11 = 0.5,11-31-13-11 = 0.5,11-28-31-26-11 = 0.5,11-28-13-26-11 = 0.5,11-40-33-29-11 = 0.5,11-17-33-29-11 = 0.5,9-30-20-35-9 = 0.5,9-15-24-39-9 = 0.5,9-15-24-21-9 = 0.5,9-21-39-20-35-9 = 0.5,9-25-30-37-9 = 0.5,11-12-18-23-8 = 0.5,11-40-12-32-34-9 = 0.5,9-25-27-32-34-9 = 0.5,9-23-18-27-8 = 0.5
475,342,606.083,0.0,4.275,0.0,Prune by CG,,11-14-11 = 1.0,8-19-8 = 0.333,9-37-9 = 0.333,8-19-38-36-8 = 0.667,8-22-16-17-41-11 = 1.0,11-31-13-26-11 = 0.5,11-28-31-26-11 = 0.5,11-28-13-11 = 0.5,11-40-33-29-11 = 1.0,11-12-18-39-9 = 0.333,9-24-21-37-9 = 0.333,9-30-20-35-9 = 1.0,9-15-21-37-9 = 0.333,9-15-24-39-9 = 0.333,9-15-24-21-9 = 0.333,9-39-23-38-36-8 = 0.333,11-12-18-23-8 = 0.667,9-25-27-32-34-9 = 1.0
183,182,601.73,8.0,0.951,1.5,477,478,9-37-9 = 1.0,8-22-16-41-14-11 = 0.5,8-22-19-8 = 0.5,8-19-38-36-8 = 0.5,11-31-13-26-11 = 0.5,11-28-31-26-11 = 0.5,11-28-13-9 = 0.5,11-40-33-29-11 = 0.5,11-17-33-29-11 = 0.5,8-12-18-35-9 = 0.5,9-30-20-35-9 = 0.5,11-40-17-16-41-14-11 = 0.5,9-15-24-21-9 = 1.0,9-25-12-32-34-9 = 0.5,9-18-27-34-9 = 0.5,9-25-30-20-9 = 0.5,9-39-23-38-36-8 = 0.5,9-39-23-27-32-8 = 0.5
477,183,601.899,6.333,0.169,-1.667,479,480,8-19-8 = 0.5,9-37-9 = 0.833,8-22-16-41-14-11 = 1.0,8-19-38-36-8 = 0.5,11-31-13-26-11 = 0.5,11-28-31-26-11 = 0.5,11-40-33-29-11 = 0.167,11-17-33-29-11 = 0.833,11-12-18-35-9 = 0.167,11-40-12-18-9 = 0.167,9-30-20-35-9 = 0.667,11-40-17-20-35-9 = 0.167,9-15-24-21-9 = 1.0,9-25-30-37-9 = 0.167,9-25-12-18-9 = 0.167,9-25-12-32-34-9 = 0.5,9-18-27-34-9 = 0.5,9-25-30-20-9 = 0.167,9-39-23-38-36-8 = 0.5,11-40-28-13-9 = 0.5,9-39-23-27-32-8 = 0.5
398,227,601.84,7.0,0.002,0.875,481,482,9-37-9 = 0.625,8-22-14-11 = 0.75,8-19-38-36-8 = 1.0,8-23-27-32-34-9 = 0.25,11-31-13-26-11 = 0.5,11-28-31-26-11 = 0.5,11-28-13-11 = 0.5,11-40-33-29-11 = 0.75,11-22-16-17-41-11 = 0.25,9-30-20-35-9 = 0.5,11-40-17-16-41-14-11 = 0.25,9-15-24-39-9 = 0.375,9-15-24-21-9 = 0.625,9-21-39-20-35-9 = 0.375,9-25-30-37-9 = 0.375,9-25-18-23-34-9 = 0.5,9-25-30-39-34-9 = 0.125,11-41-33-29-11 = 0.125,11-16-17-33-11 = 0.125,11-12-18-23-8 = 0.25,9-18-17-16-41-11 = 0.25,9-39-20-35-34-9 = 0.125,11-17-16-41-29-11 = 0.125,11-12-27-32-8 = 0.75
482,398,610.22,0.0,8.38,0.0,Prune by CG,,11-14-11 = 0.074,11-26-11 = 0.167,11-18-27-32-11 = 0.148,8-22-14-11 = 0.926,8-22-19-8 = 0.074,8-19-38-36-8 = 0.926,11-31-13-11 = 0.5,11-28-31-26-11 = 0.5,11-28-13-11 = 0.167,11-28-13-26-11 = 0.333,11-40-33-29-11 = 0.556,8-23-39-20-35-9 = 0.074,11-16-17-27-32-11 = 0.556,9-24-20-35-9 = 0.037,9-30-20-35-9 = 0.037,9-15-21-37-9 = 0.037,9-15-24-21-9 = 0.963,9-25-30-37-9 = 0.963,9-25-18-23-34-9 = 0.037,11-41-33-29-11 = 0.444,9-39-23-38-36-8 = 0.074,11-12-18-23-8 = 0.815,11-40-17-16-41-11 = 0.444,9-39-20-35-34-9 = 0.852,11-12-27-32-11 = 0.185,11-41-27-32-34-8 = 0.111
233,231,601.421,7.333,0.612,3.333,483,484,9-37-9 = 0.833,8-19-38-36-8 = 0.5,11-31-13-11 = 0.5,11-28-31-26-11 = 0.5,11-28-13-26-11 = 0.5,11-40-33-29-11 = 1.0,8-23-18-27-9 = 0.5,11-22-14-11 = 0.5,9-30-20-35-9 = 0.833,11-17-27-32-34-9 = 0.5,9-15-21-37-9 = 0.167,9-15-24-39-9 = 0.167,9-15-24-21-9 = 0.667,9-21-39-20-35-9 = 0.167,9-18-12-32-9 = 0.5,9-39-23-38-34-9 = 0.5,9-25-17-16-41-14-11 = 0.5,11-22-19-36-8 = 0.5,9-25-12-16-41-11 = 0.5,9-30-39-24-9 = 0.167
484,233,602.025,6.667,0.605,-0.667,485,486,9-37-9 = 0.833,8-22-19-36-8 = 0.5,8-19-38-36-8 = 0.417,8-19-23-27-9 = 0.083,11-31-13-26-11 = 0.5,11-28-31-26-11 = 0.5,11-28-13-11 = 0.5,11-40-33-29-11 = 1.0,11-22-14-11 = 0.5,11-12-18-39-9 = 0.083,11-12-27-32-9 = 0.417,9-24-21-37-9 = 0.083,9-30-20-35-9 = 1.0,11-17-27-32-34-9 = 0.5,9-15-21-37-9 = 0.083,9-15-24-39-9 = 0.083,9-15-24-21-9 = 0.833,9-12-18-39-9 = 0.167,9-18-12-32-9 = 0.083,9-18-12-23-9 = 0.25,9-39-23-38-34-9 = 0.5,9-25-17-16-41-14-11 = 0.5,9-39-23-38-36-8 = 0.083,9-25-18-16-41-11 = 0.417,9-25-39-23-16-41-11 = 0.083
172,170,602.137,8.0,2.423,-1.0,487,488,9-37-9 = 0.75,8-22-14-11 = 0.5,8-22-16-41-14-11 = 0.25,8-19-16-41-14-11 = 0.25,8-19-38-36-8 = 0.5,11-31-13-26-11 = 0.5,11-28-31-26-11 = 0.5,11-28-13-11 = 0.25,11-40-33-29-11 = 0.5,8-23-18-27-9 = 0.25,11-17-33-29-11 = 0.5,11-12-17-16-41-11 = 0.25,8-23-18-32-34-9 = 0.25,9-30-18-35-9 = 0.25,9-30-18-39-9 = 0.25,11-40-28-13-11 = 0.25,9-15-21-37-9 = 0.25,9-15-24-21-9 = 0.75,9-25-20-35-34-9 = 0.75,9-25-30-20-9 = 0.25,9-39-23-38-36-8 = 0.5,11-22-19-8 = 0.25,11-40-17-16-41-11 = 0.25,9-30-39-24-9 = 0.25,11-12-27-32-8 = 0.75
436,101,601.961,5.0,0.218,0.2,489,490,11-26-11 = 0.5,9-37-9 = 0.667,8-19-38-36-8 = 1.0,11-31-13-26-11 = 0.5,11-22-16-41-14-11 = 1.0,11-17-33-29-11 = 1.0,9-24-21-37-9 = 0.167,9-30-20-35-9 = 1.0,11-40-28-13-11 = 0.5,11-40-28-31-11 = 0.5,9-15-21-37-9 = 0.167,9-15-24-39-9 = 0.167,9-15-24-21-9 = 0.667,9-25-18-23-34-9 = 0.667,9-18-12-32-9 = 0.333,9-39-27-32-34-9 = 0.167,9-39-12-27-9 = 0.5,9-39-12-32-34-9 = 0.167,9-25-23-27-32-9 = 0.333
489,436,610.9,0.0,8.938,0.0,Prune by CG,,9-37-9 = 0.875,8-19-38-36-8 = 1.0,11-31-13-26-11 = 0.5,11-28-31-26-11 = 0.5,11-40-33-29-11 = 0.25,11-22-16-17-14-11 = 0.125,11-22-16-41-14-11 = 0.875,11-17-33-29-11 = 0.75,11-40-30-37-9 = 0.125,9-30-20-35-9 = 0.75,11-40-28-13-11 = 0.5,9-21-12-27-9 = 0.375,9-21-39-12-32-9 = 0.25,9-21-39-27-32-11 = 0.375,9-25-30-23-34-9 = 0.125,9-25-18-23-34-9 = 0.625,9-15-24-9 = 1.0,11-40-18-17-41-11 = 0.125,11-25-18-23-34-9 = 0.25,9-27-20-35-9 = 0.25,9-39-12-32-9 = 0.375
363,128,602.08,7.167,0.695,-0.542,491,492,11-14-11 = 0.25,9-37-9 = 0.667,8-22-14-11 = 0.25,8-22-16-41-14-11 = 0.25,8-19-38-36-8 = 1.0,8-22-16-17-41-11 = 0.5,11-31-13-11 = 0.5,11-28-31-26-11 = 0.5,11-28-13-26-11 = 0.5,11-40-33-29-11 = 0.75,11-17-33-29-11 = 0.25,11-12-18-39-9 = 0.667,11-12-18-23-9 = 0.333,11-40-17-16-41-14-11 = 0.25,9-25-20-35-32-9 = 0.333,9-15-21-37-9 = 0.333,9-15-24-21-9 = 0.667,9-25-20-35-34-9 = 0.333,9-25-30-20-9 = 0.333,9-30-39-24-9 = 0.333,9-30-35-27-8 = 0.333,9-23-27-32-34-8 = 0.667
492,363,606.038,0.0,3.958,0.0,Prune by CG,,11-14-11 = 0.143,9-37-9 = 0.413,8-22-14-11 = 0.857,8-22-19-8 = 0.048,8-22-19-36-8 = 0.095,8-19-38-36-8 = 0.857,8-23-27-32-34-8 = 0.143,11-31-13-26-11 = 0.5,11-28-31-26-11 = 0.5,11-28-13-11 = 0.5,11-40-33-29-11 = 0.714,11-17-33-29-11 = 0.143,11-12-18-39-9 = 0.365,11-12-18-23-9 = 0.349,11-12-17-16-41-11 = 0.286,9-25-20-35-32-9 = 0.397,9-15-21-37-9 = 0.587,9-15-24-21-9 = 0.413,9-25-20-35-34-9 = 0.397,9-25-30-20-9 = 0.206,11-41-33-29-11 = 0.143,11-40-17-16-41-11 = 0.286,9-30-39-24-9 = 0.587,11-18-17-16-41-11 = 0.286,11-16-27-38-8 = 0.143,9-30-35-27-8 = 0.206,9-39-23-27-36-8 = 0.048,9-23-27-32-34-8 = 0.46
158,149,601.741,8.0,1.383,1.833,493,494,9-37-9 = 0.5,8-19-38-36-8 = 1.0,11-31-13-26-11 = 0.5,11-28-31-26-11 = 0.5,11-40-33-29-11 = 0.5,11-22-14-11 = 1.0,11-16-17-20-35-9 = 0.5,11-40-28-13-11 = 0.5,9-15-24-34-9 = 0.5,9-21-39-20-35-9 = 0.5,9-25-30-37-9 = 0.5,9-25-30-39-21-9 = 0.5,9-15-24-9 = 0.5,9-18-27-32-9 = 0.5,9-23-12-27-9 = 0.5,9-23-12-32-34-9 = 0.5,11-41-33-29-11 = 0.5,9-18-17-16-41-11 = 0.5
493,158,609.991,0.0,8.25,0.0,Prune by CG,,8-19-38-36-8 = 1.0,11-31-13-26-11 = 1.0,11-28-29-11 = 1.0,11-22-14-11 = 1.0,9-21-39-20-35-9 = 1.0,9-25-30-37-9 = 1.0,9-15-24-9 = 1.0,9-23-12-27-9 = 1.0,11-40-33-32-34-9 = 1.0,9-18-17-16-41-11 = 1.0
238,72,601.492,7.5,0.257,3.5,495,496,11-14-11 = 0.25,9-37-9 = 0.25,8-22-16-41-11 = 0.25,8-22-16-41-14-11 = 0.75,8-19-38-36-8 = 0.75,8-19-36-8 = 0.25,11-31-13-11 = 0.5,11-28-31-26-11 = 0.5,11-28-13-26-11 = 0.5,11-40-33-29-11 = 0.5,11-17-33-29-11 = 0.5,11-12-18-17-11 = 0.25,9-30-20-35-9 = 0.75,11-40-17-20-35-9 = 0.25,9-25-37-9 = 0.5,9-15-24-21-9 = 1.0,9-25-30-37-9 = 0.25,9-25-18-23-34-9 = 0.25,9-39-27-32-34-9 = 0.5,11-12-18-23-8 = 0.5,11-40-12-32-34-9 = 0.25,9-39-27-38-8 = 0.25,9-39-23-27-32-8 = 0.25
496,238,601.917,6.818,0.425,-0.682,497,498,11-14-11 = 0.136,8-19-8 = 0.182,9-37-9 = 0.682,8-22-16-41-11 = 0.136,8-22-16-41-14-11 = 0.864,8-19-38-36-8 = 0.795,8-19-36-8 = 0.023,11-31-13-11 = 0.5,11-28-31-26-11 = 0.5,11-28-13-26-11 = 0.5,11-40-33-29-11 = 0.727,11-17-33-29-11 = 0.273,11-12-18-17-11 = 0.364,11-12-18-34-9 = 0.318,11-17-20-35-34-8 = 0.091,11-12-20-35-9 = 0.318,9-30-20-35-9 = 0.318,11-40-17-20-35-9 = 0.273,9-15-24-21-9 = 0.818,9-25-30-37-9 = 0.318,9-25-30-21-9 = 0.182,9-25-18-32-34-9 = 0.023,9-25-18-23-34-9 = 0.295,9-39-27-32-34-9 = 0.273,9-25-30-24-9 = 0.182,9-15-38-36-8 = 0.182,9-39-27-38-8 = 0.023,9-39-23-27-32-8 = 0.705
454,209,602.582,3.0,0.734,-4.0,499,500,11-14-11 = 0.5,8-22-16-41-11 = 0.5,8-22-16-41-14-11 = 0.5,8-19-38-36-8 = 1.0,11-31-13-26-11 = 0.5,11-28-31-26-11 = 0.5,11-28-13-11 = 0.5,11-40-33-29-11 = 1.0,11-17-20-35-9 = 1.0,9-15-24-21-9 = 1.0,9-25-30-37-9 = 1.0,9-39-23-27-34-9 = 1.0,9-18-12-32-8 = 1.0
500,454,607.852,0.0,5.27,0.0,Prune by CG,,11-14-11 = 1.0,8-22-16-41-11 = 1.0,8-19-38-36-8 = 1.0,11-31-13-11 = 0.5,11-28-31-26-11 = 0.5,11-28-13-26-11 = 0.5,11-40-33-29-11 = 1.0,11-17-20-35-9 = 1.0,9-15-24-21-9 = 1.0,9-25-30-37-9 = 1.0,9-39-23-27-34-9 = 1.0,9-18-12-32-8 = 1.0
326,184,602.057,6.0,0.813,0.0,501,502,9-37-9 = 1.0,8-22-16-41-14-11 = 0.75,8-22-19-8 = 0.25,8-19-38-36-8 = 0.75,11-31-13-26-11 = 0.5,11-28-31-26-11 = 0.5,11-40-33-29-11 = 0.25,11-17-33-29-11 = 0.75,11-12-18-39-9 = 0.25,9-30-20-35-9 = 0.75,11-40-17-16-41-14-11 = 0.25,9-25-20-35-9 = 0.25,9-15-24-21-9 = 0.75,9-25-30-39-21-9 = 0.25,9-25-12-32-34-9 = 0.5,9-15-24-9 = 0.25,9-39-27-32-34-9 = 0.25,9-39-12-32-34-9 = 0.25,11-40-28-13-9 = 0.5,9-23-18-27-8 = 0.75,8-23-38-36-8 = 0.25
399,390,601.993,8.5,0.411,0.5,503,504,8-19-8 = 0.25,9-37-9 = 0.5,8-22-14-11 = 0.5,8-22-19-8 = 0.25,8-19-38-36-8 = 0.5,11-31-13-26-11 = 0.5,11-28-31-26-11 = 0.5,11-28-13-11 = 0.5,11-40-33-29-11 = 0.75,11-22-16-41-14-11 = 0.25,11-17-33-29-11 = 0.25,8-18-20-35-9 = 0.5,11-12-18-39-9 = 0.5,11-12-17-16-41-11 = 0.5,9-30-20-35-9 = 0.5,11-40-17-16-41-14-11 = 0.25,9-15-24-21-9 = 1.0,9-25-30-37-9 = 0.5,9-39-23-38-36-8 = 0.5,9-25-27-32-34-9 = 0.5,9-23-27-32-34-8 = 0.5
504,399,607.082,0.0,5.089,0.0,Prune by CG,,11-14-11 = 0.375,9-37-9 = 0.25,8-22-19-8 = 1.0,8-36-38-34-9 = 0.25,11-31-13-11 = 0.5,11-28-31-26-11 = 0.5,11-28-13-26-11 = 0.5,11-40-33-29-11 = 0.875,8-18-20-35-9 = 0.5,11-12-17-16-41-11 = 0.5,8-18-39-24-9 = 0.25,9-30-20-35-9 = 0.5,11-40-17-16-41-14-11 = 0.125,9-15-21-37-9 = 0.25,9-15-24-21-9 = 0.75,9-25-30-37-9 = 0.5,9-18-27-32-9 = 0.25,11-41-33-29-11 = 0.125,9-39-23-38-36-8 = 0.75,11-12-16-41-14-11 = 0.125,11-12-17-16-14-11 = 0.25,11-12-17-41-14-11 = 0.125,9-25-27-32-34-9 = 0.5,9-23-27-32-34-8 = 0.25
157,149,602.176,5.5,1.818,-0.667,505,506,9-37-9 = 1.0,8-19-38-36-8 = 1.0,11-31-13-26-11 = 0.5,11-28-31-26-11 = 0.5,11-40-33-29-11 = 0.5,11-22-16-41-14-11 = 1.0,11-17-33-29-11 = 0.5,11-17-20-35-32-11 = 0.5,9-30-20-35-9 = 0.25,11-40-28-13-11 = 0.5,9-21-39-20-35-9 = 0.25,9-25-30-39-21-9 = 0.75,9-25-18-27-9 = 0.25,9-15-24-9 = 1.0,9-18-27-34-9 = 0.5,9-18-12-23-9 = 0.25,9-23-12-27-9 = 0.25,9-23-12-32-34-9 = 0.5
505,157,608.192,0.0,6.016,0.0,Prune by CG,,9-37-9 = 1.0,8-19-38-36-8 = 1.0,11-31-13-11 = 0.5,11-28-31-26-11 = 0.5,11-28-13-26-11 = 0.5,11-40-33-29-11 = 1.0,11-22-16-41-14-11 = 1.0,11-17-20-35-32-11 = 1.0,9-15-24-34-9 = 0.5,9-25-30-39-21-9 = 1.0,9-15-24-9 = 0.5,9-18-27-34-9 = 0.5,9-18-12-23-9 = 0.5,9-23-12-27-9 = 0.5
279,216,601.826,7.0,0.77,2.0,507,508,11-26-11 = 0.5,8-22-16-41-14-11 = 1.0,8-19-38-36-8 = 0.5,8-19-36-8 = 0.5,11-31-13-11 = 0.5,11-28-31-26-11 = 0.5,11-28-13-11 = 0.5,11-40-33-29-11 = 1.0,9-24-21-37-9 = 0.5,9-30-20-35-9 = 1.0,11-17-27-32-34-9 = 0.5,9-15-21-37-9 = 0.5,9-15-24-39-9 = 0.5,9-25-12-23-39-9 = 0.5,9-25-18-23-34-9 = 0.5,11-17-27-38-8 = 0.5,9-18-12-32-8 = 0.5
467,405,602.397,3.5,0.482,-2.417,509,510,11-14-11 = 0.333,8-36-8 = 0.083,8-22-16-41-11 = 0.25,8-22-16-41-14-11 = 0.667,8-22-19-8 = 0.083,8-19-38-36-8 = 0.917,11-31-13-26-11 = 0.5,11-28-31-26-11 = 0.5,11-40-33-29-11 = 0.167,11-17-33-29-11 = 0.833,9-30-20-35-9 = 1.0,11-40-28-13-11 = 0.5,11-40-17-27-32-11 = 0.167,9-15-24-39-9 = 1.0,9-21-37-9 = 1.0,9-25-18-23-34-9 = 1.0,11-40-12-38-8 = 0.083,11-40-12-16-41-11 = 0.083,11-12-27-32-8 = 0.833
509,467,606.615,0.0,4.218,0.0,Prune by CG,,8-22-14-11 = 0.5,8-19-38-36-8 = 0.5,8-19-36-8 = 0.5,11-31-13-26-11 = 0.5,11-28-31-26-11 = 0.5,11-22-16-41-14-11 = 0.5,11-17-33-29-11 = 1.0,9-30-20-35-9 = 1.0,11-40-28-13-11 = 0.5,9-15-24-39-9 = 1.0,9-21-37-9 = 1.0,9-25-18-23-34-9 = 1.0,11-40-12-16-41-11 = 0.5,8-38-27-32-8 = 0.5,11-12-27-32-8 = 0.5
263,261,602.345,5.0,3.42,-1.667,511,512,9-37-9 = 1.0,8-22-14-11 = 0.333,8-22-16-41-14-11 = 0.667,8-19-38-36-8 = 1.0,11-31-13-26-11 = 0.5,11-28-31-26-11 = 0.5,11-28-13-11 = 0.333,11-40-33-29-11 = 0.833,11-17-33-29-11 = 0.167,11-17-20-35-34-9 = 0.333,11-12-17-16-41-11 = 0.333,11-12-20-35-9 = 0.667,11-17-27-32-34-9 = 0.167,11-40-28-13-11 = 0.167,9-15-24-21-9 = 1.0,9-18-27-32-9 = 0.333,9-18-27-32-11 = 0.167,9-18-27-34-9 = 0.167,9-23-18-32-34-9 = 0.167,9-39-27-32-34-9 = 0.167,9-25-30-39-23-8 = 0.833,9-25-30-18-8 = 0.167
443,135,601.937,7.0,0.265,1.0,513,514,9-37-9 = 1.0,11-18-27-32-9 = 0.5,8-19-38-36-8 = 0.5,8-36-38-34-9 = 0.25,8-38-27-32-9 = 0.25,11-31-13-26-11 = 0.5,11-28-31-26-11 = 0.5,11-28-13-11 = 0.5,11-40-33-29-11 = 1.0,11-22-16-41-14-11 = 0.5,9-30-20-35-9 = 0.75,9-15-24-39-9 = 0.25,9-15-24-21-9 = 0.75,9-25-30-39-21-9 = 0.25,9-25-18-23-34-9 = 0.5,9-25-20-35-34-9 = 0.25,9-12-17-16-14-11 = 0.5,9-23-12-17-41-11 = 0.25,9-39-23-27-32-9 = 0.25,9-39-12-17-41-11 = 0.25,11-22-19-8 = 0.25,11-22-19-36-8 = 0.25
513,443,608.383,0.0,6.446,0.0,Prune by CG,,9-37-9 = 1.0,8-12-17-16-14-11 = 0.125,11-18-27-32-9 = 0.375,8-36-38-34-9 = 0.25,8-38-27-32-9 = 0.625,11-31-13-26-11 = 0.5,11-28-31-26-11 = 0.5,11-28-13-11 = 0.5,11-40-33-29-11 = 1.0,11-22-16-41-14-11 = 0.125,9-30-20-35-9 = 0.875,9-15-24-39-9 = 0.125,9-15-24-21-9 = 0.875,9-25-30-39-21-9 = 0.125,9-25-18-23-34-9 = 0.625,9-25-20-35-34-9 = 0.125,9-12-17-16-14-11 = 0.375,11-19-16-41-14-11 = 0.125,9-25-12-17-41-11 = 0.125,9-39-12-17-41-11 = 0.375,9-39-23-38-36-8 = 0.125,11-22-19-8 = 0.25,11-22-19-36-8 = 0.625,9-39-23-16-41-14-11 = 0.25
474,202,602.144,7.269,0.197,-0.231,515,516,8-19-8 = 0.519,9-37-9 = 0.625,8-22-16-41-14-11 = 0.731,8-22-19-8 = 0.269,8-19-38-36-8 = 0.212,8-23-12-27-9 = 0.115,11-31-13-26-11 = 0.385,11-28-31-26-11 = 0.385,11-28-31-14-11 = 0.231,11-28-13-26-11 = 0.231,11-28-33-32-8 = 0.154,11-40-33-29-11 = 0.462,8-23-18-27-9 = 0.115,11-17-33-29-11 = 0.154,11-16-17-27-34-9 = 0.231,9-30-20-35-9 = 0.683,11-40-17-27-34-9 = 0.538,9-25-13-29-11 = 0.385,9-25-20-35-9 = 0.298,9-15-21-37-9 = 0.058,9-15-24-21-9 = 0.942,9-25-30-37-9 = 0.317,9-12-18-39-9 = 0.25,9-18-12-32-9 = 0.596,9-39-23-38-36-8 = 0.731,11-41-33-32-34-9 = 0.231,9-24-38-36-8 = 0.058,9-39-20-35-32-8 = 0.019,9-12-17-41-14-11 = 0.038,8-23-18-17-16-8 = 0.038
516,474,606.035,0.0,3.891,0.0,Prune by CG,,8-19-8 = 0.056,9-37-9 = 1.0,8-22-16-41-14-11 = 0.361,8-22-19-8 = 0.639,8-19-38-36-8 = 0.306,11-31-13-26-11 = 0.333,11-28-31-26-11 = 0.389,11-28-31-14-11 = 0.278,11-28-13-26-11 = 0.278,11-40-33-29-11 = 0.611,11-12-27-34-9 = 0.444,11-41-27-32-34-9 = 0.222,9-30-20-35-9 = 0.5,9-25-13-29-11 = 0.333,9-25-20-35-9 = 0.167,9-15-24-39-9 = 0.139,9-15-24-21-9 = 0.833,9-25-30-39-21-9 = 0.167,9-15-24-9 = 0.028,9-18-12-32-9 = 0.444,9-25-30-20-9 = 0.333,11-41-33-29-11 = 0.056,9-39-23-38-36-8 = 0.694,11-40-28-13-9 = 0.056,8-16-17-27-35-9 = 0.333,11-40-33-32-34-9 = 0.333,9-18-17-41-14-11 = 0.25,9-12-17-41-14-11 = 0.111,8-23-18-17-16-8 = 0.306
515,474,601.726,7.154,-0.418,-0.115,517,518,8-19-8 = 0.385,9-37-9 = 0.75,8-22-16-41-14-11 = 0.692,8-22-19-8 = 0.308,8-19-38-36-8 = 0.308,8-23-12-27-9 = 0.154,11-31-13-26-11 = 0.346,11-28-31-26-11 = 0.423,11-28-31-14-11 = 0.231,11-28-13-26-11 = 0.231,11-28-33-32-8 = 0.077,11-40-33-29-11 = 0.385,8-23-18-27-9 = 0.154,11-17-33-29-11 = 0.231,11-16-17-27-34-9 = 0.231,9-30-20-35-9 = 0.712,11-40-17-27-34-9 = 0.462,11-40-17-16-41-14-11 = 0.077,9-25-13-29-11 = 0.385,9-25-20-35-9 = 0.288,9-15-24-39-9 = 0.038,9-15-24-21-9 = 0.962,9-25-30-37-9 = 0.25,9-25-30-39-21-9 = 0.038,9-12-18-39-9 = 0.231,9-18-12-32-9 = 0.615,9-39-23-38-36-8 = 0.692,11-40-33-32-34-9 = 0.077,9-25-28-13-9 = 0.038,11-41-33-32-34-8 = 0.231
518,515,613.406,0.0,11.68,0.0,Prune by CG,,8-19-8 = 1.0,9-37-9 = 0.333,8-22-16-41-14-11 = 1.0,11-31-13-26-11 = 1.0,11-40-33-29-11 = 0.333,11-28-20-35-9 = 0.333,11-17-33-29-11 = 0.333,9-30-20-35-9 = 0.667,11-40-17-27-34-9 = 0.667,9-15-24-21-9 = 1.0,9-25-30-37-9 = 0.333,9-18-12-32-9 = 1.0,9-39-23-38-36-8 = 1.0,9-25-33-29-11 = 0.333,11-28-27-34-9 = 0.333,9-25-28-37-9 = 0.333
517,515,601.786,7.333,0.06,0.179,519,520,8-19-8 = 0.333,9-37-9 = 0.792,8-22-16-41-14-8 = 0.083,8-22-16-41-14-11 = 0.583,8-22-19-8 = 0.333,8-19-38-36-8 = 0.333,8-23-12-27-9 = 0.167,11-31-13-26-11 = 0.333,11-28-31-26-11 = 0.417,11-28-31-14-11 = 0.25,11-28-13-26-11 = 0.25,11-40-33-29-11 = 0.417,8-23-18-27-9 = 0.167,11-17-33-29-11 = 0.25,11-16-17-27-34-9 = 0.25,9-30-20-35-9 = 0.708,11-40-17-27-34-9 = 0.417,11-40-17-16-41-14-11 = 0.083,9-25-13-29-11 = 0.333,9-25-20-35-9 = 0.292,9-15-24-39-9 = 0.083,9-15-24-21-9 = 0.917,9-25-30-37-9 = 0.208,9-25-30-39-21-9 = 0.083,9-12-18-39-9 = 0.167,9-18-12-32-9 = 0.667,9-39-23-38-36-8 = 0.667,11-40-33-32-34-9 = 0.083,9-25-28-13-11 = 0.083,11-41-33-32-34-8 = 0.25
519,517,608.979,0.0,7.193,0.0,Prune by CG,,8-36-8 = 0.105,9-37-9 = 1.0,8-22-16-41-14-11 = 0.421,8-22-19-8 = 0.579,8-19-38-36-8 = 0.421,8-23-12-27-9 = 0.211,11-31-13-26-11 = 1.0,8-23-18-27-9 = 0.263,11-17-27-20-9 = 0.053,11-12-18-39-9 = 0.211,11-12-27-32-9 = 0.105,9-30-20-35-9 = 0.947,11-40-17-27-34-9 = 0.316,11-40-17-27-35-9 = 0.053,11-40-17-16-41-14-11 = 0.263,9-15-24-21-9 = 0.947,9-21-39-23-38-8 = 0.053,9-12-18-39-9 = 0.263,9-18-12-32-9 = 0.211,11-16-17-33-14-11 = 0.316,9-15-38-36-8 = 0.053,9-39-23-38-36-8 = 0.421,11-40-33-32-34-9 = 0.368,9-30-39-24-9 = 0.053,9-18-23-38-8 = 0.053,11-41-33-32-34-8 = 0.316,9-25-28-29-11 = 1.0
520,517,601.918,7.333,0.132,-0.0,521,522,8-19-8 = 0.333,9-37-9 = 0.792,8-22-16-41-14-8 = 0.083,8-22-16-41-14-11 = 0.583,8-22-19-8 = 0.333,8-19-38-36-8 = 0.333,8-23-12-27-9 = 0.167,11-31-13-26-11 = 0.333,11-28-31-26-11 = 0.417,11-28-31-14-11 = 0.25,11-28-13-26-11 = 0.25,11-40-33-29-11 = 0.333,8-23-18-27-9 = 0.167,11-17-33-29-11 = 0.25,11-16-17-27-34-9 = 0.25,9-30-20-35-9 = 0.708,11-40-28-13-11 = 0.083,11-40-17-27-34-9 = 0.417,11-40-17-16-41-14-11 = 0.083,9-25-13-29-11 = 0.333,9-25-20-35-9 = 0.292,9-15-24-39-9 = 0.083,9-15-24-21-9 = 0.917,9-25-30-37-9 = 0.208,9-25-30-39-21-9 = 0.083,9-12-18-39-9 = 0.167,9-18-12-32-9 = 0.667,9-39-23-38-36-8 = 0.667,11-40-33-32-34-9 = 0.083,9-25-33-29-11 = 0.083,11-41-33-32-34-8 = 0.25
522,520,607.174,0.0,5.256,0.0,Prune by CG,,8-36-8 = 0.087,9-37-9 = 0.957,8-22-16-41-14-8 = 0.087,8-22-16-41-14-11 = 0.13,8-22-19-8 = 0.783,8-19-38-36-8 = 0.217,8-23-12-27-9 = 0.043,8-23-12-18-9 = 0.043,11-31-13-26-11 = 0.478,11-28-31-26-11 = 0.13,11-28-31-14-11 = 0.348,11-28-13-26-11 = 0.391,8-12-18-39-9 = 0.304,8-23-18-27-9 = 0.13,8-18-12-32-9 = 0.043,11-41-27-32-34-9 = 0.304,11-16-17-20-35-9 = 0.043,11-16-17-27-34-9 = 0.261,11-31-13-32-9 = 0.043,9-30-20-35-9 = 0.957,11-40-28-13-11 = 0.087,11-40-28-29-11 = 0.043,11-40-17-27-34-9 = 0.261,11-40-17-16-41-14-11 = 0.435,9-15-24-21-9 = 1.0,9-25-30-37-9 = 0.043,9-18-12-32-9 = 0.391,9-39-23-38-36-8 = 0.696,11-40-12-32-34-9 = 0.174,9-25-33-29-11 = 0.957,8-18-23-38-8 = 0.087,8-16-41-33-32-8 = 0.043
521,520,602.023,7.357,0.104,0.024,523,524,8-19-8 = 0.286,9-37-9 = 0.839,8-22-16-41-14-8 = 0.071,8-22-16-41-14-11 = 0.571,8-22-19-8 = 0.357,8-19-38-36-8 = 0.357,8-23-12-27-9 = 0.179,11-31-13-26-11 = 0.286,11-28-31-26-11 = 0.5,11-28-31-14-11 = 0.214,11-28-13-26-11 = 0.214,11-40-33-29-11 = 0.357,8-23-18-27-9 = 0.179,11-17-33-29-11 = 0.214,11-16-17-27-34-9 = 0.214,9-30-20-35-9 = 0.732,11-40-28-13-11 = 0.071,11-40-17-27-34-9 = 0.429,11-40-17-16-41-14-11 = 0.071,9-25-13-29-11 = 0.429,9-25-20-35-9 = 0.268,9-15-24-39-9 = 0.107,9-15-24-21-9 = 0.893,9-25-30-37-9 = 0.161,9-25-30-39-21-9 = 0.107,9-25-12-18-9 = 0.036,9-12-18-39-9 = 0.143,9-18-12-32-9 = 0.643,11-16-17-33-14-11 = 0.071,9-39-23-38-36-8 = 0.643,11-40-33-32-34-9 = 0.071,11-41-33-32-34-8 = 0.286
523,521,613.936,0.0,11.913,0.0,Prune by CG,,9-37-9 = 0.944,8-22-14-11 = 0.333,8-22-16-41-14-8 = 0.333,8-19-16-38-8 = 0.556,8-22-19-36-8 = 0.333,8-19-36-8 = 0.111,11-31-13-26-11 = 0.333,11-28-31-26-11 = 0.667,8-23-18-27-9 = 0.333,11-17-33-29-11 = 0.556,11-12-27-34-9 = 0.111,11-41-27-32-34-9 = 0.111,9-30-20-35-9 = 0.722,11-40-28-13-11 = 0.333,11-40-17-27-34-9 = 0.444,9-25-13-29-11 = 0.333,9-25-20-35-9 = 0.278,9-15-24-39-9 = 0.111,9-15-24-21-9 = 0.889,9-25-30-37-9 = 0.056,9-25-30-39-21-9 = 0.111,9-18-12-32-9 = 0.556,11-41-33-29-11 = 0.111,9-39-23-38-36-8 = 0.444,11-40-33-32-34-9 = 0.222,11-41-33-32-34-9 = 0.111,9-39-12-41-14-11 = 0.333,9-25-30-23-16-8 = 0.111,9-25-18-23-36-8 = 0.111
446,340,601.97,9.0,0.147,1.0,525,526,11-14-11 = 0.5,9-37-9 = 0.5,8-22-19-36-8 = 0.5,8-19-38-34-9 = 0.5,11-31-13-26-11 = 0.5,11-28-31-26-11 = 0.5,11-28-13-11 = 0.5,11-40-33-29-11 = 0.5,11-22-16-41-14-11 = 0.5,11-17-33-29-11 = 0.5,9-30-20-35-9 = 0.5,11-40-17-20-35-9 = 0.5,9-15-24-21-9 = 1.0,9-25-30-37-9 = 0.5,9-25-12-27-9 = 0.5,9-18-12-32-9 = 0.5,9-39-27-32-34-9 = 0.5,9-39-23-38-36-8 = 0.5,9-23-18-16-41-11 = 0.5
357,310,602.244,7.6,0.816,-0.9,527,528,8-19-8 = 0.6,9-37-9 = 0.6,11-18-27-32-9 = 0.1,8-22-16-41-14-11 = 1.0,8-19-38-36-8 = 0.4,11-31-13-11 = 0.4,11-31-13-26-11 = 0.1,11-28-31-26-11 = 0.5,11-28-13-26-11 = 0.4,11-40-33-29-11 = 0.5,11-17-33-29-11 = 0.5,11-12-18-17-11 = 0.1,11-12-27-32-9 = 0.1,11-18-12-32-9 = 0.4,9-30-35-27-9 = 0.2,11-40-28-13-11 = 0.1,11-40-17-27-32-11 = 0.4,9-15-21-37-9 = 0.4,9-15-24-21-9 = 0.6,9-25-20-35-34-9 = 0.8,9-25-30-20-9 = 0.2,9-39-23-38-36-8 = 0.6,11-12-18-23-8 = 0.4,9-30-39-24-9 = 0.4,9-30-27-34-9 = 0.2
379,245,602.074,6.792,0.376,0.292,529,530,8-36-8 = 0.042,9-37-9 = 1.0,8-22-19-8 = 0.833,8-22-19-36-8 = 0.167,8-12-27-34-9 = 0.375,8-38-27-34-9 = 0.208,11-31-13-26-11 = 0.333,11-28-31-26-11 = 0.333,11-28-31-14-11 = 0.333,11-28-13-26-11 = 0.333,11-40-33-29-11 = 0.333,8-23-18-27-9 = 0.375,11-16-17-27-32-9 = 0.042,9-30-20-35-9 = 0.687,11-40-17-16-41-14-11 = 0.667,9-25-13-29-11 = 0.333,9-15-24-39-9 = 0.104,9-15-24-21-9 = 0.792,9-25-30-39-21-9 = 0.208,9-25-20-35-34-9 = 0.313,9-18-12-32-9 = 0.458,9-25-30-39-34-9 = 0.062,9-25-30-24-9 = 0.042,11-41-33-29-11 = 0.333,9-15-38-36-8 = 0.104,9-39-23-38-36-8 = 0.625,9-24-38-36-8 = 0.062,11-16-17-33-32-9 = 0.292,9-18-12-32-8 = 0.167,9-25-33-32-34-9 = 0.042
529,379,607.947,0.0,5.873,0.0,Prune by CG,,9-37-9 = 1.0,8-22-19-8 = 0.75,8-22-19-36-8 = 0.25,8-38-27-34-9 = 0.25,11-31-13-9 = 0.25,11-28-31-26-11 = 0.5,11-28-13-26-11 = 0.5,8-18-27-34-9 = 0.5,11-12-18-39-9 = 0.25,11-12-27-32-9 = 0.25,8-23-12-32-34-9 = 0.25,11-31-13-32-9 = 0.25,9-30-20-35-9 = 1.0,11-40-17-16-41-14-11 = 1.0,9-15-24-21-9 = 1.0,9-39-23-38-36-8 = 0.75,9-25-33-29-11 = 1.0,9-18-12-32-8 = 0.25
455,404,602.103,7.25,0.25,0.107,531,532,11-14-11 = 0.125,9-37-9 = 0.75,11-18-20-35-9 = 0.5,8-22-14-11 = 0.375,8-22-16-41-14-11 = 0.375,8-22-19-36-8 = 0.25,8-19-38-36-8 = 0.75,8-23-12-27-8 = 0.25,11-31-13-26-11 = 0.5,11-28-31-26-11 = 0.5,11-28-13-11 = 0.5,11-40-33-29-11 = 0.875,11-17-33-29-11 = 0.125,9-30-20-35-9 = 0.5,11-40-17-16-41-14-11 = 0.125,9-15-24-21-9 = 1.0,9-25-30-37-9 = 0.25,9-25-12-32-34-9 = 0.25,9-25-12-23-34-9 = 0.25,9-39-12-32-34-9 = 0.25,9-25-30-39-34-9 = 0.25,11-17-27-38-8 = 0.25,11-18-17-16-41-11 = 0.5,9-39-23-27-32-8 = 0.5
532,455,602.106,7.294,0.003,0.044,533,534,11-14-11 = 0.206,9-37-9 = 0.618,11-18-20-35-9 = 0.265,8-22-14-11 = 0.412,8-22-16-41-14-11 = 0.294,8-22-19-36-8 = 0.294,8-19-38-36-8 = 0.706,11-31-13-11 = 0.5,11-28-31-26-11 = 0.5,11-28-13-26-11 = 0.5,11-40-33-29-11 = 0.912,8-12-18-39-9 = 0.235,11-16-17-20-35-9 = 0.118,8-23-12-32-34-9 = 0.059,9-30-20-35-9 = 0.618,11-40-17-16-41-14-11 = 0.088,9-15-24-21-9 = 1.0,9-25-30-37-9 = 0.382,9-25-12-32-34-9 = 0.353,9-25-12-23-34-9 = 0.265,9-39-12-32-34-9 = 0.088,11-41-33-29-11 = 0.088,11-17-27-38-8 = 0.294,11-18-17-16-41-11 = 0.5,9-39-23-27-32-8 = 0.471,11-41-27-32-34-8 = 0.029,9-39-23-27-34-8 = 0.206
394,194,602.116,7.41,0.497,0.077,535,536,11-14-11 = 0.064,8-19-8 = 0.026,9-37-9 = 0.744,8-22-14-11 = 0.436,8-19-38-36-8 = 0.974,8-23-12-27-8 = 0.308,11-31-13-11 = 0.5,11-28-31-26-11 = 0.5,11-28-13-26-11 = 0.5,11-40-33-29-11 = 0.872,11-22-16-41-14-11 = 0.5,11-17-33-29-11 = 0.128,11-17-20-35-34-9 = 0.051,8-23-12-32-34-8 = 0.256,9-30-20-35-9 = 0.487,11-17-27-32-34-9 = 0.692,11-40-17-20-35-9 = 0.128,9-15-24-39-9 = 0.487,9-15-24-21-9 = 0.513,9-21-39-20-35-9 = 0.231,9-25-30-37-9 = 0.256,9-25-30-39-21-9 = 0.256,9-18-12-32-9 = 0.051,9-25-18-16-41-11 = 0.436,11-22-16-41-11 = 0.064,9-18-20-35-9 = 0.103,9-25-18-23-36-8 = 0.026,9-18-12-23-8 = 0.385,9-25-39-23-38-8 = 0.026
536,394,602.088,7.533,-0.028,0.123,537,538,11-14-11 = 0.033,8-19-8 = 0.067,9-37-9 = 0.733,8-22-14-11 = 0.467,8-19-38-36-8 = 0.933,8-23-12-27-8 = 0.4,11-31-13-11 = 0.5,11-28-31-26-11 = 0.5,11-28-13-26-11 = 0.5,11-40-33-29-11 = 0.933,11-22-16-41-14-11 = 0.5,11-17-33-29-11 = 0.067,11-17-20-35-34-9 = 0.267,8-23-12-32-34-8 = 0.133,9-30-20-35-9 = 0.467,11-17-27-32-34-9 = 0.6,11-40-17-20-35-9 = 0.067,9-15-24-39-9 = 0.467,9-15-24-21-9 = 0.533,9-21-39-20-35-9 = 0.2,9-25-30-37-9 = 0.267,9-25-30-39-21-9 = 0.267,9-18-12-32-9 = 0.133,9-25-18-16-41-11 = 0.333,11-22-16-41-11 = 0.033,9-25-18-23-36-8 = 0.067,9-18-12-32-8 = 0.133,9-18-12-23-8 = 0.2,9-25-39-23-38-8 = 0.067,9-23-18-16-41-11 = 0.133
524,521,602.128,7.5,0.105,0.143,539,540,8-19-8 = 0.25,9-37-9 = 0.875,8-22-16-41-14-11 = 0.5,8-22-19-8 = 0.5,8-19-38-36-8 = 0.25,8-12-27-35-9 = 0.25,11-31-13-26-11 = 0.25,11-28-31-26-11 = 0.5,11-28-31-14-11 = 0.25,11-28-13-26-11 = 0.25,11-40-33-29-11 = 0.25,8-23-18-27-9 = 0.25,11-17-33-29-11 = 0.25,11-16-17-27-34-9 = 0.25,9-30-20-35-9 = 0.625,11-40-17-27-34-9 = 0.25,11-40-17-16-41-14-11 = 0.25,9-25-13-29-11 = 0.5,9-25-20-35-9 = 0.125,9-15-24-21-9 = 1.0,9-25-30-37-9 = 0.125,9-12-18-39-9 = 0.25,9-18-12-32-9 = 0.5,9-25-30-20-9 = 0.25,9-39-23-38-36-8 = 0.75,11-40-33-32-34-9 = 0.25,11-41-33-32-34-8 = 0.25
539,524,608.311,0.0,6.183,0.0,Prune by CG,,8-19-8 = 0.5,9-37-9 = 0.75,8-22-16-41-14-11 = 0.8,8-22-19-8 = 0.2,8-19-38-36-8 = 0.3,11-31-13-26-11 = 0.2,11-28-31-26-11 = 0.6,11-28-31-14-11 = 0.2,11-28-13-26-11 = 0.2,8-23-18-27-9 = 0.2,11-17-33-29-11 = 0.4,11-41-27-32-34-9 = 0.2,11-16-27-32-34-9 = 0.2,11-40-12-27-9 = 0.4,9-30-20-35-9 = 0.75,9-25-13-29-11 = 0.6,9-25-20-35-9 = 0.05,9-15-24-21-9 = 1.0,9-25-30-37-9 = 0.25,9-12-18-39-9 = 0.2,9-18-12-32-9 = 0.4,9-39-23-38-36-8 = 0.6,9-39-20-35-32-8 = 0.2,9-18-23-38-8 = 0.1,9-25-18-23-36-8 = 0.1,11-40-17-33-34-9 = 0.6
526,446,602.285,8.0,0.315,-1.0,541,542,9-37-9 = 0.75,8-22-19-36-8 = 0.5,8-19-38-34-9 = 0.5,11-31-13-26-11 = 0.5,11-28-31-26-11 = 0.5,11-28-13-11 = 0.5,11-40-33-29-11 = 0.5,11-22-14-11 = 0.5,11-17-33-29-11 = 0.5,9-30-20-35-9 = 0.75,11-40-17-16-41-14-11 = 0.5,9-25-20-35-9 = 0.25,9-15-24-21-9 = 1.0,9-25-30-37-9 = 0.25,9-25-12-27-9 = 0.5,9-18-12-32-9 = 0.5,9-39-27-32-34-9 = 0.5,9-39-23-38-36-8 = 0.5,11-18-23-16-41-11 = 0.5
110,88,602.164,6.714,2.569,-0.086,543,544,9-21-9 = 0.122,9-37-9 = 1.0,8-22-16-41-14-11 = 0.571,8-22-19-8 = 0.143,8-22-19-36-8 = 0.286,8-19-38-36-8 = 0.571,11-31-13-26-11 = 0.5,11-28-31-26-11 = 0.357,11-28-31-14-11 = 0.143,11-28-13-26-11 = 0.143,11-40-33-29-11 = 0.714,11-17-33-29-11 = 0.143,8-23-18-27-8 = 0.429,9-30-20-35-9 = 0.878,9-25-20-35-9 = 0.122,9-15-24-21-9 = 0.755,9-25-30-39-21-9 = 0.122,9-25-18-23-34-9 = 0.173,9-25-18-23-39-9 = 0.224,9-15-24-9 = 0.245,9-18-12-32-9 = 0.173,9-23-12-32-34-9 = 0.173,9-39-12-32-34-9 = 0.653,11-41-33-29-11 = 0.143,9-25-17-16-41-14-11 = 0.286,11-17-27-38-8 = 0.429,11-40-28-13-9 = 0.286,11-16-17-27-36-8 = 0.143,9-25-28-13-9 = 0.071
543,110,609.347,0.0,7.183,0.0,Prune by CG,,9-37-9 = 1.0,8-22-16-41-14-11 = 0.75,8-19-16-41-14-11 = 0.125,8-22-19-36-8 = 0.25,8-19-36-8 = 0.5,8-19-23-39-21-9 = 0.125,8-23-12-27-8 = 0.125,11-31-13-26-11 = 1.0,11-17-33-32-34-9 = 0.125,11-12-18-39-9 = 0.125,8-23-18-27-8 = 0.125,9-30-20-35-9 = 1.0,11-40-17-16-41-14-11 = 0.125,9-15-24-39-9 = 0.125,9-15-24-21-9 = 0.875,9-12-18-39-9 = 0.375,9-18-12-23-9 = 0.375,11-17-27-38-8 = 0.75,9-39-23-38-36-8 = 0.25,11-40-33-32-34-9 = 0.875,9-25-28-29-11 = 1.0
544,110,602.171,6.0,0.006,-0.714,545,546,9-21-9 = 0.071,9-37-9 = 1.0,8-22-16-41-14-11 = 0.5,8-22-19-36-8 = 0.5,8-19-38-36-8 = 0.5,11-31-13-9 = 0.5,11-28-31-26-11 = 0.5,11-28-13-26-11 = 0.5,11-40-33-29-11 = 1.0,8-23-18-27-8 = 0.5,9-30-20-35-9 = 0.929,9-25-20-35-9 = 0.071,9-15-24-21-9 = 0.857,9-25-30-39-21-9 = 0.071,9-25-18-23-34-9 = 0.143,9-25-18-23-39-9 = 0.214,9-15-24-9 = 0.143,9-18-12-32-9 = 0.143,9-23-12-32-34-9 = 0.143,9-39-12-32-34-9 = 0.714,9-25-17-16-41-14-11 = 0.5,11-17-27-38-8 = 0.5
468,405,602.145,6.0,0.229,0.083,547,548,11-14-11 = 0.25,8-36-8 = 0.083,9-37-9 = 0.75,11-18-20-35-9 = 0.083,8-22-14-11 = 0.083,8-22-16-41-11 = 0.167,8-22-16-41-14-11 = 0.667,8-22-19-8 = 0.083,8-19-38-36-8 = 0.917,11-31-13-26-11 = 0.5,11-28-31-26-11 = 0.5,11-40-33-29-11 = 0.167,11-17-33-29-11 = 0.833,9-24-21-37-9 = 0.167,9-30-20-35-9 = 0.75,11-40-28-13-11 = 0.5,11-40-17-27-32-11 = 0.167,9-15-21-37-9 = 0.083,9-15-24-34-9 = 0.083,9-15-24-21-9 = 0.75,9-25-18-23-34-9 = 0.333,9-25-18-23-39-9 = 0.417,9-25-30-39-34-9 = 0.25,9-15-23-38-8 = 0.083,11-40-12-16-41-11 = 0.167,9-39-20-35-34-9 = 0.167,11-12-27-32-8 = 0.833,9-23-18-39-34-9 = 0.167
548,468,612.669,0.0,10.525,0.0,Prune by CG,,9-37-9 = 0.5,11-18-27-32-9 = 0.5,8-22-14-11 = 0.5,8-19-16-41-14-11 = 0.5,8-22-19-8 = 0.5,11-31-13-26-11 = 0.5,11-28-31-26-11 = 0.5,11-17-33-29-11 = 1.0,8-18-20-35-9 = 0.5,11-40-28-13-11 = 0.5,9-15-24-21-9 = 0.5,9-21-37-9 = 0.5,9-25-30-23-34-9 = 0.5,9-25-30-39-34-9 = 0.5,9-15-38-36-8 = 0.5,9-24-38-36-8 = 0.5,11-40-12-16-41-11 = 0.5,9-39-23-20-35-9 = 0.5,11-12-27-32-8 = 0.5
362,289,602.278,7.667,0.95,-0.667,549,550,11-14-11 = 0.333,9-37-9 = 0.5,8-22-16-41-14-11 = 0.167,8-22-19-8 = 0.333,8-19-38-36-8 = 0.667,11-31-13-11 = 0.5,11-28-31-26-11 = 0.5,11-28-13-26-11 = 0.5,11-40-33-29-11 = 1.0,11-22-14-11 = 0.167,11-22-16-41-14-11 = 0.333,8-18-12-32-8 = 0.5,11-16-17-20-35-9 = 0.333,8-23-18-17-41-11 = 0.333,11-17-20-35-34-8 = 0.167,9-30-20-35-9 = 0.5,9-15-24-21-9 = 1.0,9-25-30-37-9 = 0.5,9-25-12-27-9 = 0.333,9-25-12-32-34-9 = 0.167,9-39-27-32-34-9 = 0.333,9-39-23-27-34-9 = 0.333,9-39-23-38-36-8 = 0.333,11-18-17-16-41-11 = 0.167
457,258,602.251,6.667,0.49,-0.417,551,552,9-37-9 = 0.667,8-22-14-11 = 0.75,8-22-16-41-14-11 = 0.25,8-19-38-36-8 = 1.0,11-31-13-26-11 = 0.5,11-28-31-26-11 = 0.5,11-28-13-11 = 0.5,11-40-33-29-11 = 0.75,11-16-17-20-35-9 = 0.25,11-12-17-16-41-11 = 0.5,11-12-23-24-9 = 0.333,11-12-20-35-9 = 0.167,9-30-20-35-9 = 0.333,11-40-17-20-35-9 = 0.25,9-15-21-37-9 = 0.333,9-15-24-21-9 = 0.667,9-18-27-32-9 = 0.667,9-39-23-27-32-9 = 0.333,11-41-33-29-11 = 0.25,9-25-18-23-34-8 = 0.333,9-25-30-39-34-8 = 0.667
551,457,611.243,0.0,8.992,0.0,Prune by CG,,9-37-9 = 1.0,8-22-14-11 = 1.0,8-19-38-36-8 = 1.0,11-31-13-11 = 0.071,11-31-13-26-11 = 0.429,11-28-31-26-11 = 0.5,11-28-13-26-11 = 0.071,11-40-33-29-11 = 0.286,11-16-17-20-35-9 = 0.714,11-40-28-13-11 = 0.429,9-15-24-21-9 = 1.0,9-18-27-32-9 = 0.143,9-23-18-27-9 = 0.429,9-39-23-27-32-9 = 0.429,11-41-33-29-11 = 0.714,11-18-12-32-11 = 0.429,11-40-12-17-41-11 = 0.286,11-12-16-20-9 = 0.286,9-25-30-23-34-8 = 0.143,9-25-30-39-34-8 = 0.571,9-25-30-35-34-8 = 0.286
299,297,602.265,6.556,1.275,-0.444,553,554,9-37-9 = 0.833,8-22-14-11 = 0.5,8-22-16-41-14-11 = 0.5,8-19-38-36-8 = 1.0,11-31-13-26-11 = 0.5,11-28-31-26-11 = 0.5,11-28-13-11 = 0.5,11-40-33-29-11 = 1.0,11-12-18-23-9 = 0.278,11-12-27-34-9 = 0.5,11-12-20-35-9 = 0.222,9-15-24-21-9 = 0.889,9-25-30-37-9 = 0.167,9-25-30-39-21-9 = 0.111,9-25-30-23-34-9 = 0.167,9-25-30-15-9 = 0.111,9-23-18-17-41-11 = 0.5,9-25-30-39-34-9 = 0.333,9-25-30-24-9 = 0.111,9-39-23-20-35-9 = 0.056,9-18-20-35-9 = 0.222,11-16-17-27-32-8 = 0.5,9-39-20-35-32-8 = 0.5
308,165,602.287,5.5,1.053,-0.5,555,556,9-37-9 = 1.0,8-22-14-29-11 = 0.25,8-22-19-8 = 0.75,8-19-38-36-8 = 0.25,8-36-38-34-9 = 0.25,11-31-13-26-11 = 0.5,11-28-31-26-11 = 0.25,11-28-31-14-11 = 0.25,11-28-13-26-11 = 0.25,11-40-33-29-11 = 0.25,8-23-12-32-34-9 = 0.5,9-30-20-35-9 = 1.0,11-40-28-13-11 = 0.25,11-40-17-16-41-14-11 = 0.5,9-15-24-21-9 = 1.0,9-25-18-27-9 = 1.0,9-39-12-32-34-9 = 0.25,11-41-33-29-11 = 0.5,9-39-23-38-36-8 = 0.5,11-16-17-33-32-8 = 0.25,9-39-12-17-16-8 = 0.25
555,308,607.097,0.0,4.81,0.0,Prune by CG,,9-37-9 = 0.944,8-22-14-11 = 0.5,8-22-14-29-11 = 0.167,8-22-19-8 = 0.167,8-22-19-36-8 = 0.167,8-19-38-34-9 = 0.167,8-19-38-36-8 = 0.5,11-31-13-26-11 = 0.5,11-28-31-26-11 = 0.5,11-40-33-29-11 = 0.167,8-23-12-32-34-9 = 0.167,8-23-18-39-21-9 = 0.083,8-23-18-32-34-9 = 0.083,9-30-20-35-9 = 0.917,11-40-28-13-11 = 0.5,9-25-20-27-9 = 0.083,9-15-21-37-9 = 0.056,9-15-24-39-9 = 0.139,9-15-24-21-9 = 0.806,9-21-39-23-24-9 = 0.056,9-25-35-27-32-9 = 0.083,9-25-18-27-9 = 0.833,9-23-12-32-34-9 = 0.361,9-39-12-32-34-9 = 0.139,11-41-33-29-11 = 0.667,9-39-23-38-36-8 = 0.167,9-30-39-23-34-9 = 0.083,11-16-17-38-36-8 = 0.167,11-16-17-33-32-8 = 0.167,9-39-12-17-16-8 = 0.333,11-40-17-16-41-14-8 = 0.333
549,362,602.213,7.7,-0.065,0.033,557,558,11-14-11 = 0.25,9-37-9 = 0.5,8-22-14-11 = 0.2,8-22-19-8 = 0.3,8-19-38-36-8 = 0.7,11-31-13-11 = 0.5,11-28-31-26-11 = 0.5,11-28-13-26-11 = 0.5,11-40-33-29-11 = 0.95,11-22-14-11 = 0.15,11-22-16-41-14-11 = 0.35,11-17-33-29-11 = 0.05,8-18-12-32-8 = 0.5,11-41-27-32-34-9 = 0.1,11-16-17-20-35-9 = 0.4,8-23-18-17-41-11 = 0.3,9-30-20-35-9 = 0.5,11-40-17-16-41-14-11 = 0.05,9-15-24-21-9 = 1.0,9-25-30-37-9 = 0.5,9-25-35-27-34-9 = 0.1,9-25-12-27-9 = 0.1,9-25-12-32-34-9 = 0.1,9-39-27-32-34-9 = 0.1,9-39-12-27-9 = 0.1,9-39-23-27-34-9 = 0.4,9-39-23-38-36-8 = 0.3,11-18-17-16-41-11 = 0.2,9-39-27-20-9 = 0.1,9-25-12-32-34-8 = 0.2
44,30,602.134,5.5,4.529,0.5,559,560,9-37-9 = 0.5,11-18-27-32-11 = 0.5,8-19-38-36-8 = 1.0,11-31-13-26-11 = 0.5,11-28-31-26-11 = 0.5,11-28-13-11 = 0.5,11-40-33-29-11 = 1.0,11-22-14-11 = 1.0,11-12-17-16-41-11 = 1.0,9-24-21-37-9 = 0.25,9-30-20-35-9 = 0.75,9-15-21-37-9 = 0.25,9-15-24-39-9 = 0.25,9-15-24-21-9 = 0.5,9-25-18-23-34-9 = 0.5,9-25-20-35-34-9 = 0.25,9-39-23-27-32-9 = 0.5,9-25-30-39-34-9 = 0.25
559,44,607.293,0.0,5.159,0.0,Prune by CG,,9-37-9 = 0.857,11-18-27-32-11 = 0.536,8-22-19-36-8 = 0.036,8-19-38-36-8 = 0.929,11-31-13-11 = 0.5,11-28-31-26-11 = 0.5,11-28-13-26-11 = 0.5,11-40-33-29-11 = 1.0,11-22-14-11 = 0.464,11-22-16-41-14-11 = 0.464,11-12-17-20-9 = 0.214,11-12-17-16-41-11 = 0.5,8-23-18-39-21-9 = 0.036,9-30-20-35-9 = 0.607,9-15-24-39-9 = 0.179,9-15-24-21-9 = 0.821,9-25-30-37-9 = 0.143,9-25-30-39-21-9 = 0.143,9-25-18-23-34-9 = 0.429,9-25-20-35-34-9 = 0.179,9-39-23-27-32-11 = 0.464,9-25-30-39-34-9 = 0.107,9-39-23-38-34-9 = 0.071,11-22-19-36-8 = 0.036,11-12-17-16-14-11 = 0.036,11-12-17-41-14-11 = 0.036,11-12-17-35-34-9 = 0.214
288,81,602.098,6.5,0.741,0.833,561,562,9-37-9 = 1.0,8-22-19-36-8 = 0.167,8-19-38-34-9 = 0.25,8-19-38-36-8 = 0.333,11-31-13-11 = 0.5,11-28-31-26-11 = 0.5,11-28-13-26-11 = 0.5,11-40-33-29-11 = 0.75,11-22-14-11 = 0.25,11-22-16-41-14-11 = 0.5,11-17-33-29-11 = 0.25,11-12-18-39-9 = 0.5,8-23-18-17-16-11 = 0.083,9-30-20-35-9 = 1.0,11-40-17-16-41-14-11 = 0.25,9-15-24-21-9 = 1.0,9-25-12-32-34-9 = 0.417,9-18-27-34-9 = 0.333,9-23-18-17-41-11 = 0.083,9-39-12-27-9 = 0.083,9-39-23-38-36-8 = 0.417,11-22-19-36-8 = 0.083,9-25-17-27-32-9 = 0.333,8-19-23-16-41-11 = 0.167,9-25-23-27-32-11 = 0.25
562,288,609.183,0.0,7.085,0.0,Prune by CG,,11-14-11 = 0.25,9-37-9 = 0.4,8-19-38-36-8 = 1.0,11-31-13-11 = 0.5,11-28-31-26-11 = 0.5,11-28-13-26-11 = 0.5,11-40-33-29-11 = 0.95,11-22-14-11 = 0.65,11-22-16-17-41-11 = 0.3,11-22-16-41-14-11 = 0.05,11-17-33-29-11 = 0.05,11-12-18-39-9 = 0.2,11-12-18-34-9 = 0.4,11-16-17-20-35-9 = 0.4,9-30-20-35-9 = 0.4,11-40-17-16-41-14-11 = 0.05,9-15-21-37-9 = 0.6,9-15-24-21-9 = 0.4,9-25-35-27-32-11 = 0.2,9-25-12-32-34-9 = 0.2,9-18-27-34-9 = 0.2,9-23-18-17-41-11 = 0.2,9-30-39-24-9 = 0.6,9-25-20-32-34-9 = 0.2,9-25-23-27-32-11 = 0.4,11-12-23-16-41-11 = 0.2,9-39-23-27-41-11 = 0.2
561,288,602.112,6.321,0.014,-0.179,563,564,9-37-9 = 1.0,8-22-19-36-8 = 0.143,8-19-38-34-9 = 0.232,8-19-38-36-8 = 0.321,8-23-12-16-14-11 = 0.018,11-31-13-11 = 0.5,11-28-31-26-11 = 0.5,11-28-13-26-11 = 0.5,11-40-33-29-11 = 0.821,11-22-14-11 = 0.25,11-22-16-41-14-11 = 0.518,11-17-33-29-11 = 0.179,11-12-18-39-9 = 0.464,8-23-18-17-16-11 = 0.071,9-30-20-35-9 = 1.0,11-40-17-16-41-14-11 = 0.179,9-15-24-21-9 = 1.0,9-25-12-32-34-9 = 0.429,9-18-27-34-9 = 0.339,9-23-18-17-41-11 = 0.125,9-39-12-27-9 = 0.089,9-39-23-38-36-8 = 0.446,11-22-19-36-8 = 0.089,9-25-17-27-32-9 = 0.446,8-19-23-16-41-11 = 0.179,9-25-23-27-32-11 = 0.125,8-19-23-16-14-11 = 0.036
201,199,602.885,3.4,2.455,-4.1,565,566,9-21-9 = 0.2,9-37-9 = 1.0,8-22-16-41-14-11 = 1.0,8-19-38-36-8 = 1.0,11-31-13-26-11 = 0.5,11-28-31-26-11 = 0.5,11-40-33-29-11 = 1.0,9-30-20-35-9 = 0.7,11-17-27-32-34-9 = 1.0,9-25-20-35-9 = 0.2,9-15-24-39-9 = 0.6,9-15-24-21-9 = 0.4,9-21-39-20-35-9 = 0.1,9-25-30-39-21-9 = 0.3,9-25-28-13-9 = 0.5,9-18-12-23-8 = 1.0
565,201,607.645,0.0,4.76,0.0,Prune by CG,,9-15-9 = 0.129,9-37-9 = 1.0,8-22-16-41-14-11 = 0.71,8-22-19-36-8 = 0.29,8-19-38-36-8 = 0.71,11-31-13-26-11 = 0.355,11-28-31-26-11 = 0.355,11-28-31-14-11 = 0.29,11-28-13-26-11 = 0.29,11-40-33-29-11 = 0.581,8-23-18-27-9 = 0.29,11-17-33-29-11 = 0.129,11-16-17-27-34-9 = 0.129,9-30-18-23-9 = 0.258,11-17-27-32-34-9 = 0.161,11-40-17-27-34-9 = 0.419,9-25-13-29-11 = 0.29,9-21-39-20-35-9 = 1.0,9-25-30-15-9 = 0.258,9-15-24-9 = 0.613,9-25-30-24-9 = 0.387,11-41-33-32-34-9 = 0.29,9-25-28-13-9 = 0.065,9-18-12-32-8 = 0.452,9-12-23-38-8 = 0.29,9-23-12-17-16-8 = 0.161,9-30-12-32-8 = 0.097
249,116,602.192,8.333,1.345,0.333,567,568,11-14-11 = 0.167,9-15-9 = 0.333,8-19-8 = 0.5,8-36-8 = 0.167,9-37-9 = 1.0,8-22-14-11 = 0.667,8-22-19-8 = 0.333,8-19-38-36-8 = 0.167,11-31-13-11 = 0.5,11-28-31-26-11 = 0.5,11-28-13-26-11 = 0.5,11-40-33-29-11 = 0.667,11-16-17-20-35-9 = 0.333,11-12-17-16-41-11 = 0.5,8-23-12-32-34-9 = 0.167,9-30-20-35-9 = 0.333,11-40-17-16-41-14-11 = 0.167,9-15-24-21-9 = 0.667,9-25-30-39-21-9 = 0.333,9-25-20-35-34-9 = 0.333,9-18-27-32-9 = 0.667,9-18-27-34-9 = 0.333,9-25-30-24-9 = 0.333,11-41-33-29-11 = 0.333,9-39-23-38-36-8 = 0.667,11-12-23-38-8 = 0.167,11-40-12-32-34-9 = 0.167
567,249,606.776,0.0,4.584,0.0,Prune by CG,,11-14-11 = 0.25,9-15-9 = 0.125,9-21-9 = 0.25,9-37-9 = 1.0,8-22-14-11 = 0.5,8-19-38-36-8 = 0.25,8-19-36-8 = 0.75,8-22-16-17-41-11 = 0.5,11-31-13-26-11 = 0.5,11-28-31-26-11 = 0.5,11-28-13-11 = 0.5,11-40-33-29-11 = 0.75,11-16-17-20-35-9 = 0.25,9-30-20-35-9 = 0.375,11-40-17-16-41-14-11 = 0.25,9-15-24-21-9 = 0.25,9-25-30-39-21-9 = 0.5,9-25-18-23-34-9 = 0.125,9-25-20-35-34-9 = 0.375,9-15-24-9 = 0.625,9-18-27-32-9 = 0.625,9-18-27-34-9 = 0.125,9-23-18-27-9 = 0.125,9-39-27-32-34-9 = 0.125,11-41-33-29-11 = 0.25,11-12-23-38-8 = 0.75,9-30-39-24-9 = 0.125,9-39-12-32-34-8 = 0.25
278,218,602.241,8.25,1.226,0.083,569,570,8-19-8 = 0.125,8-36-8 = 0.125,9-37-9 = 0.292,8-22-14-11 = 0.75,8-22-19-8 = 0.25,8-19-38-36-8 = 0.625,11-31-13-26-11 = 0.5,11-28-31-26-11 = 0.5,11-28-13-11 = 0.5,11-40-33-29-11 = 0.75,8-23-39-20-35-9 = 0.083,11-12-17-16-41-11 = 0.5,8-23-18-20-9 = 0.042,9-30-20-35-9 = 0.292,11-40-17-16-41-14-11 = 0.25,9-15-24-39-9 = 0.458,9-15-24-21-9 = 0.542,9-21-39-20-35-9 = 0.458,9-25-30-37-9 = 0.708,9-25-35-27-34-9 = 0.042,9-25-18-23-34-9 = 0.25,9-18-27-34-9 = 0.208,9-23-27-32-34-9 = 0.5,11-41-33-29-11 = 0.25,11-18-12-32-8 = 0.5,11-16-17-38-36-8 = 0.25,9-35-27-38-8 = 0.125,9-23-27-20-9 = 0.125
569,278,601.359,7.0,-0.882,-1.25,571,572,9-37-9 = 0.583,8-22-14-11 = 0.75,8-22-19-8 = 0.25,8-19-38-36-8 = 0.75,11-31-13-26-11 = 0.5,11-28-31-26-11 = 0.5,11-28-13-11 = 0.5,11-40-33-29-11 = 0.75,8-23-39-20-35-9 = 0.25,11-12-18-39-9 = 0.083,11-12-17-16-41-11 = 0.5,11-12-20-35-9 = 0.333,9-30-20-35-9 = 0.167,11-40-17-16-41-14-11 = 0.25,9-15-24-21-9 = 1.0,9-25-30-37-9 = 0.417,9-25-18-23-34-9 = 0.167,9-23-27-32-34-9 = 0.333,9-25-30-39-34-9 = 0.417,11-41-33-29-11 = 0.25,11-12-18-34-8 = 0.083,9-39-23-20-35-9 = 0.25,11-16-17-38-36-8 = 0.25,9-18-27-32-8 = 0.667
572,569,601.826,7.333,0.467,0.333,573,574,9-37-9 = 0.583,8-22-14-11 = 0.75,8-22-19-8 = 0.25,8-19-38-36-8 = 0.75,11-31-13-26-11 = 0.5,11-28-31-26-11 = 0.5,11-28-13-11 = 0.5,11-40-33-29-11 = 0.75,8-23-39-20-35-9 = 0.25,11-12-18-39-9 = 0.083,11-12-17-16-41-11 = 0.5,9-30-20-35-9 = 0.167,11-40-17-16-41-14-11 = 0.25,9-15-24-21-9 = 1.0,9-25-30-37-9 = 0.417,9-25-18-23-34-9 = 0.167,9-23-27-32-34-9 = 0.333,9-25-30-39-34-9 = 0.417,11-41-33-29-11 = 0.25,11-12-18-34-8 = 0.083,11-18-12-32-8 = 0.333,9-39-23-20-35-9 = 0.25,11-16-17-38-36-8 = 0.25,9-27-20-35-9 = 0.333,9-18-27-32-8 = 0.333
486,484,602.174,7.333,0.149,0.667,575,576,9-37-9 = 0.833,8-22-19-36-8 = 0.5,8-19-38-34-9 = 0.5,11-31-13-26-11 = 0.5,11-28-31-26-11 = 0.5,11-28-13-11 = 0.5,11-40-33-29-11 = 1.0,11-22-14-11 = 0.5,11-12-27-32-9 = 0.5,9-30-20-35-9 = 0.833,11-17-27-32-34-9 = 0.5,9-15-21-37-9 = 0.167,9-15-24-39-9 = 0.167,9-15-24-21-9 = 0.667,9-21-39-20-35-9 = 0.167,9-18-12-23-9 = 0.5,9-25-17-16-41-14-11 = 0.5,9-39-23-38-36-8 = 0.5,9-25-18-16-41-11 = 0.5,9-30-39-24-9 = 0.167
191,189,602.283,8.0,2.211,-0.0,577,578,11-14-11 = 0.111,9-37-9 = 0.556,8-22-14-11 = 0.389,8-22-19-8 = 0.333,8-19-38-36-8 = 0.667,8-22-16-17-41-11 = 0.278,8-23-12-27-8 = 0.111,11-31-13-26-11 = 0.5,11-28-31-26-11 = 0.5,11-28-13-11 = 0.5,11-40-33-29-11 = 0.778,11-17-16-41-14-11 = 0.278,8-23-12-32-34-9 = 0.222,11-16-17-27-32-11 = 0.222,9-24-21-37-9 = 0.111,9-30-20-35-9 = 0.333,11-40-17-16-41-14-11 = 0.222,9-15-21-37-9 = 0.111,9-15-24-39-9 = 0.111,9-15-24-21-9 = 0.778,9-25-30-37-9 = 0.222,9-25-18-23-34-9 = 0.333,9-12-18-39-9 = 0.111,9-25-30-39-34-9 = 0.444,11-41-33-29-11 = 0.222,9-39-23-38-36-8 = 0.333,11-27-20-35-9 = 0.667,9-18-12-32-8 = 0.556
341,217,602.276,8.222,0.829,0.222,579,580,11-14-11 = 0.5,9-37-9 = 0.667,8-22-16-41-14-11 = 0.5,8-19-38-36-8 = 1.0,8-22-16-17-41-11 = 0.5,11-31-13-26-11 = 0.5,11-28-31-26-11 = 0.5,11-40-33-29-11 = 0.5,11-17-33-29-11 = 0.5,11-12-18-39-9 = 0.333,11-12-20-35-9 = 0.222,9-30-20-35-9 = 0.444,11-40-28-13-11 = 0.5,9-15-24-39-9 = 0.333,9-15-24-21-9 = 0.667,9-21-39-20-35-9 = 0.111,9-25-30-37-9 = 0.333,9-25-30-39-21-9 = 0.222,9-25-35-27-34-9 = 0.222,9-25-18-23-34-9 = 0.222,11-18-12-32-8 = 0.444,9-23-27-32-34-8 = 0.556,9-23-27-20-9 = 0.222
580,341,606.527,0.0,4.251,0.0,Prune by CG,,11-14-11 = 0.5,9-37-9 = 0.667,8-22-16-41-14-11 = 0.5,8-19-38-36-8 = 1.0,8-22-16-17-41-11 = 0.5,11-31-13-26-11 = 0.5,11-28-31-26-11 = 0.5,11-40-33-29-11 = 0.5,11-17-33-29-11 = 0.5,11-12-18-39-9 = 0.333,9-24-39-20-9 = 0.333,11-40-28-13-11 = 0.5,9-15-21-37-9 = 0.333,9-15-24-21-9 = 0.667,9-25-30-35-34-9 = 0.667,9-25-30-39-35-9 = 0.333,11-18-12-32-8 = 0.667,9-23-27-32-34-8 = 0.333,9-23-27-20-9 = 0.667
579,341,602.316,7.667,0.04,-0.556,581,582,11-14-11 = 0.5,9-37-9 = 0.667,8-22-16-41-14-11 = 0.5,8-19-38-36-8 = 1.0,8-22-16-17-41-11 = 0.5,11-31-13-26-11 = 0.5,11-28-31-26-11 = 0.5,11-40-33-29-11 = 0.5,11-17-33-29-11 = 0.5,11-12-18-39-9 = 0.333,11-12-20-35-9 = 0.667,9-30-20-35-9 = 0.333,11-40-28-13-11 = 0.5,9-15-24-39-9 = 0.333,9-15-24-21-9 = 0.667,9-25-30-37-9 = 0.333,9-25-30-39-21-9 = 0.333,9-25-18-23-34-9 = 0.333,9-23-27-32-34-8 = 0.667,9-18-27-32-8 = 0.333
378,346,602.51,5.143,0.877,-1.357,583,584,9-37-9 = 1.0,8-19-16-41-14-11 = 0.429,8-22-19-36-8 = 0.143,8-19-38-34-9 = 0.143,8-19-38-36-8 = 0.143,8-19-12-32-9 = 0.143,11-31-13-11 = 0.429,11-28-31-26-11 = 0.571,11-28-13-26-11 = 0.429,11-40-33-29-11 = 0.286,11-22-14-11 = 0.286,11-22-16-17-41-11 = 0.286,11-22-16-41-14-11 = 0.286,11-17-33-29-11 = 0.571,11-12-18-34-9 = 0.143,9-30-20-35-9 = 1.0,9-25-13-29-11 = 0.143,9-15-24-21-9 = 1.0,9-25-18-27-9 = 0.857,9-39-23-27-32-11 = 0.143,9-39-23-38-36-8 = 0.714,9-39-23-17-33-11 = 0.143,11-40-12-32-34-9 = 0.714
547,468,602.331,6.067,0.186,0.067,585,586,11-14-11 = 0.2,8-36-8 = 0.1,9-37-9 = 0.767,8-22-14-11 = 0.15,8-22-16-41-11 = 0.1,8-22-16-41-14-11 = 0.65,8-22-19-8 = 0.1,8-19-38-36-8 = 0.9,11-31-13-26-11 = 0.5,11-28-31-26-11 = 0.5,11-40-33-29-11 = 0.2,11-17-33-29-11 = 0.8,11-17-20-35-32-11 = 0.1,9-24-21-37-9 = 0.117,9-30-20-35-9 = 0.783,11-40-28-13-11 = 0.5,11-40-17-27-32-11 = 0.1,9-15-21-37-9 = 0.117,9-15-24-34-9 = 0.117,9-15-24-21-9 = 0.767,9-25-18-23-34-9 = 0.333,9-25-18-23-39-9 = 0.45,9-25-30-39-34-9 = 0.217,11-40-12-16-41-11 = 0.2,9-39-20-35-34-9 = 0.117,11-41-27-38-8 = 0.05,11-16-27-38-8 = 0.05,11-12-27-32-8 = 0.8,9-23-18-39-34-9 = 0.217
585,547,614.17,0.0,11.839,0.0,Prune by CG,,8-19-8 = 0.167,9-37-9 = 0.556,8-22-14-11 = 0.833,8-22-16-38-8 = 0.167,8-19-16-38-8 = 0.167,8-19-38-36-8 = 0.667,11-31-13-26-11 = 0.5,11-28-31-26-11 = 0.5,11-17-33-29-11 = 0.833,9-24-21-37-9 = 0.111,9-30-20-35-9 = 0.667,11-40-28-13-11 = 0.5,9-15-21-37-9 = 0.111,9-15-24-34-9 = 0.111,9-15-24-21-9 = 0.778,9-25-30-37-9 = 0.222,9-25-18-23-34-9 = 0.111,9-25-18-23-39-9 = 0.556,9-23-18-32-34-9 = 0.333,9-25-30-39-34-9 = 0.111,11-41-33-29-11 = 0.167,11-40-17-41-14-11 = 0.167,9-39-20-35-34-9 = 0.333,11-12-27-32-11 = 0.167,11-12-27-32-8 = 0.167,11-12-27-41-11 = 0.333,11-16-41-27-32-8 = 0.333,11-40-12-16-36-8 = 0.333
173,160,602.747,4.0,2.356,-2.722,587,588,9-37-9 = 1.0,11-18-27-32-8 = 0.5,8-22-16-41-14-11 = 1.0,8-19-38-36-8 = 1.0,11-31-13-26-11 = 0.5,11-28-31-26-11 = 0.5,11-40-33-29-11 = 0.5,11-17-33-29-11 = 0.5,11-12-18-17-11 = 0.5,11-40-28-13-11 = 0.5,9-25-20-35-9 = 1.0,9-15-24-21-9 = 1.0,9-30-39-23-34-9 = 1.0,11-12-27-32-8 = 0.5
552,457,602.317,6.889,0.066,0.222,589,590,9-37-9 = 0.833,8-22-14-11 = 0.278,8-22-16-41-14-11 = 0.5,8-19-38-36-8 = 1.0,11-31-13-26-11 = 0.5,11-28-31-26-11 = 0.5,11-28-13-11 = 0.5,11-40-33-29-11 = 0.778,8-23-18-27-9 = 0.222,11-22-14-11 = 0.222,11-17-33-29-11 = 0.222,11-12-17-16-41-11 = 0.5,11-17-20-35-32-9 = 0.056,11-18-12-32-9 = 0.167,11-12-20-35-9 = 0.333,9-24-27-32-9 = 0.167,9-30-20-35-9 = 0.389,11-40-17-20-35-9 = 0.222,9-15-21-37-9 = 0.167,9-15-24-21-9 = 0.833,9-18-27-32-9 = 0.222,9-39-23-27-32-9 = 0.389,9-25-18-23-34-8 = 0.389,9-25-30-39-34-8 = 0.611
284,260,602.049,7.0,0.886,2.0,591,592,8-19-8 = 0.5,9-37-9 = 0.5,8-22-14-11 = 0.5,8-22-16-41-14-11 = 0.5,8-19-38-36-8 = 0.5,11-31-13-26-11 = 0.5,11-28-31-26-11 = 0.5,11-40-33-29-11 = 1.0,11-12-18-39-9 = 0.25,9-24-21-37-9 = 0.25,9-30-20-35-9 = 1.0,11-17-27-32-34-9 = 1.0,9-15-21-37-9 = 0.25,9-15-24-39-9 = 0.25,9-15-24-21-9 = 0.5,9-39-23-38-36-8 = 0.5,11-12-18-23-8 = 0.5,9-25-18-16-41-11 = 0.25,9-25-28-13-11 = 0.5,11-25-12-16-41-11 = 0.25
592,284,602.181,7.0,0.133,0.0,593,594,8-19-8 = 0.125,8-36-8 = 0.188,9-37-9 = 0.625,8-22-14-11 = 0.312,8-22-16-41-14-11 = 0.5,8-22-19-8 = 0.188,8-19-38-36-8 = 0.688,11-31-13-11 = 0.188,11-31-13-26-11 = 0.312,11-28-31-26-11 = 0.5,11-28-13-26-11 = 0.188,11-40-33-29-11 = 1.0,11-12-18-39-9 = 0.188,11-12-23-39-34-9 = 0.187,9-24-39-20-9 = 0.188,9-30-20-35-9 = 0.812,11-17-27-32-34-9 = 0.812,9-15-21-37-9 = 0.375,9-15-24-39-9 = 0.062,9-15-24-21-9 = 0.562,9-21-39-23-38-8 = 0.062,9-25-35-27-32-11 = 0.188,9-25-17-16-41-14-11 = 0.188,9-39-23-38-36-8 = 0.125,11-12-18-23-8 = 0.5,11-12-23-38-8 = 0.125,9-25-18-16-41-11 = 0.312,9-30-39-24-9 = 0.188,9-25-28-13-11 = 0.312
593,592,602.249,7.167,0.068,0.167,595,596,8-36-8 = 0.25,9-37-9 = 0.667,8-22-14-11 = 0.25,8-22-16-41-14-11 = 0.5,8-22-19-8 = 0.25,8-19-38-36-8 = 0.75,11-31-13-11 = 0.25,11-31-13-26-11 = 0.25,11-28-31-26-11 = 0.5,11-28-13-26-11 = 0.25,11-40-33-29-11 = 1.0,11-12-18-39-9 = 0.25,9-24-39-20-9 = 0.25,9-30-20-35-9 = 0.667,11-17-27-32-34-9 = 0.75,9-15-21-37-9 = 0.333,9-15-24-39-9 = 0.083,9-15-24-21-9 = 0.583,9-21-39-20-35-9 = 0.083,9-25-35-27-32-11 = 0.25,9-25-17-16-41-14-11 = 0.25,11-12-18-23-8 = 0.5,11-12-23-38-8 = 0.25,9-25-18-16-41-11 = 0.25,9-30-39-24-9 = 0.083,9-30-39-23-34-9 = 0.25,9-25-28-13-11 = 0.25
246,203,602.443,7.158,1.656,-0.467,597,598,8-19-8 = 0.145,9-37-9 = 1.0,8-22-16-41-14-11 = 0.618,8-19-16-41-14-11 = 0.066,8-22-19-8 = 0.382,8-19-38-36-8 = 0.408,8-12-27-34-9 = 0.079,8-23-12-27-9 = 0.105,11-31-13-9 = 0.184,11-31-13-26-11 = 0.276,11-28-31-26-11 = 0.263,11-28-31-14-11 = 0.276,11-28-13-26-11 = 0.461,11-40-33-29-11 = 0.382,8-23-18-27-9 = 0.197,11-17-33-29-11 = 0.263,9-30-20-35-9 = 0.592,11-40-17-27-32-9 = 0.618,9-25-13-29-11 = 0.079,9-15-24-21-9 = 1.0,9-25-18-23-34-9 = 0.105,9-25-20-35-34-9 = 0.408,9-18-12-32-9 = 0.224,9-25-30-39-34-9 = 0.408,11-41-33-29-11 = 0.276,9-39-23-38-36-8 = 0.592,9-18-12-16-8 = 0.316,9-12-17-41-14-11 = 0.039,9-18-12-32-8 = 0.158,9-12-17-33-9 = 0.079
598,246,607.399,0.0,4.956,0.0,Prune by CG,,8-19-8 = 0.232,9-37-9 = 1.0,8-22-16-41-14-11 = 0.696,8-19-16-41-14-11 = 0.25,8-22-19-8 = 0.304,8-19-38-36-8 = 0.214,8-12-27-34-9 = 0.304,11-28-31-26-11 = 0.661,11-28-13-26-11 = 0.339,11-40-33-29-11 = 0.179,11-17-33-29-11 = 0.5,11-12-18-39-9 = 0.161,11-40-12-27-9 = 0.536,9-30-20-35-9 = 0.946,11-40-17-27-32-9 = 0.161,9-25-13-29-11 = 0.321,9-15-24-21-9 = 1.0,9-25-18-32-34-9 = 0.357,9-25-18-23-34-9 = 0.214,9-25-20-35-34-9 = 0.054,9-25-30-39-34-9 = 0.054,9-39-23-38-36-8 = 0.786,11-40-17-33-32-8 = 0.125,9-18-17-32-34-9 = 0.018,11-31-13-32-8 = 0.339,9-18-17-33-9 = 0.196,9-18-16-41-14-11 = 0.054
586,547,602.361,6.167,0.03,0.1,599,600,11-14-11 = 0.333,8-36-8 = 0.083,9-37-9 = 0.667,8-22-16-41-11 = 0.25,8-22-16-41-14-11 = 0.667,8-22-19-8 = 0.083,8-19-38-36-8 = 0.917,11-31-13-26-11 = 0.5,11-28-31-26-11 = 0.5,11-40-33-29-11 = 0.167,11-17-33-29-11 = 0.833,9-24-21-37-9 = 0.167,9-30-20-35-9 = 0.833,11-40-28-13-11 = 0.5,11-40-17-27-32-11 = 0.167,9-15-21-37-9 = 0.167,9-15-24-34-9 = 0.167,9-15-24-21-9 = 0.667,9-25-18-23-34-9 = 0.333,9-25-18-23-39-9 = 0.5,9-25-30-39-34-9 = 0.167,11-40-12-38-8 = 0.083,11-40-12-16-41-11 = 0.083,9-39-20-35-34-9 = 0.167,11-12-27-32-8 = 0.833,9-23-18-39-34-9 = 0.167
599,586,612.365,0.0,10.004,0.0,Prune by CG,,9-37-9 = 0.5,8-22-14-11 = 0.5,8-22-19-36-8 = 0.5,8-19-36-8 = 0.5,11-31-13-26-11 = 0.5,11-28-31-26-11 = 0.5,11-28-13-11 = 0.5,11-17-33-29-11 = 1.0,9-30-20-35-9 = 0.5,9-15-24-21-9 = 1.0,9-25-30-37-9 = 0.5,9-25-18-23-39-9 = 0.5,9-23-18-32-34-9 = 0.5,11-40-12-16-41-11 = 0.5,9-39-20-35-34-9 = 0.5,11-41-27-38-8 = 0.5,8-38-27-32-8 = 0.5,11-40-12-16-14-11 = 0.5
600,586,602.373,5.417,0.012,-0.75,601,602,11-14-11 = 0.25,9-37-9 = 0.917,8-22-16-41-11 = 0.25,8-22-16-41-14-11 = 0.75,8-19-38-36-8 = 1.0,11-31-13-26-11 = 0.5,11-28-31-26-11 = 0.5,11-40-33-29-11 = 0.25,11-17-33-29-11 = 0.75,11-17-20-35-32-11 = 0.25,9-24-21-37-9 = 0.042,9-30-20-35-9 = 0.708,11-40-28-13-11 = 0.5,9-15-21-37-9 = 0.042,9-15-24-34-9 = 0.042,9-15-24-21-9 = 0.917,9-25-18-23-34-9 = 0.333,9-25-18-23-39-9 = 0.375,9-25-30-39-34-9 = 0.292,9-39-20-35-34-9 = 0.042,11-12-27-32-8 = 0.75,9-23-18-39-34-9 = 0.292,11-40-12-27-8 = 0.25
601,600,610.859,0.0,8.485,0.0,Prune by CG,,8-19-8 = 0.2,9-21-9 = 0.067,9-37-9 = 1.0,8-22-14-11 = 0.05,8-22-16-41-14-11 = 0.95,8-19-38-36-8 = 0.8,11-31-13-26-11 = 0.5,11-28-31-26-11 = 0.5,11-40-33-29-11 = 0.5,11-17-33-29-11 = 0.5,11-17-20-35-32-11 = 0.4,11-17-27-20-11 = 0.05,11-16-27-20-9 = 0.05,9-30-18-39-9 = 0.367,11-40-28-13-11 = 0.5,9-15-24-21-9 = 0.9,9-25-30-39-35-9 = 0.1,9-25-30-21-9 = 0.033,9-25-18-23-34-9 = 0.55,9-25-18-23-39-9 = 0.083,9-25-30-39-34-9 = 0.233,9-15-23-38-8 = 0.1,9-24-38-36-8 = 0.1,9-30-39-23-34-9 = 0.217,11-27-20-35-9 = 0.2,11-12-27-32-11 = 0.2,11-12-27-36-8 = 0.1,11-12-27-32-8 = 0.4,11-12-20-35-8 = 0.3,9-30-23-17-41-11 = 0.05
328,153,602.371,5.765,1.199,0.024,603,604,9-15-9 = 0.235,9-21-9 = 0.059,9-37-9 = 1.0,8-19-38-36-8 = 1.0,11-31-13-26-11 = 0.5,11-28-31-26-11 = 0.5,11-40-33-29-11 = 0.5,11-22-16-41-14-11 = 1.0,9-30-20-35-9 = 0.647,11-40-28-13-11 = 0.5,9-25-20-35-9 = 0.059,9-15-24-21-9 = 0.765,9-21-39-20-35-9 = 0.176,9-25-35-27-32-9 = 0.118,9-25-18-23-34-9 = 0.706,9-18-27-32-9 = 0.294,9-39-27-32-34-9 = 0.294,9-39-23-27-32-9 = 0.294,9-25-30-20-9 = 0.118,11-12-17-33-11 = 0.5,9-30-39-24-9 = 0.235,11-12-17-29-11 = 0.5
604,328,606.433,0.0,4.063,0.0,Prune by CG,,9-15-9 = 0.333,9-37-9 = 1.0,8-19-38-36-8 = 1.0,11-31-13-26-11 = 0.5,11-28-31-26-11 = 0.5,11-40-33-29-11 = 0.5,11-22-16-41-14-11 = 1.0,11-40-28-13-11 = 0.5,9-15-24-21-9 = 0.667,9-21-24-39-35-9 = 0.333,9-18-27-35-9 = 0.333,9-23-18-32-34-9 = 0.667,9-39-27-32-34-9 = 0.333,9-39-23-27-35-9 = 0.333,9-25-30-20-9 = 1.0,11-12-17-33-11 = 0.5,11-12-17-29-11 = 0.5
603,328,602.381,5.625,0.011,-0.14,605,606,9-15-9 = 0.125,9-21-9 = 0.063,9-37-9 = 1.0,8-19-38-36-8 = 1.0,11-31-13-26-11 = 0.5,11-28-31-26-11 = 0.5,11-40-33-29-11 = 0.5,11-22-16-41-14-11 = 1.0,9-30-20-35-9 = 0.688,9-30-18-39-9 = 0.125,11-40-28-13-11 = 0.5,9-25-20-35-9 = 0.312,9-15-24-21-9 = 0.875,9-25-30-21-9 = 0.062,9-25-18-23-34-9 = 0.625,9-18-27-32-9 = 0.25,9-39-27-32-34-9 = 0.375,9-39-23-27-32-9 = 0.375,11-12-17-33-11 = 0.5,9-30-39-24-9 = 0.125,11-12-17-29-11 = 0.5
108,102,602.43,4.0,2.997,-0.333,607,608,11-26-11 = 0.25,9-37-9 = 1.0,8-19-38-36-8 = 1.0,11-31-13-26-11 = 0.5,11-28-31-26-11 = 0.25,11-22-16-41-14-11 = 1.0,11-17-33-29-11 = 1.0,11-40-28-13-11 = 0.5,11-40-28-31-11 = 0.25,9-15-24-21-9 = 1.0,9-18-27-32-11 = 0.25,9-23-27-32-34-9 = 0.25,9-39-12-32-34-9 = 0.5,9-39-23-27-35-9 = 0.5,9-25-30-20-9 = 1.0,11-40-18-23-34-9 = 0.25,9-18-12-35-9 = 0.5
607,108,613.053,0.0,10.623,0.0,Prune by CG,,9-15-9 = 0.188,9-37-9 = 1.0,8-19-38-36-8 = 1.0,11-31-13-26-11 = 0.438,11-28-31-26-11 = 0.562,11-28-13-11 = 0.438,11-22-16-41-14-11 = 1.0,11-17-33-29-11 = 0.875,11-40-18-23-39-9 = 0.25,9-25-13-29-11 = 0.125,9-15-24-21-9 = 0.812,9-21-35-27-32-11 = 0.062,9-21-39-17-33-11 = 0.125,9-25-35-27-32-11 = 0.063,9-39-12-32-34-9 = 0.25,9-25-30-20-9 = 0.5,9-30-39-24-9 = 0.188,11-40-18-23-34-9 = 0.75,9-25-30-35-32-11 = 0.312,9-12-27-35-9 = 0.562,9-39-12-20-9 = 0.188,9-20-27-32-11 = 0.312
481,398,602.251,8.0,0.411,1.0,609,610,9-37-9 = 0.667,8-22-14-11 = 0.667,8-22-19-36-8 = 0.333,8-19-38-36-8 = 0.667,8-38-27-34-9 = 0.111,8-23-27-32-34-9 = 0.222,11-31-13-11 = 0.5,11-28-31-26-11 = 0.5,11-28-13-26-11 = 0.5,11-40-33-29-11 = 0.667,9-30-20-35-9 = 0.556,11-40-17-16-41-14-11 = 0.333,9-15-24-39-9 = 0.444,9-15-24-21-9 = 0.556,9-21-39-20-35-9 = 0.444,9-25-30-37-9 = 0.333,9-25-18-23-34-9 = 0.556,9-25-30-39-34-9 = 0.111,11-41-33-29-11 = 0.167,11-16-17-33-11 = 0.167,11-12-23-38-8 = 0.222,11-18-12-32-8 = 0.111,9-18-17-16-41-11 = 0.333,11-17-16-41-29-11 = 0.167,11-12-27-32-8 = 0.667
610,481,606.633,0.0,4.383,0.0,Prune by CG,,9-37-9 = 0.5,11-18-20-35-9 = 0.5,8-22-14-11 = 0.5,8-22-19-36-8 = 0.5,8-19-38-36-8 = 0.5,8-23-27-32-34-9 = 0.5,11-31-13-11 = 0.5,11-28-31-26-11 = 0.5,11-28-13-26-11 = 0.5,11-40-33-29-11 = 1.0,9-30-20-35-9 = 0.5,9-25-37-9 = 0.5,9-15-24-21-9 = 1.0,9-25-30-39-34-9 = 0.5,11-12-23-38-8 = 0.5,9-18-17-16-41-11 = 0.5,11-12-27-32-8 = 0.5,9-39-17-16-41-14-11 = 0.5
480,477,602.461,6.0,0.562,-0.333,611,612,8-19-8 = 0.5,9-37-9 = 0.833,8-22-16-41-14-11 = 1.0,8-19-38-36-8 = 0.5,11-31-13-26-11 = 0.5,11-28-31-26-11 = 0.5,11-17-33-29-11 = 1.0,11-40-12-18-9 = 0.5,9-30-20-35-9 = 0.667,9-15-24-21-9 = 1.0,9-25-30-37-9 = 0.167,9-25-12-32-34-9 = 0.5,9-25-20-35-34-9 = 0.167,9-18-27-35-9 = 0.167,9-18-27-34-9 = 0.333,9-25-30-20-9 = 0.167,9-39-23-38-36-8 = 0.5,11-40-28-13-9 = 0.5,9-39-23-27-32-8 = 0.5
338,185,602.311,8.6,0.964,0.725,613,614,11-14-11 = 0.5,9-37-9 = 0.3,8-22-16-41-11 = 0.3,8-22-19-36-8 = 0.4,8-19-38-36-8 = 0.6,8-22-16-17-41-11 = 0.2,8-23-27-32-34-9 = 0.1,11-31-13-11 = 0.5,11-28-31-26-11 = 0.5,11-28-13-26-11 = 0.5,11-40-33-29-11 = 0.6,8-23-18-27-9 = 0.4,11-22-16-41-14-11 = 0.1,11-17-33-29-11 = 0.4,9-30-35-27-9 = 0.1,9-30-18-39-9 = 0.1,11-40-17-16-41-14-11 = 0.4,9-25-20-35-9 = 0.3,9-15-21-37-9 = 0.7,9-15-24-21-9 = 0.3,9-25-20-35-34-9 = 0.6,9-23-27-32-34-9 = 0.1,9-39-27-32-34-9 = 0.2,9-25-30-20-9 = 0.1,11-12-23-38-8 = 0.4,9-30-39-24-9 = 0.7,11-12-27-32-8 = 0.1,9-18-12-32-8 = 0.5
463,166,602.222,7.333,0.162,1.333,615,616,8-19-8 = 0.333,9-37-9 = 0.833,8-22-16-41-14-11 = 1.0,8-19-38-36-8 = 0.667,11-31-13-9 = 0.5,11-28-31-26-11 = 0.5,11-28-13-26-11 = 0.5,11-40-33-29-11 = 0.5,11-17-33-29-11 = 0.5,9-30-20-35-9 = 0.5,11-40-17-20-35-9 = 0.5,9-15-21-37-9 = 0.167,9-15-24-21-9 = 0.833,9-25-18-27-9 = 0.333,9-23-12-32-34-9 = 0.5,9-39-12-32-34-9 = 0.333,9-39-23-38-36-8 = 0.333,9-30-39-24-9 = 0.167,9-30-39-23-34-9 = 0.167,9-25-18-27-8 = 0.5,9-25-30-27-9 = 0.167,9-18-12-32-8 = 0.167
465,145,602.348,8.0,0.216,0.625,617,618,8-36-8 = 0.5,9-37-9 = 0.5,8-22-16-41-14-11 = 0.5,8-22-19-8 = 0.5,8-19-38-36-8 = 0.5,11-28-31-26-11 = 0.5,11-28-13-26-11 = 0.5,11-40-33-29-11 = 0.5,11-17-33-29-11 = 0.5,11-31-13-32-9 = 0.5,9-30-20-35-9 = 0.5,11-40-17-16-41-14-11 = 0.5,9-15-24-21-9 = 1.0,9-25-30-37-9 = 0.5,9-25-20-35-34-9 = 0.5,9-23-18-32-34-9 = 0.5,9-39-12-27-9 = 1.0,9-18-23-38-8 = 0.5
617,465,602.502,4.0,0.154,-4.0,619,620,9-37-9 = 1.0,8-22-14-11 = 0.5,8-19-38-36-8 = 1.0,8-22-16-17-32-8 = 0.5,11-28-31-26-11 = 0.5,11-28-13-26-11 = 0.5,11-40-33-29-11 = 0.5,9-30-20-35-9 = 1.0,11-40-17-16-41-14-11 = 0.5,9-15-24-21-9 = 1.0,9-25-18-23-34-9 = 1.0,9-39-12-27-9 = 1.0,11-41-33-29-11 = 0.5,11-31-13-32-8 = 0.5
514,443,602.451,7.0,0.514,0.0,621,622,9-37-9 = 1.0,11-18-27-32-9 = 1.0,8-22-19-36-8 = 0.5,8-19-38-36-8 = 0.5,11-31-13-11 = 0.5,11-28-31-26-11 = 0.5,11-28-13-26-11 = 0.5,11-40-33-29-11 = 1.0,11-22-16-41-14-11 = 0.5,9-30-20-35-9 = 0.5,9-15-24-21-9 = 0.5,9-25-30-39-21-9 = 0.5,9-25-20-35-34-9 = 0.5,9-15-24-9 = 0.5,9-12-17-16-14-11 = 0.5,9-23-12-17-41-11 = 0.5,9-39-23-38-34-9 = 0.5
622,514,602.451,7.0,0.0,0.0,623,624,9-37-9 = 1.0,11-18-27-32-9 = 1.0,8-22-19-36-8 = 0.5,8-19-38-34-9 = 0.5,11-31-13-11 = 0.5,11-28-31-26-11 = 0.5,11-28-13-26-11 = 0.5,11-40-33-29-11 = 1.0,11-22-16-41-14-11 = 0.5,9-30-20-35-9 = 0.5,9-15-24-21-9 = 0.5,9-25-30-39-21-9 = 0.5,9-25-20-35-34-9 = 0.5,9-15-24-9 = 0.5,9-12-17-16-14-11 = 0.5,9-23-12-17-41-11 = 0.5,9-39-23-38-36-8 = 0.5
623,622,616.159,0.0,13.709,0.0,Prune by CG,,9-37-9 = 1.0,11-18-27-32-9 = 0.312,11-18-23-38-8 = 0.125,8-22-19-36-8 = 0.5,8-22-19-36-9 = 0.125,8-19-38-34-9 = 0.375,11-31-13-26-11 = 0.5,11-28-31-26-11 = 0.5,11-28-13-11 = 0.5,11-40-33-29-11 = 0.812,11-41-27-32-34-9 = 0.5,11-22-18-39-9 = 0.25,9-30-20-35-9 = 0.562,9-25-20-35-9 = 0.438,9-15-24-21-9 = 0.813,9-25-30-39-21-9 = 0.187,9-25-30-15-9 = 0.125,9-15-24-9 = 0.062,9-12-17-16-14-11 = 1.0,9-39-23-27-32-11 = 0.188,9-25-30-24-9 = 0.125,11-41-33-29-11 = 0.187,9-39-23-38-36-8 = 0.375,11-22-38-34-9 = 0.125,11-40-18-23-41-11 = 0.187,9-25-18-23-41-11 = 0.125
624,622,608.385,0.0,5.934,0.0,Prune by CG,,9-37-9 = 1.0,11-18-27-32-9 = 0.28,11-18-27-34-9 = 0.16,8-22-19-36-8 = 0.12,8-19-38-34-9 = 0.12,8-19-38-36-8 = 0.64,11-31-13-9 = 0.32,11-31-13-26-11 = 0.36,11-28-31-26-11 = 0.32,11-28-29-11 = 0.36,11-28-13-26-11 = 0.32,11-40-33-29-11 = 0.64,11-22-16-41-14-11 = 0.76,9-30-20-35-9 = 0.8,9-25-20-35-9 = 0.2,9-15-24-39-9 = 0.2,9-15-24-21-9 = 0.8,9-25-30-39-21-9 = 0.2,9-25-18-27-9 = 0.2,9-18-12-17-11 = 0.36,9-23-12-17-41-11 = 0.24,9-39-27-32-34-9 = 0.36,9-39-23-38-36-8 = 0.24,11-40-33-32-34-9 = 0.36,11-22-16-14-11 = 0.12,8-19-23-16-14-11 = 0.12,9-25-23-12-17-11 = 0.4
315,312,602.344,7.0,0.907,0.75,625,626,11-26-11 = 0.25,9-37-9 = 0.5,11-18-27-32-8 = 0.5,8-22-14-11 = 0.25,8-22-16-41-14-11 = 0.75,8-19-38-36-8 = 1.0,11-31-13-11 = 0.25,11-31-13-26-11 = 0.25,11-28-31-26-11 = 0.5,11-28-13-11 = 0.5,11-40-33-29-11 = 0.75,11-17-33-29-11 = 0.25,11-17-20-35-34-9 = 0.5,9-30-20-35-9 = 0.5,9-15-24-21-9 = 1.0,9-25-30-37-9 = 0.5,9-25-12-23-39-9 = 0.5,9-39-12-32-34-9 = 0.5,11-40-17-16-41-11 = 0.25,9-23-18-27-8 = 0.5
118,114,602.656,6.0,3.084,-1.333,627,628,8-19-8 = 0.231,9-37-9 = 0.885,8-22-14-11 = 0.077,8-22-16-41-14-11 = 0.923,8-19-38-36-8 = 0.769,11-31-13-11 = 0.5,11-28-31-26-11 = 0.5,11-28-13-26-11 = 0.5,11-40-33-29-11 = 1.0,11-17-27-20-9 = 0.173,11-16-17-20-35-9 = 0.077,9-30-20-35-9 = 0.577,9-15-24-39-9 = 0.154,9-15-24-21-9 = 0.846,9-21-39-20-35-9 = 0.154,9-25-30-37-9 = 0.115,9-25-18-23-34-9 = 0.212,9-25-30-39-34-9 = 0.308,9-39-23-38-36-8 = 0.231,11-12-18-23-8 = 0.423,11-12-27-32-11 = 0.423,9-25-18-17-32-9 = 0.192,9-25-18-17-35-9 = 0.173,9-39-23-17-32-34-9 = 0.135,11-17-27-32-34-8 = 0.25,9-39-20-35-34-8 = 0.019,11-12-27-34-8 = 0.077,11-12-27-41-11 = 0.077
627,118,608.005,0.0,5.35,0.0,Prune by CG,,11-14-11 = 0.333,9-37-9 = 0.5,11-18-27-34-9 = 0.167,8-22-14-11 = 0.167,8-22-16-41-11 = 0.333,8-22-16-41-14-11 = 0.5,8-19-38-36-8 = 1.0,11-31-13-26-11 = 0.5,11-28-31-26-11 = 0.5,11-28-13-11 = 0.5,11-40-33-29-11 = 1.0,9-30-20-35-9 = 0.333,9-15-24-21-9 = 1.0,9-25-30-37-9 = 0.5,9-25-18-23-34-9 = 0.333,11-12-18-23-8 = 0.167,9-39-23-17-32-34-9 = 0.333,11-12-27-32-8 = 0.667,11-12-27-34-8 = 0.167,9-23-18-16-41-11 = 0.167,9-25-30-18-9 = 0.167,9-39-17-20-35-9 = 0.667
285,257,602.659,5.333,1.74,-1.238,629,630,9-37-9 = 0.833,8-22-14-11 = 0.5,8-22-16-41-14-11 = 0.5,8-19-38-36-8 = 0.833,8-19-23-24-9 = 0.167,11-31-13-11 = 0.5,11-28-31-26-11 = 0.5,11-28-13-26-11 = 0.5,11-40-33-29-11 = 1.0,11-12-27-32-9 = 1.0,11-16-17-20-35-9 = 0.5,9-30-20-35-9 = 0.167,9-15-21-37-9 = 0.167,9-15-24-21-9 = 0.833,9-23-18-17-41-11 = 0.5,9-39-23-38-36-8 = 0.167,9-18-20-35-9 = 0.333,9-25-18-23-34-8 = 0.167,9-25-30-39-34-8 = 0.833
131,94,602.354,7.0,2.248,0.714,631,632,9-37-9 = 0.833,8-22-14-11 = 0.333,8-19-38-36-8 = 0.5,8-38-27-32-9 = 0.167,11-31-13-26-11 = 0.5,11-28-31-26-11 = 0.5,11-28-13-11 = 0.5,11-40-33-29-11 = 1.0,11-22-14-11 = 0.167,11-17-27-38-9 = 0.333,9-30-20-35-9 = 0.833,11-17-27-32-34-9 = 0.5,9-15-21-37-9 = 0.167,9-15-24-21-9 = 0.833,9-25-12-18-9 = 0.333,9-25-12-32-34-9 = 0.167,9-25-18-23-34-9 = 0.167,9-25-18-23-39-9 = 0.167,9-25-20-35-34-9 = 0.167,9-18-12-32-9 = 0.167,9-23-12-16-41-11 = 0.167,11-22-19-36-8 = 0.5,9-18-17-16-41-11 = 0.167,9-39-12-16-41-11 = 0.167,9-30-39-24-9 = 0.167,9-39-23-16-41-14-11 = 0.5
568,249,602.358,9.0,0.167,0.667,633,634,11-14-11 = 0.308,9-15-9 = 0.308,8-19-8 = 0.346,8-36-8 = 0.192,9-37-9 = 1.0,8-22-14-11 = 0.538,8-22-19-8 = 0.462,8-19-38-36-8 = 0.192,11-31-13-26-11 = 0.5,11-28-31-26-11 = 0.5,11-28-13-11 = 0.5,11-40-33-29-11 = 0.654,11-16-17-20-35-9 = 0.346,11-12-17-16-41-11 = 0.5,8-23-12-32-34-9 = 0.269,9-30-20-35-9 = 0.423,11-40-17-16-41-14-11 = 0.154,9-15-24-21-9 = 0.692,9-21-39-23-38-8 = 0.038,9-25-30-39-21-9 = 0.269,9-25-12-32-34-9 = 0.038,9-25-18-27-9 = 0.154,9-25-20-35-34-9 = 0.231,9-18-27-32-9 = 0.5,9-18-27-34-9 = 0.269,9-25-30-24-9 = 0.308,11-41-33-29-11 = 0.346,9-39-23-38-36-8 = 0.615,11-40-12-32-34-9 = 0.192,9-39-27-38-8 = 0.077,9-18-23-38-8 = 0.077
78,67,602.557,6.833,3.432,-0.479,635,636,8-19-8 = 0.417,9-37-9 = 0.75,8-22-16-41-14-11 = 1.0,8-19-38-36-8 = 0.583,11-31-13-11 = 0.5,11-28-31-26-11 = 0.5,11-28-13-26-11 = 0.5,11-40-33-29-11 = 1.0,11-12-18-39-9 = 0.083,9-30-35-27-9 = 0.333,11-17-27-32-34-9 = 0.5,9-15-21-37-9 = 0.25,9-15-24-21-9 = 0.75,9-25-20-35-34-9 = 0.417,9-39-23-27-32-11 = 0.167,9-25-30-20-9 = 0.333,9-39-23-38-36-8 = 0.417,11-12-18-23-8 = 0.333,11-18-12-32-11 = 0.333,9-30-39-24-9 = 0.25,9-30-39-23-34-9 = 0.083,9-25-17-20-35-9 = 0.25,11-12-18-17-8 = 0.25
635,78,606.791,0.0,4.234,0.0,Prune by CG,,8-19-8 = 0.063,9-37-9 = 0.75,11-18-23-38-8 = 0.188,8-22-14-11 = 0.5,8-22-16-41-14-11 = 0.437,8-19-16-41-14-11 = 0.062,8-22-19-8 = 0.062,8-19-38-36-8 = 0.812,11-31-13-26-11 = 0.5,11-28-31-26-11 = 0.5,11-28-13-11 = 0.5,11-40-33-29-11 = 0.812,11-12-18-39-9 = 0.437,11-17-27-32-34-9 = 0.5,9-25-20-35-32-11 = 0.188,9-15-21-37-9 = 0.25,9-15-24-21-9 = 0.75,9-25-20-35-34-9 = 0.375,9-23-27-32-34-9 = 0.125,9-25-30-20-9 = 0.438,11-41-33-29-11 = 0.188,9-39-12-16-41-11 = 0.25,11-40-18-23-36-8 = 0.188,9-39-12-17-35-9 = 0.125,9-30-35-27-8 = 0.312,9-39-12-17-16-8 = 0.188,11-18-23-16-41-11 = 0.063,9-30-23-24-9 = 0.25,11-23-18-17-32-8 = 0.125,8-23-17-27-32-8 = 0.062
243,132,602.321,7.0,1.45,1.0,637,638,9-15-9 = 0.167,9-37-9 = 1.0,8-19-38-36-8 = 0.5,8-19-23-27-9 = 0.333,8-38-27-34-9 = 0.167,11-31-13-26-11 = 0.5,11-28-31-26-11 = 0.5,11-28-13-11 = 0.167,11-40-33-29-11 = 0.667,11-22-14-11 = 0.167,11-22-16-41-14-11 = 0.667,11-17-33-29-11 = 0.333,11-12-27-34-9 = 0.167,11-16-17-27-32-11 = 0.333,9-30-20-35-9 = 0.833,11-40-28-13-11 = 0.333,9-15-24-21-9 = 0.833,9-25-12-32-34-9 = 0.5,9-25-18-23-39-9 = 0.167,9-25-18-39-21-9 = 0.167,9-25-20-35-34-9 = 0.167,9-12-18-39-9 = 0.167,9-18-12-32-9 = 0.167,9-23-18-17-41-11 = 0.167,9-39-23-38-36-8 = 0.333,11-22-19-36-8 = 0.167,9-18-17-41-14-11 = 0.167,9-30-39-24-9 = 0.167
606,603,602.468,5.667,0.086,0.042,639,640,9-21-9 = 0.167,9-37-9 = 1.0,8-19-38-36-8 = 1.0,11-31-13-26-11 = 0.5,11-28-31-26-11 = 0.5,11-40-33-29-11 = 0.5,11-22-16-41-14-11 = 1.0,9-30-20-35-9 = 0.833,11-40-28-13-11 = 0.5,9-25-20-35-9 = 0.167,9-15-24-39-9 = 0.333,9-15-24-21-9 = 0.667,9-25-30-21-9 = 0.167,9-25-18-23-34-9 = 0.667,9-18-27-32-9 = 0.333,9-39-27-32-34-9 = 0.333,9-39-23-27-32-9 = 0.333,11-12-17-33-11 = 0.5,11-12-17-29-11 = 0.5
156,146,602.656,7.444,2.391,-1.056,641,642,9-37-9 = 1.0,8-22-16-41-14-11 = 0.389,8-22-19-8 = 0.611,8-19-38-36-8 = 0.389,11-31-13-9 = 0.222,11-31-13-26-11 = 0.111,11-28-31-26-11 = 0.556,11-28-31-14-11 = 0.111,11-28-13-26-11 = 0.333,11-40-33-29-11 = 0.5,11-17-33-29-11 = 0.056,11-17-33-32-34-9 = 0.333,11-12-18-34-9 = 0.056,11-16-17-20-35-9 = 0.111,8-23-12-32-34-9 = 0.611,9-30-20-35-9 = 0.722,11-40-17-16-41-14-11 = 0.5,9-25-13-29-11 = 0.333,9-25-20-35-9 = 0.111,9-15-24-39-9 = 0.167,9-15-24-21-9 = 0.778,9-25-30-39-21-9 = 0.222,9-25-12-18-9 = 0.278,9-15-24-9 = 0.056,9-18-27-35-9 = 0.056,9-18-12-32-9 = 0.056,9-23-18-27-9 = 0.167,9-25-30-20-9 = 0.056,11-41-33-29-11 = 0.111,9-39-23-38-36-8 = 0.222,9-39-27-38-8 = 0.389,9-18-27-36-8 = 0.389
330,324,602.72,3.857,1.464,-1.81,643,644,11-14-11 = 0.071,9-37-9 = 1.0,8-22-14-11 = 0.071,8-22-16-41-11 = 0.071,8-22-16-41-14-11 = 0.857,8-19-38-36-8 = 1.0,11-31-13-11 = 0.5,11-28-31-26-11 = 0.5,11-28-13-26-11 = 0.5,11-40-33-29-11 = 0.286,11-17-33-29-11 = 0.714,9-30-20-35-9 = 1.0,11-40-17-27-32-11 = 0.286,9-15-24-21-9 = 1.0,9-25-18-23-39-9 = 1.0,11-12-27-32-11 = 0.143,11-12-27-34-8 = 0.429,11-41-27-32-34-8 = 0.071,11-16-27-32-34-8 = 0.071,11-40-12-32-34-8 = 0.429
644,330,605.962,0.0,3.241,0.0,Prune by CG,,11-14-11 = 0.111,8-19-8 = 0.111,8-36-8 = 0.111,9-37-9 = 0.778,8-22-14-11 = 0.167,8-22-16-41-14-11 = 0.722,8-22-19-8 = 0.111,8-19-38-36-8 = 0.778,11-31-13-26-11 = 0.556,11-28-31-26-11 = 0.444,11-40-33-29-11 = 0.111,11-17-33-29-11 = 0.778,11-41-27-32-34-9 = 0.056,11-16-27-32-34-9 = 0.167,9-30-20-35-9 = 0.667,11-40-28-13-11 = 0.444,11-40-28-29-11 = 0.111,11-40-17-27-32-11 = 0.111,9-15-24-21-9 = 0.889,9-25-30-37-9 = 0.222,9-25-18-23-39-9 = 0.667,9-23-18-17-41-11 = 0.111,9-25-30-24-9 = 0.111,9-15-23-38-8 = 0.111,11-40-33-32-34-9 = 0.111,11-40-12-16-41-11 = 0.111,11-18-12-32-11 = 0.222,11-12-27-34-8 = 0.667,9-21-23-38-36-8 = 0.111,9-39-20-35-32-9 = 0.333
70,43,602.59,6.074,4.051,-0.593,645,646,11-14-11 = 0.333,9-37-9 = 0.722,8-22-16-38-9 = 0.167,8-19-16-41-14-11 = 0.167,8-22-19-36-8 = 0.667,11-31-13-11 = 0.5,11-28-31-26-11 = 0.5,11-28-13-26-11 = 0.5,11-40-33-29-11 = 1.0,11-12-17-16-41-11 = 0.5,9-30-20-35-9 = 0.574,9-15-24-39-9 = 0.019,9-15-24-21-9 = 0.981,9-25-30-37-9 = 0.278,9-25-30-39-21-9 = 0.019,9-25-35-27-32-9 = 0.13,9-25-18-23-34-9 = 0.037,9-25-18-23-39-9 = 0.111,9-25-20-35-34-9 = 0.296,9-18-27-32-9 = 0.852,9-39-23-27-32-9 = 0.019,9-25-30-20-9 = 0.13,9-39-23-38-34-9 = 0.667,9-39-23-38-36-8 = 0.167,11-22-19-36-8 = 0.167,11-12-17-16-14-11 = 0.167,11-12-17-41-14-11 = 0.333
645,70,606.359,0.0,3.769,0.0,Prune by CG,,11-14-11 = 0.125,9-37-9 = 1.0,8-19-16-41-14-11 = 0.292,8-22-19-36-8 = 0.333,8-19-38-36-8 = 0.083,11-31-13-11 = 0.5,11-28-31-26-11 = 0.5,11-28-13-26-11 = 0.5,11-40-33-29-11 = 1.0,11-12-17-16-41-11 = 0.417,9-30-20-35-9 = 0.771,9-15-38-34-9 = 0.229,9-15-24-21-9 = 0.771,9-25-30-39-21-9 = 0.229,9-25-18-23-39-9 = 0.458,9-18-27-32-9 = 0.458,9-18-27-32-11 = 0.083,9-23-27-32-34-9 = 0.458,9-24-38-34-9 = 0.229,11-22-19-36-8 = 0.292,11-22-38-34-9 = 0.083,11-12-17-16-14-11 = 0.292,11-12-17-41-14-11 = 0.292,8-22-38-36-8 = 0.292,9-25-39-20-35-9 = 0.229,9-25-39-23-38-9 = 0.083
414,356,602.518,6.5,0.847,-0.167,647,648,9-37-9 = 1.0,8-19-16-41-14-11 = 0.5,8-22-19-36-8 = 0.5,11-31-13-26-11 = 0.5,11-28-31-26-11 = 0.5,11-28-13-11 = 0.5,11-40-33-29-11 = 1.0,11-22-14-11 = 0.25,11-22-16-41-14-11 = 0.25,11-17-27-38-9 = 0.25,11-16-17-27-35-9 = 0.25,11-17-27-32-34-9 = 0.5,9-15-24-21-9 = 1.0,9-25-30-35-34-9 = 0.25,9-18-12-32-9 = 0.25,9-18-12-32-11 = 0.25,9-25-30-20-9 = 0.75,9-39-23-38-34-9 = 0.25,9-39-23-38-36-8 = 0.5,9-39-23-20-35-9 = 0.25,9-18-12-35-9 = 0.25,9-18-12-41-11 = 0.25
636,78,602.578,6.333,0.021,-0.5,649,650,8-19-8 = 0.333,9-37-9 = 0.833,8-22-16-41-14-11 = 1.0,8-19-38-36-8 = 0.667,11-31-13-26-11 = 0.5,11-28-31-26-11 = 0.5,11-28-13-11 = 0.5,11-40-33-29-11 = 1.0,11-12-18-35-9 = 0.333,11-17-27-32-34-9 = 0.5,9-15-21-37-9 = 0.167,9-15-24-21-9 = 0.833,9-25-20-35-34-9 = 0.333,9-39-23-27-32-11 = 0.333,9-25-30-20-9 = 0.5,9-39-23-38-36-8 = 0.333,11-12-18-23-8 = 0.167,11-18-12-32-11 = 0.167,9-30-39-24-9 = 0.167,9-30-39-23-34-9 = 0.167,9-25-17-20-35-9 = 0.167,11-12-18-17-8 = 0.333,9-30-35-27-8 = 0.167
175,152,602.362,7.667,1.984,0.81,651,652,11-14-11 = 0.333,8-19-8 = 0.667,8-36-8 = 0.167,9-37-9 = 1.0,8-22-14-11 = 0.333,8-22-16-41-14-11 = 0.333,8-22-19-8 = 0.333,8-38-27-34-9 = 0.167,11-31-13-26-11 = 0.5,11-28-31-26-11 = 0.5,11-28-13-11 = 0.5,11-40-33-29-11 = 0.5,11-17-33-29-11 = 0.5,11-12-18-39-9 = 0.167,11-12-18-23-9 = 0.167,11-41-27-32-34-9 = 0.167,11-16-27-32-34-9 = 0.167,9-30-20-35-9 = 0.5,9-15-24-21-9 = 1.0,9-25-35-27-34-9 = 0.5,9-18-12-32-9 = 0.667,9-25-30-20-9 = 0.5,9-39-23-38-36-8 = 0.833,11-40-17-16-41-11 = 0.5
651,175,608.107,0.0,5.745,0.0,Prune by CG,,9-15-9 = 0.375,8-19-8 = 0.417,9-21-9 = 0.042,8-36-8 = 0.25,9-37-9 = 1.0,8-22-14-11 = 0.667,8-22-19-8 = 0.333,8-19-38-36-8 = 0.25,8-23-12-18-9 = 0.083,11-31-13-26-11 = 0.5,11-28-31-26-11 = 0.5,11-40-33-29-11 = 0.167,11-17-33-29-11 = 0.167,11-12-18-39-9 = 0.167,11-16-27-32-34-9 = 1.0,9-30-20-35-9 = 0.542,11-40-28-13-11 = 0.5,9-25-20-35-9 = 0.458,9-15-24-21-9 = 0.625,9-21-39-23-38-8 = 0.25,9-25-30-39-21-9 = 0.083,9-25-12-18-9 = 0.083,9-18-12-17-11 = 0.5,9-18-12-23-9 = 0.167,9-25-30-24-9 = 0.375,11-41-33-29-11 = 0.667,9-39-23-38-36-8 = 0.5,11-40-17-41-14-11 = 0.333
395,366,602.379,8.0,0.772,0.857,653,654,8-19-8 = 0.5,9-37-9 = 0.5,8-22-16-41-14-11 = 0.5,8-22-19-8 = 0.5,11-31-13-11 = 0.5,11-28-31-26-11 = 0.5,11-28-13-26-11 = 0.5,11-40-33-29-11 = 0.5,11-17-33-29-11 = 0.5,8-18-27-32-11 = 0.5,11-12-27-34-9 = 0.5,11-12-20-35-9 = 0.5,9-30-20-35-9 = 0.5,11-40-17-16-41-14-11 = 0.5,9-15-24-21-9 = 1.0,9-25-30-37-9 = 0.5,9-25-18-32-34-9 = 0.5,9-39-23-38-36-8 = 1.0
654,395,606.534,0.0,4.155,0.0,Prune by CG,,8-22-8 = 0.5,9-37-9 = 0.5,8-19-16-41-14-11 = 0.5,8-22-19-8 = 0.5,11-31-13-26-11 = 0.5,11-28-31-26-11 = 0.5,11-28-13-11 = 0.5,11-40-33-29-11 = 0.5,11-17-33-29-11 = 0.5,8-18-27-32-11 = 0.5,11-12-27-34-9 = 0.5,11-12-20-35-9 = 0.5,9-30-20-35-9 = 0.5,11-40-17-16-41-14-11 = 0.5,9-15-24-21-9 = 1.0,9-25-30-37-9 = 0.5,9-25-18-32-34-9 = 0.5,9-39-23-38-36-8 = 1.0
384,46,602.538,5.778,1.006,-0.222,655,656,11-14-11 = 0.167,9-37-9 = 0.889,11-18-27-32-11 = 0.333,8-19-38-36-8 = 1.0,11-31-13-26-11 = 0.5,11-28-31-26-11 = 0.5,11-28-13-11 = 0.5,11-40-33-29-11 = 1.0,11-22-16-41-14-11 = 0.833,9-30-20-35-9 = 0.556,9-15-24-39-9 = 0.333,9-15-24-21-9 = 0.667,9-25-30-37-9 = 0.111,9-25-30-39-21-9 = 0.333,9-25-18-27-9 = 0.111,9-25-20-35-34-9 = 0.444,9-18-27-34-9 = 0.222,9-23-12-17-32-9 = 0.667,9-39-23-27-34-9 = 0.333,11-22-16-41-11 = 0.167,9-18-12-17-9 = 0.333
655,384,607.452,0.0,4.914,0.0,Prune by CG,,9-37-9 = 1.0,11-18-27-32-11 = 0.062,11-18-27-34-9 = 0.812,11-18-27-41-11 = 0.062,8-19-16-41-14-11 = 0.25,8-19-38-36-8 = 0.75,11-31-13-26-11 = 0.438,11-28-31-26-11 = 0.562,11-40-33-29-11 = 0.875,11-22-14-11 = 0.375,11-22-16-41-14-11 = 0.375,9-30-20-35-9 = 0.75,11-40-28-13-11 = 0.125,9-25-13-29-11 = 0.125,9-15-24-39-9 = 0.25,9-15-24-21-9 = 0.75,9-25-30-39-21-9 = 0.25,9-25-20-35-34-9 = 0.188,9-23-12-17-32-9 = 0.75,9-39-23-38-36-8 = 0.25,9-39-12-17-32-9 = 0.188,9-25-18-16-41-11 = 0.062,11-22-16-41-11 = 0.25,9-25-20-33-11 = 0.062,9-25-28-13-11 = 0.312,9-39-12-17-35-9 = 0.062,11-16-27-33-11 = 0.062
140,87,602.568,8.0,2.794,-0.371,657,658,9-37-9 = 1.0,8-22-16-41-14-11 = 0.5,8-22-19-8 = 0.5,8-19-38-36-8 = 0.5,8-23-12-17-16-8 = 0.5,11-28-31-26-11 = 0.5,11-28-13-26-11 = 0.5,11-40-33-29-11 = 1.0,11-31-13-32-9 = 0.5,9-30-20-35-9 = 0.5,9-15-24-21-9 = 0.5,9-25-30-39-21-9 = 0.5,9-25-20-35-34-9 = 0.5,9-15-24-9 = 0.5,9-18-27-32-9 = 0.5,9-18-27-34-9 = 0.5,9-39-23-38-36-8 = 0.5,11-12-17-41-14-11 = 0.5
657,140,606.072,0.0,3.505,0.0,Prune by CG,,9-37-9 = 0.714,8-22-14-11 = 0.857,8-22-19-8 = 0.143,8-19-38-36-8 = 0.857,8-23-12-17-16-8 = 0.143,11-31-13-26-11 = 0.714,11-28-31-26-11 = 0.286,9-30-20-35-9 = 0.571,11-40-28-29-11 = 0.429,11-40-17-20-35-9 = 0.143,9-15-24-21-9 = 1.0,9-25-30-37-9 = 0.286,9-25-18-23-34-9 = 0.143,9-25-20-35-34-9 = 0.286,9-18-27-32-9 = 0.429,9-23-18-27-9 = 0.429,9-39-23-27-32-9 = 0.143,9-25-30-39-34-9 = 0.143,11-41-33-29-11 = 0.571,9-39-23-38-36-8 = 0.143,11-40-28-13-9 = 0.286,11-40-33-32-34-9 = 0.143,11-41-33-32-34-9 = 0.286,11-12-16-41-14-11 = 0.143,9-39-12-17-16-8 = 0.571,9-25-12-17-16-8 = 0.143
658,140,600.376,6.0,-2.192,-2.0,659,660,9-15-9 = 0.25,9-37-9 = 1.0,8-22-16-41-14-11 = 1.0,8-19-38-36-8 = 1.0,11-31-13-9 = 0.25,11-28-31-26-11 = 0.5,11-28-13-26-11 = 0.5,11-40-33-29-11 = 0.5,11-17-33-29-11 = 0.5,11-31-13-32-9 = 0.25,9-30-20-35-9 = 0.25,11-40-17-20-35-9 = 0.5,9-15-24-21-9 = 0.75,9-25-30-39-21-9 = 0.25,9-25-20-35-34-9 = 0.25,9-23-18-27-9 = 0.25,9-39-23-27-34-9 = 0.5,9-25-30-39-34-9 = 0.25,9-25-30-24-9 = 0.25,9-18-12-32-8 = 0.75,9-23-12-27-8 = 0.25
660,658,600.994,7.333,0.618,1.333,661,662,8-36-8 = 0.167,9-37-9 = 1.0,8-22-16-41-14-11 = 0.667,8-22-19-8 = 0.167,8-19-38-36-8 = 0.833,8-22-16-17-32-9 = 0.167,11-31-13-26-11 = 0.333,11-28-31-26-11 = 0.5,11-28-13-26-11 = 0.167,11-40-33-29-11 = 0.5,11-17-33-29-11 = 0.5,11-31-13-32-9 = 0.167,9-30-20-35-9 = 0.5,11-40-17-16-41-14-11 = 0.167,9-15-24-21-9 = 0.833,9-25-30-39-21-9 = 0.167,9-25-20-35-34-9 = 0.5,9-15-24-9 = 0.167,9-23-18-27-9 = 0.5,9-39-23-27-32-9 = 0.167,9-39-23-27-34-9 = 0.167,9-25-30-39-34-9 = 0.333,11-40-28-13-9 = 0.333,11-12-23-38-8 = 0.167,11-12-17-41-14-11 = 0.167,9-18-12-32-8 = 0.5,9-39-12-27-8 = 0.167
661,660,601.13,7.25,0.136,-0.083,663,664,8-36-8 = 0.125,9-37-9 = 1.0,8-22-16-41-14-11 = 0.75,8-22-19-8 = 0.125,8-19-38-36-8 = 0.875,8-22-16-17-32-9 = 0.125,11-31-13-26-11 = 0.5,11-28-31-26-11 = 0.5,11-40-33-29-11 = 0.375,11-17-33-29-11 = 0.625,9-30-20-35-9 = 0.5,11-40-17-16-41-14-11 = 0.125,9-15-24-21-9 = 0.625,9-25-30-39-21-9 = 0.375,9-25-20-35-34-9 = 0.5,9-15-24-9 = 0.375,9-23-18-27-9 = 0.375,9-39-27-32-34-9 = 0.25,9-39-23-27-32-9 = 0.125,9-39-23-27-34-9 = 0.125,9-25-30-39-34-9 = 0.125,11-40-28-13-9 = 0.5,11-12-18-23-8 = 0.125,11-12-23-38-8 = 0.125,11-12-17-41-14-11 = 0.125,9-18-12-32-8 = 0.5,9-23-12-27-8 = 0.125
664,661,601.83,7.0,0.7,-0.25,665,666,9-15-9 = 0.25,9-37-9 = 1.0,8-22-16-41-14-11 = 0.75,8-22-19-8 = 0.25,8-19-38-36-8 = 0.75,11-31-13-26-11 = 0.5,11-28-31-26-11 = 0.5,11-40-33-29-11 = 0.25,11-17-33-29-11 = 0.75,8-18-12-32-8 = 0.25,9-30-20-35-9 = 0.5,11-40-17-16-41-14-11 = 0.25,9-15-24-21-9 = 0.75,9-25-30-39-21-9 = 0.25,9-25-20-35-34-9 = 0.5,9-23-18-27-9 = 0.25,9-39-23-27-32-9 = 0.25,9-39-23-27-34-9 = 0.5,9-25-30-24-9 = 0.25,11-40-28-13-9 = 0.5,11-12-38-36-8 = 0.25,9-18-12-32-8 = 0.5
665,664,608.132,0.0,6.302,0.0,Prune by CG,,9-15-9 = 0.111,9-37-9 = 1.0,8-12-17-41-14-11 = 0.333,8-22-19-8 = 0.556,8-22-19-36-8 = 0.111,8-19-38-36-8 = 0.333,11-31-13-26-11 = 0.333,11-28-31-26-11 = 0.667,11-28-13-9 = 0.111,11-40-33-29-11 = 0.667,11-22-16-41-14-11 = 0.333,8-18-12-32-8 = 0.444,11-28-13-32-9 = 0.222,9-30-20-35-9 = 0.667,11-40-17-16-41-14-11 = 0.333,9-25-13-29-11 = 0.333,9-15-24-39-9 = 0.111,9-15-24-21-9 = 0.667,9-25-30-39-21-9 = 0.333,9-25-20-35-34-9 = 0.333,9-18-27-34-9 = 0.111,9-23-18-27-9 = 0.444,9-39-23-27-34-9 = 0.444,9-39-23-38-34-9 = 0.111,9-15-38-36-8 = 0.111,9-24-38-36-8 = 0.222,11-16-17-33-32-9 = 0.333,8-12-38-36-8 = 0.222
666,664,601.876,6.857,0.046,-0.143,667,668,8-36-8 = 0.143,9-37-9 = 1.0,8-22-16-41-14-11 = 0.714,8-22-19-8 = 0.143,8-19-38-36-8 = 0.857,8-22-16-17-32-9 = 0.143,11-31-13-9 = 0.071,11-31-13-26-11 = 0.286,11-28-31-26-11 = 0.5,11-28-13-26-11 = 0.214,11-40-33-29-11 = 0.571,11-17-33-29-11 = 0.429,11-31-13-32-9 = 0.143,9-30-20-35-9 = 0.429,11-40-17-16-41-14-11 = 0.143,9-15-24-21-9 = 0.714,9-25-30-39-21-9 = 0.286,9-25-30-15-9 = 0.071,9-25-20-35-34-9 = 0.429,9-15-24-9 = 0.214,9-23-18-27-9 = 0.286,9-39-23-27-35-9 = 0.143,9-39-23-27-34-9 = 0.571,9-25-30-20-9 = 0.143,9-25-30-24-9 = 0.071,11-40-28-13-9 = 0.286,11-18-12-32-8 = 0.071,11-12-17-41-14-11 = 0.143,9-18-12-32-8 = 0.643,11-12-17-38-8 = 0.143
667,666,602.529,6.5,0.653,-0.357,669,670,9-15-9 = 0.167,9-37-9 = 1.0,8-22-16-41-14-11 = 0.75,8-22-19-8 = 0.25,8-19-38-36-8 = 0.75,8-36-38-34-9 = 0.167,11-31-13-26-11 = 0.5,11-28-31-26-11 = 0.5,11-40-33-29-11 = 0.25,11-17-33-29-11 = 0.75,8-23-18-32-34-9 = 0.083,9-30-20-35-9 = 0.333,11-40-17-16-41-14-11 = 0.25,9-25-20-35-9 = 0.083,9-15-24-21-9 = 0.833,9-25-30-39-21-9 = 0.167,9-25-20-35-34-9 = 0.25,9-23-18-27-9 = 0.083,9-39-23-27-35-9 = 0.333,9-39-23-27-34-9 = 0.5,9-25-30-20-9 = 0.333,9-25-30-24-9 = 0.167,11-40-28-13-9 = 0.5,11-12-38-36-8 = 0.083,11-18-12-32-8 = 0.167,9-18-12-32-8 = 0.667,9-12-27-32-8 = 0.083
533,532,602.411,8.0,0.305,0.706,671,672,9-37-9 = 0.5,11-18-20-35-9 = 0.5,8-22-14-11 = 0.5,8-22-16-41-14-11 = 0.5,8-19-38-36-8 = 0.5,8-19-36-8 = 0.5,11-31-13-11 = 0.5,11-28-31-26-11 = 0.5,11-28-13-26-11 = 0.5,11-40-33-29-11 = 1.0,9-30-20-35-9 = 0.5,9-15-24-21-9 = 1.0,9-25-30-37-9 = 0.5,9-25-12-23-34-9 = 0.5,9-39-12-32-34-9 = 0.5,11-17-27-38-8 = 0.5,11-18-17-16-41-11 = 0.5,9-39-23-27-32-8 = 0.5
383,46,602.451,6.333,0.919,0.333,673,674,11-14-11 = 0.5,9-37-9 = 0.333,8-19-38-36-8 = 1.0,11-31-13-26-11 = 0.5,11-28-31-26-11 = 0.5,11-28-13-11 = 0.5,11-40-33-29-11 = 1.0,11-22-16-41-14-11 = 0.5,9-24-21-37-9 = 0.167,9-30-20-35-9 = 0.667,9-15-21-37-9 = 0.167,9-15-24-34-9 = 0.167,9-15-24-21-9 = 0.667,9-25-30-37-9 = 0.333,9-25-18-23-34-9 = 0.333,9-25-20-35-34-9 = 0.333,9-23-18-27-9 = 0.667,9-39-27-32-34-9 = 0.167,9-39-12-17-32-9 = 0.833,11-22-16-41-11 = 0.5,9-12-17-27-9 = 0.167
673,383,608.339,0.0,5.888,0.0,Prune by CG,,11-14-11 = 0.5,9-15-9 = 0.333,8-19-38-36-8 = 1.0,11-31-13-11 = 0.5,11-28-31-26-11 = 0.5,11-28-13-26-11 = 0.5,11-40-33-29-11 = 1.0,11-22-16-41-14-11 = 0.5,9-24-21-37-9 = 1.0,9-30-20-35-9 = 0.667,9-25-30-15-9 = 0.333,9-25-18-23-34-9 = 0.333,9-25-20-35-34-9 = 0.333,9-23-18-27-9 = 0.667,9-39-12-17-32-9 = 1.0,11-22-16-41-11 = 0.5,9-15-27-34-9 = 0.333
674,383,602.272,6.0,-0.179,-0.333,675,676,11-14-11 = 0.5,9-37-9 = 0.333,8-19-38-36-8 = 1.0,11-31-13-11 = 0.5,11-28-31-26-11 = 0.5,11-28-13-26-11 = 0.5,11-40-33-29-11 = 1.0,11-22-16-41-14-11 = 0.5,9-30-20-35-9 = 0.333,9-15-21-37-9 = 0.333,9-15-24-21-9 = 0.667,9-25-30-37-9 = 0.333,9-25-20-35-34-9 = 0.667,9-23-18-27-9 = 1.0,9-39-12-17-32-9 = 0.667,9-30-39-24-9 = 0.333,11-22-16-41-11 = 0.5,9-12-17-32-34-9 = 0.333
675,674,606.783,0.0,4.511,0.0,Prune by CG,,11-14-11 = 0.5,8-19-38-36-8 = 1.0,11-31-13-26-11 = 0.5,11-28-31-26-11 = 0.5,11-28-13-11 = 0.5,11-40-33-29-11 = 1.0,11-22-16-41-14-11 = 0.5,9-21-39-20-35-9 = 1.0,9-25-30-37-9 = 1.0,9-15-24-9 = 1.0,9-23-18-27-9 = 1.0,11-22-16-41-11 = 0.5,9-12-17-32-34-9 = 1.0
597,246,602.508,7.188,0.065,0.031,677,678,8-19-8 = 0.174,9-37-9 = 1.0,8-22-16-41-14-11 = 0.652,8-22-19-8 = 0.348,8-19-38-36-8 = 0.478,11-31-13-9 = 0.13,11-31-13-26-11 = 0.319,11-28-31-26-11 = 0.232,11-28-31-14-11 = 0.319,11-28-13-26-11 = 0.449,11-40-33-29-11 = 0.362,8-23-18-27-9 = 0.348,11-17-33-29-11 = 0.217,11-17-27-20-9 = 0.014,9-30-20-35-9 = 0.609,11-40-17-27-32-9 = 0.623,11-40-17-27-35-9 = 0.014,9-25-13-29-11 = 0.101,9-15-24-21-9 = 1.0,9-25-12-23-34-9 = 0.13,9-25-20-35-34-9 = 0.377,9-18-12-32-9 = 0.159,9-39-12-32-34-9 = 0.087,9-25-30-39-34-9 = 0.391,11-41-33-29-11 = 0.319,9-39-23-38-36-8 = 0.522,9-18-12-16-8 = 0.348,9-12-17-41-14-11 = 0.029,9-18-12-34-9 = 0.014,9-18-12-32-8 = 0.13,9-12-17-33-9 = 0.101
652,175,602.373,8.6,0.011,0.933,679,680,11-14-11 = 0.333,9-15-9 = 0.067,8-19-8 = 0.533,8-36-8 = 0.233,9-37-9 = 1.0,8-22-14-11 = 0.3,8-22-16-41-14-11 = 0.367,8-22-19-8 = 0.333,8-19-38-36-8 = 0.133,8-38-27-34-9 = 0.1,11-31-13-11 = 0.5,11-28-31-26-11 = 0.5,11-28-13-26-11 = 0.5,11-40-33-29-11 = 0.5,11-17-33-29-11 = 0.5,11-12-18-39-9 = 0.3,11-12-18-23-9 = 0.1,11-41-27-32-34-9 = 0.133,9-30-20-35-9 = 0.5,9-15-24-21-9 = 0.933,9-25-30-39-21-9 = 0.067,9-25-35-27-34-9 = 0.367,9-25-20-35-34-9 = 0.133,9-18-12-32-9 = 0.6,9-23-27-32-34-9 = 0.267,9-25-30-20-9 = 0.367,9-25-30-24-9 = 0.067,9-39-23-38-36-8 = 0.633,11-40-17-16-41-11 = 0.5,11-16-27-38-8 = 0.133
679,652,607.328,0.0,4.955,0.0,Prune by CG,,11-14-11 = 0.167,9-15-9 = 0.019,8-19-8 = 0.667,9-21-9 = 0.019,8-36-8 = 0.333,9-37-9 = 1.0,8-36-38-34-9 = 0.037,8-38-27-34-9 = 0.407,8-23-27-32-34-9 = 0.444,11-31-13-26-11 = 0.5,11-28-31-26-11 = 0.5,11-28-13-11 = 0.5,11-40-33-29-11 = 0.667,11-22-16-41-14-11 = 0.5,11-17-33-29-11 = 0.333,8-12-18-34-9 = 0.111,9-30-20-35-9 = 0.537,11-40-17-16-41-14-11 = 0.333,9-25-20-27-9 = 0.074,9-25-20-35-9 = 0.389,9-15-24-21-9 = 0.537,9-25-30-39-21-9 = 0.444,9-15-24-9 = 0.444,9-18-12-32-9 = 0.519,9-18-12-17-11 = 0.333,9-25-30-24-9 = 0.019,9-39-23-38-36-8 = 0.556,11-22-19-8 = 0.333,11-22-16-41-11 = 0.167,9-25-35-27-36-8 = 0.074,9-18-12-32-8 = 0.037
680,652,602.383,8.5,0.01,-0.1,681,682,11-14-11 = 0.188,9-15-9 = 0.062,8-19-8 = 0.625,9-21-9 = 0.062,8-36-8 = 0.188,9-37-9 = 1.0,8-22-14-11 = 0.5,8-22-16-41-11 = 0.312,8-22-19-8 = 0.188,8-19-38-36-8 = 0.188,11-31-13-26-11 = 0.5,11-28-31-26-11 = 0.5,11-28-13-11 = 0.5,11-40-33-29-11 = 0.5,11-17-33-29-11 = 0.5,11-12-18-39-9 = 0.312,11-12-18-23-9 = 0.125,11-41-27-32-34-9 = 0.188,9-30-20-35-9 = 0.5,11-40-17-16-41-14-11 = 0.312,9-15-24-21-9 = 0.938,9-25-35-27-34-9 = 0.375,9-25-20-35-34-9 = 0.125,9-18-12-32-9 = 0.562,9-23-27-32-34-9 = 0.25,9-25-30-20-9 = 0.375,9-25-30-39-34-9 = 0.062,9-25-30-24-9 = 0.062,9-39-23-38-36-8 = 0.625,11-40-17-16-41-11 = 0.188,11-16-27-38-8 = 0.188
681,680,611.324,0.0,8.941,0.0,Prune by CG,,8-19-8 = 0.889,9-37-9 = 1.0,8-22-14-11 = 0.889,8-22-16-38-8 = 0.111,8-19-36-8 = 0.111,11-31-13-26-11 = 0.5,11-28-31-26-11 = 0.5,11-40-33-29-11 = 0.389,11-17-33-29-11 = 0.389,11-12-18-39-9 = 0.167,11-12-18-23-9 = 0.167,11-41-27-32-34-9 = 0.167,9-30-20-35-9 = 0.5,11-40-28-13-11 = 0.5,9-25-20-35-9 = 0.333,9-15-24-21-9 = 1.0,9-25-20-35-34-9 = 0.167,9-18-12-32-9 = 0.667,9-39-23-27-32-9 = 0.167,9-39-23-27-34-9 = 0.667,11-41-33-29-11 = 0.222,11-40-17-41-14-11 = 0.111,9-25-30-17-41-11 = 0.5,11-16-38-36-8 = 0.889
557,549,602.389,8.636,0.176,0.936,683,684,11-14-11 = 0.409,9-37-9 = 0.273,8-22-14-11 = 0.273,8-22-19-8 = 0.5,8-19-38-36-8 = 0.5,11-31-13-11 = 0.5,11-28-31-26-11 = 0.5,11-28-13-26-11 = 0.5,11-40-33-29-11 = 0.909,11-22-16-41-14-11 = 0.227,8-18-12-32-8 = 0.5,11-41-27-32-34-9 = 0.091,11-16-17-20-35-9 = 0.409,8-23-18-17-41-11 = 0.227,9-24-21-37-9 = 0.136,9-30-20-35-9 = 0.545,11-40-17-16-41-14-11 = 0.091,9-15-21-37-9 = 0.136,9-15-24-34-9 = 0.136,9-15-24-21-9 = 0.727,9-25-30-37-9 = 0.455,9-25-35-27-34-9 = 0.045,9-25-12-27-9 = 0.318,9-25-12-32-34-9 = 0.182,9-39-27-32-34-9 = 0.227,9-39-23-27-34-9 = 0.273,11-41-33-29-11 = 0.091,9-39-23-38-36-8 = 0.5,11-18-17-16-41-11 = 0.273,9-20-27-34-9 = 0.045
683,557,611.909,0.0,9.52,0.0,Prune by CG,,8-19-8 = 0.056,9-37-9 = 0.5,8-22-14-11 = 0.667,8-22-19-8 = 0.333,8-19-38-36-8 = 0.611,11-31-13-26-11 = 0.333,11-28-31-26-11 = 0.667,11-28-13-11 = 0.333,11-40-33-29-11 = 0.667,8-12-18-23-8 = 0.333,11-41-27-32-34-9 = 1.0,9-24-21-37-9 = 0.194,9-30-20-35-9 = 0.889,9-25-13-29-11 = 0.333,9-15-21-37-9 = 0.194,9-15-24-39-9 = 0.306,9-15-24-21-9 = 0.5,9-21-39-20-35-9 = 0.111,9-25-30-37-9 = 0.111,9-25-12-23-39-9 = 0.194,9-39-23-38-36-8 = 0.111,11-16-17-33-11 = 0.333,9-25-12-23-36-8 = 0.278,9-39-12-38-8 = 0.194,9-25-39-23-38-8 = 0.083,11-18-17-16-14-11 = 0.333,11-40-18-17-16-11 = 0.333
684,557,602.425,7.667,0.036,-0.97,685,686,11-14-11 = 0.5,9-37-9 = 0.333,8-22-19-8 = 0.5,8-19-38-36-8 = 0.5,11-31-13-11 = 0.5,11-28-31-26-11 = 0.5,11-28-13-26-11 = 0.5,11-40-33-29-11 = 1.0,11-22-16-41-14-11 = 0.5,8-18-12-32-8 = 0.5,11-16-17-20-35-9 = 0.5,8-23-18-17-41-11 = 0.5,9-30-20-35-9 = 0.333,9-15-24-21-9 = 1.0,9-25-30-37-9 = 0.667,9-25-35-27-34-9 = 0.167,9-25-12-32-34-9 = 0.167,9-12-27-34-9 = 0.167,9-39-27-32-34-9 = 0.333,9-39-12-27-9 = 0.167,9-39-23-38-36-8 = 0.5,9-20-27-34-9 = 0.167
332,286,602.558,6.111,1.317,-0.222,687,688,11-14-11 = 0.056,9-37-9 = 1.0,8-22-14-11 = 0.111,8-22-16-41-11 = 0.056,8-22-16-41-14-11 = 0.833,8-19-38-36-8 = 1.0,11-31-13-11 = 0.5,11-28-31-26-11 = 0.5,11-28-13-26-11 = 0.5,11-40-33-29-11 = 0.444,11-17-33-29-11 = 0.556,11-12-18-39-9 = 0.333,11-12-27-32-9 = 0.556,9-30-20-35-9 = 0.667,11-40-17-27-32-9 = 0.111,11-40-17-27-32-11 = 0.333,9-15-24-39-9 = 0.333,9-15-24-21-9 = 0.667,9-21-39-20-35-9 = 0.333,11-40-12-16-41-11 = 0.111,9-25-30-23-34-8 = 0.333,9-25-18-23-34-8 = 0.667
687,332,608.41,0.0,5.853,0.0,Prune by CG,,9-37-9 = 0.778,8-22-14-11 = 0.667,8-19-38-36-8 = 1.0,11-31-13-11 = 0.333,11-31-13-26-11 = 0.167,11-28-31-26-11 = 0.5,11-28-13-26-11 = 0.333,11-40-33-29-11 = 0.333,11-22-16-41-14-11 = 0.333,11-17-33-29-11 = 0.5,11-12-27-32-9 = 0.667,11-16-27-20-9 = 0.167,8-23-18-17-41-11 = 0.333,9-30-20-35-9 = 0.444,11-40-28-13-11 = 0.167,11-40-17-27-32-9 = 0.167,9-15-21-37-9 = 0.222,9-15-24-39-9 = 0.389,9-15-24-21-9 = 0.389,9-21-39-20-35-9 = 0.389,11-40-12-16-41-11 = 0.333,9-30-39-24-9 = 0.222,11-16-33-29-11 = 0.167,9-25-30-23-34-8 = 0.167,9-25-18-23-34-8 = 0.5,9-25-30-35-34-8 = 0.167,9-25-18-32-34-8 = 0.167
111,77,602.574,7.053,3.127,-0.281,689,690,9-37-9 = 0.895,8-22-14-11 = 0.316,8-22-16-41-14-11 = 0.342,8-22-19-8 = 0.184,8-19-38-36-8 = 0.816,8-22-16-17-41-11 = 0.158,11-31-13-11 = 0.5,11-28-31-26-11 = 0.5,11-28-13-26-11 = 0.5,11-40-33-29-11 = 0.658,11-17-33-29-11 = 0.342,11-12-18-35-9 = 0.184,11-12-17-16-41-11 = 0.158,11-18-30-35-9 = 0.184,9-30-35-27-9 = 0.105,8-23-39-27-32-8 = 0.184,11-40-17-16-41-14-11 = 0.342,9-15-21-37-9 = 0.105,9-15-24-21-9 = 0.816,9-15-30-35-9 = 0.079,9-21-39-35-32-34-9 = 0.079,9-25-20-35-34-9 = 0.368,9-39-27-32-34-9 = 0.526,9-39-12-32-34-9 = 0.026,9-39-23-27-32-11 = 0.184,9-25-30-20-9 = 0.632,11-12-18-23-8 = 0.632,9-24-38-36-8 = 0.184
689,111,602.054,6.167,-0.519,-0.886,691,692,11-14-11 = 0.25,9-37-9 = 0.667,8-22-14-11 = 0.25,8-22-16-41-14-11 = 0.25,8-19-38-36-8 = 1.0,8-22-16-17-41-11 = 0.5,11-31-13-11 = 0.5,11-28-31-26-11 = 0.5,11-28-13-26-11 = 0.5,11-40-33-29-11 = 0.75,11-17-33-29-11 = 0.25,9-30-35-27-9 = 0.333,11-40-17-16-41-14-11 = 0.25,9-15-21-37-9 = 0.333,9-15-24-21-9 = 0.667,9-25-20-35-34-9 = 0.333,9-39-27-32-34-9 = 0.667,9-25-30-20-9 = 0.667,11-12-18-23-8 = 1.0,9-24-39-35-32-9 = 0.333
692,689,606.61,0.0,4.555,0.0,Prune by CG,,9-37-9 = 0.667,8-22-14-11 = 1.0,8-19-38-36-8 = 1.0,11-31-13-26-11 = 0.5,11-28-31-26-11 = 0.5,11-28-13-11 = 0.5,11-40-33-29-11 = 0.25,11-17-33-29-11 = 0.25,9-24-21-37-9 = 0.333,9-15-24-21-9 = 0.667,9-15-30-35-9 = 0.333,9-25-20-35-34-9 = 0.333,9-39-27-32-34-9 = 0.667,9-25-30-20-9 = 0.667,11-41-33-29-11 = 0.25,11-12-18-23-8 = 1.0,11-40-17-16-41-11 = 0.75,11-16-33-29-11 = 0.25,9-39-35-27-32-9 = 0.333
626,315,602.741,5.667,0.397,-1.333,693,694,11-26-11 = 0.5,9-37-9 = 0.333,11-18-27-32-8 = 0.333,8-22-16-41-14-11 = 1.0,8-19-38-36-8 = 1.0,11-31-13-11 = 0.5,11-28-31-26-11 = 0.5,11-28-13-11 = 0.5,11-40-33-29-11 = 0.667,11-17-33-29-11 = 0.333,11-17-20-35-34-9 = 0.333,9-30-20-35-9 = 0.333,11-40-17-20-35-9 = 0.333,9-15-24-21-9 = 1.0,9-25-30-37-9 = 0.667,9-25-12-23-39-9 = 0.333,9-39-12-32-34-9 = 0.667,9-23-18-27-8 = 0.667
122,120,602.41,5.0,2.892,1.0,695,696,11-26-11 = 0.5,9-37-9 = 0.6,8-19-38-36-8 = 1.0,11-31-13-26-11 = 0.5,11-22-16-41-14-11 = 1.0,11-17-33-29-11 = 1.0,11-40-28-13-11 = 0.5,11-40-28-31-11 = 0.5,9-25-20-35-9 = 0.2,9-15-24-21-9 = 1.0,9-25-30-37-9 = 0.4,9-25-20-35-34-9 = 0.4,9-18-12-32-9 = 0.8,9-23-18-27-9 = 0.2,9-39-12-27-9 = 0.2,9-39-23-27-32-9 = 0.2,9-30-39-23-34-9 = 0.6,9-27-20-35-9 = 0.4
695,122,605.968,0.0,3.558,0.0,Prune by CG,,11-26-11 = 0.5,9-37-9 = 0.667,8-19-38-36-8 = 1.0,11-31-13-26-11 = 0.5,11-22-16-41-14-11 = 1.0,11-17-33-29-11 = 1.0,11-40-28-13-11 = 0.5,11-40-28-31-11 = 0.5,9-15-24-21-9 = 0.667,9-15-39-23-34-9 = 0.333,9-25-30-37-9 = 0.333,9-25-12-32-34-9 = 0.333,9-18-12-32-9 = 0.667,9-25-30-24-9 = 0.333,9-30-39-23-34-9 = 0.333,9-27-20-35-9 = 1.0,9-23-18-39-21-9 = 0.333
634,568,602.528,9.167,0.169,0.167,697,698,11-14-11 = 0.333,9-15-9 = 0.25,8-19-8 = 0.25,8-36-8 = 0.25,9-37-9 = 1.0,8-22-14-11 = 0.5,8-22-19-8 = 0.5,8-19-38-36-8 = 0.25,11-31-13-26-11 = 0.5,11-28-31-26-11 = 0.5,11-28-13-11 = 0.5,11-40-33-29-11 = 0.667,11-16-17-20-35-9 = 0.333,11-12-17-16-41-11 = 0.5,8-23-12-32-34-9 = 0.25,9-30-20-35-9 = 0.417,11-40-17-16-41-14-11 = 0.167,9-25-20-35-9 = 0.167,9-15-24-21-9 = 0.75,9-25-30-39-21-9 = 0.25,9-25-35-27-32-9 = 0.083,9-25-18-27-9 = 0.167,9-18-27-32-9 = 0.25,9-18-27-34-9 = 0.333,9-39-27-32-34-9 = 0.167,9-39-12-32-34-9 = 0.083,9-25-30-20-9 = 0.083,9-25-30-24-9 = 0.25,11-41-33-29-11 = 0.333,9-39-23-38-36-8 = 0.5,11-40-12-32-34-9 = 0.167,9-18-23-38-8 = 0.25
698,634,602.69,8.222,0.162,-0.944,699,700,11-14-11 = 0.111,9-15-9 = 0.111,8-19-8 = 0.667,8-36-8 = 0.167,9-37-9 = 1.0,8-22-14-11 = 0.833,8-22-19-8 = 0.167,8-19-38-36-8 = 0.167,11-31-13-26-11 = 0.5,11-28-31-26-11 = 0.5,11-28-13-11 = 0.5,11-40-33-29-11 = 0.556,11-16-17-20-35-9 = 0.444,11-12-17-16-41-11 = 0.5,9-30-20-35-9 = 0.333,11-40-17-16-41-14-11 = 0.056,9-15-24-21-9 = 0.667,9-25-30-39-21-9 = 0.333,9-25-35-27-32-9 = 0.222,9-25-18-27-9 = 0.111,9-15-24-9 = 0.222,9-18-27-32-9 = 0.222,9-18-27-34-9 = 0.444,9-23-12-32-34-9 = 0.111,9-23-18-32-34-9 = 0.056,9-25-30-20-9 = 0.222,9-25-30-24-9 = 0.111,11-41-33-29-11 = 0.444,9-39-23-38-36-8 = 0.667,11-40-12-32-34-9 = 0.389,9-18-23-38-8 = 0.167
464,166,602.647,5.429,0.588,-0.571,701,702,8-19-8 = 0.286,9-37-9 = 1.0,8-22-16-41-14-11 = 0.857,8-19-16-41-14-11 = 0.143,8-22-19-8 = 0.143,8-19-38-36-8 = 0.429,11-31-13-26-11 = 0.714,11-28-31-26-11 = 0.143,11-28-13-26-11 = 0.143,11-17-33-29-11 = 0.286,11-17-33-32-34-9 = 0.571,8-23-12-32-34-9 = 0.143,11-31-13-32-9 = 0.143,9-30-20-35-9 = 0.857,11-40-28-29-11 = 0.714,11-40-17-20-35-9 = 0.143,9-15-24-21-9 = 1.0,9-25-12-27-9 = 0.429,9-25-18-27-9 = 0.143,9-12-18-39-9 = 0.286,9-39-23-38-36-8 = 0.571,11-40-33-32-34-9 = 0.143,9-30-39-23-34-9 = 0.143,9-25-18-27-8 = 0.429,9-18-12-23-8 = 0.143
400,390,602.7,7.0,1.117,-1.0,703,704,9-37-9 = 0.75,8-22-14-11 = 0.5,8-22-19-8 = 0.25,8-19-38-36-8 = 0.75,11-31-13-26-11 = 0.5,11-28-31-26-11 = 0.5,11-28-13-11 = 0.5,11-40-33-29-11 = 0.75,11-22-16-41-14-11 = 0.25,11-17-33-29-11 = 0.25,11-12-17-16-41-11 = 0.5,8-23-18-39-34-8 = 0.25,9-30-20-35-9 = 0.75,11-40-17-16-41-14-11 = 0.25,9-15-24-39-9 = 0.25,9-15-24-21-9 = 0.75,9-21-39-20-35-9 = 0.25,9-25-30-37-9 = 0.25,9-18-27-32-9 = 0.25,11-12-18-23-8 = 0.5,9-25-27-32-34-9 = 0.75,8-39-23-38-36-8 = 0.25
703,400,606.122,0.0,3.422,0.0,Prune by CG,,9-37-9 = 0.75,8-22-14-11 = 0.5,8-22-19-8 = 0.25,8-19-38-36-8 = 0.75,11-31-13-11 = 0.5,11-28-31-26-11 = 0.5,11-28-13-26-11 = 0.5,11-40-33-29-11 = 0.75,11-22-16-41-14-11 = 0.25,11-17-33-29-11 = 0.25,11-12-17-16-41-11 = 0.5,8-23-18-39-34-8 = 0.25,9-30-20-35-9 = 0.75,11-40-17-16-41-14-11 = 0.25,9-15-24-21-9 = 1.0,9-25-30-37-9 = 0.25,9-25-35-27-32-9 = 0.25,9-25-18-27-9 = 0.25,9-25-18-32-34-9 = 0.25,9-18-27-32-9 = 0.25,8-39-23-38-36-8 = 0.25,11-12-23-39-34-8 = 0.5,9-20-27-32-9 = 0.25
501,326,602.229,8.333,0.173,2.333,705,706,9-37-9 = 1.0,8-22-16-41-14-11 = 0.5,8-22-19-8 = 0.167,8-22-19-36-8 = 0.333,8-19-38-36-8 = 0.5,11-31-13-9 = 0.333,11-28-31-26-11 = 0.5,11-28-13-26-11 = 0.5,11-40-33-29-11 = 0.5,8-12-18-39-9 = 0.333,11-17-33-29-11 = 0.5,11-31-13-32-9 = 0.167,9-30-20-35-9 = 0.667,11-40-17-16-41-14-11 = 0.5,9-15-24-21-9 = 0.667,9-25-30-39-21-9 = 0.333,9-25-12-32-34-9 = 0.333,9-25-20-35-34-9 = 0.333,9-15-24-9 = 0.333,9-18-12-32-9 = 0.167,9-39-27-32-34-9 = 0.167,9-39-12-32-34-9 = 0.167,9-23-27-38-8 = 0.333,9-23-18-27-8 = 0.5,8-23-38-36-8 = 0.167
705,501,602.366,9.0,0.137,0.667,707,708,9-37-9 = 1.0,8-22-16-41-14-11 = 0.5,8-22-19-36-8 = 0.5,8-19-38-36-8 = 0.5,11-31-13-9 = 0.5,11-28-31-26-11 = 0.5,11-28-13-26-11 = 0.5,11-40-33-29-11 = 0.5,11-17-33-29-11 = 0.5,8-18-12-32-9 = 0.5,9-30-20-35-9 = 0.5,11-40-17-16-41-14-11 = 0.5,9-15-24-21-9 = 0.5,9-25-30-39-21-9 = 0.5,9-25-20-35-34-9 = 0.5,9-15-24-9 = 0.5,9-39-12-32-34-9 = 0.5,9-23-27-38-8 = 0.5,9-23-18-27-8 = 0.5
707,705,607.062,0.0,4.697,0.0,Prune by CG,,9-37-9 = 1.0,8-22-19-8 = 0.333,8-22-19-36-8 = 0.667,11-31-13-9 = 0.333,11-28-31-26-11 = 0.667,11-28-13-26-11 = 0.333,11-40-33-29-11 = 0.333,8-18-12-32-9 = 0.667,9-30-20-35-9 = 0.667,11-40-17-16-41-14-11 = 0.667,9-25-13-29-11 = 0.333,9-15-24-39-9 = 0.333,9-15-24-21-9 = 0.667,9-25-30-39-21-9 = 0.333,9-25-20-35-34-9 = 0.333,9-18-27-34-9 = 0.333,9-39-12-32-34-9 = 0.333,11-41-33-29-11 = 0.333,11-16-17-33-14-11 = 0.333,9-23-27-38-8 = 0.667,8-23-38-36-8 = 0.333
364,128,602.407,8.75,1.023,1.042,709,710,8-36-8 = 0.125,9-37-9 = 0.75,11-18-27-34-9 = 0.25,8-22-14-11 = 0.187,8-22-16-41-14-11 = 0.438,8-22-19-8 = 0.375,8-19-38-36-8 = 0.625,8-23-27-32-34-9 = 0.25,11-31-13-11 = 0.5,11-28-31-26-11 = 0.5,11-28-13-26-11 = 0.5,11-40-33-29-11 = 0.625,11-17-33-29-11 = 0.375,11-12-18-39-9 = 0.25,11-12-17-16-41-11 = 0.125,9-30-35-27-9 = 0.125,11-40-17-16-41-14-11 = 0.375,9-25-20-35-32-9 = 0.125,9-25-20-35-32-11 = 0.25,9-15-21-37-9 = 0.25,9-15-24-21-9 = 0.625,9-21-39-23-38-8 = 0.125,9-25-20-35-34-9 = 0.5,9-25-30-20-9 = 0.125,9-39-12-17-16-11 = 0.062,9-39-12-17-41-11 = 0.062,9-15-38-36-8 = 0.125,9-39-23-38-36-8 = 0.125,11-12-18-23-8 = 0.5,9-30-39-24-9 = 0.375,9-30-27-32-9 = 0.375
710,364,602.019,9.5,-0.388,0.75,711,712,8-19-8 = 0.375,9-37-9 = 0.5,11-18-27-34-9 = 0.375,8-22-14-11 = 0.375,8-22-16-41-14-11 = 0.375,8-22-19-8 = 0.125,8-19-38-36-8 = 0.5,8-12-27-32-9 = 0.125,8-22-16-17-41-11 = 0.125,11-31-13-26-11 = 0.5,11-28-31-26-11 = 0.5,11-28-13-11 = 0.5,11-40-33-29-11 = 0.75,11-17-33-29-11 = 0.25,11-12-18-17-11 = 0.125,11-12-17-16-41-11 = 0.25,11-40-17-16-41-14-11 = 0.25,9-25-20-35-32-9 = 0.375,9-15-21-37-9 = 0.5,9-15-24-21-9 = 0.5,9-25-20-35-34-9 = 0.125,9-25-30-20-9 = 0.5,9-39-23-38-36-8 = 0.5,11-12-18-23-8 = 0.5,9-30-39-24-9 = 0.5,9-35-27-32-34-9 = 0.5
711,710,606.482,0.0,4.463,0.0,Prune by CG,,11-14-11 = 0.25,8-19-8 = 0.25,9-37-9 = 0.5,8-12-17-16-14-11 = 0.25,8-12-17-41-14-11 = 0.25,11-18-27-34-9 = 0.5,8-22-16-41-14-11 = 0.25,8-19-38-36-8 = 0.5,8-22-16-17-41-11 = 0.5,11-31-13-26-11 = 0.5,11-28-31-26-11 = 0.5,11-28-13-11 = 0.5,11-40-33-29-11 = 1.0,9-25-20-35-32-9 = 0.5,9-15-21-37-9 = 0.5,9-15-24-21-9 = 0.5,9-25-30-20-9 = 0.5,9-39-23-38-36-8 = 0.5,11-22-19-8 = 0.25,11-12-18-23-8 = 0.5,9-30-39-24-9 = 0.5,9-35-27-32-34-9 = 0.5
712,710,602.023,9.136,0.004,-0.364,713,714,8-19-8 = 0.227,8-36-8 = 0.091,9-37-9 = 0.568,11-18-27-35-9 = 0.045,11-18-27-34-9 = 0.273,8-22-14-11 = 0.25,8-22-16-41-14-11 = 0.5,8-22-19-8 = 0.25,8-19-38-36-8 = 0.523,8-12-27-32-9 = 0.068,8-23-27-32-34-9 = 0.091,11-31-13-26-11 = 0.5,11-28-31-26-11 = 0.5,11-28-13-11 = 0.5,11-40-33-29-11 = 0.75,11-17-33-29-11 = 0.25,11-12-18-17-11 = 0.25,11-12-17-16-41-11 = 0.25,11-40-17-16-41-14-11 = 0.25,9-25-20-35-32-9 = 0.318,9-15-21-37-9 = 0.432,9-15-24-39-9 = 0.091,9-15-24-21-9 = 0.477,9-21-39-23-38-8 = 0.091,9-25-20-35-34-9 = 0.114,9-25-30-20-9 = 0.568,9-39-23-38-36-8 = 0.386,11-12-18-23-8 = 0.432,9-30-39-24-9 = 0.432,9-35-27-32-34-9 = 0.523
714,712,602.041,8.625,0.018,-0.511,715,716,8-19-8 = 0.125,8-36-8 = 0.125,9-37-9 = 0.625,11-18-27-34-9 = 0.25,8-22-14-11 = 0.25,8-22-16-41-14-11 = 0.5,8-22-19-8 = 0.25,8-19-38-36-8 = 0.625,8-23-27-32-34-9 = 0.125,11-31-13-11 = 0.5,11-28-31-26-11 = 0.5,11-28-13-26-11 = 0.5,11-40-33-29-11 = 0.75,11-17-33-29-11 = 0.25,11-12-18-17-11 = 0.25,11-12-17-16-41-11 = 0.25,11-40-17-16-41-14-11 = 0.25,9-25-20-35-32-9 = 0.312,9-15-21-37-9 = 0.375,9-15-24-39-9 = 0.187,9-15-24-21-9 = 0.438,9-21-39-27-35-9 = 0.062,9-21-39-23-38-8 = 0.125,9-25-20-35-34-9 = 0.062,9-25-30-20-9 = 0.625,9-39-23-38-36-8 = 0.25,11-12-18-23-8 = 0.5,9-30-39-24-9 = 0.375,9-35-27-32-34-9 = 0.562
716,714,602.041,8.625,0.0,0.0,717,718,8-19-8 = 0.125,8-36-8 = 0.125,9-37-9 = 0.625,11-18-27-35-9 = 0.063,11-18-27-34-9 = 0.188,8-22-14-11 = 0.25,8-22-16-41-14-11 = 0.5,8-22-19-8 = 0.25,8-19-38-36-8 = 0.625,8-23-27-32-34-9 = 0.125,11-31-13-11 = 0.5,11-28-31-26-11 = 0.5,11-28-13-26-11 = 0.5,11-40-33-29-11 = 0.75,11-17-33-29-11 = 0.25,11-12-18-17-11 = 0.25,11-12-17-16-41-11 = 0.25,11-40-17-16-41-14-11 = 0.25,9-25-20-35-32-9 = 0.313,9-15-21-37-9 = 0.375,9-15-24-39-9 = 0.187,9-15-24-21-9 = 0.438,9-21-39-27-34-9 = 0.062,9-21-39-23-38-8 = 0.125,9-25-20-35-34-9 = 0.063,9-25-30-20-9 = 0.625,9-39-23-38-36-8 = 0.25,11-12-18-23-8 = 0.5,9-30-39-24-9 = 0.375,9-35-27-32-34-9 = 0.562
717,716,608.743,0.0,6.702,0.0,Prune by CG,,11-14-11 = 0.286,9-37-9 = 0.571,11-18-27-35-9 = 0.429,8-22-16-41-14-11 = 0.429,8-22-19-8 = 0.429,8-22-19-36-8 = 0.143,8-19-38-34-8 = 0.429,8-38-27-34-9 = 0.071,8-23-27-32-34-9 = 0.5,11-31-13-11 = 0.5,11-28-31-26-11 = 0.5,11-28-13-26-11 = 0.5,11-40-33-29-11 = 0.786,11-17-33-29-11 = 0.214,11-12-18-17-11 = 0.214,11-40-17-16-41-14-11 = 0.214,9-25-20-35-9 = 0.214,9-25-20-35-32-9 = 0.357,9-15-21-37-9 = 0.429,9-15-24-21-9 = 0.571,9-12-17-16-41-11 = 0.286,9-25-30-20-9 = 0.429,9-39-23-38-36-8 = 0.5,11-12-18-36-8 = 0.357,9-30-39-24-9 = 0.429,9-39-17-16-41-14-11 = 0.071,9-30-12-32-8 = 0.143
718,716,602.166,9.5,0.125,0.875,719,720,8-19-8 = 0.25,8-36-8 = 0.125,9-37-9 = 0.5,11-18-27-34-9 = 0.25,8-22-14-11 = 0.25,8-22-16-41-14-11 = 0.5,8-22-19-8 = 0.25,8-19-38-36-8 = 0.5,8-38-27-32-9 = 0.125,11-31-13-11 = 0.5,11-28-31-26-11 = 0.5,11-28-13-26-11 = 0.5,11-40-33-29-11 = 0.75,11-17-33-29-11 = 0.25,11-12-18-17-11 = 0.25,11-12-17-16-41-11 = 0.25,11-40-17-16-41-14-11 = 0.25,9-25-20-35-32-9 = 0.375,9-15-21-37-9 = 0.5,9-15-24-21-9 = 0.5,9-25-20-35-34-9 = 0.125,9-39-23-27-34-9 = 0.125,9-25-30-20-9 = 0.5,9-39-23-38-36-8 = 0.375,11-12-18-23-8 = 0.5,9-30-39-24-9 = 0.5,9-35-27-32-34-9 = 0.5
511,263,602.382,6.333,0.037,1.333,721,722,9-37-9 = 0.833,8-22-14-11 = 0.5,8-22-16-41-14-11 = 0.5,8-19-38-36-8 = 1.0,11-31-13-26-11 = 0.5,11-28-31-26-11 = 0.5,11-28-13-11 = 0.5,11-40-33-29-11 = 1.0,11-17-20-35-34-9 = 0.5,11-12-17-16-41-11 = 0.5,11-12-20-35-9 = 0.5,9-15-21-37-9 = 0.167,9-15-24-21-9 = 0.833,9-18-27-32-9 = 0.5,9-23-27-32-34-9 = 0.167,9-23-18-32-34-9 = 0.167,9-39-27-32-34-9 = 0.167,9-30-39-24-9 = 0.167,9-25-18-27-8 = 0.167,9-25-30-39-23-8 = 0.667,9-25-30-18-8 = 0.167
721,511,602.56,6.167,0.178,-0.167,723,724,9-37-9 = 0.833,8-22-14-11 = 0.5,8-22-16-41-14-11 = 0.5,8-19-38-36-8 = 1.0,11-31-13-11 = 0.5,11-28-31-26-11 = 0.5,11-28-13-26-11 = 0.5,11-40-33-29-11 = 1.0,11-16-17-20-35-9 = 0.25,11-12-17-16-41-11 = 0.25,11-12-20-35-9 = 0.75,11-17-27-32-34-9 = 0.25,9-15-21-37-9 = 0.167,9-15-24-21-9 = 0.833,9-23-27-32-34-9 = 0.167,9-23-18-32-34-9 = 0.167,9-23-18-17-41-11 = 0.25,9-39-27-32-34-9 = 0.417,9-30-39-24-9 = 0.167,9-25-18-27-8 = 0.167,9-25-30-39-23-8 = 0.417,9-25-30-18-8 = 0.417
723,721,606.909,0.0,4.349,0.0,Prune by CG,,9-37-9 = 0.75,8-22-14-11 = 0.625,8-22-16-41-14-11 = 0.375,8-19-38-36-8 = 1.0,11-31-13-11 = 0.5,11-28-31-26-11 = 0.5,11-28-13-26-11 = 0.5,11-40-33-29-11 = 1.0,11-41-27-32-34-9 = 0.125,11-16-27-32-34-9 = 0.375,11-12-20-35-9 = 1.0,9-15-21-37-9 = 0.25,9-15-24-21-9 = 0.75,9-23-18-17-41-11 = 0.5,9-39-27-32-34-9 = 0.25,9-30-39-24-9 = 0.25,9-18-17-32-34-9 = 0.25,9-25-18-27-8 = 0.25,9-25-30-39-23-8 = 0.5,9-25-30-17-16-8 = 0.25
663,661,602.666,6.667,1.536,-0.583,725,726,9-15-9 = 0.167,9-37-9 = 1.0,8-22-16-41-14-11 = 0.833,8-22-19-36-8 = 0.167,8-19-38-36-8 = 0.833,8-23-12-17-32-8 = 0.167,11-31-13-26-11 = 0.5,11-28-31-26-11 = 0.5,11-40-33-29-11 = 0.333,11-17-33-29-11 = 0.667,9-30-20-35-9 = 0.5,11-40-17-16-41-14-11 = 0.167,9-25-20-35-9 = 0.333,9-15-24-21-9 = 0.667,9-25-30-39-21-9 = 0.333,9-25-20-35-34-9 = 0.167,9-15-24-9 = 0.167,9-18-27-32-9 = 0.167,9-18-27-34-9 = 0.167,9-39-27-32-34-9 = 0.667,9-25-30-24-9 = 0.167,11-40-28-13-9 = 0.5,11-12-18-23-8 = 0.167,11-12-23-38-8 = 0.167,9-18-12-23-8 = 0.5
725,663,607.789,0.0,5.122,0.0,Prune by CG,,8-19-8 = 0.333,9-37-9 = 1.0,8-22-16-41-14-11 = 1.0,8-19-38-36-8 = 0.667,11-31-13-26-11 = 0.167,11-28-31-26-11 = 0.833,11-17-33-29-11 = 0.333,9-30-20-35-9 = 0.833,9-25-13-29-11 = 0.667,9-15-24-39-9 = 0.333,9-15-24-21-9 = 0.667,9-21-39-20-35-9 = 0.167,9-25-30-39-21-9 = 0.167,9-18-27-34-9 = 0.667,9-39-27-32-34-9 = 0.333,11-40-28-13-9 = 0.167,11-12-18-23-8 = 0.333,11-12-23-38-8 = 0.333,11-40-17-33-32-9 = 0.5,11-40-12-23-36-8 = 0.333,9-25-17-33-32-9 = 0.167
56,53,602.531,6.5,4.35,0.333,727,728,9-37-9 = 0.556,8-19-38-36-8 = 1.0,11-31-13-11 = 0.5,11-28-31-26-11 = 0.5,11-28-13-26-11 = 0.5,11-40-33-29-11 = 0.667,11-22-14-11 = 1.0,11-16-17-32-34-9 = 0.333,9-24-21-37-9 = 0.222,9-30-20-35-9 = 1.0,9-15-21-37-9 = 0.222,9-15-24-39-9 = 0.222,9-15-24-21-9 = 0.556,9-25-12-23-39-9 = 0.444,9-25-18-27-9 = 0.556,9-18-12-23-9 = 0.111,9-23-12-27-9 = 0.111,9-23-12-32-34-9 = 0.333,9-39-27-32-34-9 = 0.333,11-41-33-29-11 = 0.333,11-40-17-16-41-11 = 0.333,9-18-17-16-41-11 = 0.333
727,56,609.27,0.0,6.738,0.0,Prune by CG,,11-14-11 = 1.0,11-26-11 = 0.5,9-37-9 = 0.667,8-19-38-36-8 = 1.0,11-31-13-11 = 0.5,11-28-31-26-11 = 0.5,11-28-13-11 = 0.5,11-40-33-29-11 = 1.0,11-22-16-17-41-11 = 1.0,9-30-20-35-9 = 0.667,9-15-24-21-9 = 1.0,9-25-30-37-9 = 0.333,9-25-12-23-39-9 = 0.333,9-25-20-35-34-9 = 0.333,9-18-27-32-9 = 0.333,9-18-12-23-9 = 0.667,9-39-27-32-34-9 = 0.667
537,536,602.624,7.25,0.536,-0.283,729,730,8-19-8 = 0.375,8-36-8 = 0.062,9-37-9 = 0.375,8-22-14-11 = 0.5,8-19-38-36-8 = 0.625,8-12-20-35-9 = 0.438,11-31-13-11 = 0.5,11-28-31-26-11 = 0.5,11-28-13-26-11 = 0.5,11-40-33-29-11 = 1.0,11-22-16-41-14-11 = 0.5,9-30-20-35-9 = 0.312,11-17-27-32-34-9 = 0.938,9-15-24-39-9 = 0.312,9-15-24-21-9 = 0.688,9-21-39-23-16-41-11 = 0.062,9-21-39-20-35-9 = 0.25,9-25-30-37-9 = 0.625,9-25-30-39-34-9 = 0.062,11-17-27-38-8 = 0.062,9-39-23-38-36-8 = 0.312,9-25-18-16-41-11 = 0.312,9-18-12-32-8 = 0.062,9-18-12-23-8 = 0.5,9-23-18-16-41-11 = 0.125
729,537,608.672,0.0,6.048,0.0,Prune by CG,,8-36-8 = 0.5,8-22-14-11 = 0.5,8-22-19-8 = 0.5,8-19-38-36-8 = 0.5,11-31-13-26-11 = 0.5,11-28-31-26-11 = 0.5,11-28-13-11 = 0.5,11-40-33-29-11 = 1.0,11-17-20-35-34-9 = 0.5,9-15-24-34-9 = 0.5,9-15-24-21-9 = 0.5,9-21-39-23-16-41-11 = 0.5,9-25-30-37-9 = 1.0,9-18-12-32-9 = 1.0,11-17-27-38-8 = 0.5,11-27-20-35-9 = 0.5,9-39-23-16-41-14-11 = 0.5
498,496,602.782,5.5,0.865,-1.318,731,732,9-15-9 = 0.25,9-37-9 = 0.5,8-22-16-41-14-11 = 1.0,8-19-38-36-8 = 1.0,11-31-13-11 = 0.5,11-28-31-26-11 = 0.5,11-28-13-26-11 = 0.5,11-40-33-29-11 = 1.0,11-17-20-35-34-9 = 0.5,11-12-18-17-11 = 0.5,11-12-18-34-9 = 0.5,9-30-20-35-9 = 0.5,9-25-37-9 = 0.5,9-15-24-21-9 = 0.75,9-25-30-21-9 = 0.25,9-25-30-24-9 = 0.25,9-39-23-27-32-8 = 1.0
732,498,609.525,0.0,6.742,0.0,Prune by CG,,8-19-8 = 0.333,9-37-9 = 0.583,8-22-16-41-14-11 = 0.667,8-19-38-36-8 = 0.667,8-22-16-32-34-9 = 0.333,11-31-13-26-11 = 0.5,11-28-31-26-11 = 0.5,11-28-13-11 = 0.5,11-40-33-29-11 = 1.0,11-17-20-35-34-9 = 0.333,11-12-18-17-11 = 0.333,9-30-20-35-9 = 0.667,9-25-37-9 = 0.333,9-15-24-21-9 = 0.917,9-25-30-37-9 = 0.083,9-25-30-21-9 = 0.083,9-25-30-15-9 = 0.083,9-25-30-24-9 = 0.083,11-18-12-32-11 = 0.333,9-39-27-38-8 = 0.333,11-12-17-41-14-11 = 0.333,11-25-18-23-34-9 = 0.333,9-39-23-27-32-8 = 0.333,9-39-23-27-36-8 = 0.333
411,410,602.742,3.0,0.764,-1.0,733,734,9-37-9 = 1.0,8-22-14-11 = 0.25,8-22-16-41-14-11 = 0.25,8-19-16-41-14-11 = 0.5,11-31-13-26-11 = 0.5,11-28-31-26-11 = 0.5,11-28-13-11 = 0.5,11-40-33-29-11 = 1.0,9-30-20-35-9 = 1.0,11-17-27-32-34-9 = 1.0,9-15-24-21-9 = 1.0,9-25-12-18-9 = 1.0,11-22-19-16-11 = 0.25,11-22-19-41-11 = 0.25,9-39-23-38-36-8 = 1.0
734,411,607.341,0.0,4.599,0.0,Prune by CG,,9-37-9 = 1.0,8-22-14-11 = 0.5,8-19-16-41-14-11 = 0.5,11-31-13-26-11 = 0.5,11-28-31-26-11 = 0.5,11-40-33-29-11 = 0.5,9-30-20-35-9 = 1.0,11-17-27-32-34-9 = 1.0,11-40-28-13-11 = 0.5,9-15-24-21-9 = 1.0,9-25-12-18-9 = 1.0,11-22-19-41-11 = 0.5,9-39-23-38-36-8 = 1.0,11-16-33-29-11 = 0.5
276,267,602.565,4.333,1.647,0.333,735,736,11-14-11 = 0.167,9-37-9 = 1.0,8-22-16-41-14-11 = 0.833,8-19-38-36-8 = 1.0,8-22-16-17-41-11 = 0.167,11-31-13-26-11 = 0.5,11-28-31-26-11 = 0.5,11-28-13-11 = 0.333,11-40-33-29-11 = 0.5,11-17-33-29-11 = 0.5,11-12-27-34-9 = 0.333,11-17-27-32-34-9 = 0.333,11-40-28-13-11 = 0.167,9-15-24-21-9 = 1.0,11-40-12-32-34-9 = 0.333,9-18-20-35-9 = 1.0,11-12-27-32-11 = 0.333,9-25-30-39-23-8 = 1.0
736,276,606.346,0.0,3.781,0.0,Prune by CG,,8-19-8 = 0.167,9-37-9 = 1.0,8-22-16-41-14-11 = 1.0,8-19-38-34-9 = 0.333,8-19-38-36-8 = 0.5,11-31-13-11 = 0.5,11-28-31-26-11 = 0.5,11-28-13-26-11 = 0.5,11-40-33-29-11 = 0.833,11-17-27-32-34-9 = 0.667,9-15-24-21-9 = 1.0,11-12-17-33-11 = 0.167,11-12-23-38-8 = 0.167,9-18-20-35-9 = 1.0,11-12-27-32-11 = 0.333,11-40-12-23-36-8 = 0.167,9-25-30-39-23-8 = 0.667,9-25-30-39-36-8 = 0.333,11-12-17-29-11 = 0.167
336,85,602.615,5.667,1.109,-0.0,737,738,9-37-9 = 0.833,8-22-14-11 = 0.5,8-22-16-41-14-11 = 0.5,8-19-38-36-8 = 1.0,11-31-13-11 = 0.5,11-28-31-26-11 = 0.5,11-28-13-26-11 = 0.5,11-40-33-29-11 = 1.0,11-12-18-23-9 = 0.167,11-12-17-16-41-11 = 0.5,11-18-12-32-9 = 0.167,11-12-23-39-34-9 = 0.167,11-17-20-35-32-8 = 0.5,9-15-24-21-9 = 1.0,9-25-30-37-9 = 0.167,9-25-35-27-34-9 = 0.167,9-23-18-27-9 = 0.667,9-25-30-39-34-9 = 0.667,9-20-35-27-8 = 0.167,9-30-20-32-8 = 0.167,9-39-20-35-32-8 = 0.167
372,282,602.572,8.333,1.101,0.333,739,740,11-14-11 = 0.333,8-36-8 = 0.167,9-37-9 = 0.333,8-22-19-8 = 0.5,8-19-38-36-8 = 0.5,8-23-12-17-41-11 = 0.167,11-31-13-26-11 = 0.5,11-28-31-26-11 = 0.5,11-28-13-11 = 0.5,11-40-33-29-11 = 0.667,8-23-18-27-9 = 0.167,11-22-16-17-41-11 = 0.167,11-22-16-41-14-11 = 0.333,11-17-33-29-11 = 0.333,8-23-12-32-34-9 = 0.167,8-18-27-32-8 = 0.167,8-23-18-27-8 = 0.167,9-30-35-27-9 = 0.167,11-40-17-16-41-14-11 = 0.333,9-15-21-37-9 = 0.667,9-15-24-21-9 = 0.333,9-25-20-35-34-9 = 0.833,9-18-12-32-9 = 0.5,9-25-30-20-9 = 0.167,9-39-23-38-36-8 = 0.333,9-30-39-24-9 = 0.667,11-12-27-32-11 = 0.167,11-16-27-38-8 = 0.167
495,238,602.813,6.25,1.321,-1.25,741,742,11-14-11 = 0.375,9-37-9 = 0.375,8-22-16-41-11 = 0.375,8-22-16-41-14-11 = 0.625,8-19-38-36-8 = 1.0,11-31-13-26-11 = 0.5,11-28-31-26-11 = 0.5,11-40-33-29-11 = 0.25,11-17-33-29-11 = 0.75,9-30-20-35-9 = 0.625,11-40-28-13-11 = 0.5,11-40-17-20-35-9 = 0.125,9-25-37-9 = 0.5,9-15-24-21-9 = 1.0,9-25-30-35-34-9 = 0.25,9-25-30-37-9 = 0.125,9-25-18-23-34-9 = 0.125,9-39-27-32-34-9 = 0.625,9-39-23-27-32-11 = 0.125,11-12-18-23-8 = 0.75,11-18-12-32-8 = 0.125,9-39-27-20-9 = 0.25,11-40-12-17-32-8 = 0.125
590,552,602.61,7.0,0.293,0.111,743,744,9-37-9 = 0.833,8-22-14-11 = 0.25,8-22-16-41-14-11 = 0.5,8-19-38-36-8 = 1.0,11-31-13-26-11 = 0.5,11-28-31-26-11 = 0.5,11-28-13-11 = 0.5,11-40-33-29-11 = 0.75,11-22-14-11 = 0.25,11-17-33-29-11 = 0.25,8-18-27-32-9 = 0.25,11-12-17-16-41-11 = 0.5,11-12-23-24-9 = 0.167,11-12-20-35-9 = 0.333,9-30-20-35-9 = 0.417,11-40-17-20-35-9 = 0.25,9-15-21-37-9 = 0.167,9-15-24-21-9 = 0.833,9-18-27-32-9 = 0.333,9-39-23-27-32-9 = 0.417,9-25-18-23-34-8 = 0.417,9-25-30-39-34-8 = 0.583
730,537,602.65,7.2,0.026,-0.05,745,746,8-19-8 = 0.4,8-36-8 = 0.1,9-37-9 = 0.3,8-22-14-11 = 0.5,8-19-38-36-8 = 0.6,8-12-20-35-9 = 0.4,11-31-13-26-11 = 0.5,11-28-31-26-11 = 0.5,11-28-13-11 = 0.5,11-40-33-29-11 = 1.0,11-22-16-41-14-11 = 0.5,9-30-20-35-9 = 0.3,11-17-27-32-34-9 = 0.9,9-15-24-39-9 = 0.3,9-15-24-21-9 = 0.7,9-21-39-20-35-9 = 0.3,9-25-30-37-9 = 0.7,9-39-12-32-34-9 = 0.1,11-17-27-38-8 = 0.1,9-39-23-38-36-8 = 0.3,9-25-18-16-41-11 = 0.3,9-18-12-23-8 = 0.5,9-23-18-16-41-11 = 0.2
745,730,605.916,0.0,3.266,0.0,Prune by CG,,8-19-8 = 0.167,8-36-8 = 0.167,8-12-17-32-34-9 = 0.167,8-22-14-11 = 0.5,8-19-38-36-8 = 0.833,8-12-27-32-9 = 0.167,11-31-13-11 = 0.5,11-28-31-26-11 = 0.5,11-28-13-26-11 = 0.5,11-40-33-29-11 = 1.0,11-22-16-41-14-11 = 0.5,11-17-27-32-34-9 = 0.667,9-15-24-21-9 = 0.167,9-21-39-20-35-9 = 0.833,9-25-30-37-9 = 1.0,9-15-24-9 = 0.833,11-17-27-38-8 = 0.167,9-39-20-35-34-9 = 0.167,9-18-12-23-8 = 0.667,9-23-18-16-41-11 = 0.333,11-16-41-11 = 0.167
682,680,602.545,9.2,0.162,0.7,747,748,11-14-11 = 0.5,9-15-9 = 0.1,8-19-8 = 0.2,8-36-8 = 0.4,9-37-9 = 1.0,8-22-16-41-11 = 0.5,8-22-19-8 = 0.5,8-19-38-36-8 = 0.3,8-38-27-32-9 = 0.1,11-31-13-26-11 = 0.5,11-28-31-26-11 = 0.5,11-28-13-11 = 0.5,11-40-33-29-11 = 0.5,11-17-33-29-11 = 0.5,11-12-18-39-9 = 0.5,9-30-20-35-9 = 0.5,11-40-17-16-41-14-11 = 0.5,9-15-24-21-9 = 0.9,9-25-30-39-21-9 = 0.1,9-25-35-27-34-9 = 0.2,9-25-20-35-34-9 = 0.3,9-18-12-32-9 = 0.5,9-23-27-32-34-9 = 0.4,9-25-30-20-9 = 0.2,9-25-30-39-34-9 = 0.1,9-25-30-24-9 = 0.1,9-39-23-38-36-8 = 0.3,9-23-27-38-8 = 0.3
696,122,602.596,5.4,0.186,0.4,749,750,11-26-11 = 0.5,9-37-9 = 0.667,8-19-38-36-8 = 1.0,11-31-13-26-11 = 0.5,11-22-16-41-14-11 = 1.0,11-17-33-29-11 = 1.0,9-30-12-32-9 = 0.4,11-40-28-13-11 = 0.5,11-40-28-31-11 = 0.5,9-15-21-37-9 = 0.267,9-15-24-21-9 = 0.667,9-21-39-20-35-9 = 0.067,9-25-30-37-9 = 0.067,9-25-30-15-9 = 0.067,9-25-20-35-34-9 = 0.867,9-18-12-32-9 = 0.4,9-23-18-27-9 = 0.6,9-39-12-27-9 = 0.2,9-39-23-27-32-9 = 0.2,9-39-23-20-35-9 = 0.067,9-30-39-24-9 = 0.333,9-30-39-23-34-9 = 0.133
262,259,602.652,6.7,4.178,0.033,751,752,11-14-11 = 0.05,9-37-9 = 0.8,8-22-14-11 = 0.45,8-22-16-41-14-11 = 0.45,8-19-38-36-8 = 1.0,8-22-16-17-41-11 = 0.1,11-31-13-26-11 = 0.5,11-28-31-26-11 = 0.5,11-28-13-11 = 0.5,11-40-33-29-11 = 0.95,11-17-33-29-11 = 0.05,11-12-18-35-9 = 0.4,11-12-18-39-9 = 0.2,11-12-17-16-41-11 = 0.4,9-24-39-20-9 = 0.2,9-30-20-34-9 = 0.4,11-17-27-32-34-9 = 0.4,11-40-17-16-41-14-11 = 0.05,9-15-21-37-9 = 0.2,9-15-24-21-9 = 0.8,9-30-39-23-34-9 = 0.2,9-25-35-27-32-8 = 0.6,9-23-18-20-9 = 0.4,9-25-30-39-23-8 = 0.4
751,262,609.261,0.0,6.609,0.0,Prune by CG,,11-14-11 = 0.333,9-37-9 = 0.722,8-22-16-41-14-11 = 0.167,8-19-38-36-8 = 0.833,8-19-17-41-14-11 = 0.167,8-22-16-17-41-11 = 0.5,8-22-16-17-14-11 = 0.333,11-31-13-26-11 = 0.5,11-28-31-26-11 = 0.5,11-28-13-11 = 0.5,11-40-33-29-11 = 1.0,11-12-18-35-9 = 0.167,11-12-18-39-9 = 0.278,11-12-18-23-9 = 0.556,11-41-27-32-34-9 = 0.167,9-24-39-20-9 = 0.278,9-30-20-34-9 = 0.722,9-15-21-37-9 = 0.278,9-15-24-21-9 = 0.722,9-39-23-38-36-8 = 0.167,9-30-39-23-34-9 = 0.111,9-25-35-27-32-8 = 0.833,9-25-30-39-23-8 = 0.167
688,332,602.618,6.4,0.061,0.289,753,754,11-14-11 = 0.1,9-37-9 = 1.0,8-22-16-41-11 = 0.1,8-22-16-41-14-11 = 0.9,8-19-38-36-8 = 1.0,11-31-13-11 = 0.5,11-28-31-26-11 = 0.5,11-28-13-26-11 = 0.5,11-40-33-29-11 = 0.6,11-17-33-29-11 = 0.4,11-12-18-17-11 = 0.2,11-12-18-39-9 = 0.2,11-12-27-32-9 = 0.4,9-30-20-35-9 = 0.6,11-40-17-27-32-9 = 0.4,9-15-24-39-9 = 0.4,9-15-24-21-9 = 0.6,9-21-39-20-35-9 = 0.4,11-12-27-32-11 = 0.2,9-25-30-23-34-8 = 0.4,9-25-18-23-34-8 = 0.6
753,688,609.424,0.0,6.806,0.0,Prune by CG,,9-15-9 = 0.167,9-37-9 = 1.0,11-18-27-32-9 = 0.667,8-22-16-41-14-11 = 1.0,8-19-38-36-8 = 1.0,11-31-13-26-11 = 0.5,11-28-31-26-11 = 0.5,11-28-13-11 = 0.5,11-40-33-29-11 = 0.667,9-30-20-35-9 = 0.167,11-40-17-20-35-9 = 0.333,9-15-24-39-9 = 0.333,9-15-24-21-9 = 0.5,9-21-39-20-35-9 = 0.5,11-12-17-33-11 = 0.333,9-30-39-24-9 = 0.167,11-12-27-32-11 = 0.333,9-25-30-23-34-8 = 0.667,9-25-18-23-34-8 = 0.333,11-12-17-29-11 = 0.333
754,688,602.635,5.667,0.016,-0.733,755,756,11-14-11 = 0.167,9-37-9 = 1.0,8-22-16-41-11 = 0.167,8-22-16-41-14-11 = 0.833,8-19-38-36-8 = 1.0,11-31-13-26-11 = 0.5,11-28-31-26-11 = 0.5,11-28-13-11 = 0.167,11-40-33-29-11 = 0.333,11-17-33-29-11 = 0.667,11-12-18-39-9 = 0.333,11-12-27-32-9 = 0.667,9-30-20-35-9 = 0.667,11-40-28-13-11 = 0.333,11-40-17-27-32-11 = 0.333,9-15-24-39-9 = 0.333,9-15-24-21-9 = 0.667,9-21-39-20-35-9 = 0.333,9-25-30-23-34-8 = 0.333,9-25-18-23-34-8 = 0.667
752,262,602.668,6.667,0.016,-0.033,757,758,9-37-9 = 0.833,8-22-14-11 = 0.5,8-22-16-41-14-11 = 0.5,8-19-38-36-8 = 1.0,11-31-13-26-11 = 0.5,11-28-31-26-11 = 0.5,11-28-13-11 = 0.5,11-40-33-29-11 = 1.0,11-12-18-35-9 = 0.5,11-12-18-39-9 = 0.167,11-12-17-16-41-11 = 0.333,9-24-39-20-9 = 0.167,9-30-20-34-9 = 0.5,11-17-27-32-34-9 = 0.5,9-15-21-37-9 = 0.167,9-15-24-21-9 = 0.833,9-39-23-17-16-41-11 = 0.167,9-25-35-27-32-8 = 0.5,9-23-18-20-9 = 0.333,9-25-30-39-23-8 = 0.5
757,752,611.246,0.0,8.578,0.0,Prune by CG,,9-37-9 = 1.0,8-22-14-11 = 0.286,8-22-16-41-14-11 = 0.429,8-22-19-8 = 0.286,8-19-38-36-8 = 0.714,8-36-38-34-9 = 0.143,8-38-27-34-9 = 0.143,11-31-13-11 = 0.357,11-31-13-26-11 = 0.143,11-28-31-26-11 = 0.5,11-28-13-26-11 = 0.357,11-40-33-29-11 = 0.857,11-17-27-20-9 = 0.714,11-12-18-35-9 = 0.143,11-12-18-23-9 = 0.143,11-12-18-34-9 = 0.714,11-40-28-13-11 = 0.143,9-15-24-21-9 = 1.0,9-39-23-27-32-11 = 0.143,9-39-23-17-16-41-11 = 0.286,9-39-23-16-41-14-11 = 0.286,9-25-30-23-36-8 = 0.143,9-39-20-33-11 = 0.143,9-39-20-29-11 = 0.143,9-25-30-35-32-8 = 0.857
758,752,602.69,6.5,0.022,-0.167,759,760,9-37-9 = 0.833,8-22-14-11 = 0.5,8-22-16-41-14-11 = 0.5,8-19-38-36-8 = 1.0,11-31-13-11 = 0.5,11-28-31-26-11 = 0.5,11-28-13-26-11 = 0.5,11-40-33-29-11 = 1.0,11-17-27-20-9 = 0.083,11-12-18-35-9 = 0.333,11-12-18-39-9 = 0.25,11-12-17-16-41-11 = 0.417,9-24-39-20-9 = 0.167,9-30-20-34-9 = 0.333,11-17-27-32-34-9 = 0.333,9-15-21-37-9 = 0.167,9-15-24-21-9 = 0.833,9-23-18-17-41-11 = 0.083,9-30-39-23-34-9 = 0.25,11-16-17-20-34-9 = 0.083,9-25-35-27-32-8 = 0.583,9-23-18-20-9 = 0.333,9-25-30-39-23-8 = 0.333,9-25-30-35-32-8 = 0.083
759,758,607.531,0.0,4.841,0.0,Prune by CG,,9-37-9 = 0.833,8-22-14-11 = 0.5,8-22-16-41-14-11 = 0.5,8-19-38-36-8 = 1.0,11-31-13-11 = 0.5,11-28-31-26-11 = 0.5,11-28-13-26-11 = 0.5,11-40-33-29-11 = 1.0,11-17-27-20-9 = 0.5,11-12-18-39-9 = 0.333,11-12-18-34-9 = 0.167,11-12-17-20-9 = 0.5,9-15-21-37-9 = 0.167,9-15-24-34-9 = 0.167,9-15-24-21-9 = 0.667,9-21-24-39-34-9 = 0.167,9-30-39-23-34-9 = 0.5,9-25-35-27-32-8 = 0.5,9-23-18-16-41-11 = 0.5,9-25-30-35-32-8 = 0.5
444,135,602.783,5.333,1.111,-0.667,761,762,9-37-9 = 0.833,8-22-16-38-9 = 0.238,8-22-19-36-8 = 0.024,8-19-38-36-8 = 0.738,11-31-13-26-11 = 0.5,11-28-31-26-11 = 0.5,11-28-13-11 = 0.5,11-40-33-29-11 = 1.0,11-22-14-11 = 0.5,11-16-27-32-34-9 = 0.762,9-24-21-37-9 = 0.024,9-30-20-35-9 = 0.881,9-15-21-37-9 = 0.024,9-15-24-39-9 = 0.024,9-15-24-21-9 = 0.952,9-25-30-37-9 = 0.119,9-25-18-23-34-9 = 0.095,9-25-18-23-39-9 = 0.667,9-25-20-35-34-9 = 0.119,9-18-27-32-9 = 0.238,9-23-12-17-41-11 = 0.214,9-39-23-38-34-9 = 0.024,9-39-12-17-41-11 = 0.286,11-22-19-36-8 = 0.238,9-12-17-41-14-11 = 0.5
762,444,608.011,0.0,5.228,0.0,Prune by CG,,11-14-11 = 0.5,9-37-9 = 0.5,11-18-27-32-9 = 0.25,11-18-20-35-9 = 0.25,8-22-19-36-8 = 1.0,11-31-13-11 = 0.5,11-28-31-26-11 = 0.5,11-28-13-26-11 = 0.5,11-40-33-29-11 = 1.0,11-16-27-32-34-9 = 0.25,11-16-27-38-9 = 0.25,9-30-20-35-9 = 0.5,9-25-20-35-32-9 = 0.25,9-15-24-21-9 = 1.0,9-25-30-37-9 = 0.5,9-25-18-23-39-9 = 0.25,9-18-27-32-9 = 0.25,9-12-17-16-41-11 = 0.5,9-39-23-38-34-9 = 0.75,9-12-17-41-14-11 = 0.5
720,718,603.015,7.0,0.848,-2.5,763,764,9-37-9 = 0.667,8-22-14-11 = 0.5,8-22-16-41-14-11 = 0.5,8-19-38-36-8 = 1.0,11-31-13-11 = 0.5,11-28-31-26-11 = 0.5,11-28-13-26-11 = 0.5,11-40-33-29-11 = 0.5,11-17-33-29-11 = 0.5,9-25-20-35-32-9 = 0.333,9-15-21-37-9 = 0.333,9-15-24-39-9 = 0.333,9-15-24-21-9 = 0.333,9-21-39-27-34-9 = 0.333,9-25-30-20-9 = 0.667,11-12-18-23-8 = 1.0,11-40-17-16-41-11 = 0.5,9-30-39-24-9 = 0.333,9-35-27-32-34-9 = 0.667
577,191,602.626,8.412,0.343,0.412,765,766,8-36-8 = 0.059,9-37-9 = 0.588,8-22-14-11 = 0.5,8-22-19-8 = 0.265,8-19-38-36-8 = 0.735,8-12-27-34-9 = 0.029,8-23-27-38-8 = 0.059,8-23-12-27-8 = 0.147,11-31-13-26-11 = 0.5,11-28-31-26-11 = 0.5,11-28-13-11 = 0.5,11-40-33-29-11 = 0.735,11-22-16-17-41-11 = 0.235,11-17-16-41-14-11 = 0.235,8-23-12-32-34-9 = 0.206,11-16-17-27-32-11 = 0.265,9-24-21-37-9 = 0.088,9-30-20-35-9 = 0.382,11-40-17-16-41-14-11 = 0.265,9-15-21-37-9 = 0.088,9-15-24-39-9 = 0.206,9-15-24-21-9 = 0.706,9-21-39-20-35-9 = 0.118,9-25-30-37-9 = 0.235,9-25-18-23-34-9 = 0.382,9-12-18-39-9 = 0.088,9-25-30-39-34-9 = 0.382,11-41-33-29-11 = 0.265,9-39-23-38-36-8 = 0.206,11-27-20-35-9 = 0.5,9-18-12-32-8 = 0.529
701,464,602.692,5.429,0.045,-0.0,767,768,8-19-8 = 0.286,9-37-9 = 1.0,8-22-16-41-14-11 = 0.857,8-19-16-41-14-11 = 0.143,8-22-19-8 = 0.143,8-19-38-36-8 = 0.429,11-31-13-26-11 = 0.714,11-28-31-26-11 = 0.143,11-28-13-26-11 = 0.143,11-17-33-29-11 = 0.286,11-17-33-32-34-9 = 0.571,8-23-12-32-34-9 = 0.143,9-30-20-35-9 = 0.857,11-40-28-29-11 = 0.714,11-40-17-20-35-9 = 0.143,9-15-24-21-9 = 1.0,9-25-12-27-9 = 0.429,9-25-18-27-9 = 0.143,9-12-18-39-9 = 0.286,9-18-12-23-9 = 0.143,9-39-23-38-36-8 = 0.571,11-40-33-32-34-9 = 0.143,9-30-39-23-34-9 = 0.143,9-25-18-27-8 = 0.429,11-31-13-32-8 = 0.143
767,701,607.806,0.0,5.114,0.0,Prune by CG,,9-15-9 = 0.429,9-37-9 = 0.857,8-22-16-41-14-11 = 0.857,8-19-38-36-8 = 1.0,11-31-13-26-11 = 0.714,11-28-31-26-11 = 0.143,11-28-13-26-11 = 0.143,11-22-16-41-14-11 = 0.143,11-17-33-29-11 = 0.286,11-17-33-32-34-9 = 0.429,8-23-12-32-34-9 = 0.143,9-30-20-35-9 = 0.286,11-40-28-29-11 = 0.714,9-25-20-27-8 = 0.429,9-15-21-37-9 = 0.143,9-15-24-21-9 = 0.429,9-21-39-20-35-9 = 0.286,9-25-35-27-34-9 = 0.429,9-18-12-23-9 = 0.857,9-30-39-24-9 = 0.571,11-40-17-33-32-8 = 0.286,9-25-18-27-8 = 0.143,11-31-13-32-8 = 0.143,9-30-39-21-9 = 0.143
309,134,602.967,7.1,2.162,-1.757,769,770,8-19-8 = 0.1,9-37-9 = 0.5,11-18-27-32-8 = 0.05,8-22-14-11 = 0.85,8-19-38-36-8 = 0.9,8-22-16-17-41-11 = 0.15,11-31-13-26-11 = 0.5,11-28-31-26-11 = 0.5,11-28-13-11 = 0.5,11-40-33-29-11 = 0.85,11-12-18-39-9 = 0.1,11-12-27-32-9 = 0.05,11-41-27-32-34-9 = 0.25,11-16-17-27-32-11 = 0.4,9-30-35-27-9 = 0.25,11-40-17-16-41-14-11 = 0.15,9-15-21-37-9 = 0.5,9-15-24-21-9 = 0.5,9-25-20-35-34-9 = 0.75,9-25-30-20-9 = 0.25,11-41-33-29-11 = 0.15,9-39-23-38-36-8 = 0.1,11-12-18-23-8 = 0.6,11-18-12-32-8 = 0.25,9-30-39-24-9 = 0.5,9-39-23-17-16-41-11 = 0.3
770,309,609.315,0.0,6.348,0.0,Prune by CG,,9-37-9 = 0.053,11-41-11 = 0.263,11-18-27-32-11 = 0.053,8-22-14-11 = 1.0,8-19-38-36-8 = 1.0,11-31-13-11 = 0.5,11-28-31-26-11 = 0.5,11-28-13-26-11 = 0.5,11-40-33-29-11 = 0.711,11-41-27-32-34-9 = 0.079,11-16-17-27-32-11 = 0.711,11-25-20-35-32-11 = 0.079,9-15-21-37-9 = 0.947,9-15-24-21-9 = 0.053,9-25-20-35-34-9 = 0.895,9-25-30-20-9 = 0.026,11-41-33-29-11 = 0.289,11-12-18-23-8 = 0.947,11-40-17-16-41-11 = 0.289,9-30-39-24-9 = 0.947,11-12-27-32-11 = 0.053,9-30-35-27-8 = 0.026,11-41-27-32-34-8 = 0.026,9-39-23-27-41-11 = 0.053
632,131,602.714,7.0,0.36,-0.0,771,772,9-37-9 = 0.833,8-22-19-36-8 = 0.5,8-19-38-36-8 = 0.5,11-31-13-26-11 = 0.5,11-28-31-26-11 = 0.5,11-28-13-11 = 0.5,11-40-33-29-11 = 1.0,11-22-14-11 = 0.5,11-17-27-38-9 = 0.333,11-12-27-32-9 = 0.5,9-30-20-35-9 = 0.833,11-17-27-32-34-9 = 0.167,9-15-21-37-9 = 0.167,9-15-24-21-9 = 0.833,9-25-12-18-9 = 0.167,9-25-12-32-34-9 = 0.333,9-25-18-23-34-9 = 0.167,9-25-18-23-39-9 = 0.167,9-25-20-35-34-9 = 0.167,9-39-23-38-34-9 = 0.167,9-18-17-16-41-11 = 0.5,9-30-39-24-9 = 0.167,9-39-23-16-41-14-11 = 0.5
206,193,602.906,6.091,2.305,-1.327,773,774,11-14-11 = 0.318,8-19-8 = 0.636,8-22-16-41-11 = 0.318,8-22-16-41-14-11 = 0.682,8-19-38-36-8 = 0.364,11-31-13-11 = 0.5,11-28-31-26-11 = 0.5,11-28-13-26-11 = 0.5,11-40-33-29-11 = 1.0,11-17-20-35-34-9 = 0.364,11-17-27-20-9 = 0.273,11-17-27-32-34-9 = 0.364,9-15-24-21-9 = 1.0,9-25-30-37-9 = 1.0,9-18-12-32-9 = 0.455,9-39-23-27-32-11 = 0.182,9-39-23-38-36-8 = 0.636,11-27-20-35-9 = 0.182,9-39-20-35-34-8 = 0.182,9-18-12-35-9 = 0.273,9-18-12-34-9 = 0.091,9-18-12-23-8 = 0.182
774,206,606.231,0.0,3.325,0.0,Prune by CG,,11-14-11 = 0.5,9-37-9 = 0.25,8-22-16-41-11 = 0.25,8-22-16-41-14-11 = 0.5,8-19-16-41-11 = 0.25,8-22-19-8 = 0.25,8-19-38-36-8 = 0.5,11-31-13-26-11 = 0.5,11-28-31-26-11 = 0.5,11-28-13-11 = 0.5,11-40-33-29-11 = 1.0,11-17-27-20-9 = 0.75,8-23-12-32-34-9 = 0.25,11-17-27-32-34-9 = 0.25,9-15-21-37-9 = 0.25,9-15-24-21-9 = 0.75,9-25-30-35-34-9 = 0.25,9-25-30-37-9 = 0.5,9-39-23-38-36-8 = 0.5,9-18-12-35-9 = 0.5,9-18-12-32-8 = 0.25,9-23-18-20-9 = 0.25,9-25-30-39-34-8 = 0.25,9-24-39-35-32-8 = 0.25
773,206,601.901,6.286,-1.005,0.195,775,776,11-14-11 = 0.357,8-19-8 = 0.571,8-22-16-41-11 = 0.357,8-22-16-41-14-11 = 0.643,8-19-38-36-8 = 0.429,11-31-13-26-11 = 0.5,11-28-31-26-11 = 0.5,11-28-13-11 = 0.5,11-40-33-29-11 = 1.0,11-17-20-35-34-9 = 0.571,11-17-27-32-34-9 = 0.429,9-15-24-21-9 = 1.0,9-25-30-37-9 = 1.0,9-18-12-32-9 = 0.429,9-18-12-23-9 = 0.143,9-39-23-27-32-11 = 0.143,9-39-23-38-36-8 = 0.571,11-27-20-35-9 = 0.143,9-18-20-35-9 = 0.286,9-18-12-23-8 = 0.143,9-39-12-27-8 = 0.286
648,414,602.644,7.0,0.126,0.5,777,778,9-37-9 = 0.9,8-19-16-41-14-11 = 0.5,8-22-19-36-8 = 0.5,11-31-13-26-11 = 0.5,11-28-31-26-11 = 0.5,11-28-13-11 = 0.5,11-40-33-29-11 = 1.0,11-22-14-11 = 0.4,11-22-16-41-14-11 = 0.1,11-17-27-38-9 = 0.2,11-16-17-27-35-9 = 0.4,9-24-20-35-9 = 0.1,11-17-27-32-34-9 = 0.4,9-15-21-37-9 = 0.1,9-15-24-21-9 = 0.9,9-25-30-35-34-9 = 0.3,9-18-12-32-9 = 0.5,9-18-12-32-11 = 0.1,9-25-30-20-9 = 0.7,9-39-23-38-34-9 = 0.3,9-39-23-38-36-8 = 0.5,9-39-23-20-35-9 = 0.2,9-18-12-41-11 = 0.4
728,56,602.661,6.967,0.13,0.467,779,780,9-37-9 = 0.367,8-19-38-36-8 = 1.0,11-31-13-26-11 = 0.5,11-28-31-26-11 = 0.5,11-28-13-11 = 0.5,11-40-33-29-11 = 0.6,11-22-14-11 = 1.0,9-24-21-37-9 = 0.217,9-30-20-35-9 = 0.8,9-15-21-37-9 = 0.217,9-15-24-39-9 = 0.217,9-15-24-21-9 = 0.567,9-25-30-37-9 = 0.2,9-25-12-23-39-9 = 0.233,9-25-18-27-9 = 0.367,9-25-20-35-34-9 = 0.2,9-18-12-23-9 = 0.433,9-23-12-27-9 = 0.083,9-23-12-32-34-9 = 0.25,9-39-27-32-34-9 = 0.55,11-41-33-29-11 = 0.2,11-40-17-16-41-11 = 0.4,9-18-17-16-41-11 = 0.2,11-16-17-33-32-9 = 0.2,11-17-16-41-29-11 = 0.2
780,728,612.079,0.0,9.418,0.0,Prune by CG,,11-14-11 = 0.6,8-19-38-36-8 = 1.0,11-31-13-11 = 0.5,11-28-31-26-11 = 0.5,11-28-13-26-11 = 0.5,11-40-33-29-11 = 1.0,11-22-14-11 = 0.4,11-22-16-17-41-11 = 0.3,11-12-23-24-9 = 0.6,11-12-23-39-34-9 = 0.3,9-30-20-35-9 = 0.4,9-25-20-35-32-9 = 0.2,9-15-21-37-9 = 0.8,9-15-24-21-9 = 0.2,9-25-30-37-9 = 0.2,9-25-35-27-32-9 = 0.1,9-25-12-23-39-9 = 0.1,9-25-20-35-34-9 = 0.3,9-18-27-32-9 = 0.3,9-39-27-32-34-9 = 0.4,9-25-30-20-9 = 0.1,9-18-17-16-41-11 = 0.4,11-22-16-41-11 = 0.3,9-24-39-27-11 = 0.2,9-30-18-17-11 = 0.3
779,728,602.736,6.75,0.076,-0.217,781,782,9-37-9 = 0.5,8-19-38-36-8 = 1.0,11-31-13-11 = 0.25,11-31-13-26-11 = 0.25,11-28-31-26-11 = 0.5,11-28-13-26-11 = 0.25,11-40-33-29-11 = 0.5,11-22-14-11 = 1.0,9-24-21-37-9 = 0.125,9-30-20-35-9 = 0.75,11-40-28-13-11 = 0.25,9-15-21-37-9 = 0.125,9-15-24-39-9 = 0.125,9-15-24-21-9 = 0.75,9-25-30-37-9 = 0.25,9-25-12-23-39-9 = 0.25,9-25-18-27-9 = 0.25,9-25-20-35-34-9 = 0.25,9-18-12-23-9 = 0.5,9-23-12-27-9 = 0.125,9-23-12-32-34-9 = 0.125,9-39-27-32-34-9 = 0.625,11-41-33-29-11 = 0.25,11-40-17-16-41-11 = 0.25,9-18-17-16-41-11 = 0.25,11-16-17-33-32-9 = 0.25,11-17-16-41-29-11 = 0.25
581,579,602.689,8.0,0.373,0.333,783,784,11-14-11 = 0.5,9-37-9 = 0.667,8-22-16-41-14-11 = 0.5,8-19-38-36-8 = 1.0,8-22-16-17-41-11 = 0.5,11-31-13-26-11 = 0.5,11-28-31-26-11 = 0.5,11-40-33-29-11 = 0.5,11-17-33-29-11 = 0.5,11-12-18-23-9 = 0.333,11-12-20-35-9 = 0.667,9-30-20-35-9 = 0.167,11-40-28-13-11 = 0.5,9-15-24-39-9 = 0.333,9-15-24-21-9 = 0.667,9-21-39-20-35-9 = 0.167,9-25-30-37-9 = 0.333,9-25-30-39-21-9 = 0.167,9-25-18-23-34-9 = 0.167,9-25-30-39-34-9 = 0.333,9-23-27-32-34-8 = 0.5,9-18-27-32-8 = 0.5
393,194,602.675,7.81,1.056,0.476,785,786,11-14-11 = 0.143,8-19-8 = 0.179,8-36-8 = 0.179,9-37-9 = 0.274,8-22-14-11 = 0.357,8-19-38-36-8 = 0.821,8-23-12-27-9 = 0.143,11-31-13-11 = 0.5,11-28-31-26-11 = 0.5,11-28-13-26-11 = 0.5,11-40-33-29-11 = 0.714,8-23-39-20-35-9 = 0.107,11-22-16-41-14-11 = 0.5,11-17-33-29-11 = 0.286,11-17-20-35-34-9 = 0.107,8-23-12-32-34-9 = 0.214,9-24-21-37-9 = 0.048,9-30-20-35-9 = 0.357,11-17-27-32-34-9 = 0.143,11-40-17-20-35-9 = 0.286,9-15-21-37-9 = 0.048,9-15-24-39-9 = 0.202,9-15-24-21-9 = 0.75,9-21-39-20-35-9 = 0.143,9-25-30-37-9 = 0.631,9-25-30-39-21-9 = 0.012,9-39-23-27-34-9 = 0.536,11-17-27-38-8 = 0.179,9-25-18-16-41-11 = 0.357,11-22-16-41-11 = 0.143,9-18-12-32-8 = 0.643
760,758,602.702,6.8,0.011,0.3,787,788,9-37-9 = 0.8,8-22-14-11 = 0.5,8-22-16-41-14-11 = 0.5,8-19-38-36-8 = 1.0,11-31-13-11 = 0.5,11-28-31-26-11 = 0.5,11-28-13-26-11 = 0.5,11-40-33-29-11 = 0.9,11-17-33-29-11 = 0.1,11-12-18-35-9 = 0.4,11-12-18-39-9 = 0.2,11-12-17-16-41-11 = 0.4,9-24-39-20-9 = 0.2,9-30-20-34-9 = 0.4,11-17-27-32-34-9 = 0.4,9-15-21-37-9 = 0.2,9-15-24-21-9 = 0.8,11-40-17-16-41-11 = 0.1,9-30-39-23-34-9 = 0.2,9-25-35-27-32-8 = 0.6,9-23-18-20-9 = 0.4,9-25-30-39-23-8 = 0.4
788,760,606.052,0.0,3.35,0.0,Prune by CG,,9-37-9 = 1.0,8-22-14-11 = 0.375,8-22-16-41-14-11 = 0.625,8-19-38-36-8 = 1.0,11-31-13-11 = 0.25,11-31-13-26-11 = 0.25,11-28-31-26-11 = 0.5,11-28-13-26-11 = 0.25,11-40-33-29-11 = 0.75,11-17-33-29-11 = 0.25,11-12-18-39-9 = 0.5,11-12-17-16-41-11 = 0.25,11-12-23-39-35-9 = 0.25,11-25-30-39-23-8 = 0.25,9-30-20-34-9 = 0.75,11-17-27-32-34-9 = 0.25,11-40-28-13-11 = 0.25,9-15-24-21-9 = 1.0,9-23-18-17-16-11 = 0.125,9-23-18-17-41-11 = 0.125,9-25-35-27-32-8 = 0.75,9-23-18-20-9 = 0.25
252,181,603.149,6.0,2.285,-2.667,789,790,8-36-8 = 0.25,9-37-9 = 0.917,8-22-16-41-14-11 = 0.75,8-22-19-8 = 0.25,8-19-38-36-8 = 0.75,11-31-13-26-11 = 1.0,11-28-33-32-8 = 0.5,11-17-33-29-11 = 0.5,9-30-20-35-9 = 0.667,11-40-28-29-11 = 0.5,11-40-17-20-35-9 = 0.25,11-40-17-16-41-14-11 = 0.25,9-15-24-39-9 = 0.083,9-15-24-21-9 = 0.917,9-25-30-37-9 = 0.083,9-25-30-39-21-9 = 0.083,9-25-12-18-9 = 0.25,9-25-12-32-34-9 = 0.083,9-25-12-23-34-9 = 0.25,9-25-20-35-34-9 = 0.083,9-18-12-32-9 = 0.417,9-23-18-27-9 = 0.333,9-39-23-27-34-9 = 0.417,9-25-30-39-34-9 = 0.167,9-39-27-38-8 = 0.25
789,252,609.085,0.0,5.936,0.0,Prune by CG,,8-19-8 = 0.533,9-37-9 = 0.8,8-22-16-41-14-11 = 1.0,8-19-38-36-8 = 0.467,11-31-13-26-11 = 1.0,11-28-33-32-8 = 0.2,11-40-33-29-11 = 0.333,11-28-20-35-9 = 0.467,11-17-33-29-11 = 0.333,11-40-28-29-11 = 0.133,11-40-17-20-35-9 = 0.533,9-15-24-21-9 = 0.733,9-25-30-37-9 = 0.2,9-25-30-39-21-9 = 0.267,9-18-27-34-9 = 0.133,9-18-12-32-9 = 0.2,9-18-12-23-9 = 0.067,9-23-12-32-34-9 = 0.6,9-23-18-27-9 = 0.333,9-25-30-39-34-9 = 0.267,9-25-30-24-9 = 0.067,9-15-38-36-8 = 0.267,9-39-27-38-8 = 0.267,9-30-39-24-9 = 0.2,9-18-27-36-8 = 0.267,9-12-17-33-9 = 0.133,9-25-28-29-11 = 0.2
460,458,602.859,5.0,0.771,-0.667,791,792,11-14-11 = 0.167,9-37-9 = 1.0,8-22-16-41-11 = 0.167,8-22-16-41-14-11 = 0.833,8-19-38-36-8 = 1.0,11-31-13-26-11 = 0.5,11-28-31-26-11 = 0.5,11-28-13-11 = 0.167,11-40-33-29-11 = 0.333,11-17-33-29-11 = 0.667,11-12-18-39-9 = 0.333,11-12-18-23-9 = 0.667,9-30-20-35-9 = 0.667,11-40-28-13-11 = 0.333,11-40-17-20-35-9 = 0.333,9-15-24-21-9 = 1.0,9-39-23-27-32-11 = 0.333,9-25-30-39-34-8 = 0.333,9-25-27-32-34-8 = 0.667
742,495,603.041,4.375,0.228,-1.875,793,794,11-14-11 = 0.375,8-19-8 = 0.062,9-37-9 = 0.062,8-22-16-41-11 = 0.375,8-22-16-41-14-11 = 0.625,8-19-38-36-8 = 0.938,11-31-13-26-11 = 0.5,11-28-31-26-11 = 0.5,11-40-33-29-11 = 0.312,11-17-33-29-11 = 0.688,9-30-20-35-9 = 0.875,11-40-28-13-11 = 0.5,11-40-17-20-35-9 = 0.125,9-25-37-9 = 0.875,9-15-24-21-9 = 1.0,9-25-30-37-9 = 0.062,9-25-18-23-34-9 = 0.062,9-39-27-32-34-9 = 0.938,9-39-23-27-32-11 = 0.062,11-12-18-23-8 = 0.875,11-12-17-38-8 = 0.062,11-40-12-17-36-8 = 0.062,9-30-18-17-11 = 0.063
305,75,602.793,7.333,1.725,-0.167,795,796,11-14-11 = 0.056,9-37-9 = 0.778,8-27-20-35-9 = 0.333,8-22-19-8 = 0.556,8-19-38-36-8 = 0.444,8-23-27-32-34-9 = 0.222,11-31-13-11 = 0.5,11-28-31-26-11 = 0.5,11-28-13-26-11 = 0.5,11-40-33-29-11 = 1.0,11-22-14-11 = 0.194,11-22-16-41-14-11 = 0.25,11-12-17-16-41-11 = 0.5,8-18-27-32-8 = 0.444,9-30-20-35-9 = 0.556,9-15-24-39-9 = 0.111,9-15-24-21-9 = 0.889,9-21-39-20-35-9 = 0.111,9-25-30-37-9 = 0.222,9-25-18-32-34-9 = 0.333,9-25-18-23-34-9 = 0.222,9-25-30-39-34-9 = 0.222,9-39-23-38-36-8 = 0.556,11-12-17-16-14-11 = 0.25,11-12-17-41-14-11 = 0.25
638,243,602.899,6.182,0.578,-0.818,797,798,9-15-9 = 0.091,9-21-9 = 0.045,9-37-9 = 1.0,8-22-19-36-8 = 0.227,8-19-38-36-8 = 0.5,8-19-27-32-9 = 0.045,8-19-23-27-9 = 0.182,8-38-27-32-9 = 0.045,11-31-13-11 = 0.5,11-28-31-26-11 = 0.5,11-28-13-26-11 = 0.5,11-40-33-29-11 = 0.773,11-22-16-41-14-11 = 0.727,11-17-33-29-11 = 0.227,11-17-27-41-14-11 = 0.227,11-16-17-27-32-11 = 0.273,9-30-20-35-9 = 0.909,11-40-17-27-32-11 = 0.227,9-25-20-35-9 = 0.045,9-15-24-21-9 = 0.909,9-21-39-20-35-9 = 0.045,9-25-12-18-9 = 0.591,9-25-18-23-34-9 = 0.364,9-39-12-32-34-9 = 0.409,9-39-23-38-34-9 = 0.227,9-39-23-38-36-8 = 0.227,11-22-19-36-8 = 0.045,9-18-17-41-14-11 = 0.045,9-30-39-24-9 = 0.091
476,342,602.923,8.0,1.115,-1.0,799,800,11-14-11 = 0.5,9-37-9 = 0.5,8-22-16-41-11 = 0.5,8-22-16-41-14-11 = 0.5,8-19-38-36-8 = 1.0,11-31-13-26-11 = 0.5,11-28-31-26-11 = 0.5,11-17-33-29-11 = 1.0,9-30-20-35-9 = 0.5,11-40-28-13-11 = 0.5,9-15-24-39-9 = 0.5,9-15-24-21-9 = 0.5,9-21-39-20-35-9 = 0.5,9-25-30-37-9 = 0.5,11-12-18-23-8 = 0.5,11-40-12-32-34-9 = 0.5,9-25-27-32-34-9 = 0.5,9-23-18-27-8 = 0.5
401,367,602.764,7.667,1.153,0.167,801,802,8-19-8 = 0.167,8-36-8 = 0.167,9-37-9 = 0.333,11-18-20-35-9 = 0.333,8-22-14-11 = 0.667,8-19-38-36-8 = 0.833,11-31-13-26-11 = 0.5,11-28-31-26-11 = 0.5,11-28-13-11 = 0.5,11-40-33-29-11 = 0.667,11-22-16-41-14-11 = 0.333,11-17-33-29-11 = 0.333,8-18-20-35-9 = 0.167,11-12-17-16-41-11 = 0.667,9-30-20-35-9 = 0.5,9-15-21-37-9 = 0.167,9-15-24-21-9 = 0.833,9-25-30-37-9 = 0.5,9-25-18-23-34-9 = 0.5,9-39-27-32-34-9 = 0.167,11-40-12-32-34-9 = 0.333,9-39-27-38-8 = 0.167,9-39-23-27-32-8 = 0.5,9-24-39-27-8 = 0.167
802,401,612.85,0.0,10.086,0.0,Prune by CG,,11-26-11 = 0.278,11-18-20-35-9 = 0.778,8-22-14-11 = 1.0,8-19-38-36-8 = 1.0,11-31-13-11 = 0.278,11-31-13-26-11 = 0.222,11-28-31-26-11 = 0.5,11-28-13-11 = 0.5,11-40-33-29-11 = 0.889,11-12-17-16-41-11 = 0.889,11-25-30-37-9 = 0.111,11-17-20-35-34-8 = 0.111,9-15-24-21-9 = 1.0,9-25-30-37-9 = 0.889,9-23-18-32-34-9 = 0.111,9-39-27-32-34-9 = 0.111,9-39-23-27-32-11 = 0.222,11-41-33-29-11 = 0.111,9-39-23-27-32-8 = 0.222,11-12-32-34-8 = 0.111,9-39-23-27-34-8 = 0.444,11-16-20-35-32-11 = 0.111,11-40-18-32-34-8 = 0.111
656,384,602.673,6.467,0.136,0.689,803,804,11-14-11 = 0.3,9-37-9 = 0.667,11-18-20-35-9 = 0.2,8-19-38-36-8 = 1.0,11-31-13-11 = 0.5,11-28-31-26-11 = 0.5,11-28-13-26-11 = 0.5,11-40-33-29-11 = 1.0,11-22-16-41-14-11 = 0.7,9-30-20-35-9 = 0.467,9-15-24-39-9 = 0.2,9-15-24-21-9 = 0.8,9-25-30-37-9 = 0.333,9-25-30-39-21-9 = 0.2,9-25-18-27-9 = 0.133,9-25-20-35-34-9 = 0.333,9-18-27-32-11 = 0.2,9-18-27-34-9 = 0.267,9-23-12-17-32-9 = 0.6,9-39-23-27-34-9 = 0.4,9-39-12-17-32-9 = 0.2,11-22-16-41-11 = 0.3,9-18-12-17-9 = 0.2
804,656,608.565,0.0,5.892,0.0,Prune by CG,,11-14-11 = 0.05,9-37-9 = 1.0,8-19-38-34-9 = 0.3,8-19-38-36-8 = 0.45,8-23-12-17-32-9 = 0.25,11-31-13-11 = 0.5,11-28-31-26-11 = 0.5,11-28-13-26-11 = 0.5,11-40-33-29-11 = 1.0,11-22-14-11 = 0.15,11-22-16-41-14-11 = 0.6,9-30-20-35-9 = 0.6,9-15-24-39-9 = 0.35,9-15-24-21-9 = 0.65,9-25-30-39-21-9 = 0.35,9-25-35-27-34-9 = 0.05,9-25-20-35-34-9 = 0.35,9-18-27-32-11 = 0.3,9-23-12-17-32-9 = 0.45,9-39-23-27-34-9 = 0.3,9-25-30-20-9 = 0.05,11-22-19-36-8 = 0.25,9-25-18-16-41-11 = 0.2,11-18-38-36-8 = 0.25,9-18-27-36-8 = 0.05,9-12-17-27-9 = 0.3,11-18-16-41-14-11 = 0.2
803,656,602.673,6.467,0.0,-0.0,805,806,11-14-11 = 0.3,9-37-9 = 0.667,11-18-20-35-9 = 0.2,8-19-38-36-8 = 1.0,11-31-13-11 = 0.5,11-28-31-26-11 = 0.5,11-28-13-26-11 = 0.5,11-40-33-29-11 = 1.0,11-22-16-41-14-11 = 0.7,9-30-20-35-9 = 0.467,9-15-24-39-9 = 0.2,9-15-24-21-9 = 0.8,9-25-30-37-9 = 0.333,9-25-30-39-21-9 = 0.2,9-25-18-27-9 = 0.133,9-25-20-35-34-9 = 0.333,9-18-27-34-9 = 0.467,9-23-12-17-32-9 = 0.6,9-39-23-27-32-11 = 0.2,9-39-23-27-34-9 = 0.2,9-39-12-17-32-9 = 0.2,11-22-16-41-11 = 0.3,9-18-12-17-9 = 0.2
787,760,602.872,6.333,0.17,-0.467,807,808,9-37-9 = 0.833,8-22-14-11 = 0.5,8-22-16-41-14-11 = 0.5,8-19-38-36-8 = 1.0,11-31-13-11 = 0.5,11-28-31-26-11 = 0.5,11-28-13-26-11 = 0.5,11-40-33-29-11 = 1.0,11-12-18-35-9 = 0.583,11-12-17-16-41-11 = 0.417,9-24-39-20-9 = 0.167,9-30-20-34-9 = 0.333,11-17-27-32-34-9 = 0.5,9-15-21-37-9 = 0.167,9-15-24-21-9 = 0.833,9-18-17-16-41-11 = 0.083,9-30-39-23-34-9 = 0.083,9-39-27-20-9 = 0.083,9-25-35-27-32-8 = 0.417,9-23-18-20-9 = 0.333,9-39-20-32-34-9 = 0.083,9-25-30-39-23-8 = 0.583
808,787,606.534,0.0,3.662,0.0,Prune by CG,,9-37-9 = 1.0,8-22-14-11 = 0.333,8-22-16-41-14-11 = 0.667,8-19-16-41-11 = 0.167,8-19-38-36-8 = 0.833,11-31-13-11 = 0.167,11-31-13-26-11 = 0.333,11-28-31-26-11 = 0.5,11-28-13-26-11 = 0.167,11-40-33-29-11 = 0.667,11-17-33-29-11 = 0.333,11-12-18-35-9 = 0.833,11-12-17-16-41-11 = 0.167,9-30-20-34-9 = 0.333,11-17-27-32-34-9 = 0.5,11-40-28-13-11 = 0.333,9-15-24-21-9 = 1.0,9-25-35-27-32-8 = 0.167,9-23-18-20-9 = 0.167,9-25-30-39-23-8 = 0.5,9-25-39-23-38-8 = 0.167,9-25-30-39-36-8 = 0.167,9-23-27-20-9 = 0.167,9-20-27-32-11 = 0.167,9-39-20-32-34-8 = 0.167
442,65,602.816,7.0,0.893,-0.0,809,810,9-37-9 = 0.833,11-18-27-32-8 = 0.333,11-18-27-34-9 = 0.167,8-22-14-11 = 0.25,8-22-16-41-14-11 = 0.25,8-22-19-8 = 0.5,8-19-38-36-8 = 0.5,8-23-12-17-41-11 = 0.167,8-23-12-41-14-11 = 0.167,11-31-13-26-11 = 0.5,11-28-31-26-11 = 0.5,11-28-13-11 = 0.5,11-40-33-29-11 = 1.0,11-41-27-32-34-9 = 0.083,11-16-27-32-34-9 = 0.083,11-16-17-20-35-9 = 0.667,8-23-18-27-8 = 0.167,9-30-20-35-9 = 0.333,11-17-27-32-34-9 = 0.167,9-15-24-21-9 = 1.0,9-25-30-37-9 = 0.167,9-18-12-32-11 = 0.333,9-25-30-39-34-9 = 0.5,9-39-23-38-36-8 = 0.5,9-25-12-41-14-11 = 0.333
424,292,602.818,9.0,1.536,0.0,811,812,9-37-9 = 0.5,8-22-14-11 = 0.5,8-22-16-41-14-11 = 0.5,8-19-38-36-8 = 0.5,8-19-36-8 = 0.5,11-31-13-26-11 = 0.5,11-28-31-26-11 = 0.5,11-28-13-11 = 0.5,11-40-33-29-11 = 1.0,11-12-27-34-9 = 0.5,11-18-12-32-9 = 0.5,9-24-20-35-9 = 0.5,9-30-20-35-9 = 0.5,11-17-27-32-34-9 = 0.5,9-15-21-37-9 = 0.5,9-15-24-21-9 = 0.5,9-18-17-16-41-11 = 0.5,9-25-30-39-23-8 = 0.5,9-25-39-23-38-8 = 0.5
582,579,603.326,4.0,1.01,-3.667,813,814,11-14-11 = 0.5,8-22-16-41-14-11 = 0.5,8-19-38-36-8 = 1.0,8-22-16-17-41-11 = 0.5,11-31-13-26-11 = 0.5,11-28-31-26-11 = 0.5,11-40-33-29-11 = 0.5,11-17-33-29-11 = 0.5,11-12-18-39-9 = 1.0,9-30-20-35-9 = 1.0,11-40-28-13-11 = 0.5,9-25-37-9 = 1.0,9-15-24-21-9 = 1.0,9-23-27-32-34-8 = 1.0
813,582,607.482,0.0,4.155,0.0,Prune by CG,,11-14-11 = 1.0,8-19-38-36-8 = 1.0,8-22-16-17-41-11 = 1.0,11-31-13-26-11 = 0.5,11-28-31-26-11 = 0.5,11-28-13-11 = 0.5,11-40-33-29-11 = 1.0,11-12-18-39-9 = 1.0,9-30-20-35-9 = 1.0,9-25-37-9 = 1.0,9-15-24-21-9 = 1.0,9-23-27-32-34-8 = 1.0
646,70,602.848,6.0,0.258,-0.074,815,816,11-14-11 = 0.333,9-37-9 = 0.722,8-19-16-41-14-11 = 0.167,8-22-19-36-8 = 0.833,11-31-13-11 = 0.5,11-28-31-26-11 = 0.5,11-28-13-26-11 = 0.5,11-40-33-29-11 = 1.0,11-12-17-16-41-11 = 0.5,11-22-16-38-9 = 0.167,9-30-20-35-9 = 0.556,9-25-20-35-32-9 = 0.028,9-15-24-39-9 = 0.083,9-15-24-21-9 = 0.917,9-21-39-20-35-9 = 0.083,9-25-30-37-9 = 0.278,9-25-35-27-32-9 = 0.167,9-25-18-27-9 = 0.028,9-25-18-23-34-9 = 0.167,9-25-20-35-34-9 = 0.167,9-18-27-32-9 = 0.806,9-25-30-20-9 = 0.167,9-39-23-38-34-9 = 0.667,9-39-23-38-36-8 = 0.167,11-12-17-16-14-11 = 0.167,11-12-17-41-14-11 = 0.333
816,646,606.548,0.0,3.7,0.0,Prune by CG,,9-15-9 = 0.071,9-21-9 = 0.071,9-37-9 = 1.0,8-22-16-38-9 = 0.143,8-19-16-41-14-11 = 0.5,8-22-16-32-34-9 = 0.357,11-31-13-26-11 = 0.5,11-28-31-26-11 = 0.5,11-28-13-11 = 0.5,11-40-33-29-11 = 1.0,11-12-18-17-11 = 0.5,9-30-20-35-9 = 0.643,9-15-24-21-9 = 0.929,9-25-35-27-32-9 = 0.286,9-25-18-27-9 = 0.286,9-25-20-35-34-9 = 0.071,9-18-27-32-9 = 0.143,9-23-27-32-34-9 = 0.071,9-23-18-27-9 = 0.071,9-39-27-32-34-9 = 0.143,9-25-30-20-9 = 0.286,9-25-30-24-9 = 0.071,9-39-23-38-34-9 = 0.357,9-39-23-38-36-8 = 0.5,11-22-19-36-8 = 0.5,11-12-17-41-14-11 = 0.5
653,395,603.052,6.5,0.672,-1.5,817,818,8-19-8 = 1.0,9-37-9 = 0.167,8-22-16-41-14-11 = 1.0,11-31-13-26-11 = 0.5,11-28-31-26-11 = 0.5,11-28-13-11 = 0.5,11-40-33-29-11 = 0.5,11-17-33-29-11 = 0.5,11-12-18-34-9 = 0.083,11-12-27-34-9 = 0.5,11-18-12-32-9 = 0.167,11-12-20-35-9 = 0.25,9-24-21-37-9 = 0.083,9-30-20-35-9 = 0.417,11-40-17-27-32-11 = 0.5,9-15-21-37-9 = 0.167,9-15-24-39-9 = 0.083,9-15-24-21-9 = 0.75,9-25-30-37-9 = 0.583,9-25-18-32-34-9 = 0.333,9-25-18-23-34-9 = 0.083,9-39-23-38-36-8 = 0.917,9-24-38-36-8 = 0.083,9-18-20-35-9 = 0.333
817,653,608.597,0.0,5.546,0.0,Prune by CG,,8-19-8 = 0.667,8-22-14-11 = 0.083,8-22-16-41-14-11 = 0.917,8-19-27-32-11 = 0.167,11-31-13-26-11 = 0.5,11-28-31-26-11 = 0.5,11-28-13-11 = 0.5,11-40-33-29-11 = 0.583,11-17-33-29-11 = 0.333,11-12-18-34-9 = 0.833,11-16-17-27-32-11 = 0.083,11-18-12-32-9 = 0.167,9-30-20-35-9 = 0.667,11-17-27-32-34-9 = 0.167,11-40-17-27-32-11 = 0.417,9-25-37-9 = 0.667,9-15-24-21-9 = 1.0,9-25-30-37-9 = 0.333,11-41-33-29-11 = 0.083,9-39-23-38-36-8 = 0.833,9-20-35-38-8 = 0.167,9-39-20-35-36-8 = 0.167,8-19-23-27-8 = 0.167
806,803,602.856,6.444,0.183,-0.022,819,820,11-14-11 = 0.333,9-37-9 = 0.611,11-18-20-35-9 = 0.167,8-19-38-36-8 = 1.0,11-31-13-11 = 0.5,11-28-31-26-11 = 0.5,11-28-13-26-11 = 0.5,11-40-33-29-11 = 1.0,11-22-16-41-14-11 = 0.667,9-30-20-35-9 = 0.444,9-30-18-39-9 = 0.167,9-15-24-21-9 = 1.0,9-25-30-37-9 = 0.389,9-25-18-27-9 = 0.222,9-25-20-35-34-9 = 0.389,9-18-27-34-9 = 0.278,9-23-12-17-32-9 = 0.5,9-39-23-27-32-11 = 0.167,9-39-23-27-34-9 = 0.333,9-39-12-17-32-9 = 0.333,11-22-16-41-11 = 0.333,9-18-12-17-9 = 0.167
820,806,611.329,0.0,8.472,0.0,Prune by CG,,11-14-11 = 0.045,9-15-9 = 0.091,9-37-9 = 1.0,11-18-20-35-9 = 0.364,8-19-38-36-8 = 0.455,11-31-13-11 = 0.5,11-28-31-26-11 = 0.5,11-28-13-26-11 = 0.5,11-40-33-29-11 = 1.0,8-19-18-39-9 = 0.273,11-22-16-41-14-11 = 0.955,11-18-30-21-9 = 0.091,9-30-20-35-9 = 0.273,9-15-24-21-9 = 0.909,9-25-30-23-34-9 = 0.182,9-25-35-27-32-11 = 0.364,9-23-12-17-32-9 = 0.091,9-39-23-27-32-11 = 0.091,9-39-23-27-34-9 = 0.091,9-25-30-20-9 = 0.364,9-25-30-24-9 = 0.091,9-39-23-38-36-8 = 0.545,11-22-16-41-11 = 0.045,8-19-18-34-9 = 0.273,9-12-17-27-9 = 0.455,9-12-17-32-34-9 = 0.455
641,156,602.871,7.333,0.215,-0.111,821,822,8-36-8 = 0.167,9-37-9 = 1.0,8-22-16-41-14-11 = 0.361,8-22-19-8 = 0.333,8-22-19-36-8 = 0.306,8-19-38-36-8 = 0.361,11-31-13-26-11 = 0.278,11-28-31-26-11 = 0.583,11-28-31-14-11 = 0.139,11-28-13-26-11 = 0.139,11-40-33-29-11 = 0.056,11-17-33-29-11 = 0.361,8-12-18-34-9 = 0.056,11-12-18-34-9 = 0.083,11-16-17-20-35-9 = 0.139,8-23-12-32-34-9 = 0.417,9-30-20-35-9 = 0.861,11-40-17-16-41-14-11 = 0.5,9-25-13-29-11 = 0.444,9-15-24-39-9 = 0.139,9-15-24-21-9 = 0.861,9-25-30-39-21-9 = 0.139,9-25-12-18-9 = 0.417,9-12-18-39-9 = 0.028,9-23-18-27-9 = 0.417,11-41-33-29-11 = 0.139,9-39-23-38-36-8 = 0.111,11-40-33-32-34-9 = 0.444,9-39-27-38-8 = 0.528,9-39-23-27-36-8 = 0.056,11-28-13-32-8 = 0.139
497,496,602.759,7.478,0.842,0.659,823,824,11-14-11 = 0.131,8-19-8 = 0.299,8-36-8 = 0.149,9-37-9 = 0.47,8-22-16-41-14-11 = 0.869,8-22-16-38-8 = 0.056,8-19-38-36-8 = 0.627,11-31-13-11 = 0.5,11-28-31-26-11 = 0.5,11-28-13-26-11 = 0.5,11-40-33-29-11 = 0.72,11-17-33-29-11 = 0.28,11-12-18-17-11 = 0.369,11-12-18-23-9 = 0.078,11-18-12-32-9 = 0.022,11-12-20-35-9 = 0.474,11-17-20-35-32-8 = 0.071,9-30-20-35-9 = 0.44,9-15-24-21-9 = 1.0,9-25-30-35-34-9 = 0.015,9-25-30-37-9 = 0.53,9-25-18-23-34-9 = 0.455,9-39-27-32-34-9 = 0.515,11-22-19-8 = 0.075,9-39-27-38-8 = 0.093,11-40-12-17-41-11 = 0.056,11-40-17-38-36-8 = 0.224,9-30-20-34-8 = 0.015,9-39-23-27-32-8 = 0.392,9-23-18-16-41-11 = 0.075
824,497,606.701,0.0,3.942,0.0,Prune by CG,,8-36-8 = 0.4,9-37-9 = 0.4,11-18-20-35-9 = 0.2,8-22-16-41-14-11 = 0.6,8-22-16-38-8 = 0.2,8-19-16-38-8 = 0.2,8-19-38-36-8 = 0.6,11-31-13-11 = 0.4,11-31-13-26-11 = 0.2,11-28-31-26-11 = 0.4,11-28-29-11 = 0.2,11-28-13-26-11 = 0.4,11-40-33-29-11 = 0.8,11-12-18-17-11 = 0.2,9-30-20-35-9 = 0.6,11-40-17-20-35-9 = 0.2,9-25-37-9 = 0.2,9-15-24-21-9 = 1.0,9-25-30-37-9 = 0.4,9-25-18-23-34-9 = 0.4,9-39-27-32-34-9 = 0.4,9-39-23-27-34-9 = 0.2,11-12-17-33-11 = 0.2,11-22-19-8 = 0.2,11-18-12-32-11 = 0.2,11-12-17-41-14-11 = 0.4,9-39-23-27-32-8 = 0.4
507,279,603.129,5.0,1.303,-2.0,825,826,11-26-11 = 0.5,9-37-9 = 0.333,8-22-16-41-14-11 = 1.0,8-19-38-36-8 = 1.0,11-31-13-11 = 0.5,11-28-31-26-11 = 0.5,11-28-13-11 = 0.5,11-40-33-29-11 = 1.0,9-24-21-37-9 = 0.333,9-30-20-35-9 = 1.0,9-15-21-37-9 = 0.333,9-15-24-39-9 = 0.333,9-15-24-21-9 = 0.333,9-25-12-18-9 = 0.333,9-25-12-23-39-9 = 0.333,9-25-18-23-39-9 = 0.333,9-18-12-23-9 = 0.333,11-17-27-32-34-8 = 1.0
826,507,605.927,0.0,2.798,0.0,Prune by CG,,11-26-11 = 0.5,8-22-16-41-14-11 = 1.0,8-19-38-36-8 = 0.5,8-19-36-8 = 0.5,11-31-13-11 = 0.5,11-28-31-26-11 = 0.5,11-28-13-11 = 0.5,11-40-33-29-11 = 1.0,9-24-21-37-9 = 0.25,9-30-20-35-9 = 1.0,9-15-21-37-9 = 0.75,9-25-12-32-34-9 = 0.25,9-25-18-23-34-9 = 0.25,9-12-18-39-9 = 0.5,9-18-12-32-9 = 0.25,11-17-27-38-8 = 0.5,11-17-27-32-34-8 = 0.5,9-25-39-23-24-9 = 0.5,9-15-23-24-9 = 0.25
676,674,602.887,6.0,0.615,-0.0,827,828,11-14-11 = 0.5,9-37-9 = 0.333,8-19-38-36-8 = 1.0,11-31-13-26-11 = 0.5,11-28-31-26-11 = 0.5,11-28-13-11 = 0.5,11-40-33-29-11 = 1.0,11-22-16-41-14-11 = 0.5,9-30-20-35-9 = 0.333,9-15-21-37-9 = 0.667,9-15-24-21-9 = 0.333,9-25-20-35-34-9 = 0.667,9-23-18-27-9 = 1.0,9-25-30-24-9 = 0.333,9-39-12-17-32-9 = 0.667,9-30-39-24-9 = 0.333,11-22-16-41-11 = 0.5,9-12-17-32-34-9 = 0.333
827,676,606.775,0.0,3.888,0.0,Prune by CG,,11-14-11 = 0.5,8-19-38-36-8 = 1.0,11-31-13-26-11 = 0.5,11-28-31-26-11 = 0.5,11-28-13-11 = 0.5,11-40-33-29-11 = 1.0,11-22-16-41-14-11 = 0.5,9-25-20-35-9 = 1.0,9-15-21-37-9 = 1.0,9-23-18-27-9 = 1.0,9-30-39-24-9 = 1.0,11-22-16-41-11 = 0.5,9-12-17-32-34-9 = 1.0
650,636,602.808,6.833,0.231,0.5,829,830,8-19-8 = 0.417,9-37-9 = 0.75,8-22-16-41-14-11 = 1.0,8-19-38-36-8 = 0.583,11-31-13-11 = 0.5,11-28-31-26-11 = 0.5,11-28-13-26-11 = 0.5,11-40-33-29-11 = 1.0,9-30-35-27-9 = 0.25,11-17-27-32-34-9 = 0.5,9-15-21-37-9 = 0.25,9-15-24-21-9 = 0.75,9-25-20-35-34-9 = 0.417,9-39-23-27-32-11 = 0.083,9-39-23-27-35-9 = 0.167,9-25-30-20-9 = 0.417,9-39-23-38-36-8 = 0.417,11-12-18-23-8 = 0.25,11-18-12-32-11 = 0.417,9-30-39-24-9 = 0.25,9-30-39-23-34-9 = 0.083,9-25-17-20-35-9 = 0.167,11-12-18-17-8 = 0.333
487,172,602.944,7.667,0.807,-0.333,831,832,9-37-9 = 0.667,8-22-14-11 = 0.5,8-22-16-41-14-11 = 0.5,8-19-38-36-8 = 1.0,11-31-13-26-11 = 0.5,11-28-31-26-11 = 0.5,11-28-13-11 = 0.5,11-40-33-29-11 = 0.5,11-17-33-29-11 = 0.5,11-12-23-39-21-9 = 0.167,11-25-20-35-32-8 = 0.167,9-30-18-39-9 = 0.167,9-30-18-23-9 = 0.333,9-15-21-37-9 = 0.333,9-15-24-39-9 = 0.167,9-15-24-21-9 = 0.5,9-25-20-35-34-9 = 0.833,9-23-18-27-9 = 0.333,11-40-17-16-41-11 = 0.5,9-30-39-24-9 = 0.333,9-30-39-23-34-9 = 0.167,11-12-27-32-8 = 0.667,9-18-12-32-8 = 0.167
212,210,603.021,5.895,3.066,-0.939,833,834,11-14-11 = 0.474,9-37-9 = 0.368,8-22-16-41-11 = 0.447,8-22-16-41-14-11 = 0.526,8-19-16-41-11 = 0.026,8-19-38-36-8 = 0.921,8-19-23-24-9 = 0.026,8-23-12-27-9 = 0.026,11-31-13-11 = 0.5,11-28-31-26-11 = 0.5,11-28-13-26-11 = 0.5,11-40-33-29-11 = 1.0,8-23-39-20-35-9 = 0.026,9-24-39-37-9 = 0.079,9-30-20-35-9 = 0.974,11-17-27-32-34-9 = 0.895,9-15-21-37-9 = 0.553,9-15-24-39-9 = 0.447,9-21-39-23-24-9 = 0.447,9-18-12-23-9 = 0.158,11-17-27-38-8 = 0.079,11-22-19-8 = 0.026,9-25-18-23-36-8 = 0.053,9-25-12-23-36-8 = 0.026,9-25-18-12-8 = 0.684,11-25-30-23-17-11 = 0.026,9-25-18-23-34-8 = 0.105,9-25-23-12-32-8 = 0.105
822,641,602.888,7.378,0.017,0.045,835,836,8-36-8 = 0.162,9-37-9 = 1.0,8-22-16-41-14-11 = 0.36,8-22-19-8 = 0.351,8-22-19-36-8 = 0.288,8-19-38-36-8 = 0.36,11-31-13-26-11 = 0.153,11-28-31-26-11 = 0.577,11-28-31-14-11 = 0.144,11-28-13-26-11 = 0.27,11-40-33-29-11 = 0.414,11-17-33-32-34-9 = 0.36,8-12-18-34-9 = 0.072,11-12-18-34-9 = 0.081,11-16-17-20-35-9 = 0.144,8-23-12-32-34-9 = 0.405,9-30-20-35-9 = 0.856,11-40-17-16-41-14-11 = 0.495,9-25-13-29-11 = 0.441,9-15-24-39-9 = 0.144,9-15-24-21-9 = 0.856,9-25-30-39-21-9 = 0.144,9-25-12-18-9 = 0.414,9-18-12-32-9 = 0.027,9-23-18-27-9 = 0.405,11-41-33-29-11 = 0.144,9-39-23-38-36-8 = 0.117,11-40-28-13-9 = 0.009,11-40-33-32-34-9 = 0.081,9-39-27-38-8 = 0.523,9-39-23-27-36-8 = 0.072,11-31-13-32-8 = 0.126
835,822,606.841,0.0,3.953,0.0,Prune by CG,,8-19-8 = 0.034,8-36-8 = 0.172,9-37-9 = 1.0,8-22-16-41-14-11 = 0.828,8-22-19-8 = 0.172,8-19-38-36-8 = 0.793,11-31-13-26-11 = 0.345,11-28-31-26-11 = 0.655,11-40-33-29-11 = 0.172,11-17-33-29-11 = 0.517,11-12-18-34-9 = 0.483,9-30-20-35-9 = 0.862,9-25-13-29-11 = 0.31,9-25-20-35-9 = 0.034,9-15-24-39-9 = 0.241,9-15-24-21-9 = 0.759,9-21-39-20-35-9 = 0.103,9-25-30-39-21-9 = 0.138,9-23-18-27-9 = 0.517,9-25-17-16-41-14-11 = 0.172,9-39-23-38-36-8 = 0.034,11-40-12-32-34-9 = 0.379,11-40-12-23-34-9 = 0.138,9-39-27-38-8 = 0.172,11-40-17-33-32-8 = 0.31,9-25-28-13-9 = 0.345,9-39-23-27-32-8 = 0.31
699,698,602.894,8.312,0.204,0.09,837,838,11-14-11 = 0.125,9-15-9 = 0.219,8-19-8 = 0.594,8-36-8 = 0.188,9-37-9 = 1.0,8-22-14-11 = 0.812,8-22-19-8 = 0.188,8-19-38-36-8 = 0.219,11-31-13-26-11 = 0.5,11-28-31-26-11 = 0.5,11-28-13-11 = 0.5,11-40-33-29-11 = 0.563,11-16-17-20-35-9 = 0.437,11-12-17-16-41-11 = 0.5,9-30-20-35-9 = 0.469,11-40-17-16-41-14-11 = 0.062,9-15-24-21-9 = 0.781,9-25-30-39-21-9 = 0.219,9-25-35-27-32-9 = 0.063,9-25-18-27-9 = 0.187,9-18-27-32-9 = 0.313,9-18-27-34-9 = 0.406,9-23-12-32-34-9 = 0.125,9-23-18-32-34-9 = 0.094,9-25-30-20-9 = 0.094,9-25-30-24-9 = 0.219,11-41-33-29-11 = 0.437,9-39-23-38-36-8 = 0.594,11-40-12-32-34-9 = 0.375,9-25-35-27-32-8 = 0.031,9-25-39-23-38-8 = 0.188
837,699,608.157,0.0,5.263,0.0,Prune by CG,,11-14-11 = 0.5,9-15-9 = 0.167,8-36-8 = 0.5,9-37-9 = 1.0,8-22-14-11 = 0.25,8-22-16-41-14-11 = 0.25,8-22-19-8 = 0.5,8-19-38-36-8 = 0.5,11-31-13-26-11 = 0.5,11-28-31-26-11 = 0.5,11-28-13-11 = 0.5,11-40-33-29-11 = 0.75,11-16-17-20-35-9 = 0.25,11-12-17-16-41-11 = 0.5,9-30-20-35-9 = 0.333,9-25-20-35-32-9 = 0.417,9-15-24-21-9 = 0.667,9-21-39-23-38-8 = 0.333,9-25-12-17-32-9 = 0.25,9-18-27-34-9 = 0.75,9-23-18-27-9 = 0.25,11-41-33-29-11 = 0.25,9-15-23-38-8 = 0.167,11-40-12-23-34-9 = 0.25,9-30-39-24-9 = 0.333,9-25-30-39-32-9 = 0.333
628,118,602.773,6.974,0.118,0.974,839,840,8-19-8 = 0.368,9-37-9 = 0.842,8-22-14-11 = 0.263,8-22-16-41-14-11 = 0.737,8-19-38-36-8 = 0.632,11-31-13-26-11 = 0.5,11-28-31-26-11 = 0.5,11-28-13-11 = 0.5,11-40-33-29-11 = 1.0,11-17-27-20-9 = 0.053,11-16-17-20-35-9 = 0.263,9-30-20-35-9 = 0.526,11-17-27-32-34-9 = 0.053,9-15-24-39-9 = 0.158,9-15-24-21-9 = 0.842,9-21-39-20-35-9 = 0.158,9-25-30-37-9 = 0.158,9-25-18-23-34-9 = 0.263,9-25-30-39-34-9 = 0.316,9-39-23-38-36-8 = 0.368,11-12-18-23-8 = 0.368,11-12-27-32-11 = 0.368,9-25-18-17-32-9 = 0.211,9-25-18-17-35-9 = 0.053,9-18-17-32-34-9 = 0.105,11-17-27-32-34-8 = 0.263,11-12-27-41-11 = 0.263
839,628,610.363,0.0,7.59,0.0,Prune by CG,,11-14-11 = 0.5,8-19-8 = 0.5,9-37-9 = 1.0,8-22-14-11 = 0.25,8-22-16-41-11 = 0.5,8-22-16-41-14-11 = 0.25,8-19-36-8 = 0.5,11-31-13-26-11 = 0.5,11-28-31-26-11 = 0.5,11-28-13-11 = 0.5,11-40-33-29-11 = 0.75,11-16-17-20-35-9 = 0.25,9-30-20-35-9 = 0.5,11-40-17-20-35-9 = 0.25,9-15-24-21-9 = 1.0,9-25-18-23-34-9 = 0.5,9-25-30-39-34-9 = 0.5,11-41-33-29-11 = 0.25,11-17-27-38-8 = 0.5,9-39-23-38-36-8 = 0.5,11-18-12-32-11 = 0.5,11-12-27-32-11 = 0.5
840,628,602.406,5.667,-0.367,-1.307,841,842,8-19-8 = 0.167,9-37-9 = 1.0,8-22-16-41-14-11 = 1.0,8-19-38-36-8 = 0.833,11-31-13-26-11 = 0.5,11-28-31-26-11 = 0.5,11-28-13-11 = 0.5,11-40-33-29-11 = 1.0,11-17-27-20-9 = 0.167,9-30-20-35-9 = 0.5,9-15-24-39-9 = 0.167,9-15-24-21-9 = 0.833,9-21-39-20-35-9 = 0.167,9-25-18-23-34-9 = 0.167,9-25-30-39-34-9 = 0.5,9-39-23-38-36-8 = 0.167,11-12-18-23-8 = 0.5,11-12-27-32-11 = 0.5,9-25-18-17-32-9 = 0.167,9-25-18-17-35-9 = 0.167,11-17-27-32-34-8 = 0.333,9-23-17-20-35-9 = 0.167
841,840,607.871,0.0,5.465,0.0,Prune by CG,,11-14-11 = 0.167,9-37-9 = 0.889,11-18-27-32-11 = 0.333,8-22-16-41-11 = 0.167,8-22-16-41-14-11 = 0.833,8-19-38-36-8 = 1.0,11-31-13-26-11 = 0.5,11-28-31-26-11 = 0.5,11-28-13-11 = 0.5,11-40-33-29-11 = 1.0,9-30-20-35-9 = 0.222,9-15-24-39-9 = 0.222,9-15-24-21-9 = 0.778,9-21-39-20-35-9 = 0.111,9-25-30-37-9 = 0.111,9-25-30-39-21-9 = 0.111,9-25-30-39-34-9 = 0.556,11-12-18-23-8 = 0.333,9-25-18-17-32-9 = 0.222,9-18-17-32-34-9 = 0.111,11-12-27-32-8 = 0.333,11-12-27-34-8 = 0.333,9-23-17-20-35-9 = 0.667
819,806,602.877,6.667,0.02,0.222,843,844,11-14-11 = 0.5,9-37-9 = 0.333,8-19-38-36-8 = 1.0,11-31-13-11 = 0.5,11-28-31-26-11 = 0.5,11-28-13-26-11 = 0.5,11-40-33-29-11 = 1.0,11-22-16-41-14-11 = 0.5,9-30-20-35-9 = 0.333,9-15-24-21-9 = 1.0,9-25-30-37-9 = 0.667,9-25-18-27-9 = 0.167,9-25-20-35-34-9 = 0.167,9-18-27-34-9 = 0.333,9-23-12-17-32-9 = 0.5,9-39-23-27-34-9 = 0.5,9-39-12-17-32-9 = 0.5,11-22-16-41-11 = 0.5,9-18-20-35-9 = 0.5
510,467,602.913,3.5,0.515,-0.0,845,846,11-14-11 = 0.375,8-22-16-41-11 = 0.375,8-22-16-41-14-11 = 0.625,8-19-38-36-8 = 1.0,11-31-13-26-11 = 0.5,11-28-31-26-11 = 0.5,11-40-33-29-11 = 0.125,11-17-33-29-11 = 0.875,9-30-20-35-9 = 1.0,11-40-28-13-11 = 0.5,11-40-17-27-32-11 = 0.125,9-15-24-39-9 = 1.0,9-21-37-9 = 1.0,9-25-18-23-34-9 = 1.0,11-12-27-32-8 = 0.75,11-40-12-27-8 = 0.125,11-40-12-32-8 = 0.125
846,510,608.102,0.0,5.189,0.0,Prune by CG,,11-14-11 = 0.167,9-37-9 = 0.333,8-22-16-41-11 = 0.167,8-22-16-41-14-11 = 0.833,8-19-38-36-8 = 1.0,11-31-13-26-11 = 0.5,11-28-31-26-11 = 0.5,11-28-13-11 = 0.5,11-17-33-29-11 = 1.0,9-30-20-35-9 = 0.667,9-15-24-39-9 = 1.0,9-21-37-9 = 0.667,9-25-30-21-9 = 0.333,9-25-18-23-34-9 = 0.667,9-23-18-32-34-9 = 0.333,11-12-27-32-11 = 0.333,11-40-12-27-8 = 0.667,11-40-20-35-32-8 = 0.333
815,646,603.072,5.0,0.224,-1.0,847,848,11-14-11 = 0.25,9-37-9 = 0.667,8-22-19-36-8 = 1.0,11-31-13-26-11 = 0.5,11-28-31-26-11 = 0.5,11-28-13-11 = 0.5,11-40-33-29-11 = 1.0,11-12-17-16-41-11 = 0.5,9-30-20-35-9 = 0.667,9-25-20-35-32-9 = 0.333,9-15-24-21-9 = 1.0,9-25-30-37-9 = 0.333,9-25-18-27-9 = 0.333,9-18-27-32-9 = 0.667,9-39-23-38-34-9 = 1.0,11-12-17-16-14-11 = 0.25,11-12-17-41-14-11 = 0.25,11-16-41-14-11 = 0.25
234,231,602.863,4.333,2.054,0.333,849,850,9-15-9 = 0.333,9-37-9 = 1.0,8-19-38-36-8 = 0.833,8-19-23-27-9 = 0.167,11-31-13-26-11 = 0.5,11-28-31-26-11 = 0.5,11-40-33-29-11 = 1.0,11-22-16-41-14-11 = 1.0,11-12-18-39-9 = 0.167,9-30-20-35-9 = 1.0,11-17-27-32-34-9 = 0.833,9-15-24-21-9 = 0.667,9-21-39-23-24-9 = 0.333,9-12-18-39-9 = 0.333,9-23-12-32-34-9 = 0.167,9-39-23-38-36-8 = 0.167,9-25-28-13-11 = 0.5,9-25-18-12-11 = 0.333,9-25-18-23-17-11 = 0.167
553,299,602.939,6.5,0.673,-0.056,851,852,11-14-11 = 0.05,9-37-9 = 0.8,8-22-14-11 = 0.45,8-22-16-41-14-11 = 0.45,8-19-38-36-8 = 1.0,8-22-16-17-41-11 = 0.1,11-31-13-26-11 = 0.5,11-28-31-26-11 = 0.5,11-28-13-11 = 0.5,11-40-33-29-11 = 0.95,11-17-33-29-11 = 0.05,11-12-18-23-9 = 0.4,11-12-27-34-9 = 0.6,11-40-17-16-41-14-11 = 0.05,9-15-24-21-9 = 0.8,9-21-39-20-35-9 = 0.2,9-25-30-37-9 = 0.2,9-25-30-23-34-9 = 0.2,9-25-30-15-9 = 0.2,9-23-18-17-41-11 = 0.4,9-25-30-39-34-9 = 0.2,9-25-30-24-9 = 0.2,9-18-20-35-9 = 0.2,11-16-17-27-32-8 = 0.4,9-39-20-35-32-8 = 0.6
852,553,607.1,0.0,4.161,0.0,Prune by CG,,9-37-9 = 0.833,8-22-14-11 = 0.5,8-22-16-41-14-11 = 0.5,8-19-38-36-8 = 1.0,11-31-13-26-11 = 0.5,11-28-31-26-11 = 0.5,11-28-13-11 = 0.5,11-40-33-29-11 = 1.0,11-12-18-23-9 = 0.333,11-12-18-34-9 = 0.167,11-12-27-34-9 = 0.167,11-12-17-27-9 = 0.333,9-15-24-21-9 = 0.667,9-21-39-20-35-9 = 0.333,9-25-30-37-9 = 0.167,9-25-30-15-9 = 0.333,9-25-30-39-34-9 = 0.167,9-25-30-24-9 = 0.333,11-17-27-32-34-8 = 0.5,9-39-20-35-32-8 = 0.5,9-23-18-16-41-11 = 0.5,9-23-17-20-35-9 = 0.167
671,533,603.075,7.0,0.664,-1.0,853,854,9-37-9 = 0.556,11-18-20-35-9 = 0.333,8-22-14-11 = 0.833,8-22-19-8 = 0.167,8-19-38-36-8 = 0.833,11-31-13-11 = 0.5,11-28-31-26-11 = 0.5,11-28-13-26-11 = 0.5,11-40-33-29-11 = 0.833,8-12-18-34-9 = 0.167,9-30-20-35-9 = 0.556,11-40-17-16-41-14-11 = 0.167,9-15-24-39-9 = 0.111,9-15-24-21-9 = 0.889,9-21-39-20-35-9 = 0.111,9-25-30-37-9 = 0.444,9-25-12-32-34-9 = 0.056,9-25-12-23-34-9 = 0.5,9-39-12-32-34-9 = 0.278,11-41-33-29-11 = 0.167,11-18-17-16-41-11 = 0.5,11-41-27-38-8 = 0.167,11-16-17-27-36-8 = 0.167,11-16-17-27-32-8 = 0.167,9-39-23-27-32-8 = 0.5
854,671,607.889,0.0,4.814,0.0,Prune by CG,,11-14-11 = 0.167,9-37-9 = 0.5,11-18-20-35-9 = 0.083,8-22-14-11 = 0.583,8-22-19-8 = 0.167,8-22-19-36-8 = 0.25,8-19-38-36-8 = 0.333,11-31-13-26-11 = 0.5,11-28-31-26-11 = 0.5,11-28-13-11 = 0.5,11-40-33-29-11 = 0.75,8-12-18-34-9 = 0.333,11-16-17-20-35-9 = 0.417,9-30-20-35-9 = 0.5,9-15-24-21-9 = 1.0,9-25-30-37-9 = 0.5,9-25-12-32-34-9 = 0.5,9-39-12-32-34-9 = 0.167,11-41-33-29-11 = 0.25,9-39-23-38-36-8 = 0.417,9-39-27-41-14-11 = 0.167,11-40-18-17-41-11 = 0.25,11-16-27-38-8 = 0.25,11-16-17-27-32-8 = 0.333,8-23-18-41-14-11 = 0.083,9-39-23-27-41-11 = 0.25,8-19-18-23-8 = 0.25
765,577,603.142,7.0,0.516,-1.412,855,856,9-37-9 = 0.667,8-22-14-11 = 0.333,8-19-38-36-8 = 1.0,8-23-27-32-34-9 = 0.333,8-23-12-27-8 = 0.333,11-31-13-26-11 = 0.5,11-28-31-26-11 = 0.5,11-28-13-11 = 0.5,11-40-33-29-11 = 1.0,11-22-14-11 = 0.167,11-22-16-17-41-11 = 0.5,11-17-16-41-14-11 = 0.5,9-30-20-35-9 = 0.333,9-15-24-39-9 = 0.333,9-15-24-21-9 = 0.667,9-21-39-20-35-9 = 0.333,9-25-30-37-9 = 0.333,9-25-18-23-34-9 = 0.333,9-25-30-39-34-9 = 0.333,11-27-20-35-9 = 0.333,9-18-12-32-8 = 0.667
576,486,602.942,7.333,0.767,-0.0,857,858,9-37-9 = 0.833,8-19-38-36-8 = 0.5,8-23-12-27-9 = 0.5,11-31-13-26-11 = 0.5,11-28-31-26-11 = 0.5,11-28-13-11 = 0.5,11-40-33-29-11 = 1.0,11-22-14-11 = 0.5,9-30-20-35-9 = 0.833,11-17-27-32-34-9 = 0.5,9-15-21-37-9 = 0.167,9-15-24-39-9 = 0.167,9-15-24-21-9 = 0.667,9-21-39-20-35-9 = 0.167,9-18-12-32-9 = 0.5,9-39-23-38-34-9 = 0.5,9-25-17-16-41-14-11 = 0.5,11-22-19-36-8 = 0.5,9-25-18-16-41-11 = 0.5,9-30-39-24-9 = 0.167
857,576,606.819,0.0,3.877,0.0,Prune by CG,,9-37-9 = 1.0,8-22-19-36-8 = 0.333,8-19-38-36-8 = 0.667,11-31-13-26-11 = 0.5,11-28-31-26-11 = 0.5,11-28-13-11 = 0.5,11-40-33-29-11 = 1.0,11-22-14-11 = 0.667,11-17-27-38-9 = 0.333,9-30-20-35-9 = 1.0,11-17-27-32-34-9 = 0.667,9-15-24-21-9 = 1.0,9-18-12-32-9 = 0.333,9-18-12-23-9 = 0.333,9-18-12-34-9 = 0.333,9-25-39-23-16-41-11 = 0.667,9-25-39-16-41-14-11 = 0.333
62,12,602.961,6.632,4.361,-0.096,859,860,11-14-11 = 0.026,9-37-9 = 0.632,8-19-38-36-8 = 1.0,11-31-13-26-11 = 0.5,11-28-31-26-11 = 0.5,11-28-13-11 = 0.5,11-40-33-29-11 = 1.0,11-22-14-11 = 0.737,11-22-16-41-14-11 = 0.237,11-12-18-39-9 = 0.474,11-16-17-27-32-11 = 0.368,9-30-20-35-9 = 0.526,11-17-27-32-34-9 = 0.263,9-15-24-39-9 = 0.211,9-15-24-21-9 = 0.789,9-21-39-23-16-41-11 = 0.211,9-25-30-37-9 = 0.368,9-25-18-23-34-9 = 0.158,9-25-20-35-34-9 = 0.474,9-23-12-16-41-11 = 0.158,9-23-18-17-41-11 = 0.368,9-30-39-23-34-9 = 0.105,11-22-16-41-11 = 0.026,11-12-27-32-11 = 0.368
860,62,602.707,6.0,-0.254,-0.632,861,862,9-37-9 = 0.5,8-19-38-36-8 = 1.0,11-31-13-26-11 = 0.5,11-28-31-26-11 = 0.5,11-28-13-11 = 0.5,11-40-33-29-11 = 1.0,11-22-14-11 = 1.0,11-12-18-39-9 = 0.5,9-30-20-35-9 = 0.5,11-17-27-32-34-9 = 0.5,9-15-24-21-9 = 1.0,9-25-30-37-9 = 0.5,9-25-20-35-34-9 = 0.5,11-12-27-32-11 = 0.5,9-39-23-17-16-41-11 = 0.5,9-23-18-16-41-11 = 0.5
161,3,603.134,6.2,3.018,-0.8,863,864,9-15-9 = 0.1,9-21-9 = 0.8,9-37-9 = 1.0,8-19-38-36-8 = 1.0,11-31-13-26-11 = 0.5,11-28-31-26-11 = 0.5,11-28-13-11 = 0.5,11-40-33-29-11 = 1.0,11-22-14-11 = 0.5,11-22-16-41-14-11 = 0.5,11-16-17-27-32-9 = 0.1,11-16-17-27-34-9 = 0.4,9-30-20-35-9 = 0.7,9-25-20-35-9 = 0.1,9-25-30-39-21-9 = 0.2,9-25-18-23-34-9 = 0.4,9-25-20-35-34-9 = 0.2,9-15-24-9 = 0.9,9-18-12-32-9 = 0.5,9-23-12-17-41-11 = 0.1,9-23-18-27-9 = 0.1,9-39-23-27-32-9 = 0.4,9-25-30-24-9 = 0.1,9-39-12-17-41-11 = 0.4
746,730,602.843,8.0,0.193,0.8,865,866,8-19-8 = 0.5,9-37-9 = 0.333,8-22-14-11 = 0.5,8-19-38-36-8 = 0.5,8-12-20-35-9 = 0.5,11-31-13-11 = 0.5,11-28-31-26-11 = 0.5,11-28-13-26-11 = 0.5,11-40-33-29-11 = 1.0,11-22-16-41-14-11 = 0.5,9-24-21-37-9 = 0.167,9-30-20-35-9 = 0.5,11-17-27-32-34-9 = 1.0,9-15-21-37-9 = 0.167,9-15-24-39-9 = 0.333,9-15-24-21-9 = 0.5,9-25-30-37-9 = 0.333,9-25-30-39-21-9 = 0.167,9-39-23-38-36-8 = 0.5,9-25-18-16-41-11 = 0.5,9-18-12-23-8 = 0.5
866,746,608.067,0.0,5.224,0.0,Prune by CG,,11-14-11 = 0.333,8-36-8 = 0.167,9-37-9 = 0.111,8-22-19-8 = 0.833,8-19-38-36-8 = 0.167,8-12-20-35-9 = 0.833,11-31-13-26-11 = 0.5,11-28-31-26-11 = 0.5,11-28-13-11 = 0.5,11-40-33-29-11 = 1.0,11-22-14-11 = 0.167,9-24-21-37-9 = 0.056,9-30-20-35-9 = 0.167,11-17-27-32-34-9 = 0.833,9-15-21-37-9 = 0.056,9-15-24-39-9 = 0.111,9-15-24-21-9 = 0.833,9-25-30-37-9 = 0.778,9-25-30-39-21-9 = 0.056,9-39-12-32-34-9 = 0.167,11-17-27-38-8 = 0.167,9-39-23-38-36-8 = 0.667,9-25-18-16-41-11 = 0.167,9-23-18-16-41-11 = 0.333,9-18-16-41-14-11 = 0.5
633,568,602.879,9.5,0.52,0.5,867,868,11-14-11 = 0.5,8-36-8 = 0.5,9-37-9 = 1.0,8-22-14-11 = 0.25,8-22-16-41-14-11 = 0.25,8-22-19-8 = 0.5,8-19-38-36-8 = 0.5,11-31-13-26-11 = 0.5,11-28-31-26-11 = 0.5,11-28-13-11 = 0.5,11-40-33-29-11 = 0.75,11-16-17-20-35-9 = 0.25,11-12-17-16-41-11 = 0.5,9-30-20-35-9 = 0.5,11-40-17-20-35-9 = 0.25,9-15-24-21-9 = 0.5,9-21-39-23-38-8 = 0.5,9-25-12-32-34-9 = 0.5,9-15-24-9 = 0.5,9-18-27-32-9 = 0.5,9-23-18-27-9 = 0.5,9-25-30-39-34-9 = 0.5,11-41-33-29-11 = 0.25
178,176,602.309,7.167,1.465,4.167,869,870,11-14-11 = 0.417,8-19-8 = 0.917,9-37-9 = 1.0,8-22-14-11 = 0.583,8-22-16-41-11 = 0.417,8-19-38-36-8 = 0.083,11-31-13-26-11 = 0.5,11-28-31-26-11 = 0.5,11-40-33-29-11 = 0.5,11-16-17-20-35-9 = 0.25,11-16-17-27-34-9 = 0.333,9-30-20-35-9 = 0.5,11-17-27-32-34-9 = 0.417,11-40-28-13-11 = 0.5,9-15-24-21-9 = 0.917,9-25-30-39-21-9 = 0.083,9-25-35-27-34-9 = 0.25,9-25-30-15-9 = 0.083,9-25-12-18-9 = 0.25,9-18-12-32-9 = 0.583,9-25-30-20-9 = 0.25,9-25-30-24-9 = 0.083,11-41-33-29-11 = 0.5,9-39-23-38-36-8 = 0.917,11-12-18-23-8 = 0.083,9-18-12-41-11 = 0.083
870,178,609.548,0.0,7.239,0.0,Prune by CG,,8-19-8 = 1.0,9-37-9 = 1.0,8-22-14-11 = 0.5,8-22-16-41-11 = 0.5,11-31-13-26-11 = 0.5,11-28-31-26-11 = 0.5,11-40-33-29-11 = 1.0,11-16-17-27-34-9 = 0.5,11-18-12-32-9 = 1.0,9-30-20-35-9 = 1.0,9-15-24-21-9 = 1.0,9-39-23-38-36-8 = 1.0,11-41-14-11 = 0.5,9-25-17-27-34-9 = 0.5,9-25-28-13-11 = 0.5
869,178,602.281,8.5,-0.028,1.333,871,872,11-14-11 = 0.5,8-19-8 = 0.75,9-37-9 = 1.0,8-22-14-11 = 0.5,8-22-16-41-11 = 0.5,8-19-38-36-8 = 0.25,11-31-13-26-11 = 0.5,11-28-31-26-11 = 0.5,11-40-33-29-11 = 0.5,11-16-17-20-35-9 = 0.25,11-16-17-27-34-9 = 0.25,9-30-20-35-9 = 0.5,11-17-27-32-34-9 = 0.5,11-40-28-13-11 = 0.5,9-15-24-21-9 = 0.75,9-25-30-39-21-9 = 0.25,9-25-35-27-34-9 = 0.25,9-25-12-18-9 = 0.25,9-15-24-9 = 0.25,9-18-12-32-9 = 0.5,9-25-30-20-9 = 0.25,11-41-33-29-11 = 0.5,9-39-23-38-36-8 = 0.75,9-18-12-23-8 = 0.25
871,869,606.114,0.0,3.833,0.0,Prune by CG,,11-14-11 = 1.0,8-19-8 = 1.0,9-37-9 = 1.0,8-22-16-41-11 = 1.0,11-31-13-11 = 0.5,11-28-31-26-11 = 0.5,11-28-13-26-11 = 0.5,11-40-33-29-11 = 1.0,9-30-20-35-9 = 1.0,11-17-27-32-34-9 = 1.0,9-15-24-21-9 = 1.0,9-25-12-18-9 = 1.0,9-39-23-38-36-8 = 1.0
830,650,602.886,7.333,0.078,0.5,873,874,8-19-8 = 0.5,9-37-9 = 0.667,8-22-16-41-14-11 = 1.0,8-19-38-36-8 = 0.5,11-31-13-11 = 0.5,11-28-31-26-11 = 0.5,11-28-13-26-11 = 0.5,11-40-33-29-11 = 1.0,11-12-18-34-9 = 0.167,9-30-35-27-9 = 0.333,11-17-27-32-34-9 = 0.5,9-15-21-37-9 = 0.333,9-15-24-21-9 = 0.667,9-25-20-35-34-9 = 0.333,9-39-23-27-32-11 = 0.167,9-25-30-20-9 = 0.333,9-39-23-38-36-8 = 0.5,11-12-18-23-8 = 0.333,11-18-12-32-11 = 0.333,9-30-39-24-9 = 0.333,9-25-17-20-35-9 = 0.333,11-12-18-17-8 = 0.167
873,830,607.425,0.0,4.538,0.0,Prune by CG,,11-14-11 = 0.133,8-19-8 = 0.233,9-37-9 = 0.667,11-18-27-32-9 = 0.267,11-18-27-34-9 = 0.033,8-22-14-11 = 0.067,8-22-16-41-14-11 = 0.8,8-22-19-8 = 0.133,8-19-38-36-8 = 0.633,8-23-12-17-32-8 = 0.133,11-31-13-26-11 = 0.5,11-28-31-26-11 = 0.5,11-28-13-11 = 0.5,11-40-33-29-11 = 1.0,11-12-17-27-9 = 0.067,11-12-17-32-34-9 = 0.3,9-30-35-27-9 = 0.333,9-15-21-37-9 = 0.333,9-15-24-21-9 = 0.667,9-25-20-35-34-9 = 0.667,9-39-23-27-32-11 = 0.3,9-25-30-20-9 = 0.333,9-39-23-38-36-8 = 0.367,9-30-39-24-9 = 0.333,11-12-18-17-8 = 0.5,11-18-23-16-41-11 = 0.2
756,754,602.909,6.067,0.274,0.4,875,876,11-14-11 = 0.1,9-37-9 = 1.0,8-22-16-41-11 = 0.1,8-22-16-41-14-11 = 0.9,8-19-38-36-8 = 1.0,11-31-13-11 = 0.5,11-28-31-26-11 = 0.5,11-28-13-26-11 = 0.5,11-40-33-29-11 = 0.467,11-17-33-29-11 = 0.533,11-12-18-39-9 = 0.333,11-12-27-32-9 = 0.533,11-40-12-27-9 = 0.067,9-30-20-35-9 = 0.667,11-40-17-27-32-11 = 0.4,11-40-12-17-32-9 = 0.067,9-15-24-39-9 = 0.333,9-15-24-21-9 = 0.667,9-21-39-20-35-9 = 0.333,9-25-30-23-34-8 = 0.333,9-25-18-23-34-8 = 0.667
876,756,609.524,0.0,6.616,0.0,Prune by CG,,9-15-9 = 0.167,9-37-9 = 1.0,8-22-16-41-14-11 = 1.0,8-19-38-36-8 = 0.833,8-19-23-39-21-9 = 0.167,11-31-13-26-11 = 0.5,11-28-31-26-11 = 0.5,11-28-13-11 = 0.5,11-40-33-29-11 = 0.5,11-17-33-29-11 = 0.5,11-12-27-32-9 = 0.167,11-12-23-39-21-9 = 0.167,11-12-39-24-9 = 0.333,11-12-39-27-9 = 0.333,9-30-20-35-9 = 1.0,11-40-17-27-32-11 = 0.5,9-15-24-21-9 = 0.667,9-15-38-36-8 = 0.167,9-25-18-23-34-8 = 0.667,9-25-18-32-34-8 = 0.333
783,581,603.1,7.0,0.411,-1.0,877,878,11-14-11 = 0.5,9-37-9 = 0.5,8-22-16-41-14-11 = 0.5,8-19-38-36-8 = 1.0,8-22-16-17-41-11 = 0.5,11-31-13-11 = 0.5,11-28-31-26-11 = 0.5,11-28-13-26-11 = 0.5,11-40-33-29-11 = 0.5,11-17-33-29-11 = 0.5,11-12-20-35-9 = 0.5,9-15-24-21-9 = 1.0,9-25-30-37-9 = 0.5,9-25-30-39-34-9 = 0.5,11-40-12-23-34-9 = 0.5,9-39-23-20-35-9 = 0.5,9-18-27-32-8 = 1.0
877,783,607.81,0.0,4.71,0.0,Prune by CG,,11-14-11 = 0.5,9-37-9 = 0.5,8-19-38-36-8 = 1.0,8-22-16-17-41-11 = 0.5,8-22-16-17-14-11 = 0.5,11-31-13-26-11 = 0.5,11-28-31-26-11 = 0.5,11-28-13-11 = 0.5,11-40-33-29-11 = 0.5,11-12-20-35-9 = 0.5,9-15-24-21-9 = 1.0,9-25-30-37-9 = 0.5,9-25-30-39-34-9 = 0.5,11-41-33-29-11 = 0.5,11-40-12-23-34-9 = 0.5,9-39-23-20-35-9 = 0.5,9-18-27-32-8 = 1.0
602,600,602.876,6.167,0.503,0.75,879,880,11-14-11 = 0.375,9-37-9 = 0.667,8-22-16-41-11 = 0.375,8-22-16-41-14-11 = 0.625,8-19-38-36-8 = 1.0,11-31-13-26-11 = 0.5,11-28-31-26-11 = 0.5,11-40-33-29-11 = 0.125,11-17-33-29-11 = 0.875,9-24-21-37-9 = 0.167,9-30-20-35-9 = 0.833,11-40-28-13-11 = 0.5,11-40-17-27-32-11 = 0.125,9-15-21-37-9 = 0.167,9-15-24-34-9 = 0.167,9-15-24-21-9 = 0.667,9-25-18-23-34-9 = 0.333,9-25-18-23-39-9 = 0.5,9-25-30-39-34-9 = 0.167,9-39-20-35-34-9 = 0.167,11-12-27-32-8 = 0.75,9-23-18-39-34-9 = 0.167,11-40-12-27-8 = 0.125,11-40-12-32-8 = 0.125
880,602,607.212,0.0,4.336,0.0,Prune by CG,,11-14-11 = 0.375,9-37-9 = 0.5,8-22-16-41-11 = 0.375,8-22-16-41-14-11 = 0.625,8-19-38-36-8 = 1.0,11-31-13-26-11 = 0.5,11-28-31-26-11 = 0.5,11-28-13-11 = 0.5,11-17-33-29-11 = 1.0,9-30-20-35-9 = 0.5,9-15-24-21-9 = 1.0,9-25-30-37-9 = 0.5,9-25-18-23-39-9 = 0.5,9-23-18-32-34-9 = 0.5,9-39-20-35-34-9 = 0.375,11-12-27-32-11 = 0.125,9-39-20-32-34-9 = 0.125,11-40-12-27-8 = 0.75,11-40-12-32-8 = 0.125,11-40-35-27-32-8 = 0.125
801,401,602.93,8.0,0.166,0.333,881,882,8-19-8 = 0.25,8-36-8 = 0.25,9-37-9 = 0.25,8-22-14-11 = 0.5,8-19-38-36-8 = 0.75,11-31-13-26-11 = 0.5,11-28-31-26-11 = 0.5,11-28-13-11 = 0.5,11-40-33-29-11 = 0.5,11-22-16-41-14-11 = 0.5,11-17-33-29-11 = 0.5,8-18-20-35-9 = 0.25,11-12-17-16-41-11 = 0.5,9-30-20-35-9 = 0.25,9-15-24-21-9 = 1.0,9-25-30-37-9 = 0.75,9-25-18-23-34-9 = 0.25,9-39-23-27-34-9 = 0.25,11-40-12-32-34-9 = 0.5,9-39-27-38-8 = 0.25,9-18-20-35-9 = 0.5,9-39-23-27-32-8 = 0.5
488,172,602.84,9.0,0.703,1.0,883,884,9-37-9 = 0.667,8-22-14-11 = 0.5,8-22-16-41-14-11 = 0.25,8-19-16-41-14-11 = 0.25,8-19-38-36-8 = 0.5,11-31-13-26-11 = 0.5,11-28-31-26-11 = 0.5,11-28-13-11 = 0.5,11-40-33-29-11 = 0.5,11-17-33-29-11 = 0.5,11-12-27-32-9 = 0.25,11-12-17-16-41-11 = 0.25,8-23-18-27-8 = 0.417,9-30-18-35-9 = 0.25,9-30-18-39-9 = 0.167,9-25-20-35-32-9 = 0.083,9-15-21-37-9 = 0.333,9-15-24-21-9 = 0.667,9-25-20-35-34-9 = 0.667,9-18-27-32-9 = 0.083,9-25-30-20-9 = 0.25,9-39-23-38-36-8 = 0.5,11-22-19-8 = 0.25,11-40-12-32-34-9 = 0.25,11-40-17-16-41-11 = 0.25,9-30-39-24-9 = 0.333,11-12-27-32-8 = 0.25,8-23-18-32-34-8 = 0.083
884,488,602.879,8.7,0.039,-0.3,885,886,9-37-9 = 0.7,8-22-14-11 = 0.5,8-22-16-41-14-11 = 0.25,8-19-16-41-14-11 = 0.15,8-19-38-36-8 = 0.6,11-31-13-11 = 0.5,11-28-31-26-11 = 0.5,11-28-13-26-11 = 0.5,11-40-33-29-11 = 0.55,11-17-33-29-11 = 0.45,11-12-27-32-9 = 0.15,11-41-27-32-34-9 = 0.1,11-12-17-16-41-11 = 0.35,8-23-18-27-8 = 0.45,9-30-18-35-9 = 0.25,9-30-18-39-9 = 0.2,9-25-20-35-32-9 = 0.15,9-15-21-37-9 = 0.3,9-15-24-21-9 = 0.7,9-25-20-35-34-9 = 0.6,9-25-30-20-9 = 0.25,9-39-23-38-36-8 = 0.4,11-22-19-8 = 0.25,11-40-12-32-34-9 = 0.3,11-40-17-16-41-11 = 0.15,9-30-39-24-9 = 0.3,11-12-27-32-8 = 0.2,8-23-18-16-14-11 = 0.05,9-39-23-27-32-8 = 0.1,9-18-17-16-14-11 = 0.05
885,884,606.019,0.0,3.14,0.0,Prune by CG,,8-19-8 = 0.029,9-37-9 = 0.588,8-22-14-11 = 0.824,8-19-38-36-8 = 0.794,11-31-13-11 = 0.5,11-28-31-26-11 = 0.5,11-28-13-26-11 = 0.5,11-40-33-29-11 = 0.694,11-17-33-29-11 = 0.171,11-41-27-32-34-9 = 0.171,11-16-27-35-34-9 = 0.171,11-12-17-16-41-11 = 0.518,8-23-18-27-8 = 0.353,9-30-18-35-9 = 0.082,9-30-18-39-9 = 0.253,9-25-20-35-32-9 = 0.394,9-15-21-37-9 = 0.412,9-15-24-21-9 = 0.588,9-25-20-35-34-9 = 0.353,9-25-30-20-9 = 0.253,9-39-23-38-36-8 = 0.029,11-22-19-36-8 = 0.176,11-40-33-32-34-9 = 0.135,11-40-12-32-34-9 = 0.171,9-30-39-24-9 = 0.412,11-16-27-38-8 = 0.176,11-17-16-41-29-11 = 0.135,9-39-23-27-32-8 = 0.129,9-18-12-23-8 = 0.312,9-39-23-17-41-14-11 = 0.176
197,109,603.538,4.182,3.099,-3.138,887,888,8-36-8 = 0.045,9-37-9 = 1.0,8-22-16-41-14-11 = 0.182,8-22-19-8 = 0.818,8-19-38-36-8 = 0.182,8-38-27-34-9 = 0.045,11-28-31-26-11 = 0.5,11-28-13-26-11 = 0.5,11-40-33-29-11 = 1.0,8-23-18-27-9 = 0.136,8-18-27-34-9 = 0.5,11-12-18-39-9 = 0.182,11-12-27-34-9 = 0.318,8-23-12-32-34-9 = 0.091,11-31-13-32-9 = 0.5,9-30-20-35-9 = 1.0,9-15-24-21-9 = 1.0,9-25-12-17-32-9 = 0.182,9-39-12-32-34-9 = 0.045,9-25-17-16-41-14-11 = 0.818,9-39-23-38-36-8 = 0.773,9-18-12-32-8 = 0.182
887,197,610.613,0.0,7.075,0.0,Prune by CG,,8-19-8 = 0.133,9-37-9 = 1.0,8-22-14-29-11 = 0.2,8-22-16-41-14-11 = 0.2,8-22-19-8 = 0.6,8-19-38-36-8 = 0.267,11-31-13-26-11 = 0.4,11-28-31-26-11 = 0.4,11-28-13-26-11 = 0.2,11-40-33-29-11 = 0.2,8-18-27-34-9 = 0.4,11-12-18-39-9 = 0.267,11-12-27-34-9 = 0.267,11-40-12-27-9 = 0.333,9-30-20-35-9 = 1.0,11-40-28-13-11 = 0.2,11-40-28-29-11 = 0.2,9-15-24-21-9 = 1.0,9-23-18-32-34-9 = 0.267,11-41-33-29-11 = 0.2,9-25-17-16-41-14-11 = 0.6,9-39-23-38-36-8 = 0.733,11-40-12-32-34-9 = 0.067,11-18-12-32-8 = 0.067,9-25-17-33-32-9 = 0.4,8-16-33-29-11 = 0.2,11-31-13-32-8 = 0.2
838,699,602.973,8.6,0.079,0.287,889,890,11-14-11 = 0.2,9-15-9 = 0.2,8-19-8 = 0.4,8-36-8 = 0.3,9-37-9 = 1.0,8-22-14-11 = 0.7,8-22-19-8 = 0.3,8-19-38-36-8 = 0.3,11-31-13-26-11 = 0.5,11-28-31-26-11 = 0.5,11-28-13-11 = 0.5,11-40-33-29-11 = 0.6,11-16-17-20-35-9 = 0.4,11-12-17-16-41-11 = 0.5,9-30-20-35-9 = 0.6,11-40-17-16-41-14-11 = 0.1,9-15-24-21-9 = 0.8,9-25-30-39-21-9 = 0.2,9-25-18-27-9 = 0.3,9-18-27-32-9 = 0.3,9-18-27-34-9 = 0.3,9-23-12-32-34-9 = 0.2,9-23-18-32-34-9 = 0.1,9-39-27-32-34-9 = 0.1,9-25-30-24-9 = 0.2,11-41-33-29-11 = 0.4,9-39-23-38-36-8 = 0.4,11-40-12-32-34-9 = 0.3,9-25-39-23-38-8 = 0.3
890,838,603.553,4.0,0.58,-4.6,891,892,8-19-8 = 1.0,9-37-9 = 1.0,8-22-14-11 = 1.0,11-31-13-26-11 = 0.5,11-28-31-26-11 = 0.5,11-28-13-11 = 0.5,11-40-33-29-11 = 0.5,11-16-17-32-34-9 = 0.5,11-12-17-16-41-11 = 0.5,9-30-20-35-9 = 1.0,9-15-24-21-9 = 1.0,9-25-18-27-9 = 1.0,11-41-33-29-11 = 0.5,9-39-23-38-36-8 = 1.0,11-40-12-32-34-9 = 0.5
892,890,607.816,0.0,4.263,0.0,Prune by CG,,8-19-8 = 0.967,9-37-9 = 0.9,8-22-14-11 = 1.0,8-19-38-36-8 = 0.033,11-31-13-26-11 = 0.5,11-28-31-26-11 = 0.5,11-28-13-11 = 0.5,11-40-33-29-11 = 0.5,11-16-17-20-35-9 = 0.067,11-16-17-32-34-9 = 0.467,9-30-20-35-9 = 0.9,9-15-24-21-9 = 1.0,9-25-30-37-9 = 0.1,9-25-12-27-9 = 0.033,9-25-18-27-9 = 0.6,9-25-18-23-39-9 = 0.1,9-23-18-27-9 = 0.3,9-39-23-27-34-9 = 0.033,11-41-33-29-11 = 0.5,9-25-12-17-41-11 = 0.167,9-39-12-17-41-11 = 0.3,9-39-23-38-36-8 = 0.533,11-40-12-32-34-9 = 0.5,11-16-38-36-8 = 0.433,9-39-23-27-41-11 = 0.033,11-16-20-35-32-8 = 0.033
750,696,602.907,6.333,0.311,0.933,893,894,11-26-11 = 0.333,9-37-9 = 0.722,8-19-38-36-8 = 1.0,11-31-13-11 = 0.333,11-31-13-26-11 = 0.167,11-28-31-26-11 = 0.5,11-40-33-29-11 = 0.333,11-22-16-41-14-11 = 1.0,11-17-33-29-11 = 0.667,9-30-12-32-9 = 0.444,11-40-28-13-11 = 0.5,11-40-17-32-34-9 = 0.167,9-15-24-39-9 = 0.111,9-15-24-21-9 = 0.833,9-21-39-20-35-9 = 0.167,9-25-30-37-9 = 0.278,9-25-30-15-9 = 0.056,9-25-20-35-34-9 = 0.611,9-18-12-32-9 = 0.333,9-23-18-27-9 = 0.5,9-39-12-27-9 = 0.222,9-39-23-27-32-9 = 0.056,9-39-23-27-34-9 = 0.222,9-25-30-24-9 = 0.056,9-39-23-20-35-9 = 0.222,9-30-18-17-11 = 0.167
893,750,613.469,0.0,10.562,0.0,Prune by CG,,9-37-9 = 1.0,8-19-38-36-8 = 1.0,11-31-13-26-11 = 1.0,11-28-29-11 = 1.0,11-22-16-41-14-11 = 1.0,9-15-24-21-9 = 1.0,9-25-12-27-9 = 1.0,11-40-33-32-34-9 = 1.0,9-39-23-20-35-9 = 1.0,9-30-18-17-11 = 1.0
894,750,602.962,5.333,0.055,-1.0,895,896,11-26-11 = 0.5,9-37-9 = 0.667,8-19-38-36-8 = 1.0,11-31-13-26-11 = 0.5,11-22-16-41-14-11 = 1.0,11-17-33-29-11 = 1.0,9-30-12-32-9 = 0.667,11-40-28-13-11 = 0.5,11-40-28-31-11 = 0.5,9-15-24-39-9 = 0.333,9-15-24-21-9 = 0.667,9-21-39-20-35-9 = 0.333,9-25-30-37-9 = 0.333,9-25-20-35-34-9 = 0.667,9-18-12-32-9 = 0.333,9-23-18-27-9 = 0.667,9-39-23-27-34-9 = 0.333
761,444,602.979,5.667,0.196,0.333,897,898,9-37-9 = 0.833,8-19-38-36-8 = 0.833,8-38-27-32-9 = 0.167,11-31-13-11 = 0.5,11-28-31-26-11 = 0.5,11-28-13-26-11 = 0.5,11-40-33-29-11 = 1.0,11-22-14-11 = 0.5,11-16-27-32-34-9 = 0.5,11-22-16-32-34-9 = 0.333,9-30-20-35-9 = 0.833,9-15-24-21-9 = 1.0,9-25-30-37-9 = 0.167,9-25-18-23-39-9 = 0.667,9-25-20-35-34-9 = 0.167,9-12-17-16-41-11 = 0.167,9-23-18-27-9 = 0.333,9-39-12-17-41-11 = 0.333,11-22-19-36-8 = 0.167,9-12-17-41-14-11 = 0.5
849,234,602.829,5.647,-0.035,1.314,899,900,9-15-9 = 0.176,9-37-9 = 1.0,8-19-38-36-8 = 1.0,11-31-13-26-11 = 0.412,11-28-31-26-11 = 0.588,11-40-33-29-11 = 0.824,11-22-14-11 = 0.176,11-22-16-17-41-11 = 0.059,11-22-16-41-14-11 = 0.647,11-12-27-35-9 = 0.176,11-12-27-34-9 = 0.059,9-30-20-35-9 = 0.824,11-17-27-32-34-9 = 0.765,11-40-17-16-41-14-11 = 0.176,9-25-13-29-11 = 0.176,9-15-24-39-9 = 0.294,9-15-24-21-9 = 0.529,9-18-12-23-9 = 0.353,9-23-12-32-34-9 = 0.176,9-30-39-24-9 = 0.176,11-22-16-41-11 = 0.118,9-25-20-33-11 = 0.176,9-25-28-13-11 = 0.412,9-25-18-12-11 = 0.176,9-25-39-12-32-11 = 0.059,9-23-18-39-21-9 = 0.471
899,849,608.233,0.0,5.405,0.0,Prune by CG,,9-15-9 = 1.0,9-37-9 = 1.0,8-19-38-36-8 = 1.0,11-31-13-11 = 0.5,11-28-31-26-11 = 0.5,11-28-13-26-11 = 0.5,11-40-33-29-11 = 1.0,11-22-16-41-14-11 = 1.0,9-30-20-35-9 = 1.0,11-17-27-32-34-9 = 1.0,9-21-39-23-24-9 = 1.0,9-25-18-12-11 = 1.0
896,894,603.119,4.667,0.156,-0.667,901,902,11-26-11 = 0.25,9-37-9 = 0.917,8-19-38-36-8 = 1.0,11-31-13-11 = 0.25,11-31-13-26-11 = 0.25,11-28-31-26-11 = 0.5,11-40-33-29-11 = 0.25,11-22-16-41-14-11 = 1.0,11-17-33-29-11 = 0.75,11-40-18-23-39-9 = 0.25,9-30-12-32-9 = 0.583,9-30-18-23-9 = 0.083,11-40-28-13-11 = 0.5,9-15-24-21-9 = 1.0,9-25-30-37-9 = 0.083,9-25-20-35-34-9 = 0.917,9-18-12-32-9 = 0.083,9-23-18-27-9 = 0.25,9-39-12-27-9 = 0.333,9-39-23-27-32-9 = 0.333,9-39-23-27-34-9 = 0.083,9-18-20-35-9 = 0.083,9-30-18-17-11 = 0.25
902,896,610.449,0.0,7.33,0.0,Prune by CG,,9-15-9 = 0.25,9-37-9 = 1.0,8-19-38-36-8 = 0.5,8-19-23-24-9 = 0.25,8-19-23-39-21-9 = 0.25,11-31-13-26-11 = 0.5,11-28-31-26-11 = 0.5,11-40-33-29-11 = 0.5,11-22-16-41-14-11 = 1.0,11-17-33-29-11 = 0.5,9-30-12-32-9 = 0.5,11-40-28-13-11 = 0.5,9-25-20-35-9 = 0.25,9-15-24-21-9 = 0.75,9-25-20-35-34-9 = 0.75,9-23-27-32-34-9 = 0.25,9-39-12-27-9 = 0.5,9-39-23-27-32-9 = 0.25,11-18-38-36-8 = 0.5,9-30-18-17-11 = 0.5
631,131,603.038,7.0,0.684,-0.0,903,904,9-37-9 = 1.0,8-19-38-36-8 = 0.5,8-38-27-32-9 = 0.5,11-31-13-26-11 = 0.5,11-28-31-26-11 = 0.5,11-40-33-29-11 = 0.5,11-22-14-11 = 0.5,11-17-33-29-11 = 0.5,9-30-20-35-9 = 1.0,11-17-27-32-34-9 = 0.5,11-40-28-13-11 = 0.5,9-15-24-21-9 = 1.0,9-25-18-23-34-9 = 0.5,9-25-18-23-39-9 = 0.5,11-22-19-36-8 = 0.5,9-39-12-16-41-11 = 0.5,9-12-16-41-14-11 = 0.5
903,631,609.284,0.0,6.246,0.0,Prune by CG,,9-37-9 = 1.0,8-22-19-36-8 = 0.1,8-19-38-34-9 = 0.3,8-19-38-36-8 = 0.2,8-38-27-32-11 = 0.1,11-31-13-11 = 0.5,11-28-31-26-11 = 0.5,11-28-13-26-11 = 0.5,11-40-33-29-11 = 1.0,11-17-27-38-9 = 0.1,9-30-20-35-9 = 0.9,11-17-27-32-34-9 = 0.7,9-25-20-35-9 = 0.1,9-15-24-21-9 = 1.0,9-25-18-23-39-9 = 0.9,9-18-12-32-11 = 0.1,9-23-12-16-14-11 = 0.1,11-22-19-36-8 = 0.4,11-12-27-32-11 = 0.1,9-12-16-41-14-11 = 0.7,8-22-38-36-8 = 0.3,11-22-41-11 = 0.2,9-30-17-16-14-11 = 0.1,9-39-17-16-41-14-11 = 0.1
818,653,603.285,4.667,0.234,-1.833,905,906,8-19-8 = 1.0,9-37-9 = 0.167,11-18-27-32-11 = 0.167,8-22-16-41-14-11 = 1.0,11-31-13-11 = 0.5,11-28-31-26-11 = 0.5,11-28-13-26-11 = 0.5,11-40-33-29-11 = 0.333,11-17-33-29-11 = 0.667,11-12-27-34-9 = 0.5,11-12-20-35-9 = 0.167,9-30-20-35-9 = 0.167,11-40-17-27-32-11 = 0.333,9-15-24-21-9 = 1.0,9-25-30-37-9 = 0.833,9-25-18-32-34-9 = 0.167,9-39-23-38-36-8 = 1.0,11-40-12-32-34-9 = 0.333,9-18-20-35-9 = 0.667
836,822,603.028,7.5,0.14,0.122,907,908,8-36-8 = 0.125,9-37-9 = 1.0,8-22-16-41-14-11 = 0.375,8-22-19-8 = 0.375,8-22-19-36-8 = 0.25,8-19-38-36-8 = 0.375,11-31-13-26-11 = 0.25,11-28-31-26-11 = 0.5,11-28-31-14-11 = 0.125,11-28-29-11 = 0.125,11-28-13-26-11 = 0.25,11-17-33-29-11 = 0.375,8-12-18-34-9 = 0.125,11-16-17-20-35-9 = 0.125,8-23-12-32-34-9 = 0.375,9-30-20-35-9 = 0.875,11-40-17-16-41-14-11 = 0.5,9-25-13-29-11 = 0.375,9-15-24-39-9 = 0.125,9-15-24-21-9 = 0.875,9-25-30-39-21-9 = 0.125,9-25-12-18-9 = 0.5,9-23-18-27-9 = 0.375,11-41-33-29-11 = 0.125,9-39-23-38-36-8 = 0.125,11-40-33-32-34-9 = 0.5,9-39-27-38-8 = 0.5,9-39-23-27-36-8 = 0.125,11-31-13-32-8 = 0.125
772,632,603.051,7.0,0.337,-0.0,909,910,9-37-9 = 0.5,8-22-19-36-8 = 0.5,8-19-38-36-8 = 0.5,11-31-13-26-11 = 0.5,11-28-31-26-11 = 0.5,11-28-13-11 = 0.5,11-40-33-29-11 = 1.0,11-22-14-11 = 0.5,11-12-27-32-9 = 0.5,9-30-20-35-9 = 1.0,11-17-27-32-34-9 = 0.5,9-25-37-9 = 0.5,9-15-24-21-9 = 1.0,9-25-12-18-9 = 0.5,9-39-23-38-34-9 = 0.5,9-18-17-16-41-11 = 0.5,9-39-23-16-41-14-11 = 0.5
809,442,602.99,7.5,0.174,0.5,911,912,9-37-9 = 0.813,8-12-17-41-14-11 = 0.125,11-18-27-32-8 = 0.5,11-18-27-34-9 = 0.188,8-22-14-11 = 0.281,8-22-16-41-14-11 = 0.219,8-22-19-8 = 0.5,8-19-38-36-8 = 0.5,8-23-12-17-14-11 = 0.031,8-23-12-41-14-11 = 0.344,11-31-13-26-11 = 0.5,11-28-31-26-11 = 0.5,11-28-13-11 = 0.5,11-40-33-29-11 = 1.0,11-16-27-32-34-9 = 0.281,11-16-17-20-35-9 = 0.5,9-30-20-35-9 = 0.438,11-17-27-32-34-9 = 0.031,9-15-24-39-9 = 0.062,9-15-24-21-9 = 0.938,9-21-39-20-35-9 = 0.062,9-25-30-37-9 = 0.187,9-25-18-23-34-9 = 0.125,9-18-12-32-11 = 0.188,9-25-30-39-34-9 = 0.375,9-25-12-17-41-11 = 0.313,9-39-23-38-36-8 = 0.5
900,849,603.017,6.032,0.188,0.385,913,914,9-15-9 = 0.095,9-37-9 = 1.0,8-19-38-36-8 = 1.0,11-31-13-26-11 = 0.381,11-28-31-26-11 = 0.619,11-40-33-29-11 = 0.762,11-22-14-11 = 0.238,11-22-16-41-14-11 = 0.524,11-12-27-35-9 = 0.127,11-12-27-32-9 = 0.016,11-12-27-34-9 = 0.127,9-30-20-35-9 = 0.762,11-17-27-32-34-9 = 0.73,11-40-17-16-41-14-11 = 0.238,9-25-13-29-11 = 0.238,9-15-24-39-9 = 0.317,9-15-24-21-9 = 0.587,9-12-18-39-9 = 0.143,9-18-12-23-9 = 0.444,9-23-12-32-34-9 = 0.143,9-30-39-24-9 = 0.095,11-22-16-41-11 = 0.238,9-25-20-33-11 = 0.238,9-25-30-35-32-11 = 0.111,9-25-28-13-11 = 0.381,9-25-30-39-17-11 = 0.032,9-23-18-39-21-9 = 0.413
433,220,602.927,6.786,0.987,1.119,915,916,9-37-9 = 0.714,8-19-38-36-8 = 0.857,11-31-13-11 = 0.214,11-31-13-26-11 = 0.286,11-28-31-26-11 = 0.5,11-28-13-26-11 = 0.214,11-40-33-29-11 = 0.571,11-22-14-11 = 1.0,11-16-17-20-35-9 = 0.429,9-30-20-35-9 = 0.286,11-40-17-20-35-9 = 0.286,9-15-24-21-9 = 1.0,9-25-30-37-9 = 0.286,9-18-12-32-9 = 0.429,9-23-27-32-34-9 = 0.429,9-23-18-27-9 = 0.429,9-39-23-27-34-9 = 0.143,9-25-30-39-34-9 = 0.429,11-41-33-29-11 = 0.429,9-39-12-16-41-11 = 0.429,8-19-16-17-32-9 = 0.143,11-40-17-38-36-8 = 0.143,9-25-28-13-11 = 0.286,9-18-12-41-11 = 0.143
915,433,610.557,0.0,7.63,0.0,Prune by CG,,9-15-9 = 0.333,11-26-11 = 0.5,9-37-9 = 1.0,8-19-38-36-8 = 1.0,11-31-13-11 = 0.5,11-28-31-26-11 = 0.5,11-28-13-11 = 0.5,11-40-33-29-11 = 0.667,11-22-14-11 = 1.0,11-16-17-20-35-9 = 0.667,11-40-17-20-35-9 = 0.333,9-15-24-21-9 = 0.667,9-25-30-39-21-9 = 0.333,9-18-12-32-11 = 0.333,9-23-27-32-34-9 = 0.667,9-23-18-27-9 = 0.333,9-25-30-39-34-9 = 0.333,9-25-30-24-9 = 0.333,11-41-33-29-11 = 0.333,9-39-12-16-41-11 = 0.333,9-18-12-41-11 = 0.333
916,433,602.973,7.0,0.046,0.214,917,918,9-37-9 = 0.625,8-19-38-36-8 = 0.875,11-31-13-26-11 = 0.5,11-28-31-26-11 = 0.5,11-28-13-11 = 0.125,11-40-33-29-11 = 0.5,11-22-14-11 = 1.0,11-16-17-20-35-9 = 0.25,9-30-20-35-9 = 0.25,11-40-17-20-35-9 = 0.5,9-15-24-21-9 = 1.0,9-25-30-37-9 = 0.375,9-18-27-34-9 = 0.125,9-18-12-32-9 = 0.5,9-23-27-32-34-9 = 0.375,9-23-18-27-9 = 0.375,9-39-23-27-34-9 = 0.125,9-25-30-39-34-9 = 0.25,11-41-33-29-11 = 0.5,9-39-12-16-41-11 = 0.5,9-30-39-23-34-9 = 0.125,8-19-16-17-32-9 = 0.125,11-16-17-38-36-8 = 0.125,9-25-28-13-11 = 0.375
668,666,603.225,5.947,1.348,-0.91,919,920,8-19-8 = 0.053,9-37-9 = 1.0,8-22-16-41-14-11 = 1.0,8-19-38-36-8 = 0.947,11-31-13-9 = 0.368,11-31-13-26-11 = 0.263,11-28-31-26-11 = 0.368,11-28-29-11 = 0.263,11-28-13-26-11 = 0.368,11-40-33-29-11 = 0.737,11-17-33-32-34-9 = 0.263,9-30-20-35-9 = 0.632,9-25-20-35-9 = 0.053,9-15-24-39-9 = 0.211,9-15-24-21-9 = 0.632,9-25-30-39-21-9 = 0.368,9-25-20-35-34-9 = 0.316,9-15-24-9 = 0.158,9-23-18-27-9 = 0.579,9-39-23-27-34-9 = 0.421,11-12-18-36-8 = 0.053,9-18-12-32-8 = 0.211,11-12-17-38-8 = 0.053,11-40-12-17-32-8 = 0.263,9-25-12-17-32-8 = 0.263,9-18-12-17-8 = 0.158
306,75,603.186,6.877,2.118,-0.623,921,922,8-19-8 = 0.226,9-37-9 = 0.472,11-18-27-32-8 = 0.528,8-22-14-11 = 0.925,8-19-16-41-14-11 = 0.075,8-19-38-36-8 = 0.623,8-23-27-32-34-9 = 0.151,11-31-13-11 = 0.5,11-28-31-26-11 = 0.5,11-28-13-26-11 = 0.5,11-40-33-29-11 = 0.925,11-41-27-32-34-9 = 0.151,11-16-27-32-34-9 = 0.075,11-12-17-16-41-11 = 0.774,9-30-20-35-9 = 0.472,9-15-24-39-9 = 0.189,9-15-24-21-9 = 0.811,9-21-39-20-35-9 = 0.189,9-25-30-37-9 = 0.528,9-25-18-23-34-9 = 0.472,9-39-23-38-36-8 = 0.377,11-12-17-33-11 = 0.075,11-22-19-8 = 0.075,11-27-20-35-9 = 0.094,9-39-20-35-34-9 = 0.151,9-39-20-35-32-8 = 0.094,11-40-12-17-16-8 = 0.075,11-12-17-29-11 = 0.075
921,306,610.209,0.0,7.023,0.0,Prune by CG,,8-19-8 = 0.571,11-26-11 = 0.5,9-37-9 = 0.571,11-18-27-32-8 = 0.286,8-22-14-11 = 1.0,8-19-38-36-8 = 0.429,11-31-13-11 = 0.5,11-28-31-26-11 = 0.5,11-28-13-11 = 0.5,11-40-33-29-11 = 1.0,11-12-18-17-11 = 0.286,11-41-27-32-34-9 = 0.286,11-16-27-32-34-9 = 0.286,11-12-17-16-41-11 = 0.714,9-30-20-35-9 = 0.714,9-25-37-9 = 0.286,9-15-24-39-9 = 0.143,9-15-24-21-9 = 0.857,9-25-30-37-9 = 0.143,9-25-30-39-21-9 = 0.143,9-25-18-23-34-9 = 0.429,9-39-23-38-36-8 = 0.571,11-27-20-35-9 = 0.143,9-39-20-35-32-8 = 0.143
922,306,601.755,6.929,-1.431,0.051,923,924,9-37-9 = 0.714,11-18-27-32-8 = 0.286,8-22-14-11 = 0.607,8-22-16-41-14-11 = 0.25,8-19-16-41-14-11 = 0.143,8-22-19-8 = 0.143,8-19-38-36-8 = 0.714,8-23-27-32-34-9 = 0.143,11-31-13-26-11 = 0.5,11-28-31-26-11 = 0.5,11-28-13-11 = 0.5,11-40-33-29-11 = 1.0,11-41-27-32-34-9 = 0.107,11-16-27-32-34-9 = 0.107,11-12-17-16-41-11 = 0.5,9-30-20-35-9 = 0.714,9-15-24-39-9 = 0.214,9-15-24-21-9 = 0.786,9-21-39-20-35-9 = 0.214,9-25-30-37-9 = 0.286,9-25-18-32-34-9 = 0.143,9-25-18-23-34-9 = 0.357,9-25-18-23-39-9 = 0.214,9-39-23-38-36-8 = 0.286,9-39-20-35-32-8 = 0.071,11-12-17-32-34-8 = 0.143,11-12-17-27-8 = 0.357
615,463,603.278,6.167,1.056,-1.167,925,926,8-19-8 = 0.167,9-37-9 = 1.0,8-22-16-41-14-11 = 1.0,8-19-38-36-8 = 0.833,11-31-13-9 = 0.5,11-28-31-26-11 = 0.5,11-28-13-26-11 = 0.5,11-40-33-29-11 = 0.5,11-17-33-29-11 = 0.5,9-30-20-35-9 = 0.417,11-40-17-20-35-9 = 0.333,9-25-20-27-9 = 0.25,9-15-24-21-9 = 1.0,9-25-18-27-9 = 0.417,9-23-12-32-34-9 = 0.083,9-39-12-32-34-9 = 0.333,9-30-39-23-34-9 = 0.583,11-40-17-38-36-8 = 0.167,9-25-39-23-27-9 = 0.083,9-25-35-27-32-8 = 0.25,9-18-12-32-8 = 0.333,9-18-12-23-8 = 0.25
574,572,603.154,7.0,1.328,-0.333,927,928,9-37-9 = 0.5,8-22-14-11 = 0.5,8-19-38-36-8 = 1.0,11-31-13-26-11 = 0.5,11-28-31-26-11 = 0.5,11-28-13-11 = 0.5,11-40-33-29-11 = 0.5,8-23-39-20-35-9 = 0.5,11-22-16-41-14-11 = 0.5,11-17-33-29-11 = 0.5,11-12-17-16-41-11 = 0.5,9-30-20-35-9 = 0.5,9-25-37-9 = 0.5,9-15-24-21-9 = 1.0,9-25-30-39-34-9 = 0.5,11-40-12-23-34-9 = 0.5,9-18-27-32-8 = 1.0
927,574,607.314,0.0,4.16,0.0,Prune by CG,,9-37-9 = 0.545,8-22-14-11 = 0.409,8-22-19-8 = 0.136,8-19-38-36-8 = 0.864,11-31-13-26-11 = 0.5,11-28-31-26-11 = 0.5,11-28-13-11 = 0.5,11-40-33-29-11 = 0.864,8-23-39-20-35-9 = 0.591,11-22-14-11 = 0.455,11-12-17-16-41-11 = 0.727,9-30-20-35-9 = 0.182,9-15-24-21-9 = 1.0,9-25-30-37-9 = 0.455,9-25-30-23-34-9 = 0.182,9-23-27-32-34-9 = 0.227,9-25-30-39-34-9 = 0.182,11-41-33-29-11 = 0.136,9-39-20-35-34-9 = 0.227,11-40-17-38-36-8 = 0.136,9-25-27-32-34-9 = 0.182,11-12-18-16-8 = 0.273,9-18-27-32-8 = 0.591,11-18-17-41-14-11 = 0.136
874,830,603.111,7.333,0.225,0.0,929,930,8-19-8 = 0.5,9-37-9 = 0.667,8-22-16-41-14-11 = 1.0,8-19-38-36-8 = 0.5,11-31-13-26-11 = 0.5,11-28-31-26-11 = 0.5,11-28-13-11 = 0.5,11-40-33-29-11 = 1.0,11-12-18-34-9 = 0.333,9-30-35-27-9 = 0.167,11-17-27-32-34-9 = 0.5,9-15-21-37-9 = 0.333,9-15-24-21-9 = 0.667,9-25-20-35-34-9 = 0.167,9-39-23-27-32-11 = 0.167,9-25-30-20-9 = 0.333,9-39-23-38-36-8 = 0.5,11-12-18-23-8 = 0.333,11-18-12-32-11 = 0.333,9-30-39-24-9 = 0.333,9-25-17-20-35-9 = 0.5,9-30-35-27-8 = 0.167
930,874,606.931,0.0,3.82,0.0,Prune by CG,,8-19-8 = 0.083,9-37-9 = 0.667,8-22-14-11 = 0.417,8-22-16-41-14-11 = 0.583,8-19-38-36-8 = 0.917,11-31-13-26-11 = 0.5,11-28-31-26-11 = 0.5,11-28-13-11 = 0.5,11-40-33-29-11 = 0.917,11-16-17-32-34-9 = 0.417,9-30-35-27-9 = 0.167,9-15-21-37-9 = 0.333,9-15-24-21-9 = 0.667,9-25-20-35-34-9 = 0.167,9-39-27-32-34-9 = 0.417,9-25-30-20-9 = 0.333,11-41-33-29-11 = 0.083,11-12-18-23-8 = 0.75,11-18-12-32-11 = 0.167,11-18-12-41-11 = 0.083,9-30-39-24-9 = 0.333,11-40-17-38-36-8 = 0.083,9-25-17-20-35-9 = 0.5,9-30-35-27-8 = 0.167,9-39-23-27-41-11 = 0.25
527,357,603.034,8.167,0.79,0.567,931,932,8-19-8 = 0.5,9-37-9 = 0.667,11-18-27-32-9 = 0.167,8-22-14-11 = 0.25,8-22-16-41-14-11 = 0.75,8-19-38-36-8 = 0.333,8-19-23-17-41-11 = 0.167,11-31-13-26-11 = 0.5,11-28-31-26-11 = 0.5,11-40-33-29-11 = 0.5,11-17-33-29-11 = 0.5,11-12-18-17-11 = 0.333,11-12-27-32-9 = 0.167,11-41-27-32-34-9 = 0.083,11-16-27-32-34-9 = 0.25,9-30-35-27-9 = 0.333,11-40-28-13-11 = 0.5,9-15-21-37-9 = 0.333,9-15-24-21-9 = 0.667,9-25-20-35-34-9 = 0.667,9-25-30-20-9 = 0.333,9-39-23-38-36-8 = 0.667,11-12-18-23-8 = 0.167,11-18-12-32-8 = 0.333,9-30-39-24-9 = 0.333
932,527,606.076,0.0,3.042,0.0,Prune by CG,,8-19-8 = 0.667,9-37-9 = 0.667,11-18-27-35-9 = 0.056,11-18-27-34-9 = 0.222,8-22-16-41-14-11 = 1.0,8-19-38-36-8 = 0.333,11-31-13-26-11 = 0.5,11-28-31-26-11 = 0.5,11-17-33-29-11 = 1.0,11-25-20-35-32-11 = 0.111,9-30-35-27-9 = 0.444,11-40-28-13-11 = 0.5,9-25-20-27-9 = 0.278,9-15-21-37-9 = 0.333,9-15-24-21-9 = 0.667,9-25-20-35-34-9 = 0.389,9-25-30-20-9 = 0.222,9-39-23-38-36-8 = 0.667,11-12-18-23-8 = 0.222,11-40-12-32-34-9 = 0.389,11-18-12-32-11 = 0.389,9-30-39-24-9 = 0.333,11-40-18-23-32-8 = 0.111
662,660,603.35,5.833,2.357,-1.5,933,934,9-15-9 = 0.083,9-37-9 = 1.0,8-22-16-41-14-11 = 0.5,8-22-19-8 = 0.333,8-19-38-36-8 = 0.667,8-36-38-34-9 = 0.167,8-22-16-17-32-9 = 0.167,11-28-31-26-11 = 0.5,11-28-13-26-11 = 0.5,11-40-33-29-11 = 0.667,11-17-33-29-11 = 0.333,8-23-18-32-34-9 = 0.167,11-31-13-32-9 = 0.5,9-30-20-35-9 = 0.833,11-40-17-16-41-14-11 = 0.333,9-25-20-35-9 = 0.167,9-15-24-21-9 = 0.917,9-25-30-21-9 = 0.083,9-25-18-23-34-9 = 0.667,9-18-27-32-9 = 0.167,9-25-30-24-9 = 0.083,9-39-23-38-36-8 = 0.167,11-12-17-41-14-11 = 0.167,9-39-12-27-8 = 0.833
275,267,603.207,3.5,2.289,-0.5,935,936,9-37-9 = 0.879,8-22-14-11 = 1.0,8-19-38-36-8 = 1.0,11-31-13-26-11 = 0.5,11-28-31-26-11 = 0.5,11-28-13-11 = 0.5,11-40-33-29-11 = 0.909,11-12-27-32-9 = 0.091,11-12-27-34-9 = 0.091,11-41-27-32-34-9 = 0.182,11-16-27-32-34-9 = 0.273,11-12-17-16-41-11 = 0.727,9-24-21-37-9 = 0.061,11-17-27-32-34-9 = 0.273,9-15-21-37-9 = 0.061,9-15-24-34-9 = 0.061,9-15-24-21-9 = 0.879,9-23-27-32-34-9 = 0.03,11-41-33-29-11 = 0.091,11-40-12-32-34-9 = 0.091,9-18-20-35-9 = 1.0,9-25-30-39-23-8 = 0.97,9-25-39-27-32-8 = 0.03,9-30-27-32-9 = 0.03
935,275,612.029,0.0,8.822,0.0,Prune by CG,,11-26-11 = 0.7,9-37-9 = 1.0,8-22-14-11 = 1.0,8-19-38-36-8 = 1.0,11-31-13-11 = 0.5,11-28-31-11 = 0.2,11-28-31-26-11 = 0.3,11-28-13-11 = 0.5,11-40-33-29-11 = 0.9,11-12-27-34-9 = 0.1,11-41-27-32-34-9 = 0.2,11-16-27-32-34-9 = 0.3,11-12-17-16-41-11 = 0.7,11-17-27-32-34-9 = 0.3,9-15-24-21-9 = 1.0,11-41-33-29-11 = 0.1,11-40-12-32-34-9 = 0.1,9-18-20-35-9 = 1.0,11-12-27-32-11 = 0.1,9-25-30-39-23-8 = 1.0
740,372,603.212,7.85,0.64,-0.483,937,938,11-14-11 = 0.025,8-36-8 = 0.05,9-37-9 = 0.9,8-22-19-8 = 0.45,8-19-38-36-8 = 0.55,11-31-13-11 = 0.5,11-28-31-26-11 = 0.5,11-28-13-26-11 = 0.5,11-40-33-29-11 = 0.525,8-12-18-39-9 = 0.05,11-22-14-11 = 0.025,11-22-16-17-41-11 = 0.05,11-22-16-41-14-11 = 0.475,11-17-33-29-11 = 0.475,8-18-12-32-9 = 0.25,8-23-12-32-34-9 = 0.25,8-23-18-39-21-9 = 0.05,8-23-18-27-8 = 0.3,9-30-18-39-9 = 0.35,11-40-17-16-41-14-11 = 0.475,9-15-21-37-9 = 0.1,9-15-24-21-9 = 0.85,9-15-30-35-9 = 0.05,9-25-20-35-34-9 = 0.75,9-25-30-20-9 = 0.25,9-39-23-38-36-8 = 0.4,9-30-39-24-9 = 0.15,11-12-27-32-11 = 0.45,8-38-27-32-8 = 0.05,9-30-35-27-8 = 0.2
879,602,603.084,6.667,0.208,0.5,939,940,11-14-11 = 0.25,8-19-8 = 0.25,9-37-9 = 0.667,8-22-16-41-11 = 0.25,8-22-16-41-14-11 = 0.75,8-19-38-36-8 = 0.75,11-31-13-26-11 = 0.5,11-28-31-26-11 = 0.5,11-40-33-29-11 = 0.25,11-17-33-29-11 = 0.75,9-24-21-37-9 = 0.167,9-30-20-35-9 = 0.833,11-40-28-13-11 = 0.5,11-40-17-27-32-11 = 0.25,9-15-21-37-9 = 0.167,9-15-24-34-9 = 0.167,9-15-24-21-9 = 0.667,9-25-18-23-34-9 = 0.333,9-25-18-23-39-9 = 0.5,9-25-30-39-34-9 = 0.167,11-12-38-36-8 = 0.25,9-39-20-35-34-9 = 0.167,11-12-27-32-8 = 0.75,9-23-18-39-34-9 = 0.167
939,879,606.696,0.0,3.612,0.0,Prune by CG,,11-14-11 = 0.25,8-19-8 = 0.25,9-37-9 = 0.667,8-22-16-41-11 = 0.25,8-22-16-41-14-11 = 0.75,8-19-38-36-8 = 0.75,11-31-13-26-11 = 0.5,11-28-31-26-11 = 0.5,11-40-33-29-11 = 0.25,11-17-33-29-11 = 0.75,9-30-20-35-9 = 0.333,11-40-28-13-11 = 0.5,11-40-17-27-32-11 = 0.25,9-15-24-21-9 = 1.0,9-25-30-37-9 = 0.333,9-25-30-39-34-9 = 0.333,11-12-38-36-8 = 0.25,9-39-20-35-34-9 = 0.333,11-12-27-32-8 = 0.75,9-23-18-20-9 = 0.333,9-23-18-39-34-9 = 0.333,9-25-18-23-35-9 = 0.333
786,393,603.1,8.2,0.425,0.39,941,942,11-14-11 = 0.1,9-37-9 = 0.4,8-22-14-11 = 0.4,8-19-38-36-8 = 0.4,8-19-36-8 = 0.6,11-31-13-11 = 0.3,11-31-13-26-11 = 0.2,11-28-31-26-11 = 0.5,11-28-13-26-11 = 0.3,11-40-33-29-11 = 0.8,11-22-16-41-14-11 = 0.5,11-17-33-29-11 = 0.2,8-23-12-32-34-9 = 0.6,9-24-21-37-9 = 0.2,9-30-20-35-9 = 0.8,11-17-27-32-34-9 = 0.2,11-40-28-13-11 = 0.2,9-15-21-37-9 = 0.2,9-15-24-39-9 = 0.4,9-15-24-21-9 = 0.4,9-21-39-20-35-9 = 0.2,9-25-30-37-9 = 0.2,9-25-18-23-34-9 = 0.2,9-25-18-23-39-9 = 0.2,11-17-27-38-8 = 0.6,9-25-18-16-41-11 = 0.4,11-22-16-41-11 = 0.1,9-18-12-32-8 = 0.2,9-39-12-27-8 = 0.2
942,786,606.544,0.0,3.443,0.0,Prune by CG,,11-14-11 = 0.5,9-37-9 = 0.5,8-22-19-36-8 = 1.0,11-31-13-26-11 = 0.5,11-28-31-26-11 = 0.5,11-28-13-11 = 0.5,11-40-33-29-11 = 1.0,8-23-12-32-34-9 = 1.0,9-30-20-35-9 = 0.5,9-15-24-39-9 = 0.5,9-15-24-21-9 = 0.5,9-21-39-20-35-9 = 0.5,9-25-30-37-9 = 0.5,11-17-27-38-8 = 1.0,9-25-18-16-41-11 = 0.5,9-18-16-41-14-11 = 0.5
491,363,603.19,6.952,1.111,-0.214,943,944,11-26-11 = 0.071,9-37-9 = 1.0,8-22-16-41-14-11 = 0.571,8-22-19-8 = 0.143,8-22-19-36-8 = 0.286,8-19-38-36-8 = 0.571,8-23-27-32-34-8 = 0.333,8-23-27-38-8 = 0.095,11-31-13-11 = 0.071,11-31-13-26-11 = 0.429,11-28-31-26-11 = 0.5,11-28-13-11 = 0.5,11-40-33-29-11 = 0.571,11-17-33-29-11 = 0.429,11-12-18-17-11 = 0.143,11-12-18-39-9 = 0.81,11-12-18-23-9 = 0.048,11-40-17-16-41-14-11 = 0.429,9-25-20-35-32-11 = 0.286,9-15-24-21-9 = 1.0,9-25-20-35-34-9 = 0.238,9-25-30-20-9 = 0.476,9-30-35-32-34-9 = 0.381,9-30-39-23-34-9 = 0.048,9-30-35-27-8 = 0.095,9-23-27-38-8 = 0.333,9-39-23-27-36-8 = 0.143
575,486,603.338,6.167,1.164,-1.167,945,946,9-37-9 = 0.917,8-22-19-36-8 = 0.5,8-19-38-36-8 = 0.5,11-31-13-26-11 = 0.5,11-28-31-26-11 = 0.5,11-28-13-11 = 0.25,11-40-33-29-11 = 1.0,11-22-14-11 = 0.5,11-12-18-23-9 = 0.25,11-12-27-32-9 = 0.75,9-30-20-35-9 = 0.917,11-17-27-32-34-9 = 0.25,9-15-21-37-9 = 0.083,9-15-24-39-9 = 0.083,9-15-24-21-9 = 0.833,9-21-39-20-35-9 = 0.083,9-39-23-38-34-9 = 0.5,9-25-17-16-41-14-11 = 0.5,9-25-18-16-41-11 = 0.25,9-18-17-16-41-11 = 0.25,9-30-39-24-9 = 0.083,9-25-28-13-11 = 0.25,9-23-18-39-34-9 = 0.25
945,575,607.145,0.0,3.807,0.0,Prune by CG,,9-15-9 = 0.093,9-37-9 = 1.0,8-22-19-36-8 = 0.628,8-19-38-36-8 = 0.279,8-19-23-39-21-9 = 0.093,11-31-13-26-11 = 0.5,11-28-31-26-11 = 0.5,11-28-13-11 = 0.5,11-40-33-29-11 = 0.767,11-22-14-11 = 0.372,11-17-33-29-11 = 0.233,11-12-27-32-9 = 0.814,9-30-20-35-9 = 0.907,11-17-27-32-34-9 = 0.186,11-40-17-20-35-9 = 0.047,9-15-24-39-9 = 0.047,9-15-24-21-9 = 0.86,9-21-39-20-35-9 = 0.047,9-39-23-38-34-9 = 0.628,9-25-17-16-41-14-11 = 0.233,9-39-23-38-36-8 = 0.093,11-40-12-23-34-9 = 0.186,9-25-18-16-41-11 = 0.535,9-18-17-16-41-11 = 0.07,9-30-39-24-9 = 0.093,9-18-16-41-14-11 = 0.163,9-25-18-17-14-11 = 0.233
771,632,603.182,7.0,0.468,-0.0,947,948,9-37-9 = 0.833,8-22-19-36-8 = 0.333,8-19-38-36-8 = 0.5,8-38-27-32-9 = 0.167,11-31-13-26-11 = 0.5,11-28-31-26-11 = 0.5,11-28-13-11 = 0.5,11-40-33-29-11 = 1.0,11-22-14-11 = 0.5,11-17-27-38-9 = 0.333,11-12-27-32-9 = 0.5,9-30-20-35-9 = 0.833,9-15-21-37-9 = 0.167,9-15-24-21-9 = 0.833,9-25-12-32-34-9 = 0.333,9-25-18-23-34-9 = 0.5,9-25-20-35-34-9 = 0.167,9-12-18-39-9 = 0.167,11-22-19-36-8 = 0.167,9-18-17-16-41-11 = 0.333,9-30-39-24-9 = 0.167,9-39-23-17-16-41-11 = 0.167,9-39-23-16-41-14-11 = 0.333,9-39-17-16-41-14-11 = 0.167
845,510,603.121,4.0,0.208,0.5,949,950,11-14-11 = 0.25,8-19-8 = 0.25,8-22-16-41-11 = 0.25,8-22-16-41-14-11 = 0.75,8-19-38-36-8 = 0.75,11-31-13-26-11 = 0.5,11-28-31-26-11 = 0.5,11-40-33-29-11 = 0.25,11-17-33-29-11 = 0.75,9-30-20-35-9 = 1.0,11-40-28-13-11 = 0.5,11-40-17-27-32-11 = 0.25,9-15-24-39-9 = 1.0,9-21-37-9 = 1.0,9-25-18-23-34-9 = 1.0,11-12-38-36-8 = 0.25,11-12-27-32-8 = 0.75
949,845,603.151,2.0,0.03,-2.0,951,952,11-26-11 = 0.5,8-22-16-41-14-11 = 1.0,8-19-38-36-8 = 1.0,11-31-13-26-11 = 0.5,11-17-33-29-11 = 1.0,9-30-20-35-9 = 1.0,11-40-28-13-11 = 0.5,11-40-28-31-11 = 0.5,9-15-24-39-9 = 1.0,9-21-37-9 = 1.0,9-25-18-23-34-9 = 1.0,11-12-27-32-8 = 1.0
951,949,616.257,0.0,13.106,0.0,Prune by CG,,11-26-11 = 0.5,8-22-16-41-14-11 = 1.0,8-19-38-36-8 = 1.0,11-17-33-29-11 = 0.5,9-30-20-35-9 = 1.0,11-40-28-31-11 = 1.0,9-15-24-39-9 = 1.0,9-21-37-9 = 1.0,9-25-18-23-34-9 = 1.0,11-12-27-32-8 = 1.0,11-33-13-26-11 = 0.5,11-17-13-29-11 = 0.5
952,949,610.784,0.0,7.633,0.0,Prune by CG,,8-22-16-41-14-11 = 1.0,8-19-38-36-8 = 1.0,11-31-13-26-11 = 1.0,11-17-33-11 = 1.0,9-30-20-35-9 = 1.0,11-40-28-29-11 = 1.0,9-15-24-39-9 = 1.0,9-21-37-9 = 1.0,9-25-18-23-34-9 = 1.0,11-12-27-32-8 = 1.0
781,779,603.197,6.75,0.461,0.0,953,954,9-37-9 = 0.583,8-19-38-36-8 = 1.0,11-31-13-11 = 0.375,11-31-13-26-11 = 0.125,11-28-31-26-11 = 0.375,11-28-31-14-11 = 0.125,11-28-13-26-11 = 0.5,11-40-33-29-11 = 0.625,11-22-14-11 = 0.75,11-22-16-17-41-11 = 0.25,9-24-21-37-9 = 0.125,9-30-20-35-9 = 0.833,9-15-21-37-9 = 0.125,9-15-24-39-9 = 0.125,9-15-24-21-9 = 0.75,9-25-30-37-9 = 0.167,9-25-12-23-39-9 = 0.292,9-25-18-27-9 = 0.375,9-25-20-35-34-9 = 0.167,9-18-27-32-9 = 0.042,9-18-12-23-9 = 0.458,9-23-12-32-34-9 = 0.25,9-39-27-32-34-9 = 0.583,11-41-33-29-11 = 0.125,11-40-17-16-41-11 = 0.375,9-18-17-41-14-11 = 0.125,11-16-17-33-32-9 = 0.125,11-16-33-29-11 = 0.125,11-17-16-41-29-11 = 0.125
954,781,611.843,0.0,8.645,0.0,Prune by CG,,9-37-9 = 0.6,8-22-14-11 = 0.2,8-19-38-36-8 = 0.8,11-31-13-11 = 0.5,11-28-31-26-11 = 0.5,11-28-13-26-11 = 0.5,11-40-33-29-11 = 1.0,11-22-14-11 = 0.3,11-22-16-17-32-9 = 0.2,11-16-17-32-34-9 = 0.5,11-22-16-32-34-9 = 0.1,9-30-20-35-9 = 0.9,9-15-21-37-9 = 0.3,9-15-24-21-9 = 0.7,9-25-30-37-9 = 0.1,9-25-12-23-34-9 = 0.1,9-25-12-23-39-9 = 0.2,9-25-18-27-9 = 0.5,9-25-20-35-34-9 = 0.1,9-23-12-18-9 = 0.5,9-23-12-32-34-9 = 0.2,11-22-19-41-11 = 0.2,9-39-27-41-14-11 = 0.5,11-16-38-36-8 = 0.2,9-24-39-17-41-11 = 0.3
953,781,603.244,6.333,0.046,-0.417,955,956,9-37-9 = 0.667,8-19-38-36-8 = 1.0,11-31-13-11 = 0.167,11-31-13-26-11 = 0.333,11-28-31-26-11 = 0.167,11-28-31-14-11 = 0.333,11-28-13-26-11 = 0.5,11-40-33-29-11 = 0.5,11-22-14-11 = 0.667,11-22-16-17-41-11 = 0.333,11-17-33-29-11 = 0.167,9-30-20-35-9 = 0.667,9-15-24-21-9 = 1.0,9-25-30-37-9 = 0.333,9-25-12-23-39-9 = 0.333,9-25-20-35-34-9 = 0.333,9-18-27-32-9 = 0.333,9-23-12-18-9 = 0.667,9-39-27-32-34-9 = 0.667,11-41-33-29-11 = 0.167,11-40-17-16-41-11 = 0.5,11-16-33-29-11 = 0.167
955,953,610.603,0.0,7.36,0.0,Prune by CG,,9-37-9 = 0.6,8-19-38-36-8 = 1.0,11-28-31-26-11 = 1.0,11-22-14-11 = 0.8,11-22-16-17-41-11 = 0.2,9-24-21-37-9 = 0.2,9-30-20-35-9 = 1.0,9-15-21-37-9 = 0.2,9-15-24-39-9 = 0.2,9-15-24-21-9 = 0.6,9-25-12-23-39-9 = 0.4,9-25-18-27-9 = 0.6,9-18-12-23-9 = 0.2,9-23-12-32-34-9 = 0.4,9-39-27-32-34-9 = 0.4,11-16-17-33-11 = 0.4,11-41-33-32-34-9 = 0.2,11-40-17-16-41-11 = 0.2,9-18-17-41-14-11 = 0.2,11-16-33-29-11 = 0.2,11-40-13-29-11 = 0.8,11-41-33-13-11 = 0.2
956,953,607.374,0.0,4.13,0.0,Prune by CG,,9-37-9 = 0.667,8-19-38-36-8 = 1.0,11-31-13-26-11 = 1.0,11-28-29-11 = 0.5,11-40-33-29-11 = 0.5,11-22-14-11 = 0.5,11-28-33-14-11 = 0.5,11-22-16-17-41-11 = 0.5,9-30-20-35-9 = 0.667,9-15-24-21-9 = 1.0,9-25-30-37-9 = 0.333,9-25-12-23-39-9 = 0.333,9-25-20-35-34-9 = 0.333,9-18-27-32-9 = 0.333,9-18-12-23-9 = 0.667,9-39-27-32-34-9 = 0.667,11-40-17-16-41-11 = 0.5
584,378,602.943,6.933,0.432,1.79,957,958,9-15-9 = 0.067,9-37-9 = 1.0,8-22-19-36-8 = 0.133,8-19-38-34-9 = 0.2,8-19-38-36-8 = 0.333,8-19-12-32-9 = 0.267,8-23-12-16-41-11 = 0.067,11-31-13-26-11 = 0.4,11-28-31-26-11 = 0.6,11-28-13-11 = 0.4,11-40-33-29-11 = 0.333,11-22-14-11 = 0.133,11-22-16-17-41-11 = 0.067,11-22-16-41-14-11 = 0.6,11-17-33-29-11 = 0.467,11-12-18-34-9 = 0.2,11-18-12-32-9 = 0.067,9-30-20-35-9 = 0.867,11-40-17-16-41-14-11 = 0.267,9-25-13-29-11 = 0.2,9-25-20-35-9 = 0.133,9-15-24-21-9 = 0.933,9-25-30-39-21-9 = 0.067,9-25-18-27-9 = 0.533,9-18-27-34-9 = 0.2,9-39-23-27-32-11 = 0.267,9-25-30-24-9 = 0.067,9-39-23-38-36-8 = 0.467,9-39-23-17-33-11 = 0.2,11-22-19-36-8 = 0.067,11-40-12-32-34-9 = 0.4
958,584,603.236,5.667,0.293,-1.267,959,960,11-14-11 = 0.167,9-37-9 = 1.0,8-22-19-36-8 = 0.167,8-19-38-34-9 = 0.333,8-19-38-36-8 = 0.333,8-23-12-16-41-11 = 0.167,11-31-13-11 = 0.333,11-28-31-26-11 = 0.667,11-28-13-26-11 = 0.333,11-40-33-29-11 = 0.167,11-22-16-41-14-11 = 0.667,11-17-33-29-11 = 0.5,11-12-18-39-9 = 0.167,9-30-20-35-9 = 1.0,11-40-17-16-41-14-11 = 0.167,9-25-13-29-11 = 0.333,9-15-24-21-9 = 1.0,9-25-18-27-9 = 0.667,9-18-27-32-9 = 0.167,9-39-23-27-32-11 = 0.167,9-39-23-38-36-8 = 0.333,9-39-23-17-33-11 = 0.333,11-22-19-36-8 = 0.167,11-40-12-32-34-9 = 0.667
960,958,609.837,0.0,6.601,0.0,Prune by CG,,9-37-9 = 1.0,8-19-38-36-8 = 0.333,8-19-36-38-9 = 0.333,8-23-12-16-41-11 = 0.333,11-31-13-26-11 = 0.5,11-28-31-26-11 = 0.5,11-28-13-11 = 0.167,11-40-33-29-11 = 0.667,11-22-14-11 = 0.667,11-17-33-29-11 = 0.333,9-30-20-35-9 = 0.667,11-40-17-16-41-14-11 = 0.333,9-25-20-35-9 = 0.333,9-15-24-39-9 = 0.333,9-15-24-21-9 = 0.667,9-25-30-39-21-9 = 0.333,9-18-27-32-9 = 0.333,9-18-27-34-9 = 0.333,9-39-27-32-34-9 = 0.333,11-22-19-36-8 = 0.333,11-12-23-38-8 = 0.333,9-18-17-32-34-9 = 0.333,9-25-28-13-11 = 0.333,11-12-23-16-41-11 = 0.333
508,279,603.587,4.0,1.762,-3.0,961,962,11-26-11 = 0.5,8-22-16-41-14-11 = 1.0,8-19-38-36-8 = 1.0,11-31-13-11 = 0.5,11-28-31-26-11 = 0.5,11-28-13-11 = 0.5,11-40-33-29-11 = 1.0,9-30-20-35-9 = 1.0,11-17-27-32-34-9 = 1.0,9-25-37-9 = 0.5,9-15-24-39-9 = 0.5,9-15-24-21-9 = 0.5,9-18-12-23-8 = 1.0,9-25-39-21-37-9 = 0.5
962,508,607.007,0.0,3.419,0.0,Prune by CG,,11-26-11 = 0.5,8-22-16-41-14-11 = 1.0,8-19-38-36-8 = 1.0,11-31-13-11 = 0.5,11-28-31-26-11 = 0.5,11-28-13-11 = 0.5,11-40-33-29-11 = 1.0,9-30-20-35-9 = 1.0,11-17-27-32-34-9 = 1.0,9-15-24-9 = 1.0,9-18-12-23-8 = 1.0,9-25-39-21-37-9 = 1.0
867,633,603.224,9.391,0.345,-0.109,963,964,11-14-11 = 0.348,9-21-9 = 0.022,8-36-8 = 0.5,9-37-9 = 1.0,11-18-23-38-8 = 0.043,8-22-14-11 = 0.5,8-22-19-8 = 0.5,8-19-38-36-8 = 0.5,11-31-13-26-11 = 0.5,11-28-31-26-11 = 0.5,11-28-13-11 = 0.5,11-40-33-29-11 = 0.652,11-16-17-20-35-9 = 0.348,11-12-17-16-41-11 = 0.413,11-40-12-23-39-9 = 0.109,9-30-20-35-9 = 0.565,11-40-17-16-41-14-11 = 0.152,9-15-24-21-9 = 0.565,9-21-39-23-38-8 = 0.413,9-25-12-32-34-9 = 0.478,9-25-20-35-34-9 = 0.087,9-15-24-9 = 0.435,9-18-27-32-9 = 0.522,9-23-18-27-9 = 0.435,9-25-30-39-34-9 = 0.435,11-41-33-29-11 = 0.348,11-40-17-16-41-11 = 0.087,9-39-27-38-8 = 0.043
621,514,603.296,6.429,0.846,-0.571,965,966,9-15-9 = 0.143,9-37-9 = 1.0,11-18-27-32-9 = 0.5,11-18-23-24-9 = 0.143,8-22-19-36-8 = 0.214,8-19-38-36-8 = 0.786,11-31-13-11 = 0.429,11-31-13-26-11 = 0.143,11-28-31-26-11 = 0.429,11-28-29-11 = 0.143,11-28-13-26-11 = 0.429,11-40-33-29-11 = 0.857,11-22-16-41-14-11 = 0.571,9-30-20-35-9 = 0.714,9-15-24-21-9 = 0.857,9-25-30-39-23-9 = 0.143,9-25-30-39-21-9 = 0.143,9-25-18-23-34-9 = 0.214,9-25-20-35-34-9 = 0.286,9-18-12-17-11 = 0.143,9-12-17-16-14-11 = 0.429,9-39-23-27-32-9 = 0.357,9-39-23-27-34-9 = 0.143,9-25-12-17-41-11 = 0.214,9-39-12-17-41-11 = 0.214,11-40-33-32-34-9 = 0.143,11-22-38-34-9 = 0.214
595,593,603.297,6.6,1.048,-0.567,967,968,8-36-8 = 0.2,9-37-9 = 0.3,8-22-14-11 = 0.5,8-22-16-41-14-11 = 0.3,8-22-19-8 = 0.2,8-19-38-36-8 = 0.8,11-31-13-26-11 = 0.5,11-28-31-26-11 = 0.5,11-28-13-11 = 0.3,11-40-33-29-11 = 0.9,11-12-27-34-9 = 0.1,9-30-20-35-9 = 1.0,11-17-27-32-34-9 = 0.8,9-15-21-37-9 = 0.3,9-15-24-39-9 = 0.7,9-21-37-9 = 0.4,9-21-39-23-24-9 = 0.3,9-25-17-16-41-14-11 = 0.2,11-12-18-23-8 = 0.5,11-12-23-38-8 = 0.2,11-40-12-32-34-9 = 0.1,9-25-18-16-41-11 = 0.5,9-25-33-29-11 = 0.1,9-25-28-13-11 = 0.2,11-12-27-32-8 = 0.1
777,648,603.223,7.0,0.579,0.0,969,970,9-37-9 = 1.0,8-19-16-41-14-11 = 0.5,8-22-19-36-8 = 0.5,11-31-13-26-11 = 0.5,11-28-31-26-11 = 0.5,11-28-13-11 = 0.5,11-40-33-29-11 = 1.0,11-22-14-11 = 0.25,11-22-16-41-14-11 = 0.25,11-17-27-38-9 = 0.5,11-16-17-27-34-9 = 0.25,11-17-27-32-34-9 = 0.25,9-15-24-21-9 = 1.0,9-25-30-35-34-9 = 0.5,9-18-12-32-9 = 0.5,9-18-12-32-11 = 0.25,9-25-30-20-9 = 0.5,9-39-23-38-36-8 = 0.5,9-39-23-20-35-9 = 0.5,9-18-12-41-11 = 0.25
970,777,606.214,0.0,2.991,0.0,Prune by CG,,9-37-9 = 0.833,8-22-19-36-8 = 0.5,8-19-38-36-8 = 0.5,11-31-13-26-11 = 0.5,11-28-31-26-11 = 0.5,11-28-13-11 = 0.5,11-40-33-29-11 = 1.0,11-22-14-11 = 0.5,11-16-17-27-32-9 = 1.0,9-15-24-39-9 = 0.167,9-15-24-21-9 = 0.833,9-21-39-20-35-9 = 0.167,9-25-30-35-34-9 = 0.333,9-25-30-37-9 = 0.167,9-25-30-20-9 = 0.333,9-25-30-39-34-9 = 0.167,9-39-23-38-34-9 = 0.5,9-18-20-35-9 = 0.5,9-23-12-41-14-11 = 0.5,9-18-12-41-11 = 0.5
704,400,603.015,8.611,0.316,1.611,971,972,8-36-8 = 0.083,9-37-9 = 0.556,8-22-14-11 = 0.5,8-22-19-8 = 0.25,8-19-38-36-8 = 0.667,8-19-23-38-8 = 0.083,11-31-13-11 = 0.5,11-28-31-26-11 = 0.5,11-28-13-26-11 = 0.5,11-40-33-29-11 = 0.75,11-22-16-41-14-11 = 0.25,11-17-33-29-11 = 0.25,11-12-17-16-41-11 = 0.5,9-30-20-35-9 = 0.556,11-40-17-16-41-14-11 = 0.25,9-15-21-37-9 = 0.111,9-15-24-39-9 = 0.444,9-15-24-21-9 = 0.444,9-21-39-20-35-9 = 0.444,9-25-30-37-9 = 0.333,9-18-27-32-9 = 0.167,9-18-27-34-9 = 0.167,11-12-18-23-8 = 0.5,9-30-39-24-9 = 0.111,9-25-27-32-34-9 = 0.667,8-23-18-32-34-8 = 0.167,8-23-38-36-8 = 0.25
972,704,606.019,0.0,3.004,0.0,Prune by CG,,9-37-9 = 0.5,8-22-14-11 = 0.5,8-22-19-36-8 = 0.25,8-19-36-8 = 0.25,8-19-23-38-8 = 0.5,11-31-13-26-11 = 0.5,11-28-31-26-11 = 0.5,11-28-13-11 = 0.5,11-40-33-29-11 = 0.75,11-22-16-41-14-11 = 0.25,11-17-33-29-11 = 0.25,11-12-18-39-9 = 0.5,11-12-17-16-41-11 = 0.5,9-30-20-35-9 = 0.5,11-40-17-16-41-14-11 = 0.25,9-15-24-21-9 = 1.0,9-25-30-37-9 = 0.5,9-39-20-35-34-9 = 0.5,9-25-27-32-34-9 = 0.5,8-23-38-36-8 = 0.5,9-18-27-32-8 = 0.5
797,638,603.153,6.75,0.253,0.568,973,974,9-15-9 = 0.125,9-37-9 = 1.0,8-19-16-41-14-11 = 0.125,8-22-19-36-8 = 0.5,8-19-38-36-8 = 0.375,11-31-13-11 = 0.5,11-28-31-26-11 = 0.5,11-28-13-26-11 = 0.5,11-40-33-29-11 = 0.875,11-22-16-41-14-11 = 0.5,11-17-33-29-11 = 0.125,11-17-27-41-14-11 = 0.375,11-12-27-32-9 = 0.125,11-16-17-27-32-11 = 0.375,9-30-20-35-9 = 0.875,11-40-17-27-32-11 = 0.125,9-25-20-35-9 = 0.125,9-15-24-21-9 = 0.875,9-21-39-23-38-9 = 0.125,9-25-12-18-9 = 0.5,9-25-18-23-34-9 = 0.375,9-18-12-32-9 = 0.125,9-39-12-32-34-9 = 0.25,9-39-23-38-34-9 = 0.375,9-39-23-38-36-8 = 0.125,9-30-39-24-9 = 0.125
973,797,608.72,0.0,5.568,0.0,Prune by CG,,9-21-9 = 0.25,9-37-9 = 1.0,8-22-19-36-8 = 0.625,8-19-38-36-8 = 0.375,11-31-13-26-11 = 0.5,11-28-31-14-11 = 0.5,11-28-13-26-11 = 0.5,11-40-33-29-11 = 0.5,11-22-16-41-14-11 = 0.375,11-12-27-34-9 = 0.125,11-16-17-27-32-11 = 0.5,9-30-20-35-9 = 1.0,11-40-17-27-32-11 = 0.375,11-40-17-16-41-14-11 = 0.125,9-15-24-39-9 = 0.25,9-15-24-21-9 = 0.75,9-25-12-18-9 = 0.625,9-25-12-23-39-9 = 0.125,9-25-18-23-34-9 = 0.25,9-18-12-32-11 = 0.125,9-39-23-38-34-9 = 0.625,11-41-33-29-11 = 0.5
897,761,603.26,5.5,0.282,-0.167,975,976,9-37-9 = 0.833,8-19-38-36-8 = 1.0,11-31-13-26-11 = 0.5,11-28-31-26-11 = 0.5,11-28-13-11 = 0.5,11-40-33-29-11 = 1.0,11-22-14-11 = 0.5,11-16-27-32-34-9 = 0.5,11-22-16-27-9 = 0.083,11-22-16-32-34-9 = 0.417,9-30-20-35-9 = 0.833,9-25-20-35-32-9 = 0.083,9-15-24-21-9 = 1.0,9-25-30-37-9 = 0.167,9-25-18-23-39-9 = 0.583,9-25-20-35-34-9 = 0.083,9-23-18-27-9 = 0.417,9-25-12-17-41-11 = 0.083,9-39-12-17-41-11 = 0.417,9-12-17-41-14-11 = 0.5
975,897,607.052,0.0,3.792,0.0,Prune by CG,,9-37-9 = 0.5,8-19-38-36-8 = 1.0,11-31-13-11 = 0.5,11-28-31-26-11 = 0.5,11-28-13-26-11 = 0.5,11-40-33-29-11 = 1.0,11-22-14-11 = 0.5,11-16-27-32-34-9 = 0.5,11-22-16-32-34-9 = 0.5,9-30-18-39-9 = 0.5,9-25-20-35-9 = 1.0,9-15-21-37-9 = 0.5,9-15-24-21-9 = 0.5,9-23-12-17-41-11 = 0.5,9-23-18-27-9 = 0.5,9-30-39-24-9 = 0.5,9-12-17-41-14-11 = 0.5
722,511,603.285,6.0,0.903,-0.333,977,978,9-37-9 = 0.5,8-22-14-11 = 0.5,8-22-16-41-14-11 = 0.5,8-19-38-36-8 = 1.0,11-31-13-11 = 0.5,11-28-31-26-11 = 0.5,11-28-13-26-11 = 0.5,11-40-33-29-11 = 1.0,11-17-20-35-34-9 = 0.5,11-12-17-16-41-11 = 0.5,11-12-20-35-9 = 0.5,9-15-24-34-9 = 0.5,9-15-24-21-9 = 0.5,9-21-37-9 = 0.5,9-18-27-32-9 = 1.0,9-25-30-39-23-8 = 1.0
430,352,603.338,4.6,1.551,-0.733,979,980,11-26-11 = 0.3,9-37-9 = 0.8,8-19-38-36-8 = 1.0,11-31-13-11 = 0.2,11-31-13-26-11 = 0.3,11-28-31-26-11 = 0.4,11-40-33-29-11 = 0.2,11-22-16-41-14-11 = 1.0,11-17-33-29-11 = 0.8,9-24-21-37-9 = 0.2,9-30-20-35-9 = 1.0,11-40-28-13-11 = 0.5,11-40-28-31-11 = 0.1,11-40-17-32-34-9 = 0.2,9-15-24-39-9 = 0.2,9-15-24-21-9 = 0.6,9-15-39-23-34-9 = 0.2,9-21-39-27-32-11 = 0.2,9-25-12-18-9 = 1.0,9-23-27-32-34-9 = 0.4,9-39-23-27-32-9 = 0.2,9-39-23-27-34-9 = 0.2
979,430,610.385,0.0,7.047,0.0,Prune by CG,,9-37-9 = 1.0,8-19-38-36-8 = 1.0,11-31-13-26-11 = 1.0,11-28-29-11 = 1.0,11-22-16-41-14-11 = 1.0,9-30-20-35-9 = 1.0,9-15-24-21-9 = 1.0,9-25-12-18-9 = 1.0,9-39-23-27-34-9 = 1.0,11-40-17-33-32-11 = 1.0
499,454,603.38,2.0,0.798,-1.0,981,982,11-26-11 = 0.5,8-22-16-41-14-11 = 1.0,8-19-38-36-8 = 1.0,11-31-13-11 = 0.5,11-28-31-26-11 = 0.5,11-28-13-11 = 0.5,11-40-33-29-11 = 1.0,11-17-20-35-9 = 1.0,9-15-24-21-9 = 1.0,9-25-30-37-9 = 1.0,9-39-23-27-34-9 = 1.0,9-18-12-32-8 = 1.0
981,499,610.879,0.0,7.499,0.0,Prune by CG,,11-26-11 = 0.423,9-37-9 = 0.462,11-13-29-11 = 0.5,8-22-16-41-14-11 = 1.0,8-19-38-36-8 = 1.0,11-28-31-11 = 0.423,11-28-31-26-11 = 0.577,11-40-33-29-11 = 0.423,11-40-33-13-11 = 0.423,11-17-20-35-34-9 = 0.615,11-17-27-32-34-9 = 0.231,11-40-17-20-35-9 = 0.154,9-25-13-29-11 = 0.077,9-15-24-39-9 = 0.231,9-15-24-21-9 = 0.692,9-25-30-37-9 = 0.538,9-25-30-39-21-9 = 0.308,9-25-30-15-9 = 0.077,9-39-23-27-32-9 = 0.231,9-39-23-27-34-9 = 0.154,9-30-39-24-9 = 0.077,11-27-20-35-9 = 0.231,9-18-12-32-8 = 0.538,9-18-12-23-8 = 0.462,9-23-27-33-11 = 0.154
982,499,609.083,0.0,5.703,0.0,Prune by CG,,11-26-11 = 0.429,9-37-9 = 0.286,8-22-16-41-14-11 = 1.0,8-19-38-36-8 = 1.0,11-31-13-11 = 0.429,11-31-13-26-11 = 0.571,11-28-29-11 = 0.571,11-28-33-11 = 0.429,11-40-33-29-11 = 0.429,11-17-20-35-34-9 = 0.286,11-17-27-32-34-9 = 0.143,11-40-17-20-35-9 = 0.571,9-15-24-39-9 = 0.143,9-15-24-21-9 = 0.857,9-25-30-37-9 = 0.714,9-25-30-39-21-9 = 0.143,9-39-23-27-32-9 = 0.143,9-39-23-27-34-9 = 0.429,9-25-30-39-34-9 = 0.143,11-27-20-35-9 = 0.143,9-18-12-32-8 = 0.714,9-18-12-23-8 = 0.286,9-23-27-33-11 = 0.143
542,526,603.28,7.783,0.995,-0.217,983,984,11-14-11 = 0.043,9-37-9 = 0.783,11-18-20-35-9 = 0.13,8-22-19-36-8 = 0.478,8-19-38-34-9 = 0.522,11-31-13-11 = 0.478,11-31-13-26-11 = 0.043,11-28-31-26-11 = 0.478,11-28-29-11 = 0.043,11-28-13-26-11 = 0.478,11-40-33-29-11 = 0.478,11-22-14-11 = 0.478,11-22-16-17-41-11 = 0.043,11-17-33-29-11 = 0.478,9-30-20-35-9 = 0.783,11-40-17-16-41-14-11 = 0.478,9-15-24-21-9 = 1.0,9-25-30-37-9 = 0.217,9-25-35-27-34-9 = 0.087,9-25-12-27-9 = 0.478,9-18-12-32-9 = 0.522,9-39-27-32-34-9 = 0.348,9-39-23-38-36-8 = 0.478,11-40-33-32-34-9 = 0.043,9-25-18-23-36-8 = 0.043,9-25-39-23-16-41-11 = 0.174,11-18-23-16-41-11 = 0.304,9-20-27-32-9 = 0.087
984,542,609.574,0.0,6.294,0.0,Prune by CG,,9-37-9 = 0.8,11-18-20-35-9 = 0.2,8-22-19-8 = 0.2,8-19-38-34-9 = 0.2,8-19-38-36-8 = 0.4,8-36-38-34-9 = 0.2,11-31-13-26-11 = 0.6,11-28-31-26-11 = 0.4,11-22-14-11 = 0.6,11-17-33-29-11 = 0.8,11-25-30-37-9 = 0.2,9-30-20-35-9 = 0.8,11-40-28-13-11 = 0.4,11-40-28-29-11 = 0.2,9-15-24-21-9 = 1.0,9-25-12-27-9 = 0.6,9-18-12-32-9 = 0.4,9-39-27-32-34-9 = 0.4,11-22-19-36-8 = 0.2,11-40-33-32-34-9 = 0.2,11-40-17-38-36-8 = 0.2,9-39-23-16-41-14-11 = 0.4,9-25-39-23-16-41-11 = 0.2,9-23-18-16-41-11 = 0.4
864,161,603.17,6.667,0.036,0.467,985,986,9-15-9 = 0.25,9-21-9 = 0.667,9-37-9 = 1.0,8-19-38-36-8 = 1.0,11-31-13-26-11 = 0.5,11-28-31-26-11 = 0.5,11-28-13-11 = 0.5,11-40-33-29-11 = 1.0,11-22-14-11 = 0.5,11-22-16-41-14-11 = 0.5,11-16-17-27-34-9 = 0.25,9-30-20-35-9 = 0.417,11-17-27-32-34-9 = 0.25,9-25-20-35-9 = 0.333,9-25-30-39-21-9 = 0.333,9-25-20-35-34-9 = 0.25,9-15-24-9 = 0.75,9-18-12-32-9 = 0.75,9-23-12-17-41-11 = 0.25,9-23-18-27-9 = 0.25,9-39-23-27-34-9 = 0.25,9-25-30-24-9 = 0.083,9-30-39-24-9 = 0.167,9-39-23-17-16-41-11 = 0.25
985,864,606.374,0.0,3.205,0.0,Prune by CG,,9-15-9 = 0.5,9-21-9 = 0.7,9-37-9 = 1.0,8-19-38-36-8 = 1.0,11-31-13-11 = 0.5,11-28-31-26-11 = 0.5,11-28-13-26-11 = 0.5,11-40-33-29-11 = 1.0,11-22-14-11 = 0.5,11-22-16-41-14-11 = 0.5,11-12-18-39-9 = 0.3,11-16-27-32-34-9 = 0.2,9-30-20-35-9 = 0.5,9-15-24-21-9 = 0.3,9-25-20-35-34-9 = 0.5,9-15-24-9 = 0.2,9-23-12-17-32-9 = 0.2,9-23-12-17-41-11 = 0.2,9-23-18-27-9 = 0.4,9-39-27-32-34-9 = 0.2,9-39-23-27-32-9 = 0.1,9-39-23-27-34-9 = 0.1,9-25-30-24-9 = 0.5,9-39-12-17-32-9 = 0.3,9-18-17-16-41-11 = 0.3
793,742,603.614,2.0,0.573,-2.375,987,988,11-26-11 = 0.5,8-22-16-41-14-11 = 1.0,8-19-38-36-8 = 1.0,11-31-13-26-11 = 0.5,11-17-33-29-11 = 1.0,9-30-20-35-9 = 1.0,11-40-28-13-11 = 0.5,11-40-28-31-11 = 0.5,9-25-37-9 = 1.0,9-15-24-21-9 = 1.0,9-39-27-32-34-9 = 1.0,11-12-18-23-8 = 1.0
987,793,609.395,0.0,5.78,0.0,Prune by CG,,11-14-11 = 0.333,8-22-16-41-11 = 0.333,8-22-16-41-14-11 = 0.667,8-19-38-36-8 = 1.0,11-28-31-26-11 = 1.0,11-17-33-13-11 = 0.333,11-17-33-29-11 = 0.333,9-30-20-35-9 = 1.0,9-25-37-9 = 1.0,9-15-24-21-9 = 1.0,9-39-27-32-34-9 = 1.0,11-12-18-23-8 = 1.0,11-40-17-33-11 = 0.333,11-40-13-29-11 = 0.667
988,793,607.709,0.0,4.094,0.0,Prune by CG,,8-22-16-41-14-11 = 1.0,8-19-38-36-8 = 1.0,11-31-13-26-11 = 1.0,11-28-29-11 = 1.0,9-30-20-35-9 = 1.0,9-25-37-9 = 1.0,9-15-24-21-9 = 1.0,9-39-27-32-34-9 = 1.0,11-12-18-23-8 = 1.0,11-40-17-33-11 = 1.0
614,338,603.296,8.5,0.984,-0.1,989,990,11-14-11 = 0.5,9-37-9 = 0.375,8-22-19-36-8 = 0.25,8-19-38-36-8 = 0.75,8-22-16-17-41-11 = 0.5,11-31-13-26-11 = 0.5,11-28-31-26-11 = 0.5,11-28-13-11 = 0.5,11-40-33-29-11 = 0.75,11-22-16-41-14-11 = 0.25,11-17-33-29-11 = 0.25,8-12-18-23-8 = 0.292,8-23-18-32-34-9 = 0.208,9-30-35-27-9 = 0.167,9-30-18-39-9 = 0.042,11-40-17-16-41-14-11 = 0.25,9-25-20-35-9 = 0.375,9-15-21-37-9 = 0.625,9-15-24-21-9 = 0.375,9-25-20-35-34-9 = 0.458,9-23-18-27-9 = 0.25,9-39-27-32-34-9 = 0.333,9-25-30-20-9 = 0.167,11-12-23-38-8 = 0.25,9-30-39-24-9 = 0.625,11-12-27-32-8 = 0.25,9-18-12-32-8 = 0.208
413,356,603.08,8.0,1.409,1.333,991,992,9-37-9 = 1.0,8-22-19-36-8 = 0.167,8-19-38-36-8 = 0.5,8-19-23-27-9 = 0.333,11-31-13-26-11 = 0.5,11-28-31-26-11 = 0.5,11-28-13-11 = 0.167,11-40-33-29-11 = 0.667,11-22-14-11 = 0.167,11-22-16-41-14-11 = 0.667,11-17-33-29-11 = 0.333,11-12-27-34-9 = 0.333,11-16-17-27-32-11 = 0.333,11-40-28-13-11 = 0.333,9-15-24-21-9 = 0.5,9-21-39-20-35-9 = 0.5,9-25-30-35-34-9 = 0.5,9-15-24-9 = 0.5,9-18-12-32-9 = 0.667,9-23-18-17-41-11 = 0.167,9-25-30-20-9 = 0.5,9-39-23-38-34-9 = 0.167,9-39-23-38-36-8 = 0.333,9-18-17-41-14-11 = 0.167
991,413,606.234,0.0,3.155,0.0,Prune by CG,,9-37-9 = 1.0,8-19-38-36-8 = 0.875,8-38-27-34-9 = 0.125,11-31-13-26-11 = 0.5,11-28-31-26-11 = 0.5,11-28-13-11 = 0.25,11-40-33-29-11 = 0.75,11-22-14-11 = 0.25,11-22-16-41-14-11 = 0.5,11-12-27-35-9 = 0.25,11-12-27-34-9 = 0.125,11-16-27-32-34-9 = 0.375,11-22-16-27-9 = 0.125,11-40-28-13-11 = 0.25,9-15-24-21-9 = 0.75,9-21-39-20-35-9 = 0.25,9-25-30-35-34-9 = 0.375,9-15-24-9 = 0.25,9-18-12-32-9 = 0.625,9-23-18-17-41-11 = 0.25,9-25-30-20-9 = 0.625,9-39-23-17-33-11 = 0.25,11-22-19-36-8 = 0.125,9-18-20-35-9 = 0.125,9-39-23-17-29-11 = 0.25,9-39-23-17-41-14-11 = 0.25
800,476,603.536,6.167,0.613,-1.833,993,994,11-14-11 = 0.25,9-37-9 = 0.833,8-22-16-41-11 = 0.25,8-22-16-41-14-11 = 0.75,8-19-38-36-8 = 1.0,11-31-13-26-11 = 0.5,11-28-31-26-11 = 0.5,11-40-33-29-11 = 0.25,11-17-33-29-11 = 0.75,9-30-20-35-9 = 0.583,11-40-28-13-11 = 0.5,11-40-17-32-34-9 = 0.25,9-15-21-37-9 = 0.167,9-15-24-39-9 = 0.417,9-15-24-21-9 = 0.417,9-21-39-20-35-9 = 0.167,9-25-30-39-21-9 = 0.25,9-25-35-27-34-9 = 0.25,11-12-18-23-8 = 1.0,9-30-39-24-9 = 0.167,9-25-27-32-34-9 = 0.5,9-20-27-32-11 = 0.25
993,800,613.791,0.0,10.255,0.0,Prune by CG,,8-19-8 = 0.25,9-37-9 = 0.917,8-22-16-41-14-11 = 1.0,8-19-38-36-8 = 0.75,11-31-13-11 = 0.5,11-28-31-26-11 = 0.5,11-28-13-26-11 = 0.5,11-40-33-29-11 = 0.25,11-17-33-29-11 = 0.583,11-17-33-32-34-9 = 0.167,11-12-18-39-9 = 0.083,11-12-18-23-9 = 0.083,9-30-35-27-9 = 0.25,9-15-24-39-9 = 0.25,9-15-24-21-9 = 0.75,9-25-30-37-9 = 0.083,9-25-30-39-21-9 = 0.25,9-25-35-27-34-9 = 0.25,9-25-30-39-34-9 = 0.417,11-12-18-23-8 = 0.75,11-40-12-23-34-9 = 0.083,11-40-18-23-34-9 = 0.083,11-40-17-38-36-8 = 0.25,9-20-27-32-11 = 0.5,11-20-35-29-11 = 0.167,11-40-20-35-32-11 = 0.333
938,740,603.268,8.0,0.056,0.15,995,996,9-37-9 = 1.0,8-22-19-8 = 0.5,8-19-38-36-8 = 0.5,11-31-13-26-11 = 0.5,11-28-31-26-11 = 0.5,11-28-13-11 = 0.5,11-40-33-29-11 = 0.5,8-12-18-39-9 = 0.5,11-22-16-41-14-11 = 0.5,11-17-33-29-11 = 0.5,8-23-18-27-8 = 0.5,11-40-17-16-41-14-11 = 0.5,9-15-24-21-9 = 1.0,9-25-20-35-34-9 = 0.5,9-25-30-20-9 = 0.5,9-39-23-38-36-8 = 0.5,9-30-35-32-34-9 = 0.5,11-12-27-32-11 = 0.5
995,938,608.34,0.0,5.073,0.0,Prune by CG,,8-36-8 = 0.042,9-37-9 = 1.0,8-22-19-8 = 0.333,8-19-38-36-8 = 0.667,11-31-13-26-11 = 0.5,11-28-31-26-11 = 0.5,11-28-13-11 = 0.5,11-40-33-29-11 = 0.667,11-22-16-41-14-11 = 0.667,8-23-18-39-34-9 = 0.083,8-23-18-39-21-9 = 0.292,8-18-27-32-8 = 0.25,8-23-18-27-8 = 0.333,9-30-18-35-9 = 0.042,11-40-17-16-41-14-11 = 0.333,9-15-24-39-9 = 0.292,9-15-24-21-9 = 0.708,9-25-20-35-34-9 = 0.5,9-25-30-20-9 = 0.5,9-39-23-38-36-8 = 0.292,11-12-17-33-11 = 0.333,9-39-27-38-8 = 0.042,9-30-35-32-34-9 = 0.417,11-12-27-32-11 = 0.333,9-30-35-27-8 = 0.042,11-12-17-29-11 = 0.333
223,125,604.074,4.0,3.625,-5.0,997,998,9-37-9 = 0.5,8-19-38-36-8 = 1.0,11-31-13-11 = 0.5,11-28-31-26-11 = 0.5,11-28-13-26-11 = 0.5,11-40-33-29-11 = 1.0,11-22-14-11 = 1.0,11-17-20-35-34-9 = 1.0,9-15-24-39-9 = 0.5,9-15-24-21-9 = 0.5,9-25-30-37-9 = 0.5,9-25-30-39-21-9 = 0.5,9-18-27-32-9 = 1.0,9-23-12-16-41-11 = 1.0
998,223,609.66,0.0,5.586,0.0,Prune by CG,,11-26-11 = 0.3,8-19-38-36-8 = 1.0,11-31-13-11 = 0.5,11-28-31-26-11 = 0.5,11-28-13-11 = 0.3,11-28-13-26-11 = 0.2,11-40-33-29-11 = 1.0,11-22-14-11 = 1.0,11-17-20-35-34-9 = 1.0,11-18-39-24-9 = 0.2,9-15-21-37-9 = 0.2,9-15-24-39-9 = 0.2,9-15-24-21-9 = 0.6,9-25-30-37-9 = 0.8,9-25-30-39-21-9 = 0.2,9-18-27-32-9 = 0.8,9-23-12-16-41-11 = 0.8,9-39-23-27-32-11 = 0.2,9-39-12-16-41-11 = 0.2
965,621,603.335,6.143,0.038,-0.286,999,1000,9-37-9 = 1.0,11-18-27-32-9 = 0.429,8-22-19-36-8 = 0.143,8-19-38-34-9 = 0.143,8-19-38-36-8 = 0.714,11-31-13-26-11 = 0.714,11-28-31-26-11 = 0.286,11-28-13-11 = 0.286,11-28-29-11 = 0.429,11-40-33-29-11 = 0.571,11-22-16-41-14-11 = 0.714,9-30-20-35-9 = 0.714,9-25-20-35-9 = 0.286,9-15-24-21-9 = 1.0,9-25-30-39-23-9 = 0.286,9-25-18-23-39-9 = 0.143,9-18-12-17-11 = 0.429,9-12-17-16-14-11 = 0.286,9-39-23-27-32-9 = 0.143,9-39-23-27-34-9 = 0.429,9-25-12-17-41-11 = 0.286,11-40-33-32-34-9 = 0.429,11-22-38-36-8 = 0.143
999,965,604.394,0.0,1.06,-6.143,Integer,,9-37-9 = 1.0,8-19-38-36-8 = 1.0,11-31-13-26-11 = 1.0,11-28-29-11 = 1.0,11-22-16-41-14-11 = 1.0,9-15-24-21-9 = 1.0,9-18-12-17-11 = 1.0,9-39-23-27-35-9 = 1.0,9-25-30-20-9 = 1.0,11-40-33-32-34-9 = 1.0
1000,965,607.467,0.0,4.132,0.0,Prune by CG,,9-37-9 = 0.75,11-18-27-32-9 = 1.0,8-22-19-36-8 = 1.0,11-31-13-11 = 0.5,11-28-31-26-11 = 0.5,11-28-13-26-11 = 0.5,11-40-33-29-11 = 1.0,9-30-20-35-9 = 0.75,9-25-20-35-9 = 0.25,9-15-24-21-9 = 1.0,9-25-30-37-9 = 0.25,9-12-17-16-14-11 = 0.5,9-39-23-38-34-9 = 1.0,9-25-12-17-41-11 = 0.5,11-16-41-14-11 = 0.5
724,721,603.139,7.333,0.578,1.167,1001,1002,9-37-9 = 0.667,8-22-14-11 = 0.75,8-22-16-41-14-11 = 0.25,8-19-38-36-8 = 1.0,11-31-13-11 = 0.5,11-28-31-26-11 = 0.5,11-28-13-26-11 = 0.5,11-40-33-29-11 = 0.75,11-16-17-20-35-9 = 0.25,11-12-17-16-41-11 = 0.5,11-12-20-35-9 = 0.5,11-40-17-20-35-9 = 0.25,9-15-21-37-9 = 0.333,9-15-24-21-9 = 0.667,9-23-27-32-34-9 = 0.333,9-23-18-32-34-9 = 0.333,9-39-27-32-34-9 = 0.333,11-41-33-29-11 = 0.25,9-30-39-24-9 = 0.333,9-25-18-27-8 = 0.333,9-25-30-39-23-8 = 0.333,9-25-30-18-8 = 0.333
1002,724,609.38,0.0,6.242,0.0,Prune by CG,,9-37-9 = 0.5,8-22-14-11 = 1.0,8-19-38-36-8 = 1.0,11-31-13-11 = 0.5,11-28-31-26-11 = 0.5,11-28-13-26-11 = 0.5,11-40-33-29-11 = 0.5,11-16-17-20-35-9 = 0.5,11-12-20-35-9 = 0.5,9-15-21-37-9 = 0.5,9-15-24-21-9 = 0.5,9-23-18-32-34-9 = 0.5,9-39-27-32-34-9 = 0.5,11-41-33-29-11 = 0.5,9-30-39-24-9 = 0.5,11-40-12-17-41-11 = 0.5,9-25-30-23-16-8 = 0.5,9-25-18-27-8 = 0.5
545,544,603.261,6.278,1.09,0.278,1003,1004,8-19-8 = 0.25,9-37-9 = 1.0,8-22-16-41-14-11 = 0.75,8-19-16-41-14-11 = 0.111,8-22-19-8 = 0.25,8-19-38-36-8 = 0.389,8-12-27-36-8 = 0.111,11-31-13-26-11 = 0.417,11-28-31-26-11 = 0.444,11-28-31-14-11 = 0.139,11-28-13-26-11 = 0.139,11-40-33-29-11 = 0.611,11-17-33-29-11 = 0.083,9-30-20-35-9 = 1.0,9-25-13-29-11 = 0.167,9-15-24-21-9 = 1.0,9-25-18-23-34-9 = 0.306,9-25-18-23-39-9 = 0.361,9-12-18-39-9 = 0.056,9-18-12-32-9 = 0.139,9-23-12-32-34-9 = 0.222,9-39-12-32-34-9 = 0.472,11-41-33-29-11 = 0.139,11-17-27-38-8 = 0.5,9-39-23-38-36-8 = 0.111,11-40-28-13-9 = 0.278,11-16-17-27-36-8 = 0.139,9-25-17-33-32-9 = 0.167,11-40-17-27-36-8 = 0.111,8-18-27-36-8 = 0.139
1004,545,607.127,0.0,3.866,0.0,Prune by CG,,9-21-9 = 0.222,9-37-9 = 1.0,8-22-16-41-14-11 = 0.667,8-22-19-36-8 = 0.333,8-19-38-34-9 = 0.111,8-19-38-36-8 = 0.556,8-12-27-32-8 = 0.333,11-31-13-9 = 0.111,11-31-13-26-11 = 0.111,11-28-31-26-11 = 0.667,11-28-13-26-11 = 0.222,11-40-33-29-11 = 0.667,11-31-13-32-9 = 0.111,9-30-20-35-9 = 1.0,9-25-13-29-11 = 0.333,9-15-24-39-9 = 0.556,9-15-24-21-9 = 0.444,9-25-18-23-34-9 = 0.667,11-17-27-38-8 = 0.333,11-40-28-13-9 = 0.111,11-40-33-32-34-9 = 0.222,11-16-17-33-32-9 = 0.111,11-16-17-27-36-8 = 0.111,11-12-27-32-8 = 0.222,9-12-17-41-14-11 = 0.333,9-39-12-17-16-8 = 0.111,9-23-18-39-21-9 = 0.333
1003,545,603.264,6.167,0.002,-0.111,1005,1006,8-19-8 = 0.25,9-37-9 = 1.0,8-22-16-41-14-11 = 0.75,8-22-19-8 = 0.25,8-19-38-36-8 = 0.5,11-31-13-26-11 = 0.417,11-28-31-26-11 = 0.417,11-28-31-14-11 = 0.167,11-28-13-26-11 = 0.167,11-40-33-29-11 = 0.667,9-30-20-35-9 = 1.0,9-25-13-29-11 = 0.167,9-15-24-21-9 = 1.0,9-25-18-23-34-9 = 0.167,9-25-18-23-39-9 = 0.417,9-12-18-39-9 = 0.167,9-23-12-32-34-9 = 0.417,9-39-12-32-34-9 = 0.417,11-41-33-29-11 = 0.167,9-25-17-16-41-14-11 = 0.083,11-17-27-38-8 = 0.5,11-40-28-13-9 = 0.25,11-16-17-27-36-8 = 0.167,9-25-17-33-32-9 = 0.167,11-40-17-27-36-8 = 0.083,8-18-27-36-8 = 0.25
1005,1003,609.349,0.0,6.086,0.0,Prune by CG,,9-37-9 = 1.0,8-22-14-11 = 0.083,8-22-16-41-14-11 = 0.417,8-22-19-8 = 0.5,8-19-38-36-8 = 0.5,11-31-13-9 = 0.333,11-31-13-26-11 = 0.167,11-28-31-26-11 = 0.333,11-28-31-14-11 = 0.167,11-28-13-26-11 = 0.5,11-40-33-29-11 = 1.0,9-30-20-35-9 = 0.833,9-15-24-39-9 = 0.167,9-15-24-21-9 = 0.833,9-25-12-17-32-9 = 0.5,9-23-12-32-34-9 = 0.333,9-39-12-32-34-9 = 0.167,9-25-17-16-41-14-11 = 0.333,9-30-39-23-34-9 = 0.167,11-41-27-38-8 = 0.25,11-16-27-38-8 = 0.25,9-25-17-20-35-9 = 0.167,9-23-18-39-34-9 = 0.333,8-18-27-36-8 = 0.5,9-23-18-39-21-9 = 0.167
472,421,603.498,6.667,1.673,-1.333,1007,1008,9-37-9 = 1.0,8-22-19-36-8 = 0.5,8-19-38-36-8 = 0.5,11-31-13-26-11 = 0.5,11-28-31-26-11 = 0.5,11-22-14-11 = 0.5,11-17-33-29-11 = 1.0,9-30-20-35-9 = 0.667,11-40-28-13-11 = 0.5,9-15-24-39-9 = 0.167,9-15-24-21-9 = 0.833,9-25-30-39-21-9 = 0.167,9-25-35-27-32-9 = 0.167,9-25-18-23-34-9 = 0.333,9-25-20-35-34-9 = 0.167,9-18-27-32-9 = 0.667,9-39-23-27-32-9 = 0.167,9-25-30-20-9 = 0.167,9-39-23-38-34-9 = 0.5,11-12-16-41-14-11 = 0.5,11-40-12-16-41-11 = 0.5
1007,472,610.271,0.0,6.772,0.0,Prune by CG,,9-37-9 = 1.0,8-19-16-41-14-11 = 0.333,8-19-38-36-8 = 0.333,8-19-12-32-9 = 0.333,11-31-13-26-11 = 0.5,11-28-31-26-11 = 0.5,11-22-14-11 = 0.5,11-22-17-33-11 = 0.167,11-17-33-29-11 = 0.667,11-12-18-39-9 = 0.167,9-30-20-35-9 = 0.667,11-40-28-13-11 = 0.5,9-15-24-21-9 = 0.667,9-25-30-39-21-9 = 0.333,9-25-18-23-34-9 = 0.333,9-25-20-35-34-9 = 0.333,9-23-18-27-9 = 0.5,9-39-27-32-34-9 = 0.333,9-39-23-27-32-9 = 0.167,9-15-38-36-8 = 0.333,9-24-38-36-8 = 0.333,11-40-12-16-41-11 = 0.5,11-16-17-33-32-9 = 0.167,11-22-14-29-11 = 0.167,11-22-41-29-11 = 0.167
1008,472,604.984,0.0,1.485,0.0,Prune by CG,,11-14-11 = 0.125,9-37-9 = 1.0,8-22-19-36-8 = 0.969,8-19-38-36-8 = 0.031,11-31-13-26-11 = 0.5,11-28-31-26-11 = 0.5,11-28-13-11 = 0.5,11-40-33-29-11 = 0.406,11-17-33-29-11 = 0.594,11-22-12-32-9 = 0.031,11-12-18-39-9 = 0.031,9-30-20-35-9 = 0.656,11-40-17-16-41-14-11 = 0.375,9-15-24-21-9 = 1.0,9-25-35-27-32-9 = 0.344,9-25-18-27-9 = 0.313,9-18-27-32-9 = 0.25,9-18-27-32-11 = 0.062,9-23-18-27-9 = 0.031,9-25-30-20-9 = 0.344,9-39-23-38-34-9 = 0.969,11-40-12-32-34-9 = 0.031,11-12-16-41-14-11 = 0.438,11-40-12-16-41-11 = 0.156,11-18-12-32-11 = 0.281,9-18-17-41-14-11 = 0.031,11-40-12-16-14-11 = 0.031
831,487,603.243,8.2,0.299,0.533,1009,1010,9-37-9 = 0.6,8-22-14-11 = 0.5,8-22-16-41-14-11 = 0.5,8-19-38-36-8 = 1.0,11-31-13-26-11 = 0.5,11-28-31-26-11 = 0.5,11-28-13-11 = 0.5,11-40-33-29-11 = 0.5,11-17-33-29-11 = 0.5,11-12-23-24-9 = 0.2,11-25-20-35-32-8 = 0.2,9-30-18-39-9 = 0.4,9-25-20-35-9 = 0.2,9-15-21-37-9 = 0.4,9-15-24-21-9 = 0.6,9-25-20-35-34-9 = 0.6,9-23-18-27-9 = 0.4,11-40-17-16-41-11 = 0.5,9-30-39-24-9 = 0.2,9-30-39-23-34-9 = 0.4,11-12-27-32-8 = 0.6,9-18-12-32-8 = 0.2
1010,831,607.128,0.0,3.885,0.0,Prune by CG,,9-37-9 = 0.75,8-22-14-11 = 0.5,8-22-16-41-14-11 = 0.5,8-19-38-36-8 = 1.0,11-31-13-26-11 = 0.5,11-28-31-26-11 = 0.5,11-40-33-29-11 = 0.5,11-17-33-29-11 = 0.5,11-12-17-16-41-11 = 0.5,11-25-20-35-9 = 0.75,11-25-20-35-34-9 = 0.25,11-40-28-13-11 = 0.5,9-15-21-37-9 = 0.25,9-15-24-21-9 = 0.75,9-23-12-27-9 = 0.25,9-30-39-24-9 = 0.25,9-30-39-23-34-9 = 0.75,9-18-12-32-8 = 0.25,9-18-27-32-8 = 0.75
769,309,603.181,8.111,0.213,1.011,1011,1012,9-37-9 = 0.704,11-18-27-32-8 = 0.333,8-22-14-11 = 0.519,8-22-19-8 = 0.333,8-19-38-36-8 = 0.667,8-22-16-17-41-11 = 0.148,8-23-12-17-16-11 = 0.333,11-31-13-11 = 0.481,11-31-13-26-11 = 0.037,11-28-31-26-11 = 0.481,11-28-29-11 = 0.037,11-28-13-26-11 = 0.481,11-40-33-29-11 = 0.556,11-12-18-39-9 = 0.037,11-16-17-27-32-11 = 0.037,11-18-12-32-9 = 0.63,9-30-35-27-9 = 0.333,11-40-17-16-41-14-11 = 0.444,9-15-21-37-9 = 0.296,9-15-24-21-9 = 0.704,9-25-20-35-34-9 = 0.667,9-25-30-20-9 = 0.333,11-41-33-29-11 = 0.407,11-16-17-33-14-11 = 0.037,9-39-23-38-36-8 = 0.333,9-30-39-24-9 = 0.296,9-30-39-23-34-8 = 0.037,9-39-23-27-34-8 = 0.296
1011,769,604.714,0.0,1.534,0.0,Prune by CG,,8-19-8 = 0.25,9-37-9 = 0.75,11-18-27-32-9 = 0.25,8-22-14-11 = 0.75,8-22-19-8 = 0.25,8-19-38-36-8 = 0.5,8-23-12-27-8 = 0.25,11-31-13-11 = 0.5,11-28-31-26-11 = 0.5,11-28-13-26-11 = 0.5,11-40-33-29-11 = 0.75,11-12-17-16-41-11 = 0.25,11-16-17-27-32-11 = 0.25,11-18-12-32-9 = 0.5,9-30-35-27-9 = 0.25,11-40-17-16-41-14-11 = 0.25,9-15-21-37-9 = 0.25,9-15-24-21-9 = 0.75,9-25-20-35-34-9 = 0.75,9-25-30-20-9 = 0.25,11-41-33-29-11 = 0.25,9-39-23-38-36-8 = 0.5,9-30-39-24-9 = 0.25,11-18-17-16-41-11 = 0.25,9-30-39-23-34-8 = 0.25
337,185,603.399,7.5,2.052,-0.375,1013,1014,11-14-11 = 0.25,9-37-9 = 0.667,8-19-38-36-8 = 1.0,8-22-16-17-41-11 = 0.5,11-31-13-11 = 0.5,11-28-31-26-11 = 0.5,11-28-13-26-11 = 0.5,11-40-33-29-11 = 0.75,11-22-14-11 = 0.25,11-22-16-41-14-11 = 0.25,11-17-33-29-11 = 0.25,8-18-12-32-8 = 0.167,8-23-18-39-35-9 = 0.167,8-23-18-39-34-9 = 0.167,9-24-21-37-9 = 0.167,11-40-17-16-41-14-11 = 0.25,9-15-21-37-9 = 0.167,9-15-24-34-9 = 0.167,9-15-24-21-9 = 0.667,9-25-20-35-34-9 = 0.333,9-18-27-35-9 = 0.167,9-39-23-27-35-9 = 0.333,9-25-30-20-9 = 0.667,9-30-39-23-34-9 = 0.333,11-12-27-32-8 = 0.5,9-18-12-32-8 = 0.333
1013,337,604.822,0.0,1.423,0.0,Prune by CG,,9-37-9 = 0.944,8-19-38-36-8 = 1.0,11-31-13-11 = 0.5,11-28-31-26-11 = 0.5,11-28-13-26-11 = 0.5,11-40-33-29-11 = 0.667,11-22-14-11 = 0.333,11-22-16-17-41-11 = 0.333,11-22-16-41-14-11 = 0.333,11-17-33-29-11 = 0.333,8-18-12-32-8 = 0.833,8-18-27-32-11 = 0.167,9-24-21-37-9 = 0.028,9-30-35-27-9 = 0.028,11-40-17-16-41-14-11 = 0.333,9-15-21-37-9 = 0.028,9-15-24-34-9 = 0.028,9-15-24-21-9 = 0.944,9-25-20-35-34-9 = 0.389,9-39-23-27-35-9 = 0.583,9-39-23-27-34-9 = 0.056,9-25-30-20-9 = 0.611,9-30-39-23-34-9 = 0.361,11-12-27-34-8 = 0.167
1014,337,605.194,0.0,1.795,0.0,Prune by CG,,11-14-11 = 0.25,9-37-9 = 0.5,8-19-38-36-8 = 1.0,8-22-16-17-41-11 = 0.5,11-31-13-11 = 0.5,11-28-31-26-11 = 0.5,11-28-13-26-11 = 0.5,11-40-33-29-11 = 0.75,8-23-39-24-9 = 0.5,11-22-14-11 = 0.25,11-22-16-41-14-11 = 0.25,11-17-33-29-11 = 0.25,11-40-17-16-41-14-11 = 0.25,9-15-21-37-9 = 0.5,9-15-24-21-9 = 0.5,9-25-20-35-34-9 = 0.5,9-18-27-35-9 = 0.5,9-25-30-20-9 = 0.5,9-30-39-23-34-9 = 0.5,11-12-27-32-8 = 0.5,9-18-12-32-8 = 0.5
980,430,603.376,4.333,0.038,-0.267,1015,1016,11-26-11 = 0.5,9-37-9 = 0.667,8-19-38-36-8 = 1.0,11-31-13-26-11 = 0.5,11-22-16-41-14-11 = 1.0,11-17-33-29-11 = 1.0,9-24-21-37-9 = 0.333,9-30-20-35-9 = 1.0,11-40-28-13-11 = 0.5,11-40-28-31-11 = 0.5,9-15-24-21-9 = 0.667,9-15-39-23-34-9 = 0.333,9-25-12-18-9 = 1.0,9-23-27-32-34-9 = 0.333,9-39-27-32-34-9 = 0.333,9-39-23-27-32-9 = 0.333
1016,980,610.823,0.0,7.447,0.0,Prune by CG,,11-26-11 = 0.5,8-19-38-36-8 = 1.0,11-31-13-26-11 = 0.5,11-22-16-41-14-11 = 1.0,11-17-33-29-11 = 1.0,9-24-27-32-9 = 1.0,9-30-20-35-9 = 1.0,11-40-28-13-11 = 0.5,11-40-28-31-11 = 0.5,9-15-39-23-34-9 = 1.0,9-21-37-9 = 1.0,9-25-12-18-9 = 1.0
422,420,603.54,6.0,2.074,-1.333,1017,1018,9-37-9 = 1.0,8-19-38-34-9 = 0.25,8-19-38-36-8 = 0.5,11-31-13-26-11 = 0.5,11-28-31-26-11 = 0.5,11-40-33-29-11 = 0.5,11-22-14-11 = 0.5,11-17-33-29-11 = 0.5,11-12-18-39-9 = 0.75,9-30-20-35-9 = 1.0,11-40-28-13-11 = 0.25,9-15-24-21-9 = 1.0,9-23-27-32-34-9 = 0.75,9-39-23-27-32-9 = 0.25,9-25-17-16-41-14-11 = 0.5,11-22-19-36-8 = 0.25,11-40-12-16-41-11 = 0.25,9-25-18-16-41-11 = 0.25,9-25-28-13-11 = 0.25,8-22-38-36-8 = 0.25
1017,422,605.158,0.0,1.617,0.0,Prune by CG,,9-37-9 = 1.0,8-22-14-11 = 0.5,8-19-38-36-8 = 0.5,11-31-13-26-11 = 0.5,11-28-31-26-11 = 0.5,11-40-33-29-11 = 0.5,11-17-33-29-11 = 0.5,11-12-18-39-9 = 0.5,9-30-20-35-9 = 1.0,11-40-17-16-41-14-11 = 0.5,9-15-24-21-9 = 1.0,9-18-27-32-9 = 0.5,9-23-27-32-34-9 = 0.5,9-39-23-38-34-9 = 0.5,11-22-19-36-8 = 0.5,9-25-28-13-11 = 0.5,11-25-12-16-41-11 = 0.5
423,292,603.853,5.071,2.571,-3.929,1019,1020,9-37-9 = 1.0,8-22-16-41-14-11 = 0.571,8-22-19-36-8 = 0.429,8-19-38-36-8 = 0.143,8-19-36-8 = 0.429,11-31-13-26-11 = 0.5,11-28-31-26-11 = 0.5,11-28-13-11 = 0.5,11-40-33-29-11 = 1.0,8-18-27-34-9 = 0.429,11-12-17-16-41-11 = 0.143,9-30-20-35-9 = 1.0,11-17-27-32-34-9 = 0.571,9-15-24-21-9 = 1.0,11-12-16-41-14-11 = 0.143,11-18-12-32-11 = 0.429,11-12-17-16-14-11 = 0.143,11-12-17-41-14-11 = 0.143,9-25-39-23-38-8 = 0.857,9-25-18-39-23-8 = 0.143
1019,423,610.579,0.0,6.726,0.0,Prune by CG,,11-14-11 = 0.5,9-37-9 = 1.0,11-18-27-34-9 = 0.5,8-22-14-11 = 0.5,8-22-16-41-11 = 0.5,8-19-36-8 = 1.0,11-31-13-11 = 0.5,11-28-31-26-11 = 0.5,11-28-13-26-11 = 0.5,11-40-33-29-11 = 1.0,11-12-17-16-41-11 = 0.5,9-30-20-35-9 = 1.0,11-17-27-32-34-9 = 0.5,9-15-24-21-9 = 1.0,11-18-12-32-11 = 0.5,9-25-39-23-38-8 = 1.0
355,93,603.267,7.4,1.751,0.543,1021,1022,9-37-9 = 0.9,8-22-19-36-8 = 0.3,8-19-38-36-8 = 0.5,11-31-13-11 = 0.3,11-31-13-26-11 = 0.2,11-28-31-26-11 = 0.5,11-28-13-26-11 = 0.3,11-40-33-29-11 = 0.8,11-22-14-11 = 0.5,11-17-33-29-11 = 0.2,11-12-27-35-9 = 0.3,8-38-27-35-9 = 0.2,11-17-27-32-34-9 = 0.5,11-40-28-13-11 = 0.2,9-15-24-39-9 = 0.1,9-15-24-21-9 = 0.9,9-21-39-20-35-9 = 0.1,9-25-30-35-34-9 = 0.2,9-25-30-37-9 = 0.1,9-18-12-32-9 = 0.5,9-23-12-16-41-11 = 0.2,9-25-30-20-9 = 0.7,9-39-23-38-34-9 = 0.3,11-22-19-36-8 = 0.2,9-18-17-16-41-11 = 0.3,9-18-20-35-9 = 0.2,9-39-23-16-41-14-11 = 0.5
1022,355,603.081,7.0,-0.186,-0.4,1023,1024,9-37-9 = 0.833,8-22-14-11 = 0.333,8-19-38-34-9 = 0.333,8-19-38-36-8 = 0.167,11-31-13-11 = 0.5,11-28-31-26-11 = 0.5,11-28-13-26-11 = 0.5,11-40-33-29-11 = 1.0,11-22-14-11 = 0.167,11-12-27-35-9 = 0.333,8-38-27-35-9 = 0.167,11-17-27-32-34-9 = 0.5,9-15-24-21-9 = 1.0,9-25-30-35-34-9 = 0.167,9-25-30-37-9 = 0.167,9-18-12-32-9 = 0.5,9-23-12-16-41-11 = 0.167,9-25-30-20-9 = 0.667,9-39-23-38-36-8 = 0.333,11-22-19-36-8 = 0.5,9-18-17-16-41-11 = 0.167,9-18-20-35-9 = 0.333,9-39-23-17-16-41-11 = 0.167,9-39-23-16-41-14-11 = 0.333,9-39-17-16-41-14-11 = 0.167
1023,1022,604.757,0.0,1.675,0.0,Prune by CG,,9-37-9 = 0.833,8-22-14-11 = 0.5,8-19-38-34-9 = 0.5,11-31-13-11 = 0.5,11-28-31-26-11 = 0.5,11-28-13-26-11 = 0.5,11-40-33-29-11 = 1.0,11-12-27-35-9 = 0.167,11-12-27-32-9 = 0.667,11-41-27-32-34-9 = 0.167,9-15-24-21-9 = 1.0,9-25-30-35-34-9 = 0.333,9-25-30-37-9 = 0.167,9-18-12-32-9 = 0.167,9-25-30-20-9 = 0.5,9-39-23-38-36-8 = 0.5,11-22-19-36-8 = 0.5,9-18-17-16-41-11 = 0.167,9-18-20-35-9 = 0.5,9-39-23-17-16-41-11 = 0.333,9-18-17-16-14-11 = 0.167,9-23-17-16-41-14-11 = 0.167,9-39-17-16-41-14-11 = 0.167
669,667,603.457,5.75,0.928,-0.75,1025,1026,9-37-9 = 1.0,8-22-16-41-14-11 = 0.625,8-22-19-8 = 0.375,8-19-38-36-8 = 0.625,8-36-38-34-9 = 0.375,11-31-13-9 = 0.25,11-31-13-26-11 = 0.25,11-28-31-26-11 = 0.5,11-28-13-26-11 = 0.25,11-40-33-29-11 = 0.375,11-17-33-29-11 = 0.625,9-30-35-27-9 = 0.125,11-40-17-16-41-14-11 = 0.375,9-15-24-21-9 = 1.0,9-25-20-35-34-9 = 0.25,9-39-23-27-35-9 = 0.625,9-39-23-27-34-9 = 0.25,9-25-30-20-9 = 0.75,11-40-28-13-9 = 0.25,11-18-12-32-8 = 0.125,9-30-39-23-34-9 = 0.125,9-18-12-32-8 = 0.875
1026,669,607.51,0.0,4.052,0.0,Prune by CG,,9-37-9 = 1.0,8-22-16-41-14-11 = 0.667,8-22-19-8 = 0.333,8-19-38-34-9 = 0.333,8-19-38-36-8 = 0.333,8-36-38-34-9 = 0.111,11-31-13-9 = 0.333,11-31-13-26-11 = 0.333,11-28-31-26-11 = 0.333,11-28-13-26-11 = 0.333,11-17-33-29-11 = 0.667,8-23-18-39-34-9 = 0.222,11-40-28-29-11 = 0.333,11-40-17-16-41-14-11 = 0.333,9-25-20-35-9 = 0.222,9-15-24-21-9 = 0.889,9-39-23-27-35-9 = 0.667,9-25-30-20-9 = 0.778,9-15-38-36-8 = 0.111,11-40-33-32-34-9 = 0.333,9-30-39-24-9 = 0.111,9-30-35-27-8 = 0.111,9-18-12-32-8 = 0.667,9-12-27-36-8 = 0.222,9-21-23-38-36-8 = 0.111,9-18-12-36-8 = 0.111
503,399,603.398,8.167,1.405,-0.333,1027,1028,8-19-8 = 0.453,9-37-9 = 0.48,8-22-14-11 = 0.6,8-19-38-36-8 = 0.547,11-31-13-11 = 0.5,11-28-31-26-11 = 0.5,11-28-13-26-11 = 0.5,11-40-33-29-11 = 0.8,11-22-16-17-41-11 = 0.2,11-22-16-41-14-11 = 0.2,11-17-33-29-11 = 0.2,8-18-20-35-9 = 0.4,11-12-18-39-9 = 0.52,11-12-17-16-41-11 = 0.4,11-12-20-35-9 = 0.08,9-24-39-20-9 = 0.013,9-30-20-35-9 = 0.493,11-40-17-16-41-14-11 = 0.2,9-15-21-37-9 = 0.013,9-15-24-21-9 = 0.987,9-25-30-37-9 = 0.507,9-25-35-27-32-9 = 0.013,9-25-18-32-34-9 = 0.04,9-39-23-38-36-8 = 0.453,9-39-20-35-34-9 = 0.013,9-25-27-32-34-9 = 0.44,9-23-18-27-8 = 0.04,9-23-27-32-34-8 = 0.507
1027,503,613.018,0.0,9.62,0.0,Prune by CG,,8-19-8 = 0.455,11-26-11 = 0.682,9-37-9 = 0.455,11-18-20-35-9 = 0.455,8-22-14-11 = 1.0,8-19-38-36-8 = 0.545,11-31-13-11 = 0.5,11-28-31-11 = 0.182,11-28-31-26-11 = 0.318,11-28-13-11 = 0.5,11-40-33-29-11 = 0.818,11-12-18-39-9 = 0.364,11-16-17-32-34-9 = 0.182,11-12-17-16-41-11 = 0.636,9-30-20-35-9 = 0.455,9-15-24-39-9 = 0.091,9-15-24-21-9 = 0.909,9-21-39-20-35-9 = 0.091,9-25-30-37-9 = 0.545,11-41-33-29-11 = 0.182,9-39-23-38-36-8 = 0.455,11-40-17-16-41-11 = 0.182,9-25-27-32-34-9 = 0.455,9-23-18-27-8 = 0.182,9-23-27-32-34-8 = 0.364
596,593,603.488,6.211,1.239,-0.956,1029,1030,8-36-8 = 0.184,9-37-9 = 0.842,8-22-14-11 = 0.184,8-22-16-41-14-11 = 0.632,8-22-19-8 = 0.184,8-19-38-36-8 = 0.816,11-31-13-26-11 = 0.5,11-28-31-26-11 = 0.5,11-28-13-11 = 0.184,11-40-33-29-11 = 1.0,11-17-27-20-9 = 0.158,11-12-18-39-9 = 0.553,9-24-21-37-9 = 0.158,9-30-20-35-9 = 0.711,11-17-27-32-34-9 = 0.289,9-15-24-21-9 = 0.842,9-15-39-23-34-9 = 0.158,9-25-35-27-32-11 = 0.184,9-25-17-16-41-14-11 = 0.184,11-12-18-23-8 = 0.263,11-12-23-38-8 = 0.184,9-39-23-20-35-9 = 0.105,9-25-18-16-41-11 = 0.184,9-30-39-23-34-9 = 0.158,9-25-28-13-11 = 0.316,11-17-27-32-34-8 = 0.368,9-25-30-23-32-11 = 0.132,9-39-20-32-34-9 = 0.026
1029,596,604.931,0.0,1.443,0.0,Prune by CG,,8-36-8 = 0.417,9-37-9 = 0.333,8-22-14-11 = 0.25,8-22-16-41-14-11 = 0.333,8-22-19-8 = 0.417,8-19-38-36-8 = 0.583,11-31-13-26-11 = 0.5,11-28-31-26-11 = 0.5,11-28-13-11 = 0.417,11-40-33-29-11 = 1.0,11-12-18-39-9 = 0.667,11-12-27-34-9 = 0.083,11-12-20-35-9 = 0.083,9-24-21-37-9 = 0.667,9-30-20-35-9 = 0.917,11-17-27-32-34-9 = 0.583,9-15-24-21-9 = 0.333,9-15-39-23-34-9 = 0.25,9-25-17-16-41-14-11 = 0.417,9-15-23-38-8 = 0.417,11-18-12-32-8 = 0.083,9-25-18-16-41-11 = 0.25,9-30-39-23-34-9 = 0.083,9-25-28-13-11 = 0.083,9-25-23-27-32-11 = 0.25,11-12-27-32-8 = 0.083
1030,596,604.6,0.0,1.112,0.0,Prune by CG,,8-36-8 = 0.214,9-37-9 = 0.821,11-18-23-38-8 = 0.179,8-22-14-11 = 0.107,8-22-16-41-14-11 = 0.679,8-22-19-8 = 0.214,8-19-38-36-8 = 0.786,11-31-13-26-11 = 0.5,11-28-31-26-11 = 0.5,11-28-13-11 = 0.25,11-40-33-29-11 = 0.964,11-12-18-39-9 = 0.214,11-40-18-23-39-9 = 0.036,11-12-23-39-34-9 = 0.179,9-30-20-35-9 = 0.607,11-17-27-32-34-9 = 0.571,9-15-24-21-9 = 1.0,9-25-35-27-32-11 = 0.286,9-25-17-16-41-14-11 = 0.214,11-12-18-23-8 = 0.571,11-12-23-38-8 = 0.036,9-25-30-17-16-11 = 0.107,9-25-30-17-41-11 = 0.107,9-39-20-35-34-9 = 0.107,9-39-27-20-9 = 0.143,9-25-33-29-11 = 0.036,9-25-28-13-11 = 0.25,9-39-20-32-34-9 = 0.143,9-30-39-37-9 = 0.179
986,864,603.291,7.0,0.121,0.333,1031,1032,9-15-9 = 0.25,9-21-9 = 0.75,9-37-9 = 1.0,8-19-38-36-8 = 1.0,11-31-13-11 = 0.5,11-28-31-26-11 = 0.5,11-28-13-26-11 = 0.5,11-40-33-29-11 = 0.75,11-22-14-11 = 0.5,11-22-16-17-41-11 = 0.25,11-22-16-41-14-11 = 0.25,11-17-33-29-11 = 0.25,11-12-17-16-41-11 = 0.25,9-30-20-35-9 = 0.5,11-40-17-16-41-14-11 = 0.25,9-25-30-39-21-9 = 0.25,9-25-20-35-34-9 = 0.5,9-15-24-9 = 0.75,9-18-12-32-9 = 0.75,9-23-18-27-9 = 0.25,9-39-23-27-32-9 = 0.25,9-39-23-27-34-9 = 0.5,9-25-30-24-9 = 0.25
1031,986,608.122,0.0,4.831,0.0,Prune by CG,,9-15-9 = 0.333,9-21-9 = 0.778,9-37-9 = 1.0,8-22-16-41-14-11 = 0.25,8-22-19-36-8 = 0.25,8-19-38-34-9 = 0.5,11-31-13-26-11 = 0.5,11-28-31-26-11 = 0.5,11-28-13-11 = 0.5,11-40-33-29-11 = 1.0,11-22-14-11 = 0.25,11-12-17-16-41-11 = 0.5,9-30-20-35-9 = 0.444,9-25-20-35-9 = 0.222,9-25-30-39-21-9 = 0.222,9-25-20-35-34-9 = 0.333,9-15-24-9 = 0.667,9-18-27-32-9 = 0.667,9-23-18-27-9 = 0.167,9-23-18-32-34-9 = 0.167,9-39-23-27-32-9 = 0.167,9-25-30-24-9 = 0.222,9-39-23-38-36-8 = 0.5,11-22-19-36-8 = 0.25,9-30-39-24-9 = 0.111,11-12-17-16-14-11 = 0.25,11-12-17-41-14-11 = 0.25
1032,986,603.328,6.5,0.037,-0.5,1033,1034,11-14-11 = 0.25,9-15-9 = 0.5,9-21-9 = 0.5,9-37-9 = 1.0,8-19-38-36-8 = 1.0,11-31-13-26-11 = 0.5,11-28-31-26-11 = 0.5,11-28-13-11 = 0.5,11-40-33-29-11 = 0.75,11-22-14-11 = 0.25,11-22-16-17-41-11 = 0.5,11-22-16-41-14-11 = 0.25,11-17-33-29-11 = 0.25,9-30-20-35-9 = 0.5,11-40-17-16-41-14-11 = 0.25,9-25-20-35-9 = 0.5,9-15-24-21-9 = 0.5,9-18-12-32-9 = 1.0,9-39-23-27-34-9 = 1.0,9-25-30-24-9 = 0.5
1033,1032,606.029,0.0,2.701,0.0,Prune by CG,,9-15-9 = 0.5,9-21-9 = 0.5,11-26-11 = 0.357,9-37-9 = 1.0,8-22-19-36-8 = 0.429,8-19-38-36-8 = 0.571,11-31-13-11 = 0.357,11-31-13-26-11 = 0.143,11-28-31-26-11 = 0.5,11-28-13-11 = 0.5,11-40-33-29-11 = 0.571,11-22-16-41-14-11 = 0.571,11-17-33-29-11 = 0.429,9-30-20-35-9 = 0.5,11-17-27-32-34-9 = 0.143,11-40-17-16-41-14-11 = 0.429,9-25-20-35-9 = 0.214,9-15-24-21-9 = 0.5,9-25-20-35-34-9 = 0.286,9-18-12-32-9 = 0.714,9-23-18-27-9 = 0.286,9-39-12-27-9 = 0.286,9-39-23-27-32-11 = 0.143,9-39-23-27-34-9 = 0.143,9-25-30-24-9 = 0.5,9-39-23-38-34-9 = 0.429
1034,1032,606.076,0.0,2.748,0.0,Prune by CG,,9-15-9 = 0.5,9-21-9 = 0.5,9-37-9 = 1.0,8-19-38-36-8 = 0.5,8-19-16-17-41-11 = 0.5,11-31-13-26-11 = 0.5,11-28-31-26-11 = 0.5,11-40-33-29-11 = 0.5,11-22-14-11 = 1.0,11-16-17-27-34-9 = 0.5,9-30-20-35-9 = 0.5,11-40-28-13-11 = 0.5,9-25-20-35-9 = 0.5,9-15-24-21-9 = 0.5,9-18-12-32-9 = 1.0,9-39-23-27-34-9 = 0.5,9-25-30-24-9 = 0.5,11-41-33-29-11 = 0.5,9-39-23-38-36-8 = 0.5
889,838,603.231,9.5,0.258,0.9,1035,1036,11-14-11 = 0.5,8-36-8 = 0.5,9-37-9 = 1.0,8-22-14-11 = 0.25,8-22-16-41-14-11 = 0.25,8-22-19-8 = 0.5,8-19-38-36-8 = 0.5,11-31-13-26-11 = 0.5,11-28-31-26-11 = 0.5,11-28-13-11 = 0.5,11-40-33-29-11 = 0.75,11-16-17-20-35-9 = 0.25,11-12-17-16-41-11 = 0.5,9-30-20-35-9 = 0.5,11-40-17-20-35-9 = 0.25,9-15-24-21-9 = 0.5,9-25-30-39-21-9 = 0.5,9-15-24-9 = 0.5,9-18-27-32-9 = 0.5,9-18-27-34-9 = 0.5,9-23-12-32-34-9 = 0.5,11-41-33-29-11 = 0.25,9-25-39-23-38-8 = 0.5
1036,889,606.354,0.0,3.123,0.0,Prune by CG,,11-14-11 = 0.25,8-19-8 = 0.75,8-36-8 = 0.125,9-37-9 = 0.75,11-41-11 = 0.125,8-22-14-11 = 0.75,8-22-16-38-8 = 0.125,8-22-19-8 = 0.125,8-19-38-36-8 = 0.125,11-31-13-26-11 = 0.5,11-28-31-26-11 = 0.5,11-28-13-11 = 0.25,11-40-33-29-11 = 0.5,11-16-17-20-35-9 = 0.625,9-30-20-35-9 = 0.375,11-40-28-13-11 = 0.25,9-15-24-21-9 = 0.625,9-25-30-37-9 = 0.25,9-25-30-39-21-9 = 0.375,9-25-18-27-9 = 0.25,9-15-24-9 = 0.375,9-18-27-32-9 = 0.375,9-18-27-34-9 = 0.375,9-23-12-32-34-9 = 0.5,9-39-12-32-34-9 = 0.125,11-41-33-29-11 = 0.5,9-25-12-17-41-11 = 0.125,9-39-23-38-36-8 = 0.5,11-40-12-17-41-11 = 0.25,11-16-38-36-8 = 0.25
739,372,603.362,8.333,0.789,0.0,1037,1038,8-36-8 = 0.5,9-37-9 = 0.333,8-22-19-8 = 0.5,8-19-38-36-8 = 0.5,8-23-27-32-34-9 = 0.167,11-31-13-11 = 0.5,11-28-31-26-11 = 0.5,11-28-13-26-11 = 0.5,11-40-33-29-11 = 0.5,8-23-18-27-9 = 0.333,11-22-16-41-14-11 = 0.5,11-17-33-29-11 = 0.5,11-12-27-35-9 = 0.167,11-12-27-32-9 = 0.333,11-40-17-16-41-14-11 = 0.5,9-15-21-37-9 = 0.667,9-15-24-21-9 = 0.167,9-21-39-23-38-8 = 0.167,9-25-20-35-34-9 = 0.833,9-18-12-32-11 = 0.5,9-25-30-20-9 = 0.167,9-15-23-38-8 = 0.167,9-30-39-24-9 = 0.833,9-18-23-38-8 = 0.167
1037,739,606.244,0.0,2.883,0.0,Prune by CG,,11-14-11 = 0.125,8-36-8 = 0.5,9-37-9 = 0.125,8-22-19-8 = 0.458,8-19-38-36-8 = 0.5,8-23-27-32-34-9 = 0.208,11-31-13-26-11 = 0.5,11-28-31-26-11 = 0.5,11-28-13-11 = 0.5,11-40-33-29-11 = 0.5,8-23-18-27-9 = 0.333,11-22-16-41-14-11 = 0.5,11-17-33-29-11 = 0.5,11-12-23-27-9 = 0.333,11-40-17-16-41-14-11 = 0.375,9-15-21-37-9 = 0.875,9-15-24-21-9 = 0.125,9-25-20-35-34-9 = 0.792,9-18-12-32-9 = 0.292,9-18-12-32-11 = 0.375,9-39-23-27-32-9 = 0.125,9-25-30-20-9 = 0.208,11-22-19-8 = 0.042,11-40-17-16-41-11 = 0.125,9-30-39-24-9 = 0.583,9-30-35-38-8 = 0.208,9-24-39-38-8 = 0.292
619,617,603.19,5.167,0.687,1.167,1039,1040,8-19-8 = 0.333,9-37-9 = 1.0,8-22-16-41-14-11 = 1.0,8-19-38-36-8 = 0.667,11-28-31-26-11 = 0.5,11-28-13-26-11 = 0.5,11-40-33-29-11 = 0.583,11-17-33-29-11 = 0.417,11-17-20-35-32-8 = 0.083,9-30-20-35-9 = 0.75,11-40-17-20-35-9 = 0.167,9-15-24-21-9 = 0.917,9-25-30-39-21-9 = 0.083,9-25-18-23-34-9 = 0.667,9-12-27-32-9 = 0.083,9-23-12-27-9 = 0.083,9-23-18-32-34-9 = 0.25,9-39-12-27-9 = 0.833,9-25-30-39-34-9 = 0.083,9-25-30-24-9 = 0.083,9-15-38-36-8 = 0.083,11-40-17-38-36-8 = 0.25,9-25-18-17-32-8 = 0.083,11-31-13-32-8 = 0.5
1039,619,608.488,0.0,5.298,0.0,Prune by CG,,11-14-11 = 0.091,8-19-8 = 0.091,8-36-8 = 0.091,9-37-9 = 1.0,11-18-20-35-9 = 0.182,8-22-16-41-14-11 = 0.864,8-19-38-36-8 = 0.909,11-28-31-26-11 = 0.5,11-28-13-26-11 = 0.5,11-40-33-29-11 = 0.909,11-22-16-41-14-11 = 0.045,8-23-18-39-21-9 = 0.045,11-40-18-23-39-9 = 0.091,9-30-20-35-9 = 0.75,9-15-24-39-9 = 0.045,9-15-24-21-9 = 0.955,9-25-18-23-34-9 = 0.432,9-25-20-35-34-9 = 0.068,9-23-12-27-9 = 0.182,9-39-12-27-9 = 0.318,9-25-30-39-34-9 = 0.182,11-41-33-29-11 = 0.091,11-22-16-38-8 = 0.091,9-39-23-17-32-34-9 = 0.25,9-25-30-39-34-8 = 0.068,9-12-17-27-9 = 0.5,9-25-18-17-32-8 = 0.25,11-31-13-32-8 = 0.5
1040,619,603.169,5.0,-0.021,-0.167,1041,1042,8-19-8 = 0.333,9-37-9 = 1.0,8-22-16-41-14-11 = 1.0,8-19-38-36-8 = 0.667,11-31-13-26-11 = 0.5,11-28-31-26-11 = 0.5,11-40-33-29-11 = 0.5,11-17-33-29-11 = 0.5,9-30-20-35-9 = 0.667,11-40-17-20-35-9 = 0.167,9-15-24-21-9 = 1.0,9-25-18-23-34-9 = 0.667,9-23-18-32-34-9 = 0.333,9-39-12-27-9 = 1.0,9-25-30-20-9 = 0.167,11-40-17-38-36-8 = 0.333,11-28-13-32-8 = 0.5,9-25-30-35-32-8 = 0.167
1042,1040,608.94,0.0,5.771,0.0,Prune by CG,,9-15-9 = 0.063,8-19-8 = 0.188,9-21-9 = 0.063,9-37-9 = 1.0,8-22-16-41-14-11 = 1.0,8-19-38-36-8 = 0.812,11-31-13-26-11 = 0.5,11-28-31-26-11 = 0.5,11-40-33-29-11 = 0.5,11-17-33-29-11 = 0.5,11-17-20-35-32-8 = 0.5,9-30-20-35-8 = 0.125,9-30-18-39-9 = 0.25,9-15-24-21-9 = 0.937,9-25-18-23-34-9 = 0.25,9-12-27-34-9 = 0.063,9-23-12-27-9 = 0.25,9-23-18-32-34-9 = 0.5,9-39-12-27-9 = 0.687,9-25-30-20-9 = 0.375,11-40-28-13-9 = 0.5,9-30-39-24-9 = 0.063,9-25-30-35-34-8 = 0.187,9-25-35-38-36-8 = 0.188
1041,1040,603.269,5.333,0.1,0.333,1043,1044,8-19-8 = 0.333,9-37-9 = 1.0,8-22-16-41-14-11 = 1.0,8-19-38-36-8 = 0.667,11-31-13-26-11 = 0.5,11-28-31-26-11 = 0.5,11-40-33-29-11 = 0.5,11-17-33-29-11 = 0.5,9-30-20-35-9 = 0.833,11-40-17-20-35-9 = 0.167,9-15-24-21-9 = 1.0,9-25-18-23-34-9 = 0.667,9-25-18-23-39-9 = 0.167,9-12-27-32-9 = 0.333,9-23-18-32-34-9 = 0.167,9-39-12-27-9 = 0.667,11-40-17-38-36-8 = 0.333,9-25-30-39-34-8 = 0.167,11-28-13-32-8 = 0.5
1043,1041,603.525,0.0,0.257,-5.333,Integer,,9-37-9 = 1.0,8-22-16-41-14-11 = 1.0,8-19-38-36-8 = 1.0,11-31-13-26-11 = 1.0,11-28-29-11 = 1.0,9-30-20-35-9 = 1.0,9-15-24-21-9 = 1.0,9-25-18-23-34-9 = 1.0,9-39-12-27-9 = 1.0,11-40-17-33-32-8 = 1.0
1044,1041,605.938,0.0,2.669,0.0,Prune by CG,,9-37-9 = 1.0,8-22-16-41-14-11 = 0.5,8-19-38-36-8 = 1.0,8-22-16-17-32-8 = 0.5,11-28-31-26-11 = 0.5,11-28-13-26-11 = 0.5,11-40-33-29-11 = 1.0,11-17-41-14-11 = 0.5,9-30-20-35-9 = 1.0,9-15-24-21-9 = 1.0,9-25-18-23-34-9 = 1.0,9-39-12-27-9 = 1.0,11-31-13-32-8 = 0.5
470,250,603.452,7.4,1.504,-0.378,1045,1046,11-14-11 = 0.5,9-21-9 = 0.2,8-36-8 = 0.5,9-37-9 = 1.0,8-22-16-41-14-11 = 0.5,8-22-19-8 = 0.5,8-19-38-36-8 = 0.5,11-31-13-11 = 0.5,11-28-31-26-11 = 0.5,11-28-13-26-11 = 0.5,11-40-33-29-11 = 1.0,11-12-27-32-9 = 0.2,9-30-20-35-9 = 1.0,11-17-27-32-34-9 = 0.5,9-15-24-21-9 = 0.8,9-25-12-32-34-9 = 0.1,9-25-12-17-32-9 = 0.1,9-25-18-23-34-9 = 0.4,9-25-18-23-39-9 = 0.4,9-15-24-9 = 0.2,11-17-27-38-8 = 0.3,9-39-12-17-32-9 = 0.1,9-39-12-16-41-11 = 0.5,9-18-23-38-8 = 0.2
1045,470,604.796,0.0,1.344,0.0,Prune by CG,,11-14-11 = 0.5,8-19-8 = 0.167,9-21-9 = 0.167,8-36-8 = 0.167,9-37-9 = 1.0,8-22-16-41-11 = 0.333,8-22-16-41-14-11 = 0.5,8-22-19-8 = 0.167,8-19-38-36-8 = 0.167,8-19-36-8 = 0.5,11-31-13-11 = 0.5,11-28-31-26-11 = 0.5,11-28-13-26-11 = 0.5,11-40-33-29-11 = 1.0,11-12-27-32-9 = 0.333,9-30-20-35-9 = 1.0,9-15-24-21-9 = 0.833,9-25-18-23-34-9 = 0.667,9-25-18-23-39-9 = 0.167,9-15-24-9 = 0.167,9-39-12-32-34-9 = 0.333,11-17-27-38-8 = 0.667,9-39-23-38-36-8 = 0.167,9-39-12-17-32-9 = 0.333,9-25-18-16-41-11 = 0.167
1046,470,604.388,0.0,0.936,0.0,Prune by CG,,11-14-11 = 0.5,9-15-9 = 0.2,9-21-9 = 0.1,8-36-8 = 0.5,9-37-9 = 1.0,8-22-16-41-14-11 = 0.5,8-22-19-8 = 0.5,8-19-38-36-8 = 0.5,11-31-13-11 = 0.5,11-28-31-26-11 = 0.5,11-28-13-26-11 = 0.5,11-40-33-29-11 = 1.0,9-30-20-35-9 = 0.6,11-17-27-32-34-9 = 1.0,9-15-24-21-9 = 0.8,9-25-30-39-21-9 = 0.1,9-25-12-23-39-9 = 0.5,9-25-30-24-9 = 0.2,9-25-12-16-41-11 = 0.1,9-39-12-16-41-11 = 0.4,9-18-20-35-9 = 0.4,9-18-23-38-8 = 0.5,9-25-30-18-9 = 0.1
790,252,603.312,6.579,0.163,0.579,1047,1048,8-36-8 = 0.263,9-37-9 = 0.895,8-22-16-41-14-11 = 0.579,8-22-19-8 = 0.263,8-22-19-36-8 = 0.158,8-19-38-36-8 = 0.579,8-23-12-17-32-9 = 0.053,11-31-13-26-11 = 1.0,11-28-33-32-8 = 0.263,11-28-33-32-9 = 0.211,8-12-18-39-9 = 0.105,11-17-33-29-11 = 0.474,11-12-18-39-9 = 0.053,9-30-20-35-9 = 0.684,11-40-28-29-11 = 0.526,11-40-17-16-41-14-11 = 0.421,9-15-24-39-9 = 0.053,9-15-24-21-9 = 0.947,9-25-30-37-9 = 0.105,9-25-30-39-21-9 = 0.053,9-25-12-23-34-9 = 0.368,9-25-20-35-34-9 = 0.316,9-18-12-32-9 = 0.421,9-23-18-27-9 = 0.421,9-39-23-27-34-9 = 0.158,9-25-30-39-34-9 = 0.158,9-39-27-38-8 = 0.421,11-40-17-33-32-8 = 0.053
1047,790,605.747,0.0,2.436,0.0,Prune by CG,,9-37-9 = 1.0,8-22-16-41-14-11 = 0.667,8-22-19-36-8 = 0.333,8-19-38-36-8 = 0.333,8-19-36-8 = 0.333,8-23-12-18-9 = 0.333,11-31-13-26-11 = 1.0,11-28-29-11 = 0.333,11-28-33-32-9 = 0.333,11-17-33-29-11 = 0.333,9-30-20-35-9 = 0.667,11-40-28-29-11 = 0.333,11-40-17-16-41-14-11 = 0.333,9-15-24-21-9 = 1.0,9-25-12-23-34-9 = 0.333,9-25-20-35-34-9 = 0.333,9-18-12-32-9 = 0.333,9-23-18-27-9 = 0.333,11-40-17-33-32-9 = 0.333,9-39-27-38-8 = 0.667,9-25-30-39-34-8 = 0.333
1048,790,603.999,0.0,0.687,0.0,Prune by CG,,8-36-8 = 0.167,9-37-9 = 1.0,8-22-16-41-14-11 = 0.667,8-22-19-8 = 0.333,8-19-38-36-8 = 0.667,11-31-13-26-11 = 1.0,11-28-33-32-8 = 0.467,8-12-18-39-9 = 0.167,11-17-33-29-11 = 0.467,11-12-18-39-9 = 0.067,9-30-20-35-9 = 0.6,11-40-28-29-11 = 0.533,11-40-17-16-41-14-11 = 0.333,9-15-24-39-9 = 0.033,9-15-24-21-9 = 0.867,9-25-30-39-21-9 = 0.133,9-25-12-18-9 = 0.133,9-25-12-17-32-9 = 0.067,9-25-12-23-34-9 = 0.167,9-25-20-35-34-9 = 0.233,9-18-12-32-9 = 0.4,9-23-18-27-9 = 0.233,9-39-23-27-34-9 = 0.6,9-25-30-20-9 = 0.167,9-25-30-24-9 = 0.1,9-15-38-36-8 = 0.1,11-40-17-33-32-9 = 0.033,11-40-17-38-36-8 = 0.067,11-40-17-33-32-8 = 0.033,9-35-27-38-8 = 0.167
872,869,603.867,5.333,1.586,-3.167,Prune by UB,,8-19-8 = 1.0,9-37-9 = 0.667,11-41-11 = 0.5,8-22-14-11 = 1.0,11-31-13-26-11 = 0.5,11-28-31-26-11 = 0.5,11-40-33-29-11 = 0.5,11-16-17-20-35-9 = 0.333,11-16-17-27-34-9 = 0.667,9-30-20-35-9 = 0.333,11-40-28-13-11 = 0.5,9-15-24-21-9 = 1.0,9-25-30-37-9 = 0.333,9-25-35-27-34-9 = 0.333,9-18-12-32-9 = 1.0,9-25-30-20-9 = 0.333,11-41-33-29-11 = 0.5,9-39-23-38-36-8 = 1.0
459,458,603.429,5.5,1.34,-0.167,1049,1050,9-37-9 = 1.0,8-22-14-11 = 0.667,8-19-38-36-8 = 1.0,8-22-16-17-41-11 = 0.333,11-31-13-26-11 = 0.5,11-28-31-26-11 = 0.5,11-28-13-11 = 0.5,11-40-33-29-11 = 0.667,11-12-18-39-9 = 0.333,11-12-18-23-9 = 0.667,11-16-17-20-35-9 = 0.333,9-30-20-35-9 = 0.667,11-40-17-16-41-14-11 = 0.333,9-15-24-21-9 = 1.0,9-39-23-27-32-11 = 0.333,11-41-33-29-11 = 0.333,9-25-30-39-34-8 = 0.333,9-25-27-32-34-8 = 0.667
1049,459,612.929,0.0,9.5,0.0,Prune by CG,,11-14-11 = 0.667,11-26-11 = 0.167,9-37-9 = 1.0,11-41-11 = 0.333,8-22-14-11 = 0.333,8-19-38-36-8 = 1.0,8-22-16-17-41-11 = 0.667,11-31-13-11 = 0.5,11-28-31-26-11 = 0.5,11-28-13-11 = 0.167,11-28-13-26-11 = 0.333,11-40-33-29-11 = 1.0,11-12-18-39-9 = 0.333,11-12-18-23-9 = 0.667,11-16-17-20-35-9 = 0.333,9-30-20-35-9 = 0.667,9-15-24-21-9 = 1.0,9-39-23-27-32-11 = 0.333,9-25-30-39-34-8 = 0.333,9-25-27-32-34-8 = 0.667
1050,459,603.676,0.0,0.247,0.0,Prune by CG,,9-37-9 = 0.714,8-22-14-11 = 0.679,8-19-38-36-8 = 1.0,8-22-16-17-41-11 = 0.321,11-31-13-11 = 0.5,11-28-31-26-11 = 0.5,11-28-13-26-11 = 0.5,11-40-33-29-11 = 0.679,11-12-18-39-9 = 0.286,11-12-18-23-9 = 0.679,11-16-17-20-35-9 = 0.321,11-12-17-16-41-11 = 0.036,9-24-21-37-9 = 0.107,9-30-20-35-9 = 0.679,11-40-17-16-41-14-11 = 0.321,9-15-21-37-9 = 0.179,9-15-24-39-9 = 0.107,9-15-24-21-9 = 0.714,9-39-23-27-32-11 = 0.286,11-41-33-29-11 = 0.321,9-30-39-24-9 = 0.071,9-25-18-23-34-8 = 0.036,9-25-30-39-34-8 = 0.25,9-25-27-32-34-8 = 0.714
923,922,603.219,8.25,1.464,1.321,1051,1052,8-19-8 = 0.5,9-37-9 = 0.25,11-18-27-32-9 = 0.25,8-22-14-11 = 0.625,8-22-16-41-14-11 = 0.375,8-19-38-36-8 = 0.5,11-31-13-26-11 = 0.5,11-28-31-26-11 = 0.5,11-28-13-11 = 0.5,11-40-33-29-11 = 1.0,11-41-27-32-34-9 = 0.125,11-16-27-32-34-9 = 0.125,11-12-17-16-41-11 = 0.5,9-24-21-37-9 = 0.25,9-30-20-35-9 = 0.75,9-15-21-37-9 = 0.25,9-15-24-39-9 = 0.25,9-15-24-21-9 = 0.5,9-25-30-37-9 = 0.25,9-25-18-32-34-9 = 0.25,9-25-18-23-34-9 = 0.5,9-39-23-38-36-8 = 0.5,9-39-20-35-32-9 = 0.25,11-12-17-27-8 = 0.5
1052,923,604.889,0.0,1.669,0.0,Prune by CG,,8-19-8 = 0.389,9-37-9 = 0.444,11-18-27-32-9 = 0.5,8-22-14-11 = 0.5,8-22-16-41-14-11 = 0.5,8-19-38-36-8 = 0.611,11-31-13-11 = 0.5,11-28-31-26-11 = 0.5,11-28-13-26-11 = 0.5,11-40-33-29-11 = 1.0,11-12-17-16-41-11 = 0.5,9-24-21-37-9 = 0.167,9-30-20-35-9 = 0.444,9-30-20-32-9 = 0.056,9-15-21-37-9 = 0.167,9-15-24-34-9 = 0.167,9-15-24-21-9 = 0.667,9-25-30-35-32-9 = 0.056,9-25-30-37-9 = 0.222,9-25-30-23-34-9 = 0.111,9-25-18-23-34-9 = 0.5,9-25-30-39-34-9 = 0.111,9-39-23-38-36-8 = 0.389,9-39-20-35-34-8 = 0.111,9-39-20-35-32-9 = 0.389,11-12-17-27-8 = 0.5
1051,923,603.385,7.912,0.166,-0.338,1053,1054,8-19-8 = 0.412,9-37-9 = 0.265,11-18-20-35-9 = 0.029,8-22-14-11 = 0.721,8-22-16-41-14-11 = 0.25,8-19-16-41-14-11 = 0.029,8-19-38-36-8 = 0.529,11-31-13-11 = 0.5,11-28-31-26-11 = 0.5,11-28-13-26-11 = 0.5,11-40-33-29-11 = 1.0,11-41-27-32-34-9 = 0.221,11-16-27-32-34-9 = 0.221,11-12-17-16-41-11 = 0.5,8-23-18-27-8 = 0.059,9-24-20-35-9 = 0.176,9-24-21-37-9 = 0.176,9-30-20-35-9 = 0.794,9-15-21-37-9 = 0.353,9-15-24-39-9 = 0.176,9-15-24-21-9 = 0.471,9-25-30-37-9 = 0.206,9-25-18-32-34-9 = 0.441,9-25-18-23-39-9 = 0.353,9-23-18-32-34-9 = 0.118,9-39-23-38-36-8 = 0.471,11-22-19-8 = 0.029,11-12-17-27-8 = 0.5
1054,1051,606.528,0.0,3.143,0.0,Prune by CG,,8-19-8 = 0.25,8-22-14-11 = 0.625,8-22-16-41-14-11 = 0.125,8-19-16-41-14-11 = 0.25,8-22-19-8 = 0.25,8-19-38-36-8 = 0.25,11-31-13-26-11 = 0.5,11-28-31-26-11 = 0.5,11-28-13-11 = 0.5,11-40-33-29-11 = 1.0,11-12-18-17-11 = 0.5,11-41-27-32-34-9 = 0.375,11-16-27-32-34-9 = 0.375,11-12-17-16-41-11 = 0.25,8-23-18-27-8 = 0.25,9-30-20-35-9 = 0.625,9-25-37-9 = 0.625,9-15-24-39-9 = 0.125,9-15-24-21-9 = 0.875,9-21-39-20-35-9 = 0.125,9-25-30-37-9 = 0.375,9-39-23-38-36-8 = 0.75,11-12-18-17-8 = 0.25,9-20-35-32-34-9 = 0.25
494,158,603.407,8.0,1.666,0.0,1055,1056,9-37-9 = 0.5,8-19-38-36-8 = 1.0,11-31-13-26-11 = 0.5,11-28-31-26-11 = 0.5,11-28-13-11 = 0.5,11-40-33-29-11 = 1.0,11-22-14-11 = 0.5,11-16-17-20-35-9 = 0.5,9-15-24-34-9 = 0.5,9-21-39-20-35-9 = 0.5,9-25-30-37-9 = 0.5,9-25-30-39-21-9 = 0.5,9-15-24-9 = 0.5,9-18-27-32-9 = 0.5,9-23-12-27-9 = 0.5,9-23-12-32-34-9 = 0.5,9-18-17-41-14-11 = 0.5,11-22-16-41-11 = 0.5
1055,494,613.286,0.0,9.879,0.0,Prune by CG,,9-37-9 = 0.65,8-22-14-11 = 0.25,8-19-38-36-8 = 0.5,11-31-13-26-11 = 0.5,11-28-31-26-11 = 0.5,11-40-33-29-11 = 0.5,11-22-14-11 = 0.5,11-16-17-20-35-9 = 0.75,9-30-20-35-11 = 0.25,11-40-28-13-11 = 0.5,9-21-24-39-34-9 = 0.4,9-25-30-37-9 = 0.35,9-25-30-39-21-9 = 0.4,9-25-18-27-9 = 0.05,9-25-18-39-21-9 = 0.2,9-15-24-9 = 0.55,9-18-27-32-9 = 0.4,9-18-12-23-9 = 0.1,9-23-12-27-9 = 0.55,9-23-12-32-34-9 = 0.35,11-22-19-41-11 = 0.25,11-41-33-29-11 = 0.5,9-15-38-36-8 = 0.45,9-24-38-36-8 = 0.05,9-18-17-41-14-11 = 0.25,8-19-16-32-34-9 = 0.25
1056,494,605.098,0.0,1.691,0.0,Prune by CG,,9-37-9 = 0.333,8-19-38-36-8 = 1.0,11-31-13-26-11 = 0.5,11-28-31-26-11 = 0.5,11-28-13-11 = 0.5,11-40-33-29-11 = 0.25,11-22-14-11 = 1.0,11-17-33-29-11 = 0.25,9-30-20-35-9 = 0.167,9-21-39-20-35-9 = 0.833,9-25-30-37-9 = 0.667,9-25-30-39-21-9 = 0.167,9-25-18-27-9 = 0.167,9-15-24-9 = 1.0,9-18-27-32-9 = 0.333,9-18-27-34-9 = 0.333,9-18-12-23-9 = 0.167,9-23-12-27-9 = 0.167,9-23-12-32-34-9 = 0.667,11-41-33-29-11 = 0.25,11-40-17-16-41-11 = 0.75,11-16-33-29-11 = 0.25
608,108,603.224,5.333,0.794,1.333,1057,1058,11-26-11 = 0.389,9-37-9 = 0.778,8-19-38-36-8 = 1.0,11-31-13-11 = 0.111,11-31-13-26-11 = 0.389,11-28-31-26-11 = 0.222,11-40-33-29-11 = 0.111,11-22-16-41-14-11 = 1.0,11-17-33-29-11 = 0.889,9-24-21-37-9 = 0.111,11-40-28-13-11 = 0.5,11-40-28-31-11 = 0.278,9-15-21-37-9 = 0.111,9-15-24-34-9 = 0.111,9-15-24-21-9 = 0.778,9-25-30-35-34-9 = 0.111,9-18-27-32-11 = 0.111,9-18-12-32-9 = 0.444,9-23-27-32-34-9 = 0.111,9-39-12-32-34-9 = 0.222,9-39-23-27-35-9 = 0.444,9-39-23-27-34-9 = 0.333,9-25-30-20-9 = 0.889,11-40-17-35-32-34-9 = 0.111,9-18-12-35-9 = 0.333,9-23-18-20-9 = 0.111
1058,608,612.594,0.0,9.37,0.0,Prune by CG,,9-37-9 = 1.0,8-19-38-36-8 = 1.0,11-31-13-26-11 = 1.0,11-28-29-11 = 1.0,11-22-16-41-14-11 = 1.0,9-15-24-21-9 = 1.0,9-39-23-27-34-9 = 1.0,9-25-30-20-9 = 1.0,11-40-17-33-32-11 = 1.0,9-18-12-35-9 = 1.0
1057,608,603.17,5.75,-0.054,0.417,1059,1060,11-26-11 = 0.375,9-37-9 = 0.75,8-19-38-36-8 = 1.0,11-31-13-11 = 0.25,11-31-13-26-11 = 0.25,11-28-31-26-11 = 0.375,11-40-33-29-11 = 0.25,11-22-16-41-14-11 = 1.0,11-17-33-29-11 = 0.75,9-24-21-37-9 = 0.125,11-40-28-13-11 = 0.5,11-40-28-31-11 = 0.125,9-15-21-37-9 = 0.125,9-15-24-34-9 = 0.125,9-15-24-21-9 = 0.75,9-25-35-27-34-9 = 0.125,9-18-12-32-9 = 0.5,9-23-27-32-34-9 = 0.125,9-39-12-32-34-9 = 0.25,9-39-23-27-35-9 = 0.5,9-39-23-27-34-9 = 0.25,9-25-30-20-9 = 0.875,11-40-17-35-32-34-9 = 0.125,9-18-12-35-9 = 0.25,9-23-18-20-9 = 0.125,9-30-18-17-11 = 0.125
1060,1057,610.382,0.0,7.211,0.0,Prune by CG,,9-37-9 = 1.0,8-19-38-34-9 = 0.5,8-19-38-36-8 = 0.5,11-31-13-26-11 = 0.5,11-28-31-26-11 = 0.5,11-28-13-11 = 0.5,11-40-33-29-11 = 0.5,11-22-16-41-14-11 = 1.0,11-17-33-29-11 = 0.5,11-40-17-32-34-9 = 0.5,9-15-24-21-9 = 1.0,9-18-12-32-9 = 0.5,9-39-23-27-35-9 = 1.0,9-25-30-20-9 = 0.5,9-25-30-20-11 = 0.5,9-18-12-36-8 = 0.5
1059,1057,603.365,5.333,0.195,-0.417,1061,1062,11-26-11 = 0.5,9-37-9 = 0.667,8-19-38-36-8 = 1.0,11-31-13-26-11 = 0.5,11-22-16-41-14-11 = 1.0,11-17-33-29-11 = 1.0,9-24-21-37-9 = 0.167,11-40-28-13-11 = 0.5,11-40-28-31-11 = 0.5,9-15-21-37-9 = 0.167,9-15-24-34-9 = 0.167,9-15-24-21-9 = 0.667,9-25-30-35-34-9 = 0.167,9-18-27-34-9 = 0.167,9-18-12-32-9 = 0.5,9-23-27-32-34-9 = 0.167,9-39-12-32-34-9 = 0.333,9-39-23-27-35-9 = 0.667,9-25-30-20-9 = 0.833,9-18-12-35-9 = 0.167,9-23-18-20-9 = 0.167
1061,1059,606.969,0.0,3.604,0.0,Prune by CG,,11-26-11 = 0.5,9-37-9 = 0.667,8-19-38-36-8 = 1.0,11-31-13-26-11 = 0.5,11-22-16-41-14-11 = 1.0,11-17-33-29-11 = 1.0,9-24-21-37-9 = 0.167,11-40-28-13-11 = 0.5,11-40-28-31-11 = 0.5,9-15-21-37-9 = 0.167,9-15-24-39-9 = 0.333,9-15-24-21-9 = 0.5,9-21-39-12-32-9 = 0.167,9-23-18-32-34-9 = 0.667,9-39-23-27-35-9 = 0.333,9-25-30-20-9 = 1.0,9-18-12-34-9 = 0.333,9-12-27-35-9 = 0.5,9-39-35-27-32-9 = 0.167
1062,1059,603.365,5.667,0.0,0.333,1063,1064,11-26-11 = 0.5,9-37-9 = 0.667,8-19-38-36-8 = 1.0,11-31-13-26-11 = 0.5,11-22-16-41-14-11 = 1.0,11-17-33-29-11 = 1.0,9-24-21-37-9 = 0.167,11-40-28-13-11 = 0.5,11-40-28-31-11 = 0.5,9-15-21-37-9 = 0.167,9-15-24-34-9 = 0.167,9-15-24-21-9 = 0.667,9-25-30-35-34-9 = 0.167,9-18-27-35-9 = 0.167,9-18-12-32-9 = 0.5,9-23-27-32-34-9 = 0.167,9-39-12-32-34-9 = 0.333,9-39-23-27-35-9 = 0.5,9-39-23-27-34-9 = 0.167,9-25-30-20-9 = 0.833,9-18-12-35-9 = 0.167,9-23-18-20-9 = 0.167
1063,1062,606.004,0.0,2.639,0.0,Prune by CG,,11-26-11 = 0.5,9-37-9 = 0.667,8-19-38-36-8 = 1.0,11-31-13-26-11 = 0.5,11-22-16-41-14-11 = 1.0,11-17-33-29-11 = 1.0,11-40-28-13-11 = 0.5,11-40-28-31-11 = 0.5,9-15-21-37-9 = 0.333,9-15-24-39-9 = 0.333,9-15-24-21-9 = 0.333,9-21-39-23-24-9 = 0.333,9-25-30-35-34-9 = 0.667,9-18-12-32-9 = 1.0,9-25-30-20-9 = 0.333,9-23-27-20-9 = 0.667,9-39-35-27-34-9 = 0.333
1064,1062,603.743,0.0,0.378,0.0,Prune by CG,,11-26-11 = 0.357,9-37-9 = 0.857,8-19-38-36-8 = 1.0,11-31-13-26-11 = 0.5,11-28-31-26-11 = 0.143,11-40-33-29-11 = 0.143,11-22-16-41-14-11 = 1.0,11-17-33-29-11 = 0.857,11-18-39-24-9 = 0.143,11-40-28-13-11 = 0.5,11-40-28-31-11 = 0.357,9-15-21-37-9 = 0.143,9-15-24-21-9 = 0.857,9-18-12-32-9 = 0.143,9-23-27-32-34-9 = 0.429,9-39-12-32-34-9 = 0.286,9-39-23-27-35-9 = 0.429,9-39-23-27-34-9 = 0.143,9-25-30-20-9 = 0.857,9-25-20-32-34-9 = 0.143,9-18-12-35-9 = 0.571,9-30-18-17-11 = 0.143
639,606,603.362,6.0,0.895,0.333,1065,1066,9-15-9 = 0.125,9-21-9 = 0.125,9-37-9 = 1.0,8-19-38-36-8 = 1.0,11-31-13-26-11 = 0.5,11-28-31-26-11 = 0.5,11-40-33-29-11 = 0.5,11-22-16-41-14-11 = 1.0,9-30-20-35-9 = 0.625,11-40-28-13-11 = 0.5,9-25-20-35-9 = 0.125,9-15-24-21-9 = 0.875,9-25-18-23-34-9 = 0.5,9-39-27-32-34-9 = 0.5,9-39-23-27-32-9 = 0.5,9-25-30-24-9 = 0.125,11-12-17-33-11 = 0.5,9-18-20-35-9 = 0.25,11-12-17-29-11 = 0.5,9-25-30-18-9 = 0.25
1065,639,606.39,0.0,3.027,0.0,Prune by CG,,9-37-9 = 1.0,8-19-38-36-8 = 1.0,11-31-13-26-11 = 0.5,11-28-31-26-11 = 0.5,11-40-33-29-11 = 0.5,11-22-16-41-14-11 = 1.0,9-30-18-23-9 = 1.0,11-40-28-13-11 = 0.5,9-25-20-35-9 = 1.0,9-15-24-21-9 = 1.0,9-39-27-32-34-9 = 1.0,11-12-17-33-11 = 0.5,11-12-17-29-11 = 0.5
1066,639,603.388,6.0,0.025,0.0,1067,1068,9-37-9 = 1.0,8-19-38-36-8 = 1.0,11-31-13-26-11 = 0.375,11-28-31-26-11 = 0.625,11-40-33-29-11 = 0.625,11-22-14-11 = 0.5,11-22-16-41-14-11 = 0.5,11-12-17-16-41-11 = 0.5,9-30-20-35-9 = 0.75,11-40-28-13-11 = 0.125,9-25-13-29-11 = 0.25,9-15-24-21-9 = 1.0,9-25-18-23-34-9 = 0.5,9-39-27-32-34-9 = 0.5,9-39-23-27-32-9 = 0.5,11-12-17-33-11 = 0.375,11-40-28-13-9 = 0.25,9-18-20-35-9 = 0.25,11-12-17-29-11 = 0.125,9-25-30-18-9 = 0.25
1067,1066,611.053,0.0,7.665,0.0,Prune by CG,,9-15-9 = 0.143,9-21-9 = 0.143,9-37-9 = 1.0,8-19-38-36-8 = 1.0,11-28-31-26-11 = 1.0,11-22-16-41-14-11 = 1.0,11-40-18-27-9 = 0.143,11-40-18-30-9 = 0.143,11-40-18-24-9 = 0.143,9-30-20-35-9 = 0.857,9-25-13-29-11 = 1.0,9-15-24-21-9 = 0.857,9-39-27-32-34-9 = 0.429,9-39-23-27-32-9 = 0.429,11-12-17-33-11 = 1.0,11-40-18-23-34-9 = 0.571,9-39-20-35-32-9 = 0.143
969,777,603.272,8.0,0.049,1.0,1069,1070,9-37-9 = 1.0,8-19-16-41-14-11 = 0.5,8-22-19-36-8 = 0.5,11-31-13-11 = 0.5,11-28-31-26-11 = 0.5,11-28-13-26-11 = 0.5,11-40-33-29-11 = 1.0,11-22-16-41-14-11 = 0.5,11-17-27-38-9 = 0.5,11-17-27-32-34-9 = 0.5,9-15-24-21-9 = 0.5,9-21-39-20-35-9 = 0.5,9-25-30-35-34-9 = 0.5,9-15-24-9 = 0.5,9-18-12-32-11 = 0.5,9-18-12-23-9 = 0.5,9-25-30-20-9 = 0.5,9-39-23-38-36-8 = 0.5
1069,969,606.858,0.0,3.586,0.0,Prune by CG,,9-37-9 = 1.0,8-22-14-11 = 0.5,8-19-16-41-14-11 = 0.5,11-31-13-26-11 = 0.5,11-28-31-26-11 = 0.5,11-40-33-29-11 = 0.5,11-17-27-20-9 = 1.0,11-40-28-13-11 = 0.5,9-15-24-21-9 = 1.0,9-25-30-35-34-9 = 1.0,9-18-12-32-9 = 1.0,11-22-19-16-11 = 0.5,11-41-33-29-11 = 0.5,9-39-23-38-36-8 = 1.0
1070,969,604.955,0.0,1.683,0.0,Prune by CG,,9-37-9 = 1.0,8-19-38-36-8 = 0.5,8-19-17-27-9 = 0.5,11-31-13-11 = 0.5,11-28-31-26-11 = 0.5,11-28-13-26-11 = 0.5,11-40-33-29-11 = 1.0,11-22-16-41-14-11 = 1.0,11-17-27-32-34-9 = 0.5,9-15-24-21-9 = 0.5,9-21-39-20-35-9 = 0.5,9-25-30-35-34-9 = 0.5,9-15-24-9 = 0.5,9-18-12-32-11 = 0.5,9-18-12-23-9 = 0.5,9-25-30-20-9 = 0.5,9-39-23-38-36-8 = 0.5
566,201,602.928,6.6,0.044,3.2,1071,1072,9-21-9 = 0.2,9-37-9 = 1.0,8-22-16-41-14-11 = 0.8,8-22-19-36-8 = 0.2,8-19-38-36-8 = 0.8,11-31-13-26-11 = 0.4,11-28-31-26-11 = 0.4,11-28-31-14-11 = 0.2,11-28-13-26-11 = 0.2,11-40-33-29-11 = 0.6,8-23-18-27-9 = 0.2,9-30-20-35-9 = 0.8,11-17-27-32-34-9 = 0.6,11-40-17-27-34-9 = 0.2,9-25-13-29-11 = 0.2,9-25-20-35-9 = 0.2,9-15-24-39-9 = 0.4,9-15-24-21-9 = 0.6,9-25-30-39-21-9 = 0.2,9-25-18-23-39-9 = 0.2,11-41-33-29-11 = 0.2,11-40-33-32-34-9 = 0.2,9-25-28-13-9 = 0.2,9-18-12-32-8 = 0.2,9-12-23-38-8 = 0.2,9-39-12-17-16-8 = 0.2,9-18-12-23-8 = 0.4
1072,566,611.913,0.0,8.984,0.0,Prune by CG,,9-15-9 = 0.158,9-37-9 = 1.0,8-22-14-11 = 0.263,8-22-16-41-14-11 = 0.158,8-22-19-36-8 = 0.579,8-19-38-36-8 = 0.421,11-31-13-26-11 = 1.0,8-23-18-27-9 = 0.579,11-17-27-20-9 = 0.158,11-16-17-27-35-9 = 0.158,11-16-17-27-34-9 = 0.105,9-30-20-35-9 = 0.842,11-40-17-16-41-14-11 = 0.474,9-15-24-39-9 = 0.053,9-15-24-21-9 = 0.789,11-16-17-33-14-11 = 0.105,11-12-18-23-8 = 0.105,11-40-33-32-34-9 = 0.526,11-41-33-32-34-9 = 0.368,9-30-39-24-9 = 0.158,9-39-12-38-8 = 0.579,9-18-12-23-8 = 0.211,9-25-28-29-11 = 1.0,9-23-18-39-21-9 = 0.105,9-21-39-12-32-8 = 0.105
1071,566,603.024,7.222,0.096,0.622,1073,1074,9-15-9 = 0.111,9-21-9 = 0.111,9-37-9 = 1.0,8-22-16-41-14-11 = 0.667,8-22-19-36-8 = 0.333,8-19-38-36-8 = 0.667,11-31-13-26-11 = 0.333,11-28-31-26-11 = 0.333,11-28-31-14-11 = 0.333,11-28-13-26-11 = 0.333,11-40-33-29-11 = 0.333,8-23-18-27-9 = 0.333,9-30-20-35-9 = 0.778,11-17-27-32-34-9 = 0.333,11-40-17-27-34-9 = 0.333,9-25-13-29-11 = 0.333,9-25-20-35-9 = 0.222,9-15-24-39-9 = 0.111,9-15-24-21-9 = 0.778,9-25-30-39-21-9 = 0.111,9-25-18-23-39-9 = 0.333,11-41-33-29-11 = 0.333,11-40-33-32-34-9 = 0.333,9-30-39-24-9 = 0.111,9-18-12-32-8 = 0.333,9-12-23-38-8 = 0.333,9-39-12-17-16-8 = 0.333
1073,1071,605.797,0.0,2.774,0.0,Prune by CG,,9-15-9 = 0.111,9-21-9 = 0.056,9-37-9 = 1.0,8-22-16-41-14-11 = 0.667,8-19-16-41-14-11 = 0.111,8-22-19-36-8 = 0.333,8-19-38-36-8 = 0.389,11-31-13-9 = 0.111,11-31-13-26-11 = 0.222,11-28-31-26-11 = 0.444,11-28-31-14-11 = 0.222,11-28-13-26-11 = 0.333,11-40-33-29-11 = 0.667,8-23-18-27-9 = 0.333,8-19-23-18-9 = 0.167,9-30-20-35-9 = 0.667,11-17-27-32-34-9 = 0.444,11-40-17-27-34-9 = 0.222,9-25-13-29-11 = 0.333,9-25-20-35-9 = 0.333,9-15-24-21-9 = 0.889,9-25-30-24-9 = 0.111,9-39-23-38-36-8 = 0.278,11-40-33-32-34-9 = 0.111,11-41-33-32-34-9 = 0.222,9-18-12-32-8 = 0.056,9-39-12-17-16-8 = 0.222,9-39-12-38-8 = 0.333,9-18-12-23-8 = 0.222,9-25-30-18-9 = 0.222,9-39-12-17-32-8 = 0.111,9-21-39-12-32-8 = 0.056
1074,1071,603.279,7.603,0.255,0.381,1075,1076,9-21-9 = 0.183,9-37-9 = 1.0,8-22-16-41-14-11 = 0.69,8-22-19-36-8 = 0.31,8-19-38-36-8 = 0.69,11-31-13-26-11 = 0.333,11-28-31-26-11 = 0.357,11-28-31-14-11 = 0.31,11-28-13-26-11 = 0.31,11-40-33-29-11 = 0.571,8-23-18-27-9 = 0.31,11-17-33-29-11 = 0.095,11-16-17-27-34-9 = 0.119,9-30-20-35-9 = 0.73,11-17-27-32-34-9 = 0.167,11-40-17-27-34-9 = 0.405,9-25-13-29-11 = 0.333,9-25-20-35-9 = 0.27,9-15-24-39-9 = 0.516,9-15-24-21-9 = 0.484,9-25-30-39-21-9 = 0.27,9-25-18-23-39-9 = 0.127,11-40-28-13-9 = 0.024,11-41-33-32-34-9 = 0.31,9-18-12-32-8 = 0.5,9-12-23-38-8 = 0.31,9-23-12-17-16-8 = 0.19,9-39-17-33-32-9 = 0.024,9-23-18-39-21-9 = 0.063
1075,1074,609.402,0.0,6.123,0.0,Prune by CG,,9-37-9 = 1.0,11-18-27-34-9 = 0.667,8-22-14-11 = 0.333,8-22-16-41-14-11 = 0.333,8-22-19-36-8 = 0.333,8-19-38-36-8 = 0.667,8-38-27-32-9 = 0.333,11-31-13-26-11 = 0.333,11-28-31-26-11 = 0.667,11-40-33-29-11 = 0.333,9-30-20-35-9 = 0.667,9-25-13-29-11 = 0.333,9-25-20-35-9 = 0.333,9-15-24-39-9 = 0.333,9-15-24-21-9 = 0.667,9-25-30-39-21-9 = 0.333,11-41-33-29-11 = 0.333,11-40-28-13-9 = 0.333,11-40-33-32-34-9 = 0.333,9-18-12-32-8 = 0.333,9-23-12-17-16-8 = 0.667,9-39-23-17-41-14-11 = 0.333
1076,1074,603.389,7.0,0.11,-0.603,1077,1078,9-21-9 = 0.167,9-37-9 = 1.0,8-22-16-41-14-11 = 0.833,8-22-19-36-8 = 0.167,8-19-38-36-8 = 0.833,11-31-13-26-11 = 0.333,11-28-31-26-11 = 0.5,11-28-31-14-11 = 0.167,11-28-13-26-11 = 0.167,11-40-33-29-11 = 0.5,8-23-18-27-9 = 0.167,11-16-17-27-34-9 = 0.167,9-30-20-35-9 = 0.667,11-17-27-32-34-9 = 0.5,11-40-17-27-34-9 = 0.167,9-25-13-29-11 = 0.333,9-25-20-35-9 = 0.333,9-15-24-39-9 = 0.5,9-15-24-21-9 = 0.5,9-25-30-39-21-9 = 0.333,11-41-33-29-11 = 0.167,11-40-28-13-9 = 0.167,11-40-33-32-34-9 = 0.167,9-18-12-32-8 = 0.167,9-12-23-38-8 = 0.167,9-18-12-23-8 = 0.667,9-39-17-33-32-9 = 0.167
1077,1076,609.242,0.0,5.853,0.0,Prune by CG,,9-37-9 = 1.0,8-22-16-41-14-11 = 0.4,8-22-19-36-8 = 0.6,8-19-38-36-8 = 0.4,11-31-13-26-11 = 0.6,11-28-31-26-11 = 0.2,11-28-31-14-11 = 0.2,11-28-29-11 = 0.4,11-28-13-26-11 = 0.2,11-40-33-29-11 = 0.4,8-23-18-27-9 = 0.6,11-41-27-32-34-9 = 0.2,11-16-27-32-34-9 = 0.2,9-30-20-35-9 = 0.6,9-25-13-29-11 = 0.2,9-25-20-35-9 = 0.4,9-15-24-39-9 = 0.2,9-15-24-21-9 = 0.6,9-25-30-39-21-9 = 0.4,9-15-24-9 = 0.2,11-40-33-32-34-9 = 0.6,9-12-23-38-8 = 0.4,9-39-17-16-41-14-11 = 0.4,9-18-12-17-8 = 0.4,9-12-17-38-8 = 0.2
1078,1076,603.73,0.0,0.341,0.0,Prune by CG,,9-21-9 = 0.2,9-37-9 = 1.0,8-22-16-41-14-11 = 0.933,8-22-19-36-8 = 0.067,8-19-38-36-8 = 0.933,11-31-13-26-11 = 0.467,11-28-31-26-11 = 0.467,11-28-31-14-11 = 0.067,11-28-13-26-11 = 0.067,11-40-33-29-11 = 0.4,8-23-18-27-9 = 0.067,11-17-33-29-11 = 0.067,11-16-17-27-34-9 = 0.067,9-30-20-35-9 = 0.667,11-17-27-32-34-9 = 0.733,11-40-17-27-34-9 = 0.133,9-25-13-29-11 = 0.067,9-25-20-35-9 = 0.2,9-15-24-39-9 = 0.533,9-15-24-21-9 = 0.467,9-25-30-39-21-9 = 0.333,11-41-33-29-11 = 0.067,11-40-28-13-9 = 0.4,11-40-33-32-34-9 = 0.067,9-39-23-20-35-9 = 0.133,9-25-33-29-11 = 0.4,9-18-12-32-8 = 0.2,9-12-23-38-8 = 0.067,9-18-12-23-8 = 0.733
828,676,603.519,5.333,0.632,-0.667,1079,1080,11-14-11 = 0.167,9-37-9 = 0.833,11-18-23-24-9 = 0.167,8-19-38-36-8 = 1.0,11-31-13-26-11 = 0.5,11-28-31-26-11 = 0.5,11-28-13-11 = 0.5,11-40-33-29-11 = 1.0,11-22-14-11 = 0.083,11-22-16-41-14-11 = 0.75,11-41-27-32-34-9 = 0.083,11-16-27-32-34-9 = 0.083,9-30-20-35-9 = 0.667,9-15-21-37-9 = 0.167,9-15-24-21-9 = 0.833,9-25-35-27-32-11 = 0.083,9-25-18-23-34-9 = 0.333,9-25-20-35-34-9 = 0.25,9-23-18-27-9 = 0.25,9-25-30-20-9 = 0.083,9-25-30-39-34-9 = 0.25,9-39-12-17-32-9 = 0.75,11-22-16-41-11 = 0.167,9-23-18-27-11 = 0.25,9-12-17-27-9 = 0.25
1079,828,609.768,0.0,6.249,0.0,Prune by CG,,9-37-9 = 1.0,11-18-23-27-11 = 0.167,8-19-38-36-8 = 1.0,11-31-13-26-11 = 0.333,11-28-31-26-11 = 0.667,11-40-33-29-11 = 0.667,11-22-14-11 = 0.5,11-22-16-41-14-11 = 0.5,11-41-27-32-34-9 = 0.333,9-30-20-35-9 = 0.833,11-40-28-13-11 = 0.333,9-25-13-29-11 = 0.333,9-15-24-21-9 = 1.0,9-25-18-23-34-9 = 0.5,9-25-30-20-9 = 0.167,9-39-12-17-32-9 = 0.667,11-23-18-27-9 = 0.167,9-39-12-17-35-9 = 0.167,11-16-27-33-11 = 0.333,9-23-18-16-41-11 = 0.167,9-39-12-17-34-9 = 0.167
1080,828,603.543,0.0,0.024,0.0,Prune by CG,,11-14-11 = 0.25,9-37-9 = 0.75,11-18-23-24-9 = 0.25,8-19-38-36-8 = 1.0,11-31-13-26-11 = 0.5,11-28-31-26-11 = 0.5,11-28-13-11 = 0.5,11-40-33-29-11 = 1.0,11-22-16-41-14-11 = 0.75,9-30-20-35-9 = 0.5,9-15-21-37-9 = 0.25,9-15-24-21-9 = 0.75,9-25-35-27-32-11 = 0.125,9-25-20-35-34-9 = 0.375,9-23-18-27-9 = 0.625,9-25-30-20-9 = 0.125,9-25-30-39-34-9 = 0.375,9-39-12-17-32-9 = 0.625,11-22-16-41-11 = 0.25,9-23-18-27-11 = 0.125,9-12-17-27-9 = 0.125,9-12-17-32-34-9 = 0.25
776,773,603.318,7.0,1.418,0.714,1081,1082,11-14-11 = 0.5,9-37-9 = 0.333,8-22-16-41-11 = 0.5,8-22-16-41-14-11 = 0.5,8-19-38-36-8 = 1.0,11-31-13-26-11 = 0.5,11-28-31-26-11 = 0.5,11-28-13-11 = 0.5,11-40-33-29-11 = 0.833,11-17-33-29-11 = 0.167,11-17-20-35-34-9 = 0.667,11-25-30-37-9 = 0.167,9-30-20-35-9 = 0.167,9-30-18-23-9 = 0.167,11-40-17-20-35-9 = 0.167,9-15-24-21-9 = 1.0,9-25-30-37-9 = 0.5,9-25-18-23-34-9 = 0.333,9-18-12-32-9 = 0.5,9-39-23-27-32-8 = 0.5,9-39-12-27-8 = 0.5
1081,776,603.644,0.0,0.326,0.0,Prune by CG,,11-14-11 = 0.5,9-37-9 = 0.333,8-22-16-41-11 = 0.5,8-22-16-41-14-11 = 0.5,8-19-38-36-8 = 1.0,11-31-13-26-11 = 0.5,11-28-31-26-11 = 0.5,11-28-13-11 = 0.5,11-40-33-29-11 = 1.0,11-17-20-35-34-9 = 1.0,9-15-24-21-9 = 1.0,9-25-30-37-9 = 0.667,9-18-12-32-9 = 0.333,9-18-12-23-9 = 0.333,9-39-23-27-32-8 = 0.667,9-39-12-27-8 = 0.333,9-25-30-18-9 = 0.333
1082,776,607.179,0.0,3.86,0.0,Prune by CG,,11-14-11 = 0.5,9-37-9 = 0.5,8-22-16-41-11 = 0.5,8-22-16-41-14-11 = 0.5,8-19-38-36-8 = 1.0,11-31-13-26-11 = 0.5,11-28-31-26-11 = 0.5,11-17-33-29-11 = 1.0,11-25-30-37-9 = 0.5,9-30-20-35-9 = 0.5,11-40-28-13-11 = 0.5,9-15-24-21-9 = 1.0,9-25-18-23-34-9 = 0.5,9-18-12-32-9 = 0.5,11-40-20-35-34-9 = 0.5,9-39-23-27-32-8 = 0.5,9-39-12-27-8 = 0.5
248,225,603.573,6.667,2.74,-1.061,Prune by UB,,9-15-9 = 0.167,9-37-9 = 1.0,8-19-38-34-9 = 0.5,8-19-38-36-8 = 0.5,11-31-13-11 = 0.5,11-28-31-26-11 = 0.5,11-28-13-26-11 = 0.5,11-40-33-29-11 = 0.5,11-22-16-41-14-11 = 1.0,11-17-33-29-11 = 0.5,9-30-20-35-9 = 0.167,11-40-17-20-35-9 = 0.5,9-15-24-21-9 = 0.833,9-25-30-35-34-9 = 0.167,9-25-30-39-21-9 = 0.167,9-25-20-35-34-9 = 0.167,9-18-12-32-9 = 0.833,9-39-23-27-32-11 = 0.167,9-25-30-20-9 = 0.167,9-25-30-39-34-9 = 0.167,9-25-30-24-9 = 0.167,9-23-18-27-11 = 0.167,9-23-12-27-11 = 0.167,9-39-23-27-36-8 = 0.5
1015,980,603.425,4.333,0.049,0.0,1083,1084,11-26-11 = 0.5,9-37-9 = 0.667,8-19-38-36-8 = 1.0,11-31-13-26-11 = 0.5,11-22-16-41-14-11 = 1.0,11-17-33-29-11 = 1.0,9-30-20-35-9 = 1.0,11-40-28-13-11 = 0.5,11-40-28-31-11 = 0.5,9-15-21-37-9 = 0.333,9-15-24-39-9 = 0.333,9-15-24-21-9 = 0.333,9-21-24-39-34-9 = 0.333,9-25-12-18-9 = 1.0,9-23-27-32-34-9 = 0.667,9-39-23-27-32-9 = 0.333
1083,1015,604.336,0.0,0.911,0.0,Prune by CG,,11-26-11 = 0.5,8-19-38-36-8 = 1.0,11-31-13-26-11 = 0.5,11-22-16-41-14-11 = 1.0,11-17-33-29-11 = 1.0,9-30-20-35-9 = 1.0,11-40-28-13-11 = 0.5,11-40-28-31-11 = 0.5,9-15-24-39-9 = 1.0,9-21-37-9 = 1.0,9-25-12-18-9 = 1.0,9-23-27-32-34-9 = 1.0
1084,1015,604.302,0.0,0.877,0.0,Prune by CG,,11-26-11 = 0.5,8-19-38-36-8 = 1.0,11-31-13-26-11 = 0.5,11-22-16-41-14-11 = 1.0,11-17-33-29-11 = 1.0,9-30-20-35-9 = 1.0,11-40-28-13-11 = 0.5,11-40-28-31-11 = 0.5,9-25-37-9 = 1.0,9-15-24-21-9 = 1.0,9-12-18-39-9 = 1.0,9-23-27-32-34-9 = 1.0
335,85,603.176,7.333,1.67,1.667,1085,1086,9-37-9 = 0.833,8-22-14-11 = 0.5,8-22-16-41-14-11 = 0.5,8-19-38-36-8 = 1.0,11-31-13-11 = 0.5,11-28-31-26-11 = 0.5,11-28-13-26-11 = 0.5,11-40-33-29-11 = 1.0,11-12-18-23-9 = 0.5,11-12-17-16-41-11 = 0.5,11-17-20-35-34-8 = 0.5,9-30-20-35-8 = 0.333,9-15-24-39-9 = 0.5,9-15-24-21-9 = 0.5,9-25-30-37-9 = 0.167,9-25-30-39-21-9 = 0.5,9-25-35-27-32-9 = 0.167,9-25-18-23-34-9 = 0.167,9-18-27-32-9 = 0.333,9-23-27-32-34-9 = 0.333,9-20-27-32-8 = 0.167
1085,335,604.147,0.0,0.971,0.0,Prune by CG,,11-14-11 = 0.25,9-37-9 = 0.667,8-22-14-11 = 0.25,8-22-16-41-14-11 = 0.25,8-19-38-36-8 = 1.0,8-22-16-17-41-11 = 0.5,11-31-13-26-11 = 0.5,11-28-31-26-11 = 0.5,11-28-13-11 = 0.5,11-40-33-29-11 = 0.75,11-17-33-29-11 = 0.25,11-12-18-39-9 = 0.333,11-12-18-23-9 = 0.667,9-30-20-35-8 = 0.333,11-40-17-16-41-14-11 = 0.25,9-15-24-21-9 = 1.0,9-25-30-37-9 = 0.333,9-25-35-27-32-9 = 0.333,9-23-27-32-34-9 = 0.333,9-25-30-39-34-9 = 0.333,9-20-27-32-8 = 0.333,9-39-20-35-34-8 = 0.333
1086,335,606.575,0.0,3.399,0.0,Prune by CG,,9-37-9 = 0.833,8-22-14-11 = 0.5,8-22-16-41-14-11 = 0.5,8-19-38-36-8 = 1.0,11-31-13-26-11 = 0.5,11-28-31-26-11 = 0.5,11-28-13-11 = 0.5,11-40-33-29-11 = 1.0,11-12-17-16-41-11 = 0.5,11-17-20-35-34-8 = 0.5,9-15-24-39-9 = 0.167,9-15-24-21-9 = 0.833,9-25-30-37-9 = 0.167,9-25-30-39-23-9 = 0.5,9-25-30-39-21-9 = 0.167,9-25-18-23-34-9 = 0.167,9-18-27-32-9 = 0.833,9-23-27-32-34-9 = 0.167,9-30-39-23-34-9 = 0.167,11-12-20-35-8 = 0.5
912,809,603.367,7.895,0.378,0.395,1087,1088,8-19-8 = 0.184,8-36-8 = 0.158,9-37-9 = 0.605,11-18-27-32-8 = 0.158,11-18-27-34-9 = 0.211,8-22-16-41-14-11 = 0.5,8-22-19-8 = 0.5,8-19-38-36-8 = 0.316,8-23-12-41-14-11 = 0.342,11-31-13-26-11 = 0.5,11-28-31-26-11 = 0.5,11-28-13-11 = 0.5,11-40-33-29-11 = 1.0,11-16-17-20-35-9 = 0.5,9-30-20-35-9 = 0.289,11-17-27-32-34-9 = 0.342,9-15-24-39-9 = 0.079,9-15-24-21-9 = 0.921,9-21-39-20-35-9 = 0.079,9-25-30-37-9 = 0.395,9-25-18-23-34-9 = 0.132,9-18-12-32-11 = 0.5,9-25-30-39-34-9 = 0.316,11-17-27-38-8 = 0.158,9-39-23-38-36-8 = 0.526,9-25-12-41-14-11 = 0.158,11-27-20-35-9 = 0.132
1087,912,609.71,0.0,6.343,0.0,Prune by CG,,8-19-8 = 0.5,9-37-9 = 0.5,8-22-16-41-14-11 = 0.5,8-22-19-8 = 0.5,11-31-13-26-11 = 0.5,11-28-31-26-11 = 0.5,11-28-13-11 = 0.5,11-40-33-29-11 = 1.0,11-17-27-20-9 = 0.5,8-23-18-32-34-9 = 0.5,9-15-24-21-9 = 1.0,9-25-30-35-34-9 = 0.5,9-25-30-37-9 = 0.5,9-18-12-32-11 = 0.5,9-39-23-38-36-8 = 0.5,11-27-20-35-9 = 0.5,11-16-17-38-36-8 = 0.5,9-39-12-41-14-11 = 0.5
1088,912,603.471,7.0,0.104,-0.895,1089,1090,9-37-9 = 1.0,11-18-27-32-8 = 0.5,8-22-16-41-14-11 = 0.5,8-22-19-8 = 0.5,8-19-38-36-8 = 0.5,11-31-13-26-11 = 0.5,11-28-31-26-11 = 0.5,11-28-13-11 = 0.5,11-40-33-29-11 = 1.0,8-23-18-12-11 = 0.5,11-16-17-20-35-9 = 0.5,9-30-20-35-9 = 0.5,11-17-27-32-34-9 = 0.5,9-15-24-21-9 = 1.0,9-25-30-39-34-9 = 0.5,9-39-23-38-36-8 = 0.5,9-25-12-41-14-11 = 0.5
1089,1088,608.147,0.0,4.676,0.0,Prune by CG,,8-19-8 = 0.5,8-36-8 = 0.125,9-37-9 = 0.375,11-18-27-34-9 = 0.375,11-18-20-35-9 = 0.125,8-22-16-41-14-11 = 0.5,8-22-16-38-8 = 0.125,8-19-38-36-8 = 0.125,8-23-12-41-14-11 = 0.125,11-31-13-26-11 = 0.5,11-28-31-26-11 = 0.5,11-28-13-11 = 0.5,11-40-33-29-11 = 1.0,8-23-18-12-11 = 0.125,8-16-17-20-35-9 = 0.375,9-30-20-35-9 = 0.375,11-17-27-32-34-9 = 0.625,9-15-24-39-9 = 0.125,9-15-24-21-9 = 0.875,9-21-39-20-35-9 = 0.125,9-25-30-37-9 = 0.625,9-18-12-32-11 = 0.375,9-39-23-38-36-8 = 0.75,11-22-19-8 = 0.375,9-25-12-41-14-11 = 0.375
1090,1088,604.224,0.0,0.754,0.0,Prune by CG,,8-36-8 = 0.077,9-37-9 = 0.615,11-18-27-34-9 = 0.231,8-22-14-11 = 0.538,8-22-19-8 = 0.462,8-19-38-36-8 = 0.538,8-23-12-41-14-11 = 0.385,11-31-13-11 = 0.5,11-28-31-26-11 = 0.5,11-28-13-26-11 = 0.5,11-40-33-29-11 = 1.0,11-41-27-32-34-9 = 0.231,11-16-17-20-35-9 = 0.538,9-30-20-35-9 = 0.308,9-15-24-39-9 = 0.154,9-15-24-21-9 = 0.846,9-21-39-20-35-9 = 0.154,9-25-30-37-9 = 0.385,9-25-18-23-34-9 = 0.231,9-18-12-32-11 = 0.308,9-25-30-39-34-9 = 0.308,9-39-23-38-36-8 = 0.385,9-25-12-41-14-11 = 0.077,11-41-27-38-8 = 0.077,11-16-17-27-32-8 = 0.462,9-18-12-41-11 = 0.231
924,922,603.517,6.333,1.762,-0.595,1091,1092,9-37-9 = 0.5,11-18-27-32-8 = 0.5,8-22-14-11 = 1.0,8-19-38-36-8 = 0.833,8-19-23-27-9 = 0.167,11-31-13-26-11 = 0.5,11-28-31-26-11 = 0.5,11-28-13-11 = 0.5,11-40-33-29-11 = 1.0,11-12-17-16-41-11 = 0.833,9-30-20-35-9 = 0.5,9-15-24-39-9 = 0.333,9-15-24-21-9 = 0.667,9-21-39-20-35-9 = 0.333,9-25-30-37-9 = 0.5,9-25-18-23-34-9 = 0.5,9-39-23-38-36-8 = 0.167,9-39-23-20-35-9 = 0.167,11-41-27-32-34-8 = 0.167,11-16-27-32-34-8 = 0.167,11-12-17-32-34-8 = 0.167
1091,924,604.945,0.0,1.427,0.0,Prune by CG,,9-37-9 = 0.944,11-18-27-32-8 = 0.389,8-22-14-11 = 0.333,8-22-16-41-14-11 = 0.667,8-19-38-36-8 = 0.667,8-19-23-27-9 = 0.056,11-31-13-11 = 0.5,11-28-31-26-11 = 0.5,11-28-13-26-11 = 0.5,11-40-33-29-11 = 0.833,11-12-17-16-41-11 = 0.333,9-30-20-35-9 = 0.611,9-15-24-39-9 = 0.222,9-15-24-21-9 = 0.778,9-21-39-20-35-9 = 0.111,9-25-30-37-9 = 0.056,9-25-30-39-21-9 = 0.111,9-25-18-23-34-9 = 0.611,9-25-30-39-34-9 = 0.222,9-39-23-38-36-8 = 0.333,11-12-17-33-11 = 0.167,11-27-20-35-9 = 0.278,11-12-17-29-11 = 0.167,11-12-17-32-34-8 = 0.167,11-40-12-17-32-8 = 0.167,8-19-27-32-8 = 0.278
1092,924,611.783,0.0,8.266,0.0,Prune by CG,,11-26-11 = 0.333,11-18-27-32-8 = 0.167,11-18-27-32-11 = 0.167,11-18-20-35-9 = 0.333,8-22-14-11 = 0.833,8-19-16-41-14-11 = 0.167,8-19-38-36-8 = 0.667,8-23-27-32-34-8 = 0.333,11-31-13-11 = 0.5,11-28-31-26-11 = 0.5,11-28-13-11 = 0.333,11-28-13-26-11 = 0.167,11-40-33-29-11 = 1.0,11-12-18-17-11 = 0.333,11-12-17-16-41-11 = 0.667,9-15-24-21-9 = 1.0,9-25-30-37-9 = 1.0,9-39-23-38-36-8 = 0.333,11-22-19-8 = 0.167,9-39-23-20-35-9 = 0.333,9-39-20-35-34-9 = 0.333,11-41-27-32-34-8 = 0.167,11-16-27-32-34-8 = 0.167
844,819,603.535,6.0,0.659,-0.667,Prune by UB,,11-14-11 = 0.5,9-37-9 = 0.333,8-19-38-36-8 = 1.0,11-31-13-26-11 = 0.5,11-28-31-26-11 = 0.5,11-28-13-11 = 0.5,11-40-33-29-11 = 1.0,11-22-16-41-14-11 = 0.5,9-30-20-35-9 = 0.333,9-15-24-21-9 = 1.0,9-25-30-37-9 = 0.667,9-25-12-17-32-9 = 0.333,9-18-27-34-9 = 0.333,9-23-12-17-32-9 = 0.333,9-39-23-27-34-9 = 0.667,9-39-12-17-32-9 = 0.333,11-22-16-41-11 = 0.5,9-18-20-35-9 = 0.667
385,90,603.571,8.0,2.08,-0.75,Prune by UB,,11-14-11 = 0.333,9-37-9 = 0.333,8-22-14-11 = 0.667,8-22-19-8 = 0.333,8-19-38-36-8 = 0.667,8-23-12-18-9 = 0.167,11-31-13-26-11 = 0.5,11-28-31-26-11 = 0.5,11-40-33-29-11 = 0.333,11-16-17-27-32-9 = 0.167,11-16-17-27-35-9 = 0.333,8-23-18-32-34-9 = 0.167,11-40-28-13-11 = 0.5,9-15-21-37-9 = 0.667,9-15-24-21-9 = 0.333,9-25-20-35-34-9 = 0.667,9-18-12-32-11 = 0.167,9-25-30-20-9 = 0.333,11-41-33-29-11 = 0.667,9-39-23-38-36-8 = 0.333,11-40-12-23-34-9 = 0.167,9-30-39-24-9 = 0.667,11-16-17-27-32-8 = 0.5,9-18-12-41-11 = 0.333,9-18-12-23-8 = 0.167
914,900,603.574,5.2,0.557,-0.832,Prune by UB,,11-14-11 = 0.2,9-37-9 = 1.0,8-19-38-36-8 = 0.8,8-23-12-27-9 = 0.2,11-31-13-26-11 = 0.4,11-28-31-26-11 = 0.6,11-40-33-29-11 = 0.8,11-22-16-41-14-11 = 0.8,9-30-20-35-9 = 0.8,11-17-27-32-34-9 = 0.8,9-25-13-29-11 = 0.2,9-15-24-39-9 = 0.2,9-15-24-21-9 = 0.8,9-12-18-39-9 = 0.4,9-23-12-18-9 = 0.4,9-39-23-38-34-9 = 0.2,11-22-19-36-8 = 0.2,11-40-17-16-41-11 = 0.2,9-25-20-33-11 = 0.2,9-25-30-35-32-11 = 0.2,9-25-28-13-11 = 0.4,9-23-18-39-21-9 = 0.2
983,542,603.428,8.0,0.148,0.217,1093,1094,9-37-9 = 0.5,8-22-19-36-8 = 0.5,8-19-38-34-9 = 0.5,11-31-13-11 = 0.5,11-28-31-26-11 = 0.5,11-28-13-26-11 = 0.5,11-40-33-29-11 = 0.5,11-22-14-11 = 0.5,11-17-33-29-11 = 0.5,9-30-20-35-9 = 1.0,11-40-17-16-41-14-11 = 0.5,9-25-37-9 = 0.5,9-15-24-21-9 = 1.0,9-25-12-27-9 = 0.5,9-18-12-32-9 = 0.5,9-39-27-32-34-9 = 0.5,9-39-23-38-36-8 = 0.5,11-18-23-16-41-11 = 0.5
1093,983,606.001,0.0,2.573,0.0,Prune by CG,,11-14-11 = 0.033,9-37-9 = 0.826,11-18-20-35-9 = 0.087,8-19-38-34-9 = 0.565,11-31-13-11 = 0.5,11-28-31-26-11 = 0.5,11-28-13-26-11 = 0.5,11-40-33-29-11 = 0.707,8-19-18-39-9 = 0.13,11-22-14-11 = 0.293,11-22-16-17-41-11 = 0.326,11-22-16-41-14-11 = 0.38,11-17-33-29-11 = 0.293,11-17-20-35-32-11 = 0.087,9-30-20-35-9 = 0.826,11-40-17-16-41-14-11 = 0.293,9-15-24-21-9 = 1.0,9-25-30-37-9 = 0.174,9-25-12-27-9 = 0.522,9-25-18-27-9 = 0.043,9-18-12-32-9 = 0.391,9-18-12-32-11 = 0.087,9-39-27-32-34-9 = 0.435,9-39-23-38-36-8 = 0.435,9-25-18-23-36-8 = 0.261,8-19-23-36-8 = 0.304
1094,983,608.494,0.0,5.066,0.0,Prune by CG,,9-37-9 = 0.5,8-19-38-36-8 = 1.0,11-31-13-11 = 0.5,11-28-31-26-11 = 0.5,11-28-13-26-11 = 0.5,11-40-33-29-11 = 1.0,11-22-14-11 = 0.5,11-22-16-41-14-11 = 0.5,9-30-20-35-9 = 1.0,9-25-37-9 = 0.5,9-15-24-21-9 = 1.0,9-25-12-27-9 = 0.5,9-39-27-32-34-9 = 0.5,9-39-12-32-34-9 = 0.5,11-23-18-17-41-11 = 0.5,11-23-18-17-16-11 = 0.5
528,357,603.473,7.5,1.229,-0.1,1095,1096,8-19-8 = 0.25,9-37-9 = 0.75,8-22-16-41-14-11 = 1.0,8-19-38-36-8 = 0.75,11-31-13-11 = 0.5,11-28-31-26-11 = 0.5,11-28-13-26-11 = 0.5,11-40-33-29-11 = 0.5,11-17-33-29-11 = 0.5,11-12-18-35-9 = 0.25,11-18-12-32-9 = 0.5,11-40-17-27-32-11 = 0.5,9-15-24-21-9 = 0.75,9-15-30-35-9 = 0.25,9-21-37-9 = 0.25,9-25-20-35-34-9 = 0.5,9-25-30-20-9 = 0.5,9-39-23-38-36-8 = 0.25,11-12-18-23-8 = 0.25,9-30-39-24-9 = 0.25,9-39-23-27-34-8 = 0.5
1095,528,608.309,0.0,4.836,0.0,Prune by CG,,8-19-8 = 0.409,9-37-9 = 1.0,11-18-27-32-11 = 0.318,8-22-16-41-14-11 = 1.0,8-19-38-36-8 = 0.591,11-31-13-26-11 = 0.5,11-28-31-26-11 = 0.5,11-40-33-29-11 = 0.227,11-17-33-29-11 = 0.727,11-12-18-35-9 = 0.591,11-40-28-13-11 = 0.5,11-40-17-27-32-11 = 0.182,9-15-24-21-9 = 1.0,9-25-30-20-9 = 1.0,9-39-23-38-36-8 = 0.409,9-39-23-17-33-11 = 0.045,9-39-23-27-34-8 = 0.5,11-40-18-32-34-8 = 0.091,9-39-23-17-29-11 = 0.045,11-12-35-32-34-9 = 0.409
1096,528,603.741,0.0,0.268,0.0,Prune by CG,,8-19-8 = 0.278,9-37-9 = 0.667,8-22-16-41-14-11 = 1.0,8-19-38-36-8 = 0.722,11-31-13-11 = 0.5,11-28-31-26-11 = 0.5,11-28-13-26-11 = 0.5,11-40-33-29-11 = 0.5,11-17-33-29-11 = 0.5,11-12-18-39-9 = 0.111,11-12-18-34-9 = 0.056,11-18-12-32-9 = 0.5,11-40-17-27-32-11 = 0.5,9-15-24-21-9 = 0.667,9-15-30-35-9 = 0.333,9-21-37-9 = 0.333,9-25-20-35-34-9 = 0.667,9-25-30-20-9 = 0.333,9-39-23-38-36-8 = 0.167,11-12-18-23-8 = 0.333,9-30-39-24-9 = 0.333,9-23-27-38-8 = 0.111,9-39-23-27-36-8 = 0.111,9-39-23-27-34-8 = 0.278
926,615,603.487,6.0,0.209,-0.167,1097,1098,9-37-9 = 1.0,8-22-16-41-14-11 = 1.0,8-19-38-36-8 = 0.75,8-19-36-8 = 0.25,11-31-13-9 = 0.5,11-28-31-26-11 = 0.5,11-28-13-26-11 = 0.5,11-40-33-29-11 = 0.5,11-17-33-29-11 = 0.5,9-30-20-35-9 = 0.25,11-40-17-20-35-9 = 0.5,9-25-20-27-9 = 0.25,9-15-24-21-9 = 1.0,9-25-12-27-9 = 0.25,9-25-18-27-9 = 0.25,9-39-12-32-34-9 = 0.25,9-30-39-23-34-9 = 0.75,9-18-23-38-8 = 0.25,9-25-35-27-32-8 = 0.25,9-18-12-32-8 = 0.5
1097,926,612.289,0.0,8.802,0.0,Prune by CG,,9-15-9 = 0.167,9-37-9 = 1.0,8-22-16-41-14-11 = 0.5,8-22-19-8 = 0.5,8-19-38-36-8 = 0.5,11-31-13-26-11 = 0.5,11-28-31-14-11 = 0.5,11-28-13-26-11 = 0.5,11-40-17-20-35-9 = 1.0,9-15-24-21-9 = 0.667,9-25-12-27-9 = 0.333,9-25-18-27-9 = 0.333,9-18-12-32-9 = 0.167,11-41-33-29-11 = 0.5,9-15-38-36-8 = 0.167,9-30-39-24-9 = 0.333,9-30-39-23-34-9 = 0.667,9-25-27-32-34-9 = 0.333,8-16-33-29-11 = 0.5,9-18-12-32-8 = 0.5,9-21-23-38-36-8 = 0.333
1098,926,605.511,0.0,2.024,0.0,Prune by CG,,8-19-8 = 0.167,9-37-9 = 1.0,8-22-16-41-14-11 = 1.0,8-19-38-36-8 = 0.833,11-31-13-9 = 0.5,11-28-31-26-11 = 0.5,11-28-13-26-11 = 0.5,11-40-33-29-11 = 0.5,11-17-33-29-11 = 0.5,9-30-20-35-9 = 0.667,9-25-20-27-8 = 0.167,9-25-20-27-9 = 0.167,9-15-24-21-9 = 1.0,9-25-35-27-34-9 = 0.333,9-39-12-17-32-9 = 0.333,9-30-39-23-34-9 = 0.333,11-40-18-23-34-9 = 0.333,11-40-17-38-36-8 = 0.167,9-25-39-23-27-9 = 0.333,9-18-12-32-8 = 0.667
1068,1066,603.502,5.714,0.114,-0.286,1099,1100,9-15-9 = 0.143,9-21-9 = 0.143,9-37-9 = 1.0,8-19-38-36-8 = 1.0,11-31-13-26-11 = 0.5,11-28-31-26-11 = 0.5,11-40-33-29-11 = 0.5,11-22-16-41-14-11 = 1.0,9-30-20-35-9 = 0.714,11-40-28-13-11 = 0.5,9-15-24-21-9 = 0.857,9-25-18-27-9 = 0.143,9-25-18-23-34-9 = 0.571,9-39-27-32-34-9 = 0.429,9-39-23-27-32-9 = 0.429,9-25-30-24-9 = 0.143,11-12-17-33-11 = 0.5,9-18-20-35-9 = 0.143,11-12-17-29-11 = 0.5,9-25-30-18-9 = 0.143,9-39-20-35-32-9 = 0.143
1099,1068,603.619,0.0,0.117,0.0,Prune by CG,,9-15-9 = 0.143,9-21-9 = 0.143,9-37-9 = 1.0,8-19-38-36-8 = 1.0,11-31-13-26-11 = 0.5,11-28-31-26-11 = 0.5,11-40-33-29-11 = 0.5,11-22-16-41-14-11 = 1.0,9-30-20-35-9 = 0.857,11-40-28-13-11 = 0.5,9-15-24-21-9 = 0.857,9-25-18-27-9 = 0.143,9-25-18-23-34-9 = 0.571,9-39-27-32-34-9 = 0.429,9-39-23-27-32-9 = 0.429,11-12-17-33-11 = 0.5,11-12-17-29-11 = 0.5,9-25-30-18-9 = 0.143,9-25-18-24-9 = 0.143,9-39-20-35-32-9 = 0.143
1100,1068,606.402,0.0,2.9,0.0,Prune by CG,,9-15-9 = 0.25,9-37-9 = 1.0,8-19-38-36-8 = 1.0,11-31-13-26-11 = 0.5,11-28-31-26-11 = 0.5,11-40-33-29-11 = 0.5,11-22-16-41-14-11 = 1.0,11-40-28-13-11 = 0.5,9-15-24-21-9 = 0.75,9-25-30-23-34-9 = 0.5,9-25-30-21-9 = 0.25,9-39-27-32-34-9 = 0.5,9-39-23-27-32-9 = 0.5,9-25-30-24-9 = 0.25,11-12-17-33-11 = 0.5,9-18-20-35-9 = 1.0,11-12-17-29-11 = 0.5
971,704,603.597,7.667,0.582,-0.944,Prune by UB,,9-37-9 = 0.833,8-22-14-11 = 0.5,8-22-19-36-8 = 0.25,8-19-38-36-8 = 0.75,11-31-13-26-11 = 0.5,11-28-31-26-11 = 0.5,11-28-13-11 = 0.5,11-40-33-29-11 = 0.75,11-22-16-41-14-11 = 0.25,11-17-33-29-11 = 0.25,11-12-17-16-41-11 = 0.5,9-30-20-35-9 = 0.583,11-40-17-16-41-14-11 = 0.25,9-15-21-37-9 = 0.167,9-15-24-39-9 = 0.417,9-15-24-21-9 = 0.417,9-21-39-20-35-9 = 0.417,11-12-18-23-8 = 0.5,9-30-39-24-9 = 0.167,9-25-27-32-34-9 = 0.75,8-23-18-32-34-8 = 0.25,9-25-30-27-9 = 0.25,8-18-23-38-8 = 0.25
1001,724,603.498,7.167,0.36,-0.167,1101,1102,9-37-9 = 0.833,11-18-20-35-9 = 0.25,8-22-14-11 = 0.5,8-22-16-41-14-11 = 0.5,8-19-38-36-8 = 1.0,11-31-13-11 = 0.5,11-28-31-26-11 = 0.5,11-28-13-26-11 = 0.5,11-40-33-29-11 = 0.75,11-17-33-29-11 = 0.25,11-12-17-16-41-11 = 0.5,11-12-20-35-9 = 0.5,11-40-17-20-35-9 = 0.25,9-15-21-37-9 = 0.167,9-15-24-21-9 = 0.833,9-23-27-32-34-9 = 0.417,9-23-18-32-34-9 = 0.167,9-39-27-32-34-9 = 0.417,9-30-39-24-9 = 0.167,9-25-18-27-8 = 0.167,9-25-30-39-23-8 = 0.417,9-25-30-18-8 = 0.417
1101,1001,608.656,0.0,5.158,0.0,Prune by CG,,8-19-8 = 0.333,9-37-9 = 1.0,11-18-20-35-9 = 1.0,8-22-14-11 = 1.0,8-19-38-36-8 = 0.667,11-31-13-11 = 0.5,11-28-31-26-11 = 0.5,11-28-13-26-11 = 0.5,11-40-33-29-11 = 1.0,11-12-17-16-41-11 = 1.0,9-15-24-21-9 = 1.0,9-23-27-32-34-9 = 0.333,9-39-27-32-34-9 = 0.667,9-25-30-23-36-8 = 0.333,9-25-30-39-23-8 = 0.333,9-25-30-38-8 = 0.333
1102,1001,603.719,0.0,0.221,0.0,Prune by CG,,9-37-9 = 0.833,8-22-14-11 = 0.5,8-22-16-41-14-11 = 0.5,8-19-38-36-8 = 1.0,11-31-13-11 = 0.5,11-28-31-26-11 = 0.5,11-28-13-26-11 = 0.5,11-40-33-29-11 = 0.75,11-17-33-29-11 = 0.25,11-12-17-16-41-11 = 0.25,11-12-20-35-9 = 0.75,11-17-27-32-34-9 = 0.25,11-40-17-20-35-9 = 0.25,9-15-21-37-9 = 0.167,9-15-24-21-9 = 0.833,9-23-27-32-34-9 = 0.167,9-23-18-32-34-9 = 0.167,9-39-27-32-34-9 = 0.417,9-30-39-24-9 = 0.167,9-25-18-27-8 = 0.167,9-25-30-39-23-8 = 0.417,9-25-30-18-8 = 0.417,9-23-18-16-41-11 = 0.25
1012,769,603.665,6.8,0.484,-1.311,Prune by UB,,9-37-9 = 0.8,11-18-27-32-8 = 0.1,8-22-14-11 = 0.5,8-22-19-8 = 0.1,8-19-38-36-8 = 0.9,8-22-16-17-41-11 = 0.4,11-31-13-11 = 0.5,11-28-31-26-11 = 0.5,11-28-13-26-11 = 0.5,11-40-33-29-11 = 1.0,11-12-18-39-9 = 0.2,11-41-27-32-34-9 = 0.4,9-30-35-27-9 = 0.4,9-15-21-37-9 = 0.2,9-15-24-21-9 = 0.8,9-25-20-35-34-9 = 0.6,9-25-30-20-9 = 0.4,9-39-23-38-36-8 = 0.1,11-12-18-23-8 = 0.3,11-18-12-32-8 = 0.4,9-30-39-24-9 = 0.2,9-39-23-17-16-41-11 = 0.1,11-12-27-32-8 = 0.1,8-23-17-16-41-14-11 = 0.1,9-39-23-17-16-14-11 = 0.4
506,157,603.602,4.667,1.426,-0.833,Prune by UB,,11-26-11 = 0.5,9-37-9 = 0.333,8-19-38-36-8 = 1.0,11-31-13-26-11 = 0.5,11-22-16-41-14-11 = 1.0,11-17-33-29-11 = 1.0,9-30-20-35-9 = 0.167,11-40-28-13-11 = 0.5,11-40-28-31-11 = 0.5,9-21-39-20-35-9 = 0.833,9-25-30-37-9 = 0.667,9-25-30-39-21-9 = 0.167,9-25-18-27-9 = 0.167,9-15-24-9 = 1.0,9-18-27-32-9 = 0.333,9-18-27-34-9 = 0.333,9-18-12-23-9 = 0.167,9-23-12-27-9 = 0.167,9-23-12-32-34-9 = 0.667
690,111,603.501,7.0,0.927,-0.053,1103,1104,9-37-9 = 0.5,8-22-14-11 = 0.5,8-22-16-41-14-11 = 0.25,8-19-38-36-8 = 1.0,8-22-16-17-41-11 = 0.25,11-31-13-11 = 0.5,11-28-31-26-11 = 0.5,11-28-13-26-11 = 0.5,11-40-33-29-11 = 0.75,11-17-33-29-11 = 0.25,11-12-18-35-9 = 0.75,11-25-20-35-34-9 = 0.25,11-40-17-16-41-14-11 = 0.25,9-15-24-34-9 = 0.5,9-15-24-21-9 = 0.5,9-21-37-9 = 0.5,9-39-27-32-34-9 = 0.25,9-25-30-20-9 = 0.75,11-12-18-23-8 = 0.25,9-39-23-27-32-8 = 0.75,9-30-17-16-41-11 = 0.25
1103,690,603.591,0.0,0.09,0.0,Prune by CG,,11-14-11 = 0.25,8-22-14-11 = 0.25,8-22-16-41-14-11 = 0.25,8-19-38-36-8 = 1.0,8-22-16-17-41-11 = 0.5,11-31-13-11 = 0.5,11-28-31-26-11 = 0.5,11-28-13-26-11 = 0.5,11-40-33-29-11 = 0.75,11-17-33-29-11 = 0.25,11-12-18-35-9 = 1.0,11-40-17-16-41-14-11 = 0.25,9-15-24-34-9 = 1.0,9-21-37-9 = 1.0,9-25-30-20-9 = 1.0,9-39-23-27-32-8 = 1.0
1104,690,604.697,0.0,1.196,0.0,Prune by CG,,9-37-9 = 1.0,11-18-27-35-9 = 0.333,8-22-14-11 = 0.333,8-22-16-41-14-11 = 0.5,8-19-38-36-8 = 1.0,8-22-16-17-41-11 = 0.167,11-31-13-11 = 0.333,11-31-13-26-11 = 0.167,11-28-31-26-11 = 0.5,11-28-13-26-11 = 0.333,11-40-33-29-11 = 0.667,11-17-33-29-11 = 0.333,11-18-30-35-9 = 0.333,11-25-20-35-34-9 = 0.333,11-40-28-13-11 = 0.167,11-40-17-16-41-14-11 = 0.167,9-15-24-21-9 = 1.0,9-23-12-17-16-11 = 0.167,9-23-12-17-41-11 = 0.167,9-39-27-32-34-9 = 0.333,9-25-30-20-9 = 0.667,11-12-18-23-8 = 0.333,9-39-23-27-32-8 = 0.333,9-39-12-32-34-8 = 0.333
31,27,603.491,7.111,6.148,0.028,1105,1106,9-37-9 = 0.889,8-19-38-36-8 = 1.0,11-31-13-26-11 = 0.333,11-28-31-26-11 = 0.667,11-28-13-11 = 0.333,11-40-33-29-11 = 0.667,11-22-14-11 = 0.5,11-22-16-41-14-11 = 0.5,11-16-17-20-35-9 = 0.5,11-12-23-39-21-9 = 0.167,9-30-20-35-9 = 0.417,9-30-18-39-9 = 0.347,9-25-13-29-11 = 0.333,9-15-21-37-9 = 0.111,9-15-24-39-9 = 0.167,9-15-24-21-9 = 0.722,9-25-35-27-32-11 = 0.083,9-18-27-32-9 = 0.139,9-18-27-34-9 = 0.139,9-23-12-27-9 = 0.431,9-23-12-32-34-9 = 0.319,9-39-27-32-34-9 = 0.208,11-40-33-32-34-9 = 0.25,11-40-12-23-34-9 = 0.083,9-25-18-17-41-11 = 0.375,9-30-39-24-9 = 0.111,9-25-30-17-41-11 = 0.125,9-25-20-33-11 = 0.083
1105,31,605.999,0.0,2.508,0.0,Prune by CG,,9-37-9 = 0.5,8-19-38-36-8 = 1.0,11-31-13-11 = 0.5,11-28-31-26-11 = 0.5,11-28-13-26-11 = 0.5,11-40-33-29-11 = 1.0,11-22-14-11 = 1.0,11-16-17-20-35-9 = 0.5,11-12-23-24-9 = 0.5,9-30-20-35-9 = 0.5,9-15-21-37-9 = 0.5,9-15-24-21-9 = 0.5,9-18-12-23-9 = 0.5,9-39-27-32-34-9 = 1.0,9-25-18-16-41-11 = 0.5,9-25-30-17-41-11 = 0.5
1106,31,603.656,0.0,0.165,0.0,Prune by CG,,9-37-9 = 1.0,8-19-38-36-8 = 1.0,11-31-13-26-11 = 0.5,11-28-31-26-11 = 0.5,11-40-33-29-11 = 1.0,11-22-14-11 = 0.5,11-22-16-41-14-11 = 0.5,11-16-17-20-35-9 = 0.5,11-12-23-39-21-9 = 0.5,9-30-20-35-9 = 0.5,9-15-24-39-9 = 0.5,9-15-24-21-9 = 0.5,9-18-27-32-9 = 0.5,9-18-27-34-9 = 0.5,9-23-12-32-34-9 = 0.5,9-25-30-17-41-11 = 0.5,9-25-28-13-11 = 0.5
618,465,603.609,7.333,1.26,-0.667,Prune by UB,,8-19-8 = 0.167,9-37-9 = 1.0,8-22-14-11 = 0.042,8-22-16-41-14-11 = 0.542,8-22-19-8 = 0.417,8-19-38-36-8 = 0.417,11-28-31-26-11 = 0.5,11-28-13-26-11 = 0.5,11-40-33-29-11 = 0.542,11-17-33-29-11 = 0.417,11-16-17-20-35-9 = 0.042,11-31-13-32-9 = 0.5,9-30-20-35-9 = 0.75,11-40-17-20-35-9 = 0.042,11-40-17-16-41-14-11 = 0.417,9-15-24-21-9 = 1.0,9-25-18-32-34-9 = 0.25,9-25-20-35-34-9 = 0.167,9-12-27-32-9 = 0.167,9-12-27-34-9 = 0.333,9-39-12-27-9 = 0.5,9-25-30-39-34-9 = 0.25,11-41-33-29-11 = 0.042,9-39-23-38-36-8 = 0.25,9-25-18-23-36-8 = 0.333,8-18-23-38-8 = 0.333,8-23-18-17-32-8 = 0.083
918,916,603.429,7.556,0.456,0.556,1107,1108,9-37-9 = 0.556,8-19-38-36-8 = 0.778,11-31-13-11 = 0.222,11-31-13-26-11 = 0.278,11-28-31-26-11 = 0.5,11-28-13-26-11 = 0.222,11-40-33-29-11 = 0.5,11-22-14-11 = 1.0,11-16-17-20-35-9 = 0.278,9-30-20-35-9 = 0.444,11-40-17-20-35-9 = 0.278,9-15-24-21-9 = 0.889,9-25-30-37-9 = 0.444,9-25-30-39-21-9 = 0.111,9-25-18-23-34-9 = 0.167,9-15-24-9 = 0.111,9-18-27-34-9 = 0.167,9-18-12-32-9 = 0.5,9-23-27-32-34-9 = 0.278,9-23-18-27-9 = 0.167,9-39-23-27-34-9 = 0.389,11-41-33-29-11 = 0.5,9-39-12-16-41-11 = 0.5,8-19-16-17-32-9 = 0.222,11-40-17-38-36-8 = 0.222,9-25-28-13-11 = 0.278
1107,918,612.474,0.0,9.045,0.0,Prune by CG,,11-14-11 = 1.0,8-22-16-17-32-9 = 0.5,11-31-13-26-11 = 0.5,11-28-31-26-11 = 0.5,11-40-33-29-11 = 0.5,9-30-20-35-9 = 0.5,11-40-28-13-11 = 0.5,9-15-21-37-9 = 0.5,9-15-24-21-9 = 0.5,9-25-30-37-9 = 0.5,9-25-20-35-34-9 = 0.5,9-23-18-27-9 = 0.5,9-39-12-27-9 = 0.5,9-39-23-38-34-9 = 0.5,11-41-33-29-11 = 0.5,11-22-19-36-8 = 0.5,9-24-38-36-8 = 0.5,8-19-16-17-32-9 = 0.5,9-18-12-41-11 = 0.5
1108,918,603.802,0.0,0.374,0.0,Prune by CG,,9-37-9 = 0.5,8-19-38-36-8 = 1.0,11-31-13-26-11 = 0.5,11-28-31-26-11 = 0.5,11-40-33-29-11 = 0.5,11-22-14-11 = 1.0,11-16-17-32-34-9 = 0.5,9-30-20-35-9 = 0.5,11-40-17-20-35-9 = 0.5,9-15-24-21-9 = 1.0,9-25-30-37-9 = 0.5,9-18-12-32-9 = 0.5,9-23-18-27-9 = 0.5,9-39-23-27-34-9 = 0.5,11-41-33-29-11 = 0.5,9-39-12-16-41-11 = 0.5,9-25-28-13-11 = 0.5
909,772,603.505,7.0,0.455,0.0,1109,1110,9-37-9 = 0.5,8-19-38-36-8 = 0.5,8-38-27-34-9 = 0.5,11-31-13-26-11 = 0.5,11-28-31-26-11 = 0.5,11-28-13-11 = 0.5,11-40-33-29-11 = 1.0,11-22-14-11 = 0.5,9-30-20-35-9 = 1.0,11-17-27-32-34-9 = 0.5,9-25-37-9 = 0.5,9-15-24-21-9 = 1.0,9-25-12-18-9 = 0.5,9-18-12-32-9 = 0.5,11-22-19-36-8 = 0.5,9-39-23-17-16-41-11 = 0.5,9-39-23-16-41-14-11 = 0.5
1109,909,605.5,0.0,1.995,0.0,Prune by CG,,9-37-9 = 0.5,8-19-38-36-8 = 0.5,8-38-27-34-9 = 0.5,11-31-13-26-11 = 0.5,11-28-31-26-11 = 0.5,11-28-13-11 = 0.5,11-40-33-29-11 = 1.0,11-22-14-11 = 0.5,11-41-27-32-34-9 = 0.5,9-30-20-35-9 = 1.0,9-25-37-9 = 0.5,9-15-24-21-9 = 1.0,9-25-12-18-9 = 0.5,9-18-12-32-9 = 0.5,11-22-19-36-8 = 0.5,9-39-23-17-16-41-11 = 0.5,9-39-23-17-16-14-11 = 0.5
1110,909,604.604,0.0,1.098,0.0,Prune by CG,,9-37-9 = 0.5,8-22-19-36-8 = 0.5,8-19-38-36-8 = 0.5,11-31-13-26-11 = 0.5,11-28-31-26-11 = 0.5,11-28-13-11 = 0.5,11-40-33-29-11 = 1.0,11-22-14-11 = 0.5,11-17-27-38-9 = 0.5,9-30-20-35-9 = 1.0,11-17-27-32-34-9 = 0.5,9-25-37-9 = 0.5,9-15-24-21-9 = 1.0,9-25-12-18-9 = 0.5,9-39-12-32-34-9 = 0.5,9-39-23-16-41-14-11 = 0.5,9-23-18-16-41-11 = 0.5
230,228,603.323,7.0,3.926,1.333,1111,1112,9-37-9 = 1.0,8-22-16-41-14-11 = 1.0,8-19-38-36-8 = 1.0,11-31-13-11 = 0.5,11-28-31-26-11 = 0.5,11-28-13-26-11 = 0.5,11-40-33-29-11 = 0.5,11-17-33-29-11 = 0.5,9-30-20-35-9 = 0.5,11-40-17-27-32-11 = 0.5,9-15-24-21-9 = 0.5,9-21-39-20-35-9 = 0.5,9-25-18-32-34-9 = 0.5,9-15-24-9 = 0.5,9-25-30-39-34-9 = 0.5,11-12-18-23-8 = 0.5,11-12-23-27-8 = 0.5
1111,230,605.882,0.0,2.559,0.0,Prune by CG,,11-14-11 = 0.167,9-37-9 = 0.833,8-22-14-11 = 0.333,8-22-16-41-14-11 = 0.5,8-22-19-8 = 0.167,8-19-38-36-8 = 0.833,8-23-27-32-34-9 = 0.083,11-31-13-26-11 = 0.5,11-28-31-26-11 = 0.5,11-40-33-29-11 = 0.25,11-17-33-29-11 = 0.75,11-16-27-32-34-9 = 0.25,8-23-18-27-8 = 0.083,9-30-20-35-9 = 0.667,11-40-28-13-11 = 0.5,9-15-24-39-9 = 0.333,9-15-24-21-9 = 0.5,9-21-39-20-35-9 = 0.333,9-25-30-37-9 = 0.167,9-25-30-39-21-9 = 0.167,9-25-18-32-34-9 = 0.667,9-15-38-36-8 = 0.167,11-12-18-23-8 = 0.25,11-40-12-16-41-11 = 0.167,11-40-17-27-41-11 = 0.083,11-12-23-16-41-11 = 0.083,11-12-23-27-8 = 0.5,9-24-39-17-41-11 = 0.167
1112,230,605.142,0.0,1.819,0.0,Prune by CG,,9-15-9 = 0.25,9-37-9 = 0.75,8-22-16-41-14-11 = 0.75,8-19-38-36-8 = 1.0,8-23-27-32-34-8 = 0.25,11-31-13-11 = 0.5,11-28-31-26-11 = 0.5,11-28-13-26-11 = 0.5,11-40-33-29-11 = 0.5,11-22-16-41-14-11 = 0.25,11-17-33-29-11 = 0.5,9-24-20-35-9 = 0.25,9-30-20-35-9 = 0.25,11-40-17-27-32-11 = 0.5,9-25-37-9 = 0.25,9-15-24-21-9 = 0.75,9-21-39-20-35-9 = 0.25,9-25-30-39-34-9 = 0.75,11-12-18-23-8 = 0.75,9-18-20-35-9 = 0.25,11-12-27-32-11 = 0.25
901,896,603.426,5.333,0.307,0.667,1113,1114,11-26-11 = 0.5,9-37-9 = 0.667,8-19-38-36-8 = 1.0,11-31-13-26-11 = 0.5,11-22-16-41-14-11 = 1.0,11-17-33-29-11 = 1.0,9-30-12-32-9 = 0.333,9-30-18-23-9 = 0.333,11-40-28-13-11 = 0.5,11-40-28-31-11 = 0.5,9-15-24-21-9 = 1.0,9-25-30-37-9 = 0.333,9-25-20-35-34-9 = 0.667,9-18-12-32-9 = 0.333,9-39-12-27-9 = 0.333,9-39-23-27-32-9 = 0.333,9-39-23-27-34-9 = 0.333,9-18-20-35-9 = 0.333
1113,901,606.035,0.0,2.61,0.0,Prune by CG,,11-26-11 = 0.25,9-37-9 = 1.0,8-19-38-36-8 = 1.0,11-31-13-26-11 = 0.5,11-28-31-26-11 = 0.25,11-22-16-41-14-11 = 1.0,11-17-33-29-11 = 1.0,11-40-18-23-39-9 = 0.25,9-30-12-32-9 = 0.75,11-40-28-13-11 = 0.5,11-40-28-31-11 = 0.25,9-15-24-39-9 = 0.25,9-15-24-21-9 = 0.75,9-21-39-27-32-11 = 0.25,9-25-20-35-34-9 = 0.75,9-23-18-27-9 = 0.5,9-39-23-27-34-9 = 0.25,9-18-20-35-9 = 0.25,9-25-30-12-9 = 0.25
1114,901,604.057,0.0,0.631,0.0,Prune by CG,,11-26-11 = 0.5,9-37-9 = 0.667,8-19-38-36-8 = 1.0,11-31-13-26-11 = 0.5,11-22-16-41-14-11 = 1.0,11-17-33-29-11 = 1.0,9-30-18-23-9 = 0.556,11-40-28-13-11 = 0.5,11-40-28-31-11 = 0.5,9-15-24-21-9 = 1.0,9-25-30-37-9 = 0.333,9-25-20-35-34-9 = 0.667,9-18-12-32-9 = 0.222,9-23-27-32-34-9 = 0.111,9-39-12-27-9 = 0.444,9-39-12-32-34-9 = 0.222,9-39-23-27-32-9 = 0.333,9-18-20-35-9 = 0.222,9-30-27-32-9 = 0.111,9-12-20-35-9 = 0.111
778,648,603.582,6.5,0.938,-0.5,Prune by UB,,9-37-9 = 1.0,8-19-16-41-14-11 = 0.5,8-22-19-36-8 = 0.5,11-31-13-26-11 = 0.5,11-28-31-26-11 = 0.5,11-28-13-11 = 0.5,11-40-33-29-11 = 0.75,11-22-14-11 = 0.25,11-22-16-41-14-11 = 0.25,11-16-17-27-35-9 = 0.25,11-40-17-27-35-9 = 0.25,9-15-24-21-9 = 1.0,9-18-12-32-9 = 0.5,9-18-12-32-11 = 0.5,9-25-30-20-9 = 1.0,9-39-23-38-34-9 = 0.5,11-41-33-29-11 = 0.25,9-39-23-38-36-8 = 0.5,11-17-27-35-34-9 = 0.5
1006,1003,603.502,6.273,0.238,0.106,1115,1116,8-19-8 = 0.273,9-37-9 = 1.0,8-22-16-41-14-11 = 0.818,8-22-19-8 = 0.182,8-19-38-36-8 = 0.545,11-31-13-26-11 = 0.409,11-28-31-26-11 = 0.409,11-28-31-14-11 = 0.182,11-28-13-26-11 = 0.182,11-40-33-29-11 = 0.591,8-18-27-32-8 = 0.091,9-30-20-35-9 = 0.955,9-25-13-29-11 = 0.182,9-15-24-39-9 = 0.045,9-15-24-21-9 = 0.955,9-25-30-39-21-9 = 0.045,9-25-18-23-34-9 = 0.227,9-25-18-23-39-9 = 0.455,9-25-20-35-34-9 = 0.045,9-18-12-32-9 = 0.136,9-23-12-32-34-9 = 0.318,9-39-12-32-34-9 = 0.409,11-41-33-29-11 = 0.182,11-17-27-38-8 = 0.455,11-40-28-13-9 = 0.227,11-16-17-27-36-8 = 0.182,9-25-33-29-11 = 0.045,9-12-17-33-9 = 0.136,11-40-17-27-36-8 = 0.182,9-39-17-33-32-9 = 0.045,8-18-27-36-8 = 0.091
1115,1006,607.142,0.0,3.641,0.0,Prune by CG,,9-37-9 = 1.0,8-22-16-41-14-11 = 0.5,8-22-19-8 = 0.5,8-19-38-36-8 = 0.5,11-31-13-9 = 0.25,11-31-13-26-11 = 0.25,11-28-31-26-11 = 0.25,11-28-31-14-11 = 0.25,11-28-13-26-11 = 0.5,11-40-33-29-11 = 1.0,9-30-20-35-9 = 0.75,9-15-24-21-9 = 0.75,9-25-30-39-21-9 = 0.25,9-25-18-23-34-9 = 0.5,9-25-20-35-34-9 = 0.25,9-15-24-9 = 0.25,9-23-12-32-34-9 = 0.25,9-23-12-17-32-9 = 0.25,9-39-12-17-32-9 = 0.5,11-41-27-38-8 = 0.25,11-16-27-38-8 = 0.25,9-39-17-16-41-14-11 = 0.25,8-18-27-36-8 = 0.5
1116,1006,603.526,0.0,0.024,0.0,Prune by CG,,8-19-8 = 0.25,9-37-9 = 1.0,8-22-16-41-14-11 = 0.75,8-22-19-8 = 0.25,8-19-38-36-8 = 0.5,11-31-13-26-11 = 0.5,11-28-31-26-11 = 0.25,11-28-31-14-11 = 0.25,11-28-13-26-11 = 0.25,11-40-33-29-11 = 0.5,9-30-20-35-9 = 1.0,9-15-24-21-9 = 1.0,9-25-18-23-34-9 = 0.25,9-25-18-23-39-9 = 0.5,9-18-12-32-9 = 0.25,9-23-12-32-34-9 = 0.25,9-39-12-32-34-9 = 0.5,11-41-33-29-11 = 0.25,11-17-27-38-8 = 0.5,11-40-28-13-9 = 0.25,9-25-33-29-11 = 0.25,11-40-17-27-36-8 = 0.25,8-16-17-27-36-8 = 0.25
1053,1051,603.486,8.167,0.101,0.255,1117,1118,8-19-8 = 0.5,9-37-9 = 0.167,8-22-14-11 = 0.75,8-22-16-41-14-11 = 0.25,8-19-38-36-8 = 0.5,11-31-13-26-11 = 0.5,11-28-31-26-11 = 0.5,11-28-13-11 = 0.5,11-40-33-29-11 = 1.0,11-41-27-32-34-9 = 0.25,11-16-27-32-34-9 = 0.25,11-12-17-16-41-11 = 0.5,9-24-20-35-9 = 0.167,9-24-21-37-9 = 0.167,9-30-20-35-9 = 0.667,9-15-21-37-9 = 0.333,9-15-24-39-9 = 0.167,9-15-24-21-9 = 0.5,9-25-30-37-9 = 0.333,9-25-18-32-34-9 = 0.333,9-25-18-23-39-9 = 0.333,9-23-18-32-34-9 = 0.167,9-39-23-38-36-8 = 0.5,9-18-20-35-9 = 0.167,11-12-17-27-8 = 0.5
1117,1053,610.74,0.0,7.254,0.0,Prune by CG,,8-19-8 = 0.6,8-22-14-11 = 1.0,8-19-38-36-8 = 0.3,8-19-36-8 = 0.1,11-31-13-26-11 = 0.5,11-28-31-26-11 = 0.5,11-40-33-29-11 = 0.1,11-16-27-32-34-9 = 1.0,9-24-20-35-9 = 0.1,9-24-21-37-9 = 0.1,9-30-20-35-9 = 0.3,11-40-28-13-11 = 0.5,9-15-21-37-9 = 0.2,9-15-24-39-9 = 0.1,9-15-24-21-9 = 0.7,9-25-30-37-9 = 0.7,9-25-18-23-39-9 = 0.3,11-41-33-29-11 = 0.6,9-39-23-38-36-8 = 0.3,11-12-17-33-11 = 0.3,11-40-12-17-41-11 = 0.4,9-18-20-35-9 = 0.3,9-39-20-35-36-8 = 0.3,9-18-23-38-8 = 0.4,11-12-17-29-11 = 0.3
1118,1053,604.305,0.0,0.819,0.0,Prune by CG,,8-19-8 = 0.389,9-37-9 = 0.278,8-22-14-11 = 0.667,8-22-16-41-14-11 = 0.278,8-19-16-41-14-11 = 0.056,8-19-38-36-8 = 0.444,8-19-36-8 = 0.056,8-23-27-32-34-9 = 0.111,11-31-13-11 = 0.5,11-28-31-26-11 = 0.5,11-28-13-26-11 = 0.5,11-40-33-29-11 = 1.0,11-41-27-32-34-9 = 0.167,11-12-17-16-41-11 = 0.5,9-24-21-37-9 = 0.278,9-30-20-35-9 = 0.833,9-15-21-37-9 = 0.278,9-15-24-39-9 = 0.278,9-15-24-21-9 = 0.444,9-25-30-37-9 = 0.167,9-25-18-32-34-9 = 0.556,9-25-18-23-39-9 = 0.278,9-23-18-32-34-9 = 0.167,9-39-23-38-36-8 = 0.444,11-22-19-8 = 0.056,11-27-20-35-9 = 0.167,11-16-27-38-8 = 0.111,11-12-17-16-36-8 = 0.056,11-12-17-27-8 = 0.444
888,197,603.344,5.286,-0.194,1.104,1119,1120,9-37-9 = 1.0,11-18-27-34-9 = 0.143,8-22-16-41-14-11 = 0.286,8-22-19-8 = 0.714,8-19-38-36-8 = 0.286,11-31-13-26-11 = 0.571,11-28-31-26-11 = 0.143,11-28-31-14-11 = 0.286,11-28-13-9 = 0.143,11-28-29-11 = 0.143,11-28-13-26-11 = 0.286,11-40-33-29-11 = 0.857,8-12-18-39-9 = 0.143,8-23-18-27-9 = 0.286,8-18-27-34-9 = 0.286,11-41-27-32-34-9 = 0.286,9-30-20-35-9 = 1.0,9-15-24-21-9 = 1.0,9-25-12-17-32-9 = 0.286,9-18-12-32-9 = 0.143,9-39-12-32-34-9 = 0.143,9-25-17-16-41-14-11 = 0.429,9-39-23-38-36-8 = 0.714,11-40-33-32-34-9 = 0.143,9-25-12-17-16-8 = 0.286
1119,888,607.366,0.0,4.022,0.0,Prune by CG,,9-37-9 = 1.0,8-22-14-11 = 0.333,8-22-16-41-14-11 = 0.167,8-22-19-36-8 = 0.5,8-19-38-36-8 = 0.5,8-38-27-34-9 = 0.167,11-31-13-9 = 0.333,11-31-13-26-11 = 0.167,11-28-31-26-11 = 0.333,11-28-31-14-11 = 0.167,11-28-13-26-11 = 0.5,11-40-33-29-11 = 1.0,8-23-18-27-9 = 0.333,11-41-27-32-34-9 = 0.5,9-30-20-35-9 = 1.0,9-15-24-39-9 = 0.333,9-15-24-21-9 = 0.667,9-39-23-38-34-9 = 0.333,9-25-17-16-41-14-11 = 0.333,9-18-12-32-8 = 0.333,9-23-18-39-21-9 = 0.333,9-25-12-17-16-8 = 0.5,9-25-12-17-32-8 = 0.167
1120,888,603.853,0.0,0.509,0.0,Prune by CG,,8-36-8 = 0.028,9-37-9 = 1.0,11-18-27-34-9 = 0.194,8-22-16-41-14-11 = 0.306,8-22-19-8 = 0.694,8-19-38-36-8 = 0.306,8-12-27-34-9 = 0.194,8-38-27-34-9 = 0.028,11-31-13-9 = 0.194,11-31-13-26-11 = 0.306,11-28-31-26-11 = 0.194,11-28-31-14-11 = 0.306,11-28-13-26-11 = 0.5,11-40-33-29-11 = 1.0,8-12-18-39-9 = 0.111,8-23-18-27-9 = 0.278,11-41-27-32-34-9 = 0.306,8-23-12-32-34-9 = 0.056,9-30-20-35-9 = 1.0,9-15-24-21-9 = 1.0,9-25-12-17-32-9 = 0.306,9-18-12-32-9 = 0.111,9-39-12-32-34-9 = 0.222,9-25-17-16-41-14-11 = 0.389,9-39-23-38-36-8 = 0.667,9-25-18-17-16-8 = 0.306
992,413,603.531,8.0,0.451,0.0,Prune by UB,,9-37-9 = 1.0,8-19-38-36-8 = 0.5,8-19-23-27-9 = 0.5,11-31-13-26-11 = 0.5,11-28-31-26-11 = 0.5,11-40-33-29-11 = 0.5,11-22-14-11 = 0.5,11-22-16-41-14-11 = 0.5,11-17-33-29-11 = 0.5,11-40-28-13-11 = 0.5,9-15-24-21-9 = 1.0,9-25-30-35-34-9 = 0.5,9-18-12-32-9 = 0.5,9-39-12-32-34-9 = 0.5,9-25-30-20-9 = 0.5,9-39-23-38-36-8 = 0.5,9-18-20-35-9 = 0.5,11-16-17-27-41-11 = 0.5
1028,503,603.429,9.0,0.031,0.833,1121,1122,8-19-8 = 0.5,9-37-9 = 0.5,8-22-14-11 = 0.5,8-19-38-36-8 = 0.5,11-31-13-26-11 = 0.5,11-28-31-26-11 = 0.5,11-40-33-29-11 = 0.5,11-22-16-41-14-11 = 0.5,11-17-33-29-11 = 0.5,8-18-20-35-9 = 0.5,11-12-18-39-9 = 0.5,11-12-17-16-41-11 = 0.5,9-30-20-35-9 = 0.5,11-40-28-13-11 = 0.5,9-15-24-21-9 = 1.0,9-25-30-37-9 = 0.5,9-39-23-38-36-8 = 0.5,9-25-27-32-34-9 = 0.5,9-23-27-32-34-8 = 0.5
1121,1028,605.798,0.0,2.369,0.0,Prune by CG,,8-19-8 = 0.2,9-37-9 = 0.2,11-18-20-35-9 = 0.4,8-22-14-11 = 1.0,8-19-38-36-8 = 0.8,11-31-13-11 = 0.2,11-31-13-26-11 = 0.6,11-28-31-26-11 = 0.2,11-28-29-11 = 0.6,11-28-13-26-11 = 0.2,11-40-33-29-11 = 0.4,11-12-17-16-41-11 = 1.0,9-30-20-35-9 = 0.2,9-15-24-39-9 = 0.4,9-15-24-21-9 = 0.6,9-21-39-20-35-9 = 0.4,9-25-30-37-9 = 0.8,9-39-23-38-36-8 = 0.2,11-40-33-32-34-9 = 0.6,9-25-27-32-34-9 = 0.2,9-23-18-27-8 = 0.6,9-23-27-32-34-8 = 0.2
1122,1028,605.715,0.0,2.287,0.0,Prune by CG,,8-19-8 = 0.286,9-37-9 = 0.286,8-22-14-11 = 0.786,8-19-38-36-8 = 0.714,11-31-13-11 = 0.5,11-28-31-26-11 = 0.5,11-28-13-26-11 = 0.5,11-40-33-29-11 = 0.571,11-22-16-17-41-11 = 0.214,11-17-33-29-11 = 0.143,8-18-20-35-9 = 0.214,11-12-18-39-9 = 0.571,11-12-20-35-9 = 0.429,9-30-20-35-9 = 0.286,11-40-17-16-41-14-11 = 0.214,9-15-24-39-9 = 0.071,9-15-24-21-9 = 0.929,9-21-39-20-35-9 = 0.071,9-25-30-37-9 = 0.714,11-41-33-29-11 = 0.143,9-39-23-38-36-8 = 0.286,11-40-17-16-41-11 = 0.214,9-18-17-16-41-11 = 0.214,11-16-33-29-11 = 0.143,9-25-27-32-34-9 = 0.286,9-23-27-32-34-8 = 0.714
741,495,603.9,3.8,1.087,-2.45,Prune by UB,,11-14-11 = 0.4,8-22-16-41-11 = 0.4,8-22-16-41-14-11 = 0.6,8-19-38-36-8 = 1.0,11-31-13-26-11 = 0.5,11-28-31-26-11 = 0.5,11-40-33-29-11 = 0.3,11-17-33-29-11 = 0.7,9-30-20-35-9 = 0.9,11-40-28-13-11 = 0.5,11-40-17-20-35-9 = 0.1,9-25-37-9 = 1.0,9-15-24-21-9 = 1.0,9-39-23-27-34-9 = 1.0,11-18-12-32-8 = 0.9,11-40-12-17-32-8 = 0.1,9-30-18-17-11 = 0.1
162,3,603.499,7.25,3.383,0.25,1123,1124,9-15-9 = 0.125,9-21-9 = 0.125,9-37-9 = 1.0,8-22-19-36-8 = 0.5,8-19-38-36-8 = 0.5,11-31-13-26-11 = 0.5,11-28-31-26-11 = 0.5,11-40-33-29-11 = 0.5,11-22-16-41-14-11 = 0.5,11-17-33-29-11 = 0.5,9-30-20-35-9 = 0.75,9-25-20-35-9 = 0.125,9-15-24-21-9 = 0.875,9-25-35-27-34-9 = 0.125,9-18-12-32-9 = 0.75,9-23-12-27-9 = 0.125,9-23-18-27-9 = 0.25,9-39-27-32-34-9 = 0.25,9-39-12-27-9 = 0.125,9-39-23-27-34-9 = 0.125,9-25-30-20-9 = 0.125,9-25-30-24-9 = 0.125,9-39-23-38-34-9 = 0.5,9-25-17-16-41-14-11 = 0.5,11-40-28-13-9 = 0.5
1123,162,605.473,0.0,1.974,0.0,Prune by CG,,9-21-9 = 0.2,9-37-9 = 1.0,8-22-19-36-8 = 0.6,8-19-38-36-8 = 0.4,11-31-13-26-11 = 0.3,11-28-31-26-11 = 0.5,11-28-13-26-11 = 0.2,11-40-33-29-11 = 0.6,11-22-16-41-14-11 = 0.4,11-17-33-29-11 = 0.4,11-31-13-32-9 = 0.2,9-30-20-35-9 = 1.0,11-40-17-16-41-14-11 = 0.1,9-15-24-21-9 = 0.8,9-25-12-27-9 = 0.3,9-25-18-27-9 = 0.6,9-15-24-9 = 0.2,9-18-12-32-9 = 0.4,9-23-12-32-34-9 = 0.3,9-39-23-38-34-9 = 0.6,11-40-28-13-9 = 0.3,9-25-27-32-34-9 = 0.1,9-23-17-16-41-14-11 = 0.1,9-39-17-16-41-14-11 = 0.4
1124,162,603.535,0.0,0.036,0.0,Prune by CG,,9-15-9 = 0.179,9-21-9 = 0.107,9-37-9 = 1.0,8-22-19-36-8 = 0.5,8-19-38-36-8 = 0.5,11-31-13-26-11 = 0.5,11-28-31-26-11 = 0.5,11-40-33-29-11 = 0.5,11-22-16-41-14-11 = 0.5,11-17-33-29-11 = 0.5,9-30-20-35-9 = 0.75,9-25-20-35-9 = 0.036,9-15-24-21-9 = 0.821,9-25-30-39-21-9 = 0.071,9-25-20-35-34-9 = 0.214,9-18-27-32-9 = 0.071,9-18-12-32-9 = 0.643,9-23-12-27-9 = 0.214,9-23-18-27-9 = 0.286,9-39-27-32-34-9 = 0.286,9-39-12-27-9 = 0.143,9-25-30-24-9 = 0.179,9-39-23-38-34-9 = 0.5,9-25-17-16-41-14-11 = 0.5,11-40-28-13-9 = 0.5
612,480,603.557,6.091,1.096,0.091,Prune by UB,,8-19-8 = 0.545,9-37-9 = 0.727,8-22-16-41-14-11 = 1.0,8-19-38-36-8 = 0.455,11-31-13-26-11 = 0.545,11-28-31-26-11 = 0.455,11-28-29-11 = 0.091,11-17-33-29-11 = 0.818,11-40-12-18-9 = 0.273,11-12-20-35-9 = 0.091,9-30-20-35-9 = 0.727,11-40-17-20-35-9 = 0.182,9-15-24-21-9 = 1.0,9-25-30-37-9 = 0.273,9-25-12-18-9 = 0.182,9-25-12-32-34-9 = 0.455,9-18-27-34-9 = 0.545,9-39-23-38-36-8 = 0.545,11-40-28-13-9 = 0.455,11-40-33-32-9 = 0.091,9-25-33-29-11 = 0.091,9-39-23-27-32-8 = 0.455
976,897,603.588,5.5,0.327,0.0,Prune by UB,,9-37-9 = 0.833,8-19-38-36-8 = 1.0,11-31-13-11 = 0.5,11-28-31-26-11 = 0.5,11-28-13-26-11 = 0.5,11-40-33-29-11 = 1.0,11-22-14-11 = 0.5,11-16-27-32-34-9 = 0.5,11-22-16-27-9 = 0.083,11-22-16-32-34-9 = 0.417,9-24-21-37-9 = 0.083,9-30-20-35-9 = 1.0,9-15-21-37-9 = 0.083,9-15-24-39-9 = 0.083,9-15-24-21-9 = 0.833,9-25-18-27-9 = 0.083,9-25-18-23-34-9 = 0.083,9-25-18-23-39-9 = 0.583,9-23-18-27-9 = 0.25,9-39-23-27-32-9 = 0.083,9-25-12-17-41-11 = 0.25,9-39-12-17-41-11 = 0.25,9-12-17-41-14-11 = 0.5
891,890,603.726,3.0,0.173,-1.0,Prune by UB,,11-14-11 = 0.5,8-19-8 = 1.0,9-37-9 = 1.0,8-22-16-41-11 = 0.5,8-22-16-41-14-11 = 0.5,11-31-13-26-11 = 0.5,11-28-31-26-11 = 0.5,11-28-13-11 = 0.5,11-17-33-29-11 = 1.0,9-30-20-35-9 = 1.0,9-15-24-21-9 = 1.0,9-25-18-27-9 = 1.0,9-39-23-38-36-8 = 1.0,11-40-12-32-34-9 = 1.0
907,836,603.543,7.867,0.516,0.367,Prune by UB,,8-19-8 = 0.067,9-37-9 = 0.967,8-22-16-41-14-11 = 0.4,8-22-19-8 = 0.6,8-19-38-36-8 = 0.333,11-31-13-9 = 0.2,11-31-13-26-11 = 0.2,11-28-31-26-11 = 0.5,11-28-31-14-11 = 0.1,11-28-29-11 = 0.1,11-28-13-26-11 = 0.3,11-40-33-29-11 = 0.5,11-17-33-32-34-9 = 0.4,8-12-18-34-9 = 0.2,11-16-17-20-35-9 = 0.1,8-23-12-32-34-9 = 0.4,9-30-20-35-9 = 0.5,11-40-17-16-41-14-11 = 0.5,9-25-13-29-11 = 0.3,9-15-24-21-9 = 1.0,9-25-30-37-9 = 0.033,9-25-12-18-9 = 0.2,9-18-27-35-9 = 0.4,9-18-12-32-9 = 0.2,9-25-30-20-9 = 0.4,11-41-33-29-11 = 0.1,9-39-23-38-36-8 = 0.333,9-39-27-38-8 = 0.333,9-39-23-27-36-8 = 0.267,9-25-30-39-36-8 = 0.067
473,202,603.851,5.857,1.904,-1.643,Prune by UB,,8-19-8 = 0.357,9-37-9 = 0.893,8-22-16-41-14-11 = 0.857,8-19-16-41-14-11 = 0.143,8-22-19-8 = 0.143,8-19-38-36-8 = 0.357,8-23-12-27-9 = 0.143,11-31-13-26-11 = 0.286,11-28-31-26-11 = 0.714,11-40-33-29-11 = 0.571,11-17-33-32-34-9 = 0.143,11-12-27-34-9 = 0.286,9-30-20-35-9 = 0.893,11-17-27-32-34-9 = 0.571,9-25-13-29-11 = 0.429,9-25-20-35-9 = 0.107,9-15-24-21-9 = 1.0,9-25-30-37-9 = 0.107,9-12-18-39-9 = 0.571,9-39-23-38-36-8 = 0.429,11-40-28-13-9 = 0.143,11-40-17-33-32-8 = 0.286,9-25-28-13-9 = 0.143,9-18-23-38-8 = 0.214,9-25-18-23-36-8 = 0.214
686,684,603.503,8.5,1.078,0.833,1125,1126,11-14-11 = 0.25,9-37-9 = 0.5,8-22-19-8 = 0.5,8-19-38-36-8 = 0.5,11-31-13-11 = 0.5,11-28-31-26-11 = 0.5,11-28-13-26-11 = 0.5,11-40-33-29-11 = 0.75,11-22-14-11 = 0.25,11-22-16-41-14-11 = 0.25,11-17-33-29-11 = 0.25,8-18-12-32-8 = 0.5,8-23-12-32-34-9 = 0.5,9-30-20-35-9 = 0.5,11-40-17-16-41-14-11 = 0.25,9-15-24-21-9 = 1.0,9-25-30-37-9 = 0.5,9-25-35-27-34-9 = 0.5,9-39-23-38-36-8 = 0.5,11-18-17-16-41-11 = 0.5,9-39-27-20-9 = 0.5
1125,686,604.38,0.0,0.877,0.0,Prune by CG,,11-14-11 = 0.125,9-37-9 = 0.75,8-19-38-36-8 = 1.0,11-31-13-11 = 0.5,11-28-31-26-11 = 0.5,11-28-13-26-11 = 0.5,11-40-33-29-11 = 0.875,11-22-14-11 = 0.375,11-22-16-17-41-11 = 0.25,11-22-16-41-14-11 = 0.375,11-17-33-29-11 = 0.125,8-18-12-32-8 = 1.0,11-16-17-20-35-9 = 0.25,9-30-20-35-9 = 0.5,11-40-17-16-41-14-11 = 0.125,9-15-24-21-9 = 1.0,9-25-30-37-9 = 0.25,9-25-35-27-34-9 = 0.25,9-39-23-27-34-9 = 0.5,9-25-30-39-34-9 = 0.25,9-23-27-20-9 = 0.25,9-25-39-23-17-41-11 = 0.25
1126,686,606.302,0.0,2.799,0.0,Prune by CG,,11-14-11 = 0.5,9-37-9 = 0.095,8-22-19-8 = 1.0,8-12-27-34-9 = 0.119,8-23-12-27-9 = 0.071,11-31-13-11 = 0.5,11-28-31-26-11 = 0.5,11-28-13-26-11 = 0.5,11-40-33-29-11 = 0.714,11-17-33-29-11 = 0.143,11-17-16-41-14-11 = 0.214,8-18-12-32-9 = 0.643,11-16-27-20-9 = 0.095,11-16-27-32-34-9 = 0.048,8-23-12-32-34-9 = 0.167,9-24-39-20-9 = 0.095,9-30-20-35-9 = 0.429,11-40-17-16-41-14-11 = 0.286,9-15-21-37-9 = 0.333,9-15-24-21-9 = 0.667,9-25-30-37-9 = 0.571,9-25-35-27-34-9 = 0.429,11-41-33-29-11 = 0.143,9-39-23-38-36-8 = 0.762,9-24-38-36-8 = 0.238,11-18-17-16-41-11 = 0.357,9-20-27-34-9 = 0.238,9-39-20-35-32-11 = 0.143
905,818,603.599,4.81,0.313,0.143,Prune by UB,,8-19-8 = 1.0,9-37-9 = 0.143,11-18-27-32-11 = 0.143,8-22-14-11 = 0.024,8-22-16-41-14-11 = 0.976,11-31-13-11 = 0.5,11-28-31-26-11 = 0.5,11-28-13-26-11 = 0.5,11-40-33-29-11 = 0.357,11-17-33-29-11 = 0.643,11-17-20-35-32-11 = 0.095,11-12-27-32-9 = 0.143,11-12-27-34-9 = 0.476,9-30-20-35-9 = 0.095,11-40-17-27-32-11 = 0.238,9-15-24-21-9 = 0.952,9-21-39-20-35-9 = 0.048,9-25-30-37-9 = 0.857,9-25-18-23-34-9 = 0.095,9-25-30-39-34-9 = 0.048,9-15-38-36-8 = 0.048,9-39-23-38-36-8 = 0.905,11-40-12-32-34-9 = 0.381,9-24-38-36-8 = 0.048,11-40-17-16-41-11 = 0.024,9-18-20-35-9 = 0.762
989,614,603.622,8.5,0.326,0.0,Prune by UB,,11-14-11 = 0.25,9-37-9 = 0.5,8-19-38-36-8 = 1.0,8-22-16-17-41-11 = 0.5,11-31-13-26-11 = 0.5,11-28-31-26-11 = 0.5,11-28-13-11 = 0.5,11-40-33-29-11 = 0.75,11-22-14-11 = 0.25,11-22-16-41-14-11 = 0.25,11-17-33-29-11 = 0.25,8-23-12-32-34-8 = 0.5,9-30-18-39-9 = 0.5,11-40-17-16-41-14-11 = 0.25,9-25-20-35-9 = 0.5,9-15-21-37-9 = 0.5,9-15-24-21-9 = 0.5,9-25-20-35-34-9 = 0.5,9-23-18-27-9 = 0.5,9-30-39-24-9 = 0.5,11-12-27-32-8 = 0.5
947,771,603.623,7.0,0.441,0.0,Prune by UB,,9-37-9 = 0.833,8-19-38-36-8 = 0.5,8-38-27-32-9 = 0.5,11-31-13-26-11 = 0.5,11-28-31-26-11 = 0.5,11-28-13-11 = 0.5,11-40-33-29-11 = 1.0,11-22-14-11 = 0.5,11-12-27-32-9 = 0.5,9-30-20-35-9 = 0.833,9-15-21-37-9 = 0.167,9-15-24-21-9 = 0.833,9-25-12-23-34-9 = 0.333,9-25-18-23-34-9 = 0.5,9-25-20-35-34-9 = 0.167,9-12-18-39-9 = 0.167,11-22-19-36-8 = 0.5,9-18-17-16-41-11 = 0.333,9-30-39-24-9 = 0.167,9-39-23-17-16-41-11 = 0.167,9-39-17-16-41-14-11 = 0.5
799,476,603.577,8.333,0.654,0.333,Prune by UB,,11-14-11 = 0.333,8-19-8 = 0.5,9-37-9 = 0.167,11-18-20-35-9 = 0.167,8-22-16-41-11 = 0.333,8-22-16-41-14-11 = 0.667,8-19-38-36-8 = 0.5,11-31-13-11 = 0.333,11-31-13-26-11 = 0.167,11-28-31-26-11 = 0.5,11-28-13-26-11 = 0.333,11-40-33-29-11 = 0.167,11-17-33-29-11 = 0.833,11-12-18-17-11 = 0.167,11-12-18-39-9 = 0.167,9-24-39-20-9 = 0.333,9-30-20-35-9 = 0.5,11-40-28-13-11 = 0.167,9-15-21-37-9 = 0.333,9-15-24-21-9 = 0.667,9-25-30-37-9 = 0.5,9-25-35-27-32-9 = 0.167,9-25-35-27-34-9 = 0.167,9-39-23-38-36-8 = 0.5,11-40-12-32-34-9 = 0.667,9-25-27-32-34-9 = 0.167,9-23-18-27-8 = 0.5
333,55,603.55,5.333,2.125,0.667,Prune by UB,,11-26-11 = 0.5,9-37-9 = 0.667,8-19-38-36-8 = 1.0,11-31-13-26-11 = 0.5,11-22-16-41-14-11 = 1.0,11-17-33-29-11 = 1.0,11-40-28-13-11 = 0.5,11-40-28-31-11 = 0.5,9-15-21-37-9 = 0.333,9-15-24-21-9 = 0.667,9-18-27-35-9 = 0.667,9-18-12-23-9 = 0.333,9-23-12-32-34-9 = 0.667,9-39-27-32-34-9 = 0.333,9-25-30-20-9 = 0.667,9-30-39-24-9 = 0.333,9-25-39-20-35-9 = 0.333
853,671,603.544,7.796,0.469,0.796,Prune by UB,,8-36-8 = 0.143,9-37-9 = 0.571,11-18-20-35-9 = 0.286,8-22-14-11 = 0.5,8-22-19-8 = 0.214,8-19-38-36-8 = 0.786,11-31-13-26-11 = 0.5,11-28-31-26-11 = 0.5,11-28-13-11 = 0.5,11-40-33-29-11 = 0.786,11-22-16-41-14-11 = 0.286,11-17-33-29-11 = 0.071,8-12-18-34-9 = 0.265,8-23-18-20-9 = 0.092,11-16-17-27-32-11 = 0.143,9-30-20-35-9 = 0.541,11-40-17-16-41-14-11 = 0.214,9-15-24-39-9 = 0.082,9-15-24-21-9 = 0.918,9-21-39-20-35-9 = 0.051,9-25-30-37-9 = 0.429,9-25-30-39-21-9 = 0.031,9-25-12-23-34-9 = 0.418,9-39-12-32-34-9 = 0.316,11-41-33-29-11 = 0.143,11-17-27-38-8 = 0.214,11-18-17-16-41-11 = 0.357,9-25-35-27-32-8 = 0.122,9-39-23-27-32-8 = 0.418,9-39-23-27-36-8 = 0.071,9-39-20-27-8 = 0.031
768,701,603.662,5.364,0.969,-0.065,Prune by UB,,8-19-8 = 0.273,9-37-9 = 1.0,8-22-16-41-14-11 = 0.818,8-19-16-41-14-11 = 0.182,8-22-19-8 = 0.182,8-19-38-36-8 = 0.364,11-31-13-26-11 = 0.636,11-28-31-26-11 = 0.182,11-28-13-26-11 = 0.182,11-40-33-29-11 = 0.182,11-17-33-29-11 = 0.182,11-17-33-32-34-9 = 0.636,8-23-18-32-34-9 = 0.182,9-30-20-35-9 = 0.818,9-30-18-23-9 = 0.091,11-40-28-29-11 = 0.636,11-40-17-20-35-9 = 0.182,9-15-24-21-9 = 1.0,9-25-12-27-9 = 0.636,9-12-18-39-9 = 0.273,9-39-23-38-36-8 = 0.636,9-30-39-23-34-9 = 0.091,9-25-18-27-8 = 0.364,9-18-12-34-9 = 0.091,11-31-13-32-8 = 0.182
726,663,603.315,9.0,0.649,2.333,1127,1128,9-37-9 = 1.0,8-22-16-41-14-11 = 0.5,8-22-19-36-8 = 0.5,8-19-38-36-8 = 0.5,8-12-23-38-8 = 0.5,11-31-13-9 = 0.5,11-28-31-26-11 = 0.5,11-28-13-26-11 = 0.5,11-40-33-29-11 = 0.5,11-17-33-29-11 = 0.5,9-30-20-35-9 = 0.5,11-40-17-16-41-14-11 = 0.5,9-15-24-21-9 = 0.5,9-25-30-39-21-9 = 0.5,9-25-20-35-34-9 = 0.5,9-15-24-9 = 0.5,9-18-27-32-9 = 0.5,9-39-27-32-34-9 = 0.5,9-18-12-23-8 = 0.5
1127,726,603.719,0.0,0.404,0.0,Prune by CG,,9-37-9 = 1.0,8-22-16-41-14-11 = 1.0,8-19-38-36-8 = 1.0,11-31-13-9 = 0.25,11-31-13-26-11 = 0.5,11-28-31-26-11 = 0.25,11-28-13-26-11 = 0.25,11-40-33-29-11 = 0.25,11-17-33-29-11 = 0.25,11-17-33-32-34-9 = 0.5,9-30-20-35-9 = 0.5,11-40-28-29-11 = 0.5,11-40-17-32-34-9 = 0.25,9-25-20-35-9 = 0.5,9-15-24-39-9 = 0.5,9-15-24-21-9 = 0.5,9-25-30-39-21-9 = 0.5,9-18-27-32-9 = 0.25,9-18-27-34-9 = 0.25,9-18-12-23-8 = 0.5,9-23-12-27-8 = 0.5
1128,726,605.029,0.0,1.714,0.0,Prune by CG,,9-37-9 = 1.0,8-22-19-36-8 = 0.5,8-19-38-36-8 = 0.5,8-12-23-38-8 = 0.5,8-22-16-17-32-9 = 0.5,11-31-13-26-11 = 0.5,11-28-31-14-11 = 0.5,11-28-13-26-11 = 0.5,11-40-33-29-11 = 0.5,9-30-20-35-9 = 0.5,11-40-17-16-41-14-11 = 0.5,9-25-20-35-9 = 0.5,9-15-24-21-9 = 0.5,9-25-30-39-21-9 = 0.5,9-15-24-9 = 0.5,9-18-27-34-9 = 0.5,9-39-27-32-34-9 = 0.5,11-41-33-29-11 = 0.5,9-18-12-23-8 = 0.5
469,250,603.447,9.167,1.5,1.389,1129,1130,11-14-11 = 0.25,9-15-9 = 0.333,8-19-8 = 0.25,9-21-9 = 0.167,8-36-8 = 0.25,9-37-9 = 1.0,11-18-27-32-9 = 0.167,11-18-27-34-9 = 0.083,8-22-14-11 = 0.292,8-22-16-41-14-11 = 0.208,8-22-19-8 = 0.5,8-19-38-36-8 = 0.25,11-31-13-11 = 0.5,11-28-31-26-11 = 0.5,11-28-13-26-11 = 0.5,11-40-33-29-11 = 0.75,8-23-18-27-9 = 0.25,11-17-33-29-11 = 0.25,11-12-27-32-9 = 0.417,11-41-27-32-34-9 = 0.042,11-16-27-32-34-9 = 0.042,11-12-17-16-41-11 = 0.25,9-30-20-35-9 = 0.5,11-40-17-16-41-14-11 = 0.25,9-15-24-21-9 = 0.667,9-25-30-39-21-9 = 0.167,9-25-20-35-34-9 = 0.5,9-39-12-32-34-9 = 0.333,9-25-30-24-9 = 0.333,9-39-23-38-36-8 = 0.5,9-18-17-16-41-11 = 0.25,9-18-23-38-8 = 0.25
1129,469,606.947,0.0,3.5,0.0,Prune by CG,,9-15-9 = 0.25,9-21-9 = 0.25,8-36-8 = 0.5,9-37-9 = 1.0,8-22-14-11 = 0.5,8-22-19-8 = 0.5,8-19-38-36-8 = 0.5,11-31-13-11 = 0.5,11-28-31-26-11 = 0.5,11-28-13-26-11 = 0.5,11-40-33-29-11 = 1.0,11-16-27-32-34-9 = 1.0,9-30-20-35-9 = 0.75,9-25-20-35-9 = 0.25,9-15-24-21-9 = 0.75,9-25-18-23-39-9 = 0.5,9-25-30-24-9 = 0.25,9-39-12-17-41-11 = 0.5,11-12-17-41-14-11 = 0.5,9-18-23-38-8 = 0.5
1130,469,603.476,8.436,0.029,-0.731,1131,1132,9-15-9 = 0.314,8-19-8 = 0.622,9-21-9 = 0.199,8-36-8 = 0.173,9-37-9 = 1.0,11-18-27-32-9 = 0.282,11-18-27-34-9 = 0.199,8-22-14-11 = 0.5,8-22-16-41-14-11 = 0.25,8-22-19-8 = 0.205,8-19-38-36-8 = 0.173,8-22-16-17-41-11 = 0.045,11-31-13-11 = 0.5,11-28-31-26-11 = 0.5,11-28-13-26-11 = 0.5,11-40-33-29-11 = 0.75,8-23-18-27-9 = 0.032,11-17-33-29-11 = 0.25,11-12-27-32-9 = 0.487,11-12-17-16-41-11 = 0.282,9-30-20-35-9 = 0.571,11-40-17-16-41-14-11 = 0.25,9-15-24-21-9 = 0.686,9-25-30-39-21-9 = 0.115,9-25-18-23-34-9 = 0.141,9-25-20-35-34-9 = 0.429,9-39-12-32-34-9 = 0.231,9-25-30-24-9 = 0.314,9-39-23-38-36-8 = 0.654,9-18-17-16-41-11 = 0.173,9-18-23-38-8 = 0.173
1131,1130,605.322,0.0,1.845,0.0,Prune by CG,,11-14-11 = 0.5,9-15-9 = 0.417,8-19-8 = 0.167,9-21-9 = 0.25,9-37-9 = 1.0,8-22-19-8 = 0.75,8-19-38-36-8 = 0.083,11-31-13-11 = 0.5,11-28-31-26-11 = 0.5,11-28-13-26-11 = 0.5,11-40-33-29-11 = 0.75,8-23-18-27-9 = 0.5,11-22-16-41-14-11 = 0.25,11-17-33-29-11 = 0.25,8-18-27-32-9 = 0.417,11-12-17-16-41-11 = 0.5,8-18-27-32-8 = 0.083,9-30-20-35-9 = 0.667,11-40-17-16-41-14-11 = 0.25,9-15-24-21-9 = 0.583,9-25-30-39-21-9 = 0.167,9-25-12-32-34-9 = 0.333,9-25-20-35-34-9 = 0.333,9-39-12-32-34-9 = 0.167,9-25-30-39-34-9 = 0.167,9-39-23-38-36-8 = 0.5,9-24-38-36-8 = 0.417
1132,1130,603.496,8.409,0.02,-0.027,1133,1134,9-15-9 = 0.25,8-19-8 = 0.636,9-21-9 = 0.205,8-36-8 = 0.182,9-37-9 = 1.0,11-18-27-32-9 = 0.25,11-18-27-34-9 = 0.205,8-22-14-11 = 0.5,8-22-16-41-14-11 = 0.25,8-22-19-8 = 0.182,8-19-38-36-8 = 0.182,8-22-16-17-41-11 = 0.068,11-31-13-11 = 0.5,11-28-31-26-11 = 0.5,11-28-13-26-11 = 0.5,11-40-33-29-11 = 0.75,11-17-33-29-11 = 0.25,11-12-27-32-9 = 0.545,11-12-17-16-41-11 = 0.25,9-30-20-35-9 = 0.591,11-40-17-16-41-14-11 = 0.25,9-15-24-21-9 = 0.636,9-25-30-39-21-9 = 0.159,9-25-18-23-34-9 = 0.182,9-25-20-35-34-9 = 0.409,9-15-24-9 = 0.114,9-39-12-32-34-9 = 0.205,9-25-30-24-9 = 0.25,9-39-23-38-36-8 = 0.636,9-18-17-16-41-11 = 0.182,9-18-23-38-8 = 0.182
1133,1132,603.999,0.0,0.503,0.0,Prune by CG,,9-15-9 = 0.354,8-19-8 = 0.792,9-21-9 = 0.083,8-36-8 = 0.104,9-37-9 = 1.0,11-18-27-32-9 = 0.354,11-18-27-34-9 = 0.188,8-22-14-11 = 0.5,8-22-16-41-14-11 = 0.25,8-22-19-8 = 0.208,8-22-16-17-41-11 = 0.042,8-38-27-32-9 = 0.104,11-31-13-11 = 0.5,11-28-31-26-11 = 0.5,11-28-13-26-11 = 0.5,11-40-33-29-11 = 0.75,11-17-33-29-11 = 0.25,11-12-27-32-9 = 0.354,11-12-17-16-41-11 = 0.354,9-30-20-35-9 = 0.729,11-40-17-16-41-14-11 = 0.25,9-25-20-35-9 = 0.104,9-15-24-21-9 = 0.646,9-25-30-39-21-9 = 0.271,9-25-18-23-34-9 = 0.458,9-25-20-35-34-9 = 0.167,9-12-17-16-41-11 = 0.104,9-39-12-32-34-9 = 0.188,9-39-23-38-36-8 = 0.542,9-24-38-36-8 = 0.354
1134,1132,605.234,0.0,1.738,0.0,Prune by CG,,11-14-11 = 0.417,9-15-9 = 0.333,9-21-9 = 0.167,8-36-8 = 0.333,9-37-9 = 1.0,8-22-14-11 = 0.083,8-22-16-41-14-11 = 0.25,8-22-19-8 = 0.5,8-22-19-36-8 = 0.167,8-19-38-36-8 = 0.333,8-23-27-32-34-9 = 0.167,11-31-13-11 = 0.5,11-28-31-26-11 = 0.5,11-28-13-26-11 = 0.5,11-40-33-29-11 = 0.75,11-17-33-29-11 = 0.25,11-12-27-32-9 = 0.667,11-12-27-34-9 = 0.167,8-23-12-32-34-9 = 0.167,9-30-20-35-9 = 0.333,11-40-17-16-41-14-11 = 0.25,9-25-20-35-9 = 0.167,9-15-24-39-9 = 0.167,9-15-24-21-9 = 0.5,9-25-30-39-21-9 = 0.333,9-25-20-35-34-9 = 0.5,9-39-23-38-36-8 = 0.167,9-18-17-16-41-11 = 0.5,9-30-39-24-9 = 0.333,9-18-23-38-8 = 0.5
936,275,603.556,4.5,0.348,1.0,Prune by UB,,9-37-9 = 0.5,8-22-14-11 = 1.0,8-19-38-36-8 = 1.0,11-31-13-26-11 = 0.5,11-28-31-26-11 = 0.5,11-28-13-11 = 0.5,11-40-33-29-11 = 1.0,11-12-27-32-9 = 0.25,11-41-27-32-34-9 = 0.25,11-16-27-32-34-9 = 0.25,11-12-17-16-41-11 = 0.75,9-24-21-37-9 = 0.25,11-17-27-32-34-9 = 0.25,9-15-21-37-9 = 0.25,9-15-24-34-9 = 0.25,9-15-24-21-9 = 0.5,9-18-20-35-9 = 1.0,9-25-30-39-23-8 = 1.0
293,73,603.591,8.0,2.436,0.667,Prune by UB,,8-19-8 = 0.333,9-37-9 = 0.5,8-22-14-11 = 0.5,8-22-16-41-14-11 = 0.5,8-19-38-36-8 = 0.667,11-31-13-26-11 = 0.5,11-28-31-26-11 = 0.5,11-28-13-11 = 0.5,11-40-33-29-11 = 1.0,11-12-18-23-9 = 0.5,11-12-27-32-9 = 0.5,9-15-24-21-9 = 0.667,9-25-30-37-9 = 0.5,9-25-30-39-21-9 = 0.167,9-23-18-17-41-11 = 0.5,9-25-30-24-9 = 0.333,9-15-38-36-8 = 0.333,9-39-20-35-34-9 = 0.667,11-16-17-27-32-8 = 0.5,9-39-20-35-34-8 = 0.167,9-21-20-35-34-9 = 0.167
571,569,603.824,6.087,2.465,-0.913,Prune by UB,,8-36-8 = 0.043,9-37-9 = 0.522,8-22-14-11 = 0.761,8-22-19-8 = 0.239,8-19-38-36-8 = 0.761,11-31-13-26-11 = 0.5,11-28-31-26-11 = 0.5,11-28-13-11 = 0.5,11-40-33-29-11 = 0.717,11-17-33-29-11 = 0.022,11-16-20-35-34-9 = 0.022,11-12-17-16-41-11 = 0.022,8-23-18-39-34-9 = 0.109,8-23-18-32-34-9 = 0.087,11-12-20-35-9 = 0.978,11-40-17-16-41-14-11 = 0.239,9-15-24-21-9 = 1.0,9-25-30-37-9 = 0.478,9-25-30-23-34-9 = 0.109,9-18-27-34-9 = 0.065,9-23-27-32-34-9 = 0.196,9-23-18-27-9 = 0.022,9-25-30-39-34-9 = 0.413,11-41-33-29-11 = 0.261,11-16-17-38-36-8 = 0.196,9-39-23-17-16-41-11 = 0.478,9-18-27-32-8 = 0.717,11-40-17-16-38-8 = 0.043
556,308,603.574,6.407,1.287,0.907,Prune by UB,,8-36-8 = 0.056,9-37-9 = 1.0,8-22-14-29-11 = 0.407,8-22-19-8 = 0.593,8-19-38-36-8 = 0.407,11-31-13-9 = 0.093,11-31-13-11 = 0.093,11-31-13-26-11 = 0.315,11-28-31-26-11 = 0.5,11-28-13-26-11 = 0.185,11-40-33-29-11 = 0.185,8-12-18-39-9 = 0.074,8-23-12-32-34-9 = 0.463,9-30-20-35-9 = 1.0,11-40-28-13-11 = 0.315,11-40-17-16-41-14-11 = 0.5,9-15-24-21-9 = 1.0,9-25-18-27-9 = 0.667,9-39-12-32-34-9 = 0.296,11-41-33-29-11 = 0.407,9-39-23-38-36-8 = 0.537,9-25-27-38-8 = 0.056,11-16-17-33-32-9 = 0.167,9-25-18-27-8 = 0.185,9-18-12-32-8 = 0.074,11-16-17-33-34-9 = 0.241,9-39-17-16-41-14-11 = 0.093,9-25-12-27-8 = 0.093
1024,1022,603.649,7.5,0.568,0.5,Prune by UB,,9-37-9 = 0.833,8-22-14-11 = 0.417,8-19-38-34-9 = 0.25,8-19-38-36-8 = 0.25,11-31-13-11 = 0.5,11-28-31-26-11 = 0.5,11-28-13-26-11 = 0.5,11-40-33-29-11 = 0.833,11-22-14-11 = 0.083,11-17-33-29-11 = 0.167,11-17-27-38-9 = 0.167,11-12-27-35-9 = 0.083,8-38-27-35-9 = 0.083,11-17-27-32-34-9 = 0.5,11-40-17-27-35-9 = 0.167,9-15-24-21-9 = 1.0,9-25-30-35-34-9 = 0.25,9-25-30-37-9 = 0.167,9-18-12-32-9 = 0.5,9-23-12-16-41-11 = 0.167,9-25-30-20-9 = 0.583,9-39-23-38-36-8 = 0.25,11-22-19-36-8 = 0.5,9-39-12-16-41-11 = 0.25,9-18-20-35-9 = 0.417,9-39-23-16-41-14-11 = 0.5,9-23-18-16-41-11 = 0.083
441,65,603.499,8.333,1.576,1.333,1135,1136,9-37-9 = 0.667,8-12-17-16-41-11 = 0.167,8-12-17-16-14-11 = 0.167,11-18-27-32-8 = 0.5,11-18-20-35-9 = 0.167,8-22-14-11 = 0.5,8-22-19-8 = 0.5,8-19-38-36-8 = 0.5,8-23-12-16-14-11 = 0.167,11-31-13-26-11 = 0.5,11-28-31-26-11 = 0.5,11-28-13-11 = 0.5,11-40-33-29-11 = 0.667,11-41-27-32-34-9 = 0.167,9-30-20-35-9 = 0.5,11-17-27-32-34-9 = 0.333,11-40-17-20-35-9 = 0.333,9-15-24-21-9 = 1.0,9-25-30-37-9 = 0.333,9-25-18-23-34-9 = 0.333,9-25-30-39-34-9 = 0.167,11-41-33-29-11 = 0.333,9-39-23-38-36-8 = 0.5,9-39-12-16-41-11 = 0.333,9-25-12-16-14-11 = 0.167
1135,441,603.901,0.0,0.402,0.0,Prune by CG,,8-36-8 = 0.16,9-37-9 = 0.48,11-18-27-32-8 = 0.2,11-18-20-35-9 = 0.12,11-18-23-38-8 = 0.16,8-22-14-11 = 0.52,8-22-19-8 = 0.48,8-19-38-36-8 = 0.52,11-31-13-11 = 0.5,11-28-31-26-11 = 0.5,11-28-13-26-11 = 0.5,11-40-33-29-11 = 0.6,11-41-27-32-34-9 = 0.04,8-23-18-27-8 = 0.16,8-23-18-32-34-9 = 0.16,9-30-20-35-9 = 0.48,11-17-27-32-34-9 = 0.6,11-40-17-20-35-9 = 0.4,9-15-24-21-9 = 1.0,9-25-30-37-9 = 0.52,9-25-18-23-34-9 = 0.2,11-41-33-29-11 = 0.4,9-39-23-38-36-8 = 0.32,9-39-12-16-41-11 = 0.52,9-12-16-41-14-11 = 0.04,9-25-12-16-14-11 = 0.28,9-39-12-16-14-11 = 0.16
1136,441,604.891,0.0,1.392,0.0,Prune by CG,,11-14-11 = 0.056,9-37-9 = 0.611,8-12-17-16-41-11 = 0.333,8-12-17-16-14-11 = 0.5,11-18-27-32-8 = 0.278,11-18-20-35-9 = 0.111,8-22-19-8 = 0.556,8-19-38-36-8 = 0.444,8-23-12-16-41-11 = 0.167,11-31-13-11 = 0.5,11-28-31-26-11 = 0.5,11-28-13-26-11 = 0.5,11-40-33-29-11 = 0.944,11-22-14-11 = 0.444,11-41-27-32-34-9 = 0.444,9-30-20-35-9 = 0.611,11-17-27-32-34-9 = 0.111,11-40-17-20-35-9 = 0.056,9-15-24-39-9 = 0.222,9-15-24-21-9 = 0.778,9-21-39-20-35-9 = 0.222,9-25-30-37-9 = 0.389,9-25-18-32-34-9 = 0.167,9-25-18-23-34-9 = 0.278,11-41-33-29-11 = 0.056,9-39-23-38-36-8 = 0.556,9-25-18-27-8 = 0.167
1035,889,603.937,8.0,0.706,-1.5,Prune by UB,,11-14-11 = 0.5,8-36-8 = 0.5,9-37-9 = 1.0,8-22-16-41-14-11 = 0.5,8-22-19-8 = 0.5,8-19-38-36-8 = 0.5,11-31-13-26-11 = 0.5,11-28-31-26-11 = 0.5,11-28-13-11 = 0.5,11-40-33-29-11 = 1.0,11-17-20-35-34-9 = 0.5,11-12-17-16-41-11 = 0.5,9-30-20-35-9 = 0.5,9-21-39-23-38-8 = 0.5,9-25-30-39-21-9 = 0.5,9-25-18-27-9 = 0.5,9-15-24-9 = 1.0,9-18-27-32-9 = 0.5,9-23-12-32-34-9 = 0.5
1021,355,603.743,7.333,0.476,-0.067,Prune by UB,,9-37-9 = 0.833,8-22-14-11 = 0.375,8-19-38-36-8 = 0.5,11-31-13-11 = 0.5,11-28-31-26-11 = 0.5,11-28-13-26-11 = 0.5,11-40-33-29-11 = 1.0,11-22-14-11 = 0.125,11-12-27-35-9 = 0.25,8-38-27-35-9 = 0.125,11-17-27-32-34-9 = 0.625,9-15-24-39-9 = 0.208,9-15-24-21-9 = 0.792,9-21-39-20-35-9 = 0.167,9-25-30-37-9 = 0.167,9-25-30-39-35-9 = 0.208,9-25-30-39-21-9 = 0.042,9-18-12-32-9 = 0.375,9-23-12-16-41-11 = 0.375,9-25-30-20-9 = 0.583,9-39-23-38-34-9 = 0.375,11-22-19-36-8 = 0.5,9-18-17-16-41-11 = 0.125,9-18-20-35-9 = 0.25,9-23-17-16-41-14-11 = 0.25,9-18-16-41-14-11 = 0.25
466,145,603.796,7.0,1.664,-0.375,Prune by UB,,8-36-8 = 0.25,9-37-9 = 0.75,8-22-16-41-14-11 = 0.5,8-22-19-8 = 0.5,8-19-38-36-8 = 0.5,11-31-13-26-11 = 0.5,11-28-31-26-11 = 0.375,11-28-31-14-11 = 0.125,11-28-29-11 = 0.125,11-28-13-26-11 = 0.125,11-40-33-29-11 = 0.125,11-17-33-32-34-9 = 0.5,11-16-17-20-35-9 = 0.125,8-23-18-32-34-9 = 0.25,9-30-20-35-9 = 0.75,11-40-28-29-11 = 0.25,11-40-17-16-41-14-11 = 0.375,9-25-13-29-11 = 0.375,9-25-20-35-9 = 0.125,9-15-24-21-9 = 1.0,9-25-30-37-9 = 0.25,9-39-12-27-9 = 1.0,11-41-33-29-11 = 0.125,11-40-33-32-34-9 = 0.25,9-18-23-38-8 = 0.5,9-25-18-23-36-8 = 0.25
959,958,603.611,6.652,0.376,0.986,Prune by UB,,9-15-9 = 0.065,9-21-9 = 0.065,9-37-9 = 1.0,8-22-19-36-8 = 0.435,8-19-38-34-9 = 0.435,8-19-38-36-8 = 0.13,11-31-13-11 = 0.391,11-28-31-26-11 = 0.609,11-28-13-26-11 = 0.391,11-40-33-29-11 = 0.261,11-22-14-11 = 0.043,11-22-16-41-14-11 = 0.522,11-17-33-29-11 = 0.522,11-12-18-34-9 = 0.13,11-18-12-32-9 = 0.217,9-30-20-35-9 = 0.935,11-40-17-16-41-14-11 = 0.261,9-25-13-29-11 = 0.217,9-25-20-35-9 = 0.065,9-15-24-21-9 = 0.935,9-25-18-27-9 = 0.652,9-39-23-27-32-11 = 0.348,9-25-30-24-9 = 0.065,9-39-23-38-36-8 = 0.435,9-39-23-17-33-11 = 0.217,11-40-12-32-34-9 = 0.435,11-12-16-41-14-11 = 0.174,11-40-12-16-41-11 = 0.043
994,800,603.786,6.0,0.25,-0.167,Prune by UB,,11-14-11 = 0.333,8-19-8 = 0.083,9-37-9 = 0.667,8-22-16-41-11 = 0.333,8-22-16-41-14-11 = 0.667,8-19-38-36-8 = 0.917,11-31-13-26-11 = 0.5,11-28-31-26-11 = 0.5,11-40-33-29-11 = 0.167,11-17-33-29-11 = 0.833,11-40-12-23-39-9 = 0.083,9-24-21-37-9 = 0.167,9-30-20-35-9 = 0.792,11-40-28-13-11 = 0.5,11-40-17-32-34-9 = 0.083,9-15-21-37-9 = 0.167,9-15-24-39-9 = 0.542,9-15-24-21-9 = 0.292,9-21-39-20-35-9 = 0.167,9-25-30-39-21-9 = 0.208,9-25-35-27-34-9 = 0.042,9-18-27-32-11 = 0.167,11-12-18-23-8 = 0.833,11-40-17-38-36-8 = 0.083,9-25-27-32-34-9 = 0.75,9-20-27-34-9 = 0.042,11-40-12-23-34-8 = 0.083
796,305,603.647,8.25,0.853,0.917,Prune by UB,,9-37-9 = 0.75,8-22-19-8 = 0.5,8-19-38-36-8 = 0.5,8-23-27-32-34-9 = 0.5,11-31-13-11 = 0.5,11-28-31-26-11 = 0.5,11-28-13-26-11 = 0.5,11-40-33-29-11 = 1.0,11-22-14-11 = 0.25,11-22-16-41-14-11 = 0.25,11-12-17-16-41-11 = 0.5,8-18-27-32-8 = 0.5,9-30-20-35-9 = 0.625,9-25-37-9 = 0.125,9-15-24-39-9 = 0.375,9-15-24-21-9 = 0.375,9-21-39-20-35-9 = 0.375,9-25-30-37-9 = 0.125,9-25-30-39-21-9 = 0.25,9-25-18-23-34-9 = 0.5,9-15-38-36-8 = 0.25,9-24-38-36-8 = 0.25,11-12-17-16-14-11 = 0.25,11-12-17-41-14-11 = 0.25
812,424,603.787,9.0,0.969,-0.0,Prune by UB,,9-37-9 = 0.667,8-22-14-11 = 0.333,8-22-16-41-11 = 0.333,8-22-16-41-14-11 = 0.333,8-19-16-41-14-11 = 0.333,8-19-38-36-8 = 0.333,8-19-36-8 = 0.333,11-31-13-26-11 = 0.5,11-28-31-26-11 = 0.5,11-28-13-11 = 0.333,11-40-33-29-11 = 0.5,11-17-33-29-11 = 0.5,11-12-18-34-9 = 0.333,11-12-27-34-9 = 0.167,11-18-12-32-9 = 0.333,9-24-20-35-9 = 0.333,9-30-20-35-9 = 0.667,11-17-27-32-34-9 = 0.333,11-40-28-13-11 = 0.167,11-40-17-27-32-11 = 0.167,9-15-21-37-9 = 0.333,9-15-24-21-9 = 0.667,9-39-23-38-36-8 = 0.333,11-40-12-32-34-9 = 0.167,9-25-18-27-8 = 0.333,9-25-30-39-23-8 = 0.333,9-25-39-23-38-8 = 0.333
749,696,603.579,7.0,0.983,1.6,Prune by UB,,11-26-11 = 0.5,9-37-9 = 0.5,8-19-38-36-8 = 1.0,11-31-13-26-11 = 0.5,11-22-16-41-14-11 = 1.0,11-17-33-29-11 = 1.0,11-40-28-13-11 = 0.5,11-40-28-31-11 = 0.5,9-25-20-35-9 = 0.5,9-15-21-37-9 = 0.5,9-15-24-21-9 = 0.5,9-25-20-35-34-9 = 0.5,9-18-12-32-9 = 0.5,9-12-27-32-9 = 0.5,9-23-18-27-9 = 0.5,9-30-39-24-9 = 0.5,9-30-39-23-34-9 = 0.5
490,436,603.7,5.667,1.738,0.667,Prune by UB,,11-26-11 = 0.5,9-37-9 = 0.667,8-19-38-36-8 = 1.0,11-31-13-26-11 = 0.5,11-22-16-41-14-11 = 1.0,11-17-33-29-11 = 1.0,9-24-21-37-9 = 0.167,9-30-20-35-9 = 0.667,11-40-28-13-11 = 0.5,11-40-28-31-11 = 0.5,9-15-21-37-9 = 0.167,9-15-24-39-9 = 0.5,9-15-24-21-9 = 0.333,9-21-39-20-35-9 = 0.333,9-25-30-23-34-9 = 0.333,9-25-18-23-34-9 = 0.667,9-18-27-32-9 = 0.167,9-18-12-32-9 = 0.167,9-12-27-32-9 = 0.667,9-39-12-27-9 = 0.167
502,326,603.866,5.5,1.809,-0.5,Prune by UB,,8-19-8 = 0.25,9-37-9 = 1.0,8-22-16-41-14-11 = 1.0,8-19-38-36-8 = 0.75,11-31-13-26-11 = 0.5,11-28-31-26-11 = 0.5,11-17-33-29-11 = 1.0,11-40-12-18-9 = 0.25,9-30-20-35-9 = 0.75,9-25-20-35-9 = 0.25,9-15-24-39-9 = 0.25,9-15-24-21-9 = 0.75,9-25-30-39-21-9 = 0.25,9-25-12-32-34-9 = 0.5,9-39-27-32-34-9 = 0.25,9-39-12-32-34-9 = 0.25,11-40-28-13-9 = 0.5,11-40-18-23-36-8 = 0.25,9-23-27-38-8 = 0.25,9-23-18-27-8 = 0.5
911,809,603.873,7.0,0.883,-0.5,Prune by UB,,9-37-9 = 1.0,11-18-27-32-8 = 0.5,11-18-20-35-9 = 0.5,8-22-16-41-14-11 = 0.5,8-22-19-8 = 0.5,8-19-38-36-8 = 0.5,8-23-12-17-14-11 = 0.5,11-31-13-26-11 = 0.5,11-28-31-26-11 = 0.5,11-28-13-11 = 0.5,11-40-33-29-11 = 1.0,11-16-27-32-34-9 = 0.5,9-30-20-35-9 = 0.5,9-15-24-21-9 = 1.0,9-25-30-39-34-9 = 0.5,9-25-12-17-41-11 = 0.5,9-39-23-38-36-8 = 0.5
731,498,603.95,4.429,1.168,-1.071,Prune by UB,,11-14-11 = 0.357,8-19-8 = 0.071,8-22-14-11 = 0.071,8-22-16-41-11 = 0.357,8-22-16-41-14-11 = 0.571,8-19-38-36-8 = 0.929,11-31-13-26-11 = 0.5,11-28-31-26-11 = 0.5,11-40-33-29-11 = 0.214,11-17-33-29-11 = 0.786,11-12-18-34-9 = 0.857,9-30-20-35-9 = 0.857,11-40-28-13-11 = 0.5,11-40-17-20-35-9 = 0.143,9-25-37-9 = 0.929,9-15-24-21-9 = 1.0,9-25-30-37-9 = 0.071,11-40-12-32-34-9 = 0.143,9-39-27-38-8 = 0.071,9-39-23-27-32-8 = 0.857,9-39-23-27-36-8 = 0.071,9-23-18-16-41-11 = 0.071,9-30-18-17-11 = 0.071
373,353,603.617,8.667,2.138,1.354,Prune by UB,,8-19-8 = 0.333,9-37-9 = 0.333,8-22-14-11 = 0.667,8-22-16-41-14-11 = 0.333,8-19-16-41-11 = 0.167,8-19-38-36-8 = 0.5,11-31-13-26-11 = 0.5,11-28-31-26-11 = 0.5,11-28-13-11 = 0.5,11-40-33-29-11 = 0.5,11-17-33-29-11 = 0.333,11-12-18-39-9 = 0.167,11-16-27-32-34-9 = 0.167,11-12-17-16-41-11 = 0.333,9-24-21-37-9 = 0.167,9-30-20-35-9 = 1.0,11-17-27-32-34-9 = 0.333,9-15-21-37-9 = 0.5,9-15-24-39-9 = 0.5,9-21-39-23-24-9 = 0.333,11-41-33-29-11 = 0.167,11-40-12-32-34-9 = 0.5,9-18-23-38-8 = 0.167,9-25-18-27-8 = 0.5,9-25-18-23-36-8 = 0.167,9-25-23-38-36-8 = 0.333
850,234,603.586,5.733,0.723,1.4,Prune by UB,,9-15-9 = 0.067,9-21-9 = 0.133,9-37-9 = 1.0,8-19-16-41-11 = 0.067,8-19-16-41-14-11 = 0.267,8-22-19-36-8 = 0.267,8-19-38-34-9 = 0.267,8-19-38-36-8 = 0.133,11-31-13-26-11 = 0.467,11-28-31-26-11 = 0.533,11-40-33-29-11 = 0.933,11-22-14-11 = 0.067,11-22-16-41-14-11 = 0.667,11-12-18-39-9 = 0.333,11-12-27-35-9 = 0.067,11-12-27-32-9 = 0.133,11-12-27-34-9 = 0.133,11-40-12-27-9 = 0.067,9-30-20-35-9 = 0.933,11-17-27-32-34-9 = 0.6,9-25-13-29-11 = 0.067,9-15-24-21-9 = 0.867,9-15-24-9 = 0.067,9-18-12-32-9 = 0.267,9-39-23-38-36-8 = 0.6,9-30-39-24-9 = 0.067,9-25-20-33-11 = 0.067,9-25-28-13-11 = 0.467,9-25-18-23-17-11 = 0.4
886,884,603.94,7.806,1.061,-0.894,Prune by UB,,8-19-8 = 0.075,11-26-11 = 0.037,9-37-9 = 0.866,8-22-14-11 = 0.134,8-22-16-41-14-11 = 0.642,8-19-16-41-14-11 = 0.224,8-19-38-36-8 = 0.478,11-31-13-11 = 0.5,11-28-31-26-11 = 0.5,11-28-13-11 = 0.037,11-28-13-26-11 = 0.463,11-40-33-29-11 = 0.463,11-17-33-29-11 = 0.537,11-12-27-35-9 = 0.134,8-23-18-17-16-11 = 0.134,8-23-18-17-41-11 = 0.134,11-25-30-20-9 = 0.045,8-23-18-27-8 = 0.179,9-30-18-35-9 = 0.179,9-30-18-39-9 = 0.373,11-40-17-27-32-11 = 0.194,9-15-21-37-9 = 0.134,9-15-24-21-9 = 0.866,9-25-20-35-34-9 = 0.687,9-25-30-20-9 = 0.269,9-39-23-38-36-8 = 0.493,11-22-19-8 = 0.224,11-12-23-38-8 = 0.03,11-40-12-32-34-9 = 0.313,9-30-39-24-9 = 0.134,11-40-12-23-36-8 = 0.03,11-12-27-32-8 = 0.493
1009,831,603.858,8.0,0.615,-0.2,Prune by UB,,9-37-9 = 0.5,8-22-14-11 = 0.5,8-22-16-41-14-11 = 0.5,8-19-38-36-8 = 1.0,11-31-13-26-11 = 0.5,11-28-31-26-11 = 0.5,11-28-13-11 = 0.5,11-40-33-29-11 = 0.5,11-17-33-29-11 = 0.5,9-30-18-39-9 = 0.5,9-25-20-35-9 = 0.5,9-15-21-37-9 = 0.5,9-15-24-21-9 = 0.5,9-25-20-35-34-9 = 0.5,11-40-17-16-41-11 = 0.5,9-30-39-23-34-9 = 0.5,11-12-27-32-8 = 1.0,9-18-23-24-9 = 0.5
795,305,603.905,6.833,1.112,-0.5,Prune by UB,,11-14-11 = 0.25,8-19-8 = 0.083,9-37-9 = 0.5,8-27-20-35-9 = 0.333,8-22-19-8 = 0.75,8-19-38-36-8 = 0.167,8-23-27-32-34-9 = 0.167,11-31-13-11 = 0.5,11-28-31-26-11 = 0.5,11-28-13-26-11 = 0.5,11-40-33-29-11 = 1.0,11-22-16-41-14-11 = 0.25,8-18-27-32-9 = 0.167,8-18-27-34-9 = 0.333,11-12-17-16-41-11 = 0.5,9-30-20-35-9 = 0.5,9-15-24-21-9 = 1.0,9-25-30-37-9 = 0.5,9-25-18-32-34-9 = 0.5,9-39-23-38-36-8 = 0.833,11-12-17-16-14-11 = 0.25,11-12-17-41-14-11 = 0.25,9-39-20-35-32-8 = 0.167
931,527,603.998,7.0,0.964,-1.167,Prune by UB,,8-19-8 = 0.5,9-37-9 = 0.833,11-18-27-32-9 = 0.5,8-22-16-41-14-11 = 1.0,8-19-38-36-8 = 0.5,11-31-13-26-11 = 0.5,11-28-31-26-11 = 0.5,11-40-33-29-11 = 0.5,11-17-33-29-11 = 0.5,11-12-18-17-11 = 0.333,11-12-27-32-9 = 0.5,11-40-28-13-11 = 0.5,9-15-21-37-9 = 0.167,9-15-24-21-9 = 0.833,9-25-20-35-34-9 = 0.833,9-25-30-20-9 = 0.167,9-39-23-38-36-8 = 0.333,11-12-18-23-8 = 0.167,9-30-39-24-9 = 0.167,9-30-39-23-34-8 = 0.167,9-30-39-23-17-11 = 0.167,9-30-39-23-36-8 = 0.167,9-30-35-38-8 = 0.167
766,577,603.844,8.375,1.218,-0.037,Prune by UB,,8-36-8 = 0.156,9-37-9 = 0.406,8-22-14-11 = 0.5,8-22-19-8 = 0.469,8-19-38-36-8 = 0.531,8-12-27-34-9 = 0.031,11-31-13-26-11 = 0.5,11-28-31-26-11 = 0.5,11-28-13-11 = 0.5,11-40-33-29-11 = 0.688,11-22-16-17-41-11 = 0.031,11-17-16-41-14-11 = 0.188,8-23-12-32-34-9 = 0.313,11-16-17-27-32-11 = 0.469,9-30-20-35-9 = 0.406,11-40-17-16-41-14-11 = 0.312,9-15-24-21-9 = 1.0,9-25-30-37-9 = 0.594,9-25-12-32-34-9 = 0.031,9-12-18-39-9 = 0.438,9-39-12-32-34-9 = 0.187,11-41-33-29-11 = 0.312,9-39-23-38-36-8 = 0.312,11-27-20-35-9 = 0.344,9-39-20-35-34-9 = 0.063,9-18-20-35-9 = 0.187,11-41-27-38-8 = 0.156,9-25-18-23-34-8 = 0.375
540,524,604.04,6.043,1.913,-1.457,Prune by UB,,8-36-8 = 0.087,9-37-9 = 0.946,8-22-14-11 = 0.033,8-22-16-41-14-11 = 0.315,8-22-19-8 = 0.652,8-19-38-36-8 = 0.348,8-23-12-27-9 = 0.174,11-31-13-26-11 = 0.304,11-28-31-26-11 = 0.696,11-40-33-29-11 = 0.228,8-12-18-39-9 = 0.217,8-23-18-27-9 = 0.174,11-28-33-14-11 = 0.304,11-17-27-20-9 = 0.022,11-16-17-27-35-9 = 0.022,11-16-17-27-34-9 = 0.315,9-30-20-35-9 = 0.88,11-40-17-27-34-9 = 0.293,11-40-17-16-41-14-11 = 0.348,9-25-13-29-11 = 0.696,9-25-20-35-9 = 0.098,9-15-24-39-9 = 0.065,9-15-24-21-9 = 0.935,9-25-30-37-9 = 0.054,9-25-30-39-21-9 = 0.065,9-18-12-32-9 = 0.609,11-41-33-29-11 = 0.076,9-39-23-38-36-8 = 0.565,11-40-33-32-34-9 = 0.13,9-25-39-23-38-8 = 0.087,11-41-33-32-34-8 = 0.261
232,63,603.802,6.333,3.006,0.333,Prune by UB,,9-37-9 = 1.0,8-22-19-36-8 = 0.315,8-19-38-36-8 = 0.407,8-19-23-27-9 = 0.278,11-31-13-26-11 = 0.5,11-28-31-26-11 = 0.5,11-40-33-29-11 = 0.611,11-22-14-11 = 0.685,11-12-18-39-9 = 0.278,11-41-27-32-34-9 = 0.037,11-16-27-32-34-9 = 0.259,11-16-17-27-32-9 = 0.296,11-16-17-27-34-9 = 0.13,9-30-20-35-9 = 1.0,11-40-28-13-11 = 0.389,9-15-24-21-9 = 1.0,9-18-12-32-9 = 0.148,9-23-12-32-34-9 = 0.13,9-39-12-32-34-9 = 0.13,9-39-23-38-34-9 = 0.315,11-41-33-29-11 = 0.389,9-39-23-38-36-8 = 0.278,9-25-18-17-41-11 = 0.574,9-25-12-16-14-11 = 0.315,9-25-28-13-11 = 0.111
672,533,603.739,9.0,1.328,1.0,Prune by UB,,11-14-11 = 0.5,9-37-9 = 0.5,11-18-20-35-9 = 0.5,8-22-16-41-14-11 = 0.5,8-22-19-8 = 0.5,8-19-38-36-8 = 0.5,11-31-13-26-11 = 0.5,11-28-31-26-11 = 0.5,11-40-33-29-11 = 0.5,11-17-33-29-11 = 0.5,9-30-20-35-9 = 0.5,11-40-28-13-11 = 0.5,9-15-24-21-9 = 1.0,9-25-30-37-9 = 0.5,9-25-12-32-34-9 = 0.5,9-39-12-32-34-9 = 0.5,11-17-27-38-8 = 0.5,8-23-18-16-41-11 = 0.5,9-39-23-27-36-8 = 0.5
934,662,603.749,6.714,0.398,0.881,Prune by UB,,9-15-9 = 0.143,9-37-9 = 1.0,8-22-16-41-14-11 = 0.571,8-22-19-8 = 0.286,8-19-38-36-8 = 0.714,8-36-38-34-9 = 0.143,8-22-16-17-35-9 = 0.143,11-31-13-26-11 = 0.143,11-28-31-26-11 = 0.429,11-28-13-26-11 = 0.429,11-40-33-29-11 = 0.429,11-17-33-29-11 = 0.429,8-23-18-32-34-9 = 0.143,11-31-13-32-9 = 0.429,9-30-20-35-9 = 0.714,11-40-28-29-11 = 0.143,11-40-17-16-41-14-11 = 0.286,9-25-20-35-9 = 0.143,9-15-24-21-9 = 0.857,9-25-18-23-34-9 = 0.571,9-18-27-32-9 = 0.143,9-23-18-27-9 = 0.143,9-25-30-20-9 = 0.143,9-25-30-24-9 = 0.143,9-39-23-38-36-8 = 0.143,11-40-33-32-34-9 = 0.143,11-12-17-41-14-11 = 0.143,9-39-12-27-8 = 0.714,9-21-39-12-32-8 = 0.143
1018,422,603.924,5.75,0.384,-0.25,Prune by UB,,9-37-9 = 0.75,8-22-19-36-8 = 0.25,8-19-38-36-8 = 0.625,8-22-12-32-9 = 0.125,11-31-13-26-11 = 0.5,11-28-31-26-11 = 0.5,11-28-13-11 = 0.375,11-40-33-29-11 = 0.875,11-22-14-11 = 0.5,11-17-33-29-11 = 0.125,11-12-18-39-9 = 0.875,9-30-20-35-9 = 1.0,11-40-28-13-11 = 0.125,9-15-21-37-9 = 0.25,9-15-24-21-9 = 0.75,9-23-27-32-34-9 = 0.75,9-39-23-27-32-9 = 0.125,9-24-38-34-9 = 0.25,9-23-27-38-9 = 0.125,9-25-17-16-41-14-11 = 0.5,11-22-19-36-8 = 0.125,9-25-17-16-41-11 = 0.375,9-25-18-16-41-11 = 0.125
832,487,603.943,7.333,1.0,-0.333,Prune by UB,,9-37-9 = 0.667,8-22-14-11 = 0.5,8-22-16-41-14-11 = 0.5,8-19-38-36-8 = 1.0,11-31-13-26-11 = 0.5,11-28-31-26-11 = 0.5,11-28-13-11 = 0.5,11-40-33-29-11 = 0.5,11-17-33-29-11 = 0.5,11-12-23-39-21-9 = 0.083,9-24-21-37-9 = 0.167,9-30-18-35-9 = 0.083,9-30-18-23-9 = 0.5,9-15-21-37-9 = 0.167,9-15-24-39-9 = 0.5,9-15-24-21-9 = 0.333,9-25-20-35-34-9 = 0.75,9-25-30-20-9 = 0.25,11-40-17-16-41-11 = 0.5,9-30-35-32-34-9 = 0.083,11-12-27-32-8 = 0.917,9-30-35-27-8 = 0.083,9-23-18-39-34-9 = 0.167,9-23-18-39-21-9 = 0.25
241,239,603.383,6.321,3.259,3.321,1137,1138,11-14-11 = 0.143,9-15-9 = 0.143,9-37-9 = 1.0,8-19-38-36-8 = 0.857,8-19-12-32-11 = 0.143,11-31-13-26-11 = 0.5,11-28-31-26-11 = 0.5,11-40-33-29-11 = 0.464,11-22-16-17-14-11 = 0.161,11-22-16-17-41-11 = 0.143,11-22-16-41-14-11 = 0.696,11-17-33-29-11 = 0.536,11-12-18-39-9 = 0.321,9-30-20-35-9 = 0.857,9-15-24-21-9 = 0.857,9-25-30-39-21-9 = 0.143,9-25-18-23-34-9 = 0.054,9-25-20-35-34-9 = 0.143,9-18-27-32-11 = 0.054,9-23-18-27-9 = 0.411,9-39-23-27-32-9 = 0.268,9-39-23-27-34-9 = 0.268,11-40-12-32-34-9 = 0.536,9-24-38-36-8 = 0.143,9-25-18-17-41-11 = 0.161,9-25-28-13-11 = 0.5
1137,241,604.092,0.0,0.709,0.0,Prune by CG,,9-15-9 = 0.312,9-37-9 = 1.0,8-19-38-36-8 = 0.562,8-19-12-32-11 = 0.438,11-31-13-26-11 = 0.562,11-28-31-26-11 = 0.438,11-22-16-41-14-11 = 1.0,11-17-33-29-11 = 0.875,11-12-18-39-9 = 0.125,9-30-20-35-9 = 0.5,11-40-28-13-11 = 0.438,11-40-28-29-11 = 0.125,9-25-20-35-9 = 0.062,9-15-24-39-9 = 0.125,9-15-24-21-9 = 0.5,9-25-30-39-21-9 = 0.5,9-25-20-35-34-9 = 0.438,9-23-18-27-9 = 0.75,9-39-23-27-32-9 = 0.125,9-39-23-27-34-9 = 0.125,9-15-38-36-8 = 0.062,11-40-12-32-34-9 = 0.438,9-24-38-36-8 = 0.375,9-18-17-33-11 = 0.125
1138,241,603.286,3.0,-0.096,-3.321,1139,1140,11-14-11 = 0.25,9-37-9 = 1.0,8-19-38-36-8 = 1.0,11-31-13-26-11 = 0.25,11-28-31-26-11 = 0.75,11-40-33-29-11 = 0.25,11-22-16-17-41-11 = 0.25,11-22-16-41-14-11 = 0.75,11-17-33-29-11 = 0.25,11-12-18-39-9 = 1.0,9-30-20-35-9 = 1.0,11-40-28-13-11 = 0.25,9-25-13-29-11 = 0.5,9-15-24-21-9 = 1.0,9-23-27-32-34-9 = 1.0,9-25-40-17-33-11 = 0.5
1139,1138,604.55,0.0,1.263,0.0,Prune by CG,,11-14-11 = 0.115,9-15-9 = 0.038,9-37-9 = 1.0,8-19-38-36-8 = 1.0,11-31-13-26-11 = 0.231,11-28-31-26-11 = 0.769,11-22-16-17-41-11 = 0.115,11-22-16-41-14-11 = 0.885,11-17-33-29-11 = 0.462,11-12-18-39-9 = 0.423,9-30-20-35-9 = 0.885,9-25-13-29-11 = 0.538,9-15-24-21-9 = 0.962,9-25-35-27-32-11 = 0.115,9-23-18-27-9 = 0.462,9-23-18-32-34-9 = 0.077,9-39-27-32-34-9 = 0.077,9-39-23-27-32-9 = 0.154,9-39-23-27-34-9 = 0.192,11-40-12-32-34-9 = 0.577,11-40-17-33-11 = 0.423,9-30-39-24-9 = 0.038,9-30-39-23-34-9 = 0.077,9-25-20-33-11 = 0.115,9-25-28-13-11 = 0.231,9-23-18-39-21-9 = 0.038
1140,1138,605.517,0.0,2.231,0.0,Prune by CG,,11-14-11 = 0.08,9-37-9 = 1.0,8-19-38-36-8 = 0.96,8-22-16-17-41-11 = 0.04,11-31-13-11 = 0.32,11-28-31-26-11 = 0.68,11-28-13-26-11 = 0.32,11-40-33-29-11 = 0.64,11-22-16-41-14-11 = 0.92,11-12-18-39-9 = 0.56,11-12-18-34-9 = 0.08,9-30-20-35-9 = 1.0,9-25-13-29-11 = 0.36,9-15-24-21-9 = 1.0,9-23-27-32-34-9 = 0.24,9-23-18-27-9 = 0.12,9-39-23-27-34-9 = 0.32,11-22-19-16-11 = 0.04,11-40-12-32-34-9 = 0.36,9-25-18-17-41-11 = 0.04,9-25-17-38-36-8 = 0.04,9-39-23-17-27-9 = 0.12,9-23-18-17-32-9 = 0.2,9-25-17-33-11 = 0.36,9-25-17-27-32-11 = 0.2
409,304,603.895,6.833,2.355,0.167,Prune by UB,,9-15-9 = 0.083,9-37-9 = 1.0,8-19-16-41-14-11 = 0.5,8-22-19-36-8 = 0.5,11-31-13-26-11 = 0.5,11-28-31-26-11 = 0.5,11-28-13-11 = 0.5,11-40-33-29-11 = 1.0,11-22-16-41-14-11 = 0.5,11-17-27-20-9 = 0.25,11-17-27-38-9 = 0.5,11-17-27-35-9 = 0.25,9-30-20-35-9 = 0.667,9-30-18-39-9 = 0.083,9-15-24-21-9 = 0.917,9-25-12-32-34-9 = 0.5,9-25-18-23-34-9 = 0.25,9-25-18-23-39-9 = 0.083,9-25-18-39-21-9 = 0.083,9-25-20-35-34-9 = 0.083,9-18-12-32-11 = 0.5,9-39-23-38-36-8 = 0.5,9-30-39-24-9 = 0.083,9-30-39-23-34-9 = 0.167
323,301,603.89,6.4,2.8,0.233,Prune by UB,,11-14-11 = 0.1,9-37-9 = 0.8,8-22-16-41-11 = 0.1,8-22-16-41-14-11 = 0.9,8-19-38-36-8 = 1.0,11-31-13-26-11 = 0.5,11-28-31-26-11 = 0.5,11-28-13-11 = 0.3,11-40-33-29-11 = 0.4,11-17-33-29-11 = 0.6,9-30-20-35-9 = 0.6,11-40-28-13-11 = 0.2,11-40-17-27-32-11 = 0.4,9-21-39-23-24-9 = 0.2,9-21-39-20-35-9 = 0.4,9-25-30-37-9 = 0.2,9-25-30-39-21-9 = 0.2,9-25-18-23-34-9 = 0.6,9-15-24-9 = 0.8,11-18-12-32-8 = 0.4,11-12-27-32-8 = 0.2,11-12-27-34-8 = 0.4,9-15-23-39-21-9 = 0.2
406,329,603.79,7.0,2.194,1.036,Prune by UB,,9-37-9 = 1.0,8-22-14-11 = 0.5,8-22-16-41-14-11 = 0.5,8-19-38-36-8 = 1.0,11-31-13-26-11 = 0.5,11-28-31-26-11 = 0.5,11-40-33-29-11 = 0.5,11-17-33-29-11 = 0.5,11-16-27-20-9 = 0.5,11-40-28-13-11 = 0.5,9-15-24-21-9 = 1.0,9-25-30-35-34-9 = 0.5,9-23-18-17-41-11 = 0.5,9-25-30-39-34-9 = 0.5,11-18-12-32-8 = 0.5,9-39-23-20-35-9 = 0.5,11-12-27-32-8 = 0.5
691,689,603.861,6.588,1.807,0.422,Prune by UB,,11-26-11 = 0.029,8-36-8 = 0.176,9-37-9 = 0.824,11-18-23-38-8 = 0.088,8-22-16-41-14-11 = 0.824,8-22-19-8 = 0.176,8-19-38-36-8 = 0.824,11-31-13-11 = 0.5,11-28-31-26-11 = 0.5,11-28-13-11 = 0.029,11-28-13-26-11 = 0.471,11-40-33-29-11 = 0.647,11-17-33-29-11 = 0.353,11-12-18-17-11 = 0.471,11-25-30-20-9 = 0.029,11-40-30-37-9 = 0.176,9-30-35-27-9 = 0.206,11-40-17-16-41-14-11 = 0.176,9-15-24-21-9 = 1.0,9-25-20-35-34-9 = 0.588,9-39-27-32-34-9 = 0.412,9-39-23-27-32-9 = 0.176,9-25-30-20-9 = 0.382,11-12-18-23-8 = 0.441,11-12-23-38-8 = 0.088,9-39-23-27-32-8 = 0.206,9-30-39-35-32-9 = 0.206
937,740,603.887,8.167,0.675,0.317,Prune by UB,,11-14-11 = 0.083,8-36-8 = 0.333,9-37-9 = 0.333,8-22-19-8 = 0.333,8-19-38-36-8 = 0.667,8-23-27-38-8 = 0.333,11-31-13-26-11 = 0.5,11-28-31-26-11 = 0.5,11-28-13-11 = 0.5,11-40-33-29-11 = 0.583,11-22-14-11 = 0.083,11-22-16-17-41-11 = 0.167,11-22-16-41-14-11 = 0.417,11-17-33-29-11 = 0.417,8-23-18-27-8 = 0.333,11-40-17-16-41-14-11 = 0.417,9-25-20-35-9 = 0.333,9-15-21-37-9 = 0.667,9-15-24-21-9 = 0.333,9-25-20-35-34-9 = 0.667,9-18-12-32-9 = 0.667,9-30-39-24-9 = 0.667,9-30-39-23-34-9 = 0.333,11-12-27-32-11 = 0.333
226,224,604.096,6.6,3.27,-0.963,Prune by UB,,11-14-11 = 0.1,9-37-9 = 0.8,11-18-20-35-9 = 0.2,8-19-38-34-9 = 0.3,8-19-38-36-8 = 0.4,11-31-13-11 = 0.5,11-28-31-26-11 = 0.5,11-28-13-26-11 = 0.5,11-40-33-29-11 = 1.0,11-22-14-11 = 0.35,11-22-16-41-14-11 = 0.35,8-23-18-17-16-11 = 0.05,8-23-18-17-41-11 = 0.05,11-25-30-20-9 = 0.1,11-25-30-37-9 = 0.1,9-30-20-35-9 = 0.7,9-15-24-21-9 = 1.0,9-25-30-37-9 = 0.1,9-25-35-27-34-9 = 0.1,9-25-12-27-9 = 0.3,9-18-12-32-9 = 0.7,9-39-27-32-34-9 = 0.3,9-39-23-38-36-8 = 0.3,11-22-19-36-8 = 0.3,9-25-17-27-34-9 = 0.3,9-39-23-17-16-41-11 = 0.4,8-23-17-16-41-14-11 = 0.2
560,44,603.643,7.333,1.509,1.833,Prune by UB,,11-14-11 = 0.333,9-37-9 = 0.167,11-18-27-32-9 = 0.167,8-19-38-36-8 = 1.0,11-31-13-11 = 0.5,11-28-31-26-11 = 0.5,11-28-13-26-11 = 0.5,11-40-33-29-11 = 1.0,11-22-14-11 = 0.667,11-12-18-17-11 = 0.5,11-12-17-16-41-11 = 0.5,9-24-21-37-9 = 0.167,9-30-20-35-9 = 0.5,9-15-21-37-9 = 0.167,9-15-24-39-9 = 0.167,9-15-24-21-9 = 0.667,9-25-30-37-9 = 0.5,9-25-20-35-34-9 = 0.5,9-23-18-32-34-9 = 0.167,9-39-27-32-34-9 = 0.167,9-39-23-27-32-9 = 0.5,9-39-23-27-34-9 = 0.167,11-22-16-41-11 = 0.333,9-23-18-16-41-11 = 0.167
213,211,604.088,6.4,3.947,-1.0,Prune by UB,,11-14-11 = 0.5,9-37-9 = 0.2,8-22-16-41-11 = 0.5,8-22-16-41-14-11 = 0.5,8-19-38-36-8 = 0.8,8-19-36-8 = 0.2,11-31-13-26-11 = 0.5,11-28-31-26-11 = 0.5,11-28-13-11 = 0.5,11-40-33-29-11 = 1.0,9-24-20-35-9 = 1.0,11-17-27-32-34-9 = 0.8,9-15-21-37-9 = 0.6,9-15-39-23-34-9 = 0.2,9-25-30-37-9 = 0.2,9-25-30-39-23-9 = 0.2,9-25-30-39-21-9 = 0.4,9-25-30-15-9 = 0.2,9-12-18-39-9 = 0.2,11-17-27-38-8 = 0.2,9-18-12-32-8 = 0.2,9-18-12-23-8 = 0.6
451,450,603.745,7.667,1.739,1.5,Prune by UB,,11-26-11 = 0.333,9-37-9 = 0.556,8-22-19-8 = 0.167,8-19-38-36-8 = 0.833,11-31-13-11 = 0.333,11-31-13-26-11 = 0.167,11-28-31-26-11 = 0.5,11-28-13-11 = 0.5,11-40-33-29-11 = 0.5,11-22-16-41-14-11 = 0.667,11-17-33-29-11 = 0.5,8-23-18-27-8 = 0.833,9-30-20-35-9 = 0.556,11-40-17-20-35-9 = 0.167,11-40-17-16-41-14-11 = 0.333,9-15-24-39-9 = 0.278,9-15-24-21-9 = 0.722,9-21-39-20-35-9 = 0.278,9-25-30-37-9 = 0.444,9-25-12-32-34-9 = 0.389,9-25-12-23-34-9 = 0.167,9-18-27-32-11 = 0.167,9-39-12-32-34-9 = 0.444,8-22-38-36-8 = 0.167
616,463,604.124,6.286,1.902,-1.048,Prune by UB,,8-19-8 = 0.143,9-37-9 = 1.0,8-22-16-41-14-11 = 0.929,8-19-16-41-14-11 = 0.071,8-22-19-8 = 0.071,8-19-38-36-8 = 0.714,8-23-12-18-9 = 0.071,11-31-13-9 = 0.5,11-28-31-26-11 = 0.5,11-28-13-26-11 = 0.5,11-40-33-29-11 = 0.5,11-17-33-29-11 = 0.5,9-30-20-35-9 = 0.5,11-40-17-20-35-9 = 0.5,9-15-24-21-9 = 1.0,9-25-18-27-9 = 0.714,9-18-12-32-9 = 0.143,9-23-12-32-34-9 = 0.357,9-39-23-38-36-8 = 0.286,9-25-30-27-9 = 0.214,9-18-12-32-8 = 0.071,9-25-39-27-32-8 = 0.071,9-30-39-23-34-8 = 0.286,9-39-12-32-34-8 = 0.357
1020,423,603.898,5.571,0.045,0.5,Prune by UB,,9-37-9 = 0.929,8-22-16-41-14-11 = 0.571,8-22-19-36-8 = 0.429,8-19-38-36-8 = 0.214,8-19-36-8 = 0.357,11-31-13-11 = 0.5,11-28-31-26-11 = 0.5,11-28-13-26-11 = 0.5,11-40-33-29-11 = 1.0,8-18-27-34-9 = 0.429,11-12-17-16-41-11 = 0.143,9-24-20-35-9 = 0.071,9-30-20-35-9 = 0.929,11-17-27-32-34-9 = 0.571,9-15-21-37-9 = 0.071,9-15-24-21-9 = 0.929,11-12-16-41-14-11 = 0.143,11-18-12-32-11 = 0.429,11-12-17-16-14-11 = 0.143,11-12-17-41-14-11 = 0.143,9-25-30-39-23-8 = 0.071,9-25-39-23-38-8 = 0.786,9-25-18-39-23-8 = 0.143
418,415,603.467,6.167,2.261,3.167,1141,1142,9-37-9 = 1.0,8-22-19-36-8 = 0.333,8-19-38-36-8 = 0.667,11-31-13-11 = 0.5,11-28-31-26-11 = 0.5,11-28-13-26-11 = 0.5,11-40-33-29-11 = 1.0,11-22-14-11 = 0.667,11-12-18-23-9 = 0.333,9-30-20-35-9 = 0.667,9-15-24-39-9 = 0.167,9-15-24-21-9 = 0.833,9-25-30-39-21-9 = 0.167,9-25-35-27-32-9 = 0.167,9-25-20-35-34-9 = 0.167,9-23-12-27-9 = 0.167,9-23-12-32-34-9 = 0.5,9-39-27-32-34-9 = 0.333,9-25-30-20-9 = 0.167,9-39-27-38-9 = 0.333,9-25-17-16-41-14-11 = 0.333,11-18-17-16-41-11 = 0.667
1141,418,610.627,0.0,7.16,0.0,Prune by CG,,11-26-11 = 0.5,9-37-9 = 1.0,8-19-38-36-8 = 1.0,11-31-13-11 = 0.5,11-28-31-26-11 = 0.5,11-28-13-11 = 0.5,11-40-33-29-11 = 1.0,11-22-14-11 = 1.0,9-30-20-35-9 = 0.5,9-25-20-35-9 = 0.5,9-15-24-21-9 = 0.5,9-25-30-39-21-9 = 0.5,9-15-24-9 = 0.5,9-23-12-27-9 = 0.5,9-23-12-32-34-9 = 0.5,9-39-27-32-34-9 = 0.5,11-18-17-16-41-11 = 1.0
1142,418,603.613,0.0,0.146,0.0,Prune by CG,,9-37-9 = 0.833,8-22-19-36-8 = 0.5,8-19-38-36-8 = 0.5,11-31-13-11 = 0.5,11-28-31-26-11 = 0.5,11-28-13-26-11 = 0.5,11-40-33-29-11 = 1.0,11-22-14-11 = 0.5,11-12-18-23-9 = 0.5,9-30-20-35-9 = 0.778,9-25-20-27-9 = 0.056,9-25-20-35-32-9 = 0.056,9-15-24-39-9 = 0.056,9-15-24-21-9 = 0.944,9-25-30-37-9 = 0.167,9-25-30-39-21-9 = 0.056,9-25-35-27-32-9 = 0.056,9-25-20-35-34-9 = 0.111,9-23-12-32-34-9 = 0.5,9-39-27-32-34-9 = 0.389,9-39-27-38-9 = 0.5,9-25-17-16-41-14-11 = 0.5,11-18-17-16-41-11 = 0.5
856,765,604.116,6.0,0.974,-1.0,Prune by UB,,9-37-9 = 0.667,8-22-14-11 = 0.5,8-19-38-36-8 = 1.0,8-23-27-32-34-9 = 0.333,8-23-12-27-8 = 0.167,11-31-13-26-11 = 0.5,11-28-31-26-11 = 0.5,11-28-13-11 = 0.5,11-40-33-29-11 = 1.0,11-22-16-17-41-11 = 0.5,11-17-16-41-14-11 = 0.5,9-15-24-21-9 = 1.0,9-25-30-37-9 = 0.333,9-25-30-39-34-9 = 0.667,9-39-23-20-35-9 = 0.333,11-27-20-35-9 = 0.5,9-18-20-35-9 = 0.167,9-18-12-32-8 = 0.667,9-18-12-23-8 = 0.167
974,797,603.947,7.0,0.794,0.25,Prune by UB,,9-37-9 = 1.0,8-19-16-41-14-11 = 0.5,8-22-19-36-8 = 0.5,11-31-13-26-11 = 0.5,11-28-31-26-11 = 0.5,11-40-33-29-11 = 0.5,11-22-14-11 = 0.5,11-17-33-29-11 = 0.5,11-12-27-32-9 = 0.5,9-30-20-35-9 = 1.0,11-40-28-13-11 = 0.5,9-15-24-21-9 = 1.0,9-25-12-18-9 = 0.5,9-25-18-32-34-9 = 0.5,9-39-23-38-34-9 = 0.5,9-39-23-38-36-8 = 0.5,11-16-17-27-41-11 = 0.5
550,362,603.934,8.0,1.657,0.333,Prune by UB,,11-14-11 = 0.5,9-37-9 = 0.5,11-18-20-35-9 = 0.25,11-18-23-38-8 = 0.25,8-22-16-41-14-11 = 0.5,8-19-38-36-8 = 0.75,8-22-16-17-41-11 = 0.25,11-31-13-11 = 0.5,11-28-31-26-11 = 0.5,11-28-13-26-11 = 0.5,11-40-33-29-11 = 0.75,11-17-33-29-11 = 0.25,8-18-12-32-8 = 0.5,9-30-20-35-9 = 0.5,11-40-17-20-35-9 = 0.25,9-15-24-21-9 = 1.0,9-25-30-37-9 = 0.5,9-25-12-27-9 = 0.25,9-39-27-32-34-9 = 0.25,9-39-23-27-34-9 = 0.5,11-22-19-36-8 = 0.25,9-39-23-17-16-41-11 = 0.25,9-25-12-32-34-8 = 0.25
677,597,604.151,6.138,1.643,-1.05,Prune by UB,,9-21-9 = 0.103,9-37-9 = 1.0,8-22-16-41-14-11 = 1.0,8-19-38-36-8 = 0.552,8-19-27-34-9 = 0.034,8-19-23-27-9 = 0.414,11-31-13-9 = 0.483,11-28-31-26-11 = 0.517,11-28-13-26-11 = 0.483,11-40-33-29-11 = 0.621,11-17-33-29-11 = 0.345,11-17-27-20-9 = 0.172,9-30-20-35-9 = 0.448,11-40-17-27-32-9 = 0.207,11-40-17-27-35-9 = 0.172,9-25-13-29-11 = 0.034,9-15-24-21-9 = 0.897,9-25-18-23-34-9 = 0.034,9-25-20-35-34-9 = 0.379,9-15-24-9 = 0.103,9-25-30-39-34-9 = 0.552,9-39-23-38-36-8 = 0.448,9-18-12-32-8 = 0.793,9-12-17-33-8 = 0.034,9-18-12-23-8 = 0.103,9-18-12-17-8 = 0.069
124,71,604.213,6.667,4.737,-1.333,Prune by UB,,9-37-9 = 0.5,8-22-14-11 = 1.0,8-19-38-36-8 = 0.833,8-19-36-8 = 0.167,11-31-13-26-11 = 0.5,11-28-31-26-11 = 0.5,11-28-13-11 = 0.167,11-40-33-29-11 = 0.167,11-16-17-20-35-9 = 0.5,9-30-20-35-9 = 0.5,11-40-28-13-11 = 0.333,9-15-24-21-9 = 1.0,9-25-30-37-9 = 0.5,9-25-18-23-34-9 = 0.5,9-39-27-32-34-9 = 0.5,9-39-23-27-32-11 = 0.333,11-41-33-29-11 = 0.833,11-12-18-23-8 = 0.167,11-18-12-32-8 = 0.167,9-39-27-38-8 = 0.167,11-40-12-17-41-11 = 0.167,11-12-18-16-8 = 0.167,11-40-12-17-16-8 = 0.333
693,626,604.547,2.0,1.806,-3.667,Prune by UB,,11-26-11 = 0.5,8-22-16-41-14-11 = 1.0,8-19-38-36-8 = 1.0,11-31-13-11 = 0.5,11-28-31-26-11 = 0.5,11-28-13-11 = 0.5,11-40-33-29-11 = 1.0,11-17-20-35-9 = 1.0,9-15-24-21-9 = 1.0,9-25-30-37-9 = 1.0,9-39-12-32-34-9 = 1.0,9-23-18-27-8 = 1.0
483,233,604.925,1.5,3.504,-5.833,Prune by UB,,9-37-9 = 1.0,8-19-38-36-8 = 1.0,11-31-13-26-11 = 0.5,11-28-31-26-11 = 0.5,11-28-13-11 = 0.5,11-40-33-29-11 = 1.0,11-22-14-11 = 1.0,9-30-20-35-9 = 1.0,11-17-27-32-34-9 = 1.0,9-15-24-21-9 = 1.0,9-25-12-16-41-11 = 1.0,9-23-18-39-9 = 1.0
531,455,604.136,6.5,2.033,-0.75,Prune by UB,,9-37-9 = 1.0,11-18-20-35-9 = 0.333,8-22-16-41-14-11 = 0.333,8-19-38-36-8 = 1.0,11-31-13-11 = 0.5,11-28-31-26-11 = 0.5,11-28-13-26-11 = 0.5,11-40-33-29-11 = 0.583,11-22-14-11 = 0.25,11-22-16-17-41-11 = 0.167,11-22-16-41-14-11 = 0.25,11-17-33-29-11 = 0.333,8-18-12-32-8 = 0.333,11-16-17-20-35-9 = 0.083,8-23-18-32-34-9 = 0.333,9-30-20-35-9 = 0.333,11-40-17-20-35-9 = 0.25,11-40-17-16-41-14-11 = 0.167,9-15-24-21-9 = 1.0,9-39-23-27-32-11 = 0.333,9-25-30-39-34-9 = 0.667,11-41-33-29-11 = 0.083,9-25-12-27-8 = 0.333,9-23-12-27-8 = 0.333
829,650,604.241,5.5,1.433,-1.333,Prune by UB,,9-37-9 = 1.0,8-22-16-41-14-11 = 1.0,8-19-38-36-8 = 0.75,8-19-36-8 = 0.25,11-31-13-11 = 0.5,11-28-31-26-11 = 0.5,11-28-13-26-11 = 0.5,11-40-33-29-11 = 1.0,11-17-27-32-34-9 = 0.25,9-25-20-35-32-11 = 0.25,9-15-24-21-9 = 1.0,9-25-20-35-34-9 = 0.25,9-39-23-27-35-9 = 0.5,9-25-30-20-9 = 0.5,11-17-27-38-8 = 0.25,11-18-12-32-8 = 0.25,11-18-12-32-11 = 0.25,9-30-39-23-34-9 = 0.5,11-12-18-17-8 = 0.5
54,51,604.415,4.0,6.263,-2.5,Prune by UB,,9-37-9 = 1.0,8-19-38-36-8 = 1.0,11-31-13-11 = 0.5,11-28-31-26-11 = 0.5,11-28-13-26-11 = 0.5,11-22-16-41-14-11 = 1.0,11-17-33-29-11 = 1.0,11-40-12-23-39-9 = 0.5,9-30-20-35-9 = 0.5,9-25-20-35-9 = 0.5,9-15-24-21-9 = 1.0,9-18-27-32-11 = 1.0,9-25-30-39-34-9 = 0.5,11-40-12-23-34-9 = 0.5
168,144,604.104,8.0,3.922,-0.259,Prune by UB,,8-19-8 = 0.3,8-36-8 = 0.3,9-37-9 = 0.2,8-22-14-11 = 0.4,8-22-16-41-14-11 = 0.6,8-19-38-36-8 = 0.7,11-31-13-26-11 = 0.5,11-28-31-26-11 = 0.5,11-28-13-11 = 0.5,11-40-33-29-11 = 1.0,8-23-39-20-35-9 = 0.2,8-18-12-32-8 = 0.2,11-12-18-39-9 = 0.1,11-12-17-16-41-11 = 0.4,8-23-18-27-8 = 0.4,9-24-21-37-9 = 0.1,9-30-20-35-9 = 0.4,9-15-21-37-9 = 0.1,9-15-24-39-9 = 0.4,9-15-24-21-9 = 0.5,9-21-39-23-38-8 = 0.3,9-25-30-37-9 = 0.6,9-25-20-35-34-9 = 0.4,11-12-18-23-8 = 0.1,11-18-12-32-8 = 0.2,11-17-27-32-34-8 = 0.6
775,773,603.822,8.0,1.921,1.714,Prune by UB,,11-14-11 = 0.25,8-19-8 = 0.25,9-37-9 = 0.25,8-22-14-11 = 0.25,8-22-16-41-11 = 0.25,8-22-16-41-14-11 = 0.5,8-19-16-41-11 = 0.25,8-19-38-36-8 = 0.5,11-31-13-26-11 = 0.5,11-28-31-26-11 = 0.5,11-28-13-11 = 0.5,11-40-33-29-11 = 0.75,11-17-33-29-11 = 0.25,11-17-27-32-34-9 = 0.5,11-40-17-20-35-9 = 0.25,9-15-24-21-9 = 1.0,9-25-30-37-9 = 0.75,9-18-12-32-9 = 0.25,9-18-12-23-9 = 0.25,9-39-23-38-36-8 = 0.5,11-27-20-35-9 = 0.5,9-18-20-35-9 = 0.25,9-18-12-23-8 = 0.25,9-25-30-39-34-8 = 0.25,9-39-12-32-34-8 = 0.25
159,133,604.897,1.5,4.629,-5.5,Prune by UB,,9-37-9 = 1.0,11-18-27-32-8 = 1.0,8-22-14-11 = 1.0,8-19-38-36-8 = 1.0,11-31-13-26-11 = 0.5,11-28-31-26-11 = 0.5,11-28-13-11 = 0.5,11-40-33-29-11 = 1.0,11-12-17-16-41-11 = 1.0,9-25-20-35-9 = 1.0,9-15-24-21-9 = 1.0,9-30-39-23-34-9 = 1.0
943,491,603.976,7.588,0.786,0.636,Prune by UB,,11-26-11 = 0.088,9-37-9 = 0.941,8-22-16-41-14-11 = 0.588,8-22-19-8 = 0.235,8-22-19-36-8 = 0.176,8-19-38-36-8 = 0.588,11-31-13-11 = 0.088,11-31-13-26-11 = 0.412,11-28-31-26-11 = 0.5,11-28-13-11 = 0.5,11-40-33-29-11 = 0.588,11-17-33-29-11 = 0.412,11-12-18-35-9 = 0.529,11-12-18-17-11 = 0.176,11-12-18-39-9 = 0.294,11-40-17-16-41-14-11 = 0.412,9-25-20-35-32-11 = 0.235,9-15-21-37-9 = 0.059,9-15-24-21-9 = 0.941,9-25-20-35-34-9 = 0.235,9-25-30-20-9 = 0.529,9-30-39-24-9 = 0.059,9-30-39-23-34-9 = 0.412,8-38-27-32-8 = 0.412,9-39-23-27-36-8 = 0.235,9-23-27-32-34-8 = 0.353
941,786,604.101,8.0,1.001,-0.2,Prune by UB,,9-37-9 = 0.5,8-22-14-11 = 0.5,8-19-38-36-8 = 1.0,11-31-13-26-11 = 0.5,11-28-31-26-11 = 0.5,11-40-33-29-11 = 0.5,8-23-39-20-35-9 = 0.5,11-22-16-41-14-11 = 0.5,11-17-33-29-11 = 0.5,9-30-20-35-9 = 0.5,11-17-27-32-34-9 = 0.5,11-40-28-13-11 = 0.5,9-15-24-21-9 = 1.0,9-25-30-37-9 = 0.5,9-25-18-23-34-9 = 0.5,9-18-12-32-8 = 0.5,9-39-12-27-8 = 0.5,11-16-41-11 = 0.5
640,606,603.966,6.455,1.498,0.788,Prune by UB,,9-21-9 = 0.182,9-37-9 = 1.0,8-19-38-36-8 = 1.0,11-31-13-26-11 = 0.5,11-28-31-26-11 = 0.5,11-40-33-29-11 = 0.5,11-22-16-41-14-11 = 1.0,9-30-20-35-9 = 0.727,11-40-28-13-11 = 0.5,9-25-20-35-32-9 = 0.273,9-15-24-39-9 = 0.545,9-15-24-21-9 = 0.455,9-25-30-21-9 = 0.273,9-25-18-32-34-9 = 0.091,9-25-18-23-34-9 = 0.364,9-18-27-32-9 = 0.455,9-23-27-32-34-9 = 0.182,9-39-23-27-34-9 = 0.364,11-12-17-33-11 = 0.5,11-12-17-29-11 = 0.5,9-23-18-39-21-9 = 0.091
878,783,604.215,6.0,1.115,-1.0,Prune by UB,,11-14-11 = 0.5,9-37-9 = 0.5,8-22-16-41-11 = 0.5,8-22-16-41-14-11 = 0.5,8-19-38-36-8 = 1.0,11-31-13-26-11 = 0.5,11-28-31-26-11 = 0.5,11-17-33-29-11 = 1.0,11-12-20-35-9 = 0.5,11-40-28-13-11 = 0.5,9-15-24-21-9 = 1.0,9-25-30-37-9 = 0.5,9-25-30-39-34-9 = 0.5,11-40-12-23-34-9 = 0.5,9-39-23-20-35-9 = 0.5,9-18-27-32-8 = 1.0
47,19,604.087,7.0,6.382,-0.0,Prune by UB,,9-37-9 = 0.944,8-19-38-36-8 = 0.667,8-36-38-34-9 = 0.333,11-31-13-26-11 = 0.5,11-28-31-26-11 = 0.5,11-28-13-11 = 0.5,11-40-33-29-11 = 0.333,11-22-16-41-14-11 = 0.667,11-17-33-29-11 = 0.333,9-30-20-35-9 = 0.333,11-40-17-20-35-9 = 0.667,9-15-24-21-9 = 0.889,9-25-30-37-9 = 0.056,9-25-30-39-21-9 = 0.111,9-25-30-15-9 = 0.111,9-18-12-32-11 = 0.667,9-23-27-32-34-9 = 0.056,9-23-18-27-9 = 0.333,9-39-23-27-32-9 = 0.278,9-39-23-27-34-9 = 0.333,9-25-30-39-34-9 = 0.278,9-25-30-24-9 = 0.111,11-41-33-29-11 = 0.333,11-22-19-8 = 0.333,9-25-12-16-14-11 = 0.333
743,590,604.115,6.833,1.505,-0.167,Prune by UB,,11-14-11 = 0.25,9-37-9 = 0.667,8-22-14-11 = 0.25,8-22-16-41-14-11 = 0.25,8-19-38-36-8 = 1.0,8-22-16-17-41-11 = 0.5,11-31-13-11 = 0.5,11-28-31-26-11 = 0.5,11-28-13-26-11 = 0.5,11-40-33-29-11 = 0.75,11-17-33-29-11 = 0.25,11-12-23-24-9 = 0.333,11-12-20-35-9 = 0.667,9-30-20-35-9 = 0.333,11-40-17-16-41-14-11 = 0.25,9-15-21-37-9 = 0.333,9-15-24-21-9 = 0.667,9-18-27-32-9 = 0.667,9-39-23-27-32-9 = 0.333,9-25-18-23-34-8 = 0.333,9-25-30-39-34-8 = 0.667
706,501,604.234,7.5,2.005,-0.833,Prune by UB,,8-36-8 = 0.167,9-37-9 = 1.0,8-22-16-41-14-11 = 0.417,8-22-19-8 = 0.25,8-22-19-36-8 = 0.333,8-19-38-36-8 = 0.417,11-28-31-26-11 = 0.5,11-28-13-26-11 = 0.5,11-40-33-29-11 = 0.583,8-12-18-39-9 = 0.25,11-17-33-29-11 = 0.417,11-12-18-39-9 = 0.083,11-31-13-32-9 = 0.5,9-30-20-35-9 = 0.75,11-40-17-16-41-14-11 = 0.417,9-15-24-21-9 = 0.917,9-25-12-18-9 = 0.5,9-25-20-35-34-9 = 0.25,9-12-18-39-9 = 0.167,9-15-24-9 = 0.083,9-39-27-32-34-9 = 0.25,9-25-30-39-34-9 = 0.25,8-23-17-16-41-14-11 = 0.167,9-23-27-38-8 = 0.5,9-23-27-32-34-8 = 0.25,9-21-23-38-36-8 = 0.083
882,801,604.091,8.2,1.16,0.2,Prune by UB,,8-19-8 = 0.2,8-36-8 = 0.2,9-37-9 = 0.5,8-22-14-11 = 0.5,8-19-38-36-8 = 0.8,11-31-13-26-11 = 0.5,11-28-31-26-11 = 0.5,11-28-13-11 = 0.1,11-40-33-29-11 = 0.6,11-22-16-41-14-11 = 0.5,11-17-33-29-11 = 0.4,11-12-17-16-41-11 = 0.5,11-12-20-35-9 = 0.5,9-30-20-35-9 = 0.5,11-40-28-13-11 = 0.4,9-15-24-21-9 = 1.0,9-25-30-37-9 = 0.5,9-25-18-32-34-9 = 0.1,9-25-18-23-34-9 = 0.4,9-39-27-32-34-9 = 0.4,8-18-17-32-34-9 = 0.1,9-18-23-38-8 = 0.2,9-39-23-27-32-8 = 0.4,8-18-39-27-8 = 0.2
763,720,603.991,8.0,0.976,1.0,Prune by UB,,9-37-9 = 0.5,11-18-27-34-9 = 0.25,8-22-14-11 = 0.5,8-22-16-41-14-11 = 0.5,8-19-38-36-8 = 1.0,11-31-13-26-11 = 0.5,11-28-31-26-11 = 0.5,11-28-13-11 = 0.5,11-40-33-29-11 = 0.5,11-17-33-29-11 = 0.5,9-15-21-37-9 = 0.25,9-15-24-39-9 = 0.75,9-21-37-9 = 0.25,9-21-35-27-32-9 = 0.5,9-25-20-35-34-9 = 0.5,9-23-27-32-34-9 = 0.25,9-25-30-20-9 = 0.5,11-12-18-23-8 = 0.75,11-40-17-16-41-11 = 0.5,9-30-39-24-9 = 0.25,9-30-12-32-8 = 0.25
863,161,604.303,5.4,1.169,-0.8,Prune by UB,,9-21-9 = 0.9,9-37-9 = 1.0,8-19-38-36-8 = 1.0,11-31-13-26-11 = 0.5,11-28-31-26-11 = 0.5,11-28-13-11 = 0.5,11-40-33-29-11 = 1.0,11-22-14-11 = 0.5,11-22-16-41-14-11 = 0.5,11-16-17-27-32-9 = 0.5,9-30-20-35-9 = 1.0,9-15-24-21-9 = 0.1,9-25-12-23-34-9 = 0.3,9-25-18-23-34-9 = 0.5,9-25-18-23-39-9 = 0.2,9-15-24-9 = 0.9,9-18-27-32-9 = 0.2,9-18-12-32-9 = 0.1,9-39-27-32-34-9 = 0.2,9-39-12-27-9 = 0.1,9-39-12-17-41-11 = 0.5
784,581,604.229,7.375,1.54,-0.625,Prune by UB,,11-14-11 = 0.313,9-37-9 = 0.875,11-18-20-35-9 = 0.062,8-22-16-41-14-11 = 0.625,8-19-38-34-9 = 0.063,8-19-38-36-8 = 0.875,8-22-16-17-41-11 = 0.25,11-31-13-26-11 = 0.5,11-28-31-26-11 = 0.5,11-40-33-29-11 = 0.5,11-22-14-11 = 0.062,11-17-33-29-11 = 0.5,11-12-18-34-9 = 0.062,8-23-18-17-16-11 = 0.125,8-23-18-17-41-11 = 0.063,11-12-20-35-9 = 0.625,9-30-20-35-9 = 0.313,11-40-28-13-11 = 0.5,9-15-24-39-9 = 0.375,9-15-24-21-9 = 0.625,9-25-30-37-9 = 0.125,9-25-30-39-21-9 = 0.375,9-25-18-27-9 = 0.313,9-23-18-17-41-11 = 0.062,9-25-30-39-34-9 = 0.188,9-39-23-38-36-8 = 0.063,11-22-19-36-8 = 0.063,11-18-12-32-8 = 0.312,9-23-27-32-34-8 = 0.688
996,938,604.292,6.929,1.024,-1.071,Prune by UB,,11-14-11 = 0.107,9-37-9 = 0.929,8-22-19-8 = 0.179,8-19-38-36-8 = 0.714,11-31-13-11 = 0.5,11-28-31-26-11 = 0.5,11-28-13-26-11 = 0.5,11-40-33-29-11 = 0.714,8-12-18-39-9 = 0.393,11-22-16-17-41-11 = 0.107,11-22-16-41-14-11 = 0.607,11-17-33-29-11 = 0.286,11-17-35-27-32-11 = 0.286,8-23-12-32-34-9 = 0.214,8-23-18-27-8 = 0.5,9-24-21-37-9 = 0.036,11-40-17-16-41-14-11 = 0.286,9-15-21-37-9 = 0.036,9-15-24-39-9 = 0.036,9-15-24-21-9 = 0.929,9-25-20-35-34-9 = 0.357,9-18-12-32-11 = 0.071,9-18-12-17-11 = 0.036,9-39-12-32-34-9 = 0.286,9-25-30-20-9 = 0.643,9-39-23-38-36-8 = 0.286,11-22-19-8 = 0.107,9-30-35-32-34-9 = 0.143,9-30-35-27-8 = 0.214
678,597,604.094,7.6,1.586,0.412,Prune by UB,,8-19-8 = 0.2,9-37-9 = 1.0,8-22-16-41-14-11 = 0.6,8-22-19-8 = 0.4,8-19-38-36-8 = 0.4,11-31-13-26-11 = 0.067,11-28-31-26-11 = 0.467,11-28-31-14-11 = 0.067,11-28-13-26-11 = 0.467,11-40-33-29-11 = 0.467,8-23-18-27-9 = 0.4,11-17-33-29-11 = 0.4,11-16-27-20-9 = 0.067,9-30-20-35-9 = 0.4,11-40-17-27-32-9 = 0.267,11-40-17-27-35-9 = 0.267,9-25-13-29-11 = 0.067,9-15-24-21-9 = 1.0,9-25-20-35-34-9 = 0.333,9-18-12-32-9 = 0.333,9-25-30-20-9 = 0.2,9-25-30-39-34-9 = 0.4,11-41-33-29-11 = 0.067,9-39-23-38-36-8 = 0.6,9-12-16-41-14-11 = 0.333,9-18-12-34-9 = 0.267,9-12-17-33-9 = 0.067,11-31-13-32-8 = 0.4
126,83,604.318,7.0,4.667,-1.0,Prune by UB,,9-37-9 = 0.75,8-19-38-36-8 = 0.75,11-31-13-26-11 = 0.5,11-28-31-26-11 = 0.5,11-40-33-29-11 = 0.5,11-22-14-11 = 0.875,11-16-17-20-35-9 = 0.625,11-22-16-32-34-9 = 0.125,9-30-20-35-9 = 0.375,11-40-28-13-11 = 0.5,9-15-24-21-9 = 1.0,9-25-30-37-9 = 0.25,9-25-12-27-9 = 0.375,9-18-27-34-9 = 0.25,9-18-12-32-9 = 0.375,9-23-18-17-41-11 = 0.375,9-39-12-27-9 = 0.125,9-39-23-27-32-11 = 0.25,9-25-30-39-34-9 = 0.375,11-41-33-29-11 = 0.5,9-39-23-38-36-8 = 0.25,9-23-12-41-14-11 = 0.125,8-19-16-32-34-9 = 0.25
966,621,604.032,7.286,0.735,0.857,Prune by UB,,9-15-9 = 0.071,9-37-9 = 1.0,11-18-27-32-9 = 0.571,11-18-23-38-9 = 0.214,11-18-23-24-9 = 0.071,8-22-19-36-8 = 0.357,8-19-38-34-9 = 0.143,8-19-38-36-8 = 0.5,11-31-13-26-11 = 0.5,11-28-31-26-11 = 0.5,11-28-13-11 = 0.5,11-40-33-29-11 = 1.0,11-22-16-41-14-11 = 0.5,9-30-20-35-9 = 0.571,9-25-20-35-9 = 0.286,9-15-24-39-9 = 0.214,9-15-24-21-9 = 0.714,9-25-30-39-21-9 = 0.286,9-25-30-23-34-9 = 0.143,9-25-18-23-34-9 = 0.143,9-25-20-35-34-9 = 0.143,9-12-17-16-14-11 = 0.5,9-23-27-32-34-9 = 0.429,9-39-12-17-41-11 = 0.5,11-22-38-36-8 = 0.143
881,801,604.226,7.5,1.296,-0.5,Prune by UB,,8-19-8 = 0.25,8-36-8 = 0.25,9-37-9 = 0.25,8-22-14-11 = 0.5,8-19-38-36-8 = 0.75,11-31-13-26-11 = 0.5,11-28-31-26-11 = 0.5,11-28-13-11 = 0.5,11-40-33-29-11 = 0.5,11-22-16-41-14-11 = 0.5,11-17-33-29-11 = 0.5,8-18-20-35-9 = 0.25,11-12-17-16-41-11 = 0.5,9-15-24-21-9 = 1.0,9-25-30-37-9 = 0.75,9-25-30-23-34-9 = 0.25,9-39-23-27-34-9 = 0.25,11-40-12-32-34-9 = 0.5,9-39-27-38-8 = 0.25,9-18-20-35-9 = 0.75,9-39-23-27-32-8 = 0.5
957,584,604.361,5.5,1.418,-1.433,Prune by UB,,11-14-11 = 0.25,9-37-9 = 0.5,8-19-12-32-9 = 1.0,11-31-13-11 = 0.5,11-28-31-26-11 = 0.5,11-28-13-26-11 = 0.5,11-40-33-29-11 = 0.75,11-22-14-11 = 0.25,11-22-16-17-41-11 = 0.5,11-22-16-41-14-11 = 0.25,11-17-33-29-11 = 0.25,9-30-20-35-9 = 0.5,11-40-17-16-41-14-11 = 0.25,9-25-20-35-9 = 0.5,9-15-24-21-9 = 1.0,9-25-30-37-9 = 0.5,9-18-27-34-9 = 1.0,9-39-23-38-36-8 = 1.0
883,488,604.091,9.471,1.252,0.471,Prune by UB,,8-19-8 = 0.059,9-37-9 = 0.529,8-22-14-11 = 0.5,8-22-16-41-14-11 = 0.265,8-19-16-41-14-11 = 0.235,8-19-38-36-8 = 0.471,11-31-13-11 = 0.5,11-28-31-26-11 = 0.5,11-28-13-26-11 = 0.5,11-40-33-29-11 = 0.5,11-17-33-29-11 = 0.5,11-12-27-35-9 = 0.588,11-12-27-34-9 = 0.118,11-12-39-24-9 = 0.059,9-15-21-37-9 = 0.471,9-15-24-21-9 = 0.529,9-25-20-35-34-9 = 0.412,9-18-27-32-9 = 0.059,9-18-12-32-9 = 0.235,9-25-30-20-9 = 0.588,9-39-23-38-36-8 = 0.529,11-22-19-8 = 0.235,11-40-17-16-41-11 = 0.5,9-30-39-24-9 = 0.412,8-23-18-32-34-8 = 0.471,9-18-27-32-8 = 0.235
425,381,603.954,8.0,2.264,1.5,Prune by UB,,8-36-8 = 0.167,9-37-9 = 0.833,8-22-16-41-14-11 = 0.5,8-22-19-8 = 0.333,8-19-38-36-8 = 0.667,8-23-27-35-34-9 = 0.167,11-31-13-26-11 = 0.5,11-28-31-26-11 = 0.5,11-28-13-11 = 0.5,11-40-33-29-11 = 0.5,11-17-33-29-11 = 0.5,11-40-17-16-41-14-11 = 0.5,9-15-21-37-9 = 0.167,9-15-24-21-9 = 0.833,9-25-20-35-34-9 = 0.333,9-39-23-27-35-9 = 0.333,9-39-23-27-34-9 = 0.333,9-25-30-20-9 = 0.667,11-18-12-32-8 = 0.5,11-18-12-32-11 = 0.5,9-30-39-24-9 = 0.167,9-30-39-23-34-9 = 0.167,8-22-38-36-8 = 0.167,9-35-27-38-8 = 0.167
1025,669,604.069,6.5,0.612,0.75,Prune by UB,,9-15-9 = 0.25,9-37-9 = 1.0,8-22-16-41-14-11 = 0.75,8-22-19-8 = 0.25,8-19-38-36-8 = 0.75,11-31-13-26-11 = 0.5,11-28-31-26-11 = 0.5,11-40-33-29-11 = 0.25,11-17-33-29-11 = 0.75,8-23-18-39-21-9 = 0.25,9-30-35-27-9 = 0.25,11-40-17-16-41-14-11 = 0.25,9-15-24-21-9 = 0.75,9-25-20-35-34-9 = 0.5,9-23-27-32-34-9 = 0.25,9-39-23-27-35-9 = 0.25,9-39-23-27-34-9 = 0.25,9-25-30-20-9 = 0.5,11-40-28-13-9 = 0.5,11-12-38-36-8 = 0.25,9-30-39-24-9 = 0.25,9-18-12-32-8 = 0.75
594,592,604.475,5.0,2.294,-2.0,Prune by UB,,8-19-8 = 0.222,9-37-9 = 1.0,11-18-20-35-9 = 0.111,8-22-16-41-14-11 = 0.889,8-22-19-8 = 0.111,8-19-38-36-8 = 0.667,11-31-13-26-11 = 0.444,11-28-31-26-11 = 0.556,11-28-13-11 = 0.222,11-40-33-29-11 = 0.889,8-18-20-35-9 = 0.111,11-12-18-34-9 = 0.111,11-12-27-34-9 = 0.111,11-12-20-35-9 = 0.111,9-30-20-35-9 = 0.667,11-17-27-32-34-9 = 0.667,9-25-13-29-11 = 0.111,9-15-24-21-9 = 1.0,9-39-23-38-36-8 = 0.333,11-12-18-23-8 = 0.667,11-40-33-32-34-9 = 0.111,9-25-28-13-11 = 0.222,9-25-30-39-17-11 = 0.333,9-25-39-27-32-11 = 0.222,9-25-39-16-41-14-11 = 0.111
387,386,603.438,7.667,2.3,4.667,1143,1144,11-14-11 = 0.5,9-37-9 = 0.333,8-22-16-41-11 = 0.333,8-22-19-8 = 0.167,8-19-38-36-8 = 0.833,8-23-12-17-35-9 = 0.167,8-23-12-16-41-11 = 0.167,11-31-13-11 = 0.5,11-28-31-26-11 = 0.5,11-28-13-26-11 = 0.5,11-40-33-29-11 = 1.0,11-22-16-41-14-11 = 0.5,8-23-18-27-8 = 0.333,11-17-27-32-34-9 = 0.5,9-15-21-37-9 = 0.667,9-15-24-21-9 = 0.333,9-25-20-35-34-9 = 0.5,9-23-18-27-9 = 0.167,9-25-30-20-9 = 0.333,9-39-23-38-36-8 = 0.167,9-30-39-24-9 = 0.667,9-25-17-20-35-9 = 0.167,9-39-12-17-35-9 = 0.167,9-18-12-32-8 = 0.5
1143,387,604.511,0.0,1.073,0.0,Prune by CG,,11-14-11 = 0.5,9-37-9 = 0.4,8-22-16-41-11 = 0.3,8-22-19-36-8 = 0.2,8-19-38-36-8 = 0.8,8-23-12-17-32-9 = 0.05,8-23-12-17-35-9 = 0.1,11-31-13-11 = 0.5,11-28-31-26-11 = 0.5,11-28-13-26-11 = 0.5,11-40-33-29-11 = 1.0,8-23-18-27-9 = 0.4,11-22-16-41-14-11 = 0.5,9-15-21-37-9 = 0.6,9-15-24-21-9 = 0.4,9-25-20-35-34-9 = 0.65,9-23-12-17-32-9 = 0.15,9-39-23-27-35-9 = 0.1,9-25-30-20-9 = 0.35,11-17-27-38-8 = 0.2,9-39-12-16-41-11 = 0.2,9-30-39-24-9 = 0.6,9-30-39-23-34-9 = 0.05,8-23-18-17-35-9 = 0.15,11-17-27-32-34-8 = 0.3,9-18-12-32-8 = 0.45,9-39-12-17-32-8 = 0.05
1144,387,603.699,0.0,0.262,0.0,Prune by CG,,11-14-11 = 0.5,9-37-9 = 0.333,8-22-16-41-11 = 0.333,8-22-19-8 = 0.167,8-19-38-36-8 = 0.833,8-23-12-17-32-8 = 0.167,8-23-12-16-41-11 = 0.167,11-31-13-11 = 0.5,11-28-31-26-11 = 0.5,11-28-13-26-11 = 0.5,11-40-33-29-11 = 1.0,11-22-16-41-14-11 = 0.5,8-23-18-27-8 = 0.333,11-17-27-32-34-9 = 0.5,9-15-21-37-9 = 0.667,9-15-24-21-9 = 0.333,9-25-20-35-34-9 = 0.5,9-18-27-35-9 = 0.167,9-18-12-32-9 = 0.167,9-25-30-20-9 = 0.333,9-39-23-38-36-8 = 0.167,9-30-39-24-9 = 0.667,9-25-17-20-35-9 = 0.167,9-39-12-17-35-9 = 0.167,9-18-12-32-8 = 0.167,9-18-12-23-8 = 0.167
834,212,604.271,5.333,1.25,-0.561,Prune by UB,,11-14-11 = 0.5,9-37-9 = 0.333,8-22-16-41-11 = 0.5,8-22-16-41-14-11 = 0.5,8-19-38-36-8 = 1.0,11-31-13-26-11 = 0.5,11-28-31-26-11 = 0.5,11-28-13-11 = 0.5,11-40-33-29-11 = 1.0,9-30-20-35-9 = 0.667,11-17-27-32-34-9 = 1.0,9-15-21-37-9 = 0.667,9-21-39-23-24-9 = 0.333,9-39-23-20-35-9 = 0.333,9-30-39-24-9 = 0.333,9-25-18-12-8 = 1.0,9-15-23-24-9 = 0.333
236,84,604.233,6.409,3.26,-0.091,Prune by UB,,11-14-11 = 0.205,9-37-9 = 0.636,8-19-38-36-8 = 1.0,11-31-13-11 = 0.5,11-28-31-26-11 = 0.5,11-28-13-26-11 = 0.5,11-40-33-29-11 = 0.795,11-22-14-11 = 0.386,11-22-16-17-41-11 = 0.409,11-22-16-41-14-11 = 0.205,11-17-33-29-11 = 0.205,11-12-18-39-9 = 0.182,11-12-18-34-9 = 0.545,11-16-17-20-35-9 = 0.091,11-18-12-32-9 = 0.091,9-30-20-35-9 = 0.455,11-40-17-16-41-14-11 = 0.205,9-15-24-21-9 = 1.0,9-25-30-37-9 = 0.364,9-25-35-27-34-9 = 0.182,9-25-20-35-34-9 = 0.273,9-23-18-17-41-11 = 0.091,9-39-23-27-32-11 = 0.818,9-25-30-20-9 = 0.182,11-18-12-32-11 = 0.091,11-12-23-16-41-11 = 0.091
605,603,604.634,3.0,2.253,-2.625,Prune by UB,,9-37-9 = 1.0,8-19-38-36-8 = 1.0,11-31-13-26-11 = 0.5,11-28-31-26-11 = 0.5,11-40-33-29-11 = 0.5,11-22-16-41-14-11 = 1.0,11-40-28-13-11 = 0.5,9-25-20-35-9 = 1.0,9-15-24-21-9 = 1.0,9-18-27-32-9 = 1.0,11-12-17-33-11 = 0.5,9-30-39-23-34-9 = 1.0,11-12-17-29-11 = 0.5
862,860,604.122,7.0,1.415,1.0,Prune by UB,,9-37-9 = 0.5,8-19-38-36-8 = 1.0,11-31-13-26-11 = 0.5,11-28-31-26-11 = 0.5,11-28-13-11 = 0.5,11-40-33-29-11 = 0.75,11-22-14-11 = 1.0,11-17-33-29-11 = 0.25,11-12-18-39-9 = 0.5,9-30-20-35-9 = 0.5,11-17-27-32-34-9 = 0.5,11-40-17-27-32-11 = 0.25,9-15-24-39-9 = 0.25,9-15-24-21-9 = 0.75,9-21-39-23-16-41-11 = 0.25,9-25-30-37-9 = 0.5,9-25-20-35-34-9 = 0.5,9-23-12-16-41-11 = 0.25,11-12-27-32-11 = 0.25,9-23-18-16-41-11 = 0.5
748,682,604.347,8.833,1.801,-0.367,Prune by UB,,11-14-11 = 0.5,9-15-9 = 0.167,8-36-8 = 0.5,9-37-9 = 1.0,8-22-16-41-14-11 = 0.5,8-22-19-8 = 0.5,8-19-38-36-8 = 0.5,11-31-13-11 = 0.5,11-28-31-26-11 = 0.5,11-28-13-26-11 = 0.5,11-40-33-29-11 = 0.5,11-17-33-29-11 = 0.5,11-12-18-39-9 = 0.25,11-12-18-23-9 = 0.083,11-12-18-34-9 = 0.167,9-30-20-35-9 = 0.75,9-25-20-27-9 = 0.25,9-15-24-21-9 = 0.833,9-21-39-23-38-8 = 0.167,9-25-35-27-34-9 = 0.25,9-18-12-32-9 = 0.5,9-23-27-32-34-9 = 0.333,11-40-17-16-41-11 = 0.5,9-30-39-24-9 = 0.167,9-30-39-23-34-9 = 0.083,9-25-27-32-34-9 = 0.167,9-25-39-23-38-8 = 0.333
103,9,604.339,7.553,5.27,-0.114,Prune by UB,,9-15-9 = 0.5,8-19-8 = 0.711,9-21-9 = 0.829,8-36-8 = 0.145,9-37-9 = 1.0,8-22-16-41-14-11 = 0.855,8-22-19-8 = 0.145,8-19-38-36-8 = 0.145,11-31-13-11 = 0.5,11-28-31-26-11 = 0.5,11-28-13-26-11 = 0.5,11-40-33-29-11 = 0.776,11-17-33-29-11 = 0.224,11-12-18-39-9 = 0.224,9-30-20-35-9 = 0.5,11-17-27-32-34-9 = 0.408,11-40-17-27-34-9 = 0.079,11-40-17-16-41-14-11 = 0.145,9-15-24-21-9 = 0.171,9-25-20-35-34-9 = 0.5,9-15-24-9 = 0.329,9-18-27-34-9 = 0.013,9-18-12-32-9 = 0.592,9-23-12-27-9 = 0.118,9-23-18-27-9 = 0.171,9-39-12-27-9 = 0.066,9-25-30-24-9 = 0.5,11-17-27-38-8 = 0.145,9-39-23-38-36-8 = 0.711
589,552,604.469,6.0,2.151,-0.889,Prune by UB,,9-37-9 = 0.833,8-22-14-11 = 0.5,8-22-16-41-14-11 = 0.5,8-19-38-36-8 = 1.0,11-31-13-26-11 = 0.5,11-28-31-26-11 = 0.5,11-28-13-11 = 0.5,11-40-33-29-11 = 1.0,11-12-17-16-41-11 = 0.5,11-17-20-35-32-9 = 0.5,11-18-12-32-9 = 0.333,9-24-21-37-9 = 0.083,9-30-20-35-9 = 0.25,9-15-21-37-9 = 0.083,9-15-24-39-9 = 0.083,9-15-24-21-9 = 0.833,9-23-18-27-9 = 0.583,9-39-23-27-35-9 = 0.167,9-27-20-35-9 = 0.083,9-25-18-23-34-8 = 0.083,9-25-30-39-34-8 = 0.75,9-23-27-20-9 = 0.167,11-25-12-32-34-8 = 0.167
933,662,604.323,6.0,0.973,0.167,Prune by UB,,9-37-9 = 1.0,8-22-16-41-14-11 = 1.0,8-19-38-36-8 = 1.0,11-31-13-9 = 0.25,11-31-13-26-11 = 0.5,11-28-31-26-11 = 0.25,11-28-29-11 = 0.25,11-28-13-26-11 = 0.25,11-40-33-29-11 = 0.5,11-17-33-32-34-9 = 0.5,9-30-20-35-9 = 0.5,11-40-28-29-11 = 0.25,9-25-20-35-9 = 0.25,9-15-24-21-9 = 1.0,9-25-30-35-9 = 0.25,9-25-18-23-34-9 = 0.25,9-23-18-27-9 = 0.5,9-25-30-20-9 = 0.25,11-40-18-23-34-9 = 0.25,9-39-12-27-8 = 0.5,9-39-12-17-32-8 = 0.5
345,344,604.404,7.0,3.131,-0.333,Prune by UB,,9-37-9 = 1.0,8-19-38-36-8 = 0.5,8-19-12-32-9 = 0.333,8-19-23-12-11 = 0.167,11-31-13-11 = 0.333,11-31-13-26-11 = 0.167,11-28-31-26-11 = 0.5,11-28-13-26-11 = 0.333,11-40-33-29-11 = 0.5,11-22-14-11 = 0.333,11-22-16-41-14-11 = 0.667,11-17-33-29-11 = 0.5,11-40-12-18-9 = 0.333,9-30-20-35-9 = 0.667,11-40-28-13-11 = 0.167,9-15-24-21-9 = 1.0,9-25-20-35-34-9 = 0.333,9-18-27-32-9 = 0.667,9-25-30-39-34-9 = 0.333,9-39-23-38-36-8 = 0.5,9-25-17-27-34-9 = 0.333,9-39-23-17-16-41-11 = 0.167,11-12-23-16-41-11 = 0.167
313,311,604.284,8.062,3.136,0.618,Prune by UB,,11-14-11 = 0.469,9-37-9 = 0.344,11-18-27-32-11 = 0.25,11-18-27-34-9 = 0.188,8-22-19-8 = 0.594,8-19-38-36-8 = 0.406,8-12-20-35-9 = 0.344,8-22-16-17-41-11 = 0.25,11-31-13-26-11 = 0.5,11-28-31-26-11 = 0.5,11-28-13-11 = 0.5,11-40-33-29-11 = 0.625,8-23-18-27-9 = 0.25,11-22-16-41-14-11 = 0.156,11-17-33-29-11 = 0.156,11-16-17-20-35-9 = 0.062,8-23-12-32-34-9 = 0.156,9-30-20-35-9 = 0.344,11-40-17-16-41-14-11 = 0.375,9-15-24-21-9 = 1.0,9-25-30-37-9 = 0.656,9-25-12-32-34-9 = 0.344,9-18-27-34-9 = 0.312,11-41-33-29-11 = 0.219,9-39-23-38-36-8 = 0.594,9-39-20-35-32-8 = 0.25,9-39-12-17-16-8 = 0.156
573,572,604.201,8.75,2.375,1.417,Prune by UB,,11-14-11 = 0.096,8-19-8 = 0.365,9-37-9 = 0.058,8-22-14-11 = 0.673,8-22-19-8 = 0.327,8-19-38-36-8 = 0.308,11-31-13-26-11 = 0.548,11-28-31-26-11 = 0.452,11-28-13-11 = 0.452,11-28-29-11 = 0.096,11-40-33-29-11 = 0.683,8-23-39-20-35-9 = 0.212,11-12-18-39-9 = 0.365,11-12-17-16-41-11 = 0.548,8-23-18-32-34-9 = 0.115,9-30-20-35-9 = 0.519,11-40-17-16-41-14-11 = 0.231,9-15-21-37-9 = 0.462,9-15-24-39-9 = 0.154,9-15-24-21-9 = 0.269,9-21-39-20-35-9 = 0.269,9-25-30-37-9 = 0.481,9-25-18-27-9 = 0.423,9-25-18-23-34-9 = 0.096,9-23-27-32-34-9 = 0.577,11-41-33-29-11 = 0.221,9-15-38-36-8 = 0.115,9-24-38-36-8 = 0.577,11-16-17-33-32-8 = 0.096,11-40-12-32-34-8 = 0.087,11-16-17-32-34-8 = 0.125
848,815,604.548,4.0,1.476,-1.0,Prune by UB,,11-14-11 = 0.5,9-37-9 = 0.667,8-22-19-36-8 = 1.0,11-31-13-26-11 = 0.5,11-28-31-14-11 = 0.5,11-28-13-26-11 = 0.5,11-40-33-29-11 = 1.0,11-12-17-16-41-11 = 1.0,9-30-20-35-9 = 0.667,9-25-20-35-32-9 = 0.333,9-15-24-21-9 = 1.0,9-25-30-37-9 = 0.333,9-25-18-27-9 = 0.333,9-18-27-32-9 = 0.667,9-39-23-38-34-9 = 1.0
629,285,604.347,5.667,1.688,0.333,Prune by UB,,9-37-9 = 0.833,8-22-14-11 = 0.5,8-22-16-41-14-11 = 0.5,8-19-38-36-8 = 1.0,11-31-13-26-11 = 0.5,11-28-31-26-11 = 0.5,11-28-13-11 = 0.5,11-40-33-29-11 = 1.0,11-12-18-23-9 = 0.167,11-12-27-35-9 = 0.167,11-12-27-32-9 = 0.667,11-16-17-20-35-9 = 0.333,11-16-17-27-32-9 = 0.167,9-24-20-35-9 = 0.167,9-30-20-35-9 = 0.167,9-15-21-37-9 = 0.167,9-15-24-21-9 = 0.833,9-23-18-17-41-11 = 0.5,9-23-18-20-9 = 0.333,9-25-30-39-34-8 = 0.833,9-25-39-35-32-34-8 = 0.167
300,297,604.401,7.0,3.411,-0.0,Prune by UB,,9-37-9 = 0.5,8-22-14-11 = 0.5,8-22-16-41-14-11 = 0.5,8-19-38-36-8 = 1.0,11-31-13-26-11 = 0.5,11-28-31-26-11 = 0.5,11-28-13-11 = 0.5,11-40-33-29-11 = 1.0,11-12-18-35-9 = 0.5,11-12-27-34-9 = 0.5,9-30-20-35-9 = 0.5,9-25-37-9 = 0.5,9-15-24-21-9 = 1.0,9-25-18-23-39-9 = 0.5,11-17-27-32-34-8 = 0.5,9-39-23-17-16-41-11 = 0.5,9-30-20-32-8 = 0.5
143,21,604.604,6.731,4.604,-0.919,Prune by UB,,8-19-8 = 1.0,8-36-8 = 0.519,9-37-9 = 1.0,8-22-14-11 = 0.212,8-22-16-41-14-11 = 0.788,11-31-13-11 = 0.5,11-28-31-26-11 = 0.5,11-28-13-26-11 = 0.5,11-40-33-29-11 = 1.0,8-23-18-27-9 = 0.192,8-18-12-32-8 = 0.577,11-12-18-39-9 = 0.019,11-12-17-16-41-11 = 0.212,9-30-20-35-9 = 0.5,11-17-27-32-34-9 = 0.404,9-15-24-39-9 = 0.135,9-15-24-21-9 = 0.75,9-25-30-39-21-9 = 0.25,9-25-35-27-32-9 = 0.019,9-25-20-35-34-9 = 0.481,9-25-30-20-9 = 0.019,9-25-30-39-34-9 = 0.115,9-25-30-24-9 = 0.115,9-15-23-38-8 = 0.115,11-17-27-38-8 = 0.385,9-39-23-38-36-8 = 0.481,11-12-18-23-8 = 0.192,9-18-23-38-8 = 0.019
1038,739,604.394,8.5,1.032,0.167,Prune by UB,,8-19-8 = 0.25,9-37-9 = 0.75,8-22-19-8 = 0.5,8-19-38-36-8 = 0.25,11-31-13-26-11 = 0.5,11-28-31-26-11 = 0.5,11-28-13-11 = 0.5,11-40-33-29-11 = 0.5,11-22-16-41-14-11 = 0.5,11-17-33-29-11 = 0.5,8-18-12-32-11 = 0.5,8-18-27-34-9 = 0.25,11-12-27-35-9 = 0.25,11-12-27-32-9 = 0.25,9-30-35-27-9 = 0.25,11-40-17-16-41-14-11 = 0.5,9-15-21-37-9 = 0.25,9-15-24-21-9 = 0.75,9-25-20-35-34-9 = 0.5,9-25-30-20-9 = 0.5,9-39-23-38-36-8 = 0.75,9-30-39-24-9 = 0.25,8-23-18-32-34-8 = 0.25
530,379,604.392,7.0,2.318,0.208,Prune by UB,,9-37-9 = 1.0,8-22-14-11 = 0.167,8-22-14-29-11 = 0.167,8-22-19-8 = 0.667,8-19-38-36-8 = 0.333,8-12-27-34-9 = 0.333,11-31-13-26-11 = 0.167,11-28-31-26-11 = 0.5,11-28-13-26-11 = 0.333,11-40-33-29-11 = 0.333,8-23-18-27-9 = 0.333,11-16-17-27-32-9 = 0.333,9-30-20-35-9 = 0.667,11-40-28-13-11 = 0.167,11-40-17-16-41-14-11 = 0.5,9-15-24-21-9 = 1.0,9-25-20-35-34-9 = 0.333,9-18-12-32-9 = 0.333,9-25-30-39-34-9 = 0.333,11-41-33-29-11 = 0.5,11-16-17-33-14-11 = 0.167,9-39-23-38-36-8 = 0.667,9-18-12-32-8 = 0.333,9-25-31-13-9 = 0.333
944,491,604.282,7.905,1.092,0.952,Prune by UB,,9-15-9 = 0.095,11-26-11 = 0.071,9-37-9 = 0.952,11-18-23-39-21-9 = 0.048,8-22-16-41-14-11 = 0.571,8-22-19-36-8 = 0.429,8-19-38-36-8 = 0.571,8-23-27-32-34-8 = 0.429,11-31-13-11 = 0.071,11-31-13-26-11 = 0.429,11-28-31-26-11 = 0.5,11-28-13-11 = 0.5,11-40-33-29-11 = 0.571,11-17-33-29-11 = 0.429,11-12-18-17-11 = 0.095,11-12-18-39-9 = 0.333,11-12-18-23-9 = 0.524,11-40-17-16-41-14-11 = 0.429,9-25-20-35-32-11 = 0.286,9-15-21-37-9 = 0.048,9-15-24-21-9 = 0.857,9-21-39-12-17-11 = 0.048,9-25-20-35-34-9 = 0.286,9-25-30-20-9 = 0.429,9-39-27-38-8 = 0.429,9-30-35-32-34-9 = 0.286,9-30-39-24-9 = 0.143,9-30-35-27-8 = 0.143
670,667,604.271,7.583,1.742,1.083,Prune by UB,,9-37-9 = 1.0,8-22-16-41-14-11 = 0.708,8-22-19-8 = 0.292,8-19-38-36-8 = 0.708,8-36-38-34-9 = 0.167,11-31-13-9 = 0.083,11-31-13-26-11 = 0.417,11-28-31-26-11 = 0.5,11-28-13-26-11 = 0.083,11-40-33-29-11 = 0.292,8-23-39-20-35-9 = 0.125,11-17-33-29-11 = 0.708,9-30-20-35-9 = 0.542,11-40-17-16-41-14-11 = 0.292,9-15-24-21-9 = 0.542,9-25-30-39-21-9 = 0.458,9-25-18-23-34-9 = 0.458,9-15-24-9 = 0.458,9-39-23-27-32-9 = 0.125,9-39-23-27-34-9 = 0.292,11-40-28-13-9 = 0.417,11-12-38-36-8 = 0.125,11-18-12-32-8 = 0.083,9-27-20-35-9 = 0.333,9-18-12-32-8 = 0.458,9-12-27-32-8 = 0.25,9-25-12-32-34-8 = 0.083
647,414,604.952,3.0,2.434,-3.5,Prune by UB,,9-37-9 = 1.0,8-22-14-11 = 0.25,8-22-16-41-14-11 = 0.25,8-19-16-41-14-11 = 0.5,11-31-13-26-11 = 0.5,11-28-31-26-11 = 0.5,11-28-13-11 = 0.5,11-40-33-29-11 = 1.0,11-17-27-32-34-9 = 1.0,9-15-24-21-9 = 1.0,9-25-30-20-9 = 1.0,11-22-19-16-11 = 0.25,11-22-19-41-11 = 0.25,9-39-23-38-36-8 = 1.0,9-18-12-35-9 = 1.0
859,62,604.387,7.0,1.426,0.368,Prune by UB,,11-14-11 = 0.4,9-37-9 = 0.3,8-19-38-36-8 = 1.0,11-31-13-26-11 = 0.5,11-28-31-26-11 = 0.5,11-28-13-11 = 0.5,11-40-33-29-11 = 1.0,11-22-14-11 = 0.5,11-22-16-17-41-11 = 0.4,11-22-16-41-14-11 = 0.1,11-12-18-23-9 = 0.1,11-16-17-27-32-11 = 0.1,9-24-21-37-9 = 0.3,9-30-20-35-9 = 0.9,11-17-27-32-34-9 = 0.4,9-15-21-37-9 = 0.3,9-15-24-39-9 = 0.3,9-15-24-21-9 = 0.4,9-25-30-37-9 = 0.1,9-25-18-23-34-9 = 0.6,9-25-18-23-39-9 = 0.2,9-25-18-17-41-11 = 0.1,9-39-23-20-35-9 = 0.1,9-39-12-16-41-11 = 0.4,11-12-27-32-11 = 0.5
961,508,604.708,2.0,1.121,-2.0,Prune by UB,,11-26-11 = 0.5,8-22-16-41-14-11 = 1.0,8-19-38-36-8 = 1.0,11-31-13-11 = 0.5,11-28-31-26-11 = 0.5,11-28-13-11 = 0.5,11-40-33-29-11 = 1.0,9-30-20-35-9 = 1.0,11-17-27-32-34-9 = 1.0,9-15-21-37-9 = 1.0,9-15-24-39-9 = 0.0,9-21-24-39-34-9 = -0.0,9-25-39-23-24-9 = -0.0,9-18-12-23-8 = 1.0,9-25-18-23-21-9 = 0.0,9-25-39-24-9 = 1.0
611,480,604.568,5.333,2.107,-0.667,Prune by UB,,8-19-8 = 0.333,9-37-9 = 1.0,8-22-16-41-14-11 = 1.0,8-19-38-36-8 = 0.667,11-31-13-26-11 = 0.5,11-28-31-26-11 = 0.5,11-17-33-29-11 = 1.0,11-40-12-18-9 = 0.5,9-30-35-27-9 = 0.333,9-30-12-32-9 = 0.167,9-15-24-21-9 = 1.0,9-25-20-35-34-9 = 0.667,9-18-27-34-9 = 0.167,9-18-12-32-9 = 0.333,9-25-30-20-9 = 0.333,9-39-23-38-36-8 = 0.333,11-40-28-13-9 = 0.5,9-39-23-27-32-8 = 0.5,9-30-39-23-34-8 = 0.167
791,460,604.422,5.364,1.562,0.364,Prune by UB,,11-14-11 = 0.045,9-15-9 = 0.091,9-37-9 = 1.0,8-22-16-41-11 = 0.045,8-22-16-41-14-11 = 0.955,8-19-38-36-8 = 1.0,11-31-13-26-11 = 0.5,11-28-31-26-11 = 0.5,11-28-13-11 = 0.5,11-40-33-29-11 = 0.545,11-17-33-29-11 = 0.455,11-12-18-17-11 = 0.091,11-12-18-23-9 = 0.909,9-30-20-35-9 = 0.545,11-40-17-20-35-9 = 0.455,9-15-24-39-9 = 0.182,9-15-24-21-9 = 0.727,9-21-39-27-32-11 = 0.273,9-39-23-27-32-11 = 0.091,9-30-39-24-9 = 0.091,9-25-30-39-34-8 = 0.364,9-25-27-32-34-8 = 0.636
950,845,604.355,5.0,1.234,1.0,Prune by UB,,8-19-8 = 0.5,8-22-16-41-14-11 = 1.0,8-19-38-36-8 = 0.5,11-31-13-11 = 0.5,11-28-31-26-11 = 0.5,11-28-13-26-11 = 0.5,11-40-33-29-11 = 0.5,11-17-33-29-11 = 0.5,9-30-20-35-9 = 1.0,11-40-17-27-32-11 = 0.5,9-15-24-39-9 = 1.0,9-21-37-9 = 1.0,9-25-18-23-34-9 = 1.0,11-12-38-36-8 = 0.5,11-12-27-32-8 = 0.5
591,284,604.472,7.061,2.424,0.061,Prune by UB,,8-36-8 = 0.121,9-37-9 = 0.545,8-22-14-11 = 0.879,8-22-19-8 = 0.121,8-19-38-36-8 = 0.879,11-31-13-26-11 = 0.409,11-28-31-26-11 = 0.591,11-40-33-29-11 = 0.697,11-12-18-39-9 = 0.227,11-41-27-32-34-9 = 0.182,11-16-27-32-34-9 = 0.424,11-16-17-20-35-9 = 0.197,11-12-17-16-41-11 = 0.197,11-16-17-27-34-9 = 0.061,9-24-21-37-9 = 0.227,9-30-20-35-9 = 0.803,11-17-27-32-34-9 = 0.03,11-40-17-16-41-14-11 = 0.121,9-25-13-29-11 = 0.182,9-15-21-37-9 = 0.227,9-15-24-39-9 = 0.348,9-15-24-21-9 = 0.424,9-21-39-23-38-8 = 0.121,9-39-23-27-34-9 = 0.121,11-41-33-29-11 = 0.106,11-12-18-23-8 = 0.576,11-40-33-32-34-9 = 0.182,9-25-18-17-41-11 = 0.197,9-25-30-17-41-11 = 0.197,9-25-33-29-11 = 0.015,9-25-28-13-11 = 0.409,9-39-23-27-32-8 = 0.182
919,668,604.508,6.0,1.284,0.053,Prune by UB,,9-37-9 = 1.0,8-22-16-41-14-11 = 1.0,8-19-38-36-8 = 1.0,11-31-13-9 = 0.25,11-31-13-26-11 = 0.5,11-28-31-26-11 = 0.25,11-28-29-11 = 0.5,11-28-13-26-11 = 0.25,11-40-33-29-11 = 0.5,9-30-20-35-9 = 0.75,9-25-20-35-9 = 0.25,9-15-24-39-9 = 0.25,9-15-24-21-9 = 0.75,9-25-30-39-21-9 = 0.25,9-23-18-27-9 = 0.5,9-39-23-27-34-9 = 0.5,11-40-33-32-34-9 = 0.5,11-12-18-17-8 = 0.25,9-25-12-17-32-8 = 0.5,9-18-12-17-8 = 0.25
613,338,604.546,8.5,2.234,-0.1,Prune by UB,,11-14-11 = 0.25,9-37-9 = 0.5,8-19-38-36-8 = 1.0,8-23-27-32-34-9 = 0.5,8-23-12-27-8 = 0.5,11-31-13-26-11 = 0.5,11-28-31-26-11 = 0.5,11-28-13-11 = 0.5,11-40-33-29-11 = 0.75,11-22-14-11 = 0.25,11-22-16-17-41-11 = 0.5,11-22-16-41-14-11 = 0.25,11-17-33-29-11 = 0.25,9-30-18-39-9 = 0.5,11-40-17-16-41-14-11 = 0.25,9-25-20-35-9 = 0.5,9-15-21-37-9 = 0.5,9-15-24-21-9 = 0.5,9-25-20-35-34-9 = 0.5,9-30-39-24-9 = 0.5,9-18-12-32-8 = 0.5
929,874,604.459,8.167,1.348,0.833,Prune by UB,,8-19-8 = 0.417,9-37-9 = 0.5,11-18-27-36-8 = 0.083,11-18-27-32-8 = 0.042,11-18-27-32-11 = 0.25,8-22-14-11 = 0.375,8-22-16-41-14-11 = 0.625,8-19-38-36-8 = 0.583,11-31-13-26-11 = 0.5,11-28-31-26-11 = 0.5,11-28-13-11 = 0.5,11-40-33-29-11 = 1.0,11-12-18-21-9 = 0.167,11-17-27-32-34-9 = 0.542,9-15-21-37-9 = 0.5,9-15-24-21-9 = 0.333,9-15-30-35-9 = 0.167,9-25-20-35-34-9 = 0.458,9-23-12-16-41-11 = 0.375,9-25-30-20-9 = 0.167,11-17-27-38-8 = 0.083,9-39-23-38-36-8 = 0.333,11-12-18-23-8 = 0.292,11-18-12-32-8 = 0.167,9-30-39-24-9 = 0.667,9-25-17-20-35-9 = 0.375
843,819,604.557,7.0,1.681,0.333,Prune by UB,,11-14-11 = 0.5,9-37-9 = 0.333,8-19-38-36-8 = 1.0,11-31-13-26-11 = 0.5,11-28-31-26-11 = 0.5,11-28-13-11 = 0.5,11-40-33-29-11 = 1.0,11-22-16-41-14-11 = 0.5,9-15-21-37-9 = 0.667,9-15-24-21-9 = 0.333,9-25-20-35-34-9 = 0.5,9-18-27-35-9 = 0.5,9-18-27-34-9 = 0.333,9-23-12-17-32-9 = 0.833,9-39-23-27-34-9 = 0.167,9-25-30-20-9 = 0.5,9-39-12-17-32-9 = 0.167,9-30-39-24-9 = 0.5,11-22-16-41-11 = 0.5,9-18-39-24-9 = 0.167
963,867,604.686,8.875,1.462,-0.516,Prune by UB,,9-15-9 = 0.25,8-19-8 = 0.25,9-21-9 = 0.188,8-36-8 = 0.5,9-37-9 = 1.0,11-18-23-38-8 = 0.438,8-22-14-11 = 0.5,8-22-19-8 = 0.25,8-19-38-36-8 = 0.5,11-31-13-11 = 0.5,11-28-31-26-11 = 0.5,11-28-13-26-11 = 0.5,11-40-33-29-11 = 0.75,11-22-16-41-14-11 = 0.25,11-17-33-29-11 = 0.25,11-12-17-16-41-11 = 0.5,11-12-39-24-9 = 0.062,9-30-20-35-9 = 0.562,11-40-17-16-41-14-11 = 0.25,9-15-24-21-9 = 0.75,9-21-39-23-38-8 = 0.062,9-25-12-32-34-9 = 0.312,9-25-20-35-34-9 = 0.438,9-18-27-32-9 = 0.375,9-23-18-27-9 = 0.188,9-39-12-27-9 = 0.125,9-39-23-27-32-9 = 0.312,9-25-30-39-34-9 = 0.25,9-30-39-24-9 = 0.188
842,840,604.299,8.0,1.893,2.333,Prune by UB,,8-19-8 = 0.4,9-37-9 = 0.4,8-22-14-11 = 0.55,8-22-16-41-14-11 = 0.45,8-19-38-36-8 = 0.6,11-31-13-26-11 = 0.5,11-28-31-26-11 = 0.5,11-28-13-11 = 0.5,11-40-33-29-11 = 1.0,11-16-17-20-35-9 = 0.4,11-17-20-35-34-8 = 0.05,9-30-20-35-9 = 0.3,11-17-27-32-34-9 = 0.15,9-15-24-39-9 = 0.25,9-15-24-21-9 = 0.75,9-21-39-20-35-9 = 0.25,9-25-30-37-9 = 0.6,9-25-18-23-34-9 = 0.3,9-25-30-39-34-9 = 0.1,9-39-23-38-36-8 = 0.4,11-12-18-23-8 = 0.15,11-18-12-32-11 = 0.4,11-12-27-32-11 = 0.05,11-17-27-32-34-8 = 0.4,11-12-27-41-11 = 0.4,9-23-18-16-41-11 = 0.15
898,761,604.802,4.444,1.823,-1.222,Prune by UB,,9-37-9 = 0.667,11-18-27-32-9 = 0.389,11-18-27-34-9 = 0.056,8-19-38-36-8 = 1.0,11-28-31-26-11 = 0.5,11-28-13-26-11 = 0.5,11-40-33-29-11 = 1.0,11-22-14-11 = 1.0,11-41-27-32-34-9 = 0.056,11-31-13-32-9 = 0.5,9-24-21-37-9 = 0.056,9-30-20-35-9 = 0.778,9-15-21-37-9 = 0.056,9-15-24-39-9 = 0.056,9-15-24-21-9 = 0.889,9-25-30-37-9 = 0.222,9-25-18-23-34-9 = 0.167,9-25-18-23-39-9 = 0.389,9-25-20-35-34-9 = 0.222,9-12-17-16-41-11 = 0.944,9-39-27-32-34-9 = 0.056,9-39-23-27-34-9 = 0.444,9-39-12-17-16-11 = 0.056
281,186,604.504,8.9,3.551,0.9,Prune by UB,,11-14-11 = 0.2,9-37-9 = 0.5,8-22-19-8 = 0.5,8-19-38-36-8 = 0.5,8-23-27-32-34-9 = 0.05,11-31-13-26-11 = 0.5,11-28-31-26-11 = 0.5,11-28-13-11 = 0.2,11-40-33-29-11 = 0.7,8-23-18-27-9 = 0.4,11-22-14-11 = 0.5,11-12-17-16-41-11 = 0.7,8-18-27-32-8 = 0.5,8-23-18-32-34-9 = 0.05,11-40-28-13-11 = 0.3,9-25-20-35-32-9 = 0.1,9-15-21-37-9 = 0.5,9-15-24-21-9 = 0.5,9-25-20-35-34-9 = 0.65,9-18-27-32-9 = 0.05,9-25-30-20-9 = 0.25,11-41-33-29-11 = 0.3,9-39-23-38-36-8 = 0.5,9-30-35-32-34-9 = 0.25,9-30-39-24-9 = 0.5,11-12-17-16-14-11 = 0.3
588,173,604.088,8.0,1.341,4.0,Prune by UB,,8-19-8 = 0.1,8-36-8 = 0.1,9-37-9 = 0.6,11-18-27-32-8 = 0.7,8-22-14-11 = 0.3,8-22-16-41-14-11 = 0.5,8-22-16-38-8 = 0.1,8-22-19-8 = 0.1,8-19-38-36-8 = 0.8,11-31-13-11 = 0.4,11-31-13-26-11 = 0.1,11-28-31-26-11 = 0.5,11-28-13-26-11 = 0.4,11-40-33-29-11 = 0.7,11-17-33-29-11 = 0.3,11-12-18-23-9 = 0.3,11-12-27-32-9 = 0.1,11-16-17-27-32-11 = 0.2,9-30-12-23-9 = 0.3,11-40-28-13-11 = 0.1,11-40-17-16-41-14-11 = 0.2,9-25-20-35-9 = 0.4,9-15-21-37-9 = 0.4,9-15-24-21-9 = 0.6,9-25-20-35-34-9 = 0.6,9-39-12-17-41-11 = 0.3,9-24-38-36-8 = 0.1,9-30-39-24-9 = 0.3,9-30-39-23-34-9 = 0.4
875,756,604.617,6.444,1.709,0.378,Prune by UB,,11-14-11 = 0.167,9-37-9 = 0.889,8-22-16-41-11 = 0.167,8-22-16-41-14-11 = 0.833,8-19-38-36-8 = 1.0,11-31-13-26-11 = 0.5,11-28-31-26-11 = 0.5,11-28-13-11 = 0.5,11-40-33-29-11 = 0.333,11-17-33-29-11 = 0.667,11-12-27-32-9 = 0.667,11-40-12-18-9 = 0.333,9-30-20-35-9 = 0.556,11-40-17-27-32-11 = 0.333,9-15-21-37-9 = 0.111,9-15-24-39-9 = 0.444,9-15-24-21-9 = 0.444,9-21-39-20-35-9 = 0.444,9-30-39-24-9 = 0.111,9-25-30-23-34-8 = 0.333,9-25-18-23-34-8 = 0.667
685,684,604.678,7.611,2.254,-0.056,Prune by UB,,8-19-8 = 0.146,8-36-8 = 0.021,9-37-9 = 0.41,11-18-20-35-9 = 0.104,11-18-23-38-8 = 0.396,8-22-14-11 = 0.75,8-22-19-8 = 0.25,8-19-38-36-8 = 0.604,11-31-13-11 = 0.5,11-28-31-26-11 = 0.5,11-28-13-26-11 = 0.5,11-40-33-29-11 = 0.75,11-16-27-32-34-9 = 0.229,11-16-17-20-35-9 = 0.25,8-23-18-17-41-11 = 0.229,9-30-20-35-9 = 0.41,11-40-17-16-41-14-11 = 0.25,9-15-24-21-9 = 1.0,9-25-30-37-9 = 0.59,9-25-35-27-34-9 = 0.028,9-25-12-32-34-9 = 0.007,9-12-27-34-9 = 0.153,9-39-27-32-34-9 = 0.326,9-39-12-27-9 = 0.236,9-39-12-32-34-9 = 0.229,11-41-33-29-11 = 0.25,11-18-17-16-41-11 = 0.271,9-39-20-35-32-8 = 0.208,9-25-12-23-36-8 = 0.375,9-20-27-34-9 = 0.028
129,86,604.599,8.5,5.008,0.5,Prune by UB,,8-19-8 = 0.5,9-37-9 = 0.5,8-22-14-11 = 0.25,8-22-16-41-14-11 = 0.75,8-19-38-36-8 = 0.5,11-31-13-26-11 = 0.5,11-28-31-26-11 = 0.5,11-28-13-11 = 0.5,11-40-33-29-11 = 0.75,11-16-17-20-35-9 = 0.25,11-12-17-20-9 = 0.5,11-40-17-20-35-9 = 0.25,9-15-21-37-9 = 0.25,9-15-24-21-9 = 0.75,9-25-30-35-34-9 = 0.25,9-25-30-37-9 = 0.25,9-25-35-27-34-9 = 0.25,9-18-27-32-11 = 0.5,9-23-27-32-34-9 = 0.25,9-25-30-39-34-9 = 0.25,11-41-33-29-11 = 0.25,9-39-23-38-36-8 = 0.5,11-12-18-23-8 = 0.25,11-18-12-32-8 = 0.25,9-30-39-24-9 = 0.25
167,144,604.77,7.767,4.589,-0.493,Prune by UB,,8-36-8 = 0.15,9-37-9 = 1.0,8-22-16-41-14-11 = 0.6,8-22-19-8 = 0.4,8-19-38-36-8 = 0.6,8-23-12-27-8 = 0.15,8-23-12-17-16-8 = 0.05,8-23-12-17-32-8 = 0.05,11-31-13-26-11 = 0.5,11-28-31-26-11 = 0.333,11-28-31-14-11 = 0.167,11-28-13-26-11 = 0.167,11-40-33-29-11 = 0.433,11-17-33-29-11 = 0.4,8-18-12-32-8 = 0.5,8-23-18-27-8 = 0.5,9-30-20-35-9 = 0.5,11-40-17-16-41-14-11 = 0.233,9-15-24-39-9 = 0.083,9-15-24-21-9 = 0.917,9-25-30-39-21-9 = 0.083,9-25-20-35-34-9 = 0.417,9-39-12-32-34-9 = 0.25,9-25-30-20-9 = 0.083,9-25-30-39-34-9 = 0.333,11-41-33-29-11 = 0.167,11-17-27-38-8 = 0.15,9-39-23-38-36-8 = 0.25,11-40-28-13-9 = 0.333,11-16-17-27-32-8 = 0.117,9-25-35-27-32-8 = 0.083
240,18,604.497,7.0,3.6,1.167,Prune by UB,,11-14-11 = 0.333,9-37-9 = 0.5,8-19-38-36-8 = 1.0,11-31-13-11 = 0.5,11-28-31-26-11 = 0.5,11-28-13-26-11 = 0.5,11-40-33-29-11 = 0.667,11-22-14-11 = 0.333,11-22-16-17-41-11 = 0.5,11-22-16-41-14-11 = 0.167,11-17-33-29-11 = 0.333,11-12-18-39-9 = 0.167,9-30-20-35-9 = 0.5,11-40-17-16-41-14-11 = 0.167,9-25-20-35-32-11 = 0.167,9-15-24-21-9 = 1.0,9-25-30-37-9 = 0.5,9-25-20-35-34-9 = 0.333,9-23-18-27-9 = 0.167,9-39-23-27-32-9 = 0.167,9-39-23-27-34-9 = 0.667,11-40-12-16-41-11 = 0.167,11-18-12-32-11 = 0.667
270,268,604.585,7.0,4.172,0.75,Prune by UB,,9-37-9 = 0.5,8-22-14-11 = 0.5,8-22-16-41-14-11 = 0.5,8-19-38-36-8 = 1.0,11-31-13-26-11 = 0.5,11-28-31-26-11 = 0.5,11-28-13-11 = 0.5,11-40-33-29-11 = 0.5,11-17-33-29-11 = 0.5,11-12-18-23-9 = 0.5,11-12-17-16-41-11 = 0.5,9-30-20-35-9 = 1.0,9-15-24-34-9 = 0.5,9-15-24-21-9 = 0.5,9-21-37-9 = 0.5,11-40-18-23-34-9 = 0.5,9-25-39-27-32-8 = 1.0
895,894,604.615,6.0,1.653,0.667,Prune by UB,,11-26-11 = 0.5,9-37-9 = 0.667,8-19-38-36-8 = 1.0,11-31-13-26-11 = 0.5,11-22-16-41-14-11 = 1.0,11-17-33-29-11 = 1.0,11-40-28-13-11 = 0.5,11-40-28-31-11 = 0.5,9-15-24-21-9 = 0.667,9-21-39-20-35-9 = 0.333,9-25-30-37-9 = 0.333,9-25-30-15-9 = 0.333,9-18-12-32-9 = 0.667,9-12-27-34-9 = 0.333,9-23-27-32-34-9 = 0.333,9-23-18-27-9 = 0.333,9-25-30-24-9 = 0.333,9-39-23-20-35-9 = 0.333,9-39-20-35-34-9 = 0.333
861,860,604.719,6.0,2.012,0.0,Prune by UB,,9-37-9 = 0.5,8-19-38-36-8 = 1.0,11-31-13-26-11 = 0.5,11-28-31-26-11 = 0.5,11-28-13-11 = 0.5,11-40-33-29-11 = 1.0,11-22-14-11 = 1.0,11-12-18-39-9 = 0.5,11-41-27-32-34-9 = 0.5,9-30-20-35-9 = 0.5,9-15-24-21-9 = 1.0,9-25-30-37-9 = 0.5,9-25-20-35-34-9 = 0.5,9-23-18-17-16-11 = 0.5,11-12-27-32-11 = 0.5,9-39-23-17-16-41-11 = 0.5
825,507,604.728,5.0,1.6,0.0,Prune by UB,,11-26-11 = 0.5,9-37-9 = 0.333,8-22-16-41-14-11 = 1.0,8-19-38-36-8 = 1.0,11-31-13-11 = 0.5,11-28-31-26-11 = 0.5,11-28-13-11 = 0.5,11-40-33-29-11 = 1.0,9-24-21-37-9 = 0.167,9-30-20-35-9 = 1.0,9-15-21-37-9 = 0.5,9-15-24-39-9 = 0.333,9-15-24-21-9 = 0.167,9-25-12-23-39-9 = 0.5,9-25-18-39-21-9 = 0.167,9-18-12-23-9 = 0.5,11-17-27-32-34-8 = 1.0,9-25-18-24-9 = 0.333
365,298,604.803,7.0,3.291,-0.375,Prune by UB,,8-19-8 = 0.857,8-22-14-11 = 0.429,8-22-16-41-14-11 = 0.5,8-22-19-8 = 0.071,8-19-38-36-8 = 0.071,11-31-13-11 = 0.5,11-28-31-26-11 = 0.5,11-28-13-26-11 = 0.5,11-40-33-29-11 = 0.929,11-17-33-29-11 = 0.071,11-12-18-23-9 = 0.071,11-12-27-32-9 = 0.143,11-12-27-34-9 = 0.357,11-16-17-27-32-11 = 0.071,8-23-18-27-8 = 0.071,11-18-12-32-9 = 0.429,9-24-20-35-9 = 1.0,11-17-27-32-34-9 = 0.357,11-40-17-16-41-14-11 = 0.071,9-15-21-37-9 = 0.643,9-25-30-37-9 = 0.357,9-25-30-39-21-9 = 0.357,9-25-30-23-34-9 = 0.214,9-23-18-17-41-11 = 0.071,9-25-30-39-34-9 = 0.071,9-15-38-36-8 = 0.357,9-39-23-38-36-8 = 0.571,9-18-17-16-41-11 = 0.357
643,330,604.734,4.0,2.014,0.143,Prune by UB,,9-37-9 = 1.0,8-22-14-11 = 0.5,8-22-16-41-14-11 = 0.5,8-19-38-36-8 = 1.0,11-31-13-26-11 = 0.5,11-28-31-26-11 = 0.5,11-17-33-29-11 = 1.0,9-30-20-35-9 = 1.0,11-40-28-13-11 = 0.5,9-15-24-21-9 = 1.0,9-25-18-23-39-9 = 1.0,11-12-27-41-11 = 0.5,11-16-27-32-34-8 = 0.5,11-40-12-32-34-8 = 0.5
735,276,604.542,6.0,1.977,1.667,Prune by UB,,11-14-11 = 0.333,9-37-9 = 0.667,8-22-14-11 = 0.083,8-22-16-41-14-11 = 0.583,8-19-38-36-8 = 1.0,8-22-16-17-41-11 = 0.333,11-31-13-11 = 0.5,11-28-31-26-11 = 0.5,11-28-13-26-11 = 0.5,11-40-33-29-11 = 0.667,11-17-33-29-11 = 0.333,11-12-27-32-9 = 0.333,11-12-27-34-9 = 0.333,9-24-21-37-9 = 0.167,11-17-27-32-34-9 = 0.167,9-15-21-37-9 = 0.167,9-15-24-34-9 = 0.167,9-15-24-21-9 = 0.667,9-39-23-27-32-11 = 0.083,11-40-12-32-34-9 = 0.333,9-18-20-35-9 = 1.0,9-25-30-39-23-8 = 0.917,9-30-17-16-41-11 = 0.083,9-25-17-27-32-8 = 0.083
303,244,604.769,6.0,3.747,0.0,Prune by UB,,9-37-9 = 0.5,8-22-19-36-8 = 0.5,8-19-38-36-8 = 0.5,11-31-13-11 = 0.5,11-28-31-26-11 = 0.5,11-28-13-26-11 = 0.5,11-40-33-29-11 = 1.0,11-22-14-11 = 0.5,11-16-17-27-32-9 = 1.0,9-30-20-35-9 = 1.0,9-25-37-9 = 0.5,9-15-24-21-9 = 1.0,9-25-18-23-34-9 = 0.5,9-39-23-38-34-9 = 0.5,9-39-12-41-14-11 = 0.5,9-18-12-41-11 = 0.5
52,34,605.033,5.0,6.954,-1.667,Prune by UB,,9-37-9 = 1.0,8-19-38-36-8 = 1.0,11-31-13-11 = 0.5,11-28-31-26-11 = 0.5,11-28-13-26-11 = 0.5,11-40-33-29-11 = 0.75,11-22-14-11 = 0.25,11-22-16-41-14-11 = 0.75,11-17-20-35-32-11 = 0.5,11-16-17-20-35-9 = 0.25,11-40-17-20-35-9 = 0.25,9-15-24-21-9 = 1.0,9-18-27-32-11 = 0.5,9-18-12-23-9 = 0.5,9-23-12-27-9 = 0.5,9-25-30-39-34-9 = 1.0,11-41-33-29-11 = 0.25
713,712,604.731,9.5,2.708,0.364,Prune by UB,,8-19-8 = 0.5,9-37-9 = 0.5,11-18-27-34-9 = 0.25,8-22-16-41-14-11 = 0.5,8-22-19-8 = 0.5,8-12-27-32-9 = 0.25,8-23-27-32-34-9 = 0.25,11-31-13-11 = 0.5,11-28-31-26-11 = 0.5,11-28-13-26-11 = 0.5,11-40-33-29-11 = 0.5,11-17-33-29-11 = 0.5,11-12-18-35-9 = 0.25,11-12-18-34-9 = 0.5,9-30-35-27-9 = 0.25,11-40-17-16-41-14-11 = 0.5,9-25-20-35-32-11 = 0.5,9-15-21-37-9 = 0.5,9-15-24-21-9 = 0.5,9-25-30-20-9 = 0.5,9-39-23-38-36-8 = 0.75,9-24-38-36-8 = 0.25,9-30-39-24-9 = 0.25
208,205,604.665,7.333,5.123,0.889,Prune by UB,,11-14-11 = 0.5,9-37-9 = 0.333,8-22-16-41-11 = 0.5,8-22-16-41-14-11 = 0.5,8-19-38-36-8 = 1.0,11-31-13-11 = 0.5,11-28-31-26-11 = 0.5,11-28-13-26-11 = 0.5,11-40-33-29-11 = 1.0,11-17-27-20-9 = 0.333,9-24-39-20-9 = 0.333,11-17-27-32-34-9 = 0.333,9-15-21-37-9 = 0.333,9-15-24-21-9 = 0.667,9-25-30-35-34-9 = 0.333,9-25-30-37-9 = 0.333,9-25-30-39-35-9 = 0.333,9-39-23-27-35-9 = 0.333,9-18-12-32-8 = 0.333,9-18-12-23-8 = 0.667,11-17-20-32-34-9 = 0.333
97,69,605.118,3.333,5.512,-2.0,Prune by UB,,9-15-9 = 0.333,9-37-9 = 1.0,8-19-38-36-8 = 1.0,11-31-13-26-11 = 1.0,11-22-16-41-14-11 = 1.0,9-24-20-35-9 = 0.333,9-30-20-35-9 = 0.333,11-40-28-29-11 = 1.0,9-15-24-21-9 = 0.667,9-25-30-39-21-9 = 0.333,9-25-18-23-39-9 = 0.333,9-18-27-32-9 = 0.333,9-23-27-32-34-9 = 0.667,9-25-30-39-34-9 = 0.333,11-12-17-33-11 = 1.0,9-18-20-35-9 = 0.333
637,243,604.903,6.4,2.582,-0.6,Prune by UB,,9-21-9 = 0.1,9-37-9 = 1.0,8-22-19-36-8 = 0.4,8-19-38-34-9 = 0.1,8-19-38-36-8 = 0.4,8-19-23-27-9 = 0.1,11-31-13-26-11 = 0.5,11-28-31-26-11 = 0.5,11-28-13-11 = 0.4,11-40-33-29-11 = 0.9,11-22-14-11 = 0.1,11-22-16-41-14-11 = 0.5,11-17-33-29-11 = 0.1,11-17-27-41-14-11 = 0.4,11-16-17-27-32-11 = 0.4,9-30-20-35-9 = 1.0,11-40-28-13-11 = 0.1,9-15-24-21-9 = 0.8,9-25-12-32-34-9 = 0.4,9-25-18-23-39-9 = 0.6,9-12-18-39-9 = 0.4,9-23-12-32-34-9 = 0.2,9-24-38-34-9 = 0.2,9-15-38-36-8 = 0.2,11-16-17-27-41-11 = 0.1,9-21-23-38-34-9 = 0.1
437,334,604.772,5.0,2.96,0.333,Prune by UB,,11-26-11 = 0.5,9-37-9 = 0.667,8-19-38-36-8 = 1.0,11-31-13-26-11 = 0.5,11-22-16-41-14-11 = 1.0,11-17-33-29-11 = 1.0,9-24-21-37-9 = 0.167,9-30-20-35-9 = 1.0,11-40-28-13-11 = 0.5,11-40-28-31-11 = 0.5,9-15-21-37-9 = 0.167,9-15-24-34-9 = 0.167,9-15-24-21-9 = 0.667,9-25-12-23-39-9 = 0.667,9-25-18-32-34-9 = 0.167,9-18-27-32-9 = 0.333,9-18-27-34-9 = 0.5,9-25-27-32-34-9 = 0.167,9-23-39-12-32-9 = 0.333
708,705,605.169,6.5,2.804,-2.5,Prune by UB,,9-37-9 = 1.0,8-22-16-41-14-11 = 0.667,8-22-19-36-8 = 0.083,8-19-38-36-8 = 0.833,8-19-36-8 = 0.083,8-22-16-17-35-9 = 0.25,11-31-13-9 = 0.5,11-28-31-26-11 = 0.5,11-28-13-26-11 = 0.5,11-40-33-29-11 = 0.667,8-16-17-20-35-9 = 0.083,11-17-33-29-11 = 0.333,11-18-12-32-9 = 0.167,9-30-20-35-9 = 0.5,9-15-24-39-9 = 0.25,9-15-24-21-9 = 0.75,9-25-30-39-21-9 = 0.25,9-25-12-32-34-9 = 0.333,9-25-20-35-34-9 = 0.167,9-39-12-32-34-9 = 0.5,9-25-30-20-9 = 0.25,11-40-17-41-14-11 = 0.333,9-23-27-38-8 = 0.167,9-23-18-27-8 = 0.833
823,497,604.901,7.0,2.141,-0.478,Prune by UB,,11-14-11 = 0.5,9-37-9 = 0.5,8-22-16-41-11 = 0.5,8-22-16-41-14-11 = 0.5,8-19-38-36-8 = 1.0,11-31-13-26-11 = 0.5,11-28-31-26-11 = 0.5,11-17-33-29-11 = 1.0,11-40-12-18-9 = 0.5,11-12-20-35-9 = 0.5,9-30-20-35-9 = 0.5,11-40-28-13-11 = 0.5,9-15-24-21-9 = 1.0,9-25-30-37-9 = 0.5,9-25-18-32-34-9 = 0.5,9-39-23-27-32-8 = 0.5,9-39-23-27-34-8 = 0.5
851,553,604.893,6.267,1.955,-0.233,Prune by UB,,9-37-9 = 0.933,11-18-27-32-8 = 0.267,8-22-14-11 = 0.367,8-22-16-41-14-11 = 0.4,8-19-38-36-8 = 1.0,8-22-16-17-41-11 = 0.233,11-31-13-26-11 = 0.5,11-28-31-26-11 = 0.5,11-28-13-11 = 0.467,11-40-33-29-11 = 0.733,11-17-33-29-11 = 0.267,11-12-18-23-9 = 0.267,11-12-27-35-9 = 0.067,11-12-27-34-9 = 0.667,11-40-28-13-11 = 0.033,11-40-17-16-41-14-11 = 0.233,9-15-24-21-9 = 0.8,9-25-30-37-9 = 0.067,9-25-30-39-21-9 = 0.2,9-25-30-23-34-9 = 0.333,9-25-30-15-9 = 0.2,9-23-18-17-16-11 = 0.133,9-23-18-17-41-11 = 0.133,9-25-30-24-9 = 0.2,9-39-23-20-35-9 = 0.067,9-18-20-35-9 = 0.133,9-39-20-35-32-8 = 0.733,9-23-18-20-9 = 0.067
925,615,604.899,6.0,1.621,-0.167,Prune by UB,,9-15-9 = 0.333,8-19-8 = 0.167,9-37-9 = 0.667,8-22-16-41-14-11 = 1.0,8-19-38-36-8 = 0.833,11-31-13-9 = 0.5,11-28-31-26-11 = 0.5,11-28-13-26-11 = 0.5,11-40-33-29-11 = 0.5,11-17-33-29-11 = 0.5,9-30-20-35-9 = 0.333,11-40-17-20-35-9 = 0.333,9-15-21-37-9 = 0.333,9-15-24-21-9 = 0.333,9-21-39-20-35-9 = 0.333,9-25-18-27-9 = 0.167,9-23-12-32-34-9 = 1.0,9-30-39-24-9 = 0.667,11-40-17-38-36-8 = 0.167,9-25-18-27-8 = 0.833
402,367,604.771,8.25,3.16,0.75,Prune by UB,,11-14-11 = 0.375,9-37-9 = 0.5,8-22-19-8 = 0.5,8-19-38-36-8 = 0.5,11-31-13-26-11 = 0.5,11-28-31-26-11 = 0.5,11-28-13-11 = 0.5,11-40-33-29-11 = 0.875,8-18-20-35-9 = 0.5,11-12-17-16-41-11 = 0.5,9-30-20-35-9 = 0.5,11-40-17-16-41-14-11 = 0.125,9-15-24-21-9 = 1.0,9-25-30-37-9 = 0.5,9-25-18-23-34-9 = 0.5,9-39-27-32-34-9 = 0.5,11-41-33-29-11 = 0.125,11-12-16-41-14-11 = 0.125,11-12-17-16-14-11 = 0.25,11-12-17-41-14-11 = 0.125,8-22-38-36-8 = 0.5,9-39-23-27-32-8 = 0.5
100,50,604.972,6.4,5.826,-0.6,Prune by UB,,11-26-11 = 0.2,9-37-9 = 0.5,8-22-19-36-8 = 0.7,8-19-38-36-8 = 0.3,11-31-13-11 = 0.2,11-31-13-26-11 = 0.3,11-28-31-26-11 = 0.5,11-28-13-11 = 0.5,11-40-33-29-11 = 1.0,11-17-16-41-14-11 = 1.0,9-30-20-35-9 = 0.5,9-25-20-35-32-11 = 0.3,9-15-24-21-9 = 1.0,9-25-30-37-9 = 0.5,9-25-20-35-34-9 = 0.2,9-18-12-32-9 = 0.6,9-23-18-27-9 = 0.4,9-39-12-27-9 = 0.4,9-39-23-27-32-9 = 0.1,9-39-23-27-34-9 = 0.1,9-39-23-38-34-9 = 0.4,11-22-38-34-9 = 0.3
967,595,604.838,6.955,1.541,0.355,Prune by UB,,8-36-8 = 0.364,9-37-9 = 0.364,8-22-14-11 = 0.636,8-22-19-8 = 0.364,8-19-38-36-8 = 0.636,11-31-13-26-11 = 0.5,11-28-31-26-11 = 0.5,11-28-13-11 = 0.5,11-40-33-29-11 = 1.0,11-12-18-23-9 = 0.091,11-12-27-32-9 = 0.273,9-24-39-37-9 = 0.091,9-30-20-35-9 = 1.0,11-17-27-32-34-9 = 0.636,9-15-21-37-9 = 0.545,9-15-24-39-9 = 0.455,9-21-39-23-24-9 = 0.182,9-21-24-39-34-9 = 0.273,9-23-27-32-34-9 = 0.091,9-25-17-16-41-14-11 = 0.364,11-12-18-23-8 = 0.273,11-12-23-38-8 = 0.364,9-25-18-16-41-11 = 0.636
349,348,604.869,5.667,3.702,0.333,Prune by UB,,9-15-9 = 0.111,11-26-11 = 0.5,9-37-9 = 0.556,8-19-38-36-8 = 1.0,11-31-13-26-11 = 0.5,11-22-16-41-14-11 = 1.0,11-17-33-29-11 = 1.0,9-30-20-35-9 = 1.0,11-40-28-13-11 = 0.5,11-40-28-31-11 = 0.5,9-15-21-37-9 = 0.444,9-21-39-23-24-9 = 0.556,9-25-12-32-34-9 = 0.444,9-25-18-27-9 = 0.556,9-18-27-34-9 = 0.222,9-18-12-32-9 = 0.222,9-39-27-32-34-9 = 0.111,9-39-12-27-9 = 0.111,9-39-12-32-34-9 = 0.222,9-15-23-24-9 = 0.444
377,346,604.743,7.667,3.109,1.167,Prune by UB,,9-37-9 = 0.833,8-22-19-36-8 = 0.5,8-19-38-34-9 = 0.5,11-31-13-11 = 0.5,11-28-31-26-11 = 0.5,11-28-13-26-11 = 0.5,11-40-33-29-11 = 0.833,11-22-14-11 = 0.5,11-17-33-29-11 = 0.167,11-18-12-32-9 = 0.583,11-12-20-35-9 = 0.25,9-30-20-35-9 = 0.5,9-30-35-27-9 = 0.25,9-25-20-27-9 = 0.25,9-15-24-21-9 = 0.917,9-21-39-23-16-41-11 = 0.083,9-25-30-37-9 = 0.167,9-18-27-32-9 = 0.167,9-18-27-34-9 = 0.25,9-39-27-32-34-9 = 0.083,9-25-30-24-9 = 0.083,9-25-17-16-41-14-11 = 0.5,9-39-23-38-36-8 = 0.5,11-40-12-32-34-9 = 0.167,9-39-23-17-16-41-11 = 0.333,9-15-23-16-41-11 = 0.083
255,254,604.848,7.333,4.854,0.424,Prune by UB,,9-37-9 = 0.75,8-22-19-8 = 0.25,8-22-19-36-8 = 0.25,8-19-38-36-8 = 0.5,8-23-27-32-34-8 = 0.25,8-23-27-32-34-9 = 0.25,11-31-13-26-11 = 0.5,11-28-31-26-11 = 0.5,11-28-13-11 = 0.5,11-40-33-29-11 = 1.0,11-22-14-11 = 0.5,11-12-18-39-9 = 0.5,11-12-17-16-41-11 = 0.5,8-23-18-32-34-9 = 0.333,9-30-20-35-9 = 0.917,9-15-21-37-9 = 0.25,9-15-24-39-9 = 0.083,9-15-24-21-9 = 0.667,9-21-24-39-34-9 = 0.083,9-25-17-16-41-14-11 = 0.5,9-25-27-38-8 = 0.25,9-24-38-36-8 = 0.083,9-30-39-24-9 = 0.083,9-25-35-27-32-8 = 0.083,9-25-18-27-8 = 0.167,9-39-20-32-34-9 = 0.083,8-39-23-38-36-8 = 0.167
154,98,604.88,6.0,4.788,0.259,Prune by UB,,9-37-9 = 1.0,8-19-38-36-8 = 0.5,11-31-13-26-11 = 0.5,11-28-31-26-11 = 0.5,11-40-33-29-11 = 1.0,11-22-14-11 = 0.5,11-22-16-41-14-11 = 0.5,11-12-17-16-41-11 = 0.5,8-19-18-32-9 = 0.5,11-12-17-32-34-9 = 0.5,9-30-20-35-9 = 1.0,9-15-24-21-9 = 1.0,9-25-18-27-9 = 0.5,9-39-23-27-34-9 = 0.5,9-39-23-38-36-8 = 0.5,9-25-28-13-11 = 0.5
737,336,604.581,8.0,1.966,2.333,Prune by UB,,11-14-11 = 0.5,9-37-9 = 0.5,8-22-16-41-14-11 = 0.5,8-19-38-36-8 = 1.0,8-22-16-17-41-11 = 0.5,11-31-13-11 = 0.5,11-28-31-26-11 = 0.5,11-28-13-26-11 = 0.5,11-40-33-29-11 = 0.5,11-17-33-29-11 = 0.5,11-12-18-23-9 = 0.5,9-15-24-21-9 = 1.0,9-25-30-37-9 = 0.5,9-23-18-27-9 = 0.5,9-25-30-39-34-9 = 0.5,11-40-12-32-34-9 = 0.5,9-20-35-27-8 = 0.5,9-39-20-35-32-8 = 0.5
997,223,604.753,5.333,0.679,1.333,Prune by UB,,9-37-9 = 1.0,8-19-38-36-8 = 1.0,11-31-13-11 = 0.333,11-31-13-26-11 = 0.333,11-28-31-26-11 = 0.333,11-28-29-11 = 0.333,11-28-13-26-11 = 0.333,11-40-33-29-11 = 0.667,11-22-14-11 = 1.0,11-17-33-32-34-9 = 0.333,11-17-20-35-34-9 = 0.333,9-30-20-35-9 = 0.333,11-40-17-20-35-9 = 0.333,9-15-24-39-9 = 0.333,9-15-24-21-9 = 0.667,9-25-30-39-21-9 = 0.333,9-25-18-27-9 = 0.333,9-18-27-32-9 = 0.667,9-23-12-16-41-11 = 1.0,9-25-30-39-34-9 = 0.333
833,212,604.775,7.255,1.754,1.36,Prune by UB,,11-14-11 = 0.441,9-37-9 = 0.373,8-22-16-41-11 = 0.265,8-22-16-41-14-11 = 0.559,8-19-16-41-11 = 0.176,8-22-19-8 = 0.176,8-19-38-36-8 = 0.647,8-12-39-24-9 = 0.176,11-31-13-26-11 = 0.5,11-28-31-26-11 = 0.5,11-28-13-11 = 0.5,11-40-33-29-11 = 1.0,9-24-21-37-9 = 0.206,9-30-20-35-9 = 0.961,11-17-27-32-34-9 = 0.706,9-15-21-37-9 = 0.422,9-15-24-39-9 = 0.245,9-15-24-21-9 = 0.333,9-21-39-20-35-9 = 0.039,9-12-18-39-9 = 0.441,9-39-12-27-9 = 0.059,11-17-27-38-8 = 0.235,9-30-39-24-9 = 0.039,9-25-18-23-36-8 = 0.235,11-25-23-38-36-8 = 0.118,9-25-12-23-34-8 = 0.029,9-25-18-23-34-8 = 0.265,9-25-23-12-32-8 = 0.294,9-25-18-23-17-11 = 0.059
978,722,604.82,7.0,1.536,1.0,Prune by UB,,9-37-9 = 0.5,8-22-14-11 = 0.5,8-22-16-41-14-11 = 0.5,8-19-38-36-8 = 1.0,11-31-13-11 = 0.5,11-28-31-26-11 = 0.5,11-28-13-26-11 = 0.5,11-40-33-29-11 = 1.0,11-17-20-35-34-9 = 0.5,11-12-27-32-9 = 0.5,11-12-20-35-9 = 0.5,9-15-24-34-9 = 0.5,9-15-24-21-9 = 0.5,9-21-37-9 = 0.5,9-18-27-32-9 = 0.5,9-18-17-16-41-11 = 0.5,9-25-30-39-23-8 = 1.0
990,614,605.009,8.167,1.713,-0.333,Prune by UB,,11-14-11 = 0.25,9-37-9 = 0.667,8-22-19-36-8 = 0.25,8-19-38-36-8 = 0.75,8-22-16-17-41-11 = 0.25,11-31-13-26-11 = 0.5,11-28-31-26-11 = 0.5,11-28-13-11 = 0.5,11-40-33-29-11 = 0.75,11-22-14-11 = 0.25,11-22-16-41-14-11 = 0.25,11-17-33-29-11 = 0.25,8-12-18-23-8 = 0.5,11-41-27-32-34-9 = 0.25,8-23-18-17-16-11 = 0.25,9-30-35-27-9 = 0.083,11-40-17-16-41-14-11 = 0.25,9-15-21-37-9 = 0.333,9-15-24-21-9 = 0.667,9-25-20-35-34-9 = 0.417,9-39-27-32-34-9 = 0.167,9-25-30-20-9 = 0.583,11-12-23-38-8 = 0.25,9-30-39-24-9 = 0.333,9-18-12-32-8 = 0.25,9-39-35-27-32-9 = 0.333,9-39-35-27-34-9 = 0.167
744,590,605.053,6.5,2.442,-0.5,Prune by UB,,9-37-9 = 0.889,11-18-20-35-9 = 0.222,8-22-14-11 = 0.556,8-22-16-41-14-11 = 0.444,8-19-38-36-8 = 1.0,11-31-13-11 = 0.5,11-28-31-26-11 = 0.5,11-28-13-26-11 = 0.5,11-40-33-29-11 = 0.778,11-17-33-29-11 = 0.222,11-12-17-16-41-11 = 0.556,11-18-39-24-9 = 0.111,9-30-20-35-9 = 0.556,11-40-17-20-35-9 = 0.222,9-15-21-37-9 = 0.111,9-15-24-21-9 = 0.889,9-18-27-32-9 = 0.556,9-39-23-27-32-9 = 0.444,9-25-18-23-34-8 = 0.111,9-25-30-39-34-8 = 0.444,11-25-12-23-34-8 = 0.444
810,442,604.962,7.214,2.147,0.214,Prune by UB,,8-36-8 = 0.107,9-37-9 = 0.857,8-12-17-41-14-11 = 0.5,11-18-20-35-9 = 0.179,11-18-23-38-8 = 0.107,8-22-19-8 = 0.286,8-19-38-36-8 = 0.5,8-12-27-32-11 = 0.143,8-23-27-32-34-9 = 0.429,11-31-13-26-11 = 0.5,11-28-31-26-11 = 0.5,11-28-13-11 = 0.5,11-40-33-29-11 = 1.0,11-22-16-41-14-11 = 0.5,11-16-17-20-35-9 = 0.5,8-23-18-27-8 = 0.036,9-30-20-35-9 = 0.321,9-15-24-21-9 = 1.0,9-25-30-37-9 = 0.143,9-18-12-32-11 = 0.357,9-39-27-32-34-9 = 0.036,9-25-30-39-34-9 = 0.536,9-39-23-38-36-8 = 0.393,11-22-19-8 = 0.214,9-25-18-27-8 = 0.321,9-39-23-27-32-8 = 0.036
558,549,605.203,6.333,2.991,-1.367,Prune by UB,,9-37-9 = 0.833,8-22-14-11 = 0.167,8-19-38-36-8 = 1.0,11-31-13-11 = 0.5,11-28-31-26-11 = 0.5,11-28-13-26-11 = 0.5,11-40-33-29-11 = 1.0,11-22-14-11 = 0.333,11-22-16-41-14-11 = 0.5,8-18-12-32-9 = 0.167,11-16-17-20-35-9 = 0.333,8-23-18-17-41-11 = 0.333,11-17-20-35-34-8 = 0.167,9-30-20-35-9 = 0.5,9-15-24-21-9 = 1.0,9-25-30-37-9 = 0.167,9-25-12-27-9 = 0.333,9-39-12-27-9 = 0.333,9-39-23-27-32-9 = 0.333,11-18-17-16-41-11 = 0.167,8-23-18-32-34-8 = 0.333,9-25-30-39-34-8 = 0.333,9-25-12-32-34-8 = 0.167
151,115,605.096,6.4,4.769,-0.502,Prune by UB,,11-14-11 = 0.8,8-19-8 = 0.5,8-36-8 = 0.1,9-37-9 = 1.0,8-22-19-8 = 0.3,8-19-38-36-8 = 0.1,8-22-16-17-41-11 = 0.5,8-22-16-17-32-9 = 0.1,11-31-13-11 = 0.5,11-28-31-26-11 = 0.5,11-28-13-26-11 = 0.5,11-40-33-29-11 = 1.0,11-12-18-39-9 = 0.2,11-12-18-34-9 = 0.1,11-41-27-32-34-9 = 0.2,9-30-20-35-9 = 0.5,9-15-24-21-9 = 1.0,9-25-35-27-34-9 = 0.5,9-18-12-32-9 = 0.7,9-25-30-20-9 = 0.5,9-39-23-38-36-8 = 0.8,11-22-19-8 = 0.1,8-16-17-27-34-9 = 0.2,11-41-27-38-8 = 0.1,8-23-17-16-41-14-11 = 0.2
702,464,605.396,3.0,2.748,-2.429,Prune by UB,,9-15-9 = 0.333,9-37-9 = 1.0,8-22-16-41-14-11 = 1.0,8-19-38-36-8 = 1.0,11-31-13-26-11 = 1.0,11-17-33-32-34-9 = 1.0,9-30-20-35-9 = 0.667,11-40-28-29-11 = 1.0,9-15-24-21-9 = 0.667,9-21-39-20-35-9 = 0.333,9-25-18-27-9 = 0.333,9-30-39-24-9 = 0.333,9-25-39-23-27-9 = 0.333,9-18-12-23-8 = 0.667,9-25-12-27-8 = 0.333
479,477,604.946,6.867,3.047,0.533,Prune by UB,,8-19-8 = 0.467,9-37-9 = 0.567,8-22-16-41-14-11 = 0.8,8-22-19-8 = 0.2,8-19-38-36-8 = 0.333,11-31-13-9 = 0.5,11-28-31-26-11 = 0.5,11-28-13-26-11 = 0.5,11-40-33-29-11 = 0.8,8-16-17-20-35-9 = 0.2,11-17-33-29-11 = 0.2,11-12-18-35-9 = 0.133,11-12-17-20-9 = 0.167,9-30-20-35-9 = 0.567,9-15-24-21-9 = 1.0,9-25-30-37-9 = 0.433,9-25-12-32-34-9 = 0.267,9-25-12-17-32-9 = 0.2,9-25-12-17-35-9 = 0.033,9-25-20-35-34-9 = 0.067,9-18-27-34-9 = 0.667,9-18-12-32-9 = 0.2,9-39-23-38-36-8 = 0.667,11-40-17-41-14-11 = 0.2,9-39-23-27-32-8 = 0.333
318,180,605.12,5.333,4.13,-0.667,Prune by UB,,9-37-9 = 0.667,8-19-38-36-8 = 1.0,11-31-13-26-11 = 1.0,11-28-29-11 = 0.5,11-40-33-29-11 = 0.5,11-22-14-11 = 0.5,11-28-33-14-11 = 0.5,11-22-16-17-41-11 = 0.5,9-30-20-35-9 = 0.667,9-15-24-21-9 = 1.0,9-25-30-37-9 = 0.333,9-25-12-27-9 = 0.167,9-25-18-23-39-9 = 0.167,9-25-20-35-34-9 = 0.333,9-18-12-32-9 = 0.833,9-39-23-27-32-9 = 0.167,9-39-23-27-34-9 = 0.667,11-40-17-16-41-11 = 0.5
904,631,605.188,6.0,2.15,-1.0,Prune by UB,,9-37-9 = 1.0,8-22-14-11 = 0.5,8-19-38-36-8 = 0.5,11-31-13-26-11 = 0.5,11-28-31-14-11 = 0.5,11-28-13-26-11 = 0.5,11-40-33-29-11 = 1.0,11-17-27-38-9 = 0.5,9-30-20-35-9 = 1.0,11-17-27-32-34-9 = 0.5,9-15-24-21-9 = 1.0,9-25-18-32-34-9 = 0.5,9-25-18-23-39-9 = 0.5,9-23-12-16-41-11 = 0.5,11-22-19-36-8 = 0.5,9-39-12-16-41-11 = 0.5
642,156,605.125,7.0,2.469,-0.444,Prune by UB,,9-37-9 = 1.0,8-22-16-41-14-11 = 0.6,8-22-19-8 = 0.4,8-19-38-34-9 = 0.2,8-19-38-36-8 = 0.4,11-31-13-9 = 0.4,11-28-31-26-11 = 0.6,11-28-13-26-11 = 0.4,11-40-33-29-11 = 0.2,11-17-33-29-11 = 0.6,8-23-12-32-34-9 = 0.4,9-30-20-35-9 = 0.8,11-40-17-16-41-14-11 = 0.4,9-25-13-29-11 = 0.2,9-25-20-35-9 = 0.2,9-15-24-39-9 = 0.2,9-15-24-21-9 = 0.8,9-25-30-39-21-9 = 0.2,9-25-12-23-39-9 = 0.4,11-40-33-32-34-9 = 0.2,11-40-12-32-34-9 = 0.2,9-39-27-38-8 = 0.2,9-18-23-38-8 = 0.2,9-18-27-36-8 = 0.6,9-18-27-32-8 = 0.2
908,836,604.979,8.2,1.952,0.7,Prune by UB,,8-36-8 = 0.2,9-37-9 = 1.0,8-22-16-41-14-11 = 0.267,8-22-19-8 = 0.2,8-22-19-36-8 = 0.533,8-19-38-36-8 = 0.267,11-31-13-26-11 = 0.267,11-28-31-26-11 = 0.5,11-28-31-14-11 = 0.233,11-28-13-26-11 = 0.233,11-40-33-29-11 = 0.033,11-17-33-29-11 = 0.267,8-12-18-34-9 = 0.367,11-16-17-20-35-9 = 0.233,8-23-12-32-34-9 = 0.167,9-30-20-35-9 = 0.6,11-40-17-16-41-14-11 = 0.5,9-25-13-29-11 = 0.467,9-15-24-39-9 = 0.467,9-15-24-21-9 = 0.533,9-21-39-20-35-9 = 0.067,9-25-30-39-21-9 = 0.4,9-25-12-18-9 = 0.133,9-18-27-35-9 = 0.067,9-18-12-32-9 = 0.333,9-23-18-27-9 = 0.1,11-41-33-29-11 = 0.233,11-40-33-32-34-9 = 0.467,9-39-27-20-9 = 0.067,9-20-35-27-8 = 0.033,9-23-27-38-8 = 0.733,11-28-13-32-8 = 0.033
541,526,604.955,9.0,2.67,1.0,Prune by UB,,9-37-9 = 0.75,8-22-19-36-8 = 0.5,8-19-38-34-9 = 0.5,11-31-13-11 = 0.5,11-28-31-26-11 = 0.5,11-28-13-26-11 = 0.5,11-40-33-29-11 = 0.5,11-22-14-11 = 0.5,11-17-33-29-11 = 0.5,9-30-35-27-9 = 0.375,11-40-17-16-41-14-11 = 0.5,9-25-20-35-9 = 0.25,9-15-21-37-9 = 0.25,9-15-24-21-9 = 0.75,9-25-20-35-34-9 = 0.375,9-18-12-32-9 = 0.5,9-12-27-32-9 = 0.375,9-39-27-32-34-9 = 0.125,9-39-12-27-9 = 0.125,9-25-30-20-9 = 0.375,9-39-23-38-36-8 = 0.5,9-30-39-24-9 = 0.25,11-18-23-16-41-11 = 0.5
546,544,605.136,5.727,2.965,-0.273,Prune by UB,,9-15-9 = 0.091,9-21-9 = 0.091,9-37-9 = 1.0,8-22-16-41-14-11 = 0.091,8-22-19-8 = 0.091,8-22-19-36-8 = 0.818,8-19-38-36-8 = 0.091,8-23-27-38-8 = 0.909,11-31-13-9 = 0.273,11-31-13-26-11 = 0.182,11-28-31-26-11 = 0.364,11-28-31-14-11 = 0.182,11-28-13-26-11 = 0.455,11-40-33-29-11 = 0.636,11-17-33-29-11 = 0.091,11-12-18-23-9 = 0.091,9-30-20-35-9 = 0.545,11-40-17-16-41-14-11 = 0.364,9-25-13-29-11 = 0.091,9-15-24-21-9 = 0.909,9-25-20-35-34-9 = 0.455,9-18-12-32-9 = 0.818,9-39-12-32-34-9 = 0.091,9-25-30-39-34-9 = 0.455,11-41-33-29-11 = 0.182,11-16-17-33-32-9 = 0.091,11-16-17-27-36-8 = 0.091,9-18-39-24-9 = 0.091,9-39-17-16-41-14-11 = 0.364
538,536,605.03,8.0,2.942,0.467,Prune by UB,,11-14-11 = 0.167,9-37-9 = 0.75,8-22-14-11 = 0.333,8-22-19-36-8 = 0.167,8-19-38-36-8 = 0.667,8-19-23-38-8 = 0.167,8-23-12-27-8 = 0.417,11-31-13-11 = 0.417,11-31-13-26-11 = 0.083,11-28-31-26-11 = 0.5,11-28-13-26-11 = 0.417,11-40-33-29-11 = 0.667,11-22-16-41-14-11 = 0.5,11-17-33-29-11 = 0.333,8-23-12-32-34-8 = 0.25,9-30-20-35-9 = 0.667,11-17-27-32-34-9 = 0.583,11-40-28-13-11 = 0.083,11-40-17-20-35-9 = 0.083,9-15-24-39-9 = 0.333,9-15-24-21-9 = 0.667,9-21-39-20-35-9 = 0.25,9-25-30-37-9 = 0.25,9-25-18-39-34-9 = 0.083,9-25-18-39-21-9 = 0.083,9-12-18-39-9 = 0.167,9-25-30-39-34-9 = 0.083,9-25-18-16-41-11 = 0.5,9-18-12-32-8 = 0.167,11-40-23-38-36-8 = 0.167
709,364,605.024,9.25,2.617,0.5,Prune by UB,,11-14-11 = 0.125,8-19-8 = 0.125,8-36-8 = 0.125,9-37-9 = 0.375,11-18-23-38-8 = 0.25,8-22-16-41-14-11 = 0.5,8-22-19-8 = 0.5,8-19-38-36-8 = 0.125,8-19-36-8 = 0.25,8-23-27-32-34-9 = 0.375,11-31-13-26-11 = 0.5,11-28-31-26-11 = 0.5,11-28-13-11 = 0.5,11-40-33-29-11 = 0.625,11-17-33-29-11 = 0.375,11-12-18-39-9 = 0.75,9-24-21-37-9 = 0.125,9-30-35-27-9 = 0.375,11-40-17-16-41-14-11 = 0.375,9-25-20-35-32-11 = 0.25,9-15-21-37-9 = 0.5,9-15-24-21-9 = 0.375,9-25-20-35-34-9 = 0.25,9-23-27-32-34-9 = 0.25,9-25-30-20-9 = 0.5,9-39-12-17-16-11 = 0.125,9-39-12-17-41-11 = 0.125,9-15-23-38-8 = 0.125,9-24-38-36-8 = 0.5,9-30-35-32-34-9 = 0.125
755,754,605.295,4.333,2.661,-1.333,Prune by UB,,11-26-11 = 0.5,9-37-9 = 0.667,8-22-16-41-14-11 = 1.0,8-19-38-36-8 = 1.0,11-31-13-26-11 = 0.5,11-17-33-29-11 = 1.0,11-12-27-32-9 = 1.0,9-30-20-35-9 = 0.667,11-40-28-13-11 = 0.5,11-40-28-31-11 = 0.5,9-15-21-37-9 = 0.333,9-15-24-39-9 = 0.333,9-15-24-21-9 = 0.333,9-21-39-20-35-9 = 0.333,9-30-39-24-9 = 0.333,9-25-18-23-34-8 = 1.0
368,322,604.988,8.5,3.506,0.9,Prune by UB,,9-37-9 = 0.5,8-22-14-11 = 0.5,8-22-19-36-8 = 0.25,8-19-38-36-8 = 0.25,8-19-36-8 = 0.5,11-31-13-11 = 0.5,11-28-31-26-11 = 0.5,11-28-13-26-11 = 0.5,11-40-33-29-11 = 0.75,11-22-16-41-14-11 = 0.25,11-17-33-29-11 = 0.25,11-12-17-16-41-11 = 0.5,8-23-18-20-9 = 0.25,9-30-20-35-9 = 0.5,11-40-17-16-41-14-11 = 0.25,9-15-24-21-9 = 1.0,9-25-30-37-9 = 0.5,9-25-18-32-34-9 = 0.25,9-39-27-32-34-9 = 0.5,11-12-23-38-8 = 0.5,9-39-27-38-8 = 0.25,9-18-20-35-9 = 0.25,8-23-18-32-34-8 = 0.25,9-25-39-27-35-9 = 0.25
868,633,605.275,8.476,2.396,-1.024,Prune by UB,,11-14-11 = 0.548,8-19-8 = 0.429,8-36-8 = 0.381,9-37-9 = 1.0,11-18-23-38-8 = 0.333,8-22-16-41-11 = 0.31,8-22-16-41-14-11 = 0.452,8-22-16-38-8 = 0.048,8-19-38-36-8 = 0.381,11-31-13-26-11 = 0.5,11-28-31-26-11 = 0.5,11-28-13-11 = 0.5,11-40-33-29-11 = 0.571,11-17-33-29-11 = 0.381,9-30-20-35-9 = 0.571,11-40-17-20-35-9 = 0.429,9-15-24-21-9 = 1.0,9-25-12-32-34-9 = 0.571,9-18-27-32-9 = 0.333,9-12-17-16-41-11 = 0.19,9-23-18-27-9 = 0.333,9-39-12-27-9 = 0.238,9-39-23-27-32-9 = 0.095,9-25-30-39-34-9 = 0.429,11-41-33-29-11 = 0.048,9-39-23-38-36-8 = 0.238,11-22-19-8 = 0.19
940,879,605.463,4.0,2.379,-2.667,Prune by UB,,11-14-11 = 0.25,8-19-8 = 0.25,8-22-16-41-11 = 0.25,8-22-16-41-14-11 = 0.75,8-19-38-36-8 = 0.75,11-31-13-26-11 = 0.5,11-28-31-26-11 = 0.5,11-40-33-29-11 = 0.25,11-17-33-29-11 = 0.75,9-30-20-35-9 = 1.0,11-40-28-13-11 = 0.5,11-40-17-27-32-11 = 0.25,9-15-24-34-9 = 1.0,9-21-37-9 = 1.0,9-25-18-23-39-9 = 1.0,11-12-38-36-8 = 0.25,11-12-27-32-8 = 0.75
738,336,605.056,6.333,2.44,0.667,Prune by UB,,9-37-9 = 0.833,8-22-14-11 = 0.5,8-22-16-41-14-11 = 0.5,8-19-38-36-8 = 1.0,11-31-13-11 = 0.5,11-28-31-26-11 = 0.5,11-28-13-26-11 = 0.5,11-40-33-29-11 = 1.0,11-12-17-16-41-11 = 0.5,11-17-20-35-32-8 = 0.5,9-15-21-37-9 = 0.167,9-15-24-39-9 = 0.167,9-15-24-21-9 = 0.667,9-25-30-35-34-9 = 0.167,9-25-30-39-21-9 = 0.167,9-25-35-27-34-9 = 0.167,9-23-18-27-9 = 0.833,9-23-18-32-34-9 = 0.167,9-25-30-39-34-9 = 0.5,9-30-39-24-9 = 0.167,11-12-20-32-8 = 0.333,11-12-20-35-8 = 0.167
764,720,605.169,7.0,2.154,0.0,Prune by UB,,9-37-9 = 0.667,11-18-27-34-9 = 0.333,8-22-14-11 = 0.5,8-22-16-41-14-11 = 0.5,8-19-38-36-8 = 1.0,11-31-13-26-11 = 0.5,11-28-31-26-11 = 0.5,11-28-13-11 = 0.5,11-40-33-29-11 = 0.5,11-17-33-29-11 = 0.5,9-25-20-35-32-9 = 0.667,9-15-24-21-9 = 1.0,9-25-20-35-34-9 = 0.333,9-39-23-27-34-9 = 0.333,11-12-18-23-8 = 0.667,11-40-17-16-41-11 = 0.5,9-30-12-32-8 = 0.333,9-30-39-27-9 = 0.333,9-30-39-37-9 = 0.333
733,411,604.828,5.571,2.085,2.571,Prune by UB,,9-15-9 = 0.071,9-21-9 = 0.071,9-37-9 = 1.0,8-22-16-41-14-11 = 0.357,8-19-38-36-8 = 0.5,8-19-27-34-9 = 0.143,11-31-13-26-11 = 0.5,11-28-31-26-11 = 0.5,11-28-13-11 = 0.5,11-40-33-29-11 = 1.0,11-22-16-41-14-11 = 0.286,9-30-20-35-9 = 0.929,11-17-27-32-34-9 = 0.857,9-15-24-21-9 = 0.929,9-25-12-18-9 = 0.5,9-25-18-23-39-9 = 0.357,9-18-12-32-11 = 0.143,11-22-19-16-11 = 0.357,9-39-23-38-36-8 = 0.429,9-30-39-24-9 = 0.071,9-25-17-38-36-8 = 0.071,9-25-17-20-35-9 = 0.071,9-39-12-41-14-11 = 0.143,9-23-12-41-14-11 = 0.214
782,779,605.186,6.762,2.449,0.012,Prune by UB,,11-14-11 = 0.214,9-37-9 = 0.619,8-19-38-36-8 = 0.762,8-22-16-17-32-9 = 0.238,11-31-13-11 = 0.238,11-31-13-26-11 = 0.262,11-28-31-26-11 = 0.238,11-28-31-14-11 = 0.262,11-28-13-26-11 = 0.5,11-40-33-29-11 = 0.762,11-22-14-11 = 0.524,11-12-23-24-9 = 0.048,11-12-23-38-9 = 0.238,11-40-12-23-39-9 = 0.238,9-30-20-35-9 = 0.667,9-15-21-37-9 = 0.048,9-15-24-21-9 = 0.952,9-25-30-37-9 = 0.333,9-25-12-23-39-9 = 0.19,9-25-18-27-9 = 0.143,9-25-20-35-34-9 = 0.333,9-18-27-32-9 = 0.095,9-23-12-27-9 = 0.19,9-23-12-32-34-9 = 0.095,9-39-27-32-34-9 = 0.571,11-41-33-29-11 = 0.238,11-22-19-36-8 = 0.238,9-18-17-16-41-11 = 0.762
700,698,605.08,8.951,2.39,0.729,Prune by UB,,11-14-11 = 0.354,9-15-9 = 0.39,8-36-8 = 0.293,9-37-9 = 1.0,8-22-14-11 = 0.585,8-22-16-41-11 = 0.061,8-22-16-41-14-11 = 0.061,8-22-19-8 = 0.293,8-19-38-36-8 = 0.707,11-31-13-26-11 = 0.5,11-28-31-26-11 = 0.5,11-28-13-11 = 0.5,11-40-33-29-11 = 0.561,11-16-17-20-35-9 = 0.561,11-12-17-16-41-11 = 0.146,9-30-20-35-9 = 0.22,9-25-20-35-9 = 0.22,9-15-24-21-9 = 0.61,9-25-30-39-21-9 = 0.39,9-23-12-27-9 = 0.171,9-23-18-17-41-11 = 0.122,9-39-12-27-9 = 0.049,9-39-12-32-34-9 = 0.195,9-39-23-27-34-9 = 0.366,9-25-30-24-9 = 0.39,11-41-33-29-11 = 0.439,11-40-12-32-34-9 = 0.439,9-18-17-16-41-11 = 0.171,9-18-23-38-8 = 0.293,9-23-18-27-8 = 0.049,9-18-27-32-8 = 0.366
910,772,605.262,6.5,2.211,-0.5,Prune by UB,,9-37-9 = 0.5,8-22-14-11 = 0.5,8-19-38-34-9 = 0.5,11-31-13-26-11 = 0.5,11-28-31-26-11 = 0.5,11-28-13-11 = 0.5,11-40-33-29-11 = 1.0,11-12-27-32-9 = 0.75,11-12-27-34-9 = 0.25,9-30-20-35-9 = 1.0,9-25-37-9 = 0.5,9-15-24-21-9 = 1.0,9-25-18-23-39-9 = 0.25,9-23-18-32-34-9 = 0.25,9-39-23-38-36-8 = 0.25,11-22-19-36-8 = 0.5,9-18-17-16-41-11 = 0.5,9-25-23-38-36-8 = 0.25,9-39-17-16-41-14-11 = 0.5
478,183,605.426,6.417,3.695,-1.583,Prune by UB,,8-19-8 = 0.125,9-37-9 = 0.708,8-22-14-11 = 0.25,8-22-19-8 = 0.75,8-19-38-36-8 = 0.125,8-12-20-35-9 = 0.458,11-31-13-26-11 = 0.333,11-28-31-26-11 = 0.583,11-28-31-14-11 = 0.083,11-28-13-9 = 0.25,11-28-13-26-11 = 0.083,11-40-33-29-11 = 0.333,8-18-12-32-9 = 0.292,9-30-20-35-9 = 0.417,9-30-35-27-9 = 0.125,11-40-17-16-41-14-11 = 0.667,9-25-13-29-11 = 0.333,9-15-24-21-9 = 1.0,9-25-30-37-9 = 0.292,9-25-12-32-34-9 = 0.25,9-18-27-34-9 = 0.708,9-25-30-20-9 = 0.125,11-41-33-29-11 = 0.333,9-39-23-38-36-8 = 0.875,11-16-17-33-32-9 = 0.333,9-39-23-27-32-8 = 0.125,9-30-27-34-9 = 0.042
287,81,605.427,4.3,4.07,-1.367,Prune by UB,,9-37-9 = 1.0,8-19-38-36-8 = 1.0,11-31-13-11 = 0.5,11-28-31-26-11 = 0.5,11-28-13-26-11 = 0.5,11-40-33-29-11 = 0.6,11-22-14-11 = 1.0,11-17-33-29-11 = 0.2,11-12-18-39-9 = 0.6,11-40-18-30-9 = 0.2,9-30-20-35-9 = 0.8,11-40-17-20-35-9 = 0.2,9-15-24-21-9 = 1.0,9-23-12-16-41-11 = 0.4,9-23-18-17-16-11 = 0.2,11-41-33-29-11 = 0.2,9-25-27-32-34-9 = 1.0,9-39-23-17-16-41-11 = 0.4
147,33,605.615,4.0,5.645,-2.778,Prune by UB,,9-37-9 = 1.0,8-19-38-36-8 = 1.0,11-31-13-26-11 = 0.5,11-28-31-26-11 = 0.5,11-22-16-41-14-11 = 1.0,11-17-33-29-11 = 1.0,11-12-23-39-21-9 = 0.5,9-30-20-35-9 = 0.5,11-40-28-13-11 = 0.5,9-25-30-39-21-9 = 0.5,9-25-20-35-34-9 = 0.5,9-15-24-9 = 1.0,9-18-27-32-11 = 1.0,11-40-12-23-34-9 = 0.5
977,722,605.476,4.0,2.191,-2.0,Prune by UB,,8-22-14-11 = 1.0,8-19-38-36-8 = 1.0,11-31-13-26-11 = 0.5,11-28-31-26-11 = 0.5,11-40-33-29-11 = 0.5,11-16-17-20-35-9 = 0.5,11-12-17-16-41-11 = 0.5,11-12-20-35-9 = 0.5,11-40-28-13-11 = 0.5,9-15-24-34-9 = 1.0,9-21-37-9 = 1.0,9-18-27-32-9 = 1.0,11-41-33-29-11 = 0.5,9-25-30-39-23-8 = 1.0
792,460,605.175,5.2,2.316,0.2,Prune by UB,,11-14-11 = 0.1,9-37-9 = 1.0,8-22-16-41-14-11 = 0.9,8-19-38-36-8 = 1.0,11-31-13-26-11 = 0.5,11-28-31-26-11 = 0.5,11-28-13-11 = 0.5,11-40-33-29-11 = 0.3,8-23-39-27-32-11 = 0.1,11-17-33-29-11 = 0.7,11-12-18-39-9 = 0.5,11-12-18-23-9 = 0.1,11-40-12-23-39-9 = 0.4,9-30-20-35-9 = 0.7,11-40-17-20-35-9 = 0.3,9-15-24-21-9 = 1.0,9-18-27-32-11 = 0.3,11-22-16-41-11 = 0.1,9-25-30-23-34-8 = 0.3,9-25-18-23-34-8 = 0.1,9-25-27-32-34-8 = 0.6
358,310,605.302,7.857,3.874,-0.643,Prune by UB,,11-14-11 = 0.214,9-37-9 = 0.857,11-18-27-32-8 = 0.571,11-18-27-32-9 = 0.143,8-22-14-11 = 0.071,8-22-16-41-14-11 = 0.5,8-22-19-8 = 0.429,8-19-38-36-8 = 0.571,8-23-12-17-41-11 = 0.214,8-23-12-16-14-11 = 0.214,11-31-13-26-11 = 0.5,11-28-31-26-11 = 0.5,11-40-33-29-11 = 0.5,11-17-33-29-11 = 0.5,11-16-27-32-34-9 = 0.286,11-18-30-35-9 = 0.286,9-30-12-39-9 = 0.286,11-40-28-13-11 = 0.5,9-15-21-37-9 = 0.143,9-15-24-21-9 = 0.857,9-25-20-35-34-9 = 0.714,9-23-12-17-41-11 = 0.143,9-25-30-20-9 = 0.286,9-39-12-17-41-11 = 0.143,9-39-23-38-36-8 = 0.429,9-30-39-24-9 = 0.143
649,636,605.489,4.6,2.911,-1.733,Prune by UB,,8-19-8 = 0.2,9-37-9 = 0.9,8-22-14-11 = 0.1,8-22-16-41-14-11 = 0.9,8-19-38-36-8 = 0.8,11-31-13-11 = 0.5,11-28-31-26-11 = 0.5,11-28-13-26-11 = 0.5,11-40-33-29-11 = 1.0,11-12-18-35-9 = 0.8,9-15-21-37-9 = 0.1,9-15-24-34-9 = 0.1,9-15-24-21-9 = 0.8,9-21-24-39-34-9 = 0.1,9-39-23-27-32-11 = 0.4,9-25-30-20-9 = 1.0,9-39-23-38-36-8 = 0.2,9-39-23-17-32-34-9 = 0.2,11-17-27-32-34-8 = 0.3,11-18-17-32-34-8 = 0.1,11-12-18-17-8 = 0.1,9-23-12-17-16-8 = 0.1,9-39-23-27-41-11 = 0.1,11-17-27-35-34-8 = 0.2
534,532,605.132,8.0,3.025,0.706,Prune by UB,,11-14-11 = 0.5,9-37-9 = 0.5,8-22-16-41-14-11 = 0.5,8-22-19-36-8 = 0.5,8-19-38-36-8 = 0.5,11-31-13-11 = 0.5,11-28-31-26-11 = 0.5,11-28-13-26-11 = 0.5,11-40-33-29-11 = 1.0,8-18-12-32-9 = 0.5,9-30-20-35-9 = 0.5,9-15-24-21-9 = 1.0,9-25-30-37-9 = 0.5,9-25-12-23-39-9 = 0.5,11-17-27-38-8 = 0.5,11-18-17-16-41-11 = 0.5,9-39-20-35-34-9 = 0.5,9-23-27-32-34-8 = 0.5
865,746,605.233,8.083,2.39,0.083,Prune by UB,,9-37-9 = 0.583,8-27-20-35-9 = 0.125,8-22-14-11 = 0.5,8-19-38-36-8 = 1.0,8-12-20-35-9 = 0.25,8-12-27-34-9 = 0.125,11-31-13-26-11 = 0.5,11-28-31-26-11 = 0.5,11-28-13-11 = 0.5,11-40-33-29-11 = 0.75,11-22-16-41-14-11 = 0.5,9-24-21-37-9 = 0.042,9-30-20-35-9 = 0.375,11-17-27-32-34-9 = 0.5,11-40-17-20-35-9 = 0.25,9-15-21-37-9 = 0.042,9-15-24-39-9 = 0.333,9-15-24-21-9 = 0.625,9-25-30-37-9 = 0.333,9-25-30-39-21-9 = 0.292,9-23-18-17-41-11 = 0.125,9-39-12-32-34-9 = 0.125,9-25-18-17-41-11 = 0.125,11-16-33-29-11 = 0.25,9-39-23-27-32-8 = 0.25,9-18-12-32-8 = 0.125,9-18-12-23-8 = 0.375,9-25-18-23-34-8 = 0.25,11-16-41-11 = 0.25
968,595,605.57,4.333,2.273,-2.267,Prune by UB,,11-14-11 = 0.333,8-19-8 = 0.048,9-37-9 = 0.048,8-22-16-41-11 = 0.19,8-22-16-41-14-11 = 0.667,8-22-16-38-8 = 0.143,8-19-38-36-8 = 0.81,8-19-36-8 = 0.143,11-31-13-26-11 = 0.476,11-28-31-26-11 = 0.524,11-40-33-29-11 = 0.81,11-17-27-20-9 = 0.048,9-30-20-35-9 = 0.952,11-17-27-32-34-9 = 0.81,9-25-13-29-11 = 0.048,9-15-24-39-9 = 1.0,9-21-37-9 = 0.952,9-25-35-27-32-11 = 0.048,11-12-18-23-8 = 0.81,11-40-12-32-34-9 = 0.095,11-40-12-23-34-9 = 0.095,9-25-18-17-41-11 = 0.143,9-25-33-29-11 = 0.143,9-25-28-13-11 = 0.476,9-25-23-27-32-11 = 0.048,9-21-23-38-36-8 = 0.048,9-25-30-33-11 = 0.048,9-25-18-27-11 = 0.048
417,415,604.571,7.5,3.365,4.5,Prune by UB,,9-15-9 = 0.25,9-37-9 = 1.0,8-19-38-36-8 = 0.5,11-31-13-26-11 = 0.5,11-28-31-26-11 = 0.5,11-40-33-29-11 = 0.5,11-22-16-41-14-11 = 1.0,11-17-33-29-11 = 0.5,11-12-18-23-9 = 0.5,9-30-20-35-9 = 0.5,11-40-28-13-11 = 0.5,9-25-20-35-9 = 0.25,9-15-24-21-9 = 0.625,9-25-30-39-21-9 = 0.375,9-25-35-27-32-9 = 0.125,9-25-20-35-34-9 = 0.125,9-23-12-27-9 = 0.25,9-23-12-32-34-9 = 0.25,9-39-27-32-34-9 = 0.625,9-25-30-20-9 = 0.125,9-15-38-36-8 = 0.125,9-24-38-36-8 = 0.375,8-19-18-17-11 = 0.5
858,576,605.369,6.762,2.427,-0.571,Prune by UB,,9-37-9 = 0.833,11-18-27-32-9 = 0.143,11-18-27-34-9 = 0.357,8-19-38-34-9 = 0.357,8-19-38-36-8 = 0.143,8-38-27-32-9 = 0.143,8-23-12-27-9 = 0.286,11-31-13-26-11 = 0.5,11-28-31-26-11 = 0.5,11-28-13-11 = 0.5,11-40-33-29-11 = 1.0,8-23-18-27-9 = 0.071,11-22-14-11 = 0.5,9-24-21-37-9 = 0.071,9-30-20-35-9 = 0.976,9-15-21-37-9 = 0.095,9-15-24-39-9 = 0.095,9-15-24-21-9 = 0.81,9-21-39-20-35-9 = 0.024,9-18-12-32-9 = 0.429,9-23-12-32-34-9 = 0.286,9-25-17-16-41-14-11 = 0.5,9-39-23-38-36-8 = 0.357,11-22-19-36-8 = 0.5,9-30-39-24-9 = 0.024,9-25-39-17-16-41-11 = 0.5
946,575,605.317,6.0,1.979,-0.167,Prune by UB,,9-37-9 = 1.0,11-18-27-32-9 = 0.5,8-22-19-36-8 = 0.5,8-19-38-36-8 = 0.5,11-31-13-26-11 = 0.5,11-28-31-26-11 = 0.5,11-40-33-29-11 = 1.0,11-22-14-11 = 0.5,11-12-27-34-9 = 0.5,11-18-12-32-9 = 0.5,9-30-20-35-9 = 1.0,9-15-24-21-9 = 1.0,9-39-23-38-34-9 = 0.5,9-25-17-16-41-14-11 = 0.5,9-25-28-13-11 = 0.5,9-39-23-17-16-41-11 = 0.5
747,682,605.3,9.2,2.755,0.0,Prune by UB,,11-14-11 = 0.4,9-15-9 = 0.2,8-19-8 = 0.2,8-36-8 = 0.4,9-37-9 = 1.0,8-22-14-11 = 0.1,8-22-16-41-14-11 = 0.5,8-22-19-8 = 0.4,8-19-38-36-8 = 0.4,11-31-13-11 = 0.5,11-28-31-26-11 = 0.5,11-28-13-26-11 = 0.5,11-40-33-29-11 = 0.5,11-17-33-29-11 = 0.5,11-12-18-35-9 = 0.2,11-12-18-39-9 = 0.4,9-24-20-35-9 = 0.2,9-15-24-21-9 = 0.8,9-21-39-20-35-9 = 0.2,9-25-30-35-34-9 = 0.4,9-18-12-32-9 = 0.4,9-23-27-32-34-9 = 0.4,9-39-27-32-34-9 = 0.2,9-25-30-20-9 = 0.6,9-39-23-38-36-8 = 0.2,11-40-17-16-41-11 = 0.5,9-23-27-38-8 = 0.4
920,668,605.294,6.0,2.069,0.053,Prune by UB,,8-19-8 = 0.2,9-37-9 = 1.0,8-22-16-41-14-11 = 1.0,8-19-38-36-8 = 0.8,11-31-13-9 = 0.2,11-31-13-26-11 = 0.6,11-28-31-26-11 = 0.2,11-28-13-26-11 = 0.2,11-40-33-29-11 = 0.4,11-17-33-32-34-9 = 0.6,9-30-20-35-9 = 0.6,11-40-28-29-11 = 0.6,9-15-24-21-9 = 0.8,9-25-30-39-21-9 = 0.2,9-15-24-9 = 0.2,9-23-18-27-9 = 0.2,9-39-23-27-35-9 = 0.2,9-39-23-27-34-9 = 0.4,9-25-30-20-9 = 0.2,11-12-38-36-8 = 0.2,9-25-17-20-35-9 = 0.2,9-39-23-17-27-9 = 0.2,9-18-12-32-8 = 0.4,9-25-18-12-8 = 0.4
798,638,605.162,7.182,2.263,1.0,Prune by UB,,9-15-9 = 0.091,9-21-9 = 0.045,9-37-9 = 1.0,8-19-27-32-11 = 0.364,8-19-23-27-9 = 0.136,8-38-27-32-9 = 0.091,8-38-27-32-11 = 0.136,8-38-27-34-9 = 0.273,11-31-13-11 = 0.5,11-28-31-26-11 = 0.5,11-28-13-26-11 = 0.5,11-40-33-29-11 = 0.5,11-22-16-41-14-11 = 0.5,11-17-33-29-11 = 0.5,9-30-20-35-9 = 0.909,11-40-17-16-41-14-11 = 0.5,9-25-20-35-9 = 0.045,9-15-24-21-9 = 0.909,9-21-39-20-35-9 = 0.045,9-25-12-18-9 = 0.591,9-25-18-23-34-9 = 0.364,9-18-12-32-9 = 0.045,9-39-12-32-34-9 = 0.364,9-39-23-38-36-8 = 0.5,11-22-19-36-8 = 0.5,9-30-39-24-9 = 0.091
389,277,605.278,8.25,3.7,0.25,Prune by UB,,9-37-9 = 0.625,8-22-14-11 = 0.5,8-22-19-36-8 = 0.25,8-19-38-36-8 = 0.75,11-31-13-11 = 0.5,11-28-31-26-11 = 0.5,11-28-13-26-11 = 0.5,11-40-33-29-11 = 0.75,11-22-16-41-14-11 = 0.25,11-17-33-29-11 = 0.25,11-12-17-16-41-11 = 0.5,11-12-20-35-9 = 0.375,9-24-20-35-9 = 0.375,11-40-17-16-41-14-11 = 0.25,9-15-21-37-9 = 0.375,9-25-30-39-21-9 = 0.625,9-15-24-9 = 0.625,9-18-27-32-9 = 0.375,9-25-30-39-34-9 = 0.375,11-12-18-23-8 = 0.125,9-27-20-35-9 = 0.25,8-23-18-32-34-8 = 0.5,9-23-27-38-8 = 0.25,9-23-27-32-34-8 = 0.125
583,378,605.625,3.0,3.114,-2.143,Prune by UB,,9-37-9 = 1.0,8-22-14-11 = 0.25,8-22-16-41-14-11 = 0.25,8-19-16-41-14-11 = 0.5,11-31-13-26-11 = 0.5,11-28-31-26-11 = 0.5,11-28-13-11 = 0.5,11-17-33-29-11 = 1.0,9-30-20-35-9 = 1.0,9-15-24-21-9 = 1.0,9-25-18-27-9 = 1.0,11-22-19-16-11 = 0.25,11-22-19-41-11 = 0.25,9-39-23-38-36-8 = 1.0,11-40-12-32-34-9 = 1.0
237,72,604.787,7.4,3.552,3.4,Prune by UB,,11-14-11 = 0.5,8-36-8 = 0.1,9-37-9 = 0.367,8-22-14-11 = 0.167,8-22-19-8 = 0.1,8-22-19-36-8 = 0.067,8-19-38-36-8 = 0.833,8-22-16-17-41-11 = 0.5,8-22-16-17-32-8 = 0.167,11-31-13-11 = 0.067,11-31-13-26-11 = 0.433,11-28-31-26-11 = 0.5,11-28-13-26-11 = 0.067,11-40-33-29-11 = 0.567,11-12-20-35-9 = 0.633,9-30-20-35-9 = 0.367,11-40-28-13-11 = 0.433,9-15-24-21-9 = 1.0,9-25-30-37-9 = 0.633,9-25-18-23-34-9 = 0.367,9-39-27-32-34-9 = 0.633,11-41-33-29-11 = 0.433,11-12-18-23-8 = 0.367,9-39-27-38-8 = 0.167,8-23-17-16-41-14-11 = 0.067,9-39-23-27-32-8 = 0.2,9-18-17-16-14-11 = 0.267
811,424,605.324,9.0,2.506,0.0,Prune by UB,,9-37-9 = 0.5,8-22-14-11 = 1.0,8-19-38-36-8 = 0.5,8-19-16-17-41-11 = 0.5,11-31-13-26-11 = 0.5,11-28-31-26-11 = 0.5,11-28-13-11 = 0.5,11-40-33-29-11 = 0.5,11-16-17-27-34-9 = 0.5,11-18-12-32-9 = 0.5,9-24-20-35-9 = 0.5,9-30-20-35-9 = 0.5,9-15-21-37-9 = 0.5,9-15-24-21-9 = 0.5,11-41-33-29-11 = 0.5,9-39-23-38-36-8 = 0.5,11-40-12-32-34-9 = 0.5,9-25-18-27-8 = 0.5,9-25-30-39-23-8 = 0.5
215,214,605.528,4.5,5.27,-1.5,Prune by UB,,11-14-11 = 1.0,8-22-16-41-11 = 1.0,8-19-38-36-8 = 1.0,11-31-13-26-11 = 0.5,11-28-31-26-11 = 0.5,11-28-13-11 = 0.5,11-40-33-29-11 = 1.0,9-30-20-35-9 = 0.5,11-17-27-32-34-9 = 1.0,9-25-37-9 = 0.5,9-15-24-39-9 = 0.5,9-15-24-21-9 = 0.5,9-21-39-20-35-9 = 0.5,9-25-30-37-9 = 0.5,9-18-12-23-8 = 1.0
448,359,605.334,6.333,3.562,0.0,Prune by UB,,9-37-9 = 0.667,8-22-14-11 = 0.75,8-19-38-36-8 = 1.0,11-31-13-26-11 = 0.5,11-28-31-26-11 = 0.5,11-28-13-11 = 0.5,11-40-33-29-11 = 0.75,11-22-16-17-41-11 = 0.25,11-12-27-32-9 = 0.75,11-12-17-16-41-11 = 0.25,8-23-18-39-21-9 = 0.25,11-16-17-27-32-11 = 0.25,9-24-39-20-9 = 0.25,9-30-20-35-9 = 0.667,11-40-17-16-41-14-11 = 0.25,9-15-21-37-9 = 0.333,9-15-24-39-9 = 0.333,9-15-24-21-9 = 0.333,9-21-39-20-35-9 = 0.083,11-41-33-29-11 = 0.25,9-30-39-24-9 = 0.083,9-25-18-23-34-8 = 0.75,9-25-30-35-34-8 = 0.25
554,299,605.594,4.7,3.328,-1.856,Prune by UB,,9-37-9 = 0.8,11-18-27-32-8 = 0.2,8-22-14-11 = 0.8,8-22-16-41-14-11 = 0.2,8-19-38-36-8 = 0.8,11-31-13-26-11 = 0.5,11-28-31-26-11 = 0.5,11-28-13-11 = 0.5,11-40-33-29-11 = 1.0,11-12-20-35-9 = 1.0,9-15-24-21-9 = 1.0,9-25-30-37-9 = 0.2,9-23-18-17-41-11 = 0.4,9-25-30-39-34-9 = 0.8,9-39-23-38-36-8 = 0.2,11-17-27-32-34-8 = 0.2,11-16-17-27-32-8 = 0.4,9-23-18-16-41-11 = 0.4,8-19-27-32-8 = 0.2
694,626,605.364,5.667,2.623,0.0,Prune by UB,,8-19-8 = 0.167,11-26-11 = 0.5,9-37-9 = 0.5,11-18-27-32-8 = 0.833,11-18-27-34-9 = 0.167,8-22-16-41-14-11 = 1.0,8-19-38-36-8 = 0.833,11-31-13-26-11 = 0.5,11-17-33-29-11 = 1.0,9-24-21-37-9 = 0.167,9-30-20-35-9 = 0.833,11-40-28-13-11 = 0.5,11-40-28-31-11 = 0.5,9-15-21-37-9 = 0.167,9-15-24-39-9 = 0.333,9-15-24-21-9 = 0.5,9-21-39-20-35-9 = 0.167,9-25-30-37-9 = 0.167,9-25-12-23-34-9 = 0.667,9-25-12-23-39-9 = 0.167,9-39-12-32-34-9 = 0.167,9-39-23-38-36-8 = 0.167
354,265,605.374,7.333,3.962,0.0,Prune by UB,,9-37-9 = 0.667,8-22-14-11 = 0.75,8-22-16-41-14-11 = 0.083,8-19-38-34-9 = 0.333,8-19-38-36-8 = 0.667,8-22-16-17-41-11 = 0.167,11-31-13-11 = 0.5,11-28-31-26-11 = 0.5,11-28-13-26-11 = 0.5,11-40-33-29-11 = 0.75,11-12-18-39-9 = 0.333,11-12-17-16-41-11 = 0.333,9-30-20-35-9 = 1.0,11-40-17-16-41-14-11 = 0.167,9-15-21-37-9 = 0.333,9-15-24-34-9 = 0.333,9-15-24-21-9 = 0.333,9-21-24-39-34-9 = 0.333,9-39-23-27-32-9 = 0.333,11-41-33-29-11 = 0.25,11-16-17-27-32-8 = 0.25,9-25-18-27-8 = 0.333,9-25-18-23-36-8 = 0.333,11-40-17-27-32-8 = 0.083,11-25-23-12-32-8 = 0.333
697,634,605.548,8.032,3.02,-1.134,Prune by UB,,11-14-11 = 0.75,9-15-9 = 0.226,8-19-8 = 0.065,8-36-8 = 0.177,9-37-9 = 1.0,8-22-19-8 = 0.484,8-19-38-36-8 = 0.274,8-22-16-17-32-8 = 0.097,8-22-16-17-32-9 = 0.242,11-31-13-26-11 = 0.5,11-28-31-26-11 = 0.5,11-28-13-11 = 0.5,11-40-33-29-11 = 0.75,11-12-17-16-41-11 = 0.323,8-23-12-32-34-9 = 0.5,8-23-18-32-34-9 = 0.161,9-30-20-35-9 = 0.742,11-40-17-16-41-14-11 = 0.25,9-25-20-35-9 = 0.258,9-15-24-39-9 = 0.032,9-15-24-21-9 = 0.742,9-25-30-39-21-9 = 0.258,9-25-18-27-9 = 0.484,9-18-27-34-9 = 0.339,11-41-33-29-11 = 0.25,9-39-12-17-41-11 = 0.089,9-39-23-38-36-8 = 0.339,11-22-19-8 = 0.177,9-24-38-36-8 = 0.21,9-39-12-16-41-11 = 0.089,9-39-27-38-8 = 0.177,9-18-39-24-9 = 0.016
105,104,605.629,5.527,6.435,-1.212,Prune by UB,,8-19-8 = 1.0,9-21-9 = 0.027,8-36-8 = 1.0,9-37-9 = 1.0,8-22-16-41-14-11 = 1.0,11-31-13-11 = 0.5,11-28-31-26-11 = 0.5,11-28-13-26-11 = 0.5,11-40-33-29-11 = 0.919,11-17-33-29-11 = 0.081,11-12-18-39-9 = 0.081,9-30-20-35-9 = 0.649,11-17-27-32-34-9 = 0.081,11-40-17-20-35-9 = 0.081,9-25-20-35-9 = 0.27,9-15-24-21-9 = 0.378,9-21-39-23-38-8 = 0.243,9-25-30-39-21-9 = 0.351,9-25-18-23-34-9 = 0.378,9-15-24-9 = 0.622,9-18-12-32-9 = 0.541,9-23-12-32-34-9 = 0.216,9-39-12-32-34-9 = 0.162,9-39-23-27-34-9 = 0.162,11-17-27-38-8 = 0.757
715,714,605.627,7.0,3.586,-1.625,Prune by UB,,9-37-9 = 0.8,11-18-27-34-9 = 0.4,8-22-14-11 = 0.5,8-22-16-41-14-11 = 0.3,8-19-38-36-8 = 1.0,8-23-27-32-34-9 = 0.2,11-31-13-11 = 0.5,11-28-31-26-11 = 0.5,11-28-13-26-11 = 0.5,11-40-33-29-11 = 0.7,11-22-16-17-41-11 = 0.2,11-17-33-29-11 = 0.3,9-24-39-35-34-9 = 0.2,11-40-17-16-41-14-11 = 0.2,9-15-21-37-9 = 0.2,9-15-24-21-9 = 0.8,9-23-27-32-34-9 = 0.2,9-39-23-27-35-9 = 0.2,9-25-30-20-9 = 0.4,11-12-18-23-8 = 0.4,11-40-17-16-41-11 = 0.1,11-18-17-16-41-11 = 0.2,9-25-39-20-35-9 = 0.6,9-30-12-32-8 = 0.6
49,48,605.434,5.308,7.024,0.008,Prune by UB,,9-15-9 = 0.154,9-21-9 = 0.051,9-37-9 = 1.0,8-19-38-36-8 = 1.0,11-31-13-26-11 = 0.333,11-28-31-26-11 = 0.667,11-28-13-11 = 0.333,11-40-33-29-11 = 0.667,11-22-16-41-14-11 = 1.0,11-17-20-33-11 = 0.333,11-17-20-35-32-11 = 0.026,11-17-20-35-34-9 = 0.308,9-30-35-27-9 = 0.051,11-40-17-20-35-9 = 0.333,9-25-13-29-11 = 0.333,9-15-24-21-9 = 0.846,9-25-30-39-21-9 = 0.103,9-25-30-23-34-9 = 0.282,9-25-35-27-32-11 = 0.282,9-18-27-32-11 = 0.026,9-18-12-32-9 = 0.667,9-23-18-27-9 = 0.308,9-39-12-27-9 = 0.333,9-30-39-24-9 = 0.154,9-30-39-23-34-9 = 0.41
719,718,605.571,8.573,3.405,-0.927,Prune by UB,,8-19-8 = 0.345,8-36-8 = 0.327,9-37-9 = 0.418,11-18-27-35-9 = 0.164,11-18-27-34-9 = 0.182,11-18-23-38-8 = 0.255,8-22-16-41-14-11 = 0.6,8-22-19-8 = 0.4,8-19-38-36-8 = 0.255,8-38-27-32-9 = 0.073,11-31-13-11 = 0.5,11-28-31-26-11 = 0.5,11-28-13-26-11 = 0.5,11-40-33-29-11 = 1.0,11-12-18-17-11 = 0.4,11-12-17-16-41-11 = 0.2,9-25-20-35-32-9 = 0.345,9-15-21-37-9 = 0.582,9-15-24-21-9 = 0.418,9-25-20-35-34-9 = 0.236,9-23-27-32-34-9 = 0.327,9-25-30-20-9 = 0.418,9-39-23-38-36-8 = 0.418,9-30-39-24-9 = 0.582,11-12-17-16-14-11 = 0.2,11-12-17-41-14-11 = 0.2,9-35-27-32-34-9 = 0.255
821,641,605.559,6.667,2.688,-0.667,Prune by UB,,8-36-8 = 0.333,9-37-9 = 0.667,8-22-16-41-14-11 = 0.667,8-22-19-8 = 0.333,8-19-38-36-8 = 0.667,11-31-13-26-11 = 0.667,11-28-31-26-11 = 0.333,11-28-29-11 = 0.333,11-17-33-32-34-9 = 0.667,9-30-20-35-9 = 0.667,11-40-28-29-11 = 0.333,11-40-17-16-41-14-11 = 0.333,9-25-13-29-11 = 0.333,9-15-24-21-9 = 1.0,9-25-30-37-9 = 0.333,9-25-12-23-39-9 = 0.333,9-12-18-39-9 = 0.667,9-23-18-27-9 = 0.333,11-40-33-32-34-9 = 0.333,9-20-35-27-8 = 0.333,9-23-27-38-8 = 0.333
785,393,605.609,6.833,2.934,-0.976,Prune by UB,,9-37-9 = 0.833,8-22-14-11 = 0.5,8-19-38-36-8 = 1.0,8-23-12-27-9 = 0.333,11-31-13-11 = 0.5,11-28-31-26-11 = 0.5,11-28-13-26-11 = 0.5,11-40-33-29-11 = 1.0,11-22-16-41-14-11 = 0.5,11-17-20-35-34-9 = 0.417,11-17-27-20-9 = 0.333,8-23-12-32-34-9 = 0.167,11-17-20-35-32-8 = 0.25,9-15-24-39-9 = 0.25,9-15-24-21-9 = 0.75,9-25-30-37-9 = 0.167,9-25-30-39-21-9 = 0.25,9-39-23-27-35-9 = 0.083,9-25-18-16-41-11 = 0.5,9-30-39-23-34-9 = 0.417,9-25-35-27-32-8 = 0.083,9-30-35-27-8 = 0.167,9-18-12-32-8 = 0.5
913,900,605.331,7.0,2.315,0.968,Prune by UB,,9-37-9 = 1.0,8-19-38-36-8 = 1.0,11-31-13-26-11 = 0.5,11-28-31-26-11 = 0.5,11-40-33-29-11 = 0.5,11-22-14-11 = 0.5,11-22-16-17-41-11 = 0.5,11-12-27-32-9 = 0.5,11-12-27-34-9 = 0.5,9-30-20-35-9 = 1.0,11-40-17-16-41-14-11 = 0.5,9-15-24-39-9 = 0.5,9-15-24-21-9 = 0.5,9-23-18-32-34-9 = 0.5,9-25-33-29-11 = 0.5,9-25-28-13-11 = 0.5,9-23-18-39-21-9 = 0.5
928,574,605.535,6.556,2.381,-0.444,Prune by UB,,9-37-9 = 0.556,8-22-14-11 = 0.778,8-22-19-8 = 0.222,8-19-38-36-8 = 0.778,11-31-13-26-11 = 0.5,11-28-31-26-11 = 0.5,11-28-13-11 = 0.5,11-40-33-29-11 = 0.5,8-23-39-20-35-9 = 0.222,11-17-33-29-11 = 0.167,11-40-17-16-41-14-11 = 0.222,9-15-24-21-9 = 1.0,9-25-30-37-9 = 0.444,9-23-27-32-34-9 = 0.222,9-25-30-39-34-9 = 0.556,11-41-33-29-11 = 0.278,11-40-12-23-34-9 = 0.222,11-18-12-32-8 = 0.778,11-40-17-16-41-11 = 0.056,9-18-17-16-41-11 = 0.111,11-16-17-38-36-8 = 0.222,11-16-33-29-11 = 0.056,9-39-23-17-16-41-11 = 0.222,9-27-20-35-9 = 0.778,9-23-18-16-41-11 = 0.111
964,867,605.829,7.0,2.605,-2.391,Prune by UB,,8-19-8 = 1.0,9-37-9 = 1.0,8-22-14-11 = 1.0,11-31-13-26-11 = 0.5,11-28-31-26-11 = 0.5,11-28-13-11 = 0.5,11-40-33-29-11 = 0.5,11-16-17-20-35-9 = 0.5,9-30-20-35-9 = 0.5,9-15-24-21-9 = 1.0,9-25-12-32-34-9 = 0.5,9-18-27-32-9 = 0.5,9-23-18-27-9 = 0.5,9-25-30-39-34-9 = 0.5,11-41-33-29-11 = 0.5,9-39-23-38-36-8 = 0.5,11-40-12-17-41-11 = 0.5,11-16-38-36-8 = 0.5
625,315,605.332,7.962,2.989,0.962,Prune by UB,,9-37-9 = 0.532,11-18-27-32-8 = 0.443,11-18-27-34-9 = 0.278,8-22-14-11 = 0.57,8-19-38-36-8 = 0.722,8-12-20-35-9 = 0.215,11-31-13-26-11 = 0.57,11-28-31-26-11 = 0.43,11-28-13-11 = 0.43,11-28-29-11 = 0.139,11-40-33-29-11 = 0.722,11-22-16-17-41-11 = 0.152,8-23-12-32-34-9 = 0.215,8-23-18-27-8 = 0.278,9-24-21-37-9 = 0.063,9-30-20-35-9 = 0.658,9-15-21-37-9 = 0.063,9-15-24-39-9 = 0.19,9-15-24-21-9 = 0.747,9-21-39-20-35-9 = 0.127,9-25-30-37-9 = 0.342,9-25-12-23-34-9 = 0.165,9-25-12-23-39-9 = 0.063,9-39-12-32-34-9 = 0.342,11-41-33-29-11 = 0.139,9-25-17-16-41-14-11 = 0.43,9-39-23-38-36-8 = 0.278,11-16-17-33-11 = 0.139,11-22-19-8 = 0.278,11-40-17-16-41-11 = 0.278
251,181,606.189,4.0,5.325,-4.667,Prune by UB,,8-36-8 = 0.125,9-37-9 = 1.0,11-13-29-11 = 0.375,8-22-16-41-14-11 = 0.875,8-22-19-8 = 0.125,8-19-38-36-8 = 0.875,11-28-31-26-11 = 1.0,11-40-33-29-11 = 0.125,11-12-18-39-9 = 0.5,9-30-20-35-9 = 1.0,11-40-17-16-41-14-11 = 0.125,9-25-13-29-11 = 0.5,9-15-24-21-9 = 1.0,9-25-12-32-34-9 = 0.25,9-25-12-23-34-9 = 0.25,9-18-27-34-9 = 0.125,9-23-18-27-9 = 0.375,9-39-23-27-34-9 = 0.375,9-39-27-38-8 = 0.125,11-40-17-33-32-8 = 0.75,11-17-33-13-9 = 0.125
29,25,605.297,5.0,7.987,1.1,Prune by UB,,9-15-9 = 0.2,9-21-9 = 0.1,11-26-11 = 0.5,9-37-9 = 1.0,8-19-38-36-8 = 1.0,11-31-13-11 = 0.5,11-28-31-26-11 = 0.5,11-28-13-11 = 0.5,11-40-33-29-11 = 1.0,11-22-14-11 = 1.0,11-12-17-16-41-11 = 1.0,9-30-20-35-9 = 0.7,9-15-24-21-9 = 0.8,9-25-30-39-21-9 = 0.1,9-25-18-23-34-9 = 0.5,9-25-18-23-39-9 = 0.1,9-25-20-35-34-9 = 0.3,9-18-27-32-9 = 0.4,9-39-27-32-34-9 = 0.2,9-39-23-27-32-9 = 0.4,9-30-39-24-9 = 0.2
321,320,605.883,5.667,5.632,-2.278,Prune by UB,,8-22-14-11 = 0.667,8-22-19-8 = 0.167,8-19-38-36-8 = 0.833,8-23-20-35-34-9 = 0.167,11-31-13-11 = 0.5,11-28-31-26-11 = 0.5,11-28-13-26-11 = 0.5,11-40-33-29-11 = 0.333,11-17-33-29-11 = 0.333,11-12-18-16-11 = 0.333,9-30-20-35-9 = 0.833,11-40-17-16-41-14-11 = 0.333,9-25-37-9 = 0.833,9-15-24-21-9 = 1.0,9-25-30-37-9 = 0.167,9-39-27-32-34-9 = 0.833,11-41-33-29-11 = 0.333,11-12-18-23-8 = 0.667,11-40-17-16-41-11 = 0.333,8-22-38-36-8 = 0.167,9-39-23-27-32-8 = 0.167
291,273,605.474,6.667,4.417,0.667,Prune by UB,,9-37-9 = 0.833,8-27-20-35-9 = 0.417,8-22-14-11 = 0.5,8-22-19-36-8 = 0.167,8-19-38-36-8 = 0.833,8-22-16-17-41-11 = 0.083,11-31-13-26-11 = 0.5,11-28-31-26-11 = 0.5,11-28-13-11 = 0.5,11-40-33-29-11 = 0.75,11-22-16-41-14-11 = 0.25,11-17-33-29-11 = 0.25,11-12-18-34-9 = 0.583,11-12-17-16-41-11 = 0.417,9-24-27-32-9 = 0.167,9-30-20-35-9 = 0.167,11-40-17-16-41-14-11 = 0.25,9-15-21-37-9 = 0.167,9-15-24-21-9 = 0.833,9-18-27-32-9 = 0.417,9-25-30-39-23-8 = 0.833,9-25-39-23-38-8 = 0.167,9-20-35-32-34-9 = 0.417
609,481,605.793,6.286,3.542,-1.714,Prune by UB,,9-37-9 = 0.643,8-22-14-11 = 0.786,8-22-19-8 = 0.071,8-19-38-36-8 = 0.929,11-31-13-26-11 = 0.5,11-28-31-26-11 = 0.5,11-40-33-29-11 = 0.214,8-23-18-27-9 = 0.071,9-24-21-37-9 = 0.143,9-30-20-35-9 = 0.786,11-40-28-13-11 = 0.5,11-40-17-16-41-14-11 = 0.214,9-15-21-37-9 = 0.214,9-15-24-39-9 = 0.429,9-15-24-21-9 = 0.357,9-21-39-20-35-9 = 0.214,9-25-30-39-21-9 = 0.071,9-25-18-23-34-9 = 0.786,9-23-18-32-34-9 = 0.071,9-25-30-39-34-9 = 0.143,11-41-33-29-11 = 0.286,9-39-23-38-36-8 = 0.071,11-16-17-33-11 = 0.429,11-40-12-33-11 = 0.071,8-22-41-29-11 = 0.143,11-17-16-41-29-11 = 0.357,11-12-27-32-8 = 0.929,9-18-39-24-9 = 0.071
525,446,605.842,7.0,3.872,-2.0,Prune by UB,,9-37-9 = 0.625,8-22-19-36-8 = 0.125,8-19-38-34-9 = 0.125,8-19-38-36-8 = 0.75,11-31-13-26-11 = 0.625,11-28-31-26-11 = 0.375,11-28-13-11 = 0.25,11-28-29-11 = 0.375,11-40-33-29-11 = 0.5,11-22-14-11 = 0.75,11-22-16-41-14-11 = 0.125,11-17-33-32-34-9 = 0.5,9-30-20-35-9 = 0.5,11-40-17-20-35-9 = 0.5,9-25-13-29-11 = 0.125,9-15-24-21-9 = 1.0,9-25-30-37-9 = 0.375,9-25-12-27-9 = 0.375,9-18-12-32-9 = 0.25,9-39-27-32-34-9 = 0.25,9-39-12-27-9 = 0.375,9-25-30-39-34-9 = 0.125,9-39-23-38-36-8 = 0.125,9-39-23-16-41-14-11 = 0.125,9-23-18-16-41-11 = 0.75
807,787,605.331,8.091,2.459,1.758,Prune by UB,,8-19-8 = 0.227,9-37-9 = 0.591,8-22-14-11 = 0.523,8-22-16-41-14-11 = 0.477,8-19-38-36-8 = 0.773,11-31-13-11 = 0.5,11-28-31-26-11 = 0.5,11-28-13-26-11 = 0.5,11-40-33-29-11 = 0.977,11-12-18-35-9 = 0.182,11-12-18-23-9 = 0.318,11-16-17-27-35-9 = 0.023,11-12-17-16-41-11 = 0.5,9-24-39-20-9 = 0.409,9-30-20-34-9 = 0.136,11-17-27-32-34-9 = 0.455,11-40-17-27-35-9 = 0.023,9-15-21-37-9 = 0.409,9-15-24-21-9 = 0.591,11-41-33-29-11 = 0.023,9-30-39-23-34-9 = 0.409,9-39-27-20-9 = 0.182,9-25-35-27-32-8 = 0.091,9-25-18-27-8 = 0.227,9-23-18-20-9 = 0.273,9-25-35-38-36-8 = 0.227,9-25-30-35-32-8 = 0.455
302,229,605.385,7.2,4.424,1.4,Prune by UB,,8-19-8 = 0.2,9-37-9 = 0.6,8-27-20-35-9 = 0.2,8-22-14-11 = 0.5,8-22-16-41-14-11 = 0.3,8-19-16-41-14-11 = 0.2,8-22-19-8 = 0.2,8-19-38-36-8 = 0.4,11-31-13-26-11 = 0.5,11-28-31-26-11 = 0.5,11-40-33-29-11 = 0.1,11-17-33-29-11 = 0.9,11-41-27-32-34-9 = 0.2,11-16-27-32-34-9 = 0.2,9-30-20-35-9 = 0.8,11-40-28-13-11 = 0.5,11-40-17-27-32-11 = 0.1,9-25-37-9 = 0.2,9-15-24-21-9 = 1.0,9-25-30-37-9 = 0.2,9-25-18-32-34-9 = 0.2,9-25-18-23-34-9 = 0.4,9-39-23-38-36-8 = 0.6,11-40-12-16-41-11 = 0.3,11-12-27-32-11 = 0.1,11-12-27-32-8 = 0.2,11-12-18-39-8 = 0.4
814,582,605.579,4.0,2.253,-0.0,Prune by UB,,11-14-11 = 0.375,9-37-9 = 0.062,8-22-16-41-11 = 0.375,8-22-16-41-14-11 = 0.625,8-19-38-36-8 = 1.0,11-31-13-26-11 = 0.5,11-28-31-26-11 = 0.5,11-40-33-29-11 = 0.25,11-17-33-29-11 = 0.75,11-12-18-17-11 = 0.062,11-12-18-39-9 = 0.812,11-40-12-23-39-9 = 0.062,11-40-18-23-39-9 = 0.063,9-30-20-35-9 = 1.0,11-40-28-13-11 = 0.5,9-25-37-9 = 0.938,9-15-24-21-9 = 1.0,9-25-17-27-34-9 = 0.062,11-40-17-32-34-8 = 0.062,11-40-39-12-17-11 = 0.063,9-23-27-32-34-8 = 0.875,9-18-27-32-8 = 0.062
535,394,605.647,7.0,3.531,-0.41,Prune by UB,,11-14-11 = 0.214,8-19-8 = 0.286,8-36-8 = 0.143,9-37-9 = 0.238,8-22-14-11 = 0.286,8-19-38-36-8 = 0.714,8-23-12-27-8 = 0.429,8-23-12-17-32-8 = 0.143,11-31-13-11 = 0.214,11-31-13-26-11 = 0.286,11-28-31-26-11 = 0.5,11-28-13-26-11 = 0.214,11-40-33-29-11 = 0.714,11-22-16-41-14-11 = 0.5,11-17-33-29-11 = 0.286,11-17-27-32-34-9 = 0.429,11-40-28-13-11 = 0.286,9-15-24-39-9 = 0.095,9-15-24-21-9 = 0.81,9-21-39-23-16-41-11 = 0.19,9-25-30-37-9 = 0.762,9-39-12-32-34-9 = 0.429,9-25-30-39-34-9 = 0.143,9-25-30-24-9 = 0.095,11-17-27-38-8 = 0.143,9-39-23-38-36-8 = 0.143,11-22-16-41-11 = 0.214,9-18-20-35-9 = 1.0,9-15-23-16-41-11 = 0.095
485,484,605.743,5.75,3.718,-0.917,Prune by UB,,9-37-9 = 0.875,8-19-38-36-8 = 0.5,11-31-13-26-11 = 0.5,11-28-31-26-11 = 0.5,11-28-13-11 = 0.375,11-40-33-29-11 = 1.0,8-23-18-27-9 = 0.5,11-22-14-11 = 0.5,11-17-27-38-9 = 0.375,11-12-18-39-9 = 0.125,9-24-21-37-9 = 0.125,9-30-20-35-9 = 1.0,11-17-27-32-34-9 = 0.125,9-15-24-21-9 = 0.875,9-39-12-32-34-9 = 0.875,9-25-17-16-41-14-11 = 0.375,11-22-19-36-8 = 0.5,9-25-18-16-41-11 = 0.25,9-25-28-13-11 = 0.125,9-25-23-17-16-41-11 = 0.125,9-25-23-16-41-14-11 = 0.125,9-23-18-16-41-11 = 0.125,9-15-23-38-9 = 0.125
578,191,605.644,7.75,3.361,-0.25,Prune by UB,,11-14-11 = 0.5,9-37-9 = 0.375,8-22-19-8 = 0.375,8-19-38-36-8 = 0.625,8-22-16-17-41-11 = 0.5,8-22-16-17-14-11 = 0.125,11-31-13-26-11 = 0.5,11-28-31-26-11 = 0.5,11-28-13-11 = 0.5,11-40-33-29-11 = 1.0,11-41-27-32-34-9 = 0.25,8-23-12-32-34-9 = 0.25,9-24-21-37-9 = 0.125,9-30-20-35-9 = 0.25,9-15-21-37-9 = 0.125,9-15-24-39-9 = 0.125,9-15-24-21-9 = 0.75,9-25-30-37-9 = 0.375,9-25-18-23-34-9 = 0.125,9-12-18-39-9 = 0.125,9-25-30-39-34-9 = 0.375,9-25-17-16-41-14-11 = 0.125,9-39-23-38-36-8 = 0.375,11-27-20-35-9 = 0.75,8-23-17-16-41-14-11 = 0.125,9-18-12-32-8 = 0.5,9-18-12-23-8 = 0.125,9-18-17-16-14-11 = 0.125
855,765,605.565,7.373,2.423,0.373,Prune by UB,,9-37-9 = 0.547,8-22-14-11 = 0.413,8-22-19-36-8 = 0.067,8-19-38-36-8 = 0.933,8-38-27-34-9 = 0.067,8-23-12-27-8 = 0.467,11-31-13-26-11 = 0.667,11-28-31-26-11 = 0.333,11-28-13-11 = 0.333,11-28-29-11 = 0.333,11-40-33-29-11 = 0.667,11-22-14-11 = 0.253,11-22-16-17-41-11 = 0.267,11-41-27-32-34-9 = 0.4,11-16-17-27-32-11 = 0.067,8-23-12-32-34-8 = 0.053,11-25-37-9 = 0.013,9-24-21-37-9 = 0.22,9-30-20-35-9 = 1.0,11-40-17-16-41-14-11 = 0.333,9-15-21-37-9 = 0.22,9-15-24-39-9 = 0.493,9-15-24-21-9 = 0.287,9-25-18-23-34-9 = 0.48,9-25-18-39-21-9 = 0.273,11-16-17-33-11 = 0.333,9-18-12-32-8 = 0.247,9-25-39-12-32-8 = 0.233
563,561,605.754,5.5,3.641,-0.821,Prune by UB,,9-37-9 = 1.0,8-19-38-36-8 = 0.75,8-23-12-16-14-11 = 0.25,11-31-13-26-11 = 0.5,11-28-31-26-11 = 0.5,11-28-13-11 = 0.5,11-40-33-29-11 = 1.0,11-22-14-11 = 0.25,11-22-16-41-14-11 = 0.25,11-12-18-39-9 = 0.25,11-16-17-20-35-9 = 0.25,11-22-16-38-9 = 0.25,9-30-20-35-9 = 0.75,9-30-18-39-9 = 0.25,9-15-24-21-9 = 1.0,9-25-12-32-34-9 = 0.25,9-23-18-17-41-11 = 0.5,9-39-12-27-9 = 0.25,11-22-19-36-8 = 0.25,9-25-27-32-34-9 = 0.75,9-39-23-17-41-14-11 = 0.25
570,278,605.608,8.5,3.367,0.25,Prune by UB,,9-37-9 = 0.75,8-22-14-11 = 0.5,8-22-19-8 = 0.25,8-19-38-36-8 = 0.75,11-31-13-26-11 = 0.5,11-28-31-26-11 = 0.5,11-28-13-11 = 0.5,11-40-33-29-11 = 0.75,11-22-16-41-14-11 = 0.25,11-17-33-29-11 = 0.25,11-12-17-16-41-11 = 0.5,8-23-18-20-9 = 0.5,9-24-39-20-9 = 0.5,11-40-17-16-41-14-11 = 0.25,9-15-21-37-9 = 0.25,9-15-24-21-9 = 0.5,9-25-30-35-34-9 = 0.25,9-25-30-39-35-9 = 0.25,9-25-30-39-21-9 = 0.25,9-25-35-27-34-9 = 0.25,9-23-27-32-34-9 = 0.5,9-15-38-36-8 = 0.25,11-18-12-32-8 = 0.5,9-30-35-27-8 = 0.25
805,803,605.804,5.5,3.13,-0.967,Prune by UB,,11-14-11 = 0.25,9-37-9 = 0.75,11-18-20-35-9 = 0.25,8-19-38-36-8 = 1.0,11-31-13-11 = 0.5,11-28-31-26-11 = 0.5,11-28-13-26-11 = 0.5,11-40-33-29-11 = 1.0,11-22-16-41-14-11 = 0.75,9-30-20-35-9 = 0.625,9-15-21-37-9 = 0.25,9-15-24-21-9 = 0.75,9-18-27-34-9 = 0.625,9-23-12-17-32-9 = 0.75,9-25-30-39-34-9 = 0.375,11-22-16-41-11 = 0.25,9-18-12-17-9 = 0.125,9-25-39-23-24-9 = 0.25,9-25-39-20-35-9 = 0.125,9-12-17-27-9 = 0.125,9-25-39-27-32-11 = 0.25
564,561,605.571,7.0,3.459,0.679,Prune by UB,,9-37-9 = 1.0,8-19-16-41-14-11 = 0.5,8-19-36-38-9 = 0.5,11-31-13-26-11 = 0.5,11-28-31-26-11 = 0.5,11-40-33-29-11 = 0.5,11-22-14-11 = 0.5,11-22-16-17-41-11 = 0.5,11-17-33-29-11 = 0.5,11-12-18-39-9 = 0.5,9-30-20-35-9 = 1.0,11-40-28-13-11 = 0.5,9-15-24-21-9 = 1.0,9-25-12-32-34-9 = 0.5,9-39-23-38-36-8 = 0.5,9-25-27-32-34-9 = 0.5,9-23-18-27-8 = 0.5
150,148,605.677,7.0,5.597,0.0,Prune by UB,,9-37-9 = 0.833,8-19-12-23-9 = 0.167,8-19-38-34-9 = 0.333,8-19-38-36-8 = 0.5,11-31-13-11 = 0.5,11-28-31-26-11 = 0.5,11-28-13-26-11 = 0.5,11-40-33-29-11 = 0.5,11-22-16-41-14-11 = 1.0,11-17-33-29-11 = 0.5,9-30-20-35-9 = 0.167,11-40-17-20-35-9 = 0.5,9-21-39-20-35-9 = 0.333,9-25-30-37-9 = 0.167,9-25-30-39-21-9 = 0.667,9-25-12-23-34-9 = 0.167,9-15-24-9 = 1.0,9-18-27-32-11 = 0.5,9-18-12-23-9 = 0.167,9-23-12-32-34-9 = 0.5,9-27-38-36-8 = 0.167,9-18-27-36-8 = 0.333
659,658,605.663,6.111,5.287,0.111,Prune by UB,,9-15-9 = 0.222,9-37-9 = 1.0,8-22-14-11 = 0.167,8-22-16-41-14-11 = 0.833,8-19-38-36-8 = 1.0,11-31-13-26-11 = 0.667,11-28-31-26-11 = 0.333,11-40-33-29-11 = 0.5,11-28-20-35-9 = 0.333,11-17-33-29-11 = 0.333,11-16-17-20-35-9 = 0.167,11-40-17-20-35-9 = 0.5,9-15-24-21-9 = 0.778,9-25-30-39-21-9 = 0.222,9-18-27-34-9 = 0.111,9-23-27-32-34-9 = 0.333,9-23-18-27-9 = 0.222,9-25-30-39-34-9 = 0.444,11-41-33-29-11 = 0.167,9-30-39-24-9 = 0.222,9-30-39-23-34-9 = 0.111,9-25-28-13-9 = 0.333,9-18-12-32-8 = 0.667,9-23-12-27-8 = 0.333
948,771,605.554,7.889,2.372,0.889,Prune by UB,,9-37-9 = 0.833,8-22-19-36-8 = 0.5,8-19-38-36-8 = 0.5,11-31-13-26-11 = 0.5,11-28-31-26-11 = 0.5,11-28-13-11 = 0.5,11-40-33-29-11 = 0.722,11-22-14-11 = 0.5,11-17-33-29-11 = 0.278,11-17-27-38-9 = 0.5,11-12-27-32-9 = 0.222,11-40-12-27-9 = 0.056,9-30-20-35-9 = 0.611,9-30-18-39-9 = 0.222,11-40-17-27-32-9 = 0.222,9-15-21-37-9 = 0.167,9-15-24-21-9 = 0.833,9-25-12-32-34-9 = 0.556,9-25-18-23-34-9 = 0.056,9-25-20-35-34-9 = 0.389,9-12-18-39-9 = 0.167,9-30-39-24-9 = 0.167,9-39-23-16-41-14-11 = 0.444,9-23-18-16-41-11 = 0.5,9-18-16-41-14-11 = 0.056
136,96,605.483,6.5,5.718,1.357,Prune by UB,,11-14-11 = 0.25,9-37-9 = 0.25,11-18-20-35-9 = 0.25,8-19-38-36-8 = 1.0,11-31-13-11 = 0.5,11-28-31-26-11 = 0.5,11-28-13-26-11 = 0.5,11-40-33-29-11 = 1.0,11-22-14-11 = 0.75,11-16-27-32-34-9 = 0.75,11-18-39-24-9 = 0.25,9-30-20-35-9 = 0.5,9-15-21-37-9 = 0.25,9-15-24-21-9 = 0.75,9-25-30-37-9 = 0.5,9-25-18-23-39-9 = 0.25,9-25-20-35-34-9 = 0.25,9-18-12-17-11 = 0.25,9-23-12-17-41-11 = 0.5,9-39-23-27-32-11 = 0.25,9-39-12-17-41-11 = 0.25,11-22-16-41-11 = 0.25
58,20,605.874,5.0,7.699,-1.0,Prune by UB,,11-14-11 = 0.5,8-19-38-36-8 = 1.0,11-31-13-11 = 0.5,11-28-31-26-11 = 0.5,11-28-13-26-11 = 0.5,11-40-33-29-11 = 0.5,11-22-14-11 = 0.5,11-16-17-20-35-9 = 0.5,11-40-17-20-35-9 = 0.5,9-15-24-21-9 = 1.0,9-25-30-37-9 = 1.0,9-18-12-32-11 = 1.0,9-39-23-27-34-9 = 1.0,11-41-33-29-11 = 0.5,11-22-16-41-11 = 0.5
119,107,605.46,7.0,6.006,1.889,Prune by UB,,11-26-11 = 0.5,9-37-9 = 0.5,8-19-38-36-8 = 1.0,11-31-13-26-11 = 0.5,11-22-16-41-14-11 = 1.0,11-17-33-29-11 = 1.0,9-24-20-35-9 = 0.5,9-30-20-35-9 = 0.5,11-40-28-13-11 = 0.5,11-40-28-31-11 = 0.5,9-15-21-37-9 = 0.5,9-15-24-9 = 0.5,9-18-12-32-9 = 0.5,9-23-27-32-34-9 = 0.5,9-23-18-27-9 = 0.5,9-25-30-39-34-9 = 0.5,9-25-12-39-21-9 = 0.5
169,89,605.741,9.0,5.496,0.136,Prune by UB,,9-37-9 = 0.75,8-22-14-11 = 0.5,8-22-19-8 = 0.5,8-19-38-36-8 = 0.5,11-31-13-26-11 = 0.5,11-28-31-26-11 = 0.5,11-40-33-29-11 = 0.5,8-12-18-23-8 = 0.5,11-16-27-32-34-9 = 0.5,11-16-17-27-32-11 = 0.5,9-30-18-35-9 = 0.25,9-30-18-39-9 = 0.25,11-40-28-13-11 = 0.5,9-25-20-35-9 = 0.25,9-15-21-37-9 = 0.25,9-15-24-21-9 = 0.75,9-25-20-35-34-9 = 0.5,9-25-30-20-9 = 0.25,11-41-33-29-11 = 0.5,9-39-23-38-36-8 = 0.5,9-30-39-24-9 = 0.25,11-12-17-41-14-11 = 0.5
396,366,605.642,8.125,4.035,0.982,Prune by UB,,11-14-11 = 0.375,8-19-8 = 0.437,9-37-9 = 0.125,8-22-16-41-14-11 = 0.188,8-22-19-8 = 0.313,8-19-38-36-8 = 0.25,8-22-16-17-41-11 = 0.5,8-23-27-32-34-9 = 0.063,11-31-13-11 = 0.5,11-28-31-26-11 = 0.5,11-28-13-26-11 = 0.5,11-40-33-29-11 = 1.0,11-12-27-32-9 = 0.437,11-12-27-34-9 = 0.125,11-16-27-32-34-9 = 0.125,8-23-18-27-8 = 0.187,11-12-20-35-9 = 0.438,9-24-21-37-9 = 0.125,9-30-20-35-9 = 0.375,9-15-21-37-9 = 0.125,9-15-24-34-9 = 0.25,9-15-24-39-9 = 0.063,9-15-24-21-9 = 0.563,9-21-39-20-35-9 = 0.187,9-25-30-37-9 = 0.625,9-25-18-32-34-9 = 0.375,9-39-23-38-36-8 = 0.75,9-18-17-41-14-11 = 0.313,9-18-17-16-14-11 = 0.125,8-16-17-27-34-8 = 0.063
847,815,605.714,5.5,2.642,0.5,Prune by UB,,9-37-9 = 0.833,8-22-19-36-8 = 1.0,11-31-13-26-11 = 0.5,11-28-31-26-11 = 0.5,11-28-13-11 = 0.5,11-40-33-29-11 = 0.75,11-12-18-17-11 = 0.25,9-30-20-35-9 = 0.583,9-25-20-35-32-9 = 0.167,9-15-24-21-9 = 1.0,9-25-30-37-9 = 0.167,9-25-35-27-32-9 = 0.25,9-25-18-27-9 = 0.167,9-18-27-32-9 = 0.583,9-25-30-20-9 = 0.25,9-39-23-38-34-9 = 1.0,11-41-33-29-11 = 0.25,11-12-17-16-14-11 = 0.5,11-40-12-17-41-11 = 0.25,11-16-41-14-11 = 0.5
630,285,605.668,6.333,3.009,1.0,Prune by UB,,9-37-9 = 0.833,11-18-27-32-9 = 0.167,8-22-14-11 = 0.5,8-22-16-41-14-11 = 0.5,8-19-38-36-8 = 0.667,8-19-23-24-9 = 0.167,8-19-23-17-41-11 = 0.167,11-31-13-26-11 = 0.5,11-28-31-26-11 = 0.5,11-28-13-11 = 0.5,11-40-33-29-11 = 0.833,11-17-33-29-11 = 0.167,11-12-27-32-9 = 0.667,11-16-17-20-35-9 = 0.167,11-12-17-16-41-11 = 0.333,11-40-17-27-32-9 = 0.167,9-15-21-37-9 = 0.167,9-15-24-21-9 = 0.833,9-39-23-38-36-8 = 0.333,9-18-20-35-9 = 0.833,9-25-30-23-34-8 = 0.333,9-25-30-39-34-8 = 0.667
453,209,605.833,7.0,3.986,0.0,Prune by UB,,11-14-11 = 0.214,8-19-8 = 0.143,9-37-9 = 0.714,8-22-16-41-11 = 0.214,8-22-16-41-14-11 = 0.786,8-19-38-36-8 = 0.857,11-31-13-26-11 = 0.5,11-28-31-26-11 = 0.5,11-28-13-11 = 0.357,11-40-33-29-11 = 0.286,11-17-33-29-11 = 0.714,11-40-28-13-11 = 0.143,11-40-17-27-32-11 = 0.286,9-15-24-39-9 = 0.286,9-15-24-21-9 = 0.714,9-25-30-37-9 = 0.286,9-25-30-39-21-9 = 0.286,9-23-12-32-34-9 = 0.286,9-25-30-39-34-9 = 0.286,9-30-39-23-34-9 = 0.143,11-27-20-35-9 = 0.714,11-40-20-35-34-9 = 0.286,9-18-23-38-8 = 0.143,9-25-18-23-36-8 = 0.143,9-18-12-32-8 = 0.429,9-18-12-23-8 = 0.286
620,617,605.608,5.6,3.106,1.6,Prune by UB,,8-22-8 = 0.2,9-37-9 = 0.8,8-22-14-11 = 0.4,8-22-19-8 = 0.2,8-19-38-36-8 = 0.8,11-28-31-26-11 = 0.6,11-28-13-26-11 = 0.4,11-40-33-29-11 = 0.4,11-16-17-20-35-9 = 0.2,9-30-20-35-9 = 0.8,11-40-17-16-41-14-11 = 0.6,9-25-13-29-11 = 0.2,9-15-24-21-9 = 1.0,9-25-30-37-9 = 0.2,9-25-18-23-34-9 = 0.6,9-23-18-32-34-9 = 0.4,9-39-12-27-9 = 1.0,11-41-33-29-11 = 0.4,8-22-38-36-8 = 0.2,8-16-17-33-32-8 = 0.2,11-31-13-32-8 = 0.4
361,289,605.98,7.5,4.652,-0.833,Prune by UB,,11-14-11 = 0.25,9-37-9 = 0.5,11-18-20-35-9 = 0.25,8-22-16-41-14-11 = 0.25,8-19-16-41-14-11 = 0.25,8-22-19-8 = 0.5,8-19-38-36-8 = 0.25,11-31-13-26-11 = 0.5,11-28-31-26-11 = 0.5,11-28-13-11 = 0.5,11-40-33-29-11 = 1.0,8-12-18-39-9 = 0.25,11-22-14-11 = 0.25,8-18-12-32-8 = 0.25,9-30-20-35-9 = 0.75,11-17-27-32-34-9 = 0.75,9-15-21-37-9 = 0.25,9-15-24-21-9 = 0.75,9-25-30-37-9 = 0.25,9-39-23-38-36-8 = 0.5,9-25-17-27-34-9 = 0.25,8-23-18-16-41-11 = 0.25,9-25-12-38-8 = 0.25,9-25-12-23-36-8 = 0.25,9-24-39-16-41-11 = 0.25
512,263,605.728,6.0,3.383,1.0,Prune by UB,,9-37-9 = 1.0,8-22-14-11 = 0.25,8-22-16-41-14-11 = 0.75,8-19-38-36-8 = 1.0,11-31-13-26-11 = 0.5,11-28-31-26-11 = 0.5,11-28-13-11 = 0.5,11-40-33-29-11 = 0.75,11-16-17-20-35-9 = 0.25,11-12-20-35-9 = 0.5,11-40-17-20-35-9 = 0.25,9-15-24-21-9 = 1.0,9-18-27-34-9 = 0.5,11-41-33-29-11 = 0.25,11-18-12-32-11 = 0.5,9-30-39-23-34-9 = 0.5,9-25-30-39-23-8 = 0.5,9-25-17-27-32-8 = 0.5
906,818,605.615,6.782,2.33,2.115,Prune by UB,,8-19-8 = 0.964,9-37-9 = 0.291,8-22-16-41-14-11 = 0.636,8-19-38-36-8 = 0.018,8-19-27-32-11 = 0.018,11-31-13-26-11 = 0.5,11-28-31-26-11 = 0.5,11-40-33-29-11 = 0.236,11-22-14-11 = 0.118,11-22-16-17-41-11 = 0.1,11-22-16-41-14-11 = 0.145,11-17-33-29-11 = 0.764,8-18-27-32-11 = 0.364,11-12-27-35-9 = 0.036,11-12-27-34-9 = 0.382,11-40-12-27-9 = 0.164,11-12-20-35-9 = 0.418,9-24-21-37-9 = 0.091,9-30-20-35-9 = 0.545,11-40-28-13-11 = 0.5,11-40-17-16-41-14-11 = 0.1,9-15-21-37-9 = 0.164,9-15-24-39-9 = 0.091,9-15-24-21-9 = 0.745,9-25-30-37-9 = 0.455,9-25-18-32-34-9 = 0.545,9-23-18-32-34-9 = 0.073,9-39-23-38-36-8 = 0.909,9-24-38-36-8 = 0.073,11-17-20-27-8 = 0.036,9-23-18-16-41-11 = 0.018
917,916,605.861,7.6,2.888,0.6,Prune by UB,,9-37-9 = 0.6,8-19-38-36-8 = 1.0,11-31-13-26-11 = 0.5,11-28-31-26-11 = 0.5,11-40-33-29-11 = 0.5,11-22-14-11 = 1.0,11-16-17-20-35-9 = 0.5,9-24-21-37-9 = 0.2,11-40-17-20-35-9 = 0.5,9-15-21-37-9 = 0.2,9-15-24-21-9 = 0.6,9-25-30-23-34-9 = 0.4,9-15-24-9 = 0.2,9-18-27-32-9 = 0.3,9-18-12-32-9 = 0.5,9-23-18-27-9 = 0.2,9-39-23-27-32-9 = 0.2,9-25-30-39-34-9 = 0.1,11-41-33-29-11 = 0.5,9-39-12-16-41-11 = 0.5,9-30-39-23-34-9 = 0.2,9-25-28-13-11 = 0.5,9-30-27-34-9 = 0.3
374,353,605.857,8.75,4.378,1.438,Prune by UB,,8-19-8 = 0.5,9-37-9 = 0.25,8-22-14-11 = 0.5,8-22-16-41-14-11 = 0.25,8-22-19-8 = 0.25,8-19-38-36-8 = 0.25,8-36-38-32-34-9 = 0.25,11-31-13-26-11 = 0.5,11-28-31-26-11 = 0.5,11-28-13-11 = 0.5,11-40-33-29-11 = 0.75,11-17-33-29-11 = 0.25,11-12-18-39-9 = 0.5,11-12-17-16-41-11 = 0.5,9-24-21-37-9 = 0.375,9-30-20-35-9 = 0.875,11-40-17-16-41-14-11 = 0.25,9-15-21-37-9 = 0.375,9-15-24-39-9 = 0.375,9-15-24-21-9 = 0.25,9-23-27-32-34-9 = 0.5,9-39-27-32-34-9 = 0.125,9-25-18-27-8 = 0.375,9-25-18-23-36-8 = 0.125,11-25-23-38-36-8 = 0.25,9-25-23-38-36-8 = 0.125,9-25-30-38-8 = 0.125,9-20-35-32-34-9 = 0.125
794,742,605.897,6.333,2.856,1.958,Prune by UB,,11-14-11 = 0.167,9-37-9 = 0.667,8-22-16-41-11 = 0.167,8-22-16-41-14-11 = 0.833,8-19-38-36-8 = 0.667,8-19-36-8 = 0.333,11-31-13-26-11 = 0.5,11-28-31-26-11 = 0.5,11-28-13-11 = 0.5,11-40-33-29-11 = 1.0,11-17-20-35-34-9 = 0.333,9-30-20-35-9 = 0.667,9-15-24-21-9 = 1.0,9-25-30-37-9 = 0.333,9-25-18-23-34-9 = 0.333,9-39-27-32-34-9 = 0.333,9-39-23-27-32-11 = 0.333,11-12-18-23-8 = 0.333,9-25-39-27-32-9 = 0.333,11-12-18-17-8 = 0.333,11-12-17-38-8 = 0.333
587,173,605.731,8.0,2.984,4.0,Prune by UB,,9-37-9 = 0.875,11-18-27-35-9 = 0.125,8-22-14-11 = 0.5,8-22-16-41-14-11 = 0.5,8-19-38-36-8 = 1.0,11-31-13-26-11 = 0.5,11-28-31-26-11 = 0.5,11-40-33-29-11 = 0.5,11-17-33-29-11 = 0.5,11-40-28-13-11 = 0.5,9-25-20-35-9 = 0.375,9-15-21-37-9 = 0.125,9-15-24-39-9 = 0.25,9-15-24-21-9 = 0.625,9-21-39-23-24-9 = 0.125,9-25-20-35-34-9 = 0.5,9-25-30-20-9 = 0.125,11-18-12-32-8 = 0.5,9-21-39-17-16-41-11 = 0.125,9-30-39-23-34-9 = 0.5,11-23-18-27-9 = 0.375,11-12-27-32-8 = 0.5,9-30-17-16-41-11 = 0.375
283,260,606.417,4.773,5.255,-0.227,Prune by UB,,8-36-8 = 0.091,9-37-9 = 1.0,8-22-14-11 = 0.818,8-22-19-8 = 0.091,8-22-19-36-8 = 0.091,8-19-38-36-8 = 0.818,11-31-13-26-11 = 0.5,11-28-31-26-11 = 0.5,11-28-13-11 = 0.5,11-40-33-29-11 = 1.0,8-18-27-34-9 = 0.091,11-12-18-39-9 = 0.364,11-12-27-34-9 = 0.091,9-30-20-35-9 = 1.0,11-17-27-32-34-9 = 0.455,9-15-24-21-9 = 1.0,11-17-27-38-8 = 0.182,11-12-18-34-8 = 0.182,11-18-12-32-8 = 0.364,11-17-27-32-34-8 = 0.182,9-25-39-23-16-41-11 = 0.636,9-25-23-17-16-41-11 = 0.182,9-25-23-16-41-14-11 = 0.182
403,290,606.714,5.167,4.977,-1.917,Prune by UB,,11-14-11 = 0.25,9-37-9 = 0.833,8-22-19-8 = 0.25,8-19-38-36-8 = 0.75,8-23-12-18-9 = 0.083,11-31-13-26-11 = 0.5,11-28-31-26-11 = 0.5,11-28-13-11 = 0.25,11-40-33-29-11 = 1.0,8-12-18-39-9 = 0.5,11-22-16-41-14-11 = 0.75,8-23-18-20-9 = 0.167,9-30-20-35-9 = 0.833,9-15-24-21-9 = 1.0,9-25-30-37-9 = 0.167,9-25-35-27-32-11 = 0.167,9-25-12-23-39-9 = 0.167,9-39-23-27-32-11 = 0.083,9-39-23-38-36-8 = 0.25,9-25-28-13-11 = 0.25,11-17-27-32-34-8 = 0.75,8-23-18-16-41-11 = 0.25,9-25-12-17-34-9 = 0.25
91,64,607.089,5.0,8.005,-2.643,Prune by UB,,9-15-9 = 0.125,9-21-9 = 0.125,11-26-11 = 0.5,9-37-9 = 1.0,8-19-38-36-8 = 1.0,11-31-13-11 = 0.5,11-28-31-26-11 = 0.5,11-28-13-11 = 0.5,11-40-33-29-11 = 1.0,11-22-14-11 = 1.0,11-12-27-32-9 = 0.25,9-30-20-35-9 = 0.875,11-17-27-32-34-9 = 0.75,9-25-20-35-9 = 0.125,9-15-24-21-9 = 0.875,9-25-18-23-34-9 = 0.25,9-25-18-23-39-9 = 0.5,9-23-12-16-41-11 = 0.25,9-25-30-24-9 = 0.125,9-18-17-16-41-11 = 0.25,9-39-12-16-41-11 = 0.5
380,245,606.333,8.667,4.634,2.167,Prune by UB,,9-37-9 = 1.0,8-22-41-14-11 = 0.167,8-22-19-8 = 0.5,8-19-38-36-8 = 0.5,8-22-16-17-32-8 = 0.333,11-31-13-26-11 = 0.5,11-28-31-14-11 = 0.5,11-28-13-26-11 = 0.5,11-40-33-29-11 = 0.5,8-23-18-27-9 = 0.167,11-40-12-27-9 = 0.333,11-40-18-27-9 = 0.167,9-30-20-35-9 = 0.5,9-15-24-21-9 = 0.667,9-25-30-39-21-9 = 0.333,9-25-20-35-34-9 = 0.5,9-15-24-9 = 0.333,9-18-12-32-9 = 0.5,9-25-30-39-34-9 = 0.167,11-41-33-29-11 = 0.5,9-39-23-38-36-8 = 0.5,8-16-17-27-34-9 = 0.333,9-18-12-32-8 = 0.167,9-23-17-16-41-14-11 = 0.333
360,331,607.072,3.833,5.592,-2.0,Prune by UB,,11-14-11 = 1.0,9-37-9 = 0.667,8-19-38-36-8 = 1.0,8-22-16-17-41-11 = 1.0,11-31-13-26-11 = 0.5,11-28-31-26-11 = 0.5,11-28-13-11 = 0.5,11-40-33-29-11 = 1.0,11-12-27-32-9 = 1.0,9-30-20-35-9 = 0.667,9-15-21-37-9 = 0.333,9-15-24-39-9 = 0.333,9-15-24-21-9 = 0.333,9-21-39-20-35-9 = 0.333,9-30-39-24-9 = 0.333,9-25-18-23-34-8 = 1.0
339,247,606.793,8.0,5.517,0.0,Prune by UB,,9-37-9 = 0.833,8-19-16-41-14-11 = 0.5,11-31-13-11 = 0.5,11-28-31-26-11 = 0.5,11-28-13-26-11 = 0.5,11-40-33-29-11 = 0.5,11-22-14-11 = 0.5,11-17-33-29-11 = 0.5,9-30-20-35-9 = 0.333,11-40-17-20-35-9 = 0.5,9-15-24-21-9 = 1.0,9-25-30-37-9 = 0.167,9-25-35-27-34-9 = 0.167,9-25-12-27-9 = 0.167,9-18-27-32-9 = 0.167,9-18-27-34-9 = 0.167,9-18-12-32-9 = 0.667,9-12-27-34-9 = 0.167,9-39-27-32-34-9 = 0.167,9-25-30-20-9 = 0.167,9-25-30-39-34-9 = 0.333,9-39-23-38-36-8 = 0.5,11-22-38-36-8 = 0.5,8-19-23-16-41-11 = 0.5
179,59,607.016,4.333,6.348,-0.75,Prune by UB,,11-14-11 = 1.0,11-26-11 = 0.5,9-37-9 = 0.667,8-19-38-36-8 = 1.0,11-31-13-11 = 0.5,11-28-31-26-11 = 0.5,11-28-13-11 = 0.5,11-40-33-29-11 = 1.0,11-22-16-17-41-11 = 1.0,9-30-20-35-9 = 0.667,9-15-24-21-9 = 1.0,9-25-30-37-9 = 0.333,9-25-12-27-9 = 0.167,9-25-18-23-39-9 = 0.167,9-25-20-35-34-9 = 0.333,9-18-12-32-9 = 0.833,9-39-23-27-32-9 = 0.167,9-39-23-27-34-9 = 0.667
113,76,607.123,7.167,7.626,-0.405,Prune by UB,,11-14-11 = 0.167,9-37-9 = 0.833,8-22-14-11 = 0.083,8-22-16-41-14-11 = 0.167,8-22-19-8 = 0.167,8-19-38-36-8 = 0.583,8-19-17-41-14-11 = 0.25,8-22-16-17-41-11 = 0.25,8-22-16-17-14-11 = 0.25,11-31-13-26-11 = 0.5,11-28-31-26-11 = 0.5,11-28-13-11 = 0.5,11-40-33-29-11 = 1.0,11-22-16-41-14-11 = 0.083,11-41-27-32-34-9 = 0.167,9-30-20-35-9 = 0.667,9-15-24-39-9 = 0.333,9-15-24-21-9 = 0.667,9-21-39-20-35-9 = 0.333,9-25-30-37-9 = 0.167,9-25-18-23-34-9 = 0.667,9-25-30-39-34-9 = 0.167,9-39-23-38-36-8 = 0.167,11-12-23-38-8 = 0.167,11-18-12-32-8 = 0.333,11-12-27-32-11 = 0.25,11-41-27-38-8 = 0.083,11-12-27-36-8 = 0.25,8-16-17-27-32-8 = 0.25
272,269,607.176,6.2,6.727,-0.2,Prune by UB,,8-19-8 = 0.05,9-37-9 = 0.8,8-22-14-11 = 0.5,8-22-16-41-14-11 = 0.5,8-19-38-36-8 = 0.95,11-31-13-26-11 = 0.5,11-28-31-26-11 = 0.5,11-28-13-11 = 0.45,11-40-33-29-11 = 0.95,11-17-33-29-11 = 0.05,11-12-18-34-9 = 0.25,9-24-21-37-9 = 0.1,9-30-20-35-9 = 0.9,11-17-27-32-34-9 = 0.45,11-40-28-13-11 = 0.05,9-15-21-37-9 = 0.1,9-15-24-34-9 = 0.1,9-15-24-21-9 = 0.8,9-23-27-32-34-9 = 0.1,9-23-18-27-9 = 0.3,9-39-23-17-16-41-11 = 0.5,11-25-30-39-36-8 = 0.05,9-25-18-27-8 = 0.15,9-25-30-38-8 = 0.05,11-25-18-12-8 = 0.3,11-25-39-12-32-8 = 0.45,9-23-20-35-34-9 = 0.1
371,282,607.232,7.773,5.761,-0.227,Prune by UB,,11-14-11 = 0.788,9-37-9 = 0.394,8-22-16-38-8 = 0.242,8-19-38-36-8 = 0.758,8-22-16-17-41-11 = 0.515,11-31-13-26-11 = 0.5,11-28-31-26-11 = 0.5,11-28-13-11 = 0.5,11-40-33-29-11 = 0.727,11-17-33-29-11 = 0.273,11-12-27-35-9 = 0.212,11-41-27-32-34-9 = 0.03,8-23-18-27-8 = 0.242,9-30-18-35-9 = 0.091,9-15-21-37-9 = 0.606,9-15-24-21-9 = 0.394,9-25-20-35-34-9 = 0.697,9-18-12-32-9 = 0.303,9-25-30-20-9 = 0.303,11-22-19-36-8 = 0.242,11-40-12-32-34-9 = 0.273,9-30-39-24-9 = 0.606,11-12-17-41-14-11 = 0.212,8-23-18-16-41-11 = 0.242,9-39-23-27-32-8 = 0.394,9-23-18-27-8 = 0.121
343,235,607.162,8.175,6.031,0.425,Prune by UB,,9-15-9 = 0.289,9-37-9 = 1.0,8-22-14-11 = 0.079,8-22-16-41-14-11 = 0.018,8-19-38-34-9 = 0.246,8-19-38-36-8 = 0.43,8-19-12-32-9 = 0.079,8-22-12-32-9 = 0.07,8-22-16-17-32-9 = 0.079,11-31-13-11 = 0.5,11-28-31-26-11 = 0.5,11-28-13-26-11 = 0.5,11-40-33-29-11 = 0.746,11-22-16-41-14-11 = 0.509,11-17-33-29-11 = 0.254,11-12-20-35-9 = 0.465,9-30-20-35-9 = 0.228,9-30-35-27-9 = 0.193,9-25-20-27-9 = 0.307,9-15-24-21-9 = 0.711,9-25-30-39-21-9 = 0.289,9-25-35-27-34-9 = 0.114,9-23-18-17-41-11 = 0.474,9-39-27-32-34-9 = 0.386,9-25-30-24-9 = 0.289,9-39-23-38-36-8 = 0.325,11-22-19-36-8 = 0.246,11-40-12-32-34-9 = 0.254,11-18-12-32-11 = 0.132,9-18-17-16-14-11 = 0.193,9-23-18-16-14-11 = 0.202
382,174,607.201,6.875,5.649,0.304,Prune by UB,,11-14-11 = 0.062,9-37-9 = 0.875,8-22-14-11 = 0.312,8-22-16-41-14-11 = 0.312,8-19-38-36-8 = 1.0,8-22-16-17-41-11 = 0.375,11-31-13-26-11 = 0.5,11-28-31-26-11 = 0.5,11-28-13-11 = 0.5,11-40-33-29-11 = 0.688,11-17-33-29-11 = 0.312,11-12-18-23-9 = 0.125,11-18-12-32-9 = 0.875,11-25-20-35-32-8 = 0.125,11-40-17-16-41-14-11 = 0.312,9-15-21-37-9 = 0.125,9-15-24-39-9 = 0.125,9-15-24-21-9 = 0.625,9-15-39-23-34-9 = 0.125,9-21-39-23-24-9 = 0.25,9-25-20-35-34-9 = 0.375,9-39-23-27-34-9 = 0.5,9-30-35-27-8 = 0.5,9-25-30-20-8 = 0.375,9-25-30-20-11 = 0.125
325,184,607.058,7.353,5.814,1.353,Prune by UB,,9-15-9 = 0.088,8-36-8 = 0.147,9-37-9 = 1.0,8-12-17-33-9 = 0.029,8-22-16-41-14-11 = 0.676,8-22-19-8 = 0.147,8-22-19-36-8 = 0.176,8-19-38-36-8 = 0.676,11-31-13-26-11 = 0.5,11-28-31-26-11 = 0.324,11-28-31-14-11 = 0.176,11-28-13-26-11 = 0.176,11-40-33-29-11 = 0.5,8-23-17-33-14-11 = 0.147,11-28-20-35-9 = 0.176,11-16-17-20-35-9 = 0.324,9-30-12-32-9 = 0.294,11-40-17-20-35-9 = 0.5,9-25-13-29-11 = 0.176,9-15-24-21-9 = 0.912,9-25-30-39-21-9 = 0.088,9-18-27-34-9 = 0.118,9-18-12-32-9 = 0.353,9-39-27-32-34-9 = 0.029,9-39-12-32-34-9 = 0.324,9-25-30-39-34-9 = 0.529,9-25-30-24-9 = 0.059,11-41-33-29-11 = 0.324,9-30-39-24-9 = 0.029,9-25-28-13-9 = 0.147,9-23-27-38-8 = 0.324,9-23-18-27-8 = 0.529
307,165,607.254,6.4,6.021,0.4,Prune by UB,,9-37-9 = 1.0,8-22-19-8 = 0.4,8-19-38-36-8 = 0.6,8-22-16-17-32-8 = 0.4,8-22-16-17-34-9 = 0.2,11-31-13-26-11 = 0.6,11-28-31-14-11 = 0.4,11-28-13-26-11 = 0.4,11-40-33-29-11 = 0.6,9-30-20-35-9 = 1.0,11-40-28-29-11 = 0.2,9-15-24-21-9 = 1.0,9-25-12-27-9 = 0.4,9-25-18-27-9 = 0.4,9-12-18-39-9 = 0.2,9-39-12-32-34-9 = 0.4,11-41-33-29-11 = 0.2,9-39-23-38-36-8 = 0.4,11-41-33-32-34-9 = 0.2,11-41-14-11 = 0.2,11-40-18-23-34-9 = 0.2,9-25-18-27-8 = 0.2,8-23-17-16-41-14-11 = 0.4
222,121,607.183,6.75,6.605,2.75,Prune by UB,,9-15-9 = 0.25,9-37-9 = 1.0,8-19-38-36-8 = 0.5,8-19-23-39-21-9 = 0.5,11-31-13-26-11 = 0.5,11-28-31-26-11 = 0.5,11-28-13-11 = 0.25,11-40-33-29-11 = 0.25,11-22-16-17-14-11 = 0.125,11-22-16-41-14-11 = 0.875,11-17-33-29-11 = 0.75,11-40-18-23-39-9 = 0.125,9-30-20-35-9 = 1.0,11-40-28-13-11 = 0.25,9-15-24-39-9 = 0.125,9-15-24-21-9 = 0.5,9-25-12-27-9 = 0.5,9-25-12-32-34-9 = 0.375,9-18-27-32-11 = 0.375,9-39-27-32-34-9 = 0.125,9-39-12-32-34-9 = 0.125,9-15-38-36-8 = 0.125,9-24-38-36-8 = 0.375,9-25-18-17-41-11 = 0.125,11-40-18-23-34-9 = 0.375
347,221,607.745,5.0,6.624,-0.667,Prune by UB,,9-15-9 = 0.125,9-37-9 = 1.0,8-19-38-36-8 = 1.0,11-31-13-26-11 = 0.625,11-28-31-26-11 = 0.375,11-28-13-11 = 0.375,11-28-29-11 = 0.25,11-40-33-29-11 = 0.75,11-22-16-41-14-11 = 0.75,9-30-20-35-9 = 1.0,9-15-24-21-9 = 0.75,9-15-39-23-34-9 = 0.125,9-21-39-23-24-9 = 0.25,9-25-12-27-9 = 0.375,9-25-12-32-34-9 = 0.625,9-39-23-27-32-9 = 0.375,9-39-23-27-34-9 = 0.25,11-18-17-33-11 = 0.25,11-40-18-17-41-11 = 0.25,11-22-18-17-11 = 0.25,11-18-17-16-14-11 = 0.25
195,190,607.831,2.0,6.6,-1.0,Prune by UB,,11-41-11 = 0.5,8-22-14-11 = 1.0,8-19-38-36-8 = 1.0,11-28-31-26-11 = 1.0,11-40-33-13-11 = 0.5,11-16-17-20-35-9 = 1.0,9-15-24-21-9 = 1.0,9-25-30-37-9 = 1.0,9-39-23-27-34-9 = 1.0,11-41-33-29-11 = 0.5,9-18-12-32-8 = 1.0,11-40-13-29-11 = 0.5
296,294,607.757,7.0,7.793,0.0,Prune by UB,,8-19-8 = 0.125,9-37-9 = 0.188,8-22-14-11 = 0.438,8-22-16-41-14-11 = 0.5,8-19-16-41-14-11 = 0.062,8-22-19-8 = 0.062,8-19-38-36-8 = 0.375,8-19-23-39-21-9 = 0.062,8-23-27-32-34-8 = 0.062,11-31-13-26-11 = 0.5,11-28-31-26-11 = 0.5,11-28-13-11 = 0.5,11-40-33-29-11 = 1.0,11-12-18-39-9 = 0.375,11-12-27-32-9 = 0.375,11-12-23-39-21-9 = 0.25,11-16-17-27-32-11 = 0.125,9-30-20-35-9 = 1.0,9-25-37-9 = 0.812,9-15-24-21-9 = 0.688,9-25-18-23-34-9 = 0.188,9-23-18-17-41-11 = 0.125,9-15-38-36-8 = 0.312,9-24-38-36-8 = 0.312,9-18-17-16-41-11 = 0.312,11-17-27-32-34-8 = 0.438,8-19-23-39-34-8 = 0.312
317,180,607.981,5.111,6.991,-0.889,Prune by UB,,9-37-9 = 0.556,8-19-38-36-8 = 1.0,11-28-31-26-11 = 1.0,11-22-14-11 = 1.0,11-17-33-13-11 = 0.333,11-17-33-29-11 = 0.333,9-30-20-35-9 = 0.556,9-15-24-21-9 = 1.0,9-25-30-37-9 = 0.444,9-25-12-27-9 = 0.056,9-25-18-23-39-9 = 0.056,9-25-20-35-34-9 = 0.444,9-18-12-32-9 = 0.611,9-23-18-27-9 = 0.333,9-39-23-27-32-9 = 0.056,9-39-23-27-34-9 = 0.556,11-40-17-16-41-11 = 0.333,9-39-12-16-41-11 = 0.333,11-16-41-33-32-9 = 0.333,11-40-13-29-11 = 0.667
327,153,608.15,5.0,6.979,-0.741,Prune by UB,,9-37-9 = 1.0,8-19-38-36-8 = 1.0,11-31-13-26-11 = 0.5,11-28-31-26-11 = 0.5,11-40-33-29-11 = 1.0,11-22-14-11 = 0.5,11-22-16-41-14-11 = 0.5,11-12-17-27-9 = 1.0,9-30-20-35-9 = 1.0,9-15-24-39-9 = 0.5,9-15-24-21-9 = 0.5,9-21-39-23-16-41-11 = 0.5,9-25-18-32-34-9 = 0.5,9-23-18-32-34-9 = 0.5,9-25-28-13-11 = 0.5
219,60,607.996,7.333,7.414,0.667,Prune by UB,,11-14-11 = 0.167,9-37-9 = 0.5,8-19-38-36-8 = 1.0,11-31-13-26-11 = 0.5,11-28-31-26-11 = 0.5,11-40-33-29-11 = 0.5,11-22-14-11 = 0.833,11-16-20-35-34-9 = 0.333,9-30-20-35-9 = 0.5,11-40-28-13-11 = 0.5,9-15-24-21-9 = 1.0,9-25-30-37-9 = 0.5,9-18-12-32-9 = 0.5,9-23-18-27-9 = 0.167,9-39-12-27-9 = 0.167,9-39-23-27-34-9 = 0.333,11-41-33-29-11 = 0.5,9-39-12-16-41-11 = 0.333,11-22-16-41-11 = 0.167,9-25-17-27-34-9 = 0.333,9-25-17-20-35-9 = 0.167,9-23-18-17-32-9 = 0.333,9-39-23-16-17-32-9 = 0.167
95,45,608.07,5.333,8.439,0.833,Prune by UB,,11-14-11 = 0.167,9-15-9 = 0.167,9-21-9 = 0.167,11-26-11 = 0.333,9-37-9 = 1.0,11-18-27-32-9 = 0.167,8-19-38-36-8 = 1.0,11-31-13-11 = 0.5,11-28-31-26-11 = 0.5,11-28-13-11 = 0.333,11-28-13-26-11 = 0.167,11-40-33-29-11 = 1.0,11-22-14-11 = 0.833,11-16-27-32-34-9 = 0.833,9-30-20-35-9 = 0.833,9-25-20-35-9 = 0.167,9-15-24-21-9 = 0.833,9-25-18-23-34-9 = 0.167,9-25-18-23-39-9 = 0.5,9-18-12-17-11 = 0.167,9-23-12-17-41-11 = 0.333,9-25-30-24-9 = 0.167,9-39-12-17-41-11 = 0.5,11-22-16-41-11 = 0.167
141,79,608.311,5.333,8.085,-0.422,Prune by UB,,8-19-8 = 0.167,9-37-9 = 1.0,8-22-16-41-14-11 = 0.5,8-19-16-41-14-11 = 0.167,8-22-19-8 = 0.5,8-19-38-36-8 = 0.167,11-31-13-26-11 = 0.333,11-28-31-26-11 = 0.167,11-28-31-14-11 = 0.333,11-28-13-26-11 = 0.5,8-17-33-29-11 = 0.5,11-17-33-29-11 = 0.167,11-31-13-32-9 = 0.167,9-30-20-35-9 = 0.917,9-15-24-21-9 = 1.0,9-25-18-27-9 = 0.917,9-23-18-32-34-9 = 0.083,11-41-33-29-11 = 0.333,9-39-23-38-36-8 = 0.833,11-40-12-32-34-9 = 0.667,9-30-39-23-34-9 = 0.083,9-39-20-35-34-9 = 0.083,9-25-27-32-34-9 = 0.083,11-40-12-17-16-8 = 0.333
407,351,608.657,3.0,6.6,1.0,Prune by UB,,11-26-11 = 0.5,8-19-38-36-8 = 1.0,11-28-31-26-11 = 0.5,11-22-16-41-14-11 = 1.0,11-17-33-13-11 = 0.5,11-17-33-29-11 = 0.5,9-30-20-35-9 = 1.0,11-40-28-31-11 = 0.5,9-25-37-9 = 1.0,9-15-24-21-9 = 1.0,9-23-18-27-9 = 1.0,9-39-12-32-34-9 = 1.0,11-40-13-29-11 = 0.5
196,190,608.982,2.0,7.751,-1.0,Prune by UB,,11-41-11 = 0.5,8-22-14-11 = 1.0,8-19-38-36-8 = 1.0,11-31-13-26-11 = 1.0,11-16-17-20-35-9 = 1.0,11-40-28-29-11 = 0.5,9-15-24-21-9 = 1.0,9-25-30-37-9 = 1.0,9-39-23-27-34-9 = 1.0,11-41-33-29-11 = 0.5,9-18-12-32-8 = 1.0,11-40-28-33-11 = 0.5
369,314,609.525,5.0,8.038,-2.333,Prune by UB,,11-14-11 = 0.5,8-22-41-11 = 0.5,8-19-38-36-8 = 1.0,11-31-13-26-11 = 0.5,11-28-31-26-11 = 0.5,11-40-33-29-11 = 0.5,8-16-17-20-35-9 = 0.5,11-22-14-11 = 0.5,11-16-17-20-35-9 = 0.5,11-40-28-13-11 = 0.5,9-15-24-21-9 = 1.0,9-25-30-37-9 = 1.0,9-39-12-32-34-9 = 1.0,11-41-33-29-11 = 0.5,9-23-18-27-8 = 1.0
375,177,608.807,5.333,7.164,3.333,Prune by UB,,9-15-9 = 0.056,8-19-8 = 0.889,9-21-9 = 0.056,11-26-11 = 0.5,8-36-8 = 0.111,9-37-9 = 1.0,8-22-16-41-14-11 = 0.889,8-19-38-36-8 = 0.111,11-28-31-11 = 0.5,11-28-31-26-11 = 0.5,11-40-33-29-11 = 0.5,11-40-33-13-11 = 0.5,11-22-16-41-14-11 = 0.111,11-12-18-39-9 = 0.222,11-12-18-23-9 = 0.111,11-12-18-34-9 = 0.056,9-30-20-35-9 = 0.944,11-17-27-32-34-9 = 0.889,9-25-13-29-11 = 0.5,9-15-24-21-9 = 0.944,9-25-12-18-9 = 0.389,9-25-20-35-34-9 = 0.056,9-18-12-32-9 = 0.111,9-18-12-23-9 = 0.111,9-25-30-24-9 = 0.056,11-17-27-38-8 = 0.111,9-39-23-38-36-8 = 0.778
376,177,609.394,3.0,7.751,1.0,Prune by UB,,8-19-8 = 1.0,11-26-11 = 0.5,9-37-9 = 1.0,8-22-16-41-14-11 = 1.0,11-31-13-11 = 0.5,11-31-13-26-11 = 0.5,11-28-29-11 = 0.5,11-40-33-29-11 = 0.5,9-30-20-35-9 = 1.0,11-17-27-32-34-9 = 1.0,9-15-24-21-9 = 1.0,9-25-12-18-9 = 1.0,9-39-23-38-36-8 = 1.0,11-40-28-33-11 = 0.5
274,271,609.524,6.857,8.988,0.19,Prune by UB,,9-37-9 = 0.857,8-27-20-35-9 = 0.143,8-22-14-11 = 0.393,8-22-16-41-14-11 = 0.464,8-19-16-41-14-11 = 0.143,8-22-19-8 = 0.143,8-19-38-34-9 = 0.5,8-19-38-36-8 = 0.214,11-31-13-26-11 = 0.5,11-28-31-26-11 = 0.5,11-28-13-11 = 0.5,11-40-33-29-11 = 1.0,11-12-27-32-9 = 0.286,11-12-17-16-41-11 = 0.143,9-24-21-37-9 = 0.071,9-30-20-35-9 = 0.857,11-17-27-32-34-9 = 0.5,9-15-21-37-9 = 0.071,9-15-24-21-9 = 0.714,9-15-23-38-8 = 0.214,9-21-39-17-16-41-11 = 0.143,9-39-27-38-8 = 0.071,9-25-30-23-36-8 = 0.143,9-25-18-23-36-8 = 0.643,11-25-39-12-32-8 = 0.214,11-12-18-39-8 = 0.357,9-24-39-17-16-11 = 0.107,9-24-39-17-41-11 = 0.107
391,280,609.51,3.0,7.567,1.0,Prune by UB,,11-26-11 = 0.5,11-13-29-11 = 0.5,8-22-16-41-14-11 = 1.0,8-19-38-36-8 = 1.0,11-28-31-11 = 0.5,11-28-31-26-11 = 0.5,11-40-33-29-11 = 0.5,11-40-33-13-11 = 0.5,11-17-27-32-34-9 = 1.0,9-21-39-20-35-9 = 1.0,9-25-30-37-9 = 1.0,9-15-24-9 = 1.0,9-18-12-23-8 = 1.0
392,280,609.694,3.0,7.751,1.0,Prune by UB,,11-26-11 = 0.5,8-22-16-41-14-11 = 1.0,8-19-38-36-8 = 1.0,11-31-13-11 = 0.5,11-31-13-26-11 = 0.5,11-28-29-11 = 0.5,11-40-33-29-11 = 0.5,11-17-27-32-34-9 = 1.0,9-21-39-20-35-9 = 1.0,9-25-30-37-9 = 1.0,9-15-24-9 = 1.0,11-40-28-33-11 = 0.5,9-18-12-23-8 = 1.0
164,142,610.046,5.771,9.794,-0.149,Prune by UB,,8-36-8 = 0.086,9-37-9 = 1.0,8-22-14-11 = 0.171,8-22-16-41-14-11 = 0.514,8-22-19-8 = 0.314,8-19-38-36-8 = 0.686,8-23-12-17-41-11 = 0.057,8-23-12-17-16-8 = 0.171,11-31-13-26-11 = 1.0,11-28-33-32-8 = 0.314,11-40-33-29-11 = 0.686,11-28-20-35-9 = 0.371,9-30-20-35-9 = 0.629,11-40-17-16-41-14-11 = 0.314,9-15-24-21-9 = 1.0,9-25-12-27-9 = 0.086,9-25-18-27-9 = 0.6,9-18-12-17-11 = 0.143,9-23-12-17-41-11 = 0.086,9-39-12-32-34-9 = 0.371,9-39-12-17-41-11 = 0.029,9-39-23-38-36-8 = 0.229,9-30-39-23-34-9 = 0.371,9-25-17-27-34-9 = 0.2,9-18-23-38-8 = 0.086,9-25-18-27-8 = 0.114,11-28-29-32-9 = 0.314,9-18-12-34-9 = 0.057
319,123,610.303,6.667,9.172,-1.306,Prune by UB,,11-14-11 = 0.333,11-26-11 = 0.5,8-36-8 = 0.333,9-37-9 = 0.333,11-18-20-35-9 = 0.333,11-18-23-38-8 = 0.333,8-22-14-11 = 0.667,8-22-19-8 = 0.333,8-19-38-36-8 = 0.667,11-31-13-11 = 0.5,11-28-31-26-11 = 0.5,11-28-13-11 = 0.5,11-40-33-29-11 = 1.0,11-12-17-16-41-11 = 1.0,9-30-20-35-9 = 0.667,9-25-37-9 = 0.333,9-15-24-21-9 = 1.0,9-25-30-37-9 = 0.333,9-25-18-23-34-9 = 0.333,9-39-27-32-34-9 = 0.667,9-39-23-27-32-8 = 0.333
397,227,610.319,6.333,8.481,0.208,Prune by UB,,11-26-11 = 0.5,9-37-9 = 1.0,8-22-14-11 = 1.0,8-19-38-36-8 = 1.0,11-31-13-11 = 0.5,11-28-31-26-11 = 0.5,11-28-13-11 = 0.5,11-40-33-29-11 = 0.667,11-16-17-27-32-11 = 0.333,9-30-20-35-9 = 0.667,9-15-24-39-9 = 0.333,9-15-24-21-9 = 0.667,9-21-39-20-35-9 = 0.333,9-25-18-23-34-9 = 0.667,9-25-30-39-34-9 = 0.333,11-41-33-29-11 = 0.333,11-12-18-23-8 = 0.333,11-40-17-16-41-11 = 0.333,11-12-27-32-8 = 0.667,11-17-16-41-11 = 0.333
204,200,611.567,6.438,11.072,-0.771,Prune by UB,,9-15-9 = 0.109,9-21-9 = 0.047,9-37-9 = 1.0,8-22-16-41-14-11 = 0.516,8-22-19-8 = 0.484,8-19-38-36-8 = 0.516,11-31-13-26-11 = 0.969,11-28-31-35-9 = 0.031,11-28-33-32-9 = 0.031,11-40-33-29-11 = 0.875,8-23-18-27-9 = 0.219,11-28-20-35-9 = 0.391,11-17-33-29-11 = 0.094,9-30-20-35-9 = 0.469,11-40-17-16-41-14-11 = 0.094,9-15-24-21-9 = 0.891,9-25-30-39-21-9 = 0.063,9-25-18-23-34-9 = 0.297,9-25-20-35-34-9 = 0.109,9-18-12-32-9 = 0.062,9-18-12-17-11 = 0.031,9-25-30-20-9 = 0.031,9-25-30-39-34-9 = 0.328,9-25-30-24-9 = 0.109,9-39-23-38-36-8 = 0.484,8-16-17-27-34-9 = 0.266,9-25-28-13-9 = 0.031,9-12-17-41-14-11 = 0.391,9-18-12-32-8 = 0.391,9-39-12-17-16-8 = 0.125,9-25-40-29-26-11 = 0.031,11-28-27-32-9 = 0.516
0,0,608.62,0.0,608.62,0.0,Prune by CG,,9-37-9 = 1.0,8-22-16-41-14-11 = 0.5,8-22-19-8 = 0.5,8-19-38-36-8 = 0.5,11-31-13-26-11 = 0.5,11-28-31-26-11 = 0.5,11-40-33-29-11 = 0.5,11-17-33-29-11 = 0.5,11-40-17-16-41-14-11 = 0.5,9-15-24-21-9 = 1.0,9-18-12-32-9 = 1.0,9-39-23-27-34-9 = 0.5,9-39-23-38-36-8 = 0.5,11-28-13-10 = 0.5,10-25-30-20-10 = 0.5,10-25-35-27-34-9 = 0.5,10-30-20-35-10 = 0.5
0,0,611.71,0.0,611.71,0.0,Prune by CG,,11-26-11 = 0.1,9-37-9 = 1.0,11-31-13-26-11 = 0.4,11-28-31-26-11 = 0.5,11-40-33-29-11 = 0.808,11-22-16-41-14-11 = 0.146,11-40-17-16-41-14-11 = 0.192,9-15-24-21-9 = 1.0,9-18-27-32-9 = 0.469,9-18-27-34-9 = 0.108,9-18-12-32-9 = 0.254,11-22-19-36-9 = 0.854,9-19-36-38-9 = 0.146,9-39-23-38-34-9 = 0.854,11-41-33-29-11 = 0.192,9-18-17-16-41-11 = 0.031,9-18-17-41-14-11 = 0.031,9-39-23-16-41-14-11 = 0.146,11-31-13-10 = 0.1,10-25-30-20-10 = 0.423,10-25-12-17-41-11 = 0.262,10-25-35-27-32-10 = 0.277,10-25-35-27-34-9 = 0.038,9-30-20-35-10 = 0.577,9-18-27-35-10 = 0.108,10-12-17-16-14-11 = 0.485,10-28-13-10 = 0.5
0,0,606.462,0.0,606.462,0.0,Prune by CG,,4-37-4 = 1.0,8-22-16-41-14-11 = 0.5,8-22-19-8 = 0.5,8-19-38-36-8 = 0.5,11-28-31-26-11 = 0.5,11-28-13-26-11 = 0.5,11-40-33-29-11 = 0.5,11-17-33-29-11 = 0.5,11-40-17-16-41-14-11 = 0.5,9-15-24-21-9 = 1.0,9-18-12-32-9 = 1.0,9-39-23-27-34-9 = 0.5,9-39-23-38-36-8 = 0.5,11-31-13-10 = 0.5,10-25-30-20-10 = 0.5,10-25-35-27-34-9 = 0.5,10-30-20-35-10 = 0.5
0,0,614.503,0.0,614.503,0.0,Prune by CG,,9-37-9 = 1.0,8-22-16-41-14-11 = 0.5,8-22-19-8 = 0.5,8-19-38-36-8 = 0.5,11-28-31-26-11 = 0.5,11-28-13-26-11 = 0.5,11-40-33-29-11 = 0.5,11-17-33-29-11 = 0.5,9-30-20-35-9 = 0.5,11-40-17-16-41-14-11 = 0.5,9-15-24-21-9 = 1.0,9-25-35-27-34-9 = 0.5,9-18-12-32-9 = 1.0,9-39-23-27-34-9 = 0.5,9-39-23-38-36-8 = 0.5,11-31-13-5 = 0.5,5-25-30-20-9 = 0.5
0,0,609.552,0.0,609.552,0.0,Prune by CG,,11-26-11 = 0.1,4-37-4 = 1.0,11-31-13-26-11 = 0.4,11-28-31-26-11 = 0.5,11-40-33-29-11 = 0.82,11-22-16-41-14-11 = 0.14,11-40-17-16-41-14-11 = 0.18,9-15-24-21-9 = 1.0,9-18-27-32-9 = 0.42,9-18-27-34-9 = 0.12,9-18-12-32-9 = 0.26,11-22-19-36-9 = 0.86,9-19-36-38-9 = 0.14,9-39-23-38-34-9 = 0.86,11-41-33-29-11 = 0.18,9-18-17-41-14-11 = 0.08,9-39-23-16-41-14-11 = 0.14,11-31-13-10 = 0.1,10-25-30-20-10 = 0.46,10-25-12-17-41-11 = 0.2,10-25-35-27-32-10 = 0.32,10-25-35-27-34-9 = 0.02,9-30-20-35-10 = 0.54,9-18-27-35-10 = 0.12,10-12-17-16-14-11 = 0.46,10-28-13-10 = 0.5,10-12-17-16-41-11 = 0.08
0,0,611.47,0.0,611.47,0.0,Prune by CG,,4-37-4 = 1.0,8-22-16-41-14-11 = 0.5,8-22-19-8 = 0.5,8-19-38-36-8 = 0.5,11-28-31-26-11 = 0.5,11-28-13-26-11 = 0.5,11-40-33-29-11 = 0.5,11-17-33-29-11 = 0.5,9-30-20-35-9 = 0.5,11-40-17-16-41-14-11 = 0.5,9-15-24-21-9 = 1.0,9-25-35-27-34-9 = 0.5,9-18-12-32-9 = 1.0,9-39-23-27-34-9 = 0.5,9-39-23-38-36-8 = 0.5,11-31-13-5 = 0.5,5-25-30-20-9 = 0.5
0,0,642.395,0.0,642.395,0.0,Prune by CG,,8-36-8 = 0.132,9-37-9 = 1.0,8-22-16-41-14-8 = 0.5,8-22-19-8 = 0.474,8-19-38-36-8 = 0.526,8-22-16-17-32-8 = 0.026,8-38-27-34-9 = 0.132,8-12-18-39-9 = 0.053,8-23-18-27-9 = 0.395,8-23-12-32-34-9 = 0.263,9-30-20-35-9 = 1.0,9-15-24-21-9 = 1.0,9-18-27-34-9 = 0.474,9-39-12-32-34-9 = 0.132,9-39-23-38-36-8 = 0.342,9-25-28-13-9 = 0.5,9-18-12-32-8 = 0.079,9-39-12-17-16-8 = 0.474,8-17-33-29-9 = 0.053,9-25-40-33-32-9 = 0.5,8-41-14-26-29-8 = 0.5,8-17-33-29-8 = 0.447,8-40-31-13-9 = 0.5,9-28-31-26-8 = 0.5
0,0,618.291,0.0,618.291,0.0,Prune by CG,,9-37-9 = 1.0,8-22-16-41-14-8 = 1.0,8-19-38-36-8 = 1.0,9-15-24-21-9 = 1.0,9-18-12-32-9 = 1.0,9-39-23-27-34-9 = 1.0,10-30-20-35-10 = 1.0,10-28-13-10 = 1.0,10-31-26-29-10 = 1.0,10-25-40-17-33-10 = 1.0
0,0,623.167,0.0,623.167,0.0,Prune by CG,,9-37-9 = 1.0,8-22-19-8 = 0.5,8-19-38-36-8 = 0.5,8-23-18-27-9 = 0.5,9-30-20-35-9 = 0.5,9-15-24-21-9 = 1.0,9-25-35-27-34-9 = 0.5,9-18-12-32-9 = 0.5,9-39-12-32-34-9 = 0.5,9-25-30-20-9 = 0.5,9-39-23-38-36-8 = 0.5,6-31-13-6 = 0.5,6-28-31-26-6 = 0.5,6-28-13-26-6 = 0.5,6-22-16-41-14-6 = 0.5,6-40-33-29-6 = 0.5,6-40-17-16-41-14-6 = 0.5,6-17-33-29-6 = 0.5
0,0,608.847,0.0,608.847,0.0,Prune by CG,,11-14-11 = 0.125,9-37-9 = 1.0,11-31-13-26-11 = 0.5,11-28-31-26-11 = 0.5,11-28-13-11 = 0.5,11-40-33-29-11 = 0.875,11-12-17-16-41-11 = 0.125,9-30-20-35-9 = 1.0,11-40-17-16-41-14-11 = 0.125,9-15-24-21-9 = 1.0,9-25-12-27-9 = 0.375,9-18-27-32-9 = 0.625,9-18-12-32-11 = 0.375,11-22-19-36-9 = 1.0,9-39-23-38-34-9 = 1.0,11-41-33-29-11 = 0.125,9-25-17-16-41-14-11 = 0.625,11-12-17-16-14-11 = 0.125
0,0,609.624,0.0,609.624,0.0,Prune by CG,,11-14-11 = 0.125,4-37-4 = 1.0,11-31-13-26-11 = 0.5,11-28-31-26-11 = 0.5,11-28-13-11 = 0.5,11-40-33-29-11 = 1.0,9-30-20-35-9 = 1.0,9-15-24-21-9 = 1.0,9-25-12-27-9 = 0.125,9-18-27-32-9 = 0.375,9-18-27-34-9 = 0.125,9-18-12-32-9 = 0.5,9-12-17-16-41-11 = 0.125,9-23-12-27-9 = 0.125,9-39-12-27-9 = 0.125,11-22-19-36-9 = 1.0,9-39-23-38-34-9 = 0.875,9-25-17-16-41-14-11 = 0.875,9-38-27-32-9 = 0.125
0,0,618.073,0.0,618.073,0.0,Prune by CG,,11-14-11 = 0.125,9-37-9 = 1.0,11-31-13-26-11 = 0.5,11-28-31-26-11 = 0.5,11-28-13-11 = 0.5,11-40-33-29-11 = 0.875,11-12-17-16-41-11 = 0.125,9-30-20-35-9 = 1.0,11-40-17-16-41-14-11 = 0.125,9-15-24-21-9 = 1.0,9-25-12-27-9 = 0.375,9-18-27-32-9 = 0.625,9-18-12-32-11 = 0.375,11-22-19-36-9 = 1.0,9-39-23-38-34-9 = 1.0,11-41-33-29-11 = 0.125,9-25-17-16-41-14-11 = 0.625,11-12-17-16-14-11 = 0.125
0,0,617.459,0.0,617.459,0.0,Prune by CG,,11-26-11 = 0.1,9-37-9 = 1.0,11-31-13-26-11 = 0.4,11-28-31-26-11 = 0.5,11-40-33-29-11 = 0.7,11-22-16-41-14-11 = 0.6,11-17-33-29-11 = 0.3,11-40-17-16-41-14-11 = 0.3,9-15-24-21-9 = 1.0,9-18-12-32-9 = 0.6,9-18-12-17-11 = 0.4,9-39-23-27-32-9 = 0.4,9-39-23-27-34-9 = 0.1,9-39-23-38-34-9 = 0.4,11-22-19-36-2 = 0.4,2-19-38-36-2 = 0.1,2-19-36-38-9 = 0.4,2-19-16-41-14-11 = 0.1,9-39-23-38-36-2 = 0.1,11-31-13-10 = 0.1,10-25-30-20-10 = 0.5,10-25-35-27-34-9 = 0.5,9-30-20-35-10 = 0.4,10-30-20-35-10 = 0.1,10-28-13-10 = 0.5
0,0,614.758,0.0,614.758,0.0,Prune by CG,,11-14-11 = 0.023,9-37-9 = 1.0,8-22-16-41-14-11 = 0.409,8-22-19-8 = 0.409,8-19-38-36-8 = 0.591,11-31-13-11 = 0.5,11-28-31-26-11 = 0.5,11-28-13-26-11 = 0.5,11-40-33-29-11 = 0.614,11-22-16-41-14-11 = 0.182,11-17-33-29-11 = 0.364,11-12-18-39-9 = 0.159,11-16-17-27-32-9 = 0.023,9-30-20-35-9 = 0.5,11-17-27-32-34-9 = 0.227,11-40-17-16-41-14-11 = 0.386,9-15-24-21-9 = 1.0,9-25-35-27-32-9 = 0.068,9-25-35-27-34-9 = 0.091,9-25-20-35-34-9 = 0.341,9-18-12-32-9 = 0.591,9-23-12-27-9 = 0.25,9-23-18-27-9 = 0.25,9-39-23-27-32-9 = 0.091,9-25-30-20-9 = 0.159,9-25-30-39-34-9 = 0.341,11-41-33-29-11 = 0.023,9-39-23-38-36-8 = 0.409
0,0,625.966,0.0,625.966,0.0,Prune by CG,,11-14-11 = 0.167,9-37-9 = 0.917,11-31-13-26-11 = 0.417,11-28-31-26-11 = 0.583,11-40-33-29-11 = 0.833,11-22-16-41-14-11 = 0.083,9-30-20-35-9 = 0.917,11-40-17-16-41-14-11 = 0.167,9-15-24-21-9 = 1.0,9-25-35-27-32-9 = 0.083,9-25-12-27-9 = 0.083,9-18-27-32-9 = 0.25,9-18-27-32-11 = 0.25,9-18-27-34-9 = 0.083,9-18-12-32-9 = 0.417,9-12-17-16-41-11 = 0.167,9-23-12-27-9 = 0.083,9-39-12-27-9 = 0.083,11-22-19-36-9 = 0.917,9-19-36-38-9 = 0.083,9-39-23-38-34-9 = 0.917,9-25-17-16-41-14-11 = 0.583,9-12-17-33-11 = 0.083,11-28-13-5 = 0.417,5-13-29-11 = 0.167,5-25-20-33-11 = 0.083,5-25-30-37-9 = 0.083,5-25-12-27-9 = 0.083
0,0,630.661,0.0,630.661,0.0,Prune by CG,,9-37-9 = 0.955,8-22-19-8 = 0.409,8-19-38-36-8 = 0.591,8-22-16-17-32-9 = 0.045,8-23-27-32-34-9 = 0.045,8-23-18-27-9 = 0.227,9-15-24-21-9 = 1.0,9-18-12-32-9 = 0.659,9-39-27-32-34-9 = 0.114,9-39-23-27-34-9 = 0.318,9-39-23-38-36-8 = 0.409,10-25-20-35-34-9 = 0.205,10-25-30-20-10 = 0.295,10-25-30-37-9 = 0.045,10-25-35-27-32-9 = 0.136,10-25-35-27-34-9 = 0.159,9-30-20-35-10 = 0.5,10-28-13-10 = 0.727,10-25-30-39-34-9 = 0.159,8-22-14-29-10 = 0.045,8-22-41-33-10 = 0.045,10-40-33-29-10 = 0.227,9-18-17-33-10 = 0.114,10-12-17-33-10 = 0.341,6-31-29-26-6 = 0.727,6-28-31-26-6 = 0.273,6-22-16-41-14-6 = 0.455,6-40-17-16-41-14-6 = 0.5,10-40-33-13-10 = 0.273
0,0,622.191,0.0,622.191,0.0,Prune by CG,,4-37-4 = 1.0,8-22-16-41-14-8 = 1.0,8-19-38-36-8 = 1.0,9-15-24-21-9 = 1.0,9-18-12-32-9 = 1.0,9-39-23-27-34-9 = 1.0,10-30-20-35-10 = 1.0,10-28-13-10 = 1.0,10-31-26-29-10 = 1.0,10-25-40-17-33-10 = 1.0
0,0,628.526,0.0,628.526,0.0,Prune by CG,,4-37-4 = 1.0,8-22-19-8 = 0.42,8-19-38-36-8 = 0.58,8-22-16-17-32-9 = 0.04,8-23-27-32-34-9 = 0.06,8-23-18-27-9 = 0.24,9-15-24-21-9 = 1.0,9-18-12-32-9 = 0.65,9-39-27-32-34-9 = 0.11,9-39-23-27-34-9 = 0.28,9-39-23-38-36-8 = 0.42,10-25-20-35-34-9 = 0.19,10-25-30-20-10 = 0.31,10-25-35-27-32-9 = 0.14,10-25-35-27-34-9 = 0.17,9-30-20-35-10 = 0.5,10-28-13-10 = 0.73,10-25-30-39-34-9 = 0.19,8-22-14-29-10 = 0.04,8-22-41-33-10 = 0.04,10-40-33-29-10 = 0.23,9-18-17-33-10 = 0.11,10-12-17-33-10 = 0.35,6-31-29-26-6 = 0.73,6-28-31-26-6 = 0.27,6-22-16-41-14-6 = 0.46,6-40-17-16-41-14-6 = 0.5,10-40-33-13-10 = 0.27
0,0,630.007,0.0,630.007,0.0,Prune by CG,,9-37-9 = 1.0,9-15-24-21-9 = 1.0,9-18-27-32-9 = 0.2,9-18-12-32-9 = 0.6,9-39-23-38-34-9 = 1.0,10-25-30-20-10 = 0.2,10-25-12-27-9 = 0.4,10-25-18-27-9 = 0.2,10-25-35-27-32-9 = 0.2,9-30-20-35-10 = 0.8,10-28-13-10 = 0.5,10-31-13-10 = 0.5,10-40-33-29-10 = 1.0,10-17-16-41-14-26-10 = 1.0,10-28-31-10 = 0.5,9-22-19-36-9 = 1.0
0,0,615.19,0.0,615.19,0.0,Prune by CG,,11-14-11 = 0.023,9-37-9 = 1.0,8-22-16-41-14-11 = 0.409,8-22-19-8 = 0.409,8-19-38-36-8 = 0.591,11-31-13-11 = 0.5,11-28-31-26-11 = 0.5,11-28-13-26-11 = 0.5,11-40-33-29-11 = 0.614,11-22-16-41-14-11 = 0.182,11-17-33-29-11 = 0.364,11-12-18-39-9 = 0.159,11-16-17-27-34-9 = 0.023,9-30-20-35-9 = 0.5,11-17-27-32-34-9 = 0.227,11-40-17-16-41-14-11 = 0.386,9-15-24-21-9 = 1.0,9-25-35-27-32-9 = 0.159,9-25-20-35-34-9 = 0.341,9-18-12-32-9 = 0.591,9-23-12-27-9 = 0.25,9-23-18-27-9 = 0.25,9-39-23-27-32-9 = 0.023,9-39-23-27-34-9 = 0.068,9-25-30-20-9 = 0.159,9-25-30-39-34-9 = 0.341,11-41-33-29-11 = 0.023,9-39-23-38-36-8 = 0.409
0,0,619.485,0.0,619.485,0.0,Prune by CG,,4-37-4 = 1.0,11-31-13-11 = 0.5,11-28-31-26-11 = 0.5,11-28-13-26-11 = 0.5,11-40-33-29-11 = 0.8,11-22-14-11 = 0.1,11-22-16-41-14-11 = 0.3,11-17-33-29-11 = 0.2,9-30-20-35-9 = 0.7,11-40-17-16-41-14-11 = 0.2,9-15-24-39-9 = 0.1,9-15-24-21-9 = 0.9,9-25-30-39-21-9 = 0.1,9-25-35-27-32-9 = 0.2,9-25-20-35-34-9 = 0.1,9-18-12-32-9 = 0.6,9-23-12-17-16-11 = 0.1,9-23-18-27-9 = 0.4,9-39-12-27-9 = 0.2,9-39-23-27-32-9 = 0.2,9-25-30-20-9 = 0.2,9-39-23-38-34-9 = 0.3,11-22-19-36-2 = 0.6,2-19-38-36-2 = 0.1,2-19-38-34-9 = 0.3,2-36-38-34-9 = 0.3,9-25-17-16-41-14-11 = 0.4,9-39-12-17-41-11 = 0.1
0,0,622.876,0.0,622.876,0.0,Prune by CG,,11-14-11 = 0.1,4-37-4 = 1.0,11-28-31-26-11 = 0.8,11-28-13-26-11 = 0.2,11-40-33-29-11 = 0.6,9-30-20-35-9 = 1.0,11-40-17-16-41-14-11 = 0.2,9-15-24-21-9 = 1.0,9-25-12-27-9 = 0.3,9-18-27-32-9 = 0.7,9-18-12-32-9 = 0.3,11-22-19-36-9 = 1.0,9-39-23-38-34-9 = 1.0,9-25-17-16-41-14-11 = 0.6,9-12-17-33-11 = 0.2,9-25-12-16-41-11 = 0.1,9-12-16-41-14-11 = 0.1,11-31-13-5 = 0.2,5-13-29-11 = 0.4,11-40-33-13-5 = 0.2
0,0,623.152,0.0,623.152,0.0,Prune by CG,,11-26-11 = 0.1,4-37-4 = 1.0,11-31-13-26-11 = 0.4,11-28-31-26-11 = 0.5,11-40-33-29-11 = 0.7,11-22-16-41-14-11 = 0.6,11-17-33-29-11 = 0.3,11-40-17-16-41-14-11 = 0.3,9-15-24-21-9 = 1.0,9-18-12-32-9 = 0.6,9-18-12-17-11 = 0.4,9-39-23-27-34-9 = 0.5,9-39-23-38-34-9 = 0.4,11-22-19-36-2 = 0.4,2-19-38-36-2 = 0.1,2-19-36-38-9 = 0.4,2-19-16-41-14-11 = 0.1,9-39-23-38-36-2 = 0.1,11-31-13-10 = 0.1,10-25-30-20-10 = 0.5,10-25-35-27-32-9 = 0.4,10-25-35-27-34-9 = 0.1,9-30-20-35-10 = 0.4,10-30-20-35-10 = 0.1,10-28-13-10 = 0.5
0,0,621.297,0.0,621.297,0.0,Prune by CG,,9-37-9 = 1.0,8-22-16-41-14-11 = 0.5,8-22-19-8 = 0.5,8-19-38-36-8 = 0.5,11-31-13-26-11 = 0.5,11-28-31-26-11 = 0.5,11-40-33-29-11 = 0.5,11-17-33-29-11 = 0.5,11-40-17-16-41-14-11 = 0.5,9-15-24-21-9 = 1.0,9-18-12-32-9 = 1.0,9-39-23-27-34-9 = 0.5,9-39-23-38-36-8 = 0.5,11-28-13-10 = 0.5,10-25-30-20-10 = 0.5,10-25-35-27-34-9 = 0.5,10-30-20-35-10 = 0.5
0,0,626.5,0.0,626.5,0.0,Prune by CG,,11-26-11 = 0.5,8-22-14-11 = 0.5,8-22-16-41-14-11 = 0.5,8-19-38-36-8 = 1.0,11-40-33-29-11 = 1.0,11-12-18-23-8 = 0.5,11-17-27-32-34-8 = 0.5,11-31-13-10 = 0.5,11-28-13-10 = 0.5,10-25-30-39-23-8 = 0.5,10-30-20-35-10 = 0.5,10-12-17-16-41-11 = 0.5,10-28-31-26-11 = 0.5,8-15-21-37-10 = 0.5,8-15-24-34-8 = 0.5,10-24-21-37-10 = 0.5,10-18-27-32-10 = 0.5,10-25-39-20-35-10 = 0.5
0,0,641.591,0.0,641.591,0.0,Prune by CG,,5-13-5 = 0.2,9-37-9 = 1.0,8-22-19-8 = 0.4,8-22-19-36-8 = 0.1,8-19-38-36-8 = 0.5,8-38-27-34-9 = 0.1,8-23-18-27-9 = 0.3,9-30-20-35-9 = 0.7,9-15-24-21-9 = 1.0,9-25-35-27-34-9 = 0.3,9-18-12-32-9 = 0.7,9-39-12-32-34-9 = 0.3,9-39-23-27-34-9 = 0.3,9-25-30-20-9 = 0.3,9-39-23-38-36-8 = 0.4,5-25-28-13-5 = 0.4,6-31-13-26-6 = 0.4,6-28-31-26-6 = 0.6,6-22-16-41-14-6 = 0.5,6-40-33-29-6 = 0.5,6-40-17-16-41-14-6 = 0.5,6-17-33-29-6 = 0.5
0,0,631.276,0.0,631.276,0.0,Prune by CG,,9-37-9 = 1.0,11-28-31-26-11 = 0.667,11-28-13-26-11 = 0.333,11-40-33-29-11 = 0.6,11-22-14-11 = 0.033,11-22-16-41-14-11 = 0.433,11-17-33-29-11 = 0.067,9-30-20-35-9 = 0.567,11-40-17-16-41-14-11 = 0.4,9-15-24-39-9 = 0.2,9-15-24-21-9 = 0.8,9-25-30-39-21-9 = 0.2,9-25-35-27-32-9 = 0.233,9-25-20-35-34-9 = 0.2,9-18-12-32-9 = 0.533,9-23-12-17-41-11 = 0.033,9-23-18-27-9 = 0.467,9-39-12-27-9 = 0.067,9-39-23-27-32-9 = 0.233,9-25-30-20-9 = 0.233,9-39-23-38-34-9 = 0.067,11-22-19-36-2 = 0.533,2-19-38-34-9 = 0.467,2-36-38-34-9 = 0.267,9-39-23-38-36-2 = 0.2,9-25-17-16-41-14-11 = 0.133,9-39-12-17-16-11 = 0.033,9-12-17-33-11 = 0.333,11-31-13-5 = 0.333,5-13-29-11 = 0.333
0,0,626.182,0.0,626.182,0.0,Prune by CG,,9-37-9 = 1.0,9-15-24-21-9 = 1.0,9-18-27-32-9 = 0.2,9-18-12-32-9 = 0.6,9-39-23-38-34-9 = 1.0,10-25-30-20-10 = 0.2,10-25-12-27-9 = 0.4,10-25-18-27-9 = 0.2,10-25-35-27-32-9 = 0.2,9-30-20-35-10 = 0.8,10-28-13-10 = 0.5,10-31-13-10 = 0.5,10-40-33-29-10 = 1.0,10-17-16-41-14-26-10 = 1.0,10-28-31-10 = 0.5,2-22-19-36-2 = 1.0
0,0,627.85,0.0,627.85,0.0,Prune by CG,,4-37-4 = 1.0,9-15-24-21-9 = 1.0,9-18-27-32-9 = 0.2,9-18-12-32-9 = 0.6,9-39-23-38-34-9 = 1.0,10-25-30-20-10 = 0.2,10-25-12-27-9 = 0.4,10-25-18-27-9 = 0.2,10-25-35-27-32-9 = 0.2,9-30-20-35-10 = 0.8,10-28-13-10 = 0.5,10-31-13-10 = 0.5,10-40-33-29-10 = 1.0,10-17-16-41-14-26-10 = 1.0,10-28-31-10 = 0.5,9-22-19-36-9 = 1.0
0,0,633.968,0.0,633.968,0.0,Prune by CG,,11-14-11 = 0.023,9-37-9 = 1.0,8-22-16-41-14-11 = 0.591,8-22-19-8 = 0.227,8-19-38-36-8 = 0.591,11-31-13-11 = 0.5,11-28-31-26-11 = 0.5,11-28-13-26-11 = 0.5,11-40-33-29-11 = 0.614,11-17-33-29-11 = 0.364,11-12-18-39-9 = 0.159,11-16-17-27-34-9 = 0.023,9-30-20-35-9 = 0.5,11-17-27-32-34-9 = 0.227,11-40-17-16-41-14-11 = 0.386,9-15-24-21-9 = 1.0,9-25-35-27-32-9 = 0.091,9-25-35-27-34-9 = 0.068,9-25-20-35-34-9 = 0.341,9-18-12-32-9 = 0.591,9-23-12-27-9 = 0.25,9-23-18-27-9 = 0.25,9-39-23-27-32-9 = 0.091,9-25-30-20-9 = 0.159,9-25-30-39-34-9 = 0.341,11-41-33-29-11 = 0.023,9-39-23-38-36-8 = 0.409,11-22-19-8 = 0.182
0,0,623.086,0.0,623.086,0.0,Prune by CG,,11-26-11 = 0.1,9-37-9 = 1.0,11-31-13-26-11 = 0.4,11-28-31-26-11 = 0.467,11-40-33-29-11 = 1.0,11-22-16-41-14-11 = 0.067,9-15-24-21-9 = 1.0,9-18-27-32-9 = 0.533,9-18-27-34-9 = 0.067,9-18-12-32-9 = 0.267,9-23-12-27-9 = 0.067,9-39-12-27-9 = 0.067,11-22-19-36-9 = 0.933,9-19-36-38-9 = 0.067,9-39-23-38-34-9 = 0.933,11-31-13-10 = 0.1,10-25-12-27-9 = 0.2,9-30-20-35-10 = 1.0,9-18-12-32-10 = 0.133,10-12-17-16-14-11 = 0.067,10-28-13-10 = 0.5,10-12-17-16-41-11 = 0.067,10-25-17-16-41-14-11 = 0.8,10-28-31-26-11 = 0.033,10-12-17-41-14-11 = 0.067,10-12-27-32-10 = 0.067
0,0,630.8,0.0,630.8,0.0,Prune by CG,,4-37-4 = 1.0,8-22-19-8 = 0.5,8-19-38-36-8 = 0.5,8-23-18-27-9 = 0.5,9-30-20-35-9 = 0.5,9-15-24-21-9 = 1.0,9-25-35-27-34-9 = 0.5,9-18-12-32-9 = 0.5,9-39-12-32-34-9 = 0.5,9-25-30-20-9 = 0.5,9-39-23-38-36-8 = 0.5,6-31-13-6 = 0.5,6-28-31-26-6 = 0.5,6-28-13-26-6 = 0.5,6-22-16-41-14-6 = 0.5,6-40-33-29-6 = 0.5,6-40-17-16-41-14-6 = 0.5,6-17-33-29-6 = 0.5
0,0,626.736,0.0,626.736,0.0,Prune by CG,,9-37-9 = 1.0,8-22-16-41-14-11 = 0.5,8-22-19-8 = 0.5,8-19-38-36-8 = 0.5,11-28-31-26-11 = 0.5,11-28-13-26-11 = 0.5,11-40-33-29-11 = 0.5,11-17-33-29-11 = 0.5,9-30-20-35-9 = 0.5,11-40-17-16-41-14-11 = 0.5,9-15-24-21-9 = 1.0,9-25-35-27-34-9 = 0.5,9-18-12-32-9 = 1.0,9-39-23-27-34-9 = 0.5,9-39-23-38-36-8 = 0.5,11-31-13-5 = 0.5,5-25-30-20-9 = 0.5
0,0,630.878,0.0,630.878,0.0,Prune by CG,,6-14-6 = 0.275,9-37-9 = 0.8,9-30-20-35-9 = 0.8,9-25-20-27-9 = 0.2,9-15-24-21-9 = 1.0,9-25-30-37-9 = 0.2,9-25-35-27-32-9 = 0.2,9-25-12-27-9 = 0.025,9-18-27-32-9 = 0.475,9-18-27-34-9 = 0.025,9-18-12-32-9 = 0.275,9-39-12-27-9 = 0.025,9-19-36-38-9 = 0.025,9-39-23-38-34-9 = 0.975,9-18-12-17-6 = 0.175,9-18-27-32-6 = 0.05,6-31-13-6 = 0.5,6-28-31-26-6 = 0.5,6-28-13-26-6 = 0.5,6-41-33-29-6 = 0.225,9-25-12-16-41-6 = 0.125,9-23-12-16-41-6 = 0.025,6-22-16-41-14-6 = 0.025,6-40-33-29-6 = 0.775,6-40-17-16-41-14-6 = 0.225,9-25-17-16-41-14-6 = 0.25,9-12-17-16-14-6 = 0.225,6-22-19-36-9 = 0.975,9-12-17-16-41-6 = 0.125
0,0,629.596,0.0,629.596,0.0,Prune by CG,,11-26-11 = 0.2,4-37-4 = 1.0,8-22-16-41-14-11 = 0.8,8-22-19-36-8 = 0.2,8-19-38-36-8 = 0.8,11-31-13-26-11 = 0.3,11-28-31-26-11 = 0.5,11-40-33-29-11 = 0.3,11-17-33-29-11 = 0.7,11-40-17-16-41-14-11 = 0.2,11-17-27-32-34-8 = 0.05,11-31-13-10 = 0.2,10-25-30-20-10 = 0.4,10-25-30-39-23-8 = 0.05,10-25-35-27-32-10 = 0.15,10-30-20-35-10 = 0.55,10-12-27-35-10 = 0.3,8-15-21-39-23-8 = 0.275,8-15-24-21-10 = 0.25,8-15-24-34-8 = 0.475,10-18-27-32-10 = 0.375,10-18-12-32-10 = 0.35,10-12-27-32-10 = 0.075,10-25-21-39-23-34-8 = 0.2,10-25-39-23-38-8 = 0.2,10-12-18-23-8 = 0.275,11-40-28-13-10 = 0.5,11-17-27-20-10 = 0.05,10-21-24-39-34-8 = 0.275
0,0,632.372,0.0,632.372,0.0,Prune by CG,,6-26-11 = 0.5,9-37-9 = 1.0,11-40-33-29-11 = 1.0,11-22-16-41-14-11 = 0.067,9-15-24-21-9 = 1.0,9-18-27-32-9 = 0.533,9-18-27-34-9 = 0.067,9-18-12-32-9 = 0.267,9-23-12-27-9 = 0.067,9-39-12-27-9 = 0.067,11-22-19-36-9 = 0.933,9-19-36-38-9 = 0.067,9-39-23-38-34-9 = 0.933,11-31-13-10 = 0.5,11-28-13-10 = 0.067,10-25-12-27-9 = 0.2,9-30-20-35-10 = 1.0,9-18-12-32-10 = 0.133,10-12-17-16-14-11 = 0.067,10-28-13-10 = 0.433,10-12-17-16-41-11 = 0.067,10-28-31-26-6 = 0.5,10-25-17-16-41-14-11 = 0.8,10-12-17-41-14-11 = 0.067,10-12-27-32-10 = 0.067
0,0,632.081,0.0,632.081,0.0,Prune by CG,,11-14-7 = 0.125,9-37-9 = 1.0,11-31-13-11 = 0.5,11-28-31-26-11 = 0.5,11-28-13-26-11 = 0.5,11-40-33-29-11 = 0.875,11-12-17-16-41-11 = 0.125,9-30-20-35-9 = 1.0,9-15-24-21-9 = 1.0,9-25-12-27-9 = 0.375,9-18-27-32-9 = 0.25,9-18-27-32-11 = 0.375,9-18-12-32-9 = 0.375,9-39-23-38-34-9 = 1.0,11-41-33-29-11 = 0.125,7-22-19-36-9 = 1.0,9-25-17-16-41-14-7 = 0.625,11-12-17-16-14-7 = 0.125,11-40-17-16-41-14-7 = 0.125
0,0,624.851,0.0,624.851,0.0,Prune by CG,,11-14-11 = 0.125,4-37-4 = 1.0,11-31-13-26-11 = 0.5,11-28-31-26-11 = 0.5,11-28-13-11 = 0.5,11-40-33-29-11 = 1.0,9-30-20-35-9 = 1.0,9-15-24-21-9 = 1.0,9-25-12-27-9 = 0.125,9-18-27-32-9 = 0.5,9-18-12-32-9 = 0.5,9-12-17-16-41-11 = 0.125,9-23-12-27-9 = 0.125,9-39-12-27-9 = 0.125,11-22-19-36-9 = 1.0,9-39-23-38-34-9 = 0.875,9-25-17-16-41-14-11 = 0.875,9-38-27-34-9 = 0.125
0,0,630.597,0.0,630.597,0.0,Prune by CG,,11-26-11 = 0.5,8-22-14-11 = 0.5,8-22-16-41-14-11 = 0.5,8-19-38-36-8 = 1.0,11-28-31-26-11 = 0.5,11-40-33-29-11 = 1.0,8-23-39-24-34-8 = 0.5,11-17-27-32-34-8 = 0.5,11-31-13-10 = 0.5,11-28-13-10 = 0.5,10-25-30-20-10 = 0.5,10-30-20-35-10 = 0.5,10-12-17-16-41-11 = 0.5,10-18-27-32-10 = 0.5,10-12-18-23-8 = 0.5,3-15-21-37-3 = 1.0,10-25-24-39-35-10 = 0.5
0,0,638.558,0.0,638.558,0.0,Prune by CG,,5-13-5 = 0.2,4-37-4 = 1.0,8-22-19-8 = 0.4,8-22-19-36-8 = 0.1,8-19-38-36-8 = 0.5,8-38-27-34-9 = 0.1,8-23-18-27-9 = 0.3,9-30-20-35-9 = 0.7,9-15-24-21-9 = 1.0,9-25-35-27-34-9 = 0.3,9-18-12-32-9 = 0.7,9-39-12-32-34-9 = 0.3,9-39-23-27-34-9 = 0.3,9-25-30-20-9 = 0.3,9-39-23-38-36-8 = 0.4,5-25-28-13-5 = 0.4,6-31-13-26-6 = 0.4,6-28-31-26-6 = 0.6,6-22-16-41-14-6 = 0.5,6-40-33-29-6 = 0.5,6-40-17-16-41-14-6 = 0.5,6-17-33-29-6 = 0.5
0,0,641.076,0.0,641.076,0.0,Prune by CG,,3-37-3 = 0.75,8-12-17-16-41-11 = 0.125,8-22-14-11 = 0.625,8-22-16-41-14-11 = 0.375,8-19-38-36-8 = 1.0,8-12-27-32-8 = 0.188,8-23-12-16-41-11 = 0.188,11-31-13-11 = 0.5,11-28-31-26-11 = 0.5,11-28-13-26-11 = 0.5,11-40-33-29-11 = 1.0,8-18-12-32-8 = 0.188,11-12-17-16-41-11 = 0.312,8-23-18-27-8 = 0.812,11-17-20-35-32-8 = 0.562,11-25-30-39-34-8 = 0.688,11-25-20-35-32-8 = 0.062,8-39-20-35-34-8 = 0.312,3-15-24-21-3 = 1.0,3-30-20-35-3 = 0.062,3-25-30-37-3 = 0.25
0,0,626.943,0.0,626.943,0.0,Prune by CG,,11-26-11 = 0.2,4-37-4 = 1.0,8-22-16-41-14-11 = 1.0,8-19-38-36-8 = 1.0,11-31-13-26-11 = 0.3,11-28-31-26-11 = 0.5,11-40-33-29-11 = 0.5,11-17-33-29-11 = 0.5,11-17-27-32-34-8 = 0.3,11-31-13-10 = 0.2,10-25-30-20-10 = 0.4,10-30-20-35-10 = 0.2,10-12-27-35-10 = 0.3,10-18-12-32-10 = 0.6,10-25-39-20-35-10 = 0.3,10-39-23-27-32-10 = 0.1,10-39-23-27-35-10 = 0.2,10-25-18-23-34-8 = 0.3,10-18-12-17-11 = 0.1,11-40-28-13-10 = 0.5,11-17-27-20-10 = 0.1,3-15-24-21-3 = 1.0,10-30-39-23-34-8 = 0.4
0,0,621.729,0.0,621.729,0.0,Prune by CG,,9-37-9 = 1.0,8-22-16-41-14-11 = 0.5,8-22-19-8 = 0.5,8-19-38-36-8 = 0.5,11-28-31-26-11 = 0.5,11-28-13-26-11 = 0.5,11-40-33-29-11 = 0.5,11-17-33-29-11 = 0.5,11-40-17-16-41-14-11 = 0.5,9-15-24-21-9 = 1.0,9-18-12-32-9 = 1.0,9-39-23-27-34-9 = 0.5,9-39-23-38-36-8 = 0.5,11-31-13-10 = 0.5,10-25-30-20-10 = 0.5,10-25-35-27-34-9 = 0.5,10-30-20-35-10 = 0.5
0,0,633.323,0.0,633.323,0.0,Prune by CG,,9-15-9 = 0.167,9-37-9 = 1.0,9-30-20-35-9 = 0.611,9-15-24-21-9 = 0.833,9-25-30-39-21-9 = 0.167,9-25-20-35-34-9 = 0.389,9-18-12-32-9 = 0.444,9-23-12-17-32-9 = 0.111,9-23-18-27-9 = 0.556,9-39-23-27-34-9 = 0.222,9-25-30-39-34-9 = 0.056,9-25-30-24-9 = 0.167,9-39-23-38-34-9 = 0.111,2-19-38-36-2 = 0.889,9-39-12-17-32-9 = 0.444,9-25-17-27-34-9 = 0.222,6-31-13-26-6 = 0.5,6-28-13-6 = 0.5,6-28-31-26-6 = 0.5,6-22-16-41-14-6 = 0.889,6-40-33-29-6 = 0.889,6-40-17-16-41-14-6 = 0.111,6-17-33-29-6 = 0.111,2-22-19-36-2 = 0.111
0,0,630.214,0.0,630.214,0.0,Prune by CG,,6-26-6 = 0.067,6-26-11 = 0.433,4-37-4 = 1.0,11-28-31-26-11 = 0.067,11-40-33-29-11 = 1.0,11-22-16-41-14-11 = 0.067,9-15-24-21-9 = 1.0,9-18-27-32-9 = 0.4,9-18-27-34-9 = 0.067,9-18-12-32-9 = 0.4,9-23-12-27-9 = 0.067,9-39-12-27-9 = 0.067,11-22-19-36-9 = 0.933,9-19-36-38-9 = 0.067,9-39-23-38-34-9 = 0.933,11-31-13-10 = 0.5,10-25-12-27-9 = 0.2,9-30-20-35-10 = 1.0,9-18-27-32-10 = 0.133,10-12-17-16-14-11 = 0.067,10-28-13-10 = 0.5,10-12-17-16-41-11 = 0.067,10-28-31-26-6 = 0.433,10-25-17-16-41-14-11 = 0.8,10-12-17-41-14-11 = 0.067,10-12-27-32-10 = 0.067
0,0,629.528,0.0,629.528,0.0,Prune by CG,,4-37-4 = 1.0,11-28-31-26-11 = 0.667,11-28-13-26-11 = 0.333,11-40-33-29-11 = 0.6,11-22-14-11 = 0.033,11-22-16-41-14-11 = 0.433,11-17-33-29-11 = 0.067,9-30-20-35-9 = 0.567,11-40-17-16-41-14-11 = 0.4,9-15-24-39-9 = 0.2,9-15-24-21-9 = 0.8,9-25-30-39-21-9 = 0.2,9-25-35-27-32-9 = 0.233,9-25-20-35-34-9 = 0.2,9-18-12-32-9 = 0.533,9-23-12-17-41-11 = 0.033,9-23-18-27-9 = 0.467,9-39-12-27-9 = 0.067,9-39-23-27-32-9 = 0.233,9-25-30-20-9 = 0.233,9-39-23-38-34-9 = 0.267,11-22-19-36-2 = 0.533,2-19-38-36-2 = 0.2,2-19-38-34-9 = 0.267,2-36-38-34-9 = 0.267,9-25-17-16-41-14-11 = 0.133,9-39-12-17-16-11 = 0.033,9-12-17-33-11 = 0.333,11-31-13-5 = 0.333,5-13-29-11 = 0.333
0,0,634.752,0.0,634.752,0.0,Prune by CG,,9-37-9 = 1.0,11-31-13-11 = 0.5,11-28-31-26-11 = 0.5,11-28-13-26-11 = 0.5,11-40-33-29-11 = 0.8,11-22-14-11 = 0.1,11-22-16-41-14-11 = 0.3,11-17-33-29-11 = 0.2,9-30-20-35-9 = 0.7,11-40-17-16-41-14-11 = 0.2,9-15-24-39-9 = 0.1,9-15-24-21-9 = 0.9,9-25-30-39-21-9 = 0.1,9-25-35-27-32-9 = 0.2,9-25-20-35-34-9 = 0.1,9-18-12-32-9 = 0.6,9-23-12-17-41-11 = 0.1,9-23-18-27-9 = 0.4,9-39-12-27-9 = 0.2,9-39-23-27-32-9 = 0.2,9-25-30-20-9 = 0.2,9-39-23-38-34-9 = 0.3,11-22-19-36-2 = 0.6,2-19-38-36-2 = 0.1,2-19-38-34-9 = 0.3,2-36-38-34-9 = 0.3,9-25-17-16-41-14-11 = 0.4,9-39-12-17-16-11 = 0.1
0,0,631.39,0.0,631.39,0.0,Prune by CG,,8-19-8 = 0.133,8-36-8 = 0.133,4-37-4 = 1.0,8-22-16-41-14-8 = 1.0,8-19-38-36-8 = 0.867,8-23-27-32-34-8 = 0.2,10-25-20-35-10 = 0.067,10-25-30-20-10 = 0.4,10-25-30-39-35-10 = 0.067,10-30-20-35-10 = 0.533,10-31-26-29-10 = 1.0,10-40-28-13-10 = 1.0,10-12-17-33-10 = 1.0,8-15-21-39-23-8 = 0.2,8-15-24-21-10 = 0.333,8-15-24-34-8 = 0.467,10-18-27-32-10 = 0.8,10-21-24-39-35-10 = 0.2,10-25-21-39-23-34-8 = 0.267,10-25-18-23-34-8 = 0.067,10-25-39-23-38-8 = 0.133,8-23-18-39-35-10 = 0.133
0,0,637.422,0.0,637.422,0.0,Prune by CG,,6-26-11 = 0.5,9-37-9 = 1.0,8-22-16-41-14-11 = 0.5,8-22-19-8 = 0.5,8-19-38-36-8 = 0.5,11-40-33-29-11 = 0.5,11-17-33-29-11 = 0.5,11-40-17-16-41-14-11 = 0.5,9-15-24-21-9 = 1.0,9-18-12-32-9 = 1.0,9-39-23-27-34-9 = 0.5,9-39-23-38-36-8 = 0.5,11-31-13-10 = 0.5,10-25-30-20-10 = 0.5,10-25-35-27-34-9 = 0.5,10-30-20-35-10 = 0.5,10-28-13-10 = 0.5,11-28-31-26-6 = 0.5
0,0,638.745,0.0,638.745,0.0,Prune by CG,,6-26-6 = 0.181,9-37-9 = 0.8,11-28-31-26-11 = 0.693,11-28-13-26-11 = 0.126,11-40-33-29-11 = 0.593,11-22-16-41-14-11 = 0.17,9-30-20-35-9 = 0.8,11-40-17-16-41-14-11 = 0.407,9-15-24-21-9 = 1.0,9-25-30-37-9 = 0.2,9-25-35-27-32-9 = 0.2,9-18-27-32-9 = 0.193,9-18-27-32-11 = 0.119,9-18-27-34-9 = 0.17,9-18-12-32-9 = 0.489,9-18-12-17-11 = 0.007,9-23-12-27-9 = 0.148,9-23-18-27-9 = 0.022,9-39-12-27-9 = 0.148,11-22-19-36-9 = 0.83,9-19-36-38-9 = 0.17,9-39-23-38-34-9 = 0.83,11-41-33-29-11 = 0.022,9-25-17-16-41-14-11 = 0.4,9-12-17-33-11 = 0.185,9-25-20-33-11 = 0.096,9-39-12-16-14-11 = 0.022,11-31-13-5 = 0.307,11-28-13-5 = 0.181,5-13-29-11 = 0.385,5-25-20-33-11 = 0.104
0,0,630.877,0.0,630.877,0.0,Prune by CG,,9-37-9 = 1.0,9-15-24-21-9 = 1.0,9-18-12-32-9 = 0.5,9-39-23-38-34-9 = 1.0,10-25-12-27-9 = 0.5,9-30-20-35-10 = 1.0,9-18-27-32-10 = 0.5,10-28-13-10 = 0.5,10-31-13-10 = 0.5,10-40-33-29-10 = 0.5,6-28-31-26-6 = 0.5,6-40-17-16-41-14-6 = 0.5,10-33-29-26-6 = 0.5,10-25-17-16-41-14-6 = 0.5,6-22-19-36-9 = 1.0
0,0,616.931,0.0,616.931,0.0,Prune by CG,,11-14-11 = 0.023,4-37-4 = 1.0,8-22-16-41-14-11 = 0.409,8-22-19-8 = 0.409,8-19-38-36-8 = 0.591,11-31-13-11 = 0.5,11-28-31-26-11 = 0.5,11-28-13-26-11 = 0.5,11-40-33-29-11 = 0.614,11-22-16-41-14-11 = 0.182,11-17-33-29-11 = 0.364,11-12-18-39-9 = 0.159,11-16-17-27-32-9 = 0.023,9-30-20-35-9 = 0.5,11-17-27-32-34-9 = 0.227,11-40-17-16-41-14-11 = 0.386,9-15-24-21-9 = 1.0,9-25-35-27-32-9 = 0.068,9-25-35-27-34-9 = 0.091,9-25-20-35-34-9 = 0.341,9-18-12-32-9 = 0.591,9-23-12-27-9 = 0.25,9-23-18-27-9 = 0.25,9-39-23-27-32-9 = 0.091,9-25-30-20-9 = 0.159,9-25-30-39-34-9 = 0.341,11-41-33-29-11 = 0.023,9-39-23-38-36-8 = 0.409
0,0,631.812,0.0,631.812,0.0,Prune by CG,,11-26-11 = 0.1,9-37-9 = 1.0,11-28-31-26-11 = 0.067,11-28-13-26-11 = 0.4,11-40-33-29-11 = 1.0,11-22-16-41-14-11 = 0.067,9-15-24-21-9 = 1.0,9-18-27-32-9 = 0.533,9-18-27-34-9 = 0.067,9-18-12-32-9 = 0.267,9-23-12-27-9 = 0.067,9-39-12-27-9 = 0.067,11-22-19-36-9 = 0.933,9-19-36-38-9 = 0.067,9-39-23-38-34-9 = 0.933,11-31-13-10 = 0.5,10-25-12-27-9 = 0.2,9-30-20-35-10 = 1.0,9-18-12-32-10 = 0.133,10-12-17-16-14-11 = 0.067,10-28-13-10 = 0.1,10-12-17-16-41-11 = 0.067,10-25-17-16-41-14-11 = 0.8,10-28-31-26-11 = 0.433,10-12-17-41-14-11 = 0.067,10-12-27-32-10 = 0.067
0,0,642.706,0.0,642.706,0.0,Prune by CG,,9-37-9 = 1.0,8-22-16-41-14-11 = 0.5,8-22-19-8 = 0.5,8-19-38-36-8 = 0.5,11-28-31-26-11 = 0.5,11-28-13-26-11 = 0.5,11-40-33-29-11 = 0.5,11-17-33-29-11 = 0.5,9-30-20-35-9 = 0.5,11-40-17-16-41-14-11 = 0.5,9-15-24-21-9 = 1.0,9-25-35-27-34-9 = 0.5,9-18-12-32-9 = 1.0,9-39-23-27-34-9 = 0.5,9-39-23-38-36-8 = 0.5,11-31-13-5 = 0.5,5-25-30-20-9 = 0.5
0,0,628.779,0.0,628.779,0.0,Prune by CG,,11-26-11 = 0.1,4-37-4 = 1.0,11-31-13-26-11 = 0.4,11-28-31-26-11 = 0.467,11-40-33-29-11 = 1.0,11-22-16-41-14-11 = 0.067,9-15-24-21-9 = 1.0,9-18-27-32-9 = 0.4,9-18-27-34-9 = 0.067,9-18-12-32-9 = 0.4,9-23-12-27-9 = 0.067,9-39-12-27-9 = 0.067,11-22-19-36-9 = 0.933,9-19-36-38-9 = 0.067,9-39-23-38-34-9 = 0.933,11-31-13-10 = 0.1,10-25-12-27-9 = 0.2,9-30-20-35-10 = 1.0,9-18-27-32-10 = 0.133,10-12-17-16-14-11 = 0.067,10-28-13-10 = 0.5,10-12-17-16-41-11 = 0.067,10-25-17-16-41-14-11 = 0.8,10-28-31-26-11 = 0.033,10-12-17-41-14-11 = 0.067,10-12-27-32-10 = 0.067
0,0,616.499,0.0,616.499,0.0,Prune by CG,,11-14-11 = 0.023,4-37-4 = 1.0,8-22-16-41-14-11 = 0.409,8-22-19-8 = 0.409,8-19-38-36-8 = 0.591,11-31-13-26-11 = 0.5,11-28-31-26-11 = 0.5,11-28-13-11 = 0.5,11-40-33-29-11 = 0.614,11-22-16-41-14-11 = 0.182,11-17-33-29-11 = 0.364,11-12-18-39-9 = 0.159,11-16-17-27-32-9 = 0.023,9-30-20-35-9 = 0.5,11-17-27-32-34-9 = 0.227,11-40-17-16-41-14-11 = 0.386,9-15-24-21-9 = 1.0,9-25-35-27-32-9 = 0.159,9-25-20-35-34-9 = 0.341,9-18-12-32-9 = 0.591,9-23-12-27-9 = 0.25,9-23-18-27-9 = 0.25,9-39-23-27-34-9 = 0.091,9-25-30-20-9 = 0.159,9-25-30-39-34-9 = 0.341,11-41-33-29-11 = 0.023,9-39-23-38-36-8 = 0.409
0,0,639.596,0.0,639.596,0.0,Prune by CG,,8-19-8 = 0.259,8-36-8 = 0.259,8-12-17-16-41-11 = 0.155,8-22-14-11 = 0.845,8-22-16-41-14-11 = 0.155,8-19-38-36-8 = 0.741,8-30-20-35-8 = 0.31,8-23-12-16-41-11 = 0.155,11-31-13-26-11 = 0.5,11-28-31-26-11 = 0.5,11-28-13-11 = 0.5,11-40-33-29-11 = 1.0,8-18-12-32-8 = 0.155,11-12-17-16-41-11 = 0.534,8-23-18-27-8 = 0.845,11-17-20-35-32-8 = 0.31,11-25-30-39-34-8 = 0.69,11-25-20-35-32-8 = 0.31,8-38-27-32-8 = 0.155,8-24-39-38-8 = 0.103,8-15-21-37-8 = 0.552,8-15-24-39-8 = 0.138,8-15-24-34-8 = 0.31,8-39-20-35-32-8 = 0.069,8-24-21-37-8 = 0.448
0,0,638.776,0.0,638.776,0.0,Prune by CG,,8-19-8 = 0.077,9-37-9 = 1.0,8-22-16-41-14-8 = 0.923,8-19-38-36-8 = 0.923,8-22-16-17-32-9 = 0.077,9-15-24-21-9 = 0.769,9-15-24-9 = 0.231,9-18-12-32-9 = 0.231,9-23-18-27-9 = 0.308,9-39-27-32-34-9 = 0.538,9-39-23-27-32-9 = 0.154,9-39-23-38-36-8 = 0.077,10-25-20-35-10 = 0.231,10-25-30-39-21-9 = 0.231,9-30-20-35-10 = 0.692,10-30-20-35-10 = 0.077,10-28-13-10 = 0.231,10-31-26-29-10 = 0.846,10-31-13-10 = 0.077,10-40-33-29-10 = 0.154,10-40-28-13-10 = 0.692,10-28-31-26-10 = 0.077,10-25-40-17-33-10 = 0.077,10-40-17-41-14-26-10 = 0.077,10-12-17-33-10 = 0.769,10-25-18-23-34-9 = 0.462
0,0,635.801,0.0,635.801,0.0,Prune by CG,,9-37-9 = 1.0,8-22-16-41-14-11 = 0.5,8-22-19-8 = 0.5,8-19-38-36-8 = 0.5,11-31-13-26-11 = 0.5,11-28-31-26-11 = 0.5,11-40-33-29-11 = 0.5,11-17-33-29-11 = 0.5,11-40-17-16-41-14-11 = 0.5,9-15-24-21-9 = 1.0,9-18-12-32-9 = 1.0,9-39-23-27-34-9 = 0.5,9-39-23-38-36-8 = 0.5,11-28-13-10 = 0.5,10-25-30-20-10 = 0.5,10-25-35-27-34-9 = 0.5,10-30-20-35-10 = 0.5
0,0,658.484,0.0,658.484,0.0,Prune by CG,,9-21-9 = 0.111,4-37-4 = 1.0,8-22-16-41-14-8 = 0.556,8-22-19-8 = 0.444,8-19-38-36-8 = 0.556,8-23-12-27-9 = 0.111,8-23-12-17-16-8 = 0.222,8-23-18-27-9 = 0.222,9-30-20-35-9 = 1.0,9-15-24-21-9 = 0.889,9-15-24-9 = 0.111,9-18-27-34-9 = 0.667,9-39-12-32-34-9 = 0.333,9-39-23-38-36-8 = 0.444,8-16-17-33-32-9 = 0.056,9-25-28-13-9 = 0.242,9-18-12-32-8 = 0.111,9-39-12-17-16-8 = 0.167,8-17-33-29-9 = 0.5,9-25-40-33-32-9 = 0.444,9-39-12-17-32-8 = 0.056,8-41-14-26-29-9 = 0.444,9-28-31-26-8 = 0.242,9-40-31-13-9 = 0.5,9-25-28-13-4 = 0.258,9-25-40-29-26-8 = 0.056,4-28-31-26-8 = 0.258
0,0,636.033,0.0,636.033,0.0,Prune by CG,,11-14-11 = 0.023,4-37-4 = 1.0,8-22-16-41-14-11 = 0.591,8-22-19-8 = 0.227,8-19-38-36-8 = 0.591,11-31-13-11 = 0.5,11-28-31-26-11 = 0.5,11-28-13-26-11 = 0.5,11-40-33-29-11 = 0.614,11-17-33-29-11 = 0.364,11-12-18-39-9 = 0.159,11-16-17-27-32-9 = 0.023,9-30-20-35-9 = 0.5,11-17-27-32-34-9 = 0.227,11-40-17-16-41-14-11 = 0.386,9-15-24-21-9 = 1.0,9-25-35-27-32-9 = 0.068,9-25-35-27-34-9 = 0.091,9-25-20-35-34-9 = 0.341,9-18-12-32-9 = 0.591,9-23-12-27-9 = 0.25,9-23-18-27-9 = 0.25,9-39-23-27-32-9 = 0.091,9-25-30-20-9 = 0.159,9-25-30-39-34-9 = 0.341,11-41-33-29-11 = 0.023,9-39-23-38-36-8 = 0.409,11-22-19-8 = 0.182
0,0,643.069,0.0,643.069,0.0,Prune by CG,,4-37-4 = 1.0,8-22-14-11 = 0.25,8-22-16-41-14-11 = 0.75,8-19-38-36-8 = 1.0,8-12-27-32-8 = 0.25,8-23-12-27-8 = 0.125,8-23-12-16-41-11 = 0.25,11-31-13-11 = 0.5,11-28-31-26-11 = 0.5,11-28-13-26-11 = 0.5,11-40-33-29-11 = 1.0,8-18-12-17-11 = 0.375,8-23-18-27-8 = 0.625,11-17-20-35-32-8 = 0.625,11-25-30-39-34-8 = 0.875,11-25-20-35-34-8 = 0.125,3-15-24-21-3 = 1.0,3-30-20-35-3 = 0.125,8-39-20-35-32-8 = 0.125
0,0,631.874,0.0,631.874,0.0,Prune by CG,,4-37-4 = 1.0,9-15-24-21-9 = 1.0,9-18-27-32-9 = 0.2,9-18-12-32-9 = 0.6,9-39-23-38-34-9 = 1.0,10-25-30-20-10 = 0.2,10-25-12-27-9 = 0.4,10-25-18-27-9 = 0.2,10-25-35-27-32-9 = 0.2,9-30-20-35-10 = 0.8,10-28-13-10 = 0.5,10-31-13-10 = 0.5,10-40-33-29-10 = 1.0,10-17-16-41-14-26-10 = 1.0,10-28-31-10 = 0.5,2-22-19-36-2 = 1.0
0,0,638.649,0.0,638.649,0.0,Prune by CG,,9-37-9 = 1.0,9-15-24-21-9 = 1.0,9-18-12-32-9 = 0.735,9-23-18-27-9 = 0.029,9-39-27-32-34-9 = 0.029,9-39-23-27-32-9 = 0.088,9-39-23-38-34-9 = 0.324,2-19-38-36-2 = 0.029,2-19-38-34-9 = 0.324,2-36-38-34-9 = 0.324,10-25-30-20-10 = 0.706,10-25-18-27-9 = 0.147,10-25-35-27-32-9 = 0.147,9-30-20-35-10 = 0.294,9-39-23-27-35-10 = 0.559,10-28-13-10 = 0.647,10-31-13-10 = 0.324,10-40-33-29-10 = 0.324,10-40-28-13-10 = 0.029,9-18-17-33-10 = 0.088,10-12-17-33-10 = 0.265,6-31-29-26-6 = 0.353,6-22-16-41-14-6 = 0.353,6-40-17-16-41-14-6 = 0.647,10-33-29-26-6 = 0.324,10-28-31-26-6 = 0.324,6-22-19-36-2 = 0.647
0,0,635.277,0.0,635.277,0.0,Prune by CG,,6-26-11 = 0.083,4-37-4 = 1.0,11-28-31-26-11 = 0.833,11-40-33-29-11 = 0.5,9-30-20-35-9 = 1.0,11-40-17-16-41-14-11 = 0.167,9-15-24-21-9 = 1.0,9-25-12-27-9 = 0.333,9-18-27-32-9 = 0.667,9-18-12-32-9 = 0.333,11-22-19-36-9 = 1.0,9-39-23-38-34-9 = 1.0,9-25-17-16-41-14-11 = 0.667,9-12-17-33-11 = 0.167,9-12-16-41-14-11 = 0.167,11-31-13-5 = 0.083,11-28-13-5 = 0.083,5-13-29-11 = 0.5,11-28-31-26-6 = 0.083,11-40-33-13-5 = 0.333
0,0,639.011,0.0,639.011,0.0,Prune by CG,,8-19-8 = 0.499,8-36-8 = 0.499,8-22-16-41-14-8 = 1.0,8-19-38-36-8 = 0.501,8-23-27-32-34-8 = 0.082,8-23-39-24-34-8 = 0.252,8-23-18-27-8 = 0.169,8-38-27-32-8 = 0.002,10-25-20-35-10 = 0.169,10-25-20-35-34-8 = 0.04,10-30-20-35-10 = 0.748,10-28-13-10 = 0.169,10-31-26-29-10 = 1.0,10-40-28-13-10 = 0.831,10-40-17-33-10 = 0.169,10-12-17-33-10 = 0.831,8-15-21-37-10 = 0.626,8-24-21-37-10 = 0.374,8-15-24-34-8 = 0.374,10-18-27-32-10 = 0.662,10-20-27-32-10 = 0.042,10-25-35-27-32-8 = 0.042,10-25-39-23-38-8 = 0.497,10-18-12-32-8 = 0.169,10-25-30-39-34-8 = 0.252
0,0,643.083,0.0,643.083,0.0,Prune by CG,,10-25-10 = 1.0,8-22-16-41-14-8 = 1.0,8-19-38-36-8 = 1.0,8-23-39-24-34-8 = 1.0,10-30-20-35-10 = 1.0,10-31-26-29-10 = 1.0,10-40-28-13-10 = 1.0,10-12-17-33-10 = 1.0,10-18-27-32-10 = 1.0,3-15-21-37-3 = 1.0
0,0,642.509,0.0,642.509,0.0,Prune by CG,,6-26-6 = 0.5,9-37-9 = 0.75,11-40-33-29-11 = 0.75,11-22-16-41-14-11 = 0.75,11-17-33-29-11 = 0.25,11-40-17-16-41-14-11 = 0.25,9-15-24-21-9 = 1.0,9-18-12-32-9 = 0.5,9-18-12-17-11 = 0.5,9-39-23-27-32-9 = 0.25,9-39-23-27-34-9 = 0.5,9-39-23-38-34-9 = 0.25,11-22-19-36-2 = 0.25,2-19-38-36-2 = 0.5,2-19-36-38-9 = 0.25,11-31-13-10 = 0.5,11-28-13-10 = 0.25,10-25-20-35-34-9 = 0.25,10-25-30-20-10 = 0.25,10-25-30-37-9 = 0.25,10-25-35-27-32-9 = 0.25,9-30-20-35-10 = 0.5,10-28-13-10 = 0.25,10-28-31-26-11 = 0.5
0,0,636.983,0.0,636.983,0.0,Prune by CG,,8-19-8 = 0.077,9-37-9 = 1.0,8-22-16-41-14-8 = 0.923,8-19-38-36-8 = 0.923,8-22-16-17-32-9 = 0.077,9-15-24-21-9 = 0.769,9-15-24-9 = 0.231,9-18-12-32-9 = 0.231,9-23-18-27-9 = 0.308,9-39-27-32-34-9 = 0.538,9-39-23-27-32-9 = 0.154,9-39-23-38-36-8 = 0.077,10-25-20-35-10 = 0.231,10-25-30-39-21-9 = 0.231,9-30-20-35-10 = 0.692,10-30-20-35-10 = 0.077,10-28-13-10 = 0.231,10-31-26-29-10 = 0.846,10-31-13-10 = 0.077,10-40-33-29-10 = 0.154,10-40-28-13-10 = 0.692,10-28-31-26-10 = 0.077,10-25-40-17-33-10 = 0.077,10-40-17-41-14-26-10 = 0.077,10-12-17-33-10 = 0.769,10-25-18-23-34-9 = 0.462
0,0,639.076,0.0,639.076,0.0,Prune by CG,,11-26-11 = 0.5,11-28-31-26-11 = 0.5,11-40-33-29-11 = 1.0,11-22-14-11 = 0.5,11-22-16-41-14-11 = 0.5,2-19-38-36-2 = 1.0,11-31-13-10 = 0.5,11-28-13-10 = 0.5,10-25-30-20-10 = 0.167,10-25-35-27-32-10 = 0.167,10-30-20-35-10 = 0.833,10-12-17-16-41-11 = 0.5,10-24-21-37-10 = 0.333,10-18-27-32-10 = 0.167,10-39-23-27-32-10 = 0.667,10-18-12-17-11 = 0.5,2-15-21-37-10 = 0.667,10-25-18-23-34-2 = 0.333,2-15-24-34-2 = 0.333,10-25-39-24-34-2 = 0.333
0,0,638.868,0.0,638.868,0.0,Prune by CG,,11-14-11 = 0.167,9-37-9 = 0.917,11-28-31-26-11 = 0.583,11-28-13-26-11 = 0.417,11-40-33-29-11 = 0.833,11-22-16-41-14-11 = 0.083,9-30-20-35-9 = 0.917,11-40-17-16-41-14-11 = 0.167,9-15-24-21-9 = 1.0,9-25-35-27-34-9 = 0.083,9-25-12-27-9 = 0.083,9-18-27-32-9 = 0.583,9-18-12-32-9 = 0.167,9-18-12-32-11 = 0.25,9-12-17-16-41-11 = 0.167,9-23-12-27-9 = 0.083,9-39-12-27-9 = 0.083,11-22-19-36-9 = 0.917,9-19-36-38-9 = 0.083,9-39-23-38-34-9 = 0.917,9-25-17-16-41-14-11 = 0.583,9-12-17-33-11 = 0.083,11-31-13-5 = 0.417,5-13-29-11 = 0.167,5-25-20-33-11 = 0.083,5-25-30-37-9 = 0.083,5-25-12-27-9 = 0.083
0,0,657.121,0.0,657.121,0.0,Prune by CG,,9-37-9 = 1.0,8-22-16-41-14-8 = 1.0,8-19-38-36-8 = 1.0,9-30-20-35-9 = 1.0,9-15-24-21-9 = 1.0,9-18-12-32-9 = 1.0,9-39-23-27-34-9 = 1.0,5-28-13-5 = 1.0,9-25-40-17-33-9 = 1.0,5-31-26-29-5 = 1.0
0,0,644.286,0.0,644.286,0.0,Prune by CG,,11-26-11 = 0.5,11-28-31-26-11 = 0.5,11-40-33-29-11 = 1.0,11-22-14-11 = 0.5,11-22-16-41-14-11 = 0.5,2-19-38-36-2 = 1.0,11-31-13-10 = 0.5,11-28-13-10 = 0.5,10-25-30-20-10 = 0.167,10-25-35-27-32-10 = 0.167,10-30-20-35-10 = 0.833,10-12-17-16-41-11 = 0.5,10-18-27-32-10 = 0.167,10-39-23-27-32-10 = 0.667,10-18-12-17-11 = 0.5,3-15-21-37-3 = 0.667,3-24-21-37-3 = 0.333,10-25-18-23-34-10 = 0.333,10-25-39-24-34-10 = 0.333,3-15-24-34-3 = 0.333
0,0,636.493,0.0,636.493,0.0,Prune by CG,,4-37-4 = 1.0,11-31-13-11 = 0.5,11-28-31-26-11 = 0.5,11-28-13-26-11 = 0.5,11-40-33-29-11 = 0.8,11-22-14-11 = 0.1,11-22-16-41-14-11 = 0.3,11-17-33-29-11 = 0.2,9-30-20-35-9 = 0.7,11-40-17-16-41-14-11 = 0.2,9-15-24-39-9 = 0.1,9-15-24-21-9 = 0.9,9-25-30-39-21-9 = 0.1,9-25-35-27-32-9 = 0.2,9-25-20-35-34-9 = 0.1,9-18-12-32-9 = 0.6,9-23-12-17-41-11 = 0.1,9-23-18-27-9 = 0.4,9-39-12-27-9 = 0.2,9-39-23-27-32-9 = 0.2,9-25-30-20-9 = 0.2,9-39-23-38-34-9 = 0.3,11-22-19-36-2 = 0.6,2-19-38-36-2 = 0.1,2-19-38-34-9 = 0.3,2-36-38-34-9 = 0.3,9-25-17-16-41-14-11 = 0.4,9-39-12-17-16-11 = 0.1
0,0,634.752,0.0,634.752,0.0,Prune by CG,,9-37-9 = 1.0,11-31-13-11 = 0.5,11-28-31-26-11 = 0.5,11-28-13-26-11 = 0.5,11-40-33-29-11 = 0.8,11-22-14-11 = 0.1,11-22-16-41-14-11 = 0.3,11-17-33-29-11 = 0.2,9-30-20-35-9 = 0.7,11-40-17-16-41-14-11 = 0.2,9-15-24-39-9 = 0.1,9-15-24-21-9 = 0.9,9-25-30-39-21-9 = 0.1,9-25-35-27-32-9 = 0.2,9-25-20-35-34-9 = 0.1,9-18-12-32-9 = 0.6,9-23-12-27-9 = 0.1,9-23-18-27-9 = 0.4,9-39-12-27-9 = 0.1,9-39-23-27-32-9 = 0.2,9-25-30-20-9 = 0.2,9-39-23-38-34-9 = 0.3,11-22-19-36-2 = 0.6,2-19-38-36-2 = 0.1,2-19-38-34-9 = 0.3,2-36-38-34-9 = 0.3,9-25-17-16-41-14-11 = 0.4,9-39-12-17-16-11 = 0.1,9-39-12-17-41-11 = 0.1
0,0,650.488,0.0,650.488,0.0,Prune by CG,,11-14-11 = 0.25,11-26-11 = 0.5,11-28-31-26-11 = 0.5,11-40-33-29-11 = 1.0,11-22-19-14-11 = 0.5,11-31-13-10 = 0.5,10-25-30-20-10 = 0.5,10-30-20-35-10 = 0.5,10-28-13-10 = 0.5,10-12-17-16-41-11 = 0.75,10-25-17-16-41-14-11 = 0.25,10-18-27-32-10 = 0.25,10-18-12-32-10 = 0.25,10-18-27-35-10 = 0.5,10-39-23-27-32-10 = 0.25,3-15-24-39-10 = 0.25,3-15-24-34-10 = 0.25,3-15-21-37-3 = 0.5,3-24-21-37-3 = 0.5,10-25-23-38-34-10 = 0.25,11-22-19-36-3 = 0.5,3-36-38-34-32-10 = 0.25,10-39-23-38-36-3 = 0.25,10-39-23-38-34-10 = 0.25
0,0,643.704,0.0,643.704,0.0,Prune by CG,,9-37-9 = 0.961,8-22-19-8 = 0.395,8-19-38-36-8 = 0.605,8-22-16-17-32-9 = 0.053,8-23-18-27-9 = 0.237,9-15-24-39-9 = 0.066,9-15-24-21-9 = 0.934,9-18-12-32-9 = 0.553,9-39-27-32-34-9 = 0.316,9-39-23-27-32-9 = 0.079,9-39-23-27-34-9 = 0.079,9-39-23-38-36-8 = 0.395,10-25-20-35-34-9 = 0.105,10-25-30-20-10 = 0.289,10-25-30-37-9 = 0.039,10-25-30-39-21-9 = 0.066,10-25-35-27-34-9 = 0.289,9-30-20-35-10 = 0.605,10-28-13-10 = 0.724,8-22-14-29-10 = 0.053,8-22-41-33-10 = 0.053,10-40-33-29-10 = 0.224,10-12-17-33-10 = 0.447,6-31-29-26-6 = 0.724,6-28-31-26-6 = 0.276,6-22-16-41-14-6 = 0.447,6-40-17-16-41-14-6 = 0.5,10-40-33-13-10 = 0.276,10-25-18-23-34-9 = 0.211
0,0,646.377,0.0,646.377,0.0,Prune by CG,,6-26-6 = 0.25,8-36-8 = 0.4,8-22-19-8 = 0.4,8-22-19-36-8 = 0.1,8-19-38-36-8 = 0.5,8-23-27-32-34-8 = 0.2,8-23-27-38-8 = 0.1,10-30-20-35-10 = 1.0,10-28-13-10 = 0.75,10-31-13-10 = 0.25,10-40-33-29-10 = 0.5,10-12-17-33-10 = 0.5,6-31-29-26-6 = 0.5,6-28-31-26-6 = 0.25,6-22-16-41-14-6 = 0.5,6-40-17-16-41-14-6 = 0.5,8-15-21-37-10 = 0.8,8-24-21-37-10 = 0.2,8-15-24-34-8 = 0.2,8-23-18-27-10 = 0.15,10-18-27-32-10 = 0.45,10-18-12-32-10 = 0.25,10-12-27-32-10 = 0.1,10-25-39-23-38-8 = 0.4,10-12-18-23-8 = 0.15,10-25-39-24-34-8 = 0.6
0,0,639.877,0.0,639.877,0.0,Prune by CG,,11-26-11 = 0.1,9-37-9 = 1.0,11-31-13-26-11 = 0.4,11-28-31-26-11 = 0.2,11-40-33-29-11 = 0.6,11-22-16-41-14-11 = 0.6,11-17-33-29-11 = 0.4,11-40-17-16-41-14-11 = 0.4,9-15-24-21-9 = 1.0,9-18-12-32-9 = 0.8,9-18-12-17-11 = 0.2,9-39-23-27-34-9 = 0.4,9-39-23-38-34-9 = 0.4,11-22-19-36-2 = 0.4,2-19-38-36-2 = 0.2,2-19-36-38-9 = 0.4,11-31-13-10 = 0.1,10-25-30-20-10 = 0.6,10-25-35-27-32-9 = 0.2,10-25-35-27-34-9 = 0.2,9-30-20-35-10 = 0.4,9-39-23-27-35-10 = 0.2,10-28-13-10 = 0.5,10-28-31-26-11 = 0.3
0,0,653.29,0.0,653.29,0.0,Prune by CG,,11-14-11 = 0.25,11-26-11 = 0.5,11-28-31-26-11 = 0.5,11-40-33-29-11 = 1.0,11-22-16-41-14-11 = 0.23,11-19-36-38-11 = 0.23,11-22-19-36-11 = 0.02,11-22-19-16-11 = 0.23,11-22-19-14-11 = 0.52,11-31-13-10 = 0.5,11-28-13-10 = 0.5,10-25-30-20-10 = 0.27,10-25-12-17-41-11 = 0.23,10-30-20-35-10 = 0.73,10-12-17-16-41-11 = 0.54,10-24-21-37-10 = 0.25,10-18-27-32-10 = 0.77,10-39-23-27-32-10 = 0.23,10-18-12-17-11 = 0.23,10-25-24-39-35-10 = 0.27,10-25-39-24-34-10 = 0.23,10-39-23-38-34-10 = 0.02,10-23-38-36-34-10 = 0.75,10-15-24-39-10 = 0.25,10-15-21-37-10 = 0.75
0,0,646.036,0.0,646.036,0.0,Prune by CG,,4-37-4 = 1.0,11-33-29-26-11 = 0.5,11-40-33-29-11 = 0.5,11-40-17-16-41-14-11 = 0.5,11-22-19-14-11 = 0.5,11-31-13-10 = 0.5,10-25-30-20-10 = 1.0,10-28-13-10 = 0.5,10-12-17-16-41-11 = 0.5,10-28-31-26-11 = 0.5,10-18-12-32-10 = 0.5,10-18-27-35-10 = 0.5,10-39-23-27-35-10 = 0.5,3-15-24-21-3 = 1.0,11-22-19-36-3 = 0.5,3-36-38-34-32-10 = 0.5,10-39-23-38-34-10 = 0.5
0,0,642.685,0.0,642.685,0.0,Prune by CG,,9-37-9 = 1.0,9-15-24-21-9 = 1.0,9-18-27-32-9 = 0.2,9-18-12-32-9 = 0.6,9-39-23-38-34-9 = 1.0,10-25-30-20-10 = 0.2,10-25-12-27-9 = 0.4,10-25-18-27-9 = 0.2,10-25-35-27-32-9 = 0.2,9-30-20-35-10 = 0.8,10-28-13-10 = 0.5,10-31-13-10 = 0.5,10-40-33-29-10 = 1.0,10-17-16-41-14-26-10 = 1.0,10-28-31-10 = 0.5,9-22-19-36-9 = 1.0
0,0,638.125,0.0,638.125,0.0,Prune by CG,,11-26-11 = 0.5,8-22-14-11 = 0.5,8-22-16-41-14-11 = 0.5,8-19-38-36-8 = 1.0,8-23-12-17-41-11 = 0.5,11-28-31-26-11 = 0.5,11-40-33-29-11 = 1.0,11-16-17-27-32-8 = 0.5,11-31-13-10 = 0.5,11-28-13-10 = 0.5,10-30-20-35-10 = 1.0,8-15-21-37-10 = 1.0,10-12-18-23-8 = 0.5,10-25-39-24-34-8 = 1.0,10-18-27-32-8 = 0.5
0,0,637.445,0.0,637.445,0.0,Prune by CG,,4-37-4 = 1.0,9-15-24-21-9 = 1.0,9-18-27-32-9 = 0.5,9-39-23-38-34-9 = 1.0,10-25-12-27-9 = 0.5,9-30-20-35-10 = 1.0,9-18-12-32-10 = 0.5,10-28-13-10 = 0.5,10-31-13-10 = 0.5,10-40-33-29-10 = 0.5,6-28-31-26-6 = 0.5,6-40-17-16-41-14-6 = 0.5,10-33-29-26-6 = 0.5,10-25-17-16-41-14-6 = 0.5,6-22-19-36-9 = 1.0
0,0,639.183,0.0,639.183,0.0,Prune by CG,,11-14-7 = 0.125,4-37-4 = 1.0,11-31-13-11 = 0.5,11-28-31-26-11 = 0.5,11-28-13-26-11 = 0.5,11-40-33-29-11 = 1.0,9-30-20-35-9 = 1.0,9-15-24-21-9 = 1.0,9-25-12-27-9 = 0.125,9-18-27-32-9 = 0.375,9-18-27-34-9 = 0.125,9-18-12-32-9 = 0.5,9-12-17-16-41-11 = 0.125,9-23-12-27-9 = 0.125,9-39-12-27-9 = 0.125,9-39-23-38-34-9 = 0.875,9-38-27-32-9 = 0.125,7-22-19-36-9 = 1.0,9-25-17-16-41-14-7 = 0.875
0,0,637.415,0.0,637.415,0.0,Prune by CG,,8-19-8 = 0.077,9-37-9 = 1.0,8-22-16-41-14-8 = 0.923,8-19-38-36-8 = 0.923,8-22-16-17-32-9 = 0.077,9-15-24-21-9 = 0.769,9-15-24-9 = 0.231,9-18-12-32-9 = 0.231,9-23-18-27-9 = 0.308,9-39-27-32-34-9 = 0.538,9-39-23-27-32-9 = 0.154,9-39-23-38-36-8 = 0.077,10-25-20-35-10 = 0.231,10-25-30-39-21-9 = 0.231,9-30-20-35-10 = 0.692,10-30-20-35-10 = 0.077,10-28-13-10 = 0.231,10-31-26-29-10 = 0.846,10-31-13-10 = 0.077,10-40-33-29-10 = 0.154,10-40-28-13-10 = 0.692,10-28-31-26-10 = 0.077,10-25-40-17-33-10 = 0.077,10-40-17-41-14-26-10 = 0.077,10-12-17-33-10 = 0.769,10-25-18-23-34-9 = 0.462
0,0,654.087,0.0,654.087,0.0,Prune by CG,,4-37-4 = 1.0,8-22-16-41-14-8 = 1.0,8-19-38-36-8 = 1.0,9-30-20-35-9 = 1.0,9-15-24-21-9 = 1.0,9-18-12-32-9 = 1.0,9-39-23-27-34-9 = 1.0,5-28-13-5 = 1.0,9-25-40-17-33-9 = 1.0,5-31-26-29-5 = 1.0
0,0,646.066,0.0,646.066,0.0,Prune by CG,,9-37-9 = 1.0,8-22-19-8 = 0.5,8-19-38-36-8 = 0.5,8-23-18-27-9 = 0.5,9-30-20-35-9 = 0.5,9-15-24-21-9 = 1.0,9-25-35-27-34-9 = 0.5,9-18-12-32-9 = 0.5,9-39-12-32-34-9 = 0.5,9-25-30-20-9 = 0.5,9-39-23-38-36-8 = 0.5,6-31-13-6 = 0.5,6-28-31-26-6 = 0.5,6-28-13-26-6 = 0.5,6-22-16-41-14-6 = 0.5,6-40-33-29-6 = 0.5,6-40-17-16-41-14-6 = 0.5,6-17-33-29-6 = 0.5
0,0,647.327,0.0,647.327,0.0,Prune by CG,,11-26-11 = 0.1,4-37-4 = 1.0,8-22-16-41-14-11 = 1.0,8-19-38-36-8 = 1.0,8-23-12-27-8 = 0.5,11-28-31-26-11 = 0.5,11-33-29-26-11 = 0.4,11-40-33-29-11 = 0.6,8-18-12-32-11 = 0.2,8-18-12-17-11 = 0.3,11-17-20-35-34-8 = 0.1,8-23-18-27-8 = 0.5,11-17-20-35-32-8 = 0.6,8-39-20-35-32-11 = 0.1,11-31-13-5 = 0.5,11-28-13-5 = 0.1,11-40-28-13-5 = 0.4,3-15-24-21-3 = 1.0,3-30-20-35-3 = 0.1,5-25-30-39-34-8 = 0.9,5-25-20-35-32-11 = 0.1
0,0,641.406,0.0,641.406,0.0,Prune by CG,,11-14-11 = 0.125,9-37-9 = 1.0,11-31-13-26-11 = 0.5,11-28-31-26-11 = 0.5,11-28-13-11 = 0.5,11-40-33-29-11 = 0.875,11-12-17-16-41-11 = 0.125,9-30-20-35-9 = 1.0,11-40-17-16-41-14-11 = 0.125,9-15-24-21-9 = 1.0,9-25-12-27-9 = 0.375,9-18-27-32-9 = 0.625,9-18-12-32-11 = 0.375,11-22-19-36-9 = 1.0,9-39-23-38-34-9 = 1.0,11-41-33-29-11 = 0.125,9-25-17-16-41-14-11 = 0.625,11-12-17-16-14-11 = 0.125
0,0,624.851,0.0,624.851,0.0,Prune by CG,,11-14-11 = 0.125,4-37-4 = 1.0,11-31-13-26-11 = 0.5,11-28-31-26-11 = 0.5,11-28-13-11 = 0.5,11-40-33-29-11 = 1.0,9-30-20-35-9 = 1.0,9-15-24-21-9 = 1.0,9-25-12-27-9 = 0.125,9-18-27-32-9 = 0.5,9-18-12-32-9 = 0.5,9-12-17-16-41-11 = 0.125,9-23-12-27-9 = 0.125,9-39-12-27-9 = 0.125,11-22-19-36-9 = 1.0,9-39-23-38-34-9 = 0.875,9-25-17-16-41-14-11 = 0.875,9-38-27-34-9 = 0.125
0,0,653.768,0.0,653.768,0.0,Prune by CG,,6-26-6 = 0.25,8-36-8 = 0.389,8-22-19-8 = 0.444,8-19-38-36-8 = 0.556,8-23-27-32-34-8 = 0.056,8-23-27-38-8 = 0.056,8-23-39-24-34-8 = 0.333,8-22-38-36-8 = 0.056,10-25-30-20-10 = 0.167,10-25-35-27-32-10 = 0.167,10-30-20-35-10 = 0.833,10-28-13-10 = 0.75,10-31-13-10 = 0.25,10-40-33-29-10 = 0.5,8-38-27-32-10 = 0.222,10-12-17-33-10 = 0.5,6-31-29-26-6 = 0.5,6-28-31-26-6 = 0.25,6-22-16-41-14-6 = 0.5,6-40-17-16-41-14-6 = 0.5,8-23-18-27-10 = 0.444,10-18-27-32-10 = 0.056,10-18-12-32-10 = 0.5,10-25-39-23-38-8 = 0.111,3-15-24-34-8 = 0.056,3-15-21-37-3 = 0.944,8-24-21-37-3 = 0.056,10-25-39-24-34-8 = 0.556
0,0,628.779,0.0,628.779,0.0,Prune by CG,,11-26-11 = 0.1,4-37-4 = 1.0,11-28-31-26-11 = 0.067,11-28-13-26-11 = 0.4,11-40-33-29-11 = 1.0,11-22-16-41-14-11 = 0.067,9-15-24-21-9 = 1.0,9-18-27-32-9 = 0.533,9-18-27-34-9 = 0.067,9-18-12-32-9 = 0.267,9-23-12-27-9 = 0.067,9-39-12-27-9 = 0.067,11-22-19-36-9 = 0.933,9-19-36-38-9 = 0.067,9-39-23-38-34-9 = 0.933,11-31-13-10 = 0.5,10-25-12-27-9 = 0.2,9-30-20-35-10 = 1.0,9-18-12-32-10 = 0.133,10-12-17-16-14-11 = 0.067,10-28-13-10 = 0.1,10-12-17-16-41-11 = 0.067,10-25-17-16-41-14-11 = 0.8,10-28-31-26-11 = 0.433,10-12-17-41-14-11 = 0.067,10-12-27-32-10 = 0.067
0,0,645.427,0.0,645.427,0.0,Prune by CG,,4-37-4 = 1.0,8-22-14-11 = 0.25,8-22-16-41-14-11 = 0.75,8-19-38-36-8 = 1.0,8-23-12-27-8 = 0.25,11-31-13-26-11 = 0.5,11-28-31-26-11 = 0.5,11-28-13-11 = 0.5,11-40-33-29-11 = 1.0,8-18-12-32-8 = 0.5,11-12-17-16-41-11 = 0.25,11-17-20-35-34-8 = 0.25,8-23-18-27-8 = 0.5,11-17-20-35-32-8 = 0.5,11-20-35-27-8 = 0.25,4-25-30-39-34-8 = 0.75,4-25-30-39-23-8 = 0.25,8-15-24-21-4 = 1.0
0,0,650.805,0.0,650.805,0.0,Prune by CG,,11-26-11 = 0.1,9-37-9 = 1.0,11-31-13-26-11 = 0.4,11-40-33-29-11 = 0.56,9-15-24-21-9 = 1.0,9-18-27-32-9 = 0.24,9-18-27-34-9 = 0.04,9-18-12-32-9 = 0.4,9-23-18-27-9 = 0.04,9-39-12-27-9 = 0.04,9-19-36-38-9 = 0.04,9-39-23-38-34-9 = 0.96,11-41-33-29-11 = 0.44,11-31-13-10 = 0.1,10-25-30-20-10 = 0.64,10-25-35-27-32-9 = 0.2,10-25-35-27-32-10 = 0.16,9-30-20-35-10 = 0.36,9-18-27-35-10 = 0.28,10-28-13-10 = 0.5,10-12-17-16-41-11 = 0.04,10-28-31-26-11 = 0.5,7-22-19-36-9 = 0.96,7-22-16-41-14-7 = 0.04,9-12-17-16-14-7 = 0.48,9-12-17-41-14-7 = 0.04,11-40-17-16-41-14-7 = 0.44
0,0,649.509,0.0,649.509,0.0,Prune by CG,,9-37-9 = 1.0,8-22-16-41-14-11 = 0.333,8-22-19-8 = 0.333,8-19-38-36-8 = 0.667,11-31-13-26-11 = 0.5,11-28-31-26-11 = 0.5,11-28-13-11 = 0.5,11-40-33-29-11 = 0.667,11-17-33-29-11 = 0.333,9-30-20-35-9 = 0.5,11-17-27-32-34-9 = 0.333,11-40-17-16-41-14-11 = 0.333,9-15-24-39-9 = 0.167,9-15-24-21-9 = 0.667,9-25-30-39-21-9 = 0.333,9-25-20-35-34-9 = 0.5,9-15-24-9 = 0.167,9-18-12-32-9 = 0.667,9-23-12-27-9 = 0.333,9-23-18-27-9 = 0.333,9-25-30-39-34-9 = 0.167,9-39-23-38-36-8 = 0.333,7-22-16-41-14-7 = 0.333
0,0,642.882,0.0,642.882,0.0,Prune by CG,,8-19-8 = 0.1,8-36-8 = 0.1,4-37-4 = 1.0,8-22-16-41-14-8 = 1.0,8-19-38-36-8 = 0.9,8-23-27-32-34-8 = 0.4,8-23-18-39-34-8 = 0.467,10-25-20-35-10 = 0.3,10-25-30-20-10 = 0.267,10-25-30-39-35-10 = 0.267,10-30-20-35-10 = 0.333,10-31-26-29-10 = 1.0,10-40-28-13-10 = 1.0,8-38-27-32-10 = 0.067,10-12-17-33-10 = 1.0,10-18-27-32-10 = 0.533,8-23-39-20-35-10 = 0.1,10-25-39-23-38-8 = 0.033,3-15-24-21-3 = 1.0,10-25-30-39-34-8 = 0.133
0,0,651.41,0.0,651.41,0.0,Prune by CG,,9-37-9 = 1.0,9-15-24-21-9 = 1.0,9-18-27-32-9 = 0.2,9-18-12-32-9 = 0.6,9-39-23-38-34-9 = 1.0,10-25-30-20-10 = 0.2,10-25-12-27-9 = 0.4,10-25-18-27-9 = 0.2,10-25-35-27-32-9 = 0.2,9-30-20-35-10 = 0.8,10-28-13-10 = 0.5,10-31-13-10 = 0.5,10-40-33-29-10 = 1.0,10-17-16-41-14-26-10 = 1.0,10-28-31-10 = 0.5,9-22-19-36-9 = 1.0
0,0,653.825,0.0,653.825,0.0,Prune by CG,,5-13-5 = 0.2,9-37-9 = 1.0,8-22-19-8 = 0.4,8-22-19-36-8 = 0.1,8-19-38-36-8 = 0.5,8-38-27-34-9 = 0.1,8-23-18-27-9 = 0.3,9-30-20-35-9 = 0.7,9-15-24-21-9 = 1.0,9-25-35-27-34-9 = 0.3,9-18-12-32-9 = 0.7,9-39-12-32-34-9 = 0.3,9-39-23-27-34-9 = 0.3,9-25-30-20-9 = 0.3,9-39-23-38-36-8 = 0.4,5-25-28-13-5 = 0.4,6-31-13-26-6 = 0.4,6-28-31-26-6 = 0.6,6-22-16-41-14-6 = 0.5,6-40-33-29-6 = 0.5,6-40-17-16-41-14-6 = 0.5,6-17-33-29-6 = 0.5
0,0,648.76,0.0,648.76,0.0,Prune by CG,,9-37-9 = 1.0,11-31-13-26-11 = 0.5,11-28-31-26-11 = 0.5,11-28-13-11 = 0.5,11-40-33-29-11 = 0.8,11-17-33-29-11 = 0.2,9-30-20-35-9 = 0.7,9-15-24-39-9 = 0.1,9-15-24-21-9 = 0.9,9-25-30-39-21-9 = 0.1,9-25-35-27-32-9 = 0.2,9-25-20-35-34-9 = 0.1,9-18-12-32-9 = 0.6,9-23-12-17-16-11 = 0.1,9-23-18-27-9 = 0.4,9-39-12-27-9 = 0.2,9-39-23-27-32-9 = 0.2,9-25-30-20-9 = 0.2,9-39-23-38-34-9 = 0.3,2-19-38-36-2 = 0.1,2-19-38-34-9 = 0.3,2-36-38-34-9 = 0.3,9-39-12-17-41-11 = 0.1,7-22-16-41-14-7 = 0.3,9-25-17-16-41-14-7 = 0.4,11-40-17-16-41-14-7 = 0.2,7-22-19-36-2 = 0.6,7-22-14-7 = 0.1
0,0,644.342,0.0,644.342,0.0,Prune by CG,,4-37-4 = 1.0,9-15-24-21-9 = 1.0,9-18-12-32-9 = 0.735,9-23-18-27-9 = 0.029,9-39-27-32-34-9 = 0.029,9-39-23-27-32-9 = 0.088,9-39-23-38-34-9 = 0.324,2-19-38-36-2 = 0.029,2-19-38-34-9 = 0.324,2-36-38-34-9 = 0.324,10-25-30-20-10 = 0.706,10-25-18-27-9 = 0.147,10-25-35-27-32-9 = 0.147,9-30-20-35-10 = 0.294,9-39-23-27-35-10 = 0.559,10-28-13-10 = 0.647,10-31-13-10 = 0.324,10-40-33-29-10 = 0.324,10-40-28-13-10 = 0.029,9-18-17-33-10 = 0.088,10-12-17-33-10 = 0.265,6-31-29-26-6 = 0.353,6-22-16-41-14-6 = 0.353,6-40-17-16-41-14-6 = 0.647,10-33-29-26-6 = 0.324,10-28-31-26-6 = 0.324,6-22-19-36-2 = 0.647
0,0,649.749,0.0,649.749,0.0,Prune by CG,,6-26-6 = 0.143,4-37-4 = 1.0,8-22-19-36-8 = 0.071,8-19-38-36-8 = 0.929,8-23-27-32-34-8 = 0.429,8-23-18-39-34-8 = 0.071,10-30-20-35-10 = 0.571,10-28-13-10 = 0.286,8-22-14-29-10 = 0.071,8-22-41-33-10 = 0.071,10-31-13-10 = 0.143,10-40-33-29-10 = 0.214,10-40-28-13-10 = 0.571,8-22-16-17-32-10 = 0.071,10-12-17-33-10 = 0.714,6-31-29-26-6 = 0.714,6-28-31-26-6 = 0.143,6-22-16-41-14-6 = 0.714,6-40-17-16-41-14-6 = 0.214,8-23-18-27-10 = 0.357,10-18-27-32-10 = 0.214,10-18-12-32-10 = 0.286,10-25-39-20-35-10 = 0.429,10-25-18-23-34-8 = 0.071,10-25-39-23-38-8 = 0.071,3-15-24-21-3 = 1.0,10-25-30-39-34-8 = 0.429
0,0,643.01,0.0,643.01,0.0,Prune by CG,,11-26-11 = 0.1,9-37-9 = 1.0,11-31-13-26-11 = 0.4,11-28-31-26-11 = 0.2,11-40-33-29-11 = 0.6,11-22-16-41-14-11 = 0.6,11-17-33-29-11 = 0.4,11-40-17-16-41-14-11 = 0.4,9-15-24-21-9 = 1.0,9-18-12-32-9 = 0.8,9-18-12-17-11 = 0.2,9-39-23-27-32-9 = 0.2,9-39-23-27-34-9 = 0.2,9-39-23-38-34-9 = 0.4,11-22-19-36-2 = 0.4,2-19-38-36-2 = 0.2,2-19-36-38-9 = 0.4,11-31-13-10 = 0.1,10-25-30-20-10 = 0.6,10-25-35-27-34-9 = 0.4,9-30-20-35-10 = 0.4,9-39-23-27-35-10 = 0.2,10-28-13-10 = 0.5,10-28-31-26-11 = 0.3
0,0,653.027,0.0,653.027,0.0,Prune by CG,,6-26-6 = 0.32,9-37-9 = 0.8,9-24-21-37-9 = 0.04,9-30-20-35-9 = 1.0,9-15-21-37-9 = 0.16,9-15-24-39-9 = 0.04,9-15-24-21-9 = 0.8,9-18-27-32-9 = 0.84,9-18-12-32-9 = 0.16,9-23-12-27-9 = 0.08,9-39-12-27-9 = 0.08,9-24-38-34-9 = 0.12,9-39-23-38-34-9 = 0.88,5-25-28-13-5 = 0.5,6-31-13-26-6 = 0.18,6-28-31-26-6 = 0.36,9-12-17-41-14-6 = 0.18,9-23-12-16-41-6 = 0.04,6-40-33-29-6 = 1.0,9-25-17-16-41-14-6 = 0.32,9-12-17-16-14-6 = 0.18,9-12-16-41-14-6 = 0.14,5-25-17-16-41-14-6 = 0.18,5-28-31-26-6 = 0.14,6-22-19-36-9 = 1.0,9-12-17-16-41-6 = 0.14,6-31-13-5 = 0.32
0,0,654.171,0.0,654.171,0.0,Prune by CG,,6-26-6 = 0.071,4-37-4 = 1.0,8-22-19-36-8 = 0.429,8-19-38-36-8 = 0.571,8-23-27-32-34-8 = 0.071,10-25-30-20-10 = 0.214,10-25-35-27-32-10 = 0.214,10-30-20-35-10 = 0.786,10-28-13-10 = 0.643,10-31-13-10 = 0.071,10-40-33-29-10 = 0.286,10-40-28-13-10 = 0.143,10-12-17-33-10 = 0.571,6-31-29-26-6 = 0.714,6-28-31-26-6 = 0.214,6-22-16-41-14-6 = 0.571,6-40-17-16-41-14-6 = 0.429,10-40-33-13-10 = 0.143,8-15-21-39-34-8 = 0.214,8-15-24-21-10 = 0.429,8-15-24-34-8 = 0.357,8-23-18-27-10 = 0.357,10-18-27-32-10 = 0.286,10-18-12-32-10 = 0.357,10-12-27-32-10 = 0.071,10-25-21-39-23-34-8 = 0.143,10-25-39-23-38-8 = 0.429,10-21-24-39-34-8 = 0.214
0,0,661.025,0.0,661.025,0.0,Prune by CG,,11-26-11 = 0.079,4-37-4 = 1.0,11-28-31-26-11 = 0.5,11-28-13-26-11 = 0.316,11-33-29-26-11 = 0.105,11-40-33-29-11 = 0.895,11-40-17-16-41-14-11 = 0.105,11-22-19-14-11 = 0.895,11-31-13-10 = 0.5,11-28-13-10 = 0.184,10-25-30-20-10 = 0.579,10-25-30-39-35-10 = 0.158,10-25-12-17-41-11 = 0.105,10-30-20-35-10 = 0.263,10-12-17-16-41-11 = 0.789,10-18-27-32-10 = 0.789,10-18-12-32-10 = 0.105,10-25-39-20-35-10 = 0.158,10-18-27-35-10 = 0.105,10-39-23-27-32-10 = 0.105,10-21-24-39-35-10 = 0.158,11-16-36-38-34-10 = 0.105,10-39-23-38-34-10 = 0.105,10-23-38-36-34-10 = 0.789,10-15-24-21-10 = 0.684,10-15-24-39-10 = 0.158,11-22-19-36-10 = 0.105,10-15-21-39-35-10 = 0.158
0,0,648.377,0.0,648.377,0.0,Prune by CG,,4-37-4 = 1.0,9-15-24-21-9 = 1.0,9-18-27-32-9 = 0.2,9-18-12-32-9 = 0.6,9-39-23-38-34-9 = 1.0,10-25-30-20-10 = 0.2,10-25-12-27-9 = 0.4,10-25-18-27-9 = 0.2,10-25-35-27-32-9 = 0.2,9-30-20-35-10 = 0.8,10-28-13-10 = 0.5,10-31-13-10 = 0.5,10-40-33-29-10 = 1.0,10-17-16-41-14-26-10 = 1.0,10-28-31-10 = 0.5,9-22-19-36-9 = 1.0
0,0,648.647,0.0,648.647,0.0,Prune by CG,,11-26-11 = 0.1,4-37-4 = 1.0,11-31-13-26-11 = 0.4,11-40-33-29-11 = 0.56,9-15-24-21-9 = 1.0,9-18-27-32-9 = 0.28,9-18-12-32-9 = 0.4,9-23-18-27-9 = 0.04,9-39-12-27-9 = 0.04,9-19-36-38-9 = 0.04,9-39-23-38-34-9 = 0.96,11-41-33-29-11 = 0.44,11-31-13-10 = 0.1,10-25-30-20-10 = 0.64,10-25-35-27-32-9 = 0.16,10-25-35-27-32-10 = 0.16,10-25-35-27-34-9 = 0.04,9-30-20-35-10 = 0.36,9-18-27-35-10 = 0.28,10-28-13-10 = 0.5,10-12-17-16-41-11 = 0.04,10-28-31-26-11 = 0.5,7-22-19-36-9 = 0.96,7-22-16-41-14-7 = 0.04,9-12-17-16-14-7 = 0.48,9-12-17-41-14-7 = 0.04,11-40-17-16-41-14-7 = 0.44
0,0,656.195,0.0,656.195,0.0,Prune by CG,,11-14-7 = 0.167,9-37-9 = 0.917,11-31-13-26-11 = 0.417,11-28-31-26-11 = 0.583,11-40-33-29-11 = 0.833,9-30-20-35-9 = 0.917,9-15-24-21-9 = 1.0,9-25-30-37-9 = 0.083,9-25-35-27-34-9 = 0.083,9-18-27-32-9 = 0.583,9-18-12-32-9 = 0.167,9-18-12-32-11 = 0.25,9-12-17-16-41-11 = 0.167,9-23-12-27-9 = 0.083,9-39-12-27-9 = 0.083,9-19-36-38-9 = 0.083,9-39-23-38-34-9 = 0.917,9-12-17-33-11 = 0.083,11-28-13-5 = 0.417,5-13-29-11 = 0.167,5-25-20-33-11 = 0.083,5-25-12-27-9 = 0.167,7-22-19-36-9 = 0.917,7-22-16-41-14-7 = 0.083,9-25-17-16-41-14-7 = 0.583,11-40-17-16-41-14-7 = 0.167
0,0,648.859,0.0,648.859,0.0,Prune by CG,,11-26-11 = 0.1,4-37-4 = 1.0,11-31-13-26-11 = 0.4,11-28-31-26-11 = 0.5,11-40-33-29-11 = 0.84,11-22-16-41-14-11 = 0.84,11-17-33-29-11 = 0.16,11-40-17-16-41-14-11 = 0.16,11-22-19-36-2 = 0.16,2-19-38-36-2 = 0.76,11-31-13-10 = 0.1,11-28-13-10 = 0.42,10-25-30-20-10 = 0.44,10-30-20-35-10 = 0.56,10-12-27-35-10 = 0.32,10-28-13-10 = 0.08,10-18-27-35-10 = 0.12,10-39-23-27-32-10 = 0.36,10-18-12-17-11 = 0.68,3-15-24-21-3 = 1.0,2-36-38-34-32-10 = 0.08,2-19-38-34-10 = 0.08,10-18-27-34-10 = 0.2,10-25-39-23-34-32-10 = 0.56,10-39-23-38-34-10 = 0.08
0,0,641.164,0.0,641.164,0.0,Prune by CG,,11-26-11 = 0.5,8-22-14-11 = 0.5,8-22-16-41-14-11 = 0.5,8-19-38-36-8 = 1.0,8-23-12-17-41-11 = 0.5,11-28-31-26-11 = 0.5,11-40-33-29-11 = 1.0,11-31-13-10 = 0.5,11-28-13-10 = 0.5,10-30-20-35-10 = 1.0,10-18-27-32-10 = 0.5,10-12-18-23-8 = 0.5,3-15-21-37-3 = 1.0,10-25-39-24-34-8 = 1.0,11-16-17-27-32-10 = 0.5
0,0,645.48,0.0,645.48,0.0,Prune by CG,,6-26-6 = 0.067,6-26-11 = 0.433,9-37-9 = 1.0,11-28-31-26-11 = 0.067,11-40-33-29-11 = 1.0,11-22-16-41-14-11 = 0.067,9-15-24-21-9 = 1.0,9-18-27-32-9 = 0.4,9-18-27-34-9 = 0.067,9-18-12-32-9 = 0.4,9-23-12-27-9 = 0.067,9-39-12-27-9 = 0.067,11-22-19-36-9 = 0.933,9-19-36-38-9 = 0.067,9-39-23-38-34-9 = 0.933,11-31-13-10 = 0.5,10-25-12-27-9 = 0.2,9-30-20-35-10 = 1.0,9-18-27-32-10 = 0.133,10-12-17-16-14-11 = 0.067,10-28-13-10 = 0.5,10-12-17-16-41-11 = 0.067,10-28-31-26-6 = 0.433,10-25-17-16-41-14-11 = 0.8,10-12-17-41-14-11 = 0.067,10-12-27-32-10 = 0.067
0,0,647.496,0.0,647.496,0.0,Prune by CG,,9-37-9 = 1.0,11-28-31-26-11 = 0.667,11-28-13-26-11 = 0.333,11-40-33-29-11 = 0.6,11-22-14-11 = 0.033,11-22-16-41-14-11 = 0.433,11-17-33-29-11 = 0.067,9-30-20-35-9 = 0.567,11-40-17-16-41-14-11 = 0.4,9-15-24-39-9 = 0.2,9-15-24-21-9 = 0.8,9-25-30-39-21-9 = 0.2,9-25-35-27-32-9 = 0.233,9-25-20-35-34-9 = 0.2,9-18-12-32-9 = 0.533,9-23-12-17-16-11 = 0.033,9-23-18-27-9 = 0.467,9-39-12-27-9 = 0.067,9-39-23-27-32-9 = 0.233,9-25-30-20-9 = 0.233,9-39-23-38-34-9 = 0.267,11-22-19-36-2 = 0.533,2-19-38-36-2 = 0.2,2-19-38-34-9 = 0.267,2-36-38-34-9 = 0.267,9-25-17-16-41-14-11 = 0.133,9-39-12-17-41-11 = 0.033,9-12-17-33-11 = 0.333,11-31-13-5 = 0.333,5-13-29-11 = 0.333
0,0,651.032,0.0,651.032,0.0,Prune by CG,,6-26-11 = 0.5,4-37-4 = 1.0,8-22-16-41-14-11 = 0.833,8-22-19-36-8 = 0.167,8-19-38-36-8 = 0.833,11-40-33-29-11 = 0.333,11-17-33-29-11 = 0.667,11-40-17-16-41-14-11 = 0.167,11-31-13-10 = 0.5,10-25-30-20-10 = 0.4,10-25-35-27-32-10 = 0.267,10-30-20-35-10 = 0.6,10-12-27-35-10 = 0.133,11-28-31-26-6 = 0.5,8-15-21-39-23-8 = 0.333,8-15-24-21-10 = 0.167,8-15-24-34-8 = 0.5,10-18-27-32-10 = 0.367,10-18-12-32-10 = 0.133,10-12-27-32-10 = 0.233,10-25-21-39-23-34-8 = 0.167,10-25-39-23-38-8 = 0.167,10-12-18-23-8 = 0.333,10-18-12-17-11 = 0.167,11-40-28-13-10 = 0.5,10-21-24-39-34-8 = 0.333
0,0,655.824,0.0,655.824,0.0,Prune by CG,,11-26-11 = 0.25,4-37-4 = 0.75,8-22-16-41-14-11 = 1.0,8-19-38-36-8 = 1.0,8-23-12-27-8 = 0.25,11-28-31-26-11 = 0.5,11-28-13-26-11 = 0.25,11-40-33-29-11 = 1.0,8-18-12-17-11 = 0.5,8-23-18-27-8 = 0.5,11-17-20-35-32-8 = 0.5,11-12-27-32-8 = 0.25,11-31-13-5 = 0.5,11-28-13-5 = 0.25,5-25-20-35-32-8 = 0.25,5-25-30-39-23-8 = 0.25,8-15-24-34-8 = 0.25,4-21-24-39-34-8 = 0.25,8-15-21-37-4 = 0.25,4-25-30-39-34-8 = 0.25,4-30-20-35-8 = 0.25,5-25-30-39-34-8 = 0.25,8-15-24-21-4 = 0.5
0,0,649.193,0.0,649.193,0.0,Prune by CG,,9-37-9 = 1.0,9-15-24-21-9 = 1.0,9-18-27-32-9 = 0.2,9-18-12-32-9 = 0.6,9-39-23-38-34-9 = 1.0,10-25-30-20-10 = 0.2,10-25-12-27-9 = 0.4,10-25-18-27-9 = 0.2,10-25-35-27-32-9 = 0.2,9-30-20-35-10 = 0.8,10-28-13-10 = 0.5,10-31-13-10 = 0.5,10-40-33-29-10 = 1.0,10-17-16-41-14-26-10 = 1.0,10-28-31-10 = 0.5,2-22-19-36-2 = 1.0
0,0,659.801,0.0,659.801,0.0,Prune by CG,,11-26-11 = 0.5,8-12-17-16-41-11 = 0.5,8-22-14-11 = 0.5,8-22-16-41-14-11 = 0.5,8-19-38-36-8 = 1.0,8-23-12-27-8 = 0.25,11-28-31-26-11 = 0.5,11-40-33-29-11 = 1.0,8-18-12-32-8 = 0.25,8-23-18-27-8 = 0.75,11-17-20-35-32-8 = 0.5,11-31-13-5 = 0.5,11-28-13-5 = 0.5,5-25-20-35-32-8 = 0.25,3-15-24-39-3 = 0.25,3-15-24-34-8 = 0.25,3-15-21-37-3 = 0.5,3-24-21-37-3 = 0.25,8-24-21-37-3 = 0.25,3-30-20-35-3 = 0.25,5-25-30-39-34-8 = 0.75
0,0,645.839,0.0,645.839,0.0,Prune by CG,,9-37-9 = 1.0,8-22-16-41-14-11 = 0.5,8-22-19-8 = 0.5,8-19-38-36-8 = 0.5,11-28-31-26-11 = 0.5,11-28-13-26-11 = 0.5,11-40-33-29-11 = 0.5,11-17-33-29-11 = 0.5,9-30-20-35-9 = 0.5,11-40-17-16-41-14-11 = 0.5,9-15-24-21-9 = 1.0,9-25-35-27-34-9 = 0.5,9-18-12-32-9 = 1.0,9-39-23-27-34-9 = 0.5,9-39-23-38-36-8 = 0.5,11-31-13-5 = 0.5,5-25-30-20-9 = 0.5
0,0,657.079,0.0,657.079,0.0,Prune by CG,,9-37-9 = 1.0,9-30-20-35-9 = 1.0,9-15-24-21-9 = 1.0,9-18-12-32-9 = 0.667,9-23-18-27-9 = 0.333,9-39-12-27-9 = 0.333,9-39-23-27-32-9 = 0.333,9-39-23-38-34-9 = 0.333,2-19-38-34-9 = 0.333,2-36-38-34-9 = 0.333,9-25-17-33-26-6 = 0.333,6-28-31-26-6 = 0.667,6-22-16-41-14-6 = 0.333,6-40-33-29-6 = 0.667,9-25-17-16-41-14-6 = 0.333,5-13-29-6 = 0.333,5-25-17-16-41-14-6 = 0.333,6-22-19-36-2 = 0.667,6-31-13-5 = 0.333,6-40-28-13-5 = 0.333
0,0,653.937,0.0,653.937,0.0,Prune by CG,,11-26-11 = 0.1,4-37-4 = 1.0,11-28-31-26-11 = 0.5,11-28-13-26-11 = 0.4,11-40-33-29-11 = 0.867,11-22-16-41-14-11 = 0.867,11-17-33-29-11 = 0.133,11-40-17-16-41-14-11 = 0.133,11-22-19-36-2 = 0.133,2-19-38-36-2 = 0.867,11-31-13-10 = 0.5,11-28-13-10 = 0.1,10-25-30-20-10 = 0.2,10-25-35-27-32-10 = 0.167,10-30-20-35-10 = 0.8,10-18-27-32-10 = 0.2,10-18-12-32-10 = 0.033,10-18-27-35-10 = 0.033,10-39-23-27-32-10 = 0.367,10-12-27-32-10 = 0.233,10-18-12-17-11 = 0.733,2-15-24-21-10 = 0.5,2-15-24-34-2 = 0.233,2-15-24-34-10 = 0.267,10-25-39-23-38-2 = 0.133,10-25-21-39-23-34-2 = 0.5
0,0,641.03,0.0,641.03,0.0,Prune by CG,,9-15-9 = 0.071,9-21-9 = 0.071,4-37-4 = 1.0,9-30-20-35-9 = 1.0,9-15-24-21-9 = 0.929,9-18-27-32-9 = 0.286,9-18-27-34-9 = 0.143,9-18-12-32-9 = 0.571,9-23-12-27-9 = 0.214,9-39-12-27-9 = 0.214,9-24-38-34-9 = 0.071,9-39-23-38-34-9 = 0.786,6-31-13-6 = 0.5,6-28-31-26-6 = 0.5,6-28-13-26-6 = 0.5,6-40-33-29-6 = 1.0,9-25-17-16-41-14-6 = 1.0,9-38-27-32-9 = 0.143,6-22-19-36-9 = 1.0
0,0,643.554,0.0,643.554,0.0,Prune by CG,,9-37-9 = 1.0,9-15-24-21-9 = 1.0,9-18-27-32-9 = 0.5,9-39-23-38-34-9 = 1.0,10-25-12-27-9 = 0.5,9-30-20-35-10 = 1.0,9-18-12-32-10 = 0.5,10-28-13-10 = 0.5,10-31-13-10 = 0.5,10-40-33-29-10 = 0.5,6-28-31-26-6 = 0.5,6-40-17-16-41-14-6 = 0.5,10-33-29-26-6 = 0.5,10-25-17-16-41-14-6 = 0.5,6-22-19-36-9 = 1.0
0,0,650.978,0.0,650.978,0.0,Prune by CG,,6-26-6 = 0.181,9-37-9 = 0.8,11-28-31-26-11 = 0.693,11-28-13-26-11 = 0.126,11-40-33-29-11 = 0.593,11-22-16-41-14-11 = 0.17,9-30-20-35-9 = 0.8,11-40-17-16-41-14-11 = 0.407,9-15-24-21-9 = 1.0,9-25-30-37-9 = 0.096,9-25-35-27-32-9 = 0.2,9-18-27-32-9 = 0.193,9-18-27-32-11 = 0.119,9-18-27-34-9 = 0.17,9-18-12-32-9 = 0.489,9-18-12-17-11 = 0.007,9-23-12-27-9 = 0.148,9-23-18-27-9 = 0.022,9-39-12-27-9 = 0.148,11-22-19-36-9 = 0.83,9-19-36-38-9 = 0.17,9-39-23-38-34-9 = 0.83,11-41-33-29-11 = 0.022,9-25-17-16-41-14-11 = 0.4,9-12-17-33-11 = 0.185,9-25-20-33-11 = 0.2,9-39-12-16-14-11 = 0.022,11-31-13-5 = 0.307,11-28-13-5 = 0.181,5-13-29-11 = 0.385,5-25-30-37-9 = 0.104
0,0,635.294,0.0,635.294,0.0,Prune by CG,,11-14-11 = 0.1,4-37-4 = 1.0,11-28-31-26-11 = 0.8,11-28-13-26-11 = 0.2,11-40-33-29-11 = 0.6,9-30-20-35-9 = 1.0,11-40-17-16-41-14-11 = 0.2,9-15-24-21-9 = 1.0,9-25-12-27-9 = 0.3,9-18-27-32-9 = 0.7,9-18-12-32-9 = 0.3,11-22-19-36-9 = 1.0,9-39-23-38-34-9 = 1.0,9-25-17-16-41-14-11 = 0.6,9-12-17-33-11 = 0.2,9-25-12-16-41-11 = 0.1,9-12-16-41-14-11 = 0.1,11-31-13-5 = 0.2,5-13-29-11 = 0.4,11-40-33-13-5 = 0.2
0,0,656.485,0.0,656.485,0.0,Prune by CG,,9-37-9 = 1.0,8-22-16-41-14-11 = 0.5,8-22-19-8 = 0.5,8-19-38-36-8 = 0.5,11-31-13-26-11 = 0.5,11-28-31-26-11 = 0.5,11-40-33-29-11 = 0.5,11-17-33-29-11 = 0.5,11-40-17-16-41-14-11 = 0.5,9-15-24-21-9 = 1.0,9-18-12-32-9 = 1.0,9-39-23-27-34-9 = 0.5,9-39-23-38-36-8 = 0.5,11-28-13-10 = 0.5,10-25-30-20-10 = 0.5,10-25-35-27-34-9 = 0.5,10-30-20-35-10 = 0.5
0,0,660.23,0.0,660.23,0.0,Prune by CG,,5-13-10 = 0.5,9-37-9 = 0.5,8-22-19-8 = 0.5,8-19-38-36-8 = 0.5,9-15-24-21-9 = 1.0,9-18-12-32-9 = 0.5,9-23-18-27-9 = 0.5,9-39-27-32-34-9 = 0.5,9-39-23-38-36-8 = 0.5,10-25-20-35-34-9 = 0.5,10-25-30-37-9 = 0.5,9-30-20-35-10 = 0.5,10-40-33-29-10 = 0.5,10-12-17-33-10 = 0.5,8-22-16-41-14-6 = 0.5,6-28-31-26-6 = 0.5,6-28-29-26-6 = 0.5,6-40-17-16-41-14-6 = 0.5,6-31-13-5 = 0.5
0,0,650.123,0.0,650.123,0.0,Prune by CG,,11-26-11 = 0.2,4-37-4 = 1.0,8-22-16-41-14-11 = 0.8,8-22-19-36-8 = 0.2,8-19-38-36-8 = 0.8,11-31-13-26-11 = 0.3,11-28-31-26-11 = 0.5,11-40-33-29-11 = 0.3,11-17-33-29-11 = 0.7,11-40-17-16-41-14-11 = 0.2,11-17-27-32-34-8 = 0.05,11-31-13-10 = 0.2,10-25-30-20-10 = 0.4,10-25-30-39-23-8 = 0.05,10-25-35-27-32-10 = 0.15,10-30-20-35-10 = 0.55,8-15-21-39-23-8 = 0.275,8-15-24-21-10 = 0.25,8-15-24-34-8 = 0.475,10-18-27-32-10 = 0.075,10-18-12-32-10 = 0.35,10-18-27-35-10 = 0.3,10-12-27-32-10 = 0.375,10-25-21-39-23-34-8 = 0.2,10-25-39-23-38-8 = 0.2,10-12-18-23-8 = 0.275,11-40-28-13-10 = 0.5,11-17-27-20-10 = 0.05,10-21-24-39-34-8 = 0.275
0,0,676.181,0.0,676.181,0.0,Prune by CG,,8-19-8 = 0.1,8-36-8 = 0.1,9-37-9 = 1.0,8-12-17-33-9 = 0.1,8-22-16-41-14-8 = 0.7,8-22-19-8 = 0.3,8-19-38-36-8 = 0.6,8-23-12-17-16-8 = 0.2,8-23-18-27-9 = 0.5,9-30-20-35-9 = 1.0,9-15-24-21-9 = 1.0,9-18-27-34-9 = 0.4,9-39-12-32-34-9 = 0.6,9-39-23-38-36-8 = 0.3,9-39-27-38-8 = 0.1,9-25-28-13-9 = 0.5,8-16-17-33-32-8 = 0.1,9-18-12-32-8 = 0.1,8-17-33-29-9 = 0.3,8-41-14-26-29-8 = 0.3,8-17-33-29-8 = 0.2,9-25-40-17-33-9 = 0.1,8-40-31-13-9 = 0.5,9-28-31-26-8 = 0.5,9-25-40-29-26-8 = 0.2,9-25-40-33-32-8 = 0.2
0,0,644.045,0.0,644.045,0.0,Prune by CG,,11-26-11 = 0.1,9-37-9 = 1.0,11-31-13-26-11 = 0.4,11-28-31-26-11 = 0.467,11-40-33-29-11 = 1.0,11-22-16-41-14-11 = 0.067,9-15-24-21-9 = 1.0,9-18-27-32-9 = 0.4,9-18-27-34-9 = 0.067,9-18-12-32-9 = 0.4,9-23-12-27-9 = 0.067,9-39-12-27-9 = 0.067,11-22-19-36-9 = 0.933,9-19-36-38-9 = 0.067,9-39-23-38-34-9 = 0.933,11-31-13-10 = 0.1,10-25-12-27-9 = 0.2,9-30-20-35-10 = 1.0,9-18-27-32-10 = 0.133,10-12-17-16-14-11 = 0.067,10-28-13-10 = 0.5,10-12-17-16-41-11 = 0.067,10-25-17-16-41-14-11 = 0.8,10-28-31-26-11 = 0.033,10-12-17-41-14-11 = 0.067,10-12-27-32-10 = 0.067
0,0,648.223,0.0,648.223,0.0,Prune by CG,,6-26-6 = 0.1,4-37-4 = 1.0,9-30-20-35-9 = 1.0,9-15-24-21-9 = 1.0,9-18-27-32-9 = 0.2,9-18-27-34-9 = 0.2,9-18-12-32-9 = 0.6,9-23-12-27-9 = 0.2,9-39-12-27-9 = 0.2,9-39-23-38-34-9 = 0.8,5-28-13-5 = 0.1,6-28-31-26-6 = 0.8,6-40-33-29-6 = 0.6,9-25-17-16-41-14-6 = 1.0,9-38-27-32-9 = 0.2,5-13-29-6 = 0.4,5-28-31-26-6 = 0.1,6-22-19-36-9 = 1.0,6-31-13-5 = 0.1,6-40-33-13-5 = 0.4
0,0,657.018,0.0,657.018,0.0,Prune by CG,,11-26-11 = 0.1,9-37-9 = 1.0,11-31-13-26-11 = 0.4,11-28-31-26-11 = 0.2,11-40-33-29-11 = 0.6,11-17-33-29-11 = 0.4,9-15-24-21-9 = 1.0,9-18-12-32-9 = 0.8,9-18-12-17-11 = 0.2,9-39-23-27-34-9 = 0.4,9-39-23-38-34-9 = 0.2,2-19-38-34-9 = 0.2,2-19-36-38-9 = 0.4,9-39-23-38-36-2 = 0.2,11-31-13-10 = 0.1,10-25-30-20-10 = 0.6,10-25-35-27-32-9 = 0.2,10-25-35-27-34-9 = 0.2,9-30-20-35-10 = 0.4,9-39-23-27-35-10 = 0.2,10-28-13-10 = 0.5,10-28-31-26-11 = 0.3,7-22-16-41-14-7 = 0.6,11-40-17-16-41-14-7 = 0.4,7-22-19-36-2 = 0.4
0,0,652.436,0.0,652.436,0.0,Prune by CG,,11-14-7 = 0.1,4-37-4 = 1.0,11-31-13-26-11 = 0.2,11-28-31-26-11 = 0.8,11-40-33-29-11 = 0.6,9-30-20-35-9 = 1.0,9-15-24-21-9 = 1.0,9-25-12-27-9 = 0.3,9-18-27-32-9 = 0.7,9-18-12-32-9 = 0.3,9-39-23-38-34-9 = 1.0,9-12-17-33-11 = 0.2,9-25-12-16-41-11 = 0.1,11-28-13-5 = 0.2,5-13-29-11 = 0.4,11-40-33-13-5 = 0.2,7-22-19-36-9 = 1.0,9-25-17-16-41-14-7 = 0.6,11-40-17-16-41-14-7 = 0.2,9-12-16-41-14-7 = 0.1
0,0,653.41,0.0,653.41,0.0,Prune by CG,,8-19-8 = 0.077,4-37-4 = 1.0,8-22-16-41-14-8 = 0.923,8-19-38-36-8 = 0.923,8-22-16-17-32-9 = 0.077,9-15-24-21-9 = 0.769,9-15-24-9 = 0.231,9-18-12-32-9 = 0.231,9-23-18-27-9 = 0.308,9-39-27-32-34-9 = 0.538,9-39-23-27-32-9 = 0.154,9-39-23-38-36-8 = 0.077,10-25-20-35-10 = 0.231,10-25-30-39-21-9 = 0.231,9-30-20-35-10 = 0.692,10-30-20-35-10 = 0.077,10-28-13-10 = 0.231,10-31-26-29-10 = 0.846,10-31-13-10 = 0.077,10-40-33-29-10 = 0.154,10-40-28-13-10 = 0.692,10-28-31-26-10 = 0.077,10-25-40-17-33-10 = 0.077,10-40-17-41-14-26-10 = 0.077,10-12-17-33-10 = 0.769,10-25-18-23-34-9 = 0.462
0,0,651.25,0.0,651.25,0.0,Prune by CG,,4-37-4 = 1.0,8-22-16-41-14-11 = 0.333,8-22-19-8 = 0.333,8-19-38-36-8 = 0.667,11-31-13-26-11 = 0.5,11-28-31-26-11 = 0.5,11-28-13-11 = 0.5,11-40-33-29-11 = 0.667,11-17-33-29-11 = 0.333,9-30-20-35-9 = 0.5,11-17-27-32-34-9 = 0.333,11-40-17-16-41-14-11 = 0.333,9-15-24-39-9 = 0.167,9-15-24-21-9 = 0.667,9-25-30-39-21-9 = 0.333,9-25-20-35-34-9 = 0.5,9-15-24-9 = 0.167,9-18-12-32-9 = 0.667,9-23-12-27-9 = 0.333,9-23-18-27-9 = 0.333,9-25-30-39-34-9 = 0.167,9-39-23-38-36-8 = 0.333,7-22-16-41-14-7 = 0.333
0,0,651.917,0.0,651.917,0.0,Prune by CG,,8-19-8 = 0.133,8-36-8 = 0.133,4-37-4 = 1.0,8-22-16-41-14-8 = 1.0,8-19-38-36-8 = 0.867,8-23-27-32-34-8 = 0.2,10-25-20-35-10 = 0.067,10-25-30-20-10 = 0.4,10-25-30-39-35-10 = 0.067,10-30-20-35-10 = 0.533,10-31-26-29-10 = 1.0,10-40-28-13-10 = 1.0,10-12-17-33-10 = 1.0,8-15-21-39-23-8 = 0.2,8-15-24-21-10 = 0.333,8-15-24-34-8 = 0.467,10-18-27-32-10 = 0.8,10-21-24-39-35-10 = 0.2,10-25-21-39-23-34-8 = 0.267,10-25-18-23-34-8 = 0.067,10-25-39-23-38-8 = 0.133,8-23-18-39-35-10 = 0.133
0,0,647.848,0.0,647.848,0.0,Prune by CG,,9-15-9 = 0.028,9-21-9 = 0.009,4-37-4 = 1.0,9-30-20-35-9 = 0.833,9-25-20-35-9 = 0.046,9-15-24-21-9 = 0.972,9-25-30-39-21-9 = 0.019,9-25-35-27-32-9 = 0.12,9-18-12-32-9 = 0.444,9-23-12-17-32-9 = 0.009,9-23-18-27-9 = 0.556,9-39-12-27-9 = 0.222,9-39-23-27-32-9 = 0.102,9-25-30-20-9 = 0.12,9-25-30-24-9 = 0.028,9-39-23-38-34-9 = 0.333,2-19-38-34-9 = 0.333,2-36-38-34-9 = 0.333,9-39-12-17-32-9 = 0.324,6-31-13-26-6 = 0.5,6-28-13-6 = 0.5,6-28-31-26-6 = 0.5,6-22-16-41-14-6 = 0.333,6-40-33-29-6 = 1.0,9-25-17-16-41-14-6 = 0.667,6-22-19-36-2 = 0.667
0,0,665.688,0.0,665.688,0.0,Prune by CG,,3-37-3 = 0.927,2-19-38-36-2 = 0.23,10-25-20-35-10 = 0.177,10-25-30-20-10 = 0.264,10-30-20-35-10 = 0.559,10-28-13-10 = 0.5,10-31-13-10 = 0.5,10-40-33-29-10 = 0.77,10-40-28-31-10 = 0.23,10-28-31-26-10 = 0.23,10-17-16-41-14-26-10 = 0.77,10-17-16-41-33-10 = 0.23,10-28-31-10 = 0.041,10-18-12-32-10 = 0.875,2-22-14-29-10 = 0.23,2-22-19-36-2 = 0.77,3-15-24-21-3 = 0.855,3-15-21-37-3 = 0.073,10-25-30-39-34-2 = 0.177,2-38-27-34-2 = 0.125,10-25-39-23-38-2 = 0.382,3-15-24-34-2 = 0.052,3-15-24-34-3 = 0.02,10-12-27-34-2 = 0.059,3-21-24-39-34-2 = 0.073,2-38-27-35-10 = 0.264,3-39-23-27-34-3 = 0.368,2-23-27-32-34-3 = 0.059,2-23-12-32-34-3 = 0.066,2-23-18-27-10 = 0.125
0,0,652.889,0.0,652.889,0.0,Prune by CG,,6-26-6 = 0.5,8-22-14-11 = 0.5,8-22-16-41-14-11 = 0.5,8-19-38-36-8 = 1.0,8-23-12-17-41-11 = 0.5,11-28-31-26-11 = 0.5,11-40-33-29-11 = 1.0,11-16-17-27-32-8 = 0.5,11-31-13-10 = 0.5,11-28-13-10 = 0.5,10-30-20-35-10 = 1.0,8-15-21-37-10 = 1.0,10-12-18-23-8 = 0.5,10-25-39-24-34-8 = 1.0,10-18-27-32-8 = 0.5
0,0,661.492,0.0,661.492,0.0,Prune by CG,,9-37-9 = 1.0,8-22-16-41-14-11 = 0.5,8-22-19-8 = 0.5,8-19-38-36-8 = 0.5,11-31-13-26-11 = 0.5,11-28-31-26-11 = 0.5,11-40-33-29-11 = 0.5,11-17-33-29-11 = 0.5,9-30-20-35-9 = 0.5,11-40-17-16-41-14-11 = 0.5,9-15-24-21-9 = 1.0,9-25-35-27-34-9 = 0.5,9-18-12-32-9 = 1.0,9-39-23-27-34-9 = 0.5,9-39-23-38-36-8 = 0.5,11-28-13-5 = 0.5,5-25-30-20-9 = 0.5
0,0,650.501,0.0,650.501,0.0,Prune by CG,,4-37-4 = 1.0,11-31-13-11 = 0.5,11-28-31-26-11 = 0.5,11-28-13-26-11 = 0.5,11-40-33-29-11 = 0.8,11-17-33-29-11 = 0.2,9-30-20-35-9 = 0.7,9-15-24-39-9 = 0.1,9-15-24-21-9 = 0.9,9-25-30-39-21-9 = 0.1,9-25-35-27-32-9 = 0.2,9-25-20-35-34-9 = 0.1,9-18-12-32-9 = 0.6,9-23-12-17-41-11 = 0.1,9-23-18-27-9 = 0.4,9-39-12-27-9 = 0.2,9-39-23-27-32-9 = 0.2,9-25-30-20-9 = 0.2,9-39-23-38-34-9 = 0.2,2-19-38-34-9 = 0.4,2-36-38-34-9 = 0.3,9-39-23-38-36-2 = 0.1,9-39-12-17-16-11 = 0.1,7-22-16-41-14-7 = 0.3,9-25-17-16-41-14-7 = 0.4,11-40-17-16-41-14-7 = 0.2,7-22-19-36-2 = 0.6,7-22-14-7 = 0.1
0,0,655.153,0.0,655.153,0.0,Prune by CG,,11-26-11 = 0.2,4-37-4 = 1.0,8-22-16-41-14-11 = 0.8,8-22-19-36-8 = 0.2,8-19-38-36-8 = 0.8,11-31-13-26-11 = 0.3,11-28-31-26-11 = 0.5,11-40-33-29-11 = 0.3,11-17-33-29-11 = 0.7,11-40-17-16-41-14-11 = 0.2,11-17-27-32-34-8 = 0.05,11-31-13-10 = 0.2,10-25-30-20-10 = 0.4,10-25-30-39-23-8 = 0.05,10-25-35-27-32-10 = 0.15,10-30-20-35-10 = 0.55,8-15-21-39-23-8 = 0.275,8-15-24-21-10 = 0.25,8-15-24-34-8 = 0.475,10-18-27-32-10 = 0.075,10-18-12-32-10 = 0.35,10-18-27-35-10 = 0.3,10-12-27-32-10 = 0.375,10-25-21-39-23-34-8 = 0.2,10-25-39-23-38-8 = 0.2,10-12-18-23-8 = 0.275,11-40-28-13-10 = 0.5,11-17-27-20-10 = 0.05,10-21-24-39-34-8 = 0.275
0,0,659.055,0.0,659.055,0.0,Prune by CG,,6-14-7 = 0.275,9-37-9 = 0.8,9-30-20-35-9 = 0.894,9-25-20-27-9 = 0.106,9-15-21-37-9 = 0.094,9-15-24-21-9 = 0.906,9-25-30-37-9 = 0.106,9-25-35-27-32-9 = 0.106,9-18-27-32-9 = 0.487,9-18-27-34-9 = 0.044,9-18-12-32-9 = 0.244,9-23-12-27-9 = 0.119,9-39-12-27-9 = 0.137,9-24-38-34-9 = 0.094,9-39-23-38-34-9 = 0.863,9-18-12-17-6 = 0.062,9-18-12-32-6 = 0.163,6-31-13-6 = 0.5,6-28-31-26-6 = 0.5,6-28-13-26-6 = 0.5,9-23-12-16-41-6 = 0.019,6-40-33-29-6 = 1.0,9-12-17-16-41-6 = 0.075,7-22-19-36-9 = 0.956,7-22-16-41-14-7 = 0.044,9-25-17-16-41-14-7 = 0.681,6-19-36-38-9 = 0.044,6-12-17-16-41-6 = 0.181
0,0,648.783,0.0,648.783,0.0,Prune by CG,,9-37-9 = 1.0,9-15-24-21-9 = 1.0,9-18-27-32-9 = 0.2,9-18-12-32-9 = 0.6,9-39-23-38-34-9 = 1.0,10-25-30-20-10 = 0.2,10-25-12-27-9 = 0.4,10-25-18-27-9 = 0.2,10-25-35-27-32-9 = 0.2,9-30-20-35-10 = 0.8,10-28-13-10 = 0.5,10-31-13-10 = 0.5,10-40-33-29-10 = 1.0,10-17-16-41-14-26-10 = 1.0,10-28-31-10 = 0.5,2-22-19-36-2 = 1.0
0,0,649.378,0.0,649.378,0.0,Prune by CG,,9-15-9 = 0.071,9-21-9 = 0.071,3-37-9 = 0.367,9-37-3 = 0.5,9-37-9 = 0.133,9-30-20-35-9 = 1.0,9-15-24-21-9 = 0.929,9-18-27-32-9 = 0.419,9-18-27-34-9 = 0.01,9-18-12-32-9 = 0.571,9-23-12-27-9 = 0.214,9-39-12-27-9 = 0.214,9-24-38-34-9 = 0.071,9-39-23-38-34-9 = 0.786,6-31-13-26-6 = 0.5,6-28-13-6 = 0.5,6-28-31-26-6 = 0.5,6-40-33-29-6 = 1.0,9-25-17-16-41-14-6 = 1.0,9-38-27-32-9 = 0.01,6-22-19-36-9 = 1.0,3-38-27-34-9 = 0.133
0,0,654.899,0.0,654.899,0.0,Prune by CG,,4-37-4 = 1.0,9-30-20-35-9 = 1.0,9-15-24-21-9 = 1.0,9-18-12-32-9 = 0.667,9-23-18-27-9 = 0.333,9-39-12-27-9 = 0.333,9-39-23-27-32-9 = 0.333,9-39-23-38-34-9 = 0.333,2-19-38-34-9 = 0.333,2-36-38-34-9 = 0.333,6-28-31-26-6 = 0.667,6-22-16-41-14-6 = 0.333,6-40-33-29-6 = 0.667,9-25-17-16-41-14-6 = 0.667,5-13-29-6 = 0.333,5-25-17-33-26-6 = 0.333,6-22-19-36-2 = 0.667,6-31-13-5 = 0.333,6-40-28-13-5 = 0.333
0,0,652.853,0.0,652.853,0.0,Prune by CG,,9-37-9 = 1.0,9-15-24-21-9 = 1.0,9-18-27-32-9 = 0.5,9-39-23-38-34-9 = 1.0,10-25-12-27-9 = 0.5,9-30-20-35-10 = 1.0,9-18-12-32-10 = 0.5,10-28-13-10 = 0.5,10-40-33-29-10 = 0.5,6-28-31-26-6 = 0.25,6-40-17-16-41-14-6 = 0.5,10-33-29-26-6 = 0.5,10-25-17-16-41-14-6 = 0.5,10-28-31-26-6 = 0.25,6-22-19-36-9 = 1.0,6-31-13-5 = 0.25,5-31-13-10 = 0.25
0,0,664.067,0.0,664.067,0.0,Prune by CG,,6-26-6 = 0.184,9-37-9 = 0.728,11-28-31-26-11 = 0.728,11-28-13-26-11 = 0.087,11-40-33-29-11 = 0.515,11-22-16-41-14-11 = 0.515,11-17-33-29-11 = 0.029,9-30-20-35-9 = 0.65,11-40-17-16-41-14-11 = 0.485,9-15-24-39-9 = 0.078,9-15-24-21-9 = 0.922,9-25-30-37-9 = 0.272,9-25-30-39-21-9 = 0.078,9-25-18-27-9 = 0.301,9-25-20-35-34-9 = 0.35,9-18-12-32-9 = 0.495,9-18-12-17-11 = 0.029,9-23-18-27-9 = 0.175,9-39-12-27-9 = 0.019,9-39-23-27-32-9 = 0.505,9-39-23-38-34-9 = 0.32,11-22-19-36-2 = 0.485,2-19-38-36-2 = 0.194,2-19-38-34-9 = 0.165,2-19-36-38-9 = 0.155,2-36-38-34-9 = 0.165,9-12-17-33-11 = 0.456,11-31-13-5 = 0.272,11-28-13-5 = 0.184,5-13-29-11 = 0.456
0,0,657.668,0.0,657.668,0.0,Prune by CG,,8-19-8 = 0.5,8-36-8 = 0.5,8-22-16-41-14-8 = 1.0,8-19-38-36-8 = 0.5,8-23-27-32-34-8 = 0.25,8-23-18-27-8 = 0.25,10-30-20-35-10 = 1.0,10-28-13-10 = 0.25,10-31-26-29-10 = 1.0,10-40-28-13-10 = 0.75,10-40-17-33-10 = 0.25,10-12-17-33-10 = 0.62,8-12-17-33-10 = 0.13,8-15-21-37-10 = 0.75,8-24-21-37-10 = 0.25,8-15-24-34-8 = 0.25,10-18-27-32-10 = 0.37,10-18-12-32-10 = 0.25,10-25-39-23-38-8 = 0.5,10-25-39-24-34-8 = 0.5,10-18-27-32-8 = 0.13
0,0,699.237,0.0,699.237,0.0,Prune by CG,,2-36-2 = 0.2,9-37-9 = 1.0,9-30-20-35-9 = 1.0,9-15-24-21-9 = 1.0,9-18-27-34-9 = 0.089,2-19-38-36-2 = 0.083,9-25-28-13-9 = 0.5,9-25-40-17-33-9 = 0.25,9-40-31-13-9 = 0.5,9-18-12-32-2 = 0.197,9-18-12-23-2 = 0.194,9-39-27-38-2 = 0.769,2-22-19-2 = 0.2,2-22-19-36-2 = 0.717,2-22-16-41-14-2 = 0.083,2-23-12-32-34-2 = 0.447,2-41-14-26-29-9 = 0.833,2-12-18-39-9 = 0.161,2-23-18-27-2 = 0.142,2-23-18-39-34-2 = 0.069,2-16-14-26-29-9 = 0.083,2-16-17-33-32-2 = 0.356,2-16-17-33-34-2 = 0.394,2-16-41-26-29-9 = 0.083,9-25-28-31-9 = 0.25,9-40-28-31-9 = 0.25,2-23-18-38-2 = 0.147
0,0,654.094,0.0,654.094,0.0,Prune by CG,,11-26-11 = 0.5,8-22-14-11 = 0.5,8-22-16-41-14-11 = 0.5,8-19-38-36-8 = 1.0,8-23-12-17-41-11 = 0.5,11-28-31-26-11 = 0.5,11-40-33-29-11 = 1.0,11-16-17-27-32-8 = 0.5,11-31-13-10 = 0.5,11-28-13-10 = 0.5,10-30-20-35-10 = 1.0,8-15-21-37-10 = 1.0,10-12-18-23-8 = 0.5,10-25-39-24-34-8 = 1.0,10-18-27-32-8 = 0.5
0,0,648.377,0.0,648.377,0.0,Prune by CG,,4-37-4 = 1.0,9-15-24-21-9 = 1.0,9-18-27-32-9 = 0.2,9-18-12-32-9 = 0.6,9-39-23-38-34-9 = 1.0,10-25-30-20-10 = 0.2,10-25-12-27-9 = 0.4,10-25-18-27-9 = 0.2,10-25-35-27-32-9 = 0.2,9-30-20-35-10 = 0.8,10-28-13-10 = 0.5,10-31-13-10 = 0.5,10-40-33-29-10 = 1.0,10-17-16-41-14-26-10 = 1.0,10-28-31-10 = 0.5,9-22-19-36-9 = 1.0
0,0,664.409,0.0,664.409,0.0,Prune by CG,,3-37-3 = 0.75,8-12-17-16-41-11 = 0.125,8-22-14-11 = 0.625,8-22-16-41-14-11 = 0.375,8-19-38-36-8 = 1.0,8-12-27-32-8 = 0.188,8-23-12-16-41-11 = 0.188,11-31-13-26-11 = 0.5,11-28-31-26-11 = 0.5,11-28-13-11 = 0.5,11-40-33-29-11 = 1.0,8-18-12-32-8 = 0.188,11-12-17-16-41-11 = 0.312,8-23-18-27-8 = 0.812,11-17-20-35-32-8 = 0.562,11-25-30-39-34-8 = 0.688,11-25-20-35-32-8 = 0.062,8-39-20-35-34-8 = 0.312,3-15-24-21-3 = 1.0,3-30-20-35-3 = 0.062,3-25-30-37-3 = 0.25
0,0,655.414,0.0,655.414,0.0,Prune by CG,,11-14-7 = 0.125,9-37-9 = 1.0,11-31-13-26-11 = 0.5,11-28-31-26-11 = 0.5,11-28-13-11 = 0.5,11-40-33-29-11 = 0.875,11-12-17-16-41-11 = 0.125,9-30-20-35-9 = 1.0,9-15-24-21-9 = 1.0,9-25-12-27-9 = 0.375,9-18-27-32-9 = 0.25,9-18-27-32-11 = 0.375,9-18-12-32-9 = 0.375,9-39-23-38-34-9 = 1.0,11-41-33-29-11 = 0.125,7-22-19-36-9 = 1.0,9-25-17-16-41-14-7 = 0.625,11-12-17-16-14-7 = 0.125,11-40-17-16-41-14-7 = 0.125
0,0,659.061,0.0,659.061,0.0,Prune by CG,,6-26-6 = 0.5,8-22-14-11 = 0.5,8-22-16-41-14-11 = 0.5,8-19-38-36-8 = 1.0,8-23-12-17-41-11 = 0.5,11-28-31-26-11 = 0.5,11-40-33-29-11 = 1.0,11-31-13-10 = 0.5,11-28-13-10 = 0.5,10-30-20-35-10 = 1.0,10-18-27-32-10 = 0.5,10-12-18-23-8 = 0.5,3-15-21-37-3 = 1.0,10-25-39-24-34-8 = 1.0,11-16-17-27-32-10 = 0.5
0,0,658.841,0.0,658.841,0.0,Prune by CG,,4-37-4 = 1.0,8-22-14-11 = 0.25,8-22-16-41-14-11 = 0.75,8-19-38-36-8 = 1.0,8-12-27-32-8 = 0.167,8-23-12-17-41-11 = 0.083,8-23-12-17-16-11 = 0.083,11-31-13-26-11 = 0.5,11-28-31-26-11 = 0.5,11-28-13-11 = 0.5,11-40-33-29-11 = 1.0,8-18-12-32-8 = 0.167,8-18-12-17-11 = 0.167,11-12-17-16-41-11 = 0.167,8-23-18-27-8 = 0.667,11-17-20-35-32-8 = 0.5,11-25-30-39-34-8 = 0.5,11-25-20-35-34-8 = 0.167,11-12-27-32-8 = 0.167,3-15-24-21-3 = 1.0,4-25-30-39-34-8 = 0.333,8-30-20-35-4 = 0.167,8-23-39-20-35-4 = 0.167
0,0,653.511,0.0,653.511,0.0,Prune by CG,,9-37-9 = 1.0,9-15-24-21-9 = 1.0,9-18-12-32-9 = 0.3,9-39-23-38-34-9 = 1.0,10-25-30-20-10 = 0.267,10-25-12-27-9 = 0.433,10-25-35-27-32-10 = 0.133,9-30-20-35-10 = 0.733,9-18-27-32-10 = 0.3,9-18-27-35-10 = 0.133,9-18-12-32-10 = 0.267,10-28-13-10 = 0.5,10-31-13-10 = 0.5,10-40-33-29-10 = 0.5,10-17-16-41-33-10 = 0.333,7-22-19-36-9 = 1.0,10-25-17-16-41-14-7 = 0.167,7-14-26-29-10 = 0.333,10-33-29-26-7 = 0.167,10-28-31-26-7 = 0.5,10-40-17-16-41-14-7 = 0.5
0,0,669.354,0.0,669.354,0.0,Prune by CG,,9-37-9 = 1.0,8-22-16-41-14-8 = 1.0,8-19-38-36-8 = 1.0,9-30-20-35-9 = 1.0,9-15-24-21-9 = 1.0,9-18-12-32-9 = 1.0,9-39-23-27-34-9 = 1.0,5-28-13-5 = 1.0,9-25-40-17-33-9 = 1.0,5-31-26-29-5 = 1.0
0,0,679.705,0.0,679.705,0.0,Prune by CG,,8-19-8 = 0.143,8-36-8 = 0.643,8-22-19-8 = 0.5,8-19-38-36-8 = 0.357,8-12-27-32-8 = 0.071,8-23-27-38-8 = 0.643,8-23-12-27-8 = 0.071,8-18-12-32-8 = 0.786,8-23-18-27-8 = 0.214,8-23-12-32-34-8 = 0.071,8-39-20-35-34-8 = 0.929,6-31-13-26-6 = 0.5,6-28-13-6 = 0.5,6-28-31-26-6 = 0.5,6-22-16-41-14-6 = 0.5,6-40-33-29-6 = 0.5,6-40-17-16-41-14-6 = 0.5,6-17-33-29-6 = 0.5,3-15-24-21-3 = 1.0,3-25-30-37-3 = 1.0,8-39-20-35-32-8 = 0.071
0,0,665.762,0.0,665.762,0.0,Prune by CG,,9-37-9 = 1.0,8-19-38-36-8 = 1.0,9-15-24-39-9 = 0.125,9-15-24-21-9 = 0.875,9-18-12-32-9 = 0.525,9-39-23-27-34-9 = 0.75,10-25-20-35-10 = 0.125,10-25-30-20-10 = 0.25,10-25-30-39-21-9 = 0.125,10-25-35-27-32-9 = 0.25,9-30-20-35-10 = 0.625,10-28-13-10 = 0.1,10-31-13-10 = 0.5,10-40-33-29-10 = 0.55,10-40-28-13-10 = 0.4,9-18-12-17-10 = 0.15,9-18-17-33-10 = 0.075,10-12-17-33-10 = 0.325,10-40-17-41-33-10 = 0.05,10-25-18-23-34-9 = 0.25,7-22-16-41-14-7 = 0.725,7-22-16-17-32-9 = 0.225,7-14-26-29-10 = 0.275,10-28-31-26-7 = 0.5,10-17-41-26-29-10 = 0.175,7-22-16-41-26-7 = 0.05
0,0,660.19,0.0,660.19,0.0,Prune by CG,,6-26-6 = 0.091,9-37-9 = 1.0,9-15-24-21-9 = 1.0,9-18-27-32-9 = 0.455,9-18-27-34-9 = 0.091,9-18-12-32-9 = 0.364,9-23-12-27-9 = 0.091,9-39-12-27-9 = 0.091,9-19-36-38-9 = 0.091,9-39-23-38-34-9 = 0.909,10-25-12-27-9 = 0.182,9-30-20-35-10 = 1.0,9-18-12-32-10 = 0.091,10-28-13-10 = 0.545,10-31-13-10 = 0.091,10-40-33-29-10 = 0.545,10-12-17-33-10 = 0.091,6-31-29-26-6 = 0.455,6-28-31-26-6 = 0.455,10-40-33-13-10 = 0.364,10-12-27-32-10 = 0.091,7-22-19-36-9 = 0.909,7-22-16-41-14-7 = 0.091,10-25-17-16-41-14-7 = 0.818,10-40-17-16-41-14-7 = 0.091
0,0,665.994,0.0,665.994,0.0,Prune by CG,,4-37-4 = 1.0,2-19-38-36-2 = 0.25,10-25-30-20-10 = 0.47,10-25-35-27-32-10 = 0.015,10-30-20-35-10 = 0.265,10-12-27-35-10 = 0.235,10-28-13-10 = 0.5,10-31-13-10 = 0.5,10-40-33-29-10 = 0.75,10-40-28-31-10 = 0.25,10-28-31-26-10 = 0.25,10-17-16-41-14-26-10 = 0.75,10-17-16-41-33-10 = 0.25,10-18-12-32-10 = 0.765,10-25-39-20-35-10 = 0.235,10-18-27-35-10 = 0.205,2-22-14-29-10 = 0.25,2-22-19-36-2 = 0.75,10-25-30-39-34-2 = 0.265,10-25-35-27-34-2 = 0.015,2-15-24-34-2 = 0.5,2-23-27-32-34-2 = 0.22,2-23-27-38-2 = 0.28,2-15-24-21-4 = 0.5,2-23-18-27-2 = 0.03,4-21-39-20-35-10 = 0.03,4-21-39-23-38-2 = 0.47
0,0,657.133,0.0,657.133,0.0,Prune by CG,,11-26-11 = 0.5,8-22-14-11 = 0.5,8-22-16-41-14-11 = 0.5,8-19-38-36-8 = 1.0,8-23-12-17-41-11 = 0.5,11-28-31-26-11 = 0.5,11-40-33-29-11 = 1.0,11-31-13-10 = 0.5,11-28-13-10 = 0.5,10-30-20-35-10 = 1.0,10-18-27-32-10 = 0.5,10-12-18-23-8 = 0.5,3-15-21-37-3 = 1.0,10-25-39-24-34-8 = 1.0,11-16-17-27-32-10 = 0.5
0,0,660.823,0.0,660.823,0.0,Prune by CG,,9-37-9 = 1.0,9-15-24-21-9 = 1.0,9-18-27-32-9 = 0.033,9-18-12-32-9 = 0.7,9-39-23-27-32-9 = 0.2,9-39-23-38-34-9 = 0.333,2-19-38-34-9 = 0.333,2-36-38-34-9 = 0.333,10-25-30-20-10 = 0.533,10-25-18-27-9 = 0.233,10-25-35-27-32-9 = 0.067,9-30-20-35-10 = 0.467,9-39-23-27-35-10 = 0.467,10-28-13-10 = 0.5,10-40-33-29-10 = 0.333,10-40-28-13-10 = 0.167,9-18-17-33-10 = 0.033,10-12-17-33-10 = 0.3,6-31-29-26-6 = 0.333,6-22-16-41-14-6 = 0.333,6-40-17-16-41-14-6 = 0.5,10-33-29-26-6 = 0.333,10-25-17-16-41-14-6 = 0.167,10-28-31-26-6 = 0.333,6-22-19-36-2 = 0.667,6-31-13-5 = 0.167,5-31-13-10 = 0.167
0,0,641.751,0.0,641.751,0.0,Prune by CG,,11-14-11 = 0.125,4-37-4 = 1.0,11-31-13-26-11 = 0.5,11-28-31-26-11 = 0.5,11-28-13-11 = 0.5,11-40-33-29-11 = 1.0,9-30-20-35-9 = 1.0,9-15-24-21-9 = 1.0,9-25-12-27-9 = 0.125,9-18-27-32-9 = 0.375,9-18-27-34-9 = 0.125,9-18-12-32-9 = 0.5,9-12-17-16-41-11 = 0.125,9-23-12-27-9 = 0.125,9-39-12-27-9 = 0.125,11-22-19-36-9 = 1.0,9-39-23-38-34-9 = 0.875,9-25-17-16-41-14-11 = 0.875,9-38-27-32-9 = 0.125
0,0,677.618,0.0,677.618,0.0,Prune by CG,,11-14-11 = 0.333,3-37-3 = 0.5,11-31-13-26-11 = 0.5,11-28-31-26-11 = 0.5,11-28-13-11 = 0.5,11-40-33-29-11 = 1.0,11-22-14-11 = 0.333,11-22-16-41-14-11 = 0.333,11-17-20-35-32-11 = 0.5,11-12-17-16-41-11 = 0.5,11-22-19-36-2 = 0.333,2-19-38-36-2 = 0.667,11-12-27-32-11 = 0.5,3-15-24-39-3 = 0.25,3-15-24-21-3 = 0.5,3-15-21-37-3 = 0.25,3-24-21-37-3 = 0.25,3-30-20-35-3 = 0.25,3-25-20-35-34-3 = 0.25,11-18-23-38-2 = 0.333,2-23-18-27-11 = 0.5,2-23-18-16-41-11 = 0.167,3-25-30-39-34-3 = 0.75
0,0,681.739,0.0,681.739,0.0,Prune by CG,,8-19-8 = 0.1,8-36-8 = 0.1,9-37-9 = 1.0,8-12-17-33-9 = 0.1,8-22-16-41-14-8 = 0.7,8-22-19-8 = 0.3,8-19-38-36-8 = 0.6,8-23-12-17-16-8 = 0.2,8-23-18-27-9 = 0.5,9-30-20-35-9 = 1.0,9-15-24-21-9 = 1.0,9-18-27-34-9 = 0.4,9-39-12-32-34-9 = 0.6,9-39-23-38-36-8 = 0.3,9-39-27-38-8 = 0.1,9-25-28-13-9 = 0.5,8-16-17-33-32-8 = 0.1,9-18-12-32-8 = 0.1,8-17-33-29-9 = 0.3,8-41-14-26-29-8 = 0.3,8-17-33-29-8 = 0.2,9-25-40-17-33-9 = 0.1,8-40-31-13-9 = 0.5,9-28-31-26-8 = 0.5,9-25-40-29-26-8 = 0.2,9-25-40-33-32-8 = 0.2
0,0,662.003,0.0,662.003,0.0,Prune by CG,,4-37-4 = 1.0,8-22-14-11 = 0.25,8-22-16-41-14-11 = 0.75,8-19-38-36-8 = 1.0,8-23-12-27-8 = 0.25,11-31-13-26-11 = 0.5,11-28-31-26-11 = 0.5,11-28-13-11 = 0.5,11-40-33-29-11 = 1.0,8-18-12-32-8 = 0.5,11-12-17-16-41-11 = 0.25,11-17-20-35-34-8 = 0.25,8-23-18-27-8 = 0.5,11-17-20-35-32-8 = 0.5,11-20-35-27-8 = 0.25,4-25-30-39-34-8 = 0.75,4-25-30-39-23-8 = 0.25,8-15-24-21-4 = 1.0
0,0,671.707,0.0,671.707,0.0,Prune by CG,,11-14-11 = 0.25,6-26-6 = 0.5,11-28-31-26-11 = 0.5,11-40-33-29-11 = 1.0,11-22-19-14-11 = 0.5,11-31-13-10 = 0.5,10-25-30-20-10 = 0.5,10-30-20-35-10 = 0.5,10-28-13-10 = 0.5,10-12-17-16-41-11 = 0.75,10-25-17-16-41-14-11 = 0.25,10-18-27-32-10 = 0.25,10-18-12-32-10 = 0.25,10-18-27-35-10 = 0.5,10-39-23-27-32-10 = 0.25,3-15-24-39-10 = 0.25,3-15-24-34-10 = 0.25,3-15-21-37-3 = 0.5,3-24-21-37-3 = 0.5,10-25-23-38-34-10 = 0.25,11-22-19-36-3 = 0.5,3-36-38-34-32-10 = 0.25,10-39-23-38-36-3 = 0.25,10-39-23-38-34-10 = 0.25
0,0,662.529,0.0,662.529,0.0,Prune by CG,,9-37-9 = 0.972,8-22-19-8 = 0.389,8-19-38-36-8 = 0.611,8-22-16-17-32-9 = 0.111,9-15-24-39-9 = 0.083,9-15-24-21-9 = 0.917,9-18-12-32-9 = 0.556,9-23-18-27-9 = 0.278,9-39-27-32-34-9 = 0.167,9-39-23-27-32-9 = 0.056,9-39-23-27-34-9 = 0.167,9-39-23-38-36-8 = 0.389,10-25-20-35-34-9 = 0.111,10-25-30-20-10 = 0.333,10-25-30-37-9 = 0.028,10-25-30-39-21-9 = 0.083,10-25-35-27-34-9 = 0.333,9-30-20-35-10 = 0.556,10-28-13-10 = 0.694,8-22-14-29-10 = 0.111,10-40-33-29-10 = 0.194,10-12-17-33-10 = 0.389,8-22-16-41-14-6 = 0.167,6-31-29-26-6 = 0.694,6-28-31-26-6 = 0.306,6-22-16-41-14-6 = 0.222,6-40-17-16-41-14-6 = 0.5,10-40-33-13-10 = 0.306,10-25-18-23-34-9 = 0.111,6-41-33-32-34-9 = 0.111,6-12-18-39-9 = 0.056
0,0,651.354,0.0,651.354,0.0,Prune by CG,,4-37-4 = 1.0,9-15-24-21-9 = 1.0,9-18-27-32-9 = 0.3,9-39-23-38-34-9 = 1.0,10-25-30-20-10 = 0.267,10-25-12-27-9 = 0.433,10-25-35-27-32-10 = 0.133,9-30-20-35-10 = 0.733,9-18-27-35-10 = 0.133,9-18-12-32-10 = 0.567,10-28-13-10 = 0.5,10-31-13-10 = 0.5,10-40-33-29-10 = 0.5,10-17-16-41-33-10 = 0.333,7-22-19-36-9 = 1.0,10-25-17-16-41-14-7 = 0.167,7-14-26-29-10 = 0.333,10-33-29-26-7 = 0.167,10-28-31-26-7 = 0.5,10-40-17-16-41-14-7 = 0.5
0,0,664.579,0.0,664.579,0.0,Prune by CG,,4-37-4 = 1.0,2-19-38-36-2 = 0.31,10-25-20-35-10 = 0.12,10-25-30-20-10 = 0.35,10-30-20-35-10 = 0.53,10-12-27-35-10 = 0.06,10-28-13-10 = 0.19,10-31-13-10 = 0.5,10-40-33-29-10 = 0.69,10-40-28-13-10 = 0.31,10-28-31-26-10 = 0.31,10-17-16-41-14-26-10 = 0.69,10-17-16-41-33-10 = 0.31,10-28-31-10 = 0.19,10-18-12-32-10 = 0.94,2-22-14-29-10 = 0.31,2-22-19-36-2 = 0.69,3-15-24-21-3 = 0.84,10-25-30-39-34-2 = 0.02,2-38-27-34-2 = 0.09,10-25-35-27-34-2 = 0.13,10-25-39-23-38-2 = 0.28,3-15-24-34-3 = 0.16,2-38-27-35-10 = 0.16,3-21-39-23-38-2 = 0.16,3-39-23-27-34-3 = 0.44,2-23-27-32-34-3 = 0.06,2-23-18-27-10 = 0.06,10-25-30-39-34-3 = 0.1
0,0,670.324,0.0,670.324,0.0,Prune by CG,,6-26-6 = 0.167,9-37-9 = 1.0,8-19-38-36-8 = 1.0,9-15-24-39-9 = 0.095,9-15-24-21-9 = 0.905,9-18-12-32-9 = 0.048,9-23-18-27-9 = 0.048,9-39-27-32-34-9 = 0.381,9-39-23-27-32-9 = 0.429,10-25-20-35-34-9 = 0.095,10-25-30-20-10 = 0.143,10-25-30-39-21-9 = 0.095,10-25-35-27-32-9 = 0.143,9-30-20-35-10 = 0.476,10-30-20-35-10 = 0.286,10-28-13-10 = 0.167,10-31-13-10 = 0.167,10-40-33-29-10 = 0.333,10-40-28-13-10 = 0.667,9-18-12-17-10 = 0.333,9-18-17-33-10 = 0.048,10-12-17-33-10 = 0.619,6-31-29-26-6 = 0.667,6-28-31-26-6 = 0.167,10-25-18-23-34-9 = 0.524,7-22-16-41-14-7 = 1.0
