id,parent,cgLowerBound,FS,rdtCG,rdtFS,Child,Child
0,0,581.41,4.321,581.41,4.321,1,2,10-36-18-10 = 0.964,10-19-39-16-8 = 0.929,10-32-36-18-10 = 0.036,10-21-38-37-27-7 = 0.036,7-28-34-15-7 = 1.0,7-23-37-27-7 = 0.321,7-26-23-22-7 = 0.679,7-38-24-35-27-7 = 0.643,7-38-24-37-7 = 0.286,7-25-38-37-7 = 0.036,7-25-21-32-10 = 0.964,8-14-29-31-8 = 0.25,8-13-14-29-8 = 0.75,8-12-11-31-8 = 0.679,8-19-39-16-8 = 0.071,8-40-20-33-17-7 = 0.5,8-40-20-30-11-8 = 0.25,8-13-40-20-30-12-8 = 0.25,8-33-17-24-7 = 0.071,8-30-11-31-8 = 0.071,8-30-33-17-35-7 = 0.357,8-30-33-17-12-8 = 0.071,7-26-37-22-7 = 0.321
2,0,583.801,5.625,2.391,1.304,3,4,7-26-7 = 0.5,10-36-18-10 = 1.0,10-19-39-16-8 = 1.0,7-28-34-15-7 = 1.0,7-23-37-27-7 = 0.5,7-26-23-22-7 = 0.5,7-38-24-35-27-7 = 0.5,7-38-37-22-7 = 0.5,7-25-21-32-10 = 1.0,8-14-29-31-8 = 0.375,8-13-14-29-8 = 0.375,8-12-11-31-8 = 0.625,8-40-20-30-11-8 = 0.375,8-13-40-20-30-12-8 = 0.375,8-33-17-24-7 = 0.5,8-30-33-17-35-7 = 0.25,8-20-33-17-35-7 = 0.25,8-13-40-14-29-8 = 0.25
3,2,586.79,2.75,2.988,-2.875,5,6,7-26-7 = 1.0,10-36-18-10 = 1.0,10-19-39-16-8 = 1.0,7-28-34-15-7 = 1.0,7-23-37-27-7 = 1.0,7-38-24-22-7 = 1.0,7-25-21-32-10 = 1.0,8-14-29-31-8 = 0.25,8-13-14-29-8 = 0.25,8-12-11-31-8 = 0.75,8-40-20-30-11-8 = 0.25,8-13-40-20-30-12-8 = 0.25,8-30-33-17-35-7 = 0.5,8-20-33-17-35-7 = 0.5,8-13-40-14-29-8 = 0.5
5,3,588.161,3.167,1.372,0.417,7,8,7-26-7 = 0.833,10-36-18-10 = 1.0,10-19-39-16-8 = 1.0,7-28-34-15-7 = 0.833,7-28-22-7 = 0.167,7-23-37-27-7 = 0.833,7-38-24-22-7 = 0.833,7-38-24-35-27-7 = 0.167,7-25-21-32-10 = 1.0,8-13-14-29-8 = 0.5,8-12-11-31-8 = 0.833,8-40-20-14-29-8 = 0.5,8-13-40-20-11-8 = 0.167,8-13-40-20-31-8 = 0.167,8-30-33-17-35-7 = 0.833,8-30-33-17-12-8 = 0.167,7-26-23-37-7 = 0.167,8-13-40-20-34-15-7 = 0.167
8,5,592.522,7.0,4.361,3.833,9,10,7-26-7 = 0.5,10-36-18-10 = 1.0,10-19-39-16-8 = 1.0,7-28-34-15-7 = 0.5,7-28-22-7 = 0.5,7-23-37-27-7 = 0.5,7-38-24-22-7 = 0.5,7-38-24-35-27-7 = 0.5,7-25-21-32-10 = 1.0,8-14-29-8 = 0.5,8-14-29-31-8 = 0.5,8-12-11-31-8 = 0.5,8-13-40-20-11-8 = 0.5,8-30-33-17-35-7 = 0.5,8-30-33-17-12-8 = 0.5,7-26-23-37-7 = 0.5,8-13-40-20-34-15-7 = 0.5
10,8,594.757,5.0,2.235,-2.0,11,12,7-26-7 = 0.5,10-36-18-10 = 1.0,10-19-39-16-8 = 1.0,7-28-22-7 = 1.0,7-23-37-27-7 = 0.5,7-38-24-11-8 = 0.5,7-38-24-35-27-7 = 0.5,7-25-21-32-10 = 1.0,8-14-29-8 = 0.5,8-14-29-31-8 = 0.5,8-12-11-31-8 = 0.5,8-30-33-17-35-7 = 0.5,8-30-33-17-12-8 = 0.5,7-26-23-37-7 = 0.5,8-13-40-20-34-15-7 = 1.0
12,10,596.571,2.273,1.814,-2.727,13,14,10-36-18-10 = 1.0,10-19-30-33-11-8 = 0.182,10-19-39-16-8 = 0.727,10-19-30-33-34-15-7 = 0.091,7-28-22-7 = 1.0,7-38-24-35-27-7 = 1.0,7-25-21-32-10 = 1.0,8-14-29-8 = 0.273,8-14-29-31-8 = 0.727,8-12-11-31-8 = 0.273,8-40-17-11-8 = 0.091,8-30-33-17-12-8 = 0.727,7-26-23-37-7 = 1.0,8-13-40-20-34-15-7 = 0.909,8-20-17-11-8 = 0.091,8-13-17-11-8 = 0.091,8-16-39-11-8 = 0.273
14,12,601.362,2.5,4.791,0.227,15,16,10-36-18-10 = 1.0,10-19-30-33-11-8 = 0.5,7-28-22-7 = 1.0,7-38-24-35-27-7 = 1.0,7-25-21-32-10 = 1.0,8-39-16-8 = 0.5,8-14-29-31-8 = 1.0,8-12-39-16-8 = 0.5,8-30-33-17-12-8 = 0.5,7-26-23-37-7 = 1.0,8-13-40-20-34-15-7 = 1.0,10-19-17-11-8 = 0.5
16,14,605.896,2.0,4.534,-0.5,17,18,10-36-18-10 = 1.0,10-19-12-11-8 = 0.333,10-19-11-31-8 = 0.333,7-28-22-7 = 1.0,7-38-24-35-27-7 = 1.0,7-25-21-32-10 = 1.0,8-39-16-8 = 1.0,8-14-29-31-8 = 0.667,8-30-33-17-12-8 = 0.667,7-26-23-37-7 = 1.0,8-13-40-20-34-15-7 = 1.0,10-19-17-11-8 = 0.333,8-30-33-14-29-8 = 0.333
17,16,610.961,2.833,5.065,0.833,19,20,10-36-18-10 = 1.0,10-19-12-11-8 = 1.0,7-28-22-7 = 1.0,7-23-37-7 = 0.167,7-38-24-17-8 = 0.333,7-38-24-35-27-7 = 0.667,7-26-34-15-31-8 = 0.167,7-25-21-32-10 = 1.0,8-39-16-8 = 1.0,8-14-29-31-8 = 0.667,8-13-40-20-31-8 = 0.167,8-30-33-17-35-7 = 0.333,7-26-23-37-7 = 0.833,8-13-40-20-34-15-7 = 0.833,8-30-33-14-29-8 = 0.333,8-30-33-17-27-7 = 0.333
19,17,616.45,3.333,5.489,0.5,21,22,10-36-18-10 = 1.0,10-19-12-11-8 = 0.667,10-19-12-31-8 = 0.333,7-28-22-7 = 0.333,7-28-22-27-7 = 0.667,7-38-24-17-8 = 0.333,7-38-17-11-8 = 0.333,7-38-17-35-27-7 = 0.333,7-25-21-32-10 = 1.0,8-39-16-8 = 1.0,8-14-29-31-8 = 0.667,8-30-33-24-35-7 = 0.667,7-26-23-37-7 = 1.0,8-13-40-20-34-15-7 = 1.0,8-30-33-14-29-8 = 0.333
21,19,621.191,3.5,4.741,0.167,23,24,10-36-18-10 = 1.0,10-19-12-31-8 = 0.5,10-19-12-35-22-7 = 0.5,7-28-22-27-7 = 0.5,7-28-24-27-7 = 0.5,7-38-17-11-8 = 1.0,7-25-21-32-10 = 1.0,8-39-16-8 = 1.0,8-14-29-31-8 = 0.5,8-30-33-24-35-7 = 0.5,7-26-23-37-7 = 1.0,8-13-40-20-34-15-7 = 1.0,8-30-33-14-29-8 = 0.5
23,21,621.28,0.0,0.089,-3.5,Integer,,10-36-18-10 = 1.0,10-19-12-31-8 = 1.0,7-28-22-27-7 = 1.0,7-38-17-11-8 = 1.0,7-25-21-32-10 = 1.0,8-39-16-8 = 1.0,8-14-29-8 = 1.0,8-30-33-24-35-7 = 1.0,7-26-23-37-7 = 1.0,8-13-40-20-34-15-7 = 1.0
24,21,623.08,0.0,1.89,0.0,Prune by CG,,10-36-18-39-8 = 1.0,7-28-22-27-7 = 1.0,7-38-17-11-8 = 1.0,7-25-21-32-10 = 1.0,8-14-29-31-8 = 1.0,8-30-33-24-35-7 = 1.0,7-26-23-37-7 = 1.0,8-13-40-20-34-15-7 = 1.0,8-19-12-16-8 = 1.0
1,0,582.416,3.444,1.006,-0.877,25,26,7-26-7 = 0.222,10-36-18-10 = 1.0,10-19-39-16-8 = 1.0,7-28-34-15-7 = 1.0,7-23-37-27-7 = 0.222,7-37-35-22-7 = 0.222,7-26-23-22-7 = 0.778,7-38-24-35-27-7 = 0.444,7-38-24-37-7 = 0.556,7-25-21-32-10 = 1.0,8-13-14-29-8 = 1.0,8-12-11-31-8 = 0.667,8-40-20-33-17-7 = 0.667,8-40-20-30-33-12-8 = 0.333,8-30-11-31-8 = 0.333,8-30-17-35-27-7 = 0.333
4,2,583.346,2.5,-0.455,-3.125,27,28,10-36-18-10 = 1.0,10-19-39-16-8 = 1.0,7-28-34-15-7 = 1.0,7-26-23-22-7 = 1.0,7-38-24-37-7 = 1.0,7-25-21-32-10 = 1.0,8-14-29-31-8 = 0.5,8-13-14-29-8 = 0.5,8-12-11-31-8 = 0.5,8-40-20-30-11-8 = 0.5,8-13-40-20-30-12-8 = 0.5,8-33-17-35-27-7 = 1.0
26,1,582.964,2.5,0.547,-0.944,29,30,10-36-18-10 = 1.0,10-19-39-16-8 = 1.0,7-28-34-15-7 = 1.0,7-26-23-22-7 = 1.0,7-38-24-37-7 = 1.0,7-25-21-32-10 = 1.0,8-14-29-31-8 = 0.5,8-13-14-29-8 = 0.5,8-12-11-31-8 = 0.5,8-40-20-33-11-8 = 0.5,8-13-40-20-33-12-8 = 0.5,8-30-17-35-27-7 = 1.0
30,26,584.088,1.4,1.124,-1.1,31,32,10-36-18-10 = 1.0,10-19-39-16-8 = 1.0,7-28-34-15-7 = 1.0,7-26-23-22-7 = 1.0,7-38-24-37-7 = 1.0,7-25-21-32-10 = 1.0,8-13-14-29-8 = 1.0,8-12-11-31-8 = 0.8,8-40-20-33-11-8 = 0.2,8-40-20-33-17-8 = 0.2,8-40-20-33-31-8 = 0.2,8-40-20-33-35-27-7 = 0.2,8-40-20-30-33-12-8 = 0.2,8-30-17-35-27-7 = 0.8
25,1,584.957,3.775,2.541,0.331,33,34,10-36-18-10 = 0.95,10-21-38-24-35-7 = 0.05,10-19-39-16-8 = 0.7,10-32-36-18-10 = 0.05,7-28-34-15-7 = 1.0,7-23-37-27-7 = 0.05,7-37-22-7 = 0.425,7-26-23-22-7 = 0.525,7-38-24-35-27-7 = 0.95,10-19-30-17-12-8 = 0.15,7-25-21-32-10 = 0.95,8-13-14-29-8 = 1.0,10-19-25-37-7 = 0.05,8-12-11-31-8 = 0.5,8-19-39-16-8 = 0.1,8-40-20-33-17-7 = 0.85,8-40-20-30-33-12-8 = 0.15,8-30-11-31-8 = 0.5,8-30-12-39-16-8 = 0.2,7-26-37-22-7 = 0.05,7-26-23-37-7 = 0.425
28,4,585.0,4.609,1.654,2.109,35,36,10-36-18-10 = 0.87,10-19-39-16-8 = 0.739,10-32-36-18-10 = 0.13,10-21-38-37-27-7 = 0.13,7-28-34-15-7 = 1.0,7-26-23-22-7 = 1.0,7-38-24-35-27-7 = 0.261,7-38-24-37-7 = 0.609,7-25-37-27-7 = 0.13,7-25-21-32-10 = 0.87,8-13-14-29-8 = 0.652,8-12-11-31-8 = 0.696,8-19-39-16-8 = 0.261,8-40-20-30-11-8 = 0.304,8-40-20-14-29-8 = 0.348,8-13-40-20-31-8 = 0.304,8-13-40-20-30-12-8 = 0.043,8-30-33-17-35-7 = 0.391,8-30-33-17-12-8 = 0.261,8-33-17-35-27-7 = 0.348,7-24-37-27-7 = 0.13
35,28,585.592,2.5,0.591,-2.109,37,38,10-36-18-10 = 1.0,10-19-39-16-8 = 1.0,7-28-34-15-7 = 1.0,7-26-23-22-7 = 1.0,7-38-24-37-7 = 1.0,7-25-21-32-10 = 1.0,8-13-14-29-8 = 0.5,8-12-11-31-8 = 0.5,8-40-20-14-29-8 = 0.5,8-13-40-20-30-12-8 = 0.5,8-30-11-31-8 = 0.5,8-33-17-35-27-7 = 1.0
37,35,585.963,3.333,0.371,0.833,39,40,10-36-18-10 = 1.0,10-19-39-16-8 = 0.833,10-21-32-10 = 0.167,7-28-34-15-7 = 1.0,7-26-23-22-7 = 1.0,7-38-24-35-27-7 = 0.167,7-38-24-37-7 = 0.833,7-25-37-27-7 = 0.167,7-25-21-32-10 = 0.833,8-13-14-29-8 = 1.0,8-12-11-31-8 = 0.5,8-19-39-16-8 = 0.167,8-40-20-12-31-8 = 0.333,8-40-20-30-11-8 = 0.5,8-30-33-17-35-7 = 0.167,8-30-33-17-12-8 = 0.167,8-33-17-35-27-7 = 0.667,8-40-20-30-31-8 = 0.167
34,25,587.588,1.5,2.631,-2.275,41,42,10-36-18-10 = 1.0,10-19-12-39-16-8 = 1.0,7-28-34-15-7 = 1.0,7-37-22-7 = 0.5,7-26-23-22-7 = 0.5,7-38-24-35-27-7 = 1.0,7-25-21-32-10 = 1.0,8-13-14-29-8 = 1.0,8-40-20-33-17-7 = 1.0,8-30-11-31-8 = 1.0,7-26-23-37-7 = 0.5
31,30,587.016,1.8,2.929,0.4,43,44,10-36-18-10 = 1.0,10-19-39-16-8 = 1.0,7-28-34-15-7 = 1.0,7-26-23-22-7 = 1.0,7-38-24-37-7 = 1.0,7-25-21-32-10 = 1.0,8-13-14-29-8 = 1.0,8-12-11-31-8 = 0.6,8-40-20-33-17-8 = 0.2,8-40-20-33-31-8 = 0.4,8-40-20-33-35-27-7 = 0.2,8-40-33-12-11-8 = 0.2,8-30-17-35-27-7 = 0.8,8-20-30-12-11-8 = 0.2
43,31,587.195,1.571,0.178,-0.229,45,46,10-36-18-10 = 1.0,10-19-39-16-8 = 1.0,7-28-34-15-7 = 1.0,7-26-23-22-7 = 1.0,7-38-24-37-7 = 1.0,7-25-21-32-10 = 1.0,8-13-14-29-8 = 0.857,8-12-11-31-8 = 1.0,8-40-20-33-17-8 = 0.357,8-40-20-33-35-27-7 = 0.357,8-40-20-30-33-29-8 = 0.071,8-13-40-20-30-33-8 = 0.143,8-30-17-35-27-7 = 0.643,8-40-30-33-14-8 = 0.071,8-30-20-14-29-8 = 0.071
45,43,587.277,1.5,0.082,-0.071,47,48,10-36-18-10 = 1.0,10-19-39-16-8 = 1.0,7-28-34-15-7 = 0.5,7-28-40-20-33-8 = 0.5,7-26-23-22-7 = 1.0,7-38-24-37-7 = 1.0,7-25-21-32-10 = 1.0,8-13-14-29-8 = 1.0,8-12-11-31-8 = 1.0,8-30-17-35-27-7 = 1.0,8-40-20-33-34-15-7 = 0.5
36,28,587.434,3.846,2.434,-0.763,49,50,7-26-7 = 0.269,10-36-18-10 = 1.0,10-19-39-16-8 = 1.0,7-28-34-15-7 = 1.0,7-23-24-35-7 = 0.269,7-24-35-22-7 = 0.192,7-26-23-22-7 = 0.731,7-38-37-22-7 = 0.077,7-38-37-27-7 = 0.923,7-25-21-32-10 = 1.0,8-13-14-29-8 = 0.615,8-12-11-31-8 = 0.769,8-40-20-30-11-8 = 0.231,8-40-20-14-29-8 = 0.385,8-13-40-20-31-8 = 0.231,8-13-40-20-30-12-8 = 0.154,8-33-17-24-7 = 0.462,8-30-33-17-35-7 = 0.462,8-30-33-17-12-8 = 0.077,8-30-24-35-27-7 = 0.077
27,4,586.817,5.17,3.47,2.67,51,52,7-26-7 = 0.273,10-36-18-10 = 0.636,10-19-39-16-8 = 0.273,10-32-36-18-10 = 0.364,10-21-38-37-27-7 = 0.364,7-28-34-15-7 = 1.0,7-23-24-35-7 = 0.273,7-37-35-22-7 = 0.273,7-26-23-22-7 = 0.727,7-38-24-35-27-7 = 0.455,7-25-37-27-7 = 0.182,7-25-38-37-7 = 0.182,7-25-21-32-10 = 0.636,8-14-29-31-8 = 0.898,8-13-14-31-8 = 0.102,8-29-12-39-16-8 = 0.034,8-19-39-16-8 = 0.693,8-40-20-12-11-8 = 0.034,8-40-20-30-11-8 = 0.136,8-13-40-20-30-12-8 = 0.83,8-33-17-11-8 = 0.727,8-33-17-24-7 = 0.273,8-19-30-12-11-8 = 0.034,8-13-29-12-11-8 = 0.068
47,45,587.305,3.8,0.028,2.3,53,54,7-26-7 = 0.6,10-36-18-10 = 0.8,10-19-39-16-8 = 1.0,10-21-32-36-10 = 0.2,7-28-34-15-7 = 1.0,7-23-37-27-7 = 0.2,7-37-35-22-7 = 0.2,7-26-23-22-7 = 0.4,7-38-24-37-7 = 0.4,7-25-38-37-7 = 0.2,7-25-21-32-10 = 0.8,8-13-14-29-8 = 1.0,8-12-11-31-8 = 1.0,8-40-20-33-17-8 = 0.8,8-30-17-35-27-7 = 0.2,7-38-23-22-7 = 0.4,8-40-20-30-33-18-10 = 0.2,8-30-24-35-27-7 = 0.6
54,47,587.457,1.333,0.152,-2.467,55,56,10-36-18-10 = 1.0,10-19-39-16-8 = 1.0,7-28-34-15-7 = 1.0,7-26-23-22-7 = 1.0,7-38-24-37-7 = 1.0,7-25-21-32-10 = 1.0,8-13-14-29-8 = 1.0,8-12-11-31-8 = 1.0,8-40-20-33-17-8 = 0.333,8-40-20-33-35-27-7 = 0.333,8-30-17-35-27-7 = 0.667,8-40-20-30-33-8 = 0.333
51,27,588.411,3.286,1.594,-1.885,57,58,10-36-18-10 = 0.571,10-21-38-24-35-7 = 0.429,10-21-32-10 = 0.143,10-32-36-18-10 = 0.429,7-28-34-15-7 = 1.0,7-26-23-22-7 = 1.0,7-38-24-35-27-7 = 0.286,7-38-24-37-7 = 0.286,7-37-35-11-8 = 0.143,7-25-37-27-7 = 0.571,7-25-21-32-10 = 0.429,8-14-29-31-8 = 1.0,8-19-39-16-8 = 1.0,8-13-40-20-30-12-8 = 1.0,8-33-17-11-8 = 0.857,8-33-17-35-27-7 = 0.143
57,51,595.161,0.0,6.75,-3.286,Integer,,10-21-38-24-35-10 = 1.0,10-32-36-18-10 = 1.0,7-28-34-15-7 = 1.0,7-26-23-22-7 = 1.0,7-25-37-27-7 = 1.0,8-14-29-31-8 = 1.0,8-19-39-16-8 = 1.0,8-13-40-20-30-12-8 = 1.0,8-33-17-11-8 = 1.0
6,3,588.122,2.5,1.332,-0.25,59,60,10-36-18-10 = 1.0,10-19-39-16-8 = 1.0,7-28-34-15-7 = 1.0,7-38-24-22-7 = 1.0,7-25-21-32-10 = 1.0,8-14-29-31-8 = 0.5,8-13-14-29-8 = 0.5,8-12-11-31-8 = 0.5,8-40-20-30-11-8 = 0.5,8-13-40-20-30-12-8 = 0.5,7-26-23-37-7 = 1.0,8-33-17-35-27-7 = 1.0
40,37,588.283,2.5,2.321,-0.833,61,62,10-36-18-10 = 1.0,10-19-39-16-8 = 0.5,10-19-12-39-16-8 = 0.5,7-28-34-15-7 = 1.0,7-26-23-22-7 = 1.0,7-38-24-37-7 = 1.0,7-25-21-32-10 = 1.0,8-13-14-29-8 = 1.0,8-40-20-12-31-8 = 0.5,8-40-20-30-11-8 = 0.5,8-30-11-31-8 = 0.5,8-33-17-35-27-7 = 1.0
49,36,588.185,4.0,0.751,0.154,63,64,10-36-18-10 = 1.0,10-19-39-16-8 = 1.0,7-28-34-15-7 = 1.0,7-26-23-22-7 = 1.0,7-38-37-27-7 = 0.5,7-25-21-32-10 = 1.0,8-13-14-29-8 = 0.833,8-12-11-31-8 = 0.5,8-40-20-17-12-8 = 0.5,8-40-20-30-11-8 = 0.167,8-40-20-14-29-8 = 0.167,8-13-40-20-31-8 = 0.167,8-33-17-24-7 = 0.5,8-30-11-31-8 = 0.333,8-30-33-24-35-7 = 0.5,7-38-37-35-27-7 = 0.5
53,47,588.629,1.75,1.324,-2.05,65,66,7-26-7 = 0.75,10-36-18-10 = 1.0,10-19-39-16-8 = 1.0,7-28-34-15-7 = 1.0,7-37-35-22-7 = 0.25,7-25-21-32-10 = 1.0,8-13-14-29-8 = 1.0,8-12-11-31-8 = 1.0,8-40-20-33-17-8 = 1.0,7-38-23-22-7 = 0.75,7-38-23-37-7 = 0.25,7-26-37-27-7 = 0.25,8-30-24-35-27-7 = 0.75,8-30-24-37-7 = 0.25
52,27,588.502,4.25,1.686,-0.92,67,68,7-26-7 = 0.375,10-36-18-10 = 0.5,10-32-36-18-10 = 0.5,10-21-38-37-27-7 = 0.5,7-28-34-15-7 = 1.0,7-23-24-35-7 = 0.375,7-24-35-22-7 = 0.375,7-26-23-22-7 = 0.625,7-25-38-37-7 = 0.25,7-25-38-35-27-7 = 0.25,7-25-21-32-10 = 0.5,8-14-29-31-8 = 1.0,8-19-39-16-8 = 1.0,8-13-40-20-30-12-8 = 1.0,8-33-17-11-8 = 1.0,7-24-37-27-7 = 0.25
58,51,588.841,2.375,0.43,-0.911,69,70,10-36-18-10 = 1.0,10-19-39-16-8 = 0.875,10-19-30-12-11-8 = 0.125,7-28-34-15-7 = 1.0,7-26-23-22-7 = 1.0,7-38-24-37-7 = 1.0,7-25-21-32-10 = 1.0,8-14-29-31-8 = 0.625,8-13-14-31-8 = 0.375,8-29-12-39-16-8 = 0.125,8-40-20-12-11-8 = 0.125,8-40-20-30-11-8 = 0.5,8-13-40-20-30-12-8 = 0.375,8-33-17-35-27-7 = 1.0,8-13-29-12-11-8 = 0.25
29,26,588.226,4.414,5.263,1.914,71,72,10-36-18-10 = 0.543,10-19-39-16-8 = 0.086,10-32-36-18-10 = 0.457,10-21-38-37-27-7 = 0.457,7-28-34-15-7 = 1.0,7-23-24-35-7 = 0.271,7-23-37-27-7 = 0.086,7-24-35-22-7 = 0.271,7-26-23-22-7 = 0.643,7-38-24-22-7 = 0.086,7-25-38-37-7 = 0.457,7-24-17-12-8 = 0.014,7-25-21-32-10 = 0.543,8-14-29-31-8 = 0.957,8-13-14-31-8 = 0.043,8-29-12-39-16-8 = 0.014,8-19-39-16-8 = 0.9,8-40-20-33-11-8 = 0.071,8-13-40-20-33-12-8 = 0.929,8-19-30-12-11-8 = 0.014,8-30-17-11-8 = 0.886,8-30-17-35-27-7 = 0.1,8-13-29-12-11-8 = 0.029,7-26-24-35-27-7 = 0.357
71,29,599.122,0.0,10.896,0.0,Prune by CG,,7-26-7 = 0.5,10-21-38-24-18-10 = 0.5,10-32-36-10 = 0.5,10-32-36-18-10 = 0.5,10-21-38-37-27-7 = 0.5,7-28-34-15-7 = 1.0,7-23-24-35-10 = 0.5,7-26-23-22-7 = 0.5,7-25-37-27-7 = 0.5,8-14-29-31-8 = 1.0,8-19-39-16-8 = 1.0,8-13-40-20-33-12-8 = 1.0,8-30-17-11-8 = 1.0,7-25-35-22-7 = 0.5
72,29,588.529,4.462,0.303,0.047,73,74,10-36-18-10 = 0.808,10-19-39-16-8 = 0.615,10-32-36-18-10 = 0.192,10-21-24-35-27-7 = 0.192,7-28-34-15-7 = 1.0,7-26-23-22-7 = 1.0,7-38-24-37-7 = 0.731,7-38-17-11-8 = 0.038,7-38-37-27-7 = 0.038,7-37-35-11-8 = 0.038,7-25-38-37-7 = 0.192,7-24-17-12-8 = 0.077,7-25-21-32-10 = 0.808,8-14-29-31-8 = 0.692,8-13-14-31-8 = 0.308,8-29-12-39-16-8 = 0.115,8-19-39-16-8 = 0.269,8-40-20-33-11-8 = 0.5,8-13-40-20-33-12-8 = 0.5,8-19-30-12-11-8 = 0.115,8-30-17-11-8 = 0.115,8-30-17-35-27-7 = 0.769,8-13-29-12-11-8 = 0.192
74,72,588.764,3.929,0.235,-0.533,75,76,10-36-18-10 = 0.5,10-32-36-18-10 = 0.5,10-21-24-35-27-7 = 0.5,7-28-34-15-7 = 1.0,7-23-37-27-7 = 0.071,7-26-23-22-7 = 0.929,7-38-24-22-7 = 0.071,7-38-24-37-7 = 0.214,7-38-17-11-8 = 0.143,7-38-37-27-7 = 0.071,7-37-35-11-8 = 0.143,7-25-38-37-7 = 0.5,7-25-21-32-10 = 0.5,8-14-29-31-8 = 1.0,8-19-39-16-8 = 1.0,8-13-40-20-33-12-8 = 1.0,8-30-17-11-8 = 0.714,8-30-17-35-27-7 = 0.143,7-26-24-35-27-7 = 0.071,8-30-24-35-27-7 = 0.143
60,6,588.321,5.0,0.2,2.5,77,78,7-26-7 = 0.5,10-36-18-10 = 1.0,10-19-39-16-8 = 1.0,7-28-34-15-7 = 1.0,7-23-37-27-7 = 0.5,7-38-24-22-7 = 0.5,7-38-24-35-27-7 = 0.5,7-25-21-32-10 = 1.0,8-13-14-29-8 = 1.0,8-12-11-31-8 = 0.5,8-40-20-30-11-8 = 0.5,8-20-33-17-35-7 = 0.5,7-26-23-37-7 = 0.5,8-40-30-12-31-8 = 0.5,8-33-17-22-7 = 0.5
78,60,588.561,2.5,0.24,-2.5,79,80,10-36-18-10 = 1.0,10-19-39-16-8 = 1.0,7-28-34-15-7 = 1.0,7-38-24-35-27-7 = 1.0,7-25-21-32-10 = 1.0,8-13-14-29-8 = 0.5,8-12-11-31-8 = 0.5,8-40-20-14-29-8 = 0.5,8-13-40-20-30-12-8 = 0.5,8-30-11-31-8 = 0.5,7-26-23-37-7 = 1.0,8-33-17-22-7 = 1.0
66,53,588.841,2.0,0.212,0.25,81,82,7-26-7 = 0.5,10-36-18-10 = 1.0,10-19-39-16-8 = 1.0,7-28-34-15-7 = 1.0,7-25-21-32-10 = 1.0,8-13-14-29-8 = 1.0,8-12-11-31-8 = 1.0,8-40-20-33-17-8 = 1.0,7-26-37-22-7 = 0.5,7-38-23-22-7 = 0.5,7-38-23-37-7 = 0.5,8-30-24-35-27-7 = 1.0
69,58,588.955,2.333,0.115,-0.042,83,84,10-36-18-10 = 1.0,10-19-39-16-8 = 0.667,10-19-12-39-16-8 = 0.333,7-28-34-15-7 = 1.0,7-26-23-22-7 = 1.0,7-38-24-37-7 = 1.0,7-25-21-32-10 = 1.0,8-14-29-31-8 = 0.667,8-13-14-31-8 = 0.333,8-40-20-30-11-8 = 0.667,8-13-40-20-30-12-8 = 0.333,8-33-17-35-27-7 = 1.0,8-13-29-12-11-8 = 0.333
50,36,588.625,6.6,1.19,2.754,85,86,7-26-7 = 0.767,10-36-18-10 = 0.8,10-19-39-16-8 = 0.6,10-32-36-18-10 = 0.2,10-21-38-37-27-7 = 0.2,7-28-34-15-7 = 1.0,7-23-24-35-7 = 0.3,7-24-35-22-7 = 0.167,7-26-23-22-7 = 0.233,7-38-37-22-7 = 0.133,7-25-38-37-7 = 0.2,7-25-21-32-10 = 0.8,8-13-14-29-8 = 0.667,8-12-11-31-8 = 0.6,8-19-39-16-8 = 0.4,8-40-20-30-11-8 = 0.333,8-40-20-14-29-8 = 0.333,8-13-40-20-31-8 = 0.333,8-33-11-31-8 = 0.067,8-30-33-17-35-7 = 0.2,8-30-33-17-12-8 = 0.4,7-38-23-22-7 = 0.467,8-33-17-35-27-7 = 0.333,7-24-37-27-7 = 0.467,8-30-17-24-7 = 0.067
85,50,589.218,3.0,0.593,-3.6,87,88,7-26-7 = 0.875,10-36-18-10 = 1.0,10-19-39-16-8 = 1.0,7-28-34-15-7 = 1.0,7-25-21-32-10 = 1.0,8-13-14-29-8 = 0.75,8-12-11-31-8 = 0.75,8-40-20-30-11-8 = 0.25,8-40-20-14-29-8 = 0.25,8-13-40-20-31-8 = 0.25,8-30-33-17-35-7 = 0.5,8-30-33-17-12-8 = 0.25,7-38-23-22-7 = 1.0,7-26-37-35-27-7 = 0.125,8-33-17-35-27-7 = 0.125,8-33-17-37-7 = 0.125,7-24-37-27-7 = 0.75,8-40-20-24-35-7 = 0.25
86,50,589.079,4.717,0.454,-1.883,89,90,7-26-7 = 0.302,10-36-18-10 = 0.981,10-19-39-16-8 = 0.962,10-32-36-18-10 = 0.019,10-21-38-37-27-7 = 0.019,7-28-34-15-7 = 1.0,7-23-24-35-7 = 0.302,7-26-23-22-7 = 0.698,7-38-37-22-7 = 0.302,7-38-37-27-7 = 0.66,7-25-38-37-7 = 0.019,7-25-21-32-10 = 0.981,8-13-14-29-8 = 0.792,8-12-11-31-8 = 0.528,8-19-39-16-8 = 0.038,8-40-20-30-11-8 = 0.208,8-40-20-14-29-8 = 0.208,8-13-40-20-31-8 = 0.208,8-33-11-31-8 = 0.264,8-30-33-17-12-8 = 0.472,8-33-17-35-27-7 = 0.264,8-30-24-35-27-7 = 0.057,8-30-17-24-7 = 0.264,8-40-20-24-35-7 = 0.377
79,78,589.37,1.8,0.809,-0.7,91,92,10-36-18-10 = 1.0,10-19-39-16-8 = 1.0,7-28-34-15-7 = 1.0,7-38-24-35-27-7 = 1.0,7-25-21-32-10 = 1.0,8-13-14-29-8 = 1.0,8-12-11-31-8 = 0.4,8-40-20-12-31-8 = 0.2,8-40-20-30-11-8 = 0.6,7-26-23-37-7 = 1.0,8-40-30-12-31-8 = 0.2,8-30-17-22-7 = 0.2,8-33-17-22-7 = 0.8,8-20-33-12-31-8 = 0.2
82,66,589.395,1.5,0.554,-0.5,93,94,7-26-7 = 1.0,10-36-18-10 = 1.0,10-19-39-16-8 = 1.0,7-28-34-15-7 = 1.0,7-37-22-7 = 0.5,7-25-21-32-10 = 1.0,8-13-14-29-8 = 1.0,8-12-11-31-8 = 1.0,8-40-20-33-17-8 = 1.0,7-38-23-22-7 = 0.5,7-38-23-37-7 = 0.5,8-30-24-35-27-7 = 1.0
55,54,589.324,2.333,1.867,1.0,95,96,7-26-7 = 0.333,10-36-18-10 = 1.0,10-19-39-16-8 = 1.0,7-28-34-15-7 = 1.0,7-23-24-35-7 = 0.333,7-26-23-22-7 = 0.667,7-38-37-22-7 = 0.333,7-38-37-27-7 = 0.333,7-25-21-32-10 = 1.0,8-13-14-29-8 = 1.0,8-12-11-31-8 = 1.0,8-40-20-33-17-8 = 1.0,8-30-24-35-27-7 = 0.667,8-30-38-37-7 = 0.333
95,55,597.425,0.0,8.1,0.0,Prune by CG,,7-26-7 = 0.75,10-36-18-10 = 1.0,10-19-39-16-8 = 0.5,7-28-34-15-7 = 1.0,7-23-24-35-7 = 0.5,7-26-22-27-7 = 0.25,7-38-37-22-7 = 0.25,7-38-37-27-7 = 0.75,7-25-21-32-10 = 1.0,8-39-16-8 = 0.5,8-13-14-29-8 = 1.0,8-12-11-31-8 = 1.0,8-40-20-33-17-8 = 1.0,10-19-30-35-22-7 = 0.5,8-30-24-23-7 = 0.5
77,60,589.814,3.5,1.492,-1.5,97,98,7-26-7 = 1.0,10-36-18-10 = 1.0,10-19-39-16-8 = 1.0,7-28-34-15-7 = 1.0,7-23-37-27-7 = 1.0,7-38-24-22-7 = 0.5,7-38-35-22-7 = 0.5,7-25-21-32-10 = 1.0,8-13-14-29-8 = 1.0,8-12-11-31-8 = 0.5,8-40-20-30-11-8 = 0.5,8-33-17-24-7 = 0.5,8-20-33-17-35-7 = 0.5,8-40-30-12-31-8 = 0.5
32,30,588.795,5.0,4.708,3.6,99,100,7-26-7 = 0.333,10-36-18-10 = 0.583,10-19-12-39-16-8 = 0.167,10-32-36-18-10 = 0.417,10-21-38-37-27-7 = 0.417,7-28-34-15-7 = 1.0,7-23-24-35-7 = 0.25,7-37-35-22-7 = 0.167,7-26-23-22-7 = 0.667,7-38-24-22-7 = 0.083,7-25-38-37-7 = 0.417,7-24-17-12-8 = 0.667,7-25-21-32-10 = 0.583,8-13-14-29-8 = 1.0,8-19-39-16-8 = 0.833,8-40-20-33-11-8 = 0.083,8-40-20-33-17-7 = 0.25,8-40-20-33-35-27-7 = 0.583,8-40-33-17-12-8 = 0.083,8-30-11-31-8 = 0.917,8-20-30-12-31-8 = 0.083,7-38-23-22-7 = 0.083
84,69,589.218,4.333,0.262,2.0,101,102,10-36-18-10 = 0.833,10-19-39-16-8 = 0.5,10-32-36-18-10 = 0.167,10-25-21-32-10 = 0.167,10-21-35-12-11-8 = 0.167,7-28-34-15-7 = 1.0,7-26-23-22-7 = 1.0,7-38-24-35-27-7 = 0.167,7-38-24-37-7 = 0.833,7-25-37-27-7 = 0.167,7-25-21-32-10 = 0.667,8-14-29-31-8 = 0.833,8-13-14-31-8 = 0.167,8-19-39-16-8 = 0.5,8-40-20-30-11-8 = 0.333,8-13-40-20-30-12-8 = 0.667,8-33-17-11-8 = 0.333,8-33-17-35-27-7 = 0.667,8-13-29-12-11-8 = 0.167
101,84,589.223,2.0,0.006,-2.333,103,104,10-36-18-10 = 1.0,10-19-39-16-8 = 1.0,7-28-34-15-7 = 1.0,7-26-23-22-7 = 1.0,7-38-24-37-7 = 1.0,7-25-21-32-10 = 1.0,8-14-29-31-8 = 0.75,8-13-14-31-8 = 0.25,8-12-11-8 = 0.25,8-40-20-30-11-8 = 0.5,8-13-40-20-30-12-8 = 0.5,8-33-17-35-27-7 = 1.0,8-13-29-12-11-8 = 0.25
62,40,589.226,5.476,0.942,2.976,105,106,10-36-18-10 = 0.714,10-21-38-24-35-7 = 0.286,10-19-39-16-8 = 0.333,10-21-32-10 = 0.095,10-32-36-18-10 = 0.286,7-28-34-15-7 = 1.0,7-26-23-22-7 = 1.0,7-38-24-35-27-7 = 0.19,7-38-24-37-7 = 0.524,7-37-35-11-8 = 0.095,7-25-37-27-7 = 0.381,7-25-21-32-10 = 0.619,8-13-14-29-8 = 1.0,8-19-39-16-8 = 0.667,8-40-20-17-12-8 = 0.238,8-40-20-12-31-8 = 0.429,8-40-20-30-11-8 = 0.333,8-33-11-31-8 = 0.238,8-30-11-31-8 = 0.333,8-30-33-17-12-8 = 0.333,8-33-17-35-27-7 = 0.429
105,62,590.136,2.2,0.91,-3.276,107,108,10-36-18-10 = 1.0,10-19-30-33-11-8 = 0.2,10-19-39-16-8 = 0.8,7-28-34-15-7 = 1.0,7-26-23-22-7 = 1.0,7-38-24-37-7 = 1.0,7-25-21-32-10 = 1.0,8-13-14-29-8 = 1.0,8-12-39-16-8 = 0.2,8-40-20-17-12-8 = 0.2,8-40-20-12-31-8 = 0.4,8-40-20-30-11-8 = 0.2,8-30-11-31-8 = 0.6,8-33-17-35-27-7 = 0.8,8-40-20-12-35-27-7 = 0.2
108,105,592.005,0.0,1.869,-2.2,Integer,,10-36-18-10 = 1.0,10-19-39-16-8 = 1.0,7-28-34-15-7 = 1.0,7-26-23-22-7 = 1.0,7-38-24-37-7 = 1.0,7-25-21-32-10 = 1.0,8-13-14-29-8 = 1.0,8-40-20-30-11-8 = 1.0,8-33-17-35-27-7 = 1.0,8-12-31-8 = 1.0
39,37,589.716,3.5,3.754,0.167,109,110,10-36-18-10 = 1.0,10-19-39-16-8 = 1.0,7-28-34-15-7 = 1.0,7-37-27-7 = 0.278,7-26-23-22-7 = 1.0,7-38-24-35-27-7 = 0.278,7-38-24-37-7 = 0.722,7-25-21-32-10 = 1.0,8-13-14-29-8 = 0.5,8-12-11-31-8 = 0.833,8-40-20-30-17-8 = 0.167,8-30-33-17-35-7 = 0.056,8-20-33-17-35-7 = 0.5,8-13-40-14-29-8 = 0.5,8-30-33-17-27-7 = 0.278,8-30-33-12-11-8 = 0.167,8-40-20-30-31-8 = 0.167,8-40-20-30-35-27-7 = 0.167
110,39,589.805,3.0,0.089,-0.5,111,112,10-36-18-10 = 1.0,10-19-39-16-8 = 1.0,7-28-34-15-7 = 1.0,7-37-27-7 = 0.167,7-26-23-22-7 = 1.0,7-38-24-35-27-7 = 0.167,7-38-24-37-7 = 0.833,7-25-21-32-10 = 1.0,8-13-14-29-8 = 1.0,8-12-11-31-8 = 0.5,8-40-20-12-11-8 = 0.5,8-30-33-17-35-7 = 0.333,8-33-17-35-27-7 = 0.5,8-30-33-17-27-7 = 0.167,8-40-20-30-31-8 = 0.5
112,110,594.434,0.0,4.628,0.0,Prune by CG,,10-36-18-10 = 1.0,10-19-39-16-8 = 0.5,10-19-30-12-11-8 = 0.5,7-28-34-15-7 = 1.0,7-26-23-22-7 = 1.0,7-38-24-37-7 = 1.0,7-25-21-32-10 = 1.0,8-13-14-29-8 = 1.0,8-40-20-12-11-8 = 0.5,8-16-39-31-8 = 0.5,8-33-17-35-27-7 = 1.0,8-40-20-30-31-8 = 0.5
100,32,589.956,4.333,1.161,-0.667,113,114,7-26-7 = 0.333,10-32-10 = 0.333,10-36-18-10 = 1.0,10-19-12-39-16-8 = 0.333,10-21-38-37-27-7 = 0.333,7-28-34-15-7 = 1.0,7-23-24-35-7 = 0.167,7-37-35-22-7 = 0.167,7-26-23-22-7 = 0.667,7-38-24-37-7 = 0.167,7-25-38-37-7 = 0.333,7-24-17-12-8 = 0.667,7-25-21-32-10 = 0.667,8-13-14-29-8 = 1.0,8-19-39-16-8 = 0.667,8-40-20-33-17-7 = 0.333,8-40-20-33-35-27-7 = 0.667,8-30-11-31-8 = 1.0,7-38-23-22-7 = 0.167
113,100,603.239,0.0,13.283,0.0,Prune by CG,,7-26-7 = 0.5,10-32-10 = 1.0,10-36-10 = 0.214,10-36-18-10 = 0.786,10-21-38-24-18-10 = 0.214,10-21-38-37-27-7 = 0.5,10-21-38-17-12-8 = 0.286,7-28-34-15-7 = 1.0,7-23-24-35-10 = 0.5,7-26-23-22-7 = 0.5,7-25-37-27-7 = 0.5,7-24-17-12-8 = 0.286,8-13-14-29-8 = 1.0,8-19-39-16-8 = 1.0,8-40-20-33-11-10 = 0.286,8-40-20-33-17-7 = 0.286,8-40-20-33-31-8 = 0.143,8-40-20-30-33-12-8 = 0.143,8-40-33-17-12-8 = 0.143,8-30-11-31-8 = 0.714,8-20-30-12-31-8 = 0.143,7-25-35-22-7 = 0.5
106,62,589.811,5.833,0.585,0.357,115,116,10-36-18-10 = 0.667,10-21-38-24-35-7 = 0.333,10-19-39-16-8 = 0.333,10-32-36-18-10 = 0.333,7-28-34-15-7 = 1.0,7-37-35-22-7 = 0.167,7-26-23-22-7 = 0.833,7-38-24-35-27-7 = 0.5,7-38-24-23-7 = 0.167,7-25-37-27-7 = 0.333,7-25-21-32-10 = 0.667,8-13-14-29-8 = 1.0,8-19-39-16-8 = 0.667,8-40-20-17-12-8 = 0.333,8-40-20-12-31-8 = 0.333,8-40-20-30-11-8 = 0.333,8-33-11-31-8 = 0.333,8-30-11-31-8 = 0.333,8-30-33-17-12-8 = 0.333,7-26-37-27-7 = 0.167,8-33-17-37-7 = 0.333
116,106,593.03,0.0,3.22,0.0,Prune by CG,,7-26-7 = 0.667,10-36-18-10 = 0.667,10-21-38-24-27-7 = 0.333,10-19-39-16-8 = 0.333,10-32-36-18-10 = 0.333,7-28-34-15-7 = 1.0,7-37-35-22-7 = 0.667,7-26-23-22-7 = 0.333,7-38-24-23-7 = 0.667,7-25-37-27-7 = 0.333,7-25-21-32-10 = 0.667,8-13-14-29-8 = 1.0,8-19-39-16-8 = 0.667,8-40-20-17-12-8 = 0.333,8-40-20-12-31-8 = 0.333,8-40-20-30-11-8 = 0.333,8-33-11-31-8 = 0.333,8-30-11-31-8 = 0.333,8-30-33-17-12-8 = 0.333,8-33-17-35-27-7 = 0.333
115,106,589.976,5.2,0.165,-0.633,117,118,10-36-18-10 = 0.8,10-21-38-24-35-7 = 0.2,10-19-39-16-8 = 0.4,10-21-32-10 = 0.2,10-32-36-18-10 = 0.2,7-28-34-15-7 = 1.0,7-26-23-22-7 = 1.0,7-38-24-35-12-8 = 0.2,7-38-24-35-27-7 = 0.6,7-25-37-27-7 = 0.4,7-25-21-32-10 = 0.6,8-13-14-29-8 = 1.0,8-19-39-16-8 = 0.6,8-40-20-17-12-8 = 0.2,8-40-20-12-31-8 = 0.4,8-40-20-30-11-8 = 0.4,8-33-11-31-8 = 0.2,8-30-11-31-8 = 0.4,8-30-33-17-12-8 = 0.2,8-33-17-37-7 = 0.6
118,115,593.121,0.0,3.145,0.0,Prune by CG,,10-21-38-24-35-7 = 0.5,10-21-32-36-10 = 0.5,10-32-36-18-10 = 0.5,7-28-34-15-7 = 1.0,7-26-23-22-7 = 1.0,7-25-37-27-7 = 1.0,8-13-14-29-8 = 1.0,8-19-39-16-8 = 1.0,8-40-20-17-12-8 = 0.4,8-40-20-12-31-8 = 0.2,8-40-20-30-11-8 = 0.4,8-33-11-31-8 = 0.4,8-30-11-31-8 = 0.2,8-30-33-17-12-8 = 0.4,7-38-24-35-18-10 = 0.5,8-33-17-31-8 = 0.2
114,100,590.247,2.5,0.291,-1.833,119,120,10-36-18-10 = 1.0,10-19-12-39-16-8 = 1.0,7-28-34-15-7 = 1.0,7-17-24-35-7 = 0.5,7-26-23-22-7 = 1.0,7-38-24-37-7 = 0.5,7-38-37-27-7 = 0.5,7-25-21-32-10 = 1.0,8-13-14-29-8 = 1.0,8-40-20-33-17-7 = 0.5,8-40-20-33-35-27-7 = 0.5,8-30-11-31-8 = 1.0
119,114,590.413,0.0,0.166,-2.5,Integer,,10-36-18-10 = 1.0,10-21-32-10 = 1.0,7-28-34-15-7 = 1.0,7-26-23-22-7 = 1.0,7-25-38-37-7 = 1.0,7-24-17-12-8 = 1.0,8-13-14-29-8 = 1.0,8-19-39-16-8 = 1.0,8-40-20-33-35-27-7 = 1.0,8-30-11-31-8 = 1.0
120,114,588.797,2.5,-1.45,0.0,121,122,10-36-18-10 = 1.0,10-19-39-16-8 = 0.5,10-19-12-39-16-8 = 0.5,7-28-34-15-7 = 1.0,7-26-23-22-7 = 1.0,7-38-24-37-7 = 1.0,7-25-21-32-10 = 1.0,8-13-14-29-8 = 1.0,8-40-20-33-35-27-7 = 0.5,8-40-33-17-12-8 = 0.5,8-30-11-31-8 = 1.0,8-20-17-35-27-7 = 0.5
42,34,589.169,5.25,1.58,3.75,123,124,10-36-18-10 = 0.5,10-32-36-18-10 = 0.5,10-21-24-37-7 = 0.25,7-28-34-15-7 = 1.0,7-26-23-22-7 = 0.75,10-21-38-35-22-7 = 0.25,7-38-24-35-12-8 = 0.25,7-38-24-35-27-7 = 0.5,7-25-37-27-7 = 0.5,7-25-21-32-10 = 0.5,8-14-29-31-8 = 0.75,8-13-14-29-8 = 0.25,8-19-39-16-8 = 1.0,8-40-20-33-17-7 = 0.25,8-13-40-20-33-12-8 = 0.75,8-30-11-31-8 = 0.25,8-30-17-11-8 = 0.75,7-26-23-37-7 = 0.25
124,42,588.99,1.333,-0.178,-3.917,125,126,10-36-18-10 = 1.0,10-19-12-39-16-8 = 1.0,7-28-34-15-7 = 1.0,7-26-23-22-7 = 1.0,7-38-24-35-27-7 = 1.0,7-25-21-32-10 = 1.0,8-14-29-31-8 = 0.333,8-13-14-31-8 = 0.333,8-13-14-29-8 = 0.333,8-13-29-31-8 = 0.333,8-40-20-33-11-8 = 1.0,8-30-17-37-7 = 1.0
126,124,593.032,0.0,4.041,0.0,Prune by CG,,10-36-18-10 = 1.0,10-19-39-16-8 = 0.5,7-28-34-15-7 = 0.5,7-28-22-7 = 0.5,7-26-23-22-7 = 0.5,7-38-24-35-27-7 = 1.0,10-19-30-17-12-8 = 0.5,7-25-21-32-10 = 1.0,8-13-14-31-8 = 0.5,8-13-14-34-15-7 = 0.5,8-29-12-39-16-8 = 0.5,8-40-20-33-11-8 = 1.0,8-29-31-8 = 0.5,7-26-23-37-7 = 0.5,8-30-17-37-7 = 0.5
123,42,590.187,2.0,1.019,-3.25,127,128,10-21-38-24-35-7 = 0.5,10-21-32-36-10 = 0.5,10-32-36-18-10 = 0.5,7-28-34-15-7 = 1.0,7-26-23-22-7 = 1.0,7-25-37-27-7 = 1.0,8-14-29-31-8 = 1.0,8-19-39-16-8 = 1.0,8-13-40-20-33-12-8 = 1.0,8-30-17-11-8 = 1.0,7-38-24-35-18-10 = 0.5
127,123,594.625,0.0,4.438,0.0,Prune by CG,,10-21-38-24-35-10 = 1.0,10-32-36-18-10 = 1.0,7-28-34-15-7 = 1.0,7-26-23-22-7 = 1.0,7-25-37-27-7 = 1.0,8-14-29-31-8 = 1.0,8-19-39-16-8 = 1.0,8-13-40-20-33-12-8 = 1.0,8-30-17-11-8 = 1.0
128,123,591.231,0.0,1.044,0.0,Prune by CG,,10-19-39-16-8 = 0.167,10-21-32-36-10 = 0.417,10-32-36-18-10 = 0.583,10-21-24-37-7 = 0.25,7-28-34-15-7 = 1.0,7-26-23-22-7 = 1.0,7-38-24-35-12-8 = 0.167,7-38-24-35-27-7 = 0.333,7-25-37-27-7 = 0.25,7-25-38-35-27-7 = 0.417,7-24-17-12-8 = 0.167,8-14-29-31-8 = 0.5,8-13-14-29-8 = 0.5,8-19-39-16-8 = 0.833,8-40-20-33-11-8 = 0.333,8-40-33-17-12-8 = 0.167,8-13-40-20-33-12-8 = 0.5,8-30-11-31-8 = 0.5,8-20-17-11-8 = 0.167,7-38-24-35-18-10 = 0.083,8-30-17-37-7 = 0.5,7-25-21-18-10 = 0.333
125,124,589.043,5.792,0.053,4.458,129,130,10-32-10 = 0.25,10-36-18-10 = 1.0,10-19-39-16-8 = 0.292,10-19-12-39-16-8 = 0.125,10-21-24-37-7 = 0.083,7-28-34-15-7 = 1.0,7-26-23-22-7 = 0.833,10-21-38-35-22-7 = 0.167,7-38-24-35-27-7 = 0.833,7-25-37-27-7 = 0.167,7-24-17-12-8 = 0.083,7-25-21-32-10 = 0.75,8-14-29-31-8 = 0.5,8-13-14-29-8 = 0.5,10-19-25-37-7 = 0.083,8-12-39-16-8 = 0.083,8-19-39-16-8 = 0.5,8-40-20-33-11-8 = 0.292,8-40-33-17-12-8 = 0.208,8-13-40-20-33-12-8 = 0.5,8-30-11-31-8 = 0.5,7-26-23-37-7 = 0.167,8-20-17-11-8 = 0.208,8-30-17-37-7 = 0.5
129,125,590.715,0.0,1.672,0.0,Prune by CG,,10-32-10 = 0.286,10-36-18-10 = 1.0,10-19-39-16-8 = 0.286,10-21-24-37-7 = 0.143,7-28-34-15-7 = 1.0,7-26-23-22-7 = 0.857,10-21-38-35-22-7 = 0.143,7-38-24-35-27-7 = 0.714,7-25-37-27-7 = 0.143,7-25-21-32-10 = 0.714,8-14-29-31-8 = 1.0,10-19-25-37-7 = 0.143,8-12-39-16-8 = 0.143,8-19-39-16-8 = 0.571,8-13-40-20-33-12-8 = 0.857,8-13-40-33-11-8 = 0.143,8-30-17-11-8 = 0.714,7-26-23-37-7 = 0.143,8-20-17-11-8 = 0.143,8-30-17-37-7 = 0.143,8-30-24-37-7 = 0.143,7-38-37-35-27-7 = 0.143
130,125,590.454,0.0,1.411,0.0,Prune by CG,,10-32-10 = 0.2,10-36-18-10 = 1.0,10-19-39-16-8 = 0.4,10-19-12-39-16-8 = 0.2,10-21-24-37-7 = 0.2,7-28-34-15-7 = 1.0,7-26-23-22-7 = 1.0,7-38-24-35-27-7 = 0.4,7-38-35-12-31-8 = 0.2,7-25-37-27-7 = 0.2,7-24-17-12-8 = 0.2,7-25-21-32-10 = 0.8,8-13-14-29-8 = 1.0,8-40-20-33-11-8 = 0.2,8-40-20-33-17-7 = 0.8,8-30-11-31-8 = 0.8,8-19-12-39-16-8 = 0.4,8-30-24-37-7 = 0.2,7-38-37-35-27-7 = 0.4
68,52,590.081,3.75,1.578,-0.5,131,132,7-26-7 = 0.375,10-32-10 = 0.5,10-36-18-10 = 1.0,10-21-38-37-27-7 = 0.5,7-28-34-15-7 = 1.0,7-23-24-35-7 = 0.375,7-24-35-22-7 = 0.375,7-26-23-22-7 = 0.625,7-25-38-37-7 = 0.25,7-25-38-35-27-7 = 0.25,7-25-21-32-10 = 0.5,8-14-29-31-8 = 1.0,8-19-39-16-8 = 1.0,8-13-40-20-30-12-8 = 1.0,8-33-17-11-8 = 1.0,7-24-37-27-7 = 0.25
131,68,600.915,0.0,10.835,0.0,Prune by CG,,10-32-10 = 1.0,10-36-18-10 = 1.0,10-21-38-37-27-7 = 0.5,7-28-34-15-7 = 1.0,7-23-24-35-10 = 0.5,7-26-23-22-7 = 0.5,8-14-29-31-8 = 1.0,8-19-39-16-8 = 1.0,8-13-40-20-30-12-8 = 1.0,8-33-17-11-8 = 1.0,7-26-37-22-7 = 0.5,7-25-24-35-7 = 0.5,7-25-21-38-27-7 = 0.5
132,68,590.723,0.0,0.642,0.0,Prune by CG,,7-26-7 = 0.25,10-36-18-10 = 1.0,10-21-32-10 = 1.0,7-28-34-15-7 = 1.0,7-23-24-35-7 = 0.25,7-24-35-22-7 = 0.25,7-26-23-22-7 = 0.75,7-25-38-37-7 = 0.5,7-25-38-35-27-7 = 0.5,8-14-29-31-8 = 1.0,8-19-39-16-8 = 1.0,8-13-40-20-30-12-8 = 1.0,8-33-17-11-8 = 1.0,7-24-37-27-7 = 0.5
121,120,589.801,3.667,1.004,1.167,133,134,7-26-7 = 0.333,10-36-18-10 = 1.0,10-19-12-39-16-8 = 1.0,7-28-34-15-7 = 1.0,7-23-37-27-7 = 0.333,7-26-23-22-7 = 0.667,7-38-24-22-7 = 0.333,7-38-24-37-7 = 0.667,7-25-21-32-10 = 1.0,8-13-14-29-8 = 1.0,8-40-20-33-11-8 = 0.333,8-40-20-33-31-8 = 0.333,8-40-33-17-35-7 = 0.333,8-30-11-31-8 = 0.667,8-30-17-35-27-7 = 0.333,8-20-17-35-27-7 = 0.333
133,121,592.404,0.0,2.603,0.0,Prune by CG,,7-26-7 = 1.0,10-36-18-10 = 1.0,10-19-12-39-16-8 = 1.0,7-28-34-15-7 = 1.0,7-23-37-27-7 = 0.8,7-24-35-22-7 = 0.2,7-38-24-22-7 = 0.8,7-25-21-32-10 = 1.0,8-13-14-29-8 = 1.0,8-40-20-33-11-8 = 0.2,8-40-20-33-17-7 = 0.2,8-40-20-33-31-8 = 0.2,8-40-33-17-35-7 = 0.4,8-30-11-31-8 = 0.8,8-20-30-17-35-7 = 0.2,7-38-23-37-7 = 0.2,8-20-17-35-27-7 = 0.2
134,121,590.086,2.909,0.285,-0.758,135,136,10-36-18-10 = 1.0,10-19-12-39-16-8 = 1.0,7-28-34-15-7 = 1.0,7-23-24-35-7 = 0.091,7-26-23-22-7 = 0.909,7-38-24-22-7 = 0.091,7-38-24-37-7 = 0.636,7-38-37-27-7 = 0.273,7-25-21-32-10 = 1.0,8-13-14-29-8 = 1.0,8-40-20-33-11-8 = 0.273,8-40-20-33-17-7 = 0.182,8-40-20-33-31-8 = 0.273,8-40-33-17-35-7 = 0.273,8-30-11-31-8 = 0.727,8-30-17-35-27-7 = 0.273,7-24-37-27-7 = 0.091,7-26-24-35-27-7 = 0.091,8-20-17-35-27-7 = 0.273
135,134,590.544,0.0,0.458,0.0,Prune by CG,,10-36-18-10 = 1.0,10-19-12-39-16-8 = 1.0,7-28-34-15-7 = 1.0,7-37-27-22-7 = 0.111,7-26-23-22-7 = 0.778,7-38-24-22-7 = 0.111,7-38-24-37-7 = 0.667,7-38-24-23-7 = 0.222,7-25-21-32-10 = 1.0,8-13-14-29-8 = 1.0,8-40-20-33-11-8 = 0.333,8-40-20-33-31-8 = 0.333,8-40-33-17-35-7 = 0.333,8-30-11-31-8 = 0.667,8-30-17-35-27-7 = 0.333,7-26-37-27-7 = 0.222,8-20-17-35-27-7 = 0.333
136,134,590.859,0.0,0.773,0.0,Prune by CG,,7-26-7 = 0.5,10-36-18-10 = 1.0,10-19-12-39-16-8 = 1.0,7-28-34-15-7 = 1.0,7-23-24-35-7 = 0.5,7-24-35-22-7 = 0.5,7-26-23-22-7 = 0.5,7-38-37-27-7 = 1.0,7-25-21-32-10 = 1.0,8-13-14-29-8 = 1.0,8-40-20-33-17-7 = 1.0,8-30-11-31-8 = 1.0
117,115,590.377,2.81,0.402,-2.39,137,138,10-36-18-10 = 1.0,10-19-30-33-11-8 = 0.143,10-19-39-16-8 = 0.667,7-28-34-15-7 = 1.0,7-23-17-12-8 = 0.048,7-26-23-22-7 = 0.952,7-38-24-35-27-7 = 1.0,7-25-21-32-10 = 0.905,8-13-14-29-8 = 1.0,10-19-25-37-7 = 0.095,8-12-39-16-8 = 0.333,8-40-20-17-12-8 = 0.095,8-40-20-12-31-8 = 0.524,8-40-20-30-11-8 = 0.381,8-30-11-31-8 = 0.476,7-26-37-22-7 = 0.048,10-19-21-32-10 = 0.095,8-33-17-37-7 = 0.857
137,117,591.644,0.0,1.267,0.0,Prune by CG,,10-36-18-10 = 1.0,10-19-39-16-8 = 0.579,10-21-32-10 = 0.211,7-28-34-15-7 = 0.895,7-28-40-20-12-8 = 0.105,7-37-22-7 = 0.105,7-26-23-22-7 = 0.895,7-38-24-35-27-7 = 1.0,7-26-23-34-15-7 = 0.105,7-25-21-32-10 = 0.789,8-13-14-29-8 = 1.0,10-19-25-37-7 = 0.211,8-19-39-16-8 = 0.158,8-40-20-17-12-8 = 0.316,8-40-20-12-39-8 = 0.263,8-40-20-12-31-8 = 0.053,8-40-20-30-12-16-8 = 0.263,8-33-11-31-8 = 0.263,8-19-30-33-11-8 = 0.053,8-30-11-31-8 = 0.684,8-33-17-37-7 = 0.684
138,117,592.499,0.0,2.122,0.0,Prune by CG,,10-36-18-10 = 1.0,10-19-39-16-8 = 1.0,7-28-34-15-7 = 1.0,7-26-23-22-7 = 1.0,7-38-24-35-27-7 = 1.0,7-25-21-32-10 = 1.0,8-13-14-29-8 = 1.0,8-40-20-30-11-8 = 1.0,8-33-17-37-7 = 1.0,8-12-31-8 = 1.0
87,85,590.097,2.6,0.879,-0.4,139,140,7-26-7 = 0.8,10-36-18-10 = 1.0,10-19-39-16-8 = 1.0,7-28-34-15-7 = 1.0,7-25-21-32-10 = 1.0,8-13-14-29-8 = 0.6,8-12-11-31-8 = 0.8,8-40-20-14-29-8 = 0.4,8-13-40-20-11-8 = 0.2,8-13-40-20-31-8 = 0.2,8-30-33-17-35-7 = 0.8,8-30-33-17-12-8 = 0.2,7-38-23-22-7 = 1.0,7-26-37-27-7 = 0.2,7-24-37-27-7 = 0.8,8-40-20-24-35-7 = 0.2
139,87,591.545,0.0,1.448,0.0,Prune by CG,,7-26-7 = 0.8,10-36-18-10 = 1.0,10-19-39-16-8 = 1.0,7-28-34-15-7 = 1.0,7-25-21-32-10 = 1.0,8-13-14-29-8 = 0.6,8-12-11-31-8 = 0.8,8-30-33-17-35-7 = 0.4,8-30-33-17-12-8 = 0.2,8-30-20-33-11-8 = 0.2,8-30-20-33-31-8 = 0.2,7-38-23-22-7 = 1.0,8-13-40-14-29-8 = 0.4,7-26-37-27-7 = 0.2,7-24-37-27-7 = 0.8,8-40-20-17-35-7 = 0.4,8-40-20-24-35-7 = 0.2
140,87,597.583,0.0,7.486,0.0,Prune by CG,,7-26-7 = 0.857,10-36-18-10 = 1.0,10-19-39-16-8 = 1.0,7-28-34-15-7 = 0.857,7-28-24-35-7 = 0.143,7-25-21-32-10 = 1.0,8-14-29-8 = 0.857,8-12-11-31-8 = 0.714,8-40-20-14-29-8 = 0.143,8-13-40-17-12-8 = 0.143,8-13-40-20-11-8 = 0.286,8-13-40-20-31-8 = 0.286,8-30-33-17-35-7 = 0.857,8-13-20-30-33-12-8 = 0.143,7-38-23-22-7 = 1.0,8-13-40-20-34-15-7 = 0.143,7-26-37-27-7 = 0.143,7-24-37-27-7 = 0.857
104,101,590.119,2.0,0.895,0.0,141,142,10-36-18-10 = 1.0,10-25-21-32-10 = 1.0,7-28-34-15-7 = 1.0,7-37-27-7 = 0.25,7-26-23-22-7 = 1.0,7-38-24-35-27-7 = 0.5,7-38-24-37-7 = 0.5,7-37-35-11-8 = 0.25,8-14-29-31-8 = 1.0,8-19-39-16-8 = 1.0,8-13-40-20-30-12-8 = 1.0,8-33-17-11-8 = 0.75,8-33-17-35-27-7 = 0.25
141,104,593.85,0.0,3.731,0.0,Prune by CG,,10-32-36-18-10 = 1.0,7-28-34-15-7 = 1.0,7-26-23-22-7 = 1.0,7-38-24-35-27-7 = 1.0,8-14-29-31-8 = 1.0,8-19-39-16-8 = 1.0,8-13-40-20-30-12-8 = 1.0,8-33-17-11-8 = 1.0,7-25-21-37-7 = 1.0
142,104,591.512,0.0,1.393,0.0,Prune by CG,,10-36-18-10 = 1.0,10-19-39-16-8 = 1.0,7-28-34-15-7 = 1.0,7-26-23-22-7 = 1.0,7-38-24-37-7 = 1.0,7-25-21-32-10 = 1.0,8-14-29-31-8 = 0.75,8-13-14-31-8 = 0.25,8-12-11-8 = 0.25,8-13-40-20-30-12-8 = 0.5,8-33-17-11-8 = 0.5,8-33-17-35-27-7 = 0.5,8-13-29-12-11-8 = 0.25,8-40-20-30-35-27-7 = 0.5
97,77,590.153,3.5,0.339,0.0,143,144,7-26-7 = 1.0,10-36-18-10 = 1.0,10-19-39-16-8 = 1.0,7-28-34-15-7 = 1.0,7-23-37-27-7 = 1.0,7-38-24-22-7 = 0.5,7-38-24-35-7 = 0.5,7-25-21-32-10 = 1.0,8-13-14-29-8 = 1.0,8-12-11-31-8 = 0.5,8-40-20-30-11-8 = 0.5,8-20-33-17-35-7 = 0.5,8-40-30-12-31-8 = 0.5,8-33-17-22-7 = 0.5
143,97,591.046,0.0,0.893,0.0,Prune by CG,,7-26-7 = 1.0,10-36-18-10 = 1.0,10-19-39-16-8 = 1.0,7-28-34-15-7 = 1.0,7-23-37-27-7 = 1.0,7-38-24-22-7 = 1.0,7-25-21-32-10 = 1.0,8-13-14-29-8 = 0.667,8-12-11-31-8 = 0.333,8-40-30-12-11-8 = 0.333,8-30-11-31-8 = 0.333,8-20-33-17-35-7 = 1.0,8-13-40-14-29-8 = 0.333,8-40-30-12-31-8 = 0.333
144,97,592.224,0.0,2.071,0.0,Prune by CG,,7-26-7 = 1.0,10-36-18-10 = 1.0,10-19-39-16-8 = 1.0,7-28-34-15-7 = 1.0,7-23-37-27-7 = 1.0,7-38-24-35-7 = 1.0,7-25-21-32-10 = 1.0,8-13-14-29-8 = 0.5,8-12-11-31-8 = 0.5,8-40-20-14-29-8 = 0.5,8-13-40-20-30-12-8 = 0.5,8-30-11-31-8 = 0.5,8-33-17-22-7 = 1.0
67,52,590.468,3.667,1.966,-0.583,Prune by UB,,7-26-7 = 0.333,10-21-32-36-10 = 0.333,10-32-36-18-10 = 0.667,10-21-38-37-27-7 = 0.333,7-28-34-15-7 = 1.0,7-23-24-35-7 = 0.333,7-24-35-22-7 = 0.333,7-26-23-22-7 = 0.667,7-25-38-37-7 = 0.333,7-25-38-35-27-7 = 0.333,8-14-29-31-8 = 1.0,8-19-39-16-8 = 1.0,8-13-40-20-30-12-8 = 1.0,8-33-17-11-8 = 1.0,7-24-37-27-7 = 0.333,7-25-21-18-10 = 0.333
76,74,590.311,4.222,1.547,0.294,145,146,10-32-10 = 0.333,10-36-18-10 = 1.0,10-19-39-16-8 = 0.333,10-21-24-35-27-7 = 0.333,7-28-34-15-7 = 1.0,7-26-23-22-7 = 1.0,7-38-24-37-7 = 0.333,7-38-17-11-8 = 0.111,7-38-37-27-7 = 0.222,7-37-35-11-8 = 0.111,7-25-38-37-7 = 0.333,7-25-21-32-10 = 0.667,8-14-29-31-8 = 0.944,8-13-14-31-8 = 0.056,8-12-11-8 = 0.056,8-19-39-16-8 = 0.667,8-40-33-17-35-7 = 0.111,8-13-40-20-33-12-8 = 0.889,8-30-17-11-8 = 0.556,8-30-17-35-27-7 = 0.111,8-13-29-12-11-8 = 0.056,8-20-17-11-8 = 0.111,8-30-24-35-27-7 = 0.333
146,76,591.546,0.0,1.235,0.0,Prune by CG,,7-26-7 = 0.167,10-36-18-10 = 1.0,10-19-39-16-8 = 0.667,10-21-32-10 = 0.333,7-28-34-15-7 = 1.0,7-23-37-27-7 = 0.167,7-37-27-22-7 = 0.167,7-26-23-22-7 = 0.833,7-38-24-37-7 = 0.333,7-38-17-11-8 = 0.333,7-25-38-37-7 = 0.333,7-25-21-32-10 = 0.667,8-14-29-31-8 = 0.818,8-13-14-31-8 = 0.182,8-29-12-39-16-8 = 0.121,8-19-39-16-8 = 0.182,8-40-33-17-12-8 = 0.091,8-40-33-17-35-7 = 0.333,8-13-40-20-33-12-8 = 0.576,8-19-30-12-11-8 = 0.152,8-13-20-30-11-8 = 0.182,8-13-29-12-11-8 = 0.061,8-20-17-11-8 = 0.242,8-16-39-11-8 = 0.03,8-30-24-35-27-7 = 0.667
145,76,590.367,3.25,0.056,-0.972,147,148,10-32-10 = 0.5,10-36-18-10 = 1.0,10-21-24-35-27-7 = 0.5,7-28-34-15-7 = 1.0,7-26-23-22-7 = 1.0,7-38-24-37-7 = 0.25,7-38-37-27-7 = 0.25,7-25-38-37-7 = 0.5,7-25-21-32-10 = 0.5,8-14-29-31-8 = 1.0,8-19-39-16-8 = 1.0,8-13-40-20-33-12-8 = 1.0,8-30-17-11-8 = 0.75,8-30-17-35-27-7 = 0.25,7-24-35-11-8 = 0.25
147,145,602.007,0.0,11.64,0.0,Prune by CG,,10-32-10 = 1.0,10-36-10 = 1.0,7-28-34-15-7 = 1.0,7-26-23-22-7 = 1.0,7-38-37-27-7 = 0.333,7-25-37-27-7 = 0.333,7-25-38-37-7 = 0.333,8-14-29-31-8 = 1.0,8-19-39-16-8 = 1.0,8-13-40-20-33-12-8 = 1.0,8-30-17-11-8 = 1.0,10-21-24-35-18-10 = 1.0,7-25-38-27-7 = 0.333
148,145,590.744,0.0,0.377,0.0,Prune by CG,,10-36-18-10 = 1.0,10-19-39-16-8 = 1.0,7-28-34-15-7 = 1.0,7-26-23-22-7 = 1.0,7-38-24-37-7 = 1.0,7-25-21-32-10 = 1.0,8-14-29-31-8 = 0.75,8-13-14-31-8 = 0.25,8-12-11-8 = 0.25,8-40-20-33-35-27-7 = 0.5,8-13-40-20-33-12-8 = 0.5,8-30-17-11-8 = 0.5,8-30-17-35-27-7 = 0.5,8-13-29-12-11-8 = 0.25
56,54,590.337,2.0,2.881,0.667,149,150,10-36-18-10 = 1.0,10-19-39-16-8 = 1.0,7-28-34-15-7 = 1.0,7-26-23-22-7 = 1.0,7-38-24-17-8 = 0.333,7-38-24-37-7 = 0.667,7-25-21-32-10 = 1.0,8-13-14-29-8 = 1.0,8-12-11-31-8 = 1.0,8-40-20-33-35-27-7 = 0.667,8-30-17-35-27-7 = 0.333,8-40-20-30-33-8 = 0.333,8-30-17-37-7 = 0.333
149,56,592.661,0.0,2.323,0.0,Prune by CG,,7-26-7 = 0.5,10-36-18-10 = 1.0,10-19-39-16-8 = 1.0,7-28-34-15-7 = 1.0,7-23-37-27-7 = 0.5,7-37-27-22-7 = 0.5,7-26-23-22-7 = 0.5,7-38-24-17-7 = 1.0,7-25-21-32-10 = 1.0,8-13-14-29-8 = 1.0,8-12-11-31-8 = 1.0,8-40-20-30-33-35-7 = 1.0
150,56,591.729,0.0,1.392,0.0,Prune by CG,,7-26-7 = 0.25,10-36-18-10 = 1.0,10-19-39-16-8 = 1.0,7-28-34-15-7 = 1.0,7-17-24-35-7 = 0.333,7-26-23-22-7 = 0.75,7-38-24-37-7 = 0.417,7-38-37-22-7 = 0.25,7-38-37-27-7 = 0.333,7-40-20-33-14-8 = 0.167,7-25-21-32-10 = 1.0,8-13-14-29-8 = 0.833,8-12-11-31-8 = 1.0,8-40-20-33-35-27-7 = 0.5,8-40-20-30-33-29-8 = 0.167,8-13-40-20-30-33-8 = 0.167,8-30-17-35-27-7 = 0.167,8-30-17-24-7 = 0.25,8-30-17-23-7 = 0.25
75,74,590.614,3.333,1.85,-0.595,Prune by UB,,10-21-32-36-10 = 0.333,10-32-36-18-10 = 0.667,10-21-24-35-27-7 = 0.333,7-28-34-15-7 = 1.0,7-23-37-27-7 = 0.2,7-26-23-22-7 = 0.8,7-38-24-22-7 = 0.2,7-38-24-37-7 = 0.067,7-38-17-11-8 = 0.067,7-37-35-11-8 = 0.067,7-25-38-37-7 = 0.667,8-14-29-31-8 = 1.0,8-19-39-16-8 = 1.0,8-13-40-20-33-12-8 = 1.0,8-30-17-11-8 = 0.733,8-30-17-35-27-7 = 0.2,7-26-24-35-27-7 = 0.2,7-24-35-11-8 = 0.133,8-30-24-35-27-7 = 0.067,7-25-21-18-10 = 0.333
90,86,590.312,6.0,1.233,1.283,151,152,7-26-7 = 0.167,10-36-18-10 = 0.667,10-19-39-16-8 = 0.333,10-32-36-18-10 = 0.333,10-21-38-37-27-7 = 0.333,7-28-34-15-7 = 1.0,7-23-24-35-7 = 0.167,7-24-35-22-7 = 0.167,7-26-23-22-7 = 0.833,7-38-37-27-7 = 0.333,7-25-38-37-7 = 0.333,7-24-17-12-8 = 0.333,7-25-21-32-10 = 0.667,8-13-14-29-8 = 1.0,8-19-39-16-8 = 0.667,8-40-20-12-31-8 = 0.333,8-40-20-30-11-8 = 0.333,8-33-11-31-8 = 0.333,8-30-11-31-8 = 0.333,8-30-33-17-12-8 = 0.333,8-33-17-35-27-7 = 0.333,8-40-20-24-35-7 = 0.333
151,90,591.78,0.0,1.469,0.0,Prune by CG,,10-36-18-10 = 0.889,10-19-39-16-8 = 0.778,10-32-36-18-10 = 0.111,10-21-38-37-27-7 = 0.111,7-28-34-15-7 = 1.0,7-26-23-22-7 = 1.0,7-38-37-27-7 = 0.667,7-38-35-12-31-8 = 0.111,7-37-35-11-8 = 0.111,7-25-38-37-7 = 0.111,7-25-21-32-10 = 0.889,8-13-14-29-8 = 1.0,8-19-39-16-8 = 0.111,8-33-11-31-8 = 0.222,8-30-11-31-8 = 0.667,8-30-33-17-12-8 = 0.333,8-20-33-17-12-8 = 0.444,8-19-12-39-16-8 = 0.111,8-40-24-35-27-7 = 0.222,8-40-17-24-7 = 0.222,8-40-20-24-35-7 = 0.556
152,90,590.376,6.417,0.064,0.417,153,154,7-26-7 = 0.292,10-36-18-10 = 0.5,10-32-36-18-10 = 0.5,10-21-38-37-27-7 = 0.5,7-28-34-15-7 = 1.0,7-23-24-35-7 = 0.292,7-24-35-22-7 = 0.292,7-26-23-22-7 = 0.708,7-25-38-37-7 = 0.417,7-25-38-35-27-7 = 0.083,7-24-17-12-8 = 0.333,7-25-21-32-10 = 0.5,8-13-14-29-8 = 0.889,8-19-39-16-8 = 1.0,8-40-20-12-31-8 = 0.333,8-40-20-30-11-8 = 0.444,8-40-20-14-29-8 = 0.111,8-13-40-20-31-8 = 0.111,8-33-11-31-8 = 0.333,8-30-11-31-8 = 0.222,8-30-33-17-12-8 = 0.333,8-33-17-35-27-7 = 0.333,7-24-37-27-7 = 0.083
153,152,592.342,0.0,1.966,0.0,Prune by CG,,7-26-7 = 0.25,10-21-32-36-10 = 0.333,10-32-36-18-10 = 0.667,10-21-38-37-27-7 = 0.333,7-28-34-15-7 = 1.0,7-23-24-35-7 = 0.25,7-24-35-22-7 = 0.25,7-26-23-22-7 = 0.75,7-25-38-37-7 = 0.5,7-25-38-35-27-7 = 0.167,7-24-17-12-8 = 0.333,8-13-14-29-8 = 0.889,8-19-39-16-8 = 1.0,8-40-20-12-31-8 = 0.333,8-40-20-30-11-8 = 0.444,8-40-20-14-29-8 = 0.111,8-13-40-20-31-8 = 0.111,8-33-11-31-8 = 0.333,8-30-11-31-8 = 0.222,8-30-33-17-12-8 = 0.333,8-33-17-35-27-7 = 0.333,7-24-37-27-7 = 0.167,7-25-21-18-10 = 0.333
154,152,591.519,0.0,1.143,0.0,Prune by CG,,7-26-7 = 0.417,10-32-10 = 0.167,10-36-18-10 = 1.0,10-19-39-16-8 = 0.667,10-21-38-37-27-7 = 0.167,7-28-34-15-7 = 1.0,7-23-24-35-7 = 0.417,7-26-23-22-7 = 0.583,7-38-37-22-7 = 0.417,7-38-37-27-7 = 0.25,7-25-38-37-7 = 0.167,7-25-21-32-10 = 0.833,8-13-14-29-8 = 1.0,8-19-39-16-8 = 0.333,8-40-20-17-12-8 = 0.667,8-40-20-12-31-8 = 0.167,8-40-20-30-11-8 = 0.167,8-33-11-31-8 = 0.75,8-30-11-31-8 = 0.083,8-30-33-17-12-8 = 0.167,8-33-17-35-27-7 = 0.083,8-30-24-35-27-7 = 0.5,8-30-17-24-7 = 0.083
99,32,590.578,5.0,1.783,-0.0,Prune by UB,,7-26-7 = 0.167,10-21-32-36-10 = 0.333,10-32-36-18-10 = 0.667,10-21-38-37-27-7 = 0.333,7-28-34-15-7 = 1.0,7-23-24-35-7 = 0.167,7-24-35-22-7 = 0.167,7-26-23-22-7 = 0.833,7-25-38-37-7 = 0.667,7-24-17-12-8 = 0.667,8-13-14-29-8 = 1.0,8-19-39-16-8 = 0.667,8-40-20-33-11-8 = 0.333,8-40-20-33-31-8 = 0.333,8-40-20-33-35-27-7 = 0.333,8-30-11-31-8 = 0.667,8-30-17-35-27-7 = 0.333,8-19-12-39-16-8 = 0.333,7-25-21-18-10 = 0.333
122,120,590.364,3.933,1.567,1.433,155,156,7-26-7 = 0.133,10-36-18-10 = 1.0,10-19-39-16-8 = 0.867,7-28-34-15-7 = 1.0,7-23-24-35-7 = 0.067,7-37-35-22-7 = 0.067,7-26-23-22-7 = 0.867,7-38-24-37-7 = 0.667,7-38-37-27-7 = 0.133,7-25-38-37-7 = 0.133,7-25-21-32-10 = 0.867,8-13-14-29-8 = 1.0,8-12-39-16-8 = 0.133,8-40-20-33-11-8 = 0.333,8-40-20-33-35-27-7 = 0.133,8-40-33-17-12-8 = 0.533,8-30-11-31-8 = 0.667,8-20-30-12-31-8 = 0.067,10-19-21-32-10 = 0.133,7-38-23-22-7 = 0.067,8-30-24-35-27-7 = 0.267,8-12-31-8 = 0.267,8-20-17-35-27-7 = 0.467
155,122,593.592,0.0,3.228,0.0,Prune by CG,,7-26-7 = 0.25,10-36-18-10 = 1.0,10-19-39-16-8 = 0.625,10-21-32-10 = 0.125,7-28-34-15-7 = 1.0,7-23-24-35-7 = 0.25,7-37-35-22-7 = 0.125,7-26-23-22-7 = 0.75,7-38-24-22-7 = 0.125,7-38-37-27-7 = 0.75,7-25-38-37-7 = 0.125,7-25-21-32-10 = 0.875,8-13-14-29-8 = 1.0,8-12-39-16-8 = 0.25,8-19-39-16-8 = 0.125,8-40-20-33-17-7 = 0.625,8-40-33-17-12-8 = 0.375,8-30-11-31-8 = 1.0,10-19-24-35-27-7 = 0.25,8-20-24-35-12-8 = 0.375
156,122,591.775,0.0,1.411,0.0,Prune by CG,,10-36-18-10 = 1.0,10-19-39-16-8 = 1.0,7-28-34-15-7 = 1.0,7-26-23-22-7 = 1.0,7-38-24-37-7 = 1.0,7-25-21-32-10 = 1.0,8-13-14-29-8 = 1.0,8-40-20-33-11-8 = 1.0,8-30-17-35-27-7 = 1.0,8-12-31-8 = 1.0
64,49,590.973,2.5,2.787,-1.5,Prune by UB,,10-36-18-10 = 1.0,10-19-39-16-8 = 0.5,10-19-12-39-16-8 = 0.5,7-28-34-15-7 = 1.0,7-26-23-22-7 = 1.0,7-25-21-32-10 = 1.0,8-13-14-29-8 = 1.0,8-40-20-12-31-8 = 0.5,8-40-20-30-11-8 = 0.5,8-33-17-24-7 = 1.0,8-30-11-31-8 = 0.5,7-38-37-35-27-7 = 1.0
48,45,590.581,2.5,3.304,1.0,Prune by UB,,10-36-18-10 = 1.0,10-19-39-16-8 = 1.0,7-28-22-7 = 0.5,7-28-40-20-33-8 = 0.5,7-26-23-22-7 = 0.5,7-38-24-37-7 = 1.0,7-26-23-34-15-7 = 0.5,7-25-21-32-10 = 1.0,8-13-14-29-8 = 1.0,8-12-11-31-8 = 1.0,8-30-17-35-27-7 = 1.0,8-40-20-33-34-15-7 = 0.5
107,105,590.783,2.0,0.647,-0.2,Prune by UB,,10-36-18-10 = 1.0,10-19-30-33-11-8 = 0.143,10-19-39-16-8 = 0.857,7-28-34-15-7 = 1.0,7-26-23-22-7 = 1.0,7-38-24-37-7 = 1.0,7-25-21-32-10 = 1.0,8-13-14-29-8 = 1.0,8-40-20-17-12-8 = 0.286,8-40-20-12-39-8 = 0.143,8-40-20-12-31-8 = 0.143,8-40-20-30-12-16-8 = 0.143,8-33-11-31-8 = 0.143,8-30-11-31-8 = 0.714,8-33-17-35-27-7 = 0.714,8-40-20-12-35-27-7 = 0.286
7,5,591.213,1.5,3.051,-1.667,Prune by UB,,7-26-7 = 1.0,10-36-18-10 = 1.0,10-19-39-16-8 = 1.0,7-28-34-15-7 = 1.0,7-23-37-27-7 = 1.0,7-38-24-22-7 = 1.0,7-25-21-32-10 = 1.0,8-13-14-29-8 = 1.0,8-12-11-31-8 = 0.5,8-40-20-12-11-8 = 0.5,8-40-20-31-8 = 0.5,8-30-33-17-35-7 = 1.0
96,55,590.829,2.833,1.505,0.5,Prune by UB,,10-36-18-10 = 0.917,10-19-39-16-8 = 0.667,10-21-32-10 = 0.167,10-21-32-36-10 = 0.083,7-28-34-15-7 = 1.0,10-19-30-38-37-7 = 0.167,7-23-35-27-7 = 0.083,7-26-23-22-7 = 0.917,7-38-24-22-7 = 0.083,7-38-24-37-7 = 0.25,7-38-37-27-7 = 0.25,7-25-38-37-7 = 0.25,7-25-21-32-10 = 0.75,8-13-14-29-8 = 1.0,8-12-11-31-8 = 1.0,8-19-39-16-8 = 0.167,8-40-20-33-17-8 = 1.0,7-26-37-35-18-10 = 0.083,8-30-24-35-27-7 = 0.667,8-30-35-39-16-8 = 0.167
88,85,591.104,2.7,1.886,-0.3,Prune by UB,,7-26-7 = 1.0,10-36-18-10 = 1.0,10-19-39-16-8 = 1.0,7-28-34-15-7 = 1.0,7-17-24-35-7 = 0.05,7-37-35-11-8 = 0.05,7-25-21-32-10 = 1.0,8-13-14-29-8 = 1.0,8-12-11-31-8 = 0.5,8-40-20-30-11-8 = 0.4,8-33-11-31-8 = 0.05,8-20-33-17-35-7 = 0.55,8-20-33-17-12-8 = 0.05,7-38-23-22-7 = 1.0,8-33-17-35-27-7 = 0.2,8-33-17-37-7 = 0.15,7-24-37-27-7 = 0.8,8-40-30-12-31-8 = 0.45,8-40-30-24-35-7 = 0.15
94,82,591.009,2.667,1.614,1.167,Prune by UB,,7-26-7 = 1.0,10-36-18-10 = 1.0,10-19-39-16-8 = 1.0,7-28-34-15-7 = 1.0,7-37-27-7 = 0.333,7-24-35-22-7 = 0.333,7-25-21-32-10 = 1.0,8-13-14-29-8 = 1.0,8-12-11-31-8 = 1.0,8-40-20-33-17-8 = 0.778,8-40-20-33-35-27-7 = 0.111,8-30-17-35-27-7 = 0.222,7-38-23-22-7 = 0.667,7-38-23-37-7 = 0.333,8-30-24-35-27-7 = 0.333,8-40-20-30-33-8 = 0.111,8-30-24-37-7 = 0.333
61,40,591.436,1.5,3.152,-1.0,Prune by UB,,10-36-18-10 = 1.0,10-19-12-39-16-8 = 0.5,10-19-12-31-8 = 0.5,7-28-34-15-7 = 1.0,7-26-23-22-7 = 1.0,7-38-24-37-7 = 1.0,7-25-21-32-10 = 1.0,8-13-14-29-8 = 1.0,8-40-20-30-11-8 = 1.0,8-16-39-31-8 = 0.5,8-33-17-35-27-7 = 1.0
33,25,591.092,4.538,6.135,0.763,Prune by UB,,10-36-18-10 = 0.923,10-21-38-24-35-7 = 0.077,10-19-39-16-8 = 0.769,10-32-36-18-10 = 0.077,7-28-34-15-7 = 1.0,7-23-37-27-7 = 0.077,7-37-22-7 = 0.385,7-26-23-22-7 = 0.538,7-38-24-35-27-7 = 0.846,7-25-38-35-27-7 = 0.077,7-25-21-32-10 = 0.923,8-14-29-31-8 = 0.231,8-13-14-29-8 = 0.769,8-12-11-31-8 = 0.538,8-19-39-16-8 = 0.231,8-40-20-33-17-7 = 0.769,8-13-40-20-30-33-8 = 0.231,8-30-17-31-8 = 0.231,7-26-37-22-7 = 0.077,7-26-23-37-7 = 0.385,8-30-12-11-8 = 0.462,10-30-24-37-7 = 0.077
63,49,591.441,3.333,3.256,-0.667,Prune by UB,,10-36-18-10 = 1.0,10-19-39-16-8 = 1.0,7-28-34-15-7 = 1.0,7-26-23-22-7 = 1.0,7-38-37-27-7 = 0.5,7-25-21-32-10 = 1.0,8-13-14-29-8 = 0.833,8-12-11-31-8 = 0.833,8-40-20-12-11-8 = 0.167,8-40-20-30-17-8 = 0.5,8-40-20-14-29-8 = 0.167,8-13-40-20-31-8 = 0.167,8-33-17-24-7 = 0.5,8-30-33-24-35-7 = 0.5,7-38-37-35-27-7 = 0.5
109,39,591.403,3.2,1.686,-0.3,Prune by UB,,10-36-18-10 = 1.0,10-19-39-16-8 = 1.0,7-28-34-15-7 = 1.0,7-37-27-7 = 0.4,7-26-23-22-7 = 1.0,7-38-24-35-27-7 = 0.4,7-38-24-37-7 = 0.6,7-25-21-32-10 = 1.0,8-13-14-29-8 = 0.2,8-12-11-31-8 = 0.8,8-40-30-12-11-8 = 0.2,8-30-17-35-27-7 = 0.2,8-30-20-33-17-7 = 0.4,8-30-20-33-31-8 = 0.2,8-20-33-17-35-7 = 0.4,8-13-40-14-29-8 = 0.8
98,77,591.546,2.5,1.732,-1.0,Prune by UB,,7-26-7 = 1.0,10-36-18-10 = 1.0,10-19-39-16-8 = 1.0,7-28-34-15-7 = 1.0,7-23-37-27-7 = 1.0,7-38-35-22-7 = 1.0,7-25-21-32-10 = 1.0,8-13-14-29-8 = 0.5,8-12-11-31-8 = 0.5,8-40-20-14-29-8 = 0.5,8-13-40-20-30-12-8 = 0.5,8-33-17-24-7 = 1.0,8-30-11-31-8 = 0.5
92,79,591.253,2.5,1.883,0.7,Prune by UB,,10-36-18-10 = 1.0,10-19-39-16-8 = 0.5,10-19-12-39-16-8 = 0.5,7-28-34-15-7 = 1.0,7-38-24-35-27-7 = 1.0,7-25-21-32-10 = 1.0,8-13-14-29-8 = 1.0,8-40-20-12-31-8 = 0.5,8-40-20-30-11-8 = 0.5,8-30-11-31-8 = 0.5,7-26-23-37-7 = 1.0,8-33-17-22-7 = 1.0
38,35,591.477,2.25,5.885,-0.25,Prune by UB,,10-36-18-10 = 1.0,10-19-39-16-8 = 1.0,7-28-34-15-7 = 1.0,7-26-23-22-7 = 1.0,7-38-24-37-7 = 1.0,7-25-21-32-10 = 1.0,8-14-29-8 = 0.875,8-12-11-31-8 = 0.5,8-40-20-14-29-8 = 0.125,8-13-40-20-31-8 = 0.25,8-13-40-20-30-12-8 = 0.5,8-13-40-30-11-8 = 0.125,8-13-20-33-11-8 = 0.125,8-30-11-31-8 = 0.25,8-30-17-35-27-7 = 0.125,8-33-17-35-27-7 = 0.875
81,66,591.658,1.333,2.818,-0.667,Prune by UB,,10-36-18-10 = 1.0,10-19-39-16-8 = 1.0,7-28-34-15-7 = 1.0,7-38-24-23-7 = 1.0,7-25-21-32-10 = 1.0,8-13-14-29-8 = 1.0,8-12-11-31-8 = 1.0,8-40-20-33-17-8 = 0.333,8-40-20-33-35-27-7 = 0.333,8-30-17-35-27-7 = 0.667,7-26-37-22-7 = 1.0,8-40-20-30-33-8 = 0.333
89,86,591.821,3.833,2.743,-0.884,Prune by UB,,7-26-7 = 0.167,10-36-18-10 = 1.0,10-19-39-16-8 = 1.0,7-28-34-15-7 = 1.0,7-23-24-35-7 = 0.167,7-24-35-22-7 = 0.167,7-26-23-22-7 = 0.833,7-38-37-27-7 = 0.833,7-38-33-17-35-7 = 0.167,7-25-21-32-10 = 1.0,8-13-14-29-8 = 0.667,8-12-11-31-8 = 0.667,8-40-20-14-29-8 = 0.333,8-13-40-20-31-8 = 0.333,8-30-33-17-35-7 = 0.5,8-30-33-12-11-8 = 0.167,7-24-37-27-7 = 0.167,8-30-17-24-7 = 0.167,8-20-33-12-11-8 = 0.167,8-40-17-24-7 = 0.167,8-40-20-30-24-7 = 0.167
111,110,591.852,1.889,2.046,-1.111,Prune by UB,,10-36-18-10 = 1.0,10-19-39-16-8 = 0.889,10-19-30-33-34-15-7 = 0.111,7-28-34-15-7 = 0.667,7-28-40-20-30-8 = 0.333,7-26-23-22-7 = 1.0,7-38-24-37-7 = 1.0,7-25-21-32-10 = 1.0,8-13-14-29-8 = 1.0,8-12-11-31-8 = 1.0,8-40-20-30-17-8 = 0.111,8-40-20-30-39-8 = 0.111,8-30-33-17-16-8 = 0.111,8-33-17-35-27-7 = 0.778,8-40-20-30-35-27-7 = 0.222,8-40-20-34-15-7 = 0.222
65,53,591.828,1.333,3.199,-0.417,Prune by UB,,10-36-18-10 = 1.0,10-19-39-16-8 = 1.0,7-28-34-15-7 = 1.0,7-25-21-32-10 = 1.0,8-13-14-29-8 = 1.0,8-12-11-31-8 = 1.0,8-40-20-33-17-8 = 0.333,8-40-20-33-24-7 = 0.333,7-38-23-22-7 = 1.0,7-26-37-35-27-7 = 1.0,8-40-20-30-33-8 = 0.333,8-30-17-24-7 = 0.667
59,6,591.253,5.458,3.132,2.958,Prune by UB,,7-26-7 = 0.667,10-36-18-10 = 0.667,10-19-39-16-8 = 0.292,10-32-36-18-10 = 0.333,10-19-30-12-11-8 = 0.042,7-28-34-15-7 = 1.0,7-23-37-27-7 = 0.667,10-21-38-35-22-7 = 0.333,7-38-24-22-7 = 0.333,7-38-24-35-27-7 = 0.333,7-25-21-32-10 = 0.667,8-14-29-31-8 = 0.875,8-13-14-31-8 = 0.125,8-29-12-39-16-8 = 0.042,8-19-39-16-8 = 0.667,8-40-20-12-11-8 = 0.042,8-40-20-30-11-8 = 0.167,8-13-40-20-30-12-8 = 0.792,8-33-17-11-8 = 0.667,8-33-17-24-7 = 0.333,7-26-23-37-7 = 0.333,7-25-35-22-7 = 0.333,8-13-29-12-11-8 = 0.083
70,58,591.56,4.5,2.719,2.125,Prune by UB,,10-36-18-10 = 1.0,10-19-39-16-8 = 0.5,10-21-32-10 = 0.5,7-28-34-15-7 = 1.0,7-26-23-22-7 = 1.0,7-38-24-35-27-7 = 0.5,7-38-24-37-7 = 0.5,7-25-37-27-7 = 0.5,7-25-21-32-10 = 0.5,8-14-29-31-8 = 1.0,8-13-40-20-11-8 = 1.0,8-30-33-17-35-7 = 0.5,8-30-33-17-12-8 = 0.5,8-19-12-39-16-8 = 0.5
102,84,592.294,3.0,3.077,-1.333,Prune by UB,,7-26-7 = 0.25,10-36-18-10 = 1.0,10-21-32-10 = 1.0,7-28-34-15-7 = 1.0,7-26-23-22-7 = 0.75,7-38-24-35-27-7 = 0.5,7-38-24-37-7 = 0.5,7-25-37-27-7 = 0.5,8-14-29-31-8 = 1.0,8-19-39-16-8 = 1.0,8-13-40-20-30-12-8 = 1.0,8-33-17-11-8 = 0.75,7-25-35-22-7 = 0.25,8-33-17-23-7 = 0.25,7-25-35-11-8 = 0.25
73,72,591.956,6.1,3.427,1.638,Prune by UB,,7-26-7 = 0.2,10-36-18-10 = 0.8,10-19-39-16-8 = 0.2,10-32-36-18-10 = 0.2,10-21-24-35-27-7 = 0.2,7-28-34-15-7 = 1.0,7-23-24-35-7 = 0.1,7-37-35-22-7 = 0.1,7-26-23-22-7 = 0.8,7-38-24-37-7 = 0.5,7-38-37-27-7 = 0.2,7-25-38-37-7 = 0.2,10-19-30-17-12-8 = 0.4,7-25-21-32-10 = 0.8,8-14-29-31-8 = 0.5,8-13-14-31-8 = 0.5,8-13-29-8 = 0.1,8-29-12-39-16-8 = 0.4,8-19-39-16-8 = 0.4,8-40-20-33-11-8 = 0.8,8-13-40-33-11-8 = 0.2,8-30-17-35-27-7 = 0.4,7-38-23-22-7 = 0.1,8-13-20-17-12-8 = 0.2,8-30-24-35-27-7 = 0.2
83,69,592.423,1.5,3.468,-0.833,Prune by UB,,10-36-18-10 = 1.0,10-19-12-39-16-8 = 1.0,7-28-34-15-7 = 1.0,7-26-23-22-7 = 1.0,7-38-24-37-7 = 1.0,7-25-21-32-10 = 1.0,8-14-29-31-8 = 0.5,8-13-14-31-8 = 0.5,8-13-29-8 = 0.5,8-40-20-30-11-8 = 1.0,8-33-17-35-27-7 = 1.0
93,82,592.767,1.333,3.372,-0.167,Prune by UB,,7-26-7 = 1.0,10-36-18-10 = 1.0,10-19-39-16-8 = 1.0,7-28-34-15-7 = 1.0,7-37-22-7 = 1.0,7-38-24-23-7 = 1.0,7-25-21-32-10 = 1.0,8-13-14-29-8 = 1.0,8-12-11-31-8 = 1.0,8-40-20-33-17-8 = 0.333,8-40-20-33-35-27-7 = 0.333,8-30-17-35-27-7 = 0.667,8-40-20-30-33-8 = 0.333
41,34,593.252,2.5,5.664,1.0,Prune by UB,,10-36-18-10 = 1.0,10-19-12-39-16-8 = 1.0,7-28-34-15-7 = 0.5,7-28-23-7 = 0.5,7-37-22-7 = 0.5,7-38-24-35-27-7 = 1.0,7-26-23-34-15-7 = 0.5,7-25-21-32-10 = 1.0,8-13-14-29-8 = 1.0,8-40-20-33-17-7 = 1.0,8-30-11-31-8 = 1.0,7-26-37-22-7 = 0.5
91,79,593.404,2.2,4.033,0.4,Prune by UB,,10-36-18-10 = 1.0,10-19-39-16-8 = 1.0,7-28-34-15-7 = 1.0,7-38-24-22-7 = 0.2,7-38-24-35-27-7 = 0.8,7-25-21-32-10 = 1.0,8-13-14-29-8 = 1.0,8-12-11-31-8 = 0.6,8-40-20-30-17-8 = 0.2,8-40-30-12-11-8 = 0.2,7-26-23-37-7 = 1.0,8-40-20-30-31-8 = 0.4,8-40-20-30-35-27-7 = 0.2,8-20-33-12-11-8 = 0.2,8-33-17-22-7 = 0.8
9,8,594.098,3.811,1.576,-3.189,Prune by UB,,7-26-7 = 0.962,10-36-18-10 = 0.925,10-19-39-16-8 = 0.849,10-32-36-18-10 = 0.075,7-28-34-15-7 = 1.0,7-23-37-27-7 = 0.962,10-21-38-35-22-7 = 0.075,7-38-24-22-7 = 0.887,7-25-38-35-27-7 = 0.038,7-25-21-32-10 = 0.925,8-14-29-8 = 0.264,8-14-29-31-8 = 0.472,8-12-11-31-8 = 0.528,8-19-39-16-8 = 0.151,8-40-20-14-29-8 = 0.264,8-13-40-17-12-8 = 0.264,8-13-40-20-11-8 = 0.472,8-30-33-17-35-7 = 0.679,8-30-33-24-35-7 = 0.113,8-13-20-30-33-12-8 = 0.208,7-26-23-37-7 = 0.038,7-25-35-22-7 = 0.038,8-13-20-17-35-7 = 0.057
103,101,593.431,6.75,4.207,4.75,Prune by UB,,10-36-10 = 0.5,10-19-39-16-8 = 0.5,10-32-36-18-10 = 0.5,7-28-34-15-7 = 1.0,7-37-35-27-7 = 0.25,7-26-23-22-7 = 1.0,7-38-24-35-27-7 = 0.25,7-38-24-37-7 = 0.75,7-25-21-32-10 = 0.5,8-14-29-31-8 = 0.5,8-13-14-31-8 = 0.5,8-29-12-39-16-8 = 0.5,8-40-20-30-11-8 = 0.5,8-13-40-30-11-8 = 0.5,8-20-33-17-12-8 = 0.5,8-33-17-35-27-7 = 0.5,10-19-25-21-18-10 = 0.5
80,78,594.394,2.4,5.833,-0.1,Prune by UB,,10-36-18-10 = 1.0,10-19-39-16-8 = 1.0,7-28-34-15-7 = 0.8,7-28-22-7 = 0.2,7-38-24-35-27-7 = 1.0,7-25-21-32-10 = 1.0,8-14-29-8 = 1.0,8-12-11-31-8 = 0.4,8-13-40-20-31-8 = 0.2,8-13-40-20-30-12-8 = 0.6,8-33-17-11-8 = 0.2,8-30-11-31-8 = 0.4,7-26-23-37-7 = 1.0,8-13-40-20-34-15-7 = 0.2,8-33-17-22-7 = 0.8
44,31,594.146,5.667,7.13,3.867,Prune by UB,,7-26-7 = 0.333,10-36-18-10 = 0.667,10-32-36-18-10 = 0.333,10-21-38-37-27-7 = 0.333,10-19-30-12-11-8 = 0.333,7-28-34-15-7 = 1.0,7-23-37-27-7 = 0.333,7-17-24-35-7 = 0.667,7-26-23-22-7 = 0.667,7-38-24-22-7 = 0.333,7-25-38-37-7 = 0.333,7-25-21-32-10 = 0.667,8-13-14-29-8 = 1.0,8-19-39-16-8 = 0.667,8-40-20-33-31-8 = 0.667,8-40-33-12-11-8 = 0.333,8-16-39-31-8 = 0.333,8-30-17-35-27-7 = 0.333,8-20-30-12-11-8 = 0.333
11,10,596.264,3.8,1.508,-1.2,Prune by UB,,7-26-7 = 1.0,10-36-18-10 = 0.933,10-21-38-24-35-7 = 0.067,10-19-39-16-8 = 0.867,10-32-36-18-10 = 0.067,7-28-22-7 = 0.8,7-28-24-35-7 = 0.2,7-23-37-27-7 = 1.0,7-38-24-11-8 = 0.467,7-38-24-22-7 = 0.2,7-38-35-12-11-8 = 0.2,7-25-21-32-10 = 0.933,8-14-29-8 = 0.333,8-14-29-31-8 = 0.667,8-12-11-31-8 = 0.333,8-19-39-16-8 = 0.133,8-30-33-17-35-7 = 0.533,8-30-33-17-12-8 = 0.467,8-13-40-20-34-15-7 = 1.0,7-25-38-24-7 = 0.067
46,43,596.135,5.0,8.94,3.429,Prune by UB,,7-26-7 = 0.5,10-36-18-10 = 1.0,10-19-39-16-8 = 1.0,7-28-34-15-7 = 1.0,7-23-37-27-7 = 0.5,7-26-23-22-7 = 0.5,7-38-24-22-7 = 0.5,7-38-37-27-7 = 0.5,7-25-21-32-10 = 1.0,8-13-14-29-8 = 0.5,8-12-11-31-8 = 1.0,8-40-33-24-35-7 = 0.5,8-13-40-33-17-8 = 0.5,8-20-30-17-35-7 = 0.5,8-30-20-14-29-8 = 0.5
13,12,597.198,3.0,0.627,0.727,Prune by UB,,10-36-18-10 = 1.0,10-19-39-16-8 = 1.0,7-28-22-7 = 1.0,7-17-24-27-7 = 0.167,7-38-24-35-27-7 = 0.833,7-38-17-11-8 = 0.167,7-25-21-32-10 = 1.0,8-14-29-8 = 0.5,8-14-29-31-8 = 0.5,8-12-11-31-8 = 0.5,8-30-33-17-35-7 = 0.167,8-30-33-17-12-8 = 0.5,7-26-23-37-7 = 1.0,8-13-40-20-34-15-7 = 1.0,8-30-33-11-8 = 0.333
15,14,602.6,2.222,1.238,-0.278,Prune by UB,,10-36-18-10 = 1.0,10-19-30-33-17-7 = 0.222,10-19-30-33-11-8 = 0.667,10-19-30-33-34-15-7 = 0.111,7-28-22-7 = 1.0,7-38-24-35-27-7 = 0.778,7-38-17-35-27-7 = 0.222,7-24-17-12-8 = 0.222,7-25-21-32-10 = 1.0,8-39-16-8 = 0.222,8-14-29-31-8 = 1.0,8-12-39-16-8 = 0.778,8-40-17-11-8 = 0.111,7-26-23-37-7 = 1.0,8-13-40-20-34-15-7 = 0.889,8-20-17-11-8 = 0.111,8-13-17-11-8 = 0.111
18,16,607.242,3.5,1.347,1.5,Prune by UB,,10-36-18-10 = 1.0,10-19-11-31-8 = 0.5,7-28-22-7 = 1.0,7-38-24-35-27-7 = 1.0,7-25-21-32-10 = 1.0,8-39-16-8 = 0.5,8-14-29-31-8 = 0.5,8-12-39-16-8 = 0.5,8-30-33-17-12-8 = 0.5,7-26-23-37-7 = 1.0,8-13-40-20-34-15-7 = 1.0,10-19-17-11-8 = 0.5,8-30-33-14-29-8 = 0.5
20,17,612.097,2.786,1.136,-0.048,Prune by UB,,10-36-18-10 = 1.0,10-19-12-11-8 = 0.929,10-19-12-31-8 = 0.071,7-28-22-7 = 0.857,7-28-40-14-8 = 0.143,7-23-37-7 = 0.071,7-17-24-27-7 = 0.071,7-38-24-11-8 = 0.071,7-38-24-22-7 = 0.143,7-38-24-35-27-7 = 0.714,7-26-34-15-31-8 = 0.143,7-25-21-32-10 = 1.0,8-39-16-8 = 1.0,8-14-29-31-8 = 0.786,8-30-33-17-35-7 = 0.286,8-30-33-17-29-8 = 0.143,8-30-20-33-17-8 = 0.143,7-26-23-37-7 = 0.857,7-38-23-37-7 = 0.071,8-13-40-20-34-15-7 = 0.857,8-30-33-14-29-8 = 0.071,8-30-33-17-27-7 = 0.214,8-13-30-33-17-8 = 0.143
22,19,616.836,3.75,0.386,0.417,Prune by UB,,10-36-18-10 = 1.0,10-19-12-11-8 = 0.75,10-19-12-31-8 = 0.25,7-28-22-7 = 0.5,7-28-22-27-7 = 0.5,7-38-24-17-8 = 0.5,7-38-17-35-27-7 = 0.5,7-25-21-32-10 = 1.0,8-39-16-8 = 1.0,8-14-29-31-8 = 0.75,8-30-33-24-35-7 = 0.5,7-26-23-37-7 = 1.0,8-13-40-20-34-15-7 = 1.0,8-30-33-11-8 = 0.25,8-30-33-14-29-8 = 0.25
0,0,596.53,0.0,596.53,0.0,Prune by CG,,7-26-7 = 0.078,9-39-9 = 0.6,10-36-18-10 = 0.5,10-32-36-18-10 = 0.5,10-21-24-35-27-7 = 0.156,10-21-38-37-27-7 = 0.344,7-28-34-15-7 = 1.0,7-23-37-27-7 = 0.078,7-37-35-22-7 = 0.078,7-17-24-35-7 = 0.4,7-26-23-22-7 = 0.922,7-38-24-35-27-7 = 0.289,7-25-37-27-7 = 0.133,7-25-38-37-7 = 0.367,7-25-21-32-10 = 0.5,8-14-29-31-8 = 0.2,8-13-14-31-8 = 0.2,8-13-14-29-16-8 = 0.6,8-13-29-31-8 = 0.2,8-40-20-33-11-8 = 0.6,8-40-20-33-12-16-8 = 0.4,8-30-11-31-8 = 0.4,7-24-17-12-9 = 0.078,9-19-30-17-12-9 = 0.522,9-19-30-24-35-7 = 0.078,9-19-39-9 = 0.4
0,0,591.177,0.0,591.177,0.0,Prune by CG,,9-39-9 = 1.0,7-28-34-15-7 = 1.0,7-17-24-35-7 = 0.75,7-26-23-22-7 = 1.0,7-38-24-35-27-7 = 0.25,7-25-37-27-7 = 0.25,7-25-38-37-7 = 0.75,8-13-14-29-8 = 0.917,8-13-14-29-16-8 = 0.083,8-12-11-31-8 = 0.083,8-40-20-33-17-8 = 0.167,8-40-20-33-12-16-8 = 0.833,8-30-11-31-8 = 0.917,8-30-17-12-16-8 = 0.083,7-32-36-18-9 = 0.5,9-19-21-36-18-9 = 0.5,9-19-21-32-27-7 = 0.5
0,0,603.821,0.0,603.821,0.0,Prune by CG,,7-26-7 = 0.286,7-28-34-15-7 = 1.0,7-23-24-35-7 = 0.071,7-23-37-27-7 = 0.214,7-37-35-22-7 = 0.286,7-26-23-22-7 = 0.714,7-38-24-35-27-7 = 0.643,7-25-37-27-7 = 0.143,7-25-38-37-7 = 0.357,7-24-17-12-8 = 0.063,8-14-29-31-8 = 0.095,8-13-14-29-8 = 0.905,8-12-11-31-8 = 0.437,8-19-39-16-8 = 0.5,8-40-20-33-11-8 = 0.19,8-40-20-33-17-7 = 0.341,8-40-20-30-11-8 = 0.373,8-13-40-20-33-12-8 = 0.095,8-16-39-31-8 = 0.468,8-30-33-17-12-8 = 0.373,8-30-12-39-16-8 = 0.032,8-30-17-24-7 = 0.222,7-25-21-32-7 = 0.5,7-32-36-18-8 = 0.5,8-19-21-36-18-8 = 0.5
0,0,597.339,0.0,597.339,0.0,Prune by CG,,7-26-7 = 0.125,9-39-9 = 1.0,10-36-18-10 = 0.5,10-32-36-18-10 = 0.5,10-21-24-35-27-7 = 0.125,10-21-38-37-27-7 = 0.375,7-28-22-7 = 0.125,7-23-37-27-7 = 0.125,7-17-24-35-7 = 0.375,7-26-23-22-7 = 0.875,7-38-24-35-27-7 = 0.25,7-25-37-27-7 = 0.125,7-25-38-37-7 = 0.375,7-25-21-32-10 = 0.5,7-28-40-20-12-9 = 0.5,7-28-40-20-33-9 = 0.375,9-12-11-31-9 = 0.5,9-13-14-29-16-9 = 1.0,9-19-11-31-9 = 0.25,9-19-30-24-35-7 = 0.25,9-19-30-33-17-7 = 0.5,9-30-11-31-9 = 0.25,2-34-15-2 = 1.0,9-40-20-33-17-7 = 0.125
0,0,603.092,0.0,603.092,0.0,Prune by CG,,7-26-7 = 1.0,7-28-22-7 = 1.0,7-23-24-35-7 = 0.5,7-23-37-27-7 = 0.5,7-38-24-35-27-7 = 0.5,7-25-38-37-7 = 0.5,8-13-14-29-8 = 1.0,8-12-11-31-8 = 0.5,8-19-39-16-8 = 0.5,8-40-20-33-17-7 = 0.5,8-40-20-30-11-8 = 0.5,8-16-39-31-8 = 0.5,8-30-33-17-12-8 = 0.5,2-34-15-2 = 1.0,7-25-21-32-7 = 0.5,7-32-36-18-8 = 0.5,8-19-21-36-18-8 = 0.5
0,0,620.291,0.0,620.291,0.0,Prune by CG,,10-36-18-10 = 0.5,10-19-12-16-39-10 = 0.5,10-25-38-37-7 = 0.25,10-32-36-18-10 = 0.5,10-25-37-27-7 = 0.14,10-25-21-32-10 = 0.5,10-21-24-35-27-7 = 0.25,10-21-38-37-27-7 = 0.25,10-19-30-12-11-7 = 0.36,10-19-30-12-11-10 = 0.14,7-28-34-15-7 = 1.0,7-17-24-35-7 = 0.25,7-26-23-22-7 = 1.0,7-38-24-35-27-7 = 0.25,7-38-24-37-7 = 0.25,7-25-37-27-7 = 0.11,10-30-33-17-35-7 = 0.25,7-40-20-33-11-7 = 0.25,7-40-20-33-17-7 = 0.5,7-40-20-30-11-7 = 0.25,7-13-14-31-10 = 0.5,7-13-29-16-39-10 = 0.5,7-14-29-31-10 = 0.5
0,0,602.395,0.0,602.395,0.0,Prune by CG,,8-16-8 = 0.667,7-26-7 = 1.0,9-39-9 = 1.0,10-36-18-10 = 0.667,10-32-36-18-10 = 0.333,10-25-21-32-10 = 0.333,10-21-38-37-27-7 = 0.333,7-28-22-7 = 1.0,7-23-24-35-7 = 0.667,7-23-37-27-7 = 0.333,7-38-24-35-27-7 = 0.333,7-25-38-37-7 = 0.333,7-25-21-32-10 = 0.333,8-14-29-31-8 = 0.333,8-13-14-31-8 = 0.333,8-13-14-29-16-8 = 0.333,8-13-29-31-8 = 0.333,8-40-20-33-11-8 = 1.0,9-19-30-17-12-9 = 1.0,2-34-15-2 = 1.0
0,0,603.838,0.0,603.838,0.0,Prune by CG,,10-36-18-10 = 0.964,10-19-39-16-8 = 0.929,10-32-36-18-10 = 0.036,10-21-38-37-27-7 = 0.036,7-28-34-15-7 = 1.0,7-23-37-27-7 = 0.321,7-26-23-22-7 = 0.679,7-38-24-35-27-7 = 0.643,7-38-24-37-7 = 0.286,7-25-38-37-7 = 0.036,7-25-21-32-10 = 0.964,8-14-29-31-8 = 0.25,8-13-14-29-8 = 0.75,8-12-11-31-8 = 0.679,8-19-39-16-8 = 0.071,8-40-20-33-17-7 = 0.5,8-40-20-30-11-8 = 0.25,8-13-40-20-33-12-8 = 0.071,8-13-40-20-30-12-8 = 0.179,8-30-11-31-8 = 0.071,8-30-33-17-35-7 = 0.357,8-30-33-17-12-8 = 0.071,7-26-37-22-7 = 0.321,8-30-17-24-7 = 0.071
0,0,597.86,0.0,597.86,0.0,Prune by CG,,7-26-7 = 0.583,9-39-9 = 1.0,7-28-22-7 = 0.583,7-28-17-12-8 = 0.417,7-23-24-35-7 = 0.583,7-17-24-35-7 = 0.167,7-26-23-22-7 = 0.417,7-38-24-35-27-7 = 0.25,7-25-37-27-7 = 0.25,7-25-38-37-7 = 0.75,8-13-14-29-8 = 0.583,8-13-14-29-16-8 = 0.417,8-40-20-33-17-7 = 0.417,8-40-20-33-12-16-8 = 0.583,8-30-11-31-8 = 1.0,2-34-15-2 = 1.0,7-32-36-18-9 = 0.5,9-19-21-36-18-9 = 0.5,9-19-21-32-27-7 = 0.5
0,0,603.227,0.0,603.227,0.0,Prune by CG,,7-26-7 = 0.25,9-39-9 = 1.0,7-28-34-15-7 = 1.0,7-23-37-27-7 = 0.25,7-37-35-22-7 = 0.25,7-26-23-22-7 = 0.75,7-38-24-35-27-7 = 0.625,7-25-37-27-7 = 0.125,7-25-38-37-7 = 0.375,7-24-17-12-9 = 0.25,9-12-11-31-9 = 0.3,9-13-14-29-16-9 = 1.0,9-19-30-17-12-9 = 0.05,9-19-30-24-35-7 = 0.125,9-19-30-12-31-9 = 0.325,9-40-20-33-11-9 = 0.275,9-40-20-33-31-9 = 0.025,9-30-11-31-9 = 0.35,9-40-20-30-11-9 = 0.075,9-19-21-36-18-9 = 0.5,9-30-33-17-12-9 = 0.075,9-40-20-33-17-7 = 0.625,7-25-21-32-5 = 0.5,5-32-36-18-9 = 0.5
0,0,596.947,0.0,596.947,0.0,Prune by CG,,7-26-7 = 0.2,9-39-9 = 1.0,7-28-22-7 = 0.2,7-23-24-35-7 = 0.2,7-17-24-35-7 = 0.2,7-26-23-22-7 = 0.8,7-38-24-35-27-7 = 0.25,7-25-37-27-7 = 0.25,7-25-38-37-7 = 0.75,7-28-40-20-12-9 = 0.35,7-28-40-20-33-9 = 0.45,9-12-11-31-9 = 0.65,9-13-14-29-16-9 = 1.0,9-40-20-33-11-9 = 0.05,9-40-20-33-31-9 = 0.05,9-30-11-31-9 = 0.3,9-30-17-24-7 = 0.35,2-34-15-2 = 1.0,7-32-36-18-9 = 0.5,9-19-21-36-18-9 = 0.5,9-30-33-17-35-7 = 0.35,9-40-20-33-17-7 = 0.1,9-19-21-32-27-7 = 0.5
0,0,599.804,0.0,599.804,0.0,Prune by CG,,7-26-7 = 0.9,10-36-18-10 = 1.0,10-19-39-16-8 = 1.0,7-28-22-7 = 0.9,7-23-24-35-7 = 0.1,7-23-37-27-7 = 0.6,7-26-23-22-7 = 0.1,7-38-24-35-27-7 = 0.4,7-38-24-37-7 = 0.3,7-38-24-23-7 = 0.2,7-25-21-32-10 = 1.0,8-14-29-31-8 = 0.25,8-13-14-29-8 = 0.75,8-12-11-31-8 = 0.75,8-40-20-33-17-7 = 0.5,8-40-20-30-11-8 = 0.25,8-13-40-20-30-12-8 = 0.25,8-30-33-17-35-7 = 0.5,7-28-38-37-7 = 0.1,2-34-15-2 = 1.0
0,0,617.514,0.0,617.514,0.0,Prune by CG,,9-39-9 = 0.5,10-36-18-10 = 0.5,10-32-36-18-10 = 0.5,10-21-38-37-27-7 = 0.5,7-28-34-15-7 = 1.0,7-17-24-35-7 = 0.4,7-26-23-22-7 = 1.0,7-38-24-35-27-7 = 0.25,7-25-37-27-7 = 0.25,7-25-38-37-7 = 0.25,7-25-21-32-10 = 0.5,7-40-20-33-11-9 = 0.35,9-19-30-17-12-9 = 0.6,9-19-30-24-35-7 = 0.35,9-19-30-33-11-9 = 0.05,9-40-20-33-11-9 = 0.4,9-39-16-31-3 = 0.5,3-14-29-31-3 = 0.25,3-13-14-29-3 = 0.25,3-13-14-29-16-9 = 0.5,3-13-40-20-31-3 = 0.05,9-12-11-31-3 = 0.2,3-13-40-20-33-12-9 = 0.2
0,0,611.493,0.0,611.493,0.0,Prune by CG,,7-26-7 = 0.292,10-36-18-10 = 0.875,10-19-39-16-8 = 0.5,10-32-36-18-10 = 0.125,10-21-38-37-27-7 = 0.125,7-28-34-15-7 = 1.0,7-23-37-27-7 = 0.292,7-37-35-22-7 = 0.292,7-26-23-22-7 = 0.708,7-38-24-35-27-7 = 0.583,7-38-24-37-7 = 0.167,7-25-38-37-7 = 0.125,10-19-30-17-12-8 = 0.25,7-25-21-32-10 = 0.875,8-14-29-31-8 = 0.312,8-13-14-29-8 = 0.688,8-12-11-31-8 = 0.438,8-40-20-33-11-8 = 0.188,8-40-20-33-17-7 = 0.375,8-40-20-30-11-8 = 0.125,8-13-40-20-33-12-8 = 0.313,8-30-11-31-8 = 0.25,8-30-33-17-35-7 = 0.125,8-30-17-24-7 = 0.25,8-16-39-4 = 0.25,4-19-39-16-8 = 0.25
0,0,612.007,0.0,612.007,0.0,Prune by CG,,7-26-7 = 0.31,9-39-9 = 0.775,10-36-18-10 = 0.5,10-32-36-18-10 = 0.5,10-21-24-35-27-7 = 0.25,10-21-38-37-27-7 = 0.25,7-28-22-7 = 0.31,7-23-24-35-7 = 0.06,7-23-37-27-7 = 0.25,7-17-24-35-7 = 0.31,7-26-23-22-7 = 0.69,7-38-24-35-27-7 = 0.25,7-25-38-37-7 = 0.5,7-25-21-32-10 = 0.5,7-28-40-20-12-9 = 0.57,7-28-40-20-16-9 = 0.005,9-19-30-17-35-7 = 0.13,9-19-30-33-11-9 = 0.375,9-19-30-33-17-7 = 0.43,9-40-20-33-11-9 = 0.195,9-30-17-24-7 = 0.065,2-34-15-2 = 1.0,9-19-17-24-7 = 0.065,7-28-40-20-29-3 = 0.115,9-39-16-31-3 = 0.225,3-14-29-31-3 = 0.115,3-13-14-31-3 = 0.115,3-13-14-29-16-9 = 0.77,3-13-40-20-31-3 = 0.115,9-12-11-31-3 = 0.43
0,0,612.042,0.0,612.042,0.0,Prune by CG,,7-28-34-15-7 = 1.0,7-26-23-22-7 = 1.0,7-38-24-35-27-7 = 1.0,8-14-29-31-8 = 0.167,8-13-14-29-8 = 0.833,8-12-11-31-8 = 0.5,8-19-39-16-8 = 1.0,8-40-20-33-17-8 = 0.667,8-40-20-30-11-8 = 0.167,8-13-40-20-30-12-8 = 0.167,8-30-11-31-8 = 0.333,8-30-33-17-12-8 = 0.333,7-25-21-37-7 = 1.0,5-32-36-18-5 = 1.0
0,0,600.527,0.0,600.527,0.0,Prune by CG,,10-36-18-10 = 0.964,10-19-39-16-8 = 0.929,10-32-36-18-10 = 0.036,10-21-38-37-27-7 = 0.036,7-28-34-15-7 = 1.0,7-23-37-27-7 = 0.321,7-26-23-22-7 = 0.679,7-38-24-35-27-7 = 0.643,7-38-24-37-7 = 0.286,7-25-38-37-7 = 0.036,7-25-21-32-10 = 0.964,8-14-29-31-8 = 0.25,8-13-14-29-8 = 0.75,8-12-11-31-8 = 0.679,8-19-39-16-8 = 0.071,8-40-20-33-17-7 = 0.5,8-40-20-30-11-8 = 0.25,8-13-40-20-33-12-8 = 0.071,8-13-40-20-30-12-8 = 0.179,8-30-11-31-8 = 0.071,8-30-33-17-35-7 = 0.357,8-30-33-17-12-8 = 0.071,7-26-37-22-7 = 0.321,8-30-17-24-7 = 0.071
0,0,607.049,0.0,607.049,0.0,Prune by CG,,9-39-9 = 1.0,7-28-34-15-7 = 1.0,7-23-37-27-7 = 0.25,7-17-24-35-7 = 0.188,7-26-23-22-7 = 0.75,7-38-24-35-27-7 = 0.625,7-25-37-27-7 = 0.125,7-25-38-37-7 = 0.375,8-14-29-31-8 = 0.146,8-13-14-31-8 = 0.146,8-13-14-29-8 = 0.146,8-13-14-29-16-8 = 0.562,8-13-29-31-8 = 0.146,8-12-11-31-8 = 0.25,8-40-20-33-11-8 = 0.438,8-40-20-33-17-7 = 0.125,8-40-20-33-12-16-8 = 0.438,8-30-11-31-8 = 0.312,7-26-37-22-7 = 0.25,9-19-30-17-35-7 = 0.188,8-30-17-24-7 = 0.188,9-19-21-36-18-9 = 0.5,9-19-30-17-12-8 = 0.312,7-25-21-32-5 = 0.5,5-32-36-18-9 = 0.5
0,0,610.26,0.0,610.26,0.0,Prune by CG,,7-26-7 = 1.0,10-36-18-10 = 0.667,10-32-36-18-10 = 0.333,10-21-38-37-27-7 = 0.333,7-28-22-7 = 1.0,7-23-24-35-7 = 0.667,7-23-37-27-7 = 0.333,7-38-24-35-27-7 = 0.333,7-25-38-37-7 = 0.333,10-19-30-17-12-8 = 0.333,7-25-21-32-10 = 0.667,8-13-14-29-8 = 1.0,8-12-11-31-8 = 0.333,8-40-20-33-11-8 = 0.333,8-40-20-33-17-7 = 0.333,8-40-20-33-31-8 = 0.333,8-30-11-31-8 = 0.333,2-34-15-2 = 1.0,8-16-39-4 = 0.667,4-19-39-16-8 = 0.333,4-19-30-17-12-8 = 0.333
0,0,614.808,0.0,614.808,0.0,Prune by CG,,7-26-7 = 0.3,7-28-34-15-7 = 1.0,7-23-37-27-7 = 0.3,7-37-35-22-7 = 0.3,7-17-24-35-7 = 0.05,7-26-23-22-7 = 0.7,7-38-24-35-27-7 = 0.65,7-25-37-27-7 = 0.05,7-25-38-37-7 = 0.35,7-24-17-12-8 = 0.192,8-14-29-31-8 = 0.158,8-13-14-29-8 = 0.842,8-12-11-31-8 = 0.283,8-40-20-33-17-7 = 0.483,8-40-20-33-12-16-8 = 0.2,8-40-20-30-11-8 = 0.158,8-13-40-20-33-12-8 = 0.15,8-13-40-20-30-12-8 = 0.008,8-30-11-31-8 = 0.558,8-30-33-17-12-8 = 0.167,8-30-17-24-7 = 0.108,7-25-21-32-7 = 0.6,8-16-39-4 = 0.2,4-19-39-16-8 = 0.6,7-32-36-18-4 = 0.4,4-19-21-36-18-4 = 0.4,4-36-18-39-4 = 0.2
0,0,611.077,0.0,611.077,0.0,Prune by CG,,7-26-7 = 0.7,7-28-22-7 = 0.7,7-28-17-12-8 = 0.3,7-23-24-35-7 = 0.4,7-23-37-27-7 = 0.3,7-26-23-22-7 = 0.3,7-38-24-35-27-7 = 0.3,7-25-38-37-7 = 0.6,8-14-29-31-8 = 0.133,8-13-14-29-8 = 0.867,8-12-11-31-8 = 0.2,8-19-39-16-8 = 0.8,8-40-20-33-17-7 = 0.3,8-40-20-33-17-8 = 0.233,8-40-20-33-12-16-8 = 0.167,8-40-20-30-11-8 = 0.133,8-40-20-30-12-16-8 = 0.033,8-13-40-20-33-12-8 = 0.133,8-30-11-31-8 = 0.667,8-30-33-17-12-8 = 0.167,2-34-15-2 = 1.0,7-25-21-32-5 = 0.4,5-32-36-18-5 = 0.6,8-19-21-36-18-5 = 0.2,5-21-24-35-27-7 = 0.3,5-21-38-37-27-7 = 0.1,5-36-18-39-8 = 0.2
0,0,612.131,0.0,612.131,0.0,Prune by CG,,7-26-7 = 0.193,9-39-9 = 0.955,7-28-22-7 = 0.193,7-23-24-35-7 = 0.193,7-17-24-35-7 = 0.193,7-26-23-22-7 = 0.807,7-38-24-35-27-7 = 0.25,7-25-37-27-7 = 0.25,7-25-38-37-7 = 0.75,7-28-40-20-12-9 = 0.341,7-28-40-20-33-9 = 0.443,9-40-20-33-11-9 = 0.091,9-30-17-24-7 = 0.364,2-34-15-2 = 1.0,7-32-36-18-9 = 0.5,9-19-21-36-18-9 = 0.5,9-30-33-17-35-7 = 0.364,9-40-20-33-17-7 = 0.08,9-19-21-32-27-7 = 0.5,7-28-40-20-29-3 = 0.023,9-39-16-31-3 = 0.045,3-14-29-31-3 = 0.023,3-13-14-31-3 = 0.023,3-13-14-29-16-9 = 0.955,9-12-11-31-3 = 0.636,3-13-40-20-33-12-9 = 0.023,9-30-11-31-3 = 0.273
0,0,618.101,0.0,618.101,0.0,Prune by CG,,9-39-9 = 1.0,7-28-34-15-7 = 1.0,7-17-24-35-7 = 0.707,7-26-23-22-7 = 1.0,7-38-24-35-27-7 = 0.268,7-25-37-27-7 = 0.268,7-25-38-37-7 = 0.732,9-19-30-33-12-16-9 = 0.024,9-40-20-33-11-9 = 0.024,9-40-20-33-12-16-9 = 0.61,9-30-17-24-7 = 0.024,9-30-17-11-9 = 0.244,9-40-20-30-11-9 = 0.049,7-32-36-18-9 = 0.488,7-21-32-36-9 = 0.024,9-19-21-32-18-9 = 0.024,9-19-21-36-18-9 = 0.488,9-30-33-17-35-7 = 0.024,9-19-21-32-27-7 = 0.463,3-14-29-31-3 = 0.317,3-13-14-29-3 = 0.317,3-13-14-29-16-9 = 0.366,9-12-11-31-3 = 0.049,3-13-40-20-33-12-9 = 0.317,9-30-11-31-3 = 0.634
0,0,602.854,0.0,602.854,0.0,Prune by CG,,7-26-7 = 0.9,10-36-18-10 = 1.0,10-19-39-16-8 = 1.0,7-28-22-7 = 0.9,7-23-24-35-7 = 0.1,7-23-37-27-7 = 0.6,7-26-23-22-7 = 0.1,7-38-24-35-27-7 = 0.4,7-38-24-37-7 = 0.3,7-38-24-23-7 = 0.2,7-25-21-32-10 = 1.0,8-14-29-31-8 = 0.25,8-13-14-29-8 = 0.75,8-12-11-31-8 = 0.75,8-40-20-33-17-7 = 0.5,8-40-20-30-11-8 = 0.25,8-13-40-20-30-12-8 = 0.25,8-30-33-17-35-7 = 0.5,7-28-38-37-7 = 0.1,2-34-15-2 = 1.0
0,0,631.503,0.0,631.503,0.0,Prune by CG,,10-36-18-10 = 0.5,10-32-36-18-10 = 0.5,10-21-24-35-27-7 = 0.236,10-21-38-37-27-7 = 0.264,7-28-34-15-7 = 1.0,7-23-37-27-7 = 0.118,7-17-24-35-7 = 0.455,7-26-23-22-7 = 0.882,7-38-24-35-27-7 = 0.309,7-25-37-27-7 = 0.073,7-25-38-37-7 = 0.427,7-40-20-33-11-7 = 0.455,7-40-20-33-17-7 = 0.545,7-25-21-32-10 = 0.5,7-26-37-22-7 = 0.118,4-19-30-12-39-4 = 0.818,4-39-16-31-4 = 0.182,4-14-29-31-4 = 0.091,4-13-14-31-4 = 0.091,4-13-14-29-16-4 = 0.818,4-19-11-31-4 = 0.182,4-13-29-31-4 = 0.091,4-30-11-31-4 = 0.182,4-12-11-31-4 = 0.182
0,0,608.671,0.0,608.671,0.0,Prune by CG,,7-26-7 = 1.0,9-39-9 = 1.0,7-28-22-7 = 1.0,7-23-24-35-7 = 0.5,7-23-37-27-7 = 0.5,7-38-24-35-27-7 = 0.5,7-25-38-37-7 = 0.5,8-14-29-31-8 = 0.083,8-13-14-31-8 = 0.083,8-13-14-29-8 = 0.083,8-13-14-29-16-8 = 0.75,8-13-29-31-8 = 0.083,8-12-11-31-8 = 0.25,8-40-20-33-11-8 = 0.25,8-40-20-33-17-7 = 0.5,8-40-20-33-12-16-8 = 0.25,8-30-11-31-8 = 0.5,2-34-15-2 = 1.0,9-19-21-36-18-9 = 0.5,9-19-30-17-12-8 = 0.5,7-25-21-32-5 = 0.5,5-32-36-18-9 = 0.5
0,0,617.715,0.0,617.715,0.0,Prune by CG,,7-26-7 = 0.333,7-28-34-15-7 = 1.0,7-23-37-27-7 = 0.333,7-37-35-22-7 = 0.333,7-26-23-22-7 = 0.667,7-38-24-35-27-7 = 0.667,7-25-38-37-7 = 0.333,7-24-17-12-8 = 0.111,8-14-29-31-8 = 0.056,8-13-14-29-8 = 0.944,8-12-11-31-8 = 0.389,8-40-20-33-17-7 = 0.556,8-40-20-33-12-16-8 = 0.333,8-40-20-30-11-8 = 0.056,8-13-40-20-30-12-8 = 0.056,8-30-11-31-8 = 0.556,8-30-33-17-12-8 = 0.111,8-30-17-24-7 = 0.222,7-25-21-32-5 = 0.667,4-19-39-16-8 = 0.667,4-19-21-36-18-4 = 0.333,5-32-36-18-4 = 0.333,5-36-18-39-4 = 0.333
0,0,618.997,0.0,618.997,0.0,Prune by CG,,7-26-7 = 0.078,9-39-9 = 0.6,10-36-18-10 = 0.5,10-32-36-18-10 = 0.5,10-21-24-35-27-7 = 0.156,10-21-38-37-27-7 = 0.344,7-28-34-15-7 = 1.0,7-23-37-27-7 = 0.078,7-37-35-22-7 = 0.078,7-17-24-35-7 = 0.4,7-26-23-22-7 = 0.922,7-38-24-35-27-7 = 0.289,7-25-37-27-7 = 0.133,7-25-38-37-7 = 0.367,7-25-21-32-10 = 0.5,8-14-29-31-8 = 0.2,8-13-14-31-8 = 0.2,8-13-14-29-16-8 = 0.6,8-13-29-31-8 = 0.2,8-40-20-33-11-8 = 0.6,8-40-20-33-12-16-8 = 0.4,8-30-11-31-8 = 0.4,7-24-17-12-9 = 0.078,9-19-30-17-12-9 = 0.522,9-19-30-24-35-7 = 0.078,9-19-39-9 = 0.4
0,0,616.363,0.0,616.363,0.0,Prune by CG,,7-26-7 = 1.0,7-28-22-7 = 1.0,7-23-24-35-7 = 0.5,7-23-37-27-7 = 0.5,7-38-24-35-27-7 = 0.5,7-25-38-37-7 = 0.5,8-13-14-29-8 = 1.0,8-12-11-31-8 = 0.5,8-40-20-33-17-7 = 0.5,8-40-20-30-11-8 = 0.5,8-16-39-31-8 = 0.5,8-30-33-17-12-8 = 0.5,2-34-15-2 = 1.0,7-25-21-32-7 = 0.5,4-19-39-16-8 = 0.5,7-32-36-18-4 = 0.5,4-19-21-36-18-4 = 0.5
0,0,612.526,0.0,612.526,0.0,Prune by CG,,7-26-7 = 0.42,9-39-9 = 1.0,7-28-22-7 = 0.42,7-23-37-27-7 = 0.46,7-17-24-35-7 = 0.16,7-26-23-22-7 = 0.54,7-38-24-35-27-7 = 0.52,7-25-37-27-7 = 0.02,7-25-38-37-7 = 0.48,7-26-37-22-7 = 0.04,7-28-40-20-12-9 = 0.34,7-28-40-20-33-9 = 0.24,9-12-11-31-9 = 0.66,9-13-14-29-16-9 = 1.0,9-19-30-24-35-7 = 0.24,9-19-30-33-17-7 = 0.26,9-30-11-31-9 = 0.34,9-30-17-24-7 = 0.08,2-34-15-2 = 1.0,9-19-21-36-18-9 = 0.5,9-30-33-17-35-7 = 0.08,9-40-20-33-17-7 = 0.42,7-25-21-32-5 = 0.5,5-32-36-18-9 = 0.5
0,0,613.644,0.0,613.644,0.0,Prune by CG,,9-39-9 = 1.0,7-28-34-15-7 = 1.0,7-17-24-35-7 = 0.75,7-26-23-22-7 = 1.0,7-38-24-35-27-7 = 0.25,7-25-37-27-7 = 0.25,7-25-38-37-7 = 0.75,8-13-14-29-8 = 0.917,8-13-14-29-16-8 = 0.083,8-12-11-31-8 = 0.083,8-40-20-33-17-8 = 0.167,8-40-20-33-12-16-8 = 0.833,8-30-11-31-8 = 0.917,8-30-17-12-16-8 = 0.083,7-32-36-18-9 = 0.5,9-19-21-36-18-9 = 0.5,9-19-21-32-27-7 = 0.5
0,0,626.287,0.0,626.287,0.0,Prune by CG,,7-26-7 = 0.286,7-28-34-15-7 = 1.0,7-23-24-35-7 = 0.071,7-23-37-27-7 = 0.214,7-37-35-22-7 = 0.286,7-26-23-22-7 = 0.714,7-38-24-35-27-7 = 0.643,7-25-37-27-7 = 0.143,7-25-38-37-7 = 0.357,7-24-17-12-8 = 0.063,8-14-29-31-8 = 0.095,8-13-14-29-8 = 0.905,8-12-11-31-8 = 0.437,8-19-39-16-8 = 0.5,8-40-20-33-11-8 = 0.19,8-40-20-33-17-7 = 0.341,8-40-20-30-11-8 = 0.373,8-13-40-20-33-12-8 = 0.095,8-16-39-31-8 = 0.468,8-30-33-17-12-8 = 0.373,8-30-12-39-16-8 = 0.032,8-30-17-24-7 = 0.222,7-25-21-32-7 = 0.5,7-32-36-18-8 = 0.5,8-19-21-36-18-8 = 0.5
0,0,635.909,0.0,635.909,0.0,Prune by CG,,7-26-7 = 0.5,10-36-18-10 = 1.0,10-19-30-17-35-7 = 0.25,10-19-30-12-11-7 = 0.75,7-28-22-7 = 0.5,7-28-17-35-7 = 0.25,7-28-40-20-33-7 = 0.25,7-23-37-27-7 = 0.5,7-26-23-22-7 = 0.5,7-38-24-35-27-7 = 0.5,7-38-24-37-7 = 0.5,7-40-20-33-11-7 = 0.25,7-40-20-33-17-7 = 0.5,7-25-21-32-10 = 1.0,2-34-15-2 = 1.0,3-13-14-31-3 = 0.25,3-13-14-29-3 = 0.75,3-16-39-31-3 = 0.75,3-29-12-39-16-3 = 0.25
0,0,636.641,0.0,636.641,0.0,Prune by CG,,7-26-7 = 0.167,10-36-18-10 = 0.5,10-32-36-18-10 = 0.5,10-21-24-35-27-7 = 0.5,7-28-34-15-7 = 1.0,7-23-37-27-7 = 0.167,7-37-35-22-7 = 0.167,7-26-23-22-7 = 0.833,7-38-24-35-27-7 = 0.333,7-38-24-37-7 = 0.167,7-25-38-37-7 = 0.5,7-25-21-32-10 = 0.5,3-13-14-29-3 = 1.0,4-19-12-16-39-4 = 1.0,7-30-11-31-3 = 1.0,3-40-20-33-17-7 = 1.0
0,0,631.794,0.0,631.794,0.0,Prune by CG,,7-26-7 = 1.0,10-36-18-10 = 0.667,10-32-36-18-10 = 0.333,10-21-38-37-27-7 = 0.333,7-28-22-7 = 1.0,7-23-24-35-7 = 0.667,7-23-37-27-7 = 0.333,7-38-24-35-27-7 = 0.333,7-25-38-37-7 = 0.333,7-25-21-32-10 = 0.667,2-34-15-2 = 1.0,3-13-14-29-3 = 1.0,4-19-12-16-39-4 = 1.0,7-30-11-31-3 = 0.667,10-30-11-31-3 = 0.333,3-40-20-33-17-7 = 1.0
0,0,638.406,0.0,638.406,0.0,Prune by CG,,7-26-7 = 0.333,2-34-2 = 0.167,10-36-18-10 = 0.667,10-19-30-33-11-7 = 0.083,10-19-12-16-39-10 = 0.333,10-32-36-18-10 = 0.333,10-21-38-37-27-7 = 0.333,10-19-30-12-11-7 = 0.583,7-28-22-7 = 0.333,7-28-40-20-33-7 = 0.5,7-23-37-27-7 = 0.333,7-17-24-35-7 = 0.667,7-26-23-22-7 = 0.667,7-38-24-35-27-7 = 0.333,7-25-38-37-7 = 0.333,7-40-20-33-11-7 = 0.083,7-40-20-33-17-7 = 0.333,7-40-20-30-11-7 = 0.083,7-25-21-32-10 = 0.667,7-13-29-16-39-10 = 0.25,2-34-15-2 = 0.833,7-28-30-11-7 = 0.167,7-30-12-16-39-10 = 0.083,2-14-29-31-2 = 0.417,2-13-14-31-2 = 0.417,2-13-14-29-15-2 = 0.167,2-13-29-16-39-10 = 0.167,10-39-16-31-2 = 0.167
0,0,621.055,0.0,621.055,0.0,Prune by CG,,7-26-7 = 1.0,7-28-22-7 = 1.0,7-23-24-35-7 = 0.5,7-23-37-27-7 = 0.5,7-38-24-35-27-7 = 0.5,7-25-38-37-7 = 0.5,8-13-14-29-8 = 1.0,8-12-11-31-8 = 0.5,8-19-39-16-8 = 0.5,8-40-20-33-17-7 = 0.5,8-40-20-30-11-8 = 0.5,8-16-39-31-8 = 0.5,8-30-33-17-12-8 = 0.5,2-34-15-2 = 1.0,7-25-21-32-7 = 0.5,7-32-36-18-8 = 0.5,8-19-21-36-18-8 = 0.5
0,0,620.185,0.0,620.185,0.0,Prune by CG,,10-21-38-24-35-10 = 0.8,10-32-36-18-10 = 1.0,10-25-37-27-10 = 0.8,8-14-29-31-8 = 0.167,8-13-14-29-8 = 0.833,8-12-11-31-8 = 0.5,8-19-39-16-8 = 1.0,8-40-20-33-17-8 = 0.667,8-40-20-30-11-8 = 0.167,8-13-40-20-30-12-8 = 0.167,8-30-11-31-8 = 0.333,8-30-33-17-12-8 = 0.333,2-34-15-2 = 0.5,2-28-23-15-2 = 0.1,2-28-22-15-2 = 0.4,10-25-38-26-34-2 = 0.2,2-26-23-22-2 = 0.6,10-21-26-37-27-10 = 0.2,2-28-24-35-10 = 0.2,2-28-23-34-2 = 0.3
0,0,615.792,0.0,615.792,0.0,Prune by CG,,7-26-7 = 0.125,9-39-9 = 1.0,7-28-34-15-7 = 1.0,7-23-24-35-7 = 0.125,7-24-35-22-7 = 0.125,7-17-24-35-7 = 0.5,7-26-23-22-7 = 0.875,7-38-24-35-27-7 = 0.25,7-25-37-27-7 = 0.25,7-25-38-37-7 = 0.75,9-12-11-31-9 = 0.5,9-13-14-29-16-9 = 1.0,9-40-20-33-31-9 = 0.5,9-40-20-30-11-9 = 0.5,7-32-36-18-9 = 0.5,9-19-21-36-18-9 = 0.5,9-30-33-17-12-9 = 0.5,9-19-21-32-27-7 = 0.5
0,0,619.732,0.0,619.732,0.0,Prune by CG,,7-26-7 = 0.854,7-28-22-7 = 0.854,7-28-17-35-7 = 0.125,7-23-24-35-7 = 0.354,7-23-37-27-7 = 0.5,7-26-23-22-7 = 0.146,7-38-24-35-27-7 = 0.5,7-38-24-37-7 = 0.146,7-25-38-37-7 = 0.333,8-14-29-31-8 = 0.01,8-13-14-29-8 = 0.99,8-12-11-31-8 = 0.448,8-40-20-33-17-7 = 0.646,8-40-20-33-12-16-8 = 0.125,8-40-20-30-11-8 = 0.01,8-40-20-30-12-16-8 = 0.208,8-13-40-20-30-12-8 = 0.01,8-30-11-31-8 = 0.542,8-30-33-17-35-7 = 0.021,8-30-33-17-12-8 = 0.208,7-28-38-37-7 = 0.021,2-34-15-2 = 1.0,7-25-21-32-5 = 0.667,4-19-39-16-8 = 0.667,4-19-21-36-18-4 = 0.333,5-32-36-18-4 = 0.333,5-36-18-39-4 = 0.333
0,0,637.943,0.0,637.943,0.0,Prune by CG,,7-26-7 = 0.333,10-36-18-10 = 1.0,10-19-30-12-11-7 = 0.5,7-28-34-15-7 = 1.0,7-23-37-27-7 = 0.333,7-37-35-22-7 = 0.333,7-26-23-22-7 = 0.667,7-38-24-35-27-7 = 0.667,7-38-24-37-7 = 0.333,7-25-21-32-10 = 1.0,3-13-14-31-3 = 0.5,3-13-14-29-3 = 0.5,10-19-39-16-3 = 0.5,7-30-11-31-3 = 0.5,3-29-12-39-16-3 = 0.5,3-40-20-33-17-7 = 1.0
0,0,630.056,0.0,630.056,0.0,Prune by CG,,9-39-9 = 0.656,7-28-34-15-7 = 1.0,7-23-37-27-7 = 0.25,7-17-24-35-7 = 0.125,7-26-23-22-7 = 0.75,7-38-24-35-27-7 = 0.625,7-25-37-27-7 = 0.125,7-25-38-37-7 = 0.375,7-26-37-22-7 = 0.25,9-19-30-17-35-7 = 0.25,9-19-30-17-12-9 = 0.25,9-40-20-33-11-9 = 0.5,9-40-20-33-12-16-9 = 0.219,9-30-17-24-7 = 0.25,9-30-17-11-9 = 0.125,9-19-21-36-18-9 = 0.5,7-25-21-32-5 = 0.5,5-32-36-18-9 = 0.5,9-39-16-31-3 = 0.344,3-14-29-31-3 = 0.281,3-13-14-29-3 = 0.281,3-13-14-29-16-9 = 0.438,9-12-11-31-3 = 0.25,3-13-40-20-33-12-9 = 0.281,9-30-11-31-3 = 0.125
0,0,639.493,0.0,639.493,0.0,Prune by CG,,7-26-7 = 0.333,10-36-18-10 = 0.348,10-21-17-24-7 = 0.014,10-32-36-18-10 = 0.348,10-21-24-35-27-7 = 0.014,10-21-38-37-27-7 = 0.319,7-28-22-7 = 0.333,7-28-40-20-33-7 = 0.667,7-23-37-27-7 = 0.333,7-17-24-35-7 = 0.638,7-26-23-22-7 = 0.667,7-38-24-35-27-7 = 0.333,7-25-38-37-7 = 0.348,7-40-20-33-17-7 = 0.043,7-40-20-30-11-7 = 0.29,7-25-21-32-10 = 0.652,2-34-15-2 = 1.0,10-36-18-39-4 = 0.304,4-19-39-4 = 0.174,4-19-30-12-39-4 = 0.406,4-19-30-17-35-7 = 0.014,4-39-16-31-4 = 0.116,4-14-29-31-4 = 0.058,4-13-14-31-4 = 0.058,4-13-14-29-16-4 = 0.884,4-19-11-31-4 = 0.116,4-13-29-31-4 = 0.058,4-12-11-31-4 = 0.594,4-19-30-33-17-7 = 0.29
0,0,622.416,0.0,622.416,0.0,Prune by CG,,9-39-9 = 1.0,10-36-18-10 = 0.5,10-32-36-18-10 = 0.5,10-21-38-37-27-7 = 0.5,7-28-34-15-7 = 1.0,7-17-24-35-7 = 0.75,7-26-23-22-7 = 1.0,7-38-24-35-27-7 = 0.25,7-25-37-27-7 = 0.25,7-25-38-37-7 = 0.25,7-25-21-32-10 = 0.5,9-12-11-31-9 = 0.05,9-13-14-29-16-9 = 1.0,9-19-11-31-9 = 0.05,9-19-30-17-12-9 = 0.25,9-19-30-12-31-9 = 0.7,9-40-20-33-11-9 = 0.85,9-40-20-33-31-9 = 0.15,9-30-11-31-9 = 0.05
0,0,627.308,0.0,627.308,0.0,Prune by CG,,7-26-7 = 0.571,9-39-9 = 0.714,7-28-22-7 = 0.571,7-23-24-35-7 = 0.071,7-23-37-27-7 = 0.5,7-17-24-35-7 = 0.071,7-26-23-22-7 = 0.429,7-38-24-35-27-7 = 0.5,7-25-38-37-7 = 0.5,7-28-40-20-12-9 = 0.357,9-19-30-17-35-7 = 0.214,9-19-30-33-11-9 = 0.286,9-40-20-33-11-9 = 0.214,9-30-17-24-7 = 0.357,2-34-15-2 = 1.0,9-19-21-36-18-9 = 0.5,9-30-33-17-35-7 = 0.143,9-40-20-33-17-7 = 0.214,7-25-21-32-5 = 0.5,5-32-36-18-9 = 0.5,7-28-40-20-29-3 = 0.071,9-39-16-31-3 = 0.286,3-14-29-31-3 = 0.143,3-13-14-31-3 = 0.071,3-13-14-29-3 = 0.071,3-13-14-29-16-9 = 0.714,9-12-11-31-3 = 0.5,3-13-40-20-33-12-9 = 0.143
0,0,618.461,0.0,618.461,0.0,Prune by CG,,7-26-7 = 0.583,9-39-9 = 1.0,7-28-22-7 = 0.583,7-28-17-12-8 = 0.417,7-23-24-35-7 = 0.583,7-17-24-35-7 = 0.167,7-26-23-22-7 = 0.417,7-38-24-35-27-7 = 0.25,7-25-37-27-7 = 0.25,7-25-38-37-7 = 0.75,8-13-14-29-8 = 0.583,8-13-14-29-16-8 = 0.417,8-40-20-33-17-7 = 0.417,8-40-20-33-12-16-8 = 0.583,8-30-11-31-8 = 1.0,2-34-15-2 = 1.0,7-32-36-18-9 = 0.5,9-19-21-36-18-9 = 0.5,9-19-21-32-27-7 = 0.5
0,0,627.653,0.0,627.653,0.0,Prune by CG,,10-21-38-24-35-10 = 0.8,10-32-36-18-10 = 1.0,10-25-37-27-10 = 0.8,8-14-29-31-8 = 0.167,8-13-14-29-8 = 0.833,8-12-11-31-8 = 0.5,8-19-39-16-8 = 1.0,8-40-20-33-17-8 = 0.667,8-40-20-30-11-8 = 0.167,8-13-40-20-30-12-8 = 0.167,8-30-11-31-8 = 0.333,8-30-33-17-12-8 = 0.333,2-34-15-2 = 0.5,2-28-23-15-2 = 0.1,2-28-22-15-2 = 0.4,10-25-38-26-34-2 = 0.2,2-26-23-22-2 = 0.6,10-21-26-37-27-10 = 0.2,2-28-24-35-10 = 0.2,2-28-23-34-2 = 0.3
0,0,627.874,0.0,627.874,0.0,Prune by CG,,9-39-9 = 1.0,10-36-18-10 = 0.5,10-32-36-18-10 = 0.5,10-21-38-37-27-7 = 0.5,7-28-34-15-7 = 1.0,7-17-24-35-7 = 0.75,7-26-23-22-7 = 1.0,7-38-24-35-27-7 = 0.25,7-25-37-27-7 = 0.25,7-25-38-37-7 = 0.25,7-25-21-32-10 = 0.5,9-12-11-31-9 = 0.05,9-13-14-29-16-9 = 1.0,9-19-11-31-9 = 0.05,9-19-30-17-12-9 = 0.25,9-19-30-12-31-9 = 0.7,9-40-20-33-11-9 = 0.85,9-40-20-33-31-9 = 0.15,9-30-11-31-9 = 0.05
0,0,641.643,0.0,641.643,0.0,Prune by CG,,7-26-7 = 0.25,7-28-34-15-7 = 1.0,7-23-24-35-7 = 0.25,7-37-35-22-7 = 0.25,7-26-23-22-7 = 0.75,7-38-24-35-27-7 = 0.5,7-38-24-37-7 = 0.25,7-25-37-27-7 = 0.25,7-25-38-37-7 = 0.25,7-40-20-33-17-7 = 1.0,7-25-21-32-7 = 0.5,4-19-30-12-39-4 = 0.5,7-32-36-18-4 = 0.25,4-19-21-36-18-4 = 0.25,4-19-21-32-27-7 = 0.25,4-36-18-39-4 = 0.5,4-13-14-29-16-4 = 1.0,4-30-11-31-4 = 0.5,4-12-11-31-4 = 0.5
0,0,625.528,0.0,625.528,0.0,Prune by CG,,9-39-9 = 1.0,10-36-18-10 = 0.5,10-32-36-18-10 = 0.5,10-21-38-37-27-7 = 0.5,7-28-34-15-7 = 1.0,7-17-24-35-7 = 0.75,7-26-23-22-7 = 1.0,7-38-24-35-27-7 = 0.25,7-25-37-27-7 = 0.25,7-25-38-37-7 = 0.25,7-25-21-32-10 = 0.5,8-13-14-29-16-8 = 1.0,8-12-11-31-8 = 0.05,8-40-20-33-11-8 = 0.1,8-40-20-33-31-8 = 0.15,8-30-11-31-8 = 0.05,9-19-30-17-12-9 = 0.25,9-19-11-31-8 = 0.05,9-19-30-12-31-8 = 0.7,8-40-20-33-11-9 = 0.75
0,0,599.804,0.0,599.804,0.0,Prune by CG,,7-26-7 = 0.9,10-36-18-10 = 1.0,10-19-39-16-8 = 1.0,7-28-22-7 = 0.9,7-23-24-35-7 = 0.1,7-23-37-27-7 = 0.6,7-26-23-22-7 = 0.1,7-38-24-35-27-7 = 0.4,7-38-24-37-7 = 0.3,7-38-24-23-7 = 0.2,7-25-21-32-10 = 1.0,8-14-29-31-8 = 0.25,8-13-14-29-8 = 0.75,8-12-11-31-8 = 0.75,8-40-20-33-17-7 = 0.5,8-40-20-30-11-8 = 0.25,8-13-40-20-30-12-8 = 0.25,8-30-33-17-35-7 = 0.5,7-28-38-37-7 = 0.1,2-34-15-2 = 1.0
0,0,627.0,0.0,627.0,0.0,Prune by CG,,7-26-7 = 0.7,7-28-22-7 = 0.7,7-28-17-12-8 = 0.3,7-23-24-35-7 = 0.4,7-23-37-27-7 = 0.3,7-26-23-22-7 = 0.3,7-38-24-35-27-7 = 0.3,7-25-38-37-7 = 0.6,8-14-29-31-8 = 0.133,8-13-14-29-8 = 0.867,8-12-11-31-8 = 0.2,8-19-39-16-8 = 0.8,8-40-20-33-17-7 = 0.3,8-40-20-33-17-8 = 0.233,8-40-20-33-12-16-8 = 0.2,8-40-20-30-11-8 = 0.133,8-13-40-20-33-12-8 = 0.1,8-13-40-20-30-12-8 = 0.033,8-30-11-31-8 = 0.667,8-30-33-17-12-8 = 0.167,2-34-15-2 = 1.0,7-25-21-32-5 = 0.4,5-32-36-18-5 = 0.6,8-19-21-36-18-5 = 0.2,5-21-24-35-27-7 = 0.3,5-21-38-37-27-7 = 0.1,5-36-18-39-8 = 0.2
0,0,604.254,0.0,604.254,0.0,Prune by CG,,7-26-7 = 0.125,9-39-9 = 1.0,7-28-34-15-7 = 1.0,7-23-24-35-7 = 0.125,7-24-35-22-7 = 0.125,7-17-24-35-7 = 0.5,7-26-23-22-7 = 0.875,7-38-24-35-27-7 = 0.25,7-25-37-27-7 = 0.25,7-25-38-37-7 = 0.75,9-12-11-31-9 = 0.5,9-13-14-29-16-9 = 1.0,9-40-20-33-31-9 = 0.5,9-40-20-30-11-9 = 0.5,7-32-36-18-9 = 0.5,9-19-21-36-18-9 = 0.5,9-30-33-17-12-9 = 0.5,9-19-21-32-27-7 = 0.5
0,0,624.874,0.0,624.874,0.0,Prune by CG,,9-39-9 = 1.0,7-28-34-15-7 = 1.0,7-17-24-35-7 = 0.75,7-26-23-22-7 = 1.0,7-38-24-35-27-7 = 0.25,7-25-37-27-7 = 0.25,7-25-38-37-7 = 0.75,8-13-14-29-8 = 0.917,8-13-14-29-16-8 = 0.083,8-12-11-31-8 = 0.083,8-40-20-33-17-8 = 0.167,8-40-20-33-12-16-8 = 0.833,8-30-11-31-8 = 0.917,8-30-17-12-16-8 = 0.083,7-32-36-18-9 = 0.5,9-19-21-36-18-9 = 0.5,9-19-21-32-27-7 = 0.5
0,0,633.152,0.0,633.152,0.0,Prune by CG,,7-28-34-15-7 = 1.0,7-17-24-35-7 = 0.7,7-26-23-22-7 = 1.0,7-38-24-35-27-7 = 0.3,7-25-37-27-7 = 0.3,7-25-38-37-7 = 0.3,8-14-29-31-8 = 0.383,8-13-14-29-8 = 0.617,8-12-11-31-8 = 0.15,8-19-39-16-8 = 0.8,8-40-20-33-11-8 = 0.117,8-40-20-33-17-8 = 0.033,8-40-20-33-12-16-8 = 0.2,8-40-20-30-11-8 = 0.267,8-13-40-20-33-12-8 = 0.383,8-30-11-31-8 = 0.467,8-30-33-17-12-8 = 0.267,7-25-21-32-5 = 0.4,5-32-36-18-5 = 0.6,8-19-21-36-18-5 = 0.2,5-21-38-37-27-7 = 0.4,5-36-18-39-8 = 0.2
0,0,631.447,0.0,631.447,0.0,Prune by CG,,9-39-9 = 1.0,10-21-38-24-35-10 = 0.8,10-32-36-18-10 = 1.0,10-25-37-27-10 = 0.8,8-13-14-29-16-8 = 1.0,8-12-11-31-8 = 0.2,8-40-20-33-11-8 = 0.2,8-40-20-33-17-8 = 0.2,8-40-20-33-31-8 = 0.4,8-30-11-31-8 = 0.2,9-19-30-17-12-9 = 0.8,2-34-15-2 = 0.5,2-28-23-15-2 = 0.1,2-28-22-15-2 = 0.4,9-19-11-31-8 = 0.2,10-25-38-26-34-2 = 0.2,2-26-23-22-2 = 0.6,10-21-26-37-27-10 = 0.2,2-28-24-35-10 = 0.2,2-28-23-34-2 = 0.3,8-40-20-33-11-9 = 0.2
0,0,623.82,0.0,623.82,0.0,Prune by CG,,7-26-7 = 0.125,9-39-9 = 1.0,10-36-18-10 = 0.5,10-32-36-18-10 = 0.5,10-21-24-35-27-7 = 0.125,10-21-38-37-27-7 = 0.375,7-28-22-7 = 0.125,7-23-37-27-7 = 0.125,7-17-24-35-7 = 0.375,7-26-23-22-7 = 0.875,7-38-24-35-27-7 = 0.25,7-25-37-27-7 = 0.125,7-25-38-37-7 = 0.375,7-25-21-32-10 = 0.5,7-28-40-20-12-9 = 0.5,7-28-40-20-33-9 = 0.375,9-12-11-31-9 = 0.5,9-13-14-29-16-9 = 1.0,9-19-11-31-9 = 0.25,9-19-30-24-35-7 = 0.25,9-19-30-33-17-7 = 0.5,9-30-11-31-9 = 0.25,2-34-15-2 = 1.0,9-40-20-33-17-7 = 0.125
0,0,644.028,0.0,644.028,0.0,Prune by CG,,7-26-7 = 0.219,4-39-4 = 0.025,7-28-34-15-7 = 1.0,7-23-37-27-7 = 0.231,7-37-27-22-7 = 0.181,7-37-35-22-7 = 0.038,7-26-23-22-7 = 0.769,7-38-24-35-27-7 = 0.462,7-38-24-37-7 = 0.163,7-25-38-37-7 = 0.25,7-40-20-33-11-7 = 0.125,7-40-20-33-17-7 = 0.75,7-40-20-30-11-7 = 0.125,7-26-37-22-7 = 0.012,7-25-21-32-5 = 0.75,5-32-36-18-5 = 0.25,4-19-30-12-39-4 = 0.25,4-19-30-17-35-7 = 0.125,4-19-21-36-18-4 = 0.125,5-21-38-37-27-7 = 0.125,4-39-16-31-4 = 0.1,4-14-29-31-4 = 0.05,4-13-14-31-4 = 0.05,4-13-14-29-16-4 = 0.9,4-13-29-31-4 = 0.05,4-12-11-31-4 = 0.75,5-36-18-39-4 = 0.625,4-19-30-33-17-7 = 0.125,4-19-30-24-35-7 = 0.375
0,0,641.104,0.0,641.104,0.0,Prune by CG,,7-26-7 = 0.6,7-28-22-7 = 0.6,7-23-24-35-7 = 0.1,7-23-37-27-7 = 0.5,7-17-24-35-7 = 0.4,7-26-23-22-7 = 0.4,7-38-24-35-27-7 = 0.5,7-25-38-37-7 = 0.5,2-34-15-2 = 1.0,7-25-21-32-7 = 0.5,3-13-14-29-3 = 1.0,4-19-30-12-39-4 = 0.3,7-32-36-18-4 = 0.5,4-19-21-36-18-4 = 0.5,4-19-12-16-39-4 = 0.167,7-28-30-11-7 = 0.4,7-30-11-31-3 = 0.233,4-39-16-31-3 = 0.533,4-12-11-31-3 = 0.233,4-19-30-33-17-7 = 0.033,3-40-20-33-11-7 = 0.1,3-40-20-33-17-7 = 0.567,3-40-20-30-11-7 = 0.033,3-40-20-33-12-16-4 = 0.3
0,0,606.963,0.0,606.963,0.0,Prune by CG,,9-39-9 = 1.0,7-28-34-15-7 = 1.0,7-17-24-35-7 = 0.75,7-26-23-22-7 = 1.0,7-38-24-35-27-7 = 0.25,7-25-37-27-7 = 0.25,7-25-38-37-7 = 0.75,8-13-14-29-8 = 0.917,8-13-14-29-16-8 = 0.083,8-12-11-31-8 = 0.083,8-40-20-33-17-8 = 0.167,8-40-20-33-12-16-8 = 0.833,8-30-11-31-8 = 0.917,8-30-17-12-16-8 = 0.083,7-32-36-18-9 = 0.5,9-19-21-36-18-9 = 0.5,9-19-21-32-27-7 = 0.5
0,0,610.728,0.0,610.728,0.0,Prune by CG,,9-39-9 = 1.0,10-36-18-10 = 0.5,10-32-36-18-10 = 0.5,10-21-38-37-27-7 = 0.5,7-28-34-15-7 = 1.0,7-17-24-35-7 = 0.75,7-26-23-22-7 = 1.0,7-38-24-35-27-7 = 0.25,7-25-37-27-7 = 0.25,7-25-38-37-7 = 0.25,7-25-21-32-10 = 0.5,9-12-11-31-9 = 0.05,9-13-14-29-16-9 = 1.0,9-19-11-31-9 = 0.05,9-19-30-17-12-9 = 0.25,9-19-30-12-31-9 = 0.7,9-40-20-33-11-9 = 0.85,9-40-20-33-31-9 = 0.15,9-30-11-31-9 = 0.05
0,0,626.831,0.0,626.831,0.0,Prune by CG,,10-36-18-10 = 0.964,10-19-39-16-8 = 0.929,10-32-36-18-10 = 0.036,10-21-38-37-27-7 = 0.036,7-28-34-15-7 = 1.0,7-23-37-27-7 = 0.321,7-26-23-22-7 = 0.679,7-38-24-35-27-7 = 0.643,7-38-24-37-7 = 0.286,7-25-38-37-7 = 0.036,7-25-21-32-10 = 0.964,8-14-29-31-8 = 0.25,8-13-14-29-8 = 0.75,8-12-11-31-8 = 0.679,8-19-39-16-8 = 0.071,8-40-20-33-17-7 = 0.5,8-40-20-30-11-8 = 0.25,8-13-40-20-33-12-8 = 0.071,8-13-40-20-30-12-8 = 0.179,8-30-11-31-8 = 0.071,8-30-33-17-35-7 = 0.357,8-30-33-17-12-8 = 0.071,7-26-37-22-7 = 0.321,8-30-17-24-7 = 0.071
0,0,641.162,0.0,641.162,0.0,Prune by CG,,9-39-9 = 0.5,10-36-18-10 = 0.5,10-32-36-18-10 = 0.5,10-21-38-37-27-7 = 0.5,7-28-34-15-7 = 1.0,7-17-24-35-7 = 0.4,7-26-23-22-7 = 1.0,7-38-24-35-27-7 = 0.25,7-25-37-27-7 = 0.25,7-25-38-37-7 = 0.25,7-25-21-32-10 = 0.5,7-40-20-33-11-9 = 0.35,9-19-30-17-12-9 = 0.6,9-19-30-24-35-7 = 0.35,9-19-30-33-11-9 = 0.05,9-40-20-33-11-9 = 0.4,9-39-16-31-3 = 0.5,3-14-29-31-3 = 0.25,3-13-14-29-3 = 0.25,3-13-14-29-16-9 = 0.5,3-13-40-20-31-3 = 0.05,9-12-11-31-3 = 0.2,3-13-40-20-33-12-9 = 0.2
0,0,630.021,0.0,630.021,0.0,Prune by CG,,9-39-9 = 1.0,10-36-18-10 = 0.5,10-32-36-18-10 = 0.5,10-21-38-37-27-7 = 0.5,7-28-34-15-7 = 1.0,7-17-24-35-7 = 0.75,7-26-23-22-7 = 1.0,7-38-24-35-27-7 = 0.25,7-25-37-27-7 = 0.25,7-25-38-37-7 = 0.25,7-25-21-32-10 = 0.5,8-13-14-29-16-8 = 1.0,8-12-11-31-8 = 0.05,8-40-20-33-11-8 = 0.1,8-40-20-33-31-8 = 0.15,8-30-11-31-8 = 0.05,9-19-30-17-12-9 = 0.25,9-19-11-31-8 = 0.05,9-19-30-12-31-8 = 0.7,8-40-20-33-11-9 = 0.75
0,0,632.203,0.0,632.203,0.0,Prune by CG,,9-39-9 = 1.0,10-21-38-24-35-10 = 0.8,10-32-36-18-10 = 1.0,10-25-37-27-10 = 0.8,9-12-11-31-9 = 0.2,9-13-14-29-16-9 = 1.0,9-19-11-31-9 = 0.2,9-19-30-17-12-9 = 0.8,9-40-20-33-11-9 = 0.4,9-40-20-33-31-9 = 0.4,9-30-11-31-9 = 0.2,2-34-15-2 = 0.5,2-28-23-15-2 = 0.1,2-28-22-15-2 = 0.4,10-25-38-26-34-2 = 0.2,2-26-23-22-2 = 0.6,10-21-26-37-27-10 = 0.2,2-28-23-34-2 = 0.3,9-17-24-35-10 = 0.2,2-28-40-20-33-9 = 0.2
0,0,636.745,0.0,636.745,0.0,Prune by CG,,9-39-9 = 1.0,7-28-34-15-7 = 1.0,7-17-24-35-7 = 0.707,7-26-23-22-7 = 1.0,7-38-24-35-27-7 = 0.268,7-25-37-27-7 = 0.268,7-25-38-37-7 = 0.732,9-19-30-33-11-9 = 0.024,9-40-20-33-12-16-9 = 0.634,9-30-17-24-7 = 0.024,9-30-17-11-9 = 0.244,9-40-20-30-11-9 = 0.049,7-32-36-18-9 = 0.488,7-21-32-36-9 = 0.024,9-19-21-32-18-9 = 0.024,9-19-21-36-18-9 = 0.488,9-30-33-17-35-7 = 0.024,9-19-21-32-27-7 = 0.463,3-14-29-31-3 = 0.317,3-13-14-29-3 = 0.317,3-13-14-29-16-9 = 0.366,9-12-11-31-3 = 0.049,3-13-40-20-33-12-9 = 0.317,9-30-11-31-3 = 0.634
0,0,649.853,0.0,649.853,0.0,Prune by CG,,7-28-34-15-7 = 1.0,7-23-37-27-7 = 0.125,7-17-24-35-7 = 0.188,7-26-23-22-7 = 0.875,7-38-24-35-27-7 = 0.562,7-38-24-37-7 = 0.25,7-25-37-27-7 = 0.312,7-25-38-37-7 = 0.188,7-30-33-17-35-7 = 0.25,7-26-37-22-7 = 0.125,7-25-21-32-7 = 0.5,3-13-14-29-3 = 1.0,4-19-30-12-39-4 = 0.062,7-32-36-18-4 = 0.5,4-19-21-36-18-4 = 0.5,4-19-12-16-39-4 = 0.438,7-30-11-31-3 = 0.312,4-39-16-31-3 = 0.375,7-30-12-16-39-4 = 0.125,4-12-11-31-3 = 0.312,3-40-20-33-11-7 = 0.125,3-40-20-33-17-7 = 0.562,3-40-20-30-11-7 = 0.25,3-40-20-33-12-16-4 = 0.062
0,0,624.15,0.0,624.15,0.0,Prune by CG,,7-26-7 = 0.286,7-28-34-15-7 = 1.0,7-23-24-35-7 = 0.071,7-23-37-27-7 = 0.214,7-37-35-22-7 = 0.286,7-26-23-22-7 = 0.714,7-38-24-35-27-7 = 0.643,7-25-37-27-7 = 0.143,7-25-38-37-7 = 0.357,7-24-17-12-8 = 0.063,8-14-29-31-8 = 0.095,8-13-14-29-8 = 0.905,8-12-11-31-8 = 0.437,8-19-39-16-8 = 0.5,8-40-20-33-11-8 = 0.19,8-40-20-33-17-7 = 0.341,8-40-20-30-11-8 = 0.373,8-13-40-20-33-12-8 = 0.095,8-16-39-31-8 = 0.468,8-30-33-17-12-8 = 0.373,8-30-12-39-16-8 = 0.032,8-30-17-24-7 = 0.222,7-25-21-32-7 = 0.5,7-32-36-18-8 = 0.5,8-19-21-36-18-8 = 0.5
0,0,640.507,0.0,640.507,0.0,Prune by CG,,9-39-9 = 0.5,10-36-18-10 = 0.5,10-32-36-18-10 = 0.5,10-21-38-37-27-7 = 0.5,7-28-34-15-7 = 1.0,7-17-24-35-7 = 0.4,7-26-23-22-7 = 1.0,7-38-24-35-27-7 = 0.25,7-25-37-27-7 = 0.25,7-25-38-37-7 = 0.25,7-25-21-32-10 = 0.5,7-40-20-33-11-9 = 0.35,9-19-30-17-12-9 = 0.6,9-19-30-24-35-7 = 0.35,9-19-30-33-11-9 = 0.05,9-40-20-33-11-9 = 0.4,9-39-16-31-3 = 0.5,3-14-29-31-3 = 0.25,3-13-14-29-3 = 0.25,3-13-14-29-16-9 = 0.5,3-13-40-20-31-3 = 0.05,9-12-11-31-3 = 0.2,3-13-40-20-33-12-9 = 0.2
0,0,613.84,0.0,613.84,0.0,Prune by CG,,9-39-9 = 1.0,10-36-18-10 = 0.5,10-32-36-18-10 = 0.5,10-21-38-37-27-7 = 0.5,7-28-34-15-7 = 1.0,7-17-24-35-7 = 0.75,7-26-23-22-7 = 1.0,7-38-24-35-27-7 = 0.25,7-25-37-27-7 = 0.25,7-25-38-37-7 = 0.25,7-25-21-32-10 = 0.5,8-13-14-29-16-8 = 1.0,8-12-11-31-8 = 0.05,8-40-20-33-11-8 = 0.1,8-40-20-33-31-8 = 0.15,8-30-11-31-8 = 0.05,9-19-30-17-12-9 = 0.25,9-19-11-31-8 = 0.05,9-19-30-12-31-8 = 0.7,8-40-20-33-11-9 = 0.75
0,0,629.691,0.0,629.691,0.0,Prune by CG,,7-26-7 = 0.583,9-39-9 = 1.0,7-28-22-7 = 0.583,7-28-17-12-8 = 0.417,7-23-24-35-7 = 0.583,7-17-24-35-7 = 0.167,7-26-23-22-7 = 0.417,7-38-24-35-27-7 = 0.25,7-25-37-27-7 = 0.25,7-25-38-37-7 = 0.75,8-13-14-29-8 = 0.583,8-13-14-29-16-8 = 0.417,8-40-20-33-17-7 = 0.417,8-40-20-33-12-16-8 = 0.583,8-30-11-31-8 = 1.0,2-34-15-2 = 1.0,7-32-36-18-9 = 0.5,9-19-21-36-18-9 = 0.5,9-19-21-32-27-7 = 0.5
0,0,649.219,0.0,649.219,0.0,Prune by CG,,7-26-7 = 0.361,7-28-22-7 = 0.333,7-28-17-35-7 = 0.083,7-28-40-20-33-7 = 0.583,7-23-37-27-7 = 0.361,7-37-35-22-7 = 0.028,7-17-24-35-7 = 0.5,7-26-23-22-7 = 0.639,7-38-24-35-27-7 = 0.389,7-38-24-37-7 = 0.111,7-25-38-37-7 = 0.5,7-40-20-33-17-7 = 0.417,2-34-15-2 = 1.0,7-25-21-32-7 = 0.5,4-19-30-12-39-4 = 0.5,7-32-36-18-4 = 0.25,4-19-21-36-18-4 = 0.25,4-19-21-32-27-7 = 0.25,4-36-18-39-4 = 0.5,4-13-14-29-16-4 = 1.0,4-30-11-31-4 = 0.5,4-12-11-31-4 = 0.5
0,0,628.744,0.0,628.744,0.0,Prune by CG,,7-26-7 = 0.2,9-39-9 = 1.0,7-28-22-7 = 0.2,7-23-24-35-7 = 0.2,7-17-24-35-7 = 0.2,7-26-23-22-7 = 0.8,7-38-24-35-27-7 = 0.25,7-25-37-27-7 = 0.25,7-25-38-37-7 = 0.75,7-28-40-20-12-9 = 0.35,7-28-40-20-33-9 = 0.45,9-12-11-31-9 = 0.65,9-13-14-29-16-9 = 1.0,9-40-20-33-11-9 = 0.05,9-40-20-33-31-9 = 0.05,9-30-11-31-9 = 0.3,9-30-17-24-7 = 0.35,2-34-15-2 = 1.0,7-32-36-18-9 = 0.5,9-19-21-36-18-9 = 0.5,9-30-33-17-35-7 = 0.35,9-40-20-33-17-7 = 0.1,9-19-21-32-27-7 = 0.5
0,0,633.808,0.0,633.808,0.0,Prune by CG,,10-36-18-10 = 0.333,10-19-39-16-8 = 0.667,10-32-36-18-10 = 0.667,10-25-37-27-10 = 0.333,10-25-21-32-10 = 0.333,10-21-38-37-27-10 = 0.667,8-14-29-31-8 = 0.5,8-13-14-29-8 = 0.5,8-12-11-31-8 = 0.167,8-19-39-16-8 = 0.333,8-40-20-33-11-8 = 0.167,8-40-20-30-11-8 = 0.333,8-13-40-20-33-12-8 = 0.5,8-30-11-31-8 = 0.333,8-30-33-17-12-8 = 0.333,2-34-15-2 = 0.5,2-28-23-15-2 = 0.167,2-28-22-15-2 = 0.333,10-25-38-26-34-2 = 0.333,2-26-23-22-2 = 0.667,2-28-24-35-10 = 0.333,2-28-23-34-2 = 0.167,8-17-24-35-10 = 0.667
0,0,621.055,0.0,621.055,0.0,Prune by CG,,7-26-7 = 1.0,7-28-22-7 = 1.0,7-23-24-35-7 = 0.5,7-23-37-27-7 = 0.5,7-38-24-35-27-7 = 0.5,7-25-38-37-7 = 0.5,8-13-14-29-8 = 1.0,8-12-11-31-8 = 0.5,8-19-39-16-8 = 0.5,8-40-20-33-17-7 = 0.5,8-40-20-30-11-8 = 0.5,8-16-39-31-8 = 0.5,8-30-33-17-12-8 = 0.5,2-34-15-2 = 1.0,7-25-21-32-7 = 0.5,7-32-36-18-8 = 0.5,8-19-21-36-18-8 = 0.5
0,0,611.306,0.0,611.306,0.0,Prune by CG,,10-36-18-10 = 0.964,10-19-39-16-8 = 0.929,10-32-36-18-10 = 0.036,10-21-38-37-27-7 = 0.036,7-28-34-15-7 = 1.0,7-23-37-27-7 = 0.321,7-26-23-22-7 = 0.679,7-38-24-35-27-7 = 0.643,7-38-24-37-7 = 0.286,7-25-38-37-7 = 0.036,7-25-21-32-10 = 0.964,8-14-29-31-8 = 0.25,8-13-14-29-8 = 0.75,8-12-11-31-8 = 0.679,8-19-39-16-8 = 0.071,8-40-20-33-17-7 = 0.5,8-40-20-30-11-8 = 0.25,8-13-40-20-33-12-8 = 0.071,8-13-40-20-30-12-8 = 0.179,8-30-11-31-8 = 0.071,8-30-33-17-35-7 = 0.357,8-30-33-17-12-8 = 0.071,7-26-37-22-7 = 0.321,8-30-17-24-7 = 0.071
0,0,637.692,0.0,637.692,0.0,Prune by CG,,7-26-7 = 0.292,10-36-18-10 = 0.875,10-19-39-16-8 = 0.625,10-32-36-18-10 = 0.125,10-21-38-37-27-7 = 0.125,7-28-34-15-7 = 1.0,7-23-37-27-7 = 0.292,7-37-35-22-7 = 0.292,7-26-23-22-7 = 0.708,7-38-24-35-27-7 = 0.583,7-38-24-37-7 = 0.167,7-25-38-37-7 = 0.125,10-19-30-17-12-8 = 0.125,7-25-21-32-10 = 0.875,8-14-29-31-8 = 0.312,8-13-14-29-8 = 0.688,8-12-11-31-8 = 0.438,8-40-20-33-11-8 = 0.188,8-40-20-33-17-7 = 0.375,8-40-20-30-11-8 = 0.125,8-13-40-20-33-12-8 = 0.313,8-30-11-31-8 = 0.25,8-30-33-17-12-8 = 0.125,8-30-17-24-7 = 0.25,8-16-39-4 = 0.25,4-19-39-16-8 = 0.125,4-19-30-17-35-7 = 0.125
0,0,636.497,0.0,636.497,0.0,Prune by CG,,7-26-7 = 0.125,9-39-9 = 1.0,10-36-18-10 = 0.5,10-32-36-18-10 = 0.5,10-21-24-35-27-7 = 0.125,10-21-38-37-27-7 = 0.375,7-28-22-7 = 0.125,7-23-37-27-7 = 0.125,7-17-24-35-7 = 0.375,7-26-23-22-7 = 0.875,7-38-24-35-27-7 = 0.25,7-25-37-27-7 = 0.125,7-25-38-37-7 = 0.375,7-25-21-32-10 = 0.5,7-28-40-20-12-9 = 0.5,7-28-40-20-33-9 = 0.375,9-12-11-31-9 = 0.5,9-13-14-29-16-9 = 1.0,9-19-11-31-9 = 0.25,9-19-30-24-35-7 = 0.25,9-19-30-33-17-7 = 0.5,9-30-11-31-9 = 0.25,2-34-15-2 = 1.0,9-40-20-33-17-7 = 0.125
0,0,642.22,0.0,642.22,0.0,Prune by CG,,9-39-9 = 1.0,10-36-18-10 = 0.2,10-21-38-24-35-10 = 0.4,10-32-36-18-10 = 0.8,10-25-37-27-10 = 0.6,10-25-21-32-10 = 0.2,8-13-14-29-16-8 = 1.0,8-12-11-31-8 = 0.2,8-40-20-33-11-8 = 0.2,8-40-20-33-17-8 = 0.2,8-40-20-33-31-8 = 0.4,8-30-11-31-8 = 0.2,9-19-30-17-12-9 = 0.8,2-34-15-2 = 0.8,2-28-22-15-2 = 0.2,9-19-11-31-8 = 0.2,2-26-23-22-2 = 0.2,2-28-24-35-10 = 0.6,2-28-23-34-2 = 0.2,10-25-38-26-6 = 0.2,10-21-38-37-27-6 = 0.4,8-40-20-33-11-9 = 0.2,6-26-23-22-2 = 0.6
0,0,615.965,0.0,615.965,0.0,Prune by CG,,7-28-34-15-7 = 1.0,7-17-24-35-7 = 0.7,7-26-23-22-7 = 1.0,7-38-24-35-27-7 = 0.3,7-25-37-27-7 = 0.3,7-25-38-37-7 = 0.3,8-14-29-31-8 = 0.383,8-13-14-29-8 = 0.617,8-12-11-31-8 = 0.15,8-19-39-16-8 = 0.8,8-40-20-33-11-8 = 0.117,8-40-20-33-17-8 = 0.033,8-40-20-33-12-16-8 = 0.2,8-40-20-30-11-8 = 0.267,8-13-40-20-33-12-8 = 0.383,8-30-11-31-8 = 0.467,8-30-33-17-12-8 = 0.267,7-25-21-32-5 = 0.4,5-32-36-18-5 = 0.6,8-19-21-36-18-5 = 0.2,5-21-38-37-27-7 = 0.4,5-36-18-39-8 = 0.2
0,0,657.484,0.0,657.484,0.0,Prune by CG,,7-26-7 = 0.75,2-34-2 = 0.112,7-28-22-7 = 0.638,7-23-24-35-7 = 0.25,7-23-37-27-7 = 0.5,7-17-24-35-7 = 0.25,7-26-23-22-7 = 0.25,7-38-24-35-27-7 = 0.5,7-25-38-37-7 = 0.5,7-28-22-15-2 = 0.112,2-34-15-2 = 0.888,7-32-36-18-7 = 0.5,7-25-21-32-7 = 0.5,7-28-40-14-3 = 0.114,3-14-29-31-3 = 0.159,3-13-14-29-3 = 0.705,7-28-20-33-12-3 = 0.001,7-28-20-14-3 = 0.023,2-28-33-11-3 = 0.023,2-28-20-33-12-3 = 0.09,7-30-11-31-3 = 0.636,7-30-12-39-16-3 = 0.364,3-29-12-39-16-3 = 0.136,3-40-20-33-17-7 = 0.75,3-12-11-31-3 = 0.205,3-19-21-36-18-7 = 0.5,3-19-12-39-16-3 = 0.205,3-13-19-39-16-3 = 0.295,3-40-20-33-11-3 = 0.136
0,0,646.532,0.0,646.532,0.0,Prune by CG,,7-26-7 = 0.292,10-36-18-10 = 0.875,10-19-39-16-8 = 0.75,10-32-36-18-10 = 0.125,10-21-38-37-27-7 = 0.125,7-28-34-15-7 = 1.0,7-23-37-27-7 = 0.292,7-37-35-22-7 = 0.292,7-26-23-22-7 = 0.708,7-38-24-35-27-7 = 0.583,7-38-24-37-7 = 0.167,7-25-38-37-7 = 0.125,7-25-21-32-10 = 0.875,8-14-29-31-8 = 0.312,8-13-14-29-8 = 0.688,8-12-11-31-8 = 0.438,8-40-20-33-11-8 = 0.187,8-40-20-33-17-7 = 0.375,8-40-20-30-11-8 = 0.125,8-13-40-20-33-12-8 = 0.312,8-30-11-31-8 = 0.25,8-30-33-17-35-7 = 0.125,8-30-17-24-7 = 0.25,8-16-39-4 = 0.25,4-19-30-17-12-8 = 0.25
0,0,644.931,0.0,644.931,0.0,Prune by CG,,7-26-7 = 0.3,7-28-34-15-7 = 1.0,7-23-37-27-7 = 0.3,7-37-35-22-7 = 0.3,7-17-24-35-7 = 0.05,7-26-23-22-7 = 0.7,7-38-24-35-27-7 = 0.65,7-25-37-27-7 = 0.05,7-25-38-37-7 = 0.35,7-24-17-12-8 = 0.192,8-14-29-31-8 = 0.158,8-13-14-29-8 = 0.842,8-12-11-31-8 = 0.283,8-40-20-33-17-7 = 0.483,8-40-20-33-12-16-8 = 0.2,8-40-20-30-11-8 = 0.158,8-13-40-20-33-12-8 = 0.15,8-13-40-20-30-12-8 = 0.008,8-30-11-31-8 = 0.558,8-30-33-17-12-8 = 0.167,8-30-17-24-7 = 0.108,7-25-21-32-7 = 0.6,8-16-39-4 = 0.2,4-19-39-16-8 = 0.6,7-32-36-18-4 = 0.4,4-19-21-36-18-4 = 0.4,4-36-18-39-4 = 0.2
0,0,640.745,0.0,640.745,0.0,Prune by CG,,9-39-9 = 1.0,7-28-34-15-7 = 1.0,7-23-37-27-7 = 0.25,7-17-24-35-7 = 0.188,7-26-23-22-7 = 0.75,7-38-24-35-27-7 = 0.625,7-25-37-27-7 = 0.125,7-25-38-37-7 = 0.375,8-14-29-31-8 = 0.146,8-13-14-31-8 = 0.146,8-13-14-29-8 = 0.146,8-13-14-29-16-8 = 0.562,8-13-29-31-8 = 0.146,8-12-11-31-8 = 0.25,8-40-20-33-11-8 = 0.438,8-40-20-33-17-7 = 0.125,8-40-20-33-12-16-8 = 0.438,8-30-11-31-8 = 0.312,7-26-37-22-7 = 0.25,9-19-30-17-35-7 = 0.188,8-30-17-24-7 = 0.188,9-19-21-36-18-9 = 0.5,9-19-30-17-12-8 = 0.312,7-25-21-32-5 = 0.5,5-32-36-18-9 = 0.5
0,0,638.597,0.0,638.597,0.0,Prune by CG,,9-39-9 = 1.0,10-36-18-10 = 0.167,10-21-38-24-35-10 = 0.5,10-32-36-18-10 = 0.833,10-25-37-27-10 = 0.167,10-25-21-32-10 = 0.167,10-21-38-37-27-10 = 0.333,9-12-11-31-9 = 0.4,9-13-14-29-16-9 = 1.0,9-19-11-31-9 = 0.133,9-19-30-17-12-9 = 0.6,9-40-20-33-11-9 = 0.167,9-40-20-33-31-9 = 0.167,9-30-11-31-9 = 0.3,2-34-15-2 = 0.833,2-28-22-15-2 = 0.167,2-26-23-22-2 = 0.167,2-28-23-34-2 = 0.167,10-25-37-27-6 = 0.5,9-19-30-24-35-10 = 0.1,9-17-24-35-10 = 0.4,2-28-40-20-33-9 = 0.667,6-26-23-22-2 = 0.667,9-19-25-38-26-6 = 0.167
0,0,654.512,0.0,654.512,0.0,Prune by CG,,7-28-34-15-7 = 1.0,7-23-37-27-7 = 0.333,7-17-24-35-7 = 0.333,7-26-23-22-7 = 0.667,7-38-24-35-27-7 = 0.667,7-25-38-37-7 = 0.333,7-26-37-22-7 = 0.333,7-25-21-32-5 = 0.667,3-13-14-29-3 = 1.0,4-19-21-36-18-4 = 0.333,4-19-12-16-39-4 = 0.333,5-32-36-18-4 = 0.333,5-36-18-39-4 = 0.333,7-30-11-31-3 = 0.333,4-39-16-31-3 = 0.333,4-12-11-31-3 = 0.333,4-19-30-33-17-7 = 0.333,3-40-20-33-17-7 = 0.333,3-40-20-30-11-7 = 0.333,3-40-20-33-12-16-4 = 0.333
0,0,624.982,0.0,624.982,0.0,Prune by CG,,9-39-9 = 0.5,10-36-18-10 = 0.5,10-32-36-18-10 = 0.5,10-21-38-37-27-7 = 0.5,7-28-34-15-7 = 1.0,7-17-24-35-7 = 0.4,7-26-23-22-7 = 1.0,7-38-24-35-27-7 = 0.25,7-25-37-27-7 = 0.25,7-25-38-37-7 = 0.25,7-25-21-32-10 = 0.5,7-40-20-33-11-9 = 0.35,9-19-30-17-12-9 = 0.6,9-19-30-24-35-7 = 0.35,9-19-30-33-11-9 = 0.05,9-40-20-33-11-9 = 0.4,9-39-16-31-3 = 0.5,3-14-29-31-3 = 0.25,3-13-14-29-3 = 0.25,3-13-14-29-16-9 = 0.5,3-13-40-20-31-3 = 0.05,9-12-11-31-3 = 0.2,3-13-40-20-33-12-9 = 0.2
0,0,646.052,0.0,646.052,0.0,Prune by CG,,9-39-9 = 0.385,10-21-38-24-35-10 = 0.8,10-32-36-18-10 = 1.0,10-25-37-27-10 = 0.8,9-19-17-11-9 = 0.154,9-19-30-17-12-9 = 0.692,9-19-30-33-11-9 = 0.077,9-40-20-33-11-9 = 0.615,9-30-17-11-9 = 0.154,2-34-15-2 = 0.5,2-28-23-15-2 = 0.1,2-28-22-15-2 = 0.4,9-39-16-31-3 = 0.615,3-14-29-31-3 = 0.308,3-13-14-31-3 = 0.077,3-13-14-29-3 = 0.231,3-13-14-29-16-9 = 0.385,3-13-40-20-33-12-9 = 0.308,2-28-40-20-29-3 = 0.077,10-25-38-26-34-2 = 0.2,2-26-23-22-2 = 0.6,10-21-26-37-27-10 = 0.2,2-28-24-35-10 = 0.123,2-28-23-34-2 = 0.3,9-19-30-24-35-10 = 0.077
0,0,664.818,0.0,664.818,0.0,Prune by CG,,7-26-7 = 0.689,2-34-2 = 0.756,7-23-37-27-7 = 0.5,7-17-24-35-7 = 0.433,7-26-23-22-7 = 0.311,7-38-24-35-27-7 = 0.5,7-25-38-37-7 = 0.5,2-28-22-15-2 = 0.689,2-28-24-35-7 = 0.067,7-32-36-18-7 = 0.5,7-25-21-32-7 = 0.5,2-40-20-33-17-7 = 0.211,7-30-33-12-11-7 = 0.089,2-14-29-31-2 = 0.344,2-13-14-31-2 = 0.344,2-13-14-29-15-2 = 0.311,2-28-23-34-2 = 0.189,7-19-21-36-18-7 = 0.5,7-19-30-12-11-7 = 0.189,7-30-12-39-16-2 = 0.689,2-28-40-20-34-2 = 0.056,2-13-29-16-31-2 = 0.311,7-19-39-11-7 = 0.311,2-40-20-33-11-7 = 0.344,2-40-20-33-17-2 = 0.356,2-40-20-30-11-7 = 0.033,2-13-29-12-11-7 = 0.033
0,0,637.925,0.0,637.925,0.0,Prune by CG,,7-26-7 = 0.25,9-39-9 = 1.0,7-28-34-15-7 = 1.0,7-23-37-27-7 = 0.25,7-37-35-22-7 = 0.25,7-26-23-22-7 = 0.75,7-38-24-35-27-7 = 0.625,7-25-37-27-7 = 0.125,7-25-38-37-7 = 0.375,7-24-17-12-9 = 0.25,9-12-11-31-9 = 0.3,9-13-14-29-16-9 = 1.0,9-19-30-17-12-9 = 0.05,9-19-30-24-35-7 = 0.125,9-19-30-12-31-9 = 0.325,9-40-20-33-11-9 = 0.275,9-40-20-33-31-9 = 0.025,9-30-11-31-9 = 0.35,9-40-20-30-11-9 = 0.075,9-19-21-36-18-9 = 0.5,9-30-33-17-12-9 = 0.075,9-40-20-33-17-7 = 0.625,7-25-21-32-5 = 0.5,5-32-36-18-9 = 0.5
0,0,648.259,0.0,648.259,0.0,Prune by CG,,7-26-7 = 0.333,10-36-18-10 = 1.0,10-19-30-12-11-7 = 0.5,7-28-34-15-7 = 1.0,7-23-37-27-7 = 0.333,7-37-35-22-7 = 0.333,7-26-23-22-7 = 0.667,7-38-24-35-27-7 = 0.667,7-38-24-37-7 = 0.333,7-25-21-32-10 = 1.0,3-13-14-31-3 = 0.5,3-13-14-29-3 = 0.5,10-19-39-16-3 = 0.5,7-30-11-31-3 = 0.5,3-29-12-39-16-3 = 0.5,3-40-20-33-17-7 = 1.0
0,0,643.638,0.0,643.638,0.0,Prune by CG,,10-36-18-10 = 0.222,10-21-38-24-35-10 = 0.267,10-32-36-18-10 = 0.778,10-25-37-27-10 = 0.489,10-25-21-32-10 = 0.222,10-21-38-37-27-10 = 0.444,8-14-29-31-8 = 0.111,8-13-14-29-8 = 0.889,8-12-11-31-8 = 0.667,8-40-20-33-17-8 = 0.778,8-40-20-30-11-8 = 0.111,8-13-40-20-33-12-8 = 0.111,8-30-11-31-8 = 0.222,8-30-33-17-12-8 = 0.111,2-34-15-2 = 0.5,2-28-23-15-2 = 0.144,2-28-22-15-2 = 0.356,8-16-39-4 = 0.556,4-19-39-16-8 = 0.444,4-19-30-17-12-8 = 0.111,10-25-38-26-34-2 = 0.289,2-26-23-22-2 = 0.644,10-21-26-37-27-10 = 0.067,2-28-24-35-10 = 0.289,2-28-23-34-2 = 0.211,10-19-30-24-35-10 = 0.444
0,0,640.109,0.0,640.109,0.0,Prune by CG,,7-26-7 = 0.193,9-39-9 = 0.955,7-28-22-7 = 0.193,7-23-24-35-7 = 0.193,7-17-24-35-7 = 0.193,7-26-23-22-7 = 0.807,7-38-24-35-27-7 = 0.25,7-25-37-27-7 = 0.25,7-25-38-37-7 = 0.75,7-28-40-20-12-9 = 0.341,7-28-40-20-33-9 = 0.443,9-40-20-33-11-9 = 0.091,9-30-17-24-7 = 0.364,2-34-15-2 = 1.0,7-32-36-18-9 = 0.5,9-19-21-36-18-9 = 0.5,9-30-33-17-35-7 = 0.364,9-40-20-33-17-7 = 0.08,9-19-21-32-27-7 = 0.5,7-28-40-20-29-3 = 0.023,9-39-16-31-3 = 0.045,3-14-29-31-3 = 0.023,3-13-14-31-3 = 0.023,3-13-14-29-16-9 = 0.955,9-12-11-31-3 = 0.636,3-13-40-20-33-12-9 = 0.023,9-30-11-31-3 = 0.273
0,0,671.576,0.0,671.576,0.0,Prune by CG,,7-26-7 = 0.229,7-28-34-15-7 = 1.0,7-23-37-27-7 = 0.25,7-37-27-22-7 = 0.207,7-37-35-22-7 = 0.021,7-17-24-35-7 = 0.457,7-26-23-22-7 = 0.75,7-38-24-35-27-7 = 0.521,7-25-37-27-7 = 0.021,7-25-38-37-7 = 0.479,7-26-37-22-7 = 0.021,7-32-36-18-7 = 0.5,7-25-21-32-7 = 0.5,3-14-29-31-3 = 0.5,3-13-14-31-3 = 0.414,3-13-14-29-3 = 0.086,7-24-17-12-3 = 0.021,7-30-11-31-3 = 0.043,7-30-12-39-16-3 = 0.086,7-30-33-17-12-3 = 0.436,3-29-12-39-16-3 = 0.414,3-40-20-33-17-7 = 0.086,3-12-11-31-3 = 0.043,3-19-21-36-18-7 = 0.5,3-13-19-39-16-3 = 0.5,3-40-20-33-11-3 = 0.479,3-40-20-30-11-3 = 0.436
0,0,652.969,0.0,652.969,0.0,Prune by CG,,10-32-10 = 0.037,10-36-18-10 = 0.37,10-19-39-16-8 = 0.37,10-25-38-24-10 = 0.167,10-25-38-35-12-8 = 0.167,10-32-36-18-10 = 0.63,10-25-37-27-10 = 0.333,10-25-21-32-10 = 0.333,10-21-38-37-27-10 = 0.667,8-14-29-31-8 = 0.926,8-13-14-29-8 = 0.074,8-12-11-31-8 = 0.074,8-19-39-16-8 = 0.63,8-40-20-17-12-8 = 0.074,8-40-20-33-11-8 = 0.611,8-40-20-30-11-8 = 0.315,8-30-33-17-12-8 = 0.389,8-30-24-35-12-8 = 0.296,8-17-24-35-10 = 0.537,8-28-34-15-8 = 0.074,8-13-28-34-15-8 = 0.926,6-26-23-22-6 = 1.0
0,0,690.317,0.0,690.317,0.0,Prune by CG,,7-26-7 = 0.299,7-28-34-15-7 = 0.701,7-28-22-7 = 0.299,7-26-23-22-7 = 0.48,7-38-24-35-27-7 = 0.231,7-38-24-37-7 = 0.125,7-40-20-33-17-7 = 0.88,7-40-20-30-11-7 = 0.12,7-30-33-17-35-7 = 0.12,7-26-37-22-7 = 0.221,7-13-14-31-7 = 0.134,7-13-14-29-12-7 = 0.12,7-13-14-29-35-7 = 0.014,7-13-14-34-15-7 = 0.299,7-13-29-31-7 = 0.313,7-13-29-16-31-7 = 0.12,7-14-29-31-7 = 0.433,7-24-37-27-7 = 0.009,7-25-21-32-5 = 0.08,7-25-21-36-5 = 0.08,5-32-36-18-5 = 0.92,7-23-24-35-5 = 0.52,7-25-21-18-5 = 0.08,5-21-24-35-27-7 = 0.115,5-21-38-37-27-7 = 0.645,5-25-30-11-5 = 0.76,5-19-39-11-5 = 0.12,5-19-12-16-39-5 = 0.88
0,0,641.233,0.0,641.233,0.0,Prune by CG,,10-36-18-10 = 0.333,10-19-39-16-8 = 0.667,10-32-36-18-10 = 0.667,10-25-37-27-10 = 0.333,10-25-21-32-10 = 0.333,10-21-38-37-27-10 = 0.667,8-14-29-31-8 = 0.5,8-13-14-29-8 = 0.5,8-12-11-31-8 = 0.167,8-19-39-16-8 = 0.333,8-40-20-33-11-8 = 0.167,8-40-20-30-11-8 = 0.333,8-13-40-20-33-12-8 = 0.5,8-30-11-31-8 = 0.333,8-30-33-17-12-8 = 0.333,2-34-15-2 = 0.667,2-28-22-15-2 = 0.333,2-26-23-22-2 = 0.333,2-28-24-35-10 = 0.333,2-28-23-34-2 = 0.333,10-25-38-26-6 = 0.333,8-17-24-35-10 = 0.667,6-26-23-22-2 = 0.333
0,0,653.484,0.0,653.484,0.0,Prune by CG,,7-26-7 = 0.75,7-28-22-7 = 0.75,7-28-17-35-7 = 0.15,7-23-24-35-7 = 0.25,7-23-37-27-7 = 0.5,7-17-24-35-7 = 0.1,7-26-23-22-7 = 0.25,7-38-24-35-27-7 = 0.5,7-38-24-37-7 = 0.15,7-25-38-37-7 = 0.35,2-34-15-2 = 1.0,7-25-21-32-5 = 0.65,3-13-14-29-3 = 1.0,4-19-21-36-18-4 = 0.35,4-19-12-16-39-4 = 0.367,5-32-36-18-4 = 0.35,5-36-18-39-4 = 0.3,7-28-30-11-7 = 0.1,7-30-11-31-3 = 0.333,4-39-16-31-3 = 0.333,4-12-11-31-3 = 0.333,4-19-30-33-17-7 = 0.283,3-40-20-33-17-7 = 0.467,3-40-20-30-11-7 = 0.233,3-40-20-33-12-16-4 = 0.25,3-40-20-30-12-16-4 = 0.05
0,0,622.167,0.0,622.167,0.0,Prune by CG,,7-26-7 = 0.292,10-36-18-10 = 0.875,10-19-39-16-8 = 0.5,10-32-36-18-10 = 0.125,10-21-38-37-27-7 = 0.125,7-28-34-15-7 = 1.0,7-23-37-27-7 = 0.292,7-37-35-22-7 = 0.292,7-26-23-22-7 = 0.708,7-38-24-35-27-7 = 0.583,7-38-24-37-7 = 0.167,7-25-38-37-7 = 0.125,10-19-30-17-12-8 = 0.25,7-25-21-32-10 = 0.875,8-14-29-31-8 = 0.312,8-13-14-29-8 = 0.688,8-12-11-31-8 = 0.438,8-40-20-33-11-8 = 0.187,8-40-20-33-17-7 = 0.375,8-40-20-30-11-8 = 0.125,8-13-40-20-33-12-8 = 0.312,8-30-11-31-8 = 0.25,8-30-33-17-35-7 = 0.125,8-30-17-24-7 = 0.25,8-16-39-4 = 0.25,4-19-39-16-8 = 0.25
0,0,658.787,0.0,658.787,0.0,Prune by CG,,10-36-18-10 = 0.333,10-21-38-24-35-10 = 0.333,10-19-39-16-8 = 1.0,10-25-38-37-10 = 0.333,10-32-36-18-10 = 0.667,10-25-37-27-10 = 0.333,10-25-21-32-10 = 0.333,10-21-38-37-27-10 = 0.333,8-14-29-31-8 = 0.667,8-13-14-29-8 = 0.333,8-12-11-31-8 = 0.333,8-40-20-33-11-8 = 0.333,8-40-20-30-11-8 = 0.333,8-13-40-20-33-12-8 = 0.333,8-30-33-17-12-8 = 0.333,10-26-23-22-10 = 0.667,8-17-24-35-10 = 0.667,8-28-22-27-10 = 0.333,8-13-28-34-15-8 = 0.333,8-30-23-34-15-8 = 0.333,8-28-26-34-15-8 = 0.333
0,0,635.997,0.0,635.997,0.0,Prune by CG,,10-36-18-10 = 0.333,10-19-39-16-8 = 0.667,10-32-36-18-10 = 0.667,10-25-37-27-10 = 0.333,10-25-21-32-10 = 0.333,10-21-38-37-27-10 = 0.667,8-14-29-31-8 = 0.5,8-13-14-29-8 = 0.5,8-12-11-31-8 = 0.167,8-19-39-16-8 = 0.333,8-40-20-33-11-8 = 0.167,8-40-20-30-11-8 = 0.333,8-13-40-20-33-12-8 = 0.5,8-30-11-31-8 = 0.333,8-30-33-17-12-8 = 0.333,2-34-15-2 = 0.5,2-28-23-15-2 = 0.167,2-28-22-15-2 = 0.333,10-25-38-26-34-2 = 0.333,2-26-23-22-2 = 0.667,2-28-24-35-10 = 0.333,2-28-23-34-2 = 0.167,8-17-24-35-10 = 0.667
0,0,640.09,0.0,640.09,0.0,Prune by CG,,9-39-9 = 1.0,7-28-34-15-7 = 1.0,7-23-37-27-7 = 0.25,7-17-24-35-7 = 0.188,7-26-23-22-7 = 0.75,7-38-24-35-27-7 = 0.625,7-25-37-27-7 = 0.125,7-25-38-37-7 = 0.375,8-14-29-31-8 = 0.146,8-13-14-31-8 = 0.146,8-13-14-29-8 = 0.146,8-13-14-29-16-8 = 0.562,8-13-29-31-8 = 0.146,8-12-11-31-8 = 0.25,8-40-20-33-11-8 = 0.438,8-40-20-33-17-7 = 0.125,8-40-20-33-12-16-8 = 0.438,8-30-11-31-8 = 0.312,7-26-37-22-7 = 0.25,9-19-30-17-35-7 = 0.188,8-30-17-24-7 = 0.188,9-19-21-36-18-9 = 0.5,9-19-30-17-12-8 = 0.312,7-25-21-32-5 = 0.5,5-32-36-18-9 = 0.5
0,0,618.461,0.0,618.461,0.0,Prune by CG,,7-26-7 = 0.583,9-39-9 = 1.0,7-28-22-7 = 0.583,7-28-17-12-8 = 0.417,7-23-24-35-7 = 0.583,7-17-24-35-7 = 0.167,7-26-23-22-7 = 0.417,7-38-24-35-27-7 = 0.25,7-25-37-27-7 = 0.25,7-25-38-37-7 = 0.75,8-13-14-29-8 = 0.583,8-13-14-29-16-8 = 0.417,8-40-20-33-17-7 = 0.417,8-40-20-33-12-16-8 = 0.583,8-30-11-31-8 = 1.0,2-34-15-2 = 1.0,7-32-36-18-9 = 0.5,9-19-21-36-18-9 = 0.5,9-19-21-32-27-7 = 0.5
0,0,652.462,0.0,652.462,0.0,Prune by CG,,9-39-9 = 0.467,10-36-18-10 = 0.167,10-21-38-24-35-10 = 0.5,10-32-36-18-10 = 0.833,10-25-37-27-10 = 0.5,10-25-21-32-10 = 0.167,9-19-17-11-9 = 0.033,9-19-30-17-12-9 = 0.7,9-19-30-33-11-9 = 0.1,9-40-20-33-11-9 = 0.567,9-30-17-11-9 = 0.2,2-34-15-2 = 0.833,2-28-22-15-2 = 0.167,9-39-16-31-3 = 0.533,3-14-29-31-3 = 0.267,3-13-14-31-3 = 0.167,3-13-14-29-3 = 0.1,3-13-14-29-16-9 = 0.467,9-12-11-31-3 = 0.033,3-13-40-20-33-12-9 = 0.267,2-28-40-20-29-3 = 0.167,2-26-23-22-2 = 0.167,2-28-24-35-10 = 0.5,2-28-23-34-2 = 0.167,10-25-37-27-6 = 0.167,10-21-38-37-27-6 = 0.333,9-33-17-11-9 = 0.067,6-26-23-22-2 = 0.667,9-19-25-38-26-6 = 0.167
0,0,620.771,0.0,620.771,0.0,Prune by CG,,7-26-7 = 0.125,9-39-9 = 1.0,10-36-18-10 = 0.5,10-32-36-18-10 = 0.5,10-21-24-35-27-7 = 0.125,10-21-38-37-27-7 = 0.375,7-28-22-7 = 0.125,7-23-37-27-7 = 0.125,7-17-24-35-7 = 0.375,7-26-23-22-7 = 0.875,7-38-24-35-27-7 = 0.25,7-25-37-27-7 = 0.125,7-25-38-37-7 = 0.375,7-25-21-32-10 = 0.5,7-28-40-20-12-9 = 0.5,7-28-40-20-33-9 = 0.375,9-12-11-31-9 = 0.5,9-13-14-29-16-9 = 1.0,9-19-11-31-9 = 0.25,9-19-30-24-35-7 = 0.25,9-19-30-33-17-7 = 0.5,9-30-11-31-9 = 0.25,2-34-15-2 = 1.0,9-40-20-33-17-7 = 0.125
0,0,650.382,0.0,650.382,0.0,Prune by CG,,7-26-7 = 0.5,10-36-18-10 = 1.0,10-19-30-12-11-7 = 0.375,7-28-22-7 = 0.5,7-28-17-35-7 = 0.25,7-23-37-27-7 = 0.5,7-26-23-22-7 = 0.5,7-38-24-35-27-7 = 0.5,7-38-24-37-7 = 0.5,7-25-21-32-10 = 1.0,2-34-15-2 = 1.0,3-14-29-31-3 = 0.25,3-13-14-31-3 = 0.375,3-13-14-29-3 = 0.375,7-28-30-11-7 = 0.25,10-19-39-16-3 = 0.375,7-30-11-31-3 = 0.375,3-29-12-39-16-3 = 0.375,3-40-20-33-17-7 = 0.75,3-13-40-20-33-35-7 = 0.25,10-19-12-39-16-3 = 0.25
0,0,650.44,0.0,650.44,0.0,Prune by CG,,10-36-18-10 = 0.236,10-21-38-24-35-10 = 0.291,10-32-36-18-10 = 0.764,10-25-37-27-10 = 0.236,10-25-21-32-10 = 0.236,10-21-38-37-27-10 = 0.473,8-14-29-31-8 = 0.164,8-13-14-29-8 = 0.836,8-12-11-31-8 = 0.509,8-40-20-33-17-8 = 0.673,8-40-20-30-11-8 = 0.164,8-13-40-20-33-12-8 = 0.164,8-30-11-31-8 = 0.327,8-30-33-17-12-8 = 0.164,2-34-15-2 = 0.764,2-28-22-15-2 = 0.236,8-16-39-4 = 0.582,4-19-39-16-8 = 0.418,4-19-30-17-12-8 = 0.164,2-26-23-22-2 = 0.236,2-28-24-35-10 = 0.527,2-28-23-34-2 = 0.236,10-19-25-38-26-6 = 0.236,10-19-30-24-35-10 = 0.182,10-25-37-27-6 = 0.291,6-26-23-22-2 = 0.527
0,0,651.412,0.0,651.412,0.0,Prune by CG,,7-26-7 = 0.333,7-28-34-15-7 = 1.0,7-23-37-27-7 = 0.333,7-37-35-22-7 = 0.333,7-26-23-22-7 = 0.667,7-38-24-35-27-7 = 0.667,7-25-38-37-7 = 0.333,7-24-17-12-8 = 0.111,8-14-29-31-8 = 0.056,8-13-14-29-8 = 0.944,8-12-11-31-8 = 0.389,8-40-20-33-17-7 = 0.556,8-40-20-33-12-16-8 = 0.278,8-40-20-30-11-8 = 0.056,8-40-20-30-12-16-8 = 0.056,8-13-40-20-33-12-8 = 0.056,8-30-11-31-8 = 0.556,8-30-33-17-12-8 = 0.111,8-30-17-24-7 = 0.222,7-25-21-32-5 = 0.667,4-19-39-16-8 = 0.667,4-19-21-36-18-4 = 0.333,5-32-36-18-4 = 0.333,5-36-18-39-4 = 0.333
0,0,639.007,0.0,639.007,0.0,Prune by CG,,7-26-7 = 0.42,9-39-9 = 1.0,7-28-22-7 = 0.42,7-23-37-27-7 = 0.46,7-17-24-35-7 = 0.16,7-26-23-22-7 = 0.54,7-38-24-35-27-7 = 0.52,7-25-37-27-7 = 0.02,7-25-38-37-7 = 0.48,7-26-37-22-7 = 0.04,7-28-40-20-12-9 = 0.34,7-28-40-20-33-9 = 0.24,9-12-11-31-9 = 0.66,9-13-14-29-16-9 = 1.0,9-19-30-24-35-7 = 0.24,9-19-30-33-17-7 = 0.26,9-30-11-31-9 = 0.34,9-30-17-24-7 = 0.08,2-34-15-2 = 1.0,9-19-21-36-18-9 = 0.5,9-30-33-17-35-7 = 0.08,9-40-20-33-17-7 = 0.42,7-25-21-32-5 = 0.5,5-32-36-18-9 = 0.5
0,0,658.615,0.0,658.615,0.0,Prune by CG,,7-26-7 = 0.47,7-28-22-7 = 0.47,7-28-40-20-33-7 = 0.349,7-23-37-27-7 = 0.47,7-26-23-22-7 = 0.53,7-38-24-35-27-7 = 0.47,7-38-24-37-7 = 0.349,7-25-38-37-7 = 0.12,7-40-20-33-17-7 = 0.193,7-40-20-30-11-7 = 0.096,7-28-40-20-15-2 = 0.09,2-34-15-2 = 0.91,2-40-20-33-17-7 = 0.181,7-25-21-32-5 = 0.88,5-32-36-18-5 = 0.12,4-19-39-4 = 0.036,4-19-30-12-39-4 = 0.096,4-19-30-17-35-7 = 0.349,4-19-21-36-18-4 = 0.06,5-21-38-37-27-7 = 0.06,4-39-16-31-4 = 0.048,4-14-29-31-4 = 0.024,4-13-14-31-4 = 0.024,4-13-14-29-16-4 = 0.952,4-13-29-31-4 = 0.012,4-13-29-12-11-7 = 0.012,4-12-11-31-4 = 0.892,5-36-18-39-4 = 0.819,4-19-30-33-17-7 = 0.277,4-19-30-24-35-7 = 0.181,7-28-40-20-34-2 = 0.09
0,0,647.371,0.0,647.371,0.0,Prune by CG,,9-39-9 = 1.0,10-21-38-24-35-10 = 0.8,10-32-36-18-10 = 1.0,10-25-37-27-10 = 0.8,8-13-14-29-16-8 = 1.0,8-12-11-31-8 = 0.2,8-40-20-33-11-8 = 0.2,8-40-20-33-17-8 = 0.2,8-40-20-33-31-8 = 0.4,8-30-11-31-8 = 0.2,9-19-30-17-12-9 = 0.8,2-34-15-2 = 0.5,2-28-23-15-2 = 0.1,2-28-22-15-2 = 0.4,9-19-11-31-8 = 0.2,10-25-38-26-34-2 = 0.2,2-26-23-22-2 = 0.6,10-21-26-37-27-10 = 0.2,2-28-24-35-10 = 0.2,2-28-23-34-2 = 0.3,8-40-20-33-11-9 = 0.2
0,0,641.233,0.0,641.233,0.0,Prune by CG,,10-36-18-10 = 0.333,10-19-39-16-8 = 0.667,10-32-36-18-10 = 0.667,10-25-37-27-10 = 0.333,10-25-21-32-10 = 0.333,10-21-38-37-27-10 = 0.667,8-14-29-31-8 = 0.5,8-13-14-29-8 = 0.5,8-12-11-31-8 = 0.167,8-19-39-16-8 = 0.333,8-40-20-33-11-8 = 0.167,8-40-20-30-11-8 = 0.333,8-13-40-20-33-12-8 = 0.5,8-30-11-31-8 = 0.333,8-30-33-17-12-8 = 0.333,2-34-15-2 = 0.667,2-28-22-15-2 = 0.333,2-26-23-22-2 = 0.333,2-28-24-35-10 = 0.333,2-28-23-34-2 = 0.333,10-25-38-26-6 = 0.333,8-17-24-35-10 = 0.667,6-26-23-22-2 = 0.333
0,0,620.379,0.0,620.379,0.0,Prune by CG,,7-26-7 = 0.2,9-39-9 = 1.0,7-28-22-7 = 0.2,7-23-24-35-7 = 0.2,7-17-24-35-7 = 0.2,7-26-23-22-7 = 0.8,7-38-24-35-27-7 = 0.25,7-25-37-27-7 = 0.25,7-25-38-37-7 = 0.75,7-28-40-20-12-9 = 0.35,7-28-40-20-33-9 = 0.45,9-12-11-31-9 = 0.65,9-13-14-29-16-9 = 1.0,9-40-20-33-11-9 = 0.05,9-40-20-33-31-9 = 0.05,9-30-11-31-9 = 0.3,9-30-17-24-7 = 0.35,2-34-15-2 = 1.0,7-32-36-18-9 = 0.5,9-19-21-36-18-9 = 0.5,9-30-33-17-35-7 = 0.35,9-40-20-33-17-7 = 0.1,9-19-21-32-27-7 = 0.5
0,0,659.634,0.0,659.634,0.0,Prune by CG,,7-26-7 = 0.167,10-36-18-10 = 0.5,10-32-36-18-10 = 0.5,10-21-24-35-27-7 = 0.5,7-28-34-15-7 = 1.0,7-23-37-27-7 = 0.167,7-37-35-22-7 = 0.167,7-26-23-22-7 = 0.833,7-38-24-35-27-7 = 0.333,7-38-24-37-7 = 0.167,7-25-38-37-7 = 0.5,7-25-21-32-10 = 0.5,3-13-14-29-3 = 1.0,4-19-12-16-39-4 = 1.0,7-30-11-31-3 = 1.0,3-40-20-33-17-7 = 1.0
0,0,653.868,0.0,653.868,0.0,Prune by CG,,2-34-2 = 0.5,9-39-9 = 1.0,8-14-29-31-8 = 0.185,8-13-14-31-8 = 0.185,8-13-14-29-16-8 = 0.631,8-13-29-31-8 = 0.185,8-12-11-31-8 = 0.292,8-40-20-33-11-8 = 0.554,8-40-20-33-17-8 = 0.077,8-40-20-33-12-16-8 = 0.369,2-28-22-15-2 = 0.5,9-19-21-32-18-9 = 0.333,9-19-21-36-18-9 = 0.333,9-32-36-18-9 = 0.333,9-30-11-31-8 = 0.155,2-26-23-22-2 = 0.5,2-28-23-34-2 = 0.5,8-30-24-17-8 = 0.595,9-19-25-38-35-9 = 0.333,9-25-37-27-9 = 0.25,9-25-38-24-9 = 0.077,9-25-38-35-12-8 = 0.339,8-17-24-35-9 = 0.327,2-26-37-27-15-2 = 0.5,9-21-32-36-9 = 0.333,8-30-38-37-27-9 = 0.167,9-30-38-37-27-9 = 0.083
0,0,626.238,0.0,626.238,0.0,Prune by CG,,7-26-7 = 0.25,9-39-9 = 1.0,7-28-34-15-7 = 1.0,7-23-37-27-7 = 0.25,7-37-35-22-7 = 0.25,7-26-23-22-7 = 0.75,7-38-24-35-27-7 = 0.625,7-25-37-27-7 = 0.125,7-25-38-37-7 = 0.375,7-24-17-12-9 = 0.25,9-12-11-31-9 = 0.3,9-13-14-29-16-9 = 1.0,9-19-30-17-12-9 = 0.05,9-19-30-24-35-7 = 0.125,9-19-30-12-31-9 = 0.325,9-40-20-33-11-9 = 0.275,9-40-20-33-31-9 = 0.025,9-30-11-31-9 = 0.35,9-40-20-30-11-9 = 0.075,9-19-21-36-18-9 = 0.5,9-30-33-17-12-9 = 0.075,9-40-20-33-17-7 = 0.625,7-25-21-32-5 = 0.5,5-32-36-18-9 = 0.5
0,0,664.086,0.0,664.086,0.0,Prune by CG,,10-36-18-10 = 0.5,10-32-36-18-10 = 0.5,10-21-24-35-27-7 = 0.067,10-21-38-37-27-7 = 0.433,7-28-34-15-7 = 1.0,7-23-37-27-7 = 0.033,7-17-24-35-7 = 0.556,7-26-23-22-7 = 0.967,7-38-24-35-27-7 = 0.267,7-25-37-27-7 = 0.2,7-25-38-37-7 = 0.3,7-40-20-33-11-7 = 0.556,7-40-20-33-17-7 = 0.444,7-25-21-32-10 = 0.5,7-26-37-22-7 = 0.033,4-19-30-12-39-4 = 0.778,4-39-16-31-4 = 0.222,4-14-29-31-4 = 0.111,4-13-14-31-4 = 0.111,4-13-14-29-16-4 = 0.778,4-19-11-31-4 = 0.111,7-30-11-31-4 = 0.111,4-13-29-31-4 = 0.111,4-12-11-31-4 = 0.222,4-19-30-24-35-7 = 0.111
0,0,658.137,0.0,658.137,0.0,Prune by CG,,9-39-9 = 1.0,8-14-29-31-8 = 0.076,8-13-14-31-8 = 0.076,8-13-14-29-8 = 0.618,8-13-14-29-16-8 = 0.229,8-13-29-31-8 = 0.076,8-12-11-31-8 = 0.229,8-40-20-33-11-8 = 0.229,8-40-20-33-12-16-8 = 0.771,2-34-15-2 = 0.5,2-28-22-15-2 = 0.5,9-19-21-36-18-9 = 0.333,9-30-11-31-8 = 0.542,5-32-36-18-9 = 0.667,5-25-21-32-5 = 0.333,2-26-23-22-2 = 0.5,2-28-23-34-2 = 0.5,8-30-24-17-8 = 0.458,2-26-37-35-27-5 = 0.25,9-19-25-38-35-9 = 0.208,9-19-25-38-26-2 = 0.25,8-17-24-35-9 = 0.542,5-21-38-37-27-5 = 0.333,9-19-38-37-27-5 = 0.208,9-25-37-27-5 = 0.208
0,0,660.244,0.0,660.244,0.0,Prune by CG,,8-14-29-31-8 = 0.111,8-13-14-31-8 = 0.111,8-13-14-29-8 = 0.778,8-13-29-31-8 = 0.111,8-12-11-31-8 = 0.333,8-19-39-16-8 = 1.0,8-40-20-33-11-8 = 0.333,8-40-20-33-17-8 = 0.667,8-30-11-31-8 = 0.333,2-34-15-2 = 0.5,2-28-23-15-2 = 0.167,2-28-22-15-2 = 0.333,5-32-36-18-5 = 1.0,2-26-23-22-2 = 0.667,2-28-23-34-2 = 0.167,8-30-24-35-12-8 = 0.667,5-25-37-27-5 = 0.333,8-17-24-35-8 = 0.333,5-21-38-37-27-5 = 0.667,5-25-38-26-34-2 = 0.333,2-28-25-21-5 = 0.333
0,0,672.999,0.0,672.999,0.0,Prune by CG,,7-26-7 = 0.083,7-28-34-15-7 = 1.0,7-23-37-27-7 = 0.167,7-37-35-22-7 = 0.083,7-17-24-35-7 = 0.25,7-26-23-22-7 = 0.833,7-38-24-35-27-7 = 0.583,7-38-24-37-7 = 0.167,7-25-37-27-7 = 0.25,7-25-38-37-7 = 0.25,7-30-33-17-35-7 = 0.083,7-26-37-22-7 = 0.083,7-25-21-32-5 = 0.5,5-32-36-18-5 = 0.5,3-13-14-31-3 = 0.5,3-13-14-29-3 = 0.5,7-30-11-31-3 = 0.5,7-30-12-39-16-3 = 0.167,3-29-12-39-16-3 = 0.5,3-40-20-33-11-7 = 0.25,3-40-20-33-17-7 = 0.667,3-40-20-30-11-7 = 0.083,5-19-39-16-3 = 0.167,5-19-30-12-11-7 = 0.167,5-19-12-39-16-3 = 0.167,5-19-21-36-18-5 = 0.5
0,0,668.725,0.0,668.725,0.0,Prune by CG,,9-39-9 = 1.0,10-36-18-10 = 0.333,10-32-36-18-10 = 0.667,10-25-37-27-10 = 0.667,10-25-21-32-10 = 0.333,10-21-38-37-27-10 = 0.333,9-13-14-29-16-9 = 1.0,9-19-30-17-12-9 = 1.0,9-40-20-33-11-9 = 1.0,10-21-23-22-6 = 0.333,9-28-24-35-10 = 1.0,6-26-34-15-31-9 = 1.0,10-38-23-22-6 = 0.667
0,0,638.107,0.0,638.107,0.0,Prune by CG,,7-26-7 = 0.3,7-28-34-15-7 = 1.0,7-23-37-27-7 = 0.3,7-37-35-22-7 = 0.3,7-17-24-35-7 = 0.05,7-26-23-22-7 = 0.7,7-38-24-35-27-7 = 0.65,7-25-37-27-7 = 0.05,7-25-38-37-7 = 0.35,7-24-17-12-8 = 0.192,8-14-29-31-8 = 0.158,8-13-14-29-8 = 0.842,8-12-11-31-8 = 0.283,8-40-20-33-17-7 = 0.483,8-40-20-33-12-16-8 = 0.2,8-40-20-30-11-8 = 0.158,8-13-40-20-33-12-8 = 0.15,8-13-40-20-30-12-8 = 0.008,8-30-11-31-8 = 0.558,8-30-33-17-12-8 = 0.167,8-30-17-24-7 = 0.108,7-25-21-32-7 = 0.6,8-16-39-4 = 0.2,4-19-39-16-8 = 0.6,7-32-36-18-4 = 0.4,4-19-21-36-18-4 = 0.4,4-36-18-39-4 = 0.2
0,0,670.916,0.0,670.916,0.0,Prune by CG,,8-16-8 = 1.0,9-39-9 = 1.0,10-21-38-24-35-10 = 1.0,10-32-36-18-10 = 1.0,10-25-37-27-10 = 1.0,8-14-29-31-8 = 1.0,8-40-20-33-11-8 = 1.0,9-19-30-17-12-9 = 1.0,10-26-23-22-10 = 1.0,8-13-28-34-15-8 = 1.0
0,0,628.402,0.0,628.402,0.0,Prune by CG,,9-39-9 = 1.0,7-28-34-15-7 = 1.0,7-23-37-27-7 = 0.25,7-17-24-35-7 = 0.188,7-26-23-22-7 = 0.75,7-38-24-35-27-7 = 0.625,7-25-37-27-7 = 0.125,7-25-38-37-7 = 0.375,8-14-29-31-8 = 0.146,8-13-14-31-8 = 0.146,8-13-14-29-8 = 0.146,8-13-14-29-16-8 = 0.562,8-13-29-31-8 = 0.146,8-12-11-31-8 = 0.25,8-40-20-33-11-8 = 0.438,8-40-20-33-17-7 = 0.125,8-40-20-33-12-16-8 = 0.438,8-30-11-31-8 = 0.312,7-26-37-22-7 = 0.25,9-19-30-17-35-7 = 0.188,8-30-17-24-7 = 0.188,9-19-21-36-18-9 = 0.5,9-19-30-17-12-8 = 0.312,7-25-21-32-5 = 0.5,5-32-36-18-9 = 0.5
0,0,633.33,0.0,633.33,0.0,Prune by CG,,7-26-7 = 1.0,7-28-22-7 = 1.0,7-23-24-35-7 = 0.5,7-23-37-27-7 = 0.5,7-38-24-35-27-7 = 0.5,7-25-38-37-7 = 0.5,8-13-14-29-8 = 1.0,8-12-11-31-8 = 0.5,8-40-20-33-17-7 = 0.5,8-40-20-30-11-8 = 0.5,8-16-39-31-8 = 0.5,8-30-33-17-12-8 = 0.5,2-34-15-2 = 1.0,7-25-21-32-7 = 0.5,4-19-39-16-8 = 0.5,7-32-36-18-4 = 0.5,4-19-21-36-18-4 = 0.5
0,0,660.236,0.0,660.236,0.0,Prune by CG,,2-34-2 = 0.333,9-39-9 = 1.0,8-14-29-31-8 = 0.042,8-13-14-31-8 = 0.042,8-13-14-29-8 = 0.792,8-13-14-29-16-8 = 0.125,8-13-29-31-8 = 0.042,8-12-11-31-8 = 0.125,8-40-20-33-11-8 = 0.125,8-40-20-33-12-16-8 = 0.875,8-30-11-31-8 = 0.25,2-34-15-2 = 0.333,2-28-22-15-2 = 0.667,9-19-21-36-18-9 = 0.333,9-30-11-31-8 = 0.5,5-32-36-18-9 = 0.667,5-25-21-32-5 = 0.25,2-28-23-34-2 = 0.333,6-26-23-22-2 = 0.333,9-19-25-38-26-6 = 0.5,5-25-37-27-5 = 0.083,9-19-25-38-35-9 = 0.083,8-17-24-35-9 = 0.75,9-30-24-17-8 = 0.25,5-21-38-37-27-5 = 0.333,9-19-38-37-27-5 = 0.083,9-25-21-32-5 = 0.083,2-23-37-27-5 = 0.333,6-26-37-35-27-5 = 0.167
0,0,644.109,0.0,644.109,0.0,Prune by CG,,7-26-7 = 0.167,10-36-18-10 = 0.5,10-32-36-18-10 = 0.5,10-21-24-35-27-7 = 0.5,7-28-34-15-7 = 1.0,7-23-37-27-7 = 0.167,7-37-35-22-7 = 0.167,7-26-23-22-7 = 0.833,7-38-24-35-27-7 = 0.333,7-38-24-37-7 = 0.167,7-25-38-37-7 = 0.5,7-25-21-32-10 = 0.5,3-13-14-29-3 = 1.0,4-19-12-16-39-4 = 1.0,7-30-11-31-3 = 1.0,3-40-20-33-17-7 = 1.0
0,0,663.964,0.0,663.964,0.0,Prune by CG,,8-14-29-31-8 = 0.111,8-13-14-31-8 = 0.111,8-13-14-29-8 = 0.778,8-13-29-31-8 = 0.111,8-12-11-31-8 = 0.333,8-19-39-16-8 = 0.75,8-40-20-33-11-8 = 0.583,8-40-20-33-17-8 = 0.417,8-16-39-31-8 = 0.25,8-30-11-31-8 = 0.083,2-34-15-2 = 0.583,2-28-22-15-2 = 0.417,5-32-36-18-5 = 0.917,5-25-21-32-5 = 0.083,8-19-25-21-18-5 = 0.083,2-26-23-22-2 = 0.167,2-28-23-34-2 = 0.417,8-30-24-17-8 = 0.5,8-30-24-35-12-8 = 0.417,2-26-37-35-27-6 = 0.25,8-19-25-38-26-6 = 0.167,6-26-23-22-2 = 0.417,5-25-37-27-5 = 0.167,8-17-24-35-8 = 0.083,5-21-38-37-27-5 = 0.583,5-25-21-36-5 = 0.083,2-28-25-21-5 = 0.167,5-25-38-35-12-8 = 0.25
0,0,666.96,0.0,666.96,0.0,Prune by CG,,8-16-8 = 1.0,9-39-9 = 1.0,10-21-38-24-35-10 = 1.0,10-32-36-18-10 = 1.0,10-25-37-27-10 = 1.0,8-14-29-31-8 = 1.0,8-40-20-33-11-8 = 1.0,9-19-30-17-12-9 = 1.0,8-13-28-34-15-8 = 1.0,6-26-23-22-6 = 1.0
0,0,671.434,0.0,671.434,0.0,Prune by CG,,7-26-7 = 0.833,7-28-22-7 = 0.833,7-23-24-35-7 = 0.333,7-23-37-27-7 = 0.5,7-17-24-35-7 = 0.167,7-26-23-22-7 = 0.167,7-38-24-35-27-7 = 0.5,7-25-38-37-7 = 0.5,2-34-15-2 = 1.0,7-25-21-32-5 = 0.5,5-32-36-18-5 = 0.5,3-13-14-31-3 = 0.5,3-13-14-29-3 = 0.5,7-28-30-11-7 = 0.167,7-30-11-31-3 = 0.5,7-30-12-39-16-3 = 0.167,3-29-12-39-16-3 = 0.5,3-40-20-33-11-7 = 0.167,3-40-20-33-17-7 = 0.833,5-19-39-16-3 = 0.167,5-19-30-12-11-7 = 0.167,5-19-12-39-16-3 = 0.167,5-19-21-36-18-5 = 0.5
0,0,639.281,0.0,639.281,0.0,Prune by CG,,9-39-9 = 1.0,7-28-34-15-7 = 1.0,7-17-24-35-7 = 0.707,7-26-23-22-7 = 1.0,7-38-24-35-27-7 = 0.268,7-25-37-27-7 = 0.268,7-25-38-37-7 = 0.732,9-19-30-33-11-9 = 0.024,9-40-20-33-12-16-9 = 0.634,9-30-17-24-7 = 0.024,9-30-17-11-9 = 0.244,9-40-20-30-11-9 = 0.049,7-32-36-18-9 = 0.488,7-21-32-36-9 = 0.024,9-19-21-32-18-9 = 0.024,9-19-21-36-18-9 = 0.488,9-30-33-17-35-7 = 0.024,9-19-21-32-27-7 = 0.463,3-14-29-31-3 = 0.317,3-13-14-29-3 = 0.317,3-13-14-29-16-9 = 0.366,9-12-11-31-3 = 0.049,3-13-40-20-33-12-9 = 0.317,9-30-11-31-3 = 0.634
0,0,629.429,0.0,629.429,0.0,Prune by CG,,9-39-9 = 1.0,7-28-34-15-7 = 1.0,7-17-24-35-7 = 0.75,7-26-23-22-7 = 1.0,7-38-24-35-27-7 = 0.25,7-25-37-27-7 = 0.25,7-25-38-37-7 = 0.75,8-13-14-29-8 = 0.917,8-13-14-29-16-8 = 0.083,8-12-11-31-8 = 0.083,8-40-20-33-17-8 = 0.167,8-40-20-33-12-16-8 = 0.833,8-30-11-31-8 = 0.917,8-30-17-12-16-8 = 0.083,7-32-36-18-9 = 0.5,9-19-21-36-18-9 = 0.5,9-19-21-32-27-7 = 0.5
0,0,674.015,0.0,674.015,0.0,Prune by CG,,9-39-9 = 1.0,10-21-38-24-35-10 = 0.4,10-25-38-37-10 = 0.6,10-32-36-18-10 = 1.0,10-25-37-27-10 = 0.4,9-13-14-29-16-9 = 1.0,9-19-30-17-12-9 = 0.8,9-40-20-33-11-9 = 1.0,9-19-30-24-35-10 = 0.2,10-21-23-24-9 = 0.2,9-28-23-35-10 = 0.4,9-28-22-27-10 = 0.6,9-24-17-12-9 = 0.2,10-26-34-15-31-9 = 1.0,10-21-23-22-10 = 0.4
0,0,684.906,0.0,684.906,0.0,Prune by CG,,7-26-7 = 0.5,2-34-2 = 0.507,7-28-22-7 = 0.5,7-28-40-20-33-7 = 0.4,7-23-37-27-7 = 0.5,7-17-24-35-7 = 0.5,7-26-23-22-7 = 0.5,7-38-24-35-27-7 = 0.5,7-25-38-37-7 = 0.5,7-40-20-33-11-7 = 0.053,7-40-20-33-17-7 = 0.5,7-40-20-30-11-7 = 0.047,2-34-15-2 = 0.493,7-25-21-32-5 = 0.5,5-32-36-18-5 = 0.5,5-21-36-18-5 = 0.493,7-28-30-11-7 = 0.1,2-14-29-31-2 = 0.247,2-13-14-31-2 = 0.247,2-13-14-29-15-2 = 0.507,7-30-12-16-31-7 = 0.26,2-13-29-16-31-2 = 0.247,5-19-39-11-7 = 0.507,5-19-30-12-11-7 = 0.247,5-19-30-33-11-7 = 0.047,5-19-12-16-39-5 = 0.193,5-19-21-36-18-5 = 0.007,7-30-12-16-39-5 = 0.3
0,0,670.888,0.0,670.888,0.0,Prune by CG,,10-21-38-24-35-10 = 0.8,10-32-36-18-10 = 1.0,10-25-37-27-10 = 0.8,2-34-15-2 = 0.5,2-28-23-15-2 = 0.1,2-28-22-15-2 = 0.4,3-13-14-29-3 = 1.0,4-39-16-31-3 = 1.0,3-40-20-33-11-4 = 1.0,10-25-38-26-34-2 = 0.2,2-26-23-22-2 = 0.6,10-21-26-37-27-10 = 0.2,2-28-24-35-10 = 0.2,2-28-23-34-2 = 0.3,4-19-30-17-12-4 = 1.0
0,0,673.889,0.0,673.889,0.0,Prune by CG,,10-36-18-10 = 0.5,10-19-12-16-39-10 = 0.5,10-25-38-37-7 = 0.25,10-32-36-18-10 = 0.5,10-25-37-27-7 = 0.14,10-25-21-32-10 = 0.5,10-21-24-35-27-7 = 0.25,10-21-38-37-27-7 = 0.25,10-19-30-12-11-7 = 0.36,10-19-30-12-11-10 = 0.14,7-28-34-15-7 = 1.0,7-17-24-35-7 = 0.25,7-26-23-22-7 = 1.0,7-38-24-35-27-7 = 0.25,7-38-24-37-7 = 0.25,7-25-37-27-7 = 0.11,10-30-33-17-35-7 = 0.25,7-40-20-33-11-7 = 0.25,7-40-20-33-17-7 = 0.5,7-40-20-30-11-7 = 0.25,7-13-14-31-10 = 0.5,7-13-29-16-39-10 = 0.5,7-14-29-31-10 = 0.5
0,0,648.561,0.0,648.561,0.0,Prune by CG,,10-36-18-10 = 0.5,10-32-36-18-10 = 0.5,10-21-24-35-27-7 = 0.067,10-21-38-37-27-7 = 0.433,7-28-34-15-7 = 1.0,7-23-37-27-7 = 0.033,7-17-24-35-7 = 0.556,7-26-23-22-7 = 0.967,7-38-24-35-27-7 = 0.267,7-25-37-27-7 = 0.2,7-25-38-37-7 = 0.3,7-40-20-33-11-7 = 0.556,7-40-20-33-17-7 = 0.444,7-25-21-32-10 = 0.5,7-26-37-22-7 = 0.033,4-19-30-12-39-4 = 0.778,4-39-16-31-4 = 0.222,4-14-29-31-4 = 0.111,4-13-14-31-4 = 0.111,4-13-14-29-16-4 = 0.778,4-19-11-31-4 = 0.111,7-30-11-31-4 = 0.111,4-13-29-31-4 = 0.111,4-12-11-31-4 = 0.222,4-19-30-24-35-7 = 0.111
0,0,661.025,0.0,661.025,0.0,Prune by CG,,7-26-7 = 1.0,7-28-22-7 = 1.0,7-23-24-35-7 = 0.5,7-23-37-27-7 = 0.5,7-38-24-35-27-7 = 0.5,7-25-38-37-7 = 0.5,8-13-14-29-8 = 1.0,8-12-11-31-8 = 0.5,8-40-20-33-17-7 = 0.5,8-40-20-30-11-8 = 0.5,8-16-39-31-8 = 0.5,8-30-33-17-12-8 = 0.5,2-34-15-2 = 1.0,7-25-21-32-7 = 0.5,4-19-39-16-8 = 0.5,7-32-36-18-4 = 0.5,4-19-21-36-18-4 = 0.5
