id,parent,cgLowerBound,FS,rdtCG,rdtFS,Child,Child
0,0,863.796,11.0,863.796,11.0,1,2,4-8-4 = 0.235,4-50-52-54-4 = 0.545,5-55-23-29-41-5 = 1.0,5-37-48-5 = 0.614,5-22-40-36-5 = 1.0,5-37-28-17-5 = 0.295,5-12-42-4 = 0.5,5-37-6-17-5 = 0.091,4-25-20-10-4 = 0.061,4-25-34-20-4 = 0.258,4-39-19-27-21-4 = 0.318,4-39-19-27-44-49-5 = 0.227,4-38-46-4 = 0.008,4-38-46-8-4 = 0.765,4-38-46-19-27-21-4 = 0.227,5-33-45-5 = 0.5,4-18-15-24-43-4 = 0.409,4-18-15-24-43-5 = 0.591,5-6-28-49-48-5 = 0.091,4-26-12-14-4 = 0.5,4-26-42-32-4 = 0.5,4-25-34-53-4 = 0.682,4-10-13-7-4 = 0.379,4-10-32-30-14-4 = 0.5,4-34-20-10-4 = 0.061,4-44-54-52-4 = 0.455,4-20-13-7-4 = 0.621,5-28-17-48-5 = 0.295,5-35-47-16-31-49-5 = 0.682,4-39-50-27-21-4 = 0.227,4-39-50-19-21-4 = 0.227,5-6-51-9-45-5 = 0.5,5-31-16-44-53-4 = 0.318,5-51-30-11-5 = 0.5,5-9-11-33-5 = 0.5,5-6-47-35-28-17-5 = 0.318
1,0,864.688,10.25,0.892,-0.75,3,4,4-8-4 = 0.125,4-50-52-54-4 = 0.375,5-55-23-29-41-5 = 1.0,5-37-48-5 = 0.438,5-22-40-36-5 = 1.0,5-37-28-17-5 = 0.375,5-12-42-4 = 1.0,5-28-31-49-48-5 = 0.375,5-37-6-17-5 = 0.188,4-25-34-20-4 = 0.25,4-39-19-27-21-4 = 0.375,4-39-19-27-44-49-5 = 0.125,4-38-46-8-4 = 0.875,4-38-46-19-27-21-4 = 0.125,4-26-24-14-4 = 0.5,4-26-18-15-43-5 = 0.5,5-45-33-5 = 0.5,4-18-15-24-43-5 = 0.5,4-25-34-53-4 = 0.75,4-10-13-7-4 = 0.375,4-10-32-30-14-4 = 0.5,4-44-54-52-4 = 0.625,4-20-13-7-4 = 0.625,5-28-17-48-5 = 0.188,5-28-35-47-31-17-5 = 0.062,5-35-47-16-31-49-5 = 0.5,5-35-47-16-9-17-5 = 0.125,4-39-50-27-21-4 = 0.25,4-39-50-19-21-4 = 0.25,5-6-51-9-45-5 = 0.5,5-51-30-11-5 = 0.312,5-51-11-33-5 = 0.188,5-9-11-33-5 = 0.312,5-9-16-31-17-5 = 0.063,4-32-30-11-5 = 0.188,5-6-47-35-16-32-4 = 0.313,4-20-10-44-53-4 = 0.125,4-50-19-27-44-53-4 = 0.125
3,1,866.901,8.074,2.213,-2.176,5,6,4-50-52-54-4 = 0.333,5-55-23-29-41-5 = 1.0,5-37-48-5 = 0.481,5-22-40-36-5 = 1.0,5-37-28-17-5 = 0.426,5-12-42-4 = 1.0,5-28-31-49-48-5 = 0.444,5-37-6-17-5 = 0.093,4-25-20-10-4 = 0.333,4-39-19-27-44-49-5 = 0.333,4-38-46-4 = 0.667,4-38-46-19-27-21-4 = 0.333,4-26-24-14-4 = 1.0,5-45-33-5 = 0.796,4-8-18-15-43-5 = 1.0,4-25-34-53-4 = 0.667,4-10-13-7-4 = 0.333,4-34-10-32-53-4 = 0.333,5-6-9-51-30-5 = 0.204,4-44-54-52-4 = 0.667,4-20-13-7-4 = 0.667,5-28-35-47-31-17-5 = 0.13,5-35-47-16-31-49-5 = 0.222,5-35-47-16-9-17-5 = 0.148,4-39-50-27-21-4 = 0.333,4-39-50-19-21-4 = 0.333,5-6-51-9-45-5 = 0.204,5-51-30-11-5 = 0.593,5-9-30-11-5 = 0.037,5-9-11-33-5 = 0.204,5-9-16-31-17-5 = 0.13,5-9-31-17-48-5 = 0.074,4-32-30-11-5 = 0.167,5-6-47-35-16-32-4 = 0.5
5,3,868.209,7.128,1.307,-0.946,7,8,4-50-52-54-4 = 0.333,5-55-23-29-41-5 = 1.0,5-37-48-5 = 0.348,5-22-40-36-5 = 1.0,5-37-28-17-5 = 0.645,5-37-51-9-17-5 = 0.008,5-17-49-53-33-5 = 0.051,5-12-42-4 = 1.0,5-28-31-49-48-5 = 0.355,4-25-20-10-4 = 0.265,4-25-34-20-4 = 0.051,4-39-19-27-44-49-5 = 0.333,4-38-46-4 = 0.667,4-38-46-19-27-21-4 = 0.333,4-26-24-14-4 = 1.0,5-45-33-5 = 0.855,4-8-18-15-43-5 = 1.0,4-25-34-53-4 = 0.589,4-10-13-7-4 = 0.316,4-34-10-32-53-4 = 0.36,4-44-54-52-4 = 0.667,4-20-13-7-4 = 0.684,5-35-16-9-31-49-5 = 0.087,4-39-50-27-21-4 = 0.333,4-39-50-19-21-4 = 0.333,5-51-30-11-5 = 0.905,5-9-11-33-5 = 0.095,5-9-31-17-48-5 = 0.297,5-6-47-16-31-49-5 = 0.087,5-6-47-35-16-9-5 = 0.34,5-6-35-47-16-32-4 = 0.487,4-25-32-30-5 = 0.095,5-6-47-35-31-9-51-5 = 0.087,5-9-31-49-45-5 = 0.087,4-10-32-45-5 = 0.058
8,5,870.981,7.593,2.773,0.465,9,10,4-50-52-54-4 = 0.333,5-55-23-29-41-5 = 1.0,5-37-48-5 = 0.167,5-22-40-36-5 = 1.0,5-37-28-17-5 = 0.833,5-12-42-4 = 1.0,5-28-31-16-32-4 = 0.037,4-25-20-10-4 = 0.206,4-25-34-20-4 = 0.118,4-39-19-27-44-49-5 = 0.333,4-38-46-4 = 0.667,4-38-46-19-27-21-4 = 0.333,4-26-24-14-4 = 1.0,5-45-33-5 = 0.537,4-8-18-15-43-5 = 1.0,4-25-34-53-4 = 0.676,4-10-13-7-4 = 0.324,4-10-32-30-5 = 0.395,4-34-10-32-53-4 = 0.076,4-44-54-52-4 = 0.667,4-20-13-7-4 = 0.676,5-28-35-34-53-4 = 0.13,5-35-16-45-5 = 0.39,5-35-16-9-51-32-4 = 0.314,5-35-31-17-48-5 = 0.167,4-39-50-27-21-4 = 0.333,4-39-50-19-21-4 = 0.333,5-51-30-11-5 = 0.537,5-9-11-33-5 = 0.463,5-6-47-31-49-48-5 = 0.667,5-9-51-30-53-4 = 0.069,5-6-47-16-32-53-4 = 0.049,5-6-47-16-51-9-5 = 0.081,5-6-47-31-16-32-4 = 0.13,5-6-47-9-45-5 = 0.074
10,8,871.805,7.417,0.824,-0.176,11,12,4-50-52-54-4 = 0.333,5-55-23-29-41-5 = 1.0,5-37-48-5 = 0.167,5-22-40-36-5 = 1.0,5-37-28-17-5 = 0.833,5-12-42-4 = 1.0,5-28-31-16-32-4 = 0.167,4-25-20-10-4 = 0.021,4-25-34-20-4 = 0.229,4-39-19-27-44-49-5 = 0.333,4-38-46-4 = 0.667,4-38-46-19-27-21-4 = 0.333,4-26-24-14-4 = 1.0,4-8-18-15-43-4 = 0.542,4-8-18-15-43-5 = 0.458,4-25-34-53-4 = 0.75,4-10-13-7-4 = 0.25,4-10-32-30-5 = 0.708,4-34-10-32-53-4 = 0.021,4-44-54-52-4 = 0.667,4-20-13-7-4 = 0.75,5-35-16-45-5 = 0.667,5-35-16-33-5 = 0.062,5-35-16-9-51-32-4 = 0.104,5-35-31-17-48-5 = 0.167,4-39-50-27-21-4 = 0.333,4-39-50-19-21-4 = 0.333,5-51-30-11-5 = 0.062,5-51-11-33-5 = 0.604,5-9-11-33-5 = 0.333,5-6-47-31-49-48-5 = 0.667,5-9-51-30-53-4 = 0.229,5-6-47-9-45-5 = 0.333
12,10,873.014,9.086,1.209,1.67,13,14,4-50-52-54-4 = 0.333,5-55-23-29-41-5 = 1.0,5-37-48-5 = 0.167,5-22-40-36-5 = 1.0,5-37-28-17-5 = 0.833,5-12-42-4 = 1.0,5-28-31-45-5 = 0.123,5-28-31-49-48-5 = 0.043,4-25-20-10-4 = 0.13,4-25-34-20-4 = 0.426,4-39-19-27-44-49-5 = 0.333,4-38-46-4 = 0.667,4-38-46-19-27-21-4 = 0.333,4-26-24-14-4 = 1.0,4-8-18-15-43-4 = 0.395,4-8-18-15-43-5 = 0.605,4-25-34-53-4 = 0.444,4-10-13-7-4 = 0.556,4-34-10-32-53-4 = 0.13,4-44-54-52-4 = 0.667,4-20-13-7-4 = 0.444,5-35-16-45-5 = 0.537,5-35-31-17-48-5 = 0.167,4-39-50-27-21-4 = 0.333,4-39-50-19-21-4 = 0.333,5-51-16-45-5 = 0.086,5-9-11-33-5 = 0.506,4-32-30-11-5 = 0.494,4-10-53-33-5 = 0.185,5-6-47-31-49-48-5 = 0.623,5-9-51-30-53-4 = 0.241,5-35-51-9-45-5 = 0.253,5-30-33-5 = 0.265,5-6-47-16-51-32-4 = 0.377,5-35-31-51-33-5 = 0.043
14,12,873.63,6.185,0.616,-2.901,15,16,4-50-52-54-4 = 0.333,5-55-23-29-41-5 = 1.0,5-37-48-5 = 0.167,5-22-40-36-5 = 1.0,5-37-28-17-5 = 0.833,5-12-42-4 = 1.0,5-28-31-49-48-5 = 0.148,4-25-34-20-4 = 0.778,4-39-19-27-44-49-5 = 0.333,4-38-46-4 = 0.667,4-38-46-19-27-21-4 = 0.333,4-26-24-14-4 = 1.0,4-8-18-15-43-4 = 1.0,4-25-34-53-4 = 0.222,4-10-13-7-4 = 0.778,4-44-54-52-4 = 0.667,4-20-13-7-4 = 0.222,5-28-17-48-5 = 0.019,5-35-16-45-5 = 0.63,5-35-16-33-5 = 0.074,5-35-31-17-48-5 = 0.148,4-39-50-27-21-4 = 0.333,4-39-50-19-21-4 = 0.333,5-51-16-45-5 = 0.093,4-32-30-11-5 = 1.0,4-10-53-33-5 = 0.222,5-6-47-31-49-48-5 = 0.519,5-6-47-16-51-9-5 = 0.204,5-6-47-31-45-5 = 0.037,5-6-47-9-45-5 = 0.241,5-35-31-51-33-5 = 0.148,5-9-51-33-53-4 = 0.556
16,14,874.385,7.944,0.755,1.759,17,18,4-50-52-54-4 = 0.333,5-55-23-29-41-5 = 1.0,5-37-48-5 = 0.417,5-22-40-36-5 = 1.0,5-37-28-17-5 = 0.583,5-17-49-53-33-5 = 0.25,5-12-42-4 = 1.0,5-28-31-49-48-5 = 0.417,4-25-20-10-4 = 0.028,4-25-34-20-4 = 0.556,4-39-19-27-44-49-5 = 0.333,4-38-46-4 = 0.667,4-38-46-19-27-21-4 = 0.333,4-26-24-14-4 = 1.0,4-8-18-15-43-4 = 1.0,4-25-34-53-4 = 0.417,4-10-13-7-4 = 0.611,4-34-20-10-4 = 0.028,4-44-54-52-4 = 0.667,4-20-13-7-4 = 0.389,5-35-16-45-5 = 0.417,5-35-31-17-48-5 = 0.167,4-39-50-27-21-4 = 0.333,4-39-50-19-21-4 = 0.333,5-51-16-45-5 = 0.083,4-32-30-11-5 = 1.0,5-6-47-16-10-4 = 0.222,4-10-53-33-5 = 0.111,5-6-47-16-51-9-5 = 0.278,5-6-47-9-45-5 = 0.5,5-35-31-51-33-5 = 0.417,5-9-51-33-53-4 = 0.222
18,16,875.175,7.833,0.79,-0.111,19,20,4-50-52-54-4 = 0.333,5-55-23-29-41-5 = 1.0,5-37-48-5 = 0.417,5-22-40-36-5 = 1.0,5-37-28-17-5 = 0.583,5-17-49-53-33-5 = 0.25,5-12-42-4 = 1.0,5-28-31-49-48-5 = 0.417,5-16-9-45-5 = 0.205,4-25-34-20-4 = 0.341,4-39-19-27-44-49-5 = 0.333,4-38-46-4 = 0.667,4-38-46-19-27-21-4 = 0.333,4-26-24-14-4 = 1.0,4-8-18-15-43-4 = 0.856,4-8-18-15-43-5 = 0.144,4-25-34-53-4 = 0.659,4-10-13-7-4 = 0.341,4-44-54-52-4 = 0.667,4-20-13-7-4 = 0.659,5-35-16-45-5 = 0.227,5-35-31-17-48-5 = 0.167,5-35-31-9-33-5 = 0.227,4-39-50-27-21-4 = 0.333,4-39-50-19-21-4 = 0.333,4-32-30-11-5 = 1.0,5-6-47-16-10-4 = 0.568,4-10-53-33-5 = 0.091,5-35-51-9-45-5 = 0.379,5-6-47-51-33-5 = 0.242,5-6-47-51-45-5 = 0.189,5-31-9-51-33-5 = 0.189
20,18,876.599,7.741,1.424,-0.092,21,22,4-50-52-54-4 = 0.379,5-55-23-29-41-5 = 1.0,5-37-48-5 = 0.319,5-22-40-36-5 = 1.0,5-37-28-17-5 = 0.405,5-17-49-53-33-5 = 0.164,5-12-42-4 = 1.0,5-28-31-49-48-5 = 0.526,5-16-9-45-5 = 0.336,4-25-20-10-4 = 0.175,4-25-34-20-4 = 0.057,4-39-19-27-21-4 = 0.069,4-39-19-27-44-49-5 = 0.31,4-38-46-4 = 0.69,4-38-46-19-27-21-4 = 0.31,4-26-24-14-4 = 1.0,4-8-18-15-43-4 = 1.0,5-6-28-47-44-53-4 = 0.069,4-25-34-53-4 = 0.767,4-10-13-7-4 = 0.408,4-34-20-10-4 = 0.175,4-44-54-52-4 = 0.621,4-20-13-7-4 = 0.592,5-35-16-45-5 = 0.422,5-35-31-17-48-5 = 0.155,5-35-31-9-33-5 = 0.319,4-39-50-27-21-4 = 0.31,4-39-50-19-21-4 = 0.31,4-32-30-11-5 = 1.0,5-35-51-9-45-5 = 0.103,5-6-47-51-33-5 = 0.517,5-6-47-51-45-5 = 0.138,5-9-51-16-10-4 = 0.241,5-37-6-47-17-5 = 0.276
22,20,877.18,4.87,0.58,-2.872,23,24,4-50-52-54-4 = 0.478,5-55-23-29-41-5 = 1.0,5-37-48-5 = 0.174,5-22-40-36-5 = 1.0,5-37-28-17-5 = 0.043,5-17-49-53-33-5 = 0.043,5-12-42-4 = 1.0,5-28-31-49-48-5 = 0.696,5-16-9-45-5 = 0.043,4-25-34-20-4 = 1.0,4-39-19-27-21-4 = 0.217,4-39-19-27-44-49-5 = 0.261,4-38-46-4 = 0.739,4-38-46-19-27-21-4 = 0.261,4-26-24-14-4 = 1.0,4-8-18-15-43-4 = 0.304,4-8-18-15-43-5 = 0.696,5-6-28-47-44-53-4 = 0.217,4-10-13-7-4 = 1.0,4-44-54-52-4 = 0.522,5-28-17-48-5 = 0.043,5-35-16-45-5 = 0.913,5-35-31-17-48-5 = 0.087,4-39-50-27-21-4 = 0.261,4-39-50-19-21-4 = 0.261,5-51-16-45-5 = 0.043,4-32-30-11-5 = 1.0,5-9-51-33-53-4 = 0.739,5-31-9-51-33-5 = 0.217,5-37-6-47-17-5 = 0.783
23,22,879.534,6.38,2.354,1.511,25,26,4-50-52-54-4 = 1.0,5-55-23-29-41-5 = 1.0,5-37-48-5 = 0.521,5-22-40-36-5 = 1.0,5-37-28-17-5 = 0.07,5-17-49-53-33-5 = 0.38,5-12-42-4 = 1.0,5-28-31-49-48-5 = 0.338,5-16-9-45-5 = 0.085,4-25-20-10-4 = 0.099,4-25-34-20-4 = 0.901,4-39-19-21-4 = 0.282,4-39-19-27-21-4 = 0.437,4-39-19-27-44-49-5 = 0.282,4-38-46-4 = 1.0,4-26-24-14-4 = 1.0,4-8-18-15-43-4 = 0.577,4-8-18-15-43-5 = 0.423,5-6-28-47-44-53-4 = 0.592,4-13-7-27-21-4 = 0.282,4-10-13-7-4 = 0.718,5-35-16-45-5 = 0.62,5-35-16-44-53-4 = 0.028,5-35-31-17-48-5 = 0.141,5-51-16-45-5 = 0.085,4-32-30-11-5 = 1.0,5-35-51-9-45-5 = 0.211,5-9-51-16-10-4 = 0.183,5-31-9-51-33-5 = 0.521,5-37-6-47-17-5 = 0.408,4-34-44-33-5 = 0.099
25,23,880.406,5.818,0.872,-0.562,27,28,4-50-52-54-4 = 1.0,5-55-23-29-41-5 = 1.0,5-37-48-5 = 0.477,5-22-40-36-5 = 1.0,5-17-49-53-33-5 = 0.341,5-12-42-4 = 1.0,5-37-35-28-49-5 = 0.318,4-25-20-10-4 = 0.159,4-25-34-20-4 = 0.841,4-39-19-21-4 = 0.182,4-39-19-27-21-4 = 0.636,4-39-19-27-44-49-5 = 0.182,4-38-46-4 = 1.0,4-26-24-14-4 = 1.0,4-8-18-15-43-4 = 0.545,4-8-18-15-43-5 = 0.455,5-6-28-47-44-53-4 = 0.636,4-13-7-27-21-4 = 0.182,4-10-13-7-4 = 0.818,5-28-17-48-5 = 0.045,5-35-16-45-5 = 0.659,5-35-16-44-53-4 = 0.023,5-51-16-45-5 = 0.318,5-9-31-17-48-5 = 0.409,4-32-30-11-5 = 1.0,5-51-33-48-5 = 0.068,5-31-9-51-33-5 = 0.591,5-37-6-47-17-5 = 0.205,5-6-47-34-44-49-5 = 0.159,4-10-51-45-5 = 0.023
27,25,881.835,4.25,1.429,-1.568,29,30,4-50-52-54-4 = 1.0,5-55-23-29-41-5 = 1.0,5-37-48-5 = 1.0,5-22-40-36-5 = 1.0,5-17-49-45-5 = 0.5,5-17-49-53-33-5 = 0.125,5-12-42-4 = 1.0,4-25-20-10-4 = 0.125,4-25-34-20-4 = 0.75,4-39-19-27-21-4 = 1.0,4-38-46-4 = 1.0,4-26-24-14-4 = 1.0,4-8-18-15-43-4 = 0.375,4-8-18-15-43-5 = 0.625,5-6-28-47-44-53-4 = 0.625,4-10-13-7-4 = 0.875,4-34-35-28-17-5 = 0.125,4-20-13-7-4 = 0.125,5-35-16-45-5 = 0.375,5-35-16-44-53-4 = 0.25,5-35-16-9-31-49-5 = 0.25,5-51-16-45-5 = 0.125,4-32-30-11-5 = 1.0,5-31-9-51-33-5 = 0.75,4-25-51-33-5 = 0.125,5-6-47-34-44-49-5 = 0.125,5-6-47-28-17-5 = 0.25
29,27,885.5,3.444,3.665,-0.806,31,32,4-50-52-54-4 = 1.0,5-55-23-29-41-5 = 1.0,5-37-48-5 = 1.0,5-22-40-36-5 = 1.0,5-17-49-45-5 = 1.0,5-12-42-4 = 0.667,4-25-20-10-4 = 0.111,4-25-20-13-4 = 0.111,4-25-34-20-4 = 0.667,4-39-19-27-21-4 = 1.0,4-38-46-4 = 1.0,4-26-24-14-4 = 1.0,4-8-18-15-43-5 = 1.0,5-6-28-47-44-53-4 = 1.0,5-12-42-5 = 0.333,4-25-20-7-4 = 0.111,4-10-13-7-4 = 0.889,4-34-35-16-32-4 = 0.333,5-35-16-33-5 = 0.333,5-35-16-11-5 = 0.333,4-32-30-11-5 = 0.667,5-31-9-51-33-5 = 0.667,5-31-9-51-30-5 = 0.333
31,29,886.558,3.778,1.058,0.333,33,34,4-50-52-54-4 = 1.0,5-55-23-29-41-5 = 1.0,5-37-48-5 = 1.0,5-22-40-36-5 = 1.0,5-17-49-45-5 = 1.0,5-12-42-4 = 0.667,4-25-20-10-4 = 0.111,4-25-20-13-4 = 0.111,4-25-34-20-4 = 0.667,4-39-19-27-21-4 = 1.0,4-38-46-4 = 1.0,4-26-24-14-4 = 1.0,4-8-18-15-43-5 = 1.0,5-6-28-47-44-53-4 = 1.0,5-12-42-5 = 0.333,4-25-20-7-4 = 0.111,4-10-13-7-4 = 0.889,4-34-16-51-32-4 = 0.333,5-35-16-33-5 = 0.333,5-35-11-33-5 = 0.333,5-35-31-9-33-5 = 0.333,4-32-30-11-5 = 0.667,5-31-9-51-30-5 = 0.333,5-9-31-16-51-5 = 0.333
33,31,887.498,2.8,0.941,-0.978,35,36,4-50-52-54-4 = 1.0,5-55-23-29-41-5 = 1.0,5-37-48-5 = 1.0,5-22-40-36-5 = 1.0,5-17-49-45-5 = 1.0,5-12-42-4 = 1.0,4-25-34-20-4 = 0.8,4-39-19-27-21-4 = 1.0,4-38-46-4 = 1.0,4-26-24-14-4 = 1.0,4-8-18-15-43-5 = 1.0,5-6-28-47-44-53-4 = 1.0,4-10-16-51-32-4 = 0.2,4-10-13-7-4 = 0.8,4-20-13-7-4 = 0.2,5-35-16-33-5 = 0.4,5-35-11-33-5 = 0.2,5-35-31-9-33-5 = 0.4,4-32-30-11-5 = 0.8,5-31-9-51-30-5 = 0.2,5-9-31-16-51-5 = 0.4,4-25-34-51-5 = 0.2
35,33,890.94,2.0,3.441,-0.8,37,38,4-50-52-54-4 = 1.0,5-55-23-29-41-5 = 1.0,5-37-48-5 = 1.0,5-22-40-36-5 = 1.0,5-17-49-45-5 = 1.0,5-11-32-44-53-4 = 0.333,5-28-31-9-51-32-4 = 0.333,4-25-34-20-4 = 1.0,4-39-19-27-21-4 = 1.0,4-38-46-4 = 1.0,4-26-24-14-4 = 1.0,4-8-18-15-43-5 = 1.0,5-6-28-47-44-53-4 = 0.667,5-12-42-5 = 1.0,4-10-13-7-4 = 1.0,5-35-16-33-5 = 1.0,4-32-30-11-5 = 0.333,5-31-9-51-30-5 = 0.667,5-6-47-11-5 = 0.333
37,35,901.889,1.5,10.949,-0.5,39,40,4-50-52-54-4 = 1.0,5-55-23-29-41-5 = 1.0,5-37-48-5 = 1.0,5-22-40-36-5 = 1.0,5-17-49-45-5 = 1.0,4-25-34-20-4 = 1.0,4-39-19-27-21-4 = 1.0,4-38-46-4 = 0.5,4-38-13-7-4 = 0.5,4-26-24-14-4 = 1.0,4-8-18-15-43-5 = 1.0,4-46-13-7-4 = 0.5,5-6-28-47-44-53-4 = 1.0,5-12-42-5 = 1.0,4-10-32-11-32-4 = 1.0,5-35-16-33-5 = 1.0,5-31-9-51-30-5 = 1.0
39,37,902.13,0.0,0.241,-1.5,Integer,,4-50-52-54-4 = 1.0,5-55-23-29-41-5 = 1.0,5-37-48-5 = 1.0,5-22-40-36-5 = 1.0,5-17-49-45-5 = 1.0,5-12-42-4 = 1.0,4-25-34-20-4 = 1.0,4-39-19-27-21-4 = 1.0,4-38-46-4 = 1.0,4-26-24-14-4 = 1.0,4-8-18-15-43-5 = 1.0,5-6-28-47-44-53-4 = 1.0,4-10-13-7-4 = 1.0,5-35-16-33-5 = 1.0,5-31-9-51-30-5 = 1.0,4-32-11-5 = 1.0
40,37,906.94,0.0,5.051,0.0,Prune by CG,,4-38-4 = 1.0,4-50-52-54-4 = 1.0,5-55-23-29-41-5 = 1.0,5-37-48-5 = 1.0,5-22-40-36-5 = 1.0,5-17-49-45-5 = 1.0,4-25-34-20-4 = 1.0,4-39-19-27-21-4 = 1.0,4-26-24-14-4 = 1.0,4-8-18-15-43-5 = 1.0,4-46-13-7-4 = 1.0,5-6-28-47-44-53-4 = 1.0,5-12-42-5 = 1.0,4-10-32-11-32-4 = 1.0,5-35-16-33-5 = 1.0,5-31-9-51-30-5 = 1.0
2,0,864.491,5.8,0.695,-5.2,41,42,4-8-4 = 0.133,4-50-52-54-4 = 0.333,5-55-23-29-41-5 = 1.0,5-37-48-5 = 0.333,5-22-40-36-5 = 1.0,5-37-28-17-5 = 0.267,5-28-31-49-48-5 = 0.667,5-37-6-17-5 = 0.4,4-25-34-20-4 = 0.133,4-39-19-27-21-4 = 0.333,4-39-19-27-44-49-5 = 0.133,4-38-46-8-4 = 0.867,4-38-46-19-27-21-4 = 0.133,5-45-33-5 = 0.933,4-18-15-24-43-4 = 1.0,4-26-12-14-4 = 1.0,4-25-34-53-4 = 0.8,4-25-32-42-4 = 0.067,4-10-13-7-4 = 0.067,4-10-32-42-4 = 0.933,4-34-13-7-4 = 0.067,5-6-9-51-30-4 = 0.067,4-44-54-52-4 = 0.667,4-20-13-7-4 = 0.867,5-28-35-47-31-17-5 = 0.067,5-35-47-16-31-49-5 = 0.2,5-35-47-16-9-17-5 = 0.267,4-39-50-27-21-4 = 0.267,4-39-50-19-21-4 = 0.267,5-6-51-9-45-5 = 0.067,5-31-16-44-53-4 = 0.067,5-51-30-11-5 = 0.867,5-9-30-11-5 = 0.067,5-9-11-33-5 = 0.067,5-6-47-35-16-9-5 = 0.467,4-50-19-27-44-53-4 = 0.133
42,2,864.631,7.667,0.14,1.867,43,44,4-8-4 = 0.111,4-50-52-54-4 = 0.444,5-55-23-29-41-5 = 1.0,5-37-48-5 = 0.556,5-22-40-36-5 = 1.0,5-37-28-17-5 = 0.222,5-37-6-17-5 = 0.222,5-16-9-45-5 = 0.111,4-25-34-20-4 = 0.222,4-39-19-27-21-4 = 0.444,4-39-19-27-44-49-5 = 0.111,4-38-46-8-4 = 0.889,4-38-46-19-27-21-4 = 0.111,5-33-45-5 = 0.778,4-18-15-24-43-4 = 0.889,4-18-15-24-43-5 = 0.111,5-6-28-49-48-5 = 0.444,4-26-12-14-4 = 1.0,4-25-34-53-4 = 0.667,4-25-32-42-4 = 0.111,4-10-13-7-4 = 0.111,4-10-32-42-4 = 0.889,4-34-13-7-4 = 0.111,5-6-9-51-30-5 = 0.222,4-44-54-52-4 = 0.556,4-20-13-7-4 = 0.778,5-28-35-47-31-17-5 = 0.333,5-35-47-16-31-49-5 = 0.444,5-35-47-16-9-17-5 = 0.222,4-39-50-27-21-4 = 0.222,4-39-50-19-21-4 = 0.222,5-6-51-9-45-5 = 0.111,5-31-16-44-53-4 = 0.222,5-51-30-11-5 = 0.667,5-9-30-11-5 = 0.111,5-9-11-33-5 = 0.222,4-50-19-27-44-53-4 = 0.111
43,42,864.99,7.889,0.359,0.222,45,46,4-8-4 = 0.004,4-50-52-54-4 = 0.476,5-55-23-29-41-5 = 1.0,5-37-48-5 = 0.5,5-22-40-36-5 = 1.0,5-37-28-17-5 = 0.286,5-28-31-49-48-5 = 0.071,5-37-6-17-5 = 0.214,4-25-34-20-4 = 0.317,4-39-19-27-21-4 = 0.738,4-38-46-4 = 0.004,4-38-46-8-4 = 0.996,5-33-45-5 = 0.821,4-18-15-24-43-4 = 0.786,4-18-15-24-43-5 = 0.214,5-6-28-49-48-5 = 0.429,4-26-12-14-4 = 1.0,4-25-34-53-4 = 0.524,4-25-32-42-4 = 0.159,4-10-13-7-4 = 0.159,4-10-32-42-4 = 0.841,4-34-13-7-4 = 0.159,5-6-9-51-30-5 = 0.179,4-44-54-52-4 = 0.524,4-20-13-7-4 = 0.683,5-28-35-47-31-17-5 = 0.214,5-35-47-16-31-49-5 = 0.5,5-35-47-16-9-17-5 = 0.286,4-39-50-19-21-4 = 0.262,4-50-27-44-53-4 = 0.262,5-6-51-9-45-5 = 0.179,5-31-16-44-53-4 = 0.214,5-51-30-11-5 = 0.643,5-9-30-11-5 = 0.179,5-9-11-33-5 = 0.179
41,2,865.513,6.857,1.022,1.057,47,48,4-8-4 = 0.286,4-50-52-54-4 = 0.429,5-55-23-29-41-5 = 1.0,5-37-48-5 = 0.429,5-22-40-36-5 = 1.0,5-37-28-17-5 = 0.571,5-17-49-53-33-5 = 0.143,5-28-31-49-48-5 = 0.429,5-16-9-45-5 = 0.143,4-25-34-20-4 = 0.286,4-39-19-27-21-4 = 0.143,4-39-19-27-44-49-5 = 0.286,4-38-46-8-4 = 0.714,4-38-46-19-27-21-4 = 0.286,5-33-45-5 = 0.857,4-18-15-24-43-4 = 1.0,4-26-12-14-4 = 1.0,4-25-34-53-4 = 0.571,4-25-32-42-4 = 0.143,4-10-13-7-4 = 0.143,4-10-32-42-4 = 0.857,4-34-13-7-4 = 0.143,4-44-54-52-4 = 0.571,4-20-13-7-4 = 0.714,4-39-50-27-21-4 = 0.286,4-39-50-19-21-4 = 0.286,5-31-16-44-53-4 = 0.143,5-51-30-11-5 = 1.0,5-9-31-17-48-5 = 0.143,5-6-47-35-16-9-5 = 0.714,5-6-35-47-31-49-53-4 = 0.143,5-6-35-47-31-17-5 = 0.143
46,43,865.75,9.111,0.76,1.222,49,50,4-8-4 = 0.222,4-50-52-54-4 = 0.667,5-55-23-29-41-5 = 1.0,5-22-40-36-5 = 1.0,5-37-28-17-5 = 0.25,5-37-6-17-5 = 0.125,4-25-34-20-4 = 0.653,4-39-19-27-21-4 = 0.833,4-38-46-4 = 0.222,4-38-46-8-4 = 0.778,5-33-45-5 = 0.75,4-18-15-24-43-4 = 0.125,4-18-15-24-43-5 = 0.375,4-18-15-24-43-14-4 = 0.5,5-6-28-49-48-5 = 0.625,4-26-12-14-4 = 0.375,4-26-42-32-4 = 0.625,4-25-34-53-4 = 0.333,4-25-32-42-4 = 0.014,4-10-13-7-4 = 0.639,4-10-32-42-4 = 0.236,4-10-32-30-14-4 = 0.125,4-34-13-7-4 = 0.014,4-42-30-5 = 0.125,4-44-54-52-4 = 0.333,4-20-13-7-4 = 0.347,5-28-35-47-31-17-5 = 0.125,5-35-47-16-9-17-5 = 0.5,5-35-47-31-49-48-5 = 0.375,4-39-50-19-21-4 = 0.167,4-50-27-44-53-4 = 0.167,5-6-51-9-45-5 = 0.25,5-31-16-44-53-4 = 0.5,5-51-30-11-5 = 0.75,5-9-11-33-5 = 0.25,5-12-37-5 = 0.625
50,46,865.866,9.0,0.116,-0.111,51,52,4-8-4 = 0.13,4-50-52-54-4 = 0.722,5-55-23-29-41-5 = 1.0,5-22-40-36-5 = 1.0,5-37-28-17-5 = 0.583,5-37-6-17-5 = 0.25,4-25-34-20-4 = 0.454,4-39-19-27-21-4 = 0.861,4-38-46-4 = 0.13,4-38-46-8-4 = 0.87,5-33-45-5 = 0.667,4-18-15-24-43-4 = 0.333,4-18-15-24-43-5 = 0.667,5-6-28-49-48-5 = 0.417,4-26-12-14-4 = 0.833,4-26-42-32-4 = 0.167,4-25-34-53-4 = 0.278,4-25-32-42-4 = 0.269,4-10-13-7-4 = 0.185,4-10-32-42-4 = 0.398,4-10-32-30-14-4 = 0.167,4-34-13-7-4 = 0.269,4-42-30-5 = 0.167,4-44-54-52-4 = 0.278,4-20-13-7-4 = 0.546,5-35-47-16-10-4 = 0.25,5-35-47-16-9-17-5 = 0.167,5-35-47-31-49-48-5 = 0.583,4-39-50-19-21-4 = 0.139,4-50-27-44-53-4 = 0.139,5-6-51-9-45-5 = 0.333,5-31-16-44-53-4 = 0.417,5-51-30-11-5 = 0.667,5-9-11-33-5 = 0.333,5-9-16-44-53-4 = 0.167,5-12-37-5 = 0.167
49,46,866.342,7.0,0.592,-2.111,53,54,4-8-4 = 0.25,4-50-52-54-4 = 0.65,5-55-23-29-41-5 = 1.0,5-22-40-36-5 = 1.0,5-28-31-49-48-5 = 0.2,5-37-6-17-5 = 0.1,4-25-34-20-4 = 0.65,4-39-19-27-21-4 = 0.825,4-38-46-4 = 0.25,4-38-46-8-4 = 0.75,5-33-45-5 = 0.8,4-18-15-24-43-14-4 = 1.0,5-6-28-49-48-5 = 0.5,4-26-42-32-4 = 0.9,4-25-34-53-4 = 0.35,4-10-13-7-4 = 0.825,5-6-17-48-5 = 0.1,5-6-9-51-30-5 = 0.1,4-42-30-5 = 0.1,4-44-54-52-4 = 0.35,4-20-13-7-4 = 0.175,5-28-17-48-5 = 0.1,5-28-47-35-31-17-5 = 0.2,5-35-47-16-31-49-5 = 0.2,5-35-47-16-9-17-5 = 0.5,5-35-47-31-49-48-5 = 0.1,4-39-50-19-21-4 = 0.175,4-50-27-44-53-4 = 0.175,5-6-51-9-45-5 = 0.2,5-31-16-44-53-4 = 0.3,5-51-30-11-5 = 0.7,5-9-11-33-5 = 0.2,4-32-30-11-5 = 0.1,4-20-10-44-53-4 = 0.175,5-12-37-5 = 0.9,4-26-12-5 = 0.1
52,50,866.277,8.074,0.411,-0.926,55,56,4-8-4 = 0.16,4-50-52-54-4 = 0.704,5-55-23-29-41-5 = 1.0,5-22-40-36-5 = 1.0,5-37-28-17-5 = 0.556,5-37-6-17-5 = 0.315,4-25-20-10-4 = 0.42,4-39-19-27-21-4 = 0.852,4-38-46-4 = 0.16,4-38-46-8-4 = 0.84,5-33-45-5 = 0.778,4-18-15-24-43-4 = 0.241,4-18-15-24-43-5 = 0.759,5-6-28-49-48-5 = 0.444,4-26-12-14-4 = 0.87,4-26-42-32-4 = 0.13,4-25-32-42-4 = 0.58,4-10-32-42-4 = 0.16,4-10-32-30-14-4 = 0.13,4-34-13-7-4 = 0.71,4-34-20-10-4 = 0.29,4-42-30-5 = 0.111,4-44-54-52-4 = 0.296,4-20-13-7-4 = 0.29,5-35-47-16-11-5 = 0.019,5-35-47-16-9-17-5 = 0.13,5-35-47-31-49-48-5 = 0.556,5-35-47-9-16-53-4 = 0.296,4-39-50-19-21-4 = 0.148,4-50-27-44-53-4 = 0.148,5-6-51-9-45-5 = 0.222,5-31-16-44-53-4 = 0.444,5-51-30-11-5 = 0.759,5-9-11-33-5 = 0.222,5-9-16-44-53-4 = 0.111,5-12-37-5 = 0.13,5-6-9-51-42-4 = 0.019
56,52,866.588,6.0,0.311,-2.074,57,58,4-8-4 = 0.111,4-50-52-54-4 = 0.333,5-55-23-29-41-5 = 1.0,5-22-40-36-5 = 1.0,5-28-31-49-48-5 = 1.0,5-37-6-17-5 = 0.833,4-25-20-10-4 = 0.444,4-39-19-27-21-4 = 0.667,4-38-46-4 = 0.111,4-38-46-8-4 = 0.889,5-33-45-5 = 1.0,4-18-15-24-43-4 = 0.167,4-18-15-24-43-5 = 0.833,4-26-12-14-4 = 0.833,4-26-42-32-4 = 0.167,4-25-32-42-4 = 0.556,4-10-32-42-4 = 0.111,4-10-32-30-14-4 = 0.167,4-34-13-7-4 = 0.722,4-34-20-10-4 = 0.278,4-44-54-52-4 = 0.667,4-20-13-7-4 = 0.278,5-35-47-16-11-5 = 0.167,5-35-47-16-9-17-5 = 0.167,5-35-47-9-16-53-4 = 0.667,4-39-50-19-21-4 = 0.333,4-50-27-44-53-4 = 0.333,5-51-30-11-5 = 0.833,5-37-12-5 = 0.167,5-6-9-51-42-4 = 0.167
48,41,866.323,6.619,0.81,-0.238,59,60,4-8-4 = 0.181,5-55-23-29-41-5 = 1.0,5-37-48-5 = 0.486,5-22-40-36-5 = 1.0,5-37-28-17-5 = 0.514,5-17-49-53-33-5 = 0.171,5-28-31-49-48-5 = 0.486,5-16-9-45-5 = 0.171,4-25-34-20-4 = 0.305,4-39-19-27-44-49-5 = 0.143,4-38-46-4 = 0.038,4-38-46-8-4 = 0.819,4-38-46-19-27-21-4 = 0.143,5-33-45-5 = 0.829,4-18-15-24-43-4 = 1.0,4-26-12-14-4 = 1.0,4-25-34-53-4 = 0.543,4-25-32-42-4 = 0.152,4-10-13-7-4 = 0.152,4-10-32-42-4 = 0.848,4-34-13-7-4 = 0.152,4-44-54-52-4 = 0.714,4-20-13-7-4 = 0.695,5-35-16-9-31-49-5 = 0.029,4-39-50-27-21-4 = 0.286,4-39-50-19-21-4 = 0.571,5-51-30-11-5 = 1.0,5-9-16-31-17-5 = 0.114,5-9-31-17-48-5 = 0.029,5-6-47-16-31-49-5 = 0.029,5-6-47-35-16-9-5 = 0.657,4-50-19-27-44-53-4 = 0.143,5-6-35-47-31-49-53-4 = 0.143,5-6-47-35-31-17-5 = 0.171,4-27-52-54-4 = 0.286
55,52,866.91,4.333,0.633,-3.741,61,62,4-8-4 = 0.167,4-50-52-54-4 = 1.0,5-55-23-29-41-5 = 1.0,5-22-40-36-5 = 1.0,5-37-28-17-5 = 1.0,4-25-20-10-4 = 0.333,4-39-19-27-21-4 = 1.0,4-38-46-4 = 0.167,4-38-46-8-4 = 0.833,5-33-45-5 = 0.833,4-18-15-24-43-5 = 1.0,4-26-12-14-4 = 1.0,4-25-32-42-4 = 0.667,4-10-32-42-4 = 0.333,4-34-13-7-4 = 0.667,4-34-20-10-4 = 0.333,5-6-16-44-53-4 = 0.667,5-6-9-51-30-5 = 0.167,4-20-13-7-4 = 0.333,5-35-47-31-49-48-5 = 1.0,5-6-51-9-45-5 = 0.167,5-51-30-11-5 = 0.667,5-9-30-11-5 = 0.167,5-9-11-33-5 = 0.167,5-9-16-44-53-4 = 0.333
51,50,866.132,9.974,0.266,0.974,63,64,4-8-4 = 0.128,4-50-52-54-4 = 0.436,5-55-23-29-41-5 = 1.0,5-22-40-36-5 = 1.0,5-37-28-17-5 = 0.179,5-28-31-49-48-5 = 0.667,5-37-6-17-5 = 0.385,5-16-9-45-5 = 0.026,4-25-34-20-4 = 0.436,4-39-19-27-21-4 = 0.718,4-38-46-4 = 0.128,4-38-46-8-4 = 0.872,5-33-45-5 = 0.923,4-18-15-24-43-4 = 0.462,4-18-15-24-43-5 = 0.538,5-6-28-49-48-5 = 0.154,4-26-12-14-4 = 0.564,4-26-42-32-4 = 0.436,4-25-34-53-4 = 0.564,4-10-13-7-4 = 0.436,4-10-32-42-4 = 0.128,4-10-32-30-14-4 = 0.436,4-42-30-5 = 0.026,4-44-54-52-4 = 0.564,4-20-13-7-4 = 0.564,5-35-47-16-11-5 = 0.385,5-35-47-16-9-17-5 = 0.436,5-35-47-31-49-48-5 = 0.179,4-39-50-19-21-4 = 0.282,4-50-27-44-53-4 = 0.282,5-6-51-9-45-5 = 0.051,5-31-16-44-53-4 = 0.154,5-51-30-11-5 = 0.538,5-9-11-33-5 = 0.077,5-12-37-5 = 0.436,5-6-9-51-42-4 = 0.41
63,51,866.73,7.743,0.598,-2.232,65,66,4-8-4 = 0.057,4-50-52-54-4 = 0.371,5-55-23-29-41-5 = 1.0,5-22-40-36-5 = 1.0,5-37-28-17-5 = 0.6,5-37-6-17-5 = 0.371,5-16-9-45-5 = 0.2,4-25-34-20-4 = 0.371,4-39-19-27-21-4 = 0.686,4-38-46-4 = 0.057,4-38-46-8-4 = 0.943,5-33-45-5 = 0.8,4-18-15-24-43-4 = 0.257,4-18-15-24-43-5 = 0.743,5-6-28-49-48-5 = 0.4,4-26-12-14-4 = 0.971,4-26-42-32-4 = 0.029,4-25-34-53-4 = 0.629,4-10-13-7-4 = 0.371,4-10-32-42-4 = 0.629,5-6-9-51-30-5 = 0.229,4-44-54-52-4 = 0.629,4-20-13-7-4 = 0.629,5-35-47-16-11-5 = 0.029,5-35-47-16-9-17-5 = 0.029,5-35-47-31-16-32-4 = 0.343,5-35-47-31-49-48-5 = 0.6,4-39-50-19-21-4 = 0.314,4-50-27-44-53-4 = 0.286,4-50-27-44-53-14-4 = 0.029,5-31-16-44-53-4 = 0.057,5-51-30-11-5 = 0.771,5-9-11-33-5 = 0.2,5-12-37-5 = 0.029,5-9-16-42-4 = 0.343
4,1,866.776,9.889,2.088,-0.361,67,68,4-8-4 = 0.352,4-50-52-54-4 = 0.444,5-55-23-29-41-5 = 1.0,5-37-48-5 = 0.463,5-22-40-36-5 = 1.0,5-37-28-17-5 = 0.296,5-12-42-4 = 1.0,5-28-31-49-48-5 = 0.241,5-37-6-17-5 = 0.241,4-25-20-10-4 = 0.296,4-39-19-27-21-4 = 0.167,4-39-19-27-44-49-5 = 0.278,4-38-46-4 = 0.074,4-38-46-8-4 = 0.648,4-38-46-19-27-21-4 = 0.278,4-26-34-20-4 = 0.167,5-45-33-5 = 0.352,4-18-15-24-43-5 = 0.241,4-18-15-24-43-14-4 = 0.759,4-25-34-53-4 = 0.704,4-10-13-7-4 = 0.463,4-10-32-30-14-4 = 0.241,4-44-54-52-4 = 0.556,4-20-13-7-4 = 0.537,5-28-17-48-5 = 0.296,5-28-47-35-31-17-5 = 0.111,5-35-47-16-11-5 = 0.296,5-35-47-16-31-49-5 = 0.481,4-39-50-27-21-4 = 0.278,4-39-50-19-21-4 = 0.278,5-6-51-9-45-5 = 0.648,5-31-16-44-53-4 = 0.167,5-51-30-11-5 = 0.056,5-51-11-33-5 = 0.296,5-9-11-33-5 = 0.352,5-6-47-35-28-17-5 = 0.056,5-6-35-47-16-32-4 = 0.056,4-26-34-53-4 = 0.13,4-26-32-30-5 = 0.704
67,4,866.908,8.667,0.132,-1.222,69,70,4-8-4 = 0.167,4-50-52-54-4 = 0.25,5-55-23-29-41-5 = 1.0,5-37-48-5 = 0.333,5-22-40-36-5 = 1.0,5-37-28-17-5 = 0.333,5-12-42-4 = 1.0,5-28-31-49-48-5 = 0.333,5-37-6-17-5 = 0.333,4-25-20-10-4 = 0.25,4-39-19-27-21-4 = 0.5,4-38-46-4 = 0.167,4-38-46-8-4 = 0.833,4-26-34-20-4 = 0.25,5-45-33-5 = 0.333,4-18-15-24-43-5 = 0.25,4-18-15-24-43-14-4 = 0.75,4-25-34-53-4 = 0.75,4-10-13-7-4 = 0.5,4-10-32-30-14-4 = 0.25,4-44-54-52-4 = 0.75,4-20-13-7-4 = 0.5,5-28-17-48-5 = 0.333,5-35-47-16-11-5 = 0.333,5-35-47-16-31-49-5 = 0.667,4-39-50-27-21-4 = 0.25,4-39-50-19-21-4 = 0.25,5-6-51-9-45-5 = 0.667,5-51-11-33-5 = 0.333,5-9-11-33-5 = 0.333,4-50-19-27-44-53-4 = 0.25,4-26-32-30-5 = 0.75
53,49,866.89,6.0,0.548,-1.0,71,72,4-8-4 = 0.25,4-50-52-54-4 = 0.5,5-55-23-29-41-5 = 1.0,5-22-40-36-5 = 1.0,4-25-34-20-4 = 0.5,4-39-19-27-21-4 = 0.75,4-38-46-4 = 0.25,4-38-46-8-4 = 0.75,5-33-45-5 = 1.0,4-18-15-24-43-14-4 = 1.0,5-6-28-49-48-5 = 0.75,5-6-28-31-17-5 = 0.25,4-26-42-32-4 = 1.0,4-25-34-53-4 = 0.5,4-10-13-7-4 = 0.75,4-44-54-52-4 = 0.5,4-20-13-7-4 = 0.25,5-35-47-16-31-49-5 = 0.25,5-35-47-16-9-17-5 = 0.5,5-35-47-31-16-9-5 = 0.25,4-39-50-19-21-4 = 0.25,4-50-27-44-53-4 = 0.25,5-51-30-11-5 = 1.0,5-9-31-17-48-5 = 0.25,4-20-10-44-53-4 = 0.25,5-12-37-5 = 1.0
58,56,866.951,4.795,0.363,-1.205,73,74,4-8-4 = 0.064,4-50-52-54-4 = 0.385,5-55-23-29-41-5 = 1.0,5-22-40-36-5 = 1.0,5-28-31-49-48-5 = 1.0,5-37-6-17-5 = 0.923,4-39-19-27-21-4 = 0.692,4-38-46-4 = 0.064,4-38-46-8-4 = 0.936,4-26-24-14-4 = 0.038,4-26-18-15-43-4 = 0.038,5-33-45-5 = 0.923,4-18-15-24-43-5 = 0.962,4-26-12-14-4 = 0.923,4-25-32-42-4 = 1.0,4-10-13-7-4 = 0.179,4-34-13-7-4 = 0.41,4-34-20-10-4 = 0.59,5-6-9-51-30-5 = 0.077,4-44-54-52-4 = 0.615,4-20-13-7-4 = 0.41,5-35-47-16-10-4 = 0.231,5-35-47-16-9-17-5 = 0.077,5-35-47-9-45-5 = 0.038,5-35-47-9-16-53-4 = 0.615,4-39-50-19-21-4 = 0.308,4-50-27-44-53-4 = 0.308,5-51-30-11-5 = 0.923,5-9-11-33-5 = 0.077,5-9-16-44-53-4 = 0.077,5-37-12-5 = 0.077,5-47-35-9-45-14-4 = 0.038
64,51,866.786,10.2,0.654,0.226,75,76,4-8-4 = 0.067,4-50-52-54-4 = 0.467,5-55-23-29-41-5 = 1.0,5-22-40-36-5 = 1.0,5-37-28-17-5 = 0.2,5-28-31-49-48-5 = 0.267,5-37-6-17-5 = 0.333,4-25-34-20-4 = 0.467,4-39-19-27-21-4 = 0.733,4-38-46-4 = 0.067,4-38-46-8-4 = 0.933,5-33-45-5 = 0.4,4-18-15-24-43-4 = 1.0,5-6-28-49-48-5 = 0.067,4-26-12-14-4 = 0.533,4-26-42-32-4 = 0.467,4-25-34-53-4 = 0.533,4-10-13-7-4 = 0.467,4-10-32-42-4 = 0.067,4-10-32-30-14-4 = 0.467,4-42-30-4 = 0.267,4-42-30-5 = 0.2,4-44-54-52-4 = 0.533,4-20-13-7-4 = 0.533,5-28-17-48-5 = 0.467,5-35-47-16-11-5 = 0.333,5-35-47-16-31-49-5 = 0.467,5-35-47-31-49-48-5 = 0.2,4-39-50-19-21-4 = 0.267,4-50-27-44-53-4 = 0.267,5-6-51-9-45-5 = 0.6,5-31-16-44-53-4 = 0.067,5-51-11-33-5 = 0.267,5-51-16-44-53-4 = 0.133,5-9-30-11-5 = 0.067,5-9-11-33-5 = 0.333,5-12-37-5 = 0.467
60,48,867.061,5.667,0.738,-0.952,77,78,4-8-4 = 0.111,5-55-23-29-41-5 = 1.0,5-37-48-5 = 0.556,5-22-40-36-5 = 1.0,5-37-28-17-5 = 0.444,5-16-9-45-5 = 0.111,4-25-34-20-4 = 0.111,4-39-19-27-21-4 = 0.056,4-39-19-27-44-49-5 = 0.111,4-38-46-8-4 = 0.889,4-38-46-19-27-21-4 = 0.111,5-33-45-5 = 0.889,4-18-15-24-43-4 = 1.0,4-26-12-14-4 = 1.0,4-25-34-53-4 = 0.833,4-25-32-42-4 = 0.056,4-10-13-7-4 = 0.056,4-10-32-42-4 = 0.944,4-34-13-7-4 = 0.056,4-44-54-52-4 = 0.722,4-20-13-7-4 = 0.889,5-28-17-48-5 = 0.222,5-35-16-9-31-49-5 = 0.444,4-39-50-27-21-4 = 0.278,4-39-50-19-21-4 = 0.556,5-51-30-11-5 = 0.889,5-9-11-33-5 = 0.111,5-6-47-16-31-49-5 = 0.222,5-6-47-35-16-9-5 = 0.222,5-6-47-35-28-17-5 = 0.333,4-50-19-27-44-53-4 = 0.167,5-6-47-31-49-48-5 = 0.222,5-31-9-51-30-4 = 0.111,4-27-52-54-4 = 0.278
45,43,866.985,7.473,1.995,-0.416,79,80,4-50-52-54-4 = 0.745,5-55-23-29-41-5 = 1.0,5-37-48-5 = 1.0,5-22-40-36-5 = 1.0,5-17-49-53-33-5 = 0.055,5-28-31-16-32-4 = 0.073,4-25-34-20-4 = 0.455,4-39-19-27-21-4 = 0.873,4-38-46-8-4 = 1.0,5-33-45-5 = 0.673,4-18-15-24-43-4 = 0.618,4-18-15-24-43-5 = 0.382,5-6-28-31-17-5 = 0.236,4-26-12-14-4 = 1.0,4-25-34-53-4 = 0.2,4-25-32-42-4 = 0.345,4-10-13-7-4 = 0.418,4-10-32-42-4 = 0.582,4-34-13-7-4 = 0.036,5-6-16-44-53-4 = 0.164,5-6-9-51-30-5 = 0.236,4-42-30-5 = 0.036,4-34-35-47-28-49-5 = 0.309,4-44-54-52-4 = 0.255,4-20-13-7-4 = 0.545,5-28-35-47-31-17-5 = 0.382,5-35-47-16-31-49-5 = 0.309,4-39-50-19-21-4 = 0.127,4-50-27-44-53-4 = 0.127,5-51-30-11-5 = 0.727,5-9-11-33-5 = 0.273,5-9-16-44-53-4 = 0.455,5-6-17-49-45-5 = 0.327,5-6-9-51-42-4 = 0.036
54,49,866.745,8.0,0.403,1.0,81,82,4-8-4 = 0.167,4-50-52-54-4 = 0.5,5-55-23-29-41-5 = 1.0,5-22-40-36-5 = 1.0,5-12-30-5 = 0.333,5-28-31-49-48-5 = 0.333,5-37-6-17-5 = 0.333,4-25-34-20-4 = 0.5,4-39-19-27-21-4 = 0.75,4-38-46-4 = 0.167,4-38-46-8-4 = 0.833,5-33-45-5 = 0.667,4-18-15-24-43-14-4 = 1.0,4-26-42-32-4 = 1.0,4-25-34-53-4 = 0.5,4-10-13-7-4 = 0.75,5-6-9-51-30-5 = 0.333,4-44-54-52-4 = 0.5,4-20-13-7-4 = 0.25,5-28-17-48-5 = 0.667,5-35-47-16-11-5 = 0.333,5-35-47-16-31-49-5 = 0.667,4-39-50-19-21-4 = 0.25,4-50-27-44-53-4 = 0.25,5-6-51-9-45-5 = 0.333,5-51-30-11-5 = 0.333,5-9-11-33-5 = 0.333,4-20-10-44-53-4 = 0.25,5-12-37-5 = 0.667
47,41,866.996,6.667,1.483,-0.19,83,84,4-8-4 = 0.167,4-50-52-54-4 = 1.0,5-55-23-29-41-5 = 1.0,5-37-48-5 = 0.5,5-22-40-36-5 = 1.0,5-37-28-17-5 = 0.5,5-28-31-49-48-5 = 0.5,4-25-34-20-4 = 0.333,4-39-19-27-21-4 = 1.0,4-38-46-4 = 0.167,4-38-46-8-4 = 0.833,5-33-45-5 = 1.0,4-18-15-24-43-4 = 0.5,4-18-15-24-43-5 = 0.5,4-26-12-14-4 = 1.0,4-25-32-42-4 = 0.667,4-10-13-7-4 = 0.167,4-10-32-42-4 = 0.333,4-34-13-7-4 = 0.667,4-20-13-7-4 = 0.167,5-51-30-11-5 = 1.0,5-6-47-35-16-9-5 = 0.5,4-20-10-44-53-4 = 0.5,5-9-16-44-53-4 = 0.5,5-6-35-47-31-17-49-5 = 0.5
66,63,866.886,8.543,0.157,0.8,85,86,4-8-4 = 0.086,4-50-52-54-4 = 0.371,5-55-23-29-41-5 = 1.0,5-22-40-36-5 = 1.0,5-28-31-49-48-5 = 0.829,5-28-31-16-32-4 = 0.086,5-37-6-17-5 = 0.543,4-25-34-20-4 = 0.371,4-39-19-27-21-4 = 0.686,4-38-46-4 = 0.086,4-38-46-8-4 = 0.914,4-26-42-14-4 = 0.086,5-33-45-5 = 0.943,4-18-15-24-43-4 = 0.714,4-18-15-24-43-5 = 0.286,5-6-28-49-48-5 = 0.086,4-26-12-14-4 = 0.543,4-26-42-32-4 = 0.371,4-25-34-53-4 = 0.629,4-10-13-7-4 = 0.371,4-10-32-42-4 = 0.543,5-6-9-51-30-5 = 0.371,4-44-54-52-4 = 0.629,4-20-13-7-4 = 0.629,5-35-47-16-11-5 = 0.314,5-35-47-16-10-4 = 0.086,5-35-47-16-9-17-5 = 0.457,5-35-47-31-49-48-5 = 0.086,4-39-50-19-21-4 = 0.314,4-50-27-44-53-14-4 = 0.314,5-51-30-11-5 = 0.629,5-9-11-33-5 = 0.057,5-9-16-44-53-4 = 0.057,5-12-37-5 = 0.457,5-35-47-9-45-14-4 = 0.057
85,66,866.893,8.048,0.006,-0.495,87,88,4-8-4 = 0.095,4-50-52-54-4 = 0.333,5-55-23-29-41-5 = 1.0,5-22-40-36-5 = 1.0,5-28-31-49-48-5 = 1.0,5-37-6-17-5 = 0.571,4-25-34-20-4 = 0.429,4-39-19-27-21-4 = 0.667,4-38-46-4 = 0.095,4-38-46-8-4 = 0.905,4-26-42-14-4 = 0.048,5-45-33-5 = 1.0,4-18-15-24-43-4 = 0.857,4-18-15-24-43-5 = 0.143,4-26-12-14-4 = 0.571,4-26-42-32-4 = 0.381,4-25-34-53-4 = 0.571,4-10-13-7-4 = 0.429,4-10-32-42-4 = 0.571,5-6-9-51-30-5 = 0.429,4-44-54-52-4 = 0.667,4-20-13-7-4 = 0.571,5-35-47-16-11-5 = 0.476,5-35-47-16-9-17-5 = 0.429,5-35-47-9-16-53-4 = 0.095,4-39-50-19-21-4 = 0.333,4-50-27-44-53-14-4 = 0.333,5-51-30-11-5 = 0.524,5-12-37-5 = 0.429,5-9-51-32-30-14-4 = 0.048
69,67,867.246,7.667,0.338,-1.0,89,90,4-8-4 = 0.167,4-50-52-54-4 = 0.5,5-55-23-29-41-5 = 1.0,5-37-48-5 = 0.333,5-22-40-36-5 = 1.0,5-37-28-17-5 = 0.333,5-12-42-4 = 1.0,5-28-31-49-48-5 = 0.333,5-37-6-17-5 = 0.333,4-25-34-20-4 = 0.5,4-39-19-27-21-4 = 0.75,4-38-46-4 = 0.167,4-38-46-8-4 = 0.833,5-45-33-5 = 0.333,4-18-15-24-43-14-4 = 1.0,4-25-34-53-4 = 0.5,4-10-13-7-4 = 0.75,4-44-54-52-4 = 0.5,4-20-13-7-4 = 0.25,5-28-17-48-5 = 0.333,5-35-47-16-11-5 = 0.333,5-35-47-16-31-49-5 = 0.667,4-39-50-19-21-4 = 0.25,4-50-27-44-53-4 = 0.25,5-6-51-9-45-5 = 0.667,5-51-11-33-5 = 0.333,5-9-11-33-5 = 0.333,4-20-10-44-53-4 = 0.25,4-26-32-30-5 = 1.0
87,85,867.095,8.0,0.202,-0.048,91,92,4-50-52-54-4 = 0.333,5-55-23-29-41-5 = 1.0,5-22-40-36-5 = 1.0,5-28-31-49-48-5 = 0.5,5-37-6-17-5 = 0.5,4-25-34-20-4 = 0.333,4-39-19-27-21-4 = 0.667,4-38-46-4 = 0.167,4-38-46-8-4 = 0.833,4-26-24-14-4 = 0.167,5-45-33-5 = 1.0,4-8-18-15-43-4 = 0.167,4-18-15-24-43-4 = 0.833,5-6-28-49-48-5 = 0.5,4-26-12-14-4 = 0.5,4-26-42-32-4 = 0.333,4-25-34-53-4 = 0.667,4-10-13-7-4 = 0.333,4-10-32-42-4 = 0.667,4-44-54-52-4 = 0.667,4-20-13-7-4 = 0.667,5-35-47-16-9-17-5 = 0.5,5-35-47-31-16-9-5 = 0.5,4-39-50-19-21-4 = 0.333,4-50-27-44-53-14-4 = 0.333,5-51-30-11-5 = 1.0,5-12-37-5 = 0.5
75,64,868.147,4.667,1.362,-5.533,93,94,4-8-4 = 0.167,4-50-52-54-4 = 1.0,5-55-23-29-41-5 = 1.0,5-22-40-36-5 = 1.0,5-37-28-17-5 = 0.833,5-11-32-42-4 = 0.167,5-37-6-17-5 = 0.167,4-25-34-20-4 = 1.0,4-39-19-27-21-4 = 1.0,4-38-46-4 = 0.167,4-38-46-8-4 = 0.833,5-45-33-5 = 0.833,4-18-15-24-43-4 = 0.333,4-18-15-24-43-5 = 0.667,5-6-28-49-48-5 = 0.167,4-26-12-14-4 = 1.0,4-10-13-7-4 = 1.0,4-42-30-5 = 0.333,5-35-16-44-53-4 = 0.167,5-35-47-31-49-48-5 = 0.833,5-6-51-9-45-5 = 0.167,5-31-16-44-53-4 = 0.167,5-51-11-33-5 = 0.167,5-51-16-44-53-4 = 0.167,4-32-30-11-5 = 0.667,5-47-16-32-44-53-4 = 0.167,5-9-16-44-53-4 = 0.333,5-6-9-51-42-4 = 0.5
77,60,867.458,5.25,0.397,-0.417,95,96,4-8-4 = 0.188,5-55-23-29-41-5 = 1.0,5-37-48-5 = 0.25,5-22-40-36-5 = 1.0,5-37-28-17-5 = 0.75,4-46-19-27-7-4 = 0.187,4-25-20-13-4 = 0.125,4-25-34-20-4 = 0.125,4-38-46-8-4 = 0.812,5-33-45-5 = 1.0,4-18-15-24-43-4 = 1.0,4-26-12-14-4 = 1.0,4-25-34-53-4 = 0.75,4-10-32-42-4 = 1.0,4-34-13-7-4 = 0.125,4-44-54-52-4 = 0.75,4-20-13-7-4 = 0.688,4-20-13-44-53-4 = 0.063,5-28-17-48-5 = 0.25,5-35-16-9-31-49-5 = 0.5,4-39-50-27-21-4 = 0.375,4-39-50-19-21-4 = 0.625,5-51-30-11-5 = 1.0,4-38-19-27-44-53-4 = 0.187,5-6-47-35-16-9-5 = 0.5,5-6-47-31-49-48-5 = 0.5,4-27-52-54-4 = 0.25
80,45,867.17,8.75,0.185,1.277,97,98,4-8-4 = 0.042,4-50-52-54-4 = 0.5,5-55-23-29-41-5 = 1.0,5-37-48-5 = 1.0,5-22-40-36-5 = 1.0,5-17-49-53-33-5 = 0.25,5-28-31-16-32-4 = 0.25,4-25-34-20-4 = 0.583,4-39-19-27-21-4 = 0.75,4-38-46-4 = 0.042,4-38-46-8-4 = 0.958,5-45-33-5 = 0.375,4-18-15-24-43-4 = 0.75,4-18-15-24-43-5 = 0.25,4-26-12-14-4 = 1.0,4-25-34-53-4 = 0.25,4-25-32-42-4 = 0.167,4-10-13-7-4 = 0.417,4-10-32-42-4 = 0.583,4-34-13-7-4 = 0.167,5-6-16-44-53-4 = 0.25,5-6-9-51-30-5 = 0.125,4-42-30-5 = 0.25,4-44-54-52-4 = 0.5,4-20-13-7-4 = 0.417,5-28-35-47-16-49-5 = 0.25,5-28-35-47-31-17-5 = 0.5,5-35-47-16-31-49-5 = 0.25,4-39-50-19-21-4 = 0.25,4-50-27-44-53-4 = 0.25,5-6-51-9-45-5 = 0.375,5-51-30-11-5 = 0.5,5-9-30-11-5 = 0.125,5-9-11-33-5 = 0.375,5-6-17-49-45-5 = 0.25
6,3,867.329,8.5,0.428,0.426,99,100,4-50-52-54-4 = 0.333,5-55-23-29-41-5 = 1.0,5-37-48-5 = 0.667,5-22-40-36-5 = 1.0,5-37-28-17-5 = 0.083,5-12-42-4 = 1.0,5-28-31-49-48-5 = 0.083,5-28-31-16-32-4 = 0.229,5-37-6-17-5 = 0.25,4-25-20-10-4 = 0.333,4-39-19-27-44-49-5 = 0.333,4-38-46-4 = 0.667,4-38-46-19-27-21-4 = 0.333,4-26-24-14-4 = 1.0,5-45-33-5 = 0.812,4-8-18-15-43-4 = 0.292,4-8-18-15-43-5 = 0.708,5-6-28-49-48-5 = 0.25,4-25-34-53-4 = 0.667,4-10-13-7-4 = 0.333,4-34-10-32-53-4 = 0.333,5-6-9-51-30-5 = 0.187,4-44-54-52-4 = 0.667,4-20-13-7-4 = 0.667,5-28-35-47-31-17-5 = 0.354,5-35-47-16-31-49-5 = 0.333,5-35-47-16-9-17-5 = 0.312,4-39-50-27-21-4 = 0.333,4-39-50-19-21-4 = 0.333,5-6-51-9-45-5 = 0.187,5-51-30-11-5 = 0.5,5-9-11-33-5 = 0.187,4-32-30-11-5 = 0.313,5-6-9-51-16-32-4 = 0.125
97,80,867.673,7.667,0.503,-1.083,101,102,4-8-4 = 0.167,4-50-52-54-4 = 1.0,5-55-23-29-41-5 = 1.0,5-37-48-5 = 1.0,5-22-40-36-5 = 1.0,4-25-34-20-4 = 0.333,4-39-19-27-21-4 = 1.0,4-38-46-4 = 0.167,4-38-46-8-4 = 0.833,5-45-33-5 = 0.5,4-18-15-24-43-4 = 0.5,4-18-15-24-43-5 = 0.5,4-26-12-14-4 = 1.0,4-25-32-42-4 = 0.667,4-10-13-7-4 = 0.167,4-10-32-42-4 = 0.333,4-34-13-7-4 = 0.667,5-6-9-51-30-5 = 0.5,4-20-13-7-4 = 0.167,5-28-35-47-16-49-5 = 0.5,5-28-35-47-31-17-5 = 0.5,5-31-16-44-53-4 = 0.5,5-51-30-11-5 = 0.5,5-9-11-33-5 = 0.5,4-20-10-44-53-4 = 0.5,5-6-17-49-45-5 = 0.5
86,66,867.467,8.8,0.581,0.257,103,104,4-8-4 = 0.1,4-50-52-54-4 = 0.7,5-55-23-29-41-5 = 1.0,5-22-40-36-5 = 1.0,5-28-31-16-32-4 = 0.2,5-37-6-17-5 = 0.6,5-16-9-45-5 = 0.2,4-25-34-20-4 = 0.6,4-39-19-27-21-4 = 0.7,4-39-19-27-44-49-5 = 0.1,4-38-46-4 = 0.1,4-38-46-8-4 = 0.9,4-26-42-14-4 = 0.1,5-45-33-5 = 0.8,4-18-15-24-43-4 = 0.1,4-18-15-24-43-5 = 0.9,5-6-28-49-48-5 = 0.4,4-26-12-14-4 = 0.6,4-26-42-32-4 = 0.3,4-25-34-53-4 = 0.4,4-13-7-27-21-4 = 0.1,4-10-13-7-4 = 0.5,4-10-32-42-4 = 0.5,4-44-54-52-4 = 0.3,4-20-13-7-4 = 0.4,5-28-17-48-5 = 0.1,5-28-35-47-31-17-5 = 0.3,4-39-50-19-21-4 = 0.2,4-50-27-44-53-14-4 = 0.1,5-51-30-11-5 = 0.8,5-9-11-33-5 = 0.2,5-9-16-44-53-4 = 0.5,5-12-37-5 = 0.4,5-47-35-31-49-48-5 = 0.5,5-9-16-42-4 = 0.1,5-47-35-51-30-14-4 = 0.2
76,64,867.635,9.542,0.849,-0.658,105,106,4-8-4 = 0.042,5-55-23-29-41-5 = 1.0,5-22-40-36-5 = 1.0,5-37-28-17-5 = 0.104,5-28-31-49-48-5 = 0.417,5-37-6-17-5 = 0.417,5-16-9-45-5 = 0.104,4-25-34-20-4 = 0.333,4-39-19-27-21-4 = 0.333,4-38-46-4 = 0.042,4-38-46-8-4 = 0.958,5-45-33-5 = 0.313,4-18-15-24-43-4 = 1.0,4-26-12-14-4 = 0.521,4-26-42-32-4 = 0.479,4-25-34-53-4 = 0.667,4-10-13-7-4 = 0.333,4-10-32-42-4 = 0.042,4-10-32-30-14-4 = 0.479,4-42-30-4 = 0.333,4-42-30-5 = 0.146,4-44-54-52-4 = 0.667,4-20-13-7-4 = 0.667,5-28-17-48-5 = 0.479,5-35-47-16-11-5 = 0.271,5-35-47-16-10-4 = 0.146,5-35-47-16-31-49-5 = 0.479,5-35-47-31-49-48-5 = 0.104,4-39-50-19-21-4 = 0.667,4-50-27-44-53-4 = 0.333,5-6-51-9-45-5 = 0.583,5-51-11-33-5 = 0.417,5-9-30-11-5 = 0.042,5-9-11-33-5 = 0.271,4-27-52-54-4 = 0.333,5-12-37-5 = 0.479
82,54,867.577,7.968,0.832,-0.032,107,108,4-8-4 = 0.063,5-55-23-29-41-5 = 1.0,5-22-40-36-5 = 1.0,5-12-26-4 = 0.286,5-28-31-49-48-5 = 0.286,5-37-6-17-5 = 0.286,4-25-20-10-4 = 0.175,4-25-34-20-4 = 0.159,4-39-19-27-21-4 = 0.333,4-38-46-4 = 0.063,4-38-46-8-4 = 0.937,5-45-33-5 = 0.714,4-18-15-24-43-14-4 = 1.0,4-26-42-32-4 = 0.714,4-25-34-53-4 = 0.667,4-10-13-7-4 = 0.508,4-10-32-42-4 = 0.143,4-34-20-10-4 = 0.175,5-6-9-51-30-5 = 0.429,4-42-30-5 = 0.143,4-44-54-52-4 = 0.667,4-20-13-7-4 = 0.492,5-28-17-48-5 = 0.714,5-35-47-16-11-5 = 0.286,5-35-47-16-31-49-5 = 0.714,4-39-50-19-21-4 = 0.667,4-50-27-44-53-4 = 0.333,5-6-51-9-45-5 = 0.286,5-51-30-11-5 = 0.286,5-9-11-33-5 = 0.286,4-32-30-11-5 = 0.143,4-27-52-54-4 = 0.333,5-12-37-5 = 0.714
57,56,867.581,6.111,0.993,0.111,109,110,4-8-4 = 0.111,4-50-52-54-4 = 0.333,5-55-23-29-41-5 = 1.0,5-22-40-36-5 = 1.0,5-28-31-49-48-5 = 1.0,5-37-6-17-5 = 0.833,4-25-20-10-4 = 0.444,4-25-20-13-4 = 0.278,4-39-19-27-21-4 = 0.667,4-38-46-4 = 0.111,4-38-46-8-4 = 0.889,5-33-45-5 = 1.0,4-18-15-24-43-4 = 0.167,4-18-15-24-43-5 = 0.833,4-26-12-14-4 = 0.833,4-26-42-32-4 = 0.167,4-25-20-7-4 = 0.278,4-10-32-42-4 = 0.389,4-10-32-30-14-4 = 0.167,4-34-13-7-4 = 0.722,4-34-32-42-4 = 0.278,4-44-54-52-4 = 0.667,5-35-47-16-11-5 = 0.167,5-35-47-16-9-17-5 = 0.167,5-35-47-9-16-53-4 = 0.667,4-39-50-19-21-4 = 0.333,4-50-27-44-53-4 = 0.333,5-51-30-11-5 = 0.833,5-37-12-5 = 0.167,5-6-9-51-42-4 = 0.167
65,63,867.882,6.182,1.152,-1.561,111,112,4-8-4 = 0.136,4-50-52-54-4 = 0.636,5-55-23-29-41-5 = 1.0,5-22-40-36-5 = 1.0,5-37-28-17-5 = 1.0,5-11-32-42-4 = 0.273,5-16-9-45-5 = 0.227,5-16-32-42-4 = 0.318,4-25-34-20-4 = 0.636,4-39-19-27-21-4 = 0.818,4-38-46-4 = 0.136,4-38-46-8-4 = 0.864,5-33-45-5 = 0.773,4-18-15-24-43-5 = 1.0,4-26-12-14-4 = 1.0,4-25-34-53-4 = 0.364,4-10-13-7-4 = 0.636,4-10-32-42-4 = 0.364,5-6-16-44-53-4 = 0.455,5-6-9-51-30-5 = 0.545,4-44-54-52-4 = 0.364,4-20-13-7-4 = 0.364,5-35-47-31-49-48-5 = 1.0,4-39-50-19-21-4 = 0.182,4-50-27-44-53-4 = 0.182,5-51-30-11-5 = 0.455,5-9-11-33-5 = 0.227,4-42-32-11-5 = 0.045
81,54,867.818,7.0,1.073,-1.0,113,114,4-8-4 = 0.2,4-50-52-54-4 = 1.0,5-55-23-29-41-5 = 1.0,5-22-40-36-5 = 1.0,5-28-31-49-48-5 = 0.2,5-37-6-17-5 = 0.4,4-25-34-20-4 = 0.7,4-39-19-27-21-4 = 1.0,4-38-46-4 = 0.2,4-38-46-8-4 = 0.8,5-45-33-5 = 0.8,4-18-15-24-43-14-4 = 1.0,4-26-42-32-4 = 0.6,4-25-32-42-4 = 0.3,4-10-13-7-4 = 0.8,4-34-13-7-4 = 0.1,5-6-16-44-53-4 = 0.3,5-6-9-51-30-5 = 0.1,4-42-30-5 = 0.1,4-34-35-47-28-49-5 = 0.2,4-20-13-7-4 = 0.1,5-28-17-48-5 = 0.4,5-28-35-47-31-17-5 = 0.2,5-35-47-16-31-49-5 = 0.2,5-35-47-31-49-48-5 = 0.4,5-6-51-9-45-5 = 0.2,5-51-30-11-5 = 0.7,5-9-11-33-5 = 0.2,4-32-30-11-5 = 0.1,4-20-10-44-53-4 = 0.2,5-9-16-44-53-4 = 0.5,5-12-37-5 = 0.6,4-26-12-5 = 0.4
72,53,867.741,5.778,0.851,-0.222,115,116,4-8-4 = 0.194,5-55-23-29-41-5 = 1.0,5-22-40-36-5 = 1.0,4-25-20-10-4 = 0.222,4-25-34-20-4 = 0.111,4-39-19-27-21-4 = 0.333,4-38-46-4 = 0.194,4-38-46-8-4 = 0.806,5-45-33-5 = 1.0,4-18-15-24-43-14-4 = 1.0,5-6-28-49-48-5 = 0.75,5-6-28-31-17-5 = 0.25,4-26-42-32-4 = 1.0,4-25-34-53-4 = 0.667,4-10-13-7-4 = 0.556,4-34-20-10-4 = 0.222,4-44-54-52-4 = 0.667,4-20-13-7-4 = 0.444,5-35-47-16-31-49-5 = 0.25,5-35-47-16-9-17-5 = 0.5,5-35-47-31-16-9-5 = 0.25,4-39-50-19-21-4 = 0.667,4-50-27-44-53-4 = 0.333,5-51-30-11-5 = 1.0,5-9-31-17-48-5 = 0.25,4-27-52-54-4 = 0.333,5-12-37-5 = 1.0
103,86,868.044,6.6,0.577,-2.2,117,118,4-8-4 = 0.14,4-50-52-54-4 = 0.76,5-55-23-29-41-5 = 1.0,5-22-40-36-5 = 1.0,5-37-6-17-5 = 0.5,5-16-9-45-5 = 0.1,5-16-32-42-4 = 0.2,4-25-34-20-4 = 0.76,4-39-19-27-21-4 = 0.88,4-38-46-4 = 0.14,4-38-46-8-4 = 0.86,4-26-42-14-4 = 0.04,5-33-45-5 = 0.9,4-18-15-24-43-5 = 1.0,5-6-28-49-48-5 = 0.5,4-26-12-14-4 = 0.5,4-26-42-32-4 = 0.46,4-25-34-53-4 = 0.24,4-10-13-7-4 = 1.0,4-44-54-52-4 = 0.24,5-28-35-47-31-17-5 = 0.5,5-35-47-31-49-48-5 = 0.5,4-39-50-19-21-4 = 0.12,4-50-27-44-53-14-4 = 0.12,5-51-30-11-5 = 0.9,5-9-11-33-5 = 0.1,5-9-16-44-53-4 = 0.64,5-12-37-5 = 0.5,5-9-16-42-4 = 0.06,5-9-51-32-30-14-4 = 0.1,4-20-32-42-14-4 = 0.24
73,58,867.772,4.667,0.821,-0.128,119,120,4-8-4 = 0.222,4-50-52-54-4 = 1.0,5-55-23-29-41-5 = 1.0,5-22-40-36-5 = 1.0,5-28-31-49-48-5 = 1.0,5-37-6-17-5 = 0.667,5-16-9-45-5 = 0.111,4-39-19-27-21-4 = 1.0,4-38-46-4 = 0.222,4-38-46-8-4 = 0.778,4-26-24-14-4 = 0.167,4-26-18-15-43-4 = 0.167,5-45-33-5 = 0.889,4-18-15-24-43-4 = 0.667,4-18-15-24-43-5 = 0.167,4-26-12-14-4 = 0.667,4-25-32-42-4 = 1.0,4-34-13-7-4 = 1.0,5-6-9-51-30-5 = 0.333,5-35-47-16-11-5 = 0.444,5-35-47-16-51-9-5 = 0.056,5-35-47-16-9-17-5 = 0.333,5-51-30-11-5 = 0.444,5-9-11-33-5 = 0.111,4-20-10-44-53-4 = 1.0,5-12-37-5 = 0.333,5-9-16-30-5 = 0.056,5-47-35-51-30-14-4 = 0.167
61,55,867.516,5.848,0.606,1.515,121,122,4-8-4 = 0.242,4-50-52-54-4 = 1.0,5-55-23-29-41-5 = 1.0,5-22-40-36-5 = 1.0,5-37-28-17-5 = 1.0,5-16-9-45-5 = 0.182,4-25-20-10-4 = 0.424,4-39-19-27-21-4 = 1.0,4-38-46-4 = 0.242,4-38-46-8-4 = 0.758,5-33-45-5 = 0.636,4-18-15-24-43-4 = 0.636,4-18-15-24-43-5 = 0.364,4-26-12-14-4 = 1.0,4-25-20-7-4 = 0.061,4-25-32-42-4 = 0.515,4-10-32-42-4 = 0.121,4-34-13-7-4 = 0.939,4-34-20-13-4 = 0.061,5-6-16-44-53-4 = 0.545,4-42-30-5 = 0.364,5-6-51-9-45-5 = 0.182,5-51-30-11-5 = 0.545,5-9-11-33-5 = 0.364,4-32-30-11-5 = 0.091,5-6-9-51-16-32-4 = 0.273,4-20-10-44-53-4 = 0.455,5-47-35-31-49-48-5 = 1.0
108,82,867.813,7.733,0.236,-0.235,123,124,4-8-4 = 0.1,5-55-23-29-41-5 = 1.0,5-22-40-36-5 = 1.0,5-12-26-4 = 0.2,5-28-31-49-48-5 = 1.0,5-37-6-17-5 = 0.533,4-25-20-10-4 = 0.333,4-39-19-27-21-4 = 0.333,4-38-46-4 = 0.1,4-38-46-8-4 = 0.9,5-33-45-5 = 0.967,4-18-15-24-43-14-4 = 1.0,4-26-42-32-4 = 0.467,4-25-34-53-4 = 0.667,4-10-32-42-4 = 0.533,4-34-13-7-4 = 0.333,5-6-9-51-30-5 = 0.433,4-44-54-52-4 = 0.667,4-20-13-7-4 = 0.667,5-35-47-16-11-5 = 0.4,5-35-47-16-10-4 = 0.133,5-35-47-16-9-17-5 = 0.467,4-39-50-19-21-4 = 0.667,4-50-27-44-53-4 = 0.333,5-6-51-9-45-5 = 0.033,5-51-30-11-5 = 0.533,5-9-30-11-5 = 0.033,5-9-11-33-5 = 0.033,4-27-52-54-4 = 0.333,5-37-12-5 = 0.467,4-26-12-5 = 0.333
83,47,867.878,6.356,0.882,-0.311,125,126,4-8-4 = 0.111,4-50-52-54-4 = 1.0,5-55-23-29-41-5 = 1.0,5-37-48-5 = 1.0,5-22-40-36-5 = 1.0,5-17-49-53-33-5 = 0.133,5-12-9-31-49-5 = 0.4,5-28-31-45-5 = 0.067,4-25-34-20-4 = 0.756,4-39-19-21-4 = 0.133,4-39-19-27-21-4 = 0.733,4-39-19-27-44-49-5 = 0.133,4-38-46-4 = 0.111,4-38-46-8-4 = 0.889,5-45-33-5 = 0.867,4-18-15-24-43-5 = 0.6,4-18-15-24-43-14-4 = 0.4,4-26-12-14-4 = 0.6,4-26-42-32-4 = 0.4,4-25-32-42-4 = 0.244,4-13-7-27-21-4 = 0.133,4-10-13-7-4 = 0.511,4-10-32-42-4 = 0.356,4-34-13-7-4 = 0.244,4-20-13-7-4 = 0.111,5-35-16-9-31-49-5 = 0.133,5-31-16-44-53-4 = 0.267,5-51-30-11-5 = 1.0,5-6-47-16-31-49-5 = 0.133,5-6-35-47-28-17-5 = 0.867,4-20-10-44-53-4 = 0.133,5-9-16-44-53-4 = 0.467,5-28-49-45-5 = 0.067
92,87,867.961,7.0,0.866,-1.0,127,128,4-50-52-54-4 = 0.333,5-55-23-29-41-5 = 1.0,5-22-40-36-5 = 1.0,5-37-6-17-5 = 0.4,4-25-34-20-4 = 0.333,4-39-19-27-21-4 = 0.667,4-38-46-4 = 0.067,4-38-46-8-4 = 0.933,4-26-24-14-4 = 0.067,5-45-33-5 = 1.0,4-8-18-15-43-4 = 0.067,4-18-15-24-43-4 = 0.933,5-6-28-49-48-5 = 0.6,4-26-12-14-4 = 0.6,4-26-42-32-4 = 0.333,4-25-34-53-4 = 0.667,4-10-13-7-4 = 0.333,4-10-32-42-4 = 0.667,4-44-54-52-4 = 0.667,4-20-13-7-4 = 0.667,5-28-17-48-5 = 0.4,5-35-47-16-31-49-5 = 0.2,5-35-47-16-9-17-5 = 0.2,5-35-47-31-16-9-5 = 0.6,4-39-50-19-21-4 = 0.333,4-50-27-44-53-14-4 = 0.333,5-51-30-11-5 = 1.0,5-37-9-31-49-5 = 0.2,5-12-37-5 = 0.4
68,4,867.978,9.4,1.202,-0.489,129,130,4-8-4 = 0.417,4-50-52-54-4 = 0.4,5-55-23-29-41-5 = 1.0,5-37-48-5 = 0.45,5-22-40-36-5 = 1.0,5-37-28-17-5 = 0.3,5-12-42-4 = 1.0,5-28-31-49-48-5 = 0.15,5-28-31-16-32-4 = 0.1,5-37-6-17-5 = 0.25,5-16-9-45-5 = 0.65,4-25-20-10-4 = 0.333,4-39-19-27-21-4 = 0.1,4-39-19-27-44-49-5 = 0.3,4-38-46-4 = 0.117,4-38-46-8-4 = 0.583,4-38-46-19-27-21-4 = 0.3,4-26-34-20-4 = 0.1,5-45-33-5 = 0.1,4-18-15-24-43-5 = 0.233,4-18-15-24-43-14-4 = 0.767,4-25-34-53-4 = 0.667,4-10-13-7-4 = 0.433,4-10-32-30-14-4 = 0.233,4-44-54-52-4 = 0.6,4-20-13-7-4 = 0.567,5-28-47-35-31-17-5 = 0.1,5-35-47-31-49-48-5 = 0.4,4-39-50-27-21-4 = 0.3,4-39-50-19-21-4 = 0.3,5-6-51-9-45-5 = 0.1,5-31-16-44-53-4 = 0.1,5-51-30-11-5 = 0.1,5-51-11-33-5 = 0.8,5-9-11-33-5 = 0.1,5-6-47-16-31-49-5 = 0.15,5-6-47-35-28-17-5 = 0.35,5-6-35-9-45-5 = 0.15,4-26-34-53-4 = 0.233,4-26-32-30-5 = 0.667
99,6,867.957,8.091,0.628,-0.409,131,132,4-50-52-54-4 = 0.333,5-55-23-29-41-5 = 1.0,5-37-48-5 = 0.455,5-22-40-36-5 = 1.0,5-37-28-17-5 = 0.242,5-12-42-4 = 1.0,5-28-31-49-48-5 = 0.242,5-28-31-16-32-4 = 0.076,5-37-6-17-5 = 0.303,5-16-9-45-5 = 0.061,4-25-20-10-4 = 0.333,4-39-19-27-44-49-5 = 0.333,4-38-46-4 = 0.667,4-38-46-19-27-21-4 = 0.333,4-26-24-14-4 = 1.0,5-45-33-5 = 0.773,4-8-18-15-43-5 = 1.0,5-6-28-49-48-5 = 0.303,4-25-34-53-4 = 0.667,4-10-13-7-4 = 0.333,4-34-10-32-53-4 = 0.333,5-6-9-51-30-5 = 0.394,4-44-54-52-4 = 0.667,4-20-13-7-4 = 0.667,5-28-35-47-31-17-5 = 0.136,5-35-47-16-31-49-5 = 0.121,5-35-47-16-9-17-5 = 0.318,5-35-47-31-16-32-4 = 0.424,4-39-50-27-21-4 = 0.333,4-39-50-19-21-4 = 0.333,5-51-30-11-5 = 0.606,5-9-11-33-5 = 0.227,4-32-11-45-5 = 0.167
104,86,868.501,5.0,1.034,-3.8,133,134,4-50-52-54-4 = 0.333,5-35-47-34-25-4 = 0.333,5-55-23-29-41-5 = 1.0,5-22-40-36-5 = 1.0,5-28-31-49-48-5 = 0.667,5-37-6-17-5 = 1.0,5-16-9-45-5 = 0.667,4-39-19-27-21-4 = 0.667,4-38-46-8-4 = 1.0,5-33-45-5 = 0.333,4-18-15-24-43-4 = 0.667,4-18-15-24-43-5 = 0.333,4-26-12-14-4 = 1.0,4-25-34-53-4 = 0.667,4-10-32-42-4 = 1.0,4-44-54-52-4 = 0.667,4-20-13-7-4 = 1.0,5-28-35-47-33-5 = 0.333,5-35-47-31-49-48-5 = 0.333,4-39-50-19-21-4 = 0.333,4-50-27-44-53-4 = 0.333,5-51-30-11-5 = 1.0,5-9-16-33-5 = 0.333
91,87,868.057,7.143,0.962,-0.857,135,136,4-8-4 = 0.095,4-50-52-54-4 = 0.333,5-55-23-29-41-5 = 1.0,5-22-40-36-5 = 1.0,5-28-31-49-48-5 = 1.0,5-37-6-17-5 = 0.571,4-25-34-20-4 = 0.476,4-39-19-27-21-4 = 0.667,4-38-46-4 = 0.095,4-38-46-8-4 = 0.905,4-26-42-14-4 = 0.048,5-45-33-5 = 1.0,4-18-15-24-43-5 = 1.0,4-26-12-14-4 = 0.571,4-26-42-32-4 = 0.381,4-25-34-53-4 = 0.524,4-10-13-7-4 = 0.476,4-10-32-42-4 = 0.143,4-44-54-52-4 = 0.667,4-20-13-7-4 = 0.524,5-35-47-16-10-4 = 0.381,5-35-47-16-9-17-5 = 0.429,5-35-47-9-16-53-4 = 0.143,4-39-50-19-21-4 = 0.333,4-50-27-44-53-14-4 = 0.333,5-51-30-11-5 = 1.0,5-12-37-5 = 0.429,5-6-9-32-42-4 = 0.429,5-47-35-16-32-14-4 = 0.048
84,47,867.577,8.429,0.581,1.762,137,138,4-8-4 = 0.286,4-50-52-54-4 = 1.0,5-55-23-29-41-5 = 1.0,5-22-40-36-5 = 1.0,5-37-28-17-5 = 0.571,5-17-49-45-5 = 0.071,5-17-49-53-33-5 = 0.071,5-28-31-49-48-5 = 0.429,4-25-34-20-4 = 0.429,4-39-19-21-4 = 0.143,4-39-19-27-21-4 = 0.714,4-39-19-27-44-49-5 = 0.143,4-38-46-4 = 0.286,4-38-46-8-4 = 0.714,5-45-33-5 = 0.929,4-18-15-24-43-4 = 0.429,4-18-15-24-43-5 = 0.143,4-18-15-24-43-14-4 = 0.429,4-26-12-14-4 = 0.571,4-26-42-32-4 = 0.429,4-25-34-53-4 = 0.071,4-25-32-42-4 = 0.5,4-13-7-27-21-4 = 0.143,4-10-13-7-4 = 0.357,4-10-32-42-4 = 0.071,4-34-13-7-4 = 0.5,5-35-31-17-48-5 = 0.286,5-51-30-11-5 = 1.0,5-6-35-47-16-9-5 = 0.714,4-20-10-44-53-4 = 0.571,5-6-47-31-49-48-5 = 0.286,5-9-16-44-53-4 = 0.286,5-12-37-5 = 0.429
138,84,867.766,7.72,0.189,-0.709,139,140,4-8-4 = 0.24,4-50-52-54-4 = 1.0,5-55-23-29-41-5 = 1.0,5-22-40-36-5 = 1.0,5-37-28-17-5 = 0.34,5-17-49-45-5 = 0.02,5-17-49-53-33-5 = 0.02,5-28-31-49-48-5 = 0.36,4-25-34-20-4 = 0.74,4-39-19-21-4 = 0.28,4-39-19-27-21-4 = 0.44,4-39-19-27-44-49-5 = 0.28,4-38-46-4 = 0.24,4-38-46-8-4 = 0.76,5-33-45-5 = 0.98,4-18-15-24-43-5 = 0.34,4-18-15-24-43-14-4 = 0.66,4-26-12-14-4 = 0.34,4-26-42-32-4 = 0.66,4-25-34-53-4 = 0.26,4-13-7-27-21-4 = 0.28,4-10-13-7-4 = 0.56,4-10-32-42-4 = 0.34,4-20-13-7-4 = 0.16,5-35-31-17-48-5 = 0.32,5-51-30-11-5 = 1.0,5-6-47-35-28-17-5 = 0.3,5-6-35-47-16-9-5 = 0.38,4-20-10-44-53-4 = 0.1,5-6-47-31-49-48-5 = 0.32,5-9-16-44-53-4 = 0.62,5-37-12-5 = 0.66
137,84,868.249,6.571,0.672,-1.857,141,142,4-8-4 = 0.262,4-50-52-54-4 = 1.0,5-55-23-29-41-5 = 1.0,5-22-40-36-5 = 1.0,5-37-28-17-5 = 0.571,5-17-49-53-33-5 = 0.143,5-28-31-49-48-5 = 0.429,5-16-9-45-5 = 0.143,4-39-19-21-4 = 0.143,4-39-19-27-21-4 = 0.714,4-39-19-27-44-49-5 = 0.143,4-38-46-4 = 0.262,4-38-46-8-4 = 0.738,4-26-24-14-4 = 0.214,4-26-18-15-43-4 = 0.214,5-33-45-5 = 0.857,4-18-15-24-43-4 = 0.571,4-18-15-24-43-14-4 = 0.214,4-26-12-14-4 = 0.571,4-25-32-42-4 = 1.0,4-13-7-27-21-4 = 0.143,4-10-13-7-4 = 0.048,4-34-13-7-4 = 0.762,4-34-20-10-4 = 0.238,4-20-13-7-4 = 0.048,5-35-31-17-48-5 = 0.286,5-51-30-11-5 = 1.0,5-6-35-47-16-9-5 = 0.714,4-20-10-44-53-4 = 0.714,5-6-47-31-49-48-5 = 0.286,5-9-16-44-53-4 = 0.143,5-37-12-5 = 0.429
120,73,868.222,3.0,0.45,-1.667,143,144,4-8-4 = 0.25,4-50-52-54-4 = 1.0,5-55-23-29-41-5 = 1.0,5-22-40-36-5 = 1.0,5-28-31-49-48-5 = 0.5,5-37-6-17-5 = 1.0,5-16-9-45-5 = 0.75,4-39-19-27-21-4 = 1.0,4-38-46-4 = 0.25,4-38-46-8-4 = 0.75,5-45-33-5 = 0.25,4-18-15-24-43-4 = 1.0,4-26-12-14-4 = 1.0,4-25-32-42-4 = 1.0,4-34-13-7-4 = 1.0,5-28-35-47-33-5 = 0.5,5-35-47-31-49-48-5 = 0.5,5-51-30-11-5 = 1.0,4-20-10-44-53-4 = 1.0,5-9-16-33-5 = 0.25
126,83,867.97,6.356,0.092,0.0,145,146,4-8-4 = 0.111,4-50-52-54-4 = 1.0,5-55-23-29-41-5 = 1.0,5-37-48-5 = 1.0,5-22-40-36-5 = 1.0,5-17-49-53-33-5 = 0.133,5-12-9-31-49-5 = 0.4,5-28-31-45-5 = 0.067,4-25-20-10-4 = 0.511,4-25-34-20-4 = 0.244,4-39-19-21-4 = 0.133,4-39-19-27-21-4 = 0.733,4-39-19-27-44-49-5 = 0.133,4-38-46-4 = 0.111,4-38-46-8-4 = 0.889,5-45-33-5 = 0.867,4-18-15-24-43-5 = 0.6,4-18-15-24-43-14-4 = 0.4,4-26-12-14-4 = 0.6,4-26-42-32-4 = 0.4,4-25-32-42-4 = 0.244,4-13-7-27-21-4 = 0.133,4-10-32-42-4 = 0.356,4-34-13-7-4 = 0.756,4-20-13-7-4 = 0.111,5-35-16-9-31-49-5 = 0.133,5-31-16-44-53-4 = 0.267,5-51-30-11-5 = 1.0,5-6-47-16-31-49-5 = 0.133,5-6-47-35-28-17-5 = 0.867,4-20-10-44-53-4 = 0.133,5-9-16-44-53-4 = 0.467,5-28-49-45-5 = 0.067
109,57,867.971,6.312,0.39,0.201,147,148,4-8-4 = 0.156,4-50-52-54-4 = 0.5,5-55-23-29-41-5 = 1.0,5-22-40-36-5 = 1.0,5-11-32-42-4 = 0.188,5-28-31-49-48-5 = 0.812,5-37-6-17-5 = 0.656,4-25-20-10-4 = 1.0,4-39-19-27-21-4 = 0.75,4-38-46-4 = 0.156,4-38-46-8-4 = 0.844,5-33-45-5 = 0.906,4-18-15-24-43-5 = 1.0,5-6-28-49-48-5 = 0.094,4-26-12-14-4 = 0.656,4-26-42-32-4 = 0.344,4-34-13-7-4 = 1.0,4-42-30-5 = 0.25,4-44-54-52-4 = 0.5,5-28-35-47-31-17-5 = 0.094,5-35-47-16-9-17-5 = 0.25,5-35-47-16-32-53-4 = 0.437,5-35-47-31-49-48-5 = 0.094,5-35-47-9-16-53-4 = 0.063,4-39-50-19-21-4 = 0.25,4-50-27-44-53-14-4 = 0.25,5-6-51-9-45-5 = 0.031,5-51-30-11-5 = 0.719,5-9-11-33-5 = 0.094,5-9-16-44-53-4 = 0.25,5-37-12-5 = 0.344,5-6-9-51-42-4 = 0.219,5-47-35-9-45-14-4 = 0.062,5-9-51-32-30-14-4 = 0.031
98,80,868.091,8.333,0.92,-0.417,149,150,5-55-23-29-41-5 = 1.0,5-37-48-5 = 1.0,5-22-40-36-5 = 1.0,5-17-49-53-33-5 = 0.083,5-28-31-16-32-4 = 0.25,4-25-34-20-4 = 0.417,4-39-19-27-21-4 = 0.333,4-38-46-8-4 = 1.0,5-45-33-5 = 0.417,4-18-15-24-43-4 = 0.75,4-18-15-24-43-5 = 0.25,4-26-12-14-4 = 1.0,4-25-34-53-4 = 0.5,4-25-32-42-4 = 0.083,4-10-13-7-4 = 0.333,4-10-32-42-4 = 0.667,4-34-13-7-4 = 0.083,5-6-16-31-17-5 = 0.083,5-6-9-51-30-5 = 0.333,4-42-30-5 = 0.167,4-44-54-52-4 = 0.667,4-20-13-7-4 = 0.583,5-28-35-47-16-49-5 = 0.25,5-28-35-47-31-17-5 = 0.417,5-35-16-45-5 = 0.083,5-35-47-16-31-49-5 = 0.25,4-39-50-19-21-4 = 0.667,4-50-27-44-53-4 = 0.333,5-6-51-9-45-5 = 0.083,5-51-30-11-5 = 0.5,5-9-11-33-5 = 0.5,4-27-52-54-4 = 0.333,5-28-47-16-53-4 = 0.083,5-6-17-49-45-5 = 0.417,5-6-9-51-42-4 = 0.083
147,109,868.327,4.5,0.356,-1.812,151,152,4-8-4 = 0.125,4-50-52-54-4 = 1.0,5-55-23-29-41-5 = 1.0,5-22-40-36-5 = 1.0,5-11-32-42-4 = 0.062,5-28-31-49-48-5 = 0.375,5-37-6-17-5 = 0.625,4-25-20-10-4 = 1.0,4-39-19-27-21-4 = 1.0,4-38-46-4 = 0.125,4-38-46-8-4 = 0.875,5-33-45-5 = 0.875,4-18-15-24-43-5 = 1.0,5-6-28-49-48-5 = 0.25,4-26-12-14-4 = 0.625,4-26-42-32-4 = 0.375,4-34-13-7-4 = 1.0,4-42-30-5 = 0.125,5-28-17-48-5 = 0.125,5-28-47-35-31-17-5 = 0.25,5-35-47-16-31-49-5 = 0.125,5-35-47-31-49-48-5 = 0.25,5-6-51-9-45-5 = 0.125,5-51-30-11-5 = 0.875,4-32-44-53-33-5 = 0.125,5-9-16-44-53-4 = 0.875,5-12-37-5 = 0.375,4-42-32-11-5 = 0.062,5-35-47-32-42-14-4 = 0.375
146,126,868.567,3.522,0.597,-2.834,153,154,4-8-4 = 0.109,4-50-52-54-4 = 1.0,5-55-23-29-41-5 = 1.0,5-37-48-5 = 1.0,5-22-40-36-5 = 1.0,5-17-49-53-33-5 = 0.043,4-39-19-21-4 = 0.043,4-39-19-27-21-4 = 0.913,4-39-19-27-44-49-5 = 0.043,4-38-46-4 = 0.109,4-38-46-8-4 = 0.891,5-33-45-5 = 0.717,4-18-15-24-43-4 = 0.913,4-18-15-24-43-5 = 0.087,4-26-12-14-4 = 1.0,4-25-32-42-4 = 1.0,4-13-7-27-21-4 = 0.043,4-34-13-7-4 = 0.913,4-34-20-10-4 = 0.087,4-20-13-7-4 = 0.043,5-35-16-9-31-49-5 = 0.304,5-51-30-11-5 = 0.826,5-9-11-33-5 = 0.174,5-9-16-31-17-5 = 0.261,5-6-47-16-31-49-5 = 0.304,5-6-47-35-28-17-5 = 0.696,4-20-10-44-53-4 = 0.87,5-33-30-5 = 0.043,5-9-51-16-10-4 = 0.043,5-31-9-51-30-5 = 0.13,5-9-16-44-53-4 = 0.087,5-28-49-45-5 = 0.283,5-28-49-33-5 = 0.022
119,73,867.868,6.0,0.096,1.333,155,156,4-50-52-54-4 = 1.0,5-55-23-29-41-5 = 1.0,5-22-40-36-5 = 1.0,5-28-31-49-48-5 = 1.0,5-37-6-17-5 = 0.5,4-39-19-27-21-4 = 1.0,4-38-46-4 = 0.5,4-38-46-8-4 = 0.5,4-26-24-14-4 = 0.5,5-45-33-5 = 1.0,4-8-18-15-43-4 = 0.5,4-18-15-24-43-4 = 0.5,4-26-12-14-4 = 0.5,4-25-32-42-4 = 1.0,4-34-13-7-4 = 1.0,5-6-9-51-30-5 = 0.5,5-35-47-16-11-5 = 0.5,5-35-47-16-9-17-5 = 0.5,5-51-30-11-5 = 0.5,4-20-10-44-53-4 = 1.0,5-37-12-5 = 0.5
155,119,868.233,2.333,0.365,-3.667,157,158,4-8-4 = 0.167,4-50-52-54-4 = 1.0,5-55-23-29-41-5 = 1.0,5-22-40-36-5 = 1.0,5-28-31-49-48-5 = 1.0,5-37-6-17-5 = 1.0,4-39-19-27-21-4 = 1.0,4-38-46-4 = 0.167,4-38-46-8-4 = 0.833,5-33-45-5 = 1.0,4-18-15-24-43-4 = 1.0,4-26-12-14-4 = 1.0,4-25-32-42-4 = 0.833,4-34-13-7-4 = 1.0,4-42-30-4 = 0.167,5-35-47-16-11-5 = 0.333,5-35-47-16-51-9-5 = 0.667,5-51-30-11-5 = 0.333,5-9-30-11-5 = 0.333,4-25-32-30-4 = 0.167,4-20-10-44-53-4 = 1.0
139,138,868.254,6.974,0.488,-0.746,159,160,4-8-4 = 0.256,4-50-52-54-4 = 1.0,5-55-23-29-41-5 = 1.0,5-22-40-36-5 = 1.0,5-37-28-17-5 = 0.346,5-17-49-45-5 = 0.038,5-17-49-53-33-5 = 0.038,5-28-31-49-48-5 = 0.385,4-25-34-20-4 = 0.705,4-39-19-27-21-4 = 1.0,4-38-46-4 = 0.256,4-38-46-8-4 = 0.744,5-33-45-5 = 0.962,4-18-15-24-43-5 = 0.346,4-18-15-24-43-14-4 = 0.654,4-26-12-14-4 = 0.346,4-26-42-32-4 = 0.654,4-25-34-53-4 = 0.192,4-25-20-7-4 = 0.103,4-10-13-7-4 = 0.564,4-10-32-42-4 = 0.346,4-34-13-7-4 = 0.103,4-20-13-44-53-4 = 0.103,5-35-31-17-48-5 = 0.308,5-51-30-11-5 = 1.0,5-6-47-35-28-17-5 = 0.269,5-6-35-47-16-9-5 = 0.423,4-20-10-44-53-4 = 0.09,5-6-47-31-49-48-5 = 0.308,5-9-16-44-53-4 = 0.577,5-37-12-5 = 0.654,4-13-7-44-49-5 = 0.231
122,61,868.431,3.886,0.915,-1.963,161,162,4-8-4 = 0.171,4-50-52-54-4 = 0.943,5-55-23-29-41-5 = 1.0,5-22-40-36-5 = 1.0,5-37-28-17-5 = 1.0,5-11-32-42-4 = 0.143,5-12-51-32-53-4 = 0.057,4-25-20-10-4 = 0.886,4-39-19-27-21-4 = 0.971,4-38-46-4 = 0.171,4-38-46-8-4 = 0.829,5-45-33-5 = 1.0,4-18-15-24-43-5 = 1.0,4-26-12-14-4 = 0.943,4-26-42-32-4 = 0.057,4-25-20-7-4 = 0.057,4-10-32-42-4 = 0.114,4-34-13-7-4 = 0.943,4-34-20-13-4 = 0.057,5-6-16-44-53-4 = 0.429,4-42-30-5 = 0.143,4-44-54-52-4 = 0.057,5-35-47-31-49-48-5 = 1.0,4-39-50-19-21-4 = 0.029,4-50-27-44-53-4 = 0.029,5-51-30-11-5 = 0.314,5-51-16-44-53-4 = 0.057,4-32-30-11-5 = 0.543,5-6-9-51-16-32-4 = 0.086,5-9-16-44-53-4 = 0.429,5-6-9-51-42-4 = 0.486,4-25-42-14-4 = 0.057
149,98,868.182,8.184,0.091,-0.149,163,164,5-55-23-29-41-5 = 1.0,5-37-48-5 = 1.0,5-22-40-36-5 = 1.0,5-17-49-53-33-5 = 0.053,5-28-31-16-32-4 = 0.386,4-25-34-20-4 = 0.386,4-39-19-27-21-4 = 0.333,4-38-46-8-4 = 1.0,5-33-45-5 = 0.456,4-18-15-24-43-4 = 0.737,4-18-15-24-43-5 = 0.263,4-26-12-14-4 = 1.0,4-25-34-53-4 = 0.614,4-10-13-7-4 = 0.386,4-10-32-42-4 = 0.614,5-6-9-51-30-5 = 0.325,4-42-30-5 = 0.254,4-44-54-52-4 = 0.667,4-20-13-7-4 = 0.614,5-28-35-47-16-49-5 = 0.228,5-28-47-35-31-17-5 = 0.386,5-35-47-16-11-5 = 0.088,5-35-47-16-31-49-5 = 0.228,5-35-47-16-51-17-5 = 0.07,4-39-50-19-21-4 = 0.667,4-50-27-44-53-4 = 0.333,5-6-51-9-45-5 = 0.053,5-51-30-11-5 = 0.421,5-9-11-33-5 = 0.491,4-27-52-54-4 = 0.333,5-6-17-49-45-5 = 0.491,5-6-9-51-42-4 = 0.132
100,6,868.186,8.375,0.856,-0.125,165,166,4-50-52-54-4 = 0.5,5-55-23-29-41-5 = 1.0,5-37-48-5 = 0.625,5-22-40-36-5 = 1.0,5-37-28-17-5 = 0.375,5-12-42-4 = 1.0,4-25-20-10-4 = 0.167,4-25-34-20-4 = 0.083,4-39-19-27-21-4 = 0.25,4-39-19-27-44-49-5 = 0.25,4-38-46-4 = 0.75,4-38-46-19-27-21-4 = 0.25,4-26-24-14-4 = 1.0,5-45-33-5 = 0.5,4-8-18-15-43-4 = 1.0,5-6-28-49-48-5 = 0.25,4-25-34-53-4 = 0.75,4-10-13-7-4 = 0.417,4-10-32-30-5 = 0.25,4-34-20-10-4 = 0.167,5-6-9-51-33-5 = 0.25,4-44-54-52-4 = 0.5,4-20-13-7-4 = 0.583,5-28-17-48-5 = 0.125,5-28-35-47-31-17-5 = 0.25,5-35-47-16-31-49-5 = 0.5,5-35-47-16-9-17-5 = 0.25,4-39-50-27-21-4 = 0.25,4-39-50-19-21-4 = 0.25,5-6-51-9-45-5 = 0.5,5-31-16-44-53-4 = 0.25,5-51-11-33-5 = 0.25,4-32-30-11-5 = 0.75
90,69,868.066,8.333,0.82,0.667,167,168,4-8-4 = 0.111,5-55-23-29-41-5 = 1.0,5-37-48-5 = 0.333,5-22-40-36-5 = 1.0,5-37-28-17-5 = 0.333,5-12-42-4 = 1.0,5-28-31-49-48-5 = 0.333,5-37-6-17-5 = 0.333,4-25-20-10-4 = 0.222,4-25-34-20-4 = 0.111,4-39-19-27-21-4 = 0.333,4-38-46-4 = 0.111,4-38-46-8-4 = 0.889,4-26-34-20-4 = 0.222,5-45-33-5 = 0.333,4-18-15-24-43-5 = 0.222,4-18-15-24-43-14-4 = 0.778,4-25-34-53-4 = 0.667,4-10-13-7-4 = 0.556,4-10-32-30-14-4 = 0.222,4-44-54-52-4 = 0.667,4-20-13-7-4 = 0.444,5-28-17-48-5 = 0.333,5-35-47-16-11-5 = 0.333,5-35-47-16-31-49-5 = 0.667,4-39-50-19-21-4 = 0.667,4-50-27-44-53-4 = 0.333,5-6-51-9-45-5 = 0.667,5-51-11-33-5 = 0.333,5-9-11-33-5 = 0.333,4-26-32-30-5 = 0.778,4-27-52-54-4 = 0.333
114,81,867.877,9.0,0.059,2.0,169,170,4-8-4 = 0.25,4-50-52-54-4 = 1.0,5-55-23-29-41-5 = 1.0,5-22-40-36-5 = 1.0,5-37-28-17-5 = 0.5,4-25-34-20-4 = 0.5,4-39-19-27-21-4 = 1.0,4-38-46-4 = 0.25,4-38-46-8-4 = 0.75,5-45-33-5 = 0.75,4-18-15-24-43-14-4 = 1.0,4-26-42-32-4 = 0.5,4-25-32-42-4 = 0.5,4-10-13-7-4 = 0.5,4-34-13-7-4 = 0.5,5-6-16-44-53-4 = 0.5,5-6-9-51-30-5 = 0.25,5-28-17-48-5 = 0.5,5-35-47-16-31-49-5 = 0.5,5-35-47-31-49-48-5 = 0.5,5-6-51-9-45-5 = 0.25,5-51-30-11-5 = 0.5,5-9-30-11-5 = 0.25,5-9-11-33-5 = 0.25,4-20-10-44-53-4 = 0.5,5-12-37-5 = 0.5,4-26-12-5 = 0.5
170,114,868.09,7.179,0.213,-1.821,171,172,4-8-4 = 0.214,4-50-52-54-4 = 1.0,5-55-23-29-41-5 = 1.0,5-22-40-36-5 = 1.0,5-28-31-49-48-5 = 0.071,5-37-6-17-5 = 0.25,4-25-34-20-4 = 0.643,4-39-19-21-4 = 0.107,4-39-19-27-21-4 = 0.786,4-39-19-27-44-49-5 = 0.107,4-38-46-4 = 0.214,4-38-46-8-4 = 0.786,5-45-33-5 = 0.661,4-18-15-24-43-14-4 = 1.0,4-26-42-32-4 = 0.75,4-25-34-53-4 = 0.107,4-25-32-42-4 = 0.161,4-13-7-27-21-4 = 0.107,4-10-13-7-4 = 0.643,4-34-13-7-4 = 0.25,5-6-16-44-53-4 = 0.25,5-6-9-51-30-5 = 0.161,4-42-30-5 = 0.089,5-28-17-48-5 = 0.75,5-28-35-47-44-53-4 = 0.179,5-35-47-16-31-49-5 = 0.643,5-35-47-31-49-48-5 = 0.179,5-6-51-9-45-5 = 0.339,5-31-16-44-53-4 = 0.107,5-51-30-11-5 = 0.5,5-9-30-11-5 = 0.161,5-9-11-33-5 = 0.339,4-20-10-44-53-4 = 0.357,4-25-32-30-5 = 0.089,5-12-37-5 = 0.75,4-26-12-5 = 0.25
124,108,868.091,8.667,0.277,0.933,173,174,4-8-4 = 0.042,5-55-23-29-41-5 = 1.0,5-22-40-36-5 = 1.0,5-12-26-4 = 0.083,5-37-28-17-5 = 0.417,5-28-31-49-48-5 = 0.417,4-25-20-10-4 = 0.333,4-39-19-27-21-4 = 0.333,4-38-46-4 = 0.042,4-38-46-8-4 = 0.958,5-45-33-5 = 0.792,4-18-15-24-43-14-4 = 1.0,4-26-42-32-4 = 0.583,4-25-34-53-4 = 0.667,4-10-32-42-4 = 0.417,4-34-13-7-4 = 0.333,5-6-17-48-5 = 0.417,5-6-9-51-30-5 = 0.375,4-44-54-52-4 = 0.667,4-20-13-7-4 = 0.667,5-28-17-48-5 = 0.167,5-35-47-16-11-5 = 0.167,5-35-47-16-10-4 = 0.25,5-35-47-16-31-49-5 = 0.583,4-39-50-19-21-4 = 0.667,4-50-27-44-53-4 = 0.333,5-6-51-9-45-5 = 0.208,5-51-30-11-5 = 0.417,5-9-30-11-5 = 0.208,5-9-11-33-5 = 0.208,4-27-52-54-4 = 0.333,5-37-12-5 = 0.583,4-26-12-5 = 0.333
141,137,868.541,5.0,0.292,-1.571,175,176,4-8-4 = 0.222,4-50-52-54-4 = 1.0,5-55-23-29-41-5 = 1.0,5-22-40-36-5 = 1.0,5-37-28-17-5 = 0.667,5-37-35-28-49-5 = 0.333,4-39-19-27-21-4 = 1.0,4-38-46-4 = 0.222,4-38-46-8-4 = 0.778,5-33-45-5 = 1.0,4-18-15-24-43-4 = 0.333,4-18-15-24-43-5 = 0.667,4-26-12-14-4 = 1.0,4-25-32-42-4 = 1.0,4-10-13-7-4 = 0.222,4-34-13-7-4 = 0.556,4-34-20-10-4 = 0.444,4-20-13-7-4 = 0.222,5-35-31-17-48-5 = 0.333,5-51-30-11-5 = 1.0,5-6-35-47-16-9-5 = 0.333,4-20-10-44-53-4 = 0.333,5-6-47-31-49-48-5 = 0.667,5-9-16-44-53-4 = 0.667
171,170,868.186,7.894,0.096,0.715,177,178,4-8-4 = 0.191,4-50-52-54-4 = 1.0,5-55-23-29-41-5 = 1.0,5-22-40-36-5 = 1.0,5-28-31-49-48-5 = 0.298,5-37-6-17-5 = 0.34,4-25-34-20-4 = 0.553,4-39-19-21-4 = 0.106,4-39-19-27-21-4 = 0.787,4-39-19-27-44-49-5 = 0.106,4-38-46-4 = 0.191,4-38-46-8-4 = 0.809,5-45-33-5 = 0.681,4-18-15-24-43-14-4 = 1.0,4-26-42-32-4 = 0.66,4-25-34-53-4 = 0.106,4-25-32-42-4 = 0.34,4-13-7-27-21-4 = 0.106,4-10-13-7-4 = 0.553,4-34-13-7-4 = 0.34,5-6-16-44-53-4 = 0.298,5-6-9-51-30-5 = 0.362,5-28-17-48-5 = 0.66,5-28-35-47-44-53-4 = 0.043,5-35-47-16-11-5 = 0.043,5-35-47-16-31-49-5 = 0.553,5-35-47-31-49-48-5 = 0.043,5-35-47-9-45-5 = 0.319,5-31-16-44-53-4 = 0.106,5-51-30-11-5 = 0.638,5-9-11-33-5 = 0.319,4-20-10-44-53-4 = 0.447,5-12-37-5 = 0.66,4-26-12-5 = 0.34
178,171,868.279,7.667,0.093,-0.227,179,180,4-8-4 = 0.167,4-50-52-54-4 = 1.0,5-55-23-29-41-5 = 1.0,5-22-40-36-5 = 1.0,5-28-31-49-48-5 = 0.5,5-37-6-17-5 = 0.5,4-25-20-10-4 = 0.5,4-39-19-27-21-4 = 1.0,4-38-46-4 = 0.167,4-38-46-8-4 = 0.833,5-45-33-5 = 0.667,4-18-15-24-43-14-4 = 1.0,4-26-42-32-4 = 0.5,4-25-32-42-4 = 0.5,4-34-13-7-4 = 1.0,5-6-16-44-53-4 = 0.167,5-6-9-51-30-5 = 0.333,5-28-17-48-5 = 0.5,5-35-16-44-53-4 = 0.167,5-35-47-16-31-49-5 = 0.5,5-35-47-9-45-5 = 0.333,5-51-30-11-5 = 0.667,5-9-11-33-5 = 0.333,5-47-16-44-53-4 = 0.167,4-20-10-44-53-4 = 0.5,5-37-12-5 = 0.5,4-26-12-5 = 0.5
105,76,868.423,8.75,0.788,-0.792,181,182,4-8-4 = 0.042,5-55-23-29-41-5 = 1.0,5-22-40-36-5 = 1.0,5-12-26-4 = 0.292,5-37-28-17-5 = 0.583,5-28-31-49-48-5 = 0.417,5-37-6-17-5 = 0.417,5-16-9-45-5 = 0.25,4-25-34-20-4 = 0.333,4-39-19-27-21-4 = 0.333,4-38-46-4 = 0.042,4-38-46-8-4 = 0.958,5-33-45-5 = 0.5,4-18-15-24-43-4 = 1.0,4-26-12-14-4 = 0.708,4-25-34-53-4 = 0.667,4-10-13-7-4 = 0.333,4-10-32-42-4 = 0.375,4-10-32-30-14-4 = 0.292,4-42-30-5 = 0.625,4-44-54-52-4 = 0.667,4-20-13-7-4 = 0.667,5-35-47-16-11-5 = 0.417,5-35-47-31-49-48-5 = 0.583,4-39-50-19-21-4 = 0.667,4-50-27-44-53-4 = 0.333,5-6-51-9-45-5 = 0.25,5-51-11-33-5 = 0.417,5-9-30-11-5 = 0.083,5-9-11-33-5 = 0.083,5-6-9-51-16-32-4 = 0.333,4-27-52-54-4 = 0.333
96,77,868.225,5.75,0.767,0.5,183,184,4-8-4 = 0.188,5-55-23-29-41-5 = 1.0,5-37-48-5 = 0.25,5-22-40-36-5 = 1.0,5-37-28-17-5 = 0.25,5-37-35-28-49-5 = 0.5,4-46-19-27-7-4 = 0.188,4-25-20-13-4 = 0.125,4-25-34-20-4 = 0.125,4-38-46-8-4 = 0.812,5-45-33-5 = 1.0,4-18-15-24-43-4 = 1.0,4-26-12-14-4 = 1.0,4-25-34-53-4 = 0.75,4-10-32-42-4 = 1.0,4-34-13-7-4 = 0.125,4-44-54-52-4 = 0.75,4-20-13-7-4 = 0.688,4-20-13-44-53-4 = 0.062,5-28-17-48-5 = 0.25,4-39-50-27-21-4 = 0.375,4-39-50-19-21-4 = 0.625,5-51-30-11-5 = 1.0,5-9-31-17-48-5 = 0.5,4-38-19-27-44-53-4 = 0.188,5-6-47-16-31-49-5 = 0.5,5-6-47-35-16-9-5 = 0.5,4-27-52-54-4 = 0.25
79,45,868.452,6.818,1.467,-0.655,185,186,4-50-52-54-4 = 0.636,5-55-23-29-41-5 = 1.0,5-37-48-5 = 1.0,5-22-40-36-5 = 1.0,5-17-49-53-33-5 = 0.091,4-25-34-20-4 = 0.455,4-39-19-27-21-4 = 0.818,4-38-46-8-4 = 1.0,5-45-33-5 = 0.727,4-18-15-24-43-4 = 0.818,4-18-15-24-43-5 = 0.182,5-6-28-31-17-5 = 0.364,4-26-12-14-4 = 1.0,4-25-34-53-4 = 0.091,4-25-32-42-4 = 0.455,4-10-13-7-4 = 0.455,4-10-32-42-4 = 0.545,5-6-9-16-53-4 = 0.182,4-34-35-47-28-49-5 = 0.455,4-44-54-52-4 = 0.364,4-20-13-7-4 = 0.545,5-28-35-47-31-17-5 = 0.182,5-35-47-16-9-17-5 = 0.364,4-39-50-19-21-4 = 0.182,4-50-27-44-53-4 = 0.182,5-51-30-11-5 = 1.0,5-9-16-44-53-4 = 0.455,5-6-31-49-33-5 = 0.182,5-6-31-49-45-5 = 0.273
7,5,868.24,7.705,0.031,0.577,187,188,4-50-52-54-4 = 0.333,5-55-23-29-41-5 = 1.0,5-37-48-5 = 0.417,5-22-40-36-5 = 1.0,5-37-28-17-5 = 0.583,5-17-49-53-33-5 = 0.128,5-12-42-4 = 1.0,5-28-31-49-48-5 = 0.417,5-16-9-45-5 = 0.051,4-25-20-10-4 = 0.276,4-25-34-20-4 = 0.128,4-39-19-27-44-49-5 = 0.333,4-38-46-4 = 0.667,4-38-46-19-27-21-4 = 0.333,4-26-24-14-4 = 1.0,5-45-33-5 = 0.827,4-8-18-15-43-5 = 1.0,4-25-34-53-4 = 0.551,4-10-13-7-4 = 0.404,4-34-10-32-53-4 = 0.321,4-44-54-52-4 = 0.667,4-20-13-7-4 = 0.596,4-39-50-27-21-4 = 0.333,4-39-50-19-21-4 = 0.333,5-51-30-11-5 = 0.827,5-9-11-33-5 = 0.045,5-9-16-31-17-5 = 0.122,5-9-31-17-48-5 = 0.167,4-32-30-11-5 = 0.128,5-6-47-35-16-9-5 = 0.321,5-6-35-47-16-32-4 = 0.506,4-25-32-30-5 = 0.045,5-6-35-47-31-9-51-5 = 0.173,5-9-31-49-45-5 = 0.122
187,7,868.291,7.112,0.052,-0.593,189,190,4-50-52-54-4 = 0.333,5-55-23-29-41-5 = 1.0,5-37-48-5 = 0.213,5-22-40-36-5 = 1.0,5-37-28-17-5 = 0.583,5-17-49-53-33-5 = 0.046,5-12-42-4 = 1.0,5-28-31-49-48-5 = 0.417,4-25-20-10-4 = 0.3,4-25-34-20-4 = 0.046,4-39-19-27-44-49-5 = 0.333,4-38-46-4 = 0.667,4-38-46-19-27-21-4 = 0.333,4-26-24-14-4 = 1.0,5-33-45-5 = 0.946,4-8-18-15-43-5 = 1.0,4-25-34-53-4 = 0.6,4-10-13-7-4 = 0.346,4-34-10-32-53-4 = 0.354,4-44-54-52-4 = 0.667,4-20-13-7-4 = 0.654,4-39-50-27-21-4 = 0.333,4-39-50-19-21-4 = 0.333,5-51-30-11-5 = 0.898,5-9-31-17-48-5 = 0.371,4-32-30-11-5 = 0.102,5-6-47-35-16-32-4 = 0.49,5-6-47-35-16-51-5 = 0.094,5-6-47-35-16-9-5 = 0.417,5-37-9-31-49-5 = 0.204,5-31-9-51-33-5 = 0.008,4-25-32-45-5 = 0.054
160,139,868.356,7.051,0.102,0.077,191,192,4-8-4 = 0.256,4-50-52-54-4 = 1.0,5-55-23-29-41-5 = 1.0,5-22-40-36-5 = 1.0,5-37-28-17-5 = 0.346,5-17-49-45-5 = 0.038,5-17-49-53-33-5 = 0.038,5-28-31-49-48-5 = 0.385,4-25-20-10-4 = 0.564,4-25-34-20-4 = 0.141,4-39-19-27-21-4 = 1.0,4-38-46-4 = 0.256,4-38-46-8-4 = 0.744,5-33-45-5 = 0.962,4-18-15-24-43-5 = 0.346,4-18-15-24-43-14-4 = 0.654,4-26-12-14-4 = 0.346,4-26-42-32-4 = 0.654,4-25-34-53-4 = 0.192,4-25-20-7-4 = 0.103,4-10-32-42-4 = 0.346,4-34-13-7-4 = 0.667,4-20-13-44-53-4 = 0.103,5-35-31-17-48-5 = 0.308,5-51-30-11-5 = 1.0,5-6-47-35-16-9-5 = 0.423,5-6-47-35-28-17-5 = 0.269,4-20-10-44-53-4 = 0.09,5-6-47-31-49-48-5 = 0.308,5-9-16-44-53-4 = 0.577,5-12-37-5 = 0.654,4-13-7-44-49-5 = 0.231
102,97,868.375,7.667,0.702,0.0,193,194,4-8-4 = 0.167,4-50-52-54-4 = 1.0,5-55-23-29-41-5 = 1.0,5-37-48-5 = 1.0,5-22-40-36-5 = 1.0,4-25-34-20-4 = 0.333,4-39-19-27-21-4 = 1.0,4-38-46-4 = 0.167,4-38-46-8-4 = 0.833,4-18-15-24-43-4 = 0.5,4-18-15-24-43-5 = 0.5,4-26-12-14-4 = 1.0,4-25-32-42-4 = 0.667,4-10-13-7-4 = 0.167,4-10-32-42-4 = 0.333,4-34-13-7-4 = 0.667,4-20-13-7-4 = 0.167,5-28-35-47-16-49-5 = 0.5,5-28-35-47-31-17-5 = 0.5,5-6-51-9-45-5 = 0.5,5-31-16-44-53-4 = 0.5,5-51-30-11-5 = 0.5,5-9-11-33-5 = 0.5,4-20-10-44-53-4 = 0.5,5-33-30-5 = 0.5,5-6-17-49-45-5 = 0.5
173,124,868.363,9.0,0.272,0.333,195,196,4-8-4 = 0.148,5-55-23-29-41-5 = 1.0,5-22-40-36-5 = 1.0,5-12-30-5 = 0.407,5-37-28-17-5 = 0.407,5-28-31-49-48-5 = 0.407,4-25-20-10-4 = 0.556,4-39-19-27-21-4 = 0.333,4-38-46-4 = 0.148,4-38-46-8-4 = 0.852,5-45-33-5 = 0.481,4-18-15-24-43-14-4 = 1.0,4-26-42-32-4 = 1.0,4-25-34-53-4 = 0.444,4-34-13-7-4 = 0.556,5-6-17-48-5 = 0.407,5-6-9-51-30-5 = 0.074,4-44-54-52-4 = 0.667,4-20-13-7-4 = 0.444,5-28-17-48-5 = 0.185,5-35-47-16-11-5 = 0.185,5-35-47-16-10-4 = 0.222,5-35-47-16-31-49-5 = 0.593,4-39-50-19-21-4 = 0.667,4-50-27-44-53-4 = 0.333,5-6-51-9-45-5 = 0.519,5-51-30-11-5 = 0.407,5-9-30-11-5 = 0.111,5-9-11-33-5 = 0.296,4-10-53-33-5 = 0.222,4-27-52-54-4 = 0.333,5-12-37-5 = 0.593
107,82,868.562,7.061,0.984,-0.908,197,198,4-8-4 = 0.172,5-55-23-29-41-5 = 1.0,5-22-40-36-5 = 1.0,5-12-30-5 = 0.01,5-17-49-53-33-5 = 0.121,5-28-31-49-48-5 = 0.434,5-37-6-17-5 = 0.192,4-25-34-20-4 = 1.0,4-39-19-27-21-4 = 0.333,4-38-46-4 = 0.172,4-38-46-8-4 = 0.828,5-33-45-5 = 0.626,4-18-15-24-43-14-4 = 1.0,4-26-42-32-4 = 0.818,4-10-13-7-4 = 1.0,5-6-17-48-5 = 0.242,5-6-9-51-30-5 = 0.071,4-42-30-5 = 0.182,4-44-54-52-4 = 0.667,5-28-17-48-5 = 0.323,5-28-35-47-31-17-5 = 0.121,5-35-47-16-11-5 = 0.01,5-35-47-16-31-49-5 = 0.444,5-35-47-9-16-53-4 = 0.303,4-39-50-19-21-4 = 0.667,4-50-27-44-53-4 = 0.333,5-6-51-9-45-5 = 0.374,5-51-30-11-5 = 0.556,5-9-11-33-5 = 0.253,4-32-30-11-5 = 0.182,4-27-52-54-4 = 0.333,5-37-12-5 = 0.808,5-28-47-16-53-4 = 0.121,4-26-12-5 = 0.182,5-6-35-16-53-4 = 0.121
145,126,868.434,6.402,0.464,0.046,199,200,4-8-4 = 0.094,4-50-52-54-4 = 1.0,5-55-23-29-41-5 = 1.0,5-37-48-5 = 1.0,5-22-40-36-5 = 1.0,5-17-49-53-33-5 = 0.154,5-12-9-31-49-5 = 0.359,5-28-31-45-5 = 0.128,4-25-20-10-4 = 0.359,4-25-20-13-4 = 0.145,4-25-34-20-4 = 0.35,4-39-19-21-4 = 0.205,4-39-19-27-21-4 = 0.59,4-39-19-27-44-49-5 = 0.205,4-38-46-4 = 0.094,4-38-46-8-4 = 0.906,5-33-45-5 = 0.846,4-18-15-24-43-5 = 0.641,4-18-15-24-43-14-4 = 0.359,4-26-12-14-4 = 0.641,4-26-42-32-4 = 0.359,4-25-20-7-4 = 0.145,4-13-7-27-21-4 = 0.205,4-10-32-42-4 = 0.641,4-34-13-7-4 = 0.65,5-35-16-9-31-49-5 = 0.103,5-31-16-44-53-4 = 0.256,5-51-30-11-5 = 1.0,5-6-47-16-31-49-5 = 0.103,5-6-47-35-28-17-5 = 0.846,5-6-35-47-31-49-53-4 = 0.051,5-9-16-44-53-4 = 0.538,5-28-49-45-5 = 0.026
129,68,868.467,9.333,0.489,-0.067,201,202,4-8-4 = 0.375,4-50-52-54-4 = 0.333,5-55-23-29-41-5 = 1.0,5-37-48-5 = 1.0,5-22-40-36-5 = 1.0,5-17-49-53-33-5 = 0.083,5-12-42-4 = 1.0,5-28-31-16-32-4 = 0.375,5-16-9-45-5 = 0.333,4-25-20-10-4 = 0.375,4-39-19-27-44-49-5 = 0.333,4-38-46-4 = 0.042,4-38-46-8-4 = 0.625,4-38-46-19-27-21-4 = 0.333,5-33-45-5 = 0.292,4-18-15-24-43-5 = 0.25,4-18-15-24-43-14-4 = 0.75,4-25-34-53-4 = 0.625,4-10-13-7-4 = 0.375,4-10-32-30-14-4 = 0.25,5-6-16-31-17-5 = 0.042,4-34-35-47-28-49-5 = 0.083,4-44-54-52-4 = 0.667,4-20-13-7-4 = 0.625,4-39-50-27-21-4 = 0.333,4-39-50-19-21-4 = 0.333,5-6-51-9-45-5 = 0.208,5-51-30-11-5 = 0.375,5-51-11-33-5 = 0.417,5-9-11-33-5 = 0.208,5-9-16-31-17-5 = 0.208,5-6-47-16-31-49-5 = 0.042,5-6-47-35-28-17-5 = 0.542,5-6-35-9-45-5 = 0.042,4-26-34-53-4 = 0.292,4-26-32-30-5 = 0.375,4-26-35-47-31-49-5 = 0.333,5-6-17-49-45-5 = 0.125
165,100,869.207,4.571,1.022,-3.804,203,204,4-50-52-54-4 = 1.0,5-55-23-29-41-5 = 1.0,5-37-48-5 = 0.286,5-22-40-36-5 = 1.0,5-37-28-17-5 = 0.643,5-12-42-4 = 1.0,5-37-6-17-5 = 0.071,4-25-34-20-4 = 1.0,4-39-19-27-21-4 = 1.0,4-38-46-4 = 1.0,4-26-24-14-4 = 1.0,5-33-45-5 = 0.429,4-8-18-15-43-5 = 1.0,5-6-28-49-48-5 = 0.357,4-10-13-7-4 = 1.0,5-35-47-16-11-5 = 0.071,5-35-47-16-31-49-5 = 0.286,5-35-47-16-9-17-5 = 0.286,5-35-47-31-49-48-5 = 0.357,5-6-51-9-45-5 = 0.571,5-31-16-44-53-4 = 0.357,5-51-11-33-5 = 0.429,5-9-11-33-5 = 0.143,4-32-30-11-5 = 0.357,4-32-30-44-53-4 = 0.643
194,102,868.505,7.519,0.13,-0.148,205,206,4-8-4 = 0.074,4-50-52-54-4 = 1.0,5-55-23-29-41-5 = 1.0,5-37-48-5 = 1.0,5-22-40-36-5 = 1.0,5-12-30-5 = 0.111,4-25-34-20-4 = 0.481,4-39-19-27-21-4 = 1.0,4-38-46-4 = 0.074,4-38-46-8-4 = 0.926,4-18-15-24-43-4 = 0.444,4-18-15-24-43-5 = 0.556,4-26-12-14-4 = 0.889,4-26-42-32-4 = 0.111,4-25-32-42-4 = 0.519,4-10-13-7-4 = 0.296,4-10-32-42-4 = 0.259,4-10-32-30-14-4 = 0.111,4-34-13-7-4 = 0.519,5-6-16-44-53-4 = 0.333,4-42-30-5 = 0.111,4-20-13-7-4 = 0.185,5-28-47-35-31-17-5 = 0.667,5-35-47-16-31-49-5 = 0.333,5-6-51-9-45-5 = 0.333,5-51-30-11-5 = 0.333,5-51-16-44-53-4 = 0.333,5-9-11-33-5 = 0.667,4-20-10-44-53-4 = 0.333,5-33-30-5 = 0.333,5-6-17-49-45-5 = 0.333,5-28-49-45-5 = 0.333
106,76,868.662,8.733,1.027,-0.808,207,208,4-8-4 = 0.033,5-55-23-29-41-5 = 1.0,5-22-40-36-5 = 1.0,5-12-30-4 = 0.133,5-12-30-5 = 0.2,5-28-31-49-48-5 = 0.333,5-37-6-17-5 = 0.333,4-25-34-20-4 = 0.367,4-39-19-27-21-4 = 0.317,4-38-46-4 = 0.033,4-38-46-8-4 = 0.967,4-26-42-14-4 = 0.4,4-26-24-14-4 = 0.067,4-26-18-15-43-4 = 0.067,5-33-45-5 = 0.333,4-18-15-24-43-4 = 0.933,4-26-42-32-4 = 0.467,4-25-34-53-4 = 0.633,4-10-13-7-4 = 0.417,4-10-32-30-14-4 = 0.533,4-42-30-5 = 0.133,4-44-54-52-4 = 0.633,4-20-13-7-4 = 0.583,5-28-17-48-5 = 0.667,5-35-47-16-11-5 = 0.333,5-35-47-16-31-49-5 = 0.667,4-39-50-19-21-4 = 0.683,4-50-27-44-53-4 = 0.317,5-6-51-9-45-5 = 0.667,5-51-11-33-5 = 0.333,5-9-11-33-5 = 0.333,4-20-10-44-53-4 = 0.05,4-27-52-54-4 = 0.367,5-37-12-5 = 0.667
177,171,868.609,7.475,0.423,-0.419,209,210,4-8-4 = 0.254,4-50-52-54-4 = 1.0,5-55-23-29-41-5 = 1.0,5-22-40-36-5 = 1.0,5-28-31-49-48-5 = 0.153,5-37-6-17-5 = 0.068,4-25-34-20-4 = 0.678,4-39-19-21-4 = 0.322,4-39-19-27-21-4 = 0.356,4-39-19-27-44-49-5 = 0.322,4-38-46-4 = 0.254,4-38-46-8-4 = 0.746,5-45-33-5 = 0.695,4-18-15-24-43-14-4 = 1.0,4-26-42-32-4 = 0.932,4-25-34-53-4 = 0.322,4-13-7-27-21-4 = 0.322,4-10-13-7-4 = 0.644,4-10-32-42-4 = 0.068,5-6-17-48-5 = 0.085,5-6-16-44-53-4 = 0.153,5-6-9-51-30-5 = 0.39,4-20-13-7-4 = 0.034,5-28-17-48-5 = 0.458,5-28-35-47-31-17-5 = 0.085,5-35-47-16-11-5 = 0.085,5-35-47-16-31-49-5 = 0.525,5-31-16-44-53-4 = 0.237,5-51-30-11-5 = 0.61,5-9-11-33-5 = 0.305,4-20-10-44-53-4 = 0.288,5-6-35-9-45-5 = 0.305,5-37-12-5 = 0.932,5-47-28-17-48-5 = 0.305,4-26-12-5 = 0.068
159,139,868.762,5.773,0.508,-1.202,211,212,4-8-4 = 0.273,4-50-52-54-4 = 1.0,5-55-23-29-41-5 = 1.0,5-22-40-36-5 = 1.0,5-37-28-17-5 = 0.25,5-17-49-45-5 = 0.182,5-28-31-49-48-5 = 0.455,4-25-34-20-4 = 1.0,4-39-19-27-21-4 = 1.0,4-38-46-4 = 0.273,4-38-46-8-4 = 0.727,5-33-45-5 = 0.659,4-18-15-24-43-5 = 0.25,4-18-15-24-43-14-4 = 0.75,4-26-12-14-4 = 0.25,4-26-42-32-4 = 0.75,4-10-13-7-4 = 1.0,4-42-30-5 = 0.091,5-35-16-44-53-4 = 0.182,5-35-31-17-48-5 = 0.182,5-51-30-11-5 = 0.909,5-9-11-33-5 = 0.091,5-6-47-35-16-9-5 = 0.25,5-6-47-35-28-17-5 = 0.295,4-32-44-53-33-5 = 0.25,5-6-35-47-51-9-17-5 = 0.091,5-6-47-31-49-48-5 = 0.364,5-9-16-44-53-4 = 0.568,5-12-37-5 = 0.75,4-42-45-5 = 0.159
168,90,868.546,8.667,0.48,0.333,213,214,5-55-23-29-41-5 = 1.0,5-37-48-5 = 0.333,5-22-40-36-5 = 1.0,5-37-28-17-5 = 0.333,5-12-42-4 = 1.0,5-28-31-49-48-5 = 0.333,5-37-6-17-5 = 0.333,4-25-20-10-4 = 0.333,4-39-19-27-21-4 = 0.333,4-38-46-8-4 = 1.0,5-33-45-5 = 0.333,4-18-15-24-43-5 = 0.667,4-18-15-24-43-14-4 = 0.333,4-25-34-53-4 = 0.333,4-10-32-30-14-4 = 0.667,4-34-13-7-4 = 0.333,4-44-54-52-4 = 0.667,4-20-13-7-4 = 0.667,5-28-17-48-5 = 0.333,5-35-47-16-11-5 = 0.333,5-35-47-16-31-49-5 = 0.667,4-39-50-19-21-4 = 0.667,4-50-27-44-53-4 = 0.333,5-6-51-9-45-5 = 0.667,5-51-11-33-5 = 0.333,5-9-11-33-5 = 0.333,4-26-25-4 = 0.333,4-26-34-53-4 = 0.333,4-26-32-30-5 = 0.333,4-27-52-54-4 = 0.333
134,104,868.611,5.0,0.11,0.0,215,216,4-8-4 = 0.05,4-50-52-54-4 = 0.4,5-55-23-29-41-5 = 1.0,5-22-40-36-5 = 1.0,5-28-31-49-48-5 = 0.5,5-37-6-17-5 = 1.0,5-16-9-45-5 = 0.75,4-25-34-20-4 = 0.2,4-39-19-27-21-4 = 0.6,4-38-46-4 = 0.05,4-38-46-8-4 = 0.95,5-33-45-5 = 0.25,4-18-15-24-43-4 = 1.0,4-26-12-14-4 = 1.0,4-25-34-53-4 = 0.8,4-13-7-27-44-4 = 0.2,4-10-32-42-4 = 1.0,4-44-54-52-4 = 0.6,4-20-13-7-4 = 0.8,5-28-35-47-33-5 = 0.5,5-35-47-31-49-48-5 = 0.5,4-39-50-19-21-4 = 0.4,4-50-27-44-53-4 = 0.2,5-51-30-11-5 = 1.0,5-9-16-33-5 = 0.25
181,105,868.804,7.5,0.382,-1.25,217,218,4-8-4 = 0.042,5-55-23-29-41-5 = 1.0,5-22-40-36-5 = 1.0,5-12-26-4 = 0.042,5-37-28-17-5 = 0.583,5-28-31-49-48-5 = 0.417,5-37-6-17-5 = 0.417,4-25-34-20-4 = 0.333,4-39-19-27-21-4 = 0.333,4-38-46-4 = 0.042,4-38-46-8-4 = 0.958,5-45-33-5 = 1.0,4-18-15-24-43-4 = 0.917,4-18-15-24-43-5 = 0.083,4-26-12-14-4 = 0.958,4-25-34-53-4 = 0.667,4-10-13-7-4 = 0.333,4-10-32-42-4 = 0.208,4-10-32-30-14-4 = 0.042,4-42-30-5 = 0.375,4-44-54-52-4 = 0.667,4-20-13-7-4 = 0.667,5-35-47-16-11-5 = 0.417,5-35-47-31-49-48-5 = 0.583,4-39-50-19-21-4 = 0.667,4-50-27-44-53-4 = 0.333,4-32-30-11-5 = 0.583,5-6-9-51-16-32-4 = 0.167,5-9-51-16-10-4 = 0.417,4-27-52-54-4 = 0.333,5-6-9-51-42-4 = 0.417
206,194,868.609,7.727,0.104,0.209,219,220,4-8-4 = 0.091,4-50-52-54-4 = 1.0,5-55-23-29-41-5 = 1.0,5-37-48-5 = 1.0,5-22-40-36-5 = 1.0,5-12-30-5 = 0.061,4-25-20-10-4 = 0.515,4-39-19-27-21-4 = 1.0,4-38-46-4 = 0.091,4-38-46-8-4 = 0.909,4-18-15-24-43-4 = 0.545,4-18-15-24-43-5 = 0.455,4-26-12-14-4 = 0.939,4-26-42-32-4 = 0.061,4-25-32-42-4 = 0.485,4-10-32-42-4 = 0.394,4-10-32-30-14-4 = 0.061,4-34-13-7-4 = 0.545,5-6-16-44-53-4 = 0.182,4-42-30-5 = 0.061,4-34-35-47-28-49-5 = 0.455,4-20-13-7-4 = 0.455,5-28-35-47-31-17-5 = 0.515,5-35-47-16-31-49-5 = 0.03,5-45-30-5 = 0.152,5-6-51-9-45-5 = 0.333,5-31-16-44-53-4 = 0.455,5-51-30-11-5 = 0.333,5-51-16-44-53-4 = 0.333,5-9-11-33-5 = 0.667,4-20-10-44-53-4 = 0.03,5-33-30-5 = 0.333,5-6-17-49-45-5 = 0.485,5-28-49-45-5 = 0.03
220,206,868.956,5.333,0.347,-2.394,221,222,4-8-4 = 0.111,4-50-52-54-4 = 1.0,5-55-23-29-41-5 = 1.0,5-37-48-5 = 1.0,5-22-40-36-5 = 1.0,4-39-19-27-21-4 = 1.0,4-38-46-4 = 0.111,4-38-46-8-4 = 0.889,4-18-15-24-43-4 = 0.667,4-18-15-24-43-5 = 0.333,4-26-12-14-4 = 1.0,4-25-32-42-4 = 1.0,4-10-13-7-4 = 0.111,4-34-13-7-4 = 0.778,4-34-20-10-4 = 0.222,5-6-16-44-53-4 = 0.333,5-6-9-51-30-5 = 0.333,4-20-13-7-4 = 0.111,5-28-35-47-31-17-5 = 0.667,5-35-47-16-31-49-5 = 0.333,5-51-30-11-5 = 0.333,5-51-16-45-5 = 0.333,5-9-11-33-5 = 0.667,4-20-10-44-53-4 = 0.667,5-33-30-5 = 0.333,5-6-17-49-45-5 = 0.333,5-28-49-45-5 = 0.333
186,79,868.59,7.125,0.138,0.307,223,224,4-8-4 = 0.01,4-50-52-54-4 = 0.625,5-55-23-29-41-5 = 1.0,5-37-48-5 = 1.0,5-22-40-36-5 = 1.0,5-17-49-53-33-5 = 0.125,4-25-20-10-4 = 0.479,4-39-19-27-21-4 = 0.812,4-38-46-4 = 0.01,4-38-46-8-4 = 0.99,5-33-45-5 = 0.719,4-18-15-24-43-4 = 0.75,4-18-15-24-43-5 = 0.25,5-6-28-31-17-5 = 0.312,4-26-12-14-4 = 1.0,4-25-32-42-4 = 0.521,4-10-32-42-4 = 0.479,4-34-13-7-4 = 0.521,4-34-20-10-4 = 0.042,5-6-9-16-53-4 = 0.25,4-44-54-52-4 = 0.375,4-20-13-7-4 = 0.479,4-34-47-35-28-49-5 = 0.437,5-28-47-35-31-17-5 = 0.25,5-35-47-16-9-17-5 = 0.313,4-39-50-19-21-4 = 0.188,4-50-27-44-53-4 = 0.188,5-51-30-11-5 = 1.0,5-9-16-44-53-4 = 0.437,5-6-31-49-33-5 = 0.156,5-6-31-49-45-5 = 0.281
224,186,868.957,4.667,0.367,-2.458,225,226,4-8-4 = 0.083,4-50-52-54-4 = 1.0,5-55-23-29-41-5 = 1.0,5-37-48-5 = 1.0,5-22-40-36-5 = 1.0,4-39-19-27-21-4 = 1.0,4-38-46-4 = 0.083,4-38-46-8-4 = 0.917,5-45-33-5 = 0.75,4-18-15-24-43-4 = 1.0,5-6-28-31-17-5 = 0.5,4-26-12-14-4 = 1.0,4-25-32-42-4 = 1.0,4-10-13-7-4 = 0.333,4-34-13-7-4 = 0.333,4-34-20-10-4 = 0.167,4-34-35-47-28-49-5 = 0.5,4-20-13-7-4 = 0.333,5-35-47-16-9-17-5 = 0.5,5-51-30-11-5 = 1.0,4-20-10-44-53-4 = 0.5,5-9-16-44-53-4 = 0.5,5-6-31-49-33-5 = 0.25,5-6-31-49-45-5 = 0.25
89,69,868.775,7.0,1.529,-0.667,227,228,4-8-4 = 0.1,4-50-52-54-4 = 1.0,5-55-23-29-41-5 = 1.0,5-37-48-5 = 0.4,5-22-40-36-5 = 1.0,5-37-28-17-5 = 0.4,5-12-42-4 = 1.0,5-28-31-49-48-5 = 0.2,5-37-6-17-5 = 0.2,4-25-34-20-4 = 0.2,4-39-19-27-21-4 = 1.0,4-38-46-4 = 0.1,4-38-46-8-4 = 0.9,5-45-33-5 = 0.4,4-18-15-24-43-5 = 0.4,4-18-15-24-43-14-4 = 0.6,4-10-13-7-4 = 0.2,4-34-13-7-4 = 0.8,5-28-17-48-5 = 0.4,5-35-47-16-31-49-5 = 0.8,5-6-51-9-45-5 = 0.6,5-51-30-11-5 = 0.4,5-9-11-33-5 = 0.4,4-32-30-11-5 = 0.2,5-6-35-47-16-32-4 = 0.2,4-20-10-44-53-4 = 0.8,4-26-25-4 = 0.3,4-26-32-30-5 = 0.3,4-25-26-14-4 = 0.4,4-25-32-30-5 = 0.1,4-32-44-53-33-5 = 0.2
209,177,868.645,7.563,0.037,0.088,229,230,4-8-4 = 0.188,4-50-52-54-4 = 1.0,5-55-23-29-41-5 = 1.0,5-22-40-36-5 = 1.0,5-28-31-49-48-5 = 0.281,5-37-6-17-5 = 0.125,4-25-34-20-4 = 0.687,4-39-19-21-4 = 0.312,4-39-19-27-21-4 = 0.375,4-39-19-27-44-49-5 = 0.312,4-38-46-4 = 0.188,4-38-46-8-4 = 0.812,5-45-33-5 = 0.719,4-18-15-24-43-14-4 = 1.0,4-26-42-32-4 = 0.875,4-25-34-53-4 = 0.313,4-13-7-27-21-4 = 0.312,4-10-13-7-4 = 0.625,4-10-32-42-4 = 0.125,5-6-17-48-5 = 0.156,5-6-16-44-53-4 = 0.281,5-6-9-51-30-5 = 0.437,4-20-13-7-4 = 0.063,5-28-17-48-5 = 0.562,5-28-35-47-31-17-5 = 0.156,5-35-47-16-11-5 = 0.156,5-35-47-16-31-49-5 = 0.406,5-35-47-9-45-5 = 0.281,5-31-16-44-53-4 = 0.156,5-51-30-11-5 = 0.563,5-9-11-33-5 = 0.281,4-20-10-44-53-4 = 0.25,5-37-12-5 = 0.875,4-26-12-5 = 0.125
110,57,868.566,6.709,0.986,0.598,231,232,4-8-4 = 0.07,4-50-52-54-4 = 0.608,5-35-47-34-10-4 = 0.146,5-55-23-29-41-5 = 1.0,5-22-40-36-5 = 1.0,5-28-31-49-48-5 = 0.766,5-37-6-17-5 = 0.867,4-25-20-13-4 = 0.5,4-39-19-27-21-4 = 0.804,4-38-46-4 = 0.07,4-38-46-8-4 = 0.93,4-26-42-14-4 = 0.044,5-33-45-5 = 0.867,4-18-15-24-43-5 = 1.0,4-26-12-14-4 = 0.867,4-26-42-32-4 = 0.089,4-25-20-7-4 = 0.5,4-10-32-42-4 = 0.57,4-10-32-30-14-4 = 0.089,4-34-13-7-4 = 0.5,4-34-32-42-4 = 0.253,4-42-30-5 = 0.044,4-34-35-47-28-49-5 = 0.101,4-44-54-52-4 = 0.392,5-28-17-48-5 = 0.101,5-28-35-47-31-17-5 = 0.032,5-35-47-16-10-4 = 0.196,5-35-47-31-49-48-5 = 0.133,5-35-47-9-16-53-4 = 0.392,4-39-50-19-21-4 = 0.196,4-50-27-44-53-4 = 0.196,5-6-51-9-45-5 = 0.133,5-31-16-44-53-4 = 0.07,5-51-30-11-5 = 0.867,5-9-11-33-5 = 0.133,5-9-16-44-53-4 = 0.342,5-37-12-5 = 0.133
169,114,869.087,6.333,1.21,-2.667,233,234,4-8-4 = 0.292,4-50-52-54-4 = 1.0,5-55-23-29-41-5 = 1.0,5-22-40-36-5 = 1.0,5-12-30-5 = 0.5,5-37-28-17-5 = 1.0,4-25-34-20-4 = 0.708,4-39-19-27-21-4 = 1.0,4-38-46-4 = 0.292,4-38-46-8-4 = 0.708,5-33-45-5 = 0.375,4-18-15-24-43-14-4 = 1.0,4-26-42-32-4 = 0.5,4-25-32-42-4 = 0.292,4-10-13-7-4 = 0.667,4-10-32-42-4 = 0.083,4-34-13-7-4 = 0.292,5-6-16-44-53-4 = 0.625,4-42-30-5 = 0.125,4-20-13-7-4 = 0.042,5-35-47-31-49-48-5 = 1.0,5-6-51-9-45-5 = 0.375,5-51-30-11-5 = 0.25,5-51-16-45-5 = 0.25,5-51-16-44-53-4 = 0.125,5-9-11-33-5 = 0.625,4-32-30-11-5 = 0.125,4-20-10-44-53-4 = 0.25,4-26-12-5 = 0.5
135,91,868.853,6.0,0.796,-1.143,235,236,4-8-4 = 0.167,4-50-52-54-4 = 0.333,5-55-23-29-41-5 = 1.0,5-22-40-36-5 = 1.0,5-28-31-49-48-5 = 1.0,5-37-6-17-5 = 0.667,4-25-34-20-4 = 1.0,4-39-19-27-21-4 = 0.667,4-38-46-4 = 0.167,4-38-46-8-4 = 0.833,5-33-45-5 = 0.833,4-18-15-24-43-4 = 0.333,4-18-15-24-43-5 = 0.667,4-26-12-14-4 = 0.667,4-26-42-32-4 = 0.333,4-10-13-7-4 = 1.0,4-44-54-52-4 = 0.667,5-35-47-16-9-17-5 = 0.333,5-35-47-16-32-53-4 = 0.333,5-35-47-9-16-53-4 = 0.333,4-39-50-19-21-4 = 0.333,4-50-27-44-53-14-4 = 0.333,5-51-30-11-5 = 1.0,5-37-12-5 = 0.333,4-42-45-5 = 0.167,4-42-33-5 = 0.167,5-6-9-32-42-4 = 0.333
150,98,868.688,8.383,0.597,0.05,237,238,4-8-4 = 0.042,5-55-23-29-41-5 = 1.0,5-37-48-5 = 1.0,5-22-40-36-5 = 1.0,5-17-49-53-33-5 = 0.283,5-28-31-16-32-4 = 0.3,4-25-20-10-4 = 0.567,4-39-19-27-21-4 = 0.333,4-38-46-4 = 0.042,4-38-46-8-4 = 0.958,5-33-45-5 = 0.292,4-18-15-24-43-4 = 0.717,4-18-15-24-43-5 = 0.283,4-26-12-14-4 = 1.0,4-25-32-42-4 = 0.433,4-10-32-42-4 = 0.267,4-34-13-7-4 = 0.733,4-34-20-10-4 = 0.167,5-6-9-51-30-5 = 0.125,4-42-30-5 = 0.3,4-34-35-47-28-49-5 = 0.1,4-44-54-52-4 = 0.667,4-20-13-7-4 = 0.267,5-28-47-35-31-17-5 = 0.4,5-35-16-45-5 = 0.017,5-35-47-16-31-49-5 = 0.3,4-39-50-19-21-4 = 0.667,4-50-27-44-53-4 = 0.333,5-6-51-9-45-5 = 0.375,5-51-30-11-5 = 0.5,5-9-30-11-5 = 0.075,5-9-11-33-5 = 0.425,4-27-52-54-4 = 0.333,5-28-47-16-53-4 = 0.2,5-6-17-49-45-5 = 0.317,5-6-35-16-53-4 = 0.183
71,53,868.715,5.913,1.825,-0.087,239,240,4-8-4 = 0.304,4-50-52-54-4 = 1.0,5-55-23-29-41-5 = 1.0,5-22-40-36-5 = 1.0,4-25-34-20-4 = 0.739,4-39-19-21-4 = 0.13,4-39-19-27-21-4 = 0.739,4-39-19-27-44-49-5 = 0.13,4-38-46-4 = 0.304,4-38-46-8-4 = 0.696,5-45-33-5 = 0.739,4-18-15-24-43-14-4 = 1.0,5-6-28-49-48-5 = 0.739,5-6-28-31-17-5 = 0.261,4-26-42-32-4 = 0.87,4-25-34-53-4 = 0.13,4-25-32-42-4 = 0.043,4-13-7-27-21-4 = 0.13,4-10-13-7-4 = 0.739,4-34-13-7-4 = 0.13,4-42-30-5 = 0.087,5-35-31-17-48-5 = 0.13,5-35-47-16-9-17-5 = 0.478,5-35-47-31-49-48-5 = 0.13,5-35-47-9-45-5 = 0.261,5-37-47-31-17-5 = 0.13,5-31-16-44-53-4 = 0.348,5-51-30-11-5 = 0.913,5-9-11-33-5 = 0.087,4-20-10-44-53-4 = 0.261,4-32-44-53-33-5 = 0.087,4-25-51-33-5 = 0.087,5-9-16-44-53-4 = 0.174,5-12-37-5 = 0.87,4-26-12-5 = 0.13
113,81,868.863,6.045,1.045,-0.955,241,242,4-8-4 = 0.159,4-50-52-54-4 = 1.0,5-55-23-29-41-5 = 1.0,5-22-40-36-5 = 1.0,5-28-31-49-48-5 = 0.409,5-37-6-17-5 = 0.455,5-16-9-45-5 = 0.023,4-25-34-20-4 = 0.636,4-39-19-27-21-4 = 1.0,4-38-46-4 = 0.159,4-38-46-8-4 = 0.841,5-33-45-5 = 0.977,4-18-15-24-43-14-4 = 1.0,4-26-42-32-4 = 0.545,4-25-32-42-4 = 0.364,4-10-13-7-4 = 0.818,5-6-17-48-5 = 0.364,4-42-30-5 = 0.091,4-20-13-7-4 = 0.182,5-28-35-47-31-17-5 = 0.182,4-34-47-35-28-49-5 = 0.364,5-28-47-35-33-5 = 0.023,5-28-47-35-44-53-4 = 0.023,5-35-47-31-16-9-5 = 0.091,5-35-47-31-49-48-5 = 0.227,5-51-30-11-5 = 0.909,5-47-16-9-11-5 = 0.091,5-6-9-51-16-32-4 = 0.091,4-20-10-44-53-4 = 0.182,5-9-16-44-53-4 = 0.705,5-37-12-5 = 0.545,4-26-12-5 = 0.455,5-6-35-31-44-53-4 = 0.091
197,107,868.57,8.0,0.009,0.939,243,244,4-8-4 = 0.185,5-55-23-29-41-5 = 1.0,5-22-40-36-5 = 1.0,5-12-30-5 = 0.481,5-28-31-49-48-5 = 0.481,5-37-6-17-5 = 0.481,4-25-34-20-4 = 0.778,4-39-19-27-21-4 = 0.333,4-38-46-4 = 0.185,4-38-46-8-4 = 0.815,5-33-45-5 = 0.519,4-18-15-24-43-14-4 = 1.0,4-26-42-32-4 = 1.0,4-25-34-53-4 = 0.222,4-10-13-7-4 = 1.0,5-6-9-51-30-5 = 0.037,4-44-54-52-4 = 0.667,5-28-17-48-5 = 0.519,5-35-47-16-11-5 = 0.259,5-35-47-16-31-49-5 = 0.519,5-35-47-9-16-53-4 = 0.222,4-39-50-19-21-4 = 0.667,4-50-27-44-53-4 = 0.333,5-6-51-9-45-5 = 0.481,5-51-30-11-5 = 0.481,5-9-11-33-5 = 0.259,4-27-52-54-4 = 0.333,5-37-12-5 = 0.519,4-20-53-33-5 = 0.222
244,197,868.625,7.048,0.054,-0.952,245,246,4-8-4 = 0.214,5-55-23-29-41-5 = 1.0,5-22-40-36-5 = 1.0,5-12-26-4 = 0.036,5-17-49-53-33-5 = 0.238,5-28-31-49-48-5 = 0.524,5-37-6-17-5 = 0.167,4-25-34-20-4 = 1.0,4-39-19-27-21-4 = 0.333,4-38-46-4 = 0.214,4-38-46-8-4 = 0.786,5-33-45-5 = 0.667,4-18-15-24-43-14-4 = 1.0,4-26-42-32-4 = 0.833,4-10-13-7-4 = 1.0,5-6-17-48-5 = 0.119,5-6-31-16-53-4 = 0.119,5-6-9-51-30-5 = 0.262,4-42-30-5 = 0.167,4-44-54-52-4 = 0.667,5-28-17-48-5 = 0.357,5-28-35-47-31-17-5 = 0.119,5-35-47-16-11-5 = 0.333,5-35-47-16-31-49-5 = 0.238,5-35-47-9-16-53-4 = 0.31,4-39-50-19-21-4 = 0.667,4-50-27-44-53-4 = 0.333,5-6-51-9-45-5 = 0.333,5-51-30-11-5 = 0.405,5-9-11-33-5 = 0.095,4-32-30-11-5 = 0.167,4-27-52-54-4 = 0.333,5-37-12-5 = 0.833,4-26-12-5 = 0.131
175,141,869.062,3.0,0.521,-2.0,247,248,4-8-4 = 0.333,4-50-52-54-4 = 1.0,5-55-23-29-41-5 = 1.0,5-22-40-36-5 = 1.0,5-37-28-17-5 = 1.0,4-39-19-27-21-4 = 1.0,4-38-46-4 = 0.333,4-38-46-8-4 = 0.667,5-45-33-5 = 0.667,4-18-15-24-43-4 = 1.0,4-26-12-14-4 = 1.0,4-25-32-42-4 = 1.0,4-34-13-7-4 = 1.0,5-35-16-45-5 = 0.333,5-35-16-9-31-49-5 = 0.333,5-51-30-11-5 = 1.0,5-6-47-35-16-9-5 = 0.333,4-20-10-44-53-4 = 1.0,5-6-47-31-49-48-5 = 0.667,5-9-33-48-5 = 0.333
245,244,868.845,6.24,0.221,-0.808,249,250,4-8-4 = 0.227,5-55-23-29-41-5 = 1.0,5-22-40-36-5 = 1.0,5-17-49-53-33-5 = 0.2,5-28-31-49-48-5 = 0.8,5-37-6-17-5 = 0.187,4-25-34-20-4 = 1.0,4-39-19-27-21-4 = 0.333,4-38-46-4 = 0.227,4-38-46-8-4 = 0.773,5-33-45-5 = 0.76,4-18-15-24-43-14-4 = 1.0,4-26-42-32-4 = 0.813,4-10-13-7-4 = 1.0,5-6-17-48-5 = 0.2,5-6-9-16-53-4 = 0.2,5-6-9-51-30-5 = 0.133,5-6-9-51-33-5 = 0.04,4-42-30-5 = 0.187,4-44-54-52-4 = 0.667,5-28-35-47-31-17-5 = 0.2,5-35-47-16-11-5 = 0.32,5-35-47-16-9-17-5 = 0.213,5-35-47-16-32-53-4 = 0.093,5-35-47-9-16-53-4 = 0.173,4-39-50-19-21-4 = 0.667,4-50-27-44-53-4 = 0.333,5-6-51-9-45-5 = 0.24,5-51-30-11-5 = 0.587,4-32-30-11-5 = 0.093,4-27-52-54-4 = 0.333,5-37-12-5 = 0.813,4-26-12-5 = 0.187
182,105,868.921,7.583,0.499,-1.167,251,252,4-8-4 = 0.042,5-55-23-29-41-5 = 1.0,5-22-40-36-5 = 1.0,5-12-26-4 = 0.042,5-37-28-17-5 = 0.583,5-28-31-49-48-5 = 0.083,5-28-31-16-32-4 = 0.167,5-37-6-17-5 = 0.417,5-16-9-45-5 = 0.583,4-25-34-20-4 = 0.333,4-39-19-27-21-4 = 0.333,4-38-46-4 = 0.042,4-38-46-8-4 = 0.958,4-18-15-24-43-4 = 1.0,5-6-28-49-48-5 = 0.167,4-26-12-14-4 = 0.958,4-25-34-53-4 = 0.667,4-10-13-7-4 = 0.333,4-10-32-42-4 = 0.625,4-10-32-30-14-4 = 0.042,4-42-30-4 = 0.333,4-42-30-5 = 0.042,4-44-54-52-4 = 0.667,4-20-13-7-4 = 0.667,5-35-47-16-11-5 = 0.25,5-35-47-31-49-48-5 = 0.75,4-39-50-19-21-4 = 0.667,4-50-27-44-53-4 = 0.333,5-6-51-9-45-5 = 0.417,5-51-11-33-5 = 0.583,4-32-30-11-5 = 0.167,5-33-30-5 = 0.417,4-27-52-54-4 = 0.333
62,55,868.502,6.0,1.592,1.667,253,254,4-8-4 = 0.148,4-50-52-54-4 = 0.778,5-55-23-29-41-5 = 1.0,5-22-40-36-5 = 1.0,5-37-28-17-5 = 1.0,5-16-9-45-5 = 0.333,4-25-20-13-4 = 0.037,4-39-19-27-21-4 = 0.889,4-38-46-4 = 0.148,4-38-46-8-4 = 0.852,5-33-45-5 = 0.667,4-18-15-24-43-4 = 0.333,4-18-15-24-43-5 = 0.667,4-26-12-14-4 = 1.0,4-25-32-42-4 = 0.963,4-10-13-7-4 = 0.519,4-34-20-7-4 = 0.037,4-34-20-10-4 = 0.481,4-34-32-42-4 = 0.037,5-6-16-44-53-4 = 0.444,5-6-34-44-53-4 = 0.222,5-6-9-51-30-5 = 0.333,4-44-54-52-4 = 0.222,4-20-13-7-4 = 0.444,4-39-50-19-21-4 = 0.111,4-50-27-44-53-4 = 0.111,5-51-30-11-5 = 0.667,5-9-11-33-5 = 0.333,5-47-35-31-49-48-5 = 1.0,4-34-16-53-4 = 0.222
207,106,868.739,9.062,0.077,0.329,255,256,4-8-4 = 0.031,5-55-23-29-41-5 = 1.0,5-22-40-36-5 = 1.0,5-12-30-5 = 0.375,5-28-31-49-48-5 = 0.375,5-37-6-17-5 = 0.375,4-25-34-20-4 = 0.344,4-39-19-27-21-4 = 0.328,4-38-46-4 = 0.031,4-38-46-8-4 = 0.969,4-26-42-14-4 = 0.5,5-45-33-5 = 0.375,4-18-15-24-43-4 = 0.875,4-18-15-24-43-5 = 0.125,4-26-42-32-4 = 0.5,4-25-34-53-4 = 0.656,4-10-13-7-4 = 0.359,4-10-32-30-14-4 = 0.5,4-44-54-52-4 = 0.656,4-20-13-7-4 = 0.641,5-28-17-48-5 = 0.625,5-35-47-16-11-5 = 0.25,5-35-47-16-10-4 = 0.125,5-35-47-16-31-49-5 = 0.625,4-39-50-19-21-4 = 0.672,4-50-27-44-53-4 = 0.328,5-6-51-9-45-5 = 0.625,5-51-11-33-5 = 0.375,5-9-30-11-5 = 0.125,5-9-11-33-5 = 0.25,4-20-10-44-53-4 = 0.016,4-27-52-54-4 = 0.344,5-37-12-5 = 0.625
229,209,868.895,6.815,0.25,-0.748,257,258,4-8-4 = 0.228,4-50-52-54-4 = 1.0,5-55-23-29-41-5 = 1.0,5-22-40-36-5 = 1.0,5-37-9-11-5 = 0.085,4-25-34-20-4 = 0.751,4-39-19-21-4 = 0.249,4-39-19-27-21-4 = 0.503,4-39-19-27-44-49-5 = 0.249,4-38-46-4 = 0.228,4-38-46-8-4 = 0.772,5-33-45-5 = 0.677,4-18-15-24-43-14-4 = 1.0,4-26-42-32-4 = 0.915,4-25-34-53-4 = 0.249,4-13-7-27-21-4 = 0.249,4-10-13-7-4 = 0.751,5-6-16-44-53-4 = 0.455,5-6-9-51-30-5 = 0.492,5-28-17-48-5 = 0.799,5-28-35-47-31-17-5 = 0.201,5-35-47-16-31-49-5 = 0.497,5-35-47-9-45-5 = 0.101,5-31-16-44-53-4 = 0.048,5-51-30-11-5 = 0.508,5-9-11-33-5 = 0.323,4-32-11-45-5 = 0.085,4-20-10-44-53-4 = 0.249,5-12-37-5 = 0.915,4-26-12-5 = 0.085,5-47-35-31-49-48-5 = 0.201,4-42-45-5 = 0.085,5-6-31-49-45-5 = 0.053
148,109,868.738,6.667,0.767,0.354,259,260,4-8-4 = 0.167,5-55-23-29-41-5 = 1.0,5-22-40-36-5 = 1.0,5-11-32-42-4 = 0.167,5-28-31-49-48-5 = 1.0,5-37-6-17-5 = 0.667,4-25-20-10-4 = 1.0,4-39-19-27-21-4 = 0.333,4-38-46-4 = 0.167,4-38-46-8-4 = 0.833,5-33-45-5 = 0.833,4-18-15-24-43-4 = 0.333,4-18-15-24-43-5 = 0.667,4-26-12-14-4 = 0.667,4-26-42-32-4 = 0.333,4-34-13-7-4 = 1.0,4-42-30-5 = 0.333,4-44-54-52-4 = 0.667,5-35-47-16-9-17-5 = 0.333,5-35-47-16-32-53-4 = 0.5,5-35-47-9-16-53-4 = 0.167,4-39-50-19-21-4 = 0.667,4-50-27-44-53-14-4 = 0.333,5-6-51-9-45-5 = 0.167,5-51-30-11-5 = 0.667,5-9-11-33-5 = 0.167,4-27-52-54-4 = 0.333,5-12-37-5 = 0.333,5-6-9-51-42-4 = 0.167
112,65,868.593,7.455,0.711,1.273,261,262,4-8-4 = 0.045,4-50-52-54-4 = 0.364,5-55-23-29-41-5 = 1.0,5-22-40-36-5 = 1.0,5-37-28-17-5 = 1.0,5-16-9-45-5 = 0.182,5-16-32-42-4 = 0.364,4-25-34-20-4 = 0.364,4-39-19-27-21-4 = 0.682,4-38-46-4 = 0.045,4-38-46-8-4 = 0.955,5-33-45-5 = 0.818,4-18-15-24-43-4 = 0.591,4-18-15-24-43-5 = 0.409,4-26-12-14-4 = 1.0,4-25-34-53-4 = 0.636,4-10-13-7-4 = 0.364,4-10-32-42-4 = 0.636,5-6-9-51-30-5 = 0.591,4-44-54-52-4 = 0.636,4-20-13-7-4 = 0.636,5-35-47-16-11-5 = 0.409,5-35-47-31-49-48-5 = 0.591,4-39-50-19-21-4 = 0.318,4-50-27-44-53-4 = 0.318,5-51-30-11-5 = 0.409,5-9-11-33-5 = 0.182,5-9-16-44-53-4 = 0.045,5-6-31-49-48-5 = 0.409
151,147,868.782,4.588,0.455,0.088,263,264,4-8-4 = 0.176,4-50-52-54-4 = 1.0,5-55-23-29-41-5 = 1.0,5-22-40-36-5 = 1.0,5-11-32-42-4 = 0.176,5-28-31-49-48-5 = 1.0,5-37-6-17-5 = 0.765,4-25-20-10-4 = 1.0,4-39-19-27-21-4 = 1.0,4-38-46-4 = 0.176,4-38-46-8-4 = 0.824,5-33-45-5 = 0.686,4-18-15-24-43-5 = 1.0,4-26-12-14-4 = 0.765,4-26-42-32-4 = 0.235,4-34-13-7-4 = 1.0,4-42-30-5 = 0.255,5-35-16-44-53-4 = 0.353,5-35-47-16-9-17-5 = 0.235,5-35-47-9-45-5 = 0.176,5-51-30-11-5 = 0.667,5-9-11-33-5 = 0.157,5-47-16-32-44-53-4 = 0.353,4-32-44-53-33-5 = 0.157,4-32-30-44-53-4 = 0.078,5-9-16-44-53-4 = 0.059,5-12-37-5 = 0.235,5-6-9-51-42-4 = 0.235,5-47-35-9-45-14-4 = 0.137,5-35-47-51-42-14-4 = 0.098
158,155,868.757,2.6,0.524,0.267,265,266,4-8-4 = 0.2,4-50-52-54-4 = 1.0,5-55-23-29-41-5 = 1.0,5-22-40-36-5 = 1.0,5-28-31-49-48-5 = 0.8,5-37-6-17-5 = 1.0,4-39-19-27-21-4 = 1.0,4-38-46-4 = 0.2,4-38-46-8-4 = 0.8,5-33-45-5 = 1.0,4-18-15-24-43-4 = 1.0,4-26-12-14-4 = 1.0,4-25-32-42-4 = 1.0,4-34-13-7-4 = 1.0,5-28-35-47-16-49-5 = 0.2,5-35-47-16-51-9-5 = 0.4,5-35-47-31-16-9-5 = 0.2,5-51-30-11-5 = 0.6,5-9-30-11-5 = 0.4,4-20-10-44-53-4 = 1.0,5-35-47-16-48-5 = 0.2
180,178,868.88,7.122,0.602,-0.545,267,268,4-8-4 = 0.22,4-50-52-54-4 = 1.0,5-55-23-29-41-5 = 1.0,5-22-40-36-5 = 1.0,5-37-9-11-5 = 0.171,5-37-6-17-5 = 0.22,4-25-20-10-4 = 0.537,4-39-19-27-21-4 = 1.0,4-38-46-4 = 0.22,4-38-46-8-4 = 0.78,5-45-33-5 = 0.756,4-18-15-24-43-14-4 = 1.0,4-26-42-32-4 = 0.61,4-25-20-7-4 = 0.073,4-25-32-42-4 = 0.39,4-10-13-7-4 = 0.146,4-34-13-7-4 = 0.78,5-6-16-44-53-4 = 0.293,5-6-9-51-30-5 = 0.415,4-34-35-47-28-49-5 = 0.22,4-20-13-44-53-4 = 0.073,5-28-17-48-5 = 0.78,5-35-47-16-31-49-5 = 0.39,5-35-47-31-49-48-5 = 0.22,5-35-47-9-45-5 = 0.073,5-31-16-44-53-4 = 0.317,5-51-30-11-5 = 0.585,5-9-11-33-5 = 0.244,4-20-10-44-53-4 = 0.317,5-37-12-5 = 0.61,4-26-12-5 = 0.39,5-6-31-49-45-5 = 0.073,5-35-47-9-45-49-5 = 0.098
191,160,868.735,7.492,0.379,0.44,269,270,4-8-4 = 0.229,4-50-52-54-4 = 1.0,5-55-23-29-41-5 = 1.0,5-22-40-36-5 = 1.0,5-37-28-17-5 = 0.593,5-17-49-53-33-5 = 0.085,5-28-31-49-48-5 = 0.254,4-25-20-10-4 = 0.458,4-25-20-13-4 = 0.153,4-25-34-20-4 = 0.237,4-39-19-27-21-4 = 1.0,4-38-46-4 = 0.229,4-38-46-8-4 = 0.771,5-45-33-5 = 0.864,4-18-15-24-43-5 = 0.636,4-18-15-24-43-14-4 = 0.364,4-26-12-14-4 = 0.593,4-26-42-32-4 = 0.407,4-25-20-7-4 = 0.153,4-10-32-42-4 = 0.5,4-10-32-30-14-4 = 0.042,4-34-13-7-4 = 0.763,4-42-30-5 = 0.093,5-35-16-44-53-4 = 0.271,5-35-31-17-48-5 = 0.169,5-51-30-11-5 = 0.864,5-6-47-35-16-9-5 = 0.136,5-6-47-35-28-17-5 = 0.153,5-6-35-47-9-11-5 = 0.136,4-32-44-53-33-5 = 0.051,5-6-47-31-49-48-5 = 0.576,5-35-51-9-45-5 = 0.136,5-9-16-44-53-4 = 0.593,5-12-37-5 = 0.407,4-13-7-44-49-5 = 0.085
270,191,868.943,5.773,0.208,-1.719,271,272,4-8-4 = 0.273,4-50-52-54-4 = 1.0,5-55-23-29-41-5 = 1.0,5-22-40-36-5 = 1.0,5-37-28-17-5 = 0.25,5-17-49-45-5 = 0.182,5-28-31-49-48-5 = 0.455,4-25-20-10-4 = 1.0,4-39-19-27-21-4 = 1.0,4-38-46-4 = 0.273,4-38-46-8-4 = 0.727,5-33-45-5 = 0.659,4-18-15-24-43-5 = 0.25,4-18-15-24-43-14-4 = 0.75,4-26-12-14-4 = 0.25,4-26-42-32-4 = 0.75,4-34-13-7-4 = 1.0,4-42-30-5 = 0.091,5-35-16-44-53-4 = 0.182,5-35-31-17-48-5 = 0.182,5-51-30-11-5 = 0.909,5-9-11-33-5 = 0.091,5-6-47-35-16-9-5 = 0.25,5-6-47-35-28-17-5 = 0.295,4-32-44-53-33-5 = 0.25,5-6-35-47-51-9-17-5 = 0.091,5-6-47-31-49-48-5 = 0.364,5-9-16-44-53-4 = 0.568,5-37-12-5 = 0.75,4-42-45-5 = 0.159
241,113,869.061,4.5,0.198,-1.545,273,274,4-8-4 = 0.083,4-50-52-54-4 = 1.0,5-55-23-29-41-5 = 1.0,5-22-40-36-5 = 1.0,5-28-31-49-48-5 = 0.5,5-37-6-17-5 = 1.0,5-16-9-45-5 = 0.25,4-25-34-20-4 = 0.667,4-39-19-27-21-4 = 1.0,4-38-46-4 = 0.083,4-38-46-8-4 = 0.917,5-33-45-5 = 0.75,4-18-15-24-43-14-4 = 1.0,4-25-32-42-4 = 0.333,4-10-13-7-4 = 0.333,4-10-32-42-4 = 0.667,4-34-13-7-4 = 0.333,4-20-13-7-4 = 0.333,5-28-35-47-33-5 = 0.25,5-28-35-47-44-53-4 = 0.25,5-35-47-31-49-48-5 = 0.5,5-51-30-11-5 = 1.0,5-9-16-44-53-4 = 0.75,4-26-12-5 = 1.0
123,108,869.17,5.5,1.356,-2.233,275,276,4-8-4 = 0.074,5-55-23-29-41-5 = 1.0,5-22-40-36-5 = 1.0,5-12-26-4 = 0.028,5-12-30-5 = 0.111,5-28-31-49-48-5 = 1.0,5-37-6-17-5 = 1.0,5-16-9-45-5 = 0.056,4-25-20-10-4 = 0.296,4-25-34-20-4 = 0.352,4-39-19-27-21-4 = 0.333,4-38-46-4 = 0.074,4-38-46-8-4 = 0.926,5-45-33-5 = 0.889,4-18-15-24-43-14-4 = 1.0,4-26-42-32-4 = 0.111,4-25-32-42-4 = 0.352,4-10-32-42-4 = 0.537,4-34-13-7-4 = 0.648,4-44-54-52-4 = 0.667,4-20-13-7-4 = 0.352,5-35-47-16-10-4 = 0.167,5-35-47-16-51-9-5 = 0.111,5-35-47-9-45-5 = 0.056,5-35-47-9-16-53-4 = 0.667,4-39-50-19-21-4 = 0.667,4-50-27-44-53-4 = 0.333,5-51-30-11-5 = 0.889,5-9-11-33-5 = 0.111,4-27-52-54-4 = 0.333,4-26-12-5 = 0.861
74,58,868.456,7.167,1.504,2.372,277,278,4-8-4 = 0.028,4-50-52-54-4 = 0.444,5-55-23-29-41-5 = 1.0,5-22-40-36-5 = 1.0,5-37-9-11-5 = 0.028,5-28-31-49-48-5 = 0.611,5-37-6-17-5 = 0.806,4-39-19-27-21-4 = 0.722,4-38-46-4 = 0.028,4-38-46-8-4 = 0.972,4-26-24-14-4 = 0.083,4-26-18-15-43-5 = 0.083,5-45-33-5 = 0.917,4-18-15-24-43-4 = 0.694,4-18-15-24-43-5 = 0.222,4-26-12-14-4 = 0.833,4-25-32-42-4 = 1.0,4-10-13-7-4 = 0.5,4-34-20-10-4 = 0.5,5-6-9-51-30-5 = 0.194,4-34-35-47-28-49-5 = 0.194,4-44-54-52-4 = 0.556,4-20-13-7-4 = 0.5,5-28-17-48-5 = 0.194,5-35-47-16-11-5 = 0.083,5-35-47-31-16-9-5 = 0.194,5-35-47-31-49-48-5 = 0.194,5-35-47-9-16-53-4 = 0.25,4-39-50-19-21-4 = 0.278,4-50-27-44-53-4 = 0.278,5-51-30-11-5 = 0.806,5-9-11-33-5 = 0.083,5-9-16-44-53-4 = 0.167,5-12-37-5 = 0.167,5-47-35-9-45-14-4 = 0.083,4-34-16-53-4 = 0.306
239,71,868.773,6.259,0.058,0.346,279,280,4-8-4 = 0.296,4-50-52-54-4 = 1.0,5-55-23-29-41-5 = 1.0,5-22-40-36-5 = 1.0,4-25-34-20-4 = 0.593,4-39-19-21-4 = 0.111,4-39-19-27-21-4 = 0.778,4-39-19-27-44-49-5 = 0.111,4-38-46-4 = 0.296,4-38-46-8-4 = 0.704,5-33-45-5 = 0.778,4-18-15-24-43-14-4 = 0.926,5-6-28-49-48-5 = 0.704,5-6-28-31-17-5 = 0.296,4-26-42-32-4 = 0.778,4-25-34-53-4 = 0.111,4-25-32-42-4 = 0.148,4-13-7-27-21-4 = 0.111,4-10-13-7-4 = 0.593,4-34-13-7-4 = 0.296,4-42-30-5 = 0.074,5-35-47-16-9-17-5 = 0.593,5-35-47-31-49-48-5 = 0.185,5-35-47-9-45-5 = 0.222,5-31-16-44-53-4 = 0.407,5-51-30-11-5 = 0.926,5-9-11-33-5 = 0.074,5-9-31-17-48-5 = 0.111,4-20-10-44-53-4 = 0.407,4-26-25-4 = 0.074,4-32-44-53-33-5 = 0.074,4-26-24-5 = 0.074,4-25-51-33-5 = 0.074,5-12-37-5 = 1.0,4-26-18-15-43-14-4 = 0.074
279,239,868.921,5.528,0.148,-0.732,281,282,4-8-4 = 0.294,4-50-52-54-4 = 1.0,5-55-23-29-41-5 = 1.0,5-22-40-36-5 = 1.0,4-25-34-20-4 = 0.798,4-25-34-35-47-5 = 0.025,4-39-19-21-4 = 0.178,4-39-19-27-21-4 = 0.644,4-39-19-27-44-49-5 = 0.178,4-38-46-4 = 0.294,4-38-46-8-4 = 0.706,5-33-45-5 = 0.755,4-18-15-24-43-14-4 = 0.939,5-6-28-49-48-5 = 0.755,5-6-28-31-17-5 = 0.245,4-26-42-32-4 = 0.877,4-25-34-53-4 = 0.178,4-13-7-27-21-4 = 0.178,4-10-13-7-4 = 0.81,4-42-30-5 = 0.123,4-20-13-7-4 = 0.012,5-35-47-16-9-17-5 = 0.577,5-35-47-31-44-53-4 = 0.086,5-35-47-31-49-48-5 = 0.067,5-35-47-9-45-5 = 0.245,5-31-16-44-53-4 = 0.423,5-51-30-11-5 = 0.877,5-51-11-33-5 = 0.123,5-9-31-17-48-5 = 0.178,4-20-10-44-53-4 = 0.19,4-32-44-53-33-5 = 0.123,4-26-24-5 = 0.061,5-12-37-5 = 1.0,4-26-18-15-43-14-4 = 0.061
142,137,869.039,5.444,0.79,-1.127,283,284,4-8-4 = 0.204,4-50-52-54-4 = 1.0,5-55-23-29-41-5 = 1.0,5-22-40-36-5 = 1.0,5-17-49-45-5 = 0.111,5-17-49-53-33-5 = 0.111,5-28-31-49-48-5 = 0.556,4-39-19-21-4 = 0.111,4-39-19-27-21-4 = 0.778,4-39-19-27-44-49-5 = 0.111,4-38-46-4 = 0.204,4-38-46-8-4 = 0.796,4-26-24-14-4 = 0.5,4-26-18-15-43-4 = 0.5,5-33-45-5 = 0.889,4-18-15-24-43-14-4 = 0.5,4-25-32-42-4 = 1.0,4-13-7-27-21-4 = 0.111,4-10-13-7-4 = 0.037,4-34-13-7-4 = 0.815,4-34-20-10-4 = 0.185,4-20-13-7-4 = 0.037,5-28-17-48-5 = 0.222,5-35-31-17-48-5 = 0.111,5-51-30-11-5 = 1.0,5-9-16-31-17-5 = 0.111,5-9-31-17-48-5 = 0.111,5-6-47-16-31-49-5 = 0.111,5-6-47-35-28-17-5 = 0.222,5-6-35-47-16-9-5 = 0.667,4-20-10-44-53-4 = 0.778,5-9-16-44-53-4 = 0.111,5-12-37-5 = 1.0
269,191,869.206,5.167,0.471,-2.325,285,286,4-8-4 = 0.167,4-50-52-54-4 = 1.0,5-55-23-29-41-5 = 1.0,5-22-40-36-5 = 1.0,5-37-28-17-5 = 0.667,5-37-35-28-49-5 = 0.167,5-28-31-49-48-5 = 0.167,4-25-20-13-4 = 0.333,4-25-34-20-4 = 0.333,4-39-19-27-21-4 = 1.0,4-38-46-4 = 0.167,4-38-46-8-4 = 0.833,4-26-24-14-4 = 0.083,4-26-18-15-43-5 = 0.083,5-33-45-5 = 1.0,4-18-15-24-43-4 = 0.083,4-18-15-24-43-5 = 0.833,4-26-12-14-4 = 0.833,4-25-20-7-4 = 0.333,4-10-32-42-4 = 0.917,4-10-32-30-14-4 = 0.083,4-34-13-7-4 = 0.667,4-42-30-5 = 0.083,5-35-16-44-53-4 = 0.333,5-35-31-17-48-5 = 0.167,5-51-30-11-5 = 0.833,5-6-47-35-9-11-5 = 0.167,5-6-35-47-51-9-17-5 = 0.167,5-6-47-31-49-48-5 = 0.667,5-9-16-44-53-4 = 0.667,5-37-12-5 = 0.167
280,239,869.045,5.4,0.272,-0.859,287,288,4-8-4 = 0.3,4-50-52-54-4 = 1.0,5-55-23-29-41-5 = 1.0,5-22-40-36-5 = 1.0,5-37-9-11-5 = 0.2,4-25-20-10-4 = 0.4,4-39-19-27-21-4 = 1.0,4-38-46-4 = 0.3,4-38-46-8-4 = 0.7,5-33-45-5 = 1.0,4-18-15-24-43-14-4 = 1.0,5-6-28-49-48-5 = 0.6,5-6-28-31-17-5 = 0.4,4-26-42-32-4 = 0.7,4-25-32-42-4 = 0.3,4-34-13-7-4 = 1.0,5-35-47-16-9-17-5 = 0.6,5-35-47-31-49-48-5 = 0.4,5-31-16-44-53-4 = 0.2,5-51-30-11-5 = 0.8,4-20-10-44-53-4 = 0.6,4-26-25-4 = 0.1,5-9-16-44-53-4 = 0.2,5-12-37-5 = 0.8,4-26-12-5 = 0.2,4-25-51-30-5 = 0.2
202,129,869.038,8.724,0.572,-0.609,289,290,4-8-4 = 0.417,4-50-52-54-4 = 0.397,5-55-23-29-41-5 = 1.0,5-37-48-5 = 1.0,5-22-40-36-5 = 1.0,5-17-49-53-33-5 = 0.022,5-12-42-4 = 1.0,5-28-31-16-32-4 = 0.035,5-16-9-45-5 = 0.404,4-25-20-10-4 = 0.5,4-39-19-27-21-4 = 0.096,4-39-19-27-44-49-5 = 0.301,4-38-46-4 = 0.115,4-38-46-8-4 = 0.583,4-38-46-19-27-21-4 = 0.301,5-45-33-5 = 0.157,4-18-15-24-43-14-4 = 1.0,4-25-34-53-4 = 0.5,4-10-13-7-4 = 0.5,5-6-16-44-53-4 = 0.096,5-6-16-31-17-5 = 0.083,5-6-31-16-53-4 = 0.237,4-34-35-47-28-49-5 = 0.356,4-44-54-52-4 = 0.603,4-20-13-7-4 = 0.5,5-28-35-47-31-17-5 = 0.609,4-39-50-27-21-4 = 0.301,4-39-50-19-21-4 = 0.301,5-6-51-9-45-5 = 0.154,5-51-30-11-5 = 0.179,5-51-11-33-5 = 0.522,5-9-11-33-5 = 0.298,5-6-9-51-16-32-4 = 0.144,4-26-34-53-4 = 0.144,4-26-32-30-5 = 0.821,4-26-35-47-31-49-5 = 0.035,5-6-17-49-45-5 = 0.285
88,85,869.023,7.429,2.13,-0.619,291,292,4-8-4 = 0.048,4-50-52-54-4 = 0.333,5-55-23-29-41-5 = 1.0,5-22-40-36-5 = 1.0,5-11-32-42-4 = 0.381,5-28-31-49-48-5 = 0.619,5-37-6-17-5 = 0.619,4-25-34-20-4 = 0.762,4-39-19-27-21-4 = 0.667,4-38-46-4 = 0.048,4-38-46-8-4 = 0.952,4-26-42-14-4 = 0.19,5-45-33-5 = 1.0,4-18-15-24-43-5 = 1.0,4-26-12-14-4 = 0.619,4-26-42-32-4 = 0.19,4-25-34-53-4 = 0.238,4-10-13-7-4 = 0.762,4-10-32-42-4 = 0.238,5-6-9-51-30-5 = 0.381,4-44-54-52-4 = 0.667,4-20-13-7-4 = 0.238,5-28-17-48-5 = 0.381,5-35-47-16-11-5 = 0.619,5-35-47-16-31-49-5 = 0.381,4-39-50-19-21-4 = 0.333,4-50-27-44-53-4 = 0.333,5-9-51-30-53-4 = 0.429,5-12-37-5 = 0.381,5-9-51-32-30-14-4 = 0.19
156,119,868.96,5.8,1.092,-0.2,293,294,4-50-52-54-4 = 1.0,5-55-23-29-41-5 = 1.0,5-22-40-36-5 = 1.0,5-37-9-11-5 = 0.4,4-39-19-27-21-4 = 1.0,4-38-46-4 = 0.4,4-38-46-8-4 = 0.6,4-26-24-14-4 = 0.4,5-33-45-5 = 1.0,4-8-18-15-43-4 = 0.4,4-18-15-24-43-4 = 0.6,5-6-28-49-48-5 = 0.4,4-26-12-14-4 = 0.6,4-25-32-42-4 = 1.0,4-34-13-7-4 = 1.0,5-6-9-51-30-5 = 0.6,5-28-17-48-5 = 0.6,5-35-16-31-17-5 = 0.2,5-35-47-16-11-5 = 0.2,5-35-47-16-31-49-5 = 0.6,5-37-47-31-17-5 = 0.2,5-51-30-11-5 = 0.4,4-20-10-44-53-4 = 1.0,5-37-12-5 = 0.4
115,72,868.941,5.778,1.2,0.0,295,296,4-8-4 = 0.194,5-55-23-29-41-5 = 1.0,5-22-40-36-5 = 1.0,4-25-20-10-4 = 0.222,4-25-34-20-4 = 0.111,4-39-19-27-21-4 = 0.333,4-38-46-4 = 0.194,4-38-46-8-4 = 0.806,5-45-33-5 = 1.0,4-18-15-24-43-14-4 = 1.0,5-6-28-49-48-5 = 0.75,5-6-28-31-17-5 = 0.25,4-26-42-32-4 = 1.0,4-25-34-53-4 = 0.667,4-10-13-7-4 = 0.556,4-34-20-10-4 = 0.222,4-44-54-52-4 = 0.667,4-20-13-7-4 = 0.444,5-35-16-9-31-49-5 = 0.25,5-35-47-16-9-17-5 = 0.5,5-35-47-31-16-9-5 = 0.25,4-39-50-19-21-4 = 0.667,4-50-27-44-53-4 = 0.333,5-51-30-11-5 = 1.0,5-47-31-17-48-5 = 0.25,4-27-52-54-4 = 0.333,5-12-37-5 = 1.0
121,61,869.23,4.0,1.714,-1.848,297,298,4-8-4 = 0.25,4-50-52-54-4 = 1.0,5-55-23-29-41-5 = 1.0,5-22-40-36-5 = 1.0,5-37-28-17-5 = 1.0,5-16-9-45-5 = 0.25,4-39-19-27-21-4 = 1.0,4-38-46-4 = 0.25,4-38-46-8-4 = 0.75,5-45-33-5 = 0.75,4-18-15-24-43-4 = 1.0,4-26-12-14-4 = 1.0,4-25-32-42-4 = 1.0,4-34-13-7-4 = 1.0,5-6-9-51-30-5 = 0.5,5-35-47-16-11-5 = 0.5,5-35-47-31-49-48-5 = 0.5,5-51-30-11-5 = 0.5,4-20-10-44-53-4 = 1.0,5-9-16-33-5 = 0.25,5-6-31-49-48-5 = 0.5
260,148,868.981,6.444,0.243,-0.222,299,300,4-8-4 = 0.111,5-55-23-29-41-5 = 1.0,5-22-40-36-5 = 1.0,5-11-32-42-4 = 0.222,5-28-31-49-48-5 = 0.556,5-28-31-16-32-4 = 0.056,5-37-6-17-5 = 0.667,4-25-20-10-4 = 1.0,4-39-19-27-21-4 = 0.333,4-38-46-4 = 0.111,4-38-46-8-4 = 0.889,5-45-33-5 = 1.0,4-18-15-24-43-5 = 1.0,5-6-28-49-48-5 = 0.056,4-26-12-14-4 = 0.667,4-26-42-32-4 = 0.333,4-34-13-7-4 = 1.0,4-42-30-5 = 0.111,4-44-54-52-4 = 0.667,5-28-17-48-5 = 0.333,5-35-47-16-31-49-5 = 0.333,5-35-47-31-49-48-5 = 0.056,5-35-47-9-16-53-4 = 0.611,4-39-50-19-21-4 = 0.667,4-50-27-44-53-4 = 0.111,4-50-27-44-53-14-4 = 0.222,5-51-30-11-5 = 0.556,4-32-30-11-5 = 0.222,4-27-52-54-4 = 0.333,5-12-37-5 = 0.333,5-6-9-51-42-4 = 0.278,5-9-51-32-30-14-4 = 0.111,5-51-42-32-53-4 = 0.056
130,68,869.086,8.8,1.108,-0.6,301,302,4-8-4 = 0.267,4-50-52-54-4 = 0.4,5-55-23-29-41-5 = 1.0,5-22-40-36-5 = 1.0,5-37-28-17-5 = 0.6,5-12-42-4 = 1.0,5-28-31-49-48-5 = 0.2,5-37-6-17-5 = 0.4,5-16-9-45-5 = 0.4,4-25-20-10-4 = 0.133,4-25-34-20-4 = 0.267,4-39-19-27-21-4 = 0.6,4-38-46-4 = 0.267,4-38-46-8-4 = 0.733,4-26-34-20-4 = 0.133,5-45-33-5 = 0.4,4-18-15-24-43-5 = 0.133,4-18-15-24-43-14-4 = 0.867,5-6-28-49-48-5 = 0.2,4-25-34-53-4 = 0.6,4-10-16-51-9-5 = 0.2,4-10-13-7-4 = 0.533,4-10-32-30-14-4 = 0.133,4-44-54-52-4 = 0.6,4-20-13-7-4 = 0.467,5-35-47-31-49-48-5 = 0.6,4-39-50-27-21-4 = 0.2,4-39-50-19-21-4 = 0.2,5-31-16-44-53-4 = 0.2,5-51-11-33-5 = 0.6,5-51-16-45-5 = 0.2,5-6-35-47-9-11-5 = 0.4,4-50-19-27-44-53-4 = 0.2,4-26-32-30-5 = 0.867
166,100,869.219,7.077,1.034,-1.298,303,304,5-55-23-29-41-5 = 1.0,5-37-48-5 = 0.571,5-22-40-36-5 = 1.0,5-37-28-17-5 = 0.429,5-12-42-4 = 1.0,5-28-31-49-48-5 = 0.044,5-28-31-16-32-4 = 0.033,4-25-20-10-4 = 0.22,4-39-19-27-44-49-5 = 0.143,4-38-46-4 = 0.857,4-38-46-19-27-21-4 = 0.143,4-26-24-14-4 = 1.0,5-33-45-5 = 0.484,4-8-18-15-43-4 = 1.0,5-6-28-49-48-5 = 0.077,4-25-34-53-4 = 0.78,4-10-13-7-4 = 0.44,4-10-32-30-5 = 0.121,4-34-20-10-4 = 0.22,5-6-31-16-53-4 = 0.077,5-6-9-51-33-5 = 0.33,4-44-54-52-4 = 0.714,4-20-13-7-4 = 0.56,5-28-17-48-5 = 0.308,5-28-35-47-31-17-5 = 0.11,5-35-47-16-31-49-5 = 0.736,5-35-47-16-9-17-5 = 0.154,4-39-50-27-21-4 = 0.286,4-39-50-19-21-4 = 0.571,5-6-51-9-45-5 = 0.516,5-51-11-33-5 = 0.154,4-32-30-11-5 = 0.846,4-50-19-27-44-53-4 = 0.143,5-33-30-5 = 0.033,4-27-52-54-4 = 0.286
131,99,869.025,7.889,1.067,-0.202,305,306,4-50-52-54-4 = 0.333,5-55-23-29-41-5 = 1.0,5-37-48-5 = 1.0,5-22-40-36-5 = 1.0,5-12-42-4 = 1.0,5-28-31-16-32-4 = 0.5,4-25-20-10-4 = 0.322,4-39-19-27-44-49-5 = 0.333,4-38-46-4 = 0.667,4-38-46-19-27-21-4 = 0.333,4-26-24-14-4 = 1.0,5-45-33-5 = 0.532,4-8-18-15-43-5 = 1.0,4-25-34-53-4 = 0.574,4-10-13-7-4 = 0.322,4-34-10-32-53-4 = 0.326,5-6-9-51-30-5 = 0.533,4-34-35-47-28-49-5 = 0.1,4-44-54-52-4 = 0.667,4-20-13-7-4 = 0.678,5-28-35-47-31-17-5 = 0.4,5-35-47-16-11-5 = 0.198,5-35-47-16-31-49-5 = 0.1,5-35-47-16-9-17-5 = 0.133,5-35-47-16-32-53-4 = 0.069,4-39-50-27-21-4 = 0.333,4-39-50-19-21-4 = 0.333,5-51-30-11-5 = 0.467,5-9-11-33-5 = 0.334,4-32-11-45-5 = 0.001,4-10-53-33-5 = 0.031,5-6-17-49-45-5 = 0.467,4-25-32-33-5 = 0.104
234,169,869.248,4.667,0.161,-1.667,307,308,4-8-4 = 0.167,4-50-52-54-4 = 1.0,5-55-23-29-41-5 = 1.0,5-22-40-36-5 = 1.0,5-37-28-17-5 = 1.0,4-25-34-20-4 = 0.667,4-39-19-27-21-4 = 1.0,4-38-46-4 = 0.167,4-38-46-8-4 = 0.833,5-45-33-5 = 0.833,4-18-15-24-43-14-4 = 1.0,4-25-32-42-4 = 0.333,4-10-13-7-4 = 0.333,4-10-32-42-4 = 0.667,4-34-13-7-4 = 0.333,5-6-16-44-53-4 = 0.667,5-6-9-51-30-5 = 0.167,4-20-13-7-4 = 0.333,5-35-47-31-49-48-5 = 1.0,5-6-51-9-45-5 = 0.167,5-51-30-11-5 = 0.333,5-51-16-44-53-4 = 0.333,5-9-30-11-5 = 0.5,5-9-11-33-5 = 0.167,4-26-12-5 = 1.0
59,48,869.234,5.5,2.911,-1.119,309,310,4-8-4 = 0.083,5-55-23-29-41-5 = 1.0,5-37-48-5 = 0.75,5-37-17-5 = 0.25,5-22-40-36-5 = 1.0,5-17-49-53-33-5 = 0.75,5-28-31-45-5 = 0.75,5-28-31-49-48-5 = 0.25,4-25-34-20-4 = 0.667,4-39-19-27-21-4 = 0.25,4-38-46-4 = 0.083,4-38-46-8-4 = 0.917,5-33-45-5 = 0.25,4-18-15-24-43-4 = 1.0,4-26-12-14-4 = 1.0,4-25-32-42-4 = 0.333,4-10-13-7-4 = 0.333,4-10-32-42-4 = 0.667,4-34-13-7-4 = 0.333,4-44-54-52-4 = 0.75,4-20-13-7-4 = 0.333,4-39-50-27-21-4 = 0.25,4-39-50-19-21-4 = 0.5,5-51-30-11-5 = 1.0,5-6-47-35-16-9-5 = 1.0,4-50-19-27-44-53-4 = 0.25,4-27-52-54-4 = 0.25
189,187,869.115,6.528,0.824,-0.584,311,312,4-50-52-54-4 = 0.34,5-55-23-29-41-5 = 1.0,5-37-48-5 = 0.226,5-22-40-36-5 = 1.0,5-37-28-17-5 = 0.585,5-17-49-53-33-5 = 0.057,5-12-42-4 = 1.0,5-28-31-49-48-5 = 0.415,4-25-34-20-4 = 0.34,4-39-19-27-44-49-5 = 0.34,4-38-46-4 = 0.66,4-38-46-19-21-4 = 0.019,4-38-46-19-27-21-4 = 0.321,4-26-24-14-4 = 1.0,5-33-45-5 = 0.623,4-8-18-15-43-5 = 1.0,4-25-34-53-4 = 0.66,4-10-13-7-4 = 0.34,4-44-54-52-4 = 0.66,4-20-13-7-4 = 0.66,4-39-50-27-21-4 = 0.34,4-39-50-19-21-4 = 0.321,5-51-30-11-5 = 0.962,5-9-11-33-5 = 0.038,5-9-31-17-48-5 = 0.358,5-6-35-47-16-32-4 = 1.0,4-10-53-33-5 = 0.283,5-37-9-31-49-5 = 0.189,5-31-9-51-30-5 = 0.038,4-10-9-45-5 = 0.377
196,173,869.234,7.644,0.872,-1.356,313,314,4-8-4 = 0.178,5-55-23-29-41-5 = 1.0,5-22-40-36-5 = 1.0,5-12-30-5 = 0.022,5-37-28-17-5 = 0.022,5-28-31-49-48-5 = 0.289,4-25-20-10-4 = 0.644,4-39-19-27-21-4 = 0.333,4-38-46-4 = 0.178,4-38-46-8-4 = 0.822,4-18-15-24-43-14-4 = 1.0,4-26-42-32-4 = 1.0,4-25-34-53-4 = 0.356,4-34-13-7-4 = 0.644,5-6-17-48-5 = 0.111,5-6-31-16-53-4 = 0.089,4-44-54-52-4 = 0.667,4-20-13-7-4 = 0.356,5-28-17-48-5 = 0.6,5-28-35-47-31-17-5 = 0.089,5-35-47-16-11-5 = 0.244,5-35-47-16-10-4 = 0.133,5-35-47-16-31-49-5 = 0.533,5-45-30-5 = 0.2,4-39-50-19-21-4 = 0.667,4-50-27-44-53-4 = 0.333,5-6-51-9-45-5 = 0.622,5-51-30-11-5 = 0.378,5-9-11-33-5 = 0.378,4-10-53-33-5 = 0.222,5-33-30-5 = 0.4,4-27-52-54-4 = 0.333,5-37-12-5 = 0.978,5-6-17-49-45-5 = 0.178
125,83,869.358,4.681,1.48,-1.674,315,316,4-8-4 = 0.13,4-50-52-54-4 = 1.0,5-55-23-29-41-5 = 1.0,5-37-48-5 = 1.0,5-22-40-36-5 = 1.0,5-17-49-53-33-5 = 0.101,5-12-9-31-49-5 = 0.594,4-25-34-20-4 = 0.855,4-39-19-27-21-4 = 1.0,4-38-46-4 = 0.13,4-38-46-8-4 = 0.87,5-45-33-5 = 0.812,4-18-15-24-43-5 = 0.536,4-18-15-24-43-14-4 = 0.464,4-26-12-14-4 = 0.406,4-26-42-32-4 = 0.594,4-25-32-42-4 = 0.145,4-10-13-7-4 = 1.0,4-34-32-42-4 = 0.043,5-35-16-44-53-4 = 0.101,5-31-16-44-53-4 = 0.304,5-51-30-11-5 = 1.0,5-6-47-16-31-49-5 = 0.101,5-6-35-47-28-17-5 = 0.899,4-32-44-53-33-5 = 0.087,5-9-16-44-53-4 = 0.406,4-42-45-5 = 0.087,5-28-49-45-5 = 0.101,4-20-32-42-14-4 = 0.13,4-34-16-44-49-5 = 0.087,4-34-20-44-49-5 = 0.014
128,92,868.962,7.68,1.001,0.68,317,318,4-50-52-54-4 = 0.36,5-55-23-29-41-5 = 1.0,5-22-40-36-5 = 1.0,4-25-34-20-4 = 0.36,4-39-19-27-21-4 = 0.68,4-38-46-4 = 0.2,4-38-46-8-4 = 0.8,4-26-24-14-4 = 0.24,4-26-18-15-43-4 = 0.04,5-33-45-5 = 0.96,4-8-18-15-43-4 = 0.2,4-18-15-24-43-4 = 0.64,4-18-15-24-43-5 = 0.12,5-6-28-49-48-5 = 0.88,4-26-12-14-4 = 0.36,4-26-42-32-4 = 0.36,4-25-34-53-4 = 0.64,4-10-13-7-4 = 0.36,4-10-32-42-4 = 0.64,5-6-9-45-14-4 = 0.04,5-6-9-33-14-4 = 0.04,4-44-54-52-4 = 0.64,4-20-13-7-4 = 0.64,5-28-17-48-5 = 0.12,5-35-16-31-17-5 = 0.24,5-35-47-16-9-17-5 = 0.4,5-35-47-31-16-9-5 = 0.36,5-37-47-31-17-5 = 0.24,4-39-50-19-21-4 = 0.32,4-50-27-44-53-14-4 = 0.32,5-51-30-11-5 = 1.0,5-37-9-31-49-5 = 0.12,5-37-12-5 = 0.64,5-6-9-31-44-53-4 = 0.04
299,260,869.276,5.056,0.294,-1.389,319,320,4-8-4 = 0.139,5-55-23-29-41-5 = 1.0,5-22-40-36-5 = 1.0,5-11-32-42-4 = 0.222,5-28-31-49-48-5 = 1.0,5-37-6-17-5 = 0.75,5-16-32-42-4 = 0.056,4-25-20-10-4 = 1.0,4-39-19-27-21-4 = 0.333,4-38-46-4 = 0.139,4-38-46-8-4 = 0.861,5-45-33-5 = 1.0,4-18-15-24-43-5 = 1.0,4-26-12-14-4 = 0.75,4-26-42-32-4 = 0.25,4-34-13-7-4 = 1.0,4-42-30-5 = 0.167,4-44-54-52-4 = 0.667,5-35-47-16-9-17-5 = 0.25,5-35-47-9-16-53-4 = 0.667,4-39-50-19-21-4 = 0.667,4-50-27-44-53-4 = 0.222,4-50-27-44-53-14-4 = 0.111,5-51-30-11-5 = 0.611,4-32-30-11-5 = 0.167,5-6-9-51-16-32-4 = 0.028,4-27-52-54-4 = 0.333,5-12-37-5 = 0.25,5-9-51-32-30-14-4 = 0.056,5-6-51-32-42-4 = 0.222,5-35-47-51-42-14-4 = 0.083
288,280,869.293,4.0,0.248,-1.4,321,322,4-8-4 = 0.25,4-50-52-54-4 = 1.0,5-55-23-29-41-5 = 1.0,5-22-40-36-5 = 1.0,4-39-19-27-21-4 = 1.0,4-38-46-4 = 0.25,4-38-46-8-4 = 0.75,5-33-45-5 = 1.0,4-18-15-24-43-14-4 = 1.0,5-6-28-49-48-5 = 0.75,5-6-28-31-17-5 = 0.25,4-26-42-32-4 = 0.5,4-25-32-42-4 = 0.5,4-34-13-7-4 = 1.0,5-35-47-16-31-49-5 = 0.25,5-35-47-16-9-17-5 = 0.5,5-35-47-31-16-9-5 = 0.25,5-51-30-11-5 = 1.0,5-9-31-17-48-5 = 0.25,4-20-10-44-53-4 = 1.0,4-25-26-4 = 0.5,5-37-12-5 = 1.0
285,269,869.315,3.667,0.108,-1.5,323,324,4-8-4 = 0.167,4-50-52-54-4 = 1.0,5-55-23-29-41-5 = 1.0,5-22-40-36-5 = 1.0,5-37-28-17-5 = 0.833,5-37-35-28-49-5 = 0.167,4-25-20-13-4 = 0.333,4-25-34-20-4 = 0.333,4-39-19-27-21-4 = 1.0,4-38-46-4 = 0.167,4-38-46-8-4 = 0.833,5-33-45-5 = 1.0,4-18-15-24-43-5 = 1.0,4-26-12-14-4 = 1.0,4-25-20-7-4 = 0.333,4-10-32-42-4 = 1.0,4-34-13-7-4 = 0.667,5-35-16-44-53-4 = 0.333,5-35-31-17-48-5 = 0.167,5-51-30-11-5 = 0.833,5-6-35-47-9-11-5 = 0.167,5-6-47-31-49-48-5 = 0.833,5-9-16-44-53-4 = 0.667,5-35-9-51-30-5 = 0.167
278,74,869.386,5.222,0.931,-1.944,325,326,4-50-52-54-4 = 0.556,5-35-47-34-10-4 = 0.667,5-55-23-29-41-5 = 1.0,5-22-40-36-5 = 1.0,5-28-31-49-48-5 = 1.0,5-37-6-17-5 = 0.778,4-39-19-27-21-4 = 0.778,4-38-46-8-4 = 1.0,4-26-24-14-4 = 0.111,4-26-18-15-43-5 = 0.111,5-33-45-5 = 0.778,4-18-15-24-43-5 = 0.889,4-26-12-14-4 = 0.778,4-25-32-42-4 = 0.889,4-10-32-30-14-4 = 0.111,4-42-30-5 = 0.111,4-44-54-52-4 = 0.444,4-20-13-7-4 = 1.0,5-35-47-16-10-4 = 0.111,5-35-47-16-9-17-5 = 0.222,4-39-50-19-21-4 = 0.222,4-50-27-44-53-4 = 0.222,5-6-51-9-45-5 = 0.222,5-51-30-11-5 = 0.778,5-9-11-33-5 = 0.222,5-9-16-44-53-4 = 0.333,5-12-37-5 = 0.222,4-34-16-53-4 = 0.333,4-25-10-53-4 = 0.111
293,156,869.224,5.0,0.264,-0.8,327,328,4-50-52-54-4 = 1.0,5-55-23-29-41-5 = 1.0,5-22-40-36-5 = 1.0,5-37-9-11-5 = 0.4,4-39-19-27-21-4 = 1.0,4-38-46-8-4 = 1.0,4-26-24-14-4 = 0.4,5-45-33-5 = 1.0,4-18-15-24-43-4 = 0.6,5-6-28-49-48-5 = 0.4,4-26-12-14-4 = 0.6,4-25-32-42-4 = 1.0,4-34-13-7-4 = 1.0,5-6-9-51-30-5 = 0.6,5-28-17-48-5 = 0.6,5-35-16-31-17-5 = 0.2,5-35-47-16-11-5 = 0.2,5-35-47-16-31-49-5 = 0.6,5-37-47-31-17-5 = 0.2,5-51-30-11-5 = 0.4,4-20-10-44-53-4 = 1.0,5-12-37-5 = 0.4,4-18-15-43-4 = 0.4
136,91,869.266,6.2,1.209,-0.943,329,330,4-8-4 = 0.05,4-50-52-54-4 = 0.2,5-55-23-29-41-5 = 1.0,5-22-40-36-5 = 1.0,5-28-31-49-48-5 = 1.0,5-37-6-17-5 = 0.5,4-39-19-27-21-4 = 0.6,4-38-46-4 = 0.05,4-38-46-8-4 = 0.95,5-33-45-5 = 0.75,4-18-15-24-43-5 = 1.0,4-26-12-14-4 = 0.5,4-26-42-32-4 = 0.5,4-25-34-53-4 = 1.0,4-10-32-42-4 = 0.5,5-6-9-45-14-4 = 0.25,5-6-9-33-14-4 = 0.25,4-44-54-52-4 = 0.6,4-20-13-7-4 = 1.0,5-35-47-16-10-4 = 0.5,5-35-47-16-9-17-5 = 0.5,4-39-50-19-21-4 = 0.4,4-50-27-44-52-4 = 0.2,5-51-30-11-5 = 1.0,5-37-12-5 = 0.5,4-50-27-44-54-4 = 0.2
184,96,868.658,8.667,0.434,2.917,331,332,4-8-4 = 0.167,5-55-23-29-41-5 = 1.0,5-37-48-5 = 0.75,5-22-40-36-5 = 1.0,5-37-28-17-5 = 0.25,5-12-9-31-49-5 = 0.5,4-46-19-27-44-49-5 = 0.167,4-25-20-10-4 = 0.167,4-25-34-20-4 = 0.167,4-38-46-8-4 = 0.833,5-33-45-5 = 0.917,4-18-15-24-43-4 = 0.5,4-18-15-24-43-14-4 = 0.5,4-26-12-14-4 = 0.5,4-26-42-32-4 = 0.5,4-25-34-53-4 = 0.667,4-10-13-7-4 = 0.333,4-10-32-42-4 = 0.5,4-44-54-52-4 = 0.667,4-20-13-7-4 = 0.667,5-28-17-48-5 = 0.25,5-28-35-34-53-4 = 0.167,5-35-16-45-5 = 0.083,5-35-16-33-5 = 0.083,4-39-50-27-21-4 = 0.333,4-39-50-19-21-4 = 0.667,5-51-30-11-5 = 1.0,5-9-16-31-17-5 = 0.167,4-38-19-27-44-53-4 = 0.167,5-6-47-16-31-49-5 = 0.333,5-6-47-35-16-9-5 = 0.333,5-6-47-35-28-17-5 = 0.333,4-27-52-54-4 = 0.333
332,184,868.84,5.889,0.181,-2.778,333,334,4-8-4 = 0.167,5-55-23-29-41-5 = 1.0,5-37-48-5 = 0.333,5-22-40-36-5 = 1.0,5-37-28-17-5 = 0.667,4-46-19-27-44-49-5 = 0.167,4-25-34-20-4 = 0.111,4-38-46-8-4 = 0.833,5-45-33-5 = 0.722,4-18-15-24-43-4 = 1.0,4-26-12-14-4 = 1.0,4-25-34-53-4 = 0.833,4-25-32-42-4 = 0.056,4-10-13-7-4 = 0.056,4-10-32-42-4 = 0.944,4-34-13-7-4 = 0.056,4-44-54-52-4 = 0.667,4-20-13-7-4 = 0.889,5-35-16-45-5 = 0.278,4-39-50-27-21-4 = 0.333,4-39-50-19-21-4 = 0.667,5-51-30-11-5 = 0.833,5-9-11-33-5 = 0.167,5-9-31-17-48-5 = 0.278,4-38-19-27-44-53-4 = 0.167,5-6-47-16-31-49-5 = 0.333,5-6-47-35-28-17-5 = 0.056,5-6-35-47-16-9-5 = 0.389,5-6-47-31-49-48-5 = 0.222,5-31-9-51-30-4 = 0.167,4-27-52-54-4 = 0.333,5-35-28-49-33-5 = 0.111,5-35-28-49-48-5 = 0.167
238,150,869.457,6.568,0.769,-1.815,335,336,4-8-4 = 0.063,5-55-23-29-41-5 = 1.0,5-37-48-5 = 1.0,5-22-40-36-5 = 1.0,5-17-49-53-33-5 = 0.45,5-28-31-16-32-4 = 0.391,4-25-20-10-4 = 0.848,4-39-19-27-21-4 = 0.333,4-38-46-4 = 0.063,4-38-46-8-4 = 0.937,5-33-45-5 = 0.049,4-18-15-24-43-4 = 1.0,4-26-12-14-4 = 1.0,4-25-32-42-4 = 0.152,4-10-32-42-4 = 0.152,4-34-13-7-4 = 0.848,5-6-31-16-53-4 = 0.002,4-42-30-4 = 0.483,4-42-30-5 = 0.213,4-34-35-47-28-49-5 = 0.092,4-44-54-52-4 = 0.667,4-20-13-7-4 = 0.152,5-28-35-34-53-4 = 0.06,5-28-35-47-31-17-5 = 0.349,5-35-47-16-11-5 = 0.195,5-35-47-16-31-49-5 = 0.257,4-39-50-19-21-4 = 0.667,4-50-27-44-53-4 = 0.333,5-6-51-9-45-5 = 0.749,5-51-11-33-5 = 0.251,5-9-11-33-5 = 0.251,4-32-30-11-5 = 0.304,4-27-52-54-4 = 0.333,5-28-47-16-53-4 = 0.107,5-6-17-49-45-5 = 0.201,5-6-35-16-53-4 = 0.047
218,181,869.291,6.667,0.487,-0.833,337,338,5-55-23-29-41-5 = 1.0,5-22-40-36-5 = 1.0,5-37-51-11-5 = 0.167,5-28-31-49-48-5 = 1.0,5-37-6-17-5 = 0.833,4-25-34-20-4 = 0.5,4-39-19-27-21-4 = 0.333,4-38-46-8-4 = 1.0,5-45-33-5 = 1.0,4-18-15-24-43-4 = 1.0,4-26-12-14-4 = 1.0,4-25-34-53-4 = 0.5,4-10-13-7-4 = 0.5,4-10-32-42-4 = 0.5,4-42-30-4 = 0.333,4-44-54-52-4 = 0.667,4-20-13-7-4 = 0.5,5-35-47-16-11-5 = 0.167,5-35-47-16-51-9-5 = 0.5,5-35-47-16-9-17-5 = 0.167,4-39-50-19-21-4 = 0.667,4-50-27-44-53-4 = 0.333,5-9-11-30-4 = 0.167,4-32-30-11-5 = 0.5,4-27-52-54-4 = 0.333,5-6-9-51-42-4 = 0.167,5-35-47-51-16-53-4 = 0.167
249,245,869.133,6.567,0.287,0.327,339,340,4-8-4 = 0.25,5-55-23-29-41-5 = 1.0,5-22-40-36-5 = 1.0,5-12-45-5 = 0.3,5-17-49-53-33-5 = 0.117,5-28-31-49-48-5 = 0.883,5-37-6-17-5 = 0.3,4-25-34-20-4 = 0.817,4-39-19-27-21-4 = 0.333,4-38-46-4 = 0.25,4-38-46-8-4 = 0.75,5-45-33-5 = 0.7,4-18-15-24-43-14-4 = 1.0,4-26-42-32-4 = 1.0,4-25-34-53-4 = 0.183,4-10-13-7-4 = 1.0,5-6-17-48-5 = 0.117,5-6-9-16-53-4 = 0.117,5-6-9-51-30-5 = 0.467,4-44-54-52-4 = 0.667,5-28-35-47-31-17-5 = 0.117,5-35-47-16-11-5 = 0.467,5-35-47-16-9-17-5 = 0.35,5-35-47-9-16-53-4 = 0.067,4-39-50-19-21-4 = 0.667,4-50-27-44-53-4 = 0.333,5-51-30-11-5 = 0.533,4-27-52-54-4 = 0.333,5-37-12-5 = 0.7,4-20-53-33-5 = 0.183
174,124,869.18,8.667,1.09,0.0,341,342,5-55-23-29-41-5 = 1.0,5-22-40-36-5 = 1.0,5-12-26-4 = 0.5,5-37-28-17-5 = 0.6,5-28-31-49-48-5 = 0.4,5-16-9-45-5 = 0.2,4-25-20-10-4 = 0.2,4-25-34-20-4 = 0.067,4-39-19-27-21-4 = 0.333,4-38-46-8-4 = 1.0,5-45-33-5 = 0.667,4-18-15-24-43-14-4 = 0.867,4-25-34-53-4 = 0.667,4-25-32-42-4 = 0.067,4-10-32-42-4 = 0.8,4-34-13-7-4 = 0.267,5-6-17-48-5 = 0.4,5-6-9-51-30-5 = 0.333,5-6-9-51-33-5 = 0.133,4-42-30-5 = 0.133,4-44-54-52-4 = 0.667,4-20-13-7-4 = 0.733,5-35-47-16-11-5 = 0.4,5-35-47-16-31-49-5 = 0.4,5-35-47-31-49-48-5 = 0.2,4-39-50-19-21-4 = 0.667,4-50-27-44-53-4 = 0.333,5-6-51-9-45-5 = 0.133,5-51-30-11-5 = 0.4,5-9-11-33-5 = 0.2,4-26-32-30-5 = 0.133,4-26-24-5 = 0.133,4-27-52-54-4 = 0.333,5-12-37-5 = 0.4,4-26-12-5 = 0.1,4-26-18-15-43-14-4 = 0.133
246,244,869.135,7.513,0.51,0.465,343,344,4-8-4 = 0.171,5-55-23-29-41-5 = 1.0,5-22-40-36-5 = 1.0,5-12-26-4 = 0.248,5-37-28-17-5 = 0.12,5-17-49-53-33-5 = 0.06,5-37-6-17-5 = 0.128,4-25-34-20-4 = 0.88,4-39-19-27-21-4 = 0.333,4-38-46-4 = 0.171,4-38-46-8-4 = 0.829,5-33-45-5 = 0.504,4-18-15-24-43-14-4 = 1.0,4-26-42-32-4 = 0.752,4-25-34-53-4 = 0.12,4-10-13-7-4 = 1.0,5-6-31-16-53-4 = 0.248,5-6-9-16-53-4 = 0.06,5-6-9-51-30-5 = 0.068,4-42-30-5 = 0.248,4-44-54-52-4 = 0.667,5-28-17-48-5 = 0.692,5-28-35-47-16-49-5 = 0.188,5-35-47-16-31-49-5 = 0.444,5-35-47-31-49-48-5 = 0.308,5-35-47-9-16-53-4 = 0.06,4-39-50-19-21-4 = 0.667,4-50-27-44-53-4 = 0.333,5-6-51-9-45-5 = 0.496,5-51-30-11-5 = 0.436,5-9-11-33-5 = 0.316,4-32-30-11-5 = 0.248,4-27-52-54-4 = 0.333,5-37-12-5 = 0.752,4-20-53-33-5 = 0.12
167,90,869.343,7.556,1.277,-0.778,345,346,4-8-4 = 0.139,5-55-23-29-41-5 = 1.0,5-37-48-5 = 0.361,5-22-40-36-5 = 1.0,5-37-28-17-5 = 0.361,5-12-42-4 = 1.0,5-28-31-49-48-5 = 0.278,5-37-6-17-5 = 0.278,4-25-34-20-4 = 0.667,4-39-19-27-21-4 = 0.333,4-38-46-4 = 0.139,4-38-46-8-4 = 0.861,5-33-45-5 = 0.194,4-18-15-24-43-14-4 = 1.0,4-25-34-53-4 = 0.25,4-10-13-7-4 = 1.0,4-44-54-52-4 = 0.667,5-28-17-48-5 = 0.361,5-35-47-16-11-5 = 0.111,5-35-47-16-31-49-5 = 0.722,4-39-50-19-21-4 = 0.667,4-50-27-44-53-4 = 0.333,5-6-51-9-45-5 = 0.556,5-51-30-11-5 = 0.417,5-51-11-33-5 = 0.028,5-9-11-33-5 = 0.444,5-6-47-35-16-32-4 = 0.167,4-26-25-4 = 0.083,4-26-34-53-4 = 0.083,4-26-32-30-5 = 0.583,4-26-32-45-5 = 0.25,4-27-52-54-4 = 0.333,4-20-53-33-5 = 0.333
257,229,869.365,5.82,0.47,-0.995,347,348,4-8-4 = 0.228,4-50-52-54-4 = 1.0,5-55-23-29-41-5 = 1.0,5-22-40-36-5 = 1.0,5-37-9-11-5 = 0.085,4-25-34-20-4 = 0.751,4-39-19-27-21-4 = 1.0,4-38-46-4 = 0.228,4-38-46-8-4 = 0.772,5-45-33-5 = 0.677,4-18-15-24-43-14-4 = 1.0,4-26-42-32-4 = 0.915,4-25-34-53-4 = 0.249,4-10-13-7-4 = 0.751,5-6-16-44-53-4 = 0.455,5-6-9-51-30-5 = 0.492,5-28-17-48-5 = 0.799,5-28-35-47-31-17-5 = 0.201,5-35-47-16-31-49-5 = 0.497,5-35-47-31-49-48-5 = 0.201,5-35-47-9-45-5 = 0.101,5-31-16-44-53-4 = 0.048,5-51-30-11-5 = 0.508,5-9-11-33-5 = 0.323,4-32-11-45-5 = 0.085,4-20-10-44-53-4 = 0.249,5-12-37-5 = 0.915,4-26-12-5 = 0.085,4-42-45-5 = 0.085,5-6-31-49-45-5 = 0.053,4-13-7-44-49-5 = 0.249
185,79,869.243,6.769,0.79,-0.049,349,350,4-8-4 = 0.077,4-50-52-54-4 = 0.692,5-55-23-29-41-5 = 1.0,5-37-48-5 = 1.0,5-22-40-36-5 = 1.0,4-25-34-20-4 = 0.385,4-39-19-27-21-4 = 0.385,4-39-19-27-44-49-5 = 0.308,4-38-46-4 = 0.077,4-38-46-8-4 = 0.923,5-33-45-5 = 0.385,4-18-15-24-43-4 = 0.923,4-18-15-24-43-5 = 0.077,5-6-28-31-17-5 = 0.231,4-26-12-14-4 = 1.0,4-25-34-53-4 = 0.615,4-13-7-27-21-4 = 0.308,4-10-13-7-4 = 0.077,4-10-32-42-4 = 0.923,4-42-30-5 = 0.077,4-44-54-52-4 = 0.308,4-20-13-7-4 = 0.615,5-28-35-47-33-5 = 0.385,5-28-47-35-31-17-5 = 0.308,5-35-47-16-9-17-5 = 0.231,4-39-50-19-21-4 = 0.308,5-51-30-11-5 = 0.923,5-47-16-9-11-5 = 0.077,5-6-9-51-16-32-4 = 0.077,5-9-16-33-5 = 0.231,5-9-16-44-53-4 = 0.385,5-6-17-49-45-5 = 0.231,5-6-31-49-45-5 = 0.385,5-6-28-35-31-49-5 = 0.077
237,150,869.209,8.556,0.521,0.172,351,352,4-8-4 = 0.014,5-55-23-29-41-5 = 1.0,5-37-48-5 = 1.0,5-22-40-36-5 = 1.0,5-17-49-53-33-5 = 0.236,5-28-31-45-5 = 0.014,4-25-20-10-4 = 0.333,4-39-19-27-21-4 = 0.333,4-38-46-4 = 0.014,4-38-46-8-4 = 0.986,5-33-45-5 = 0.264,4-18-15-24-43-4 = 0.569,4-18-15-24-43-5 = 0.431,5-6-28-31-17-5 = 0.083,4-26-12-14-4 = 1.0,4-25-32-42-4 = 0.667,4-10-32-42-4 = 0.333,4-34-13-7-4 = 0.667,4-34-20-10-4 = 0.333,5-6-31-16-53-4 = 0.167,5-6-9-51-30-5 = 0.5,4-44-54-52-4 = 0.667,4-20-13-7-4 = 0.333,5-28-35-47-31-17-5 = 0.431,5-35-16-45-5 = 0.264,5-35-47-16-31-49-5 = 0.306,4-39-50-19-21-4 = 0.667,4-50-27-44-53-4 = 0.333,5-51-30-11-5 = 0.5,5-9-11-33-5 = 0.5,4-27-52-54-4 = 0.333,5-28-47-16-53-4 = 0.264,5-6-17-49-45-5 = 0.25,5-28-49-45-5 = 0.208
172,170,869.017,8.667,0.927,1.488,353,354,4-8-4 = 0.167,4-50-52-54-4 = 1.0,5-55-23-29-41-5 = 1.0,5-22-40-36-5 = 1.0,5-12-26-4 = 0.458,5-28-31-49-48-5 = 0.333,5-37-6-17-5 = 0.5,4-25-34-20-4 = 0.75,4-39-19-21-4 = 0.083,4-39-19-27-21-4 = 0.833,4-39-19-27-44-49-5 = 0.083,4-38-46-4 = 0.167,4-38-46-8-4 = 0.833,5-45-33-5 = 0.5,4-18-15-24-43-14-4 = 1.0,4-26-42-32-4 = 0.5,4-25-34-53-4 = 0.083,4-13-7-27-21-4 = 0.083,4-10-13-7-4 = 0.75,4-34-13-7-4 = 0.167,4-42-30-5 = 0.5,5-28-17-48-5 = 0.417,5-28-35-47-44-53-4 = 0.167,5-28-35-47-31-17-5 = 0.083,5-35-47-16-11-5 = 0.167,5-35-47-16-31-49-5 = 0.333,5-35-47-31-49-48-5 = 0.25,5-6-51-9-45-5 = 0.5,5-51-16-44-53-4 = 0.5,5-9-11-33-5 = 0.5,4-32-30-11-5 = 0.333,4-20-10-44-53-4 = 0.25,4-25-32-30-5 = 0.167,5-12-37-5 = 0.5,4-26-12-5 = 0.042
354,172,869.496,7.057,0.479,-1.61,355,356,4-8-4 = 0.257,4-50-52-54-4 = 1.0,5-55-23-29-41-5 = 1.0,5-22-40-36-5 = 1.0,5-28-31-49-48-5 = 0.029,4-25-34-20-4 = 0.8,4-39-19-21-4 = 0.2,4-39-19-27-21-4 = 0.6,4-39-19-27-44-49-5 = 0.2,4-38-46-4 = 0.257,4-38-46-8-4 = 0.743,5-33-45-5 = 0.486,4-18-15-24-43-14-4 = 1.0,4-26-42-32-4 = 0.8,4-25-34-53-4 = 0.2,4-13-7-27-21-4 = 0.2,4-10-13-7-4 = 0.8,5-6-16-44-53-4 = 0.486,4-42-30-5 = 0.2,5-28-17-48-5 = 0.686,5-28-35-47-44-53-4 = 0.029,5-28-35-47-31-17-5 = 0.257,5-35-47-16-31-49-5 = 0.429,5-35-47-31-49-48-5 = 0.286,5-6-51-9-45-5 = 0.457,5-51-11-33-5 = 0.457,5-51-16-44-53-4 = 0.086,5-9-30-11-5 = 0.543,4-20-10-44-53-4 = 0.2,4-26-32-30-5 = 0.2,5-33-30-5 = 0.057,5-37-12-5 = 1.0,5-6-17-49-45-5 = 0.057
162,122,869.409,3.0,0.978,-0.886,357,358,4-8-4 = 0.167,4-50-52-54-4 = 1.0,5-55-23-29-41-5 = 1.0,5-22-40-36-5 = 1.0,5-37-28-17-5 = 1.0,4-25-20-10-4 = 1.0,4-39-19-27-21-4 = 1.0,4-38-46-4 = 0.167,4-38-46-8-4 = 0.833,5-33-45-5 = 0.833,4-18-15-24-43-5 = 1.0,4-26-12-14-4 = 1.0,4-34-13-7-4 = 1.0,5-6-16-44-53-4 = 0.333,4-42-30-5 = 0.167,5-35-47-31-49-48-5 = 1.0,5-51-30-11-5 = 0.333,5-9-30-11-5 = 0.167,5-9-11-33-5 = 0.167,4-32-30-11-5 = 0.333,5-9-16-44-53-4 = 0.667,4-42-45-5 = 0.167,5-6-51-32-42-4 = 0.667
212,159,869.402,5.071,0.639,-0.701,359,360,4-8-4 = 0.286,4-50-52-54-4 = 1.0,5-55-23-29-41-5 = 1.0,5-22-40-36-5 = 1.0,5-37-28-17-5 = 0.143,5-12-9-31-49-5 = 0.036,5-37-35-28-49-5 = 0.143,4-25-34-20-4 = 1.0,4-39-19-27-21-4 = 1.0,4-38-46-4 = 0.286,4-38-46-8-4 = 0.714,5-45-33-5 = 0.75,4-18-15-24-43-5 = 0.25,4-18-15-24-43-14-4 = 0.75,4-26-12-14-4 = 0.25,4-26-42-32-4 = 0.75,4-10-13-7-4 = 1.0,5-28-17-48-5 = 0.286,5-35-16-44-53-4 = 0.036,5-35-16-9-31-49-5 = 0.25,5-35-31-17-48-5 = 0.143,5-51-30-11-5 = 1.0,5-6-35-47-28-17-5 = 0.429,4-32-44-53-33-5 = 0.25,5-6-47-31-49-48-5 = 0.571,5-9-16-44-53-4 = 0.714,5-37-12-5 = 0.714,4-42-45-5 = 0.25
152,147,868.975,6.651,0.648,2.151,361,362,4-8-4 = 0.157,4-50-52-54-4 = 1.0,5-55-23-29-41-5 = 1.0,5-22-40-36-5 = 1.0,5-11-32-42-4 = 0.072,5-37-6-17-5 = 0.47,4-25-20-10-4 = 1.0,4-39-19-27-21-4 = 1.0,4-38-46-4 = 0.157,4-38-46-8-4 = 0.843,5-33-45-5 = 0.506,4-18-15-24-43-5 = 1.0,5-6-28-49-48-5 = 0.301,4-26-12-14-4 = 0.47,4-26-42-32-4 = 0.53,4-34-13-7-4 = 1.0,4-42-30-5 = 0.169,5-28-17-48-5 = 0.53,5-28-35-47-44-53-4 = 0.048,5-35-47-16-31-49-5 = 0.41,5-35-47-31-49-48-5 = 0.169,5-31-16-44-53-4 = 0.422,5-51-30-11-5 = 0.735,5-9-11-33-5 = 0.193,4-32-44-53-33-5 = 0.301,4-32-30-44-53-4 = 0.06,5-9-16-44-53-4 = 0.169,5-12-37-5 = 0.53,5-6-9-51-42-4 = 0.229,5-47-35-9-45-14-4 = 0.373,5-28-49-45-14-4 = 0.12,5-9-51-32-30-14-4 = 0.036
361,152,869.344,5.167,0.369,-1.484,363,364,4-8-4 = 0.083,4-50-52-54-4 = 1.0,5-55-23-29-41-5 = 1.0,5-22-40-36-5 = 1.0,5-37-9-11-5 = 0.167,5-11-32-42-4 = 0.042,5-37-6-17-5 = 0.667,4-25-20-10-4 = 1.0,4-39-19-27-21-4 = 1.0,4-38-46-4 = 0.083,4-38-46-8-4 = 0.917,5-33-45-5 = 1.0,4-18-15-24-43-5 = 1.0,5-6-28-49-48-5 = 0.333,4-26-12-14-4 = 0.833,4-26-42-32-4 = 0.167,4-34-13-7-4 = 1.0,4-42-30-5 = 0.25,5-28-17-48-5 = 0.333,5-28-35-47-44-53-4 = 0.333,5-35-47-16-31-49-5 = 0.333,5-35-47-31-49-48-5 = 0.333,5-31-16-44-53-4 = 0.333,5-51-30-11-5 = 0.5,4-32-30-11-5 = 0.083,5-9-16-44-53-4 = 0.333,5-12-37-5 = 0.167,4-42-32-11-5 = 0.208,5-9-51-32-30-14-4 = 0.167,5-9-51-32-42-4 = 0.333
200,145,869.298,6.4,0.864,-0.002,365,366,4-8-4 = 0.05,4-50-52-54-4 = 1.0,5-55-23-29-41-5 = 1.0,5-37-48-5 = 1.0,5-22-40-36-5 = 1.0,5-17-49-53-33-5 = 0.2,5-12-9-31-49-5 = 0.1,4-25-20-10-4 = 0.5,4-25-20-13-4 = 0.1,4-25-34-20-4 = 0.3,4-39-19-21-4 = 0.2,4-39-19-27-21-4 = 0.6,4-39-19-27-44-49-5 = 0.2,4-38-46-4 = 0.05,4-38-46-8-4 = 0.95,5-45-33-5 = 0.7,4-18-15-24-43-5 = 0.95,4-18-15-24-43-14-4 = 0.05,4-26-12-14-4 = 0.9,4-26-42-32-4 = 0.1,4-25-20-7-4 = 0.1,4-13-7-27-21-4 = 0.2,4-10-32-42-4 = 0.45,4-10-32-30-14-4 = 0.05,4-34-13-7-4 = 0.7,4-42-30-5 = 0.05,5-35-16-44-53-4 = 0.2,5-31-16-44-53-4 = 0.6,5-51-30-11-5 = 0.6,5-9-30-11-5 = 0.3,5-9-11-33-5 = 0.1,5-6-47-16-31-49-5 = 0.2,5-6-47-35-28-17-5 = 0.8,5-9-31-49-45-5 = 0.1,5-28-49-45-5 = 0.2,5-9-51-32-42-4 = 0.4
164,149,869.528,6.81,1.347,-1.375,367,368,4-8-4 = 0.048,5-55-23-29-41-5 = 1.0,5-37-48-5 = 1.0,5-22-40-36-5 = 1.0,5-17-49-53-33-5 = 0.571,5-28-31-16-32-4 = 0.429,4-25-34-20-4 = 0.905,4-39-19-27-21-4 = 0.333,4-38-46-4 = 0.048,4-38-46-8-4 = 0.952,5-33-45-5 = 0.429,4-18-15-24-43-4 = 0.905,4-18-15-24-43-5 = 0.095,4-26-12-14-4 = 1.0,4-25-34-53-4 = 0.095,4-10-13-7-4 = 0.905,4-10-32-42-4 = 0.095,4-42-30-5 = 0.381,4-44-54-52-4 = 0.667,4-20-13-7-4 = 0.095,5-28-35-47-31-17-5 = 0.429,5-28-47-35-16-49-5 = 0.048,5-35-47-16-11-5 = 0.381,5-35-47-16-31-49-5 = 0.143,4-39-50-19-21-4 = 0.667,4-50-27-44-53-4 = 0.333,5-6-51-9-45-5 = 0.333,5-51-30-11-5 = 0.143,4-32-30-11-5 = 0.476,4-27-52-54-4 = 0.333,5-6-9-51-42-4 = 0.524,5-28-49-45-5 = 0.095,5-6-9-45-49-5 = 0.143
317,128,869.414,7.0,0.453,-0.68,369,370,4-50-52-54-4 = 0.333,5-55-23-29-41-5 = 1.0,5-37-31-17-5 = 0.5,5-22-40-36-5 = 1.0,4-25-34-20-4 = 0.333,4-39-19-27-21-4 = 0.667,4-38-46-4 = 0.167,4-38-46-8-4 = 0.833,4-26-24-14-4 = 0.167,5-45-33-5 = 1.0,4-8-18-15-43-4 = 0.167,4-18-15-24-43-4 = 0.833,5-6-28-49-48-5 = 1.0,4-26-12-14-4 = 0.5,4-26-42-32-4 = 0.333,4-25-34-53-4 = 0.667,4-10-13-7-4 = 0.333,4-10-32-42-4 = 0.667,4-44-54-52-4 = 0.667,4-20-13-7-4 = 0.667,5-35-47-16-9-17-5 = 0.5,5-35-47-31-16-9-5 = 0.5,4-39-50-19-21-4 = 0.333,4-50-27-44-53-14-4 = 0.333,5-51-30-11-5 = 1.0,5-12-37-5 = 0.5
309,59,869.418,5.0,0.184,-0.5,371,372,4-8-4 = 0.2,5-55-23-29-41-5 = 1.0,5-37-48-5 = 0.8,5-37-17-5 = 0.2,5-22-40-36-5 = 1.0,5-17-49-53-33-5 = 0.8,5-28-31-45-5 = 0.8,5-28-31-49-48-5 = 0.2,4-46-19-27-7-4 = 0.2,4-25-20-13-4 = 0.2,4-25-34-20-4 = 0.6,4-38-46-8-4 = 0.8,5-33-45-5 = 0.2,4-18-15-24-43-4 = 1.0,4-26-12-14-4 = 1.0,4-25-32-42-4 = 0.2,4-10-13-7-4 = 0.2,4-10-32-42-4 = 0.8,4-34-13-7-4 = 0.4,4-44-54-52-4 = 0.8,4-20-13-7-4 = 0.2,4-39-50-27-21-4 = 0.4,4-39-50-19-21-4 = 0.6,5-51-30-11-5 = 1.0,4-38-19-27-44-53-4 = 0.2,5-6-47-35-16-9-5 = 1.0,4-27-52-54-4 = 0.2
301,130,869.732,6.696,0.647,-2.104,373,374,4-8-4 = 0.33,4-50-52-54-4 = 0.464,5-55-23-29-41-5 = 1.0,5-22-40-36-5 = 1.0,5-37-28-17-5 = 0.714,5-12-42-4 = 0.982,5-37-6-17-5 = 0.286,5-16-9-45-5 = 0.571,4-25-34-20-4 = 0.732,4-39-19-27-21-4 = 0.643,4-38-46-4 = 0.33,4-38-46-8-4 = 0.67,5-45-33-5 = 0.08,4-18-15-24-43-14-4 = 1.0,5-6-28-49-48-5 = 0.286,5-12-42-5 = 0.018,4-25-34-53-4 = 0.268,4-10-13-7-4 = 1.0,4-44-54-52-4 = 0.536,5-35-47-31-49-48-5 = 0.714,4-39-50-27-21-4 = 0.179,4-39-50-19-21-4 = 0.179,5-6-51-9-45-5 = 0.143,5-31-16-44-53-4 = 0.286,5-51-30-11-5 = 0.062,5-51-11-33-5 = 0.652,5-51-16-45-5 = 0.143,5-6-35-47-9-11-5 = 0.286,4-50-19-27-44-53-4 = 0.179,4-26-32-30-5 = 0.938,4-26-32-45-5 = 0.062,4-20-53-33-5 = 0.268
302,130,869.231,9.353,0.145,0.553,375,376,4-8-4 = 0.235,4-50-52-54-4 = 0.471,5-55-23-29-41-5 = 1.0,5-22-40-36-5 = 1.0,5-37-28-17-5 = 0.706,5-12-42-4 = 1.0,5-37-6-17-5 = 0.294,5-16-9-45-5 = 0.529,4-25-20-10-4 = 0.529,4-39-19-27-21-4 = 0.647,4-38-46-4 = 0.235,4-38-46-8-4 = 0.765,5-45-33-5 = 0.235,4-18-15-24-43-5 = 0.529,4-18-15-24-43-14-4 = 0.471,5-6-28-49-48-5 = 0.294,4-25-34-53-4 = 0.294,4-10-16-51-9-5 = 0.059,4-10-32-30-14-4 = 0.353,4-34-13-7-4 = 0.529,4-44-54-52-4 = 0.529,4-20-13-7-4 = 0.471,5-35-47-31-49-48-5 = 0.706,4-39-50-27-21-4 = 0.176,4-39-50-19-21-4 = 0.176,5-6-51-9-45-5 = 0.118,5-31-16-44-53-4 = 0.294,5-51-11-33-5 = 0.706,5-51-16-45-5 = 0.118,5-6-35-47-9-11-5 = 0.294,4-10-53-33-5 = 0.059,4-50-19-27-44-53-4 = 0.176,4-26-34-53-4 = 0.176,4-26-32-30-5 = 0.647,4-25-26-14-4 = 0.176
266,158,869.282,3.0,0.525,0.4,377,378,4-8-4 = 0.25,4-50-52-54-4 = 1.0,5-55-23-29-41-5 = 1.0,5-22-40-36-5 = 1.0,5-37-6-9-51-5 = 0.25,5-28-31-49-48-5 = 0.75,5-37-6-17-5 = 0.75,4-39-19-27-21-4 = 1.0,4-38-46-4 = 0.25,4-38-46-8-4 = 0.75,5-33-45-5 = 1.0,4-18-15-24-43-4 = 1.0,4-26-12-14-4 = 1.0,4-25-32-42-4 = 1.0,4-34-13-7-4 = 1.0,5-28-35-47-16-49-5 = 0.25,5-35-47-16-9-17-5 = 0.25,5-35-47-31-16-9-5 = 0.25,5-51-30-11-5 = 0.75,5-9-30-11-5 = 0.25,4-20-10-44-53-4 = 1.0,5-35-47-16-48-5 = 0.25
377,266,873.72,0.0,4.437,-3.0,Integer,,4-50-52-54-4 = 1.0,5-55-23-29-41-5 = 1.0,5-22-40-36-5 = 1.0,4-39-19-27-21-4 = 1.0,4-38-46-8-4 = 1.0,5-45-33-5 = 1.0,4-18-15-24-43-4 = 1.0,4-26-12-14-4 = 1.0,4-25-32-42-4 = 1.0,4-34-13-7-4 = 1.0,5-28-17-48-5 = 1.0,5-35-47-16-31-49-5 = 1.0,5-51-30-11-5 = 1.0,4-20-10-44-53-4 = 1.0,5-37-6-9-5 = 1.0
222,220,869.201,6.278,0.245,0.944,379,380,4-8-4 = 0.139,4-50-52-54-4 = 1.0,5-55-23-29-41-5 = 1.0,5-37-48-5 = 1.0,5-22-40-36-5 = 1.0,4-39-19-27-21-4 = 1.0,4-38-46-4 = 0.139,4-38-46-8-4 = 0.861,4-18-15-24-43-4 = 0.833,4-18-15-24-43-5 = 0.167,5-6-28-31-17-5 = 0.167,4-26-12-14-4 = 1.0,4-25-32-42-4 = 1.0,4-10-13-7-4 = 0.222,4-34-13-7-4 = 0.389,4-34-20-10-4 = 0.111,5-6-9-51-30-5 = 0.25,4-34-35-47-28-49-5 = 0.5,4-20-13-7-4 = 0.389,5-28-35-47-31-17-5 = 0.333,5-35-47-16-10-4 = 0.167,5-45-30-5 = 0.083,5-6-51-9-45-5 = 0.083,5-31-16-44-53-4 = 0.5,5-51-30-11-5 = 0.333,5-51-16-45-5 = 0.333,5-9-11-33-5 = 0.667,4-20-10-44-53-4 = 0.5,5-33-30-5 = 0.333,5-6-17-49-45-5 = 0.5
380,222,869.373,5.727,0.172,-0.551,381,382,4-8-4 = 0.091,4-50-52-54-4 = 1.0,5-55-23-29-41-5 = 1.0,5-37-48-5 = 1.0,5-22-40-36-5 = 1.0,4-39-19-27-21-4 = 1.0,4-38-46-4 = 0.091,4-38-46-8-4 = 0.909,4-18-15-24-43-4 = 0.091,4-18-15-24-43-5 = 0.909,5-6-28-31-17-5 = 0.03,4-26-12-14-4 = 1.0,4-25-32-42-4 = 1.0,4-34-13-7-4 = 0.697,4-34-20-10-4 = 0.303,5-6-9-51-30-5 = 0.333,4-20-13-7-4 = 0.303,5-28-35-47-33-5 = 0.182,5-28-47-35-31-17-5 = 0.424,5-35-47-16-10-4 = 0.303,5-35-47-16-31-49-5 = 0.091,5-6-51-9-45-5 = 0.091,5-31-16-44-53-4 = 0.455,5-51-30-11-5 = 0.424,5-51-16-44-53-4 = 0.152,5-9-11-33-5 = 0.576,4-20-10-44-53-4 = 0.394,5-33-30-5 = 0.242,5-6-17-49-45-5 = 0.545,5-28-49-45-5 = 0.364
208,106,869.419,8.278,0.757,-0.456,383,384,5-55-23-29-41-5 = 1.0,5-22-40-36-5 = 1.0,5-11-32-42-4 = 0.278,4-25-34-20-4 = 0.333,4-39-19-27-21-4 = 0.333,4-38-46-8-4 = 1.0,4-26-24-14-4 = 0.5,4-26-18-15-43-4 = 0.5,5-45-33-5 = 0.407,4-18-15-24-43-4 = 0.5,5-6-28-49-48-5 = 0.148,4-25-34-53-4 = 0.667,4-10-13-7-4 = 0.333,4-10-32-42-4 = 0.167,4-10-32-30-14-4 = 0.5,5-6-17-48-5 = 0.074,5-6-16-31-17-5 = 0.074,4-42-30-4 = 0.111,4-42-30-5 = 0.333,4-44-54-52-4 = 0.667,4-20-13-7-4 = 0.667,5-28-17-48-5 = 0.778,5-28-35-47-31-17-5 = 0.074,5-35-47-16-11-5 = 0.074,5-35-47-16-31-49-5 = 0.852,4-39-50-19-21-4 = 0.667,4-50-27-44-53-4 = 0.333,5-6-51-9-45-5 = 0.593,5-51-11-33-5 = 0.296,5-9-11-33-5 = 0.296,4-32-30-11-5 = 0.056,4-27-52-54-4 = 0.333,5-37-12-5 = 1.0,5-6-9-51-42-4 = 0.111
201,129,869.487,8.722,1.02,-0.611,385,386,4-8-4 = 0.382,4-50-52-54-4 = 0.333,5-55-23-29-41-5 = 1.0,5-37-48-5 = 1.0,5-22-40-36-5 = 1.0,5-17-49-53-33-5 = 0.125,5-12-42-4 = 1.0,5-28-31-16-32-4 = 0.292,4-25-20-10-4 = 0.306,4-25-34-20-4 = 0.125,4-39-19-27-44-49-5 = 0.333,4-38-46-4 = 0.049,4-38-46-8-4 = 0.618,4-38-46-19-27-21-4 = 0.333,5-45-33-5 = 0.396,4-18-15-24-43-5 = 0.014,4-18-15-24-43-14-4 = 0.986,4-25-34-53-4 = 0.569,4-10-16-51-9-5 = 0.25,4-10-13-7-4 = 0.431,4-10-32-30-14-4 = 0.014,4-44-54-52-4 = 0.667,4-20-13-7-4 = 0.569,4-39-50-27-21-4 = 0.333,4-39-50-19-21-4 = 0.333,5-51-30-11-5 = 0.521,5-51-11-33-5 = 0.104,5-9-11-33-5 = 0.375,5-9-16-31-17-5 = 0.167,5-6-47-16-31-49-5 = 0.292,5-6-47-35-28-17-5 = 0.708,4-26-34-53-4 = 0.306,4-26-32-30-5 = 0.465,4-26-32-45-5 = 0.229,5-9-31-49-45-5 = 0.083,5-35-31-49-45-5 = 0.167,5-35-51-9-45-5 = 0.125
132,99,869.386,8.045,1.429,-0.045,387,388,4-50-52-54-4 = 0.591,5-55-23-29-41-5 = 1.0,5-22-40-36-5 = 1.0,5-37-28-17-5 = 0.545,5-37-9-11-5 = 0.068,5-12-42-4 = 1.0,5-37-6-17-5 = 0.386,5-16-9-45-5 = 0.545,4-46-19-27-7-4 = 0.068,4-25-20-10-4 = 0.159,4-25-34-20-4 = 0.523,4-39-19-27-21-4 = 0.523,4-39-19-27-44-49-5 = 0.068,4-38-46-4 = 0.864,4-38-46-19-27-21-4 = 0.068,4-26-24-14-4 = 1.0,5-45-33-5 = 0.455,4-8-18-15-43-5 = 1.0,5-6-28-49-48-5 = 0.386,4-25-34-53-4 = 0.318,4-10-13-7-4 = 0.682,4-34-10-32-53-4 = 0.159,5-6-9-51-30-5 = 0.227,4-44-54-52-4 = 0.409,4-20-13-7-4 = 0.25,4-20-13-44-53-4 = 0.068,5-28-17-48-5 = 0.068,5-35-47-31-16-32-4 = 0.455,5-35-47-31-49-48-5 = 0.545,4-39-50-27-21-4 = 0.205,4-39-50-19-21-4 = 0.205,5-51-30-11-5 = 0.773,5-9-11-33-5 = 0.159,4-38-19-27-44-53-4 = 0.068,4-32-44-53-33-5 = 0.386
387,132,869.504,7.336,0.118,-0.71,389,390,4-50-52-54-4 = 0.706,5-55-23-29-41-5 = 1.0,5-22-40-36-5 = 1.0,5-37-28-17-5 = 0.531,5-37-9-11-5 = 0.147,5-12-42-4 = 1.0,5-37-6-17-5 = 0.322,5-16-9-45-5 = 0.427,4-25-34-20-4 = 0.664,4-39-19-27-21-4 = 0.559,4-39-19-27-44-49-5 = 0.147,4-38-46-4 = 0.853,4-38-46-19-27-21-4 = 0.147,4-26-24-14-4 = 1.0,5-45-33-5 = 0.538,4-8-18-15-43-5 = 1.0,5-6-28-49-48-5 = 0.427,4-25-34-53-4 = 0.336,4-10-13-7-4 = 0.832,5-6-9-51-30-5 = 0.252,4-44-54-52-4 = 0.294,4-20-13-7-4 = 0.168,5-28-17-48-5 = 0.042,5-35-47-16-32-53-4 = 0.105,5-35-47-31-16-32-4 = 0.469,5-35-47-31-49-48-5 = 0.427,4-39-50-27-21-4 = 0.147,4-39-50-19-21-4 = 0.147,5-51-30-11-5 = 0.748,5-9-11-33-5 = 0.07,5-9-31-17-48-5 = 0.105,4-32-11-45-5 = 0.035,4-20-10-44-53-4 = 0.168,4-32-44-53-33-5 = 0.392
94,75,869.097,6.5,0.95,1.833,391,392,4-8-4 = 0.125,4-50-52-54-4 = 1.0,5-55-23-29-41-5 = 1.0,5-22-40-36-5 = 1.0,5-37-28-17-5 = 0.25,5-11-32-42-4 = 0.125,5-37-6-17-5 = 0.5,4-25-34-20-4 = 1.0,4-39-19-27-21-4 = 1.0,4-38-46-4 = 0.125,4-38-46-8-4 = 0.875,5-45-33-5 = 0.75,4-18-15-24-43-4 = 0.125,4-18-15-24-43-5 = 0.875,5-6-28-49-48-5 = 0.5,4-26-12-14-4 = 0.75,4-26-42-32-4 = 0.25,4-10-13-7-4 = 1.0,4-42-30-5 = 0.375,5-28-35-47-31-17-5 = 0.25,5-35-47-31-49-48-5 = 0.5,5-31-16-44-53-4 = 0.25,5-51-11-33-5 = 0.25,5-51-16-44-53-4 = 0.5,5-9-30-11-5 = 0.25,4-32-30-11-5 = 0.375,5-9-16-44-53-4 = 0.25,5-12-37-5 = 0.25,5-47-35-9-45-14-4 = 0.25,5-9-51-32-42-4 = 0.25
161,122,869.222,5.0,0.79,1.114,393,394,4-8-4 = 0.125,4-50-52-54-4 = 0.5,5-55-23-29-41-5 = 1.0,5-22-40-36-5 = 1.0,5-37-28-17-5 = 1.0,5-11-32-42-4 = 0.375,4-25-20-10-4 = 1.0,4-39-19-27-21-4 = 0.75,4-38-46-4 = 0.125,4-38-46-8-4 = 0.875,5-33-45-5 = 1.0,4-18-15-24-43-4 = 0.125,4-18-15-24-43-5 = 0.875,4-26-12-14-4 = 1.0,4-34-13-7-4 = 1.0,5-6-9-16-53-4 = 0.5,4-42-30-5 = 0.375,4-44-54-52-4 = 0.5,5-35-47-31-49-48-5 = 1.0,4-39-50-19-21-4 = 0.25,4-50-27-44-53-4 = 0.25,5-51-30-11-5 = 0.25,5-51-16-44-53-4 = 0.25,4-32-30-11-5 = 0.375,5-6-9-51-16-32-4 = 0.25,5-6-9-51-42-4 = 0.25
268,180,869.782,4.333,0.902,-2.789,395,396,4-8-4 = 0.167,4-50-52-54-4 = 1.0,5-55-23-29-41-5 = 1.0,5-22-40-36-5 = 1.0,4-39-19-27-21-4 = 1.0,4-38-46-4 = 0.167,4-38-46-8-4 = 0.833,5-33-45-5 = 0.667,4-18-15-24-43-14-4 = 1.0,4-26-42-32-4 = 0.5,4-25-32-42-4 = 0.5,4-34-13-7-4 = 1.0,5-6-9-51-30-5 = 0.667,5-28-17-48-5 = 1.0,5-35-47-16-11-5 = 0.333,5-35-47-16-31-49-5 = 0.667,5-51-30-11-5 = 0.333,5-9-11-33-5 = 0.333,4-20-10-44-53-4 = 1.0,4-26-25-4 = 0.5,5-37-12-5 = 1.0,5-6-31-49-45-5 = 0.333
391,94,869.639,4.909,0.542,-1.591,397,398,4-8-4 = 0.045,4-50-52-54-4 = 1.0,5-55-23-29-41-5 = 1.0,5-22-40-36-5 = 1.0,5-11-32-42-4 = 0.045,5-28-31-49-48-5 = 0.727,5-37-6-17-5 = 1.0,4-25-34-20-4 = 1.0,4-39-19-27-21-4 = 1.0,4-38-46-4 = 0.045,4-38-46-8-4 = 0.955,5-45-33-5 = 0.818,4-18-15-24-43-4 = 0.5,4-18-15-24-43-5 = 0.5,4-26-12-14-4 = 1.0,4-10-13-7-4 = 1.0,4-42-30-5 = 0.5,5-28-35-47-44-53-4 = 0.273,5-35-47-16-11-5 = 0.273,5-35-47-31-49-48-5 = 0.273,5-35-47-9-45-5 = 0.182,5-51-16-44-53-4 = 0.545,5-9-11-33-5 = 0.182,4-32-30-11-5 = 0.5,5-9-16-44-53-4 = 0.182,5-9-51-32-42-4 = 0.455
313,196,869.235,8.852,0.001,1.207,399,400,4-8-4 = 0.148,5-55-23-29-41-5 = 1.0,5-22-40-36-5 = 1.0,5-12-30-5 = 0.111,5-12-45-5 = 0.296,5-37-28-17-5 = 0.407,5-28-31-49-48-5 = 0.407,4-25-20-10-4 = 0.556,4-39-19-27-21-4 = 0.333,4-38-46-4 = 0.148,4-38-46-8-4 = 0.852,4-18-15-24-43-14-4 = 1.0,4-26-42-32-4 = 1.0,4-25-34-53-4 = 0.444,4-34-13-7-4 = 0.556,5-6-17-48-5 = 0.407,4-44-54-52-4 = 0.667,4-20-13-7-4 = 0.444,5-28-17-48-5 = 0.185,5-35-47-16-11-5 = 0.185,5-35-47-16-10-4 = 0.222,5-35-47-16-31-49-5 = 0.593,5-30-45-5 = 0.111,4-39-50-19-21-4 = 0.667,4-50-27-44-53-4 = 0.333,5-6-51-9-45-5 = 0.593,5-51-30-11-5 = 0.407,5-9-11-33-5 = 0.407,4-10-53-33-5 = 0.222,5-30-33-5 = 0.37,4-27-52-54-4 = 0.333,5-12-37-5 = 0.593
219,206,869.585,6.583,0.976,-1.144,401,402,4-8-4 = 0.108,4-50-52-54-4 = 1.0,5-55-23-29-41-5 = 1.0,5-37-48-5 = 1.0,5-22-40-36-5 = 1.0,5-12-30-5 = 0.083,5-12-45-5 = 0.042,4-25-20-10-4 = 0.3,4-25-20-13-4 = 0.35,4-39-19-27-21-4 = 1.0,4-38-46-4 = 0.108,4-38-46-8-4 = 0.892,4-18-15-24-43-4 = 1.0,4-26-12-14-4 = 0.875,4-26-42-32-4 = 0.125,4-25-20-7-4 = 0.35,4-10-32-42-4 = 0.575,4-10-32-30-14-4 = 0.125,4-34-13-7-4 = 0.65,5-6-16-44-53-4 = 0.217,4-42-30-5 = 0.3,4-34-35-47-28-49-5 = 0.35,5-28-35-47-31-17-5 = 0.55,5-35-47-16-31-49-5 = 0.1,5-6-51-9-45-5 = 0.333,5-31-16-44-53-4 = 0.35,5-51-30-11-5 = 0.333,5-51-16-45-5 = 0.075,5-51-16-44-53-4 = 0.258,5-9-11-33-5 = 0.667,4-32-44-53-33-5 = 0.175,5-33-30-5 = 0.158,5-6-17-49-45-5 = 0.45,5-28-49-45-5 = 0.1
305,131,869.36,8.229,0.335,0.34,403,404,4-50-52-54-4 = 0.486,5-55-23-29-41-5 = 1.0,5-37-48-5 = 1.0,5-22-40-36-5 = 1.0,5-12-42-4 = 1.0,5-28-31-16-32-4 = 0.5,4-25-20-10-4 = 0.257,4-25-34-20-4 = 0.114,4-39-19-27-44-49-5 = 0.486,4-38-46-4 = 0.514,4-38-46-19-21-4 = 0.457,4-38-46-19-27-21-4 = 0.029,4-26-24-14-4 = 1.0,5-33-45-5 = 0.586,4-8-18-15-43-5 = 1.0,4-25-34-53-4 = 0.629,4-10-13-7-4 = 0.371,4-34-10-32-53-4 = 0.257,5-6-9-51-30-5 = 0.6,4-44-54-52-4 = 0.514,4-20-13-7-4 = 0.629,5-28-35-47-31-17-5 = 0.5,5-35-47-16-11-5 = 0.286,5-35-47-16-9-17-5 = 0.1,5-35-47-16-32-53-4 = 0.114,4-39-50-27-21-4 = 0.486,4-39-50-19-21-4 = 0.029,5-51-30-11-5 = 0.4,5-9-11-33-5 = 0.3,4-32-11-45-5 = 0.014,5-6-17-49-45-5 = 0.4,4-10-32-33-49-5 = 0.114
367,164,869.569,6.0,0.041,-0.81,405,406,4-8-4 = 0.05,5-55-23-29-41-5 = 1.0,5-37-48-5 = 1.0,5-22-40-36-5 = 1.0,5-17-49-53-33-5 = 0.6,5-28-31-16-32-4 = 0.4,4-25-34-20-4 = 0.95,4-39-19-27-21-4 = 0.325,4-38-46-4 = 0.05,4-38-46-8-4 = 0.95,5-45-33-5 = 0.4,4-18-15-24-43-4 = 1.0,4-26-12-14-4 = 1.0,4-25-34-53-4 = 0.05,4-10-13-7-4 = 0.975,4-42-30-5 = 0.4,4-44-54-52-4 = 0.65,4-20-13-7-4 = 0.025,5-28-47-35-31-17-5 = 0.4,5-35-47-16-11-5 = 0.4,5-35-47-16-31-49-5 = 0.2,4-39-50-19-21-4 = 0.675,4-50-27-44-53-4 = 0.325,5-6-51-9-45-5 = 0.4,4-32-30-11-5 = 0.6,4-20-10-44-53-4 = 0.025,4-27-52-54-4 = 0.35,5-6-9-51-42-4 = 0.6,5-28-49-45-5 = 0.2
267,180,869.534,6.557,0.654,-0.565,407,408,4-8-4 = 0.253,4-50-52-54-4 = 1.0,5-55-23-29-41-5 = 1.0,5-22-40-36-5 = 1.0,5-37-6-17-5 = 0.177,4-25-20-10-4 = 0.797,4-25-20-13-4 = 0.101,4-39-19-27-21-4 = 1.0,4-38-46-4 = 0.253,4-38-46-8-4 = 0.747,5-33-45-5 = 0.456,4-18-15-24-43-14-4 = 1.0,4-26-42-32-4 = 0.823,4-25-20-7-4 = 0.101,4-10-13-7-4 = 0.203,4-34-13-7-4 = 0.696,5-6-16-44-53-4 = 0.304,5-6-9-51-30-5 = 0.392,4-34-35-47-28-49-5 = 0.304,5-28-17-48-5 = 0.696,5-35-47-16-31-49-5 = 0.165,5-35-47-9-45-5 = 0.127,5-31-16-44-53-4 = 0.532,5-51-30-11-5 = 0.608,5-9-11-33-5 = 0.38,4-32-11-45-5 = 0.013,4-32-44-53-33-5 = 0.165,5-37-12-5 = 0.823,5-6-17-49-45-5 = 0.127,4-26-12-5 = 0.177,5-47-35-31-49-48-5 = 0.304,4-42-45-5 = 0.177,5-35-47-9-45-49-5 = 0.101
226,224,869.167,6.444,0.21,1.778,409,410,4-8-4 = 0.028,4-50-52-54-4 = 0.667,5-55-23-29-41-5 = 1.0,5-37-48-5 = 1.0,5-22-40-36-5 = 1.0,4-39-19-27-21-4 = 0.833,4-38-46-4 = 0.028,4-38-46-8-4 = 0.972,5-33-45-5 = 0.583,4-18-15-24-43-4 = 0.5,4-18-15-24-43-5 = 0.5,4-26-12-14-4 = 1.0,4-25-32-42-4 = 1.0,4-10-13-7-4 = 0.444,4-34-13-7-4 = 0.111,4-34-20-10-4 = 0.556,5-6-9-16-53-4 = 0.333,4-34-35-47-28-49-5 = 0.333,4-44-54-52-4 = 0.333,4-20-13-7-4 = 0.444,5-28-35-47-31-17-5 = 0.667,4-39-50-19-21-4 = 0.167,4-50-27-44-53-4 = 0.167,5-51-30-11-5 = 1.0,5-9-16-33-5 = 0.167,5-9-16-44-53-4 = 0.5,5-6-17-49-45-5 = 0.333,5-6-31-49-33-5 = 0.25,5-6-31-49-45-5 = 0.083
409,226,869.591,3.833,0.424,-2.611,411,412,4-8-4 = 0.083,4-50-52-54-4 = 1.0,5-55-23-29-41-5 = 1.0,5-37-48-5 = 1.0,5-22-40-36-5 = 1.0,4-39-19-27-21-4 = 1.0,4-38-46-4 = 0.083,4-38-46-8-4 = 0.917,5-45-33-5 = 0.25,4-18-15-24-43-5 = 1.0,4-26-12-14-4 = 1.0,4-25-32-42-4 = 1.0,4-10-13-7-4 = 0.333,4-34-13-7-4 = 0.333,4-34-20-10-4 = 0.667,4-20-13-7-4 = 0.333,5-28-35-47-33-5 = 0.5,5-28-35-47-31-17-5 = 0.5,5-51-30-11-5 = 1.0,5-9-16-44-53-4 = 1.0,5-6-17-49-45-5 = 0.5,5-6-31-49-33-5 = 0.25,5-6-31-49-45-5 = 0.25
410,226,869.365,6.222,0.198,-0.222,413,414,4-8-4 = 0.014,4-50-52-54-4 = 0.333,5-55-23-29-41-5 = 1.0,5-37-48-5 = 1.0,5-22-40-36-5 = 1.0,5-17-49-53-33-5 = 0.125,4-39-19-27-21-4 = 0.667,4-38-46-4 = 0.014,4-38-46-8-4 = 0.986,5-45-33-5 = 0.542,4-18-15-24-43-4 = 0.875,4-18-15-24-43-5 = 0.125,4-26-12-14-4 = 1.0,4-25-32-42-4 = 1.0,4-10-13-7-4 = 0.472,4-34-13-7-4 = 0.056,4-34-20-10-4 = 0.528,5-6-9-16-53-4 = 0.542,4-34-35-47-28-49-5 = 0.417,4-44-54-52-4 = 0.667,4-20-13-7-4 = 0.472,5-28-35-47-31-17-5 = 0.583,4-39-50-19-21-4 = 0.333,4-50-27-44-53-4 = 0.333,5-51-30-11-5 = 1.0,5-9-16-31-17-5 = 0.125,5-9-16-33-5 = 0.333,5-6-17-49-45-5 = 0.167,5-6-31-49-45-5 = 0.292
272,270,869.582,5.071,0.639,-0.701,415,416,4-8-4 = 0.286,4-50-52-54-4 = 1.0,5-55-23-29-41-5 = 1.0,5-22-40-36-5 = 1.0,5-37-28-17-5 = 0.143,5-12-9-31-49-5 = 0.036,5-37-35-28-49-5 = 0.143,4-25-20-10-4 = 1.0,4-39-19-27-21-4 = 1.0,4-38-46-4 = 0.286,4-38-46-8-4 = 0.714,5-45-33-5 = 0.75,4-18-15-24-43-5 = 0.25,4-18-15-24-43-14-4 = 0.75,4-26-12-14-4 = 0.25,4-26-42-32-4 = 0.75,4-34-13-7-4 = 1.0,5-28-17-48-5 = 0.286,5-35-16-44-53-4 = 0.036,5-35-16-9-31-49-5 = 0.25,5-35-31-17-48-5 = 0.143,5-51-30-11-5 = 1.0,5-6-47-35-28-17-5 = 0.429,4-32-44-53-33-5 = 0.25,5-6-47-31-49-48-5 = 0.571,5-9-16-44-53-4 = 0.714,5-37-12-5 = 0.714,4-42-45-5 = 0.25
375,302,870.057,6.158,0.826,-3.195,417,418,4-8-4 = 0.263,4-50-52-54-4 = 1.0,5-55-23-29-41-5 = 1.0,5-22-40-36-5 = 1.0,5-37-28-17-5 = 0.737,5-12-42-4 = 1.0,5-37-6-17-5 = 0.263,4-25-20-10-4 = 0.737,4-39-19-27-21-4 = 1.0,4-38-46-4 = 0.263,4-38-46-8-4 = 0.737,5-45-33-5 = 0.421,4-18-15-24-43-5 = 0.263,4-18-15-24-43-14-4 = 0.737,5-6-28-49-48-5 = 0.263,4-34-13-7-4 = 1.0,5-6-51-9-45-5 = 0.211,5-31-16-44-53-4 = 0.263,5-51-30-11-5 = 0.105,5-51-11-33-5 = 0.316,5-51-16-44-53-4 = 0.368,5-9-11-33-5 = 0.158,4-32-30-11-5 = 0.158,5-6-35-47-9-11-5 = 0.263,4-20-10-44-53-4 = 0.263,4-26-32-30-5 = 0.737,4-25-26-14-4 = 0.263,4-32-44-53-33-5 = 0.105,5-47-35-31-49-48-5 = 0.737,4-16-9-45-5 = 0.368
292,88,869.231,9.2,0.208,1.771,419,420,4-50-52-54-4 = 0.4,5-55-23-29-41-5 = 1.0,5-22-40-36-5 = 1.0,5-37-9-11-5 = 0.2,5-11-32-42-4 = 0.4,5-28-31-49-48-5 = 0.4,5-37-6-17-5 = 0.4,4-25-34-20-4 = 0.4,4-39-19-27-21-4 = 0.7,4-38-46-8-4 = 1.0,4-26-42-14-4 = 0.2,5-45-33-5 = 1.0,4-18-15-24-43-4 = 0.4,4-18-15-24-43-5 = 0.6,4-26-12-14-4 = 0.6,4-26-42-32-4 = 0.2,4-25-34-53-4 = 0.6,4-10-13-7-4 = 0.5,4-10-32-42-4 = 0.2,4-10-51-30-4 = 0.2,5-6-9-51-30-5 = 0.6,4-44-54-52-4 = 0.6,4-20-13-7-4 = 0.5,5-28-17-48-5 = 0.6,5-35-47-16-11-5 = 0.4,5-35-47-16-31-49-5 = 0.6,4-39-50-19-21-4 = 0.3,4-50-27-44-53-4 = 0.3,4-20-10-44-53-4 = 0.1,5-12-37-5 = 0.4,5-9-51-32-30-14-4 = 0.2
420,292,869.49,6.873,0.259,-2.327,421,422,4-8-4 = 0.018,4-50-52-54-4 = 0.4,5-55-23-29-41-5 = 1.0,5-22-40-36-5 = 1.0,5-37-9-11-5 = 0.236,5-11-32-42-4 = 0.018,5-28-31-49-48-5 = 0.545,5-37-6-17-5 = 0.545,4-25-34-20-4 = 0.2,4-39-19-27-21-4 = 0.4,4-39-19-27-44-49-5 = 0.2,4-38-46-4 = 0.018,4-38-46-8-4 = 0.982,4-26-42-14-4 = 0.109,5-33-45-5 = 1.0,4-18-15-24-43-4 = 1.0,4-26-12-14-4 = 0.782,4-26-42-32-4 = 0.109,4-25-34-53-4 = 0.8,4-13-7-27-21-4 = 0.2,4-10-32-42-4 = 0.764,4-10-51-30-4 = 0.236,5-6-9-51-30-4 = 0.073,5-6-9-51-30-5 = 0.382,4-44-54-52-4 = 0.6,4-20-13-7-4 = 0.8,5-28-17-48-5 = 0.455,5-35-47-16-11-5 = 0.745,5-35-47-16-31-49-5 = 0.255,4-39-50-19-21-4 = 0.4,4-50-27-44-53-4 = 0.2,5-31-9-51-30-5 = 0.2,5-12-37-5 = 0.218,5-9-51-32-30-14-4 = 0.109
133,104,870.095,1.0,1.594,-4.0,423,424,4-50-52-54-4 = 1.0,5-35-47-34-25-4 = 0.5,5-55-23-29-41-5 = 1.0,5-22-40-36-5 = 1.0,5-28-31-49-48-5 = 1.0,5-37-6-17-5 = 1.0,4-25-34-35-47-5 = 0.5,4-39-19-27-21-4 = 1.0,4-38-46-8-4 = 1.0,5-45-33-5 = 1.0,4-18-15-24-43-5 = 1.0,4-26-12-14-4 = 1.0,4-10-32-42-4 = 1.0,4-20-13-7-4 = 1.0,5-51-30-11-5 = 1.0,5-9-16-44-53-4 = 1.0
424,133,870.618,0.0,0.523,-1.0,Integer,,4-50-52-54-4 = 1.0,5-55-23-29-41-5 = 1.0,5-22-40-36-5 = 1.0,5-28-31-49-48-5 = 1.0,5-37-6-17-5 = 1.0,4-25-34-35-47-5 = 1.0,4-39-19-27-21-4 = 1.0,4-38-46-8-4 = 1.0,5-45-33-5 = 1.0,4-18-15-24-43-4 = 1.0,4-26-12-14-4 = 1.0,4-10-32-42-4 = 1.0,4-20-13-7-4 = 1.0,5-51-30-11-5 = 1.0,5-9-16-44-53-4 = 1.0
308,234,869.264,6.333,0.016,1.667,425,426,4-8-4 = 0.167,4-50-52-54-4 = 1.0,5-55-23-29-41-5 = 1.0,5-22-40-36-5 = 1.0,5-12-26-4 = 0.5,5-37-28-17-5 = 1.0,4-25-34-20-4 = 0.833,4-39-19-27-21-4 = 1.0,4-38-46-4 = 0.167,4-38-46-8-4 = 0.833,5-33-45-5 = 0.5,4-18-15-24-43-14-4 = 1.0,4-25-32-42-4 = 0.167,4-10-13-7-4 = 0.667,4-10-32-42-4 = 0.333,4-34-13-7-4 = 0.167,5-6-16-44-53-4 = 0.5,4-42-30-5 = 0.5,4-20-13-7-4 = 0.167,5-6-51-9-45-5 = 0.5,5-51-16-44-53-4 = 0.5,5-9-11-33-5 = 0.5,4-32-30-11-5 = 0.5,4-26-12-5 = 0.5,5-47-35-31-49-48-5 = 1.0
425,308,871.78,0.0,2.517,0.0,Prune by CG,,4-8-4 = 0.167,4-50-52-54-4 = 1.0,5-55-23-29-41-5 = 1.0,5-22-40-36-5 = 1.0,5-12-26-4 = 0.083,5-37-28-49-5 = 0.167,5-37-28-17-5 = 0.833,4-25-34-20-4 = 0.833,4-39-19-27-21-4 = 1.0,4-38-46-4 = 0.167,4-38-46-8-4 = 0.833,5-45-33-5 = 1.0,4-18-15-24-43-14-4 = 1.0,4-25-32-42-4 = 0.167,4-10-13-7-4 = 0.833,4-34-13-7-4 = 0.167,5-6-16-44-53-4 = 0.167,5-35-16-44-53-4 = 0.167,5-35-16-49-48-5 = 0.167,5-35-47-31-49-48-5 = 0.667,5-31-16-44-53-4 = 0.167,5-51-30-11-5 = 0.167,5-9-31-17-48-5 = 0.167,4-32-30-11-5 = 0.833,5-47-16-44-53-4 = 0.333,4-20-10-44-53-4 = 0.167,5-6-9-51-42-4 = 0.833,4-26-12-5 = 0.917
392,94,869.74,5.167,0.643,-1.333,427,428,4-8-4 = 0.167,4-50-52-54-4 = 1.0,5-55-23-29-41-5 = 1.0,5-22-40-36-5 = 1.0,5-37-28-17-5 = 0.833,4-25-34-20-4 = 1.0,4-39-19-27-21-4 = 1.0,4-38-46-4 = 0.167,4-38-46-8-4 = 0.833,5-45-33-5 = 0.667,4-18-15-24-43-5 = 1.0,5-6-28-49-48-5 = 0.167,4-26-12-14-4 = 0.833,4-26-42-32-4 = 0.167,4-10-13-7-4 = 1.0,5-6-17-48-5 = 0.083,5-6-16-44-53-4 = 0.167,4-42-30-5 = 0.333,5-35-47-31-49-48-5 = 0.75,5-35-47-9-45-5 = 0.083,5-31-16-44-53-4 = 0.25,5-51-16-44-53-4 = 0.5,5-9-30-11-5 = 0.333,5-9-11-33-5 = 0.333,4-32-30-11-5 = 0.333,5-9-16-44-53-4 = 0.083,5-37-12-5 = 0.167,5-6-17-49-45-5 = 0.083,5-35-47-9-45-14-4 = 0.167,5-6-51-32-42-4 = 0.5
427,392,871.517,0.0,1.778,0.0,Prune by CG,,4-8-4 = 0.154,4-50-52-54-4 = 1.0,5-55-23-29-41-5 = 1.0,5-22-40-36-5 = 1.0,5-37-28-17-5 = 0.846,5-28-31-49-48-5 = 0.154,4-25-34-20-4 = 0.872,4-39-19-21-4 = 0.154,4-39-19-27-21-4 = 0.692,4-39-19-27-44-49-5 = 0.154,4-38-46-4 = 0.154,4-38-46-8-4 = 0.846,4-26-24-14-4 = 0.077,4-26-18-15-43-5 = 0.077,5-33-45-5 = 1.0,4-18-15-24-43-5 = 0.923,4-26-12-14-4 = 0.846,4-25-34-53-4 = 0.128,4-13-7-27-21-4 = 0.154,4-10-13-7-4 = 0.846,4-10-32-30-14-4 = 0.026,4-42-30-5 = 0.205,5-35-16-44-53-4 = 0.051,5-35-47-16-11-5 = 0.231,5-35-47-31-49-48-5 = 0.692,5-31-16-44-53-4 = 0.154,5-9-30-11-5 = 0.564,4-32-30-11-5 = 0.205,5-47-16-44-53-4 = 0.077,4-20-10-44-53-4 = 0.128,5-9-16-44-53-4 = 0.436,5-12-37-5 = 0.154,5-6-51-32-42-4 = 0.744,5-6-35-16-51-32-4 = 0.026,5-6-51-16-53-4 = 0.026,5-6-51-17-48-5 = 0.154,5-6-51-42-14-4 = 0.051
223,186,869.628,6.692,1.037,-0.433,429,430,4-8-4 = 0.019,4-50-52-54-4 = 0.615,5-55-23-29-41-5 = 1.0,5-37-48-5 = 1.0,5-22-40-36-5 = 1.0,5-17-49-53-33-5 = 0.154,4-25-20-10-4 = 0.154,4-25-20-13-4 = 0.423,4-39-19-27-21-4 = 0.808,4-38-46-4 = 0.019,4-38-46-8-4 = 0.981,5-45-33-5 = 0.635,4-18-15-24-43-4 = 0.923,4-18-15-24-43-5 = 0.077,5-6-28-31-17-5 = 0.269,4-26-12-14-4 = 1.0,4-25-20-7-4 = 0.423,4-10-32-42-4 = 0.846,4-34-13-7-4 = 0.577,5-6-9-16-53-4 = 0.231,4-42-30-5 = 0.154,4-34-35-47-28-49-5 = 0.423,4-44-54-52-4 = 0.385,5-28-35-47-31-17-5 = 0.308,5-35-47-16-9-17-5 = 0.269,4-39-50-19-21-4 = 0.192,4-50-27-44-53-4 = 0.192,5-51-30-11-5 = 0.769,5-51-11-33-5 = 0.154,4-32-30-11-5 = 0.077,5-6-9-51-16-32-4 = 0.077,5-9-16-44-53-4 = 0.423,5-6-31-49-33-5 = 0.058,5-6-31-49-45-5 = 0.365
429,223,874.274,0.0,4.647,0.0,Prune by CG,,4-8-4 = 0.077,4-50-52-54-4 = 0.615,5-55-23-29-41-5 = 1.0,5-37-48-5 = 1.0,5-22-40-36-5 = 1.0,5-17-49-53-33-5 = 0.231,5-11-32-42-4 = 0.308,4-25-20-13-4 = 1.0,4-39-19-27-21-4 = 0.615,4-38-46-4 = 0.077,4-38-46-8-4 = 0.923,5-33-45-5 = 0.615,4-18-15-24-43-4 = 0.692,4-18-15-24-43-5 = 0.308,4-7-27-44-53-4 = 0.385,5-6-28-31-17-5 = 0.154,4-26-12-14-4 = 1.0,4-10-32-42-4 = 0.385,4-34-10-7-4 = 0.615,5-6-9-16-53-4 = 0.154,4-42-30-5 = 0.308,4-34-35-47-28-49-5 = 0.385,4-44-54-52-4 = 0.385,5-28-35-47-31-17-5 = 0.462,5-35-47-16-9-17-5 = 0.154,4-39-50-19-21-4 = 0.385,5-51-30-11-5 = 0.692,5-6-9-51-16-32-4 = 0.308,5-9-16-33-5 = 0.154,5-9-16-44-53-4 = 0.231,5-6-31-49-45-5 = 0.385
199,145,869.695,5.667,1.261,-0.735,431,432,4-8-4 = 0.014,4-50-52-54-4 = 1.0,5-55-23-29-41-5 = 1.0,5-37-48-5 = 1.0,5-22-40-36-5 = 1.0,5-17-49-53-33-5 = 0.125,5-28-31-45-5 = 0.125,5-28-31-44-53-4 = 0.083,4-25-20-13-4 = 0.222,4-25-34-20-4 = 0.556,4-39-19-21-4 = 0.333,4-39-19-27-21-4 = 0.333,4-39-19-27-44-49-5 = 0.333,4-38-46-4 = 0.014,4-38-46-8-4 = 0.986,5-33-45-5 = 0.875,4-18-15-24-43-4 = 0.458,4-18-15-24-43-5 = 0.542,4-26-12-14-4 = 1.0,4-25-20-7-4 = 0.222,4-13-7-27-21-4 = 0.333,4-10-32-42-4 = 1.0,4-34-13-7-4 = 0.444,5-35-16-9-31-49-5 = 0.167,5-51-30-11-5 = 1.0,5-9-16-31-17-5 = 0.25,5-6-47-35-28-17-5 = 0.625,5-6-35-47-31-49-53-4 = 0.208,5-9-16-44-53-4 = 0.583,5-6-28-47-31-49-5 = 0.167
431,199,872.045,0.0,2.35,0.0,Prune by CG,,4-50-52-54-4 = 1.0,5-55-23-29-41-5 = 1.0,5-37-48-5 = 1.0,5-22-40-36-5 = 1.0,5-28-31-45-5 = 0.333,4-25-34-20-4 = 1.0,4-39-19-21-4 = 0.5,4-39-19-27-44-49-5 = 0.5,4-38-46-8-4 = 1.0,5-33-45-5 = 0.667,4-18-15-24-43-4 = 1.0,4-26-12-14-4 = 1.0,4-13-7-53-4 = 0.333,4-13-7-27-21-4 = 0.5,4-10-32-42-4 = 1.0,5-51-30-11-5 = 1.0,5-9-16-31-17-5 = 0.333,5-6-35-47-28-17-5 = 0.667,5-6-47-35-31-49-53-4 = 0.333,5-9-16-33-5 = 0.333,5-9-16-44-53-4 = 0.333,4-13-7-44-49-5 = 0.167
432,199,870.851,0.0,1.156,0.0,Prune by CG,,4-8-4 = 0.048,4-50-52-54-4 = 1.0,5-55-23-29-41-5 = 1.0,5-37-48-5 = 1.0,5-22-40-36-5 = 1.0,5-17-49-53-33-5 = 0.143,5-12-35-31-49-5 = 0.286,5-28-31-45-5 = 0.143,4-25-20-10-4 = 0.619,4-25-20-13-4 = 0.19,4-39-19-21-4 = 0.143,4-39-19-27-21-4 = 0.714,4-39-19-27-44-49-5 = 0.143,4-38-46-4 = 0.048,4-38-46-8-4 = 0.952,5-33-45-5 = 0.857,4-18-15-24-43-5 = 0.714,4-18-15-24-43-14-4 = 0.286,4-26-12-14-4 = 0.714,4-26-42-32-4 = 0.286,4-25-20-7-4 = 0.19,4-13-7-27-21-4 = 0.143,4-10-32-42-4 = 0.381,4-34-13-7-4 = 0.667,4-34-32-42-4 = 0.333,5-51-30-11-5 = 1.0,5-9-16-31-17-5 = 0.143,5-6-35-47-28-17-5 = 0.571,5-9-16-44-53-4 = 0.857,5-6-35-47-31-17-49-5 = 0.143,5-6-28-47-31-49-5 = 0.286
195,173,869.953,6.511,1.59,-2.489,433,434,4-8-4 = 0.234,5-55-23-29-41-5 = 1.0,5-22-40-36-5 = 1.0,5-28-31-49-48-5 = 0.574,4-25-20-10-4 = 0.681,4-39-19-27-44-49-5 = 0.17,4-38-46-4 = 0.234,4-38-46-8-4 = 0.766,5-33-45-5 = 1.0,4-18-15-24-43-14-4 = 1.0,4-26-42-32-4 = 1.0,4-25-34-53-4 = 0.213,4-13-7-27-21-4 = 0.17,4-10-16-51-9-5 = 0.064,4-34-13-7-4 = 0.66,5-6-17-48-5 = 0.426,5-6-9-16-53-4 = 0.362,5-6-9-51-30-5 = 0.191,4-34-35-47-28-49-5 = 0.128,4-44-54-52-4 = 0.511,4-20-13-7-4 = 0.17,5-28-35-47-31-17-5 = 0.298,5-35-47-16-11-5 = 0.17,5-35-47-16-31-49-5 = 0.128,5-35-47-16-9-17-5 = 0.277,4-39-50-19-21-4 = 0.83,4-50-27-44-53-4 = 0.17,5-51-30-11-5 = 0.723,5-9-30-11-5 = 0.085,4-20-10-44-53-4 = 0.149,4-27-52-54-4 = 0.489,5-37-12-5 = 1.0,4-25-10-53-4 = 0.106,5-6-9-51-11-5 = 0.021
433,195,873.195,0.0,3.242,0.0,Prune by CG,,4-8-4 = 0.162,5-55-23-29-41-5 = 1.0,5-22-40-36-5 = 1.0,5-28-31-49-48-5 = 0.478,4-25-20-10-4 = 0.591,4-39-19-27-21-4 = 0.4,4-38-46-4 = 0.162,4-38-46-8-4 = 0.838,5-33-45-5 = 1.0,4-18-15-24-43-14-4 = 1.0,4-26-42-32-4 = 1.0,4-25-34-53-4 = 0.203,4-10-16-51-9-5 = 0.13,4-34-13-7-4 = 0.464,4-34-20-10-4 = 0.072,5-6-17-48-5 = 0.522,5-6-9-16-53-4 = 0.391,5-6-9-51-30-5 = 0.043,4-34-35-47-28-49-5 = 0.261,4-44-54-52-4 = 0.8,4-20-13-7-4 = 0.336,5-28-35-47-31-17-5 = 0.261,5-35-47-16-31-49-5 = 0.261,5-35-47-16-9-17-5 = 0.217,4-39-50-19-21-4 = 0.6,5-51-30-11-5 = 0.783,5-9-30-11-5 = 0.174,5-12-37-5 = 1.0,4-50-27-44-54-4 = 0.2,4-25-10-53-4 = 0.206,5-6-9-51-11-5 = 0.043,4-13-27-52-4 = 0.2,4-50-27-7-53-4 = 0.2
434,195,871.747,0.0,1.794,0.0,Prune by CG,,4-8-4 = 0.267,5-55-23-29-41-5 = 1.0,5-22-40-36-5 = 1.0,5-28-31-49-48-5 = 0.667,4-25-20-10-4 = 0.667,4-38-46-4 = 0.267,4-38-46-8-4 = 0.733,5-33-45-5 = 1.0,4-18-15-24-43-14-4 = 1.0,4-26-42-32-4 = 1.0,4-25-34-53-4 = 0.333,4-34-13-7-4 = 0.667,5-6-17-48-5 = 0.333,5-6-16-44-53-4 = 0.2,5-6-9-51-30-5 = 0.4,5-28-35-47-31-17-5 = 0.333,5-35-47-16-11-5 = 0.333,5-35-47-16-9-17-5 = 0.333,4-39-50-19-21-4 = 1.0,5-51-30-11-5 = 0.533,5-9-30-11-5 = 0.067,4-20-10-44-53-4 = 0.333,4-27-52-54-4 = 1.0,5-9-16-44-53-4 = 0.133,5-12-37-5 = 1.0,4-13-7-44-49-5 = 0.333,5-6-9-51-11-5 = 0.067
205,194,869.488,8.167,0.984,0.648,435,436,4-8-4 = 0.083,4-50-52-54-4 = 1.0,5-55-23-29-41-5 = 1.0,5-37-48-5 = 1.0,5-22-40-36-5 = 1.0,5-12-30-5 = 0.333,4-25-34-20-4 = 0.75,4-39-19-21-4 = 0.25,4-39-19-27-21-4 = 0.5,4-39-19-27-44-49-5 = 0.25,4-38-46-4 = 0.083,4-38-46-8-4 = 0.917,4-18-15-24-43-4 = 0.667,4-18-15-24-43-14-4 = 0.333,4-26-12-14-4 = 0.667,4-26-42-32-4 = 0.333,4-25-34-53-4 = 0.25,4-13-7-27-21-4 = 0.25,4-10-13-7-4 = 0.5,4-10-32-42-4 = 0.5,5-6-16-44-53-4 = 0.417,4-42-30-5 = 0.167,4-20-13-7-4 = 0.25,5-28-35-47-31-17-5 = 0.75,5-35-47-16-31-49-5 = 0.25,5-6-51-9-45-5 = 0.333,5-51-30-11-5 = 0.333,5-51-16-45-5 = 0.167,5-51-16-44-53-4 = 0.167,5-9-11-33-5 = 0.667,4-32-44-53-33-5 = 0.167,5-33-30-5 = 0.167,5-6-17-49-45-5 = 0.25,5-28-49-45-5 = 0.25
436,205,875.342,0.0,5.853,0.0,Prune by CG,,4-50-52-54-4 = 1.0,5-55-23-29-41-5 = 1.0,5-37-48-5 = 1.0,5-22-40-36-5 = 1.0,5-12-30-5 = 0.167,5-12-28-17-5 = 0.333,4-25-34-20-4 = 1.0,4-39-19-21-4 = 1.0,4-38-46-8-4 = 1.0,4-18-15-24-43-4 = 0.75,4-18-15-24-43-14-4 = 0.25,4-7-27-44-53-4 = 0.5,5-6-28-31-17-5 = 0.333,4-26-12-14-4 = 0.5,4-26-42-32-4 = 0.5,4-10-13-7-4 = 0.5,4-10-32-42-4 = 0.25,4-10-32-30-14-4 = 0.25,4-42-30-4 = 0.25,5-28-35-47-33-5 = 0.333,5-35-47-16-31-49-5 = 0.667,5-6-51-9-45-5 = 0.333,5-51-30-11-5 = 0.333,5-51-16-45-5 = 0.333,5-9-11-33-5 = 0.667,5-6-17-49-45-5 = 0.333,4-13-27-44-53-4 = 0.5
435,205,869.629,7.3,0.14,-0.867,437,438,4-8-4 = 0.15,4-50-52-54-4 = 1.0,5-55-23-29-41-5 = 1.0,5-37-48-5 = 1.0,5-22-40-36-5 = 1.0,5-12-30-5 = 0.2,5-12-45-5 = 0.1,5-12-28-17-5 = 0.2,4-25-34-20-4 = 0.95,4-39-19-27-21-4 = 1.0,4-38-46-4 = 0.15,4-38-46-8-4 = 0.85,4-18-15-24-43-4 = 0.5,4-18-15-24-43-14-4 = 0.5,4-26-12-14-4 = 0.5,4-26-42-32-4 = 0.5,4-25-34-53-4 = 0.05,4-10-13-7-4 = 0.9,4-10-32-42-4 = 0.1,5-6-16-44-53-4 = 0.35,4-42-30-4 = 0.3,4-42-30-5 = 0.1,4-20-13-7-4 = 0.05,5-28-35-47-31-17-5 = 0.55,5-35-47-16-31-49-5 = 0.45,5-6-51-9-45-5 = 0.4,5-51-30-11-5 = 0.4,5-51-16-44-53-4 = 0.2,5-9-11-33-5 = 0.6,4-32-44-53-33-5 = 0.4,5-6-17-49-45-5 = 0.25,5-28-49-45-5 = 0.25,4-13-7-44-49-5 = 0.05
438,435,869.844,5.433,0.215,-1.867,439,440,4-8-4 = 0.083,4-50-52-54-4 = 1.0,5-55-23-29-41-5 = 1.0,5-37-48-5 = 1.0,5-22-40-36-5 = 1.0,5-12-28-17-5 = 0.033,5-16-32-42-4 = 0.267,4-25-34-20-4 = 0.883,4-39-19-27-21-4 = 1.0,4-38-46-4 = 0.083,4-38-46-8-4 = 0.917,4-18-15-24-43-4 = 1.0,4-26-12-14-4 = 0.967,4-26-42-32-4 = 0.033,4-25-34-53-4 = 0.117,4-10-13-7-4 = 0.767,4-10-32-42-4 = 0.2,4-10-32-30-14-4 = 0.033,5-6-16-44-53-4 = 0.283,4-42-30-4 = 0.367,4-42-30-5 = 0.133,4-20-13-7-4 = 0.117,5-28-35-47-31-17-5 = 0.683,5-35-47-16-31-49-5 = 0.317,5-6-51-9-45-5 = 0.433,5-51-30-11-5 = 0.433,5-51-16-44-53-4 = 0.133,5-9-11-33-5 = 0.567,4-32-44-53-33-5 = 0.433,4-32-30-44-53-4 = 0.033,5-6-17-49-45-5 = 0.283,5-28-49-45-5 = 0.283,4-13-7-44-49-5 = 0.117
439,438,871.918,0.0,2.075,0.0,Prune by CG,,4-50-52-54-4 = 1.0,5-55-23-29-41-5 = 1.0,5-37-48-5 = 1.0,5-22-40-36-5 = 1.0,5-17-49-45-5 = 0.286,5-17-49-53-33-5 = 0.143,5-11-32-42-4 = 0.286,4-25-34-20-4 = 1.0,4-39-19-27-21-4 = 1.0,4-38-46-8-4 = 1.0,4-18-15-24-43-4 = 1.0,4-26-12-14-4 = 1.0,4-10-13-7-4 = 0.857,4-10-32-42-4 = 0.143,5-6-9-51-33-5 = 0.714,4-42-30-4 = 0.286,4-42-30-5 = 0.286,5-28-35-47-31-17-5 = 0.571,5-35-16-44-53-4 = 0.143,5-35-47-16-11-5 = 0.286,5-6-51-9-45-5 = 0.286,5-31-16-44-53-4 = 0.429,4-32-30-11-5 = 0.429,5-47-16-44-53-4 = 0.143,4-32-44-53-33-5 = 0.143,5-28-49-45-5 = 0.429,4-13-7-44-49-5 = 0.143
440,438,870.633,0.0,0.789,0.0,Prune by CG,,4-8-4 = 0.102,4-50-52-54-4 = 1.0,5-55-23-29-41-5 = 1.0,5-37-48-5 = 1.0,5-22-40-36-5 = 1.0,5-12-45-5 = 0.143,4-25-34-20-4 = 1.0,4-39-19-27-21-4 = 1.0,4-38-46-4 = 0.102,4-38-46-8-4 = 0.898,4-18-15-24-43-4 = 0.796,4-18-15-24-43-5 = 0.204,4-26-12-14-4 = 0.857,4-26-42-32-4 = 0.143,4-10-13-7-4 = 1.0,5-6-16-44-53-4 = 0.571,4-42-30-5 = 0.49,5-28-35-47-33-5 = 0.041,5-28-35-47-31-17-5 = 0.653,5-35-47-16-31-49-5 = 0.286,5-51-30-11-5 = 0.449,5-51-16-45-5 = 0.122,5-9-11-33-5 = 0.551,5-47-16-32-44-53-4 = 0.02,5-6-35-9-45-5 = 0.02,4-32-44-53-33-5 = 0.408,5-6-17-49-45-5 = 0.347,5-6-31-49-45-5 = 0.061,5-28-49-45-5 = 0.224,5-28-49-45-14-4 = 0.082,5-9-51-32-30-14-4 = 0.061,5-9-51-32-42-4 = 0.367
357,162,869.688,2.333,0.279,-0.667,441,442,4-8-4 = 0.167,4-50-52-54-4 = 1.0,5-55-23-29-41-5 = 1.0,5-22-40-36-5 = 1.0,5-37-28-17-5 = 1.0,4-25-20-10-4 = 1.0,4-39-19-27-21-4 = 1.0,4-38-46-4 = 0.167,4-38-46-8-4 = 0.833,5-33-45-5 = 0.833,4-18-15-24-43-5 = 1.0,4-26-12-14-4 = 1.0,4-34-13-7-4 = 1.0,5-6-16-44-53-4 = 1.0,4-42-30-5 = 0.167,5-35-47-31-49-48-5 = 1.0,5-51-30-11-5 = 0.333,5-9-30-11-5 = 0.167,5-9-11-33-5 = 0.167,4-32-30-11-5 = 0.333,4-42-45-5 = 0.167,5-9-51-32-42-4 = 0.667
441,357,870.682,0.0,0.994,0.0,Prune by CG,,4-8-4 = 0.25,4-50-52-54-4 = 1.0,5-55-23-29-41-5 = 1.0,5-22-40-36-5 = 1.0,5-12-45-5 = 0.5,5-37-28-17-5 = 1.0,4-25-20-10-4 = 1.0,4-39-19-27-21-4 = 1.0,4-38-46-4 = 0.25,4-38-46-8-4 = 0.75,5-33-45-5 = 0.25,4-18-15-24-43-5 = 1.0,4-26-12-14-4 = 0.5,4-26-42-32-4 = 0.5,4-34-13-7-4 = 1.0,5-6-16-44-53-4 = 1.0,5-51-30-11-5 = 0.5,5-9-11-33-5 = 0.5,5-47-35-31-49-48-5 = 1.0,4-42-45-5 = 0.25,5-9-51-32-30-14-4 = 0.5,4-42-33-5 = 0.25
263,151,869.542,4.962,0.76,0.373,443,444,4-8-4 = 0.212,4-50-52-54-4 = 1.0,5-55-23-29-41-5 = 1.0,5-22-40-36-5 = 1.0,5-11-32-42-4 = 0.346,5-28-31-49-48-5 = 1.0,5-37-6-17-5 = 0.558,4-25-20-10-4 = 1.0,4-39-19-27-21-4 = 1.0,4-38-46-4 = 0.212,4-38-46-8-4 = 0.788,5-45-33-5 = 0.808,4-18-15-24-43-5 = 1.0,4-26-12-14-4 = 0.865,4-26-42-32-4 = 0.135,4-34-13-7-4 = 1.0,4-42-30-5 = 0.269,5-35-16-44-53-4 = 0.308,5-35-47-16-11-5 = 0.115,5-35-47-16-9-17-5 = 0.442,5-35-47-16-51-32-14-4 = 0.135,5-6-51-9-45-5 = 0.192,5-51-30-11-5 = 0.423,5-9-11-33-5 = 0.115,4-32-44-53-33-5 = 0.077,4-32-30-44-53-4 = 0.308,5-12-37-5 = 0.135,5-6-9-51-42-4 = 0.25,5-37-47-44-53-4 = 0.308
443,263,870.868,0.0,1.326,0.0,Prune by CG,,4-8-4 = 0.13,4-50-52-54-4 = 1.0,5-55-23-29-41-5 = 1.0,5-22-40-36-5 = 1.0,5-28-31-49-48-5 = 1.0,5-37-6-17-5 = 1.0,4-25-20-10-4 = 1.0,5-12-47-44-53-4 = 0.222,4-39-19-27-21-4 = 1.0,4-38-46-4 = 0.13,4-38-46-8-4 = 0.87,5-45-33-5 = 0.796,4-18-15-24-43-5 = 1.0,4-26-12-14-4 = 0.778,4-26-42-32-4 = 0.222,4-34-13-7-4 = 1.0,4-42-30-5 = 0.13,5-35-16-44-53-4 = 0.444,5-35-47-16-11-5 = 0.481,5-35-47-16-51-9-5 = 0.074,5-51-30-11-5 = 0.259,5-9-30-11-5 = 0.056,5-9-11-33-5 = 0.204,4-32-30-44-53-4 = 0.333,4-42-45-5 = 0.204,5-9-51-32-42-4 = 0.444,5-47-9-51-30-14-4 = 0.222
444,263,871.209,0.0,1.667,0.0,Prune by CG,,4-8-4 = 0.222,4-50-52-54-4 = 1.0,5-55-23-29-41-5 = 1.0,5-22-40-36-5 = 1.0,5-28-31-49-48-5 = 0.778,4-25-20-10-4 = 1.0,4-39-19-27-21-4 = 1.0,4-38-46-4 = 0.222,4-38-46-8-4 = 0.778,4-26-42-14-4 = 0.556,5-45-33-5 = 0.667,4-18-15-24-43-4 = 0.111,4-18-15-24-43-5 = 0.889,5-6-28-31-17-5 = 0.222,4-26-12-14-4 = 0.222,4-26-42-32-4 = 0.222,4-34-13-7-4 = 1.0,5-6-17-48-5 = 0.222,5-35-16-44-53-4 = 0.222,5-35-47-16-11-5 = 0.222,5-35-47-16-9-17-5 = 0.333,5-35-47-16-51-32-14-4 = 0.222,5-6-51-9-45-5 = 0.111,5-51-30-11-5 = 0.444,5-9-11-33-5 = 0.333,4-32-30-44-53-4 = 0.556,5-12-37-5 = 0.778,5-6-17-49-45-5 = 0.222,5-6-9-51-42-4 = 0.222,5-37-47-44-53-4 = 0.222
386,201,869.83,7.429,0.344,-1.294,445,446,4-8-4 = 0.349,4-50-52-54-4 = 0.333,5-55-23-29-41-5 = 1.0,5-37-48-5 = 1.0,5-22-40-36-5 = 1.0,5-12-42-4 = 1.0,5-28-31-45-5 = 0.167,5-16-9-45-5 = 0.405,4-25-20-10-4 = 0.294,4-39-19-27-44-49-5 = 0.333,4-38-46-4 = 0.016,4-38-46-8-4 = 0.651,4-38-46-19-27-21-4 = 0.333,4-18-15-24-43-4 = 0.214,4-18-15-24-43-5 = 0.079,4-18-15-24-43-14-4 = 0.706,4-25-34-53-4 = 0.706,4-10-13-7-4 = 0.294,4-10-32-30-14-4 = 0.294,4-44-54-52-4 = 0.667,4-20-13-7-4 = 0.706,4-39-50-27-21-4 = 0.333,4-39-50-19-21-4 = 0.333,5-51-11-33-5 = 0.881,5-9-11-33-5 = 0.119,5-9-16-31-17-5 = 0.238,5-6-47-16-31-49-5 = 0.238,5-6-47-35-28-17-5 = 0.762,4-26-34-53-4 = 0.294,4-26-32-30-5 = 0.706,5-9-31-49-45-5 = 0.119,5-35-31-49-45-5 = 0.238,5-9-51-16-10-4 = 0.119,5-28-49-45-5 = 0.071
190,187,869.524,7.592,1.232,0.479,447,448,4-50-52-54-4 = 0.333,5-55-23-29-41-5 = 1.0,5-37-48-5 = 0.208,5-22-40-36-5 = 1.0,5-37-28-17-5 = 0.583,5-17-49-53-33-5 = 0.042,5-12-42-4 = 1.0,5-28-31-49-48-5 = 0.417,4-25-20-10-4 = 0.3,4-25-34-20-4 = 0.042,4-39-19-27-44-49-5 = 0.333,4-38-46-4 = 0.667,4-38-46-19-27-21-4 = 0.333,4-26-24-14-4 = 1.0,5-45-33-5 = 0.95,4-8-18-15-43-4 = 0.975,4-8-18-15-43-5 = 0.025,4-25-34-53-4 = 0.6,4-10-13-7-4 = 0.342,4-34-10-32-53-4 = 0.358,4-44-54-52-4 = 0.667,4-20-13-7-4 = 0.658,4-39-50-27-21-4 = 0.333,4-39-50-19-21-4 = 0.333,5-51-30-11-5 = 0.408,5-9-11-33-5 = 0.008,5-9-31-17-48-5 = 0.375,4-32-30-11-5 = 0.583,5-6-47-35-16-51-5 = 0.592,5-6-35-47-16-9-5 = 0.408,4-25-32-30-5 = 0.008,5-37-9-31-49-5 = 0.208,4-25-32-45-5 = 0.05
447,190,874.427,0.0,4.903,0.0,Prune by CG,,4-50-52-54-4 = 0.333,5-55-23-29-41-5 = 1.0,5-22-40-36-5 = 1.0,5-37-28-49-5 = 0.396,5-37-28-17-5 = 0.302,5-37-28-31-5 = 0.302,5-12-42-4 = 1.0,5-45-49-48-5 = 0.27,4-25-20-10-4 = 0.308,4-39-19-27-44-49-5 = 0.333,4-38-46-4 = 0.667,4-38-46-19-27-21-4 = 0.333,4-26-24-14-4 = 1.0,5-45-33-5 = 0.73,4-8-18-15-43-4 = 1.0,4-25-34-53-4 = 0.692,4-10-13-7-4 = 0.346,4-34-10-32-53-4 = 0.27,4-34-20-10-4 = 0.038,4-44-54-52-4 = 0.667,4-20-13-7-4 = 0.654,4-39-50-27-21-4 = 0.333,4-39-50-19-21-4 = 0.333,5-51-30-11-5 = 0.17,5-51-11-33-5 = 0.101,5-9-31-17-48-5 = 0.698,4-32-30-11-5 = 0.73,5-6-47-35-16-51-5 = 0.698,5-6-47-35-16-9-5 = 0.302,4-10-53-33-5 = 0.038,5-33-30-4 = 0.101,5-51-33-48-5 = 0.031
448,190,871.72,0.0,2.197,0.0,Prune by CG,,4-50-52-54-4 = 0.333,5-55-23-29-41-5 = 1.0,5-37-48-5 = 0.667,5-37-31-17-5 = 0.167,5-22-40-36-5 = 1.0,5-37-51-9-17-5 = 0.167,5-17-49-53-33-5 = 0.5,5-12-42-4 = 1.0,5-28-31-45-5 = 0.5,5-28-31-49-48-5 = 0.167,5-28-31-9-51-32-4 = 0.167,4-25-20-10-4 = 0.167,4-25-34-20-4 = 0.5,4-39-19-27-44-49-5 = 0.333,4-38-46-4 = 0.667,4-38-46-19-27-21-4 = 0.333,4-26-24-14-4 = 1.0,5-45-33-5 = 0.5,4-8-18-15-43-4 = 0.833,4-8-18-15-43-5 = 0.167,4-25-34-53-4 = 0.333,4-10-13-7-4 = 0.667,4-34-10-32-53-4 = 0.167,4-44-54-52-4 = 0.667,4-20-13-7-4 = 0.333,5-28-17-48-5 = 0.167,4-39-50-27-21-4 = 0.333,4-39-50-19-21-4 = 0.333,5-51-30-11-5 = 0.333,4-32-30-11-5 = 0.667,5-6-47-35-16-51-5 = 0.333,5-6-47-35-16-9-5 = 0.667
236,135,869.614,6.0,0.761,-0.0,449,450,4-8-4 = 0.167,5-55-23-29-41-5 = 1.0,5-22-40-36-5 = 1.0,5-28-31-49-48-5 = 1.0,5-37-6-17-5 = 0.667,4-25-34-20-4 = 1.0,4-39-19-27-21-4 = 0.333,4-38-46-4 = 0.167,4-38-46-8-4 = 0.833,5-45-33-5 = 0.833,4-18-15-24-43-4 = 0.333,4-18-15-24-43-5 = 0.667,4-26-12-14-4 = 0.667,4-26-42-32-4 = 0.333,4-10-13-7-4 = 1.0,4-44-54-52-4 = 0.667,5-35-47-16-9-17-5 = 0.333,5-35-47-16-32-53-4 = 0.333,5-35-47-9-16-53-4 = 0.333,4-39-50-19-21-4 = 0.667,4-50-27-44-53-14-4 = 0.333,5-51-30-11-5 = 1.0,4-27-52-54-4 = 0.333,5-12-37-5 = 0.333,4-42-45-5 = 0.167,4-42-33-5 = 0.167,5-6-9-32-42-4 = 0.333
449,236,878.002,0.0,8.388,0.0,Prune by CG,,5-55-23-29-41-5 = 1.0,5-22-40-36-5 = 1.0,5-28-31-49-48-5 = 1.0,5-37-6-17-5 = 1.0,4-25-34-20-4 = 1.0,4-39-19-27-21-4 = 1.0,4-38-46-8-4 = 1.0,5-45-33-5 = 1.0,4-18-15-24-43-5 = 1.0,4-26-12-14-4 = 1.0,4-10-32-42-4 = 1.0,4-44-54-52-4 = 1.0,5-35-47-9-16-53-4 = 1.0,5-51-30-11-5 = 1.0,4-50-13-7-4 = 1.0
450,236,870.697,0.0,1.083,0.0,Prune by CG,,5-55-23-29-41-5 = 1.0,5-22-40-36-5 = 1.0,5-28-31-49-48-5 = 1.0,5-37-6-17-5 = 0.5,4-25-34-20-4 = 1.0,4-39-19-21-4 = 0.5,4-38-46-8-4 = 1.0,4-26-42-14-4 = 0.5,5-45-33-5 = 1.0,4-18-15-24-43-5 = 1.0,4-26-12-14-4 = 0.5,4-10-13-7-4 = 1.0,4-44-54-52-4 = 0.5,5-35-47-16-9-17-5 = 0.5,5-35-47-16-32-53-4 = 0.5,4-39-50-19-21-4 = 0.5,4-50-27-44-53-4 = 0.5,5-51-30-11-5 = 1.0,4-27-52-54-4 = 0.5,5-12-37-5 = 0.5,5-6-9-32-42-4 = 0.5
341,174,869.733,8.0,0.553,-0.667,451,452,5-55-23-29-41-5 = 1.0,5-22-40-36-5 = 1.0,5-12-26-4 = 0.5,5-37-28-17-5 = 0.667,5-37-9-11-5 = 0.333,5-28-31-49-48-5 = 0.333,4-25-20-10-4 = 0.333,4-39-19-27-21-4 = 0.333,4-38-46-8-4 = 1.0,5-33-45-5 = 1.0,4-18-15-24-43-14-4 = 1.0,4-25-34-53-4 = 0.667,4-10-32-42-4 = 0.667,4-34-13-7-4 = 0.333,5-6-17-48-5 = 0.333,5-6-9-51-30-5 = 0.333,4-42-30-5 = 0.333,4-44-54-52-4 = 0.667,4-20-13-7-4 = 0.667,5-35-47-16-11-5 = 0.333,5-35-47-16-31-49-5 = 0.333,5-35-47-31-49-48-5 = 0.333,4-39-50-19-21-4 = 0.667,4-50-27-44-53-4 = 0.333,5-51-30-11-5 = 0.333,5-6-9-51-16-32-4 = 0.333,4-27-52-54-4 = 0.333,4-26-12-5 = 0.5
451,341,873.777,0.0,4.044,0.0,Prune by CG,,5-55-23-29-41-5 = 1.0,5-22-40-36-5 = 1.0,5-12-26-4 = 0.571,5-37-9-11-5 = 0.571,5-37-51-9-17-5 = 0.286,5-28-31-49-48-5 = 0.429,4-25-20-10-4 = 0.429,4-39-19-27-21-4 = 0.286,4-38-46-8-4 = 1.0,5-45-33-5 = 1.0,4-18-15-24-43-14-4 = 1.0,4-25-34-53-4 = 0.429,4-25-32-42-4 = 0.143,4-10-32-30-5 = 0.143,4-10-32-42-4 = 0.429,4-34-13-7-4 = 0.429,5-6-17-48-5 = 0.571,5-6-16-44-53-4 = 0.143,4-42-30-5 = 0.429,4-34-35-47-28-49-5 = 0.143,4-44-54-52-4 = 0.571,4-20-13-7-4 = 0.571,5-28-35-47-31-17-5 = 0.143,5-35-47-16-31-49-5 = 0.429,4-39-50-19-21-4 = 0.714,4-50-27-44-53-4 = 0.286,5-51-30-11-5 = 0.429,4-27-52-54-4 = 0.429,5-28-47-16-53-4 = 0.143,4-26-12-5 = 0.429,5-6-35-16-51-32-4 = 0.286,5-37-28-47-9-5 = 0.143
325,278,869.715,4.857,0.329,-0.365,453,454,4-8-4 = 0.071,4-50-52-54-4 = 1.0,5-35-47-34-10-4 = 0.5,5-55-23-29-41-5 = 1.0,5-22-40-36-5 = 1.0,5-28-31-49-48-5 = 0.714,5-37-6-17-5 = 0.857,5-16-9-45-5 = 0.071,4-39-19-27-21-4 = 1.0,4-38-46-4 = 0.071,4-38-46-8-4 = 0.929,4-26-24-14-4 = 0.071,4-26-18-15-43-5 = 0.071,5-45-33-5 = 0.786,4-18-15-24-43-5 = 0.929,4-26-12-14-4 = 0.857,4-25-32-42-4 = 0.929,4-10-32-30-14-4 = 0.071,4-34-10-7-4 = 0.286,4-42-30-5 = 0.071,4-34-35-47-28-49-5 = 0.143,4-20-13-7-4 = 0.714,4-20-13-44-53-4 = 0.286,5-28-17-48-5 = 0.143,5-35-47-16-10-4 = 0.143,5-6-51-9-45-5 = 0.143,5-31-16-44-53-4 = 0.143,5-51-30-11-5 = 0.786,5-9-11-33-5 = 0.214,5-9-16-44-53-4 = 0.571,5-37-12-5 = 0.143,5-47-35-31-49-48-5 = 0.143,4-25-51-30-5 = 0.071,4-34-35-47-16-5 = 0.071
454,325,870.902,0.0,1.186,0.0,Prune by CG,,4-8-4 = 0.059,4-50-52-54-4 = 1.0,5-55-23-29-41-5 = 1.0,5-22-40-36-5 = 1.0,5-28-31-49-48-5 = 0.882,5-37-6-17-5 = 0.882,4-39-19-27-21-4 = 1.0,4-38-46-4 = 0.059,4-38-46-8-4 = 0.941,4-26-24-14-4 = 0.059,4-26-18-15-43-4 = 0.059,5-45-33-5 = 0.706,4-18-15-24-43-4 = 0.294,4-18-15-24-43-5 = 0.647,4-26-12-14-4 = 0.882,4-25-32-42-4 = 1.0,4-34-44-53-4 = 0.294,4-34-10-7-4 = 0.412,5-6-9-51-30-5 = 0.118,4-20-13-7-4 = 0.588,4-20-13-44-53-4 = 0.412,5-28-47-35-33-5 = 0.118,5-35-47-16-10-4 = 0.588,5-35-47-16-9-17-5 = 0.118,5-51-30-11-5 = 0.824,5-9-11-33-5 = 0.176,5-9-16-44-53-4 = 0.294,5-37-12-5 = 0.118,5-47-35-31-49-48-5 = 0.118,5-35-47-51-30-14-4 = 0.059,4-34-9-45-5 = 0.294
388,132,869.812,7.222,0.426,-0.823,455,456,4-50-52-54-4 = 0.556,5-55-23-29-41-5 = 1.0,5-22-40-36-5 = 1.0,5-37-28-17-5 = 0.444,5-12-42-4 = 1.0,5-28-31-49-48-5 = 0.444,5-37-6-17-5 = 0.556,5-16-9-45-5 = 0.444,4-46-19-27-7-4 = 0.111,4-25-20-10-4 = 0.889,4-39-19-27-21-4 = 0.556,4-38-46-4 = 0.889,4-26-24-14-4 = 1.0,5-45-33-5 = 0.444,4-8-18-15-43-5 = 1.0,5-6-28-49-48-5 = 0.111,4-34-10-32-53-4 = 0.111,4-34-13-7-4 = 0.889,5-6-9-51-30-5 = 0.333,4-44-54-52-4 = 0.444,4-20-13-44-53-4 = 0.111,5-35-47-16-11-5 = 0.111,5-35-47-16-32-53-4 = 0.333,5-35-47-31-16-32-4 = 0.111,5-35-47-31-49-48-5 = 0.444,4-39-50-27-21-4 = 0.222,4-39-50-19-21-4 = 0.222,5-51-30-11-5 = 0.667,5-9-11-33-5 = 0.222,4-38-19-27-44-53-4 = 0.111,4-32-44-53-33-5 = 0.333,4-25-32-45-5 = 0.111
295,115,869.678,5.711,0.737,-0.067,457,458,4-8-4 = 0.178,5-55-23-29-41-5 = 1.0,5-22-40-36-5 = 1.0,5-17-49-45-5 = 0.1,5-17-49-53-33-5 = 0.1,4-25-20-10-4 = 0.189,4-25-34-20-4 = 0.244,4-39-19-27-21-4 = 0.333,4-38-46-4 = 0.178,4-38-46-8-4 = 0.822,5-45-33-5 = 0.9,4-18-15-24-43-14-4 = 1.0,5-6-28-49-48-5 = 0.8,5-6-28-31-17-5 = 0.2,4-26-42-32-4 = 1.0,4-25-34-53-4 = 0.567,4-10-13-7-4 = 0.622,4-34-20-10-4 = 0.189,4-44-54-52-4 = 0.667,4-20-13-7-4 = 0.378,5-35-47-16-9-17-5 = 0.4,5-35-47-31-16-9-5 = 0.6,4-39-50-19-21-4 = 0.667,4-50-27-44-53-4 = 0.333,5-51-30-11-5 = 1.0,4-27-52-54-4 = 0.333,5-12-37-5 = 1.0,5-31-17-48-5 = 0.2
458,295,871.011,0.0,1.333,0.0,Prune by CG,,4-8-4 = 0.25,5-55-23-29-41-5 = 1.0,5-22-40-36-5 = 1.0,5-17-49-53-33-5 = 0.2,4-25-20-10-4 = 0.85,4-39-19-27-21-4 = 0.25,4-38-46-4 = 0.25,4-38-46-8-4 = 0.75,5-45-33-5 = 0.65,4-18-15-24-43-14-4 = 1.0,5-6-28-49-48-5 = 0.8,5-6-28-31-17-5 = 0.2,4-26-42-32-4 = 0.85,4-25-32-42-4 = 0.1,4-34-13-7-4 = 0.85,4-44-54-52-4 = 0.5,4-20-13-7-4 = 0.15,5-35-47-16-9-17-5 = 0.4,5-35-47-31-16-9-5 = 0.35,5-35-47-9-45-5 = 0.25,4-39-50-19-21-4 = 0.75,4-50-27-44-53-4 = 0.25,5-31-16-44-53-4 = 0.25,5-51-30-11-5 = 1.0,4-10-53-33-5 = 0.15,4-26-34-53-4 = 0.15,4-27-52-54-4 = 0.5,5-37-12-5 = 1.0,4-42-45-5 = 0.05,4-25-32-45-5 = 0.05,5-31-17-48-5 = 0.2
176,141,869.843,4.0,1.302,-1.0,459,460,4-8-4 = 0.167,4-50-52-54-4 = 1.0,5-55-23-29-41-5 = 1.0,5-22-40-36-5 = 1.0,5-37-28-17-5 = 1.0,5-16-9-45-5 = 0.167,4-39-19-27-21-4 = 1.0,4-38-46-4 = 0.167,4-38-46-8-4 = 0.833,5-45-33-5 = 0.833,4-18-15-24-43-5 = 1.0,4-26-12-14-4 = 1.0,4-25-32-42-4 = 1.0,4-10-13-7-4 = 0.5,4-34-20-10-4 = 0.5,4-20-13-7-4 = 0.5,5-35-16-44-53-4 = 0.167,5-35-16-9-31-49-5 = 0.167,5-35-34-44-53-4 = 0.5,5-51-30-11-5 = 1.0,5-6-47-35-16-9-5 = 0.167,5-6-47-31-49-48-5 = 0.833,5-9-16-44-53-4 = 0.333,5-9-33-48-5 = 0.167
459,176,873.266,0.0,3.423,0.0,Prune by CG,,4-8-4 = 0.167,4-50-52-54-4 = 1.0,5-55-23-29-41-5 = 1.0,5-22-40-36-5 = 1.0,5-37-28-17-5 = 1.0,5-16-9-45-5 = 0.167,4-39-19-27-21-4 = 1.0,4-38-46-4 = 0.167,4-38-46-8-4 = 0.833,5-45-33-5 = 0.833,4-18-15-24-43-5 = 1.0,4-26-12-14-4 = 1.0,4-25-32-42-4 = 1.0,4-10-13-7-4 = 0.5,4-34-20-7-4 = 0.5,5-35-16-44-53-4 = 0.167,5-35-16-9-31-49-5 = 0.167,5-35-34-44-53-4 = 0.5,5-51-30-11-5 = 1.0,5-6-47-35-16-9-5 = 0.167,5-6-47-31-49-48-5 = 0.833,5-9-16-44-53-4 = 0.333,5-9-33-48-5 = 0.167,4-20-13-10-4 = 0.5
460,176,872.445,0.0,2.602,0.0,Prune by CG,,4-8-4 = 0.25,4-50-52-54-4 = 1.0,5-55-23-29-41-5 = 1.0,5-22-40-36-5 = 1.0,5-37-28-17-5 = 1.0,4-39-19-27-21-4 = 1.0,4-38-46-4 = 0.25,4-38-46-8-4 = 0.75,5-45-33-5 = 0.75,4-18-15-24-43-5 = 1.0,4-26-12-14-4 = 1.0,4-25-32-42-4 = 1.0,4-34-10-7-4 = 0.5,4-20-13-7-4 = 0.5,4-20-13-44-53-4 = 0.5,5-35-16-30-5 = 0.25,5-35-16-45-5 = 0.25,5-35-34-44-53-4 = 0.5,5-51-30-11-5 = 0.5,5-9-30-11-5 = 0.25,5-9-11-33-5 = 0.25,5-6-47-31-49-48-5 = 1.0,5-9-51-16-10-4 = 0.5
390,387,869.833,6.433,0.329,-0.902,461,462,4-50-52-54-4 = 0.533,5-55-23-29-41-5 = 1.0,5-22-40-36-5 = 1.0,5-37-9-11-5 = 0.367,5-12-42-4 = 1.0,5-28-31-49-48-5 = 0.533,5-28-31-16-32-4 = 0.1,5-37-6-17-5 = 0.633,5-16-9-45-5 = 0.033,4-25-34-20-4 = 0.933,4-39-19-27-21-4 = 0.3,4-39-19-27-44-49-5 = 0.233,4-38-46-4 = 0.767,4-38-46-19-27-21-4 = 0.233,4-26-24-14-4 = 1.0,5-45-33-5 = 0.733,4-8-18-15-43-5 = 1.0,4-25-34-53-4 = 0.067,4-10-13-7-4 = 0.967,5-6-9-51-30-5 = 0.367,4-44-54-52-4 = 0.467,4-20-13-7-4 = 0.033,5-28-17-48-5 = 0.233,5-28-35-47-31-17-5 = 0.133,5-35-47-16-32-53-4 = 0.633,5-35-47-31-49-48-5 = 0.233,4-39-50-27-21-4 = 0.233,4-39-50-19-21-4 = 0.233,5-51-30-11-5 = 0.633,4-20-10-44-53-4 = 0.033,4-32-44-53-33-5 = 0.267,4-16-9-45-5 = 0.233
461,390,870.789,0.0,0.956,0.0,Prune by CG,,4-50-52-54-4 = 1.0,5-55-23-29-41-5 = 1.0,5-22-40-36-5 = 1.0,5-12-42-4 = 1.0,5-28-31-49-48-5 = 0.476,5-37-6-17-5 = 0.762,5-16-9-45-5 = 0.619,4-25-34-20-4 = 1.0,4-39-19-27-21-4 = 1.0,4-38-46-4 = 1.0,4-26-24-14-4 = 1.0,5-45-33-5 = 0.333,4-8-18-15-43-5 = 1.0,5-6-28-49-48-5 = 0.238,5-37-35-47-9-32-4 = 0.238,4-10-13-7-4 = 1.0,5-28-35-47-33-5 = 0.048,5-28-35-47-31-17-5 = 0.238,5-35-16-44-53-4 = 0.143,5-35-47-31-49-48-5 = 0.286,5-35-47-9-45-5 = 0.048,5-51-30-11-5 = 1.0,5-47-16-32-44-53-4 = 0.143,4-32-44-53-33-5 = 0.619,5-9-16-44-53-4 = 0.095
462,390,870.81,0.0,0.977,0.0,Prune by CG,,5-55-23-29-41-5 = 1.0,5-22-40-36-5 = 1.0,5-37-9-11-5 = 0.194,5-12-42-4 = 1.0,5-28-31-49-48-5 = 0.714,5-28-31-16-32-4 = 0.119,5-37-6-17-5 = 0.806,4-25-34-20-4 = 0.803,4-39-19-27-44-49-5 = 0.143,4-38-46-4 = 0.857,4-38-46-19-27-21-4 = 0.143,4-26-24-14-4 = 1.0,5-33-45-5 = 0.609,4-8-18-15-43-5 = 1.0,4-25-34-53-4 = 0.197,4-10-13-7-4 = 0.803,5-6-9-51-30-5 = 0.194,4-44-54-52-4 = 0.714,4-20-13-7-4 = 0.197,5-28-17-48-5 = 0.143,5-28-35-47-31-17-5 = 0.024,5-35-47-16-9-17-5 = 0.027,5-35-47-16-32-53-4 = 0.537,5-35-47-31-49-48-5 = 0.143,4-39-50-27-21-4 = 0.286,4-39-50-19-21-4 = 0.571,5-51-30-11-5 = 0.537,5-9-11-33-5 = 0.269,4-10-53-33-5 = 0.122,4-50-19-27-44-53-4 = 0.143,4-10-32-45-5 = 0.075,4-27-52-54-4 = 0.286,5-35-47-51-32-30-5 = 0.269,4-16-9-45-5 = 0.316
344,246,869.885,6.2,0.75,-1.313,463,464,4-8-4 = 0.187,5-55-23-29-41-5 = 1.0,5-22-40-36-5 = 1.0,5-12-26-4 = 0.027,5-37-6-17-5 = 0.027,4-25-34-20-4 = 0.767,4-39-19-27-21-4 = 0.273,4-38-46-4 = 0.187,4-38-46-8-4 = 0.813,4-18-15-24-43-14-4 = 1.0,4-26-42-32-4 = 0.973,4-25-34-53-4 = 0.233,4-10-13-7-4 = 1.0,5-6-17-48-5 = 0.047,5-6-16-44-53-4 = 0.18,5-6-31-16-53-4 = 0.08,4-42-30-5 = 0.027,4-44-54-52-4 = 0.547,5-28-17-48-5 = 0.847,5-28-35-47-33-5 = 0.153,5-35-47-16-31-49-5 = 0.74,5-35-47-31-49-48-5 = 0.107,5-45-30-5 = 0.333,4-39-50-19-21-4 = 0.727,4-50-27-44-53-4 = 0.273,5-6-51-9-45-5 = 0.513,5-51-30-11-5 = 0.487,5-9-11-33-5 = 0.487,4-32-30-11-5 = 0.027,5-33-30-5 = 0.127,4-27-52-54-4 = 0.453,5-12-37-5 = 0.973,5-6-17-49-45-5 = 0.08,5-6-31-49-45-5 = 0.073,4-20-53-33-5 = 0.233
463,344,871.93,0.0,2.045,0.0,Prune by CG,,4-8-4 = 0.08,5-55-23-29-41-5 = 1.0,5-22-40-36-5 = 1.0,5-12-26-4 = 0.322,5-37-28-17-5 = 0.322,5-11-32-42-4 = 0.057,4-25-34-20-4 = 0.828,4-39-19-27-21-4 = 0.333,4-38-46-4 = 0.08,4-38-46-8-4 = 0.92,4-18-15-24-43-14-4 = 1.0,4-26-42-32-4 = 0.678,4-25-34-53-4 = 0.172,4-10-13-7-4 = 1.0,4-42-30-5 = 0.264,4-44-54-52-4 = 0.667,5-28-17-48-5 = 0.678,5-35-47-16-31-49-5 = 0.678,5-35-47-31-49-48-5 = 0.322,4-39-50-19-21-4 = 0.667,4-50-27-44-53-4 = 0.333,5-6-51-9-45-5 = 0.678,5-9-11-33-5 = 0.322,4-32-30-11-5 = 0.264,5-33-30-5 = 0.471,4-27-52-54-4 = 0.333,5-12-37-5 = 0.678,4-20-53-33-5 = 0.172,5-11-45-5 = 0.322,5-11-33-5 = 0.034,5-6-51-16-53-4 = 0.322
464,344,871.52,0.0,1.635,0.0,Prune by CG,,4-8-4 = 0.185,5-55-23-29-41-5 = 1.0,5-22-40-36-5 = 1.0,5-16-9-45-5 = 0.481,4-25-34-20-4 = 0.778,4-39-19-27-21-4 = 0.333,4-38-46-4 = 0.185,4-38-46-8-4 = 0.815,4-18-15-24-43-14-4 = 1.0,4-26-42-32-4 = 1.0,4-25-34-53-4 = 0.222,4-10-13-7-4 = 1.0,5-6-17-48-5 = 0.481,4-44-54-52-4 = 0.667,5-28-17-48-5 = 0.519,5-28-47-35-33-5 = 0.481,5-35-47-16-31-49-5 = 0.481,5-35-47-16-51-9-5 = 0.037,4-39-50-19-21-4 = 0.667,4-50-27-44-53-4 = 0.333,5-51-30-11-5 = 0.741,5-9-11-33-5 = 0.259,5-9-51-30-53-4 = 0.222,5-33-30-5 = 0.037,4-27-52-54-4 = 0.333,5-12-37-5 = 1.0,5-6-31-49-45-5 = 0.519,4-20-53-33-5 = 0.222
261,112,869.837,6.6,1.244,-0.855,465,466,4-8-4 = 0.1,4-50-52-54-4 = 0.6,5-55-23-29-41-5 = 1.0,5-22-40-36-5 = 1.0,5-37-28-49-5 = 0.2,5-37-28-17-5 = 0.8,5-11-32-42-4 = 0.5,5-16-32-42-4 = 0.1,4-25-34-20-4 = 0.6,4-39-19-27-21-4 = 0.8,4-38-46-4 = 0.1,4-38-46-8-4 = 0.9,5-45-33-5 = 1.0,4-18-15-24-43-5 = 1.0,4-26-12-14-4 = 1.0,4-25-34-53-4 = 0.4,4-10-13-7-4 = 0.6,4-10-32-42-4 = 0.4,5-6-9-51-30-5 = 0.8,4-44-54-52-4 = 0.4,4-20-13-7-4 = 0.4,5-35-16-49-48-5 = 0.1,5-35-47-16-11-5 = 0.3,5-35-47-31-49-48-5 = 0.6,4-39-50-19-21-4 = 0.2,4-50-27-44-53-4 = 0.2,5-31-16-44-53-4 = 0.4,5-51-30-11-5 = 0.2,5-6-9-17-48-5 = 0.2,5-47-16-49-48-5 = 0.1
465,261,870.69,0.0,0.853,0.0,Prune by CG,,4-8-4 = 0.15,4-50-52-54-4 = 0.65,5-55-23-29-41-5 = 1.0,5-22-40-36-5 = 1.0,5-37-28-17-5 = 1.0,5-11-32-42-4 = 0.7,4-25-34-20-4 = 0.65,4-39-19-27-21-4 = 0.825,4-38-46-4 = 0.15,4-38-46-8-4 = 0.85,5-33-45-5 = 1.0,4-18-15-24-43-5 = 1.0,4-26-12-14-4 = 1.0,4-25-34-53-4 = 0.35,4-10-13-7-4 = 0.725,5-6-9-51-30-5 = 1.0,4-44-54-52-4 = 0.35,4-20-13-7-4 = 0.275,5-35-16-49-48-5 = 0.2,5-35-47-16-10-4 = 0.2,5-35-47-31-49-48-5 = 0.6,4-39-50-19-21-4 = 0.175,4-50-27-44-53-4 = 0.175,5-31-16-44-53-4 = 0.4,4-20-10-44-53-4 = 0.075,4-42-32-11-5 = 0.3,5-47-16-49-48-5 = 0.2
331,184,870.079,6.405,1.421,-2.262,467,468,4-8-4 = 0.274,5-55-23-29-41-5 = 1.0,5-37-48-5 = 0.833,5-22-40-36-5 = 1.0,5-12-16-9-5 = 0.333,5-37-28-17-5 = 0.167,5-12-9-31-49-5 = 0.667,4-46-19-27-7-4 = 0.179,4-25-20-10-4 = 0.214,4-25-20-13-4 = 0.071,4-38-46-4 = 0.095,4-38-46-8-4 = 0.726,5-45-33-5 = 0.833,4-18-15-24-43-14-4 = 1.0,4-26-42-32-4 = 1.0,4-25-34-53-4 = 0.714,4-10-13-7-4 = 0.5,4-34-20-10-4 = 0.286,4-44-54-52-4 = 0.714,4-20-13-7-4 = 0.321,4-20-13-44-53-4 = 0.107,5-28-17-48-5 = 0.167,5-35-16-45-5 = 0.167,5-35-16-33-5 = 0.167,4-39-50-27-21-4 = 0.357,4-39-50-19-21-4 = 0.643,5-51-30-11-5 = 1.0,4-38-19-27-44-53-4 = 0.179,5-6-47-16-31-49-5 = 0.333,5-6-35-47-28-17-5 = 0.667,4-27-52-54-4 = 0.286
467,331,871.163,0.0,1.084,0.0,Prune by CG,,4-8-4 = 0.238,5-55-23-29-41-5 = 1.0,5-37-48-5 = 0.833,5-22-40-36-5 = 1.0,5-12-16-9-5 = 0.333,5-37-28-17-5 = 0.167,5-12-9-31-49-5 = 0.667,4-25-34-20-4 = 0.571,4-38-46-4 = 0.238,4-38-46-8-4 = 0.762,5-33-45-5 = 0.833,4-18-15-24-43-14-4 = 1.0,4-26-42-32-4 = 1.0,4-25-34-53-4 = 0.429,4-10-13-7-4 = 1.0,4-44-54-52-4 = 0.571,5-28-17-48-5 = 0.167,5-35-16-45-5 = 0.167,5-35-16-44-53-4 = 0.143,5-35-16-33-5 = 0.024,4-39-50-27-21-4 = 0.286,4-39-50-19-21-4 = 0.714,5-51-30-11-5 = 1.0,5-6-47-16-31-49-5 = 0.333,5-6-47-35-28-17-5 = 0.667,4-27-52-54-4 = 0.429,4-20-53-33-5 = 0.143,4-20-19-27-44-53-4 = 0.286
252,182,869.701,7.667,0.78,0.083,469,470,5-55-23-29-41-5 = 1.0,5-22-40-36-5 = 1.0,5-37-35-47-51-32-4 = 0.333,5-28-31-49-48-5 = 0.667,5-37-6-17-5 = 0.667,5-16-9-45-5 = 0.333,4-25-34-20-4 = 0.333,4-39-19-27-21-4 = 0.333,4-38-46-8-4 = 1.0,4-18-15-24-43-4 = 1.0,4-26-12-14-4 = 1.0,4-25-34-53-4 = 0.667,4-10-13-7-4 = 0.333,4-10-32-42-4 = 0.667,4-42-30-5 = 0.333,4-44-54-52-4 = 0.667,4-20-13-7-4 = 0.667,5-28-17-48-5 = 0.333,5-35-47-16-11-5 = 0.333,5-35-47-16-31-49-5 = 0.333,5-45-30-5 = 0.333,4-39-50-19-21-4 = 0.667,4-50-27-44-53-4 = 0.333,5-6-51-9-45-5 = 0.333,5-51-11-33-5 = 0.333,5-9-11-33-5 = 0.333,5-33-30-5 = 0.333,4-27-52-54-4 = 0.333
470,252,869.702,7.333,0.0,-0.333,471,472,5-55-23-29-41-5 = 1.0,5-22-40-36-5 = 1.0,5-37-35-47-51-32-4 = 0.333,5-28-31-49-48-5 = 0.667,5-37-6-17-5 = 0.667,4-25-34-20-4 = 0.333,4-39-19-27-21-4 = 0.333,4-38-46-8-4 = 1.0,4-18-15-24-43-4 = 1.0,4-26-12-14-4 = 1.0,4-25-34-53-4 = 0.667,4-10-13-7-4 = 0.333,4-10-32-42-4 = 0.667,4-42-30-5 = 0.333,4-44-54-52-4 = 0.667,4-20-13-7-4 = 0.667,5-28-17-48-5 = 0.333,5-35-47-16-11-5 = 0.333,5-35-47-16-31-49-5 = 0.333,5-45-30-5 = 0.333,4-39-50-19-21-4 = 0.667,4-50-27-44-53-4 = 0.333,5-6-51-9-45-5 = 0.333,5-51-16-45-5 = 0.333,5-9-11-33-5 = 0.667,5-33-30-5 = 0.333,4-27-52-54-4 = 0.333
118,103,869.705,6.667,1.661,0.067,473,474,4-8-4 = 0.19,4-50-52-54-4 = 0.714,5-55-23-29-41-5 = 1.0,5-22-40-36-5 = 1.0,5-37-9-11-5 = 0.143,5-17-49-53-33-5 = 0.238,5-28-31-16-32-4 = 0.095,5-16-9-45-5 = 0.333,4-25-34-20-4 = 0.952,4-39-19-27-21-4 = 0.857,4-38-46-4 = 0.19,4-38-46-8-4 = 0.81,4-26-42-14-4 = 0.333,5-45-33-5 = 0.667,4-18-15-24-43-5 = 1.0,5-6-28-49-48-5 = 0.381,4-26-12-14-4 = 0.143,4-26-42-32-4 = 0.524,4-25-34-53-4 = 0.048,4-10-13-7-4 = 1.0,5-6-17-48-5 = 0.238,5-6-16-44-53-4 = 0.381,4-44-54-52-4 = 0.286,5-28-35-47-31-17-5 = 0.524,4-39-50-19-21-4 = 0.143,4-50-27-44-53-14-4 = 0.143,5-51-30-11-5 = 0.762,5-9-11-33-5 = 0.095,5-9-16-44-53-4 = 0.19,5-37-12-5 = 0.857,5-47-35-31-49-48-5 = 0.381,5-9-51-32-30-14-4 = 0.238,4-20-32-42-14-4 = 0.048,5-35-47-32-42-14-4 = 0.095
474,118,870.955,0.0,1.25,0.0,Prune by CG,,4-8-4 = 0.128,4-50-52-54-4 = 0.532,5-55-23-29-41-5 = 1.0,5-22-40-36-5 = 1.0,5-37-9-11-5 = 0.043,5-17-49-53-33-5 = 0.17,5-16-32-42-4 = 0.702,4-25-34-20-4 = 0.702,4-39-19-27-21-4 = 0.766,4-38-46-4 = 0.128,4-38-46-8-4 = 0.872,4-26-24-14-4 = 0.319,4-26-18-15-43-5 = 0.319,5-33-45-5 = 0.681,4-18-15-24-43-5 = 0.681,5-6-28-49-48-5 = 0.489,4-26-12-14-4 = 0.362,4-25-34-53-4 = 0.298,4-10-13-7-4 = 1.0,5-6-9-51-30-5 = 0.191,4-44-54-52-4 = 0.468,5-28-17-48-5 = 0.17,5-28-35-47-31-17-5 = 0.34,5-35-47-31-49-48-5 = 0.34,5-37-47-31-17-5 = 0.319,4-39-50-19-21-4 = 0.234,4-50-27-44-53-4 = 0.213,4-50-27-44-53-14-4 = 0.021,5-51-30-11-5 = 0.809,5-9-11-33-5 = 0.149,5-6-35-9-45-5 = 0.319,5-9-16-44-53-4 = 0.298,5-37-12-5 = 0.638,4-20-32-42-14-4 = 0.298
401,219,869.648,7.111,0.063,0.528,475,476,4-8-4 = 0.111,4-50-52-54-4 = 1.0,5-55-23-29-41-5 = 1.0,5-37-48-5 = 1.0,5-22-40-36-5 = 1.0,5-12-30-5 = 0.111,4-25-20-10-4 = 0.111,4-25-20-13-4 = 0.444,4-39-19-27-21-4 = 1.0,4-38-46-4 = 0.111,4-38-46-8-4 = 0.889,4-18-15-24-43-4 = 0.556,4-18-15-24-43-5 = 0.444,4-26-12-14-4 = 0.889,4-26-42-32-4 = 0.111,4-25-20-7-4 = 0.444,4-10-32-42-4 = 0.778,4-10-32-30-14-4 = 0.111,4-34-13-7-4 = 0.556,5-6-16-44-53-4 = 0.111,4-42-30-5 = 0.111,4-34-35-47-28-49-5 = 0.444,5-28-35-47-33-5 = 0.111,5-28-35-47-31-17-5 = 0.444,5-45-30-5 = 0.111,5-6-51-9-45-5 = 0.333,5-31-16-44-53-4 = 0.556,5-51-30-11-5 = 0.333,5-51-16-44-53-4 = 0.333,5-9-11-33-5 = 0.667,5-33-30-5 = 0.222,5-6-17-49-45-5 = 0.556
475,401,874.814,0.0,5.166,0.0,Prune by CG,,4-8-4 = 0.167,4-50-52-54-4 = 1.0,5-55-23-29-41-5 = 1.0,5-37-48-5 = 1.0,5-22-40-36-5 = 1.0,5-12-30-5 = 0.333,4-25-20-13-4 = 1.0,4-39-19-27-21-4 = 1.0,4-38-46-4 = 0.167,4-38-46-8-4 = 0.833,4-18-15-24-43-4 = 0.333,4-18-15-24-43-5 = 0.5,4-18-15-24-43-14-4 = 0.167,4-26-12-14-4 = 0.667,4-26-42-32-4 = 0.333,4-10-32-42-4 = 0.167,4-10-32-30-14-4 = 0.167,4-34-10-7-4 = 0.667,4-42-30-5 = 0.167,4-34-35-47-28-49-5 = 0.333,5-28-35-47-33-5 = 0.333,5-28-35-47-31-17-5 = 0.333,5-6-51-9-45-5 = 0.333,5-31-16-44-53-4 = 0.667,5-51-30-11-5 = 0.333,5-51-16-44-53-4 = 0.333,5-9-11-33-5 = 0.667,5-6-17-49-45-5 = 0.667,4-42-32-7-4 = 0.333
456,388,869.896,6.223,0.083,-0.999,477,478,4-50-52-54-4 = 0.66,5-55-23-29-41-5 = 1.0,5-22-40-36-5 = 1.0,5-37-28-17-5 = 0.649,5-12-42-4 = 1.0,5-37-6-17-5 = 0.351,5-16-9-45-5 = 0.489,4-46-19-27-7-4 = 0.085,4-25-20-10-4 = 0.862,4-39-19-27-21-4 = 0.66,4-38-46-4 = 0.915,4-26-24-14-4 = 1.0,5-45-33-5 = 0.372,4-8-18-15-43-5 = 1.0,5-6-28-49-48-5 = 0.351,4-34-10-32-53-4 = 0.138,4-34-13-7-4 = 0.862,5-6-31-16-53-4 = 0.043,5-6-9-51-30-5 = 0.255,4-44-54-52-4 = 0.34,4-20-13-7-4 = 0.053,4-20-13-44-53-4 = 0.085,5-35-47-16-32-53-4 = 0.16,5-35-47-31-16-32-4 = 0.191,5-35-47-31-49-48-5 = 0.649,4-39-50-27-21-4 = 0.17,4-39-50-19-21-4 = 0.17,5-31-16-44-53-4 = 0.117,5-51-30-11-5 = 0.745,5-9-11-33-5 = 0.255,4-38-19-27-44-53-4 = 0.085,4-32-44-53-33-5 = 0.372,4-25-32-45-5 = 0.138
477,456,870.84,0.0,0.944,0.0,Prune by CG,,4-50-52-54-4 = 0.75,5-55-23-29-41-5 = 1.0,5-22-40-36-5 = 1.0,5-37-28-17-5 = 0.5,5-12-42-4 = 1.0,5-37-6-17-5 = 0.5,5-16-9-45-5 = 0.375,4-46-19-27-7-4 = 0.062,4-25-20-10-4 = 0.75,4-25-20-13-4 = 0.062,4-39-19-27-21-4 = 0.75,4-38-46-4 = 0.938,4-26-24-14-4 = 1.0,5-33-45-5 = 0.438,4-8-18-15-43-4 = 0.625,4-8-18-15-43-5 = 0.375,5-6-28-49-48-5 = 0.5,4-34-10-32-53-4 = 0.25,4-34-13-7-4 = 0.75,4-44-54-52-4 = 0.25,4-20-13-7-4 = 0.188,5-35-47-31-16-9-5 = 0.5,5-35-47-31-49-48-5 = 0.5,4-39-50-27-21-4 = 0.125,4-39-50-19-21-4 = 0.125,5-51-30-11-5 = 1.0,4-38-19-27-44-53-4 = 0.062,4-32-44-53-33-5 = 0.562,5-9-16-44-53-4 = 0.125,4-25-32-45-5 = 0.188
188,7,869.709,7.833,1.47,0.128,479,480,4-50-52-54-4 = 0.333,5-55-23-29-41-5 = 1.0,5-37-48-5 = 1.0,5-22-40-36-5 = 1.0,5-17-49-53-33-5 = 0.333,5-12-42-4 = 1.0,5-28-31-16-32-4 = 0.5,5-16-9-45-5 = 0.5,4-25-20-10-4 = 0.167,4-25-34-20-4 = 0.333,4-39-19-27-44-49-5 = 0.333,4-38-46-4 = 0.667,4-38-46-19-27-21-4 = 0.333,4-26-24-14-4 = 1.0,5-33-45-5 = 0.5,4-8-18-15-43-5 = 1.0,4-25-34-53-4 = 0.333,4-10-13-7-4 = 0.5,4-34-10-32-53-4 = 0.333,4-44-54-52-4 = 0.667,4-20-13-7-4 = 0.5,4-39-50-27-21-4 = 0.333,4-39-50-19-21-4 = 0.333,5-51-30-11-5 = 0.833,5-9-11-33-5 = 0.167,5-6-47-35-28-17-5 = 0.5,4-25-32-30-5 = 0.167,5-6-35-47-31-9-51-5 = 0.167,5-6-35-47-9-31-49-5 = 0.167,5-6-35-47-31-17-49-5 = 0.167
479,188,871.481,0.0,1.772,0.0,Prune by CG,,4-50-52-54-4 = 0.333,5-55-23-29-41-5 = 1.0,5-37-48-5 = 0.971,5-22-40-36-5 = 1.0,5-37-28-31-5 = 0.029,5-17-49-53-33-5 = 0.638,5-12-42-4 = 1.0,5-28-31-45-5 = 0.217,5-28-31-49-48-5 = 0.029,5-28-31-16-32-4 = 0.725,5-16-9-45-5 = 0.116,4-25-34-20-4 = 0.681,4-39-19-27-44-49-5 = 0.333,4-38-46-4 = 0.667,4-38-46-19-27-21-4 = 0.333,4-26-24-14-4 = 1.0,5-45-33-5 = 0.319,4-8-18-15-43-5 = 1.0,4-25-34-53-4 = 0.319,4-10-13-7-4 = 0.681,4-10-32-30-5 = 0.275,4-44-54-52-4 = 0.667,4-20-13-7-4 = 0.319,4-39-50-27-21-4 = 0.333,4-39-50-19-21-4 = 0.333,5-51-30-11-5 = 0.638,5-6-35-47-9-11-5 = 0.362,4-10-53-33-5 = 0.043,5-6-35-47-51-9-17-5 = 0.362,5-9-16-30-5 = 0.087,4-16-9-45-5 = 0.072,5-6-35-47-45-5 = 0.275
480,188,871.269,0.0,1.559,0.0,Prune by CG,,4-50-52-54-4 = 0.417,5-55-23-29-41-5 = 1.0,5-37-48-5 = 0.646,5-22-40-36-5 = 1.0,5-37-28-17-5 = 0.354,5-12-42-4 = 1.0,5-16-9-45-5 = 0.5,4-25-20-10-4 = 0.194,4-25-34-20-4 = 0.458,4-39-19-27-21-4 = 0.125,4-39-19-27-44-49-5 = 0.292,4-38-46-4 = 0.708,4-38-46-19-27-21-4 = 0.292,4-26-24-14-4 = 1.0,5-45-33-5 = 0.5,4-8-18-15-43-5 = 1.0,4-25-34-53-4 = 0.083,4-10-13-7-4 = 0.653,4-10-32-30-5 = 0.069,4-34-10-32-53-4 = 0.083,4-34-16-51-32-4 = 0.375,4-44-54-52-4 = 0.583,4-20-13-7-4 = 0.347,5-28-17-48-5 = 0.354,4-39-50-27-21-4 = 0.292,4-39-50-19-21-4 = 0.292,5-31-16-44-53-4 = 0.125,5-51-30-11-5 = 0.458,5-9-11-33-5 = 0.333,4-32-30-11-5 = 0.208,5-6-47-35-28-17-5 = 0.292,4-25-32-30-5 = 0.264,5-6-35-47-31-49-53-4 = 0.708,5-31-9-51-33-5 = 0.167
334,332,869.498,7.4,0.658,1.511,481,482,4-8-4 = 0.25,5-55-23-29-41-5 = 1.0,5-37-48-5 = 0.15,5-22-40-36-5 = 1.0,5-37-28-17-5 = 0.85,4-46-19-27-7-4 = 0.2,4-25-20-13-4 = 0.2,4-25-34-20-4 = 0.2,4-38-46-4 = 0.05,4-38-46-8-4 = 0.75,5-45-33-5 = 0.4,4-18-15-24-43-4 = 0.8,4-18-15-24-43-5 = 0.2,4-26-12-14-4 = 1.0,4-25-34-53-4 = 0.6,4-10-32-42-4 = 1.0,4-34-13-7-4 = 0.2,4-44-54-52-4 = 0.8,4-20-13-7-4 = 0.6,5-28-17-48-5 = 0.15,5-35-16-45-5 = 0.6,5-35-16-33-5 = 0.1,4-39-50-27-21-4 = 0.4,4-39-50-19-21-4 = 0.6,5-51-30-11-5 = 0.5,5-9-11-33-5 = 0.5,4-38-19-27-44-53-4 = 0.2,5-6-47-16-31-49-5 = 0.3,5-6-47-31-49-48-5 = 0.7,5-9-51-30-53-4 = 0.2,4-27-52-54-4 = 0.2,5-35-9-51-30-5 = 0.3
481,334,871.082,0.0,1.584,0.0,Prune by CG,,4-8-4 = 0.238,5-55-23-29-41-5 = 1.0,5-37-48-5 = 0.165,5-22-40-36-5 = 1.0,5-37-28-17-5 = 0.67,5-17-49-53-33-5 = 0.16,5-16-9-45-5 = 0.009,4-46-19-27-7-4 = 0.189,4-46-19-27-44-49-5 = 0.009,4-25-20-13-4 = 0.189,4-25-34-20-4 = 0.179,4-38-46-4 = 0.04,4-38-46-8-4 = 0.762,5-45-33-5 = 0.413,4-18-15-24-43-4 = 1.0,4-26-12-14-4 = 1.0,4-25-34-53-4 = 0.632,4-10-32-42-4 = 1.0,4-34-13-7-4 = 0.179,4-44-54-52-4 = 0.792,4-20-13-7-4 = 0.632,5-28-35-16-9-5 = 0.321,5-28-35-34-53-4 = 0.009,5-35-16-45-5 = 0.243,5-35-16-33-5 = 0.427,4-39-50-27-21-4 = 0.396,4-39-50-19-21-4 = 0.604,5-51-30-11-5 = 1.0,5-9-31-17-48-5 = 0.17,4-38-19-27-44-53-4 = 0.198,5-37-9-31-49-5 = 0.165,5-6-47-31-49-48-5 = 0.665,5-6-47-9-45-5 = 0.335,4-27-52-54-4 = 0.208
482,334,871.775,0.0,2.277,0.0,Prune by CG,,4-8-4 = 0.267,5-55-23-29-41-5 = 1.0,5-22-40-36-5 = 1.0,5-37-28-17-5 = 1.0,4-46-19-27-7-4 = 0.2,4-25-20-13-4 = 0.133,4-25-34-20-4 = 0.067,4-38-46-4 = 0.067,4-38-46-8-4 = 0.733,5-45-33-5 = 0.333,4-18-15-24-43-4 = 1.0,4-26-12-14-4 = 1.0,4-25-34-53-4 = 0.8,4-10-32-42-4 = 0.667,4-34-13-7-4 = 0.067,4-34-20-13-4 = 0.067,4-42-30-4 = 0.333,4-44-54-52-4 = 0.8,4-20-13-7-4 = 0.733,5-35-16-45-5 = 0.333,5-35-16-51-10-4 = 0.333,4-39-50-27-21-4 = 0.4,4-39-50-19-21-4 = 0.6,5-51-16-45-5 = 0.333,5-9-11-33-5 = 0.667,4-32-30-11-5 = 0.333,4-38-19-27-44-53-4 = 0.2,5-6-47-31-49-48-5 = 1.0,4-27-52-54-4 = 0.2,5-35-9-51-30-5 = 0.333
117,103,869.833,5.939,1.789,-0.661,483,484,4-8-4 = 0.102,4-50-52-54-4 = 0.714,5-55-23-29-41-5 = 1.0,5-22-40-36-5 = 1.0,5-12-45-5 = 0.286,5-28-31-49-48-5 = 0.653,5-37-6-17-5 = 1.0,5-16-32-42-4 = 0.306,4-25-34-20-4 = 0.714,4-39-19-27-21-4 = 0.857,4-38-46-4 = 0.102,4-38-46-8-4 = 0.898,5-45-33-5 = 0.531,4-18-15-24-43-5 = 1.0,4-26-12-14-4 = 0.714,4-26-42-32-4 = 0.286,4-25-34-53-4 = 0.286,4-10-13-7-4 = 1.0,4-44-54-52-4 = 0.286,5-28-35-47-33-5 = 0.347,5-35-47-9-45-5 = 0.184,4-39-50-19-21-4 = 0.143,4-50-27-44-53-4 = 0.143,5-51-30-11-5 = 0.878,5-9-11-33-5 = 0.122,5-9-16-44-53-4 = 0.571,5-47-35-31-49-48-5 = 0.347,5-9-16-42-4 = 0.122,4-20-32-42-14-4 = 0.286,5-35-47-51-32-30-5 = 0.122
484,117,870.865,0.0,1.032,0.0,Prune by CG,,4-8-4 = 0.157,4-50-52-54-4 = 0.73,5-55-23-29-41-5 = 1.0,5-22-40-36-5 = 1.0,5-12-45-5 = 0.36,5-28-31-49-48-5 = 0.539,5-37-6-17-5 = 1.0,5-16-9-45-5 = 0.562,5-16-32-42-4 = 0.101,4-25-34-20-4 = 0.73,4-39-19-27-21-4 = 0.865,4-38-46-4 = 0.157,4-38-46-8-4 = 0.843,4-18-15-24-43-4 = 1.0,4-26-12-14-4 = 0.64,4-26-42-32-4 = 0.36,4-25-34-53-4 = 0.27,4-10-13-7-4 = 1.0,4-44-54-52-4 = 0.27,5-28-35-47-33-5 = 0.461,5-35-47-31-49-48-5 = 0.461,4-39-50-19-21-4 = 0.135,4-50-27-44-53-4 = 0.135,5-51-30-11-5 = 0.989,5-9-11-33-5 = 0.011,4-32-44-53-33-5 = 0.258,5-9-16-44-53-4 = 0.337,5-47-35-9-45-14-4 = 0.079,5-9-51-32-30-14-4 = 0.011,4-42-33-5 = 0.27,4-20-32-42-14-4 = 0.27
289,202,869.819,8.311,0.78,-0.414,485,486,4-8-4 = 0.455,4-50-52-54-4 = 0.492,5-55-23-29-41-5 = 1.0,5-37-48-5 = 1.0,5-22-40-36-5 = 1.0,5-17-49-53-33-5 = 0.339,5-12-42-4 = 1.0,5-16-9-45-5 = 0.331,4-25-20-10-4 = 0.124,4-25-20-13-4 = 0.124,4-25-34-20-4 = 0.627,4-39-19-27-21-4 = 0.237,4-39-19-27-44-49-5 = 0.254,4-38-46-4 = 0.201,4-38-46-8-4 = 0.545,4-38-46-19-27-21-4 = 0.254,4-18-15-24-43-14-4 = 1.0,4-25-20-7-4 = 0.124,4-10-13-7-4 = 0.876,5-6-16-44-53-4 = 0.237,5-6-31-16-53-4 = 0.373,4-34-35-47-28-49-5 = 0.373,4-44-54-52-4 = 0.508,5-28-47-35-31-17-5 = 0.627,4-39-50-27-21-4 = 0.254,4-39-50-19-21-4 = 0.254,5-6-51-9-45-5 = 0.347,5-51-30-11-5 = 0.297,5-51-11-33-5 = 0.347,5-9-11-33-5 = 0.314,4-32-30-11-5 = 0.042,5-6-9-51-16-32-4 = 0.008,4-26-16-53-4 = 0.051,4-26-32-30-5 = 0.661,4-26-32-45-5 = 0.288,5-6-17-49-45-5 = 0.034
486,289,870.885,0.0,1.066,0.0,Prune by CG,,4-8-4 = 0.368,5-55-23-29-41-5 = 1.0,5-37-48-5 = 1.0,5-22-40-36-5 = 1.0,5-17-49-53-33-5 = 0.204,5-12-42-4 = 1.0,5-16-9-45-5 = 0.493,4-25-20-10-4 = 0.209,4-25-20-13-4 = 0.209,4-25-34-20-4 = 0.374,4-39-19-27-44-49-5 = 0.143,4-38-46-4 = 0.226,4-38-46-8-4 = 0.632,4-38-46-19-27-21-4 = 0.143,4-18-15-24-43-14-4 = 1.0,4-25-20-7-4 = 0.209,4-10-13-7-4 = 0.791,5-6-31-16-53-4 = 0.435,4-34-35-47-28-49-5 = 0.422,4-44-54-52-4 = 0.714,5-28-47-35-31-17-5 = 0.565,4-39-50-27-21-4 = 0.286,4-39-50-19-21-4 = 0.571,5-6-51-9-45-5 = 0.262,5-51-30-11-5 = 0.058,5-51-11-33-5 = 0.622,5-9-11-33-5 = 0.173,4-32-30-11-5 = 0.146,5-6-9-51-16-32-4 = 0.058,4-50-19-27-44-53-4 = 0.143,5-6-35-9-45-5 = 0.014,4-26-34-53-4 = 0.204,4-26-32-30-5 = 0.796,4-27-52-54-4 = 0.286,5-28-47-16-53-4 = 0.014,5-6-17-49-45-5 = 0.231
360,212,869.972,3.667,0.57,-1.405,487,488,4-8-4 = 0.19,4-50-52-54-4 = 1.0,5-55-23-29-41-5 = 1.0,5-22-40-36-5 = 1.0,5-12-45-5 = 0.143,5-37-28-17-5 = 1.0,4-25-34-20-4 = 1.0,4-39-19-27-21-4 = 1.0,4-38-46-4 = 0.19,4-38-46-8-4 = 0.81,5-33-45-5 = 0.714,4-18-15-24-43-5 = 0.857,4-18-15-24-43-14-4 = 0.143,4-26-12-14-4 = 0.857,4-26-42-32-4 = 0.143,4-10-13-7-4 = 1.0,4-42-30-5 = 0.286,5-35-16-44-53-4 = 0.905,5-51-30-11-5 = 0.381,5-9-11-33-5 = 0.286,4-32-30-11-5 = 0.333,5-6-47-31-49-48-5 = 1.0,5-35-51-9-45-5 = 0.095,5-9-16-44-53-4 = 0.095,4-42-45-5 = 0.048,5-9-51-32-42-4 = 0.524
487,360,873.188,0.0,3.216,0.0,Prune by CG,,4-8-4 = 0.167,4-50-52-54-4 = 1.0,5-55-23-29-41-5 = 1.0,5-22-40-36-5 = 1.0,5-37-28-17-5 = 0.667,5-37-51-9-17-5 = 0.333,5-11-32-42-4 = 0.167,4-25-34-20-4 = 1.0,4-39-19-27-21-4 = 1.0,4-38-46-4 = 0.167,4-38-46-8-4 = 0.833,5-45-33-5 = 1.0,4-18-15-24-43-4 = 0.5,4-18-15-24-43-5 = 0.5,4-26-12-14-4 = 1.0,4-10-13-7-4 = 1.0,4-42-30-5 = 0.5,5-35-16-44-53-4 = 1.0,4-32-30-11-5 = 0.5,5-6-47-31-49-48-5 = 1.0,5-9-51-32-42-4 = 0.333,5-28-9-51-11-5 = 0.333
488,360,870.755,0.0,0.783,0.0,Prune by CG,,4-8-4 = 0.25,4-50-52-54-4 = 1.0,5-55-23-29-41-5 = 1.0,5-22-40-36-5 = 1.0,5-37-28-17-5 = 0.5,5-12-9-31-49-5 = 0.25,4-25-34-20-4 = 1.0,4-39-19-27-21-4 = 1.0,4-38-46-4 = 0.25,4-38-46-8-4 = 0.75,5-45-33-5 = 0.5,4-18-15-24-43-5 = 0.25,4-18-15-24-43-14-4 = 0.75,4-26-12-14-4 = 0.25,4-26-42-32-4 = 0.75,4-10-13-7-4 = 1.0,4-42-30-5 = 0.25,5-28-17-48-5 = 0.5,5-35-16-44-53-4 = 0.75,5-35-16-9-31-49-5 = 0.25,5-51-30-11-5 = 0.75,5-51-11-33-5 = 0.25,4-32-44-53-33-5 = 0.25,5-6-47-31-49-48-5 = 0.5,5-6-47-9-45-5 = 0.5,5-12-37-5 = 0.5
353,172,870.296,5.0,1.279,-3.667,489,490,4-8-4 = 0.145,4-50-52-54-4 = 1.0,5-55-23-29-41-5 = 1.0,5-22-40-36-5 = 1.0,5-12-30-5 = 0.6,5-28-31-49-48-5 = 0.927,5-37-6-17-5 = 1.0,4-25-34-20-4 = 0.8,4-39-19-27-21-4 = 1.0,4-38-46-4 = 0.145,4-38-46-8-4 = 0.855,5-33-45-5 = 0.364,4-18-15-24-43-14-4 = 1.0,4-26-42-32-4 = 0.6,4-25-32-42-4 = 0.2,4-10-13-7-4 = 0.8,4-34-13-7-4 = 0.2,4-42-30-5 = 0.2,5-28-35-47-33-5 = 0.055,5-28-35-47-44-53-4 = 0.018,5-35-47-16-11-5 = 0.218,5-35-47-31-49-48-5 = 0.073,5-35-47-9-45-5 = 0.636,5-51-11-33-5 = 0.218,5-51-16-44-53-4 = 0.782,5-9-11-33-5 = 0.364,4-32-30-11-5 = 0.2,4-20-10-44-53-4 = 0.2,4-26-12-5 = 0.4
489,353,871.689,0.0,1.393,0.0,Prune by CG,,4-8-4 = 0.176,4-50-52-54-4 = 1.0,5-55-23-29-41-5 = 1.0,5-22-40-36-5 = 1.0,5-12-30-5 = 1.0,5-28-31-49-48-5 = 1.0,5-37-6-17-5 = 1.0,4-25-34-20-4 = 0.588,4-39-19-27-21-4 = 1.0,4-38-46-4 = 0.176,4-38-46-8-4 = 0.824,5-45-33-5 = 0.294,4-18-15-24-43-14-4 = 0.824,4-26-42-32-4 = 0.647,4-10-13-7-4 = 0.588,4-34-13-7-4 = 0.412,5-35-47-16-11-5 = 0.353,5-35-47-9-45-5 = 0.647,5-51-11-33-5 = 0.294,5-51-16-45-5 = 0.059,5-51-16-44-53-4 = 0.588,5-9-11-33-5 = 0.353,4-20-10-44-53-4 = 0.412,4-26-24-5 = 0.176,4-25-51-33-5 = 0.059,4-26-18-15-43-14-4 = 0.176,4-25-32-42-5 = 0.353
327,293,869.952,3.667,0.728,-1.333,491,492,4-50-52-54-4 = 1.0,5-55-23-29-41-5 = 1.0,5-22-40-36-5 = 1.0,5-28-31-49-48-5 = 0.167,4-39-19-27-21-4 = 1.0,4-38-46-8-4 = 1.0,4-26-24-14-4 = 0.667,4-26-18-15-43-5 = 0.167,5-45-33-5 = 0.917,4-18-15-24-43-4 = 0.333,5-6-28-49-48-5 = 0.75,5-6-28-31-17-5 = 0.083,4-26-12-14-4 = 0.167,4-25-32-42-4 = 1.0,4-34-13-7-4 = 1.0,5-6-9-45-14-4 = 0.083,5-6-9-33-14-4 = 0.083,5-35-16-31-17-5 = 0.167,5-35-47-16-31-49-5 = 0.083,5-35-47-16-9-17-5 = 0.5,5-35-47-31-16-9-5 = 0.25,5-37-47-31-17-5 = 0.167,5-51-30-11-5 = 1.0,5-9-31-17-48-5 = 0.083,4-20-10-44-53-4 = 1.0,5-37-12-5 = 0.833,4-18-15-43-4 = 0.5
492,327,872.678,0.0,2.725,0.0,Prune by CG,,4-50-52-54-4 = 1.0,5-55-23-29-41-5 = 1.0,5-22-40-36-5 = 1.0,4-39-19-27-21-4 = 1.0,4-38-46-8-4 = 1.0,4-26-24-14-4 = 0.5,5-45-33-5 = 0.5,4-18-15-24-43-4 = 0.5,5-6-28-49-48-5 = 0.5,4-26-12-14-4 = 0.5,4-25-32-42-4 = 1.0,4-34-13-7-4 = 1.0,5-6-17-48-5 = 0.5,5-35-16-45-5 = 0.5,5-35-16-9-31-49-5 = 0.5,5-37-47-31-17-5 = 0.5,5-51-30-11-5 = 1.0,4-20-10-44-53-4 = 1.0,5-37-12-5 = 0.5,5-28-47-9-33-5 = 0.5,4-18-15-43-4 = 0.5
376,302,869.983,8.139,0.752,-1.214,493,494,4-8-4 = 0.264,5-55-23-29-41-5 = 1.0,5-22-40-36-5 = 1.0,5-37-28-17-5 = 0.778,5-12-42-4 = 1.0,5-37-6-17-5 = 0.222,5-16-9-45-5 = 0.667,4-25-20-10-4 = 0.583,4-39-19-27-21-4 = 0.25,4-38-46-4 = 0.264,4-38-46-8-4 = 0.736,5-45-33-5 = 0.111,4-18-15-24-43-5 = 0.417,4-18-15-24-43-14-4 = 0.583,5-6-28-49-48-5 = 0.222,4-25-34-53-4 = 0.264,4-10-32-30-14-4 = 0.306,4-34-13-7-4 = 0.583,5-6-31-16-53-4 = 0.222,4-44-54-52-4 = 0.75,4-20-13-7-4 = 0.417,4-39-50-27-21-4 = 0.25,4-39-50-19-21-4 = 0.5,5-6-51-9-45-5 = 0.111,5-51-11-33-5 = 0.778,5-51-16-45-5 = 0.111,5-6-35-47-9-11-5 = 0.222,4-10-53-33-5 = 0.111,4-50-19-27-44-53-4 = 0.25,4-26-25-4 = 0.042,4-26-34-53-4 = 0.153,4-26-32-30-5 = 0.694,4-25-26-14-4 = 0.111,4-27-52-54-4 = 0.25,5-47-35-31-49-48-5 = 0.778
494,376,878.092,0.0,8.109,0.0,Prune by CG,,5-55-23-29-41-5 = 1.0,5-22-40-36-5 = 1.0,5-37-28-17-5 = 0.667,5-12-42-4 = 1.0,5-28-31-49-48-5 = 0.333,5-37-6-17-5 = 0.333,5-16-9-45-5 = 0.333,4-25-20-10-4 = 0.667,4-25-34-20-4 = 0.333,4-39-19-21-4 = 1.0,4-38-46-8-4 = 1.0,4-18-15-24-43-14-4 = 1.0,4-34-13-7-4 = 0.667,4-44-54-52-4 = 0.333,4-53-54-52-4 = 0.333,4-50-27-44-53-4 = 0.667,5-51-11-33-5 = 1.0,5-6-47-16-10-4 = 0.333,5-6-35-9-45-5 = 0.333,4-26-32-30-5 = 1.0,4-27-52-54-4 = 0.333,5-47-35-31-49-48-5 = 0.667,4-50-13-7-4 = 0.333,4-16-9-45-5 = 0.333
370,317,869.659,7.8,0.245,0.8,495,496,4-50-52-54-4 = 0.6,5-55-23-29-41-5 = 1.0,5-22-40-36-5 = 1.0,4-25-34-20-4 = 0.6,4-39-19-27-21-4 = 0.8,4-38-46-4 = 0.2,4-38-46-8-4 = 0.8,4-26-42-14-4 = 0.2,4-26-24-14-4 = 0.2,5-45-33-5 = 0.8,4-8-18-15-43-4 = 0.2,4-18-15-24-43-4 = 0.2,4-18-15-24-43-5 = 0.6,5-6-28-49-48-5 = 0.4,4-26-42-32-4 = 0.6,4-25-34-53-4 = 0.4,4-10-13-7-4 = 0.6,4-10-32-42-4 = 0.2,5-6-9-45-14-4 = 0.2,4-44-54-52-4 = 0.4,4-20-13-7-4 = 0.4,5-28-17-48-5 = 0.6,5-35-47-16-31-49-5 = 0.6,5-35-47-16-9-17-5 = 0.4,4-39-50-19-21-4 = 0.2,4-50-27-44-53-14-4 = 0.2,5-51-30-11-5 = 1.0,5-37-12-5 = 1.0,4-10-32-33-14-4 = 0.2,5-6-9-31-44-53-4 = 0.4
495,370,869.824,7.077,0.164,-0.723,497,498,4-8-4 = 0.115,4-50-52-54-4 = 0.615,5-55-23-29-41-5 = 1.0,5-22-40-36-5 = 1.0,4-25-34-20-4 = 0.615,4-39-19-27-21-4 = 0.808,4-38-46-4 = 0.115,4-38-46-8-4 = 0.885,4-26-42-14-4 = 0.269,5-45-33-5 = 0.731,4-18-15-24-43-4 = 0.365,4-18-15-24-43-5 = 0.635,5-6-28-49-48-5 = 0.365,4-26-42-32-4 = 0.731,4-25-34-53-4 = 0.385,4-10-13-7-4 = 0.673,5-6-9-45-14-4 = 0.269,4-44-54-52-4 = 0.385,4-20-13-7-4 = 0.327,5-28-17-48-5 = 0.635,5-35-47-16-31-49-5 = 0.635,5-35-47-16-9-17-5 = 0.365,4-39-50-19-21-4 = 0.192,4-50-27-44-53-14-4 = 0.192,5-51-30-11-5 = 1.0,4-20-10-44-53-4 = 0.058,5-37-12-5 = 1.0,4-10-32-33-14-4 = 0.269,5-6-9-31-44-53-4 = 0.365
497,495,871.318,0.0,1.494,0.0,Prune by CG,,4-8-4 = 0.143,4-50-52-54-4 = 1.0,5-55-23-29-41-5 = 1.0,5-22-40-36-5 = 1.0,4-25-34-20-4 = 0.857,4-39-19-21-4 = 0.143,4-39-19-27-21-4 = 0.714,4-39-19-27-44-49-5 = 0.143,4-38-46-4 = 0.143,4-38-46-8-4 = 0.857,4-26-42-14-4 = 0.571,5-45-33-5 = 0.571,4-18-15-24-43-4 = 0.714,4-18-15-24-43-5 = 0.286,5-6-28-49-48-5 = 0.286,4-26-42-32-4 = 0.429,4-25-34-53-4 = 0.143,4-13-7-27-21-4 = 0.143,4-10-13-7-4 = 0.857,5-6-9-45-14-4 = 0.429,5-28-17-48-5 = 0.714,5-35-47-16-31-49-5 = 0.571,5-35-47-16-9-17-5 = 0.286,5-35-47-31-16-32-4 = 0.143,5-51-30-11-5 = 1.0,4-20-10-44-53-4 = 0.143,4-32-44-53-33-5 = 0.429,5-37-12-5 = 1.0,5-6-9-31-44-53-4 = 0.286
498,495,871.229,0.0,1.405,0.0,Prune by CG,,4-8-4 = 0.115,5-55-23-29-41-5 = 1.0,5-22-40-36-5 = 1.0,4-25-34-20-4 = 0.615,4-39-19-27-21-4 = 0.192,4-38-46-4 = 0.115,4-38-46-8-4 = 0.885,4-26-42-14-4 = 0.269,5-45-33-5 = 0.731,4-18-15-24-43-4 = 0.365,4-18-15-24-43-5 = 0.635,5-6-28-49-48-5 = 0.365,4-26-42-32-4 = 0.731,4-25-34-53-4 = 0.385,4-10-13-7-4 = 0.673,5-6-9-45-14-4 = 0.269,4-44-54-52-4 = 0.385,4-20-13-7-4 = 0.327,5-28-17-48-5 = 0.635,5-35-47-16-31-49-5 = 0.635,5-35-47-16-9-17-5 = 0.365,4-39-50-19-21-4 = 0.808,4-50-27-44-53-14-4 = 0.192,5-51-30-11-5 = 1.0,4-20-10-44-53-4 = 0.058,4-27-52-54-4 = 0.615,5-37-12-5 = 1.0,4-10-32-33-14-4 = 0.269,5-6-9-31-44-53-4 = 0.365
366,200,869.728,6.746,0.43,0.346,499,500,4-8-4 = 0.032,4-50-52-54-4 = 1.0,5-55-23-29-41-5 = 1.0,5-37-48-5 = 1.0,5-22-40-36-5 = 1.0,5-17-49-53-33-5 = 0.19,4-25-20-13-4 = 0.27,4-25-34-20-4 = 0.46,4-39-19-21-4 = 0.19,4-39-19-27-21-4 = 0.619,4-39-19-27-44-49-5 = 0.19,4-38-46-4 = 0.032,4-38-46-8-4 = 0.968,5-45-33-5 = 0.571,4-18-15-24-43-4 = 0.381,4-18-15-24-43-5 = 0.619,4-26-12-14-4 = 1.0,4-25-20-7-4 = 0.27,4-13-7-27-21-4 = 0.19,4-10-32-42-4 = 1.0,4-34-13-7-4 = 0.54,5-35-16-44-53-4 = 0.19,5-31-16-44-53-4 = 0.333,5-51-30-11-5 = 0.476,5-51-16-44-53-4 = 0.286,5-9-30-11-5 = 0.286,5-9-11-33-5 = 0.238,5-6-47-16-31-49-5 = 0.19,5-6-47-35-28-17-5 = 0.81,5-9-31-49-45-5 = 0.238,5-31-9-51-30-5 = 0.238,5-28-49-45-5 = 0.19
500,366,870.939,0.0,1.211,0.0,Prune by CG,,4-8-4 = 0.019,4-50-52-54-4 = 1.0,5-55-23-29-41-5 = 1.0,5-37-48-5 = 1.0,5-22-40-36-5 = 1.0,5-12-26-4 = 0.167,5-17-49-53-33-5 = 0.111,5-12-9-31-49-5 = 0.111,4-25-20-13-4 = 0.296,4-25-34-20-4 = 0.407,4-39-19-21-4 = 0.111,4-39-19-27-21-4 = 0.778,4-39-19-27-44-49-5 = 0.111,4-38-46-4 = 0.019,4-38-46-8-4 = 0.981,4-26-24-14-4 = 0.056,4-26-18-15-43-5 = 0.056,5-45-33-5 = 0.444,4-18-15-24-43-4 = 0.278,4-18-15-24-43-5 = 0.667,4-26-12-14-4 = 0.722,4-25-20-7-4 = 0.296,4-13-7-27-21-4 = 0.111,4-10-32-42-4 = 0.778,4-10-32-30-14-4 = 0.222,4-34-13-7-4 = 0.593,4-42-30-5 = 0.222,5-31-16-44-53-4 = 0.333,5-51-11-33-5 = 0.444,5-51-16-44-53-4 = 0.556,5-9-30-11-5 = 0.556,5-6-47-16-31-49-5 = 0.111,5-6-47-35-28-17-5 = 0.889,5-9-31-49-45-5 = 0.333,5-35-31-49-45-5 = 0.111,5-28-49-45-5 = 0.111
363,361,869.712,5.778,0.369,0.611,501,502,4-8-4 = 0.111,4-50-52-54-4 = 1.0,5-55-23-29-41-5 = 1.0,5-22-40-36-5 = 1.0,5-12-9-31-49-5 = 0.111,5-37-6-17-5 = 0.593,4-25-20-10-4 = 1.0,4-39-19-27-21-4 = 1.0,4-38-46-4 = 0.111,4-38-46-8-4 = 0.889,4-26-42-14-4 = 0.148,5-45-33-5 = 1.0,4-18-15-24-43-5 = 1.0,5-6-28-49-48-5 = 0.296,4-26-12-14-4 = 0.481,4-26-42-32-4 = 0.37,4-34-13-7-4 = 1.0,5-6-9-51-30-5 = 0.111,5-28-17-48-5 = 0.407,5-28-35-47-44-53-4 = 0.296,5-35-47-16-31-49-5 = 0.296,5-35-47-31-49-48-5 = 0.296,5-31-16-44-53-4 = 0.296,5-51-30-11-5 = 0.63,5-9-16-44-53-4 = 0.407,5-12-37-5 = 0.407,4-42-32-11-5 = 0.37,5-9-51-32-30-14-4 = 0.259,5-35-47-9-42-14-4 = 0.111
501,363,871.962,0.0,2.25,0.0,Prune by CG,,4-8-4 = 0.095,4-50-52-54-4 = 1.0,5-55-23-29-41-5 = 1.0,5-22-40-36-5 = 1.0,5-11-32-42-4 = 0.19,5-37-6-17-5 = 0.464,4-25-20-10-4 = 1.0,4-39-19-21-4 = 0.048,4-39-19-27-21-4 = 0.905,4-39-19-27-44-49-5 = 0.048,4-38-46-4 = 0.095,4-38-46-8-4 = 0.905,5-45-33-5 = 1.0,4-18-15-24-43-5 = 1.0,5-6-28-49-48-5 = 0.25,4-26-12-14-4 = 1.0,4-13-7-27-21-4 = 0.048,4-34-13-7-4 = 0.952,4-34-32-42-4 = 0.048,5-6-9-51-30-5 = 0.286,5-28-17-48-5 = 0.536,5-28-35-47-44-53-4 = 0.214,5-35-47-16-31-49-5 = 0.262,5-35-47-31-49-48-5 = 0.214,5-31-16-44-53-4 = 0.298,5-51-30-11-5 = 0.357,5-37-9-31-49-5 = 0.226,5-9-51-30-53-4 = 0.048,5-9-16-44-53-4 = 0.44,4-42-32-11-5 = 0.452,5-35-47-51-32-30-5 = 0.31,5-37-42-4 = 0.31
502,363,871.343,0.0,1.631,0.0,Prune by CG,,4-8-4 = 0.029,4-50-52-54-4 = 1.0,5-55-23-29-41-5 = 1.0,5-22-40-36-5 = 1.0,5-12-28-17-5 = 0.319,5-37-6-17-5 = 0.362,4-25-20-10-4 = 1.0,5-12-47-44-53-4 = 0.043,4-39-19-27-21-4 = 1.0,4-38-46-4 = 0.362,4-38-46-8-4 = 0.638,4-26-42-14-4 = 0.333,4-26-24-14-4 = 0.333,5-45-33-5 = 1.0,4-8-18-15-43-5 = 0.333,4-18-15-24-43-5 = 0.667,5-6-28-49-48-5 = 0.522,4-26-42-32-4 = 0.333,4-34-13-7-4 = 1.0,5-28-35-47-44-53-4 = 0.159,5-35-47-16-9-17-5 = 0.319,5-35-47-31-49-48-5 = 0.478,5-31-16-44-53-4 = 0.406,5-51-30-11-5 = 0.667,5-9-16-44-53-4 = 0.275,5-37-12-5 = 0.638,4-42-32-11-5 = 0.333,5-9-51-32-30-14-4 = 0.333,5-6-35-31-44-53-4 = 0.043,5-6-9-31-44-53-4 = 0.072
216,134,869.281,8.667,0.669,3.667,503,504,4-8-4 = 0.067,4-50-52-54-4 = 0.667,5-55-23-29-41-5 = 1.0,5-22-40-36-5 = 1.0,5-37-9-11-5 = 0.2,5-37-6-17-5 = 0.567,5-16-9-45-5 = 0.5,4-25-34-20-4 = 0.333,4-39-19-27-21-4 = 0.333,4-39-19-27-44-49-5 = 0.333,4-38-46-4 = 0.2,4-38-46-8-4 = 0.8,4-26-42-14-4 = 0.033,4-26-24-14-4 = 0.167,4-26-18-15-43-4 = 0.033,5-45-33-5 = 0.5,4-8-18-15-43-4 = 0.133,4-18-15-24-43-4 = 0.767,4-18-15-24-43-5 = 0.067,5-6-28-49-48-5 = 0.2,4-26-12-14-4 = 0.767,4-25-34-53-4 = 0.667,4-13-7-27-21-4 = 0.333,4-10-32-42-4 = 0.967,5-6-9-51-30-5 = 0.2,4-44-54-52-4 = 0.333,4-20-13-7-4 = 0.667,5-28-17-48-5 = 0.3,5-28-35-47-33-5 = 0.5,5-35-31-17-48-5 = 0.033,4-39-50-19-21-4 = 0.333,5-31-16-44-53-4 = 0.333,5-51-30-11-5 = 0.8,5-9-16-31-17-5 = 0.1,5-37-12-5 = 0.233,5-47-35-31-49-48-5 = 0.467,5-47-31-16-10-4 = 0.033,5-6-31-16-32-14-4 = 0.033
504,216,870.804,0.0,1.523,0.0,Prune by CG,,4-8-4 = 0.125,4-50-52-54-4 = 0.667,5-55-23-29-41-5 = 1.0,5-22-40-36-5 = 1.0,5-37-9-11-5 = 0.542,5-37-6-17-5 = 0.333,4-25-34-20-4 = 0.333,4-39-19-27-21-4 = 0.333,4-39-19-27-44-49-5 = 0.333,4-38-46-4 = 0.125,4-38-46-8-4 = 0.875,5-45-33-5 = 0.667,4-18-15-24-43-4 = 1.0,5-6-28-49-48-5 = 0.292,4-26-12-14-4 = 1.0,4-25-34-53-4 = 0.667,4-13-7-27-21-4 = 0.333,4-10-32-42-4 = 1.0,5-6-16-31-17-5 = 0.208,5-6-9-51-30-5 = 0.083,4-44-54-52-4 = 0.333,4-20-13-7-4 = 0.667,5-28-17-48-5 = 0.375,5-28-35-47-33-5 = 0.333,5-35-47-31-49-48-5 = 0.333,5-35-47-9-45-5 = 0.25,5-37-47-31-17-5 = 0.083,4-39-50-19-21-4 = 0.333,5-31-16-44-53-4 = 0.333,5-51-30-11-5 = 0.458,5-6-35-9-45-5 = 0.083,5-37-9-31-49-5 = 0.042,5-51-16-30-5 = 0.458
503,216,869.707,8.4,0.426,-0.267,505,506,4-50-52-54-4 = 0.4,5-55-23-29-41-5 = 1.0,5-22-40-36-5 = 1.0,5-37-6-17-5 = 0.5,5-16-9-45-5 = 0.5,4-25-34-20-4 = 0.2,4-39-19-27-21-4 = 0.4,4-39-19-27-44-4 = 0.2,4-38-46-4 = 0.1,4-38-46-8-4 = 0.9,4-26-24-14-4 = 0.3,4-26-18-15-43-4 = 0.2,5-45-33-5 = 0.5,4-8-18-15-43-4 = 0.1,4-18-15-24-43-4 = 0.7,5-6-28-49-48-5 = 0.5,4-26-12-14-4 = 0.5,4-25-34-53-4 = 0.8,4-13-7-27-21-4 = 0.2,4-10-32-42-4 = 1.0,4-44-54-52-4 = 0.6,4-20-13-7-4 = 0.8,5-28-35-47-33-5 = 0.5,5-35-47-31-49-48-5 = 0.5,4-39-50-19-21-4 = 0.4,4-50-27-44-53-14-4 = 0.2,5-51-30-11-5 = 1.0,5-9-16-31-17-5 = 0.5,5-37-12-5 = 0.5
506,503,871.437,0.0,1.73,0.0,Prune by CG,,4-8-4 = 0.088,4-50-52-54-4 = 0.588,5-55-23-29-41-5 = 1.0,5-22-40-36-5 = 1.0,5-16-9-45-5 = 0.559,4-25-34-20-4 = 0.294,4-39-19-27-21-4 = 0.353,4-39-19-27-44-49-5 = 0.294,4-38-46-4 = 0.265,4-38-46-8-4 = 0.735,4-26-24-14-4 = 0.294,4-26-18-15-43-4 = 0.118,5-45-33-5 = 0.441,4-8-18-15-43-4 = 0.176,4-18-15-24-43-4 = 0.706,5-6-28-49-48-5 = 0.706,4-26-12-14-4 = 0.588,4-25-34-53-4 = 0.706,4-13-7-27-21-4 = 0.294,4-10-32-42-4 = 1.0,5-6-17-48-5 = 0.059,4-44-54-52-4 = 0.412,4-20-13-7-4 = 0.706,5-28-35-47-33-5 = 0.294,5-35-31-17-48-5 = 0.235,5-37-47-31-17-5 = 0.412,4-39-50-19-21-4 = 0.353,4-50-27-44-53-14-4 = 0.059,5-51-30-11-5 = 0.941,5-9-16-31-17-5 = 0.118,5-47-16-9-11-5 = 0.059,5-9-16-33-5 = 0.265,5-12-37-5 = 0.412,5-47-35-51-30-14-4 = 0.059,5-6-35-31-44-53-4 = 0.235,5-37-35-47-17-5 = 0.176
505,503,869.955,6.0,0.248,-2.4,507,508,4-8-4 = 0.05,4-50-52-54-4 = 0.4,5-55-23-29-41-5 = 1.0,5-22-40-36-5 = 1.0,5-37-6-31-49-5 = 0.5,5-37-6-17-5 = 0.5,5-16-9-45-5 = 0.75,4-25-34-20-4 = 0.2,4-39-19-27-21-4 = 0.6,4-38-46-4 = 0.05,4-38-46-8-4 = 0.95,5-45-33-5 = 0.25,4-18-15-24-43-4 = 1.0,4-26-12-14-4 = 1.0,4-25-34-53-4 = 0.8,4-13-7-27-44-4 = 0.2,4-10-32-42-4 = 1.0,4-44-54-52-4 = 0.6,4-20-13-7-4 = 0.8,5-28-17-48-5 = 0.5,5-28-35-47-33-5 = 0.5,5-35-47-31-49-48-5 = 0.5,4-39-50-19-21-4 = 0.4,4-50-27-44-53-4 = 0.2,5-51-30-11-5 = 1.0,5-9-16-33-5 = 0.25
507,505,873.686,0.0,3.732,0.0,Prune by CG,,4-8-4 = 0.05,4-50-52-54-4 = 0.4,5-55-23-29-41-5 = 1.0,5-22-40-36-5 = 1.0,5-37-6-31-49-5 = 1.0,5-16-9-45-5 = 0.75,4-25-34-20-4 = 0.2,4-39-19-27-21-4 = 0.4,4-39-19-27-44-4 = 0.2,4-38-46-4 = 0.05,4-38-46-8-4 = 0.95,5-45-33-5 = 0.25,4-18-15-24-43-4 = 1.0,4-26-12-14-4 = 1.0,4-25-34-53-4 = 0.8,4-13-7-27-21-4 = 0.2,4-10-32-42-4 = 1.0,4-44-54-52-4 = 0.6,4-20-13-7-4 = 0.8,5-28-17-48-5 = 0.5,5-28-35-47-33-5 = 0.5,4-39-50-19-21-4 = 0.4,4-50-27-44-53-4 = 0.2,5-51-30-11-5 = 1.0,5-9-16-33-5 = 0.25,5-35-47-17-48-5 = 0.5
508,505,872.688,0.0,2.734,0.0,Prune by CG,,4-50-52-54-4 = 0.5,5-55-23-29-41-5 = 1.0,5-22-40-36-5 = 1.0,5-37-6-17-5 = 0.5,5-16-9-45-5 = 0.5,4-25-34-20-4 = 0.5,4-39-19-27-44-49-5 = 0.5,4-38-46-8-4 = 1.0,5-45-33-5 = 0.5,4-18-15-24-43-4 = 1.0,4-26-12-14-4 = 1.0,4-25-34-53-4 = 0.5,4-13-7-27-21-4 = 0.5,4-10-32-42-4 = 1.0,4-44-54-52-4 = 0.5,4-20-13-7-4 = 0.5,5-28-17-48-5 = 0.5,5-28-35-47-33-5 = 0.5,5-35-47-31-49-48-5 = 0.5,4-39-50-19-21-4 = 0.5,5-51-30-11-5 = 1.0,5-37-6-5 = 0.5,5-9-31-16-53-4 = 0.5
356,354,869.785,7.25,0.29,0.193,509,510,4-8-4 = 0.25,4-50-52-54-4 = 1.0,5-55-23-29-41-5 = 1.0,5-22-40-36-5 = 1.0,4-25-34-20-4 = 0.75,4-39-19-21-4 = 0.25,4-39-19-27-21-4 = 0.5,4-39-19-27-44-49-5 = 0.25,4-38-46-4 = 0.25,4-38-46-8-4 = 0.75,4-18-15-24-43-14-4 = 1.0,4-26-42-32-4 = 0.875,4-25-34-53-4 = 0.25,4-13-7-27-21-4 = 0.25,4-10-13-7-4 = 0.75,5-6-16-44-53-4 = 0.5,4-42-30-5 = 0.125,5-28-17-48-5 = 0.75,5-28-35-47-31-17-5 = 0.25,5-35-47-16-31-49-5 = 0.5,5-35-47-31-49-48-5 = 0.25,5-45-30-5 = 0.5,5-6-51-9-45-5 = 0.5,5-51-11-33-5 = 0.5,5-9-30-11-5 = 0.125,5-9-11-33-5 = 0.375,4-20-10-44-53-4 = 0.25,4-26-32-30-5 = 0.125,5-33-30-5 = 0.125,5-37-12-5 = 1.0
510,356,875.118,0.0,5.333,0.0,Prune by CG,,4-8-4 = 0.026,4-50-52-54-4 = 0.889,5-55-23-29-41-5 = 1.0,5-22-40-36-5 = 1.0,5-28-31-49-48-5 = 0.308,4-25-20-10-4 = 0.222,4-25-34-20-4 = 0.556,4-39-19-21-4 = 1.0,4-38-46-4 = 0.026,4-38-46-8-4 = 0.974,4-18-15-24-43-14-4 = 1.0,4-7-27-44-53-4 = 0.444,4-26-42-32-4 = 1.0,4-25-34-53-4 = 0.222,4-13-27-44-54-4 = 0.111,4-10-13-7-4 = 0.556,4-34-20-10-4 = 0.222,5-6-17-48-5 = 0.077,5-6-16-31-17-5 = 0.077,5-28-17-48-5 = 0.615,5-28-47-35-31-17-5 = 0.077,5-35-47-16-11-5 = 0.385,5-35-47-16-31-49-5 = 0.538,5-45-30-5 = 0.154,4-50-27-44-52-4 = 0.111,5-6-51-9-45-5 = 0.692,5-51-11-33-5 = 0.308,5-9-30-11-5 = 0.231,5-9-11-33-5 = 0.077,5-33-30-5 = 0.615,5-37-12-5 = 1.0,5-6-17-49-45-5 = 0.154,4-13-27-44-53-4 = 0.333
287,280,869.923,4.678,0.878,-0.722,511,512,4-8-4 = 0.287,4-50-52-54-4 = 1.0,5-55-23-29-41-5 = 1.0,5-22-40-36-5 = 1.0,5-37-9-11-5 = 0.092,5-37-51-9-17-5 = 0.092,5-17-49-53-33-5 = 0.057,4-25-20-10-4 = 1.0,4-39-19-21-4 = 0.057,4-39-19-27-21-4 = 0.885,4-39-19-27-44-49-5 = 0.057,4-38-46-4 = 0.287,4-38-46-8-4 = 0.713,5-33-45-5 = 0.736,4-18-15-24-43-14-4 = 1.0,5-6-28-49-48-5 = 0.839,5-6-28-31-17-5 = 0.161,4-26-42-32-4 = 0.793,4-13-7-27-21-4 = 0.057,4-34-44-53-4 = 0.057,4-34-13-7-4 = 0.943,4-42-30-5 = 0.092,5-35-47-16-9-17-5 = 0.552,5-35-47-31-44-53-4 = 0.23,5-35-47-31-49-48-5 = 0.046,5-35-47-9-45-5 = 0.149,5-31-16-44-53-4 = 0.448,5-51-30-11-5 = 0.908,5-9-31-17-48-5 = 0.115,4-32-44-53-33-5 = 0.207,5-37-12-5 = 0.793,4-26-12-5 = 0.207,4-42-45-5 = 0.115,5-37-35-47-17-5 = 0.023
511,287,872.009,0.0,2.085,0.0,Prune by CG,,4-8-4 = 0.083,4-50-52-54-4 = 1.0,5-55-23-29-41-5 = 1.0,5-22-40-36-5 = 1.0,4-25-20-10-4 = 0.333,4-25-20-13-4 = 0.333,4-39-19-27-21-4 = 1.0,4-38-46-4 = 0.083,4-38-46-8-4 = 0.917,5-33-45-5 = 1.0,4-18-15-24-43-14-4 = 1.0,5-6-28-49-48-5 = 0.75,5-6-28-31-17-5 = 0.25,4-26-42-32-4 = 1.0,4-25-20-7-4 = 0.333,4-10-13-7-4 = 0.667,4-34-44-53-4 = 1.0,5-35-47-16-31-49-5 = 0.25,5-35-47-16-9-17-5 = 0.5,5-35-47-31-16-9-5 = 0.25,5-51-30-11-5 = 1.0,5-9-31-17-48-5 = 0.25,5-12-37-5 = 1.0
512,287,870.928,0.0,1.005,0.0,Prune by CG,,4-8-4 = 0.25,4-50-52-54-4 = 1.0,5-55-23-29-41-5 = 1.0,5-22-40-36-5 = 1.0,4-25-20-10-4 = 1.0,5-12-35-47-17-5 = 0.125,4-39-19-27-21-4 = 1.0,4-38-46-4 = 0.25,4-38-46-8-4 = 0.75,5-45-33-5 = 0.625,4-18-15-24-43-14-4 = 1.0,5-6-28-49-48-5 = 0.75,5-6-28-31-17-5 = 0.25,4-26-42-32-4 = 0.75,4-34-13-7-4 = 1.0,4-42-30-5 = 0.125,5-35-47-31-49-48-5 = 0.25,5-35-47-9-45-5 = 0.25,5-31-16-44-53-4 = 0.25,5-51-30-11-5 = 0.875,5-51-16-44-53-4 = 0.125,5-9-11-33-5 = 0.125,5-9-16-31-17-5 = 0.25,4-32-44-53-33-5 = 0.25,5-9-16-44-53-4 = 0.375,5-12-37-5 = 0.625,4-26-12-5 = 0.25,4-42-45-5 = 0.125,5-37-35-47-17-5 = 0.375
179,178,869.868,7.304,1.589,-0.362,513,514,4-8-4 = 0.217,4-50-52-54-4 = 1.0,5-55-23-29-41-5 = 1.0,5-22-40-36-5 = 1.0,5-17-49-53-33-5 = 0.022,5-28-31-49-48-5 = 0.717,5-37-6-17-5 = 0.391,4-25-20-10-4 = 0.609,4-39-19-21-4 = 0.022,4-39-19-27-21-4 = 0.957,4-39-19-27-44-49-5 = 0.022,4-38-46-4 = 0.217,4-38-46-8-4 = 0.783,5-45-33-5 = 0.565,4-18-15-24-43-14-4 = 1.0,4-26-42-32-4 = 0.609,4-25-32-42-4 = 0.391,4-13-7-27-21-4 = 0.022,4-34-13-7-4 = 0.978,4-34-35-47-9-17-5 = 0.022,5-6-17-48-5 = 0.283,5-6-9-51-30-5 = 0.326,5-28-35-47-31-17-5 = 0.283,5-35-16-45-5 = 0.196,5-35-16-44-53-4 = 0.196,5-35-47-16-11-5 = 0.065,5-51-30-11-5 = 0.522,5-9-11-33-5 = 0.413,5-47-16-44-53-4 = 0.391,4-20-10-44-53-4 = 0.391,4-16-51-30-5 = 0.152,5-37-12-5 = 0.609,4-26-12-5 = 0.391,5-35-47-9-45-49-5 = 0.239
513,179,871.578,0.0,1.71,0.0,Prune by CG,,4-8-4 = 0.267,4-50-52-54-4 = 1.0,5-55-23-29-41-5 = 1.0,5-22-40-36-5 = 1.0,5-28-31-49-48-5 = 0.933,5-37-6-17-5 = 0.2,4-25-20-10-4 = 0.667,4-39-19-27-21-4 = 1.0,4-38-46-4 = 0.267,4-38-46-8-4 = 0.733,5-45-33-5 = 0.867,4-18-15-24-43-14-4 = 1.0,4-26-42-32-4 = 0.8,4-25-32-42-4 = 0.2,4-10-13-7-4 = 0.333,4-34-13-7-4 = 0.333,4-34-35-47-9-17-5 = 0.667,5-6-16-44-53-4 = 0.733,4-20-13-7-4 = 0.333,5-28-47-35-31-17-5 = 0.067,5-35-16-44-53-4 = 0.133,5-35-47-9-45-5 = 0.067,5-51-30-11-5 = 1.0,5-47-16-44-53-4 = 0.133,5-12-37-5 = 0.8,4-26-12-5 = 0.2,5-6-9-17-48-5 = 0.067,5-35-47-9-45-49-5 = 0.067,4-25-9-33-5 = 0.133
514,179,871.233,0.0,1.365,0.0,Prune by CG,,4-8-4 = 0.2,4-50-52-54-4 = 1.0,5-55-23-29-41-5 = 1.0,5-22-40-36-5 = 1.0,5-12-26-4 = 0.3,5-17-48-5 = 0.2,5-17-49-45-5 = 0.2,5-28-31-49-48-5 = 0.8,5-37-6-17-5 = 0.4,4-25-20-10-4 = 0.2,4-39-19-27-21-4 = 1.0,4-38-46-4 = 0.2,4-38-46-8-4 = 0.8,5-45-33-5 = 0.6,4-18-15-24-43-14-4 = 1.0,4-26-42-32-4 = 0.6,4-25-32-42-4 = 0.4,4-34-13-7-4 = 1.0,5-6-9-51-30-5 = 0.6,5-28-47-35-31-17-5 = 0.2,5-35-16-44-53-4 = 0.2,5-35-47-16-11-5 = 0.6,5-9-11-33-5 = 0.4,4-20-10-44-53-4 = 0.8,5-12-37-5 = 0.6,4-26-12-5 = 0.1,4-25-51-30-5 = 0.4,5-47-16-45-5 = 0.2
473,118,869.838,6.571,0.133,-0.095,515,516,4-8-4 = 0.214,4-50-52-54-4 = 0.714,5-55-23-29-41-5 = 1.0,5-22-40-36-5 = 1.0,5-17-49-53-33-5 = 0.286,5-28-31-16-32-4 = 0.143,5-16-9-45-5 = 0.357,4-25-34-20-4 = 1.0,4-39-19-27-21-4 = 0.857,4-38-46-4 = 0.214,4-38-46-8-4 = 0.786,4-26-42-14-4 = 0.429,5-33-45-5 = 0.429,4-18-15-24-43-5 = 1.0,5-6-28-49-48-5 = 0.357,4-26-42-32-4 = 0.571,4-10-13-7-4 = 1.0,5-6-17-48-5 = 0.214,5-6-16-44-53-4 = 0.429,4-44-54-52-4 = 0.286,5-28-17-48-5 = 0.071,5-28-35-47-31-17-5 = 0.429,5-35-47-31-49-48-5 = 0.357,4-39-50-19-21-4 = 0.143,4-50-27-44-53-14-4 = 0.143,5-31-16-44-53-4 = 0.071,5-51-30-11-5 = 0.786,5-9-11-33-5 = 0.214,4-32-44-53-33-5 = 0.071,5-37-12-5 = 1.0,5-47-35-9-45-14-4 = 0.214,5-9-51-32-30-14-4 = 0.214
515,473,870.937,0.0,1.099,0.0,Prune by CG,,4-8-4 = 0.183,4-50-52-54-4 = 0.667,5-55-23-29-41-5 = 1.0,5-22-40-36-5 = 1.0,5-17-49-53-33-5 = 0.333,5-28-31-16-32-4 = 0.5,4-25-34-20-4 = 1.0,4-39-19-27-21-4 = 0.833,4-38-46-4 = 0.183,4-38-46-8-4 = 0.817,4-26-42-14-4 = 1.0,5-45-33-5 = 0.397,4-18-15-24-43-5 = 1.0,5-6-28-49-48-5 = 0.071,4-10-13-7-4 = 1.0,5-6-17-48-5 = 0.095,5-6-9-51-30-5 = 0.23,4-44-54-52-4 = 0.333,5-28-17-48-5 = 0.381,5-28-47-35-31-17-5 = 0.048,5-35-47-31-49-48-5 = 0.452,4-39-50-19-21-4 = 0.167,4-50-27-44-53-4 = 0.167,5-51-30-11-5 = 0.73,5-9-11-33-5 = 0.27,5-47-16-32-44-53-4 = 0.46,5-6-35-9-45-5 = 0.46,5-9-16-44-53-4 = 0.04,5-12-37-5 = 1.0,5-6-17-49-45-5 = 0.143,5-35-47-51-32-30-5 = 0.04
426,308,869.938,5.556,0.675,-0.778,517,518,4-8-4 = 0.278,4-50-52-54-4 = 1.0,5-55-23-29-41-5 = 1.0,5-22-40-36-5 = 1.0,5-12-26-4 = 0.5,5-12-45-5 = 0.333,5-37-28-17-5 = 1.0,4-25-34-20-4 = 0.889,4-39-19-27-21-4 = 1.0,4-38-46-4 = 0.278,4-38-46-8-4 = 0.722,4-18-15-24-43-14-4 = 1.0,4-26-42-32-4 = 0.333,4-25-32-42-4 = 0.111,4-10-13-7-4 = 0.778,4-10-32-30-5 = 0.167,4-10-32-42-4 = 0.056,4-34-13-7-4 = 0.111,5-6-16-44-53-4 = 0.667,4-42-30-5 = 0.5,4-20-13-7-4 = 0.111,5-35-47-31-49-48-5 = 1.0,5-6-51-9-45-5 = 0.333,5-51-30-11-5 = 0.333,5-51-16-45-5 = 0.333,5-9-11-33-5 = 0.667,4-32-44-53-33-5 = 0.333,4-26-12-5 = 0.167
518,426,870.734,0.0,0.796,0.0,Prune by CG,,4-8-4 = 0.312,4-50-52-54-4 = 1.0,5-55-23-29-41-5 = 1.0,5-22-40-36-5 = 1.0,5-12-45-5 = 0.5,5-37-28-17-5 = 1.0,5-12-24-5 = 0.25,4-25-34-20-4 = 1.0,4-39-19-27-21-4 = 1.0,4-38-46-4 = 0.312,4-38-46-8-4 = 0.688,4-18-15-24-43-14-4 = 0.75,4-26-42-32-4 = 0.562,4-10-13-7-4 = 1.0,5-6-16-44-53-4 = 0.625,4-42-30-5 = 0.438,5-35-47-31-49-48-5 = 1.0,5-6-51-9-45-5 = 0.375,5-51-30-11-5 = 0.25,5-51-16-45-5 = 0.125,5-51-16-44-53-4 = 0.25,5-9-11-33-5 = 0.625,4-32-30-11-5 = 0.125,4-26-32-30-5 = 0.188,4-32-44-53-33-5 = 0.125,4-26-18-15-43-14-4 = 0.25,5-12-33-5 = 0.25
250,245,869.612,7.778,0.767,1.538,519,520,4-8-4 = 0.185,5-55-23-29-41-5 = 1.0,5-22-40-36-5 = 1.0,5-12-26-4 = 0.472,5-17-49-53-33-5 = 0.093,5-28-31-49-48-5 = 0.907,5-37-6-17-5 = 0.519,4-25-34-20-4 = 1.0,4-39-19-27-21-4 = 0.333,4-38-46-4 = 0.185,4-38-46-8-4 = 0.815,5-45-33-5 = 0.519,4-18-15-24-43-14-4 = 1.0,4-26-42-32-4 = 0.481,4-10-13-7-4 = 1.0,5-6-17-48-5 = 0.093,4-42-30-5 = 0.519,4-44-54-52-4 = 0.667,5-28-35-47-31-17-5 = 0.093,5-35-47-16-11-5 = 0.13,5-35-47-16-9-17-5 = 0.204,5-35-47-16-32-53-4 = 0.037,5-35-47-9-16-53-4 = 0.407,4-39-50-19-21-4 = 0.667,4-50-27-44-53-4 = 0.333,5-6-51-9-45-5 = 0.389,5-51-11-33-5 = 0.389,5-51-16-45-5 = 0.093,4-32-30-11-5 = 0.481,4-27-52-54-4 = 0.333,5-37-12-5 = 0.481,4-26-12-5 = 0.046,5-35-47-51-16-53-4 = 0.13
519,250,871.823,0.0,2.212,0.0,Prune by CG,,4-8-4 = 0.125,5-55-23-29-41-5 = 1.0,5-22-40-36-5 = 1.0,5-12-26-4 = 0.333,5-28-31-49-48-5 = 1.0,5-37-6-17-5 = 0.5,4-25-34-20-4 = 0.917,4-39-19-27-21-4 = 0.333,4-38-46-4 = 0.125,4-38-46-8-4 = 0.875,4-26-42-4 = 0.5,5-33-45-5 = 0.917,4-18-15-24-43-14-4 = 1.0,4-25-34-53-4 = 0.083,4-10-13-7-4 = 1.0,4-44-54-52-4 = 0.667,5-35-47-16-9-17-5 = 0.5,4-39-50-19-21-4 = 0.667,4-50-27-44-53-4 = 0.333,5-6-51-9-45-5 = 0.042,4-32-30-11-5 = 1.0,4-27-52-54-4 = 0.333,5-37-12-5 = 0.5,5-6-9-51-42-4 = 0.458,4-26-12-5 = 0.167,4-42-45-5 = 0.042,4-20-53-33-5 = 0.083,5-35-47-51-16-53-4 = 0.5
217,181,869.908,7.0,1.103,-0.5,521,522,4-8-4 = 0.118,5-55-23-29-41-5 = 1.0,5-22-40-36-5 = 1.0,5-37-28-17-5 = 1.0,4-25-34-20-4 = 0.618,4-39-19-27-21-4 = 0.294,4-38-46-4 = 0.118,4-38-46-8-4 = 0.882,5-45-33-5 = 1.0,4-18-15-24-43-4 = 0.676,4-18-15-24-43-5 = 0.324,4-26-12-14-4 = 1.0,4-25-34-53-4 = 0.382,4-10-13-7-4 = 0.618,4-10-32-42-4 = 0.265,5-6-16-44-53-4 = 0.118,5-6-31-16-53-4 = 0.206,4-42-30-5 = 0.206,4-44-54-52-4 = 0.588,4-20-13-7-4 = 0.382,5-35-47-16-11-5 = 0.206,5-35-47-31-49-48-5 = 0.794,4-39-50-19-21-4 = 0.706,4-50-27-44-53-4 = 0.294,5-9-30-11-5 = 0.206,4-32-30-11-5 = 0.588,5-6-9-51-16-32-4 = 0.147,5-9-51-16-10-4 = 0.118,4-27-52-54-4 = 0.412,5-6-9-51-42-4 = 0.529,5-51-16-49-48-5 = 0.206
522,217,871.208,0.0,1.3,0.0,Prune by CG,,4-8-4 = 0.118,5-55-23-29-41-5 = 1.0,5-22-40-36-5 = 1.0,5-37-28-17-5 = 1.0,4-25-34-20-4 = 0.618,4-39-19-27-21-4 = 0.294,4-38-46-4 = 0.118,4-38-46-8-4 = 0.882,5-33-45-5 = 1.0,4-18-15-24-43-4 = 0.147,4-18-15-24-43-5 = 0.853,4-26-12-14-4 = 1.0,4-25-34-53-4 = 0.382,4-10-13-7-4 = 0.618,4-10-32-42-4 = 0.324,5-6-16-44-53-4 = 0.118,5-6-31-16-53-4 = 0.206,4-42-30-5 = 0.206,4-44-54-52-4 = 0.588,4-20-13-7-4 = 0.382,5-35-47-31-49-48-5 = 0.794,4-39-50-19-21-4 = 0.706,4-50-27-44-53-4 = 0.294,5-9-30-11-5 = 0.794,5-47-16-51-11-5 = 0.206,5-9-51-16-10-4 = 0.059,4-27-52-54-4 = 0.412,5-6-51-32-42-4 = 0.471,5-6-35-16-51-32-4 = 0.206,5-9-16-49-48-5 = 0.147,5-51-16-49-48-5 = 0.059
316,125,869.899,4.381,0.542,-0.3,523,524,4-8-4 = 0.082,4-50-52-54-4 = 1.0,5-55-23-29-41-5 = 1.0,5-37-48-5 = 1.0,5-22-40-36-5 = 1.0,5-17-49-53-33-5 = 0.093,5-12-9-31-49-5 = 0.376,4-25-34-20-4 = 0.768,4-39-19-27-21-4 = 1.0,4-38-46-4 = 0.082,4-38-46-8-4 = 0.918,5-45-33-5 = 0.794,4-18-15-24-43-5 = 1.0,4-26-12-14-4 = 0.624,4-26-42-32-4 = 0.376,4-25-32-42-4 = 0.232,4-10-13-7-4 = 1.0,4-34-32-42-4 = 0.139,4-42-30-5 = 0.057,5-35-16-44-53-4 = 0.067,5-35-16-9-31-49-5 = 0.026,5-31-16-44-53-4 = 0.392,5-51-30-11-5 = 0.912,5-9-11-33-5 = 0.088,5-6-47-16-31-49-5 = 0.093,5-6-47-35-28-17-5 = 0.794,4-32-44-53-33-5 = 0.026,5-9-16-44-53-4 = 0.423,5-6-35-47-31-17-49-5 = 0.113,5-28-49-45-14-4 = 0.206,5-9-51-32-30-14-4 = 0.031,5-9-51-32-42-4 = 0.057,4-20-32-42-14-4 = 0.139,4-34-20-44-49-5 = 0.093
523,316,871.433,0.0,1.534,0.0,Prune by CG,,4-8-4 = 0.025,4-50-52-54-4 = 1.0,5-55-23-29-41-5 = 1.0,5-37-48-5 = 1.0,5-22-40-36-5 = 1.0,5-17-49-53-33-5 = 0.075,5-12-35-31-49-5 = 0.25,5-28-31-44-53-4 = 0.1,4-25-34-20-4 = 0.7,4-39-19-27-21-4 = 1.0,4-38-46-4 = 0.025,4-38-46-8-4 = 0.975,5-33-45-5 = 0.9,4-18-15-24-43-4 = 0.125,4-18-15-24-43-5 = 0.875,4-26-12-14-4 = 0.75,4-26-42-32-4 = 0.25,4-25-32-42-4 = 0.3,4-10-13-7-4 = 1.0,4-34-32-42-4 = 0.225,5-51-30-11-5 = 1.0,5-9-16-31-17-5 = 0.175,5-6-47-35-28-17-5 = 0.525,5-9-16-44-53-4 = 0.825,5-6-35-47-31-17-49-5 = 0.225,5-28-49-45-5 = 0.1,4-20-32-42-14-4 = 0.225,4-34-20-44-49-5 = 0.075,5-6-28-47-31-49-5 = 0.25,5-28-49-33-14-4 = 0.025
365,200,869.984,5.571,0.686,-0.829,525,526,4-8-4 = 0.119,4-50-52-54-4 = 1.0,5-55-23-29-41-5 = 1.0,5-37-48-5 = 1.0,5-22-40-36-5 = 1.0,5-12-45-5 = 0.119,5-17-49-45-5 = 0.048,5-17-49-53-33-5 = 0.048,5-12-9-31-49-5 = 0.548,4-25-20-10-4 = 1.0,4-39-19-21-4 = 0.048,4-39-19-27-21-4 = 0.905,4-39-19-27-44-49-5 = 0.048,4-38-46-4 = 0.119,4-38-46-8-4 = 0.881,5-45-33-5 = 0.619,4-18-15-24-43-5 = 0.333,4-18-15-24-43-14-4 = 0.667,4-26-12-14-4 = 0.333,4-26-42-32-4 = 0.667,4-13-7-27-21-4 = 0.048,4-34-13-7-4 = 0.952,4-34-32-42-4 = 0.048,4-42-30-5 = 0.286,5-35-16-44-53-4 = 0.095,5-31-16-44-53-4 = 0.238,5-51-30-11-5 = 0.429,5-51-16-44-53-4 = 0.571,5-9-11-33-5 = 0.333,4-32-30-11-5 = 0.238,5-6-47-16-31-49-5 = 0.095,5-6-47-35-28-17-5 = 0.905,5-9-31-49-45-5 = 0.119,4-32-30-44-53-4 = 0.048,5-28-49-45-5 = 0.095
525,365,872.699,0.0,2.715,0.0,Prune by CG,,4-50-52-54-4 = 1.0,5-55-23-29-41-5 = 1.0,5-37-48-5 = 1.0,5-22-40-36-5 = 1.0,5-12-9-31-49-5 = 1.0,4-25-20-10-4 = 1.0,4-39-19-27-21-4 = 1.0,4-38-46-8-4 = 1.0,4-26-42-14-4 = 1.0,5-33-45-5 = 1.0,4-18-15-24-43-4 = 1.0,4-34-13-7-4 = 1.0,5-51-16-44-53-4 = 1.0,4-32-30-11-5 = 1.0,5-6-47-35-28-17-5 = 1.0
362,152,869.783,7.143,0.809,0.492,527,528,4-8-4 = 0.179,4-50-52-54-4 = 1.0,5-55-23-29-41-5 = 1.0,5-22-40-36-5 = 1.0,5-37-6-17-5 = 0.321,4-25-20-10-4 = 1.0,4-39-19-27-21-4 = 1.0,4-38-46-4 = 0.179,4-38-46-8-4 = 0.821,4-18-15-24-43-4 = 1.0,5-6-28-49-48-5 = 0.357,4-26-12-14-4 = 0.5,4-26-42-32-4 = 0.5,4-34-13-7-4 = 1.0,4-42-30-5 = 0.5,5-28-17-48-5 = 0.607,5-35-47-16-31-49-5 = 0.5,5-35-47-31-49-48-5 = 0.036,5-6-51-9-45-5 = 0.25,5-31-16-44-53-4 = 0.464,5-51-30-11-5 = 0.5,5-51-11-33-5 = 0.25,5-9-11-33-5 = 0.25,4-32-44-53-33-5 = 0.5,5-9-16-44-53-4 = 0.036,5-12-37-5 = 0.5,5-6-17-49-45-5 = 0.071,5-47-35-9-45-14-4 = 0.464,5-28-49-45-14-4 = 0.036,5-37-45-5 = 0.179
527,362,870.679,0.0,0.896,0.0,Prune by CG,,4-8-4 = 0.129,4-50-52-54-4 = 1.0,5-55-23-29-41-5 = 1.0,5-22-40-36-5 = 1.0,5-11-32-42-4 = 0.193,5-37-35-47-51-32-4 = 0.064,5-37-6-17-5 = 0.35,4-25-20-10-4 = 1.0,4-39-19-27-21-4 = 1.0,4-38-46-4 = 0.129,4-38-46-8-4 = 0.871,4-18-15-24-43-4 = 1.0,5-6-28-49-48-5 = 0.236,4-26-12-14-4 = 1.0,4-34-13-7-4 = 1.0,4-42-30-4 = 0.321,4-42-30-5 = 0.336,5-28-17-48-5 = 0.65,5-28-35-47-44-53-4 = 0.114,5-35-16-44-53-4 = 0.057,5-35-47-16-31-49-5 = 0.65,5-35-47-31-49-48-5 = 0.114,5-6-51-9-45-5 = 0.414,5-31-16-44-53-4 = 0.236,5-51-30-11-5 = 0.343,5-51-11-33-5 = 0.029,5-9-11-33-5 = 0.436,5-47-16-32-44-53-4 = 0.057,4-32-44-53-33-5 = 0.536,5-37-45-5 = 0.586,5-9-51-32-42-4 = 0.15
349,185,869.809,7.105,0.566,0.336,529,530,4-8-4 = 0.158,4-50-52-54-4 = 0.632,5-55-23-29-41-5 = 1.0,5-37-48-5 = 1.0,5-22-40-36-5 = 1.0,5-17-49-53-33-5 = 0.211,5-11-32-42-4 = 0.263,4-25-34-20-4 = 1.0,4-39-19-27-21-4 = 0.263,4-39-19-27-44-49-5 = 0.368,4-38-46-4 = 0.158,4-38-46-8-4 = 0.842,5-45-33-5 = 0.789,4-18-15-24-43-4 = 0.211,4-18-15-24-43-5 = 0.684,4-18-15-24-43-14-4 = 0.105,4-26-12-14-4 = 0.895,4-26-42-32-4 = 0.105,4-13-7-27-21-4 = 0.368,4-10-13-7-4 = 0.632,4-10-32-42-4 = 0.368,5-6-9-16-53-4 = 0.421,4-42-30-5 = 0.263,4-44-54-52-4 = 0.368,5-28-35-47-44-53-4 = 0.053,5-28-35-47-31-17-5 = 0.737,5-35-47-9-16-53-4 = 0.105,4-39-50-19-21-4 = 0.368,5-51-30-11-5 = 0.737,5-6-9-51-16-32-4 = 0.263,5-9-16-44-53-4 = 0.211,5-12-47-28-49-5 = 0.105,5-6-17-49-45-5 = 0.053,5-6-31-49-45-5 = 0.158,5-6-28-35-31-49-5 = 0.105
347,257,870.009,4.778,0.644,-1.042,531,532,4-8-4 = 0.222,4-50-52-54-4 = 1.0,5-55-23-29-41-5 = 1.0,5-22-40-36-5 = 1.0,4-25-34-20-4 = 0.667,4-39-19-27-21-4 = 1.0,4-38-46-4 = 0.222,4-38-46-8-4 = 0.778,5-33-45-5 = 0.889,4-18-15-24-43-14-4 = 1.0,4-26-42-32-4 = 1.0,4-25-34-53-4 = 0.333,4-10-13-7-4 = 0.667,5-6-9-51-30-5 = 0.556,5-28-17-48-5 = 1.0,5-35-47-16-11-5 = 0.444,5-35-47-16-31-49-5 = 0.556,5-51-30-11-5 = 0.444,5-9-11-33-5 = 0.111,4-20-10-44-53-4 = 0.333,5-37-12-5 = 1.0,5-6-31-49-45-5 = 0.111,5-6-9-31-44-53-4 = 0.333,4-13-7-44-49-5 = 0.333
532,347,876.465,0.0,6.456,0.0,Prune by CG,,4-8-4 = 0.194,4-50-52-54-4 = 1.0,5-55-23-29-41-5 = 1.0,5-22-40-36-5 = 1.0,4-25-34-20-4 = 0.355,4-39-19-27-21-4 = 0.645,4-39-19-27-44-49-5 = 0.355,4-38-46-4 = 0.194,4-38-46-8-4 = 0.806,5-33-45-5 = 0.484,4-18-15-24-43-14-4 = 1.0,4-26-42-32-4 = 1.0,4-25-34-53-4 = 0.645,4-10-13-7-4 = 0.645,4-20-13-7-4 = 0.355,5-28-17-48-5 = 1.0,5-35-47-16-44-21-4 = 0.355,5-35-47-16-11-5 = 0.452,5-35-47-16-31-49-5 = 0.194,5-51-30-11-5 = 0.032,5-9-11-33-5 = 0.516,4-20-10-44-53-4 = 0.29,5-9-51-30-53-4 = 0.065,5-31-9-51-30-5 = 0.355,5-12-37-5 = 1.0,5-6-31-49-45-5 = 0.452,4-10-9-45-5 = 0.065,5-6-51-30-5 = 0.548
469,252,869.941,7.19,0.24,-0.476,533,534,4-8-4 = 0.048,5-55-23-29-41-5 = 1.0,5-22-40-36-5 = 1.0,5-12-26-4 = 0.19,5-37-35-47-51-32-4 = 0.19,5-28-31-49-48-5 = 0.429,5-37-6-17-5 = 0.81,5-16-9-45-5 = 0.952,4-25-34-20-4 = 0.381,4-39-19-27-21-4 = 0.333,4-38-46-4 = 0.048,4-38-46-8-4 = 0.952,4-18-15-24-43-4 = 1.0,5-6-28-49-48-5 = 0.19,4-26-12-14-4 = 0.81,4-25-34-53-4 = 0.619,4-10-13-7-4 = 0.381,4-10-32-42-4 = 0.429,4-10-32-30-14-4 = 0.19,4-42-30-4 = 0.333,4-42-30-5 = 0.238,4-44-54-52-4 = 0.667,4-20-13-7-4 = 0.619,5-28-35-47-33-5 = 0.19,5-28-35-47-31-17-5 = 0.19,5-35-47-31-49-48-5 = 0.381,5-35-47-9-16-53-4 = 0.048,5-45-30-5 = 0.048,4-39-50-19-21-4 = 0.667,4-50-27-44-53-4 = 0.333,5-51-11-33-5 = 0.81,4-32-30-11-5 = 0.19,4-27-52-54-4 = 0.333
533,469,871.396,0.0,1.454,0.0,Prune by CG,,4-8-4 = 0.03,5-35-47-34-25-4 = 0.485,5-55-23-29-41-5 = 1.0,5-22-40-36-5 = 1.0,5-37-35-47-51-32-4 = 0.061,5-28-31-49-48-5 = 1.0,5-37-6-17-5 = 0.939,5-16-9-45-5 = 0.485,4-25-34-20-4 = 0.242,4-39-19-27-21-4 = 0.333,4-38-46-4 = 0.03,4-38-46-8-4 = 0.97,4-18-15-24-43-4 = 0.364,4-18-15-24-43-5 = 0.636,4-26-12-14-4 = 1.0,4-25-34-53-4 = 0.273,4-10-13-7-4 = 0.242,4-10-32-42-4 = 0.758,4-42-30-5 = 0.242,4-44-54-52-4 = 0.667,4-20-13-7-4 = 0.758,5-35-47-16-9-17-5 = 0.061,5-35-47-9-16-53-4 = 0.394,5-45-30-5 = 0.515,4-39-50-19-21-4 = 0.667,4-50-27-44-53-4 = 0.333,5-51-11-33-5 = 0.879,4-32-30-11-5 = 0.121,5-6-9-51-16-32-4 = 0.061,5-33-30-5 = 0.121,4-27-52-54-4 = 0.333
534,469,871.687,0.0,1.746,0.0,Prune by CG,,4-8-4 = 0.042,5-55-23-29-41-5 = 1.0,5-22-40-36-5 = 1.0,5-12-26-4 = 0.042,5-37-6-31-49-5 = 0.25,5-37-35-47-51-32-4 = 0.167,5-37-6-17-5 = 0.417,5-16-9-45-5 = 0.667,4-25-34-20-4 = 0.333,4-39-19-27-21-4 = 0.333,4-38-46-4 = 0.042,4-38-46-8-4 = 0.958,4-18-15-24-43-4 = 1.0,5-6-28-49-48-5 = 0.333,4-26-12-14-4 = 0.958,4-25-34-53-4 = 0.667,4-10-13-7-4 = 0.333,4-10-32-42-4 = 0.625,4-10-32-30-14-4 = 0.042,4-42-30-4 = 0.333,4-42-30-5 = 0.042,4-44-54-52-4 = 0.667,4-20-13-7-4 = 0.667,5-28-17-48-5 = 0.417,5-28-35-47-30-5 = 0.083,5-28-35-47-33-5 = 0.167,5-35-16-9-31-49-5 = 0.167,5-35-47-31-16-9-5 = 0.167,5-45-30-5 = 0.333,5-37-47-31-17-5 = 0.167,4-39-50-19-21-4 = 0.667,4-50-27-44-53-4 = 0.333,5-51-11-33-5 = 0.833,4-32-30-11-5 = 0.167,4-27-52-54-4 = 0.333,5-47-35-31-49-48-5 = 0.25
264,151,869.713,5.75,0.931,1.162,535,536,4-8-4 = 0.125,4-50-52-54-4 = 1.0,5-55-23-29-41-5 = 1.0,5-22-40-36-5 = 1.0,5-28-31-49-48-5 = 0.75,5-37-6-17-5 = 0.5,4-25-20-10-4 = 1.0,4-39-19-27-21-4 = 1.0,4-38-46-4 = 0.125,4-38-46-8-4 = 0.875,5-33-45-5 = 0.75,4-18-15-24-43-5 = 1.0,4-26-12-14-4 = 0.5,4-26-42-32-4 = 0.5,4-34-13-7-4 = 1.0,5-6-17-48-5 = 0.25,5-6-16-44-53-4 = 0.25,4-42-30-5 = 0.125,5-28-47-35-31-17-5 = 0.25,5-51-30-11-5 = 0.375,5-51-11-33-5 = 0.25,4-32-30-11-5 = 0.375,5-9-16-44-53-4 = 0.75,5-12-37-5 = 0.5,5-47-35-51-30-14-4 = 0.125,5-35-47-32-42-14-4 = 0.125,5-35-47-9-45-49-5 = 0.25,5-35-47-51-42-14-4 = 0.25
535,264,870.841,0.0,1.128,0.0,Prune by CG,,4-8-4 = 0.095,4-50-52-54-4 = 1.0,5-55-23-29-41-5 = 1.0,5-22-40-36-5 = 1.0,5-11-32-42-4 = 0.429,5-28-31-49-48-5 = 1.0,5-37-6-17-5 = 1.0,4-25-20-10-4 = 1.0,4-39-19-27-21-4 = 1.0,4-38-46-4 = 0.095,4-38-46-8-4 = 0.905,5-45-33-5 = 0.571,4-18-15-24-43-5 = 1.0,4-26-12-14-4 = 0.952,4-26-42-32-4 = 0.048,4-34-13-7-4 = 1.0,4-42-30-5 = 0.476,5-35-11-33-5 = 0.19,5-35-47-9-45-5 = 0.429,5-51-30-11-5 = 0.19,5-51-11-33-5 = 0.19,5-51-16-44-53-4 = 0.238,5-47-16-32-44-53-4 = 0.19,5-9-16-44-53-4 = 0.571,5-35-47-51-32-30-5 = 0.333,5-35-47-51-42-14-4 = 0.048,5-12-33-5 = 0.048
536,264,871.099,0.0,1.387,0.0,Prune by CG,,4-8-4 = 0.167,4-50-52-54-4 = 1.0,5-55-23-29-41-5 = 1.0,5-22-40-36-5 = 1.0,5-37-35-47-51-32-4 = 0.056,5-28-31-49-48-5 = 0.667,4-25-20-10-4 = 1.0,4-39-19-27-21-4 = 1.0,4-38-46-4 = 0.167,4-38-46-8-4 = 0.833,4-26-42-14-4 = 0.444,5-45-33-5 = 0.667,4-18-15-24-43-5 = 1.0,4-26-12-14-4 = 0.167,4-26-42-32-4 = 0.389,4-34-13-7-4 = 1.0,5-6-17-48-5 = 0.333,5-6-16-44-53-4 = 0.333,5-28-47-35-31-17-5 = 0.333,5-51-30-11-5 = 0.444,5-9-11-33-5 = 0.222,4-32-30-11-5 = 0.333,5-6-9-51-16-32-4 = 0.111,4-32-44-53-33-5 = 0.111,5-9-16-44-53-4 = 0.556,5-37-12-5 = 0.833,5-6-17-49-45-5 = 0.222,5-47-35-51-30-14-4 = 0.222,5-37-35-47-17-5 = 0.111,5-35-47-9-45-49-5 = 0.111,5-35-47-51-42-14-4 = 0.167
315,125,870.034,3.833,0.676,-0.848,537,538,4-8-4 = 0.167,4-50-52-54-4 = 1.0,5-55-23-29-41-5 = 1.0,5-37-48-5 = 1.0,5-22-40-36-5 = 1.0,5-12-45-5 = 0.167,5-17-49-53-33-5 = 0.083,5-12-9-31-49-5 = 0.583,4-25-34-20-4 = 0.917,4-39-19-27-21-4 = 1.0,4-38-46-4 = 0.167,4-38-46-8-4 = 0.833,5-45-33-5 = 0.667,4-18-15-24-43-14-4 = 1.0,4-26-42-32-4 = 0.75,4-25-32-42-4 = 0.083,4-10-13-7-4 = 1.0,4-42-30-5 = 0.083,5-35-16-44-53-4 = 0.083,5-31-16-44-53-4 = 0.25,5-51-30-11-5 = 0.917,5-51-16-44-53-4 = 0.083,5-9-11-33-5 = 0.083,5-6-47-16-31-49-5 = 0.083,5-6-47-35-28-17-5 = 0.917,4-32-44-53-33-5 = 0.167,5-9-16-44-53-4 = 0.333,4-26-12-5 = 0.25,4-42-45-5 = 0.083,5-28-49-45-5 = 0.083,4-34-16-44-49-5 = 0.083,4-20-16-31-49-5 = 0.083
537,315,872.149,0.0,2.115,0.0,Prune by CG,,4-8-4 = 0.255,4-50-52-54-4 = 1.0,5-55-23-29-41-5 = 1.0,5-37-48-5 = 1.0,5-22-40-36-5 = 1.0,5-12-16-9-5 = 0.364,5-17-49-53-33-5 = 0.036,5-12-9-31-49-5 = 0.636,5-11-45-49-5 = 0.218,4-25-34-20-4 = 0.982,4-39-27-44-53-4 = 0.164,4-39-19-21-4 = 0.164,4-39-19-27-21-4 = 0.673,4-38-46-4 = 0.091,4-38-46-8-4 = 0.745,4-38-46-19-27-21-4 = 0.164,5-45-33-5 = 0.745,4-18-15-24-43-14-4 = 0.891,4-26-42-32-4 = 0.782,4-10-13-7-4 = 1.0,4-42-30-5 = 0.218,5-35-16-44-53-4 = 0.036,5-31-16-44-53-4 = 0.327,5-51-30-11-5 = 0.782,5-51-16-44-53-4 = 0.218,5-6-47-16-31-49-5 = 0.036,5-6-47-35-28-17-5 = 0.964,4-32-44-53-33-5 = 0.218,4-26-24-5 = 0.109,4-26-18-15-43-14-4 = 0.109,5-28-49-45-5 = 0.036,4-34-16-44-49-5 = 0.018,4-25-20-44-49-5 = 0.018
538,315,870.949,0.0,0.915,0.0,Prune by CG,,4-8-4 = 0.176,4-50-52-54-4 = 1.0,5-55-23-29-41-5 = 1.0,5-37-48-5 = 1.0,5-22-40-36-5 = 1.0,5-12-45-5 = 0.235,5-17-49-53-33-5 = 0.059,5-12-28-17-5 = 0.235,5-12-35-31-49-5 = 0.294,5-28-31-44-53-4 = 0.059,4-25-34-20-4 = 1.0,4-39-19-27-21-4 = 1.0,4-38-46-4 = 0.176,4-38-46-8-4 = 0.824,5-45-33-5 = 0.471,4-18-15-24-43-14-4 = 1.0,4-26-42-32-4 = 0.765,4-10-13-7-4 = 1.0,4-42-30-5 = 0.235,5-31-16-44-53-4 = 0.059,5-51-30-11-5 = 0.765,5-51-16-44-53-4 = 0.176,5-9-11-33-5 = 0.235,5-6-47-16-31-49-5 = 0.294,5-6-47-35-28-17-5 = 0.706,4-32-44-53-33-5 = 0.235,5-9-31-49-45-5 = 0.294,5-9-16-44-53-4 = 0.412,4-26-12-5 = 0.235,5-9-51-16-44-49-5 = 0.059
242,113,869.871,6.193,1.007,0.148,539,540,4-8-4 = 0.193,4-50-52-54-4 = 1.0,5-55-23-29-41-5 = 1.0,5-22-40-36-5 = 1.0,5-37-28-17-5 = 0.36,5-28-31-49-48-5 = 0.158,4-25-20-10-4 = 0.114,4-25-34-20-4 = 0.684,4-39-19-27-21-4 = 1.0,4-38-46-4 = 0.193,4-38-46-8-4 = 0.807,5-33-45-5 = 0.825,4-18-15-24-43-14-4 = 1.0,4-26-42-32-4 = 0.64,4-25-20-7-4 = 0.088,4-25-32-42-4 = 0.114,4-10-13-7-4 = 0.886,5-6-17-48-5 = 0.491,4-42-30-5 = 0.246,4-34-35-47-28-49-5 = 0.316,4-20-13-7-4 = 0.026,4-20-13-44-53-4 = 0.088,5-28-35-47-33-5 = 0.018,5-28-35-47-31-17-5 = 0.149,5-35-47-31-49-48-5 = 0.351,5-51-30-11-5 = 0.754,5-51-11-33-5 = 0.079,5-47-16-9-11-5 = 0.167,5-6-9-51-16-32-4 = 0.167,4-32-44-53-33-5 = 0.079,5-9-16-44-53-4 = 0.667,5-37-12-5 = 0.64,4-26-12-5 = 0.36,5-6-31-49-45-5 = 0.175,5-6-35-31-44-53-4 = 0.167
539,242,871.081,0.0,1.211,0.0,Prune by CG,,4-8-4 = 0.191,4-50-52-54-4 = 1.0,5-55-23-29-41-5 = 1.0,5-22-40-36-5 = 1.0,5-28-31-45-5 = 0.053,5-28-31-44-53-4 = 0.181,5-28-31-49-48-5 = 0.266,4-25-20-10-4 = 0.234,4-25-34-20-4 = 0.532,4-39-19-21-4 = 0.117,4-39-19-27-21-4 = 0.766,4-39-19-27-44-49-5 = 0.117,4-38-46-4 = 0.191,4-38-46-8-4 = 0.809,5-45-33-5 = 0.681,4-18-15-24-43-14-4 = 0.957,4-26-42-32-4 = 0.915,4-25-34-53-4 = 0.117,4-25-20-7-4 = 0.117,4-13-7-27-21-4 = 0.117,4-10-13-7-4 = 0.766,5-6-17-48-5 = 0.734,4-42-30-5 = 0.085,4-34-35-47-28-49-5 = 0.351,4-20-13-44-53-4 = 0.117,5-28-35-47-33-5 = 0.149,5-35-47-31-16-9-5 = 0.5,5-51-30-11-5 = 0.915,5-51-11-33-5 = 0.085,4-32-44-53-33-5 = 0.085,4-26-24-5 = 0.043,5-9-16-44-53-4 = 0.5,5-37-12-5 = 1.0,5-6-17-49-45-5 = 0.266,4-26-18-15-43-14-4 = 0.043
540,242,871.098,0.0,1.228,0.0,Prune by CG,,4-8-4 = 0.222,4-50-52-54-4 = 1.0,5-55-23-29-41-5 = 1.0,5-22-40-36-5 = 1.0,5-37-28-17-5 = 0.5,4-25-20-10-4 = 0.167,4-25-34-20-4 = 0.611,4-39-19-21-4 = 0.056,4-39-19-27-21-4 = 0.889,4-39-19-27-44-49-5 = 0.056,4-38-46-4 = 0.222,4-38-46-8-4 = 0.778,5-45-33-5 = 0.778,4-18-15-24-43-14-4 = 1.0,4-26-42-32-4 = 0.5,4-25-20-7-4 = 0.111,4-25-32-42-4 = 0.111,4-13-7-27-21-4 = 0.056,4-10-13-7-4 = 0.833,5-6-34-44-53-4 = 0.278,5-6-9-16-53-4 = 0.056,4-42-30-5 = 0.389,4-34-35-47-28-49-5 = 0.111,4-20-13-44-53-4 = 0.111,5-28-17-48-5 = 0.389,5-35-47-16-9-17-5 = 0.111,5-35-47-31-49-48-5 = 0.611,5-51-30-11-5 = 0.5,5-51-11-33-5 = 0.222,4-32-30-11-5 = 0.111,5-47-16-9-11-5 = 0.167,5-6-9-51-16-32-4 = 0.278,5-9-16-44-53-4 = 0.389,5-12-37-5 = 0.5,4-26-12-5 = 0.5,5-6-31-49-45-5 = 0.222,5-6-35-31-44-53-4 = 0.167
276,123,869.848,5.872,0.678,0.372,541,542,4-8-4 = 0.103,5-55-23-29-41-5 = 1.0,5-22-40-36-5 = 1.0,5-12-30-5 = 0.154,5-12-45-5 = 0.128,5-28-31-49-48-5 = 1.0,5-37-6-17-5 = 1.0,4-25-20-10-4 = 0.282,4-39-19-27-21-4 = 0.333,4-38-46-4 = 0.103,4-38-46-8-4 = 0.897,5-45-33-5 = 0.795,4-18-15-24-43-14-4 = 1.0,4-26-42-32-4 = 0.282,4-25-32-42-4 = 0.718,4-10-16-51-9-5 = 0.077,4-34-13-7-4 = 0.641,4-34-20-10-4 = 0.359,4-44-54-52-4 = 0.667,4-20-13-7-4 = 0.359,5-35-47-16-10-4 = 0.231,5-35-47-16-51-9-5 = 0.077,5-35-47-9-45-5 = 0.077,5-35-47-9-16-53-4 = 0.615,4-39-50-19-21-4 = 0.667,4-50-27-44-53-4 = 0.333,5-51-30-11-5 = 0.846,5-9-11-33-5 = 0.154,4-10-53-33-5 = 0.051,4-27-52-54-4 = 0.333,4-26-12-5 = 0.718
457,295,869.925,5.6,0.247,-0.111,543,544,4-8-4 = 0.225,5-55-23-29-41-5 = 1.0,5-22-40-36-5 = 1.0,5-17-49-45-5 = 0.1,5-17-49-53-33-5 = 0.1,4-25-34-20-4 = 0.575,4-39-19-27-21-4 = 0.262,4-38-46-4 = 0.225,4-38-46-8-4 = 0.775,5-45-33-5 = 0.9,4-18-15-24-43-14-4 = 1.0,5-6-28-49-48-5 = 0.8,5-6-28-31-17-5 = 0.2,4-26-42-32-4 = 1.0,4-25-34-53-4 = 0.425,4-10-13-7-4 = 0.787,4-44-54-52-4 = 0.525,4-20-13-7-4 = 0.213,5-35-47-16-9-17-5 = 0.4,5-35-47-31-16-9-5 = 0.6,4-39-50-19-21-4 = 0.738,4-50-27-44-53-4 = 0.262,5-51-30-11-5 = 1.0,4-20-10-44-53-4 = 0.213,4-27-52-54-4 = 0.475,5-37-12-5 = 1.0,5-31-17-48-5 = 0.2
543,457,873.927,0.0,4.001,0.0,Prune by CG,,4-8-4 = 0.133,5-55-23-29-41-5 = 1.0,5-37-31-17-5 = 0.5,5-22-40-36-5 = 1.0,5-12-26-4 = 0.25,4-25-34-20-4 = 0.2,4-39-19-27-21-4 = 0.4,4-38-46-4 = 0.133,4-38-46-8-4 = 0.867,5-45-33-5 = 1.0,4-18-15-24-43-14-4 = 1.0,5-6-28-49-48-5 = 1.0,4-26-42-32-4 = 0.333,4-25-34-53-4 = 0.8,4-10-13-7-4 = 0.167,4-10-32-42-4 = 0.667,4-44-54-52-4 = 0.8,4-20-13-7-4 = 0.633,5-35-47-16-9-17-5 = 0.5,5-35-47-31-16-9-5 = 0.5,4-39-50-19-21-4 = 0.6,5-51-30-11-5 = 1.0,4-26-20-10-4 = 0.167,5-37-12-5 = 0.5,4-26-12-5 = 0.25,4-50-27-44-54-4 = 0.2,4-13-27-52-4 = 0.2,4-50-27-7-53-4 = 0.2
544,457,872.98,0.0,3.055,0.0,Prune by CG,,4-8-4 = 0.25,5-55-23-29-41-5 = 1.0,5-37-31-17-5 = 0.1,5-22-40-36-5 = 1.0,4-25-34-20-4 = 0.8,4-38-46-4 = 0.25,4-38-46-8-4 = 0.75,5-45-33-5 = 0.65,4-18-15-24-43-14-4 = 1.0,5-6-28-49-48-5 = 0.8,5-6-28-31-17-5 = 0.2,4-26-42-32-4 = 0.9,4-25-34-53-4 = 0.2,4-10-13-7-4 = 0.8,4-42-30-5 = 0.1,5-35-47-16-9-17-5 = 0.5,5-35-47-9-45-5 = 0.35,5-35-47-9-33-5 = 0.15,4-39-50-19-21-4 = 1.0,5-31-16-44-53-4 = 0.5,5-51-30-11-5 = 0.9,5-51-11-33-5 = 0.1,4-20-10-44-53-4 = 0.2,4-32-44-53-33-5 = 0.1,4-27-52-54-4 = 1.0,5-37-12-5 = 0.9,4-26-12-5 = 0.1,4-13-7-44-49-5 = 0.2,5-31-17-48-5 = 0.2
214,168,869.752,9.619,1.206,0.952,545,546,5-55-23-29-41-5 = 1.0,5-37-48-5 = 0.476,5-22-40-36-5 = 1.0,5-12-42-4 = 1.0,5-28-31-45-5 = 0.238,5-28-31-49-48-5 = 0.095,5-37-6-17-5 = 0.524,4-25-20-10-4 = 0.381,4-39-19-27-21-4 = 0.333,4-38-46-8-4 = 1.0,5-45-33-5 = 0.119,4-18-15-24-43-5 = 0.524,4-18-15-24-43-14-4 = 0.476,4-25-34-53-4 = 0.357,4-10-32-30-14-4 = 0.524,4-34-13-7-4 = 0.381,4-44-54-52-4 = 0.667,4-20-13-7-4 = 0.619,5-28-17-48-5 = 0.429,5-28-35-47-16-49-5 = 0.238,5-35-47-16-10-4 = 0.048,5-35-47-16-31-49-5 = 0.667,5-35-47-16-9-17-5 = 0.048,4-39-50-19-21-4 = 0.667,4-50-27-44-53-4 = 0.333,5-6-51-9-45-5 = 0.476,5-51-30-11-5 = 0.167,5-51-11-33-5 = 0.357,5-9-11-33-5 = 0.476,4-10-53-33-5 = 0.048,4-26-25-4 = 0.262,4-26-34-53-4 = 0.262,4-26-32-30-5 = 0.31,4-26-32-45-5 = 0.167,4-27-52-54-4 = 0.333
545,214,869.852,8.833,0.1,-0.786,547,548,4-8-4 = 0.153,5-55-23-29-41-5 = 1.0,5-37-48-5 = 0.389,5-22-40-36-5 = 1.0,5-12-42-4 = 1.0,5-28-31-45-5 = 0.194,5-28-31-49-48-5 = 0.444,5-37-6-17-5 = 0.611,4-25-20-10-4 = 0.556,4-39-19-27-21-4 = 0.333,4-38-46-4 = 0.153,4-38-46-8-4 = 0.847,5-45-33-5 = 0.097,4-18-15-24-43-14-4 = 1.0,4-25-34-53-4 = 0.444,4-34-13-7-4 = 0.556,4-44-54-52-4 = 0.667,4-20-13-7-4 = 0.444,5-28-17-48-5 = 0.167,5-28-35-47-16-49-5 = 0.194,5-35-47-16-10-4 = 0.222,5-35-47-16-31-49-5 = 0.361,5-35-47-16-9-17-5 = 0.222,4-39-50-19-21-4 = 0.667,4-50-27-44-53-4 = 0.333,5-6-51-9-45-5 = 0.389,5-51-30-11-5 = 0.319,5-51-11-33-5 = 0.292,5-9-11-33-5 = 0.389,4-10-53-33-5 = 0.222,4-26-32-30-5 = 0.681,4-26-32-45-5 = 0.319,4-27-52-54-4 = 0.333
548,545,870.964,0.0,1.112,0.0,Prune by CG,,4-8-4 = 0.139,5-55-23-29-41-5 = 1.0,5-37-48-5 = 0.083,5-22-40-36-5 = 1.0,5-37-9-11-5 = 0.556,5-12-42-4 = 1.0,5-37-6-17-5 = 0.278,4-25-20-10-4 = 0.667,4-39-19-27-21-4 = 0.333,4-38-46-4 = 0.139,4-38-46-8-4 = 0.861,5-45-33-5 = 0.472,4-18-15-24-43-14-4 = 1.0,5-6-28-49-48-5 = 0.278,4-25-34-53-4 = 0.25,4-34-13-7-4 = 0.667,4-44-54-52-4 = 0.667,4-20-13-7-4 = 0.333,5-28-17-48-5 = 0.639,5-28-35-16-51-5 = 0.083,5-35-47-16-31-49-5 = 0.722,5-35-47-31-16-51-5 = 0.028,5-35-47-31-16-32-4 = 0.167,5-37-47-31-17-5 = 0.083,4-39-50-19-21-4 = 0.667,4-50-27-44-53-4 = 0.333,5-6-51-9-45-5 = 0.444,5-51-30-11-5 = 0.25,5-51-11-33-5 = 0.194,4-10-53-33-5 = 0.333,4-26-25-4 = 0.083,4-26-34-53-4 = 0.083,4-26-32-30-5 = 0.75,4-26-32-45-5 = 0.083,4-27-52-54-4 = 0.333
546,214,869.988,8.778,0.236,-0.841,549,550,5-55-23-29-41-5 = 1.0,5-37-48-5 = 0.444,5-22-40-36-5 = 1.0,5-12-42-4 = 1.0,5-28-31-45-5 = 0.222,5-28-31-49-48-5 = 0.444,5-37-6-17-5 = 0.556,4-25-20-10-4 = 0.333,4-39-19-27-21-4 = 0.333,4-38-46-8-4 = 1.0,5-45-33-5 = 0.278,4-18-15-24-43-4 = 0.111,4-18-15-24-43-5 = 0.889,4-25-34-53-4 = 0.278,4-10-32-30-14-4 = 0.667,4-34-13-7-4 = 0.333,4-44-54-52-4 = 0.667,4-20-13-7-4 = 0.667,5-28-17-48-5 = 0.111,5-28-35-47-16-49-5 = 0.222,5-35-47-16-31-49-5 = 0.333,5-35-47-16-9-17-5 = 0.333,4-39-50-19-21-4 = 0.667,4-50-27-44-53-4 = 0.333,5-6-51-9-45-5 = 0.333,5-51-30-11-5 = 0.278,5-51-11-33-5 = 0.389,5-9-11-33-5 = 0.333,5-6-47-35-16-32-4 = 0.111,4-26-25-4 = 0.056,4-26-34-53-4 = 0.389,4-26-32-30-5 = 0.056,4-26-32-45-5 = 0.167,4-25-26-14-4 = 0.333,4-27-52-54-4 = 0.333
549,546,871.272,0.0,1.284,0.0,Prune by CG,,5-55-23-29-41-5 = 1.0,5-37-48-5 = 1.0,5-22-40-36-5 = 1.0,5-17-49-53-33-5 = 0.177,5-12-42-4 = 1.0,4-25-20-10-4 = 0.373,4-25-34-20-4 = 0.069,4-39-19-27-21-4 = 0.333,4-38-46-8-4 = 1.0,5-45-33-5 = 0.196,4-18-15-24-43-4 = 0.348,4-18-15-24-43-5 = 0.652,5-6-28-31-17-5 = 0.595,4-25-34-53-4 = 0.211,4-10-32-30-14-4 = 0.627,4-34-13-7-4 = 0.442,4-44-54-52-4 = 0.667,4-20-13-7-4 = 0.558,5-28-35-47-16-49-5 = 0.38,5-35-47-16-31-49-5 = 0.405,5-35-47-16-9-17-5 = 0.215,4-39-50-19-21-4 = 0.667,4-50-27-44-53-4 = 0.333,5-6-51-9-45-5 = 0.392,5-51-30-11-5 = 0.373,5-51-11-33-5 = 0.234,5-9-11-33-5 = 0.392,4-26-34-53-4 = 0.279,4-26-32-45-5 = 0.373,4-25-26-14-4 = 0.348,4-27-52-54-4 = 0.333,5-6-17-49-45-5 = 0.013,5-28-49-45-14-4 = 0.026
499,366,869.912,6.765,0.184,0.019,551,552,4-8-4 = 0.059,4-50-52-54-4 = 1.0,5-55-23-29-41-5 = 1.0,5-37-48-5 = 1.0,5-22-40-36-5 = 1.0,5-17-49-45-5 = 0.029,5-17-49-53-33-5 = 0.088,5-16-51-30-5 = 0.147,4-25-20-13-4 = 0.206,4-25-34-20-4 = 0.588,4-39-19-21-4 = 0.382,4-39-19-27-21-4 = 0.235,4-39-19-27-44-49-5 = 0.382,4-38-46-4 = 0.059,4-38-46-8-4 = 0.941,5-45-33-5 = 0.471,4-18-15-24-43-4 = 0.471,4-18-15-24-43-5 = 0.529,4-26-12-14-4 = 1.0,4-25-20-7-4 = 0.206,4-13-7-27-21-4 = 0.382,4-10-32-42-4 = 1.0,4-34-13-7-4 = 0.412,5-35-16-45-5 = 0.118,5-31-16-44-53-4 = 0.618,5-51-30-11-5 = 0.559,5-9-11-33-5 = 0.441,5-6-47-16-31-49-5 = 0.118,5-6-47-35-28-17-5 = 0.882,5-9-31-49-45-5 = 0.265,5-9-51-30-53-4 = 0.294,5-28-49-45-5 = 0.118
551,499,872.772,0.0,2.859,0.0,Prune by CG,,4-8-4 = 0.1,4-50-52-54-4 = 1.0,5-55-23-29-41-5 = 1.0,5-37-48-5 = 1.0,5-22-40-36-5 = 1.0,5-12-28-17-5 = 0.2,5-12-9-31-49-5 = 0.2,5-28-31-16-49-5 = 0.2,4-25-20-13-4 = 0.2,4-25-34-20-4 = 0.6,4-39-19-21-4 = 0.4,4-39-19-27-21-4 = 0.2,4-39-19-27-44-49-5 = 0.4,4-38-46-4 = 0.1,4-38-46-8-4 = 0.9,4-26-24-14-4 = 0.1,4-26-18-15-43-5 = 0.1,5-45-33-5 = 1.0,4-18-15-24-43-4 = 0.3,4-18-15-24-43-5 = 0.3,4-18-15-24-43-14-4 = 0.3,4-26-12-14-4 = 0.6,4-26-42-32-4 = 0.2,4-25-20-7-4 = 0.2,4-13-7-27-21-4 = 0.4,4-10-32-42-4 = 0.8,4-34-13-7-4 = 0.4,5-31-16-44-53-4 = 0.6,5-51-30-11-5 = 0.6,5-6-47-35-28-17-5 = 0.6,5-6-35-47-9-11-5 = 0.4,5-9-51-30-53-4 = 0.4,4-10-16-17-49-5 = 0.2
552,499,871.66,0.0,1.748,0.0,Prune by CG,,4-8-4 = 0.085,4-50-52-54-4 = 1.0,5-55-23-29-41-5 = 1.0,5-37-48-5 = 1.0,5-22-40-36-5 = 1.0,5-17-49-53-33-5 = 0.349,5-28-31-45-5 = 0.174,4-25-20-13-4 = 0.19,4-25-34-20-4 = 0.62,4-39-19-21-4 = 0.43,4-39-19-27-21-4 = 0.14,4-39-19-27-44-49-5 = 0.43,4-38-46-4 = 0.085,4-38-46-8-4 = 0.915,4-18-15-24-43-4 = 1.0,4-26-12-14-4 = 1.0,4-25-20-7-4 = 0.19,4-13-7-27-21-4 = 0.43,4-10-32-42-4 = 0.919,4-34-13-7-4 = 0.38,5-35-16-45-5 = 0.349,5-31-16-44-53-4 = 0.488,5-51-30-11-5 = 0.593,5-9-11-33-5 = 0.407,5-6-47-16-31-49-5 = 0.047,5-6-47-35-28-17-5 = 0.651,4-10-53-33-5 = 0.081,4-32-44-53-33-5 = 0.081,5-6-47-9-45-5 = 0.302,5-31-9-51-30-4 = 0.07,5-31-9-51-30-5 = 0.221,5-28-49-45-5 = 0.174,4-42-33-5 = 0.081,5-51-16-30-4 = 0.116
294,156,870.355,2.75,1.395,-3.05,553,554,4-50-52-54-4 = 1.0,5-55-23-29-41-5 = 1.0,5-22-40-36-5 = 1.0,5-28-31-49-48-5 = 0.25,4-39-19-27-21-4 = 1.0,4-38-46-4 = 1.0,4-26-24-14-4 = 1.0,5-45-33-5 = 1.0,4-8-18-15-43-4 = 1.0,5-6-28-49-48-5 = 0.5,5-6-28-31-17-5 = 0.25,4-25-32-42-4 = 1.0,4-34-13-7-4 = 1.0,5-6-9-51-30-5 = 0.25,5-35-47-16-11-5 = 0.25,5-35-47-16-31-49-5 = 0.25,5-35-47-16-9-17-5 = 0.5,5-51-30-11-5 = 0.75,5-9-31-17-48-5 = 0.25,4-20-10-44-53-4 = 1.0,5-12-37-5 = 1.0
554,294,871.132,0.0,0.777,0.0,Prune by CG,,4-8-4 = 0.111,4-50-52-54-4 = 1.0,5-55-23-29-41-5 = 1.0,5-22-40-36-5 = 1.0,5-28-31-49-48-5 = 0.444,4-39-19-27-21-4 = 1.0,4-38-46-4 = 1.0,4-26-24-14-4 = 0.889,5-33-45-5 = 0.778,4-8-18-15-43-4 = 0.889,4-18-15-24-43-4 = 0.111,4-26-12-14-4 = 0.111,4-25-32-42-4 = 1.0,4-34-13-7-4 = 1.0,5-6-9-51-30-5 = 0.778,5-28-17-48-5 = 0.556,5-35-16-31-17-5 = 0.111,5-35-47-16-11-5 = 0.556,5-35-47-16-31-49-5 = 0.333,5-37-47-31-17-5 = 0.111,5-51-30-11-5 = 0.222,5-9-11-33-5 = 0.222,4-20-10-44-53-4 = 1.0,5-12-37-5 = 0.889,5-6-17-49-45-5 = 0.222
290,202,869.772,9.552,0.734,0.828,555,556,4-8-4 = 0.258,4-50-52-54-4 = 0.509,5-55-23-29-41-5 = 1.0,5-37-48-5 = 1.0,5-22-40-36-5 = 1.0,5-17-49-53-33-5 = 0.054,5-12-42-4 = 1.0,5-28-31-16-32-4 = 0.146,5-16-9-45-5 = 0.343,4-39-19-27-21-4 = 0.263,4-39-19-27-44-49-5 = 0.246,4-38-46-4 = 0.012,4-38-46-8-4 = 0.742,4-38-46-19-27-21-4 = 0.246,5-45-33-5 = 0.169,4-18-15-24-43-5 = 0.493,4-18-15-24-43-14-4 = 0.507,4-25-34-53-4 = 0.683,4-10-13-7-4 = 0.253,4-10-32-30-14-4 = 0.493,5-6-16-44-53-4 = 0.263,5-6-16-31-17-5 = 0.171,4-34-35-47-28-49-5 = 0.317,4-44-54-52-4 = 0.491,4-20-13-7-4 = 0.747,5-28-47-35-31-17-5 = 0.537,4-39-50-27-21-4 = 0.246,4-39-50-19-21-4 = 0.246,5-6-51-9-45-5 = 0.251,5-51-30-11-5 = 0.223,5-51-11-33-5 = 0.449,5-9-11-33-5 = 0.329,5-6-9-51-16-32-4 = 0.077,4-26-25-4 = 0.317,4-26-20-10-4 = 0.253,4-26-32-30-5 = 0.284,4-26-35-47-31-49-5 = 0.146,5-6-17-49-45-5 = 0.237
556,290,869.907,8.504,0.135,-1.048,557,558,4-8-4 = 0.223,4-50-52-54-4 = 0.554,5-55-23-29-41-5 = 1.0,5-37-48-5 = 1.0,5-22-40-36-5 = 1.0,5-17-49-53-33-5 = 0.098,5-12-42-4 = 1.0,5-28-31-16-32-4 = 0.186,5-16-9-45-5 = 0.274,4-39-19-27-21-4 = 0.331,4-39-19-27-44-49-5 = 0.223,4-38-46-8-4 = 0.777,4-38-46-19-27-21-4 = 0.223,4-26-34-20-4 = 0.21,5-45-33-5 = 0.265,4-18-15-24-43-5 = 1.0,4-25-34-53-4 = 0.571,4-10-13-7-4 = 0.319,4-10-32-30-14-4 = 0.571,5-6-16-44-53-4 = 0.331,5-6-16-31-17-5 = 0.032,4-34-35-47-28-49-5 = 0.218,4-44-54-52-4 = 0.446,4-20-13-7-4 = 0.681,5-28-35-47-31-17-5 = 0.596,4-39-50-27-21-4 = 0.223,4-39-50-19-21-4 = 0.223,5-6-51-9-45-5 = 0.186,5-51-30-11-5 = 0.363,5-51-11-33-5 = 0.274,5-9-11-33-5 = 0.363,5-6-9-51-16-32-4 = 0.177,4-26-20-10-4 = 0.109,4-26-32-30-5 = 0.066,4-25-26-14-4 = 0.429,4-26-47-35-31-49-5 = 0.186,5-6-17-49-45-5 = 0.274
557,556,871.127,0.0,1.22,0.0,Prune by CG,,4-8-4 = 0.023,4-50-52-54-4 = 1.0,5-55-23-29-41-5 = 1.0,5-37-48-5 = 1.0,5-22-40-36-5 = 1.0,5-12-42-4 = 1.0,5-16-9-45-5 = 0.136,4-39-19-27-21-4 = 1.0,4-38-46-4 = 0.023,4-38-46-8-4 = 0.977,5-45-33-5 = 0.227,4-18-15-24-43-5 = 1.0,4-10-32-30-14-4 = 0.545,4-34-13-7-4 = 0.455,5-6-16-44-53-4 = 0.091,5-6-16-31-17-5 = 0.045,4-34-35-47-28-49-5 = 0.545,4-20-13-7-4 = 0.545,5-28-35-47-31-17-5 = 0.455,5-6-51-9-45-5 = 0.182,5-31-16-44-53-4 = 0.455,5-51-30-11-5 = 0.227,5-51-11-33-5 = 0.364,5-9-11-33-5 = 0.409,5-9-16-31-17-5 = 0.045,5-6-9-51-16-32-4 = 0.227,4-20-10-44-53-4 = 0.455,4-26-25-4 = 0.432,4-26-32-30-5 = 0.114,4-25-26-14-4 = 0.455,4-25-32-30-5 = 0.114,5-6-17-49-45-5 = 0.455
558,556,871.009,0.0,1.102,0.0,Prune by CG,,4-8-4 = 0.143,5-55-23-29-41-5 = 1.0,5-37-48-5 = 1.0,5-22-40-36-5 = 1.0,5-17-49-53-33-5 = 0.079,5-12-42-4 = 1.0,5-28-31-16-32-4 = 0.048,5-16-9-45-5 = 0.365,4-39-19-27-44-49-5 = 0.143,4-38-46-8-4 = 0.857,4-38-46-19-27-21-4 = 0.143,4-26-34-20-4 = 0.175,5-45-33-5 = 0.222,4-18-15-24-43-5 = 1.0,4-25-34-53-4 = 0.413,4-10-13-7-4 = 0.27,4-10-32-30-14-4 = 0.635,5-6-31-16-53-4 = 0.333,4-34-35-47-28-49-5 = 0.381,4-44-54-52-4 = 0.714,4-20-13-7-4 = 0.73,5-28-35-47-31-17-5 = 0.571,4-39-50-27-21-4 = 0.286,4-39-50-19-21-4 = 0.571,5-6-51-9-45-5 = 0.063,5-51-30-11-5 = 0.302,5-51-11-33-5 = 0.381,5-9-11-33-5 = 0.317,5-6-9-51-16-32-4 = 0.254,4-50-19-27-44-53-4 = 0.143,4-26-25-4 = 0.222,4-26-34-53-4 = 0.032,4-26-20-10-4 = 0.095,4-26-32-30-5 = 0.063,4-25-26-14-4 = 0.365,4-26-35-47-31-49-5 = 0.048,4-27-52-54-4 = 0.286,5-6-17-49-45-5 = 0.349
329,136,870.107,5.0,0.842,-1.2,559,560,4-50-52-54-4 = 0.333,5-55-23-29-41-5 = 1.0,5-22-40-36-5 = 1.0,5-28-31-49-48-5 = 1.0,5-37-6-17-5 = 0.667,4-39-19-27-21-4 = 0.667,4-38-46-8-4 = 1.0,5-45-33-5 = 1.0,4-18-15-24-43-4 = 0.333,4-18-15-24-43-5 = 0.667,4-26-12-14-4 = 1.0,4-25-34-53-4 = 0.667,4-10-32-42-4 = 0.667,4-44-54-52-4 = 0.667,4-20-13-7-4 = 1.0,5-35-16-42-4 = 0.333,5-35-47-16-10-4 = 0.333,5-35-47-16-9-17-5 = 0.333,4-39-50-19-21-4 = 0.333,4-50-27-44-53-4 = 0.333,5-51-30-11-5 = 1.0,4-25-34-47-9-5 = 0.333,5-37-6-9-32-4 = 0.333
559,329,871.029,0.0,0.922,0.0,Prune by CG,,4-8-4 = 0.05,4-50-52-54-4 = 0.2,5-55-23-29-41-5 = 1.0,5-22-40-36-5 = 1.0,5-28-31-49-48-5 = 1.0,5-37-6-17-5 = 0.5,4-39-19-27-21-4 = 0.6,4-38-46-4 = 0.05,4-38-46-8-4 = 0.95,5-45-33-5 = 0.75,4-18-15-24-43-4 = 0.5,4-18-15-24-43-5 = 0.5,4-26-12-14-4 = 1.0,4-25-34-53-4 = 1.0,4-10-32-42-4 = 0.5,4-44-54-52-4 = 0.6,4-20-13-7-4 = 1.0,5-35-47-16-10-4 = 0.5,5-35-47-16-9-17-5 = 0.5,4-39-50-19-21-4 = 0.4,4-50-27-44-52-4 = 0.2,5-51-30-11-5 = 1.0,4-42-45-5 = 0.25,4-50-27-44-54-4 = 0.2,4-42-33-5 = 0.25,5-37-6-9-32-4 = 0.5
560,329,871.893,0.0,1.786,0.0,Prune by CG,,4-50-52-54-4 = 1.0,5-55-23-29-41-5 = 1.0,5-22-40-36-5 = 1.0,5-28-31-49-48-5 = 1.0,5-37-6-17-5 = 1.0,4-39-19-27-21-4 = 1.0,4-38-46-8-4 = 1.0,5-45-33-5 = 1.0,4-18-15-24-43-4 = 1.0,4-26-12-14-4 = 1.0,4-10-32-42-4 = 1.0,4-20-13-7-4 = 1.0,5-35-16-44-53-4 = 1.0,5-51-30-11-5 = 1.0,4-25-34-47-9-5 = 1.0
416,272,870.152,3.667,0.57,-1.405,561,562,4-8-4 = 0.19,4-50-52-54-4 = 1.0,5-55-23-29-41-5 = 1.0,5-22-40-36-5 = 1.0,5-12-45-5 = 0.143,5-37-28-17-5 = 1.0,4-25-20-10-4 = 1.0,4-39-19-27-21-4 = 1.0,4-38-46-4 = 0.19,4-38-46-8-4 = 0.81,5-45-33-5 = 0.714,4-18-15-24-43-5 = 0.857,4-18-15-24-43-14-4 = 0.143,4-26-12-14-4 = 0.857,4-26-42-32-4 = 0.143,4-34-13-7-4 = 1.0,4-42-30-5 = 0.286,5-35-16-44-53-4 = 0.905,5-51-30-11-5 = 0.381,5-9-11-33-5 = 0.286,4-32-30-11-5 = 0.333,5-6-47-31-49-48-5 = 1.0,5-35-51-9-45-5 = 0.095,5-9-16-44-53-4 = 0.095,4-42-45-5 = 0.048,5-9-51-32-42-4 = 0.524
561,416,873.368,0.0,3.216,0.0,Prune by CG,,4-8-4 = 0.167,4-50-52-54-4 = 1.0,5-55-23-29-41-5 = 1.0,5-22-40-36-5 = 1.0,5-37-28-17-5 = 0.667,5-37-51-9-17-5 = 0.333,5-11-32-42-4 = 0.167,4-25-20-10-4 = 1.0,4-39-19-27-21-4 = 1.0,4-38-46-4 = 0.167,4-38-46-8-4 = 0.833,5-45-33-5 = 1.0,4-18-15-24-43-4 = 0.5,4-18-15-24-43-5 = 0.5,4-26-12-14-4 = 1.0,4-34-13-7-4 = 1.0,4-42-30-5 = 0.5,5-35-16-44-53-4 = 1.0,4-32-30-11-5 = 0.5,5-6-47-31-49-48-5 = 1.0,5-9-51-32-42-4 = 0.333,5-28-9-51-11-5 = 0.333
562,416,870.935,0.0,0.783,0.0,Prune by CG,,4-8-4 = 0.25,4-50-52-54-4 = 1.0,5-55-23-29-41-5 = 1.0,5-22-40-36-5 = 1.0,5-37-28-17-5 = 0.5,5-12-9-31-49-5 = 0.25,4-25-20-10-4 = 1.0,4-39-19-27-21-4 = 1.0,4-38-46-4 = 0.25,4-38-46-8-4 = 0.75,5-45-33-5 = 0.5,4-18-15-24-43-5 = 0.25,4-18-15-24-43-14-4 = 0.75,4-26-12-14-4 = 0.25,4-26-42-32-4 = 0.75,4-34-13-7-4 = 1.0,4-42-30-5 = 0.25,5-28-17-48-5 = 0.5,5-35-16-44-53-4 = 0.75,5-35-16-9-31-49-5 = 0.25,5-51-30-11-5 = 0.75,5-51-11-33-5 = 0.25,4-32-44-53-33-5 = 0.25,5-6-47-31-49-48-5 = 0.5,5-6-47-9-45-5 = 0.5,5-12-37-5 = 0.5
286,269,869.776,6.297,0.57,1.131,563,564,4-8-4 = 0.144,4-50-52-54-4 = 1.0,5-55-23-29-41-5 = 1.0,5-22-40-36-5 = 1.0,5-37-9-11-5 = 0.092,5-37-51-9-17-5 = 0.092,5-17-49-53-33-5 = 0.108,5-28-31-49-48-5 = 0.415,4-25-20-13-4 = 0.297,4-25-34-20-4 = 0.405,4-39-19-27-21-4 = 1.0,4-38-46-4 = 0.144,4-38-46-8-4 = 0.856,4-26-42-14-4 = 0.092,4-26-24-14-4 = 0.308,4-26-18-15-43-5 = 0.092,5-33-45-5 = 0.892,4-18-15-24-43-5 = 0.692,4-26-12-14-4 = 0.292,4-25-20-7-4 = 0.297,4-10-32-42-4 = 0.908,4-10-32-30-14-4 = 0.092,4-34-13-7-4 = 0.595,5-28-17-48-5 = 0.031,5-35-16-44-53-4 = 0.154,5-35-31-17-48-5 = 0.215,5-51-30-11-5 = 0.908,5-6-47-16-31-49-5 = 0.031,5-6-47-35-16-9-5 = 0.077,5-6-47-35-28-17-5 = 0.554,5-6-47-31-49-48-5 = 0.338,5-9-16-44-53-4 = 0.738,5-37-12-5 = 0.708,4-26-18-15-43-14-4 = 0.215,5-37-45-5 = 0.108,4-13-7-44-49-5 = 0.108
564,286,872.677,0.0,2.901,0.0,Prune by CG,,4-8-4 = 0.136,4-50-52-54-4 = 1.0,5-55-23-29-41-5 = 1.0,5-22-40-36-5 = 1.0,5-37-51-9-17-5 = 0.318,5-17-49-53-33-5 = 0.045,5-28-31-49-48-5 = 0.591,4-25-20-13-4 = 0.318,4-25-34-20-4 = 0.364,4-39-19-27-21-4 = 1.0,4-38-46-4 = 0.136,4-38-46-8-4 = 0.864,4-26-24-14-4 = 0.159,4-26-18-15-43-4 = 0.159,5-45-33-5 = 0.636,4-18-15-24-43-4 = 0.091,4-18-15-24-43-5 = 0.75,5-6-28-47-44-53-4 = 0.136,4-26-12-14-4 = 0.682,4-25-20-7-4 = 0.318,4-10-32-42-4 = 0.841,4-10-32-30-14-4 = 0.159,4-34-13-7-4 = 0.636,4-42-30-5 = 0.159,5-28-17-48-5 = 0.273,5-35-16-44-53-4 = 0.818,5-35-31-17-48-5 = 0.091,5-51-30-11-5 = 0.682,5-9-11-33-5 = 0.318,5-6-47-16-31-49-5 = 0.182,5-37-35-31-49-5 = 0.091,5-6-47-31-49-48-5 = 0.045,5-6-47-9-45-5 = 0.364,5-37-6-47-17-5 = 0.273,5-12-37-5 = 0.318,4-13-7-44-49-5 = 0.045
453,325,870.164,3.357,0.449,-1.5,565,566,4-8-4 = 0.036,4-50-52-54-4 = 1.0,5-35-47-34-10-4 = 0.75,5-55-23-29-41-5 = 1.0,5-22-40-36-5 = 1.0,5-37-9-11-5 = 0.071,5-28-31-49-48-5 = 0.857,5-37-6-17-5 = 0.857,4-39-19-21-4 = 0.107,4-39-19-27-21-4 = 0.786,4-39-19-27-44-49-5 = 0.107,4-38-46-4 = 0.036,4-38-46-8-4 = 0.964,4-26-24-14-4 = 0.036,4-26-18-15-43-5 = 0.036,5-45-33-5 = 0.857,4-18-15-24-43-5 = 0.964,4-26-12-14-4 = 0.929,4-25-32-42-4 = 0.929,4-13-7-27-21-4 = 0.107,4-10-32-30-14-4 = 0.036,4-42-30-5 = 0.071,4-34-35-47-28-49-5 = 0.036,4-20-13-7-4 = 0.893,5-28-17-48-5 = 0.107,5-6-51-9-45-5 = 0.143,5-31-16-44-53-4 = 0.107,5-51-30-11-5 = 0.857,5-9-11-33-5 = 0.071,5-9-31-17-48-5 = 0.036,4-10-53-33-5 = 0.071,4-20-10-44-53-4 = 0.107,4-25-32-30-5 = 0.036,5-9-16-44-53-4 = 0.679,5-37-12-5 = 0.071,4-25-10-53-4 = 0.036,4-34-35-47-16-5 = 0.214
565,453,870.627,0.0,0.463,0.0,Prune by CG,,4-8-4 = 0.023,4-50-52-54-4 = 1.0,5-35-47-34-10-4 = 0.754,5-55-23-29-41-5 = 1.0,5-22-40-36-5 = 1.0,5-28-31-45-5 = 0.062,5-28-31-49-48-5 = 0.923,5-37-6-17-5 = 1.0,4-39-19-21-4 = 0.062,4-39-19-27-21-4 = 0.877,4-39-19-27-44-49-5 = 0.062,4-38-46-4 = 0.023,4-38-46-8-4 = 0.977,5-33-45-5 = 0.938,4-18-15-24-43-5 = 1.0,4-26-12-14-4 = 1.0,4-25-32-42-4 = 0.931,4-13-7-27-21-4 = 0.062,4-10-16-51-9-5 = 0.123,4-42-30-5 = 0.069,4-34-35-47-11-5 = 0.138,4-20-13-7-4 = 0.938,4-34-47-35-28-49-5 = 0.015,5-51-30-11-5 = 0.862,4-10-53-33-5 = 0.062,4-20-10-44-53-4 = 0.062,4-25-32-30-5 = 0.069,5-9-16-44-53-4 = 0.877,4-34-35-47-48-5 = 0.077,4-34-35-47-31-51-5 = 0.015
566,453,871.357,0.0,1.193,0.0,Prune by CG,,4-8-4 = 0.059,4-50-52-54-4 = 1.0,5-35-47-34-10-4 = 0.676,5-55-23-29-41-5 = 1.0,5-22-40-36-5 = 1.0,5-37-9-11-5 = 0.118,5-28-31-49-48-5 = 0.235,5-37-6-17-5 = 0.588,4-39-19-21-4 = 0.029,4-39-19-27-21-4 = 0.941,4-39-19-27-44-49-5 = 0.029,4-38-46-4 = 0.059,4-38-46-8-4 = 0.941,4-26-24-14-4 = 0.147,4-26-18-15-43-5 = 0.147,5-33-45-5 = 0.824,4-18-15-24-43-5 = 0.853,5-6-28-49-48-5 = 0.353,4-26-12-14-4 = 0.706,4-25-32-42-4 = 0.853,4-13-7-27-21-4 = 0.029,4-10-32-30-14-4 = 0.147,4-42-30-5 = 0.147,4-20-13-7-4 = 0.971,5-28-17-48-5 = 0.088,4-34-47-35-28-49-5 = 0.324,5-6-51-9-45-5 = 0.059,5-31-16-44-53-4 = 0.441,5-51-30-11-5 = 0.382,5-51-16-45-5 = 0.118,5-51-16-44-53-4 = 0.441,5-9-30-11-5 = 0.324,5-9-11-33-5 = 0.176,5-9-31-17-48-5 = 0.324,4-20-10-44-53-4 = 0.029,4-25-10-44-49-5 = 0.059,5-12-37-5 = 0.294,4-25-10-53-4 = 0.088
93,75,869.393,8.25,1.245,3.583,567,568,4-8-4 = 0.188,4-50-52-54-4 = 1.0,5-55-23-29-41-5 = 1.0,5-22-40-36-5 = 1.0,5-37-28-17-5 = 0.75,5-28-31-49-48-5 = 0.25,4-25-34-20-4 = 0.75,4-39-19-21-4 = 0.25,4-39-19-27-21-4 = 0.5,4-39-19-27-44-49-5 = 0.25,4-38-46-4 = 0.188,4-38-46-8-4 = 0.812,5-45-33-5 = 0.812,4-18-15-24-43-4 = 0.875,4-18-15-24-43-5 = 0.125,4-26-12-14-4 = 0.75,4-26-42-32-4 = 0.25,4-25-34-53-4 = 0.25,4-13-7-27-21-4 = 0.25,4-10-13-7-4 = 0.625,4-10-32-30-14-4 = 0.25,5-6-9-51-33-5 = 0.062,4-42-30-5 = 0.25,4-20-13-7-4 = 0.125,5-35-16-44-53-4 = 0.125,5-35-47-16-11-5 = 0.375,5-35-47-31-49-48-5 = 0.5,5-6-51-9-45-5 = 0.188,5-31-16-44-53-4 = 0.25,5-51-11-33-5 = 0.125,5-51-16-44-53-4 = 0.125,4-32-30-11-5 = 0.5,5-47-16-44-53-4 = 0.125,4-20-10-44-53-4 = 0.125,5-12-37-5 = 0.25,5-6-9-51-42-4 = 0.5,5-6-9-17-48-5 = 0.25
568,93,874.199,0.0,4.807,0.0,Prune by CG,,4-50-52-54-4 = 1.0,5-55-23-29-41-5 = 1.0,5-22-40-36-5 = 1.0,5-37-28-17-5 = 0.5,5-28-31-49-48-5 = 0.5,4-25-34-20-4 = 1.0,4-39-19-21-4 = 1.0,4-38-46-8-4 = 1.0,5-33-45-5 = 0.5,4-18-15-24-43-4 = 1.0,4-7-27-44-53-4 = 0.5,4-26-12-14-4 = 0.5,4-26-42-32-4 = 0.5,4-10-13-7-4 = 0.5,4-10-32-30-14-4 = 0.5,4-42-30-4 = 0.5,5-35-47-16-11-5 = 0.5,5-35-47-16-31-49-5 = 0.5,5-6-51-9-45-5 = 0.5,5-51-11-33-5 = 0.5,5-12-37-5 = 0.5,5-6-9-17-48-5 = 0.5,4-13-27-44-53-4 = 0.5
567,93,869.599,4.154,0.207,-4.096,569,570,4-8-4 = 0.154,4-50-52-54-4 = 1.0,5-55-23-29-41-5 = 1.0,5-22-40-36-5 = 1.0,5-37-28-17-5 = 0.808,5-17-49-53-33-5 = 0.038,5-28-31-49-48-5 = 0.192,4-25-34-20-4 = 1.0,4-39-19-27-21-4 = 1.0,4-38-46-4 = 0.154,4-38-46-8-4 = 0.846,4-26-42-14-4 = 0.154,5-33-45-5 = 0.923,4-18-15-24-43-4 = 0.269,4-18-15-24-43-5 = 0.731,4-26-12-14-4 = 0.808,4-26-42-32-4 = 0.038,4-10-13-7-4 = 0.962,4-10-32-30-14-4 = 0.038,4-42-30-5 = 0.038,5-35-16-44-53-4 = 0.308,5-35-47-16-11-5 = 0.038,5-35-47-31-49-48-5 = 0.654,5-31-16-44-53-4 = 0.154,5-51-11-33-5 = 0.038,5-51-16-44-53-4 = 0.192,4-32-30-11-5 = 0.923,5-47-16-44-53-4 = 0.308,5-12-37-5 = 0.192,5-6-9-51-42-4 = 0.769,5-6-9-17-48-5 = 0.154,4-13-7-44-49-5 = 0.038,5-6-9-45-49-5 = 0.077
570,567,871.947,0.0,2.348,0.0,Prune by CG,,4-8-4 = 0.222,4-50-52-54-4 = 1.0,5-55-23-29-41-5 = 1.0,5-22-40-36-5 = 1.0,5-37-28-17-5 = 0.222,5-17-49-53-33-5 = 0.111,5-28-31-49-48-5 = 0.556,4-25-34-20-4 = 1.0,4-39-19-27-21-4 = 1.0,4-38-46-4 = 0.222,4-38-46-8-4 = 0.778,4-26-42-14-4 = 0.111,5-33-45-5 = 0.667,4-18-15-24-43-4 = 0.444,4-18-15-24-43-5 = 0.556,4-26-12-14-4 = 0.778,4-26-42-32-4 = 0.111,4-10-13-7-4 = 0.889,4-10-32-30-14-4 = 0.111,4-42-30-5 = 0.111,5-35-16-44-53-4 = 0.556,5-35-16-49-48-5 = 0.222,5-37-47-31-17-5 = 0.444,5-6-51-9-45-5 = 0.111,5-51-11-33-5 = 0.222,4-32-30-11-5 = 0.778,5-47-16-44-53-4 = 0.222,5-6-35-9-45-5 = 0.222,5-12-37-5 = 0.222,5-47-28-17-48-5 = 0.222,5-6-9-51-42-4 = 0.667,4-13-7-44-49-5 = 0.111,5-37-47-44-53-4 = 0.111
399,313,870.089,7.889,0.854,-0.963,571,572,4-8-4 = 0.222,5-55-23-29-41-5 = 1.0,5-22-40-36-5 = 1.0,5-12-30-5 = 0.083,5-12-45-5 = 0.167,5-37-28-17-5 = 0.25,5-28-31-49-48-5 = 0.25,4-25-20-10-4 = 0.583,4-25-20-13-4 = 0.139,4-25-34-20-4 = 0.139,4-39-19-27-21-4 = 0.333,4-38-46-4 = 0.222,4-38-46-8-4 = 0.778,4-18-15-24-43-14-4 = 1.0,4-26-42-32-4 = 1.0,4-25-20-7-4 = 0.139,4-34-13-7-4 = 0.861,5-6-17-48-5 = 0.25,4-44-54-52-4 = 0.667,5-28-17-48-5 = 0.25,5-35-47-16-31-49-5 = 0.75,5-45-30-5 = 0.167,4-39-50-19-21-4 = 0.667,4-50-27-44-53-4 = 0.333,5-6-51-9-45-5 = 0.5,5-51-30-11-5 = 0.5,5-9-11-33-5 = 0.5,4-10-53-33-5 = 0.417,5-33-30-5 = 0.083,4-27-52-54-4 = 0.333,5-45-30-4 = 0.167,5-37-12-5 = 0.75,5-47-28-17-48-5 = 0.25,5-6-35-16-53-4 = 0.25
571,399,871.586,0.0,1.497,0.0,Prune by CG,,4-8-4 = 0.294,5-55-23-29-41-5 = 1.0,5-22-40-36-5 = 1.0,5-12-30-5 = 0.143,5-17-49-53-33-5 = 0.357,5-28-31-49-48-5 = 0.643,4-25-20-10-4 = 0.69,4-25-20-13-4 = 0.103,4-25-34-20-4 = 0.103,4-39-19-27-21-4 = 0.333,4-38-46-4 = 0.294,4-38-46-8-4 = 0.706,4-18-15-24-43-14-4 = 1.0,4-26-42-32-4 = 1.0,4-25-20-7-4 = 0.103,4-34-13-7-4 = 0.897,5-6-31-51-11-5 = 0.071,5-6-9-51-30-5 = 0.262,4-44-54-52-4 = 0.667,5-28-17-48-5 = 0.357,5-35-16-31-17-5 = 0.143,5-35-47-16-11-5 = 0.857,5-45-30-5 = 0.024,5-37-47-31-17-5 = 0.143,4-39-50-19-21-4 = 0.667,4-50-27-44-53-4 = 0.333,5-6-51-9-45-5 = 0.667,5-9-11-33-5 = 0.071,4-10-53-33-5 = 0.31,5-33-30-5 = 0.262,4-27-52-54-4 = 0.333,5-45-30-4 = 0.31,5-12-37-5 = 0.857
572,399,871.721,0.0,1.631,0.0,Prune by CG,,4-8-4 = 0.111,5-55-23-29-41-5 = 1.0,5-22-40-36-5 = 1.0,5-12-45-5 = 0.333,5-37-28-17-5 = 0.333,5-28-31-49-48-5 = 0.333,4-25-20-10-4 = 0.667,4-25-20-13-4 = 0.111,4-25-34-20-4 = 0.111,4-39-19-27-21-4 = 0.333,4-38-46-4 = 0.111,4-38-46-8-4 = 0.889,4-18-15-24-43-14-4 = 1.0,4-26-42-32-4 = 1.0,4-25-20-7-4 = 0.111,4-34-13-7-4 = 0.889,5-6-17-48-5 = 0.333,4-44-54-52-4 = 0.667,5-28-17-48-5 = 0.333,5-35-47-16-31-49-5 = 0.667,5-35-47-9-16-53-4 = 0.333,4-39-50-19-21-4 = 0.667,4-50-27-44-53-4 = 0.333,5-51-30-11-5 = 0.667,5-51-11-33-5 = 0.333,4-10-53-33-5 = 0.333,5-33-30-5 = 0.333,4-27-52-54-4 = 0.333,5-12-37-5 = 0.667,5-6-9-45-5 = 0.667
154,146,869.373,6.976,0.807,3.454,573,574,4-8-4 = 0.044,4-50-52-54-4 = 1.0,5-55-23-29-41-5 = 1.0,5-37-48-5 = 1.0,5-22-40-36-5 = 1.0,5-17-49-53-33-5 = 0.079,5-12-9-31-49-5 = 0.278,4-39-19-21-4 = 0.19,4-39-19-27-21-4 = 0.619,4-39-19-27-44-49-5 = 0.19,4-38-46-4 = 0.044,4-38-46-8-4 = 0.956,4-26-24-14-4 = 0.139,4-26-18-15-43-5 = 0.139,5-33-45-5 = 0.698,4-18-15-24-43-4 = 0.496,4-18-15-24-43-5 = 0.337,4-18-15-24-43-14-4 = 0.028,4-26-12-14-4 = 0.722,4-25-34-53-4 = 0.111,4-25-32-42-4 = 0.889,4-13-7-27-21-4 = 0.19,4-10-32-30-14-4 = 0.111,4-34-13-7-4 = 0.476,4-34-20-10-4 = 0.413,4-42-30-5 = 0.111,4-20-13-7-4 = 0.333,5-31-16-44-53-4 = 0.349,5-51-30-11-5 = 0.778,5-9-11-33-5 = 0.222,5-9-16-31-17-5 = 0.071,5-6-47-16-31-49-5 = 0.151,5-6-35-47-28-17-5 = 0.849,4-20-10-44-53-4 = 0.254,5-35-31-49-45-5 = 0.151,5-9-51-16-10-4 = 0.222,5-9-16-44-53-4 = 0.206,5-28-49-45-5 = 0.151
574,154,872.214,0.0,2.841,0.0,Prune by CG,,4-50-52-54-4 = 1.0,5-55-23-29-41-5 = 1.0,5-37-48-5 = 1.0,5-22-40-36-5 = 1.0,5-12-24-5 = 0.667,5-12-9-31-49-5 = 0.333,5-16-9-45-5 = 0.333,4-39-19-27-21-4 = 1.0,4-38-46-4 = 0.333,4-38-46-8-4 = 0.667,4-26-24-14-4 = 0.333,5-45-33-5 = 0.667,4-8-18-15-43-4 = 0.333,4-25-32-42-4 = 1.0,4-34-13-7-4 = 1.0,5-51-30-11-5 = 1.0,5-9-16-31-17-5 = 0.333,5-6-47-16-31-49-5 = 0.333,5-6-47-35-28-17-5 = 0.667,4-20-10-44-53-4 = 1.0,4-26-18-15-43-14-4 = 0.667,5-35-28-49-33-5 = 0.333
573,154,869.281,3.968,-0.092,-3.008,575,576,4-8-4 = 0.129,4-50-52-54-4 = 1.0,5-55-23-29-41-5 = 1.0,5-37-48-5 = 1.0,5-22-40-36-5 = 1.0,4-39-19-27-21-4 = 1.0,4-38-46-4 = 0.129,4-38-46-8-4 = 0.871,5-45-33-5 = 0.677,4-18-15-24-43-4 = 0.71,4-18-15-24-43-5 = 0.29,4-26-12-14-4 = 1.0,4-25-32-42-4 = 1.0,4-34-13-7-4 = 0.903,4-34-20-10-4 = 0.097,4-20-13-7-4 = 0.097,5-51-30-11-5 = 0.903,5-9-30-11-5 = 0.097,5-9-16-31-17-5 = 0.355,5-6-47-16-31-49-5 = 0.355,5-6-47-35-28-17-5 = 0.645,4-20-10-44-53-4 = 0.806,5-9-31-49-45-5 = 0.258,5-35-31-49-45-5 = 0.032,5-9-51-16-10-4 = 0.097,5-9-16-44-53-4 = 0.194,5-28-49-45-5 = 0.032,5-35-28-49-33-5 = 0.323
575,573,870.257,0.0,0.975,-3.968,Integer,,4-50-52-54-4 = 1.0,5-55-23-29-41-5 = 1.0,5-37-48-5 = 1.0,5-22-40-36-5 = 1.0,4-39-19-27-21-4 = 1.0,4-38-46-8-4 = 1.0,5-45-33-5 = 1.0,4-18-15-24-43-4 = 1.0,4-26-12-14-4 = 1.0,4-25-32-42-4 = 1.0,4-34-13-7-4 = 1.0,5-51-30-11-5 = 1.0,5-6-47-35-28-17-5 = 1.0,4-20-10-44-53-4 = 1.0,5-9-16-31-49-5 = 1.0
576,573,870.534,0.0,1.253,0.0,Prune by CG,,4-8-4 = 0.079,4-50-52-54-4 = 1.0,5-55-23-29-41-5 = 1.0,5-37-48-5 = 1.0,5-22-40-36-5 = 1.0,5-12-26-4 = 0.143,5-17-49-53-33-5 = 0.19,4-39-19-21-4 = 0.016,4-39-19-27-21-4 = 0.968,4-39-19-27-44-49-5 = 0.016,4-38-46-4 = 0.079,4-38-46-8-4 = 0.921,5-45-33-5 = 0.286,4-18-15-24-43-4 = 0.667,4-18-15-24-43-5 = 0.333,4-26-12-14-4 = 0.857,4-25-32-42-4 = 0.825,4-13-7-27-21-4 = 0.016,4-10-32-42-4 = 0.032,4-10-32-30-14-4 = 0.143,4-34-13-7-4 = 0.635,4-34-20-10-4 = 0.365,4-42-30-5 = 0.143,4-20-13-7-4 = 0.349,5-31-16-44-53-4 = 0.524,5-51-30-11-5 = 0.476,5-51-16-45-5 = 0.286,5-9-11-33-5 = 0.524,5-6-47-16-31-49-5 = 0.19,5-6-35-47-28-17-5 = 0.81,4-20-10-44-53-4 = 0.286,5-9-31-49-45-5 = 0.238,4-25-10-44-49-5 = 0.175,5-31-9-51-30-5 = 0.048,5-28-49-45-5 = 0.19,5-35-9-51-30-5 = 0.19
437,435,870.127,6.182,0.499,-1.118,577,578,4-8-4 = 0.182,4-50-52-54-4 = 1.0,5-55-23-29-41-5 = 1.0,5-37-48-5 = 1.0,5-22-40-36-5 = 1.0,5-12-26-4 = 0.409,5-12-30-5 = 0.091,5-12-45-5 = 0.091,5-12-28-17-5 = 0.273,4-25-34-20-4 = 1.0,4-39-19-27-21-4 = 1.0,4-38-46-4 = 0.182,4-38-46-8-4 = 0.818,4-18-15-24-43-14-4 = 1.0,4-26-42-32-4 = 0.545,4-10-13-7-4 = 1.0,5-6-16-44-53-4 = 0.273,4-42-30-5 = 0.455,5-28-35-47-31-17-5 = 0.455,5-35-16-44-53-4 = 0.091,5-35-47-16-31-49-5 = 0.455,5-6-51-9-45-5 = 0.455,5-31-16-44-53-4 = 0.091,5-51-30-11-5 = 0.455,5-51-16-44-53-4 = 0.091,5-9-11-33-5 = 0.545,4-32-44-53-33-5 = 0.455,5-12-47-28-49-5 = 0.091,5-6-17-49-45-5 = 0.273,4-26-12-5 = 0.045,5-28-49-45-5 = 0.182
577,437,871.031,0.0,0.904,0.0,Prune by CG,,4-8-4 = 0.206,4-50-52-54-4 = 1.0,4-30-33-5 = 0.294,5-55-23-29-41-5 = 1.0,5-37-48-5 = 1.0,5-22-40-36-5 = 1.0,5-12-30-5 = 0.265,5-12-45-5 = 0.265,5-12-28-17-5 = 0.324,4-25-34-20-4 = 0.765,4-39-19-27-21-4 = 1.0,4-38-46-4 = 0.206,4-38-46-8-4 = 0.794,4-18-15-24-43-14-4 = 1.0,4-26-42-32-4 = 1.0,4-25-34-53-4 = 0.235,4-10-13-7-4 = 0.765,5-6-16-44-53-4 = 0.412,5-28-35-47-31-17-5 = 0.529,5-35-47-16-31-49-5 = 0.471,5-6-51-9-45-5 = 0.441,5-51-30-11-5 = 0.441,5-51-16-44-53-4 = 0.118,5-9-11-33-5 = 0.559,4-20-10-44-53-4 = 0.235,5-6-17-49-45-5 = 0.147,5-28-49-45-5 = 0.147,4-13-7-44-49-5 = 0.235,5-12-33-5 = 0.147
578,437,871.137,0.0,1.01,0.0,Prune by CG,,4-8-4 = 0.068,4-50-52-54-4 = 1.0,5-55-23-29-41-5 = 1.0,5-37-48-5 = 1.0,5-22-40-36-5 = 1.0,5-12-26-4 = 0.75,5-16-32-42-4 = 0.227,4-25-34-20-4 = 0.886,4-39-19-27-21-4 = 1.0,4-38-46-4 = 0.068,4-38-46-8-4 = 0.932,4-18-15-24-43-14-4 = 1.0,4-25-34-53-4 = 0.114,4-10-13-7-4 = 0.773,4-10-32-42-4 = 0.227,5-6-16-44-53-4 = 0.25,5-6-9-51-33-5 = 0.045,4-42-30-5 = 0.545,4-20-13-7-4 = 0.114,5-28-35-47-31-17-5 = 0.705,5-35-47-16-31-49-5 = 0.295,5-6-51-9-45-5 = 0.409,5-51-30-11-5 = 0.318,5-51-16-44-53-4 = 0.227,5-9-11-33-5 = 0.545,4-32-30-11-5 = 0.136,4-32-44-53-33-5 = 0.409,5-6-17-49-45-5 = 0.295,4-26-12-5 = 0.25,5-28-49-45-5 = 0.295,4-13-7-44-49-5 = 0.114
346,167,870.129,6.689,0.786,-0.867,579,580,4-8-4 = 0.211,5-55-23-29-41-5 = 1.0,5-37-48-5 = 0.156,5-22-40-36-5 = 1.0,5-37-28-17-5 = 0.156,5-12-42-4 = 1.0,5-28-31-49-48-5 = 0.844,5-37-6-17-5 = 0.689,4-25-34-20-4 = 0.778,4-39-19-27-21-4 = 0.333,4-38-46-4 = 0.211,4-38-46-8-4 = 0.789,5-33-45-5 = 0.389,4-18-15-24-43-14-4 = 1.0,4-25-34-53-4 = 0.222,4-10-13-7-4 = 1.0,4-44-54-52-4 = 0.667,5-35-47-16-31-49-5 = 0.156,5-35-47-16-51-9-5 = 0.156,5-35-47-16-9-17-5 = 0.156,5-35-47-9-16-53-4 = 0.222,4-39-50-19-21-4 = 0.667,4-50-27-44-53-4 = 0.333,5-51-30-11-5 = 0.611,5-51-11-33-5 = 0.233,5-9-11-33-5 = 0.156,5-6-47-35-16-9-5 = 0.311,4-26-32-30-5 = 0.389,4-26-32-45-5 = 0.611,4-27-52-54-4 = 0.333,4-20-53-33-5 = 0.222
579,346,872.058,0.0,1.928,0.0,Prune by CG,,4-8-4 = 0.154,5-55-23-29-41-5 = 1.0,5-37-48-5 = 0.103,5-22-40-36-5 = 1.0,5-37-28-17-5 = 0.103,5-37-9-11-5 = 0.103,5-12-42-4 = 1.0,5-28-31-49-48-5 = 0.897,5-37-6-17-5 = 0.692,4-25-34-20-4 = 0.333,4-39-19-27-21-4 = 0.333,4-38-46-4 = 0.154,4-38-46-8-4 = 0.846,4-26-34-20-4 = 0.333,5-45-33-5 = 1.0,4-18-15-24-43-5 = 0.051,4-18-15-24-43-14-4 = 0.949,4-25-34-53-4 = 0.333,4-10-13-7-4 = 1.0,4-44-54-52-4 = 0.667,5-35-47-16-31-49-5 = 0.103,5-35-47-16-51-9-5 = 0.385,5-35-47-16-9-17-5 = 0.205,4-39-50-19-21-4 = 0.667,4-50-27-44-53-4 = 0.282,4-50-27-44-53-14-4 = 0.051,5-51-30-11-5 = 0.333,4-32-30-11-5 = 0.282,5-6-47-35-16-9-5 = 0.308,4-26-32-30-5 = 0.385,4-26-51-11-5 = 0.282,4-27-52-54-4 = 0.333,4-25-20-32-53-4 = 0.333
580,346,870.898,0.0,0.769,0.0,Prune by CG,,4-8-4 = 0.242,5-55-23-29-41-5 = 1.0,5-37-48-5 = 0.575,5-22-40-36-5 = 1.0,5-37-28-17-5 = 0.237,5-17-49-53-33-5 = 0.507,5-12-42-4 = 1.0,5-28-31-45-5 = 0.406,5-28-31-49-48-5 = 0.357,5-37-6-17-5 = 0.188,4-25-34-20-4 = 0.947,4-39-19-27-21-4 = 0.333,4-38-46-4 = 0.242,4-38-46-8-4 = 0.758,4-18-15-24-43-14-4 = 1.0,4-25-34-53-4 = 0.053,4-10-13-7-4 = 1.0,4-44-54-52-4 = 0.667,5-35-47-16-31-49-5 = 0.135,5-35-47-9-16-53-4 = 0.053,4-39-50-19-21-4 = 0.667,4-50-27-44-53-4 = 0.333,5-51-30-11-5 = 0.594,5-51-11-33-5 = 0.372,5-9-11-33-5 = 0.034,5-9-31-17-48-5 = 0.068,5-6-35-47-16-9-5 = 0.812,4-26-32-30-5 = 0.406,4-26-32-45-5 = 0.594,5-31-9-51-33-5 = 0.034,4-27-52-54-4 = 0.333,4-20-53-33-5 = 0.053
555,290,870.101,8.907,0.329,-0.645,581,582,4-8-4 = 0.233,4-50-52-54-4 = 0.628,5-55-23-29-41-5 = 1.0,5-37-48-5 = 1.0,5-22-40-36-5 = 1.0,5-12-42-4 = 1.0,5-28-31-16-32-4 = 0.116,5-16-9-45-5 = 0.116,4-39-19-27-21-4 = 0.442,4-39-19-27-44-49-5 = 0.186,4-38-46-4 = 0.047,4-38-46-8-4 = 0.767,4-38-46-19-27-21-4 = 0.186,5-45-33-5 = 0.558,4-18-15-24-43-14-4 = 1.0,4-25-34-53-4 = 0.535,4-10-16-51-9-5 = 0.093,4-10-13-7-4 = 0.442,5-6-16-31-17-5 = 0.349,4-34-35-47-28-49-5 = 0.465,4-44-54-52-4 = 0.372,4-20-13-7-4 = 0.558,5-28-35-47-31-17-5 = 0.419,4-39-50-27-21-4 = 0.186,4-39-50-19-21-4 = 0.186,5-6-51-9-45-5 = 0.093,5-51-30-11-5 = 0.442,5-51-11-33-5 = 0.047,5-9-11-33-5 = 0.372,4-32-30-11-5 = 0.14,5-6-9-51-16-32-4 = 0.326,4-10-53-33-5 = 0.023,4-20-10-44-53-4 = 0.442,4-26-25-4 = 0.465,4-26-32-30-5 = 0.419,4-26-35-47-31-49-5 = 0.116,5-6-17-49-45-5 = 0.233
581,555,872.271,0.0,2.17,0.0,Prune by CG,,4-8-4 = 0.045,4-50-52-54-4 = 0.772,5-35-47-34-20-32-4 = 0.159,5-55-23-29-41-5 = 1.0,5-37-48-5 = 1.0,5-22-40-36-5 = 1.0,5-17-49-53-33-5 = 0.228,5-12-42-4 = 1.0,5-28-31-16-32-4 = 0.09,4-39-19-27-21-4 = 0.848,4-38-46-4 = 0.045,4-38-46-8-4 = 0.955,5-33-45-5 = 0.448,4-18-15-24-43-14-4 = 1.0,5-6-28-31-17-5 = 0.069,4-10-13-7-4 = 0.579,5-6-16-31-17-5 = 0.379,4-34-35-28-17-5 = 0.069,4-34-35-47-28-49-5 = 0.772,4-44-54-52-4 = 0.228,4-20-13-7-4 = 0.421,4-39-50-27-21-4 = 0.076,4-39-50-19-21-4 = 0.076,5-6-51-9-45-5 = 0.552,5-31-16-44-53-4 = 0.207,5-51-30-11-5 = 0.317,5-51-11-33-5 = 0.131,5-9-11-33-5 = 0.193,5-9-16-31-17-5 = 0.255,4-32-30-11-5 = 0.359,5-47-16-32-44-53-4 = 0.069,4-20-10-44-53-4 = 0.421,4-50-19-27-44-53-4 = 0.076,4-26-25-4 = 0.838,4-26-32-30-5 = 0.162,4-25-32-30-5 = 0.162
582,555,870.649,0.0,0.548,0.0,Prune by CG,,4-8-4 = 0.333,4-50-52-54-4 = 0.41,5-55-23-29-41-5 = 1.0,5-37-48-5 = 1.0,5-22-40-36-5 = 1.0,5-12-42-4 = 1.0,5-28-31-16-32-4 = 0.286,4-39-19-27-21-4 = 0.114,4-39-19-27-44-49-5 = 0.295,4-38-46-4 = 0.038,4-38-46-8-4 = 0.667,4-38-46-19-27-21-4 = 0.295,5-45-33-5 = 0.276,4-18-15-24-43-14-4 = 1.0,4-25-34-53-4 = 0.771,4-10-16-51-9-5 = 0.324,4-10-13-7-4 = 0.229,4-34-20-10-4 = 0.229,5-6-16-44-53-4 = 0.114,5-6-16-10-32-4 = 0.105,5-6-9-51-33-5 = 0.01,4-44-54-52-4 = 0.59,4-20-13-7-4 = 0.771,5-28-35-47-33-5 = 0.162,5-28-47-35-31-17-5 = 0.505,4-39-50-27-21-4 = 0.295,4-39-50-19-21-4 = 0.295,5-6-51-9-45-5 = 0.105,5-51-30-11-5 = 0.39,5-9-11-33-5 = 0.438,5-47-16-51-11-5 = 0.171,4-10-53-33-5 = 0.114,5-6-35-9-45-5 = 0.124,4-26-25-4 = 0.229,4-26-32-30-5 = 0.61,4-26-35-47-31-49-5 = 0.162,5-6-17-49-45-5 = 0.495,5-6-28-35-31-49-5 = 0.048
192,160,869.982,7.111,1.627,0.06,583,584,4-8-4 = 0.194,4-50-52-54-4 = 1.0,5-55-23-29-41-5 = 1.0,5-22-40-36-5 = 1.0,5-37-28-17-5 = 0.389,5-28-31-49-48-5 = 0.361,4-39-19-27-21-4 = 1.0,4-38-46-4 = 0.194,4-38-46-8-4 = 0.806,5-45-33-5 = 1.0,4-18-15-24-43-4 = 0.389,4-18-15-24-43-14-4 = 0.611,4-26-12-14-4 = 0.389,4-26-42-32-4 = 0.611,4-25-34-53-4 = 0.5,4-10-32-42-4 = 0.389,4-34-13-7-4 = 0.25,4-34-20-10-4 = 0.111,4-20-13-7-4 = 0.75,5-28-17-48-5 = 0.083,5-35-31-17-48-5 = 0.278,5-51-30-11-5 = 1.0,5-9-31-17-48-5 = 0.083,5-6-47-16-31-49-5 = 0.083,5-6-47-35-16-9-5 = 0.556,5-6-47-35-28-17-5 = 0.167,4-20-10-44-53-4 = 0.139,5-6-47-31-49-48-5 = 0.194,4-25-10-44-49-5 = 0.361,5-9-16-44-53-4 = 0.361,4-25-34-44-4 = 0.139,5-12-37-5 = 0.611
583,192,870.695,0.0,0.713,0.0,Prune by CG,,4-8-4 = 0.125,4-50-52-54-4 = 1.0,5-55-23-29-41-5 = 1.0,5-22-40-36-5 = 1.0,5-37-28-17-5 = 0.75,5-28-31-49-48-5 = 0.25,4-39-19-27-21-4 = 1.0,4-38-46-4 = 0.125,4-38-46-8-4 = 0.875,5-45-33-5 = 1.0,4-18-15-24-43-4 = 0.75,4-18-15-24-43-14-4 = 0.25,4-26-12-14-4 = 0.75,4-26-42-32-4 = 0.25,4-25-34-53-4 = 0.625,4-10-32-42-4 = 0.75,4-20-13-7-4 = 0.875,5-35-16-9-31-49-5 = 0.125,5-35-31-17-48-5 = 0.25,5-51-30-11-5 = 1.0,5-6-35-47-16-9-5 = 0.625,4-20-10-44-53-4 = 0.125,5-6-47-31-49-48-5 = 0.375,5-9-16-44-53-4 = 0.25,4-25-34-44-4 = 0.375,5-12-37-5 = 0.25,4-13-7-44-49-5 = 0.125,4-10-44-49-48-5 = 0.125
584,192,871.36,0.0,1.377,0.0,Prune by CG,,4-8-4 = 0.176,4-50-52-54-4 = 1.0,5-55-23-29-41-5 = 1.0,5-22-40-36-5 = 1.0,5-37-28-17-5 = 0.294,5-17-49-45-5 = 0.235,5-17-49-53-33-5 = 0.059,5-28-31-49-48-5 = 0.647,4-39-19-27-21-4 = 1.0,4-38-46-4 = 0.176,4-38-46-8-4 = 0.824,5-45-33-5 = 0.765,4-18-15-24-43-4 = 0.471,4-18-15-24-43-5 = 0.353,4-18-15-24-43-14-4 = 0.176,4-26-12-14-4 = 0.294,4-26-42-32-4 = 0.471,4-34-13-7-4 = 0.941,4-34-20-10-4 = 0.059,4-20-13-7-4 = 0.059,5-51-30-11-5 = 0.824,5-9-11-33-5 = 0.176,5-9-31-17-48-5 = 0.353,5-6-47-35-16-32-4 = 0.529,5-6-47-35-28-17-5 = 0.059,5-6-35-47-16-9-5 = 0.412,4-20-10-44-53-4 = 0.882,4-26-25-4 = 0.235,4-25-10-44-49-5 = 0.059,5-9-16-44-53-4 = 0.059,5-12-37-5 = 0.706,4-25-42-14-4 = 0.529,4-25-51-30-5 = 0.176
509,356,870.068,6.733,0.282,-0.517,585,586,4-8-4 = 0.217,4-50-52-54-4 = 1.0,5-55-23-29-41-5 = 1.0,5-22-40-36-5 = 1.0,5-28-31-49-48-5 = 0.05,4-25-34-20-4 = 0.633,4-39-19-27-21-4 = 1.0,4-38-46-4 = 0.217,4-38-46-8-4 = 0.783,4-18-15-24-43-14-4 = 1.0,4-26-42-32-4 = 0.7,4-25-20-7-4 = 0.017,4-10-13-7-4 = 0.667,4-34-13-7-4 = 0.317,5-6-16-44-53-4 = 0.4,4-42-30-5 = 0.3,4-34-35-47-28-49-5 = 0.05,4-20-13-44-53-4 = 0.017,5-28-17-48-5 = 0.75,5-28-47-35-31-17-5 = 0.15,5-35-47-16-31-49-5 = 0.6,5-35-47-31-49-48-5 = 0.2,5-45-30-5 = 0.4,5-6-51-9-45-5 = 0.5,5-51-11-33-5 = 0.5,5-9-11-33-5 = 0.5,4-20-10-44-53-4 = 0.333,4-26-25-4 = 0.3,4-25-32-30-5 = 0.05,4-32-30-44-53-4 = 0.25,5-37-12-5 = 1.0,5-6-17-49-45-5 = 0.1
585,509,872.107,0.0,2.039,0.0,Prune by CG,,4-8-4 = 0.269,4-50-52-54-4 = 1.0,5-55-23-29-41-5 = 1.0,5-22-40-36-5 = 1.0,5-12-26-4 = 0.075,5-17-49-53-33-5 = 0.239,5-11-45-49-5 = 0.075,5-28-31-49-48-5 = 0.313,4-25-34-20-4 = 0.582,4-39-19-27-21-4 = 1.0,4-38-46-4 = 0.269,4-38-46-8-4 = 0.731,4-18-15-24-43-14-4 = 1.0,4-26-42-32-4 = 0.716,4-25-32-42-4 = 0.09,4-10-13-7-4 = 0.463,4-34-13-7-4 = 0.418,4-42-30-4 = 0.194,5-28-17-48-5 = 0.552,5-28-35-47-31-17-5 = 0.134,5-35-47-16-11-5 = 0.657,5-35-47-31-49-48-5 = 0.134,5-37-47-31-17-5 = 0.075,5-6-51-9-45-5 = 0.925,5-31-16-44-53-4 = 0.343,5-9-11-33-5 = 0.075,4-32-30-11-5 = 0.194,4-20-10-44-53-4 = 0.418,4-26-25-4 = 0.209,5-33-30-4 = 0.015,5-33-30-5 = 0.597,4-25-10-44-49-5 = 0.119,5-37-12-5 = 0.925,4-13-7-44-49-5 = 0.119,5-6-35-51-33-5 = 0.075
586,509,871.132,0.0,1.064,0.0,Prune by CG,,4-8-4 = 0.32,4-50-52-54-4 = 1.0,5-55-23-29-41-5 = 1.0,5-22-40-36-5 = 1.0,5-28-31-49-48-5 = 0.36,4-25-34-20-4 = 0.84,4-39-19-27-21-4 = 1.0,4-38-46-4 = 0.32,4-38-46-8-4 = 0.68,4-18-15-24-43-14-4 = 0.96,4-26-42-32-4 = 0.64,4-10-13-7-4 = 0.84,4-34-13-7-4 = 0.16,5-6-16-44-53-4 = 0.28,4-42-30-5 = 0.36,5-28-17-48-5 = 0.08,5-28-35-47-31-17-5 = 0.2,5-35-47-16-31-49-5 = 0.16,5-35-47-31-49-48-5 = 0.2,5-45-30-5 = 0.28,5-37-47-31-17-5 = 0.08,5-51-11-33-5 = 0.44,5-51-16-44-53-4 = 0.56,5-9-11-33-5 = 0.56,4-20-10-44-53-4 = 0.16,5-6-35-9-45-5 = 0.44,4-26-32-30-5 = 0.2,4-25-32-30-5 = 0.16,4-26-24-5 = 0.04,5-37-12-5 = 0.92,5-47-28-17-48-5 = 0.36,5-6-17-49-45-5 = 0.28,4-26-12-5 = 0.08,4-26-18-15-43-14-4 = 0.04
483,117,870.234,4.333,0.4,-1.605,587,588,4-8-4 = 0.083,4-50-52-54-4 = 0.917,5-55-23-29-41-5 = 1.0,5-22-40-36-5 = 1.0,5-11-32-42-4 = 0.063,5-12-24-5 = 0.083,5-28-31-49-48-5 = 0.708,5-37-6-17-5 = 1.0,4-25-34-20-4 = 0.917,4-39-19-27-21-4 = 0.958,4-38-46-4 = 0.167,4-38-46-8-4 = 0.833,5-45-33-5 = 1.0,4-8-18-15-43-5 = 0.083,4-18-15-24-43-5 = 0.917,4-26-12-14-4 = 0.917,4-26-42-32-4 = 0.083,4-25-34-53-4 = 0.083,4-10-13-7-4 = 1.0,4-44-54-52-4 = 0.083,5-28-35-47-44-53-4 = 0.292,5-35-47-31-49-48-5 = 0.292,4-39-50-19-21-4 = 0.042,4-50-27-44-53-4 = 0.042,5-51-30-11-5 = 0.583,5-9-16-44-53-4 = 0.583,5-9-16-42-4 = 0.417,4-42-32-11-5 = 0.354,4-20-32-42-14-4 = 0.083,5-35-47-51-32-30-5 = 0.417
587,483,870.904,0.0,0.671,0.0,Prune by CG,,4-8-4 = 0.125,4-50-52-54-4 = 0.875,5-55-23-29-41-5 = 1.0,5-22-40-36-5 = 1.0,5-12-16-9-5 = 0.5,5-28-31-49-48-5 = 0.688,5-37-6-17-5 = 1.0,4-25-34-20-4 = 0.875,4-39-19-27-21-4 = 0.938,4-38-46-4 = 0.125,4-38-46-8-4 = 0.875,5-33-45-5 = 1.0,4-18-15-24-43-5 = 1.0,4-26-12-14-4 = 0.5,4-26-42-32-4 = 0.5,4-25-34-53-4 = 0.125,4-10-13-7-4 = 1.0,4-44-54-52-4 = 0.125,5-28-35-47-44-53-4 = 0.312,5-35-47-31-49-48-5 = 0.312,4-39-50-19-21-4 = 0.062,4-50-27-44-53-4 = 0.062,5-51-30-11-5 = 0.812,4-51-30-11-5 = 0.188,5-9-16-44-53-4 = 0.5,4-20-32-42-14-4 = 0.125,5-35-47-32-42-14-4 = 0.375
588,483,872.405,0.0,2.171,0.0,Prune by CG,,4-8-4 = 0.105,4-50-52-54-4 = 0.737,5-55-23-29-41-5 = 1.0,5-22-40-36-5 = 1.0,5-11-32-42-4 = 0.408,5-28-31-49-48-5 = 0.658,5-37-6-17-5 = 1.0,4-25-34-20-4 = 1.0,4-39-19-27-21-4 = 0.868,4-38-46-4 = 0.105,4-38-46-8-4 = 0.895,5-33-45-5 = 1.0,4-18-15-24-43-5 = 1.0,4-26-12-14-4 = 1.0,4-10-13-7-4 = 1.0,4-44-54-52-4 = 0.263,5-28-35-47-44-53-4 = 0.342,5-35-47-31-49-48-5 = 0.342,4-39-50-19-21-4 = 0.132,4-50-27-44-53-4 = 0.132,5-47-16-9-11-5 = 0.158,5-9-51-30-53-4 = 0.263,5-9-16-44-53-4 = 0.263,5-9-16-42-4 = 0.158,4-42-32-11-5 = 0.434,5-35-47-51-32-30-5 = 0.158,5-35-9-51-30-5 = 0.158,5-51-16-30-5 = 0.421
547,545,870.231,7.4,0.379,-1.433,589,590,4-8-4 = 0.189,5-55-23-29-41-5 = 1.0,5-22-40-36-5 = 1.0,5-37-9-11-5 = 0.244,5-12-42-4 = 1.0,5-28-31-49-48-5 = 1.0,5-37-6-17-5 = 0.756,4-25-20-10-4 = 0.556,4-39-19-27-21-4 = 0.333,4-38-46-4 = 0.189,4-38-46-8-4 = 0.811,5-45-33-5 = 0.522,4-18-15-24-43-14-4 = 1.0,4-25-34-53-4 = 0.444,4-34-13-7-4 = 0.556,4-44-54-52-4 = 0.667,4-20-13-7-4 = 0.444,5-35-47-16-11-5 = 0.267,5-35-47-16-10-4 = 0.222,5-35-47-16-51-9-5 = 0.267,5-35-47-16-9-17-5 = 0.244,4-39-50-19-21-4 = 0.667,4-50-27-44-53-4 = 0.333,5-6-51-9-45-5 = 0.244,5-51-30-11-5 = 0.233,5-51-11-33-5 = 0.256,4-10-53-33-5 = 0.222,4-26-32-30-5 = 0.767,4-26-32-45-5 = 0.233,4-27-52-54-4 = 0.333
589,547,871.529,0.0,1.298,0.0,Prune by CG,,4-8-4 = 0.19,5-55-23-29-41-5 = 1.0,5-22-40-36-5 = 1.0,5-37-9-11-5 = 0.495,5-12-42-4 = 1.0,5-28-31-49-48-5 = 1.0,5-37-6-17-5 = 0.505,4-25-10-51-32-4 = 0.019,4-25-20-10-4 = 0.543,4-39-19-27-21-4 = 0.333,4-38-46-4 = 0.19,4-38-46-8-4 = 0.81,5-33-45-5 = 1.0,4-18-15-24-43-14-4 = 1.0,4-25-34-53-4 = 0.229,4-34-10-32-53-4 = 0.229,4-34-13-7-4 = 0.543,4-44-54-52-4 = 0.667,4-20-13-7-4 = 0.457,5-35-47-16-11-5 = 0.01,5-35-47-16-9-17-5 = 0.495,4-39-50-19-21-4 = 0.667,4-50-27-44-53-4 = 0.333,5-51-30-11-5 = 0.248,5-6-47-35-16-9-5 = 0.01,5-6-35-47-16-51-5 = 0.486,4-26-32-30-5 = 0.752,4-26-51-11-5 = 0.248,4-27-52-54-4 = 0.333,4-25-10-53-4 = 0.21
590,547,870.823,0.0,0.593,0.0,Prune by CG,,4-8-4 = 0.231,5-55-23-29-41-5 = 1.0,5-37-48-5 = 0.205,5-22-40-36-5 = 1.0,5-17-49-53-33-5 = 0.205,5-12-42-4 = 1.0,5-28-31-45-5 = 0.205,5-28-31-49-48-5 = 0.795,5-37-6-17-5 = 0.436,4-25-20-10-4 = 0.692,4-39-19-27-21-4 = 0.333,4-38-46-4 = 0.231,4-38-46-8-4 = 0.769,4-18-15-24-43-14-4 = 1.0,4-25-34-53-4 = 0.308,4-34-13-7-4 = 0.692,4-44-54-52-4 = 0.667,4-20-13-7-4 = 0.308,5-35-47-16-11-5 = 0.359,5-35-47-16-10-4 = 0.154,5-35-47-16-9-17-5 = 0.359,4-39-50-19-21-4 = 0.667,4-50-27-44-53-4 = 0.333,5-6-51-9-45-5 = 0.436,5-51-11-33-5 = 0.436,5-9-11-33-5 = 0.205,5-6-47-35-16-51-5 = 0.128,4-10-53-33-5 = 0.154,4-26-32-30-5 = 1.0,4-27-52-54-4 = 0.333,5-37-45-5 = 0.359
337,218,870.151,5.667,0.86,-1.0,591,592,4-8-4 = 0.056,5-55-23-29-41-5 = 1.0,5-22-40-36-5 = 1.0,5-37-51-11-5 = 0.222,5-11-32-42-4 = 0.056,5-28-31-49-48-5 = 0.778,5-37-6-17-5 = 0.778,4-25-34-20-4 = 1.0,4-39-19-27-21-4 = 0.333,4-38-46-4 = 0.056,4-38-46-8-4 = 0.944,5-33-45-5 = 1.0,4-18-15-24-43-4 = 0.722,4-18-15-24-43-5 = 0.278,4-26-12-14-4 = 1.0,4-10-13-7-4 = 1.0,4-42-30-5 = 0.389,4-44-54-52-4 = 0.667,5-28-17-48-5 = 0.222,5-35-47-16-11-5 = 0.111,5-35-47-16-31-49-5 = 0.222,5-35-47-9-16-53-4 = 0.444,4-39-50-19-21-4 = 0.667,4-50-27-44-53-4 = 0.333,4-32-30-11-5 = 0.611,4-27-52-54-4 = 0.333,5-6-9-51-42-4 = 0.222,5-9-51-32-42-4 = 0.333,5-35-47-51-16-53-4 = 0.222
591,337,870.884,0.0,0.733,0.0,Prune by CG,,4-8-4 = 0.045,5-55-23-29-41-5 = 1.0,5-22-40-36-5 = 1.0,5-11-32-42-4 = 0.318,5-28-31-49-48-5 = 1.0,5-37-6-17-5 = 1.0,4-25-34-20-4 = 1.0,4-39-19-27-21-4 = 0.273,4-38-46-4 = 0.045,4-38-46-8-4 = 0.955,5-33-45-5 = 1.0,4-18-15-24-43-4 = 0.955,4-18-15-24-43-5 = 0.045,4-26-12-14-4 = 1.0,4-10-13-7-4 = 1.0,4-42-30-5 = 0.5,4-44-54-52-4 = 0.545,5-35-47-16-51-9-5 = 0.455,5-35-47-9-16-53-4 = 0.364,4-39-50-19-21-4 = 0.727,4-50-27-44-53-4 = 0.273,5-51-16-44-53-4 = 0.182,4-32-30-11-5 = 0.5,4-27-52-54-4 = 0.455,5-35-47-9-51-11-5 = 0.182,5-51-42-32-53-4 = 0.182
144,120,869.422,7.0,1.2,4.0,593,594,4-50-52-54-4 = 1.0,5-55-23-29-41-5 = 1.0,5-22-40-36-5 = 1.0,5-37-6-17-5 = 0.5,5-16-9-45-5 = 0.5,4-39-19-27-21-4 = 1.0,4-38-46-4 = 0.5,4-38-46-8-4 = 0.5,4-26-24-14-4 = 0.5,5-33-45-5 = 0.5,4-8-18-15-43-4 = 0.5,4-18-15-24-43-4 = 0.5,5-6-28-49-48-5 = 0.5,4-26-12-14-4 = 0.5,4-25-32-42-4 = 1.0,4-34-13-7-4 = 1.0,5-28-35-47-33-5 = 0.5,5-35-47-31-49-48-5 = 0.5,5-51-30-11-5 = 1.0,5-9-16-31-17-5 = 0.5,4-20-10-44-53-4 = 1.0,5-12-37-5 = 0.5
594,144,870.266,0.0,0.844,0.0,Prune by CG,,4-8-4 = 0.2,4-50-52-54-4 = 1.0,5-55-23-29-41-5 = 1.0,5-22-40-36-5 = 1.0,5-37-9-11-5 = 0.2,5-37-6-17-5 = 0.6,4-39-19-27-21-4 = 1.0,4-38-46-4 = 0.2,4-38-46-8-4 = 0.8,5-33-45-5 = 0.6,4-18-15-24-43-4 = 0.8,4-18-15-24-43-5 = 0.2,5-6-28-49-48-5 = 0.4,4-26-12-14-4 = 1.0,4-25-32-42-4 = 1.0,4-34-13-7-4 = 1.0,5-28-17-48-5 = 0.2,5-28-35-47-33-5 = 0.4,5-35-47-31-49-48-5 = 0.4,5-35-47-9-45-5 = 0.2,5-31-16-44-53-4 = 0.2,5-51-30-11-5 = 0.8,5-9-16-31-17-5 = 0.2,4-20-10-44-53-4 = 0.8,5-9-51-16-10-4 = 0.2,5-9-16-30-5 = 0.2,5-37-45-5 = 0.2,4-20-16-31-49-5 = 0.2
593,144,870.039,4.0,0.616,-3.0,595,596,4-8-4 = 0.25,4-50-52-54-4 = 1.0,5-55-23-29-41-5 = 1.0,5-22-40-36-5 = 1.0,5-37-6-31-49-5 = 0.5,5-37-6-17-5 = 0.5,5-16-9-45-5 = 1.0,4-39-19-27-21-4 = 1.0,4-38-46-4 = 0.25,4-38-46-8-4 = 0.75,4-18-15-24-43-4 = 1.0,4-26-12-14-4 = 1.0,4-25-32-42-4 = 1.0,4-34-13-7-4 = 1.0,5-28-17-48-5 = 0.5,5-28-35-47-33-5 = 0.5,5-35-47-31-49-48-5 = 0.5,5-51-30-11-5 = 0.75,5-51-11-33-5 = 0.25,4-20-10-44-53-4 = 1.0,5-33-30-5 = 0.25
595,593,872.336,0.0,2.298,0.0,Prune by CG,,4-8-4 = 0.25,4-50-52-54-4 = 1.0,5-55-23-29-41-5 = 1.0,5-22-40-36-5 = 1.0,5-16-9-45-5 = 1.0,4-39-19-27-21-4 = 1.0,4-38-46-4 = 0.25,4-38-46-8-4 = 0.75,4-18-15-24-43-4 = 1.0,5-6-28-49-48-5 = 0.5,4-26-12-14-4 = 1.0,4-25-32-42-4 = 1.0,4-34-13-7-4 = 1.0,5-6-17-48-5 = 0.5,5-28-35-47-33-5 = 0.5,5-37-47-31-17-5 = 0.5,5-51-30-11-5 = 0.75,5-51-11-33-5 = 0.25,4-20-10-44-53-4 = 1.0,5-37-35-31-49-5 = 0.5,5-33-30-5 = 0.25
596,593,871.666,0.0,1.627,0.0,Prune by CG,,4-50-52-54-4 = 1.0,5-55-23-29-41-5 = 1.0,5-22-40-36-5 = 1.0,5-37-6-17-5 = 0.5,5-16-9-45-5 = 1.0,4-39-19-27-21-4 = 1.0,4-38-46-4 = 0.5,4-38-46-8-4 = 0.5,4-26-24-14-4 = 0.5,4-8-18-15-43-4 = 0.5,4-18-15-24-43-4 = 0.5,4-26-12-14-4 = 0.5,4-25-32-42-4 = 1.0,4-34-13-7-4 = 1.0,5-28-17-48-5 = 0.5,5-28-35-47-33-5 = 0.5,5-51-30-11-5 = 1.0,4-20-10-44-53-4 = 1.0,5-12-37-5 = 0.5,5-47-35-31-49-48-5 = 0.5,5-6-31-49-33-5 = 0.5
300,260,870.017,6.5,1.035,0.056,597,598,4-8-4 = 0.153,5-55-23-29-41-5 = 1.0,5-22-40-36-5 = 1.0,5-17-49-53-33-5 = 0.156,5-37-6-17-5 = 0.159,4-25-20-10-4 = 1.0,4-39-19-27-21-4 = 0.321,4-38-46-4 = 0.153,4-38-46-8-4 = 0.847,5-45-33-5 = 0.543,4-18-15-24-43-4 = 0.054,4-18-15-24-43-5 = 0.946,5-6-28-49-48-5 = 0.278,4-26-12-14-4 = 0.159,4-26-42-32-4 = 0.841,4-34-13-7-4 = 1.0,5-6-31-16-53-4 = 0.435,4-42-30-5 = 0.128,4-44-54-52-4 = 0.642,5-28-17-48-5 = 0.685,5-28-35-47-44-53-4 = 0.037,5-35-47-16-31-49-5 = 0.528,5-35-47-31-49-48-5 = 0.037,5-35-47-9-16-53-4 = 0.037,4-39-50-19-21-4 = 0.679,4-50-27-44-53-14-4 = 0.321,5-6-51-9-45-5 = 0.097,5-51-30-11-5 = 0.699,5-9-11-33-5 = 0.301,5-9-51-30-53-4 = 0.014,4-27-52-54-4 = 0.358,5-12-37-5 = 0.841,5-6-9-51-42-4 = 0.031,5-47-35-9-45-14-4 = 0.361,5-9-51-32-30-14-4 = 0.159
597,300,870.463,0.0,0.447,0.0,Prune by CG,,4-8-4 = 0.13,5-55-23-29-41-5 = 1.0,5-22-40-36-5 = 1.0,5-11-32-42-4 = 0.13,5-37-6-17-5 = 0.217,4-25-20-10-4 = 1.0,4-39-19-27-21-4 = 0.391,4-38-46-4 = 0.13,4-38-46-8-4 = 0.87,5-45-33-5 = 0.739,4-18-15-24-43-4 = 0.522,4-18-15-24-43-5 = 0.478,5-6-28-49-48-5 = 0.435,4-26-12-14-4 = 0.435,4-26-42-32-4 = 0.565,4-34-13-7-4 = 1.0,4-42-30-5 = 0.217,4-44-54-52-4 = 0.609,5-28-17-48-5 = 0.565,4-53-54-52-4 = 0.174,5-35-31-16-53-4 = 0.217,5-35-47-16-31-49-5 = 0.565,5-35-47-9-16-53-4 = 0.217,5-37-47-31-17-5 = 0.217,4-39-50-19-21-4 = 0.609,4-50-27-44-53-14-4 = 0.391,5-6-51-9-45-5 = 0.261,5-51-30-11-5 = 0.478,5-9-11-33-5 = 0.261,4-32-30-11-5 = 0.13,4-27-52-54-4 = 0.217,5-12-37-5 = 0.565,5-6-9-51-42-4 = 0.087,5-9-51-32-30-14-4 = 0.174
598,300,871.237,0.0,1.221,0.0,Prune by CG,,4-8-4 = 0.2,5-55-23-29-41-5 = 1.0,5-22-40-36-5 = 1.0,5-17-49-53-33-5 = 0.2,5-37-6-17-5 = 0.3,5-16-9-45-5 = 0.025,5-16-32-42-4 = 0.075,4-25-20-10-4 = 1.0,4-39-19-27-21-4 = 0.2,4-38-46-4 = 0.2,4-38-46-8-4 = 0.8,5-45-33-5 = 0.55,4-18-15-24-43-5 = 1.0,5-6-28-49-48-5 = 0.5,4-26-12-14-4 = 0.3,4-26-42-32-4 = 0.7,4-34-13-7-4 = 1.0,4-42-30-5 = 0.05,4-44-54-52-4 = 0.4,5-28-17-48-5 = 0.2,5-28-35-47-33-5 = 0.1,5-35-47-31-49-48-5 = 0.3,4-39-50-19-21-4 = 0.8,4-50-27-44-53-14-4 = 0.2,5-31-16-44-53-4 = 0.4,5-51-30-11-5 = 0.725,5-9-11-33-5 = 0.15,5-9-16-31-17-5 = 0.3,4-32-30-11-5 = 0.125,5-6-35-9-45-5 = 0.2,4-27-52-54-4 = 0.6,5-12-37-5 = 0.7,5-28-47-16-53-4 = 0.2,5-47-35-9-45-14-4 = 0.225,5-9-51-32-30-14-4 = 0.1,5-35-47-51-42-14-4 = 0.175
430,223,869.995,6.875,0.367,0.183,599,600,4-8-4 = 0.125,4-50-52-54-4 = 0.688,5-55-23-29-41-5 = 1.0,5-37-48-5 = 1.0,5-22-40-36-5 = 1.0,5-17-49-53-33-5 = 0.313,5-11-32-42-4 = 0.5,4-25-20-10-4 = 1.0,4-39-19-27-21-4 = 0.563,4-39-19-27-44-49-5 = 0.187,4-38-46-4 = 0.125,4-38-46-8-4 = 0.875,5-33-45-5 = 0.688,4-18-15-24-43-4 = 0.25,4-18-15-24-43-5 = 0.75,4-26-12-14-4 = 1.0,4-13-7-27-21-4 = 0.187,4-34-13-7-4 = 0.812,5-6-9-16-53-4 = 0.187,4-42-30-5 = 0.5,4-34-35-47-28-49-5 = 0.187,4-44-54-52-4 = 0.312,5-28-35-47-44-53-4 = 0.125,5-28-35-47-31-17-5 = 0.688,4-39-50-19-21-4 = 0.25,4-50-27-44-53-4 = 0.062,5-51-30-11-5 = 0.5,5-6-9-51-16-32-4 = 0.5,5-9-16-44-53-4 = 0.313,5-6-31-49-45-5 = 0.313
599,430,873.157,0.0,3.162,0.0,Prune by CG,,4-8-4 = 0.071,4-50-52-54-4 = 0.714,5-55-23-29-41-5 = 1.0,5-37-48-5 = 1.0,5-22-40-36-5 = 1.0,5-17-49-53-33-5 = 0.286,5-11-32-42-4 = 0.5,4-25-20-10-4 = 1.0,4-39-19-27-21-4 = 0.857,4-38-46-4 = 0.071,4-38-46-8-4 = 0.929,5-45-33-5 = 0.714,4-18-15-24-43-4 = 0.357,4-18-15-24-43-5 = 0.643,4-26-12-14-4 = 1.0,4-34-13-7-4 = 1.0,4-42-30-5 = 0.214,4-44-54-52-4 = 0.286,5-28-47-35-31-17-5 = 0.714,4-39-50-19-21-4 = 0.143,4-50-27-44-53-4 = 0.143,4-32-30-11-5 = 0.5,5-9-16-44-53-4 = 0.571,5-6-31-49-45-5 = 0.286,5-6-35-51-42-4 = 0.286,5-28-47-51-30-5 = 0.286,5-6-9-51-16-49-5 = 0.429
600,430,871.144,0.0,1.149,0.0,Prune by CG,,4-8-4 = 0.222,4-50-52-54-4 = 0.833,5-55-23-29-41-5 = 1.0,5-37-48-5 = 1.0,5-22-40-36-5 = 1.0,5-12-45-5 = 0.259,4-25-20-10-4 = 1.0,4-39-19-27-21-4 = 0.667,4-39-19-27-44-49-5 = 0.167,4-38-46-4 = 0.222,4-38-46-8-4 = 0.778,5-45-33-5 = 0.222,4-18-15-24-43-5 = 0.222,4-18-15-24-43-14-4 = 0.778,4-26-12-14-4 = 0.222,4-26-42-32-4 = 0.778,4-13-7-27-21-4 = 0.167,4-34-13-7-4 = 0.833,5-6-9-16-53-4 = 0.296,4-42-30-5 = 0.222,4-34-35-47-28-49-5 = 0.167,4-44-54-52-4 = 0.167,5-28-35-47-31-17-5 = 0.685,5-35-47-9-16-53-4 = 0.037,4-39-50-19-21-4 = 0.167,5-51-30-11-5 = 0.778,5-51-11-33-5 = 0.148,5-47-16-9-11-5 = 0.074,5-6-9-51-16-32-4 = 0.074,4-32-44-53-33-5 = 0.148,5-9-16-44-53-4 = 0.519,5-12-47-28-49-5 = 0.037,5-6-17-49-45-5 = 0.315,5-6-31-49-45-5 = 0.204,5-6-28-35-31-49-5 = 0.111,5-12-33-5 = 0.481
333,332,869.829,7.167,0.99,1.278,601,602,4-8-4 = 0.111,5-55-23-29-41-5 = 1.0,5-37-48-5 = 0.556,5-22-40-36-5 = 1.0,4-46-19-27-44-49-5 = 0.083,4-25-34-20-4 = 0.389,4-38-46-4 = 0.028,4-38-46-8-4 = 0.889,5-45-33-5 = 0.972,4-18-15-24-43-4 = 0.583,4-18-15-24-43-5 = 0.417,4-26-12-14-4 = 1.0,4-25-34-53-4 = 0.417,4-25-32-42-4 = 0.194,4-10-13-7-4 = 0.194,4-10-32-42-4 = 0.806,4-34-13-7-4 = 0.194,4-44-54-52-4 = 0.333,4-20-13-7-4 = 0.611,4-39-50-27-21-4 = 0.167,4-39-50-19-21-4 = 0.833,5-31-16-44-53-4 = 0.5,5-51-30-11-5 = 0.972,5-9-11-33-5 = 0.028,5-9-16-31-17-5 = 0.028,4-38-19-27-44-53-4 = 0.083,5-6-47-35-28-17-5 = 0.528,5-6-35-47-16-9-5 = 0.472,5-37-9-31-49-5 = 0.444,4-27-52-54-4 = 0.667,5-31-9-51-30-5 = 0.028,5-28-49-45-5 = 0.028,5-28-17-49-48-5 = 0.444
601,333,870.672,0.0,0.842,0.0,Prune by CG,,5-55-23-29-41-5 = 1.0,5-37-48-5 = 0.75,5-22-40-36-5 = 1.0,4-25-34-20-4 = 0.333,4-38-46-8-4 = 1.0,5-45-33-5 = 0.938,4-18-15-24-43-4 = 0.625,4-18-15-24-43-5 = 0.125,4-18-15-24-43-14-4 = 0.25,4-26-12-14-4 = 0.75,4-26-42-32-4 = 0.25,4-25-34-53-4 = 0.625,4-25-32-42-4 = 0.042,4-10-13-7-4 = 0.292,4-10-32-42-4 = 0.708,4-34-13-7-4 = 0.042,4-44-54-52-4 = 0.5,4-20-13-7-4 = 0.667,4-39-50-27-21-4 = 0.25,4-39-50-19-21-4 = 0.75,5-31-16-44-53-4 = 0.25,5-51-30-11-5 = 0.875,5-9-11-33-5 = 0.062,5-9-16-31-17-5 = 0.062,5-6-47-35-28-17-5 = 0.938,5-6-35-47-9-11-5 = 0.063,5-9-51-30-53-4 = 0.125,4-27-52-54-4 = 0.5,5-37-12-5 = 0.25,5-28-49-45-5 = 0.062,5-9-16-31-49-5 = 0.688,4-19-27-44-49-48-5 = 0.25
602,333,871.272,0.0,1.443,0.0,Prune by CG,,4-8-4 = 0.188,5-55-23-29-41-5 = 1.0,5-37-48-5 = 0.75,5-22-40-36-5 = 1.0,5-37-28-17-5 = 0.25,4-46-19-27-7-4 = 0.188,4-25-20-13-4 = 0.125,4-25-34-20-4 = 0.625,4-38-46-8-4 = 0.812,5-33-45-5 = 0.5,4-18-15-24-43-5 = 1.0,4-26-12-14-4 = 1.0,4-25-34-53-4 = 0.25,4-10-13-7-4 = 0.5,4-10-32-42-4 = 0.5,4-34-13-7-4 = 0.125,4-44-54-52-4 = 0.75,4-20-13-7-4 = 0.188,4-20-13-44-53-4 = 0.062,5-28-17-48-5 = 0.25,4-39-50-27-21-4 = 0.375,4-39-50-19-21-4 = 0.625,5-51-30-11-5 = 1.0,4-38-19-27-44-53-4 = 0.188,5-6-47-35-16-32-4 = 0.5,5-6-35-47-28-17-5 = 0.5,5-9-31-49-45-5 = 0.5,4-27-52-54-4 = 0.25,5-9-16-42-4 = 0.5,5-31-49-53-33-5 = 0.5
304,166,869.959,7.474,0.74,0.397,603,604,5-55-23-29-41-5 = 1.0,5-37-48-5 = 0.639,5-22-40-36-5 = 1.0,5-37-28-17-5 = 0.248,5-17-49-53-33-5 = 0.165,5-12-42-4 = 1.0,5-28-31-16-32-4 = 0.195,5-37-6-17-5 = 0.113,4-25-34-20-4 = 0.752,4-39-19-27-44-49-5 = 0.143,4-38-46-4 = 0.857,4-38-46-19-27-21-4 = 0.143,4-26-24-14-4 = 1.0,4-8-18-15-43-4 = 0.609,4-8-18-15-43-5 = 0.391,5-6-28-49-48-5 = 0.083,4-25-34-53-4 = 0.248,4-10-13-7-4 = 0.752,4-44-54-52-4 = 0.714,4-20-13-7-4 = 0.248,5-28-17-48-5 = 0.278,5-28-35-47-31-17-5 = 0.195,5-35-47-16-31-49-5 = 0.609,5-35-47-16-32-53-4 = 0.195,5-45-30-5 = 0.195,4-39-50-27-21-4 = 0.286,4-39-50-19-21-4 = 0.571,5-6-51-9-45-5 = 0.805,5-51-11-33-5 = 0.195,5-9-11-33-5 = 0.195,4-32-30-11-5 = 0.609,4-10-53-33-5 = 0.248,4-50-19-27-44-53-4 = 0.143,5-30-33-5 = 0.195,4-27-52-54-4 = 0.286
604,304,879.429,0.0,9.47,0.0,Prune by CG,,5-55-23-29-41-5 = 1.0,5-37-48-5 = 0.5,5-22-40-36-5 = 1.0,5-37-28-17-5 = 0.5,5-12-42-4 = 1.0,4-25-34-20-4 = 0.978,4-39-19-21-4 = 1.0,4-38-46-4 = 1.0,4-26-24-14-4 = 1.0,4-8-18-15-43-4 = 0.2,4-8-18-15-43-5 = 0.8,5-6-28-49-48-5 = 0.2,4-10-13-7-4 = 0.622,4-10-32-30-5 = 0.378,4-34-13-7-4 = 0.022,4-44-54-52-4 = 0.333,4-20-13-7-4 = 0.022,5-28-17-48-5 = 0.3,4-53-54-52-4 = 0.333,5-35-47-16-31-49-5 = 0.6,5-35-47-31-16-32-4 = 0.4,5-45-30-5 = 0.2,4-50-27-44-53-4 = 0.667,5-6-51-9-45-5 = 0.6,5-51-11-33-5 = 0.4,5-9-11-33-5 = 0.4,4-32-30-11-5 = 0.2,4-25-32-30-5 = 0.022,5-33-30-5 = 0.2,4-27-52-54-4 = 0.333,5-6-17-49-45-5 = 0.2,4-50-13-7-4 = 0.333
284,142,870.314,3.8,1.275,-1.644,Prune by UB,,4-8-4 = 0.2,4-50-52-54-4 = 1.0,5-55-23-29-41-5 = 1.0,5-22-40-36-5 = 1.0,5-37-9-11-5 = 0.2,5-37-51-9-17-5 = 0.2,5-28-31-49-48-5 = 0.2,4-39-19-27-21-4 = 1.0,4-38-46-4 = 0.2,4-38-46-8-4 = 0.8,4-26-42-14-4 = 0.2,5-33-45-5 = 1.0,4-18-15-24-43-4 = 1.0,4-26-12-14-4 = 0.8,4-25-32-42-4 = 0.8,4-34-13-7-4 = 1.0,5-28-17-48-5 = 0.8,5-51-30-11-5 = 0.8,5-6-47-16-31-49-5 = 0.4,5-6-47-35-16-9-5 = 0.6,4-25-32-30-4 = 0.2,4-20-10-44-53-4 = 1.0,5-37-35-31-49-5 = 0.4,5-12-37-5 = 0.2
343,246,870.004,7.75,0.869,0.237,605,606,4-8-4 = 0.125,5-55-23-29-41-5 = 1.0,5-22-40-36-5 = 1.0,5-37-28-17-5 = 0.5,4-25-34-20-4 = 1.0,4-39-19-27-21-4 = 0.375,4-38-46-4 = 0.125,4-38-46-8-4 = 0.875,5-33-45-5 = 1.0,4-18-15-24-43-14-4 = 1.0,4-26-42-32-4 = 0.5,4-10-13-7-4 = 1.0,5-6-9-16-53-4 = 0.5,4-44-54-52-4 = 0.625,5-28-17-48-5 = 0.5,4-53-54-52-4 = 0.125,5-35-47-16-31-49-5 = 0.5,5-35-47-31-49-48-5 = 0.5,4-39-50-19-21-4 = 0.625,4-50-27-44-53-4 = 0.375,5-51-30-11-5 = 0.5,4-32-30-11-5 = 0.5,4-27-52-54-4 = 0.25,5-12-37-5 = 0.5,5-6-9-51-42-4 = 0.5,4-26-12-5 = 0.5
605,343,871.669,0.0,1.665,0.0,Prune by CG,,4-8-4 = 0.161,5-55-23-29-41-5 = 1.0,5-22-40-36-5 = 1.0,5-12-16-32-4 = 0.276,5-37-28-17-5 = 1.0,5-12-51-32-53-4 = 0.011,4-25-34-20-4 = 1.0,4-39-19-27-21-4 = 0.333,4-38-46-4 = 0.161,4-38-46-8-4 = 0.839,5-33-45-5 = 1.0,4-18-15-24-43-14-4 = 1.0,4-26-42-32-4 = 0.287,4-10-13-7-4 = 1.0,5-6-9-16-53-4 = 0.655,4-42-30-5 = 0.218,4-44-54-52-4 = 0.667,5-35-47-31-49-48-5 = 1.0,4-39-50-19-21-4 = 0.667,4-50-27-44-53-4 = 0.333,5-51-30-11-5 = 0.644,4-32-30-11-5 = 0.138,5-6-9-51-16-32-4 = 0.069,4-27-52-54-4 = 0.333,5-6-9-51-42-4 = 0.276,4-26-12-5 = 0.713,4-42-32-11-5 = 0.218
606,343,870.528,0.0,0.524,0.0,Prune by CG,,4-8-4 = 0.125,5-55-23-29-41-5 = 1.0,5-22-40-36-5 = 1.0,5-37-6-31-49-5 = 0.5,4-25-34-20-4 = 1.0,4-39-19-27-21-4 = 0.375,4-38-46-4 = 0.125,4-38-46-8-4 = 0.875,5-33-45-5 = 1.0,4-18-15-24-43-14-4 = 1.0,4-26-42-32-4 = 0.5,4-10-13-7-4 = 1.0,4-44-54-52-4 = 0.625,5-28-17-48-5 = 1.0,4-53-54-52-4 = 0.125,5-35-47-16-31-49-5 = 0.5,5-35-47-9-16-53-4 = 0.5,4-39-50-19-21-4 = 0.625,4-50-27-44-53-4 = 0.375,5-51-30-11-5 = 0.5,4-32-30-11-5 = 0.5,4-27-52-54-4 = 0.25,5-37-12-5 = 0.5,5-6-9-51-42-4 = 0.5,4-26-12-5 = 0.5
407,267,870.168,5.727,0.634,-0.83,607,608,4-8-4 = 0.212,4-50-52-54-4 = 1.0,5-55-23-29-41-5 = 1.0,5-22-40-36-5 = 1.0,5-37-9-11-5 = 0.091,4-25-20-10-4 = 0.576,4-25-20-13-4 = 0.212,4-39-19-27-21-4 = 1.0,4-38-46-4 = 0.212,4-38-46-8-4 = 0.788,5-45-33-5 = 0.636,4-18-15-24-43-14-4 = 1.0,4-26-42-32-4 = 0.909,4-25-20-7-4 = 0.212,4-10-13-7-4 = 0.424,4-34-13-7-4 = 0.364,5-6-17-48-5 = 0.636,5-6-9-51-30-5 = 0.364,4-34-35-47-28-49-5 = 0.636,5-28-17-48-5 = 0.364,5-35-47-16-31-49-5 = 0.091,5-31-16-44-53-4 = 0.909,5-51-30-11-5 = 0.636,5-9-11-33-5 = 0.273,4-32-44-53-33-5 = 0.091,5-37-12-5 = 0.909,4-26-12-5 = 0.091,4-42-45-5 = 0.091,5-35-47-9-45-49-5 = 0.273
607,407,870.633,0.0,0.465,0.0,Prune by CG,,4-8-4 = 0.229,4-50-52-54-4 = 1.0,5-55-23-29-41-5 = 1.0,5-22-40-36-5 = 1.0,4-25-20-10-4 = 1.0,4-39-19-21-4 = 0.25,4-39-19-27-21-4 = 0.5,4-39-19-27-44-49-5 = 0.25,4-38-46-4 = 0.229,4-38-46-8-4 = 0.771,5-33-45-5 = 0.625,4-18-15-24-43-14-4 = 1.0,4-26-42-32-4 = 0.958,4-13-7-53-4 = 0.188,4-13-7-27-21-4 = 0.25,4-34-13-7-4 = 0.562,5-6-17-48-5 = 0.396,5-6-31-16-53-4 = 0.021,5-6-9-51-30-5 = 0.333,4-34-35-47-28-49-5 = 0.396,5-28-17-48-5 = 0.354,5-35-47-16-31-49-5 = 0.271,5-31-16-44-53-4 = 0.708,5-51-30-11-5 = 0.667,5-9-11-33-5 = 0.333,5-6-35-9-45-5 = 0.25,4-26-34-53-4 = 0.042,4-32-44-53-33-5 = 0.042,5-37-12-5 = 1.0,5-47-28-17-48-5 = 0.25,4-42-45-5 = 0.042,5-35-47-9-45-49-5 = 0.083
608,407,871.922,0.0,1.754,0.0,Prune by CG,,4-8-4 = 0.188,4-50-52-54-4 = 1.0,5-35-47-34-10-4 = 0.104,5-55-23-29-41-5 = 1.0,5-22-40-36-5 = 1.0,5-12-26-4 = 0.042,5-37-6-17-5 = 0.104,4-25-20-13-4 = 0.5,4-39-19-27-21-4 = 1.0,4-38-46-4 = 0.188,4-38-46-8-4 = 0.812,5-33-45-5 = 0.667,4-18-15-24-43-14-4 = 1.0,4-26-42-32-4 = 0.792,4-25-20-7-4 = 0.5,4-10-13-7-4 = 0.375,4-10-32-42-4 = 0.208,4-34-13-7-4 = 0.125,5-6-17-48-5 = 0.563,5-6-9-51-30-5 = 0.333,4-34-35-47-28-49-5 = 0.667,5-28-17-48-5 = 0.333,5-35-47-16-31-49-5 = 0.104,5-31-16-44-53-4 = 0.896,5-51-30-11-5 = 0.667,5-9-11-33-5 = 0.333,4-26-34-53-4 = 0.104,5-37-12-5 = 0.896,4-26-12-5 = 0.063,5-35-47-9-45-49-5 = 0.125,4-10-9-45-5 = 0.208,4-10-44-49-48-5 = 0.104
521,217,870.261,5.556,0.353,-1.444,Prune by UB,,4-8-4 = 0.139,5-55-23-29-41-5 = 1.0,5-22-40-36-5 = 1.0,5-37-28-17-5 = 1.0,4-25-34-20-4 = 0.75,4-39-19-27-21-4 = 0.236,4-38-46-4 = 0.139,4-38-46-8-4 = 0.861,5-33-45-5 = 1.0,4-18-15-24-43-4 = 0.778,4-18-15-24-43-5 = 0.222,4-26-12-14-4 = 1.0,4-25-34-53-4 = 0.25,4-10-13-7-4 = 0.819,4-10-32-42-4 = 0.111,5-6-9-16-53-4 = 0.222,4-42-30-5 = 0.222,4-44-54-52-4 = 0.472,4-20-13-7-4 = 0.181,5-35-47-16-11-5 = 0.222,5-35-47-31-49-48-5 = 0.778,4-39-50-19-21-4 = 0.764,4-50-27-44-53-4 = 0.236,5-31-16-44-53-4 = 0.222,4-32-30-11-5 = 0.778,5-6-9-51-16-32-4 = 0.111,4-20-10-44-53-4 = 0.069,4-27-52-54-4 = 0.528,5-6-9-51-42-4 = 0.667,5-51-16-49-48-5 = 0.222
319,299,869.878,6.333,0.603,1.278,609,610,4-8-4 = 0.167,5-55-23-29-41-5 = 1.0,5-22-40-36-5 = 1.0,5-17-49-53-33-5 = 0.056,5-11-32-42-4 = 0.194,5-28-31-49-48-5 = 0.889,5-37-6-17-5 = 0.556,5-16-32-42-4 = 0.222,4-25-20-10-4 = 1.0,4-39-19-27-21-4 = 0.333,4-38-46-4 = 0.167,4-38-46-8-4 = 0.833,5-33-45-5 = 0.944,4-18-15-24-43-5 = 1.0,4-26-12-14-4 = 0.556,4-26-42-32-4 = 0.444,4-34-13-7-4 = 1.0,5-6-17-48-5 = 0.111,5-6-9-51-30-5 = 0.278,4-44-54-52-4 = 0.667,5-28-35-47-31-17-5 = 0.111,5-35-47-16-11-5 = 0.056,5-35-47-16-9-17-5 = 0.111,5-35-47-9-16-53-4 = 0.611,4-39-50-19-21-4 = 0.667,4-50-27-44-53-14-4 = 0.333,5-51-30-11-5 = 0.611,4-27-52-54-4 = 0.333,5-12-37-5 = 0.444,5-6-17-49-45-5 = 0.056,4-42-32-11-5 = 0.139,5-47-35-51-30-14-4 = 0.111
609,319,870.61,0.0,0.732,0.0,Prune by CG,,4-8-4 = 0.106,5-55-23-29-41-5 = 1.0,5-22-40-36-5 = 1.0,5-12-45-5 = 0.106,5-28-31-49-48-5 = 1.0,5-37-6-17-5 = 1.0,5-16-32-42-4 = 0.333,4-25-20-10-4 = 1.0,4-39-19-27-21-4 = 0.333,4-38-46-4 = 0.106,4-38-46-8-4 = 0.894,5-33-45-5 = 0.742,4-18-15-24-43-5 = 1.0,4-26-12-14-4 = 0.697,4-26-42-32-4 = 0.303,4-34-13-7-4 = 1.0,4-44-54-52-4 = 0.667,5-35-47-9-45-5 = 0.152,5-35-47-9-16-53-4 = 0.667,4-39-50-19-21-4 = 0.667,4-50-27-44-53-4 = 0.333,5-51-30-11-5 = 0.758,4-27-52-54-4 = 0.333,4-42-32-11-5 = 0.242,5-47-35-51-30-14-4 = 0.121,5-9-51-32-30-14-4 = 0.121,4-42-33-5 = 0.061,5-35-47-9-42-14-4 = 0.061,5-12-33-5 = 0.197
610,319,871.265,0.0,1.387,0.0,Prune by CG,,4-8-4 = 0.167,5-55-23-29-41-5 = 1.0,5-22-40-36-5 = 1.0,5-17-49-53-33-5 = 0.167,5-28-31-49-48-5 = 0.667,4-25-20-10-4 = 1.0,4-39-19-27-21-4 = 0.333,4-38-46-4 = 0.167,4-38-46-8-4 = 0.833,4-26-42-14-4 = 0.333,5-33-45-5 = 0.833,4-18-15-24-43-4 = 0.167,4-18-15-24-43-5 = 0.833,4-26-42-32-4 = 0.667,4-34-13-7-4 = 1.0,5-6-17-48-5 = 0.333,5-6-9-16-53-4 = 0.333,5-6-9-51-30-5 = 0.167,4-44-54-52-4 = 0.667,5-28-35-47-31-17-5 = 0.333,5-35-47-16-11-5 = 0.5,5-35-47-9-16-53-4 = 0.167,4-39-50-19-21-4 = 0.667,4-50-27-44-53-14-4 = 0.333,5-51-30-11-5 = 0.5,4-27-52-54-4 = 0.333,5-37-12-5 = 1.0,5-6-17-49-45-5 = 0.167,5-9-51-32-30-14-4 = 0.333
466,261,869.942,7.429,0.104,0.829,611,612,4-8-4 = 0.071,4-50-52-54-4 = 0.571,5-55-23-29-41-5 = 1.0,5-22-40-36-5 = 1.0,5-37-28-49-5 = 0.357,5-37-28-17-5 = 0.643,5-16-32-42-4 = 0.286,4-25-34-20-4 = 0.571,4-39-19-27-21-4 = 0.786,4-38-46-4 = 0.071,4-38-46-8-4 = 0.929,5-33-45-5 = 1.0,4-18-15-24-43-4 = 0.071,4-18-15-24-43-5 = 0.929,4-26-12-14-4 = 1.0,4-25-34-53-4 = 0.429,4-10-13-7-4 = 0.571,4-10-32-42-4 = 0.429,5-6-9-51-30-5 = 0.357,4-44-54-52-4 = 0.429,4-20-13-7-4 = 0.429,5-35-47-16-11-5 = 0.357,5-35-47-31-49-48-5 = 0.643,4-39-50-19-21-4 = 0.214,4-50-27-44-53-4 = 0.214,5-31-16-44-53-4 = 0.357,5-51-30-11-5 = 0.643,5-6-9-32-42-4 = 0.286,5-6-9-17-48-5 = 0.357
611,466,871.455,0.0,1.513,0.0,Prune by CG,,4-8-4 = 0.15,4-50-52-54-4 = 1.0,5-55-23-29-41-5 = 1.0,5-22-40-36-5 = 1.0,5-37-28-49-5 = 0.1,5-37-28-17-5 = 0.9,4-25-34-20-4 = 0.65,4-39-19-21-4 = 0.15,4-39-19-27-21-4 = 0.7,4-39-19-27-44-49-5 = 0.15,4-38-46-4 = 0.15,4-38-46-8-4 = 0.85,5-33-45-5 = 1.0,4-18-15-24-43-5 = 1.0,4-26-12-14-4 = 1.0,4-25-34-53-4 = 0.35,4-13-7-27-21-4 = 0.15,4-10-13-7-4 = 0.5,4-10-32-42-4 = 0.3,5-6-9-51-30-5 = 0.2,4-20-13-7-4 = 0.35,5-35-16-44-53-4 = 0.1,5-35-47-16-11-5 = 0.2,5-35-47-31-49-48-5 = 0.55,5-31-16-44-53-4 = 0.45,5-51-30-11-5 = 0.8,5-47-16-44-53-4 = 0.1,5-35-47-16-48-5 = 0.15,5-6-9-32-42-4 = 0.7,5-6-9-17-48-5 = 0.1,4-10-44-49-48-5 = 0.2
612,466,871.247,0.0,1.305,0.0,Prune by CG,,4-8-4 = 0.071,5-55-23-29-41-5 = 1.0,5-22-40-36-5 = 1.0,5-37-28-49-5 = 0.357,5-37-28-17-5 = 0.643,5-16-32-42-4 = 0.286,4-25-34-20-4 = 0.571,4-39-19-27-21-4 = 0.214,4-38-46-4 = 0.071,4-38-46-8-4 = 0.929,5-33-45-5 = 1.0,4-18-15-24-43-4 = 0.071,4-18-15-24-43-5 = 0.929,4-26-12-14-4 = 1.0,4-25-34-53-4 = 0.429,4-10-13-7-4 = 0.571,4-10-32-42-4 = 0.429,5-6-9-51-30-5 = 0.357,4-44-54-52-4 = 0.429,4-20-13-7-4 = 0.429,5-35-47-16-11-5 = 0.357,5-35-47-31-49-48-5 = 0.643,4-39-50-19-21-4 = 0.786,4-50-27-44-53-4 = 0.214,5-31-16-44-53-4 = 0.357,5-51-30-11-5 = 0.643,4-27-52-54-4 = 0.571,5-6-9-32-42-4 = 0.286,5-6-9-17-48-5 = 0.357
394,161,870.129,4.571,0.907,-0.429,613,614,4-8-4 = 0.119,5-55-23-29-41-5 = 1.0,5-22-40-36-5 = 1.0,5-37-28-17-5 = 1.0,5-11-32-42-4 = 0.393,5-12-51-32-53-4 = 0.048,4-25-20-10-4 = 0.905,4-39-19-27-21-4 = 0.333,4-38-46-4 = 0.119,4-38-46-8-4 = 0.881,5-45-33-5 = 1.0,4-18-15-24-43-5 = 1.0,4-26-12-14-4 = 0.952,4-26-42-32-4 = 0.048,4-25-20-7-4 = 0.048,4-10-32-42-4 = 0.095,4-34-13-7-4 = 0.952,4-34-20-13-4 = 0.048,5-6-9-16-53-4 = 0.619,4-42-30-5 = 0.405,4-44-54-52-4 = 0.667,5-35-47-31-49-48-5 = 1.0,4-39-50-19-21-4 = 0.667,4-50-27-44-53-4 = 0.333,5-51-30-11-5 = 0.571,4-32-30-11-5 = 0.024,5-6-9-51-16-32-4 = 0.381,4-27-52-54-4 = 0.333,4-42-32-11-5 = 0.012,4-25-42-14-4 = 0.048
613,394,870.713,0.0,0.584,0.0,Prune by CG,,4-8-4 = 0.111,5-55-23-29-41-5 = 1.0,5-22-40-36-5 = 1.0,5-12-16-32-4 = 0.111,5-37-28-17-5 = 1.0,5-11-32-42-4 = 0.167,5-16-32-42-4 = 0.222,4-25-20-10-4 = 0.778,4-39-19-27-21-4 = 0.333,4-38-46-4 = 0.111,4-38-46-8-4 = 0.889,5-33-45-5 = 1.0,4-18-15-24-43-5 = 1.0,4-26-12-14-4 = 0.889,4-26-42-32-4 = 0.111,4-25-20-7-4 = 0.111,4-10-32-42-4 = 0.222,4-34-13-7-4 = 0.889,4-34-20-13-4 = 0.111,5-6-9-16-53-4 = 0.667,5-6-9-51-30-5 = 0.333,4-44-54-52-4 = 0.667,5-35-47-31-49-48-5 = 1.0,4-39-50-19-21-4 = 0.667,4-50-27-44-53-4 = 0.333,5-51-30-11-5 = 0.667,4-27-52-54-4 = 0.333,4-42-32-11-5 = 0.167,4-25-42-14-4 = 0.111
614,394,870.679,0.0,0.55,0.0,Prune by CG,,4-8-4 = 0.125,5-55-23-29-41-5 = 1.0,5-22-40-36-5 = 1.0,5-37-28-17-5 = 1.0,5-11-32-42-4 = 0.25,4-25-20-10-4 = 1.0,4-39-19-27-21-4 = 0.25,4-38-46-4 = 0.125,4-38-46-8-4 = 0.875,5-45-33-5 = 0.875,4-18-15-24-43-4 = 0.5,4-18-15-24-43-5 = 0.5,4-26-12-14-4 = 1.0,4-34-13-7-4 = 1.0,5-6-9-16-53-4 = 0.5,4-42-30-5 = 0.375,4-44-54-52-4 = 0.5,5-35-47-31-49-48-5 = 1.0,4-39-50-19-21-4 = 0.75,4-50-27-44-53-4 = 0.25,5-51-11-33-5 = 0.125,5-51-16-45-5 = 0.125,5-51-16-44-53-4 = 0.25,4-32-30-11-5 = 0.625,5-6-9-51-16-32-4 = 0.125,4-27-52-54-4 = 0.5,5-6-9-51-42-4 = 0.375
471,470,869.975,8.0,0.273,0.667,615,616,5-55-23-29-41-5 = 1.0,5-22-40-36-5 = 1.0,5-12-26-4 = 0.333,5-28-31-49-48-5 = 0.667,5-37-6-17-5 = 0.667,4-25-34-20-4 = 0.333,4-39-19-27-21-4 = 0.333,4-38-46-8-4 = 1.0,4-18-15-24-43-4 = 1.0,4-26-12-14-4 = 0.667,4-25-34-53-4 = 0.667,4-10-13-7-4 = 0.333,4-10-32-42-4 = 0.333,4-10-32-30-14-4 = 0.333,4-42-30-5 = 0.667,4-44-54-52-4 = 0.667,4-20-13-7-4 = 0.667,5-35-16-45-5 = 0.333,5-35-47-16-31-49-5 = 0.333,5-35-47-16-51-32-4 = 0.333,4-39-50-19-21-4 = 0.667,4-50-27-44-53-4 = 0.333,5-6-51-9-45-5 = 0.333,5-51-11-33-5 = 0.333,5-9-11-33-5 = 0.667,4-27-52-54-4 = 0.333,5-47-28-17-48-5 = 0.333,5-37-45-5 = 0.333
615,471,871.886,0.0,1.911,0.0,Prune by CG,,4-8-4 = 0.117,5-55-23-29-41-5 = 1.0,5-22-40-36-5 = 1.0,5-12-26-4 = 0.45,5-37-9-11-5 = 0.033,5-37-51-9-17-5 = 0.033,5-28-31-49-48-5 = 0.067,4-25-34-20-4 = 0.333,4-39-19-27-21-4 = 0.333,4-38-46-4 = 0.117,4-38-46-8-4 = 0.883,4-18-15-24-43-4 = 0.667,4-18-15-24-43-5 = 0.333,5-6-28-49-48-5 = 0.9,4-26-12-14-4 = 0.55,4-25-34-53-4 = 0.667,4-10-13-7-4 = 0.333,4-10-32-42-4 = 0.217,4-10-32-30-14-4 = 0.45,5-6-9-51-33-5 = 0.1,4-42-30-5 = 0.45,4-44-54-52-4 = 0.667,4-20-13-7-4 = 0.667,5-35-16-45-5 = 1.0,5-37-47-31-17-5 = 0.933,4-39-50-19-21-4 = 0.667,4-50-27-44-53-4 = 0.333,5-51-11-33-5 = 0.5,5-9-30-11-5 = 0.1,5-9-11-33-5 = 0.367,4-27-52-54-4 = 0.333,5-47-28-17-48-5 = 0.033,5-9-51-32-42-4 = 0.333,5-47-9-51-33-49-5 = 0.033
452,341,869.973,8.667,0.24,0.667,617,618,5-55-23-29-41-5 = 1.0,5-22-40-36-5 = 1.0,5-12-26-4 = 0.5,5-37-28-17-5 = 0.667,5-28-31-49-48-5 = 0.333,4-25-20-10-4 = 0.333,4-39-19-27-21-4 = 0.333,4-38-46-8-4 = 1.0,5-45-33-5 = 0.667,4-18-15-24-43-14-4 = 1.0,4-25-34-53-4 = 0.667,4-10-32-42-4 = 0.667,4-34-13-7-4 = 0.333,5-6-17-48-5 = 0.333,5-6-9-51-30-5 = 0.333,4-42-30-5 = 0.333,4-44-54-52-4 = 0.667,4-20-13-7-4 = 0.667,5-35-47-16-11-5 = 0.333,5-35-47-16-31-49-5 = 0.333,5-35-47-31-49-48-5 = 0.333,4-39-50-19-21-4 = 0.667,4-50-27-44-53-4 = 0.333,5-51-30-11-5 = 0.333,5-9-11-33-5 = 0.333,5-6-9-51-16-32-4 = 0.333,4-27-52-54-4 = 0.333,4-26-12-5 = 0.5,5-37-45-5 = 0.333
617,452,872.916,0.0,2.943,0.0,Prune by CG,,4-8-4 = 0.037,5-55-23-29-41-5 = 1.0,5-22-40-36-5 = 1.0,5-12-26-4 = 0.611,5-28-31-49-48-5 = 0.778,5-28-31-16-32-4 = 0.111,4-25-20-10-4 = 0.259,4-25-34-20-4 = 0.037,4-39-19-27-21-4 = 0.333,4-38-46-4 = 0.037,4-38-46-8-4 = 0.963,5-45-33-5 = 0.222,4-18-15-24-43-14-4 = 1.0,4-25-34-53-4 = 0.667,4-25-32-42-4 = 0.037,4-10-32-42-4 = 0.741,4-34-13-7-4 = 0.296,5-6-17-48-5 = 0.222,5-6-9-51-30-5 = 0.222,5-6-9-51-33-5 = 0.333,4-42-30-5 = 0.222,4-44-54-52-4 = 0.667,4-20-13-7-4 = 0.704,5-28-35-47-31-17-5 = 0.111,5-35-47-16-11-5 = 0.444,5-35-47-16-9-17-5 = 0.444,4-39-50-19-21-4 = 0.667,4-50-27-44-53-4 = 0.333,5-51-30-11-5 = 0.444,4-32-30-11-5 = 0.111,4-27-52-54-4 = 0.333,5-6-17-49-45-5 = 0.222,4-26-12-5 = 0.389,5-37-45-5 = 0.556,5-37-33-5 = 0.444
618,452,870.283,0.0,0.311,0.0,Prune by CG,,4-8-4 = 0.148,5-55-23-29-41-5 = 1.0,5-22-40-36-5 = 1.0,5-12-26-4 = 0.167,5-37-28-17-5 = 1.0,5-16-9-45-5 = 0.333,4-25-20-10-4 = 0.259,4-25-34-20-4 = 0.259,4-39-19-27-21-4 = 0.111,4-38-46-4 = 0.148,4-38-46-8-4 = 0.852,5-33-45-5 = 0.667,4-18-15-24-43-14-4 = 1.0,4-25-34-53-4 = 0.222,4-25-32-42-4 = 0.259,4-10-32-42-4 = 0.741,4-34-13-7-4 = 0.519,5-6-16-44-53-4 = 0.667,5-6-9-51-30-5 = 0.333,4-44-54-52-4 = 0.222,4-20-13-7-4 = 0.481,5-35-47-31-49-48-5 = 1.0,4-39-50-19-21-4 = 0.889,4-50-27-44-53-4 = 0.111,5-51-30-11-5 = 0.667,5-9-11-33-5 = 0.333,4-27-52-54-4 = 0.778,4-26-12-5 = 0.833
95,77,869.62,7.8,2.162,2.55,619,620,4-8-4 = 0.2,5-55-23-29-41-5 = 1.0,5-37-48-5 = 0.5,5-22-40-36-5 = 1.0,5-37-28-17-5 = 0.5,5-16-9-45-5 = 0.15,4-46-19-27-7-4 = 0.2,4-25-20-13-4 = 0.2,4-25-34-20-4 = 0.4,4-38-46-8-4 = 0.8,5-45-33-5 = 0.85,4-18-15-24-43-4 = 0.2,4-18-15-24-43-5 = 0.8,4-26-12-14-4 = 1.0,4-25-34-53-4 = 0.2,4-25-32-42-4 = 0.2,4-10-32-42-4 = 0.8,4-34-13-7-4 = 0.4,4-44-54-52-4 = 0.8,4-20-13-7-4 = 0.4,5-28-17-48-5 = 0.5,5-35-16-9-31-49-5 = 0.35,4-39-50-27-21-4 = 0.4,4-39-50-19-21-4 = 0.6,5-51-30-11-5 = 0.85,5-9-11-33-5 = 0.15,4-38-19-27-44-53-4 = 0.2,5-6-47-16-10-4 = 0.2,5-6-35-47-31-49-53-4 = 0.6,5-6-35-47-9-31-49-5 = 0.05,5-6-47-16-51-9-5 = 0.15,4-27-52-54-4 = 0.2,5-9-16-30-5 = 0.15
619,95,872.432,0.0,2.812,0.0,Prune by CG,,4-8-4 = 0.187,5-55-23-29-41-5 = 1.0,5-37-48-5 = 1.0,5-22-40-36-5 = 1.0,5-12-28-17-5 = 0.625,4-46-19-27-7-4 = 0.187,4-25-20-13-4 = 0.125,4-25-34-20-4 = 0.375,4-38-46-8-4 = 0.813,5-33-45-5 = 0.625,4-18-15-24-43-5 = 0.5,4-18-15-24-43-14-4 = 0.5,4-26-12-14-4 = 0.375,4-26-42-32-4 = 0.625,4-25-34-53-4 = 0.5,4-10-13-7-4 = 0.25,4-10-32-42-4 = 0.25,4-10-32-30-14-4 = 0.125,4-34-13-7-4 = 0.125,4-42-30-5 = 0.125,4-44-54-52-4 = 0.75,4-20-13-7-4 = 0.437,4-20-13-44-53-4 = 0.063,5-35-16-9-31-49-5 = 0.375,4-39-50-27-21-4 = 0.375,4-39-50-19-21-4 = 0.625,5-51-30-11-5 = 0.75,5-9-11-33-5 = 0.25,4-38-19-27-44-53-4 = 0.187,5-6-47-16-10-4 = 0.25,5-6-35-47-31-49-53-4 = 0.25,5-6-35-47-31-17-5 = 0.375,5-6-47-16-51-9-5 = 0.125,5-9-51-16-10-4 = 0.125,4-27-52-54-4 = 0.25,5-9-16-33-5 = 0.125,5-28-49-45-5 = 0.375
620,95,871.071,0.0,1.451,0.0,Prune by CG,,4-8-4 = 0.24,5-55-23-29-41-5 = 1.0,5-22-40-36-5 = 1.0,5-37-28-17-5 = 0.229,5-37-9-11-5 = 0.083,5-16-9-45-5 = 0.125,4-46-19-27-7-4 = 0.062,4-25-20-13-4 = 0.062,4-25-34-20-4 = 0.333,4-38-46-4 = 0.177,4-38-46-8-4 = 0.76,5-33-45-5 = 0.875,4-18-15-24-43-5 = 0.406,4-18-15-24-43-14-4 = 0.594,4-26-12-14-4 = 0.312,4-26-42-32-4 = 0.688,4-25-34-53-4 = 0.604,4-10-13-7-4 = 0.271,4-10-32-42-4 = 0.198,4-10-32-30-14-4 = 0.094,4-34-13-7-4 = 0.062,4-42-30-5 = 0.115,4-44-54-52-4 = 0.708,4-20-13-7-4 = 0.604,5-28-17-48-5 = 0.771,5-35-16-9-31-49-5 = 0.437,4-39-50-27-21-4 = 0.354,4-39-50-19-21-4 = 0.646,5-51-30-11-5 = 0.771,5-9-11-33-5 = 0.125,4-32-30-11-5 = 0.021,4-38-19-27-44-53-4 = 0.062,5-6-47-16-10-4 = 0.437,5-6-35-47-31-49-53-4 = 0.333,5-6-35-47-31-9-51-5 = 0.229,4-27-52-54-4 = 0.292,5-12-37-5 = 0.688,4-19-27-44-49-48-5 = 0.229
393,161,870.345,3.25,1.123,-1.75,Prune by UB,,4-8-4 = 0.125,4-50-52-54-4 = 1.0,5-55-23-29-41-5 = 1.0,5-22-40-36-5 = 1.0,5-37-28-49-5 = 0.25,5-37-28-17-5 = 0.75,5-11-32-42-4 = 0.125,4-25-20-10-4 = 1.0,4-39-19-27-21-4 = 1.0,4-38-46-4 = 0.125,4-38-46-8-4 = 0.875,5-45-33-5 = 1.0,4-18-15-24-43-4 = 0.125,4-18-15-24-43-5 = 0.875,4-26-12-14-4 = 1.0,4-34-13-7-4 = 1.0,4-42-30-5 = 0.125,5-35-16-44-53-4 = 0.25,5-35-47-31-49-48-5 = 0.75,5-31-16-44-53-4 = 0.25,5-51-16-44-53-4 = 0.25,4-32-30-11-5 = 0.875,5-47-16-44-53-4 = 0.25,5-6-9-51-42-4 = 0.75,5-6-9-17-48-5 = 0.25
320,299,869.863,6.667,0.587,1.611,621,622,4-8-4 = 0.167,5-55-23-29-41-5 = 1.0,5-22-40-36-5 = 1.0,5-11-32-42-4 = 0.167,5-28-31-49-48-5 = 1.0,5-37-6-17-5 = 0.667,4-25-20-10-4 = 1.0,4-39-19-27-21-4 = 0.333,4-38-46-4 = 0.167,4-38-46-8-4 = 0.833,5-33-45-5 = 0.667,4-18-15-24-43-4 = 1.0,4-26-12-14-4 = 0.667,4-26-42-32-4 = 0.333,4-34-13-7-4 = 1.0,4-42-30-4 = 0.167,4-42-30-5 = 0.333,4-44-54-52-4 = 0.667,5-35-47-16-9-17-5 = 0.333,5-35-47-9-16-53-4 = 0.333,4-39-50-19-21-4 = 0.667,4-50-27-44-53-14-4 = 0.333,5-6-51-9-45-5 = 0.333,5-51-11-33-5 = 0.333,4-32-30-11-5 = 0.5,4-27-52-54-4 = 0.333,5-12-37-5 = 0.333,5-35-47-51-16-53-4 = 0.333
621,320,870.523,0.0,0.66,0.0,Prune by CG,,4-8-4 = 0.111,5-55-23-29-41-5 = 1.0,5-22-40-36-5 = 1.0,5-17-48-5 = 0.056,5-17-49-53-33-5 = 0.056,5-28-31-49-48-5 = 0.944,5-37-6-17-5 = 0.5,4-25-20-10-4 = 1.0,4-39-19-27-21-4 = 0.333,4-38-46-4 = 0.111,4-38-46-8-4 = 0.889,4-26-42-14-4 = 0.5,5-45-33-5 = 0.944,4-18-15-24-43-4 = 0.889,4-18-15-24-43-5 = 0.111,4-26-12-14-4 = 0.5,4-34-13-7-4 = 1.0,4-44-54-52-4 = 0.667,5-28-47-35-31-17-5 = 0.056,5-35-47-16-9-17-5 = 0.333,5-35-47-9-16-53-4 = 0.167,4-39-50-19-21-4 = 0.667,4-50-27-44-53-4 = 0.333,5-51-16-45-5 = 0.056,4-32-30-11-5 = 1.0,4-27-52-54-4 = 0.333,5-12-37-5 = 0.5,5-6-9-51-42-4 = 0.5,5-35-47-51-16-53-4 = 0.444
622,320,871.221,0.0,1.358,0.0,Prune by CG,,4-8-4 = 0.145,5-55-23-29-41-5 = 1.0,5-22-40-36-5 = 1.0,5-11-32-42-4 = 0.304,5-12-51-32-53-4 = 0.159,5-28-31-49-48-5 = 1.0,5-37-6-17-5 = 0.812,4-25-20-10-4 = 1.0,4-39-19-27-21-4 = 0.333,4-38-46-4 = 0.145,4-38-46-8-4 = 0.855,5-45-33-5 = 0.855,4-18-15-24-43-5 = 1.0,4-26-12-14-4 = 0.652,4-26-42-32-4 = 0.348,4-34-13-7-4 = 1.0,4-42-30-5 = 0.348,4-44-54-52-4 = 0.667,5-35-47-16-11-5 = 0.116,5-35-47-16-9-17-5 = 0.188,5-35-47-9-30-14-4 = 0.13,5-45-30-5 = 0.087,4-39-50-19-21-4 = 0.667,4-50-27-44-53-4 = 0.174,4-50-27-44-53-14-4 = 0.159,5-51-11-33-5 = 0.145,5-9-30-11-5 = 0.435,5-6-9-51-16-32-4 = 0.188,4-27-52-54-4 = 0.333,5-12-37-5 = 0.188,5-47-35-9-45-14-4 = 0.058,5-35-47-51-16-53-4 = 0.507
616,471,870.002,8.667,0.027,0.667,623,624,5-55-23-29-41-5 = 1.0,5-22-40-36-5 = 1.0,5-28-31-49-48-5 = 0.5,5-37-6-17-5 = 0.5,4-25-34-20-4 = 0.667,4-39-19-27-21-4 = 0.333,4-38-46-8-4 = 1.0,4-18-15-24-43-4 = 1.0,4-26-12-14-4 = 1.0,4-25-34-53-4 = 0.333,4-10-13-7-4 = 0.667,4-10-32-42-4 = 0.333,4-42-30-4 = 0.333,4-42-30-5 = 0.333,4-44-54-52-4 = 0.667,4-20-13-7-4 = 0.333,5-28-17-48-5 = 0.5,5-35-47-16-31-49-5 = 0.5,5-35-47-16-51-32-4 = 0.167,5-35-47-16-32-53-4 = 0.333,4-39-50-19-21-4 = 0.667,4-50-27-44-53-4 = 0.333,5-6-51-9-45-5 = 0.5,5-51-11-33-5 = 0.333,5-9-11-33-5 = 0.5,4-32-30-11-5 = 0.167,5-33-30-5 = 0.167,4-27-52-54-4 = 0.333,5-37-45-5 = 0.5
623,616,870.453,0.0,0.451,0.0,Prune by CG,,5-55-23-29-41-5 = 1.0,5-22-40-36-5 = 1.0,5-28-31-49-48-5 = 1.0,5-37-6-17-5 = 0.667,4-25-34-20-4 = 0.333,4-39-19-27-21-4 = 0.333,4-38-46-8-4 = 1.0,4-18-15-24-43-4 = 1.0,4-26-12-14-4 = 1.0,4-25-34-53-4 = 0.667,4-10-13-7-4 = 0.333,4-10-32-42-4 = 0.667,4-42-30-5 = 0.333,4-44-54-52-4 = 0.667,4-20-13-7-4 = 0.667,5-35-47-16-11-5 = 0.333,5-35-47-16-51-32-4 = 0.333,5-35-47-16-51-17-5 = 0.333,5-45-30-5 = 0.333,4-39-50-19-21-4 = 0.667,4-50-27-44-53-4 = 0.333,5-6-51-9-45-5 = 0.333,5-9-11-33-5 = 0.667,5-33-30-5 = 0.333,4-27-52-54-4 = 0.333,5-37-45-5 = 0.333
472,470,870.102,7.278,0.4,-0.056,625,626,4-8-4 = 0.028,5-55-23-29-41-5 = 1.0,5-22-40-36-5 = 1.0,5-12-26-4 = 0.278,5-37-9-11-5 = 0.083,5-28-31-49-48-5 = 0.306,5-28-31-16-32-4 = 0.111,5-37-6-17-5 = 0.806,4-25-34-20-4 = 0.333,4-39-19-27-21-4 = 0.333,4-38-46-4 = 0.028,4-38-46-8-4 = 0.972,4-18-15-24-43-4 = 1.0,5-6-28-49-48-5 = 0.194,4-26-12-14-4 = 0.722,4-25-34-53-4 = 0.667,5-37-47-35-51-32-4 = 0.111,4-10-13-7-4 = 0.333,4-10-32-42-4 = 0.389,4-10-32-30-14-4 = 0.278,4-42-30-4 = 0.222,4-42-30-5 = 0.389,4-44-54-52-4 = 0.667,4-20-13-7-4 = 0.667,5-28-17-48-5 = 0.056,5-28-35-47-33-5 = 0.194,5-28-35-47-31-17-5 = 0.139,5-35-47-31-49-48-5 = 0.444,5-35-47-9-45-5 = 0.056,4-39-50-19-21-4 = 0.667,4-50-27-44-53-4 = 0.333,5-51-16-45-5 = 0.889,5-9-11-33-5 = 0.806,4-32-30-11-5 = 0.111,4-27-52-54-4 = 0.333,5-35-47-9-45-49-5 = 0.056
625,472,870.815,0.0,0.713,0.0,Prune by CG,,4-8-4 = 0.028,5-55-23-29-41-5 = 1.0,5-22-40-36-5 = 1.0,5-12-26-4 = 0.139,5-37-16-32-4 = 0.111,5-37-9-11-5 = 0.167,5-37-9-51-32-4 = 0.111,5-37-6-17-5 = 0.5,4-25-34-20-4 = 0.333,4-39-19-27-21-4 = 0.333,4-38-46-4 = 0.028,4-38-46-8-4 = 0.972,4-18-15-24-43-4 = 1.0,5-6-28-49-48-5 = 0.5,4-26-12-14-4 = 0.861,4-25-34-53-4 = 0.667,4-10-13-7-4 = 0.333,4-10-32-42-4 = 0.528,4-10-32-30-14-4 = 0.139,4-42-30-5 = 0.472,4-44-54-52-4 = 0.667,4-20-13-7-4 = 0.667,5-28-47-35-31-17-5 = 0.5,5-35-47-31-49-48-5 = 0.5,4-39-50-19-21-4 = 0.667,4-50-27-44-53-4 = 0.333,5-51-16-45-5 = 0.889,5-9-11-33-5 = 0.722,4-32-30-11-5 = 0.111,5-33-30-4 = 0.222,5-33-30-5 = 0.056,4-27-52-54-4 = 0.333,5-37-45-5 = 0.111
626,472,871.857,0.0,1.755,0.0,Prune by CG,,5-55-23-29-41-5 = 1.0,5-22-40-36-5 = 1.0,5-12-26-4 = 0.083,5-28-31-49-48-5 = 0.75,5-37-6-17-5 = 0.75,5-16-32-42-4 = 0.083,4-25-34-20-4 = 0.5,4-39-19-27-21-4 = 0.25,4-38-46-8-4 = 1.0,4-18-15-24-43-4 = 1.0,5-6-28-49-48-5 = 0.25,4-26-12-14-4 = 0.917,4-25-34-53-4 = 0.5,4-10-13-7-4 = 0.5,4-10-32-42-4 = 0.417,4-10-32-30-14-4 = 0.083,4-42-30-4 = 0.5,4-44-54-52-4 = 0.5,4-20-13-7-4 = 0.5,5-35-47-9-45-5 = 0.75,4-39-50-19-21-4 = 0.75,4-50-27-44-53-4 = 0.25,5-31-16-44-53-4 = 0.25,5-51-11-33-5 = 0.333,5-51-16-45-5 = 0.25,5-9-11-33-5 = 0.25,4-32-30-11-5 = 0.417,5-51-16-33-5 = 0.417,4-27-52-54-4 = 0.5,5-37-35-47-17-5 = 0.25
262,112,870.067,7.667,1.474,0.212,627,628,4-50-52-54-4 = 0.333,5-55-23-29-41-5 = 1.0,5-22-40-36-5 = 1.0,5-37-28-17-5 = 0.667,5-16-9-45-5 = 0.333,4-25-34-20-4 = 0.333,4-39-19-27-21-4 = 0.667,4-38-46-8-4 = 1.0,5-45-33-5 = 0.667,4-18-15-24-43-4 = 0.667,4-18-15-24-43-5 = 0.333,4-26-12-14-4 = 1.0,4-25-34-53-4 = 0.667,4-10-13-7-4 = 0.333,4-10-32-42-4 = 0.667,5-6-17-48-5 = 0.333,4-44-54-52-4 = 0.667,4-20-13-7-4 = 0.667,5-35-47-16-31-49-5 = 0.333,5-35-47-31-49-48-5 = 0.667,4-39-50-19-21-4 = 0.333,4-50-27-44-53-4 = 0.333,5-51-30-11-5 = 0.667,5-9-11-33-5 = 0.333,5-37-6-28-5 = 0.333,5-9-16-42-4 = 0.333,5-6-51-32-30-5 = 0.333
627,262,870.658,0.0,0.59,0.0,Prune by CG,,4-8-4 = 0.091,4-50-52-54-4 = 0.636,5-55-23-29-41-5 = 1.0,5-22-40-36-5 = 1.0,5-37-28-17-5 = 0.545,5-16-9-45-5 = 0.091,4-25-34-20-4 = 0.364,4-39-19-27-21-4 = 0.273,4-39-19-27-44-49-5 = 0.364,4-38-46-4 = 0.091,4-38-46-8-4 = 0.909,5-33-45-5 = 0.818,4-18-15-24-43-4 = 1.0,4-26-12-14-4 = 1.0,4-25-34-53-4 = 0.636,4-13-7-27-21-4 = 0.364,4-10-32-42-4 = 1.0,5-6-17-48-5 = 0.455,4-44-54-52-4 = 0.364,4-20-13-7-4 = 0.636,5-35-47-31-16-9-5 = 0.364,5-35-47-9-16-53-4 = 0.091,4-39-50-19-21-4 = 0.364,5-51-30-11-5 = 1.0,5-9-16-33-5 = 0.182,5-9-16-44-53-4 = 0.273,5-47-35-31-49-48-5 = 0.545,5-37-6-28-5 = 0.455,5-6-31-49-45-5 = 0.091
628,262,871.71,0.0,1.642,0.0,Prune by CG,,4-50-52-54-4 = 0.333,5-55-23-29-41-5 = 1.0,5-22-40-36-5 = 1.0,5-37-28-17-5 = 0.667,5-16-32-42-4 = 0.333,4-25-34-20-4 = 0.333,4-39-19-27-21-4 = 0.667,4-38-46-8-4 = 1.0,5-33-45-5 = 0.333,4-18-15-24-43-4 = 0.667,4-18-15-24-43-5 = 0.333,4-26-12-14-4 = 1.0,4-25-34-53-4 = 0.667,4-10-13-7-4 = 0.333,4-10-32-42-4 = 0.667,5-6-17-48-5 = 0.333,4-44-54-52-4 = 0.667,4-20-13-7-4 = 0.667,5-35-47-16-31-49-5 = 0.667,5-35-47-9-45-5 = 0.333,4-39-50-19-21-4 = 0.333,4-50-27-44-53-4 = 0.333,5-51-30-11-5 = 1.0,5-37-6-28-5 = 0.333,5-9-33-48-5 = 0.667,5-6-31-49-45-5 = 0.333
517,426,870.024,6.111,0.086,0.556,629,630,4-8-4 = 0.222,4-50-52-54-4 = 1.0,5-55-23-29-41-5 = 1.0,5-22-40-36-5 = 1.0,5-12-26-4 = 0.5,5-37-28-17-5 = 1.0,4-25-34-20-4 = 0.778,4-39-19-27-21-4 = 1.0,4-38-46-4 = 0.222,4-38-46-8-4 = 0.778,4-18-15-24-43-14-4 = 1.0,4-25-32-42-4 = 0.222,4-10-13-7-4 = 0.556,4-10-32-42-4 = 0.444,4-34-13-7-4 = 0.222,5-6-16-44-53-4 = 0.667,4-42-30-5 = 0.333,4-20-13-7-4 = 0.222,5-35-47-31-49-48-5 = 1.0,5-45-30-5 = 0.333,5-6-51-9-45-5 = 0.333,5-51-30-11-5 = 0.333,5-51-16-45-5 = 0.333,5-9-11-33-5 = 0.667,4-32-44-53-33-5 = 0.333,4-26-12-5 = 0.5
629,517,870.805,0.0,0.781,0.0,Prune by CG,,4-8-4 = 0.25,4-50-52-54-4 = 1.0,5-55-23-29-41-5 = 1.0,5-22-40-36-5 = 1.0,5-12-26-4 = 0.875,5-37-28-17-5 = 1.0,5-11-32-42-4 = 0.25,4-25-34-20-4 = 1.0,4-39-19-27-21-4 = 1.0,4-38-46-4 = 0.25,4-38-46-8-4 = 0.75,4-18-15-24-43-14-4 = 1.0,4-10-13-7-4 = 1.0,5-6-16-44-53-4 = 0.5,4-42-30-5 = 0.75,5-6-51-9-45-5 = 0.5,5-51-16-45-5 = 0.5,5-9-11-33-5 = 0.5,4-32-30-11-5 = 0.25,4-32-44-53-33-5 = 0.5,4-26-12-5 = 0.125,5-47-35-31-49-48-5 = 1.0
603,304,870.143,7.291,0.184,-0.183,631,632,5-55-23-29-41-5 = 1.0,5-37-48-5 = 0.64,5-22-40-36-5 = 1.0,5-37-28-17-5 = 0.304,5-17-49-53-33-5 = 0.224,5-12-42-4 = 1.0,5-28-31-16-32-4 = 0.168,5-37-6-17-5 = 0.056,4-46-19-27-54-4 = 0.125,4-46-19-27-7-4 = 0.125,4-25-20-13-4 = 0.062,4-25-34-20-4 = 0.727,4-38-46-4 = 0.75,4-26-24-14-4 = 1.0,4-8-18-15-43-4 = 0.602,4-8-18-15-43-5 = 0.398,5-6-28-49-48-5 = 0.112,4-25-34-53-4 = 0.211,4-10-13-7-4 = 0.727,4-34-20-13-4 = 0.062,4-44-54-52-4 = 0.875,4-20-13-7-4 = 0.148,5-28-17-48-5 = 0.248,5-28-35-47-31-17-5 = 0.168,5-35-47-16-31-49-5 = 0.664,5-35-47-16-32-53-4 = 0.168,5-45-30-5 = 0.168,4-39-50-27-21-4 = 0.5,4-39-50-19-21-4 = 0.5,5-6-51-9-45-5 = 0.832,5-51-11-33-5 = 0.168,5-9-11-33-5 = 0.168,4-32-30-11-5 = 0.664,4-38-19-27-52-4 = 0.125,4-38-19-27-44-53-4 = 0.125,4-10-53-33-5 = 0.273,5-33-30-5 = 0.168
631,603,873.557,0.0,3.414,0.0,Prune by CG,,5-55-23-29-41-5 = 1.0,5-37-48-5 = 0.632,5-22-40-36-5 = 1.0,5-37-28-17-5 = 0.316,5-17-49-53-33-5 = 0.211,5-12-42-4 = 1.0,5-28-31-16-32-4 = 0.158,5-37-6-17-5 = 0.053,4-25-34-20-4 = 0.684,4-38-46-4 = 0.5,4-38-46-19-21-4 = 0.5,4-26-24-14-4 = 1.0,4-8-18-15-43-4 = 0.684,4-8-18-15-43-5 = 0.316,5-6-28-49-48-5 = 0.105,4-25-34-53-4 = 0.316,4-10-13-7-4 = 0.684,4-44-54-52-4 = 1.0,4-20-13-7-4 = 0.316,5-28-17-48-5 = 0.263,5-28-35-47-31-17-5 = 0.158,5-35-47-16-31-49-5 = 0.684,5-35-47-16-32-53-4 = 0.158,5-45-30-5 = 0.158,4-39-50-27-21-4 = 0.5,5-6-51-9-45-5 = 0.842,5-51-11-33-5 = 0.158,5-9-11-33-5 = 0.158,4-32-30-11-5 = 0.684,4-10-53-33-5 = 0.316,5-33-30-5 = 0.158,4-39-50-19-27-4 = 0.5
632,603,872.29,0.0,2.147,0.0,Prune by CG,,5-55-23-29-41-5 = 1.0,5-37-48-5 = 0.632,5-22-40-36-5 = 1.0,5-37-28-17-5 = 0.368,5-12-42-4 = 1.0,4-25-34-20-4 = 1.0,4-38-46-4 = 1.0,4-26-24-14-4 = 1.0,4-8-18-15-43-4 = 0.158,4-8-18-15-43-5 = 0.842,5-6-28-49-48-5 = 0.316,4-10-13-7-4 = 1.0,5-28-17-48-5 = 0.053,5-28-35-47-31-17-5 = 0.263,5-35-16-45-5 = 0.053,5-35-47-16-31-49-5 = 0.526,5-35-47-16-9-17-5 = 0.158,5-45-30-5 = 0.263,4-39-50-19-21-4 = 1.0,5-6-51-9-45-5 = 0.526,5-31-16-44-53-4 = 0.211,5-51-11-33-5 = 0.474,5-9-11-33-5 = 0.316,4-32-30-11-5 = 0.211,5-47-16-32-44-53-4 = 0.053,4-32-44-53-33-5 = 0.211,4-32-30-44-53-4 = 0.526,4-27-52-54-4 = 1.0,5-6-17-49-45-5 = 0.158
358,162,870.019,3.65,0.609,0.65,633,634,4-8-4 = 0.125,4-50-52-54-4 = 0.9,5-55-23-29-41-5 = 1.0,5-22-40-36-5 = 1.0,5-37-28-17-5 = 0.85,5-11-32-42-4 = 0.088,4-25-20-10-4 = 1.0,4-39-19-27-21-4 = 0.95,4-38-46-4 = 0.125,4-38-46-8-4 = 0.875,5-33-45-5 = 0.85,4-18-15-24-43-5 = 1.0,4-26-12-14-4 = 1.0,4-34-13-7-4 = 1.0,5-6-17-48-5 = 0.15,4-42-30-5 = 0.325,4-44-54-52-4 = 0.1,5-35-47-16-11-5 = 0.05,5-35-47-16-32-53-4 = 0.1,5-35-47-31-49-48-5 = 0.85,4-39-50-19-21-4 = 0.05,4-50-27-44-53-4 = 0.05,5-51-30-11-5 = 0.45,5-9-11-33-5 = 0.15,4-32-30-11-5 = 0.225,5-9-16-44-53-4 = 0.85,5-37-6-28-5 = 0.15,4-42-32-11-5 = 0.038,5-6-31-49-45-5 = 0.15,5-6-51-32-42-4 = 0.55
633,358,871.673,0.0,1.654,0.0,Prune by CG,,4-8-4 = 0.086,4-50-52-54-4 = 0.807,5-55-23-29-41-5 = 1.0,5-22-40-36-5 = 1.0,5-12-26-18-4 = 0.048,5-12-45-5 = 0.052,5-37-28-17-5 = 0.71,5-12-24-5 = 0.048,4-25-20-10-4 = 0.476,4-39-19-27-21-4 = 0.903,4-38-46-4 = 0.086,4-38-46-8-4 = 0.914,5-33-45-5 = 0.755,4-18-15-24-43-5 = 0.952,4-26-12-14-4 = 0.738,4-26-42-32-4 = 0.214,4-25-20-7-4 = 0.262,4-10-32-42-4 = 0.524,4-34-13-7-4 = 0.738,4-34-20-13-4 = 0.262,5-6-17-48-5 = 0.29,4-44-54-52-4 = 0.193,5-35-47-16-31-49-5 = 0.097,5-35-47-16-32-53-4 = 0.083,5-35-47-9-16-53-4 = 0.11,4-39-50-19-21-4 = 0.097,4-50-27-44-53-4 = 0.097,5-51-30-11-5 = 0.821,5-9-11-33-5 = 0.179,5-9-16-44-53-4 = 0.71,5-47-35-31-49-48-5 = 0.71,5-37-6-28-5 = 0.29,4-25-42-14-4 = 0.262,5-6-31-49-45-5 = 0.193,5-6-12-15-43-5 = 0.048,5-6-51-32-30-5 = 0.179,5-12-33-5 = 0.066
634,358,870.805,0.0,0.786,0.0,Prune by CG,,4-8-4 = 0.136,4-50-52-54-4 = 1.0,5-55-23-29-41-5 = 1.0,5-22-40-36-5 = 1.0,5-37-28-17-5 = 0.909,5-11-32-42-4 = 0.03,4-25-20-10-4 = 1.0,4-39-19-27-21-4 = 1.0,4-38-46-4 = 0.136,4-38-46-8-4 = 0.864,5-33-45-5 = 0.894,4-18-15-24-43-5 = 1.0,5-6-11-44-53-4 = 0.091,4-26-12-14-4 = 1.0,4-34-13-7-4 = 1.0,5-6-17-48-5 = 0.091,4-42-30-5 = 0.318,5-35-47-16-11-5 = 0.091,5-51-11-33-5 = 0.106,5-51-16-44-53-4 = 0.258,5-9-30-11-5 = 0.348,4-32-30-11-5 = 0.333,5-9-16-44-53-4 = 0.652,5-47-35-31-49-48-5 = 0.909,5-37-6-28-5 = 0.091,4-42-45-5 = 0.015,5-6-31-49-45-5 = 0.091,5-6-51-32-42-4 = 0.636
396,268,870.16,4.0,0.378,-0.333,635,636,4-8-4 = 0.167,4-50-52-54-4 = 1.0,5-55-23-29-41-5 = 1.0,5-22-40-36-5 = 1.0,5-12-26-4 = 0.417,5-37-9-11-5 = 0.333,5-37-6-31-49-5 = 0.333,4-39-19-27-21-4 = 1.0,4-38-46-4 = 0.167,4-38-46-8-4 = 0.833,5-45-33-5 = 1.0,4-18-15-24-43-14-4 = 0.833,4-25-32-42-4 = 1.0,4-34-13-7-4 = 1.0,5-6-9-51-30-5 = 0.667,5-28-17-48-5 = 1.0,5-35-47-16-11-5 = 0.333,5-35-47-16-31-49-5 = 0.667,5-51-30-11-5 = 0.333,4-20-10-44-53-4 = 1.0,4-26-24-5 = 0.167,5-37-12-5 = 0.333,4-26-12-5 = 0.25,4-26-18-15-43-14-4 = 0.167
635,396,870.688,0.0,0.528,0.0,Prune by CG,,4-8-4 = 0.15,4-50-52-54-4 = 1.0,5-55-23-29-41-5 = 1.0,5-22-40-36-5 = 1.0,5-12-26-4 = 0.35,5-37-9-11-5 = 0.5,5-37-6-31-49-5 = 0.2,5-37-6-17-5 = 0.1,4-39-19-27-21-4 = 1.0,4-38-46-4 = 0.15,4-38-46-8-4 = 0.85,5-33-45-5 = 0.85,4-18-15-24-43-14-4 = 1.0,4-25-32-42-4 = 1.0,4-34-13-7-4 = 0.9,4-34-20-10-4 = 0.1,5-6-16-44-53-4 = 0.2,5-6-9-51-30-5 = 0.5,4-20-13-7-4 = 0.1,5-28-17-48-5 = 0.9,5-28-35-47-33-5 = 0.1,5-35-47-16-10-4 = 0.1,5-35-47-16-31-49-5 = 0.7,5-51-30-11-5 = 0.5,4-20-10-44-53-4 = 0.8,4-26-12-5 = 0.65,5-47-35-31-49-48-5 = 0.1,5-37-45-5 = 0.15,5-37-33-5 = 0.05
636,396,870.559,0.0,0.398,0.0,Prune by CG,,4-8-4 = 0.167,4-50-52-54-4 = 1.0,5-55-23-29-41-5 = 1.0,5-22-40-36-5 = 1.0,4-39-19-27-21-4 = 1.0,4-38-46-4 = 0.167,4-38-46-8-4 = 0.833,5-33-45-5 = 0.6,4-18-15-24-43-14-4 = 0.5,4-25-32-42-4 = 1.0,4-10-13-7-4 = 0.067,4-34-13-7-4 = 0.867,4-34-20-10-4 = 0.133,5-6-16-44-53-4 = 0.2,5-6-9-51-30-4 = 0.3,5-6-9-51-30-5 = 0.1,4-20-13-7-4 = 0.067,5-28-17-48-5 = 0.8,5-35-47-16-31-49-5 = 0.8,5-51-30-11-5 = 0.6,5-9-11-33-5 = 0.4,4-20-10-44-53-4 = 0.8,5-6-35-9-45-5 = 0.2,4-26-24-5 = 0.5,5-37-12-5 = 1.0,5-47-28-17-48-5 = 0.2,4-26-18-15-43-14-4 = 0.5,5-6-31-49-45-5 = 0.2
491,327,870.016,4.391,0.063,0.725,637,638,4-50-52-54-4 = 0.957,5-55-23-29-41-5 = 1.0,5-40-36-5 = 0.13,5-22-40-36-5 = 0.87,5-22-15-43-14-4 = 0.13,5-37-51-11-5 = 0.065,4-39-19-27-21-4 = 0.978,4-38-46-8-4 = 1.0,4-26-42-14-4 = 0.065,4-26-24-14-4 = 0.587,4-26-18-15-43-4 = 0.152,5-45-33-5 = 1.0,4-18-15-24-43-4 = 0.239,4-18-15-24-43-5 = 0.174,5-6-28-49-48-5 = 0.739,5-6-28-31-17-5 = 0.261,4-26-12-14-4 = 0.065,4-25-32-42-4 = 0.87,4-10-32-30-14-4 = 0.065,4-34-13-7-4 = 1.0,4-44-54-52-4 = 0.043,5-35-47-16-31-49-5 = 0.261,5-35-47-16-9-17-5 = 0.478,5-35-47-31-16-9-5 = 0.217,5-35-47-9-16-53-4 = 0.043,4-39-50-19-21-4 = 0.022,4-50-27-44-53-14-4 = 0.022,5-51-30-11-5 = 0.935,5-9-31-17-48-5 = 0.261,4-25-26-18-4 = 0.13,4-20-10-44-53-4 = 0.935,5-37-12-5 = 0.935,4-20-32-42-14-4 = 0.065,4-18-15-43-4 = 0.304
637,491,870.452,0.0,0.437,0.0,Prune by CG,,4-50-52-54-4 = 0.95,5-55-23-29-41-5 = 1.0,5-40-36-5 = 0.15,5-22-40-36-5 = 0.85,5-22-15-43-14-4 = 0.15,5-17-49-53-33-5 = 0.05,5-28-31-49-48-5 = 0.3,4-39-19-27-21-4 = 0.975,4-38-46-8-4 = 1.0,4-26-42-14-4 = 0.075,4-26-24-14-4 = 0.6,4-26-18-15-43-4 = 0.175,5-33-45-5 = 0.875,4-18-15-24-43-4 = 0.25,4-18-15-24-43-5 = 0.15,5-6-28-49-48-5 = 0.525,5-6-28-31-17-5 = 0.175,4-25-32-42-4 = 0.85,4-10-32-30-14-4 = 0.075,4-34-13-7-4 = 1.0,5-6-17-48-5 = 0.175,4-44-54-52-4 = 0.05,5-35-47-16-9-17-5 = 0.6,5-35-47-31-16-9-5 = 0.4,4-39-50-19-21-4 = 0.025,4-50-27-44-53-14-4 = 0.025,5-51-30-11-5 = 0.925,5-51-11-33-5 = 0.075,4-25-26-18-4 = 0.15,4-20-10-44-53-4 = 0.925,5-12-37-5 = 1.0,5-6-31-49-45-5 = 0.125,4-20-32-42-14-4 = 0.075,4-18-15-43-4 = 0.275
638,491,871.534,0.0,1.518,0.0,Prune by CG,,4-50-52-54-4 = 1.0,5-55-23-29-41-5 = 1.0,5-22-40-36-5 = 1.0,4-39-19-27-21-4 = 1.0,4-38-46-8-4 = 1.0,4-26-24-14-4 = 0.5,4-26-18-15-43-4 = 0.5,5-33-45-5 = 0.5,4-18-15-24-43-5 = 0.5,4-25-32-42-4 = 1.0,4-34-13-7-4 = 1.0,5-6-9-33-14-4 = 0.5,5-28-17-48-5 = 1.0,5-35-47-16-31-49-5 = 1.0,5-51-30-11-5 = 1.0,4-20-10-44-53-4 = 1.0,5-12-37-5 = 1.0,5-6-9-45-5 = 0.5
204,165,870.006,5.211,0.799,0.639,639,640,4-50-52-54-4 = 1.0,5-55-23-29-41-5 = 1.0,5-37-48-5 = 0.632,5-22-40-36-5 = 1.0,5-37-28-17-5 = 0.368,5-12-42-4 = 1.0,4-25-34-20-4 = 1.0,4-39-19-27-21-4 = 1.0,4-38-46-4 = 1.0,4-26-24-14-4 = 1.0,4-8-18-15-43-4 = 0.158,4-8-18-15-43-5 = 0.842,5-6-28-49-48-5 = 0.316,4-10-13-7-4 = 1.0,5-28-17-48-5 = 0.053,5-28-35-47-31-17-5 = 0.263,5-35-16-45-5 = 0.053,5-35-47-16-31-49-5 = 0.526,5-35-47-16-9-17-5 = 0.158,5-45-30-5 = 0.263,5-6-51-9-45-5 = 0.526,5-31-16-44-53-4 = 0.211,5-51-11-33-5 = 0.474,5-9-11-33-5 = 0.316,4-32-30-11-5 = 0.211,5-47-16-32-44-53-4 = 0.053,4-32-44-53-33-5 = 0.211,4-32-30-44-53-4 = 0.526,5-6-17-49-45-5 = 0.158
640,204,872.737,0.0,2.731,0.0,Prune by CG,,4-50-52-54-4 = 1.0,5-55-23-29-41-5 = 1.0,5-37-48-5 = 0.146,5-22-40-36-5 = 1.0,5-37-28-17-5 = 0.024,5-17-49-53-33-5 = 0.098,5-12-42-4 = 1.0,5-37-35-28-49-5 = 0.122,5-28-31-49-48-5 = 0.293,4-25-34-20-4 = 0.911,4-39-19-21-4 = 0.098,4-39-19-27-21-4 = 0.805,4-39-19-27-44-49-5 = 0.098,4-38-46-4 = 1.0,4-26-24-14-4 = 1.0,4-8-18-15-43-4 = 0.073,4-8-18-15-43-5 = 0.927,5-6-28-49-48-5 = 0.39,4-13-7-27-21-4 = 0.098,4-10-13-7-4 = 0.724,4-10-32-30-5 = 0.276,4-34-13-7-4 = 0.089,4-20-13-7-4 = 0.089,5-35-16-45-5 = 0.39,5-35-16-44-53-4 = 0.488,5-37-47-31-17-5 = 0.707,5-6-51-9-45-5 = 0.61,5-51-11-33-5 = 0.39,5-9-11-33-5 = 0.39,4-32-30-11-5 = 0.22,5-47-16-32-44-53-4 = 0.122,4-25-32-30-5 = 0.089,5-33-30-5 = 0.122,4-32-30-44-53-4 = 0.293,5-47-28-17-48-5 = 0.171
639,204,870.04,5.393,0.034,0.182,641,642,4-50-52-54-4 = 1.0,5-55-23-29-41-5 = 1.0,5-37-48-5 = 0.607,5-22-40-36-5 = 1.0,5-37-28-17-5 = 0.393,5-12-42-4 = 1.0,4-25-34-20-4 = 1.0,4-39-19-27-21-4 = 1.0,4-38-46-4 = 1.0,4-26-24-14-4 = 1.0,4-8-18-15-43-4 = 0.286,4-8-18-15-43-5 = 0.714,5-6-28-49-48-5 = 0.286,4-10-13-7-4 = 1.0,5-28-17-48-5 = 0.107,5-28-35-47-31-17-5 = 0.214,5-35-47-16-11-5 = 0.071,5-35-47-16-31-49-5 = 0.571,5-35-47-16-9-17-5 = 0.143,5-45-30-5 = 0.286,5-6-51-9-45-5 = 0.571,5-31-16-44-53-4 = 0.214,5-51-11-33-5 = 0.429,5-9-11-33-5 = 0.286,4-32-30-11-5 = 0.214,4-32-44-53-33-5 = 0.286,4-32-30-44-53-4 = 0.5,5-6-17-49-45-5 = 0.143
641,639,870.366,0.0,0.325,0.0,Prune by CG,,4-50-52-54-4 = 1.0,5-55-23-29-41-5 = 1.0,5-37-48-5 = 0.692,5-22-40-36-5 = 1.0,5-37-28-17-5 = 0.154,5-12-42-4 = 1.0,5-37-6-17-5 = 0.154,5-16-9-45-5 = 0.462,4-25-34-20-4 = 1.0,4-39-19-27-21-4 = 1.0,4-38-46-4 = 1.0,4-26-24-14-4 = 1.0,4-8-18-15-43-5 = 1.0,5-6-28-49-48-5 = 0.308,4-10-13-7-4 = 1.0,5-28-35-47-33-5 = 0.077,5-28-35-47-31-17-5 = 0.462,5-35-47-16-31-49-5 = 0.462,5-6-51-9-45-5 = 0.308,5-31-16-44-53-4 = 0.077,5-51-11-33-5 = 0.692,5-9-11-33-5 = 0.231,4-32-30-11-5 = 0.077,4-32-30-44-53-4 = 0.923,5-6-17-49-45-5 = 0.231
642,639,871.438,0.0,1.397,0.0,Prune by CG,,4-50-52-54-4 = 1.0,5-55-23-29-41-5 = 1.0,5-37-48-5 = 0.212,5-22-40-36-5 = 1.0,5-37-28-17-5 = 0.515,5-12-42-4 = 1.0,5-37-6-17-5 = 0.273,4-25-34-20-4 = 1.0,4-39-19-27-21-4 = 1.0,4-38-46-4 = 1.0,4-26-24-14-4 = 1.0,4-8-18-15-43-4 = 0.273,4-8-18-15-43-5 = 0.727,5-6-28-49-48-5 = 0.273,4-10-13-7-4 = 1.0,5-28-17-48-5 = 0.212,5-35-47-16-11-5 = 0.061,5-35-47-16-31-49-5 = 0.424,5-35-47-31-16-32-4 = 0.212,5-35-47-31-49-48-5 = 0.303,5-45-30-5 = 0.455,5-6-51-9-45-5 = 0.455,5-31-16-44-53-4 = 0.061,5-51-11-33-5 = 0.303,5-51-16-44-53-4 = 0.242,5-9-30-11-5 = 0.545,4-32-11-45-5 = 0.091,4-32-44-53-33-5 = 0.697
455,388,870.377,5.727,0.564,-1.495,Prune by UB,,4-50-52-54-4 = 0.455,5-55-23-29-41-5 = 1.0,5-22-40-36-5 = 1.0,5-37-9-11-5 = 0.273,5-12-42-4 = 1.0,5-28-31-49-48-5 = 0.909,5-37-6-17-5 = 0.727,4-46-19-27-7-4 = 0.091,4-25-20-10-4 = 0.909,4-39-19-27-21-4 = 0.364,4-39-19-27-44-49-5 = 0.091,4-38-46-4 = 0.818,4-38-46-19-27-21-4 = 0.091,4-26-24-14-4 = 1.0,5-45-33-5 = 0.727,4-8-18-15-43-5 = 1.0,4-34-10-32-53-4 = 0.091,4-34-13-7-4 = 0.909,5-6-9-51-30-5 = 0.273,4-44-54-52-4 = 0.545,4-20-13-44-53-4 = 0.091,5-28-35-47-31-17-5 = 0.091,5-35-47-16-11-5 = 0.091,5-35-47-16-9-17-5 = 0.182,5-35-47-16-32-53-4 = 0.545,4-39-50-27-21-4 = 0.273,4-39-50-19-21-4 = 0.273,5-51-30-11-5 = 0.636,4-38-19-27-44-53-4 = 0.091,4-32-44-53-33-5 = 0.182,5-9-33-48-5 = 0.091,5-35-47-51-32-30-5 = 0.091,4-25-32-45-5 = 0.091,4-16-9-45-5 = 0.182
256,207,870.329,7.667,1.59,-1.396,Prune by UB,,5-55-23-29-41-5 = 1.0,5-22-40-36-5 = 1.0,5-12-30-5 = 0.333,5-28-31-49-48-5 = 0.333,5-37-6-17-5 = 0.333,4-25-34-20-4 = 0.333,4-39-19-27-21-4 = 0.333,4-38-46-8-4 = 1.0,4-26-42-4 = 0.667,5-45-33-5 = 0.333,4-18-15-24-43-4 = 1.0,4-26-42-32-4 = 0.333,4-25-34-53-4 = 0.667,4-10-13-7-4 = 0.333,4-10-32-30-14-4 = 0.667,4-44-54-52-4 = 0.667,4-20-13-7-4 = 0.667,5-28-17-48-5 = 0.667,5-35-47-16-11-5 = 0.333,5-35-47-16-31-49-5 = 0.667,4-39-50-19-21-4 = 0.667,4-50-27-44-53-14-4 = 0.333,5-6-51-9-45-5 = 0.667,5-51-11-33-5 = 0.333,5-9-11-33-5 = 0.333,4-27-52-54-4 = 0.333,5-12-37-5 = 0.667
630,517,870.124,6.111,0.1,0.0,643,644,4-8-4 = 0.222,4-50-52-54-4 = 1.0,5-55-23-29-41-5 = 1.0,5-22-40-36-5 = 1.0,5-12-26-4 = 0.5,5-37-28-17-5 = 1.0,4-25-20-10-4 = 0.556,4-25-34-20-4 = 0.222,4-39-19-27-21-4 = 1.0,4-38-46-4 = 0.222,4-38-46-8-4 = 0.778,4-18-15-24-43-14-4 = 1.0,4-25-32-42-4 = 0.222,4-10-32-42-4 = 0.444,4-34-13-7-4 = 0.778,5-6-16-44-53-4 = 0.667,4-42-30-5 = 0.333,4-20-13-7-4 = 0.222,5-45-30-5 = 0.333,5-6-51-9-45-5 = 0.333,5-51-30-11-5 = 0.333,5-51-16-45-5 = 0.333,5-9-11-33-5 = 0.667,4-32-44-53-33-5 = 0.333,4-26-12-5 = 0.5,5-47-35-31-49-48-5 = 1.0
643,630,870.607,0.0,0.482,0.0,Prune by CG,,4-8-4 = 0.222,4-50-52-54-4 = 1.0,5-55-23-29-41-5 = 1.0,5-22-40-36-5 = 1.0,5-12-26-4 = 0.5,5-37-28-17-5 = 1.0,4-25-20-10-4 = 0.333,4-25-20-13-4 = 0.222,4-25-34-20-4 = 0.222,4-39-19-27-21-4 = 1.0,4-38-46-4 = 0.222,4-38-46-8-4 = 0.778,4-18-15-24-43-14-4 = 1.0,4-25-20-7-4 = 0.222,4-10-32-42-4 = 0.667,4-34-13-7-4 = 0.778,5-6-16-44-53-4 = 0.667,4-42-30-5 = 0.333,5-35-47-31-49-48-5 = 1.0,5-45-30-5 = 0.333,5-6-51-9-45-5 = 0.333,5-51-30-11-5 = 0.333,5-51-16-45-5 = 0.333,5-9-11-33-5 = 0.667,4-32-44-53-33-5 = 0.333,4-26-12-5 = 0.5
644,630,871.218,0.0,1.094,0.0,Prune by CG,,4-8-4 = 0.222,4-50-52-54-4 = 1.0,5-55-23-29-41-5 = 1.0,5-22-40-36-5 = 1.0,5-12-26-4 = 0.167,5-37-28-17-5 = 1.0,4-39-19-27-21-4 = 1.0,4-38-46-4 = 0.222,4-38-46-8-4 = 0.778,4-18-15-24-43-14-4 = 1.0,4-25-32-42-4 = 1.0,4-34-13-7-4 = 0.778,4-34-20-10-4 = 0.222,5-6-16-44-53-4 = 0.444,4-20-13-7-4 = 0.222,5-35-47-16-10-4 = 0.222,5-35-47-31-49-48-5 = 0.778,5-45-30-5 = 0.333,5-6-51-9-45-5 = 0.333,5-51-30-11-5 = 0.333,5-51-16-45-5 = 0.333,5-9-11-33-5 = 0.667,4-20-10-44-53-4 = 0.556,5-33-30-5 = 0.333,4-26-12-5 = 0.833,5-6-31-49-48-5 = 0.222
496,370,870.228,7.056,0.569,-0.744,645,646,4-50-52-54-4 = 0.444,5-55-23-29-41-5 = 1.0,5-22-40-36-5 = 1.0,4-25-34-20-4 = 0.444,4-39-19-27-21-4 = 0.722,4-38-46-8-4 = 1.0,4-26-24-14-4 = 0.5,4-26-18-15-43-4 = 0.167,4-26-18-15-43-5 = 0.333,5-45-33-5 = 0.889,4-18-15-24-43-5 = 0.5,5-6-28-49-48-5 = 0.167,4-25-34-53-4 = 0.556,4-10-13-7-4 = 0.444,4-10-32-42-4 = 0.556,5-6-9-45-14-4 = 0.111,5-6-9-33-14-4 = 0.111,4-44-54-52-4 = 0.556,4-20-13-7-4 = 0.556,5-28-17-48-5 = 0.833,5-35-47-16-31-49-5 = 0.833,5-35-47-16-9-17-5 = 0.167,4-39-50-19-21-4 = 0.278,4-50-27-44-53-14-4 = 0.278,5-51-30-11-5 = 1.0,5-37-12-5 = 1.0,5-6-9-32-42-4 = 0.444,5-6-9-31-44-53-4 = 0.167
645,496,871.743,0.0,1.514,0.0,Prune by CG,,4-50-52-54-4 = 0.5,5-55-23-29-41-5 = 1.0,5-22-40-36-5 = 1.0,4-25-34-20-4 = 0.5,4-39-19-27-21-4 = 0.75,4-38-46-4 = 1.0,4-26-24-14-4 = 1.0,5-33-45-5 = 1.0,4-8-18-15-43-4 = 0.25,4-8-18-15-43-5 = 0.75,5-6-28-49-48-5 = 0.25,4-25-34-53-4 = 0.5,4-10-13-7-4 = 0.5,4-10-32-42-4 = 0.5,4-44-54-52-4 = 0.5,4-20-13-7-4 = 0.5,5-28-17-48-5 = 0.75,5-35-47-16-31-49-5 = 0.75,5-35-47-16-9-17-5 = 0.25,4-39-50-19-21-4 = 0.25,4-50-27-44-53-4 = 0.25,5-51-30-11-5 = 1.0,5-37-12-5 = 1.0,5-6-9-32-42-4 = 0.5,5-6-9-31-44-53-4 = 0.25
646,496,871.144,0.0,0.916,0.0,Prune by CG,,4-50-52-54-4 = 0.5,5-55-23-29-41-5 = 1.0,5-22-40-36-5 = 1.0,4-25-34-20-4 = 0.5,4-39-19-27-21-4 = 0.75,4-38-46-8-4 = 1.0,5-33-45-5 = 0.5,4-18-15-24-43-4 = 0.25,4-18-15-24-43-5 = 0.75,5-6-28-49-48-5 = 0.25,4-26-12-14-4 = 1.0,4-25-34-53-4 = 0.5,4-10-13-7-4 = 0.5,4-10-32-42-4 = 0.5,4-44-54-52-4 = 0.5,4-20-13-7-4 = 0.5,5-28-17-48-5 = 0.75,5-35-47-16-31-49-5 = 0.75,5-35-47-16-9-17-5 = 0.25,4-39-50-19-21-4 = 0.25,4-50-27-44-53-4 = 0.25,5-51-30-11-5 = 1.0,5-37-45-5 = 0.5,5-6-9-32-42-4 = 0.5,5-6-9-31-44-53-4 = 0.25,5-37-33-5 = 0.5
116,72,869.763,8.063,2.022,2.286,647,648,4-8-4 = 0.194,5-55-23-29-41-5 = 1.0,5-22-40-36-5 = 1.0,5-16-9-45-5 = 0.286,4-25-20-10-4 = 0.151,4-25-34-20-4 = 0.254,4-39-19-27-21-4 = 0.333,4-38-46-4 = 0.194,4-38-46-8-4 = 0.806,5-45-33-5 = 0.714,4-18-15-24-43-14-4 = 1.0,5-6-28-49-48-5 = 0.571,5-6-28-31-17-5 = 0.429,4-26-42-32-4 = 0.893,4-25-34-53-4 = 0.595,4-10-13-7-4 = 0.556,4-34-20-10-4 = 0.151,4-42-30-5 = 0.107,4-44-54-52-4 = 0.667,4-20-13-7-4 = 0.444,5-35-47-16-10-4 = 0.143,5-35-47-16-31-49-5 = 0.143,5-35-47-16-51-17-5 = 0.429,5-35-47-31-49-48-5 = 0.286,4-39-50-19-21-4 = 0.667,4-50-27-44-53-4 = 0.333,5-51-30-11-5 = 0.5,5-9-30-11-5 = 0.214,5-9-11-33-5 = 0.286,5-9-31-17-48-5 = 0.143,4-26-32-30-5 = 0.107,5-9-51-30-53-4 = 0.071,4-27-52-54-4 = 0.333,5-12-37-5 = 1.0
647,116,870.418,0.0,0.655,0.0,Prune by CG,,4-8-4 = 0.205,5-55-23-29-41-5 = 1.0,5-22-40-36-5 = 1.0,4-25-34-20-4 = 0.576,5-12-35-47-17-5 = 0.143,4-39-19-27-21-4 = 0.333,4-38-46-4 = 0.205,4-38-46-8-4 = 0.795,5-33-45-5 = 0.689,4-18-15-24-43-14-4 = 1.0,5-6-28-49-48-5 = 0.681,5-6-28-31-17-5 = 0.319,4-26-42-32-4 = 0.966,4-25-34-53-4 = 0.424,4-10-13-7-4 = 0.576,4-44-54-52-4 = 0.667,4-20-13-7-4 = 0.424,5-35-47-16-10-4 = 0.328,5-35-47-16-31-49-5 = 0.319,4-39-50-19-21-4 = 0.667,4-50-27-44-53-4 = 0.333,5-51-30-11-5 = 0.819,5-9-11-33-5 = 0.181,5-9-16-31-17-5 = 0.042,5-9-31-17-48-5 = 0.319,4-10-53-33-5 = 0.096,5-9-51-30-53-4 = 0.147,4-27-52-54-4 = 0.333,5-37-12-5 = 0.823,4-26-12-5 = 0.034,4-42-33-5 = 0.034,5-35-47-51-32-30-5 = 0.034,5-37-35-47-17-5 = 0.177,4-16-9-45-5 = 0.311
648,116,870.624,0.0,0.861,0.0,Prune by CG,,4-8-4 = 0.194,5-55-23-29-41-5 = 1.0,5-22-40-36-5 = 1.0,4-25-20-10-4 = 0.222,4-25-34-20-4 = 0.111,4-39-19-27-21-4 = 0.333,4-38-46-4 = 0.194,4-38-46-8-4 = 0.806,5-33-45-5 = 0.75,4-18-15-24-43-14-4 = 1.0,5-6-28-49-48-5 = 0.75,5-6-28-31-17-5 = 0.25,4-26-42-32-4 = 1.0,4-25-34-53-4 = 0.667,4-10-13-7-4 = 0.556,4-34-20-10-4 = 0.222,4-44-54-52-4 = 0.667,4-20-13-7-4 = 0.444,5-35-47-16-31-49-5 = 0.25,5-35-47-16-51-17-5 = 0.5,5-35-47-31-16-51-5 = 0.25,5-45-30-5 = 0.25,4-39-50-19-21-4 = 0.667,4-50-27-44-53-4 = 0.333,5-51-11-33-5 = 0.25,5-9-30-11-5 = 0.75,5-9-31-17-48-5 = 0.25,4-27-52-54-4 = 0.333,5-37-12-5 = 1.0
275,123,869.883,7.167,0.713,1.667,649,650,5-55-23-29-41-5 = 1.0,5-22-40-36-5 = 1.0,5-12-26-4 = 0.583,5-28-31-49-48-5 = 0.833,5-37-6-17-5 = 1.0,5-16-9-45-5 = 0.333,4-25-20-13-4 = 0.167,4-25-34-20-4 = 0.167,4-39-19-27-21-4 = 0.333,4-38-46-8-4 = 1.0,5-45-33-5 = 0.667,4-18-15-24-43-14-4 = 1.0,4-25-34-53-4 = 0.5,4-25-20-7-4 = 0.167,4-10-32-30-5 = 0.167,4-10-32-42-4 = 0.833,4-34-13-7-4 = 0.333,4-42-30-5 = 0.167,4-44-54-52-4 = 0.667,4-20-13-7-4 = 0.5,5-28-35-47-33-5 = 0.167,5-35-47-16-11-5 = 0.167,5-35-47-16-51-9-5 = 0.333,5-35-47-9-16-53-4 = 0.167,4-39-50-19-21-4 = 0.667,4-50-27-44-53-4 = 0.333,5-51-30-11-5 = 0.667,5-9-11-33-5 = 0.167,4-27-52-54-4 = 0.333,4-26-12-5 = 0.417,5-47-35-31-49-48-5 = 0.167
649,275,870.696,0.0,0.813,0.0,Prune by CG,,5-35-47-34-25-4 = 0.125,5-55-23-29-41-5 = 1.0,5-22-40-36-5 = 1.0,5-12-26-4 = 0.667,5-28-31-49-48-5 = 0.875,5-37-6-17-5 = 1.0,5-16-9-45-5 = 0.292,4-25-34-20-4 = 0.125,4-39-19-27-21-4 = 0.125,4-39-19-27-44-49-5 = 0.125,4-38-46-8-4 = 1.0,5-33-45-5 = 0.667,4-18-15-24-43-14-4 = 1.0,4-25-34-53-4 = 0.75,4-13-7-27-21-4 = 0.125,4-10-32-30-5 = 0.167,4-10-32-42-4 = 0.833,4-42-30-5 = 0.167,4-44-54-52-4 = 0.625,4-20-13-7-4 = 0.875,5-28-35-47-33-5 = 0.125,5-35-47-16-11-5 = 0.25,5-35-47-16-51-9-5 = 0.333,5-35-47-31-16-9-5 = 0.125,5-35-47-9-45-5 = 0.042,4-39-50-19-21-4 = 0.75,4-50-27-44-53-4 = 0.25,5-51-30-11-5 = 0.667,5-9-11-33-5 = 0.083,4-27-52-54-4 = 0.375,4-26-12-5 = 0.333,5-9-33-48-5 = 0.125
650,275,871.529,0.0,1.646,0.0,Prune by CG,,4-8-4 = 0.048,5-55-23-29-41-5 = 1.0,5-22-40-36-5 = 1.0,5-12-26-4 = 0.643,5-28-31-49-48-5 = 1.0,5-37-6-17-5 = 1.0,5-16-9-45-5 = 0.071,4-25-20-13-4 = 0.5,4-39-19-27-21-4 = 0.333,4-38-46-4 = 0.048,4-38-46-8-4 = 0.952,5-33-45-5 = 0.81,4-18-15-24-43-14-4 = 1.0,4-25-20-7-4 = 0.5,4-10-32-42-4 = 0.548,4-34-10-32-53-4 = 0.452,4-34-13-7-4 = 0.5,4-42-30-5 = 0.452,4-44-54-52-4 = 0.667,5-35-47-16-11-5 = 0.262,5-35-47-16-51-9-5 = 0.452,5-35-47-9-45-5 = 0.119,5-35-47-9-16-53-4 = 0.167,4-39-50-19-21-4 = 0.667,4-50-27-44-53-4 = 0.333,5-51-30-11-5 = 0.548,5-9-11-33-5 = 0.19,4-27-52-54-4 = 0.333,4-26-12-5 = 0.357,4-34-16-53-4 = 0.048
398,391,870.155,4.788,0.516,-0.121,651,652,4-8-4 = 0.091,4-50-52-54-4 = 1.0,5-55-23-29-41-5 = 1.0,5-22-40-36-5 = 1.0,5-12-30-5 = 0.455,5-11-32-42-4 = 0.061,5-28-31-49-48-5 = 0.909,5-37-6-17-5 = 1.0,4-25-34-20-4 = 1.0,4-39-19-27-21-4 = 1.0,4-38-46-4 = 0.091,4-38-46-8-4 = 0.909,5-45-33-5 = 0.697,4-18-15-24-43-5 = 1.0,4-26-12-14-4 = 0.545,4-26-42-32-4 = 0.455,4-10-13-7-4 = 1.0,5-28-35-47-44-53-4 = 0.091,5-35-47-16-11-5 = 0.091,5-35-47-31-49-48-5 = 0.091,5-35-47-9-45-5 = 0.273,5-51-16-44-53-4 = 0.545,5-9-30-11-5 = 0.061,5-9-11-33-5 = 0.303,4-32-30-11-5 = 0.485,5-9-16-44-53-4 = 0.364,4-42-45-5 = 0.03,5-35-47-51-42-14-4 = 0.455
651,398,871.495,0.0,1.339,0.0,Prune by CG,,4-8-4 = 0.111,4-50-52-54-4 = 1.0,5-55-23-29-41-5 = 1.0,5-22-40-36-5 = 1.0,5-12-26-4 = 0.222,5-28-31-49-48-5 = 0.778,5-37-6-17-5 = 1.0,4-25-34-20-4 = 1.0,4-39-19-27-21-4 = 1.0,4-38-46-4 = 0.111,4-38-46-8-4 = 0.889,5-33-45-5 = 0.556,4-18-15-24-43-5 = 1.0,4-26-12-14-4 = 0.778,4-10-13-7-4 = 1.0,5-28-35-47-44-53-4 = 0.222,5-35-47-31-49-48-5 = 0.222,5-35-47-9-45-5 = 0.333,5-51-11-33-5 = 0.444,4-32-30-11-5 = 0.556,4-32-30-44-53-4 = 0.444,5-9-16-44-53-4 = 0.333,5-9-16-42-4 = 0.333,4-42-45-5 = 0.111,5-35-47-51-42-14-4 = 0.222,5-51-16-42-4 = 0.333
652,398,870.753,0.0,0.597,0.0,Prune by CG,,4-8-4 = 0.122,4-50-52-54-4 = 1.0,5-55-23-29-41-5 = 1.0,5-22-40-36-5 = 1.0,5-12-30-5 = 0.357,5-28-31-49-48-5 = 0.959,5-37-6-17-5 = 1.0,4-25-34-20-4 = 1.0,4-39-19-27-21-4 = 1.0,4-38-46-4 = 0.122,4-38-46-8-4 = 0.878,5-33-45-5 = 0.806,4-18-15-24-43-5 = 1.0,4-26-12-14-4 = 0.643,4-26-42-32-4 = 0.357,4-10-13-7-4 = 1.0,5-28-35-47-44-53-4 = 0.041,5-35-16-44-53-4 = 0.143,5-35-47-16-11-5 = 0.224,5-35-47-16-51-32-14-4 = 0.01,5-35-47-31-49-48-5 = 0.041,5-35-47-9-45-5 = 0.194,5-51-16-44-53-4 = 0.48,5-9-30-11-5 = 0.643,5-47-16-32-44-53-4 = 0.143,4-32-44-53-33-5 = 0.194,4-42-32-11-5 = 0.133,5-9-51-32-42-4 = 0.163,5-35-47-51-42-14-4 = 0.347
624,616,870.237,7.944,0.234,-0.722,653,654,5-55-23-29-41-5 = 1.0,5-22-40-36-5 = 1.0,5-12-26-4 = 0.333,5-37-9-11-5 = 0.056,5-37-9-51-32-4 = 0.056,5-37-6-17-5 = 0.278,4-25-34-20-4 = 0.333,4-39-19-27-21-4 = 0.333,4-38-46-8-4 = 1.0,4-18-15-24-43-4 = 1.0,5-6-28-49-48-5 = 0.278,4-26-12-14-4 = 0.667,4-25-34-53-4 = 0.667,4-10-13-7-4 = 0.333,4-10-32-42-4 = 0.333,4-10-32-30-14-4 = 0.333,5-6-9-51-33-5 = 0.056,4-42-30-5 = 0.667,4-44-54-52-4 = 0.667,4-20-13-7-4 = 0.667,5-28-17-48-5 = 0.722,5-35-47-16-31-49-5 = 0.722,5-35-47-31-16-32-4 = 0.278,4-39-50-19-21-4 = 0.667,4-50-27-44-53-4 = 0.333,5-6-51-9-45-5 = 0.389,5-51-11-33-5 = 0.5,5-9-11-33-5 = 0.444,4-27-52-54-4 = 0.333,5-37-45-5 = 0.611
653,624,873.193,0.0,2.957,0.0,Prune by CG,,5-55-23-29-41-5 = 1.0,5-22-40-36-5 = 1.0,5-37-51-11-5 = 0.333,5-37-6-17-5 = 0.333,4-25-34-20-4 = 0.333,4-39-19-27-21-4 = 0.333,4-38-46-8-4 = 1.0,4-18-15-24-43-4 = 0.667,4-18-15-24-43-5 = 0.333,5-6-28-49-48-5 = 0.333,4-26-12-14-4 = 1.0,4-25-34-53-4 = 0.667,4-10-13-7-4 = 0.333,4-10-32-42-4 = 0.667,4-44-54-52-4 = 0.667,4-20-13-7-4 = 0.667,5-28-17-48-5 = 0.333,5-35-16-30-5 = 0.333,5-35-47-16-31-49-5 = 0.667,5-45-30-5 = 0.667,4-39-50-19-21-4 = 0.667,4-50-27-44-53-4 = 0.333,5-51-11-33-5 = 0.667,5-9-31-17-48-5 = 0.333,4-27-52-54-4 = 0.333,5-28-47-9-33-5 = 0.333,5-37-45-5 = 0.333,5-6-9-32-42-4 = 0.333
654,624,871.553,0.0,1.316,0.0,Prune by CG,,5-55-23-29-41-5 = 1.0,5-22-40-36-5 = 1.0,5-17-49-53-33-5 = 0.067,5-37-6-17-5 = 0.267,4-25-34-20-4 = 0.6,4-39-19-27-21-4 = 0.333,4-38-46-8-4 = 1.0,4-18-15-24-43-4 = 1.0,5-6-28-49-48-5 = 0.333,4-26-12-14-4 = 1.0,4-25-34-53-4 = 0.4,4-10-13-7-4 = 0.6,4-10-32-42-4 = 0.4,5-6-9-51-33-5 = 0.133,4-42-30-4 = 0.4,4-44-54-52-4 = 0.667,4-20-13-7-4 = 0.4,5-28-17-48-5 = 0.667,5-35-47-16-31-49-5 = 0.6,5-35-47-31-16-51-5 = 0.4,4-39-50-19-21-4 = 0.667,4-50-27-44-53-4 = 0.333,5-6-51-9-45-5 = 0.267,5-9-11-33-5 = 0.6,4-32-30-11-5 = 0.4,5-33-30-4 = 0.2,4-27-52-54-4 = 0.333,5-37-45-5 = 0.733,5-51-42-32-53-4 = 0.2
324,285,869.91,5.333,0.596,1.667,655,656,4-8-4 = 0.167,4-50-52-54-4 = 1.0,5-55-23-29-41-5 = 1.0,5-22-40-36-5 = 1.0,5-12-26-4 = 0.167,5-37-28-17-5 = 0.667,5-37-35-28-49-5 = 0.333,4-25-20-13-4 = 0.333,4-25-34-20-4 = 0.333,4-39-19-27-21-4 = 1.0,4-38-46-4 = 0.167,4-38-46-8-4 = 0.833,5-45-33-5 = 1.0,4-18-15-24-43-5 = 1.0,4-26-12-14-4 = 0.833,4-25-20-7-4 = 0.333,4-10-32-42-4 = 0.833,4-10-32-30-14-4 = 0.167,4-34-13-7-4 = 0.667,4-42-30-5 = 0.167,5-35-31-17-48-5 = 0.333,5-51-30-11-5 = 0.667,5-51-16-44-53-4 = 0.333,5-6-35-47-9-11-5 = 0.333,5-6-47-31-49-48-5 = 0.667,5-9-16-44-53-4 = 0.667
655,324,879.441,0.0,9.531,0.0,Prune by CG,,4-8-4 = 0.143,4-50-52-54-4 = 1.0,5-55-23-29-41-5 = 1.0,5-22-40-36-5 = 1.0,5-37-28-17-5 = 0.429,5-37-35-28-49-5 = 0.571,5-16-9-45-5 = 0.048,4-25-20-13-4 = 1.0,4-39-19-27-21-4 = 1.0,4-38-46-4 = 0.143,4-38-46-8-4 = 0.857,5-45-33-5 = 0.81,4-18-15-24-43-5 = 1.0,4-7-44-53-4 = 0.143,4-26-12-14-4 = 1.0,4-10-32-42-4 = 1.0,5-35-31-17-48-5 = 0.429,5-31-16-44-53-4 = 0.095,5-51-30-11-5 = 1.0,5-9-31-17-48-5 = 0.143,5-6-47-31-49-48-5 = 0.333,5-9-16-44-53-4 = 0.571,4-34-16-53-4 = 0.19,5-9-16-49-48-5 = 0.095,4-7-44-33-5 = 0.19,4-34-9-45-5 = 0.143,5-6-47-34-7-4 = 0.667
656,324,872.59,0.0,2.68,0.0,Prune by CG,,4-8-4 = 0.208,4-50-52-54-4 = 1.0,5-55-23-29-41-5 = 1.0,5-22-40-36-5 = 1.0,5-37-28-17-5 = 0.75,5-37-35-28-49-5 = 0.25,5-16-9-45-5 = 0.042,4-25-34-20-4 = 0.5,4-39-19-27-21-4 = 1.0,4-38-46-4 = 0.208,4-38-46-8-4 = 0.792,5-45-33-5 = 0.625,4-18-15-24-43-4 = 0.75,4-18-15-24-43-5 = 0.25,4-26-12-14-4 = 1.0,4-25-20-7-4 = 0.5,4-10-32-42-4 = 1.0,4-34-13-7-4 = 0.5,5-35-31-17-48-5 = 0.25,5-31-16-44-53-4 = 0.167,5-51-30-11-5 = 0.917,5-6-35-47-9-11-5 = 0.083,5-6-35-47-31-9-51-5 = 0.083,5-6-47-31-49-48-5 = 0.5,5-9-16-33-5 = 0.125,5-9-16-44-53-4 = 0.583,5-9-16-30-5 = 0.083,4-13-53-33-5 = 0.25,5-6-35-47-45-5 = 0.333,4-13-44-49-48-5 = 0.25
520,250,870.157,7.778,0.545,-0.0,657,658,4-8-4 = 0.185,5-55-23-29-41-5 = 1.0,5-22-40-36-5 = 1.0,5-12-26-4 = 0.231,5-17-49-53-33-5 = 0.093,5-28-31-49-48-5 = 0.907,5-37-6-17-5 = 0.519,4-25-34-20-4 = 1.0,4-39-19-27-21-4 = 0.333,4-38-46-4 = 0.185,4-38-46-8-4 = 0.815,5-33-45-5 = 0.444,4-18-15-24-43-14-4 = 1.0,4-26-42-32-4 = 0.481,4-10-13-7-4 = 1.0,5-6-17-48-5 = 0.093,4-42-30-5 = 0.519,4-44-54-52-4 = 0.667,5-28-35-47-31-17-5 = 0.093,5-35-47-16-11-5 = 0.13,5-35-47-16-9-17-5 = 0.204,5-35-47-16-32-53-4 = 0.519,5-45-30-5 = 0.074,4-39-50-19-21-4 = 0.667,4-50-27-44-53-4 = 0.333,5-6-51-9-45-5 = 0.389,5-51-11-33-5 = 0.463,5-51-16-45-5 = 0.093,5-9-30-11-5 = 0.407,4-27-52-54-4 = 0.333,5-37-12-5 = 0.481,4-26-12-5 = 0.287,5-35-47-51-16-53-4 = 0.056
657,520,871.337,0.0,1.18,0.0,Prune by CG,,4-8-4 = 0.143,5-55-23-29-41-5 = 1.0,5-22-40-36-5 = 1.0,5-12-26-4 = 0.143,5-12-45-5 = 0.476,5-12-51-32-53-4 = 0.048,5-28-31-49-48-5 = 1.0,5-37-6-17-5 = 1.0,4-25-34-20-4 = 1.0,4-39-19-27-21-4 = 0.333,4-38-46-4 = 0.143,4-38-46-8-4 = 0.857,5-45-33-5 = 0.524,4-18-15-24-43-14-4 = 1.0,4-26-42-32-4 = 0.524,4-10-13-7-4 = 1.0,4-42-30-5 = 0.476,4-44-54-52-4 = 0.667,5-35-47-16-51-9-5 = 0.381,5-35-47-16-32-53-4 = 0.429,5-35-47-9-16-53-4 = 0.095,4-39-50-19-21-4 = 0.667,4-50-27-44-53-4 = 0.333,5-51-11-33-5 = 0.476,5-9-30-11-5 = 0.524,4-27-52-54-4 = 0.333,4-26-12-5 = 0.333,5-35-47-51-16-53-4 = 0.095
658,520,870.881,0.0,0.724,0.0,Prune by CG,,4-8-4 = 0.256,5-55-23-29-41-5 = 1.0,5-22-40-36-5 = 1.0,5-17-49-53-33-5 = 0.333,5-28-31-49-48-5 = 0.667,4-25-34-20-4 = 0.884,4-39-19-27-21-4 = 0.318,4-38-46-4 = 0.256,4-38-46-8-4 = 0.744,4-18-15-24-43-14-4 = 1.0,4-26-42-32-4 = 1.0,4-25-34-53-4 = 0.116,4-10-13-7-4 = 1.0,5-6-17-48-5 = 0.333,5-6-16-44-53-4 = 0.047,4-44-54-52-4 = 0.636,5-28-35-47-31-17-5 = 0.333,5-35-47-16-11-5 = 0.597,5-45-30-5 = 0.093,4-39-50-19-21-4 = 0.682,4-50-27-44-53-4 = 0.318,5-6-51-9-45-5 = 0.62,5-51-11-33-5 = 0.023,5-51-16-45-5 = 0.287,5-9-30-11-5 = 0.38,5-33-30-5 = 0.527,4-27-52-54-4 = 0.364,5-37-12-5 = 1.0,4-20-53-33-5 = 0.116,5-35-47-51-16-53-4 = 0.07
414,410,870.128,6.429,0.763,0.206,659,660,4-8-4 = 0.143,4-50-52-54-4 = 0.643,5-55-23-29-41-5 = 1.0,5-37-48-5 = 1.0,5-22-40-36-5 = 1.0,4-39-19-27-21-4 = 0.286,4-39-19-27-44-49-5 = 0.357,4-38-46-4 = 0.143,4-38-46-8-4 = 0.857,5-45-33-5 = 0.571,4-18-15-24-43-4 = 1.0,4-26-12-14-4 = 1.0,4-25-32-42-4 = 0.857,4-13-7-27-21-4 = 0.357,4-10-32-42-4 = 0.143,4-34-13-7-4 = 0.357,4-34-20-10-4 = 0.429,5-6-9-16-53-4 = 0.571,4-34-35-47-28-49-5 = 0.214,4-44-54-52-4 = 0.357,4-20-13-7-4 = 0.286,5-28-47-35-31-17-5 = 0.786,4-39-50-19-21-4 = 0.357,5-51-30-11-5 = 1.0,4-20-10-44-53-4 = 0.286,5-9-16-33-5 = 0.429,5-6-17-49-45-5 = 0.214,5-6-31-49-45-5 = 0.214,4-25-10-53-4 = 0.143
659,414,871.763,0.0,1.635,0.0,Prune by CG,,4-8-4 = 0.087,4-50-52-54-4 = 0.543,5-55-23-29-41-5 = 1.0,5-37-48-5 = 1.0,5-22-40-36-5 = 1.0,5-12-6-31-49-5 = 0.065,4-39-19-27-21-4 = 0.087,4-39-19-27-44-49-5 = 0.457,4-38-46-4 = 0.087,4-38-46-8-4 = 0.913,4-26-24-14-4 = 0.065,4-26-18-15-43-4 = 0.065,5-33-45-5 = 1.0,4-18-15-24-43-4 = 0.87,4-18-15-24-43-14-4 = 0.065,4-26-12-14-4 = 0.87,4-25-32-42-4 = 0.783,4-13-7-27-21-4 = 0.457,4-10-32-42-4 = 0.217,4-34-13-7-4 = 0.109,4-34-20-10-4 = 0.565,5-6-9-16-53-4 = 0.804,4-34-35-47-28-49-5 = 0.326,4-44-54-52-4 = 0.457,4-20-13-7-4 = 0.435,5-28-35-47-31-17-5 = 0.674,4-39-50-19-21-4 = 0.457,5-51-30-11-5 = 1.0,5-9-16-31-17-5 = 0.196,4-25-10-44-49-5 = 0.087,4-25-10-53-4 = 0.13,5-12-6-17-5 = 0.065,5-6-31-17-49-53-4 = 0.065
660,414,870.228,4.522,0.1,-1.907,661,662,4-8-4 = 0.217,4-50-52-54-4 = 0.891,5-55-23-29-41-5 = 1.0,5-37-48-5 = 1.0,5-22-40-36-5 = 1.0,5-16-9-45-5 = 0.174,4-39-19-27-21-4 = 0.783,4-39-19-27-44-49-5 = 0.109,4-38-46-4 = 0.217,4-38-46-8-4 = 0.783,4-18-15-24-43-4 = 1.0,4-26-12-14-4 = 1.0,4-25-32-42-4 = 0.957,4-13-7-27-21-4 = 0.109,4-10-32-42-4 = 0.043,4-34-13-7-4 = 0.804,4-34-20-10-4 = 0.13,5-6-9-16-53-4 = 0.174,4-34-35-47-28-49-5 = 0.065,4-44-54-52-4 = 0.109,4-20-13-7-4 = 0.087,5-28-35-47-33-5 = 0.348,5-28-47-35-31-17-5 = 0.587,4-39-50-19-21-4 = 0.109,5-51-30-11-5 = 1.0,4-20-10-44-53-4 = 0.783,5-9-16-33-5 = 0.652,5-6-17-49-45-5 = 0.413,5-6-31-49-45-5 = 0.413,4-25-10-53-4 = 0.043
661,660,872.167,0.0,1.939,0.0,Prune by CG,,4-8-4 = 0.125,4-50-52-54-4 = 0.667,5-35-47-34-10-4 = 0.167,5-55-23-29-41-5 = 1.0,5-37-48-5 = 1.0,5-22-40-36-5 = 1.0,5-28-31-45-5 = 0.167,5-16-9-45-5 = 0.417,4-39-19-27-21-4 = 0.333,4-39-19-27-44-49-5 = 0.333,4-38-46-4 = 0.125,4-38-46-8-4 = 0.875,4-18-15-24-43-4 = 0.667,4-18-15-24-43-5 = 0.333,4-26-12-14-4 = 1.0,4-25-32-42-4 = 1.0,4-13-7-27-21-4 = 0.333,4-34-13-7-4 = 0.417,4-34-20-10-4 = 0.417,5-6-9-16-53-4 = 0.583,4-44-54-52-4 = 0.333,4-20-13-7-4 = 0.25,5-28-47-35-31-17-5 = 0.583,4-39-50-19-21-4 = 0.333,5-51-30-11-5 = 0.542,5-51-11-33-5 = 0.458,4-10-53-33-5 = 0.083,4-20-10-44-53-4 = 0.333,5-33-30-5 = 0.458,5-6-17-49-45-5 = 0.417,5-28-47-35-31-49-5 = 0.25
662,660,871.225,0.0,0.997,0.0,Prune by CG,,4-8-4 = 0.227,4-50-52-54-4 = 0.955,5-55-23-29-41-5 = 1.0,5-37-48-5 = 1.0,5-22-40-36-5 = 1.0,5-16-9-45-5 = 0.091,4-39-19-27-21-4 = 0.909,4-39-19-27-44-49-5 = 0.045,4-38-46-4 = 0.227,4-38-46-8-4 = 0.773,4-18-15-24-43-4 = 0.955,4-18-15-24-43-5 = 0.045,4-26-12-14-4 = 1.0,4-25-32-42-4 = 1.0,4-13-7-27-21-4 = 0.045,4-34-13-7-4 = 0.909,4-34-20-10-4 = 0.045,5-6-9-16-53-4 = 0.091,4-34-35-47-28-49-5 = 0.045,4-44-54-52-4 = 0.045,4-20-13-7-4 = 0.045,5-28-35-16-9-5 = 0.045,5-28-47-35-33-5 = 0.909,4-39-50-19-21-4 = 0.045,5-51-30-11-5 = 0.955,5-9-16-31-17-5 = 0.545,5-47-16-9-11-5 = 0.045,4-20-10-44-53-4 = 0.909,5-9-51-16-10-4 = 0.045,5-9-16-33-5 = 0.091,5-6-17-49-45-5 = 0.455,5-9-16-30-5 = 0.045,5-6-31-49-45-5 = 0.455
281,279,870.241,5.0,1.32,-0.528,663,664,4-8-4 = 0.25,4-50-52-54-4 = 1.0,5-55-23-29-41-5 = 1.0,5-22-40-36-5 = 1.0,4-25-34-20-4 = 0.5,4-39-19-21-4 = 0.25,4-39-19-27-21-4 = 0.75,4-38-46-4 = 0.25,4-38-46-8-4 = 0.75,5-33-45-5 = 1.0,4-18-15-24-43-14-4 = 1.0,4-7-27-44-53-4 = 0.25,5-6-28-49-48-5 = 0.75,5-6-28-31-17-5 = 0.25,4-26-42-32-4 = 1.0,4-25-34-53-4 = 0.25,4-10-13-7-4 = 0.75,4-20-13-44-53-4 = 0.25,5-35-47-16-31-49-5 = 0.25,5-35-47-16-9-17-5 = 0.5,5-35-47-31-16-9-5 = 0.25,5-51-30-11-5 = 1.0,5-9-31-17-48-5 = 0.25,4-20-10-44-53-4 = 0.25,4-25-34-44-4 = 0.25,5-12-37-5 = 1.0
663,281,873.374,0.0,3.133,0.0,Prune by CG,,4-8-4 = 0.25,4-50-52-54-4 = 1.0,5-55-23-29-41-5 = 1.0,5-22-40-36-5 = 1.0,4-25-34-20-4 = 1.0,4-39-19-27-21-4 = 1.0,4-38-46-4 = 0.25,4-38-46-8-4 = 0.75,4-26-42-4 = 0.25,5-33-45-5 = 0.75,4-18-15-24-43-14-4 = 1.0,5-6-28-44-53-4 = 0.5,5-6-28-49-48-5 = 0.5,4-26-42-32-4 = 0.5,4-10-13-7-4 = 1.0,5-35-47-16-31-49-5 = 0.5,5-35-47-16-9-17-5 = 0.5,5-51-30-11-5 = 1.0,5-9-31-17-48-5 = 0.5,4-26-32-44-53-4 = 0.25,4-32-44-53-33-5 = 0.25,5-37-12-5 = 1.0,4-42-45-5 = 0.25
664,281,870.367,0.0,0.126,0.0,Prune by CG,,4-8-4 = 0.25,4-50-52-54-4 = 1.0,5-55-23-29-41-5 = 1.0,5-22-40-36-5 = 1.0,4-39-19-27-21-4 = 1.0,4-38-46-4 = 0.25,4-38-46-8-4 = 0.75,5-33-45-5 = 1.0,4-18-15-24-43-14-4 = 1.0,5-6-28-49-48-5 = 0.75,5-6-28-31-17-5 = 0.25,4-26-42-32-4 = 1.0,4-25-34-53-4 = 0.5,4-10-13-7-4 = 0.5,4-20-13-7-4 = 0.5,5-35-47-16-31-49-5 = 0.25,5-35-47-16-9-17-5 = 0.5,5-35-47-31-16-9-5 = 0.25,5-51-30-11-5 = 1.0,5-9-31-17-48-5 = 0.25,4-20-10-44-53-4 = 0.5,4-25-34-44-4 = 0.5,5-37-12-5 = 1.0
307,234,870.032,5.556,0.784,0.889,665,666,4-8-4 = 0.222,4-50-52-54-4 = 1.0,5-55-23-29-41-5 = 1.0,5-22-40-36-5 = 1.0,5-12-26-4 = 0.167,5-37-28-17-5 = 1.0,4-25-34-20-4 = 0.444,4-39-19-27-21-4 = 1.0,4-38-46-4 = 0.222,4-38-46-8-4 = 0.778,5-33-45-5 = 0.667,4-18-15-24-43-14-4 = 1.0,4-25-32-42-4 = 0.556,4-10-13-7-4 = 0.222,4-10-32-42-4 = 0.444,4-34-13-7-4 = 0.556,5-6-16-44-53-4 = 0.667,5-6-9-51-30-5 = 0.333,4-20-13-7-4 = 0.222,5-51-11-33-5 = 0.333,5-51-16-45-5 = 0.333,5-9-30-11-5 = 0.667,4-20-10-44-53-4 = 0.333,4-26-12-5 = 0.833,5-47-35-31-49-48-5 = 1.0
665,307,871.251,0.0,1.219,0.0,Prune by CG,,4-8-4 = 0.25,4-50-52-54-4 = 1.0,5-55-23-29-41-5 = 1.0,5-22-40-36-5 = 1.0,5-12-45-5 = 0.25,5-37-28-17-5 = 1.0,4-25-34-20-4 = 1.0,4-39-19-27-21-4 = 1.0,4-38-46-4 = 0.25,4-38-46-8-4 = 0.75,5-33-45-5 = 0.75,4-18-15-24-43-14-4 = 1.0,4-26-42-32-4 = 0.5,4-10-13-7-4 = 1.0,5-6-16-44-53-4 = 0.5,5-6-9-51-30-5 = 0.5,5-35-47-31-49-48-5 = 1.0,5-51-16-44-53-4 = 0.5,5-9-30-11-5 = 0.5,4-26-12-5 = 0.5,4-42-32-11-5 = 0.5,5-12-33-5 = 0.25
666,307,870.3,0.0,0.268,0.0,Prune by CG,,4-8-4 = 0.222,4-50-52-54-4 = 1.0,5-55-23-29-41-5 = 1.0,5-22-40-36-5 = 1.0,5-12-26-4 = 0.167,5-37-28-17-5 = 1.0,4-25-20-10-4 = 0.222,4-39-19-27-21-4 = 1.0,4-38-46-4 = 0.222,4-38-46-8-4 = 0.778,5-33-45-5 = 0.667,4-18-15-24-43-14-4 = 1.0,4-25-32-42-4 = 0.778,4-10-32-42-4 = 0.222,4-34-13-7-4 = 0.778,4-34-20-10-4 = 0.222,5-6-16-44-53-4 = 0.667,5-6-9-51-30-5 = 0.333,4-20-13-7-4 = 0.222,5-35-47-31-49-48-5 = 1.0,5-51-11-33-5 = 0.333,5-51-16-45-5 = 0.333,5-9-30-11-5 = 0.667,4-20-10-44-53-4 = 0.333,4-26-12-5 = 0.833
419,292,870.533,6.694,1.302,-2.506,Prune by UB,,4-8-4 = 0.143,4-50-52-54-4 = 0.51,5-55-23-29-41-5 = 1.0,5-37-17-49-53-4 = 0.265,5-22-40-36-5 = 1.0,5-11-32-42-4 = 0.388,5-28-31-49-48-5 = 0.612,5-37-6-17-5 = 0.082,4-25-34-20-4 = 0.776,4-39-19-27-21-4 = 0.755,4-38-46-4 = 0.143,4-38-46-8-4 = 0.857,4-26-42-14-4 = 0.082,5-33-45-5 = 1.0,4-18-15-24-43-5 = 1.0,4-26-12-14-4 = 0.612,4-26-42-32-4 = 0.306,4-25-34-53-4 = 0.224,4-10-13-7-4 = 1.0,5-6-9-51-30-5 = 0.918,4-44-54-52-4 = 0.49,5-28-17-48-5 = 0.388,5-35-16-44-53-4 = 0.265,5-35-47-16-11-5 = 0.612,5-35-47-16-31-49-5 = 0.122,5-37-47-31-17-5 = 0.265,4-39-50-19-21-4 = 0.245,4-50-27-44-53-4 = 0.245,5-12-37-5 = 0.388,5-9-51-32-30-14-4 = 0.082,4-20-32-42-14-4 = 0.224
372,309,869.87,6.722,0.452,1.722,667,668,4-8-4 = 0.306,5-55-23-29-41-5 = 1.0,5-37-48-5 = 0.222,5-22-40-36-5 = 1.0,5-17-48-5 = 0.389,5-17-49-53-33-5 = 0.611,5-28-31-45-5 = 0.611,5-28-31-49-48-5 = 0.389,4-46-19-27-54-4 = 0.167,4-46-19-27-7-4 = 0.083,4-25-34-20-4 = 0.778,4-38-46-4 = 0.056,4-38-46-8-4 = 0.694,5-45-33-5 = 0.389,4-18-15-24-43-4 = 0.222,4-18-15-24-43-14-4 = 0.778,4-26-12-14-4 = 0.222,4-26-42-32-4 = 0.778,4-25-34-53-4 = 0.222,4-10-13-7-4 = 0.778,4-10-32-42-4 = 0.222,4-44-54-52-4 = 0.833,4-20-13-7-4 = 0.139,4-20-13-44-53-4 = 0.083,4-39-50-27-21-4 = 0.5,4-39-50-19-21-4 = 0.5,5-51-30-11-5 = 1.0,4-38-19-27-52-4 = 0.167,4-38-19-27-44-53-4 = 0.083,5-6-47-35-16-9-5 = 1.0,5-37-12-5 = 0.778
667,372,873.811,0.0,3.941,0.0,Prune by CG,,4-8-4 = 0.5,5-55-23-29-41-5 = 1.0,5-37-48-5 = 0.333,5-22-40-36-5 = 1.0,5-17-48-5 = 0.333,5-17-49-53-33-5 = 0.667,5-28-31-45-5 = 0.667,5-28-31-49-48-5 = 0.333,4-25-34-20-4 = 0.667,4-38-46-8-4 = 0.5,4-38-46-19-21-4 = 0.5,5-33-45-5 = 0.333,4-18-15-24-43-4 = 0.333,4-18-15-24-43-14-4 = 0.667,4-26-12-14-4 = 0.333,4-26-42-32-4 = 0.667,4-25-34-53-4 = 0.333,4-10-13-7-4 = 0.667,4-10-32-42-4 = 0.333,4-44-54-52-4 = 1.0,4-20-13-7-4 = 0.333,4-39-50-27-21-4 = 0.5,5-51-30-11-5 = 1.0,5-6-47-35-16-9-5 = 1.0,5-37-12-5 = 0.667,4-39-50-19-27-4 = 0.5
668,372,872.713,0.0,2.843,0.0,Prune by CG,,4-8-4 = 0.125,5-55-23-29-41-5 = 1.0,5-37-48-5 = 0.125,5-37-17-5 = 0.125,5-22-40-36-5 = 1.0,5-17-48-5 = 0.375,5-17-49-53-33-5 = 0.5,5-28-31-45-5 = 0.5,5-28-31-49-48-5 = 0.5,4-25-34-20-4 = 1.0,4-38-46-4 = 0.125,4-38-46-8-4 = 0.875,5-33-45-5 = 0.5,4-18-15-24-43-4 = 0.25,4-18-15-24-43-14-4 = 0.75,4-7-27-44-53-4 = 0.25,4-26-12-14-4 = 0.25,4-26-42-32-4 = 0.75,4-10-13-7-4 = 0.75,4-10-32-42-4 = 0.25,4-44-54-52-4 = 0.5,4-39-50-19-21-4 = 1.0,5-51-30-11-5 = 1.0,5-6-47-35-16-9-5 = 1.0,4-27-52-54-4 = 0.5,5-37-12-5 = 0.75,4-13-27-44-53-4 = 0.25
526,365,870.208,5.407,0.225,-0.164,669,670,4-8-4 = 0.037,4-50-52-54-4 = 1.0,5-55-23-29-41-5 = 1.0,5-37-48-5 = 1.0,5-22-40-36-5 = 1.0,5-12-45-5 = 0.037,5-17-49-45-5 = 0.185,5-17-49-53-33-5 = 0.074,5-12-35-31-49-5 = 0.111,4-25-20-10-4 = 1.0,4-39-19-21-4 = 0.074,4-39-19-27-21-4 = 0.852,4-39-19-27-44-49-5 = 0.074,4-38-46-4 = 0.037,4-38-46-8-4 = 0.963,5-45-33-5 = 0.481,4-18-15-24-43-5 = 0.852,4-18-15-24-43-14-4 = 0.148,4-26-12-14-4 = 0.852,4-26-42-32-4 = 0.148,4-13-7-27-21-4 = 0.074,4-34-13-7-4 = 0.926,4-34-32-42-4 = 0.074,4-42-30-5 = 0.259,5-35-16-44-53-4 = 0.148,5-31-16-44-53-4 = 0.593,5-51-30-11-5 = 0.481,5-9-11-33-5 = 0.444,4-32-30-11-5 = 0.074,5-6-47-16-31-49-5 = 0.259,5-6-47-35-28-17-5 = 0.741,5-9-31-49-45-5 = 0.037,4-32-30-44-53-4 = 0.185,5-28-49-45-5 = 0.259,5-9-51-32-42-4 = 0.519
669,526,872.282,0.0,2.074,0.0,Prune by CG,,4-8-4 = 0.132,4-50-52-54-4 = 1.0,5-55-23-29-41-5 = 1.0,5-37-48-5 = 1.0,5-22-40-36-5 = 1.0,5-12-28-17-5 = 0.316,5-12-35-31-49-5 = 0.132,4-25-20-10-4 = 1.0,4-39-19-21-4 = 0.342,4-39-19-27-21-4 = 0.316,4-39-19-27-44-49-5 = 0.342,4-38-46-4 = 0.132,4-38-46-8-4 = 0.868,5-33-45-5 = 1.0,4-18-15-24-43-5 = 0.553,4-18-15-24-43-14-4 = 0.447,4-26-12-14-4 = 0.553,4-26-42-32-4 = 0.447,4-13-7-27-21-4 = 0.342,4-34-13-7-4 = 0.658,4-34-32-42-4 = 0.132,4-34-35-28-17-5 = 0.211,5-31-16-44-53-4 = 0.342,5-51-30-11-5 = 0.263,5-51-16-44-53-4 = 0.316,5-9-30-11-5 = 0.579,5-6-47-16-31-49-5 = 0.342,5-6-35-47-28-17-5 = 0.474,5-6-35-47-31-49-53-4 = 0.184,5-9-51-30-53-4 = 0.158,4-42-32-11-5 = 0.158,5-9-51-32-42-4 = 0.263
670,526,871.13,0.0,0.922,0.0,Prune by CG,,4-8-4 = 0.12,4-50-52-54-4 = 1.0,5-55-23-29-41-5 = 1.0,5-37-48-5 = 1.0,5-22-40-36-5 = 1.0,5-12-45-5 = 0.227,5-17-49-53-33-5 = 0.173,5-12-35-31-49-5 = 0.013,4-25-20-10-4 = 1.0,4-39-19-21-4 = 0.173,4-39-19-27-21-4 = 0.653,4-39-19-27-44-49-5 = 0.173,4-38-46-4 = 0.12,4-38-46-8-4 = 0.88,4-18-15-24-43-4 = 0.773,4-18-15-24-43-14-4 = 0.227,4-26-12-14-4 = 0.76,4-26-42-32-4 = 0.24,4-13-7-27-21-4 = 0.173,4-34-13-7-4 = 0.827,4-34-32-42-4 = 0.173,4-42-30-5 = 0.32,5-35-16-45-5 = 0.16,5-31-16-44-53-4 = 0.52,5-51-30-11-5 = 0.573,5-51-16-45-5 = 0.147,5-9-11-33-5 = 0.427,5-6-47-16-31-49-5 = 0.173,5-6-35-47-28-17-5 = 0.827,4-32-44-53-33-5 = 0.307,5-9-31-49-45-5 = 0.293,5-33-30-5 = 0.093,5-28-49-45-5 = 0.173,5-9-51-32-30-14-4 = 0.013,5-9-51-32-42-4 = 0.267
373,301,870.229,6.486,0.496,-0.211,671,672,4-8-4 = 0.286,4-50-52-54-4 = 1.0,5-55-23-29-41-5 = 1.0,5-22-40-36-5 = 1.0,5-37-28-17-5 = 0.714,5-12-42-4 = 1.0,5-37-6-17-5 = 0.286,4-25-34-20-4 = 0.8,4-39-19-27-21-4 = 1.0,4-38-46-4 = 0.286,4-38-46-8-4 = 0.714,4-26-34-20-4 = 0.2,5-45-33-5 = 0.371,4-18-15-24-43-5 = 0.2,4-18-15-24-43-14-4 = 0.8,5-6-28-49-48-5 = 0.286,4-10-13-7-4 = 1.0,5-6-51-9-45-5 = 0.143,5-31-16-44-53-4 = 0.286,5-51-30-11-5 = 0.486,5-51-11-33-5 = 0.057,5-51-16-44-53-4 = 0.314,5-9-11-33-5 = 0.171,5-6-35-47-9-11-5 = 0.286,4-26-32-30-5 = 0.514,4-26-32-45-5 = 0.086,4-25-26-14-4 = 0.2,4-32-44-53-33-5 = 0.4,5-47-35-31-49-48-5 = 0.714,4-16-9-45-5 = 0.4
671,373,870.957,0.0,0.728,0.0,Prune by CG,,4-8-4 = 0.3,4-50-52-54-4 = 1.0,5-55-23-29-41-5 = 1.0,5-22-40-36-5 = 1.0,5-37-28-17-5 = 0.8,5-12-42-4 = 1.0,5-37-6-17-5 = 0.2,4-25-34-20-4 = 0.8,4-39-19-27-21-4 = 1.0,4-38-46-4 = 0.3,4-38-46-8-4 = 0.7,4-26-34-20-4 = 0.2,5-45-33-5 = 0.3,4-18-15-24-43-5 = 0.2,4-18-15-24-43-14-4 = 0.8,5-6-28-49-48-5 = 0.2,4-10-13-7-4 = 1.0,5-6-16-44-53-4 = 0.2,5-6-9-51-30-5 = 0.2,5-35-47-31-49-48-5 = 0.8,5-31-16-44-53-4 = 0.2,5-51-30-11-5 = 0.8,5-6-35-47-9-11-5 = 0.2,4-26-32-33-5 = 0.3,4-26-32-45-5 = 0.3,4-25-26-14-4 = 0.2,4-32-44-53-33-5 = 0.4,5-9-16-44-53-4 = 0.2,4-16-9-45-5 = 0.4
672,373,870.853,0.0,0.624,0.0,Prune by CG,,4-8-4 = 0.222,4-50-52-54-4 = 1.0,5-55-23-29-41-5 = 1.0,5-22-40-36-5 = 1.0,5-37-28-17-5 = 0.778,5-12-42-4 = 0.222,5-37-6-17-5 = 0.222,4-25-34-20-4 = 0.778,4-39-19-27-21-4 = 1.0,4-38-46-4 = 0.222,4-38-46-8-4 = 0.778,4-26-34-20-4 = 0.222,5-45-33-5 = 0.667,4-18-15-24-43-5 = 0.222,4-18-15-24-43-14-4 = 0.778,5-6-28-49-48-5 = 0.222,5-12-42-5 = 0.778,4-10-13-7-4 = 1.0,5-35-47-31-49-48-5 = 0.778,5-6-51-9-45-5 = 0.333,5-31-16-44-53-4 = 0.222,5-51-16-44-53-4 = 0.667,5-9-11-33-5 = 0.333,4-32-30-11-5 = 0.444,5-6-35-47-9-11-5 = 0.222,4-26-32-30-5 = 0.556,4-25-26-14-4 = 0.222,5-9-16-44-53-4 = 0.111
528,362,870.448,5.333,0.664,-1.81,Prune by UB,,4-8-4 = 0.167,4-50-52-54-4 = 1.0,5-55-23-29-41-5 = 1.0,5-22-40-36-5 = 1.0,5-12-30-5 = 0.167,5-12-45-5 = 0.167,5-37-6-17-5 = 0.333,4-25-20-10-4 = 1.0,4-39-19-27-21-4 = 1.0,4-38-46-4 = 0.167,4-38-46-8-4 = 0.833,4-26-42-14-4 = 0.667,4-18-15-24-43-4 = 1.0,5-6-28-49-48-5 = 0.333,4-26-42-32-4 = 0.333,4-34-13-7-4 = 1.0,5-28-17-48-5 = 0.667,5-35-47-16-31-49-5 = 0.667,5-45-30-5 = 0.167,5-6-51-9-45-5 = 0.333,5-31-16-44-53-4 = 0.333,5-51-30-11-5 = 0.667,5-9-11-33-5 = 0.333,4-32-44-53-33-5 = 0.667,5-37-12-5 = 0.667,5-47-35-9-45-14-4 = 0.333
326,278,870.319,4.423,0.932,-0.799,Prune by UB,,4-8-4 = 0.01,5-35-47-34-10-4 = 0.652,5-55-23-29-41-5 = 1.0,5-22-40-36-5 = 1.0,5-28-31-49-48-5 = 1.0,5-37-6-17-5 = 0.925,5-16-9-45-5 = 0.229,4-39-19-27-21-4 = 0.333,4-38-46-4 = 0.01,4-38-46-8-4 = 0.99,5-45-33-5 = 0.771,4-18-15-24-43-5 = 1.0,4-26-12-14-4 = 0.925,4-25-32-42-4 = 0.92,4-10-32-30-14-4 = 0.075,4-34-10-32-53-4 = 0.005,5-6-9-51-30-5 = 0.075,4-42-30-5 = 0.08,4-44-54-52-4 = 0.667,4-20-13-7-4 = 1.0,5-35-47-16-10-4 = 0.035,5-35-47-16-9-17-5 = 0.075,5-35-47-9-16-53-4 = 0.239,4-39-50-19-21-4 = 0.667,4-50-27-44-53-4 = 0.333,5-51-30-11-5 = 0.771,5-9-11-33-5 = 0.229,4-26-34-53-4 = 0.075,5-9-51-16-10-4 = 0.154,4-27-52-54-4 = 0.333,5-37-12-5 = 0.075,4-34-16-53-4 = 0.269,4-25-10-53-4 = 0.08
336,238,870.135,7.014,0.678,0.446,673,674,4-8-4 = 0.059,5-55-23-29-41-5 = 1.0,5-37-48-5 = 1.0,5-22-40-36-5 = 1.0,5-17-49-53-33-5 = 0.385,5-28-31-16-32-4 = 0.25,4-25-20-10-4 = 0.872,4-39-19-27-21-4 = 0.333,4-38-46-4 = 0.059,4-38-46-8-4 = 0.941,5-45-33-5 = 0.365,4-18-15-24-43-4 = 0.281,4-18-15-24-43-5 = 0.719,5-6-28-31-17-5 = 0.042,4-26-12-14-4 = 1.0,4-25-32-42-4 = 0.128,4-10-32-42-4 = 0.122,4-34-13-7-4 = 0.878,4-34-20-10-4 = 0.007,4-34-35-47-28-49-5 = 0.063,4-44-54-52-4 = 0.667,4-20-13-7-4 = 0.122,5-28-35-34-53-4 = 0.052,5-28-47-35-31-17-5 = 0.365,5-35-16-45-5 = 0.177,5-35-47-16-31-49-5 = 0.344,5-45-30-5 = 0.25,4-39-50-19-21-4 = 0.667,4-50-27-44-53-4 = 0.333,5-51-11-33-5 = 0.25,5-9-30-11-5 = 0.25,4-32-30-11-5 = 0.5,4-27-52-54-4 = 0.333,5-28-47-16-53-4 = 0.229,5-6-17-49-45-5 = 0.208,5-6-9-51-42-4 = 0.75
673,336,870.626,0.0,0.491,0.0,Prune by CG,,5-55-23-29-41-5 = 1.0,5-37-48-5 = 1.0,5-22-40-36-5 = 1.0,5-17-49-53-33-5 = 0.333,4-25-20-10-4 = 1.0,4-39-19-27-21-4 = 0.333,4-38-46-8-4 = 1.0,5-45-33-5 = 0.667,4-18-15-24-43-4 = 0.667,4-18-15-24-43-5 = 0.333,4-26-12-14-4 = 1.0,4-34-13-7-4 = 1.0,4-44-54-52-4 = 0.667,5-28-47-35-31-17-5 = 0.333,5-35-16-31-17-5 = 0.333,5-35-47-16-31-49-5 = 0.333,4-39-50-19-21-4 = 0.667,4-50-27-44-53-4 = 0.333,4-32-30-11-5 = 1.0,4-27-52-54-4 = 0.333,5-28-47-16-53-4 = 0.333,5-6-9-51-42-4 = 1.0,5-28-49-45-5 = 0.333
674,336,870.302,0.0,0.167,0.0,Prune by CG,,4-8-4 = 0.069,5-55-23-29-41-5 = 1.0,5-37-48-5 = 1.0,5-22-40-36-5 = 1.0,5-12-30-5 = 0.187,5-17-49-53-33-5 = 0.292,5-28-31-16-32-4 = 0.271,4-25-20-10-4 = 0.674,4-39-19-27-21-4 = 0.333,4-38-46-4 = 0.069,4-38-46-8-4 = 0.931,5-45-33-5 = 0.208,4-18-15-24-43-5 = 0.813,4-18-15-24-43-14-4 = 0.187,5-6-28-31-17-5 = 0.042,4-26-12-14-4 = 0.813,4-26-42-32-4 = 0.187,4-25-32-42-4 = 0.326,4-10-32-42-4 = 0.215,4-34-13-7-4 = 0.785,4-34-20-10-4 = 0.111,4-34-35-47-28-49-5 = 0.104,4-44-54-52-4 = 0.667,4-20-13-7-4 = 0.215,5-28-47-35-31-17-5 = 0.375,5-35-16-30-5 = 0.042,5-35-47-16-31-49-5 = 0.312,5-45-30-5 = 0.271,4-39-50-19-21-4 = 0.667,4-50-27-44-53-4 = 0.333,5-6-51-9-45-5 = 0.229,5-51-11-33-5 = 0.5,5-9-30-11-5 = 0.5,4-27-52-54-4 = 0.333,5-28-47-16-53-4 = 0.208,5-6-17-49-45-5 = 0.292,5-6-9-51-42-4 = 0.271,5-6-35-16-53-4 = 0.167
352,237,870.264,8.176,1.055,-0.379,Prune by UB,,4-8-4 = 0.02,5-55-23-29-41-5 = 1.0,5-37-48-5 = 1.0,5-22-40-36-5 = 1.0,4-25-20-10-4 = 0.314,4-39-19-27-21-4 = 0.265,4-38-46-4 = 0.02,4-38-46-8-4 = 0.98,5-33-45-5 = 0.529,4-18-15-24-43-4 = 0.235,4-18-15-24-43-5 = 0.765,5-6-28-31-17-5 = 0.441,4-26-12-14-4 = 1.0,4-25-32-42-4 = 0.686,4-10-32-42-4 = 0.314,4-34-13-7-4 = 0.657,4-34-20-10-4 = 0.343,5-6-16-44-53-4 = 0.206,4-44-54-52-4 = 0.529,4-20-13-7-4 = 0.343,5-28-35-47-16-49-5 = 0.294,5-28-35-47-31-17-5 = 0.206,5-35-16-45-5 = 0.059,5-35-47-16-10-4 = 0.029,5-35-47-16-31-49-5 = 0.353,5-35-47-9-45-5 = 0.059,4-39-50-19-21-4 = 0.735,4-50-27-44-53-4 = 0.265,5-51-30-11-5 = 0.529,5-9-11-33-5 = 0.471,5-9-51-30-53-4 = 0.471,4-27-52-54-4 = 0.471,5-28-47-16-53-4 = 0.059,5-6-17-49-45-5 = 0.353
243,197,870.384,6.824,1.814,-1.176,Prune by UB,,4-8-4 = 0.252,5-55-23-29-41-5 = 1.0,5-22-40-36-5 = 1.0,5-12-30-5 = 1.0,5-37-28-17-5 = 0.387,5-37-9-11-5 = 0.034,5-17-49-53-33-5 = 0.017,5-28-31-49-48-5 = 0.597,5-37-6-17-5 = 0.58,5-16-9-45-5 = 0.345,4-25-34-20-4 = 0.782,4-39-19-27-21-4 = 0.328,4-38-46-4 = 0.252,4-38-46-8-4 = 0.748,5-33-45-5 = 0.21,4-18-15-24-43-14-4 = 1.0,4-26-42-32-4 = 1.0,4-25-34-53-4 = 0.218,4-10-13-7-4 = 1.0,4-44-54-52-4 = 0.655,5-28-17-48-5 = 0.017,5-35-47-16-11-5 = 0.412,5-35-47-31-49-48-5 = 0.387,5-35-47-9-16-53-4 = 0.202,4-39-50-19-21-4 = 0.672,4-50-27-44-53-4 = 0.328,5-6-51-9-45-5 = 0.42,5-31-16-44-53-4 = 0.017,5-51-11-33-5 = 0.555,5-51-16-45-5 = 0.025,4-27-52-54-4 = 0.345,4-20-53-33-5 = 0.218
524,316,870.133,4.884,0.233,0.503,675,676,4-8-4 = 0.043,4-50-52-54-4 = 1.0,5-55-23-29-41-5 = 1.0,5-37-48-5 = 1.0,5-22-40-36-5 = 1.0,5-17-49-45-5 = 0.029,5-17-49-53-33-5 = 0.014,5-17-49-45-14-4 = 0.203,5-12-9-31-49-5 = 0.246,4-25-34-20-4 = 0.942,4-39-19-27-21-4 = 1.0,4-38-46-4 = 0.043,4-38-46-8-4 = 0.957,5-33-45-5 = 0.522,4-18-15-24-43-5 = 1.0,4-26-12-14-4 = 0.754,4-26-42-32-4 = 0.246,4-25-32-42-4 = 0.058,4-10-13-7-4 = 1.0,4-34-32-42-4 = 0.043,4-42-30-5 = 0.232,5-35-16-44-53-4 = 0.246,5-31-16-44-53-4 = 0.507,5-51-30-11-5 = 0.623,5-9-11-33-5 = 0.377,5-6-47-16-31-49-5 = 0.246,5-6-47-35-28-17-5 = 0.754,4-32-44-53-33-5 = 0.087,4-32-30-44-53-4 = 0.145,5-28-49-45-5 = 0.246,5-9-51-32-42-4 = 0.377,4-20-32-42-14-4 = 0.043,4-34-20-44-49-5 = 0.014
675,524,870.995,0.0,0.862,0.0,Prune by CG,,4-8-4 = 0.025,4-50-52-54-4 = 1.0,5-55-23-29-41-5 = 1.0,5-37-48-5 = 1.0,5-22-40-36-5 = 1.0,5-12-45-5 = 0.1,5-17-49-45-5 = 0.325,4-25-34-20-4 = 0.9,4-39-19-27-21-4 = 1.0,4-38-46-4 = 0.025,4-38-46-8-4 = 0.975,5-45-33-5 = 0.35,4-18-15-24-43-4 = 0.05,4-18-15-24-43-5 = 0.95,4-26-12-14-4 = 0.9,4-26-42-32-4 = 0.1,4-25-32-42-4 = 0.1,4-10-13-7-4 = 1.0,4-42-30-5 = 0.25,5-35-34-44-53-4 = 0.1,5-31-16-44-53-4 = 0.65,5-51-30-11-5 = 0.5,5-9-11-33-5 = 0.5,5-6-47-16-31-49-5 = 0.325,5-6-47-35-28-17-5 = 0.675,5-35-51-9-45-5 = 0.05,4-32-30-44-53-4 = 0.25,5-28-49-45-5 = 0.175,5-9-51-32-42-4 = 0.45,4-20-32-42-14-4 = 0.1,5-35-28-49-33-5 = 0.15,5-35-16-31-49-5 = 0.025
676,524,871.664,0.0,1.531,0.0,Prune by CG,,4-8-4 = 0.019,4-50-52-54-4 = 1.0,5-55-23-29-41-5 = 1.0,5-37-48-5 = 1.0,5-22-40-36-5 = 1.0,5-17-49-53-33-5 = 0.037,5-17-49-45-14-4 = 0.315,5-12-9-31-49-5 = 0.389,5-28-31-45-5 = 0.056,5-28-31-44-53-4 = 0.352,4-25-34-20-4 = 0.944,4-39-19-27-21-4 = 1.0,4-38-46-4 = 0.019,4-38-46-8-4 = 0.981,5-33-45-5 = 0.481,4-18-15-24-43-5 = 1.0,4-26-12-14-4 = 0.611,4-26-42-32-4 = 0.389,4-25-32-42-4 = 0.056,4-10-13-7-4 = 1.0,4-34-32-42-4 = 0.019,4-42-30-5 = 0.481,5-51-30-11-5 = 0.389,5-51-16-44-53-4 = 0.611,5-9-11-33-5 = 0.481,4-32-30-11-5 = 0.13,5-6-47-35-16-32-4 = 0.352,5-6-47-35-28-17-5 = 0.574,5-9-31-49-45-5 = 0.13,5-6-35-47-31-17-49-5 = 0.074,5-28-49-45-14-4 = 0.019,4-20-32-42-14-4 = 0.056,4-34-16-44-49-5 = 0.037
364,361,870.329,4.429,0.986,-0.738,Prune by UB,,4-8-4 = 0.143,4-50-52-54-4 = 1.0,5-55-23-29-41-5 = 1.0,5-22-40-36-5 = 1.0,5-37-9-11-5 = 0.286,5-37-51-11-5 = 0.286,5-11-32-42-4 = 0.143,5-37-6-17-5 = 0.286,4-25-20-10-4 = 1.0,4-39-19-27-21-4 = 1.0,4-38-46-4 = 0.143,4-38-46-8-4 = 0.857,5-45-33-5 = 1.0,4-18-15-24-43-5 = 1.0,5-6-28-49-48-5 = 0.214,4-26-12-14-4 = 0.857,4-26-42-32-4 = 0.143,4-34-13-7-4 = 1.0,4-42-30-5 = 0.071,5-28-17-48-5 = 0.714,5-28-35-47-44-53-4 = 0.071,5-35-47-16-31-49-5 = 0.714,5-35-47-31-49-48-5 = 0.071,5-31-16-44-53-4 = 0.214,5-51-16-44-53-4 = 0.071,5-9-30-11-5 = 0.214,4-32-30-11-5 = 0.071,4-32-30-44-53-4 = 0.643,5-12-37-5 = 0.143,5-6-9-51-42-4 = 0.5,5-35-47-51-42-14-4 = 0.143
111,65,870.502,4.5,2.62,-1.682,Prune by UB,,4-8-4 = 0.25,4-50-52-54-4 = 1.0,5-55-23-29-41-5 = 1.0,5-22-40-36-5 = 1.0,5-12-45-5 = 0.5,5-37-28-17-5 = 1.0,4-25-34-20-4 = 1.0,4-39-19-27-21-4 = 1.0,4-38-46-4 = 0.25,4-38-46-8-4 = 0.75,5-33-45-5 = 0.25,4-18-15-24-43-5 = 1.0,4-26-12-14-4 = 0.5,4-26-42-32-4 = 0.5,4-10-13-7-4 = 1.0,5-6-16-44-53-4 = 1.0,5-35-47-31-49-48-5 = 1.0,5-51-30-11-5 = 0.5,5-9-11-33-5 = 0.5,4-42-45-5 = 0.25,5-9-51-32-30-14-4 = 0.5,4-42-33-5 = 0.25
485,289,870.493,6.867,0.674,-1.444,Prune by UB,,4-8-4 = 0.267,4-50-52-54-4 = 1.0,5-55-23-29-41-5 = 1.0,5-37-48-5 = 1.0,5-22-40-36-5 = 1.0,5-17-49-53-33-5 = 0.2,5-12-42-4 = 1.0,4-25-20-10-4 = 0.267,4-25-20-13-4 = 0.067,4-25-34-20-4 = 0.6,4-39-19-21-4 = 0.2,4-39-19-27-21-4 = 0.6,4-39-19-27-44-49-5 = 0.2,4-38-46-4 = 0.267,4-38-46-8-4 = 0.733,4-18-15-24-43-14-4 = 1.0,4-25-20-7-4 = 0.067,4-13-7-27-21-4 = 0.2,4-10-13-7-4 = 0.733,5-6-16-44-53-4 = 0.4,4-34-35-47-28-49-5 = 0.4,5-28-47-35-31-17-5 = 0.6,5-6-51-9-45-5 = 0.4,5-31-16-44-53-4 = 0.4,5-51-30-11-5 = 0.2,5-51-11-33-5 = 0.4,5-9-11-33-5 = 0.4,4-26-32-30-5 = 0.8,4-26-32-45-5 = 0.2,5-6-17-49-45-5 = 0.2,4-16-9-45-5 = 0.2
553,294,870.392,1.75,0.037,-1.0,Prune by UB,,4-50-52-54-4 = 1.0,5-55-23-29-41-5 = 1.0,5-22-40-36-5 = 1.0,4-39-19-27-21-4 = 1.0,4-38-46-4 = 1.0,4-26-24-14-4 = 1.0,5-33-45-5 = 1.0,4-8-18-15-43-4 = 1.0,5-6-28-49-48-5 = 0.75,5-6-28-31-17-5 = 0.25,4-25-32-42-4 = 1.0,4-34-13-7-4 = 1.0,5-35-47-16-31-49-5 = 0.25,5-35-47-16-9-17-5 = 0.5,5-35-47-31-16-9-5 = 0.25,5-51-30-11-5 = 1.0,5-9-31-17-48-5 = 0.25,4-20-10-44-53-4 = 1.0,5-12-37-5 = 1.0
382,380,870.25,5.833,0.878,0.106,677,678,4-8-4 = 0.042,4-50-52-54-4 = 1.0,5-55-23-29-41-5 = 1.0,5-37-48-5 = 1.0,5-22-40-36-5 = 1.0,4-39-19-27-21-4 = 1.0,4-38-46-4 = 0.042,4-38-46-8-4 = 0.958,4-18-15-24-43-4 = 0.25,4-18-15-24-43-5 = 0.75,5-6-28-31-17-5 = 0.083,4-26-12-14-4 = 1.0,4-25-32-42-4 = 0.875,4-34-13-7-4 = 0.667,4-34-20-10-4 = 0.333,5-6-9-51-30-5 = 0.25,4-42-30-5 = 0.125,4-20-13-7-4 = 0.333,5-28-47-35-31-17-5 = 0.583,5-35-16-44-53-4 = 0.083,5-35-47-16-10-4 = 0.333,5-51-30-11-5 = 0.25,5-51-16-44-53-4 = 0.5,5-9-11-33-5 = 0.75,5-47-16-44-53-4 = 0.083,4-20-10-44-53-4 = 0.333,4-25-32-30-5 = 0.125,5-33-30-5 = 0.25,5-6-17-49-45-5 = 0.333,5-6-31-49-45-5 = 0.333,5-28-49-45-5 = 0.333
677,382,871.272,0.0,1.022,0.0,Prune by CG,,4-8-4 = 0.083,4-50-52-54-4 = 1.0,5-55-23-29-41-5 = 1.0,5-37-48-5 = 1.0,5-22-40-36-5 = 1.0,4-39-19-27-21-4 = 1.0,4-38-46-4 = 0.083,4-38-46-8-4 = 0.917,4-18-15-24-43-4 = 0.5,4-18-15-24-43-5 = 0.5,4-26-12-14-4 = 1.0,4-25-32-42-4 = 0.75,4-10-13-7-4 = 0.333,4-34-13-7-4 = 0.333,4-34-20-10-4 = 0.667,4-42-30-5 = 0.25,4-20-13-7-4 = 0.333,5-28-35-47-33-5 = 0.5,5-28-35-47-31-17-5 = 0.5,5-51-16-44-53-4 = 1.0,5-9-30-11-5 = 0.5,5-9-11-33-5 = 0.5,4-25-32-30-5 = 0.25,5-6-17-49-45-5 = 0.5,5-6-31-49-45-5 = 0.5
678,382,870.745,0.0,0.494,0.0,Prune by CG,,4-8-4 = 0.01,4-50-52-54-4 = 1.0,5-55-23-29-41-5 = 1.0,5-37-48-5 = 1.0,5-22-40-36-5 = 1.0,5-17-49-53-33-5 = 0.176,5-28-31-45-5 = 0.029,4-39-19-27-21-4 = 1.0,4-38-46-4 = 0.01,4-38-46-8-4 = 0.99,4-18-15-24-43-4 = 0.353,4-18-15-24-43-5 = 0.647,5-6-28-31-17-5 = 0.118,4-26-12-14-4 = 1.0,4-25-32-42-4 = 1.0,4-10-13-7-4 = 0.392,4-34-13-7-4 = 0.216,4-34-20-10-4 = 0.608,5-6-9-51-30-5 = 0.176,4-20-13-7-4 = 0.392,5-28-35-47-31-17-5 = 0.588,5-35-16-44-53-4 = 0.412,5-6-51-9-45-5 = 0.324,5-51-30-11-5 = 0.5,5-9-11-33-5 = 0.5,5-47-16-44-53-4 = 0.412,5-33-30-5 = 0.324,5-6-17-49-45-5 = 0.118,5-6-31-49-45-5 = 0.265,5-28-49-45-5 = 0.265,4-34-16-44-49-5 = 0.176
350,185,870.709,4.2,1.466,-2.569,Prune by UB,,4-50-52-54-4 = 0.2,5-55-23-29-41-5 = 1.0,5-37-48-5 = 1.0,5-22-40-36-5 = 1.0,4-39-19-27-21-4 = 0.6,4-38-46-8-4 = 1.0,4-18-15-24-43-4 = 1.0,5-6-28-31-17-5 = 0.2,4-26-12-14-4 = 1.0,4-25-34-53-4 = 1.0,4-10-32-42-4 = 1.0,4-44-54-52-4 = 0.6,4-20-13-7-4 = 1.0,5-28-35-47-33-5 = 0.4,5-28-35-47-31-17-5 = 0.2,5-35-47-16-9-17-5 = 0.4,4-39-50-19-21-4 = 0.4,4-50-27-44-52-4 = 0.2,5-51-30-11-5 = 1.0,5-9-16-33-5 = 0.6,5-6-17-49-45-5 = 0.2,4-50-27-44-54-4 = 0.2,5-6-31-49-45-5 = 0.6,5-28-49-45-5 = 0.2
418,375,870.265,6.2,0.209,0.042,Prune by UB,,4-8-4 = 0.3,4-50-52-54-4 = 1.0,5-55-23-29-41-5 = 1.0,5-22-40-36-5 = 1.0,5-37-28-17-5 = 0.8,5-12-42-4 = 1.0,5-37-6-17-5 = 0.2,5-16-9-45-5 = 0.5,4-25-20-10-4 = 0.7,4-39-19-27-21-4 = 1.0,4-38-46-4 = 0.3,4-38-46-8-4 = 0.7,4-18-15-24-43-5 = 0.3,4-18-15-24-43-14-4 = 0.7,5-6-28-49-48-5 = 0.2,4-34-13-7-4 = 1.0,5-6-16-44-53-4 = 0.2,5-6-51-9-45-5 = 0.2,5-31-16-44-53-4 = 0.2,5-51-30-11-5 = 0.3,5-51-11-33-5 = 0.5,5-9-11-33-5 = 0.2,4-20-10-44-53-4 = 0.3,4-26-32-30-5 = 0.7,4-25-26-14-4 = 0.3,4-32-44-53-33-5 = 0.3,5-47-35-31-49-48-5 = 0.8,4-16-9-45-5 = 0.1,5-6-35-47-45-5 = 0.2
550,546,870.42,7.917,0.432,-0.861,Prune by UB,,5-55-23-29-41-5 = 1.0,5-22-40-36-5 = 1.0,5-37-9-11-5 = 0.417,5-12-42-4 = 1.0,5-28-31-49-48-5 = 0.667,5-37-6-17-5 = 0.583,4-25-20-10-4 = 0.333,4-39-19-27-21-4 = 0.333,4-38-46-8-4 = 1.0,5-45-33-5 = 0.708,4-18-15-24-43-5 = 1.0,4-25-34-53-4 = 0.292,4-10-32-30-14-4 = 0.583,4-34-13-7-4 = 0.333,4-44-54-52-4 = 0.667,4-20-13-7-4 = 0.667,5-28-17-48-5 = 0.333,5-35-47-16-11-5 = 0.125,5-35-47-16-10-4 = 0.083,5-35-47-16-31-49-5 = 0.333,5-35-47-16-51-9-5 = 0.208,5-35-47-16-9-17-5 = 0.083,5-35-47-16-51-32-14-4 = 0.042,4-39-50-19-21-4 = 0.667,4-50-27-44-53-4 = 0.333,5-6-51-9-45-5 = 0.292,5-51-30-11-5 = 0.167,5-51-11-33-5 = 0.292,5-6-47-35-16-32-4 = 0.125,4-26-34-53-4 = 0.375,4-26-32-30-5 = 0.25,4-25-26-14-4 = 0.375,4-27-52-54-4 = 0.333
493,376,870.24,8.489,0.257,0.35,679,680,4-8-4 = 0.389,5-55-23-29-41-5 = 1.0,5-22-40-36-5 = 1.0,5-37-28-17-5 = 0.778,5-12-42-4 = 1.0,5-37-6-17-5 = 0.222,5-16-9-45-5 = 0.633,4-46-19-27-7-4 = 0.2,4-25-20-10-4 = 0.533,4-25-20-13-4 = 0.2,4-38-46-4 = 0.189,4-38-46-8-4 = 0.611,5-45-33-5 = 0.111,4-18-15-24-43-5 = 0.433,4-18-15-24-43-14-4 = 0.567,5-6-28-49-48-5 = 0.222,4-25-34-53-4 = 0.189,4-10-32-30-14-4 = 0.356,4-34-13-7-4 = 0.533,5-6-31-16-53-4 = 0.222,4-44-54-52-4 = 0.8,4-20-13-7-4 = 0.267,4-39-50-27-21-4 = 0.4,4-39-50-19-21-4 = 0.6,5-6-51-9-45-5 = 0.111,5-51-11-33-5 = 0.778,5-51-16-45-5 = 0.111,4-38-19-27-44-53-4 = 0.2,5-6-35-47-9-11-5 = 0.222,4-10-53-33-5 = 0.111,4-26-34-53-4 = 0.278,4-26-32-30-5 = 0.644,4-25-26-14-4 = 0.078,4-27-52-54-4 = 0.2,5-47-35-31-49-48-5 = 0.778,4-16-9-45-5 = 0.033
679,493,870.742,0.0,0.502,0.0,Prune by CG,,4-8-4 = 0.467,5-55-23-29-41-5 = 1.0,5-22-40-36-5 = 1.0,5-37-28-17-5 = 0.81,5-12-42-4 = 1.0,5-37-6-17-5 = 0.19,5-16-9-45-5 = 0.638,4-46-19-27-7-4 = 0.2,4-25-20-10-4 = 0.676,4-25-20-13-4 = 0.248,4-25-34-20-4 = 0.029,4-38-46-4 = 0.267,4-38-46-8-4 = 0.533,5-45-33-5 = 0.019,4-18-15-24-43-14-4 = 1.0,5-6-28-49-48-5 = 0.19,4-25-20-7-4 = 0.048,4-34-13-7-4 = 0.752,5-6-31-16-53-4 = 0.19,4-44-54-52-4 = 0.8,5-35-47-31-49-48-5 = 0.81,4-39-50-27-21-4 = 0.4,4-39-50-19-21-4 = 0.6,5-6-51-9-45-5 = 0.171,5-51-30-11-5 = 0.067,5-51-11-33-5 = 0.657,5-51-16-45-5 = 0.105,4-32-30-11-5 = 0.152,4-38-19-27-44-53-4 = 0.2,5-6-35-47-9-11-5 = 0.124,4-10-53-33-5 = 0.324,5-6-35-9-45-5 = 0.067,4-26-34-53-4 = 0.219,4-26-32-30-5 = 0.781,5-6-47-16-32-53-4 = 0.067,4-27-52-54-4 = 0.2
680,493,870.813,0.0,0.573,0.0,Prune by CG,,4-8-4 = 0.2,5-55-23-29-41-5 = 1.0,5-22-40-36-5 = 1.0,5-37-28-17-5 = 0.6,5-12-42-4 = 1.0,5-28-31-49-48-5 = 0.2,5-28-31-16-32-4 = 0.1,5-37-6-17-5 = 0.4,5-16-9-45-5 = 0.6,4-46-19-27-7-4 = 0.2,4-38-46-8-4 = 0.8,5-45-33-5 = 0.2,4-18-15-24-43-5 = 1.0,5-6-28-49-48-5 = 0.1,4-25-34-53-4 = 0.5,4-10-16-51-9-5 = 0.1,4-10-32-30-14-4 = 0.7,4-34-20-13-4 = 0.2,4-44-54-52-4 = 0.8,4-20-13-7-4 = 0.8,5-35-47-31-49-48-5 = 0.7,4-39-50-27-21-4 = 0.4,4-39-50-19-21-4 = 0.6,5-51-30-11-5 = 0.1,5-51-11-33-5 = 0.8,4-38-19-27-44-53-4 = 0.2,5-6-47-16-10-4 = 0.2,5-6-35-47-9-11-5 = 0.1,5-6-35-9-45-5 = 0.2,4-26-25-4 = 0.2,4-26-34-53-4 = 0.3,4-26-32-30-5 = 0.2,4-25-26-14-4 = 0.3,4-27-52-54-4 = 0.2
322,288,870.187,4.778,0.895,0.778,681,682,4-8-4 = 0.241,4-50-52-54-4 = 1.0,5-55-23-29-41-5 = 1.0,5-22-40-36-5 = 1.0,5-12-26-4 = 0.111,5-37-9-11-5 = 0.111,4-39-19-27-21-4 = 1.0,4-38-46-4 = 0.241,4-38-46-8-4 = 0.759,5-33-45-5 = 1.0,4-18-15-24-43-14-4 = 0.556,5-6-28-49-48-5 = 0.722,5-6-28-31-17-5 = 0.278,4-25-32-42-4 = 1.0,4-10-13-7-4 = 0.074,4-34-13-7-4 = 0.852,4-34-20-10-4 = 0.148,4-20-13-7-4 = 0.074,5-35-47-16-31-49-5 = 0.056,5-35-47-16-9-17-5 = 0.667,5-35-47-31-16-9-5 = 0.056,5-35-47-31-49-48-5 = 0.222,5-31-16-44-53-4 = 0.222,5-51-30-11-5 = 0.889,5-9-31-17-48-5 = 0.056,4-20-10-44-53-4 = 0.778,5-31-9-51-30-4 = 0.111,4-26-24-5 = 0.444,5-12-37-5 = 0.889,4-26-18-15-43-14-4 = 0.444
681,322,870.886,0.0,0.699,0.0,Prune by CG,,4-8-4 = 0.28,4-50-52-54-4 = 1.0,5-55-23-29-41-5 = 1.0,5-22-40-36-5 = 1.0,5-12-26-4 = 0.12,5-37-9-11-5 = 0.24,5-37-51-9-17-5 = 0.12,5-37-35-47-51-32-4 = 0.04,4-39-19-27-21-4 = 1.0,4-38-46-4 = 0.28,4-38-46-8-4 = 0.72,4-26-34-20-4 = 0.36,5-45-33-5 = 1.0,4-18-15-24-43-14-4 = 1.0,5-6-28-49-48-5 = 0.68,5-6-28-31-17-5 = 0.32,4-25-32-42-4 = 0.86,4-10-13-7-4 = 0.36,4-34-13-7-4 = 0.64,4-42-30-5 = 0.14,5-35-47-16-51-9-5 = 0.08,5-35-47-16-9-17-5 = 0.56,5-35-47-31-49-48-5 = 0.32,5-31-16-44-53-4 = 0.36,5-51-30-11-5 = 0.76,4-20-10-44-53-4 = 0.64,4-26-25-4 = 0.14,4-26-32-30-5 = 0.1,5-12-37-5 = 0.6,4-26-12-5 = 0.28
682,322,872.531,0.0,2.344,0.0,Prune by CG,,4-8-4 = 0.25,4-50-52-54-4 = 1.0,5-55-23-29-41-5 = 1.0,5-22-40-36-5 = 1.0,5-12-24-5 = 0.5,4-39-19-27-21-4 = 1.0,4-38-46-4 = 0.25,4-38-46-8-4 = 0.75,5-45-33-5 = 1.0,5-6-28-49-48-5 = 0.75,5-6-28-31-17-5 = 0.25,4-25-32-42-4 = 1.0,4-34-13-7-4 = 1.0,5-35-47-16-31-49-5 = 0.25,5-35-47-16-9-17-5 = 0.5,5-35-47-31-16-9-5 = 0.25,5-51-30-11-5 = 1.0,5-9-31-17-48-5 = 0.25,5-37-24-5 = 0.5,4-20-10-44-53-4 = 1.0,5-12-37-5 = 0.5,4-26-18-15-43-14-4 = 1.0
529,349,870.304,7.091,0.495,-0.014,Prune by UB,,4-8-4 = 0.182,4-50-52-54-4 = 0.5,5-55-23-29-41-5 = 1.0,5-37-48-5 = 1.0,5-22-40-36-5 = 1.0,5-12-45-5 = 0.045,5-17-49-53-33-5 = 0.136,5-11-32-42-4 = 0.045,5-11-45-49-5 = 0.091,5-12-35-31-49-5 = 0.136,4-25-34-20-4 = 1.0,4-39-19-27-44-49-5 = 0.5,4-38-46-4 = 0.182,4-38-46-8-4 = 0.818,5-33-45-5 = 0.864,4-18-15-24-43-4 = 0.273,4-18-15-24-43-5 = 0.409,4-18-15-24-43-14-4 = 0.318,4-26-12-14-4 = 0.682,4-26-42-32-4 = 0.318,4-13-7-27-21-4 = 0.5,4-10-13-7-4 = 0.5,4-10-32-42-4 = 0.5,5-6-9-16-53-4 = 0.864,4-42-30-5 = 0.136,4-44-54-52-4 = 0.5,5-28-35-47-31-17-5 = 0.864,4-39-50-19-21-4 = 0.5,5-51-30-11-5 = 0.864,5-6-9-51-16-32-4 = 0.136,5-12-47-28-49-5 = 0.136
397,391,870.486,3.727,0.846,-1.182,Prune by UB,,4-8-4 = 0.091,4-50-52-54-4 = 1.0,5-55-23-29-41-5 = 1.0,5-22-40-36-5 = 1.0,5-28-31-49-48-5 = 0.636,5-37-6-17-5 = 1.0,4-25-34-20-4 = 1.0,4-39-19-27-21-4 = 1.0,4-38-46-4 = 0.091,4-38-46-8-4 = 0.909,5-45-33-5 = 0.455,4-18-15-24-43-4 = 1.0,4-26-12-14-4 = 1.0,4-10-13-7-4 = 1.0,4-42-30-4 = 0.091,4-42-30-5 = 0.909,5-28-35-47-9-51-32-4 = 0.364,5-35-16-44-53-4 = 0.182,5-35-47-31-49-48-5 = 0.364,5-35-47-9-45-5 = 0.091,5-51-16-44-53-4 = 0.636,5-9-11-33-5 = 0.545,4-32-11-45-5 = 0.455,5-47-16-32-44-53-4 = 0.182
428,392,869.912,7.979,0.172,2.812,683,684,4-8-4 = 0.156,4-50-52-54-4 = 1.0,5-55-23-29-41-5 = 1.0,5-22-40-36-5 = 1.0,5-37-28-17-5 = 0.354,4-25-34-20-4 = 0.875,4-39-19-21-4 = 0.125,4-39-19-27-21-4 = 0.75,4-39-19-27-44-49-5 = 0.125,4-38-46-4 = 0.156,4-38-46-8-4 = 0.844,5-33-45-5 = 0.5,4-18-15-24-43-5 = 1.0,5-6-28-49-48-5 = 0.406,4-26-12-14-4 = 0.354,4-26-42-32-4 = 0.646,4-25-34-53-4 = 0.125,4-13-7-27-21-4 = 0.125,4-10-13-7-4 = 0.75,4-10-32-30-14-4 = 0.25,5-6-17-48-5 = 0.354,5-6-16-44-53-4 = 0.135,4-42-30-5 = 0.25,4-20-13-7-4 = 0.125,5-28-35-47-31-17-5 = 0.24,5-35-47-16-31-49-5 = 0.125,5-35-47-31-49-48-5 = 0.24,5-31-16-44-53-4 = 0.344,5-51-11-33-5 = 0.5,5-51-16-44-53-4 = 0.396,5-9-30-11-5 = 0.5,5-12-37-5 = 0.646,5-6-17-49-45-5 = 0.052,5-47-35-9-45-14-4 = 0.396,5-6-31-49-45-5 = 0.052,5-9-51-32-42-4 = 0.104
683,428,870.285,0.0,0.373,0.0,Prune by CG,,4-8-4 = 0.123,4-50-52-54-4 = 1.0,5-55-23-29-41-5 = 1.0,5-22-40-36-5 = 1.0,5-37-28-17-5 = 0.654,5-37-51-11-5 = 0.025,4-25-34-20-4 = 0.938,4-39-19-21-4 = 0.062,4-39-19-27-21-4 = 0.877,4-39-19-27-44-49-5 = 0.062,4-38-46-4 = 0.123,4-38-46-8-4 = 0.877,5-45-33-5 = 1.0,4-18-15-24-43-5 = 1.0,5-6-28-49-48-5 = 0.346,4-26-12-14-4 = 0.79,4-26-42-32-4 = 0.21,4-25-34-53-4 = 0.062,4-13-7-27-21-4 = 0.062,4-10-13-7-4 = 0.877,4-10-32-42-4 = 0.123,5-6-17-48-5 = 0.235,5-6-16-44-53-4 = 0.309,4-42-30-5 = 0.111,4-20-13-7-4 = 0.062,5-35-47-16-31-49-5 = 0.173,5-35-47-31-49-48-5 = 0.42,5-37-47-31-17-5 = 0.111,5-31-16-44-53-4 = 0.185,5-51-16-44-53-4 = 0.333,5-9-30-11-5 = 0.568,4-32-30-11-5 = 0.321,5-12-37-5 = 0.21,5-9-51-32-42-4 = 0.346,5-6-35-31-44-53-4 = 0.111,5-35-47-51-42-14-4 = 0.21,5-35-47-9-51-11-5 = 0.086
684,428,870.005,7.75,0.093,-0.229,685,686,4-8-4 = 0.125,4-50-52-54-4 = 1.0,5-55-23-29-41-5 = 1.0,5-22-40-36-5 = 1.0,5-37-28-17-5 = 0.5,5-16-9-45-5 = 0.125,4-25-34-20-4 = 0.75,4-39-19-21-4 = 0.25,4-39-19-27-21-4 = 0.5,4-39-19-27-44-49-5 = 0.25,4-38-46-4 = 0.125,4-38-46-8-4 = 0.875,4-18-15-24-43-4 = 1.0,5-6-28-49-48-5 = 0.5,4-26-12-14-4 = 0.5,4-26-42-32-4 = 0.5,4-25-34-53-4 = 0.25,4-13-7-27-21-4 = 0.25,4-10-13-7-4 = 0.5,4-10-32-30-14-4 = 0.5,5-6-17-48-5 = 0.375,4-42-30-5 = 0.5,4-20-13-7-4 = 0.25,5-35-47-16-9-17-5 = 0.125,5-35-47-31-49-48-5 = 0.125,5-35-47-9-45-5 = 0.75,5-31-16-44-53-4 = 0.75,5-51-11-33-5 = 1.0,5-12-37-5 = 0.5,5-6-31-49-45-5 = 0.125
685,684,871.355,0.0,1.35,0.0,Prune by CG,,4-8-4 = 0.197,4-50-52-54-4 = 1.0,5-55-23-29-41-5 = 1.0,5-22-40-36-5 = 1.0,5-12-45-5 = 0.211,5-37-28-17-5 = 1.0,5-16-9-45-5 = 0.053,4-25-34-20-4 = 0.921,4-39-19-27-21-4 = 1.0,4-38-46-4 = 0.197,4-38-46-8-4 = 0.803,4-18-15-24-43-5 = 1.0,4-26-12-14-4 = 0.789,4-26-42-32-4 = 0.211,4-10-13-7-4 = 0.921,4-10-32-30-14-4 = 0.079,5-6-16-44-53-4 = 0.947,4-42-30-5 = 0.303,4-20-13-7-4 = 0.079,5-35-47-31-49-48-5 = 0.947,5-45-30-5 = 0.566,5-51-11-33-5 = 0.526,5-9-11-33-5 = 0.421,4-32-30-11-5 = 0.053,4-32-44-53-33-5 = 0.053,5-47-35-9-45-14-4 = 0.053,4-42-45-5 = 0.013,5-6-31-49-45-5 = 0.053,5-9-51-32-42-4 = 0.474,4-25-34-32-14-4 = 0.079,4-32-45-48-5 = 0.053
686,684,870.679,0.0,0.673,0.0,Prune by CG,,4-8-4 = 0.194,4-50-52-54-4 = 1.0,5-55-23-29-41-5 = 1.0,5-22-40-36-5 = 1.0,5-37-51-9-17-5 = 0.097,4-25-34-20-4 = 0.839,4-39-19-21-4 = 0.161,4-39-19-27-21-4 = 0.677,4-39-19-27-44-49-5 = 0.161,4-38-46-4 = 0.194,4-38-46-8-4 = 0.806,4-18-15-24-43-4 = 0.29,4-18-15-24-43-5 = 0.71,5-6-28-49-48-5 = 0.645,4-26-12-14-4 = 0.323,4-26-42-32-4 = 0.677,4-25-34-53-4 = 0.161,4-13-7-27-21-4 = 0.161,4-10-13-7-4 = 0.677,4-10-32-30-14-4 = 0.323,5-6-17-48-5 = 0.258,4-42-30-5 = 0.323,4-20-13-7-4 = 0.161,5-28-35-47-31-17-5 = 0.355,5-35-16-44-53-4 = 0.032,5-35-47-16-9-17-5 = 0.161,5-35-47-31-49-48-5 = 0.097,5-45-30-5 = 0.355,5-37-47-31-17-5 = 0.032,5-31-16-44-53-4 = 0.516,5-51-11-33-5 = 0.613,5-51-16-44-53-4 = 0.29,5-9-11-33-5 = 0.387,5-37-12-5 = 0.677,5-6-17-49-45-5 = 0.097,5-35-47-9-45-14-4 = 0.355,5-37-45-5 = 0.194
445,386,870.267,7.8,0.437,0.371,Prune by UB,,4-8-4 = 0.4,4-50-52-54-4 = 0.4,5-55-23-29-41-5 = 1.0,5-37-48-5 = 1.0,5-22-40-36-5 = 1.0,5-12-42-4 = 1.0,5-28-31-45-5 = 0.2,5-16-9-45-5 = 0.6,4-25-20-10-4 = 0.2,4-25-34-20-4 = 0.4,4-39-19-27-44-49-5 = 0.4,4-38-46-8-4 = 0.6,4-38-46-19-21-4 = 0.2,4-38-46-19-27-21-4 = 0.2,4-18-15-24-43-5 = 0.2,4-18-15-24-43-14-4 = 0.8,4-25-34-53-4 = 0.4,4-10-13-7-4 = 0.6,4-10-32-30-14-4 = 0.2,4-44-54-52-4 = 0.6,4-20-13-7-4 = 0.4,4-39-50-27-21-4 = 0.4,4-39-50-19-21-4 = 0.2,5-51-11-33-5 = 1.0,5-9-16-31-17-5 = 0.4,5-6-35-47-28-17-5 = 0.6,4-26-34-53-4 = 0.2,4-26-32-30-5 = 0.8,5-6-35-47-31-49-53-4 = 0.4,5-28-49-45-5 = 0.2
516,473,870.391,6.149,0.553,-0.422,Prune by UB,,4-8-4 = 0.249,4-50-52-54-4 = 0.625,5-55-23-29-41-5 = 1.0,5-22-40-36-5 = 1.0,5-17-49-53-33-5 = 0.268,5-28-31-49-48-5 = 0.004,5-11-33-14-4 = 0.004,4-25-34-20-4 = 0.946,4-39-19-27-21-4 = 0.812,4-38-46-4 = 0.249,4-38-46-8-4 = 0.751,5-45-33-5 = 0.337,4-18-15-24-43-5 = 1.0,5-6-28-49-48-5 = 0.632,4-26-42-32-4 = 1.0,4-25-34-53-4 = 0.054,4-10-13-7-4 = 1.0,5-6-16-31-17-5 = 0.368,4-44-54-52-4 = 0.375,5-28-17-48-5 = 0.268,5-28-47-35-31-17-5 = 0.096,5-35-47-31-49-48-5 = 0.096,4-39-50-19-21-4 = 0.188,4-50-27-44-53-14-4 = 0.188,5-31-16-44-53-4 = 0.437,5-51-30-11-5 = 0.659,5-9-11-33-5 = 0.337,5-12-37-5 = 1.0,5-47-35-9-45-14-4 = 0.467,5-47-35-51-30-14-4 = 0.341,4-20-53-33-5 = 0.054,4-16-9-45-5 = 0.195
371,309,869.958,7.133,0.541,2.133,687,688,4-8-4 = 0.267,5-55-23-29-41-5 = 1.0,5-37-48-5 = 0.6,5-22-40-36-5 = 1.0,5-17-48-5 = 0.2,5-17-49-53-33-5 = 0.8,5-28-31-45-5 = 0.8,5-28-31-49-48-5 = 0.2,4-46-19-27-7-4 = 0.2,4-25-20-10-4 = 0.667,4-38-46-4 = 0.067,4-38-46-8-4 = 0.733,5-45-33-5 = 0.2,4-18-15-24-43-4 = 0.6,4-18-15-24-43-14-4 = 0.4,4-26-12-14-4 = 0.6,4-26-42-32-4 = 0.4,4-25-20-7-4 = 0.067,4-25-32-42-4 = 0.267,4-10-32-42-4 = 0.333,4-34-13-7-4 = 0.733,4-34-20-13-4 = 0.267,4-44-54-52-4 = 0.8,4-39-50-27-21-4 = 0.4,4-39-50-19-21-4 = 0.6,5-51-30-11-5 = 1.0,4-38-19-27-44-53-4 = 0.2,5-6-47-35-16-9-5 = 1.0,4-27-52-54-4 = 0.2,5-37-12-5 = 0.4
687,371,871.059,0.0,1.101,0.0,Prune by CG,,4-8-4 = 0.286,5-55-23-29-41-5 = 1.0,5-22-40-36-5 = 1.0,5-17-48-5 = 0.5,5-17-49-53-33-5 = 0.5,5-28-31-45-5 = 0.5,5-28-31-49-48-5 = 0.5,4-46-19-27-7-4 = 0.214,4-25-20-10-4 = 0.786,4-38-46-4 = 0.071,4-38-46-8-4 = 0.714,5-45-33-5 = 0.5,4-18-15-24-43-14-4 = 1.0,4-26-42-32-4 = 1.0,4-34-13-7-4 = 0.786,4-34-20-13-4 = 0.214,4-44-54-52-4 = 0.786,4-53-54-52-4 = 0.071,4-39-50-27-21-4 = 0.429,4-39-50-19-21-4 = 0.571,5-51-30-11-5 = 1.0,4-38-19-27-44-53-4 = 0.214,5-6-47-35-16-9-5 = 1.0,4-27-52-54-4 = 0.143,5-37-12-5 = 1.0,4-25-10-53-4 = 0.214
688,371,870.299,0.0,0.34,0.0,Prune by CG,,4-8-4 = 0.2,5-55-23-29-41-5 = 1.0,5-37-48-5 = 0.8,5-37-17-5 = 0.2,5-22-40-36-5 = 1.0,5-17-49-53-33-5 = 0.8,5-28-31-45-5 = 0.8,5-28-31-49-48-5 = 0.2,4-46-19-27-7-4 = 0.2,4-25-20-10-4 = 0.4,4-38-46-8-4 = 0.8,5-45-33-5 = 0.2,4-18-15-24-43-4 = 1.0,4-26-12-14-4 = 1.0,4-25-20-7-4 = 0.2,4-25-32-42-4 = 0.4,4-10-32-42-4 = 0.6,4-34-13-7-4 = 0.6,4-34-20-13-4 = 0.4,4-44-54-52-4 = 0.8,4-39-50-27-21-4 = 0.4,4-39-50-19-21-4 = 0.6,5-51-30-11-5 = 1.0,4-38-19-27-44-53-4 = 0.2,5-6-47-35-16-9-5 = 1.0,4-27-52-54-4 = 0.2
374,301,870.475,5.983,0.742,-0.713,Prune by UB,,4-8-4 = 0.342,5-55-23-29-41-5 = 1.0,5-22-40-36-5 = 1.0,5-37-28-17-5 = 0.783,5-12-42-4 = 1.0,5-37-6-17-5 = 0.217,5-16-9-45-5 = 0.667,4-25-34-20-4 = 0.75,4-39-19-27-21-4 = 0.25,4-38-46-4 = 0.342,4-38-46-8-4 = 0.658,5-45-33-5 = 0.042,4-18-15-24-43-14-4 = 1.0,5-6-28-49-48-5 = 0.217,4-25-34-53-4 = 0.25,4-10-13-7-4 = 1.0,5-6-31-16-53-4 = 0.217,4-44-54-52-4 = 0.75,4-39-50-27-21-4 = 0.25,4-39-50-19-21-4 = 0.5,5-6-51-9-45-5 = 0.117,5-51-30-11-5 = 0.092,5-51-11-33-5 = 0.708,5-51-16-45-5 = 0.083,5-6-35-47-9-11-5 = 0.2,4-50-19-27-44-53-4 = 0.25,5-6-35-9-45-5 = 0.017,4-26-16-53-4 = 0.017,4-26-32-30-5 = 0.908,4-26-32-45-5 = 0.075,5-6-47-16-32-53-4 = 0.017,4-27-52-54-4 = 0.25,5-47-35-31-49-48-5 = 0.783,4-20-53-33-5 = 0.25
342,174,870.26,9.333,1.08,0.667,Prune by UB,,5-55-23-29-41-5 = 1.0,5-22-40-36-5 = 1.0,5-37-28-17-5 = 0.333,5-12-24-5 = 0.333,5-28-31-49-48-5 = 0.333,4-25-20-10-4 = 0.333,4-39-19-27-21-4 = 0.333,4-38-46-8-4 = 1.0,5-33-45-5 = 0.667,4-18-15-24-43-14-4 = 0.5,4-25-34-53-4 = 0.667,4-10-32-42-4 = 0.667,4-34-13-7-4 = 0.333,5-6-17-48-5 = 0.333,5-6-9-51-30-4 = 0.167,4-42-30-4 = 0.167,4-44-54-52-4 = 0.667,4-20-13-7-4 = 0.667,5-28-17-48-5 = 0.333,5-35-47-16-11-5 = 0.333,5-35-47-16-31-49-5 = 0.667,4-39-50-19-21-4 = 0.667,4-50-27-44-53-4 = 0.333,5-6-51-9-45-5 = 0.333,5-51-30-11-5 = 0.333,5-9-11-33-5 = 0.333,4-26-32-30-4 = 0.167,4-26-32-30-5 = 0.167,4-26-24-5 = 0.167,4-27-52-54-4 = 0.333,5-37-12-5 = 0.667,5-6-9-51-42-4 = 0.167,4-26-18-15-43-14-4 = 0.5
530,349,870.334,7.273,0.525,0.167,Prune by UB,,4-8-4 = 0.136,4-50-52-54-4 = 0.727,5-55-23-29-41-5 = 1.0,5-37-48-5 = 1.0,5-22-40-36-5 = 1.0,5-17-49-53-33-5 = 0.182,5-11-32-42-4 = 0.136,4-25-34-20-4 = 1.0,4-39-19-27-21-4 = 0.455,4-39-19-27-44-49-5 = 0.273,4-38-46-4 = 0.136,4-38-46-8-4 = 0.864,5-33-45-5 = 0.818,4-18-15-24-43-4 = 0.136,4-18-15-24-43-5 = 0.682,4-18-15-24-43-14-4 = 0.182,5-6-28-31-17-5 = 0.364,4-26-12-14-4 = 0.818,4-26-42-32-4 = 0.182,4-13-7-27-21-4 = 0.273,4-10-13-7-4 = 0.727,4-10-32-42-4 = 0.273,4-42-30-5 = 0.136,4-44-54-52-4 = 0.273,5-28-35-47-31-17-5 = 0.273,5-35-47-16-9-17-5 = 0.182,5-35-47-9-16-53-4 = 0.364,4-39-50-19-21-4 = 0.273,5-51-30-11-5 = 0.727,4-32-30-11-5 = 0.136,5-9-16-44-53-4 = 0.455,5-12-47-28-49-5 = 0.182,5-6-31-49-45-5 = 0.182,5-6-28-35-31-49-5 = 0.182,5-6-51-32-42-4 = 0.273
323,285,870.362,3.667,1.047,-0.0,Prune by UB,,4-8-4 = 0.167,4-50-52-54-4 = 1.0,5-55-23-29-41-5 = 1.0,5-22-40-36-5 = 1.0,5-37-28-17-5 = 1.0,4-25-20-13-4 = 0.333,4-25-34-20-4 = 0.333,4-39-19-27-21-4 = 1.0,4-38-46-4 = 0.167,4-38-46-8-4 = 0.833,5-45-33-5 = 0.667,4-18-15-24-43-5 = 1.0,4-26-12-14-4 = 1.0,4-25-20-7-4 = 0.333,4-10-32-42-4 = 1.0,4-34-13-7-4 = 0.667,5-35-16-44-53-4 = 1.0,5-51-30-11-5 = 0.667,5-9-30-11-5 = 0.167,5-9-11-33-5 = 0.167,5-6-47-31-49-48-5 = 0.833,5-6-47-9-45-5 = 0.167,5-31-9-51-30-5 = 0.167,5-9-33-48-5 = 0.167,5-51-9-45-49-5 = 0.167
251,182,870.397,7.444,1.476,-0.139,Prune by UB,,4-8-4 = 0.111,5-55-23-29-41-5 = 1.0,5-22-40-36-5 = 1.0,5-37-28-17-5 = 1.0,5-16-9-45-5 = 0.222,5-16-32-42-4 = 0.222,4-25-34-20-4 = 0.556,4-39-19-27-21-4 = 0.222,4-38-46-4 = 0.111,4-38-46-8-4 = 0.889,4-18-15-24-43-4 = 1.0,4-26-12-14-4 = 1.0,4-25-34-53-4 = 0.444,4-10-13-7-4 = 0.556,4-10-32-42-4 = 0.444,5-6-16-44-53-4 = 0.333,4-42-30-4 = 0.111,4-42-30-5 = 0.222,4-44-54-52-4 = 0.444,4-20-13-7-4 = 0.444,5-35-16-45-5 = 0.111,5-35-47-31-49-48-5 = 0.889,4-39-50-19-21-4 = 0.778,4-50-27-44-53-4 = 0.222,5-6-51-9-45-5 = 0.556,5-51-11-33-5 = 0.444,5-9-11-33-5 = 0.222,4-32-30-11-5 = 0.333,5-33-30-5 = 0.333,4-27-52-54-4 = 0.556,5-6-31-49-48-5 = 0.111,5-47-16-45-5 = 0.111
569,567,869.975,6.9,0.376,2.746,689,690,4-8-4 = 0.2,4-50-52-54-4 = 1.0,5-55-23-29-41-5 = 1.0,5-22-40-36-5 = 1.0,5-37-28-17-5 = 0.75,5-28-31-49-48-5 = 0.25,4-25-34-20-4 = 0.75,4-39-19-27-21-4 = 1.0,4-38-46-4 = 0.2,4-38-46-8-4 = 0.8,4-26-42-14-4 = 0.05,5-33-45-5 = 0.9,4-18-15-24-43-4 = 0.9,4-18-15-24-43-5 = 0.1,4-26-12-14-4 = 0.75,4-26-42-32-4 = 0.2,4-25-34-53-4 = 0.25,4-10-13-7-4 = 0.65,4-10-32-30-14-4 = 0.2,5-6-9-51-33-5 = 0.1,4-42-30-5 = 0.2,4-20-13-7-4 = 0.1,5-35-47-16-11-5 = 0.5,5-35-47-31-49-48-5 = 0.5,5-6-51-9-45-5 = 0.1,5-31-16-44-53-4 = 0.25,5-51-16-44-53-4 = 0.25,4-32-30-11-5 = 0.5,4-20-10-44-53-4 = 0.15,4-32-30-44-53-4 = 0.1,5-12-37-5 = 0.25,5-6-9-51-42-4 = 0.55,5-6-9-17-48-5 = 0.25,4-13-7-44-49-5 = 0.25
689,569,871.028,0.0,1.053,0.0,Prune by CG,,4-8-4 = 0.217,4-50-52-54-4 = 1.0,5-55-23-29-41-5 = 1.0,5-22-40-36-5 = 1.0,5-37-28-17-5 = 0.391,5-11-32-42-4 = 0.13,5-28-31-49-48-5 = 0.391,4-25-34-20-4 = 0.957,4-39-19-27-21-4 = 1.0,4-38-46-4 = 0.217,4-38-46-8-4 = 0.783,4-26-42-14-4 = 0.609,5-45-33-5 = 0.565,4-18-15-24-43-4 = 0.87,4-18-15-24-43-5 = 0.13,4-26-12-14-4 = 0.391,4-25-34-53-4 = 0.043,4-10-13-7-4 = 0.957,4-42-30-5 = 0.13,5-28-17-48-5 = 0.217,5-35-47-16-11-5 = 0.435,5-35-47-16-31-49-5 = 0.565,5-6-51-9-45-5 = 0.435,5-51-11-33-5 = 0.435,4-20-10-44-53-4 = 0.043,4-32-30-44-53-4 = 0.87,5-37-12-5 = 0.609,5-6-9-51-42-4 = 0.13,5-6-9-17-48-5 = 0.391,5-6-9-31-44-53-4 = 0.043,4-13-7-44-49-5 = 0.043
690,569,871.246,0.0,1.271,0.0,Prune by CG,,4-8-4 = 0.154,4-50-52-54-4 = 1.0,5-55-23-29-41-5 = 1.0,5-22-40-36-5 = 1.0,5-37-28-17-5 = 0.846,5-11-32-42-4 = 0.154,4-25-34-20-4 = 1.0,4-39-19-27-21-4 = 1.0,4-38-46-4 = 0.154,4-38-46-8-4 = 0.846,4-26-42-14-4 = 0.154,5-45-33-5 = 1.0,4-18-15-24-43-4 = 0.385,4-18-15-24-43-5 = 0.615,4-26-12-14-4 = 0.846,4-10-13-7-4 = 0.923,5-6-9-16-53-4 = 0.231,4-42-30-5 = 0.154,5-28-35-47-44-53-4 = 0.154,5-31-16-44-53-4 = 0.154,5-51-16-44-53-4 = 0.462,4-32-30-11-5 = 0.846,5-37-12-5 = 0.154,5-6-9-51-42-4 = 0.538,5-47-35-31-49-48-5 = 0.846,5-6-9-17-48-5 = 0.154,4-13-7-44-49-5 = 0.077,4-10-16-44-49-5 = 0.077,5-6-9-16-44-4 = 0.077
592,337,870.255,6.556,0.104,0.889,691,692,4-8-4 = 0.056,5-55-23-29-41-5 = 1.0,5-22-40-36-5 = 1.0,5-37-9-11-5 = 0.333,5-11-32-42-4 = 0.056,5-28-31-49-48-5 = 0.667,5-37-6-17-5 = 0.667,4-25-34-20-4 = 1.0,4-39-19-27-21-4 = 0.333,4-38-46-4 = 0.056,4-38-46-8-4 = 0.944,5-33-45-5 = 1.0,4-18-15-24-43-4 = 0.611,4-18-15-24-43-5 = 0.389,4-26-12-14-4 = 1.0,4-10-13-7-4 = 1.0,4-42-30-5 = 0.389,4-44-54-52-4 = 0.667,5-28-17-48-5 = 0.333,5-35-47-16-31-49-5 = 0.333,5-35-47-16-32-53-4 = 0.222,4-39-50-19-21-4 = 0.667,4-50-27-44-53-4 = 0.333,5-9-30-11-5 = 0.111,4-32-30-11-5 = 0.5,4-27-52-54-4 = 0.333,5-6-9-51-42-4 = 0.333,5-9-51-32-42-4 = 0.222,5-35-47-51-16-53-4 = 0.444
691,592,871.639,0.0,1.384,0.0,Prune by CG,,4-8-4 = 0.108,5-55-23-29-41-5 = 1.0,5-37-17-49-53-4 = 0.054,5-22-40-36-5 = 1.0,5-37-9-11-5 = 0.27,5-28-31-49-48-5 = 0.432,5-37-6-17-5 = 0.405,4-25-34-20-4 = 1.0,4-39-19-27-21-4 = 0.243,4-38-46-4 = 0.108,4-38-46-8-4 = 0.892,5-45-33-5 = 1.0,4-18-15-24-43-4 = 0.243,4-18-15-24-43-5 = 0.757,5-6-28-49-48-5 = 0.027,4-26-12-14-4 = 1.0,4-10-13-7-4 = 1.0,4-44-54-52-4 = 0.486,5-28-17-48-5 = 0.459,5-28-35-47-31-17-5 = 0.081,5-35-47-16-31-49-5 = 0.405,5-35-47-31-49-48-5 = 0.081,4-39-50-19-21-4 = 0.757,4-50-27-44-53-4 = 0.243,4-32-30-11-5 = 0.73,4-32-30-44-53-4 = 0.27,4-27-52-54-4 = 0.514,5-6-9-51-42-4 = 0.568,5-9-16-42-4 = 0.162,5-35-47-51-16-53-4 = 0.432,5-37-42-4 = 0.27
692,592,870.617,0.0,0.362,0.0,Prune by CG,,4-8-4 = 0.059,5-55-23-29-41-5 = 1.0,5-22-40-36-5 = 1.0,5-37-51-11-5 = 0.059,5-11-32-42-4 = 0.216,5-28-31-49-48-5 = 0.922,5-37-6-17-5 = 0.941,4-25-34-20-4 = 1.0,4-39-19-27-21-4 = 0.333,4-38-46-4 = 0.059,4-38-46-8-4 = 0.941,5-45-33-5 = 1.0,4-18-15-24-43-5 = 1.0,5-6-28-49-48-5 = 0.02,4-26-12-14-4 = 1.0,4-10-13-7-4 = 1.0,4-42-30-5 = 0.412,4-44-54-52-4 = 0.667,5-28-17-48-5 = 0.039,5-28-35-47-31-17-5 = 0.02,5-35-47-16-11-5 = 0.137,5-35-47-16-31-49-5 = 0.039,5-35-47-16-51-32-4 = 0.118,5-35-47-16-32-53-4 = 0.255,5-35-47-31-49-48-5 = 0.02,4-39-50-19-21-4 = 0.667,4-50-27-44-53-4 = 0.333,5-9-30-11-5 = 0.588,5-6-9-51-16-32-4 = 0.039,4-27-52-54-4 = 0.333,5-9-51-32-42-4 = 0.373,5-35-47-51-16-53-4 = 0.412
408,267,870.97,2.333,1.436,-4.224,Prune by UB,,4-8-4 = 0.333,4-50-52-54-4 = 1.0,5-55-23-29-41-5 = 1.0,5-22-40-36-5 = 1.0,4-25-20-10-4 = 0.333,4-25-20-13-4 = 0.333,4-39-19-27-21-4 = 1.0,4-38-46-4 = 0.333,4-38-46-8-4 = 0.667,5-45-33-5 = 1.0,4-18-15-24-43-14-4 = 1.0,4-26-42-32-4 = 1.0,4-25-20-7-4 = 0.333,4-10-13-7-4 = 0.667,5-6-16-44-53-4 = 1.0,4-34-35-47-28-49-5 = 1.0,5-51-30-11-5 = 1.0,5-9-31-17-48-5 = 1.0,5-37-12-5 = 1.0
385,201,870.373,8.871,0.886,0.149,Prune by UB,,4-8-4 = 0.387,4-50-52-54-4 = 0.387,5-55-23-29-41-5 = 1.0,5-37-48-5 = 1.0,5-22-40-36-5 = 1.0,5-17-49-53-33-5 = 0.097,5-12-42-4 = 1.0,5-28-31-16-32-4 = 0.258,4-25-20-10-4 = 0.452,4-25-34-20-4 = 0.097,4-39-19-27-44-49-5 = 0.387,4-38-46-8-4 = 0.613,4-38-46-19-21-4 = 0.161,4-38-46-19-27-21-4 = 0.226,5-45-33-5 = 0.258,4-18-15-24-43-5 = 0.194,4-18-15-24-43-14-4 = 0.806,4-25-34-53-4 = 0.452,4-10-13-7-4 = 0.548,4-44-54-52-4 = 0.613,4-20-13-7-4 = 0.452,4-39-50-27-21-4 = 0.387,4-39-50-19-21-4 = 0.226,5-51-30-11-5 = 0.742,5-9-11-33-5 = 0.258,5-9-16-31-17-5 = 0.161,5-6-47-16-31-49-5 = 0.258,5-6-47-35-28-17-5 = 0.742,4-26-34-53-4 = 0.452,4-26-32-33-5 = 0.387,4-26-32-45-5 = 0.161,5-35-31-49-45-5 = 0.258,5-31-9-51-30-5 = 0.065,5-9-51-32-30-14-4 = 0.194,4-16-9-45-5 = 0.323
446,386,870.159,8.861,0.329,1.432,693,694,4-8-4 = 0.376,4-50-52-54-4 = 0.38,5-55-23-29-41-5 = 1.0,5-37-48-5 = 1.0,5-22-40-36-5 = 1.0,5-17-49-53-33-5 = 0.101,5-12-42-4 = 1.0,5-28-31-45-5 = 0.025,5-28-31-16-32-4 = 0.165,4-25-20-10-4 = 0.302,4-25-34-20-4 = 0.171,4-39-19-27-21-4 = 0.07,4-39-19-27-44-49-5 = 0.31,4-38-46-4 = 0.065,4-38-46-8-4 = 0.624,4-38-46-19-27-21-4 = 0.31,4-18-15-24-43-5 = 0.226,4-18-15-24-43-14-4 = 0.774,4-25-34-53-4 = 0.527,4-10-13-7-4 = 0.473,4-10-32-30-14-4 = 0.226,4-44-54-52-4 = 0.62,4-20-13-7-4 = 0.527,4-39-50-27-21-4 = 0.31,4-39-50-19-21-4 = 0.31,5-31-16-44-53-4 = 0.07,5-51-11-33-5 = 0.361,5-51-16-45-5 = 0.576,5-9-30-11-5 = 0.165,5-9-11-33-5 = 0.475,5-6-47-16-31-49-5 = 0.19,5-6-47-35-28-17-5 = 0.81,4-26-34-53-4 = 0.302,4-26-32-30-5 = 0.61,4-26-35-31-17-5 = 0.089,5-9-31-49-45-5 = 0.297,5-35-31-49-45-5 = 0.101,5-31-9-51-33-5 = 0.063
693,446,871.26,0.0,1.101,0.0,Prune by CG,,4-8-4 = 0.412,4-50-52-54-4 = 0.333,5-55-23-29-41-5 = 1.0,5-37-48-5 = 1.0,5-22-40-36-5 = 1.0,5-17-49-53-33-5 = 0.216,5-12-42-4 = 1.0,5-28-31-45-5 = 0.275,5-28-31-16-32-4 = 0.078,4-25-20-10-4 = 0.176,4-25-34-20-4 = 0.216,4-39-19-27-44-49-5 = 0.333,4-38-46-4 = 0.078,4-38-46-8-4 = 0.588,4-38-46-19-27-21-4 = 0.333,4-18-15-24-43-5 = 0.176,4-18-15-24-43-14-4 = 0.824,4-25-34-53-4 = 0.608,4-10-13-7-4 = 0.392,4-10-32-30-14-4 = 0.176,4-44-54-52-4 = 0.667,4-20-13-7-4 = 0.608,4-39-50-27-21-4 = 0.333,4-39-50-19-21-4 = 0.333,5-51-16-45-5 = 0.627,5-9-30-11-5 = 0.333,5-9-11-33-5 = 0.667,5-6-47-16-31-49-5 = 0.294,5-6-35-47-28-17-5 = 0.647,4-26-34-53-4 = 0.176,4-26-32-30-5 = 0.49,4-26-35-31-17-5 = 0.078,5-35-31-49-45-5 = 0.098,5-35-31-51-33-5 = 0.118,5-6-35-47-31-17-49-5 = 0.059,4-26-51-10-32-4 = 0.255
694,446,872.887,0.0,2.728,0.0,Prune by CG,,4-8-4 = 0.345,4-50-52-54-4 = 0.564,5-55-23-29-41-5 = 1.0,5-37-48-5 = 1.0,5-22-40-36-5 = 1.0,5-17-49-53-33-5 = 0.236,5-12-42-4 = 1.0,4-25-34-20-4 = 0.855,4-39-19-27-21-4 = 0.345,4-39-19-27-44-49-5 = 0.218,4-38-46-4 = 0.127,4-38-46-8-4 = 0.655,4-38-46-19-27-21-4 = 0.218,4-18-15-24-43-14-4 = 1.0,4-25-34-53-4 = 0.145,4-10-13-7-4 = 0.855,4-44-54-52-4 = 0.436,4-20-13-7-4 = 0.145,5-35-31-9-33-5 = 0.073,4-39-50-27-21-4 = 0.218,4-39-50-19-21-4 = 0.218,5-31-16-44-53-4 = 0.345,5-51-11-33-5 = 0.691,5-51-16-45-5 = 0.109,4-32-30-11-5 = 0.309,5-6-47-16-31-49-5 = 0.273,5-6-35-47-28-17-5 = 0.727,4-26-16-53-4 = 0.273,4-26-32-30-4 = 0.055,4-26-32-30-5 = 0.636,4-26-9-31-17-5 = 0.036,5-9-31-49-45-5 = 0.273,5-35-51-9-45-5 = 0.2,4-10-9-45-5 = 0.145,5-28-9-45-5 = 0.273
345,167,870.379,7.762,1.036,0.206,Prune by UB,,4-8-4 = 0.214,5-55-23-29-41-5 = 1.0,5-37-48-5 = 0.429,5-22-40-36-5 = 1.0,5-37-28-17-5 = 0.429,5-17-49-53-33-5 = 0.286,5-12-42-4 = 1.0,5-28-31-49-48-5 = 0.571,4-25-34-20-4 = 0.667,4-39-19-27-21-4 = 0.333,4-38-46-4 = 0.214,4-38-46-8-4 = 0.786,4-26-34-20-4 = 0.143,5-33-45-5 = 0.262,4-18-15-24-43-14-4 = 1.0,4-25-34-53-4 = 0.19,4-10-13-7-4 = 1.0,4-44-54-52-4 = 0.667,5-35-16-31-17-5 = 0.143,5-35-47-16-11-5 = 0.452,5-35-47-16-31-49-5 = 0.143,5-37-47-31-17-5 = 0.143,4-39-50-19-21-4 = 0.667,4-50-27-44-53-4 = 0.333,5-6-51-9-45-5 = 0.738,5-9-11-33-5 = 0.262,4-32-30-11-5 = 0.286,5-6-47-35-16-51-5 = 0.262,4-26-25-4 = 0.143,4-26-32-30-4 = 0.19,4-26-32-30-5 = 0.524,4-27-52-54-4 = 0.333,4-20-53-33-5 = 0.19
303,166,870.457,6.937,1.238,-0.14,Prune by UB,,5-55-23-29-41-5 = 1.0,5-37-48-5 = 0.143,5-22-40-36-5 = 1.0,5-37-28-17-5 = 0.238,5-12-42-4 = 1.0,5-28-31-49-48-5 = 0.619,5-37-6-17-5 = 0.619,4-25-20-10-4 = 0.159,4-25-34-20-4 = 0.365,4-39-19-27-44-49-5 = 0.143,4-38-46-4 = 0.857,4-38-46-19-27-21-4 = 0.143,4-26-24-14-4 = 1.0,5-45-33-5 = 1.0,4-8-18-15-43-5 = 1.0,4-25-34-53-4 = 0.476,4-10-13-7-4 = 0.683,4-34-20-10-4 = 0.159,4-44-54-52-4 = 0.714,4-20-13-7-4 = 0.317,5-28-35-47-31-17-5 = 0.143,5-35-47-16-51-9-5 = 0.238,5-35-47-31-49-48-5 = 0.238,4-39-50-27-21-4 = 0.286,4-39-50-19-21-4 = 0.571,5-9-30-11-5 = 0.381,4-32-30-11-5 = 0.619,5-6-9-51-16-32-4 = 0.381,4-50-19-27-44-53-4 = 0.143,4-27-52-54-4 = 0.286,5-35-47-51-16-53-4 = 0.381
255,207,870.566,8.2,1.827,-0.863,Prune by UB,,5-55-23-29-41-5 = 1.0,5-22-40-36-5 = 1.0,5-12-30-4 = 0.2,5-28-31-49-48-5 = 0.2,5-37-6-17-5 = 0.2,4-25-34-20-4 = 0.4,4-39-19-27-21-4 = 0.3,4-38-46-8-4 = 1.0,4-26-42-14-4 = 1.0,5-45-33-5 = 0.5,4-18-15-24-43-4 = 1.0,5-6-28-49-48-5 = 0.1,4-25-34-53-4 = 0.6,4-10-13-7-4 = 0.5,4-10-32-30-4 = 0.3,4-44-54-52-4 = 0.6,4-20-13-7-4 = 0.5,5-28-17-48-5 = 0.6,5-28-35-47-31-17-5 = 0.1,5-35-47-16-10-4 = 0.1,5-35-47-16-31-49-5 = 0.6,5-35-47-16-9-17-5 = 0.1,5-35-47-31-49-48-5 = 0.1,4-39-50-19-21-4 = 0.7,4-50-27-44-53-4 = 0.3,5-6-51-9-45-5 = 0.5,5-51-11-33-5 = 0.3,5-9-11-33-5 = 0.2,4-32-30-11-5 = 0.5,5-6-9-51-16-32-4 = 0.2,4-20-10-44-53-4 = 0.1,4-27-52-54-4 = 0.4,5-12-37-5 = 0.8
259,148,870.333,7.542,1.595,0.875,Prune by UB,,4-8-4 = 0.125,5-55-23-29-41-5 = 1.0,5-22-40-36-5 = 1.0,5-17-49-53-33-5 = 0.083,5-28-31-49-48-5 = 0.729,5-37-6-17-5 = 0.458,5-16-9-45-5 = 0.146,4-25-20-10-4 = 1.0,4-39-19-27-21-4 = 0.333,4-38-46-4 = 0.125,4-38-46-8-4 = 0.875,4-26-42-14-4 = 0.396,5-45-33-5 = 0.563,4-18-15-24-43-4 = 0.104,4-18-15-24-43-5 = 0.896,5-37-35-47-9-32-4 = 0.146,4-26-12-14-4 = 0.604,4-34-13-7-4 = 1.0,4-42-30-5 = 0.354,4-44-54-52-4 = 0.667,5-28-17-48-5 = 0.271,5-35-47-16-32-53-4 = 0.583,5-35-47-31-16-32-4 = 0.271,4-39-50-19-21-4 = 0.667,4-50-27-44-53-4 = 0.333,5-6-51-9-45-5 = 0.104,5-51-30-11-5 = 0.646,5-9-11-33-5 = 0.354,4-27-52-54-4 = 0.333,5-12-37-5 = 0.396,5-6-17-49-45-5 = 0.187,5-6-9-51-42-4 = 0.25
412,409,870.527,3.444,0.936,-0.389,Prune by UB,,4-8-4 = 0.056,4-50-52-54-4 = 1.0,5-55-23-29-41-5 = 1.0,5-37-48-5 = 1.0,5-22-40-36-5 = 1.0,4-39-19-27-21-4 = 1.0,4-38-46-4 = 0.056,4-38-46-8-4 = 0.944,5-33-45-5 = 0.611,4-18-15-24-43-5 = 1.0,4-26-12-14-4 = 1.0,4-25-32-42-4 = 1.0,4-10-13-7-4 = 0.667,4-34-20-10-4 = 0.333,4-34-35-47-28-49-5 = 0.222,4-20-13-7-4 = 0.333,5-28-47-35-31-17-5 = 0.556,5-51-30-11-5 = 1.0,5-9-16-44-53-4 = 1.0,5-6-17-49-33-5 = 0.333,5-6-31-49-33-5 = 0.056,5-6-31-49-45-5 = 0.389,5-6-35-34-20-4 = 0.222,5-28-47-34-20-4 = 0.111,4-34-47-28-17-5 = 0.111
378,266,870.169,5.4,0.887,2.4,695,696,4-8-4 = 0.2,4-50-52-54-4 = 0.84,5-55-23-29-41-5 = 1.0,5-22-40-36-5 = 1.0,5-28-31-49-48-5 = 0.84,5-37-6-17-5 = 1.0,4-39-19-27-21-4 = 0.68,4-39-19-27-44-49-5 = 0.16,4-38-46-4 = 0.2,4-38-46-8-4 = 0.8,5-45-33-5 = 0.72,4-18-15-24-43-4 = 0.52,4-18-15-24-43-5 = 0.48,4-26-12-14-4 = 1.0,4-25-32-42-4 = 1.0,4-34-13-7-4 = 0.84,4-34-20-13-4 = 0.16,4-44-54-52-4 = 0.16,5-35-16-45-5 = 0.16,5-35-47-16-10-4 = 0.32,5-35-47-31-16-9-5 = 0.16,5-35-47-9-16-53-4 = 0.32,4-39-50-19-21-4 = 0.16,5-51-30-11-5 = 0.88,5-9-30-11-5 = 0.12,4-20-10-44-53-4 = 0.68,5-28-47-9-33-5 = 0.16,5-9-33-48-5 = 0.12,5-47-35-16-48-5 = 0.04,4-20-7-27-21-4 = 0.16,5-51-9-45-5 = 0.12
696,378,872.366,0.0,2.198,0.0,Prune by CG,,4-8-4 = 0.231,5-55-23-29-41-5 = 1.0,5-22-40-36-5 = 1.0,5-28-31-49-48-5 = 0.615,5-37-6-17-5 = 1.0,4-38-46-4 = 0.231,4-38-46-8-4 = 0.769,5-45-33-5 = 0.692,4-18-15-24-43-4 = 1.0,4-26-12-14-4 = 1.0,4-25-32-42-4 = 1.0,4-34-13-7-4 = 1.0,5-28-35-47-16-49-5 = 0.385,5-35-16-45-5 = 0.154,5-35-47-31-16-9-5 = 0.385,4-39-50-19-21-4 = 1.0,5-51-30-11-5 = 0.846,5-9-30-11-5 = 0.154,4-20-10-44-53-4 = 1.0,4-27-52-54-4 = 1.0,5-9-33-48-5 = 0.308,5-35-47-16-48-5 = 0.077,5-47-51-9-45-5 = 0.154
695,378,870.083,3.154,-0.086,-2.246,697,698,4-8-4 = 0.231,4-50-52-54-4 = 1.0,5-55-23-29-41-5 = 1.0,5-22-40-36-5 = 1.0,5-28-31-49-48-5 = 0.615,5-37-6-17-5 = 1.0,4-39-19-27-21-4 = 1.0,4-38-46-4 = 0.231,4-38-46-8-4 = 0.769,5-45-33-5 = 0.692,4-18-15-24-43-4 = 1.0,4-26-12-14-4 = 1.0,4-25-32-42-4 = 1.0,4-34-13-7-4 = 1.0,5-28-35-47-16-49-5 = 0.385,5-35-16-45-5 = 0.154,5-35-47-31-16-9-5 = 0.385,5-51-30-11-5 = 0.846,5-9-30-11-5 = 0.154,4-20-10-44-53-4 = 1.0,5-9-33-48-5 = 0.308,5-35-47-16-48-5 = 0.077,5-47-51-9-45-5 = 0.154
697,695,874.287,0.0,4.204,0.0,Prune by CG,,4-8-4 = 0.25,4-50-52-54-4 = 1.0,5-55-23-29-41-5 = 1.0,5-22-40-36-5 = 1.0,5-37-6-31-49-5 = 0.5,5-37-6-17-5 = 0.5,4-39-19-27-21-4 = 1.0,4-38-46-4 = 0.25,4-38-46-8-4 = 0.75,5-45-33-5 = 0.75,4-18-15-24-43-4 = 1.0,4-26-12-14-4 = 1.0,4-25-32-42-4 = 1.0,4-34-13-7-4 = 1.0,5-28-35-16-9-5 = 0.25,5-28-35-47-16-49-5 = 0.5,5-51-30-11-5 = 1.0,5-9-31-17-48-5 = 0.5,4-20-10-44-53-4 = 1.0,5-9-33-48-5 = 0.25,5-28-35-47-16-5 = 0.25,5-47-45-48-5 = 0.25
698,695,870.125,3.462,0.042,0.308,699,700,4-8-4 = 0.231,4-50-52-54-4 = 1.0,5-55-23-29-41-5 = 1.0,5-22-40-36-5 = 1.0,5-28-31-49-48-5 = 0.615,5-37-6-17-5 = 1.0,4-39-19-27-21-4 = 1.0,4-38-46-4 = 0.231,4-38-46-8-4 = 0.769,5-45-33-5 = 0.308,4-18-15-24-43-4 = 1.0,4-26-12-14-4 = 1.0,4-25-32-42-4 = 1.0,4-34-13-7-4 = 1.0,5-35-16-45-5 = 0.538,5-35-47-16-31-49-5 = 0.385,5-51-30-11-5 = 0.846,5-9-30-11-5 = 0.154,4-20-10-44-53-4 = 1.0,5-28-47-9-33-5 = 0.385,5-9-33-48-5 = 0.308,5-35-47-16-48-5 = 0.077,5-47-51-9-45-5 = 0.154
699,698,872.559,0.0,2.434,0.0,Prune by CG,,4-8-4 = 0.25,4-50-52-54-4 = 1.0,5-55-23-29-41-5 = 1.0,5-22-40-36-5 = 1.0,5-12-26-4 = 0.5,5-37-6-31-49-5 = 0.5,5-28-31-49-48-5 = 0.5,5-37-6-17-5 = 0.5,4-39-19-27-21-4 = 1.0,4-38-46-4 = 0.25,4-38-46-8-4 = 0.75,4-18-15-24-43-5 = 1.0,4-26-12-14-4 = 0.5,4-25-32-42-4 = 1.0,4-34-13-7-4 = 1.0,5-35-16-45-5 = 1.0,5-51-30-11-5 = 0.25,5-51-11-33-5 = 0.25,5-9-11-33-5 = 0.5,4-20-10-44-53-4 = 1.0,5-33-30-5 = 0.25,5-47-28-17-48-5 = 0.5,5-47-9-51-30-14-4 = 0.5
700,698,871.1,0.0,0.975,0.0,Prune by CG,,4-8-4 = 0.167,4-50-52-54-4 = 1.0,5-55-23-29-41-5 = 1.0,5-22-40-36-5 = 1.0,5-28-31-49-48-5 = 0.722,5-37-6-17-5 = 1.0,4-39-19-27-21-4 = 1.0,4-38-46-4 = 0.167,4-38-46-8-4 = 0.833,5-45-33-5 = 0.778,4-18-15-24-43-4 = 0.639,4-18-15-24-43-5 = 0.361,4-26-12-14-4 = 1.0,4-25-32-42-4 = 1.0,4-34-13-7-4 = 0.972,4-34-20-13-4 = 0.028,5-35-16-30-5 = 0.083,5-35-16-44-53-4 = 0.056,5-35-47-16-10-4 = 0.306,5-35-47-31-16-9-5 = 0.278,5-35-47-9-16-53-4 = 0.278,5-51-30-11-5 = 0.917,5-9-11-33-5 = 0.083,4-20-10-44-53-4 = 0.667,5-28-47-9-33-5 = 0.139,5-28-9-45-5 = 0.139,4-20-10-7-4 = 0.028,5-51-9-45-5 = 0.083,4-20-44-49-48-5 = 0.278
228,89,870.391,7.6,1.616,0.6,Prune by UB,,4-8-4 = 0.2,4-50-52-54-4 = 1.0,5-55-23-29-41-5 = 1.0,5-22-40-36-5 = 1.0,5-37-9-11-5 = 0.4,5-12-42-4 = 1.0,5-28-31-49-48-5 = 0.6,5-37-6-17-5 = 0.6,4-25-34-20-4 = 0.6,4-39-19-27-21-4 = 1.0,4-38-46-4 = 0.2,4-38-46-8-4 = 0.8,5-33-45-5 = 0.6,4-18-15-24-43-5 = 0.2,4-18-15-24-43-14-4 = 0.8,4-10-13-7-4 = 0.6,4-34-13-7-4 = 0.4,5-28-17-48-5 = 0.2,5-35-16-44-53-4 = 0.2,5-35-47-16-11-5 = 0.2,5-35-47-16-31-49-5 = 0.4,5-35-47-16-51-9-5 = 0.2,5-6-51-9-45-5 = 0.4,5-51-30-11-5 = 0.4,4-20-10-44-53-4 = 0.4,4-26-25-4 = 0.2,4-26-32-30-5 = 0.6,4-25-26-14-4 = 0.2,4-32-44-53-33-5 = 0.4,5-47-28-17-48-5 = 0.2
563,286,870.536,6.074,0.759,-0.223,Prune by UB,,4-8-4 = 0.074,4-50-52-54-4 = 1.0,5-55-23-29-41-5 = 1.0,5-22-40-36-5 = 1.0,5-37-9-11-5 = 0.111,5-17-49-53-33-5 = 0.111,5-28-31-49-48-5 = 0.556,4-25-20-13-4 = 0.296,4-25-34-20-4 = 0.407,4-39-19-27-21-4 = 1.0,4-38-46-4 = 0.074,4-38-46-8-4 = 0.926,4-26-42-14-4 = 0.111,4-26-24-14-4 = 0.333,4-26-18-15-43-5 = 0.111,5-45-33-5 = 0.889,4-18-15-24-43-5 = 0.667,4-26-12-14-4 = 0.222,4-25-20-7-4 = 0.296,4-10-32-42-4 = 0.889,4-10-32-30-14-4 = 0.111,4-34-13-7-4 = 0.593,5-28-17-48-5 = 0.222,5-51-30-11-5 = 0.889,5-51-16-44-53-4 = 0.111,5-6-47-35-16-9-5 = 0.111,5-6-47-35-28-17-5 = 0.222,5-6-35-47-31-17-5 = 0.444,5-9-16-44-53-4 = 0.778,5-12-37-5 = 0.778,4-26-18-15-43-14-4 = 0.222,5-37-45-5 = 0.111,4-13-7-44-49-5 = 0.111,5-6-35-47-49-48-5 = 0.222
421,420,870.504,7.05,1.014,0.177,Prune by UB,,4-8-4 = 0.075,4-50-52-54-4 = 0.4,5-55-23-29-41-5 = 1.0,5-22-40-36-5 = 1.0,5-37-9-11-5 = 0.038,5-11-32-42-4 = 0.075,5-28-31-45-5 = 0.2,5-28-31-49-48-5 = 0.8,5-37-6-17-5 = 0.688,4-25-34-20-4 = 0.2,4-39-19-27-21-4 = 0.4,4-39-19-27-44-49-5 = 0.2,4-38-46-4 = 0.075,4-38-46-8-4 = 0.925,4-26-42-14-4 = 0.138,5-33-45-5 = 0.8,4-18-15-24-43-4 = 1.0,4-26-12-14-4 = 0.725,4-26-42-32-4 = 0.138,4-25-34-53-4 = 0.8,4-13-7-27-21-4 = 0.2,4-10-32-42-4 = 0.65,4-10-51-30-4 = 0.338,5-6-9-51-30-5 = 0.312,4-44-54-52-4 = 0.6,4-20-13-7-4 = 0.8,5-35-47-16-11-5 = 0.688,5-35-47-16-9-17-5 = 0.312,4-39-50-19-21-4 = 0.4,4-50-27-44-53-4 = 0.2,5-9-11-33-5 = 0.2,5-12-37-5 = 0.275,5-9-51-32-30-14-4 = 0.138,5-51-30-48-5 = 0.2,4-10-51-30-5 = 0.013
442,357,870.483,2.667,0.795,0.333,Prune by UB,,4-8-4 = 0.167,4-50-52-54-4 = 1.0,5-55-23-29-41-5 = 1.0,5-22-40-36-5 = 1.0,5-37-28-17-5 = 1.0,4-25-20-10-4 = 1.0,4-39-19-27-21-4 = 1.0,4-38-46-4 = 0.167,4-38-46-8-4 = 0.833,5-33-45-5 = 0.667,4-18-15-24-43-5 = 1.0,4-26-12-14-4 = 1.0,4-34-13-7-4 = 1.0,5-6-16-44-53-4 = 1.0,4-42-30-5 = 0.167,5-45-30-5 = 0.167,5-51-11-33-5 = 0.333,5-9-30-11-5 = 0.333,4-32-30-11-5 = 0.333,5-47-35-31-49-48-5 = 1.0,4-42-45-5 = 0.167,5-9-51-32-42-4 = 0.667
298,121,870.511,4.2,1.281,0.2,Prune by UB,,4-8-4 = 0.2,4-50-52-54-4 = 1.0,5-55-23-29-41-5 = 1.0,5-22-40-36-5 = 1.0,5-37-28-17-5 = 0.6,5-16-9-45-5 = 0.2,4-39-19-27-21-4 = 1.0,4-38-46-4 = 0.2,4-38-46-8-4 = 0.8,5-45-33-5 = 0.6,4-18-15-24-43-4 = 1.0,4-26-12-14-4 = 1.0,4-25-32-42-4 = 1.0,4-34-13-7-4 = 1.0,5-6-17-48-5 = 0.4,5-35-47-16-31-49-5 = 0.2,5-35-47-16-51-9-5 = 0.2,5-35-47-31-49-48-5 = 0.6,5-51-30-11-5 = 0.8,5-9-11-33-5 = 0.2,4-20-10-44-53-4 = 1.0,5-9-16-33-5 = 0.2,5-37-6-28-5 = 0.4,5-9-16-30-5 = 0.2,5-6-31-49-45-5 = 0.2
314,196,870.661,6.867,1.427,-0.778,Prune by UB,,4-8-4 = 0.28,5-55-23-29-41-5 = 1.0,5-22-40-36-5 = 1.0,5-17-49-53-33-5 = 0.027,5-28-31-49-48-5 = 0.333,5-16-9-45-5 = 0.693,4-25-20-10-4 = 0.76,4-39-19-27-21-4 = 0.253,4-38-46-4 = 0.28,4-38-46-8-4 = 0.72,4-18-15-24-43-14-4 = 1.0,4-26-42-32-4 = 1.0,4-25-34-53-4 = 0.24,4-34-13-7-4 = 0.76,5-6-17-48-5 = 0.333,5-6-16-44-53-4 = 0.24,5-6-9-51-30-5 = 0.013,5-6-9-51-33-5 = 0.107,4-44-54-52-4 = 0.507,4-20-13-7-4 = 0.24,5-28-35-47-33-5 = 0.333,5-28-47-35-31-17-5 = 0.333,5-35-47-31-49-48-5 = 0.333,4-39-50-19-21-4 = 0.747,4-50-27-44-53-4 = 0.253,5-51-30-11-5 = 0.88,5-9-11-33-5 = 0.12,4-10-53-33-5 = 0.24,5-30-33-5 = 0.107,4-27-52-54-4 = 0.493,5-9-16-33-5 = 0.067,5-12-37-5 = 1.0,5-6-17-49-45-5 = 0.307
254,62,870.398,7.0,1.896,1.0,Prune by UB,,4-8-4 = 0.167,4-50-52-54-4 = 0.75,5-55-23-29-41-5 = 1.0,5-22-40-36-5 = 1.0,5-37-28-17-5 = 1.0,5-16-9-45-5 = 0.25,4-25-20-13-4 = 0.583,4-39-19-27-21-4 = 0.875,4-38-46-4 = 0.167,4-38-46-8-4 = 0.833,5-45-33-5 = 0.625,4-18-15-24-43-4 = 0.5,4-18-15-24-43-5 = 0.5,4-26-12-14-4 = 1.0,4-25-32-42-4 = 0.417,4-10-32-42-4 = 0.292,4-34-10-7-4 = 0.583,4-34-10-32-53-4 = 0.125,4-34-32-42-4 = 0.167,5-6-16-44-53-4 = 0.625,5-6-9-51-30-5 = 0.25,4-42-30-5 = 0.125,4-44-54-52-4 = 0.25,4-20-13-7-4 = 0.417,4-39-50-19-21-4 = 0.125,4-50-27-44-53-4 = 0.125,5-6-51-9-45-5 = 0.125,5-51-30-11-5 = 0.625,5-9-11-33-5 = 0.375,5-47-35-31-49-48-5 = 1.0,4-34-16-53-4 = 0.125
274,241,870.404,5.5,1.343,1.0,Prune by UB,,4-8-4 = 0.083,4-50-52-54-4 = 1.0,5-55-23-29-41-5 = 1.0,5-22-40-36-5 = 1.0,5-37-6-31-49-5 = 0.5,5-37-6-17-5 = 0.5,5-16-9-45-5 = 0.25,4-25-34-20-4 = 0.667,4-39-19-27-21-4 = 1.0,4-38-46-4 = 0.083,4-38-46-8-4 = 0.917,5-45-33-5 = 0.75,4-18-15-24-43-14-4 = 1.0,4-25-32-42-4 = 0.333,4-10-13-7-4 = 0.333,4-10-32-42-4 = 0.667,4-34-13-7-4 = 0.333,4-20-13-7-4 = 0.333,5-28-17-48-5 = 0.5,5-28-35-47-33-5 = 0.25,5-28-35-47-44-53-4 = 0.25,5-51-30-11-5 = 1.0,5-9-16-44-53-4 = 0.75,4-26-12-5 = 1.0,5-47-35-31-49-48-5 = 0.5
283,142,871.073,2.407,2.034,-3.037,Prune by UB,,4-50-52-54-4 = 1.0,5-55-23-29-41-5 = 1.0,5-22-40-36-5 = 1.0,5-17-49-45-5 = 0.037,5-17-49-53-33-5 = 0.037,5-28-31-49-48-5 = 0.481,4-39-19-21-4 = 0.037,4-39-19-27-21-4 = 0.926,4-39-19-27-44-49-5 = 0.037,4-38-46-4 = 1.0,4-26-24-14-4 = 1.0,5-33-45-5 = 0.963,4-8-18-15-43-4 = 1.0,4-25-32-42-4 = 1.0,4-13-7-27-21-4 = 0.037,4-10-13-7-4 = 0.012,4-34-13-7-4 = 0.938,4-34-20-10-4 = 0.062,4-20-13-7-4 = 0.012,5-35-31-17-48-5 = 0.111,5-51-30-11-5 = 1.0,5-9-16-31-17-5 = 0.185,5-9-31-17-48-5 = 0.111,5-6-47-16-31-49-5 = 0.111,5-6-47-35-16-9-5 = 0.667,5-6-47-35-28-17-5 = 0.222,4-20-10-44-53-4 = 0.926,5-9-16-44-53-4 = 0.037,5-12-37-5 = 1.0,5-28-17-49-48-5 = 0.296
478,456,870.427,7.057,0.532,0.833,Prune by UB,,4-50-52-54-4 = 0.679,5-55-23-29-41-5 = 1.0,5-22-40-36-5 = 1.0,5-37-28-17-5 = 0.575,5-37-9-11-5 = 0.283,5-12-42-4 = 1.0,5-37-6-17-5 = 0.142,4-25-20-10-4 = 0.83,4-39-19-27-21-4 = 0.519,4-39-19-27-44-49-5 = 0.16,4-38-46-4 = 0.84,4-38-46-19-27-21-4 = 0.16,4-26-24-14-4 = 1.0,5-45-33-5 = 0.717,4-8-18-15-43-5 = 1.0,5-6-28-49-48-5 = 0.425,4-34-10-32-53-4 = 0.17,4-34-13-7-4 = 0.83,5-6-9-51-30-5 = 0.434,4-44-54-52-4 = 0.321,4-20-13-7-4 = 0.17,5-35-16-45-5 = 0.057,5-35-47-16-11-5 = 0.151,5-35-47-16-31-49-5 = 0.123,5-35-47-16-32-53-4 = 0.311,5-35-47-31-16-32-4 = 0.066,5-35-47-31-49-48-5 = 0.292,4-39-50-27-21-4 = 0.16,4-39-50-19-21-4 = 0.16,5-31-16-44-53-4 = 0.236,5-51-30-11-5 = 0.566,5-9-31-17-48-5 = 0.283,4-32-44-53-33-5 = 0.283,4-25-32-45-5 = 0.17,5-47-16-45-5 = 0.057
531,347,870.588,4.667,0.578,-0.111,Prune by UB,,4-8-4 = 0.208,4-50-52-54-4 = 1.0,5-55-23-29-41-5 = 1.0,5-22-40-36-5 = 1.0,4-25-34-20-4 = 0.667,4-39-19-27-21-4 = 1.0,4-38-46-4 = 0.208,4-38-46-8-4 = 0.792,5-33-45-5 = 0.958,4-18-15-24-43-14-4 = 1.0,4-26-42-32-4 = 1.0,4-25-34-53-4 = 0.333,4-10-13-7-4 = 0.667,5-6-31-9-11-5 = 0.083,5-6-9-51-30-5 = 0.5,5-28-17-48-5 = 1.0,5-35-47-16-11-5 = 0.417,5-35-47-16-31-49-5 = 0.583,5-51-30-11-5 = 0.5,4-20-10-44-53-4 = 0.333,5-37-12-5 = 1.0,5-6-9-31-44-53-4 = 0.333,4-13-7-44-49-5 = 0.333,5-6-9-45-49-5 = 0.042,5-6-9-33-49-5 = 0.042
476,401,870.41,8.291,0.762,1.18,Prune by UB,,4-8-4 = 0.236,4-50-52-54-4 = 1.0,5-55-23-29-41-5 = 1.0,5-37-48-5 = 1.0,5-22-40-36-5 = 1.0,5-12-30-5 = 0.4,5-12-45-5 = 0.236,5-17-49-53-33-5 = 0.255,5-16-32-42-4 = 0.273,4-25-20-10-4 = 1.0,4-39-19-21-4 = 0.255,4-39-19-27-21-4 = 0.491,4-39-19-27-44-49-5 = 0.255,4-38-46-4 = 0.236,4-38-46-8-4 = 0.764,4-18-15-24-43-5 = 0.345,4-18-15-24-43-14-4 = 0.655,4-26-12-14-4 = 0.345,4-26-42-32-4 = 0.655,4-13-7-27-21-4 = 0.255,4-34-13-7-4 = 0.745,5-6-16-44-53-4 = 0.236,4-42-30-5 = 0.073,4-34-35-47-28-49-5 = 0.255,5-28-35-47-33-5 = 0.236,5-28-35-47-31-17-5 = 0.509,5-6-51-9-45-5 = 0.527,5-31-16-44-53-4 = 0.491,5-51-30-11-5 = 0.473,5-9-11-33-5 = 0.473,4-32-30-11-5 = 0.055,4-32-44-53-33-5 = 0.018,5-6-17-49-45-5 = 0.236,5-12-33-5 = 0.018
541,276,870.564,6.0,0.717,0.128,Prune by UB,,4-8-4 = 0.167,5-55-23-29-41-5 = 1.0,5-22-40-36-5 = 1.0,5-12-26-4 = 0.167,5-12-45-5 = 0.5,5-28-31-49-48-5 = 1.0,5-37-6-17-5 = 1.0,4-25-20-10-4 = 1.0,4-39-19-27-21-4 = 0.333,4-38-46-4 = 0.167,4-38-46-8-4 = 0.833,5-45-33-5 = 0.5,4-18-15-24-43-14-4 = 1.0,4-26-42-32-4 = 0.667,4-34-13-7-4 = 1.0,4-42-30-5 = 0.333,4-44-54-52-4 = 0.667,5-35-47-16-51-9-5 = 0.333,5-35-47-9-16-53-4 = 0.667,4-39-50-19-21-4 = 0.667,4-50-27-44-53-4 = 0.333,5-51-30-11-5 = 0.333,5-51-11-33-5 = 0.333,4-32-30-11-5 = 0.333,4-27-52-54-4 = 0.333,4-26-12-5 = 0.167,5-12-33-5 = 0.167
101,97,870.539,7.926,2.866,0.259,Prune by UB,,4-8-4 = 0.074,4-50-52-54-4 = 1.0,5-55-23-29-41-5 = 1.0,5-37-48-5 = 1.0,5-22-40-36-5 = 1.0,5-12-28-17-5 = 0.259,4-25-34-20-4 = 0.481,4-39-19-21-4 = 0.296,4-39-19-27-21-4 = 0.407,4-39-19-27-44-49-5 = 0.296,4-38-46-4 = 0.074,4-38-46-8-4 = 0.926,5-45-33-5 = 1.0,4-18-15-24-43-4 = 0.741,4-18-15-24-43-14-4 = 0.259,5-6-28-31-17-5 = 0.444,4-26-12-14-4 = 0.741,4-26-42-32-4 = 0.259,4-25-34-53-4 = 0.296,4-25-32-42-4 = 0.222,4-13-7-27-21-4 = 0.296,4-10-13-7-4 = 0.593,5-6-16-44-53-4 = 0.037,4-34-35-47-28-49-5 = 0.222,4-20-13-7-4 = 0.111,5-28-35-47-31-17-5 = 0.074,5-35-47-16-31-49-5 = 0.481,5-35-47-16-51-17-5 = 0.222,5-51-16-44-53-4 = 0.259,5-9-30-11-5 = 0.259,5-9-11-30-4 = 0.222,4-32-30-11-5 = 0.519,4-20-10-44-53-4 = 0.407,5-6-9-51-42-4 = 0.519
379,222,870.714,5.4,1.513,-0.878,Prune by UB,,4-8-4 = 0.1,4-50-52-54-4 = 1.0,5-35-47-34-10-4 = 0.2,5-55-23-29-41-5 = 1.0,5-37-48-5 = 1.0,5-22-40-36-5 = 1.0,4-39-19-27-21-4 = 1.0,4-38-46-4 = 0.1,4-38-46-8-4 = 0.9,4-18-15-24-43-4 = 1.0,5-6-28-31-17-5 = 0.2,4-26-12-14-4 = 1.0,4-25-32-42-4 = 1.0,4-10-13-7-4 = 0.4,5-6-9-51-30-5 = 0.1,4-34-35-28-17-5 = 0.2,4-34-35-47-28-49-5 = 0.6,4-20-13-7-4 = 0.6,5-45-30-5 = 0.1,5-6-51-9-45-5 = 0.3,5-31-16-44-53-4 = 0.6,5-51-30-11-5 = 0.4,5-51-16-45-5 = 0.2,5-9-11-33-5 = 0.6,5-47-16-31-17-5 = 0.2,4-20-10-44-53-4 = 0.4,5-33-30-5 = 0.4,5-6-17-49-45-5 = 0.4
44,42,870.438,8.409,5.808,0.742,Prune by UB,,4-8-4 = 0.774,4-50-52-54-4 = 0.774,5-55-23-29-41-5 = 1.0,5-37-48-5 = 0.419,5-22-40-36-5 = 1.0,5-37-28-17-5 = 0.194,5-28-31-49-48-5 = 0.129,5-37-6-17-5 = 0.226,4-25-34-20-4 = 0.72,4-39-27-44-53-4 = 0.774,4-38-46-8-4 = 0.226,4-38-46-19-21-4 = 0.774,5-33-45-5 = 0.677,4-18-15-24-43-4 = 0.935,4-18-15-24-43-5 = 0.065,5-6-28-49-48-5 = 0.452,4-26-12-14-4 = 0.839,4-26-42-32-4 = 0.161,4-25-32-42-4 = 0.28,4-10-13-7-4 = 0.441,4-10-32-42-4 = 0.398,4-10-32-30-14-4 = 0.161,4-34-13-7-4 = 0.28,4-42-30-5 = 0.161,4-20-13-7-4 = 0.28,5-28-35-47-31-17-5 = 0.226,5-35-47-16-31-49-5 = 0.419,5-35-47-16-9-17-5 = 0.355,4-39-50-27-21-4 = 0.226,5-6-51-9-45-5 = 0.323,5-31-16-44-53-4 = 0.226,5-51-30-11-5 = 0.677,5-9-11-33-5 = 0.323,5-12-37-5 = 0.161,4-19-52-54-4 = 0.226
338,218,870.726,5.9,1.435,-0.767,Prune by UB,,5-35-47-34-25-4 = 0.333,5-55-23-29-41-5 = 1.0,5-22-40-36-5 = 1.0,5-12-26-4 = 0.1,5-37-51-11-5 = 0.133,5-28-31-49-48-5 = 1.0,5-37-6-17-5 = 0.867,4-39-19-27-21-4 = 0.333,4-38-46-8-4 = 1.0,5-33-45-5 = 1.0,4-18-15-24-43-4 = 0.733,4-18-15-24-43-5 = 0.267,4-26-12-14-4 = 0.9,4-25-34-53-4 = 0.667,4-10-32-42-4 = 0.567,4-10-32-30-14-4 = 0.1,4-42-30-5 = 0.3,4-44-54-52-4 = 0.667,4-20-13-7-4 = 1.0,5-35-47-16-11-5 = 0.267,5-35-47-16-51-9-5 = 0.267,5-35-47-16-51-17-5 = 0.133,4-39-50-19-21-4 = 0.667,4-50-27-44-53-4 = 0.333,5-9-30-11-5 = 0.267,4-32-30-11-5 = 0.333,5-9-51-16-10-4 = 0.333,4-27-52-54-4 = 0.333,5-6-9-51-42-4 = 0.133
542,276,870.385,7.476,0.538,1.604,Prune by UB,,4-8-4 = 0.095,5-55-23-29-41-5 = 1.0,5-22-40-36-5 = 1.0,5-12-30-5 = 0.429,5-12-45-5 = 0.286,5-37-6-9-51-5 = 0.19,5-28-31-49-48-5 = 0.714,5-37-6-17-5 = 0.81,5-16-9-45-5 = 0.143,4-25-20-10-4 = 0.048,4-39-19-27-21-4 = 0.333,4-38-46-4 = 0.095,4-38-46-8-4 = 0.905,5-45-33-5 = 0.571,4-18-15-24-43-14-4 = 1.0,4-26-42-32-4 = 0.714,4-25-34-53-4 = 0.667,4-25-32-42-4 = 0.286,4-10-16-51-9-5 = 0.238,4-34-13-7-4 = 0.143,4-34-20-10-4 = 0.095,4-34-35-47-28-49-5 = 0.095,4-44-54-52-4 = 0.667,4-20-13-7-4 = 0.857,5-28-17-48-5 = 0.095,5-28-35-47-31-17-5 = 0.095,5-35-47-16-10-4 = 0.619,5-35-47-31-49-48-5 = 0.19,4-39-50-19-21-4 = 0.667,4-50-27-44-53-4 = 0.333,5-51-30-11-5 = 0.571,5-9-11-33-5 = 0.429,4-27-52-54-4 = 0.333,4-26-12-5 = 0.286
340,249,870.69,6.083,1.558,-0.483,Prune by UB,,4-8-4 = 0.208,5-55-23-29-41-5 = 1.0,5-22-40-36-5 = 1.0,5-12-45-5 = 0.417,5-28-31-49-48-5 = 1.0,5-37-6-17-5 = 0.75,4-25-34-20-4 = 0.958,4-39-19-27-21-4 = 0.333,4-38-46-4 = 0.208,4-38-46-8-4 = 0.792,5-33-45-5 = 0.583,4-18-15-24-43-14-4 = 1.0,4-26-42-32-4 = 0.667,4-25-32-42-4 = 0.042,4-10-13-7-4 = 1.0,4-34-32-42-4 = 0.042,4-44-54-52-4 = 0.667,5-35-47-16-11-5 = 0.125,5-35-47-16-9-17-5 = 0.25,5-35-47-9-16-53-4 = 0.625,4-39-50-19-21-4 = 0.667,4-50-27-44-53-4 = 0.333,5-51-30-11-5 = 0.75,5-9-11-33-5 = 0.125,4-27-52-54-4 = 0.333,5-37-12-5 = 0.25,4-26-12-5 = 0.333,4-42-33-5 = 0.25,4-20-53-33-5 = 0.042,5-6-51-32-30-5 = 0.25
247,175,870.628,3.0,1.566,-0.0,Prune by UB,,5-36-5 = 0.333,4-50-52-54-4 = 1.0,5-55-23-29-41-5 = 1.0,5-22-40-5 = 0.333,5-22-40-36-5 = 0.667,5-37-28-17-5 = 1.0,4-39-19-27-21-4 = 1.0,4-38-46-8-4 = 1.0,5-45-33-5 = 0.667,4-18-15-24-43-4 = 1.0,4-26-12-14-4 = 1.0,4-25-32-42-4 = 1.0,4-34-13-7-4 = 1.0,5-35-16-45-5 = 0.333,5-35-16-9-31-49-5 = 0.333,5-51-30-11-5 = 1.0,5-6-35-47-16-9-5 = 0.333,4-20-10-44-53-4 = 1.0,5-6-47-31-49-48-5 = 0.667,5-9-33-48-5 = 0.333
230,209,870.637,7.581,1.992,0.018,Prune by UB,,4-8-4 = 0.194,4-50-52-54-4 = 1.0,5-55-23-29-41-5 = 1.0,5-22-40-36-5 = 1.0,5-28-31-49-48-5 = 0.29,5-37-6-17-5 = 0.29,4-25-34-20-4 = 0.79,4-39-19-21-4 = 0.21,4-39-19-27-21-4 = 0.581,4-39-19-27-44-49-5 = 0.21,4-38-46-4 = 0.194,4-38-46-8-4 = 0.806,5-33-45-5 = 0.726,4-18-15-24-43-14-4 = 1.0,4-26-42-32-4 = 0.71,4-25-34-53-4 = 0.21,4-13-7-27-21-4 = 0.21,4-10-13-7-4 = 0.677,4-10-32-42-4 = 0.226,5-6-17-48-5 = 0.419,5-6-9-51-30-5 = 0.29,4-20-13-7-4 = 0.113,5-28-35-47-16-49-5 = 0.5,5-28-35-47-44-53-4 = 0.21,5-35-47-16-11-5 = 0.081,5-35-47-9-45-5 = 0.21,5-31-16-44-53-4 = 0.419,5-51-30-11-5 = 0.71,5-9-11-33-5 = 0.21,5-9-31-17-48-5 = 0.29,4-20-10-44-53-4 = 0.097,4-32-44-53-33-5 = 0.065,5-12-37-5 = 0.71,4-26-12-5 = 0.29,4-42-45-5 = 0.065
351,237,870.978,6.444,1.769,-2.111,Prune by UB,,4-8-4 = 0.056,5-55-23-29-41-5 = 1.0,5-37-48-5 = 1.0,5-22-40-36-5 = 1.0,5-17-49-53-33-5 = 0.5,5-11-32-42-4 = 0.5,5-28-31-16-32-4 = 0.333,4-25-20-10-4 = 0.889,4-39-19-27-21-4 = 0.333,4-38-46-4 = 0.056,4-38-46-8-4 = 0.944,5-33-45-5 = 0.5,4-18-15-24-43-5 = 1.0,4-26-12-14-4 = 1.0,4-25-32-42-4 = 0.111,4-10-32-42-4 = 0.056,4-34-13-7-4 = 0.944,4-34-20-10-4 = 0.056,5-6-9-51-30-5 = 0.667,4-44-54-52-4 = 0.667,4-20-13-7-4 = 0.056,5-28-35-47-31-17-5 = 0.5,5-35-16-42-4 = 0.167,5-35-47-16-11-5 = 0.167,5-35-47-16-31-49-5 = 0.167,4-39-50-19-21-4 = 0.667,4-50-27-44-53-4 = 0.333,5-51-30-11-5 = 0.333,4-27-52-54-4 = 0.333,5-28-47-16-53-4 = 0.167,4-42-45-5 = 0.167,5-6-9-45-49-5 = 0.333
490,353,870.552,5.733,0.256,0.733,Prune by UB,,4-8-4 = 0.067,4-50-52-54-4 = 1.0,5-55-23-29-41-5 = 1.0,5-22-40-36-5 = 1.0,5-12-26-4 = 0.5,5-28-31-49-48-5 = 0.8,5-37-6-17-5 = 1.0,4-25-34-20-4 = 0.733,4-39-19-27-21-4 = 1.0,4-38-46-4 = 0.067,4-38-46-8-4 = 0.933,5-45-33-5 = 0.6,4-18-15-24-43-14-4 = 1.0,4-25-32-42-4 = 0.267,4-10-13-7-4 = 0.667,4-10-32-42-4 = 0.133,4-34-13-7-4 = 0.267,4-42-30-5 = 0.6,4-20-13-7-4 = 0.067,5-28-35-47-9-51-32-4 = 0.2,5-35-47-16-11-5 = 0.2,5-35-47-9-45-5 = 0.4,5-51-16-44-53-4 = 0.8,5-9-11-33-5 = 0.4,4-32-30-11-5 = 0.4,4-20-10-44-53-4 = 0.2,4-26-12-5 = 0.5,5-47-35-31-49-48-5 = 0.2
417,375,870.886,5.0,0.83,-1.158,Prune by UB,,4-8-4 = 0.143,4-50-52-54-4 = 1.0,5-55-23-29-41-5 = 1.0,5-22-40-36-5 = 1.0,5-37-28-17-5 = 0.786,5-12-42-4 = 1.0,5-37-6-17-5 = 0.214,4-25-20-10-4 = 0.071,4-25-34-20-4 = 0.143,4-39-19-27-21-4 = 1.0,4-38-46-4 = 0.143,4-38-46-8-4 = 0.857,5-45-33-5 = 1.0,4-18-15-24-43-5 = 0.786,4-18-15-24-43-14-4 = 0.214,5-6-28-49-48-5 = 0.214,4-10-16-51-9-5 = 0.286,4-34-13-7-4 = 0.857,4-20-13-7-4 = 0.143,5-31-16-44-53-4 = 0.214,5-51-30-11-5 = 0.357,4-32-30-11-5 = 0.429,5-6-9-51-16-32-4 = 0.357,5-6-35-47-9-11-5 = 0.214,4-20-10-44-53-4 = 0.643,4-26-32-30-5 = 0.214,4-25-26-14-4 = 0.786,5-9-16-44-53-4 = 0.143,5-47-35-31-49-48-5 = 0.786
381,380,870.38,8.0,1.007,2.273,Prune by UB,,4-8-4 = 0.167,4-50-52-54-4 = 1.0,5-55-23-29-41-5 = 1.0,5-37-48-5 = 1.0,5-22-40-36-5 = 1.0,5-12-28-17-5 = 0.5,4-39-19-27-21-4 = 1.0,4-38-46-4 = 0.167,4-38-46-8-4 = 0.833,4-26-24-14-4 = 0.25,4-26-18-15-43-4 = 0.25,4-18-15-24-43-5 = 0.5,4-18-15-24-43-14-4 = 0.25,4-26-12-14-4 = 0.5,4-25-32-42-4 = 1.0,4-10-13-7-4 = 0.167,4-34-13-7-4 = 0.667,4-34-20-10-4 = 0.333,5-6-9-51-30-5 = 0.25,4-20-13-7-4 = 0.167,5-28-35-47-33-5 = 0.5,5-35-47-16-31-49-5 = 0.5,5-45-30-5 = 0.25,5-6-51-9-45-5 = 0.25,5-31-16-44-53-4 = 0.5,5-51-30-11-5 = 0.5,5-9-11-33-5 = 0.5,4-20-10-44-53-4 = 0.5,5-6-17-49-45-5 = 0.5
348,257,870.633,6.375,1.268,0.555,Prune by UB,,4-8-4 = 0.266,4-50-52-54-4 = 1.0,5-55-23-29-41-5 = 1.0,5-22-40-36-5 = 1.0,5-37-6-31-49-5 = 0.125,4-25-34-20-4 = 0.766,4-39-19-27-21-4 = 1.0,4-38-46-4 = 0.266,4-38-46-8-4 = 0.734,5-33-45-5 = 0.547,4-18-15-24-43-14-4 = 1.0,4-26-42-32-4 = 0.875,4-25-34-53-4 = 0.234,4-10-13-7-4 = 0.766,5-6-16-44-53-4 = 0.531,5-6-9-51-30-5 = 0.344,4-20-13-7-4 = 0.234,5-28-17-48-5 = 0.641,5-28-35-47-31-17-5 = 0.359,5-35-47-31-49-48-5 = 0.359,5-31-16-44-53-4 = 0.156,5-51-30-11-5 = 0.578,5-9-11-33-5 = 0.375,4-32-11-45-5 = 0.047,4-32-44-53-33-5 = 0.078,4-16-51-30-5 = 0.078,5-37-12-5 = 0.875,4-26-12-5 = 0.125,4-42-45-5 = 0.125,5-35-47-9-45-49-5 = 0.281,4-10-16-44-49-5 = 0.234
282,279,870.734,5.579,1.813,0.051,Prune by UB,,4-8-4 = 0.263,4-50-52-54-4 = 1.0,5-55-23-29-41-5 = 1.0,5-22-40-36-5 = 1.0,4-25-34-20-4 = 0.947,5-12-35-47-17-5 = 0.158,4-39-19-21-4 = 0.053,4-39-19-27-21-4 = 0.895,4-39-19-27-44-49-5 = 0.053,4-38-46-4 = 0.263,4-38-46-8-4 = 0.737,5-33-45-5 = 0.579,4-18-15-24-43-14-4 = 1.0,5-6-28-49-48-5 = 0.895,5-6-28-31-17-5 = 0.105,4-26-42-32-4 = 0.789,4-25-34-53-4 = 0.053,4-13-7-27-21-4 = 0.053,4-10-13-7-4 = 0.947,4-42-30-5 = 0.211,5-35-47-9-45-5 = 0.421,5-31-16-44-53-4 = 0.474,5-51-30-11-5 = 0.789,5-51-11-33-5 = 0.211,5-9-16-31-17-5 = 0.316,5-9-31-17-48-5 = 0.053,4-20-10-44-53-4 = 0.053,4-32-44-53-33-5 = 0.211,5-9-16-44-53-4 = 0.211,5-12-37-5 = 0.632,4-26-12-5 = 0.211,5-47-35-31-49-48-5 = 0.053,5-37-35-47-17-5 = 0.368
389,387,870.721,7.474,1.218,0.138,Prune by UB,,4-50-52-54-4 = 0.526,5-55-23-29-41-5 = 1.0,5-22-40-36-5 = 1.0,5-37-28-17-5 = 1.0,5-12-42-4 = 1.0,5-16-9-45-5 = 0.329,4-46-19-27-7-4 = 0.069,4-25-34-20-4 = 0.509,4-39-19-27-21-4 = 0.428,4-39-19-27-44-49-5 = 0.098,4-38-46-4 = 0.832,4-38-46-19-27-21-4 = 0.098,4-26-24-14-4 = 1.0,5-45-33-5 = 0.468,4-8-18-15-43-5 = 1.0,4-25-34-53-4 = 0.491,4-10-13-7-4 = 0.509,5-6-16-10-32-4 = 0.491,5-6-31-16-53-4 = 0.081,5-6-9-51-30-5 = 0.428,4-44-54-52-4 = 0.474,4-20-13-7-4 = 0.422,4-20-13-44-53-4 = 0.069,5-35-47-16-11-5 = 0.081,5-35-47-31-16-32-4 = 0.017,5-35-47-31-49-48-5 = 0.902,4-39-50-27-21-4 = 0.237,4-39-50-19-21-4 = 0.237,5-51-30-11-5 = 0.572,5-9-11-33-5 = 0.145,4-32-11-45-5 = 0.202,4-38-19-27-44-53-4 = 0.069,4-32-44-53-33-5 = 0.289,5-9-33-48-5 = 0.098
355,354,870.932,5.75,1.437,-1.307,Prune by UB,,4-8-4 = 0.17,4-50-52-54-4 = 1.0,5-55-23-29-41-5 = 1.0,5-22-40-36-5 = 1.0,5-37-9-11-5 = 0.089,5-37-51-11-5 = 0.179,5-28-31-49-48-5 = 0.321,4-25-34-20-4 = 0.643,4-39-19-21-4 = 0.036,4-39-19-27-21-4 = 0.929,4-39-19-27-44-49-5 = 0.036,4-38-46-4 = 0.17,4-38-46-8-4 = 0.83,5-33-45-5 = 1.0,4-18-15-24-43-14-4 = 1.0,4-26-42-32-4 = 0.723,4-25-34-53-4 = 0.036,4-25-20-7-4 = 0.107,4-13-7-27-21-4 = 0.036,4-10-13-7-4 = 0.857,5-6-17-48-5 = 0.643,5-6-16-44-53-4 = 0.125,4-42-30-5 = 0.045,4-34-35-47-28-49-5 = 0.321,4-20-13-44-53-4 = 0.107,5-28-35-47-31-17-5 = 0.357,5-35-47-16-31-49-5 = 0.286,5-35-47-31-49-48-5 = 0.036,5-51-16-44-53-4 = 0.589,5-9-30-11-5 = 0.679,4-32-30-11-5 = 0.054,4-20-10-44-53-4 = 0.143,4-26-32-30-5 = 0.009,4-25-32-30-5 = 0.214,5-37-12-5 = 0.732,5-6-9-51-42-4 = 0.232,4-26-12-5 = 0.268
163,149,870.888,7.333,2.706,-0.851,Prune by UB,,5-55-23-29-41-5 = 1.0,5-37-48-5 = 1.0,5-22-40-36-5 = 1.0,5-12-30-5 = 0.103,5-17-49-53-33-5 = 0.077,4-25-34-20-4 = 0.41,4-39-19-27-21-4 = 0.333,4-38-46-8-4 = 1.0,4-18-15-24-43-4 = 1.0,5-6-28-31-17-5 = 0.179,4-26-12-14-4 = 0.897,4-26-42-32-4 = 0.103,4-25-34-53-4 = 0.59,4-10-13-7-4 = 0.41,4-10-32-42-4 = 0.487,4-10-32-30-14-4 = 0.103,4-42-30-4 = 0.103,4-42-30-5 = 0.308,4-44-54-52-4 = 0.667,4-20-13-7-4 = 0.59,5-28-35-47-16-49-5 = 0.026,5-28-47-35-31-17-5 = 0.385,5-35-47-16-31-49-5 = 0.282,4-39-50-19-21-4 = 0.667,4-50-27-44-53-4 = 0.333,5-51-16-45-5 = 0.385,5-9-30-11-5 = 0.077,5-9-11-33-5 = 0.923,4-27-52-54-4 = 0.333,5-6-17-49-45-5 = 0.359,5-6-31-49-45-5 = 0.154,5-28-49-45-5 = 0.103,5-6-35-16-51-32-4 = 0.308,5-28-47-51-30-5 = 0.308
468,331,870.56,7.667,0.481,1.262,Prune by UB,,4-8-4 = 0.167,5-55-23-29-41-5 = 1.0,5-37-48-5 = 0.833,5-22-40-36-5 = 1.0,5-12-16-9-5 = 0.333,5-37-28-17-5 = 0.167,5-12-9-31-49-5 = 0.667,4-46-19-27-7-4 = 0.167,4-25-20-10-4 = 0.333,4-38-46-8-4 = 0.833,4-26-24-14-4 = 0.333,4-26-18-15-43-4 = 0.333,5-33-45-5 = 0.833,4-18-15-24-43-14-4 = 0.667,4-26-42-32-4 = 0.333,4-25-34-53-4 = 0.667,4-10-32-42-4 = 0.667,4-34-13-7-4 = 0.333,4-44-54-52-4 = 0.667,4-20-13-7-4 = 0.5,4-20-13-44-53-4 = 0.167,5-28-17-48-5 = 0.167,5-35-16-45-5 = 0.167,5-35-16-33-5 = 0.167,4-39-50-27-21-4 = 0.333,4-39-50-19-21-4 = 0.667,5-51-30-11-5 = 1.0,4-38-19-27-44-53-4 = 0.167,5-6-47-16-31-49-5 = 0.333,5-6-47-35-28-17-5 = 0.667,4-27-52-54-4 = 0.333
368,164,870.581,8.0,1.053,1.19,Prune by UB,,5-55-23-29-41-5 = 1.0,5-37-48-5 = 1.0,5-22-40-36-5 = 1.0,5-17-49-53-33-5 = 0.333,5-28-31-16-32-4 = 0.333,4-25-34-20-4 = 0.667,4-39-19-27-21-4 = 0.333,4-38-46-8-4 = 1.0,5-45-33-5 = 0.333,4-18-15-24-43-4 = 0.667,4-18-15-24-43-5 = 0.333,5-6-28-31-17-5 = 0.333,4-26-12-14-4 = 1.0,4-25-34-53-4 = 0.333,4-10-13-7-4 = 0.667,4-10-32-42-4 = 0.333,4-42-30-5 = 0.333,4-44-54-52-4 = 0.667,4-20-13-7-4 = 0.333,5-35-47-16-11-5 = 0.333,5-35-47-16-31-49-5 = 0.333,4-39-50-19-21-4 = 0.667,4-50-27-44-53-4 = 0.333,5-51-30-11-5 = 0.667,5-6-35-9-45-5 = 0.333,4-27-52-54-4 = 0.333,5-6-17-49-45-5 = 0.333,5-28-47-9-33-5 = 0.333,5-9-51-32-42-4 = 0.333
404,305,870.961,7.167,1.602,-1.062,Prune by UB,,4-50-52-54-4 = 0.5,5-55-23-29-41-5 = 1.0,5-37-48-5 = 1.0,5-22-40-36-5 = 1.0,5-12-42-4 = 1.0,5-28-31-45-5 = 0.167,5-16-9-45-5 = 0.333,4-25-34-20-4 = 0.167,4-39-19-27-44-49-5 = 0.5,4-38-46-4 = 0.5,4-38-46-19-21-4 = 0.5,4-26-24-14-4 = 1.0,5-33-45-5 = 0.333,4-8-18-15-43-4 = 0.167,4-8-18-15-43-5 = 0.833,4-25-34-53-4 = 0.833,4-10-13-7-4 = 0.167,5-6-16-10-32-4 = 0.5,5-6-9-51-30-5 = 0.333,4-44-54-52-4 = 0.5,4-20-13-7-4 = 0.833,5-28-47-35-31-17-5 = 0.833,5-35-47-16-32-53-4 = 0.167,4-39-50-27-21-4 = 0.5,5-51-30-11-5 = 0.667,5-9-11-33-5 = 0.333,5-6-17-49-45-5 = 0.167,4-10-32-33-49-5 = 0.333
235,135,871.021,4.625,2.169,-1.375,Prune by UB,,4-8-4 = 0.188,4-50-52-54-4 = 1.0,5-55-23-29-41-5 = 1.0,5-22-40-36-5 = 1.0,5-28-31-49-48-5 = 1.0,5-37-6-17-5 = 0.5,4-25-34-20-4 = 1.0,5-12-47-44-53-4 = 0.062,4-39-19-27-21-4 = 1.0,4-38-46-4 = 0.188,4-38-46-8-4 = 0.812,4-26-42-14-4 = 0.125,5-45-33-5 = 0.75,4-18-15-24-43-4 = 0.125,4-18-15-24-43-5 = 0.875,4-26-12-14-4 = 0.75,4-26-42-32-4 = 0.125,4-10-13-7-4 = 1.0,5-35-16-44-53-4 = 0.375,5-35-47-16-9-17-5 = 0.5,5-51-30-11-5 = 1.0,4-32-44-53-33-5 = 0.25,5-12-37-5 = 0.188,4-42-45-5 = 0.25,5-6-9-32-42-4 = 0.5,5-47-35-16-32-14-4 = 0.125,5-37-47-44-53-4 = 0.312
422,420,870.941,6.4,1.451,-0.473,Prune by UB,,4-50-52-54-4 = 0.4,5-55-23-29-41-5 = 1.0,5-22-40-36-5 = 1.0,5-37-9-11-5 = 0.2,5-11-32-42-4 = 0.1,5-37-6-31-49-5 = 0.5,4-25-34-20-4 = 0.2,4-39-19-27-21-4 = 0.4,4-39-19-27-44-49-5 = 0.2,4-38-46-8-4 = 1.0,4-26-42-14-4 = 0.1,4-26-24-14-4 = 0.1,4-26-18-15-43-4 = 0.1,5-33-45-5 = 1.0,4-18-15-24-43-4 = 0.9,4-26-12-14-4 = 0.7,4-25-34-53-4 = 0.8,4-13-7-27-21-4 = 0.2,4-10-32-42-4 = 0.8,4-10-51-30-4 = 0.2,5-6-9-51-30-5 = 0.5,4-44-54-52-4 = 0.6,4-20-13-7-4 = 0.8,5-28-17-48-5 = 1.0,5-35-47-16-11-5 = 0.7,5-35-47-16-31-49-5 = 0.3,4-39-50-19-21-4 = 0.4,4-50-27-44-53-4 = 0.2,5-31-9-51-30-5 = 0.2,5-12-37-5 = 0.3,5-9-51-32-30-14-4 = 0.1
277,74,871.094,5.826,2.638,-1.341,Prune by UB,,4-8-4 = 0.13,4-50-52-54-4 = 0.565,5-35-47-34-20-32-4 = 0.043,5-55-23-29-41-5 = 1.0,5-22-40-36-5 = 1.0,5-28-31-49-48-5 = 0.739,5-37-6-17-5 = 0.739,4-39-19-27-21-4 = 0.783,4-38-46-4 = 0.13,4-38-46-8-4 = 0.87,4-26-34-20-4 = 0.261,5-33-45-5 = 0.957,4-18-15-24-43-5 = 1.0,4-26-12-14-4 = 0.739,4-25-32-42-4 = 0.957,4-10-13-7-4 = 0.826,4-34-20-7-4 = 0.174,5-6-9-51-30-5 = 0.043,4-34-35-47-28-49-5 = 0.043,4-44-54-52-4 = 0.435,5-28-17-48-5 = 0.043,5-35-47-16-9-17-5 = 0.217,5-35-47-31-49-48-5 = 0.217,5-35-47-9-16-53-4 = 0.304,4-39-50-19-21-4 = 0.217,4-50-27-44-53-14-4 = 0.217,5-6-51-9-45-5 = 0.043,5-31-16-44-53-4 = 0.043,5-51-30-11-5 = 0.913,5-9-30-11-5 = 0.043,5-9-11-33-5 = 0.043,5-9-16-44-53-4 = 0.304,5-12-37-5 = 0.261,4-34-16-53-4 = 0.13,4-25-42-14-4 = 0.043,4-20-13-10-4 = 0.174,5-6-35-34-20-4 = 0.174,5-28-47-34-20-4 = 0.174
359,212,870.879,5.5,1.477,0.429,Prune by UB,,4-8-4 = 0.25,4-50-52-54-4 = 1.0,5-55-23-29-41-5 = 1.0,5-22-40-36-5 = 1.0,5-37-28-17-5 = 0.25,4-25-34-20-4 = 1.0,4-39-19-27-21-4 = 1.0,4-38-46-4 = 0.25,4-38-46-8-4 = 0.75,5-33-45-5 = 0.75,4-18-15-24-43-5 = 0.25,4-18-15-24-43-14-4 = 0.75,4-26-12-14-4 = 0.25,4-26-42-32-4 = 0.75,4-10-13-7-4 = 1.0,5-28-17-48-5 = 0.5,5-31-16-44-53-4 = 0.5,5-51-30-11-5 = 1.0,5-6-47-35-16-9-5 = 0.25,4-32-44-53-33-5 = 0.25,5-6-35-47-9-31-49-5 = 0.5,5-9-16-44-53-4 = 0.25,5-37-12-5 = 0.75,4-42-45-5 = 0.25,5-28-17-49-48-5 = 0.25,5-6-35-47-49-48-5 = 0.25
339,249,870.963,6.6,1.831,0.033,Prune by UB,,4-8-4 = 0.267,5-55-23-29-41-5 = 1.0,5-22-40-36-5 = 1.0,5-17-49-45-5 = 0.033,5-17-49-53-33-5 = 0.3,5-28-31-49-48-5 = 0.667,4-25-34-20-4 = 1.0,4-39-19-27-21-4 = 0.333,4-38-46-4 = 0.267,4-38-46-8-4 = 0.733,5-33-45-5 = 0.7,4-18-15-24-43-14-4 = 1.0,4-26-42-32-4 = 0.867,4-10-13-7-4 = 1.0,5-6-9-16-53-4 = 0.233,5-6-9-51-30-5 = 0.433,4-44-54-52-4 = 0.667,5-28-35-47-31-17-5 = 0.333,5-35-47-16-11-5 = 0.533,5-35-47-16-32-53-4 = 0.133,4-39-50-19-21-4 = 0.667,4-50-27-44-53-4 = 0.333,5-51-30-11-5 = 0.467,4-27-52-54-4 = 0.333,4-16-51-30-5 = 0.1,5-37-12-5 = 0.867,4-26-12-5 = 0.133,4-42-45-5 = 0.133,5-37-45-5 = 0.133,5-6-9-17-48-5 = 0.333
70,67,872.043,3.667,5.135,-5.0,Prune by UB,,4-8-4 = 1.0,4-50-52-54-4 = 1.0,5-55-23-29-41-5 = 1.0,5-37-48-5 = 0.333,5-22-40-36-5 = 1.0,5-37-28-17-5 = 0.333,5-12-42-4 = 1.0,5-28-31-49-48-5 = 0.333,5-37-6-17-5 = 0.333,4-25-34-20-4 = 1.0,4-39-27-44-53-4 = 1.0,4-38-46-19-21-4 = 1.0,5-45-33-5 = 0.333,4-18-15-24-43-14-4 = 1.0,4-10-13-7-4 = 1.0,5-28-17-48-5 = 0.333,5-35-47-16-11-5 = 0.333,5-35-47-16-31-49-5 = 0.667,5-6-51-9-45-5 = 0.667,5-51-11-33-5 = 0.333,5-9-11-33-5 = 0.333,4-26-32-30-5 = 1.0
210,177,870.826,8.733,2.218,1.259,Prune by UB,,4-8-4 = 0.2,4-50-52-54-4 = 1.0,5-55-23-29-41-5 = 1.0,5-22-40-36-5 = 1.0,5-17-49-53-33-5 = 0.067,5-28-31-49-48-5 = 0.667,5-37-6-17-5 = 0.267,4-25-34-20-4 = 0.8,4-39-19-21-4 = 0.267,4-39-19-27-21-4 = 0.467,4-39-19-27-44-49-5 = 0.267,4-38-46-4 = 0.2,4-38-46-8-4 = 0.8,5-45-33-5 = 0.533,4-18-15-24-43-14-4 = 1.0,4-26-42-32-4 = 0.533,4-25-34-53-4 = 0.2,4-13-7-27-21-4 = 0.267,4-10-13-7-4 = 0.533,4-10-32-42-4 = 0.467,5-6-9-51-30-5 = 0.267,4-20-13-7-4 = 0.2,5-35-16-44-53-4 = 0.267,5-35-16-33-5 = 0.133,5-35-16-31-17-5 = 0.133,5-37-47-31-17-5 = 0.2,5-51-30-11-5 = 0.733,5-9-11-33-5 = 0.267,5-47-16-44-53-4 = 0.467,5-6-35-9-45-5 = 0.467,5-37-12-5 = 0.533,5-47-28-17-48-5 = 0.333,4-26-12-5 = 0.467
273,241,870.941,5.111,1.88,0.611,Prune by UB,,4-8-4 = 0.111,4-50-52-54-4 = 1.0,5-55-23-29-41-5 = 1.0,5-22-40-36-5 = 1.0,5-12-26-4 = 0.667,5-28-31-49-48-5 = 1.0,5-37-6-17-5 = 1.0,4-25-34-20-4 = 0.222,4-39-19-27-21-4 = 1.0,4-38-46-4 = 0.111,4-38-46-8-4 = 0.889,5-45-33-5 = 1.0,4-18-15-24-43-14-4 = 1.0,4-25-20-7-4 = 0.111,4-25-32-42-4 = 0.667,4-10-13-7-4 = 0.444,4-34-13-7-4 = 0.444,4-42-30-5 = 0.333,4-20-13-44-53-4 = 0.111,5-35-34-44-53-4 = 0.333,5-35-47-16-51-9-5 = 0.667,5-51-30-11-5 = 0.333,4-32-30-11-5 = 0.333,5-47-16-9-11-5 = 0.333,4-20-10-44-53-4 = 0.556,4-26-12-5 = 0.333
402,219,870.987,7.1,1.402,0.517,Prune by UB,,4-8-4 = 0.15,4-50-52-54-4 = 1.0,5-55-23-29-41-5 = 1.0,5-37-48-5 = 1.0,5-22-40-36-5 = 1.0,5-12-28-17-5 = 0.45,5-28-31-45-5 = 0.05,5-28-31-44-53-4 = 0.05,4-25-20-10-4 = 1.0,5-12-47-44-53-4 = 0.05,4-39-19-27-21-4 = 1.0,4-38-46-4 = 0.15,4-38-46-8-4 = 0.85,4-18-15-24-43-4 = 0.5,4-18-15-24-43-14-4 = 0.5,5-6-28-31-17-5 = 0.3,4-26-12-14-4 = 0.5,4-26-42-32-4 = 0.5,4-34-13-7-4 = 1.0,4-42-30-4 = 0.5,5-35-16-44-53-4 = 0.3,5-35-47-16-31-49-5 = 0.6,5-35-47-9-45-5 = 0.1,5-6-51-9-45-5 = 0.45,5-51-30-11-5 = 0.5,5-51-11-33-5 = 0.05,5-9-11-33-5 = 0.45,5-47-16-44-53-4 = 0.1,4-32-44-53-33-5 = 0.5,5-6-17-49-45-5 = 0.25,5-47-28-49-45-5 = 0.15
215,134,870.561,8.857,1.95,3.857,Prune by UB,,4-8-4 = 0.071,4-50-52-54-4 = 0.571,5-55-23-29-41-5 = 1.0,5-22-40-36-5 = 1.0,5-28-31-49-48-5 = 0.714,5-37-6-17-5 = 0.429,5-16-9-45-5 = 0.143,4-25-34-20-4 = 0.286,4-39-19-27-21-4 = 0.357,4-39-19-27-44-49-5 = 0.286,4-38-46-4 = 0.071,4-38-46-8-4 = 0.929,4-26-24-14-4 = 0.286,4-26-18-15-43-4 = 0.286,5-45-33-5 = 0.643,4-18-15-24-43-4 = 0.5,4-18-15-24-43-5 = 0.214,4-26-12-14-4 = 0.429,4-25-34-53-4 = 0.714,4-13-7-27-21-4 = 0.286,4-10-32-42-4 = 1.0,5-6-17-48-5 = 0.071,5-6-16-44-53-4 = 0.214,4-44-54-52-4 = 0.429,4-20-13-7-4 = 0.714,5-28-35-47-31-17-5 = 0.286,5-35-47-9-45-5 = 0.143,4-39-50-19-21-4 = 0.357,4-50-27-44-53-4 = 0.071,5-51-30-11-5 = 0.714,5-47-16-9-11-5 = 0.286,5-6-35-9-45-5 = 0.071,5-9-16-33-5 = 0.357,5-37-12-5 = 0.571,5-47-35-51-30-14-4 = 0.286,5-6-35-17-48-5 = 0.214
248,175,871.281,2.0,2.218,-1.0,Prune by UB,,4-8-4 = 1.0,4-50-52-54-4 = 1.0,5-55-23-29-41-5 = 1.0,5-22-40-36-5 = 1.0,5-37-28-17-5 = 1.0,4-39-19-27-21-4 = 1.0,4-38-46-4 = 1.0,5-45-33-5 = 0.667,4-18-15-24-43-4 = 1.0,4-26-12-14-4 = 1.0,4-25-32-42-4 = 1.0,4-34-13-7-4 = 1.0,5-35-16-45-5 = 0.333,5-35-16-9-31-49-5 = 0.333,5-51-30-11-5 = 1.0,5-6-47-35-16-9-5 = 0.333,4-20-10-44-53-4 = 1.0,5-6-47-31-49-48-5 = 0.667,5-9-33-48-5 = 0.333
415,272,871.059,5.5,1.477,0.429,Prune by UB,,4-8-4 = 0.25,4-50-52-54-4 = 1.0,5-55-23-29-41-5 = 1.0,5-22-40-36-5 = 1.0,5-37-28-17-5 = 0.25,4-25-20-10-4 = 1.0,4-39-19-27-21-4 = 1.0,4-38-46-4 = 0.25,4-38-46-8-4 = 0.75,5-45-33-5 = 0.75,4-18-15-24-43-5 = 0.25,4-18-15-24-43-14-4 = 0.75,4-26-12-14-4 = 0.25,4-26-42-32-4 = 0.75,4-34-13-7-4 = 1.0,5-28-17-48-5 = 0.5,5-31-16-44-53-4 = 0.5,5-51-30-11-5 = 1.0,5-6-47-35-16-9-5 = 0.25,4-32-44-53-33-5 = 0.25,5-6-35-47-9-31-49-5 = 0.5,5-9-16-44-53-4 = 0.25,5-12-37-5 = 0.75,4-42-45-5 = 0.25,5-28-17-49-48-5 = 0.25,5-6-47-35-49-48-5 = 0.25
227,89,871.074,7.333,2.299,0.333,Prune by UB,,4-8-4 = 0.167,4-50-52-54-4 = 1.0,5-55-23-29-41-5 = 1.0,5-37-48-5 = 1.0,5-22-40-36-5 = 1.0,5-12-42-4 = 1.0,4-25-34-20-4 = 0.667,4-39-19-21-4 = 0.333,4-39-19-27-21-4 = 0.333,4-39-19-27-44-49-5 = 0.333,4-38-46-4 = 0.167,4-38-46-8-4 = 0.833,5-33-45-5 = 0.5,4-18-15-24-43-14-4 = 1.0,5-6-28-31-17-5 = 0.667,4-25-34-53-4 = 0.333,4-13-7-27-21-4 = 0.333,4-10-13-7-4 = 0.667,5-28-35-47-16-49-5 = 0.333,5-35-47-16-31-49-5 = 0.333,5-35-47-16-9-17-5 = 0.333,5-6-51-9-45-5 = 0.333,5-51-30-11-5 = 0.5,5-51-11-33-5 = 0.167,5-9-11-33-5 = 0.333,4-20-10-44-53-4 = 0.333,4-26-32-30-5 = 0.5,4-26-32-45-5 = 0.167,4-26-32-44-53-4 = 0.333
143,120,871.03,4.0,2.807,1.0,Prune by UB,,4-8-4 = 0.25,4-50-52-54-4 = 1.0,5-55-23-29-41-5 = 1.0,5-22-40-36-5 = 1.0,5-28-31-49-48-5 = 1.0,5-37-6-17-5 = 0.5,4-39-19-27-21-4 = 1.0,4-38-46-4 = 0.25,4-38-46-8-4 = 0.75,5-33-45-5 = 0.5,4-18-15-24-43-4 = 1.0,4-26-12-14-4 = 1.0,4-25-32-42-4 = 1.0,4-34-13-7-4 = 1.0,5-51-30-11-5 = 0.75,5-47-16-51-11-5 = 0.25,4-20-10-44-53-4 = 1.0,5-6-35-9-45-5 = 0.5,5-9-16-33-5 = 0.25,5-9-16-30-5 = 0.25,5-37-47-35-17-5 = 0.5,5-47-16-33-5 = 0.25
233,169,871.29,5.75,2.204,-0.583,Prune by UB,,4-8-4 = 0.328,4-50-52-54-4 = 1.0,5-55-23-29-41-5 = 1.0,5-22-40-36-5 = 1.0,5-12-30-5 = 1.0,5-37-28-17-5 = 1.0,4-25-34-20-4 = 0.656,4-39-19-27-21-4 = 1.0,4-38-46-4 = 0.328,4-38-46-8-4 = 0.672,5-45-33-5 = 0.125,4-18-15-24-43-14-4 = 0.828,4-26-42-32-4 = 0.656,4-25-34-53-4 = 0.047,4-25-20-7-4 = 0.031,4-10-13-7-4 = 0.672,4-34-13-7-4 = 0.297,5-6-16-44-53-4 = 0.594,4-20-13-44-53-4 = 0.031,5-35-47-16-11-5 = 0.047,5-35-47-31-49-48-5 = 0.953,5-6-51-9-45-5 = 0.406,5-31-16-44-53-4 = 0.047,5-51-11-33-5 = 0.281,5-51-16-45-5 = 0.312,5-9-11-33-5 = 0.594,4-32-11-45-5 = 0.078,4-20-10-44-53-4 = 0.281,4-26-24-5 = 0.172,4-26-18-15-43-14-4 = 0.172,4-42-45-5 = 0.078,4-25-32-42-5 = 0.266,4-10-44-49-48-5 = 0.047
335,238,870.941,8.317,1.485,1.749,Prune by UB,,4-8-4 = 0.087,5-55-23-29-41-5 = 1.0,5-37-48-5 = 1.0,5-22-40-36-5 = 1.0,5-17-49-53-33-5 = 0.238,5-28-31-16-32-4 = 0.5,4-25-20-10-4 = 0.444,4-25-20-13-4 = 0.278,4-39-19-27-21-4 = 0.333,4-38-46-4 = 0.087,4-38-46-8-4 = 0.913,4-18-15-24-43-4 = 1.0,4-26-12-14-4 = 1.0,4-25-20-7-4 = 0.278,4-10-13-7-4 = 0.198,4-34-10-32-53-4 = 0.357,4-34-13-7-4 = 0.524,4-42-30-4 = 0.476,4-42-30-5 = 0.524,4-34-35-47-28-49-5 = 0.119,4-44-54-52-4 = 0.667,5-28-35-47-9-51-32-4 = 0.071,5-28-47-35-31-17-5 = 0.31,5-35-47-16-11-5 = 0.238,5-35-47-16-31-49-5 = 0.19,5-35-47-16-32-53-4 = 0.071,4-39-50-19-21-4 = 0.667,4-50-27-44-53-4 = 0.333,5-6-51-9-45-5 = 0.548,5-51-11-33-5 = 0.381,5-9-11-33-5 = 0.381,4-27-52-54-4 = 0.333,5-6-17-49-45-5 = 0.452
423,133,871.075,2.0,0.98,1.0,Prune by UB,,4-8-4 = 0.031,4-50-52-54-4 = 0.875,5-35-47-34-25-4 = 1.0,5-55-23-29-41-5 = 1.0,5-22-40-36-5 = 1.0,5-28-31-49-48-5 = 1.0,5-37-6-17-5 = 1.0,4-39-19-27-21-4 = 0.938,4-38-46-4 = 0.031,4-38-46-8-4 = 0.969,5-45-33-5 = 0.656,4-18-15-24-43-5 = 1.0,4-26-12-14-4 = 1.0,4-10-32-42-4 = 0.875,4-44-54-52-4 = 0.125,4-20-13-7-4 = 1.0,4-39-50-19-21-4 = 0.062,4-50-27-44-53-4 = 0.062,5-51-30-11-5 = 1.0,4-10-53-33-5 = 0.125,4-32-44-53-33-5 = 0.125,5-9-16-44-53-4 = 0.688,4-42-45-5 = 0.031,4-42-33-5 = 0.094,4-16-9-45-5 = 0.312
405,367,870.881,8.333,1.312,2.333,Prune by UB,,4-8-4 = 0.111,5-55-23-29-41-5 = 1.0,5-37-48-5 = 1.0,5-22-40-36-5 = 1.0,5-17-49-53-33-5 = 0.556,5-12-28-17-5 = 0.444,5-28-31-45-5 = 0.556,4-25-34-20-4 = 0.889,4-39-19-27-21-4 = 0.333,4-38-46-4 = 0.111,4-38-46-8-4 = 0.889,5-45-33-5 = 0.444,4-18-15-24-43-4 = 0.556,4-18-15-24-43-14-4 = 0.444,4-26-12-14-4 = 0.556,4-26-42-32-4 = 0.444,4-25-34-53-4 = 0.111,4-10-13-7-4 = 0.889,4-10-32-42-4 = 0.111,5-6-9-51-30-5 = 0.556,4-44-54-52-4 = 0.667,4-20-13-7-4 = 0.111,5-35-47-16-11-5 = 0.556,5-35-47-16-31-49-5 = 0.444,4-39-50-19-21-4 = 0.667,4-50-27-44-53-4 = 0.333,4-32-30-11-5 = 0.444,4-27-52-54-4 = 0.333,5-6-9-51-42-4 = 0.444
240,71,871.027,7.2,2.312,1.287,Prune by UB,,4-8-4 = 0.3,4-50-52-54-4 = 1.0,5-55-23-29-41-5 = 1.0,5-22-40-36-5 = 1.0,5-12-30-5 = 0.2,4-25-34-20-4 = 0.6,4-39-19-27-21-4 = 1.0,4-38-46-4 = 0.3,4-38-46-8-4 = 0.7,5-33-45-5 = 0.6,4-18-15-24-43-14-4 = 1.0,5-6-28-49-48-5 = 1.0,4-26-42-32-4 = 0.6,4-25-32-42-4 = 0.3,4-10-13-7-4 = 0.6,4-34-13-7-4 = 0.4,4-42-30-5 = 0.1,5-35-16-44-53-4 = 0.6,5-35-16-31-17-5 = 0.2,5-37-47-31-17-5 = 0.6,5-51-30-11-5 = 0.6,5-9-11-33-5 = 0.4,5-47-16-51-9-17-5 = 0.2,4-20-10-44-53-4 = 0.4,4-25-32-30-5 = 0.1,5-35-51-9-45-5 = 0.2,5-12-37-5 = 0.4,4-26-12-5 = 0.4,5-47-31-9-45-5 = 0.2
318,128,870.979,9.667,2.018,1.987,Prune by UB,,4-8-4 = 0.167,4-50-52-54-4 = 0.5,5-55-23-29-41-5 = 1.0,5-22-40-36-5 = 1.0,4-25-34-20-4 = 0.5,4-39-19-27-21-4 = 0.75,4-38-46-4 = 0.167,4-38-46-8-4 = 0.833,4-26-42-14-4 = 0.167,5-45-33-5 = 0.833,4-18-15-24-43-4 = 0.5,4-18-15-24-43-5 = 0.5,5-6-28-49-48-5 = 0.583,4-26-12-14-4 = 0.583,4-26-42-32-4 = 0.25,4-25-34-53-4 = 0.5,4-10-13-7-4 = 0.5,4-10-32-42-4 = 0.5,4-44-54-52-4 = 0.5,4-20-13-7-4 = 0.5,5-35-16-45-5 = 0.167,5-35-16-44-53-4 = 0.25,5-35-16-9-31-49-5 = 0.417,5-37-47-31-17-5 = 0.583,4-39-50-19-21-4 = 0.25,4-50-27-44-53-14-4 = 0.25,5-51-30-11-5 = 1.0,5-12-37-5 = 0.417,5-47-28-17-48-5 = 0.25,5-28-47-9-33-5 = 0.167,5-6-9-32-42-4 = 0.083,5-6-9-17-48-5 = 0.167,5-6-35-16-9-32-4 = 0.167
328,293,871.212,5.5,1.988,0.5,Prune by UB,,4-50-52-54-4 = 1.0,5-55-23-29-41-5 = 1.0,5-22-40-36-5 = 1.0,5-11-42-14-4 = 0.125,5-11-30-14-4 = 0.125,5-28-31-49-48-5 = 0.375,4-39-19-27-21-4 = 1.0,4-38-46-8-4 = 1.0,4-26-24-14-4 = 0.625,4-26-18-15-43-4 = 0.25,5-45-33-5 = 0.75,4-18-15-24-43-4 = 0.375,5-6-28-49-48-5 = 0.125,4-26-12-14-4 = 0.125,4-25-32-42-4 = 0.875,4-34-13-7-4 = 1.0,5-6-9-51-30-5 = 0.625,5-28-17-48-5 = 0.5,5-35-16-31-17-5 = 0.125,5-35-47-16-11-5 = 0.375,5-35-47-16-31-49-5 = 0.375,5-35-47-16-51-17-5 = 0.125,5-37-47-31-17-5 = 0.125,5-6-51-9-45-5 = 0.125,5-9-11-33-5 = 0.25,4-32-30-11-5 = 0.125,4-20-10-44-53-4 = 1.0,5-12-37-5 = 0.875,5-6-17-49-45-5 = 0.125,4-25-51-30-5 = 0.125,4-18-15-43-4 = 0.375
127,92,871.296,7.095,3.335,0.095,Prune by UB,,4-8-4 = 0.143,4-50-52-54-4 = 0.429,5-55-23-29-41-5 = 1.0,5-22-40-36-5 = 1.0,5-37-6-31-49-5 = 0.714,5-37-6-17-5 = 0.238,4-25-34-20-4 = 0.333,4-39-19-27-21-4 = 0.286,4-39-19-27-44-49-5 = 0.286,4-38-46-4 = 0.143,4-38-46-8-4 = 0.857,5-45-33-5 = 0.524,4-18-15-24-43-4 = 1.0,4-26-12-14-4 = 1.0,4-25-34-53-4 = 0.667,4-13-7-27-21-4 = 0.286,4-10-13-7-4 = 0.048,4-10-32-42-4 = 0.952,4-44-54-52-4 = 0.571,4-20-13-7-4 = 0.667,5-28-17-48-5 = 0.476,5-35-16-45-5 = 0.476,5-35-16-42-4 = 0.048,5-35-47-31-16-9-5 = 0.286,5-35-47-9-16-53-4 = 0.19,4-39-50-19-21-4 = 0.429,4-50-27-44-53-4 = 0.143,5-51-30-11-5 = 1.0,5-47-28-17-48-5 = 0.286,5-28-47-9-33-5 = 0.238,5-9-33-48-5 = 0.238,5-37-6-9-32-4 = 0.048
198,107,871.315,7.141,2.754,0.081,Prune by UB,,4-8-4 = 0.303,5-55-23-29-41-5 = 1.0,5-22-40-36-5 = 1.0,5-12-30-5 = 0.061,5-17-49-53-33-5 = 0.364,5-28-31-49-48-5 = 0.636,4-25-34-20-4 = 1.0,4-39-19-27-21-4 = 0.333,4-38-46-4 = 0.303,4-38-46-8-4 = 0.697,5-33-45-5 = 0.525,4-18-15-24-43-14-4 = 1.0,4-26-42-32-4 = 0.899,4-10-13-7-4 = 1.0,5-6-9-51-30-5 = 0.313,4-42-30-5 = 0.101,4-44-54-52-4 = 0.667,5-35-16-33-5 = 0.111,5-35-16-31-17-5 = 0.111,5-35-31-17-48-5 = 0.091,5-37-47-31-17-5 = 0.162,4-39-50-19-21-4 = 0.667,4-50-27-44-53-4 = 0.333,5-51-30-11-5 = 0.424,4-32-30-11-5 = 0.101,5-47-16-51-11-5 = 0.263,5-47-16-9-11-5 = 0.212,5-6-35-9-45-5 = 0.475,4-27-52-54-4 = 0.333,5-37-12-5 = 0.838,5-47-28-17-48-5 = 0.273,5-28-47-16-53-4 = 0.091,4-26-12-5 = 0.101,5-6-35-16-53-4 = 0.212
225,224,871.261,5.267,2.304,0.6,Prune by UB,,4-8-4 = 0.067,4-50-52-54-4 = 0.5,5-55-23-29-41-5 = 1.0,5-37-48-5 = 1.0,5-22-40-36-5 = 1.0,5-17-49-45-5 = 0.1,5-17-49-53-33-5 = 0.1,4-39-19-27-44-49-5 = 0.5,4-38-46-4 = 0.067,4-38-46-8-4 = 0.933,5-45-33-5 = 0.9,4-18-15-24-43-4 = 0.6,4-18-15-24-43-5 = 0.4,5-6-28-31-17-5 = 0.7,4-26-12-14-4 = 1.0,4-25-32-42-4 = 1.0,4-13-7-27-21-4 = 0.5,4-10-13-7-4 = 0.167,4-34-13-7-4 = 0.167,4-34-20-10-4 = 0.833,4-44-54-52-4 = 0.5,4-20-13-7-4 = 0.167,5-35-47-16-9-17-5 = 0.1,5-35-47-9-16-53-4 = 0.9,4-39-50-19-21-4 = 0.5,5-51-30-11-5 = 1.0,5-6-28-31-49-5 = 0.3
203,165,871.178,5.8,1.971,1.229,Prune by UB,,4-50-52-54-4 = 1.0,5-55-23-29-41-5 = 1.0,5-37-48-5 = 0.2,5-22-40-36-5 = 1.0,5-37-28-17-5 = 0.2,5-12-42-4 = 1.0,5-28-31-49-48-5 = 0.4,5-37-6-17-5 = 0.6,4-25-34-20-4 = 0.6,4-39-19-27-21-4 = 1.0,4-38-46-4 = 1.0,4-26-24-14-4 = 1.0,5-33-45-5 = 1.0,4-8-18-15-43-5 = 1.0,5-6-28-49-48-5 = 0.2,4-10-13-7-4 = 0.6,4-34-13-7-4 = 0.4,5-28-35-47-31-17-5 = 0.2,5-35-47-16-31-49-5 = 0.2,5-35-47-31-49-48-5 = 0.2,5-51-16-44-53-4 = 0.4,5-9-30-11-5 = 0.2,4-32-30-11-5 = 0.4,5-6-9-51-16-32-4 = 0.2,4-20-10-44-53-4 = 0.4,4-25-32-30-5 = 0.4,5-9-16-44-53-4 = 0.2,5-35-47-9-51-11-5 = 0.4
400,313,871.522,8.222,2.286,-0.63,Prune by UB,,4-8-4 = 0.111,4-30-45-5 = 0.333,5-55-23-29-41-5 = 1.0,5-22-40-36-5 = 1.0,5-12-30-5 = 0.333,5-12-45-5 = 0.167,5-37-28-17-5 = 0.5,5-28-31-49-48-5 = 0.5,4-39-19-27-21-4 = 0.333,4-38-46-4 = 0.111,4-38-46-8-4 = 0.889,4-18-15-24-43-14-4 = 1.0,4-26-42-32-4 = 1.0,4-25-34-53-4 = 0.556,4-34-13-7-4 = 0.222,4-34-20-10-4 = 0.222,5-6-17-48-5 = 0.5,4-44-54-52-4 = 0.667,4-20-13-7-4 = 0.778,5-35-47-16-10-4 = 0.667,5-35-47-16-31-49-5 = 0.333,4-39-50-19-21-4 = 0.667,4-50-27-44-53-4 = 0.333,5-6-51-9-45-5 = 0.333,5-51-30-11-5 = 0.333,5-9-11-33-5 = 0.667,4-25-51-33-5 = 0.333,4-27-52-54-4 = 0.333,5-37-12-5 = 0.5,5-6-31-49-45-5 = 0.167,4-25-10-53-4 = 0.111
297,121,871.527,3.444,2.297,-0.556,Prune by UB,,4-8-4 = 0.222,4-50-52-54-4 = 1.0,5-55-23-29-41-5 = 1.0,5-22-40-36-5 = 1.0,5-37-28-49-5 = 0.222,5-37-28-17-5 = 0.778,4-39-19-27-21-4 = 1.0,4-38-46-4 = 0.222,4-38-46-8-4 = 0.778,5-45-33-5 = 1.0,4-18-15-24-43-4 = 1.0,4-26-12-14-4 = 1.0,4-25-32-42-4 = 1.0,4-34-13-7-4 = 1.0,5-6-9-51-30-5 = 0.333,5-35-16-49-48-5 = 0.111,5-35-47-16-11-5 = 0.333,5-51-30-11-5 = 0.667,4-20-10-44-53-4 = 1.0,5-47-35-31-49-48-5 = 0.556,5-6-9-17-48-5 = 0.222,5-6-31-16-9-5 = 0.444,5-47-16-49-48-5 = 0.111
330,136,871.485,6.233,2.219,0.033,Prune by UB,,4-8-4 = 0.017,4-50-52-54-4 = 0.233,5-55-23-29-41-5 = 1.0,5-22-40-36-5 = 1.0,5-28-31-49-48-5 = 0.833,4-39-19-27-21-4 = 0.617,4-38-46-4 = 0.017,4-38-46-8-4 = 0.983,4-26-42-14-4 = 0.083,4-26-24-14-4 = 0.25,4-26-18-15-43-5 = 0.25,5-45-33-5 = 0.667,4-18-15-24-43-5 = 0.75,5-6-28-31-17-5 = 0.167,4-26-42-32-4 = 0.417,4-25-34-53-4 = 0.917,4-10-32-42-4 = 0.5,5-6-17-48-5 = 0.167,5-6-9-45-14-4 = 0.167,5-6-9-33-14-4 = 0.333,4-44-54-52-4 = 0.617,4-20-13-7-4 = 1.0,5-35-47-16-10-4 = 0.5,5-35-47-16-9-17-5 = 0.5,4-39-50-19-21-4 = 0.383,4-50-27-44-52-4 = 0.15,4-50-27-44-53-14-4 = 0.083,5-51-30-11-5 = 1.0,5-12-37-5 = 1.0,5-6-17-49-45-5 = 0.167,4-50-27-44-54-4 = 0.15,4-25-34-32-14-4 = 0.083
221,220,871.755,4.0,2.8,-1.333,Prune by UB,,4-50-52-54-4 = 1.0,5-55-23-29-41-5 = 1.0,5-37-48-5 = 1.0,5-22-40-36-5 = 1.0,5-17-49-45-5 = 0.333,4-39-19-27-21-4 = 1.0,4-38-46-8-4 = 1.0,4-18-15-24-43-5 = 1.0,4-26-12-14-4 = 1.0,4-25-32-42-4 = 1.0,4-10-13-7-4 = 0.333,4-34-13-7-4 = 0.333,4-34-20-10-4 = 0.667,5-6-16-44-53-4 = 1.0,4-20-13-7-4 = 0.333,5-28-35-47-31-17-5 = 0.667,5-51-30-11-5 = 0.667,5-9-11-33-5 = 0.333,5-33-30-5 = 0.333,5-31-9-51-33-5 = 0.333,5-28-49-45-5 = 0.333,5-35-47-9-45-49-5 = 0.333
312,189,871.411,7.556,2.296,1.027,Prune by UB,,4-50-52-54-4 = 0.333,4-30-45-5 = 0.333,5-55-23-29-41-5 = 1.0,5-37-48-5 = 0.444,5-22-40-36-5 = 1.0,5-37-9-11-5 = 0.111,5-37-51-9-17-5 = 0.444,5-17-49-53-33-5 = 0.333,5-12-42-4 = 1.0,5-28-31-45-5 = 0.556,5-28-31-49-48-5 = 0.333,4-25-34-20-4 = 0.667,4-39-19-27-44-49-5 = 0.333,4-38-46-4 = 0.667,4-38-46-19-27-21-4 = 0.333,4-26-24-14-4 = 1.0,5-33-45-5 = 0.111,4-8-18-15-43-5 = 1.0,4-25-34-53-4 = 0.333,4-10-13-7-4 = 0.667,4-44-54-52-4 = 0.667,4-20-13-7-4 = 0.333,5-28-17-48-5 = 0.111,4-39-50-27-21-4 = 0.333,4-39-50-19-21-4 = 0.333,5-51-30-11-5 = 0.556,5-9-30-11-5 = 0.111,5-9-11-33-5 = 0.222,5-9-31-17-48-5 = 0.111,5-6-35-47-16-32-4 = 1.0,4-10-53-33-5 = 0.333
211,159,871.541,6.202,2.779,0.429,Prune by UB,,4-8-4 = 0.22,4-50-52-54-4 = 1.0,5-55-23-29-41-5 = 1.0,5-22-40-36-5 = 1.0,5-17-48-5 = 0.064,5-17-49-45-5 = 0.064,5-28-31-44-53-4 = 0.064,5-28-31-49-48-5 = 0.936,4-25-34-20-4 = 1.0,4-39-19-27-21-4 = 1.0,4-38-46-4 = 0.22,4-38-46-8-4 = 0.78,5-45-33-5 = 0.936,4-18-15-24-43-5 = 0.44,4-18-15-24-43-14-4 = 0.56,4-26-12-14-4 = 0.44,4-26-42-32-4 = 0.56,4-10-13-7-4 = 1.0,4-42-30-5 = 0.266,5-35-16-44-53-4 = 0.44,5-51-30-11-5 = 0.569,5-9-11-33-5 = 0.046,4-32-30-11-5 = 0.165,5-6-47-35-16-32-4 = 0.083,5-6-35-47-9-11-5 = 0.046,4-32-44-53-33-5 = 0.018,5-6-35-47-51-9-17-5 = 0.431,5-37-6-47-17-5 = 0.44,5-9-16-44-53-4 = 0.477,5-37-12-5 = 0.56,4-42-32-11-5 = 0.174
9,8,871.676,7.784,0.695,0.191,Prune by UB,,4-50-52-54-4 = 0.333,5-55-23-29-41-5 = 1.0,5-37-48-5 = 0.294,5-22-40-36-5 = 1.0,5-37-28-17-5 = 0.706,5-12-42-4 = 1.0,4-25-20-10-4 = 0.431,4-39-19-27-44-49-5 = 0.333,4-38-46-4 = 0.667,4-38-46-19-27-21-4 = 0.333,4-26-24-14-4 = 1.0,5-45-33-5 = 1.0,4-8-18-15-43-5 = 1.0,4-25-34-53-4 = 0.569,4-10-13-7-4 = 0.431,4-34-10-32-53-4 = 0.137,4-44-54-52-4 = 0.667,4-20-13-7-4 = 0.569,5-28-35-34-53-4 = 0.294,5-35-16-9-51-32-4 = 0.412,5-35-31-17-48-5 = 0.294,4-39-50-27-21-4 = 0.333,4-39-50-19-21-4 = 0.333,5-51-30-11-5 = 0.294,5-9-30-11-5 = 0.294,4-32-30-11-5 = 0.412,5-6-47-16-31-49-5 = 0.255,5-6-47-31-49-48-5 = 0.412,5-6-47-16-51-9-5 = 0.294,5-6-47-31-16-32-4 = 0.039
271,270,871.722,6.202,2.779,0.429,Prune by UB,,4-8-4 = 0.22,4-50-52-54-4 = 1.0,5-55-23-29-41-5 = 1.0,5-22-40-36-5 = 1.0,5-17-48-5 = 0.064,5-17-49-45-5 = 0.064,5-28-31-44-53-4 = 0.064,5-28-31-49-48-5 = 0.936,4-25-20-10-4 = 1.0,4-39-19-27-21-4 = 1.0,4-38-46-4 = 0.22,4-38-46-8-4 = 0.78,5-33-45-5 = 0.936,4-18-15-24-43-5 = 0.44,4-18-15-24-43-14-4 = 0.56,4-26-12-14-4 = 0.44,4-26-42-32-4 = 0.56,4-34-13-7-4 = 1.0,4-42-30-5 = 0.266,5-35-16-44-53-4 = 0.44,5-51-30-11-5 = 0.569,5-9-11-33-5 = 0.046,4-32-30-11-5 = 0.165,5-6-47-35-16-32-4 = 0.083,5-6-47-35-9-11-5 = 0.046,4-32-44-53-33-5 = 0.018,5-6-35-47-51-9-17-5 = 0.431,5-37-6-47-17-5 = 0.44,5-9-16-44-53-4 = 0.477,5-37-12-5 = 0.56,4-42-32-11-5 = 0.174
213,168,871.882,8.588,3.336,-0.078,Prune by UB,,4-8-4 = 0.157,5-55-23-29-41-5 = 1.0,5-22-40-36-5 = 1.0,5-37-28-17-5 = 0.941,5-37-28-31-5 = 0.059,5-12-42-4 = 1.0,4-25-20-10-4 = 0.333,4-39-19-27-21-4 = 0.333,4-38-46-4 = 0.157,4-38-46-8-4 = 0.843,4-18-15-24-43-5 = 0.667,4-18-15-24-43-14-4 = 0.333,4-25-34-53-4 = 0.333,4-10-32-30-14-4 = 0.667,4-34-13-7-4 = 0.333,4-44-54-52-4 = 0.667,4-20-13-7-4 = 0.667,5-35-16-45-5 = 0.471,5-35-16-49-48-5 = 0.118,5-35-47-16-11-5 = 0.118,5-35-47-16-31-49-5 = 0.294,4-39-50-19-21-4 = 0.667,4-50-27-44-53-4 = 0.333,5-6-51-9-45-5 = 0.412,5-51-30-11-5 = 0.118,5-51-11-33-5 = 0.471,5-9-11-33-5 = 0.294,5-9-31-17-48-5 = 0.059,4-26-25-4 = 0.333,4-26-34-53-4 = 0.333,4-26-32-30-5 = 0.216,4-26-32-45-5 = 0.118,5-6-47-31-49-48-5 = 0.588,4-27-52-54-4 = 0.333,5-9-33-48-5 = 0.235
232,110,871.551,8.889,2.985,2.18,Prune by UB,,4-8-4 = 0.111,4-50-52-54-4 = 0.333,5-55-23-29-41-5 = 1.0,5-22-40-36-5 = 1.0,5-28-31-49-48-5 = 1.0,5-37-6-17-5 = 0.556,4-39-19-27-21-4 = 0.667,4-38-46-4 = 0.111,4-38-46-8-4 = 0.889,5-33-45-5 = 1.0,4-18-15-24-43-4 = 0.444,4-18-15-24-43-5 = 0.556,4-26-12-14-4 = 0.556,4-26-42-32-4 = 0.444,4-25-20-7-4 = 0.444,4-10-32-42-4 = 0.111,4-10-32-30-14-4 = 0.444,4-34-10-13-4 = 0.444,4-34-13-7-4 = 0.556,4-44-54-52-4 = 0.667,5-35-47-16-11-5 = 0.444,5-35-47-16-9-17-5 = 0.444,5-35-47-9-16-53-4 = 0.111,4-39-50-19-21-4 = 0.333,4-50-27-44-53-4 = 0.333,5-51-30-11-5 = 0.556,5-12-37-5 = 0.444,5-6-9-51-42-4 = 0.444,4-25-20-53-4 = 0.556
253,62,871.966,6.0,3.464,-0.0,Prune by UB,,4-8-4 = 0.148,4-50-52-54-4 = 0.778,5-55-23-29-41-5 = 1.0,5-22-40-36-5 = 1.0,5-37-28-17-5 = 1.0,5-16-9-45-5 = 0.333,4-39-19-27-21-4 = 0.889,4-38-46-4 = 0.148,4-38-46-8-4 = 0.852,5-45-33-5 = 0.667,4-18-15-24-43-4 = 0.37,4-18-15-24-43-5 = 0.63,4-26-12-14-4 = 1.0,4-25-32-42-4 = 1.0,4-10-13-7-4 = 0.519,4-34-20-7-4 = 0.481,5-6-16-44-53-4 = 0.407,5-6-34-44-53-4 = 0.259,5-6-9-51-30-5 = 0.333,4-44-54-52-4 = 0.222,4-39-50-19-21-4 = 0.111,4-50-27-44-53-4 = 0.111,5-51-30-11-5 = 0.667,5-9-11-33-5 = 0.333,5-47-35-31-49-48-5 = 1.0,4-34-16-53-4 = 0.222,4-34-20-16-5 = 0.037,4-20-13-10-4 = 0.481
383,208,872.124,7.982,2.705,-0.296,Prune by UB,,5-55-23-29-41-5 = 1.0,5-22-40-36-5 = 1.0,5-12-30-4 = 0.09,5-28-31-49-48-5 = 0.054,5-37-6-17-5 = 0.09,4-25-34-20-4 = 0.441,4-39-19-27-21-4 = 0.333,4-38-46-4 = 1.0,4-26-24-14-4 = 1.0,5-45-33-5 = 0.468,4-8-18-15-43-4 = 1.0,5-6-28-49-48-5 = 0.198,4-25-34-53-4 = 0.559,4-10-13-7-4 = 0.441,4-10-32-42-4 = 0.559,5-6-31-16-53-4 = 0.108,4-42-30-4 = 0.441,4-44-54-52-4 = 0.667,4-20-13-7-4 = 0.559,5-28-17-48-5 = 0.658,5-28-35-47-31-17-5 = 0.09,5-35-47-16-31-49-5 = 0.658,5-35-47-16-9-17-5 = 0.162,5-35-47-31-49-48-5 = 0.09,4-39-50-19-21-4 = 0.667,4-50-27-44-53-4 = 0.333,5-6-51-9-45-5 = 0.532,5-51-11-33-5 = 0.396,5-9-11-30-4 = 0.099,5-9-11-33-5 = 0.135,4-32-30-11-5 = 0.369,5-6-9-51-16-32-4 = 0.072,4-27-52-54-4 = 0.333,5-12-37-5 = 0.91
291,88,872.208,7.2,3.185,-0.229,Prune by UB,,4-8-4 = 0.2,4-50-52-54-4 = 0.6,5-55-23-29-41-5 = 1.0,5-22-40-36-5 = 1.0,5-11-32-42-4 = 0.1,5-28-31-49-48-5 = 0.6,5-37-6-17-5 = 0.6,4-25-34-20-4 = 1.0,4-39-19-27-21-4 = 0.2,4-39-19-27-44-49-5 = 0.4,4-38-46-4 = 0.2,4-38-46-8-4 = 0.8,4-26-42-14-4 = 0.2,5-45-33-5 = 1.0,4-18-15-24-43-5 = 1.0,4-26-12-14-4 = 0.6,4-26-42-32-4 = 0.2,4-13-7-27-21-4 = 0.4,4-10-13-7-4 = 0.6,4-10-32-42-4 = 0.4,4-44-54-52-4 = 0.4,5-28-17-48-5 = 0.4,5-35-47-16-11-5 = 0.8,5-35-47-31-16-32-4 = 0.2,4-39-50-19-21-4 = 0.4,5-9-51-30-53-4 = 0.8,5-12-37-5 = 0.4,4-42-32-11-5 = 0.1,5-6-9-31-44-53-4 = 0.2,5-6-51-30-14-4 = 0.2
231,110,872.256,6.692,3.69,-0.017,Prune by UB,,4-8-4 = 0.154,4-50-52-54-4 = 0.462,5-55-23-29-41-5 = 1.0,5-22-40-36-5 = 1.0,5-28-31-49-48-5 = 1.0,5-37-6-17-5 = 0.769,4-25-20-13-4 = 1.0,4-39-19-27-21-4 = 0.538,4-38-46-4 = 0.154,4-38-46-8-4 = 0.846,5-33-45-5 = 1.0,4-18-15-24-43-4 = 0.231,4-18-15-24-43-5 = 0.769,4-7-27-44-53-4 = 0.385,4-26-12-14-4 = 0.769,4-26-42-32-4 = 0.231,4-10-32-42-4 = 0.154,4-10-32-30-14-4 = 0.231,4-34-10-7-4 = 0.615,4-34-32-42-4 = 0.385,4-44-54-52-4 = 0.538,5-35-47-16-11-5 = 0.231,5-35-47-16-9-17-5 = 0.231,5-35-47-9-16-53-4 = 0.538,4-39-50-19-21-4 = 0.462,4-50-27-44-53-4 = 0.077,5-51-30-11-5 = 0.769,5-12-37-5 = 0.231,5-6-9-51-42-4 = 0.231
384,208,872.211,9.0,2.792,0.722,Prune by UB,,5-55-23-29-41-5 = 1.0,5-22-40-36-5 = 1.0,5-37-28-17-5 = 0.333,5-12-24-5 = 0.667,5-11-42-14-4 = 0.333,5-28-31-49-48-5 = 0.333,5-37-6-17-5 = 0.333,5-16-9-45-5 = 0.333,4-25-34-20-4 = 0.333,4-39-19-27-21-4 = 0.333,4-38-46-8-4 = 1.0,4-26-18-15-43-5 = 0.667,5-45-33-5 = 0.667,4-18-15-24-43-4 = 0.333,4-25-34-53-4 = 0.667,4-10-13-7-4 = 0.333,4-10-32-30-14-4 = 0.667,4-44-54-52-4 = 0.667,4-20-13-7-4 = 0.667,5-28-17-48-5 = 0.333,5-35-47-16-11-5 = 0.333,5-35-47-16-31-49-5 = 0.333,5-35-47-31-49-48-5 = 0.333,4-39-50-19-21-4 = 0.667,4-50-27-44-53-4 = 0.333,5-51-11-33-5 = 0.333,4-26-32-30-5 = 0.333,4-27-52-54-4 = 0.333,5-12-37-5 = 0.333,5-6-9-51-42-4 = 0.667
306,131,872.463,7.472,3.438,-0.417,Prune by UB,,4-50-52-54-4 = 0.333,5-55-23-29-41-5 = 1.0,5-37-48-5 = 1.0,5-22-40-36-5 = 1.0,5-17-49-53-33-5 = 0.021,5-12-42-4 = 1.0,4-25-20-10-4 = 0.314,4-39-19-27-44-49-5 = 0.333,4-38-46-4 = 0.667,4-38-46-19-27-21-4 = 0.333,4-26-24-14-4 = 1.0,5-33-45-5 = 0.146,4-8-18-15-43-5 = 1.0,4-25-34-53-4 = 0.474,4-10-13-7-4 = 0.314,4-34-10-32-53-4 = 0.372,5-6-16-31-17-5 = 0.106,5-6-9-51-30-5 = 0.252,4-34-35-47-28-49-5 = 0.003,4-44-54-52-4 = 0.667,4-20-13-7-4 = 0.686,5-28-35-47-33-5 = 0.581,5-35-47-31-16-32-4 = 0.133,4-39-50-27-21-4 = 0.333,4-39-50-19-21-4 = 0.333,5-51-30-11-5 = 0.748,5-9-11-33-5 = 0.252,5-9-16-31-17-5 = 0.496,5-28-47-16-53-4 = 0.133,5-6-17-49-45-5 = 0.377,5-6-31-49-45-5 = 0.265,4-25-32-45-5 = 0.212,5-28-47-35-34-32-4 = 0.151,5-28-35-16-32-4 = 0.133
157,155,872.233,3.667,3.999,1.333,Prune by UB,,4-8-4 = 0.167,4-50-52-54-4 = 1.0,5-55-23-29-41-5 = 1.0,5-22-40-36-5 = 1.0,5-12-26-4 = 0.333,5-37-6-9-51-5 = 0.167,5-28-31-49-48-5 = 0.833,5-37-6-17-5 = 0.833,4-39-19-27-21-4 = 1.0,4-38-46-4 = 0.167,4-38-46-8-4 = 0.833,5-33-45-5 = 0.833,4-18-15-24-43-4 = 1.0,4-26-12-14-4 = 0.667,4-25-32-42-4 = 0.667,4-34-13-7-4 = 1.0,4-42-30-5 = 0.333,5-28-17-48-5 = 0.167,5-35-47-16-11-5 = 1.0,4-20-10-44-53-4 = 1.0,5-31-9-51-30-5 = 0.167,5-9-51-32-30-14-4 = 0.333,4-25-9-33-5 = 0.167,4-25-51-30-5 = 0.167,5-51-9-45-49-5 = 0.167
183,96,872.397,6.25,4.173,0.5,Prune by UB,,4-8-4 = 0.187,5-55-23-29-41-5 = 1.0,5-22-40-36-5 = 1.0,5-37-35-28-49-5 = 0.5,5-16-9-45-5 = 0.25,4-46-19-27-7-4 = 0.187,4-25-20-13-4 = 0.125,4-25-34-20-4 = 0.125,4-38-46-8-4 = 0.813,5-33-45-5 = 0.75,4-18-15-24-43-4 = 1.0,4-26-12-14-4 = 1.0,4-25-34-53-4 = 0.75,4-10-32-42-4 = 1.0,4-34-13-7-4 = 0.125,4-44-54-52-4 = 0.75,4-20-13-7-4 = 0.687,4-20-13-44-53-4 = 0.063,5-28-17-48-5 = 0.5,4-39-50-27-21-4 = 0.375,4-39-50-19-21-4 = 0.625,5-51-30-11-5 = 1.0,5-9-31-17-48-5 = 0.5,4-38-19-27-44-53-4 = 0.187,5-6-47-16-31-49-5 = 0.5,4-27-52-54-4 = 0.25,5-9-16-33-5 = 0.25,5-37-6-47-35-5 = 0.5
11,10,872.296,9.389,0.491,1.972,Prune by UB,,4-50-52-54-4 = 0.333,5-55-23-29-41-5 = 1.0,5-37-48-5 = 0.278,5-22-40-36-5 = 1.0,5-37-28-17-5 = 0.722,5-17-49-53-33-5 = 0.111,5-12-42-4 = 1.0,5-28-31-49-48-5 = 0.278,5-16-9-45-5 = 0.222,4-25-20-10-4 = 0.111,4-25-34-20-4 = 0.333,4-39-19-27-44-49-5 = 0.333,4-38-46-4 = 0.667,4-38-46-19-27-21-4 = 0.333,4-26-24-14-4 = 1.0,4-8-18-15-43-4 = 0.444,4-8-18-15-43-5 = 0.556,4-25-34-53-4 = 0.222,4-10-13-7-4 = 0.444,4-34-10-32-53-4 = 0.444,4-44-54-52-4 = 0.667,4-20-13-7-4 = 0.556,5-35-16-45-5 = 0.278,5-35-16-33-5 = 0.278,5-35-31-17-48-5 = 0.167,5-35-31-9-33-5 = 0.278,4-39-50-27-21-4 = 0.333,4-39-50-19-21-4 = 0.333,5-51-30-11-5 = 0.667,5-51-11-33-5 = 0.333,4-25-32-30-5 = 0.333,5-6-47-31-49-48-5 = 0.278,5-6-47-16-32-53-4 = 0.222,5-6-47-9-45-5 = 0.5
265,158,872.811,2.444,4.054,-0.156,Prune by UB,,4-8-4 = 0.022,4-50-52-54-4 = 0.941,5-55-23-29-41-5 = 1.0,5-22-40-36-5 = 1.0,5-12-26-4 = 0.556,5-12-30-5 = 0.111,5-11-30-14-4 = 0.667,5-28-31-49-48-5 = 1.0,5-37-6-17-5 = 1.0,4-39-19-27-21-4 = 0.97,4-38-46-4 = 0.022,4-38-46-8-4 = 0.978,5-33-45-5 = 0.926,4-18-15-24-43-5 = 1.0,4-26-12-14-4 = 0.333,4-25-32-42-4 = 0.889,4-34-13-7-4 = 1.0,4-42-30-5 = 0.111,4-44-54-52-4 = 0.044,5-35-47-16-51-9-5 = 0.926,4-39-50-19-21-4 = 0.03,4-50-27-44-52-4 = 0.015,5-9-11-33-5 = 0.074,4-32-30-11-5 = 0.111,4-20-10-44-53-4 = 0.926,4-26-25-4 = 0.111,4-50-27-44-54-4 = 0.015,5-47-35-51-16-53-4 = 0.074,5-11-45-5 = 0.074,4-20-10-11-5 = 0.074
411,409,872.756,4.067,3.165,0.233,Prune by UB,,4-8-4 = 0.067,4-50-52-54-4 = 1.0,5-55-23-29-41-5 = 1.0,5-37-48-5 = 1.0,5-22-40-36-5 = 1.0,5-28-31-33-5 = 0.2,4-39-19-27-21-4 = 1.0,4-38-46-4 = 0.067,4-38-46-8-4 = 0.933,4-18-15-24-43-4 = 0.4,4-18-15-24-43-5 = 0.6,4-26-12-14-4 = 1.0,4-25-32-42-4 = 1.0,4-10-13-7-4 = 0.467,4-34-13-7-4 = 0.067,4-34-20-10-4 = 0.533,4-34-35-31-17-5 = 0.2,4-20-13-7-4 = 0.467,5-28-35-47-33-5 = 0.8,5-51-30-11-5 = 1.0,5-9-16-44-53-4 = 1.0,5-6-17-49-45-5 = 0.6,5-6-31-49-45-5 = 0.4,4-34-47-31-17-5 = 0.2
413,410,872.823,6.467,3.458,0.244,Prune by UB,,4-8-4 = 0.017,4-50-52-54-4 = 0.333,5-55-23-29-41-5 = 1.0,5-37-48-5 = 1.0,5-22-40-36-5 = 1.0,5-17-49-53-33-5 = 0.15,4-39-19-27-21-4 = 0.667,4-38-46-4 = 0.017,4-38-46-8-4 = 0.983,5-45-33-5 = 0.583,4-18-15-24-43-4 = 0.783,4-18-15-24-43-5 = 0.217,4-26-12-14-4 = 1.0,4-25-32-42-4 = 1.0,4-10-13-7-4 = 0.567,4-34-20-7-4 = 0.433,5-6-9-16-53-4 = 0.517,4-34-35-47-28-49-5 = 0.433,4-44-54-52-4 = 0.667,5-28-47-35-31-17-5 = 0.5,4-39-50-19-21-4 = 0.333,4-50-27-44-53-4 = 0.333,5-51-30-11-5 = 1.0,5-9-16-31-17-5 = 0.217,5-9-16-33-5 = 0.267,5-6-17-49-45-5 = 0.133,5-6-31-49-45-5 = 0.283,4-20-13-10-4 = 0.433,5-6-35-34-20-4 = 0.067,5-28-47-34-20-4 = 0.067
140,138,873.002,6.964,5.236,-0.756,Prune by UB,,4-8-4 = 0.091,4-50-52-54-4 = 0.873,5-55-23-29-41-5 = 1.0,5-22-40-36-5 = 1.0,5-37-28-17-5 = 0.436,5-17-49-53-33-5 = 0.255,5-28-31-49-48-5 = 0.509,5-16-9-45-5 = 0.255,4-25-34-20-4 = 1.0,4-39-19-21-4 = 1.0,4-38-46-4 = 0.091,4-38-46-8-4 = 0.909,5-33-45-5 = 0.745,4-18-15-24-43-4 = 0.436,4-18-15-24-43-14-4 = 0.564,4-7-27-44-53-4 = 0.436,4-26-12-14-4 = 0.436,4-26-42-32-4 = 0.564,4-13-27-44-54-4 = 0.127,4-10-13-7-4 = 0.564,4-10-32-42-4 = 0.436,5-28-17-48-5 = 0.018,5-35-31-17-48-5 = 0.236,4-50-27-44-52-4 = 0.127,5-51-30-11-5 = 1.0,5-9-31-17-48-5 = 0.018,5-6-47-16-31-49-5 = 0.018,5-6-47-35-28-17-5 = 0.036,5-6-35-47-16-9-5 = 0.727,5-6-47-31-49-48-5 = 0.218,5-37-12-5 = 0.564,4-13-27-44-53-4 = 0.309
13,12,873.426,6.241,0.412,-2.846,Prune by UB,,4-50-52-54-4 = 0.333,5-55-23-29-41-5 = 1.0,5-37-48-5 = 0.167,5-22-40-36-5 = 1.0,5-37-28-17-5 = 0.833,5-12-42-4 = 1.0,4-25-10-51-32-4 = 0.056,4-25-20-10-4 = 0.074,4-25-34-20-4 = 0.056,4-39-19-27-44-49-5 = 0.333,4-38-46-4 = 0.667,4-38-46-19-27-21-4 = 0.333,4-26-24-14-4 = 1.0,4-8-18-15-43-4 = 0.722,4-8-18-15-43-5 = 0.278,4-25-34-53-4 = 0.778,4-10-13-7-4 = 0.13,4-10-32-30-5 = 0.741,4-44-54-52-4 = 0.667,4-20-13-7-4 = 0.87,5-28-35-34-53-4 = 0.167,5-35-16-45-5 = 0.444,5-35-31-17-48-5 = 0.167,5-35-31-51-30-5 = 0.167,4-39-50-27-21-4 = 0.333,4-39-50-19-21-4 = 0.333,5-51-16-45-5 = 0.389,5-9-11-33-5 = 1.0,4-25-32-30-5 = 0.037,5-6-47-31-49-48-5 = 0.667,5-6-47-16-51-32-4 = 0.167,5-6-47-51-45-5 = 0.167,5-35-51-30-53-4 = 0.056
321,288,872.609,6.548,3.316,2.548,Prune by UB,,4-8-4 = 0.31,4-50-52-54-4 = 1.0,5-55-23-29-41-5 = 1.0,5-22-40-36-5 = 1.0,5-12-25-4 = 0.06,5-37-9-11-5 = 0.06,4-39-19-27-21-4 = 1.0,4-38-46-4 = 0.31,4-38-46-8-4 = 0.69,4-26-42-4 = 0.25,5-33-45-5 = 0.726,4-18-15-24-43-14-4 = 1.0,5-6-28-49-48-5 = 0.643,5-6-28-31-17-5 = 0.357,4-26-42-32-4 = 0.75,4-34-13-7-4 = 0.81,4-34-20-10-4 = 0.19,4-20-13-7-4 = 0.19,5-35-47-16-11-5 = 0.167,5-35-47-16-9-17-5 = 0.548,5-35-47-31-49-48-5 = 0.262,5-35-47-9-45-5 = 0.024,5-31-16-44-53-4 = 0.286,5-51-30-11-5 = 0.5,5-9-11-33-5 = 0.274,5-9-31-17-48-5 = 0.095,4-25-51-30-4 = 0.5,4-20-10-44-53-4 = 0.619,4-25-10-44-49-5 = 0.095,5-12-37-5 = 0.94,4-25-32-45-5 = 0.25,4-25-10-53-4 = 0.095
193,102,872.947,8.167,4.572,0.5,Prune by UB,,4-8-4 = 0.139,4-50-52-54-4 = 1.0,5-55-23-29-41-5 = 1.0,5-37-48-5 = 1.0,5-22-40-36-5 = 1.0,5-17-49-53-33-5 = 0.167,5-28-31-16-32-4 = 0.667,4-25-34-20-4 = 0.444,5-12-35-47-17-5 = 0.333,4-39-19-27-21-4 = 1.0,4-38-46-4 = 0.139,4-38-46-8-4 = 0.861,4-26-24-14-4 = 0.167,4-26-18-15-43-4 = 0.167,4-18-15-24-43-4 = 0.333,4-18-15-24-43-5 = 0.333,4-18-15-24-43-14-4 = 0.167,4-26-12-14-4 = 0.667,4-25-20-7-4 = 0.056,4-25-32-42-4 = 0.333,4-10-13-7-4 = 0.556,4-34-13-7-4 = 0.389,4-42-30-5 = 0.667,4-20-13-44-53-4 = 0.056,5-28-35-47-16-49-5 = 0.333,5-35-47-31-44-53-4 = 0.333,5-6-51-9-45-5 = 0.5,5-51-30-11-5 = 0.25,5-51-11-33-5 = 0.25,5-9-11-33-5 = 0.5,4-20-10-44-53-4 = 0.444,5-33-30-5 = 0.083,4-25-34-44-4 = 0.167,5-6-17-49-45-5 = 0.5
406,367,873.107,6.111,3.537,0.111,Prune by UB,,4-8-4 = 0.083,5-55-23-29-41-5 = 1.0,5-37-48-5 = 1.0,5-22-40-36-5 = 1.0,5-17-49-53-33-5 = 0.333,5-11-45-49-5 = 0.333,5-16-32-42-4 = 0.333,4-25-34-20-4 = 1.0,4-39-19-27-21-4 = 0.222,4-38-46-4 = 0.083,4-38-46-8-4 = 0.917,5-45-33-5 = 0.389,4-18-15-24-43-4 = 0.278,4-18-15-24-43-5 = 0.722,4-26-12-14-4 = 1.0,4-10-13-7-4 = 1.0,5-6-9-51-30-5 = 0.306,4-42-30-5 = 0.028,4-44-54-52-4 = 0.444,5-28-47-35-31-17-5 = 0.667,4-39-50-19-21-4 = 0.778,4-50-27-44-53-4 = 0.222,5-31-16-44-53-4 = 0.333,4-32-30-11-5 = 0.667,4-27-52-54-4 = 0.556,5-28-47-16-53-4 = 0.056,5-6-9-51-42-4 = 0.639,5-35-47-9-45-49-5 = 0.056,5-47-16-45-5 = 0.222,5-35-28-49-33-5 = 0.278,5-6-51-16-53-4 = 0.056
395,268,872.934,6.75,3.152,2.417,Prune by UB,,4-8-4 = 0.292,4-50-52-54-4 = 1.0,5-55-23-29-41-5 = 1.0,5-22-40-36-5 = 1.0,4-39-19-27-21-4 = 1.0,4-38-46-4 = 0.292,4-38-46-8-4 = 0.708,5-45-33-5 = 0.375,4-18-15-24-43-14-4 = 1.0,4-26-42-32-4 = 1.0,4-10-13-7-4 = 0.042,4-34-13-7-4 = 0.667,4-34-20-10-4 = 0.333,5-6-16-44-53-4 = 0.375,4-20-13-7-4 = 0.292,5-28-17-48-5 = 0.625,5-35-47-16-31-49-5 = 0.5,5-35-47-31-49-48-5 = 0.125,5-31-16-44-53-4 = 0.125,5-51-30-11-5 = 0.375,5-9-11-33-5 = 0.625,4-25-51-30-4 = 0.375,4-20-10-44-53-4 = 0.375,5-6-35-9-45-5 = 0.375,4-25-10-44-49-5 = 0.125,5-37-12-5 = 1.0,5-47-28-17-48-5 = 0.25,5-6-31-49-45-5 = 0.25,4-25-51-30-5 = 0.25,4-25-10-53-4 = 0.125,4-25-47-28-17-5 = 0.125
311,189,873.257,6.611,4.142,0.083,Prune by UB,,4-50-52-54-4 = 0.333,5-55-23-29-41-5 = 1.0,5-22-40-36-5 = 1.0,5-37-28-49-5 = 0.444,5-37-28-17-5 = 0.278,5-37-28-31-5 = 0.278,5-12-42-4 = 0.944,5-45-49-48-5 = 0.222,4-25-34-20-4 = 0.389,4-39-19-27-44-49-5 = 0.333,4-38-46-4 = 0.667,4-38-46-19-27-21-4 = 0.333,4-26-24-14-4 = 1.0,5-33-45-5 = 0.556,4-8-18-15-43-5 = 1.0,5-12-42-5 = 0.056,4-25-34-53-4 = 0.611,4-10-13-7-4 = 0.389,4-44-54-52-4 = 0.667,4-20-13-7-4 = 0.611,4-39-50-27-21-4 = 0.333,4-39-50-19-21-4 = 0.333,5-51-30-11-5 = 1.0,5-9-31-17-48-5 = 0.722,5-6-35-47-16-32-4 = 1.0,4-10-53-33-5 = 0.389,5-9-33-48-5 = 0.056,4-10-9-45-5 = 0.222
403,305,873.466,7.213,4.106,-1.015,Prune by UB,,4-50-52-54-4 = 0.393,5-35-47-34-10-4 = 0.067,5-55-23-29-41-5 = 1.0,5-37-48-5 = 1.0,5-22-40-36-5 = 1.0,5-17-49-53-33-5 = 0.09,5-12-42-4 = 1.0,5-28-31-16-32-4 = 0.73,4-25-20-10-4 = 0.371,4-39-19-27-21-4 = 0.09,4-39-19-27-44-49-5 = 0.303,4-38-46-4 = 0.697,4-38-46-19-27-21-4 = 0.303,4-26-24-14-4 = 1.0,5-45-33-5 = 0.18,4-8-18-15-43-5 = 1.0,4-25-34-53-4 = 0.629,4-10-13-7-4 = 0.371,4-34-35-47-9-17-5 = 0.303,5-6-9-51-30-5 = 0.034,4-44-54-52-4 = 0.607,4-20-13-7-4 = 0.629,4-39-50-27-21-4 = 0.303,4-39-50-19-21-4 = 0.303,5-51-30-11-5 = 0.697,5-9-11-33-5 = 0.303,4-10-53-33-5 = 0.191,5-6-35-9-45-5 = 0.36,5-6-17-49-45-5 = 0.461,5-6-17-49-33-5 = 0.146,5-35-47-51-32-30-5 = 0.27,5-47-44-53-33-5 = 0.09,5-28-47-16-31-5 = 0.27
153,146,872.986,6.058,4.419,2.536,Prune by UB,,4-8-4 = 0.029,4-50-52-54-4 = 1.0,5-55-23-29-41-5 = 1.0,5-37-48-5 = 1.0,5-22-40-36-5 = 1.0,5-17-49-45-5 = 0.13,5-17-49-53-33-5 = 0.435,5-12-28-17-5 = 0.087,5-28-31-45-5 = 0.391,5-28-31-44-53-4 = 0.348,4-39-19-21-4 = 0.319,4-39-19-27-21-4 = 0.362,4-39-19-27-44-49-5 = 0.319,4-38-46-4 = 0.029,4-38-46-8-4 = 0.971,4-26-24-14-4 = 0.043,4-26-18-15-43-4 = 0.043,5-33-45-5 = 0.478,4-18-15-24-43-4 = 0.913,4-18-15-24-43-14-4 = 0.043,4-26-12-14-4 = 0.913,4-25-32-42-4 = 0.884,4-13-7-27-21-4 = 0.319,4-10-32-42-4 = 0.116,4-34-13-7-4 = 0.449,4-34-20-10-4 = 0.551,4-20-13-7-4 = 0.232,5-35-16-31-17-5 = 0.174,5-51-30-11-5 = 0.913,5-9-11-33-5 = 0.087,5-6-47-35-16-9-5 = 0.826,4-20-10-44-53-4 = 0.217,5-31-9-51-30-4 = 0.087,4-25-10-44-49-5 = 0.116,5-6-47-28-17-5 = 0.174
15,14,873.817,4.642,0.187,-1.544,Prune by UB,,4-50-52-54-4 = 0.321,5-55-23-29-41-5 = 1.0,5-37-48-5 = 0.094,5-22-40-36-5 = 1.0,5-37-28-17-5 = 0.906,5-12-42-4 = 1.0,4-46-19-27-7-4 = 0.075,4-25-20-13-4 = 0.019,4-25-34-20-4 = 0.925,4-39-19-27-21-4 = 0.132,4-39-19-27-44-49-5 = 0.189,4-38-46-4 = 0.736,4-38-46-19-27-21-4 = 0.189,4-26-24-14-4 = 1.0,4-8-18-15-43-4 = 0.283,4-8-18-15-43-5 = 0.717,4-25-34-53-4 = 0.057,4-10-13-7-4 = 0.906,4-34-13-7-4 = 0.019,4-44-54-52-4 = 0.679,4-20-13-44-53-4 = 0.057,5-28-17-48-5 = 0.094,5-35-16-45-5 = 0.717,5-35-16-33-5 = 0.189,4-39-50-27-21-4 = 0.34,4-39-50-19-21-4 = 0.34,4-32-30-11-5 = 1.0,4-38-19-27-44-53-4 = 0.075,5-6-47-31-49-48-5 = 0.811,5-35-51-9-45-5 = 0.094,5-6-47-31-45-5 = 0.189,5-9-51-33-53-4 = 0.811,5-9-51-16-10-4 = 0.094
369,317,873.952,7.733,4.538,0.733,Prune by UB,,4-8-4 = 0.067,4-50-52-54-4 = 0.333,5-55-23-29-41-5 = 1.0,5-37-31-17-5 = 0.733,5-22-40-36-5 = 1.0,5-12-45-5 = 0.133,4-25-34-20-4 = 0.533,4-39-19-27-21-4 = 0.667,4-38-46-4 = 0.067,4-38-46-8-4 = 0.933,5-45-33-5 = 0.867,4-18-15-24-43-4 = 0.267,4-18-15-24-43-5 = 0.733,5-6-28-49-48-5 = 0.733,4-26-12-14-4 = 0.733,4-26-42-32-4 = 0.267,4-25-34-53-4 = 0.467,4-10-13-7-4 = 0.533,4-10-32-42-4 = 0.467,4-44-54-52-4 = 0.667,4-20-13-7-4 = 0.467,5-35-47-16-9-17-5 = 0.267,5-35-47-9-16-53-4 = 0.2,4-39-50-19-21-4 = 0.333,4-50-27-44-53-4 = 0.333,5-51-30-11-5 = 1.0,5-37-9-31-49-5 = 0.267,5-35-47-16-48-5 = 0.267,5-6-9-32-42-4 = 0.267,5-28-35-47-16-14-4 = 0.267,5-12-33-5 = 0.133
258,229,874.337,5.0,5.442,-1.815,Prune by UB,,4-50-52-54-4 = 0.96,5-55-23-29-41-5 = 1.0,5-22-40-36-5 = 1.0,5-37-6-31-49-5 = 0.08,4-25-34-20-4 = 1.0,4-39-19-21-4 = 1.0,4-38-46-8-4 = 1.0,5-45-33-5 = 0.56,4-18-15-24-43-14-4 = 1.0,4-7-27-44-53-4 = 0.48,4-26-42-32-4 = 0.92,4-13-27-44-54-4 = 0.04,4-10-13-7-4 = 0.52,4-10-32-42-4 = 0.08,5-6-9-51-30-5 = 0.56,5-28-17-48-5 = 1.0,5-35-47-16-11-5 = 0.2,5-35-47-16-10-4 = 0.24,5-35-47-16-31-49-5 = 0.56,4-50-27-44-52-4 = 0.04,5-51-30-11-5 = 0.44,5-9-11-33-5 = 0.36,4-10-53-33-5 = 0.08,5-12-37-5 = 0.92,4-26-12-5 = 0.08,5-6-31-49-45-5 = 0.36,4-13-27-44-53-4 = 0.44,4-10-9-45-5 = 0.08
17,16,874.723,6.84,0.338,-1.104,Prune by UB,,4-50-52-54-4 = 0.574,5-55-23-29-41-5 = 1.0,5-37-48-5 = 0.447,5-22-40-36-5 = 1.0,5-37-28-17-5 = 0.553,5-17-49-53-33-5 = 0.34,5-12-42-4 = 1.0,5-28-31-49-48-5 = 0.447,4-25-34-20-4 = 0.702,4-39-19-27-21-4 = 0.362,4-39-19-27-44-49-5 = 0.213,4-38-46-4 = 0.787,4-38-46-19-27-21-4 = 0.213,4-26-24-14-4 = 1.0,4-8-18-15-43-4 = 1.0,4-25-34-53-4 = 0.298,4-10-13-7-4 = 0.851,4-44-54-52-4 = 0.426,4-20-13-7-4 = 0.149,5-35-16-45-5 = 0.021,5-35-16-44-53-4 = 0.213,5-35-16-33-5 = 0.213,5-35-31-17-48-5 = 0.106,4-39-50-27-21-4 = 0.213,4-39-50-19-21-4 = 0.213,5-51-16-45-5 = 0.266,4-32-30-11-5 = 1.0,4-20-10-44-53-4 = 0.149,5-6-47-16-51-9-5 = 0.287,5-6-47-9-45-5 = 0.713,5-35-31-51-33-5 = 0.447
296,115,874.682,8.0,5.741,2.222,Prune by UB,,4-8-4 = 0.111,5-55-23-29-41-5 = 1.0,5-22-40-36-5 = 1.0,5-12-26-4 = 0.25,5-37-35-9-17-5 = 0.5,4-25-20-10-4 = 0.056,4-25-34-20-4 = 0.278,4-39-19-27-21-4 = 0.333,4-38-46-4 = 0.111,4-38-46-8-4 = 0.889,5-45-33-5 = 0.5,4-18-15-24-43-14-4 = 1.0,5-6-28-49-48-5 = 1.0,4-26-42-32-4 = 0.5,4-25-34-53-4 = 0.667,4-10-13-7-4 = 0.389,4-10-32-42-4 = 0.5,4-34-20-10-4 = 0.056,4-44-54-52-4 = 0.667,4-20-13-7-4 = 0.611,5-35-31-9-33-5 = 0.5,4-39-50-19-21-4 = 0.667,4-50-27-44-53-4 = 0.333,5-51-30-11-5 = 1.0,5-47-16-31-17-5 = 0.5,4-27-52-54-4 = 0.333,5-12-37-5 = 0.5,4-26-12-5 = 0.25,5-47-16-45-5 = 0.5
19,18,875.501,7.5,0.326,-0.333,Prune by UB,,4-50-52-54-4 = 0.333,5-55-23-29-41-5 = 1.0,5-37-48-5 = 0.5,5-22-40-36-5 = 1.0,5-37-28-17-5 = 0.5,5-17-49-53-33-5 = 0.333,5-12-42-4 = 1.0,5-28-31-45-5 = 0.167,5-28-31-49-48-5 = 0.333,4-25-34-20-4 = 0.167,4-39-19-27-44-49-5 = 0.333,4-38-46-4 = 0.667,4-38-46-19-27-21-4 = 0.333,4-26-24-14-4 = 1.0,4-8-18-15-43-4 = 0.5,4-8-18-15-43-5 = 0.5,4-25-34-53-4 = 0.667,4-34-13-7-4 = 0.167,4-44-54-52-4 = 0.667,4-20-13-7-4 = 0.833,5-35-31-17-48-5 = 0.167,5-35-31-9-33-5 = 0.167,4-39-50-27-21-4 = 0.333,4-39-50-19-21-4 = 0.333,4-32-30-11-5 = 0.833,4-32-11-45-5 = 0.167,5-6-47-16-10-4 = 1.0,5-35-51-9-45-5 = 0.667,5-33-30-5 = 0.167,5-31-9-51-33-5 = 0.167,4-25-51-33-5 = 0.167
78,60,875.857,5.25,8.796,-0.417,Prune by UB,,5-55-23-29-41-5 = 1.0,5-37-48-5 = 0.25,5-22-40-36-5 = 1.0,5-37-28-17-5 = 0.75,4-25-34-20-4 = 0.778,4-39-19-21-4 = 1.0,4-38-46-8-4 = 1.0,5-33-45-5 = 1.0,4-18-15-24-43-4 = 1.0,4-26-12-14-4 = 1.0,4-25-32-42-4 = 0.222,4-10-13-7-4 = 0.222,4-10-32-42-4 = 0.778,4-34-13-7-4 = 0.222,4-44-54-52-4 = 0.333,4-20-13-7-4 = 0.222,5-28-17-48-5 = 0.25,4-53-54-52-4 = 0.333,5-35-16-9-31-49-5 = 0.5,4-50-27-44-53-4 = 0.667,5-51-30-11-5 = 1.0,5-6-47-35-16-9-5 = 0.5,5-6-47-31-49-48-5 = 0.5,4-27-52-54-4 = 0.333,4-50-13-7-4 = 0.333
21,20,876.803,7.87,0.203,0.129,Prune by UB,,4-50-52-54-4 = 0.444,5-55-23-29-41-5 = 1.0,5-37-48-5 = 0.431,5-22-40-36-5 = 1.0,5-37-28-17-5 = 0.569,5-17-49-53-33-5 = 0.181,5-12-42-4 = 1.0,5-28-31-49-48-5 = 0.319,5-16-9-45-5 = 0.569,4-25-20-10-4 = 0.255,4-25-34-20-4 = 0.204,4-39-19-27-21-4 = 0.167,4-39-19-27-44-49-5 = 0.278,4-38-46-4 = 0.722,4-38-46-19-27-21-4 = 0.278,4-26-24-14-4 = 1.0,4-8-18-15-43-4 = 1.0,4-25-34-53-4 = 0.542,4-10-13-7-4 = 0.602,4-34-20-10-4 = 0.144,4-44-54-52-4 = 0.556,4-20-13-7-4 = 0.398,5-28-35-34-53-4 = 0.111,5-35-16-45-5 = 0.042,5-35-16-44-53-4 = 0.167,5-35-16-9-31-49-5 = 0.222,5-35-31-17-48-5 = 0.25,5-35-31-9-33-5 = 0.208,4-39-50-27-21-4 = 0.278,4-39-50-19-21-4 = 0.278,4-32-30-11-5 = 1.0,5-6-47-51-33-5 = 0.611,5-6-47-51-45-5 = 0.389
24,22,878.402,3.389,1.223,-1.481,Prune by UB,,5-55-23-29-41-5 = 1.0,5-37-48-5 = 0.067,5-22-40-36-5 = 1.0,5-12-42-4 = 1.0,5-28-31-49-48-5 = 0.867,5-16-9-45-5 = 0.022,4-25-34-20-4 = 1.0,4-39-19-27-44-49-5 = 0.133,4-38-46-4 = 0.867,4-38-46-19-27-21-4 = 0.133,4-26-24-14-4 = 1.0,4-8-18-15-43-4 = 0.267,4-8-18-15-43-5 = 0.733,5-6-28-47-44-53-4 = 0.067,4-10-13-7-4 = 1.0,4-44-54-52-4 = 0.667,5-28-17-48-5 = 0.067,5-35-16-45-5 = 0.911,5-35-16-33-5 = 0.044,4-39-50-27-21-4 = 0.267,4-39-50-19-21-4 = 0.6,5-51-16-45-5 = 0.022,4-32-30-11-5 = 0.989,4-50-19-27-44-53-4 = 0.133,5-35-51-9-45-5 = 0.044,5-33-30-5 = 0.011,5-9-51-33-53-4 = 0.8,4-32-11-33-5 = 0.011,5-31-9-51-33-5 = 0.133,5-37-6-47-17-5 = 0.933,4-27-52-54-4 = 0.333
310,59,878.684,5.3,9.45,-0.2,Prune by UB,,5-55-23-29-41-5 = 1.0,5-37-48-5 = 0.1,5-22-40-36-5 = 1.0,5-17-54-52-4 = 0.3,5-17-48-5 = 0.1,5-17-49-53-33-5 = 0.2,5-28-31-49-48-5 = 0.8,5-16-9-45-5 = 0.2,4-25-34-20-4 = 1.0,4-39-19-21-4 = 1.0,4-38-46-8-4 = 1.0,5-33-45-5 = 0.8,4-18-15-24-43-5 = 0.3,4-18-15-24-43-14-4 = 0.7,4-26-12-14-4 = 0.3,4-26-42-32-4 = 0.7,4-10-13-7-4 = 0.7,4-10-32-42-4 = 0.3,4-44-54-52-4 = 0.3,4-53-54-52-4 = 0.1,4-50-27-44-53-4 = 0.7,5-51-30-11-5 = 1.0,5-6-47-35-16-9-5 = 0.8,5-37-6-47-17-5 = 0.2,4-27-52-54-4 = 0.3,5-12-37-5 = 0.7,5-28-35-31-17-5 = 0.2,4-50-13-7-4 = 0.3
26,23,879.83,4.021,0.296,-2.359,Prune by UB,,4-50-52-54-4 = 1.0,5-55-23-29-41-5 = 1.0,5-37-48-5 = 0.053,5-22-40-36-5 = 1.0,5-37-28-17-5 = 0.005,5-17-49-53-33-5 = 0.043,5-12-42-4 = 1.0,5-28-31-49-48-5 = 0.936,5-16-9-45-5 = 0.428,4-25-34-20-4 = 0.979,4-39-19-21-4 = 0.021,4-39-19-27-21-4 = 0.957,4-39-19-27-44-49-5 = 0.021,4-38-46-4 = 1.0,4-26-24-14-4 = 1.0,4-8-18-15-43-4 = 0.433,4-8-18-15-43-5 = 0.567,5-6-28-47-44-53-4 = 0.059,4-13-7-27-21-4 = 0.021,4-10-13-7-4 = 0.979,5-35-16-44-53-4 = 0.112,5-35-11-33-5 = 0.305,5-35-31-17-48-5 = 0.011,5-31-16-44-53-4 = 0.053,5-51-16-44-53-4 = 0.406,4-32-30-11-5 = 0.695,4-20-10-44-53-4 = 0.021,4-32-44-53-33-5 = 0.305,5-35-51-9-45-5 = 0.572,5-33-30-5 = 0.305,4-25-51-33-5 = 0.021,5-37-6-47-17-5 = 0.941,4-34-44-33-5 = 0.021
28,25,881.813,4.889,1.407,-0.929,Prune by UB,,4-50-52-54-4 = 1.0,5-55-23-29-41-5 = 1.0,5-22-40-36-5 = 1.0,5-12-42-4 = 1.0,5-45-49-48-5 = 0.111,5-11-45-49-5 = 0.222,5-37-35-28-49-5 = 0.444,4-25-34-20-4 = 1.0,4-39-19-27-21-4 = 1.0,4-38-46-4 = 1.0,4-26-24-14-4 = 1.0,4-8-18-15-43-4 = 0.222,4-8-18-15-43-5 = 0.778,5-6-28-47-44-53-4 = 0.556,4-10-13-7-4 = 1.0,5-35-16-45-5 = 0.222,5-35-16-44-53-4 = 0.222,5-35-16-9-31-49-5 = 0.111,5-51-16-45-5 = 0.444,5-9-31-17-48-5 = 0.556,4-32-30-11-5 = 0.778,4-32-44-53-33-5 = 0.222,5-37-9-31-49-5 = 0.111,5-33-30-5 = 0.222,5-51-33-48-5 = 0.333,5-31-9-51-33-5 = 0.222,5-37-6-47-17-5 = 0.444
30,27,884.617,5.345,2.782,1.095,Prune by UB,,4-50-52-54-4 = 1.0,5-55-23-29-41-5 = 1.0,5-37-48-5 = 1.0,5-22-40-36-5 = 1.0,5-12-42-4 = 1.0,5-11-45-49-5 = 0.418,4-25-34-20-4 = 0.455,4-39-19-27-21-4 = 1.0,4-38-46-4 = 1.0,4-26-24-14-4 = 1.0,4-8-18-15-43-4 = 1.0,5-6-28-47-44-53-4 = 0.073,4-25-34-53-4 = 0.182,4-10-13-7-4 = 0.727,4-34-35-28-17-5 = 0.182,4-20-13-7-4 = 0.273,5-35-16-45-5 = 0.364,5-35-16-44-53-4 = 0.055,5-35-16-9-31-49-5 = 0.4,5-51-16-45-5 = 0.109,5-9-16-31-17-5 = 0.073,4-32-30-11-5 = 0.582,4-20-10-44-53-4 = 0.273,4-32-44-53-33-5 = 0.109,4-32-30-44-53-4 = 0.309,5-31-9-51-33-5 = 0.527,4-25-51-33-5 = 0.364,5-6-47-34-44-49-5 = 0.182,5-6-47-28-17-5 = 0.745,5-45-30-4 = 0.109
32,29,885.657,2.778,0.157,-0.667,Prune by UB,,4-50-52-54-4 = 1.0,5-55-23-29-41-5 = 1.0,5-37-48-5 = 1.0,5-22-40-36-5 = 1.0,5-17-49-45-5 = 1.0,5-12-42-4 = 0.667,4-25-20-10-4 = 0.111,4-25-20-13-4 = 0.111,4-25-34-20-4 = 0.667,4-39-19-27-21-4 = 1.0,4-38-46-4 = 1.0,4-26-24-14-4 = 1.0,4-8-18-15-43-5 = 1.0,5-6-28-47-44-53-4 = 1.0,5-12-42-5 = 0.333,4-25-20-7-4 = 0.111,4-10-13-7-4 = 0.889,4-34-35-16-32-4 = 0.333,5-35-16-30-5 = 0.333,5-35-16-11-5 = 0.333,4-32-30-11-5 = 0.667,5-31-9-51-33-5 = 1.0
34,31,886.678,4.0,0.12,0.222,Prune by UB,,4-50-52-54-4 = 1.0,5-55-23-29-41-5 = 1.0,5-37-48-5 = 1.0,5-22-40-36-5 = 1.0,5-17-49-45-5 = 1.0,5-12-42-4 = 0.667,4-25-20-10-4 = 0.778,4-25-20-13-4 = 0.111,4-39-19-27-21-4 = 1.0,4-38-46-4 = 1.0,4-26-24-14-4 = 1.0,4-8-18-15-43-5 = 1.0,5-6-28-47-44-53-4 = 1.0,5-12-42-5 = 0.333,4-25-20-7-4 = 0.111,4-10-13-7-4 = 0.222,4-34-16-51-32-4 = 0.333,4-34-13-7-4 = 0.667,5-35-16-33-5 = 0.333,5-35-11-33-5 = 0.333,5-35-31-9-33-5 = 0.333,4-32-30-11-5 = 0.667,5-31-9-51-30-5 = 0.333,5-9-31-16-51-5 = 0.333
36,33,888.273,2.833,0.775,0.033,Prune by UB,,4-50-52-54-4 = 1.0,5-55-23-29-41-5 = 1.0,5-37-48-5 = 1.0,5-22-40-36-5 = 1.0,5-17-49-45-5 = 1.0,5-12-42-4 = 1.0,4-25-34-20-4 = 1.0,4-39-19-27-21-4 = 1.0,4-38-46-4 = 0.833,4-38-13-7-4 = 0.167,4-26-24-14-4 = 1.0,4-8-18-15-43-5 = 1.0,4-46-13-7-4 = 0.167,5-6-28-47-44-53-4 = 1.0,4-10-16-51-32-4 = 0.333,4-10-13-7-4 = 0.667,5-35-11-33-5 = 0.333,5-35-31-9-33-5 = 0.667,4-32-30-11-5 = 0.667,5-9-31-16-51-5 = 0.333,4-16-51-30-5 = 0.333
38,35,896.004,3.941,5.064,1.941,Prune by UB,,4-50-52-54-4 = 1.0,4-30-11-5 = 0.059,5-55-23-29-41-5 = 1.0,5-37-48-5 = 1.0,5-22-40-36-5 = 1.0,5-17-11-44-49-5 = 0.118,5-17-49-45-5 = 0.765,5-17-49-45-43-5 = 0.118,5-12-42-4 = 0.176,5-28-31-9-51-32-4 = 0.588,4-25-34-20-4 = 0.882,4-39-19-27-21-4 = 1.0,4-38-46-4 = 0.882,4-38-46-8-4 = 0.118,4-26-24-14-4 = 1.0,4-8-18-15-43-5 = 0.882,5-6-28-47-44-53-4 = 0.412,5-12-42-5 = 0.824,4-25-34-53-4 = 0.118,4-10-13-7-4 = 0.941,4-20-13-7-4 = 0.059,5-35-16-33-5 = 1.0,4-15-30-11-5 = 0.118,4-20-10-44-53-4 = 0.059,4-32-30-44-53-4 = 0.412,4-18-11-45-5 = 0.118,5-31-9-51-30-5 = 0.412,5-6-47-11-5 = 0.588
0,0,1001.619,0.0,1001.619,0.0,Prune by CG,,2-22-2 = 0.203,4-50-52-54-4 = 0.276,4-33-45-4 = 0.14,4-25-34-20-4 = 0.93,4-39-19-27-21-4 = 0.517,4-38-46-8-4 = 1.0,4-18-15-24-43-4 = 0.169,4-26-12-14-4 = 0.93,4-25-32-42-4 = 0.07,4-10-13-7-4 = 0.895,4-10-32-30-14-4 = 0.07,4-34-13-7-4 = 0.07,4-42-30-4 = 0.93,4-44-54-52-4 = 0.724,4-20-13-7-4 = 0.035,4-39-50-27-21-4 = 0.241,4-39-50-19-21-4 = 0.241,4-26-12-18-4 = 0.07,4-51-11-33-4 = 0.86,4-20-10-44-53-4 = 0.035,4-50-19-27-44-53-4 = 0.241,4-16-9-45-4 = 0.61,4-32-11-45-4 = 0.14,4-18-15-24-43-2 = 0.721,2-40-36-2 = 0.39,2-22-24-43-2 = 0.076,2-22-15-24-4 = 0.035,2-22-15-43-4 = 0.035,2-22-15-18-4 = 0.041,2-22-40-36-2 = 0.61,2-37-17-49-53-4 = 0.5,2-37-6-31-32-4 = 0.25,2-37-6-9-51-4 = 0.14,4-35-31-17-48-2 = 0.195,2-55-23-29-41-2 = 1.0,4-47-28-17-48-2 = 0.305,4-47-35-28-31-53-4 = 0.195,4-47-35-31-16-32-4 = 0.36,2-6-28-49-48-2 = 0.5,2-37-35-47-9-32-4 = 0.11,2-6-35-9-45-4 = 0.11,4-35-47-9-16-53-4 = 0.029
