id,parent,cgLowerBound,FS,rdtCG,rdtFS,Child,Child
0,0,773.023,10.333,773.023,10.333,1,2,8-33-41-8 = 0.667,8-42-26-8 = 0.667,8-42-26-25-7 = 0.333,8-45-41-8 = 0.333,8-45-52-19-8 = 0.333,8-58-56-22-9 = 0.333,8-45-33-19-8 = 0.333,8-58-52-19-8 = 0.333,8-58-27-53-59-9 = 0.333,9-46-24-31-9 = 0.5,9-46-29-9 = 0.5,9-55-30-9 = 1.0,9-29-24-31-9 = 0.5,9-54-16-21-7 = 0.667,9-54-16-28-7 = 0.333,9-48-37-27-53-9 = 0.333,9-48-13-22-9 = 0.667,9-13-52-44-8 = 0.333,7-40-50-32-7 = 1.0,7-34-36-17-7 = 0.333,7-34-17-25-7 = 0.667,7-23-11-7 = 1.0,10-35-38-47-43-10 = 0.5,10-35-14-39-10 = 0.5,7-28-60-57-37-59-9 = 0.667,10-14-38-47-43-10 = 0.5,10-39-15-12-10 = 0.5,10-15-12-10 = 0.5,7-36-56-44-8 = 0.667,10-18-51-49-20-10 = 1.0,7-60-57-27-53-21-7 = 0.333
1,0,776.083,8.5,3.06,-1.833,3,4,9-29-9 = 0.75,8-33-41-8 = 0.5,8-42-26-8 = 1.0,8-45-41-8 = 0.5,8-45-33-19-8 = 0.5,8-34-17-25-7 = 1.0,8-58-52-19-8 = 0.5,8-58-27-53-59-9 = 0.25,9-46-24-31-9 = 1.0,9-55-30-9 = 1.0,9-29-13-52-22-9 = 0.25,9-54-16-21-7 = 0.5,9-54-16-28-7 = 0.25,9-48-37-27-53-9 = 0.25,9-48-13-22-9 = 0.5,9-13-52-44-8 = 0.25,9-54-48-22-9 = 0.25,7-40-50-32-7 = 1.0,7-23-11-7 = 1.0,7-16-27-53-21-7 = 0.25,10-35-38-47-43-10 = 0.5,10-35-14-39-10 = 0.5,7-36-58-56-8 = 0.25,7-28-60-57-37-59-9 = 0.75,10-14-38-47-43-10 = 0.5,10-39-15-12-10 = 0.5,10-15-12-10 = 0.5,7-36-56-44-8 = 0.75,10-18-51-49-20-10 = 1.0,7-60-57-27-53-21-7 = 0.25
4,1,776.423,5.75,0.34,-2.75,5,6,9-29-9 = 1.0,8-41-8 = 1.0,8-42-26-8 = 0.75,8-42-26-25-7 = 0.25,8-45-33-19-9 = 0.25,8-58-56-22-9 = 0.25,8-45-33-19-8 = 0.75,8-34-17-25-7 = 0.75,8-34-36-17-7 = 0.25,9-48-59-9 = 0.125,9-46-24-31-9 = 1.0,9-55-30-9 = 1.0,9-54-16-21-7 = 0.125,9-54-16-28-7 = 0.125,9-48-37-27-53-7 = 0.125,9-13-52-44-8 = 1.0,9-54-48-22-9 = 0.75,7-40-50-32-7 = 1.0,7-23-11-7 = 1.0,7-16-27-53-21-7 = 0.75,10-35-38-47-43-10 = 0.5,10-35-14-39-10 = 0.5,7-36-58-56-8 = 0.75,7-28-60-57-37-59-9 = 0.875,10-14-38-47-43-10 = 0.5,10-39-15-12-10 = 0.5,10-15-12-10 = 0.5,10-18-51-49-20-10 = 1.0,7-60-57-27-53-21-7 = 0.125
6,4,779.04,6.096,2.617,0.346,7,8,9-29-9 = 1.0,8-41-8 = 1.0,8-42-26-8 = 0.75,8-42-26-25-7 = 0.25,8-45-33-19-9 = 0.25,8-58-56-22-9 = 0.25,8-45-33-19-8 = 0.75,8-34-17-25-7 = 0.75,8-34-36-17-7 = 0.25,9-48-59-9 = 0.125,9-46-24-31-9 = 1.0,9-55-30-9 = 1.0,9-54-16-21-7 = 0.125,9-54-16-28-7 = 0.125,9-48-37-27-53-7 = 0.125,9-13-52-44-8 = 1.0,9-54-48-22-9 = 0.75,7-40-50-32-7 = 1.0,7-23-11-7 = 1.0,7-16-27-53-21-7 = 0.75,10-35-51-20-43-10 = 0.154,10-35-14-39-10 = 0.231,7-36-58-56-8 = 0.75,7-28-60-57-37-59-9 = 0.875,10-14-38-47-43-10 = 0.769,10-39-38-47-20-10 = 0.231,10-12-49-20-10 = 0.077,10-15-12-10 = 0.462,10-18-51-49-20-10 = 0.462,10-18-51-49-12-10 = 0.385,7-60-57-27-53-21-7 = 0.125,10-35-39-15-10 = 0.538,10-35-18-12-10 = 0.077,10-18-49-20-43-10 = 0.077
7,6,779.865,8.375,0.826,2.279,9,10,9-29-9 = 1.0,8-41-8 = 1.0,8-42-26-8 = 0.812,8-42-26-25-7 = 0.188,8-45-33-52-22-9 = 0.125,8-58-56-22-9 = 0.25,8-45-33-19-8 = 0.875,8-34-17-25-7 = 0.812,8-34-36-17-7 = 0.188,8-58-52-19-8 = 0.125,9-48-59-9 = 0.375,9-46-24-31-9 = 1.0,9-55-30-9 = 1.0,9-54-16-28-7 = 0.25,9-48-13-22-9 = 0.25,9-13-52-44-8 = 0.75,9-54-48-22-9 = 0.375,7-40-50-32-7 = 0.625,7-40-50-32-10 = 0.375,7-23-11-7 = 1.0,7-16-54-53-7 = 0.375,7-16-27-53-21-7 = 0.375,7-28-60-57-27-53-7 = 0.063,10-35-51-20-43-10 = 0.125,10-35-51-49-10 = 0.5,10-35-14-39-10 = 0.375,7-28-60-36-57-21-7 = 0.063,10-18-39-37-27-21-7 = 0.375,7-36-58-56-8 = 0.562,7-28-60-57-37-59-9 = 0.625,10-14-38-47-43-10 = 0.625,10-39-38-47-20-10 = 0.25,10-15-12-10 = 1.0,7-60-57-58-44-8 = 0.062,7-36-56-44-8 = 0.187,10-18-51-49-20-10 = 0.375,7-60-57-27-53-21-7 = 0.187,10-18-49-20-43-10 = 0.125,10-18-38-47-20-43-10 = 0.125
10,7,780.9,5.25,1.035,-3.125,11,12,9-29-9 = 1.0,8-41-8 = 1.0,8-42-26-8 = 0.75,8-42-26-25-7 = 0.25,8-45-33-19-9 = 0.25,8-58-56-22-9 = 0.25,8-45-33-19-8 = 0.75,8-34-17-25-7 = 0.75,8-34-36-17-7 = 0.25,9-48-59-9 = 0.125,9-46-24-31-9 = 1.0,9-55-30-9 = 1.0,9-54-16-21-7 = 0.125,9-54-16-28-7 = 0.125,9-48-37-27-53-7 = 0.125,9-13-52-44-8 = 1.0,9-54-48-22-9 = 0.75,7-40-50-32-7 = 1.0,7-23-11-7 = 1.0,7-16-27-53-21-7 = 0.75,10-35-14-39-10 = 0.667,7-36-58-56-8 = 0.75,7-28-60-57-37-59-9 = 0.875,10-14-38-47-43-10 = 0.333,10-39-38-47-43-10 = 0.333,10-15-12-10 = 1.0,10-18-51-49-20-10 = 0.667,10-18-51-38-47-43-10 = 0.333,7-60-57-27-53-21-7 = 0.125,10-35-49-20-10 = 0.333
11,10,783.65,3.25,2.749,-2.0,13,14,9-29-9 = 1.0,8-41-8 = 1.0,8-42-26-8 = 0.75,8-42-26-25-7 = 0.25,8-45-33-19-9 = 0.25,8-58-56-22-9 = 0.25,8-45-33-19-8 = 0.75,8-34-17-25-7 = 0.75,8-34-36-17-7 = 0.25,9-48-59-9 = 0.125,9-46-24-31-9 = 1.0,9-55-30-9 = 1.0,9-54-16-21-7 = 0.125,9-54-16-28-7 = 0.125,9-48-37-27-53-7 = 0.125,9-13-52-44-8 = 1.0,9-54-48-22-9 = 0.75,7-40-50-32-7 = 1.0,7-23-11-7 = 1.0,7-16-27-53-21-7 = 0.75,7-36-58-56-8 = 0.75,7-28-60-57-37-59-9 = 0.875,10-14-38-47-43-10 = 1.0,10-15-12-10 = 1.0,10-18-51-49-20-10 = 1.0,7-60-57-27-53-21-7 = 0.125,10-35-39-10 = 1.0
13,11,784.012,3.429,0.362,0.179,15,16,7-11-7 = 0.714,9-29-9 = 1.0,8-41-8 = 1.0,8-42-26-25-7 = 1.0,8-45-33-19-9 = 0.143,8-58-56-22-9 = 0.286,8-45-33-19-8 = 0.857,8-34-36-17-7 = 0.286,9-48-59-9 = 0.143,9-46-24-31-9 = 1.0,9-55-30-9 = 1.0,9-54-16-21-7 = 0.143,9-54-16-28-7 = 0.143,9-48-37-27-53-9 = 0.143,9-13-52-44-8 = 1.0,9-54-48-22-9 = 0.714,7-40-50-32-7 = 1.0,7-23-11-7 = 0.286,7-16-27-53-21-7 = 0.714,7-23-34-17-7 = 0.714,7-36-58-56-8 = 0.714,7-28-60-57-37-59-9 = 0.857,10-14-38-47-43-10 = 1.0,10-15-12-10 = 1.0,10-18-51-49-20-10 = 1.0,7-60-57-27-53-21-7 = 0.143,10-35-39-10 = 1.0
15,13,784.418,4.5,0.406,1.071,17,18,9-29-9 = 1.0,8-41-8 = 1.0,8-42-26-25-7 = 1.0,8-58-56-22-9 = 0.5,8-45-33-19-8 = 1.0,9-48-59-9 = 0.25,9-46-24-31-9 = 1.0,9-55-30-9 = 1.0,9-54-16-21-7 = 0.5,9-48-37-27-53-9 = 0.25,9-13-52-44-8 = 1.0,9-54-48-22-9 = 0.5,7-40-50-32-7 = 1.0,7-34-36-17-7 = 0.5,7-34-17-7 = 0.5,7-23-11-7 = 1.0,7-16-27-53-21-7 = 0.5,7-36-58-56-8 = 0.5,7-28-60-57-37-59-9 = 0.75,10-14-38-47-43-10 = 1.0,10-15-12-10 = 1.0,10-18-51-49-20-10 = 1.0,7-28-60-57-27-53-9 = 0.25,10-35-39-10 = 1.0
18,15,784.633,0.0,0.215,-4.5,Integer,,9-29-9 = 1.0,8-41-8 = 1.0,8-42-26-25-7 = 1.0,8-45-33-19-8 = 1.0,8-34-17-7 = 1.0,9-46-24-31-9 = 1.0,9-55-30-9 = 1.0,9-13-52-44-8 = 1.0,9-54-48-22-9 = 1.0,7-40-50-32-7 = 1.0,7-23-11-7 = 1.0,7-16-27-53-21-7 = 1.0,7-36-58-56-8 = 1.0,7-28-60-57-37-59-9 = 1.0,10-14-38-47-43-10 = 1.0,10-15-12-10 = 1.0,10-18-51-49-20-10 = 1.0,10-35-39-10 = 1.0
2,0,776.044,5.167,3.022,-5.167,19,20,8-41-8 = 1.0,8-42-26-8 = 1.0,8-58-56-22-9 = 1.0,8-45-33-19-8 = 1.0,9-55-30-9 = 1.0,9-29-24-31-9 = 1.0,9-54-16-28-7 = 0.333,9-13-52-44-8 = 1.0,7-40-50-32-7 = 1.0,7-34-36-17-7 = 0.667,7-34-17-25-7 = 0.333,7-23-11-7 = 0.333,7-23-11-25-7 = 0.667,10-35-38-47-43-10 = 0.5,10-35-14-39-10 = 0.5,7-28-60-36-57-21-7 = 0.333,10-14-38-47-43-10 = 0.5,10-39-15-12-10 = 0.167,10-15-12-10 = 0.833,10-18-51-49-20-10 = 1.0,7-28-60-57-27-53-9 = 0.333,7-60-57-27-53-21-7 = 0.333,10-16-54-37-10 = 0.667,10-39-37-27-53-21-10 = 0.333,9-46-48-59-9 = 1.0
3,1,776.224,8.167,0.141,-0.333,21,22,9-29-9 = 1.0,8-33-41-8 = 1.0,8-45-19-44-8 = 0.333,8-42-26-8 = 0.667,8-42-26-25-7 = 0.333,8-45-52-19-8 = 0.667,8-58-56-22-9 = 0.333,8-58-27-53-59-9 = 0.333,9-46-24-31-9 = 1.0,9-55-30-9 = 1.0,9-54-16-21-7 = 0.667,9-54-16-28-7 = 0.333,9-48-37-27-53-9 = 0.333,9-48-13-22-9 = 0.667,9-13-52-44-8 = 0.333,7-40-50-32-7 = 1.0,7-34-36-17-7 = 0.333,7-34-17-25-7 = 0.667,7-23-11-7 = 1.0,10-35-38-47-43-10 = 0.5,10-35-14-39-10 = 0.5,7-36-58-56-8 = 0.333,7-28-60-57-37-59-9 = 0.667,10-14-38-47-43-10 = 0.5,10-39-15-12-10 = 0.5,10-15-12-10 = 0.5,7-36-56-44-8 = 0.333,10-18-51-49-20-10 = 1.0,7-60-57-27-53-21-7 = 0.333
21,3,778.313,6.55,2.089,-1.617,23,24,9-29-9 = 1.0,8-33-41-8 = 1.0,8-45-19-44-8 = 0.3,8-42-26-8 = 1.0,8-45-52-19-8 = 0.6,8-45-52-19-9 = 0.1,8-34-17-25-7 = 0.8,8-58-27-53-59-9 = 0.4,9-46-24-31-9 = 1.0,9-55-30-9 = 1.0,9-54-16-21-7 = 0.4,9-54-16-28-7 = 0.4,9-48-13-22-9 = 0.7,9-13-52-44-8 = 0.3,7-40-50-32-7 = 1.0,7-34-17-25-7 = 0.2,7-23-11-7 = 1.0,10-35-38-47-43-10 = 1.0,9-14-48-22-9 = 0.3,7-36-58-56-8 = 0.6,7-28-60-57-37-59-9 = 0.6,10-14-39-12-10 = 0.35,10-14-39-15-10 = 0.35,10-39-15-12-10 = 0.1,10-15-12-10 = 0.55,7-36-56-44-8 = 0.4,10-18-51-49-20-10 = 1.0,7-60-57-27-53-21-7 = 0.4,10-16-54-37-10 = 0.2,10-39-37-27-53-21-10 = 0.2
5,4,778.154,6.167,1.731,0.417,25,26,9-29-9 = 0.667,8-41-8 = 1.0,8-42-26-8 = 1.0,8-45-33-19-9 = 0.667,8-45-33-19-8 = 0.333,8-34-17-25-7 = 0.667,8-58-27-53-59-9 = 0.333,9-46-24-31-9 = 1.0,9-55-30-9 = 1.0,9-29-13-52-22-9 = 0.333,9-54-16-21-7 = 0.667,9-54-16-28-7 = 0.333,9-48-37-27-53-9 = 0.333,9-13-52-44-8 = 0.667,7-40-50-32-7 = 1.0,7-34-17-25-7 = 0.333,7-23-11-7 = 1.0,10-35-38-47-43-10 = 1.0,9-14-48-22-9 = 0.667,7-36-58-56-8 = 0.667,7-28-60-57-37-59-9 = 0.667,10-14-39-12-10 = 0.167,10-14-39-15-10 = 0.167,10-39-15-12-10 = 0.667,10-15-12-10 = 0.167,7-36-56-44-8 = 0.333,10-18-51-49-20-10 = 1.0,7-60-57-27-53-21-7 = 0.333
25,5,778.215,4.833,0.061,-1.333,27,28,9-29-9 = 0.667,8-41-8 = 1.0,8-42-26-8 = 1.0,8-45-33-19-9 = 0.333,8-45-33-19-8 = 0.667,8-34-17-25-7 = 1.0,8-58-27-53-59-9 = 0.333,9-46-24-31-9 = 1.0,9-55-30-9 = 1.0,9-29-13-52-22-9 = 0.333,9-54-16-21-7 = 1.0,9-48-37-27-53-9 = 0.333,9-13-52-44-8 = 0.667,7-40-50-32-7 = 1.0,7-23-11-7 = 1.0,10-35-38-47-43-10 = 1.0,9-14-48-22-9 = 0.667,7-36-58-56-8 = 0.667,7-28-60-57-37-59-9 = 0.667,10-14-39-12-10 = 0.167,10-14-39-15-10 = 0.167,10-39-15-12-10 = 0.667,10-15-12-10 = 0.167,7-36-56-44-8 = 0.333,10-18-51-49-20-10 = 1.0,7-28-60-57-27-53-9 = 0.333
19,2,778.576,4.25,2.532,-0.917,29,30,8-41-8 = 1.0,8-42-26-8 = 1.0,8-58-56-22-9 = 1.0,8-45-33-19-8 = 1.0,9-55-30-9 = 1.0,9-29-24-31-9 = 1.0,9-54-16-28-7 = 0.25,9-13-52-44-8 = 1.0,7-40-50-32-7 = 1.0,7-34-36-17-7 = 0.75,7-34-17-25-7 = 0.25,7-23-11-7 = 0.25,7-23-11-25-7 = 0.75,10-35-38-47-43-10 = 1.0,7-28-60-36-57-21-7 = 0.25,10-14-39-12-10 = 0.5,10-14-39-15-10 = 0.5,10-15-12-10 = 0.5,10-18-51-49-20-10 = 1.0,7-28-60-57-27-53-9 = 0.25,7-60-57-27-53-21-7 = 0.5,10-16-54-37-10 = 0.75,9-46-48-59-9 = 1.0,7-28-37-27-53-21-7 = 0.25
26,5,778.696,4.643,0.542,-1.524,31,32,9-29-9 = 1.0,8-41-8 = 1.0,8-42-26-8 = 0.714,8-42-26-25-7 = 0.286,8-45-33-19-9 = 0.143,8-58-56-21-7 = 0.071,8-58-56-22-9 = 0.214,8-45-33-19-8 = 0.857,8-34-17-25-7 = 0.714,8-34-36-17-7 = 0.286,9-48-59-9 = 0.143,9-46-24-31-9 = 1.0,9-55-30-9 = 1.0,9-54-16-28-7 = 0.143,9-48-37-27-53-7 = 0.071,9-13-52-44-8 = 1.0,9-54-48-22-9 = 0.786,7-40-50-32-7 = 1.0,7-23-11-7 = 1.0,7-16-27-53-21-7 = 0.786,10-35-38-47-43-10 = 1.0,7-36-58-56-8 = 0.714,7-28-60-57-37-59-9 = 0.857,10-14-39-12-10 = 0.5,10-14-39-15-10 = 0.5,10-15-12-10 = 0.5,10-18-51-49-20-10 = 1.0,7-60-57-27-53-21-7 = 0.143,10-16-54-37-10 = 0.071
29,19,778.838,2.625,0.262,-1.625,33,34,8-41-8 = 1.0,8-42-26-8 = 1.0,8-58-56-22-9 = 1.0,8-45-33-19-8 = 1.0,9-55-30-9 = 1.0,9-29-24-31-9 = 1.0,9-54-16-28-7 = 0.25,9-13-52-44-8 = 1.0,7-34-36-17-7 = 0.75,7-34-17-25-7 = 0.125,7-23-11-7 = 0.875,7-23-34-17-7 = 0.125,10-35-38-47-43-10 = 1.0,7-28-60-36-57-21-7 = 0.25,10-14-39-12-10 = 1.0,10-15-50-32-10 = 1.0,7-40-25-7 = 0.875,7-40-11-7 = 0.125,10-18-51-49-20-10 = 1.0,7-28-60-57-27-53-9 = 0.25,7-60-57-27-53-21-7 = 0.5,10-16-54-37-10 = 0.75,9-46-48-59-9 = 1.0,7-28-37-27-53-21-7 = 0.25
27,25,778.539,4.778,0.324,-0.056,35,36,9-29-9 = 0.667,8-41-8 = 1.0,8-42-26-8 = 1.0,8-45-33-19-9 = 0.333,8-45-33-19-8 = 0.667,8-34-17-25-7 = 1.0,8-58-27-53-59-9 = 0.333,9-46-24-31-9 = 1.0,9-55-30-9 = 1.0,9-29-13-52-22-9 = 0.333,9-54-16-21-7 = 1.0,9-48-37-27-53-9 = 0.333,9-13-52-44-8 = 0.667,7-40-50-32-7 = 1.0,7-23-11-7 = 1.0,10-35-38-47-43-10 = 0.889,10-35-14-38-10 = 0.111,9-14-48-22-9 = 0.667,7-36-58-56-8 = 0.667,7-28-60-57-37-59-9 = 0.667,10-14-39-15-10 = 0.111,10-39-15-12-10 = 0.889,7-36-56-44-8 = 0.333,10-18-51-49-20-10 = 0.889,10-18-51-49-12-10 = 0.111,7-28-60-57-27-53-9 = 0.333,10-14-47-20-43-10 = 0.111
35,27,788.486,0.0,9.947,0.0,Prune by CG,,9-29-9 = 1.0,8-41-8 = 1.0,8-42-26-8 = 1.0,8-45-33-52-22-9 = 0.333,8-45-33-19-8 = 0.667,8-34-17-25-7 = 0.667,8-58-52-19-8 = 0.333,8-58-27-53-59-9 = 0.333,9-46-24-31-9 = 1.0,9-55-30-9 = 1.0,9-54-16-21-7 = 1.0,9-48-37-27-53-9 = 0.333,9-48-13-22-9 = 0.667,9-13-52-44-8 = 0.333,7-40-50-32-7 = 1.0,7-34-17-25-7 = 0.333,7-23-11-7 = 1.0,7-28-60-57-27-53-7 = 0.333,10-35-14-38-10 = 1.0,7-36-58-56-8 = 0.333,7-28-60-57-37-59-9 = 0.667,10-39-15-10 = 0.5,10-39-15-12-10 = 0.5,7-36-56-44-8 = 0.667,10-18-51-49-12-10 = 0.5,10-18-51-47-20-43-10 = 0.5,10-49-47-20-43-10 = 0.5
22,3,778.708,8.236,2.484,0.069,37,38,9-29-9 = 1.0,8-33-41-8 = 1.0,8-45-19-44-8 = 0.375,8-42-26-8 = 0.875,8-42-26-25-7 = 0.125,8-45-52-19-8 = 0.625,8-58-56-22-9 = 0.125,8-34-17-25-7 = 0.625,8-34-36-17-7 = 0.125,8-58-27-53-59-9 = 0.25,9-46-24-31-9 = 1.0,9-55-30-9 = 1.0,9-54-16-21-7 = 0.375,9-54-16-28-7 = 0.25,9-48-37-27-53-7 = 0.125,9-48-13-22-9 = 0.625,9-13-52-44-8 = 0.375,9-54-48-22-9 = 0.25,7-40-50-32-7 = 0.875,7-40-50-32-10 = 0.125,7-34-17-25-7 = 0.25,7-23-11-7 = 1.0,7-16-54-53-7 = 0.125,7-16-27-53-21-7 = 0.25,10-35-51-20-10 = 0.056,10-35-51-20-43-10 = 0.139,10-35-14-39-10 = 0.139,10-18-39-37-27-21-7 = 0.125,7-36-58-56-8 = 0.625,7-28-60-57-37-59-9 = 0.75,10-14-38-47-43-10 = 0.861,10-39-38-47-20-10 = 0.139,10-12-49-20-10 = 0.194,10-15-12-10 = 0.403,7-36-56-44-8 = 0.25,10-18-51-49-20-10 = 0.472,10-18-51-49-12-10 = 0.333,7-60-57-27-53-21-7 = 0.25,10-35-39-15-10 = 0.597,10-35-18-12-10 = 0.069
36,27,778.617,5.5,0.079,0.722,39,40,9-29-9 = 0.667,8-41-8 = 1.0,8-42-26-8 = 1.0,8-45-33-19-9 = 0.333,8-45-33-19-8 = 0.667,8-34-17-25-7 = 1.0,8-58-27-53-59-9 = 0.333,9-46-24-31-9 = 1.0,9-55-30-9 = 1.0,9-29-13-52-22-9 = 0.333,9-54-16-21-7 = 1.0,9-48-37-27-53-9 = 0.333,9-13-52-44-8 = 0.667,7-40-50-32-7 = 1.0,7-23-11-7 = 1.0,10-35-38-47-43-10 = 1.0,9-14-48-22-9 = 0.667,7-36-58-56-8 = 0.667,7-28-60-57-37-59-9 = 0.667,10-14-39-15-10 = 0.333,10-39-15-12-10 = 0.667,10-12-49-20-10 = 0.167,7-36-56-44-8 = 0.333,10-18-51-20-10 = 0.167,10-18-51-49-20-10 = 0.667,10-18-51-49-12-10 = 0.167,7-28-60-57-27-53-9 = 0.333
40,36,778.631,5.0,0.013,-0.5,41,42,10-12-10 = 0.333,9-29-9 = 0.667,8-41-8 = 1.0,8-42-26-8 = 1.0,8-45-33-19-9 = 0.333,8-45-33-19-8 = 0.667,8-34-17-25-7 = 1.0,8-58-27-53-59-9 = 0.333,9-46-24-31-9 = 1.0,9-55-30-9 = 1.0,9-29-13-52-22-9 = 0.333,9-54-16-21-7 = 1.0,9-48-37-27-53-9 = 0.333,9-13-52-44-8 = 0.667,7-40-50-32-7 = 1.0,7-23-11-7 = 1.0,10-35-38-47-43-10 = 1.0,9-14-48-22-9 = 0.667,7-36-58-56-8 = 0.667,7-28-60-57-37-59-9 = 0.667,10-14-39-15-10 = 0.333,10-39-15-12-10 = 0.667,7-36-56-44-8 = 0.333,10-18-51-49-20-10 = 1.0,7-28-60-57-27-53-9 = 0.333
41,40,778.666,2.0,0.036,-3.0,43,44,9-29-9 = 0.5,8-41-8 = 1.0,8-42-26-8 = 1.0,8-45-33-19-9 = 1.0,8-34-17-25-7 = 1.0,9-46-24-31-9 = 1.0,9-55-30-9 = 1.0,9-54-16-21-7 = 1.0,9-13-52-44-8 = 1.0,7-40-50-32-7 = 1.0,7-23-11-7 = 1.0,10-35-38-47-43-10 = 1.0,9-14-48-22-9 = 1.0,7-36-58-56-8 = 1.0,7-28-60-57-37-59-9 = 0.5,10-39-15-12-10 = 1.0,10-18-51-49-20-10 = 1.0,7-28-60-57-27-53-9 = 0.5,9-29-37-27-53-59-9 = 0.5
43,41,784.825,0.0,6.158,0.0,Prune by CG,,8-41-8 = 0.909,8-42-26-8 = 1.0,8-45-33-19-9 = 0.909,8-45-41-8 = 0.091,8-54-16-21-7 = 0.545,8-33-13-52-8 = 0.091,8-34-17-25-7 = 0.455,8-58-52-19-9 = 0.091,9-46-24-31-9 = 0.909,9-46-29-24-59-9 = 0.091,9-55-30-9 = 1.0,9-29-31-59-9 = 0.091,9-54-16-21-7 = 0.455,9-13-52-44-8 = 0.818,7-40-50-32-7 = 1.0,7-34-17-25-7 = 0.273,7-23-11-7 = 1.0,7-34-60-28-17-7 = 0.273,7-28-60-57-36-25-7 = 0.273,10-35-38-47-43-10 = 1.0,9-14-48-22-9 = 0.909,7-36-58-56-8 = 0.727,10-39-15-12-10 = 1.0,7-60-57-58-44-8 = 0.182,10-18-51-49-20-10 = 1.0,7-28-60-57-27-53-9 = 0.182,7-28-57-56-8 = 0.273,9-29-37-27-53-59-9 = 0.818,7-60-57-37-13-22-9 = 0.091,10-14-48-37-10 = 0.091
24,21,778.793,6.333,0.48,-0.217,45,46,9-29-9 = 1.0,8-33-41-8 = 1.0,8-45-19-44-8 = 0.333,8-42-26-8 = 1.0,8-45-52-19-8 = 0.667,8-58-56-22-9 = 0.333,8-34-36-17-7 = 0.333,8-58-27-53-59-9 = 0.333,9-46-24-31-9 = 1.0,9-55-30-9 = 1.0,9-54-16-21-7 = 0.667,9-54-16-28-7 = 0.333,9-48-37-27-53-9 = 0.333,9-48-13-22-9 = 0.667,9-13-52-44-8 = 0.333,7-34-17-25-7 = 0.333,7-23-11-7 = 0.667,7-23-34-17-7 = 0.333,10-35-38-47-43-10 = 1.0,7-36-58-56-8 = 0.333,7-28-60-57-37-59-9 = 0.667,10-14-39-12-10 = 1.0,10-15-50-32-10 = 1.0,7-40-25-7 = 0.667,7-40-11-7 = 0.333,7-36-56-44-8 = 0.333,10-18-51-49-20-10 = 1.0,7-60-57-27-53-21-7 = 0.333
37,22,779.023,7.167,0.315,-1.069,47,48,9-29-9 = 1.0,8-33-41-8 = 1.0,8-45-19-44-8 = 0.333,8-42-26-8 = 0.667,8-42-26-25-7 = 0.333,8-45-52-19-8 = 0.667,8-58-56-22-9 = 0.333,8-58-27-53-59-9 = 0.333,9-46-24-31-9 = 1.0,9-55-30-9 = 1.0,9-54-16-21-7 = 0.667,9-54-16-28-7 = 0.333,9-48-37-27-53-9 = 0.333,9-48-13-22-9 = 0.667,9-13-52-44-8 = 0.333,7-40-50-32-7 = 1.0,7-34-36-17-7 = 0.333,7-34-17-25-7 = 0.667,7-23-11-7 = 1.0,7-36-58-56-8 = 0.333,7-28-60-57-37-59-9 = 0.667,10-14-38-47-43-10 = 1.0,10-15-12-10 = 0.5,7-36-56-44-8 = 0.333,10-18-51-49-20-10 = 1.0,7-60-57-27-53-21-7 = 0.333,10-35-39-15-10 = 0.5,10-35-39-12-10 = 0.5
20,2,778.288,7.0,2.244,1.833,49,50,8-41-8 = 1.0,8-42-26-8 = 1.0,8-58-56-22-9 = 1.0,8-45-33-19-8 = 1.0,9-55-30-9 = 1.0,9-29-24-31-9 = 1.0,9-13-52-44-8 = 1.0,7-40-50-32-10 = 0.5,7-34-36-17-7 = 0.5,7-34-17-25-7 = 0.5,7-23-11-7 = 1.0,7-16-54-53-7 = 0.5,7-28-60-57-27-53-7 = 0.5,10-35-51-20-10 = 0.5,7-28-60-36-57-21-7 = 0.5,10-18-39-37-27-21-7 = 0.5,10-14-38-47-43-10 = 1.0,10-12-49-20-10 = 0.5,10-15-50-32-10 = 0.5,7-40-25-7 = 0.5,10-18-51-49-12-10 = 0.5,10-16-54-37-10 = 0.5,9-46-48-59-9 = 1.0,10-35-39-15-10 = 0.5
49,20,778.374,7.833,0.086,0.833,51,52,8-41-8 = 1.0,8-42-26-8 = 1.0,8-58-56-22-9 = 1.0,8-45-33-19-8 = 1.0,9-55-30-9 = 1.0,9-29-24-31-9 = 1.0,9-13-52-44-8 = 1.0,7-40-50-32-7 = 0.5,7-40-50-32-10 = 0.5,7-34-36-17-7 = 0.5,7-34-17-25-7 = 0.5,7-23-11-7 = 0.5,7-23-11-25-7 = 0.5,7-16-54-53-7 = 0.5,7-28-60-57-27-53-7 = 0.5,10-35-51-20-10 = 0.333,10-35-51-49-10 = 0.167,7-28-60-36-57-21-7 = 0.5,10-18-39-37-27-21-7 = 0.5,10-14-38-47-43-10 = 1.0,10-12-49-20-10 = 0.333,10-15-12-10 = 0.5,10-18-51-49-20-10 = 0.333,10-18-51-49-12-10 = 0.167,10-16-54-37-10 = 0.5,9-46-48-59-9 = 1.0,10-35-39-15-10 = 0.5
50,20,779.046,5.733,0.757,-1.267,53,54,8-41-8 = 1.0,8-42-26-8 = 1.0,8-58-56-22-9 = 1.0,8-45-33-19-8 = 1.0,9-55-30-9 = 1.0,9-29-24-31-9 = 1.0,9-54-16-28-7 = 0.333,9-13-52-44-8 = 1.0,7-34-36-17-7 = 0.667,7-34-17-25-7 = 0.167,7-23-11-7 = 0.833,7-23-34-17-7 = 0.167,10-35-51-20-43-10 = 0.267,10-35-51-49-10 = 0.1,10-35-14-39-10 = 0.333,7-28-60-36-57-21-7 = 0.333,10-14-38-47-43-10 = 0.667,10-39-38-47-20-10 = 0.333,10-12-49-20-10 = 0.2,10-15-50-32-10 = 1.0,7-40-25-7 = 0.833,7-40-11-7 = 0.167,10-18-51-49-20-10 = 0.133,10-18-51-49-12-10 = 0.5,7-28-60-57-27-53-9 = 0.333,7-60-57-27-53-21-7 = 0.333,10-16-54-37-10 = 0.667,10-39-37-27-53-21-10 = 0.333,9-46-48-59-9 = 1.0,10-35-18-12-10 = 0.3,10-18-49-20-43-10 = 0.067
46,24,779.682,2.0,0.889,-4.333,55,56,8-33-41-8 = 1.0,8-45-19-44-8 = 1.0,8-42-26-25-7 = 1.0,9-48-59-9 = 0.5,9-46-24-31-9 = 1.0,9-55-30-9 = 1.0,9-29-13-52-22-9 = 1.0,9-54-16-21-7 = 1.0,9-48-37-27-53-9 = 0.5,7-23-34-17-7 = 1.0,10-35-38-47-43-10 = 1.0,7-36-58-56-8 = 1.0,7-28-60-57-37-59-9 = 0.5,10-14-39-12-10 = 1.0,10-15-50-32-10 = 1.0,7-40-11-7 = 1.0,10-18-51-49-20-10 = 1.0,7-28-60-57-27-53-9 = 0.5
56,46,774.11,4.878,-5.572,2.878,57,58,10-15-10 = 1.0,9-29-9 = 1.0,8-33-41-8 = 1.0,8-45-19-8 = 1.0,8-42-26-8 = 0.73,8-42-26-25-7 = 0.27,8-56-27-59-9 = 0.189,8-58-56-53-7 = 0.081,8-34-17-25-7 = 0.73,8-34-36-17-7 = 0.27,8-58-27-53-59-9 = 0.189,9-46-24-31-9 = 1.0,9-55-30-9 = 1.0,9-54-16-21-7 = 0.378,9-54-16-37-10 = 0.243,9-54-16-28-7 = 0.378,9-13-52-44-8 = 1.0,7-40-50-32-10 = 1.0,7-23-11-7 = 1.0,10-35-38-47-43-10 = 1.0,7-36-58-56-8 = 0.73,7-28-60-57-37-59-9 = 0.514,10-39-12-10 = 0.757,10-12-49-20-10 = 0.122,10-18-51-20-10 = 0.122,10-18-51-49-20-10 = 0.757,10-18-51-49-12-10 = 0.122,7-28-60-57-53-59-9 = 0.108,7-60-57-27-53-21-7 = 0.378,10-39-37-27-53-21-7 = 0.243,10-14-48-22-9 = 1.0
57,56,774.195,4.938,0.086,0.059,59,60,10-15-10 = 1.0,9-29-9 = 0.925,8-33-41-8 = 1.0,8-45-19-8 = 0.775,8-45-19-44-8 = 0.15,8-42-26-8 = 0.825,8-42-26-25-7 = 0.175,8-45-55-30-9 = 0.075,8-56-27-59-9 = 0.175,8-34-17-25-7 = 0.825,8-34-36-17-7 = 0.175,8-58-52-19-8 = 0.075,8-58-27-53-59-9 = 0.175,9-46-24-31-9 = 1.0,9-55-30-9 = 0.925,9-29-13-52-22-9 = 0.075,9-13-56-53-7 = 0.075,9-54-16-21-7 = 0.775,9-54-16-37-10 = 0.15,9-54-16-36-7 = 0.075,9-48-37-27-53-7 = 0.075,9-13-52-44-8 = 0.85,7-40-50-32-10 = 1.0,7-23-11-7 = 1.0,7-28-60-57-27-53-7 = 0.35,10-35-38-47-43-10 = 1.0,7-36-58-56-8 = 0.75,7-28-60-57-37-59-9 = 0.55,10-14-39-12-10 = 0.075,10-39-12-10 = 0.7,10-12-49-20-10 = 0.112,10-18-51-20-10 = 0.112,10-18-51-49-20-10 = 0.775,10-18-51-49-12-10 = 0.113,7-28-60-57-53-59-9 = 0.1,10-39-37-27-53-21-7 = 0.225,10-14-48-22-9 = 0.925
60,57,775.811,4.94,1.615,0.002,61,62,10-15-10 = 1.0,9-29-9 = 1.0,8-33-41-8 = 1.0,8-34-60-28-17-7 = 0.172,8-45-19-8 = 1.0,8-42-26-8 = 0.828,8-42-26-25-7 = 0.172,8-56-27-59-9 = 0.276,8-58-57-37-59-9 = 0.276,8-34-17-25-7 = 0.828,9-46-24-31-9 = 1.0,9-55-30-9 = 1.0,9-54-16-21-7 = 0.517,9-54-16-37-10 = 0.362,9-54-16-36-7 = 0.121,9-13-52-44-8 = 1.0,7-40-50-32-10 = 1.0,7-23-11-7 = 1.0,7-28-60-57-27-53-7 = 0.259,10-35-38-47-43-10 = 1.0,7-28-60-36-57-21-7 = 0.155,7-36-58-56-8 = 0.724,10-39-12-10 = 0.638,10-12-49-20-10 = 0.181,10-18-51-20-10 = 0.181,10-18-51-49-20-10 = 0.638,10-18-51-49-12-10 = 0.181,7-28-60-57-53-59-9 = 0.31,7-28-60-27-53-59-9 = 0.103,10-39-37-27-53-21-7 = 0.328,10-14-48-22-9 = 1.0,10-39-37-27-59-9 = 0.034
59,57,776.573,5.625,2.377,0.688,63,64,10-15-10 = 1.0,9-29-9 = 0.625,8-33-41-8 = 1.0,8-45-19-8 = 0.25,8-45-19-44-8 = 0.25,8-42-26-8 = 0.75,8-42-26-25-7 = 0.25,8-45-55-30-9 = 0.125,8-56-27-53-7 = 0.25,8-52-27-53-59-9 = 0.125,8-34-17-25-7 = 0.75,8-34-36-17-7 = 0.25,8-58-52-19-8 = 0.125,8-58-27-53-59-9 = 0.125,9-46-24-31-9 = 1.0,9-55-30-9 = 0.5,9-29-30-9 = 0.375,9-13-27-53-21-7 = 0.25,9-54-16-21-7 = 0.75,9-13-52-44-8 = 0.75,7-40-50-32-10 = 1.0,7-23-11-7 = 1.0,7-16-54-53-7 = 0.25,7-28-60-57-37-27-7 = 0.25,10-35-38-47-43-10 = 1.0,7-36-58-56-8 = 0.75,7-28-60-57-37-59-9 = 0.75,10-39-12-10 = 1.0,10-18-51-49-20-10 = 1.0,9-55-45-19-8 = 0.375,10-14-48-22-9 = 1.0
63,59,776.841,3.0,0.268,-2.625,65,66,10-15-10 = 1.0,9-29-9 = 1.0,8-33-41-8 = 1.0,8-45-19-8 = 1.0,8-42-26-8 = 0.714,8-42-26-25-7 = 0.286,8-56-27-53-7 = 0.143,8-58-56-53-7 = 0.143,8-34-17-25-7 = 0.714,8-34-36-17-7 = 0.286,8-58-27-53-59-9 = 0.143,9-46-24-31-9 = 1.0,9-55-30-9 = 1.0,9-54-16-21-7 = 0.714,9-54-27-53-7 = 0.286,9-13-52-44-8 = 1.0,7-40-50-32-10 = 1.0,7-23-11-7 = 1.0,7-16-27-53-21-7 = 0.286,7-28-60-57-37-27-7 = 0.143,10-35-38-47-43-10 = 1.0,7-36-58-56-8 = 0.714,7-28-60-57-37-59-9 = 0.857,10-39-12-10 = 1.0,10-18-51-49-20-10 = 1.0,10-14-48-22-9 = 1.0
65,63,777.029,3.444,0.188,0.444,67,68,10-15-10 = 1.0,9-29-9 = 1.0,8-33-41-8 = 1.0,8-45-19-8 = 0.667,8-45-19-44-8 = 0.333,8-42-26-8 = 1.0,8-58-56-53-7 = 0.222,8-52-27-53-59-9 = 0.222,8-34-17-25-7 = 1.0,9-46-24-31-9 = 1.0,9-55-30-9 = 1.0,9-13-27-53-21-7 = 0.333,9-54-16-21-7 = 0.667,9-54-16-36-7 = 0.222,9-13-52-44-8 = 0.667,7-40-50-32-10 = 1.0,7-23-11-7 = 1.0,7-16-54-53-7 = 0.111,7-28-60-57-37-27-7 = 0.333,10-35-38-47-43-10 = 1.0,7-36-58-56-8 = 0.778,7-28-60-57-37-59-9 = 0.667,10-39-12-10 = 1.0,10-18-51-49-20-10 = 1.0,10-14-48-22-9 = 1.0,9-52-27-53-59-9 = 0.111
62,60,776.973,6.625,1.162,1.685,69,70,10-15-10 = 1.0,9-29-9 = 0.75,8-33-41-8 = 1.0,8-45-19-8 = 0.75,8-42-26-8 = 1.0,8-56-27-59-9 = 0.25,8-58-56-21-7 = 0.5,8-58-57-37-59-9 = 0.25,8-34-17-25-7 = 0.5,9-46-24-31-9 = 1.0,9-55-30-9 = 0.75,9-29-30-9 = 0.25,9-54-16-37-10 = 0.25,9-54-16-36-7 = 0.5,9-13-52-44-8 = 1.0,7-40-50-32-10 = 1.0,7-34-17-25-7 = 0.5,7-23-11-7 = 1.0,7-28-60-57-27-53-7 = 0.25,10-35-38-47-43-10 = 1.0,7-28-60-36-57-21-7 = 0.25,7-36-58-56-8 = 0.25,10-39-12-10 = 0.75,10-12-49-20-10 = 0.125,10-18-51-20-10 = 0.125,10-18-51-49-20-10 = 0.75,10-18-51-49-12-10 = 0.125,7-28-60-57-53-59-9 = 0.25,7-28-60-27-53-59-9 = 0.25,10-16-54-37-10 = 0.25,9-55-45-19-8 = 0.25,10-39-37-27-53-21-7 = 0.25,10-14-48-22-9 = 1.0
69,62,777.137,5.75,0.164,-0.875,71,72,10-15-10 = 1.0,9-29-9 = 1.0,8-33-41-8 = 1.0,8-45-19-8 = 1.0,8-42-26-8 = 1.0,8-58-56-21-7 = 0.7,8-34-17-25-7 = 0.6,9-46-24-31-9 = 1.0,9-55-30-9 = 1.0,9-54-16-37-10 = 0.5,9-54-16-36-7 = 0.5,9-13-52-44-8 = 1.0,7-40-50-32-10 = 1.0,7-34-17-25-7 = 0.4,7-23-11-7 = 1.0,7-28-60-57-27-53-7 = 0.3,10-35-38-47-43-10 = 1.0,7-28-60-36-57-21-7 = 0.2,7-36-58-56-8 = 0.3,10-39-12-10 = 0.5,10-12-49-20-10 = 0.25,7-57-27-53-59-9 = 0.1,10-18-51-20-10 = 0.25,10-18-51-49-20-10 = 0.5,10-18-51-49-12-10 = 0.25,7-28-60-57-53-59-9 = 0.4,7-28-60-27-53-59-9 = 0.1,10-39-37-27-53-21-7 = 0.1,10-14-48-22-9 = 1.0,10-39-37-27-59-9 = 0.4
61,60,777.083,7.0,1.272,2.06,73,74,10-15-10 = 1.0,9-29-9 = 0.75,8-33-41-8 = 1.0,8-45-19-8 = 0.25,8-45-19-44-8 = 0.5,8-42-26-8 = 0.625,8-42-26-25-7 = 0.375,8-45-55-30-9 = 0.25,8-56-27-59-9 = 0.375,8-58-57-37-59-9 = 0.125,8-58-52-19-8 = 0.25,9-46-24-31-9 = 1.0,9-55-30-9 = 0.75,9-29-13-52-22-9 = 0.25,9-54-16-21-7 = 1.0,9-48-37-27-53-7 = 0.375,9-48-13-22-9 = 0.125,9-13-52-44-8 = 0.5,7-40-50-32-10 = 1.0,7-34-17-25-7 = 0.625,7-23-11-7 = 1.0,7-34-60-28-17-7 = 0.375,7-28-60-57-27-53-7 = 0.125,10-35-38-47-43-10 = 1.0,7-36-58-56-8 = 0.625,10-39-12-10 = 1.0,10-18-51-49-20-10 = 1.0,7-28-60-57-53-59-9 = 0.375,7-28-60-27-53-59-9 = 0.125,10-14-48-22-9 = 0.5,10-14-37-57-36-7 = 0.375,10-14-37-13-22-9 = 0.125
73,61,777.302,5.964,0.218,-1.036,75,76,10-15-10 = 1.0,9-29-9 = 0.036,8-33-41-8 = 1.0,8-45-19-8 = 0.321,8-45-19-44-8 = 0.679,8-42-26-8 = 0.643,8-42-26-25-7 = 0.357,8-56-27-59-9 = 0.25,8-58-57-37-59-9 = 0.286,8-34-17-25-7 = 0.179,9-46-24-31-9 = 1.0,9-55-30-9 = 1.0,9-29-13-52-22-9 = 0.643,9-54-16-21-7 = 1.0,9-48-37-27-53-7 = 0.357,9-13-52-44-8 = 0.321,7-40-50-32-10 = 1.0,7-34-17-25-7 = 0.464,7-23-11-7 = 1.0,7-34-60-28-17-7 = 0.357,7-28-60-57-27-53-7 = 0.179,10-35-38-47-43-10 = 1.0,7-36-58-56-8 = 0.714,10-14-39-12-10 = 0.036,10-39-12-10 = 0.964,10-18-51-49-20-10 = 1.0,7-28-60-57-53-59-9 = 0.25,7-28-60-27-53-59-9 = 0.214,10-14-48-29-9 = 0.321,10-14-48-22-9 = 0.321,10-14-37-57-36-7 = 0.286,10-14-37-13-22-9 = 0.036,10-37-56-52-8 = 0.036
75,73,777.49,5.636,0.189,-0.328,77,78,10-15-10 = 1.0,9-29-9 = 0.182,8-33-41-8 = 1.0,8-45-19-8 = 0.455,8-45-19-44-8 = 0.545,8-42-26-8 = 1.0,8-56-27-59-9 = 0.091,8-58-57-37-59-9 = 0.455,8-34-17-25-7 = 0.818,9-46-24-31-9 = 1.0,9-55-30-9 = 1.0,9-29-13-52-22-9 = 0.545,9-54-16-21-7 = 1.0,9-48-37-27-53-7 = 0.273,9-13-52-44-8 = 0.455,7-40-50-32-10 = 1.0,7-34-17-25-7 = 0.182,7-23-11-7 = 1.0,7-28-60-57-27-53-7 = 0.273,10-35-38-47-43-10 = 1.0,7-36-58-56-8 = 0.545,10-39-12-10 = 1.0,10-18-51-49-20-10 = 1.0,7-28-60-57-53-59-9 = 0.091,7-28-60-27-53-59-9 = 0.364,7-28-60-36-56-8 = 0.273,10-14-48-29-9 = 0.273,10-14-48-22-9 = 0.455,10-14-37-57-36-7 = 0.182,10-14-37-56-8 = 0.091
68,65,777.435,4.0,0.406,0.556,79,80,10-15-10 = 1.0,9-29-9 = 0.929,8-33-41-8 = 1.0,8-45-19-8 = 1.0,8-42-26-8 = 0.429,8-42-26-25-7 = 0.571,8-56-27-53-7 = 0.286,8-58-56-53-7 = 0.214,8-58-27-53-59-9 = 0.357,9-46-24-31-9 = 1.0,9-55-30-9 = 1.0,9-29-56-27-53-7 = 0.071,9-54-16-21-7 = 0.929,9-13-52-44-8 = 1.0,7-40-50-32-10 = 1.0,7-34-36-17-7 = 0.571,7-34-17-25-7 = 0.429,7-23-11-7 = 1.0,7-16-54-53-7 = 0.071,7-28-60-57-37-27-7 = 0.286,7-28-60-57-37-21-7 = 0.071,10-35-38-47-43-10 = 1.0,7-36-58-56-8 = 0.429,7-28-60-57-37-59-9 = 0.643,10-39-12-10 = 1.0,10-18-51-49-20-10 = 1.0,10-14-48-22-9 = 1.0
80,68,777.511,3.333,0.076,-0.667,81,82,10-15-10 = 1.0,9-29-9 = 1.0,8-33-41-8 = 1.0,8-45-19-8 = 1.0,8-42-26-8 = 1.0,8-56-27-53-7 = 0.333,8-58-56-53-7 = 0.333,8-34-17-25-7 = 0.333,8-58-27-53-59-9 = 0.333,9-46-24-31-9 = 1.0,9-55-30-9 = 1.0,9-54-16-21-7 = 1.0,9-13-52-44-8 = 1.0,7-40-50-32-10 = 1.0,7-34-36-17-7 = 0.667,7-23-11-7 = 0.333,7-23-11-25-7 = 0.667,7-28-60-57-37-27-7 = 0.333,10-35-38-47-43-10 = 1.0,7-36-58-56-8 = 0.333,7-28-60-57-37-59-9 = 0.667,10-39-12-10 = 1.0,10-18-51-49-20-10 = 1.0,10-14-48-22-9 = 1.0
58,56,777.598,5.25,3.488,0.372,83,84,10-15-10 = 1.0,9-29-9 = 1.0,8-33-41-8 = 1.0,8-45-19-8 = 0.5,8-45-19-44-8 = 0.5,8-42-26-8 = 0.833,8-42-26-25-7 = 0.167,8-58-56-21-7 = 0.167,8-34-17-25-7 = 0.833,8-34-36-17-7 = 0.167,9-46-24-31-9 = 1.0,9-55-30-9 = 1.0,9-54-16-37-10 = 0.167,9-54-16-28-7 = 0.833,9-13-52-44-8 = 0.5,7-40-50-32-10 = 1.0,7-23-11-7 = 1.0,10-35-38-47-43-10 = 1.0,7-36-58-56-8 = 0.833,10-39-12-10 = 0.833,10-12-49-20-10 = 0.083,10-18-51-20-10 = 0.083,10-18-51-49-20-10 = 0.833,10-18-51-49-12-10 = 0.083,7-60-57-27-53-21-7 = 0.5,7-60-57-37-53-59-9 = 0.167,10-39-37-27-53-21-7 = 0.167,10-14-48-22-9 = 1.0,9-13-52-59-9 = 0.5,7-28-57-37-59-9 = 0.167,7-60-57-37-27-21-7 = 0.167,7-60-37-27-53-59-9 = 0.167
84,58,777.87,3.955,0.272,-1.295,85,86,10-15-10 = 1.0,9-29-9 = 1.0,8-33-41-8 = 1.0,8-45-19-8 = 1.0,8-42-26-8 = 0.697,8-42-26-25-7 = 0.303,8-56-27-59-9 = 0.091,8-58-56-21-7 = 0.212,8-58-57-37-59-9 = 0.091,8-34-17-25-7 = 0.697,8-34-36-17-7 = 0.303,9-46-24-31-9 = 1.0,9-55-30-9 = 1.0,9-54-16-21-7 = 0.273,9-54-16-37-10 = 0.03,9-54-16-28-7 = 0.697,9-13-52-44-8 = 1.0,7-40-50-32-10 = 1.0,7-23-11-7 = 1.0,10-35-38-47-43-10 = 1.0,7-36-58-56-8 = 0.697,10-39-12-10 = 0.97,10-12-49-20-10 = 0.015,10-18-51-20-10 = 0.015,10-18-51-49-20-10 = 0.97,10-18-51-49-12-10 = 0.015,7-60-57-27-53-21-7 = 0.455,7-60-57-37-53-59-9 = 0.121,10-39-37-27-53-21-7 = 0.03,10-14-48-22-9 = 1.0,7-28-57-37-59-9 = 0.303,7-60-57-37-27-21-7 = 0.03,7-60-37-27-53-59-9 = 0.394
83,58,777.976,3.879,0.378,-1.371,87,88,10-15-10 = 1.0,9-29-9 = 0.545,8-33-41-8 = 1.0,8-45-19-44-8 = 1.0,8-42-26-8 = 1.0,8-34-17-25-7 = 1.0,9-46-24-31-9 = 1.0,9-55-30-9 = 1.0,9-29-13-52-22-9 = 0.303,9-54-16-37-10 = 0.03,9-54-16-28-7 = 0.97,9-48-37-27-53-7 = 0.061,9-48-37-53-21-7 = 0.091,7-40-50-32-10 = 1.0,7-23-11-7 = 1.0,10-35-38-47-43-10 = 1.0,7-36-58-56-8 = 1.0,10-14-39-12-10 = 0.152,10-39-12-10 = 0.667,10-12-49-20-10 = 0.091,10-18-51-20-10 = 0.091,10-18-51-49-20-10 = 0.818,10-18-51-49-12-10 = 0.091,7-60-57-27-53-21-7 = 0.394,7-60-57-37-53-59-9 = 0.242,10-39-37-27-53-21-7 = 0.182,10-14-48-29-9 = 0.152,10-14-48-22-9 = 0.697,9-13-52-59-9 = 0.697,7-28-57-37-59-9 = 0.03,7-60-57-37-27-21-7 = 0.333,7-60-37-27-53-59-9 = 0.03
64,59,777.885,5.2,1.313,-0.425,89,90,10-15-10 = 1.0,8-33-41-8 = 1.0,8-42-26-8 = 0.6,8-42-26-25-7 = 0.4,8-56-27-21-7 = 0.4,8-34-17-25-7 = 0.6,8-34-36-17-7 = 0.4,8-58-27-53-59-9 = 0.4,9-46-24-31-9 = 1.0,9-55-45-19-9 = 0.4,9-29-30-9 = 1.0,9-54-16-21-7 = 0.4,9-13-52-44-8 = 1.0,7-40-50-32-10 = 1.0,7-23-11-7 = 1.0,7-16-54-53-7 = 0.6,7-28-60-57-37-27-7 = 0.2,7-28-60-57-37-21-7 = 0.2,10-35-38-47-43-10 = 1.0,7-36-58-56-8 = 0.6,7-28-60-57-37-59-9 = 0.6,10-39-12-10 = 1.0,10-18-51-49-20-10 = 1.0,9-55-45-19-8 = 0.6,10-14-48-22-9 = 1.0
76,73,777.708,6.893,0.407,0.929,91,92,7-11-7 = 0.179,10-15-10 = 1.0,9-29-9 = 0.036,8-33-41-8 = 1.0,8-45-19-8 = 0.321,8-45-19-44-8 = 0.679,8-42-26-8 = 0.464,8-42-26-25-7 = 0.536,8-56-27-59-9 = 0.25,8-58-57-37-59-9 = 0.286,9-46-24-31-9 = 1.0,9-55-30-9 = 1.0,9-29-13-52-22-9 = 0.643,9-54-16-21-7 = 1.0,9-48-37-27-53-7 = 0.357,9-13-52-44-8 = 0.321,7-40-50-32-10 = 1.0,7-11-25-7 = 0.464,7-23-11-7 = 0.357,7-34-60-28-17-7 = 0.357,7-28-60-57-27-53-7 = 0.179,7-23-34-17-7 = 0.643,10-35-38-47-43-10 = 1.0,7-36-58-56-8 = 0.714,10-14-39-12-10 = 0.036,10-39-12-10 = 0.964,10-18-51-49-20-10 = 1.0,7-28-60-57-53-59-9 = 0.25,7-28-60-27-53-59-9 = 0.214,10-14-48-29-9 = 0.321,10-14-48-22-9 = 0.321,10-14-37-57-36-7 = 0.286,10-14-37-13-22-9 = 0.036,10-37-56-52-8 = 0.036
92,76,777.857,5.786,0.149,-1.107,93,94,10-15-10 = 1.0,8-33-41-8 = 1.0,8-34-60-28-17-7 = 0.429,8-45-19-8 = 0.286,8-45-19-9 = 0.036,8-45-19-44-8 = 0.679,8-42-26-8 = 1.0,8-56-27-59-9 = 0.286,8-58-57-37-59-9 = 0.286,9-46-24-31-9 = 1.0,9-55-30-9 = 1.0,9-29-13-52-22-9 = 0.679,9-54-16-21-7 = 1.0,9-48-37-27-53-7 = 0.357,9-13-52-44-8 = 0.321,7-40-50-32-10 = 1.0,7-11-25-7 = 0.571,7-23-11-25-7 = 0.429,7-28-60-57-27-53-7 = 0.214,7-23-34-17-7 = 0.571,10-35-38-47-43-10 = 1.0,7-36-58-56-8 = 0.714,10-39-12-10 = 1.0,10-18-51-49-20-10 = 1.0,7-28-60-57-53-59-9 = 0.214,7-28-60-27-53-59-9 = 0.143,10-14-48-29-9 = 0.321,10-14-48-22-9 = 0.321,10-14-37-57-36-7 = 0.286,10-14-37-53-59-9 = 0.071
91,76,777.809,7.1,0.101,0.207,95,96,7-11-7 = 0.6,10-15-10 = 1.0,9-29-9 = 0.6,8-33-41-8 = 1.0,8-45-19-8 = 0.6,8-45-19-44-8 = 0.4,8-42-26-25-7 = 1.0,8-56-27-59-9 = 0.2,8-58-57-37-59-9 = 0.2,9-46-24-31-9 = 1.0,9-55-30-9 = 1.0,9-29-13-52-22-9 = 0.4,9-54-16-21-7 = 1.0,9-48-37-27-53-9 = 0.4,9-13-52-44-8 = 0.6,7-40-50-32-10 = 1.0,7-23-11-7 = 0.4,7-34-60-28-17-7 = 0.4,7-28-60-57-27-53-7 = 0.2,7-23-34-17-7 = 0.6,10-35-38-47-43-10 = 1.0,7-36-58-56-8 = 0.8,10-14-39-12-10 = 0.2,10-39-12-10 = 0.6,10-12-49-20-10 = 0.1,10-18-51-20-10 = 0.1,10-18-51-49-20-10 = 0.8,10-18-51-49-12-10 = 0.1,7-28-60-57-53-59-9 = 0.4,10-14-48-22-9 = 0.6,10-39-37-27-59-9 = 0.2,10-14-37-57-36-7 = 0.2
95,91,785.126,0.0,7.317,0.0,Prune by CG,,9-29-9 = 1.0,8-33-41-8 = 1.0,8-45-19-9 = 1.0,8-42-26-25-7 = 1.0,9-46-24-31-9 = 1.0,9-55-30-9 = 1.0,9-54-16-21-7 = 1.0,9-48-37-27-22-9 = 1.0,9-13-52-44-8 = 1.0,7-23-34-17-7 = 1.0,10-35-38-47-43-10 = 1.0,7-36-58-56-8 = 1.0,10-14-39-12-10 = 1.0,10-15-50-32-10 = 1.0,7-40-11-7 = 1.0,10-18-51-49-20-10 = 1.0,7-28-60-57-53-59-9 = 1.0
79,68,777.834,4.2,0.399,0.2,97,98,7-11-7 = 0.6,10-15-10 = 1.0,9-29-9 = 0.8,8-33-41-8 = 1.0,8-45-19-8 = 1.0,8-42-26-25-7 = 1.0,8-56-27-53-7 = 0.2,8-58-27-53-59-9 = 0.4,9-46-24-31-9 = 1.0,9-55-30-9 = 1.0,9-29-56-27-53-7 = 0.2,9-54-16-21-7 = 0.8,9-13-52-44-8 = 1.0,7-40-50-32-10 = 1.0,7-34-36-17-7 = 0.4,7-23-11-7 = 0.4,7-16-54-53-7 = 0.2,7-28-60-57-37-27-7 = 0.2,7-28-60-57-37-21-7 = 0.2,7-23-34-17-7 = 0.6,10-35-38-47-43-10 = 1.0,7-36-58-56-8 = 0.6,7-28-60-57-37-59-9 = 0.6,10-39-12-10 = 1.0,10-18-51-49-20-10 = 1.0,10-14-48-22-9 = 1.0
98,79,778.265,2.167,0.431,-2.033,99,100,7-11-7 = 1.0,10-15-10 = 1.0,9-29-9 = 1.0,8-33-41-8 = 1.0,8-45-19-8 = 1.0,8-42-26-25-7 = 1.0,8-56-27-53-7 = 0.333,8-58-27-53-59-9 = 0.333,9-46-24-31-9 = 1.0,9-55-30-9 = 1.0,9-54-16-21-7 = 0.833,9-54-16-36-7 = 0.167,9-13-52-44-8 = 1.0,7-40-50-32-10 = 1.0,7-28-60-57-37-21-7 = 0.167,7-23-34-17-7 = 1.0,10-35-38-47-43-10 = 1.0,7-36-58-56-8 = 0.667,7-28-60-57-37-59-9 = 0.667,10-39-12-10 = 1.0,10-18-51-49-20-10 = 1.0,10-14-48-22-9 = 1.0,7-28-60-37-27-53-7 = 0.167,7-36-57-27-53-7 = 0.167
96,91,778.112,6.636,0.303,-0.464,101,102,7-11-7 = 0.545,10-15-10 = 1.0,9-29-9 = 0.091,8-33-41-8 = 1.0,8-45-19-8 = 0.545,8-45-19-44-8 = 0.455,8-42-26-25-7 = 1.0,8-56-27-59-9 = 0.091,8-58-57-37-59-9 = 0.364,9-46-24-31-9 = 1.0,9-55-30-9 = 1.0,9-29-13-52-22-9 = 0.182,9-54-16-21-7 = 1.0,9-48-13-22-9 = 0.182,9-13-52-44-8 = 0.545,7-40-50-32-10 = 1.0,7-23-11-7 = 0.455,7-34-60-28-17-7 = 0.455,7-28-60-57-27-53-7 = 0.364,7-23-34-17-7 = 0.545,10-35-38-47-43-10 = 1.0,7-36-58-56-8 = 0.636,10-39-12-10 = 1.0,7-36-56-52-8 = 0.273,10-18-51-49-20-10 = 1.0,7-28-60-57-27-53-9 = 0.091,7-28-60-57-53-59-9 = 0.091,9-29-37-27-53-59-9 = 0.455,10-14-48-29-9 = 0.273,10-14-48-22-9 = 0.545,10-14-37-57-36-7 = 0.091,10-14-37-13-22-9 = 0.091
102,96,778.39,4.5,0.277,-2.136,103,104,7-11-7 = 1.0,10-15-10 = 1.0,8-33-41-8 = 1.0,8-45-19-8 = 0.5,8-45-19-9 = 0.25,8-45-19-44-8 = 0.25,8-42-26-25-7 = 1.0,8-58-57-37-59-9 = 0.5,9-46-24-31-9 = 1.0,9-55-30-9 = 1.0,9-29-13-52-22-9 = 0.25,9-54-16-21-7 = 1.0,9-13-52-44-8 = 0.75,7-40-50-32-10 = 1.0,7-28-60-57-27-53-7 = 0.5,7-23-34-17-7 = 1.0,10-35-38-47-43-10 = 1.0,7-36-58-56-8 = 0.5,10-39-12-10 = 1.0,10-18-51-49-20-10 = 1.0,7-28-60-36-56-8 = 0.5,9-29-37-27-53-59-9 = 0.5,10-14-48-29-9 = 0.25,10-14-48-22-9 = 0.75
97,79,778.231,3.4,0.397,-0.8,105,106,10-15-10 = 1.0,9-29-9 = 0.8,8-33-41-8 = 1.0,8-45-19-8 = 1.0,8-42-26-25-7 = 1.0,8-56-27-53-7 = 0.2,8-58-27-53-59-9 = 0.4,9-46-24-31-9 = 1.0,9-55-30-9 = 1.0,9-29-56-27-53-7 = 0.2,9-54-16-21-7 = 0.8,9-13-52-44-8 = 1.0,7-40-50-32-10 = 1.0,7-34-36-17-7 = 0.4,7-34-17-7 = 0.6,7-23-11-7 = 1.0,7-16-54-53-7 = 0.2,7-28-60-57-37-27-7 = 0.2,7-28-60-57-37-21-7 = 0.2,10-35-38-47-43-10 = 1.0,7-36-58-56-8 = 0.6,7-28-60-57-37-59-9 = 0.6,10-39-12-10 = 1.0,10-18-51-49-20-10 = 1.0,10-14-48-22-9 = 1.0
71,69,778.556,3.333,1.418,-2.417,107,108,10-15-10 = 1.0,8-33-41-8 = 1.0,8-34-60-28-17-7 = 0.333,8-42-26-8 = 0.333,8-42-26-25-7 = 0.667,8-58-56-21-7 = 0.667,8-34-17-25-7 = 0.333,8-34-36-17-7 = 0.333,9-46-24-31-9 = 1.0,9-29-30-9 = 1.0,9-13-52-44-8 = 1.0,7-40-50-32-10 = 1.0,7-23-11-7 = 1.0,10-35-38-47-43-10 = 1.0,7-28-60-36-57-21-7 = 0.333,7-36-58-56-8 = 0.333,10-39-12-10 = 1.0,7-57-27-53-59-9 = 0.667,10-18-51-49-20-10 = 1.0,7-28-60-27-53-59-9 = 0.333,10-16-54-37-10 = 1.0,9-55-45-19-8 = 1.0,10-14-48-22-9 = 1.0
107,71,780.762,0.0,2.206,-3.333,Integer,,10-15-10 = 1.0,8-33-41-8 = 1.0,8-34-60-28-21-7 = 1.0,8-42-26-25-7 = 1.0,9-46-24-31-9 = 1.0,9-29-30-9 = 1.0,9-13-52-44-8 = 1.0,7-40-50-32-10 = 1.0,7-23-17-11-7 = 1.0,7-36-58-56-7 = 1.0,10-35-38-47-43-10 = 1.0,10-39-12-10 = 1.0,7-57-27-53-59-9 = 1.0,10-18-51-49-20-10 = 1.0,10-16-54-37-10 = 1.0,9-55-45-19-8 = 1.0,10-14-48-22-9 = 1.0
88,83,778.269,3.458,0.294,-0.421,109,110,10-15-10 = 1.0,9-29-9 = 0.873,8-33-41-8 = 1.0,8-45-19-44-8 = 1.0,8-42-26-8 = 0.958,8-42-26-25-7 = 0.042,8-58-56-21-7 = 0.042,8-34-17-25-7 = 0.958,8-34-60-57-37-10 = 0.042,9-46-24-31-9 = 1.0,9-55-30-9 = 1.0,9-29-13-52-22-9 = 0.099,9-54-16-37-10 = 0.099,9-54-16-28-7 = 0.901,9-48-37-27-53-7 = 0.07,9-48-37-53-21-7 = 0.028,7-40-50-32-10 = 1.0,7-23-11-7 = 1.0,7-28-57-36-17-7 = 0.042,10-35-38-47-43-10 = 1.0,7-36-58-56-8 = 0.958,10-14-39-12-10 = 0.099,10-39-12-10 = 0.662,10-12-49-20-10 = 0.12,10-18-51-20-10 = 0.12,10-18-51-49-20-10 = 0.761,10-18-51-49-12-10 = 0.12,7-60-57-27-53-21-7 = 0.493,7-60-57-37-53-59-9 = 0.169,10-39-37-27-53-21-7 = 0.239,10-14-48-22-9 = 0.901,9-13-52-59-9 = 0.775,7-28-57-37-59-9 = 0.056,7-60-57-37-27-21-7 = 0.197,9-29-13-52-8 = 0.028,7-60-37-13-52-8 = 0.099
110,88,781.753,0.0,3.483,0.0,Prune by CG,,10-15-10 = 1.0,9-29-9 = 0.788,8-33-41-8 = 1.0,8-45-19-44-8 = 1.0,8-42-26-8 = 1.0,8-58-56-21-7 = 0.333,8-58-57-37-59-9 = 0.03,8-34-17-25-7 = 0.091,9-46-24-31-9 = 1.0,9-55-30-9 = 1.0,9-29-13-52-22-9 = 0.152,9-54-16-60-7 = 0.727,9-54-16-28-7 = 0.121,9-48-37-27-53-7 = 0.152,9-48-13-22-9 = 0.364,7-40-50-32-10 = 1.0,7-34-17-25-7 = 0.909,7-23-11-7 = 1.0,7-16-54-37-10 = 0.152,7-28-57-58-36-7 = 0.606,10-35-38-47-43-10 = 1.0,7-36-58-56-8 = 0.03,10-14-39-12-10 = 0.424,10-12-49-20-10 = 0.288,7-36-56-52-8 = 0.364,10-18-51-20-10 = 0.288,10-18-51-49-20-10 = 0.424,10-18-51-49-12-10 = 0.288,7-28-57-27-59-9 = 0.273,10-39-37-27-53-21-7 = 0.576,10-14-48-22-9 = 0.485,9-13-52-59-9 = 0.424,7-60-56-53-59-9 = 0.273,9-29-13-52-8 = 0.061,10-14-37-57-21-7 = 0.091
109,88,778.295,3.375,0.025,-0.083,111,112,10-15-10 = 1.0,9-29-9 = 0.75,8-33-41-8 = 1.0,8-45-19-44-8 = 1.0,8-42-26-8 = 1.0,8-34-17-25-7 = 1.0,9-46-24-31-9 = 1.0,9-55-30-9 = 1.0,9-29-13-52-22-9 = 0.25,9-54-16-28-7 = 1.0,7-40-50-32-10 = 1.0,7-23-11-7 = 1.0,10-35-38-47-43-10 = 1.0,7-36-58-56-8 = 1.0,10-39-12-10 = 0.75,10-12-49-20-10 = 0.125,10-18-51-20-10 = 0.125,10-18-51-49-20-10 = 0.75,10-18-51-49-12-10 = 0.125,7-60-57-27-53-21-7 = 0.5,10-14-48-37-10 = 0.25,7-60-57-37-53-59-9 = 0.25,10-39-37-27-53-21-7 = 0.25,10-14-48-22-9 = 0.75,9-13-52-59-9 = 0.75,7-60-57-37-27-21-7 = 0.25
90,64,778.716,2.833,0.831,-2.367,113,114,10-15-10 = 1.0,8-33-41-8 = 1.0,8-42-26-8 = 1.0,8-56-27-53-7 = 0.333,8-34-17-25-7 = 1.0,8-58-27-53-59-9 = 0.333,9-46-24-31-9 = 1.0,9-55-45-19-9 = 1.0,9-29-30-9 = 1.0,9-54-16-21-7 = 0.5,9-54-16-36-7 = 0.333,9-54-27-53-7 = 0.167,9-13-52-44-8 = 1.0,7-40-50-32-10 = 1.0,7-23-11-7 = 1.0,7-16-27-53-21-7 = 0.167,7-28-60-57-37-21-7 = 0.333,10-35-38-47-43-10 = 1.0,7-36-58-56-8 = 0.667,7-28-60-57-37-59-9 = 0.667,10-39-12-10 = 1.0,10-18-51-49-20-10 = 1.0,10-14-48-22-9 = 1.0
114,90,782.935,0.0,4.218,0.0,Prune by CG,,10-15-10 = 1.0,8-33-41-8 = 1.0,8-42-26-25-7 = 1.0,8-34-17-7 = 1.0,9-46-24-31-9 = 1.0,9-55-45-19-9 = 1.0,9-29-30-9 = 1.0,9-13-52-44-8 = 1.0,9-54-58-36-7 = 0.5,7-40-50-32-10 = 1.0,7-23-11-7 = 1.0,7-16-27-53-21-7 = 1.0,9-54-56-8 = 0.5,10-35-38-47-43-10 = 1.0,7-36-58-56-8 = 0.5,7-28-60-57-37-59-9 = 1.0,10-39-12-10 = 1.0,10-18-51-49-20-10 = 1.0,10-14-48-22-9 = 1.0
104,102,778.501,4.0,0.111,-0.5,115,116,7-11-7 = 1.0,10-15-10 = 1.0,9-29-9 = 0.5,8-33-41-8 = 1.0,8-45-19-8 = 0.5,8-45-19-9 = 0.5,8-42-26-25-7 = 1.0,8-58-57-37-59-9 = 0.5,9-46-24-31-9 = 1.0,9-55-30-9 = 1.0,9-54-16-21-7 = 1.0,9-13-52-44-8 = 1.0,7-40-50-32-10 = 1.0,7-28-60-57-27-53-7 = 0.5,7-23-34-17-7 = 1.0,10-35-38-47-43-10 = 1.0,7-36-58-56-8 = 0.5,10-39-12-10 = 1.0,10-18-51-49-20-10 = 1.0,7-28-60-36-56-8 = 0.5,9-29-37-27-53-59-9 = 0.5,10-14-48-22-9 = 1.0
115,104,782.193,0.0,3.692,0.0,Prune by CG,,7-11-7 = 0.667,10-15-10 = 1.0,8-33-41-8 = 1.0,8-45-19-9 = 1.0,8-42-26-25-7 = 1.0,9-46-24-31-9 = 1.0,9-55-30-9 = 1.0,9-54-16-21-7 = 1.0,9-13-52-44-8 = 1.0,7-40-50-32-10 = 1.0,7-23-11-7 = 0.333,7-28-60-57-36-7 = 0.333,7-28-60-57-17-7 = 0.333,7-23-34-17-7 = 0.667,10-35-38-47-43-10 = 1.0,7-36-58-56-8 = 0.667,10-39-12-10 = 1.0,10-18-51-49-20-10 = 1.0,9-29-37-27-53-59-9 = 1.0,7-28-60-57-58-8 = 0.333,10-14-48-22-9 = 1.0,8-34-56-8 = 0.333
85,84,778.419,4.482,0.549,0.528,117,118,10-15-10 = 1.0,9-29-9 = 0.964,8-33-41-8 = 1.0,8-45-19-8 = 1.0,8-42-26-8 = 0.571,8-42-26-25-7 = 0.429,8-56-27-59-9 = 0.214,8-58-56-21-7 = 0.464,8-58-27-53-59-9 = 0.214,9-46-24-31-9 = 1.0,9-55-30-9 = 1.0,9-54-16-28-7 = 0.964,9-13-52-44-8 = 1.0,7-40-50-32-10 = 1.0,7-34-36-17-7 = 0.679,7-34-17-25-7 = 0.321,7-23-11-7 = 0.75,7-23-11-25-7 = 0.25,7-16-54-37-10 = 0.036,10-35-38-47-43-10 = 1.0,7-36-58-56-8 = 0.321,10-39-12-10 = 0.964,10-12-49-20-10 = 0.018,10-18-51-20-10 = 0.018,10-18-51-49-20-10 = 0.964,10-18-51-49-12-10 = 0.018,7-60-57-27-53-21-7 = 0.143,9-29-37-27-53-59-9 = 0.036,7-28-37-27-53-21-7 = 0.036,7-60-57-37-53-59-9 = 0.536,10-39-37-27-53-21-7 = 0.036,10-14-48-22-9 = 1.0,7-60-57-37-27-21-7 = 0.321
118,85,781.216,0.0,2.798,0.0,Prune by CG,,10-15-10 = 1.0,9-29-9 = 0.412,8-33-41-8 = 1.0,8-42-26-8 = 0.559,8-42-26-25-7 = 0.441,8-45-55-30-9 = 0.382,8-45-13-59-9 = 0.118,8-56-27-59-9 = 0.441,8-58-52-19-8 = 0.5,8-52-56-21-7 = 0.206,9-46-24-31-9 = 1.0,9-55-30-9 = 0.118,9-29-30-9 = 0.5,9-54-16-21-7 = 0.118,9-54-16-28-7 = 0.882,9-48-13-22-9 = 0.5,9-13-52-44-8 = 0.294,7-40-50-32-10 = 1.0,7-34-36-17-7 = 0.618,7-34-17-25-7 = 0.324,7-34-28-21-7 = 0.059,7-23-11-7 = 0.765,7-23-11-25-7 = 0.235,10-35-38-47-43-10 = 1.0,10-14-39-12-10 = 0.5,10-12-49-20-10 = 0.25,7-60-57-58-44-8 = 0.441,7-36-56-44-8 = 0.265,10-18-51-20-10 = 0.25,10-18-51-49-20-10 = 0.5,10-18-51-49-12-10 = 0.25,7-60-57-27-53-21-7 = 0.059,9-55-45-19-8 = 0.5,9-29-13-56-8 = 0.088,7-60-57-37-53-59-9 = 0.441,10-39-37-27-53-21-7 = 0.5,10-14-48-22-9 = 0.5,7-28-58-36-17-7 = 0.059,7-60-36-57-37-21-7 = 0.059
81,80,778.676,2.5,1.165,-0.833,119,120,10-15-10 = 1.0,9-29-9 = 1.0,8-33-41-8 = 1.0,8-45-19-8 = 1.0,8-42-26-8 = 1.0,8-58-56-53-7 = 0.5,8-34-17-25-7 = 1.0,9-46-24-31-9 = 1.0,9-55-30-9 = 1.0,9-54-16-21-7 = 1.0,9-13-52-44-8 = 1.0,7-40-50-32-10 = 1.0,7-23-11-7 = 1.0,7-28-60-57-37-27-7 = 0.5,10-35-38-47-43-10 = 1.0,7-36-58-56-8 = 0.5,7-28-60-57-37-59-9 = 0.5,10-39-12-10 = 1.0,10-18-51-49-20-10 = 1.0,7-36-27-53-59-9 = 0.5,10-14-48-22-9 = 1.0
119,81,781.497,0.0,2.821,0.0,Prune by CG,,10-15-10 = 1.0,9-29-9 = 1.0,8-33-41-8 = 1.0,8-45-19-8 = 1.0,8-42-26-8 = 1.0,8-58-56-53-7 = 1.0,9-46-24-31-9 = 1.0,9-55-30-9 = 1.0,9-54-16-21-7 = 0.5,9-54-16-36-7 = 0.5,9-13-52-44-8 = 1.0,7-40-50-32-10 = 1.0,7-34-17-25-7 = 1.0,7-23-11-7 = 1.0,7-36-57-27-21-7 = 0.5,10-35-38-47-43-10 = 1.0,7-28-60-57-37-59-9 = 0.5,10-39-12-10 = 1.0,10-18-51-49-20-10 = 1.0,10-14-48-22-9 = 1.0,7-28-60-37-27-59-9 = 0.5
94,92,778.721,6.0,0.864,0.214,121,122,10-15-10 = 1.0,9-29-9 = 0.182,8-33-41-8 = 1.0,8-45-19-8 = 0.455,8-45-19-44-8 = 0.545,8-42-26-8 = 1.0,8-56-27-59-9 = 0.091,8-58-57-37-59-9 = 0.455,8-34-17-7 = 0.818,9-46-24-31-9 = 1.0,9-55-30-9 = 1.0,9-29-13-52-22-9 = 0.545,9-54-16-21-7 = 1.0,9-48-37-27-53-7 = 0.273,9-13-52-44-8 = 0.455,7-40-50-32-10 = 1.0,7-11-25-7 = 0.182,7-23-11-25-7 = 0.818,7-28-60-57-27-53-7 = 0.273,7-23-34-17-7 = 0.182,10-35-38-47-43-10 = 1.0,7-36-58-56-8 = 0.545,10-39-12-10 = 1.0,10-18-51-49-20-10 = 1.0,7-28-60-57-53-59-9 = 0.091,7-28-60-27-53-59-9 = 0.364,7-28-60-36-56-8 = 0.273,10-14-48-29-9 = 0.273,10-14-48-22-9 = 0.455,10-14-37-57-36-7 = 0.182,10-14-37-56-8 = 0.091
108,71,778.574,4.75,0.019,1.417,123,124,10-15-10 = 1.0,9-29-9 = 0.143,8-33-41-8 = 1.0,8-45-19-44-8 = 0.143,8-42-26-8 = 0.643,8-42-26-25-7 = 0.357,8-58-56-21-7 = 0.679,8-34-17-25-7 = 0.643,8-34-36-17-7 = 0.357,9-46-24-31-9 = 1.0,9-55-30-9 = 0.143,9-29-30-9 = 0.857,9-54-16-37-10 = 0.071,9-13-52-44-8 = 0.857,7-40-50-32-10 = 1.0,7-23-11-7 = 1.0,7-28-60-57-27-53-7 = 0.286,10-35-38-47-43-10 = 1.0,7-28-60-36-57-21-7 = 0.321,7-36-58-56-8 = 0.321,10-39-12-10 = 1.0,7-57-27-53-59-9 = 0.321,10-18-51-49-20-10 = 1.0,7-28-60-57-53-59-9 = 0.071,7-28-60-27-53-59-9 = 0.321,10-16-54-37-10 = 0.857,9-55-45-19-8 = 0.857,10-14-48-22-9 = 1.0,9-13-52-59-9 = 0.143,10-16-27-59-9 = 0.071,9-54-37-59-9 = 0.071
123,108,778.626,2.5,0.051,-2.25,125,126,10-15-10 = 1.0,8-33-41-8 = 1.0,8-42-26-25-7 = 1.0,8-58-56-21-7 = 0.5,8-34-17-7 = 1.0,9-46-24-31-9 = 1.0,9-29-30-9 = 1.0,9-13-52-44-8 = 1.0,7-40-50-32-10 = 1.0,7-23-11-7 = 1.0,10-35-38-47-43-10 = 1.0,7-28-60-36-57-21-7 = 0.5,7-36-58-56-8 = 0.5,10-39-12-10 = 1.0,7-57-27-53-59-9 = 0.5,10-18-51-49-20-10 = 1.0,7-28-60-27-53-59-9 = 0.5,10-16-54-37-10 = 1.0,9-55-45-19-8 = 1.0,10-14-48-22-9 = 1.0
126,123,781.463,0.0,2.837,0.0,Prune by CG,,10-15-10 = 1.0,9-29-9 = 0.333,8-33-41-8 = 1.0,8-45-19-8 = 0.333,8-42-26-25-7 = 1.0,8-58-56-8 = 0.667,8-34-17-7 = 1.0,9-46-24-31-9 = 1.0,9-55-30-9 = 0.333,9-29-30-9 = 0.667,9-13-52-44-8 = 1.0,7-40-50-32-10 = 1.0,7-23-11-7 = 1.0,7-16-27-53-21-7 = 0.333,10-35-38-47-43-10 = 1.0,7-28-60-36-57-21-7 = 0.667,7-36-58-56-8 = 0.333,10-39-12-10 = 1.0,7-57-27-53-59-9 = 0.333,10-18-51-49-20-10 = 1.0,7-28-60-27-53-59-9 = 0.333,10-16-54-37-10 = 0.667,9-55-45-19-8 = 0.667,10-14-48-22-9 = 1.0,9-54-37-59-9 = 0.333
93,92,778.973,4.562,1.116,-1.223,127,128,10-15-10 = 1.0,8-33-41-8 = 1.0,8-34-60-28-17-7 = 0.688,8-45-19-8 = 0.312,8-45-19-44-8 = 0.688,8-42-26-8 = 1.0,8-56-27-59-9 = 0.125,8-56-52-22-9 = 0.062,8-58-57-37-59-9 = 0.25,9-46-24-31-9 = 1.0,9-55-30-9 = 1.0,9-29-13-52-22-9 = 0.625,9-54-16-21-7 = 1.0,9-48-37-27-53-7 = 0.312,9-48-37-27-53-9 = 0.062,9-13-52-44-8 = 0.312,7-40-50-32-10 = 1.0,7-23-11-25-7 = 1.0,7-34-60-28-17-7 = 0.312,10-35-38-47-43-10 = 1.0,7-36-58-56-8 = 0.75,10-39-12-10 = 1.0,7-57-27-53-59-9 = 0.5,10-18-51-49-20-10 = 1.0,9-29-13-56-8 = 0.062,10-14-48-29-9 = 0.312,10-14-48-22-9 = 0.312,10-14-37-57-36-7 = 0.25,10-14-37-53-59-9 = 0.125
127,93,782.239,0.0,3.266,0.0,Prune by CG,,10-15-10 = 1.0,9-29-9 = 0.714,8-33-41-8 = 1.0,8-34-60-28-17-7 = 1.0,8-45-19-8 = 0.714,8-45-19-44-8 = 0.286,8-42-26-8 = 1.0,9-46-24-31-9 = 1.0,9-55-30-9 = 1.0,9-29-13-52-22-9 = 0.143,9-54-16-21-7 = 1.0,9-48-13-22-9 = 0.143,9-13-52-44-8 = 0.714,7-40-50-32-10 = 1.0,7-23-11-25-7 = 1.0,7-36-58-56-7 = 0.714,10-35-38-47-43-10 = 1.0,7-36-58-56-8 = 0.286,10-39-12-10 = 0.714,10-12-49-20-10 = 0.143,7-57-27-53-59-9 = 0.714,10-18-51-20-10 = 0.143,10-18-51-49-20-10 = 0.714,10-18-51-49-12-10 = 0.143,10-14-48-37-10 = 0.286,10-39-37-57-27-22-9 = 0.286,10-14-48-29-9 = 0.143,10-14-48-22-9 = 0.286,10-14-37-53-59-9 = 0.286,9-48-37-52-22-9 = 0.143
53,50,779.507,2.625,0.461,-3.108,129,130,8-41-8 = 1.0,8-42-26-8 = 1.0,8-58-56-22-9 = 1.0,8-45-33-19-8 = 1.0,9-55-30-9 = 1.0,9-29-24-31-9 = 1.0,9-54-16-28-7 = 0.25,9-13-52-44-8 = 1.0,7-34-36-17-7 = 0.75,7-34-17-25-7 = 0.125,7-23-11-7 = 0.875,7-23-34-17-7 = 0.125,7-28-60-36-57-21-7 = 0.25,10-14-38-47-43-10 = 1.0,10-15-50-32-10 = 1.0,7-40-25-7 = 0.875,7-40-11-7 = 0.125,10-18-51-49-20-10 = 1.0,7-28-60-57-27-53-9 = 0.25,7-60-57-27-53-21-7 = 0.5,10-16-54-37-10 = 0.75,9-46-48-59-9 = 1.0,7-28-37-27-53-21-7 = 0.25,10-35-39-12-10 = 1.0
117,85,778.767,5.4,0.348,0.918,131,132,10-15-10 = 1.0,9-29-9 = 0.6,8-33-41-8 = 1.0,8-45-19-8 = 0.6,8-45-19-9 = 0.4,8-42-26-8 = 0.6,8-42-26-25-7 = 0.4,8-58-56-21-7 = 0.6,9-46-24-31-9 = 1.0,9-55-30-9 = 1.0,9-54-16-28-7 = 1.0,9-13-52-44-8 = 1.0,7-40-50-32-10 = 1.0,7-34-36-17-7 = 0.6,7-34-17-25-7 = 0.4,7-23-11-7 = 0.8,7-23-11-25-7 = 0.2,10-35-38-47-43-10 = 1.0,7-36-58-56-8 = 0.4,10-39-12-10 = 1.0,10-18-51-49-20-10 = 1.0,7-60-57-27-53-21-7 = 0.2,9-29-37-27-53-59-9 = 0.4,7-60-57-37-53-59-9 = 0.4,10-14-48-22-9 = 1.0,7-60-57-27-59-9 = 0.2,7-60-57-37-27-21-7 = 0.2
131,117,782.554,0.0,3.787,0.0,Prune by CG,,10-15-10 = 1.0,8-33-41-8 = 1.0,8-45-19-9 = 1.0,8-42-26-8 = 0.64,8-42-26-25-7 = 0.36,8-58-56-21-7 = 0.32,9-46-24-31-9 = 1.0,9-55-30-9 = 1.0,9-54-16-28-7 = 0.76,9-13-52-44-8 = 1.0,9-54-60-57-21-7 = 0.24,7-40-50-32-10 = 1.0,7-34-17-25-7 = 0.64,7-34-28-21-7 = 0.2,7-23-11-7 = 1.0,7-16-60-57-21-7 = 0.24,10-35-38-47-43-10 = 1.0,7-36-58-56-8 = 0.64,10-39-12-10 = 1.0,10-18-51-49-20-10 = 1.0,7-28-58-56-8 = 0.04,9-29-37-27-53-59-9 = 1.0,7-60-57-36-17-7 = 0.36,10-14-48-22-9 = 1.0,7-34-60-57-7 = 0.16
132,117,778.945,5.333,0.178,-0.067,133,134,10-15-10 = 1.0,9-29-9 = 1.0,8-33-41-8 = 1.0,8-45-19-8 = 1.0,8-42-26-8 = 0.444,8-42-26-25-7 = 0.556,8-58-56-21-7 = 0.556,8-34-17-25-7 = 0.333,9-46-24-31-9 = 1.0,9-55-30-9 = 1.0,9-54-16-37-10 = 0.222,9-54-16-28-7 = 0.778,9-13-52-44-8 = 1.0,7-40-50-32-10 = 1.0,7-34-36-17-7 = 0.556,7-34-17-25-7 = 0.111,7-23-11-7 = 1.0,10-35-38-47-43-10 = 1.0,7-36-58-56-8 = 0.444,10-39-12-10 = 0.778,10-12-49-20-10 = 0.111,10-18-51-20-10 = 0.111,10-18-51-49-20-10 = 0.778,10-18-51-49-12-10 = 0.111,7-60-57-27-53-21-7 = 0.333,7-60-57-37-53-59-9 = 0.444,10-14-48-22-9 = 1.0,7-60-57-27-59-9 = 0.111,7-60-57-37-27-21-7 = 0.111,10-39-37-27-59-9 = 0.222,7-28-27-53-59-9 = 0.222
51,49,779.012,7.5,0.637,-0.333,135,136,8-41-8 = 1.0,8-42-26-8 = 1.0,8-58-56-22-9 = 1.0,8-45-33-19-8 = 1.0,9-55-30-9 = 1.0,9-29-24-31-9 = 1.0,9-13-52-44-8 = 1.0,7-40-50-32-7 = 0.5,7-40-50-32-10 = 0.5,7-34-36-17-7 = 0.5,7-34-17-25-7 = 0.5,7-23-11-7 = 0.5,7-23-11-25-7 = 0.5,7-16-54-53-7 = 0.5,7-28-60-57-27-53-7 = 0.5,10-35-20-43-10 = 0.25,10-35-51-49-10 = 0.5,10-35-14-39-10 = 0.25,7-28-60-36-57-21-7 = 0.5,10-18-39-37-27-21-7 = 0.5,10-14-38-47-43-10 = 0.75,10-39-38-47-20-10 = 0.25,10-15-12-10 = 1.0,10-18-51-49-20-10 = 0.5,10-16-54-37-10 = 0.5,9-46-48-59-9 = 1.0
136,51,773.662,6.53,-5.35,-0.97,137,138,10-15-10 = 0.364,8-41-8 = 1.0,8-42-26-8 = 1.0,8-45-33-19-9 = 0.371,8-58-56-22-9 = 0.235,8-45-33-19-8 = 0.629,8-34-17-25-7 = 1.0,9-55-30-9 = 1.0,9-29-24-31-9 = 1.0,9-54-16-36-7 = 0.144,9-54-16-28-7 = 0.568,9-13-52-44-8 = 0.841,7-40-50-32-10 = 1.0,7-23-11-7 = 1.0,7-16-54-53-7 = 0.182,10-35-20-43-10 = 0.182,10-35-51-49-10 = 0.364,7-28-60-36-57-21-7 = 0.25,7-36-58-56-8 = 0.606,7-28-60-57-37-59-9 = 0.023,10-14-38-47-43-10 = 0.818,10-39-38-47-20-10 = 0.182,10-15-12-10 = 0.636,7-60-57-58-44-8 = 0.159,7-16-54-22-9 = 0.106,10-18-51-49-20-10 = 0.636,7-28-60-57-53-59-9 = 0.068,7-28-60-57-27-22-9 = 0.091,7-60-57-27-53-21-7 = 0.091,9-46-48-59-9 = 0.909,10-35-18-12-10 = 0.364,7-60-56-52-22-9 = 0.159,7-60-57-37-13-22-9 = 0.159,10-39-37-27-53-21-7 = 0.659,10-39-37-57-27-22-9 = 0.159,10-35-14-46-9 = 0.091,10-14-48-22-9 = 0.091
138,136,774.32,7.394,0.658,0.864,139,140,10-15-10 = 0.364,8-41-8 = 1.0,8-34-60-28-17-7 = 0.424,8-42-26-8 = 0.576,8-42-26-25-7 = 0.424,8-58-56-22-9 = 0.303,8-45-33-19-8 = 1.0,8-34-17-25-7 = 0.545,9-55-30-9 = 1.0,9-29-24-31-9 = 1.0,9-54-16-21-7 = 0.303,9-13-52-44-8 = 1.0,7-40-50-32-10 = 1.0,7-34-17-25-7 = 0.03,7-23-11-7 = 1.0,7-16-54-53-7 = 0.485,10-35-20-43-10 = 0.182,10-35-51-49-10 = 0.364,7-28-60-36-57-21-7 = 0.303,7-36-58-56-8 = 0.697,7-28-60-57-37-59-9 = 0.091,10-14-38-47-43-10 = 0.818,10-39-38-47-20-10 = 0.182,10-15-12-10 = 0.636,7-16-54-53-9 = 0.121,10-18-51-49-20-10 = 0.636,7-28-60-57-27-22-9 = 0.182,10-16-54-37-10 = 0.091,9-46-48-59-9 = 0.909,10-35-18-12-10 = 0.364,10-39-37-27-53-21-7 = 0.394,10-39-37-57-27-22-9 = 0.424,10-35-14-46-9 = 0.091,10-14-48-22-9 = 0.091
140,138,774.401,6.9,0.082,-0.494,141,142,10-15-10 = 0.3,8-41-8 = 1.0,8-42-26-8 = 1.0,8-58-56-22-9 = 0.5,8-45-33-19-8 = 1.0,8-34-17-25-7 = 1.0,9-55-30-9 = 1.0,9-29-24-31-9 = 1.0,9-54-16-21-7 = 0.25,9-54-16-36-7 = 0.25,9-13-52-44-8 = 1.0,7-40-50-32-10 = 1.0,7-23-11-7 = 1.0,7-28-60-57-27-53-7 = 0.5,10-35-20-43-10 = 0.15,10-35-51-49-10 = 0.3,7-28-60-36-57-21-7 = 0.25,7-36-58-56-8 = 0.5,7-28-60-57-37-59-9 = 0.25,10-14-38-47-43-10 = 0.5,10-39-38-47-20-10 = 0.15,10-39-38-47-43-10 = 0.35,10-15-12-10 = 0.7,7-16-54-22-9 = 0.25,10-18-51-49-20-10 = 0.7,10-16-54-37-10 = 0.25,9-46-48-59-9 = 0.75,10-35-18-12-10 = 0.3,10-39-37-27-53-21-7 = 0.5,10-35-14-46-9 = 0.25,10-14-48-22-9 = 0.25
137,136,774.418,7.773,0.756,1.242,143,144,10-15-10 = 0.364,8-41-8 = 1.0,8-42-26-8 = 0.5,8-42-26-25-7 = 0.5,8-45-33-19-9 = 0.636,8-58-56-22-9 = 0.182,8-45-33-19-8 = 0.364,8-58-36-57-21-7 = 0.091,9-55-30-9 = 1.0,9-29-24-31-9 = 1.0,9-13-52-22-9 = 0.136,9-54-16-28-7 = 1.0,9-13-52-44-8 = 0.682,7-40-50-32-10 = 1.0,7-34-36-17-7 = 0.5,7-34-17-25-7 = 0.5,7-23-11-7 = 1.0,10-35-20-43-10 = 0.182,10-35-51-49-10 = 0.364,7-36-58-56-8 = 0.409,10-14-38-47-43-10 = 0.818,10-39-38-47-20-10 = 0.182,10-15-12-10 = 0.636,7-60-57-58-44-8 = 0.318,7-57-27-53-59-9 = 0.091,10-18-51-49-20-10 = 0.636,7-60-57-27-53-21-7 = 0.091,9-46-48-59-9 = 0.909,10-35-18-12-10 = 0.364,7-60-56-52-22-9 = 0.182,7-60-57-37-13-22-9 = 0.182,10-39-37-27-53-21-7 = 0.818,10-35-14-46-9 = 0.091,7-60-57-56-22-9 = 0.227,10-14-48-22-9 = 0.091
144,137,774.52,7.773,0.102,0.0,145,146,10-15-10 = 0.364,8-41-8 = 1.0,8-42-26-8 = 1.0,8-45-33-19-9 = 0.636,8-58-56-22-9 = 0.182,8-45-33-19-8 = 0.364,8-34-17-25-7 = 0.5,8-58-36-57-21-7 = 0.091,9-55-30-9 = 1.0,9-29-24-31-9 = 1.0,9-13-52-22-9 = 0.136,9-54-16-28-7 = 1.0,9-13-52-44-8 = 0.682,7-40-50-32-10 = 1.0,7-34-36-17-7 = 0.5,7-23-11-7 = 0.5,7-23-11-25-7 = 0.5,10-35-20-43-10 = 0.182,10-35-51-49-10 = 0.364,7-36-58-56-8 = 0.409,10-14-38-47-43-10 = 0.818,10-39-38-47-20-10 = 0.182,10-15-12-10 = 0.636,7-60-57-58-44-8 = 0.318,7-57-27-53-59-9 = 0.091,10-18-51-49-20-10 = 0.636,7-60-57-27-53-21-7 = 0.091,9-46-48-59-9 = 0.909,10-35-18-12-10 = 0.364,7-60-56-52-22-9 = 0.182,7-60-57-37-13-22-9 = 0.182,10-39-37-27-53-21-7 = 0.818,10-35-14-46-9 = 0.091,7-60-57-56-22-9 = 0.227,10-14-48-22-9 = 0.091
146,144,774.761,7.584,0.241,-0.188,147,148,10-15-10 = 0.364,8-41-8 = 0.636,8-33-41-8 = 0.182,8-42-26-8 = 1.0,8-45-33-19-9 = 0.636,8-45-41-8 = 0.182,8-58-56-21-7 = 0.026,8-58-56-22-9 = 0.325,8-45-33-19-8 = 0.182,8-34-36-17-7 = 0.247,8-58-52-19-8 = 0.182,9-55-30-9 = 1.0,9-29-24-31-9 = 1.0,9-54-16-28-7 = 1.0,9-13-52-44-8 = 0.766,7-40-50-32-10 = 1.0,7-34-36-17-7 = 0.519,7-11-25-7 = 0.234,7-23-11-25-7 = 0.766,7-23-34-17-7 = 0.234,10-35-20-43-10 = 0.182,10-35-51-49-10 = 0.364,7-36-58-56-8 = 0.234,10-14-38-47-43-10 = 0.818,10-39-38-47-20-10 = 0.182,10-15-12-10 = 0.636,7-60-57-58-44-8 = 0.234,7-57-27-53-59-9 = 0.013,10-18-51-49-20-10 = 0.636,7-60-57-27-53-21-7 = 0.156,9-46-48-59-9 = 0.909,10-35-18-12-10 = 0.364,7-60-57-37-13-22-9 = 0.182,10-39-37-27-53-21-7 = 0.818,10-35-14-46-9 = 0.091,7-60-57-56-22-9 = 0.403,10-14-48-22-9 = 0.091,7-60-57-27-59-9 = 0.013,9-13-52-59-9 = 0.052,7-60-56-53-59-9 = 0.013
145,144,775.169,6.727,0.649,-1.045,149,150,10-15-10 = 0.364,8-41-8 = 1.0,8-42-26-8 = 1.0,8-45-33-19-9 = 0.636,8-45-33-19-8 = 0.364,8-34-17-25-7 = 0.818,8-58-36-57-21-7 = 0.091,9-55-30-9 = 1.0,9-29-24-31-9 = 1.0,9-13-52-22-9 = 0.364,9-54-16-28-7 = 1.0,9-13-52-44-8 = 0.455,7-40-50-32-10 = 1.0,7-34-17-25-7 = 0.182,7-23-11-7 = 1.0,10-35-20-43-10 = 0.182,10-35-51-49-10 = 0.364,7-36-58-56-8 = 0.545,10-14-38-47-43-10 = 0.818,10-39-38-47-20-10 = 0.182,10-15-12-10 = 0.636,7-60-57-58-44-8 = 0.273,7-36-56-44-8 = 0.182,7-36-57-53-59-9 = 0.091,10-18-51-49-20-10 = 0.636,7-60-57-27-53-21-7 = 0.182,7-60-36-58-44-8 = 0.091,9-46-48-59-9 = 0.909,10-35-18-12-10 = 0.364,7-60-56-52-22-9 = 0.182,7-60-57-37-13-22-9 = 0.182,10-39-37-27-53-21-7 = 0.727,10-39-37-57-27-22-9 = 0.091,10-35-14-46-9 = 0.091,7-60-57-56-22-9 = 0.091,10-14-48-22-9 = 0.091
142,140,774.855,8.497,0.454,1.597,151,152,10-15-10 = 0.115,8-41-8 = 0.758,8-33-41-8 = 0.121,8-34-60-28-17-7 = 0.212,8-42-26-8 = 0.576,8-42-26-25-7 = 0.424,8-45-33-19-9 = 0.152,8-45-41-8 = 0.121,8-56-52-22-9 = 0.091,8-45-33-19-8 = 0.727,8-34-17-25-7 = 0.576,8-58-52-19-8 = 0.121,9-55-30-9 = 1.0,9-29-24-31-9 = 1.0,9-54-16-21-7 = 0.394,9-54-16-36-7 = 0.121,9-13-52-44-8 = 0.788,9-54-56-22-9 = 0.03,9-54-48-22-9 = 0.182,7-40-50-32-10 = 1.0,7-23-11-7 = 1.0,7-28-57-36-17-7 = 0.212,7-28-60-57-27-53-7 = 0.394,10-35-20-43-10 = 0.164,10-35-51-49-10 = 0.327,7-36-58-56-8 = 0.667,7-28-60-57-37-59-9 = 0.182,10-14-38-47-43-10 = 0.818,10-39-15-10 = 0.212,10-39-38-47-20-10 = 0.164,10-39-38-47-43-10 = 0.018,10-15-12-10 = 0.673,7-60-57-58-44-8 = 0.212,7-16-54-22-9 = 0.273,10-18-51-49-20-10 = 0.673,9-46-48-59-9 = 0.818,10-35-18-12-10 = 0.327,10-39-37-27-53-21-7 = 0.606,10-35-14-46-9 = 0.182,10-16-37-13-22-9 = 0.212,8-34-56-22-9 = 0.212
147,146,775.319,6.636,0.558,-0.948,153,154,10-15-10 = 0.364,8-41-8 = 0.364,8-33-41-8 = 0.318,8-42-26-8 = 1.0,8-45-33-19-9 = 0.545,8-45-41-8 = 0.318,8-56-27-59-9 = 0.091,8-58-56-21-7 = 0.091,8-58-56-22-9 = 0.273,8-45-33-19-8 = 0.136,8-58-52-19-8 = 0.318,9-55-30-9 = 1.0,9-29-24-31-9 = 1.0,9-13-56-53-9 = 0.091,9-13-56-22-9 = 0.045,9-54-16-28-7 = 1.0,9-13-52-44-8 = 0.682,7-40-50-32-10 = 1.0,7-34-36-17-7 = 1.0,7-23-11-25-7 = 1.0,10-35-20-43-10 = 0.182,10-35-51-49-10 = 0.364,10-14-38-47-43-10 = 0.818,10-39-38-47-20-10 = 0.182,10-15-12-10 = 0.636,7-60-57-58-44-8 = 0.318,10-18-51-49-20-10 = 0.636,7-60-57-27-53-21-7 = 0.091,9-46-48-59-9 = 0.909,10-35-18-12-10 = 0.364,7-60-57-37-13-22-9 = 0.182,10-39-37-27-53-21-7 = 0.818,10-35-14-46-9 = 0.091,7-60-57-56-22-9 = 0.409,10-14-48-22-9 = 0.091
151,142,775.133,8.96,0.278,0.463,155,156,7-11-7 = 0.521,10-15-10 = 0.16,8-41-8 = 0.646,8-33-41-8 = 0.177,8-34-60-28-17-7 = 0.24,8-42-26-25-7 = 1.0,8-45-33-19-9 = 0.167,8-45-41-8 = 0.177,8-45-33-19-8 = 0.656,8-58-52-19-8 = 0.177,9-55-30-9 = 1.0,9-29-24-31-9 = 1.0,9-54-16-21-7 = 0.365,9-54-16-36-7 = 0.115,9-13-52-44-8 = 0.823,9-54-56-22-9 = 0.052,9-54-48-22-9 = 0.125,7-40-50-32-10 = 1.0,7-23-11-7 = 0.479,7-28-57-36-17-7 = 0.24,7-28-60-57-27-53-7 = 0.365,7-23-34-17-7 = 0.521,10-35-20-43-10 = 0.169,10-35-51-49-10 = 0.337,7-36-58-56-8 = 0.646,7-28-60-57-37-59-9 = 0.156,10-14-38-47-43-10 = 0.812,10-39-15-10 = 0.177,10-39-38-47-20-10 = 0.169,10-39-38-47-43-10 = 0.019,10-15-12-10 = 0.663,7-60-57-58-44-8 = 0.177,7-16-54-22-9 = 0.312,10-18-51-49-20-10 = 0.663,10-16-54-37-10 = 0.031,9-46-48-59-9 = 0.844,10-35-18-12-10 = 0.337,10-39-37-27-53-21-7 = 0.635,10-35-14-46-9 = 0.156,7-60-57-56-22-9 = 0.062,10-14-48-22-9 = 0.031,10-16-37-13-22-9 = 0.177,8-34-56-22-9 = 0.24
155,151,775.389,7.16,0.255,-1.8,157,158,10-15-10 = 0.12,8-41-8 = 0.8,8-33-41-8 = 0.2,8-42-26-25-7 = 1.0,8-45-52-19-8 = 0.2,8-45-33-19-8 = 0.8,8-34-17-7 = 0.6,9-55-30-9 = 1.0,9-29-24-31-9 = 1.0,9-54-16-21-7 = 0.4,9-13-52-44-8 = 0.8,9-54-48-22-9 = 0.2,7-40-50-32-10 = 1.0,7-23-11-7 = 1.0,7-34-60-28-17-7 = 0.2,7-28-57-36-17-7 = 0.2,7-28-60-57-27-53-7 = 0.4,10-35-20-43-10 = 0.16,10-35-51-49-10 = 0.32,7-36-58-56-8 = 0.8,7-28-60-57-37-59-9 = 0.2,10-14-38-47-43-10 = 0.8,10-39-15-10 = 0.2,10-39-38-47-20-10 = 0.16,10-39-38-47-43-10 = 0.04,10-15-12-10 = 0.68,7-60-57-58-44-8 = 0.2,7-16-54-22-9 = 0.4,10-18-51-49-20-10 = 0.68,9-46-48-59-9 = 0.8,10-35-18-12-10 = 0.32,10-39-37-27-53-21-7 = 0.6,10-35-14-46-9 = 0.2,10-16-37-13-22-9 = 0.2,8-34-56-22-9 = 0.2
152,142,775.296,8.153,0.441,-0.344,159,160,8-33-41-8 = 0.681,8-34-60-28-17-7 = 0.042,8-45-19-44-8 = 0.361,8-42-26-8 = 1.0,8-45-33-19-9 = 0.194,8-45-41-8 = 0.319,8-56-52-22-9 = 0.083,8-45-33-19-8 = 0.125,8-34-17-25-7 = 0.917,8-58-52-19-8 = 0.319,9-55-30-9 = 1.0,9-29-24-31-9 = 1.0,9-54-16-21-7 = 0.389,9-54-16-36-7 = 0.139,9-13-52-44-8 = 0.597,9-54-56-22-9 = 0.236,9-54-48-22-9 = 0.167,7-40-50-32-10 = 1.0,7-23-11-7 = 0.917,7-23-11-25-7 = 0.083,7-28-57-36-17-7 = 0.042,7-28-60-57-27-53-7 = 0.569,10-35-20-43-10 = 0.167,10-35-51-49-10 = 0.333,7-28-60-36-57-21-7 = 0.181,7-36-58-56-8 = 0.639,7-28-60-57-37-59-9 = 0.167,10-14-38-47-43-10 = 0.833,10-39-15-10 = 0.333,10-39-15-12-10 = 0.069,10-39-38-47-20-10 = 0.167,10-15-12-10 = 0.597,7-60-57-58-44-8 = 0.042,7-16-54-22-9 = 0.069,10-18-51-49-20-10 = 0.667,9-46-48-59-9 = 0.833,10-35-18-12-10 = 0.333,10-39-37-27-53-21-7 = 0.431,10-35-14-46-9 = 0.167,10-16-37-13-22-9 = 0.403,8-34-56-22-9 = 0.042
159,152,775.336,7.873,0.04,-0.28,161,162,8-33-41-8 = 0.697,8-34-60-28-17-7 = 0.03,8-45-19-44-8 = 0.394,8-42-26-8 = 1.0,8-45-33-19-9 = 0.152,8-45-41-8 = 0.303,8-56-52-22-9 = 0.091,8-58-56-53-7 = 0.03,8-45-33-19-8 = 0.152,8-34-17-25-7 = 0.97,8-58-52-19-8 = 0.303,9-55-30-9 = 1.0,9-29-24-31-9 = 1.0,9-54-16-21-7 = 0.394,9-54-16-36-7 = 0.121,9-13-52-44-8 = 0.606,9-54-56-22-9 = 0.212,9-54-48-22-9 = 0.182,7-40-50-32-10 = 1.0,7-23-11-7 = 0.97,7-23-11-25-7 = 0.03,7-28-60-57-27-53-7 = 0.576,10-35-20-43-10 = 0.164,10-35-51-49-10 = 0.327,7-28-60-36-57-21-7 = 0.212,7-36-58-56-8 = 0.667,7-28-60-57-37-59-9 = 0.182,10-14-38-47-43-10 = 0.818,10-39-15-10 = 0.327,10-39-15-12-10 = 0.067,10-39-38-47-20-10 = 0.164,10-39-38-47-43-10 = 0.018,10-15-12-10 = 0.606,7-16-54-22-9 = 0.091,10-18-51-49-20-10 = 0.673,9-46-48-59-9 = 0.818,10-35-18-12-10 = 0.327,10-39-37-27-53-21-7 = 0.394,10-39-37-57-27-22-9 = 0.03,10-35-14-46-9 = 0.182,10-16-37-13-22-9 = 0.394
143,137,775.211,8.318,0.794,0.545,163,164,7-11-7 = 0.5,10-15-10 = 0.364,8-41-8 = 1.0,8-42-26-25-7 = 1.0,8-45-33-19-9 = 0.136,8-58-56-22-9 = 0.182,8-45-33-19-8 = 0.864,8-58-36-57-21-7 = 0.091,9-55-30-9 = 1.0,9-29-24-31-9 = 1.0,9-13-52-22-9 = 0.136,9-54-16-28-7 = 0.5,9-13-52-44-8 = 0.682,7-40-50-32-10 = 1.0,7-34-36-17-7 = 0.5,7-23-11-7 = 0.5,7-54-16-28-7 = 0.5,7-23-34-17-7 = 0.5,10-35-20-43-10 = 0.182,10-35-51-49-10 = 0.364,7-36-58-56-8 = 0.409,10-14-38-47-43-10 = 0.818,10-39-38-47-20-10 = 0.182,10-15-12-10 = 0.636,7-60-57-58-44-8 = 0.318,7-57-27-53-59-9 = 0.091,10-18-51-49-20-10 = 0.636,7-60-57-27-53-21-7 = 0.091,9-46-48-59-9 = 0.909,10-35-18-12-10 = 0.364,7-60-56-52-22-9 = 0.182,7-60-57-37-13-22-9 = 0.182,10-39-37-27-53-21-7 = 0.818,10-35-14-46-9 = 0.091,7-60-57-56-22-9 = 0.227,10-14-48-22-9 = 0.091
164,143,775.372,6.755,0.16,-1.564,165,166,7-11-7 = 1.0,10-15-10 = 0.364,8-41-8 = 0.655,8-33-41-8 = 0.255,8-42-26-25-7 = 1.0,8-45-33-19-9 = 0.445,8-45-41-8 = 0.091,8-45-52-19-9 = 0.164,8-58-56-22-9 = 0.018,8-45-33-19-8 = 0.3,9-55-30-9 = 1.0,9-29-24-31-9 = 1.0,9-54-16-28-7 = 1.0,9-13-52-44-8 = 0.518,7-40-50-32-10 = 1.0,7-23-34-17-7 = 1.0,10-35-20-43-10 = 0.182,10-35-51-49-10 = 0.364,7-36-58-56-8 = 0.627,10-14-38-47-43-10 = 0.818,10-39-38-47-20-10 = 0.182,10-15-12-10 = 0.636,7-60-57-58-44-8 = 0.336,7-36-56-44-8 = 0.055,10-18-51-49-20-10 = 0.636,7-60-57-27-53-21-7 = 0.182,9-46-48-59-9 = 0.909,10-35-18-12-10 = 0.364,7-60-56-52-22-9 = 0.3,7-36-58-52-22-9 = 0.018,7-60-57-37-13-22-9 = 0.182,10-39-37-27-53-21-7 = 0.818,10-35-14-46-9 = 0.091,10-14-48-22-9 = 0.091,9-22-59-19-44-8 = 0.091,7-36-57-13-22-9 = 0.3
163,143,775.473,6.955,0.261,-1.364,167,168,10-15-10 = 0.364,8-41-8 = 0.818,8-33-41-8 = 0.091,8-42-26-25-7 = 1.0,8-45-41-8 = 0.091,8-58-56-21-7 = 0.091,8-58-56-22-9 = 0.182,8-45-33-19-8 = 0.909,8-58-52-19-8 = 0.045,8-58-52-19-9 = 0.045,9-55-30-9 = 1.0,9-29-24-31-9 = 1.0,9-13-52-22-9 = 0.136,9-54-16-28-7 = 0.409,9-13-52-44-8 = 0.682,7-40-50-32-10 = 1.0,7-34-36-17-7 = 0.682,7-34-17-7 = 0.318,7-23-11-7 = 1.0,7-54-16-28-7 = 0.591,10-35-20-43-10 = 0.182,10-35-51-49-10 = 0.364,7-36-58-56-8 = 0.318,10-14-38-47-43-10 = 0.818,10-39-38-47-20-10 = 0.182,10-15-12-10 = 0.636,7-60-57-58-44-8 = 0.318,7-57-27-53-59-9 = 0.091,10-18-51-49-20-10 = 0.636,7-60-57-27-53-21-7 = 0.091,9-46-48-59-9 = 0.909,10-35-18-12-10 = 0.364,7-60-56-52-22-9 = 0.091,7-60-57-37-13-22-9 = 0.182,10-39-37-27-53-21-7 = 0.818,10-35-14-46-9 = 0.091,7-60-57-56-22-9 = 0.318,10-14-48-22-9 = 0.091
161,159,775.348,7.853,0.012,-0.019,169,170,8-33-41-8 = 0.7,8-45-19-44-8 = 0.4,8-42-26-8 = 1.0,8-45-33-19-9 = 0.133,8-45-41-8 = 0.3,8-56-52-22-9 = 0.1,8-58-56-53-7 = 0.033,8-45-33-19-8 = 0.167,8-34-17-25-7 = 1.0,8-58-52-19-8 = 0.3,9-55-30-9 = 1.0,9-29-24-31-9 = 1.0,9-54-16-21-7 = 0.4,9-54-16-36-7 = 0.133,9-13-52-44-8 = 0.6,9-54-56-22-9 = 0.2,9-54-48-22-9 = 0.2,7-40-50-32-10 = 1.0,7-23-11-7 = 1.0,7-28-60-57-27-53-7 = 0.567,10-35-20-43-10 = 0.16,10-35-51-49-10 = 0.32,7-28-60-36-57-21-7 = 0.2,7-36-58-56-8 = 0.667,7-28-60-57-37-59-9 = 0.2,10-14-38-47-43-10 = 0.8,10-39-15-10 = 0.32,10-39-15-12-10 = 0.08,10-39-38-47-20-10 = 0.16,10-39-38-47-43-10 = 0.04,10-15-12-10 = 0.6,7-16-54-22-9 = 0.067,10-18-51-49-20-10 = 0.68,7-28-60-57-27-22-9 = 0.033,9-46-48-59-9 = 0.8,10-35-18-12-10 = 0.32,10-39-37-27-53-21-7 = 0.4,10-35-14-46-9 = 0.2,10-16-37-13-22-9 = 0.4
149,145,775.547,6.25,0.378,-0.477,171,172,10-15-10 = 0.375,8-41-8 = 1.0,8-42-26-8 = 1.0,8-45-33-19-9 = 1.0,8-34-17-25-7 = 0.5,9-55-30-9 = 1.0,9-29-24-31-9 = 1.0,9-13-52-22-9 = 0.667,9-54-16-28-7 = 1.0,9-13-52-44-8 = 0.333,7-40-50-32-10 = 1.0,7-34-17-25-7 = 0.5,7-23-11-7 = 1.0,10-35-20-43-10 = 0.167,10-35-51-49-10 = 0.417,7-36-58-56-8 = 0.5,10-14-38-47-43-10 = 0.792,10-39-38-47-20-10 = 0.167,10-15-12-10 = 0.625,7-60-57-58-44-8 = 0.333,7-36-56-44-8 = 0.167,10-18-51-49-20-10 = 0.583,7-60-57-27-53-21-7 = 0.167,7-60-36-58-44-8 = 0.167,9-46-48-59-9 = 1.0,10-35-18-12-10 = 0.375,10-18-38-47-20-43-10 = 0.042,10-14-35-20-10 = 0.042,10-39-37-27-53-21-7 = 0.833,7-60-57-56-22-9 = 0.333,10-14-37-57-36-7 = 0.167
154,147,776.207,2.5,0.888,-4.136,173,174,10-15-10 = 0.25,8-33-41-8 = 1.0,8-42-26-8 = 1.0,8-45-52-19-9 = 1.0,9-55-30-9 = 1.0,9-29-24-31-9 = 1.0,9-13-56-22-9 = 1.0,9-54-16-28-7 = 1.0,7-40-50-32-10 = 1.0,7-34-36-17-7 = 1.0,7-23-11-25-7 = 1.0,10-35-51-49-10 = 0.5,10-14-38-47-43-10 = 0.75,10-15-12-10 = 0.75,7-60-57-58-44-8 = 1.0,10-18-51-49-20-10 = 0.5,9-46-48-59-9 = 1.0,10-35-18-12-10 = 0.25,10-18-38-47-20-43-10 = 0.25,10-14-35-20-10 = 0.25,10-39-37-27-53-21-7 = 1.0
173,154,780.832,0.0,4.625,0.0,Prune by CG,,10-15-10 = 0.667,8-33-41-8 = 1.0,8-42-26-8 = 1.0,8-45-52-19-9 = 1.0,9-55-30-9 = 1.0,9-29-24-31-9 = 1.0,9-13-56-22-9 = 1.0,9-54-16-28-7 = 1.0,7-40-50-32-10 = 1.0,7-34-36-17-7 = 1.0,7-23-11-25-7 = 1.0,10-35-51-49-10 = 1.0,10-14-47-20-10 = 0.333,10-14-38-47-43-10 = 0.333,10-15-12-10 = 0.333,7-60-57-58-44-8 = 1.0,10-18-12-10 = 0.667,9-46-48-59-9 = 1.0,10-14-38-20-43-10 = 0.333,10-18-38-47-20-43-10 = 0.333,10-39-37-27-53-21-7 = 1.0
174,154,777.62,0.0,1.413,-2.5,Integer,,10-15-10 = 1.0,8-33-41-8 = 1.0,8-42-26-8 = 1.0,8-45-52-19-9 = 1.0,9-55-30-9 = 1.0,9-29-24-31-9 = 1.0,9-13-56-22-9 = 1.0,9-54-16-28-7 = 1.0,7-40-50-32-10 = 1.0,7-34-36-17-7 = 1.0,7-23-11-25-7 = 1.0,10-14-38-47-43-10 = 1.0,7-60-57-58-44-8 = 1.0,10-18-51-49-20-10 = 1.0,9-46-48-59-9 = 1.0,10-39-37-27-53-21-7 = 1.0,10-35-12-10 = 1.0
156,151,775.801,7.867,0.668,-1.094,175,176,7-11-7 = 1.0,7-23-7 = 0.026,8-33-41-8 = 0.692,8-34-60-28-21-7 = 0.026,8-45-19-44-8 = 0.385,8-42-26-25-7 = 1.0,8-45-33-19-9 = 0.154,8-45-41-8 = 0.308,8-56-52-22-9 = 0.103,8-45-33-19-8 = 0.154,8-58-52-19-8 = 0.308,9-55-30-9 = 1.0,9-29-24-31-9 = 1.0,9-54-16-21-7 = 0.385,9-54-16-36-7 = 0.128,9-13-52-44-8 = 0.59,9-54-56-22-9 = 0.231,9-54-48-22-9 = 0.179,7-40-50-32-10 = 1.0,7-28-57-36-17-7 = 0.026,7-28-60-57-27-53-7 = 0.59,7-23-34-17-7 = 0.974,10-35-20-43-10 = 0.164,10-35-51-49-10 = 0.328,7-28-60-36-57-21-7 = 0.179,7-36-58-56-8 = 0.667,7-28-60-57-37-59-9 = 0.179,10-14-38-47-43-10 = 0.821,10-39-15-10 = 0.328,10-39-15-12-10 = 0.082,10-39-38-47-20-10 = 0.164,10-39-38-47-43-10 = 0.015,10-15-12-10 = 0.59,7-60-57-58-44-8 = 0.026,7-16-54-22-9 = 0.077,10-18-51-49-20-10 = 0.672,9-46-48-59-9 = 0.821,10-35-18-12-10 = 0.328,10-39-37-27-53-21-7 = 0.41,10-35-14-46-9 = 0.179,10-16-37-13-22-9 = 0.41
168,163,775.532,8.045,0.059,1.091,177,178,10-15-10 = 0.364,8-41-8 = 0.818,8-33-41-8 = 0.091,8-42-26-25-7 = 1.0,8-45-33-19-9 = 0.318,8-45-41-8 = 0.091,8-58-56-21-7 = 0.091,8-45-33-19-8 = 0.591,8-58-52-19-8 = 0.091,9-55-30-9 = 1.0,9-29-24-31-9 = 1.0,9-13-52-22-9 = 0.227,9-54-16-28-7 = 0.682,9-13-52-44-8 = 0.591,7-40-50-32-10 = 1.0,7-34-36-17-7 = 0.591,7-34-17-7 = 0.227,7-23-17-11-7 = 0.182,7-23-11-7 = 0.818,7-54-16-28-7 = 0.318,10-35-20-43-10 = 0.182,10-35-51-49-10 = 0.364,7-36-58-56-8 = 0.409,10-14-38-47-43-10 = 0.818,10-39-38-47-20-10 = 0.182,10-15-12-10 = 0.636,7-60-57-58-44-8 = 0.409,7-34-56-22-9 = 0.182,7-57-27-53-59-9 = 0.091,10-18-51-49-20-10 = 0.636,7-60-57-27-53-21-7 = 0.091,9-46-48-59-9 = 0.909,10-35-18-12-10 = 0.364,7-60-56-52-22-9 = 0.091,7-60-57-37-13-22-9 = 0.182,10-39-37-27-53-21-7 = 0.818,10-35-14-46-9 = 0.091,7-60-57-56-22-9 = 0.227,10-14-48-22-9 = 0.091
177,168,775.281,7.765,-0.251,-0.281,179,180,10-15-10 = 0.353,8-41-8 = 1.0,8-42-26-25-7 = 1.0,8-45-33-19-9 = 0.353,8-56-52-22-9 = 0.176,8-45-33-19-8 = 0.647,9-55-30-9 = 1.0,9-29-24-31-9 = 1.0,9-13-52-22-9 = 0.294,9-54-16-28-7 = 0.647,9-13-52-44-8 = 0.529,7-40-50-32-10 = 1.0,7-34-36-17-7 = 0.471,7-34-17-7 = 0.412,7-23-17-11-7 = 0.118,7-23-11-7 = 0.882,7-54-16-28-7 = 0.353,10-35-20-43-10 = 0.176,10-35-51-49-10 = 0.353,7-36-58-56-8 = 0.529,10-14-38-47-43-10 = 0.824,10-39-38-47-20-10 = 0.176,10-15-12-10 = 0.647,7-60-57-58-44-8 = 0.471,7-34-56-22-9 = 0.118,10-18-51-49-20-10 = 0.647,7-60-57-27-53-21-7 = 0.176,9-46-48-59-9 = 0.941,10-35-18-12-10 = 0.353,7-60-57-37-13-22-9 = 0.176,10-39-37-27-53-21-7 = 0.824,10-35-14-46-9 = 0.059,7-60-57-56-22-9 = 0.176,10-14-48-22-9 = 0.059,10-35-14-59-9 = 0.059
180,177,777.944,0.0,2.663,0.0,Prune by CG,,10-15-10 = 0.311,8-41-8 = 1.0,8-42-26-25-7 = 1.0,8-56-52-22-9 = 0.444,8-45-33-19-8 = 1.0,9-55-30-9 = 1.0,9-29-24-31-9 = 1.0,9-54-16-28-7 = 0.556,9-48-13-22-9 = 0.111,7-40-50-32-10 = 1.0,9-13-58-44-8 = 0.556,7-34-36-17-7 = 0.444,7-34-17-7 = 0.556,7-23-11-7 = 1.0,7-54-16-28-7 = 0.444,10-35-20-43-10 = 0.156,10-35-51-49-10 = 0.311,10-14-38-47-43-10 = 0.778,10-39-38-47-20-10 = 0.156,10-39-38-47-43-10 = 0.067,10-15-12-10 = 0.689,7-60-57-58-44-8 = 0.444,7-36-56-52-8 = 0.444,10-18-51-49-20-10 = 0.689,7-60-57-27-53-21-7 = 0.222,9-46-48-59-9 = 0.889,10-35-18-12-10 = 0.311,7-60-56-52-22-9 = 0.111,7-60-57-37-13-22-9 = 0.222,10-39-37-27-53-21-7 = 0.778,10-35-14-46-9 = 0.111,7-36-57-13-22-9 = 0.111,10-35-14-59-9 = 0.111
179,177,775.756,7.25,0.476,-0.515,181,182,10-15-10 = 0.333,8-41-8 = 1.0,8-42-26-25-7 = 1.0,8-45-33-19-9 = 0.583,8-45-33-19-8 = 0.417,9-55-30-9 = 1.0,9-29-24-31-9 = 1.0,9-13-52-22-9 = 0.417,9-54-16-28-7 = 0.583,9-13-52-44-8 = 0.583,7-40-50-32-10 = 1.0,7-34-36-17-7 = 0.417,7-34-17-7 = 0.583,7-23-11-7 = 1.0,7-54-16-28-7 = 0.417,10-35-20-43-10 = 0.167,10-35-51-49-10 = 0.333,7-36-58-56-8 = 0.583,10-14-38-47-43-10 = 0.833,10-39-38-47-20-10 = 0.167,10-15-12-10 = 0.667,7-60-57-58-44-8 = 0.417,10-18-51-49-20-10 = 0.667,7-60-57-27-53-21-7 = 0.167,9-46-48-59-9 = 1.0,10-35-18-12-10 = 0.333,10-39-37-27-53-21-7 = 0.833,7-60-57-56-22-9 = 0.417,10-35-14-37-22-9 = 0.167
141,140,775.941,5.833,1.54,-1.067,183,184,8-41-8 = 1.0,8-42-26-8 = 1.0,8-58-56-22-9 = 1.0,8-45-33-19-8 = 1.0,9-48-59-9 = 0.167,9-55-30-9 = 1.0,9-29-24-31-9 = 1.0,9-54-16-36-7 = 0.5,9-13-52-44-8 = 1.0,7-40-50-32-7 = 0.333,7-40-50-32-10 = 0.667,7-34-17-25-7 = 1.0,7-23-11-7 = 1.0,7-28-60-57-27-53-7 = 0.167,10-35-20-43-10 = 0.167,10-35-51-49-10 = 0.333,7-28-60-36-57-21-7 = 0.5,10-14-38-47-43-10 = 0.833,10-39-15-10 = 0.333,10-39-38-47-20-10 = 0.167,10-15-12-10 = 0.667,10-18-51-49-20-10 = 0.667,7-28-60-57-27-53-9 = 0.333,10-16-54-37-10 = 0.5,9-46-48-59-9 = 0.833,10-35-18-12-10 = 0.333,10-39-37-27-53-21-7 = 0.5,10-35-14-46-9 = 0.167
178,168,775.894,7.491,0.362,-0.555,185,186,10-15-10 = 0.255,8-33-41-8 = 1.0,8-45-19-44-8 = 0.455,8-42-26-25-7 = 1.0,8-45-52-19-8 = 0.273,8-45-52-19-9 = 0.273,9-55-30-9 = 1.0,9-29-24-31-9 = 1.0,9-13-52-22-9 = 0.182,9-54-16-28-7 = 1.0,9-48-13-22-9 = 0.182,9-13-52-44-8 = 0.273,7-40-50-32-10 = 1.0,7-34-36-17-7 = 0.273,7-34-17-7 = 0.455,7-23-17-11-7 = 0.273,7-23-11-7 = 0.727,10-35-20-43-10 = 0.127,10-35-51-49-10 = 0.255,7-36-58-56-8 = 0.727,10-14-38-47-43-10 = 0.636,10-39-38-47-20-10 = 0.127,10-39-38-47-43-10 = 0.236,10-15-12-10 = 0.745,7-60-57-58-44-8 = 0.273,7-34-56-22-9 = 0.273,10-18-51-49-20-10 = 0.745,7-60-57-27-53-21-7 = 0.364,9-46-48-59-9 = 0.818,10-35-18-12-10 = 0.255,7-60-57-37-13-22-9 = 0.364,10-39-37-27-53-21-7 = 0.636,10-35-14-46-9 = 0.182,10-35-14-59-9 = 0.182
185,178,778.536,0.0,2.642,0.0,Prune by CG,,10-15-10 = 0.2,8-33-41-8 = 1.0,8-45-19-44-8 = 0.75,8-42-26-25-7 = 1.0,8-45-52-44-8 = 0.25,8-58-52-19-8 = 0.25,9-55-30-9 = 1.0,9-29-24-31-9 = 1.0,9-13-52-22-9 = 0.25,9-54-16-28-7 = 1.0,9-48-13-22-9 = 0.25,7-40-50-32-10 = 1.0,7-34-17-7 = 1.0,7-23-11-7 = 1.0,10-35-20-43-10 = 0.1,10-35-51-49-10 = 0.2,7-36-58-56-8 = 0.75,10-14-38-47-43-10 = 0.5,10-39-38-47-20-10 = 0.1,10-39-38-47-43-10 = 0.4,10-15-12-10 = 0.8,7-36-56-52-8 = 0.25,10-18-51-49-20-10 = 0.8,7-60-57-27-53-21-7 = 0.5,9-46-48-59-9 = 0.75,10-35-18-12-10 = 0.2,7-60-57-37-13-22-9 = 0.5,10-39-37-27-53-21-7 = 0.5,10-35-14-46-9 = 0.25,10-35-14-59-9 = 0.25
153,147,775.911,6.0,0.592,-0.636,187,188,10-15-10 = 0.364,8-41-8 = 1.0,8-42-26-8 = 1.0,8-45-33-19-9 = 0.545,8-56-27-59-9 = 0.091,8-58-56-21-7 = 0.091,8-58-56-53-9 = 0.091,8-58-56-22-9 = 0.394,8-45-33-19-8 = 0.455,9-55-30-9 = 1.0,9-29-24-31-9 = 1.0,9-54-16-28-7 = 1.0,9-13-52-44-8 = 0.818,7-40-50-32-10 = 1.0,7-34-36-17-7 = 1.0,7-23-11-25-7 = 1.0,10-35-20-43-10 = 0.182,10-35-51-49-10 = 0.364,10-14-38-47-43-10 = 0.818,10-39-38-47-20-10 = 0.182,10-15-12-10 = 0.636,7-60-57-58-44-8 = 0.182,10-18-51-49-20-10 = 0.636,7-60-57-27-53-21-7 = 0.303,9-46-48-59-9 = 0.909,10-35-18-12-10 = 0.364,7-60-56-52-22-9 = 0.182,7-60-58-56-22-9 = 0.03,7-60-57-37-13-22-9 = 0.182,10-39-37-27-53-21-7 = 0.606,10-35-14-46-9 = 0.091,7-60-57-56-22-9 = 0.121,10-14-48-22-9 = 0.091,10-39-37-57-58-8 = 0.212
157,155,775.826,7.283,0.438,0.123,189,190,10-15-10 = 0.15,8-41-8 = 0.8,8-33-41-8 = 0.1,8-34-60-28-17-7 = 0.217,8-42-26-25-7 = 1.0,8-45-41-8 = 0.1,8-56-52-22-9 = 0.083,8-45-33-19-8 = 0.9,8-34-17-7 = 0.367,8-34-36-17-7 = 0.233,8-58-52-19-8 = 0.1,9-55-30-9 = 1.0,9-29-24-31-9 = 1.0,9-54-16-21-7 = 0.333,9-13-52-44-8 = 0.817,9-54-56-22-9 = 0.017,9-54-48-22-9 = 0.167,7-40-50-32-10 = 1.0,7-34-17-7 = 0.183,7-23-11-7 = 1.0,7-28-60-57-27-53-7 = 0.35,10-35-20-43-10 = 0.167,10-35-51-49-10 = 0.333,7-28-60-36-57-21-7 = 0.05,7-36-58-56-8 = 0.717,7-28-60-57-37-59-9 = 0.167,10-14-38-47-43-10 = 0.833,10-39-15-10 = 0.183,10-39-38-47-20-10 = 0.167,10-15-12-10 = 0.667,7-60-57-58-44-8 = 0.183,7-16-54-22-9 = 0.483,10-18-51-49-20-10 = 0.667,7-28-60-57-53-59-9 = 0.033,9-46-48-59-9 = 0.8,9-46-48-22-9 = 0.033,7-28-57-56-8 = 0.183,10-35-18-12-10 = 0.333,10-39-37-27-53-21-7 = 0.617,10-39-37-57-27-22-9 = 0.033,10-35-14-46-9 = 0.167,10-16-37-13-22-9 = 0.183
190,157,780.362,0.0,4.536,0.0,Prune by CG,,10-15-10 = 0.24,8-41-8 = 0.467,8-33-41-8 = 0.267,8-42-26-25-7 = 1.0,8-45-41-8 = 0.267,8-45-33-19-8 = 0.733,8-34-17-7 = 0.467,8-58-52-19-8 = 0.267,9-55-30-9 = 1.0,9-29-24-31-9 = 1.0,9-13-52-44-8 = 0.733,9-54-56-22-9 = 0.533,9-54-48-22-9 = 0.2,7-40-50-32-10 = 1.0,7-34-17-7 = 0.4,7-23-11-7 = 1.0,7-34-60-28-17-7 = 0.133,7-16-37-57-36-7 = 0.4,7-16-60-28-21-7 = 0.267,7-28-60-57-27-53-7 = 0.067,10-35-20-43-10 = 0.12,10-35-51-49-10 = 0.24,7-28-60-36-57-21-7 = 0.133,7-36-58-56-8 = 0.467,10-14-38-47-43-10 = 0.6,10-39-38-47-20-10 = 0.12,10-39-38-47-43-10 = 0.28,10-15-12-10 = 0.76,10-18-51-49-20-10 = 0.76,7-28-60-57-27-53-9 = 0.333,9-46-48-59-9 = 0.8,10-35-18-12-10 = 0.24,7-16-58-44-8 = 0.267,9-54-13-22-9 = 0.267,10-39-37-27-53-21-7 = 0.6,10-35-14-46-9 = 0.2,7-16-28-60-57-7 = 0.067,10-35-14-59-9 = 0.2
189,157,775.893,6.4,0.067,-0.883,191,192,10-15-10 = 0.3,8-41-8 = 1.0,8-42-26-25-7 = 1.0,8-45-33-19-8 = 1.0,8-34-17-7 = 1.0,9-55-30-9 = 1.0,9-29-24-31-9 = 1.0,9-54-16-21-7 = 0.5,9-13-52-44-8 = 1.0,7-40-50-32-10 = 1.0,7-23-11-7 = 1.0,7-28-60-57-27-53-7 = 0.5,10-35-20-43-10 = 0.15,10-35-51-49-10 = 0.3,7-36-58-56-8 = 1.0,7-28-60-57-37-59-9 = 0.5,10-14-38-47-43-10 = 0.5,10-39-38-47-20-10 = 0.15,10-39-38-47-43-10 = 0.35,10-15-12-10 = 0.7,7-16-54-22-9 = 0.5,10-18-51-49-20-10 = 0.7,9-46-48-59-9 = 0.5,9-46-48-22-9 = 0.25,10-35-18-12-10 = 0.3,10-39-37-27-53-21-7 = 0.5,10-35-14-46-9 = 0.25,10-14-48-22-9 = 0.25
191,189,778.012,0.0,2.119,0.0,Prune by CG,,10-15-10 = 0.2,8-41-8 = 1.0,8-42-26-25-7 = 1.0,8-58-56-53-9 = 0.5,8-45-33-19-8 = 1.0,9-55-30-9 = 1.0,9-29-24-31-9 = 1.0,9-54-16-21-7 = 1.0,9-13-52-44-8 = 1.0,7-40-50-32-10 = 1.0,7-34-36-17-7 = 0.5,7-23-11-7 = 1.0,7-34-60-28-17-7 = 0.5,10-35-20-43-10 = 0.1,10-35-51-49-10 = 0.2,7-36-58-56-8 = 0.5,10-14-38-47-43-10 = 0.5,10-39-38-47-20-10 = 0.1,10-39-38-47-43-10 = 0.4,10-15-12-10 = 0.8,10-18-51-49-20-10 = 0.8,7-28-60-57-27-53-9 = 0.5,9-46-48-59-9 = 1.0,10-35-18-12-10 = 0.2,10-39-37-57-27-22-9 = 0.5,10-35-14-37-22-9 = 0.5
192,189,775.653,6.537,-0.24,0.137,193,194,10-15-10 = 0.355,8-41-8 = 0.765,8-33-41-8 = 0.118,8-34-60-28-17-7 = 0.078,8-42-26-25-7 = 1.0,8-45-41-8 = 0.118,8-58-56-21-7 = 0.02,8-45-33-19-8 = 0.882,8-34-17-7 = 0.804,8-58-52-19-8 = 0.118,9-55-30-9 = 1.0,9-29-24-31-9 = 1.0,9-54-16-37-10 = 0.196,9-48-13-22-9 = 0.078,9-13-52-44-8 = 0.882,7-40-50-32-10 = 1.0,7-23-11-7 = 1.0,7-34-60-28-17-7 = 0.118,7-28-60-57-27-53-7 = 0.275,10-35-20-43-10 = 0.145,10-35-51-49-10 = 0.355,7-28-60-36-57-21-7 = 0.255,7-36-58-56-8 = 0.745,7-28-60-57-37-59-9 = 0.078,10-14-38-47-43-10 = 0.855,10-39-15-12-10 = 0.13,10-39-38-47-20-10 = 0.145,10-15-12-10 = 0.515,7-60-57-58-44-8 = 0.118,7-16-54-22-9 = 0.412,10-18-51-49-20-10 = 0.645,9-46-48-59-9 = 0.922,7-28-57-56-8 = 0.157,10-35-18-12-10 = 0.355,10-14-35-20-10 = 0.066,10-39-37-27-53-21-7 = 0.725,10-35-14-46-9 = 0.078,7-60-57-56-22-9 = 0.078,7-28-57-13-22-9 = 0.039,10-16-54-22-9 = 0.392
148,146,775.836,7.764,1.074,0.179,195,196,10-15-10 = 0.364,8-41-8 = 0.836,8-33-41-8 = 0.164,8-42-26-8 = 1.0,8-45-33-19-9 = 0.636,8-45-52-19-8 = 0.164,8-58-56-22-9 = 0.145,8-45-33-19-8 = 0.2,8-58-27-53-59-9 = 0.091,8-58-36-57-21-7 = 0.091,9-55-30-9 = 1.0,9-29-24-31-9 = 1.0,9-13-52-22-9 = 0.145,9-54-16-28-7 = 1.0,9-13-52-44-8 = 0.673,7-40-50-32-10 = 1.0,7-11-25-7 = 0.582,7-23-11-25-7 = 0.418,7-23-34-17-7 = 0.582,10-35-20-43-10 = 0.182,10-35-51-49-10 = 0.364,7-36-58-56-8 = 0.382,10-14-38-47-43-10 = 0.818,10-39-38-47-20-10 = 0.182,10-15-12-10 = 0.636,7-60-57-58-44-8 = 0.218,7-36-56-44-8 = 0.036,10-18-51-49-20-10 = 0.636,7-60-57-27-53-21-7 = 0.091,7-60-36-58-44-8 = 0.073,9-46-48-59-9 = 0.909,10-35-18-12-10 = 0.364,7-60-56-52-22-9 = 0.018,7-60-57-37-13-22-9 = 0.182,10-39-37-27-53-21-7 = 0.818,10-35-14-46-9 = 0.091,7-60-57-36-17-7 = 0.418,10-14-48-22-9 = 0.091,8-34-56-22-9 = 0.418
195,148,775.877,6.221,0.041,-1.543,197,198,10-15-10 = 0.353,8-41-8 = 0.971,8-33-41-8 = 0.029,8-42-26-8 = 1.0,8-45-33-19-9 = 0.632,8-45-52-19-8 = 0.029,8-58-56-22-9 = 0.147,8-45-33-19-8 = 0.338,8-34-17-7 = 0.676,9-55-30-9 = 1.0,9-29-24-31-9 = 1.0,9-54-16-28-7 = 1.0,9-13-52-44-8 = 0.75,7-40-50-32-10 = 1.0,7-23-11-25-7 = 1.0,10-35-20-43-10 = 0.176,10-35-51-49-10 = 0.353,7-36-58-56-8 = 0.456,10-14-38-47-43-10 = 0.824,10-39-38-47-20-10 = 0.176,10-15-12-10 = 0.647,7-60-57-58-44-8 = 0.25,7-34-56-22-9 = 0.324,10-18-51-49-20-10 = 0.647,7-60-57-27-53-21-7 = 0.176,9-46-48-59-9 = 0.941,10-35-18-12-10 = 0.353,7-60-56-52-22-9 = 0.074,7-36-58-52-22-9 = 0.147,7-60-57-37-13-22-9 = 0.176,10-39-37-27-53-21-7 = 0.824,10-35-14-46-9 = 0.059,7-60-57-36-17-7 = 0.324,10-14-48-22-9 = 0.059,7-36-57-13-22-9 = 0.074,10-35-14-59-9 = 0.059
139,138,776.821,2.5,2.501,-4.894,199,200,10-15-10 = 0.25,8-41-8 = 1.0,8-34-60-28-21-7 = 1.0,8-42-26-25-7 = 1.0,8-45-33-19-8 = 1.0,9-55-30-9 = 1.0,9-29-24-31-9 = 1.0,9-13-52-44-8 = 1.0,7-40-50-32-10 = 1.0,7-23-17-11-7 = 1.0,7-16-54-53-7 = 1.0,10-35-51-49-10 = 0.5,7-36-58-56-8 = 1.0,10-14-38-47-43-10 = 0.75,10-15-12-10 = 0.75,10-18-51-49-20-10 = 0.5,9-46-48-59-9 = 1.0,10-35-18-12-10 = 0.25,10-18-38-47-20-43-10 = 0.25,10-14-35-20-10 = 0.25,10-39-37-57-27-22-9 = 1.0
199,139,781.446,0.0,4.625,0.0,Prune by CG,,10-15-10 = 0.667,8-41-8 = 1.0,8-34-60-28-21-7 = 1.0,8-42-26-25-7 = 1.0,8-45-33-19-8 = 1.0,9-55-30-9 = 1.0,9-29-24-31-9 = 1.0,9-13-52-44-8 = 1.0,7-40-50-32-10 = 1.0,7-23-17-11-7 = 1.0,7-16-54-53-7 = 1.0,10-35-51-49-10 = 1.0,7-36-58-56-8 = 1.0,10-14-38-47-43-10 = 0.333,10-15-12-10 = 0.333,10-18-12-10 = 0.667,9-46-48-59-9 = 1.0,10-14-38-20-43-10 = 0.333,10-18-38-47-20-10 = 0.333,10-14-47-20-43-10 = 0.333,10-39-37-57-27-22-9 = 1.0
200,139,778.234,0.0,1.413,0.0,Prune by CG,,10-15-10 = 1.0,8-41-8 = 1.0,8-34-60-28-21-7 = 1.0,8-42-26-25-7 = 1.0,8-45-33-19-8 = 1.0,9-55-30-9 = 1.0,9-29-24-31-9 = 1.0,9-13-52-44-8 = 1.0,7-40-50-32-10 = 1.0,7-23-17-11-7 = 1.0,7-16-54-53-7 = 1.0,7-36-58-56-8 = 1.0,10-14-38-47-43-10 = 1.0,10-18-51-49-20-10 = 1.0,9-46-48-59-9 = 1.0,10-39-37-57-27-22-9 = 1.0,10-35-12-10 = 1.0
172,149,775.971,6.429,0.424,0.179,201,202,10-15-10 = 0.429,8-41-8 = 1.0,8-42-26-8 = 1.0,8-45-33-19-9 = 1.0,8-34-17-25-7 = 0.5,8-34-60-36-25-7 = 0.071,9-55-30-9 = 1.0,9-29-24-31-9 = 1.0,9-13-52-22-9 = 0.643,9-54-16-28-7 = 1.0,9-13-52-44-8 = 0.357,7-40-50-32-10 = 1.0,7-34-17-25-7 = 0.429,7-23-11-7 = 1.0,10-35-51-49-10 = 0.429,7-36-58-56-8 = 0.571,10-14-38-47-43-10 = 0.786,10-39-38-47-20-10 = 0.214,10-15-12-10 = 0.357,10-15-12-20-43-10 = 0.214,7-60-57-58-44-8 = 0.429,7-36-56-44-8 = 0.214,10-18-51-49-20-10 = 0.571,7-60-57-27-53-21-7 = 0.214,9-46-48-59-9 = 1.0,10-35-18-12-10 = 0.429,10-39-37-27-53-21-7 = 0.786,7-60-57-56-22-9 = 0.214,7-60-57-36-17-7 = 0.071,10-14-37-57-36-7 = 0.071,10-35-14-37-22-9 = 0.143
202,172,781.952,0.0,5.981,0.0,Prune by CG,,10-15-10 = 0.4,8-41-8 = 1.0,8-42-26-8 = 1.0,8-45-33-19-9 = 0.6,8-45-33-19-8 = 0.4,8-34-25-7 = 1.0,9-55-30-9 = 1.0,9-29-24-31-9 = 1.0,9-13-52-22-9 = 0.6,9-54-16-28-7 = 0.6,9-13-52-44-8 = 0.4,7-40-50-32-10 = 1.0,7-23-17-11-7 = 0.8,7-23-11-7 = 0.2,7-54-16-28-7 = 0.4,10-35-51-49-10 = 0.4,7-36-58-56-8 = 0.6,10-14-38-47-43-10 = 0.8,10-39-38-47-20-10 = 0.2,10-15-12-10 = 0.4,10-15-12-20-43-10 = 0.2,7-60-57-58-44-8 = 0.4,7-36-56-44-8 = 0.2,10-18-51-49-20-10 = 0.6,7-60-57-27-53-21-7 = 0.2,9-46-48-59-9 = 1.0,10-35-18-12-10 = 0.4,10-39-37-27-53-21-7 = 0.8,7-60-57-56-22-9 = 0.2,7-60-57-36-17-7 = 0.2,10-35-14-37-22-9 = 0.2
201,172,775.984,6.356,0.013,-0.072,203,204,10-15-10 = 0.416,8-41-8 = 1.0,8-42-26-8 = 1.0,8-45-33-19-9 = 0.802,8-45-33-19-8 = 0.198,8-34-17-25-7 = 0.762,9-55-30-9 = 1.0,9-29-24-31-9 = 1.0,9-13-52-22-9 = 0.634,9-54-16-28-7 = 1.0,9-13-52-44-8 = 0.366,7-40-50-32-10 = 1.0,7-34-17-25-7 = 0.238,7-23-11-7 = 1.0,10-35-51-49-10 = 0.416,7-36-58-56-8 = 0.564,10-14-38-47-43-10 = 0.792,10-39-38-47-20-10 = 0.208,10-15-12-10 = 0.376,10-15-12-20-43-10 = 0.208,7-60-57-58-44-8 = 0.436,7-36-56-44-8 = 0.198,10-18-51-49-20-10 = 0.584,7-60-57-27-53-21-7 = 0.089,9-46-48-59-9 = 0.96,10-35-18-12-10 = 0.416,10-39-37-27-53-21-7 = 0.792,10-35-14-46-9 = 0.04,7-60-57-56-22-9 = 0.238,10-14-48-22-9 = 0.04,7-60-36-57-37-21-7 = 0.119,10-35-14-59-9 = 0.04,10-35-14-37-22-9 = 0.089,7-60-36-57-27-53-9 = 0.119
204,201,777.882,0.0,1.898,0.0,Prune by CG,,10-15-10 = 0.472,8-41-8 = 0.194,8-33-41-8 = 0.403,8-42-26-8 = 1.0,8-45-33-19-9 = 0.597,8-45-41-8 = 0.403,8-58-56-21-7 = 0.028,8-58-56-22-9 = 0.542,9-55-30-9 = 1.0,9-29-24-31-9 = 1.0,9-13-52-22-9 = 0.403,9-54-16-28-7 = 0.875,9-13-52-44-8 = 0.597,9-54-28-60-36-7 = 0.125,7-40-50-32-10 = 1.0,7-34-17-25-7 = 1.0,7-23-11-7 = 1.0,7-16-60-57-36-7 = 0.125,10-35-51-49-10 = 0.472,10-14-38-47-43-10 = 0.764,10-39-38-47-20-10 = 0.236,10-15-12-10 = 0.292,10-15-12-20-43-10 = 0.236,7-60-57-58-44-8 = 0.403,10-18-51-49-20-10 = 0.528,7-60-57-27-53-21-7 = 0.125,9-46-48-59-9 = 0.972,7-36-56-19-8 = 0.167,10-35-18-12-10 = 0.472,7-60-58-56-22-9 = 0.028,10-39-37-27-53-21-7 = 0.764,10-35-14-46-9 = 0.028,10-14-48-22-9 = 0.028,10-14-37-57-36-7 = 0.153,7-60-36-57-37-21-7 = 0.083,10-35-14-59-9 = 0.028,7-36-56-19-9 = 0.236,7-60-36-57-27-53-9 = 0.111
196,148,776.162,6.69,0.327,-1.074,205,206,7-11-7 = 0.209,10-15-10 = 0.353,8-41-8 = 0.947,8-33-41-8 = 0.053,8-42-26-8 = 1.0,8-45-33-19-9 = 0.631,8-45-52-19-8 = 0.053,8-58-56-22-9 = 0.283,8-45-33-19-8 = 0.316,8-58-36-57-21-7 = 0.176,9-55-30-9 = 1.0,9-29-24-31-9 = 1.0,9-54-16-28-7 = 1.0,9-13-52-44-8 = 0.749,7-40-50-32-10 = 1.0,7-11-25-7 = 0.791,7-23-25-7 = 0.209,7-23-34-17-7 = 0.791,10-35-20-43-10 = 0.176,10-35-51-49-10 = 0.353,7-36-58-56-8 = 0.299,10-14-38-47-43-10 = 0.824,10-39-38-47-20-10 = 0.176,10-15-12-10 = 0.647,7-60-57-58-44-8 = 0.187,7-36-56-44-8 = 0.011,10-18-51-49-20-10 = 0.647,7-60-36-58-44-8 = 0.053,9-46-48-59-9 = 0.941,10-35-18-12-10 = 0.353,7-60-56-52-22-9 = 0.198,7-60-57-37-13-22-9 = 0.176,10-39-37-27-53-21-7 = 0.824,10-35-14-46-9 = 0.059,7-60-57-36-17-7 = 0.209,10-14-48-22-9 = 0.059,8-34-56-22-9 = 0.209,7-36-57-13-22-9 = 0.075,10-35-14-59-9 = 0.059,7-60-36-57-27-53-7 = 0.176
188,153,776.086,5.76,0.175,-0.24,207,208,10-15-10 = 0.02,8-41-8 = 1.0,8-42-26-8 = 1.0,8-45-33-19-9 = 0.6,8-58-56-22-9 = 0.7,8-45-33-19-8 = 0.4,9-55-30-9 = 1.0,9-29-24-31-9 = 1.0,9-54-16-28-7 = 1.0,9-48-13-22-9 = 0.1,9-13-52-44-8 = 0.7,7-40-50-32-10 = 1.0,7-34-36-17-7 = 1.0,7-23-11-25-7 = 1.0,10-35-20-43-10 = 0.16,10-35-51-49-10 = 0.32,10-14-38-47-43-10 = 0.8,10-39-15-10 = 0.3,10-39-38-47-20-10 = 0.16,10-39-38-47-43-10 = 0.04,10-15-12-10 = 0.68,7-60-57-58-44-8 = 0.3,10-18-51-49-20-10 = 0.68,7-60-57-27-53-21-7 = 0.5,9-46-48-59-9 = 0.9,10-35-18-12-10 = 0.32,7-60-57-37-13-22-9 = 0.2,10-39-37-27-53-21-7 = 0.5,10-35-14-46-9 = 0.1,10-37-56-52-8 = 0.3,10-35-14-59-9 = 0.1
207,188,777.934,0.0,1.849,0.0,Prune by CG,,10-15-10 = 0.25,8-41-8 = 1.0,8-42-26-8 = 1.0,8-45-33-19-9 = 0.8,8-56-52-22-9 = 0.6,8-45-33-19-8 = 0.2,9-55-30-9 = 1.0,9-29-24-31-9 = 1.0,9-13-56-22-9 = 0.2,9-54-16-28-7 = 1.0,9-13-52-44-8 = 0.4,7-40-50-32-10 = 1.0,7-34-36-17-7 = 1.0,7-23-11-25-7 = 1.0,9-13-56-8 = 0.2,10-35-51-49-10 = 0.5,10-14-38-47-43-10 = 0.75,10-15-12-10 = 0.75,7-60-57-58-44-8 = 0.6,10-18-51-49-20-10 = 0.5,7-60-57-27-53-21-7 = 0.2,9-46-48-59-9 = 1.0,10-35-18-12-10 = 0.25,10-18-38-47-20-43-10 = 0.25,10-14-35-20-10 = 0.25,7-60-58-13-22-9 = 0.2,10-39-37-27-53-21-7 = 0.8,10-39-37-57-58-8 = 0.2
208,188,779.503,0.0,3.417,0.0,Prune by CG,,8-41-8 = 1.0,8-42-26-8 = 1.0,8-45-33-19-9 = 0.321,8-58-56-21-7 = 0.321,8-58-56-22-9 = 0.464,8-45-33-19-8 = 0.679,8-58-27-53-59-9 = 0.071,9-55-30-9 = 1.0,9-29-24-31-9 = 1.0,9-54-16-28-7 = 1.0,9-48-37-27-53-9 = 0.25,9-13-52-44-8 = 0.821,7-40-50-32-10 = 1.0,7-34-36-17-7 = 1.0,7-23-11-25-7 = 1.0,10-35-20-43-10 = 0.043,10-35-51-49-10 = 0.086,10-14-38-47-43-10 = 0.214,10-39-15-10 = 0.086,10-39-15-12-10 = 0.129,10-39-38-47-20-10 = 0.043,10-39-38-47-43-10 = 0.743,10-15-12-10 = 0.786,7-60-57-58-44-8 = 0.143,10-18-51-49-20-10 = 0.914,7-60-57-27-53-21-7 = 0.679,9-46-48-59-9 = 0.75,10-35-18-12-10 = 0.086,7-60-57-37-13-22-9 = 0.179,10-35-14-46-9 = 0.25,10-37-56-52-8 = 0.179,10-37-56-44-8 = 0.036,10-35-14-59-9 = 0.179,10-35-14-37-22-9 = 0.357
205,196,776.189,6.55,0.027,-0.14,209,210,7-11-7 = 0.188,10-15-10 = 0.35,8-41-8 = 1.0,8-42-26-8 = 1.0,8-45-33-19-9 = 0.625,8-56-52-22-9 = 0.062,8-58-56-22-9 = 0.25,8-45-33-19-8 = 0.375,8-58-36-57-21-7 = 0.188,9-55-30-9 = 1.0,9-29-24-31-9 = 1.0,9-54-16-28-7 = 1.0,9-13-52-44-8 = 0.75,7-40-50-32-10 = 1.0,7-11-25-7 = 0.812,7-23-25-7 = 0.188,7-23-34-17-7 = 0.812,10-35-20-43-10 = 0.175,10-35-51-49-10 = 0.35,7-36-58-56-8 = 0.312,10-14-38-47-43-10 = 0.812,10-39-38-47-20-10 = 0.175,10-39-38-47-43-10 = 0.013,10-15-12-10 = 0.65,7-60-57-58-44-8 = 0.188,10-18-51-49-20-10 = 0.65,7-60-36-58-44-8 = 0.062,9-46-48-59-9 = 0.938,10-35-18-12-10 = 0.35,7-60-56-52-22-9 = 0.188,7-60-57-37-13-22-9 = 0.188,10-39-37-27-53-21-7 = 0.812,10-35-14-46-9 = 0.062,7-60-57-36-17-7 = 0.188,10-14-48-22-9 = 0.062,8-34-56-22-9 = 0.188,7-36-57-13-22-9 = 0.062,10-35-14-59-9 = 0.062,7-60-36-57-27-53-7 = 0.188
209,205,778.063,0.0,1.874,0.0,Prune by CG,,10-15-10 = 0.282,8-41-8 = 1.0,8-42-26-8 = 1.0,8-45-33-19-9 = 0.835,8-58-56-53-7 = 0.146,8-45-33-19-8 = 0.165,8-58-36-57-21-7 = 0.272,9-55-30-9 = 1.0,9-29-24-31-9 = 1.0,9-54-16-28-7 = 1.0,9-13-52-44-8 = 0.874,7-40-50-32-7 = 0.087,7-40-50-32-10 = 0.913,7-11-25-7 = 1.0,7-23-34-17-7 = 1.0,10-35-20-43-10 = 0.184,10-35-51-49-10 = 0.369,7-36-58-56-8 = 0.252,10-14-38-47-43-10 = 0.816,10-39-15-10 = 0.087,10-39-38-47-20-10 = 0.184,10-15-12-10 = 0.631,10-18-51-49-20-10 = 0.631,9-46-48-59-9 = 0.961,9-48-37-53-44-8 = 0.039,10-35-18-12-10 = 0.369,7-60-56-52-22-9 = 0.126,7-60-58-56-22-9 = 0.33,7-60-57-37-13-22-9 = 0.126,10-39-37-27-53-21-7 = 0.728,10-35-14-46-9 = 0.039,7-60-57-56-22-9 = 0.136,10-14-37-57-36-7 = 0.107,7-36-57-53-44-8 = 0.087,10-35-14-59-9 = 0.039,7-60-36-57-27-22-9 = 0.272,7-60-36-56-22-9 = 0.01
175,156,776.308,7.45,0.506,-0.417,211,212,7-11-7 = 1.0,10-15-10 = 0.338,7-23-7 = 0.25,8-41-8 = 1.0,8-34-60-28-17-7 = 0.25,8-42-26-25-7 = 1.0,8-45-33-19-9 = 0.25,8-58-56-53-7 = 0.25,8-45-33-19-8 = 0.75,9-55-30-9 = 1.0,9-29-24-31-9 = 1.0,9-54-16-21-7 = 0.438,9-54-16-36-7 = 0.125,9-13-52-44-8 = 1.0,7-40-50-32-10 = 1.0,7-28-60-57-27-53-7 = 0.312,7-23-34-17-7 = 0.75,10-35-20-43-10 = 0.169,10-35-51-49-10 = 0.338,7-28-60-36-57-21-7 = 0.125,7-36-58-56-8 = 0.75,7-28-60-57-37-59-9 = 0.312,10-14-38-47-43-10 = 0.688,10-39-38-47-20-10 = 0.169,10-39-38-47-43-10 = 0.144,10-15-12-10 = 0.662,7-16-54-22-9 = 0.438,10-18-51-49-20-10 = 0.662,9-46-48-59-9 = 0.688,9-46-48-22-9 = 0.156,10-35-18-12-10 = 0.338,10-39-37-27-53-21-7 = 0.438,10-39-37-57-27-22-9 = 0.25,10-35-14-46-9 = 0.156,10-14-48-22-9 = 0.156
211,175,777.966,0.0,1.659,0.0,Prune by CG,,7-11-7 = 1.0,8-41-8 = 1.0,8-42-26-25-7 = 1.0,8-45-33-19-9 = 1.0,9-55-30-9 = 1.0,9-29-24-31-9 = 1.0,9-54-16-21-7 = 1.0,9-13-52-44-8 = 1.0,7-40-50-32-10 = 1.0,7-28-60-57-27-53-7 = 1.0,7-23-34-17-7 = 1.0,7-36-58-56-8 = 1.0,10-39-38-47-43-10 = 1.0,10-15-12-10 = 1.0,10-18-51-49-20-10 = 1.0,9-46-48-59-9 = 1.0,10-35-14-37-22-9 = 1.0
212,175,775.628,6.542,-0.68,-0.908,213,214,7-11-7 = 1.0,8-41-8 = 1.0,8-42-26-25-7 = 1.0,8-45-33-19-9 = 0.333,8-58-56-21-7 = 0.333,8-45-33-19-8 = 0.667,9-55-30-9 = 1.0,9-29-24-31-9 = 1.0,9-54-16-37-10 = 0.167,9-54-16-36-7 = 0.167,9-13-52-44-8 = 1.0,7-40-50-32-10 = 1.0,7-28-60-57-27-53-7 = 0.5,7-23-34-17-7 = 1.0,10-35-20-43-10 = 0.125,10-35-51-49-10 = 0.375,7-28-60-36-57-21-7 = 0.167,7-36-58-56-8 = 0.667,7-28-60-57-37-59-9 = 0.333,10-14-38-47-43-10 = 0.875,10-39-15-10 = 0.375,10-39-38-47-20-10 = 0.125,10-15-12-10 = 0.625,10-18-51-49-20-10 = 0.625,9-46-48-59-9 = 0.667,9-46-48-22-9 = 0.333,10-35-18-12-10 = 0.375,10-14-35-20-10 = 0.125,10-39-37-27-53-21-7 = 0.5,10-16-54-22-9 = 0.667
213,212,779.614,0.0,3.986,0.0,Prune by CG,,7-11-7 = 1.0,7-23-7 = 0.143,8-41-8 = 1.0,8-42-26-25-7 = 1.0,8-58-56-21-7 = 0.429,8-45-33-19-8 = 1.0,8-34-36-17-7 = 0.143,9-55-30-9 = 1.0,9-29-24-31-9 = 1.0,9-13-52-44-8 = 1.0,7-40-50-32-10 = 1.0,7-28-60-57-27-53-7 = 0.714,7-23-34-17-7 = 0.857,10-35-20-43-10 = 0.157,10-35-51-49-10 = 0.314,7-36-58-56-8 = 0.571,10-14-38-47-43-10 = 0.786,10-39-15-10 = 0.314,10-39-15-12-10 = 0.471,10-39-38-47-20-10 = 0.157,10-39-38-47-43-10 = 0.057,10-15-12-10 = 0.214,10-18-51-49-20-10 = 0.686,10-16-54-37-10 = 0.214,9-46-48-59-9 = 1.0,10-35-18-12-10 = 0.314,7-28-37-27-53-21-7 = 0.286,7-60-36-57-37-21-7 = 0.286,10-35-14-37-22-9 = 0.214,10-16-54-22-9 = 0.786
182,179,776.231,7.6,0.475,0.35,215,216,10-15-10 = 0.4,8-41-8 = 1.0,8-42-26-25-7 = 1.0,8-45-33-19-9 = 0.6,8-45-33-19-8 = 0.4,9-55-30-9 = 1.0,9-29-24-31-9 = 1.0,9-13-52-22-9 = 0.4,9-54-16-28-7 = 0.6,9-13-52-44-8 = 0.6,7-40-50-32-10 = 1.0,7-34-36-17-7 = 0.4,7-34-17-7 = 0.6,7-23-11-7 = 1.0,7-54-16-28-7 = 0.4,10-35-51-49-10 = 0.4,7-36-58-56-8 = 0.6,10-14-38-47-43-10 = 0.8,10-39-38-47-20-10 = 0.2,10-15-12-10 = 0.4,10-15-12-20-43-10 = 0.2,7-60-57-58-44-8 = 0.4,10-18-51-49-20-10 = 0.6,7-60-57-27-53-21-7 = 0.2,9-46-48-59-9 = 1.0,10-35-18-12-10 = 0.4,10-39-37-27-53-21-7 = 0.8,7-60-57-56-22-9 = 0.4,10-35-14-37-22-9 = 0.2
165,164,776.284,7.091,0.912,0.336,217,218,7-11-7 = 1.0,10-15-10 = 0.364,7-23-7 = 0.114,8-41-8 = 1.0,8-42-26-25-7 = 1.0,8-45-33-19-9 = 0.568,8-45-33-19-8 = 0.432,9-55-30-9 = 1.0,9-29-24-31-9 = 1.0,9-13-52-22-9 = 0.523,9-54-16-28-7 = 0.75,9-13-52-44-8 = 0.477,7-40-50-32-10 = 1.0,7-34-36-17-7 = 0.114,7-54-16-28-7 = 0.25,7-23-34-17-7 = 0.886,10-35-20-43-10 = 0.182,10-35-51-49-10 = 0.364,7-36-58-56-8 = 0.568,10-14-38-47-43-10 = 0.818,10-39-38-47-20-10 = 0.182,10-15-12-10 = 0.636,7-60-57-58-44-8 = 0.341,7-36-56-44-8 = 0.091,10-18-51-49-20-10 = 0.636,7-60-57-27-53-21-7 = 0.136,7-36-57-37-27-22-9 = 0.045,7-60-36-58-44-8 = 0.091,9-46-48-59-9 = 0.909,10-35-18-12-10 = 0.364,7-60-57-37-53-59-9 = 0.045,10-39-37-27-53-21-7 = 0.818,10-35-14-46-9 = 0.091,7-60-57-56-22-9 = 0.341,10-14-48-22-9 = 0.091,7-36-57-37-59-9 = 0.045,7-60-36-57-37-21-7 = 0.045
203,201,776.323,6.689,0.339,0.332,219,220,10-15-10 = 0.426,8-41-8 = 1.0,8-42-26-8 = 1.0,8-45-33-19-9 = 0.869,8-45-33-19-8 = 0.131,8-34-17-25-7 = 0.607,8-58-36-57-21-7 = 0.131,9-55-30-9 = 1.0,9-29-24-31-9 = 1.0,9-13-52-22-9 = 0.262,9-54-16-28-7 = 1.0,9-13-52-44-8 = 0.738,7-40-50-32-10 = 1.0,7-34-17-25-7 = 0.393,7-23-11-7 = 1.0,10-35-51-49-10 = 0.426,7-36-58-56-8 = 0.607,10-14-38-47-43-10 = 0.787,10-39-38-47-20-10 = 0.213,10-15-12-10 = 0.361,10-15-12-20-43-10 = 0.213,10-18-51-49-20-10 = 0.574,7-60-57-27-53-21-7 = 0.213,7-60-36-58-44-8 = 0.262,9-46-48-59-9 = 0.869,9-46-48-22-9 = 0.066,10-35-18-12-10 = 0.426,7-60-57-37-53-59-9 = 0.131,10-39-37-27-53-21-7 = 0.656,10-39-37-57-27-22-9 = 0.131,10-35-14-46-9 = 0.066,7-60-57-56-22-9 = 0.393,10-14-48-22-9 = 0.066,10-35-14-37-22-9 = 0.082
194,192,776.515,5.932,0.862,-0.604,221,222,10-15-10 = 1.0,8-41-8 = 0.946,8-33-41-8 = 0.027,8-34-60-28-17-7 = 0.162,8-42-26-25-7 = 1.0,8-45-41-8 = 0.027,8-56-52-22-9 = 0.135,8-58-56-21-7 = 0.081,8-45-33-19-8 = 0.973,8-34-17-7 = 0.405,8-58-52-19-8 = 0.027,9-55-30-9 = 1.0,9-29-24-31-9 = 1.0,9-54-16-37-10 = 0.216,9-48-13-22-9 = 0.054,9-13-52-44-8 = 0.838,7-40-50-32-10 = 1.0,7-34-17-7 = 0.432,7-23-11-7 = 1.0,7-16-54-37-10 = 0.081,7-28-60-57-27-53-7 = 0.351,10-35-20-43-10 = 0.351,10-35-51-49-10 = 0.149,7-28-60-36-57-21-7 = 0.27,7-36-58-56-8 = 0.73,7-28-60-57-37-59-9 = 0.054,10-14-38-47-43-10 = 0.649,10-39-38-47-20-10 = 0.351,7-60-57-58-44-8 = 0.162,7-16-54-22-9 = 0.108,10-18-51-49-12-10 = 0.851,9-46-48-59-9 = 0.946,7-28-57-56-8 = 0.054,10-35-18-12-10 = 0.149,10-14-35-20-10 = 0.297,10-39-37-27-53-21-7 = 0.649,10-35-14-46-9 = 0.054,7-28-57-13-22-9 = 0.108,10-16-54-22-9 = 0.595
221,194,779.404,0.0,2.889,0.0,Prune by CG,,10-15-10 = 1.0,8-41-8 = 0.667,8-33-41-8 = 0.167,8-34-60-28-17-7 = 0.417,8-42-26-25-7 = 1.0,8-45-41-8 = 0.167,8-58-56-21-7 = 0.083,8-58-56-53-7 = 0.167,8-45-33-19-8 = 0.833,8-58-36-57-21-7 = 0.25,9-55-30-9 = 1.0,9-29-24-31-9 = 1.0,9-13-52-44-8 = 1.0,7-40-50-32-10 = 1.0,7-23-11-7 = 1.0,7-34-60-28-17-7 = 0.583,7-57-37-27-53-21-7 = 0.167,10-35-20-43-10 = 0.333,10-35-51-49-10 = 0.167,7-36-58-56-8 = 0.5,10-14-38-47-43-10 = 0.667,10-39-38-47-20-10 = 0.333,7-16-54-22-9 = 0.5,7-57-27-53-19-8 = 0.167,7-36-57-56-8 = 0.25,10-18-51-49-12-10 = 0.833,10-16-54-37-10 = 0.167,9-46-48-59-9 = 1.0,10-35-18-12-10 = 0.167,10-14-35-20-10 = 0.333,10-39-37-27-53-21-7 = 0.5,10-39-37-57-27-22-9 = 0.167,10-16-54-22-9 = 0.333
193,192,776.393,6.829,0.739,0.293,223,224,8-41-8 = 0.902,8-33-41-8 = 0.049,8-34-60-28-17-7 = 0.146,8-42-26-25-7 = 1.0,8-45-41-8 = 0.049,8-56-52-22-9 = 0.098,8-58-56-21-7 = 0.073,8-45-33-19-8 = 0.951,8-34-17-7 = 0.512,8-58-52-19-8 = 0.049,9-55-30-9 = 1.0,9-29-24-31-9 = 1.0,9-54-16-37-10 = 0.244,9-48-13-22-9 = 0.098,9-13-52-44-8 = 0.854,7-40-50-32-10 = 1.0,7-34-17-7 = 0.341,7-23-11-7 = 1.0,7-28-60-57-27-53-7 = 0.341,10-35-20-43-10 = 0.031,10-35-51-49-10 = 0.624,7-28-60-36-57-21-7 = 0.268,7-36-58-56-8 = 0.732,7-28-60-57-37-59-9 = 0.098,10-14-38-47-43-10 = 0.655,10-39-38-47-20-10 = 0.031,10-15-12-10 = 0.69,7-60-57-58-44-8 = 0.146,7-16-54-22-9 = 0.268,10-18-51-49-20-10 = 0.376,10-18-39-15-12-10 = 0.31,9-46-48-59-9 = 0.902,7-28-57-56-8 = 0.098,10-18-38-47-20-43-10 = 0.314,10-14-35-20-10 = 0.247,10-39-37-27-53-21-7 = 0.659,10-35-14-46-9 = 0.098,7-28-57-13-22-9 = 0.049,10-16-54-22-9 = 0.488
223,193,779.375,0.0,2.983,0.0,Prune by CG,,8-41-8 = 0.667,8-33-41-8 = 0.167,8-34-60-28-17-7 = 0.417,8-42-26-25-7 = 1.0,8-45-41-8 = 0.167,8-58-56-21-7 = 0.083,8-58-56-53-7 = 0.167,8-45-33-19-8 = 0.833,8-58-36-57-21-7 = 0.25,9-55-30-9 = 1.0,9-29-24-31-9 = 1.0,9-13-52-44-8 = 1.0,7-40-50-32-10 = 1.0,7-23-11-7 = 1.0,7-34-60-28-17-7 = 0.583,7-57-37-27-53-21-7 = 0.167,10-35-51-49-10 = 0.667,7-36-58-56-8 = 0.5,10-14-38-47-43-10 = 0.667,10-15-12-10 = 0.667,7-16-54-22-9 = 0.5,7-57-27-53-19-8 = 0.167,7-36-57-56-8 = 0.25,10-18-51-49-20-10 = 0.333,10-18-39-15-12-10 = 0.333,10-16-54-37-10 = 0.167,9-46-48-59-9 = 1.0,10-18-38-47-20-43-10 = 0.333,10-14-35-20-10 = 0.333,10-39-37-27-53-21-7 = 0.5,10-39-37-57-27-22-9 = 0.167,10-16-54-22-9 = 0.333
186,178,776.612,6.333,0.718,-1.158,225,226,10-15-10 = 0.333,8-33-41-8 = 1.0,8-42-26-25-7 = 1.0,8-45-52-19-8 = 0.875,8-45-52-19-9 = 0.125,9-55-30-9 = 1.0,9-29-24-31-9 = 1.0,9-13-56-22-9 = 0.542,9-54-16-28-7 = 0.458,9-48-13-22-9 = 0.083,7-40-50-32-10 = 1.0,9-13-58-44-8 = 0.208,7-34-36-17-7 = 0.75,7-34-17-7 = 0.042,7-23-17-11-7 = 0.208,7-23-11-7 = 0.792,7-54-16-28-7 = 0.542,10-35-20-43-10 = 0.167,10-35-51-49-10 = 0.333,7-36-58-56-8 = 0.125,10-14-38-47-43-10 = 0.833,10-39-38-47-20-10 = 0.167,10-15-12-10 = 0.667,7-60-57-58-44-8 = 0.667,7-34-56-22-9 = 0.208,7-36-56-44-8 = 0.125,10-18-51-49-20-10 = 0.667,7-60-57-27-53-21-7 = 0.167,9-46-48-59-9 = 0.917,10-35-18-12-10 = 0.333,7-60-57-37-13-22-9 = 0.167,10-39-37-27-53-21-7 = 0.833,10-35-14-46-9 = 0.083,10-35-14-59-9 = 0.083
219,203,776.571,6.24,0.248,-0.449,227,228,8-41-8 = 1.0,8-42-26-8 = 1.0,8-45-33-19-9 = 0.92,8-45-33-19-8 = 0.08,8-34-17-25-7 = 0.76,8-58-36-57-21-7 = 0.08,9-55-30-9 = 1.0,9-29-24-31-9 = 1.0,9-13-52-22-9 = 0.16,9-54-16-28-7 = 1.0,9-13-52-44-8 = 0.84,7-40-50-32-10 = 1.0,7-34-17-25-7 = 0.24,7-23-11-7 = 1.0,10-35-51-49-10 = 0.52,7-36-58-56-8 = 0.76,10-14-38-47-43-10 = 0.48,10-39-15-12-10 = 0.52,10-15-12-10 = 0.48,10-18-51-49-20-10 = 0.48,7-60-57-27-53-21-7 = 0.52,7-60-36-58-44-8 = 0.16,9-46-48-59-9 = 0.92,9-46-48-22-9 = 0.04,10-18-38-47-20-43-10 = 0.52,7-60-57-37-53-59-9 = 0.08,10-39-37-27-53-21-7 = 0.4,10-39-37-57-27-22-9 = 0.08,10-35-14-46-9 = 0.04,7-60-57-56-22-9 = 0.24,10-14-48-22-9 = 0.04,10-35-14-37-22-9 = 0.44
227,219,780.728,0.0,4.157,0.0,Prune by CG,,8-41-8 = 1.0,8-42-26-8 = 1.0,8-45-33-19-9 = 1.0,8-34-17-25-7 = 0.747,9-55-30-9 = 1.0,9-29-24-31-9 = 1.0,9-13-52-22-9 = 0.253,9-54-16-28-7 = 1.0,9-13-52-44-8 = 0.747,7-40-50-32-10 = 1.0,7-34-17-25-7 = 0.253,7-23-11-7 = 1.0,10-35-51-49-10 = 1.0,7-36-58-56-8 = 0.747,10-14-38-47-43-10 = 0.218,10-14-38-20-10 = 0.218,10-15-12-10 = 0.609,10-18-39-15-12-10 = 0.391,7-60-57-27-53-21-7 = 0.299,7-60-36-58-44-8 = 0.253,9-46-48-59-9 = 0.805,9-46-22-9 = 0.195,10-18-38-47-20-43-10 = 0.563,10-14-47-20-43-10 = 0.218,7-60-57-37-53-59-9 = 0.149,10-39-37-27-53-21-7 = 0.506,10-39-37-57-27-22-9 = 0.103,7-60-57-56-22-9 = 0.253,10-14-48-22-9 = 0.195,7-60-57-37-27-21-7 = 0.046,10-14-37-57-21-7 = 0.149,10-18-37-27-53-59-9 = 0.046
228,219,777.249,0.0,0.678,-6.24,Integer,,8-41-8 = 1.0,8-42-26-8 = 1.0,8-45-33-19-9 = 1.0,8-34-17-25-7 = 1.0,9-55-30-9 = 1.0,9-29-24-31-9 = 1.0,9-54-16-28-7 = 1.0,9-13-52-44-8 = 1.0,7-40-50-32-10 = 1.0,7-23-11-7 = 1.0,7-36-58-56-8 = 1.0,10-39-38-47-43-10 = 1.0,10-15-12-10 = 1.0,10-18-51-49-20-10 = 1.0,7-60-57-27-53-21-7 = 1.0,9-46-48-59-9 = 1.0,10-35-14-37-22-9 = 1.0
225,186,777.105,2.5,0.493,-3.833,229,230,10-15-10 = 0.25,8-33-41-8 = 1.0,8-42-26-25-7 = 1.0,8-45-52-19-8 = 1.0,9-55-30-9 = 1.0,9-29-24-31-9 = 1.0,9-13-56-22-9 = 1.0,7-40-50-32-10 = 1.0,7-34-36-17-7 = 1.0,7-23-11-7 = 1.0,7-54-16-28-7 = 1.0,10-35-51-49-10 = 0.5,10-14-38-47-43-10 = 0.75,10-15-12-10 = 0.75,7-60-57-58-44-8 = 1.0,10-18-51-49-20-10 = 0.5,9-46-48-59-9 = 1.0,10-35-18-12-10 = 0.25,10-18-38-47-20-43-10 = 0.25,10-14-35-20-10 = 0.25,10-39-37-27-53-21-7 = 1.0
229,225,781.73,0.0,4.625,0.0,Prune by CG,,10-15-10 = 0.667,8-33-41-8 = 1.0,8-42-26-25-7 = 1.0,8-45-52-19-8 = 1.0,9-55-30-9 = 1.0,9-29-24-31-9 = 1.0,9-13-56-22-9 = 1.0,7-40-50-32-10 = 1.0,7-34-36-17-7 = 1.0,7-23-11-7 = 1.0,7-54-16-28-7 = 1.0,10-35-51-49-10 = 1.0,10-14-38-47-43-10 = 0.333,10-14-38-20-10 = 0.333,10-15-12-10 = 0.333,7-60-57-58-44-8 = 1.0,10-18-12-10 = 0.667,9-46-48-59-9 = 1.0,10-18-38-47-20-43-10 = 0.333,10-14-47-20-43-10 = 0.333,10-39-37-27-53-21-7 = 1.0
230,225,778.518,0.0,1.413,0.0,Prune by CG,,10-15-10 = 1.0,8-33-41-8 = 1.0,8-42-26-25-7 = 1.0,8-45-52-19-8 = 1.0,9-55-30-9 = 1.0,9-29-24-31-9 = 1.0,9-13-56-22-9 = 1.0,7-40-50-32-10 = 1.0,7-34-36-17-7 = 1.0,7-23-11-7 = 1.0,7-54-16-28-7 = 1.0,10-14-38-47-43-10 = 1.0,7-60-57-58-44-8 = 1.0,10-18-51-49-20-10 = 1.0,9-46-48-59-9 = 1.0,10-39-37-27-53-21-7 = 1.0,10-35-12-10 = 1.0
224,193,776.492,7.323,0.099,0.493,231,232,8-41-8 = 0.871,8-33-41-8 = 0.065,8-42-26-25-7 = 1.0,8-45-41-8 = 0.065,8-56-52-22-9 = 0.065,8-58-56-21-7 = 0.161,8-45-33-19-8 = 0.935,8-34-17-7 = 0.484,8-58-52-19-8 = 0.065,9-55-30-9 = 1.0,9-29-24-31-9 = 1.0,9-54-16-37-10 = 0.258,9-48-13-22-9 = 0.129,9-13-52-44-8 = 0.871,7-40-50-32-10 = 1.0,7-34-17-7 = 0.516,7-23-11-7 = 1.0,7-28-60-57-27-53-7 = 0.452,10-35-20-43-10 = 0.088,10-35-51-49-10 = 0.594,7-28-60-36-57-21-7 = 0.29,7-36-58-56-8 = 0.71,7-28-60-57-37-59-9 = 0.194,10-14-38-47-43-10 = 0.682,10-39-38-47-20-10 = 0.088,10-15-12-10 = 0.636,7-60-57-58-44-8 = 0.065,7-16-54-22-9 = 0.161,10-18-51-49-20-10 = 0.406,10-18-39-15-12-10 = 0.364,7-28-56-44-8 = 0.065,9-46-48-59-9 = 0.806,9-46-48-22-9 = 0.065,10-18-38-47-20-43-10 = 0.23,10-14-35-20-10 = 0.189,10-39-37-27-53-21-7 = 0.548,10-35-14-46-9 = 0.129,10-16-54-22-9 = 0.581
231,224,780.562,0.0,4.071,0.0,Prune by CG,,8-41-8 = 1.0,8-42-26-25-7 = 1.0,8-58-56-21-7 = 0.25,8-45-33-19-8 = 1.0,8-34-17-7 = 0.5,9-55-30-9 = 1.0,9-29-24-31-9 = 1.0,9-13-52-44-8 = 1.0,7-40-50-32-10 = 1.0,7-34-17-7 = 0.5,7-23-11-7 = 1.0,7-28-60-57-27-53-7 = 0.5,10-35-20-10 = 1.0,7-28-60-36-57-21-7 = 0.25,7-36-58-56-8 = 0.75,7-28-60-57-37-59-9 = 0.25,10-14-38-47-43-10 = 1.0,10-39-15-12-10 = 0.5,10-15-12-10 = 0.5,7-16-54-22-9 = 0.25,10-18-51-49-10 = 1.0,10-16-54-37-10 = 0.25,9-46-48-59-9 = 0.75,9-46-48-22-9 = 0.25,10-39-37-27-53-21-7 = 0.5,10-16-54-22-9 = 0.5
197,195,776.565,7.15,0.688,0.929,233,234,10-15-10 = 0.3,8-41-8 = 0.5,8-33-41-8 = 0.5,8-45-19-44-8 = 0.375,8-42-26-8 = 1.0,8-45-33-19-9 = 0.375,8-45-52-19-8 = 0.125,8-45-33-19-8 = 0.125,8-34-17-7 = 1.0,9-55-30-9 = 1.0,9-29-24-31-9 = 1.0,9-54-16-28-7 = 1.0,9-13-52-44-8 = 0.625,7-40-50-32-10 = 1.0,7-23-11-25-7 = 1.0,10-35-20-43-10 = 0.15,10-35-51-49-10 = 0.3,7-36-58-56-8 = 0.75,10-14-38-47-43-10 = 0.625,10-39-38-47-20-10 = 0.15,10-39-38-47-43-10 = 0.225,10-15-12-10 = 0.7,10-18-51-49-20-10 = 0.7,7-60-57-27-53-21-7 = 0.375,9-46-48-59-9 = 0.875,10-35-18-12-10 = 0.3,7-36-58-52-22-9 = 0.25,7-60-57-37-13-22-9 = 0.375,10-39-37-27-53-21-7 = 0.625,10-35-14-46-9 = 0.125,7-60-57-56-22-9 = 0.25,10-14-48-22-9 = 0.125,10-35-14-59-9 = 0.125
233,197,776.613,6.8,0.048,-0.35,235,236,10-15-10 = 0.267,8-33-41-8 = 1.0,8-45-19-44-8 = 0.5,8-42-26-8 = 1.0,8-45-52-19-9 = 0.5,8-34-17-7 = 1.0,9-55-30-9 = 0.667,9-55-30-22-9 = 0.333,9-29-24-31-9 = 1.0,9-54-16-28-7 = 1.0,9-13-52-44-8 = 0.5,7-40-50-32-10 = 1.0,7-23-11-25-7 = 1.0,10-35-20-43-10 = 0.133,10-35-51-49-10 = 0.267,7-36-58-56-8 = 1.0,10-14-38-47-43-10 = 0.5,10-39-38-47-20-10 = 0.133,10-39-38-47-43-10 = 0.367,10-15-12-10 = 0.733,10-18-51-49-20-10 = 0.733,7-60-57-27-53-21-7 = 0.5,9-46-48-59-9 = 0.833,10-35-18-12-10 = 0.267,7-60-57-37-13-22-9 = 0.5,10-39-37-27-53-21-7 = 0.5,10-35-14-46-9 = 0.167,10-14-48-22-9 = 0.167,10-35-14-59-9 = 0.167
235,233,780.138,0.0,3.525,0.0,Prune by CG,,10-15-10 = 0.175,8-52-19-9 = 0.063,8-33-41-8 = 1.0,8-45-19-44-8 = 0.937,8-42-26-8 = 1.0,8-45-52-44-8 = 0.063,8-54-16-28-7 = 0.187,8-34-17-7 = 1.0,9-55-30-9 = 1.0,9-29-24-31-9 = 1.0,9-13-52-22-9 = 0.5,9-54-16-28-7 = 0.813,7-40-50-32-10 = 1.0,7-23-11-25-7 = 1.0,10-35-20-43-10 = 0.15,10-35-51-49-10 = 0.3,7-36-58-56-8 = 0.875,10-14-38-47-43-10 = 0.625,10-39-15-10 = 0.125,10-39-38-47-20-10 = 0.15,10-39-38-47-43-10 = 0.225,10-15-12-10 = 0.7,10-18-51-49-20-10 = 0.7,7-60-57-27-53-21-7 = 0.5,9-46-48-59-9 = 0.875,10-35-18-12-10 = 0.3,7-60-57-37-13-22-9 = 0.375,7-57-13-52-8 = 0.125,10-39-37-27-53-21-7 = 0.5,10-35-14-46-9 = 0.125,10-14-48-22-9 = 0.125,10-37-56-52-8 = 0.125,7-60-36-58-52-8 = 0.125,10-35-14-59-9 = 0.125
236,233,779.237,0.0,2.624,0.0,Prune by CG,,10-15-10 = 0.3,8-33-41-8 = 1.0,8-42-26-8 = 1.0,8-45-52-19-8 = 0.25,8-45-52-19-9 = 0.437,8-45-55-30-9 = 0.063,8-45-55-30-22-9 = 0.25,8-34-17-7 = 0.75,8-58-36-57-21-7 = 0.125,9-55-30-9 = 0.688,9-29-24-31-9 = 1.0,9-54-16-28-7 = 1.0,9-48-13-22-9 = 0.125,9-13-52-44-8 = 0.312,7-40-50-32-10 = 1.0,9-13-19-44-8 = 0.312,7-34-17-7 = 0.25,7-23-11-25-7 = 1.0,10-35-20-43-10 = 0.15,10-35-51-49-10 = 0.3,7-36-58-56-8 = 0.625,10-14-38-47-43-10 = 0.75,10-39-38-47-20-10 = 0.15,10-39-38-47-43-10 = 0.1,10-15-12-10 = 0.7,7-57-27-53-44-8 = 0.125,10-18-51-49-20-10 = 0.7,7-60-57-27-53-21-7 = 0.125,7-60-36-58-44-8 = 0.25,9-46-48-59-9 = 0.875,10-35-18-12-10 = 0.3,7-60-57-37-13-22-9 = 0.25,10-39-37-27-53-21-7 = 0.75,10-35-14-46-9 = 0.125,7-60-57-56-22-9 = 0.375,10-35-14-59-9 = 0.125
234,197,776.77,6.046,0.205,-1.104,237,238,10-15-10 = 0.349,8-41-8 = 1.0,8-42-26-8 = 1.0,8-45-33-19-9 = 0.769,8-45-33-19-8 = 0.231,8-34-17-7 = 0.769,8-58-36-57-21-7 = 0.077,9-55-30-9 = 0.872,9-55-30-22-9 = 0.128,9-29-24-31-9 = 1.0,9-54-16-28-7 = 1.0,9-13-52-44-8 = 0.846,7-40-50-32-10 = 1.0,7-34-17-7 = 0.231,7-23-11-25-7 = 1.0,10-35-20-43-10 = 0.174,10-35-51-49-10 = 0.349,7-36-58-56-8 = 0.615,10-14-38-47-43-10 = 0.769,10-39-38-47-20-10 = 0.174,10-39-38-47-43-10 = 0.056,10-15-12-10 = 0.651,10-18-51-49-20-10 = 0.651,7-60-57-27-53-21-7 = 0.231,7-60-36-58-44-8 = 0.154,9-46-48-59-9 = 0.897,10-35-18-12-10 = 0.349,7-36-58-52-22-9 = 0.154,7-60-57-37-13-22-9 = 0.154,7-60-57-37-53-59-9 = 0.077,10-39-37-27-53-21-7 = 0.692,10-39-37-57-27-22-9 = 0.077,10-35-14-46-9 = 0.103,7-60-57-56-22-9 = 0.385,10-14-48-22-9 = 0.103,10-35-14-59-9 = 0.026
237,234,777.631,0.0,0.861,0.0,Prune by CG,,10-15-10 = 0.267,8-41-8 = 1.0,8-52-19-44-8 = 0.167,8-45-19-44-8 = 0.167,8-42-26-8 = 1.0,8-45-33-19-9 = 0.167,8-45-33-52-22-9 = 0.333,8-45-33-19-8 = 0.333,8-34-17-7 = 1.0,9-55-30-9 = 1.0,9-29-24-31-9 = 1.0,9-54-16-28-7 = 1.0,9-13-52-44-8 = 0.5,7-40-50-32-10 = 1.0,7-23-11-25-7 = 1.0,10-35-20-43-10 = 0.133,10-35-51-49-10 = 0.267,7-36-58-56-8 = 1.0,10-14-38-47-43-10 = 0.5,10-39-38-47-20-10 = 0.133,10-39-38-47-43-10 = 0.367,10-15-12-10 = 0.733,10-18-51-49-20-10 = 0.733,7-60-57-27-53-21-7 = 0.5,9-46-48-59-9 = 0.833,10-35-18-12-10 = 0.267,7-60-57-37-13-22-9 = 0.5,10-39-37-27-53-21-7 = 0.5,10-35-14-46-9 = 0.167,10-14-48-22-9 = 0.167,10-35-14-59-9 = 0.167,8-33-19-44-8 = 0.167
238,234,779.722,0.0,2.952,0.0,Prune by CG,,10-15-10 = 0.365,7-25-7 = 0.865,8-41-8 = 1.0,8-42-26-8 = 1.0,8-45-33-19-9 = 0.906,8-45-33-19-8 = 0.094,8-58-36-57-21-7 = 0.094,9-55-30-9 = 1.0,9-29-24-31-9 = 1.0,9-54-16-28-7 = 0.99,9-48-13-22-9 = 0.021,9-13-52-44-8 = 0.938,7-40-50-32-10 = 1.0,7-34-17-7 = 0.135,7-23-17-11-7 = 0.865,7-23-11-25-7 = 0.135,7-54-16-28-7 = 0.01,10-35-20-43-10 = 0.135,10-35-51-49-10 = 0.365,10-14-38-47-43-10 = 0.865,10-39-38-47-20-10 = 0.135,10-15-12-10 = 0.635,7-34-56-22-9 = 0.865,10-18-51-49-20-10 = 0.635,7-60-57-27-53-21-7 = 0.042,7-60-36-58-44-8 = 0.062,9-46-48-59-9 = 0.979,10-35-18-12-10 = 0.365,7-60-56-52-22-9 = 0.031,10-14-35-20-10 = 0.094,7-36-58-52-22-9 = 0.031,7-60-57-37-13-22-9 = 0.042,10-39-37-27-53-21-7 = 0.865,10-35-14-46-9 = 0.021,7-60-57-56-22-9 = 0.01,10-37-56-27-53-7 = 0.094,10-35-14-59-9 = 0.021,7-60-57-58-36-7 = 0.813
166,164,776.774,6.533,1.402,-0.221,239,240,7-11-7 = 1.0,10-15-10 = 0.356,8-41-8 = 0.333,8-33-41-8 = 0.667,8-42-26-25-7 = 1.0,8-45-33-19-9 = 0.244,8-45-52-19-8 = 0.667,8-56-27-59-9 = 0.044,8-45-33-19-8 = 0.089,9-55-30-9 = 1.0,9-29-24-31-9 = 1.0,9-54-16-28-7 = 0.956,9-48-13-22-9 = 0.067,9-54-60-28-21-7 = 0.044,7-40-50-32-10 = 1.0,9-13-58-44-8 = 0.356,7-23-34-17-7 = 1.0,10-35-20-43-10 = 0.156,10-35-51-49-10 = 0.356,7-36-58-56-8 = 0.289,10-14-38-47-43-10 = 0.844,10-39-38-47-20-10 = 0.156,10-15-12-10 = 0.644,7-60-57-58-44-8 = 0.356,7-36-56-44-8 = 0.289,10-18-51-49-20-10 = 0.644,7-60-57-27-53-21-7 = 0.111,9-46-48-59-9 = 0.911,10-35-18-12-10 = 0.356,7-60-56-52-22-9 = 0.333,10-14-35-20-10 = 0.044,7-60-57-37-13-22-9 = 0.111,10-39-37-27-53-21-7 = 0.844,10-35-14-46-9 = 0.089,10-14-48-22-9 = 0.022,7-60-56-53-59-9 = 0.044,10-16-37-13-22-9 = 0.044,7-36-57-13-22-9 = 0.422
239,166,780.005,0.0,3.231,0.0,Prune by CG,,7-11-7 = 1.0,10-15-10 = 0.343,7-23-7 = 0.01,8-33-41-8 = 0.677,8-45-19-44-8 = 0.323,8-42-26-25-7 = 1.0,8-45-33-19-9 = 0.03,8-45-41-8 = 0.323,8-45-52-19-8 = 0.03,8-45-33-19-8 = 0.293,8-58-52-19-8 = 0.323,9-55-30-9 = 1.0,9-29-24-31-9 = 1.0,9-54-16-28-7 = 0.626,9-48-13-22-9 = 0.04,7-40-50-32-10 = 1.0,9-13-58-44-8 = 0.677,7-34-36-57-7 = 0.01,7-54-16-28-7 = 0.374,7-23-34-17-7 = 0.99,10-35-20-43-10 = 0.172,10-35-51-49-10 = 0.343,10-14-38-47-43-10 = 0.828,10-39-38-47-20-10 = 0.172,10-15-12-10 = 0.657,7-36-57-56-8 = 0.354,10-18-51-49-20-10 = 0.657,9-46-48-59-9 = 0.929,10-35-18-12-10 = 0.343,7-60-56-52-22-9 = 0.646,10-39-37-27-53-21-7 = 0.828,10-35-14-46-9 = 0.071,7-60-57-36-17-7 = 0.01,10-14-48-22-9 = 0.03,7-60-36-57-37-21-7 = 0.172,7-36-57-13-22-9 = 0.283,10-35-14-59-9 = 0.071,7-60-36-57-27-53-9 = 0.172
240,166,776.415,6.547,-0.359,0.014,241,242,7-11-7 = 1.0,10-15-10 = 0.212,8-33-41-8 = 0.853,8-42-26-25-7 = 1.0,8-45-33-19-9 = 0.059,8-45-41-8 = 0.147,8-45-52-19-8 = 0.706,8-58-56-22-9 = 0.147,8-45-33-19-8 = 0.088,8-58-52-19-8 = 0.147,9-55-30-9 = 1.0,9-29-24-31-9 = 1.0,9-54-16-28-7 = 1.0,9-48-13-22-9 = 0.235,7-40-50-32-10 = 1.0,9-13-58-44-8 = 0.294,7-23-34-17-7 = 1.0,10-35-20-43-10 = 0.106,10-35-51-49-10 = 0.212,7-36-58-56-8 = 0.206,10-14-38-47-43-10 = 0.529,10-39-38-47-20-10 = 0.106,10-39-38-47-43-10 = 0.365,10-15-12-10 = 0.788,7-60-57-58-44-8 = 0.059,7-36-56-44-8 = 0.647,10-18-51-49-20-10 = 0.788,7-60-57-27-53-21-7 = 0.471,9-46-48-59-9 = 0.765,10-35-18-12-10 = 0.212,7-36-58-52-22-9 = 0.147,7-60-57-37-13-22-9 = 0.471,10-39-37-27-53-21-7 = 0.529,10-35-14-46-9 = 0.235,10-35-14-59-9 = 0.235
241,240,777.936,0.0,1.521,0.0,Prune by CG,,7-11-7 = 1.0,10-15-10 = 0.333,8-33-41-8 = 1.0,8-42-26-25-7 = 1.0,8-45-52-19-8 = 1.0,8-58-13-22-9 = 0.333,9-55-30-9 = 1.0,9-29-24-31-9 = 1.0,9-54-16-28-7 = 1.0,7-40-50-32-10 = 1.0,7-23-34-17-7 = 1.0,10-35-20-10 = 0.333,10-35-51-49-10 = 0.333,7-36-58-56-8 = 0.333,10-14-38-47-43-10 = 1.0,10-15-12-10 = 0.667,7-60-57-58-44-8 = 0.333,7-36-56-44-8 = 0.667,10-18-51-49-20-10 = 0.667,9-46-48-59-9 = 1.0,10-35-18-12-10 = 0.333,10-39-37-27-53-21-7 = 1.0,7-60-57-13-22-9 = 0.667
242,240,778.474,0.0,2.059,0.0,Prune by CG,,7-11-7 = 1.0,10-15-10 = 0.375,8-33-41-8 = 0.875,8-42-26-25-7 = 1.0,8-45-33-19-9 = 0.125,8-45-41-8 = 0.125,8-45-52-19-8 = 0.75,8-58-56-22-9 = 0.125,8-58-52-19-8 = 0.125,9-55-30-9 = 1.0,9-29-24-31-9 = 1.0,9-54-16-28-7 = 1.0,7-40-50-32-10 = 1.0,9-13-58-44-8 = 0.375,7-23-34-17-7 = 1.0,10-35-51-49-10 = 0.375,7-36-58-56-8 = 0.25,10-39-38-47-43-10 = 0.625,10-15-12-10 = 0.625,7-36-56-44-8 = 0.625,10-18-51-49-20-10 = 0.25,10-18-51-49-12-10 = 0.375,7-60-57-27-53-21-7 = 0.625,9-46-48-59-9 = 0.875,10-18-38-47-20-43-10 = 0.375,10-14-35-20-10 = 0.375,7-36-58-52-22-9 = 0.125,7-60-57-37-13-22-9 = 0.375,10-39-37-27-53-21-7 = 0.375,10-35-14-46-9 = 0.125,10-14-48-22-9 = 0.125,10-14-37-13-22-9 = 0.25,10-35-14-59-9 = 0.125
222,194,776.645,6.646,0.13,0.713,243,244,10-15-10 = 0.917,8-41-8 = 1.0,8-42-26-25-7 = 1.0,8-58-56-21-7 = 0.25,8-45-33-19-8 = 1.0,8-34-17-7 = 0.5,9-55-30-9 = 1.0,9-29-24-31-9 = 1.0,9-54-16-37-10 = 0.25,9-13-52-44-8 = 1.0,7-40-50-32-10 = 1.0,7-34-17-7 = 0.5,7-23-11-7 = 1.0,7-28-60-57-27-53-7 = 0.5,10-35-20-43-10 = 0.417,10-35-51-49-10 = 0.146,7-28-60-36-57-21-7 = 0.25,7-36-58-56-8 = 0.75,7-28-60-57-37-59-9 = 0.25,10-14-38-47-43-10 = 0.583,10-39-15-10 = 0.083,10-39-38-47-20-10 = 0.417,7-16-54-22-9 = 0.25,10-18-51-49-12-10 = 0.854,9-46-48-59-9 = 0.75,9-46-48-22-9 = 0.125,10-35-18-12-10 = 0.146,10-14-35-20-10 = 0.167,10-39-37-27-53-21-7 = 0.5,10-35-14-46-9 = 0.125,10-14-48-22-9 = 0.125,10-16-54-22-9 = 0.5
243,222,779.239,0.0,2.593,0.0,Prune by CG,,10-12-10 = 0.048,10-15-10 = 0.548,8-41-8 = 0.714,8-33-41-8 = 0.214,8-45-19-44-8 = 0.143,8-42-26-25-7 = 1.0,8-45-41-8 = 0.071,8-56-52-22-9 = 0.071,8-58-56-21-7 = 0.214,8-45-33-19-8 = 0.786,8-34-17-7 = 0.286,8-58-52-19-8 = 0.071,9-55-30-9 = 1.0,9-29-24-31-9 = 1.0,9-54-16-37-10 = 0.286,9-48-13-22-9 = 0.143,9-13-52-44-8 = 0.857,7-40-50-32-10 = 1.0,7-34-17-7 = 0.714,7-23-11-7 = 1.0,7-28-60-57-27-53-7 = 0.5,7-28-60-36-57-21-7 = 0.286,7-36-58-56-8 = 0.714,7-28-60-57-37-59-9 = 0.214,10-39-38-47-20-10 = 0.048,10-39-38-47-43-10 = 0.452,10-15-38-47-43-10 = 0.452,7-16-54-22-9 = 0.071,10-18-51-49-12-10 = 0.952,9-46-48-59-9 = 0.786,9-46-48-22-9 = 0.071,10-18-38-47-20-43-10 = 0.048,10-14-35-20-10 = 0.857,10-51-49-20-43-10 = 0.048,10-39-37-27-53-21-7 = 0.5,10-35-14-46-9 = 0.143,10-16-54-22-9 = 0.643
244,222,777.435,0.0,0.79,0.0,Prune by CG,,10-15-10 = 1.0,8-41-8 = 1.0,8-42-26-25-7 = 1.0,8-58-56-21-7 = 0.25,8-45-33-19-8 = 1.0,8-34-17-7 = 0.5,9-55-30-9 = 1.0,9-29-24-31-9 = 1.0,9-13-52-44-8 = 1.0,7-40-50-32-10 = 1.0,7-34-17-7 = 0.5,7-23-11-7 = 1.0,7-16-54-37-10 = 0.25,7-28-60-57-27-53-7 = 0.5,10-35-20-10 = 0.25,10-35-51-49-10 = 0.25,7-28-60-36-57-21-7 = 0.25,7-36-58-56-8 = 0.75,7-28-60-57-37-59-9 = 0.25,10-14-38-47-43-10 = 1.0,10-39-12-10 = 0.5,10-18-51-49-20-10 = 0.75,9-46-48-59-9 = 0.75,9-46-48-22-9 = 0.25,10-35-18-12-10 = 0.25,10-39-37-27-53-21-7 = 0.5,10-35-12-10 = 0.25,10-16-54-22-9 = 0.75
184,141,776.62,6.833,0.678,1.0,245,246,8-41-8 = 1.0,8-42-26-8 = 1.0,8-58-56-22-9 = 1.0,8-45-33-19-8 = 1.0,9-48-59-9 = 0.167,9-55-30-9 = 1.0,9-29-24-31-9 = 1.0,9-54-16-21-7 = 0.5,9-13-52-44-8 = 1.0,7-40-50-32-7 = 0.333,7-40-50-32-10 = 0.667,7-34-36-17-7 = 0.5,7-34-17-25-7 = 0.5,7-23-11-7 = 1.0,7-28-60-57-27-53-7 = 0.167,7-28-60-57-36-25-7 = 0.5,10-35-20-43-10 = 0.167,10-35-51-49-10 = 0.333,10-14-38-47-43-10 = 0.833,10-39-15-10 = 0.333,10-39-38-47-20-10 = 0.167,10-15-12-10 = 0.667,10-18-51-49-20-10 = 0.667,7-28-60-57-27-53-9 = 0.333,10-16-54-37-10 = 0.5,9-46-48-59-9 = 0.833,10-35-18-12-10 = 0.333,10-39-37-27-53-21-7 = 0.5,10-35-14-46-9 = 0.167
245,184,779.166,0.0,2.546,0.0,Prune by CG,,8-41-8 = 1.0,8-42-26-8 = 1.0,8-58-56-22-9 = 1.0,8-45-33-19-8 = 1.0,9-55-30-9 = 1.0,9-29-24-31-9 = 1.0,9-54-16-21-7 = 1.0,9-48-37-27-53-7 = 0.333,9-48-37-27-53-9 = 0.333,9-13-52-44-8 = 1.0,7-40-50-32-10 = 1.0,7-34-36-17-7 = 0.667,7-34-17-25-7 = 0.333,7-23-11-7 = 0.667,7-23-11-25-7 = 0.333,7-28-60-57-27-53-7 = 0.333,7-28-60-57-36-25-7 = 0.333,7-28-60-57-37-59-9 = 0.333,10-39-38-47-43-10 = 1.0,10-15-12-10 = 1.0,10-18-51-49-20-10 = 1.0,9-46-48-59-9 = 0.333,10-35-14-46-9 = 0.667,10-35-14-59-9 = 0.333
246,184,777.673,0.0,1.053,0.0,Prune by CG,,10-15-10 = 0.333,8-41-8 = 1.0,8-42-26-8 = 0.694,8-45-33-19-9 = 0.306,8-58-56-22-9 = 1.0,8-45-33-19-8 = 0.694,9-48-59-9 = 0.167,9-55-30-9 = 1.0,9-29-24-31-9 = 1.0,9-54-16-60-7 = 0.639,9-13-52-44-8 = 1.0,7-40-50-32-10 = 1.0,7-34-36-17-7 = 0.167,7-34-17-25-7 = 0.111,7-23-11-7 = 0.417,7-23-11-25-7 = 0.583,7-34-60-28-21-7 = 0.056,7-16-57-36-7 = 0.056,7-28-57-27-21-7 = 0.056,7-28-57-36-17-7 = 0.722,10-35-20-43-10 = 0.167,10-35-51-49-10 = 0.333,7-28-60-36-57-21-7 = 0.056,7-16-54-60-7 = 0.139,10-14-38-47-43-10 = 0.833,10-39-38-47-20-10 = 0.167,10-15-12-10 = 0.667,7-34-26-8 = 0.306,10-18-51-49-20-10 = 0.667,7-28-60-57-27-53-9 = 0.111,10-16-54-37-10 = 0.167,7-34-42-25-7 = 0.306,9-46-48-59-9 = 0.833,10-35-18-12-10 = 0.333,7-34-54-53-9 = 0.056,10-39-37-27-53-21-7 = 0.833,10-35-14-46-9 = 0.167
210,205,776.701,7.133,0.512,0.583,247,248,7-11-7 = 0.383,10-15-10 = 0.367,8-41-8 = 1.0,8-42-26-8 = 1.0,8-45-33-19-9 = 0.967,8-56-52-22-9 = 0.033,8-58-56-22-9 = 0.1,8-45-33-19-8 = 0.033,9-55-30-9 = 1.0,9-29-24-31-9 = 1.0,9-13-52-22-9 = 0.383,9-54-16-28-7 = 0.967,9-13-52-44-8 = 0.583,9-54-28-60-36-7 = 0.033,7-40-50-32-10 = 1.0,7-11-25-7 = 0.617,7-23-25-7 = 0.383,7-23-34-17-7 = 0.617,10-35-20-43-10 = 0.167,10-35-51-49-10 = 0.367,7-36-58-56-8 = 0.483,10-14-38-47-43-10 = 0.833,10-39-38-47-20-10 = 0.167,10-15-12-10 = 0.633,7-60-57-58-44-8 = 0.383,10-18-51-49-20-10 = 0.633,7-60-57-27-53-21-7 = 0.167,7-60-36-58-44-8 = 0.033,9-46-48-59-9 = 1.0,10-35-18-12-10 = 0.367,10-14-35-20-10 = 0.033,10-39-37-27-53-21-7 = 0.833,7-60-57-36-17-7 = 0.383,10-14-37-57-36-7 = 0.067,10-16-37-13-22-9 = 0.033,8-34-56-22-9 = 0.383,10-35-14-37-22-9 = 0.067
247,210,777.741,0.0,1.041,0.0,Prune by CG,,10-15-10 = 0.333,8-41-8 = 1.0,8-42-26-8 = 1.0,8-45-33-19-9 = 0.667,8-56-52-22-9 = 0.333,8-45-33-19-8 = 0.333,8-58-36-57-21-7 = 0.167,9-55-30-9 = 1.0,9-29-24-31-9 = 1.0,9-54-16-28-7 = 1.0,9-13-52-44-8 = 0.667,7-40-50-32-10 = 1.0,7-11-25-7 = 1.0,7-36-58-56-7 = 0.333,7-23-34-17-7 = 1.0,10-35-20-43-10 = 0.167,10-35-51-49-10 = 0.333,7-36-58-56-8 = 0.167,10-14-38-47-43-10 = 0.833,10-39-38-47-20-10 = 0.167,10-15-12-10 = 0.667,10-18-51-49-20-10 = 0.667,7-60-57-27-53-21-7 = 0.5,7-60-36-58-44-8 = 0.333,9-46-48-59-9 = 1.0,10-35-18-12-10 = 0.333,10-39-37-27-53-21-7 = 0.333,10-39-37-57-27-22-9 = 0.167,10-35-14-37-22-9 = 0.167,7-60-57-56-53-7 = 0.167,10-39-37-13-22-9 = 0.333
248,210,777.487,0.0,0.787,0.0,Prune by CG,,10-15-10 = 0.337,8-41-8 = 1.0,8-42-26-8 = 1.0,8-45-33-19-9 = 0.614,8-58-56-22-9 = 0.693,8-45-33-19-8 = 0.386,9-55-30-9 = 1.0,9-29-24-31-9 = 1.0,9-54-16-28-7 = 0.873,9-48-13-22-9 = 0.078,9-13-52-44-8 = 0.693,9-54-28-60-36-7 = 0.127,7-40-50-32-10 = 1.0,7-11-25-7 = 1.0,7-16-60-57-36-7 = 0.127,7-23-34-17-7 = 1.0,10-35-20-43-10 = 0.169,10-35-51-49-10 = 0.337,10-14-38-47-43-10 = 0.831,10-39-38-47-20-10 = 0.169,10-15-12-10 = 0.663,7-60-57-58-44-8 = 0.307,7-36-56-52-8 = 0.307,10-18-51-49-20-10 = 0.663,7-60-57-27-53-21-7 = 0.127,9-46-48-59-9 = 0.922,10-35-18-12-10 = 0.337,10-39-37-27-53-21-7 = 0.717,10-35-14-46-9 = 0.078,10-14-37-57-36-7 = 0.012,7-60-36-57-37-21-7 = 0.157,7-36-57-13-22-9 = 0.114,10-35-14-59-9 = 0.078,7-60-36-57-27-53-7 = 0.157,10-39-37-13-22-9 = 0.114
150,145,776.918,6.167,1.749,-0.561,249,250,10-15-10 = 0.333,8-33-41-8 = 1.0,8-42-26-8 = 1.0,8-45-52-19-8 = 0.833,8-45-52-19-9 = 0.167,8-34-17-25-7 = 0.667,8-58-27-53-59-9 = 0.167,8-58-36-57-21-7 = 0.167,9-55-30-9 = 1.0,9-29-24-31-9 = 1.0,9-13-56-22-9 = 0.333,9-54-16-28-7 = 1.0,9-48-13-22-9 = 0.167,7-40-50-32-10 = 1.0,7-34-17-25-7 = 0.333,7-23-11-7 = 1.0,10-35-20-43-10 = 0.167,10-35-51-49-10 = 0.333,7-36-58-56-8 = 0.167,10-14-38-47-43-10 = 0.833,10-39-38-47-20-10 = 0.167,10-15-12-10 = 0.667,7-60-57-58-44-8 = 0.333,7-36-56-44-8 = 0.5,10-18-51-49-20-10 = 0.667,7-60-36-58-44-8 = 0.167,9-46-48-59-9 = 0.833,10-35-18-12-10 = 0.333,7-60-57-37-13-22-9 = 0.167,10-39-37-27-53-21-7 = 0.833,10-35-14-46-9 = 0.167,7-60-57-13-22-9 = 0.333
250,150,778.366,0.0,1.448,0.0,Prune by CG,,10-15-10 = 0.387,8-33-41-8 = 1.0,8-42-26-8 = 1.0,8-45-52-19-8 = 0.484,8-45-52-19-9 = 0.516,8-56-44-8 = 0.097,8-58-56-21-7 = 0.161,8-34-17-25-7 = 0.226,9-55-30-9 = 1.0,9-29-24-31-9 = 1.0,9-13-56-22-9 = 0.677,9-54-16-28-7 = 1.0,7-40-50-32-10 = 1.0,7-34-17-25-7 = 0.774,7-23-11-7 = 1.0,10-35-20-43-10 = 0.161,10-35-51-49-10 = 0.387,10-14-38-47-43-10 = 0.839,10-39-38-47-20-10 = 0.161,10-15-12-10 = 0.613,7-60-57-58-44-8 = 0.419,10-18-51-49-20-10 = 0.613,7-60-36-58-44-8 = 0.419,9-46-48-59-9 = 1.0,10-35-18-12-10 = 0.387,10-14-35-20-10 = 0.065,10-39-37-27-53-21-7 = 0.839,10-14-37-57-36-7 = 0.097,10-37-56-44-8 = 0.065,7-36-57-13-22-9 = 0.323,7-60-36-57-27-53-9 = 0.161
249,150,775.964,5.375,-0.953,-0.792,251,252,10-15-10 = 0.333,8-33-41-8 = 1.0,8-42-26-8 = 1.0,8-45-52-19-8 = 1.0,8-58-13-22-9 = 0.333,8-34-17-25-7 = 1.0,9-55-30-9 = 0.958,9-55-30-22-9 = 0.042,9-29-24-31-9 = 1.0,9-54-16-28-7 = 1.0,9-48-13-22-9 = 0.083,7-40-50-32-10 = 1.0,9-13-58-44-8 = 0.042,7-23-11-7 = 1.0,10-35-20-43-10 = 0.167,10-35-51-49-10 = 0.333,7-36-58-56-8 = 0.333,10-14-38-47-43-10 = 0.833,10-39-38-47-20-10 = 0.167,10-15-12-10 = 0.667,7-60-57-58-44-8 = 0.292,7-36-56-44-8 = 0.667,10-18-51-49-20-10 = 0.667,7-60-57-27-53-21-7 = 0.542,9-46-48-59-9 = 0.917,10-35-18-12-10 = 0.333,7-60-57-37-13-22-9 = 0.167,10-39-37-27-53-21-7 = 0.458,10-35-14-46-9 = 0.083,10-35-14-59-9 = 0.083,10-39-37-13-22-9 = 0.375
198,195,776.697,7.212,0.82,0.992,253,254,10-15-10 = 0.3,8-33-41-8 = 0.5,8-42-26-8 = 1.0,8-45-33-19-9 = 0.188,8-45-41-8 = 0.5,8-45-33-19-8 = 0.312,8-34-17-7 = 1.0,8-58-52-19-8 = 0.5,9-55-30-9 = 1.0,9-29-24-31-9 = 1.0,9-54-16-28-7 = 1.0,9-48-13-22-9 = 0.125,9-13-52-44-8 = 0.312,7-40-50-32-10 = 1.0,7-23-11-25-7 = 1.0,10-35-20-43-10 = 0.15,10-35-51-49-10 = 0.3,10-14-38-47-43-10 = 0.75,10-39-38-47-20-10 = 0.15,10-39-38-47-43-10 = 0.1,10-15-12-10 = 0.7,7-60-57-58-44-8 = 0.188,7-36-56-52-8 = 0.188,7-36-56-44-8 = 0.5,10-18-51-49-20-10 = 0.7,7-60-57-27-53-21-7 = 0.25,9-46-48-59-9 = 0.875,10-35-18-12-10 = 0.3,7-60-58-56-22-9 = 0.312,7-60-57-37-13-22-9 = 0.25,10-39-37-27-53-21-7 = 0.75,10-35-14-46-9 = 0.125,7-36-57-13-22-9 = 0.312,10-35-14-59-9 = 0.125
253,198,777.973,0.0,1.276,0.0,Prune by CG,,10-15-10 = 0.3,8-33-41-8 = 1.0,8-42-26-8 = 1.0,8-45-52-19-8 = 1.0,8-58-56-21-7 = 0.188,8-34-17-7 = 0.812,9-55-30-9 = 1.0,9-29-24-31-9 = 1.0,9-54-16-28-7 = 1.0,9-48-13-22-9 = 0.125,7-40-50-32-10 = 1.0,9-13-58-44-8 = 0.312,7-34-17-7 = 0.188,7-23-11-25-7 = 1.0,10-35-20-43-10 = 0.15,10-35-51-49-10 = 0.3,10-14-38-47-43-10 = 0.75,10-39-38-47-20-10 = 0.15,10-39-38-47-43-10 = 0.1,10-15-12-10 = 0.7,7-60-57-58-44-8 = 0.188,7-36-56-44-8 = 0.5,10-18-51-49-20-10 = 0.7,7-60-57-27-53-21-7 = 0.062,9-46-48-59-9 = 0.875,10-35-18-12-10 = 0.3,7-60-58-56-22-9 = 0.312,7-60-57-37-13-22-9 = 0.25,10-39-37-27-53-21-7 = 0.75,10-35-14-46-9 = 0.125,7-36-57-13-22-9 = 0.313,10-35-14-59-9 = 0.125,7-60-36-57-27-53-9 = 0.187
254,198,777.501,0.0,0.803,0.0,Prune by CG,,10-15-10 = 0.25,8-41-8 = 1.0,8-42-26-8 = 1.0,8-45-33-19-9 = 0.5,8-45-33-19-8 = 0.5,8-34-17-7 = 1.0,9-55-30-9 = 1.0,9-29-24-31-9 = 1.0,9-54-16-28-7 = 1.0,9-13-52-44-8 = 0.5,7-40-50-32-10 = 1.0,7-23-11-25-7 = 1.0,10-35-51-49-10 = 0.5,10-14-38-47-43-10 = 0.75,10-15-12-10 = 0.75,7-60-57-58-44-8 = 0.5,7-36-56-52-8 = 0.5,10-18-51-49-20-10 = 0.5,9-46-48-59-9 = 1.0,10-35-18-12-10 = 0.25,10-18-38-47-20-43-10 = 0.25,10-14-35-20-10 = 0.25,7-60-58-56-22-9 = 0.5,10-39-37-27-53-21-7 = 1.0,7-36-57-13-22-9 = 0.5
251,249,776.914,5.143,0.95,-0.232,255,256,10-15-10 = 0.333,8-33-41-8 = 0.81,8-42-26-8 = 1.0,8-45-33-52-22-9 = 0.095,8-45-41-8 = 0.19,8-45-52-19-8 = 0.357,8-45-52-19-9 = 0.262,8-45-33-19-8 = 0.095,8-34-17-25-7 = 1.0,8-58-52-19-8 = 0.286,9-55-30-9 = 1.0,9-29-24-31-9 = 1.0,9-54-16-28-7 = 1.0,7-40-50-32-10 = 1.0,9-13-58-44-8 = 0.262,7-23-11-7 = 1.0,10-35-20-43-10 = 0.167,10-35-51-49-10 = 0.333,7-36-58-56-8 = 0.357,10-14-38-47-43-10 = 0.833,10-39-38-47-20-10 = 0.167,10-15-12-10 = 0.667,7-36-56-44-8 = 0.643,10-18-51-49-20-10 = 0.667,7-60-57-27-53-21-7 = 1.0,9-46-48-59-9 = 1.0,10-35-18-12-10 = 0.333,10-35-14-37-22-9 = 0.167,10-39-37-58-44-8 = 0.095,10-39-37-13-22-9 = 0.738
256,251,778.145,0.0,1.231,0.0,Prune by CG,,10-15-10 = 0.333,8-33-41-8 = 0.5,8-42-26-8 = 1.0,8-45-33-8 = 0.333,8-45-33-19-9 = 0.167,8-45-41-8 = 0.5,8-34-17-25-7 = 1.0,8-58-52-19-8 = 0.833,9-55-30-9 = 1.0,9-29-24-31-9 = 1.0,9-54-16-28-7 = 1.0,7-40-50-32-10 = 1.0,9-13-58-44-8 = 0.167,7-23-11-7 = 1.0,10-35-20-43-10 = 0.167,10-35-51-49-10 = 0.333,10-14-38-47-43-10 = 0.833,10-39-38-47-20-10 = 0.167,10-15-12-10 = 0.667,7-36-56-52-8 = 0.167,7-36-56-44-8 = 0.833,10-18-51-49-20-10 = 0.667,7-60-57-27-53-21-7 = 1.0,9-46-48-59-9 = 1.0,10-35-18-12-10 = 0.333,10-35-14-37-22-9 = 0.167,10-39-37-13-22-9 = 0.833
215,182,776.934,7.25,0.702,-0.35,257,258,8-41-8 = 1.0,8-42-26-25-7 = 1.0,8-45-33-19-9 = 0.75,8-45-33-19-8 = 0.25,9-55-30-9 = 1.0,9-29-24-31-9 = 1.0,9-13-52-22-9 = 0.25,9-54-16-28-7 = 0.75,9-13-52-44-8 = 0.75,7-40-50-32-10 = 1.0,7-34-36-17-7 = 0.25,7-34-17-7 = 0.75,7-23-11-7 = 1.0,7-54-16-28-7 = 0.25,10-35-51-49-10 = 0.5,7-36-58-56-8 = 0.75,10-14-38-47-43-10 = 0.5,10-39-15-12-10 = 0.5,10-15-12-10 = 0.5,7-60-57-58-44-8 = 0.25,10-18-51-49-20-10 = 0.5,7-60-57-27-53-21-7 = 0.5,9-46-48-59-9 = 1.0,10-18-38-47-20-43-10 = 0.5,10-39-37-27-53-21-7 = 0.5,7-60-57-56-22-9 = 0.25,10-35-14-37-22-9 = 0.5
257,215,781.422,0.0,4.488,0.0,Prune by CG,,8-41-8 = 1.0,8-42-26-25-7 = 1.0,8-45-33-19-9 = 0.5,8-45-33-19-8 = 0.5,9-55-30-9 = 1.0,9-29-24-31-9 = 1.0,9-13-52-22-9 = 0.5,9-54-16-28-7 = 0.5,9-13-52-44-8 = 0.5,7-40-50-32-10 = 1.0,7-34-36-17-7 = 0.5,7-34-17-7 = 0.5,7-23-11-7 = 1.0,7-54-16-28-7 = 0.5,10-35-51-49-10 = 1.0,10-18-20-10 = 1.0,7-36-58-56-8 = 0.5,10-14-38-47-43-10 = 1.0,10-15-12-10 = 1.0,7-60-57-58-44-8 = 0.5,9-46-48-59-9 = 1.0,10-39-37-27-53-21-7 = 1.0,7-60-57-56-22-9 = 0.5
258,215,778.395,0.0,1.461,0.0,Prune by CG,,8-41-8 = 1.0,8-42-26-25-7 = 1.0,8-45-33-19-9 = 1.0,9-55-30-9 = 1.0,9-29-24-31-9 = 1.0,9-54-16-28-7 = 1.0,9-13-52-44-8 = 1.0,7-40-50-32-10 = 1.0,7-34-17-7 = 1.0,7-23-11-7 = 1.0,7-36-58-56-8 = 1.0,10-39-38-47-43-10 = 1.0,10-15-12-10 = 1.0,10-18-51-49-20-10 = 1.0,7-60-57-27-53-21-7 = 1.0,9-46-48-59-9 = 1.0,10-35-14-37-22-9 = 1.0
226,186,776.705,7.673,0.092,1.339,259,260,10-15-10 = 0.255,8-33-41-8 = 1.0,8-42-26-25-7 = 1.0,8-45-52-19-8 = 0.727,8-45-52-19-9 = 0.273,9-55-30-9 = 1.0,9-29-24-31-9 = 1.0,9-54-16-28-7 = 1.0,9-48-13-22-9 = 0.182,7-40-50-32-10 = 1.0,9-13-58-44-8 = 0.455,7-34-36-17-7 = 0.455,7-34-17-7 = 0.091,7-23-17-11-7 = 0.455,7-23-11-7 = 0.545,10-35-20-43-10 = 0.127,10-35-51-49-10 = 0.255,7-36-58-56-8 = 0.273,10-14-38-47-43-10 = 0.636,10-39-38-47-20-10 = 0.127,10-39-38-47-43-10 = 0.236,10-15-12-10 = 0.745,7-60-57-58-44-8 = 0.273,7-34-56-22-9 = 0.455,7-36-56-44-8 = 0.273,10-18-51-49-20-10 = 0.745,7-60-57-27-53-21-7 = 0.364,9-46-48-59-9 = 0.818,10-35-18-12-10 = 0.255,7-60-57-37-13-22-9 = 0.364,10-39-37-27-53-21-7 = 0.636,10-35-14-46-9 = 0.182,10-35-14-59-9 = 0.182
259,226,778.44,0.0,1.735,0.0,Prune by CG,,10-15-10 = 0.25,8-33-41-8 = 1.0,8-42-26-25-7 = 1.0,8-45-52-19-8 = 1.0,9-55-30-9 = 1.0,9-29-24-31-9 = 1.0,7-40-50-32-10 = 1.0,9-13-58-44-8 = 1.0,7-34-36-17-7 = 1.0,7-23-11-7 = 1.0,7-54-16-28-7 = 1.0,10-35-51-49-10 = 0.5,10-14-38-47-43-10 = 0.75,10-15-12-10 = 0.75,10-18-51-49-20-10 = 0.5,9-46-48-59-9 = 1.0,10-35-18-12-10 = 0.25,10-18-38-47-20-43-10 = 0.25,10-14-35-20-10 = 0.25,10-39-37-27-53-21-7 = 1.0,7-60-57-56-22-9 = 1.0
216,182,777.213,5.5,0.981,-2.1,261,262,10-15-10 = 1.0,8-41-8 = 1.0,8-42-26-25-7 = 1.0,8-45-33-19-9 = 0.5,8-45-33-19-8 = 0.5,9-55-30-9 = 1.0,9-29-24-31-9 = 1.0,9-13-52-22-9 = 0.5,9-54-16-28-7 = 0.5,9-13-52-44-8 = 0.5,7-40-50-32-10 = 1.0,7-34-36-17-7 = 0.5,7-34-17-7 = 0.5,7-23-11-7 = 1.0,7-54-16-28-7 = 0.5,7-36-58-56-8 = 0.5,10-14-38-47-43-10 = 1.0,7-60-57-58-44-8 = 0.5,10-18-51-49-20-10 = 1.0,9-46-48-59-9 = 1.0,10-39-37-27-53-21-7 = 1.0,7-60-57-56-22-9 = 0.5,10-35-12-10 = 1.0
261,216,779.75,0.0,2.537,0.0,Prune by CG,,10-15-10 = 1.0,8-41-8 = 1.0,8-42-26-25-7 = 1.0,8-45-33-19-8 = 1.0,9-55-30-9 = 1.0,9-29-24-31-9 = 1.0,9-13-52-44-8 = 1.0,7-40-50-32-10 = 1.0,7-34-58-36-7 = 1.0,7-23-17-11-7 = 1.0,7-54-16-28-7 = 1.0,10-14-38-47-43-10 = 1.0,10-18-51-49-20-10 = 1.0,9-46-48-59-9 = 1.0,10-39-37-27-53-21-7 = 1.0,7-60-57-56-22-9 = 1.0,10-35-12-10 = 1.0
262,216,778.013,0.0,0.8,0.0,Prune by CG,,10-12-10 = 0.5,10-15-10 = 1.0,8-41-8 = 1.0,8-42-26-25-7 = 1.0,8-45-33-19-9 = 0.625,8-45-33-19-8 = 0.375,9-55-30-9 = 1.0,9-29-24-31-9 = 1.0,9-13-52-22-9 = 0.375,9-54-16-28-7 = 0.625,9-13-52-44-8 = 0.625,7-40-50-32-10 = 1.0,7-34-17-7 = 0.625,7-23-11-7 = 1.0,7-54-16-28-7 = 0.375,10-35-51-49-10 = 0.25,7-36-58-56-8 = 0.625,10-14-38-47-43-10 = 0.75,10-39-38-47-20-10 = 0.25,7-60-57-58-44-8 = 0.375,7-34-56-22-9 = 0.375,10-18-51-49-20-10 = 0.5,7-60-57-27-53-21-7 = 0.25,9-46-48-59-9 = 1.0,10-35-18-12-10 = 0.5,10-51-49-20-43-10 = 0.25,10-39-37-27-53-21-7 = 0.75,7-60-57-36-17-7 = 0.375,10-35-14-37-22-9 = 0.25
187,153,777.451,2.5,1.539,-3.5,Prune by UB,,10-15-10 = 0.25,7-25-7 = 1.0,8-41-8 = 1.0,8-42-26-8 = 1.0,8-45-33-19-9 = 1.0,9-55-30-9 = 1.0,9-29-24-31-9 = 1.0,9-54-16-28-7 = 1.0,9-13-52-44-8 = 1.0,7-40-50-32-10 = 1.0,7-34-58-36-7 = 1.0,7-23-17-11-7 = 1.0,10-35-51-49-10 = 0.5,10-14-38-47-43-10 = 0.75,10-15-12-10 = 0.75,10-18-51-49-20-10 = 0.5,9-46-48-59-9 = 1.0,10-35-18-12-10 = 0.25,10-18-38-47-20-43-10 = 0.25,10-14-35-20-10 = 0.25,10-39-37-27-53-21-7 = 1.0,7-60-57-56-22-9 = 1.0
206,196,776.842,7.491,0.68,0.801,263,264,7-11-7 = 0.182,10-15-10 = 0.255,8-33-41-8 = 1.0,8-45-19-44-8 = 0.455,8-42-26-8 = 1.0,8-45-52-19-8 = 0.273,8-45-52-19-9 = 0.273,8-58-56-22-9 = 0.273,8-58-36-57-21-7 = 0.091,9-55-30-9 = 1.0,9-29-24-31-9 = 1.0,9-54-16-28-7 = 1.0,9-48-13-22-9 = 0.182,9-13-52-44-8 = 0.455,7-40-50-32-10 = 1.0,7-11-25-7 = 0.818,7-23-25-7 = 0.182,7-36-58-56-7 = 0.273,7-23-34-17-7 = 0.818,10-35-20-43-10 = 0.127,10-35-51-49-10 = 0.255,7-36-58-56-8 = 0.273,10-14-38-47-43-10 = 0.636,10-39-38-47-20-10 = 0.127,10-39-38-47-43-10 = 0.236,10-15-12-10 = 0.745,10-18-51-49-20-10 = 0.745,7-60-57-27-53-21-7 = 0.273,7-60-36-58-44-8 = 0.091,9-46-48-59-9 = 0.818,10-35-18-12-10 = 0.255,7-60-57-37-13-22-9 = 0.364,10-39-37-27-53-21-7 = 0.636,10-35-14-46-9 = 0.182,7-60-57-36-17-7 = 0.182,8-34-56-22-9 = 0.182,10-35-14-59-9 = 0.182,7-60-36-57-27-53-7 = 0.091
263,206,779.467,0.0,2.625,0.0,Prune by CG,,10-15-10 = 0.286,8-33-41-8 = 1.0,8-45-19-44-8 = 0.786,8-42-26-8 = 1.0,8-45-52-44-8 = 0.214,8-58-52-19-9 = 0.214,9-55-30-9 = 1.0,9-29-24-31-9 = 1.0,9-13-52-22-9 = 0.357,9-54-16-28-7 = 1.0,9-48-13-22-9 = 0.143,7-40-50-32-7 = 0.214,7-40-50-32-10 = 0.786,7-11-25-7 = 1.0,7-36-58-56-7 = 0.786,7-23-34-17-7 = 1.0,10-35-20-43-10 = 0.143,10-35-51-49-10 = 0.286,10-14-38-47-43-10 = 0.714,10-39-15-12-10 = 0.214,10-39-38-47-20-10 = 0.143,10-39-38-47-43-10 = 0.143,10-15-12-10 = 0.5,7-36-56-52-8 = 0.214,10-18-51-49-20-10 = 0.714,7-60-57-27-53-21-7 = 0.5,9-46-48-59-9 = 0.857,10-35-18-12-10 = 0.286,7-60-57-37-13-22-9 = 0.5,10-39-37-27-53-21-7 = 0.5,10-35-14-46-9 = 0.143,10-35-14-59-9 = 0.143
264,206,777.876,0.0,1.034,0.0,Prune by CG,,7-11-7 = 0.083,10-15-10 = 0.333,8-33-41-8 = 1.0,8-42-26-8 = 1.0,8-45-52-19-8 = 0.396,8-45-52-19-9 = 0.604,8-58-56-22-9 = 0.083,8-34-17-7 = 0.083,8-58-36-57-21-7 = 0.229,9-55-30-9 = 1.0,9-29-24-31-9 = 1.0,9-13-56-22-9 = 0.604,9-54-16-28-7 = 1.0,9-48-13-22-9 = 0.083,7-40-50-32-10 = 1.0,9-13-58-44-8 = 0.083,7-11-25-7 = 0.917,7-23-25-7 = 0.083,7-23-34-17-7 = 0.917,10-35-20-43-10 = 0.167,10-35-51-49-10 = 0.333,10-14-38-47-43-10 = 0.833,10-39-38-47-20-10 = 0.167,10-15-12-10 = 0.667,7-60-57-58-44-8 = 0.375,7-36-56-44-8 = 0.312,10-18-51-49-20-10 = 0.667,7-60-36-58-44-8 = 0.229,9-46-48-59-9 = 0.917,10-35-18-12-10 = 0.333,7-60-57-37-13-22-9 = 0.167,10-39-37-27-53-21-7 = 0.771,10-35-14-46-9 = 0.083,10-35-14-59-9 = 0.083,7-60-36-57-27-53-7 = 0.229,10-39-37-13-22-9 = 0.063
232,224,777.031,7.279,0.539,-0.043,265,266,8-41-8 = 1.0,8-42-26-25-7 = 1.0,8-58-56-21-7 = 0.279,8-45-33-19-8 = 1.0,8-34-17-7 = 0.441,9-55-30-9 = 0.868,9-55-30-22-9 = 0.132,9-29-24-31-9 = 1.0,9-54-16-37-10 = 0.397,9-13-52-44-8 = 1.0,7-40-50-32-10 = 1.0,7-34-17-7 = 0.559,7-23-11-7 = 1.0,7-28-60-57-27-53-7 = 0.559,10-35-51-49-10 = 0.632,7-28-60-36-57-21-7 = 0.279,7-36-58-56-8 = 0.721,7-28-60-57-37-59-9 = 0.162,10-14-38-47-43-10 = 0.368,10-39-15-12-10 = 0.559,10-15-12-10 = 0.441,7-16-54-22-9 = 0.279,10-18-51-49-20-10 = 0.368,9-46-48-59-9 = 0.735,10-18-38-47-20-43-10 = 0.632,10-39-37-27-53-21-7 = 0.441,10-35-14-46-9 = 0.265,10-14-48-22-9 = 0.265,10-35-14-59-9 = 0.103,10-16-54-22-9 = 0.324
265,232,782.12,0.0,5.089,0.0,Prune by CG,,8-41-8 = 1.0,8-42-26-25-7 = 1.0,8-58-56-21-7 = 0.5,8-45-33-19-8 = 1.0,9-55-30-9 = 1.0,9-29-24-31-9 = 1.0,9-54-16-36-7 = 0.5,9-13-52-44-8 = 1.0,7-40-50-32-10 = 1.0,7-34-17-7 = 1.0,7-23-11-7 = 1.0,7-16-54-36-7 = 0.5,10-39-38-47-43-10 = 1.0,10-15-12-10 = 1.0,10-18-51-49-20-10 = 1.0,7-28-60-57-27-53-9 = 0.5,7-60-57-27-53-21-7 = 0.5,9-46-48-59-9 = 1.0,7-28-58-56-8 = 0.5,10-35-14-37-22-9 = 1.0
260,226,777.149,6.958,0.444,-0.714,267,268,10-15-10 = 0.333,8-33-41-8 = 1.0,8-42-26-25-7 = 1.0,8-45-52-19-8 = 0.5,8-45-52-19-9 = 0.5,9-55-30-9 = 0.708,9-55-30-22-9 = 0.292,9-29-24-31-9 = 1.0,9-54-16-28-7 = 1.0,9-48-13-22-9 = 0.083,7-40-50-32-10 = 1.0,9-13-58-44-8 = 0.292,7-34-17-7 = 1.0,7-23-11-7 = 1.0,10-35-20-43-10 = 0.167,10-35-51-49-10 = 0.333,7-36-58-56-8 = 0.5,10-14-38-47-43-10 = 0.833,10-39-38-47-20-10 = 0.167,10-15-12-10 = 0.667,7-60-57-58-44-8 = 0.208,7-36-56-44-8 = 0.5,10-18-51-49-20-10 = 0.667,7-60-57-27-53-21-7 = 0.625,9-46-48-59-9 = 0.917,10-35-18-12-10 = 0.333,7-60-57-37-13-22-9 = 0.167,10-39-37-27-53-21-7 = 0.375,10-35-14-46-9 = 0.083,10-35-14-59-9 = 0.083,10-39-37-13-22-9 = 0.458
267,260,779.379,0.0,2.23,0.0,Prune by CG,,10-15-10 = 1.0,8-33-41-8 = 1.0,8-42-26-25-7 = 1.0,8-45-52-19-8 = 0.5,8-45-52-19-9 = 0.5,9-55-30-9 = 0.75,9-55-30-22-9 = 0.25,9-29-24-31-9 = 1.0,9-54-16-28-7 = 1.0,7-40-50-32-10 = 1.0,9-13-58-44-8 = 0.25,7-34-17-7 = 1.0,7-23-11-7 = 1.0,10-35-20-10 = 1.0,7-36-58-56-8 = 0.5,10-14-38-47-43-10 = 1.0,7-60-57-58-44-8 = 0.25,7-36-56-44-8 = 0.5,10-18-51-49-12-10 = 1.0,7-60-57-27-53-21-7 = 0.75,9-46-48-59-9 = 1.0,10-39-37-27-53-21-7 = 0.25,10-39-37-13-22-9 = 0.75
268,260,777.406,0.0,0.257,0.0,Prune by CG,,10-15-10 = 0.095,8-33-41-8 = 1.0,8-42-26-25-7 = 1.0,8-45-52-19-8 = 0.5,8-45-52-19-9 = 0.5,9-55-30-9 = 0.643,9-55-30-22-9 = 0.357,9-29-24-31-9 = 1.0,9-54-16-28-7 = 1.0,9-48-13-22-9 = 0.214,7-40-50-32-10 = 1.0,9-13-58-44-8 = 0.357,7-34-17-7 = 1.0,7-23-11-7 = 1.0,10-35-51-49-10 = 0.476,7-36-58-56-8 = 0.5,10-14-38-47-43-10 = 0.571,10-39-15-12-10 = 0.381,10-39-38-47-20-10 = 0.048,10-15-12-10 = 0.476,10-15-12-20-43-10 = 0.048,7-60-57-58-44-8 = 0.143,7-36-56-44-8 = 0.5,10-18-51-49-20-10 = 0.524,7-60-57-27-53-21-7 = 0.429,9-46-48-59-9 = 0.786,10-35-18-12-10 = 0.095,10-18-38-47-20-43-10 = 0.381,7-60-57-37-13-22-9 = 0.429,10-39-37-27-53-21-7 = 0.571,10-35-14-46-9 = 0.214,10-35-14-59-9 = 0.214
252,249,777.049,5.667,1.084,0.292,269,270,10-15-10 = 0.333,8-33-41-8 = 1.0,8-42-26-8 = 1.0,8-45-52-19-8 = 0.75,8-45-52-19-9 = 0.25,8-58-13-22-9 = 0.167,8-34-17-25-7 = 1.0,9-55-30-9 = 0.833,9-55-30-22-9 = 0.167,9-29-24-31-9 = 1.0,9-13-27-53-21-7 = 0.167,9-54-16-28-7 = 1.0,9-48-13-22-9 = 0.083,7-40-50-32-10 = 1.0,7-23-11-7 = 1.0,10-35-20-43-10 = 0.167,10-35-51-49-10 = 0.333,7-36-58-56-8 = 0.417,10-14-38-47-43-10 = 0.833,10-39-38-47-20-10 = 0.167,10-15-12-10 = 0.667,7-60-57-58-44-8 = 0.417,7-36-56-44-8 = 0.583,10-18-51-49-20-10 = 0.667,9-46-48-59-9 = 0.917,10-35-18-12-10 = 0.333,7-60-57-37-13-22-9 = 0.167,10-39-37-27-53-21-7 = 0.833,10-35-14-46-9 = 0.083,7-60-57-13-22-9 = 0.417,10-35-14-59-9 = 0.083
269,252,779.334,0.0,2.286,0.0,Prune by CG,,10-15-10 = 0.25,8-33-41-8 = 0.667,8-42-26-8 = 1.0,8-45-41-8 = 0.333,8-45-52-44-8 = 0.333,8-45-33-19-8 = 0.333,8-34-17-25-7 = 1.0,8-58-52-19-8 = 0.667,9-55-30-9 = 1.0,9-29-24-31-9 = 1.0,9-54-16-28-7 = 1.0,7-40-50-32-10 = 1.0,7-23-11-7 = 1.0,10-35-51-49-10 = 0.5,7-36-58-56-8 = 0.333,10-14-38-47-43-10 = 0.75,10-15-12-10 = 0.75,7-36-56-44-8 = 0.667,10-18-51-49-20-10 = 0.5,9-46-48-59-9 = 1.0,10-35-18-12-10 = 0.25,10-18-38-47-20-43-10 = 0.25,10-14-35-20-10 = 0.25,10-39-37-27-53-21-7 = 1.0,7-60-57-13-22-9 = 1.0
270,252,779.502,0.0,2.453,0.0,Prune by CG,,10-15-10 = 0.333,8-33-41-8 = 1.0,8-42-26-8 = 1.0,8-45-52-19-8 = 0.5,8-45-52-19-9 = 0.5,8-34-17-25-7 = 1.0,9-55-30-9 = 0.792,9-55-30-22-9 = 0.208,9-29-24-31-9 = 1.0,9-13-27-53-21-7 = 0.431,9-54-16-28-7 = 0.889,9-48-13-22-9 = 0.139,9-54-60-28-21-7 = 0.111,7-40-50-32-10 = 1.0,7-23-11-7 = 1.0,10-35-20-43-10 = 0.167,10-35-51-49-10 = 0.333,7-36-58-56-8 = 0.333,10-14-38-47-43-10 = 0.833,10-39-38-47-20-10 = 0.167,10-15-12-10 = 0.667,7-60-57-58-44-8 = 0.667,7-57-27-53-59-9 = 0.056,7-36-56-44-8 = 0.333,7-36-57-56-8 = 0.167,10-18-51-49-20-10 = 0.667,7-16-37-13-22-9 = 0.111,9-46-48-59-9 = 0.861,10-35-18-12-10 = 0.333,7-60-57-37-53-59-9 = 0.056,10-39-37-27-53-21-7 = 0.458,10-39-37-57-27-22-9 = 0.056,10-35-14-46-9 = 0.139,10-35-14-59-9 = 0.028,7-60-36-56-22-9 = 0.167,10-39-37-13-22-9 = 0.319
183,141,777.17,5.5,1.228,-0.333,271,272,10-15-10 = 0.167,8-41-8 = 1.0,8-42-26-8 = 1.0,8-58-56-22-9 = 1.0,8-45-33-19-8 = 1.0,9-55-30-9 = 1.0,9-29-24-31-9 = 1.0,9-54-16-36-7 = 0.5,9-48-37-57-7 = 0.167,9-13-52-44-8 = 1.0,7-40-50-32-7 = 0.167,7-40-50-32-10 = 0.833,7-34-17-25-7 = 0.833,7-23-11-7 = 1.0,7-34-60-28-21-7 = 0.167,7-28-60-57-21-25-7 = 0.167,7-28-60-57-17-7 = 0.167,7-16-54-36-7 = 0.5,10-35-20-43-10 = 0.167,10-35-51-49-10 = 0.333,7-28-60-57-37-59-9 = 0.167,10-14-38-47-43-10 = 0.833,10-39-15-10 = 0.167,10-39-38-47-20-10 = 0.167,10-15-12-10 = 0.667,10-18-51-49-20-10 = 0.667,7-28-60-57-27-53-9 = 0.333,9-46-48-59-9 = 0.833,10-35-18-12-10 = 0.333,10-39-37-27-53-21-7 = 0.667,10-35-14-46-9 = 0.167
272,183,779.832,0.0,2.663,0.0,Prune by CG,,10-15-10 = 0.333,8-41-8 = 0.833,8-33-41-8 = 0.083,8-42-26-8 = 0.75,8-42-26-25-7 = 0.25,8-45-33-19-9 = 0.111,8-45-41-8 = 0.083,8-58-56-22-9 = 0.722,8-45-33-19-8 = 0.806,8-58-57-27-22-9 = 0.083,9-55-30-9 = 1.0,9-29-24-31-9 = 1.0,9-13-52-44-8 = 1.0,9-54-57-36-7 = 0.278,7-40-50-32-10 = 1.0,7-34-17-25-7 = 0.083,7-34-28-57-7 = 0.111,7-23-11-7 = 0.333,7-23-11-25-7 = 0.667,7-34-60-28-21-7 = 0.167,7-34-60-28-17-7 = 0.639,7-16-57-17-7 = 0.194,7-16-37-57-17-7 = 0.083,7-16-54-36-7 = 0.722,10-35-20-43-10 = 0.167,10-35-51-49-10 = 0.333,10-14-38-47-43-10 = 0.833,10-39-38-47-20-10 = 0.167,10-15-12-10 = 0.667,7-57-27-53-19-8 = 0.083,10-18-51-49-20-10 = 0.667,9-46-48-59-9 = 0.917,7-28-57-56-8 = 0.083,10-35-18-12-10 = 0.333,7-60-58-56-22-9 = 0.194,10-39-37-27-53-21-7 = 0.833,10-35-14-46-9 = 0.083,10-35-14-59-9 = 0.083,9-48-37-57-53-9 = 0.083
176,156,777.058,8.329,1.256,0.463,273,274,7-11-7 = 1.0,10-15-10 = 0.041,8-33-41-8 = 0.765,8-42-26-25-7 = 1.0,8-45-41-8 = 0.235,8-45-52-19-8 = 0.529,8-56-52-22-9 = 0.235,8-45-33-19-8 = 0.235,8-58-52-19-8 = 0.235,9-55-30-9 = 1.0,9-29-24-31-9 = 1.0,9-54-16-21-7 = 0.471,9-54-16-36-7 = 0.265,9-48-13-22-9 = 0.235,7-40-50-32-10 = 1.0,9-13-58-44-8 = 0.235,7-28-57-58-36-7 = 0.059,7-28-60-57-27-53-7 = 0.5,7-23-34-17-7 = 1.0,10-35-20-43-10 = 0.153,10-35-51-49-10 = 0.306,7-28-60-36-57-21-7 = 0.029,7-36-58-56-8 = 0.235,7-28-60-57-37-59-9 = 0.235,10-14-38-47-43-10 = 0.765,10-39-15-10 = 0.265,10-39-38-47-20-10 = 0.153,10-39-38-47-43-10 = 0.082,10-15-12-10 = 0.694,7-60-57-58-44-8 = 0.176,7-36-56-44-8 = 0.412,10-18-51-49-20-10 = 0.694,7-28-56-44-8 = 0.118,9-46-48-59-9 = 0.765,7-28-60-58-44-8 = 0.059,10-35-18-12-10 = 0.306,9-54-13-22-9 = 0.265,10-39-37-27-53-21-7 = 0.5,10-35-14-46-9 = 0.235,10-16-37-13-22-9 = 0.265
274,176,778.922,0.0,1.864,0.0,Prune by CG,,7-11-7 = 1.0,10-15-10 = 0.34,8-33-41-8 = 0.72,8-42-26-25-7 = 1.0,8-45-41-8 = 0.28,8-45-52-19-8 = 0.44,8-45-33-19-8 = 0.28,8-58-52-19-8 = 0.07,8-58-52-19-9 = 0.21,9-55-30-9 = 1.0,9-29-24-31-9 = 1.0,9-54-16-36-7 = 0.77,9-54-16-60-7 = 0.21,9-48-13-22-9 = 0.07,7-40-50-32-10 = 1.0,9-13-58-44-8 = 0.28,7-28-57-58-36-7 = 0.02,7-23-34-17-7 = 1.0,10-35-20-43-10 = 0.16,10-35-51-49-10 = 0.34,7-36-58-56-8 = 0.21,10-14-38-47-43-10 = 0.84,10-39-38-47-20-10 = 0.16,10-15-12-10 = 0.66,7-60-57-58-44-8 = 0.21,10-18-51-49-20-10 = 0.66,7-60-57-27-53-21-7 = 0.16,7-28-56-44-8 = 0.51,9-46-48-59-9 = 0.93,10-35-18-12-10 = 0.34,7-60-56-52-22-9 = 0.28,10-14-35-20-10 = 0.02,9-54-13-22-9 = 0.02,7-60-57-37-13-22-9 = 0.14,10-39-37-27-53-21-7 = 0.84,10-35-14-46-9 = 0.07,10-16-37-13-22-9 = 0.02,7-28-57-13-22-9 = 0.47,10-35-14-59-9 = 0.07
273,176,776.861,8.333,-0.196,0.004,275,276,7-11-7 = 1.0,10-15-10 = 0.333,8-33-41-8 = 0.75,8-42-26-25-7 = 1.0,8-45-41-8 = 0.25,8-45-52-19-8 = 0.5,8-56-52-22-9 = 0.25,8-45-33-19-8 = 0.25,8-58-52-19-8 = 0.25,9-55-30-9 = 1.0,9-29-24-31-9 = 1.0,9-54-16-21-7 = 0.5,9-54-16-37-10 = 0.083,9-54-16-36-7 = 0.083,9-48-13-22-9 = 0.167,7-40-50-32-10 = 1.0,9-13-58-44-8 = 0.5,7-28-60-57-27-53-7 = 0.667,7-23-34-17-7 = 1.0,10-35-20-43-10 = 0.167,10-35-51-49-10 = 0.333,7-28-60-36-57-21-7 = 0.167,7-36-58-56-8 = 0.25,7-28-60-57-37-59-9 = 0.167,10-14-38-47-43-10 = 0.833,10-39-15-12-10 = 0.167,10-39-38-47-20-10 = 0.167,10-15-12-10 = 0.5,7-36-56-44-8 = 0.5,10-18-51-49-20-10 = 0.667,10-16-54-37-10 = 0.083,9-46-48-59-9 = 0.833,10-35-18-12-10 = 0.333,10-39-37-27-53-21-7 = 0.333,10-35-14-46-9 = 0.167,10-16-54-22-9 = 0.25,10-39-37-13-22-9 = 0.333
275,273,777.284,0.0,0.423,0.0,Prune by CG,,7-11-7 = 1.0,10-15-10 = 0.333,8-33-41-8 = 1.0,8-42-26-25-7 = 1.0,8-45-52-19-8 = 0.944,8-45-52-19-9 = 0.056,8-58-56-21-7 = 0.167,9-55-30-9 = 1.0,9-29-24-31-9 = 1.0,9-13-56-22-9 = 0.111,9-54-16-21-7 = 0.056,9-54-16-37-10 = 0.25,9-54-16-36-7 = 0.083,9-48-13-22-9 = 0.167,9-54-56-22-9 = 0.111,7-40-50-32-10 = 1.0,9-13-58-44-8 = 0.611,7-28-60-57-27-53-7 = 0.528,7-23-34-17-7 = 1.0,10-35-20-43-10 = 0.167,10-35-51-49-10 = 0.333,7-28-60-36-57-21-7 = 0.306,7-36-58-56-8 = 0.222,7-28-60-57-37-59-9 = 0.167,10-14-38-47-43-10 = 0.833,10-39-15-12-10 = 0.361,10-39-38-47-20-10 = 0.167,10-15-12-10 = 0.306,7-36-56-44-8 = 0.389,10-18-51-49-20-10 = 0.667,9-46-48-59-9 = 0.833,10-35-18-12-10 = 0.333,10-39-37-27-53-21-7 = 0.472,10-35-14-46-9 = 0.167,10-16-37-13-22-9 = 0.111,10-16-54-22-9 = 0.5
276,273,777.41,0.0,0.549,0.0,Prune by CG,,7-11-7 = 1.0,10-15-10 = 0.146,8-33-41-8 = 0.5,8-42-26-25-7 = 1.0,8-45-41-8 = 0.5,8-56-52-22-9 = 0.229,8-45-33-19-8 = 0.5,8-58-52-19-8 = 0.5,9-55-30-9 = 1.0,9-29-24-31-9 = 1.0,9-54-16-21-7 = 0.542,9-54-16-36-7 = 0.125,9-48-13-22-9 = 0.167,7-40-50-32-10 = 1.0,9-13-58-44-8 = 0.458,7-28-60-57-27-53-7 = 0.646,7-23-34-17-7 = 1.0,10-35-20-43-10 = 0.167,10-35-51-49-10 = 0.333,7-28-60-36-57-21-7 = 0.104,7-36-58-56-8 = 0.042,7-28-60-57-37-59-9 = 0.167,10-14-38-47-43-10 = 0.833,10-39-15-10 = 0.187,10-39-38-47-20-10 = 0.167,10-15-12-10 = 0.667,7-36-56-52-8 = 0.187,7-36-56-44-8 = 0.542,10-18-51-49-20-10 = 0.667,10-16-54-37-10 = 0.146,9-46-48-59-9 = 0.833,10-35-18-12-10 = 0.333,9-54-13-22-9 = 0.042,10-39-37-27-53-21-7 = 0.354,10-35-14-46-9 = 0.167,10-16-37-13-22-9 = 0.042,7-28-60-57-52-22-9 = 0.083,10-16-54-22-9 = 0.146,10-39-37-13-22-9 = 0.292
171,149,777.575,3.5,2.028,-2.75,Prune by UB,,10-15-10 = 1.0,8-41-8 = 1.0,8-42-26-8 = 1.0,8-45-33-19-9 = 1.0,8-34-17-25-7 = 0.417,8-34-60-36-25-7 = 0.083,9-55-30-9 = 1.0,9-29-24-31-9 = 1.0,9-13-52-22-9 = 0.75,9-54-16-28-7 = 1.0,9-13-52-44-8 = 0.25,7-40-50-32-10 = 1.0,7-34-17-25-7 = 0.5,7-23-11-7 = 1.0,10-35-20-10 = 1.0,7-36-58-56-8 = 0.5,10-14-38-47-43-10 = 0.917,10-39-38-47-43-10 = 0.083,7-60-57-58-44-8 = 0.5,7-36-56-44-8 = 0.25,10-18-51-49-12-10 = 1.0,7-60-57-27-53-21-7 = 0.083,9-46-48-59-9 = 1.0,10-39-37-27-53-21-7 = 0.917,7-60-57-56-22-9 = 0.25,7-60-57-36-17-7 = 0.083,10-14-37-57-36-7 = 0.083
220,203,777.294,5.938,0.972,-0.751,Prune by UB,,10-15-10 = 1.0,8-41-8 = 1.0,8-42-26-8 = 1.0,8-45-33-19-9 = 0.917,8-45-33-19-8 = 0.083,8-34-17-25-7 = 0.75,8-58-36-57-21-7 = 0.083,9-55-30-9 = 1.0,9-29-24-31-9 = 1.0,9-13-52-22-9 = 0.167,9-54-16-28-7 = 1.0,9-13-52-44-8 = 0.833,7-40-50-32-10 = 1.0,7-34-17-25-7 = 0.25,7-23-11-7 = 1.0,10-35-51-49-10 = 0.021,7-36-58-56-8 = 0.75,10-14-38-47-43-10 = 0.5,10-39-38-47-20-10 = 0.5,10-18-51-49-12-10 = 0.479,7-60-57-27-53-21-7 = 0.5,7-60-36-58-44-8 = 0.167,9-46-48-59-9 = 0.917,9-46-48-22-9 = 0.042,10-35-18-12-10 = 0.521,10-51-49-20-43-10 = 0.5,7-60-57-37-53-59-9 = 0.083,10-39-37-27-53-21-7 = 0.417,10-39-37-57-27-22-9 = 0.083,10-35-14-46-9 = 0.042,7-60-57-56-22-9 = 0.25,10-14-48-22-9 = 0.042,10-35-14-37-22-9 = 0.417
217,165,777.389,5.885,1.106,-1.206,Prune by UB,,7-11-7 = 1.0,10-15-10 = 0.338,7-23-7 = 0.108,8-41-8 = 1.0,8-42-26-25-7 = 0.946,8-45-33-19-9 = 0.677,8-45-33-19-8 = 0.323,9-48-59-9 = 0.123,9-55-30-9 = 1.0,9-29-24-31-9 = 1.0,9-13-52-22-9 = 1.0,9-54-16-28-7 = 0.831,9-48-37-27-53-9 = 0.015,7-40-50-32-10 = 1.0,7-54-16-28-7 = 0.154,7-54-60-28-21-7 = 0.015,7-16-60-57-36-7 = 0.015,7-23-34-17-7 = 0.892,10-35-20-43-10 = 0.169,10-35-51-49-10 = 0.338,7-36-58-56-8 = 0.431,10-14-38-47-43-10 = 0.831,10-39-38-47-20-10 = 0.169,10-15-12-10 = 0.662,7-60-57-58-44-8 = 0.569,7-34-26-8 = 0.054,7-36-56-44-8 = 0.431,10-18-51-49-20-10 = 0.662,7-60-57-27-53-21-7 = 0.154,7-34-42-25-7 = 0.054,9-46-48-59-9 = 0.862,10-35-18-12-10 = 0.338,7-60-57-37-56-8 = 0.138,10-39-37-27-53-21-7 = 0.831,10-35-14-46-9 = 0.138,7-60-57-36-17-7 = 0.108,10-14-37-57-36-7 = 0.015,10-35-14-59-9 = 0.015
271,183,777.221,5.5,0.051,0.0,277,278,8-41-8 = 1.0,8-42-26-8 = 1.0,8-58-56-22-9 = 1.0,8-45-33-19-8 = 1.0,9-48-59-9 = 0.167,9-55-30-9 = 1.0,9-29-24-31-9 = 1.0,9-54-16-36-7 = 0.667,9-13-52-44-8 = 1.0,7-40-50-32-7 = 0.333,7-40-50-32-10 = 0.667,7-34-17-25-7 = 1.0,7-23-11-7 = 1.0,7-28-60-57-37-21-7 = 0.5,7-16-54-36-7 = 0.333,10-35-20-43-10 = 0.167,10-35-51-49-10 = 0.333,10-14-38-47-43-10 = 0.833,10-39-15-10 = 0.333,10-39-38-47-20-10 = 0.167,10-15-12-10 = 0.667,10-18-51-49-20-10 = 0.667,7-28-60-57-27-53-9 = 0.5,9-46-48-59-9 = 0.833,10-35-18-12-10 = 0.333,10-39-37-27-53-21-7 = 0.5,10-35-14-46-9 = 0.167
277,271,783.95,0.0,6.728,0.0,Prune by CG,,8-41-8 = 0.6,8-33-41-8 = 0.2,8-42-26-8 = 1.0,8-45-41-8 = 0.2,8-58-56-22-9 = 1.0,8-45-33-19-8 = 0.8,8-34-17-25-7 = 0.2,9-55-30-9 = 1.0,9-29-24-31-9 = 1.0,9-54-16-36-7 = 0.2,9-13-52-44-8 = 1.0,7-40-50-32-7 = 0.8,7-40-50-32-10 = 0.2,7-34-17-25-7 = 0.8,7-23-11-7 = 1.0,7-28-60-57-37-27-7 = 0.2,7-28-60-57-37-21-7 = 0.2,7-16-54-36-7 = 0.8,10-35-20-43-10 = 0.16,10-35-51-49-10 = 0.32,7-28-60-57-37-59-9 = 0.2,10-14-38-47-43-10 = 0.8,10-39-15-10 = 0.32,10-39-15-12-10 = 0.48,10-39-38-47-20-10 = 0.16,10-39-38-47-43-10 = 0.04,10-15-12-10 = 0.2,10-18-51-49-20-10 = 0.68,7-60-57-27-53-21-7 = 0.4,9-46-48-59-9 = 0.8,10-35-18-12-10 = 0.32,7-28-37-27-53-21-7 = 0.4,10-35-14-46-9 = 0.2,9-48-53-19-8 = 0.2
278,271,778.548,0.0,1.327,0.0,Prune by CG,,10-15-10 = 0.35,8-41-8 = 0.95,8-33-41-8 = 0.05,8-42-26-8 = 0.3,8-42-26-25-7 = 0.375,8-45-52-19-8 = 0.05,8-58-56-22-9 = 0.95,8-45-33-19-8 = 0.95,9-55-30-9 = 1.0,9-29-24-31-9 = 1.0,9-54-16-36-7 = 0.3,9-13-52-44-8 = 0.95,7-40-50-32-10 = 1.0,7-34-17-25-7 = 0.3,7-23-11-7 = 1.0,7-28-60-57-21-7 = 0.15,7-28-60-57-17-7 = 0.7,7-16-54-36-7 = 0.7,10-35-20-43-10 = 0.15,10-35-51-49-10 = 0.35,10-14-38-47-43-10 = 0.85,10-39-38-47-20-10 = 0.15,10-15-12-10 = 0.65,7-34-26-8 = 0.325,10-18-51-49-20-10 = 0.65,7-28-60-57-27-53-9 = 0.15,7-34-42-25-7 = 0.325,9-46-48-59-9 = 0.95,10-35-18-12-10 = 0.35,10-14-35-20-10 = 0.05,7-34-58-37-22-9 = 0.05,10-39-37-27-53-21-7 = 0.85,10-35-14-46-9 = 0.05,9-48-37-13-9 = 0.05,10-37-56-44-8 = 0.05,10-35-14-59-9 = 0.05
218,165,777.269,6.867,0.985,-0.224,Prune by UB,,7-11-7 = 1.0,10-15-10 = 0.326,8-41-8 = 1.0,8-42-26-25-7 = 1.0,8-45-33-19-9 = 0.556,8-45-33-19-8 = 0.444,8-58-36-57-21-7 = 0.111,9-55-30-9 = 0.815,9-55-30-22-9 = 0.185,9-29-24-31-9 = 1.0,9-54-16-28-7 = 0.667,9-13-52-44-8 = 1.0,7-40-50-32-10 = 1.0,7-54-16-28-7 = 0.333,7-23-34-17-7 = 1.0,10-35-20-43-10 = 0.163,10-35-51-49-10 = 0.326,7-36-58-56-8 = 0.667,10-14-38-47-43-10 = 0.667,10-39-38-47-20-10 = 0.163,10-39-38-47-43-10 = 0.17,10-15-12-10 = 0.674,10-18-51-49-20-10 = 0.674,7-60-57-27-53-21-7 = 0.333,9-46-48-59-9 = 0.852,10-35-18-12-10 = 0.326,7-60-58-56-22-9 = 0.222,7-60-57-37-53-59-9 = 0.111,10-39-37-27-53-21-7 = 0.556,10-39-37-57-27-22-9 = 0.111,10-35-14-46-9 = 0.148,7-60-57-56-22-9 = 0.111,10-14-48-22-9 = 0.148,10-35-14-59-9 = 0.037,7-60-36-57-37-22-9 = 0.222
255,251,777.192,5.5,0.278,0.357,279,280,10-15-10 = 0.333,8-33-41-8 = 1.0,8-42-26-8 = 1.0,8-45-52-19-8 = 0.5,8-45-52-19-9 = 0.5,8-34-17-25-7 = 1.0,9-55-30-9 = 0.833,9-55-30-22-9 = 0.167,9-29-24-31-9 = 1.0,9-54-16-28-7 = 1.0,7-40-50-32-10 = 1.0,9-13-58-44-8 = 0.333,7-23-11-7 = 1.0,10-35-20-43-10 = 0.167,10-35-51-49-10 = 0.333,7-36-58-56-8 = 0.5,10-14-38-47-43-10 = 0.833,10-39-38-47-20-10 = 0.167,10-15-12-10 = 0.667,7-36-56-44-8 = 0.5,10-18-51-49-20-10 = 0.667,7-60-57-27-53-21-7 = 1.0,9-46-48-59-9 = 1.0,10-35-18-12-10 = 0.333,10-35-14-37-22-9 = 0.167,10-39-37-58-44-8 = 0.167,10-39-37-13-22-9 = 0.667
279,255,779.154,0.0,1.962,0.0,Prune by CG,,10-15-10 = 1.0,8-33-41-8 = 1.0,8-42-26-8 = 1.0,8-45-52-19-8 = 0.5,8-45-52-19-9 = 0.5,8-34-17-25-7 = 1.0,9-55-30-9 = 0.75,9-55-30-22-9 = 0.25,9-29-24-31-9 = 1.0,9-54-16-28-7 = 1.0,7-40-50-32-10 = 1.0,9-13-58-44-8 = 0.25,7-23-11-7 = 1.0,10-35-20-10 = 1.0,7-36-58-56-8 = 0.5,10-14-38-47-43-10 = 1.0,7-36-56-44-8 = 0.5,10-18-51-49-12-10 = 1.0,7-60-57-27-53-21-7 = 1.0,9-46-48-59-9 = 1.0,10-39-37-58-44-8 = 0.25,10-39-37-13-22-9 = 0.75
280,255,777.624,0.0,0.433,0.0,Prune by CG,,10-15-10 = 0.4,8-33-41-8 = 1.0,8-42-26-8 = 1.0,8-45-52-19-8 = 0.5,8-45-52-19-9 = 0.5,8-34-17-25-7 = 1.0,9-55-30-9 = 0.85,9-55-30-22-9 = 0.15,9-29-24-31-9 = 1.0,9-54-16-28-7 = 1.0,7-40-50-32-10 = 1.0,9-13-58-44-8 = 0.35,7-23-11-7 = 1.0,10-35-51-49-10 = 0.4,7-36-58-56-8 = 0.5,10-14-38-47-43-10 = 0.8,10-39-38-47-20-10 = 0.2,10-15-12-10 = 0.4,10-15-12-20-43-10 = 0.2,7-36-56-44-8 = 0.5,10-18-51-49-20-10 = 0.6,7-60-57-27-53-21-7 = 1.0,9-46-48-59-9 = 1.0,10-35-18-12-10 = 0.4,10-35-14-37-22-9 = 0.2,10-39-37-58-44-8 = 0.15,10-39-37-13-22-9 = 0.65
181,179,777.507,5.5,1.751,-1.75,Prune by UB,,10-15-10 = 1.0,8-41-8 = 1.0,8-42-26-25-7 = 1.0,8-45-33-19-9 = 0.5,8-45-33-19-8 = 0.5,9-55-30-9 = 1.0,9-29-24-31-9 = 1.0,9-13-52-22-9 = 0.5,9-54-16-28-7 = 0.5,9-13-52-44-8 = 0.5,7-40-50-32-10 = 1.0,7-34-36-17-7 = 0.5,7-34-17-7 = 0.5,7-23-11-7 = 1.0,7-54-16-28-7 = 0.5,10-35-20-10 = 1.0,7-36-58-56-8 = 0.5,10-14-38-47-43-10 = 1.0,7-60-57-58-44-8 = 0.5,10-18-51-49-12-10 = 1.0,9-46-48-59-9 = 1.0,10-39-37-27-53-21-7 = 1.0,7-60-57-56-22-9 = 0.5
160,152,777.389,7.333,2.092,-0.819,Prune by UB,,10-15-10 = 0.25,8-41-8 = 1.0,8-42-26-8 = 1.0,8-45-33-19-9 = 0.5,8-45-33-19-8 = 0.5,8-34-17-25-7 = 0.667,9-55-30-9 = 1.0,9-29-24-31-9 = 1.0,9-54-16-60-7 = 0.667,9-13-52-44-8 = 0.833,7-40-50-32-10 = 1.0,7-23-11-7 = 0.667,7-23-11-25-7 = 0.333,7-28-57-58-36-7 = 0.333,7-28-57-36-17-7 = 0.333,10-35-51-49-10 = 0.5,7-36-58-56-8 = 0.333,10-14-38-47-43-10 = 0.75,10-15-12-10 = 0.75,7-60-57-58-44-8 = 0.167,7-16-54-22-9 = 0.333,10-18-51-49-20-10 = 0.5,9-46-48-59-9 = 1.0,10-35-18-12-10 = 0.25,7-60-56-52-22-9 = 0.167,10-18-38-47-20-43-10 = 0.25,10-14-35-20-10 = 0.25,7-28-58-56-8 = 0.167,10-39-37-27-53-21-7 = 1.0,8-34-56-22-9 = 0.333,7-28-57-13-22-9 = 0.167
214,212,777.191,7.226,1.563,0.685,281,282,7-11-7 = 1.0,10-15-10 = 0.238,7-23-7 = 0.476,8-41-8 = 1.0,8-34-60-28-17-7 = 0.476,8-42-26-25-7 = 1.0,8-45-33-19-9 = 0.143,8-58-56-53-7 = 0.19,8-45-33-19-8 = 0.857,9-55-30-9 = 1.0,9-29-24-31-9 = 1.0,9-54-16-37-10 = 0.238,9-13-52-44-8 = 1.0,7-40-50-32-10 = 1.0,7-28-57-58-36-7 = 0.143,7-23-34-17-7 = 0.524,10-35-20-43-10 = 0.155,10-35-51-49-10 = 0.369,7-28-60-36-57-21-7 = 0.19,7-36-58-56-8 = 0.667,7-28-60-57-37-59-9 = 0.048,10-14-38-47-43-10 = 0.845,10-39-15-10 = 0.131,10-39-38-47-20-10 = 0.155,10-15-12-10 = 0.631,7-16-54-22-9 = 0.333,10-18-51-49-20-10 = 0.631,7-60-57-27-53-21-7 = 0.286,9-46-48-59-9 = 0.952,7-28-57-56-8 = 0.143,10-35-18-12-10 = 0.369,10-14-35-20-10 = 0.06,10-39-37-27-53-21-7 = 0.524,10-39-37-57-27-22-9 = 0.19,10-35-14-46-9 = 0.048,10-14-48-22-9 = 0.048,10-16-54-22-9 = 0.429
281,214,777.608,0.0,0.418,0.0,Prune by CG,,7-11-7 = 1.0,10-15-10 = 0.375,8-41-8 = 1.0,8-42-26-25-7 = 1.0,8-45-33-19-9 = 0.4,8-58-56-53-7 = 0.3,8-45-33-19-8 = 0.6,9-55-30-9 = 1.0,9-29-24-31-9 = 1.0,9-54-16-37-10 = 0.025,9-54-16-36-7 = 0.075,9-54-16-60-7 = 0.3,9-13-52-44-8 = 1.0,7-40-50-32-10 = 1.0,7-28-57-58-36-7 = 0.175,7-23-34-17-7 = 1.0,10-35-20-43-10 = 0.125,10-35-51-49-10 = 0.375,7-28-60-36-57-21-7 = 0.3,7-36-58-56-8 = 0.275,7-28-60-57-37-59-9 = 0.1,10-14-38-47-43-10 = 0.875,10-39-38-47-20-10 = 0.125,10-15-12-10 = 0.625,7-16-54-22-9 = 0.45,10-18-51-49-20-10 = 0.625,7-60-57-27-53-21-7 = 0.125,9-46-48-59-9 = 0.9,9-46-48-22-9 = 0.1,7-28-60-36-56-8 = 0.175,10-35-18-12-10 = 0.375,10-14-35-20-10 = 0.125,7-28-58-56-8 = 0.25,10-39-37-27-53-21-7 = 0.575,10-39-37-57-27-22-9 = 0.3,10-16-54-22-9 = 0.15
282,214,778.317,0.0,1.126,0.0,Prune by CG,,7-11-7 = 1.0,10-15-10 = 0.167,7-23-7 = 1.0,8-41-8 = 1.0,8-34-60-28-17-7 = 0.5,8-42-26-25-7 = 1.0,8-45-33-19-8 = 1.0,8-34-17-7 = 0.167,9-55-30-9 = 1.0,9-29-24-31-9 = 1.0,9-13-52-22-9 = 0.167,9-13-52-44-8 = 0.833,7-40-50-32-10 = 1.0,7-34-17-7 = 0.167,7-16-54-37-10 = 0.333,7-28-57-58-36-7 = 0.167,7-28-57-36-17-7 = 0.167,10-35-20-43-10 = 0.125,10-35-51-49-10 = 0.375,7-36-58-56-8 = 0.667,10-14-38-47-43-10 = 0.875,10-39-15-10 = 0.208,10-39-38-47-20-10 = 0.125,10-15-12-10 = 0.625,7-60-57-58-44-8 = 0.167,10-18-51-49-20-10 = 0.625,7-60-57-27-53-21-7 = 0.333,9-46-48-59-9 = 1.0,7-28-57-56-8 = 0.167,10-35-18-12-10 = 0.375,10-14-35-20-10 = 0.125,10-39-37-27-53-21-7 = 0.667,8-34-56-22-9 = 0.167,10-16-54-22-9 = 0.667
158,155,777.0,9.241,1.611,2.081,283,284,10-15-10 = 0.276,8-41-8 = 0.621,8-33-41-8 = 0.19,8-34-60-28-21-7 = 0.138,8-42-26-25-7 = 0.759,8-45-33-19-9 = 0.103,8-45-41-8 = 0.19,8-45-33-19-8 = 0.707,8-34-42-25-7 = 0.241,8-58-52-19-8 = 0.19,9-55-30-9 = 1.0,9-29-24-31-9 = 1.0,9-54-16-21-7 = 0.207,9-54-16-60-7 = 0.241,9-13-52-44-8 = 0.81,7-40-50-32-10 = 1.0,9-13-58-44-8 = 0.052,8-34-26-8 = 0.241,7-23-17-11-7 = 0.621,7-23-11-7 = 0.379,7-28-57-36-17-7 = 0.379,7-28-60-57-27-53-7 = 0.345,10-35-20-43-10 = 0.172,10-35-51-49-10 = 0.345,7-36-58-56-8 = 0.621,7-28-60-57-37-59-9 = 0.138,10-14-38-47-43-10 = 0.724,10-39-15-10 = 0.069,10-39-38-47-20-10 = 0.172,10-39-38-47-43-10 = 0.103,10-15-12-10 = 0.655,7-60-57-58-44-8 = 0.138,7-16-54-22-9 = 0.345,10-18-51-49-20-10 = 0.655,10-16-54-37-10 = 0.138,9-46-48-59-9 = 0.862,10-35-18-12-10 = 0.345,9-54-13-22-9 = 0.069,10-39-37-27-53-21-7 = 0.655,10-35-14-46-9 = 0.138,10-14-48-22-9 = 0.138,10-16-37-13-22-9 = 0.069,8-34-56-22-9 = 0.379
284,158,779.124,0.0,2.124,0.0,Prune by CG,,10-15-10 = 0.167,8-41-8 = 1.0,8-34-60-28-21-7 = 0.333,8-42-26-25-7 = 1.0,8-45-33-19-8 = 1.0,8-34-54-53-7 = 0.333,8-34-28-60-36-7 = 0.333,9-55-30-9 = 1.0,9-29-24-31-9 = 1.0,9-13-52-44-8 = 1.0,7-40-50-32-10 = 1.0,7-23-17-11-7 = 0.667,7-23-11-7 = 0.333,7-16-37-57-17-7 = 0.333,10-35-20-43-10 = 0.125,10-35-51-49-10 = 0.375,7-36-58-56-8 = 0.667,10-14-38-47-43-10 = 0.875,10-39-15-10 = 0.208,10-39-38-47-20-10 = 0.125,10-15-12-10 = 0.625,7-16-54-22-9 = 0.333,10-18-51-49-20-10 = 0.625,7-60-57-27-53-21-7 = 0.333,9-46-48-59-9 = 1.0,10-35-18-12-10 = 0.375,10-14-35-20-10 = 0.125,7-28-58-56-8 = 0.333,10-39-37-27-53-21-7 = 0.333,10-39-37-57-27-22-9 = 0.333,10-16-54-22-9 = 0.333
283,158,777.007,8.125,0.007,-1.116,285,286,8-41-8 = 0.583,8-33-41-8 = 0.25,8-45-19-44-8 = 0.083,8-42-26-25-7 = 0.875,8-45-41-8 = 0.167,8-45-33-19-8 = 0.75,8-58-52-19-8 = 0.167,9-55-30-9 = 1.0,9-29-24-31-9 = 1.0,8-34-58-36-7 = 0.042,9-54-16-21-7 = 0.333,9-48-13-22-9 = 0.167,9-13-52-44-8 = 0.833,7-40-50-32-10 = 1.0,8-34-26-8 = 0.125,7-34-58-36-7 = 0.208,7-23-17-11-7 = 1.0,7-28-60-57-27-53-7 = 0.583,10-35-20-43-10 = 0.167,10-35-51-49-10 = 0.333,7-28-60-36-57-21-7 = 0.25,7-36-58-56-8 = 0.5,7-28-60-57-37-59-9 = 0.167,10-14-38-47-43-10 = 0.833,10-39-15-10 = 0.333,10-39-38-47-20-10 = 0.167,10-15-12-10 = 0.667,10-18-51-49-20-10 = 0.667,10-16-54-37-10 = 0.333,7-34-42-25-7 = 0.125,9-46-48-59-9 = 0.833,10-35-18-12-10 = 0.333,10-39-37-27-53-21-7 = 0.417,10-35-14-46-9 = 0.167,8-34-56-22-9 = 0.5,10-16-54-22-9 = 0.333,10-39-37-58-44-8 = 0.083
285,283,777.322,0.0,0.315,0.0,Prune by CG,,10-15-10 = 0.08,8-41-8 = 1.0,8-42-26-25-7 = 1.0,8-45-33-19-8 = 1.0,9-55-30-9 = 1.0,9-29-24-31-9 = 1.0,9-54-16-21-7 = 0.466,9-13-52-44-8 = 1.0,7-40-50-32-10 = 1.0,7-34-58-36-7 = 0.5,7-23-17-11-7 = 0.682,7-23-11-7 = 0.318,7-28-60-57-27-53-7 = 0.182,7-28-60-57-17-7 = 0.318,10-35-20-43-10 = 0.182,10-35-51-49-10 = 0.364,7-36-58-56-8 = 0.5,7-28-60-57-37-59-9 = 0.216,10-14-38-47-43-10 = 0.818,10-39-15-10 = 0.284,10-39-38-47-20-10 = 0.182,10-15-12-10 = 0.636,10-18-51-49-20-10 = 0.636,7-28-60-57-27-53-9 = 0.284,10-16-54-37-10 = 0.25,9-46-48-59-9 = 0.784,9-46-48-22-9 = 0.125,10-35-18-12-10 = 0.364,10-39-37-27-53-21-7 = 0.534,10-35-14-46-9 = 0.091,10-14-48-22-9 = 0.091,8-34-56-22-9 = 0.5,10-16-54-22-9 = 0.284
286,283,778.018,0.0,1.011,0.0,Prune by CG,,10-15-10 = 0.293,8-33-41-8 = 0.5,8-42-26-25-7 = 0.907,8-45-33-19-9 = 0.093,8-45-41-8 = 0.5,8-58-56-21-7 = 0.093,8-45-33-19-8 = 0.407,8-58-52-19-8 = 0.5,9-55-30-9 = 1.0,9-29-24-31-9 = 1.0,9-54-16-21-7 = 0.04,9-54-16-60-7 = 0.547,9-48-13-22-9 = 0.093,9-13-52-44-8 = 0.5,7-40-50-32-10 = 1.0,9-13-58-44-8 = 0.407,7-23-17-11-7 = 0.453,7-23-11-7 = 0.547,7-28-57-36-17-7 = 0.547,7-16-54-36-7 = 0.267,10-35-20-43-10 = 0.173,10-35-51-49-10 = 0.347,7-28-60-36-57-21-7 = 0.093,7-28-60-57-37-59-9 = 0.133,10-14-38-47-43-10 = 0.827,10-39-15-10 = 0.053,10-39-38-47-20-10 = 0.173,10-15-12-10 = 0.653,7-34-26-8 = 0.093,7-34-56-22-9 = 0.813,7-36-56-44-8 = 0.093,10-18-51-49-20-10 = 0.653,7-28-60-57-27-53-9 = 0.227,10-16-54-37-10 = 0.093,7-34-42-25-7 = 0.093,9-46-48-59-9 = 0.867,10-35-18-12-10 = 0.347,10-39-37-27-53-21-7 = 0.773,10-35-14-46-9 = 0.133,10-14-48-22-9 = 0.04,10-16-54-22-9 = 0.053
266,232,777.121,9.152,0.09,1.873,287,288,8-41-8 = 0.739,8-33-41-8 = 0.13,8-42-26-25-7 = 1.0,8-45-41-8 = 0.13,8-56-52-22-9 = 0.13,8-58-56-21-7 = 0.109,8-45-33-19-8 = 0.87,8-34-17-7 = 0.391,8-58-52-19-8 = 0.13,9-55-30-9 = 0.935,9-55-30-22-9 = 0.065,9-29-24-31-9 = 1.0,9-54-16-37-10 = 0.457,9-48-13-22-9 = 0.261,9-13-52-44-8 = 0.739,7-40-50-32-10 = 1.0,7-34-17-7 = 0.609,7-23-11-7 = 1.0,7-28-60-57-27-53-7 = 0.478,10-35-51-49-10 = 0.5,7-28-60-36-57-21-7 = 0.37,7-36-58-56-8 = 0.63,7-28-60-57-37-59-9 = 0.022,10-14-38-47-43-10 = 0.5,10-39-15-12-10 = 0.478,10-15-12-10 = 0.522,7-60-57-58-44-8 = 0.13,7-16-54-22-9 = 0.109,10-18-51-49-20-10 = 0.5,7-28-56-44-8 = 0.13,9-46-48-59-9 = 0.739,10-18-38-47-20-43-10 = 0.5,10-39-37-27-53-21-7 = 0.522,10-35-14-46-9 = 0.261,10-35-14-59-9 = 0.239,10-16-54-22-9 = 0.435
287,266,780.695,0.0,3.575,0.0,Prune by CG,,8-41-8 = 1.0,8-42-26-25-7 = 1.0,8-58-56-21-7 = 0.25,8-45-33-19-8 = 1.0,8-34-17-7 = 0.5,9-55-30-9 = 1.0,9-29-24-31-9 = 1.0,9-13-52-44-8 = 1.0,7-40-50-32-10 = 1.0,7-34-17-7 = 0.5,7-23-11-7 = 1.0,7-28-60-57-27-53-7 = 0.5,10-35-51-49-10 = 1.0,7-28-60-36-57-21-7 = 0.25,10-18-20-10 = 0.25,7-36-58-56-8 = 0.75,7-28-60-57-37-59-9 = 0.25,10-14-38-47-43-10 = 0.5,10-15-12-10 = 0.5,7-16-54-22-9 = 0.25,10-18-39-15-12-10 = 0.5,10-16-54-37-10 = 0.25,9-46-48-59-9 = 0.75,9-46-48-22-9 = 0.25,10-14-38-20-43-10 = 0.25,10-18-38-47-20-10 = 0.25,10-14-47-20-43-10 = 0.25,10-39-37-27-53-21-7 = 0.5,10-16-54-22-9 = 0.5
288,266,779.062,0.0,1.941,0.0,Prune by CG,,8-41-8 = 1.0,8-42-26-25-7 = 1.0,8-58-56-21-7 = 0.307,8-45-33-19-8 = 1.0,8-34-17-7 = 0.387,9-55-30-9 = 0.822,9-55-30-22-9 = 0.178,9-29-24-31-9 = 1.0,9-54-16-37-10 = 0.534,9-13-52-44-8 = 1.0,7-40-50-32-10 = 1.0,7-34-17-7 = 0.613,7-23-11-7 = 1.0,7-28-60-57-27-53-7 = 0.613,10-35-47-43-10 = 0.368,7-28-60-36-57-21-7 = 0.307,7-36-58-56-8 = 0.693,7-28-60-57-37-59-9 = 0.08,10-14-38-47-43-10 = 0.368,10-39-38-47-20-10 = 0.006,10-39-38-47-43-10 = 0.252,10-15-12-10 = 1.0,7-16-54-22-9 = 0.307,10-18-51-49-20-10 = 0.982,9-46-48-59-9 = 0.644,10-18-38-47-20-43-10 = 0.006,10-51-49-20-43-10 = 0.006,10-18-38-51-49-10 = 0.012,10-39-37-27-53-21-7 = 0.387,10-35-14-46-9 = 0.356,10-35-14-59-9 = 0.276,10-16-54-22-9 = 0.16,10-39-38-48-22-9 = 0.356
167,163,777.886,4.0,2.413,-2.955,Prune by UB,,10-15-10 = 0.25,8-41-8 = 1.0,8-42-26-25-7 = 0.5,8-58-56-22-9 = 1.0,8-45-33-19-8 = 1.0,9-55-30-9 = 1.0,9-29-24-31-9 = 1.0,9-13-52-44-8 = 1.0,7-40-50-32-10 = 1.0,7-23-11-7 = 1.0,7-54-16-28-7 = 1.0,10-35-51-49-10 = 0.5,10-14-38-47-43-10 = 0.75,10-15-12-10 = 0.75,7-34-26-8 = 0.5,10-18-51-49-20-10 = 0.5,7-34-42-25-7 = 0.5,9-46-48-59-9 = 1.0,10-35-18-12-10 = 0.25,10-18-38-47-20-43-10 = 0.25,10-14-35-20-10 = 0.25,10-39-37-27-53-21-7 = 1.0,7-60-57-36-17-7 = 1.0
135,51,777.279,8.929,-1.732,1.429,Prune by UB,,8-33-41-8 = 0.524,8-45-19-44-8 = 0.048,8-42-26-8 = 0.714,8-42-26-25-7 = 0.286,8-45-41-8 = 0.476,8-58-56-22-9 = 0.524,8-45-33-19-8 = 0.476,8-58-52-19-8 = 0.333,8-58-52-19-9 = 0.143,9-55-30-9 = 1.0,9-29-24-31-9 = 1.0,9-54-16-28-7 = 0.571,9-13-52-44-8 = 0.524,7-40-50-32-7 = 0.381,7-40-50-32-10 = 0.619,7-34-36-17-7 = 0.286,7-34-17-25-7 = 0.714,7-23-11-7 = 1.0,7-28-60-36-57-21-7 = 0.429,10-14-38-47-43-10 = 1.0,10-15-12-10 = 0.5,7-36-56-44-8 = 0.286,10-18-51-49-20-10 = 1.0,7-60-57-27-53-21-7 = 0.571,9-46-48-59-9 = 1.0,10-35-39-15-10 = 0.5,9-54-37-27-53-9 = 0.381,9-54-13-22-9 = 0.048,10-35-39-12-10 = 0.5,10-16-37-13-22-9 = 0.429,10-37-56-44-8 = 0.143,10-37-56-27-53-7 = 0.048
162,159,778.181,6.167,2.845,-1.706,Prune by UB,,10-15-10 = 0.333,8-41-8 = 1.0,8-34-60-28-17-7 = 1.0,8-42-26-8 = 1.0,8-45-33-19-9 = 0.167,8-58-56-53-7 = 0.333,8-45-33-19-8 = 0.833,8-58-36-57-21-7 = 0.167,9-55-30-9 = 1.0,9-29-24-31-9 = 1.0,9-54-16-21-7 = 0.333,9-13-52-44-8 = 1.0,9-54-48-22-9 = 0.167,7-40-50-32-10 = 1.0,7-23-11-25-7 = 1.0,7-16-37-57-36-7 = 0.167,10-35-20-43-10 = 0.167,10-35-51-49-10 = 0.333,7-36-58-56-8 = 0.5,10-14-38-47-43-10 = 0.833,10-39-38-47-20-10 = 0.167,10-15-12-10 = 0.667,7-16-54-22-9 = 0.5,7-57-27-53-59-9 = 0.167,7-36-57-56-8 = 0.167,10-18-51-49-20-10 = 0.667,9-46-48-59-9 = 0.833,10-35-18-12-10 = 0.333,10-39-37-27-53-21-7 = 0.5,10-39-37-57-27-22-9 = 0.333,10-35-14-46-9 = 0.167
170,161,777.938,8.278,2.59,0.424,Prune by UB,,10-15-10 = 0.333,8-41-8 = 0.333,8-33-41-8 = 0.361,8-45-19-44-8 = 0.056,8-42-26-8 = 1.0,8-45-41-8 = 0.306,8-56-27-53-7 = 0.056,8-58-56-53-7 = 0.111,8-45-33-19-8 = 0.639,8-34-17-25-7 = 0.667,8-58-52-19-8 = 0.083,8-58-52-19-9 = 0.222,9-55-30-9 = 1.0,9-29-24-31-9 = 1.0,9-54-16-21-7 = 0.167,9-54-16-36-7 = 0.222,9-48-13-22-9 = 0.167,9-13-52-44-8 = 0.694,9-54-56-22-9 = 0.056,9-54-27-44-8 = 0.111,7-40-50-32-10 = 1.0,9-13-58-44-8 = 0.139,7-23-11-7 = 1.0,7-28-60-57-36-25-7 = 0.333,7-28-60-57-17-7 = 0.333,10-35-20-43-10 = 0.167,10-35-51-49-10 = 0.333,7-36-58-56-8 = 0.444,7-28-60-57-37-59-9 = 0.167,10-14-38-47-43-10 = 0.833,10-39-38-47-20-10 = 0.167,10-15-12-10 = 0.667,7-16-54-22-9 = 0.444,10-18-51-49-20-10 = 0.667,9-46-48-59-9 = 0.833,10-35-18-12-10 = 0.333,10-39-37-27-53-21-7 = 0.833,10-35-14-46-9 = 0.167,8-34-56-22-9 = 0.333,7-16-28-60-57-7 = 0.167
78,75,778.873,6.125,1.383,0.489,Prune by UB,,10-15-10 = 1.0,9-29-9 = 0.25,8-33-41-8 = 1.0,8-45-19-8 = 0.5,8-45-19-44-8 = 0.5,8-42-26-8 = 1.0,8-58-56-22-9 = 0.25,8-34-17-25-7 = 1.0,9-46-24-31-9 = 1.0,9-55-30-9 = 1.0,9-29-13-52-22-9 = 0.5,9-54-16-21-7 = 1.0,9-48-37-57-7 = 0.25,9-13-52-44-8 = 0.5,7-40-50-32-10 = 1.0,7-23-11-7 = 1.0,7-28-60-57-27-53-7 = 0.25,10-35-38-47-43-10 = 1.0,7-36-58-56-8 = 0.75,10-39-12-10 = 0.75,10-12-49-20-10 = 0.125,10-18-51-20-10 = 0.125,10-18-51-49-20-10 = 0.75,10-18-51-49-12-10 = 0.125,7-28-60-57-53-59-9 = 0.25,7-28-60-27-53-59-9 = 0.5,10-14-48-37-10 = 0.25,10-14-48-29-9 = 0.25,10-14-48-22-9 = 0.25,10-39-37-27-59-9 = 0.25,10-14-37-57-36-7 = 0.25
106,97,779.204,1.5,0.973,-1.9,Prune by UB,,10-15-10 = 1.0,9-29-9 = 1.0,8-33-41-8 = 1.0,8-45-19-8 = 1.0,8-42-26-25-7 = 1.0,8-34-17-7 = 1.0,9-46-24-31-9 = 1.0,9-55-30-9 = 1.0,9-54-16-21-7 = 1.0,9-13-52-44-8 = 1.0,7-40-50-32-10 = 1.0,7-23-11-7 = 1.0,10-35-38-47-43-10 = 1.0,7-36-58-56-8 = 1.0,7-28-60-57-37-59-9 = 0.5,10-39-12-10 = 1.0,7-57-27-53-59-9 = 0.5,10-18-51-49-20-10 = 1.0,10-14-48-22-9 = 1.0,7-28-60-37-27-53-7 = 0.5
44,41,778.802,3.182,0.136,1.182,Prune by UB,,9-29-9 = 0.818,8-41-8 = 1.0,8-42-26-8 = 1.0,8-45-33-19-9 = 0.636,8-45-33-19-8 = 0.364,8-34-17-25-7 = 1.0,8-58-27-53-59-9 = 0.182,9-46-24-31-9 = 1.0,9-55-30-9 = 1.0,9-29-13-52-22-9 = 0.182,9-54-16-21-7 = 1.0,9-48-37-27-53-9 = 0.182,9-13-52-44-8 = 0.818,7-40-50-32-7 = 1.0,7-23-11-7 = 1.0,7-28-60-57-27-53-7 = 0.091,10-35-38-47-43-10 = 1.0,9-14-48-22-9 = 0.818,7-36-58-56-8 = 0.818,7-28-60-57-37-59-9 = 0.636,10-39-15-12-10 = 1.0,7-57-27-53-59-9 = 0.091,7-36-56-44-8 = 0.182,10-18-51-49-20-10 = 1.0,7-28-60-57-27-53-9 = 0.182,7-28-60-27-53-59-9 = 0.091,10-14-37-27-53-10 = 0.182
113,90,778.775,4.5,0.059,1.667,Prune by UB,,10-15-10 = 1.0,8-33-41-8 = 1.0,8-42-26-8 = 1.0,8-56-27-21-7 = 0.5,8-34-17-25-7 = 1.0,8-58-27-53-59-9 = 0.5,9-46-24-31-9 = 1.0,9-55-45-19-9 = 0.5,9-29-30-9 = 1.0,9-54-16-36-7 = 0.5,9-13-52-44-8 = 1.0,7-40-50-32-10 = 1.0,7-23-11-7 = 1.0,7-16-54-53-7 = 0.5,7-28-60-57-37-21-7 = 0.5,10-35-38-47-43-10 = 1.0,7-36-58-56-8 = 0.5,7-28-60-57-37-59-9 = 0.5,10-39-12-10 = 1.0,10-18-51-49-20-10 = 1.0,9-55-45-19-8 = 0.5,10-14-48-22-9 = 1.0
124,108,779.017,4.8,0.442,0.05,Prune by UB,,10-15-10 = 1.0,9-29-9 = 0.2,8-33-41-8 = 1.0,8-45-19-44-8 = 0.2,8-42-26-8 = 1.0,8-58-56-21-7 = 0.6,8-34-17-25-7 = 0.8,8-34-36-17-7 = 0.2,9-46-24-31-9 = 1.0,9-55-30-9 = 0.2,9-29-30-9 = 0.8,9-54-16-37-10 = 0.1,9-13-52-44-8 = 0.8,9-54-37-53-59-9 = 0.1,7-40-50-32-10 = 1.0,7-23-11-7 = 0.8,7-23-11-25-7 = 0.2,7-36-58-56-7 = 0.4,7-28-60-57-27-53-7 = 0.3,10-35-38-47-43-10 = 1.0,7-28-60-36-57-21-7 = 0.4,10-39-12-10 = 1.0,7-57-27-53-59-9 = 0.3,10-18-51-49-20-10 = 1.0,7-28-60-27-53-59-9 = 0.3,10-16-54-37-10 = 0.8,9-55-45-19-8 = 0.8,10-14-48-22-9 = 1.0,9-13-52-59-9 = 0.2,10-16-27-59-9 = 0.1
70,62,778.572,9.907,1.599,3.282,Prune by UB,,10-15-10 = 1.0,9-29-9 = 0.296,8-33-41-8 = 1.0,8-45-19-44-8 = 0.407,8-42-26-8 = 0.5,8-42-26-25-7 = 0.5,8-45-55-30-9 = 0.296,8-56-27-59-9 = 0.444,8-58-57-37-59-9 = 0.037,8-58-52-19-8 = 0.296,8-58-27-53-59-9 = 0.074,8-52-56-21-7 = 0.093,9-46-24-31-9 = 1.0,9-55-30-9 = 0.407,9-29-30-9 = 0.296,9-54-16-37-10 = 0.481,9-54-16-36-7 = 0.519,9-13-52-44-8 = 0.593,7-40-50-32-10 = 1.0,7-34-17-25-7 = 0.5,7-34-58-17-7 = 0.5,7-23-11-7 = 1.0,10-35-38-47-43-10 = 1.0,7-28-60-36-57-21-7 = 0.426,10-39-12-10 = 0.519,10-12-49-20-10 = 0.241,7-36-56-52-8 = 0.019,10-18-51-20-10 = 0.241,10-18-51-49-20-10 = 0.519,10-18-51-49-12-10 = 0.241,7-28-60-57-53-59-9 = 0.444,7-28-60-36-56-8 = 0.037,9-55-45-19-8 = 0.296,9-29-13-56-8 = 0.407,7-28-60-57-58-8 = 0.093,10-39-37-27-53-21-7 = 0.481,10-14-48-22-9 = 1.0
134,132,779.059,5.444,0.114,0.111,Prune by UB,,10-15-10 = 1.0,9-29-9 = 1.0,8-33-41-8 = 1.0,8-45-19-8 = 1.0,8-42-26-8 = 1.0,8-58-56-21-7 = 0.556,8-34-17-25-7 = 0.444,8-34-36-17-7 = 0.444,9-46-24-31-9 = 1.0,9-55-30-9 = 1.0,9-54-16-37-10 = 0.222,9-54-16-28-7 = 0.778,9-13-52-44-8 = 1.0,7-40-50-32-10 = 1.0,7-34-36-17-7 = 0.111,7-23-11-7 = 0.444,7-23-11-25-7 = 0.556,10-35-38-47-43-10 = 1.0,7-36-58-56-8 = 0.444,10-39-12-10 = 0.778,10-12-49-20-10 = 0.111,10-18-51-20-10 = 0.111,10-18-51-49-20-10 = 0.778,10-18-51-49-12-10 = 0.111,7-60-57-27-53-21-7 = 0.333,7-60-57-37-53-59-9 = 0.444,10-14-48-22-9 = 1.0,7-60-57-27-59-9 = 0.111,7-60-57-37-27-21-7 = 0.111,10-39-37-27-59-9 = 0.222,7-28-27-53-59-9 = 0.222
100,98,778.98,3.094,0.715,0.927,Prune by UB,,7-11-7 = 1.0,10-15-10 = 1.0,7-23-7 = 0.031,9-29-9 = 1.0,8-33-41-8 = 1.0,8-45-19-8 = 1.0,8-42-26-25-7 = 1.0,8-58-56-53-7 = 0.25,8-52-27-53-59-9 = 0.344,8-34-36-17-7 = 0.031,9-46-24-31-9 = 1.0,9-55-30-9 = 1.0,9-13-27-53-21-7 = 0.219,9-54-16-21-7 = 0.781,9-54-16-36-7 = 0.219,9-13-52-44-8 = 0.656,7-40-50-32-10 = 1.0,9-13-58-44-8 = 0.125,7-28-60-57-37-27-7 = 0.25,7-23-34-17-7 = 0.969,10-35-38-47-43-10 = 1.0,7-36-58-56-8 = 0.625,7-28-60-57-37-59-9 = 0.656,10-39-12-10 = 1.0,7-57-27-53-44-8 = 0.094,7-36-56-44-8 = 0.125,10-18-51-49-20-10 = 1.0,10-14-48-22-9 = 1.0,7-28-60-37-27-53-7 = 0.094
122,94,779.199,5.6,0.478,-0.4,Prune by UB,,10-15-10 = 1.0,9-29-9 = 1.0,8-33-41-8 = 1.0,8-45-19-8 = 0.7,8-45-19-9 = 0.3,8-42-26-8 = 1.0,8-56-27-59-9 = 0.1,8-58-56-22-9 = 0.3,8-58-57-37-59-9 = 0.4,8-34-17-7 = 0.4,8-34-36-17-7 = 0.1,9-46-24-31-9 = 1.0,9-55-30-9 = 1.0,9-54-16-21-7 = 1.0,9-48-37-27-53-7 = 0.3,9-13-52-44-8 = 1.0,7-40-50-32-10 = 1.0,7-11-25-7 = 0.5,7-23-11-25-7 = 0.5,7-28-60-57-27-53-7 = 0.2,7-23-34-17-7 = 0.5,10-35-38-47-43-10 = 1.0,7-36-58-56-8 = 0.3,10-39-12-10 = 1.0,10-18-51-49-20-10 = 1.0,7-28-60-57-53-59-9 = 0.1,7-28-60-27-53-59-9 = 0.4,7-28-60-36-56-8 = 0.3,10-14-48-22-9 = 0.7,10-14-37-57-36-7 = 0.3
169,161,778.728,11.05,3.381,3.197,Prune by UB,,10-15-10 = 0.3,8-41-8 = 0.25,8-33-41-8 = 0.375,8-42-26-8 = 1.0,8-45-41-8 = 0.375,8-58-56-21-7 = 0.375,8-45-33-19-8 = 0.625,8-34-17-25-7 = 0.5,8-34-36-17-7 = 0.375,8-58-52-19-8 = 0.375,9-55-30-9 = 1.0,9-29-24-31-9 = 1.0,9-54-16-21-7 = 0.5,9-13-52-44-8 = 0.625,9-54-37-53-21-7 = 0.125,9-54-37-53-59-9 = 0.25,7-40-50-32-10 = 1.0,7-34-36-17-7 = 0.125,7-23-11-7 = 0.5,7-23-11-25-7 = 0.5,7-28-60-57-27-53-7 = 0.625,10-35-20-43-10 = 0.15,10-35-51-49-10 = 0.3,7-36-58-56-8 = 0.25,10-14-38-47-43-10 = 0.5,10-39-15-12-10 = 0.5,10-39-38-47-20-10 = 0.15,10-39-38-47-43-10 = 0.35,10-15-12-10 = 0.2,7-36-56-44-8 = 0.25,10-18-51-49-20-10 = 0.7,7-28-60-57-27-22-9 = 0.375,10-16-54-37-10 = 0.125,9-46-48-59-9 = 0.75,10-35-18-12-10 = 0.3,10-35-14-46-9 = 0.25,10-14-48-22-9 = 0.25,10-16-37-13-22-9 = 0.375,10-37-56-44-8 = 0.125
72,69,779.108,6.3,1.97,0.55,Prune by UB,,10-15-10 = 1.0,9-29-9 = 0.8,8-33-41-8 = 1.0,8-34-60-28-21-7 = 0.6,8-45-19-8 = 0.8,8-45-19-44-8 = 0.2,8-42-26-8 = 0.4,8-42-26-25-7 = 0.6,8-58-56-21-7 = 0.2,8-34-17-25-7 = 0.2,9-46-24-31-9 = 1.0,9-55-30-9 = 1.0,9-29-13-52-22-9 = 0.2,9-54-16-36-7 = 0.2,9-54-27-59-9 = 0.6,9-48-37-27-53-7 = 0.2,9-13-52-44-8 = 0.8,7-40-50-32-10 = 1.0,7-34-17-25-7 = 0.2,7-23-11-7 = 1.0,7-16-54-53-7 = 0.2,7-16-37-57-17-7 = 0.6,10-35-38-47-43-10 = 1.0,7-36-58-56-8 = 0.8,10-14-39-12-10 = 0.2,10-39-12-10 = 0.6,10-12-49-20-10 = 0.1,10-18-51-20-10 = 0.1,10-18-51-49-20-10 = 0.8,10-18-51-49-12-10 = 0.1,7-28-60-57-53-59-9 = 0.4,10-39-37-27-53-21-7 = 0.2,10-14-48-22-9 = 0.8
133,132,779.227,5.65,0.282,0.317,Prune by UB,,7-11-7 = 0.5,10-15-10 = 1.0,9-29-9 = 1.0,8-33-41-8 = 1.0,8-45-19-8 = 1.0,8-42-26-25-7 = 1.0,8-58-56-21-7 = 0.5,9-46-24-31-9 = 1.0,9-55-30-9 = 1.0,9-54-16-21-7 = 0.05,9-54-16-37-10 = 0.2,9-54-16-28-7 = 0.75,9-13-52-44-8 = 1.0,7-40-50-32-10 = 1.0,7-34-36-17-7 = 0.5,7-23-11-7 = 0.5,7-23-34-17-7 = 0.5,10-35-38-47-43-10 = 1.0,7-36-58-56-8 = 0.5,10-39-12-10 = 0.8,10-12-49-20-10 = 0.1,10-18-51-20-10 = 0.1,10-18-51-49-20-10 = 0.8,10-18-51-49-12-10 = 0.1,7-60-57-27-53-21-7 = 0.3,7-60-57-37-53-59-9 = 0.45,10-14-48-22-9 = 1.0,7-60-57-27-59-9 = 0.1,7-60-57-37-27-21-7 = 0.15,10-39-37-27-59-9 = 0.2,7-28-27-53-59-9 = 0.25
111,109,779.474,2.2,1.179,-1.175,Prune by UB,,10-15-10 = 1.0,9-29-9 = 0.8,8-33-41-8 = 1.0,8-45-19-44-8 = 1.0,8-42-26-8 = 1.0,8-34-17-25-7 = 1.0,9-46-24-31-9 = 1.0,9-55-30-9 = 1.0,9-29-13-52-22-9 = 0.2,9-54-16-28-7 = 1.0,9-48-37-53-21-7 = 0.2,7-40-50-32-10 = 1.0,7-23-11-7 = 1.0,10-35-38-47-43-10 = 1.0,7-36-58-56-8 = 1.0,10-39-12-10 = 1.0,10-18-51-49-20-10 = 1.0,7-60-57-27-53-21-7 = 0.4,7-60-57-37-27-53-9 = 0.2,10-14-48-22-9 = 0.8,9-13-52-59-9 = 0.8,7-60-57-37-27-21-7 = 0.4,10-14-37-53-59-9 = 0.2
48,37,779.462,6.333,0.439,-0.833,Prune by UB,,9-29-9 = 1.0,8-33-41-8 = 1.0,8-45-19-44-8 = 0.333,8-42-26-8 = 1.0,8-45-52-19-8 = 0.667,8-58-56-22-9 = 0.333,8-34-17-25-7 = 0.333,8-58-27-53-59-9 = 0.333,9-46-24-31-9 = 1.0,9-55-30-9 = 1.0,9-54-16-21-7 = 0.667,9-54-16-28-7 = 0.333,9-48-37-27-53-9 = 0.333,9-48-13-22-9 = 0.667,9-13-52-44-8 = 0.333,7-34-36-17-7 = 0.333,7-23-11-7 = 0.667,7-23-34-17-7 = 0.333,7-36-58-56-8 = 0.333,7-28-60-57-37-59-9 = 0.667,10-14-38-47-43-10 = 1.0,10-15-50-32-10 = 1.0,7-40-25-7 = 0.667,7-40-11-7 = 0.333,7-36-56-44-8 = 0.333,10-18-51-49-20-10 = 1.0,7-60-57-27-53-21-7 = 0.333,10-35-39-12-10 = 1.0
45,24,779.585,5.333,0.792,-1.0,Prune by UB,,9-29-9 = 1.0,8-33-41-8 = 1.0,8-42-26-8 = 1.0,8-45-52-19-8 = 1.0,8-58-56-22-9 = 0.333,8-34-36-17-7 = 0.333,8-58-27-53-59-9 = 0.333,9-46-24-31-9 = 1.0,9-55-30-9 = 1.0,9-54-16-21-7 = 0.667,9-54-16-28-7 = 0.333,9-48-37-27-53-9 = 0.333,9-48-13-22-9 = 0.667,9-13-58-44-8 = 0.333,7-34-17-25-7 = 0.333,7-23-11-7 = 0.667,7-23-34-17-7 = 0.333,10-35-38-47-43-10 = 1.0,7-28-60-57-37-59-9 = 0.667,10-14-39-12-10 = 1.0,10-15-50-32-10 = 1.0,7-40-25-7 = 0.667,7-40-11-7 = 0.333,7-36-56-44-8 = 0.667,10-18-51-49-20-10 = 1.0,7-60-57-27-53-21-7 = 0.333
120,81,779.279,3.5,0.603,1.0,Prune by UB,,10-15-10 = 1.0,9-29-9 = 1.0,8-33-41-8 = 1.0,8-45-19-8 = 1.0,8-42-26-8 = 1.0,8-58-56-21-7 = 0.5,8-34-17-25-7 = 1.0,9-46-24-31-9 = 1.0,9-55-30-9 = 1.0,9-54-16-21-7 = 0.5,9-54-16-36-7 = 0.5,9-13-52-44-8 = 1.0,7-40-50-32-10 = 1.0,7-23-11-7 = 1.0,10-35-38-47-43-10 = 1.0,7-36-58-56-8 = 0.5,7-28-60-57-37-59-9 = 0.5,10-39-12-10 = 1.0,7-57-27-53-59-9 = 0.5,10-18-51-49-20-10 = 1.0,10-14-48-22-9 = 1.0,7-28-60-37-27-53-7 = 0.5
23,21,779.884,4.45,1.571,-2.1,Prune by UB,,9-29-9 = 1.0,8-33-41-8 = 1.0,8-45-19-44-8 = 0.5,8-42-26-8 = 1.0,8-45-52-19-9 = 0.5,8-34-17-25-7 = 1.0,9-46-24-31-9 = 1.0,9-55-30-9 = 1.0,9-54-16-21-7 = 0.8,9-54-16-28-7 = 0.2,9-48-13-22-9 = 0.5,9-13-52-44-8 = 0.5,7-40-50-32-7 = 1.0,7-23-11-7 = 1.0,10-35-38-47-43-10 = 0.95,10-35-14-38-10 = 0.05,9-14-48-22-9 = 0.5,7-36-58-56-8 = 1.0,7-28-60-57-37-59-9 = 0.6,10-14-47-43-10 = 0.05,10-39-15-12-10 = 1.0,7-57-27-53-59-9 = 0.2,10-18-51-49-20-10 = 1.0,7-60-57-27-53-21-7 = 0.2,7-28-60-27-53-59-9 = 0.2,10-14-37-27-53-10 = 0.4
31,26,779.286,5.6,0.59,0.957,Prune by UB,,9-29-9 = 1.0,8-41-8 = 1.0,8-42-26-8 = 0.4,8-42-26-25-7 = 0.6,8-45-33-19-9 = 0.2,8-58-56-21-7 = 0.1,8-58-56-22-9 = 0.3,8-45-33-19-8 = 0.8,8-34-36-17-7 = 0.4,9-48-59-9 = 0.2,9-46-24-31-9 = 1.0,9-55-30-9 = 1.0,9-54-16-28-7 = 0.2,9-48-37-27-53-7 = 0.1,9-13-52-44-8 = 1.0,9-54-48-22-9 = 0.7,7-23-11-7 = 0.4,7-16-27-53-21-7 = 0.7,7-23-34-17-7 = 0.6,10-35-38-47-43-10 = 1.0,7-36-58-56-8 = 0.6,7-28-60-57-37-59-9 = 0.8,10-14-39-12-10 = 1.0,10-15-50-32-10 = 1.0,7-40-25-7 = 0.4,7-40-11-7 = 0.6,10-18-51-49-20-10 = 1.0,7-60-57-27-53-21-7 = 0.2,10-16-54-37-10 = 0.1
30,19,779.125,5.8,0.549,1.55,Prune by UB,,8-41-8 = 1.0,8-42-26-8 = 1.0,8-58-56-22-9 = 1.0,8-45-33-19-8 = 1.0,9-55-30-9 = 1.0,9-29-24-31-9 = 1.0,9-54-16-28-7 = 0.333,9-13-52-44-8 = 1.0,7-40-50-32-7 = 1.0,7-34-36-17-7 = 0.667,7-34-17-25-7 = 0.333,7-23-11-7 = 0.333,7-23-11-25-7 = 0.667,10-35-38-47-43-10 = 0.733,10-35-14-38-10 = 0.267,7-28-60-36-57-21-7 = 0.333,10-14-39-15-10 = 0.467,10-39-12-10 = 0.2,10-15-12-10 = 0.533,10-18-51-49-20-10 = 0.733,10-18-51-49-12-10 = 0.267,7-28-60-57-27-53-9 = 0.333,7-60-57-27-53-21-7 = 0.333,10-16-54-37-10 = 0.667,10-39-37-27-53-21-10 = 0.333,9-46-48-59-9 = 1.0,10-14-47-20-43-10 = 0.267
8,6,779.306,7.161,0.266,1.065,Prune by UB,,9-29-9 = 1.0,8-41-8 = 1.0,8-42-26-8 = 0.018,8-42-26-25-7 = 0.982,8-45-33-19-9 = 0.196,8-56-52-22-9 = 0.071,8-58-56-22-9 = 0.196,8-45-33-19-8 = 0.804,8-34-17-25-7 = 0.018,8-34-36-17-7 = 0.268,9-48-59-9 = 0.17,9-46-24-31-9 = 1.0,9-55-30-9 = 1.0,9-54-16-21-7 = 0.027,9-54-16-28-7 = 0.241,9-48-37-27-53-7 = 0.027,9-48-37-53-59-9 = 0.071,9-48-13-22-9 = 0.071,9-13-52-44-8 = 0.929,9-54-48-22-9 = 0.661,7-40-50-32-7 = 0.143,7-40-50-32-10 = 0.143,7-23-11-7 = 0.286,7-16-54-53-7 = 0.071,7-16-27-53-21-7 = 0.661,7-23-34-17-7 = 0.714,10-35-51-20-43-10 = 0.286,10-35-14-39-10 = 0.286,10-18-39-37-27-21-7 = 0.143,7-36-58-56-8 = 0.732,7-28-60-57-37-59-9 = 0.759,10-14-38-47-43-10 = 0.714,10-39-38-47-20-10 = 0.286,10-12-49-20-10 = 0.286,7-60-57-58-44-8 = 0.071,10-15-50-32-10 = 0.714,7-40-11-7 = 0.714,10-18-51-49-20-10 = 0.143,10-18-51-49-12-10 = 0.571,7-60-57-27-53-21-7 = 0.17,10-35-39-15-10 = 0.286,10-35-18-12-10 = 0.143
116,104,779.529,4.136,1.028,0.136,Prune by UB,,7-11-7 = 0.727,10-15-10 = 1.0,9-29-9 = 1.0,8-33-41-8 = 1.0,8-45-19-8 = 1.0,8-42-26-25-7 = 1.0,8-56-27-59-9 = 0.091,8-58-57-37-59-9 = 0.455,8-34-17-7 = 0.273,9-46-24-31-9 = 1.0,9-55-30-9 = 1.0,9-54-16-21-7 = 0.818,9-13-52-44-8 = 1.0,9-54-37-53-21-7 = 0.182,7-40-50-32-10 = 1.0,7-23-11-7 = 0.273,7-16-37-57-36-7 = 0.182,7-28-60-57-27-53-7 = 0.182,7-28-60-57-27-53-10 = 0.182,7-23-34-17-7 = 0.727,10-35-38-47-43-10 = 1.0,7-36-58-56-8 = 0.545,10-39-12-10 = 0.909,10-12-49-20-10 = 0.045,10-18-51-20-10 = 0.045,10-18-51-49-20-10 = 0.909,10-18-51-49-12-10 = 0.045,7-28-60-27-53-59-9 = 0.364,7-28-60-36-56-8 = 0.273,10-14-48-22-9 = 1.0,10-39-37-27-59-9 = 0.091,10-37-56-27-53-7 = 0.091
54,50,779.125,7.875,0.08,2.142,Prune by UB,,8-41-8 = 1.0,8-42-26-8 = 1.0,8-45-33-19-9 = 0.167,8-58-56-22-9 = 0.667,8-45-33-19-8 = 0.833,8-34-17-25-7 = 0.5,9-55-30-9 = 1.0,9-29-24-31-9 = 1.0,9-54-16-36-7 = 0.167,9-13-52-44-8 = 1.0,7-23-11-7 = 0.5,7-16-54-53-7 = 0.333,7-16-54-37-10 = 0.5,7-28-60-57-27-53-7 = 0.167,7-23-34-17-7 = 0.5,10-35-51-20-10 = 0.625,10-35-51-20-43-10 = 0.125,10-35-51-49-10 = 0.125,10-35-14-39-10 = 0.125,7-28-60-36-57-21-7 = 0.5,10-18-49-20-10 = 0.125,10-18-49-12-10 = 0.625,7-36-58-56-8 = 0.333,10-51-49-12-10 = 0.125,10-14-38-47-43-10 = 0.875,10-39-38-47-20-10 = 0.125,10-15-50-32-10 = 1.0,7-40-25-7 = 0.5,7-40-11-7 = 0.5,7-28-60-57-27-22-9 = 0.333,9-46-48-59-9 = 1.0,10-39-37-27-53-21-7 = 0.5,10-39-18-12-10 = 0.25
121,94,779.594,6.0,0.873,-0.0,Prune by UB,,10-15-10 = 1.0,8-33-41-8 = 1.0,8-45-19-44-8 = 1.0,8-42-26-8 = 1.0,8-58-57-37-59-9 = 0.4,8-34-17-7 = 0.5,9-46-24-31-9 = 1.0,9-55-30-9 = 1.0,9-29-13-52-22-9 = 0.6,9-54-16-21-7 = 1.0,9-48-37-27-53-7 = 0.3,7-40-50-32-10 = 1.0,8-34-58-17-7 = 0.1,7-11-25-7 = 0.4,7-23-11-25-7 = 0.6,7-28-60-57-27-53-7 = 0.4,7-23-34-17-7 = 0.4,10-35-38-47-43-10 = 1.0,7-36-58-56-8 = 0.5,10-14-39-12-10 = 0.1,10-39-12-10 = 0.9,10-18-51-49-20-10 = 1.0,7-28-60-27-53-59-9 = 0.3,7-28-60-36-56-8 = 0.3,9-29-13-56-8 = 0.1,10-14-48-29-9 = 0.3,10-14-48-22-9 = 0.4,9-13-52-59-9 = 0.3,10-14-37-57-36-7 = 0.2,10-37-56-52-8 = 0.1
67,65,779.416,5.0,2.388,1.556,Prune by UB,,10-15-10 = 1.0,9-29-9 = 0.333,8-33-41-8 = 1.0,8-45-19-44-8 = 1.0,8-42-26-8 = 1.0,8-58-56-53-7 = 0.333,8-34-17-25-7 = 0.667,9-46-24-31-9 = 1.0,9-55-30-9 = 1.0,9-29-13-52-22-9 = 0.333,9-13-27-53-21-7 = 0.333,9-54-16-21-7 = 0.667,9-54-16-36-7 = 0.333,7-40-50-32-10 = 1.0,7-34-17-25-7 = 0.333,7-23-11-7 = 1.0,7-28-60-57-37-27-7 = 0.333,10-35-38-47-43-10 = 1.0,7-36-58-56-8 = 0.667,7-28-60-57-37-59-9 = 0.667,10-39-12-10 = 1.0,10-18-51-49-20-10 = 1.0,9-13-52-8 = 0.333,10-14-48-29-9 = 0.333,10-14-48-22-9 = 0.667,9-52-27-53-59-9 = 0.333
28,25,779.272,6.833,1.058,2.0,Prune by UB,,9-29-9 = 0.667,8-41-8 = 1.0,8-42-26-8 = 1.0,8-45-33-19-9 = 0.833,8-45-33-19-8 = 0.167,8-34-17-25-7 = 0.5,8-58-27-53-59-9 = 0.333,9-46-24-31-9 = 1.0,9-55-30-9 = 1.0,9-29-13-52-22-9 = 0.333,9-54-16-21-7 = 1.0,9-48-37-27-53-7 = 0.167,9-48-37-27-53-9 = 0.167,9-13-52-44-8 = 0.667,7-23-11-7 = 0.5,7-28-60-57-27-53-7 = 0.333,7-23-34-17-7 = 0.5,10-35-38-47-43-10 = 1.0,9-14-48-22-9 = 0.667,7-36-58-56-8 = 0.667,7-28-60-57-37-59-9 = 0.667,10-14-39-12-10 = 0.333,10-39-12-10 = 0.667,10-15-50-32-10 = 1.0,7-40-25-7 = 0.5,7-40-11-7 = 0.5,7-36-56-44-8 = 0.333,10-18-51-49-20-10 = 1.0
101,96,779.942,4.557,1.829,-2.08,Prune by UB,,10-15-10 = 1.0,9-29-9 = 0.091,8-33-41-8 = 1.0,8-45-19-8 = 0.705,8-45-19-44-8 = 0.295,8-42-26-25-7 = 1.0,8-56-52-22-9 = 0.205,8-58-56-53-10 = 0.045,8-58-57-37-59-9 = 0.159,8-58-57-27-53-10 = 0.045,9-46-24-31-9 = 1.0,9-55-30-9 = 1.0,9-29-13-52-22-9 = 0.091,9-54-16-21-7 = 0.932,9-48-13-22-9 = 0.205,9-13-52-44-8 = 0.705,9-54-37-53-21-7 = 0.068,7-40-50-32-10 = 1.0,7-23-11-7 = 1.0,7-34-60-28-17-7 = 1.0,7-16-37-57-36-7 = 0.068,10-35-38-47-43-10 = 1.0,7-36-58-56-8 = 0.75,10-14-39-12-10 = 0.023,10-39-12-10 = 0.864,10-12-49-20-10 = 0.057,7-57-27-53-59-9 = 0.432,10-18-51-20-10 = 0.057,10-18-51-49-20-10 = 0.886,10-18-51-49-12-10 = 0.057,9-29-37-27-53-59-9 = 0.409,10-39-37-57-27-22-9 = 0.114,10-14-48-29-9 = 0.409,10-14-48-22-9 = 0.386,10-14-37-57-36-7 = 0.182
55,46,778.496,8.925,-1.186,6.925,Prune by UB,,10-15-10 = 0.7,9-29-9 = 0.6,8-33-41-8 = 1.0,8-45-19-44-8 = 0.7,8-42-26-8 = 1.0,8-45-55-30-9 = 0.3,8-34-17-25-7 = 0.6,8-58-52-19-8 = 0.2,8-58-52-19-9 = 0.1,9-48-59-9 = 1.0,9-46-24-31-9 = 1.0,9-55-30-9 = 0.7,9-29-13-52-22-9 = 0.4,9-54-16-28-7 = 0.8,9-13-52-44-8 = 0.3,7-40-50-32-10 = 0.7,7-34-17-25-7 = 0.25,7-23-11-7 = 0.85,7-23-34-17-7 = 0.15,7-16-54-36-7 = 0.2,10-35-38-47-43-10 = 0.65,10-35-14-38-10 = 0.35,7-28-60-36-57-21-7 = 0.1,7-36-58-56-8 = 0.7,10-14-39-12-10 = 0.3,10-12-49-20-10 = 0.175,10-15-50-32-10 = 0.3,7-40-25-7 = 0.15,7-40-11-7 = 0.15,10-18-51-20-10 = 0.175,10-18-51-49-20-10 = 0.3,10-18-51-49-12-10 = 0.525,7-28-60-57-27-53-9 = 0.1,7-60-57-27-53-21-7 = 0.2,10-14-47-20-43-10 = 0.35,7-60-57-37-13-22-9 = 0.3,10-39-37-27-53-21-7 = 0.7,7-60-57-56-22-9 = 0.3
33,29,780.005,2.0,1.166,-0.625,Prune by UB,,8-41-8 = 1.0,8-42-26-8 = 1.0,8-58-56-21-7 = 0.2,8-58-56-22-9 = 0.8,8-45-33-19-8 = 1.0,9-55-30-9 = 1.0,9-29-24-31-9 = 1.0,9-54-16-28-7 = 0.2,9-13-52-44-8 = 1.0,7-34-36-17-7 = 1.0,7-23-11-7 = 1.0,10-35-38-47-43-10 = 1.0,10-14-39-12-10 = 1.0,10-15-50-32-10 = 1.0,7-40-25-7 = 1.0,10-18-51-49-20-10 = 1.0,7-28-60-57-27-53-9 = 0.2,7-28-60-57-27-22-9 = 0.2,7-60-57-27-53-21-7 = 0.4,10-16-54-37-10 = 0.8,9-46-48-59-9 = 1.0,7-28-57-37-53-21-7 = 0.2,7-28-60-27-53-21-7 = 0.2
103,102,779.932,4.809,1.543,0.309,Prune by UB,,7-11-7 = 0.971,10-15-10 = 1.0,8-33-41-8 = 1.0,8-45-19-44-8 = 1.0,8-42-26-25-7 = 1.0,8-58-57-37-59-9 = 0.397,9-46-24-31-9 = 1.0,9-55-30-9 = 1.0,9-29-13-52-22-9 = 0.221,8-34-58-36-7 = 0.029,9-54-16-21-7 = 0.941,9-48-13-22-9 = 0.353,9-54-60-28-21-7 = 0.059,7-40-50-32-10 = 1.0,7-23-11-7 = 0.029,9-48-60-28-17-7 = 0.029,7-16-37-57-36-7 = 0.059,7-28-60-57-27-53-7 = 0.397,7-23-34-17-7 = 0.971,10-35-38-47-43-10 = 1.0,7-36-58-56-8 = 0.574,10-14-39-12-10 = 0.235,10-39-12-10 = 0.765,7-36-56-52-8 = 0.118,10-18-51-49-20-10 = 1.0,7-28-60-27-53-59-9 = 0.441,7-28-60-36-56-8 = 0.074,9-29-37-27-53-59-9 = 0.162,10-14-48-29-9 = 0.191,10-14-48-22-9 = 0.426,10-14-37-57-36-7 = 0.147,10-37-56-52-8 = 0.235,9-29-13-52-8 = 0.426
32,26,779.277,8.333,0.581,3.69,Prune by UB,,9-29-9 = 0.778,8-41-8 = 1.0,8-42-26-8 = 0.778,8-42-26-25-7 = 0.222,8-45-33-19-9 = 0.444,8-58-56-21-7 = 0.222,8-45-33-19-8 = 0.556,8-34-17-25-7 = 0.444,8-58-27-53-59-9 = 0.222,9-48-59-9 = 0.222,9-46-24-31-9 = 1.0,9-55-30-9 = 1.0,9-29-13-52-22-9 = 0.222,9-54-16-28-7 = 0.444,9-13-52-44-8 = 0.778,9-54-48-22-9 = 0.222,7-40-50-32-7 = 1.0,7-34-36-17-7 = 0.222,7-34-17-25-7 = 0.333,7-23-11-7 = 1.0,7-16-27-53-21-7 = 0.222,10-35-38-47-43-10 = 1.0,9-14-48-22-9 = 0.556,7-36-58-56-8 = 0.556,7-28-60-57-37-59-9 = 0.556,10-14-39-15-10 = 0.444,10-39-12-10 = 0.444,10-15-12-10 = 0.556,7-36-56-44-8 = 0.222,10-18-51-49-20-10 = 1.0,7-60-57-27-53-21-7 = 0.444,10-16-54-37-10 = 0.333,10-39-37-27-53-21-10 = 0.111
42,40,780.039,4.667,1.408,-0.333,Prune by UB,,10-12-10 = 1.0,9-29-9 = 0.667,8-41-8 = 1.0,8-42-26-8 = 1.0,8-45-33-19-9 = 0.333,8-45-33-19-8 = 0.667,8-34-17-25-7 = 1.0,8-58-27-53-59-9 = 0.333,9-46-24-31-9 = 1.0,9-55-30-9 = 1.0,9-29-13-52-22-9 = 0.333,9-54-16-21-7 = 1.0,9-48-37-27-53-9 = 0.333,9-13-52-44-8 = 0.667,7-40-50-32-7 = 1.0,7-23-11-7 = 1.0,10-35-38-47-43-10 = 1.0,9-14-48-22-9 = 0.667,7-36-58-56-8 = 0.667,7-28-60-57-37-59-9 = 0.667,10-14-39-15-10 = 0.333,10-39-15-10 = 0.667,7-36-56-44-8 = 0.333,10-18-51-49-20-10 = 1.0,7-28-60-57-27-53-9 = 0.333
125,123,779.975,3.5,1.349,1.0,Prune by UB,,7-11-7 = 0.5,10-15-10 = 1.0,8-33-41-8 = 1.0,8-42-26-25-7 = 1.0,8-58-56-21-7 = 1.0,9-46-24-31-9 = 1.0,9-29-30-9 = 1.0,9-13-52-44-8 = 1.0,7-40-50-32-10 = 1.0,7-34-36-17-7 = 0.5,7-23-11-7 = 0.5,7-28-60-57-36-7 = 0.5,7-23-34-17-7 = 0.5,10-35-38-47-43-10 = 1.0,10-39-12-10 = 1.0,7-57-27-53-59-9 = 0.5,10-18-51-49-20-10 = 1.0,7-28-60-27-53-59-9 = 0.5,10-16-54-37-10 = 1.0,9-55-45-19-8 = 1.0,10-14-48-22-9 = 1.0
74,61,780.395,6.109,3.312,-0.891,Prune by UB,,10-15-10 = 1.0,9-29-9 = 0.435,8-33-41-8 = 1.0,8-42-26-8 = 0.717,8-42-26-25-7 = 0.283,8-45-55-30-9 = 1.0,8-56-27-59-9 = 0.304,8-58-57-37-59-9 = 0.109,8-58-52-19-8 = 0.5,9-46-24-31-9 = 1.0,9-54-16-21-7 = 1.0,9-48-37-27-53-7 = 0.239,9-48-13-22-9 = 0.152,9-13-52-44-8 = 0.5,7-40-50-32-10 = 1.0,9-13-19-44-8 = 0.261,7-34-17-25-7 = 0.717,7-23-11-7 = 1.0,7-34-60-28-17-7 = 0.283,7-28-60-57-27-53-7 = 0.196,10-35-38-47-43-10 = 1.0,7-36-58-56-8 = 0.391,10-39-12-10 = 1.0,10-18-51-49-20-10 = 1.0,7-28-60-57-53-59-9 = 0.304,7-28-60-36-56-8 = 0.217,9-29-37-27-53-59-9 = 0.261,9-29-13-56-8 = 0.087,9-29-22-19-44-8 = 0.217,10-14-48-22-9 = 0.609,10-14-37-57-36-7 = 0.391,9-22-59-19-44-8 = 0.022
52,49,780.45,7.0,2.076,-0.833,Prune by UB,,8-41-8 = 1.0,8-42-26-8 = 1.0,8-58-56-22-9 = 1.0,8-45-33-19-8 = 1.0,9-55-30-9 = 1.0,9-29-24-31-9 = 1.0,9-13-52-44-8 = 1.0,7-40-50-32-7 = 0.5,7-40-50-32-10 = 0.5,7-34-36-17-7 = 0.5,7-34-17-25-7 = 0.5,7-23-11-7 = 0.5,7-23-11-25-7 = 0.5,7-16-54-53-7 = 0.5,7-28-60-57-27-53-7 = 0.5,10-35-51-20-10 = 1.0,7-28-60-36-57-21-7 = 0.5,10-18-49-12-10 = 0.5,10-18-39-37-27-21-7 = 0.5,10-14-38-47-43-10 = 1.0,10-39-15-10 = 0.5,10-15-12-49-10 = 0.5,10-16-54-37-10 = 0.5,9-46-48-59-9 = 1.0
86,84,779.881,6.552,2.011,2.597,Prune by UB,,10-15-10 = 1.0,9-29-9 = 1.0,8-33-41-8 = 1.0,8-45-19-8 = 1.0,8-42-26-8 = 0.828,8-42-26-25-7 = 0.172,8-58-56-21-7 = 0.241,8-58-57-37-59-9 = 0.034,8-34-17-25-7 = 0.517,8-58-27-53-59-9 = 0.069,8-58-36-57-21-7 = 0.103,9-46-24-31-9 = 1.0,9-55-30-9 = 1.0,9-54-16-37-10 = 0.483,9-54-16-60-7 = 0.379,9-54-16-28-7 = 0.138,9-13-52-44-8 = 1.0,7-40-50-32-10 = 1.0,8-34-60-36-21-7 = 0.172,7-34-17-25-7 = 0.31,7-23-11-7 = 1.0,7-28-57-58-36-7 = 0.241,7-28-57-36-17-7 = 0.172,10-35-38-47-43-10 = 1.0,7-36-58-56-8 = 0.31,10-39-12-10 = 0.517,10-12-49-20-10 = 0.241,10-18-51-20-10 = 0.241,10-18-51-49-20-10 = 0.517,10-18-51-49-12-10 = 0.241,7-28-57-27-59-9 = 0.448,10-39-37-27-53-21-7 = 0.483,10-14-48-22-9 = 1.0,7-60-56-53-59-9 = 0.448
82,80,780.032,5.25,2.521,1.917,Prune by UB,,10-15-10 = 1.0,9-29-9 = 0.875,8-33-41-8 = 1.0,8-45-19-8 = 0.875,8-42-26-8 = 1.0,8-45-55-30-9 = 0.125,8-34-17-25-7 = 0.625,8-58-52-19-8 = 0.125,8-58-27-53-59-9 = 0.625,9-46-24-31-9 = 1.0,9-55-30-9 = 0.875,9-29-56-27-53-7 = 0.125,9-13-56-53-7 = 0.25,9-54-16-21-7 = 0.625,9-54-16-36-7 = 0.375,9-13-52-44-8 = 0.5,7-40-50-32-10 = 1.0,9-13-58-44-8 = 0.25,7-34-17-25-7 = 0.375,7-23-11-7 = 1.0,7-28-60-57-37-27-7 = 0.25,7-28-60-57-37-21-7 = 0.375,10-35-38-47-43-10 = 1.0,7-28-60-57-37-59-9 = 0.375,10-39-12-10 = 1.0,7-36-56-52-8 = 0.375,7-36-56-44-8 = 0.25,10-18-51-49-20-10 = 1.0,10-14-48-22-9 = 1.0
34,29,779.96,5.071,1.122,2.446,Prune by UB,,8-41-8 = 1.0,8-42-26-8 = 1.0,8-58-56-22-9 = 0.714,8-45-33-19-8 = 1.0,8-34-17-25-7 = 0.357,8-34-36-17-7 = 0.071,9-55-30-9 = 1.0,9-29-24-31-9 = 1.0,9-54-16-28-7 = 0.286,9-13-52-44-8 = 0.857,7-34-36-17-7 = 0.214,7-23-11-7 = 0.643,7-16-27-53-21-7 = 0.429,7-23-34-17-7 = 0.357,10-35-38-47-43-10 = 1.0,7-28-60-36-57-21-7 = 0.571,7-36-58-56-8 = 0.143,10-14-39-12-10 = 1.0,7-60-57-58-44-8 = 0.143,10-15-50-32-10 = 1.0,7-40-25-7 = 0.643,7-40-11-7 = 0.357,10-18-51-49-20-10 = 1.0,7-28-57-37-27-53-9 = 0.143,10-16-54-37-10 = 0.286,9-46-48-59-9 = 1.0,7-60-56-52-22-9 = 0.143,9-54-37-27-53-9 = 0.429,7-60-57-37-13-22-9 = 0.143
128,93,780.48,5.063,1.507,0.5,Prune by UB,,10-15-10 = 1.0,9-29-9 = 0.25,8-33-41-8 = 1.0,8-45-19-8 = 0.438,8-45-19-44-8 = 0.562,8-42-26-8 = 1.0,8-56-27-59-9 = 0.188,8-56-53-59-9 = 0.125,8-58-56-53-7 = 0.063,8-58-57-37-59-9 = 0.25,8-58-27-53-59-9 = 0.438,9-46-24-31-9 = 1.0,9-55-30-9 = 1.0,9-29-13-52-22-9 = 0.562,9-54-16-21-7 = 1.0,9-48-37-27-53-7 = 0.187,9-48-37-27-53-9 = 0.188,9-13-52-44-8 = 0.438,7-40-50-32-10 = 1.0,7-23-11-25-7 = 1.0,7-34-60-28-17-7 = 1.0,10-35-38-47-43-10 = 1.0,7-36-58-56-8 = 0.25,10-39-12-10 = 1.0,7-36-57-56-8 = 0.375,10-18-51-49-20-10 = 1.0,10-14-48-29-9 = 0.187,10-14-48-22-9 = 0.438,10-14-37-57-36-7 = 0.375
129,53,780.673,2.0,1.166,-0.625,Prune by UB,,8-41-8 = 1.0,8-42-26-8 = 1.0,8-58-56-21-7 = 0.2,8-58-56-22-9 = 0.8,8-45-33-19-8 = 1.0,9-55-30-9 = 1.0,9-29-24-31-9 = 1.0,9-54-16-28-7 = 0.2,9-13-52-44-8 = 1.0,7-34-36-17-7 = 1.0,7-23-11-7 = 1.0,10-14-38-47-43-10 = 1.0,10-15-50-32-10 = 1.0,7-40-25-7 = 1.0,10-18-51-49-20-10 = 1.0,7-28-60-57-27-53-9 = 0.2,7-28-60-57-27-22-9 = 0.2,7-60-57-27-53-21-7 = 0.4,10-16-54-37-10 = 0.8,9-46-48-59-9 = 1.0,7-28-57-37-53-21-7 = 0.2,7-28-60-27-53-21-7 = 0.2,10-35-39-12-10 = 1.0
77,75,780.781,4.273,3.291,-1.364,Prune by UB,,10-15-10 = 1.0,9-29-9 = 0.727,8-33-41-8 = 1.0,8-45-19-8 = 0.727,8-45-19-44-8 = 0.273,8-42-26-8 = 1.0,8-58-57-37-59-9 = 0.545,8-58-57-27-53-7 = 0.455,8-34-17-25-7 = 0.727,9-46-24-31-9 = 1.0,9-55-30-9 = 1.0,9-54-16-21-7 = 1.0,9-48-37-27-53-7 = 0.091,9-48-13-22-9 = 0.091,9-13-52-44-8 = 0.727,7-40-50-32-10 = 1.0,7-34-17-25-7 = 0.273,7-23-11-7 = 1.0,10-35-38-47-43-10 = 1.0,10-39-12-10 = 1.0,7-36-56-52-8 = 0.273,10-18-51-49-20-10 = 1.0,7-28-60-27-53-59-9 = 0.273,7-28-60-36-56-8 = 0.727,9-29-37-27-53-59-9 = 0.182,10-14-48-29-9 = 0.091,10-14-48-22-9 = 0.727,10-14-37-13-22-9 = 0.182
47,37,780.702,7.667,1.679,0.5,Prune by UB,,9-29-9 = 1.0,8-33-41-8 = 1.0,8-45-19-44-8 = 0.333,8-42-26-8 = 0.667,8-42-26-25-7 = 0.333,8-45-52-19-8 = 0.667,8-58-56-22-9 = 0.333,8-58-27-53-59-9 = 0.333,9-46-24-31-9 = 1.0,9-55-30-9 = 1.0,9-54-16-21-7 = 0.667,9-54-16-28-7 = 0.333,9-48-37-27-53-9 = 0.333,9-48-13-22-9 = 0.667,9-13-52-44-8 = 0.333,7-40-50-32-7 = 1.0,7-34-36-17-7 = 0.333,7-34-17-25-7 = 0.667,7-23-11-7 = 1.0,10-35-14-39-10 = 0.667,7-36-58-56-8 = 0.333,7-28-60-57-37-59-9 = 0.667,10-14-38-47-43-10 = 0.333,10-39-38-47-43-10 = 0.333,10-15-12-10 = 1.0,7-36-56-44-8 = 0.333,10-18-51-49-20-10 = 0.667,10-18-51-38-47-43-10 = 0.333,7-60-57-27-53-21-7 = 0.333,10-35-49-20-10 = 0.333
38,22,780.238,11.5,1.529,3.264,Prune by UB,,9-29-9 = 1.0,8-33-41-8 = 1.0,8-45-19-44-8 = 0.5,8-42-26-8 = 0.5,8-42-26-25-7 = 0.5,8-45-52-19-8 = 0.5,8-58-56-22-9 = 0.5,9-48-59-9 = 0.5,9-46-24-31-9 = 1.0,9-55-30-9 = 1.0,9-54-16-28-7 = 0.5,9-48-13-22-9 = 0.5,9-13-52-44-8 = 0.5,7-40-50-32-7 = 0.5,7-40-50-32-10 = 0.5,7-34-36-17-7 = 0.5,7-34-17-25-7 = 0.5,7-23-11-7 = 1.0,7-16-54-53-7 = 0.5,10-35-51-20-10 = 0.5,10-35-51-49-10 = 0.5,10-18-49-20-10 = 0.5,10-18-39-37-27-21-7 = 0.5,7-36-58-56-8 = 0.5,7-28-60-57-37-59-9 = 0.5,10-14-38-47-43-10 = 1.0,10-39-15-12-10 = 0.5,10-15-12-10 = 0.5,7-60-57-27-53-21-7 = 0.5
130,53,780.202,6.468,0.695,3.843,Prune by UB,,8-41-8 = 1.0,8-42-26-8 = 1.0,8-45-33-19-9 = 0.065,8-58-56-22-9 = 0.613,8-45-33-19-8 = 0.935,8-34-17-25-7 = 0.29,8-34-36-17-7 = 0.258,9-55-30-9 = 1.0,9-29-24-31-9 = 1.0,9-54-16-28-7 = 0.387,9-13-52-44-8 = 0.839,7-34-17-25-7 = 0.081,7-23-11-7 = 0.629,7-16-54-37-10 = 0.194,7-16-27-53-21-7 = 0.29,7-23-34-17-7 = 0.371,7-28-60-36-57-21-7 = 0.516,7-36-58-56-8 = 0.226,10-14-38-47-43-10 = 1.0,10-12-49-20-10 = 0.065,7-60-57-58-44-8 = 0.161,10-15-50-32-10 = 1.0,7-40-25-7 = 0.629,7-40-11-7 = 0.371,7-16-54-53-9 = 0.065,7-16-57-27-22-9 = 0.065,10-18-51-49-20-10 = 0.742,10-18-51-49-12-10 = 0.129,7-28-57-37-27-53-9 = 0.097,9-46-48-59-9 = 1.0,10-35-49-20-10 = 0.065,7-60-56-52-22-9 = 0.161,10-35-18-51-20-10 = 0.129,9-54-37-27-53-9 = 0.355,7-60-57-37-13-22-9 = 0.161,10-35-39-12-10 = 0.806,10-39-37-27-53-21-7 = 0.194
9,7,780.735,10.333,0.87,1.958,Prune by UB,,9-29-9 = 1.0,8-41-8 = 1.0,8-42-26-8 = 0.75,8-42-26-25-7 = 0.25,8-45-33-52-22-9 = 0.167,8-58-56-22-9 = 0.333,8-45-33-19-8 = 0.833,8-34-17-25-7 = 0.417,8-34-36-17-7 = 0.25,8-58-52-19-8 = 0.167,9-48-59-9 = 0.5,9-46-24-31-9 = 1.0,9-55-30-9 = 1.0,9-54-16-28-7 = 0.333,9-48-13-22-9 = 0.333,9-13-52-44-8 = 0.667,9-54-48-22-9 = 0.167,7-40-50-32-7 = 0.5,7-40-50-32-10 = 0.5,7-34-17-25-7 = 0.333,7-23-11-7 = 1.0,7-16-54-53-7 = 0.5,7-16-27-53-21-7 = 0.167,7-28-60-57-27-53-7 = 0.083,10-35-51-20-10 = 0.5,10-35-51-49-10 = 0.5,7-28-60-36-57-21-7 = 0.083,10-18-49-20-10 = 0.5,10-18-39-37-27-21-7 = 0.5,7-36-58-56-8 = 0.417,7-28-60-57-37-59-9 = 0.5,10-14-38-47-43-10 = 1.0,10-39-15-12-10 = 0.5,10-15-12-10 = 0.5,7-60-57-58-44-8 = 0.083,7-36-56-44-8 = 0.25,7-60-57-27-53-21-7 = 0.25
112,109,780.724,6.318,2.429,2.943,Prune by UB,,10-15-10 = 1.0,9-29-9 = 0.909,8-33-41-8 = 1.0,8-45-19-44-8 = 1.0,8-42-26-8 = 0.636,8-42-26-25-7 = 0.364,8-58-56-21-7 = 0.182,8-52-27-53-59-9 = 0.182,8-58-27-53-59-9 = 0.182,9-46-24-31-9 = 1.0,9-55-30-9 = 1.0,9-54-16-28-7 = 0.909,9-48-13-22-9 = 0.273,9-54-60-57-21-7 = 0.091,7-40-50-32-10 = 1.0,7-34-17-25-7 = 0.636,7-23-11-7 = 1.0,7-34-60-57-37-10 = 0.364,7-16-60-57-21-7 = 0.091,10-35-38-47-43-10 = 1.0,7-36-58-56-8 = 0.636,10-14-39-12-10 = 0.273,10-39-12-10 = 0.091,10-12-49-20-10 = 0.318,10-18-51-20-10 = 0.318,10-18-51-49-20-10 = 0.364,10-18-51-49-12-10 = 0.318,7-60-57-56-8 = 0.091,7-28-56-52-8 = 0.091,10-39-37-27-53-21-7 = 0.636,7-60-57-36-17-7 = 0.364,10-14-48-22-9 = 0.727,9-13-52-59-9 = 0.636,9-29-13-52-8 = 0.091
66,63,781.569,1.5,4.728,-1.5,Prune by UB,,10-15-10 = 1.0,9-29-9 = 1.0,8-33-41-8 = 1.0,8-45-19-8 = 1.0,8-42-26-25-7 = 1.0,8-34-17-7 = 1.0,9-46-24-31-9 = 1.0,9-55-30-9 = 1.0,9-13-52-44-8 = 1.0,9-54-58-36-7 = 0.5,7-40-50-32-10 = 1.0,7-23-11-7 = 1.0,7-16-27-53-21-7 = 1.0,9-54-56-8 = 0.5,10-35-38-47-43-10 = 1.0,7-36-58-56-8 = 0.5,7-28-60-57-37-59-9 = 1.0,10-39-12-10 = 1.0,10-18-51-49-20-10 = 1.0,10-14-48-22-9 = 1.0
39,36,781.938,5.222,3.32,-0.278,Prune by UB,,9-29-9 = 0.667,8-41-8 = 1.0,8-42-26-8 = 1.0,8-45-33-19-9 = 0.333,8-45-33-19-8 = 0.667,8-34-17-25-7 = 1.0,8-58-27-53-59-9 = 0.333,9-46-24-31-9 = 1.0,9-55-30-9 = 1.0,9-29-13-52-22-9 = 0.333,9-54-16-21-7 = 1.0,9-48-37-27-53-9 = 0.333,9-13-52-44-8 = 0.667,7-40-50-32-7 = 1.0,7-23-11-7 = 1.0,10-35-38-47-43-10 = 0.889,10-35-38-20-43-10 = 0.111,9-14-48-22-9 = 0.667,7-36-58-56-8 = 0.667,7-28-60-57-37-59-9 = 0.667,10-51-49-20-10 = 0.778,10-14-47-20-10 = 0.111,10-14-39-15-10 = 0.222,7-36-56-44-8 = 0.333,10-18-51-49-12-10 = 0.222,10-18-39-15-12-10 = 0.778,7-28-60-57-27-53-9 = 0.333
99,98,782.205,3.75,3.94,1.583,Prune by UB,,7-11-7 = 1.0,10-15-10 = 1.0,9-29-9 = 0.75,8-33-41-8 = 1.0,8-45-19-8 = 1.0,8-42-26-25-7 = 1.0,8-58-57-27-53-8 = 0.25,8-58-27-53-59-9 = 0.75,9-46-24-31-9 = 1.0,9-55-30-9 = 1.0,9-54-16-21-7 = 0.5,9-54-16-36-7 = 0.5,9-13-52-44-8 = 0.75,7-40-50-32-10 = 1.0,7-28-60-57-37-21-7 = 0.5,7-23-34-17-7 = 1.0,10-35-38-47-43-10 = 1.0,7-28-60-57-37-59-9 = 0.25,10-39-12-10 = 1.0,7-36-56-52-8 = 0.25,7-36-56-44-8 = 0.25,10-18-51-49-20-10 = 1.0,9-29-13-56-8 = 0.25,10-14-48-22-9 = 1.0,7-28-60-37-56-8 = 0.25
87,83,782.395,4.5,4.42,0.621,Prune by UB,,10-15-10 = 1.0,8-33-41-8 = 1.0,8-45-19-44-8 = 1.0,8-42-26-8 = 1.0,8-34-17-25-7 = 1.0,9-46-24-31-9 = 1.0,9-55-30-9 = 0.667,9-55-30-22-59-9 = 0.333,9-13-52-22-9 = 0.667,9-54-16-28-7 = 1.0,7-40-50-32-10 = 1.0,7-23-11-7 = 1.0,10-35-38-47-43-10 = 1.0,7-36-58-56-8 = 1.0,10-39-12-10 = 0.667,10-12-49-20-10 = 0.167,10-18-51-20-10 = 0.167,10-18-51-49-20-10 = 0.667,10-18-51-49-12-10 = 0.167,7-60-57-27-53-21-7 = 0.333,7-60-57-37-53-59-9 = 0.333,10-39-37-27-53-21-7 = 0.333,9-14-48-29-9 = 0.333,10-14-48-29-9 = 0.667,9-13-52-59-9 = 0.333,7-60-57-37-27-21-7 = 0.333
89,64,782.871,4.667,4.985,-0.533,Prune by UB,,10-15-10 = 1.0,8-33-41-8 = 1.0,8-42-26-8 = 0.333,8-42-26-25-7 = 0.667,8-56-53-59-9 = 0.333,8-58-56-21-7 = 0.333,8-58-57-53-59-9 = 0.333,8-34-17-25-7 = 0.333,9-46-24-31-9 = 1.0,9-55-45-19-9 = 0.333,9-29-30-9 = 1.0,9-54-16-21-7 = 0.667,9-13-52-44-8 = 1.0,7-40-50-32-10 = 1.0,7-34-36-17-7 = 0.667,7-23-11-7 = 1.0,7-28-60-57-37-27-7 = 0.667,10-35-38-47-43-10 = 1.0,7-36-58-56-8 = 0.333,10-39-12-10 = 1.0,7-16-54-53-9 = 0.333,10-18-51-49-20-10 = 1.0,9-55-45-19-8 = 0.667,10-14-48-22-9 = 1.0,7-28-60-37-27-59-9 = 0.333
105,97,782.759,4.875,4.529,1.475,Prune by UB,,10-15-10 = 1.0,9-29-9 = 0.75,8-33-41-8 = 1.0,8-45-19-8 = 1.0,8-42-26-25-7 = 0.875,8-58-57-27-53-7 = 0.25,8-58-27-53-59-9 = 0.75,9-46-24-31-9 = 1.0,9-55-30-9 = 1.0,9-54-16-21-7 = 0.5,9-54-16-36-7 = 0.5,9-13-52-44-8 = 0.75,7-40-50-32-10 = 1.0,7-34-17-7 = 0.75,7-23-17-11-7 = 0.25,7-23-11-7 = 0.75,7-28-60-57-37-21-7 = 0.5,10-35-38-47-43-10 = 1.0,7-28-60-57-37-59-9 = 0.25,10-39-12-10 = 1.0,7-34-26-8 = 0.125,7-36-56-52-8 = 0.25,7-36-56-44-8 = 0.25,10-18-51-49-20-10 = 1.0,7-34-42-25-7 = 0.125,9-29-13-56-8 = 0.25,10-14-48-22-9 = 1.0,7-28-60-37-56-8 = 0.25
12,10,782.981,5.65,2.081,0.4,Prune by UB,,9-29-9 = 1.0,8-41-8 = 1.0,8-42-26-8 = 0.75,8-42-26-25-7 = 0.25,8-45-33-19-9 = 0.25,8-58-56-22-9 = 0.25,8-45-33-19-8 = 0.75,8-34-17-25-7 = 0.75,8-34-36-17-7 = 0.25,9-48-59-9 = 0.125,9-46-24-31-9 = 1.0,9-55-30-9 = 1.0,9-54-16-21-7 = 0.125,9-54-16-28-7 = 0.125,9-48-37-27-53-7 = 0.125,9-13-52-44-8 = 1.0,9-54-48-22-9 = 0.75,7-40-50-32-7 = 1.0,7-23-11-7 = 1.0,7-16-27-53-21-7 = 0.75,10-35-14-39-10 = 0.8,7-36-58-56-8 = 0.75,7-28-60-57-37-59-9 = 0.875,10-39-38-47-20-10 = 0.2,10-15-12-10 = 0.4,10-15-12-49-10 = 0.6,10-18-51-49-20-10 = 0.2,10-18-51-38-47-43-10 = 0.6,7-60-57-27-53-21-7 = 0.125,10-18-38-47-20-43-10 = 0.2,10-14-35-20-10 = 0.2,10-51-49-20-43-10 = 0.2
14,11,783.772,4.333,0.122,1.083,Prune by UB,,9-29-9 = 1.0,8-41-8 = 1.0,8-42-26-8 = 1.0,8-45-33-19-9 = 0.333,8-58-56-22-9 = 0.333,8-45-33-19-8 = 0.667,8-34-17-25-7 = 0.667,8-34-36-17-7 = 0.333,9-48-59-9 = 0.167,9-46-24-31-9 = 1.0,9-55-30-9 = 1.0,9-54-16-21-7 = 0.167,9-54-16-28-7 = 0.167,9-48-37-27-53-7 = 0.167,9-13-52-44-8 = 1.0,9-54-48-22-9 = 0.667,7-40-50-32-7 = 1.0,7-23-11-7 = 0.667,7-23-11-25-7 = 0.333,7-16-27-53-21-7 = 0.667,7-36-58-56-8 = 0.667,7-28-60-57-37-59-9 = 0.833,10-14-38-47-43-10 = 1.0,10-15-12-10 = 1.0,10-18-51-49-20-10 = 1.0,7-60-57-27-53-21-7 = 0.167,10-35-39-10 = 1.0
16,13,784.337,4.8,0.325,1.371,Prune by UB,,7-11-7 = 1.0,9-29-9 = 1.0,8-41-8 = 1.0,8-42-26-25-7 = 1.0,8-45-33-19-9 = 0.2,8-45-33-52-22-9 = 0.2,8-45-33-19-8 = 0.6,8-58-52-19-8 = 0.2,8-58-27-53-59-9 = 0.2,9-46-24-31-9 = 1.0,9-55-30-9 = 1.0,9-54-16-21-7 = 0.4,9-54-16-28-7 = 0.2,9-48-37-27-53-7 = 0.2,9-48-13-22-9 = 0.4,9-13-52-44-8 = 0.6,9-54-48-22-9 = 0.4,7-40-50-32-7 = 1.0,7-16-27-53-21-7 = 0.4,7-23-34-17-7 = 1.0,7-36-58-56-8 = 0.6,7-28-60-57-37-59-9 = 0.8,10-14-38-47-43-10 = 1.0,10-15-12-10 = 1.0,7-36-56-44-8 = 0.4,10-18-51-49-20-10 = 1.0,7-60-57-27-53-21-7 = 0.2,10-35-39-10 = 1.0
17,15,787.038,4.75,2.62,0.25,Prune by UB,,9-29-9 = 1.0,8-41-8 = 1.0,8-42-26-25-7 = 0.75,8-58-56-22-9 = 0.5,8-45-33-19-8 = 1.0,9-48-59-9 = 0.333,9-46-24-31-9 = 1.0,9-55-30-9 = 1.0,9-54-16-21-7 = 0.667,9-48-37-27-53-9 = 0.667,9-13-52-44-8 = 1.0,7-40-50-32-7 = 1.0,7-34-36-17-7 = 0.5,7-23-11-7 = 1.0,7-54-16-21-7 = 0.333,7-28-57-36-17-7 = 0.5,7-28-60-57-37-59-9 = 0.333,10-14-38-47-43-10 = 1.0,10-15-12-10 = 1.0,7-34-26-8 = 0.25,7-57-27-53-59-9 = 0.167,10-18-51-49-20-10 = 1.0,7-28-60-27-53-59-9 = 0.167,7-34-42-25-7 = 0.25,10-35-39-10 = 1.0,7-60-58-56-22-9 = 0.5
0,0,797.365,0.0,797.365,0.0,Prune by CG,,8-33-41-8 = 0.667,8-34-60-28-17-7 = 0.167,8-42-26-8 = 0.833,8-42-26-25-7 = 0.167,8-45-41-8 = 0.333,8-54-16-60-7 = 0.167,8-54-16-28-7 = 0.5,8-45-33-19-8 = 0.333,8-13-52-44-8 = 1.0,7-40-50-32-7 = 0.333,7-40-50-32-10 = 0.667,7-34-17-25-7 = 0.833,7-23-11-7 = 1.0,7-28-60-57-27-53-7 = 0.333,10-35-38-47-43-10 = 0.667,7-36-58-56-8 = 1.0,10-14-38-47-43-10 = 0.333,10-15-12-10 = 0.667,10-18-51-49-20-10 = 0.667,10-18-51-49-12-10 = 0.333,7-60-57-27-53-21-7 = 0.333,10-16-54-37-10 = 0.333,5-46-29-31-5 = 0.333,5-46-24-31-5 = 0.333,10-14-35-20-10 = 0.333,10-39-37-27-53-21-7 = 0.333,10-14-37-57-21-7 = 0.333,8-45-55-30-22-8 = 0.333,8-55-30-22-19-8 = 0.667,10-15-48-59-10 = 0.333,10-39-48-59-10 = 0.667,5-29-24-31-5 = 0.333,5-46-29-24-5 = 0.333
0,0,809.572,0.0,809.572,0.0,Prune by CG,,8-33-41-8 = 0.741,8-34-60-28-17-7 = 0.194,8-42-26-8 = 0.806,8-42-26-25-7 = 0.194,8-45-41-8 = 0.259,8-45-55-22-59-10 = 0.056,8-54-16-60-7 = 0.083,8-54-16-28-7 = 0.528,8-45-33-19-8 = 0.259,8-13-52-44-8 = 1.0,8-34-17-25-7 = 0.444,7-40-50-32-10 = 1.0,7-34-17-25-7 = 0.361,7-23-11-7 = 1.0,7-28-60-57-27-53-7 = 0.278,10-35-38-47-43-10 = 0.889,10-35-14-38-10 = 0.056,10-35-14-47-10 = 0.056,7-36-58-56-8 = 1.0,10-14-38-47-43-10 = 0.056,10-12-49-20-10 = 0.222,10-15-12-10 = 0.778,10-18-51-49-20-10 = 0.778,7-60-57-27-53-21-7 = 0.444,10-16-54-37-10 = 0.389,10-14-48-37-10 = 0.056,10-39-37-27-53-21-7 = 0.278,10-14-37-57-21-7 = 0.278,8-45-55-30-22-8 = 0.204,8-45-55-19-8 = 0.222,8-55-30-22-19-8 = 0.519,10-15-48-59-10 = 0.222,10-39-48-59-10 = 0.722,10-14-46-29-30-8 = 0.278,10-14-46-29-22-8 = 0.222,10-18-29-24-31-10 = 0.222,10-29-24-31-43-10 = 0.056,10-46-24-31-10 = 0.5,10-51-29-24-31-10 = 0.222
0,0,783.598,0.0,783.598,0.0,Prune by CG,,7-11-7 = 1.0,9-46-29-9 = 0.5,9-55-30-9 = 0.667,9-29-24-31-9 = 0.5,9-13-52-44-7 = 1.0,9-54-16-21-7 = 0.5,9-54-16-37-10 = 0.25,9-54-16-28-7 = 0.25,7-40-50-32-10 = 1.0,7-36-58-56-7 = 1.0,7-23-34-17-7 = 1.0,10-35-38-47-43-10 = 1.0,7-28-60-57-37-59-9 = 0.5,10-39-15-12-10 = 0.75,10-15-12-10 = 0.25,7-57-27-53-59-9 = 0.25,10-18-51-49-20-10 = 1.0,7-60-57-27-53-21-7 = 0.25,7-28-60-27-53-59-9 = 0.25,9-45-41-9 = 0.333,9-30-41-19-9 = 0.333,9-45-33-19-9 = 0.667,7-42-26-25-7 = 1.0,9-55-33-41-9 = 0.333,5-46-24-31-5 = 0.5,10-39-37-27-53-21-7 = 0.25,10-14-48-22-9 = 1.0
0,0,793.253,0.0,793.253,0.0,Prune by CG,,7-11-7 = 1.0,9-46-24-31-9 = 0.5,9-46-29-9 = 0.5,9-55-30-9 = 0.75,9-55-45-19-9 = 0.25,9-29-24-31-9 = 0.5,9-13-52-44-7 = 1.0,9-54-16-21-7 = 0.5,9-54-16-37-10 = 0.25,9-54-16-28-7 = 0.25,7-40-50-32-10 = 1.0,7-36-58-56-7 = 1.0,7-23-34-17-7 = 1.0,10-35-38-47-43-10 = 1.0,7-28-60-57-37-59-9 = 0.5,10-39-15-12-10 = 0.75,10-15-12-10 = 0.25,7-57-27-53-59-9 = 0.25,10-18-51-49-20-10 = 1.0,7-60-57-27-53-21-7 = 0.25,7-28-60-27-53-59-9 = 0.25,9-30-41-19-9 = 0.25,9-45-33-19-9 = 0.5,7-42-26-25-7 = 1.0,10-39-37-27-53-21-7 = 0.25,10-14-48-22-9 = 1.0,3-45-41-3 = 0.25,3-33-41-3 = 0.5
0,0,787.427,0.0,787.427,0.0,Prune by CG,,8-41-8 = 1.0,8-42-26-8 = 0.9,8-42-26-25-7 = 0.1,8-45-33-19-9 = 0.6,8-56-27-59-9 = 0.1,8-45-33-19-8 = 0.4,8-34-17-25-7 = 0.9,8-34-36-17-7 = 0.1,8-58-27-53-59-9 = 0.1,9-46-24-31-9 = 0.5,9-46-29-9 = 0.5,9-55-30-9 = 1.0,9-29-24-31-9 = 0.5,9-54-16-21-7 = 0.6,9-54-16-28-7 = 0.1,9-13-52-44-8 = 1.0,7-40-50-32-7 = 1.0,7-23-11-7 = 1.0,7-16-27-53-21-7 = 0.2,7-28-57-37-27-53-7 = 0.1,9-14-48-22-9 = 1.0,7-36-58-56-8 = 0.9,7-28-60-57-37-59-9 = 0.7,7-16-54-53-9 = 0.1,7-60-57-27-53-21-7 = 0.2,7-28-60-27-53-59-9 = 0.1,9-54-37-27-53-9 = 0.2,6-35-38-47-43-6 = 1.0,6-18-39-15-12-6 = 1.0,6-51-49-20-6 = 1.0
0,0,809.243,0.0,809.243,0.0,Prune by CG,,8-41-8 = 1.0,8-34-60-28-21-10 = 0.467,8-42-26-8 = 1.0,8-56-27-59-9 = 0.133,8-45-33-19-8 = 1.0,8-58-27-53-59-9 = 0.467,8-36-57-56-8 = 0.333,8-36-58-56-8 = 0.533,9-48-59-9 = 0.133,9-46-24-31-9 = 0.5,9-46-29-9 = 0.5,9-55-30-9 = 1.0,9-29-24-31-9 = 0.5,9-54-16-21-10 = 0.267,9-54-16-37-10 = 0.733,9-13-52-44-8 = 1.0,10-35-38-47-43-10 = 0.933,10-35-14-39-10 = 0.067,10-14-38-47-43-10 = 0.067,10-39-12-10 = 0.067,10-39-15-12-10 = 0.6,10-15-12-10 = 0.333,10-15-50-32-10 = 0.067,10-18-51-49-20-10 = 1.0,10-39-37-27-53-21-10 = 0.133,10-39-37-57-27-22-9 = 0.133,10-14-48-22-9 = 0.867,8-23-11-25-8 = 0.467,8-17-11-25-8 = 0.467,10-40-11-25-8 = 0.067,8-34-23-17-8 = 0.533,10-40-50-32-10 = 0.933,10-28-60-57-27-53-9 = 0.133,10-28-60-57-53-59-9 = 0.267,10-28-60-36-57-21-10 = 0.133
0,0,798.327,0.0,798.327,0.0,Prune by CG,,8-41-8 = 1.0,8-42-26-8 = 0.714,8-42-26-25-7 = 0.286,8-56-27-59-9 = 0.143,8-58-56-22-9 = 0.143,8-45-33-19-8 = 1.0,8-34-17-25-7 = 0.714,8-34-36-17-7 = 0.286,8-58-27-53-59-9 = 0.143,9-48-59-9 = 0.143,9-46-24-31-9 = 0.5,9-46-29-9 = 0.5,9-55-30-9 = 1.0,9-29-24-31-9 = 0.5,9-54-16-21-7 = 0.286,9-54-16-37-10 = 0.143,9-54-16-28-7 = 0.429,9-13-52-44-8 = 1.0,7-40-50-32-10 = 1.0,7-23-11-7 = 1.0,7-16-54-53-7 = 0.143,10-35-38-47-43-10 = 0.929,10-35-14-39-10 = 0.071,7-36-58-56-8 = 0.714,7-28-60-57-37-59-9 = 0.571,10-14-38-47-43-10 = 0.071,10-39-15-12-10 = 0.643,10-15-12-10 = 0.357,10-18-51-49-20-10 = 1.0,7-60-57-27-53-21-7 = 0.429,10-39-37-27-53-21-7 = 0.286,10-14-48-22-9 = 0.857
0,0,798.134,0.0,798.134,0.0,Prune by CG,,2-25-2 = 1.0,8-41-8 = 1.0,8-42-26-8 = 1.0,8-56-27-59-9 = 0.2,8-58-56-53-7 = 0.2,8-45-33-19-8 = 1.0,8-34-17-7 = 0.6,8-34-36-17-7 = 0.4,8-58-27-53-59-9 = 0.2,9-46-24-31-9 = 0.5,9-46-29-9 = 0.5,9-55-30-9 = 1.0,9-29-24-31-9 = 0.5,9-54-16-21-7 = 0.4,9-54-16-37-10 = 0.2,9-54-16-28-7 = 0.4,9-13-52-44-8 = 1.0,7-40-50-32-10 = 1.0,7-23-11-7 = 1.0,10-35-38-47-43-10 = 1.0,7-36-58-56-8 = 0.6,7-28-60-57-37-59-9 = 0.6,10-39-15-12-10 = 0.8,10-15-12-10 = 0.2,10-18-51-49-20-10 = 1.0,7-60-57-27-53-21-7 = 0.4,10-39-37-27-53-21-7 = 0.2,10-14-48-22-9 = 1.0
0,0,805.262,0.0,805.262,0.0,Prune by CG,,8-33-41-8 = 0.75,8-34-60-28-17-7 = 0.214,8-42-26-8 = 0.786,8-42-26-25-7 = 0.214,8-45-33-8 = 0.179,8-45-41-8 = 0.25,8-54-16-60-7 = 0.071,8-54-16-28-7 = 0.5,8-45-33-19-8 = 0.071,8-13-52-44-8 = 1.0,8-34-17-25-7 = 0.429,7-40-50-32-10 = 1.0,7-34-17-25-7 = 0.357,7-23-11-7 = 1.0,7-28-60-57-27-53-7 = 0.286,10-35-38-47-43-10 = 0.857,10-35-14-39-10 = 0.143,7-36-58-56-8 = 1.0,10-14-38-47-43-10 = 0.143,10-15-12-10 = 1.0,10-18-51-49-20-10 = 1.0,7-60-57-27-53-21-7 = 0.429,10-16-54-37-10 = 0.429,5-46-29-31-5 = 0.071,5-46-24-31-5 = 0.857,10-39-37-27-53-21-7 = 0.286,10-14-37-57-21-7 = 0.286,10-39-48-59-10 = 0.571,10-14-48-29-5 = 0.357,10-14-48-22-5 = 0.071,5-29-24-31-5 = 0.071,5-46-29-24-5 = 0.071,8-45-55-30-4 = 0.5,4-55-30-22-19-8 = 0.5,5-29-22-59-19-8 = 0.429
0,0,785.508,0.0,785.508,0.0,Prune by CG,,8-41-8 = 1.0,8-42-26-8 = 0.714,8-42-26-25-7 = 0.286,8-56-27-59-9 = 0.143,8-58-56-22-9 = 0.143,8-45-33-19-8 = 1.0,8-34-17-25-7 = 0.714,8-34-36-17-7 = 0.286,8-58-27-53-59-9 = 0.143,9-48-59-9 = 0.143,9-46-24-31-9 = 0.5,9-46-29-9 = 0.5,9-55-30-9 = 1.0,9-29-24-31-9 = 0.5,9-54-16-21-7 = 0.286,9-54-16-37-10 = 0.143,9-54-16-28-7 = 0.429,9-13-52-44-8 = 1.0,7-40-50-32-10 = 1.0,7-23-11-7 = 1.0,7-16-54-53-7 = 0.143,10-35-38-47-43-10 = 0.929,10-35-14-39-10 = 0.071,7-36-58-56-8 = 0.714,7-28-60-57-37-59-9 = 0.571,10-14-38-47-43-10 = 0.071,10-39-15-12-10 = 0.643,10-15-12-10 = 0.357,10-18-51-49-20-10 = 1.0,7-60-57-27-53-21-7 = 0.429,10-39-37-27-53-21-7 = 0.286,10-14-48-22-9 = 0.857
0,0,799.914,0.0,799.914,0.0,Prune by CG,,7-11-7 = 1.0,9-46-24-31-9 = 0.5,9-46-29-9 = 0.5,9-55-30-9 = 0.667,9-29-24-31-9 = 0.5,9-13-52-44-7 = 1.0,9-54-16-21-7 = 0.5,9-54-16-37-10 = 0.25,9-54-16-28-7 = 0.25,7-40-50-32-10 = 1.0,7-36-58-56-7 = 1.0,7-23-34-17-7 = 1.0,10-35-38-47-43-10 = 1.0,7-28-60-57-37-59-9 = 0.5,10-39-15-12-10 = 0.75,10-15-12-10 = 0.25,7-57-27-53-59-9 = 0.25,10-18-51-49-20-10 = 1.0,7-60-57-27-53-21-7 = 0.25,7-28-60-27-53-59-9 = 0.25,9-45-41-9 = 0.333,9-30-41-19-9 = 0.333,9-45-33-19-9 = 0.667,7-42-26-25-7 = 1.0,9-55-33-41-9 = 0.333,10-39-37-27-53-21-7 = 0.25,10-14-48-22-9 = 1.0
0,0,813.398,0.0,813.398,0.0,Prune by CG,,8-33-41-8 = 0.692,8-34-60-28-21-7 = 0.167,8-42-26-8 = 0.833,8-42-26-25-7 = 0.167,8-45-41-8 = 0.308,8-54-16-60-7 = 0.051,8-54-16-28-7 = 0.474,8-45-33-19-8 = 0.308,8-13-52-44-8 = 1.0,8-34-17-25-7 = 0.449,7-40-50-32-10 = 1.0,7-34-17-25-7 = 0.385,7-23-11-7 = 1.0,7-28-60-57-27-53-7 = 0.077,7-28-60-57-37-27-7 = 0.282,10-35-38-47-43-10 = 0.795,10-35-14-39-10 = 0.205,7-36-58-56-8 = 1.0,10-14-38-47-43-10 = 0.205,10-15-12-10 = 1.0,10-18-51-49-20-10 = 1.0,7-60-57-27-53-21-7 = 0.423,10-16-54-37-10 = 0.026,10-14-48-37-10 = 0.256,10-39-37-27-53-21-7 = 0.218,10-14-37-57-21-7 = 0.051,10-39-48-59-10 = 0.577,8-45-55-30-4 = 0.385,4-55-30-22-19-8 = 0.333,4-55-22-59-19-8 = 0.282,4-29-24-31-4 = 0.5,4-46-24-31-4 = 0.5,10-16-54-53-7 = 0.282,10-16-37-57-17-7 = 0.167,10-14-46-29-30-4 = 0.282,7-54-48-22-4 = 0.167,4-46-29-22-19-8 = 0.077,4-46-29-22-59-21-7 = 0.141
0,0,794.998,0.0,794.998,0.0,Prune by CG,,7-11-7 = 1.0,9-46-24-31-9 = 0.5,9-46-29-9 = 0.5,9-55-30-9 = 0.667,9-29-24-31-9 = 0.5,9-13-52-44-7 = 1.0,9-54-16-21-7 = 0.286,7-40-50-32-7 = 1.0,7-54-16-21-7 = 0.429,7-36-58-56-7 = 1.0,7-23-34-17-7 = 1.0,9-14-48-22-9 = 1.0,7-16-37-27-21-7 = 0.143,7-28-60-57-37-59-9 = 0.571,7-16-54-53-9 = 0.143,7-57-27-53-59-9 = 0.143,7-60-57-27-53-21-7 = 0.143,7-28-57-37-27-53-9 = 0.143,7-28-60-27-53-59-9 = 0.286,9-45-41-9 = 0.333,9-30-41-19-9 = 0.333,9-45-33-19-9 = 0.667,7-42-26-25-7 = 1.0,9-55-33-41-9 = 0.333,9-54-37-27-53-9 = 0.143,6-35-38-47-43-6 = 1.0,6-18-39-15-12-6 = 1.0,6-51-49-20-6 = 1.0
0,0,787.096,0.0,787.096,0.0,Prune by CG,,7-11-7 = 1.0,9-46-24-31-9 = 0.5,9-46-29-9 = 0.5,9-55-30-9 = 0.667,9-29-24-31-9 = 0.5,9-13-52-44-7 = 1.0,9-54-16-21-7 = 0.5,9-54-16-37-10 = 0.25,9-54-16-28-7 = 0.25,7-40-50-32-10 = 1.0,7-36-58-56-7 = 1.0,7-23-34-17-7 = 1.0,10-35-38-47-43-10 = 1.0,7-28-60-57-37-59-9 = 0.5,10-39-15-12-10 = 0.75,10-15-12-10 = 0.25,7-57-27-53-59-9 = 0.25,10-18-51-49-20-10 = 1.0,7-60-57-27-53-21-7 = 0.25,7-28-60-27-53-59-9 = 0.25,9-45-41-9 = 0.333,9-30-41-19-9 = 0.333,9-45-33-19-9 = 0.667,7-42-26-25-7 = 1.0,9-55-33-41-9 = 0.333,10-39-37-27-53-21-7 = 0.25,10-14-48-22-9 = 1.0
0,0,805.27,0.0,805.27,0.0,Prune by CG,,8-41-8 = 1.0,8-34-60-28-21-10 = 0.5,8-42-26-8 = 1.0,8-45-33-19-8 = 1.0,8-36-58-56-8 = 1.0,9-48-59-9 = 0.5,9-46-24-31-9 = 0.5,9-46-29-9 = 0.5,9-55-30-9 = 1.0,9-29-24-31-9 = 0.5,9-54-16-21-10 = 0.25,9-54-16-37-10 = 0.417,9-54-27-59-9 = 0.083,9-13-52-44-8 = 1.0,10-35-38-47-43-10 = 0.75,10-35-14-39-10 = 0.25,10-14-38-47-43-10 = 0.25,10-39-15-12-10 = 0.167,10-15-12-10 = 0.833,10-18-51-49-20-10 = 1.0,10-39-37-27-53-21-10 = 0.25,10-39-37-57-27-22-9 = 0.333,10-14-48-22-9 = 0.5,9-54-53-59-9 = 0.083,10-16-57-27-22-9 = 0.167,10-16-54-53-9 = 0.167,10-40-50-32-10 = 0.5,10-28-60-57-27-53-9 = 0.167,10-28-60-57-53-59-9 = 0.333,8-34-17-25-2 = 0.5,2-23-11-25-2 = 0.5,2-23-17-11-2 = 0.5,2-40-50-32-10 = 0.5
0,0,799.914,0.0,799.914,0.0,Prune by CG,,7-11-7 = 1.0,9-46-24-31-9 = 0.5,9-46-29-9 = 0.5,9-55-30-9 = 0.667,9-29-24-31-9 = 0.5,9-13-52-44-7 = 1.0,9-54-16-21-7 = 0.5,9-54-16-37-10 = 0.25,9-54-16-28-7 = 0.25,7-40-50-32-10 = 1.0,7-36-58-56-7 = 1.0,7-23-34-17-7 = 1.0,10-35-38-47-43-10 = 1.0,7-28-60-57-37-59-9 = 0.5,10-39-15-12-10 = 0.75,10-15-12-10 = 0.25,7-57-27-53-59-9 = 0.25,10-18-51-49-20-10 = 1.0,7-60-57-27-53-21-7 = 0.25,7-28-60-27-53-59-9 = 0.25,9-45-41-9 = 0.333,9-30-41-19-9 = 0.333,9-45-33-19-9 = 0.667,7-42-26-25-7 = 1.0,9-55-33-41-9 = 0.333,10-39-37-27-53-21-7 = 0.25,10-14-48-22-9 = 1.0
0,0,806.352,0.0,806.352,0.0,Prune by CG,,7-11-7 = 1.0,9-46-29-9 = 0.5,9-55-30-9 = 0.75,9-55-45-19-9 = 0.25,9-29-24-31-9 = 0.5,9-13-52-44-7 = 1.0,9-54-16-21-7 = 0.5,9-54-16-37-10 = 0.25,9-54-16-28-7 = 0.25,7-40-50-32-10 = 1.0,7-36-58-56-7 = 1.0,7-23-34-17-7 = 1.0,10-35-38-47-43-10 = 1.0,7-28-60-57-37-59-9 = 0.5,10-39-15-12-10 = 0.75,10-15-12-10 = 0.25,7-57-27-53-59-9 = 0.25,10-18-51-49-20-10 = 1.0,7-60-57-27-53-21-7 = 0.25,7-28-60-27-53-59-9 = 0.25,9-30-41-19-9 = 0.25,9-45-33-19-9 = 0.5,7-42-26-25-7 = 1.0,5-46-24-31-5 = 0.5,10-39-37-27-53-21-7 = 0.25,10-14-48-22-9 = 1.0,3-45-41-3 = 0.25,3-33-41-3 = 0.5
0,0,800.525,0.0,800.525,0.0,Prune by CG,,8-41-8 = 1.0,8-42-26-8 = 0.9,8-42-26-25-7 = 0.1,8-45-33-19-9 = 0.6,8-56-27-59-9 = 0.1,8-45-33-19-8 = 0.4,8-34-17-25-7 = 0.9,8-34-36-17-7 = 0.1,8-58-27-53-59-9 = 0.1,9-46-29-9 = 0.5,9-55-30-9 = 1.0,9-29-24-31-9 = 0.5,9-54-16-21-7 = 0.6,9-54-16-28-7 = 0.1,9-13-52-44-8 = 1.0,7-40-50-32-7 = 1.0,7-23-11-7 = 1.0,7-16-54-53-7 = 0.1,7-16-27-53-21-7 = 0.2,9-14-48-22-9 = 1.0,7-36-58-56-8 = 0.9,7-28-60-57-37-59-9 = 0.7,7-60-57-27-53-21-7 = 0.2,7-28-57-37-27-53-9 = 0.1,7-28-60-27-53-59-9 = 0.1,5-46-24-31-5 = 0.5,9-54-37-27-53-9 = 0.2,6-35-38-47-43-6 = 1.0,6-18-39-15-12-6 = 1.0,6-51-49-20-6 = 1.0
0,0,794.889,0.0,794.889,0.0,Prune by CG,,8-41-8 = 1.0,8-42-26-8 = 0.714,8-42-26-25-7 = 0.286,8-56-27-59-9 = 0.143,8-58-56-22-9 = 0.143,8-45-33-19-8 = 1.0,8-34-17-25-7 = 0.714,8-34-36-17-7 = 0.286,8-58-27-53-59-9 = 0.143,9-48-59-9 = 0.143,9-46-24-31-9 = 0.5,9-46-29-9 = 0.5,9-55-30-9 = 1.0,9-29-24-31-9 = 0.5,9-54-16-21-7 = 0.286,9-54-16-37-10 = 0.143,9-54-16-28-7 = 0.429,9-13-52-44-8 = 1.0,7-40-50-32-10 = 1.0,7-23-11-7 = 1.0,7-16-54-53-7 = 0.143,10-35-38-47-43-10 = 0.929,10-35-14-39-10 = 0.071,7-36-58-56-8 = 0.714,7-28-60-57-37-59-9 = 0.571,10-14-38-47-43-10 = 0.071,10-39-15-12-10 = 0.643,10-15-12-10 = 0.357,10-18-51-49-20-10 = 1.0,7-60-57-27-53-21-7 = 0.429,10-39-37-27-53-21-7 = 0.286,10-14-48-22-9 = 0.857
0,0,818.987,0.0,818.987,0.0,Prune by CG,,7-11-7 = 0.75,2-25-2 = 1.0,8-33-41-8 = 0.786,8-34-60-28-17-7 = 0.107,8-42-26-8 = 1.0,8-45-41-8 = 0.214,8-58-56-21-7 = 0.018,8-54-16-60-7 = 0.25,8-54-16-28-7 = 0.536,8-45-33-19-8 = 0.214,8-13-52-44-8 = 1.0,7-40-50-32-10 = 0.857,7-23-11-7 = 0.107,7-28-60-57-27-53-7 = 0.143,7-28-60-57-37-27-7 = 0.214,7-23-34-17-7 = 0.893,10-35-38-47-43-10 = 0.857,7-36-58-56-8 = 0.982,10-14-38-47-43-10 = 0.143,10-15-12-10 = 0.857,10-15-50-32-10 = 0.143,7-40-11-7 = 0.143,10-18-51-49-20-10 = 0.857,10-18-51-49-12-10 = 0.143,7-60-57-27-53-21-7 = 0.286,5-46-24-31-5 = 0.643,10-14-35-20-10 = 0.143,10-14-48-37-10 = 0.071,10-39-37-27-53-21-7 = 0.357,10-14-37-57-36-7 = 0.018,10-14-37-57-21-7 = 0.339,8-45-55-30-22-5 = 0.071,8-45-55-30-22-8 = 0.143,8-45-55-19-8 = 0.357,8-55-30-22-19-8 = 0.429,10-39-48-59-10 = 0.643,10-14-48-29-5 = 0.286,5-29-24-31-5 = 0.357,5-46-29-30-22-59-10 = 0.357,10-16-54-53-7 = 0.214
0,0,825.736,0.0,825.736,0.0,Prune by CG,,8-33-41-8 = 0.917,8-42-26-8 = 1.0,8-45-41-8 = 0.083,8-54-48-37-7 = 0.5,8-54-16-28-7 = 0.25,8-45-33-19-8 = 0.083,8-13-52-44-8 = 1.0,8-48-59-21-7 = 0.25,7-40-50-32-7 = 1.0,7-34-17-25-7 = 0.75,7-23-11-7 = 0.75,7-23-11-25-7 = 0.25,7-16-54-53-7 = 0.25,7-34-60-28-21-7 = 0.25,7-16-37-57-17-7 = 0.25,7-28-60-57-27-53-7 = 0.5,7-16-37-27-21-7 = 0.25,7-36-58-56-8 = 1.0,7-60-57-27-53-21-7 = 0.25,5-46-24-31-5 = 1.0,8-45-55-30-5 = 0.75,8-45-55-30-22-8 = 0.083,8-55-30-22-19-8 = 0.167,6-51-49-20-43-6 = 0.25,6-35-14-38-6 = 0.25,6-35-14-47-6 = 0.25,6-35-38-47-43-6 = 0.5,6-14-38-47-43-6 = 0.25,6-18-39-15-12-6 = 1.0,6-51-49-20-6 = 0.75,5-29-22-59-19-8 = 0.75,5-14-48-29-5 = 0.25
0,0,839.096,0.0,839.096,0.0,Prune by CG,,7-11-7 = 0.625,10-15-10 = 0.319,7-40-50-32-10 = 1.0,7-34-58-36-7 = 0.167,7-23-11-7 = 0.375,7-54-16-28-7 = 0.708,7-34-60-28-21-7 = 0.208,7-36-58-56-7 = 0.708,7-28-60-57-37-27-7 = 0.083,7-23-34-17-7 = 0.625,10-35-38-47-43-10 = 0.722,10-35-14-39-10 = 0.278,10-14-38-47-43-10 = 0.139,10-39-38-47-20-10 = 0.139,10-12-49-20-10 = 0.181,10-15-12-10 = 0.681,10-18-51-49-20-10 = 0.681,10-18-51-49-12-10 = 0.139,7-60-57-27-53-21-7 = 0.625,7-42-26-25-7 = 1.0,10-14-48-37-10 = 0.5,10-39-37-27-53-21-7 = 0.083,7-60-57-37-27-21-7 = 0.083,10-14-37-57-36-7 = 0.083,7-57-56-27-7 = 0.125,10-39-48-59-10 = 0.5,10-18-29-24-31-10 = 0.181,10-29-24-31-43-10 = 0.139,10-46-29-30-22-59-10 = 0.5,10-46-24-31-10 = 0.5,10-51-29-24-31-10 = 0.181,10-16-54-53-7 = 0.292,10-55-33-41-7 = 0.5,7-45-19-44-7 = 0.083,7-45-33-19-7 = 0.417,7-13-52-44-7 = 0.833,7-45-55-30-22-7 = 0.375,7-45-55-30-22-10 = 0.125,10-37-13-56-7 = 0.167,7-17-41-19-7 = 0.375,7-58-52-19-7 = 0.125,7-36-52-41-7 = 0.042,7-33-41-44-7 = 0.083
0,0,808.096,0.0,808.096,0.0,Prune by CG,,7-11-7 = 1.0,9-46-29-9 = 0.5,9-55-30-9 = 0.667,9-29-24-31-9 = 0.5,9-13-52-44-7 = 1.0,9-54-16-21-7 = 0.286,7-40-50-32-7 = 1.0,7-54-16-21-7 = 0.429,7-36-58-56-7 = 1.0,7-23-34-17-7 = 1.0,9-14-48-22-9 = 1.0,7-16-37-27-21-7 = 0.143,7-28-60-57-37-59-9 = 0.571,7-16-54-53-9 = 0.143,7-57-27-53-59-9 = 0.143,7-60-57-27-53-21-7 = 0.143,7-28-57-37-27-53-9 = 0.143,7-28-60-27-53-59-9 = 0.286,9-45-41-9 = 0.333,9-30-41-19-9 = 0.333,9-45-33-19-9 = 0.667,7-42-26-25-7 = 1.0,9-55-33-41-9 = 0.333,5-46-24-31-5 = 0.5,9-54-37-27-53-9 = 0.143,6-35-38-47-43-6 = 1.0,6-18-39-15-12-6 = 1.0,6-51-49-20-6 = 1.0
0,0,816.512,0.0,816.512,0.0,Prune by CG,,8-33-41-8 = 0.792,8-42-26-8 = 1.0,8-45-41-8 = 0.208,8-54-16-60-7 = 0.312,8-54-16-28-7 = 0.563,8-45-33-19-8 = 0.208,8-13-52-44-8 = 1.0,7-40-50-32-7 = 0.125,7-40-50-32-10 = 0.75,7-34-17-25-7 = 0.906,7-23-11-7 = 0.969,7-34-60-28-17-7 = 0.062,7-28-60-57-27-53-7 = 0.25,7-28-60-57-37-27-7 = 0.125,7-23-34-17-7 = 0.031,10-35-38-47-43-10 = 0.875,7-36-58-56-8 = 1.0,10-14-38-47-43-10 = 0.125,10-15-12-10 = 0.875,10-15-50-32-10 = 0.125,7-40-25-7 = 0.094,7-40-11-7 = 0.031,10-18-51-49-20-10 = 0.875,10-18-51-49-12-10 = 0.125,7-60-57-27-53-21-7 = 0.25,5-46-24-31-5 = 0.625,10-14-35-20-10 = 0.125,10-14-48-37-10 = 0.125,10-39-37-27-53-21-7 = 0.375,10-14-37-57-21-7 = 0.375,8-45-55-30-22-5 = 0.125,8-45-55-30-22-8 = 0.083,8-45-55-19-8 = 0.375,8-55-30-22-19-8 = 0.417,10-39-48-59-10 = 0.625,10-14-48-29-5 = 0.25,5-29-24-31-5 = 0.375,5-46-29-30-22-59-10 = 0.375,10-16-54-53-7 = 0.125
0,0,827.912,0.0,827.912,0.0,Prune by CG,,8-41-8 = 1.0,8-34-60-28-21-10 = 0.467,8-42-26-8 = 1.0,8-56-27-59-9 = 0.133,8-45-33-19-8 = 1.0,8-58-27-53-59-9 = 0.467,8-36-57-56-8 = 0.333,8-36-58-56-8 = 0.533,9-48-59-9 = 0.133,9-46-29-9 = 0.5,9-55-30-9 = 1.0,9-29-24-31-9 = 0.5,9-54-16-21-10 = 0.267,9-54-16-37-10 = 0.733,9-13-52-44-8 = 1.0,10-35-38-47-43-10 = 0.933,10-35-14-39-10 = 0.067,10-14-38-47-43-10 = 0.067,10-39-12-10 = 0.067,10-39-15-12-10 = 0.6,10-15-12-10 = 0.333,10-15-50-32-10 = 0.067,10-18-51-49-20-10 = 1.0,10-39-37-27-53-21-10 = 0.133,5-46-24-31-5 = 0.5,10-39-37-57-27-22-9 = 0.133,10-14-48-22-9 = 0.867,8-23-11-25-8 = 0.467,8-17-11-25-8 = 0.467,10-40-11-25-8 = 0.067,8-34-23-17-8 = 0.533,10-40-50-32-10 = 0.933,10-28-60-57-27-53-9 = 0.133,10-28-60-57-53-59-9 = 0.267,10-28-60-36-57-21-10 = 0.133
0,0,816.447,0.0,816.447,0.0,Prune by CG,,7-11-7 = 1.0,9-46-24-31-9 = 0.5,9-46-29-9 = 0.5,9-55-30-9 = 0.75,9-55-45-19-9 = 0.25,9-29-24-31-9 = 0.5,9-13-52-44-7 = 1.0,9-54-16-21-7 = 0.286,7-40-50-32-7 = 1.0,7-54-16-21-7 = 0.429,7-36-58-56-7 = 1.0,7-23-34-17-7 = 1.0,9-14-48-22-9 = 1.0,7-16-37-27-21-7 = 0.143,7-28-60-57-37-59-9 = 0.571,7-16-54-53-9 = 0.143,7-57-27-53-59-9 = 0.143,7-60-57-27-53-21-7 = 0.143,7-28-57-37-27-53-9 = 0.143,7-28-60-27-53-59-9 = 0.286,9-30-41-19-9 = 0.25,9-45-33-19-9 = 0.5,7-42-26-25-7 = 1.0,9-54-37-27-53-9 = 0.143,3-45-41-3 = 0.25,3-33-41-3 = 0.5,6-35-38-47-43-6 = 1.0,6-18-39-15-12-6 = 1.0,6-51-49-20-6 = 1.0
0,0,836.32,0.0,836.32,0.0,Prune by CG,,7-11-7 = 1.0,7-40-50-32-10 = 1.0,7-54-16-28-7 = 0.414,7-36-58-56-7 = 1.0,7-28-60-57-37-59-10 = 0.076,7-23-34-17-7 = 1.0,10-35-38-47-43-10 = 0.679,10-35-14-59-10 = 0.04,10-35-14-39-10 = 0.281,10-14-38-47-43-10 = 0.321,10-15-12-10 = 1.0,10-18-51-49-20-10 = 1.0,7-60-57-27-53-21-7 = 0.924,10-16-54-37-10 = 0.076,7-42-26-25-7 = 1.0,5-46-24-31-5 = 0.834,10-14-48-37-10 = 0.199,10-39-48-59-10 = 0.719,10-14-48-29-5 = 0.083,7-45-55-30-5 = 0.586,5-29-24-31-5 = 0.166,5-46-29-30-22-59-10 = 0.166,7-45-33-19-7 = 0.338,7-13-52-44-7 = 0.427,7-33-41-44-7 = 0.325,5-29-22-41-19-7 = 0.338,5-55-45-19-7 = 0.076,5-55-33-41-7 = 0.338,10-37-13-52-22-5 = 0.497,10-14-37-27-21-7 = 0.076,10-54-16-28-7 = 0.51,5-29-30-19-44-7 = 0.248,10-37-13-52-53-7 = 0.076
0,0,830.318,0.0,830.318,0.0,Prune by CG,,8-33-41-8 = 0.8,8-42-26-8 = 0.9,8-42-26-25-7 = 0.1,8-45-41-8 = 0.2,8-45-33-19-8 = 0.2,8-13-52-44-8 = 1.0,8-34-17-25-7 = 0.7,7-40-50-32-10 = 1.0,7-34-17-25-7 = 0.2,7-23-11-7 = 1.0,7-34-60-28-17-7 = 0.1,7-28-60-57-27-53-7 = 0.2,10-35-38-47-43-10 = 0.8,10-35-14-39-10 = 0.2,7-36-58-56-8 = 1.0,10-14-38-47-43-10 = 0.2,10-15-12-10 = 1.0,10-18-51-49-20-10 = 1.0,7-60-57-27-53-21-7 = 0.6,10-16-54-37-10 = 0.2,5-46-29-31-5 = 0.133,5-46-24-31-5 = 0.533,10-14-48-37-10 = 0.4,10-39-37-27-53-21-7 = 0.2,10-14-37-57-21-7 = 0.2,8-45-55-30-5 = 0.2,8-45-55-30-22-5 = 0.2,8-45-55-19-8 = 0.2,8-55-30-22-19-8 = 0.4,10-39-48-59-10 = 0.6,5-29-24-31-5 = 0.333,5-46-29-24-5 = 0.133,5-46-29-30-22-59-10 = 0.2,5-29-22-59-19-8 = 0.2,10-54-16-28-7 = 0.7,10-16-54-60-7 = 0.1
0,0,818.369,0.0,818.369,0.0,Prune by CG,,8-41-8 = 1.0,8-34-60-28-21-10 = 0.5,8-42-26-8 = 1.0,8-45-33-19-8 = 1.0,8-36-58-56-8 = 1.0,9-48-59-9 = 0.5,9-46-29-9 = 0.5,9-55-30-9 = 1.0,9-29-24-31-9 = 0.5,9-54-16-21-10 = 0.25,9-54-16-37-10 = 0.417,9-54-27-59-9 = 0.083,9-13-52-44-8 = 1.0,10-35-38-47-43-10 = 0.75,10-35-14-39-10 = 0.25,10-14-38-47-43-10 = 0.25,10-39-15-12-10 = 0.167,10-15-12-10 = 0.833,10-18-51-49-20-10 = 1.0,10-39-37-27-53-21-10 = 0.25,5-46-24-31-5 = 0.5,10-39-37-57-27-22-9 = 0.333,10-14-48-22-9 = 0.5,9-54-53-59-9 = 0.083,10-16-57-27-22-9 = 0.167,10-16-54-53-9 = 0.167,10-40-50-32-10 = 0.5,10-28-60-57-27-53-9 = 0.167,10-28-60-57-53-59-9 = 0.333,8-34-17-25-2 = 0.5,2-23-11-25-2 = 0.5,2-23-17-11-2 = 0.5,2-40-50-32-10 = 0.5
0,0,814.575,0.0,814.575,0.0,Prune by CG,,7-11-7 = 1.0,9-46-29-9 = 0.5,9-55-30-9 = 0.667,9-29-24-31-9 = 0.5,9-13-52-44-7 = 1.0,9-54-16-21-7 = 0.5,9-54-16-37-10 = 0.25,9-54-16-28-7 = 0.25,7-40-50-32-10 = 1.0,7-36-58-56-7 = 1.0,7-23-34-17-7 = 1.0,10-35-38-47-43-10 = 1.0,7-28-60-57-37-59-9 = 0.5,10-39-15-12-10 = 0.75,10-15-12-10 = 0.25,7-57-27-53-59-9 = 0.25,10-18-51-49-20-10 = 1.0,7-60-57-27-53-21-7 = 0.25,7-28-60-27-53-59-9 = 0.25,9-45-41-9 = 0.333,9-30-41-19-9 = 0.333,9-45-33-19-9 = 0.667,7-42-26-25-7 = 1.0,9-55-33-41-9 = 0.333,5-46-24-31-5 = 0.5,10-39-37-27-53-21-7 = 0.25,10-14-48-22-9 = 1.0
0,0,825.579,0.0,825.579,0.0,Prune by CG,,7-11-7 = 1.0,9-46-24-31-9 = 0.5,9-46-29-9 = 0.5,9-55-30-9 = 0.75,9-55-45-19-9 = 0.25,9-29-24-31-9 = 0.5,9-13-52-44-7 = 1.0,9-54-16-21-7 = 0.5,9-54-16-37-10 = 0.25,9-54-16-28-7 = 0.25,7-40-50-32-10 = 1.0,7-36-58-56-7 = 1.0,7-23-34-17-7 = 1.0,10-35-38-47-43-10 = 1.0,7-28-60-57-37-59-9 = 0.5,10-39-15-12-10 = 0.75,10-15-12-10 = 0.25,7-57-27-53-59-9 = 0.25,10-18-51-49-20-10 = 1.0,7-60-57-27-53-21-7 = 0.25,7-28-60-27-53-59-9 = 0.25,9-30-41-19-9 = 0.25,9-45-33-19-9 = 0.5,7-42-26-25-7 = 1.0,10-39-37-27-53-21-7 = 0.25,10-14-48-22-9 = 1.0,3-45-41-3 = 0.25,3-33-41-3 = 0.5
0,0,834.24,0.0,834.24,0.0,Prune by CG,,8-33-41-8 = 0.799,8-34-60-28-21-10 = 0.219,8-42-26-8 = 0.813,8-45-41-8 = 0.201,8-45-33-19-8 = 0.201,8-13-52-44-8 = 1.0,8-36-58-56-8 = 0.953,8-34-26-8 = 0.187,10-35-38-47-43-10 = 0.698,10-35-14-39-10 = 0.302,10-14-38-47-43-10 = 0.302,10-15-12-10 = 1.0,10-18-51-49-20-10 = 1.0,10-16-54-37-10 = 0.486,10-39-37-27-53-21-10 = 0.047,5-46-29-31-5 = 0.005,5-46-24-31-5 = 0.595,10-14-48-37-10 = 0.201,10-39-37-57-58-8 = 0.047,8-45-55-30-22-5 = 0.201,8-45-55-19-8 = 0.396,8-55-30-22-19-8 = 0.403,10-39-48-59-10 = 0.604,10-14-48-29-5 = 0.194,5-29-24-31-5 = 0.4,5-46-29-24-5 = 0.005,8-34-17-42-8 = 0.187,10-40-50-32-10 = 0.594,10-28-60-57-27-53-8 = 0.734,10-28-60-36-56-8 = 0.047,8-34-17-25-2 = 0.406,5-46-29-30-22-59-10 = 0.396,2-23-11-25-2 = 0.594,2-23-17-11-2 = 0.406,2-40-50-32-10 = 0.406,10-54-16-21-10 = 0.514,10-37-57-27-53-21-10 = 0.219
0,0,833.028,0.0,833.028,0.0,Prune by CG,,8-41-8 = 0.333,8-33-41-8 = 0.667,8-34-60-28-17-7 = 0.14,8-42-26-8 = 0.86,8-42-26-25-7 = 0.14,8-45-33-19-8 = 0.333,8-13-52-44-8 = 1.0,8-34-17-25-7 = 0.72,7-40-50-32-10 = 1.0,7-34-17-25-7 = 0.14,7-23-11-7 = 1.0,7-28-60-57-27-53-7 = 0.398,10-35-38-47-43-10 = 0.79,10-35-14-39-10 = 0.21,7-36-58-56-8 = 1.0,10-14-38-47-43-10 = 0.21,10-15-12-10 = 1.0,10-18-51-49-20-10 = 1.0,7-60-57-27-53-21-7 = 0.462,10-16-54-37-10 = 0.538,10-14-48-37-10 = 0.183,10-39-37-27-53-21-7 = 0.14,10-14-37-57-21-7 = 0.14,10-39-48-59-10 = 0.651,8-45-55-30-4 = 0.667,4-55-30-22-19-8 = 0.333,4-29-24-31-4 = 0.5,4-46-24-31-4 = 0.5,4-46-29-22-19-8 = 0.242,4-46-29-22-59-21-7 = 0.258,10-54-16-28-7 = 0.462,10-14-48-22-4 = 0.167,10-14-59-19-8 = 0.091
0,0,836.326,0.0,836.326,0.0,Prune by CG,,8-41-8 = 1.0,8-34-60-28-21-10 = 0.467,8-42-26-8 = 1.0,8-56-27-59-9 = 0.133,8-45-33-19-8 = 1.0,8-58-27-53-59-9 = 0.467,8-36-57-56-8 = 0.333,8-36-58-56-8 = 0.533,9-48-59-9 = 0.133,9-46-24-31-9 = 0.5,9-46-29-9 = 0.5,9-55-30-9 = 1.0,9-29-24-31-9 = 0.5,9-54-16-21-10 = 0.267,9-54-16-37-10 = 0.733,9-13-52-44-8 = 1.0,10-35-38-47-43-10 = 0.933,10-35-14-39-10 = 0.067,10-14-38-47-43-10 = 0.067,10-39-12-10 = 0.067,10-39-15-12-10 = 0.6,10-15-12-10 = 0.333,10-15-50-32-10 = 0.067,10-18-51-49-20-10 = 1.0,10-39-37-27-53-21-10 = 0.133,10-39-37-57-27-22-9 = 0.133,10-14-48-22-9 = 0.867,8-23-11-25-8 = 0.467,8-17-11-25-8 = 0.467,10-40-11-25-8 = 0.067,8-34-23-17-8 = 0.533,10-40-50-32-10 = 0.933,10-28-60-57-27-53-9 = 0.133,10-28-60-57-53-59-9 = 0.267,10-28-60-36-57-21-10 = 0.133
0,0,845.474,0.0,845.474,0.0,Prune by CG,,8-33-41-8 = 0.667,8-34-60-28-21-10 = 0.333,8-42-26-8 = 1.0,8-45-41-8 = 0.333,8-54-16-21-10 = 0.333,8-45-33-19-8 = 0.333,8-13-52-44-8 = 1.0,8-36-58-56-8 = 1.0,10-35-38-47-43-10 = 0.467,10-35-51-20-10 = 0.067,10-35-14-39-10 = 0.333,10-14-38-47-43-10 = 0.533,10-12-49-20-10 = 0.067,10-15-12-10 = 0.667,10-15-50-32-10 = 0.333,10-18-51-49-20-10 = 0.733,10-18-51-49-12-10 = 0.2,10-18-12-10 = 0.067,10-16-54-37-10 = 0.667,5-46-29-31-5 = 0.222,5-46-24-31-5 = 0.222,10-14-35-20-10 = 0.133,8-45-55-30-22-5 = 0.333,8-55-30-22-19-8 = 0.667,10-39-48-59-10 = 0.667,5-29-24-31-5 = 0.556,5-46-29-24-5 = 0.222,8-23-11-25-8 = 0.333,8-17-11-25-8 = 0.333,10-40-11-25-8 = 0.333,8-34-23-17-8 = 0.667,10-40-50-32-10 = 0.667,10-28-60-57-27-53-8 = 0.667,5-46-48-59-10 = 0.333,10-37-57-27-53-21-10 = 0.333
0,0,811.444,0.0,811.444,0.0,Prune by CG,,7-11-7 = 1.0,9-46-24-31-9 = 0.5,9-46-29-9 = 0.167,9-46-29-30-9 = 0.333,9-55-30-9 = 0.667,9-29-24-31-9 = 0.5,9-13-52-44-7 = 1.0,9-54-16-21-7 = 0.5,9-54-16-37-10 = 0.25,9-54-16-28-7 = 0.25,7-40-50-32-10 = 1.0,7-36-58-56-7 = 1.0,7-23-34-17-7 = 1.0,10-35-38-47-43-10 = 1.0,7-28-60-57-37-59-9 = 0.5,10-39-15-12-10 = 0.75,10-15-12-10 = 0.25,7-57-27-53-59-9 = 0.25,10-18-51-49-20-10 = 1.0,7-60-57-27-53-21-7 = 0.25,7-28-60-27-53-59-9 = 0.25,9-45-33-19-9 = 0.667,7-42-26-25-7 = 1.0,10-39-37-27-53-21-7 = 0.25,10-14-48-22-9 = 1.0,3-41-19-9 = 0.333,3-45-41-3 = 0.333,9-55-33-41-3 = 0.333
0,0,854.851,0.0,854.851,0.0,Prune by CG,,8-33-41-8 = 0.667,8-34-60-28-21-10 = 0.222,8-42-26-8 = 1.0,8-45-41-8 = 0.333,8-45-55-22-59-10 = 0.09,8-54-16-21-10 = 0.556,8-45-33-19-8 = 0.333,8-45-55-29-24-10 = 0.243,8-13-52-44-8 = 1.0,8-36-58-56-8 = 1.0,10-35-38-47-43-10 = 0.653,10-35-14-39-10 = 0.063,10-14-38-47-43-10 = 0.076,10-39-38-47-20-10 = 0.271,10-15-12-10 = 0.444,10-15-50-32-10 = 0.556,10-18-51-49-20-10 = 0.444,10-18-51-49-12-10 = 0.556,10-16-54-37-10 = 0.444,10-14-35-20-10 = 0.285,10-14-48-37-10 = 0.333,8-55-30-22-19-8 = 0.667,10-39-48-59-10 = 0.667,10-14-29-31-10 = 0.153,10-14-46-29-30-8 = 0.09,10-29-24-31-43-10 = 0.181,10-46-29-31-43-10 = 0.09,10-46-29-30-22-59-10 = 0.243,10-46-24-31-10 = 0.576,8-23-11-25-8 = 0.222,8-17-11-25-8 = 0.222,10-40-11-25-8 = 0.556,8-34-23-17-8 = 0.778,10-40-50-32-10 = 0.444,10-28-60-57-27-53-8 = 0.465,10-28-60-57-27-53-10 = 0.313,10-37-57-27-53-21-10 = 0.222
0,0,846.024,0.0,846.024,0.0,Prune by CG,,10-15-10 = 0.033,8-33-41-8 = 0.667,8-34-60-28-21-10 = 0.333,8-42-26-8 = 0.889,8-45-41-8 = 0.333,8-54-16-21-10 = 0.089,8-45-33-19-8 = 0.333,8-45-55-29-24-10 = 0.2,8-13-52-44-8 = 1.0,8-36-58-56-8 = 1.0,8-34-26-8 = 0.111,10-35-38-47-43-10 = 0.733,10-35-14-38-10 = 0.133,10-35-14-47-10 = 0.133,10-14-38-47-43-10 = 0.133,10-12-49-20-10 = 0.033,10-15-12-10 = 0.967,10-18-51-49-20-10 = 0.967,10-16-54-37-10 = 0.667,8-45-55-30-22-8 = 0.133,8-55-30-22-19-8 = 0.667,10-39-48-59-10 = 1.0,10-14-29-31-10 = 0.2,10-14-46-29-30-8 = 0.2,10-14-46-29-22-8 = 0.2,10-18-29-24-31-10 = 0.033,10-29-24-31-43-10 = 0.133,10-46-24-31-10 = 0.6,10-51-29-24-31-10 = 0.033,8-34-17-42-8 = 0.111,10-40-50-32-10 = 0.556,10-28-60-57-27-53-8 = 0.667,8-34-17-25-2 = 0.444,2-23-11-25-2 = 0.556,2-23-17-11-2 = 0.444,2-40-50-32-10 = 0.444,10-54-16-21-10 = 0.244,10-37-57-27-53-21-10 = 0.333
0,0,819.659,0.0,819.659,0.0,Prune by CG,,7-11-7 = 0.696,2-25-2 = 1.0,8-41-8 = 1.0,8-42-26-8 = 1.0,8-45-33-19-9 = 1.0,8-56-27-59-9 = 0.089,8-58-56-22-9 = 0.214,8-34-36-17-7 = 0.304,8-58-27-53-59-9 = 0.089,9-46-24-31-9 = 0.5,9-46-29-9 = 0.5,9-55-30-9 = 1.0,9-29-24-31-9 = 0.5,9-54-16-21-7 = 0.643,9-54-16-28-7 = 0.196,9-48-37-27-53-7 = 0.196,9-48-37-27-53-9 = 0.018,9-13-52-44-8 = 1.0,9-54-37-27-53-7 = 0.071,7-40-50-32-7 = 1.0,7-23-11-7 = 0.304,7-16-54-53-7 = 0.089,7-16-27-53-21-7 = 0.071,7-28-57-37-27-53-7 = 0.089,7-23-34-17-7 = 0.696,9-14-48-22-9 = 0.786,7-36-58-56-8 = 0.696,7-28-60-57-37-59-9 = 0.625,7-60-57-27-53-21-7 = 0.286,7-28-60-27-53-59-9 = 0.089,9-14-38-47-43-6 = 0.107,6-35-38-47-43-6 = 0.893,6-18-39-15-12-6 = 1.0,6-51-49-20-6 = 1.0,6-35-14-59-9 = 0.107
0,0,823.788,0.0,823.788,0.0,Prune by CG,,7-11-7 = 1.0,9-46-29-9 = 0.5,9-55-30-9 = 0.667,9-29-24-31-9 = 0.5,9-13-52-44-7 = 1.0,9-54-16-21-7 = 0.5,9-54-16-37-10 = 0.25,9-54-16-28-7 = 0.25,7-40-50-32-10 = 1.0,7-36-58-56-7 = 1.0,7-23-34-17-7 = 1.0,10-35-38-47-43-10 = 1.0,7-28-60-57-37-59-9 = 0.5,10-39-15-12-10 = 0.75,10-15-12-10 = 0.25,7-57-27-53-59-9 = 0.25,10-18-51-49-20-10 = 1.0,7-60-57-27-53-21-7 = 0.25,7-28-60-27-53-59-9 = 0.25,9-45-41-9 = 0.333,9-30-41-19-9 = 0.333,9-45-33-19-9 = 0.667,7-42-26-25-7 = 1.0,9-55-33-41-9 = 0.333,5-46-24-31-5 = 0.5,10-39-37-27-53-21-7 = 0.25,10-14-48-22-9 = 1.0
0,0,846.353,0.0,846.353,0.0,Prune by CG,,7-11-7 = 1.0,7-40-50-32-10 = 1.0,7-54-16-28-7 = 0.441,7-36-58-56-7 = 1.0,7-28-60-57-37-59-10 = 0.195,7-23-34-17-7 = 1.0,10-35-38-47-43-10 = 0.74,10-35-14-39-10 = 0.26,10-14-38-47-43-10 = 0.26,10-15-12-10 = 1.0,10-18-51-49-20-10 = 1.0,7-60-57-27-53-21-7 = 0.805,10-16-54-37-10 = 0.195,7-42-26-25-7 = 1.0,5-46-24-31-5 = 0.714,10-39-37-27-53-21-7 = 0.195,10-39-48-59-10 = 0.545,10-14-48-29-5 = 0.137,5-29-24-31-5 = 0.286,10-14-48-30-4 = 0.318,5-46-29-30-22-59-10 = 0.26,10-14-46-29-30-4 = 0.026,7-13-52-44-7 = 0.586,7-33-41-44-7 = 0.38,5-29-22-41-19-7 = 0.292,10-37-13-52-22-5 = 0.414,10-54-16-28-7 = 0.364,4-30-41-19-4 = 0.018,4-45-33-19-4 = 0.31,4-45-55-30-4 = 0.344,4-55-45-19-4 = 0.346,4-55-33-41-7 = 0.31,4-30-22-19-44-7 = 0.034
0,0,806.655,0.0,806.655,0.0,Prune by CG,,7-11-7 = 1.0,9-46-29-9 = 0.5,9-55-30-9 = 0.667,9-29-24-31-9 = 0.5,9-13-52-44-7 = 1.0,9-54-16-21-7 = 0.5,9-54-16-37-10 = 0.25,9-54-16-28-7 = 0.25,7-40-50-32-10 = 1.0,7-36-58-56-7 = 1.0,7-23-34-17-7 = 1.0,10-35-38-47-43-10 = 1.0,7-28-60-57-37-59-9 = 0.5,10-39-15-12-10 = 0.75,10-15-12-10 = 0.25,7-57-27-53-59-9 = 0.25,10-18-51-49-20-10 = 1.0,7-60-57-27-53-21-7 = 0.25,7-28-60-27-53-59-9 = 0.25,9-45-41-9 = 0.333,9-30-41-19-9 = 0.333,9-45-33-19-9 = 0.667,7-42-26-25-7 = 1.0,9-55-33-41-9 = 0.333,5-46-24-31-5 = 0.5,10-39-37-27-53-21-7 = 0.25,10-14-48-22-9 = 1.0
0,0,827.837,0.0,827.837,0.0,Prune by CG,,8-41-8 = 1.0,8-34-60-28-21-10 = 0.467,8-42-26-8 = 1.0,8-56-27-59-9 = 0.133,8-45-33-19-8 = 1.0,8-58-27-53-59-9 = 0.467,8-36-57-56-8 = 0.333,8-36-58-56-8 = 0.533,9-48-59-9 = 0.133,9-46-24-31-9 = 0.5,9-46-29-9 = 0.5,9-55-30-9 = 1.0,9-29-24-31-9 = 0.5,9-54-16-21-10 = 0.267,9-54-16-37-10 = 0.733,9-13-52-44-8 = 1.0,10-35-38-47-43-10 = 0.933,10-35-14-39-10 = 0.067,10-14-38-47-43-10 = 0.067,10-39-12-10 = 0.067,10-39-15-12-10 = 0.6,10-15-12-10 = 0.333,10-15-50-32-10 = 0.067,10-18-51-49-20-10 = 1.0,10-39-37-27-53-21-10 = 0.133,10-39-37-57-27-22-9 = 0.133,10-14-48-22-9 = 0.867,8-23-11-25-8 = 0.467,8-17-11-25-8 = 0.467,10-40-11-25-8 = 0.067,8-34-23-17-8 = 0.533,10-40-50-32-10 = 0.933,10-28-60-57-27-53-9 = 0.133,10-28-60-57-53-59-9 = 0.267,10-28-60-36-57-21-10 = 0.133
0,0,815.069,0.0,815.069,0.0,Prune by CG,,7-11-7 = 1.0,9-46-24-31-9 = 0.5,9-46-29-9 = 0.5,9-55-30-9 = 0.667,9-29-24-31-9 = 0.5,9-13-52-44-7 = 1.0,9-54-16-21-7 = 0.5,9-54-16-37-10 = 0.25,9-54-16-28-7 = 0.25,7-40-50-32-10 = 1.0,7-36-58-56-7 = 1.0,7-23-34-17-7 = 1.0,10-35-38-47-43-10 = 1.0,7-28-60-57-37-59-9 = 0.5,10-39-15-12-10 = 0.75,10-15-12-10 = 0.25,7-57-27-53-59-9 = 0.25,10-18-51-49-20-10 = 1.0,7-60-57-27-53-21-7 = 0.25,7-28-60-27-53-59-9 = 0.25,9-45-41-9 = 0.333,9-30-41-19-9 = 0.333,9-45-33-19-9 = 0.667,7-42-26-25-7 = 1.0,9-55-33-41-9 = 0.333,10-39-37-27-53-21-7 = 0.25,10-14-48-22-9 = 1.0
0,0,828.088,0.0,828.088,0.0,Prune by CG,,7-11-7 = 1.0,9-46-29-9 = 0.333,9-46-29-30-9 = 0.167,9-55-30-9 = 0.833,9-29-24-31-9 = 0.5,9-13-52-44-7 = 0.833,9-13-52-22-9 = 0.167,9-54-16-21-7 = 0.22,9-54-27-59-9 = 0.089,9-48-37-27-53-9 = 0.167,7-40-50-32-7 = 1.0,7-54-16-21-7 = 0.476,7-36-58-56-7 = 1.0,7-23-34-17-7 = 1.0,9-14-48-22-9 = 0.833,7-16-37-27-21-7 = 0.089,7-28-60-57-37-59-9 = 0.565,7-16-54-53-9 = 0.214,7-57-27-53-59-9 = 0.006,7-28-57-27-59-9 = 0.036,7-60-57-27-53-21-7 = 0.214,7-28-57-37-27-53-9 = 0.179,7-28-60-27-53-59-9 = 0.22,9-45-33-19-9 = 0.667,7-42-26-25-7 = 1.0,5-46-24-31-5 = 0.5,3-41-19-9 = 0.333,3-33-41-44-7 = 0.167,9-14-38-47-43-6 = 0.083,6-35-38-47-43-6 = 0.917,6-18-39-15-12-6 = 1.0,6-51-49-20-6 = 1.0,6-35-14-59-9 = 0.083,9-45-41-3 = 0.333,9-55-33-41-3 = 0.167
0,0,853.262,0.0,853.262,0.0,Prune by CG,,10-15-10 = 0.25,8-33-41-8 = 0.705,8-34-60-28-17-7 = 0.045,8-42-26-8 = 0.955,8-42-26-25-7 = 0.045,8-45-41-8 = 0.295,8-45-55-22-59-10 = 0.273,8-58-56-21-7 = 0.091,8-45-33-19-8 = 0.295,8-13-52-44-8 = 1.0,8-34-17-25-7 = 0.955,7-40-50-32-10 = 1.0,7-23-11-7 = 1.0,7-28-60-57-27-53-7 = 0.273,7-28-60-57-37-21-7 = 0.045,10-35-38-47-43-10 = 0.659,10-35-14-39-10 = 0.091,7-28-60-36-57-21-7 = 0.091,7-36-58-56-8 = 0.909,10-14-38-47-43-10 = 0.091,10-12-49-20-10 = 0.25,10-15-12-10 = 0.75,10-18-51-49-20-10 = 0.75,7-60-57-27-53-21-7 = 0.545,10-16-54-37-10 = 0.455,10-14-48-37-10 = 0.273,10-39-37-27-53-21-7 = 0.182,10-14-37-57-21-7 = 0.045,8-45-55-30-22-8 = 0.023,8-45-55-19-8 = 0.114,8-55-30-22-19-8 = 0.591,10-39-48-59-10 = 0.727,10-14-46-29-30-8 = 0.386,10-14-46-29-22-8 = 0.114,10-18-29-24-31-10 = 0.25,10-46-24-31-10 = 0.5,10-35-38-47-43-6 = 0.25,10-54-16-28-7 = 0.545,6-51-29-24-31-10 = 0.25
0,0,822.168,0.0,822.168,0.0,Prune by CG,,7-11-7 = 1.0,9-46-24-31-9 = 0.5,9-46-29-9 = 0.5,9-55-30-9 = 0.5,9-55-45-19-9 = 0.5,9-29-24-31-9 = 0.5,9-13-52-44-7 = 0.5,9-48-37-27-53-9 = 0.5,9-48-13-22-9 = 0.5,7-40-50-32-7 = 1.0,7-54-16-21-7 = 1.0,7-36-58-56-7 = 1.0,7-23-34-17-7 = 1.0,7-28-60-57-37-59-9 = 0.5,7-28-60-57-27-53-9 = 0.5,9-33-41-44-7 = 0.5,9-30-41-19-9 = 0.5,7-42-26-25-7 = 1.0,9-45-33-52-22-9 = 0.5,9-14-38-47-43-6 = 0.5,6-35-38-47-43-6 = 0.5,6-18-39-15-12-6 = 1.0,6-51-49-20-6 = 1.0,6-35-14-59-9 = 0.5
0,0,855.4,0.0,855.4,0.0,Prune by CG,,8-33-41-8 = 0.617,8-42-26-8 = 1.0,8-45-41-8 = 0.383,8-45-33-19-8 = 0.383,8-13-52-44-8 = 1.0,8-48-59-21-7 = 0.667,7-40-50-32-7 = 1.0,7-34-17-25-7 = 1.0,7-23-11-7 = 1.0,7-54-16-28-7 = 0.148,7-16-54-53-7 = 0.852,7-28-60-57-37-27-7 = 0.852,7-36-58-56-8 = 1.0,7-60-57-27-53-21-7 = 0.148,8-45-55-30-22-8 = 0.086,8-55-30-22-19-8 = 0.617,8-55-48-59-8 = 0.037,8-55-29-30-22-59-8 = 0.111,6-35-14-38-6 = 0.222,6-35-14-47-6 = 0.222,6-35-38-47-43-6 = 0.556,6-14-38-47-43-6 = 0.222,6-18-39-15-12-6 = 1.0,6-51-49-20-6 = 1.0,6-14-48-37-7 = 0.148,8-45-55-29-24-6 = 0.148,6-14-46-29-30-8 = 0.185,6-46-24-31-6 = 0.63,8-29-24-31-43-6 = 0.222,8-48-29-31-6 = 0.148,6-46-29-22-59-21-7 = 0.185
0,0,840.527,0.0,840.527,0.0,Prune by CG,,8-33-41-8 = 0.75,8-34-60-28-21-7 = 0.188,8-42-26-8 = 0.812,8-42-26-25-7 = 0.188,8-45-41-8 = 0.25,8-54-48-37-7 = 0.312,8-54-16-28-7 = 0.125,8-45-33-19-8 = 0.25,8-13-52-44-8 = 1.0,8-48-59-21-7 = 0.062,7-40-50-32-7 = 1.0,7-34-17-25-7 = 0.812,7-23-11-7 = 1.0,7-16-54-53-7 = 0.188,7-16-37-57-17-7 = 0.187,7-28-60-57-27-53-7 = 0.688,7-16-37-27-21-7 = 0.188,7-36-58-56-8 = 1.0,7-60-57-27-53-21-7 = 0.125,5-46-24-31-5 = 0.625,8-54-48-29-5 = 0.25,8-54-48-22-5 = 0.125,5-29-24-31-5 = 0.375,6-51-49-20-43-6 = 0.333,6-35-14-38-6 = 0.333,6-35-14-47-6 = 0.333,6-35-38-47-43-6 = 0.333,6-14-38-47-43-6 = 0.333,6-18-39-15-12-6 = 1.0,6-51-49-20-6 = 0.667,8-45-55-30-4 = 0.5,4-55-30-22-19-8 = 0.5,5-29-22-59-19-8 = 0.25,5-46-48-59-5 = 0.25,7-16-37-59-21-7 = 0.312,5-46-29-22-59-21-7 = 0.125
0,0,849.171,0.0,849.171,0.0,Prune by CG,,7-11-7 = 0.856,10-15-10 = 0.156,7-40-50-32-10 = 1.0,7-34-36-17-7 = 0.144,7-23-11-7 = 0.144,7-54-16-28-7 = 0.144,7-36-58-56-7 = 0.7,7-28-60-57-27-53-7 = 0.389,7-23-34-17-7 = 0.856,10-35-38-47-43-10 = 0.667,10-35-14-39-10 = 0.178,7-28-60-36-57-21-7 = 0.156,10-14-38-47-43-10 = 0.333,10-15-12-10 = 0.844,10-18-51-49-20-10 = 0.844,10-18-51-49-12-10 = 0.156,7-60-57-27-53-21-7 = 0.456,10-16-54-37-10 = 0.544,7-42-26-25-7 = 1.0,5-46-24-31-5 = 0.667,10-14-35-20-10 = 0.156,10-39-37-27-53-21-7 = 0.156,10-39-48-59-10 = 0.667,10-14-48-29-5 = 0.333,5-29-24-31-5 = 0.333,3-45-41-3 = 0.1,3-33-41-3 = 0.9,5-46-29-30-22-59-10 = 0.1,7-13-52-44-7 = 0.7,10-37-13-56-7 = 0.3,10-54-16-28-7 = 0.311,5-46-29-22-59-21-7 = 0.233,3-45-19-44-7 = 0.3,3-45-55-30-5 = 0.233,3-45-55-30-22-5 = 0.267,5-55-30-22-19-3 = 0.4,5-55-45-33-3 = 0.1,7-58-52-19-3 = 0.3
0,0,812.776,0.0,812.776,0.0,Prune by CG,,8-41-8 = 1.0,8-42-26-8 = 0.9,8-42-26-25-7 = 0.1,8-45-33-19-9 = 0.6,8-56-27-59-9 = 0.1,8-45-33-19-8 = 0.4,8-34-17-25-7 = 0.9,8-34-36-17-7 = 0.1,8-58-27-53-59-9 = 0.1,9-46-24-31-9 = 0.5,9-46-29-9 = 0.5,9-55-30-9 = 1.0,9-29-24-31-9 = 0.5,9-54-16-21-7 = 0.6,9-54-16-28-7 = 0.1,9-13-52-44-8 = 1.0,7-40-50-32-7 = 1.0,7-23-11-7 = 1.0,7-16-54-53-7 = 0.1,7-16-27-53-21-7 = 0.2,9-14-48-22-9 = 1.0,7-36-58-56-8 = 0.9,7-28-60-57-37-59-9 = 0.7,7-60-57-27-53-21-7 = 0.2,7-28-57-37-27-53-9 = 0.1,7-28-60-27-53-59-9 = 0.1,9-54-37-27-53-9 = 0.2,6-35-38-47-43-6 = 1.0,6-18-39-15-12-6 = 1.0,6-51-49-20-6 = 1.0
0,0,834.896,0.0,834.896,0.0,Prune by CG,,8-41-8 = 1.0,8-34-60-28-21-10 = 0.5,8-42-26-8 = 1.0,8-45-33-19-8 = 1.0,8-36-58-56-8 = 1.0,9-48-59-9 = 0.5,9-46-24-31-9 = 0.5,9-46-29-9 = 0.5,9-55-30-9 = 1.0,9-29-24-31-9 = 0.5,9-54-16-21-10 = 0.25,9-54-16-37-10 = 0.417,9-54-27-59-9 = 0.083,9-13-52-44-8 = 1.0,10-35-38-47-43-10 = 0.75,10-35-14-39-10 = 0.25,10-14-38-47-43-10 = 0.25,10-39-15-12-10 = 0.167,10-15-12-10 = 0.833,10-18-51-49-20-10 = 1.0,10-39-37-27-53-21-10 = 0.25,10-39-37-57-27-22-9 = 0.333,10-14-48-22-9 = 0.5,9-54-53-59-9 = 0.083,10-16-57-27-22-9 = 0.167,10-16-54-53-9 = 0.167,10-40-50-32-10 = 0.5,10-28-60-57-27-53-9 = 0.167,10-28-60-57-53-59-9 = 0.333,8-34-17-25-2 = 0.5,2-23-11-25-2 = 0.5,2-23-17-11-2 = 0.5,2-40-50-32-10 = 0.5
0,0,853.336,0.0,853.336,0.0,Prune by CG,,7-11-7 = 0.25,10-15-10 = 0.344,2-25-2 = 1.0,8-33-41-8 = 0.771,8-34-60-28-17-7 = 0.125,8-42-26-8 = 1.0,8-45-41-8 = 0.229,8-45-55-22-59-10 = 0.188,8-58-56-21-7 = 0.125,8-45-33-19-8 = 0.229,8-13-52-44-8 = 1.0,8-34-17-7 = 0.625,7-40-50-32-10 = 1.0,7-23-11-7 = 0.75,7-28-60-57-27-53-7 = 0.125,7-23-34-17-7 = 0.25,10-35-38-47-43-10 = 0.812,10-35-14-39-10 = 0.188,7-36-58-56-8 = 0.875,10-39-38-47-20-10 = 0.188,10-12-49-20-10 = 0.156,10-15-12-10 = 0.656,10-18-51-49-20-10 = 0.656,10-18-51-49-12-10 = 0.188,7-60-57-27-53-21-7 = 0.75,10-16-54-37-10 = 0.25,10-14-48-37-10 = 0.5,10-39-37-27-53-21-7 = 0.125,10-14-37-57-36-7 = 0.125,8-45-55-30-22-8 = 0.042,8-45-55-19-8 = 0.312,8-55-30-22-19-8 = 0.458,10-39-48-59-10 = 0.5,10-14-46-29-30-8 = 0.188,10-18-29-24-31-10 = 0.156,10-29-24-31-43-10 = 0.188,10-46-29-30-22-59-10 = 0.312,10-46-24-31-10 = 0.5,10-51-29-24-31-10 = 0.156,10-54-16-28-7 = 0.75
0,0,817.053,0.0,817.053,0.0,Prune by CG,,8-41-8 = 1.0,8-42-26-8 = 0.9,8-42-26-25-7 = 0.1,8-45-33-19-9 = 0.6,8-56-27-59-9 = 0.1,8-45-33-19-8 = 0.4,8-34-17-25-7 = 0.9,8-34-36-17-7 = 0.1,8-58-27-53-59-9 = 0.1,9-46-24-31-9 = 0.5,9-46-29-9 = 0.5,9-55-30-9 = 1.0,9-29-24-31-9 = 0.5,9-54-16-21-7 = 0.6,9-54-16-28-7 = 0.1,9-13-52-44-8 = 1.0,7-40-50-32-7 = 1.0,7-23-11-7 = 1.0,7-16-54-53-7 = 0.1,7-16-27-53-21-7 = 0.2,9-14-48-22-9 = 1.0,7-36-58-56-8 = 0.9,7-28-60-57-37-59-9 = 0.7,7-60-57-27-53-21-7 = 0.2,7-28-57-37-27-53-9 = 0.1,7-28-60-27-53-59-9 = 0.1,9-54-37-27-53-9 = 0.2,6-35-38-47-43-6 = 1.0,6-18-39-15-12-6 = 1.0,6-51-49-20-6 = 1.0
0,0,850.81,0.0,850.81,0.0,Prune by CG,,8-33-41-8 = 0.75,8-34-60-28-21-10 = 0.438,8-42-26-8 = 1.0,8-45-41-8 = 0.25,8-56-27-59-10 = 0.156,8-54-16-21-10 = 0.125,8-45-33-19-8 = 0.25,8-13-52-44-8 = 1.0,8-36-58-56-8 = 0.844,8-58-36-57-21-10 = 0.156,10-35-38-47-43-10 = 0.625,10-35-14-39-10 = 0.25,10-14-38-47-43-10 = 0.375,10-15-12-10 = 0.875,10-15-50-32-10 = 0.125,10-18-51-49-20-10 = 0.875,10-18-51-49-12-10 = 0.125,10-16-54-37-10 = 0.719,5-46-29-31-5 = 0.198,5-46-24-31-5 = 0.448,10-14-35-20-10 = 0.125,10-39-48-59-10 = 0.75,10-14-48-22-5 = 0.25,5-29-24-31-5 = 0.354,5-46-29-24-5 = 0.198,8-23-11-25-8 = 0.438,8-17-11-25-8 = 0.438,10-40-11-25-8 = 0.125,8-34-23-17-8 = 0.562,10-40-50-32-10 = 0.875,10-28-60-57-27-53-8 = 0.344,10-28-60-57-27-53-10 = 0.219,10-16-54-53-8 = 0.156,8-45-55-30-4 = 0.5,4-55-30-22-19-8 = 0.5,5-29-22-59-19-8 = 0.094,10-37-57-27-53-21-10 = 0.281,5-46-29-22-19-8 = 0.156
0,0,851.076,0.0,851.076,0.0,Prune by CG,,7-11-7 = 1.0,10-15-10 = 0.026,7-40-50-32-10 = 1.0,7-54-16-28-7 = 0.842,7-16-54-37-10 = 0.013,7-16-27-53-21-7 = 0.145,7-36-58-56-7 = 1.0,7-28-60-57-37-59-10 = 0.158,7-23-34-17-7 = 1.0,10-35-38-47-43-10 = 0.829,10-35-14-39-10 = 0.145,10-14-38-47-43-10 = 0.171,10-15-12-10 = 0.974,10-18-51-49-20-10 = 0.974,10-18-51-49-12-10 = 0.026,7-60-57-27-53-21-7 = 0.842,7-42-26-25-7 = 1.0,10-14-35-20-10 = 0.026,10-14-48-37-10 = 0.158,10-39-37-27-53-21-7 = 0.013,10-39-48-59-10 = 0.842,7-54-13-30-4 = 0.145,4-29-24-31-4 = 0.5,4-46-24-31-4 = 0.5,10-14-46-29-30-4 = 0.5,7-13-52-44-7 = 0.196,7-33-41-44-7 = 0.607,4-30-41-19-7 = 0.089,4-45-41-7 = 0.071,4-45-33-19-7 = 0.015,4-45-55-30-4 = 0.069,4-55-45-19-7 = 0.699,4-55-33-41-7 = 0.232,4-30-22-19-44-7 = 0.196,4-45-33-52-22-4 = 0.145,10-37-13-52-22-4 = 0.658
0,0,850.581,0.0,850.581,0.0,Prune by CG,,7-11-7 = 0.783,10-15-10 = 0.196,7-40-50-32-10 = 1.0,7-34-36-17-7 = 0.217,7-23-11-7 = 0.217,7-54-16-28-7 = 0.435,7-36-58-56-7 = 0.696,7-28-60-57-27-53-7 = 0.304,7-23-34-17-7 = 0.783,10-35-38-47-43-10 = 0.63,10-35-14-39-10 = 0.174,7-28-60-36-57-21-7 = 0.087,10-14-38-47-43-10 = 0.37,10-15-12-10 = 0.804,10-18-51-49-20-10 = 0.804,10-18-51-49-12-10 = 0.196,7-60-57-27-53-21-7 = 0.609,10-16-54-37-10 = 0.391,7-42-26-25-7 = 1.0,5-46-24-31-5 = 0.739,10-14-35-20-10 = 0.196,10-39-37-27-53-21-7 = 0.087,10-39-48-59-10 = 0.739,10-14-48-29-5 = 0.261,5-29-24-31-5 = 0.261,3-45-41-3 = 0.174,3-33-41-3 = 0.478,5-46-29-30-22-59-10 = 0.043,7-13-52-44-7 = 0.478,10-37-13-56-7 = 0.304,10-37-13-52-22-5 = 0.217,10-54-16-28-7 = 0.174,4-30-22-19-44-7 = 0.304,5-46-29-22-59-21-7 = 0.217,3-45-33-19-3 = 0.174,7-58-52-19-3 = 0.304,4-55-33-41-3 = 0.348,3-45-55-30-4 = 0.652,5-29-22-19-44-7 = 0.217
0,0,841.18,0.0,841.18,0.0,Prune by CG,,8-33-41-8 = 0.75,8-34-60-28-21-10 = 0.359,8-42-26-8 = 0.906,8-45-41-8 = 0.25,8-56-27-59-10 = 0.08,8-45-33-19-8 = 0.25,8-13-52-44-8 = 1.0,8-36-58-56-8 = 0.92,8-58-36-57-21-10 = 0.08,8-34-26-8 = 0.094,10-35-38-47-43-10 = 0.667,10-35-14-39-10 = 0.333,10-14-38-47-43-10 = 0.333,10-15-12-10 = 1.0,10-18-51-49-20-10 = 1.0,10-16-54-37-10 = 0.721,5-46-29-31-5 = 0.112,5-46-24-31-5 = 0.612,10-39-48-59-10 = 0.667,10-14-48-29-5 = 0.167,10-14-48-22-5 = 0.167,5-29-24-31-5 = 0.275,5-46-29-24-5 = 0.112,8-34-17-42-8 = 0.094,10-40-50-32-10 = 0.547,10-28-60-57-27-53-8 = 0.641,10-16-54-53-8 = 0.08,8-34-17-25-2 = 0.453,8-45-55-30-4 = 0.5,4-55-30-22-19-8 = 0.5,5-29-22-59-19-8 = 0.17,5-46-29-22-59-21-10 = 0.083,2-23-11-25-2 = 0.547,2-23-17-11-2 = 0.453,2-40-50-32-10 = 0.453,10-54-16-21-10 = 0.199,10-37-57-27-53-21-10 = 0.279,5-46-29-22-19-8 = 0.08
0,0,822.078,0.0,822.078,0.0,Prune by CG,,8-41-8 = 1.0,8-34-60-28-21-10 = 0.5,8-42-26-8 = 1.0,8-45-33-19-8 = 1.0,8-36-58-56-8 = 1.0,9-48-59-9 = 0.5,9-46-24-31-9 = 0.5,9-46-29-9 = 0.5,9-55-30-9 = 1.0,9-29-24-31-9 = 0.5,9-54-16-21-10 = 0.25,9-54-16-37-10 = 0.417,9-54-27-59-9 = 0.083,9-13-52-44-8 = 1.0,10-35-38-47-43-10 = 0.75,10-35-14-39-10 = 0.25,10-14-38-47-43-10 = 0.25,10-39-15-12-10 = 0.167,10-15-12-10 = 0.833,10-18-51-49-20-10 = 1.0,10-39-37-27-53-21-10 = 0.25,10-39-37-57-27-22-9 = 0.333,10-14-48-22-9 = 0.5,9-54-53-59-9 = 0.083,10-16-57-27-22-9 = 0.167,10-16-54-53-9 = 0.167,10-40-50-32-10 = 0.5,10-28-60-57-27-53-9 = 0.167,10-28-60-57-53-59-9 = 0.333,8-34-17-25-2 = 0.5,2-23-11-25-2 = 0.5,2-23-17-11-2 = 0.5,2-40-50-32-10 = 0.5
0,0,857.011,0.0,857.011,0.0,Prune by CG,,8-41-8 = 0.109,8-33-41-8 = 0.815,8-34-60-28-21-10 = 0.348,8-42-26-8 = 1.0,8-45-41-8 = 0.076,8-45-55-22-59-10 = 0.054,8-56-27-59-10 = 0.022,8-54-16-21-10 = 0.304,8-45-33-19-8 = 0.185,8-13-52-44-8 = 1.0,8-36-58-56-8 = 0.978,8-58-36-57-21-10 = 0.022,10-35-38-47-43-10 = 0.565,10-35-14-39-10 = 0.13,10-14-38-47-43-10 = 0.435,10-15-12-10 = 0.696,10-15-50-32-10 = 0.304,10-18-51-49-20-10 = 0.696,10-18-51-49-12-10 = 0.304,10-16-54-37-10 = 0.674,10-14-35-20-10 = 0.304,10-39-48-59-10 = 0.87,8-23-11-25-8 = 0.348,8-17-11-25-8 = 0.348,10-40-11-25-8 = 0.304,8-34-23-17-8 = 0.652,10-40-50-32-10 = 0.696,10-28-60-57-27-53-8 = 0.293,10-28-60-57-27-53-10 = 0.359,10-16-54-53-8 = 0.022,8-45-55-30-4 = 0.685,4-55-30-22-19-8 = 0.261,4-29-24-31-4 = 0.5,4-46-24-31-4 = 0.5,4-46-29-22-19-8 = 0.5,4-30-22-59-19-8 = 0.054,10-37-57-27-53-21-10 = 0.326,10-14-48-22-4 = 0.13
0,0,845.098,0.0,845.098,0.0,Prune by CG,,7-11-7 = 0.28,2-25-2 = 1.0,8-41-8 = 0.333,8-33-41-8 = 0.667,8-34-60-28-17-7 = 0.14,8-42-26-8 = 1.0,8-58-56-21-7 = 0.14,8-45-33-19-8 = 0.333,8-13-52-44-8 = 1.0,8-34-17-7 = 0.581,7-40-50-32-10 = 1.0,7-23-11-7 = 0.72,7-28-60-57-27-53-7 = 0.398,7-23-34-17-7 = 0.28,10-35-38-47-43-10 = 0.79,10-35-14-39-10 = 0.21,7-36-58-56-8 = 0.86,10-14-38-47-43-10 = 0.21,10-15-12-10 = 1.0,10-18-51-49-20-10 = 1.0,7-60-57-27-53-21-7 = 0.462,10-16-54-37-10 = 0.538,10-14-48-37-10 = 0.183,10-39-37-27-53-21-7 = 0.14,10-14-37-57-36-7 = 0.14,10-39-48-59-10 = 0.651,8-45-55-30-4 = 0.667,4-55-30-22-19-8 = 0.333,4-29-24-31-4 = 0.5,4-46-24-31-4 = 0.5,4-46-29-22-19-8 = 0.242,4-46-29-22-59-21-7 = 0.258,10-54-16-28-7 = 0.462,10-14-48-22-4 = 0.167,10-14-59-19-8 = 0.091
0,0,838.131,0.0,838.131,0.0,Prune by CG,,8-41-8 = 1.0,8-34-60-28-21-10 = 0.467,8-42-26-8 = 1.0,8-56-27-59-9 = 0.133,8-45-33-19-8 = 1.0,8-58-27-53-59-9 = 0.467,8-36-57-56-8 = 0.333,8-36-58-56-8 = 0.533,9-48-59-9 = 0.133,9-46-24-31-9 = 0.5,9-46-29-9 = 0.5,9-55-30-9 = 1.0,9-29-24-31-9 = 0.5,9-54-16-21-10 = 0.267,9-54-16-37-10 = 0.733,9-13-52-44-8 = 1.0,10-35-38-47-43-10 = 0.933,10-35-14-39-10 = 0.067,10-14-38-47-43-10 = 0.067,10-39-12-10 = 0.067,10-39-15-12-10 = 0.6,10-15-12-10 = 0.333,10-15-50-32-10 = 0.067,10-18-51-49-20-10 = 1.0,10-39-37-27-53-21-10 = 0.133,10-39-37-57-27-22-9 = 0.133,10-14-48-22-9 = 0.867,8-23-11-25-8 = 0.467,8-17-11-25-8 = 0.467,10-40-11-25-8 = 0.067,8-34-23-17-8 = 0.533,10-40-50-32-10 = 0.933,10-28-60-57-27-53-9 = 0.133,10-28-60-57-53-59-9 = 0.267,10-28-60-36-57-21-10 = 0.133
0,0,847.938,0.0,847.938,0.0,Prune by CG,,10-15-10 = 0.219,8-33-41-8 = 0.833,8-34-60-28-21-10 = 0.34,8-42-26-8 = 0.893,8-45-41-8 = 0.167,8-56-27-59-10 = 0.041,8-45-33-19-8 = 0.167,8-13-52-44-8 = 1.0,8-36-58-56-8 = 0.959,8-58-36-57-21-10 = 0.041,8-34-26-8 = 0.107,10-35-38-47-43-10 = 0.615,10-35-14-39-10 = 0.167,10-14-38-47-43-10 = 0.385,10-15-12-10 = 0.781,10-18-51-49-20-10 = 0.781,10-18-51-49-12-10 = 0.219,10-16-54-37-10 = 0.701,10-14-35-20-10 = 0.219,10-39-48-59-10 = 0.833,8-34-17-42-8 = 0.107,10-40-50-32-10 = 0.553,10-28-60-57-27-53-8 = 0.66,10-16-54-53-8 = 0.041,8-34-17-25-2 = 0.447,8-45-55-30-4 = 0.667,4-55-30-22-19-8 = 0.333,4-29-24-31-4 = 0.5,4-46-24-31-4 = 0.5,4-46-29-22-19-8 = 0.437,4-46-29-22-59-21-10 = 0.063,2-23-11-25-2 = 0.553,2-23-17-11-2 = 0.447,2-40-50-32-10 = 0.447,10-54-16-21-10 = 0.258,10-37-57-27-53-21-10 = 0.299,10-14-48-22-4 = 0.167,10-14-59-19-8 = 0.063
0,0,848.977,0.0,848.977,0.0,Prune by CG,,7-11-7 = 0.786,2-25-2 = 1.0,8-33-41-8 = 0.929,8-42-26-8 = 1.0,8-45-41-8 = 0.071,8-54-48-37-7 = 0.429,8-54-16-28-7 = 0.286,8-45-33-19-8 = 0.071,8-13-52-44-8 = 1.0,8-48-59-21-7 = 0.214,7-40-50-32-7 = 1.0,7-23-11-7 = 0.214,7-16-54-53-7 = 0.214,7-34-60-28-21-7 = 0.214,7-16-37-57-17-7 = 0.214,7-28-60-57-27-53-7 = 0.5,7-23-34-17-7 = 0.786,7-16-37-27-21-7 = 0.214,7-36-58-56-8 = 1.0,7-60-57-27-53-21-7 = 0.286,5-46-24-31-5 = 1.0,8-45-55-30-5 = 0.714,8-45-55-30-22-5 = 0.071,8-45-55-19-8 = 0.071,8-55-30-22-19-8 = 0.143,6-51-49-20-43-6 = 0.262,6-35-14-38-6 = 0.262,6-35-14-47-6 = 0.262,6-35-38-47-43-6 = 0.476,6-14-38-47-43-6 = 0.262,6-18-39-15-12-6 = 1.0,6-51-49-20-6 = 0.738,5-29-22-59-19-8 = 0.714,7-16-48-37-7 = 0.071,5-14-48-29-5 = 0.214,5-29-30-22-59-21-7 = 0.071,7-54-48-37-7 = 0.071
0,0,817.27,0.0,817.27,0.0,Prune by CG,,7-11-7 = 1.0,9-46-24-31-9 = 0.5,9-46-29-9 = 0.5,9-55-30-9 = 0.5,9-55-45-19-9 = 0.5,9-29-24-31-9 = 0.5,9-13-52-44-7 = 0.5,9-48-37-27-53-9 = 0.5,9-48-13-22-9 = 0.5,7-40-50-32-7 = 1.0,7-54-16-21-7 = 1.0,7-36-58-56-7 = 1.0,7-23-34-17-7 = 1.0,7-28-60-57-37-59-9 = 0.5,7-28-60-57-27-53-9 = 0.5,9-33-41-44-7 = 0.5,9-30-41-19-9 = 0.5,7-42-26-25-7 = 1.0,9-45-33-52-22-9 = 0.5,9-14-38-47-43-6 = 0.5,6-35-38-47-43-6 = 0.5,6-18-39-15-12-6 = 1.0,6-51-49-20-6 = 1.0,6-35-14-59-9 = 0.5
0,0,850.339,0.0,850.339,0.0,Prune by CG,,10-15-10 = 0.326,8-33-41-8 = 0.736,8-34-60-28-17-7 = 0.056,8-42-26-8 = 0.917,8-42-26-25-7 = 0.083,8-45-41-8 = 0.264,8-45-55-22-59-10 = 0.264,8-45-33-19-8 = 0.264,8-13-52-44-8 = 1.0,8-34-17-25-7 = 0.917,7-40-50-32-10 = 1.0,7-23-11-7 = 1.0,7-34-60-28-17-7 = 0.028,7-28-60-57-27-53-7 = 0.139,7-28-60-57-37-21-7 = 0.056,10-35-38-47-43-10 = 0.847,10-35-14-39-10 = 0.153,7-36-58-56-8 = 1.0,10-39-38-47-20-10 = 0.153,10-12-49-20-10 = 0.174,10-15-12-10 = 0.674,10-18-51-49-20-10 = 0.674,10-18-51-49-12-10 = 0.153,7-60-57-27-53-21-7 = 0.722,10-16-54-37-10 = 0.278,10-14-48-37-10 = 0.444,10-39-37-27-53-21-7 = 0.139,10-14-37-57-21-7 = 0.083,8-45-55-19-8 = 0.208,8-55-30-22-19-8 = 0.528,10-39-48-59-10 = 0.556,10-14-46-29-30-8 = 0.292,10-14-46-29-22-8 = 0.028,10-18-29-24-31-10 = 0.174,10-29-24-31-43-10 = 0.153,10-46-29-30-22-59-10 = 0.181,10-46-24-31-10 = 0.5,10-51-29-24-31-10 = 0.174,10-54-16-28-7 = 0.722
0,0,856.809,0.0,856.809,0.0,Prune by CG,,7-11-7 = 0.786,7-40-50-32-10 = 1.0,7-34-36-17-7 = 0.071,7-34-58-17-7 = 0.143,7-23-11-7 = 0.214,7-54-16-28-7 = 0.857,7-36-58-56-7 = 0.857,7-28-60-57-27-53-7 = 0.143,7-23-34-17-7 = 0.786,7-16-54-36-7 = 0.071,10-35-38-47-43-10 = 0.786,10-35-14-39-10 = 0.214,10-14-38-47-43-10 = 0.214,10-15-12-10 = 1.0,10-18-51-49-20-10 = 1.0,7-60-57-27-53-21-7 = 0.857,10-16-54-37-10 = 0.071,7-42-26-25-7 = 1.0,10-14-48-37-10 = 0.214,10-39-48-59-10 = 0.786,3-33-41-3 = 0.286,4-55-30-22-59-10 = 0.071,4-29-24-31-4 = 0.5,4-46-24-31-4 = 0.5,10-14-46-29-30-4 = 0.357,4-46-29-22-59-21-7 = 0.143,7-13-52-44-7 = 0.286,10-37-13-56-7 = 0.143,4-30-22-19-44-7 = 0.286,3-45-19-44-7 = 0.429,3-45-33-19-3 = 0.071,3-45-52-19-3 = 0.214,10-37-13-52-22-4 = 0.5,4-55-33-41-3 = 0.643,3-45-55-30-4 = 0.286,10-37-13-41-3 = 0.071
0,0,862.821,0.0,862.821,0.0,Prune by CG,,7-11-7 = 0.92,10-15-10 = 0.305,7-40-50-32-10 = 1.0,7-23-11-7 = 0.08,7-34-60-28-17-7 = 0.08,7-36-58-56-7 = 0.727,7-23-34-17-7 = 0.92,10-35-38-47-43-10 = 0.735,10-35-14-39-10 = 0.265,10-14-38-47-43-10 = 0.155,10-39-38-47-20-10 = 0.11,10-12-49-20-10 = 0.195,10-15-12-10 = 0.695,10-18-51-49-20-10 = 0.695,10-18-51-49-12-10 = 0.11,7-60-57-27-53-21-7 = 0.875,10-16-54-37-10 = 0.068,7-42-26-25-7 = 1.0,10-14-48-37-10 = 0.5,10-39-37-27-53-21-7 = 0.125,10-14-37-57-36-7 = 0.08,10-39-48-59-10 = 0.5,10-18-29-24-31-10 = 0.195,10-29-24-31-43-10 = 0.11,10-46-29-30-22-59-10 = 0.5,10-46-24-31-10 = 0.5,10-51-29-24-31-10 = 0.195,3-33-41-3 = 0.864,7-36-56-44-7 = 0.182,7-60-57-58-44-7 = 0.045,7-13-52-44-7 = 0.773,10-37-13-56-7 = 0.091,10-54-16-28-7 = 0.92,10-16-54-36-7 = 0.011,3-45-33-19-3 = 0.136,3-45-55-19-3 = 0.5,7-58-52-19-3 = 0.227,10-37-13-41-3 = 0.136,3-45-55-30-22-10 = 0.364,3-55-30-22-19-3 = 0.136
0,0,857.095,0.0,857.095,0.0,Prune by CG,,8-41-8 = 0.875,8-33-41-8 = 0.083,8-42-26-8 = 1.0,8-45-33-19-9 = 0.917,8-45-41-8 = 0.042,8-45-52-19-9 = 0.042,8-34-17-25-7 = 0.875,8-58-52-19-9 = 0.042,8-58-27-53-59-9 = 0.042,9-48-59-9 = 0.625,9-14-35-39-7 = 0.083,9-46-24-31-9 = 0.5,9-46-29-9 = 0.5,9-55-30-9 = 1.0,9-29-24-31-9 = 0.5,9-54-16-21-7 = 0.375,9-54-16-28-7 = 0.625,9-48-37-27-53-9 = 0.292,9-48-13-22-9 = 0.083,9-13-52-44-8 = 0.917,9-14-38-47-22-9 = 0.917,9-35-51-38-47-9 = 0.083,9-35-18-51-20-43-9 = 0.625,7-40-50-32-7 = 1.0,7-34-17-25-7 = 0.125,7-23-11-7 = 1.0,7-36-58-56-8 = 0.917,7-28-60-57-37-59-9 = 0.333,7-36-56-44-8 = 0.083,7-28-60-57-27-53-9 = 0.042,7-60-57-27-53-21-7 = 0.625,7-15-49-12-7 = 0.417,7-39-15-12-37-9 = 0.375,7-39-15-51-20-9 = 0.042,9-35-18-39-15-7 = 0.167,7-39-49-20-43-9 = 0.333,9-35-51-49-43-9 = 0.042,7-18-51-49-12-7 = 0.208
0,0,824.281,0.0,824.281,0.0,Prune by CG,,7-11-7 = 1.0,9-46-24-31-9 = 0.5,9-46-29-9 = 0.5,9-55-30-9 = 0.667,9-29-24-31-9 = 0.5,9-13-52-44-7 = 1.0,9-54-16-21-7 = 0.5,9-54-16-37-10 = 0.25,9-54-16-28-7 = 0.25,7-40-50-32-10 = 1.0,7-36-58-56-7 = 1.0,7-23-34-17-7 = 1.0,10-35-38-47-43-10 = 1.0,7-28-60-57-37-59-9 = 0.5,10-39-15-12-10 = 0.75,10-15-12-10 = 0.25,7-57-27-53-59-9 = 0.25,10-18-51-49-20-10 = 1.0,7-60-57-27-53-21-7 = 0.25,7-28-60-27-53-59-9 = 0.25,9-45-41-9 = 0.333,9-30-41-19-9 = 0.333,9-45-33-19-9 = 0.667,7-42-26-25-7 = 1.0,9-55-33-41-9 = 0.333,10-39-37-27-53-21-7 = 0.25,10-14-48-22-9 = 1.0
0,0,842.154,0.0,842.154,0.0,Prune by CG,,8-41-8 = 0.333,8-33-41-8 = 0.667,8-42-26-8 = 0.86,8-42-26-25-7 = 0.14,8-45-33-19-8 = 0.333,8-13-52-44-8 = 1.0,8-34-17-25-7 = 0.86,7-40-50-32-10 = 1.0,7-23-11-7 = 1.0,7-34-60-28-17-7 = 0.14,7-28-60-57-27-53-7 = 0.398,10-35-38-47-43-10 = 0.79,10-35-14-39-10 = 0.21,7-36-58-56-8 = 1.0,10-14-38-47-43-10 = 0.21,10-15-12-10 = 1.0,10-18-51-49-20-10 = 1.0,7-60-57-27-53-21-7 = 0.462,10-16-54-37-10 = 0.538,10-14-48-37-10 = 0.183,10-39-37-27-53-21-7 = 0.14,10-14-37-57-21-7 = 0.14,10-39-48-59-10 = 0.651,8-45-55-30-4 = 0.667,4-55-30-22-19-8 = 0.333,4-29-24-31-4 = 0.5,4-46-24-31-4 = 0.5,4-46-29-22-19-8 = 0.242,4-46-29-22-59-21-7 = 0.258,10-54-16-28-7 = 0.462,10-14-48-22-4 = 0.167,10-14-59-19-8 = 0.091
0,0,856.21,0.0,856.21,0.0,Prune by CG,,8-41-8 = 0.155,8-33-41-8 = 0.655,8-42-26-8 = 1.0,8-54-16-28-7 = 0.06,8-45-33-19-8 = 0.345,8-13-52-44-8 = 0.94,8-41-19-8 = 0.19,8-48-59-21-7 = 0.512,8-48-59-44-8 = 0.06,8-58-52-19-8 = 0.06,7-40-50-32-7 = 1.0,7-34-17-25-7 = 1.0,7-23-11-7 = 1.0,7-16-54-53-7 = 0.762,7-16-37-57-36-7 = 0.06,7-28-60-57-27-53-7 = 0.238,7-28-60-57-37-27-7 = 0.702,7-16-37-27-21-7 = 0.06,7-36-58-56-8 = 0.94,7-16-37-56-8 = 0.06,7-60-37-13-19-8 = 0.06,6-35-14-38-6 = 0.25,6-35-14-47-6 = 0.25,6-35-38-47-43-6 = 0.5,6-14-38-47-43-6 = 0.25,6-18-39-15-12-6 = 1.0,6-51-49-20-6 = 1.0,8-45-55-30-4 = 0.655,4-55-30-22-19-8 = 0.345,4-29-24-31-4 = 0.179,4-46-24-31-4 = 0.571,4-46-29-22-59-21-7 = 0.429,6-14-48-37-7 = 0.06,8-54-48-22-4 = 0.179,6-14-48-22-4 = 0.048,6-14-48-29-4 = 0.143,4-29-24-31-43-6 = 0.25
0,0,843.382,0.0,843.382,0.0,Prune by CG,,7-11-7 = 1.0,9-46-24-31-9 = 0.5,9-46-29-9 = 0.167,9-46-29-30-9 = 0.333,9-55-30-9 = 0.667,9-29-24-31-9 = 0.5,9-13-52-44-7 = 1.0,9-54-16-21-7 = 0.5,9-54-16-37-10 = 0.25,9-54-16-28-7 = 0.25,7-40-50-32-10 = 1.0,7-36-58-56-7 = 1.0,7-23-34-17-7 = 1.0,10-35-38-47-43-10 = 1.0,7-28-60-57-37-59-9 = 0.5,10-39-15-12-10 = 0.75,10-15-12-10 = 0.25,7-57-27-53-59-9 = 0.25,10-18-51-49-20-10 = 1.0,7-60-57-27-53-21-7 = 0.25,7-28-60-27-53-59-9 = 0.25,9-45-33-19-9 = 0.667,7-42-26-25-7 = 1.0,10-39-37-27-53-21-7 = 0.25,10-14-48-22-9 = 1.0,3-41-19-9 = 0.333,3-45-41-3 = 0.333,9-55-33-41-3 = 0.333
0,0,834.896,0.0,834.896,0.0,Prune by CG,,8-41-8 = 1.0,8-34-60-28-21-10 = 0.5,8-42-26-8 = 1.0,8-45-33-19-8 = 1.0,8-36-58-56-8 = 1.0,9-48-59-9 = 0.5,9-46-24-31-9 = 0.5,9-46-29-9 = 0.5,9-55-30-9 = 1.0,9-29-24-31-9 = 0.5,9-54-16-21-10 = 0.25,9-54-16-37-10 = 0.417,9-54-27-59-9 = 0.083,9-13-52-44-8 = 1.0,10-35-38-47-43-10 = 0.75,10-35-14-39-10 = 0.25,10-14-38-47-43-10 = 0.25,10-39-15-12-10 = 0.167,10-15-12-10 = 0.833,10-18-51-49-20-10 = 1.0,10-39-37-27-53-21-10 = 0.25,10-39-37-57-27-22-9 = 0.333,10-14-48-22-9 = 0.5,9-54-53-59-9 = 0.083,10-16-57-27-22-9 = 0.167,10-16-54-53-9 = 0.167,10-40-50-32-10 = 0.5,10-28-60-57-27-53-9 = 0.167,10-28-60-57-53-59-9 = 0.333,8-34-17-25-2 = 0.5,2-23-11-25-2 = 0.5,2-23-17-11-2 = 0.5,2-40-50-32-10 = 0.5
0,0,846.549,0.0,846.549,0.0,Prune by CG,,8-33-41-8 = 0.929,8-42-26-8 = 1.0,8-45-41-8 = 0.071,8-54-48-37-7 = 0.429,8-54-16-28-7 = 0.286,8-45-33-19-8 = 0.071,8-13-52-44-8 = 1.0,8-48-59-21-7 = 0.214,7-40-50-32-7 = 1.0,7-34-17-25-7 = 0.786,7-23-11-7 = 0.786,7-23-11-25-7 = 0.214,7-16-54-53-7 = 0.214,7-34-60-28-21-7 = 0.214,7-16-37-57-17-7 = 0.214,7-28-60-57-27-53-7 = 0.5,7-16-37-27-21-7 = 0.214,7-36-58-56-8 = 1.0,7-60-57-27-53-21-7 = 0.286,5-46-24-31-5 = 1.0,8-45-55-30-5 = 0.714,8-45-55-30-22-5 = 0.071,8-45-55-19-8 = 0.071,8-55-30-22-19-8 = 0.143,6-51-49-20-43-6 = 0.262,6-35-14-38-6 = 0.262,6-35-14-47-6 = 0.262,6-35-38-47-43-6 = 0.476,6-14-38-47-43-6 = 0.262,6-18-39-15-12-6 = 1.0,6-51-49-20-6 = 0.738,5-29-22-59-19-8 = 0.714,7-16-48-37-7 = 0.071,5-14-48-29-5 = 0.214,5-29-30-22-59-21-7 = 0.071,7-54-48-37-7 = 0.071
0,0,860.838,0.0,860.838,0.0,Prune by CG,,7-11-7 = 1.0,7-40-50-32-10 = 1.0,7-54-16-28-7 = 0.414,7-36-58-56-7 = 1.0,7-28-60-57-37-59-10 = 0.076,7-23-34-17-7 = 1.0,10-35-38-47-43-10 = 0.679,10-35-14-59-10 = 0.04,10-35-14-39-10 = 0.281,10-14-38-47-43-10 = 0.321,10-15-12-10 = 1.0,10-18-51-49-20-10 = 1.0,7-60-57-27-53-21-7 = 0.924,10-16-54-37-10 = 0.076,7-42-26-25-7 = 1.0,5-46-24-31-5 = 0.834,10-14-48-37-10 = 0.199,10-39-48-59-10 = 0.719,10-14-48-29-5 = 0.083,7-45-55-30-5 = 0.586,5-29-24-31-5 = 0.166,5-46-29-30-22-59-10 = 0.166,7-45-33-19-7 = 0.338,7-13-52-44-7 = 0.427,7-33-41-44-7 = 0.325,5-29-22-41-19-7 = 0.338,5-55-45-19-7 = 0.076,5-55-33-41-7 = 0.338,10-37-13-52-22-5 = 0.497,10-14-37-27-21-7 = 0.076,10-54-16-28-7 = 0.51,5-29-30-19-44-7 = 0.248,10-37-13-52-53-7 = 0.076
0,0,851.778,0.0,851.778,0.0,Prune by CG,,9-48-59-9 = 0.825,9-46-24-31-9 = 0.5,9-46-29-9 = 0.5,9-55-30-9 = 0.35,9-55-45-19-9 = 0.35,9-29-24-31-9 = 0.5,9-13-56-53-9 = 0.05,9-54-16-37-10 = 0.725,9-48-37-27-53-9 = 0.175,9-54-56-22-9 = 0.275,10-35-38-47-43-10 = 0.5,10-35-14-39-10 = 0.5,10-14-38-47-43-10 = 0.5,10-39-12-10 = 0.075,10-39-15-12-10 = 0.425,10-15-12-10 = 0.5,10-15-50-32-10 = 0.075,10-18-51-49-20-10 = 1.0,9-33-41-44-9 = 0.05,9-30-41-19-9 = 0.65,9-45-33-52-22-9 = 0.65,9-55-33-41-9 = 0.3,9-52-27-53-59-9 = 0.038,10-40-50-32-10 = 0.925,10-28-60-57-27-53-9 = 0.275,10-28-60-36-57-21-10 = 0.725,2-23-17-11-2 = 0.925,2-42-26-25-2 = 0.5,10-16-27-53-21-10 = 0.275,10-40-11-25-2 = 0.075,9-13-52-44-9 = 0.225,9-13-58-44-9 = 0.725,2-34-26-2 = 0.425,2-34-56-22-9 = 0.075,2-34-42-25-2 = 0.425,2-42-26-2 = 0.075,9-56-27-59-9 = 0.138,9-52-56-53-9 = 0.088,2-23-34-17-2 = 0.075,10-37-56-27-53-9 = 0.1,10-36-58-56-9 = 0.275
0,0,836.828,0.0,836.828,0.0,Prune by CG,,7-11-7 = 1.0,9-46-29-9 = 0.5,9-55-30-9 = 0.5,9-55-45-19-9 = 0.5,9-29-24-31-9 = 0.5,9-13-52-44-7 = 0.5,9-48-37-27-53-9 = 0.5,9-48-13-22-9 = 0.5,7-40-50-32-7 = 1.0,7-54-16-21-7 = 1.0,7-36-58-56-7 = 1.0,7-23-34-17-7 = 1.0,7-28-60-57-37-59-9 = 0.5,7-28-60-57-27-53-9 = 0.5,9-33-41-44-7 = 0.5,9-30-41-19-9 = 0.5,7-42-26-25-7 = 1.0,9-45-33-52-22-9 = 0.5,5-46-24-31-5 = 0.5,9-14-38-47-43-6 = 0.5,6-35-38-47-43-6 = 0.5,6-18-39-15-12-6 = 1.0,6-51-49-20-6 = 1.0,6-35-14-59-9 = 0.5
0,0,858.637,0.0,858.637,0.0,Prune by CG,,8-41-8 = 1.0,8-34-60-28-21-10 = 0.467,8-42-26-8 = 1.0,8-56-27-59-9 = 0.133,8-45-33-19-8 = 1.0,8-58-27-53-59-9 = 0.467,8-36-57-56-8 = 0.333,8-36-58-56-8 = 0.533,9-48-59-9 = 0.133,9-46-29-9 = 0.5,9-55-30-9 = 1.0,9-29-24-31-9 = 0.5,9-54-16-21-10 = 0.267,9-54-16-37-10 = 0.733,9-13-52-44-8 = 1.0,10-35-38-47-43-10 = 0.933,10-35-14-39-10 = 0.067,10-14-38-47-43-10 = 0.067,10-39-12-10 = 0.067,10-39-15-12-10 = 0.6,10-15-12-10 = 0.333,10-15-50-32-10 = 0.067,10-18-51-49-20-10 = 1.0,10-39-37-27-53-21-10 = 0.133,5-46-24-31-5 = 0.5,10-39-37-57-27-22-9 = 0.133,10-14-48-22-9 = 0.867,8-23-11-25-8 = 0.467,8-17-11-25-8 = 0.467,10-40-11-25-8 = 0.067,8-34-23-17-8 = 0.533,10-40-50-32-10 = 0.933,10-28-60-57-27-53-9 = 0.133,10-28-60-57-53-59-9 = 0.267,10-28-60-36-57-21-10 = 0.133
0,0,851.988,0.0,851.988,0.0,Prune by CG,,8-41-8 = 1.0,8-34-60-28-21-8 = 0.415,8-42-26-8 = 1.0,8-45-33-19-8 = 1.0,8-58-57-27-53-9 = 0.011,8-36-57-56-8 = 0.022,8-36-58-56-8 = 0.978,8-60-28-57-27-53-9 = 0.415,9-48-59-9 = 0.114,9-46-24-31-9 = 0.5,9-46-29-9 = 0.5,9-55-30-9 = 1.0,9-29-24-31-9 = 0.5,9-54-16-37-9 = 0.404,9-48-37-27-53-9 = 0.033,9-48-37-53-59-9 = 0.393,9-13-52-44-8 = 1.0,9-54-48-22-9 = 0.36,9-16-54-53-9 = 0.147,9-16-57-27-22-9 = 0.371,9-54-57-58-8 = 0.011,9-14-48-22-9 = 0.099,6-49-12-20-6 = 0.085,6-51-12-49-6 = 0.085,6-51-38-47-20-6 = 0.085,6-51-49-20-43-6 = 0.085,6-35-38-47-43-6 = 0.507,6-14-38-47-43-6 = 0.408,6-18-39-15-12-6 = 0.831,6-51-49-20-6 = 0.746,8-34-17-25-2 = 0.415,2-23-11-25-2 = 0.415,2-23-17-11-2 = 0.585,6-35-14-59-9 = 0.493,2-40-50-32-6 = 0.831,2-40-50-21-25-2 = 0.169,9-54-16-21-2 = 0.077,8-34-60-28-21-2 = 0.169,6-18-15-32-21-2 = 0.169,6-39-37-57-27-22-9 = 0.169
0,0,878.545,0.0,878.545,0.0,Prune by CG,,8-33-41-8 = 0.667,8-34-60-28-21-10 = 0.226,8-42-26-8 = 1.0,8-45-41-8 = 0.333,8-45-55-22-59-10 = 0.145,8-54-16-21-10 = 0.548,8-45-33-19-8 = 0.333,8-45-55-29-24-10 = 0.177,8-13-52-44-8 = 1.0,8-36-58-56-8 = 1.0,10-35-38-47-43-10 = 0.484,10-35-14-39-10 = 0.145,10-14-38-47-43-10 = 0.177,10-39-38-47-20-10 = 0.177,10-12-49-20-10 = 0.161,10-15-12-10 = 0.452,10-15-50-32-10 = 0.548,10-18-51-49-20-10 = 0.452,10-18-51-49-12-10 = 0.387,10-16-54-37-10 = 0.452,10-14-35-20-10 = 0.21,10-14-48-37-10 = 0.323,8-45-55-30-22-8 = 0.011,8-55-30-22-19-8 = 0.667,10-39-48-59-10 = 0.677,10-14-46-29-30-8 = 0.145,10-18-29-24-31-10 = 0.161,10-46-29-31-43-10 = 0.177,10-46-29-30-22-59-10 = 0.177,10-46-24-31-10 = 0.5,8-23-11-25-8 = 0.226,8-17-11-25-8 = 0.226,10-40-11-25-8 = 0.548,8-34-23-17-8 = 0.774,10-40-50-32-10 = 0.452,10-28-60-57-27-53-8 = 0.403,10-28-60-57-27-53-10 = 0.371,10-35-38-47-43-6 = 0.161,10-37-57-27-53-21-10 = 0.226,6-51-29-24-31-10 = 0.161
0,0,841.504,0.0,841.504,0.0,Prune by CG,,8-41-8 = 1.0,8-34-60-28-21-10 = 0.467,8-42-26-8 = 1.0,8-56-27-59-9 = 0.133,8-45-33-19-8 = 1.0,8-58-27-53-59-9 = 0.467,8-36-57-56-8 = 0.333,8-36-58-56-8 = 0.533,9-48-59-9 = 0.133,9-46-29-9 = 0.5,9-55-30-9 = 1.0,9-29-24-31-9 = 0.5,9-54-16-21-10 = 0.267,9-54-16-37-10 = 0.733,9-13-52-44-8 = 1.0,10-35-38-47-43-10 = 0.933,10-35-14-39-10 = 0.067,10-14-38-47-43-10 = 0.067,10-39-12-10 = 0.067,10-39-15-12-10 = 0.6,10-15-12-10 = 0.333,10-15-50-32-10 = 0.067,10-18-51-49-20-10 = 1.0,10-39-37-27-53-21-10 = 0.133,5-46-24-31-5 = 0.5,10-39-37-57-27-22-9 = 0.133,10-14-48-22-9 = 0.867,8-23-11-25-8 = 0.467,8-17-11-25-8 = 0.467,10-40-11-25-8 = 0.067,8-34-23-17-8 = 0.533,10-40-50-32-10 = 0.933,10-28-60-57-27-53-9 = 0.133,10-28-60-57-53-59-9 = 0.267,10-28-60-36-57-21-10 = 0.133
0,0,867.045,0.0,867.045,0.0,Prune by CG,,7-11-7 = 1.0,7-40-50-32-10 = 1.0,7-54-16-28-7 = 0.414,7-36-58-56-7 = 1.0,7-28-60-57-37-59-10 = 0.076,7-23-34-17-7 = 1.0,10-35-38-47-43-10 = 0.679,10-35-14-59-10 = 0.04,10-35-14-39-10 = 0.281,10-14-38-47-43-10 = 0.321,10-15-12-10 = 1.0,10-18-51-49-20-10 = 1.0,7-60-57-27-53-21-7 = 0.924,10-16-54-37-10 = 0.076,7-42-26-25-7 = 1.0,5-46-24-31-5 = 0.834,10-14-48-37-10 = 0.199,10-39-48-59-10 = 0.719,10-14-48-29-5 = 0.083,7-45-55-30-5 = 0.586,5-29-24-31-5 = 0.166,5-46-29-30-22-59-10 = 0.166,7-45-33-19-7 = 0.338,7-13-52-44-7 = 0.427,7-33-41-44-7 = 0.325,5-29-22-41-19-7 = 0.338,5-55-45-19-7 = 0.076,5-55-33-41-7 = 0.338,10-37-13-52-22-5 = 0.497,10-14-37-27-21-7 = 0.076,10-54-16-28-7 = 0.51,5-29-30-19-44-7 = 0.248,10-37-13-52-53-7 = 0.076
0,0,849.918,0.0,849.918,0.0,Prune by CG,,8-41-8 = 1.0,8-34-60-28-21-10 = 0.467,8-42-26-8 = 1.0,8-56-27-59-9 = 0.133,8-45-33-19-8 = 1.0,8-58-27-53-59-9 = 0.467,8-36-57-56-8 = 0.333,8-36-58-56-8 = 0.533,9-48-59-9 = 0.133,9-46-24-31-9 = 0.5,9-46-29-9 = 0.5,9-55-30-9 = 1.0,9-29-24-31-9 = 0.5,9-54-16-21-10 = 0.267,9-54-16-37-10 = 0.733,9-13-52-44-8 = 1.0,10-35-38-47-43-10 = 0.933,10-35-14-39-10 = 0.067,10-14-38-47-43-10 = 0.067,10-39-12-10 = 0.067,10-39-15-12-10 = 0.6,10-15-12-10 = 0.333,10-15-50-32-10 = 0.067,10-18-51-49-20-10 = 1.0,10-39-37-27-53-21-10 = 0.133,10-39-37-57-27-22-9 = 0.133,10-14-48-22-9 = 0.867,8-23-11-25-8 = 0.467,8-17-11-25-8 = 0.467,10-40-11-25-8 = 0.067,8-34-23-17-8 = 0.533,10-40-50-32-10 = 0.933,10-28-60-57-27-53-9 = 0.133,10-28-60-57-53-59-9 = 0.267,10-28-60-36-57-21-10 = 0.133
0,0,864.345,0.0,864.345,0.0,Prune by CG,,7-11-7 = 1.0,9-48-59-9 = 0.658,9-14-35-38-9 = 0.193,9-46-24-31-9 = 0.5,9-46-29-9 = 0.5,9-55-30-9 = 0.632,9-55-45-19-9 = 0.105,9-29-24-31-9 = 0.5,9-13-52-44-7 = 0.895,9-54-16-21-7 = 1.0,9-48-37-27-53-9 = 0.237,9-48-13-22-9 = 0.105,9-14-38-47-22-9 = 0.789,9-35-51-38-47-9 = 0.018,9-35-18-51-20-43-9 = 0.702,7-40-50-32-7 = 1.0,7-36-58-56-7 = 1.0,7-23-34-17-7 = 1.0,7-28-60-57-37-59-9 = 0.272,7-57-27-53-59-9 = 0.035,7-28-60-57-27-53-9 = 0.693,7-28-60-27-53-59-9 = 0.035,9-33-41-44-7 = 0.105,9-45-41-9 = 0.263,9-30-41-19-9 = 0.368,9-45-33-19-9 = 0.526,7-42-26-25-7 = 1.0,9-45-33-52-22-9 = 0.105,9-55-33-41-9 = 0.263,7-15-49-12-7 = 0.404,7-39-15-12-37-9 = 0.491,7-39-15-51-20-9 = 0.088,7-39-18-49-47-9 = 0.193,7-39-49-20-43-9 = 0.211,9-35-51-49-43-9 = 0.088,7-18-51-49-12-7 = 0.105,9-14-39-15-7 = 0.018
0,0,875.741,0.0,875.741,0.0,Prune by CG,,7-11-7 = 0.853,7-40-50-32-7 = 1.0,7-23-17-11-7 = 0.147,7-54-16-28-7 = 0.147,7-16-54-53-7 = 0.336,7-34-60-28-21-7 = 0.147,7-36-58-56-7 = 1.0,7-28-57-37-27-53-7 = 0.147,7-28-60-57-27-53-7 = 0.224,7-23-34-17-7 = 0.853,7-16-37-27-21-7 = 0.336,7-60-57-27-53-21-7 = 0.293,7-42-26-25-7 = 1.0,5-46-24-31-5 = 0.56,7-54-48-29-5 = 0.276,7-54-48-22-5 = 0.241,7-28-60-57-37-59-5 = 0.336,7-45-55-30-5 = 0.19,5-29-24-31-5 = 0.44,6-51-49-20-43-6 = 0.333,6-35-14-38-6 = 0.333,6-35-14-47-6 = 0.333,6-35-38-47-43-6 = 0.333,6-14-38-47-43-6 = 0.333,6-18-39-15-12-6 = 1.0,6-51-49-20-6 = 0.667,7-16-37-13-22-5 = 0.181,5-48-13-30-5 = 0.043,5-46-48-59-5 = 0.44,7-45-33-19-7 = 0.129,7-13-52-44-7 = 0.776,7-33-41-44-7 = 0.164,7-45-33-52-22-5 = 0.224,5-55-45-19-7 = 0.328,5-55-45-33-22-5 = 0.129,5-55-33-41-7 = 0.353,5-30-41-19-7 = 0.483,5-29-30-19-44-7 = 0.06,5-29-30-22-59-21-7 = 0.224
0,0,875.741,0.0,875.741,0.0,Prune by CG,,8-33-41-8 = 0.8,8-34-60-28-21-10 = 0.333,8-42-26-8 = 1.0,8-45-41-8 = 0.2,8-54-16-21-10 = 0.333,8-45-33-19-8 = 0.2,8-13-52-44-8 = 1.0,8-36-58-56-8 = 1.0,10-35-38-47-43-10 = 0.493,10-35-51-20-10 = 0.013,10-35-14-39-10 = 0.2,10-14-38-47-43-10 = 0.507,10-12-49-20-10 = 0.013,10-15-12-10 = 0.667,10-15-50-32-10 = 0.333,10-18-51-49-20-10 = 0.68,10-18-51-49-12-10 = 0.307,10-18-12-10 = 0.013,10-16-54-37-10 = 0.667,5-46-24-31-5 = 0.4,10-14-35-20-10 = 0.293,8-45-55-30-5 = 0.4,8-45-55-30-22-5 = 0.2,8-55-30-22-19-8 = 0.4,10-39-48-59-10 = 0.8,5-29-24-31-5 = 0.6,8-23-11-25-8 = 0.333,8-17-11-25-8 = 0.333,10-40-11-25-8 = 0.333,8-34-23-17-8 = 0.667,10-40-50-32-10 = 0.667,10-28-60-57-27-53-8 = 0.533,10-28-60-57-27-53-10 = 0.133,5-46-48-59-10 = 0.2,10-37-57-27-53-21-10 = 0.333,5-46-29-22-19-8 = 0.4
0,0,854.979,0.0,854.979,0.0,Prune by CG,,8-33-41-8 = 0.864,8-34-60-28-21-10 = 0.227,8-42-26-8 = 0.818,8-45-41-8 = 0.136,8-45-33-19-8 = 0.136,8-13-52-44-8 = 1.0,8-36-58-56-8 = 1.0,8-34-26-8 = 0.182,10-35-38-47-43-10 = 0.682,10-35-14-39-10 = 0.318,10-14-38-47-43-10 = 0.318,10-15-12-10 = 1.0,10-18-51-49-20-10 = 1.0,10-16-54-37-10 = 0.455,5-46-24-31-5 = 0.545,10-14-48-37-10 = 0.318,8-45-55-30-5 = 0.364,8-45-55-30-22-5 = 0.182,8-45-55-19-8 = 0.182,8-55-30-22-19-8 = 0.273,10-39-48-59-10 = 0.682,5-29-24-31-5 = 0.455,8-34-17-42-8 = 0.182,10-40-50-32-10 = 0.591,10-28-60-57-27-53-8 = 0.773,8-34-17-25-2 = 0.409,5-46-29-30-22-59-10 = 0.182,5-29-22-59-19-8 = 0.091,2-23-11-25-2 = 0.591,2-23-17-11-2 = 0.409,2-40-50-32-10 = 0.409,10-54-16-21-10 = 0.545,10-37-57-27-53-21-10 = 0.227,10-14-59-19-8 = 0.045,5-46-29-22-19-8 = 0.273
0,0,867.542,0.0,867.542,0.0,Prune by CG,,8-33-41-8 = 0.864,8-34-60-28-21-10 = 0.227,8-42-26-8 = 0.818,8-45-41-8 = 0.136,8-45-33-19-8 = 0.136,8-13-52-44-8 = 1.0,8-36-58-56-8 = 1.0,8-34-26-8 = 0.182,10-35-38-47-43-10 = 0.682,10-35-14-39-10 = 0.318,10-14-38-47-43-10 = 0.318,10-15-12-10 = 1.0,10-18-51-49-20-10 = 1.0,10-16-54-37-10 = 0.455,5-46-24-31-5 = 0.545,10-14-48-37-10 = 0.318,8-45-55-30-5 = 0.364,8-45-55-30-22-5 = 0.182,8-45-55-19-8 = 0.182,8-55-30-22-19-8 = 0.273,10-39-48-59-10 = 0.682,5-29-24-31-5 = 0.455,8-34-17-42-8 = 0.182,10-40-50-32-10 = 0.591,10-28-60-57-27-53-8 = 0.773,8-34-17-25-2 = 0.409,5-46-29-30-22-59-10 = 0.182,5-29-22-59-19-8 = 0.091,2-23-11-25-2 = 0.591,2-23-17-11-2 = 0.409,2-40-50-32-10 = 0.409,10-54-16-21-10 = 0.545,10-37-57-27-53-21-10 = 0.227,10-14-59-19-8 = 0.045,5-46-29-22-19-8 = 0.273
0,0,868.026,0.0,868.026,0.0,Prune by CG,,9-48-59-9 = 0.857,9-46-24-31-9 = 0.5,9-46-29-9 = 0.5,9-55-30-9 = 1.0,9-29-24-31-9 = 0.5,9-13-56-22-9 = 0.429,9-54-16-21-10 = 0.143,9-54-16-37-10 = 0.714,9-48-37-27-53-9 = 0.143,9-54-56-22-9 = 0.143,10-35-38-47-43-10 = 0.5,10-35-14-39-10 = 0.5,10-14-38-47-43-10 = 0.5,10-39-15-12-10 = 0.357,10-15-12-10 = 0.643,10-18-51-49-20-10 = 1.0,10-39-37-27-53-21-10 = 0.143,9-45-33-19-9 = 0.571,9-45-33-52-22-9 = 0.429,9-52-27-53-59-9 = 0.143,3-26-41-3 = 1.0,10-40-50-32-10 = 1.0,10-28-60-57-27-53-9 = 0.429,10-28-60-36-57-21-10 = 0.571,2-23-17-11-2 = 1.0,10-16-27-53-21-10 = 0.143,9-13-58-44-9 = 0.571,2-34-42-25-2 = 1.0,9-52-44-19-9 = 0.429,10-36-58-56-9 = 0.429
0,0,873.157,0.0,873.157,0.0,Prune by CG,,7-11-7 = 1.0,10-15-10 = 0.026,7-40-50-32-10 = 1.0,7-54-16-28-7 = 0.842,7-16-54-37-10 = 0.013,7-16-27-53-21-7 = 0.145,7-36-58-56-7 = 1.0,7-28-60-57-37-59-10 = 0.158,7-23-34-17-7 = 1.0,10-35-38-47-43-10 = 0.829,10-35-14-39-10 = 0.145,10-14-38-47-43-10 = 0.171,10-15-12-10 = 0.974,10-18-51-49-20-10 = 0.974,10-18-51-49-12-10 = 0.026,7-60-57-27-53-21-7 = 0.842,7-42-26-25-7 = 1.0,10-14-35-20-10 = 0.026,10-14-48-37-10 = 0.158,10-39-37-27-53-21-7 = 0.013,10-39-48-59-10 = 0.842,7-54-13-30-4 = 0.145,4-29-24-31-4 = 0.5,4-46-24-31-4 = 0.5,10-14-46-29-30-4 = 0.5,7-13-52-44-7 = 0.196,7-33-41-44-7 = 0.607,4-30-41-19-7 = 0.089,4-45-41-7 = 0.071,4-45-33-19-7 = 0.015,4-45-55-30-4 = 0.069,4-55-45-19-7 = 0.699,4-55-33-41-7 = 0.232,4-30-22-19-44-7 = 0.196,4-45-33-52-22-4 = 0.145,10-37-13-52-22-4 = 0.658
0,0,879.092,0.0,879.092,0.0,Prune by CG,,8-41-8 = 0.109,8-33-41-8 = 0.815,8-34-60-28-21-10 = 0.348,8-42-26-8 = 1.0,8-45-41-8 = 0.076,8-45-55-22-59-10 = 0.054,8-56-27-59-10 = 0.022,8-54-16-21-10 = 0.304,8-45-33-19-8 = 0.185,8-13-52-44-8 = 1.0,8-36-58-56-8 = 0.978,8-58-36-57-21-10 = 0.022,10-35-38-47-43-10 = 0.565,10-35-14-39-10 = 0.13,10-14-38-47-43-10 = 0.435,10-15-12-10 = 0.696,10-15-50-32-10 = 0.304,10-18-51-49-20-10 = 0.696,10-18-51-49-12-10 = 0.304,10-16-54-37-10 = 0.674,10-14-35-20-10 = 0.304,10-39-48-59-10 = 0.87,8-23-11-25-8 = 0.348,8-17-11-25-8 = 0.348,10-40-11-25-8 = 0.304,8-34-23-17-8 = 0.652,10-40-50-32-10 = 0.696,10-28-60-57-27-53-8 = 0.293,10-28-60-57-27-53-10 = 0.359,10-16-54-53-8 = 0.022,8-45-55-30-4 = 0.685,4-55-30-22-19-8 = 0.261,4-29-24-31-4 = 0.5,4-46-24-31-4 = 0.5,4-46-29-22-19-8 = 0.5,4-30-22-59-19-8 = 0.054,10-37-57-27-53-21-10 = 0.326,10-14-48-22-4 = 0.13
0,0,856.799,0.0,856.799,0.0,Prune by CG,,8-41-8 = 1.0,8-34-60-28-21-10 = 0.467,8-42-26-8 = 1.0,8-56-27-59-9 = 0.133,8-45-33-19-8 = 1.0,8-58-27-53-59-9 = 0.467,8-36-57-56-8 = 0.333,8-36-58-56-8 = 0.533,9-48-59-9 = 0.133,9-46-29-9 = 0.5,9-55-30-9 = 1.0,9-29-24-31-9 = 0.5,9-54-16-21-10 = 0.267,9-54-16-37-10 = 0.733,9-13-52-44-8 = 1.0,10-35-38-47-43-10 = 0.933,10-35-14-39-10 = 0.067,10-14-38-47-43-10 = 0.067,10-39-12-10 = 0.067,10-39-15-12-10 = 0.6,10-15-12-10 = 0.333,10-15-50-32-10 = 0.067,10-18-51-49-20-10 = 1.0,10-39-37-27-53-21-10 = 0.133,5-46-24-31-5 = 0.5,10-39-37-57-27-22-9 = 0.133,10-14-48-22-9 = 0.867,8-23-11-25-8 = 0.467,8-17-11-25-8 = 0.467,10-40-11-25-8 = 0.067,8-34-23-17-8 = 0.533,10-40-50-32-10 = 0.933,10-28-60-57-27-53-9 = 0.133,10-28-60-57-53-59-9 = 0.267,10-28-60-36-57-21-10 = 0.133
0,0,840.338,0.0,840.338,0.0,Prune by CG,,7-11-7 = 1.0,9-46-24-31-9 = 0.5,9-46-29-9 = 0.333,9-46-29-30-9 = 0.167,9-55-30-9 = 0.833,9-29-24-31-9 = 0.5,9-13-52-44-7 = 0.833,9-13-52-22-9 = 0.167,9-54-16-21-7 = 0.22,9-54-27-59-9 = 0.089,9-48-37-27-53-9 = 0.167,7-40-50-32-7 = 1.0,7-54-16-21-7 = 0.476,7-36-58-56-7 = 1.0,7-23-34-17-7 = 1.0,9-14-48-22-9 = 0.833,7-16-37-27-21-7 = 0.089,7-28-60-57-37-59-9 = 0.565,7-16-54-53-9 = 0.214,7-57-27-53-59-9 = 0.006,7-28-57-27-59-9 = 0.036,7-60-57-27-53-21-7 = 0.214,7-28-57-37-27-53-9 = 0.179,7-28-60-27-53-59-9 = 0.22,9-45-33-19-9 = 0.667,7-42-26-25-7 = 1.0,3-41-19-9 = 0.333,3-33-41-44-7 = 0.167,9-14-38-47-43-6 = 0.083,6-35-38-47-43-6 = 0.917,6-18-39-15-12-6 = 1.0,6-51-49-20-6 = 1.0,6-35-14-59-9 = 0.083,9-45-41-3 = 0.333,9-55-33-41-3 = 0.167
0,0,868.04,0.0,868.04,0.0,Prune by CG,,8-33-41-8 = 0.8,8-34-60-28-21-10 = 0.333,8-42-26-8 = 1.0,8-45-41-8 = 0.2,8-54-16-21-10 = 0.333,8-45-33-19-8 = 0.2,8-13-52-44-8 = 1.0,8-36-58-56-8 = 1.0,10-35-38-47-43-10 = 0.493,10-35-51-20-10 = 0.013,10-35-14-39-10 = 0.2,10-14-38-47-43-10 = 0.507,10-12-49-20-10 = 0.013,10-15-12-10 = 0.667,10-15-50-32-10 = 0.333,10-18-51-49-20-10 = 0.68,10-18-51-49-12-10 = 0.307,10-18-12-10 = 0.013,10-16-54-37-10 = 0.667,5-46-24-31-5 = 0.4,10-14-35-20-10 = 0.293,8-45-55-30-5 = 0.4,8-45-55-30-22-5 = 0.2,8-55-30-22-19-8 = 0.4,10-39-48-59-10 = 0.8,5-29-24-31-5 = 0.6,8-23-11-25-8 = 0.333,8-17-11-25-8 = 0.333,10-40-11-25-8 = 0.333,8-34-23-17-8 = 0.667,10-40-50-32-10 = 0.667,10-28-60-57-27-53-8 = 0.533,10-28-60-57-27-53-10 = 0.133,5-46-48-59-10 = 0.2,10-37-57-27-53-21-10 = 0.333,5-46-29-22-19-8 = 0.4
0,0,870.019,0.0,870.019,0.0,Prune by CG,,10-15-10 = 0.219,8-33-41-8 = 0.833,8-34-60-28-21-10 = 0.34,8-42-26-8 = 0.893,8-45-41-8 = 0.167,8-56-27-59-10 = 0.041,8-45-33-19-8 = 0.167,8-13-52-44-8 = 1.0,8-36-58-56-8 = 0.959,8-58-36-57-21-10 = 0.041,8-34-26-8 = 0.107,10-35-38-47-43-10 = 0.615,10-35-14-39-10 = 0.167,10-14-38-47-43-10 = 0.385,10-15-12-10 = 0.781,10-18-51-49-20-10 = 0.781,10-18-51-49-12-10 = 0.219,10-16-54-37-10 = 0.701,10-14-35-20-10 = 0.219,10-39-48-59-10 = 0.833,8-34-17-42-8 = 0.107,10-40-50-32-10 = 0.553,10-28-60-57-27-53-8 = 0.66,10-16-54-53-8 = 0.041,8-34-17-25-2 = 0.447,8-45-55-30-4 = 0.667,4-55-30-22-19-8 = 0.333,4-29-24-31-4 = 0.5,4-46-24-31-4 = 0.5,4-46-29-22-19-8 = 0.437,4-46-29-22-59-21-10 = 0.063,2-23-11-25-2 = 0.553,2-23-17-11-2 = 0.447,2-40-50-32-10 = 0.447,10-54-16-21-10 = 0.258,10-37-57-27-53-21-10 = 0.299,10-14-48-22-4 = 0.167,10-14-59-19-8 = 0.063
0,0,865.087,0.0,865.087,0.0,Prune by CG,,8-41-8 = 1.0,8-34-60-28-21-8 = 0.415,8-42-26-8 = 1.0,8-45-33-19-8 = 1.0,8-58-57-27-53-9 = 0.011,8-36-57-56-8 = 0.022,8-36-58-56-8 = 0.978,8-60-28-57-27-53-9 = 0.415,9-48-59-9 = 0.114,9-46-29-9 = 0.5,9-55-30-9 = 1.0,9-29-24-31-9 = 0.5,9-54-16-37-9 = 0.404,9-48-37-27-53-9 = 0.033,9-48-37-53-59-9 = 0.393,9-13-52-44-8 = 1.0,9-54-48-22-9 = 0.36,9-16-54-53-9 = 0.147,9-16-57-27-22-9 = 0.371,9-54-57-58-8 = 0.011,9-14-48-22-9 = 0.099,5-46-24-31-5 = 0.5,6-49-12-20-6 = 0.085,6-51-12-49-6 = 0.085,6-51-38-47-20-6 = 0.085,6-51-49-20-43-6 = 0.085,6-35-38-47-43-6 = 0.507,6-14-38-47-43-6 = 0.408,6-18-39-15-12-6 = 0.831,6-51-49-20-6 = 0.746,8-34-17-25-2 = 0.415,2-23-11-25-2 = 0.415,2-23-17-11-2 = 0.585,6-35-14-59-9 = 0.493,2-40-50-32-6 = 0.831,2-40-50-21-25-2 = 0.169,9-54-16-21-2 = 0.077,8-34-60-28-21-2 = 0.169,6-18-15-32-21-2 = 0.169,6-39-37-57-27-22-9 = 0.169
0,0,872.363,0.0,872.363,0.0,Prune by CG,,8-41-8 = 1.0,8-34-60-28-21-8 = 0.2,8-42-26-8 = 1.0,8-45-33-19-9 = 0.3,8-56-27-59-9 = 0.15,8-45-33-19-8 = 0.7,8-58-27-53-59-9 = 0.15,8-16-54-53-9 = 0.35,8-16-57-27-22-9 = 0.2,8-36-58-56-8 = 0.85,8-60-28-57-27-53-9 = 0.5,8-60-28-57-37-59-9 = 0.3,9-48-59-9 = 0.2,9-46-24-31-9 = 0.5,9-46-29-9 = 0.5,9-55-30-9 = 1.0,9-29-24-31-9 = 0.5,9-54-16-37-9 = 0.1,9-13-52-44-8 = 1.0,9-54-48-22-9 = 0.2,9-54-16-36-8 = 0.15,9-14-48-22-9 = 0.6,9-14-38-47-43-6 = 0.2,6-35-38-47-43-6 = 0.8,6-18-39-15-12-6 = 1.0,6-51-49-20-6 = 1.0,8-23-11-25-8 = 0.2,8-17-11-25-8 = 0.2,8-34-23-17-8 = 0.8,6-35-14-59-9 = 0.2,9-54-16-21-8 = 0.2,6-40-50-32-6 = 1.0,9-37-21-11-25-8 = 0.6
0,0,836.828,0.0,836.828,0.0,Prune by CG,,7-11-7 = 1.0,9-46-29-9 = 0.5,9-55-30-9 = 0.5,9-55-45-19-9 = 0.5,9-29-24-31-9 = 0.5,9-13-52-44-7 = 0.5,9-48-37-27-53-9 = 0.5,9-48-13-22-9 = 0.5,7-40-50-32-7 = 1.0,7-54-16-21-7 = 1.0,7-36-58-56-7 = 1.0,7-23-34-17-7 = 1.0,7-28-60-57-37-59-9 = 0.5,7-28-60-57-27-53-9 = 0.5,9-33-41-44-7 = 0.5,9-30-41-19-9 = 0.5,7-42-26-25-7 = 1.0,9-45-33-52-22-9 = 0.5,5-46-24-31-5 = 0.5,9-14-38-47-43-6 = 0.5,6-35-38-47-43-6 = 0.5,6-18-39-15-12-6 = 1.0,6-51-49-20-6 = 1.0,6-35-14-59-9 = 0.5
0,0,877.487,0.0,877.487,0.0,Prune by CG,,8-41-8 = 0.875,8-33-41-8 = 0.083,8-42-26-8 = 1.0,8-45-33-19-9 = 0.917,8-45-41-8 = 0.042,8-45-52-19-9 = 0.042,8-34-17-25-7 = 0.875,8-58-52-19-9 = 0.042,8-58-27-53-59-9 = 0.042,9-48-59-9 = 0.625,9-14-35-39-7 = 0.083,9-46-29-9 = 0.5,9-55-30-9 = 1.0,9-29-24-31-9 = 0.5,9-54-16-21-7 = 0.375,9-54-16-28-7 = 0.625,9-48-37-27-53-9 = 0.292,9-48-13-22-9 = 0.083,9-13-52-44-8 = 0.917,9-14-38-47-22-9 = 0.917,9-35-51-38-47-9 = 0.083,9-35-18-51-20-43-9 = 0.625,7-40-50-32-7 = 1.0,7-34-17-25-7 = 0.125,7-23-11-7 = 1.0,7-36-58-56-8 = 0.917,7-28-60-57-37-59-9 = 0.333,7-36-56-44-8 = 0.083,7-28-60-57-27-53-9 = 0.042,7-60-57-27-53-21-7 = 0.625,5-46-24-31-5 = 0.5,7-15-49-12-7 = 0.417,7-39-15-12-37-9 = 0.375,7-39-15-51-20-9 = 0.042,9-35-18-39-15-7 = 0.167,7-39-49-20-43-9 = 0.333,9-35-51-49-43-9 = 0.042,7-18-51-49-12-7 = 0.208
0,0,878.89,0.0,878.89,0.0,Prune by CG,,7-11-7 = 0.786,7-40-50-32-10 = 1.0,7-34-36-17-7 = 0.071,7-34-58-17-7 = 0.143,7-23-11-7 = 0.214,7-54-16-28-7 = 0.857,7-36-58-56-7 = 0.857,7-28-60-57-27-53-7 = 0.143,7-23-34-17-7 = 0.786,7-16-54-36-7 = 0.071,10-35-38-47-43-10 = 0.786,10-35-14-39-10 = 0.214,10-14-38-47-43-10 = 0.214,10-15-12-10 = 1.0,10-18-51-49-20-10 = 1.0,7-60-57-27-53-21-7 = 0.857,10-16-54-37-10 = 0.071,7-42-26-25-7 = 1.0,10-14-48-37-10 = 0.214,10-39-48-59-10 = 0.786,3-33-41-3 = 0.286,4-55-30-22-59-10 = 0.071,4-29-24-31-4 = 0.5,4-46-24-31-4 = 0.5,10-14-46-29-30-4 = 0.357,4-46-29-22-59-21-7 = 0.143,7-13-52-44-7 = 0.286,10-37-13-56-7 = 0.143,4-30-22-19-44-7 = 0.286,3-45-19-44-7 = 0.429,3-45-33-19-3 = 0.071,3-45-52-19-3 = 0.214,10-37-13-52-22-4 = 0.5,4-55-33-41-3 = 0.643,3-45-55-30-4 = 0.286,10-37-13-41-3 = 0.071
0,0,879.761,0.0,879.761,0.0,Prune by CG,,7-11-7 = 0.872,10-15-10 = 0.333,7-40-50-32-10 = 1.0,7-34-36-17-7 = 0.128,7-23-11-7 = 0.128,7-54-16-28-7 = 0.282,7-36-58-56-7 = 0.692,7-28-60-57-27-53-7 = 0.179,7-23-34-17-7 = 0.872,10-35-38-47-43-10 = 0.615,10-35-14-39-10 = 0.051,7-28-60-36-57-21-7 = 0.179,10-14-38-47-43-10 = 0.385,10-15-12-10 = 0.667,10-18-51-49-20-10 = 0.667,10-18-51-49-12-10 = 0.333,7-60-57-27-53-21-7 = 0.641,10-16-54-37-10 = 0.359,7-42-26-25-7 = 1.0,5-46-24-31-5 = 0.846,10-14-35-20-10 = 0.333,10-39-37-27-53-21-7 = 0.179,10-39-48-59-10 = 0.769,10-14-48-29-5 = 0.231,5-29-24-31-5 = 0.154,3-33-41-3 = 0.846,5-46-29-30-22-59-10 = 0.154,5-55-30-22-59-10 = 0.077,7-13-52-44-7 = 0.538,10-37-13-56-7 = 0.308,10-54-16-28-7 = 0.359,3-45-55-30-5 = 0.462,3-45-55-30-22-5 = 0.231,3-45-52-19-3 = 0.154,5-55-30-22-19-3 = 0.077,5-55-45-33-3 = 0.154,7-58-52-19-3 = 0.308,5-29-22-19-44-7 = 0.462,10-37-13-41-3 = 0.154
0,0,865.725,0.0,865.725,0.0,Prune by CG,,9-48-59-9 = 0.825,9-46-29-9 = 0.5,9-55-30-9 = 0.35,9-55-45-19-9 = 0.35,9-29-24-31-9 = 0.5,9-13-56-53-9 = 0.05,9-54-16-37-10 = 0.725,9-48-37-27-53-9 = 0.175,9-54-56-22-9 = 0.275,10-35-38-47-43-10 = 0.5,10-35-14-39-10 = 0.5,10-14-38-47-43-10 = 0.5,10-39-12-10 = 0.075,10-39-15-12-10 = 0.425,10-15-12-10 = 0.5,10-15-50-32-10 = 0.075,10-18-51-49-20-10 = 1.0,9-33-41-44-9 = 0.05,9-30-41-19-9 = 0.65,9-45-33-52-22-9 = 0.65,9-55-33-41-9 = 0.3,5-46-24-31-5 = 0.5,9-52-27-53-59-9 = 0.037,10-40-50-32-10 = 0.925,10-28-60-57-27-53-9 = 0.275,10-28-60-36-57-21-10 = 0.725,2-23-17-11-2 = 0.925,2-42-26-25-2 = 0.5,10-16-27-53-21-10 = 0.275,10-40-11-25-2 = 0.075,9-13-52-44-9 = 0.225,9-13-58-44-9 = 0.725,2-34-26-2 = 0.425,2-34-56-22-9 = 0.075,2-34-42-25-2 = 0.425,2-42-26-2 = 0.075,9-56-27-59-9 = 0.138,9-52-56-53-9 = 0.087,2-23-34-17-2 = 0.075,10-37-56-27-53-9 = 0.1,10-36-58-56-9 = 0.275
0,0,865.213,0.0,865.213,0.0,Prune by CG,,8-41-8 = 1.0,8-34-60-28-21-10 = 0.467,8-42-26-8 = 1.0,8-56-27-59-9 = 0.133,8-45-33-19-8 = 1.0,8-58-27-53-59-9 = 0.467,8-36-57-56-8 = 0.333,8-36-58-56-8 = 0.533,9-48-59-9 = 0.133,9-46-24-31-9 = 0.5,9-46-29-9 = 0.5,9-55-30-9 = 1.0,9-29-24-31-9 = 0.5,9-54-16-21-10 = 0.267,9-54-16-37-10 = 0.733,9-13-52-44-8 = 1.0,10-35-38-47-43-10 = 0.933,10-35-14-39-10 = 0.067,10-14-38-47-43-10 = 0.067,10-39-12-10 = 0.067,10-39-15-12-10 = 0.6,10-15-12-10 = 0.333,10-15-50-32-10 = 0.067,10-18-51-49-20-10 = 1.0,10-39-37-27-53-21-10 = 0.133,10-39-37-57-27-22-9 = 0.133,10-14-48-22-9 = 0.867,8-23-11-25-8 = 0.467,8-17-11-25-8 = 0.467,10-40-11-25-8 = 0.067,8-34-23-17-8 = 0.533,10-40-50-32-10 = 0.933,10-28-60-57-27-53-9 = 0.133,10-28-60-57-53-59-9 = 0.267,10-28-60-36-57-21-10 = 0.133
0,0,882.038,0.0,882.038,0.0,Prune by CG,,8-33-41-8 = 0.667,8-34-60-28-21-10 = 0.222,8-42-26-8 = 1.0,8-45-41-8 = 0.333,8-45-55-22-59-10 = 0.09,8-54-16-21-10 = 0.556,8-45-33-19-8 = 0.333,8-45-55-29-24-10 = 0.243,8-13-52-44-8 = 1.0,8-36-58-56-8 = 1.0,10-35-38-47-43-10 = 0.653,10-35-14-39-10 = 0.063,10-14-38-47-43-10 = 0.076,10-39-38-47-20-10 = 0.271,10-15-12-10 = 0.444,10-15-50-32-10 = 0.556,10-18-51-49-20-10 = 0.444,10-18-51-49-12-10 = 0.556,10-16-54-37-10 = 0.444,10-14-35-20-10 = 0.285,10-14-48-37-10 = 0.333,8-55-30-22-19-8 = 0.667,10-39-48-59-10 = 0.667,10-14-29-31-10 = 0.153,10-14-46-29-30-8 = 0.09,10-29-24-31-43-10 = 0.181,10-46-29-31-43-10 = 0.09,10-46-29-30-22-59-10 = 0.243,10-46-24-31-10 = 0.576,8-23-11-25-8 = 0.222,8-17-11-25-8 = 0.222,10-40-11-25-8 = 0.556,8-34-23-17-8 = 0.778,10-40-50-32-10 = 0.444,10-28-60-57-27-53-8 = 0.465,10-28-60-57-27-53-10 = 0.312,10-37-57-27-53-21-10 = 0.222
0,0,879.364,0.0,879.364,0.0,Prune by CG,,7-11-7 = 1.0,10-15-10 = 0.026,7-40-50-32-10 = 1.0,7-54-16-28-7 = 0.842,7-16-54-37-10 = 0.013,7-16-27-53-21-7 = 0.145,7-36-58-56-7 = 1.0,7-28-60-57-37-59-10 = 0.158,7-23-34-17-7 = 1.0,10-35-38-47-43-10 = 0.829,10-35-14-39-10 = 0.145,10-14-38-47-43-10 = 0.171,10-15-12-10 = 0.974,10-18-51-49-20-10 = 0.974,10-18-51-49-12-10 = 0.026,7-60-57-27-53-21-7 = 0.842,7-42-26-25-7 = 1.0,10-14-35-20-10 = 0.026,10-14-48-37-10 = 0.158,10-39-37-27-53-21-7 = 0.013,10-39-48-59-10 = 0.842,7-54-13-30-4 = 0.145,4-29-24-31-4 = 0.5,4-46-24-31-4 = 0.5,10-14-46-29-30-4 = 0.5,7-13-52-44-7 = 0.196,7-33-41-44-7 = 0.607,4-30-41-19-7 = 0.089,4-45-41-7 = 0.071,4-45-33-19-7 = 0.015,4-45-55-30-4 = 0.069,4-55-45-19-7 = 0.699,4-55-33-41-7 = 0.232,4-30-22-19-44-7 = 0.196,4-45-33-52-22-4 = 0.145,10-37-13-52-22-4 = 0.658
0,0,871.057,0.0,871.057,0.0,Prune by CG,,8-33-41-8 = 0.75,8-34-60-28-21-10 = 0.437,8-42-26-8 = 1.0,8-45-41-8 = 0.25,8-56-27-59-10 = 0.156,8-54-16-21-10 = 0.125,8-45-33-19-8 = 0.25,8-13-52-44-8 = 1.0,8-36-58-56-8 = 0.844,8-58-36-57-21-10 = 0.156,10-35-38-47-43-10 = 0.625,10-35-14-39-10 = 0.25,10-14-38-47-43-10 = 0.375,10-15-12-10 = 0.875,10-15-50-32-10 = 0.125,10-18-51-49-20-10 = 0.875,10-18-51-49-12-10 = 0.125,10-16-54-37-10 = 0.719,5-46-29-31-5 = 0.198,5-46-24-31-5 = 0.448,10-14-35-20-10 = 0.125,10-39-48-59-10 = 0.75,10-14-48-22-5 = 0.25,5-29-24-31-5 = 0.354,5-46-29-24-5 = 0.198,8-23-11-25-8 = 0.437,8-17-11-25-8 = 0.437,10-40-11-25-8 = 0.125,8-34-23-17-8 = 0.562,10-40-50-32-10 = 0.875,10-28-60-57-27-53-8 = 0.344,10-28-60-57-27-53-10 = 0.219,10-16-54-53-8 = 0.156,8-45-55-30-4 = 0.5,4-55-30-22-19-8 = 0.5,5-29-22-59-19-8 = 0.094,10-37-57-27-53-21-10 = 0.281,5-46-29-22-19-8 = 0.156
0,0,852.395,0.0,852.395,0.0,Prune by CG,,8-41-8 = 1.0,8-34-60-28-21-10 = 0.467,8-42-26-8 = 1.0,8-56-27-59-9 = 0.133,8-45-33-19-8 = 1.0,8-58-27-53-59-9 = 0.467,8-36-57-56-8 = 0.333,8-36-58-56-8 = 0.533,9-48-59-9 = 0.133,9-46-24-31-9 = 0.5,9-46-29-9 = 0.5,9-55-30-9 = 1.0,9-29-24-31-9 = 0.5,9-54-16-21-10 = 0.267,9-54-16-37-10 = 0.733,9-13-52-44-8 = 1.0,10-35-38-47-43-10 = 0.933,10-35-14-39-10 = 0.067,10-14-38-47-43-10 = 0.067,10-39-12-10 = 0.067,10-39-15-12-10 = 0.6,10-15-12-10 = 0.333,10-15-50-32-10 = 0.067,10-18-51-49-20-10 = 1.0,10-39-37-27-53-21-10 = 0.133,10-39-37-57-27-22-9 = 0.133,10-14-48-22-9 = 0.867,8-23-11-25-8 = 0.467,8-17-11-25-8 = 0.467,10-40-11-25-8 = 0.067,8-34-23-17-8 = 0.533,10-40-50-32-10 = 0.933,10-28-60-57-27-53-9 = 0.133,10-28-60-57-53-59-9 = 0.267,10-28-60-36-57-21-10 = 0.133
0,0,863.101,0.0,863.101,0.0,Prune by CG,,7-11-7 = 1.0,9-46-24-31-9 = 0.5,9-46-29-9 = 0.5,9-55-30-9 = 0.667,9-29-24-31-9 = 0.5,9-13-52-44-7 = 1.0,9-54-16-21-7 = 0.5,9-54-16-37-10 = 0.25,9-54-16-28-7 = 0.25,7-40-50-32-10 = 1.0,7-36-58-56-7 = 1.0,7-23-34-17-7 = 1.0,10-35-38-47-43-10 = 1.0,7-28-60-57-37-59-9 = 0.5,10-39-15-12-10 = 0.75,10-15-12-10 = 0.25,7-57-27-53-59-9 = 0.25,10-18-51-49-20-10 = 1.0,7-60-57-27-53-21-7 = 0.25,7-28-60-27-53-59-9 = 0.25,9-45-41-9 = 0.333,9-30-41-19-9 = 0.333,9-45-33-19-9 = 0.667,7-42-26-25-7 = 1.0,9-55-33-41-9 = 0.333,10-39-37-27-53-21-7 = 0.25,10-14-48-22-9 = 1.0
0,0,888.57,0.0,888.57,0.0,Prune by CG,,7-11-7 = 1.0,7-40-50-32-7 = 1.0,7-16-54-53-7 = 0.25,7-36-58-56-7 = 1.0,7-28-60-57-27-53-7 = 0.75,7-23-34-17-7 = 1.0,7-16-37-27-21-7 = 0.25,7-42-26-25-7 = 1.0,5-46-24-31-5 = 1.0,7-54-48-29-5 = 0.5,7-28-60-57-37-59-6 = 0.25,6-51-49-20-43-6 = 0.25,6-35-14-38-6 = 0.25,6-35-14-47-6 = 0.25,6-35-38-47-43-6 = 0.5,6-14-38-47-43-6 = 0.25,6-18-39-15-12-6 = 1.0,6-51-49-20-6 = 0.75,7-54-13-30-4 = 0.25,7-13-52-44-7 = 0.75,7-33-41-44-7 = 0.083,7-45-33-52-22-5 = 0.25,5-29-22-41-19-7 = 0.5,4-45-33-19-4 = 0.167,4-45-55-30-4 = 0.25,4-55-45-19-4 = 0.167,4-55-45-33-22-4 = 0.083,4-55-33-41-7 = 0.417,7-45-55-30-4 = 0.083,4-30-22-19-44-7 = 0.167,7-16-37-59-21-7 = 0.5,6-14-48-30-4 = 0.25,5-48-59-21-7 = 0.25
0,0,886.571,0.0,886.571,0.0,Prune by CG,,9-48-59-9 = 0.919,9-46-24-31-9 = 0.5,9-46-29-9 = 0.5,9-55-30-9 = 0.439,9-55-45-19-9 = 0.439,9-29-24-31-9 = 0.5,9-13-56-22-9 = 0.317,9-54-16-37-10 = 0.854,9-54-27-59-9 = 0.049,9-48-37-27-53-9 = 0.008,10-35-38-47-43-10 = 0.537,10-35-14-39-10 = 0.463,10-14-38-47-43-10 = 0.463,10-39-12-10 = 0.537,10-12-49-20-10 = 0.118,10-15-12-10 = 0.228,10-15-50-32-10 = 0.772,10-18-51-20-10 = 0.118,10-18-51-49-20-10 = 0.764,10-18-51-49-12-10 = 0.118,9-33-41-44-9 = 0.317,9-30-41-19-9 = 0.561,9-45-33-52-22-9 = 0.561,9-55-33-41-9 = 0.122,10-14-48-22-9 = 0.073,9-52-27-53-59-9 = 0.033,10-16-57-27-22-9 = 0.049,10-16-54-53-9 = 0.098,10-40-11-21-10 = 0.772,10-40-50-32-10 = 0.228,10-28-60-57-27-53-9 = 0.724,10-28-60-36-57-21-10 = 0.228,10-34-36-58-9 = 0.228,9-13-52-44-9 = 0.407,9-13-58-44-9 = 0.276,10-37-56-27-53-9 = 0.138,10-36-58-56-9 = 0.496,10-28-60-36-56-9 = 0.049,10-23-34-17-10 = 0.772,10-23-17-11-10 = 0.228,9-42-26-25-10 = 1.0
0,0,877.258,0.0,877.258,0.0,Prune by CG,,8-41-8 = 0.109,8-33-41-8 = 0.815,8-34-60-28-21-10 = 0.348,8-42-26-8 = 1.0,8-45-41-8 = 0.076,8-45-55-22-59-10 = 0.054,8-56-27-59-10 = 0.022,8-54-16-21-10 = 0.304,8-45-33-19-8 = 0.185,8-13-52-44-8 = 1.0,8-36-58-56-8 = 0.978,8-58-36-57-21-10 = 0.022,10-35-38-47-43-10 = 0.565,10-35-14-39-10 = 0.13,10-14-38-47-43-10 = 0.435,10-15-12-10 = 0.696,10-15-50-32-10 = 0.304,10-18-51-49-20-10 = 0.696,10-18-51-49-12-10 = 0.304,10-16-54-37-10 = 0.674,10-14-35-20-10 = 0.304,10-39-48-59-10 = 0.87,8-23-11-25-8 = 0.348,8-17-11-25-8 = 0.348,10-40-11-25-8 = 0.304,8-34-23-17-8 = 0.652,10-40-50-32-10 = 0.696,10-28-60-57-27-53-8 = 0.293,10-28-60-57-27-53-10 = 0.359,10-16-54-53-8 = 0.022,8-45-55-30-4 = 0.685,4-55-30-22-19-8 = 0.261,4-29-24-31-4 = 0.5,4-46-24-31-4 = 0.5,4-46-29-22-19-8 = 0.5,4-30-22-59-19-8 = 0.054,10-37-57-27-53-21-10 = 0.326,10-14-48-22-4 = 0.13
0,0,887.33,0.0,887.33,0.0,Prune by CG,,7-11-7 = 1.0,7-40-50-32-7 = 1.0,7-54-16-28-7 = 0.464,7-16-54-53-7 = 0.214,7-36-58-56-7 = 1.0,7-28-57-37-27-53-7 = 0.125,7-28-60-57-27-53-7 = 0.196,7-28-60-57-37-27-7 = 0.107,7-28-60-57-37-21-7 = 0.107,7-23-34-17-7 = 1.0,7-16-37-27-21-7 = 0.107,7-60-57-27-53-21-7 = 0.464,7-42-26-25-7 = 1.0,5-46-24-31-5 = 0.214,7-54-48-29-5 = 0.107,5-29-24-31-5 = 0.786,3-45-41-3 = 0.125,3-33-41-3 = 0.875,6-51-49-20-43-6 = 0.333,6-35-14-38-6 = 0.333,6-35-14-47-6 = 0.333,6-35-38-47-43-6 = 0.333,6-14-38-47-43-6 = 0.333,6-18-39-15-12-6 = 1.0,6-51-49-20-6 = 0.667,5-46-48-59-5 = 0.679,7-13-52-44-7 = 0.875,7-54-48-37-7 = 0.214,7-16-37-59-21-7 = 0.214,5-46-29-22-59-21-7 = 0.107,3-45-19-44-7 = 0.125,3-45-33-19-3 = 0.125,3-45-55-30-5 = 0.107,3-45-55-30-22-5 = 0.393,3-45-52-19-3 = 0.125,5-55-30-22-19-3 = 0.5,7-60-37-13-19-3 = 0.125
0,0,884.723,0.0,884.723,0.0,Prune by CG,,7-11-7 = 1.0,7-40-50-32-10 = 1.0,7-54-16-28-7 = 0.441,7-36-58-56-7 = 1.0,7-28-60-57-37-59-10 = 0.195,7-23-34-17-7 = 1.0,10-35-38-47-43-10 = 0.74,10-35-14-39-10 = 0.26,10-14-38-47-43-10 = 0.26,10-15-12-10 = 1.0,10-18-51-49-20-10 = 1.0,7-60-57-27-53-21-7 = 0.805,10-16-54-37-10 = 0.195,7-42-26-25-7 = 1.0,5-46-24-31-5 = 0.714,10-39-37-27-53-21-7 = 0.195,10-39-48-59-10 = 0.545,10-14-48-29-5 = 0.137,5-29-24-31-5 = 0.286,10-14-48-30-4 = 0.318,5-46-29-30-22-59-10 = 0.26,10-14-46-29-30-4 = 0.026,7-13-52-44-7 = 0.586,7-33-41-44-7 = 0.38,5-29-22-41-19-7 = 0.292,10-37-13-52-22-5 = 0.414,10-54-16-28-7 = 0.364,4-30-41-19-4 = 0.018,4-45-33-19-4 = 0.31,4-45-55-30-4 = 0.344,4-55-45-19-4 = 0.346,4-55-33-41-7 = 0.31,4-30-22-19-44-7 = 0.034
0,0,882.073,0.0,882.073,0.0,Prune by CG,,7-11-7 = 1.0,9-48-59-9 = 0.658,9-14-35-38-9 = 0.193,9-46-29-9 = 0.5,9-55-30-9 = 0.632,9-55-45-19-9 = 0.105,9-29-24-31-9 = 0.5,9-13-52-44-7 = 0.895,9-54-16-21-7 = 1.0,9-48-37-27-53-9 = 0.237,9-48-13-22-9 = 0.105,9-14-38-47-22-9 = 0.789,9-35-51-38-47-9 = 0.018,9-35-18-51-20-43-9 = 0.702,7-40-50-32-7 = 1.0,7-36-58-56-7 = 1.0,7-23-34-17-7 = 1.0,7-28-60-57-37-59-9 = 0.272,7-57-27-53-59-9 = 0.035,7-28-60-57-27-53-9 = 0.693,7-28-60-27-53-59-9 = 0.035,9-33-41-44-7 = 0.105,9-45-41-9 = 0.263,9-30-41-19-9 = 0.368,9-45-33-19-9 = 0.526,7-42-26-25-7 = 1.0,9-45-33-52-22-9 = 0.105,9-55-33-41-9 = 0.263,5-46-24-31-5 = 0.5,7-15-49-12-7 = 0.404,7-39-15-12-37-9 = 0.491,7-39-15-51-20-9 = 0.088,7-39-18-49-47-9 = 0.193,7-39-49-20-43-9 = 0.211,9-35-51-49-43-9 = 0.088,7-18-51-49-12-7 = 0.105,9-14-39-15-7 = 0.018
0,0,884.601,0.0,884.601,0.0,Prune by CG,,7-11-7 = 1.0,9-48-59-9 = 0.679,9-14-35-47-9 = 0.005,9-14-35-38-9 = 0.189,9-46-24-31-9 = 0.5,9-46-29-9 = 0.306,9-46-29-30-9 = 0.194,9-55-30-9 = 0.806,9-29-24-31-9 = 0.5,9-13-52-44-7 = 0.887,9-13-52-22-9 = 0.032,9-54-16-21-7 = 1.0,9-48-37-27-53-9 = 0.24,9-48-13-22-9 = 0.081,9-14-38-47-22-9 = 0.806,9-35-51-38-47-9 = 0.005,9-35-18-51-20-43-9 = 0.691,7-40-50-32-7 = 1.0,7-36-58-56-7 = 1.0,7-23-34-17-7 = 1.0,7-28-60-57-37-59-9 = 0.267,7-57-27-53-59-9 = 0.027,7-28-60-57-27-53-9 = 0.706,7-28-60-27-53-59-9 = 0.027,9-45-33-19-9 = 0.613,7-42-26-25-7 = 1.0,9-45-33-52-22-9 = 0.081,3-41-19-9 = 0.387,3-33-41-44-7 = 0.113,7-15-49-12-7 = 0.396,7-39-15-12-37-9 = 0.493,7-39-15-51-20-9 = 0.097,7-39-18-49-47-9 = 0.185,9-35-18-39-15-7 = 0.014,9-45-41-3 = 0.306,9-55-33-41-3 = 0.194,7-39-49-20-43-9 = 0.212,9-35-51-49-43-9 = 0.097,7-18-51-49-12-7 = 0.11
0,0,879.771,0.0,879.771,0.0,Prune by CG,,7-11-7 = 1.0,2-25-2 = 1.0,8-41-8 = 0.155,8-33-41-8 = 0.655,8-42-26-8 = 1.0,8-54-48-37-7 = 0.036,8-54-16-28-7 = 0.06,8-45-33-19-8 = 0.345,8-13-52-44-8 = 0.94,8-41-19-8 = 0.19,8-48-59-21-7 = 0.512,8-48-59-44-8 = 0.06,8-58-52-19-8 = 0.06,7-40-50-32-7 = 1.0,7-16-54-53-7 = 0.762,7-16-37-57-36-7 = 0.06,7-28-60-57-27-53-7 = 0.238,7-28-60-57-37-27-7 = 0.702,7-23-34-17-7 = 1.0,7-16-37-27-21-7 = 0.06,7-36-58-56-8 = 0.94,7-16-37-56-8 = 0.06,7-60-37-13-19-8 = 0.06,6-35-14-38-6 = 0.25,6-35-14-47-6 = 0.25,6-35-38-47-43-6 = 0.5,6-14-38-47-43-6 = 0.25,6-18-39-15-12-6 = 1.0,6-51-49-20-6 = 1.0,8-45-55-30-4 = 0.655,4-55-30-22-19-8 = 0.345,4-29-24-31-4 = 0.179,4-46-24-31-4 = 0.571,8-54-48-29-4 = 0.143,4-46-29-22-59-21-7 = 0.429,6-14-48-37-7 = 0.024,6-14-48-22-4 = 0.226,4-29-24-31-43-6 = 0.25
0,0,890.482,0.0,890.482,0.0,Prune by CG,,10-15-10 = 0.406,8-33-41-8 = 0.74,8-34-60-28-21-10 = 0.312,8-42-26-8 = 0.875,8-45-41-8 = 0.26,8-45-55-22-59-10 = 0.063,8-54-16-21-10 = 0.375,8-45-33-19-8 = 0.26,8-13-52-44-8 = 1.0,8-36-58-56-8 = 1.0,8-34-26-8 = 0.125,10-35-38-47-43-10 = 0.75,10-35-14-39-10 = 0.062,10-12-49-20-10 = 0.25,10-15-12-10 = 0.594,10-18-51-49-20-10 = 0.594,10-18-51-49-12-10 = 0.156,10-16-54-37-10 = 0.625,10-14-35-20-10 = 0.156,10-14-48-37-10 = 0.062,8-45-55-30-22-8 = 0.198,8-45-55-19-8 = 0.219,8-55-30-22-19-8 = 0.521,10-39-48-59-10 = 0.938,10-14-46-29-30-8 = 0.281,10-14-46-29-22-8 = 0.219,10-18-29-24-31-10 = 0.25,10-46-24-31-10 = 0.5,8-34-17-42-8 = 0.125,10-40-50-32-10 = 0.562,10-28-60-57-27-53-8 = 0.688,10-14-38-47-43-6 = 0.219,10-35-38-47-43-6 = 0.031,8-34-17-25-2 = 0.437,2-23-11-25-2 = 0.562,2-23-17-11-2 = 0.437,2-40-50-32-10 = 0.437,10-37-57-27-53-21-10 = 0.312,6-51-29-24-31-10 = 0.25
0,0,889.345,0.0,889.345,0.0,Prune by CG,,7-11-7 = 1.0,7-40-50-32-7 = 1.0,7-54-16-28-7 = 0.6,7-36-58-56-7 = 1.0,7-28-57-37-27-53-7 = 0.2,7-28-60-57-27-53-7 = 0.2,7-23-34-17-7 = 1.0,7-60-57-27-53-21-7 = 0.6,7-42-26-25-7 = 1.0,5-46-24-31-5 = 0.2,5-29-24-31-5 = 0.8,3-33-41-3 = 0.6,6-51-49-20-43-6 = 0.333,6-35-14-38-6 = 0.333,6-35-14-47-6 = 0.333,6-35-38-47-43-6 = 0.333,6-14-38-47-43-6 = 0.333,6-18-39-15-12-6 = 1.0,6-51-49-20-6 = 0.667,7-16-37-13-22-5 = 0.2,7-54-48-22-4 = 0.2,5-46-48-59-5 = 0.6,7-13-52-44-7 = 0.6,4-30-22-19-44-7 = 0.4,7-54-48-37-7 = 0.2,7-16-37-59-21-7 = 0.2,5-46-29-22-59-21-7 = 0.2,3-45-52-19-3 = 0.4,4-55-33-41-3 = 0.4,3-45-55-30-4 = 0.6,7-60-37-13-19-3 = 0.2
0,0,891.459,0.0,891.459,0.0,Prune by CG,,7-11-7 = 1.0,2-25-2 = 1.0,8-33-41-8 = 0.617,8-42-26-8 = 1.0,8-45-41-8 = 0.383,8-45-33-19-8 = 0.383,8-13-52-44-8 = 1.0,8-48-59-21-7 = 0.667,7-40-50-32-7 = 1.0,7-54-16-28-7 = 0.148,7-16-54-53-7 = 0.852,7-28-60-57-37-27-7 = 0.852,7-23-34-17-7 = 1.0,7-36-58-56-8 = 1.0,7-60-57-27-53-21-7 = 0.148,8-45-55-30-22-8 = 0.086,8-55-30-22-19-8 = 0.617,8-55-48-59-8 = 0.037,8-55-29-30-22-59-8 = 0.111,6-35-14-38-6 = 0.222,6-35-14-47-6 = 0.222,6-35-38-47-43-6 = 0.556,6-14-38-47-43-6 = 0.222,6-18-39-15-12-6 = 1.0,6-51-49-20-6 = 1.0,6-14-48-37-7 = 0.148,8-45-55-29-24-6 = 0.148,6-14-46-29-30-8 = 0.185,6-46-24-31-6 = 0.63,8-29-24-31-43-6 = 0.222,8-48-29-31-6 = 0.148,6-46-29-22-59-21-7 = 0.185
0,0,891.402,0.0,891.402,0.0,Prune by CG,,8-33-41-8 = 1.0,8-42-26-8 = 0.667,8-54-16-21-8 = 0.333,8-13-52-44-8 = 1.0,8-36-58-56-8 = 1.0,8-60-28-57-27-53-8 = 1.0,8-34-26-8 = 0.333,5-46-24-31-5 = 1.0,8-45-55-30-5 = 1.0,6-35-38-47-43-6 = 1.0,6-18-39-15-12-6 = 1.0,6-51-49-20-6 = 1.0,8-34-17-42-8 = 0.333,8-34-17-25-2 = 0.333,5-29-22-59-19-8 = 1.0,2-23-11-25-2 = 0.667,2-23-17-11-2 = 0.333,6-14-48-37-8 = 1.0,2-40-50-32-6 = 1.0,8-54-16-21-2 = 0.667
0,0,881.124,0.0,881.124,0.0,Prune by CG,,9-48-59-9 = 0.857,9-46-29-9 = 0.5,9-55-30-9 = 1.0,9-29-24-31-9 = 0.5,9-13-56-22-9 = 0.429,9-54-16-21-10 = 0.143,9-54-16-37-10 = 0.714,9-48-37-27-53-9 = 0.143,9-54-56-22-9 = 0.143,10-35-38-47-43-10 = 0.5,10-35-14-39-10 = 0.5,10-14-38-47-43-10 = 0.5,10-39-15-12-10 = 0.357,10-15-12-10 = 0.643,10-18-51-49-20-10 = 1.0,10-39-37-27-53-21-10 = 0.143,9-45-33-19-9 = 0.571,9-45-33-52-22-9 = 0.429,5-46-24-31-5 = 0.5,9-52-27-53-59-9 = 0.143,3-26-41-3 = 1.0,10-40-50-32-10 = 1.0,10-28-60-57-27-53-9 = 0.429,10-28-60-36-57-21-10 = 0.571,2-23-17-11-2 = 1.0,10-16-27-53-21-10 = 0.143,9-13-58-44-9 = 0.571,2-34-42-25-2 = 1.0,9-52-44-19-9 = 0.429,10-36-58-56-9 = 0.429
0,0,878.861,0.0,878.861,0.0,Prune by CG,,9-48-59-9 = 0.825,9-46-24-31-9 = 0.5,9-46-29-9 = 0.5,9-55-30-9 = 0.35,9-55-45-19-9 = 0.35,9-29-24-31-9 = 0.5,9-13-56-53-9 = 0.05,9-54-16-37-10 = 0.725,9-48-37-27-53-9 = 0.175,9-54-56-22-9 = 0.275,10-35-38-47-43-10 = 0.5,10-35-14-39-10 = 0.5,10-14-38-47-43-10 = 0.5,10-39-12-10 = 0.075,10-39-15-12-10 = 0.425,10-15-12-10 = 0.5,10-15-50-32-10 = 0.075,10-18-51-49-20-10 = 1.0,9-33-41-44-9 = 0.05,9-30-41-19-9 = 0.65,9-45-33-52-22-9 = 0.65,9-55-33-41-9 = 0.3,9-52-27-53-59-9 = 0.038,10-40-50-32-10 = 0.925,10-28-60-57-27-53-9 = 0.275,10-28-60-36-57-21-10 = 0.725,2-23-17-11-2 = 0.925,2-42-26-25-2 = 0.5,10-16-27-53-21-10 = 0.275,10-40-11-25-2 = 0.075,9-13-52-44-9 = 0.225,9-13-58-44-9 = 0.725,2-34-26-2 = 0.425,2-34-56-22-9 = 0.075,2-34-42-25-2 = 0.425,2-42-26-2 = 0.075,9-56-27-59-9 = 0.138,9-52-56-53-9 = 0.088,2-23-34-17-2 = 0.075,10-37-56-27-53-9 = 0.1,10-36-58-56-9 = 0.275
0,0,905.99,0.0,905.99,0.0,Prune by CG,,7-34-58-17-7 = 0.023,7-23-11-7 = 0.569,7-54-16-21-7 = 0.048,7-54-16-28-7 = 0.74,7-16-54-53-7 = 0.212,7-34-60-28-21-7 = 0.046,7-34-60-28-17-7 = 0.07,7-36-58-56-7 = 0.977,7-28-57-37-27-53-7 = 0.093,7-23-34-17-7 = 0.431,7-60-57-27-53-21-7 = 0.695,7-42-26-25-7 = 1.0,7-60-57-37-27-21-7 = 0.139,7-40-50-32-6 = 1.0,7-28-60-57-37-59-6 = 0.05,6-49-12-20-6 = 0.048,6-49-20-6 = 0.099,6-35-14-47-6 = 0.353,6-35-38-47-43-6 = 0.647,6-18-39-15-12-6 = 0.952,6-51-49-20-6 = 0.853,6-14-48-37-7 = 0.407,6-14-37-27-21-7 = 0.073,7-45-33-19-7 = 0.476,7-13-52-44-7 = 0.929,7-13-19-44-7 = 0.0,7-52-19-44-7 = 0.023,7-45-55-30-22-7 = 0.5,7-45-55-19-7 = 0.024,7-17-41-19-7 = 0.476,7-33-41-44-7 = 0.048,6-46-24-31-6 = 0.5,6-46-29-30-22-59-6 = 0.5,6-51-29-24-31-6 = 0.147,6-29-24-31-43-6 = 0.353,6-14-37-57-36-7 = 0.023,6-14-48-37-6 = 0.143,6-15-48-59-6 = 0.048,6-39-48-59-6 = 0.048,6-18-37-13-52-7 = 0.048,6-55-33-41-7 = 0.476,6-37-13-56-7 = 0.023,7-34-11-7 = 0.431,6-38-48-59-6 = 0.353
0,0,849.078,0.0,849.078,0.0,Prune by CG,,7-11-7 = 1.0,9-46-24-31-9 = 0.5,9-46-29-9 = 0.5,9-55-30-9 = 0.5,9-55-45-19-9 = 0.5,9-29-24-31-9 = 0.5,9-13-52-44-7 = 0.5,9-48-37-27-53-9 = 0.5,9-48-13-22-9 = 0.5,7-40-50-32-7 = 1.0,7-54-16-21-7 = 1.0,7-36-58-56-7 = 1.0,7-23-34-17-7 = 1.0,7-28-60-57-37-59-9 = 0.5,7-28-60-57-27-53-9 = 0.5,9-33-41-44-7 = 0.5,9-30-41-19-9 = 0.5,7-42-26-25-7 = 1.0,9-45-33-52-22-9 = 0.5,9-14-38-47-43-6 = 0.5,6-35-38-47-43-6 = 0.5,6-18-39-15-12-6 = 1.0,6-51-49-20-6 = 1.0,6-35-14-59-9 = 0.5
0,0,896.978,0.0,896.978,0.0,Prune by CG,,7-11-7 = 1.0,7-40-50-32-7 = 1.0,7-16-54-53-7 = 0.071,7-36-58-56-7 = 1.0,7-28-60-57-27-53-7 = 0.929,7-28-60-57-37-27-7 = 0.071,7-23-34-17-7 = 1.0,7-42-26-25-7 = 1.0,6-35-14-38-6 = 0.25,6-35-14-47-6 = 0.25,6-35-38-47-43-6 = 0.5,6-14-38-47-43-6 = 0.25,6-18-39-15-12-6 = 1.0,6-51-49-20-6 = 1.0,7-16-48-30-4 = 0.036,7-54-13-30-4 = 0.214,7-16-37-13-22-4 = 0.143,4-46-24-31-4 = 0.75,7-54-48-29-4 = 0.5,7-54-48-22-4 = 0.179,4-46-29-22-59-21-7 = 0.25,7-13-52-44-7 = 0.643,7-33-41-44-7 = 0.286,4-30-41-19-7 = 0.357,4-45-55-30-4 = 0.071,4-55-45-19-4 = 0.536,4-55-45-19-7 = 0.036,4-55-33-41-7 = 0.357,4-30-22-19-44-7 = 0.071,7-54-48-37-7 = 0.036,7-16-37-59-21-7 = 0.75,6-14-48-30-4 = 0.25,4-45-33-52-22-4 = 0.357,4-29-24-31-43-6 = 0.25
0,0,899.148,0.0,899.148,0.0,Prune by CG,,7-11-7 = 0.662,10-15-10 = 0.283,7-40-50-32-10 = 1.0,7-34-36-57-7 = 0.075,7-34-58-36-7 = 0.187,7-23-11-7 = 0.338,7-54-16-28-7 = 0.05,7-34-60-28-21-7 = 0.075,7-36-58-56-7 = 0.675,7-28-60-57-27-53-7 = 0.075,7-23-34-17-7 = 0.662,10-35-38-47-43-10 = 0.475,10-35-14-39-10 = 0.308,10-14-38-47-43-10 = 0.242,10-39-38-47-20-10 = 0.067,10-12-49-20-10 = 0.217,10-15-12-10 = 0.717,10-18-51-49-20-10 = 0.717,10-18-51-49-12-10 = 0.067,7-60-57-27-53-21-7 = 0.85,10-16-54-37-10 = 0.15,7-42-26-25-7 = 1.0,10-14-48-37-10 = 0.45,10-39-37-27-53-21-7 = 0.075,10-39-48-59-10 = 0.55,10-18-29-24-31-10 = 0.217,10-29-24-31-43-10 = 0.017,10-46-29-31-43-10 = 0.05,10-46-29-30-22-59-10 = 0.45,10-46-24-31-10 = 0.5,10-35-38-47-43-6 = 0.217,10-55-33-41-7 = 0.4,7-45-33-19-7 = 0.4,7-13-52-44-7 = 0.675,7-52-19-44-7 = 0.125,7-45-55-30-22-10 = 0.55,7-45-55-29-24-10 = 0.05,10-37-13-56-7 = 0.325,7-17-41-19-7 = 0.338,7-58-52-19-7 = 0.138,7-36-52-41-7 = 0.062,7-33-41-44-7 = 0.2,10-54-16-28-7 = 0.8,6-51-29-24-31-10 = 0.217
0,0,877.196,0.0,877.196,0.0,Prune by CG,,8-41-8 = 0.155,8-33-41-8 = 0.655,8-42-26-8 = 1.0,8-54-16-28-7 = 0.06,8-45-33-19-8 = 0.345,8-13-52-44-8 = 0.94,8-41-19-8 = 0.19,8-48-59-21-7 = 0.512,8-48-59-44-8 = 0.06,8-58-52-19-8 = 0.06,7-40-50-32-7 = 1.0,7-34-17-25-7 = 1.0,7-23-11-7 = 1.0,7-16-54-53-7 = 0.762,7-16-37-57-36-7 = 0.06,7-28-60-57-27-53-7 = 0.238,7-28-60-57-37-27-7 = 0.702,7-16-37-27-21-7 = 0.06,7-36-58-56-8 = 0.94,7-16-37-56-8 = 0.06,7-60-37-13-19-8 = 0.06,6-35-14-38-6 = 0.25,6-35-14-47-6 = 0.25,6-35-38-47-43-6 = 0.5,6-14-38-47-43-6 = 0.25,6-18-39-15-12-6 = 1.0,6-51-49-20-6 = 1.0,8-45-55-30-4 = 0.655,4-55-30-22-19-8 = 0.345,4-29-24-31-4 = 0.179,4-46-24-31-4 = 0.571,4-46-29-22-59-21-7 = 0.429,6-14-48-37-7 = 0.06,8-54-48-22-4 = 0.179,6-14-48-22-4 = 0.048,6-14-48-29-4 = 0.143,4-29-24-31-43-6 = 0.25
0,0,889.683,0.0,889.683,0.0,Prune by CG,,7-11-7 = 0.857,2-25-2 = 1.0,8-41-8 = 1.0,8-42-26-8 = 1.0,8-45-33-19-9 = 1.0,8-58-56-22-9 = 0.143,8-54-16-21-7 = 0.321,8-54-16-28-7 = 0.25,8-34-36-17-7 = 0.143,9-48-59-9 = 0.679,9-14-35-39-7 = 0.071,9-46-24-31-9 = 0.5,9-46-29-9 = 0.5,9-55-30-9 = 1.0,9-29-24-31-9 = 0.5,9-54-16-28-7 = 0.429,9-48-37-27-53-7 = 0.107,9-48-37-27-53-9 = 0.214,9-13-52-44-8 = 1.0,9-14-38-47-22-9 = 0.857,9-35-51-38-47-9 = 0.143,9-35-18-51-20-43-9 = 0.643,7-40-50-32-7 = 1.0,7-23-11-7 = 0.143,7-23-34-17-7 = 0.857,7-36-58-56-8 = 0.857,7-28-60-57-37-59-9 = 0.321,7-60-57-27-53-21-7 = 0.679,7-15-49-12-7 = 0.429,7-39-15-12-37-7 = 0.357,9-35-18-39-15-7 = 0.143,7-39-49-20-43-9 = 0.357,7-18-51-49-12-7 = 0.214,9-14-39-15-7 = 0.071
0,0,889.082,0.0,889.082,0.0,Prune by CG,,8-41-8 = 1.0,8-34-60-28-21-8 = 0.2,8-42-26-8 = 1.0,8-45-33-19-9 = 0.3,8-56-27-59-9 = 0.15,8-45-33-19-8 = 0.7,8-58-27-53-59-9 = 0.15,8-16-54-53-9 = 0.35,8-16-57-27-22-9 = 0.2,8-36-58-56-8 = 0.85,8-60-28-57-27-53-9 = 0.5,8-60-28-57-37-59-9 = 0.3,9-48-59-9 = 0.2,9-46-29-9 = 0.5,9-55-30-9 = 1.0,9-29-24-31-9 = 0.5,9-54-16-37-9 = 0.1,9-13-52-44-8 = 1.0,9-54-48-22-9 = 0.2,9-54-16-36-8 = 0.15,9-14-48-22-9 = 0.6,5-46-24-31-5 = 0.5,9-14-38-47-43-6 = 0.2,6-35-38-47-43-6 = 0.8,6-18-39-15-12-6 = 1.0,6-51-49-20-6 = 1.0,8-23-11-25-8 = 0.2,8-17-11-25-8 = 0.2,8-34-23-17-8 = 0.8,6-35-14-59-9 = 0.2,9-54-16-21-8 = 0.2,6-40-50-32-6 = 1.0,9-37-21-11-25-8 = 0.6
0,0,888.883,0.0,888.883,0.0,Prune by CG,,8-33-41-8 = 0.617,8-42-26-8 = 1.0,8-45-41-8 = 0.383,8-45-33-19-8 = 0.383,8-13-52-44-8 = 1.0,8-48-59-21-7 = 0.667,7-40-50-32-7 = 1.0,7-34-17-25-7 = 1.0,7-23-11-7 = 1.0,7-54-16-28-7 = 0.148,7-16-54-53-7 = 0.852,7-28-60-57-37-27-7 = 0.852,7-36-58-56-8 = 1.0,7-60-57-27-53-21-7 = 0.148,8-45-55-30-22-8 = 0.086,8-55-30-22-19-8 = 0.617,8-55-48-59-8 = 0.037,8-55-29-30-22-59-8 = 0.111,6-35-14-38-6 = 0.222,6-35-14-47-6 = 0.222,6-35-38-47-43-6 = 0.556,6-14-38-47-43-6 = 0.222,6-18-39-15-12-6 = 1.0,6-51-49-20-6 = 1.0,6-14-48-37-7 = 0.148,8-45-55-29-24-6 = 0.148,6-14-46-29-30-8 = 0.185,6-46-24-31-6 = 0.63,8-29-24-31-43-6 = 0.222,8-48-29-31-6 = 0.148,6-46-29-22-59-21-7 = 0.185
0,0,897.993,0.0,897.993,0.0,Prune by CG,,7-11-7 = 0.853,7-40-50-32-7 = 1.0,7-23-17-11-7 = 0.147,7-54-16-28-7 = 0.147,7-16-54-53-7 = 0.336,7-34-60-28-21-7 = 0.147,7-36-58-56-7 = 1.0,7-28-57-37-27-53-7 = 0.147,7-28-60-57-27-53-7 = 0.224,7-23-34-17-7 = 0.853,7-16-37-27-21-7 = 0.336,7-60-57-27-53-21-7 = 0.293,7-42-26-25-7 = 1.0,5-46-24-31-5 = 0.56,7-54-48-29-5 = 0.276,7-54-48-22-5 = 0.241,7-28-60-57-37-59-5 = 0.336,7-45-55-30-5 = 0.19,5-29-24-31-5 = 0.44,6-51-49-20-43-6 = 0.333,6-35-14-38-6 = 0.333,6-35-14-47-6 = 0.333,6-35-38-47-43-6 = 0.333,6-14-38-47-43-6 = 0.333,6-18-39-15-12-6 = 1.0,6-51-49-20-6 = 0.667,7-16-37-13-22-5 = 0.181,5-48-13-30-5 = 0.043,5-46-48-59-5 = 0.44,7-45-33-19-7 = 0.129,7-13-52-44-7 = 0.776,7-33-41-44-7 = 0.164,7-45-33-52-22-5 = 0.224,5-55-45-19-7 = 0.328,5-55-45-33-22-5 = 0.129,5-55-33-41-7 = 0.353,5-30-41-19-7 = 0.483,5-29-30-19-44-7 = 0.06,5-29-30-22-59-21-7 = 0.224
0,0,899.558,0.0,899.558,0.0,Prune by CG,,7-11-7 = 0.667,10-15-10 = 0.256,7-40-50-32-10 = 1.0,7-34-36-57-7 = 0.067,7-34-58-36-7 = 0.2,7-23-11-7 = 0.333,7-54-16-28-7 = 0.067,7-34-60-28-21-7 = 0.067,7-36-58-56-7 = 0.667,7-28-60-57-27-53-7 = 0.067,7-23-34-17-7 = 0.667,10-35-38-47-43-10 = 0.711,10-35-14-39-10 = 0.289,10-14-38-47-43-10 = 0.178,10-39-38-47-20-10 = 0.111,10-12-49-20-10 = 0.144,10-15-12-10 = 0.744,10-18-51-49-20-10 = 0.744,10-18-51-49-12-10 = 0.111,7-60-57-27-53-21-7 = 0.867,10-16-54-37-10 = 0.133,7-42-26-25-7 = 1.0,10-14-48-37-10 = 0.467,10-39-37-27-53-21-7 = 0.067,10-39-48-59-10 = 0.533,10-14-29-31-10 = 0.067,10-18-29-24-31-10 = 0.144,10-29-24-31-43-10 = 0.111,10-46-29-30-22-59-10 = 0.467,10-46-24-31-10 = 0.533,10-51-29-24-31-10 = 0.144,10-55-33-41-7 = 0.4,7-45-33-19-7 = 0.4,7-13-52-44-7 = 0.667,7-52-19-44-7 = 0.133,7-45-55-30-22-10 = 0.533,7-45-55-29-24-10 = 0.067,10-37-13-56-7 = 0.333,7-17-41-19-7 = 0.333,7-58-52-19-7 = 0.133,7-36-52-41-7 = 0.067,7-33-41-44-7 = 0.2,10-54-16-28-7 = 0.8
0,0,870.372,0.0,870.372,0.0,Prune by CG,,9-48-59-9 = 0.825,9-46-24-31-9 = 0.5,9-46-29-9 = 0.5,9-55-30-9 = 0.35,9-55-45-19-9 = 0.35,9-29-24-31-9 = 0.5,9-13-56-53-9 = 0.05,9-54-16-37-10 = 0.725,9-48-37-27-53-9 = 0.175,9-54-56-22-9 = 0.275,10-35-38-47-43-10 = 0.5,10-35-14-39-10 = 0.5,10-14-38-47-43-10 = 0.5,10-39-12-10 = 0.075,10-39-15-12-10 = 0.425,10-15-12-10 = 0.5,10-15-50-32-10 = 0.075,10-18-51-49-20-10 = 1.0,9-33-41-44-9 = 0.05,9-30-41-19-9 = 0.65,9-45-33-52-22-9 = 0.65,9-55-33-41-9 = 0.3,9-52-27-53-59-9 = 0.037,10-40-50-32-10 = 0.925,10-28-60-57-27-53-9 = 0.275,10-28-60-36-57-21-10 = 0.725,2-23-17-11-2 = 0.925,2-42-26-25-2 = 0.5,10-16-27-53-21-10 = 0.275,10-40-11-25-2 = 0.075,9-13-52-44-9 = 0.225,9-13-58-44-9 = 0.725,2-34-26-2 = 0.425,2-34-56-22-9 = 0.075,2-34-42-25-2 = 0.425,2-42-26-2 = 0.075,9-56-27-59-9 = 0.138,9-52-56-53-9 = 0.088,2-23-34-17-2 = 0.075,10-37-56-27-53-9 = 0.1,10-36-58-56-9 = 0.275
0,0,899.893,0.0,899.893,0.0,Prune by CG,,9-48-59-9 = 0.733,9-46-24-31-9 = 0.5,9-46-29-9 = 0.367,9-46-29-30-9 = 0.133,9-55-30-9 = 0.867,9-29-24-31-9 = 0.5,9-13-56-22-9 = 0.4,9-54-16-37-10 = 0.867,9-48-37-27-53-9 = 0.067,9-54-56-22-9 = 0.133,10-35-38-47-43-10 = 0.6,10-35-14-39-10 = 0.4,10-14-38-47-43-10 = 0.4,10-39-15-12-10 = 0.533,10-15-12-10 = 0.467,10-18-51-49-20-10 = 1.0,10-39-37-27-53-21-10 = 0.067,9-45-33-19-9 = 0.6,9-45-33-52-22-9 = 0.267,10-14-48-22-9 = 0.2,9-52-27-53-59-9 = 0.267,3-26-41-3 = 0.733,10-40-50-32-10 = 1.0,10-28-60-57-27-53-9 = 0.467,10-28-60-36-57-21-10 = 0.533,10-16-27-53-21-10 = 0.133,9-45-41-3 = 0.133,9-55-33-41-3 = 0.133,9-13-52-44-9 = 0.067,9-13-58-44-9 = 0.533,9-52-44-19-9 = 0.4,10-36-58-56-9 = 0.467,3-42-26-3 = 0.267,10-23-11-25-10 = 1.0,3-34-17-42-3 = 0.733,3-34-17-21-10 = 0.267
0,0,890.123,0.0,890.123,0.0,Prune by CG,,7-11-7 = 1.0,9-48-59-9 = 0.658,9-14-35-38-9 = 0.193,9-46-24-31-9 = 0.5,9-46-29-9 = 0.5,9-55-30-9 = 0.632,9-55-45-19-9 = 0.105,9-29-24-31-9 = 0.5,9-13-52-44-7 = 0.895,9-54-16-21-7 = 1.0,9-48-37-27-53-9 = 0.237,9-48-13-22-9 = 0.105,9-14-38-47-22-9 = 0.789,9-35-51-38-47-9 = 0.018,9-35-18-51-20-43-9 = 0.702,7-40-50-32-7 = 1.0,7-36-58-56-7 = 1.0,7-23-34-17-7 = 1.0,7-28-60-57-37-59-9 = 0.272,7-57-27-53-59-9 = 0.035,7-28-60-57-27-53-9 = 0.693,7-28-60-27-53-59-9 = 0.035,9-33-41-44-7 = 0.105,9-45-41-9 = 0.263,9-30-41-19-9 = 0.368,9-45-33-19-9 = 0.526,7-42-26-25-7 = 1.0,9-45-33-52-22-9 = 0.105,9-55-33-41-9 = 0.263,7-15-49-12-7 = 0.404,7-39-15-12-37-9 = 0.491,7-39-15-51-20-9 = 0.088,7-39-18-49-47-9 = 0.193,7-39-49-20-43-9 = 0.211,9-35-51-49-43-9 = 0.088,7-18-51-49-12-7 = 0.105,9-14-39-15-7 = 0.018
0,0,890.866,0.0,890.866,0.0,Prune by CG,,10-15-10 = 0.033,8-33-41-8 = 0.667,8-34-60-28-21-10 = 0.333,8-42-26-8 = 0.889,8-45-41-8 = 0.333,8-54-16-21-10 = 0.089,8-45-33-19-8 = 0.333,8-45-55-29-24-10 = 0.2,8-13-52-44-8 = 1.0,8-36-58-56-8 = 1.0,8-34-26-8 = 0.111,10-35-38-47-43-10 = 0.733,10-35-14-38-10 = 0.133,10-35-14-47-10 = 0.133,10-14-38-47-43-10 = 0.133,10-12-49-20-10 = 0.033,10-15-12-10 = 0.967,10-18-51-49-20-10 = 0.967,10-16-54-37-10 = 0.667,8-45-55-30-22-8 = 0.133,8-55-30-22-19-8 = 0.667,10-39-48-59-10 = 1.0,10-14-29-31-10 = 0.2,10-14-46-29-30-8 = 0.2,10-14-46-29-22-8 = 0.2,10-18-29-24-31-10 = 0.033,10-29-24-31-43-10 = 0.133,10-46-24-31-10 = 0.6,10-51-29-24-31-10 = 0.033,8-34-17-42-8 = 0.111,10-40-50-32-10 = 0.556,10-28-60-57-27-53-8 = 0.667,8-34-17-25-2 = 0.444,2-23-11-25-2 = 0.556,2-23-17-11-2 = 0.444,2-40-50-32-10 = 0.444,10-54-16-21-10 = 0.244,10-37-57-27-53-21-10 = 0.333
0,0,902.324,0.0,902.324,0.0,Prune by CG,,7-11-7 = 1.0,7-40-50-32-10 = 1.0,7-54-16-28-7 = 0.441,7-36-58-56-7 = 1.0,7-28-60-57-37-59-10 = 0.195,7-23-34-17-7 = 1.0,10-35-38-47-43-10 = 0.74,10-35-14-39-10 = 0.26,10-14-38-47-43-10 = 0.26,10-15-12-10 = 1.0,10-18-51-49-20-10 = 1.0,7-60-57-27-53-21-7 = 0.805,10-16-54-37-10 = 0.195,7-42-26-25-7 = 1.0,5-46-24-31-5 = 0.714,10-39-37-27-53-21-7 = 0.195,10-39-48-59-10 = 0.545,10-14-48-29-5 = 0.137,5-29-24-31-5 = 0.286,10-14-48-30-4 = 0.318,5-46-29-30-22-59-10 = 0.26,10-14-46-29-30-4 = 0.026,7-13-52-44-7 = 0.586,7-33-41-44-7 = 0.38,5-29-22-41-19-7 = 0.292,10-37-13-52-22-5 = 0.414,10-54-16-28-7 = 0.364,4-30-41-19-4 = 0.018,4-45-33-19-4 = 0.31,4-45-55-30-4 = 0.344,4-55-45-19-4 = 0.346,4-55-33-41-7 = 0.31,4-30-22-19-44-7 = 0.034
0,0,882.582,0.0,882.582,0.0,Prune by CG,,10-15-10 = 0.219,8-33-41-8 = 0.833,8-34-60-28-21-10 = 0.34,8-42-26-8 = 0.893,8-45-41-8 = 0.167,8-56-27-59-10 = 0.041,8-45-33-19-8 = 0.167,8-13-52-44-8 = 1.0,8-36-58-56-8 = 0.959,8-58-36-57-21-10 = 0.041,8-34-26-8 = 0.107,10-35-38-47-43-10 = 0.615,10-35-14-39-10 = 0.167,10-14-38-47-43-10 = 0.385,10-15-12-10 = 0.781,10-18-51-49-20-10 = 0.781,10-18-51-49-12-10 = 0.219,10-16-54-37-10 = 0.701,10-14-35-20-10 = 0.219,10-39-48-59-10 = 0.833,8-34-17-42-8 = 0.107,10-40-50-32-10 = 0.553,10-28-60-57-27-53-8 = 0.66,10-16-54-53-8 = 0.041,8-34-17-25-2 = 0.447,8-45-55-30-4 = 0.667,4-55-30-22-19-8 = 0.333,4-29-24-31-4 = 0.5,4-46-24-31-4 = 0.5,4-46-29-22-19-8 = 0.437,4-46-29-22-59-21-10 = 0.063,2-23-11-25-2 = 0.553,2-23-17-11-2 = 0.447,2-40-50-32-10 = 0.447,10-54-16-21-10 = 0.258,10-37-57-27-53-21-10 = 0.299,10-14-48-22-4 = 0.167,10-14-59-19-8 = 0.063
0,0,896.913,0.0,896.913,0.0,Prune by CG,,9-48-59-9 = 0.857,9-46-24-31-9 = 0.5,9-46-29-9 = 0.5,9-55-30-9 = 1.0,9-29-24-31-9 = 0.5,9-13-56-22-9 = 0.429,9-54-16-21-10 = 0.143,9-54-16-37-10 = 0.714,9-48-37-27-53-9 = 0.143,9-54-56-22-9 = 0.143,10-35-38-47-43-10 = 0.5,10-35-14-39-10 = 0.5,10-14-38-47-43-10 = 0.5,10-39-15-12-10 = 0.357,10-15-12-10 = 0.643,10-18-51-49-20-10 = 1.0,10-39-37-27-53-21-10 = 0.143,9-45-33-19-9 = 0.571,9-45-33-52-22-9 = 0.429,9-52-27-53-59-9 = 0.143,3-26-41-3 = 1.0,10-40-50-32-10 = 1.0,10-28-60-57-27-53-9 = 0.429,10-28-60-36-57-21-10 = 0.571,2-23-17-11-2 = 1.0,10-16-27-53-21-10 = 0.143,9-13-58-44-9 = 0.571,2-34-42-25-2 = 1.0,9-52-44-19-9 = 0.429,10-36-58-56-9 = 0.429
0,0,883.274,0.0,883.274,0.0,Prune by CG,,8-41-8 = 0.875,8-33-41-8 = 0.083,8-42-26-8 = 1.0,8-45-33-19-9 = 0.917,8-45-41-8 = 0.042,8-45-52-19-9 = 0.042,8-34-17-25-7 = 0.875,8-58-52-19-9 = 0.042,8-58-27-53-59-9 = 0.042,9-48-59-9 = 0.625,9-14-35-39-7 = 0.083,9-46-24-31-9 = 0.5,9-46-29-9 = 0.5,9-55-30-9 = 1.0,9-29-24-31-9 = 0.5,9-54-16-21-7 = 0.375,9-54-16-28-7 = 0.625,9-48-37-27-53-9 = 0.292,9-48-13-22-9 = 0.083,9-13-52-44-8 = 0.917,9-14-38-47-22-9 = 0.917,9-35-51-38-47-9 = 0.083,9-35-18-51-20-43-9 = 0.625,7-40-50-32-7 = 1.0,7-34-17-25-7 = 0.125,7-23-11-7 = 1.0,7-36-58-56-8 = 0.917,7-28-60-57-37-59-9 = 0.333,7-36-56-44-8 = 0.083,7-28-60-57-27-53-9 = 0.042,7-60-57-27-53-21-7 = 0.625,7-15-49-12-7 = 0.417,7-39-15-12-37-9 = 0.375,7-39-15-51-20-9 = 0.042,9-35-18-39-15-7 = 0.167,7-39-49-20-43-9 = 0.333,9-35-51-49-43-9 = 0.042,7-18-51-49-12-7 = 0.208
0,0,900.602,0.0,900.602,0.0,Prune by CG,,9-48-59-9 = 0.919,9-46-29-9 = 0.5,9-55-30-9 = 0.439,9-55-45-19-9 = 0.439,9-29-24-31-9 = 0.5,9-13-56-22-9 = 0.317,9-54-16-37-10 = 0.854,9-54-27-59-9 = 0.049,9-48-37-27-53-9 = 0.008,10-35-38-47-43-10 = 0.537,10-35-14-39-10 = 0.463,10-14-38-47-43-10 = 0.463,10-39-12-10 = 0.537,10-12-49-20-10 = 0.118,10-15-12-10 = 0.228,10-15-50-32-10 = 0.772,10-18-51-20-10 = 0.118,10-18-51-49-20-10 = 0.764,10-18-51-49-12-10 = 0.118,9-33-41-44-9 = 0.317,9-30-41-19-9 = 0.561,9-45-33-52-22-9 = 0.561,9-55-33-41-9 = 0.122,5-46-24-31-5 = 0.5,10-14-48-22-9 = 0.073,9-52-27-53-59-9 = 0.033,10-16-57-27-22-9 = 0.049,10-16-54-53-9 = 0.098,10-40-11-21-10 = 0.772,10-40-50-32-10 = 0.228,10-28-60-57-27-53-9 = 0.724,10-28-60-36-57-21-10 = 0.228,10-34-36-58-9 = 0.228,9-13-52-44-9 = 0.407,9-13-58-44-9 = 0.276,10-37-56-27-53-9 = 0.138,10-36-58-56-9 = 0.496,10-28-60-36-56-9 = 0.049,10-23-34-17-10 = 0.772,10-23-17-11-10 = 0.228,9-42-26-25-10 = 1.0
0,0,897.158,0.0,897.158,0.0,Prune by CG,,7-11-7 = 0.872,10-15-10 = 0.333,7-40-50-32-10 = 1.0,7-34-36-17-7 = 0.128,7-23-11-7 = 0.128,7-54-16-28-7 = 0.282,7-36-58-56-7 = 0.692,7-28-60-57-27-53-7 = 0.179,7-23-34-17-7 = 0.872,10-35-38-47-43-10 = 0.615,10-35-14-39-10 = 0.051,7-28-60-36-57-21-7 = 0.179,10-14-38-47-43-10 = 0.385,10-15-12-10 = 0.667,10-18-51-49-20-10 = 0.667,10-18-51-49-12-10 = 0.333,7-60-57-27-53-21-7 = 0.641,10-16-54-37-10 = 0.359,7-42-26-25-7 = 1.0,5-46-24-31-5 = 0.846,10-14-35-20-10 = 0.333,10-39-37-27-53-21-7 = 0.179,10-39-48-59-10 = 0.769,10-14-48-29-5 = 0.231,5-29-24-31-5 = 0.154,3-33-41-3 = 0.846,5-46-29-30-22-59-10 = 0.154,5-55-30-22-59-10 = 0.077,7-13-52-44-7 = 0.538,10-37-13-56-7 = 0.308,10-54-16-28-7 = 0.359,3-45-55-30-5 = 0.462,3-45-55-30-22-5 = 0.231,3-45-52-19-3 = 0.154,5-55-30-22-19-3 = 0.077,5-55-45-33-3 = 0.154,7-58-52-19-3 = 0.308,5-29-22-19-44-7 = 0.462,10-37-13-41-3 = 0.154
0,0,886.721,0.0,886.721,0.0,Prune by CG,,8-41-8 = 0.875,8-33-41-8 = 0.083,8-42-26-8 = 1.0,8-45-33-19-9 = 0.917,8-45-41-8 = 0.042,8-45-52-19-9 = 0.042,8-34-17-25-7 = 0.875,8-58-52-19-9 = 0.042,8-58-27-53-59-9 = 0.042,9-48-59-9 = 0.625,9-14-35-39-7 = 0.083,9-46-24-31-9 = 0.5,9-46-29-9 = 0.5,9-55-30-9 = 1.0,9-29-24-31-9 = 0.5,9-54-16-21-7 = 0.375,9-54-16-28-7 = 0.625,9-48-37-27-53-9 = 0.292,9-48-13-22-9 = 0.083,9-13-52-44-8 = 0.917,9-14-38-47-22-9 = 0.917,9-35-51-38-47-9 = 0.083,9-35-18-51-20-43-9 = 0.625,7-40-50-32-7 = 1.0,7-34-17-25-7 = 0.125,7-23-11-7 = 1.0,7-36-58-56-8 = 0.917,7-28-60-57-37-59-9 = 0.333,7-36-56-44-8 = 0.083,7-28-60-57-27-53-9 = 0.042,7-60-57-27-53-21-7 = 0.625,7-15-49-12-7 = 0.417,7-39-15-12-37-9 = 0.375,7-39-15-51-20-9 = 0.042,9-35-18-39-15-7 = 0.167,7-39-49-20-43-9 = 0.333,9-35-51-49-43-9 = 0.042,7-18-51-49-12-7 = 0.208
0,0,881.464,0.0,881.464,0.0,Prune by CG,,7-11-7 = 1.0,9-48-59-9 = 0.658,9-14-35-38-9 = 0.193,9-46-24-31-9 = 0.5,9-46-29-9 = 0.5,9-55-30-9 = 0.632,9-55-45-19-9 = 0.105,9-29-24-31-9 = 0.5,9-13-52-44-7 = 0.895,9-54-16-21-7 = 1.0,9-48-37-27-53-9 = 0.237,9-48-13-22-9 = 0.105,9-14-38-47-22-9 = 0.789,9-35-51-38-47-9 = 0.018,9-35-18-51-20-43-9 = 0.702,7-40-50-32-7 = 1.0,7-36-58-56-7 = 1.0,7-23-34-17-7 = 1.0,7-28-60-57-37-59-9 = 0.272,7-57-27-53-59-9 = 0.035,7-28-60-57-27-53-9 = 0.693,7-28-60-27-53-59-9 = 0.035,9-33-41-44-7 = 0.105,9-45-41-9 = 0.263,9-30-41-19-9 = 0.368,9-45-33-19-9 = 0.526,7-42-26-25-7 = 1.0,9-45-33-52-22-9 = 0.105,9-55-33-41-9 = 0.263,7-15-49-12-7 = 0.404,7-39-15-12-37-9 = 0.491,7-39-15-51-20-9 = 0.088,7-39-18-49-47-9 = 0.193,7-39-49-20-43-9 = 0.211,9-35-51-49-43-9 = 0.088,7-18-51-49-12-7 = 0.105,9-14-39-15-7 = 0.018
0,0,902.475,0.0,902.475,0.0,Prune by CG,,8-33-41-8 = 0.75,8-34-60-28-21-10 = 0.437,8-42-26-8 = 1.0,8-45-41-8 = 0.25,8-56-27-59-10 = 0.156,8-54-16-21-10 = 0.125,8-45-33-19-8 = 0.25,8-13-52-44-8 = 1.0,8-36-58-56-8 = 0.844,8-58-36-57-21-10 = 0.156,10-35-38-47-43-10 = 0.625,10-35-14-39-10 = 0.25,10-14-38-47-43-10 = 0.375,10-15-12-10 = 0.875,10-15-50-32-10 = 0.125,10-18-51-49-20-10 = 0.875,10-18-51-49-12-10 = 0.125,10-16-54-37-10 = 0.719,5-46-29-31-5 = 0.198,5-46-24-31-5 = 0.448,10-14-35-20-10 = 0.125,10-39-48-59-10 = 0.75,10-14-48-22-5 = 0.25,5-29-24-31-5 = 0.354,5-46-29-24-5 = 0.198,8-23-11-25-8 = 0.437,8-17-11-25-8 = 0.437,10-40-11-25-8 = 0.125,8-34-23-17-8 = 0.563,10-40-50-32-10 = 0.875,10-28-60-57-27-53-8 = 0.344,10-28-60-57-27-53-10 = 0.219,10-16-54-53-8 = 0.156,8-45-55-30-4 = 0.5,4-55-30-22-19-8 = 0.5,5-29-22-59-19-8 = 0.094,10-37-57-27-53-21-10 = 0.281,5-46-29-22-19-8 = 0.156
0,0,898.01,0.0,898.01,0.0,Prune by CG,,7-11-7 = 0.786,7-40-50-32-10 = 1.0,7-34-36-17-7 = 0.071,7-34-58-17-7 = 0.143,7-23-11-7 = 0.214,7-54-16-28-7 = 0.857,7-36-58-56-7 = 0.857,7-28-60-57-27-53-7 = 0.143,7-23-34-17-7 = 0.786,7-16-54-36-7 = 0.071,10-35-38-47-43-10 = 0.786,10-35-14-39-10 = 0.214,10-14-38-47-43-10 = 0.214,10-15-12-10 = 1.0,10-18-51-49-20-10 = 1.0,7-60-57-27-53-21-7 = 0.857,10-16-54-37-10 = 0.071,7-42-26-25-7 = 1.0,10-14-48-37-10 = 0.214,10-39-48-59-10 = 0.786,3-33-41-3 = 0.286,4-55-30-22-59-10 = 0.071,4-29-24-31-4 = 0.5,4-46-24-31-4 = 0.5,10-14-46-29-30-4 = 0.357,4-46-29-22-59-21-7 = 0.143,7-13-52-44-7 = 0.286,10-37-13-56-7 = 0.143,4-30-22-19-44-7 = 0.286,3-45-19-44-7 = 0.429,3-45-33-19-3 = 0.071,3-45-52-19-3 = 0.214,10-37-13-52-22-4 = 0.5,4-55-33-41-3 = 0.643,3-45-55-30-4 = 0.286,10-37-13-41-3 = 0.071
0,0,917.267,0.0,917.267,0.0,Prune by CG,,8-33-41-8 = 0.875,8-34-60-28-21-7 = 0.125,8-42-26-8 = 0.875,8-42-26-25-7 = 0.125,8-45-41-8 = 0.125,8-54-48-37-7 = 0.25,8-54-16-28-7 = 0.375,8-45-33-19-8 = 0.125,8-13-52-44-8 = 1.0,7-40-50-32-7 = 1.0,7-34-17-25-7 = 0.875,7-23-11-7 = 1.0,7-16-54-53-7 = 0.375,7-16-37-57-17-7 = 0.125,7-28-60-57-27-53-7 = 0.25,7-28-60-57-37-27-7 = 0.25,7-16-37-27-21-7 = 0.125,7-36-58-56-8 = 1.0,7-60-57-27-53-21-7 = 0.375,5-46-24-31-5 = 1.0,8-45-55-30-5 = 0.625,8-45-55-30-22-5 = 0.125,8-55-30-22-19-8 = 0.25,7-15-49-12-7 = 0.523,7-39-15-12-37-7 = 0.25,5-29-22-59-19-8 = 0.625,5-14-48-29-5 = 0.375,7-18-51-49-12-7 = 0.227,7-39-49-20-43-5 = 0.098,7-39-18-49-47-5 = 0.152,5-48-59-21-7 = 0.375,7-39-15-51-20-7 = 0.117,7-39-38-47-20-7 = 0.273,7-35-18-39-15-7 = 0.11,5-14-35-47-5 = 0.042,5-14-35-38-5 = 0.193,5-14-38-47-43-5 = 0.39,5-35-51-38-47-5 = 0.144,5-35-18-51-20-43-5 = 0.511
0,0,884.095,0.0,884.095,0.0,Prune by CG,,9-48-59-9 = 0.857,9-46-24-31-9 = 0.5,9-46-29-9 = 0.5,9-55-30-9 = 1.0,9-29-24-31-9 = 0.5,9-13-56-22-9 = 0.429,9-54-16-21-10 = 0.143,9-54-16-37-10 = 0.714,9-48-37-27-53-9 = 0.143,9-54-56-22-9 = 0.143,10-35-38-47-43-10 = 0.5,10-35-14-39-10 = 0.5,10-14-38-47-43-10 = 0.5,10-39-15-12-10 = 0.357,10-15-12-10 = 0.643,10-18-51-49-20-10 = 1.0,10-39-37-27-53-21-10 = 0.143,9-45-33-19-9 = 0.571,9-45-33-52-22-9 = 0.429,9-52-27-53-59-9 = 0.143,3-26-41-3 = 1.0,10-40-50-32-10 = 1.0,10-28-60-57-27-53-9 = 0.429,10-28-60-36-57-21-10 = 0.571,2-23-17-11-2 = 1.0,10-16-27-53-21-10 = 0.143,9-13-58-44-9 = 0.571,2-34-42-25-2 = 1.0,9-52-44-19-9 = 0.429,10-36-58-56-9 = 0.429
0,0,880.051,0.0,880.051,0.0,Prune by CG,,7-11-7 = 1.0,9-46-24-31-9 = 0.5,9-46-29-9 = 0.333,9-46-29-30-9 = 0.167,9-55-30-9 = 0.833,9-29-24-31-9 = 0.5,9-13-52-44-7 = 0.833,9-13-52-22-9 = 0.167,9-54-16-21-7 = 0.22,9-54-27-59-9 = 0.089,9-48-37-27-53-9 = 0.167,7-40-50-32-7 = 1.0,7-54-16-21-7 = 0.476,7-36-58-56-7 = 1.0,7-23-34-17-7 = 1.0,9-14-48-22-9 = 0.833,7-16-37-27-21-7 = 0.089,7-28-60-57-37-59-9 = 0.565,7-16-54-53-9 = 0.214,7-57-27-53-59-9 = 0.006,7-28-57-27-59-9 = 0.036,7-60-57-27-53-21-7 = 0.214,7-28-57-37-27-53-9 = 0.179,7-28-60-27-53-59-9 = 0.22,9-45-33-19-9 = 0.667,7-42-26-25-7 = 1.0,3-41-19-9 = 0.333,3-33-41-44-7 = 0.167,9-14-38-47-43-6 = 0.083,6-35-38-47-43-6 = 0.917,6-18-39-15-12-6 = 1.0,6-51-49-20-6 = 1.0,6-35-14-59-9 = 0.083,9-45-41-3 = 0.333,9-55-33-41-3 = 0.167
0,0,876.124,0.0,876.124,0.0,Prune by CG,,8-41-8 = 1.0,8-34-60-28-21-8 = 0.453,8-42-26-8 = 1.0,8-56-27-59-9 = 0.142,8-45-33-19-8 = 1.0,8-36-57-56-8 = 0.009,8-36-58-56-8 = 0.849,8-60-28-57-27-53-9 = 0.396,8-60-28-57-37-59-9 = 0.151,9-46-24-31-9 = 0.5,9-46-29-9 = 0.5,9-55-30-9 = 1.0,9-29-24-31-9 = 0.5,9-54-16-37-9 = 0.189,9-48-37-27-53-9 = 0.094,9-48-37-53-59-9 = 0.274,9-13-52-44-8 = 1.0,9-54-37-53-59-9 = 0.236,9-16-57-27-22-9 = 0.311,9-54-16-36-8 = 0.066,9-54-57-58-8 = 0.075,8-34-36-58-8 = 0.075,6-51-38-47-20-6 = 0.028,6-51-49-20-43-6 = 0.028,6-35-38-47-43-6 = 0.802,6-15-12-49-6 = 0.028,6-14-38-47-43-6 = 0.17,6-18-39-15-12-6 = 0.943,6-51-49-20-6 = 0.943,8-34-17-25-2 = 0.472,2-23-11-25-2 = 0.472,2-23-17-11-2 = 0.528,6-35-14-59-9 = 0.198,2-40-50-32-6 = 0.943,2-40-50-21-25-2 = 0.057,9-54-16-21-2 = 0.434,6-18-15-32-21-2 = 0.028,6-39-37-57-27-22-9 = 0.057,6-14-48-22-9 = 0.632,6-18-12-32-21-2 = 0.009,6-18-12-32-21-8 = 0.019
0,0,908.155,0.0,908.155,0.0,Prune by CG,,7-11-7 = 0.986,7-40-50-32-7 = 1.0,7-23-11-7 = 0.014,7-54-16-28-7 = 0.211,7-16-54-53-7 = 0.152,7-16-37-57-17-7 = 0.014,7-36-58-56-7 = 1.0,7-28-60-57-27-53-7 = 0.789,7-23-34-17-7 = 0.986,7-16-37-27-21-7 = 0.152,7-60-57-27-53-21-7 = 0.059,7-42-26-25-7 = 0.993,7-34-42-25-7 = 0.007,3-45-41-3 = 0.029,3-33-41-3 = 0.716,6-35-14-38-6 = 0.25,6-35-14-47-6 = 0.25,6-35-38-47-43-6 = 0.5,6-14-38-47-43-6 = 0.25,6-18-39-15-12-6 = 1.0,6-51-49-20-6 = 1.0,4-29-24-31-4 = 0.069,4-46-24-31-4 = 0.681,7-54-48-29-4 = 0.113,7-54-48-22-4 = 0.312,4-46-29-22-59-21-7 = 0.319,7-13-52-44-7 = 0.709,7-34-26-3 = 0.007,4-30-22-19-44-7 = 0.271,7-54-48-37-7 = 0.211,7-16-37-59-21-7 = 0.47,6-14-48-29-4 = 0.25,3-45-19-44-7 = 0.02,3-45-33-19-3 = 0.029,3-45-52-19-3 = 0.291,7-57-13-19-3 = 0.139,4-55-33-41-3 = 0.255,3-45-55-30-4 = 0.631,7-60-37-13-19-3 = 0.152,4-55-48-59-7 = 0.114,4-29-24-31-43-6 = 0.25,4-30-22-59-19-3 = 0.098
0,0,904.993,0.0,904.993,0.0,Prune by CG,,7-11-7 = 1.0,9-48-59-9 = 0.679,9-14-35-47-9 = 0.005,9-14-35-38-9 = 0.189,9-46-29-9 = 0.306,9-46-29-30-9 = 0.194,9-55-30-9 = 0.806,9-29-24-31-9 = 0.5,9-13-52-44-7 = 0.887,9-13-52-22-9 = 0.032,9-54-16-21-7 = 1.0,9-48-37-27-53-9 = 0.24,9-48-13-22-9 = 0.081,9-14-38-47-22-9 = 0.806,9-35-51-38-47-9 = 0.005,9-35-18-51-20-43-9 = 0.691,7-40-50-32-7 = 1.0,7-36-58-56-7 = 1.0,7-23-34-17-7 = 1.0,7-28-60-57-37-59-9 = 0.267,7-57-27-53-59-9 = 0.027,7-28-60-57-27-53-9 = 0.706,7-28-60-27-53-59-9 = 0.027,9-45-33-19-9 = 0.613,7-42-26-25-7 = 1.0,9-45-33-52-22-9 = 0.081,5-46-24-31-5 = 0.5,3-41-19-9 = 0.387,3-33-41-44-7 = 0.113,7-15-49-12-7 = 0.396,7-39-15-12-37-9 = 0.493,7-39-15-51-20-9 = 0.097,7-39-18-49-47-9 = 0.185,9-35-18-39-15-7 = 0.014,9-45-41-3 = 0.306,9-55-33-41-3 = 0.194,7-39-49-20-43-9 = 0.212,9-35-51-49-43-9 = 0.097,7-18-51-49-12-7 = 0.11
0,0,909.551,0.0,909.551,0.0,Prune by CG,,7-11-7 = 1.0,10-15-10 = 0.279,7-40-50-32-10 = 1.0,7-36-58-56-7 = 0.63,7-28-60-57-27-53-7 = 0.076,7-23-34-17-7 = 1.0,10-35-38-47-43-10 = 0.721,10-35-14-39-10 = 0.279,7-28-60-36-57-21-7 = 0.076,10-39-38-47-20-10 = 0.058,10-12-49-20-10 = 0.221,10-15-12-10 = 0.721,10-18-51-49-20-10 = 0.721,10-18-51-49-12-10 = 0.058,7-60-57-27-53-21-7 = 0.761,10-16-54-37-10 = 0.054,7-42-26-25-7 = 1.0,10-14-48-37-10 = 0.5,10-39-37-27-53-21-7 = 0.163,10-39-48-59-10 = 0.5,10-18-29-24-31-10 = 0.221,10-29-24-31-43-10 = 0.058,10-46-29-30-22-59-10 = 0.5,10-46-24-31-10 = 0.5,3-33-41-3 = 0.891,7-36-56-44-7 = 0.196,7-60-57-58-44-7 = 0.087,10-14-38-47-43-6 = 0.221,7-13-52-44-7 = 0.717,10-37-13-56-7 = 0.174,10-54-16-28-7 = 0.848,10-16-54-36-7 = 0.098,6-51-29-24-31-10 = 0.221,3-45-33-19-3 = 0.109,3-45-55-19-3 = 0.5,7-58-52-19-3 = 0.283,10-37-13-41-3 = 0.109,3-45-55-30-22-10 = 0.391,3-55-30-22-19-3 = 0.109
0,0,898.766,0.0,898.766,0.0,Prune by CG,,8-33-41-8 = 0.8,8-34-60-28-21-10 = 0.333,8-42-26-8 = 1.0,8-45-41-8 = 0.2,8-54-16-21-10 = 0.333,8-45-33-19-8 = 0.2,8-13-52-44-8 = 1.0,8-36-58-56-8 = 1.0,10-35-38-47-43-10 = 0.493,10-35-51-20-10 = 0.013,10-35-14-39-10 = 0.2,10-14-38-47-43-10 = 0.507,10-12-49-20-10 = 0.013,10-15-12-10 = 0.667,10-15-50-32-10 = 0.333,10-18-51-49-20-10 = 0.68,10-18-51-49-12-10 = 0.307,10-18-12-10 = 0.013,10-16-54-37-10 = 0.667,5-46-24-31-5 = 0.4,10-14-35-20-10 = 0.293,8-45-55-30-5 = 0.4,8-45-55-30-22-5 = 0.2,8-55-30-22-19-8 = 0.4,10-39-48-59-10 = 0.8,5-29-24-31-5 = 0.6,8-23-11-25-8 = 0.333,8-17-11-25-8 = 0.333,10-40-11-25-8 = 0.333,8-34-23-17-8 = 0.667,10-40-50-32-10 = 0.667,10-28-60-57-27-53-8 = 0.533,10-28-60-57-27-53-10 = 0.133,5-46-48-59-10 = 0.2,10-37-57-27-53-21-10 = 0.333,5-46-29-22-19-8 = 0.4
0,0,881.021,0.0,881.021,0.0,Prune by CG,,8-41-8 = 1.0,8-34-60-28-21-8 = 0.443,8-42-26-8 = 1.0,8-56-27-59-9 = 0.142,8-45-33-19-8 = 1.0,8-36-57-56-8 = 0.009,8-36-58-56-8 = 0.849,8-60-28-57-27-53-9 = 0.396,8-60-28-57-37-59-9 = 0.151,9-46-24-31-9 = 0.5,9-46-29-9 = 0.5,9-55-30-9 = 1.0,9-29-24-31-9 = 0.5,9-54-16-37-9 = 0.189,9-48-37-27-53-9 = 0.094,9-48-37-53-59-9 = 0.274,9-13-52-44-8 = 1.0,9-54-37-53-59-9 = 0.236,9-16-57-27-22-9 = 0.311,9-54-16-36-8 = 0.066,9-54-57-58-8 = 0.075,8-34-36-58-8 = 0.075,6-51-38-47-20-6 = 0.028,6-51-49-20-43-6 = 0.028,6-35-38-47-43-6 = 0.802,6-15-12-49-6 = 0.028,6-14-38-47-43-6 = 0.17,6-18-39-15-12-6 = 0.943,6-51-49-20-6 = 0.943,8-34-17-25-2 = 0.472,2-23-11-25-2 = 0.472,2-23-17-11-2 = 0.528,6-35-14-59-9 = 0.198,2-40-50-32-6 = 0.943,2-40-50-21-25-2 = 0.057,9-54-16-21-2 = 0.434,8-34-60-28-21-2 = 0.009,6-18-15-32-21-8 = 0.028,6-39-37-57-27-22-9 = 0.057,6-14-48-22-9 = 0.632,6-18-12-32-21-2 = 0.028
0,0,920.007,0.0,920.007,0.0,Prune by CG,,8-16-37-57-36-8 = 0.143,8-33-41-8 = 0.857,8-34-60-28-21-8 = 0.286,8-42-26-8 = 0.857,8-45-41-8 = 0.143,8-54-16-21-8 = 0.286,8-45-33-19-8 = 0.143,8-13-52-44-8 = 1.0,8-48-37-27-53-8 = 0.143,8-54-37-27-53-8 = 0.143,8-16-37-56-8 = 0.143,8-36-58-56-8 = 0.857,8-60-28-57-27-53-8 = 0.714,8-54-57-58-8 = 0.143,8-34-26-8 = 0.143,5-46-24-31-5 = 0.571,8-45-55-30-5 = 0.571,8-45-55-30-22-8 = 0.143,8-55-30-22-19-8 = 0.286,5-29-24-31-5 = 0.429,8-54-16-21-6 = 0.429,6-51-49-20-43-6 = 0.19,6-35-14-38-6 = 0.19,6-35-14-47-6 = 0.19,6-35-38-47-43-6 = 0.619,6-14-38-47-43-6 = 0.19,6-18-39-15-12-6 = 1.0,6-51-49-20-6 = 0.81,8-23-11-25-8 = 0.571,8-17-11-25-8 = 0.429,8-34-17-42-8 = 0.143,8-34-23-17-8 = 0.429,5-29-22-59-19-8 = 0.571,6-14-48-37-8 = 0.429,5-46-48-59-5 = 0.429,6-40-50-32-6 = 1.0
0,0,899.34,0.0,899.34,0.0,Prune by CG,,8-41-8 = 0.109,8-33-41-8 = 0.815,8-34-60-28-21-10 = 0.348,8-42-26-8 = 1.0,8-45-41-8 = 0.076,8-45-55-22-59-10 = 0.054,8-56-27-59-10 = 0.022,8-54-16-21-10 = 0.304,8-45-33-19-8 = 0.185,8-13-52-44-8 = 1.0,8-36-58-56-8 = 0.978,8-58-36-57-21-10 = 0.022,10-35-38-47-43-10 = 0.565,10-35-14-39-10 = 0.13,10-14-38-47-43-10 = 0.435,10-15-12-10 = 0.696,10-15-50-32-10 = 0.304,10-18-51-49-20-10 = 0.696,10-18-51-49-12-10 = 0.304,10-16-54-37-10 = 0.674,10-14-35-20-10 = 0.304,10-39-48-59-10 = 0.87,8-23-11-25-8 = 0.348,8-17-11-25-8 = 0.348,10-40-11-25-8 = 0.304,8-34-23-17-8 = 0.652,10-40-50-32-10 = 0.696,10-28-60-57-27-53-8 = 0.293,10-28-60-57-27-53-10 = 0.359,10-16-54-53-8 = 0.022,8-45-55-30-4 = 0.685,4-55-30-22-19-8 = 0.261,4-29-24-31-4 = 0.5,4-46-24-31-4 = 0.5,4-46-29-22-19-8 = 0.5,4-30-22-59-19-8 = 0.054,10-37-57-27-53-21-10 = 0.326,10-14-48-22-4 = 0.13
0,0,903.453,0.0,903.453,0.0,Prune by CG,,7-11-7 = 0.857,2-25-2 = 1.0,8-41-8 = 1.0,8-42-26-8 = 1.0,8-45-33-19-9 = 1.0,8-58-56-22-9 = 0.143,8-54-16-21-7 = 0.321,8-54-16-28-7 = 0.25,8-34-36-17-7 = 0.143,9-48-59-9 = 0.679,9-14-35-39-7 = 0.071,9-46-29-9 = 0.5,9-55-30-9 = 1.0,9-29-24-31-9 = 0.5,9-54-16-28-7 = 0.429,9-48-37-27-53-7 = 0.107,9-48-37-27-53-9 = 0.214,9-13-52-44-8 = 1.0,9-14-38-47-22-9 = 0.857,9-35-51-38-47-9 = 0.143,9-35-18-51-20-43-9 = 0.643,7-40-50-32-7 = 1.0,7-23-11-7 = 0.143,7-23-34-17-7 = 0.857,7-36-58-56-8 = 0.857,7-28-60-57-37-59-9 = 0.321,7-60-57-27-53-21-7 = 0.679,5-46-24-31-5 = 0.5,7-15-49-12-7 = 0.429,7-39-15-12-37-7 = 0.357,9-35-18-39-15-7 = 0.143,7-39-49-20-43-9 = 0.357,7-18-51-49-12-7 = 0.214,9-14-39-15-7 = 0.071
