id,parent,cgLowerBound,FS,rdtCG,rdtFS,Child,Child
0,0,593.322,3.673,593.322,3.673,1,2,4-23-20-19-4 = 0.122,6-35-16-29-4 = 0.082,4-25-14-32-6 = 0.122,4-25-33-34-19-4 = 0.878,6-11-17-13-6 = 0.898,6-14-38-12-6 = 0.673,6-14-32-17-6 = 0.102,6-14-32-11-6 = 0.102,6-10-18-6 = 1.0,6-35-28-16-29-4 = 0.327,6-35-28-32-13-6 = 0.102,6-35-23-30-4 = 0.49,6-32-28-16-29-4 = 0.469,6-32-28-16-38-12-6 = 0.102,5-22-37-5 = 1.0,5-9-31-24-6 = 1.0,4-34-29-38-12-6 = 0.102,4-34-20-23-16-6 = 0.02,4-15-20-30-4 = 0.51,4-15-33-38-12-6 = 0.122,4-36-21-5 = 1.0,4-26-27-4 = 1.0,4-15-23-20-4 = 0.347,4-15-23-29-4 = 0.02
2,0,597.594,7.429,4.272,3.755,3,4,4-23-20-19-4 = 0.274,4-25-14-12-6 = 0.25,4-25-33-34-30-4 = 0.024,4-25-33-34-19-4 = 0.726,6-11-17-13-6 = 0.798,6-14-38-12-6 = 0.095,6-14-38-29-4 = 0.25,6-14-32-17-6 = 0.202,6-14-32-11-6 = 0.202,6-32-23-20-4 = 0.036,6-10-24-18-6 = 0.464,6-10-18-6 = 0.536,6-35-28-16-29-4 = 0.44,6-35-28-32-13-6 = 0.202,6-35-23-30-4 = 0.357,6-32-28-16-38-12-6 = 0.357,5-22-36-21-5 = 0.464,5-22-37-5 = 0.536,5-9-31-24-6 = 0.536,5-9-31-37-5 = 0.464,4-34-29-38-12-6 = 0.048,4-15-20-30-4 = 0.619,4-15-33-38-12-6 = 0.25,4-36-21-5 = 0.536,4-26-27-4 = 1.0,4-15-23-20-4 = 0.071,4-15-23-29-4 = 0.06,4-34-23-16-29-4 = 0.202
3,2,603.399,7.55,5.804,0.121,5,6,4-23-20-19-4 = 0.3,4-25-14-12-4 = 0.288,4-25-33-34-30-4 = 0.025,4-25-33-34-19-4 = 0.687,6-11-17-13-6 = 0.788,6-14-32-17-6 = 0.087,6-14-32-11-6 = 0.213,6-10-24-18-6 = 0.45,6-10-18-6 = 0.55,6-35-28-16-29-4 = 0.425,6-35-28-32-13-6 = 0.213,6-35-23-30-4 = 0.362,6-32-28-16-38-12-6 = 0.362,5-22-37-5 = 0.55,5-22-9-31-24-6 = 0.45,5-9-31-24-6 = 0.1,5-9-31-37-5 = 0.45,4-34-29-38-12-6 = 0.062,4-15-20-30-4 = 0.6,4-15-33-38-12-4 = 0.238,4-15-33-38-12-6 = 0.05,4-36-21-4 = 0.45,4-36-21-5 = 0.55,4-26-27-4 = 1.0,4-15-23-20-4 = 0.1,4-15-23-29-4 = 0.012,4-34-23-16-29-4 = 0.213,4-14-38-29-4 = 0.287,4-14-32-17-6 = 0.125,4-34-23-30-19-4 = 0.012
6,3,605.296,5.667,1.898,-1.883,7,8,4-23-20-19-4 = 0.25,4-25-14-12-6 = 0.167,4-25-14-32-6 = 0.083,4-25-33-34-19-4 = 0.75,6-11-17-13-6 = 0.833,6-14-38-12-6 = 0.25,6-14-38-29-4 = 0.167,6-14-32-17-6 = 0.167,6-14-32-11-6 = 0.167,6-10-18-6 = 1.0,6-35-28-16-29-4 = 0.417,6-35-28-32-13-6 = 0.167,6-35-23-30-4 = 0.417,6-32-28-16-29-4 = 0.167,6-32-28-16-38-12-4 = 0.083,6-32-28-16-38-12-6 = 0.167,5-22-9-31-24-6 = 1.0,4-34-29-38-12-4 = 0.083,4-15-20-30-4 = 0.583,4-15-33-38-12-4 = 0.25,4-36-21-4 = 0.5,4-26-27-4 = 1.0,4-15-23-20-4 = 0.167,4-34-23-16-29-4 = 0.167,4-36-37-5 = 0.5,4-21-37-5 = 0.5
8,6,607.993,5.655,2.697,-0.011,9,10,4-36-4 = 0.034,4-23-20-19-4 = 0.241,6-35-16-38-12-6 = 0.017,4-25-14-12-4 = 0.241,4-25-33-34-19-4 = 0.759,6-11-17-13-6 = 0.81,6-14-38-12-6 = 0.138,6-14-38-29-4 = 0.241,6-14-32-17-6 = 0.19,6-14-32-11-6 = 0.19,6-10-18-6 = 1.0,6-35-28-16-29-4 = 0.379,6-35-28-32-13-6 = 0.19,6-35-23-30-4 = 0.414,6-32-28-16-29-4 = 0.138,6-32-28-16-38-12-6 = 0.293,5-22-9-31-24-6 = 1.0,4-34-29-38-12-6 = 0.069,4-15-20-30-4 = 0.586,4-15-33-38-12-4 = 0.138,4-15-33-38-12-6 = 0.103,4-36-26-4 = 0.483,4-36-27-4 = 0.483,4-26-27-4 = 0.517,4-15-23-20-4 = 0.172,4-34-23-16-29-4 = 0.172,4-21-37-5 = 1.0
10,8,610.132,5.833,2.139,0.178,11,12,4-23-20-19-4 = 0.25,6-32-28-20-30-4 = 0.167,6-35-20-19-4 = 0.083,4-25-14-12-4 = 0.333,4-25-33-34-19-4 = 0.583,6-11-17-13-6 = 0.833,6-14-38-29-4 = 0.333,6-14-32-17-6 = 0.167,6-14-32-11-6 = 0.167,6-10-18-6 = 1.0,6-35-28-16-29-4 = 0.333,6-35-28-32-13-6 = 0.167,6-35-23-30-4 = 0.417,6-32-28-16-29-4 = 0.333,5-22-9-31-24-6 = 1.0,4-34-20-23-16-6 = 0.083,4-15-34-27-4 = 0.25,4-15-20-30-4 = 0.333,4-15-33-38-12-4 = 0.083,4-15-33-38-12-6 = 0.333,4-36-26-4 = 0.667,4-36-27-4 = 0.333,4-26-27-4 = 0.333,4-20-30-19-4 = 0.083,4-25-34-27-4 = 0.083,4-21-37-5 = 1.0,4-23-16-38-12-6 = 0.25
11,10,616.725,6.0,6.593,0.167,13,14,4-23-20-19-4 = 0.714,6-32-28-20-30-4 = 0.071,6-35-31-24-6 = 0.071,4-25-14-12-4 = 0.429,4-25-33-34-30-4 = 0.571,6-11-17-13-6 = 0.857,6-14-38-29-4 = 0.429,6-14-33-34-30-4 = 0.143,6-10-18-6 = 1.0,6-35-28-32-13-6 = 0.143,6-32-28-16-29-4 = 0.5,6-35-32-17-6 = 0.143,6-35-32-11-6 = 0.143,5-22-9-31-24-6 = 0.929,5-9-21-37-5 = 0.071,4-34-29-38-12-4 = 0.071,4-15-34-27-4 = 0.214,4-15-20-30-4 = 0.214,4-15-33-38-12-4 = 0.286,4-36-15-19-4 = 0.286,4-36-26-4 = 0.429,4-36-27-4 = 0.214,4-26-27-4 = 0.571,4-22-21-4 = 0.071,4-36-37-5 = 0.071,4-21-37-5 = 0.857,4-35-16-38-12-6 = 0.214,6-28-35-23-16-6 = 0.286
13,11,623.937,7.312,7.212,1.312,15,16,4-36-4 = 0.281,4-23-20-19-4 = 0.688,4-25-14-12-4 = 0.25,4-25-33-34-30-4 = 0.75,6-11-17-13-6 = 0.875,6-14-38-29-4 = 0.25,6-10-24-18-6 = 0.094,6-10-31-37-5 = 0.094,6-10-18-6 = 0.562,6-35-28-32-13-6 = 0.125,6-32-28-16-29-4 = 0.5,6-35-32-17-6 = 0.125,6-35-32-11-6 = 0.125,5-31-24-18-6 = 0.344,5-22-9-31-24-5 = 0.219,5-9-37-21-4 = 0.438,4-15-20-30-4 = 0.25,4-15-35-28-32-6 = 0.125,4-15-33-38-12-4 = 0.25,4-36-15-19-4 = 0.312,4-36-26-4 = 0.031,4-36-27-4 = 0.031,4-26-27-4 = 0.969,4-15-23-20-4 = 0.062,4-34-23-16-29-4 = 0.25,4-22-21-4 = 0.438,4-22-9-31-24-6 = 0.125,4-36-37-5 = 0.344,4-21-37-5 = 0.125,4-35-16-38-12-6 = 0.25,4-14-38-12-4 = 0.25,4-22-9-31-24-5 = 0.219,6-14-28-35-10-6 = 0.25
16,13,631.612,7.727,7.675,0.415,17,18,4-36-4 = 0.818,4-23-20-19-4 = 0.545,4-25-14-32-6 = 0.455,4-25-33-34-30-4 = 0.364,4-25-33-34-19-4 = 0.182,6-11-17-13-6 = 0.727,6-10-24-18-6 = 0.091,6-10-24-18-13-6 = 0.091,6-10-31-37-5 = 0.182,6-10-18-13-6 = 0.182,6-14-28-16-29-4 = 0.545,6-31-24-18-6 = 0.182,6-35-32-17-6 = 0.273,6-35-32-11-6 = 0.273,5-22-21-4 = 0.364,5-22-9-31-24-6 = 0.273,5-9-37-21-4 = 0.364,4-34-29-38-12-4 = 0.273,4-15-20-30-4 = 0.364,4-15-30-19-4 = 0.182,4-15-33-38-12-4 = 0.455,4-26-27-4 = 1.0,4-34-23-16-29-4 = 0.182,4-20-30-19-4 = 0.091,4-36-37-5 = 0.182,4-21-37-5 = 0.273,4-22-9-31-24-5 = 0.364,4-23-16-38-12-4 = 0.273,6-28-35-10-18-6 = 0.455
17,16,633.396,8.667,1.784,0.939,19,20,4-36-4 = 0.833,4-23-20-19-4 = 0.167,4-25-33-34-30-4 = 0.167,4-25-33-34-19-4 = 0.5,6-11-17-13-6 = 0.5,6-14-32-17-6 = 0.5,6-10-24-18-13-6 = 0.167,6-10-18-13-6 = 0.333,6-14-28-16-29-4 = 0.5,6-35-32-11-6 = 0.5,5-31-24-18-6 = 0.167,5-22-37-5 = 0.167,5-22-9-31-24-6 = 0.333,5-9-37-21-4 = 0.333,4-34-29-38-12-4 = 0.167,4-15-20-30-4 = 0.333,4-15-33-38-12-4 = 0.333,4-36-26-4 = 0.167,4-26-27-4 = 0.833,4-15-23-29-4 = 0.333,4-22-21-4 = 0.167,4-20-30-19-4 = 0.333,4-25-34-27-4 = 0.167,4-25-20-30-4 = 0.167,4-21-37-5 = 0.5,4-22-9-31-24-5 = 0.333,4-23-16-38-12-4 = 0.5,6-28-35-10-18-6 = 0.333,6-28-35-31-10-6 = 0.167
20,17,639.234,8.0,5.838,-0.667,21,22,4-36-4 = 0.5,4-23-20-19-4 = 0.5,4-25-33-34-30-4 = 0.5,6-11-17-13-6 = 0.5,6-14-32-11-6 = 0.5,6-32-17-13-6 = 0.5,6-10-18-6 = 0.5,6-14-28-16-29-4 = 0.5,5-37-21-4 = 1.0,4-15-33-38-12-4 = 0.5,4-36-26-4 = 0.5,4-26-27-4 = 0.5,4-15-23-29-4 = 0.5,4-20-30-19-4 = 0.5,4-25-34-27-4 = 0.5,4-35-16-38-12-6 = 0.5,4-22-9-31-24-5 = 1.0,6-28-35-10-18-6 = 0.5
21,20,640.512,7.0,1.278,-1.0,23,24,4-27-4 = 0.5,4-23-20-19-4 = 0.5,4-25-33-34-30-4 = 0.5,6-11-17-13-6 = 0.5,6-14-32-11-6 = 0.5,6-32-17-13-6 = 0.5,6-10-18-6 = 0.5,6-14-28-16-29-4 = 0.5,5-37-21-4 = 1.0,4-15-33-38-12-4 = 0.5,4-36-26-4 = 1.0,4-15-23-29-4 = 0.5,4-20-30-19-4 = 0.5,4-25-34-27-4 = 0.5,4-35-16-38-12-6 = 0.5,4-22-9-31-24-5 = 1.0,6-28-35-10-18-6 = 0.5
24,21,643.301,6.429,2.789,-0.571,25,26,6-18-6 = 0.286,4-27-4 = 0.429,4-23-20-19-4 = 0.143,4-25-33-34-30-4 = 0.214,4-25-33-34-19-4 = 0.214,6-11-17-13-6 = 0.714,6-14-32-17-6 = 0.286,6-14-32-11-6 = 0.286,6-14-32-13-6 = 0.286,6-32-23-29-4 = 0.143,6-10-24-37-5 = 0.071,6-10-18-6 = 0.143,5-37-21-4 = 0.857,5-22-9-31-24-5 = 0.071,5-9-37-21-4 = 0.071,4-15-33-38-12-4 = 0.571,4-36-26-4 = 1.0,4-15-23-29-4 = 0.286,4-22-21-4 = 0.071,4-20-30-19-4 = 0.643,4-15-30-16-29-4 = 0.143,4-25-34-27-4 = 0.571,4-22-9-31-24-5 = 0.857,6-14-28-35-10-6 = 0.143,4-35-28-16-29-6 = 0.214,4-23-16-38-12-4 = 0.429,6-28-35-10-18-6 = 0.571,6-28-35-31-10-6 = 0.071,4-20-16-29-4 = 0.214
26,24,644.633,7.231,1.331,0.802,27,28,4-27-4 = 0.308,4-23-20-19-4 = 0.308,4-25-33-34-30-4 = 0.308,6-11-17-13-6 = 0.769,6-14-38-29-4 = 0.231,6-14-32-17-6 = 0.231,6-14-32-11-6 = 0.231,6-14-32-13-6 = 0.231,6-32-23-29-4 = 0.308,6-10-31-24-5 = 0.154,6-10-24-37-5 = 0.154,6-10-18-6 = 0.462,5-37-21-4 = 0.385,5-22-9-31-24-5 = 0.308,5-9-37-21-4 = 0.308,4-15-33-38-12-4 = 0.692,4-36-26-4 = 1.0,4-15-23-29-4 = 0.308,4-22-21-4 = 0.308,4-20-30-19-4 = 0.692,6-10-31-37-4 = 0.154,4-25-34-27-4 = 0.692,4-23-16-38-12-6 = 0.077,4-22-9-31-24-5 = 0.385,4-35-28-16-12-6 = 0.231,4-35-28-16-18-6 = 0.538,6-14-28-35-10-6 = 0.077,4-35-28-16-29-6 = 0.154
27,26,646.578,7.5,1.945,0.269,29,30,4-27-4 = 0.292,4-23-20-19-4 = 0.5,4-25-33-34-30-4 = 0.292,6-11-17-13-6 = 0.667,6-14-38-29-4 = 0.25,6-14-32-17-6 = 0.333,6-14-32-11-6 = 0.333,6-14-23-30-4 = 0.083,6-32-23-29-4 = 0.333,6-10-18-6 = 0.292,6-10-18-24-5 = 0.333,5-22-21-4 = 0.167,5-37-21-4 = 0.5,5-9-37-21-4 = 0.333,4-15-20-30-4 = 0.125,4-15-30-19-4 = 0.125,4-15-33-38-12-4 = 0.708,4-36-26-4 = 1.0,4-15-23-29-4 = 0.042,4-22-37-4 = 0.167,4-20-30-19-4 = 0.375,4-25-34-27-4 = 0.708,4-23-16-38-12-6 = 0.042,4-22-9-31-24-5 = 0.667,4-35-28-16-12-6 = 0.25,4-35-28-16-13-6 = 0.333,4-35-28-16-29-6 = 0.375,6-28-35-10-18-6 = 0.042,6-31-10-18-6 = 0.333
30,27,649.938,6.271,3.359,-1.229,31,32,4-27-4 = 0.288,4-25-33-34-19-4 = 0.254,6-11-17-13-6 = 0.763,6-14-38-29-4 = 0.051,6-14-32-17-6 = 0.237,6-14-32-11-6 = 0.237,6-14-23-30-4 = 0.475,6-32-23-29-4 = 0.051,6-32-23-20-4 = 0.475,6-10-18-6 = 0.237,6-10-18-24-5 = 0.237,6-10-18-13-6 = 0.237,5-37-21-4 = 0.525,5-9-37-21-4 = 0.237,4-34-29-38-12-4 = 0.051,4-15-19-4 = 0.203,4-15-33-38-12-4 = 0.746,4-36-26-4 = 1.0,4-37-21-4 = 0.119,4-22-37-4 = 0.119,4-22-21-4 = 0.119,4-20-30-19-4 = 0.525,4-25-34-27-4 = 0.695,4-35-16-38-12-6 = 0.051,5-31-10-18-6 = 0.237,4-22-9-31-24-5 = 0.763,4-35-28-16-12-6 = 0.051,4-35-28-10-18-6 = 0.051,4-35-28-16-29-6 = 0.847,4-15-28-16-38-12-6 = 0.051,4-25-38-12-4 = 0.051,4-27-19-4 = 0.017
31,30,652.961,6.8,3.023,0.529,33,34,4-27-4 = 0.75,4-25-33-34-19-4 = 0.85,6-11-17-13-6 = 0.85,6-14-38-29-4 = 0.4,6-14-32-17-6 = 0.15,6-14-32-11-6 = 0.15,6-14-23-30-4 = 0.3,6-32-23-29-4 = 0.4,6-32-23-20-4 = 0.3,6-10-18-24-5 = 0.3,6-10-18-13-6 = 0.15,5-37-21-4 = 0.4,5-9-37-21-4 = 0.3,4-15-20-30-4 = 0.65,4-15-33-38-12-6 = 0.15,4-36-26-4 = 0.8,4-37-21-4 = 0.25,4-22-37-4 = 0.05,4-22-21-4 = 0.05,4-20-30-19-4 = 0.05,4-25-34-27-4 = 0.15,4-35-16-38-12-6 = 0.2,5-31-10-18-6 = 0.3,4-22-9-31-24-5 = 0.7,4-35-28-16-12-6 = 0.4,4-35-28-10-18-6 = 0.25,4-35-28-16-29-6 = 0.15,4-15-28-16-38-12-6 = 0.2,4-16-29-38-12-6 = 0.05,4-27-19-4 = 0.1,4-22-36-26-4 = 0.2
34,31,662.182,7.355,9.221,0.555,35,36,4-27-4 = 0.355,4-25-33-34-19-4 = 0.758,6-11-17-13-6 = 0.855,6-14-38-29-4 = 0.419,6-14-32-17-6 = 0.145,6-14-32-11-6 = 0.145,6-14-23-30-4 = 0.29,6-32-23-29-4 = 0.419,6-32-23-20-4 = 0.29,6-10-18-24-5 = 0.387,6-10-18-13-6 = 0.048,5-9-31-37-5 = 0.5,4-15-20-30-4 = 0.597,4-15-33-38-12-6 = 0.242,4-36-26-4 = 1.0,4-22-21-4 = 0.613,4-20-30-19-4 = 0.113,4-25-34-27-4 = 0.242,4-35-16-38-12-6 = 0.161,5-31-10-18-6 = 0.387,4-35-28-16-12-6 = 0.419,4-35-28-16-13-6 = 0.097,4-35-28-10-18-6 = 0.177,4-35-28-16-29-6 = 0.145,4-15-28-16-38-12-6 = 0.161,4-31-24-21-4 = 0.113,4-22-9-24-37-4 = 0.387,4-16-29-38-12-6 = 0.016,4-27-19-4 = 0.129,4-27-21-4 = 0.274,5-9-24-37-5 = 0.113
35,34,667.451,0.0,5.269,-7.355,Integer,,4-27-4 = 1.0,4-25-33-34-30-4 = 1.0,6-11-17-13-6 = 1.0,6-14-38-29-4 = 1.0,6-32-23-20-4 = 1.0,4-36-26-4 = 1.0,5-31-10-18-6 = 1.0,4-35-28-16-12-6 = 1.0,4-22-9-24-37-5 = 1.0,4-15-19-21-4 = 1.0
1,0,594.026,4.796,0.704,1.122,37,38,5-9-5 = 0.408,4-23-20-19-4 = 0.122,6-35-16-38-12-6 = 0.082,4-25-14-32-6 = 0.122,4-25-33-34-19-4 = 0.878,6-11-17-13-6 = 0.898,6-14-38-12-6 = 0.673,6-14-32-17-6 = 0.102,6-14-32-11-6 = 0.102,6-10-18-6 = 1.0,6-35-28-16-29-4 = 0.327,6-35-28-32-13-6 = 0.102,6-35-23-30-4 = 0.49,6-32-28-16-29-4 = 0.551,6-32-28-16-38-12-6 = 0.02,5-22-37-5 = 1.0,5-9-31-24-6 = 0.592,4-34-29-38-12-6 = 0.102,4-34-20-23-16-6 = 0.02,4-15-20-30-4 = 0.51,4-15-33-38-12-6 = 0.122,4-36-21-5 = 1.0,4-26-27-4 = 1.0,4-15-23-20-4 = 0.347,4-15-23-29-4 = 0.02,5-31-24-6 = 0.408
38,1,595.714,5.267,1.688,0.471,39,40,5-9-5 = 0.433,5-37-5 = 0.167,4-23-20-19-4 = 0.067,6-35-20-19-4 = 0.033,4-25-14-32-6 = 0.1,4-25-33-34-19-4 = 0.9,6-11-17-13-6 = 0.9,6-14-38-12-6 = 0.7,6-14-32-17-6 = 0.1,6-14-32-11-6 = 0.1,6-32-23-29-4 = 0.2,6-10-18-6 = 1.0,6-35-28-16-29-4 = 0.5,6-35-28-32-13-6 = 0.1,6-35-23-30-4 = 0.367,6-32-28-16-29-4 = 0.2,6-32-28-16-38-12-6 = 0.2,5-22-36-21-5 = 0.167,5-22-37-5 = 0.833,5-9-31-24-6 = 0.567,4-34-20-23-16-6 = 0.1,4-15-20-23-5 = 0.167,4-15-20-30-4 = 0.633,4-15-33-38-12-6 = 0.1,4-36-21-5 = 0.833,4-26-27-4 = 1.0,4-15-23-29-4 = 0.1,5-31-24-6 = 0.433
39,38,596.404,4.467,0.69,-0.8,41,42,5-9-5 = 0.833,5-37-5 = 0.167,4-23-20-19-4 = 0.067,6-35-20-19-4 = 0.033,4-25-14-32-6 = 0.1,4-25-33-34-19-4 = 0.9,6-11-17-13-6 = 0.9,6-14-38-12-6 = 0.7,6-14-32-17-6 = 0.1,6-14-32-11-6 = 0.1,6-32-23-29-4 = 0.2,6-10-18-6 = 1.0,6-35-28-16-29-4 = 0.5,6-35-28-32-13-6 = 0.1,6-35-23-30-4 = 0.367,6-32-28-16-29-4 = 0.2,6-32-28-16-38-12-6 = 0.2,5-22-36-21-5 = 0.167,5-22-37-5 = 0.833,5-9-31-24-6 = 0.167,4-34-20-23-16-6 = 0.1,4-15-20-23-5 = 0.167,4-15-20-30-4 = 0.633,4-15-33-38-12-6 = 0.1,4-36-21-5 = 0.833,4-26-27-4 = 1.0,4-15-23-29-4 = 0.1,5-31-24-6 = 0.833
40,38,596.629,3.714,0.915,-1.552,43,44,6-18-6 = 0.429,4-25-33-34-19-4 = 1.0,6-11-17-13-6 = 0.857,6-14-38-12-6 = 0.714,6-14-32-17-6 = 0.143,6-14-32-11-6 = 0.143,6-32-23-20-4 = 0.143,6-10-18-6 = 1.0,6-35-28-16-29-4 = 0.429,6-35-28-32-13-6 = 0.143,6-35-23-30-4 = 0.429,6-32-28-16-29-4 = 0.286,6-32-28-16-38-12-6 = 0.143,5-22-37-5 = 1.0,5-9-31-24-6 = 1.0,4-15-20-23-6 = 0.286,4-15-20-30-4 = 0.571,4-36-21-5 = 1.0,4-26-27-4 = 1.0,4-15-23-29-4 = 0.143,6-16-29-38-12-6 = 0.143
4,2,597.615,7.404,0.021,-0.025,45,46,4-23-20-19-4 = 0.246,4-25-14-12-6 = 0.228,4-25-33-34-30-4 = 0.018,4-25-33-34-19-4 = 0.754,6-11-17-13-6 = 0.807,6-14-38-12-6 = 0.158,6-14-38-29-4 = 0.228,6-14-32-17-6 = 0.193,6-14-32-11-6 = 0.193,6-32-23-29-4 = 0.07,6-10-24-18-6 = 0.474,6-10-18-6 = 0.526,6-35-28-16-29-4 = 0.456,6-35-28-32-13-6 = 0.193,6-35-23-30-4 = 0.351,6-32-28-16-38-12-6 = 0.351,5-22-36-21-5 = 0.474,5-22-37-5 = 0.526,5-9-31-24-6 = 0.526,5-9-31-37-5 = 0.474,4-34-29-38-12-6 = 0.035,4-34-20-23-16-6 = 0.088,4-15-20-30-4 = 0.632,4-15-33-38-12-6 = 0.228,4-36-21-5 = 0.526,4-26-27-4 = 1.0,4-15-23-20-4 = 0.035,4-15-23-29-4 = 0.105,4-34-23-16-29-4 = 0.105
37,1,597.658,4.857,3.631,0.061,47,48,4-19-4 = 0.429,4-23-20-19-4 = 0.357,4-25-14-32-6 = 0.214,4-25-33-34-4 = 0.571,4-25-33-34-19-4 = 0.214,6-11-17-13-6 = 0.857,6-14-38-12-6 = 0.286,6-14-32-17-6 = 0.143,6-14-32-11-6 = 0.143,6-10-18-6 = 1.0,6-35-28-16-29-4 = 0.5,6-35-28-32-13-6 = 0.143,6-35-23-30-4 = 0.357,6-14-38-12-4 = 0.214,6-32-28-16-29-4 = 0.143,6-32-28-16-38-12-6 = 0.214,5-22-37-5 = 1.0,5-9-31-24-6 = 1.0,4-34-29-38-12-4 = 0.071,4-15-20-30-4 = 0.643,4-15-33-38-12-4 = 0.214,4-36-21-5 = 1.0,4-26-27-4 = 1.0,4-15-23-29-4 = 0.143,4-34-23-16-29-4 = 0.143
42,39,597.335,6.688,0.931,2.221,49,50,5-9-5 = 1.0,5-37-5 = 0.344,4-23-20-19-4 = 0.172,6-32-28-20-30-4 = 0.078,4-25-14-32-6 = 0.172,4-25-33-34-19-4 = 0.828,6-11-17-13-6 = 0.703,6-14-38-12-6 = 0.5,6-14-32-17-6 = 0.297,6-14-32-11-6 = 0.031,6-32-23-29-4 = 0.125,6-10-11-13-6 = 0.266,6-10-31-24-6 = 0.344,6-10-18-6 = 0.391,6-35-28-16-29-4 = 0.625,6-35-28-32-13-6 = 0.031,6-35-23-30-4 = 0.344,6-32-28-16-38-12-6 = 0.266,5-31-24-18-6 = 0.609,5-22-36-21-5 = 0.344,5-22-37-5 = 0.656,4-34-29-38-12-6 = 0.063,4-34-20-23-16-6 = 0.109,4-15-20-30-4 = 0.578,4-15-33-38-12-6 = 0.172,4-36-21-5 = 0.656,4-26-27-4 = 1.0,4-15-23-20-4 = 0.063,4-15-23-29-4 = 0.188,5-31-24-6 = 0.047
41,39,597.917,4.4,1.513,-0.067,51,52,5-9-5 = 1.0,6-18-6 = 0.433,5-37-5 = 0.167,4-23-20-19-4 = 0.067,6-35-20-19-4 = 0.033,4-25-14-32-6 = 0.1,4-25-33-34-19-4 = 0.9,6-11-17-13-6 = 0.9,6-14-38-12-6 = 0.7,6-14-32-17-6 = 0.1,6-14-32-11-6 = 0.1,6-32-23-29-4 = 0.2,6-10-18-6 = 1.0,6-35-28-16-29-4 = 0.5,6-35-28-32-13-6 = 0.1,6-35-23-30-4 = 0.367,6-32-28-16-29-4 = 0.2,6-32-28-16-38-12-6 = 0.2,5-22-36-21-5 = 0.167,5-22-37-5 = 0.833,4-34-20-23-16-6 = 0.1,4-15-20-23-5 = 0.167,4-15-20-30-4 = 0.633,4-15-33-38-12-6 = 0.1,4-36-21-5 = 0.833,4-26-27-4 = 1.0,4-15-23-29-4 = 0.1,5-31-24-6 = 1.0
44,40,597.879,4.5,1.25,0.786,53,54,6-18-6 = 0.5,4-25-33-34-19-4 = 1.0,6-11-17-13-6 = 0.75,6-14-38-12-6 = 0.5,6-14-32-17-6 = 0.25,6-14-32-11-6 = 0.25,6-10-18-6 = 1.0,6-35-28-16-29-4 = 0.5,6-35-28-32-13-6 = 0.25,6-35-23-30-4 = 0.25,6-32-28-23-30-4 = 0.25,5-22-37-5 = 1.0,5-9-31-24-6 = 1.0,4-15-20-30-4 = 0.5,4-36-21-5 = 1.0,4-26-27-4 = 1.0,4-15-23-20-4 = 0.5,6-16-29-38-12-6 = 0.5
52,41,598.076,5.0,0.159,0.6,55,56,5-9-5 = 0.857,6-18-6 = 0.571,5-37-5 = 0.143,6-32-28-20-30-4 = 0.071,6-35-20-19-4 = 0.143,4-25-14-32-6 = 0.143,4-25-33-34-19-4 = 0.857,6-11-17-13-6 = 0.929,6-14-38-12-6 = 0.714,6-14-32-17-6 = 0.071,6-14-32-11-6 = 0.071,6-32-23-29-4 = 0.071,6-10-18-6 = 1.0,6-35-28-16-29-4 = 0.357,6-35-28-32-13-6 = 0.071,6-35-23-30-4 = 0.429,6-32-28-16-29-4 = 0.357,6-32-28-16-38-12-6 = 0.143,5-22-36-21-5 = 0.143,5-22-37-5 = 0.857,5-9-31-24-6 = 0.143,4-34-20-23-16-6 = 0.143,4-15-20-23-5 = 0.143,4-15-20-30-4 = 0.5,4-15-33-38-12-6 = 0.143,4-36-21-5 = 0.857,4-26-27-4 = 1.0,4-15-23-29-4 = 0.214,5-31-24-6 = 0.857
55,52,598.353,3.714,0.277,-1.286,57,58,5-9-5 = 1.0,6-18-6 = 0.429,4-25-33-34-19-4 = 1.0,6-11-17-13-6 = 0.857,6-14-38-12-6 = 0.714,6-14-32-17-6 = 0.143,6-14-32-11-6 = 0.143,6-32-23-29-4 = 0.143,6-10-18-6 = 1.0,6-35-28-16-29-4 = 0.429,6-35-28-32-13-6 = 0.143,6-35-23-30-4 = 0.429,6-32-28-16-29-4 = 0.286,6-32-28-16-38-12-6 = 0.143,5-22-37-5 = 1.0,4-15-20-23-6 = 0.286,4-15-20-30-4 = 0.571,4-36-21-5 = 1.0,4-26-27-4 = 1.0,4-15-23-20-4 = 0.143,5-31-24-6 = 1.0,6-16-29-38-12-6 = 0.143
49,42,599.175,4.5,1.84,-2.188,59,60,5-9-5 = 0.5,4-25-33-34-19-4 = 1.0,6-11-17-13-6 = 0.75,6-14-38-12-6 = 1.0,6-10-11-13-6 = 0.25,6-10-18-6 = 0.75,6-35-23-30-4 = 0.5,6-32-28-16-29-4 = 0.75,5-31-24-18-6 = 0.25,5-22-37-5 = 1.0,5-9-31-24-6 = 0.5,4-15-20-23-5 = 0.5,4-15-20-30-4 = 0.5,4-36-21-5 = 1.0,4-26-27-4 = 1.0,5-31-24-6 = 0.25,5-35-32-17-6 = 0.25,5-35-28-16-29-4 = 0.25
46,4,598.779,7.556,1.164,0.152,61,62,4-23-20-19-4 = 0.278,4-25-14-12-6 = 0.222,4-25-33-34-30-4 = 0.056,4-25-33-34-19-4 = 0.722,6-11-17-13-6 = 0.611,6-14-38-12-6 = 0.056,6-14-38-29-4 = 0.222,6-14-32-17-6 = 0.389,6-14-32-11-6 = 0.111,6-10-11-13-6 = 0.278,6-10-18-6 = 0.722,6-35-28-16-29-4 = 0.5,6-35-28-32-13-6 = 0.111,6-35-23-30-4 = 0.389,6-32-28-16-38-12-6 = 0.389,5-31-24-18-6 = 0.278,5-22-36-21-5 = 0.556,5-22-37-5 = 0.444,5-9-21-37-5 = 0.278,5-9-31-24-5 = 0.556,5-9-31-24-6 = 0.167,4-34-29-38-12-6 = 0.111,4-34-20-23-16-6 = 0.111,4-15-20-30-4 = 0.556,4-15-33-38-12-6 = 0.222,4-36-21-5 = 0.167,4-26-27-4 = 1.0,4-15-23-20-4 = 0.056,4-15-23-29-4 = 0.167,4-36-37-5 = 0.278
61,46,598.811,7.778,0.032,0.222,63,64,4-23-20-19-4 = 0.278,4-25-14-12-6 = 0.222,4-25-33-34-30-4 = 0.056,4-25-33-34-19-4 = 0.722,6-11-17-13-6 = 0.611,6-14-38-12-6 = 0.056,6-14-38-29-4 = 0.222,6-14-32-17-6 = 0.389,6-14-32-11-6 = 0.111,6-10-11-13-6 = 0.278,6-10-18-6 = 0.722,6-35-28-16-29-4 = 0.5,6-35-28-32-13-6 = 0.111,6-35-23-30-4 = 0.389,6-32-28-16-38-12-6 = 0.389,5-31-24-18-6 = 0.278,5-22-36-21-5 = 0.5,5-22-37-5 = 0.444,5-22-9-31-24-5 = 0.056,5-9-21-37-5 = 0.278,5-9-31-24-5 = 0.444,5-9-31-24-6 = 0.222,4-34-29-38-12-6 = 0.111,4-34-20-23-16-6 = 0.056,4-15-20-30-4 = 0.556,4-15-33-38-12-6 = 0.222,4-36-21-5 = 0.222,4-26-27-4 = 1.0,4-15-23-20-4 = 0.111,4-15-23-29-4 = 0.111,4-34-23-16-29-4 = 0.056,4-36-37-5 = 0.278
64,61,599.281,7.273,0.47,-0.505,65,66,4-23-20-19-4 = 0.191,6-32-28-20-30-4 = 0.021,4-25-14-12-6 = 0.191,4-25-33-34-19-4 = 0.809,6-11-17-13-6 = 0.686,6-14-38-12-6 = 0.196,6-14-38-29-4 = 0.191,6-14-32-17-6 = 0.314,6-14-32-11-6 = 0.109,6-32-23-29-4 = 0.088,6-10-11-13-6 = 0.205,6-10-31-37-5 = 0.035,6-10-18-6 = 0.76,6-35-28-16-29-4 = 0.51,6-35-28-32-13-6 = 0.109,6-35-23-30-4 = 0.381,6-32-28-16-38-12-6 = 0.361,5-31-24-18-6 = 0.24,5-22-36-21-5 = 0.381,5-22-37-5 = 0.378,5-22-9-31-24-6 = 0.24,5-9-21-37-5 = 0.276,5-9-31-24-5 = 0.276,5-9-31-24-6 = 0.208,4-34-29-38-12-6 = 0.062,4-34-20-23-16-6 = 0.129,4-15-20-30-4 = 0.598,4-15-33-38-12-6 = 0.191,4-36-21-5 = 0.343,4-26-27-4 = 1.0,4-15-23-20-4 = 0.062,4-15-23-29-4 = 0.15,4-36-37-5 = 0.276,6-24-37-5 = 0.035
48,37,599.894,2.333,2.236,-2.524,67,68,6-35-20-19-4 = 0.333,4-25-33-34-4 = 0.667,4-25-33-34-19-4 = 0.333,6-11-17-13-6 = 1.0,6-10-18-6 = 1.0,6-35-23-30-4 = 0.667,6-32-28-16-29-4 = 1.0,5-22-37-5 = 1.0,5-9-31-24-6 = 1.0,4-15-20-30-4 = 0.333,4-15-19-4 = 0.333,4-36-21-5 = 1.0,4-26-27-4 = 1.0,4-15-23-20-4 = 0.333,4-14-38-12-6 = 1.0
53,44,599.427,4.35,1.548,-0.15,69,70,6-18-6 = 0.45,6-35-16-38-12-6 = 0.125,4-25-14-32-6 = 0.05,4-25-33-34-30-4 = 0.375,4-25-33-34-19-4 = 0.55,6-11-17-13-6 = 0.9,6-14-38-12-6 = 0.75,6-14-32-17-6 = 0.1,6-14-32-11-6 = 0.1,6-32-23-29-4 = 0.175,6-32-23-20-4 = 0.35,6-10-31-24-6 = 0.025,6-10-18-6 = 0.975,6-35-28-16-29-4 = 0.775,6-35-28-32-13-6 = 0.1,6-32-28-23-19-4 = 0.125,5-22-36-21-5 = 0.025,5-22-37-5 = 0.975,5-9-21-37-5 = 0.025,5-9-31-24-6 = 0.975,4-34-20-23-16-6 = 0.05,4-15-20-23-5 = 0.025,4-15-20-23-6 = 0.275,4-15-20-30-4 = 0.3,4-15-30-19-4 = 0.325,4-15-33-38-12-6 = 0.075,4-36-21-5 = 0.95,4-36-26-4 = 0.025,4-26-27-4 = 0.975,4-25-34-27-4 = 0.025,6-16-29-38-12-6 = 0.05
54,44,599.386,4.727,1.507,0.227,71,72,6-18-6 = 0.591,6-32-28-20-30-4 = 0.682,6-35-16-29-4 = 0.227,6-35-16-38-12-6 = 0.182,4-25-14-32-6 = 0.227,4-25-33-34-19-4 = 0.773,6-11-17-13-6 = 0.955,6-14-38-12-6 = 0.591,6-14-32-17-6 = 0.045,6-14-32-11-6 = 0.045,6-14-16-38-12-6 = 0.045,6-14-33-34-30-4 = 0.045,6-10-31-24-6 = 0.091,6-10-18-6 = 0.909,6-35-28-16-29-4 = 0.318,6-35-23-30-4 = 0.273,5-22-21-5 = 0.091,5-22-37-5 = 0.909,5-9-21-37-5 = 0.091,5-9-31-24-6 = 0.909,4-34-20-23-16-6 = 0.182,4-15-20-23-5 = 0.091,4-15-19-4 = 0.045,4-15-33-38-12-6 = 0.182,4-36-21-5 = 0.818,4-36-15-19-4 = 0.182,4-15-20-16-13-6 = 0.045,4-26-27-4 = 1.0,4-15-23-29-4 = 0.455
69,53,599.446,4.286,0.019,-0.064,73,74,6-18-6 = 0.429,6-35-16-38-12-6 = 0.143,4-25-33-34-30-4 = 0.429,4-25-33-34-19-4 = 0.571,6-11-17-13-6 = 0.857,6-14-38-12-6 = 0.714,6-14-32-17-6 = 0.143,6-14-32-11-6 = 0.143,6-32-23-20-4 = 0.429,6-10-18-6 = 1.0,6-35-28-16-29-4 = 0.714,6-35-28-32-13-6 = 0.143,6-32-28-23-19-4 = 0.143,5-22-37-5 = 1.0,5-9-31-24-6 = 1.0,4-15-20-23-6 = 0.286,4-15-20-30-4 = 0.286,4-15-30-19-4 = 0.286,4-36-21-5 = 1.0,4-26-27-4 = 1.0,4-15-23-29-4 = 0.143,6-16-29-38-12-6 = 0.143
43,40,599.255,4.6,2.627,0.886,75,76,6-10-6 = 0.4,6-18-6 = 0.4,6-35-20-19-4 = 0.2,4-25-14-12-6 = 0.2,4-25-33-34-19-4 = 0.8,6-11-17-13-6 = 1.0,6-14-38-12-6 = 0.6,6-14-38-29-4 = 0.2,6-10-18-6 = 0.6,6-35-23-30-4 = 0.6,6-32-28-16-29-4 = 0.8,5-22-37-5 = 1.0,5-9-31-24-6 = 1.0,4-15-20-23-6 = 0.4,4-15-20-30-4 = 0.4,4-15-33-38-12-6 = 0.2,4-36-21-5 = 1.0,4-26-27-4 = 0.8,6-35-28-32-16-6 = 0.2,4-26-34-27-4 = 0.2
66,64,599.536,7.611,0.255,0.338,77,78,4-23-20-19-4 = 0.25,6-35-16-38-12-6 = 0.083,4-25-14-12-6 = 0.056,4-25-33-34-30-4 = 0.194,4-25-33-34-19-4 = 0.75,6-11-17-13-6 = 0.611,6-14-38-12-6 = 0.417,6-14-38-29-4 = 0.056,6-14-32-17-6 = 0.389,6-14-32-11-6 = 0.083,6-32-23-29-4 = 0.056,6-32-23-20-4 = 0.056,6-10-11-13-6 = 0.306,6-10-18-6 = 0.694,6-35-28-16-29-4 = 0.583,6-35-28-32-13-6 = 0.083,6-35-23-30-4 = 0.25,6-32-28-16-38-12-6 = 0.333,5-31-24-18-6 = 0.306,5-22-36-21-5 = 0.306,5-22-37-5 = 0.389,5-22-9-31-24-6 = 0.306,5-9-21-37-5 = 0.306,5-9-31-24-5 = 0.167,5-9-31-24-6 = 0.222,4-34-29-38-12-6 = 0.056,4-15-20-23-5 = 0.139,4-15-20-30-4 = 0.556,4-15-33-38-12-6 = 0.056,4-36-21-5 = 0.389,4-26-27-4 = 1.0,4-15-23-29-4 = 0.25,4-36-37-5 = 0.306
72,54,599.388,6.0,0.002,1.273,79,80,5-9-5 = 0.167,6-18-6 = 0.667,6-32-28-20-30-4 = 0.667,6-35-16-29-4 = 0.333,4-25-14-32-6 = 0.333,4-25-33-34-19-4 = 0.667,6-11-17-13-6 = 1.0,6-14-38-12-6 = 0.667,6-10-31-24-6 = 0.333,6-10-18-6 = 0.667,6-35-28-16-29-4 = 0.333,6-35-23-30-4 = 0.333,5-22-21-5 = 0.167,5-22-37-5 = 0.833,5-9-21-37-5 = 0.167,5-9-31-24-6 = 0.667,4-34-20-23-16-6 = 0.333,4-15-33-38-12-6 = 0.333,4-36-21-5 = 0.667,4-36-15-19-4 = 0.333,4-26-27-4 = 1.0,4-15-23-29-4 = 0.333
47,37,599.568,5.333,1.91,0.476,81,82,4-26-4 = 0.333,4-27-4 = 0.333,4-23-20-19-4 = 0.5,4-25-14-32-6 = 0.167,4-25-33-34-4 = 0.333,4-25-33-34-30-4 = 0.5,6-11-17-13-6 = 0.833,6-14-38-12-6 = 0.333,6-14-32-17-6 = 0.167,6-14-32-11-6 = 0.167,6-32-16-38-12-6 = 0.167,6-32-23-20-4 = 0.167,6-10-18-6 = 1.0,6-35-28-16-29-4 = 0.833,6-35-28-32-13-6 = 0.167,6-14-38-12-4 = 0.167,5-22-37-5 = 1.0,5-9-31-24-6 = 1.0,4-34-29-38-12-4 = 0.167,4-15-30-19-4 = 0.5,4-15-33-38-12-4 = 0.167,4-36-21-5 = 1.0,4-26-27-4 = 0.667,4-15-23-20-4 = 0.333
60,49,599.691,5.0,0.516,0.5,83,84,5-9-5 = 0.909,5-37-5 = 0.273,4-25-33-34-19-4 = 1.0,6-11-17-13-6 = 0.818,6-14-38-12-6 = 1.0,6-10-11-13-6 = 0.182,6-10-31-24-6 = 0.182,6-10-18-6 = 0.273,6-35-28-16-29-4 = 0.182,6-35-23-30-4 = 0.364,6-35-28-32-10-6 = 0.182,6-35-28-32-10-24-6 = 0.091,6-32-28-16-29-4 = 0.545,6-35-32-17-6 = 0.182,5-31-24-18-6 = 0.636,5-22-36-21-5 = 0.273,5-22-37-5 = 0.727,5-9-31-24-6 = 0.091,4-15-20-23-5 = 0.091,4-15-20-30-4 = 0.636,4-36-21-5 = 0.727,4-26-27-4 = 1.0,4-15-23-29-4 = 0.273,4-20-23-16-6 = 0.273,5-31-10-18-6 = 0.091
77,66,599.756,7.929,0.22,0.317,85,86,4-23-20-19-4 = 0.357,6-35-20-19-4 = 0.071,6-35-16-38-12-6 = 0.179,4-25-33-34-30-4 = 0.429,4-25-33-34-19-4 = 0.571,6-11-17-13-6 = 0.679,6-14-38-12-6 = 0.5,6-14-32-17-6 = 0.321,6-14-32-11-6 = 0.179,6-10-11-13-6 = 0.143,6-10-31-37-5 = 0.071,6-10-18-6 = 0.786,6-35-28-16-29-4 = 0.5,6-35-28-32-13-6 = 0.179,6-35-23-30-4 = 0.071,6-32-28-16-38-12-6 = 0.321,5-31-24-18-6 = 0.214,5-22-36-21-5 = 0.429,5-22-37-5 = 0.357,5-22-9-31-24-5 = 0.214,5-9-21-37-5 = 0.286,5-9-31-24-6 = 0.5,4-15-20-30-4 = 0.5,4-36-21-5 = 0.286,4-26-27-4 = 1.0,4-15-23-29-4 = 0.5,4-36-37-5 = 0.286,4-20-23-24-5 = 0.071
74,69,600.148,2.6,0.702,-1.686,87,88,6-18-6 = 0.4,6-35-16-38-12-6 = 0.2,4-25-33-34-19-4 = 1.0,6-11-17-13-6 = 0.8,6-14-38-12-6 = 0.8,6-14-32-11-6 = 0.2,6-32-23-29-4 = 0.6,6-10-18-6 = 1.0,6-35-28-16-29-4 = 0.4,5-22-37-5 = 1.0,5-9-31-24-6 = 1.0,4-15-20-30-4 = 1.0,4-36-21-5 = 1.0,4-26-27-4 = 1.0,6-28-35-23-16-6 = 0.4,6-28-32-17-13-6 = 0.2
81,47,600.002,5.5,0.434,0.167,89,90,4-26-4 = 0.5,4-27-4 = 0.25,4-23-20-19-4 = 0.75,4-25-33-34-4 = 0.25,4-25-33-34-30-4 = 0.5,6-11-17-13-6 = 0.75,6-14-38-12-6 = 0.25,6-14-32-17-6 = 0.25,6-14-32-11-6 = 0.25,6-32-16-38-12-6 = 0.25,6-10-18-6 = 1.0,6-35-28-16-29-4 = 0.75,6-35-28-32-13-6 = 0.25,6-14-38-12-4 = 0.25,5-22-37-5 = 1.0,5-9-31-24-6 = 1.0,4-15-20-30-4 = 0.25,4-15-30-19-4 = 0.25,4-15-33-38-12-4 = 0.25,4-36-21-5 = 1.0,4-26-27-4 = 0.5,4-15-23-29-4 = 0.25,4-25-34-27-4 = 0.25
80,72,600.331,5.667,0.943,-0.333,91,92,5-9-5 = 0.167,6-10-6 = 0.667,6-18-6 = 1.0,6-32-28-20-30-4 = 0.667,6-35-16-29-4 = 0.333,4-25-14-32-6 = 0.333,4-25-33-34-19-4 = 0.667,6-11-17-13-6 = 1.0,6-14-38-12-6 = 0.667,6-10-31-24-6 = 0.333,6-35-28-16-29-4 = 0.333,6-35-23-30-4 = 0.333,5-22-21-5 = 0.167,5-22-37-5 = 0.833,5-9-21-37-5 = 0.167,5-9-31-24-6 = 0.667,4-34-20-23-16-6 = 0.333,4-15-33-38-12-6 = 0.333,4-36-21-5 = 0.667,4-36-15-19-4 = 0.333,4-26-27-4 = 1.0,4-15-23-29-4 = 0.333
89,81,600.397,5.333,0.395,-0.167,93,94,4-26-4 = 0.667,4-27-4 = 0.5,4-23-20-19-4 = 0.5,4-25-33-34-4 = 0.5,4-25-33-34-30-4 = 0.333,6-11-17-13-6 = 0.833,6-14-38-12-6 = 0.667,6-14-32-17-6 = 0.167,6-14-32-11-6 = 0.167,6-32-16-38-12-6 = 0.167,6-32-23-20-4 = 0.333,6-10-18-6 = 1.0,6-35-28-16-29-4 = 0.833,6-35-28-32-13-6 = 0.167,5-22-37-5 = 1.0,5-9-31-24-6 = 1.0,4-15-20-30-4 = 0.167,4-15-30-19-4 = 0.5,4-15-33-38-12-6 = 0.167,4-36-21-5 = 1.0,4-26-27-4 = 0.333,4-15-23-29-4 = 0.167,4-25-34-27-4 = 0.167
67,48,600.292,3.0,0.398,0.667,95,96,4-25-33-34-4 = 0.667,4-25-33-34-19-4 = 0.333,6-11-17-13-6 = 1.0,6-14-38-12-6 = 0.333,6-10-18-6 = 1.0,6-35-23-30-4 = 0.667,6-32-28-16-29-4 = 1.0,5-22-37-5 = 1.0,5-9-31-24-6 = 1.0,4-15-20-30-4 = 0.333,4-15-19-4 = 0.333,4-36-21-5 = 1.0,4-26-27-4 = 1.0,4-15-23-20-4 = 0.333,4-14-38-12-6 = 0.667,4-35-20-19-4 = 0.333
95,67,603.796,0.0,3.504,-3.0,Integer,,4-25-33-34-4 = 1.0,6-11-17-13-6 = 1.0,6-10-18-6 = 1.0,6-35-23-30-4 = 1.0,6-32-28-16-29-4 = 1.0,5-22-37-5 = 1.0,5-9-31-24-6 = 1.0,4-15-20-19-4 = 1.0,4-36-21-5 = 1.0,4-26-27-4 = 1.0,4-14-38-12-6 = 1.0
58,55,600.667,2.4,2.314,-1.314,97,98,5-9-5 = 1.0,6-18-6 = 0.4,6-35-16-38-12-6 = 0.1,4-25-33-34-19-4 = 1.0,6-11-17-13-6 = 0.9,6-14-38-12-6 = 0.8,6-14-32-17-6 = 0.1,6-14-32-11-6 = 0.1,6-32-23-29-4 = 0.6,6-10-18-6 = 1.0,6-35-28-16-29-4 = 0.4,6-35-28-32-13-6 = 0.1,6-32-28-16-38-12-6 = 0.1,5-22-37-5 = 1.0,4-15-20-30-4 = 1.0,4-36-21-5 = 1.0,4-26-27-4 = 1.0,5-31-24-6 = 1.0,6-28-35-23-16-6 = 0.4
97,58,603.835,0.0,3.168,0.0,Prune by CG,,5-9-5 = 1.0,6-18-6 = 0.348,4-25-33-34-4 = 0.348,4-25-33-34-19-4 = 0.652,6-11-17-13-6 = 0.87,6-14-38-12-6 = 0.739,6-14-32-17-6 = 0.13,6-14-32-11-6 = 0.13,6-32-23-29-6 = 0.348,6-10-18-6 = 0.957,6-35-28-16-29-4 = 0.435,6-35-28-32-13-6 = 0.13,6-35-23-30-4 = 0.348,6-32-28-16-38-12-6 = 0.261,5-22-37-5 = 1.0,4-15-20-30-4 = 0.652,4-15-20-19-4 = 0.348,4-36-21-5 = 1.0,4-26-27-4 = 1.0,5-31-24-6 = 1.0,6-35-23-16-6 = 0.087,6-10-23-16-29-4 = 0.043,6-28-23-16-29-4 = 0.174
98,58,605.031,0.0,4.364,0.0,Prune by CG,,5-9-5 = 1.0,6-18-6 = 0.667,6-35-16-38-12-6 = 0.333,4-25-33-34-19-4 = 1.0,6-11-17-13-6 = 1.0,6-14-38-12-6 = 0.667,6-32-23-29-4 = 0.667,6-10-18-6 = 0.667,6-32-28-16-29-4 = 0.333,5-22-37-5 = 1.0,4-15-20-30-4 = 1.0,4-36-21-5 = 1.0,4-26-27-4 = 1.0,5-31-24-6 = 1.0,6-28-35-23-16-6 = 0.333,6-14-28-35-10-6 = 0.333
56,52,600.37,5.717,2.294,0.717,99,100,5-9-5 = 1.0,6-18-6 = 0.652,5-37-5 = 0.174,6-32-28-20-30-4 = 0.207,6-35-20-19-4 = 0.185,4-25-14-32-6 = 0.261,4-25-33-34-30-4 = 0.315,4-25-33-34-19-4 = 0.424,6-11-17-13-6 = 0.967,6-14-38-12-6 = 0.674,6-14-32-17-6 = 0.033,6-14-32-11-6 = 0.033,6-32-23-20-4 = 0.37,6-10-31-24-6 = 0.196,6-10-18-6 = 0.804,6-35-28-16-29-4 = 0.696,6-35-28-32-13-6 = 0.033,6-35-23-30-4 = 0.087,6-32-28-16-38-12-6 = 0.065,5-21-37-5 = 0.022,5-31-24-5 = 0.022,5-22-36-21-5 = 0.196,5-22-37-5 = 0.804,4-34-20-23-16-6 = 0.239,4-15-34-27-4 = 0.022,4-15-30-19-4 = 0.391,4-15-36-26-4 = 0.022,4-15-33-38-12-6 = 0.261,4-36-21-5 = 0.783,4-26-27-4 = 0.978,4-15-23-29-4 = 0.304,5-31-24-6 = 0.783
50,42,600.526,7.684,3.191,0.997,101,102,5-9-5 = 1.0,5-37-5 = 0.447,4-23-20-19-4 = 0.158,6-32-28-20-30-4 = 0.079,6-35-20-19-4 = 0.079,4-33-38-29-4 = 0.053,4-25-14-12-6 = 0.105,4-25-14-32-6 = 0.447,4-25-33-34-19-4 = 0.395,6-11-17-13-6 = 1.0,6-14-16-29-4 = 0.079,6-14-33-34-19-4 = 0.368,6-10-31-24-6 = 0.447,6-10-18-6 = 0.553,6-35-28-16-29-4 = 0.447,6-35-23-30-4 = 0.474,6-32-28-16-38-12-6 = 0.474,5-31-24-18-6 = 0.447,5-22-36-21-5 = 0.447,5-22-37-5 = 0.553,4-34-29-38-12-6 = 0.237,4-15-20-30-4 = 0.447,4-15-33-38-12-6 = 0.184,4-36-21-5 = 0.553,4-26-27-4 = 1.0,4-15-23-20-4 = 0.237,4-15-23-29-4 = 0.132,4-25-38-29-4 = 0.053,5-31-24-6 = 0.105
102,50,606.899,0.0,6.373,0.0,Prune by CG,,5-9-5 = 1.0,5-37-5 = 0.333,4-25-14-32-6 = 0.667,4-25-33-34-19-4 = 0.333,6-11-17-13-6 = 1.0,6-14-33-34-19-4 = 0.333,6-10-31-24-5 = 0.111,6-10-31-24-6 = 0.333,6-10-18-6 = 0.556,6-35-28-16-29-4 = 0.556,6-35-23-30-4 = 0.444,5-31-24-5 = 0.111,5-31-24-18-6 = 0.444,5-22-36-21-5 = 0.333,5-22-37-5 = 0.667,4-34-29-38-12-6 = 0.333,4-15-20-30-4 = 0.556,4-15-33-38-12-6 = 0.333,4-36-21-5 = 0.667,4-26-27-4 = 1.0,4-15-23-20-4 = 0.111,6-23-20-19-4 = 0.333,5-28-32-16-38-12-4 = 0.222,5-28-32-16-38-12-6 = 0.111,6-28-23-16-29-4 = 0.111
99,56,600.754,5.526,0.384,-0.191,103,104,5-9-5 = 1.0,6-18-6 = 0.632,5-37-5 = 0.105,6-32-28-20-30-4 = 0.368,6-35-16-29-4 = 0.158,4-25-14-32-6 = 0.211,4-25-33-34-19-4 = 0.684,6-11-17-13-6 = 0.947,6-14-38-12-6 = 0.684,6-14-32-17-6 = 0.053,6-14-32-11-6 = 0.053,6-32-23-20-4 = 0.263,6-10-31-24-6 = 0.158,6-10-18-6 = 0.842,6-35-28-16-29-4 = 0.579,6-35-28-32-13-6 = 0.053,6-35-23-30-4 = 0.211,5-21-37-5 = 0.053,5-31-24-5 = 0.053,5-22-36-21-5 = 0.158,5-22-37-5 = 0.842,4-34-20-23-16-6 = 0.263,4-15-34-27-4 = 0.053,4-15-30-19-4 = 0.316,4-15-36-26-4 = 0.053,4-15-33-38-12-6 = 0.316,4-36-21-5 = 0.789,4-26-27-4 = 0.947,4-15-23-29-4 = 0.263,4-25-20-30-4 = 0.105,5-31-24-6 = 0.789
103,99,604.406,0.0,3.652,0.0,Prune by CG,,5-9-5 = 1.0,6-10-6 = 0.514,6-18-6 = 0.514,6-32-28-20-30-4 = 0.629,6-35-16-38-12-6 = 0.629,4-25-14-12-6 = 0.171,4-25-14-32-6 = 0.057,4-25-33-34-19-4 = 0.771,6-11-17-13-6 = 0.943,6-14-38-12-6 = 0.2,6-14-38-29-4 = 0.171,6-14-32-17-6 = 0.057,6-14-32-11-6 = 0.057,6-14-16-29-4 = 0.057,6-14-33-34-30-4 = 0.143,6-32-23-20-4 = 0.143,6-10-18-6 = 0.486,6-35-28-32-13-6 = 0.057,5-22-37-5 = 1.0,4-15-30-19-4 = 0.229,4-36-21-5 = 1.0,4-26-27-4 = 1.0,4-15-23-29-4 = 0.771,5-31-24-6 = 1.0,6-28-35-23-16-6 = 0.086,6-14-33-34-4 = 0.086,6-28-35-20-16-6 = 0.229
96,67,600.725,3.0,0.433,0.0,105,106,4-19-4 = 0.333,4-25-33-34-4 = 0.333,4-25-33-34-19-4 = 0.667,6-11-17-13-6 = 1.0,6-14-38-12-6 = 0.333,6-10-18-6 = 1.0,6-35-23-30-4 = 0.667,6-32-28-16-29-4 = 1.0,5-22-37-5 = 1.0,5-9-31-24-6 = 1.0,4-15-20-30-4 = 0.333,4-15-35-20-4 = 0.333,4-36-21-5 = 1.0,4-26-27-4 = 1.0,4-15-23-20-4 = 0.333,4-14-38-12-6 = 0.667
76,43,601.225,2.0,1.969,-2.6,107,108,6-18-6 = 0.5,6-35-20-19-4 = 1.0,4-25-33-34-30-4 = 1.0,6-11-17-13-6 = 1.0,6-14-38-12-6 = 0.5,6-10-18-6 = 1.0,6-14-32-28-16-6 = 0.5,6-32-28-16-38-12-6 = 0.5,5-22-37-5 = 1.0,5-9-31-24-6 = 1.0,4-36-21-5 = 1.0,4-26-27-4 = 1.0,4-15-23-29-4 = 1.0
107,76,609.355,0.0,8.13,0.0,Prune by CG,,6-18-6 = 0.8,6-35-20-19-4 = 1.0,4-25-33-34-30-4 = 0.6,4-25-14-28-10-6 = 0.2,6-11-17-13-6 = 1.0,6-14-32-16-12-6 = 0.2,6-14-33-34-30-4 = 0.4,6-10-18-6 = 0.8,6-32-28-16-38-12-6 = 0.8,5-22-37-5 = 1.0,5-9-31-24-6 = 1.0,4-36-21-5 = 1.0,4-26-27-4 = 1.0,4-15-23-29-4 = 1.0,4-25-14-38-6 = 0.2
108,76,605.584,0.0,4.36,0.0,Prune by CG,,6-18-6 = 0.333,4-26-4 = 0.111,6-32-28-20-16-6 = 0.111,6-35-20-19-4 = 0.889,4-25-33-34-30-4 = 0.778,6-11-17-13-6 = 1.0,6-14-38-12-6 = 0.667,6-10-18-6 = 1.0,6-35-23-30-4 = 0.111,6-14-32-28-16-6 = 0.333,6-32-28-16-29-4 = 0.333,5-22-37-5 = 1.0,5-9-31-24-6 = 1.0,4-15-30-19-4 = 0.111,4-15-33-38-12-6 = 0.222,4-36-21-5 = 1.0,4-26-27-4 = 0.889,4-15-23-29-4 = 0.667,4-25-34-27-4 = 0.111,4-25-34-38-12-6 = 0.111,6-32-28-23-16-6 = 0.222
75,43,600.99,3.5,1.734,-1.1,109,110,6-18-6 = 0.4,6-35-31-24-6 = 0.1,4-25-14-12-6 = 0.1,4-25-33-34-19-4 = 0.9,6-11-17-13-6 = 1.0,6-14-38-12-6 = 0.8,6-14-38-29-4 = 0.1,6-10-18-6 = 1.0,6-35-23-30-4 = 0.6,6-32-28-16-29-4 = 0.8,5-22-36-21-5 = 0.1,5-22-37-5 = 0.9,5-9-21-37-5 = 0.05,5-9-31-24-6 = 0.9,5-9-37-5 = 0.05,4-34-20-29-4 = 0.1,4-15-20-23-6 = 0.4,4-15-20-30-4 = 0.4,4-15-35-20-5 = 0.05,4-15-33-38-12-6 = 0.1,4-36-21-5 = 0.85,4-36-15-19-4 = 0.05,4-26-27-4 = 1.0,6-35-28-32-16-6 = 0.2,4-35-20-19-4 = 0.05
110,75,606.179,0.0,5.189,0.0,Prune by CG,,6-18-6 = 0.5,4-23-20-19-4 = 0.5,6-35-31-24-6 = 0.5,4-25-33-34-30-4 = 0.5,4-25-33-34-19-4 = 0.5,6-11-17-13-6 = 1.0,6-14-38-12-6 = 1.0,6-10-18-6 = 1.0,6-32-28-16-29-4 = 0.5,5-22-36-21-5 = 0.5,5-22-37-5 = 0.5,5-9-31-24-6 = 0.5,5-9-37-5 = 0.5,4-15-20-30-4 = 0.5,4-36-21-5 = 0.5,4-26-27-4 = 1.0,4-15-23-29-4 = 0.5,6-35-28-32-16-6 = 0.5
104,99,600.754,5.692,0.0,0.166,111,112,5-9-5 = 1.0,6-10-6 = 0.487,6-18-6 = 0.564,6-32-28-20-30-4 = 0.385,6-35-16-29-4 = 0.154,4-25-14-32-6 = 0.231,4-25-33-34-19-4 = 0.692,6-11-17-13-6 = 0.974,6-14-38-12-6 = 0.692,6-14-32-17-6 = 0.026,6-14-32-11-6 = 0.026,6-14-32-13-6 = 0.026,6-32-23-20-4 = 0.231,6-32-23-20-5 = 0.077,6-10-31-24-6 = 0.077,6-10-18-6 = 0.436,6-35-28-16-29-4 = 0.615,6-35-23-30-4 = 0.231,5-21-37-5 = 0.077,5-22-36-21-5 = 0.077,5-22-37-5 = 0.923,4-34-20-23-16-6 = 0.231,4-15-34-27-4 = 0.077,4-15-30-19-4 = 0.308,4-15-36-26-4 = 0.077,4-15-33-38-12-6 = 0.308,4-36-21-5 = 0.846,4-26-27-4 = 0.923,4-15-23-29-4 = 0.231,4-25-20-30-4 = 0.077,5-31-24-6 = 0.923
111,104,605.477,0.0,4.723,0.0,Prune by CG,,5-9-5 = 1.0,6-11-6 = 0.053,6-13-6 = 0.053,6-18-6 = 1.0,4-36-4 = 0.316,5-37-5 = 1.0,6-32-28-20-30-4 = 0.421,6-35-16-29-4 = 0.053,4-25-14-32-6 = 0.474,4-25-33-34-19-4 = 0.526,6-11-17-13-6 = 0.895,6-11-13-6 = 0.053,6-14-38-12-6 = 0.421,6-14-32-17-6 = 0.105,6-10-31-24-6 = 1.0,6-35-28-16-29-4 = 0.579,6-35-23-30-4 = 0.368,5-22-21-5 = 0.579,5-22-36-21-5 = 0.421,4-34-29-38-12-6 = 0.105,4-34-20-23-16-6 = 0.368,4-15-33-38-12-6 = 0.474,4-36-15-19-4 = 0.263,4-26-27-4 = 1.0,4-15-23-29-4 = 0.263,4-20-30-19-4 = 0.211
112,104,600.819,5.0,0.065,-0.692,113,114,5-9-5 = 0.923,6-18-6 = 0.564,6-32-28-20-30-4 = 0.385,6-35-16-29-4 = 0.154,4-25-14-32-6 = 0.231,4-25-33-34-19-4 = 0.692,6-11-17-13-6 = 0.974,6-14-38-12-6 = 0.692,6-14-32-17-6 = 0.026,6-14-32-11-6 = 0.026,6-14-32-13-6 = 0.026,6-32-23-20-4 = 0.231,6-32-23-20-5 = 0.077,6-10-18-6 = 1.0,6-35-28-16-29-4 = 0.615,6-35-23-30-4 = 0.231,5-21-37-5 = 0.077,5-31-24-5 = 0.077,5-22-36-21-5 = 0.077,5-22-37-5 = 0.923,5-9-31-24-6 = 0.077,4-34-20-23-16-6 = 0.231,4-15-34-27-4 = 0.077,4-15-30-19-4 = 0.308,4-15-36-26-4 = 0.077,4-15-33-38-12-6 = 0.308,4-36-21-5 = 0.846,4-26-27-4 = 0.923,4-15-23-29-4 = 0.231,4-25-20-30-4 = 0.077,5-31-24-6 = 0.846
114,112,612.333,0.0,11.514,0.0,Prune by CG,,5-9-5 = 0.632,6-18-6 = 1.0,4-23-20-19-4 = 0.526,4-25-14-32-6 = 0.632,4-25-33-34-19-4 = 0.368,6-11-17-13-6 = 1.0,6-14-38-12-6 = 0.211,6-14-33-34-30-4 = 0.158,6-31-24-5 = 0.316,6-10-18-6 = 1.0,6-35-28-16-29-4 = 0.632,6-35-23-30-4 = 0.368,5-21-37-5 = 0.316,5-22-21-5 = 0.105,5-22-36-26-4 = 0.211,5-22-37-5 = 0.684,5-9-31-24-5 = 0.368,4-34-20-23-16-6 = 0.053,4-15-34-27-4 = 0.421,4-15-30-19-4 = 0.053,4-15-33-38-12-6 = 0.474,4-36-21-5 = 0.579,4-36-26-4 = 0.211,4-26-27-4 = 0.579,4-15-23-29-4 = 0.053,4-20-30-19-4 = 0.053,5-31-24-6 = 0.316,6-16-29-38-12-6 = 0.316,5-32-28-20-30-4 = 0.368
90,81,600.801,6.0,0.799,0.5,115,116,5-9-5 = 0.333,4-23-20-19-4 = 0.5,4-25-33-34-4 = 0.5,4-25-33-34-30-4 = 0.167,4-25-33-34-19-4 = 0.167,6-11-17-13-6 = 0.667,6-14-32-17-6 = 0.333,6-14-32-11-6 = 0.333,6-10-18-6 = 1.0,6-35-28-16-29-4 = 0.667,6-35-28-32-13-6 = 0.333,6-14-38-12-4 = 0.333,5-22-37-5 = 1.0,5-9-31-24-6 = 0.667,4-34-29-38-12-4 = 0.167,4-15-20-30-4 = 0.333,4-15-30-19-4 = 0.333,4-15-33-38-12-4 = 0.167,4-36-21-5 = 1.0,4-26-27-4 = 1.0,4-15-23-29-4 = 0.167,4-25-20-30-4 = 0.167,5-31-24-6 = 0.333,4-23-16-38-12-4 = 0.333
116,90,601.169,5.333,0.368,-0.667,117,118,6-18-6 = 0.333,4-23-20-19-4 = 0.5,4-25-33-34-4 = 0.5,4-25-33-34-30-4 = 0.167,4-25-33-34-19-4 = 0.167,6-11-17-13-6 = 0.667,6-14-32-17-6 = 0.333,6-14-32-11-6 = 0.333,6-10-18-6 = 1.0,6-35-28-16-29-4 = 0.667,6-35-28-32-13-6 = 0.333,6-14-38-12-4 = 0.333,5-22-37-5 = 1.0,5-9-31-24-6 = 1.0,4-34-29-38-12-4 = 0.167,4-15-20-30-4 = 0.333,4-15-30-19-4 = 0.333,4-15-33-38-12-4 = 0.167,4-36-21-5 = 1.0,4-26-27-4 = 1.0,4-15-23-29-4 = 0.167,4-25-20-30-4 = 0.167,4-23-16-38-12-4 = 0.333
118,116,605.401,0.0,4.232,0.0,Prune by CG,,6-18-6 = 0.339,4-26-4 = 0.424,4-23-20-19-4 = 0.576,4-25-14-12-4 = 0.051,6-11-17-13-6 = 0.678,6-14-38-29-4 = 0.051,6-14-32-17-6 = 0.322,6-14-32-11-6 = 0.322,6-14-33-34-30-4 = 0.169,6-10-18-6 = 1.0,6-35-28-16-29-4 = 0.678,6-35-28-32-13-6 = 0.322,6-14-38-12-4 = 0.085,6-32-16-38-12-4 = 0.034,5-22-37-5 = 1.0,5-9-31-24-6 = 1.0,4-34-20-23-16-6 = 0.017,4-15-30-19-4 = 0.169,4-15-33-38-12-4 = 0.831,4-36-21-5 = 1.0,4-26-27-4 = 0.576,4-34-23-16-29-4 = 0.271,4-20-30-19-4 = 0.136,4-25-34-27-4 = 0.424,4-25-23-30-4 = 0.136,4-25-20-30-4 = 0.271,4-25-34-30-19-4 = 0.119
109,75,601.304,2.333,0.315,-1.167,119,120,6-18-6 = 0.333,4-25-33-34-19-4 = 1.0,6-11-17-13-6 = 1.0,6-14-38-12-6 = 1.0,6-10-18-6 = 1.0,6-35-23-30-4 = 0.667,6-32-28-16-29-4 = 0.667,6-32-28-16-29-6 = 0.333,5-22-37-5 = 1.0,5-9-31-24-6 = 1.0,4-15-20-23-6 = 0.333,4-15-20-30-4 = 0.333,4-15-35-20-4 = 0.333,4-36-21-5 = 1.0,4-26-27-4 = 1.0
119,109,615.272,0.0,13.968,0.0,Prune by CG,,6-10-6 = 0.7,6-18-6 = 1.0,4-25-33-34-30-4 = 0.9,4-25-33-34-19-4 = 0.1,6-11-17-13-6 = 1.0,6-14-38-12-6 = 1.0,6-10-31-24-6 = 0.3,6-32-28-16-29-4 = 0.5,5-22-36-21-5 = 0.6,5-22-37-5 = 0.4,5-9-21-37-5 = 0.3,5-9-31-24-6 = 0.7,4-15-30-19-4 = 0.1,4-15-35-20-4 = 0.4,4-36-21-5 = 0.1,4-26-27-4 = 1.0,4-15-23-29-4 = 0.2,4-36-37-5 = 0.3,4-15-23-29-5 = 0.3,4-35-20-19-4 = 0.6,6-32-28-23-16-19-4 = 0.2,6-32-28-23-16-6 = 0.3
59,49,601.194,4.0,2.019,-0.5,121,122,5-9-5 = 0.667,4-25-33-34-19-4 = 1.0,6-11-17-13-6 = 0.917,6-14-38-12-6 = 1.0,6-10-31-24-6 = 0.333,6-10-18-6 = 0.667,6-32-28-16-29-4 = 0.75,5-31-24-18-6 = 0.333,5-22-37-5 = 1.0,5-9-31-24-5 = 0.167,5-9-31-24-6 = 0.167,4-15-20-23-5 = 0.5,4-15-20-30-4 = 0.5,4-36-21-5 = 1.0,4-26-27-4 = 1.0,5-35-28-32-13-6 = 0.083,5-35-32-17-6 = 0.083,5-35-32-11-6 = 0.083,5-35-23-30-4 = 0.5,5-35-16-29-4 = 0.083,5-35-28-16-29-4 = 0.167
121,59,606.295,0.0,5.101,0.0,Prune by CG,,5-9-5 = 1.0,5-37-5 = 0.25,4-25-33-34-30-4 = 0.083,4-25-33-34-19-4 = 0.917,6-11-17-13-6 = 0.833,6-14-38-12-6 = 1.0,6-10-11-13-6 = 0.167,6-10-31-24-5 = 0.25,6-10-18-6 = 0.25,6-32-28-16-29-4 = 0.667,5-31-24-18-6 = 0.583,5-22-36-21-5 = 0.25,5-22-37-5 = 0.75,4-15-20-23-5 = 0.583,4-15-20-30-4 = 0.333,4-36-21-5 = 0.75,4-26-27-4 = 1.0,4-20-30-19-4 = 0.083,4-15-30-16-29-4 = 0.083,5-35-28-32-10-24-5 = 0.167,5-31-10-18-6 = 0.167,5-35-32-17-6 = 0.167,5-35-23-30-4 = 0.417,5-35-16-29-4 = 0.083,5-35-28-16-29-4 = 0.167
45,4,601.441,6.833,3.826,-0.57,123,124,5-9-5 = 0.25,6-18-6 = 0.167,4-23-20-19-4 = 0.25,4-25-14-32-6 = 0.25,4-25-33-34-30-4 = 0.167,4-25-33-34-19-4 = 0.583,6-11-17-13-6 = 0.833,6-14-38-12-6 = 0.417,6-14-32-17-6 = 0.167,6-14-32-11-6 = 0.167,6-10-24-18-6 = 0.75,6-10-31-24-6 = 0.25,6-35-28-16-29-4 = 0.583,6-35-28-32-13-6 = 0.167,6-35-23-30-4 = 0.25,6-32-28-16-38-12-6 = 0.25,5-22-36-21-5 = 0.667,5-22-37-5 = 0.333,5-9-31-37-5 = 0.667,4-34-29-38-12-6 = 0.083,4-34-20-23-16-6 = 0.167,4-15-20-30-4 = 0.417,4-15-33-38-12-6 = 0.25,4-36-21-4 = 0.25,4-36-21-5 = 0.083,4-26-27-4 = 1.0,4-15-23-29-4 = 0.333,4-20-30-19-4 = 0.167,5-9-31-18-6 = 0.083
124,45,607.863,0.0,6.421,0.0,Prune by CG,,5-9-5 = 0.286,6-18-6 = 0.286,4-23-20-19-4 = 0.5,4-25-14-32-6 = 0.643,4-25-33-34-30-4 = 0.143,4-25-33-34-19-4 = 0.214,6-11-17-13-6 = 1.0,6-14-38-12-6 = 0.071,6-14-33-34-19-4 = 0.286,6-10-24-18-6 = 0.714,6-10-31-24-5 = 0.071,6-10-31-24-6 = 0.214,6-35-28-16-29-4 = 0.643,6-35-23-30-4 = 0.357,5-22-36-21-5 = 0.714,5-22-37-5 = 0.286,5-9-31-37-5 = 0.714,4-34-29-38-12-4 = 0.214,4-15-20-30-4 = 0.5,4-15-33-38-12-6 = 0.357,4-36-21-5 = 0.286,4-26-27-4 = 0.857,4-15-23-29-4 = 0.143,4-26-34-27-4 = 0.143,5-28-32-16-38-12-6 = 0.357
106,96,601.521,2.333,0.797,-0.667,125,126,4-19-4 = 0.333,4-25-33-34-4 = 0.333,4-25-33-34-19-4 = 0.667,6-11-17-13-6 = 1.0,6-14-38-12-6 = 1.0,6-10-18-6 = 1.0,6-32-28-16-29-4 = 1.0,5-22-37-5 = 1.0,5-9-31-24-6 = 1.0,4-15-20-30-4 = 0.333,4-15-35-20-4 = 0.333,4-36-21-5 = 1.0,4-26-27-4 = 1.0,4-15-23-20-4 = 0.333,4-35-23-30-4 = 0.667
125,106,606.466,0.0,4.945,0.0,Prune by CG,,4-19-4 = 0.5,4-23-20-19-4 = 0.5,4-25-33-34-30-4 = 1.0,6-11-17-13-6 = 1.0,6-14-38-12-6 = 1.0,6-10-18-6 = 1.0,6-32-28-16-29-4 = 1.0,5-22-37-5 = 1.0,5-9-31-24-6 = 1.0,4-15-35-20-4 = 0.5,4-36-21-5 = 1.0,4-26-27-4 = 1.0,4-15-35-23-4 = 0.5
101,50,601.401,7.778,0.875,0.094,127,128,5-9-5 = 1.0,5-37-5 = 0.444,4-23-20-19-4 = 0.222,4-25-14-12-6 = 0.222,4-25-33-34-19-4 = 0.556,6-11-17-13-6 = 0.778,6-14-32-17-6 = 0.222,6-14-32-11-6 = 0.222,6-14-33-34-19-4 = 0.222,6-14-32-13-6 = 0.111,6-10-31-24-6 = 0.444,6-10-18-6 = 0.556,6-35-28-16-29-4 = 0.556,6-35-23-30-4 = 0.444,6-32-28-16-38-12-6 = 0.444,5-31-24-18-6 = 0.444,5-22-36-21-5 = 0.444,5-22-37-5 = 0.556,4-34-29-38-12-6 = 0.222,4-15-20-30-4 = 0.556,4-15-33-38-12-6 = 0.111,4-36-21-5 = 0.556,4-26-27-4 = 1.0,4-15-23-20-4 = 0.222,4-15-23-29-4 = 0.111,4-25-38-29-4 = 0.111,5-31-24-6 = 0.111,4-25-33-38-13-6 = 0.111
122,59,601.497,4.333,0.303,0.333,129,130,5-9-5 = 0.333,6-18-6 = 0.333,4-25-33-34-19-4 = 1.0,6-11-17-13-6 = 0.917,6-14-38-12-6 = 1.0,6-10-31-24-6 = 0.333,6-10-18-6 = 0.667,6-32-28-16-29-4 = 0.75,5-22-37-5 = 1.0,5-9-31-24-5 = 0.167,5-9-31-24-6 = 0.5,4-15-20-23-5 = 0.5,4-15-20-30-4 = 0.5,4-36-21-5 = 1.0,4-26-27-4 = 1.0,5-35-28-32-13-6 = 0.083,5-35-32-17-6 = 0.083,5-35-32-11-6 = 0.083,5-35-23-30-4 = 0.5,5-35-16-29-4 = 0.083,5-35-28-16-29-4 = 0.167
130,122,604.429,0.0,2.932,0.0,Prune by CG,,6-18-6 = 0.333,4-25-33-34-19-4 = 1.0,6-11-17-13-6 = 0.917,6-14-38-12-5 = 0.5,6-14-38-12-6 = 0.5,6-10-18-6 = 1.0,6-32-28-16-29-4 = 0.75,5-22-37-5 = 1.0,5-9-31-24-6 = 1.0,4-15-20-23-5 = 0.5,4-15-20-30-4 = 0.5,4-36-21-5 = 1.0,4-26-27-4 = 1.0,5-35-28-32-13-6 = 0.083,5-35-32-17-6 = 0.083,5-35-32-11-6 = 0.083,5-35-23-30-4 = 0.5,5-35-16-29-4 = 0.083,5-35-28-16-29-4 = 0.167
94,89,601.178,7.5,0.781,2.167,131,132,4-26-4 = 0.5,4-27-4 = 0.25,4-23-20-19-4 = 0.75,4-25-33-34-4 = 0.25,4-25-33-34-30-4 = 0.5,6-11-17-13-6 = 0.75,6-14-38-12-6 = 0.5,6-14-32-17-6 = 0.25,6-14-32-11-6 = 0.25,6-32-16-38-12-6 = 0.25,6-10-18-6 = 1.0,6-35-28-16-29-4 = 0.75,6-35-28-32-13-6 = 0.25,5-22-37-5 = 1.0,5-9-31-24-5 = 0.5,5-9-31-24-6 = 0.5,4-15-20-30-4 = 0.25,4-15-30-19-4 = 0.25,4-15-33-38-12-6 = 0.25,4-36-21-4 = 0.5,4-36-21-5 = 0.5,4-26-27-4 = 0.5,4-15-23-29-4 = 0.25,4-25-34-27-4 = 0.25
131,94,601.261,6.0,0.083,-1.5,133,134,4-19-4 = 0.625,4-23-20-19-4 = 0.25,4-25-33-34-4 = 0.125,4-25-33-34-30-4 = 0.75,6-11-17-13-6 = 0.75,6-14-38-12-6 = 0.5,6-14-32-17-6 = 0.25,6-14-32-11-6 = 0.25,6-32-16-38-12-6 = 0.25,6-10-18-6 = 1.0,6-35-28-16-29-4 = 0.75,6-35-28-32-13-6 = 0.25,5-22-37-5 = 1.0,5-9-31-24-5 = 0.5,5-9-31-24-6 = 0.5,4-34-29-38-12-6 = 0.125,4-15-30-19-4 = 0.125,4-15-33-38-12-6 = 0.125,4-36-21-4 = 0.5,4-36-21-5 = 0.5,4-26-27-4 = 1.0,4-15-23-20-4 = 0.625,4-15-23-29-4 = 0.125,4-25-20-30-4 = 0.125
134,131,602.118,0.0,0.857,-6.0,Integer,,4-25-33-34-4 = 1.0,6-11-17-13-6 = 1.0,6-32-23-20-4 = 1.0,6-10-18-6 = 1.0,6-35-28-16-29-4 = 1.0,5-22-37-5 = 1.0,5-9-31-24-6 = 1.0,4-15-30-19-4 = 1.0,4-36-21-5 = 1.0,4-26-27-4 = 1.0,4-14-38-12-6 = 1.0
92,80,601.415,6.667,1.085,1.0,135,136,5-9-5 = 0.167,6-10-6 = 0.333,6-18-6 = 1.0,6-32-28-20-30-4 = 0.667,6-35-16-38-12-6 = 0.333,4-25-14-12-6 = 0.333,4-25-33-34-19-4 = 0.667,6-11-17-13-6 = 0.667,6-14-38-29-4 = 0.333,6-14-32-17-6 = 0.333,6-10-11-13-6 = 0.333,6-10-31-24-6 = 0.333,6-35-28-16-29-4 = 0.333,6-35-23-30-4 = 0.333,5-22-21-5 = 0.167,5-22-37-5 = 0.833,5-9-21-37-5 = 0.167,5-9-31-24-6 = 0.667,4-34-20-23-16-6 = 0.333,4-15-33-38-12-6 = 0.333,4-36-21-5 = 0.667,4-36-15-19-4 = 0.333,4-26-27-4 = 1.0,4-15-23-29-4 = 0.333
135,92,607.994,0.0,6.579,0.0,Prune by CG,,5-9-5 = 0.193,6-10-6 = 0.487,6-18-6 = 1.0,6-32-28-20-30-4 = 0.583,4-25-14-32-6 = 0.167,4-25-33-23-16-6 = 0.13,4-25-33-34-19-4 = 0.703,6-11-17-13-6 = 0.917,6-14-38-12-6 = 0.833,6-10-31-24-6 = 0.513,6-35-28-32-13-6 = 0.083,6-35-23-30-4 = 0.417,6-35-32-17-6 = 0.083,6-35-32-11-6 = 0.083,5-22-36-21-5 = 0.32,5-22-37-5 = 0.68,5-9-21-37-5 = 0.32,5-9-31-24-6 = 0.487,4-34-20-23-16-6 = 0.05,4-15-34-27-4 = 0.127,4-15-36-26-4 = 0.127,4-15-33-38-12-6 = 0.167,4-36-21-5 = 0.36,4-36-15-19-4 = 0.193,4-26-27-4 = 0.873,4-15-23-29-4 = 0.283,4-34-23-16-29-4 = 0.12,4-35-28-16-29-4 = 0.333,4-20-16-29-4 = 0.137,4-20-16-29-5 = 0.127,4-15-20-16-19-4 = 0.103
136,92,602.698,0.0,1.283,0.0,Prune by CG,,5-9-5 = 0.077,6-10-6 = 0.462,6-18-6 = 1.0,6-32-28-20-30-4 = 0.462,6-35-16-38-12-6 = 0.385,4-25-14-32-6 = 0.385,4-25-33-34-19-4 = 0.615,6-11-17-13-6 = 0.846,6-14-38-12-6 = 0.231,6-14-32-17-6 = 0.154,6-14-33-34-30-4 = 0.231,6-10-11-13-6 = 0.154,6-10-31-24-6 = 0.154,6-10-23-30-19-4 = 0.231,6-35-28-16-29-4 = 0.538,6-35-23-30-4 = 0.077,5-22-36-21-5 = 0.077,5-22-37-5 = 0.923,5-9-21-37-5 = 0.077,5-9-31-24-6 = 0.846,4-34-29-38-12-6 = 0.154,4-15-20-19-4 = 0.077,4-15-33-38-12-6 = 0.154,4-36-21-5 = 0.846,4-36-15-19-4 = 0.077,4-26-27-4 = 1.0,4-15-23-20-4 = 0.462,4-15-23-29-4 = 0.231,6-16-29-38-12-6 = 0.077
117,116,601.563,5.5,0.394,0.167,137,138,6-18-6 = 0.25,4-25-33-34-4 = 0.5,4-25-33-34-19-4 = 0.5,6-11-17-13-6 = 0.75,6-14-32-17-6 = 0.25,6-14-32-11-6 = 0.25,6-10-18-6 = 1.0,6-35-28-32-6 = 0.25,6-35-28-16-29-4 = 0.5,6-35-28-32-13-6 = 0.25,6-14-38-12-4 = 0.5,5-22-37-5 = 1.0,5-9-31-24-6 = 1.0,4-15-20-30-4 = 0.5,4-36-21-5 = 1.0,4-26-27-4 = 1.0,4-15-23-29-4 = 0.5,4-20-30-19-4 = 0.5,4-23-16-38-12-4 = 0.5
137,117,604.173,0.0,2.61,0.0,Prune by CG,,6-18-6 = 0.389,4-23-20-19-4 = 0.111,4-25-33-34-30-4 = 0.222,4-25-33-34-19-4 = 0.778,6-11-17-13-6 = 0.833,6-14-32-17-6 = 0.167,6-14-32-11-6 = 0.167,6-32-23-29-4 = 0.333,6-10-18-6 = 1.0,6-35-28-32-6 = 0.167,6-35-28-32-13-6 = 0.167,6-14-38-12-4 = 0.667,5-22-37-5 = 1.0,5-9-31-24-6 = 1.0,4-15-20-30-4 = 0.667,4-15-30-19-4 = 0.111,4-36-21-5 = 1.0,4-26-27-4 = 1.0,4-15-23-20-4 = 0.222,4-35-28-16-29-4 = 0.667,4-23-16-38-12-4 = 0.333
138,117,602.755,0.0,1.192,0.0,Prune by CG,,6-18-6 = 0.389,4-23-20-19-4 = 0.444,4-25-33-34-30-4 = 0.556,4-25-33-34-19-4 = 0.444,6-11-17-13-6 = 0.833,6-14-32-17-6 = 0.167,6-14-32-11-6 = 0.167,6-10-18-6 = 1.0,6-35-28-32-6 = 0.167,6-35-28-16-29-4 = 0.667,6-35-28-32-13-6 = 0.167,6-32-16-38-12-4 = 0.333,5-22-37-5 = 1.0,5-9-31-24-6 = 1.0,4-15-20-30-4 = 0.333,4-15-30-19-4 = 0.111,4-36-21-5 = 1.0,4-26-27-4 = 1.0,4-15-23-20-4 = 0.222,4-15-23-29-4 = 0.333,4-14-38-12-4 = 0.667
133,131,601.575,6.571,0.314,0.571,139,140,4-19-4 = 0.429,4-23-20-19-4 = 0.429,4-25-33-34-4 = 0.429,4-25-33-34-30-4 = 0.571,6-11-17-13-6 = 0.714,6-14-38-12-6 = 0.714,6-14-32-17-6 = 0.143,6-14-32-11-6 = 0.143,6-32-16-38-12-6 = 0.286,6-10-18-6 = 1.0,6-35-28-16-29-4 = 0.571,6-35-28-32-13-6 = 0.286,6-32-11-17-6 = 0.143,5-22-37-5 = 1.0,5-9-31-24-5 = 0.429,5-9-31-24-6 = 0.571,4-15-20-30-4 = 0.286,4-15-30-19-4 = 0.143,4-36-21-4 = 0.429,4-36-21-5 = 0.571,4-26-27-4 = 1.0,4-15-23-20-4 = 0.286,4-15-23-29-4 = 0.286,4-35-28-16-29-4 = 0.143
139,133,608.748,0.0,7.173,0.0,Prune by CG,,4-25-33-34-4 = 1.0,6-11-17-13-6 = 1.0,6-14-38-12-6 = 1.0,6-10-18-6 = 1.0,5-22-37-5 = 1.0,5-9-31-24-5 = 1.0,4-36-21-4 = 1.0,4-26-27-4 = 1.0,4-15-23-29-4 = 1.0,4-20-30-19-4 = 1.0,6-35-28-32-16-6 = 1.0
140,133,603.313,0.0,1.738,0.0,Prune by CG,,4-25-33-34-4 = 1.0,6-11-17-13-6 = 1.0,6-14-38-12-6 = 1.0,6-32-23-20-4 = 1.0,6-10-18-6 = 1.0,5-22-37-5 = 1.0,5-9-31-24-6 = 1.0,4-15-30-19-4 = 1.0,4-36-21-5 = 1.0,4-26-27-4 = 1.0,4-35-28-16-29-4 = 1.0
115,90,601.895,4.923,1.093,-1.077,141,142,5-9-5 = 1.0,4-26-4 = 0.154,4-23-20-19-4 = 0.615,4-25-14-12-4 = 0.154,4-25-33-34-4 = 0.154,4-25-33-34-30-4 = 0.462,4-25-33-34-19-4 = 0.077,6-11-17-13-6 = 0.692,6-14-38-29-4 = 0.154,6-14-32-17-6 = 0.308,6-14-32-11-6 = 0.308,6-10-18-6 = 1.0,6-35-28-16-29-4 = 0.692,6-35-28-32-13-6 = 0.308,6-14-38-12-4 = 0.077,6-32-16-38-12-4 = 0.077,5-22-37-5 = 1.0,4-34-29-38-12-4 = 0.154,4-15-20-30-4 = 0.231,4-15-30-19-4 = 0.308,4-15-33-38-12-4 = 0.308,4-36-21-5 = 1.0,4-26-27-4 = 0.846,4-15-23-20-4 = 0.154,4-25-34-27-4 = 0.154,5-31-24-6 = 1.0,4-23-16-38-12-4 = 0.231
141,115,602.894,0.0,0.999,0.0,Prune by CG,,5-9-5 = 1.0,6-18-6 = 0.333,4-23-20-19-4 = 0.5,4-25-33-34-4 = 0.5,4-25-33-34-30-4 = 0.167,4-25-33-34-19-4 = 0.167,6-11-17-13-6 = 0.667,6-14-32-17-6 = 0.333,6-14-32-11-6 = 0.333,6-10-18-6 = 1.0,6-35-28-16-29-4 = 0.667,6-35-28-32-13-6 = 0.333,6-14-38-12-4 = 0.333,5-22-37-5 = 1.0,4-34-29-38-12-4 = 0.167,4-15-20-30-4 = 0.333,4-15-30-19-4 = 0.333,4-15-33-38-12-4 = 0.167,4-36-21-5 = 1.0,4-26-27-4 = 1.0,4-15-23-29-4 = 0.167,4-25-20-30-4 = 0.167,5-31-24-6 = 1.0,4-23-16-38-12-4 = 0.333
142,115,603.816,0.0,1.921,0.0,Prune by CG,,5-9-5 = 1.0,4-23-20-19-4 = 0.4,4-25-33-34-30-4 = 0.4,4-25-33-34-19-4 = 0.6,6-11-17-13-6 = 0.8,6-14-32-17-6 = 0.2,6-14-32-11-6 = 0.2,6-10-31-24-6 = 0.4,6-10-18-6 = 0.4,6-35-28-16-29-4 = 0.2,6-35-28-32-13-6 = 0.2,6-35-28-32-10-6 = 0.2,6-14-38-12-4 = 0.2,6-32-16-38-12-4 = 0.2,5-31-24-18-6 = 0.6,5-22-37-5 = 1.0,4-15-20-30-4 = 0.6,4-36-21-5 = 1.0,4-26-27-4 = 1.0,4-15-23-29-4 = 0.4,4-14-38-12-4 = 0.4,4-23-16-38-12-4 = 0.2,5-35-28-16-29-4 = 0.4
93,89,601.547,6.333,1.15,1.0,143,144,5-9-5 = 0.667,4-26-4 = 0.667,4-27-4 = 0.5,4-23-20-19-4 = 0.5,4-25-33-34-4 = 0.5,4-25-33-34-30-4 = 0.333,6-11-17-13-6 = 0.833,6-14-38-12-6 = 0.667,6-14-32-17-6 = 0.167,6-14-32-11-6 = 0.167,6-32-16-38-12-6 = 0.167,6-32-23-29-4 = 0.167,6-32-23-20-4 = 0.167,6-10-18-6 = 1.0,6-35-28-16-29-4 = 0.833,6-35-28-32-13-6 = 0.167,5-22-37-5 = 1.0,5-9-31-24-6 = 0.333,4-15-20-30-4 = 0.167,4-15-30-19-4 = 0.5,4-15-33-38-12-6 = 0.167,4-36-21-5 = 1.0,4-26-27-4 = 0.333,4-15-23-20-4 = 0.167,4-25-34-27-4 = 0.167,5-31-24-6 = 0.667
144,93,602.239,0.0,0.692,0.0,Prune by CG,,6-18-6 = 0.625,4-26-4 = 0.5,4-27-4 = 0.5,4-23-20-19-4 = 0.5,4-25-33-34-4 = 0.75,4-25-33-34-30-4 = 0.25,6-11-17-13-6 = 0.875,6-14-38-12-6 = 0.75,6-14-32-17-6 = 0.125,6-14-32-11-6 = 0.125,6-32-16-38-12-6 = 0.25,6-32-23-29-4 = 0.25,6-10-18-6 = 1.0,6-35-28-32-6 = 0.125,6-35-28-16-29-4 = 0.75,6-35-28-32-13-6 = 0.125,5-22-37-5 = 1.0,5-9-31-24-6 = 1.0,4-15-20-30-4 = 0.25,4-15-30-19-4 = 0.5,4-36-21-5 = 1.0,4-26-27-4 = 0.5,4-15-23-20-4 = 0.25
113,112,601.786,4.935,0.967,-0.065,145,146,5-9-5 = 0.935,6-18-6 = 0.545,6-32-28-20-30-4 = 0.183,4-25-33-34-19-4 = 0.699,6-11-17-13-6 = 0.864,6-14-38-12-6 = 0.591,6-14-32-17-6 = 0.136,6-14-32-11-6 = 0.136,6-14-32-13-6 = 0.136,6-32-23-20-4 = 0.204,6-32-23-20-5 = 0.129,6-10-18-6 = 1.0,6-35-28-16-29-4 = 0.742,6-35-23-30-4 = 0.258,6-32-28-16-38-12-6 = 0.075,5-21-37-5 = 0.065,5-22-21-5 = 0.065,5-22-37-5 = 0.935,5-9-31-24-6 = 0.065,4-34-29-38-12-6 = 0.032,4-34-20-23-16-6 = 0.183,4-15-34-27-4 = 0.086,4-15-30-19-4 = 0.258,4-15-36-26-4 = 0.086,4-15-33-38-12-6 = 0.301,4-36-21-5 = 0.871,4-36-15-19-4 = 0.043,4-26-27-4 = 0.914,4-15-23-29-4 = 0.226,4-25-20-30-4 = 0.301,5-31-24-6 = 0.935
145,113,605.236,0.0,3.45,0.0,Prune by CG,,5-9-5 = 1.0,6-18-6 = 0.5,6-32-28-20-30-4 = 0.312,4-25-14-12-6 = 0.312,4-25-14-16-6 = 0.062,4-25-33-34-19-4 = 0.625,6-11-17-13-6 = 1.0,6-14-38-12-6 = 0.312,6-14-38-29-4 = 0.125,6-14-38-29-6 = 0.188,6-32-23-20-4 = 0.312,6-10-18-6 = 1.0,6-35-28-16-29-4 = 0.438,6-35-23-30-4 = 0.438,6-32-28-16-29-4 = 0.25,5-22-37-5 = 1.0,4-34-20-23-16-6 = 0.25,4-15-34-27-4 = 0.125,4-15-30-19-4 = 0.25,4-15-19-21-5 = 0.125,4-15-36-26-4 = 0.125,4-15-33-38-12-6 = 0.375,4-36-21-5 = 0.875,4-26-27-4 = 0.875,5-31-24-6 = 1.0,6-35-32-20-4 = 0.125
146,113,603.418,0.0,1.632,0.0,Prune by CG,,5-9-5 = 0.829,6-18-6 = 0.648,4-23-20-19-4 = 0.229,4-25-33-34-30-4 = 0.2,4-25-33-34-19-4 = 0.486,6-11-17-13-6 = 0.838,6-14-38-12-6 = 0.514,6-14-32-17-6 = 0.162,6-14-32-11-6 = 0.162,6-14-32-13-6 = 0.133,6-32-23-20-5 = 0.343,6-10-18-6 = 1.0,6-35-28-16-29-4 = 0.8,6-35-23-30-4 = 0.2,6-14-32-28-13-6 = 0.029,6-32-28-16-38-12-6 = 0.171,5-21-37-5 = 0.171,5-22-21-5 = 0.114,5-22-36-21-5 = 0.057,5-22-37-5 = 0.829,5-9-31-24-6 = 0.171,4-34-20-23-16-6 = 0.029,4-15-34-27-4 = 0.286,4-15-30-19-4 = 0.2,4-15-33-38-12-6 = 0.314,4-36-21-5 = 0.657,4-36-26-4 = 0.286,4-26-27-4 = 0.714,4-15-23-29-4 = 0.2,4-20-30-19-4 = 0.086,4-25-20-30-4 = 0.314,5-31-24-6 = 0.829
143,93,601.991,5.5,0.444,-0.833,147,148,5-9-5 = 1.0,4-26-4 = 0.5,4-27-4 = 0.5,4-23-20-19-4 = 0.5,4-25-33-34-4 = 0.75,4-25-33-34-30-4 = 0.25,6-11-17-13-6 = 0.875,6-14-38-12-6 = 0.75,6-14-32-17-6 = 0.125,6-14-32-11-6 = 0.125,6-32-16-38-12-6 = 0.25,6-32-23-29-4 = 0.25,6-10-18-6 = 0.875,6-35-28-16-29-4 = 0.75,6-35-28-32-13-6 = 0.125,6-35-28-32-10-6 = 0.125,5-31-24-18-6 = 0.125,5-22-37-5 = 1.0,4-15-20-30-4 = 0.25,4-15-30-19-4 = 0.5,4-36-21-5 = 1.0,4-26-27-4 = 0.5,4-15-23-20-4 = 0.25,5-31-24-6 = 0.875
147,143,603.964,0.0,1.973,0.0,Prune by CG,,5-9-5 = 1.0,6-10-6 = 0.625,6-18-6 = 0.625,4-26-4 = 0.5,4-27-4 = 0.5,4-23-20-19-4 = 0.5,4-25-33-34-4 = 0.75,4-25-33-34-30-4 = 0.25,6-11-17-13-6 = 0.875,6-14-38-12-6 = 0.75,6-14-32-17-6 = 0.125,6-14-32-11-6 = 0.125,6-32-16-38-12-6 = 0.25,6-32-23-20-4 = 0.25,6-10-18-6 = 0.375,6-35-28-32-6 = 0.125,6-35-28-16-29-4 = 0.75,6-35-28-32-13-6 = 0.125,5-22-37-5 = 1.0,4-15-20-30-4 = 0.25,4-15-30-19-4 = 0.5,4-36-21-5 = 1.0,4-26-27-4 = 0.5,4-15-23-29-4 = 0.25,5-31-24-6 = 1.0
148,143,602.468,0.0,0.477,0.0,Prune by CG,,5-9-5 = 1.0,4-26-4 = 0.333,4-27-4 = 0.333,4-23-20-19-4 = 0.667,4-25-33-34-4 = 0.667,4-25-33-34-30-4 = 0.333,6-11-17-13-6 = 0.833,6-14-38-12-6 = 0.667,6-14-32-17-6 = 0.167,6-14-32-11-6 = 0.167,6-32-16-38-12-6 = 0.333,6-10-18-6 = 0.833,6-35-28-16-29-4 = 0.667,6-35-28-32-13-6 = 0.167,6-35-28-32-10-6 = 0.167,5-31-24-5 = 0.333,5-31-24-18-6 = 0.167,5-22-37-5 = 1.0,4-15-20-30-4 = 0.333,4-15-30-19-4 = 0.333,4-36-21-4 = 0.333,4-36-21-5 = 0.667,4-26-27-4 = 0.667,4-15-23-29-4 = 0.333,5-31-24-6 = 0.5
73,69,601.867,4.714,2.421,0.429,149,150,6-18-6 = 0.429,4-25-33-34-30-4 = 0.714,6-11-17-13-6 = 0.714,6-14-38-12-6 = 0.429,6-14-32-17-6 = 0.286,6-14-32-11-6 = 0.286,6-32-23-20-4 = 0.143,6-10-18-6 = 1.0,6-35-28-16-29-4 = 0.714,6-35-28-32-13-6 = 0.286,5-22-37-5 = 1.0,5-9-31-24-6 = 1.0,4-15-19-4 = 0.286,4-15-33-38-12-6 = 0.286,4-36-21-5 = 1.0,4-26-27-4 = 1.0,4-15-23-20-4 = 0.429,4-25-34-30-19-4 = 0.286,6-23-20-19-4 = 0.429,6-16-29-38-12-6 = 0.286
149,73,602.205,0.0,0.339,0.0,Prune by CG,,6-18-6 = 0.5,6-32-28-20-19-4 = 0.318,6-35-20-19-4 = 0.045,6-35-16-38-12-6 = 0.273,4-25-33-30-19-4 = 0.091,4-25-33-34-30-4 = 0.909,6-11-17-13-6 = 0.773,6-14-38-12-6 = 0.545,6-14-32-17-6 = 0.227,6-14-32-11-6 = 0.227,6-10-31-24-6 = 0.045,6-10-18-6 = 0.955,6-35-28-16-29-4 = 0.455,6-35-28-32-13-6 = 0.227,5-22-21-5 = 0.045,5-22-37-5 = 0.955,5-9-21-37-5 = 0.045,5-9-31-24-6 = 0.955,4-34-20-23-16-6 = 0.091,4-15-20-23-5 = 0.045,4-15-19-4 = 0.227,4-36-21-5 = 0.909,4-36-15-19-4 = 0.091,4-26-27-4 = 1.0,4-15-23-20-4 = 0.273,4-15-23-29-4 = 0.364,6-23-20-19-4 = 0.227,6-16-29-38-12-6 = 0.182
150,73,606.951,0.0,5.084,0.0,Prune by CG,,6-18-6 = 0.889,4-25-33-34-30-4 = 0.333,6-11-17-13-6 = 0.778,6-14-32-17-6 = 0.222,6-14-32-11-6 = 0.222,6-14-32-13-6 = 0.222,6-32-23-20-4 = 0.333,6-10-31-24-6 = 0.333,6-10-18-6 = 0.667,6-35-28-16-29-4 = 1.0,5-22-36-21-5 = 0.333,5-22-37-5 = 0.667,5-9-31-24-6 = 0.667,5-9-37-5 = 0.333,4-15-33-38-12-6 = 0.667,4-36-21-5 = 0.667,4-26-27-4 = 1.0,4-15-23-20-4 = 0.333,4-14-38-12-6 = 0.333,4-25-34-30-19-4 = 0.667,6-23-20-19-4 = 0.333
123,45,601.893,7.273,0.452,0.439,151,152,5-9-5 = 0.273,6-18-6 = 0.121,4-23-20-19-4 = 0.182,4-25-14-12-6 = 0.273,4-25-33-34-30-4 = 0.03,4-25-33-34-19-4 = 0.697,6-11-17-13-6 = 0.788,6-14-38-12-6 = 0.03,6-14-38-29-4 = 0.273,6-14-32-17-6 = 0.212,6-14-32-11-6 = 0.212,6-10-24-18-6 = 0.727,6-10-31-24-6 = 0.273,6-35-28-16-29-4 = 0.424,6-35-28-32-13-6 = 0.212,6-35-23-30-4 = 0.273,6-32-28-16-38-12-6 = 0.364,5-22-36-21-5 = 0.576,5-22-37-5 = 0.424,5-9-31-37-5 = 0.576,4-34-29-38-12-6 = 0.061,4-34-20-23-16-6 = 0.212,4-15-20-30-4 = 0.485,4-15-33-38-12-6 = 0.273,4-36-21-4 = 0.182,4-36-21-5 = 0.242,4-26-27-4 = 1.0,4-15-23-29-4 = 0.242,4-20-30-19-4 = 0.121,5-9-31-18-6 = 0.152,5-35-23-30-4 = 0.091
151,123,606.645,0.0,4.752,0.0,Prune by CG,,5-9-5 = 0.212,5-31-5 = 0.212,4-23-20-19-4 = 0.273,4-25-14-12-6 = 0.273,4-25-33-34-30-4 = 0.03,4-25-33-34-19-4 = 0.697,6-11-17-13-6 = 0.788,6-14-38-12-6 = 0.03,6-14-38-29-4 = 0.273,6-14-32-17-6 = 0.212,6-14-32-11-6 = 0.212,6-10-24-18-6 = 0.667,6-10-18-24-5 = 0.333,6-35-28-32-13-6 = 0.212,6-32-28-16-38-12-6 = 0.364,5-22-36-21-5 = 0.667,5-22-37-5 = 0.333,5-9-31-5 = 0.121,5-9-31-37-5 = 0.667,4-34-29-38-12-6 = 0.061,4-15-20-23-5 = 0.121,4-15-20-30-4 = 0.576,4-15-33-38-12-6 = 0.273,4-36-21-5 = 0.333,4-26-27-4 = 1.0,4-15-23-29-4 = 0.03,4-34-23-16-29-4 = 0.212,4-20-30-19-4 = 0.03,5-35-23-30-4 = 0.364,5-35-28-16-29-4 = 0.424
152,123,601.953,7.212,0.06,-0.061,153,154,5-9-5 = 0.182,4-36-4 = 0.061,4-23-20-19-4 = 0.182,4-25-14-12-6 = 0.273,4-25-33-34-30-4 = 0.03,4-25-33-34-19-4 = 0.697,6-11-17-13-6 = 0.788,6-14-38-12-6 = 0.03,6-14-38-29-4 = 0.273,6-14-32-17-6 = 0.212,6-14-32-11-6 = 0.212,6-10-24-18-6 = 0.758,6-10-31-24-6 = 0.242,6-35-28-16-29-4 = 0.424,6-35-28-32-13-6 = 0.212,6-35-23-30-4 = 0.364,6-32-28-16-38-12-6 = 0.364,5-22-36-21-5 = 0.576,5-22-37-5 = 0.424,5-9-21-37-5 = 0.061,5-9-31-37-5 = 0.515,4-34-29-38-12-6 = 0.061,4-34-20-23-16-6 = 0.212,4-15-20-30-4 = 0.485,4-15-33-38-12-6 = 0.273,4-36-21-4 = 0.121,4-36-21-5 = 0.242,4-26-27-4 = 1.0,4-15-23-29-4 = 0.242,4-20-30-19-4 = 0.121,5-9-31-18-6 = 0.242
154,152,616.643,0.0,14.69,0.0,Prune by CG,,4-23-20-19-4 = 0.5,4-25-14-12-6 = 0.3,4-25-33-30-19-4 = 0.5,6-11-17-13-6 = 0.7,6-14-38-29-4 = 0.3,6-14-32-17-6 = 0.1,6-14-32-11-6 = 0.3,6-32-17-18-6 = 0.2,6-10-24-18-6 = 0.4,6-10-24-18-13-6 = 0.3,6-35-28-16-29-4 = 0.5,6-35-23-30-4 = 0.1,6-35-28-32-10-24-6 = 0.3,6-32-28-16-38-12-6 = 0.1,5-22-36-21-5 = 1.0,5-9-31-37-5 = 1.0,4-15-33-38-12-6 = 0.5,4-15-23-20-4 = 0.3,4-15-30-16-29-4 = 0.2,4-25-20-30-4 = 0.2,4-23-16-38-12-6 = 0.1,6-35-28-16-18-6 = 0.1,4-26-34-27-4 = 1.0
153,152,601.971,7.606,0.018,0.394,155,156,5-9-5 = 0.182,6-18-6 = 0.121,4-36-4 = 0.182,4-23-20-19-4 = 0.182,4-25-14-12-6 = 0.273,4-25-33-34-30-4 = 0.03,4-25-33-34-19-4 = 0.697,6-11-17-13-6 = 0.788,6-14-38-12-6 = 0.03,6-14-38-29-4 = 0.273,6-14-32-17-6 = 0.212,6-14-32-11-6 = 0.212,6-10-24-18-6 = 0.636,6-10-31-24-6 = 0.364,6-35-28-16-29-4 = 0.424,6-35-28-32-13-6 = 0.212,6-35-23-30-4 = 0.364,6-32-28-16-38-12-6 = 0.364,5-22-36-21-5 = 0.576,5-22-37-5 = 0.424,5-9-21-37-5 = 0.182,5-9-31-37-5 = 0.394,4-34-29-38-12-6 = 0.061,4-34-20-23-16-6 = 0.212,4-15-20-30-4 = 0.485,4-15-33-38-12-6 = 0.273,4-36-21-5 = 0.242,4-26-27-4 = 1.0,4-15-23-29-4 = 0.242,4-20-30-19-4 = 0.121,5-9-31-18-6 = 0.242
155,153,602.553,0.0,0.582,0.0,Prune by CG,,4-23-20-19-4 = 0.5,6-35-16-38-12-6 = 0.25,4-25-33-34-30-4 = 0.5,4-25-33-34-19-4 = 0.5,6-11-17-13-6 = 0.75,6-14-38-12-6 = 0.5,6-14-32-17-6 = 0.25,6-14-32-11-6 = 0.25,6-10-24-18-6 = 0.5,6-10-31-24-6 = 0.5,6-35-28-16-29-4 = 0.5,6-35-28-32-13-6 = 0.25,6-32-28-16-38-12-6 = 0.25,5-22-36-21-5 = 0.5,5-22-37-5 = 0.5,5-9-37-5 = 0.5,4-15-20-30-4 = 0.5,4-36-21-5 = 0.5,4-26-27-4 = 1.0,4-15-23-29-4 = 0.5,5-9-31-18-6 = 0.5
156,153,605.828,0.0,3.857,0.0,Prune by CG,,5-9-5 = 0.2,6-18-6 = 0.4,4-25-14-12-6 = 0.2,4-25-33-34-19-4 = 0.4,6-11-17-13-6 = 0.8,6-14-38-12-6 = 0.2,6-14-38-29-4 = 0.2,6-14-32-17-6 = 0.2,6-14-32-11-6 = 0.2,6-10-24-18-6 = 0.6,6-10-31-24-6 = 0.4,6-35-28-16-29-4 = 0.4,6-35-28-32-13-6 = 0.2,6-35-23-30-4 = 0.4,6-32-28-16-29-4 = 0.4,5-22-36-21-5 = 0.8,5-22-37-5 = 0.2,5-9-21-37-5 = 0.2,5-9-31-37-5 = 0.6,4-34-20-23-16-6 = 0.2,4-15-20-23-6 = 0.4,4-15-33-38-12-6 = 0.6,4-36-26-4 = 0.2,4-26-27-4 = 0.8,4-20-30-19-4 = 0.4,4-25-34-27-4 = 0.2,4-25-34-30-19-4 = 0.2
86,77,602.308,6.4,2.552,-1.529,Prune by UB,,4-23-20-19-4 = 0.2,4-25-14-32-6 = 0.6,4-25-33-30-19-4 = 0.2,4-25-33-34-19-4 = 0.2,6-11-17-13-6 = 1.0,6-14-33-34-19-4 = 0.4,6-10-31-37-5 = 0.1,6-10-18-6 = 0.9,6-35-28-16-29-4 = 0.6,6-35-23-30-4 = 0.4,6-32-28-16-38-12-6 = 0.4,6-31-24-18-6 = 0.1,5-22-36-21-5 = 0.6,5-22-37-5 = 0.4,5-9-21-37-5 = 0.2,5-9-31-24-5 = 0.2,5-9-31-24-6 = 0.6,4-34-29-38-12-6 = 0.4,4-15-20-30-4 = 0.4,4-15-33-38-12-4 = 0.2,4-36-21-5 = 0.2,4-26-27-4 = 1.0,4-15-23-20-4 = 0.4,4-36-37-5 = 0.2,6-24-37-5 = 0.1
84,60,602.298,4.471,2.607,-0.529,Prune by UB,,5-9-5 = 0.882,5-37-5 = 0.059,6-35-20-19-4 = 0.118,4-25-33-34-19-4 = 0.824,6-11-17-13-6 = 1.0,6-14-38-12-6 = 1.0,6-10-18-6 = 0.412,6-35-23-30-4 = 0.471,6-35-28-32-10-24-5 = 0.176,6-32-28-16-29-4 = 0.824,5-21-37-5 = 0.059,5-31-24-18-6 = 0.412,5-22-36-21-5 = 0.118,5-22-37-5 = 0.882,5-9-31-24-6 = 0.118,4-34-20-23-16-6 = 0.176,4-15-20-23-6 = 0.176,4-15-20-30-4 = 0.529,4-36-21-5 = 0.824,4-36-15-19-4 = 0.059,4-26-27-4 = 1.0,4-15-23-29-4 = 0.176,5-31-24-6 = 0.294,5-31-10-18-6 = 0.176,4-15-35-10-6 = 0.059,4-25-33-35-10-6 = 0.176
100,56,602.406,4.745,2.036,-0.973,Prune by UB,,5-9-5 = 1.0,6-18-6 = 0.574,4-26-4 = 0.021,6-32-28-20-30-4 = 0.149,6-35-20-19-4 = 0.574,4-25-14-32-6 = 0.383,4-25-33-34-30-4 = 0.617,6-11-17-13-6 = 1.0,6-14-38-12-6 = 0.383,6-14-33-34-19-4 = 0.234,6-10-31-24-6 = 0.021,6-10-18-6 = 0.979,6-35-28-16-29-4 = 0.383,6-35-23-30-4 = 0.043,6-32-28-16-38-12-6 = 0.468,5-21-37-5 = 0.021,5-31-24-5 = 0.021,5-22-21-5 = 0.021,5-22-37-5 = 0.979,4-34-20-23-16-6 = 0.085,4-15-34-27-4 = 0.064,4-15-36-26-4 = 0.043,4-15-33-38-12-6 = 0.149,4-36-21-5 = 0.957,4-26-27-4 = 0.936,4-15-23-29-4 = 0.553,4-15-30-16-29-4 = 0.064,5-31-24-6 = 0.957,6-23-20-19-4 = 0.191,4-15-23-30-4 = 0.128
79,72,602.396,6.0,3.009,0.0,Prune by UB,,6-32-28-20-30-4 = 0.5,4-25-33-34-4 = 0.5,4-25-33-34-19-4 = 0.5,6-11-17-13-6 = 0.5,6-11-13-6 = 0.5,6-14-38-12-6 = 0.5,6-14-32-17-6 = 0.5,6-10-18-6 = 1.0,6-35-28-16-29-4 = 0.5,6-35-23-30-4 = 0.5,5-22-37-5 = 1.0,5-9-31-24-6 = 1.0,4-15-20-23-6 = 0.5,4-15-19-4 = 0.5,4-36-21-5 = 1.0,4-26-27-4 = 1.0,6-16-29-38-12-6 = 0.5
126,106,602.495,2.333,0.974,0.0,Prune by UB,,4-15-4 = 0.333,4-25-33-34-4 = 0.333,4-25-33-34-19-4 = 0.667,6-11-17-13-6 = 1.0,6-14-38-12-6 = 1.0,6-10-18-6 = 1.0,6-32-28-16-29-4 = 1.0,5-22-37-5 = 1.0,5-9-31-24-6 = 1.0,4-15-20-30-4 = 0.333,4-36-21-5 = 1.0,4-26-27-4 = 1.0,4-15-23-20-4 = 0.333,4-35-23-30-4 = 0.667,4-35-20-19-4 = 0.333
105,96,602.428,4.889,1.703,1.889,Prune by UB,,4-19-4 = 0.667,6-35-16-38-12-6 = 0.222,4-25-14-12-6 = 0.111,4-25-33-34-4 = 0.556,4-25-33-34-19-4 = 0.333,6-11-17-13-6 = 0.778,6-14-38-12-6 = 0.556,6-14-38-29-4 = 0.111,6-10-18-6 = 1.0,6-35-23-30-4 = 0.556,6-32-28-16-29-4 = 0.556,6-35-32-11-6 = 0.222,5-22-37-5 = 1.0,5-9-31-24-6 = 1.0,4-34-20-29-4 = 0.111,4-15-20-30-4 = 0.444,4-15-33-38-12-6 = 0.111,4-36-21-5 = 1.0,4-26-27-4 = 1.0,4-15-23-20-4 = 0.444,4-14-28-16-29-4 = 0.222,6-28-32-17-13-6 = 0.222
51,41,602.412,6.444,4.495,2.044,Prune by UB,,5-9-5 = 1.0,5-22-5 = 0.444,5-37-5 = 0.889,4-23-20-19-4 = 0.222,4-25-14-32-6 = 0.222,4-25-33-34-19-4 = 0.778,6-11-17-13-6 = 0.889,6-14-38-12-6 = 0.556,6-14-32-17-6 = 0.111,6-14-32-11-6 = 0.111,6-10-18-6 = 1.0,6-35-28-16-29-4 = 0.444,6-35-28-32-13-6 = 0.111,6-35-23-30-4 = 0.333,6-32-28-16-29-4 = 0.333,6-32-28-16-38-12-6 = 0.111,5-31-24-5 = 0.556,5-22-36-21-5 = 0.444,5-22-37-5 = 0.111,4-34-29-38-12-6 = 0.111,4-34-20-23-16-6 = 0.111,4-15-20-30-4 = 0.556,4-15-33-38-12-6 = 0.222,4-36-21-5 = 0.556,4-26-27-4 = 1.0,4-15-23-20-4 = 0.111,4-15-23-29-4 = 0.111,5-31-24-6 = 0.444,5-35-23-30-4 = 0.111
57,55,602.444,6.0,4.091,2.286,Prune by UB,,5-9-5 = 0.75,6-18-6 = 0.667,5-37-5 = 0.25,6-35-16-29-4 = 0.167,4-25-33-30-19-4 = 0.25,4-25-33-34-30-4 = 0.25,4-25-33-34-19-4 = 0.5,6-11-17-13-6 = 0.833,6-14-38-12-6 = 1.0,6-10-18-6 = 1.0,6-35-28-16-29-4 = 0.333,6-35-28-32-13-6 = 0.167,6-32-28-16-29-4 = 0.5,6-35-32-17-6 = 0.167,6-35-32-11-6 = 0.167,5-22-36-21-5 = 0.25,5-22-37-5 = 0.75,5-9-31-24-6 = 0.25,4-15-20-23-5 = 0.25,4-15-20-30-4 = 0.25,4-36-21-5 = 0.75,4-26-27-4 = 1.0,4-15-23-20-4 = 0.5,4-34-23-30-19-4 = 0.25,5-31-24-6 = 0.75
88,74,602.848,2.889,2.699,0.289,Prune by UB,,6-18-6 = 0.444,4-25-33-34-19-4 = 1.0,6-11-17-13-6 = 0.889,6-14-38-12-6 = 0.778,6-14-32-17-6 = 0.111,6-14-32-11-6 = 0.111,6-32-23-20-4 = 0.333,6-10-18-6 = 1.0,6-35-28-16-29-4 = 0.889,6-35-28-32-13-6 = 0.111,5-22-37-5 = 1.0,5-9-31-24-6 = 1.0,4-15-20-30-4 = 0.333,4-36-21-5 = 1.0,4-26-27-4 = 1.0,4-15-30-16-29-4 = 0.111,4-15-30-38-12-6 = 0.222,4-15-23-30-4 = 0.333,6-32-23-20-6 = 0.333
85,77,603.105,6.875,3.349,-1.054,Prune by UB,,4-23-20-19-4 = 0.344,4-25-33-34-30-4 = 0.344,4-25-33-34-19-4 = 0.656,6-11-17-13-6 = 0.875,6-14-38-12-6 = 0.75,6-14-16-38-12-6 = 0.25,6-10-31-37-5 = 0.094,6-10-18-6 = 0.781,6-35-28-16-29-4 = 0.094,6-35-28-16-29-5 = 0.156,6-35-28-32-13-6 = 0.125,6-35-23-30-4 = 0.156,6-35-28-32-16-24-6 = 0.094,6-35-28-32-10-6 = 0.125,6-32-28-16-29-4 = 0.406,6-35-32-17-6 = 0.125,6-35-32-11-6 = 0.125,5-31-24-18-6 = 0.219,5-22-36-21-5 = 0.344,5-22-37-5 = 0.281,5-22-9-31-24-6 = 0.375,5-9-21-37-5 = 0.312,5-9-31-24-6 = 0.313,4-15-20-30-4 = 0.5,4-36-21-5 = 0.344,4-26-27-4 = 1.0,4-15-23-20-4 = 0.156,4-15-23-29-4 = 0.344,4-36-37-5 = 0.312
129,122,603.095,4.0,1.598,-0.333,Prune by UB,,5-9-5 = 0.333,6-18-6 = 0.333,4-25-33-34-19-4 = 1.0,6-11-17-13-6 = 0.917,6-14-38-12-6 = 1.0,6-10-31-24-6 = 0.333,6-10-18-6 = 0.667,6-32-28-16-29-4 = 0.75,5-22-37-5 = 1.0,5-9-31-24-5 = 0.667,4-15-20-23-6 = 0.5,4-15-20-30-4 = 0.5,4-36-21-5 = 1.0,4-26-27-4 = 1.0,5-35-28-32-13-6 = 0.083,5-35-32-17-6 = 0.083,5-35-32-11-6 = 0.083,5-35-23-30-4 = 0.5,5-35-16-29-4 = 0.083,5-35-28-16-29-4 = 0.167
128,101,603.372,7.696,1.971,-0.082,Prune by UB,,5-9-5 = 0.978,5-37-5 = 0.457,4-23-20-19-4 = 0.239,6-32-28-20-30-4 = 0.043,6-35-16-38-12-6 = 0.37,4-25-14-12-6 = 0.152,4-25-33-34-19-4 = 0.739,6-11-17-13-6 = 0.783,6-14-32-17-6 = 0.217,6-14-32-11-6 = 0.217,6-14-32-13-6 = 0.217,6-10-31-24-6 = 0.435,6-10-18-6 = 0.565,6-35-28-16-29-4 = 0.435,6-35-23-30-4 = 0.196,6-14-28-16-29-4 = 0.196,6-32-28-23-30-4 = 0.304,5-31-24-18-6 = 0.435,5-22-36-21-5 = 0.457,5-22-37-5 = 0.543,5-9-31-24-6 = 0.022,4-34-29-38-12-6 = 0.217,4-15-34-38-29-4 = 0.043,4-15-20-23-5 = 0.022,4-15-20-30-4 = 0.435,4-15-33-38-12-6 = 0.261,4-36-21-5 = 0.543,4-26-27-4 = 1.0,4-15-23-20-4 = 0.239,4-25-38-29-4 = 0.109,5-31-24-6 = 0.109,6-28-20-30-19-4 = 0.022
83,60,603.141,6.333,3.449,1.333,Prune by UB,,5-9-5 = 1.0,5-37-5 = 0.333,4-23-20-19-4 = 0.333,4-25-33-34-30-4 = 0.333,4-25-33-34-19-4 = 0.667,6-11-17-13-6 = 0.667,6-14-38-12-6 = 1.0,6-32-17-13-6 = 0.167,6-10-31-24-6 = 0.333,6-10-18-6 = 0.333,6-35-28-16-29-4 = 0.5,6-35-23-30-4 = 0.167,6-35-28-32-10-6 = 0.333,6-32-28-16-29-6 = 0.167,6-32-11-17-6 = 0.167,5-31-24-18-6 = 0.667,5-22-36-21-5 = 0.333,5-22-37-5 = 0.667,4-15-20-30-4 = 0.167,4-36-21-5 = 0.667,4-26-27-4 = 1.0,4-15-23-20-4 = 0.5,4-15-30-16-29-4 = 0.333,6-32-11-13-6 = 0.167
127,101,603.658,6.851,2.257,-0.927,Prune by UB,,5-9-5 = 0.91,5-37-5 = 0.299,6-35-20-19-4 = 0.299,4-33-38-29-4 = 0.149,4-25-14-12-6 = 0.164,4-25-33-34-30-4 = 0.149,4-25-33-34-19-4 = 0.597,6-11-17-13-6 = 0.896,6-14-32-17-6 = 0.104,6-14-32-11-6 = 0.104,6-14-16-29-4 = 0.313,6-14-33-34-19-4 = 0.104,6-10-31-24-6 = 0.209,6-10-18-6 = 0.582,6-35-28-32-13-6 = 0.104,6-35-23-30-4 = 0.388,6-32-28-16-38-12-6 = 0.687,5-31-24-18-6 = 0.418,5-22-36-21-5 = 0.299,5-22-37-5 = 0.701,5-9-31-24-6 = 0.09,4-34-29-38-12-6 = 0.149,4-15-20-23-5 = 0.09,4-15-20-30-4 = 0.388,4-36-21-5 = 0.701,4-26-27-4 = 1.0,4-15-23-20-4 = 0.149,4-15-23-29-4 = 0.373,4-25-38-29-4 = 0.015,4-25-20-30-4 = 0.075,5-31-24-6 = 0.284,6-14-28-35-10-6 = 0.209
78,66,603.467,8.143,3.931,0.532,Prune by UB,,6-32-28-20-30-4 = 0.071,4-25-14-12-4 = 0.214,4-25-14-32-6 = 0.286,4-25-33-34-19-4 = 0.5,6-11-17-13-6 = 0.929,6-14-38-12-6 = 0.143,6-14-38-29-4 = 0.214,6-14-32-17-6 = 0.071,6-14-32-16-24-6 = 0.071,6-32-23-20-4 = 0.071,6-10-11-13-6 = 0.071,6-10-31-37-5 = 0.071,6-10-18-6 = 0.857,6-35-28-16-29-4 = 0.5,6-35-23-30-4 = 0.5,6-32-28-16-29-4 = 0.286,6-32-28-16-38-12-6 = 0.143,5-31-24-18-6 = 0.143,5-22-36-21-5 = 0.429,5-22-37-5 = 0.429,5-22-9-31-24-6 = 0.143,5-9-21-37-5 = 0.214,5-9-31-24-6 = 0.643,4-15-20-23-5 = 0.429,4-15-33-38-12-6 = 0.5,4-36-21-4 = 0.214,4-36-21-5 = 0.143,4-26-27-4 = 0.5,4-20-30-19-4 = 0.429,4-36-37-5 = 0.214,4-15-19-37-5 = 0.071,4-26-34-27-4 = 0.5
132,94,603.63,7.667,2.452,0.167,Prune by UB,,4-26-4 = 0.583,4-27-4 = 0.75,4-23-20-19-4 = 0.667,4-25-33-34-30-4 = 0.583,4-25-33-34-19-4 = 0.167,6-11-17-13-6 = 0.75,6-14-38-12-6 = 0.5,6-14-32-17-6 = 0.25,6-14-32-11-6 = 0.25,6-32-16-38-12-6 = 0.25,6-10-31-24-6 = 0.139,6-10-18-6 = 0.861,6-35-28-16-29-4 = 0.75,6-35-28-32-13-6 = 0.25,5-31-24-18-6 = 0.139,5-22-21-5 = 0.139,5-22-37-5 = 0.722,5-22-9-31-24-5 = 0.139,5-9-21-37-5 = 0.278,5-9-31-24-5 = 0.222,5-9-31-24-6 = 0.361,4-15-20-30-4 = 0.25,4-15-30-19-4 = 0.167,4-15-33-38-12-6 = 0.25,4-36-21-4 = 0.083,4-36-21-5 = 0.5,4-36-26-4 = 0.417,4-15-23-20-4 = 0.083,4-15-23-29-4 = 0.25,4-25-34-27-4 = 0.25
120,109,603.76,3.5,2.455,1.167,Prune by UB,,6-18-6 = 0.25,6-35-29-4 = 0.5,4-25-33-34-19-4 = 1.0,6-11-17-13-6 = 1.0,6-14-38-12-6 = 0.75,6-10-18-6 = 1.0,6-35-23-30-4 = 0.5,6-14-32-28-16-6 = 0.25,6-32-28-16-29-4 = 0.5,6-32-28-16-38-12-6 = 0.25,5-22-37-5 = 1.0,5-9-31-24-6 = 1.0,4-15-20-23-6 = 0.5,4-15-20-30-4 = 0.5,4-36-21-5 = 1.0,4-26-27-4 = 1.0
5,3,604.271,7.517,0.872,-0.033,Prune by UB,,4-23-20-19-4 = 0.31,4-25-14-12-4 = 0.276,4-25-14-32-6 = 0.034,4-25-33-34-30-4 = 0.034,4-25-33-34-19-4 = 0.655,6-11-17-13-6 = 0.793,6-10-24-18-6 = 0.448,6-10-18-6 = 0.552,6-35-28-16-29-4 = 0.448,6-35-28-32-13-6 = 0.207,6-35-23-30-4 = 0.207,6-32-28-16-38-12-4 = 0.345,5-22-36-21-5 = 0.448,5-22-37-5 = 0.552,5-9-31-24-6 = 0.552,5-9-31-37-5 = 0.448,4-34-29-38-12-4 = 0.069,4-15-20-30-4 = 0.586,4-15-33-38-12-4 = 0.31,4-36-21-5 = 0.552,4-26-27-4 = 1.0,4-15-23-20-4 = 0.103,4-34-23-16-29-4 = 0.207,4-14-38-29-4 = 0.276,4-14-32-17-6 = 0.207,4-14-32-11-6 = 0.207,4-34-23-30-19-4 = 0.034,4-35-23-30-4 = 0.138
65,64,604.649,6.016,5.367,-1.257,Prune by UB,,6-32-28-20-30-4 = 0.46,6-35-20-19-4 = 0.159,4-25-14-32-6 = 0.159,4-25-33-34-19-4 = 0.841,6-11-17-13-6 = 0.889,6-14-38-12-6 = 0.714,6-14-32-17-6 = 0.111,6-14-32-11-6 = 0.016,6-10-31-37-5 = 0.095,6-10-18-6 = 0.857,6-35-28-32-13-6 = 0.111,6-35-23-30-4 = 0.206,6-35-28-32-10-6 = 0.048,6-31-24-18-6 = 0.143,6-35-32-11-6 = 0.095,5-22-36-21-5 = 0.667,5-22-37-5 = 0.333,5-9-21-37-5 = 0.238,5-9-31-24-5 = 0.238,5-9-31-24-6 = 0.524,4-34-20-23-16-6 = 0.048,4-15-33-38-12-6 = 0.159,4-36-21-5 = 0.095,4-26-27-4 = 1.0,4-15-23-20-4 = 0.333,4-15-23-29-4 = 0.175,4-34-23-16-29-4 = 0.111,4-35-28-16-29-4 = 0.381,4-36-37-5 = 0.238,4-15-30-16-29-4 = 0.333,4-23-16-38-12-6 = 0.127,6-24-37-5 = 0.095
68,48,603.762,6.25,3.868,3.917,Prune by UB,,4-26-4 = 0.5,4-27-4 = 0.5,6-32-28-20-30-4 = 0.5,6-35-20-19-4 = 0.5,4-25-14-12-6 = 0.25,4-25-14-32-6 = 0.25,4-25-33-34-4 = 0.5,6-11-17-13-6 = 1.0,6-14-38-29-4 = 0.25,6-10-18-6 = 1.0,6-35-23-30-4 = 0.5,6-14-28-16-29-4 = 0.25,6-32-28-16-38-12-6 = 0.25,5-22-37-5 = 1.0,5-9-31-24-6 = 1.0,4-15-19-4 = 0.5,4-15-33-38-12-6 = 0.5,4-36-21-5 = 1.0,4-26-27-4 = 0.5,4-34-23-16-29-4 = 0.5
87,74,604.603,3.455,4.454,0.855,Prune by UB,,6-18-6 = 0.364,6-35-16-38-12-6 = 0.182,4-25-33-34-4 = 0.182,4-25-33-34-19-4 = 0.818,6-11-17-13-6 = 0.909,6-14-38-12-6 = 0.455,6-14-32-17-6 = 0.091,6-14-32-11-6 = 0.091,6-14-16-38-12-6 = 0.091,6-32-23-29-4 = 0.545,6-10-18-6 = 1.0,6-35-28-16-29-6 = 0.455,6-35-28-32-13-6 = 0.091,6-14-38-12-4 = 0.273,6-32-28-23-19-4 = 0.182,5-22-37-5 = 1.0,5-9-31-24-6 = 1.0,4-15-20-30-4 = 1.0,4-36-21-5 = 1.0,4-26-27-4 = 1.0,6-28-35-23-16-6 = 0.273
91,80,605.225,6.0,4.894,0.333,Prune by UB,,6-10-6 = 1.0,6-18-6 = 1.0,6-32-28-20-30-4 = 0.5,4-25-33-34-4 = 0.5,4-25-33-34-19-4 = 0.5,6-11-17-13-6 = 0.5,6-11-13-6 = 0.5,6-14-38-12-6 = 0.5,6-14-32-17-6 = 0.5,6-35-28-16-29-4 = 0.5,6-35-23-30-4 = 0.5,5-22-37-5 = 1.0,5-9-31-24-6 = 1.0,4-15-20-23-6 = 0.5,4-15-19-4 = 0.5,4-36-21-5 = 1.0,4-26-27-4 = 1.0,6-16-29-38-12-6 = 0.5
63,61,606.141,7.765,7.33,-0.013,Prune by UB,,4-23-20-19-4 = 0.029,4-25-14-12-4 = 0.206,4-25-14-32-6 = 0.059,4-25-33-34-30-4 = 0.088,4-25-33-34-19-4 = 0.647,6-11-17-13-6 = 0.618,6-14-38-29-4 = 0.206,6-14-32-17-6 = 0.382,6-14-32-11-6 = 0.147,6-10-11-13-6 = 0.235,6-10-18-6 = 0.618,6-10-18-13-6 = 0.147,6-35-23-30-4 = 0.235,6-32-28-16-38-12-6 = 0.412,5-31-24-18-6 = 0.235,5-22-36-21-5 = 0.471,5-22-37-5 = 0.529,5-9-21-37-5 = 0.235,5-9-31-24-5 = 0.765,4-34-29-38-12-4 = 0.118,4-15-20-23-5 = 0.471,4-15-20-30-4 = 0.176,4-15-33-38-12-4 = 0.118,4-15-33-38-12-6 = 0.147,4-36-21-5 = 0.294,4-26-27-4 = 0.853,4-15-23-29-4 = 0.088,4-20-30-19-4 = 0.324,4-36-37-5 = 0.235,5-35-23-30-4 = 0.176,5-35-28-16-29-4 = 0.588,4-26-34-27-4 = 0.147
82,47,606.093,5.769,6.525,0.436,Prune by UB,,5-9-5 = 1.0,4-23-20-19-4 = 0.615,4-25-14-32-6 = 0.615,4-25-33-34-30-4 = 0.308,4-25-33-34-19-4 = 0.077,6-11-17-13-6 = 0.923,6-10-31-24-5 = 0.308,6-10-31-24-6 = 0.154,6-10-18-6 = 0.538,6-35-28-16-29-4 = 0.769,6-14-38-12-4 = 0.231,5-31-24-5 = 0.077,5-31-24-18-6 = 0.462,5-22-37-5 = 1.0,4-34-29-38-12-4 = 0.154,4-15-20-30-4 = 0.385,4-15-33-38-12-4 = 0.615,4-36-21-4 = 0.615,4-36-21-5 = 0.385,4-26-27-4 = 0.923,4-34-23-16-29-4 = 0.077,4-14-32-17-6 = 0.077,4-14-32-11-6 = 0.077,4-34-23-30-19-4 = 0.308,5-35-28-32-13-6 = 0.077,5-35-28-32-16-4 = 0.154,4-26-34-27-4 = 0.077
7,6,606.325,6.75,1.028,1.083,Prune by UB,,4-23-20-19-4 = 0.292,4-25-14-12-6 = 0.125,4-25-14-32-6 = 0.125,4-25-33-34-30-4 = 0.042,4-25-33-34-19-4 = 0.708,6-11-17-13-6 = 0.833,6-14-38-12-6 = 0.292,6-14-38-29-4 = 0.125,6-14-32-17-6 = 0.167,6-14-32-11-6 = 0.167,6-10-24-18-6 = 0.5,6-10-18-6 = 0.5,6-35-28-16-29-4 = 0.458,6-35-28-32-13-6 = 0.167,6-35-23-30-4 = 0.375,6-32-28-16-29-4 = 0.125,6-32-28-16-38-12-6 = 0.25,5-22-9-31-24-6 = 0.5,5-9-31-37-5 = 0.5,4-34-29-38-12-6 = 0.083,4-15-20-30-4 = 0.583,4-15-33-38-12-6 = 0.25,4-36-21-4 = 1.0,4-26-27-4 = 1.0,4-15-23-20-4 = 0.125,4-15-23-29-4 = 0.042,4-34-23-16-29-4 = 0.167,4-22-37-5 = 0.5
70,53,606.942,5.111,7.515,0.761,Prune by UB,,6-18-6 = 0.667,4-25-14-32-6 = 0.444,4-25-33-34-30-5 = 0.333,6-11-17-13-6 = 1.0,6-14-38-12-6 = 0.333,6-14-33-34-19-4 = 0.222,6-32-23-20-4 = 0.556,6-10-31-24-6 = 0.111,6-10-18-6 = 0.889,6-35-28-16-29-4 = 1.0,5-22-36-21-5 = 0.111,5-22-37-5 = 0.889,5-9-21-37-5 = 0.111,5-9-31-24-6 = 0.889,4-15-20-30-4 = 0.222,4-15-30-19-4 = 0.222,4-15-33-38-12-6 = 0.444,4-36-21-4 = 0.222,4-36-21-5 = 0.556,4-36-15-19-4 = 0.111,4-26-27-4 = 1.0,4-34-23-30-19-4 = 0.222,4-25-34-38-12-6 = 0.222,6-23-20-19-4 = 0.222
71,54,607.575,5.0,8.189,0.273,Prune by UB,,6-18-6 = 0.667,6-32-28-20-30-4 = 0.667,6-35-16-29-4 = 0.333,4-25-14-32-6 = 0.333,4-25-33-34-19-4 = 0.667,6-11-17-13-6 = 1.0,6-14-38-12-6 = 0.667,6-10-18-6 = 1.0,6-35-28-16-29-4 = 0.333,6-35-23-30-4 = 0.333,5-22-36-21-5 = 0.333,5-22-37-5 = 0.667,5-9-31-24-6 = 1.0,4-34-20-23-16-6 = 0.333,4-15-33-38-12-5 = 0.333,4-36-21-4 = 0.667,4-26-27-4 = 1.0,4-15-19-37-5 = 0.333,4-15-23-29-5 = 0.333
62,46,608.536,7.545,9.756,-0.01,Prune by UB,,5-37-5 = 0.273,6-32-28-20-30-4 = 0.364,4-25-14-32-6 = 0.091,4-25-33-34-19-4 = 0.909,6-11-17-13-6 = 0.545,6-14-38-12-6 = 0.455,6-14-32-17-6 = 0.455,6-10-11-13-6 = 0.455,6-10-18-6 = 0.545,6-35-28-16-29-5 = 0.545,6-35-23-30-4 = 0.455,6-32-28-16-38-12-6 = 0.091,5-31-24-18-6 = 0.455,5-22-36-21-5 = 0.727,5-22-36-26-4 = 0.091,5-22-37-5 = 0.182,5-9-21-37-5 = 0.273,5-9-31-24-6 = 0.545,5-9-37-5 = 0.182,4-15-34-27-4 = 0.091,4-15-20-23-5 = 0.364,4-15-20-23-6 = 0.182,4-15-20-30-4 = 0.091,4-15-30-29-5 = 0.091,4-15-33-38-12-6 = 0.091,4-36-15-19-4 = 0.091,4-26-27-4 = 0.909,4-36-37-5 = 0.091,6-16-29-38-12-6 = 0.364
9,8,608.386,6.5,0.393,0.845,Prune by UB,,4-23-20-19-4 = 0.5,6-35-16-38-12-6 = 0.25,4-25-33-34-30-4 = 0.5,4-25-33-34-19-4 = 0.5,6-11-17-13-6 = 0.75,6-14-32-17-6 = 0.25,6-14-32-11-6 = 0.25,6-10-18-6 = 1.0,6-35-28-16-29-4 = 0.5,6-35-28-32-13-6 = 0.25,6-14-38-12-4 = 0.5,6-32-28-16-38-12-6 = 0.25,5-22-9-31-24-6 = 1.0,4-15-20-30-4 = 0.5,4-36-26-4 = 0.5,4-36-27-4 = 0.5,4-26-27-4 = 0.5,4-15-23-29-4 = 0.5,4-21-37-5 = 1.0
12,10,610.376,5.71,0.244,-0.123,Prune by UB,,4-36-4 = 0.014,4-23-20-19-4 = 0.203,6-32-28-20-30-4 = 0.304,6-35-20-19-4 = 0.116,4-25-14-12-6 = 0.304,4-25-14-32-6 = 0.261,4-25-33-34-19-4 = 0.435,6-11-17-13-6 = 0.957,6-14-38-29-4 = 0.304,6-14-32-17-6 = 0.043,6-14-32-11-6 = 0.043,6-14-32-13-6 = 0.043,6-10-18-6 = 1.0,6-35-28-16-29-4 = 0.391,6-35-23-30-4 = 0.493,6-32-28-16-29-4 = 0.304,5-22-9-31-24-6 = 1.0,4-34-20-23-16-6 = 0.174,4-15-34-27-4 = 0.391,4-15-33-38-12-4 = 0.522,4-15-33-38-12-6 = 0.043,4-36-15-19-4 = 0.043,4-36-26-4 = 0.667,4-36-27-4 = 0.275,4-26-27-4 = 0.333,4-20-30-19-4 = 0.203,4-21-37-5 = 1.0,4-23-16-38-12-6 = 0.13
14,11,617.337,5.97,0.612,-0.03,Prune by UB,,4-23-20-19-4 = 0.394,6-32-28-20-30-4 = 0.273,4-25-14-12-4 = 0.303,4-25-14-12-6 = 0.121,4-25-33-34-30-4 = 0.303,4-25-33-34-19-4 = 0.273,6-11-17-13-6 = 0.879,6-14-38-29-4 = 0.424,6-14-33-34-30-4 = 0.152,6-10-18-6 = 1.0,6-35-28-32-13-6 = 0.121,6-32-28-16-29-4 = 0.364,6-35-32-17-6 = 0.121,6-35-32-11-6 = 0.121,5-22-9-31-24-6 = 1.0,4-34-29-38-12-4 = 0.212,4-15-34-27-4 = 0.061,4-15-20-30-4 = 0.273,4-15-33-38-12-4 = 0.273,4-36-15-19-4 = 0.333,4-36-26-4 = 0.364,4-36-27-4 = 0.303,4-26-27-4 = 0.636,4-15-23-20-4 = 0.061,4-21-37-5 = 1.0,4-35-16-38-12-6 = 0.091,6-28-35-23-16-6 = 0.242,6-35-23-16-6 = 0.303
15,13,624.214,7.0,0.276,-0.312,Prune by UB,,4-36-4 = 0.35,4-23-20-19-4 = 0.8,4-25-14-12-4 = 0.4,4-25-33-34-30-4 = 0.6,6-11-17-13-6 = 1.0,6-14-38-29-4 = 0.4,6-14-33-34-30-4 = 0.2,6-10-31-37-5 = 0.167,6-10-18-6 = 0.667,6-35-28-32-10-24-6 = 0.167,6-32-28-16-29-4 = 0.4,5-31-24-18-6 = 0.333,5-22-9-31-24-5 = 0.167,5-9-37-21-4 = 0.5,4-15-20-30-4 = 0.183,4-15-35-28-32-6 = 0.433,4-15-33-38-12-4 = 0.2,4-36-15-19-4 = 0.183,4-36-26-4 = 0.067,4-36-27-4 = 0.067,4-26-27-4 = 0.933,4-34-23-16-29-4 = 0.2,4-22-21-4 = 0.5,4-20-30-19-4 = 0.017,4-36-37-5 = 0.333,4-35-16-38-12-6 = 0.4,4-22-9-31-24-5 = 0.333
18,16,632.562,7.5,0.95,-0.227,Prune by UB,,4-36-4 = 0.688,4-25-14-12-4 = 0.125,4-25-14-32-6 = 0.5,4-25-33-34-30-4 = 0.125,4-25-33-34-19-4 = 0.25,6-11-17-13-6 = 0.875,6-32-23-20-4 = 0.25,6-10-24-18-6 = 0.125,6-10-24-18-13-6 = 0.125,6-10-31-37-5 = 0.25,6-10-18-6 = 0.125,6-31-24-18-6 = 0.25,6-35-32-17-6 = 0.125,6-35-32-11-6 = 0.125,5-22-21-4 = 0.5,5-9-37-21-4 = 0.5,4-34-29-38-12-4 = 0.25,4-15-20-30-4 = 0.188,4-15-30-19-4 = 0.125,4-15-33-38-12-4 = 0.625,4-36-15-19-4 = 0.062,4-26-27-4 = 1.0,4-34-23-16-29-4 = 0.375,4-14-38-29-4 = 0.125,4-20-30-19-4 = 0.562,4-36-37-5 = 0.25,4-22-9-31-24-5 = 0.5,6-28-35-23-16-6 = 0.375,6-28-35-10-18-6 = 0.375,4-14-28-16-29-4 = 0.25
19,17,633.857,8.667,0.461,-0.0,Prune by UB,,4-36-4 = 0.833,4-23-20-19-4 = 0.167,4-25-33-34-30-4 = 0.167,4-25-33-34-19-4 = 0.5,6-11-17-13-6 = 0.5,6-14-32-17-6 = 0.5,6-10-24-18-13-6 = 0.5,6-14-28-16-29-4 = 0.5,6-35-32-11-6 = 0.5,5-22-9-31-24-6 = 0.5,5-9-31-37-5 = 0.5,4-34-29-38-12-4 = 0.167,4-15-20-30-4 = 0.333,4-15-33-38-12-4 = 0.333,4-36-26-4 = 0.167,4-26-27-4 = 0.833,4-15-23-29-4 = 0.333,4-22-21-4 = 0.5,4-20-30-19-4 = 0.333,4-25-34-27-4 = 0.167,4-25-20-30-4 = 0.167,4-21-37-5 = 0.5,4-23-16-38-12-4 = 0.5,6-28-35-10-18-6 = 0.5
22,20,639.735,6.0,0.501,-2.0,Prune by UB,,4-36-4 = 0.625,4-23-20-19-4 = 0.625,4-25-33-34-30-4 = 0.75,6-11-17-13-6 = 0.5,6-14-32-11-6 = 0.5,6-32-17-13-6 = 0.5,6-10-18-6 = 0.5,6-14-28-16-29-4 = 0.5,5-37-21-4 = 1.0,4-34-29-38-12-4 = 0.25,4-15-33-38-12-4 = 0.25,4-36-15-19-4 = 0.375,4-26-27-4 = 1.0,4-15-23-20-4 = 0.125,4-15-23-29-4 = 0.25,4-25-20-30-4 = 0.25,4-35-16-38-12-6 = 0.5,4-22-9-31-24-5 = 1.0,6-28-35-10-18-6 = 0.5
23,21,641.384,5.667,0.872,-1.333,Prune by UB,,4-27-4 = 0.333,4-23-20-19-4 = 0.333,4-25-33-34-30-4 = 0.167,6-11-17-13-6 = 0.5,6-14-32-11-6 = 0.5,6-10-18-6 = 0.5,6-10-18-13-6 = 0.5,6-35-28-16-29-6 = 0.167,6-14-28-16-29-4 = 0.5,5-37-21-4 = 1.0,4-34-29-38-12-4 = 0.167,4-15-33-38-12-4 = 0.833,4-36-26-4 = 1.0,4-15-23-29-4 = 0.167,4-20-30-19-4 = 0.667,4-25-34-27-4 = 0.667,4-25-23-30-4 = 0.167,4-35-32-17-6 = 0.5,4-22-9-31-24-5 = 1.0,6-28-35-23-16-6 = 0.333
25,24,644.191,6.345,0.89,-0.084,Prune by UB,,6-18-6 = 0.293,4-27-4 = 0.534,4-25-33-34-30-4 = 0.19,4-25-33-34-19-4 = 0.345,6-11-17-13-6 = 0.707,6-14-32-17-6 = 0.293,6-14-32-11-6 = 0.293,6-14-32-13-6 = 0.259,6-32-23-29-4 = 0.155,6-10-24-37-5 = 0.069,5-37-21-4 = 0.862,5-22-9-31-24-5 = 0.069,5-9-37-21-4 = 0.069,4-15-33-38-12-4 = 0.31,4-15-33-38-12-6 = 0.155,4-36-26-4 = 1.0,4-15-23-29-4 = 0.345,4-22-21-4 = 0.069,4-20-30-19-4 = 0.655,4-15-30-16-29-4 = 0.155,4-25-34-27-4 = 0.466,4-22-9-31-24-5 = 0.862,4-35-28-38-12-6 = 0.034,4-15-35-28-13-6 = 0.034,6-14-28-35-10-6 = 0.155,4-23-16-38-12-4 = 0.5,6-28-35-10-18-6 = 0.707,6-28-35-31-10-6 = 0.069,4-20-16-29-4 = 0.345
28,26,646.112,7.625,1.48,0.394,Prune by UB,,4-27-4 = 0.438,4-23-20-19-4 = 0.125,4-25-33-29-4 = 0.062,4-25-33-34-30-4 = 0.188,4-25-33-34-19-4 = 0.125,6-11-17-13-6 = 0.625,6-14-32-17-6 = 0.375,6-14-32-11-6 = 0.375,6-32-23-29-4 = 0.25,6-10-31-24-5 = 0.25,6-10-24-37-5 = 0.25,6-18-13-6 = 0.375,5-22-21-4 = 0.5,5-9-37-21-4 = 0.5,4-34-29-38-12-4 = 0.125,4-15-33-38-12-4 = 0.625,4-36-26-4 = 1.0,4-15-23-29-4 = 0.375,4-20-30-19-4 = 0.75,6-10-31-37-4 = 0.25,4-25-34-27-4 = 0.562,4-25-20-30-4 = 0.062,4-20-29-4 = 0.062,4-23-16-38-12-6 = 0.25,4-22-9-31-24-5 = 0.5,4-35-28-16-18-6 = 0.625,6-14-28-35-10-6 = 0.25,4-35-28-16-29-6 = 0.125
29,27,648.583,7.333,2.004,-0.167,Prune by UB,,4-27-4 = 0.333,4-23-20-19-4 = 0.333,4-25-33-34-30-4 = 0.333,6-11-17-13-6 = 0.667,6-14-32-17-6 = 0.333,6-14-32-29-4 = 0.333,6-14-32-11-6 = 0.333,6-31-24-5 = 0.333,6-10-18-24-5 = 0.333,5-22-21-4 = 0.333,5-9-37-21-4 = 0.667,4-15-33-38-12-4 = 0.667,4-36-26-4 = 1.0,4-15-23-29-4 = 0.333,4-22-37-4 = 0.333,4-20-30-19-4 = 0.667,4-25-34-27-4 = 0.667,4-23-16-38-12-6 = 0.333,4-22-9-31-24-5 = 0.333,4-35-28-16-13-6 = 0.333,4-35-28-16-29-6 = 0.333,6-28-35-10-18-6 = 0.333,6-31-10-18-6 = 0.333
32,30,650.01,6.125,0.072,-0.146,Prune by UB,,4-27-4 = 0.156,4-25-33-34-19-4 = 0.188,6-11-17-13-6 = 0.75,6-14-32-17-6 = 0.25,6-14-32-11-6 = 0.25,6-14-23-30-4 = 0.5,6-32-23-20-4 = 0.5,6-10-18-6 = 0.344,6-10-18-24-5 = 0.25,6-10-18-13-6 = 0.156,5-37-21-4 = 0.5,5-9-37-21-4 = 0.25,4-34-29-38-12-4 = 0.094,4-15-19-4 = 0.187,4-15-33-38-12-4 = 0.812,4-36-26-4 = 1.0,4-37-21-4 = 0.125,4-22-37-4 = 0.125,4-22-21-4 = 0.125,4-20-30-19-4 = 0.5,4-25-34-27-4 = 0.719,5-31-10-18-6 = 0.25,4-22-9-31-24-5 = 0.75,4-35-28-16-13-6 = 0.094,4-35-28-16-29-6 = 0.906,4-25-38-12-4 = 0.094,4-27-19-4 = 0.125
33,31,653.132,6.812,0.171,0.013,Prune by UB,,4-27-4 = 0.812,4-25-33-34-19-4 = 0.875,6-11-17-13-6 = 0.844,6-14-38-29-4 = 0.375,6-14-32-17-6 = 0.156,6-14-32-11-6 = 0.156,6-14-23-30-4 = 0.312,6-32-23-29-4 = 0.438,6-32-23-20-4 = 0.25,6-10-18-6 = 0.031,6-10-18-24-5 = 0.281,6-10-18-13-6 = 0.156,5-37-21-4 = 0.438,5-9-37-21-4 = 0.281,4-15-20-30-4 = 0.625,4-15-33-38-12-6 = 0.125,4-36-26-4 = 0.719,4-37-21-4 = 0.281,4-20-30-19-4 = 0.062,4-25-34-27-4 = 0.125,4-20-29-4 = 0.062,4-35-16-38-12-6 = 0.25,5-31-10-18-6 = 0.281,4-22-9-31-24-5 = 0.719,4-35-28-16-12-6 = 0.375,4-35-28-10-18-6 = 0.25,4-35-28-16-29-6 = 0.125,4-15-28-16-38-12-6 = 0.25,4-27-19-4 = 0.062,4-22-36-26-4 = 0.281
36,34,664.798,7.0,2.616,-0.355,Prune by UB,,4-27-4 = 0.714,4-25-33-34-19-4 = 0.857,6-11-17-13-6 = 0.714,6-14-38-29-4 = 0.429,6-14-32-17-6 = 0.286,6-14-23-30-4 = 0.286,6-32-23-29-4 = 0.429,6-32-23-20-4 = 0.286,6-11-10-18-6 = 0.286,6-10-18-13-6 = 0.286,5-9-31-37-5 = 0.5,4-15-34-27-4 = 0.143,4-15-20-30-4 = 0.714,4-36-26-4 = 1.0,4-22-21-4 = 0.5,4-35-16-38-12-6 = 0.286,4-35-28-16-12-6 = 0.286,4-35-28-10-18-6 = 0.429,4-15-28-16-38-12-6 = 0.143,4-25-33-28-16-12-6 = 0.143,4-31-24-21-4 = 0.5,4-16-29-38-12-6 = 0.143,4-27-19-4 = 0.143,5-22-9-24-37-5 = 0.5
0,0,618.024,0.0,618.024,0.0,Prune by CG,,5-9-5 = 0.455,4-23-20-19-4 = 0.364,4-25-14-12-4 = 0.364,4-25-33-34-30-4 = 0.091,4-25-33-34-19-4 = 0.545,5-22-36-21-4 = 0.091,5-22-36-21-5 = 0.182,5-22-37-5 = 0.727,5-9-31-37-5 = 0.273,4-15-20-30-4 = 0.636,4-15-33-38-12-4 = 0.364,4-36-21-5 = 0.727,4-26-27-4 = 1.0,4-34-23-16-29-4 = 0.364,4-14-38-29-4 = 0.364,5-31-18-24-5 = 0.364,5-31-10-18-5 = 0.364,5-35-28-32-10-24-5 = 0.364,5-11-17-13-5 = 0.818,5-9-10-18-24-5 = 0.273,5-28-32-11-13-5 = 0.182,5-35-23-30-4 = 0.273,5-35-28-16-29-4 = 0.273,5-35-16-38-12-4 = 0.091,5-28-32-16-38-12-4 = 0.182,4-14-32-17-5 = 0.182,4-14-32-16-19-4 = 0.091
0,0,608.516,0.0,608.516,0.0,Prune by CG,,4-23-20-19-4 = 0.417,4-25-33-34-19-4 = 0.25,6-11-17-13-6 = 1.0,6-10-24-18-6 = 0.5,6-10-18-6 = 0.5,6-35-28-16-29-4 = 0.5,6-35-23-30-4 = 0.167,6-32-28-23-30-4 = 0.167,5-22-36-21-5 = 0.5,5-22-37-5 = 0.5,5-9-31-24-6 = 0.5,5-9-31-37-5 = 0.5,4-15-20-30-4 = 0.333,4-15-30-19-4 = 0.083,4-15-35-28-32-6 = 0.333,4-36-21-5 = 0.5,4-26-27-4 = 1.0,4-15-23-20-4 = 0.25,4-25-34-30-19-4 = 0.25,3-14-32-16-12-3 = 0.25,3-14-32-16-38-3 = 0.25,3-33-38-12-3 = 0.25,3-33-34-29-38-3 = 0.5,3-25-14-12-3 = 0.5
0,0,614.736,0.0,614.736,0.0,Prune by CG,,4-23-20-19-4 = 0.25,6-32-28-20-30-4 = 0.333,4-25-33-34-19-4 = 0.25,6-11-17-13-6 = 1.0,6-10-18-6 = 1.0,6-35-28-16-29-4 = 0.5,6-35-23-30-4 = 0.333,4-15-30-19-4 = 0.25,4-15-35-28-32-6 = 0.167,4-36-21-4 = 0.333,4-36-15-19-4 = 0.167,4-36-26-4 = 0.167,4-26-27-4 = 0.833,4-15-23-20-4 = 0.417,4-37-21-4 = 0.667,4-22-9-31-24-6 = 1.0,4-36-37-4 = 0.333,4-25-34-27-4 = 0.167,4-25-34-30-19-4 = 0.083,3-14-32-16-12-3 = 0.25,3-14-32-16-38-3 = 0.25,3-33-38-12-3 = 0.25,3-33-34-29-38-3 = 0.5,3-25-14-12-3 = 0.5
0,0,618.188,0.0,618.188,0.0,Prune by CG,,5-21-37-5 = 0.558,5-22-36-21-5 = 0.442,5-22-36-26-4 = 0.115,5-22-37-5 = 0.442,4-15-20-30-4 = 0.154,4-36-15-19-4 = 0.404,4-36-26-4 = 0.038,4-26-27-4 = 0.846,4-15-30-29-7 = 0.423,4-15-20-23-7 = 0.019,5-31-18-13-5 = 0.308,5-31-10-18-5 = 0.077,5-31-10-24-5 = 0.231,4-25-34-27-4 = 0.154,4-25-20-30-4 = 0.154,4-25-34-30-19-4 = 0.269,5-9-24-18-13-5 = 0.346,5-9-31-10-24-5 = 0.385,7-32-11-17-7 = 0.923,7-14-12-7 = 1.0,5-9-10-18-13-5 = 0.269,7-28-35-23-16-7 = 0.654,7-28-35-20-16-7 = 0.346,7-23-20-19-4 = 0.327,7-32-17-13-5 = 0.038,7-11-17-13-5 = 0.038,3-33-34-29-38-3 = 0.577,7-32-11-10-24-5 = 0.038,3-25-33-38-3 = 0.423
0,0,606.034,0.0,606.034,0.0,Prune by CG,,6-35-20-19-4 = 0.075,4-25-33-34-30-4 = 0.475,4-25-33-34-19-4 = 0.525,6-11-17-13-6 = 0.95,6-10-24-18-6 = 0.2,6-10-18-6 = 0.6,6-31-24-18-6 = 0.2,4-15-20-30-4 = 0.525,4-36-21-4 = 0.6,4-36-15-19-4 = 0.4,4-26-27-4 = 1.0,6-9-37-21-4 = 0.4,4-22-37-4 = 0.4,4-22-9-31-24-6 = 0.6,6-10-31-37-4 = 0.2,4-15-35-28-32-7 = 0.075,7-32-28-16-29-7 = 0.075,7-32-23-29-7 = 0.7,7-32-16-29-38-7 = 0.075,7-14-38-12-7 = 0.925,7-14-12-7 = 0.075,7-28-35-23-16-7 = 0.3,7-28-35-20-16-7 = 0.4,7-28-35-16-29-7 = 0.15,7-32-17-13-6 = 0.025,7-32-11-17-6 = 0.025,7-32-11-13-6 = 0.025
0,0,627.268,0.0,627.268,0.0,Prune by CG,,4-23-20-19-4 = 0.25,5-22-37-5 = 1.0,5-9-31-24-5 = 0.5,4-15-30-19-4 = 0.25,4-36-21-5 = 1.0,4-26-27-4 = 1.0,4-15-23-20-4 = 0.5,4-15-23-29-4 = 0.25,5-31-10-18-5 = 0.5,4-25-34-30-19-4 = 0.25,5-11-17-13-5 = 1.0,5-9-10-18-24-5 = 0.5,5-35-28-16-29-4 = 0.5,5-35-28-32-12-3 = 0.5,3-14-32-16-38-3 = 0.5,3-33-34-29-38-3 = 0.25,3-25-14-12-3 = 0.5,3-25-33-38-3 = 0.25,3-33-34-20-30-4 = 0.25,3-33-34-30-19-4 = 0.25
0,0,629.177,0.0,629.177,0.0,Prune by CG,,4-23-20-19-4 = 0.111,4-25-14-12-6 = 0.111,4-25-33-34-19-4 = 0.889,6-11-17-13-6 = 0.833,6-14-38-12-6 = 0.444,6-14-38-29-4 = 0.111,6-14-32-17-6 = 0.167,6-14-32-11-6 = 0.167,6-32-23-20-4 = 0.222,6-10-18-6 = 0.944,6-10-18-13-6 = 0.056,6-35-28-16-29-4 = 0.556,6-35-28-32-13-6 = 0.111,6-35-23-30-4 = 0.333,6-32-28-16-38-12-6 = 0.333,4-15-20-30-4 = 0.667,4-15-33-38-12-6 = 0.111,4-36-21-4 = 0.5,4-26-27-4 = 1.0,4-15-23-29-4 = 0.222,4-34-23-16-29-4 = 0.111,4-37-21-4 = 0.5,4-22-9-31-24-6 = 1.0,4-36-37-4 = 0.5
0,0,608.068,0.0,608.068,0.0,Prune by CG,,6-35-20-19-4 = 0.25,6-11-17-13-6 = 0.75,6-10-24-18-6 = 0.35,6-10-18-6 = 0.3,6-31-24-18-6 = 0.1,4-15-30-19-4 = 0.25,4-36-21-4 = 0.05,4-36-15-19-4 = 0.5,4-26-27-4 = 1.0,6-9-37-21-4 = 0.45,4-37-21-4 = 0.1,4-22-37-4 = 0.05,4-22-9-31-24-6 = 0.55,4-36-37-4 = 0.05,6-10-31-37-4 = 0.35,4-15-35-28-32-7 = 0.25,4-34-20-23-16-7 = 0.5,7-14-12-7 = 1.0,7-28-35-23-16-7 = 0.5,8-33-34-30-29-8 = 0.5,8-25-29-38-8 = 0.5,8-25-33-38-8 = 0.5,7-32-17-13-6 = 0.25,4-22-36-21-4 = 0.4,7-32-11-18-6 = 0.25,7-32-28-20-30-4 = 0.25
0,0,631.868,0.0,631.868,0.0,Prune by CG,,5-31-37-5 = 0.263,5-22-36-21-5 = 0.632,5-22-37-5 = 0.368,5-37-21-5 = 0.368,5-31-18-13-5 = 0.158,5-31-10-24-5 = 0.421,5-9-24-18-13-5 = 0.421,5-9-31-10-24-5 = 0.158,7-32-11-17-7 = 1.0,7-14-12-7 = 1.0,5-9-10-18-13-5 = 0.421,7-28-35-23-16-7 = 0.579,7-28-35-20-16-7 = 0.421,8-33-38-8 = 0.526,8-33-34-30-29-8 = 0.421,8-25-29-38-8 = 0.053,8-25-20-30-8 = 0.105,8-25-30-29-8 = 0.474,5-26-27-5 = 0.263,5-36-26-34-8 = 0.105,5-36-26-19-5 = 0.263,5-15-27-19-5 = 0.632,8-34-27-19-5 = 0.105,8-20-23-38-8 = 0.421,8-25-15-26-34-8 = 0.368,8-33-20-29-8 = 0.053
0,0,621.114,0.0,621.114,0.0,Prune by CG,,6-11-17-13-6 = 0.832,6-10-24-18-6 = 0.252,6-10-31-24-6 = 0.252,6-10-18-6 = 0.496,6-35-28-32-13-6 = 0.168,5-31-24-18-6 = 0.252,5-22-36-21-5 = 0.496,5-22-37-5 = 0.244,5-9-21-37-5 = 0.504,5-9-31-24-6 = 0.244,5-9-31-37-5 = 0.252,8-14-12-8 = 0.479,8-14-32-17-6 = 0.168,8-14-32-16-38-8 = 0.185,8-14-32-11-6 = 0.168,8-33-38-8 = 0.471,8-33-38-12-8 = 0.21,8-33-34-27-5 = 0.244,8-33-34-30-29-8 = 0.008,8-25-20-30-8 = 0.504,5-36-26-19-5 = 0.244,5-15-27-19-5 = 0.504,8-34-27-19-5 = 0.252,8-20-23-38-8 = 0.134,8-25-15-26-34-8 = 0.496,8-33-20-23-8 = 0.067,8-20-23-16-8 = 0.294,6-35-28-32-12-8 = 0.311,6-35-28-16-29-8 = 0.504,6-28-35-23-16-8 = 0.017,8-23-30-29-8 = 0.487,5-22-36-26-5 = 0.261
0,0,632.64,0.0,632.64,0.0,Prune by CG,,7-14-7 = 0.167,4-25-33-34-4 = 0.583,4-25-33-34-19-4 = 0.417,4-15-20-30-4 = 0.417,4-15-30-29-4 = 0.25,4-36-21-4 = 1.0,4-26-27-4 = 1.0,4-22-37-4 = 0.333,4-22-9-37-4 = 0.25,4-15-30-29-7 = 0.333,7-32-11-17-7 = 1.0,7-14-38-12-7 = 0.833,4-22-31-10-13-7 = 0.083,7-28-35-23-16-7 = 0.583,7-28-35-16-29-7 = 0.25,7-16-29-38-12-7 = 0.167,4-22-9-31-24-4 = 0.333,4-9-31-37-4 = 0.417,7-35-20-19-4 = 0.167,7-23-20-19-4 = 0.417,4-31-18-13-7 = 0.083,4-31-10-18-7 = 0.083,7-28-10-18-13-7 = 0.167,7-10-24-18-13-7 = 0.667
0,0,623.628,0.0,623.628,0.0,Prune by CG,,4-25-33-34-30-4 = 0.333,4-25-33-34-19-4 = 0.667,5-22-37-5 = 1.0,4-15-20-30-4 = 0.667,4-36-21-4 = 1.0,4-26-27-4 = 1.0,5-31-18-13-5 = 0.333,5-31-10-24-5 = 0.333,4-15-23-29-7 = 0.333,5-9-24-18-13-5 = 0.333,5-9-31-10-24-5 = 0.333,7-32-11-17-7 = 1.0,7-14-38-12-7 = 1.0,5-9-10-18-13-5 = 0.333,7-28-35-23-16-7 = 0.333,7-28-35-16-29-7 = 0.667,7-23-20-19-4 = 0.333
0,0,662.104,0.0,662.104,0.0,Prune by CG,,8-33-8 = 0.111,4-23-20-19-4 = 0.222,4-15-30-19-4 = 0.556,4-15-19-4 = 0.222,4-36-21-4 = 0.889,4-26-27-4 = 1.0,4-15-23-20-4 = 0.222,4-36-37-4 = 0.111,4-21-37-4 = 0.111,4-11-17-13-4 = 0.556,4-10-24-18-13-4 = 0.222,4-22-9-24-37-4 = 0.556,4-22-9-31-24-4 = 0.222,4-9-31-37-4 = 0.222,8-14-12-8 = 0.222,8-33-38-8 = 0.444,8-33-34-30-29-8 = 0.444,8-25-29-38-8 = 0.556,8-25-35-28-32-8 = 0.111,8-25-14-12-8 = 0.333,8-34-20-23-16-8 = 0.556,8-35-28-32-12-8 = 0.444,8-14-28-35-16-8 = 0.444,4-31-10-18-4 = 0.556,8-32-11-17-8 = 0.444,4-22-10-18-13-4 = 0.222
0,0,644.857,0.0,644.857,0.0,Prune by CG,,8-33-8 = 0.5,5-37-5 = 0.068,5-21-37-5 = 0.216,5-22-36-21-5 = 0.784,5-22-37-5 = 0.216,5-9-31-37-5 = 0.5,5-31-18-24-5 = 0.25,5-31-10-18-5 = 0.25,5-35-28-32-10-24-5 = 0.25,5-11-17-13-5 = 1.0,5-9-10-18-24-5 = 0.5,8-14-12-8 = 0.625,8-14-32-16-38-8 = 0.375,8-33-38-8 = 0.364,8-33-34-30-29-8 = 0.08,8-25-20-30-8 = 0.432,8-35-28-32-12-8 = 0.375,5-26-27-5 = 0.216,5-36-26-19-5 = 0.216,5-15-27-19-5 = 0.432,8-34-27-19-5 = 0.352,8-20-23-38-8 = 0.261,8-25-15-26-34-8 = 0.568,8-33-20-29-8 = 0.057,8-20-23-16-8 = 0.25,5-35-28-16-29-8 = 0.352,8-35-28-16-29-8 = 0.023,8-23-30-29-8 = 0.489
0,0,629.768,0.0,629.768,0.0,Prune by CG,,4-15-34-27-4 = 0.139,4-15-20-30-4 = 0.528,4-36-21-4 = 0.333,4-36-15-19-4 = 0.333,4-36-26-4 = 0.333,4-26-27-4 = 0.667,4-37-21-4 = 0.667,4-22-37-4 = 0.111,4-22-9-37-4 = 0.056,4-34-20-23-16-7 = 0.194,7-32-11-17-7 = 0.944,7-14-12-7 = 1.0,4-22-31-10-13-7 = 0.056,7-28-35-23-16-7 = 0.75,7-28-35-20-16-7 = 0.056,4-22-9-31-24-4 = 0.167,4-9-31-37-4 = 0.167,8-33-38-8 = 0.139,8-33-34-30-29-8 = 0.472,8-25-29-38-8 = 0.444,8-25-34-27-4 = 0.194,8-25-33-38-8 = 0.361,7-23-20-19-4 = 0.056,7-35-29-38-8 = 0.056,7-28-35-20-8 = 0.139,8-33-20-29-8 = 0.028,7-11-18-13-7 = 0.056,7-32-10-18-13-7 = 0.056,7-28-10-18-17-7 = 0.056,7-10-24-18-13-7 = 0.833,4-22-9-31-19-4 = 0.611
0,0,628.543,0.0,628.543,0.0,Prune by CG,,5-22-21-5 = 0.304,5-22-36-26-4 = 0.13,5-22-37-5 = 0.565,5-9-21-37-5 = 0.043,5-9-31-37-5 = 0.391,4-15-30-19-4 = 0.174,4-36-21-5 = 0.652,4-36-26-4 = 0.217,4-26-27-4 = 0.652,5-31-18-24-5 = 0.261,5-31-10-18-5 = 0.261,5-35-28-32-10-24-5 = 0.087,5-11-17-13-5 = 1.0,5-9-31-10-24-5 = 0.087,5-9-10-18-24-5 = 0.478,8-14-12-8 = 0.609,8-14-32-16-38-8 = 0.391,8-33-38-12-8 = 0.174,8-33-34-27-4 = 0.348,8-33-34-30-19-4 = 0.261,8-25-29-38-8 = 0.435,8-25-20-30-4 = 0.174,8-25-34-30-19-4 = 0.391,8-23-20-19-4 = 0.174,8-35-28-32-10-24-5 = 0.087,8-33-35-28-32-16-8 = 0.217,5-35-28-32-12-8 = 0.217,5-35-28-16-29-8 = 0.391,4-15-20-23-8 = 0.652,4-15-23-29-8 = 0.174
0,0,654.661,0.0,654.661,0.0,Prune by CG,,5-9-5 = 0.455,4-23-20-19-4 = 0.364,4-25-14-12-4 = 0.364,4-25-33-34-30-4 = 0.091,4-25-33-34-19-4 = 0.545,5-22-36-21-5 = 0.273,5-22-37-5 = 0.727,5-9-31-37-5 = 0.273,4-15-20-30-4 = 0.636,4-15-33-38-12-4 = 0.364,4-36-21-4 = 0.091,4-36-21-5 = 0.636,4-26-27-4 = 1.0,4-34-23-16-29-4 = 0.364,4-14-38-29-4 = 0.364,5-31-18-24-5 = 0.364,5-31-10-18-5 = 0.364,5-35-28-32-10-24-5 = 0.364,5-11-17-13-5 = 0.818,5-9-10-18-24-5 = 0.273,5-28-32-11-13-5 = 0.182,5-35-23-30-4 = 0.273,5-35-28-16-29-4 = 0.273,5-35-16-38-12-4 = 0.091,5-28-32-16-38-12-4 = 0.182,4-14-32-17-5 = 0.182,4-14-32-16-19-4 = 0.091
0,0,621.731,0.0,621.731,0.0,Prune by CG,,6-35-20-19-4 = 0.231,6-11-17-13-6 = 1.0,6-10-24-18-6 = 0.154,6-10-18-6 = 0.692,6-31-24-18-6 = 0.154,4-36-15-19-4 = 0.615,4-36-26-4 = 0.077,4-26-27-4 = 0.769,6-9-37-21-4 = 0.308,4-37-21-4 = 0.538,4-22-9-31-24-6 = 0.692,6-10-31-37-4 = 0.154,4-15-23-29-7 = 0.385,4-25-34-27-4 = 0.231,4-25-34-30-19-4 = 0.154,4-25-35-28-32-7 = 0.231,7-32-23-29-7 = 0.077,7-14-38-12-7 = 0.154,7-14-12-7 = 0.846,7-28-35-23-16-7 = 0.538,4-22-36-26-4 = 0.154,4-25-33-38-3 = 0.154,7-32-16-29-38-3 = 0.462,3-25-33-38-3 = 0.231,4-22-36-21-4 = 0.154,3-33-34-20-30-4 = 0.538,7-32-28-20-30-4 = 0.231,3-33-34-30-29-7 = 0.077
0,0,628.543,0.0,628.543,0.0,Prune by CG,,5-22-21-5 = 0.304,5-22-36-21-5 = 0.13,5-22-37-5 = 0.565,5-9-21-37-5 = 0.043,5-9-31-37-5 = 0.391,4-15-30-19-4 = 0.174,4-36-21-5 = 0.522,4-36-26-4 = 0.348,4-26-27-4 = 0.652,5-31-18-24-5 = 0.261,5-31-10-18-5 = 0.261,5-35-28-32-10-24-5 = 0.174,5-11-17-13-5 = 1.0,5-9-31-10-24-5 = 0.087,5-9-10-18-24-5 = 0.478,8-14-12-8 = 0.609,8-14-32-16-38-8 = 0.391,8-33-38-12-8 = 0.174,8-33-34-27-4 = 0.348,8-33-34-30-19-4 = 0.261,8-25-29-38-8 = 0.435,8-25-20-30-4 = 0.174,8-25-34-30-19-4 = 0.391,8-23-20-19-4 = 0.174,8-33-35-28-32-16-8 = 0.217,5-35-28-32-12-8 = 0.217,5-35-28-16-29-8 = 0.304,8-35-28-16-29-8 = 0.087,4-15-20-23-8 = 0.652,4-15-23-29-8 = 0.174
0,0,617.853,0.0,617.853,0.0,Prune by CG,,6-11-17-13-6 = 1.0,6-10-18-6 = 1.0,4-36-15-19-4 = 0.5,4-36-26-4 = 0.5,4-26-27-4 = 0.5,4-37-21-4 = 1.0,4-22-9-31-24-6 = 1.0,8-14-32-16-38-8 = 0.5,8-33-34-27-4 = 0.5,8-33-34-30-19-4 = 0.5,8-25-20-30-4 = 0.5,8-25-14-12-8 = 0.5,8-23-29-38-8 = 0.5,6-35-28-32-12-8 = 0.5,6-35-28-16-29-8 = 0.5,4-15-20-23-8 = 0.5
0,0,615.724,0.0,615.724,0.0,Prune by CG,,6-11-17-13-6 = 1.0,6-10-18-6 = 1.0,4-36-15-19-4 = 0.5,4-36-26-4 = 0.5,4-26-27-4 = 0.5,4-37-21-4 = 1.0,4-22-9-31-24-6 = 1.0,8-14-32-16-38-8 = 0.5,8-33-34-27-4 = 0.5,8-33-34-30-19-4 = 0.5,8-25-20-30-4 = 0.5,8-25-14-12-8 = 0.5,8-23-29-38-8 = 0.5,6-35-28-32-12-8 = 0.5,6-35-28-16-29-8 = 0.5,4-15-20-23-8 = 0.5
0,0,644.158,0.0,644.158,0.0,Prune by CG,,5-9-5 = 0.167,5-22-21-5 = 0.25,5-22-36-21-5 = 0.25,5-22-37-5 = 0.5,5-37-21-5 = 0.5,5-31-18-13-5 = 0.167,5-31-10-18-5 = 0.25,5-31-10-24-5 = 0.333,5-9-24-18-13-5 = 0.417,5-9-31-10-24-5 = 0.25,5-15-30-29-7 = 0.333,7-32-11-17-7 = 0.833,7-14-38-12-7 = 0.5,7-14-12-7 = 0.5,5-9-10-18-13-5 = 0.167,7-28-35-23-16-7 = 0.417,7-28-35-20-16-7 = 0.583,7-32-17-13-5 = 0.083,7-32-11-13-5 = 0.083,7-11-17-13-5 = 0.083,5-26-27-5 = 0.25,5-36-26-19-5 = 0.75,5-15-27-19-5 = 0.25,5-15-20-23-7 = 0.417,7-25-33-38-7 = 0.5,7-33-34-30-29-7 = 0.5,7-25-34-27-5 = 0.5,7-23-30-29-7 = 0.167
0,0,644.836,0.0,644.836,0.0,Prune by CG,,4-15-20-30-4 = 1.0,4-36-26-4 = 1.0,4-37-21-4 = 1.0,7-32-11-17-7 = 1.0,7-14-12-7 = 1.0,7-28-35-23-16-7 = 1.0,4-25-29-38-3 = 1.0,3-33-34-27-4 = 1.0,7-10-24-18-13-7 = 1.0,4-22-9-31-19-4 = 1.0
0,0,653.241,0.0,653.241,0.0,Prune by CG,,4-25-33-34-30-4 = 0.333,4-25-33-34-19-4 = 0.667,4-15-20-30-4 = 0.667,4-36-21-4 = 1.0,4-26-27-4 = 1.0,4-22-37-4 = 0.5,4-22-9-37-4 = 0.5,4-15-23-29-7 = 0.333,7-32-17-13-7 = 0.167,7-32-11-17-7 = 0.667,7-32-11-13-7 = 0.167,7-14-38-12-7 = 1.0,7-28-35-23-16-7 = 0.333,7-28-35-16-29-7 = 0.667,7-11-17-13-7 = 0.167,7-23-20-19-4 = 0.333,2-31-10-18-2 = 0.5,2-24-18-13-2 = 0.5,2-9-31-10-24-2 = 0.5
0,0,639.007,0.0,639.007,0.0,Prune by CG,,6-11-17-13-6 = 1.0,6-10-24-18-6 = 0.273,6-10-31-24-6 = 0.091,6-10-31-37-5 = 0.273,6-10-18-6 = 0.364,5-31-24-18-6 = 0.364,5-22-36-21-5 = 0.273,5-9-21-37-5 = 0.727,5-9-31-24-5 = 0.091,5-9-31-24-6 = 0.182,7-14-12-7 = 1.0,7-28-35-23-16-7 = 0.545,8-33-38-8 = 0.455,8-33-34-30-29-8 = 0.455,8-25-20-30-8 = 0.545,8-25-35-28-32-7 = 0.182,8-20-23-16-7 = 0.091,6-35-28-32-7 = 0.273,5-15-27-19-5 = 0.727,8-34-27-19-5 = 0.273,8-20-23-38-8 = 0.182,8-25-15-26-34-8 = 0.273,8-33-20-29-8 = 0.091,5-22-36-26-5 = 0.727,7-32-16-29-38-8 = 0.364,7-32-23-20-8 = 0.091,7-32-23-29-8 = 0.091
0,0,651.233,0.0,651.233,0.0,Prune by CG,,4-36-15-19-4 = 0.5,4-26-27-4 = 1.0,4-37-21-4 = 0.5,4-22-9-37-4 = 0.5,7-32-11-17-7 = 0.5,7-14-12-7 = 1.0,7-28-35-23-16-7 = 0.5,7-28-35-20-16-7 = 0.5,7-11-17-13-7 = 0.5,8-33-38-8 = 0.5,8-33-34-30-29-8 = 0.5,8-25-29-38-8 = 0.5,8-25-34-30-19-4 = 0.5,4-22-36-21-4 = 0.5,7-32-10-18-13-7 = 0.5,4-15-20-23-8 = 0.5,2-31-18-24-2 = 0.5,2-9-31-10-24-2 = 0.5
0,0,634.743,0.0,634.743,0.0,Prune by CG,,6-35-20-19-4 = 0.032,4-25-33-34-30-4 = 0.387,4-25-33-34-19-4 = 0.613,6-11-17-13-6 = 1.0,6-10-24-18-6 = 0.194,6-10-18-6 = 0.613,6-31-24-18-6 = 0.194,4-15-20-30-4 = 0.548,4-36-21-4 = 0.613,4-36-15-19-4 = 0.355,4-26-27-4 = 1.0,4-22-37-4 = 0.387,4-22-9-31-24-6 = 0.226,4-36-37-4 = 0.032,6-10-31-37-4 = 0.194,4-15-35-28-32-7 = 0.097,7-32-23-29-7 = 0.677,7-32-16-29-38-7 = 0.129,7-14-38-12-7 = 0.839,7-14-12-7 = 0.129,7-28-35-23-16-7 = 0.323,7-28-35-20-16-7 = 0.355,7-28-35-16-29-7 = 0.129,7-16-29-38-12-7 = 0.032,7-14-35-32-7 = 0.032,4-22-9-31-24-2 = 0.387,7-32-28-20-30-4 = 0.065,7-28-35-16-29-4 = 0.032,2-9-37-21-4 = 0.387
0,0,649.122,0.0,649.122,0.0,Prune by CG,,4-23-20-19-4 = 0.274,4-25-14-12-6 = 0.25,4-25-33-34-30-4 = 0.024,4-25-33-34-19-4 = 0.726,6-11-17-13-6 = 0.798,6-14-38-12-6 = 0.095,6-14-38-29-4 = 0.25,6-14-32-17-6 = 0.202,6-14-32-11-6 = 0.202,6-32-23-20-4 = 0.036,6-10-24-18-6 = 0.464,6-10-18-6 = 0.536,6-35-28-16-29-4 = 0.44,6-35-28-32-13-6 = 0.202,6-35-23-30-4 = 0.357,6-32-28-16-38-12-6 = 0.357,5-22-36-21-5 = 0.464,5-22-37-5 = 0.536,5-9-31-24-6 = 0.536,5-9-31-37-5 = 0.464,4-34-29-38-12-6 = 0.048,4-15-20-30-4 = 0.619,4-15-33-38-12-6 = 0.25,4-36-21-5 = 0.536,4-26-27-4 = 1.0,4-15-23-20-4 = 0.071,4-15-23-29-4 = 0.06,4-34-23-16-29-4 = 0.202
0,0,648.071,0.0,648.071,0.0,Prune by CG,,4-23-20-19-4 = 0.233,6-11-17-13-6 = 0.883,6-10-18-6 = 1.0,6-35-28-16-29-4 = 0.517,6-35-28-32-13-6 = 0.117,6-35-23-30-4 = 0.2,4-15-30-19-4 = 0.267,4-36-21-4 = 0.017,4-36-15-19-4 = 0.5,4-36-26-4 = 0.467,4-26-27-4 = 0.533,4-15-23-20-4 = 0.233,4-37-21-4 = 0.983,4-22-9-31-24-6 = 1.0,4-36-37-4 = 0.017,4-25-34-27-4 = 0.183,6-32-16-29-38-3 = 0.15,6-35-28-32-12-3 = 0.167,6-32-28-16-38-12-3 = 0.2,4-23-29-38-3 = 0.333,4-25-14-12-3 = 0.017,4-25-33-38-3 = 0.183,3-14-32-16-38-3 = 0.133,3-25-14-12-3 = 0.617,3-33-34-20-30-4 = 0.533,3-33-34-27-4 = 0.283,3-14-32-11-6 = 0.117,3-14-32-17-6 = 0.117
0,0,662.094,0.0,662.094,0.0,Prune by CG,,8-33-8 = 0.5,5-37-5 = 0.068,5-21-37-5 = 0.216,5-22-36-21-5 = 0.784,5-22-37-5 = 0.216,5-9-31-37-5 = 0.5,5-31-18-24-5 = 0.25,5-31-10-18-5 = 0.25,5-35-28-32-10-24-5 = 0.25,5-11-17-13-5 = 1.0,5-9-10-18-24-5 = 0.5,8-14-12-8 = 0.625,8-14-32-16-38-8 = 0.375,8-33-38-8 = 0.364,8-33-34-30-29-8 = 0.08,8-25-20-30-8 = 0.432,8-35-28-32-12-8 = 0.375,5-26-27-5 = 0.216,5-36-26-19-5 = 0.216,5-15-27-19-5 = 0.432,8-34-27-19-5 = 0.352,8-20-23-38-8 = 0.261,8-25-15-26-34-8 = 0.568,8-33-20-29-8 = 0.057,8-20-23-16-8 = 0.25,5-35-28-16-29-8 = 0.352,8-35-28-16-29-8 = 0.023,8-23-30-29-8 = 0.489
0,0,658.668,0.0,658.668,0.0,Prune by CG,,4-15-30-19-4 = 0.25,4-36-21-4 = 0.5,4-36-26-4 = 0.5,4-26-27-4 = 0.5,4-22-37-4 = 0.5,8-14-12-8 = 0.5,8-14-32-16-38-8 = 0.417,8-33-38-8 = 0.083,8-33-38-12-8 = 0.083,8-33-34-27-4 = 0.167,8-33-34-30-19-4 = 0.5,8-25-29-38-8 = 0.417,8-25-20-30-4 = 0.25,8-25-34-27-4 = 0.333,8-23-20-19-4 = 0.25,8-33-35-28-32-16-8 = 0.167,4-22-9-31-24-2 = 0.5,8-14-28-35-16-8 = 0.083,4-15-20-23-8 = 0.5,4-15-23-29-8 = 0.25,4-35-28-32-12-8 = 0.417,4-35-28-16-29-8 = 0.333,2-31-10-18-2 = 0.5,2-10-18-24-2 = 0.5,2-9-37-21-4 = 0.5,2-11-17-13-2 = 1.0
0,0,663.079,0.0,663.079,0.0,Prune by CG,,4-23-20-19-4 = 0.25,5-22-37-5 = 1.0,5-9-31-24-5 = 0.5,4-15-30-19-4 = 0.25,4-36-21-5 = 1.0,4-26-27-4 = 1.0,4-15-23-20-4 = 0.5,4-15-23-29-4 = 0.25,5-31-10-18-5 = 0.5,4-25-34-30-19-4 = 0.25,5-11-17-13-5 = 1.0,5-9-10-18-24-5 = 0.5,5-35-28-16-29-4 = 0.5,5-35-28-32-12-3 = 0.5,3-14-32-16-38-3 = 0.5,3-33-34-29-38-3 = 0.25,3-25-14-12-3 = 0.5,3-25-33-38-3 = 0.25,3-33-34-20-30-4 = 0.25,3-33-34-30-19-4 = 0.25
0,0,673.246,0.0,673.246,0.0,Prune by CG,,6-32-28-20-30-5 = 0.031,6-11-17-13-6 = 0.875,6-14-38-12-6 = 0.781,6-14-32-17-6 = 0.062,6-14-32-11-6 = 0.125,6-32-23-29-5 = 0.031,6-32-23-20-5 = 0.5,6-10-31-24-6 = 0.094,6-10-18-6 = 0.906,6-35-28-16-29-5 = 0.812,6-35-28-32-13-6 = 0.125,6-32-28-16-38-12-6 = 0.031,6-35-32-17-6 = 0.063,5-21-37-5 = 0.312,5-31-24-18-6 = 0.094,5-22-36-21-5 = 0.5,5-22-37-5 = 0.5,5-9-21-37-5 = 0.188,5-9-31-24-6 = 0.812,6-16-29-38-12-6 = 0.156,5-15-33-38-12-6 = 0.031,5-25-14-32-6 = 0.031,5-26-27-5 = 0.469,5-36-26-19-5 = 0.5,5-15-27-19-5 = 0.5,5-26-34-27-5 = 0.031,5-25-33-34-30-5 = 0.969,5-15-20-23-5 = 0.062,5-15-20-23-6 = 0.406
0,0,668.072,0.0,668.072,0.0,Prune by CG,,5-9-5 = 0.083,5-21-37-5 = 0.5,5-22-21-5 = 0.125,5-22-36-21-5 = 0.375,5-22-37-5 = 0.5,5-31-18-13-5 = 0.25,5-31-10-18-5 = 0.125,5-31-10-24-5 = 0.333,5-9-24-18-13-5 = 0.375,5-9-31-10-24-5 = 0.292,5-15-30-29-7 = 0.125,7-32-11-17-7 = 0.917,7-14-12-7 = 1.0,5-9-10-18-13-5 = 0.25,7-28-35-23-16-7 = 0.5,7-28-35-20-16-7 = 0.5,7-32-17-13-5 = 0.042,7-32-11-13-5 = 0.042,7-11-17-13-5 = 0.042,5-36-26-34-3 = 0.375,7-23-29-38-3 = 0.375,7-23-20-38-3 = 0.125,3-25-33-38-3 = 0.5,5-26-27-5 = 0.25,5-36-26-19-5 = 0.25,5-15-27-19-5 = 0.75,3-33-34-30-29-7 = 0.5,3-25-20-30-5 = 0.375,3-25-15-26-34-3 = 0.125
0,0,641.41,0.0,641.41,0.0,Prune by CG,,6-11-17-13-6 = 0.832,6-10-24-18-6 = 0.252,6-10-31-24-6 = 0.252,6-10-18-6 = 0.496,6-35-28-32-13-6 = 0.168,5-31-24-18-6 = 0.252,5-22-36-21-5 = 0.496,5-22-37-5 = 0.244,5-9-21-37-5 = 0.504,5-9-31-24-6 = 0.244,5-9-31-37-5 = 0.252,8-14-12-8 = 0.479,8-14-32-17-6 = 0.168,8-14-32-16-38-8 = 0.185,8-14-32-11-6 = 0.168,8-33-38-8 = 0.471,8-33-38-12-8 = 0.21,8-33-34-27-5 = 0.244,8-33-34-30-29-8 = 0.008,8-25-20-30-8 = 0.504,5-36-26-19-5 = 0.244,5-15-27-19-5 = 0.504,8-34-27-19-5 = 0.252,8-20-23-38-8 = 0.134,8-25-15-26-34-8 = 0.496,8-33-20-23-8 = 0.067,8-20-23-16-8 = 0.294,6-35-28-32-12-8 = 0.311,6-35-28-16-29-8 = 0.504,6-28-35-23-16-8 = 0.017,8-23-30-29-8 = 0.487,5-22-36-26-5 = 0.261
0,0,661.987,0.0,661.987,0.0,Prune by CG,,5-21-37-5 = 0.368,5-31-37-5 = 0.263,5-22-36-21-5 = 0.632,5-22-37-5 = 0.368,5-31-18-13-5 = 0.158,5-31-10-24-5 = 0.421,5-9-24-18-13-5 = 0.421,5-9-31-10-24-5 = 0.158,7-32-11-17-7 = 1.0,7-14-12-7 = 1.0,5-9-10-18-13-5 = 0.421,7-28-35-23-16-7 = 0.579,7-28-35-20-16-7 = 0.421,8-33-38-8 = 0.526,8-33-34-30-29-8 = 0.421,8-25-29-38-8 = 0.053,8-25-20-30-8 = 0.105,8-25-30-29-8 = 0.474,5-26-27-5 = 0.263,5-36-26-34-8 = 0.105,5-36-26-19-5 = 0.263,5-15-27-19-5 = 0.632,8-34-27-19-5 = 0.105,8-20-23-38-8 = 0.421,8-25-15-26-34-8 = 0.368,8-33-20-29-8 = 0.053
0,0,662.905,0.0,662.905,0.0,Prune by CG,,4-15-20-30-4 = 0.103,4-15-30-19-4 = 0.207,4-36-15-19-4 = 0.69,4-36-26-4 = 0.207,4-26-27-4 = 0.69,4-21-37-4 = 0.828,7-32-11-17-7 = 0.862,7-14-12-7 = 1.0,7-28-35-23-16-7 = 0.586,7-28-35-20-16-7 = 0.103,7-11-17-13-7 = 0.138,4-22-36-26-4 = 0.103,7-23-20-19-4 = 0.103,4-25-33-38-3 = 0.31,4-25-29-38-3 = 0.379,7-23-29-38-3 = 0.31,3-33-34-20-30-4 = 0.69,4-22-9-31-24-2 = 0.828,7-32-10-18-13-7 = 0.138,7-28-35-16-29-4 = 0.31,4-22-31-10-24-2 = 0.069,3-25-34-27-4 = 0.31,2-31-10-18-2 = 0.103,2-10-18-24-2 = 0.034,2-9-37-21-4 = 0.172,2-24-18-13-7 = 0.069,2-10-18-13-7 = 0.655
0,0,650.735,0.0,650.735,0.0,Prune by CG,,6-11-17-13-6 = 1.0,6-10-31-24-5 = 0.1,6-10-31-24-6 = 0.2,6-10-18-6 = 0.7,5-31-24-18-6 = 0.3,5-22-36-21-5 = 0.4,5-22-37-5 = 0.4,5-9-21-37-5 = 0.6,5-9-31-24-5 = 0.4,5-15-30-29-7 = 0.4,7-32-28-23-16-7 = 0.1,7-32-23-29-7 = 0.6,7-14-38-12-7 = 0.6,7-14-12-7 = 0.4,7-28-35-23-16-7 = 0.1,7-28-35-20-16-7 = 0.7,6-35-28-32-7 = 0.1,5-36-26-19-5 = 0.4,5-15-27-19-5 = 0.6,5-22-36-26-5 = 0.2,7-25-33-38-7 = 0.4,7-25-33-34-30-5 = 0.6,5-26-34-27-5 = 0.4,7-32-20-23-7 = 0.2,6-35-20-16-7 = 0.1
0,0,713.151,0.0,713.151,0.0,Prune by CG,,4-36-21-4 = 0.513,4-36-15-19-4 = 0.168,4-36-26-4 = 0.319,4-26-27-4 = 0.681,4-37-21-4 = 0.487,4-11-17-13-4 = 0.333,4-10-24-18-13-4 = 0.122,4-22-9-24-37-4 = 0.391,4-22-9-31-24-4 = 0.214,4-9-31-37-4 = 0.122,4-15-20-23-3 = 0.681,4-15-35-16-38-3 = 0.151,4-35-28-32-12-3 = 0.122,4-35-28-16-29-3 = 0.667,3-14-12-3 = 0.878,3-14-32-16-38-3 = 0.061,3-33-38-3 = 0.47,3-33-23-29-3 = 0.075,3-33-23-16-38-3 = 0.061,3-25-29-38-3 = 0.075,3-33-34-27-4 = 0.319,3-33-34-30-19-4 = 0.075,3-25-34-30-19-4 = 0.606,4-31-18-13-4 = 0.029,4-31-10-18-4 = 0.484,4-9-24-18-13-4 = 0.122,4-22-10-18-13-4 = 0.243,4-22-9-31-19-4 = 0.151,3-25-20-30-4 = 0.319,3-23-29-38-3 = 0.183,3-32-11-17-3 = 0.516,3-32-11-10-24-4 = 0.151,3-14-28-35-16-3 = 0.061,3-28-32-17-13-4 = 0.151
0,0,653.75,0.0,653.75,0.0,Prune by CG,,6-11-17-13-6 = 0.832,6-10-24-18-6 = 0.252,6-10-31-24-6 = 0.252,6-10-18-6 = 0.496,6-35-28-32-13-6 = 0.168,5-31-24-18-6 = 0.252,5-22-36-21-5 = 0.496,5-22-37-5 = 0.244,5-9-21-37-5 = 0.504,5-9-31-24-6 = 0.244,5-9-31-37-5 = 0.252,8-14-12-8 = 0.479,8-14-32-17-6 = 0.168,8-14-32-16-38-8 = 0.185,8-14-32-11-6 = 0.168,8-33-38-8 = 0.471,8-33-38-12-8 = 0.21,8-33-34-27-5 = 0.244,8-33-34-30-29-8 = 0.008,8-25-20-30-8 = 0.504,5-36-26-19-5 = 0.244,5-15-27-19-5 = 0.504,8-34-27-19-5 = 0.252,8-20-23-38-8 = 0.134,8-25-15-26-34-8 = 0.496,8-33-20-23-8 = 0.067,8-20-23-16-8 = 0.294,6-35-28-32-12-8 = 0.311,6-35-28-16-29-8 = 0.504,6-28-35-23-16-8 = 0.017,8-23-30-29-8 = 0.487,5-22-36-26-5 = 0.261
0,0,670.563,0.0,670.563,0.0,Prune by CG,,6-32-28-20-30-5 = 0.232,6-11-17-13-6 = 0.89,6-10-18-6 = 1.0,6-35-28-32-13-6 = 0.11,6-35-23-30-5 = 0.232,5-21-37-5 = 0.61,5-22-36-21-5 = 0.256,5-22-37-5 = 0.39,5-9-31-24-6 = 1.0,6-28-35-23-16-6 = 0.293,5-20-23-38-3 = 0.146,6-32-16-29-38-3 = 0.39,6-35-28-32-12-3 = 0.049,6-35-28-16-29-3 = 0.317,5-23-29-38-3 = 0.195,3-33-38-12-3 = 0.171,3-25-14-12-3 = 0.78,3-25-29-38-3 = 0.049,5-36-26-19-5 = 0.39,5-15-26-21-5 = 0.134,5-15-27-19-5 = 0.61,5-22-36-26-5 = 0.354,3-14-32-11-6 = 0.11,3-14-32-17-6 = 0.11,5-15-20-23-5 = 0.134,3-25-20-30-5 = 0.049,3-25-15-26-34-3 = 0.122,3-34-30-29-38-3 = 0.049,3-33-34-20-30-5 = 0.439,3-33-34-27-5 = 0.39
0,0,680.514,0.0,680.514,0.0,Prune by CG,,8-33-8 = 0.5,5-37-5 = 0.068,5-21-37-5 = 0.216,5-22-36-21-5 = 0.784,5-22-37-5 = 0.216,5-9-31-37-5 = 0.5,5-31-18-24-5 = 0.25,5-31-10-18-5 = 0.25,5-35-28-32-10-24-5 = 0.25,5-11-17-13-5 = 1.0,5-9-10-18-24-5 = 0.5,8-14-12-8 = 0.625,8-14-32-16-38-8 = 0.375,8-33-38-8 = 0.364,8-33-34-30-29-8 = 0.08,8-25-20-30-8 = 0.432,8-35-28-32-12-8 = 0.375,5-26-27-5 = 0.216,5-36-26-19-5 = 0.216,5-15-27-19-5 = 0.432,8-34-27-19-5 = 0.352,8-20-23-38-8 = 0.261,8-25-15-26-34-8 = 0.568,8-33-20-29-8 = 0.057,8-20-23-16-8 = 0.25,5-35-28-16-29-8 = 0.352,8-35-28-16-29-8 = 0.023,8-23-30-29-8 = 0.489
0,0,686.849,0.0,686.849,0.0,Prune by CG,,4-36-21-4 = 0.5,4-36-26-4 = 0.25,4-26-27-4 = 0.75,4-37-21-4 = 0.5,4-36-37-4 = 0.25,4-11-17-13-4 = 0.25,4-22-9-24-37-4 = 0.25,4-22-9-31-24-4 = 0.25,8-14-12-8 = 0.75,8-33-38-8 = 0.5,8-33-34-27-4 = 0.25,8-33-34-30-19-4 = 0.25,8-25-20-30-4 = 0.25,8-25-34-30-19-4 = 0.5,8-25-14-12-8 = 0.25,8-23-29-38-8 = 0.25,8-28-32-17-13-4 = 0.25,4-31-10-18-4 = 0.5,4-9-24-18-13-4 = 0.25,8-32-11-17-8 = 0.5,8-32-11-10-24-4 = 0.25,4-22-10-18-13-4 = 0.25,4-22-9-31-19-4 = 0.25,4-15-20-23-8 = 0.75,4-35-28-16-29-8 = 0.75,4-15-35-16-38-8 = 0.25
0,0,730.93,0.0,730.93,0.0,Prune by CG,,2-9-2 = 0.2,4-36-4 = 0.05,4-23-20-19-4 = 0.45,4-25-14-12-4 = 0.2,4-25-33-34-30-4 = 0.5,4-25-33-34-19-4 = 0.3,4-34-29-38-12-4 = 0.2,4-15-20-30-4 = 0.4,4-15-33-38-12-4 = 0.2,4-36-21-4 = 0.537,4-36-15-19-4 = 0.25,4-26-27-4 = 1.0,4-15-23-20-4 = 0.15,4-14-38-29-4 = 0.2,4-35-23-30-4 = 0.1,4-35-28-16-29-4 = 0.263,4-23-16-38-12-4 = 0.3,4-14-32-11-2 = 0.3,2-31-10-18-2 = 0.5,2-10-18-24-2 = 0.5,2-9-31-24-2 = 0.362,2-22-9-31-24-2 = 0.138,2-9-37-21-4 = 0.3,4-35-28-32-13-2 = 0.3,2-11-17-13-2 = 0.7,4-14-32-17-2 = 0.3,2-22-37-2 = 0.7,2-22-36-21-4 = 0.163,2-32-28-16-38-12-4 = 0.1,2-35-28-16-29-4 = 0.337
0,0,674.277,0.0,674.277,0.0,Prune by CG,,5-9-5 = 0.167,5-21-37-5 = 0.5,5-22-21-5 = 0.25,5-22-36-21-5 = 0.25,5-22-37-5 = 0.5,5-31-18-13-5 = 0.167,5-31-10-18-5 = 0.25,5-31-10-24-5 = 0.333,5-9-24-18-13-5 = 0.417,5-9-31-10-24-5 = 0.25,5-15-30-29-7 = 0.333,7-32-11-17-7 = 0.833,7-14-38-12-7 = 0.5,7-14-12-7 = 0.5,5-9-10-18-13-5 = 0.167,7-28-35-23-16-7 = 0.417,7-28-35-20-16-7 = 0.583,7-32-17-13-5 = 0.083,7-32-11-13-5 = 0.083,7-11-17-13-5 = 0.083,5-26-27-5 = 0.25,5-36-26-19-5 = 0.75,5-15-27-19-5 = 0.25,5-15-20-23-7 = 0.417,7-25-33-38-7 = 0.5,7-33-34-30-29-7 = 0.5,7-25-34-27-5 = 0.5,7-23-30-29-7 = 0.167
0,0,668.141,0.0,668.141,0.0,Prune by CG,,6-11-17-13-6 = 1.0,6-10-24-18-6 = 0.333,6-10-31-24-6 = 0.167,6-10-18-6 = 0.5,5-31-24-18-6 = 0.167,5-22-36-21-5 = 0.667,5-22-37-5 = 0.333,5-9-21-37-5 = 0.333,5-9-31-24-5 = 0.222,5-9-31-24-6 = 0.111,5-9-31-37-5 = 0.333,7-14-12-7 = 1.0,7-28-35-23-16-7 = 0.444,7-28-35-20-16-7 = 0.278,6-35-29-38-3 = 0.056,6-35-23-38-3 = 0.056,5-36-26-34-3 = 0.111,7-32-16-29-38-3 = 0.278,7-23-29-38-3 = 0.056,3-25-33-38-3 = 0.556,5-26-27-5 = 0.333,5-36-26-19-5 = 0.222,5-15-27-19-5 = 0.667,3-33-34-30-29-7 = 0.444,7-32-20-23-7 = 0.444,7-32-28-20-30-5 = 0.278,3-25-34-30-19-5 = 0.111,3-25-15-26-34-3 = 0.333,6-35-30-29-7 = 0.167
0,0,675.525,0.0,675.525,0.0,Prune by CG,,4-15-30-19-4 = 0.25,4-36-21-4 = 0.5,4-36-26-4 = 0.5,4-26-27-4 = 0.5,4-22-37-4 = 0.5,8-14-12-8 = 0.5,8-14-32-16-38-8 = 0.417,8-33-38-8 = 0.083,8-33-38-12-8 = 0.083,8-33-34-27-4 = 0.5,8-33-34-30-19-4 = 0.167,8-25-29-38-8 = 0.417,8-25-20-30-4 = 0.25,8-25-34-30-19-4 = 0.333,8-23-20-19-4 = 0.25,8-33-35-28-32-16-8 = 0.167,4-22-9-31-24-2 = 0.5,8-14-28-35-16-8 = 0.083,4-15-20-23-8 = 0.5,4-15-23-29-8 = 0.25,4-35-28-32-12-8 = 0.417,4-35-28-16-29-8 = 0.333,2-31-10-18-2 = 0.5,2-10-18-24-2 = 0.5,2-9-37-21-4 = 0.5,2-11-17-13-2 = 1.0
0,0,697.78,0.0,697.78,0.0,Prune by CG,,8-33-8 = 0.326,6-11-17-13-6 = 0.721,6-10-31-24-6 = 0.302,6-10-18-6 = 0.628,6-35-28-32-13-6 = 0.279,6-31-24-18-6 = 0.372,6-9-21-37-6 = 0.674,6-22-9-31-24-6 = 0.256,8-14-12-8 = 0.442,8-14-32-17-6 = 0.279,8-14-32-11-6 = 0.279,8-33-38-12-8 = 0.558,8-25-35-28-32-6 = 0.163,8-25-30-29-8 = 0.442,8-34-27-19-8 = 0.488,8-34-27-30-8 = 0.116,8-20-23-38-8 = 0.442,8-25-15-26-34-8 = 0.395,8-15-27-30-8 = 0.395,8-33-20-23-8 = 0.116,8-20-23-16-8 = 0.442,6-35-28-16-29-8 = 0.558,6-36-26-19-6 = 0.186,6-36-26-19-8 = 0.07,6-22-36-21-6 = 0.326,6-22-36-26-8 = 0.349,6-22-36-9-24-6 = 0.07,6-10-31-37-6 = 0.07,8-15-19-37-6 = 0.209,8-30-19-37-6 = 0.047
0,0,710.578,0.0,710.578,0.0,Prune by CG,,3-33-3 = 0.591,5-37-5 = 0.293,5-22-36-21-5 = 0.759,5-22-37-5 = 0.241,5-37-21-5 = 0.153,5-9-31-37-5 = 0.312,5-31-18-24-5 = 0.25,5-31-10-18-5 = 0.25,5-35-28-32-10-24-5 = 0.062,5-11-17-13-5 = 1.0,5-9-31-10-24-5 = 0.188,5-9-10-18-24-5 = 0.5,5-35-28-32-12-3 = 0.469,5-35-28-16-29-3 = 0.378,3-14-12-3 = 0.531,3-14-32-16-38-3 = 0.378,3-14-32-28-16-3 = 0.091,3-33-23-16-38-3 = 0.082,5-26-27-5 = 0.241,5-36-26-19-5 = 0.241,5-15-26-21-5 = 0.088,5-15-27-19-5 = 0.483,3-34-27-19-5 = 0.276,3-25-20-30-5 = 0.571,3-25-15-26-34-3 = 0.429,3-34-30-29-38-3 = 0.224,3-34-20-23-16-3 = 0.071,3-23-29-38-3 = 0.284,3-33-20-23-3 = 0.327,3-23-30-29-3 = 0.114,3-20-23-38-3 = 0.031,5-35-23-30-5 = 0.091
0,0,698.731,0.0,698.731,0.0,Prune by CG,,8-33-8 = 0.5,5-37-5 = 0.068,5-21-37-5 = 0.216,5-22-36-21-5 = 0.784,5-22-37-5 = 0.216,5-9-31-37-5 = 0.5,5-31-18-24-5 = 0.25,5-31-10-18-5 = 0.25,5-35-28-32-10-24-5 = 0.25,5-11-17-13-5 = 1.0,5-9-10-18-24-5 = 0.5,8-14-12-8 = 0.625,8-14-32-16-38-8 = 0.375,8-33-38-8 = 0.364,8-33-34-30-29-8 = 0.08,8-25-20-30-8 = 0.432,8-35-28-32-12-8 = 0.023,5-26-27-5 = 0.216,5-36-26-19-5 = 0.216,5-15-27-19-5 = 0.432,8-34-27-19-5 = 0.352,8-20-23-38-8 = 0.261,8-25-15-26-34-8 = 0.568,8-33-20-29-8 = 0.057,8-20-23-16-8 = 0.25,5-35-28-32-12-8 = 0.352,8-35-28-16-29-8 = 0.375,8-23-30-29-8 = 0.489
0,0,693.542,0.0,693.542,0.0,Prune by CG,,6-32-28-20-30-5 = 0.031,6-11-17-13-6 = 0.875,6-14-38-12-6 = 0.781,6-14-32-17-6 = 0.062,6-14-32-11-6 = 0.125,6-32-23-29-5 = 0.031,6-32-23-20-5 = 0.5,6-10-31-24-6 = 0.094,6-10-18-6 = 0.906,6-35-28-16-29-5 = 0.812,6-35-28-32-13-6 = 0.125,6-32-28-16-38-12-6 = 0.031,6-35-32-17-6 = 0.063,5-21-37-5 = 0.312,5-31-24-18-6 = 0.094,5-22-36-21-5 = 0.5,5-22-37-5 = 0.5,5-9-21-37-5 = 0.188,5-9-31-24-6 = 0.812,6-16-29-38-12-6 = 0.156,5-15-33-38-12-6 = 0.031,5-25-14-32-6 = 0.031,5-26-27-5 = 0.469,5-36-26-19-5 = 0.5,5-15-27-19-5 = 0.5,5-26-34-27-5 = 0.031,5-25-33-34-30-5 = 0.969,5-15-20-23-5 = 0.062,5-15-20-23-6 = 0.406
0,0,701.249,0.0,701.249,0.0,Prune by CG,,6-11-17-13-6 = 0.825,6-10-31-24-6 = 0.25,6-10-18-6 = 0.618,6-31-24-18-6 = 0.382,6-9-21-37-6 = 0.632,6-22-9-31-24-6 = 0.237,7-14-12-7 = 1.0,7-28-35-23-16-7 = 0.241,7-28-35-20-16-7 = 0.364,8-33-38-8 = 0.645,8-25-30-29-8 = 0.167,8-23-29-38-8 = 0.136,8-25-35-28-32-7 = 0.333,7-32-17-13-6 = 0.088,7-32-11-17-6 = 0.088,7-32-11-13-6 = 0.088,8-34-27-30-16-7 = 0.395,7-35-23-30-8 = 0.061,8-34-27-19-8 = 0.026,8-34-27-30-8 = 0.079,8-20-23-38-8 = 0.219,8-25-15-26-34-8 = 0.5,8-33-20-29-8 = 0.355,7-32-23-29-8 = 0.342,7-32-28-20-30-8 = 0.061,6-36-26-19-8 = 0.237,6-22-36-21-6 = 0.368,6-22-36-26-8 = 0.263,6-22-36-9-24-6 = 0.132,6-10-31-37-6 = 0.132,8-15-27-19-8 = 0.5,8-30-19-37-6 = 0.237
0,0,709.188,0.0,709.188,0.0,Prune by CG,,6-11-17-13-6 = 0.745,6-10-31-24-6 = 0.422,6-10-18-6 = 0.578,6-35-28-32-13-6 = 0.255,6-31-24-18-6 = 0.422,8-14-12-8 = 0.49,8-14-32-17-6 = 0.255,8-14-32-11-6 = 0.255,8-33-38-8 = 0.559,8-33-38-12-8 = 0.314,8-25-20-30-8 = 0.255,8-25-35-28-32-6 = 0.039,8-25-30-29-8 = 0.235,8-34-27-19-8 = 0.373,8-34-27-30-8 = 0.157,8-20-23-38-8 = 0.127,8-25-15-26-34-8 = 0.471,8-33-20-23-8 = 0.127,8-20-23-16-8 = 0.49,6-35-28-32-12-8 = 0.196,6-35-28-16-29-8 = 0.51,8-23-30-29-8 = 0.255,2-22-36-21-2 = 0.314,8-15-27-19-8 = 0.471,8-15-19-37-6 = 0.059,8-30-19-37-6 = 0.098,2-9-37-21-2 = 0.686,2-9-31-37-2 = 0.157,2-22-36-9-24-2 = 0.157,2-22-36-26-2 = 0.529
0,0,709.158,0.0,709.158,0.0,Prune by CG,,4-26-4 = 0.167,4-23-20-19-4 = 0.333,4-15-30-19-4 = 0.5,4-15-19-4 = 0.167,4-36-21-4 = 0.5,4-36-26-4 = 0.5,4-26-27-4 = 0.333,4-15-23-20-4 = 0.167,4-15-23-29-4 = 0.167,4-22-37-4 = 0.5,4-35-28-16-29-4 = 0.5,4-25-20-30-4 = 0.167,4-23-29-38-3 = 0.333,4-25-14-12-3 = 0.167,4-35-28-32-12-3 = 0.5,3-14-32-16-38-3 = 0.5,3-25-14-12-3 = 0.333,3-25-33-38-3 = 0.167,3-33-34-20-30-4 = 0.333,3-33-34-27-4 = 0.5,4-22-9-31-24-2 = 0.5,3-25-34-27-4 = 0.167,2-31-10-18-2 = 0.5,2-10-18-24-2 = 0.5,2-9-37-21-4 = 0.5,2-11-17-13-2 = 1.0
0,0,690.859,0.0,690.859,0.0,Prune by CG,,6-32-28-20-30-5 = 0.232,6-11-17-13-6 = 0.89,6-10-18-6 = 1.0,6-35-28-32-13-6 = 0.11,6-35-23-30-5 = 0.232,5-21-37-5 = 0.61,5-22-36-21-5 = 0.256,5-22-37-5 = 0.39,5-9-31-24-6 = 1.0,6-28-35-23-16-6 = 0.293,5-20-23-38-3 = 0.146,6-32-16-29-38-3 = 0.39,6-35-28-32-12-3 = 0.049,6-35-28-16-29-3 = 0.317,5-23-29-38-3 = 0.195,3-33-38-12-3 = 0.171,3-25-14-12-3 = 0.78,3-25-29-38-3 = 0.049,5-36-26-19-5 = 0.39,5-15-26-21-5 = 0.134,5-15-27-19-5 = 0.61,5-22-36-26-5 = 0.354,3-14-32-11-6 = 0.11,3-14-32-17-6 = 0.11,5-15-20-23-5 = 0.134,3-25-20-30-5 = 0.049,3-25-15-26-34-3 = 0.122,3-34-30-29-38-3 = 0.049,3-33-34-20-30-5 = 0.439,3-33-34-27-5 = 0.39
0,0,704.709,0.0,704.709,0.0,Prune by CG,,5-9-5 = 0.083,5-21-37-5 = 0.5,5-22-21-5 = 0.125,5-22-36-21-5 = 0.375,5-22-37-5 = 0.5,5-31-18-13-5 = 0.25,5-31-10-18-5 = 0.125,5-31-10-24-5 = 0.333,5-9-24-18-13-5 = 0.375,5-9-31-10-24-5 = 0.292,5-15-30-29-7 = 0.125,7-32-11-17-7 = 0.917,7-14-12-7 = 1.0,5-9-10-18-13-5 = 0.25,7-28-35-23-16-7 = 0.5,7-28-35-20-16-7 = 0.5,7-32-17-13-5 = 0.042,7-32-11-13-5 = 0.042,7-11-17-13-5 = 0.042,5-36-26-34-3 = 0.375,7-23-29-38-3 = 0.375,7-23-20-38-3 = 0.125,3-25-33-38-3 = 0.5,5-26-27-5 = 0.25,5-36-26-19-5 = 0.25,5-15-27-19-5 = 0.75,3-33-34-30-29-7 = 0.5,3-25-20-30-5 = 0.375,3-25-15-26-34-3 = 0.125
